TradDt,BizDt,Sgmt,Src,FinInstrmTp,FinInstrmId,ISIN,TckrSymb,SctySrs,XpryDt,FininstrmActlXpryDt,StrkPric,OptnTp,FinInstrmNm,OpnPric,HghPric,LwPric,ClsPric,LastPric,PrvsClsgPric,UndrlygPric,SttlmPric,OpnIntrst,ChngInOpnIntrst,TtlTradgVol,TtlTrfVal,TtlNbOfTxsExctd,SsnId,NewBrdLotQty,Rmks,Rsvd1,Rsvd2,Rsvd3,Rsvd4
2026-07-13,2026-07-13,CM,NSE,STK,19078,IN0020200104,SGBJUN28,GB,,,,,2.5%GOLDBONDS2028SR-III,14101.0,14170.0,14101.0,14129.86,14115.0,14298.77,,14095.93,,,24,338743.07,10,F1,1,,,,,
2026-07-13,2026-07-13,CM,NSE,STK,1342,IN0020200286,SGBN28VIII,GB,,,,,2.5%GOLDBONDS2028SR-VIII,14203.2,14203.2,14110.01,14169.98,14169.99,14340.89,,14169.98,,,53,750635.64,19,F1,1,,,,,
2026-07-13,2026-07-13,CM,NSE,STK,3742,IN0020210053,SGBMAY29I,GB,,,,,2.5%GOLDBONDS2029SR-I,14056.0,14198.0,14056.0,14154.28,14188.99,14307.33,,14148.12,,,376,5327343.93,58,F1,1,,,,,
2026-07-13,2026-07-13,CM,NSE,STK,3743,IN0020210061,SGBJUN29II,GB,,,,,2.5%GOLDBONDS2029SR-II,14035.5,14198.0,14035.5,14150.0,14150.0,14305.0,,14172.57,,,46,650604.32,20,F1,1,,,,,
2026-07-13,2026-07-13,CM,NSE,STK,3800,IN0020210087,SGBJU29III,GB,,,,,2.5%GOLDBONDS2029SR-III,14279.0,14279.0,14021.0,14129.71,14125.0,14280.0,,14129.71,,,152,2149055.6,49,F1,1,,,,,
2026-07-13,2026-07-13,CM,NSE,STK,5575,IN0020210145,SGBSEP29VI,GB,,,,,2.5%GOLDBONDS2029SR-VI,14300.0,14300.0,14165.0,14165.0,14165.0,14365.0,,14158.84,,,21,297923.0,7,F1,1,,,,,
2026-07-13,2026-07-13,CM,NSE,STK,6518,IN0020210178,SGBNV29VII,GB,,,,,2.5%GOLDBONDS2029SR-VII,14249.0,14249.0,14067.0,14156.07,14174.99,14298.31,,14139.04,,,58,820684.21,24,F1,1,,,,,
2026-07-13,2026-07-13,CM,NSE,STK,7654,IN0020180389,SGBDEC26,GB,,,,,2.50%GOLDBONDS2026SR-IV,14250.0,14250.0,14250.0,14250.0,14250.0,14300.0,,14250.0,,,1,14250.0,1,F1,1,,,,,
2026-07-13,2026-07-13,CM,NSE,STK,10261,IN0020190073,SGBJUN27,GB,,,,,2.50%GOLDBONDS2027SR-I,14145.0,14150.0,14145.0,14150.0,14150.0,14298.01,,14150.0,,,16,226370.0,9,F1,1,,,,,
2026-07-13,2026-07-13,CM,NSE,STK,11154,IN0020190081,SGBJUL27,GB,,,,,2.50%GOLDBONDS2027SR-II,14250.0,14250.0,13904.01,14150.0,14150.0,14232.0,,14150.0,,,33,469751.0,4,F1,1,,,,,
2026-07-13,2026-07-13,CM,NSE,STK,13209,IN0020190115,SGBSEP27,GB,,,,,2.50%GOLDBONDS2027SR-IV,14249.99,14249.99,14021.61,14125.6,14110.0,14250.0,,14125.6,,,32,450736.63,7,F1,1,,,,,
2026-07-13,2026-07-13,CM,NSE,STK,8766,IN0020180561,SGBFEB27,GB,,,,,2.50%GOLDBONDS2027SR-VI,14011.01,14199.86,14010.0,14198.99,14198.99,14380.0,,14198.99,,,74,1042301.53,17,F1,1,,,,,
2026-07-13,2026-07-13,CM,NSE,STK,14252,IN0020190388,SGBOCT27VI,GB,,,,,2.50%GOLDBONDS2027SR-VI,14170.0,14170.0,14170.0,14170.0,14170.0,14320.9,,14170.0,,,2,28340.0,1,F1,1,,,,,
2026-07-13,2026-07-13,CM,NSE,STK,15432,IN0020190461,SGBDC27VII,GB,,,,,2.50%GOLDBONDS2027SR-VII,14229.99,14250.0,14031.02,14151.46,14151.0,14365.65,,14151.46,,,79,1118962.12,14,F1,1,,,,,
2026-07-13,2026-07-13,CM,NSE,STK,18862,IN0020200062,SGBAPR28I,GB,,,,,2.50%GOLDBONDS2028SR-I,14200.0,14221.0,14064.0,14162.7,14152.01,14311.28,,14124.87,,,323,4580206.99,57,F1,1,,,,,
2026-07-13,2026-07-13,CM,NSE,STK,18972,IN0020200088,SGBMAY28,GB,,,,,2.50%GOLDBONDS2028SR-II,14056.0,14180.0,14050.0,14121.62,14111.31,14295.61,,14121.62,,,193,2721940.0,49,F1,1,,,,,
2026-07-13,2026-07-13,CM,NSE,STK,22242,IN0020200146,SGBJUL28IV,GB,,,,,2.50%GOLDBONDS2028SR-IV,14199.99,14199.99,14101.0,14138.0,14138.0,14337.4,,14145.06,,,211,2981784.93,35,F1,1,,,,,
2026-07-13,2026-07-13,CM,NSE,STK,17664,IN0020190545,SGBFEB28IX,GB,,,,,2.50%GOLDBONDS2028SR-IX,14300.0,14300.0,14300.0,14300.0,14300.0,14450.0,,14315.0,,,3,42900.0,2,F1,1,,,,,
2026-07-13,2026-07-13,CM,NSE,STK,22385,IN0020200161,SGBAUG28V,GB,,,,,2.50%GOLDBONDS2028SR-V,14298.69,14298.69,14120.0,14200.38,14190.0,14319.57,,14195.09,,,762,10814620.21,122,F1,1,,,,,
2026-07-13,2026-07-13,CM,NSE,STK,149,IN0020200195,SGBSEP28VI,GB,,,,,2.50%GOLDBONDS2028SR-VI,14306.51,14306.51,14100.0,14150.0,14150.0,14306.51,,14150.0,,,223,3161812.42,44,F1,1,,,,,
2026-07-13,2026-07-13,CM,NSE,STK,834,IN0020200203,SGBOC28VII,GB,,,,,2.50%GOLDBONDS2028SR-VII,14197.99,14197.99,14117.06,14149.95,14150.0,14326.72,,14149.95,,,92,1300883.73,37,F1,1,,,,,
2026-07-13,2026-07-13,CM,NSE,STK,18451,IN0020190552,SGBMAR28X,GB,,,,,2.50%GOLDBONDS2028SR-X,14051.0,14300.0,14007.0,14300.0,14300.0,14330.0,,14300.0,,,8,113294.97,7,F1,1,,,,,
2026-07-13,2026-07-13,CM,NSE,STK,5113,IN0020210111,SGBJUL29IV,GB,,,,,2.50%GOLDBONDS2029SR-IV,14200.0,14221.0,14170.0,14200.62,14218.0,14343.19,,14202.55,,,92,1306828.4,27,F1,1,,,,,
2026-07-13,2026-07-13,CM,NSE,STK,1920,IN0020200377,SGBJAN29IX,GB,,,,,2.50%GOLDBONDS2029SR-IX,14189.9,14189.9,14111.0,14120.0,14120.0,14251.06,,14120.0,,,132,1867079.13,44,F1,1,,,,,
2026-07-13,2026-07-13,CM,NSE,STK,5455,IN0020210129,SGBAUG29V,GB,,,,,2.50%GOLDBONDS2029SR-V,14369.0,14369.0,14200.1,14270.66,14270.0,14378.84,,14272.62,,,27,385019.06,13,F1,1,,,,,
2026-07-13,2026-07-13,CM,NSE,STK,7098,IN0020210228,SGBD29VIII,GB,,,,,2.50%GOLDBONDS2029SR-VIII,14025.01,14369.69,14025.01,14181.33,14181.0,14400.0,,14176.21,,,134,1900119.84,31,F1,1,,,,,
2026-07-13,2026-07-13,CM,NSE,STK,2003,IN0020200385,SGBJAN29X,GB,,,,,2.50%GOLDBONDS2029SR-X,14180.0,14205.0,14101.0,14203.57,14205.0,14379.8,,14203.57,,,58,821963.95,23,F1,1,,,,,
2026-07-13,2026-07-13,CM,NSE,STK,2200,IN0020200393,SGBFEB29XI,GB,,,,,2.50%GOLDBONDS2029SR-XI,14239.0,14239.0,14110.01,14218.66,14237.99,14299.57,,14218.66,,,23,325987.97,6,F1,1,,,,,
2026-07-13,2026-07-13,CM,NSE,STK,2810,IN0020200427,SGBMR29XII,GB,,,,,2.50%GOLDBONDS2029SR-XII,14052.0,14199.99,14052.0,14165.91,14160.01,14305.0,,14165.91,,,367,5198270.42,73,F1,1,,,,,
2026-07-13,2026-07-13,CM,NSE,STK,10232,IN0020220045,SGBJUN30,GB,,,,,2.50%GOLDBONDS2030SR-I,14073.78,14337.7,14073.78,14214.58,14211.11,14361.0,,14214.58,,,20,283931.19,10,F1,1,,,,,
2026-07-13,2026-07-13,CM,NSE,STK,11192,IN0020220078,SGBAUG30,GB,,,,,2.50%GOLDBONDS2030SR-II,14400.0,14400.0,14251.0,14289.0,14289.0,14485.0,,14289.0,,,134,1914452.81,49,F1,1,,,,,
2026-07-13,2026-07-13,CM,NSE,STK,13642,IN0020220110,SGBDE30III,GB,,,,,2.50%GOLDBONDS2030SR-III,14298.9,14327.82,14033.0,14283.0,14283.0,14350.22,,14318.16,,,313,4455801.35,75,F1,1,,,,,
2026-07-13,2026-07-13,CM,NSE,STK,7879,IN0020210236,SGBJAN30IX,GB,,,,,2.50%GOLDBONDS2030SR-IX,14115.0,14275.92,14111.0,14201.09,14201.01,14353.45,,14201.09,,,124,1761836.71,46,F1,1,,,,,
2026-07-13,2026-07-13,CM,NSE,STK,8401,IN0020210319,SGBMAR30X,GB,,,,,2.50%GOLDBONDS2030SR-X,14161.0,14389.0,14112.0,14181.0,14181.0,14321.05,,14215.5,,,157,2234593.25,42,F1,1,,,,,
2026-07-13,2026-07-13,CM,NSE,STK,17202,IN0020230069,SGBJUN31I,GB,,,,,2.50%GOLDBONDS2031SR-I,14204.85,14469.98,14204.85,14373.02,14376.05,14494.73,,14379.05,,,509,7309943.3,163,F1,1,,,,,
2026-07-13,2026-07-13,CM,NSE,STK,19456,IN0020230093,SGBSEP31II,GB,,,,,2.50%GOLDBONDS2031SR-II,14498.9,14498.9,14380.01,14414.4,14415.0,14549.73,,14414.4,,,1080,15568940.08,237,F1,1,,,,,
2026-07-13,2026-07-13,CM,NSE,STK,22476,IN0020230168,SGBDE31III,GB,,,,,2.50%GOLDBONDS2031SR-III,14456.2,14543.0,14402.0,14464.43,14483.99,14623.67,,14466.83,,,890,12884258.14,262,F1,1,,,,,
2026-07-13,2026-07-13,CM,NSE,STK,14598,IN0020220169,SGBMAR31IV,GB,,,,,2.50%GOLDBONDS2031SR-IV,14490.0,14490.0,14311.0,14378.11,14449.99,14529.66,,14378.11,,,64,920882.84,33,F1,1,,,,,
2026-07-13,2026-07-13,CM,NSE,STK,22886,IN0020230184,SGBFEB32IV,GB,,,,,2.50%GOLDBONDS2032SR-IV,14756.0,14762.33,14467.08,14607.26,14619.99,14762.33,,14607.02,,,1268,18516176.36,339,F1,1,,,,,
2026-07-13,2026-07-13,CM,NSE,STK,16921,INE144J01027,20MICRONS,EQ,,,,,20 MICRONS LTD,197.54,207.1,193.67,202.45,203.0,198.34,,202.39,,,210941,42731255.85,5181,F1,1,,,,,
2026-07-13,2026-07-13,CM,NSE,STK,4,INE253B01015,21STCENMGM,EQ,,,,,21ST CENTURY MGMT SERVICE,32.25,32.25,31.3,31.33,31.33,31.89,,31.72,,,3264,102788.59,34,F1,1,,,,,
2026-07-13,2026-07-13,CM,NSE,STK,13061,INE466L01038,360ONE,EQ,,,,,360 ONE WAM LIMITED,1127.0,1127.0,1094.8,1118.0,1119.3,1129.0,,1118.3,,,2239860,2484385173.9,53481,F1,1,,,,,
2026-07-13,2026-07-13,CM,NSE,STK,30105,INF579M01BB5,GOLD360,EQ,,,,,360ONEAMC - GOLD360,139.6,139.6,137.7,138.55,138.6,139.6,,138.6,,,15430,2136060.8,322,F1,1,,,,,
2026-07-13,2026-07-13,CM,NSE,STK,763602,INF579M01BP5,MSCI360,EQ,,,,,360ONEAMC - MSCI360,10.05,11.49,10.02,11.16,11.49,10.05,,11.16,,,17492,183458.48,31,F1,1,,,,,
2026-07-13,2026-07-13,CM,NSE,STK,756150,INF579M01BC3,SILVER360,EQ,,,,,360ONEAMC - SILVER360,210.06,214.99,210.06,213.74,213.75,215.45,,213.73,,,19955,4249224.94,668,F1,1,,,,,
2026-07-13,2026-07-13,CM,NSE,STK,762518,INE994E01018,3BBLACKBIO,EQ,,,,,3B BLACKBIO DX LTD.,1151.2,1219.0,1145.4,1215.1,1210.0,1148.6,,1214.4,,,18007,21592817.9,2236,F1,1,,,,,
2026-07-13,2026-07-13,CM,NSE,STK,6232,INE748C01038,3IINFOLTD,EQ,,,,,3I INFOTECH LIMITED,18.79,18.89,18.5,18.68,18.65,18.77,,18.68,,,299618,5609103.8,1202,F1,1,,,,,
2026-07-13,2026-07-13,CM,NSE,STK,474,INE470A01017,3MINDIA,EQ,,,,,3M INDIA LIMITED,35300.0,36585.0,35140.0,36430.0,36390.0,35370.0,,36430.0,,,6108,219622545.0,2960,F1,1,,,,,
2026-07-13,2026-07-13,CM,NSE,STK,2595,INE105C01023,3PLAND,EQ,,,,,3P LAND HOLDINGS LIMITED,31.5,33.2,31.5,32.65,32.65,31.9,,32.0,,,5595,180604.17,51,F1,1,,,,,
2026-07-13,2026-07-13,CM,NSE,STK,445,INE618L01018,5PAISA,EQ,,,,,5PAISA CAPITAL LIMITED,365.75,373.7,361.1,370.7,370.0,365.75,,370.7,,,30960,11441197.4,1718,F1,1,,,,,
2026-07-13,2026-07-13,CM,NSE,STK,11868,INE111B01023,63MOONS,EQ,,,,,63 MOONS TECHNOLOGIES LTD,692.7,777.8,692.7,734.2,731.6,678.6,,734.2,,,2952586,2222049738.15,82667,F1,1,,,,,
2026-07-13,2026-07-13,CM,NSE,STK,19974,INE134E07349,736PFCL28,N2,,,,,7.36% TAX FREE NCD,1062.1,1068.9,1062.1,1068.0,1068.0,1062.04,,1068.0,,,76,81178.6,5,F1,1,,,,,
2026-07-13,2026-07-13,CM,NSE,STK,19926,INE020B07JU4,743REC35,NH,,,,,7.43% TAX FREE TRI SR3B,1213.5,1213.5,1185.0,1190.0,1190.0,1213.5,,1190.0,,,461,551481.4,9,F1,1,,,,,
2026-07-13,2026-07-13,CM,NSE,STK,29312,INE031A07865,751HUDCO28,N5,,,,,7.51 NCD 16FEB28 TR1 SR2,1058.65,1059.52,1058.65,1059.52,1059.52,1057.5,,1059.52,,,2000,2118170.0,3,F1,1,,,,,
2026-07-13,2026-07-13,CM,NSE,STK,19976,INE134E07588,760PFCL35,N3,,,,,7.60% TAX FREE NCD,1204.1,1206.0,1204.1,1206.0,1206.0,1233.99,,1206.0,,,36,43349.5,2,F1,1,,,,,
2026-07-13,2026-07-13,CM,NSE,STK,20034,INE261F07032,764NABAR31,N2,,,,,7.64% TAX FREE TRI SRIIB,1105.0,1106.0,1105.0,1105.69,1106.0,1104.9,,1105.69,,,1416,1565433.66,5,F1,1,,,,,
2026-07-13,2026-07-13,CM,NSE,STK,19928,INE031A07AO5,764HUDCO31,N8,,,,,7.64% TAX FREETRI SR2B,1112.0,1112.0,1110.1,1110.1,1110.1,1114.5,,1112.3,,,50,55506.9,3,F1,1,,,,,
2026-07-13,2026-07-13,CM,NSE,STK,19924,INE020B07GH7,812REC27,NI,,,,,8.12/8.32% TAX FREE NCD,1028.49,1028.49,1017.11,1017.11,1017.11,1022.9,,1017.11,,,150,153136.39,3,F1,1,,,,,
2026-07-13,2026-07-13,CM,NSE,STK,31240,INE031A07840,82HUDCO27,N2,,,,,8.20 NCD05MAR27 FV 1000,1043.52,1043.52,1043.5,1043.5,1043.5,1043.5,,1043.5,,,1270,1325245.94,28,F1,1,,,,,
2026-07-13,2026-07-13,CM,NSE,STK,20022,INE134E07208,830PFCL27,N5,,,,,8.30% TAX FREE NCD,1076.0,1076.0,1075.0,1075.97,1076.0,1076.0,,1075.97,,,522,561662.0,9,F1,1,,,,,
2026-07-13,2026-07-13,CM,NSE,STK,31766,INE733E07JI1,873NTPC28,N5,,,,,8.73%S-R-NCD SERIES 2B,1124.0,1129.89,1124.0,1124.26,1129.89,1125.0,,1124.26,,,1257,1412962.24,17,F1,1,,,,,
2026-07-13,2026-07-13,CM,NSE,STK,192,INE906B07DF8,875NHAI29,N6,,,,,8.75% TAX FREE TR I S IIB,1110.0,1110.0,1105.1,1105.9,1105.25,1109.99,,1105.9,,,1844,2041661.37,22,F1,1,,,,,
2026-07-13,2026-07-13,CM,NSE,STK,19968,INE031A07949,876HUDCO28,ND,,,,,8.76% TAX FREETRI SR2B,1142.89,1142.99,1131.01,1142.41,1131.01,1142.89,,1142.41,,,630,719946.83,10,F1,1,,,,,
2026-07-13,2026-07-13,CM,NSE,STK,20058,INE787H07370,891IIFCL34,N4,,,,,8.91% TAX FREE NCD,1249.0,1270.0,1245.0,1245.46,1270.0,1252.6,,1245.81,,,1025,1278435.0,9,F1,1,,,,,
2026-07-13,2026-07-13,CM,NSE,STK,31768,INE733E07JJ9,891NTPC33,N6,,,,,8.91%S-R-NCD SERIES 3B,1279.99,1279.99,1279.0,1279.0,1279.0,1273.21,,1279.0,,,69,88285.65,3,F1,1,,,,,
2026-07-13,2026-07-13,CM,NSE,STK,20028,INE134E07463,892PFCL33,N8,,,,,8.92% TAX FREE NCD,1275.0,1275.0,1272.5,1275.0,1275.0,1274.56,,1275.0,,,1200,1529500.0,3,F1,1,,,,,
2026-07-13,2026-07-13,CM,NSE,STK,759130,INE08PH01015,ABCOTS,EQ,,,,,A B COTSPIN INDIA LIMITED,209.38,218.97,207.0,208.31,207.55,209.94,,208.23,,,49382,10356045.21,1349,F1,1,,,,,
2026-07-13,2026-07-13,CM,NSE,STK,27020,INE00YB01025,ABINFRA,EQ,,,,,A B INFRABUILD LIMITED,10.25,10.71,10.12,10.24,10.23,10.28,,10.24,,,1105917,11366003.92,1652,F1,1,,,,,
2026-07-13,2026-07-13,CM,NSE,STK,762528,INE850B01026,ABMKNO,EQ,,,,,A B M KNOWLEDGEWARE LTD.,210.0,210.0,200.0,205.1,205.1,210.0,,205.1,,,1329,270832.78,36,F1,1,,,,,
2026-07-13,2026-07-13,CM,NSE,STK,762533,INE366C01021,ACSTECH,EQ,,,,,A C S TECHNOLOGIES LTD.,41.85,44.39,41.2,44.39,44.39,42.28,,44.39,,,240288,10580189.6,631,F1,1,,,,,
2026-07-13,2026-07-13,CM,NSE,STK,762538,INE701G01012,AKCAPIT,EQ,,,,,A K CAPITAL SERVICES LTD.,1767.7,1805.1,1748.2,1763.3,1777.2,1767.2,,1763.5,,,5874,10418693.6,783,F1,1,,,,,
2026-07-13,2026-07-13,CM,NSE,STK,20906,INE619I01012,A2ZINFRA,EQ,,,,,A2Z INFRA ENGINEERING LTD,13.99,13.99,12.96,13.15,13.14,13.57,,13.15,,,450598,5948143.14,1262,F1,1,,,,,
2026-07-13,2026-07-13,CM,NSE,STK,12533,INE0D0U01013,AAATECH,EQ,,,,,AAA TECHNOLOGIES LIMITED,95.57,96.8,94.8,95.04,95.0,95.29,,95.05,,,19508,1863408.97,633,F1,1,,,,,
2026-07-13,2026-07-13,CM,NSE,STK,23729,INE883F01010,AADHARHFC,EQ,,,,,AADHAR HOUSING FINANCE L,530.0,545.2,525.35,535.9,535.55,534.55,,535.9,,,464023,249565100.15,16275,F1,1,,,,,
2026-07-13,2026-07-13,CM,NSE,STK,757579,INE1GYP01013,AAKAAR,SM,,,,,AAKAAR MEDICAL TECHNO LTD,66.0,67.6,66.0,67.6,67.6,64.4,,67.6,,,9600,643120.0,6,F1,1600,,,,,
2026-07-13,2026-07-13,CM,NSE,STK,235,INE087Z01024,AAKASH,EQ,,,,,AAKASH EXPLORATION SER L,8.65,9.9,8.65,9.59,9.54,8.84,,9.59,,,462791,4390734.24,861,F1,1,,,,,
2026-07-13,2026-07-13,CM,NSE,STK,758120,INE124401014,AARADHYA,SM,,,,,AARADHYA DISPOSAL INDUS L,77.5,77.5,75.5,76.0,76.0,78.05,,76.0,,,15600,1180800.0,4,F1,1200,,,,,
2026-07-13,2026-07-13,CM,NSE,STK,5248,INE198H01019,AAREYDRUGS,BE,,,,,AAREY DRUGS & PHARM LTD,81.18,81.18,81.18,81.18,81.18,82.83,,83.76,,,2827,229495.86,19,F1,1,,,,,
2026-07-13,2026-07-13,CM,NSE,STK,761821,INE750R01016,AARNAV,EQ,,,,,AARNAV FASHIONS LIMITED,25.2,25.3,24.95,24.98,25.0,25.14,,25.03,,,9280,232898.82,64,F1,1,,,,,
2026-07-13,2026-07-13,CM,NSE,STK,1030,INE721Z01010,AARON,EQ,,,,,AARON INDUSTRIES LIMITED,118.93,119.0,114.92,118.77,118.95,118.93,,118.77,,,8679,1017962.02,281,F1,1,,,,,
2026-07-13,2026-07-13,CM,NSE,STK,17164,INE01C001026,AARTECH,BE,,,,,AARTECH SOLONICS LIMITED,48.76,49.15,47.62,48.57,48.79,49.26,,48.57,,,17615,851804.89,191,F1,1,,,,,
2026-07-13,2026-07-13,CM,NSE,STK,4481,INE767A01016,AARTIDRUGS,EQ,,,,,AARTI DRUGS LTD.,396.75,401.85,392.0,395.7,396.0,396.8,,395.7,,,109714,43538843.65,3764,F1,1,,,,,
2026-07-13,2026-07-13,CM,NSE,STK,7,INE769A01020,AARTIIND,EQ,,,,,AARTI INDUSTRIES LTD,482.45,488.4,477.05,484.3,484.5,484.1,,484.3,,,476780,230351669.75,17320,F1,1,,,,,
2026-07-13,2026-07-13,CM,NSE,STK,13868,INE0LRU01027,AARTIPHARM,EQ,,,,,AARTI PHARMALABS LIMITED,707.0,723.0,705.05,717.8,723.0,709.45,,717.8,,,127669,91248770.4,9036,F1,1,,,,,
2026-07-13,2026-07-13,CM,NSE,STK,19233,INE09EO01013,AARTISURF,EQ,,,,,AARTI SURFACTANTS LIMITED,387.05,389.95,380.05,385.35,387.5,387.05,,385.35,,,8802,3395907.1,542,F1,1,,,,,
2026-07-13,2026-07-13,CM,NSE,STK,19073,INE754X01016,AARVI,EQ,,,,,AARVI ENCON LIMITED,151.1,157.99,149.18,152.62,153.5,155.24,,152.62,,,60418,9276831.68,2106,F1,1,,,,,
2026-07-13,2026-07-13,CM,NSE,STK,763801,INE2FMX01012,AASTHA,BE,,,,,AASTHA SPINTEX LIMITED,129.02,129.02,129.01,129.01,129.02,122.88,,129.01,,,813673,104978938.59,2133,F1,1,,,,,
2026-07-13,2026-07-13,CM,NSE,STK,5385,INE216P01012,AAVAS,EQ,,,,,AAVAS FINANCIERS LIMITED,1526.9,1530.0,1490.0,1498.4,1493.9,1525.9,,1498.4,,,46777,70549642.3,7180,F1,1,,,,,
2026-07-13,2026-07-13,CM,NSE,STK,7759,INE421A01028,ABAN,BE,,,,,ABAN OFFSHORE LTD.,12.96,14.14,12.96,14.14,14.14,13.47,,14.14,,,151090,2066238.57,494,F1,1,,,,,
2026-07-13,2026-07-13,CM,NSE,STK,762526,INE365O01028,ABANSENT,BE,,,,,ABANS ENTERPRISES LTD.,27.15,28.15,26.5,28.06,28.15,27.15,,28.06,,,8702,242058.3,49,F1,1,,,,,
2026-07-13,2026-07-13,CM,NSE,STK,13288,INE00ZE01026,AFSL,EQ,,,,,ABANS FINANCIAL SRVCS LTD,201.15,205.0,201.01,202.28,201.92,201.15,,202.23,,,3182,642679.2,71,F1,1,,,,,
2026-07-13,2026-07-13,CM,NSE,STK,13,INE117A01022,ABB,EQ,,,,,ABB INDIA LIMITED,6800.0,6872.0,6715.5,6807.0,6810.0,6836.0,,6807.0,,,297882,2028291400.0,28184,F1,1,,,,,
2026-07-13,2026-07-13,CM,NSE,STK,17903,INE358A01014,ABBOTINDIA,EQ,,,,,ABBOTT INDIA LIMITED,27490.0,27530.0,27170.0,27395.0,27415.0,27165.0,,27395.0,,,10100,276360020.0,4682,F1,1,,,,,
2026-07-13,2026-07-13,CM,NSE,STK,755945,INE860H07IU2,ABCL28,N6,,,,,ABCL SR IV,1231.0,1231.0,1231.0,1231.0,1231.0,1212.0,,1231.0,,,150,184650.0,1,F1,1,,,,,
2026-07-13,2026-07-13,CM,NSE,STK,4654,INE0CAJ01017,AILIMITED,ST,,,,,ABHISHEK INTEGRATIONS LTD,39.15,39.15,39.15,39.15,39.15,37.3,,39.15,,,1500,58725.0,1,F1,1500,,,,,
2026-07-13,2026-07-13,CM,NSE,STK,5549,INE251C01025,ABMINTLLTD,EQ,,,,,ABM INTERNATIONAL LTD,41.42,41.42,41.42,41.42,41.42,40.61,,41.42,,,96,3976.32,2,F1,1,,,,,
2026-07-13,2026-07-13,CM,NSE,STK,23786,INE0QRV01016,ABSMARINE,ST,,,,,ABS MARINE SERVICES LTD,230.5,234.0,230.0,233.5,234.0,232.95,,233.5,,,20500,4763425.0,36,F1,500,,,,,
2026-07-13,2026-07-13,CM,NSE,STK,22,INE012A01025,ACC,EQ,,,,,ACC LIMITED,1369.1,1381.0,1354.5,1378.8,1381.0,1384.5,,1378.8,,,70486,96973668.5,6389,F1,1,,,,,
2026-07-13,2026-07-13,CM,NSE,STK,7053,INE793A01012,ACCELYA,EQ,,,,,ACCELYA SOLN INDIA LTD,1101.1,1137.9,1091.2,1130.9,1133.0,1108.9,,1130.9,,,12151,13657291.6,936,F1,1,,,,,
2026-07-13,2026-07-13,CM,NSE,STK,20488,INE0Q5D01013,ACCENTMIC,SM,,,,,ACCENT MICROCELL LIMITED,506.4,525.0,504.5,524.45,525.0,513.45,,524.45,,,78000,40414775.0,144,F1,500,,,,,
2026-07-13,2026-07-13,CM,NSE,STK,21218,INE113X01015,ACCORD,ST,,,,,ACCORD SYNERGY LIMITED,202.5,202.5,202.4,202.5,202.5,198.55,,202.5,,,14000,2834700.0,6,F1,2000,,,,,
2026-07-13,2026-07-13,CM,NSE,STK,757024,INE0T8T01010,ACCPL,ST,,,,,ACCRETION PHARMA LIMITED,157.0,157.0,154.2,155.5,155.5,157.0,,155.5,,,6000,931680.0,5,F1,1200,,,,,
2026-07-13,2026-07-13,CM,NSE,STK,1472,INE648Z01023,ACCURACY,BE,,,,,ACCURACY SHIPPING LIMITED,5.26,5.26,5.1,5.14,5.19,5.26,,5.14,,,43276,224213.3,162,F1,1,,,,,
2026-07-13,2026-07-13,CM,NSE,STK,11779,INE543V01017,ACEINTEG,EQ,,,,,ACE INTEGRATED SOLU. LTD.,20.16,21.88,20.16,20.69,20.69,21.01,,20.69,,,1148,24053.71,48,F1,1,,,,,
2026-07-13,2026-07-13,CM,NSE,STK,761112,INE1J6M01010,ACETEC,SM,,,,,ACETECH E-COMMERCE LTD,125.95,125.95,125.85,125.85,125.85,126.0,,125.85,,,2400,302160.0,2,F1,1200,,,,,
2026-07-13,2026-07-13,CM,NSE,STK,27061,INE622W01025,ACMESOLAR,EQ,,,,,ACME SOLAR HOLDINGS LTD,375.0,384.4,365.55,378.8,375.6,377.0,,378.8,,,1374154,515282608.15,37452,F1,1,,,,,
2026-07-13,2026-07-13,CM,NSE,STK,13587,INE731H01025,ACE,EQ,,,,,ACTION CONST EQUIP LTD,989.0,1018.7,976.2,985.7,985.0,989.0,,985.7,,,853286,848825252.7,23020,F1,1,,,,,
2026-07-13,2026-07-13,CM,NSE,STK,30464,INE0KLO01025,ACTIVEINFR,SM,,,,,ACTIVE INFRASTRUCTURES L,178.3,178.3,178.3,178.3,178.3,178.3,,178.3,,,600,106980.0,1,F1,600,,,,,
2026-07-13,2026-07-13,CM,NSE,STK,5578,INE00FF01025,ACUTAAS,EQ,,,,,ACUTAAS CHEMICALS LIMITED,3376.5,3510.0,3363.6,3495.2,3472.0,3400.8,,3495.2,,,218672,754245563.7,26034,F1,1,,,,,
2026-07-13,2026-07-13,CM,NSE,STK,10217,INE931S01010,ADANIENSOL,EQ,,,,,ADANI ENERGY SOLUTION LTD,1651.0,1667.2,1634.0,1644.6,1641.7,1654.0,,1644.5,,,1062110,1753309470.9,43152,F1,1,,,,,
2026-07-13,2026-07-13,CM,NSE,STK,25,INE423A01024,ADANIENT,EQ,,,,,ADANI ENTERPRISES LIMITED,3127.3,3195.0,3115.2,3177.5,3174.7,3157.3,,3177.5,,,1599810,5076222521.8,62291,F1,1,,,,,
2026-07-13,2026-07-13,CM,NSE,STK,3563,INE364U01010,ADANIGREEN,EQ,,,,,ADANI GREEN ENERGY LTD,1525.4,1575.4,1523.0,1546.5,1545.0,1536.6,,1546.4,,,2868246,4466033606.0,71238,F1,1,,,,,
2026-07-13,2026-07-13,CM,NSE,STK,15083,INE742F01042,ADANIPORTS,EQ,,,,,ADANI PORT & SEZ LTD,1811.0,1825.9,1807.1,1810.3,1810.0,1828.1,,1810.3,,,1156618,2097881998.7,59646,F1,1,,,,,
2026-07-13,2026-07-13,CM,NSE,STK,17388,INE814H01029,ADANIPOWER,EQ,,,,,ADANI POWER LTD,217.1,218.78,215.1,215.46,215.24,218.45,,215.46,,,26415659,5723198208.4,113986,F1,1,,,,,
2026-07-13,2026-07-13,CM,NSE,STK,6066,INE399L01023,ATGL,EQ,,,,,ADANI TOTAL GAS LIMITED,719.7,735.5,713.4,720.95,720.9,723.9,,720.95,,,1509844,1093459495.2,32612,F1,1,,,,,
2026-07-13,2026-07-13,CM,NSE,STK,22468,INE0RDH01021,ADDICTIVE,SM,,,,,ADDICTIVE LEARNING TECH L,41.6,41.6,39.15,41.35,41.6,39.65,,41.35,,,4500,184275.0,9,F1,500,,,,,
2026-07-13,2026-07-13,CM,NSE,STK,19761,INE982B01027,ADFFOODS,EQ,,,,,ADF FOODS LIMITED,318.95,330.75,305.2,319.45,319.3,319.9,,319.45,,,417973,135030685.0,10334,F1,1,,,,,
2026-07-13,2026-07-13,CM,NSE,STK,763156,INE20PL01012,ADISOFT,SM,,,,,ADISOFT TECHNOLOGIES LTD,181.95,198.2,181.95,196.45,195.0,178.65,,196.45,,,196800,37908920.0,210,F1,800,,,,,
2026-07-13,2026-07-13,CM,NSE,STK,6018,INE404A01024,ABSLAMC,EQ,,,,,ADIT BIRL SUN LIF AMC LTD,1147.7,1179.1,1137.2,1173.7,1177.5,1146.6,,1173.7,,,511637,591198138.1,34533,F1,1,,,,,
2026-07-13,2026-07-13,CM,NSE,STK,21614,INE674K01013,ABCAPITAL,EQ,,,,,ADITYA BIRLA CAPITAL LTD.,405.0,408.5,399.2,407.45,407.0,408.3,,407.45,,,1537573,624142813.35,37664,F1,1,,,,,
2026-07-13,2026-07-13,CM,NSE,STK,30108,INE647O01011,ABFRL,EQ,,,,,ADITYA BIRLA FASHION & RT,59.59,61.04,59.12,60.51,60.45,60.02,,60.51,,,4875749,294423855.09,19897,F1,1,,,,,
2026-07-13,2026-07-13,CM,NSE,STK,756843,INE14LE01019,ABLBL,EQ,,,,,ADITYA BIRLA LIFES BRAN L,94.7,100.04,94.62,99.24,99.23,95.55,,99.24,,,1777066,174588840.21,14305,F1,1,,,,,
2026-07-13,2026-07-13,CM,NSE,STK,15239,INE865C01022,BIRLAMONEY,EQ,,,,,ADITYA BIRLA MONEY LTD,149.61,159.9,146.9,157.8,157.5,149.9,,157.86,,,698465,108779494.34,8280,F1,1,,,,,
2026-07-13,2026-07-13,CM,NSE,STK,625,INE055A01016,ABREL,EQ,,,,,ADITYA BIRLA REAL EST LTD,1420.0,1445.0,1406.2,1436.6,1441.3,1447.0,,1436.6,,,125427,179501788.7,9858,F1,1,,,,,
2026-07-13,2026-07-13,CM,NSE,STK,758858,INE819V01029,CPPLUS,EQ,,,,,ADITYA INFOTECH LIMITED,3640.0,3750.0,3610.0,3639.4,3635.0,3662.4,,3639.5,,,149286,549329398.5,16842,F1,1,,,,,
2026-07-13,2026-07-13,CM,NSE,STK,25984,INE679V01027,AVL,EQ,,,,,ADITYA VISION LIMITED,634.1,640.0,620.45,636.0,635.5,635.8,,636.0,,,399287,251611253.85,9532,F1,1,,,,,
2026-07-13,2026-07-13,CM,NSE,STK,23804,INF209KB18D3,BSLGOLDETF,EQ,,,,,ADITYBIRLA SL GOLD ETF-GR,125.01,125.01,123.27,124.45,124.49,125.67,,124.45,,,511245,63518831.64,3254,F1,1,,,,,
2026-07-13,2026-07-13,CM,NSE,STK,24781,INF209KB19D1,BSLNIFTY,EQ,,,,,ADITYBIRLA SL NIF ETF-GR,27.59,28.42,27.59,28.38,28.28,28.3,,28.38,,,1121555,31788000.26,7434,F1,1,,,,,
2026-07-13,2026-07-13,CM,NSE,STK,34,INE045A01017,ADOR,EQ,,,,,ADOR WELDING LTD,1327.9,1350.0,1311.2,1333.0,1330.0,1324.8,,1332.9,,,22277,29690708.1,2102,F1,1,,,,,
2026-07-13,2026-07-13,CM,NSE,STK,4953,INE737B01033,ADROITINFO,EQ,,,,,ADROIT INFOTECH LIMITED,8.97,9.15,8.81,8.99,8.95,9.01,,8.99,,,1595,14225.98,37,F1,1,,,,,
2026-07-13,2026-07-13,CM,NSE,STK,760657,INE0ALI01010,ADVAIT,EQ,,,,,ADVAIT ENRGY TRANSITION L,2185.0,2220.0,2170.0,2184.3,2182.0,2207.5,,2184.1,,,21486,47092086.0,3188,F1,1,,,,,
2026-07-13,2026-07-13,CM,NSE,STK,759402,INE1B0W01010,ADVANCE,EQ,,,,,ADVANCE AGROLIFE LIMITED,110.77,115.87,110.25,113.67,114.38,110.49,,113.66,,,331686,37820789.41,2783,F1,1,,,,,
2026-07-13,2026-07-13,CM,NSE,STK,18039,INE837H01020,ADVENZYMES,EQ,,,,,ADVANCED ENZYME TECH LTD,330.0,335.0,328.0,331.45,331.0,329.85,,331.45,,,256167,84899464.2,6197,F1,1,,,,,
2026-07-13,2026-07-13,CM,NSE,STK,14745,INE199C01026,ADVANIHOTR,EQ,,,,,ADVANI HOT.& RES.(I) LTD,51.42,53.35,51.42,52.86,52.81,52.71,,52.74,,,20306,1069202.74,443,F1,1,,,,,
2026-07-13,2026-07-13,CM,NSE,STK,759769,INE28GN01010,ADVENTHTL,EQ,,,,,ADVENT HOTELS INTERNATI L,146.0,155.0,144.05,151.47,151.6,147.65,,151.46,,,520628,78555589.76,10216,F1,1,,,,,
2026-07-13,2026-07-13,CM,NSE,STK,762252,INE1SJO01012,RAMBHAJO,BE,,,,,ADVIT JEWELS LIMITED,175.55,187.92,175.5,187.52,187.92,178.98,,187.5,,,503874,92614293.93,3891,F1,1,,,,,
2026-07-13,2026-07-13,CM,NSE,STK,40,INE208C01025,AEGISLOG,EQ,,,,,AEGIS LOGISTICS LIMITED,1228.5,1314.6,1226.6,1293.6,1285.0,1246.1,,1293.6,,,1465385,1872066038.3,53934,F1,1,,,,,
2026-07-13,2026-07-13,CM,NSE,STK,757336,INE0INX01018,AEGISVOPAK,EQ,,,,,AEGIS VOPAK TERMINALS LTD,280.92,311.49,272.15,303.3,302.9,283.18,,303.3,,,5506049,1658403419.68,70784,F1,1,,,,,
2026-07-13,2026-07-13,CM,NSE,STK,757870,INE423A07401,AEL17725,,,,,,AEL 0% 2027 SR II,1046.0,1056.0,1046.0,1056.0,1056.0,1081.0,,1056.0,,,40,42190.0,3,F1,1,,,,,
2026-07-13,2026-07-13,CM,NSE,STK,761347,INE423A07542,AEL1212026,NO,,,,,AEL 0% 2031 SR VIII,1011.11,1011.11,991.0,991.0,991.0,1054.0,,1022.5,,,297,297437.21,5,F1,1,,,,,
2026-07-13,2026-07-13,CM,NSE,STK,761342,INE423A07492,848AEL29,NJ,,,,,AEL 8.48% 2029 SR III,1000.0,1005.0,1000.0,1005.0,1005.0,1008.0,,1005.0,,,13,13050.0,2,F1,1,,,,,
2026-07-13,2026-07-13,CM,NSE,STK,761340,INE423A07484,860AEL28,NH,,,,,AEL 8.60% 2028 SR I,1024.12,1024.12,1024.12,1024.12,1024.12,1049.0,,1028.06,,,12,12289.44,1,F1,1,,,,,
2026-07-13,2026-07-13,CM,NSE,STK,761345,INE423A07518,862AEL31,NM,,,,,AEL 8.62% 2031 SR VI,1005.0,1005.0,1004.0,1004.0,1004.0,1004.0,,1004.0,,,15,15071.0,2,F1,1,,,,,
2026-07-13,2026-07-13,CM,NSE,STK,761343,INE423A07534,875AEL29,NK,,,,,AEL 8.75% 2029 SR IV,1039.0,1039.0,1039.0,1039.0,1039.0,1040.01,,1039.0,,,20,20780.0,6,F1,1,,,,,
2026-07-13,2026-07-13,CM,NSE,STK,757871,INE423A07427,885AEL28,NB,,,,,AEL 8.85% 2028 SR III,1024.92,1024.92,1024.92,1024.92,1024.92,1024.92,,1024.92,,,1,1024.92,1,F1,1,,,,,
2026-07-13,2026-07-13,CM,NSE,STK,761346,INE423A07526,890AEL31,NN,,,,,AEL 8.90% 2031 SR VII,1044.82,1044.82,1041.2,1041.74,1041.3,1043.29,,1041.74,,,471,490837.05,11,F1,1,,,,,
2026-07-13,2026-07-13,CM,NSE,STK,757869,INE423A07450,895AEL27,N9,,,,,AEL 8.95% 2027 SR I,1026.0,1050.0,1026.0,1050.0,1050.0,1026.99,,1050.0,,,61,62736.69,4,F1,1,,,,,
2026-07-13,2026-07-13,CM,NSE,STK,757874,INE423A07443,9AEL30,NE,,,,,AEL 9% 2030 SR VI,1012.5,1017.5,1012.5,1017.5,1017.5,1029.0,,1017.5,,,37,37522.5,2,F1,1,,,,,
2026-07-13,2026-07-13,CM,NSE,STK,757872,INE423A07435,915AEL28,NC,,,,,AEL 9.15% 2028 SR IV,1015.0,1029.95,1015.0,1021.95,1021.95,1020.96,,1021.95,,,144,147422.5,4,F1,1,,,,,
2026-07-13,2026-07-13,CM,NSE,STK,760234,INE947N01017,AEQUS,EQ,,,,,AEQUS LIMITED,248.5,251.19,243.66,244.69,245.0,248.78,,244.69,,,5223952,1287068233.82,42384,F1,1,,,,,
2026-07-13,2026-07-13,CM,NSE,STK,12015,INE065D01027,AEROENTER,EQ,,,,,AEROFLEX ENTERPRISES LTD,123.0,124.0,120.25,120.97,121.2,124.97,,120.97,,,463948,56488530.42,5776,F1,1,,,,,
2026-07-13,2026-07-13,CM,NSE,STK,18268,INE024001021,AEROFLEX,EQ,,,,,AEROFLEX INDUSTRIES LTD,409.95,432.75,408.1,421.5,417.5,413.55,,421.5,,,1382985,585131959.75,21057,F1,1,,,,,
2026-07-13,2026-07-13,CM,NSE,STK,13689,INE035801013,AERONEU,EQ,,,,,AEROFLEX NEU LIMITED,87.87,89.8,87.87,88.34,89.0,87.87,,88.34,,,39731,3535331.79,268,F1,1,,,,,
2026-07-13,2026-07-13,CM,NSE,STK,25065,INE0WL801011,AERON,SM,,,,,AERON COMPOSITE LIMITED,79.3,83.0,79.3,83.0,83.0,79.5,,83.0,,,6000,491800.0,5,F1,1000,,,,,
2026-07-13,2026-07-13,CM,NSE,STK,9810,INE0BWX01014,AETHER,EQ,,,,,AETHER INDUSTRIES LIMITED,1465.0,1483.9,1445.0,1452.8,1450.0,1500.8,,1452.8,,,195534,285974732.7,17796,F1,1,,,,,
2026-07-13,2026-07-13,CM,NSE,STK,25977,INE101I01011,AFCONS,EQ,,,,,AFCONS INFRASTRUCTURE LTD,299.0,300.1,295.9,299.0,298.0,300.9,,299.0,,,244772,73011158.15,6864,F1,1,,,,,
2026-07-13,2026-07-13,CM,NSE,STK,11343,INE00WC01027,AFFLE,EQ,,,,,AFFLE 3I LIMITED,1470.0,1590.0,1464.7,1539.3,1535.0,1480.4,,1539.3,,,1550428,2419427301.3,90901,F1,1,,,,,
2026-07-13,2026-07-13,CM,NSE,STK,25857,INE692Z01013,AFFORDABLE,BE,,,,,AFFORD ROBO & AUTO LTD,173.33,181.99,169.31,181.99,181.99,173.33,,182.02,,,33184,5933261.14,353,F1,1,,,,,
2026-07-13,2026-07-13,CM,NSE,STK,760459,INE916Y07065,1150AFIL28,N0,,,,,AFIL 11.50% 2028 SR 05,9590.0,9596.0,9590.0,9596.0,9596.0,9596.0,,9596.0,,,5,47968.0,2,F1,1,,,,,
2026-07-13,2026-07-13,CM,NSE,STK,760641,INE916Y07073,1150AFIL29,N0,,,,,AFIL 11.50% 2029,9001.11,9001.11,9001.11,9001.11,9001.11,9250.0,,9001.11,,,2,18002.22,1,F1,1,,,,,
2026-07-13,2026-07-13,CM,NSE,STK,759098,INE916Y07040,12AFIL27A,N0,,,,,AFIL 12% 2027,9800.0,9800.0,9800.0,9800.0,9800.0,9978.33,,9800.0,,,5,49000.0,1,F1,1,,,,,
2026-07-13,2026-07-13,CM,NSE,STK,759283,INE916Y07057,12AFIL28,N0,,,,,AFIL 12% 2028,9766.09,9766.09,9765.37,9766.01,9766.01,9750.01,,9766.01,,,13,126957.46,5,F1,1,,,,,
2026-07-13,2026-07-13,CM,NSE,STK,3389,INE204E01012,AGARIND,EQ,,,,,AGARWAL INDS CORP LTD.,521.0,532.85,501.0,527.5,526.0,537.8,,527.95,,,31409,16531122.2,1914,F1,1,,,,,
2026-07-13,2026-07-13,CM,NSE,STK,27309,INE0P8X01016,AGARWALTUF,SM,,,,,AGARWAL TOUGH GLASS IND L,143.5,146.3,143.5,144.2,144.2,142.8,,144.2,,,21600,3124080.0,18,F1,1200,,,,,
2026-07-13,2026-07-13,CM,NSE,STK,1412,INE415A01038,AGI,EQ,,,,,AGI GREENPAC LIMITED,710.0,712.15,694.0,698.1,697.45,713.55,,698.1,,,76033,53245921.05,4143,F1,1,,,,,
2026-07-13,2026-07-13,CM,NSE,STK,24445,INE976R01033,AGIIL,EQ,,,,,AGI INFRA LIMITED,344.8,353.8,342.8,349.2,349.0,345.6,,349.2,,,4410989,1539392101.9,30111,F1,1,,,,,
2026-07-13,2026-07-13,CM,NSE,STK,10491,INE0LF301013,AGNI,SM,,,,,AGNI GREEN POWER LTD,17.05,17.45,17.05,17.45,17.45,17.9,,17.45,,,5000,86250.0,2,F1,2500,,,,,
2026-07-13,2026-07-13,CM,NSE,STK,11076,INE449G01018,AGRITECH,BE,,,,,AGRI-TECH (INDIA) LIMITED,114.99,115.0,111.5,112.83,112.9,112.62,,112.83,,,1017,114989.85,32,F1,1,,,,,
2026-07-13,2026-07-13,CM,NSE,STK,9046,INE740V01019,AGROPHOS,EQ,,,,,AGRO PHOS INDIA LIMITED,29.7,30.43,29.5,30.28,30.43,30.0,,30.28,,,5595,167823.45,87,F1,1,,,,,
2026-07-13,2026-07-13,CM,NSE,STK,759202,INE583L01014,AGSTRA,BZ,,,,,AGS TRANSACT TECH LTD,2.32,2.32,2.32,2.32,2.32,2.44,,2.32,,,65183,151224.56,134,F1,1,,,,,
2026-07-13,2026-07-13,CM,NSE,STK,2004,INE00PV01013,AHLADA,EQ,,,,,AHLADA ENGINEERS LIMITED,38.1,40.2,37.97,38.56,39.35,38.17,,38.56,,,14789,575411.32,117,F1,1,,,,,
2026-07-13,2026-07-13,CM,NSE,STK,17833,INE758C01029,AHLUCONT,EQ,,,,,AHLUWALIA CONT IND LTD,837.95,866.95,835.0,861.6,859.0,842.95,,861.6,,,31283,26804855.0,4363,F1,1,,,,,
2026-07-13,2026-07-13,CM,NSE,STK,13086,INE212H01026,AIAENG,EQ,,,,,AIA ENGINEERING LIMITED,4690.0,4765.0,4640.0,4732.0,4717.0,4683.5,,4732.0,,,113543,534700509.0,19916,F1,1,,,,,
2026-07-13,2026-07-13,CM,NSE,STK,23984,INE0RUV01018,AIMTRON,SM,,,,,AIMTRON ELECTRONICS LTD,1382.0,1382.0,1341.0,1371.05,1375.0,1389.9,,1371.05,,,26600,36238260.0,118,F1,200,,,,,
2026-07-13,2026-07-13,CM,NSE,STK,9878,INE805A01014,GOLDTECH,BE,,,,,AION-TECH SOLUTIONS LTD,63.99,63.99,60.0,63.99,63.99,60.95,,63.98,,,100185,6380766.08,338,F1,1,,,,,
2026-07-13,2026-07-13,CM,NSE,STK,9897,INE645W01026,AIRAN,EQ,,,,,AIRAN LIMITED,15.79,15.97,15.53,15.72,15.67,15.68,,15.72,,,68772,1081559.1,181,F1,1,,,,,
2026-07-13,2026-07-13,CM,NSE,STK,6068,INE801L01010,AIROLAM,EQ,,,,,AIRO LAM LIMITED,89.5,89.5,85.5,87.03,86.05,89.05,,87.03,,,4322,375519.24,145,F1,1,,,,,
2026-07-13,2026-07-13,CM,NSE,STK,8124,INE031B01049,AJANTPHARM,EQ,,,,,AJANTA PHARMA LIMITED,3353.1,3430.0,3340.0,3421.4,3404.4,3348.6,,3421.5,,,137282,468394516.1,34366,F1,1,,,,,
2026-07-13,2026-07-13,CM,NSE,STK,29624,INE274Y01021,AJAXENGG,EQ,,,,,AJAX ENGINEERING LIMITED,540.05,599.7,535.0,599.7,599.7,545.2,,599.7,,,329724,193386911.6,10801,F1,1,,,,,
2026-07-13,2026-07-13,CM,NSE,STK,17307,INE298G01035,AJMERA,EQ,,,,,AJMERA REALTY & INF I LTD,132.2,137.46,131.94,136.74,136.8,134.67,,136.75,,,525339,71330770.15,7664,F1,1,,,,,
2026-07-13,2026-07-13,CM,NSE,STK,3403,INE820Y01021,AJOONI,EQ,,,,,AJOONI BIOTECH LIMITED,3.63,3.73,3.62,3.67,3.65,3.73,,3.67,,,536565,1975314.77,625,F1,1,,,,,
2026-07-13,2026-07-13,CM,NSE,STK,21132,INE0PCY01014,AKANKSHA,ST,,,,,AKANKSHA POWER N INFRA L,103.0,103.25,93.45,97.0,97.0,98.35,,97.0,,,15000,1455750.0,15,F1,1000,,,,,
2026-07-13,2026-07-13,CM,NSE,STK,13510,INE737W01013,AKASH,EQ,,,,,AKASH INFRA-PROJECTS LTD,27.55,27.95,26.61,27.2,27.59,27.68,,27.2,,,6287,170540.88,66,F1,1,,,,,
2026-07-13,2026-07-13,CM,NSE,STK,2176,INE00Y801016,AKG,EQ,,,,,AKG EXIM LIMITED,10.72,11.17,10.72,10.83,11.0,10.9,,10.83,,,9501,104550.37,81,F1,1,,,,,
2026-07-13,2026-07-13,CM,NSE,STK,14890,INE642Z01026,AKI,EQ,,,,,AKI INDIA LIMITED,4.81,4.95,4.45,4.68,4.71,4.7,,4.67,,,98709,459775.85,253,F1,1,,,,,
2026-07-13,2026-07-13,CM,NSE,STK,24307,INE0PMR01017,AKIKO,ST,,,,,AKIKO GLOBAL SERVICES L,286.1,291.0,285.05,285.05,285.05,295.15,,285.05,,,10400,2984920.0,13,F1,800,,,,,
2026-07-13,2026-07-13,CM,NSE,STK,24160,INE916Y01027,AFIL,BE,,,,,AKME FINTRADE (INDIA) LTD,9.74,9.9,9.41,9.53,9.41,9.75,,9.53,,,482591,4690889.06,452,F1,1,,,,,
2026-07-13,2026-07-13,CM,NSE,STK,8595,INE523B01011,AKSHOPTFBR,BE,,,,,AKSH OPTIFIBRE  LTD,6.11,6.11,6.11,6.11,6.11,6.23,,6.14,,,40962,250277.82,90,F1,1,,,,,
2026-07-13,2026-07-13,CM,NSE,STK,9558,INE256Z01025,AKSHAR,EQ,,,,,AKSHAR SPINTEX LIMITED,0.44,0.44,0.43,0.43,0.43,0.43,,0.43,,,614482,265679.58,260,F1,1,,,,,
2026-07-13,2026-07-13,CM,NSE,STK,20194,INE542B01011,AKSHARCHEM,BE,,,,,AKSHARCHEM INDIA LIMITED,231.2,235.0,229.0,230.67,230.0,235.0,,227.92,,,2156,496899.29,45,F1,1,,,,,
2026-07-13,2026-07-13,CM,NSE,STK,24715,INE09XN01023,AKUMS,EQ,,,,,AKUMS DRUGS AND PHARMA L,694.0,714.7,681.05,683.85,683.5,701.95,,683.85,,,370101,256466088.9,19080,F1,1,,,,,
2026-07-13,2026-07-13,CM,NSE,STK,9921,INE914E01040,ALANKIT,EQ,,,,,ALANKIT LIMITED,7.99,8.18,7.99,8.07,8.05,8.08,,8.07,,,89327,723165.69,426,F1,1,,,,,
2026-07-13,2026-07-13,CM,NSE,STK,17256,INE155C01010,ALBERTDAVD,EQ,,,,,ALBERT DAVID LIMITED,699.35,709.4,698.6,702.3,704.0,701.0,,702.3,,,4052,2848107.1,127,F1,1,,,,,
2026-07-13,2026-07-13,CM,NSE,STK,79,INE426A01027,ALEMBICLTD,EQ,,,,,ALEMBIC LIMITED,89.5,90.5,88.98,89.84,90.0,89.97,,89.83,,,173711,15577819.91,1853,F1,1,,,,,
2026-07-13,2026-07-13,CM,NSE,STK,25328,INE901L01018,APLLTD,EQ,,,,,ALEMBIC PHARMA LTD,840.0,845.0,825.0,831.05,830.0,837.4,,831.05,,,101420,84500126.6,10686,F1,1,,,,,
2026-07-13,2026-07-13,CM,NSE,STK,761270,INE598D01035,ALGOQUANT,EQ,,,,,ALGOQUANT FINTECH LIMITED,58.89,61.74,58.35,61.32,61.7,58.96,,61.32,,,1258263,75182222.15,4412,F1,1,,,,,
2026-07-13,2026-07-13,CM,NSE,STK,13656,INE062D01024,ALICON,EQ,,,,,ALICON CASTALLOY LIMITED,632.55,644.0,626.0,637.65,633.4,632.55,,637.65,,,11366,7227461.3,777,F1,1,,,,,
2026-07-13,2026-07-13,CM,NSE,STK,5265,INE03Q201024,ALIVUS,EQ,,,,,ALIVUS LIFE SCIENCES LTD,1165.6,1175.0,1145.0,1160.0,1164.0,1160.1,,1159.6,,,72465,84200709.1,9693,F1,1,,,,,
2026-07-13,2026-07-13,CM,NSE,STK,16963,INE773I01017,ALKALI,BE,,,,,ALKALI METALS LTD,83.7,85.6,83.0,84.0,84.0,83.92,,84.0,,,1705,142585.62,32,F1,1,,,,,
2026-07-13,2026-07-13,CM,NSE,STK,11703,INE540L01014,ALKEM,EQ,,,,,ALKEM LABORATORIES LTD.,5615.5,5684.0,5548.5,5567.0,5568.0,5669.5,,5571.0,,,219164,1222933732.0,22620,F1,1,,,,,
2026-07-13,2026-07-13,CM,NSE,STK,4487,INE150B01039,ALKYLAMINE,EQ,,,,,ALKYL AMINES CHEM. LTD,1928.0,1948.3,1890.0,1903.5,1914.0,1956.0,,1903.6,,,108021,206738730.5,13592,F1,1,,,,,
2026-07-13,2026-07-13,CM,NSE,STK,13212,INE0M2X01012,ALLETEC,ST,,,,,ALL E TECHNOLOGIES LTD,140.3,144.35,138.1,143.9,143.9,144.9,,143.9,,,7200,1018920.0,18,F1,400,,,,,
2026-07-13,2026-07-13,CM,NSE,STK,758448,INE0GV601021,ALLTIME,EQ,,,,,ALL TIME PLASTICS LIMITED,236.79,238.28,232.27,235.25,237.0,236.45,,235.25,,,19428,4578920.47,447,F1,1,,,,,
2026-07-13,2026-07-13,CM,NSE,STK,763786,INE1YPB01014,AGL,BE,,,,,ALLCARGO GLOBAL LIMITED,15.39,15.5,15.39,15.39,15.39,16.19,,15.43,,,8367252,128779043.64,6436,F1,1,,,,,
2026-07-13,2026-07-13,CM,NSE,STK,13501,INE418H01029,ALLCARGO,EQ,,,,,ALLCARGO LOGISTICS LTD,7.94,8.24,7.86,8.15,8.13,7.98,,8.15,,,3160274,25430595.51,4985,F1,1,,,,,
2026-07-13,2026-07-13,CM,NSE,STK,17778,INE0NN701020,ATL,EQ,,,,,ALLCARGO TERMINALS LTD,23.74,23.84,23.21,23.59,23.8,23.32,,23.59,,,109786,2580883.45,803,F1,1,,,,,
2026-07-13,2026-07-13,CM,NSE,STK,11798,INE835G01018,ALLDIGI,EQ,,,,,ALLDIGI TECH LIMITED,801.0,850.0,800.0,832.85,825.0,805.7,,832.6,,,9167,7549978.15,652,F1,1,,,,,
2026-07-13,2026-07-13,CM,NSE,STK,24308,INE552Z01027,ABDL,EQ,,,,,ALLIED BLEND N DISTILS L,645.0,645.0,623.1,626.25,628.1,648.75,,626.25,,,545441,345846802.9,19649,F1,1,,,,,
2026-07-13,2026-07-13,CM,NSE,STK,14813,INE102I01027,ADSL,EQ,,,,,ALLIED DIGITAL SERV. LTD,118.75,129.75,118.0,125.74,125.55,120.06,,125.75,,,775038,97882876.85,10221,F1,1,,,,,
2026-07-13,2026-07-13,CM,NSE,STK,16719,INE326B01035,ALMONDZ,EQ,,,,,ALMONDZ GLOBAL SEC LTD,13.18,13.42,13.0,13.02,13.03,13.18,,13.03,,,50589,668048.98,209,F1,1,,,,,
2026-07-13,2026-07-13,CM,NSE,STK,17675,INE270A01029,ALOKINDS,EQ,,,,,ALOK INDUSTRIES LIMITED,12.55,12.89,12.44,12.79,12.79,12.58,,12.79,,,4831836,61675021.02,6867,F1,1,,,,,
2026-07-13,2026-07-13,CM,NSE,STK,14848,INE385I01010,ALPA,EQ,,,,,ALPA LABORATORIES LTD,69.8,69.8,67.1,68.91,68.93,68.25,,68.91,,,7074,483791.88,90,F1,1,,,,,
2026-07-13,2026-07-13,CM,NSE,STK,22688,INE0R4701017,ALPEXSOLAR,SM,,,,,ALPEX SOLAR LIMITED,794.9,829.9,776.55,798.45,798.0,800.05,,798.45,,,57400,45960300.0,398,F1,100,,,,,
2026-07-13,2026-07-13,CM,NSE,STK,14597,INE137C01018,ALPHAGEO,EQ,,,,,ALPHAGEO (INDIA) LIMITED,199.12,202.3,193.2,199.92,200.45,199.12,,199.92,,,4206,840546.1,86,F1,1,,,,,
2026-07-13,2026-07-13,CM,NSE,STK,23474,INE0STM01017,ALUWIND,SM,,,,,ALUWIND INFRA-TECH LTD,42.3,45.0,40.0,45.0,45.0,43.2,,45.0,,,136500,5783850.0,67,F1,1500,,,,,
2026-07-13,2026-07-13,CM,NSE,STK,760740,INE121R01077,AMAGI,EQ,,,,,AMAGI MEDIA LABS LIMITED,580.2,591.0,563.05,583.2,579.5,580.2,,583.2,,,429349,247437783.15,13432,F1,1,,,,,
2026-07-13,2026-07-13,CM,NSE,STK,758910,INE084K01015,AMANTA,BE,,,,,AMANTA HEALTHCARE LIMITED,175.59,175.59,175.59,175.59,175.59,179.17,,176.4,,,14660,2574149.4,133,F1,1,,,,,
2026-07-13,2026-07-13,CM,NSE,STK,100,INE885A01032,ARE&M,EQ,,,,,AMARA RAJA ENERGY MOB LTD,883.0,912.9,873.45,909.05,908.0,890.05,,909.05,,,1496285,1345897307.65,51293,F1,1,,,,,
2026-07-13,2026-07-13,CM,NSE,STK,763256,INE293601014,AMBAAUTO,SM,,,,,AMBA AUTO SALES AND SER L,87.0,87.0,85.0,86.1,86.5,85.0,,86.1,,,9000,776150.0,9,F1,1000,,,,,
2026-07-13,2026-07-13,CM,NSE,STK,762543,INE432A01017,AMBALALSA,EQ,,,,,AMBALAL SARABHAI ENT L,30.92,32.23,30.82,31.38,31.32,31.07,,31.32,,,47686,1495354.92,444,F1,1,,,,,
2026-07-13,2026-07-13,CM,NSE,STK,1185,INE371P01015,AMBER,EQ,,,,,AMBER ENTERPRISES (I) LTD,7779.5,7954.5,7723.0,7771.0,7779.0,7779.0,,7770.5,,,375180,2934202007.0,37832,F1,1,,,,,
2026-07-13,2026-07-13,CM,NSE,STK,11496,INE792B01012,AMBICAAGAR,EQ,,,,,AMBICA AGAR & AROMAINDLTD,24.5,25.5,24.5,24.66,25.44,24.84,,24.66,,,2429,60767.07,31,F1,1,,,,,
2026-07-13,2026-07-13,CM,NSE,STK,15234,INE540G01014,AMBIKCO,EQ,,,,,AMBIKA COTTON MILL LTD.,1724.6,1771.9,1720.6,1735.2,1746.0,1744.6,,1734.9,,,7101,12366492.5,1019,F1,1,,,,,
2026-07-13,2026-07-13,CM,NSE,STK,1270,INE079A01024,AMBUJACEM,EQ,,,,,AMBUJA CEMENTS LTD,430.0,434.45,429.4,432.15,432.6,436.45,,432.15,,,733484,316947000.6,14095,F1,1,,,,,
2026-07-13,2026-07-13,CM,NSE,STK,14398,INE005I01014,AMDIND,EQ,,,,,AMD INDUSTRIES LIMITED,45.9,46.58,45.02,45.89,45.9,46.24,,45.95,,,3746,171652.3,158,F1,1,,,,,
2026-07-13,2026-07-13,CM,NSE,STK,10898,INE0KT901015,AMEYA,SM,,,,,AMEYA PRECISION ENG LTD,107.35,114.95,107.35,111.75,111.75,112.95,,111.75,,,6000,669450.0,6,F1,1000,,,,,
2026-07-13,2026-07-13,CM,NSE,STK,19867,INE275D01022,AMNPLST,EQ,,,,,AMINES & PLASTICIZERS LTD,206.95,209.0,199.63,206.84,207.95,207.64,,206.72,,,23269,4726420.4,1322,F1,1,,,,,
2026-07-13,2026-07-13,CM,NSE,STK,761670,INE05TO01019,AMIRCHAND,EQ,,,,,AMIR CHAND JAG KUM (E) L,177.0,184.0,177.0,179.8,179.08,177.11,,179.8,,,651607,117629949.09,6191,F1,1,,,,,
2026-07-13,2026-07-13,CM,NSE,STK,2598,INE606A01024,AMJLAND,EQ,,,,,AMJ LAND HOLDINGS LIMITED,38.18,38.83,37.28,38.18,37.64,38.18,,38.18,,,6335,240868.1,92,F1,1,,,,,
2026-07-13,2026-07-13,CM,NSE,STK,17547,INE098F01031,AMRUTANJAN,EQ,,,,,AMRUTAJAN HEALTH LTD,535.0,543.0,530.1,540.45,541.2,538.2,,540.45,,,26143,14040370.3,1261,F1,1,,,,,
2026-07-13,2026-07-13,CM,NSE,STK,759956,INE549H01021,ARSSBL,EQ,,,,,ANAND RATHI SH N STK BR L,565.0,584.0,565.0,580.85,582.35,570.45,,580.85,,,422245,244389303.7,9808,F1,1,,,,,
2026-07-13,2026-07-13,CM,NSE,STK,7145,INE463V01026,ANANDRATHI,EQ,,,,,ANAND RATHI WEALTH LTD,2140.8,2143.0,2095.8,2117.7,2119.9,2146.8,,2117.7,,,384240,814525833.2,27247,F1,1,,,,,
2026-07-13,2026-07-13,CM,NSE,STK,13620,INE242C01024,ANANTRAJ,EQ,,,,,ANANT RAJ LIMITED,580.0,591.25,572.0,589.15,588.95,585.85,,589.15,,,2623045,1525664707.8,42437,F1,1,,,,,
2026-07-13,2026-07-13,CM,NSE,STK,759363,INE1UA823019,ANANTAM,IV,,,,,ANANTAM HIGHWAYS TRUST,104.32,104.5,103.9,104.0,104.0,104.32,,104.0,,,52672,5483423.06,145,F1,1,,,,,
2026-07-13,2026-07-13,CM,NSE,STK,15420,INE666E01020,ACL,EQ,,,,,ANDHRA CEMENTS LIMITED,49.39,49.94,49.0,49.4,49.45,49.15,,49.4,,,8070,399575.12,144,F1,1,,,,,
2026-07-13,2026-07-13,CM,NSE,STK,166,INE435A01051,ANDHRAPAP,EQ,,,,,ANDHRA PAPER LIMITED,62.06,62.5,61.31,61.76,61.98,62.06,,61.76,,,17615,1090130.14,549,F1,1,,,,,
2026-07-13,2026-07-13,CM,NSE,STK,136,INE715B01021,ANDHRSUGAR,EQ,,,,,ANDHRA SUGARS LTD,83.81,87.95,83.81,85.95,85.7,85.17,,85.9,,,360881,31173001.54,4035,F1,1,,,,,
2026-07-13,2026-07-13,CM,NSE,STK,324,INE732I01021,ANGELONE,EQ,,,,,ANGEL ONE LIMITED,342.6,345.0,335.55,340.25,340.7,346.05,,340.25,,,4644480,1575071223.4,40259,F1,1,,,,,
2026-07-13,2026-07-13,CM,NSE,STK,482,INE635Y01015,AISL,SM,,,,,ANI INTEGRATED SERV LTD.,58.2,58.2,58.2,58.2,58.2,57.35,,58.2,,,600,34920.0,1,F1,600,,,,,
2026-07-13,2026-07-13,CM,NSE,STK,16661,INE087B01017,ANIKINDS,BE,,,,,ANIK INDUSTRIES LTD,43.51,45.95,43.51,44.82,44.82,45.29,,44.99,,,4962,218885.04,32,F1,1,,,,,
2026-07-13,2026-07-13,CM,NSE,STK,20453,INE071F01012,APCL,EQ,,,,,ANJANI PORTLAND CEM LTD,105.0,108.0,103.51,105.0,105.95,104.95,,104.92,,,16509,1748420.42,141,F1,1,,,,,
2026-07-13,2026-07-13,CM,NSE,STK,25878,INE106I01010,ANKITMETAL,BZ,,,,,ANKIT MET & POW LTD,1.54,1.54,1.44,1.47,1.47,1.51,,1.47,,,6481,9401.49,38,F1,1,,,,,
2026-07-13,2026-07-13,CM,NSE,STK,758968,INE0Y8W01025,AHCL,EQ,,,,,ANLON HEALTHCARE LIMITED,15.52,15.67,15.35,15.39,15.41,15.59,,15.4,,,1468438,22706339.59,3161,F1,1,,,,,
2026-07-13,2026-07-13,CM,NSE,STK,13664,INE0LR101013,ANLON,ST,,,,,ANLON TECHNOLOGY SOL LTD,615.0,639.95,615.0,634.95,639.95,624.0,,634.95,,,2400,1497980.0,6,F1,400,,,,,
2026-07-13,2026-07-13,CM,NSE,STK,3727,INE02AR01019,ANMOL,EQ,,,,,ANMOL INDIA LIMITED,11.06,11.06,10.85,10.93,10.9,10.94,,10.93,,,19300,211179.66,123,F1,1,,,,,
2026-07-13,2026-07-13,CM,NSE,STK,11198,INE0MGM01017,ANNAPURNA,SM,,,,,ANNAPURNA SWADISHT LTD,132.0,133.8,131.5,133.2,133.5,132.0,,133.2,,,26750,3555362.5,53,F1,250,,,,,
2026-07-13,2026-07-13,CM,NSE,STK,758740,INE0VTV01012,ANONDITA,SM,,,,,ANONDITA MEDICARE LIMITED,1160.6,1160.6,1073.2,1089.25,1073.2,1160.6,,1089.25,,,58400,64592500.0,237,F1,200,,,,,
2026-07-13,2026-07-13,CM,NSE,STK,19677,INE436A01026,ANSALAPI,BZ,,,,,ANSAL PROP & INFRA LTD,2.58,2.58,2.51,2.58,2.58,2.53,,2.58,,,76322,196864.06,32,F1,1,,,,,
2026-07-13,2026-07-13,CM,NSE,STK,5194,INE414B01021,ANTGRAPHIC,EQ,,,,,ANTARCTICA LTD,0.77,0.79,0.77,0.78,0.77,0.78,,0.78,,,197470,153474.05,217,F1,1,,,,,
2026-07-13,2026-07-13,CM,NSE,STK,13598,INE818A01017,ANTELOPUS,EQ,,,,,ANTELOPUS SELAN ENRGY LTD,815.0,856.0,815.0,847.6,852.0,817.3,,847.65,,,210783,177247678.1,7726,F1,1,,,,,
2026-07-13,2026-07-13,CM,NSE,STK,757885,INE0CZ201020,ANTHEM,EQ,,,,,ANTHEM BIOSCIENCES LTD,753.55,754.05,744.25,747.65,749.75,754.7,,747.65,,,299433,224436337.2,23669,F1,1,,,,,
2026-07-13,2026-07-13,CM,NSE,STK,1797,INE01BK01022,AWHCL,EQ,,,,,ANTONY WASTE HDG CELL LTD,453.65,463.5,446.2,457.9,459.05,464.85,,457.9,,,168536,76984697.8,6692,F1,1,,,,,
2026-07-13,2026-07-13,CM,NSE,STK,28314,INE489G01022,ANUHPHR,EQ,,,,,ANUH PHARMA LIMITED,80.5,80.5,78.02,78.77,78.92,78.79,,78.77,,,40801,3225304.65,1461,F1,1,,,,,
2026-07-13,2026-07-13,CM,NSE,STK,2829,INE930P01018,ANURAS,EQ,,,,,ANUPAM RASAYAN INDIA LTD,1269.7,1294.5,1256.0,1269.7,1256.0,1268.0,,1269.7,,,2304055,2934342964.0,32237,F1,1,,,,,
2026-07-13,2026-07-13,CM,NSE,STK,28983,INE0SI601032,ANYA,SM,,,,,ANYA POLYTECH & FERTI LTD,15.1,15.35,15.1,15.35,15.35,15.55,,15.35,,,60000,908250.0,8,F1,5000,,,,,
2026-07-13,2026-07-13,CM,NSE,STK,11945,INE0MIZ23019,ANZEN,IV,,,,,ANZEN IND ENE YLD PLU TRU,130.0,130.0,130.0,130.0,130.0,126.05,,130.0,,,25000,3250000.0,1,F1,25000,,,,,
2026-07-13,2026-07-13,CM,NSE,STK,758904,INF1J2R01114,AONEGOLD,EQ,,,,,AONEAMC - AONEGOLD,13.34,13.34,13.05,13.25,13.2,13.35,,13.25,,,465948,6170616.65,1682,F1,1,,,,,
2026-07-13,2026-07-13,CM,NSE,STK,30472,INF1J2R01056,AONELIQUID,EQ,,,,,AONEAMC - AONELIQUID,1067.91,1067.91,1067.89,1067.89,1067.91,1067.75,,1067.89,,,13357,14263854.0,118,F1,1,,,,,
2026-07-13,2026-07-13,CM,NSE,STK,757096,INF1J2R01064,AONENIFTY,EQ,,,,,AONEAMC - AONENIFTY,10.2,10.2,9.71,9.97,9.98,9.96,,9.97,,,102473,1018452.71,1335,F1,1,,,,,
2026-07-13,2026-07-13,CM,NSE,STK,760193,INF1J2R01171,AONESILVER,EQ,,,,,AONEAMC - AONESILVER,8.57,8.57,8.21,8.31,8.31,8.37,,8.31,,,697807,5775299.73,1406,F1,1,,,,,
2026-07-13,2026-07-13,CM,NSE,STK,759992,INF1J2R01148,AONETMMQ50,EQ,,,,,AONEAMC - AONETMMQ50,10.15,10.26,10.0,10.06,10.16,10.09,,10.06,,,185788,1866852.86,440,F1,1,,,,,
2026-07-13,2026-07-13,CM,NSE,STK,29975,INF1J2R01015,AONETOTAL,EQ,,,,,AONEAMC - AONETOTAL,11.59,12.12,11.59,11.87,11.89,11.89,,11.87,,,228930,2715721.1,1820,F1,1,,,,,
2026-07-13,2026-07-13,CM,NSE,STK,11491,INE372A01015,APARINDS,EQ,,,,,APAR INDUSTRIES LTD.,13950.0,14100.0,13705.0,13847.0,13900.0,14058.0,,13845.0,,,64988,903411805.0,16718,F1,1,,,,,
2026-07-13,2026-07-13,CM,NSE,STK,154,INE116A01032,APCOTEXIND,EQ,,,,,APCOTEX INDUSTRIES LIMITE,502.8,529.8,501.1,519.35,521.6,507.4,,519.4,,,96956,50593466.6,4212,F1,1,,,,,
2026-07-13,2026-07-13,CM,NSE,STK,27291,INE0T4V01015,APEXECO,ST,,,,,APEX ECOTECH LIMITED,266.8,266.9,255.05,266.9,266.9,254.2,,266.9,,,9600,2543040.0,12,F1,800,,,,,
2026-07-13,2026-07-13,CM,NSE,STK,21623,INE346W01013,APEX,EQ,,,,,APEX FROZEN FOODS LIMITED,384.1,418.8,384.1,413.25,411.0,390.5,,413.2,,,373323,152548278.2,9080,F1,1,,,,,
2026-07-13,2026-07-13,CM,NSE,STK,25780,INE702C01027,APLAPOLLO,EQ,,,,,APL APOLLO TUBES LTD,1828.9,1835.9,1808.1,1828.7,1826.9,1835.9,,1828.7,,,424716,774162774.7,27947,F1,1,,,,,
2026-07-13,2026-07-13,CM,NSE,STK,757182,INE0TLC07069,930APMD29,N0,,,,,APMD 9.30% 2029 STRPP C,103100.0,103100.0,103100.0,103100.0,103100.0,103100.0,,103100.0,,,20,2062000.0,4,F1,1,,,,,
2026-07-13,2026-07-13,CM,NSE,STK,757184,INE0TLC07077,930APMD30,N0,,,,,APMD 9.30% 2030 STRPP D,104652.12,104652.12,104652.12,104652.12,104652.12,104325.89,,104652.12,,,32,3348867.84,3,F1,1,,,,,
2026-07-13,2026-07-13,CM,NSE,STK,757186,INE0TLC07051,930APMD31,N0,,,,,APMD 9.30% 2031 STRPP E,104900.0,104900.0,104900.0,104900.0,104900.0,104850.0,,104900.0,,,1,104900.0,1,F1,1,,,,,
2026-07-13,2026-07-13,CM,NSE,STK,157,INE437A01024,APOLLOHOSP,EQ,,,,,APOLLO HOSPITALS ENTER. L,8879.0,8932.0,8764.5,8782.5,8787.0,8841.0,,8782.5,,,410798,3619599736.5,59976,F1,1,,,,,
2026-07-13,2026-07-13,CM,NSE,STK,1134,INE713T01028,APOLLO,EQ,,,,,APOLLO MICRO SYSTEMS LTD,408.0,408.65,400.5,402.85,403.85,408.85,,402.85,,,5541475,2236323698.9,60312,F1,1,,,,,
2026-07-13,2026-07-13,CM,NSE,STK,14361,INE126J01016,APOLLOPIPE,EQ,,,,,APOLLO PIPES LIMITED,508.6,524.0,497.9,511.35,507.9,511.1,,511.3,,,184238,94062040.5,7220,F1,1,,,,,
2026-07-13,2026-07-13,CM,NSE,STK,6302,INE451F01024,APOLSINHOT,EQ,,,,,APOLLO SINDOORI HOTEL LTD,1274.0,1274.0,1207.2,1219.7,1220.6,1210.2,,1219.7,,,485,594062.9,59,F1,1,,,,,
2026-07-13,2026-07-13,CM,NSE,STK,163,INE438A01022,APOLLOTYRE,EQ,,,,,APOLLO TYRES LTD,436.95,443.75,434.25,440.6,442.4,440.1,,440.6,,,360224,158189365.7,10419,F1,1,,,,,
2026-07-13,2026-07-13,CM,NSE,STK,760364,INE0M2307321,915APSBC27,N0,,,,,APSBC 9.15% 2027 STRPP B,100902.01,101600.0,100902.01,101600.0,101600.0,100902.01,,101600.0,,,2,202502.01,2,F1,1,,,,,
2026-07-13,2026-07-13,CM,NSE,STK,760370,INE0M2307339,915APSBC30,N0,,,,,APSBC 9.15% 2030 STRPP E,102350.0,102350.0,102350.0,102350.0,102350.0,102890.83,,102350.0,,,2,204700.0,2,F1,1,,,,,
2026-07-13,2026-07-13,CM,NSE,STK,761435,INE1OOJ01011,APSISAERO,ST,,,,,APSIS AEROCOM LIMITED,371.25,371.25,371.25,371.25,371.25,364.0,,371.25,,,9600,3564000.0,6,F1,1200,,,,,
2026-07-13,2026-07-13,CM,NSE,STK,14074,INE266F01018,APTECHT,BE,,,,,APTECH LIMITED,100.2,101.79,98.05,98.93,99.0,100.09,,98.94,,,72058,7156847.39,617,F1,1,,,,,
2026-07-13,2026-07-13,CM,NSE,STK,5435,INE852O01025,APTUS,EQ,,,,,APTUS VALUE HSG FIN I LTD,283.0,298.95,280.15,289.5,290.0,283.8,,289.5,,,1827306,534258040.25,35642,F1,1,,,,,
2026-07-13,2026-07-13,CM,NSE,STK,23365,INE416A01051,AQYLON,EQ,,,,,AQYLON NEXUS LIMITED,39.83,41.08,37.92,39.35,39.41,39.13,,39.35,,,3110524,124010029.17,9130,F1,1,,,,,
2026-07-13,2026-07-13,CM,NSE,STK,758673,INE0YDV01010,ARCIIL,ST,,,,,ARC INSULATION & INSU LTD,42.45,43.0,42.45,42.8,42.8,42.45,,42.8,,,6000,257200.0,6,F1,1000,,,,,
2026-07-13,2026-07-13,CM,NSE,STK,12024,INE128X01021,ACI,EQ,,,,,ARCHEAN CHEMICAL IND LTD,524.95,533.5,520.2,529.25,527.25,527.45,,529.3,,,56890,30104661.4,4182,F1,1,,,,,
2026-07-13,2026-07-13,CM,NSE,STK,16795,INE877I01016,ARCHIDPLY,EQ,,,,,ARCHIDPLY IND. LTD,81.62,81.62,80.12,80.2,80.2,81.62,,80.2,,,471,38204.02,36,F1,1,,,,,
2026-07-13,2026-07-13,CM,NSE,STK,5688,INE731A01020,ARCHIES,EQ,,,,,ARCHIES LTD,14.2,14.5,13.6,14.41,14.09,13.74,,14.35,,,26815,383212.14,159,F1,1,,,,,
2026-07-13,2026-07-13,CM,NSE,STK,758700,INE784R01023,ARFIN,EQ,,,,,ARFIN INDIA LIMITED,88.65,89.65,86.25,87.15,87.69,89.65,,87.16,,,2640665,233931680.99,7303,F1,1,,,,,
2026-07-13,2026-07-13,CM,NSE,STK,13092,INE0L2Y01011,ARHAM,SM,,,,,ARHAM TECHNOLOGIES LTD,139.0,140.95,137.75,140.9,140.9,138.95,,140.9,,,8000,1114450.0,7,F1,1000,,,,,
2026-07-13,2026-07-13,CM,NSE,STK,15204,INE298I01015,ARIES,EQ,,,,,ARIES AGRO LTD.,347.9,349.7,339.15,346.35,347.0,344.15,,346.35,,,9681,3355030.35,545,F1,1,,,,,
2026-07-13,2026-07-13,CM,NSE,STK,3813,INE420B01036,ARIHANTCAP,EQ,,,,,ARIHANT CAPITAL MKTS LTD,74.07,74.93,73.5,73.95,73.5,75.06,,73.95,,,103681,7680930.84,1551,F1,1,,,,,
2026-07-13,2026-07-13,CM,NSE,STK,13885,INE413D01011,ARIHANT,EQ,,,,,ARIHANT FOUN & HOU LTD,799.8,819.9,792.05,816.65,819.9,808.65,,816.55,,,2814,2277889.6,245,F1,1,,,,,
2026-07-13,2026-07-13,CM,NSE,STK,20159,INE643K01018,ARIHANTSUP,EQ,,,,,ARIHANT SUPERSTRUCT LTD,260.2,272.0,260.1,262.9,266.0,263.25,,262.9,,,36502,9764251.45,759,F1,1,,,,,
2026-07-13,2026-07-13,CM,NSE,STK,757614,INE0H9P01028,ARIS,EQ,,,,,ARISINFRA SOLUTIONS LTD,109.61,110.25,108.1,109.17,109.5,109.33,,109.17,,,133936,14629442.4,2092,F1,1,,,,,
2026-07-13,2026-07-13,CM,NSE,STK,13931,INE082101010,ARISTO,ST,,,,,ARISTO BIO T AND LIFESC L,99.85,99.85,99.85,99.85,99.85,95.1,,99.85,,,800,79880.0,1,F1,800,,,,,
2026-07-13,2026-07-13,CM,NSE,STK,25398,INE0QRL01017,ARKADE,EQ,,,,,ARKADE DEVELOPERS LIMITED,133.1,142.0,132.56,140.85,141.2,132.56,,140.86,,,4253544,584649797.87,22784,F1,1,,,,,
2026-07-13,2026-07-13,CM,NSE,STK,17263,INE109C01017,ARMANFIN,EQ,,,,,ARMAN FIN SERV LTD,1811.0,1999.0,1780.0,1965.8,1950.0,1813.0,,1965.5,,,171770,329892432.4,15278,F1,1,,,,,
2026-07-13,2026-07-13,CM,NSE,STK,14557,INE210C01013,AROGRANITE,EQ,,,,,ARO GRANITE IND. LTD.,25.2,25.7,25.0,25.7,25.7,25.29,,25.7,,,1059,26779.55,27,F1,1,,,,,
2026-07-13,2026-07-13,CM,NSE,STK,9264,INE570D01018,ARROWGREEN,BE,,,,,ARROW GREENTECH LIMITED,695.0,702.5,663.0,695.7,699.0,694.75,,695.75,,,20534,14052837.0,532,F1,1,,,,,
2026-07-13,2026-07-13,CM,NSE,STK,29015,INE968D01022,ARSHIYA,BZ,,,,,ARSHIYA LIMITED,1.06,1.06,1.02,1.02,1.06,1.04,,1.02,,,100727,104417.04,66,F1,1,,,,,
2026-07-13,2026-07-13,CM,NSE,STK,6156,INE738V01013,ARTNIRMAN,EQ,,,,,ART NIRMAN LIMITED,39.7,41.56,39.7,41.54,41.52,40.57,,41.54,,,659,26259.45,16,F1,1,,,,,
2026-07-13,2026-07-13,CM,NSE,STK,761330,INE757T01025,AEPL,EQ,,,,,ARTEMIS ELECTRICALS & P L,17.33,17.33,15.6,16.78,16.87,16.91,,16.65,,,9677,159032.63,100,F1,1,,,,,
2026-07-13,2026-07-13,CM,NSE,STK,16913,INE025R01021,ARTEMISMED,EQ,,,,,ARTEMIS MED SERVICE LTD,275.0,278.9,271.55,277.4,278.0,277.0,,277.35,,,171505,47204629.5,4469,F1,1,,,,,
2026-07-13,2026-07-13,CM,NSE,STK,756899,INE0TTG01017,ARUNAYA,ST,,,,,ARUNAYA ORGANICS LIMITED,16.7,16.7,16.7,16.7,16.7,16.75,,16.7,,,2000,33400.0,1,F1,2000,,,,,
2026-07-13,2026-07-13,CM,NSE,STK,2814,INE006Z01016,ARVEE,EQ,,,,,ARVEE LABORATORIES I LTD,155.1,159.0,155.0,158.0,158.0,160.0,,158.0,,,725,112552.35,29,F1,1,,,,,
2026-07-13,2026-07-13,CM,NSE,STK,9111,INE955V01021,ARVINDFASN,EQ,,,,,ARVIND FASHIONS LIMITED,465.0,477.2,459.7,474.85,474.5,466.0,,474.85,,,233535,109824897.15,12875,F1,1,,,,,
2026-07-13,2026-07-13,CM,NSE,STK,193,INE034A01011,ARVIND,EQ,,,,,ARVIND LIMITED,524.5,547.9,514.6,544.35,546.95,526.7,,544.35,,,770245,414883109.4,34656,F1,1,,,,,
2026-07-13,2026-07-13,CM,NSE,STK,19587,INE0P4T01013,ARVINDPORT,ST,,,,,ARVIND PORT AND INFRA LTD,30.0,30.0,30.0,30.0,30.0,30.0,,30.0,,,3000,90000.0,2,F1,1500,,,,,
2026-07-13,2026-07-13,CM,NSE,STK,10457,INE034S01021,ARVSMART,EQ,,,,,ARVIND SMARTSPACES LTD,610.05,621.0,606.6,615.1,615.0,612.5,,615.15,,,45344,27927401.75,1811,F1,1,,,,,
2026-07-13,2026-07-13,CM,NSE,STK,5378,INE439A01020,ASAHIINDIA,EQ,,,,,ASAHI INDIA GLASS LIMITED,917.7,933.0,907.0,924.0,922.95,914.9,,923.9,,,138795,128233613.0,9260,F1,1,,,,,
2026-07-13,2026-07-13,CM,NSE,STK,25088,INE228I01012,ASAHISONG,EQ,,,,,ASAHI SONGWON COLOR LTD,274.1,286.8,274.0,283.95,284.0,269.65,,283.9,,,16187,4553704.0,1515,F1,1,,,,,
2026-07-13,2026-07-13,CM,NSE,STK,24711,INE0LAA01017,ASHALOG,SM,,,,,ASHAPURA LOGISTICS LTD,54.7,54.75,54.7,54.7,54.75,52.9,,54.7,,,3000,164150.0,2,F1,1000,,,,,
2026-07-13,2026-07-13,CM,NSE,STK,203,INE348A01023,ASHAPURMIN,EQ,,,,,ASHAPURA MINECHEM LTD,645.05,709.7,637.6,703.5,700.25,646.35,,703.5,,,1451484,997305502.15,39513,F1,1,,,,,
2026-07-13,2026-07-13,CM,NSE,STK,24403,INE365D01021,ASHIANA,EQ,,,,,ASHIANA HOUSING LTD,369.95,389.25,368.55,376.0,375.1,374.65,,376.0,,,72483,27561154.9,2944,F1,1,,,,,
2026-07-13,2026-07-13,CM,NSE,STK,762548,INE094B01013,ASHIKA,EQ,,,,,ASHIKA CREDIT CAPITAL L,400.2,406.0,398.05,399.35,399.05,399.2,,399.3,,,208492,84101557.2,1835,F1,1,,,,,
2026-07-13,2026-07-13,CM,NSE,STK,206,INE440A01010,ASHIMASYN,EQ,,,,,ASHIMA LTD,14.91,15.25,14.8,14.85,14.83,15.05,,14.85,,,80186,1194105.81,199,F1,1,,,,,
2026-07-13,2026-07-13,CM,NSE,STK,212,INE208A01029,ASHOKLEY,EQ,,,,,ASHOK LEYLAND LTD,154.3,160.37,153.3,159.22,159.0,157.49,,159.22,,,17695602,2787288417.27,124378,F1,1,,,,,
2026-07-13,2026-07-13,CM,NSE,STK,20182,INE442H01029,ASHOKA,EQ,,,,,ASHOKA BUILDCON LTD,130.2,133.0,129.0,132.16,133.0,131.59,,132.25,,,748103,98476813.27,5837,F1,1,,,,,
2026-07-13,2026-07-13,CM,NSE,STK,16943,INE760Y01011,ASHOKAMET,EQ,,,,,ASHOKA METCAST LIMITED,14.97,15.25,14.4,14.81,14.89,14.75,,14.8,,,31355,466095.48,151,F1,1,,,,,
2026-07-13,2026-07-13,CM,NSE,STK,760418,INE1A6Q01010,ASHWINI,SM,,,,,ASHWINI CONTAINER MOVER L,189.0,189.0,187.0,187.0,187.0,190.2,,187.0,,,6000,1126100.0,5,F1,1000,,,,,
2026-07-13,2026-07-13,CM,NSE,STK,7030,INE276G01015,ASIANENE,EQ,,,,,ASIAN ENERGY SERVICES LTD,333.65,342.65,327.65,339.8,341.15,333.65,,339.75,,,141722,47507040.0,5040,F1,1,,,,,
2026-07-13,2026-07-13,CM,NSE,STK,14889,INE022I01019,ASIANTILES,EQ,,,,,ASIAN GRANITO IND. LTD.,48.0,48.65,47.82,48.43,48.65,48.84,,48.43,,,348325,16804368.48,2551,F1,1,,,,,
2026-07-13,2026-07-13,CM,NSE,STK,19438,INE926K01017,AHLEAST,EQ,,,,,ASIAN HOTELS (EAST) LTD,139.92,145.0,139.92,142.32,143.96,142.47,,142.47,,,1879,270018.74,43,F1,1,,,,,
2026-07-13,2026-07-13,CM,NSE,STK,18422,INE363A01022,ASIANHOTNR,EQ,,,,,ASIAN HOTELS (NORTH) LTD,315.5,343.8,314.1,316.55,320.0,316.25,,316.8,,,21988,7055144.25,749,F1,1,,,,,
2026-07-13,2026-07-13,CM,NSE,STK,19370,INE915K01010,AHLWEST,BE,,,,,ASIAN HOTELS (WEST) LTD,560.0,609.0,560.0,575.0,575.0,584.3,,575.0,,,579,325916.1,15,F1,1,,,,,
2026-07-13,2026-07-13,CM,NSE,STK,236,INE021A01026,ASIANPAINT,EQ,,,,,ASIAN PAINTS LIMITED,2650.5,2664.4,2630.1,2652.1,2649.4,2677.8,,2652.1,,,1107802,2934994071.3,69795,F1,1,,,,,
2026-07-13,2026-07-13,CM,NSE,STK,762553,INE194D01017,ASTAR,EQ,,,,,ASIAN STAR CO. LTD.,598.0,600.0,598.0,600.0,600.0,601.0,,600.0,,,5,2998.0,2,F1,1,,,,,
2026-07-13,2026-07-13,CM,NSE,STK,20152,INE491J01022,ASKAUTOLTD,EQ,,,,,ASK AUTOMOTIVE LIMITED,469.9,479.2,465.15,470.35,471.6,471.85,,470.3,,,142910,67670143.65,7028,F1,1,,,,,
2026-07-13,2026-07-13,CM,NSE,STK,17270,INE991I01015,ASPINWALL,EQ,,,,,ASPINWALL & CO LTD,251.0,255.0,240.54,251.1,255.0,245.63,,251.1,,,6541,1633474.02,216,F1,1,,,,,
2026-07-13,2026-07-13,CM,NSE,STK,23396,INE0S7801010,ASPIRE,SM,,,,,ASPIRE & INNOVATIVE ADV L,13.3,13.5,13.3,13.5,13.5,13.95,,13.5,,,6000,80200.0,3,F1,2000,,,,,
2026-07-13,2026-07-13,CM,NSE,STK,17598,INE073G01016,ASALCBR,EQ,,,,,ASSO ALCOHOLS & BREW LTD,827.9,838.0,819.45,829.25,833.0,827.9,,829.25,,,26559,22024514.2,1354,F1,1,,,,,
2026-07-13,2026-07-13,CM,NSE,STK,17728,INE563J01010,ASTEC,EQ,,,,,ASTEC LIFESCIENCES LTD,690.2,690.2,682.0,686.65,687.0,689.2,,686.65,,,11613,7943709.95,712,F1,1,,,,,
2026-07-13,2026-07-13,CM,NSE,STK,1508,INE914M01019,ASTERDM,EQ,,,,,ASTER DM HEALTHCARE LTD.,808.0,823.5,805.05,814.9,816.0,808.9,,814.9,,,595685,486041230.1,31746,F1,1,,,,,
2026-07-13,2026-07-13,CM,NSE,STK,11618,INE386C01029,ASTRAMICRO,EQ,,,,,ASTRA MICROWAVE LTD,1803.7,1803.7,1705.0,1719.7,1725.0,1803.7,,1719.4,,,659399,1148626617.3,38321,F1,1,,,,,
2026-07-13,2026-07-13,CM,NSE,STK,14418,INE006I01046,ASTRAL,EQ,,,,,ASTRAL LIMITED,1333.0,1335.0,1315.1,1330.9,1334.0,1333.8,,1330.9,,,269697,357132664.1,19854,F1,1,,,,,
2026-07-13,2026-07-13,CM,NSE,STK,5610,INE203A01020,ASTRAZEN,EQ,,,,,ASTRAZENECA PHARMA IND LT,8138.0,8404.0,8025.0,8291.0,8338.0,8117.5,,8289.0,,,12191,100194926.5,3660,F1,1,,,,,
2026-07-13,2026-07-13,CM,NSE,STK,880,INE646X01014,ASTRON,BE,,,,,ASTRON PAPER BORD MIL LTD,3.89,3.89,3.7,3.76,3.77,3.79,,3.76,,,10675,40147.81,73,F1,1,,,,,
2026-07-13,2026-07-13,CM,NSE,STK,15649,INE0ALR01029,ATALREAL,EQ,,,,,ATAL REALTECH LIMITED,29.31,29.5,27.85,28.96,29.0,29.31,,28.96,,,5719605,164948816.57,30397,F1,1,,,,,
2026-07-13,2026-07-13,CM,NSE,STK,15404,INE09KD01013,ATAM,EQ,,,,,ATAM VALVES LIMITED,68.19,71.1,67.25,69.94,71.0,68.19,,70.03,,,14706,1026670.55,145,F1,1,,,,,
2026-07-13,2026-07-13,CM,NSE,STK,756405,INE0V0Q01019,ATCENERGY,ST,,,,,ATC ENERGIES SYSTEM LTD,23.5,23.9,23.05,23.05,23.05,23.5,,23.05,,,6000,140400.0,3,F1,1200,,,,,
2026-07-13,2026-07-13,CM,NSE,STK,757645,INE0LEZ01016,ATHERENERG,EQ,,,,,ATHER ENERGY LIMITED,1225.8,1253.6,1161.3,1184.6,1192.0,1225.8,,1184.3,,,3601828,4375635541.7,103254,F1,1,,,,,
2026-07-13,2026-07-13,CM,NSE,STK,760953,IN90NN701011,ATLPP,E1,,,,,ATL RE.0.50 PPD UP,9.0,9.55,9.0,9.12,9.12,9.34,,9.25,,,3081,28855.81,27,F1,1,,,,,
2026-07-13,2026-07-13,CM,NSE,STK,759007,INE0Z4F01028,ATLANTAELE,EQ,,,,,ATLANTA ELECTRICALS LTD,1699.9,1780.1,1665.7,1709.8,1720.0,1695.4,,1709.7,,,79092,136598510.7,6947,F1,1,,,,,
2026-07-13,2026-07-13,CM,NSE,STK,13585,INE285H01022,ATLANTAA,EQ,,,,,ATLANTAA LIMITED,38.5,40.45,38.5,39.48,39.1,39.16,,39.48,,,28774,1146866.03,386,F1,1,,,,,
2026-07-13,2026-07-13,CM,NSE,STK,4568,INE446A01025,ATLASCYCLE,EQ,,,,,ATLAS CYCLE (HARYANA) LTD,104.9,104.9,97.1,97.89,98.0,97.31,,97.89,,,4611,464118.31,59,F1,1,,,,,
2026-07-13,2026-07-13,CM,NSE,STK,22788,INE05DH01017,ATMASTCO,ST,,,,,ATMASTCO LIMITED,162.2,166.8,158.6,163.75,163.75,161.85,,163.75,,,20800,3378400.0,37,F1,400,,,,,
2026-07-13,2026-07-13,CM,NSE,STK,30023,INE951D01028,ATULAUTO,EQ,,,,,ATUL AUTO LIMITED,489.15,492.4,485.5,487.3,486.0,491.25,,487.3,,,82878,40450787.3,2996,F1,1,,,,,
2026-07-13,2026-07-13,CM,NSE,STK,263,INE100A01010,ATUL,EQ,,,,,ATUL LTD,6236.0,6365.0,6187.5,6264.0,6268.0,6236.0,,6264.0,,,33877,212732875.5,8317,F1,1,,,,,
2026-07-13,2026-07-13,CM,NSE,STK,21238,INE949L01017,AUBANK,EQ,,,,,AU SMALL FINANCE BANK LTD,1068.7,1068.7,1051.5,1060.5,1061.0,1072.1,,1060.5,,,779934,825889116.9,36215,F1,1,,,,,
2026-07-13,2026-07-13,CM,NSE,STK,12022,INE132H01018,AURIONPRO,EQ,,,,,AURIONPRO SOLN LTD,853.1,894.0,849.0,885.25,886.0,857.8,,885.25,,,196080,172597211.4,12280,F1,1,,,,,
2026-07-13,2026-07-13,CM,NSE,STK,275,INE406A01037,AUROPHARMA,EQ,,,,,AUROBINDO PHARMA LTD,1564.9,1584.7,1541.0,1549.3,1554.5,1564.7,,1549.3,,,735761,1144798805.5,28113,F1,1,,,,,
2026-07-13,2026-07-13,CM,NSE,STK,10310,INE898S01029,AURUM,EQ,,,,,AURUM PROPTECH LIMITED,225.5,237.0,225.5,231.83,232.0,226.8,,231.83,,,212529,49399864.92,3133,F1,1,,,,,
2026-07-13,2026-07-13,CM,NSE,STK,9035,INE218C01016,AUSOMENT,BE,,,,,AUSOM ENTERPRISE LIMITED,122.5,124.79,120.0,123.85,124.79,122.13,,123.85,,,1627,200110.9,21,F1,1,,,,,
2026-07-13,2026-07-13,CM,NSE,STK,21451,INE0P0001010,APS,SM,,,,,AUSTRALIAN PREM SOLAR I L,300.6,307.5,300.0,301.9,301.6,300.6,,301.9,,,19250,5831700.0,71,F1,250,,,,,
2026-07-13,2026-07-13,CM,NSE,STK,23553,INE206F01022,AIIL,EQ,,,,,AUTHUM INVEST & INFRA LTD,511.5,521.9,506.8,520.0,519.0,514.0,,520.0,,,106355,54883475.85,6139,F1,1,,,,,
2026-07-13,2026-07-13,CM,NSE,STK,14110,INE718H01014,AUTOIND,BE,,,,,AUTOLINE INDUSTRIES LTD,97.64,102.5,96.0,98.88,102.0,97.64,,99.03,,,416363,41697119.8,2111,F1,1,,,,,
2026-07-13,2026-07-13,CM,NSE,STK,278,INE449A01011,AUTOAXLES,EQ,,,,,AUTOMOTIVE AXLES LIMITED,1773.7,1800.0,1758.2,1797.1,1796.0,1773.7,,1797.0,,,6271,11180575.5,842,F1,1,,,,,
2026-07-13,2026-07-13,CM,NSE,STK,10634,INE900C01027,ASAL,EQ,,,,,AUTOMOTIVE STAMPINGS & AS,521.9,539.7,511.5,523.75,525.0,523.7,,523.75,,,37831,20052543.85,2316,F1,1,,,,,
2026-07-13,2026-07-13,CM,NSE,STK,21410,INE349W01017,AVADHSUGAR,BE,,,,,AVADH SUG & ENERGY LTD,528.0,541.95,515.0,539.25,541.0,525.45,,539.25,,,37214,19894563.6,643,F1,1,,,,,
2026-07-13,2026-07-13,CM,NSE,STK,15058,INE0LCL01028,AVALON,EQ,,,,,AVALON TECHNOLOGIES LTD,1748.1,1748.8,1685.0,1720.9,1725.0,1768.1,,1720.7,,,175440,301801300.8,20575,F1,1,,,,,
2026-07-13,2026-07-13,CM,NSE,STK,760736,INE1KU201016,AVANA,ST,,,,,AVANA ELECTROSYSTEMS LTD,123.85,133.85,123.0,133.85,133.85,127.5,,133.85,,,48000,6159700.0,24,F1,2000,,,,,
2026-07-13,2026-07-13,CM,NSE,STK,24610,INE005B01027,AVANTEL,EQ,,,,,AVANTEL LIMITED,186.49,197.77,182.2,183.76,182.75,180.19,,183.76,,,27633446,5223086614.06,170904,F1,1,,,,,
2026-07-13,2026-07-13,CM,NSE,STK,7936,INE871C01038,AVANTIFEED,EQ,,,,,AVANTI FEEDS LIMITED,922.95,954.8,906.65,948.6,947.95,924.75,,948.65,,,346596,324421563.2,19558,F1,1,,,,,
2026-07-13,2026-07-13,CM,NSE,STK,19913,INE192R01011,DMART,EQ,,,,,AVENUE SUPERMARTS LIMITED,3950.0,4012.8,3908.0,3994.1,3994.5,4081.1,,3994.1,,,2286738,9109426695.7,168353,F1,1,,,,,
2026-07-13,2026-07-13,CM,NSE,STK,16249,INE483S01020,CCAVENUE,EQ,,,,,AVENUESAI LIMITED,17.91,18.4,17.76,18.21,18.18,18.1,,18.21,,,22637508,410020836.61,25953,F1,1,,,,,
2026-07-13,2026-07-13,CM,NSE,STK,15638,INE680Z01018,AVG,BE,,,,,AVG LOGISTICS LIMITED,209.79,218.69,201.82,212.53,212.0,209.79,,212.96,,,27267,5696879.42,292,F1,1,,,,,
2026-07-13,2026-07-13,CM,NSE,STK,25520,INE0TFB01017,AVIANSH,SM,,,,,AVI ANSH TEXTILE LIMITED,103.8,104.25,102.0,102.5,102.5,103.8,,102.5,,,7000,720050.0,7,F1,1000,,,,,
2026-07-13,2026-07-13,CM,NSE,STK,755092,INE0V9I01017,AVIENCE,SM,,,,,AVIENCE BIOMEDICALS LTD,270.1,287.0,268.5,285.85,286.75,277.75,,285.85,,,33000,9224790.0,45,F1,600,,,,,
2026-07-13,2026-07-13,CM,NSE,STK,14069,INE855F01042,ASMS,BE,,,,,AVIO SMART MRKT STACK LTD,7.12,7.12,6.96,7.05,7.02,7.04,,7.04,,,141648,992404.32,382,F1,1,,,,,
2026-07-13,2026-07-13,CM,NSE,STK,13557,INE323B01024,AVONMORE,EQ,,,,,AVONMORE CAP&MGT SERV LTD,9.92,10.3,9.92,10.0,10.2,9.99,,10.0,,,50968,514454.17,262,F1,1,,,,,
2026-07-13,2026-07-13,CM,NSE,STK,23159,INE0R9401019,AVPINFRA,SM,,,,,AVP INFRACON LIMITED,59.0,62.5,58.85,59.05,59.0,61.4,,59.05,,,95200,5735280.0,87,F1,800,,,,,
2026-07-13,2026-07-13,CM,NSE,STK,8827,INE652Z01025,AVROIND,EQ,,,,,AVRO INDIA LIMITED,9.79,9.96,9.41,9.55,9.6,9.79,,9.55,,,219943,2113743.38,1165,F1,1,,,,,
2026-07-13,2026-07-13,CM,NSE,STK,14008,INE488D01021,AVTNPL,EQ,,,,,AVT NATURAL PRODUCTS LTD,70.0,71.5,69.4,71.06,71.5,70.05,,71.06,,,20339,1432720.55,612,F1,1,,,,,
2026-07-13,2026-07-13,CM,NSE,STK,23864,INE108V01019,AWFIS,EQ,,,,,AWFIS SPACE SOLUTIONS LTD,300.3,306.05,298.5,299.2,299.6,303.2,,299.2,,,283229,85101842.6,6369,F1,1,,,,,
2026-07-13,2026-07-13,CM,NSE,STK,8110,INE699H01024,AWL,EQ,,,,,AWL AGRI BUSINESS LIMITED,188.01,191.5,187.02,189.38,189.0,190.0,,189.38,,,2744960,521206137.85,29509,F1,1,,,,,
2026-07-13,2026-07-13,CM,NSE,STK,5900,INE238A01034,AXISBANK,EQ,,,,,AXIS BANK LIMITED,1315.9,1329.9,1313.5,1319.4,1321.2,1323.7,,1319.4,,,3674483,4853512623.0,167092,F1,1,,,,,
2026-07-13,2026-07-13,CM,NSE,STK,1044,INF846K01X63,BNKETFAXIS,EQ,,,,,AXISAMC-BNKETFAXIS,594.96,599.19,594.89,598.46,598.5,597.61,,598.46,,,252,150392.08,29,F1,1,,,,,
2026-07-13,2026-07-13,CM,NSE,STK,5732,INF846K016C7,CONSUMAXIS,EQ,,,,,AXISAMC-CONSUMAXIS,121.16,121.98,118.99,120.3,120.3,121.16,,120.3,,,2898,346864.86,66,F1,1,,,,,
2026-07-13,2026-07-13,CM,NSE,STK,20532,INF846K01W80,GOLDAXIS,EQ,,,,,AXISAMC-GOLDAXIS,116.12,118.4,116.12,117.76,117.75,119.1,,117.76,,,4977363,586091946.78,7969,F1,1,,,,,
2026-07-13,2026-07-13,CM,NSE,STK,3608,INF846K01Z12,HEALTHAXIS,EQ,,,,,AXISAMC-HEALTHAXIS,165.89,166.91,164.7,166.43,166.91,165.89,,166.43,,,3286,543872.44,124,F1,1,,,,,
2026-07-13,2026-07-13,CM,NSE,STK,3010,INF846K01Y96,ITAXIS,EQ,,,,,AXISAMC-ITAXIS,306.87,321.7,306.87,318.92,319.0,308.41,,318.91,,,14003,4423028.66,240,F1,1,,,,,
2026-07-13,2026-07-13,CM,NSE,STK,21252,INF846K01W98,NIFTYAXIS,EQ,,,,,AXISAMC-NIFTYAXIS,270.4,270.4,265.18,267.57,267.25,267.4,,267.57,,,7612,2032109.95,184,F1,1,,,,,
2026-07-13,2026-07-13,CM,NSE,STK,14742,INF846K010Q0,SENSEXAXIS,EQ,,,,,AXISAMC-SENSEXAXIS,80.07,81.14,79.34,80.53,80.2,80.47,,80.53,,,3221,257100.13,79,F1,1,,,,,
2026-07-13,2026-07-13,CM,NSE,STK,11193,INF846K011K1,SILVERAXIS,EQ,,,,,AXISAMC-SILVERAXIS,212.02,216.45,210.77,215.62,215.99,217.29,,215.62,,,177828,38062636.76,2692,F1,1,,,,,
2026-07-13,2026-07-13,CM,NSE,STK,30155,INF846KA1119,VALUEAXIS,EQ,,,,,AXISAMC-VALUEAXIS,32.52,33.07,32.32,32.86,32.99,32.82,,32.86,,,85694,2806640.36,462,F1,1,,,,,
2026-07-13,2026-07-13,CM,NSE,STK,9436,INE555B01013,AXISCADES,EQ,,,,,AXISCADES TECH LTD,1600.0,1632.0,1586.3,1601.3,1604.0,1603.3,,1601.3,,,87995,141339351.1,7895,F1,1,,,,,
2026-07-13,2026-07-13,CM,NSE,STK,9902,INE02EZ01022,AXITA,EQ,,,,,AXITA COTTON LIMITED,7.55,7.55,7.41,7.42,7.43,7.49,,7.42,,,276224,2063523.02,895,F1,1,,,,,
2026-07-13,2026-07-13,CM,NSE,STK,760981,INE501X01029,AYE,EQ,,,,,AYE FINANCE LIMITED,168.03,174.31,166.6,170.93,171.0,168.82,,170.92,,,444978,76198855.05,7134,F1,1,,,,,
2026-07-13,2026-07-13,CM,NSE,STK,10285,INE193B01039,AYMSYNTEX,EQ,,,,,AYM SYNTEX LIMITED,228.0,238.88,222.72,234.46,234.45,228.11,,234.36,,,73038,16980825.97,1633,F1,1,,,,,
2026-07-13,2026-07-13,CM,NSE,STK,20905,INE02IJ01035,AZAD,EQ,,,,,AZAD ENGINEERING LIMITED,2450.0,2530.0,2358.0,2378.5,2379.0,2479.5,,2378.5,,,1043614,2540930224.7,74511,F1,1,,,,,
2026-07-13,2026-07-13,CM,NSE,STK,762613,INE489D01011,BNALTD,EQ,,,,,B & A LTD.,325.05,355.0,325.05,340.0,340.0,325.05,,359.25,,,263,90411.95,20,F1,1,,,,,
2026-07-13,2026-07-13,CM,NSE,STK,12153,INE01EE01011,BBTCL,EQ,,,,,B&B TRIPLEWALL CONT LTD,217.0,218.36,211.41,214.45,212.22,221.27,,214.45,,,14058,3021859.64,319,F1,1,,,,,
2026-07-13,2026-07-13,CM,NSE,STK,11226,INE116D01028,BAGFILMS,EQ,,,,,B.A.G FILMS AND MEDIA LTD,4.55,4.57,4.42,4.52,4.5,4.49,,4.52,,,34962,157284.8,128,F1,1,,,,,
2026-07-13,2026-07-13,CM,NSE,STK,759420,INE17CQ01015,BAGDIGITAL,SM,,,,,B.A.G.CONVERGENCE LIMITED,105.05,105.05,104.05,104.05,104.05,105.95,,104.05,,,4800,502560.0,3,F1,1600,,,,,
2026-07-13,2026-07-13,CM,NSE,STK,13290,INE350H01032,BLKASHYAP,EQ,,,,,B.L.KASHYAP & SON LTD,56.3,60.65,56.0,59.46,59.12,55.26,,59.46,,,4796504,285320922.94,18516,F1,1,,,,,
2026-07-13,2026-07-13,CM,NSE,STK,25116,INE01FR01028,STYLEBAAZA,BE,,,,,BAAZAR STYLE RETAIL LTD,291.0,311.6,289.5,307.05,311.35,300.3,,307.0,,,171870,51509702.85,1208,F1,1,,,,,
2026-07-13,2026-07-13,CM,NSE,STK,20141,INE0QW501012,BABAFP,SM,,,,,BABA FOOD PROCESSING,21.75,22.65,21.75,22.65,22.65,23.0,,22.65,,,3200,71040.0,2,F1,1600,,,,,
2026-07-13,2026-07-13,CM,NSE,STK,17735,INE878I01022,BAFNAPH,BE,,,,,BAFNA PHARMACEUTICALS LTD,208.7,208.7,208.7,208.7,208.7,204.61,,211.7,,,664,138576.8,12,F1,1,,,,,
2026-07-13,2026-07-13,CM,NSE,STK,763363,INE2OVN25015,BAGMANE,RR,,,,,BAGMANE PRIME OFFICE REIT,103.7,103.7,103.32,103.49,103.41,103.47,,103.49,,,498087,51536086.92,11286,F1,1,,,,,
2026-07-13,2026-07-13,CM,NSE,STK,12989,INE029Q01017,BAHETI,SM,,,,,BAHETI RECYCLING IND LTD,708.5,721.9,700.0,710.3,715.9,706.55,,710.3,,,25875,18381712.5,51,F1,375,,,,,
2026-07-13,2026-07-13,CM,NSE,STK,13794,INE020D01022,BAIDFIN,EQ,,,,,BAID FINSERV LIMITED,10.0,10.75,10.0,10.28,10.29,10.25,,10.28,,,99770,1030058.68,286,F1,1,,,,,
2026-07-13,2026-07-13,CM,NSE,STK,16669,INE917I01010,BAJAJ-AUTO,EQ,,,,,BAJAJ AUTO LIMITED,10080.0,10442.0,10030.5,10381.0,10410.0,10156.0,,10381.0,,,1009236,10363367298.5,79317,F1,1,,,,,
2026-07-13,2026-07-13,CM,NSE,STK,19531,INE933K01021,BAJAJCON,EQ,,,,,BAJAJ CONSUMER CARE LTD,671.15,692.0,651.0,660.45,660.0,670.25,,660.45,,,4341997,2915304885.3,97234,F1,1,,,,,
2026-07-13,2026-07-13,CM,NSE,STK,15034,INE193E01025,BAJAJELEC,EQ,,,,,BAJAJ ELECT.LTD,330.0,338.55,327.0,336.55,337.0,331.1,,336.6,,,194065,64896791.1,5678,F1,1,,,,,
2026-07-13,2026-07-13,CM,NSE,STK,317,INE296A01032,BAJFINANCE,EQ,,,,,BAJAJ FINANCE LIMITED,1014.0,1028.0,1003.7,1022.6,1023.0,1020.5,,1022.6,,,4874070,4960912193.4,145609,F1,1,,,,,
2026-07-13,2026-07-13,CM,NSE,STK,16675,INE918I01026,BAJAJFINSV,EQ,,,,,BAJAJ FINSERV LTD.,1900.0,1912.0,1884.4,1908.1,1910.0,1916.0,,1908.8,,,1002460,1902856983.6,57796,F1,1,,,,,
2026-07-13,2026-07-13,CM,NSE,STK,6863,INE411U01027,BAJAJHCARE,EQ,,,,,BAJAJ HEALTHCARE LIMITED,345.5,349.0,340.15,343.15,343.0,348.7,,343.15,,,165441,56896817.7,3746,F1,1,,,,,
2026-07-13,2026-07-13,CM,NSE,STK,308,INE306A01021,BAJAJHIND,EQ,,,,,BAJAJ HINDUSTHAN SUGAR LT,17.35,17.97,17.08,17.7,17.73,17.35,,17.7,,,6390264,112778034.31,9065,F1,1,,,,,
2026-07-13,2026-07-13,CM,NSE,STK,305,INE118A01012,BAJAJHLDNG,EQ,,,,,BAJAJ HOLDINGS & INVS LTD,10150.0,10915.0,10132.0,10752.0,10705.0,10654.0,,10752.0,,,83705,897170930.0,21130,F1,1,,,,,
2026-07-13,2026-07-13,CM,NSE,STK,25270,INE377Y01014,BAJAJHFL,EQ,,,,,BAJAJ HOUSING FINANCE LTD,87.39,89.44,86.8,88.57,88.4,88.07,,88.57,,,4455191,394175678.93,29578,F1,1,,,,,
2026-07-13,2026-07-13,CM,NSE,STK,762563,INE704G01024,BAJAJST,EQ,,,,,BAJAJ STEEL INDS. LTD.,403.15,415.2,392.55,403.75,407.0,403.1,,403.75,,,22742,9166681.95,1728,F1,1,,,,,
2026-07-13,2026-07-13,CM,NSE,STK,20531,INE0KQN01018,BAJEL,EQ,,,,,BAJEL PROJECTS LIMITED,188.4,193.49,186.49,191.2,191.5,189.36,,191.19,,,529270,100959228.25,5388,F1,1,,,,,
2026-07-13,2026-07-13,CM,NSE,STK,13441,INE083D01012,BALPHARMA,EQ,,,,,BAL PHARMA LTD.,79.0,79.98,77.01,79.17,78.71,79.4,,79.23,,,6122,484281.58,272,F1,1,,,,,
2026-07-13,2026-07-13,CM,NSE,STK,14501,INE050E01027,BALAMINES,EQ,,,,,BALAJI AMINES LIMITED,2390.0,2443.6,2322.6,2340.9,2343.0,2414.9,,2341.2,,,264217,630299144.4,24747,F1,1,,,,,
2026-07-13,2026-07-13,CM,NSE,STK,30030,INE0PQ601019,BALAJIPHOS,SM,,,,,BALAJI PHOSPHATES LIMITED,92.0,92.0,92.0,92.0,92.0,90.5,,92.0,,,1000,92000.0,1,F1,1000,,,,,
2026-07-13,2026-07-13,CM,NSE,STK,9158,INE794B01026,BALAJITELE,EQ,,,,,BALAJI TELEFILMS LIMITED.,91.79,92.5,89.82,91.89,91.9,92.29,,91.88,,,116720,10711862.23,1960,F1,1,,,,,
2026-07-13,2026-07-13,CM,NSE,STK,11314,INE618N01022,BALAXI,BE,,,,,BALAXI PHARMA LTD,24.45,24.5,23.61,24.04,24.38,24.17,,24.04,,,11826,285237.5,96,F1,1,,,,,
2026-07-13,2026-07-13,CM,NSE,STK,335,INE787D01026,BALKRISIND,EQ,,,,,BALKRISHNA IND. LTD,2221.1,2256.9,2191.0,2216.1,2227.0,2252.9,,2216.0,,,159719,355208419.9,17902,F1,1,,,,,
2026-07-13,2026-07-13,CM,NSE,STK,10181,INE875R01011,BALKRISHNA,EQ,,,,,BALKRISHNA PAPER MILLS L,18.79,18.79,17.95,18.03,18.01,18.35,,18.05,,,4155,75908.36,72,F1,1,,,,,
2026-07-13,2026-07-13,CM,NSE,STK,338,INE164A01016,BALMLAWRIE,EQ,,,,,BALMER LAWRIE & CO LTD,179.35,179.9,178.0,179.34,179.0,179.35,,179.34,,,47117,8442927.11,1075,F1,1,,,,,
2026-07-13,2026-07-13,CM,NSE,STK,762603,INE525F01025,BLIL,EQ,,,,,BALMER LAWRIE INVSTS. L,70.42,70.42,69.96,70.05,70.18,70.42,,70.07,,,58650,4112069.56,1035,F1,1,,,,,
2026-07-13,2026-07-13,CM,NSE,STK,341,INE119A01028,BALRAMCHIN,EQ,,,,,BALRAMPUR CHINI MILLS LTD,568.0,604.9,566.2,584.85,583.0,566.9,,584.85,,,2714237,1598787434.85,63549,F1,1,,,,,
2026-07-13,2026-07-13,CM,NSE,STK,23607,INE011E01029,BALUFORGE,EQ,,,,,BALU FORGE INDUSTRIES LTD,457.9,471.4,455.5,467.5,468.8,465.1,,467.5,,,565065,263519994.0,18140,F1,1,,,,,
2026-07-13,2026-07-13,CM,NSE,STK,347,INE655B01011,BANARBEADS,EQ,,,,,BANARAS BEADS LTD,112.0,123.45,111.01,117.9,118.22,115.64,,117.9,,,10337,1208192.96,648,F1,1,,,,,
2026-07-13,2026-07-13,CM,NSE,STK,13880,INE213C01025,BANCOINDIA,EQ,,,,,BANCO PRODUCTS (I) LTD,675.0,680.0,665.2,674.85,675.75,681.85,,674.8,,,69680,47072842.15,4245,F1,1,,,,,
2026-07-13,2026-07-13,CM,NSE,STK,2263,INE545U01014,BANDHANBNK,EQ,,,,,BANDHAN BANK LIMITED,208.0,214.2,207.29,213.15,212.53,210.0,,213.14,,,10596594,2242948736.03,75411,F1,1,,,,,
2026-07-13,2026-07-13,CM,NSE,STK,760325,INF194KB1KJ7,GOLDBND,EQ,,,,,BANDHANAMC - GOLDBND,144.5,144.5,139.16,141.48,141.79,142.73,,141.49,,,34259,4845846.7,203,F1,1,,,,,
2026-07-13,2026-07-13,CM,NSE,STK,18783,INF194KA1U07,IDFNIFTYET,EQ,,,,,BANDHANAMC - IDFNIFTYET,268.99,269.05,265.39,266.61,266.61,267.66,,266.61,,,1869,497559.08,72,F1,1,,,,,
2026-07-13,2026-07-13,CM,NSE,STK,760328,INF194KB1KI9,SILVERBND,EQ,,,,,BANDHANAMC - SILVERBND,216.98,218.25,214.8,217.82,218.0,219.03,,217.82,,,26396,5739456.98,359,F1,1,,,,,
2026-07-13,2026-07-13,CM,NSE,STK,15303,INE863I01016,BANG,EQ,,,,,BANG OVERSEAS LTD.,29.97,30.0,28.51,28.93,28.91,29.79,,28.93,,,200295,5831821.39,722,F1,1,,,,,
2026-07-13,2026-07-13,CM,NSE,STK,4668,INE028A01039,BANKBARODA,EQ,,,,,BANK OF BARODA,249.0,252.7,247.0,250.65,250.3,250.95,,250.65,,,18662940,4676301035.5,86827,F1,1,,,,,
2026-07-13,2026-07-13,CM,NSE,STK,4745,INE084A01016,BANKINDIA,EQ,,,,,BANK OF INDIA,143.99,145.9,142.56,145.59,145.46,144.9,,145.59,,,9795111,1416169518.67,38071,F1,1,,,,,
2026-07-13,2026-07-13,CM,NSE,STK,11377,INE457A01014,MAHABANK,EQ,,,,,BANK OF MAHARASHTRA,83.57,84.71,81.9,82.56,82.55,84.25,,82.56,,,29829138,2467697293.95,98474,F1,1,,,,,
2026-07-13,2026-07-13,CM,NSE,STK,828,INE862Y01015,BANKA,BE,,,,,BANKA BIOLOO LIMITED,92.02,92.02,90.0,92.01,92.02,92.02,,92.01,,,2402,217575.68,29,F1,1,,,,,
2026-07-13,2026-07-13,CM,NSE,STK,12037,INE186H01022,BASML,BE,,,,,BANNARI AM SPIN MILL LTD.,26.72,26.97,26.2,26.86,26.83,26.41,,27.0,,,48121,1278269.71,136,F1,1,,,,,
2026-07-13,2026-07-13,CM,NSE,STK,350,INE459A01010,BANARISUG,EQ,,,,,BANNARI AMMAN SUGARS LTD,3498.7,3542.0,3475.1,3505.1,3525.9,3499.0,,3505.1,,,229,803158.7,55,F1,1,,,,,
2026-07-13,2026-07-13,CM,NSE,STK,24386,INE0B9K01025,BANSALWIRE,EQ,,,,,BANSAL WIRE INDUSTRIES L,331.2,338.0,327.25,329.4,330.0,331.2,,329.4,,,119671,39739790.3,3739,F1,1,,,,,
2026-07-13,2026-07-13,CM,NSE,STK,14511,INE629D01020,BANSWRAS,EQ,,,,,BANSWARA SYNTEX LIMITED,118.81,123.75,118.09,119.11,118.11,119.71,,119.12,,,116997,14164381.45,2293,F1,1,,,,,
2026-07-13,2026-07-13,CM,NSE,STK,15073,INE139I01011,BVCL,EQ,,,,,BARAK VALLEY CEM. LTD.,42.92,43.0,41.11,41.74,41.66,42.92,,41.76,,,13237,558366.79,144,F1,1,,,,,
2026-07-13,2026-07-13,CM,NSE,STK,29176,INE0QX401014,BARFLEX,SM,,,,,BARFLEX POLYFILMS LIMITED,53.55,54.1,53.55,54.0,54.0,53.8,,54.0,,,6000,323300.0,3,F1,2000,,,,,
2026-07-13,2026-07-13,CM,NSE,STK,24117,INF251K01TL6,BBNPNBETF,EQ,,,,,BARODABNP - BBNPNBETF,58.35,58.64,58.24,58.38,58.38,58.35,,58.38,,,919,53605.49,36,F1,1,,,,,
2026-07-13,2026-07-13,CM,NSE,STK,20547,INF251K01SU9,BBNPPGOLD,EQ,,,,,BARODABNP - BBNPPGOLD,136.0,137.7,136.0,136.6,136.45,138.5,,136.6,,,6963,951279.45,115,F1,1,,,,,
2026-07-13,2026-07-13,CM,NSE,STK,368,INE373A01013,BASF,EQ,,,,,BASF INDIA LTD,3539.9,3539.9,3476.8,3523.1,3532.0,3543.8,,3523.9,,,10089,35498880.4,2105,F1,1,,,,,
2026-07-13,2026-07-13,CM,NSE,STK,18442,INE0OCC01013,BASILIC,SM,,,,,BASILIC FLY STUDIO LTD,202.25,208.95,202.25,202.95,202.6,202.1,,202.95,,,18600,3795660.0,41,F1,300,,,,,
2026-07-13,2026-07-13,CM,NSE,STK,371,INE176A01028,BATAINDIA,EQ,,,,,BATA INDIA LTD,690.0,698.0,681.9,695.6,696.35,690.7,,695.55,,,137455,95088028.25,9871,F1,1,,,,,
2026-07-13,2026-07-13,CM,NSE,STK,762568,INE177C01022,BATLIBOI,EQ,,,,,BATLIBOI LTD.,84.0,84.59,83.15,83.76,84.2,84.3,,83.7,,,9760,818114.71,663,F1,1,,,,,
2026-07-13,2026-07-13,CM,NSE,STK,22574,INE0JFJ01011,BAWEJA,ST,,,,,BAWEJA STUDIOS LIMITED,27.4,28.25,27.1,28.2,28.2,28.5,,28.2,,,25600,698200.0,25,F1,800,,,,,
2026-07-13,2026-07-13,CM,NSE,STK,17927,INE462A01022,BAYERCROP,EQ,,,,,BAYER CROPSCIENCE LTD,4128.9,4129.9,4092.0,4099.8,4103.0,4129.9,,4099.9,,,20063,82318942.5,4504,F1,1,,,,,
2026-07-13,2026-07-13,CM,NSE,STK,2513,INE412G01024,BCLIND,EQ,,,,,BCL INDUSTRIES LIMITED,33.5,39.6,33.5,37.16,38.19,34.24,,37.16,,,58370999,2230267424.16,171309,F1,1,,,,,
2026-07-13,2026-07-13,CM,NSE,STK,761494,INE00SW01015,BCPL,EQ,,,,,BCPL RAILWAY INFRA LTD,74.4,74.4,70.15,71.03,71.19,71.92,,70.97,,,10086,717803.38,326,F1,1,,,,,
2026-07-13,2026-07-13,CM,NSE,STK,23925,INE639X01027,BEACON,ST,,,,,BEACON TRUSTEESHIP LTD,97.65,102.0,93.0,93.5,93.5,97.65,,93.5,,,18000,1728650.0,17,F1,1000,,,,,
2026-07-13,2026-07-13,CM,NSE,STK,17933,INE520H01022,BEARDSELL,EQ,,,,,BEARDSELL LIMITED,28.09,30.0,28.0,29.48,29.2,28.09,,29.48,,,16777,493095.36,117,F1,1,,,,,
2026-07-13,2026-07-13,CM,NSE,STK,20196,INE844K01012,BEDMUTHA,EQ,,,,,BEDMUTHA INDUST LTD,111.0,114.0,109.0,109.98,110.0,108.72,,109.89,,,2497,274575.79,46,F1,1,,,,,
2026-07-13,2026-07-13,CM,NSE,STK,762573,INE213D01015,BEEKAY,EQ,,,,,BEEKAY STEEL INDS. LTD.,410.0,415.0,400.0,401.5,402.0,415.95,,401.6,,,1146,463570.5,52,F1,1,,,,,
2026-07-13,2026-07-13,CM,NSE,STK,757938,INE344T01014,BELLACASA,EQ,,,,,BELLA CASA FASH AND RET L,251.0,256.25,251.0,255.25,254.0,255.95,,255.25,,,3338,846669.7,402,F1,1,,,,,
2026-07-13,2026-07-13,CM,NSE,STK,757102,INE894V01022,BELRISE,EQ,,,,,BELRISE INDUSTRIES LTD,230.65,239.26,229.07,236.56,236.0,231.56,,236.57,,,8638680,2032695747.34,64546,F1,1,,,,,
2026-07-13,2026-07-13,CM,NSE,STK,15067,INE0N7W01012,BLAL,EQ,,,,,BEML LAND ASSETS LIMITED,186.45,186.45,182.41,184.6,185.0,183.27,,184.6,,,5415,998072.77,226,F1,1,,,,,
2026-07-13,2026-07-13,CM,NSE,STK,395,INE258A01024,BEML,EQ,,,,,BEML LIMITED,1838.0,1890.0,1831.9,1885.9,1887.0,1862.6,,1885.9,,,317539,594270988.0,19085,F1,1,,,,,
2026-07-13,2026-07-13,CM,NSE,STK,762578,INE083K01017,BENGALASM,EQ,,,,,BENGAL & ASSAM CO. LTD.,6245.0,6430.0,6200.0,6384.0,6360.0,6282.0,,6371.5,,,414,2597716.0,127,F1,1,,,,,
2026-07-13,2026-07-13,CM,NSE,STK,404,INE463A01038,BERGEPAINT,EQ,,,,,BERGER PAINTS (I) LTD,491.15,494.8,486.5,492.95,492.6,497.25,,492.95,,,111789,55071741.9,7550,F1,1,,,,,
2026-07-13,2026-07-13,CM,NSE,STK,2306,INE052T01021,BESTAGRO,EQ,,,,,BEST AGROLIFE LIMITED,15.57,15.84,15.3,15.61,15.61,15.5,,15.61,,,352812,5499533.71,1280,F1,1,,,,,
2026-07-13,2026-07-13,CM,NSE,STK,759842,INE351Y01019,BETA,EQ,,,,,BETA DRUGS LIMITED,2370.0,2424.3,2322.1,2347.8,2388.9,2366.8,,2347.8,,,48772,115832918.0,6253,F1,1,,,,,
2026-07-13,2026-07-13,CM,NSE,STK,5662,INE0HQI01014,BEWLTD,SM,,,,,BEW ENGINEERING LIMITED,61.0,61.0,59.0,60.05,60.0,61.05,,60.05,,,16500,989050.0,28,F1,500,,,,,
2026-07-13,2026-07-13,CM,NSE,STK,21113,INE878K01010,BFINVEST,EQ,,,,,BF INVESTMENT LIMITED,496.0,584.7,493.9,535.25,525.0,487.25,,535.35,,,4370896,2385328316.25,97325,F1,1,,,,,
2026-07-13,2026-07-13,CM,NSE,STK,14567,INE243D01012,BFUTILITIE,EQ,,,,,BF UTILITIES LIMITED,576.8,694.55,571.8,672.55,670.0,578.8,,672.5,,,4308780,2878835486.7,88451,F1,1,,,,,
2026-07-13,2026-07-13,CM,NSE,STK,21986,INF0QA701714,BANKBETF,EQ,,,,,BFAM - BANKBETF,58.86,59.12,58.51,58.97,59.0,58.86,,58.97,,,10451,616184.64,281,F1,1,,,,,
2026-07-13,2026-07-13,CM,NSE,STK,23915,INF0QA701854,LIQUIDBETF,EQ,,,,,BFAM - LIQUIDBETF,1089.95,1089.97,1089.95,1089.96,1089.95,1089.81,,1089.96,,,541312,590003903.53,113,F1,1,,,,,
2026-07-13,2026-07-13,CM,NSE,STK,21959,INF0QA701722,NIFTYBETF,EQ,,,,,BFAM - NIFTYBETF,248.66,249.4,247.07,248.25,248.25,248.66,,248.25,,,3131,778091.5,71,F1,1,,,,,
2026-07-13,2026-07-13,CM,NSE,STK,15193,INE661I01014,BGRENERGY,BE,,,,,BGR ENERGY SYSTEMS LTD,296.1,305.0,293.1,299.25,298.0,299.3,,299.1,,,25706,7668883.6,538,F1,1,,,,,
2026-07-13,2026-07-13,CM,NSE,STK,758228,INE0ZRC01017,BHADORA,ST,,,,,BHADORA INDUSTRIES LTD,89.55,92.25,89.5,92.25,92.25,87.9,,92.25,,,22800,2080620.0,17,F1,1200,,,,,
2026-07-13,2026-07-13,CM,NSE,STK,13427,INE354C01027,BHAGERIA,BE,,,,,BHAGERIA INDUSTRIES LTD,213.9,213.9,207.0,210.44,210.05,212.32,,210.44,,,17325,3630006.98,229,F1,1,,,,,
2026-07-13,2026-07-13,CM,NSE,STK,6164,INE414D01027,BHAGCHEM,EQ,,,,,BHAGIRADHA CHEM & INDS L,291.9,297.5,291.4,293.85,293.0,295.9,,293.85,,,96406,28443895.5,1693,F1,1,,,,,
2026-07-13,2026-07-13,CM,NSE,STK,20799,INE458B01036,BHAGYANGR,BE,,,,,BHAGYANAGAR INDIA LIMITED,373.55,382.0,373.0,375.35,374.2,383.1,,375.35,,,77525,29156627.95,999,F1,1,,,,,
2026-07-13,2026-07-13,CM,NSE,STK,19560,INE474E01029,BHANDARI,BE,,,,,BHANDARI HOSIERY EXP LTD,2.93,2.96,2.9,2.94,2.96,2.94,,2.94,,,44874,131257.84,137,F1,1,,,,,
2026-07-13,2026-07-13,CM,NSE,STK,419,INE922A01025,BEPL,EQ,,,,,BHANSALI ENG. POLYMERS LT,102.0,109.45,102.0,108.1,107.61,103.14,,108.02,,,2842239,305371747.95,22680,F1,1,,,,,
2026-07-13,2026-07-13,CM,NSE,STK,13761,INE464A01036,BBL,EQ,,,,,BHARAT BIJLEE LTD,2774.5,2787.4,2747.0,2773.3,2779.1,2756.0,,2773.3,,,39251,108680802.9,4437,F1,1,,,,,
2026-07-13,2026-07-13,CM,NSE,STK,760726,INE05XR01022,BHARATCOAL,EQ,,,,,BHARAT COKING COAL LTD,37.24,37.74,36.95,37.53,37.57,37.56,,37.53,,,9082069,340299879.74,16440,F1,1,,,,,
2026-07-13,2026-07-13,CM,NSE,STK,2144,INE171Z01026,BDL,EQ,,,,,BHARAT DYNAMICS LIMITED,1336.6,1336.6,1293.0,1302.8,1301.0,1344.5,,1302.8,,,2166874,2828565140.7,63923,F1,1,,,,,
2026-07-13,2026-07-13,CM,NSE,STK,383,INE263A01024,BEL,EQ,,,,,BHARAT ELECTRONICS LTD,411.95,412.9,408.6,410.8,410.5,414.85,,410.8,,,6650781,2729314458.6,87948,F1,1,,,,,
2026-07-13,2026-07-13,CM,NSE,STK,422,INE465A01025,BHARATFORG,EQ,,,,,BHARAT FORGE LTD,2108.0,2153.0,2096.3,2145.6,2149.0,2117.0,,2145.6,,,628327,1340811316.7,34673,F1,1,,,,,
2026-07-13,2026-07-13,CM,NSE,STK,9397,INE561C01019,BHARATGEAR,BE,,,,,BHARAT GEARS LTD,123.33,124.9,121.1,123.31,123.51,121.99,,123.31,,,19544,2404521.36,270,F1,1,,,,,
2026-07-13,2026-07-13,CM,NSE,STK,526,INE029A01011,BPCL,EQ,,,,,BHARAT PETROLEUM CORP  LT,304.8,309.15,302.15,307.55,307.8,309.75,,307.55,,,5543349,1697328968.25,75706,F1,1,,,,,
2026-07-13,2026-07-13,CM,NSE,STK,3834,INE838B01021,BHARATRAS,EQ,,,,,BHARAT RASAYAN LTD,1340.0,1396.3,1319.9,1377.1,1374.0,1341.9,,1377.1,,,16203,22199861.1,1481,F1,1,,,,,
2026-07-13,2026-07-13,CM,NSE,STK,21683,INE727S01012,BRNL,EQ,,,,,BHARAT ROAD NETWORK LTD,18.1,18.6,18.0,18.11,18.12,18.19,,18.11,,,41715,756042.03,214,F1,1,,,,,
2026-07-13,2026-07-13,CM,NSE,STK,30244,INE415D01024,BHARATSE,EQ,,,,,BHARAT SEATS LIMITED,238.55,263.18,237.05,254.62,254.73,241.54,,254.62,,,1252084,316729486.76,22467,F1,1,,,,,
2026-07-13,2026-07-13,CM,NSE,STK,16123,INE316L01019,BHARATWIRE,EQ,,,,,BHARAT WIRE ROPES LTD.,215.1,221.62,213.38,215.07,215.0,216.36,,215.06,,,247405,53802335.29,4766,F1,1,,,,,
2026-07-13,2026-07-13,CM,NSE,STK,11371,INE224M01013,BGLOBAL,BZ,,,,,BHARATIYA GLOBAL INFO LTD,3.11,3.11,2.96,3.07,3.07,3.11,,3.07,,,14591,44587.59,25,F1,1,,,,,
2026-07-13,2026-07-13,CM,NSE,STK,10604,INE397D01024,BHARTIARTL,EQ,,,,,BHARTI AIRTEL LIMITED,1914.0,1917.0,1896.7,1901.8,1903.6,1920.4,,1901.8,,,7862506,14981284461.0,107576,F1,1,,,,,
2026-07-13,2026-07-13,CM,NSE,STK,23489,INE343G01021,BHARTIHEXA,EQ,,,,,BHARTI HEXACOM LIMITED,1595.0,1610.9,1578.0,1587.4,1582.7,1604.7,,1587.3,,,166332,264754695.5,14547,F1,1,,,,,
2026-07-13,2026-07-13,CM,NSE,STK,7848,INE828A01016,BIL,EQ,,,,,BHARTIYA INTERNATIONAL,726.3,734.75,714.0,719.55,734.75,729.85,,719.4,,,5368,3885846.05,266,F1,1,,,,,
2026-07-13,2026-07-13,CM,NSE,STK,438,INE257A01026,BHEL,EQ,,,,,BHEL,392.75,412.0,389.6,409.1,408.75,395.25,,409.1,,,14286194,5810062816.4,164266,F1,1,,,,,
2026-07-13,2026-07-13,CM,NSE,STK,762621,INE274K01012,BTTL,BE,,,,,BHILWARA TECHNICAL TEXT L,55.0,57.04,54.21,57.0,57.04,54.33,,57.03,,,21271,1205745.62,142,F1,1,,,,,
2026-07-13,2026-07-13,CM,NSE,STK,18431,INE412U01025,BIGBLOC,EQ,,,,,BIGBLOC CONSTRUCTION LTD,48.19,48.19,46.61,47.05,47.22,47.77,,47.05,,,53733,2539129.8,684,F1,1,,,,,
2026-07-13,2026-07-13,CM,NSE,STK,11966,INE00E101023,BIKAJI,EQ,,,,,BIKAJI FOODS INTERN LTD,637.0,651.65,635.0,643.45,643.0,643.3,,643.45,,,83172,53681343.85,9959,F1,1,,,,,
2026-07-13,2026-07-13,CM,NSE,STK,25527,INE0SQH01013,BIKEWO,ST,,,,,BIKEWO GREEN TECH LIMITED,50.0,53.35,49.75,53.3,53.35,50.85,,53.3,,,68000,3569300.0,33,F1,2000,,,,,
2026-07-13,2026-07-13,CM,NSE,STK,13622,INE071A01013,BILVYAPAR,BE,,,,,BIL VYAPAR LIMITED,4.29,4.29,4.09,4.16,4.17,4.19,,4.24,,,7740,32486.28,46,F1,1,,,,,
2026-07-13,2026-07-13,CM,NSE,STK,762583,INE986A01012,BI,EQ,,,,,BILCARE LTD.,64.9,65.15,63.2,64.01,64.45,63.06,,63.65,,,2662,171009.36,57,F1,1,,,,,
2026-07-13,2026-07-13,CM,NSE,STK,759806,INE0HOQ01053,GROWW,EQ,,,,,BILLIONBRAINS GARAGE VN L,202.19,209.73,201.0,208.18,208.99,204.47,,208.18,,,36096879,7462041606.0,183019,F1,1,,,,,
2026-07-13,2026-07-13,CM,NSE,STK,762588,INE469A01019,BIMETAL,EQ,,,,,BIMETAL BEARINGS LTD.,699.5,750.75,699.5,714.85,709.1,688.65,,714.85,,,10710,7665753.75,602,F1,1,,,,,
2026-07-13,2026-07-13,CM,NSE,STK,763598,INE1BKA01015,BMLL,SM,,,,,BIO MEDICA LABORATORIES L,130.0,141.0,130.0,139.5,139.4,130.0,,139.5,,,197000,27314650.0,73,F1,1000,,,,,
2026-07-13,2026-07-13,CM,NSE,STK,11373,INE376G01013,BIOCON,EQ,,,,,BIOCON LIMITED.,413.5,415.6,402.7,410.95,413.15,418.5,,410.95,,,7504643,3069048546.9,71743,F1,1,,,,,
2026-07-13,2026-07-13,CM,NSE,STK,4136,INE829A01014,BIOFILCHEM,EQ,,,,,BIOFIL CHEM & PHARMA LTD,34.23,34.23,33.24,33.71,33.62,34.06,,33.81,,,9081,305308.82,154,F1,1,,,,,
2026-07-13,2026-07-13,CM,NSE,STK,760942,INE0XW001014,BIOPOL,SM,,,,,BIOPOL CHEMICALS LIMITED,93.5,99.9,90.0,94.7,98.5,92.2,,94.7,,,31200,2920980.0,24,F1,1200,,,,,
2026-07-13,2026-07-13,CM,NSE,STK,6815,INE800A01015,BIRLACABLE,BE,,,,,BIRLA CABLE LIMITED,185.15,195.99,184.5,192.66,194.0,189.4,,192.98,,,38303,7380948.82,494,F1,1,,,,,
2026-07-13,2026-07-13,CM,NSE,STK,480,INE340A01012,BIRLACORPN,EQ,,,,,BIRLA CORPORATION LTD,965.0,994.95,951.35,981.95,978.1,965.3,,981.95,,,58625,57705580.2,5291,F1,1,,,,,
2026-07-13,2026-07-13,CM,NSE,STK,762593,INE372E01025,BIRLAPREC,EQ,,,,,BIRLA PRECISION TECH L,37.7,37.83,36.52,37.17,37.82,36.78,,37.17,,,28293,1057788.51,450,F1,1,,,,,
2026-07-13,2026-07-13,CM,NSE,STK,1455,INE557A01011,BIRLANU,EQ,,,,,BIRLANU LIMITED,1319.7,1350.0,1291.3,1301.0,1292.2,1319.7,,1301.1,,,21255,27912843.7,2202,F1,1,,,,,
2026-07-13,2026-07-13,CM,NSE,STK,24404,INF209KC1134,ABGSEC,EQ,,,,,BIRLASLAMC - ABGSEC,115.12,115.12,114.0,114.0,114.0,113.8,,114.0,,,121,13795.12,3,F1,1,,,,,
2026-07-13,2026-07-13,CM,NSE,STK,760247,INF209KC1670,ABSL10BANK,EQ,,,,,BIRLASLAMC - ABSL10BANK,173.12,174.56,173.0,174.4,174.52,174.56,,174.4,,,1989,345478.97,22,F1,1,,,,,
2026-07-13,2026-07-13,CM,NSE,STK,13987,INF209KB17D5,ABSLBANETF,EQ,,,,,BIRLASLAMC - ABSLBANETF,59.69,59.79,58.98,59.5,59.47,59.39,,59.5,,,82296,4884687.5,1733,F1,1,,,,,
2026-07-13,2026-07-13,CM,NSE,STK,14518,INF209KB18T9,ABSLLIQUID,EQ,,,,,BIRLASLAMC - ABSLLIQUID,1000.0,1000.01,999.99,1000.01,1000.01,1000.0,,1000.01,,,3388,3388002.56,23,F1,1,,,,,
2026-07-13,2026-07-13,CM,NSE,STK,761066,INF209KC1662,ABSLMSCIN,EQ,,,,,BIRLASLAMC - ABSLMSCIN,29.5,29.68,29.43,29.59,29.55,29.68,,29.59,,,718,21212.24,17,F1,1,,,,,
2026-07-13,2026-07-13,CM,NSE,STK,7339,INF209KB16D7,ABSLNN50ET,EQ,,,,,BIRLASLAMC - ABSLNN50ET,75.92,75.92,75.3,75.73,75.75,75.92,,75.73,,,6220,470304.84,240,F1,1,,,,,
2026-07-13,2026-07-13,CM,NSE,STK,5957,INF209KB10E8,BSLSENETFG,EQ,,,,,BIRLASLAMC - BSLSENETFG,77.95,78.58,77.09,78.11,77.95,77.93,,78.11,,,3965,308503.7,199,F1,1,,,,,
2026-07-13,2026-07-13,CM,NSE,STK,6297,INF209KB10C2,HEALTHY,EQ,,,,,BIRLASLAMC - HEALTHY,17.22,17.22,16.61,16.83,17.0,16.8,,16.83,,,282749,4740022.52,1259,F1,1,,,,,
2026-07-13,2026-07-13,CM,NSE,STK,10693,INF209KB14K7,MOMENTUM,EQ,,,,,BIRLASLAMC - MOMENTUM,30.76,30.99,30.73,30.94,30.93,30.96,,30.94,,,20217,623871.39,204,F1,1,,,,,
2026-07-13,2026-07-13,CM,NSE,STK,10690,INF209KB15K4,NIFTYQLITY,EQ,,,,,BIRLASLAMC - NIFTYQLITY,20.92,21.12,20.82,21.07,21.11,20.92,,21.04,,,16828,353138.04,287,F1,1,,,,,
2026-07-13,2026-07-13,CM,NSE,STK,8003,INF209KB19F6,SILVER,EQ,,,,,BIRLASLAMC - SILVER,215.99,217.3,213.52,216.73,216.73,218.19,,216.73,,,1491471,321034901.48,12336,F1,1,,,,,
2026-07-13,2026-07-13,CM,NSE,STK,6462,INF209KB11D8,TECH,EQ,,,,,BIRLASLAMC - TECH,31.17,31.94,29.95,31.66,31.03,30.56,,31.67,,,301677,9499544.81,512,F1,1,,,,,
2026-07-13,2026-07-13,CM,NSE,STK,23806,INF209KB19Z4,ABSLPSE,EQ,,,,,BIRLASLAMC-ABSLPSE,10.29,10.42,10.2,10.34,10.39,10.29,,10.34,,,218997,2251612.38,532,F1,1,,,,,
2026-07-13,2026-07-13,CM,NSE,STK,6994,INE836A01035,BSOFT,EQ,,,,,BIRLASOFT LIMITED,285.5,304.6,285.15,299.3,299.8,290.15,,299.3,,,5011583,1496542906.8,77517,F1,1,,,,,
2026-07-13,2026-07-13,CM,NSE,STK,3435,INE676A01027,BBOX,EQ,,,,,BLACK BOX LIMITED,915.0,918.0,896.0,898.75,900.0,922.4,,898.75,,,266173,240955043.55,18070,F1,1,,,,,
2026-07-13,2026-07-13,CM,NSE,STK,762601,INE761G01016,BLACKROSE,BE,,,,,BLACK ROSE INDS. LTD.,105.55,109.8,104.35,106.98,107.75,108.06,,106.61,,,9789,1041396.17,176,F1,1,,,,,
2026-07-13,2026-07-13,CM,NSE,STK,27144,INE0UIZ01018,BLACKBUCK,EQ,,,,,BLACKBUCK LIMITED,573.1,596.25,562.8,583.35,583.9,578.9,,583.35,,,520889,304748480.1,32233,F1,1,,,,,
2026-07-13,2026-07-13,CM,NSE,STK,8132,INE791A01024,BLBLIMITED,EQ,,,,,BLB LIMITED,15.99,16.44,15.66,16.05,16.11,15.98,,16.05,,,57116,921386.58,383,F1,1,,,,,
2026-07-13,2026-07-13,CM,NSE,STK,19269,INE416D01022,BLISSGVS,BE,,,,,BLISS GVS PHARMA LTD,520.0,534.85,514.0,524.1,530.0,524.3,,524.0,,,346066,181891979.45,6045,F1,1,,,,,
2026-07-13,2026-07-13,CM,NSE,STK,22566,INE0NLT01010,BLSE,EQ,,,,,BLS E-SERVICES LIMITED,263.9,269.8,259.03,265.57,264.6,263.25,,265.56,,,361255,95829067.2,7100,F1,1,,,,,
2026-07-13,2026-07-13,CM,NSE,STK,17279,INE153T01027,BLS,EQ,,,,,BLS INTL SERVS LTD,234.0,240.9,233.85,239.5,239.35,237.15,,239.5,,,1723601,409639901.05,32876,F1,1,,,,,
2026-07-13,2026-07-13,CM,NSE,STK,8650,INE657B01025,BLUECHIP,BE,,,,,BLUE CHIP INDIA LIMITED,2.25,2.25,2.25,2.25,2.25,2.29,,2.25,,,13290,29902.5,20,F1,1,,,,,
2026-07-13,2026-07-13,CM,NSE,STK,8552,INE472B01011,BLUECOAST,BE,,,,,BLUE COAST HOTELS LIMITED,27.74,28.56,27.67,28.56,28.56,27.2,,28.22,,,1017,28211.95,11,F1,1,,,,,
2026-07-13,2026-07-13,CM,NSE,STK,495,INE233B01017,BLUEDART,EQ,,,,,BLUE DART EXPRESS LTD,4896.8,5050.0,4855.0,4945.6,4933.0,4918.4,,4944.7,,,5542,27187293.5,1422,F1,1,,,,,
2026-07-13,2026-07-13,CM,NSE,STK,19686,INE0KBH01020,BLUEJET,EQ,,,,,BLUE JET HEALTHCARE LTD,605.0,615.9,601.0,606.3,606.0,624.05,,606.3,,,1288914,783313453.3,33858,F1,1,,,,,
2026-07-13,2026-07-13,CM,NSE,STK,23410,INE0SAK01011,BLUEPEBBLE,SM,,,,,BLUE PEBBLE LIMITED,72.0,72.0,72.0,72.0,72.0,72.0,,72.0,,,800,57600.0,2,F1,400,,,,,
2026-07-13,2026-07-13,CM,NSE,STK,8311,INE472A01039,BLUESTARCO,EQ,,,,,BLUE STAR LIMITED,1655.0,1722.3,1631.5,1716.1,1712.2,1662.0,,1716.1,,,680248,1153887330.0,37834,F1,1,,,,,
2026-07-13,2026-07-13,CM,NSE,STK,758185,INE0X3M01010,BLUEWATER,ST,,,,,BLUE WATER LOGISTICS LTD,385.0,388.3,370.0,379.15,388.3,369.9,,379.15,,,17000,6532400.0,17,F1,1000,,,,,
2026-07-13,2026-07-13,CM,NSE,STK,759291,INE304W01038,BLUESTONE,EQ,,,,,BLUESTONE JEWEL LFSTL LTD,578.0,596.45,571.65,588.8,584.7,580.7,,588.8,,,257623,151353938.5,13841,F1,1,,,,,
2026-07-13,2026-07-13,CM,NSE,STK,757520,INE0U4101014,BLUSPRING,EQ,,,,,BLUSPRING ENTERPRISES LTD,112.1,119.9,109.51,116.8,117.99,113.04,,116.77,,,538607,61380853.42,7097,F1,1,,,,,
2026-07-13,2026-07-13,CM,NSE,STK,759256,INE965W01036,BMWVENTLTD,EQ,,,,,BMW VENTURES LIMITED,57.52,59.78,57.52,58.57,58.55,58.82,,58.57,,,86944,5114274.53,1302,F1,1,,,,,
2026-07-13,2026-07-13,CM,NSE,STK,762611,INE00HZ01011,BNAGROCHEM,BE,,,,,BN AGROCHEM LTD.,285.0,286.4,275.0,284.0,284.0,285.0,,284.0,,,6163,1750288.7,42,F1,1,,,,,
2026-07-13,2026-07-13,CM,NSE,STK,25021,INE338D01028,BODALCHEM,BE,,,,,BODAL CHEMICALS LTD,58.0,59.74,57.3,59.24,59.29,58.12,,59.24,,,74699,4389654.0,516,F1,1,,,,,
2026-07-13,2026-07-13,CM,NSE,STK,14150,INE0EEJ01023,BTML,EQ,,,,,BODHI TREE MULTIMEDIA LTD,6.42,6.45,6.07,6.38,6.43,6.34,,6.38,,,182438,1151942.48,363,F1,1,,,,,
2026-07-13,2026-07-13,CM,NSE,STK,11640,INE802W01023,BOHRAIND,EQ,,,,,BOHRA INDUSTRIES LIMITED,13.55,14.18,13.46,13.75,13.65,14.02,,13.75,,,6806,93560.82,23,F1,1,,,,,
2026-07-13,2026-07-13,CM,NSE,STK,380,INE050A01025,BBTC,EQ,,,,,BOMBAY BURMAH TRADING COR,1510.3,1521.3,1502.2,1514.0,1510.0,1521.3,,1514.0,,,16471,24915414.0,2596,F1,1,,,,,
2026-07-13,2026-07-13,CM,NSE,STK,513,INE032A01023,BOMDYEING,EQ,,,,,BOMBAY DYEING & MFG. CO L,126.65,130.0,125.38,129.13,129.04,127.76,,129.12,,,443166,56913090.85,4510,F1,1,,,,,
2026-07-13,2026-07-13,CM,NSE,STK,6052,INE0I3Y01014,BMETRICS,SM,,,,,BOMBAY METRICS S C LTD,36.0,36.05,35.5,35.5,35.5,36.5,,35.5,,,3200,114440.0,3,F1,800,,,,,
2026-07-13,2026-07-13,CM,NSE,STK,812,INE032Z01020,BSHSL,BE,,,,,BOMBAY SUPER HYBRID SEEDS,90.0,90.0,86.0,86.65,88.9,87.36,,86.65,,,6339,556729.07,85,F1,1,,,,,
2026-07-13,2026-07-13,CM,NSE,STK,31128,INE053F07538,810IRFC27,N2,,,,,BOND 8.10% PA TAX FREE S2,1075.0,1075.0,1075.0,1075.0,1075.0,1072.0,,1075.0,,,90,96750.0,3,F1,1,,,,,
2026-07-13,2026-07-13,CM,NSE,STK,31040,INE906B07CB9,830NHAI27,N2,,,,,BOND 8.30% PA TAX FREE S2,1078.5,1080.0,1078.5,1079.62,1080.0,1079.0,,1079.62,,,471,508383.95,5,F1,1,,,,,
2026-07-13,2026-07-13,CM,NSE,STK,30992,INE020B07HT0,862REC33,,,,,,BOND 8.62% TAX FREE S3B,1236.0,1236.0,1236.0,1236.0,1236.0,1240.0,,1236.0,,,100,123600.0,1,F1,1,,,,,
2026-07-13,2026-07-13,CM,NSE,STK,603,INE053F07686,865IRFC29,,,,,,BOND 8.65% PA TF TI-SIIB,1100.85,1105.0,1099.0,1101.82,1105.0,1100.85,,1102.77,,,590,649496.95,13,F1,1,,,,,
2026-07-13,2026-07-13,CM,NSE,STK,30990,INE020B07HS2,871REC28,N9,,,,,BOND 8.71% TAX FREE S2B,1115.05,1115.3,1113.0,1114.0,1114.0,1114.75,,1114.0,,,911,1015824.0,10,F1,1,,,,,
2026-07-13,2026-07-13,CM,NSE,STK,1999,INE053F07744,888IRFC29,NE,,,,,BOND 8.88% PA TF TII-SIIB,1109.9,1110.0,1105.15,1110.0,1110.0,1110.0,,1110.0,,,860,952040.45,13,F1,1,,,,,
2026-07-13,2026-07-13,CM,NSE,STK,31970,INE557F07132,901NHB34,N6,,,,,BOND 9.01%PA TF TR-I S 3B,6320.0,6320.0,6285.0,6285.0,6285.0,6320.0,,6285.0,,,50,315650.0,3,F1,1,,,,,
2026-07-13,2026-07-13,CM,NSE,STK,2947,INE020B07IG5,888REC29,NF,,,,,BOND8.88% PA TF TR II S2B,1150.0,1150.0,1150.0,1150.0,1150.0,1140.0,,1150.0,,,100,115000.0,1,F1,1,,,,,
2026-07-13,2026-07-13,CM,NSE,STK,761056,INE0B9A01018,BONLON,EQ,,,,,BONLON INDUSTRIES LIMITED,43.5,43.5,40.56,41.5,40.56,41.71,,41.33,,,6538,276716.06,152,F1,1,,,,,
2026-07-13,2026-07-13,CM,NSE,STK,757919,INE16SF01016,BORANA,EQ,,,,,BORANA WEAVES LIMITED,303.4,311.0,296.6,307.15,307.0,303.4,,307.05,,,19701,6040992.5,533,F1,1,,,,,
2026-07-13,2026-07-13,CM,NSE,STK,19401,INE02PY01013,BOROLTD,EQ,,,,,BOROSIL LIMITED,229.01,266.0,228.01,256.97,264.0,231.97,,257.02,,,616555,155157227.26,8747,F1,1,,,,,
2026-07-13,2026-07-13,CM,NSE,STK,3149,INE666D01022,BORORENEW,EQ,,,,,BOROSIL RENEWABLES LTD,633.5,658.0,630.1,647.3,649.0,640.55,,647.25,,,620318,400798407.7,17415,F1,1,,,,,
2026-07-13,2026-07-13,CM,NSE,STK,24014,INE02L001032,BOROSCI,EQ,,,,,BOROSIL SCIENTIFIC LTD,158.39,167.99,157.0,162.75,162.9,158.16,,162.76,,,316505,52048163.52,4130,F1,1,,,,,
2026-07-13,2026-07-13,CM,NSE,STK,4491,INE782A01015,BOSCH-HCIL,EQ,,,,,BOSCH HOME COMFRT IND LTD,1352.0,1359.2,1335.0,1337.1,1337.0,1348.5,,1337.1,,,22227,29871321.7,1224,F1,1,,,,,
2026-07-13,2026-07-13,CM,NSE,STK,2181,INE323A01026,BOSCHLTD,EQ,,,,,BOSCH LIMITED,41700.0,42050.0,41310.0,41695.0,41725.0,41815.0,,41695.0,,,18121,756413640.0,7325,F1,1,,,,,
2026-07-13,2026-07-13,CM,NSE,STK,530,INE110A01019,BPL,EQ,,,,,BPL LTD,58.09,60.24,57.0,58.27,58.2,58.09,,58.27,,,85374,5034279.96,1547,F1,1,,,,,
2026-07-13,2026-07-13,CM,NSE,STK,24905,INE0R4Z01018,BRACEPORT,SM,,,,,BRACE PORT LOGISTICS LTD,59.0,59.0,59.0,59.0,59.0,57.2,,59.0,,,1600,94400.0,1,F1,1600,,,,,
2026-07-13,2026-07-13,CM,NSE,STK,24814,INE02RE01045,FIRSTCRY,EQ,,,,,BRAINBEES SOLUTIONS LTD,210.0,219.95,209.5,215.89,215.7,212.25,,215.91,,,2180196,471234459.06,28044,F1,1,,,,,
2026-07-13,2026-07-13,CM,NSE,STK,7780,INE977Y01011,BCONCEPTS,EQ,,,,,BRAND CONCEPTS LIMITED,213.11,219.0,207.3,214.89,219.0,213.11,,214.91,,,9883,2081292.04,572,F1,1,,,,,
2026-07-13,2026-07-13,CM,NSE,STK,760975,INE0XUD01014,BRANDMAN,ST,,,,,BRANDMAN RETAIL LIMITED,186.0,188.0,185.0,186.25,185.05,185.75,,186.25,,,14400,2696760.0,15,F1,800,,,,,
2026-07-13,2026-07-13,CM,NSE,STK,15184,INE791I01019,BRIGADE,EQ,,,,,BRIGADE ENTER. LTD,570.0,575.4,564.0,569.7,570.95,574.6,,569.7,,,718680,409594398.1,19127,F1,1,,,,,
2026-07-13,2026-07-13,CM,NSE,STK,757794,INE03NU01014,BRIGHOTEL,EQ,,,,,BRIGADE HOTEL VENTURE LTD,63.75,64.59,62.93,64.01,63.99,63.94,,64.01,,,62319,3983538.03,1222,F1,1,,,,,
2026-07-13,2026-07-13,CM,NSE,STK,8833,INE425B01027,BCG,EQ,,,,,BRIGHTCOM GROUP LIMITED,9.5,9.87,9.4,9.8,9.84,9.52,,9.8,,,3926075,37867234.8,3769,F1,1,,,,,
2026-07-13,2026-07-13,CM,NSE,STK,547,INE216A01030,BRITANNIA,EQ,,,,,BRITANNIA INDUSTRIES LTD,5335.5,5368.5,5290.5,5348.5,5338.5,5353.0,,5348.5,,,132632,709151378.0,19249,F1,1,,,,,
2026-07-13,2026-07-13,CM,NSE,STK,2203,INE0FDU25010,BIRET,RR,,,,,BROOKFIELD INDIA RET,338.4,342.66,336.0,340.29,340.0,337.68,,340.31,,,379980,129125667.45,6705,F1,1,,,,,
2026-07-13,2026-07-13,CM,NSE,STK,25140,INE650L01011,BROOKS,BE,,,,,BROOKS LAB LIMITED,71.3,71.79,68.0,69.85,69.8,70.44,,69.89,,,46916,3289308.45,158,F1,1,,,,,
2026-07-13,2026-07-13,CM,NSE,STK,19585,INE118H01025,BSE,EQ,,,,,BSE LIMITED,3778.0,3834.4,3765.0,3804.2,3802.0,3811.6,,3804.2,,,2327631,8839594397.8,104333,F1,1,,,,,
2026-07-13,2026-07-13,CM,NSE,STK,559,INE594B01012,BSL,EQ,,,,,BSL LTD,128.0,130.0,126.2,128.39,129.0,127.99,,128.12,,,3383,434370.33,115,F1,1,,,,,
2026-07-13,2026-07-13,CM,NSE,STK,2716,INE295F01017,BUTTERFLY,EQ,,,,,BTRFLY GANDHI APPL LTD,735.0,783.4,722.0,780.2,782.0,731.7,,780.2,,,189374,144559881.7,9990,F1,1,,,,,
2026-07-13,2026-07-13,CM,NSE,STK,24701,INE0SZ301012,BULKCORP,SM,,,,,BULKCORP INTERNATIONAL L,56.85,56.9,56.85,56.9,56.9,55.0,,56.9,,,2400,136500.0,2,F1,1200,,,,,
2026-07-13,2026-07-13,CM,NSE,STK,760854,INE0SMX01019,CKKRETAIL,SM,,,,,C K K RETAIL MART LIMITED,135.0,138.0,135.0,136.5,138.0,138.0,,136.5,,,1600,218400.0,2,F1,800,,,,,
2026-07-13,2026-07-13,CM,NSE,STK,18372,INE0QBU01012,CPS,SM,,,,,C P S SHAPERS LIMITED,1021.0,1025.0,996.3,1015.15,996.3,1048.7,,1015.15,,,4950,5032432.5,22,F1,150,,,,,
2026-07-13,2026-07-13,CM,NSE,STK,7227,INE0BV301023,MAPMYINDIA,EQ,,,,,C.E. INFO SYSTEMS LIMITED,1068.1,1218.0,1062.5,1184.9,1183.0,1083.35,,1184.9,,,4147031,4844538304.9,160760,F1,1,,,,,
2026-07-13,2026-07-13,CM,NSE,STK,27274,INE0U7V01015,C2C,SM,,,,,C2C ADVANCED SYSTEMS LTD,392.65,392.65,380.0,382.35,386.0,392.65,,382.35,,,88500,34113697.5,487,F1,150,,,,,
2026-07-13,2026-07-13,CM,NSE,STK,8400,INE526B01014,CALSOFT,BE,,,,,CALIFORNIA SOFTWARE CO LT,23.39,23.4,22.34,23.06,22.92,22.3,,23.05,,,138022,3200595.37,370,F1,1,,,,,
2026-07-13,2026-07-13,CM,NSE,STK,14218,INE627H01017,CTE,EQ,,,,,CAMBRIDGE TECH ENTER LTD,29.31,31.89,29.0,30.39,29.52,29.31,,30.45,,,8703,260146.11,90,F1,1,,,,,
2026-07-13,2026-07-13,CM,NSE,STK,6216,INE052I01032,CAMLINFINE,EQ,,,,,CAMLIN FINE SCIENCES LTD,128.09,130.58,125.5,126.15,125.89,128.53,,126.21,,,1270074,161407892.93,10247,F1,1,,,,,
2026-07-13,2026-07-13,CM,NSE,STK,9362,INE278Y01022,CAMPUS,EQ,,,,,CAMPUS ACTIVEWEAR LIMITED,230.0,231.5,227.5,229.41,229.25,231.09,,229.42,,,146956,33780803.95,7043,F1,1,,,,,
2026-07-13,2026-07-13,CM,NSE,STK,583,INE477A01020,CANFINHOME,EQ,,,,,CAN FIN HOMES LTD,920.25,940.85,909.05,933.25,932.7,921.5,,933.25,,,326061,304224161.25,21214,F1,1,,,,,
2026-07-13,2026-07-13,CM,NSE,STK,10794,INE476A01022,CANBK,EQ,,,,,CANARA BANK,127.47,129.73,126.44,129.33,129.2,128.78,,129.33,,,19227723,2467781399.46,85087,F1,1,,,,,
2026-07-13,2026-07-13,CM,NSE,STK,759477,INE01TY01017,CANHLIFE,EQ,,,,,CANARA HSBC LIFE INS CO L,145.95,158.8,145.95,147.3,146.6,144.03,,147.3,,,25473742,3899683076.38,163010,F1,1,,,,,
2026-07-13,2026-07-13,CM,NSE,STK,759311,INE218I01013,CRAMC,EQ,,,,,CANARA ROBECO AMC LIMITED,253.47,266.99,252.53,265.16,264.7,253.47,,265.15,,,1173690,308210306.93,20441,F1,1,,,,,
2026-07-13,2026-07-13,CM,NSE,STK,19368,INE0QG301017,CANARYS,SM,,,,,CANARYS AUTOMATIONS LTD,19.35,19.35,18.7,18.85,18.8,19.0,,18.85,,,112000,2121600.0,24,F1,4000,,,,,
2026-07-13,2026-07-13,CM,NSE,STK,20160,INE068L01024,CANTABIL,EQ,,,,,CANTABIL RETAIL LTD,249.6,260.28,249.21,255.96,255.0,251.22,,255.99,,,533309,136369389.18,3124,F1,1,,,,,
2026-07-13,2026-07-13,CM,NSE,STK,21749,INE264T01014,CAPACITE,EQ,,,,,CAPACITE INFRAPROJECT LTD,240.9,241.7,232.4,233.05,232.6,240.0,,233.05,,,433852,101698232.55,11217,F1,1,,,,,
2026-07-13,2026-07-13,CM,NSE,STK,759867,INE0ILV01024,CAPILLARY,EQ,,,,,CAPILLARY TECHNO INDIA L,505.55,510.7,500.3,504.05,501.35,502.9,,504.05,,,54313,27513734.6,1529,F1,1,,,,,
2026-07-13,2026-07-13,CM,NSE,STK,756015,INE345H01024,CIFL,EQ,,,,,CAPITAL INDIA FINANCE LTD,22.35,22.57,22.07,22.24,22.32,22.34,,22.24,,,40443,901330.26,202,F1,1,,,,,
2026-07-13,2026-07-13,CM,NSE,STK,29157,INE0Z8Z23013,CAPINVIT,IV,,,,,CAPITAL INFRA TRUST,74.35,74.5,73.81,73.99,73.97,74.11,,73.99,,,293035,21711352.1,7075,F1,1,,,,,
2026-07-13,2026-07-13,CM,NSE,STK,22675,INE646H01017,CAPITALSFB,EQ,,,,,CAPITAL SMALL FIN BANK L,290.0,303.95,288.05,298.55,299.45,294.25,,298.55,,,116144,34736323.3,2374,F1,1,,,,,
2026-07-13,2026-07-13,CM,NSE,STK,19447,INE707C01018,CAPTRUST,EQ,,,,,CAPITAL TRUST LIMITED,12.3,12.95,12.3,12.65,12.61,12.37,,12.65,,,15472,194948.75,71,F1,1,,,,,
2026-07-13,2026-07-13,CM,NSE,STK,3906,INE475E01026,CAPLIPOINT,EQ,,,,,CAPLIN POINT LAB LTD.,2583.6,2637.5,2566.5,2616.1,2618.0,2583.6,,2616.2,,,72386,189459543.4,12880,F1,1,,,,,
2026-07-13,2026-07-13,CM,NSE,STK,20329,INE180C01042,CGCL,EQ,,,,,CAPRI GLOBAL CAPITAL LTD,252.2,260.96,251.26,256.65,256.5,252.22,,256.65,,,2720086,699202243.67,31409,F1,1,,,,,
2026-07-13,2026-07-13,CM,NSE,STK,595,INE120A01034,CARBORUNIV,EQ,,,,,CARBORUNDUM UNIVERSAL LTD,1096.4,1098.0,1058.4,1073.0,1070.1,1091.2,,1073.0,,,262582,282139290.2,30864,F1,1,,,,,
2026-07-13,2026-07-13,CM,NSE,STK,29113,INE752H01013,CARERATING,EQ,,,,,CARE RATINGS LIMITED,1654.0,1697.0,1633.3,1676.8,1678.0,1651.6,,1675.3,,,22513,37666557.2,3366,F1,1,,,,,
2026-07-13,2026-07-13,CM,NSE,STK,758941,INE0P6P01016,CPEDU,EQ,,,,,CAREER POINT EDUTECH LTD,196.9,196.9,191.81,194.09,193.8,196.85,,194.09,,,5339,1039847.95,204,F1,1,,,,,
2026-07-13,2026-07-13,CM,NSE,STK,28879,INE0V7W01012,CARRARO,EQ,,,,,CARRARO INDIA LIMITED,566.4,571.9,561.4,564.4,565.05,569.2,,564.4,,,84049,47593344.7,5350,F1,1,,,,,
2026-07-13,2026-07-13,CM,NSE,STK,5407,INE290S01011,CARTRADE,EQ,,,,,CARTRADE TECH LIMITED,2850.0,2874.4,2779.0,2799.3,2779.0,2809.9,,2799.3,,,579866,1633730325.9,39296,F1,1,,,,,
2026-07-13,2026-07-13,CM,NSE,STK,1879,INE482D01024,CARYSIL,EQ,,,,,CARYSIL LIMITED,1174.3,1188.0,1143.6,1183.6,1180.0,1173.1,,1183.6,,,88339,104063697.6,6495,F1,1,,,,,
2026-07-13,2026-07-13,CM,NSE,STK,758156,INE0WL201014,CUDML,ST,,,,,CASH UR DRIVE MARKETING L,173.1,177.5,173.1,175.0,175.0,175.4,,175.0,,,9000,1576650.0,9,F1,1000,,,,,
2026-07-13,2026-07-13,CM,NSE,STK,1250,INE172A01027,CASTROLIND,EQ,,,,,CASTROL INDIA LIMITED,183.75,184.94,183.05,183.58,183.5,183.84,,183.58,,,910067,167325928.2,16694,F1,1,,,,,
2026-07-13,2026-07-13,CM,NSE,STK,11452,INE421D01022,CCL,EQ,,,,,CCL PRODUCTS (I) LTD,1204.9,1242.2,1190.2,1229.7,1229.2,1214.0,,1229.7,,,234225,287557808.1,20495,F1,1,,,,,
2026-07-13,2026-07-13,CM,NSE,STK,15254,INE482A01020,CEATLTD,EQ,,,,,CEAT LIMITED,3831.0,3904.3,3800.5,3867.7,3867.0,3866.6,,3867.6,,,103653,400780274.2,13747,F1,1,,,,,
2026-07-13,2026-07-13,CM,NSE,STK,757690,INE11J101017,CEDAAR,ST,,,,,CEDAAR TEXTILE LIMITED,19.75,20.35,19.75,20.35,20.35,19.75,,20.35,,,3000,60450.0,3,F1,1000,,,,,
2026-07-13,2026-07-13,CM,NSE,STK,24742,INE0AG901020,CEIGALL,EQ,,,,,CEIGALL INDIA LIMITED,363.0,366.8,360.05,364.1,365.0,365.8,,364.15,,,156094,56707832.6,5239,F1,1,,,,,
2026-07-13,2026-07-13,CM,NSE,STK,761037,INE016Q01014,CEINSYS,EQ,,,,,CEINSYS TECH LIMITED,930.0,964.9,927.05,939.75,936.5,937.05,,939.8,,,71338,67608425.2,4388,F1,1,,,,,
2026-07-13,2026-07-13,CM,NSE,STK,13162,INE185H01016,CELEBRITY,EQ,,,,,CELEBRITY FASHIONS LTD,7.52,7.6,7.35,7.49,7.52,7.52,,7.49,,,4969,37206.78,69,F1,1,,,,,
2026-07-13,2026-07-13,CM,NSE,STK,18811,INE0OMO01025,CELLECOR,ST,,,,,CELLECOR GADGETS LIMITED,37.7,38.0,36.95,38.0,38.0,38.25,,38.0,,,198000,7506300.0,19,F1,3000,,,,,
2026-07-13,2026-07-13,CM,NSE,STK,19795,INE0LMW01024,CELLO,EQ,,,,,CELLO WORLD LIMITED,366.9,371.0,363.05,365.95,366.0,368.65,,365.95,,,183253,67354609.55,12271,F1,1,,,,,
2026-07-13,2026-07-13,CM,NSE,STK,5622,INE686A01026,CEMPRO,EQ,,,,,CEMINDIA PROJECTS LIMITED,1565.0,1592.0,1555.4,1583.7,1589.0,1566.8,,1583.7,,,496359,785760027.0,19164,F1,1,,,,,
2026-07-13,2026-07-13,CM,NSE,STK,14894,INE483A01010,CENTRALBK,EQ,,,,,CENTRAL BANK OF INDIA,32.2,32.87,32.07,32.72,32.78,32.6,,32.72,,,9530629,310964914.07,17734,F1,1,,,,,
2026-07-13,2026-07-13,CM,NSE,STK,21174,INE736A01011,CDSL,EQ,,,,,CENTRAL DEPO SER (I) LTD,1422.0,1453.1,1415.6,1444.5,1444.8,1431.9,,1444.5,,,3777293,5432463660.9,99803,F1,1,,,,,
2026-07-13,2026-07-13,CM,NSE,STK,761581,INE05HV01027,CMPDI,EQ,,,,,CENTRAL MINE P N D INST L,265.5,269.88,260.61,261.68,261.1,267.0,,261.68,,,1611524,426501048.85,19324,F1,1,,,,,
2026-07-13,2026-07-13,CM,NSE,STK,2454,INE660C01027,CENTRUM,EQ,,,,,CENTRUM CAPITAL LIMITED,24.68,25.75,24.2,25.36,25.74,24.57,,25.36,,,425577,10683052.14,1488,F1,1,,,,,
2026-07-13,2026-07-13,CM,NSE,STK,14982,INE320B01020,CENTUM,EQ,,,,,CENTUM ELECTRONICS LTD,3641.3,3809.0,3582.6,3741.1,3725.0,3647.6,,3741.1,,,55128,206275190.8,9486,F1,1,,,,,
2026-07-13,2026-07-13,CM,NSE,STK,619,INE485A01015,CENTENKA,EQ,,,,,CENTURY ENKA LTD,523.0,534.95,521.55,529.65,527.5,523.2,,529.65,,,17823,9429767.9,1398,F1,1,,,,,
2026-07-13,2026-07-13,CM,NSE,STK,11511,INE281A01026,CENTEXT,EQ,,,,,CENTURY EXTRUSIONS LTD,19.0,19.18,18.85,19.02,19.18,18.89,,19.01,,,36369,690018.5,297,F1,1,,,,,
2026-07-13,2026-07-13,CM,NSE,STK,13305,INE348B01021,CENTURYPLY,EQ,,,,,CENTURY PLYBOARDS (I) LTD,789.0,795.95,780.05,789.45,794.75,790.0,,789.45,,,29608,23398295.2,3586,F1,1,,,,,
2026-07-13,2026-07-13,CM,NSE,STK,15039,INE739E01017,CERA,EQ,,,,,CERA SANITARYWARE LTD,6300.0,6489.5,6104.0,6147.5,6169.0,6313.5,,6148.0,,,22672,142322197.5,6067,F1,1,,,,,
2026-07-13,2026-07-13,CM,NSE,STK,29016,INE345B01019,CEREBRAINT,BZ,,,,,CEREBRA INT TECH LTD,3.26,3.26,3.04,3.18,3.19,3.2,,3.17,,,54990,173073.06,88,F1,1,,,,,
2026-07-13,2026-07-13,CM,NSE,STK,628,INE486A01021,CESC,EQ,,,,,CESC LTD,163.0,164.75,161.14,161.92,162.0,163.93,,161.92,,,2049903,332209837.18,21626,F1,1,,,,,
2026-07-13,2026-07-13,CM,NSE,STK,760,INE067A01029,CGPOWER,EQ,,,,,CG POWER AND IND SOL LTD,912.0,912.0,895.6,905.5,908.0,916.6,,905.5,,,2819640,2550858967.65,99789,F1,1,,,,,
2026-07-13,2026-07-13,CM,NSE,STK,8546,INE427F01016,CHALET,EQ,,,,,CHALET HOTELS LIMITED,830.0,853.0,826.0,847.75,849.0,839.75,,847.75,,,128351,108701110.55,8807,F1,1,,,,,
2026-07-13,2026-07-13,CM,NSE,STK,3482,INE419D01026,CLSEL,EQ,,,,,CHAMAN LAL SETIA EXP LTD,288.0,290.9,285.3,287.0,286.5,288.0,,287.0,,,23298,6694228.15,1080,F1,1,,,,,
2026-07-13,2026-07-13,CM,NSE,STK,13731,INE06PV01010,CMNL,SM,,,,,CHAMAN METALLICS LIMITED,97.25,97.95,95.05,97.95,97.95,97.7,,97.95,,,5250,506700.0,7,F1,750,,,,,
2026-07-13,2026-07-13,CM,NSE,STK,637,INE085A01013,CHAMBLFERT,EQ,,,,,CHAMBAL FERTILIZERS LTD,450.0,457.35,447.65,456.25,456.6,453.75,,456.25,,,382227,173598293.55,12351,F1,1,,,,,
2026-07-13,2026-07-13,CM,NSE,STK,29541,INE11HG01018,CHAMUNDA,SM,,,,,CHAMUNDA ELECTRICAL LTD,43.35,43.55,43.35,43.55,43.55,45.6,,43.55,,,12000,520800.0,4,F1,3000,,,,,
2026-07-13,2026-07-13,CM,NSE,STK,29633,INE0B2N01016,CHANDAN,SM,,,,,CHANDAN HEALTHCARE LTD,246.9,256.3,246.9,250.35,249.0,249.65,,250.35,,,25600,6418880.0,31,F1,800,,,,,
2026-07-13,2026-07-13,CM,NSE,STK,18654,INE0PT101017,CHAVDA,SM,,,,,CHAVDA INFRA LIMITED,92.0,104.45,92.0,104.45,104.45,87.05,,104.45,,,270000,27821100.0,195,F1,1000,,,,,
2026-07-13,2026-07-13,CM,NSE,STK,757991,INE0TGX01019,CHEMBONDCH,BE,,,,,CHEMBOND CHEMICAL LIMITED,254.9,255.28,245.0,255.28,255.28,243.13,,256.51,,,26227,6630175.82,291,F1,1,,,,,
2026-07-13,2026-07-13,CM,NSE,STK,14620,INE995D01025,CHEMBOND,BE,,,,,CHEMBOND MATERIALTECH LTD,182.4,190.0,180.0,184.91,186.5,182.38,,184.12,,,8991,1660383.54,129,F1,1,,,,,
2026-07-13,2026-07-13,CM,NSE,STK,276,INE03YM01018,CHEMCON,BE,,,,,CHEMCON SPECIAL CHEM LTD,183.0,187.0,180.3,184.16,186.0,184.0,,185.51,,,10268,1889708.43,213,F1,1,,,,,
2026-07-13,2026-07-13,CM,NSE,STK,2815,INE783X01023,CHEMFAB,BE,,,,,CHEMFAB ALKALIS LIMITED,386.0,386.0,355.0,372.05,372.05,369.1,,377.8,,,1776,664476.55,74,F1,1,,,,,
2026-07-13,2026-07-13,CM,NSE,STK,5449,INE488A01050,CHEMPLASTS,EQ,,,,,CHEMPLAST SANMAR LIMITED,200.0,201.14,196.4,199.31,199.57,201.07,,199.3,,,166556,33232337.79,3380,F1,1,,,,,
2026-07-13,2026-07-13,CM,NSE,STK,2049,INE178A01016,CHENNPETRO,EQ,,,,,CHENNAI PETROLEUM CORP LT,1182.0,1233.4,1125.0,1157.9,1163.0,1180.7,,1157.9,,,2053306,2448623693.3,68929,F1,1,,,,,
2026-07-13,2026-07-13,CM,NSE,STK,9879,INE974B01016,CHEVIOT,EQ,,,,,CHEVIOT COMPANY LIMITED,1130.1,1145.0,1101.0,1123.4,1121.5,1132.7,,1123.4,,,1956,2187481.4,273,F1,1,,,,,
2026-07-13,2026-07-13,CM,NSE,STK,8866,INE102B01014,CHOICEIN,EQ,,,,,CHOICE INTERNATIONAL LTD,831.0,831.0,817.0,820.15,818.0,835.0,,820.15,,,948142,780843077.1,12302,F1,1,,,,,
2026-07-13,2026-07-13,CM,NSE,STK,759610,INF2KCX01012,CHOICEGOLD,EQ,,,,,CHOICEAMC - CHOICEGOLD,141.65,141.65,139.95,140.26,140.0,141.65,,140.27,,,27369,3834249.06,212,F1,1,,,,,
2026-07-13,2026-07-13,CM,NSE,STK,21740,INE149A01033,CHOLAHLDNG,EQ,,,,,CHOLAMANDALAM FIN HOL LTD,1650.1,1663.5,1622.2,1648.2,1649.5,1652.1,,1648.2,,,204110,336034596.7,16488,F1,1,,,,,
2026-07-13,2026-07-13,CM,NSE,STK,685,INE121A01024,CHOLAFIN,EQ,,,,,CHOLAMANDALAM IN & FIN CO,1799.0,1818.9,1777.5,1810.9,1808.1,1807.8,,1810.9,,,635788,1149291470.2,33231,F1,1,,,,,
2026-07-13,2026-07-13,CM,NSE,STK,14937,INE536H01010,CIEINDIA,EQ,,,,,CIE AUTOMOTIVE INDIA LTD,463.9,473.0,456.75,469.4,470.0,464.3,,469.4,,,123235,57718809.9,8756,F1,1,,,,,
2026-07-13,2026-07-13,CM,NSE,STK,27161,INE704H01022,CINELINE,EQ,,,,,CINELINE INDIA LIMITED,79.89,80.19,77.16,77.86,78.5,78.97,,77.86,,,21031,1651172.82,313,F1,1,,,,,
2026-07-13,2026-07-13,CM,NSE,STK,8024,INE039B01026,CINEVISTA,EQ,,,,,CINEVISTA LIMITED,15.48,15.98,15.16,15.73,15.97,15.42,,15.85,,,8534,132457.02,92,F1,1,,,,,
2026-07-13,2026-07-13,CM,NSE,STK,694,INE059A01026,CIPLA,EQ,,,,,CIPLA LTD,1439.4,1443.0,1420.0,1426.7,1425.0,1439.4,,1426.7,,,844670,1205958700.4,47906,F1,1,,,,,
2026-07-13,2026-07-13,CM,NSE,STK,763149,INE2Q7823014,CITIUSINVT,IV,,,,,CITIUS TRANSNET INV TRUST,108.75,109.88,107.16,109.67,109.21,107.9,,109.67,,,74872,8150956.76,713,F1,1,,,,,
2026-07-13,2026-07-13,CM,NSE,STK,5701,INE491A01021,CUB,EQ,,,,,CITY UNION BANK LTD,226.5,227.48,223.56,225.13,224.99,229.33,,225.12,,,1301126,293065657.57,26344,F1,1,,,,,
2026-07-13,2026-07-13,CM,NSE,STK,20233,INE201M01029,CLEDUCATE,BE,,,,,CL EDUCATE LIMITED,60.54,61.9,56.39,58.0,58.0,59.35,,58.0,,,26060,1529448.67,199,F1,1,,,,,
2026-07-13,2026-07-13,CM,NSE,STK,758739,INE0UQ601012,CLASSICEIL,ST,,,,,CLASSIC ELECTRODE (IND) L,52.0,55.45,52.0,55.4,55.45,52.85,,55.4,,,86400,4742320.0,34,F1,1600,,,,,
2026-07-13,2026-07-13,CM,NSE,STK,754695,INE1QGM01024,CLAYCRAFT,SM,,,,,CLAY CRAFT INDIA LIMITED,175.0,176.05,171.5,174.05,174.1,174.95,,174.05,,,61200,10622160.0,79,F1,600,,,,,
2026-07-13,2026-07-13,CM,NSE,STK,13846,INE376C01038,CLCIND,BE,,,,,CLC INDUSTRIES LIMITED,51.49,51.49,49.49,51.48,51.49,49.04,,51.48,,,76905,3949469.65,145,F1,1,,,,,
2026-07-13,2026-07-13,CM,NSE,STK,760183,INE647U01026,CLEANMAX,EQ,,,,,CLEAN MAX ENVIRO EN SOL L,1322.4,1362.0,1301.0,1305.7,1305.0,1339.6,,1305.8,,,84333,112020001.2,9009,F1,1,,,,,
2026-07-13,2026-07-13,CM,NSE,STK,5049,INE227W01023,CLEAN,EQ,,,,,CLEAN SCIENCE & TECH LTD,770.15,776.75,755.8,772.0,775.0,770.05,,772.05,,,200594,153803828.15,15079,F1,1,,,,,
2026-07-13,2026-07-13,CM,NSE,STK,760143,INE1EF801010,CSSL,SM,,,,,CLEAR SECURED SERVICES L,104.0,104.0,101.05,101.05,101.05,105.5,,101.05,,,5000,513850.0,5,F1,1000,,,,,
2026-07-13,2026-07-13,CM,NSE,STK,19676,INE981B01011,CMICABLES,BZ,,,,,CMI LIMITED,2.8,3.03,2.8,2.9,2.9,2.9,,2.94,,,8343,23617.09,32,F1,1,,,,,
2026-07-13,2026-07-13,CM,NSE,STK,30893,INE00WV01027,CMRGREEN,EQ,,,,,CMR GREEN TECHNOLOGIES L,223.95,235.2,221.3,229.3,229.3,223.5,,229.3,,,1545077,357363690.25,15639,F1,1,,,,,
2026-07-13,2026-07-13,CM,NSE,STK,7603,INE925R01014,CMSINFO,EQ,,,,,CMS INFO SYSTEMS LIMITED,261.95,274.7,260.4,273.6,274.7,262.4,,273.6,,,818212,220220951.85,15704,F1,1,,,,,
2026-07-13,2026-07-13,CM,NSE,STK,20374,INE522F01014,COALINDIA,EQ,,,,,COAL INDIA LTD,429.0,431.9,425.0,430.2,430.95,429.3,,430.2,,,5650932,2418817736.2,79204,F1,1,,,,,
2026-07-13,2026-07-13,CM,NSE,STK,6006,INE377E01024,COASTCORP,EQ,,,,,COASTAL CORPORATION LTD,50.85,52.5,50.21,51.85,51.7,50.82,,51.85,,,106613,5520045.77,844,F1,1,,,,,
2026-07-13,2026-07-13,CM,NSE,STK,21508,INE704P01025,COCHINSHIP,EQ,,,,,COCHIN SHIPYARD LIMITED,1408.0,1422.4,1400.1,1411.8,1411.7,1418.0,,1411.8,,,854769,1207483037.1,25788,F1,1,,,,,
2026-07-13,2026-07-13,CM,NSE,STK,11169,INE335K01011,COFFEEDAY,BE,,,,,COFFEE DAY ENTERPRISE LTD,31.89,32.49,31.64,32.07,32.06,31.93,,32.07,,,226598,7267253.98,700,F1,1,,,,,
2026-07-13,2026-07-13,CM,NSE,STK,11543,INE591G01025,COFORGE,EQ,,,,,COFORGE LIMITED,1494.1,1547.9,1470.0,1540.9,1543.9,1503.8,,1540.9,,,5132000,7809084577.6,154600,F1,1,,,,,
2026-07-13,2026-07-13,CM,NSE,STK,17945,INE03QK01018,COHANCE,EQ,,,,,COHANCE LIFESCIENCES LTD,454.0,454.2,446.75,449.75,449.0,451.9,,449.75,,,366166,165118860.65,13894,F1,1,,,,,
2026-07-13,2026-07-13,CM,NSE,STK,15141,INE259A01022,COLPAL,EQ,,,,,COLGATE PALMOLIVE LTD.,2038.8,2044.9,2020.0,2025.0,2026.0,2052.4,,2025.0,,,141476,286983650.6,13864,F1,1,,,,,
2026-07-13,2026-07-13,CM,NSE,STK,762628,INE819A01049,COMFINTE,EQ,,,,,COMFORT INTECH LTD.,5.98,5.98,5.7,5.72,5.71,5.75,,5.71,,,77423,445312.96,315,F1,1,,,,,
2026-07-13,2026-07-13,CM,NSE,STK,21578,INE073V01015,COMSYN,EQ,,,,,COMMERCIAL SYN BAGS LTD,191.0,198.36,190.1,195.3,197.0,193.94,,195.28,,,334667,64750379.59,3147,F1,1,,,,,
2026-07-13,2026-07-13,CM,NSE,STK,19670,INE070C01037,COMPINFO,BZ,,,,,COMPUAGE INFOCOM LTD,1.23,1.23,1.13,1.18,1.17,1.18,,1.18,,,17995,21221.5,37,F1,1,,,,,
2026-07-13,2026-07-13,CM,NSE,STK,31138,INE453B01029,COMPUSOFT,EQ,,,,,COMPUCOM SOFTWARE LTD,13.58,13.58,13.05,13.17,13.2,13.31,,13.17,,,19449,257181.14,235,F1,1,,,,,
2026-07-13,2026-07-13,CM,NSE,STK,342,INE596I01020,CAMS,EQ,,,,,COMPUTER AGE MNGT SER LTD,780.0,790.0,776.85,785.75,785.0,790.5,,785.75,,,731032,573322182.95,54000,F1,1,,,,,
2026-07-13,2026-07-13,CM,NSE,STK,18060,INE338H01029,CONCORDBIO,EQ,,,,,CONCORD BIOTECH LIMITED,1296.1,1360.0,1271.0,1351.7,1350.0,1304.7,,1351.7,,,150971,201222368.4,13104,F1,1,,,,,
2026-07-13,2026-07-13,CM,NSE,STK,28764,INE037Z01029,CEWATER,EQ,,,,,CONCORD ENVIRO SYSTEMS L,348.0,348.0,331.0,332.7,332.0,352.6,,332.7,,,355821,120479703.2,12549,F1,1,,,,,
2026-07-13,2026-07-13,CM,NSE,STK,10238,INE552D01024,CONFIPET,EQ,,,,,CONFIDENCE PETRO IND LTD.,75.86,77.8,73.8,75.35,75.19,76.45,,75.35,,,1511454,114257754.31,10763,F1,1,,,,,
2026-07-13,2026-07-13,CM,NSE,STK,758453,INE0EAS01014,CONNPLEX,SM,,,,,CONNPLEX CINEMAS LIMITED,203.25,203.25,197.8,198.6,199.4,203.25,,198.6,,,16800,3367160.0,21,F1,800,,,,,
2026-07-13,2026-07-13,CM,NSE,STK,14992,INE429I01024,CCCL,EQ,,,,,CONS. CONST. CONSORT LTD,16.19,17.78,16.06,17.4,17.4,16.23,,17.4,,,841350,14520199.53,2105,F1,1,,,,,
2026-07-13,2026-07-13,CM,NSE,STK,11731,INE025A01027,CONSOFINVT,EQ,,,,,CONSO. FIN. & HOLD. LTD.,263.33,263.33,255.33,259.72,259.9,263.33,,259.72,,,11321,2936380.58,339,F1,1,,,,,
2026-07-13,2026-07-13,CM,NSE,STK,4749,INE111A01025,CONCOR,EQ,,,,,CONTAINER CORP OF IND LTD,460.9,470.4,456.2,463.95,469.35,463.75,,464.0,,,3105163,1427588225.8,32678,F1,1,,,,,
2026-07-13,2026-07-13,CM,NSE,STK,2531,INE340Z01019,CONTI,SM,,,,,CONTINENTAL SEED CHEM LTD,11.9,11.9,11.4,11.4,11.4,11.9,,11.4,,,6666,77658.9,2,F1,3333,,,,,
2026-07-13,2026-07-13,CM,NSE,STK,17477,INE663B01015,CONTROLPR,EQ,,,,,CONTROL PRINT LIMITED,642.0,655.5,634.75,652.1,647.0,645.45,,652.1,,,19934,12935036.85,1541,F1,1,,,,,
2026-07-13,2026-07-13,CM,NSE,STK,8567,INE0HS001028,COOLCAPS,ST,,,,,COOL CAPS INDUSTRIES LTD,23.8,23.95,22.8,22.9,23.25,24.0,,22.9,,,71250,1649250.0,33,F1,1250,,,,,
2026-07-13,2026-07-13,CM,NSE,STK,4007,INE558D01021,CORALFINAC,EQ,,,,,CORAL INDIA FIN & HOUS LT,33.26,34.91,32.81,33.33,33.33,33.94,,33.36,,,5674,190005.98,384,F1,1,,,,,
2026-07-13,2026-07-13,CM,NSE,STK,15275,INE792I01017,CORDSCABLE,BE,,,,,CORDS CABLE INDUS LTD.,206.5,209.65,201.5,205.83,204.85,206.07,,205.77,,,9887,2038942.57,171,F1,1,,,,,
2026-07-13,2026-07-13,CM,NSE,STK,739,INE169A01031,COROMANDEL,EQ,,,,,COROMANDEL INTERNTL. LTD,2059.0,2067.6,2025.1,2060.1,2060.0,2067.8,,2060.1,,,173632,356150808.5,19387,F1,1,,,,,
2026-07-13,2026-07-13,CM,NSE,STK,760254,INE02ZQ01018,CORONA,EQ,,,,,CORONA REMEDIES LIMITED,2040.0,2095.0,2039.9,2054.1,2045.1,2042.8,,2053.8,,,26986,55864710.0,5465,F1,1,,,,,
2026-07-13,2026-07-13,CM,NSE,STK,742,INE757A01017,COSMOFIRST,EQ,,,,,COSMO FIRST LIMITED,830.0,848.5,823.5,828.5,834.95,831.15,,828.5,,,74280,62274575.6,4261,F1,1,,,,,
2026-07-13,2026-07-13,CM,NSE,STK,6385,INE652F01027,CCHHL,EQ,,,,,COUNTRY CLUB HOSP HOL LTD,12.53,13.34,12.53,13.08,12.85,12.84,,13.08,,,90961,1182179.94,279,F1,1,,,,,
2026-07-13,2026-07-13,CM,NSE,STK,16986,INE695B01025,COUNCODOS,EQ,,,,,COUNTRY CONDO S LIMITED,6.19,6.49,6.05,6.38,6.38,5.86,,6.38,,,761562,4809623.12,1384,F1,1,,,,,
2026-07-13,2026-07-13,CM,NSE,STK,20090,INE521J01018,CPCAP,BE,,,,,CP CAPITAL LIMITED,110.3,116.0,109.1,111.33,114.3,112.5,,111.33,,,60157,6901697.79,158,F1,1,,,,,
2026-07-13,2026-07-13,CM,NSE,STK,2328,INF457M01133,CPSEETF,EQ,,,,,CPSE ETF,99.11,99.11,95.77,96.78,96.75,96.22,,96.78,,,1027507,99040795.99,8476,F1,1,,,,,
2026-07-13,2026-07-13,CM,NSE,STK,2854,INE00LO01017,CRAFTSMAN,EQ,,,,,CRAFTSMAN AUTOMATION LTD,9236.5,9420.0,9222.5,9333.0,9330.0,9301.0,,9332.5,,,19180,178813056.0,5635,F1,1,,,,,
2026-07-13,2026-07-13,CM,NSE,STK,16419,INE0OFK01019,CRAYONS,SM,,,,,CRAYONS ADVERTISING LTD,29.85,30.0,28.85,28.85,28.85,28.8,,28.85,,,8000,238050.0,4,F1,1000,,,,,
2026-07-13,2026-07-13,CM,NSE,STK,9384,INE230B01021,CREATIVEYE,EQ,,,,,CREATIVE EYE LIMITED,6.13,6.27,5.66,6.0,6.09,6.26,,5.99,,,51981,304262.0,286,F1,1,,,,,
2026-07-13,2026-07-13,CM,NSE,STK,23468,INE0R7401011,CGRAPHICS,SM,,,,,CREATIVE GRAPHICS S IND L,140.75,142.5,136.1,136.55,136.45,139.35,,136.55,,,35200,4906200.0,43,F1,800,,,,,
2026-07-13,2026-07-13,CM,NSE,STK,11155,INE985W01018,CNL,EQ,,,,,CREATIVE NEWTECH LIMITED,848.35,996.0,830.0,938.8,947.0,847.5,,938.5,,,2108393,2013335290.15,80114,F1,1,,,,,
2026-07-13,2026-07-13,CM,NSE,STK,4421,INE741K01010,CREDITACC,EQ,,,,,CREDITACCESS GRAMEEN LTD,1528.6,1551.8,1508.4,1540.2,1537.7,1529.4,,1540.2,,,294066,450394568.0,29411,F1,1,,,,,
2026-07-13,2026-07-13,CM,NSE,STK,20878,INE220Q01020,MUFTI,EQ,,,,,CREDO BRANDS MARKETING L,85.84,87.98,85.06,87.16,87.01,85.62,,87.16,,,69814,6039777.97,1117,F1,1,,,,,
2026-07-13,2026-07-13,CM,NSE,STK,13900,INE559D01011,CREST,EQ,,,,,CREST VENTURES LIMITED,369.8,372.05,363.1,369.85,370.0,370.75,,369.85,,,11110,4103996.75,96,F1,1,,,,,
2026-07-13,2026-07-13,CM,NSE,STK,757,INE007A01025,CRISIL,EQ,,,,,CRISIL LTD,4102.8,4115.0,4065.0,4071.5,4088.0,4097.4,,4071.5,,,35209,143843575.3,7890,F1,1,,,,,
2026-07-13,2026-07-13,CM,NSE,STK,757850,INE0S4R01014,CRIZAC,EQ,,,,,CRIZAC LIMITED,202.0,207.39,198.2,198.92,198.9,200.02,,198.92,,,733750,147273745.86,13925,F1,1,,,,,
2026-07-13,2026-07-13,CM,NSE,STK,17094,INE299U01018,CROMPTON,EQ,,,,,CROMPT GREA CON ELEC LTD,261.75,263.0,259.0,261.8,262.0,261.7,,261.8,,,4132466,1081532939.35,36667,F1,1,,,,,
2026-07-13,2026-07-13,CM,NSE,STK,18260,INE00NH01017,CLSL,SM,,,,,CROP LIFE SCIENCE LIMITED,47.0,47.0,47.0,47.0,47.0,47.4,,47.0,,,4000,188000.0,2,F1,2000,,,,,
2026-07-13,2026-07-13,CM,NSE,STK,8083,INE491V01019,CROWN,EQ,,,,,CROWN LIFTERS LIMITED,114.7,115.9,112.51,113.88,114.86,114.7,,113.88,,,2961,338675.2,103,F1,1,,,,,
2026-07-13,2026-07-13,CM,NSE,STK,14966,INE679A01013,CSBBANK,EQ,,,,,CSB BANK LIMITED,355.1,364.8,355.1,362.95,363.0,360.4,,362.95,,,459778,165798390.85,22353,F1,1,,,,,
2026-07-13,2026-07-13,CM,NSE,STK,10350,INE718F01018,CSLFINANCE,EQ,,,,,CSL FINANCE LIMITED,225.08,227.88,220.86,226.14,227.0,224.59,,226.14,,,19545,4388029.47,607,F1,1,,,,,
2026-07-13,2026-07-13,CM,NSE,STK,763754,INE0ZK601013,CSM,BE,,,,,CSM TECHNOLOGIES LIMITED,100.31,100.31,95.6,99.4,99.4,100.31,,99.4,,,184628,18249100.93,1338,F1,1,,,,,
2026-07-13,2026-07-13,CM,NSE,STK,4064,INE144D01012,CUBEXTUB,EQ,,,,,CUBEX TUBINGS LTD,80.9,83.45,80.0,80.72,80.5,80.9,,80.72,,,89866,7343405.63,1342,F1,1,,,,,
2026-07-13,2026-07-13,CM,NSE,STK,1901,INE298A01020,CUMMINSIND,EQ,,,,,CUMMINS INDIA LTD,5600.0,5601.5,5529.0,5555.0,5561.0,5621.5,,5555.0,,,323370,1799303097.5,29500,F1,1,,,,,
2026-07-13,2026-07-13,CM,NSE,STK,18520,INE509F01029,CUPID,EQ,,,,,CUPID LIMITED,212.24,215.25,205.0,206.83,207.99,212.24,,206.83,,,60588172,12702578636.82,293007,F1,1,,,,,
2026-07-13,2026-07-13,CM,NSE,STK,30189,INE117B01020,CURAA,EQ,,,,,CURA TECHNOLOGIES LIMITED,75.0,77.55,72.2,73.81,72.92,75.87,,73.81,,,877,65079.93,33,F1,1,,,,,
2026-07-13,2026-07-13,CM,NSE,STK,759825,INE1BZN01016,CURIS,SM,,,,,CURIS LIFESCIENCES LTD,98.5,100.95,98.0,100.95,100.95,100.7,,100.95,,,3000,297450.0,3,F1,1000,,,,,
2026-07-13,2026-07-13,CM,NSE,STK,758964,INE1CRQ01014,CURRENT,SM,,,,,CURRENT INFRAPROJECTS LTD,96.0,102.95,96.0,102.95,102.95,98.8,,102.95,,,6400,638240.0,4,F1,1600,,,,,
2026-07-13,2026-07-13,CM,NSE,STK,11845,INE278G01037,CYBERMEDIA,BE,,,,,CYBER MEDIA (INDIA) LTD.,16.12,16.5,15.41,16.27,16.38,16.12,,15.98,,,5094,80155.29,38,F1,1,,,,,
2026-07-13,2026-07-13,CM,NSE,STK,11447,INE075Z01011,CMRSL,SM,,,,,CYBER MEDIA RES & SER LTD,64.5,64.5,64.5,64.5,64.5,67.85,,64.5,,,800,51600.0,1,F1,800,,,,,
2026-07-13,2026-07-13,CM,NSE,STK,6054,INE214A01019,CYBERTECH,BE,,,,,CYBERTECH SYSTEMS & SOFTW,136.1,144.0,136.1,141.39,142.8,140.59,,141.39,,,17505,2476665.1,218,F1,1,,,,,
2026-07-13,2026-07-13,CM,NSE,STK,17187,INE055S01018,CYIENTDLM,EQ,,,,,CYIENT DLM LIMITED,540.55,554.3,512.15,525.65,524.4,545.65,,525.65,,,702854,373204221.1,18529,F1,1,,,,,
2026-07-13,2026-07-13,CM,NSE,STK,5748,INE136B01020,CYIENT,EQ,,,,,CYIENT LIMITED,836.6,872.4,831.7,867.4,864.0,841.15,,867.4,,,612036,527391071.45,29342,F1,1,,,,,
2026-07-13,2026-07-13,CM,NSE,STK,16902,INE864X01013,DPWIRES,BE,,,,,D P WIRES LIMITED,182.99,182.99,175.01,176.98,177.6,181.29,,176.99,,,14999,2657956.81,356,F1,1,,,,,
2026-07-13,2026-07-13,CM,NSE,STK,17851,INE250K01012,DLINKINDIA,EQ,,,,,D-LINK INDIA LTD,496.45,499.7,485.1,488.75,491.0,506.45,,488.75,,,361845,177188657.05,9137,F1,1,,,,,
2026-07-13,2026-07-13,CM,NSE,STK,936,INE266Y01019,DPABHUSHAN,EQ,,,,,D. P. ABHUSHAN LIMITED,1188.0,1188.0,1148.95,1161.45,1180.0,1193.7,,1161.4,,,55406,64516865.8,4395,F1,1,,,,,
2026-07-13,2026-07-13,CM,NSE,STK,17881,INE950I01011,DBCORP,EQ,,,,,D.B.CORP LTD,202.1,203.91,196.25,202.39,203.0,203.54,,202.38,,,145622,29431207.11,3727,F1,1,,,,,
2026-07-13,2026-07-13,CM,NSE,STK,772,INE016A01026,DABUR,EQ,,,,,DABUR INDIA LTD,442.0,442.75,438.4,438.9,439.2,443.5,,438.9,,,774683,340772865.25,17651,F1,1,,,,,
2026-07-13,2026-07-13,CM,NSE,STK,762636,INE928C01010,DAICHI,BE,,,,,DAI-ICHI KARKARIA LTD.,318.0,323.75,306.3,321.5,321.5,320.7,,315.3,,,3024,943445.45,38,F1,1,,,,,
2026-07-13,2026-07-13,CM,NSE,STK,8075,INE00R701025,DALBHARAT,EQ,,,,,DALMIA BHARAT LIMITED,1770.2,1777.5,1750.7,1757.1,1752.0,1786.5,,1757.1,,,75208,132584148.1,7254,F1,1,,,,,
2026-07-13,2026-07-13,CM,NSE,STK,781,INE495A01022,DALMIASUG,EQ,,,,,DALMIA BHARAT SUG IN LTD,357.0,373.1,356.2,366.05,365.0,357.0,,365.8,,,225132,82611582.3,6395,F1,1,,,,,
2026-07-13,2026-07-13,CM,NSE,STK,28662,INE284H01025,DAMCAPITAL,EQ,,,,,DAM CAPITAL ADVISORS LTD,152.99,168.0,151.15,161.97,162.5,153.41,,161.95,,,2927827,478259987.68,34417,F1,1,,,,,
2026-07-13,2026-07-13,CM,NSE,STK,17569,INE497D01022,DAMODARIND,BE,,,,,DAMODAR INDUSTRIES LTD,31.7,31.7,30.06,30.1,30.06,31.19,,30.38,,,6530,199048.75,43,F1,1,,,,,
2026-07-13,2026-07-13,CM,NSE,STK,1110,INE688Y01022,DANGEE,EQ,,,,,DANGEE DUMS LIMITED,3.16,3.26,3.1,3.2,3.21,3.16,,3.2,,,46288,146436.96,83,F1,1,,,,,
2026-07-13,2026-07-13,CM,NSE,STK,25927,INE0YU901016,DANISH,SM,,,,,DANISH POWER LIMITED,894.1,908.0,894.1,898.75,895.6,917.0,,898.75,,,16200,14575320.0,82,F1,150,,,,,
2026-07-13,2026-07-13,CM,NSE,STK,757107,INE04Q901010,DCCL,SM,,,,,DAR CREDIT & CAPITAL LTD,45.0,46.0,45.0,45.15,45.15,44.25,,45.15,,,16000,723200.0,7,F1,2000,,,,,
2026-07-13,2026-07-13,CM,NSE,STK,7358,INE0IX101010,DATAPATTNS,EQ,,,,,DATA PATTERNS INDIA LTD,4321.1,4345.0,4235.6,4270.3,4280.0,4343.0,,4270.4,,,376266,1612278425.7,40481,F1,1,,,,,
2026-07-13,2026-07-13,CM,NSE,STK,11423,INE365B01017,DATAMATICS,EQ,,,,,DATAMATICS GLOBAL SER LTD,892.9,918.0,888.1,896.3,892.55,900.45,,896.45,,,218370,197798816.75,13775,F1,1,,,,,
2026-07-13,2026-07-13,CM,NSE,STK,21794,INE179G01029,DAVANGERE,EQ,,,,,DAVANGERE SUGAR COMPANY L,3.52,3.53,3.47,3.49,3.5,3.5,,3.49,,,3200051,11186144.86,1984,F1,1,,,,,
2026-07-13,2026-07-13,CM,NSE,STK,31111,INE921B01025,DBSTOCKBRO,BE,,,,,DB (INT) STOCK BROKERS,43.59,43.59,40.7,41.0,40.73,42.71,,41.0,,,178030,7303397.26,132,F1,1,,,,,
2026-07-13,2026-07-13,CM,NSE,STK,11566,INE0A1101019,DCI,EQ,,,,,DC INFOTECH AND COMUN LTD,286.1,299.8,273.55,277.7,274.0,290.25,,278.0,,,16716,4750896.6,560,F1,1,,,,,
2026-07-13,2026-07-13,CM,NSE,STK,13725,INE503A01015,DCBBANK,EQ,,,,,DCB BANK LIMITED,186.0,193.65,186.0,192.24,192.0,188.67,,192.24,,,1484613,283346943.48,28266,F1,1,,,,,
2026-07-13,2026-07-13,CM,NSE,STK,761737,INE04Q907181,1275DCCL28,N0,,,,,DCCL 12.75% 2028,9780.4,9780.4,9580.4,9580.4,9580.4,9980.0,,9580.4,,,11,106404.0,3,F1,1,,,,,
2026-07-13,2026-07-13,CM,NSE,STK,23520,INE0S8401018,DCG,SM,,,,,DCG CABLES & WIRES LTD,51.0,51.0,49.5,50.65,50.6,50.0,,50.65,,,12000,606720.0,10,F1,1200,,,,,
2026-07-13,2026-07-13,CM,NSE,STK,8704,INE891B01012,DCMFINSERV,BE,,,,,DCM FINANCIAL SERVICES LT,5.56,5.65,5.15,5.38,5.39,5.39,,5.37,,,5881,31747.25,37,F1,1,,,,,
2026-07-13,2026-07-13,CM,NSE,STK,7323,INE498A01018,DCM,BE,,,,,DCM LIMITED,97.2,98.83,95.0,96.02,95.26,98.0,,96.02,,,6766,652662.85,85,F1,1,,,,,
2026-07-13,2026-07-13,CM,NSE,STK,11041,INE08KP01019,DCMNVL,BE,,,,,DCM NOUVELLE LIMITED,146.15,148.0,145.0,148.0,148.0,146.15,,148.02,,,6086,891567.47,79,F1,1,,,,,
2026-07-13,2026-07-13,CM,NSE,STK,760893,INE0OFM01015,DSFCL,BE,,,,,DCM SHRIRAM FINE CHEM LTD,23.75,24.0,23.2,23.44,23.68,23.86,,23.44,,,87857,2075655.87,202,F1,1,,,,,
2026-07-13,2026-07-13,CM,NSE,STK,7325,INE843D01027,DCMSRIND,EQ,,,,,DCM SHRIRAM IND LTD,40.24,42.5,39.76,41.53,41.5,40.12,,41.52,,,269572,11245355.38,2665,F1,1,,,,,
2026-07-13,2026-07-13,CM,NSE,STK,760898,INE0OU201013,DCMSIL,BE,,,,,DCM SHRIRAM INTERNATNL L,78.34,78.34,78.34,78.34,78.34,76.81,,78.79,,,10873,851790.82,31,F1,1,,,,,
2026-07-13,2026-07-13,CM,NSE,STK,811,INE499A01024,DCMSHRIRAM,EQ,,,,,DCM SHRIRAM LIMITED,1038.0,1054.5,1014.0,1035.8,1036.5,1054.9,,1035.9,,,144217,148760767.4,14724,F1,1,,,,,
2026-07-13,2026-07-13,CM,NSE,STK,817,INE500A01029,DCW,EQ,,,,,DCW LTD,48.51,49.64,48.19,49.11,49.3,49.0,,49.11,,,1122912,55103675.33,4450,F1,1,,,,,
2026-07-13,2026-07-13,CM,NSE,STK,11895,INE0KL801015,DCXINDIA,EQ,,,,,DCX SYSTEMS LIMITED,199.8,199.8,195.32,196.21,195.8,200.17,,196.22,,,527152,103951635.21,6974,F1,1,,,,,
2026-07-13,2026-07-13,CM,NSE,STK,29098,INE0HR601026,DDEVPLSTIK,EQ,,,,,DDEV PLASTIKS IND LTD,280.1,299.95,278.8,294.15,296.2,284.75,,294.3,,,413773,121888635.55,9463,F1,1,,,,,
2026-07-13,2026-07-13,CM,NSE,STK,15449,INE0JWV01011,DENEERS,SM,,,,,DE NEERS TOOLS LIMITED,174.0,175.0,172.05,172.7,172.7,175.5,,172.7,,,5400,938070.0,8,F1,600,,,,,
2026-07-13,2026-07-13,CM,NSE,STK,4279,INE244A01016,DENORA,EQ,,,,,DE NORA INDIA LIMITED,880.0,900.0,873.9,883.2,887.3,886.5,,883.15,,,5870,5205313.4,761,F1,1,,,,,
2026-07-13,2026-07-13,CM,NSE,STK,760462,INE411Y01011,DIL,BZ,,,,,DEBOCK INDUSTRIES LIMITED,0.83,0.88,0.81,0.82,0.85,0.85,,0.82,,,596366,498761.84,375,F1,1,,,,,
2026-07-13,2026-07-13,CM,NSE,STK,14838,INE583C01021,DECCANCE,EQ,,,,,DECCAN CEMENTS LIMITED,578.9,584.9,572.1,577.55,580.0,577.05,,577.6,,,4335,2507353.05,301,F1,1,,,,,
2026-07-13,2026-07-13,CM,NSE,STK,762638,INE945F01025,DECNGOLD,EQ,,,,,DECCAN GOLD MINES LTD.,201.0,204.4,196.0,199.32,199.19,205.3,,199.3,,,1338155,267813427.32,16223,F1,1,,,,,
2026-07-13,2026-07-13,CM,NSE,STK,25421,INE0S7C01019,DECCANTRAN,SM,,,,,DECCAN TRANSCON LEASING L,21.0,21.7,20.5,21.0,21.0,23.0,,21.0,,,40800,852540.0,30,F1,1200,,,,,
2026-07-13,2026-07-13,CM,NSE,STK,24156,INE841L01016,DEEDEV,BE,,,,,DEE DEVELOPMENT ENG LTD,695.0,695.0,665.65,672.65,680.0,698.7,,672.7,,,86848,59085491.05,2235,F1,1,,,,,
2026-07-13,2026-07-13,CM,NSE,STK,3292,INE0FHS01024,DEEPINDS,EQ,,,,,DEEP INDUSTRIES LIMITED,469.0,478.4,460.15,462.7,463.0,465.3,,462.7,,,162412,76068224.95,6019,F1,1,,,,,
2026-07-13,2026-07-13,CM,NSE,STK,25894,INE0OPA01027,DBEIL,BE,,,,,DEEPAK BUILDERS & ENG I L,8.02,8.5,8.02,8.12,8.15,8.29,,8.12,,,141313,1155188.01,336,F1,1,,,,,
2026-07-13,2026-07-13,CM,NSE,STK,827,INE501A01019,DEEPAKFERT,EQ,,,,,DEEPAK FERTILIZERS & PETR,1498.6,1531.7,1475.7,1513.4,1512.3,1526.2,,1513.4,,,219390,330342161.6,17450,F1,1,,,,,
2026-07-13,2026-07-13,CM,NSE,STK,19943,INE288B01029,DEEPAKNTR,EQ,,,,,DEEPAK NITRITE LTD,1626.0,1680.0,1613.3,1667.2,1670.0,1644.0,,1667.2,,,151399,251104173.0,14924,F1,1,,,,,
2026-07-13,2026-07-13,CM,NSE,STK,22527,INE0SK801018,DELAPLEX,SM,,,,,DELAPLEX LIMITED,97.5,103.0,97.5,102.0,102.0,99.3,,102.0,,,10200,1023180.0,9,F1,600,,,,,
2026-07-13,2026-07-13,CM,NSE,STK,9599,INE148O01028,DELHIVERY,EQ,,,,,DELHIVERY LIMITED,520.0,520.0,509.15,512.3,513.2,520.3,,512.3,,,2476391,1272039578.55,42898,F1,1,,,,,
2026-07-13,2026-07-13,CM,NSE,STK,24395,INE726L01027,DELPHIFX,BE,,,,,DELPHI WORLD MONEY LTD,9.09,9.1,8.5,8.86,8.88,8.8,,8.86,,,75074,665052.15,96,F1,1,,,,,
2026-07-13,2026-07-13,CM,NSE,STK,29095,INE0XRN01019,DELTIC,ST,,,,,DELTA AUTOCORP LIMITED,33.0,34.0,32.4,34.0,34.0,33.85,,34.0,,,9000,300050.0,8,F1,1000,,,,,
2026-07-13,2026-07-13,CM,NSE,STK,15044,INE124G01033,DELTACORP,EQ,,,,,DELTA CORP LIMITED,64.7,65.2,64.1,64.74,65.0,64.99,,64.74,,,656365,42405232.09,3460,F1,1,,,,,
2026-07-13,2026-07-13,CM,NSE,STK,1214,INE393A01011,DELTAMAGNT,EQ,,,,,DELTA MANUFACTURING LTD,58.5,60.9,58.5,59.56,60.28,59.19,,59.56,,,1415,84378.84,51,F1,1,,,,,
2026-07-13,2026-07-13,CM,NSE,STK,17722,INE947J01015,DEN,EQ,,,,,DEN NETWORKS LTD,29.4,30.42,28.97,30.1,30.2,29.19,,30.1,,,897685,26894004.97,3711,F1,1,,,,,
2026-07-13,2026-07-13,CM,NSE,STK,29256,INE0R4L01018,DENTA,EQ,,,,,DENTA WATER N INFRA SOL L,348.9,356.3,344.05,345.95,345.45,353.05,,345.95,,,436101,152262781.6,11144,F1,1,,,,,
2026-07-13,2026-07-13,CM,NSE,STK,759079,INE0VOV01021,DEVX,EQ,,,,,DEV ACCELERATOR LIMITED,35.07,35.07,34.2,34.9,34.8,35.07,,34.9,,,48669,1693119.97,280,F1,1,,,,,
2026-07-13,2026-07-13,CM,NSE,STK,8146,INE060X01034,DEVIT,EQ,,,,,DEV INFO TECHNOLOGY LTD,27.9,28.49,27.52,28.08,28.0,27.55,,28.09,,,33487,937084.47,606,F1,1,,,,,
2026-07-13,2026-07-13,CM,NSE,STK,5373,INE872J01023,DEVYANI,EQ,,,,,DEVYANI INTERNATIONAL LTD,111.74,114.85,111.01,113.94,113.86,112.47,,113.94,,,2319483,263488771.71,15691,F1,1,,,,,
2026-07-13,2026-07-13,CM,NSE,STK,10895,INE0I3401014,DBOL,BE,,,,,DHAMPUR BIO ORGANICS LTD,111.12,116.98,110.03,116.27,116.0,112.52,,116.33,,,67125,7734249.89,462,F1,1,,,,,
2026-07-13,2026-07-13,CM,NSE,STK,857,INE041A01016,DHAMPURSUG,EQ,,,,,DHAMPUR SUGAR MILLS LTD.,142.8,147.45,141.79,143.97,143.12,143.3,,143.98,,,395733,57603835.49,4105,F1,1,,,,,
2026-07-13,2026-07-13,CM,NSE,STK,11359,INE680A01011,DHANBANK,EQ,,,,,DHANLAXMI BANK LIMITED,34.49,35.35,33.94,34.85,34.89,34.75,,34.86,,,1183964,41067870.6,5345,F1,1,,,,,
2026-07-13,2026-07-13,CM,NSE,STK,27723,INE0V9V01010,DHANLAXMI,SM,,,,,DHANLAXMI CROP SCIENCE L,25.85,25.9,25.0,25.0,25.0,24.9,,25.0,,,12000,305400.0,5,F1,2000,,,,,
2026-07-13,2026-07-13,CM,NSE,STK,24409,INE435G01025,DHANUKA,EQ,,,,,DHANUKA AGRITECH LTD,1040.4,1047.0,1025.1,1043.6,1043.0,1045.9,,1043.6,,,31473,32623553.5,3186,F1,1,,,,,
2026-07-13,2026-07-13,CM,NSE,STK,760492,INE2HJL01019,DHARARAIL,ST,,,,,DHARA RAIL PROJECTS LTD,135.0,138.95,133.2,138.95,138.95,138.95,,138.95,,,4000,546050.0,4,F1,1000,,,,,
2026-07-13,2026-07-13,CM,NSE,STK,759203,INE278R01034,DHARAN,BZ,,,,,DHARAN INFRA-EPC LIMITED,0.16,0.16,0.15,0.15,0.16,0.15,,0.15,,,8152928,1266739.95,1002,F1,1,,,,,
2026-07-13,2026-07-13,CM,NSE,STK,24747,INE0YRN01025,DHARIWAL,SM,,,,,DHARIWALCORP LIMITED,32.05,33.4,31.35,32.15,33.4,33.3,,32.15,,,171000,5504250.0,27,F1,3000,,,,,
2026-07-13,2026-07-13,CM,NSE,STK,13001,INE00OQ01016,DHARMAJ,EQ,,,,,DHARMAJ CROP GUARD LTD,260.0,261.0,255.0,256.2,256.0,260.0,,256.2,,,10529,2710315.25,861,F1,1,,,,,
2026-07-13,2026-07-13,CM,NSE,STK,6860,INE506Z01015,DHRUV,BE,,,,,DHRUV CONSULTANCY SER LTD,26.9,27.1,26.9,26.92,26.9,26.25,,26.92,,,3341,89990.2,18,F1,1,,,,,
2026-07-13,2026-07-13,CM,NSE,STK,22233,INE320L01011,DHUNINV,EQ,,,,,DHUNSERI INVESTMENTS LTD,975.0,999.9,970.0,996.75,998.0,989.45,,995.15,,,5837,5788935.25,196,F1,1,,,,,
2026-07-13,2026-07-13,CM,NSE,STK,6227,INE341R01014,DTIL,EQ,,,,,DHUNSERI TEA & IND. LTD.,138.0,142.65,134.12,136.96,136.5,137.32,,136.96,,,6186,847005.65,357,F1,1,,,,,
2026-07-13,2026-07-13,CM,NSE,STK,15214,INE477B01010,DVL,EQ,,,,,DHUNSERI VENTURES LIMITED,241.16,244.39,239.88,243.78,243.5,241.16,,243.88,,,10099,2454741.84,285,F1,1,,,,,
2026-07-13,2026-07-13,CM,NSE,STK,18644,INE591D01014,DIAMINESQ,EQ,,,,,DIAMINES & CHEMICALS LTD,269.75,272.46,261.36,270.61,268.1,269.75,,270.61,,,8051,2161557.45,323,F1,1,,,,,
2026-07-13,2026-07-13,CM,NSE,STK,18543,INE989C01038,DIACABS,EQ,,,,,DIAMOND POWER INFRA LTD,228.99,230.63,224.5,227.46,227.2,229.01,,227.45,,,3559664,808802590.62,30306,F1,1,,,,,
2026-07-13,2026-07-13,CM,NSE,STK,703,INE303A01010,DICIND,EQ,,,,,DIC INDIA LIMITED,530.0,530.0,513.0,524.15,522.75,522.6,,523.9,,,689,359474.5,98,F1,1,,,,,
2026-07-13,2026-07-13,CM,NSE,STK,24313,INE0JRD01019,DTL,SM,,,,,DIENSTEN TECH LIMITED,127.0,127.0,127.0,127.0,127.0,122.4,,127.0,,,1200,152400.0,1,F1,1200,,,,,
2026-07-13,2026-07-13,CM,NSE,STK,25672,INE184O01015,DIFFNKG,EQ,,,,,DIFFUSION ENGINEERS LTD,405.0,417.6,387.45,396.05,398.85,403.4,,396.0,,,152115,61187768.25,6087,F1,1,,,,,
2026-07-13,2026-07-13,CM,NSE,STK,10346,INE03JI01017,DGCONTENT,EQ,,,,,DIGICONTENT LIMITED,26.93,27.5,25.51,26.0,26.0,26.04,,26.0,,,34402,903973.65,119,F1,1,,,,,
2026-07-13,2026-07-13,CM,NSE,STK,21247,INE0PSC01024,DIGIDRIVE,EQ,,,,,DIGIDRIVE DISTRIBUTORS L,18.98,19.0,18.52,18.98,18.83,18.99,,18.96,,,16971,321654.35,285,F1,1,,,,,
2026-07-13,2026-07-13,CM,NSE,STK,19138,INE0QJ901011,DIGIKORE,SM,,,,,DIGIKORE STUDIOS LIMITED,53.0,53.0,50.65,51.15,52.25,51.95,,51.15,,,15200,779420.0,29,F1,400,,,,,
2026-07-13,2026-07-13,CM,NSE,STK,16687,INE927C01020,DIGISPICE,BE,,,,,DIGISPICE TECHNOLOGIES LT,19.8,19.8,19.07,19.07,19.07,20.07,,19.07,,,120596,2306199.92,281,F1,1,,,,,
2026-07-13,2026-07-13,CM,NSE,STK,757515,INE0U4701011,DIGITIDE,EQ,,,,,DIGITIDE SOLUTIONS LTD,107.0,109.72,105.83,106.71,107.42,108.19,,106.71,,,582993,62577777.63,5463,F1,1,,,,,
2026-07-13,2026-07-13,CM,NSE,STK,6127,INE731U01028,DIGJAMLMTD,EQ,,,,,DIGJAM LTD,45.0,45.0,42.01,44.09,44.44,44.06,,44.09,,,7055,306079.95,59,F1,1,,,,,
2026-07-13,2026-07-13,CM,NSE,STK,641,INE016M01021,DNAMEDIA,EQ,,,,,DILIGENT MEDIA CORP LTD.,2.8,2.97,2.8,2.83,2.83,2.79,,2.83,,,18862,54465.54,135,F1,1,,,,,
2026-07-13,2026-07-13,CM,NSE,STK,18086,INE917M01012,DBL,EQ,,,,,DILIP BUILDCON LIMITED,421.0,423.9,415.85,418.15,417.0,426.3,,418.15,,,79982,33482184.0,3745,F1,1,,,,,
2026-07-13,2026-07-13,CM,NSE,STK,762643,INE131C01011,DISAQ,EQ,,,,,DISA INDIA LTD.,12332.0,12348.0,12202.0,12264.0,12280.0,12330.0,,12285.0,,,428,5247343.0,394,F1,1,,,,,
2026-07-13,2026-07-13,CM,NSE,STK,14540,INE836F01026,DISHTV,BE,,,,,DISH TV INDIA LTD.,2.98,3.0,2.91,2.97,2.97,2.98,,2.97,,,713586,2112417.98,965,F1,1,,,,,
2026-07-13,2026-07-13,CM,NSE,STK,21704,INE385W01011,DCAL,EQ,,,,,DISHMAN CARBO AMCIS LTD,194.2,198.88,192.4,196.93,196.87,195.85,,196.95,,,272577,53433287.16,4979,F1,1,,,,,
2026-07-13,2026-07-13,CM,NSE,STK,14479,INE753U01022,DIVGIITTS,EQ,,,,,DIVGI TORQTRANSFER SYST L,968.0,988.9,950.7,959.35,955.3,967.4,,959.2,,,41329,39975554.8,3898,F1,1,,,,,
2026-07-13,2026-07-13,CM,NSE,STK,10940,INE361B01024,DIVISLAB,EQ,,,,,DIVI S LABORATORIES LTD,6830.0,6958.0,6786.5,6938.5,6942.5,6836.0,,6938.5,,,274183,1889864003.5,26241,F1,1,,,,,
2026-07-13,2026-07-13,CM,NSE,STK,30262,INE0NA501011,DIVINEHIRA,ST,,,,,DIVINE HIRA JEWELLERS LTD,115.5,115.5,110.9,110.9,110.9,116.7,,110.9,,,18000,2006220.0,15,F1,1200,,,,,
2026-07-13,2026-07-13,CM,NSE,STK,24286,INE0SCO01019,DPEL,SM,,,,,DIVINE POWER ENERGY LTD,592.0,592.0,578.0,587.2,588.0,580.05,,587.2,,,73000,42664200.0,108,F1,500,,,,,
2026-07-13,2026-07-13,CM,NSE,STK,25680,INE0QYI01019,DIVYADHAN,ST,,,,,DIVYADHAN RECYCLING IND L,51.5,52.7,51.5,52.7,52.7,51.7,,52.7,,,28000,1465900.0,12,F1,2000,,,,,
2026-07-13,2026-07-13,CM,NSE,STK,21690,INE935N01020,DIXON,EQ,,,,,DIXON TECHNO (INDIA) LTD,13355.0,13549.0,13200.0,13490.0,13455.0,13421.0,,13490.0,,,609309,8184352208.0,87907,F1,1,,,,,
2026-07-13,2026-07-13,CM,NSE,STK,12749,INE0B1K01014,DJML,EQ,,,,,DJ MEDIAPRINT & LOG LTD,111.41,115.68,107.01,111.8,107.4,113.33,,111.98,,,473774,53020076.27,6183,F1,1,,,,,
2026-07-13,2026-07-13,CM,NSE,STK,14732,INE271C01023,DLF,EQ,,,,,DLF LIMITED,679.55,690.25,673.35,682.35,685.0,685.75,,682.35,,,6977830,4746499589.1,70771,F1,1,,,,,
2026-07-13,2026-07-13,CM,NSE,STK,6973,INE505A01010,DMCC,EQ,,,,,DMCC SPECIALITY CHEMICALS,263.5,267.45,253.3,263.15,263.0,263.6,,263.15,,,19106,5036385.1,702,F1,1,,,,,
2026-07-13,2026-07-13,CM,NSE,STK,4822,INE021O01019,DODLA,EQ,,,,,DODLA DAIRY LIMITED,1101.3,1118.0,1082.8,1110.6,1111.9,1118.1,,1110.5,,,11190,12395097.5,3126,F1,1,,,,,
2026-07-13,2026-07-13,CM,NSE,STK,12124,INE966A01022,DOLATALGO,EQ,,,,,DOLAT ALGOTECH LIMITED,72.0,73.75,71.96,73.27,73.75,72.16,,73.27,,,95823,7017628.11,1487,F1,1,,,,,
2026-07-13,2026-07-13,CM,NSE,STK,20560,INE325C01035,DOLLAR,EQ,,,,,DOLLAR INDUSTRIES LIMITED,267.2,271.25,264.25,268.9,268.35,269.8,,268.9,,,116123,31231920.9,3156,F1,1,,,,,
2026-07-13,2026-07-13,CM,NSE,STK,13323,INE0JHH01011,DOLLEX,SM,,,,,DOLLEX AGROTECH LIMITED,29.25,29.25,28.0,28.75,29.15,29.25,,28.75,,,32000,911800.0,8,F1,4000,,,,,
2026-07-13,2026-07-13,CM,NSE,STK,18139,INE920A01037,DOLPHIN,EQ,,,,,DOLPHIN OFF ENT (IND) L,387.0,406.2,385.25,393.95,392.6,385.15,,393.95,,,24909,9870350.0,851,F1,1,,,,,
2026-07-13,2026-07-13,CM,NSE,STK,20551,INE321T01012,DOMS,EQ,,,,,DOMS INDUSTRIES LIMITED,2350.0,2385.0,2334.7,2359.5,2362.0,2376.2,,2359.5,,,34730,82120434.5,5532,F1,1,,,,,
2026-07-13,2026-07-13,CM,NSE,STK,13839,INE668D01028,DONEAR,EQ,,,,,DONEAR IND. LIMITED,86.87,86.87,84.68,85.71,86.0,85.31,,85.71,,,11194,959627.88,542,F1,1,,,,,
2026-07-13,2026-07-13,CM,NSE,STK,15423,INE360C01024,DPSCLTD,BE,,,,,DPSC LIMITED,7.5,7.55,7.29,7.46,7.53,7.45,,7.46,,,111777,826951.28,550,F1,1,,,,,
2026-07-13,2026-07-13,CM,NSE,STK,29452,INE943P01029,AGARWALEYE,EQ,,,,,DR AGARWALS HEALTH CARE L,479.0,503.45,475.0,497.85,499.85,481.55,,497.8,,,202780,100535992.3,19479,F1,1,,,,,
2026-07-13,2026-07-13,CM,NSE,STK,762648,INE934C01018,DRAGARWQ,EQ,,,,,DR. AGARWAL'S EYE HOSP L,4963.0,5027.0,4911.5,4997.0,4995.0,4902.5,,4998.0,,,1021,5081091.5,422,F1,1,,,,,
2026-07-13,2026-07-13,CM,NSE,STK,11654,INE600L01024,LALPATHLAB,EQ,,,,,DR. LAL PATH LABS LTD.,1692.0,1738.0,1672.5,1725.1,1733.4,1692.8,,1725.1,,,334674,574614245.2,30692,F1,1,,,,,
2026-07-13,2026-07-13,CM,NSE,STK,881,INE089A01031,DRREDDY,EQ,,,,,DR. REDDY S LABORATORIES,1244.3,1249.1,1226.3,1234.5,1236.0,1244.3,,1234.5,,,2437935,3008461064.2,68741,F1,1,,,,,
2026-07-13,2026-07-13,CM,NSE,STK,2645,INE03RS01027,DRCSYSTEMS,EQ,,,,,DRC SYSTEMS INDIA LIMITED,13.64,13.87,13.47,13.81,13.84,13.64,,13.81,,,67496,917417.37,300,F1,1,,,,,
2026-07-13,2026-07-13,CM,NSE,STK,10859,INE0JS101016,DREAMFOLKS,EQ,,,,,DREAMFOLKS SERVICES LTD,68.4,70.25,66.89,69.95,70.14,69.65,,69.94,,,47416,3280404.21,1328,F1,1,,,,,
2026-07-13,2026-07-13,CM,NSE,STK,11271,INE506A01018,DREDGECORP,EQ,,,,,DREDGING CORP OF INDIA,1021.6,1052.6,1021.6,1042.8,1040.0,1048.8,,1042.8,,,96800,100419477.7,5928,F1,1,,,,,
2026-07-13,2026-07-13,CM,NSE,STK,17383,INE0P7201019,DRONE,ST,,,,,DRONE DESTINATION LIMITED,39.6,39.85,38.65,39.75,39.75,40.05,,39.75,,,18000,707375.0,33,F1,500,,,,,
2026-07-13,2026-07-13,CM,NSE,STK,778,INE055C01020,KEEPLEARN,EQ,,,,,DSJ KEEP LEARNING LTD,1.96,1.96,1.81,1.87,1.89,1.87,,1.86,,,47677,88636.47,84,F1,1,,,,,
2026-07-13,2026-07-13,CM,NSE,STK,1927,INF740KA1EU7,LIQUIDETF,EQ,,,,,DSP LIQUID ETF,999.99,1000.01,999.99,1000.0,1000.0,1000.0,,1000.0,,,685324,685323917.29,195,F1,1,,,,,
2026-07-13,2026-07-13,CM,NSE,STK,761364,INF740KA1YH2,BANK10ADD,EQ,,,,,DSPAMC - BANK10ADD,17.38,17.48,17.27,17.44,17.48,17.43,,17.45,,,34032,592941.35,108,F1,1,,,,,
2026-07-13,2026-07-13,CM,NSE,STK,13644,INF740KA1RX3,BANKADD,EQ,,,,,DSPAMC - DSPBANK,59.22,59.61,58.86,59.53,59.61,59.38,,59.52,,,6507,386193.34,108,F1,1,,,,,
2026-07-13,2026-07-13,CM,NSE,STK,15356,INF740KA1SW3,GOLDADD,EQ,,,,,DSPAMC - DSPGOLD,137.37,137.77,136.8,137.43,137.41,138.81,,137.43,,,970849,133138070.57,1955,F1,1,,,,,
2026-07-13,2026-07-13,CM,NSE,STK,17207,INF740KA1SX1,ITADD,EQ,,,,,DSPAMC - DSPIT,29.54,30.94,29.54,30.7,30.9,29.67,,30.7,,,122423,3720377.47,311,F1,1,,,,,
2026-07-13,2026-07-13,CM,NSE,STK,6606,INF740KA1QK2,EQUAL50ADD,EQ,,,,,DSPAMC - DSPNEWETF,339.54,342.85,339.52,342.53,342.65,342.08,,342.54,,,3630,1240236.49,300,F1,1,,,,,
2026-07-13,2026-07-13,CM,NSE,STK,7451,INF740KA1CL0,NIFTYADD,EQ,,,,,DSPAMC - DSPNIFTY,253.95,255.29,252.38,254.46,255.29,254.44,,254.46,,,6765,1719377.41,269,F1,1,,,,,
2026-07-13,2026-07-13,CM,NSE,STK,17616,INF740KA1SY9,PSUBANKADD,EQ,,,,,DSPAMC - DSPPSBKETF,85.26,85.84,84.2,85.35,84.2,85.33,,85.23,,,31656,2695008.43,261,F1,1,,,,,
2026-07-13,2026-07-13,CM,NSE,STK,17576,INF740KA1TA7,PVTBANKADD,EQ,,,,,DSPAMC - DSPPVBKETF,27.74,28.66,27.74,28.6,28.64,28.46,,28.6,,,608775,17402661.2,720,F1,1,,,,,
2026-07-13,2026-07-13,CM,NSE,STK,7456,INF740KA1ZF3,MIDQ50ADD,EQ,,,,,DSPAMC - DSPQ50ETF,24.77,24.95,24.71,24.93,24.9,24.86,,24.93,,,21714,539657.06,105,F1,1,,,,,
2026-07-13,2026-07-13,CM,NSE,STK,17613,INF740KA1SZ6,SENSEXADD,EQ,,,,,DSPAMC - DSPSENXETF,80.0,80.06,79.08,79.9,80.06,80.05,,79.9,,,438,34926.07,27,F1,1,,,,,
2026-07-13,2026-07-13,CM,NSE,STK,10761,INF740KA1RE3,SILVERADD,EQ,,,,,DSPAMC - DSPSILVETF,208.43,210.0,206.09,209.08,209.0,210.58,,209.08,,,220145,45746844.46,3857,F1,1,,,,,
2026-07-13,2026-07-13,CM,NSE,STK,759368,INF740KA1WU9,FLEXIADD,EQ,,,,,DSPAMC - FLEXIADD,9.91,9.97,9.82,9.94,9.93,9.91,,9.94,,,94858,941371.16,260,F1,1,,,,,
2026-07-13,2026-07-13,CM,NSE,STK,763530,INF740KA1ZA4,FMCGADD,EQ,,,,,DSPAMC - FMCGADD,49.27,49.29,48.97,49.03,49.04,49.55,,49.03,,,7005,343563.69,41,F1,1,,,,,
2026-07-13,2026-07-13,CM,NSE,STK,22592,INF740KA1ZG1,HEALTHADD,EQ,,,,,DSPAMC - HEALTHADD,16.42,16.54,16.34,16.45,16.5,16.47,,16.45,,,45320,743983.11,95,F1,1,,,,,
2026-07-13,2026-07-13,CM,NSE,STK,23407,INF740KA1UM0,LIQUIDADD,EQ,,,,,DSPAMC - LIQUIDADD,1135.38,1135.39,1135.36,1135.37,1135.37,1135.22,,1135.37,,,914998,1038864122.71,1307,F1,1,,,,,
2026-07-13,2026-07-13,CM,NSE,STK,760356,INF740KA1WW5,MIDCAPADD,EQ,,,,,DSPAMC - MIDCAPADD,23.0,23.87,22.93,23.67,22.93,23.24,,23.67,,,11354,264407.62,52,F1,1,,,,,
2026-07-13,2026-07-13,CM,NSE,STK,759978,INF740KA1WV7,MSCIADD,EQ,,,,,DSPAMC - MSCIADD,29.33,29.69,29.33,29.67,29.69,29.33,,29.67,,,1607,47540.75,16,F1,1,,,,,
2026-07-13,2026-07-13,CM,NSE,STK,29464,INF740KA1VE5,NEXT30ADD,EQ,,,,,DSPAMC - NEXT30ADD,42.26,42.33,41.98,42.32,42.33,42.26,,42.32,,,8541,360815.14,63,F1,1,,,,,
2026-07-13,2026-07-13,CM,NSE,STK,760599,INF740KA1XU7,NEXT50ADD,EQ,,,,,DSPAMC - NEXT50ADD,72.75,73.0,71.9,72.59,73.0,72.75,,72.59,,,7187,520651.48,43,F1,1,,,,,
2026-07-13,2026-07-13,CM,NSE,STK,760359,INF740KA1WX3,SMALLADD,EQ,,,,,DSPAMC - SMALLADD,18.27,18.31,18.08,18.25,18.31,18.23,,18.25,,,27513,501374.73,115,F1,1,,,,,
2026-07-13,2026-07-13,CM,NSE,STK,25171,INF740KA1UR9,TOP10ADD,EQ,,,,,DSPAMC - TOP10ADD,87.07,87.94,86.74,87.83,87.29,87.32,,87.83,,,2113884,184445716.48,696,F1,1,,,,,
2026-07-13,2026-07-13,CM,NSE,STK,13766,INE0LZO01015,DUCOL,SM,,,,,DUCOL ORGS AND COLOURS LT,107.3,107.3,107.3,107.3,107.3,107.3,,107.3,,,1600,171680.0,1,F1,800,,,,,
2026-07-13,2026-07-13,CM,NSE,STK,28952,INE741L01018,DUCON,EQ,,,,,DUCON INFRATECHNOLOGIES L,2.95,3.14,2.95,3.07,3.09,3.04,,3.08,,,184542,564793.56,410,F1,1,,,,,
2026-07-13,2026-07-13,CM,NSE,STK,5466,INE0HPK01020,DUGLOBAL,ST,,,,,DUDIGITAL GLOBAL LIMITED,32.25,32.25,29.5,32.05,32.05,30.8,,32.05,,,87500,2617125.0,22,F1,2500,,,,,
2026-07-13,2026-07-13,CM,NSE,STK,24167,INE0OUW01013,DURLAX,ST,,,,,DURLAX TOP SURFACE LTD,47.0,49.75,45.95,48.5,48.5,48.35,,48.5,,,56000,2638500.0,27,F1,2000,,,,,
2026-07-13,2026-07-13,CM,NSE,STK,11667,INE366A01041,DWARKESH,EQ,,,,,DWARIKESH SUGAR IND LTD,42.8,44.86,42.28,43.84,43.82,42.62,,43.84,,,1728296,76238143.2,7856,F1,1,,,,,
2026-07-13,2026-07-13,CM,NSE,STK,25690,INE417B01040,DSSL,EQ,,,,,DYNACONS SYS & SOLN LTD,1305.1,1329.9,1275.0,1287.2,1289.9,1325.1,,1287.2,,,44699,57899950.1,3612,F1,1,,,,,
2026-07-13,2026-07-13,CM,NSE,STK,4525,INE221B01012,DYNAMATECH,EQ,,,,,DYNAMATIC TECHNOLOGIES,10641.0,10712.0,10181.0,10408.0,10485.0,10688.0,,10410.0,,,19618,205563168.0,6345,F1,1,,,,,
2026-07-13,2026-07-13,CM,NSE,STK,10417,INE600Y01019,DYCL,EQ,,,,,DYNAMIC CABLES LIMITED,357.0,375.0,355.8,369.65,368.4,362.8,,369.95,,,253279,92743843.1,8034,F1,1,,,,,
2026-07-13,2026-07-13,CM,NSE,STK,6082,INE0DZ701010,DYNAMIC,ST,,,,,DYNAMIC SRVCS & SEC LTD,163.9,166.3,163.9,163.9,163.9,160.0,,163.9,,,4000,659075.0,8,F1,500,,,,,
2026-07-13,2026-07-13,CM,NSE,STK,21314,INE256H01015,DYNPRO,EQ,,,,,DYNEMIC PRODUCTS LIMITED,230.0,234.59,230.0,233.88,234.28,233.36,,233.88,,,4431,1030346.39,179,F1,1,,,,,
2026-07-13,2026-07-13,CM,NSE,STK,19267,INE0KFF01017,EFACTOR,SM,,,,,E FACTOR EXPERIENCES LTD,159.9,161.0,159.9,160.0,160.0,153.85,,160.0,,,2000,320360.0,5,F1,400,,,,,
2026-07-13,2026-07-13,CM,NSE,STK,760534,INE1CEJ01017,E2ERAIL,ST,,,,,E TO E TRANS INFRA LTD,267.8,276.6,267.0,276.6,276.6,263.45,,276.6,,,120000,33005480.0,126,F1,800,,,,,
2026-07-13,2026-07-13,CM,NSE,STK,8937,INE255Z01027,E2E,EQ,,,,,E2E NETWORKS LIMITED,392.35,397.45,384.15,386.95,386.75,397.9,,386.95,,,751831,292505033.95,18208,F1,1,,,,,
2026-07-13,2026-07-13,CM,NSE,STK,9769,INE962C01035,EASTSILK,BE,,,,,EASTERN SILK INDUSTRIES L,48.5,51.0,48.45,48.74,49.0,51.0,,48.74,,,504,24441.5,15,F1,1,,,,,
2026-07-13,2026-07-13,CM,NSE,STK,2792,INE07O001026,EASEMYTRIP,EQ,,,,,EASY TRIP PLANNERS LTD,6.71,7.09,6.71,7.04,7.05,6.9,,7.04,,,16659192,116388660.97,14609,F1,1,,,,,
2026-07-13,2026-07-13,CM,NSE,STK,759974,INE528S07110,888ECL28,N1,,,,,ECL 8.88% 2028 SR V,992.0,992.0,970.0,972.0,972.0,981.0,,972.0,,,800,778422.5,7,F1,1,,,,,
2026-07-13,2026-07-13,CM,NSE,STK,759975,INE528S07128,925ECL28,N2,,,,,ECL 9.25% 2028 SR VI,991.01,991.01,991.01,991.01,991.01,1005.0,,995.51,,,80,79280.8,1,F1,1,,,,,
2026-07-13,2026-07-13,CM,NSE,STK,15179,INE738I01010,ECLERX,EQ,,,,,ECLERX SERVICES LTD,1615.0,1670.3,1602.1,1662.9,1665.0,1621.7,,1662.9,,,309915,511024997.1,33492,F1,1,,,,,
2026-07-13,2026-07-13,CM,NSE,STK,759964,INE0VBS01016,ECOLINE,ST,,,,,ECOLINE EXIM LIMITED,192.0,200.0,191.9,200.0,200.0,198.0,,200.0,,,7000,1351550.0,4,F1,1000,,,,,
2026-07-13,2026-07-13,CM,NSE,STK,25062,INE06HJ01020,ECOSMOBLTY,BE,,,,,ECOS (INDIA) MOB & HOSP L,128.7,129.95,126.0,128.73,129.6,129.36,,128.35,,,17169,2207912.17,333,F1,1,,,,,
2026-07-13,2026-07-13,CM,NSE,STK,7196,INF754K01OB1,BBETF0432,EQ,,,,,EDELAMC - BBETF0432,1358.18,1358.18,1346.03,1347.65,1347.65,1358.18,,1347.65,,,6809,9197938.09,157,F1,1,,,,,
2026-07-13,2026-07-13,CM,NSE,STK,25258,INF754K01TE4,EBANKNIFTY,EQ,,,,,EDELAMC - EBANKNIFTY,58.3,58.81,57.81,58.71,58.43,58.36,,58.71,,,3485,203349.04,36,F1,1,,,,,
2026-07-13,2026-07-13,CM,NSE,STK,16253,INF754K01KO2,EBBETF0430,EQ,,,,,EDELAMC - EBBETF0430,1597.0,1614.0,1597.0,1605.11,1605.5,1604.73,,1605.11,,,24126,38790802.04,1162,F1,1,,,,,
2026-07-13,2026-07-13,CM,NSE,STK,22239,INF754K01LE1,EBBETF0431,EQ,,,,,EDELAMC - EBBETF0431,1446.95,1446.96,1433.02,1437.36,1433.02,1441.32,,1437.36,,,3671,5286945.65,125,F1,1,,,,,
2026-07-13,2026-07-13,CM,NSE,STK,13139,INF754K01QX0,EBBETF0433,EQ,,,,,EDELAMC - EBBETF0433,1316.7,1317.44,1310.7,1316.14,1315.0,1315.32,,1316.14,,,4532,5960421.25,141,F1,1,,,,,
2026-07-13,2026-07-13,CM,NSE,STK,29019,INF754K01TX4,ECAPINSURE,EQ,,,,,EDELAMC - ECAPINSURE,25.19,25.19,24.54,24.64,24.66,24.79,,24.64,,,121080,2982500.67,308,F1,1,,,,,
2026-07-13,2026-07-13,CM,NSE,STK,19933,INF754K01SE6,EGOLD,EQ,,,,,EDELAMC - EGOLD,142.9,142.9,140.8,141.7,140.9,142.9,,141.7,,,20557,2911465.2,559,F1,1,,,,,
2026-07-13,2026-07-13,CM,NSE,STK,759466,INF754K01VW2,ELIQUID,EQ,,,,,EDELAMC - ELIQUID,1039.08,1039.1,1039.08,1039.08,1039.08,1038.92,,1039.08,,,150753,156645756.41,36,F1,1,,,,,
2026-07-13,2026-07-13,CM,NSE,STK,758952,INF754K01VV4,ELM250,EQ,,,,,EDELAMC - ELM250,16.7,16.7,16.55,16.59,16.57,16.7,,16.59,,,27331,453776.45,160,F1,1,,,,,
2026-07-13,2026-07-13,CM,NSE,STK,25996,INF754K01TF1,EMULTIMQ,EQ,,,,,EDELAMC - EMULTIMQ,42.39,42.48,40.98,41.6,42.0,41.56,,41.6,,,28655,1180273.09,232,F1,1,,,,,
2026-07-13,2026-07-13,CM,NSE,STK,763540,INF754K01XF3,ENEXT50,EQ,,,,,EDELAMC - ENEXT50,72.11,72.68,71.05,71.86,71.86,72.32,,71.8,,,867,62162.2,26,F1,1,,,,,
2026-07-13,2026-07-13,CM,NSE,STK,759998,INF754K01VX0,ENIFTY,EQ,,,,,EDELAMC - ENIFTY,24.89,24.89,23.68,24.36,24.38,24.29,,24.36,,,1493,36160.58,65,F1,1,,,,,
2026-07-13,2026-07-13,CM,NSE,STK,759995,INF754K01VY8,ESENSEX,EQ,,,,,EDELAMC - ESENSEX,77.74,78.03,76.96,77.79,77.79,78.24,,77.79,,,102,7935.24,13,F1,1,,,,,
2026-07-13,2026-07-13,CM,NSE,STK,20257,INF754K01SF3,ESILVER,EQ,,,,,EDELAMC - ESILVER,212.73,218.99,211.23,216.57,216.41,218.19,,216.57,,,47259,10182398.61,1978,F1,1,,,,,
2026-07-13,2026-07-13,CM,NSE,STK,15119,INE532F01054,EDELWEISS,EQ,,,,,EDELWEISS FIN SERV LTD,118.94,124.34,117.81,123.93,123.55,120.14,,123.93,,,4353643,535176479.45,36118,F1,1,,,,,
2026-07-13,2026-07-13,CM,NSE,STK,21747,INE216H01027,EDUCOMP,BZ,,,,,EDUCOMP SOLUTIONS LTD,0.96,0.96,0.92,0.92,0.92,0.96,,0.92,,,38450,36050.67,65,F1,1,,,,,
2026-07-13,2026-07-13,CM,NSE,STK,758675,INE886D01026,EFCIL,EQ,,,,,EFC (I) LIMITED,192.25,197.0,191.17,195.34,195.55,192.25,,195.34,,,298134,58044843.33,4348,F1,1,,,,,
2026-07-13,2026-07-13,CM,NSE,STK,24438,INE0U9101019,EFFWA,ST,,,,,EFFWA INFRA & RESEARCH L,364.0,375.0,358.0,370.35,370.0,365.85,,370.35,,,23200,8444580.0,38,F1,400,,,,,
2026-07-13,2026-07-13,CM,NSE,STK,910,INE066A01021,EICHERMOT,EQ,,,,,EICHER MOTORS LTD,7325.0,7339.5,7260.0,7296.5,7315.5,7365.5,,7296.5,,,787762,5748909034.5,61620,F1,1,,,,,
2026-07-13,2026-07-13,CM,NSE,STK,916,INE126A01031,EIDPARRY,EQ,,,,,EID PARRY INDIA LTD,754.1,788.75,745.55,784.7,781.0,758.65,,784.7,,,701311,542792130.35,27175,F1,1,,,,,
2026-07-13,2026-07-13,CM,NSE,STK,15399,INE276C01014,EIHAHOTELS,EQ,,,,,EIH ASSOCIATED HOTELS LTD,321.8,329.15,315.4,326.25,326.75,319.75,,326.25,,,30860,10066513.3,1766,F1,1,,,,,
2026-07-13,2026-07-13,CM,NSE,STK,919,INE230A01023,EIHOTEL,EQ,,,,,EIH LIMITED,328.0,340.0,326.0,337.05,337.0,329.75,,337.05,,,239951,80446976.25,10679,F1,1,,,,,
2026-07-13,2026-07-13,CM,NSE,STK,4040,INE158B01016,EIMCOELECO,EQ,,,,,EIMCO ELECON (INDIA) LTD,1787.0,1810.0,1765.0,1792.0,1780.0,1744.6,,1792.0,,,48020,85987652.0,4542,F1,1,,,,,
2026-07-13,2026-07-13,CM,NSE,STK,762653,INE280B01018,ELANTAS,EQ,,,,,ELANTAS BECK INDIA LTD.,9605.0,9697.0,9426.0,9461.0,9475.0,9606.0,,9456.0,,,641,6124292.0,397,F1,1,,,,,
2026-07-13,2026-07-13,CM,NSE,STK,762658,INE927X01018,ELCIDIN,EQ,,,,,ELCID INVESTMENTS LTD.,107000.0,114530.0,107000.0,113985.0,113990.0,112540.0,,113990.0,,,20,2252520.0,19,F1,1,,,,,
2026-07-13,2026-07-13,CM,NSE,STK,8953,INE668G01021,ELDEHSG,EQ,,,,,ELDECO HSG & IND LTD.,802.0,824.55,774.05,788.05,787.4,809.3,,787.85,,,1062,836894.9,172,F1,1,,,,,
2026-07-13,2026-07-13,CM,NSE,STK,13643,INE205B01031,ELECON,EQ,,,,,ELECON ENG. CO. LTD,502.1,520.95,497.95,502.0,502.75,510.55,,502.05,,,580617,295852795.25,20089,F1,1,,,,,
2026-07-13,2026-07-13,CM,NSE,STK,20899,INE0Q1W01012,EFORCE,SM,,,,,ELECTRO FORCE (INDIA) LTD,21.0,22.5,21.0,22.35,22.5,20.8,,22.35,,,12000,264360.0,10,F1,1200,,,,,
2026-07-13,2026-07-13,CM,NSE,STK,11530,INE02YR01019,EMIL,EQ,,,,,ELECTRONICS MART IND LTD,133.59,135.0,130.55,131.82,130.65,134.36,,131.83,,,1254323,166506946.68,14990,F1,1,,,,,
2026-07-13,2026-07-13,CM,NSE,STK,928,INE086A01029,ELECTCAST,EQ,,,,,ELECTROSTEEL CASTINGS LTD,76.26,78.02,75.39,77.81,77.67,77.27,,77.81,,,1059966,82048137.09,8846,F1,1,,,,,
2026-07-13,2026-07-13,CM,NSE,STK,4469,INE822G01016,ELECTHERM,EQ,,,,,ELECTROTHERM (I) LTD.,1122.0,1150.4,1090.0,1099.6,1090.0,1119.5,,1099.5,,,43313,47851402.0,1752,F1,1,,,,,
2026-07-13,2026-07-13,CM,NSE,STK,29595,INE0R9101015,ELGNZ,SM,,,,,ELEGANZ INTERIORS LIMITED,86.9,89.45,85.3,85.8,85.3,86.9,,85.8,,,48000,4151250.0,41,F1,1000,,,,,
2026-07-13,2026-07-13,CM,NSE,STK,937,INE285A01027,ELGIEQUIP,EQ,,,,,ELGI EQUIPMENTS LTD,570.4,579.95,568.65,573.2,569.85,576.35,,573.2,,,204520,117317454.9,18906,F1,1,,,,,
2026-07-13,2026-07-13,CM,NSE,STK,24924,INE819L01012,ELGIRUBCO,EQ,,,,,ELGI RUBBER CO. LTD,57.8,59.25,55.25,57.34,57.0,57.9,,57.34,,,84864,4949490.68,987,F1,1,,,,,
2026-07-13,2026-07-13,CM,NSE,STK,13423,INE050401020,ELIN,EQ,,,,,ELIN ELECTRONICS LIMITED,99.1,100.7,98.96,99.35,99.44,100.31,,99.36,,,62485,6237343.68,906,F1,1,,,,,
2026-07-13,2026-07-13,CM,NSE,STK,762663,INE669R01026,ELITECON,EQ,,,,,ELITECON INTERNATIONAL L,20.71,22.8,19.26,19.98,19.9,21.1,,19.98,,,8964563,183397968.06,27425,F1,1,,,,,
2026-07-13,2026-07-13,CM,NSE,STK,758563,INE236E01022,ELLEN,EQ,,,,,ELLENBARRIE INDUS GASES L,302.0,304.7,292.5,296.05,295.4,294.25,,296.05,,,1086137,323352812.25,18970,F1,1,,,,,
2026-07-13,2026-07-13,CM,NSE,STK,4471,INE579B01039,ELPROINTL,EQ,,,,,ELPRO INTERNATIONAL LTD,174.4,174.4,173.5,173.81,173.6,174.0,,173.82,,,57110,9934677.22,210,F1,1,,,,,
2026-07-13,2026-07-13,CM,NSE,STK,29229,INE0ZOL01023,EMAPARTNER,SM,,,,,EMA PARTNERS INDIA LTD,81.05,82.0,81.05,81.6,81.6,82.8,,81.6,,,10000,812550.0,6,F1,1000,,,,,
2026-07-13,2026-07-13,CM,NSE,STK,13517,INE548C01032,EMAMILTD,EQ,,,,,EMAMI LIMITED,421.4,428.75,417.0,427.25,426.1,421.4,,427.25,,,385081,163632158.8,12756,F1,1,,,,,
2026-07-13,2026-07-13,CM,NSE,STK,10074,INE830C01026,EMAMIPAP,EQ,,,,,EMAMI PAPER MILLS LIMITED,86.0,88.9,86.0,88.44,88.79,86.52,,88.37,,,41277,3624073.02,995,F1,1,,,,,
2026-07-13,2026-07-13,CM,NSE,STK,19281,INE778K01012,EMAMIREAL,BE,,,,,EMAMI REALTY LIMITED,76.79,79.42,76.1,79.21,79.35,77.97,,79.21,,,13414,1040502.81,85,F1,1,,,,,
2026-07-13,2026-07-13,CM,NSE,STK,14450,INE069I01010,EMBDL,EQ,,,,,EMBASSY DEVELOPMENTS LTD,66.0,67.67,65.45,66.93,67.0,66.24,,66.93,,,4883538,326854284.44,19571,F1,1,,,,,
2026-07-13,2026-07-13,CM,NSE,STK,9383,INE041025011,EMBASSY,RR,,,,,EMBASSY OFFICE PARKS REIT,450.0,450.0,441.51,443.45,444.8,450.03,,443.45,,,395980,176339490.2,18601,F1,1,,,,,
2026-07-13,2026-07-13,CM,NSE,STK,24398,INE168P01015,EMCURE,EQ,,,,,EMCURE PHARMACEUTICALS L,1809.1,1839.0,1785.5,1793.3,1789.0,1814.4,,1793.3,,,87267,157472167.9,10447,F1,1,,,,,
2026-07-13,2026-07-13,CM,NSE,STK,27629,INE0RHD01013,ETML,SM,,,,,EMERALD TYRE MANUF LTD,82.5,82.5,82.5,82.5,82.5,84.75,,82.5,,,1200,99000.0,1,F1,1200,,,,,
2026-07-13,2026-07-13,CM,NSE,STK,13421,INE296H01011,EMKAY,EQ,,,,,EMKAY GLOBAL FIN SERV LTD,270.45,274.7,263.0,264.75,266.0,270.85,,264.9,,,30373,8125311.4,932,F1,1,,,,,
2026-07-13,2026-07-13,CM,NSE,STK,10253,INE332S01011,EMKAYTOOLS,SM,,,,,EMKAY TAP & CUT. TOOL LTD,94.9,94.9,91.2,94.8,94.8,94.0,,94.8,,,1950,180907.5,11,F1,150,,,,,
2026-07-13,2026-07-13,CM,NSE,STK,758591,INE0PXC01024,ETL,SM,,,,,EMKAY TOOLS LIMITED,1000.0,1000.0,985.0,987.5,985.0,1016.15,,987.5,,,750,743400.0,5,F1,150,,,,,
2026-07-13,2026-07-13,CM,NSE,STK,18146,INE753K01015,EMMBI,BE,,,,,EMMBI INDUSTRIES LIMITED,88.0,92.0,86.0,91.67,92.0,90.0,,91.33,,,5205,464989.28,87,F1,1,,,,,
2026-07-13,2026-07-13,CM,NSE,STK,759728,INE1C6T01020,EMMVEE,EQ,,,,,EMMVEE PHOTOVOLTAIC PWR L,333.0,345.85,332.0,339.2,339.1,333.25,,339.2,,,2235631,759077022.1,30731,F1,1,,,,,
2026-07-13,2026-07-13,CM,NSE,STK,762673,INE507F01023,EMPOWER,BE,,,,,EMPOWER INDIA LTD.,2.15,2.22,2.15,2.19,2.19,2.14,,2.19,,,3138269,6861749.78,3567,F1,1,,,,,
2026-07-13,2026-07-13,CM,NSE,STK,18593,INE0OV601013,EMSLIMITED,EQ,,,,,EMS LIMITED,455.0,464.7,437.5,441.15,441.0,458.15,,441.2,,,1460145,660610962.4,24380,F1,1,,,,,
2026-07-13,2026-07-13,CM,NSE,STK,9756,INE01QM01018,EMUDHRA,EQ,,,,,EMUDHRA LIMITED,453.85,467.4,445.7,456.15,457.8,455.75,,456.15,,,272423,124374492.55,9782,F1,1,,,,,
2026-07-13,2026-07-13,CM,NSE,STK,760321,INE433T01015,ENCOMPAS,SM,,,,,ENCOMPASS DESIGN INDIA L,241.6,253.8,241.6,248.5,252.5,238.0,,248.5,,,25200,6252240.0,21,F1,400,,,,,
2026-07-13,2026-07-13,CM,NSE,STK,18822,INE913H01037,ENDURANCE,EQ,,,,,ENDURANCE TECHNO. LTD.,2667.2,2718.0,2633.0,2698.2,2697.6,2686.4,,2698.1,,,95612,257074458.1,15179,F1,1,,,,,
2026-07-13,2026-07-13,CM,NSE,STK,15049,INE306C01019,ENERGYDEV,EQ,,,,,ENERGY DEVE. CO.LTD,17.07,17.99,16.81,17.2,17.24,16.91,,17.2,,,26220,449094.49,305,F1,1,,,,,
2026-07-13,2026-07-13,CM,NSE,STK,23745,INE0S1L01013,EMMIL,SM,,,,,ENERGY MISSION MACH IND L,130.0,130.0,127.0,127.0,127.0,131.35,,127.0,,,33750,4296812.5,16,F1,250,,,,,
2026-07-13,2026-07-13,CM,NSE,STK,23224,INE0S3X01014,ENFUSE,SM,,,,,ENFUSE SOLUTIONS LIMITED,179.0,179.0,169.5,170.2,169.5,172.0,,170.2,,,6000,1035390.0,10,F1,600,,,,,
2026-07-13,2026-07-13,CM,NSE,STK,4907,INE510A01028,ENGINERSIN,EQ,,,,,ENGINEERS INDIA LTD,240.0,240.85,235.21,236.66,236.68,239.64,,236.67,,,1237675,293503351.44,20500,F1,1,,,,,
2026-07-13,2026-07-13,CM,NSE,STK,23233,INE0R9I01021,ENSER,ST,,,,,ENSER COMMUNICATIONS LTD,14.6,14.6,13.65,14.0,14.0,14.25,,14.0,,,35000,490000.0,7,F1,5000,,,,,
2026-07-13,2026-07-13,CM,NSE,STK,22717,INE010601016,ENTERO,EQ,,,,,ENTERO HEALTHCARE SOLU L,1195.0,1250.0,1195.0,1241.8,1245.0,1210.9,,1241.8,,,53735,66423849.6,5629,F1,1,,,,,
2026-07-13,2026-07-13,CM,NSE,STK,13192,INE265F01028,ENIL,EQ,,,,,ENTERTAIN NET. IND. LTD.,107.0,108.59,105.55,105.98,106.0,105.86,,105.97,,,9679,1033175.44,434,F1,1,,,,,
2026-07-13,2026-07-13,CM,NSE,STK,27213,INE0LLY01014,EIEL,EQ,,,,,ENVIRO INFRA ENGINEERS L,241.9,241.9,235.1,235.89,236.4,244.49,,235.89,,,2318472,552265928.2,23097,F1,1,,,,,
2026-07-13,2026-07-13,CM,NSE,STK,25412,INE0SUH01015,ENVIRO,SM,,,,,ENVIROTECH SYSTEMS LTD,81.0,86.0,81.0,85.0,84.5,81.0,,85.0,,,15000,1250800.0,14,F1,1000,,,,,
2026-07-13,2026-07-13,CM,NSE,STK,22463,INE0G5901015,EPACK,EQ,,,,,EPACK DURABLE LIMITED,231.01,242.98,229.64,241.8,241.51,233.34,,241.79,,,1375863,329630511.45,16489,F1,1,,,,,
2026-07-13,2026-07-13,CM,NSE,STK,759251,INE0MLS01022,EPACKPEB,EQ,,,,,EPACK PREFAB TECHN LTD,263.21,280.97,260.54,278.32,278.5,265.51,,278.31,,,1772186,488815448.97,24990,F1,1,,,,,
2026-07-13,2026-07-13,CM,NSE,STK,5382,INE071N01016,EPIGRAL,EQ,,,,,EPIGRAL LIMITED,978.0,1107.0,971.2,1068.5,1068.0,977.6,,1068.5,,,716746,774838118.6,37710,F1,1,,,,,
2026-07-13,2026-07-13,CM,NSE,STK,981,INE255A01020,EPL,EQ,,,,,EPL LIMITED,235.02,240.0,234.01,236.83,236.75,237.56,,236.83,,,297289,70438518.47,9820,F1,1,,,,,
2026-07-13,2026-07-13,CM,NSE,STK,758346,INE11HF01010,EEPL,SM,,,,,EPPELTONE ENGINEERS LTD,112.0,117.0,106.7,111.95,111.0,108.95,,111.95,,,96000,10661200.0,53,F1,1000,,,,,
2026-07-13,2026-07-13,CM,NSE,STK,761217,INE1KEC01023,EPWINDIA,ST,,,,,EPW INDIA LIMITED,263.95,277.85,258.0,277.85,277.85,264.65,,277.85,,,20400,5569740.0,17,F1,1200,,,,,
2026-07-13,2026-07-13,CM,NSE,STK,3553,INE217G01035,EQUIPPP,BE,,,,,EQUIPPP SOC IMP TECH LTD,22.83,24.45,22.82,24.21,24.45,23.29,,24.33,,,22562,532865.35,98,F1,1,,,,,
2026-07-13,2026-07-13,CM,NSE,STK,913,INE063P01018,EQUITASBNK,EQ,,,,,EQUITAS SMALL FIN BNK LTD,82.0,83.47,81.13,83.07,83.38,82.24,,83.07,,,4328808,356685785.26,26304,F1,1,,,,,
2026-07-13,2026-07-13,CM,NSE,STK,21154,INE406M01024,ERIS,EQ,,,,,ERIS LIFESCIENCES LIMITED,1426.3,1455.0,1413.2,1449.9,1452.0,1431.2,,1449.9,,,62991,90944429.0,17633,F1,1,,,,,
2026-07-13,2026-07-13,CM,NSE,STK,955,INE284A01012,ESABINDIA,EQ,,,,,ESAB INDIA LTD,5744.0,5757.0,5670.0,5687.5,5713.0,5744.0,,5687.5,,,1434,8164421.0,793,F1,1,,,,,
2026-07-13,2026-07-13,CM,NSE,STK,19878,INE818W01011,ESAFSFB,EQ,,,,,ESAF SMALL FINANCE BANK L,35.5,37.1,35.0,35.43,35.5,35.73,,35.43,,,1824110,65514540.45,5899,F1,1,,,,,
2026-07-13,2026-07-13,CM,NSE,STK,22767,INE0RQZ01017,ESCONET,ST,,,,,ESCONET TECHNOLOGIES LTD,121.0,124.9,118.15,121.0,121.0,121.85,,121.0,,,5200,634340.0,13,F1,400,,,,,
2026-07-13,2026-07-13,CM,NSE,STK,958,INE042A01014,ESCORTS,EQ,,,,,ESCORTS KUBOTA LIMITED,2940.0,2997.8,2921.5,2969.7,2973.0,2941.8,,2969.6,,,96473,286865656.8,11752,F1,1,,,,,
2026-07-13,2026-07-13,CM,NSE,STK,24678,INE0SBP01018,ESPRIT,SM,,,,,ESPRIT STONES LIMITED,62.0,64.9,54.55,57.45,57.5,61.25,,57.45,,,110400,6297440.0,65,F1,1600,,,,,
2026-07-13,2026-07-13,CM,NSE,STK,25634,INE122M01019,ESSARSHPNG,EQ,,,,,ESSAR SHIPPING LTD,22.51,22.83,21.99,22.24,22.0,22.64,,22.24,,,356314,7952381.58,897,F1,1,,,,,
2026-07-13,2026-07-13,CM,NSE,STK,17087,INE0ITO01014,ESFL,ST,,,,,ESSEN SPECIALITY FILMS L,115.0,116.7,112.0,112.1,112.1,116.9,,112.1,,,11160,1260486.0,28,F1,360,,,,,
2026-07-13,2026-07-13,CM,NSE,STK,24265,INE778B01029,ESTER,EQ,,,,,ESTER INDUSTRIES LTD,90.54,91.07,89.0,89.92,90.48,90.55,,89.91,,,34884,3140495.95,1097,F1,1,,,,,
2026-07-13,2026-07-13,CM,NSE,STK,5097,INE758T01015,ETERNAL,EQ,,,,,ETERNAL LIMITED,286.1,288.9,284.6,285.2,285.25,289.65,,285.2,,,14808761,4240654722.15,117986,F1,1,,,,,
2026-07-13,2026-07-13,CM,NSE,STK,9750,INE04TZ01018,ETHOSLTD,EQ,,,,,ETHOS LIMITED,2477.5,2675.0,2450.5,2649.0,2671.0,2477.5,,2649.1,,,124318,322735699.5,16914,F1,1,,,,,
2026-07-13,2026-07-13,CM,NSE,STK,25162,INE0KCE01017,EUREKAFORB,EQ,,,,,EUREKA FORBES LIMITED,450.0,463.0,445.6,459.8,463.0,452.3,,459.8,,,164015,74886335.05,7558,F1,1,,,,,
2026-07-13,2026-07-13,CM,NSE,STK,6042,INE546V01010,EIFFL,BE,,,,,EURO (I) FRESH FOODS LTD,339.0,339.0,325.0,331.95,331.0,324.2,,331.95,,,35161,11620894.85,130,F1,1,,,,,
2026-07-13,2026-07-13,CM,NSE,STK,757953,INE505V01016,EUROBOND,EQ,,,,,EURO PANEL PRODUCTS LTD,173.85,174.0,163.81,168.16,165.35,171.56,,167.83,,,9391,1591696.96,322,F1,1,,,,,
2026-07-13,2026-07-13,CM,NSE,STK,759797,INE198501012,EUROPRATIK,EQ,,,,,EURO PRATIK SALES LIMITED,309.3,316.65,309.0,312.4,312.6,313.6,,312.4,,,109401,34157291.45,2594,F1,1,,,,,
2026-07-13,2026-07-13,CM,NSE,STK,8886,INE022C01012,EUROTEXIND,BE,,,,,EUROTEX IND & EXPORTS LTD,14.89,14.89,14.0,14.51,14.51,14.6,,14.51,,,955,13503.66,8,F1,1,,,,,
2026-07-13,2026-07-13,CM,NSE,STK,11782,INE128A01029,EVEREADY,EQ,,,,,EVEREADY INDS. IND.  LTD.,359.7,362.9,351.05,354.25,353.0,361.25,,354.2,,,243198,87180812.1,7051,F1,1,,,,,
2026-07-13,2026-07-13,CM,NSE,STK,6017,INE295A01018,EVERESTIND,BE,,,,,EVEREST INDUSTRIES LTD,490.0,516.4,490.0,513.4,510.5,491.85,,513.4,,,29916,15217228.0,438,F1,1,,,,,
2026-07-13,2026-07-13,CM,NSE,STK,13091,INE184H01027,EKC,EQ,,,,,EVEREST KANTO CYLINDERLTD,115.0,116.75,113.23,115.53,114.2,115.02,,115.56,,,162230,18708728.96,2034,F1,1,,,,,
2026-07-13,2026-07-13,CM,NSE,STK,11471,INE369A01029,EXCELINDUS,EQ,,,,,EXCEL INDUSTRIES LTD,903.0,924.9,900.0,911.4,913.75,912.05,,911.4,,,5475,4996888.6,360,F1,1,,,,,
2026-07-13,2026-07-13,CM,NSE,STK,25327,INE0Y4801011,EXCELLENT,ST,,,,,EXCELLENT WIRES N PACK L,200.0,205.0,200.0,204.9,205.0,196.85,,204.9,,,12800,2615040.0,6,F1,1600,,,,,
2026-07-13,2026-07-13,CM,NSE,STK,760007,INE606N01019,EXCELSOFT,EQ,,,,,EXCELSOFT TECHNOLOGIES L,78.6,80.88,78.32,79.93,80.2,79.31,,79.93,,,516271,41343366.51,5666,F1,1,,,,,
2026-07-13,2026-07-13,CM,NSE,STK,22947,INE777F01014,EXICOM,EQ,,,,,EXICOM TELE SYSTEMS LTD,169.0,175.7,164.67,168.35,168.2,170.04,,168.42,,,2004738,341578578.27,16311,F1,1,,,,,
2026-07-13,2026-07-13,CM,NSE,STK,676,INE302A01020,EXIDEIND,EQ,,,,,EXIDE INDUSTRIES LTD,421.95,424.6,416.0,423.4,422.0,424.4,,423.4,,,3195587,1345070050.7,39668,F1,1,,,,,
2026-07-13,2026-07-13,CM,NSE,STK,760422,INE19I001020,EXIMROUTES,SM,,,,,EXIM ROUTES LIMITED,108.0,108.0,108.0,108.0,108.0,110.0,,108.0,,,800,86400.0,1,F1,800,,,,,
2026-07-13,2026-07-13,CM,NSE,STK,17486,INE201K01015,EXPLEOSOL,EQ,,,,,EXPLEO SOLUTIONS LIMITED,806.5,828.0,800.0,823.05,823.0,810.9,,822.6,,,22845,18639805.15,1601,F1,1,,,,,
2026-07-13,2026-07-13,CM,NSE,STK,5352,INE0GFE01026,EXXARO,EQ,,,,,EXXARO TILES LIMITED,6.55,6.76,6.46,6.55,6.52,6.55,,6.55,,,200476,1309202.68,632,F1,1,,,,,
2026-07-13,2026-07-13,CM,NSE,STK,760125,INE0HF201011,FABTECH,EQ,,,,,FABTECH TECHNOLOGIES LTD,158.0,161.09,156.0,158.27,157.5,160.02,,158.28,,,199452,31662278.65,3475,F1,1,,,,,
2026-07-13,2026-07-13,CM,NSE,STK,1008,INE188A01015,FACT,EQ,,,,,FACT LTD,852.05,863.35,842.75,855.85,857.0,855.55,,855.85,,,84645,72351619.15,7897,F1,1,,,,,
2026-07-13,2026-07-13,CM,NSE,STK,1619,INE0DNW01011,FAIRCHEMOR,BE,,,,,FAIRCHEM ORGANICS LIMITED,708.9,708.9,681.1,692.1,698.95,700.5,,691.15,,,4692,3266429.15,465,F1,1,,,,,
2026-07-13,2026-07-13,CM,NSE,STK,24150,INE0PQK01013,FALCONTECH,SM,,,,,FALCON TECHNOPROJ IND LTD,11.5,11.55,11.25,11.55,11.55,11.5,,11.55,,,3600,41160.0,3,F1,1200,,,,,
2026-07-13,2026-07-13,CM,NSE,STK,12000,INE963C01033,FAZE3Q,EQ,,,,,FAZE THREE LIMITED,587.3,607.9,583.05,593.9,597.0,589.15,,593.9,,,17055,10164218.35,742,F1,1,,,,,
2026-07-13,2026-07-13,CM,NSE,STK,12002,INE512B01022,FCSSOFT,BE,,,,,FCS SOFTWARE SOLN. LTD.,1.5,1.57,1.5,1.57,1.57,1.5,,1.57,,,1481877,2301190.04,1384,F1,1,,,,,
2026-07-13,2026-07-13,CM,NSE,STK,4898,INE258B01022,FDC,EQ,,,,,FDC LIMITED,427.0,435.0,424.05,428.0,429.5,432.3,,428.0,,,108030,46307810.2,5377,F1,1,,,,,
2026-07-13,2026-07-13,CM,NSE,STK,20322,INE007N01010,FEDFINA,EQ,,,,,FEDBANK FINANCIAL SER L,158.51,163.89,155.62,157.25,157.7,159.34,,157.25,,,2795517,445287230.84,25783,F1,1,,,,,
2026-07-13,2026-07-13,CM,NSE,STK,762675,INE417D01020,FEDDERSHOL,EQ,,,,,FEDDERS HOLDING LTD.,44.48,45.3,43.55,44.21,43.99,44.15,,44.21,,,266111,11794711.93,1892,F1,1,,,,,
2026-07-13,2026-07-13,CM,NSE,STK,1023,INE171A01029,FEDERALBNK,EQ,,,,,FEDERAL BANK LTD,328.5,336.5,327.3,332.5,333.0,329.85,,332.5,,,4617054,1539103100.9,57090,F1,1,,,,,
2026-07-13,2026-07-13,CM,NSE,STK,1190,INE529A01010,FMGOETZE,EQ,,,,,FEDERAL-MOGUL GOETZE (IND,452.0,476.9,452.0,471.25,476.9,453.45,,471.25,,,103190,48211794.1,2957,F1,1,,,,,
2026-07-13,2026-07-13,CM,NSE,STK,573,INE901X01013,FELIX,SM,,,,,FELIX INDUSTRIES LTD.,185.8,187.0,181.55,183.95,183.95,185.2,,183.95,,,21500,3969625.0,29,F1,500,,,,,
2026-07-13,2026-07-13,CM,NSE,STK,762680,INE225B01021,FERMENTA,EQ,,,,,FERMENTA BIOTECH LTD.,415.0,454.5,413.15,445.05,442.1,411.8,,445.05,,,1279370,563643472.6,29901,F1,1,,,,,
2026-07-13,2026-07-13,CM,NSE,STK,8159,INE296C01020,FIBERWEB,EQ,,,,,FIBERWEB INDIA LIMITED,30.35,31.5,30.35,31.23,31.5,30.9,,31.11,,,16127,498382.51,115,F1,1,,,,,
2026-07-13,2026-07-13,CM,NSE,STK,9858,INE0LQQ01019,FIDEL,SM,,,,,FIDEL SOFTECH LIMITED,146.9,146.9,146.9,146.9,146.9,146.9,,146.9,,,1000,146900.0,1,F1,1000,,,,,
2026-07-13,2026-07-13,CM,NSE,STK,13710,INE737H01014,FIEMIND,EQ,,,,,FIEM INDUSTRIES LIMITED,2235.0,2241.0,2212.1,2236.8,2236.1,2249.9,,2236.7,,,14955,33351858.7,3905,F1,1,,,,,
2026-07-13,2026-07-13,CM,NSE,STK,23651,INE185E01021,FILATFASH,BE,,,,,FILATEX FASHIONS LIMITED,0.19,0.2,0.19,0.19,0.2,0.19,,0.19,,,15679080,3020112.25,1808,F1,1,,,,,
2026-07-13,2026-07-13,CM,NSE,STK,24532,INE816B01035,FILATEX,EQ,,,,,FILATEX INDIA LTD,62.0,66.99,61.44,64.38,64.3,62.25,,64.38,,,8313864,539503976.25,31269,F1,1,,,,,
2026-07-13,2026-07-13,CM,NSE,STK,759776,INE0EDU01014,FINBUD,SM,,,,,FINBUD FINANCIAL SERV LTD,123.05,125.0,119.95,120.8,121.0,122.85,,120.8,,,21000,2552950.0,20,F1,1000,,,,,
2026-07-13,2026-07-13,CM,NSE,STK,3744,INE686Y01026,FINEORG,EQ,,,,,FINE ORGANIC IND. LTD.,5038.5,5070.0,4968.0,5024.0,5046.0,4999.5,,5023.5,,,4944,24896109.5,1786,F1,1,,,,,
2026-07-13,2026-07-13,CM,NSE,STK,6198,INE045J01034,FCL,EQ,,,,,FINEOTEX CHEMICAL LIMITED,36.5,36.68,36.01,36.18,36.39,36.99,,36.18,,,4399641,159551470.54,9470,F1,1,,,,,
2026-07-13,2026-07-13,CM,NSE,STK,759239,INE734I01027,FINKURVE,EQ,,,,,FINKURVE FINANCIAL SERV L,65.21,66.43,63.85,65.73,65.75,65.21,,65.73,,,12195,794419.32,457,F1,1,,,,,
2026-07-13,2026-07-13,CM,NSE,STK,6579,INE02NC01014,FINOPB,EQ,,,,,FINO PAYMENTS BANK LTD,143.0,162.48,142.22,161.33,161.99,135.4,,161.32,,,29573133,4537642143.4,147057,F1,1,,,,,
2026-07-13,2026-07-13,CM,NSE,STK,1038,INE235A01022,FINCABLES,EQ,,,,,FINOLEX CABLES LTD,1054.7,1076.0,1038.2,1058.4,1058.0,1054.5,,1058.1,,,176063,186358767.2,12119,F1,1,,,,,
2026-07-13,2026-07-13,CM,NSE,STK,1041,INE183A01024,FINPIPE,EQ,,,,,FINOLEX INDUSTRIES LTD,168.5,171.1,167.15,168.56,168.7,169.44,,168.56,,,408985,69136680.98,18418,F1,1,,,,,
2026-07-13,2026-07-13,CM,NSE,STK,14304,INE684F01012,FSL,EQ,,,,,FIRSTSOURCE SOLU. LTD.,257.0,267.65,253.6,265.06,265.0,259.71,,265.06,,,2290020,601071324.19,40887,F1,1,,,,,
2026-07-13,2026-07-13,CM,NSE,STK,757658,INE771F01041,FISCHER,EQ,,,,,FISCHER MEDICAL VENTURE L,38.67,38.9,37.67,38.27,38.0,38.67,,38.27,,,1937962,74491362.51,3501,F1,1,,,,,
2026-07-13,2026-07-13,CM,NSE,STK,12032,INE128S01021,FIVESTAR,EQ,,,,,FIVE-STAR BUS FIN LTD,547.95,548.2,538.65,544.1,542.0,546.4,,544.1,,,368574,200242842.25,14435,F1,1,,,,,
2026-07-13,2026-07-13,CM,NSE,STK,20372,INE00Y201027,FLAIR,EQ,,,,,FLAIR WRITING INDUST LTD,260.95,269.9,259.0,264.15,261.95,260.15,,264.15,,,233854,61952394.9,2884,F1,1,,,,,
2026-07-13,2026-07-13,CM,NSE,STK,25516,INE060J01017,FLEXITUFF,BE,,,,,FLEXITUFF VENTURES INT L,5.19,5.19,5.0,5.06,5.09,5.2,,5.13,,,76156,383334.82,122,F1,1,,,,,
2026-07-13,2026-07-13,CM,NSE,STK,758208,INE0VCK01011,FLYSBS,SM,,,,,FLYSBS AVIATION LIMITED,464.95,476.0,454.0,471.45,474.0,466.8,,471.45,,,62000,28638200.0,193,F1,200,,,,,
2026-07-13,2026-07-13,CM,NSE,STK,760331,INE0SQZ01015,FWSTC,SM,,,,,FLYWINGS SIMULAT T C LTD,195.0,195.0,195.0,195.0,195.0,195.0,,195.0,,,600,117000.0,1,F1,600,,,,,
2026-07-13,2026-07-13,CM,NSE,STK,6839,INE593W01028,FOCUS,BE,,,,,FOCUS LIGHTG & FIXTRS LTD,82.7,82.7,80.4,82.09,82.2,81.48,,82.09,,,9627,782797.43,164,F1,1,,,,,
2026-07-13,2026-07-13,CM,NSE,STK,6673,INE976E01023,FOODSIN,EQ,,,,,FOODS & INNS LIMITED,60.76,61.8,59.81,61.1,61.09,60.76,,61.1,,,106387,6448465.34,645,F1,1,,,,,
2026-07-13,2026-07-13,CM,NSE,STK,24914,INE0U2501017,FORCAS,SM,,,,,FORCAS STUDIO LIMITED,142.5,144.0,133.75,134.95,133.85,146.5,,134.95,,,96000,13290960.0,56,F1,1600,,,,,
2026-07-13,2026-07-13,CM,NSE,STK,11573,INE451A01017,FORCEMOT,EQ,,,,,FORCE MOTORS LIMITED,18000.0,18141.0,17807.0,17963.0,17980.0,18170.0,,17963.0,,,64110,1151846349.0,20357,F1,1,,,,,
2026-07-13,2026-07-13,CM,NSE,STK,14592,INE061F01013,FORTIS,EQ,,,,,FORTIS HEALTHCARE LTD,961.85,969.8,954.15,963.5,965.0,968.0,,963.55,,,1224946,1175846786.0,33330,F1,1,,,,,
2026-07-13,2026-07-13,CM,NSE,STK,1073,INE519A01011,FOSECOIND,EQ,,,,,FOSECO INDIA LTD,5220.0,5241.0,5182.5,5189.0,5186.0,5230.5,,5189.0,,,818,4260059.5,253,F1,1,,,,,
2026-07-13,2026-07-13,CM,NSE,STK,760961,INE212S01015,FRACTAL,EQ,,,,,FRACTAL ANALYTICS LIMITED,838.8,866.0,833.85,854.0,850.35,847.55,,854.0,,,493480,422903892.15,30291,F1,1,,,,,
2026-07-13,2026-07-13,CM,NSE,STK,25868,INE0SFW01015,FRESHARA,SM,,,,,FRESHARA AGRO EXPORTS LTD,309.0,324.9,306.75,323.55,323.75,313.2,,323.55,,,90000,28606950.0,111,F1,600,,,,,
2026-07-13,2026-07-13,CM,NSE,STK,11504,INE385O01018,FROG,ST,,,,,FROG INNOVATIONS LIMITED,176.5,176.5,168.65,168.65,168.65,177.5,,168.65,,,29600,5007880.0,55,F1,400,,,,,
2026-07-13,2026-07-13,CM,NSE,STK,762685,INE572D01014,FRONTSP,EQ,,,,,FRONTIER SPRINGS LTD.,1441.0,1467.9,1422.0,1429.5,1440.0,1437.6,,1429.3,,,13920,20059449.1,1614,F1,1,,,,,
2026-07-13,2026-07-13,CM,NSE,STK,6545,INE388Y01029,NYKAA,EQ,,,,,FSN E COMMERCE VENTURES,328.45,332.15,327.05,328.4,328.95,330.1,,328.4,,,7568346,2492586199.65,54931,F1,1,,,,,
2026-07-13,2026-07-13,CM,NSE,STK,759876,INE12UR01024,UTLSOLAR,EQ,,,,,FUJIYAMA POWER SYSTEMS L,379.0,401.8,372.6,401.1,400.5,382.7,,401.15,,,1388192,546004552.25,27140,F1,1,,,,,
2026-07-13,2026-07-13,CM,NSE,STK,11932,INE139R01012,FUSION,EQ,,,,,FUSION FINANCE LIMITED,231.9,243.0,229.21,237.14,237.61,234.04,,237.13,,,1244458,294992110.4,17508,F1,1,,,,,
2026-07-13,2026-07-13,CM,NSE,STK,14868,INE452O01016,FLFL,BZ,,,,,FUT LIFESTYLE FASH LTD,1.3,1.34,1.27,1.32,1.34,1.3,,1.3,,,11333,14698.07,55,F1,1,,,,,
2026-07-13,2026-07-13,CM,NSE,STK,760500,INE220J01025,FCONSUMER,BZ,,,,,FUTURE CONSUMER LIMITED,0.29,0.3,0.29,0.29,0.29,0.3,,0.29,,,3101807,907993.58,849,F1,1,,,,,
2026-07-13,2026-07-13,CM,NSE,STK,13812,INE623B01027,FEL,BZ,,,,,FUTURE ENTERPRISES LTD,0.37,0.37,0.36,0.37,0.37,0.36,,0.41,,,161388,59713.21,89,F1,1,,,,,
2026-07-13,2026-07-13,CM,NSE,STK,30491,IN9623B01058,FELDVR,BZ,,,,,FUTURE ENTERPRISES LTD,2.69,2.69,2.47,2.47,2.47,2.59,,2.49,,,3961,10031.02,27,F1,1,,,,,
2026-07-13,2026-07-13,CM,NSE,STK,21021,INE360L01017,FMNL,BE,,,,,FUTURE MKT NETWORKS LTD,10.46,10.46,9.92,10.0,9.92,10.25,,9.99,,,9144,91727.82,56,F1,1,,,,,
2026-07-13,2026-07-13,CM,NSE,STK,1168,INE075D01018,GMBREW,EQ,,,,,G M BREWERIES LTD,937.95,942.15,915.0,916.95,917.4,939.85,,916.85,,,137100,126937979.35,6218,F1,1,,,,,
2026-07-13,2026-07-13,CM,NSE,STK,5054,INE201P01022,GRINFRA,EQ,,,,,G R INFRAPROJECTS LIMITED,909.1,912.55,899.0,905.1,909.2,909.1,,905.15,,,10820,9787247.1,1451,F1,1,,,,,
2026-07-13,2026-07-13,CM,NSE,STK,1135,INE586X01012,GTECJAINX,BE,,,,,G-TEC JAINX EDUCATION LTD,26.23,26.23,25.5,25.84,25.84,25.72,,25.84,,,6548,169508.28,30,F1,1,,,,,
2026-07-13,2026-07-13,CM,NSE,STK,1085,INE524A01029,GABRIEL,EQ,,,,,GABRIEL INDIA LTD,1240.0,1272.5,1228.0,1265.0,1260.0,1250.8,,1265.1,,,431128,539942365.5,23968,F1,1,,,,,
2026-07-13,2026-07-13,CM,NSE,STK,17888,INE224E01028,GATECH,EQ,,,,,GACM TECHNOLOGIES LIMITED,0.48,0.49,0.47,0.48,0.48,0.48,,0.48,,,2747302,1326959.88,924,F1,1,,,,,
2026-07-13,2026-07-13,CM,NSE,STK,17,INE224E01036,GATECHDVR,EQ,,,,,GACM TECHNOLOGIES LIMITED,0.45,0.45,0.44,0.44,0.44,0.44,,0.44,,,141749,62962.77,141,F1,1,,,,,
2026-07-13,2026-07-13,CM,NSE,STK,4717,INE129A01019,GAIL,EQ,,,,,GAIL (INDIA) LTD,172.84,173.4,170.53,173.12,173.0,173.73,,173.12,,,3261762,561718362.96,28991,F1,1,,,,,
2026-07-13,2026-07-13,CM,NSE,STK,25134,INE0RE001014,GALAPREC,EQ,,,,,GALA PRECISION ENG LTD,1176.5,1183.7,1143.5,1156.8,1160.0,1187.7,,1156.9,,,61399,70940349.8,9135,F1,1,,,,,
2026-07-13,2026-07-13,CM,NSE,STK,759089,INE09A801015,GML,SM,,,,,GALAXY MEDICARE LIMITED,18.15,18.15,18.0,18.1,18.1,18.8,,18.1,,,10000,181000.0,5,F1,2000,,,,,
2026-07-13,2026-07-13,CM,NSE,STK,1315,INE600K01018,GALAXYSURF,EQ,,,,,GALAXY SURFACTANTS LTD,2000.7,2028.0,1974.0,1981.3,1975.0,2000.7,,1981.2,,,10360,20707068.1,1626,F1,1,,,,,
2026-07-13,2026-07-13,CM,NSE,STK,13337,INE297H01019,GALLANTT,EQ,,,,,GALLANTT ISPAT LIMITED,679.95,700.95,661.0,700.95,700.95,667.6,,701.2,,,160052,111897436.55,2552,F1,1,,,,,
2026-07-13,2026-07-13,CM,NSE,STK,20303,INE717W01049,GANDHAR,EQ,,,,,GANDHAR OIL REFINE IND L,200.4,208.0,200.4,206.12,206.0,203.15,,206.12,,,791984,162773022.74,10215,F1,1,,,,,
2026-07-13,2026-07-13,CM,NSE,STK,14116,INE524B01027,GANDHITUBE,EQ,,,,,GANDHI SPL. TUBES LTD,845.0,865.15,845.0,860.8,864.95,855.15,,860.6,,,5380,4617449.15,343,F1,1,,,,,
2026-07-13,2026-07-13,CM,NSE,STK,5614,INE388A01029,GANESHBE,EQ,,,,,GANESH BENZOPLAST LIMITED,96.95,99.35,95.8,98.17,98.5,96.95,,98.17,,,121423,11794451.39,2349,F1,1,,,,,
2026-07-13,2026-07-13,CM,NSE,STK,759012,INE652V01016,GANESHCP,EQ,,,,,GANESH CONSUMER PRODUCT L,189.6,189.6,187.55,189.23,189.05,189.85,,189.22,,,16053,3031344.25,596,F1,1,,,,,
2026-07-13,2026-07-13,CM,NSE,STK,24439,INE0R8C01018,GGBL,SM,,,,,GANESH GREEN BHARAT LTD,264.45,264.9,257.5,263.8,264.9,264.0,,263.8,,,33600,8776155.0,98,F1,300,,,,,
2026-07-13,2026-07-13,CM,NSE,STK,14339,INE460C01014,GANESHHOU,EQ,,,,,GANESH HOUSING LIMITED,860.5,889.25,855.3,872.9,874.0,869.85,,872.85,,,68839,60349008.3,5302,F1,1,,,,,
2026-07-13,2026-07-13,CM,NSE,STK,27351,INE0TVT01024,GANESHIN,ST,,,,,GANESH INFRAWORLD LIMITED,91.0,92.2,90.5,92.2,92.2,92.7,,92.2,,,26400,2404680.0,15,F1,800,,,,,
2026-07-13,2026-07-13,CM,NSE,STK,6944,INE845D01014,GANECOS,EQ,,,,,GANESHA ECOSPHERE LIMITED,1097.65,1130.0,1088.0,1122.65,1121.0,1108.7,,1122.65,,,131700,146903730.55,7486,F1,1,,,,,
2026-07-13,2026-07-13,CM,NSE,STK,757525,INE0ZI101018,GANGABATH,SM,,,,,GANGA BATH FITTINGS LTD,20.65,21.85,20.65,21.85,21.85,21.25,,21.85,,,6000,127500.0,2,F1,3000,,,,,
2026-07-13,2026-07-13,CM,NSE,STK,4959,INE691Z01023,GANGAFORGE,BE,,,,,GANGA FORGING LIMITED,2.21,2.21,2.1,2.1,2.1,2.21,,2.1,,,286276,606149.91,374,F1,1,,,,,
2026-07-13,2026-07-13,CM,NSE,STK,764055,INE691Z20015,GANGAFO-RE,BE,,,,,GANGA FORGING LTD,0.18,0.18,0.18,0.18,0.18,0.3,,0.18,,,1599765,287957.7,516,F1,1,,,,,
2026-07-13,2026-07-13,CM,NSE,STK,21399,INE335W01016,GANGESSECU,EQ,,,,,GANGES SECURITIES LIMITED,121.0,123.0,116.36,117.26,118.77,117.29,,117.23,,,1198,141787.35,118,F1,1,,,,,
2026-07-13,2026-07-13,CM,NSE,STK,5475,INE382Z01011,GRSE,EQ,,,,,GARDEN REACH SHIP&ENG LTD,2631.0,2650.2,2607.7,2640.6,2650.2,2662.0,,2640.6,,,260024,684139663.8,17689,F1,1,,,,,
2026-07-13,2026-07-13,CM,NSE,STK,25800,INE0JVO01026,GARUDA,EQ,,,,,GARUDA CONSTRUCT N ENG L,175.97,187.6,173.01,183.04,182.4,177.18,,183.05,,,1160150,213186833.26,18273,F1,1,,,,,
2026-07-13,2026-07-13,CM,NSE,STK,7982,INE291A01017,GRWRHITECH,EQ,,,,,GARWARE HI-TECH FILMS LTD,6949.5,7174.0,6910.5,7041.0,7012.0,6968.0,,7041.0,,,51158,361420325.5,11615,F1,1,,,,,
2026-07-13,2026-07-13,CM,NSE,STK,1100,INE276A01018,GARFIBRES,EQ,,,,,GARWARE TECH FIBRES LTD,722.0,742.0,708.4,739.4,739.65,724.35,,739.4,,,50776,37017653.9,6622,F1,1,,,,,
2026-07-13,2026-07-13,CM,NSE,STK,8510,INE079J01017,GATEWAY,EQ,,,,,GATEWAY DISTRIPARKS LTD,58.5,60.29,58.1,59.95,60.08,58.71,,59.95,,,695343,41539687.55,6973,F1,1,,,,,
2026-07-13,2026-07-13,CM,NSE,STK,760179,INE0P8B01020,GAUDIUMIVF,BE,,,,,GAUDIUM IVF N WOMEN H L,122.38,130.48,121.0,130.02,130.0,124.27,,129.91,,,438555,55949071.84,2306,F1,1,,,,,
2026-07-13,2026-07-13,CM,NSE,STK,3693,INE287Z01012,GAYAHWS,EQ,,,,,GAYATRI HIGHWAYS LIMITED,2.0,2.0,1.8,1.87,1.82,1.83,,1.87,,,256538,479194.89,420,F1,1,,,,,
2026-07-13,2026-07-13,CM,NSE,STK,25027,INE336H01023,GAYAPROJ,BE,,,,,GAYATRI PROJECTS LTD,20.81,22.02,20.6,21.95,22.02,20.98,,21.97,,,1095370,23863746.1,1684,F1,1,,,,,
2026-07-13,2026-07-13,CM,NSE,STK,14055,INE0LVM01018,GRCL,ST,,,,,GAYATRI RUBB AND CHEM LTD,617.0,629.2,617.0,629.2,629.2,617.0,,629.2,,,1500,932337.5,6,F1,250,,,,,
2026-07-13,2026-07-13,CM,NSE,STK,7862,INE878A01011,GVPIL,EQ,,,,,GE POWER INDIA LIMITED,800.0,839.9,800.0,808.3,808.2,820.35,,808.3,,,235637,191630144.35,9053,F1,1,,,,,
2026-07-13,2026-07-13,CM,NSE,STK,16783,INE200A01026,GVT&D,EQ,,,,,GE VERNOVA T&D INDIA LTD,4644.5,4644.5,4470.0,4525.6,4530.0,4677.1,,4525.5,,,747648,3387912021.9,67317,F1,1,,,,,
2026-07-13,2026-07-13,CM,NSE,STK,13662,INE916G01016,GEECEE,BE,,,,,GEECEE VENTURES LIMITED,350.0,359.7,339.7,342.7,342.7,348.95,,342.7,,,2356,824147.25,35,F1,1,,,,,
2026-07-13,2026-07-13,CM,NSE,STK,17922,INE669X01032,GEEKAYWIRE,EQ,,,,,GEEKAY WIRES LIMITED,25.5,25.5,24.32,24.76,24.77,25.18,,24.76,,,43250,1073331.82,557,F1,1,,,,,
2026-07-13,2026-07-13,CM,NSE,STK,759461,INE06XZ01023,GEMAROMA,EQ,,,,,GEM AROMATICS LIMITED,205.89,205.89,195.22,197.28,197.75,206.54,,197.34,,,190889,38290101.81,2729,F1,1,,,,,
2026-07-13,2026-07-13,CM,NSE,STK,277,INE481Y01014,GICRE,EQ,,,,,GENERAL INS CORP OF INDIA,363.0,365.75,361.5,364.85,364.85,365.0,,364.85,,,383395,139635952.95,8727,F1,1,,,,,
2026-07-13,2026-07-13,CM,NSE,STK,2188,INE854S01022,GENCON,EQ,,,,,GENERIC ENG CONS PROJ LTD,41.21,42.04,40.87,41.35,41.85,41.61,,41.35,,,246671,10261011.21,1249,F1,1,,,,,
2026-07-13,2026-07-13,CM,NSE,STK,10905,INE727B01026,GENESYS,EQ,,,,,GENESYS INTL CORPN LTD,327.1,353.75,319.9,343.75,344.95,326.15,,343.75,,,801372,276578218.2,17330,F1,1,,,,,
2026-07-13,2026-07-13,CM,NSE,STK,758842,INE06H201014,GENSOL,BZ,,,,,GENSOL ENGINEERING LTD,19.31,19.31,19.31,19.31,19.31,20.32,,19.31,,,44159,852710.29,449,F1,1,,,,,
2026-07-13,2026-07-13,CM,NSE,STK,6600,INE949P01018,GENUSPAPER,EQ,,,,,GENUS P&B LIMITED,11.07,12.19,11.07,11.83,11.76,11.21,,11.83,,,116329,1372241.82,697,F1,1,,,,,
2026-07-13,2026-07-13,CM,NSE,STK,11905,INE955D01029,GENUSPOWER,EQ,,,,,GENUS POWER INFRASTRU LTD,313.45,319.65,309.5,317.65,317.65,317.05,,317.65,,,1952474,616479264.6,23460,F1,1,,,,,
2026-07-13,2026-07-13,CM,NSE,STK,31942,INE1W0N01014,GENXAI,SM,,,,,GENXAI ANALYTICS LIMITED,84.0,84.0,80.4,81.4,81.0,84.6,,81.4,,,84000,6866040.0,64,F1,1200,,,,,
2026-07-13,2026-07-13,CM,NSE,STK,11896,INE007B01023,GEOJITFSL,EQ,,,,,GEOJIT FINANCIAL SER L,78.5,82.4,78.5,82.03,82.0,79.4,,82.03,,,730407,59468497.01,5649,F1,1,,,,,
2026-07-13,2026-07-13,CM,NSE,STK,1289,INE538A01037,GFLLIMITED,EQ,,,,,GFL LIMITED,46.7,46.7,45.97,46.41,46.5,45.8,,46.41,,,25079,1163666.93,561,F1,1,,,,,
2026-07-13,2026-07-13,CM,NSE,STK,1127,INE539A01019,GHCL,EQ,,,,,GHCL LIMITED,435.9,449.0,430.8,445.7,448.0,436.05,,445.75,,,279107,124039352.35,8181,F1,1,,,,,
2026-07-13,2026-07-13,CM,NSE,STK,16696,INE0PA801013,GHCLTEXTIL,EQ,,,,,GHCL TEXTILES LIMITED,108.26,111.0,107.39,109.77,110.5,109.35,,109.77,,,700610,76981884.04,4446,F1,1,,,,,
2026-07-13,2026-07-13,CM,NSE,STK,1139,INE289B01019,GICHSGFIN,EQ,,,,,GIC HOUSING FINANCE LTD,150.0,152.89,149.91,151.76,152.89,151.23,,151.77,,,54726,8290712.72,1294,F1,1,,,,,
2026-07-13,2026-07-13,CM,NSE,STK,17839,INE047B01011,GILLANDERS,EQ,,,,,GILLANDERS ARBUTHNOT LTD,90.99,91.0,88.5,89.33,89.05,91.46,,89.81,,,3732,336936.9,67,F1,1,,,,,
2026-07-13,2026-07-13,CM,NSE,STK,1576,INE322A01010,GILLETTE,EQ,,,,,GILLETTE INDIA LTD,7805.0,7971.0,7777.0,7880.5,7890.0,7845.0,,7880.5,,,20753,163265358.0,5241,F1,1,,,,,
2026-07-13,2026-07-13,CM,NSE,STK,9294,INE424C01010,GINNIFILA,BE,,,,,GINNIFILAMENTS LTD.,51.15,53.85,51.15,52.44,52.6,52.91,,52.44,,,53337,2814766.63,232,F1,1,,,,,
2026-07-13,2026-07-13,CM,NSE,STK,2365,INE614Z01017,GIRIRAJ,SM,,,,,GIRIRAJ CIVIL DEVP LTD,130.0,131.5,128.0,131.3,131.0,130.0,,131.3,,,7000,911887.5,17,F1,250,,,,,
2026-07-13,2026-07-13,CM,NSE,STK,759048,INE1AG301022,GKENERGY,EQ,,,,,GK ENERGY LIMITED,140.7,146.44,140.7,143.23,142.85,143.53,,143.23,,,710048,102257757.23,8746,F1,1,,,,,
2026-07-13,2026-07-13,CM,NSE,STK,17357,INE528A01020,GKWLIMITED,EQ,,,,,GKW LIMITED,1800.0,1800.0,1708.7,1780.0,1780.0,1798.9,,1780.0,,,70,124387.6,21,F1,1,,,,,
2026-07-13,2026-07-13,CM,NSE,STK,1186,INE068V01023,GLAND,EQ,,,,,GLAND PHARMA LIMITED,2476.0,2506.4,2416.4,2461.2,2461.9,2479.4,,2461.1,,,611673,1500765590.8,43725,F1,1,,,,,
2026-07-13,2026-07-13,CM,NSE,STK,1153,INE159A01016,GLAXO,EQ,,,,,GLAXOSMITHKLINE PHARMA LT,2439.9,2439.9,2406.3,2420.5,2421.0,2438.2,,2420.2,,,34949,84575469.3,6106,F1,1,,,,,
2026-07-13,2026-07-13,CM,NSE,STK,7406,INE935A01035,GLENMARK,EQ,,,,,GLENMARK PHARMACEUTICALS,2285.9,2322.9,2264.0,2301.3,2302.0,2282.9,,2301.3,,,720659,1655969387.5,37130,F1,1,,,,,
2026-07-13,2026-07-13,CM,NSE,STK,1415,INE291W01037,GLOBAL,EQ,,,,,GLOBAL EDUCATION LIMITED,102.0,102.79,99.1,101.96,101.05,102.18,,101.96,,,24051,2453446.64,317,F1,1,,,,,
2026-07-13,2026-07-13,CM,NSE,STK,11956,INE474Q01031,MEDANTA,EQ,,,,,GLOBAL HEALTH LIMITED,1336.0,1347.9,1322.6,1328.1,1329.5,1336.9,,1328.1,,,81717,109024584.4,8858,F1,1,,,,,
2026-07-13,2026-07-13,CM,NSE,STK,17170,INE0PS501019,GLOBALPET,ST,,,,,GLOBAL PET INDUSTRIES LTD,146.0,157.0,146.0,157.0,157.0,150.0,,157.0,,,8250,1265250.0,8,F1,750,,,,,
2026-07-13,2026-07-13,CM,NSE,STK,14599,INE0JSX01015,GSLSU,EQ,,,,,GLOBAL SURFACES LIMITED,39.8,41.5,35.55,36.47,35.9,38.99,,36.49,,,715756,27400336.94,3030,F1,1,,,,,
2026-07-13,2026-07-13,CM,NSE,STK,13735,INE792H01019,GLOBALVECT,EQ,,,,,GLOBAL VEC HELICORP LTD,157.2,159.8,154.02,158.42,155.4,160.37,,158.4,,,8754,1380312.71,415,F1,1,,,,,
2026-07-13,2026-07-13,CM,NSE,STK,24934,INE0URU01010,GLOBALE,BE,,,,,GLOBALE TESSILE LIMITED,11.0,11.14,10.6,11.02,11.12,11.15,,11.02,,,14452,155013.84,40,F1,1,,,,,
2026-07-13,2026-07-13,CM,NSE,STK,758573,INE0V3U01015,GLOBECIVIL,BE,,,,,GLOBE CIVIL PROJECTS LTD,40.7,41.4,40.11,41.0,41.26,40.73,,41.0,,,12471,511026.85,87,F1,1,,,,,
2026-07-13,2026-07-13,CM,NSE,STK,393,INE581X01021,GLOBE,EQ,,,,,GLOBE ENTERPRISE (I) LTD,2.15,2.18,2.12,2.15,2.14,2.15,,2.15,,,126340,271962.46,224,F1,1,,,,,
2026-07-13,2026-07-13,CM,NSE,STK,761025,INE947T01022,GICL,EQ,,,,,GLOBE INTL CARRIERS LTD,18.96,18.96,17.16,18.04,18.2,18.06,,18.04,,,975489,17874943.02,1047,F1,1,,,,,
2026-07-13,2026-07-13,CM,NSE,STK,9768,INE00WS01056,GSTL,ST,,,,,GLOBESECURE TECHNO LTD,14.55,14.75,14.55,14.75,14.75,14.05,,14.75,,,16000,235600.0,6,F1,1000,,,,,
2026-07-13,2026-07-13,CM,NSE,STK,17424,INE615I01010,GLOBUSSPR,EQ,,,,,GLOBUS SPIRITS LTD,922.5,949.7,914.85,936.55,937.65,926.1,,936.55,,,88027,82383432.15,5219,F1,1,,,,,
2026-07-13,2026-07-13,CM,NSE,STK,23590,INE350Z01018,GLOSTERLTD,EQ,,,,,GLOSTER LIMITED,664.95,685.0,639.8,677.4,685.0,664.95,,677.35,,,3958,2645902.75,296,F1,1,,,,,
2026-07-13,2026-07-13,CM,NSE,STK,760118,INE0TQE01026,GLOTTIS,BE,,,,,GLOTTIS LIMITED,65.16,67.25,65.16,67.04,67.1,66.5,,67.05,,,55313,3706750.22,263,F1,1,,,,,
2026-07-13,2026-07-13,CM,NSE,STK,1570,INE541A01023,GMMPFAUDLR,EQ,,,,,GMM PFAUDLER LIMITED,755.05,778.0,748.95,774.0,778.0,754.5,,774.05,,,113498,87372397.3,6137,F1,1,,,,,
2026-07-13,2026-07-13,CM,NSE,STK,13528,INE776C01039,GMRAIRPORT,EQ,,,,,GMR AIRPORTS LIMITED,112.0,114.99,111.6,114.68,114.49,112.51,,114.68,,,14980179,1708601276.04,50657,F1,1,,,,,
2026-07-13,2026-07-13,CM,NSE,STK,8529,INE0CU601026,GMRP&UI,EQ,,,,,GMR POW AND URBAN INFRA L,98.97,100.5,98.35,99.87,100.24,98.73,,99.87,,,970130,96849091.13,7634,F1,1,,,,,
2026-07-13,2026-07-13,CM,NSE,STK,18571,INE934S01014,GNA,EQ,,,,,GNA AXLES LIMITED,475.4,537.0,465.15,529.25,536.95,475.4,,529.2,,,2017627,1034885333.65,47003,F1,1,,,,,
2026-07-13,2026-07-13,CM,NSE,STK,757862,INE18JU01028,EBGNG,EQ,,,,,GNG ELECTRONICS LIMITED,622.0,637.3,602.2,608.55,602.2,633.85,,608.35,,,272441,168392514.8,8710,F1,1,,,,,
2026-07-13,2026-07-13,CM,NSE,STK,23799,INE03JT01014,GODIGIT,EQ,,,,,GO DIGIT GENERAL INS LTD,311.85,311.85,302.0,303.3,303.0,312.0,,303.3,,,379859,115973567.8,8991,F1,1,,,,,
2026-07-13,2026-07-13,CM,NSE,STK,6964,INE0BJS01011,GOCOLORS,EQ,,,,,GO FASHION INDIA LTD,338.05,346.75,329.9,343.9,344.8,340.05,,343.9,,,320501,109002994.75,6407,F1,1,,,,,
2026-07-13,2026-07-13,CM,NSE,STK,14687,INE426D01013,GOACARBON,EQ,,,,,GOA CARBON LIMITED,395.1,422.0,395.1,412.05,414.0,402.45,,411.9,,,49725,20533596.4,1909,F1,1,,,,,
2026-07-13,2026-07-13,CM,NSE,STK,3963,INE077F01035,GOCLCORP,EQ,,,,,GOCL CORPORATION LIMITED,404.4,407.45,399.45,402.95,404.6,406.3,,402.95,,,37358,15064938.35,2051,F1,1,,,,,
2026-07-13,2026-07-13,CM,NSE,STK,25941,INE497S01012,GODAVARIB,EQ,,,,,GODAVARI BIOREFINERIES L,271.35,271.35,263.3,266.2,267.8,270.7,,266.2,,,128989,34373515.65,2629,F1,1,,,,,
2026-07-13,2026-07-13,CM,NSE,STK,13409,INE177H01039,GPIL,EQ,,,,,GODAWARI POW & ISP LTD,251.5,257.1,249.3,256.35,256.2,254.35,,256.35,,,916996,232756927.5,18652,F1,1,,,,,
2026-07-13,2026-07-13,CM,NSE,STK,1181,INE260B01028,GODFRYPHLP,EQ,,,,,GODFREY PHILLIPS INDIA LT,2098.0,2109.0,2085.0,2091.8,2094.0,2115.3,,2091.8,,,156157,326873653.6,11944,F1,1,,,,,
2026-07-13,2026-07-13,CM,NSE,STK,144,INE850D01014,GODREJAGRO,EQ,,,,,GODREJ AGROVET LIMITED,562.15,568.1,560.8,565.4,567.0,562.15,,565.4,,,69388,39229985.9,3984,F1,1,,,,,
2026-07-13,2026-07-13,CM,NSE,STK,10099,INE102D01028,GODREJCP,EQ,,,,,GODREJ CONSUMER PRODUCTS,1076.8,1079.7,1067.2,1068.7,1069.5,1088.4,,1068.7,,,468745,502299243.7,24390,F1,1,,,,,
2026-07-13,2026-07-13,CM,NSE,STK,10925,INE233A01035,GODREJIND,EQ,,,,,GODREJ INDUSTRIES LTD,1384.0,1404.4,1365.0,1382.4,1375.0,1417.7,,1382.3,,,572484,793734715.9,34838,F1,1,,,,,
2026-07-13,2026-07-13,CM,NSE,STK,17875,INE484J01027,GODREJPROP,EQ,,,,,GODREJ PROPERTIES LTD,2117.8,2168.3,2110.5,2162.6,2165.2,2133.0,,2162.5,,,1443535,3096694505.6,74499,F1,1,,,,,
2026-07-13,2026-07-13,CM,NSE,STK,27405,IN0020240167,664GS2027,GS,,,,,GOI LOAN   6.64% 2027,101.65,101.65,100.63,100.63,100.63,101.0,,100.63,,,2,202.28,2,F1,1,,,,,
2026-07-13,2026-07-13,CM,NSE,STK,28530,IN0020240183,675GS2029,GS,,,,,GOI LOAN   6.75% 2029,99.9,99.9,99.9,99.9,99.9,99.95,,99.9,,,100,9990.0,1,F1,1,,,,,
2026-07-13,2026-07-13,CM,NSE,STK,24705,IN0020240100,697GR2034,GS,,,,,GOI LOAN   6.97% 2034,96.5,97.1,96.5,97.0,97.0,96.5,,97.0,,,1315,127435.5,5,F1,1,,,,,
2026-07-13,2026-07-13,CM,NSE,STK,27819,IN0020240175,698GR2054,GS,,,,,GOI LOAN   6.98% 2054,93.1,93.1,93.0,93.0,93.0,95.0,,93.0,,,301,27994.08,4,F1,1,,,,,
2026-07-13,2026-07-13,CM,NSE,STK,27170,IN0020240142,709GS2074,GS,,,,,GOI LOAN   7.09% 2074,96.9,96.9,96.4,96.4,96.4,96.25,,96.4,,,4493,434978.32,15,F1,1,,,,,
2026-07-13,2026-07-13,CM,NSE,STK,6695,IN0020210186,574GS2026,GS,,,,,GOI LOAN  5.74% 2026,100.18,100.18,99.77,100.01,100.01,100.15,,100.01,,,6604,660833.31,14,F1,1,,,,,
2026-07-13,2026-07-13,CM,NSE,STK,5012,IN0020210095,610GS2031,GS,,,,,GOI LOAN  6.10% 2031,100.0,100.0,100.0,100.0,100.0,101.37,,100.0,,,1,100.0,1,F1,1,,,,,
2026-07-13,2026-07-13,CM,NSE,STK,953,IN0020200245,622GS2035,GS,,,,,GOI LOAN  6.22% 2035,96.36,96.36,96.36,96.36,96.36,95.91,,96.36,,,200,19272.0,1,F1,1,,,,,
2026-07-13,2026-07-13,CM,NSE,STK,757994,IN0020250059,628GS2032,GS,,,,,GOI LOAN  6.28% 2032,97.0,99.0,97.0,99.0,99.0,100.5,,99.0,,,101,9799.0,2,F1,1,,,,,
2026-07-13,2026-07-13,CM,NSE,STK,756890,IN0020250026,633GS2035,GS,,,,,GOI LOAN  6.33% 2035,96.51,99.0,96.51,99.0,99.0,98.0,,99.0,,,10001,965199.0,3,F1,1,,,,,
2026-07-13,2026-07-13,CM,NSE,STK,761020,IN0020250141,636GS2031,GS,,,,,GOI LOAN  6.36% 2031,100.16,100.7,100.16,100.7,100.7,100.5,,100.7,,,200,20086.0,2,F1,1,,,,,
2026-07-13,2026-07-13,CM,NSE,STK,759396,IN0020250091,648GS2035,GS,,,,,GOI LOAN  6.48% 2035,98.18,99.0,98.18,99.0,99.0,98.18,,99.0,,,2700,265496.0,3,F1,1,,,,,
2026-07-13,2026-07-13,CM,NSE,STK,7843,IN0020210244,654GS2032,GS,,,,,GOI LOAN  6.54% 2032,102.5,102.69,102.5,102.69,102.69,102.69,,102.69,,,11000,1127690.0,2,F1,1,,,,,
2026-07-13,2026-07-13,CM,NSE,STK,760623,IN0020250133,668GS2033,GS,,,,,GOI LOAN  6.68% 2033,102.0,102.0,102.0,102.0,102.0,102.0,,102.0,,,100,10200.0,1,F1,1,,,,,
2026-07-13,2026-07-13,CM,NSE,STK,757847,IN0020250042,668GS2040,GS,,,,,GOI LOAN  6.68% 2040,98.0,99.1,98.0,98.98,98.98,97.97,,98.98,,,1550,152894.4,6,F1,1,,,,,
2026-07-13,2026-07-13,CM,NSE,STK,2317,IN0020200401,676GS2061,GS,,,,,GOI LOAN  6.76% 2061,94.35,94.35,93.95,94.05,94.05,93.23,,94.2,,,25214,2369399.09,13,F1,1,,,,,
2026-07-13,2026-07-13,CM,NSE,STK,22438,IN0020200187,68GS2060,GS,,,,,GOI LOAN  6.8% 2060,93.74,93.74,93.74,93.74,93.74,92.0,,93.74,,,375,35152.5,4,F1,1,,,,,
2026-07-13,2026-07-13,CM,NSE,STK,756014,IN0020250018,690GS2065,GS,,,,,GOI LOAN  6.90% 2065,94.6,95.0,94.16,94.75,94.75,94.6,,94.75,,,12408,1172628.8,15,F1,1,,,,,
2026-07-13,2026-07-13,CM,NSE,STK,763340,IN0020260025,694GS2036,GS,,,,,GOI LOAN  6.94% 2036,101.6,102.5,101.6,102.34,102.5,101.5,,102.34,,,1610,164155.0,7,F1,1,,,,,
2026-07-13,2026-07-13,CM,NSE,STK,6817,IN0020210202,695GS2061,GS,,,,,GOI LOAN  6.95% 2061,95.0,95.0,95.0,95.0,95.0,95.0,,95.0,,,101,9595.0,2,F1,1,,,,,
2026-07-13,2026-07-13,CM,NSE,STK,6696,IN0020210194,699GS2051,GS,,,,,GOI LOAN  6.99% 2051,95.5,97.0,95.5,97.0,97.0,97.84,,97.0,,,4000,387224.6,8,F1,1,,,,,
2026-07-13,2026-07-13,CM,NSE,STK,24072,IN0020240076,702GS2031,GS,,,,,GOI LOAN  7.02% 2031,101.56,101.56,101.56,101.56,101.56,101.07,,101.56,,,1900,192964.0,1,F1,1,,,,,
2026-07-13,2026-07-13,CM,NSE,STK,23919,IN0020240050,704GS2029,GS,,,,,GOI LOAN  7.04% 2029,102.85,102.9,102.85,102.9,102.9,102.8,,102.9,,,6850,704825.0,2,F1,1,,,,,
2026-07-13,2026-07-13,CM,NSE,STK,24949,IN0020240118,709GS2054,GS,,,,,GOI LOAN  7.09% 2054,100.1,100.1,99.94,99.94,99.94,100.16,,99.94,,,25320,2530504.0,10,F1,1,,,,,
2026-07-13,2026-07-13,CM,NSE,STK,23463,IN0020240019,71GS2034,GS,,,,,GOI LOAN  7.1% 2034,103.1,103.2,103.1,103.2,103.2,103.1,,103.2,,,1010,104231.0,3,F1,1,,,,,
2026-07-13,2026-07-13,CM,NSE,STK,15050,IN0020230036,717GS2030,GS,,,,,GOI LOAN  7.17% 2030,103.2,103.2,103.2,103.2,103.2,102.95,,103.2,,,1,103.2,1,F1,1,,,,,
2026-07-13,2026-07-13,CM,NSE,STK,18025,IN0020230085,718GS2033,GS,,,,,GOI LOAN  7.18% 2033,105.3,106.5,105.25,105.6,106.5,105.5,,105.6,,,204417,21515738.75,15,F1,1,,,,,
2026-07-13,2026-07-13,CM,NSE,STK,17398,IN0020230077,718GS2037,GS,,,,,GOI LOAN  7.18% 2037,105.9,106.0,105.9,106.0,106.0,106.32,,106.0,,,12000,1271500.0,3,F1,1,,,,,
2026-07-13,2026-07-13,CM,NSE,STK,23518,IN0020240027,723GS2039,GS,,,,,GOI LOAN  7.23% 2039,104.04,104.4,104.04,104.4,104.4,103.5,,104.4,,,200,20844.0,2,F1,1,,,,,
2026-07-13,2026-07-13,CM,NSE,STK,758674,IN0020250075,724GS2055,GS,,,,,GOI LOAN  7.24% 2055,101.7,102.0,101.3,101.8,101.8,101.7,,101.8,,,367458,37293328.0,56,F1,1,,,,,
2026-07-13,2026-07-13,CM,NSE,STK,16733,IN0020230044,725GS2063,GS,,,,,GOI LOAN  7.25% 2063,98.1,98.2,98.0,98.07,98.15,98.18,,98.03,,,144281,14163031.35,57,F1,1,,,,,
2026-07-13,2026-07-13,CM,NSE,STK,10722,IN0020220060,726GS2032,GS,,,,,GOI LOAN  7.26% 2032,107.0,107.4,107.0,107.4,107.4,106.0,,107.4,,,7151,766541.8,8,F1,1,,,,,
2026-07-13,2026-07-13,CM,NSE,STK,14051,IN0020220151,726GS2033,GS,,,,,GOI LOAN  7.26% 2033,105.1,106.2,105.1,106.2,106.2,105.25,,106.2,,,6350,672202.79,6,F1,1,,,,,
2026-07-13,2026-07-13,CM,NSE,STK,16865,IN0020230051,73GS2053,GS,,,,,GOI LOAN  7.3% 2053,99.52,100.0,99.52,99.95,99.95,99.95,,99.95,,,29644,2963603.75,34,F1,1,,,,,
2026-07-13,2026-07-13,CM,NSE,STK,19685,IN0020230119,733GS2026,GS,,,,,GOI LOAN  7.33% 2026,101.24,101.24,101.24,101.24,101.24,101.24,,101.24,,,242,24500.08,2,F1,1,,,,,
2026-07-13,2026-07-13,CM,NSE,STK,23558,IN0020240035,734GS2064,GS,,,,,GOI LOAN  7.34% 2064,100.0,100.0,99.7,99.94,99.94,100.03,,99.94,,,62900,6289667.44,32,F1,1,,,,,
2026-07-13,2026-07-13,CM,NSE,STK,10931,IN0020220086,736GS2052,GS,,,,,GOI LOAN  7.36% 2052,102.49,102.49,101.47,101.47,101.47,102.5,,101.47,,,44001,4464884.49,5,F1,1,,,,,
2026-07-13,2026-07-13,CM,NSE,STK,19566,IN0020230101,737GS2028,GS,,,,,GOI LOAN  7.37% 2028,103.8,104.0,103.8,103.99,104.0,104.5,,103.99,,,101,10503.8,2,F1,1,,,,,
2026-07-13,2026-07-13,CM,NSE,STK,10981,IN0020220094,74GS2062,GS,,,,,GOI LOAN  7.4% 2062,102.7,102.7,102.49,102.49,102.49,102.6,,102.49,,,19,1950.04,5,F1,1,,,,,
2026-07-13,2026-07-13,CM,NSE,STK,760649,IN0020250117,743GS2076,GS,,,,,GOI LOAN  7.43% 2076,104.2,104.2,104.2,104.2,104.2,104.4,,104.2,,,10642,1108896.4,4,F1,1,,,,,
2026-07-13,2026-07-13,CM,NSE,STK,19808,IN0020230127,746GS2073,GS,,,,,GOI LOAN  7.46% 2073,101.23,101.99,101.23,101.7,101.7,101.23,,101.7,,,376,38255.34,8,F1,1,,,,,
2026-07-13,2026-07-13,CM,NSE,STK,763146,IN0020260017,750GS2056,GS,,,,,GOI LOAN  7.50% 2056,102.78,102.78,102.7,102.7,102.7,102.78,,102.7,,,11,1129.78,2,F1,1,,,,,
2026-07-13,2026-07-13,CM,NSE,STK,9585,IN0020220029,754GS2036,GS,,,,,GOI LOAN  7.54% 2036,104.18,106.99,104.18,106.81,106.85,106.86,,106.81,,,382158,40839282.43,179,F1,1,,,,,
2026-07-13,2026-07-13,CM,NSE,STK,763489,IN0020260033,771GS2066,GS,,,,,GOI LOAN  7.71% 2066,104.94,105.99,104.2,104.95,104.95,104.94,,104.95,,,4251,445348.45,10,F1,1,,,,,
2026-07-13,2026-07-13,CM,NSE,STK,6833,IN0020010081,1018GS2026,GS,,,,,GOI LOAN 10.18% 2026,104.2,104.2,103.5,103.5,103.5,103.21,,103.28,,,1063,110756.5,3,F1,1,,,,,
2026-07-13,2026-07-13,CM,NSE,STK,18973,IN0020200096,619GS2034,GS,,,,,GOI LOAN 6.19% 2034,98.75,98.75,98.75,98.75,98.75,96.7,,99.13,,,1,98.75,1,F1,1,,,,,
2026-07-13,2026-07-13,CM,NSE,STK,9047,IN0020220011,710GS2029,GS,,,,,GOI LOAN 7.10% 2029,103.5,103.5,103.31,103.31,103.31,103.88,,103.31,,,13100,1354216.0,4,F1,1,,,,,
2026-07-13,2026-07-13,CM,NSE,STK,18561,IN0020200054,716GS2050,GS,,,,,GOI LOAN 7.16% 2050,100.01,100.01,100.01,100.01,100.01,100.0,,100.01,,,199,19901.99,1,F1,1,,,,,
2026-07-13,2026-07-13,CM,NSE,STK,7208,IN0020170174,717GS2028,GS,,,,,GOI LOAN 7.17% 2028,99.35,102.0,99.35,102.0,102.0,101.9,,102.0,,,132,13461.35,4,F1,1,,,,,
2026-07-13,2026-07-13,CM,NSE,STK,18474,IN0020200039,719GS2060,GS,,,,,GOI LOAN 7.19% 2060,98.0,98.0,98.0,98.0,98.0,97.0,,98.0,,,400,39200.0,1,F1,1,,,,,
2026-07-13,2026-07-13,CM,NSE,STK,9913,IN0020220037,738GS2027,GS,,,,,GOI LOAN 7.38% 2027,101.54,102.25,101.42,101.96,101.66,101.86,,101.96,,,310206,31536721.53,64,F1,1,,,,,
2026-07-13,2026-07-13,CM,NSE,STK,6874,IN0020050012,74GS2035,GS,,,,,GOI LOAN 7.40% 2035,105.95,105.95,105.95,105.95,105.95,104.75,,105.95,,,123,13031.85,1,F1,1,,,,,
2026-07-13,2026-07-13,CM,NSE,STK,7136,IN0020150077,772GS2055,GS,,,,,GOI LOAN 7.72% 2055,100.6,103.15,100.6,103.15,103.15,105.6,,103.15,,,415,42260.5,5,F1,1,,,,,
2026-07-13,2026-07-13,CM,NSE,STK,7013,IN0020110063,883GS2041,GS,,,,,GOI LOAN 8.83% 2041,110.0,110.0,110.0,110.0,110.0,114.46,,110.0,,,5,550.0,1,F1,1,,,,,
2026-07-13,2026-07-13,CM,NSE,STK,7011,IN0020110055,897GS2030,GS,,,,,GOI LOAN 8.97% 2030,108.1,109.97,108.0,109.97,109.97,109.0,,109.97,,,7333,792979.3,25,F1,1,,,,,
2026-07-13,2026-07-13,CM,NSE,STK,7039,IN0020130053,92GS2030,GS,,,,,GOI LOAN 9.20% 2030,114.29,114.97,114.29,114.97,114.97,114.8,,114.97,,,3685,421172.25,6,F1,1,,,,,
2026-07-13,2026-07-13,CM,NSE,STK,764049,IN002026Z144,364D080727,TB,,,,,GOI TBILL 364D-08/07/27,93.47,93.6,93.47,93.6,93.6,93.51,,93.6,,,200,18707.0,2,F1,100,,,,,
2026-07-13,2026-07-13,CM,NSE,STK,759433,IN002025Z286,364D081026,TB,,,,,GOI TBILL 364D-08/10/26,98.55,98.55,98.55,98.55,98.55,97.57,,98.55,,,100,9855.0,1,F1,100,,,,,
2026-07-13,2026-07-13,CM,NSE,STK,761384,IN002025Z492,364D110327,TB,,,,,GOI TBILL 364D-11/03/27,95.35,95.75,95.35,95.75,95.75,95.3,,95.75,,,200,19110.0,2,F1,100,,,,,
2026-07-13,2026-07-13,CM,NSE,STK,757909,IN002025Z161,364D160726,TB,,,,,GOI TBILL 364D-16/07/26,99.5,99.5,99.5,99.5,99.5,99.28,,99.5,,,5000,497500.0,1,F1,100,,,,,
2026-07-13,2026-07-13,CM,NSE,STK,761481,IN002025Z500,364D190327,TB,,,,,GOI TBILL 364D-19/03/27,95.75,95.75,95.75,95.75,95.75,95.75,,95.75,,,100,9575.0,1,F1,100,,,,,
2026-07-13,2026-07-13,CM,NSE,STK,757977,IN002025Z187,364D300726,TB,,,,,GOI TBILL 364D-30/07/26,99.2,99.51,99.2,99.25,99.25,99.01,,99.25,,,10200,1012825.0,8,F1,100,,,,,
2026-07-13,2026-07-13,CM,NSE,STK,763740,IN002026X099,91D030926,TB,,,,,GOI TBILL 91D-03/09/26,99.0,99.0,98.95,98.95,98.95,98.95,,98.95,,,700,69275.0,3,F1,100,,,,,
2026-07-13,2026-07-13,CM,NSE,STK,764047,IN002026X149,91D081026,TB,,,,,GOI TBILL 91D-08/10/26,98.2,98.6,98.2,98.5,98.5,97.86,,98.45,,,2800,275430.0,5,F1,100,,,,,
2026-07-13,2026-07-13,CM,NSE,STK,762429,IN002026X024,91D160726,TB,,,,,GOI TBILL 91D-16/07/26,99.85,99.85,99.85,99.85,99.85,99.85,,99.85,,,100,9985.0,1,F1,100,,,,,
2026-07-13,2026-07-13,CM,NSE,STK,753772,IN002026X115,91D170926,TB,,,,,GOI TBILL 91D-17/09/26,98.76,98.76,98.7,98.7,98.7,98.69,,98.7,,,700,69108.0,5,F1,100,,,,,
2026-07-13,2026-07-13,CM,NSE,STK,763525,IN002026X073,91D200826,TB,,,,,GOI TBILL 91D-20/08/26,99.27,99.27,99.05,99.05,99.05,99.05,,99.03,,,1900,188239.0,3,F1,100,,,,,
2026-07-13,2026-07-13,CM,NSE,STK,755746,IN002026X123,91D240926,TB,,,,,GOI TBILL 91D-24/09/26,98.61,98.61,98.61,98.61,98.61,98.15,,98.61,,,400,39444.0,3,F1,100,,,,,
2026-07-13,2026-07-13,CM,NSE,STK,763624,IN002026X081,91D280826,TB,,,,,GOI TBILL 91D-28/08/26,99.12,99.12,99.11,99.11,99.11,99.07,,99.11,,,1100,109026.0,5,F1,100,,,,,
2026-07-13,2026-07-13,CM,NSE,STK,11778,INE887G01027,GOKEX,EQ,,,,,GOKALDAS EXPORTS LTD.,825.0,862.0,816.1,856.8,856.0,832.75,,856.85,,,495600,421543898.75,18751,F1,1,,,,,
2026-07-13,2026-07-13,CM,NSE,STK,14480,INE314T01033,GOKULAGRO,EQ,,,,,GOKUL AGRO RESOURCES LTD,216.5,224.89,213.37,215.4,215.9,217.71,,215.4,,,1089389,238977002.14,20841,F1,1,,,,,
2026-07-13,2026-07-13,CM,NSE,STK,16705,INE020J01029,GOKUL,EQ,,,,,GOKUL REFOILS & SOLV LTD,42.25,42.8,41.25,41.53,41.79,41.72,,41.53,,,149655,6298785.83,656,F1,1,,,,,
2026-07-13,2026-07-13,CM,NSE,STK,11619,INE973A01010,GOLDENTOBC,BZ,,,,,GOLDEN TOBACCO LIMITED,27.2,27.2,25.0,26.08,26.0,25.97,,26.08,,,956,25180.18,30,F1,1,,,,,
2026-07-13,2026-07-13,CM,NSE,STK,11971,INE025B01025,GOLDIAM,EQ,,,,,GOLDIAM INTERNATIONAL LTD,371.0,393.65,365.75,374.55,373.75,378.0,,374.55,,,3231438,1219913283.6,51440,F1,1,,,,,
2026-07-13,2026-07-13,CM,NSE,STK,1,INE405Y01021,GOLDSTAR,SM,,,,,GOLDSTAR POWER LIMITED,7.85,7.85,7.4,7.65,7.65,7.75,,7.65,,,101250,765562.5,8,F1,11250,,,,,
2026-07-13,2026-07-13,CM,NSE,STK,6125,INE127I01024,GOODLUCK,EQ,,,,,GOODLUCK INDIA LIMITED,1573.0,1672.1,1550.5,1629.4,1621.1,1565.9,,1629.5,,,783992,1272249608.7,50836,F1,1,,,,,
2026-07-13,2026-07-13,CM,NSE,STK,1205,INE533A01012,GOODYEAR,EQ,,,,,GOODYEAR INDIA LIMITED,775.55,789.9,763.3,786.3,787.5,779.2,,786.25,,,4547,3559061.2,562,F1,1,,,,,
2026-07-13,2026-07-13,CM,NSE,STK,23066,INE0L9R01028,GOPAL,EQ,,,,,GOPAL SNACKS LIMITED,271.95,271.95,266.3,267.2,266.75,268.85,,267.15,,,71845,19275776.95,2727,F1,1,,,,,
2026-07-13,2026-07-13,CM,NSE,STK,11787,INE705X01026,GOYALALUM,EQ,,,,,GOYAL ALUMINIUMS LIMITED,6.84,6.84,6.56,6.63,6.62,6.65,,6.63,,,72919,486013.62,414,F1,1,,,,,
2026-07-13,2026-07-13,CM,NSE,STK,19356,INE0QFE01017,GOYALSALT,SM,,,,,GOYAL SALT LIMITED,116.5,118.95,115.0,115.65,115.0,118.0,,115.65,,,9000,1049820.0,15,F1,600,,,,,
2026-07-13,2026-07-13,CM,NSE,STK,24113,INE0S7E01015,GPECO,ST,,,,,GP ECO SOLUTIONS INDIA L,433.6,442.0,422.05,433.3,438.8,433.6,,433.3,,,20000,8635010.0,66,F1,200,,,,,
2026-07-13,2026-07-13,CM,NSE,STK,11584,INE586G01017,GULFPETRO,BE,,,,,GP PETROLEUMS LIMITED,38.9,40.0,37.3,39.49,39.49,38.67,,39.19,,,56125,2161886.69,203,F1,1,,,,,
2026-07-13,2026-07-13,CM,NSE,STK,22846,INE486R01017,GPTHEALTH,EQ,,,,,GPT HEALTHCARE LIMITED,156.0,158.11,153.46,156.8,156.42,158.11,,156.8,,,81207,12672321.56,2460,F1,1,,,,,
2026-07-13,2026-07-13,CM,NSE,STK,17685,INE390G01014,GPTINFRA,EQ,,,,,GPT INFRAPROJECTS LTD,123.0,124.0,121.82,122.48,122.77,123.87,,122.48,,,86292,10631887.52,1181,F1,1,,,,,
2026-07-13,2026-07-13,CM,NSE,STK,763301,INE361K01017,GRADIENTE,BE,,,,,GRADIENTE INFOTAINMENT L,3.73,3.73,3.55,3.63,3.7,3.6,,3.63,,,872013,3182070.71,474,F1,1,,,,,
2026-07-13,2026-07-13,CM,NSE,STK,30289,INE12E301017,GCHOTELS,ST,,,,,GRAND CONTINENT HOTELS L,117.5,118.0,113.1,116.9,116.9,118.95,,116.9,,,18600,2153970.0,23,F1,600,,,,,
2026-07-13,2026-07-13,CM,NSE,STK,11079,INE534A01028,GFSTEELS,BE,,,,,GRAND FOUNDRY LTD,14.29,14.29,14.29,14.29,14.29,13.61,,14.29,,,1902,27179.58,9,F1,1,,,,,
2026-07-13,2026-07-13,CM,NSE,STK,762695,INE926B01016,GRANDOAK,EQ,,,,,GRAND OAK CANYONS DIST L,43.19,44.12,43.04,43.49,43.78,45.3,,43.46,,,17613,761646.31,210,F1,1,,,,,
2026-07-13,2026-07-13,CM,NSE,STK,11872,INE101D01020,GRANULES,EQ,,,,,GRANULES INDIA LIMITED,889.85,907.8,885.25,897.65,891.0,889.85,,897.65,,,1173159,1054793961.0,45646,F1,1,,,,,
2026-07-13,2026-07-13,CM,NSE,STK,20454,INE0POU01017,GRAPHISAD,SM,,,,,GRAPHISADS LIMITED,27.5,27.7,27.0,27.5,27.7,26.5,,27.5,,,12000,327240.0,10,F1,1200,,,,,
2026-07-13,2026-07-13,CM,NSE,STK,592,INE371A01025,GRAPHITE,EQ,,,,,GRAPHITE INDIA LTD,609.1,629.6,605.1,626.5,626.55,612.6,,626.5,,,1157541,723537386.5,28781,F1,1,,,,,
2026-07-13,2026-07-13,CM,NSE,STK,1232,INE047A01021,GRASIM,EQ,,,,,GRASIM INDUSTRIES LTD,3202.4,3216.3,3125.2,3144.3,3126.0,3213.6,,3144.2,,,654390,2067178276.9,39626,F1,1,,,,,
2026-07-13,2026-07-13,CM,NSE,STK,5200,INE266D01021,GRAUWEIL,EQ,,,,,GRAUER & WEIL IND LTD,81.9,82.31,79.4,79.89,79.75,81.07,,79.86,,,207885,16837459.12,3356,F1,1,,,,,
2026-07-13,2026-07-13,CM,NSE,STK,762700,INE214F01026,GRAVISSHO,EQ,,,,,GRAVISS HOSPITALITY LTD.,31.15,31.15,29.55,30.8,30.8,31.0,,29.58,,,201,6198.78,11,F1,1,,,,,
2026-07-13,2026-07-13,CM,NSE,STK,20534,INE024L01027,GRAVITA,EQ,,,,,GRAVITA INDIA LIMITED,1860.2,1870.0,1835.0,1846.0,1842.6,1854.6,,1846.0,,,302017,558636458.7,24696,F1,1,,,,,
2026-07-13,2026-07-13,CM,NSE,STK,1235,INE224A01026,GREAVESCOT,EQ,,,,,GREAVES COTTON LTD.,259.52,270.33,258.8,262.17,261.7,263.6,,262.16,,,4321691,1142217660.53,52505,F1,1,,,,,
2026-07-13,2026-07-13,CM,NSE,STK,6848,INE544R01021,GREENLAM,EQ,,,,,GREENLAM INDUSTRIES LTD.,256.9,266.65,252.6,260.95,266.65,257.85,,260.95,,,92871,24057220.35,1881,F1,1,,,,,
2026-07-13,2026-07-13,CM,NSE,STK,759427,INE0PLX01017,GREENLEAF,ST,,,,,GREENLEAF ENVIROTECH LTD,111.6,117.4,110.0,115.6,117.4,111.85,,115.6,,,31000,3576200.0,29,F1,1000,,,,,
2026-07-13,2026-07-13,CM,NSE,STK,13810,INE08ZM01014,GREENPANEL,EQ,,,,,GREENPANEL INDUSTRIES LTD,191.5,199.0,189.3,196.07,195.5,190.63,,196.06,,,186744,36553275.6,5831,F1,1,,,,,
2026-07-13,2026-07-13,CM,NSE,STK,3987,INE461C01038,GREENPLY,EQ,,,,,GREENPLY INDUSTRIES LTD,312.5,319.9,312.0,317.0,317.0,316.75,,317.0,,,119719,37947754.3,2886,F1,1,,,,,
2026-07-13,2026-07-13,CM,NSE,STK,758986,INE199P01028,GCSL,EQ,,,,,GRETEX CORPORATE SERVICES,491.75,514.85,490.6,511.4,508.9,491.75,,511.4,,,448034,225152140.55,4944,F1,1,,,,,
2026-07-13,2026-07-13,CM,NSE,STK,18741,INE985P01012,GRETEX,SM,,,,,GRETEX INDUSTRIES LTD.,291.5,291.5,291.5,291.5,291.5,289.65,,291.5,,,8250,2404875.0,11,F1,750,,,,,
2026-07-13,2026-07-13,CM,NSE,STK,13560,INE536A01023,GRINDWELL,EQ,,,,,GRINDWELL NORTON LIMITED,2050.0,2052.3,1995.1,2034.3,2034.0,2058.6,,2034.3,,,16915,34449421.4,4125,F1,1,,,,,
2026-07-13,2026-07-13,CM,NSE,STK,10871,INE192H01020,GRMOVER,EQ,,,,,GRM OVERSEAS LIMITED,96.0,97.54,94.0,94.73,94.56,97.58,,94.73,,,635297,60552521.25,5252,F1,1,,,,,
2026-07-13,2026-07-13,CM,NSE,STK,760971,INE1TY801010,GJL,ST,,,,,GROVER JEWELLS LIMITED,175.0,175.05,175.0,175.05,175.05,166.75,,175.05,,,43200,7561560.0,5,F1,800,,,,,
2026-07-13,2026-07-13,CM,NSE,STK,760051,INF666M01MM4,GROWWCAPM,EQ,,,,,GROWWAMC - GROWWCAPM,11.7,11.73,11.45,11.68,11.73,11.66,,11.68,,,303182,3529374.75,740,F1,1,,,,,
2026-07-13,2026-07-13,CM,NSE,STK,760673,INF666M01NP5,GROWWCHEM,EQ,,,,,GROWWAMC - GROWWCHEM,29.7,29.86,29.41,29.76,29.79,29.67,,29.76,,,58176,1726022.54,245,F1,1,,,,,
2026-07-13,2026-07-13,CM,NSE,STK,25758,INF666M01IO8,GROWWDEFNC,EQ,,,,,GROWWAMC - GROWWDEFNC,95.65,95.65,93.59,94.41,94.39,95.11,,94.41,,,240060,22609264.84,3782,F1,1,,,,,
2026-07-13,2026-07-13,CM,NSE,STK,24798,INF666M01IH2,GROWWEV,EQ,,,,,GROWWAMC - GROWWEV,31.39,31.4,30.9,31.2,31.4,31.4,,31.2,,,362009,11298414.03,2193,F1,1,,,,,
2026-07-13,2026-07-13,CM,NSE,STK,25872,INF666M01OE7,GROWWGOLD,EQ,,,,,GROWWAMC - GROWWGOLD,13.89,13.89,13.71,13.83,13.85,13.96,,13.83,,,2104813,29067930.82,5048,F1,1,,,,,
2026-07-13,2026-07-13,CM,NSE,STK,760874,INF666M01OD9,GROWWHOSPI,EQ,,,,,GROWWAMC - GROWWHOSPI,55.7,55.7,53.85,54.14,54.16,54.3,,54.14,,,1552372,83909374.41,1906,F1,1,,,,,
2026-07-13,2026-07-13,CM,NSE,STK,25447,INF666M01IP5,GROWWLIQID,EQ,,,,,GROWWAMC - GROWWLIQID,109.89,109.89,109.88,109.88,109.89,109.87,,109.88,,,178022,19561620.89,237,F1,1,,,,,
2026-07-13,2026-07-13,CM,NSE,STK,758300,INF666M01LB9,GROWWLOVOL,EQ,,,,,GROWWAMC - GROWWLOVOL,10.3,10.39,10.05,10.37,10.39,10.28,,10.37,,,17894,184725.95,167,F1,1,,,,,
2026-07-13,2026-07-13,CM,NSE,STK,759719,INF666M01MV5,GROWWMC150,EQ,,,,,GROWWAMC - GROWWMC150,231.5,233.25,227.5,231.35,231.35,231.52,,231.35,,,1154,267987.94,37,F1,1,,,,,
2026-07-13,2026-07-13,CM,NSE,STK,760438,INF666M01NI0,GROWWMETAL,EQ,,,,,GROWWAMC - GROWWMETAL,12.08,12.08,11.86,12.03,12.07,12.08,,12.03,,,251244,3014538.05,1970,F1,1,,,,,
2026-07-13,2026-07-13,CM,NSE,STK,756086,INF666M01KJ4,GROWWMOM50,EQ,,,,,GROWWAMC - GROWWMOM50,10.85,10.85,10.63,10.67,10.72,10.75,,10.67,,,259810,2772871.17,644,F1,1,,,,,
2026-07-13,2026-07-13,CM,NSE,STK,29872,INF666M01JV1,GROWWN200,EQ,,,,,GROWWAMC - GROWWN200,11.39,11.4,11.21,11.39,11.4,11.36,,11.39,,,87424,994684.41,354,F1,1,,,,,
2026-07-13,2026-07-13,CM,NSE,STK,757814,INF666M01LI4,GROWWNET,EQ,,,,,GROWWAMC - GROWWNET,10.02,10.09,9.84,10.05,10.09,10.02,,10.05,,,270542,2714089.37,768,F1,1,,,,,
2026-07-13,2026-07-13,CM,NSE,STK,758697,INF666M01LL8,GROWWNIFTY,EQ,,,,,GROWWAMC - GROWWNIFTY,9.98,9.98,9.61,9.76,9.77,9.74,,9.76,,,876505,8537676.36,9556,F1,1,,,,,
2026-07-13,2026-07-13,CM,NSE,STK,759458,INF666M01LZ8,GROWWNXT50,EQ,,,,,GROWWAMC - GROWWNXT50,72.41,72.8,71.42,72.58,72.56,72.46,,72.58,,,6711,485228.52,138,F1,1,,,,,
2026-07-13,2026-07-13,CM,NSE,STK,758165,INF666M01LM6,GROWWPOWER,EQ,,,,,GROWWAMC - GROWWPOWER,12.12,12.37,11.68,11.75,11.77,11.83,,11.75,,,2016416,23746203.36,3121,F1,1,,,,,
2026-07-13,2026-07-13,CM,NSE,STK,760976,INF666M01NQ3,GROWWPSE,EQ,,,,,GROWWAMC - GROWWPSE,100.48,100.48,98.24,99.71,100.45,99.6,,99.71,,,4910,487042.8,62,F1,1,,,,,
2026-07-13,2026-07-13,CM,NSE,STK,761514,INF666M01OG2,GROWWPSUBK,EQ,,,,,GROWWAMC - GROWWPSUBK,84.5,85.22,82.22,84.64,84.57,84.52,,84.64,,,11225,947499.81,154,F1,1,,,,,
2026-07-13,2026-07-13,CM,NSE,STK,29527,INF666M01JJ6,GROWWRAIL,EQ,,,,,GROWWAMC - GROWWRAIL,29.08,29.08,28.6,28.88,28.9,28.85,,28.88,,,423395,12194044.73,2452,F1,1,,,,,
2026-07-13,2026-07-13,CM,NSE,STK,759428,INF666M01MN2,GROWWRLTY,EQ,,,,,GROWWAMC - GROWWRLTY,10.45,10.56,10.18,10.5,10.56,10.45,,10.5,,,473864,4946535.34,824,F1,1,,,,,
2026-07-13,2026-07-13,CM,NSE,STK,759522,INF666M01MO0,GROWWSC250,EQ,,,,,GROWWAMC - GROWWSC250,10.55,10.97,10.34,10.45,10.46,10.43,,10.45,,,350594,3674219.15,685,F1,1,,,,,
2026-07-13,2026-07-13,CM,NSE,STK,756827,INF666M01OF4,GROWWSLVR,EQ,,,,,GROWWAMC - GROWWSLVR,21.04,21.35,20.95,21.26,21.29,21.39,,21.26,,,1924235,40659870.9,4002,F1,1,,,,,
2026-07-13,2026-07-13,CM,NSE,STK,763572,INF666M01OT5,PVTBKGROWW,EQ,,,,,GROWWAMC - PVTBKGROWW,28.4,28.4,27.86,28.26,28.33,28.14,,28.26,,,23834,669371.7,139,F1,1,,,,,
2026-07-13,2026-07-13,CM,NSE,STK,751745,INF666M01PG9,SMALLGROWW,EQ,,,,,GROWWAMC - SMALLGROWW,47.65,48.47,46.58,47.74,47.65,47.5,,47.74,,,30946,1472998.58,160,F1,1,,,,,
2026-07-13,2026-07-13,CM,NSE,STK,6543,INE137I01015,GRPLTD,EQ,,,,,GRP LIMITED,1901.5,1920.0,1890.0,1901.8,1910.0,1922.0,,1901.8,,,475,904223.3,147,F1,1,,,,,
2026-07-13,2026-07-13,CM,NSE,STK,23888,INE0SQY01018,GSMFOILS,SM,,,,,GSM FOILS LIMITED,266.0,270.25,261.25,267.35,268.6,261.45,,267.35,,,62500,16697550.0,113,F1,500,,,,,
2026-07-13,2026-07-13,CM,NSE,STK,762239,INE713R01022,GSPCROP,EQ,,,,,GSP CROP SCIENCE LIMITED,413.4,437.5,403.05,431.95,436.0,410.75,,431.9,,,289295,124400088.0,6886,F1,1,,,,,
2026-07-13,2026-07-13,CM,NSE,STK,15351,INE871H01011,GSS,BE,,,,,GSS INFOTECH LIMITED,12.75,12.88,12.35,12.68,12.7,12.5,,12.68,,,23132,288241.94,61,F1,1,,,,,
2026-07-13,2026-07-13,CM,NSE,STK,13745,INE221H01019,GTLINFRA,EQ,,,,,GTL INFRA.LTD,1.33,1.35,1.3,1.31,1.31,1.33,,1.31,,,32922567,43489062.64,13324,F1,1,,,,,
2026-07-13,2026-07-13,CM,NSE,STK,1162,INE043A01012,GTL,EQ,,,,,GTL LTD,7.45,7.45,7.19,7.28,7.35,7.36,,7.28,,,310630,2264859.9,881,F1,1,,,,,
2026-07-13,2026-07-13,CM,NSE,STK,21195,INE869I01013,GTPL,EQ,,,,,GTPL HATHWAY LIMITED,61.6,61.6,59.61,60.22,60.3,61.31,,60.22,,,66198,3989897.79,1617,F1,1,,,,,
2026-07-13,2026-07-13,CM,NSE,STK,11606,INE742B01025,GUFICBIO,EQ,,,,,GUFIC BIOSCIENCES LTD.,394.5,404.95,389.2,400.25,401.5,392.4,,400.25,,,228319,90953782.3,10497,F1,1,,,,,
2026-07-13,2026-07-13,CM,NSE,STK,1145,INE162A01010,GIPCL,EQ,,,,,GUJ IND POW CO. LTD,163.01,172.8,162.11,166.81,166.0,164.05,,166.81,,,1270973,214467721.67,13982,F1,1,,,,,
2026-07-13,2026-07-13,CM,NSE,STK,1174,INE113A01013,GNFC,EQ,,,,,GUJ NAR VAL FER & CHEM L,498.55,504.2,494.6,502.65,502.5,502.45,,502.45,,,295791,147894983.65,11140,F1,1,,,,,
2026-07-13,2026-07-13,CM,NSE,STK,1247,INE026A01025,GSFC,EQ,,,,,GUJ STATE FERT & CHEM LTD,160.15,162.49,159.7,161.7,162.4,160.9,,161.7,,,405830,65431223.44,6140,F1,1,,,,,
2026-07-13,2026-07-13,CM,NSE,STK,14677,INE826C01016,GUJAPOLLO,EQ,,,,,GUJ. APOLLO IND. LTD.,371.9,375.0,363.6,371.05,366.0,368.6,,370.95,,,5124,1889162.85,498,F1,1,,,,,
2026-07-13,2026-07-13,CM,NSE,STK,1267,INE186A01019,GUJALKALI,EQ,,,,,GUJARAT ALKALIES & CHEM,599.95,644.3,590.3,610.5,612.0,588.5,,610.5,,,220340,137148184.1,9198,F1,1,,,,,
2026-07-13,2026-07-13,CM,NSE,STK,8828,INE036B01030,GAEL,EQ,,,,,GUJARAT AMBUJA EXPORTS LT,153.5,154.7,146.49,149.09,150.2,154.29,,149.09,,,2127998,318652624.62,21289,F1,1,,,,,
2026-07-13,2026-07-13,CM,NSE,STK,10603,INE844O01030,GUJENERGY,BE,,,,,GUJARAT ENERGY LIMITED,287.7,289.7,286.0,286.95,286.9,289.7,,286.95,,,186178,53425222.85,16232,F1,1,,,,,
2026-07-13,2026-07-13,CM,NSE,STK,13750,INE09N301011,FLUOROCHEM,EQ,,,,,GUJARAT FLUOROCHEM LTD,3941.5,3941.5,3872.5,3899.3,3895.0,3941.5,,3899.3,,,112109,437538368.0,11015,F1,1,,,,,
2026-07-13,2026-07-13,CM,NSE,STK,761197,INE0V0W01025,GKSL,EQ,,,,,GUJARAT KIDNEY N SUP SP L,132.54,138.49,130.75,133.9,134.0,132.55,,133.9,,,646921,87731082.78,6443,F1,1,,,,,
2026-07-13,2026-07-13,CM,NSE,STK,8412,INE540A01017,GLFL,BE,,,,,GUJARAT LEASE FINANCING L,5.9,5.9,5.79,5.79,5.79,5.9,,6.25,,,556,3269.4,7,F1,1,,,,,
2026-07-13,2026-07-13,CM,NSE,STK,5204,INE131A01031,GMDCLTD,EQ,,,,,GUJARAT MINERAL DEV CORP,584.0,596.1,581.35,589.55,590.7,589.75,,589.55,,,713078,420589118.5,19571,F1,1,,,,,
2026-07-13,2026-07-13,CM,NSE,STK,762690,INE207H01018,GNRL,EQ,,,,,GUJARAT NATURAL RES L,102.9,104.0,100.7,101.12,101.3,102.39,,101.12,,,101734,10387083.31,3671,F1,1,,,,,
2026-07-13,2026-07-13,CM,NSE,STK,19731,INE517F01014,GPPL,EQ,,,,,GUJARAT PIPAVAV PORT LTD,155.0,155.89,153.3,155.56,155.8,154.3,,155.56,,,1311079,203412530.24,13589,F1,1,,,,,
2026-07-13,2026-07-13,CM,NSE,STK,4548,INE610B01024,GUJRAFFIA,EQ,,,,,GUJARAT RAFFIA INDUST LTD,40.8,40.8,37.32,38.0,37.33,38.97,,38.09,,,6557,257506.38,75,F1,1,,,,,
2026-07-13,2026-07-13,CM,NSE,STK,29731,INE942C01045,GUJTHEM,EQ,,,,,GUJARAT THEMIS BIOSYN LTD,376.95,395.35,371.55,381.95,382.0,378.95,,381.9,,,121884,47338687.3,3379,F1,1,,,,,
2026-07-13,2026-07-13,CM,NSE,STK,4391,INE635Q01029,GULFOILLUB,EQ,,,,,GULF OIL LUB. IND. LTD.,1044.6,1049.8,1031.3,1044.6,1048.0,1046.8,,1044.6,,,36761,38257833.9,5054,F1,1,,,,,
2026-07-13,2026-07-13,CM,NSE,STK,6286,INE255D01024,GULPOLY,EQ,,,,,GULSHAN POLYOLS LIMITED,190.99,194.44,187.61,192.17,192.55,190.06,,192.17,,,126869,24268405.67,2908,F1,1,,,,,
2026-07-13,2026-07-13,CM,NSE,STK,759264,INE1CCX01012,GURUNANAK,ST,,,,,GURUNANAK AGRICULTUR IN L,42.0,44.05,42.0,42.6,44.05,42.0,,42.6,,,8000,340720.0,4,F1,1600,,,,,
2026-07-13,2026-07-13,CM,NSE,STK,13229,INE251H01024,GVKPIL,BE,,,,,GVK POW. & INFRA LTD.,2.49,2.49,2.45,2.45,2.45,2.49,,2.45,,,873201,2143261.65,1020,F1,1,,,,,
2026-07-13,2026-07-13,CM,NSE,STK,10865,INE382T01030,GVPTECH,EQ,,,,,GVP INFOTECH LIMITED,6.86,6.93,6.8,6.8,6.8,6.86,,6.8,,,63999,438470.55,292,F1,1,,,,,
2026-07-13,2026-07-13,CM,NSE,STK,764050,INE724A01017,GYFTR,EQ,,,,,GYFTR LIMITED,173.7,173.7,162.1,164.52,165.2,169.21,,164.75,,,15771,2658988.64,540,F1,1,,,,,
2026-07-13,2026-07-13,CM,NSE,STK,762712,INE640B01021,HBESD,EQ,,,,,H B ESTATE DEVELOPERS L,73.62,75.14,73.62,75.0,74.5,75.12,,74.99,,,1145,85127.17,24,F1,1,,,,,
2026-07-13,2026-07-13,CM,NSE,STK,1672,INE926X01010,HGINFRA,EQ,,,,,H.G.INFRA ENGINEERING LTD,555.05,584.0,553.55,568.05,567.0,563.65,,568.1,,,301361,172311343.95,12497,F1,1,,,,,
2026-07-13,2026-07-13,CM,NSE,STK,760715,INE115S01010,HALDER,EQ,,,,,HALDER VENTURE LIMITED,230.08,232.33,212.6,227.74,230.0,233.55,,227.14,,,26672,6067102.08,291,F1,1,,,,,
2026-07-13,2026-07-13,CM,NSE,STK,762708,INE506D01020,HALDYNGL,BE,,,,,HALDYN GLASS LTD.,119.97,124.06,115.11,122.95,123.0,118.16,,122.9,,,24971,3005893.9,225,F1,1,,,,,
2026-07-13,2026-07-13,CM,NSE,STK,21551,INE320X01016,HALEOSLABS,EQ,,,,,HALEOS LABS LIMITED,1640.0,1640.0,1550.0,1587.3,1550.0,1596.6,,1585.7,,,1137,1822836.8,166,F1,1,,,,,
2026-07-13,2026-07-13,CM,NSE,STK,13592,INE596H01014,HGM,EQ,,,,,HANDSON GBL MNGMNT LTD,50.98,51.49,49.5,51.26,50.01,49.81,,50.93,,,1925,97018.05,52,F1,1,,,,,
2026-07-13,2026-07-13,CM,NSE,STK,48,INE419U01012,HAPPSTMNDS,EQ,,,,,HAPPIEST MINDS TECHNO LTD,384.0,419.9,378.1,407.55,407.45,386.3,,407.55,,,9034683,3677248191.95,149557,F1,1,,,,,
2026-07-13,2026-07-13,CM,NSE,STK,20854,INE330T01021,HAPPYFORGE,EQ,,,,,HAPPY FORGINGS LIMITED,1582.3,1600.0,1555.2,1593.0,1599.9,1582.3,,1592.9,,,49564,78484953.7,5362,F1,1,,,,,
2026-07-13,2026-07-13,CM,NSE,STK,757668,INE0TLP01015,WHITEFORCE,ST,,,,,HAPPY SQUARE OUTSOURC S L,40.25,40.25,40.25,40.25,40.25,42.35,,40.25,,,1600,64400.0,1,F1,1600,,,,,
2026-07-13,2026-07-13,CM,NSE,STK,8962,INE626Z01029,HARDWYN,EQ,,,,,HARDWYN INDIA LIMITED,24.6,25.14,23.99,24.12,24.02,24.72,,24.12,,,3982168,97134268.18,3956,F1,1,,,,,
2026-07-13,2026-07-13,CM,NSE,STK,8968,INE00EV01017,HARIOMPIPE,EQ,,,,,HARIOM PIPE INDUSTRIES L,376.3,388.95,376.3,381.95,382.0,383.55,,381.95,,,115256,44043050.2,3078,F1,1,,,,,
2026-07-13,2026-07-13,CM,NSE,STK,1313,INE544A01019,HARRMALAYA,EQ,,,,,HARRISON MALAYALAM LTD,203.0,224.0,199.38,221.24,221.5,203.12,,221.22,,,81212,17650108.96,2661,F1,1,,,,,
2026-07-13,2026-07-13,CM,NSE,STK,11162,INE0JUS01029,HARSHA,EQ,,,,,HARSHA ENGINEERS INT LTD,427.7,432.0,421.0,422.45,422.8,427.7,,422.45,,,136728,58236892.3,4889,F1,1,,,,,
2026-07-13,2026-07-13,CM,NSE,STK,18154,INE982F01036,HATHWAY,EQ,,,,,HATHWAY CABLE & DATACOM,10.91,11.43,10.8,11.24,11.3,11.03,,11.26,,,3345998,37554355.95,4628,F1,1,,,,,
2026-07-13,2026-07-13,CM,NSE,STK,3892,INE473B01035,HATSUN,EQ,,,,,HATSUN AGRO PRODUCT LTD.,903.25,910.15,897.0,901.9,902.0,903.2,,901.9,,,100999,91141513.0,4517,F1,1,,,,,
2026-07-13,2026-07-13,CM,NSE,STK,9819,INE176B01034,HAVELLS,EQ,,,,,HAVELLS INDIA LIMITED,1180.9,1187.9,1161.6,1178.8,1180.0,1188.4,,1178.8,,,2184918,2572985677.6,53502,F1,1,,,,,
2026-07-13,2026-07-13,CM,NSE,STK,4444,INE979B01015,HAWKINCOOK,EQ,,,,,HAWKINS COOKERS LTD,8858.0,8990.0,8755.5,8957.0,8990.0,8878.5,,8954.0,,,1493,13275837.0,726,F1,1,,,,,
2026-07-13,2026-07-13,CM,NSE,STK,4118,INE550B01022,HBSL,BE,,,,,HB STOCKHOLDINGS LIMITED,51.49,51.49,49.0,49.39,49.0,51.49,,49.41,,,4121,204621.54,108,F1,1,,,,,
2026-07-13,2026-07-13,CM,NSE,STK,13966,INE292B01021,HBLENGINE,EQ,,,,,HBL ENGINEERING LTD,760.0,770.95,756.2,766.2,767.0,765.85,,766.2,,,731130,558838758.0,24646,F1,1,,,,,
2026-07-13,2026-07-13,CM,NSE,STK,1327,INE236A01020,HCL-INSYS,EQ,,,,,HCL INFOSYSTEMS LTD,11.9,12.09,11.85,11.97,11.97,11.89,,11.97,,,127914,1531759.42,666,F1,1,,,,,
2026-07-13,2026-07-13,CM,NSE,STK,7229,INE860A01027,HCLTECH,EQ,,,,,HCL TECHNOLOGIES LTD,1162.0,1237.0,1162.0,1221.2,1224.0,1164.1,,1221.2,,,9028077,10935703487.4,214773,F1,1,,,,,
2026-07-13,2026-07-13,CM,NSE,STK,757772,INE756I01012,HDBFS,EQ,,,,,HDB FINANCIAL SERVICES L,749.0,758.95,743.0,756.25,751.7,755.45,,756.25,,,498426,375065216.4,22443,F1,1,,,,,
2026-07-13,2026-07-13,CM,NSE,STK,4244,INE127D01025,HDFCAMC,EQ,,,,,HDFC AMC LIMITED,2751.0,2758.2,2681.0,2749.0,2741.0,2761.2,,2749.0,,,914005,2485440104.9,53909,F1,1,,,,,
2026-07-13,2026-07-13,CM,NSE,STK,1333,INE040A01034,HDFCBANK,EQ,,,,,HDFC BANK LTD,817.0,821.95,811.0,817.95,817.5,824.95,,817.95,,,21741736,17778697986.0,242082,F1,1,,,,,
2026-07-13,2026-07-13,CM,NSE,STK,19543,INF179KC1981,HDFCGOLD,EQ,,,,,HDFC GOLD ETF,121.0,121.49,120.0,120.73,120.79,122.08,,120.73,,,3610457,435624822.21,16199,F1,1,,,,,
2026-07-13,2026-07-13,CM,NSE,STK,467,INE795G01014,HDFCLIFE,EQ,,,,,HDFC LIFE INS CO LTD,563.0,577.0,563.0,573.4,573.5,567.7,,573.4,,,2309255,1320532827.6,46610,F1,1,,,,,
2026-07-13,2026-07-13,CM,NSE,STK,14230,INF179KC1EZ4,HDFCBSE500,EQ,,,,,HDFCAMC - HDFCBSE500,37.95,38.14,37.05,37.78,38.14,37.4,,37.78,,,511629,19170891.55,304,F1,1,,,,,
2026-07-13,2026-07-13,CM,NSE,STK,11241,INF179KC1DJ0,HDFCGROWTH,EQ,,,,,HDFCAMC - HDFCGROWTH,114.44,115.58,113.45,115.46,115.55,114.35,,115.48,,,12480,1434890.09,196,F1,1,,,,,
2026-07-13,2026-07-13,CM,NSE,STK,18279,INF179KC1JG3,HDFCLIQUID,EQ,,,,,HDFCAMC - HDFCLIQUID,1068.9,1069.05,1068.9,1069.04,1069.05,1068.9,,1069.04,,,115448,123419350.85,78,F1,1,,,,,
2026-07-13,2026-07-13,CM,NSE,STK,11547,INF179KC1HU8,HDFCLOWVOL,EQ,,,,,HDFCAMC - HDFCLOWVOL,20.52,20.65,20.44,20.64,20.65,20.54,,20.64,,,4437,91379.18,100,F1,1,,,,,
2026-07-13,2026-07-13,CM,NSE,STK,14236,INF179KC1HT0,HDFCMID150,EQ,,,,,HDFCAMC - HDFCMID150,23.85,23.85,23.18,23.47,23.62,23.46,,23.47,,,479063,11199671.41,1846,F1,1,,,,,
2026-07-13,2026-07-13,CM,NSE,STK,11538,INF179KC1HV6,HDFCMOMENT,EQ,,,,,HDFCAMC - HDFCMOMENT,30.83,30.95,30.55,30.88,30.95,30.84,,30.88,,,198712,6129222.81,637,F1,1,,,,,
2026-07-13,2026-07-13,CM,NSE,STK,10619,INF179KC1HS2,HDFCNEXT50,EQ,,,,,HDFCAMC - HDFCNEXT50,73.59,73.89,72.7,73.5,73.46,73.8,,73.49,,,299114,21926463.24,1209,F1,1,,,,,
2026-07-13,2026-07-13,CM,NSE,STK,10633,INF179KC1HR4,HDFCNIF100,EQ,,,,,HDFCAMC - HDFCNIF100,26.08,26.23,25.82,26.11,26.14,26.08,,26.11,,,34636,901825.5,444,F1,1,,,,,
2026-07-13,2026-07-13,CM,NSE,STK,22433,INF179KC1HY0,HDFCNIFBAN,EQ,,,,,HDFCAMC - HDFCNIFBAN,59.04,59.83,59.02,59.72,59.73,59.66,,59.72,,,3467401,206728374.33,786,F1,1,,,,,
2026-07-13,2026-07-13,CM,NSE,STK,12101,INF179KC1IA8,HDFCNIFIT,EQ,,,,,HDFCAMC - HDFCNIFIT,29.87,31.2,29.81,30.91,30.7,29.87,,30.91,,,450656,13850497.73,636,F1,1,,,,,
2026-07-13,2026-07-13,CM,NSE,STK,11591,INF179KC1965,HDFCNIFTY,EQ,,,,,HDFCAMC - HDFCNIFTY,278.97,278.97,269.34,272.28,272.05,272.17,,272.29,,,42269,11478966.89,1033,F1,1,,,,,
2026-07-13,2026-07-13,CM,NSE,STK,12108,INF179KC1HZ7,HDFCPVTBAN,EQ,,,,,HDFCAMC - HDFCPVTBAN,28.75,28.75,28.35,28.7,28.74,28.61,,28.7,,,531488,15198444.05,499,F1,1,,,,,
2026-07-13,2026-07-13,CM,NSE,STK,11255,INF179KC1DL6,HDFCQUAL,EQ,,,,,HDFCAMC - HDFCQUAL,57.08,57.39,56.56,57.21,57.39,57.08,,57.11,,,9240,527792.39,154,F1,1,,,,,
2026-07-13,2026-07-13,CM,NSE,STK,11593,INF179KC1HX2,HDFCSENSEX,EQ,,,,,HDFCAMC - HDFCSENSEX,86.82,88.4,86.82,87.91,88.4,87.71,,87.9,,,27096,2376425.61,747,F1,1,,,,,
2026-07-13,2026-07-13,CM,NSE,STK,10876,INF179KC1DI2,HDFCSILVER,EQ,,,,,HDFCAMC - HDFCSILVER,206.85,208.25,201.51,207.6,207.59,208.96,,207.6,,,3519119,727014430.2,19541,F1,1,,,,,
2026-07-13,2026-07-13,CM,NSE,STK,14233,INF179KC1FB2,HDFCSML250,EQ,,,,,HDFCAMC - HDFCSML250,183.5,183.5,180.6,183.23,183.2,182.6,,183.23,,,1941302,354590654.35,12485,F1,1,,,,,
2026-07-13,2026-07-13,CM,NSE,STK,11260,INF179KC1DK8,HDFCVALUE,EQ,,,,,HDFCAMC - HDFCVALUE,126.8,127.93,126.73,127.84,127.53,126.91,,127.84,,,3970,504977.96,90,F1,1,,,,,
2026-07-13,2026-07-13,CM,NSE,STK,22595,INF179KC1HW4,HDFCPSUBK,EQ,,,,,HDFCAMC HDFCPSUBK,86.66,86.66,83.4,85.53,85.42,85.41,,85.53,,,667078,56917944.1,744,F1,1,,,,,
2026-07-13,2026-07-13,CM,NSE,STK,19205,INE759V01019,HEADSUP,EQ,,,,,HEADS UP VENTURES LIMITED,6.87,6.98,6.76,6.91,6.97,6.87,,6.91,,,3629,24945.86,84,F1,1,,,,,
2026-07-13,2026-07-13,CM,NSE,STK,20063,INE019J01013,HEALTHX,EQ,,,,,HEALTH X PLATFORM LIMITED,322.1,342.0,318.1,337.6,335.5,323.3,,337.6,,,15389,5138786.25,898,F1,1,,,,,
2026-07-13,2026-07-13,CM,NSE,STK,15555,INE075I01017,HCG,EQ,,,,,HEALTHCARE GLOB. ENT. LTD,670.0,682.0,663.25,678.85,679.0,666.4,,678.85,,,134003,90629130.45,12032,F1,1,,,,,
2026-07-13,2026-07-13,CM,NSE,STK,7425,INE558R01013,HECPROJECT,EQ,,,,,HEC INFRA PROJECTS LTD,129.45,132.65,126.41,128.69,128.97,129.37,,128.69,,,8470,1098202.01,315,F1,1,,,,,
2026-07-13,2026-07-13,CM,NSE,STK,1336,INE545A01024,HEG,EQ,,,,,HEG LTD,541.0,577.5,538.0,575.4,577.0,545.05,,575.4,,,3683927,2085278956.05,61656,F1,1,,,,,
2026-07-13,2026-07-13,CM,NSE,STK,2316,INE578A01017,HEIDELBERG,EQ,,,,,HEIDELBERGCEMENT (I) LTD,157.06,158.0,156.52,157.08,157.24,157.55,,157.07,,,35056,5511732.67,921,F1,1,,,,,
2026-07-13,2026-07-13,CM,NSE,STK,701,INE0AJG01018,HEMIPROP,EQ,,,,,HEMISPHERE PROP IND LTD,138.0,141.2,137.42,139.8,139.62,138.93,,139.8,,,385346,53870839.7,3307,F1,1,,,,,
2026-07-13,2026-07-13,CM,NSE,STK,2614,INE694N01015,HERANBA,EQ,,,,,HERANBA INDUSTRIES LTD,181.2,187.58,180.41,183.25,184.4,182.87,,183.25,,,30992,5707685.76,979,F1,1,,,,,
2026-07-13,2026-07-13,CM,NSE,STK,4598,INE978A01027,HERITGFOOD,EQ,,,,,HERITAGE FOODS LTD,335.1,346.3,333.3,337.05,338.0,336.65,,337.05,,,358143,121351046.5,5366,F1,1,,,,,
2026-07-13,2026-07-13,CM,NSE,STK,1348,INE158A01026,HEROMOTOCO,EQ,,,,,HERO MOTOCORP LIMITED,4917.6,4967.0,4871.0,4952.1,4955.4,4949.1,,4952.1,,,508201,2503608979.3,56317,F1,1,,,,,
2026-07-13,2026-07-13,CM,NSE,STK,7048,INE782E01017,HESTERBIO,EQ,,,,,HESTER BIOSCIENCES LTD,2110.0,2545.0,2110.0,2545.0,2545.0,2120.9,,2544.9,,,482367,1202533504.1,18328,F1,1,,,,,
2026-07-13,2026-07-13,CM,NSE,STK,27008,INE750M01017,HEXATRADEX,EQ,,,,,HEXA TRADEX LIMITED,159.7,164.0,159.05,161.35,163.99,158.22,,161.38,,,6669,1082751.39,257,F1,1,,,,,
2026-07-13,2026-07-13,CM,NSE,STK,750089,INE0JUI01012,HEXAGON,EQ,,,,,HEXAGON NUTRITION LIMITED,72.09,78.0,71.55,76.16,76.7,71.75,,76.24,,,4756376,359251268.7,25998,F1,1,,,,,
2026-07-13,2026-07-13,CM,NSE,STK,29666,INE093A01041,HEXT,EQ,,,,,HEXAWARE TECHNOLOGIES LTD,548.7,574.95,545.05,566.2,563.15,550.25,,566.2,,,888478,504599494.55,31340,F1,1,,,,,
2026-07-13,2026-07-13,CM,NSE,STK,21951,INE548A01028,HFCL,EQ,,,,,HFCL LIMITED,214.04,218.79,211.5,214.63,213.4,217.25,,214.62,,,11156951,2398588527.6,56943,F1,1,,,,,
2026-07-13,2026-07-13,CM,NSE,STK,18794,INE0PIC01017,HIGREEN,SM,,,,,HI GREEN CARBON LIMITED,142.25,143.35,137.5,138.0,138.9,141.95,,138.0,,,23200,3241600.0,29,F1,800,,,,,
2026-07-13,2026-07-13,CM,NSE,STK,2868,INE106T01025,HITECH,EQ,,,,,HI-TECH PIPES LIMITED,86.0,89.89,85.53,89.12,88.55,86.93,,89.12,,,817695,72439877.18,5067,F1,1,,,,,
2026-07-13,2026-07-13,CM,NSE,STK,759104,INE00RL01028,HILINFRA,BE,,,,,HIGHWAY INFRASTRUCTURE L,45.64,45.8,45.05,45.3,45.37,45.64,,45.29,,,35264,1604228.95,334,F1,1,,,,,
2026-07-13,2026-07-13,CM,NSE,STK,9668,INE475B01022,HIKAL,EQ,,,,,HIKAL LIMITED,244.0,252.8,241.53,245.69,244.0,244.75,,245.7,,,1309299,324673432.74,18185,F1,1,,,,,
2026-07-13,2026-07-13,CM,NSE,STK,14631,INE788H01017,HILTON,BE,,,,,HILTON METAL FORGING LTD,23.45,23.45,22.25,22.3,22.53,23.22,,22.3,,,230984,5172710.25,336,F1,1,,,,,
2026-07-13,2026-07-13,CM,NSE,STK,14334,INE019C01026,HSCL,EQ,,,,,HIMADRI SPECIALITY CHEM L,658.6,669.8,653.0,663.1,661.9,660.45,,663.1,,,4418989,2933637461.1,43500,F1,1,,,,,
2026-07-13,2026-07-13,CM,NSE,STK,1360,INE049A01027,HIMATSEIDE,EQ,,,,,HIMATSINGKA SEIDE LTD,85.8,90.84,85.2,89.11,90.79,86.67,,89.17,,,1368486,121032692.22,6909,F1,1,,,,,
2026-07-13,2026-07-13,CM,NSE,STK,13890,INE835D01023,HIRECT,EQ,,,,,HIND RECTIFIER LIMITED,1044.6,1078.5,1034.9,1052.7,1056.0,1055.1,,1052.7,,,33785,35727393.9,2920,F1,1,,,,,
2026-07-13,2026-07-13,CM,NSE,STK,1363,INE038A01020,HINDALCO,EQ,,,,,HINDALCO  INDUSTRIES  LTD,963.1,971.7,956.45,966.85,965.05,967.45,,966.85,,,4070887,3920041099.55,149429,F1,1,,,,,
2026-07-13,2026-07-13,CM,NSE,STK,4924,INE642Y01029,HINDCON,BE,,,,,HINDCON CHEMICALS LIMITED,22.0,22.13,21.06,21.4,21.41,21.13,,21.4,,,4810,103036.24,67,F1,1,,,,,
2026-07-13,2026-07-13,CM,NSE,STK,11796,INE05X901010,HPIL,EQ,,,,,HINDPRAKASH INDUSTRY LTD,123.5,123.51,120.0,121.14,121.2,123.59,,121.1,,,770,93748.43,25,F1,1,,,,,
2026-07-13,2026-07-13,CM,NSE,STK,14712,INE170I01016,HGS,EQ,,,,,HINDUJA GLOBAL SOLS. LTD.,412.1,430.0,412.1,417.4,421.0,413.25,,417.4,,,22598,9492959.3,1348,F1,1,,,,,
2026-07-13,2026-07-13,CM,NSE,STK,2303,INE066F01020,HAL,EQ,,,,,HINDUSTAN AERONAUTICS LTD,4498.7,4521.7,4438.0,4511.3,4508.1,4506.8,,4511.3,,,569353,2556094289.8,47223,F1,1,,,,,
2026-07-13,2026-07-13,CM,NSE,STK,1372,INE310C01029,HINDCOMPOS,EQ,,,,,HINDUSTAN COMPOSITES LTD.,436.0,441.0,429.0,437.3,439.9,437.9,,437.3,,,2937,1281970.8,268,F1,1,,,,,
2026-07-13,2026-07-13,CM,NSE,STK,1375,INE549A01026,HCC,EQ,,,,,HINDUSTAN CONSTRUCTION CO,23.59,24.16,23.31,23.77,23.78,23.89,,23.77,,,22787237,541712323.26,22996,F1,1,,,,,
2026-07-13,2026-07-13,CM,NSE,STK,17939,INE531E01026,HINDCOPPER,EQ,,,,,HINDUSTAN COPPER LTD,491.0,500.0,490.0,497.95,497.85,498.65,,497.95,,,1552446,769649936.05,32196,F1,1,,,,,
2026-07-13,2026-07-13,CM,NSE,STK,12173,INE254N01026,HNDFDS,EQ,,,,,HINDUSTAN FOODS LIMITED,574.95,594.0,565.2,571.3,572.0,569.55,,571.25,,,173299,100265875.2,14152,F1,1,,,,,
2026-07-13,2026-07-13,CM,NSE,STK,19211,INE871K01015,HMVL,EQ,,,,,HINDUSTAN MEDIA VENT LTD,90.59,91.28,88.1,89.27,88.15,90.6,,89.27,,,46824,4219917.47,892,F1,1,,,,,
2026-07-13,2026-07-13,CM,NSE,STK,1403,INE345A01011,HINDOILEXP,EQ,,,,,HINDUSTAN OIL EXPLORATION,154.1,157.3,152.66,154.34,154.59,153.69,,154.34,,,502470,77752126.99,4246,F1,1,,,,,
2026-07-13,2026-07-13,CM,NSE,STK,1406,INE094A01015,HINDPETRO,EQ,,,,,HINDUSTAN PETROLEUM CORP,388.25,394.15,385.55,391.6,391.5,395.3,,391.6,,,7267088,2836181499.5,78395,F1,1,,,,,
2026-07-13,2026-07-13,CM,NSE,STK,1394,INE030A01027,HINDUNILVR,EQ,,,,,HINDUSTAN UNILEVER LTD.,2143.0,2143.0,2120.0,2130.6,2133.9,2150.6,,2130.6,,,1833988,3904130063.0,54715,F1,1,,,,,
2026-07-13,2026-07-13,CM,NSE,STK,1424,INE267A01025,HINDZINC,EQ,,,,,HINDUSTAN ZINC LIMITED,527.95,534.7,526.15,532.6,533.0,536.95,,532.6,,,1839570,977806849.7,29723,F1,1,,,,,
2026-07-13,2026-07-13,CM,NSE,STK,15883,INE05AN01011,HINDWAREAP,EQ,,,,,HINDWARE HME INOVATON LTD,245.0,250.0,243.5,247.85,246.5,247.65,,247.85,,,58215,14431179.45,1947,F1,1,,,,,
2026-07-13,2026-07-13,CM,NSE,STK,19322,INE598C01011,HISARMETAL,EQ,,,,,HISAR METAL IND. LIMITED,152.6,158.0,152.6,157.03,157.9,152.79,,157.03,,,2332,366045.95,58,F1,1,,,,,
2026-07-13,2026-07-13,CM,NSE,STK,18457,INE07Y701011,POWERINDIA,EQ,,,,,HITACHI ENERGY INDIA LTD,32240.0,32380.0,31770.0,31915.0,31950.0,32605.0,,31915.0,,,101702,3252914930.0,31487,F1,1,,,,,
2026-07-13,2026-07-13,CM,NSE,STK,15165,INE120D01012,HITECHCORP,BE,,,,,HITECH CORPORATION LTD,313.0,327.0,313.0,326.15,325.9,321.4,,326.15,,,27178,8701875.5,284,F1,1,,,,,
2026-07-13,2026-07-13,CM,NSE,STK,2289,INE461D01028,HLEGLAS,EQ,,,,,HLE GLASCOAT LIMITED,416.0,420.0,407.3,409.25,408.3,419.05,,409.25,,,187021,77115505.35,5415,F1,1,,,,,
2026-07-13,2026-07-13,CM,NSE,STK,1448,INE102A01024,HLVLTD,EQ,,,,,HLV LIMITED,7.67,7.67,7.45,7.49,7.49,7.58,,7.49,,,193199,1458744.48,511,F1,1,,,,,
2026-07-13,2026-07-13,CM,NSE,STK,17053,INE0ECP01024,HMAAGRO,EQ,,,,,HMA AGRO INDUSTRIES LTD,22.0,22.08,21.75,21.88,21.95,21.92,,21.88,,,160679,3515352.5,644,F1,1,,,,,
2026-07-13,2026-07-13,CM,NSE,STK,763705,INE2T2Q07345,850HMDA32,N0,,,,,HMDA 8.50% 2032 STRPP C,101881.37,101881.37,101881.37,101881.37,101881.37,101738.36,,101881.37,,,19,1935746.03,1,F1,1,,,,,
2026-07-13,2026-07-13,CM,NSE,STK,19698,INE262A01018,HMT,BZ,,,,,HMT LTD -,65.25,65.99,63.1,64.19,64.21,64.61,,64.19,,,3682,237733.19,86,F1,1,,,,,
2026-07-13,2026-07-13,CM,NSE,STK,23826,INE0S6S01017,HOACFOODS,ST,,,,,HOAC FOODS INDIA LIMITED,672.55,704.0,672.55,700.0,700.0,697.0,,700.0,,,4500,3105731.25,12,F1,375,,,,,
2026-07-13,2026-07-13,CM,NSE,STK,18649,INE0LXA01019,HOLMARC,SM,,,,,HOLMARC OPTO MECHATRO L,110.0,110.0,109.8,110.0,110.0,108.0,,110.0,,,3000,329775.0,4,F1,750,,,,,
2026-07-13,2026-07-13,CM,NSE,STK,2056,INE481N01025,HOMEFIRST,EQ,,,,,HOME FIRST FIN CO IND LTD,1215.0,1284.9,1211.2,1261.0,1268.0,1222.7,,1261.0,,,438646,554676602.9,30531,F1,1,,,,,
2026-07-13,2026-07-13,CM,NSE,STK,13526,INE0N7F01017,HOMESFY,SM,,,,,HOMESFY REALTY LIMITED,117.0,117.0,117.0,117.0,117.0,112.0,,117.0,,,300,35100.0,1,F1,300,,,,,
2026-07-13,2026-07-13,CM,NSE,STK,19813,INE0J5401028,HONASA,EQ,,,,,HONASA CONSUMER LIMITED,468.85,478.5,461.0,472.25,475.0,472.1,,472.25,,,672975,319012847.7,31888,F1,1,,,,,
2026-07-13,2026-07-13,CM,NSE,STK,3138,INE634A01018,HONDAPOWER,EQ,,,,,HONDA I POWER PRODUCT LTD,2101.1,2155.0,2090.6,2143.5,2117.0,2108.6,,2143.4,,,3610,7685774.3,737,F1,1,,,,,
2026-07-13,2026-07-13,CM,NSE,STK,3417,INE671A01010,HONAUT,EQ,,,,,HONEYWELL AUTOMATION IND,38165.0,38300.0,37580.0,38215.0,38290.0,38175.0,,38210.0,,,6739,256375340.0,2502,F1,1,,,,,
2026-07-13,2026-07-13,CM,NSE,STK,17920,INE191I01012,HDIL,BZ,,,,,HOUSING DEV & INFRA LTD,1.71,1.73,1.68,1.7,1.7,1.69,,1.7,,,145496,248762.03,174,F1,1,,,,,
2026-07-13,2026-07-13,CM,NSE,STK,7376,INE0GSL01024,HPAL,EQ,,,,,HP ADHESIVES LIMITED,35.2,35.2,34.17,34.45,34.34,34.75,,34.46,,,39336,1361504.19,762,F1,1,,,,,
2026-07-13,2026-07-13,CM,NSE,STK,29875,INE0VA601019,HPTL,SM,,,,,HP TELECOM INDIA LIMITED,275.0,280.25,275.0,280.0,280.0,266.95,,280.0,,,13200,3681060.0,16,F1,600,,,,,
2026-07-13,2026-07-13,CM,NSE,STK,18679,INE495S01016,HPL,EQ,,,,,HPL ELECTRIC & POWER LTD,360.0,360.0,349.0,351.05,351.45,356.7,,351.0,,,128615,45213232.8,3845,F1,1,,,,,
2026-07-13,2026-07-13,CM,NSE,STK,21107,INE0R3501012,HRHNEXT,SM,,,,,HRH NEXT SERVICES LIMITED,27.5,27.5,27.3,27.3,27.3,27.35,,27.3,,,4500,123150.0,2,F1,1500,,,,,
2026-07-13,2026-07-13,CM,NSE,STK,761506,INF336L01RX2,HSBCGOLD,EQ,,,,,HSBCAMC - HSBCGOLD,124.0,124.7,122.59,123.61,122.99,124.78,,123.61,,,18484,2282499.93,65,F1,1,,,,,
2026-07-13,2026-07-13,CM,NSE,STK,20825,INE031A01017,HUDCO,EQ,,,,,HSG & URBAN DEV CORPN LTD,207.51,212.41,207.16,210.24,210.15,206.96,,210.24,,,4766154,1002102440.47,51762,F1,1,,,,,
2026-07-13,2026-07-13,CM,NSE,STK,11979,INE501G01024,HTMEDIA,EQ,,,,,HT MEDIA LIMITED,25.7,26.49,25.27,25.81,25.93,25.41,,25.81,,,181878,4692537.76,1376,F1,1,,,,,
2026-07-13,2026-07-13,CM,NSE,STK,14203,INE703H01016,HUBTOWN,EQ,,,,,HUBTOWN LIMITED,206.8,214.11,203.5,210.17,210.75,206.87,,210.17,,,977674,206215260.71,7371,F1,1,,,,,
2026-07-13,2026-07-13,CM,NSE,STK,2562,INE275B01026,HUHTAMAKI,EQ,,,,,HUHTAMAKI INDIA LIMITED,210.5,222.0,209.02,221.53,221.65,211.13,,221.52,,,255850,55967670.96,4772,F1,1,,,,,
2026-07-13,2026-07-13,CM,NSE,STK,25708,INE0TO501019,HVAX,SM,,,,,HVAX TECHNOLOGIES LIMITED,671.0,677.25,670.0,677.25,677.25,645.0,,677.25,,,1050,707407.5,7,F1,150,,,,,
2026-07-13,2026-07-13,CM,NSE,STK,12814,INE965B01022,HYBRIDFIN,BE,,,,,HYBRID FINANCIAL SERVICE,19.6,19.6,18.05,18.36,18.37,18.86,,18.37,,,6191,116040.38,52,F1,1,,,,,
2026-07-13,2026-07-13,CM,NSE,STK,25844,INE0V6F01027,HYUNDAI,EQ,,,,,HYUNDAI MOTOR INDIA LTD,1955.0,2000.1,1943.5,1994.4,1992.0,1984.9,,1994.4,,,450442,891364471.8,35955,F1,1,,,,,
2026-07-13,2026-07-13,CM,NSE,STK,14086,INE204A01010,IGPL,EQ,,,,,I G PETROCHEMICALS LTD,428.85,436.5,428.0,434.25,434.0,432.15,,434.3,,,12170,5259768.0,805,F1,1,,,,,
2026-07-13,2026-07-13,CM,NSE,STK,21348,INE0O7401018,IBLFL,SM,,,,,IBL FINANCE LIMITED,57.75,57.75,57.75,57.75,57.75,55.0,,57.75,,,8000,462000.0,4,F1,2000,,,,,
2026-07-13,2026-07-13,CM,NSE,STK,764067,INE0XE501015,ICELCO,ST,,,,,IC ELECTRICALS COMPANY L,171.0,183.0,165.6,167.75,169.8,174.3,,167.75,,,853200,150418080.0,565,F1,1200,,,,,
2026-07-13,2026-07-13,CM,NSE,STK,6977,INE613B01010,ICDSLTD,EQ,,,,,ICDS LTD,41.49,41.49,40.0,40.0,40.0,40.21,,40.0,,,905,36893.91,13,F1,1,,,,,
2026-07-13,2026-07-13,CM,NSE,STK,489,INE520Y01019,ICEMAKE,EQ,,,,,ICE MAKE REFRIGERAT LTD,758.0,774.65,757.1,764.65,769.9,764.35,,764.65,,,15922,12157311.65,1011,F1,1,,,,,
2026-07-13,2026-07-13,CM,NSE,STK,4963,INE090A01021,ICICIBANK,EQ,,,,,ICICI BANK LTD.,1393.5,1413.0,1386.3,1409.5,1407.8,1401.2,,1409.5,,,10091437,14161908061.5,205509,F1,1,,,,,
2026-07-13,2026-07-13,CM,NSE,STK,21770,INE765G01017,ICICIGI,EQ,,,,,ICICI LOMBARD GIC LIMITED,1806.0,1812.8,1745.2,1787.3,1791.6,1826.2,,1787.3,,,1585337,2811829888.2,56623,F1,1,,,,,
2026-07-13,2026-07-13,CM,NSE,STK,21254,INF109KC19U5,LOWVOLIETF,EQ,,,,,ICICI PR NIF LW VL 30 ETF,22.8,22.8,21.93,22.12,22.16,22.14,,22.12,,,724490,16034853.3,1277,F1,1,,,,,
2026-07-13,2026-07-13,CM,NSE,STK,18652,INE726G01019,ICICIPRULI,EQ,,,,,ICICI PRU LIFE INS CO LTD,510.0,527.5,506.5,519.7,518.25,510.35,,519.7,,,2214317,1150792010.05,58904,F1,1,,,,,
2026-07-13,2026-07-13,CM,NSE,STK,17702,INF109KC10W0,MIDSELIETF,EQ,,,,,ICICI PRUD MIDCAP SEL ETF,19.34,19.5,19.19,19.44,19.35,19.35,,19.44,,,350593,6782309.89,1231,F1,1,,,,,
2026-07-13,2026-07-13,CM,NSE,STK,30392,INF109KC16V9,NIF100IETF,EQ,,,,,ICICI PRUD NIFTY 100 ETF,28.11,28.15,27.88,28.07,28.15,28.11,,28.07,,,238168,6676721.89,2931,F1,1,,,,,
2026-07-13,2026-07-13,CM,NSE,STK,29553,INF109K012R6,NIFTYIETF,EQ,,,,,ICICI PRUD NIFTY ETF,266.87,277.0,266.87,274.07,273.61,273.72,,274.07,,,1173606,321229858.56,23397,F1,1,,,,,
2026-07-13,2026-07-13,CM,NSE,STK,4378,INF346A01034,SENSEXIETF,EQ,,,,,ICICI PRUD SENSEX ETF,887.81,892.56,881.81,889.94,892.0,889.52,,889.95,,,8244,7321071.15,492,F1,1,,,,,
2026-07-13,2026-07-13,CM,NSE,STK,760407,INE346A01027,ICICIAMC,EQ,,,,,ICICI PRUDENTIAL AMC LTD,3164.9,3256.0,3139.5,3205.6,3210.0,3159.6,,3205.7,,,1006232,3221287131.6,70689,F1,1,,,,,
2026-07-13,2026-07-13,CM,NSE,STK,19679,INF109KC1NT3,GOLDIETF,EQ,,,,,ICICI PRUDENTIAL GOLD ETF,124.0,126.0,119.46,121.07,121.06,122.4,,121.07,,,4943987,598027105.83,47924,F1,1,,,,,
2026-07-13,2026-07-13,CM,NSE,STK,17475,INF109KC11V0,NV20IETF,EQ,,,,,ICICI PRUDENTIAL NV20 ETF,13.76,13.88,13.64,13.81,13.88,13.76,,13.81,,,307327,4234261.26,2453,F1,1,,,,,
2026-07-13,2026-07-13,CM,NSE,STK,522,INF109KB15Y7,ICICIB22,EQ,,,,,ICICIPRAMC - BHARATIWIN,117.15,117.75,116.02,117.23,117.28,117.15,,117.23,,,576608,67473755.21,4238,F1,1,,,,,
2026-07-13,2026-07-13,CM,NSE,STK,30139,INF109K1A021,CASHIETF,EQ,,,,,ICICIPRAMC - CASHIETF,1070.58,1070.58,1070.56,1070.56,1070.56,1070.44,,1070.56,,,574782,615349699.55,142,F1,1,,,,,
2026-07-13,2026-07-13,CM,NSE,STK,755881,INF109K1A153,EVIETF,EQ,,,,,ICICIPRAMC - EVIETF,32.19,32.19,31.02,31.49,31.55,31.41,,31.49,,,149982,4706706.04,761,F1,1,,,,,
2026-07-13,2026-07-13,CM,NSE,STK,13143,INF109KC18O0,GSEC10IETF,EQ,,,,,ICICIPRAMC - ICICI10GS,265.99,265.99,264.2,265.0,265.0,264.86,,265.0,,,6353,1681451.02,10,F1,1,,,,,
2026-07-13,2026-07-13,CM,NSE,STK,3001,INF109KC1V59,BSE500IETF,EQ,,,,,ICICIPRAMC - ICICI500,39.34,39.45,38.91,39.37,39.35,39.34,,39.37,,,155810,6113054.08,2474,F1,1,,,,,
2026-07-13,2026-07-13,CM,NSE,STK,8342,INF109KC14A8,GSEC5IETF,EQ,,,,,ICICIPRAMC - ICICI5GSEC,65.28,66.44,65.28,66.02,66.04,66.14,,66.02,,,5741,379751.67,51,F1,1,,,,,
2026-07-13,2026-07-13,CM,NSE,STK,22344,INF109KC17V7,ALPL30IETF,EQ,,,,,ICICIPRAMC - ICICIALPLV,27.78,27.78,27.48,27.7,27.73,27.8,,27.7,,,241382,6675894.62,1206,F1,1,,,,,
2026-07-13,2026-07-13,CM,NSE,STK,7844,INF109KC10V2,AUTOIETF,EQ,,,,,ICICIPRAMC - ICICIAUTO,27.76,30.0,27.39,27.87,27.86,27.76,,27.87,,,481015,13342677.39,2138,F1,1,,,,,
2026-07-13,2026-07-13,CM,NSE,STK,11386,INF109KC18U7,PVTBANIETF,EQ,,,,,ICICIPRAMC - ICICIBANKP,28.32,28.99,28.11,28.44,28.45,28.4,,28.44,,,4474853,126810501.55,1953,F1,1,,,,,
2026-07-13,2026-07-13,CM,NSE,STK,13198,INF109KC19O8,COMMOIETF,EQ,,,,,ICICIPRAMC - ICICICOMMO,100.63,100.63,99.63,100.02,100.25,100.63,,100.02,,,50719,5066900.26,865,F1,1,,,,,
2026-07-13,2026-07-13,CM,NSE,STK,6446,INF109KC1V42,CONSUMIETF,EQ,,,,,ICICIPRAMC - ICICICONSU,120.99,121.0,120.16,120.78,121.0,121.25,,120.78,,,11156,1345902.88,300,F1,1,,,,,
2026-07-13,2026-07-13,CM,NSE,STK,5306,INF109KC19V3,FMCGIETF,EQ,,,,,ICICIPRAMC - ICICIFMCG,54.14,54.14,52.36,52.48,53.0,52.82,,52.48,,,2220983,116559219.12,4212,F1,1,,,,,
2026-07-13,2026-07-13,CM,NSE,STK,10723,INF109KC16E5,INFRAIETF,EQ,,,,,ICICIPRAMC - ICICIINFRA,96.77,97.0,96.11,96.59,96.98,97.1,,96.54,,,92231,8904225.4,2007,F1,1,,,,,
2026-07-13,2026-07-13,CM,NSE,STK,4838,INF109KC1KT9,LIQUIDIETF,EQ,,,,,ICICIPRAMC - ICICILIQ,1000.0,1000.01,999.99,999.99,999.99,999.99,,999.99,,,533909,533908779.47,190,F1,1,,,,,
2026-07-13,2026-07-13,CM,NSE,STK,17152,INF109KC11W8,MIDCAPIETF,EQ,,,,,ICICIPRAMC - ICICIM150,23.88,24.03,23.74,24.0,24.02,23.94,,24.0,,,947686,22692059.77,3329,F1,1,,,,,
2026-07-13,2026-07-13,CM,NSE,STK,10585,INF109KC17C7,MOM30IETF,EQ,,,,,ICICIPRAMC - ICICIMOM30,31.12,31.19,30.85,31.08,31.19,31.13,,31.08,,,408770,12688753.15,1920,F1,1,,,,,
2026-07-13,2026-07-13,CM,NSE,STK,4529,INF109KC1NS5,NEXT50IETF,EQ,,,,,ICICIPRAMC - ICICINXT50,76.13,76.13,75.07,76.05,76.13,76.13,,76.05,,,670811,50858509.94,5876,F1,1,,,,,
2026-07-13,2026-07-13,CM,NSE,STK,3626,INF109KC1Q72,HEALTHIETF,EQ,,,,,ICICIPRAMC - ICICIPHARM,167.54,168.01,166.07,167.01,167.15,167.55,,167.01,,,121749,20333195.22,1645,F1,1,,,,,
2026-07-13,2026-07-13,CM,NSE,STK,17808,INF109KC18V5,QUAL30IETF,EQ,,,,,ICICIPRAMC - ICICIQTY30,20.56,20.98,20.55,20.87,20.98,20.79,,20.87,,,27015,561577.12,233,F1,1,,,,,
2026-07-13,2026-07-13,CM,NSE,STK,7942,INF109KC1Y56,SILVERIETF,EQ,,,,,ICICIPRAMC - ICICISILVE,221.9,221.9,213.28,216.5,216.0,218.07,,216.5,,,2951400,635300534.73,25510,F1,1,,,,,
2026-07-13,2026-07-13,CM,NSE,STK,22365,INF109KC16I6,ITIETF,EQ,,,,,ICICIPRAMC - ICICITECH,30.81,32.43,30.8,32.14,32.15,31.02,,32.14,,,6065304,194363443.85,3414,F1,1,,,,,
2026-07-13,2026-07-13,CM,NSE,STK,11037,INF109KC15I8,BANKIETF,EQ,,,,,ICICIPRAMC - IPRU5008,59.51,59.7,58.88,59.56,59.58,59.51,,59.56,,,359702,21394648.22,1556,F1,1,,,,,
2026-07-13,2026-07-13,CM,NSE,STK,24861,INF109KC19W1,METALIETF,EQ,,,,,ICICIPRAMC - METALIETF,13.06,13.06,12.43,12.68,12.7,12.75,,12.68,,,5249538,66441284.34,13045,F1,1,,,,,
2026-07-13,2026-07-13,CM,NSE,STK,24533,INF109KC18W3,OILIETF,EQ,,,,,ICICIPRAMC - OILIETF,11.33,11.35,11.24,11.33,11.33,11.33,,11.33,,,1207380,13650728.82,2306,F1,1,,,,,
2026-07-13,2026-07-13,CM,NSE,STK,14584,INF109KC10S8,PSUBNKIETF,EQ,,,,,ICICIPRAMC - PSUBANKICI,86.14,86.14,84.11,85.77,85.5,85.64,,85.77,,,323383,27657084.74,1020,F1,1,,,,,
2026-07-13,2026-07-13,CM,NSE,STK,754612,INF109K1A476,SMALLIETF,EQ,,,,,ICICIPRAMC - SMALLIETF,18.15,18.24,17.65,18.21,18.2,18.16,,18.21,,,172710,3145541.68,109,F1,1,,,,,
2026-07-13,2026-07-13,CM,NSE,STK,757781,INF109K1A344,TOP15IETF,EQ,,,,,ICICIPRAMC - TOP15IETF,9.81,9.88,9.74,9.86,9.87,9.85,,9.86,,,104993,1030675.91,226,F1,1,,,,,
2026-07-13,2026-07-13,CM,NSE,STK,25851,INF109KC16X5,VAL30IETF,EQ,,,,,ICICIPRAMC - VAL30IETF,15.37,15.5,15.22,15.38,15.5,15.37,,15.38,,,204872,3135472.55,603,F1,1,,,,,
2026-07-13,2026-07-13,CM,NSE,STK,12578,INF109KC17L8,FINIETF,EQ,,,,,ICICIPRAMC-ICICIFIN,33.19,33.19,32.56,33.02,33.0,33.04,,33.0,,,478717,15767309.47,1354,F1,1,,,,,
2026-07-13,2026-07-13,CM,NSE,STK,14523,INE725G01011,ICRA,EQ,,,,,ICRA LIMITED,5344.0,5366.5,5275.0,5284.0,5284.0,5298.0,,5284.0,,,105622,561135269.0,15085,F1,1,,,,,
2026-07-13,2026-07-13,CM,NSE,STK,1476,INE008A01015,IDBI,EQ,,,,,IDBI BANK LIMITED,82.41,84.65,81.73,84.07,84.01,82.89,,84.07,,,6877037,576600195.95,26903,F1,1,,,,,
2026-07-13,2026-07-13,CM,NSE,STK,17142,INE349Y01013,IDEAFORGE,BE,,,,,IDEAFORGE TECHNO LTD,895.0,935.0,893.0,907.5,909.0,900.75,,907.8,,,428508,393762370.8,9319,F1,1,,,,,
2026-07-13,2026-07-13,CM,NSE,STK,28574,INE0TD101011,IDENTICAL,SM,,,,,IDENTICAL BRAINS STUDIO L,18.9,18.9,17.5,17.5,17.5,17.1,,17.5,,,4000,72800.0,2,F1,2000,,,,,
2026-07-13,2026-07-13,CM,NSE,STK,11184,INE092T01019,IDFCFIRSTB,EQ,,,,,IDFC FIRST BANK LIMITED,79.99,80.79,79.86,80.58,80.41,80.83,,80.58,,,13772292,1107163489.8,47901,F1,1,,,,,
2026-07-13,2026-07-13,CM,NSE,STK,9300,INE076C01018,IFBAGRO,BE,,,,,IFB AGRO INDUSTRIES LTD,957.6,1005.45,950.0,1005.45,1005.45,957.6,,1005.5,,,14023,13950846.8,598,F1,1,,,,,
2026-07-13,2026-07-13,CM,NSE,STK,1485,INE559A01017,IFBIND,EQ,,,,,IFB INDUSTRIES LTD,1384.0,1439.4,1365.6,1423.4,1418.0,1380.5,,1423.4,,,517239,729493039.1,35735,F1,1,,,,,
2026-07-13,2026-07-13,CM,NSE,STK,1491,INE039A01010,IFCI,EQ,,,,,IFCI LTD,76.28,77.35,76.01,76.46,76.65,77.46,,76.46,,,13642739,1044417010.95,36959,F1,1,,,,,
2026-07-13,2026-07-13,CM,NSE,STK,436,INE133Y01011,IFGLEXPOR,EQ,,,,,IFGL REFRACTORIES LIMITED,231.0,231.0,220.81,223.52,224.01,231.0,,223.71,,,48697,10921070.08,1721,F1,1,,,,,
2026-07-13,2026-07-13,CM,NSE,STK,759897,INE01XO07017,1225IFL27,N0,,,,,IFL 12.25% 2027,8999.0,8999.0,8999.0,8999.0,8999.0,7500.0,,8999.0,,,1,8999.0,1,F1,1,,,,,
2026-07-13,2026-07-13,CM,NSE,STK,760656,INE01XO07025,1225IFL28,N0,,,,,IFL 12.25% 2028,7500.0,7500.0,7500.0,7500.0,7500.0,7500.0,,7500.0,,,5,37500.0,3,F1,1,,,,,
2026-07-13,2026-07-13,CM,NSE,STK,634,INE188B01013,IGARASHI,EQ,,,,,IGARASHI MOTORS INDIA LTD,475.3,493.5,467.85,475.45,476.0,475.3,,475.45,,,81829,39138220.7,4222,F1,1,,,,,
2026-07-13,2026-07-13,CM,NSE,STK,756154,INE530B07492,1025IIFL30,Y3,,,,,IIFL 10.25% TR I SR IX,1030.0,1030.0,1000.0,1000.0,1000.0,1030.0,,1000.0,,,57,57060.0,2,F1,1,,,,,
2026-07-13,2026-07-13,CM,NSE,STK,761116,INE530B07658,837IIFL28,Y4,,,,,IIFL 8.37% TR I SR I,981.2,988.5,981.2,988.5,988.5,985.0,,988.5,,,30,29582.0,2,F1,1,,,,,
2026-07-13,2026-07-13,CM,NSE,STK,761118,INE530B07633,865IIFL31,Y6,,,,,IIFL 8.65% TR I SR III,999.9,999.9,989.0,989.0,989.0,998.0,,989.0,,,50,49460.9,2,F1,1,,,,,
2026-07-13,2026-07-13,CM,NSE,STK,761121,INE530B07609,9IIFL31,Y9,,,,,IIFL 9.00% TR I SR VI,979.02,992.0,979.02,990.1,990.1,999.0,,990.1,,,214,210962.0,9,F1,1,,,,,
2026-07-13,2026-07-13,CM,NSE,STK,13072,INE489L01022,IIFLCAPS,EQ,,,,,IIFL CAPITAL SERVICES LTD,338.0,338.75,336.6,337.15,337.8,338.3,,337.15,,,920471,310544884.3,4537,F1,1,,,,,
2026-07-13,2026-07-13,CM,NSE,STK,11809,INE530B01024,IIFL,EQ,,,,,IIFL FINANCE LIMITED,547.85,560.95,546.0,556.9,556.25,552.7,,556.9,,,1230264,683738760.5,32642,F1,1,,,,,
2026-07-13,2026-07-13,CM,NSE,STK,16822,INE0LOJ01019,IKIO,EQ,,,,,IKIO TECHNOLOGIES LIMITED,205.1,211.4,202.37,204.81,205.0,210.75,,204.8,,,770957,159339568.15,13132,F1,1,,,,,
2026-07-13,2026-07-13,CM,NSE,STK,9380,INE369I01014,IL&FSENGG,BZ,,,,,IL&FS ENG AND CONS CO LTD,29.95,29.95,27.71,28.65,28.85,28.55,,28.96,,,2069,60208.1,20,F1,1,,,,,
2026-07-13,2026-07-13,CM,NSE,STK,6711,INE050B01023,IVC,EQ,,,,,IL&FS INVESTMENT MANAGERS,8.18,8.18,8.06,8.14,8.18,8.14,,8.14,,,78582,638830.82,566,F1,1,,,,,
2026-07-13,2026-07-13,CM,NSE,STK,9381,INE975G01012,IL&FSTRANS,BZ,,,,,IL&FS TRANS NET LTD,2.12,2.22,2.12,2.18,2.15,2.18,,2.18,,,28827,63499.86,66,F1,1,,,,,
2026-07-13,2026-07-13,CM,NSE,STK,7672,INE172N01012,IMAGICAA,EQ,,,,,IMAGICAAWORLD ENT LTD,45.35,47.9,45.35,47.15,47.25,46.56,,47.15,,,1740219,81224635.86,5029,F1,1,,,,,
2026-07-13,2026-07-13,CM,NSE,STK,25881,INE691G01015,IMPEXFERRO,BZ,,,,,IMPEX FERRO TECH LIMITED,2.08,2.28,2.08,2.28,2.28,2.18,,2.4,,,353462,744547.15,110,F1,1,,,,,
2026-07-13,2026-07-13,CM,NSE,STK,17507,INE452L01012,INCREDIBLE,EQ,,,,,INCREDIBLE INDUSTRIES LTD,33.1,34.45,33.1,33.32,33.3,33.16,,33.36,,,5090,172750.94,36,F1,1,,,,,
2026-07-13,2026-07-13,CM,NSE,STK,12009,INE547E01014,IMPAL,EQ,,,,,IND MOTOR PART & ACC LTD,1148.0,1168.0,1146.6,1153.5,1156.0,1146.4,,1153.4,,,4937,5689968.4,603,F1,1,,,,,
2026-07-13,2026-07-13,CM,NSE,STK,4870,INE915B01019,INDSWFTLAB,EQ,,,,,IND SWIFT LABORATORIES LT,245.0,248.45,233.35,237.7,235.65,246.44,,237.74,,,933065,226041339.13,12685,F1,1,,,,,
2026-07-13,2026-07-13,CM,NSE,STK,21957,INE611L01021,INDTERRAIN,EQ,,,,,IND TERRAIN FASHIONS LTD,31.99,32.35,31.52,31.8,31.99,31.62,,31.79,,,4420,140783.29,36,F1,1,,,,,
2026-07-13,2026-07-13,CM,NSE,STK,16933,INE841B01017,INDBANK,EQ,,,,,INDBANK MERCH BANK,34.0,34.25,33.11,33.32,33.27,34.05,,33.32,,,52577,1763504.89,772,F1,1,,,,,
2026-07-13,2026-07-13,CM,NSE,STK,29678,INE0O9T01021,BAJAJINDEF,EQ,,,,,INDEF MANUFACTURING LTD,247.75,251.5,245.1,247.85,249.85,247.75,,247.85,,,11081,2756240.0,433,F1,1,,,,,
2026-07-13,2026-07-13,CM,NSE,STK,23693,INE065X01017,INDGN,EQ,,,,,INDEGENE LIMITED,508.5,515.0,502.2,511.55,515.0,509.3,,511.6,,,164831,84175939.65,9681,F1,1,,,,,
2026-07-13,2026-07-13,CM,NSE,STK,1521,INE560A01023,INDIAGLYCO,EQ,,,,,INDIA GLYCOLS LTD,1068.2,1100.0,1060.1,1088.2,1090.0,1067.75,,1088.25,,,177188,192910220.7,12090,F1,1,,,,,
2026-07-13,2026-07-13,CM,NSE,STK,4747,INE092B01025,INDNIPPON,EQ,,,,,INDIA NIPPON ELECT  LTD,1169.0,1245.5,1163.7,1236.1,1245.5,1168.5,,1236.2,,,164175,199257626.0,12723,F1,1,,,,,
2026-07-13,2026-07-13,CM,NSE,STK,4934,INE0D6701023,IPL,EQ,,,,,INDIA PESTICIDES LIMITED,157.0,158.68,156.21,156.76,157.0,157.4,,156.77,,,97645,15359631.52,1370,F1,1,,,,,
2026-07-13,2026-07-13,CM,NSE,STK,20556,INE922K01024,INDIASHLTR,EQ,,,,,INDIA SHELTER FIN CORP L,800.2,829.25,790.85,823.15,829.0,800.05,,823.05,,,133011,108864623.85,11630,F1,1,,,,,
2026-07-13,2026-07-13,CM,NSE,STK,19299,INE353K01014,ITDC,EQ,,,,,INDIA TOUR. DEV. CO. LTD.,709.8,723.7,694.05,704.4,700.1,716.8,,704.45,,,1064304,754941040.2,33002,F1,1,,,,,
2026-07-13,2026-07-13,CM,NSE,STK,25003,INE126M01010,IBULLSLTD,BE,,,,,INDIABULLS LIMITED,30.4,31.11,29.4,31.1,31.11,29.63,,31.1,,,17809355,550381303.48,9526,F1,1,,,,,
2026-07-13,2026-07-13,CM,NSE,STK,10726,INE933S01016,INDIAMART,EQ,,,,,INDIAMART INTERMESH LTD,1915.0,1962.9,1906.0,1952.6,1957.9,1924.0,,1952.6,,,74235,144459161.4,11787,F1,1,,,,,
2026-07-13,2026-07-13,CM,NSE,STK,14309,INE562A01011,INDIANB,EQ,,,,,INDIAN BANK,868.0,871.5,839.35,842.55,842.75,870.7,,842.55,,,4055265,3451412389.3,76268,F1,1,,,,,
2026-07-13,2026-07-13,CM,NSE,STK,4422,INE061A01014,INDIANCARD,EQ,,,,,INDIAN CARD CLOTHING CO.,225.0,239.96,225.0,229.9,234.5,235.44,,229.97,,,892,205294.77,64,F1,1,,,,,
2026-07-13,2026-07-13,CM,NSE,STK,23789,INE0RRU01016,IEML,SM,,,,,INDIAN EMULSIFIERS LTD,43.0,43.35,40.75,43.05,43.35,42.65,,43.05,,,53500,2257400.0,59,F1,500,,,,,
2026-07-13,2026-07-13,CM,NSE,STK,220,INE022Q01020,IEX,EQ,,,,,INDIAN ENERGY EXC LTD,118.99,118.99,117.9,118.8,118.93,119.64,,118.8,,,3457138,409381753.07,25162,F1,1,,,,,
2026-07-13,2026-07-13,CM,NSE,STK,1530,INE323C01030,INDIANHUME,EQ,,,,,INDIAN HUME PIPE CO. LTD.,365.3,421.75,359.0,411.55,409.8,367.05,,411.65,,,4001020,1626453691.2,80943,F1,1,,,,,
2026-07-13,2026-07-13,CM,NSE,STK,19235,INE919H01018,IMFA,EQ,,,,,INDIAN METALS & FERRO,1385.8,1417.6,1377.1,1399.9,1402.0,1400.9,,1399.8,,,72244,101111900.1,7759,F1,1,,,,,
2026-07-13,2026-07-13,CM,NSE,STK,1624,INE242A01010,IOC,EQ,,,,,INDIAN OIL CORP LTD,137.0,140.17,136.62,139.95,140.0,138.96,,139.95,,,11620086,1610104527.01,94813,F1,1,,,,,
2026-07-13,2026-07-13,CM,NSE,STK,9348,INE565A01014,IOB,EQ,,,,,INDIAN OVERSEAS BANK,34.49,34.94,33.82,34.15,34.1,34.58,,34.15,,,4600184,158019231.9,14352,F1,1,,,,,
2026-07-13,2026-07-13,CM,NSE,STK,25033,INE0DHF01018,IPHL,SM,,,,,INDIAN PHOSPHATE LIMITED,57.85,57.9,55.05,55.4,55.05,56.2,,55.4,,,6000,338280.0,5,F1,1200,,,,,
2026-07-13,2026-07-13,CM,NSE,STK,13611,INE335Y01020,IRCTC,EQ,,,,,INDIAN RAIL TOUR CORP LTD,500.85,504.8,496.9,502.05,504.25,503.25,,502.05,,,843555,422129444.6,33517,F1,1,,,,,
2026-07-13,2026-07-13,CM,NSE,STK,2029,INE053F01010,IRFC,EQ,,,,,INDIAN RAILWAY FIN CORP L,89.9,89.9,88.72,89.75,89.71,89.9,,89.75,,,6101114,545656629.93,42326,F1,1,,,,,
2026-07-13,2026-07-13,CM,NSE,STK,20261,INE202E01016,IREDA,EQ,,,,,INDIAN RENEWABLE ENERGY,124.25,125.4,123.5,124.81,124.95,126.4,,124.81,,,3752022,467529313.97,22367,F1,1,,,,,
2026-07-13,2026-07-13,CM,NSE,STK,762727,INE586E01020,IWP,EQ,,,,,INDIAN WOOD PRODUCTS CO L,35.39,35.39,32.99,33.43,33.0,33.35,,33.26,,,4945,165704.85,88,F1,1,,,,,
2026-07-13,2026-07-13,CM,NSE,STK,2048,INE09VQ01012,INDIGOPNTS,EQ,,,,,INDIGO PAINTS LIMITED,1048.1,1060.8,1028.9,1050.5,1051.0,1052.4,,1050.5,,,52406,54764637.6,9409,F1,1,,,,,
2026-07-13,2026-07-13,CM,NSE,STK,20988,INE219X23014,INDIGRID,IV,,,,,INDIGRID INFRASTRUCT TRST,180.9,180.9,179.21,179.52,179.5,179.49,,179.52,,,663133,119117982.54,5599,F1,1,,,,,
2026-07-13,2026-07-13,CM,NSE,STK,757845,INE06ST01018,INDIQUBE,EQ,,,,,INDIQUBE SPACES LIMITED,179.0,180.0,172.2,175.05,172.6,178.11,,175.03,,,48384,8553441.98,1187,F1,1,,,,,
2026-07-13,2026-07-13,CM,NSE,STK,9120,INE760F01028,INDOAMIN,BE,,,,,INDO AMINES LIMITED,127.95,127.95,124.0,124.52,125.0,127.32,,124.55,,,63659,7983320.57,536,F1,1,,,,,
2026-07-13,2026-07-13,CM,NSE,STK,8614,INE803D01021,INDOBORAX,EQ,,,,,INDO BORAX & CHEMICAL LTD,459.8,475.4,455.0,472.65,475.4,453.8,,472.6,,,396518,185170457.05,12508,F1,1,,,,,
2026-07-13,2026-07-13,CM,NSE,STK,11987,INE483B01026,ICIL,EQ,,,,,INDO COUNT INDUSTRIES LTD,412.0,429.05,403.95,412.3,413.5,412.55,,412.35,,,728351,301591877.65,23926,F1,1,,,,,
2026-07-13,2026-07-13,CM,NSE,STK,29025,INE622H01018,INDOFARM,EQ,,,,,INDO FARM EQUIPMENT LTD,156.4,161.05,152.5,158.9,159.0,157.33,,158.9,,,328875,51908323.09,4892,F1,1,,,,,
2026-07-13,2026-07-13,CM,NSE,STK,10993,INE156A01020,INDORAMA,EQ,,,,,INDO RAMA SYNTHETICS LTD,48.79,49.95,48.07,49.43,49.6,48.07,,49.43,,,194214,9555925.26,1558,F1,1,,,,,
2026-07-13,2026-07-13,CM,NSE,STK,13278,INE332H01014,INDOTECH,BE,,,,,INDO TECH TRANSFORM LTD.,3349.0,3469.5,3349.0,3396.4,3422.0,3304.3,,3396.1,,,48936,167275572.3,2053,F1,1,,,,,
2026-07-13,2026-07-13,CM,NSE,STK,25608,INE337M01021,INDOTHAI,EQ,,,,,INDO THAI SEC LTD,218.0,220.34,213.0,216.93,217.0,218.41,,216.93,,,589194,127975118.49,4016,F1,1,,,,,
2026-07-13,2026-07-13,CM,NSE,STK,25503,INE250Z01010,INDOUS,EQ,,,,,INDO US BIOTECH LTD,87.46,90.99,87.07,89.72,90.0,87.52,,89.71,,,66196,5859103.46,111,F1,1,,,,,
2026-07-13,2026-07-13,CM,NSE,STK,6782,INE567A01028,NIPPOBATRY,EQ,,,,,INDO-NATIONAL LIMITED,341.15,345.75,335.2,338.4,339.85,341.15,,338.4,,,1343,455541.6,181,F1,1,,,,,
2026-07-13,2026-07-13,CM,NSE,STK,11677,INE873D01024,INDOCO,EQ,,,,,INDOCO REMEDIES LTD.,260.23,262.0,258.0,259.02,258.0,260.23,,259.04,,,102665,26667094.18,2675,F1,1,,,,,
2026-07-13,2026-07-13,CM,NSE,STK,757801,INE05J901018,IGCL,EQ,,,,,INDOGULF CROPSCIENCES LTD,71.02,77.0,70.5,75.42,74.8,71.93,,75.42,,,416865,31069315.21,3410,F1,1,,,,,
2026-07-13,2026-07-13,CM,NSE,STK,19955,INE866K01023,WAAREEINDO,EQ,,,,,INDOSOLAR LIMITED,396.0,406.0,390.0,398.9,401.0,389.5,,398.9,,,53471,21350520.25,1881,F1,1,,,,,
2026-07-13,2026-07-13,CM,NSE,STK,3088,INE896L01010,INDOSTAR,EQ,,,,,INDOSTAR CAPITAL FIN LTD,267.0,276.6,265.75,269.35,270.75,269.55,,269.35,,,206588,56181791.75,4722,F1,1,,,,,
2026-07-13,2026-07-13,CM,NSE,STK,14956,INE227G01018,INDOWIND,BE,,,,,INDOWIND ENERGY LTD,9.27,9.5,9.05,9.31,9.44,9.22,,9.32,,,51535,475670.92,334,F1,1,,,,,
2026-07-13,2026-07-13,CM,NSE,STK,11262,INE203G01027,IGL,EQ,,,,,INDRAPRASTHA GAS LTD,153.0,154.5,152.6,153.07,152.9,154.06,,153.07,,,1425411,218549756.99,29596,F1,1,,,,,
2026-07-13,2026-07-13,CM,NSE,STK,4751,INE681B01017,INDRAMEDCO,EQ,,,,,INDRAPRASTHA MEDICAL CORP,379.15,383.95,376.0,378.9,380.0,380.85,,378.9,,,93281,35460653.7,2669,F1,1,,,,,
2026-07-13,2026-07-13,CM,NSE,STK,23036,INE0NHL23019,INDUSINVIT,IV,,,,,INDUS INFRA TRUST,129.95,131.79,127.55,128.27,128.0,129.47,,128.29,,,140915,18209485.87,2418,F1,1,,,,,
2026-07-13,2026-07-13,CM,NSE,STK,29135,INE121J01017,INDUSTOWER,EQ,,,,,INDUS TOWERS LIMITED,402.25,411.15,401.6,409.55,409.05,406.15,,409.55,,,5182694,2115858929.0,46226,F1,1,,,,,
2026-07-13,2026-07-13,CM,NSE,STK,5258,INE095A01012,INDUSINDBK,EQ,,,,,INDUSIND BANK LIMITED,1010.0,1018.2,1000.55,1012.9,1011.7,1015.8,,1012.9,,,862018,871761052.65,30397,F1,1,,,,,
2026-07-13,2026-07-13,CM,NSE,STK,762717,INE620D01011,INDPRUD,EQ,,,,,INDUSTRIAL & PRU INV CO L,6480.0,6548.0,6480.0,6548.0,6548.0,6530.0,,6574.0,,,8,52044.0,4,F1,1,,,,,
2026-07-13,2026-07-13,CM,NSE,STK,19525,INE886A01014,IITL,EQ,,,,,INDUSTRIAL INV TRUST LTD,127.0,128.9,123.61,125.35,126.95,127.5,,125.34,,,98812,12602784.02,1069,F1,1,,,,,
2026-07-13,2026-07-13,CM,NSE,STK,15036,INE0MRE01011,INFINIUM,SM,,,,,INFINIUM PHARMACHEM LTD,205.05,211.0,205.0,207.25,209.5,205.05,,207.25,,,9000,1867025.0,18,F1,500,,,,,
2026-07-13,2026-07-13,CM,NSE,STK,757602,INE0MYZ01012,INFLUX,SM,,,,,INFLUX HEALTHTECH LIMITED,290.0,308.85,290.0,305.0,297.0,289.0,,305.0,,,32400,9716610.0,47,F1,600,,,,,
2026-07-13,2026-07-13,CM,NSE,STK,13751,INE663F01032,NAUKRI,EQ,,,,,INFO EDGE (I) LTD,1191.0,1206.75,1180.3,1191.05,1191.0,1204.05,,1191.05,,,1659497,1981426535.1,79014,F1,1,,,,,
2026-07-13,2026-07-13,CM,NSE,STK,11027,INE344S01016,INFOBEAN,EQ,,,,,INFOBEANS TECHNO. LTD.,162.01,172.0,160.23,167.85,168.0,163.28,,167.85,,,902842,151690946.23,11248,F1,1,,,,,
2026-07-13,2026-07-13,CM,NSE,STK,16588,INE0NNZ01013,INFOLLION,SM,,,,,INFOLLION RESEARCH SER L,171.0,172.25,169.05,172.25,172.25,171.0,,172.25,,,7200,1226140.0,12,F1,400,,,,,
2026-07-13,2026-07-13,CM,NSE,STK,13693,INE669A01022,INFOMEDIA,EQ,,,,,INFOMEDIA PRESS LIMITED,5.77,5.77,5.29,5.71,5.54,5.64,,5.71,,,14372,79952.34,94,F1,1,,,,,
2026-07-13,2026-07-13,CM,NSE,STK,1594,INE009A01021,INFY,EQ,,,,,INFOSYS LIMITED,1057.1,1114.9,1057.1,1102.6,1102.6,1068.0,,1102.6,,,20994760,23001958436.3,338475,F1,1,,,,,
2026-07-13,2026-07-13,CM,NSE,STK,1597,INE177A01018,INGERRAND,EQ,,,,,INGERSOLL-RAND INDIA LTD,4452.0,4479.8,4326.8,4444.4,4440.0,4452.0,,4444.4,,,7631,33869775.3,1786,F1,1,,,,,
2026-07-13,2026-07-13,CM,NSE,STK,25323,INE0S1D01010,INNOMET,ST,,,,,INNOMET ADVANCED MATERI L,160.55,160.55,160.55,160.55,160.55,157.45,,160.55,,,10200,1637610.0,11,F1,600,,,,,
2026-07-13,2026-07-13,CM,NSE,STK,21062,INE0DUT01020,INNOVACAP,EQ,,,,,INNOVA CAPTAB LIMITED,995.7,1010.1,983.85,1000.1,999.0,989.35,,1000.1,,,23617,23641257.35,3206,F1,1,,,,,
2026-07-13,2026-07-13,CM,NSE,STK,27754,INE403Y01018,INNOVANA,EQ,,,,,INNOVANA THINKLABS LTD,310.3,344.0,305.05,331.7,332.0,320.1,,331.7,,,8389,2778155.0,551,F1,1,,,,,
2026-07-13,2026-07-13,CM,NSE,STK,761528,INE0ADB01012,INNOVISION,EQ,,,,,INNOVISION LIMITED,296.75,307.95,289.3,290.45,290.0,289.3,,290.45,,,178168,53166939.05,4716,F1,1,,,,,
2026-07-13,2026-07-13,CM,NSE,STK,12188,INE510W01014,INOXGREEN,EQ,,,,,INOX GREEN ENERGY SER LTD,190.0,191.75,187.39,190.58,190.01,191.66,,190.61,,,474093,90055434.43,7045,F1,1,,,,,
2026-07-13,2026-07-13,CM,NSE,STK,20607,INE616N01034,INOXINDIA,EQ,,,,,INOX INDIA LIMITED,1970.0,1989.0,1881.7,1890.7,1891.9,1978.0,,1890.7,,,319918,612960994.2,36985,F1,1,,,,,
2026-07-13,2026-07-13,CM,NSE,STK,7852,INE066P01011,INOXWIND,EQ,,,,,INOX WIND LIMITED,82.0,82.3,80.7,81.09,81.16,82.61,,81.09,,,12833126,1042798755.27,44252,F1,1,,,,,
2026-07-13,2026-07-13,CM,NSE,STK,14657,INE070I01018,INSECTICID,EQ,,,,,INSECTICIDES (I) LTD,653.0,667.65,653.0,665.75,665.0,659.0,,665.75,,,14910,9844601.7,839,F1,1,,,,,
2026-07-13,2026-07-13,CM,NSE,STK,761099,INE0LGX01024,INA,EQ,,,,,INSOLATION ENERGY LIMITED,120.4,122.64,119.02,120.52,121.25,124.93,,120.53,,,2252825,271838275.92,16525,F1,1,,,,,
2026-07-13,2026-07-13,CM,NSE,STK,19157,INE0NDX01019,INSPIRE,ST,,,,,INSPIRE FILMS LIMITED,8.65,8.65,8.2,8.65,8.65,8.25,,8.65,,,6000,51000.0,3,F1,2000,,,,,
2026-07-13,2026-07-13,CM,NSE,STK,13734,INE020G01017,INSPIRISYS,BE,,,,,INSPIRISYS SOLUTIONS LTD,107.94,107.94,100.0,102.87,102.89,104.22,,102.92,,,4285,431427.02,36,F1,1,,,,,
2026-07-13,2026-07-13,CM,NSE,STK,30327,INE418N01035,ESSENTIA,BE,,,,,INTEGRA ESSENTIA LIMITED,1.2,1.24,1.2,1.2,1.21,1.23,,1.2,,,1504083,1823719.64,668,F1,1,,,,,
2026-07-13,2026-07-13,CM,NSE,STK,5926,INE306R01017,INTELLECT,EQ,,,,,INTELLECT DESIGN ARENA,758.7,796.35,754.45,778.3,776.55,758.75,,778.3,,,1094736,859131458.0,34374,F1,1,,,,,
2026-07-13,2026-07-13,CM,NSE,STK,20071,INE781A01025,INTENTECH,EQ,,,,,INTENSE TECHNOLOGIES LTD,96.13,98.3,95.21,96.99,97.53,98.79,,96.99,,,43716,4236595.46,434,F1,1,,,,,
2026-07-13,2026-07-13,CM,NSE,STK,24909,INE00M901018,INTERARCH,EQ,,,,,INTERARCH BLDNG SOLTN LTD,1837.6,1857.8,1820.0,1834.5,1836.0,1837.6,,1834.5,,,20330,37365784.9,3363,F1,1,,,,,
2026-07-13,2026-07-13,CM,NSE,STK,11195,INE646L01027,INDIGO,EQ,,,,,INTERGLOBE AVIATION LTD,5175.0,5248.0,5141.5,5229.5,5235.0,5312.0,,5229.5,,,659838,3437405078.0,74780,F1,1,,,,,
2026-07-13,2026-07-13,CM,NSE,STK,22770,INE0OPC01015,INM,SM,,,,,INTERIORS & MORE LIMITED,171.85,171.85,171.85,171.85,171.85,165.0,,171.85,,,600,103110.0,1,F1,600,,,,,
2026-07-13,2026-07-13,CM,NSE,STK,5606,INE575C01027,INTLCONV,EQ,,,,,INTL CONVEYORS LIMITED,81.59,82.02,79.5,79.81,79.5,80.13,,79.84,,,25818,2082889.31,612,F1,1,,,,,
2026-07-13,2026-07-13,CM,NSE,STK,28378,INE0Q9301021,IGIL,EQ,,,,,INTL GEMOLOGICAL INST LTD,345.25,347.5,339.0,346.1,345.85,346.9,,346.1,,,293558,101131520.05,10558,F1,1,,,,,
2026-07-13,2026-07-13,CM,NSE,STK,18479,INE566K01011,ISFT,EQ,,,,,INTRASOFT TECH. LTD,77.86,79.5,75.6,77.65,76.82,77.86,,77.65,,,15853,1235871.15,159,F1,1,,,,,
2026-07-13,2026-07-13,CM,NSE,STK,24870,INE878H01024,INVENTURE,EQ,,,,,INVENTURE GRO & SEC LTD,0.91,0.95,0.91,0.92,0.92,0.91,,0.92,,,1526175,1402785.51,375,F1,1,,,,,
2026-07-13,2026-07-13,CM,NSE,STK,28125,INE115Q01022,IKS,EQ,,,,,INVENTURUS KNOWLEDGE SO L,1928.1,1932.0,1890.0,1903.4,1909.0,1928.1,,1903.2,,,134917,257750211.4,17952,F1,1,,,,,
2026-07-13,2026-07-13,CM,NSE,STK,18292,INF205KA1BP1,IVZINGOLD,EQ,,,,,INVESCO INDIA GOLD ETF,127.35,127.35,122.55,123.0,122.85,124.25,,123.0,,,35446,4359176.25,271,F1,1,,,,,
2026-07-13,2026-07-13,CM,NSE,STK,24217,INF205K01DA9,IVZINNIFTY,EQ,,,,,INVESCO INDIA NIFTY ETF,2706.29,2768.61,2706.29,2766.11,2766.11,2775.69,,2766.11,,,57,157125.52,11,F1,1,,,,,
2026-07-13,2026-07-13,CM,NSE,STK,762722,INE155E01016,INVPRECQ,EQ,,,,,INVESTMENT & PREC CAST L,805.1,810.1,795.0,802.1,804.0,798.05,,802.15,,,2199,1767751.0,108,F1,1,,,,,
2026-07-13,2026-07-13,CM,NSE,STK,760142,INE0XJ501010,INVICTA,ST,,,,,INVICTA DIAGNOSTIC LTD,69.5,69.5,68.0,68.5,68.5,69.0,,68.5,,,9600,658400.0,6,F1,1600,,,,,
2026-07-13,2026-07-13,CM,NSE,STK,20413,INE485C01029,IOLCP,EQ,,,,,IOL CHEM AND PHARMA LTD,170.0,172.9,167.2,169.09,168.0,171.06,,169.12,,,3126211,530465913.64,26492,F1,1,,,,,
2026-07-13,2026-07-13,CM,NSE,STK,1630,INE570A01022,IONEXCHANG,EQ,,,,,ION EXCHANGE (INDIA) LTD,469.4,486.0,448.55,451.7,450.0,468.3,,451.75,,,3306583,1532127284.65,76739,F1,1,,,,,
2026-07-13,2026-07-13,CM,NSE,STK,1633,INE571A01038,IPCALAB,EQ,,,,,IPCA LABORATORIES LTD,1787.9,1838.5,1760.0,1823.3,1824.0,1787.9,,1823.3,,,341668,622195509.1,26586,F1,1,,,,,
2026-07-13,2026-07-13,CM,NSE,STK,15313,INE821I01022,IRB,EQ,,,,,IRB INFRA DEV LTD.,20.19,20.44,20.01,20.32,20.33,20.29,,20.32,,,16185168,327942914.18,23092,F1,1,,,,,
2026-07-13,2026-07-13,CM,NSE,STK,20817,INE183W23014,IRBINVIT,IV,,,,,IRB INVIT FUND,61.97,62.19,61.61,61.77,61.8,61.97,,61.77,,,358007,22150951.22,4682,F1,1,,,,,
2026-07-13,2026-07-13,CM,NSE,STK,4986,INE962Y01021,IRCON,EQ,,,,,IRCON INTERNATIONAL LTD,129.9,132.32,128.62,131.81,132.15,131.36,,131.81,,,1234368,161826544.34,14232,F1,1,,,,,
2026-07-13,2026-07-13,CM,NSE,STK,2275,INE01GN01025,IRISDOREME,EQ,,,,,IRIS CLOTHINGS LIMITED,43.95,44.5,41.28,43.82,43.52,44.33,,43.82,,,764871,33494463.54,2395,F1,1,,,,,
2026-07-13,2026-07-13,CM,NSE,STK,6489,INE864K01010,IRIS,EQ,,,,,IRIS REGTECH SOLUTION LTD,262.65,262.75,255.4,257.95,257.5,257.45,,257.95,,,25244,6527179.4,652,F1,1,,,,,
2026-07-13,2026-07-13,CM,NSE,STK,19597,INE07U701015,IRMENERGY,EQ,,,,,IRM ENERGY LIMITED,263.05,268.35,261.05,266.0,265.65,263.5,,266.0,,,62801,16701485.45,1633,F1,1,,,,,
2026-07-13,2026-07-13,CM,NSE,STK,761208,INE413U07442,925ISF28,N0,,,,,ISF 9.25% 2028,9405.0,9861.0,9405.0,9746.5,9756.0,9818.14,,9746.5,,,62,602026.47,5,F1,1,,,,,
2026-07-13,2026-07-13,CM,NSE,STK,757708,INE413U07426,950ISF27C,N0,,,,,ISF 9.50% 2027,10000.0,10000.0,10000.0,10000.0,10000.0,10000.0,,10000.0,,,15,150000.0,4,F1,1,,,,,
2026-07-13,2026-07-13,CM,NSE,STK,759100,INE413U07434,965ISF28,N0,,,,,ISF 9.65% 2028,99490.0,99490.0,99490.0,99490.0,99490.0,99100.0,,99490.0,,,2,198980.0,2,F1,1,,,,,
2026-07-13,2026-07-13,CM,NSE,STK,3329,INE858B01029,ISGEC,EQ,,,,,ISGEC HEAVY ENG LTD,902.25,907.0,890.05,899.75,897.0,902.25,,899.85,,,34100,30624793.95,3174,F1,1,,,,,
2026-07-13,2026-07-13,CM,NSE,STK,30249,INE561M01018,ISHANCH,EQ,,,,,ISHAN DYES N CHEMICALS L,55.39,57.4,54.56,55.36,55.25,55.18,,55.36,,,7259,404519.46,73,F1,1,,,,,
2026-07-13,2026-07-13,CM,NSE,STK,10995,INE0LCW01025,ISHAN,SM,,,,,ISHAN INTERNATIONAL LTD,0.5,0.55,0.5,0.55,0.55,0.5,,0.55,,,480000,242400.0,9,F1,48000,,,,,
2026-07-13,2026-07-13,CM,NSE,STK,22645,INE0R7R01018,ITALIANE,SM,,,,,ITALIAN EDIBLES LIMITED,36.0,36.0,36.0,36.0,36.0,36.0,,36.0,,,2000,72000.0,1,F1,2000,,,,,
2026-07-13,2026-07-13,CM,NSE,STK,29251,INE379A01028,ITCHOTELS,EQ,,,,,ITC HOTELS LIMITED,185.2,187.58,184.1,186.5,187.0,187.19,,186.5,,,2092352,389689359.97,22346,F1,1,,,,,
2026-07-13,2026-07-13,CM,NSE,STK,1660,INE154A01025,ITC,EQ,,,,,ITC LTD,281.35,281.5,279.5,279.65,279.85,281.75,,279.65,,,12559492,3519171166.2,243354,F1,1,,,,,
2026-07-13,2026-07-13,CM,NSE,STK,1675,INE248A01017,ITI,EQ,,,,,ITI LTD,290.25,291.65,287.85,290.55,291.3,290.25,,290.55,,,235457,68336465.85,6292,F1,1,,,,,
2026-07-13,2026-07-13,CM,NSE,STK,759041,INE056801025,IVALUE,EQ,,,,,IVALUE INFOSOLUTIONS LTD,305.0,321.45,303.2,309.1,308.35,305.95,,309.05,,,660350,206584876.05,15622,F1,1,,,,,
2026-07-13,2026-07-13,CM,NSE,STK,8857,INE043C01018,IVP,BE,,,,,IVP LIMITED,165.0,165.01,161.1,162.55,162.5,165.02,,162.48,,,3444,563472.2,56,F1,1,,,,,
2026-07-13,2026-07-13,CM,NSE,STK,757644,INE1AII01014,IWARE,ST,,,,,IWARE SUPPLYCHAIN SER LTD,443.85,443.85,443.85,443.85,443.85,422.75,,443.85,,,124800,55392480.0,109,F1,600,,,,,
2026-07-13,2026-07-13,CM,NSE,STK,14174,INE848A01014,IZMO,EQ,,,,,IZMO LIMITED,1011.0,1060.3,1009.9,1060.3,1060.3,1009.9,,1060.4,,,123907,130212157.7,2970,F1,1,,,,,
2026-07-13,2026-07-13,CM,NSE,STK,5633,INE168A01041,J&KBANK,EQ,,,,,J & K BANK LTD.,188.99,191.65,181.94,182.6,182.95,192.65,,182.6,,,10888625,2023718260.94,83256,F1,1,,,,,
2026-07-13,2026-07-13,CM,NSE,STK,1726,INE572A01036,JBCHEPHARM,EQ,,,,,J B CHEMICALS AND PHARMA,2415.2,2470.0,2406.6,2460.0,2452.0,2435.5,,2460.0,,,455413,1115864602.5,36556,F1,1,,,,,
2026-07-13,2026-07-13,CM,NSE,STK,23056,INE0MB501011,JGCHEM,EQ,,,,,J.G.CHEMICALS LIMITED,459.7,464.25,451.2,454.35,455.0,456.35,,454.35,,,224575,102750817.0,8920,F1,1,,,,,
2026-07-13,2026-07-13,CM,NSE,STK,13211,INE199G01027,JAGRAN,EQ,,,,,JAGRAN PRAKASHAN LIMITED,63.7,64.56,63.26,63.9,64.01,63.91,,63.9,,,191896,12273094.61,2211,F1,1,,,,,
2026-07-13,2026-07-13,CM,NSE,STK,4410,INE048B01035,JAGSNPHARM,EQ,,,,,JAGSONPAL PHARMACEUTICALS,230.0,233.12,223.11,230.06,230.79,232.77,,230.06,,,58924,13554613.5,2271,F1,1,,,,,
2026-07-13,2026-07-13,CM,NSE,STK,14076,INE091G01026,JAIBALAJI,BE,,,,,JAI BALAJI INDUSTRIES LTD,66.98,67.38,65.65,66.38,66.75,66.06,,66.4,,,218813,14514560.92,711,F1,1,,,,,
2026-07-13,2026-07-13,CM,NSE,STK,5143,INE070D01027,JAICORPLTD,EQ,,,,,JAI CORP LIMITED,110.8,113.89,109.72,111.66,111.6,111.23,,111.67,,,460706,51468519.15,5883,F1,1,,,,,
2026-07-13,2026-07-13,CM,NSE,STK,25684,IN9175A01010,JISLDVREQS,EQ,,,,,JAIN DVR EQUITY SHARES,23.22,23.7,22.81,23.27,23.39,23.46,,23.26,,,9892,228170.49,79,F1,1,,,,,
2026-07-13,2026-07-13,CM,NSE,STK,10397,INE175A01038,JISLJALEQS,EQ,,,,,JAIN IRRIGATION SYSTEMS,31.8,32.46,31.6,32.23,32.16,32.03,,32.23,,,2285527,72857460.49,5126,F1,1,,,,,
2026-07-13,2026-07-13,CM,NSE,STK,759244,INE0YD401026,JAINREC,EQ,,,,,JAIN RESOURCE RECYCLING L,339.95,342.5,335.4,338.5,338.0,340.65,,338.5,,,738415,250889060.6,20108,F1,1,,,,,
2026-07-13,2026-07-13,CM,NSE,STK,758303,INE0XIL01012,JAINIK,SM,,,,,JAINIK POWER CABLES LTD,145.0,145.0,145.0,145.0,145.0,145.05,,145.0,,,14400,2088000.0,2,F1,1200,,,,,
2026-07-13,2026-07-13,CM,NSE,STK,11763,INE351F01018,JPPOWER,EQ,,,,,JAIPRAKASH POWER VEN. LTD,16.9,16.92,16.72,16.79,16.85,17.02,,16.79,,,29220538,491395511.44,25714,F1,1,,,,,
2026-07-13,2026-07-13,CM,NSE,STK,20930,INE349X01015,JALAN,ST,,,,,JALAN TRANSOLU. INDIA LTD,1.85,1.85,1.85,1.85,1.85,1.9,,1.85,,,9000,16650.0,2,F1,3000,,,,,
2026-07-13,2026-07-13,CM,NSE,STK,20778,INE039C01032,JAMNAAUTO,EQ,,,,,JAMNA AUTO IND LTD,135.6,136.79,133.82,135.36,135.5,136.56,,135.36,,,813304,110108156.35,12901,F1,1,,,,,
2026-07-13,2026-07-13,CM,NSE,STK,22666,INE953L01027,JSFB,BL,,,,,JANA SMALL FIN BANK LTD,488.3,488.3,488.3,488.3,488.3,414.0,,488.3,,,1077288,526039730.4,1,F1,999999999,,,,,
2026-07-13,2026-07-13,CM,NSE,STK,22663,INE953L01027,JSFB,EQ,,,,,JANA SMALL FIN BANK LTD,474.1,492.0,474.1,486.75,483.5,474.1,,486.75,,,1076817,522738510.3,27012,F1,1,,,,,
2026-07-13,2026-07-13,CM,NSE,STK,759951,INE00YJ01010,JARO,EQ,,,,,JARO INS OF TEC MG N RE L,520.55,528.6,515.2,524.9,525.95,520.75,,524.85,,,91815,48164440.25,1720,F1,1,,,,,
2026-07-13,2026-07-13,CM,NSE,STK,13982,INE039O01029,JASH,EQ,,,,,JASH ENGINEERING LIMITED,532.75,548.0,524.1,544.4,543.0,532.75,,544.4,,,318537,171901967.15,12625,F1,1,,,,,
2026-07-13,2026-07-13,CM,NSE,STK,25037,INE0SMY01017,JAYBEE,SM,,,,,JAY BEE LAMINATIONS LTD,99.0,105.85,99.0,101.5,102.9,96.35,,101.5,,,43000,4410175.0,60,F1,500,,,,,
2026-07-13,2026-07-13,CM,NSE,STK,1708,INE571B01036,JAYBARMARU,EQ,,,,,JAY BHARAT MARUTI LTD,188.98,197.15,185.4,197.15,197.15,187.77,,197.15,,,583402,113424763.09,5218,F1,1,,,,,
2026-07-13,2026-07-13,CM,NSE,STK,10889,INE0J6801010,KORE,SM,,,,,JAY JALARAM TECHNO LTD,141.9,143.0,137.0,142.0,142.0,130.0,,142.0,,,7750,1083300.0,25,F1,250,,,,,
2026-07-13,2026-07-13,CM,NSE,STK,4041,INE785A01026,JAYAGROGN,EQ,,,,,JAYANT AGRO ORGANICS LTD,225.9,231.77,220.0,222.95,224.4,222.42,,222.99,,,26018,5812270.53,605,F1,1,,,,,
2026-07-13,2026-07-13,CM,NSE,STK,2331,INE854B01010,JAYNECOIND,EQ,,,,,JAYASWAL NECO INDUSTR LTD,91.4,95.99,89.41,93.93,93.99,91.48,,93.93,,,4599822,427967208.59,27998,F1,1,,,,,
2026-07-13,2026-07-13,CM,NSE,STK,760073,INE903A01025,JAYKAY,EQ,,,,,JAYKAY ENTERPRISES LTD,184.9,190.95,182.0,183.53,184.29,185.19,,183.53,,,149991,27961872.73,2753,F1,1,,,,,
2026-07-13,2026-07-13,CM,NSE,STK,1720,INE364A01020,JAYSREETEA,EQ,,,,,JAYSHREE TEA & INDUSTRIES,82.1,85.8,82.1,84.54,84.03,83.38,,84.54,,,39880,3359544.61,1346,F1,1,,,,,
2026-07-13,2026-07-13,CM,NSE,STK,11655,INE927D01051,JBMA,EQ,,,,,JBM AUTO LIMITED,679.0,707.5,673.0,696.55,696.0,684.7,,696.55,,,787720,546460043.35,30523,F1,1,,,,,
2026-07-13,2026-07-13,CM,NSE,STK,758115,INE0J5801029,JSLL,EQ,,,,,JEENA SIKHO LIFECARE LTD,585.0,591.45,578.15,580.45,580.5,593.0,,580.45,,,329511,191742937.0,11064,F1,1,,,,,
2026-07-13,2026-07-13,CM,NSE,STK,7211,INE982V01025,JETFREIGHT,EQ,,,,,JET FREIGHT LOGISTICS LTD,20.5,23.36,20.31,22.64,22.8,20.58,,22.64,,,450473,10047474.14,2029,F1,1,,,,,
2026-07-13,2026-07-13,CM,NSE,STK,25150,INE0RXB01022,JEYYAM,ST,,,,,JEYYAM GLOBAL FOODS LTD,23.0,23.0,22.0,22.45,22.45,22.85,,22.45,,,116000,2596500.0,38,F1,2000,,,,,
2026-07-13,2026-07-13,CM,NSE,STK,13720,INE544H01014,JHS,EQ,,,,,JHS SVEND. LAB. LTD,7.4,7.69,7.4,7.53,7.58,7.59,,7.52,,,17795,133726.19,146,F1,1,,,,,
2026-07-13,2026-07-13,CM,NSE,STK,24145,INE03DD01011,RETAIL,EQ,,,,,JHS SVENDGAARD RETAIL V L,18.99,18.99,17.52,17.57,17.59,17.93,,17.58,,,1855,33082.6,51,F1,1,,,,,
2026-07-13,2026-07-13,CM,NSE,STK,31507,INE147P01019,JPOLYINVST,EQ,,,,,JIND POL INV & FIN CO LTD,1087.1,1139.0,1062.5,1117.5,1114.0,1087.2,,1117.0,,,60175,67629612.2,2110,F1,1,,,,,
2026-07-13,2026-07-13,CM,NSE,STK,13875,INE742C01031,JINDRILL,EQ,,,,,JINDAL DRILLING IND. LTD,620.0,637.35,611.8,625.55,622.55,603.05,,625.55,,,1676550,1046837463.65,34271,F1,1,,,,,
2026-07-13,2026-07-13,CM,NSE,STK,11743,INE796G01012,JINDALPHOT,EQ,,,,,JINDAL PHOTO LIMITED,1144.1,1213.4,1144.1,1189.5,1197.0,1146.0,,1189.9,,,68905,81540275.4,2437,F1,1,,,,,
2026-07-13,2026-07-13,CM,NSE,STK,1756,INE197D01010,JINDALPOLY,EQ,,,,,JINDAL POLY FILMS LIMITED,724.7,747.55,683.55,687.6,687.0,718.3,,687.6,,,100531,71779565.3,5342,F1,1,,,,,
2026-07-13,2026-07-13,CM,NSE,STK,3024,INE324A01032,JINDALSAW,EQ,,,,,JINDAL SAW LIMITED,272.5,273.9,266.15,268.6,267.95,275.8,,268.55,,,1340439,362762554.5,25901,F1,1,,,,,
2026-07-13,2026-07-13,CM,NSE,STK,11236,INE220G01021,JSL,EQ,,,,,JINDAL STAINLESS LIMITED,703.3,716.65,701.1,703.35,704.85,716.4,,703.35,,,571627,403634294.5,36716,F1,1,,,,,
2026-07-13,2026-07-13,CM,NSE,STK,6733,INE749A01030,JINDALSTEL,EQ,,,,,JINDAL STEEL LIMITED,1044.3,1044.3,1010.1,1028.8,1029.0,1051.3,,1028.8,,,1907483,1964192522.3,42108,F1,1,,,,,
2026-07-13,2026-07-13,CM,NSE,STK,20642,INE247D01039,JINDWORLD,EQ,,,,,JINDAL WORLDWIDE LTD,28.99,29.97,28.6,29.77,29.83,29.37,,29.77,,,409516,12102957.82,2501,F1,1,,,,,
2026-07-13,2026-07-13,CM,NSE,STK,759206,INE1FF001016,JKIPL,BE,,,,,JINKUSHAL INDUSTRIES LTD,97.46,100.4,97.0,99.54,100.4,97.73,,99.54,,,46826,4649017.8,74,F1,1,,,,,
2026-07-13,2026-07-13,CM,NSE,STK,18143,INE758E01017,JIOFIN,EQ,,,,,JIO FIN SERVICES LTD,239.8,243.48,239.35,241.41,241.24,241.96,,241.41,,,13432355,3247974487.34,69691,F1,1,,,,,
2026-07-13,2026-07-13,CM,NSE,STK,19691,INE863T01013,JITFINFRA,EQ,,,,,JITF INFRALOGISTICS LTD,334.0,357.6,322.1,357.6,357.6,325.1,,357.6,,,133227,45712393.3,2981,F1,1,,,,,
2026-07-13,2026-07-13,CM,NSE,STK,13270,INE823G01014,JKCEMENT,EQ,,,,,JK CEMENT LIMITED,5355.0,5445.5,5320.0,5361.5,5352.0,5398.5,,5361.5,,,271625,1466191569.0,5645,F1,1,,,,,
2026-07-13,2026-07-13,CM,NSE,STK,13491,INE786A01032,JKLAKSHMI,EQ,,,,,JK LAKSHMI CEMENT LTD,561.2,569.8,557.5,564.15,569.3,561.25,,564.15,,,160468,90521880.45,9119,F1,1,,,,,
2026-07-13,2026-07-13,CM,NSE,STK,11860,INE789E01012,JKPAPER,EQ,,,,,JK PAPER LIMITED,363.6,371.85,362.5,369.05,368.0,365.4,,369.05,,,527755,194119506.75,18484,F1,1,,,,,
2026-07-13,2026-07-13,CM,NSE,STK,14435,INE573A01042,JKTYRE,EQ,,,,,JK TYRE & INDUSTRIES LTD,406.85,412.5,401.85,410.1,410.0,410.3,,410.1,,,1079058,440432278.05,19945,F1,1,,,,,
2026-07-13,2026-07-13,CM,NSE,STK,15266,INE576I01022,JKIL,EQ,,,,,JKUMAR INFR.LTD.,498.7,510.4,494.1,506.25,504.3,500.7,,506.3,,,149649,75875643.0,7187,F1,1,,,,,
2026-07-13,2026-07-13,CM,NSE,STK,13637,INE780C01023,JMFINANCIL,EQ,,,,,JM FINANCIAL LIMITED,124.4,128.5,122.67,127.26,127.2,124.61,,127.26,,,2879925,365982866.48,29998,F1,1,,,,,
2026-07-13,2026-07-13,CM,NSE,STK,23621,INE0OAF01028,JNKINDIA,EQ,,,,,JNK INDIA LIMITED,509.35,509.85,495.55,504.95,508.0,509.35,,504.95,,,300492,151139293.0,7075,F1,1,,,,,
2026-07-13,2026-07-13,CM,NSE,STK,16931,INE839G01010,JOCIL,BE,,,,,JOCIL LIMITED,155.0,155.0,144.0,144.04,144.1,148.05,,144.04,,,1669,241046.35,29,F1,1,,,,,
2026-07-13,2026-07-13,CM,NSE,STK,762623,INE515A01019,COCKERILL,EQ,,,,,JOHN COCKERILL INDIA LTD.,9400.0,10070.0,9325.0,9602.5,9612.5,9548.5,,9602.5,,,15800,153706538.0,5412,F1,1,,,,,
2026-07-13,2026-07-13,CM,NSE,STK,758460,INE718I01012,JSWCEMENT,EQ,,,,,JSW CEMENT LIMITED,137.85,139.65,136.95,138.29,137.99,138.22,,138.29,,,3029827,419079255.38,15516,F1,1,,,,,
2026-07-13,2026-07-13,CM,NSE,STK,1467,INE133A01011,JSWDULUX,EQ,,,,,JSW DULUX LIMITED,2940.2,2958.0,2905.0,2942.1,2947.0,2933.5,,2941.9,,,12639,37142416.8,3674,F1,1,,,,,
2026-07-13,2026-07-13,CM,NSE,STK,17869,INE121E01018,JSWENERGY,EQ,,,,,JSW ENERGY LIMITED,554.95,556.5,547.65,553.65,556.0,553.45,,553.65,,,2304774,1272333523.05,61161,F1,1,,,,,
2026-07-13,2026-07-13,CM,NSE,STK,11880,INE824G01012,JSWHL,EQ,,,,,JSW HOLDINGS LIMITED,11248.0,11487.0,11105.0,11420.0,11291.0,11248.0,,11411.0,,,3384,38352266.0,1546,F1,1,,,,,
2026-07-13,2026-07-13,CM,NSE,STK,19020,INE880J01026,JSWINFRA,EQ,,,,,JSW INFRASTRUCTURE LTD,331.95,355.8,331.7,351.2,352.0,330.05,,351.2,,,14799789,5143369130.45,188693,F1,1,,,,,
2026-07-13,2026-07-13,CM,NSE,STK,11723,INE019A01038,JSWSTEEL,EQ,,,,,JSW STEEL LIMITED,1235.2,1240.1,1220.4,1237.4,1240.0,1245.4,,1237.4,,,1403822,1731223285.0,61265,F1,1,,,,,
2026-07-13,2026-07-13,CM,NSE,STK,3237,INE643A01035,JTEKTINDIA,EQ,,,,,JTEKT INDIA LIMITED,143.99,145.8,141.91,144.09,144.2,144.9,,144.09,,,136584,19709934.71,2564,F1,1,,,,,
2026-07-13,2026-07-13,CM,NSE,STK,7287,INE391J01032,JTLIND,EQ,,,,,JTL INDUSTRIES LIMITED,76.9,79.19,75.6,78.24,78.42,78.04,,78.24,,,1766970,137619577.38,10058,F1,1,,,,,
2026-07-13,2026-07-13,CM,NSE,STK,29590,INE03CC01015,JUBLCPL,EQ,,,,,JUBILANT AGRI N CON PRO L,2097.7,2109.4,2030.4,2051.3,2055.2,2089.8,,2049.9,,,3016,6244838.5,618,F1,1,,,,,
2026-07-13,2026-07-13,CM,NSE,STK,18096,INE797F01020,JUBLFOOD,EQ,,,,,JUBILANT FOODWORKS LTD,433.35,438.85,428.05,431.4,432.0,438.05,,431.6,,,1799503,778915483.9,35252,F1,1,,,,,
2026-07-13,2026-07-13,CM,NSE,STK,2783,INE0BY001018,JUBLINGREA,EQ,,,,,JUBILANT INGREVIA LIMITED,722.4,739.5,716.3,733.2,735.0,722.3,,733.1,,,564074,410829362.45,23677,F1,1,,,,,
2026-07-13,2026-07-13,CM,NSE,STK,3637,INE700A01033,JUBLPHARMA,EQ,,,,,JUBILANT PHARMOVA LTD,964.2,977.85,958.5,972.7,970.0,964.2,,972.7,,,149508,144747337.5,15410,F1,1,,,,,
2026-07-13,2026-07-13,CM,NSE,STK,7109,INE412C01023,JMA,EQ,,,,,JULLUNDUR MOT AGENCY LTD,91.38,91.38,88.3,89.1,89.3,90.29,,89.1,,,6908,624006.93,228,F1,1,,,,,
2026-07-13,2026-07-13,CM,NSE,STK,22824,INE696F01016,JUNIPER,EQ,,,,,JUNIPER HOTELS LIMITED,198.92,201.95,193.01,199.95,197.2,198.92,,200.06,,,141149,27976666.28,2299,F1,1,,,,,
2026-07-13,2026-07-13,CM,NSE,STK,18553,INE682M01012,JLHL,EQ,,,,,JUPITER LIFE LINE HOSP L,1448.0,1467.1,1441.0,1463.7,1462.5,1455.8,,1463.7,,,15912,23278116.5,2170,F1,1,,,,,
2026-07-13,2026-07-13,CM,NSE,STK,20224,INE209L01016,JWL,EQ,,,,,JUPITER WAGONS LIMITED,256.8,261.65,253.3,259.65,259.85,256.8,,259.65,,,850328,220013268.35,16913,F1,1,,,,,
2026-07-13,2026-07-13,CM,NSE,STK,29962,INE599M01018,JUSTDIAL,EQ,,,,,JUSTDIAL LTD.,601.95,676.85,601.95,676.85,676.85,564.05,,677.0,,,15126498,9799630760.4,211760,F1,1,,,,,
2026-07-13,2026-07-13,CM,NSE,STK,15146,INE668F01031,JYOTHYLAB,EQ,,,,,JYOTHY LABS LIMITED,200.54,202.0,198.45,200.66,201.29,200.54,,200.66,,,366680,73573749.65,8672,F1,1,,,,,
2026-07-13,2026-07-13,CM,NSE,STK,21334,INE980O01024,JYOTICNC,EQ,,,,,JYOTI CNC AUTOMATION LTD,793.15,799.65,782.1,784.9,785.75,796.55,,784.85,,,500245,395135080.95,24012,F1,1,,,,,
2026-07-13,2026-07-13,CM,NSE,STK,758221,INE1M3T01017,JYOTIGLOBL,SM,,,,,JYOTI GLOBAL PLAST LTD,41.0,41.0,41.0,41.0,41.0,38.75,,41.0,,,4000,164000.0,2,F1,2000,,,,,
2026-07-13,2026-07-13,CM,NSE,STK,1802,INE197A01024,JYOTISTRUC,EQ,,,,,JYOTI STRUCTURES LTD,11.69,11.69,11.4,11.45,11.51,11.71,,11.45,,,2559901,29531910.53,3017,F1,1,,,,,
2026-07-13,2026-07-13,CM,NSE,STK,14667,INE157H01023,KMSUGAR,EQ,,,,,K M SUGAR MILLS LTD,28.47,28.49,26.8,27.96,27.66,28.07,,27.96,,,252637,7054814.12,1432,F1,1,,,,,
2026-07-13,2026-07-13,CM,NSE,STK,27079,INE127T01021,KPEL,EQ,,,,,K.P. ENERGY LIMITED,326.05,337.95,321.8,329.75,328.9,328.65,,329.8,,,190642,63196403.0,5215,F1,1,,,,,
2026-07-13,2026-07-13,CM,NSE,STK,23462,INE0DEZ01013,K2INFRA,ST,,,,,K2 INFRAGEN LIMITED,60.3,62.0,59.2,60.6,60.2,62.0,,60.6,,,19200,1162500.0,28,F1,600,,,,,
2026-07-13,2026-07-13,CM,NSE,STK,1805,INE900B01029,KABRAEXTRU,EQ,,,,,KABRA EXTRUSION TECHNIK L,292.7,326.8,285.0,315.65,317.95,294.35,,315.65,,,555362,176101071.2,13486,F1,1,,,,,
2026-07-13,2026-07-13,CM,NSE,STK,29192,INE0XOW01017,KKJEWELS,SM,,,,,KABRA JEWELS LIMITED,104.0,104.0,104.0,104.0,104.0,105.45,,104.0,,,3000,312000.0,3,F1,1000,,,,,
2026-07-13,2026-07-13,CM,NSE,STK,1808,INE217B01036,KAJARIACER,EQ,,,,,KAJARIA CERAMICS LTD,1210.1,1257.5,1204.0,1236.4,1243.0,1218.0,,1236.4,,,730261,905819773.3,24194,F1,1,,,,,
2026-07-13,2026-07-13,CM,NSE,STK,8945,INE437B01014,KAKATCEM,BE,,,,,KAKATIYA CEM SUGAR &IND L,115.0,119.0,115.0,116.08,116.08,114.64,,117.04,,,570,66778.44,16,F1,1,,,,,
2026-07-13,2026-07-13,CM,NSE,STK,25443,INE0T0L01014,KALANA,SM,,,,,KALANA ISPAT LIMITED,18.5,18.5,18.5,18.5,18.5,18.5,,18.5,,,4000,74000.0,2,F1,2000,,,,,
2026-07-13,2026-07-13,CM,NSE,STK,758558,INE227J01012,KALPATARU,EQ,,,,,KALPATARU LIMITED,287.0,300.4,283.0,284.9,284.8,288.05,,284.9,,,316313,92002588.8,8499,F1,1,,,,,
2026-07-13,2026-07-13,CM,NSE,STK,1814,INE220B01022,KPIL,EQ,,,,,KALPATARU PROJECT INT LTD,1340.0,1347.0,1322.6,1341.7,1344.5,1352.0,,1341.6,,,134485,179433473.5,14137,F1,1,,,,,
2026-07-13,2026-07-13,CM,NSE,STK,2955,INE303R01014,KALYANKJIL,EQ,,,,,KALYAN JEWELLERS IND LTD,470.5,531.9,469.0,510.65,511.35,476.15,,510.65,,,154485625,78923811698.05,892993,F1,1,,,,,
2026-07-13,2026-07-13,CM,NSE,STK,15156,INE314G01014,KALYANIFRG,EQ,,,,,KALYANI FORGE LIMITED,632.95,632.95,606.5,613.05,617.8,624.85,,612.85,,,935,575524.7,114,F1,1,,,,,
2026-07-13,2026-07-13,CM,NSE,STK,21119,INE029L01018,KICL,EQ,,,,,KALYANI INVEST CO LTD,5534.0,5778.0,5506.5,5679.5,5670.5,5556.5,,5680.0,,,11641,66282921.5,2077,F1,1,,,,,
2026-07-13,2026-07-13,CM,NSE,STK,18889,INE907A01026,KSL,EQ,,,,,KALYANI STEELS LIMITED,959.0,982.55,952.05,972.3,974.0,959.2,,972.3,,,86076,83679108.0,4316,F1,1,,,,,
2026-07-13,2026-07-13,CM,NSE,STK,762732,INE411F01010,KAMAHOLD,EQ,,,,,KAMA HOLDINGS LTD.,2579.8,2579.8,2546.0,2554.6,2550.0,2593.6,,2555.1,,,2145,5482755.3,561,F1,1,,,,,
2026-07-13,2026-07-13,CM,NSE,STK,1826,INE967C01018,KAMATHOTEL,EQ,,,,,KAMAT HOTELS (I) LTD,187.5,189.96,185.21,186.65,186.9,188.99,,186.65,,,24888,4658045.83,863,F1,1,,,,,
2026-07-13,2026-07-13,CM,NSE,STK,13461,INE390H01020,KAMDHENU,BE,,,,,KAMDHENU LIMITED,32.0,32.48,31.37,32.05,31.75,33.02,,32.03,,,1666400,52557674.67,1364,F1,1,,,,,
2026-07-13,2026-07-13,CM,NSE,STK,13814,INE0BTI01037,KAMOPAINTS,EQ,,,,,KAMDHENU VENTURES LIMITED,5.02,5.02,4.76,4.8,4.86,4.9,,4.8,,,598627,2882219.07,1544,F1,1,,,,,
2026-07-13,2026-07-13,CM,NSE,STK,25786,INE879E01037,KANANIIND,EQ,,,,,KANANI INDUSTRIES LTD,1.52,1.8,1.51,1.54,1.52,1.55,,1.54,,,143589,223413.54,317,F1,1,,,,,
2026-07-13,2026-07-13,CM,NSE,STK,762740,INE081G01019,KANCHI,BE,,,,,KANCHI KARPOORAM LTD.,368.0,368.0,361.1,364.05,368.0,360.25,,364.05,,,8,2916.4,4,F1,1,,,,,
2026-07-13,2026-07-13,CM,NSE,STK,11208,INE0MOT01016,KANDARP,SM,,,,,KANDARP DG SMART BPO LTD,105.0,105.0,105.0,105.0,105.0,101.0,,105.0,,,1000,105000.0,1,F1,1000,,,,,
2026-07-13,2026-07-13,CM,NSE,STK,9805,INE138C01024,KANORICHEM,BE,,,,,KANORIACHEMICALS-,136.41,137.99,133.0,133.36,134.47,136.41,,133.54,,,14265,1931169.35,161,F1,1,,,,,
2026-07-13,2026-07-13,CM,NSE,STK,1782,INE694E01014,KANPRPLA,EQ,,,,,KANPUR PLASTIPACK LIMITED,195.9,207.9,191.51,202.94,204.25,198.84,,202.73,,,17175,3467104.98,377,F1,1,,,,,
2026-07-13,2026-07-13,CM,NSE,STK,1196,INE531A01024,KANSAINER,EQ,,,,,KANSAI NEROLAC PAINTS LTD,202.64,203.0,200.02,202.32,202.3,202.64,,202.31,,,120183,24241802.19,3988,F1,1,,,,,
2026-07-13,2026-07-13,CM,NSE,STK,18967,INE542Z01028,KAPSTON,EQ,,,,,KAPSTON SERVICES LIMITED,395.0,425.0,395.0,413.7,415.45,415.3,,413.7,,,53919,22349887.2,2668,F1,1,,,,,
2026-07-13,2026-07-13,CM,NSE,STK,24385,INE725L01011,KARMAENG,EQ,,,,,KARMA ENERGY LIMITED,40.84,40.84,38.84,39.98,40.01,39.28,,39.98,,,4959,198040.49,126,F1,1,,,,,
2026-07-13,2026-07-13,CM,NSE,STK,8054,INE614B01018,KTKBANK,EQ,,,,,KARNATAKA BANK LIMITED,273.9,279.8,272.5,278.95,278.5,276.35,,278.95,,,1796025,497328860.05,20638,F1,1,,,,,
2026-07-13,2026-07-13,CM,NSE,STK,19465,INE0MGA01012,KARNIKA,SM,,,,,KARNIKA INDUSTRIES LTD,120.0,126.9,120.0,123.05,122.0,119.75,,123.05,,,148000,18290300.0,126,F1,1000,,,,,
2026-07-13,2026-07-13,CM,NSE,STK,1838,INE036D01028,KARURVYSYA,EQ,,,,,KARUR VYSYA BANK LTD,305.0,312.0,301.1,308.4,307.5,305.65,,308.4,,,2533423,783128398.75,48016,F1,1,,,,,
2026-07-13,2026-07-13,CM,NSE,STK,24528,INE0SVY01018,KATARIA,SM,,,,,KATARIA INDUSTRIES LTD,101.1,101.1,100.7,100.7,100.7,100.7,,100.7,,,1800,181680.0,3,F1,600,,,,,
2026-07-13,2026-07-13,CM,NSE,STK,15140,INE234I01028,KAUSHALYA,BE,,,,,KAUSHALYA INFRA DEV LTD.,982.75,982.75,982.75,982.75,982.75,1034.45,,984.25,,,464,455996.0,52,F1,1,,,,,
2026-07-13,2026-07-13,CM,NSE,STK,21186,INE0Q2V01012,KLL,SM,,,,,KAUSHALYA LOGISTICS LTD,31.3,32.75,31.3,31.8,32.1,31.95,,31.8,,,3200,102120.0,4,F1,800,,,,,
2026-07-13,2026-07-13,CM,NSE,STK,14972,INE455I01029,KSCL,EQ,,,,,KAVERI SEED CO. LTD.,858.45,870.15,857.75,864.35,862.7,869.95,,864.35,,,41109,35534980.5,2523,F1,1,,,,,
2026-07-13,2026-07-13,CM,NSE,STK,15244,INE641C01019,KAVDEFENCE,EQ,,,,,KAVVERI DFS & WIR TEC LTD,62.51,63.39,60.61,61.67,61.95,62.85,,61.64,,,79809,4931118.43,1312,F1,1,,,,,
2026-07-13,2026-07-13,CM,NSE,STK,21185,INE0RCG01017,KCEIL,ST,,,,,KAY CEE ENERGY & INFRA L,88.65,90.0,87.5,88.05,88.8,91.8,,88.05,,,18000,1593325.0,32,F1,500,,,,,
2026-07-13,2026-07-13,CM,NSE,STK,10276,INE587G01015,KAYA,EQ,,,,,KAYA LIMITED,243.98,245.0,242.5,243.06,244.85,241.68,,243.06,,,945,229968.57,59,F1,1,,,,,
2026-07-13,2026-07-13,CM,NSE,STK,12092,INE918Z01012,KAYNES,EQ,,,,,KAYNES TECHNOLOGY IND LTD,3300.0,3332.8,3270.1,3319.5,3320.1,3336.1,,3319.4,,,796963,2630842745.2,51521,F1,1,,,,,
2026-07-13,2026-07-13,CM,NSE,STK,758868,INE13ZD01013,KAYTEX,SM,,,,,KAYTEX FABRICS LIMITED,60.0,60.6,59.15,60.5,60.5,57.8,,60.5,,,6400,385080.0,8,F1,800,,,,,
2026-07-13,2026-07-13,CM,NSE,STK,10293,INE0J1E01027,KCK,SM,,,,,KCK INDUSTRIES LTD,15.9,16.8,15.05,16.0,16.0,15.45,,16.0,,,1712500,27745000.0,302,F1,2500,,,,,
2026-07-13,2026-07-13,CM,NSE,STK,1841,INE805C01028,KCP,EQ,,,,,KCP LTD,170.6,176.1,168.01,174.04,174.2,170.6,,174.05,,,121069,20917567.06,2334,F1,1,,,,,
2026-07-13,2026-07-13,CM,NSE,STK,4809,INE790B01024,KCPSUGIND,EQ,,,,,KCP SUGAR IND CORP LTD.,21.73,22.4,21.73,21.97,21.95,21.96,,21.97,,,177929,3924729.15,640,F1,1,,,,,
2026-07-13,2026-07-13,CM,NSE,STK,14908,INE291D01011,KDDL,EQ,,,,,KDDL LIMITED,3250.0,3390.0,3185.0,3363.2,3371.7,3251.2,,3363.1,,,38936,129605848.3,5607,F1,1,,,,,
2026-07-13,2026-07-13,CM,NSE,STK,13260,INE389H01022,KEC,EQ,,,,,KEC INTL. LIMITED,500.0,500.75,494.3,495.85,496.0,504.85,,495.85,,,939485,466152639.75,20436,F1,1,,,,,
2026-07-13,2026-07-13,CM,NSE,STK,13310,INE878B01027,KEI,EQ,,,,,KEI INDUSTRIES LTD.,5139.0,5233.0,5090.0,5112.0,5110.0,5149.5,,5112.0,,,323058,1666023376.0,35164,F1,1,,,,,
2026-07-13,2026-07-13,CM,NSE,STK,13430,INE164B01030,KELLTONTEC,EQ,,,,,KELLTON TECH SOL LTD,15.4,15.76,15.1,15.45,15.54,15.36,,15.45,,,2541085,39097964.55,5225,F1,1,,,,,
2026-07-13,2026-07-13,CM,NSE,STK,29547,INE15DO01012,KEN,SM,,,,,KEN ENTERPRISES LIMITED,35.35,35.35,35.3,35.3,35.3,34.75,,35.3,,,2400,84780.0,2,F1,1200,,,,,
2026-07-13,2026-07-13,CM,NSE,STK,11841,INE717A01029,KENNAMET,EQ,,,,,KENNAMETAL INDIA LIMITED,2812.6,2817.9,2756.1,2769.1,2763.3,2812.4,,2769.4,,,8733,24294820.7,1753,F1,1,,,,,
2026-07-13,2026-07-13,CM,NSE,STK,13121,INE202H01019,KERNEX,EQ,,,,,KERNEX MICROSYS(I) LTD,2148.0,2242.0,2121.2,2233.4,2240.0,2157.5,,2233.3,,,163388,358940021.9,12172,F1,1,,,,,
2026-07-13,2026-07-13,CM,NSE,STK,4981,INE087A01019,KESORAMIND,BE,,,,,KESORAM INDUSTRIES LTD,10.57,10.57,10.56,10.56,10.56,10.37,,10.58,,,452593,4783736.9,284,F1,1,,,,,
2026-07-13,2026-07-13,CM,NSE,STK,13381,INE401H01017,KKCL,EQ,,,,,KEWAL KIRAN CLOTHING LTD,498.95,505.75,490.1,504.05,503.0,499.15,,504.05,,,19967,10041311.25,945,F1,1,,,,,
2026-07-13,2026-07-13,CM,NSE,STK,4157,INE681C01015,KEYFINSERV,EQ,,,,,KEYNOTE FIN SERV LTD.,264.68,265.0,255.27,259.37,259.2,264.68,,259.43,,,562,145888.01,44,F1,1,,,,,
2026-07-13,2026-07-13,CM,NSE,STK,12219,INE263M01029,RUSTOMJEE,EQ,,,,,KEYSTONE REALTORS LIMITED,415.0,425.5,405.75,419.3,417.65,424.05,,419.3,,,140094,58415881.75,4955,F1,1,,,,,
2026-07-13,2026-07-13,CM,NSE,STK,13359,INE138Y01010,KFINTECH,EQ,,,,,KFIN TECHNOLOGIES LIMITED,900.0,930.0,891.1,925.85,928.0,901.1,,925.85,,,1888791,1732197543.45,53343,F1,1,,,,,
2026-07-13,2026-07-13,CM,NSE,STK,433,INE834I01025,KHADIM,BE,,,,,KHADIM INDIA LIMITED,96.11,102.24,96.11,101.34,101.4,100.49,,101.21,,,29814,2985603.08,248,F1,1,,,,,
2026-07-13,2026-07-13,CM,NSE,STK,9582,INE731C01018,KHAITANLTD,BE,,,,,KHAITAN (INDIA)LTD.,134.5,134.5,125.0,132.9,132.9,131.0,,131.25,,,2094,273079.11,48,F1,1,,,,,
2026-07-13,2026-07-13,CM,NSE,STK,902,INE745B01028,KHAICHEM,BE,,,,,KHAITAN CHEM & FERT LTD,51.87,53.0,51.6,51.92,51.8,51.58,,51.92,,,110105,5726928.23,469,F1,1,,,,,
2026-07-13,2026-07-13,CM,NSE,STK,9641,INE060B01014,KHANDSE,EQ,,,,,KHANDWALA SECURITIES LTD,17.6,17.8,16.6,17.47,17.8,17.74,,17.53,,,9363,161068.79,97,F1,1,,,,,
2026-07-13,2026-07-13,CM,NSE,STK,9570,INE00UG01014,KHFM,SM,,,,,KHFM HOS FAC MANA SER LTD,53.25,53.25,50.0,51.85,51.85,53.25,,51.85,,,35650,1796295.0,17,F1,1550,,,,,
2026-07-13,2026-07-13,CM,NSE,STK,762747,INE338F01015,KLBRENG-B,EQ,,,,,KILBURN ENGINEERING LTD.,452.0,462.55,448.95,454.9,455.95,453.1,,454.9,,,366876,166667830.7,6265,F1,1,,,,,
2026-07-13,2026-07-13,CM,NSE,STK,19941,INE729D01010,KILITCH,BE,,,,,KILITCH DRUGS INDIA LTD,183.0,185.07,175.15,179.71,180.0,183.1,,179.72,,,30090,5428174.19,356,F1,1,,,,,
2026-07-13,2026-07-13,CM,NSE,STK,18944,INE473D01015,KINGFA,EQ,,,,,KINGFA SCI & TEC IND LTD.,5146.5,5184.0,5007.0,5117.0,5125.0,5146.5,,5117.0,,,6101,31347196.5,1902,F1,1,,,,,
2026-07-13,2026-07-13,CM,NSE,STK,19126,INE880L01014,KIOCL,EQ,,,,,KIOCL LIMITED,380.95,388.0,375.8,386.5,387.05,380.95,,386.45,,,88067,33639889.8,3246,F1,1,,,,,
2026-07-13,2026-07-13,CM,NSE,STK,762742,INE555P01013,KIRANVYPAR,EQ,,,,,KIRAN VYAPAR LTD.,188.0,197.45,186.0,194.04,197.45,193.68,,194.04,,,1505,287721.55,45,F1,1,,,,,
2026-07-13,2026-07-13,CM,NSE,STK,16639,INE415I01015,KIRIINDUS,EQ,,,,,KIRI INDUSTRIES LIMITED,385.45,405.0,380.1,402.2,401.7,387.8,,402.1,,,470315,186762343.65,9781,F1,1,,,,,
2026-07-13,2026-07-13,CM,NSE,STK,18581,INE732A01036,KIRLOSBROS,EQ,,,,,KIRLOSKAR BROTHERS LTD,1920.5,1965.9,1898.0,1950.0,1954.6,1920.5,,1950.0,,,80149,155968048.9,7869,F1,1,,,,,
2026-07-13,2026-07-13,CM,NSE,STK,18224,INE134B01017,KECL,BE,,,,,KIRLOSKAR ELECTRIC CO LTD,110.15,120.0,110.05,116.91,119.94,115.19,,116.91,,,136240,15553536.02,918,F1,1,,,,,
2026-07-13,2026-07-13,CM,NSE,STK,14466,INE884B01025,KIRLFER,EQ,,,,,KIRLOSKAR FERROUS IND LTD,469.95,478.4,463.3,472.55,472.25,468.1,,472.55,,,93744,44111541.1,5616,F1,1,,,,,
2026-07-13,2026-07-13,CM,NSE,STK,19025,INE250A01039,KIRLOSIND,EQ,,,,,KIRLOSKAR INDUSTRIES LTD,4127.5,4180.0,4040.0,4110.9,4070.0,4134.3,,4110.7,,,14922,61340294.1,2668,F1,1,,,,,
2026-07-13,2026-07-13,CM,NSE,STK,20936,INE146L01010,KIRLOSENG,EQ,,,,,KIRLOSKAR OIL ENG LTD,2485.0,2572.0,2420.0,2436.2,2430.0,2491.9,,2436.0,,,655715,1639189256.6,45044,F1,1,,,,,
2026-07-13,2026-07-13,CM,NSE,STK,15180,INE811A01020,KIRLPNU,EQ,,,,,KIRLOSKAR PNEUMATIC COM L,1784.0,1804.9,1765.1,1768.8,1768.0,1783.7,,1768.8,,,71332,127299891.5,10097,F1,1,,,,,
2026-07-13,2026-07-13,CM,NSE,STK,28899,INE602G01020,KITEX,EQ,,,,,KITEX GARMENTS LTD,152.46,153.45,150.55,152.88,153.0,153.35,,152.88,,,530237,80538953.24,4803,F1,1,,,,,
2026-07-13,2026-07-13,CM,NSE,STK,760923,INE0KNW01016,KNAGRI,EQ,,,,,KN AGRI RESOURCES LIMITED,208.0,210.49,203.85,206.9,205.0,207.28,,206.9,,,9182,1905887.5,390,F1,1,,,,,
2026-07-13,2026-07-13,CM,NSE,STK,763839,INE17QZ01016,KNACK,EQ,,,,,KNACK PACKAGING LIMITED,209.48,217.23,203.14,205.29,203.55,209.58,,205.63,,,7234507,1528477622.91,52668,F1,1,,,,,
2026-07-13,2026-07-13,CM,NSE,STK,27084,INE0CJD01029,KMEW,EQ,,,,,KNOWLEDGE MARINE & EN W L,2404.0,2465.0,2371.0,2425.4,2414.9,2412.7,,2425.5,,,129090,313121658.4,18493,F1,1,,,,,
2026-07-13,2026-07-13,CM,NSE,STK,758431,INE1JAR25012,KRT,RR,,,,,KNOWLEDGE REALTY TRUST,115.56,115.85,115.37,115.76,115.77,115.56,,115.77,,,99449,11500986.71,5740,F1,1,,,,,
2026-07-13,2026-07-13,CM,NSE,STK,15283,INE634I01029,KNRCON,EQ,,,,,KNR CONSTRU LTD.,127.6,130.49,126.95,129.02,129.2,129.05,,129.01,,,495558,63934617.86,7850,F1,1,,,,,
2026-07-13,2026-07-13,CM,NSE,STK,18751,INE0Q7P01013,KODYTECH,SM,,,,,KODY TECHNOLAB LIMITED,1235.0,1287.9,1228.15,1263.2,1275.0,1216.75,,1263.2,,,26000,32699790.0,221,F1,100,,,,,
2026-07-13,2026-07-13,CM,NSE,STK,3009,INE080B01012,KOHINOOR,EQ,,,,,KOHINOOR FOODS LIMITED,24.37,24.73,24.07,24.32,24.15,24.37,,24.32,,,121979,2969390.31,2140,F1,1,,,,,
2026-07-13,2026-07-13,CM,NSE,STK,16827,INE760A01029,KOKUYOCMLN,EQ,,,,,KOKUYO CAMLIN LIMITED,87.0,88.2,86.2,86.73,86.5,87.71,,86.73,,,37410,3265001.16,553,F1,1,,,,,
2026-07-13,2026-07-13,CM,NSE,STK,15124,INE094I01018,KOLTEPATIL,EQ,,,,,KOLTE PATIL DEV. LTD.,370.0,394.9,367.5,387.5,387.85,370.45,,387.5,,,366503,142286727.55,10444,F1,1,,,,,
2026-07-13,2026-07-13,CM,NSE,STK,22475,INE0QEI01011,KONSTELEC,ST,,,,,KONSTELEC ENGINEERS LTD,58.7,58.7,58.7,58.7,58.7,55.95,,58.7,,,13000,763100.0,10,F1,1000,,,,,
2026-07-13,2026-07-13,CM,NSE,STK,19287,INE0KZ301010,KONTOR,SM,,,,,KONTOR SPACE LIMITED,58.0,65.0,58.0,64.9,64.9,58.0,,64.9,,,3000,186480.0,4,F1,600,,,,,
2026-07-13,2026-07-13,CM,NSE,STK,4951,INE082A01010,KOPRAN,BE,,,,,KOPRAN LTD,189.01,206.66,189.01,206.66,206.66,196.82,,206.77,,,371535,75986871.67,2281,F1,1,,,,,
2026-07-13,2026-07-13,CM,NSE,STK,16758,INE0O4R01018,KDL,SM,,,,,KORE DIGITAL LIMITED,116.9,118.0,114.0,116.2,115.0,116.2,,116.2,,,13200,1527240.0,58,F1,150,,,,,
2026-07-13,2026-07-13,CM,NSE,STK,14858,INF174KA1HJ8,GOLD1,EQ,,,,,KOTAK GOLD ETF,117.3,118.27,115.03,118.08,117.98,119.26,,118.08,,,1430051,168484293.4,12192,F1,1,,,,,
2026-07-13,2026-07-13,CM,NSE,STK,1922,INE237A01036,KOTAKBANK,EQ,,,,,KOTAK MAHINDRA BANK LTD,375.8,385.15,375.1,384.65,385.05,377.6,,384.65,,,14167721,5390810675.65,114076,F1,1,,,,,
2026-07-13,2026-07-13,CM,NSE,STK,18102,INF174K014P6,NIFTY1,EQ,,,,,KOTAK NIFTY ETF,267.89,269.13,265.1,268.36,269.13,267.89,,268.36,,,286660,76795266.91,2105,F1,1,,,,,
2026-07-13,2026-07-13,CM,NSE,STK,15061,INF174KA1A86,PSUBANK,EQ,,,,,KOTAK PSU BANK,83.17,85.48,83.17,84.65,84.56,85.31,,84.65,,,373393,31590505.44,870,F1,1,,,,,
2026-07-13,2026-07-13,CM,NSE,STK,759885,INF174KA1XV0,CHEMICAL,EQ,,,,,KOTAKMAMC - CHEMICAL,29.85,29.85,29.5,29.64,29.55,29.85,,29.64,,,439891,13062547.32,1104,F1,1,,,,,
2026-07-13,2026-07-13,CM,NSE,STK,7412,INF174KA1IA5,ALPHA,EQ,,,,,KOTAKMAMC - KOTAKALPHA,53.2,53.2,51.25,51.88,51.9,51.91,,51.88,,,714735,37011628.56,2504,F1,1,,,,,
2026-07-13,2026-07-13,CM,NSE,STK,10512,INF174KA1ZF8,CONS,EQ,,,,,KOTAKMAMC - KOTAKCONS,11.99,12.03,11.93,11.96,12.03,12.04,,11.96,,,534152,6388700.87,154,F1,1,,,,,
2026-07-13,2026-07-13,CM,NSE,STK,2627,INF174KA1GC5,IT,EQ,,,,,KOTAKMAMC - KOTAKIT,31.2,32.4,30.77,32.15,32.1,31.01,,32.15,,,1209534,38626878.89,2078,F1,1,,,,,
2026-07-13,2026-07-13,CM,NSE,STK,13950,INF174KA1LV5,LIQUID1,EQ,,,,,KOTAKMAMC - KOTAKLIQ,1114.0,1115.0,1111.87,1113.22,1113.24,1113.06,,1113.22,,,679636,756589218.06,647,F1,1,,,,,
2026-07-13,2026-07-13,CM,NSE,STK,8632,INF174KA1IY5,LOWVOL1,EQ,,,,,KOTAKMAMC - KOTAKLOVOL,21.06,21.3,20.9,21.15,21.3,21.08,,21.15,,,387410,8156983.42,198,F1,1,,,,,
2026-07-13,2026-07-13,CM,NSE,STK,8077,INF174KA1ZC5,MIDCAP,EQ,,,,,KOTAKMAMC - KOTAKMID50,18.4,18.6,18.29,18.44,18.5,18.4,,18.44,,,397597,7318722.73,1107,F1,1,,,,,
2026-07-13,2026-07-13,CM,NSE,STK,10676,INF174KA1JF2,MNC,EQ,,,,,KOTAKMAMC - KOTAKMNC,33.65,33.65,33.15,33.37,33.58,33.65,,33.37,,,94406,3148970.49,434,F1,1,,,,,
2026-07-13,2026-07-13,CM,NSE,STK,13082,INF174KA1ZD3,SILVER1,EQ,,,,,KOTAKMAMC - KOTAKSILVE,21.19,21.19,20.61,21.02,21.0,21.2,,21.02,,,4229784,88396611.32,6830,F1,1,,,,,
2026-07-13,2026-07-13,CM,NSE,STK,11457,INF174KA1ZE1,NV20,EQ,,,,,KOTAKMAMC - KTKNV20ETF,14.25,14.25,13.97,14.18,14.21,14.12,,14.18,,,60959,860187.97,229,F1,1,,,,,
2026-07-13,2026-07-13,CM,NSE,STK,30469,INF174KA1VW2,MID150,EQ,,,,,KOTAKMAMC - MID150,23.56,23.58,22.59,23.56,23.55,23.49,,23.56,,,281931,6630363.13,263,F1,1,,,,,
2026-07-13,2026-07-13,CM,NSE,STK,759488,INF174KA1XS6,MOMENTUM30,EQ,,,,,KOTAKMAMC - MOMENTUM30,30.62,30.78,30.3,30.58,30.5,30.63,,30.58,,,11013,336288.92,111,F1,1,,,,,
2026-07-13,2026-07-13,CM,NSE,STK,29758,INF174KA1VD2,MSCIINDIA,EQ,,,,,KOTAKMAMC - MSCIINDIA,29.97,29.99,29.6,29.95,29.99,29.97,,29.95,,,6700,200101.38,94,F1,1,,,,,
2026-07-13,2026-07-13,CM,NSE,STK,760709,INF174KA1YO3,NEXT50ETF,EQ,,,,,KOTAKMAMC - NEXT50ETF,72.61,73.55,72.02,72.24,72.14,72.61,,72.24,,,21909,1584277.24,117,F1,1,,,,,
2026-07-13,2026-07-13,CM,NSE,STK,29944,INF174KA1UW4,NIFTY100EW,EQ,,,,,KOTAKMAMC - NIFTY100EW,34.27,35.6,34.27,34.88,34.9,34.97,,34.88,,,28916,1005447.15,229,F1,1,,,,,
2026-07-13,2026-07-13,CM,NSE,STK,757946,INF174KA1WT6,QUALITY30,EQ,,,,,KOTAKMAMC - QUALITY30,20.35,20.46,20.21,20.38,20.36,20.35,,20.38,,,20147,410717.79,38,F1,1,,,,,
2026-07-13,2026-07-13,CM,NSE,STK,5851,INF174KA1ZB7,BANKNIFTY1,EQ,,,,,KOTAKMAMC-KOTAKBKETF,61.34,61.34,59.65,60.25,60.15,60.15,,60.25,,,2601742,156465876.91,1199,F1,1,,,,,
2026-07-13,2026-07-13,CM,NSE,STK,762752,INE972A01020,KOTIC,EQ,,,,,KOTHARI INDUSTRIAL CORP L,178.79,179.95,174.31,175.14,175.7,183.22,,175.21,,,31610,5607217.45,856,F1,1,,,,,
2026-07-13,2026-07-13,CM,NSE,STK,4594,INE720A01015,KOTHARIPET,EQ,,,,,KOTHARI PETROCHEM LTD,129.06,131.0,128.43,130.79,130.95,130.55,,130.79,,,33320,4332507.94,761,F1,1,,,,,
2026-07-13,2026-07-13,CM,NSE,STK,5528,INE823A01017,KOTHARIPRO,EQ,,,,,KOTHARI PRODUCTS LTD,69.82,69.82,68.15,68.99,69.47,69.82,,69.03,,,3735,257186.83,96,F1,1,,,,,
2026-07-13,2026-07-13,CM,NSE,STK,11647,INE419A01022,KOTARISUG,EQ,,,,,KOTHARI SUG & CHEM LTD.,25.21,26.35,25.21,25.83,25.7,25.88,,25.83,,,30508,789099.6,232,F1,1,,,,,
2026-07-13,2026-07-13,CM,NSE,STK,761337,INE0J0B01017,KOTYARK,BE,,,,,KOTYARK INDUSTRIES LTD,35.99,35.99,33.8,34.41,34.66,35.56,,34.5,,,88052,3028678.54,370,F1,1,,,,,
2026-07-13,2026-07-13,CM,NSE,STK,5192,INE177F01017,KOVAI,EQ,,,,,KOVAI MEDICAL CENTER & HO,6015.5,6015.5,5800.0,5995.5,6000.0,5989.5,,5996.0,,,4071,24113856.0,1342,F1,1,,,,,
2026-07-13,2026-07-13,CM,NSE,STK,5108,INE542W01025,KPIGREEN,EQ,,,,,KPI GREEN ENERGY LIMITED,400.0,406.95,398.05,401.35,403.0,404.6,,401.35,,,540386,217398191.1,12823,F1,1,,,,,
2026-07-13,2026-07-13,CM,NSE,STK,9683,INE04I401011,KPITTECH,EQ,,,,,KPIT TECHNOLOGIES LIMITED,560.0,578.9,556.6,573.45,574.0,561.75,,573.45,,,5545256,3166019199.75,74803,F1,1,,,,,
2026-07-13,2026-07-13,CM,NSE,STK,14912,INE930H01031,KPRMILL,EQ,,,,,KPR MILL LTD.,1110.1,1131.4,1090.0,1107.2,1110.0,1110.1,,1108.5,,,264825,293850256.6,21728,F1,1,,,,,
2026-07-13,2026-07-13,CM,NSE,STK,10577,INE001B01026,KRBL,EQ,,,,,KRBL LIMITED,365.0,368.65,360.9,364.3,363.85,366.15,,364.3,,,231616,84437521.8,6407,F1,1,,,,,
2026-07-13,2026-07-13,CM,NSE,STK,1937,INE268B01013,KREBSBIO,EQ,,,,,KREBS BIOCHEMICALS & IND,55.12,55.95,54.0,54.92,55.0,55.53,,54.92,,,7399,409342.29,143,F1,1,,,,,
2026-07-13,2026-07-13,CM,NSE,STK,11488,INE524L01026,KRIDHANINF,BE,,,,,KRIDHAN INFRA LIMITED,2.59,2.75,2.59,2.72,2.72,2.71,,2.72,,,14312,38516.35,49,F1,1,,,,,
2026-07-13,2026-07-13,CM,NSE,STK,12847,INE506W01020,KRISHANA,EQ,,,,,KRISHANA PHOSCHEM LIMITED,140.4,141.6,136.3,139.0,138.8,140.2,,139.0,,,1444389,200602701.5,12911,F1,1,,,,,
2026-07-13,2026-07-13,CM,NSE,STK,16133,INE0NR701018,KRISHCA,SM,,,,,KRISHCA STRAPPING SLTN L,166.05,167.0,162.5,165.5,165.0,168.65,,165.5,,,31000,5098200.0,52,F1,500,,,,,
2026-07-13,2026-07-13,CM,NSE,STK,756782,INE0GGO01015,KRISHIVAL,EQ,,,,,KRISHIVAL FOODS LIMITED,400.0,401.6,398.5,399.75,401.6,395.6,,399.65,,,5756,2304136.1,201,F1,1,,,,,
2026-07-13,2026-07-13,CM,NSE,STK,761192,INE0J5601015,KRISHNADEF,EQ,,,,,KRISHNA DEF AND ALD IND L,1282.9,1311.7,1282.9,1304.8,1295.0,1315.2,,1304.8,,,73037,94756828.4,5888,F1,1,,,,,
2026-07-13,2026-07-13,CM,NSE,STK,4847,INE967H01025,KIMS,EQ,,,,,KRISHNA INST OF MED SCI L,813.05,817.9,798.55,800.95,805.2,814.9,,800.95,,,873815,706141187.9,20357,F1,1,,,,,
2026-07-13,2026-07-13,CM,NSE,STK,6420,INE479D01038,KRITI,BE,,,,,KRITI INDUSTRIES IND LTD,71.0,71.0,68.2,68.95,70.0,71.5,,68.99,,,11501,792318.57,122,F1,1,,,,,
2026-07-13,2026-07-13,CM,NSE,STK,11440,INE798K01010,KRITINUT,BE,,,,,KRITI NUTRIENTS LIMITED,78.0,78.54,76.02,77.54,78.49,77.24,,77.61,,,12271,941774.91,103,F1,1,,,,,
2026-07-13,2026-07-13,CM,NSE,STK,9288,INE00Z501029,KRITIKA,EQ,,,,,KRITIKA WIRES LIMITED,5.58,5.84,5.56,5.81,5.83,5.61,,5.81,,,143388,819807.58,414,F1,1,,,,,
2026-07-13,2026-07-13,CM,NSE,STK,760627,INE1MTV01019,KRMAYURVED,ST,,,,,KRM AYURVEDA LIMITED,259.0,259.0,255.3,257.8,258.9,259.0,,257.8,,,5000,1290150.0,5,F1,1000,,,,,
2026-07-13,2026-07-13,CM,NSE,STK,25645,INE0Q3J01015,KRN,BE,,,,,KRN HEAT EXCHANGE N REF L,1210.0,1232.0,1206.0,1224.4,1227.0,1230.9,,1224.5,,,64362,78672436.1,3179,F1,1,,,,,
2026-07-13,2026-07-13,CM,NSE,STK,24025,INE0ATZ01017,KRONOX,EQ,,,,,KRONOX LAB SCIENCES LTD,150.03,154.04,149.45,150.7,151.0,150.78,,150.74,,,57119,8642405.34,1480,F1,1,,,,,
2026-07-13,2026-07-13,CM,NSE,STK,25252,INE0O6601022,KROSS,EQ,,,,,KROSS LIMITED,183.89,186.62,183.5,185.46,185.0,185.89,,185.46,,,178236,32998182.69,2098,F1,1,,,,,
2026-07-13,2026-07-13,CM,NSE,STK,5359,INE08LI01020,KRSNAA,EQ,,,,,KRSNAA DIAGNOSTICS LTD,555.2,567.5,551.0,563.15,565.0,556.65,,563.15,,,42206,23645290.3,2916,F1,1,,,,,
2026-07-13,2026-07-13,CM,NSE,STK,23175,INE0QN801017,KRYSTAL,EQ,,,,,KRYSTAL INTEGRATED SER L,601.75,603.45,600.0,600.6,600.0,600.6,,600.6,,,3006,1807858.0,175,F1,1,,,,,
2026-07-13,2026-07-13,CM,NSE,STK,1949,INE999A01023,KSB,EQ,,,,,KSB LIMITED,940.25,959.0,931.7,943.15,940.0,940.25,,943.15,,,83244,78627466.8,10628,F1,1,,,,,
2026-07-13,2026-07-13,CM,NSE,STK,760433,INE987S01020,KSHINTL,EQ,,,,,KSH INTERNATIONAL LIMITED,840.65,887.0,835.1,875.5,871.8,849.35,,875.45,,,413986,359616301.85,20463,F1,1,,,,,
2026-07-13,2026-07-13,CM,NSE,STK,10412,INE013801027,KSHITIJPOL,BE,,,,,KSHITIJ POLYLINE LIMITED,3.04,3.04,3.04,3.04,3.04,3.2,,3.04,,,628204,1909740.16,1060,F1,1,,,,,
2026-07-13,2026-07-13,CM,NSE,STK,11060,INE0D6I01023,KSOLVES,EQ,,,,,KSOLVES INDIA LIMITED,288.25,305.05,286.3,301.15,301.5,288.25,,301.1,,,100106,29993195.1,4798,F1,1,,,,,
2026-07-13,2026-07-13,CM,NSE,STK,759987,INE1SPP01016,KSR,EQ,,,,,KSR FOOTWEAR LIMITED,27.61,29.69,27.61,28.7,28.78,28.96,,28.76,,,16309,462508.99,78,F1,1,,,,,
2026-07-13,2026-07-13,CM,NSE,STK,13870,INE529I01021,KUANTUM,EQ,,,,,KUANTUM PAPERS LIMITED,74.5,77.97,74.5,76.94,76.25,75.62,,76.95,,,53127,4081446.86,753,F1,1,,,,,
2026-07-13,2026-07-13,CM,NSE,STK,18708,INE0OWX01025,KEL,SM,,,,,KUNDAN EDIFICE LIMITED,84.0,84.0,79.4,79.4,79.4,81.5,,79.4,,,4800,394080.0,4,F1,1200,,,,,
2026-07-13,2026-07-13,CM,NSE,STK,762757,INE552U01010,KPL,EQ,,,,,KWALITY PHARMACEUTICALS L,2599.5,2694.0,2580.0,2654.9,2650.0,2599.5,,2655.1,,,17150,45252275.3,3116,F1,1,,,,,
2026-07-13,2026-07-13,CM,NSE,STK,760946,INE2KCE01013,KWIL,EQ,,,,,KWALITY WALL'S (INDIA) L,32.5,33.02,32.1,32.46,32.59,32.91,,32.46,,,6543237,212504564.02,20788,F1,1,,,,,
2026-07-13,2026-07-13,CM,NSE,STK,24948,INE498L01015,LTF,EQ,,,,,L&T FINANCE LIMITED,321.25,333.5,318.0,324.7,324.7,321.25,,324.7,,,21524893,7061370369.7,146835,F1,1,,,,,
2026-07-13,2026-07-13,CM,NSE,STK,18564,INE010V01017,LTTS,EQ,,,,,L&T TECHNOLOGY SER. LTD.,3278.2,3329.0,3217.6,3297.7,3300.0,3278.2,,3297.7,,,211418,697181783.8,33539,F1,1,,,,,
2026-07-13,2026-07-13,CM,NSE,STK,14423,INE059D01020,LAOPALA,EQ,,,,,LA OPALA RG LIMITED,177.0,183.58,177.0,182.21,182.0,179.61,,182.21,,,83873,15191759.07,2368,F1,1,,,,,
2026-07-13,2026-07-13,CM,NSE,STK,5865,INE548Z01017,LAGNAM,EQ,,,,,LAGNAM SPINTEX LIMITED,80.99,83.8,77.52,81.99,82.0,80.99,,81.99,,,24405,1952369.82,149,F1,1,,,,,
2026-07-13,2026-07-13,CM,NSE,STK,762762,INE515C01023,LAHOTIOV,EQ,,,,,LAHOTI OVERSEAS LTD.,42.2,44.85,42.0,43.81,43.98,43.7,,43.85,,,7858,337324.02,89,F1,1,,,,,
2026-07-13,2026-07-13,CM,NSE,STK,7902,INE850E01012,LFIC,EQ,,,,,LAKSHMI FIN IND CORP LTD,144.8,144.8,138.0,142.19,142.19,144.97,,142.19,,,348,49200.83,39,F1,1,,,,,
2026-07-13,2026-07-13,CM,NSE,STK,4774,INE651C01018,LAKPRE,BZ,,,,,LAKSHMI PRE SCRE LTD,5.11,5.56,5.11,5.56,5.56,5.3,,5.56,,,1199,6437.59,20,F1,1,,,,,
2026-07-13,2026-07-13,CM,NSE,STK,25863,INE0VZS01015,LAKSHYA,ST,,,,,LAKSHYA POWERTECH LIMITED,105.1,105.2,105.0,105.0,105.0,106.3,,105.0,,,2400,252240.0,3,F1,800,,,,,
2026-07-13,2026-07-13,CM,NSE,STK,6407,INE112F01022,LAMBODHARA,EQ,,,,,LAMBODHARA TEXTILES LTD.,108.55,114.9,104.51,113.81,114.9,110.92,,113.81,,,27353,3023637.42,426,F1,1,,,,,
2026-07-13,2026-07-13,CM,NSE,STK,27225,INE0R0201012,LAMOSAIC,ST,,,,,LAMOSAIC INDIA LIMITED,47.5,47.5,45.05,45.7,46.0,47.0,,45.7,,,26400,1218270.0,28,F1,600,,,,,
2026-07-13,2026-07-13,CM,NSE,STK,23027,INE572G01025,LANCORHOL,EQ,,,,,LANCOR HOLDINGS LIMITED,27.45,28.4,26.45,28.07,28.3,27.5,,28.06,,,231140,6311168.64,1596,F1,1,,,,,
2026-07-13,2026-07-13,CM,NSE,STK,13276,INE559R01029,LANDMARK,EQ,,,,,LANDMARK CARS LIMITED,420.05,432.95,419.75,422.9,424.0,424.0,,422.9,,,93979,39953524.4,2358,F1,1,,,,,
2026-07-13,2026-07-13,CM,NSE,STK,16863,INE197J01017,LPDC,EQ,,,,,LANDMARK PR.DEV.CO.LTD,6.74,6.74,6.41,6.46,6.61,6.41,,6.47,,,21972,143699.45,115,F1,1,,,,,
2026-07-13,2026-07-13,CM,NSE,STK,17376,INE688J01023,LANDSMILL,EQ,,,,,LANDSMILL GREEN LIMITED,0.77,0.78,0.74,0.75,0.76,0.78,,0.75,,,3909134,2952953.76,1218,F1,1,,,,,
2026-07-13,2026-07-13,CM,NSE,STK,11483,INE018A01030,LT,EQ,,,,,LARSEN & TOUBRO LTD.,3895.0,3939.0,3875.6,3928.5,3928.9,3945.8,,3928.5,,,1744547,6840345499.0,99579,F1,1,,,,,
2026-07-13,2026-07-13,CM,NSE,STK,21713,INE670X01014,LASA,EQ,,,,,LASA SUPERGENERICS LTD,7.67,7.67,7.28,7.32,7.28,7.53,,7.32,,,15181,112055.66,146,F1,1,,,,,
2026-07-13,2026-07-13,CM,NSE,STK,6818,INE0I7C01011,LATENTVIEW,EQ,,,,,LATENT VIEW ANALYTICS LTD,300.6,311.0,296.6,303.6,303.9,301.15,,303.6,,,1413244,432480192.05,33150,F1,1,,,,,
2026-07-13,2026-07-13,CM,NSE,STK,15848,INE262Z01023,LATTEYS,BE,,,,,LATTEYS INDUSTRIES LTD,20.84,20.84,20.18,20.73,20.8,20.5,,20.73,,,26670,546080.52,115,F1,1,,,,,
2026-07-13,2026-07-13,CM,NSE,STK,19234,INE947Q01028,LAURUSLABS,EQ,,,,,LAURUS LABS LIMITED,1534.5,1565.4,1525.1,1558.6,1557.7,1537.8,,1558.6,,,1938466,3002421148.9,53642,F1,1,,,,,
2026-07-13,2026-07-13,CM,NSE,STK,6568,INE801V01019,LAXMICOT,EQ,,,,,LAXMI COTSPIN LIMITED,14.83,15.35,14.62,15.17,15.18,14.83,,15.17,,,9658,147423.37,146,F1,1,,,,,
2026-07-13,2026-07-13,CM,NSE,STK,29171,INE0WO601020,LAXMIDENTL,EQ,,,,,LAXMI DENTAL LIMITED,220.0,224.0,216.26,221.94,223.5,219.76,,222.0,,,81588,18128755.55,4734,F1,1,,,,,
2026-07-13,2026-07-13,CM,NSE,STK,19876,INE258Y01016,LGHL,EQ,,,,,LAXMI GOLDORNA HOUSE LTD,210.85,215.0,205.63,211.34,209.5,214.78,,211.34,,,30000,6317973.8,488,F1,1,,,,,
2026-07-13,2026-07-13,CM,NSE,STK,758865,INE06WU01026,LAXMIINDIA,BE,,,,,LAXMI INDIA FINANCE LTD,109.95,111.79,107.1,108.49,108.5,110.87,,108.52,,,41076,4494717.43,266,F1,1,,,,,
2026-07-13,2026-07-13,CM,NSE,STK,2841,INE576O01020,LXCHEM,EQ,,,,,LAXMI ORGANIC INDUS LTD,154.8,165.8,153.05,164.2,164.31,155.51,,164.19,,,1745119,283444038.88,17541,F1,1,,,,,
2026-07-13,2026-07-13,CM,NSE,STK,7529,INE938A01021,LCCINFOTEC,EQ,,,,,LCC INFOTECH LTD,4.43,4.69,4.43,4.45,4.45,4.57,,4.45,,,12825,57525.6,83,F1,1,,,,,
2026-07-13,2026-07-13,CM,NSE,STK,760300,INE0G1L01025,LEMERITE,EQ,,,,,LE MERITE EXPORTS LIMITED,22.69,23.15,22.26,22.92,22.84,22.69,,22.92,,,420599,9562004.65,1491,F1,1,,,,,
2026-07-13,2026-07-13,CM,NSE,STK,24067,INE0HV901016,IXIGO,EQ,,,,,LE TRAVENUES TECHNOLOGY L,204.91,212.9,202.0,210.43,211.0,207.18,,210.44,,,1193585,249303276.4,20558,F1,1,,,,,
2026-07-13,2026-07-13,CM,NSE,STK,14204,INE0H4B01011,LRRPL,SM,,,,,LEAD REC AND RUB PROD LTD,87.0,88.0,87.0,88.0,88.0,90.0,,88.0,,,3000,262500.0,2,F1,1500,,,,,
2026-07-13,2026-07-13,CM,NSE,STK,757014,INE0AQ201015,THELEELA,EQ,,,,,LEELA PALACES HOTEL LTD,495.5,509.4,495.5,501.2,499.05,501.0,,501.2,,,396751,199169335.15,16044,F1,1,,,,,
2026-07-13,2026-07-13,CM,NSE,STK,2606,INE970X01018,LEMONTREE,EQ,,,,,LEMON TREE HOTELS LTD,117.95,119.0,116.41,117.74,117.8,118.41,,117.73,,,1726719,202983308.97,43250,F1,1,,,,,
2026-07-13,2026-07-13,CM,NSE,STK,759605,INE956O01016,LENSKART,EQ,,,,,LENSKART SOLUTIONS LTD,540.85,545.8,535.2,539.15,537.0,543.65,,539.1,,,1550656,839156536.2,41735,F1,1,,,,,
2026-07-13,2026-07-13,CM,NSE,STK,14459,INE500X01013,LEXUS,EQ,,,,,LEXUS GRANITO (INDIA) LTD,14.49,14.5,14.01,14.32,14.5,14.32,,14.32,,,3519,50418.06,85,F1,1,,,,,
2026-07-13,2026-07-13,CM,NSE,STK,18321,INE337A01034,LGBBROSLTD,EQ,,,,,LG BALAKRISHNAN & BROS,1580.0,1609.4,1554.0,1584.3,1590.0,1585.3,,1584.3,,,23464,37154853.1,3741,F1,1,,,,,
2026-07-13,2026-07-13,CM,NSE,STK,760213,INE324D01010,LGEINDIA,EQ,,,,,LG ELECTRONICS INDIA LTD,1561.6,1568.9,1537.3,1543.5,1543.5,1564.7,,1543.5,,,379922,588723243.5,24382,F1,1,,,,,
2026-07-13,2026-07-13,CM,NSE,STK,11082,INE908V01012,LIBAS,EQ,,,,,LIBAS CONSU PRODUCTS LTD,10.96,11.17,10.8,11.1,11.12,10.91,,11.1,,,8512,93701.43,99,F1,1,,,,,
2026-07-13,2026-07-13,CM,NSE,STK,1994,INE557B01019,LIBERTSHOE,EQ,,,,,LIBERTY SHOES LTD,271.3,276.55,266.3,267.6,267.2,274.05,,267.6,,,61077,16569156.85,1614,F1,1,,,,,
2026-07-13,2026-07-13,CM,NSE,STK,1997,INE115A01026,LICHSGFIN,EQ,,,,,LIC HOUSING FINANCE LTD,546.25,554.9,543.05,551.9,552.0,549.15,,551.9,,,1885782,1039861060.4,38520,F1,1,,,,,
2026-07-13,2026-07-13,CM,NSE,STK,25640,INF767K01SM1,LICMFGOLD,EQ,,,,,LIC MF - LIC GOLD ETF,127.65,127.95,126.85,127.8,127.9,128.9,,127.8,,,161663,20640665.6,906,F1,1,,,,,
2026-07-13,2026-07-13,CM,NSE,STK,11319,INF767K01OS7,LICNETFN50,EQ,,,,,LICNAMC - LICNFENGP,278.44,278.44,268.28,271.0,271.0,271.65,,272.04,,,530,143143.54,43,F1,1,,,,,
2026-07-13,2026-07-13,CM,NSE,STK,11441,INF767K01OT5,LICNETFSEN,EQ,,,,,LICNAMC - LICNFESGP,877.0,877.0,872.1,872.1,872.1,877.0,,872.1,,,3,2626.1,3,F1,1,,,,,
2026-07-13,2026-07-13,CM,NSE,STK,15229,INF767K01PC8,LICNFNHGP,EQ,,,,,LICNAMC - LICNFNHGP,275.19,276.47,275.09,276.47,276.47,276.96,,276.47,,,699,192687.84,14,F1,1,,,,,
2026-07-13,2026-07-13,CM,NSE,STK,6062,INF767K01MV5,LICNETFGSC,EQ,,,,,LICNAMC - LICNMFET,29.72,29.72,29.28,29.48,29.48,29.72,,29.48,,,30762,903907.9,105,F1,1,,,,,
2026-07-13,2026-07-13,CM,NSE,STK,22722,INF767K01RN1,LICNMID100,EQ,,,,,LICNAMC - LICNMID100,63.21,63.44,62.91,63.19,63.41,63.18,,63.19,,,4986,314462.08,80,F1,1,,,,,
2026-07-13,2026-07-13,CM,NSE,STK,9480,INE0J1Y01017,LICI,EQ,,,,,LIFE INSURA CORP OF INDIA,440.0,442.95,438.0,441.3,440.85,443.05,,441.3,,,1065724,469581523.95,20136,F1,1,,,,,
2026-07-13,2026-07-13,CM,NSE,STK,578,INE060901027,LIKHITHA,EQ,,,,,LIKHITHA INFRASTRUC LTD,240.0,252.9,234.0,245.55,245.0,243.0,,245.55,,,58717,14193669.8,915,F1,1,,,,,
2026-07-13,2026-07-13,CM,NSE,STK,6951,INE802B01027,LINC,EQ,,,,,LINC LIMITED,108.0,114.99,105.11,113.73,114.45,107.65,,113.68,,,76988,8641133.55,1943,F1,1,,,,,
2026-07-13,2026-07-13,CM,NSE,STK,11596,INE405C01035,LINCOLN,EQ,,,,,LINCOLN PHARMA LTD,607.7,621.45,604.55,610.45,609.6,615.5,,610.4,,,23210,14213138.75,1298,F1,1,,,,,
2026-07-13,2026-07-13,CM,NSE,STK,1627,INE473A01011,LINDEINDIA,EQ,,,,,LINDE INDIA LIMITED,7025.0,7219.5,6933.0,7114.0,7110.0,7033.0,,7114.0,,,30507,217693791.5,10206,F1,1,,,,,
2026-07-13,2026-07-13,CM,NSE,STK,17801,INE093R01011,LLOYDSENGG,EQ,,,,,LLOYDS ENGG WORK LIMITED,89.4,95.1,89.26,90.82,90.6,90.6,,90.82,,,35663051,3302369010.03,114907,F1,1,,,,,
2026-07-13,2026-07-13,CM,NSE,STK,25807,INE080I01025,LLOYDSENT,EQ,,,,,LLOYDS ENTERPRISES LTD,77.45,80.82,76.6,78.87,78.5,78.18,,78.87,,,13773992,1092711719.76,47188,F1,1,,,,,
2026-07-13,2026-07-13,CM,NSE,STK,11476,INE0DTQ01028,LLOYDS,ST,,,,,LLOYDS LUXURIES LIMITED,74.75,74.75,71.05,71.05,71.05,74.75,,71.05,,,4000,295300.0,3,F1,1000,,,,,
2026-07-13,2026-07-13,CM,NSE,STK,17313,INE281B01032,LLOYDSME,EQ,,,,,LLOYDS METALS N ENERGY L,1799.0,1833.0,1776.1,1827.1,1824.0,1799.6,,1827.1,,,444039,808046848.3,23449,F1,1,,,,,
2026-07-13,2026-07-13,CM,NSE,STK,1979,INE269B01029,LMW,EQ,,,,,LMW LIMITED,16134.0,16474.0,16002.0,16326.0,16398.0,16134.0,,16326.0,,,3342,54446903.0,1409,F1,1,,,,,
2026-07-13,2026-07-13,CM,NSE,STK,3220,INE670K01029,LODHA,EQ,,,,,LODHA DEVELOPERS LIMITED,1206.0,1219.95,1183.1,1198.65,1199.6,1220.75,,1198.65,,,2250980,2696823577.4,80784,F1,1,,,,,
2026-07-13,2026-07-13,CM,NSE,STK,13439,INE397H01017,LOKESHMACH,BE,,,,,LOKESH MACHINES LTD,326.0,326.0,323.75,323.75,323.75,330.35,,322.65,,,19826,6421176.25,362,F1,1,,,,,
2026-07-13,2026-07-13,CM,NSE,STK,18232,INE846D01012,LORDSCHLO,EQ,,,,,LORDS CHLORO ALKALI LTD,139.94,139.94,133.0,135.4,136.05,138.06,,135.24,,,13504,1838400.05,1121,F1,1,,,,,
2026-07-13,2026-07-13,CM,NSE,STK,14924,INE740X01023,LAL,EQ,,,,,LORENZINI APPARELS LTD,8.6,9.0,8.6,8.79,8.7,8.57,,8.78,,,137884,1231921.32,134,F1,1,,,,,
2026-07-13,2026-07-13,CM,NSE,STK,16807,INE947I01017,LOTUSEYE,EQ,,,,,LOTUS EYE HOSP & INST L,118.28,130.92,115.46,124.38,124.0,118.28,,124.36,,,124354,15689167.87,1946,F1,1,,,,,
2026-07-13,2026-07-13,CM,NSE,STK,22415,INE597L01014,LOVABLE,EQ,,,,,LOVABLE LINGERIE LTD,77.0,79.6,76.97,78.3,78.5,77.58,,78.3,,,14531,1141186.34,509,F1,1,,,,,
2026-07-13,2026-07-13,CM,NSE,STK,10590,INE970D01010,LOYALTEX,EQ,,,,,LOYAL TEXTILE MILLS LTD,198.15,210.0,198.15,210.0,210.0,198.15,,209.67,,,78,16133.83,16,F1,1,,,,,
2026-07-13,2026-07-13,CM,NSE,STK,13816,INE818H01020,LTFOODS,EQ,,,,,LT FOODS LIMITED,386.15,388.6,382.4,384.85,387.8,389.1,,384.85,,,211809,81695627.8,10224,F1,1,,,,,
2026-07-13,2026-07-13,CM,NSE,STK,17818,INE214T01019,LTM,EQ,,,,,LTM LIMITED,4057.5,4239.8,3971.2,4124.3,4128.0,4037.2,,4124.2,,,1835497,7543718973.2,116436,F1,1,,,,,
2026-07-13,2026-07-13,CM,NSE,STK,14014,INE872H01027,LUMAXTECH,EQ,,,,,LUMAX AUTO TECH LTD,1485.0,1492.9,1450.0,1461.8,1470.9,1491.0,,1461.8,,,116922,171343593.8,14341,F1,1,,,,,
2026-07-13,2026-07-13,CM,NSE,STK,2018,INE162B01018,LUMAXIND,EQ,,,,,LUMAX INDUSTRIES LTD,5381.0,5431.0,5336.0,5403.0,5410.0,5381.0,,5402.5,,,8604,46412235.0,2425,F1,1,,,,,
2026-07-13,2026-07-13,CM,NSE,STK,10440,INE326A01037,LUPIN,EQ,,,,,LUPIN LIMITED,2495.0,2509.9,2481.0,2492.6,2485.0,2496.3,,2494.8,,,672899,1679017366.6,38976,F1,1,,,,,
2026-07-13,2026-07-13,CM,NSE,STK,11301,INE150G01020,LUXIND,EQ,,,,,LUX INDUSTRIES LIMITED,1286.0,1324.8,1278.0,1309.0,1307.6,1276.5,,1309.0,,,101395,132105906.7,7114,F1,1,,,,,
2026-07-13,2026-07-13,CM,NSE,STK,7248,INE933A01014,LYKALABS,BE,,,,,LYKA LABS LTD.,71.94,71.94,69.0,69.58,69.0,71.04,,69.59,,,6183,433120.15,87,F1,1,,,,,
2026-07-13,2026-07-13,CM,NSE,STK,31468,INE142K01011,LYPSAGEMS,EQ,,,,,LYPSA GEMS & JEWEL LTD,4.7,4.74,4.56,4.63,4.64,4.59,,4.63,,,8652,39965.5,185,F1,1,,,,,
2026-07-13,2026-07-13,CM,NSE,STK,758150,INE08N601015,MBEL,EQ,,,,,M AND B ENGINEERING LTD,320.0,344.6,315.55,337.7,338.6,319.6,,337.7,,,441489,148199961.8,12808,F1,1,,,,,
2026-07-13,2026-07-13,CM,NSE,STK,16736,INE964W01021,MKPL,EQ,,,,,M K PROTEINS LIMITED,4.6,4.68,4.56,4.6,4.62,4.58,,4.6,,,177878,820766.45,342,F1,1,,,,,
2026-07-13,2026-07-13,CM,NSE,STK,22360,INE813V01022,MCL,EQ,,,,,M TEK COPPER LIMITED,54.0,55.48,53.99,54.83,54.25,54.46,,54.83,,,20658,1132189.01,588,F1,1,,,,,
2026-07-13,2026-07-13,CM,NSE,STK,13285,INE774D01024,M&MFIN,EQ,,,,,M&M FIN. SERVICES LTD,333.3,337.25,329.6,332.7,332.9,340.85,,332.7,,,2182526,726716830.15,44236,F1,1,,,,,
2026-07-13,2026-07-13,CM,NSE,STK,22976,INE0SGC01015,MVKAGRO,SM,,,,,M.V.K. AGRO FOOD PROD LTD,388.0,391.0,375.05,382.75,380.0,388.35,,382.75,,,5400,2069295.0,18,F1,300,,,,,
2026-07-13,2026-07-13,CM,NSE,STK,15017,INE215I01027,MAANALU,EQ,,,,,MAAN ALUMINIUM LIMITED,121.9,123.0,120.27,122.07,121.52,121.62,,122.06,,,30735,3749851.22,553,F1,1,,,,,
2026-07-13,2026-07-13,CM,NSE,STK,762782,INE435D01014,MCCHRLS-B,EQ,,,,,MAC CHARLES (INDIA) LTD.,730.0,730.0,660.0,709.0,709.0,702.0,,709.85,,,164,111131.75,12,F1,1,,,,,
2026-07-13,2026-07-13,CM,NSE,STK,24545,INE0R0J01010,MACOBSTECH,SM,,,,,MACOBS TECHNOLOGIES LTD,219.6,219.6,219.6,219.6,219.6,220.0,,219.6,,,1600,351360.0,1,F1,800,,,,,
2026-07-13,2026-07-13,CM,NSE,STK,22347,INE155Z01011,MACPOWER,EQ,,,,,MACPOWER CNC MACHINES LTD,1370.0,1380.0,1326.0,1347.0,1349.5,1371.7,,1347.0,,,13931,18878464.8,1572,F1,1,,,,,
2026-07-13,2026-07-13,CM,NSE,STK,762767,INE631R01026,MADHAVIPL,EQ,,,,,MADHAV INFRA PROJECTS L,8.2,8.43,8.2,8.42,8.43,8.37,,8.43,,,217576,1829732.17,304,F1,1,,,,,
2026-07-13,2026-07-13,CM,NSE,STK,15151,INE925C01016,MADHAV,EQ,,,,,MADHAV MARBLE & GRANITE,36.3,37.44,35.15,35.22,36.75,36.3,,35.22,,,4508,162837.21,60,F1,1,,,,,
2026-07-13,2026-07-13,CM,NSE,STK,13668,INE378D01032,MADHUCON,BE,,,,,MADHUCON PROJECTS LTD.,6.1,6.1,5.79,5.8,5.8,6.09,,5.8,,,89785,527069.09,139,F1,1,,,,,
2026-07-13,2026-07-13,CM,NSE,STK,18738,INE0P6701019,MADHUSUDAN,ST,,,,,MADHUSUDAN MASALA LIMITED,253.0,255.0,245.0,252.5,252.4,248.0,,252.5,,,37000,9297950.0,25,F1,1000,,,,,
2026-07-13,2026-07-13,CM,NSE,STK,12686,INE900L01028,MBAPL,EQ,,,,,MADHYA BHARAT AGRO P. LTD,131.0,134.5,128.1,132.85,131.65,131.25,,132.85,,,1895539,249567798.15,19797,F1,1,,,,,
2026-07-13,2026-07-13,CM,NSE,STK,4911,INE414A01015,MADRASFERT,EQ,,,,,MADRAS FERTILISERS LTD,67.67,68.8,67.03,68.47,68.6,67.94,,68.46,,,47312,3228593.64,826,F1,1,,,,,
2026-07-13,2026-07-13,CM,NSE,STK,762772,INE270B01035,MAFATIND,EQ,,,,,MAFATLAL INDUSTRIES LTD.,137.67,138.75,136.41,136.84,137.25,137.67,,136.87,,,56255,7735376.91,762,F1,1,,,,,
2026-07-13,2026-07-13,CM,NSE,STK,21392,INE347W01011,MAGADSUGAR,EQ,,,,,MAGADH SUGAR & ENERGY LTD,510.0,520.0,507.55,517.9,517.0,506.75,,517.9,,,20943,10783776.45,1287,F1,1,,,,,
2026-07-13,2026-07-13,CM,NSE,STK,29482,INE613C01026,MCLOUD,EQ,,,,,MAGELLANIC CLOUD LIMITED,29.11,30.1,28.91,29.61,29.69,29.35,,29.61,,,6042680,178766377.41,13257,F1,1,,,,,
2026-07-13,2026-07-13,CM,NSE,STK,14957,INE387I01016,MAGNUM,EQ,,,,,MAGNUM VENTURES LTD.,20.12,20.12,19.25,19.6,19.6,19.73,,19.58,,,13617,267724.29,106,F1,1,,,,,
2026-07-13,2026-07-13,CM,NSE,STK,17091,INE0O1S01012,MAGSON,ST,,,,,MAGSON RETAIL AND DIST L,182.0,182.0,182.0,182.0,182.0,179.8,,182.0,,,1000,182000.0,1,F1,1000,,,,,
2026-07-13,2026-07-13,CM,NSE,STK,5239,INE843B01013,MAHAPEXLTD,EQ,,,,,MAHA RASHTRA APEX COPR. L,44.01,44.73,43.51,44.19,44.59,44.55,,44.25,,,6917,305150.96,105,F1,1,,,,,
2026-07-13,2026-07-13,CM,NSE,STK,24937,INE0US801024,MFML,EQ,,,,,MAHALAXMI FABRIC MILLS LT,20.0,20.0,19.0,19.88,19.88,19.83,,19.88,,,2161,42289.98,78,F1,1,,,,,
2026-07-13,2026-07-13,CM,NSE,STK,7886,INE112D01035,MHLXMIRU,EQ,,,,,MAHALAXMI RUBTECH LIMITED,138.77,140.57,135.61,136.42,136.0,139.21,,136.42,,,16642,2304862.32,267,F1,1,,,,,
2026-07-13,2026-07-13,CM,NSE,STK,17527,INE451L01014,MAHASTEEL,EQ,,,,,MAHAMAYA STEEL INDS LTD,861.0,889.0,820.5,881.65,881.0,863.65,,881.1,,,11853,10198914.2,606,F1,1,,,,,
2026-07-13,2026-07-13,CM,NSE,STK,17534,INE002S01010,MGL,EQ,,,,,MAHANAGAR GAS LTD.,1124.9,1128.1,1105.0,1114.4,1114.9,1126.3,,1114.4,,,87081,97291527.2,6957,F1,1,,,,,
2026-07-13,2026-07-13,CM,NSE,STK,2294,INE153A01019,MTNL,EQ,,,,,MAHANAGAR TELEPHONE NIGAM,29.0,29.46,28.85,29.31,29.31,29.27,,29.31,,,780084,22769760.64,3475,F1,1,,,,,
2026-07-13,2026-07-13,CM,NSE,STK,2085,INE288A01013,MAHSCOOTER,EQ,,,,,MAHARASHTRA SCOOTERS LTD,13106.0,13365.0,12935.0,13250.0,13242.0,13139.0,,13250.0,,,5725,75510304.0,1732,F1,1,,,,,
2026-07-13,2026-07-13,CM,NSE,STK,2088,INE271B01025,MAHSEAMLES,EQ,,,,,MAHARASHTRA SEAMLESS LTD,596.6,597.1,590.0,591.85,592.4,598.4,,591.9,,,51584,30551079.95,6954,F1,1,,,,,
2026-07-13,2026-07-13,CM,NSE,STK,758688,INE632Q01018,MRIL,ST,,,,,MAHENDRA REALTO & INFRA L,70.0,70.0,70.0,70.0,70.0,71.55,,70.0,,,1600,112000.0,1,F1,1600,,,,,
2026-07-13,2026-07-13,CM,NSE,STK,9577,INE263W01010,MAHESHWARI,BE,,,,,MAHESHWARI LOGISTICS LTD.,74.43,74.46,73.0,73.0,73.48,73.0,,73.0,,,19230,1405873.02,53,F1,1,,,,,
2026-07-13,2026-07-13,CM,NSE,STK,2031,INE101A01026,M&M,EQ,,,,,MAHINDRA & MAHINDRA LTD,3088.8,3169.0,3082.0,3160.4,3154.1,3129.4,,3160.4,,,1770170,5560124312.6,102901,F1,1,,,,,
2026-07-13,2026-07-13,CM,NSE,STK,17603,INE215D01010,MAHEPC,EQ,,,,,MAHINDRA EPC IRRIG LTD,118.9,123.29,118.1,120.73,121.0,119.44,,120.74,,,46887,5677580.35,1114,F1,1,,,,,
2026-07-13,2026-07-13,CM,NSE,STK,17333,INE998I01010,MHRIL,EQ,,,,,MAHINDRA HOLIDAYS LTD,232.5,236.5,230.05,231.68,231.99,233.72,,231.69,,,93974,21836023.89,2633,F1,1,,,,,
2026-07-13,2026-07-13,CM,NSE,STK,8050,INE813A01018,MAHLIFE,EQ,,,,,MAHINDRA LIFESPACE DEVLTD,378.9,383.0,374.9,378.6,379.7,378.9,,378.6,,,148567,56328337.85,9923,F1,1,,,,,
2026-07-13,2026-07-13,CM,NSE,STK,385,INE766P01016,MAHLOG,EQ,,,,,MAHINDRA LOGISTIC LIMITED,382.0,390.1,381.05,382.75,382.65,387.2,,382.75,,,83284,32048553.6,3254,F1,1,,,,,
2026-07-13,2026-07-13,CM,NSE,STK,24538,INE683C01011,MAITHANALL,EQ,,,,,MAITHAN ALLOYS LTD,1018.7,1044.8,1013.1,1034.8,1028.5,1034.2,,1034.8,,,38696,40061648.5,2144,F1,1,,,,,
2026-07-13,2026-07-13,CM,NSE,STK,19809,INE0PLQ01011,MAITREYA,SM,,,,,MAITREYA MEDICARE LIMITED,130.9,130.9,125.35,126.75,126.7,136.35,,126.75,,,16400,2085380.0,39,F1,400,,,,,
2026-07-13,2026-07-13,CM,NSE,STK,762777,INE201B01022,MAJESAUT,EQ,,,,,MAJESTIC AUTO LTD.,352.4,362.4,352.2,357.75,356.0,348.95,,357.85,,,5362,1918793.6,266,F1,1,,,,,
2026-07-13,2026-07-13,CM,NSE,STK,7965,INE389C01015,MALLCOM,EQ,,,,,MALLCOM (INDIA) LIMITED,1044.2,1109.9,1019.5,1088.2,1094.0,1044.8,,1087.6,,,6118,6597243.4,819,F1,1,,,,,
2026-07-13,2026-07-13,CM,NSE,STK,13352,INE383H01017,MALUPAPER,EQ,,,,,MALU PAPER MILLS LIMITED,30.1,31.3,30.1,30.61,30.52,30.67,,30.61,,,6437,196333.58,55,F1,1,,,,,
2026-07-13,2026-07-13,CM,NSE,STK,28687,INE0TO701015,MAMATA,EQ,,,,,MAMATA MACHINERY LIMITED,380.0,396.15,377.0,387.7,388.85,380.1,,387.7,,,81347,31612031.25,2574,F1,1,,,,,
2026-07-13,2026-07-13,CM,NSE,STK,7413,INE830Q01018,MANAKCOAT,EQ,,,,,MAN COAT METAL & IND LTD,124.9,128.99,123.25,126.26,127.24,123.02,,126.26,,,2327580,293243810.52,15950,F1,1,,,,,
2026-07-13,2026-07-13,CM,NSE,STK,11884,INE993A01026,MANINDS,EQ,,,,,MAN INDUSTRIES (I) LTD.,564.25,570.4,555.65,562.45,563.0,566.5,,562.45,,,155303,87482264.4,5926,F1,1,,,,,
2026-07-13,2026-07-13,CM,NSE,STK,18226,INE949H01023,MANINFRA,EQ,,,,,MAN INFRA LTD,104.0,107.34,103.5,105.09,104.5,104.65,,105.09,,,1712061,181647204.58,6920,F1,1,,,,,
2026-07-13,2026-07-13,CM,NSE,STK,7420,INE859Q01017,MANAKALUCO,EQ,,,,,MANAK ALUMINIUM CO. LTD.,35.0,37.8,35.0,37.32,37.3,34.95,,37.31,,,106503,3939589.18,2078,F1,1,,,,,
2026-07-13,2026-07-13,CM,NSE,STK,15199,INE015D01022,MANAKSIA,EQ,,,,,MANAKSIA LTD.,57.9,58.74,57.2,58.44,58.59,57.56,,58.44,,,14012,814928.23,200,F1,1,,,,,
2026-07-13,2026-07-13,CM,NSE,STK,7482,INE824Q01011,MANAKSTEEL,BE,,,,,MANAKSIA STEELS LTD,78.11,78.11,75.51,77.23,77.99,76.77,,77.25,,,29140,2241689.55,172,F1,1,,,,,
2026-07-13,2026-07-13,CM,NSE,STK,13796,INE201A01024,MANALIPETC,EQ,,,,,MANALI PETROCHEMICALS LT,62.54,65.9,61.65,65.27,64.8,62.48,,65.25,,,678686,43952510.74,4895,F1,1,,,,,
2026-07-13,2026-07-13,CM,NSE,STK,19061,INE522D01027,MANAPPURAM,EQ,,,,,MANAPPURAM FINANCE LTD,335.0,338.7,330.05,331.75,331.0,341.3,,331.75,,,2481606,828266378.8,30602,F1,1,,,,,
2026-07-13,2026-07-13,CM,NSE,STK,759354,INE0U4H01011,MPEL,ST,,,,,MANAS POLYMER N ENERGIE L,41.0,41.0,41.0,41.0,41.0,40.75,,41.0,,,68800,2820800.0,2,F1,1600,,,,,
2026-07-13,2026-07-13,CM,NSE,STK,25597,INE939X01013,MANBA,EQ,,,,,MANBA FINANCE LIMITED,136.39,139.5,136.3,136.79,136.5,138.1,,136.79,,,66129,9112577.41,640,F1,1,,,,,
2026-07-13,2026-07-13,CM,NSE,STK,24823,INE545L01039,MANCREDIT,EQ,,,,,MANGAL CREDIT N FINCORP L,238.9,254.0,233.6,240.64,240.45,237.4,,240.64,,,785740,192497857.5,7707,F1,1,,,,,
2026-07-13,2026-07-13,CM,NSE,STK,758750,INE0PKD01011,MEIL,BE,,,,,MANGAL ELECTRICAL IND L,300.0,302.6,294.15,299.7,300.0,301.1,,299.7,,,12562,3759725.5,300,F1,1,,,,,
2026-07-13,2026-07-13,CM,NSE,STK,19134,INE00C401011,MAL,SM,,,,,MANGALAM ALLOYS LIMITED,31.0,32.25,30.8,31.1,30.8,32.4,,31.1,,,126400,3919040.0,71,F1,1600,,,,,
2026-07-13,2026-07-13,CM,NSE,STK,2106,INE347A01017,MANGLMCEM,EQ,,,,,MANGALAM CEMENT LTD,961.75,974.95,942.4,965.4,965.75,964.55,,965.15,,,56525,54442748.85,2421,F1,1,,,,,
2026-07-13,2026-07-13,CM,NSE,STK,11817,INE584F01014,MANGALAM,EQ,,,,,MANGALAM DRUG & CHEM LTD,27.9,28.55,27.35,27.97,27.9,27.75,,27.97,,,29525,823080.47,223,F1,1,,,,,
2026-07-13,2026-07-13,CM,NSE,STK,1598,INE0APB01032,MGEL,BE,,,,,MANGALAM GLOBAL ENT LTD,16.75,17.05,16.4,16.86,16.8,16.75,,16.86,,,55807,935566.45,189,F1,1,,,,,
2026-07-13,2026-07-13,CM,NSE,STK,6428,INE370D01013,MANORG,BE,,,,,MANGALAM ORGANICS LIMITED,534.9,537.5,515.1,528.4,530.0,534.95,,528.4,,,2277,1191072.7,67,F1,1,,,,,
2026-07-13,2026-07-13,CM,NSE,STK,759169,INE0JYY01029,MWL,EQ,,,,,MANGALAM WORLDWIDE LTD,37.85,39.3,36.4,37.05,36.9,36.65,,37.05,,,2442926,91922887.25,6185,F1,1,,,,,
2026-07-13,2026-07-13,CM,NSE,STK,24629,INE0R3101011,MIEL,SM,,,,,MANGLAM INFRA & ENG LTD,12.8,13.1,12.8,13.1,13.1,12.5,,13.1,,,12000,156400.0,6,F1,2000,,,,,
2026-07-13,2026-07-13,CM,NSE,STK,760174,INE1ERK01013,MANILAM,SM,,,,,MANILAM INDUSTRIES IND L,53.3,53.3,53.3,53.3,53.3,53.3,,53.3,,,2000,106600.0,1,F1,2000,,,,,
2026-07-13,2026-07-13,CM,NSE,STK,15380,INE634S01028,MANKIND,EQ,,,,,MANKIND PHARMA LIMITED,2525.1,2535.5,2493.5,2507.5,2505.0,2525.1,,2507.6,,,289767,728536593.2,13219,F1,1,,,,,
2026-07-13,2026-07-13,CM,NSE,STK,19015,INE0KNT01012,MVGJL,EQ,,,,,MANOJ VAIBHAV GEM N JEW L,155.9,168.5,155.23,165.14,167.0,156.15,,165.14,,,178094,28928841.46,3488,F1,1,,,,,
2026-07-13,2026-07-13,CM,NSE,STK,13753,INE784W01015,MANOMAY,EQ,,,,,MANOMAY TEX INDIA LTD,173.05,181.99,172.9,175.28,176.59,174.62,,175.29,,,7720,1370382.92,283,F1,1,,,,,
2026-07-13,2026-07-13,CM,NSE,STK,10227,INE00VM01036,MANORAMA,EQ,,,,,MANORAMA INDUSTRIES LTD,1603.4,1632.0,1581.4,1627.3,1629.0,1603.4,,1627.4,,,179409,288791025.0,11646,F1,1,,,,,
2026-07-13,2026-07-13,CM,NSE,STK,13575,INE867A01022,MANUGRAPH,BE,,,,,MANUGRAPH INDIA LIMITED,15.13,15.13,14.25,14.88,14.91,14.99,,14.88,,,55895,798987.18,70,F1,1,,,,,
2026-07-13,2026-07-13,CM,NSE,STK,7040,INE882A01013,MARALOVER,BE,,,,,MARAL OVERSEAS LTD,55.01,55.01,53.0,53.63,54.6,55.01,,53.63,,,3744,201829.96,30,F1,1,,,,,
2026-07-13,2026-07-13,CM,NSE,STK,18659,INE182D01020,MARATHON,EQ,,,,,MARATHON NXTGEN REALT LTD,408.7,415.95,406.3,412.15,414.85,410.0,,412.15,,,63313,26083355.75,1799,F1,1,,,,,
2026-07-13,2026-07-13,CM,NSE,STK,18773,INE0QP001012,MARCO,SM,,,,,MARCO CABLE & CONDUCTOR L,33.6,33.6,33.2,33.45,33.45,33.6,,33.45,,,4500,150375.0,3,F1,1500,,,,,
2026-07-13,2026-07-13,CM,NSE,STK,4067,INE196A01026,MARICO,EQ,,,,,MARICO LIMITED,850.0,853.1,841.75,846.75,847.2,852.5,,846.75,,,1169864,990422049.4,35028,F1,1,,,,,
2026-07-13,2026-07-13,CM,NSE,STK,1328,INE01JE01028,MARINE,EQ,,,,,MARINE ELECTRICAL (I) LTD,258.0,259.95,252.1,252.95,253.35,258.7,,252.95,,,327831,83842590.8,6039,F1,1,,,,,
2026-07-13,2026-07-13,CM,NSE,STK,760204,INE0FW001016,MARKOLINES,EQ,,,,,MARKOLINES PAVEMENT TEC L,167.0,173.75,166.11,169.02,169.25,166.71,,169.01,,,341697,58262793.9,2386,F1,1,,,,,
2026-07-13,2026-07-13,CM,NSE,STK,10579,INE750C01026,MARKSANS,EQ,,,,,MARKSANS PHARMA LIMITED,270.95,271.65,266.1,269.3,269.0,272.4,,269.3,,,1117611,300834156.2,17866,F1,1,,,,,
2026-07-13,2026-07-13,CM,NSE,STK,761386,INE415B01044,MARSONS,EQ,,,,,MARSONS LIMITED,118.48,123.76,117.6,119.51,119.0,118.86,,119.51,,,1099798,132923505.93,10670,F1,1,,,,,
2026-07-13,2026-07-13,CM,NSE,STK,10999,INE585B01010,MARUTI,EQ,,,,,MARUTI SUZUKI INDIA LTD.,13682.0,13841.0,13536.0,13695.0,13700.0,13854.0,,13695.0,,,458633,6283314219.0,62852,F1,1,,,,,
2026-07-13,2026-07-13,CM,NSE,STK,2133,INE575Z01010,MDL,ST,,,,,MARVEL DECOR LIMITED,70.2,71.1,69.85,69.85,69.85,73.05,,69.85,,,29000,2039250.0,11,F1,1000,,,,,
2026-07-13,2026-07-13,CM,NSE,STK,199,INE348L01012,MASFIN,EQ,,,,,MAS FINANCIAL SERV LTD,319.5,334.0,318.2,330.55,333.0,322.45,,330.55,,,153475,50157585.95,8661,F1,1,,,,,
2026-07-13,2026-07-13,CM,NSE,STK,18731,INE885F01015,MASKINVEST,BE,,,,,MASK INVESTMENTS LIMITED,155.0,155.0,155.0,155.0,155.0,155.0,,155.0,,,1,155.0,1,F1,1,,,,,
2026-07-13,2026-07-13,CM,NSE,STK,24278,INE0SH001010,MASON,SM,,,,,MASON INFRATECH LIMITED,122.0,130.65,122.0,129.05,130.5,124.5,,129.05,,,28500,3598175.0,43,F1,500,,,,,
2026-07-13,2026-07-13,CM,NSE,STK,2124,INE759A01021,MASTEK,EQ,,,,,MASTEK LTD,1684.8,1785.0,1651.0,1749.8,1747.6,1680.1,,1749.8,,,191877,334908830.3,21851,F1,1,,,,,
2026-07-13,2026-07-13,CM,NSE,STK,19011,INE0OJM01017,MASTER,SM,,,,,MASTER COMPONENTS LIMITED,419.3,419.3,410.0,419.3,419.3,399.35,,419.3,,,4000,1672525.0,8,F1,500,,,,,
2026-07-13,2026-07-13,CM,NSE,STK,27047,INE677D01037,MASTERTR,EQ,,,,,MASTER TRUST LIMITED,90.31,95.65,90.31,91.82,91.7,93.21,,91.82,,,2853385,264704478.2,17587,F1,1,,,,,
2026-07-13,2026-07-13,CM,NSE,STK,21726,INE866R01028,MATRIMONY,EQ,,,,,MATRIMONY.COM LIMITED,433.7,435.8,423.95,430.6,430.0,437.0,,430.6,,,3883,1673768.15,240,F1,1,,,,,
2026-07-13,2026-07-13,CM,NSE,STK,759945,INE132901013,MGSL,SM,,,,,MATRIX GEO SOLUTIONS LTD,66.0,68.0,65.05,65.05,65.05,66.0,,65.05,,,9600,632700.0,8,F1,1200,,,,,
2026-07-13,2026-07-13,CM,NSE,STK,17026,INE636A01039,MAWANASUG,BE,,,,,MAWANA SUGARS LIMITED,110.0,114.5,110.0,112.15,113.25,112.0,,112.15,,,124340,14074820.79,487,F1,1,,,,,
2026-07-13,2026-07-13,CM,NSE,STK,19646,INE03EI01018,MAXESTATES,EQ,,,,,MAX ESTATES LIMITED,449.0,450.2,435.0,445.05,443.5,449.5,,445.05,,,49994,22247912.25,3477,F1,1,,,,,
2026-07-13,2026-07-13,CM,NSE,STK,2142,INE180A01020,MFSL,EQ,,,,,MAX FINANCIAL SERV LTD,1629.8,1662.0,1618.1,1631.8,1637.7,1633.1,,1631.8,,,1039927,1707329679.8,42980,F1,1,,,,,
2026-07-13,2026-07-13,CM,NSE,STK,22377,INE027H01010,MAXHEALTH,EQ,,,,,MAX HEALTHCARE INS LTD,1107.1,1118.0,1094.2,1106.2,1109.0,1108.1,,1106.3,,,1676994,1857902184.6,50758,F1,1,,,,,
2026-07-13,2026-07-13,CM,NSE,STK,22428,INE0CG601016,MAXIND,EQ,,,,,MAX INDIA LIMITED,162.85,170.4,159.63,167.44,168.0,164.17,,167.42,,,99815,16477894.34,2339,F1,1,,,,,
2026-07-13,2026-07-13,CM,NSE,STK,21691,INE0ECC01022,MAXPOSURE,SM,,,,,MAXPOSURE LIMITED,33.25,34.85,33.25,34.85,34.85,35.0,,34.85,,,26000,896100.0,4,F1,1000,,,,,
2026-07-13,2026-07-13,CM,NSE,STK,29657,INE10A501018,MAXVOLT,ST,,,,,MAXVOLT ENERGY INDUS L,340.0,362.05,335.0,362.05,362.05,344.85,,362.05,,,44000,15558000.0,93,F1,400,,,,,
2026-07-13,2026-07-13,CM,NSE,STK,757587,INE0ZTO01018,MAYASHEEL,SM,,,,,MAYASHEEL VENTURES LTD,39.95,39.95,38.25,39.0,39.0,40.0,,39.0,,,18000,702600.0,6,F1,3000,,,,,
2026-07-13,2026-07-13,CM,NSE,STK,28906,INE040D01038,MAYURUNIQ,EQ,,,,,MAYUR UNIQUOTERS LTD,832.0,860.05,829.0,855.15,857.85,833.55,,855.15,,,72805,62000434.85,4630,F1,1,,,,,
2026-07-13,2026-07-13,CM,NSE,STK,509,INE249Z01020,MAZDOCK,EQ,,,,,MAZAGON DOCK SHIPBUIL LTD,2417.0,2417.0,2385.0,2402.6,2402.1,2420.1,,2402.6,,,529277,1268899403.4,25572,F1,1,,,,,
2026-07-13,2026-07-13,CM,NSE,STK,18870,INE885E01042,MAZDA,BE,,,,,MAZDA LIMITED,248.0,249.0,236.0,239.77,238.8,242.2,,239.77,,,9846,2367787.5,204,F1,1,,,,,
2026-07-13,2026-07-13,CM,NSE,STK,18033,INE912H01013,MBLINFRA,BE,,,,,MBL INFRASTRUCTURE LTD,26.02,26.4,25.22,25.67,25.7,26.02,,25.67,,,9803,253217.36,47,F1,1,,,,,
2026-07-13,2026-07-13,CM,NSE,STK,11944,INE942G01012,MCLEODRUSS,BE,,,,,MCLEOD RUSSEL INDIA LTD.,55.0,57.71,54.96,57.24,57.1,54.97,,57.25,,,162150,9241626.57,503,F1,1,,,,,
2026-07-13,2026-07-13,CM,NSE,STK,14574,INE0O4M01019,MCON,SM,,,,,MCON RASAYAN INDIA LTD,43.9,44.85,43.9,44.1,44.1,42.75,,44.1,,,7000,309100.0,6,F1,1000,,,,,
2026-07-13,2026-07-13,CM,NSE,STK,21705,INE456Z01021,MEDIASSIST,EQ,,,,,MEDI ASSIST HEALTH SER L,355.0,368.5,351.8,365.55,364.5,357.8,,365.45,,,67957,24736251.05,3064,F1,1,,,,,
2026-07-13,2026-07-13,CM,NSE,STK,762805,INE200D01020,MMWL,BE,,,,,MEDIA MATRIX WORLDWIDE L,13.28,13.58,13.01,13.24,13.25,13.28,,13.25,,,8457,113276.41,54,F1,1,,,,,
2026-07-13,2026-07-13,CM,NSE,STK,6278,INE646B01010,MEDICAMEQ,EQ,,,,,MEDICAMEN BIOTECH LIMITED,243.1,244.65,235.15,237.65,237.0,245.35,,237.65,,,21325,5100613.55,838,F1,1,,,,,
2026-07-13,2026-07-13,CM,NSE,STK,24239,INE0PE401018,MEDIORG,SM,,,,,MEDICAMEN ORGANICS LTD,23.0,23.35,23.0,23.35,23.35,22.25,,23.35,,,16000,372900.0,7,F1,2000,,,,,
2026-07-13,2026-07-13,CM,NSE,STK,9667,INE630Y01024,MEDICO,EQ,,,,,MEDICO REMEDIES LIMITED,39.3,40.0,39.1,39.17,39.11,39.71,,39.18,,,45888,1807774.56,388,F1,1,,,,,
2026-07-13,2026-07-13,CM,NSE,STK,7254,INE804L01022,MEDPLUS,EQ,,,,,MEDPLUS HEALTH SERV LTD,818.6,829.3,815.0,821.75,819.95,826.1,,821.75,,,106046,87228117.75,10517,F1,1,,,,,
2026-07-13,2026-07-13,CM,NSE,STK,760229,INE0VDM01015,MEESHO,EQ,,,,,MEESHO LIMITED,193.0,194.2,188.6,189.76,189.9,194.11,,189.76,,,8475549,1625789782.06,92707,F1,1,,,,,
2026-07-13,2026-07-13,CM,NSE,STK,8153,INE00EM01016,MEGASTAR,EQ,,,,,MEGASTAR FOODS LIMITED,384.35,392.0,359.1,366.45,372.0,383.35,,366.45,,,173374,65063148.45,3723,F1,1,,,,,
2026-07-13,2026-07-13,CM,NSE,STK,22560,INE531R01010,MEGATHERM,SM,,,,,MEGATHERM INDUCTION LTD,235.0,235.0,224.0,225.65,227.0,234.4,,225.65,,,12800,2898440.0,32,F1,400,,,,,
2026-07-13,2026-07-13,CM,NSE,STK,5394,INE0CT101020,MOL,EQ,,,,,MEGHMANI ORGANICS LIMITED,47.01,49.5,46.56,48.8,48.9,47.04,,48.8,,,999700,48513253.94,5332,F1,1,,,,,
2026-07-13,2026-07-13,CM,NSE,STK,6971,INE071D01033,MENONBE,BE,,,,,MENON BEARINGS LIMITED,176.9,180.1,170.0,179.6,178.34,171.53,,179.59,,,151257,27113867.9,857,F1,1,,,,,
2026-07-13,2026-07-13,CM,NSE,STK,762787,INE650G01029,MENNPIS,EQ,,,,,MENON PISTONS LTD.,70.6,74.8,69.7,73.94,74.03,71.46,,73.94,,,59705,4374013.73,1019,F1,1,,,,,
2026-07-13,2026-07-13,CM,NSE,STK,25882,INE776I01010,MEP,BZ,,,,,MEP INFRA. DEVELOPERS LTD,0.65,0.65,0.63,0.63,0.63,0.64,,0.63,,,121397,77351.91,93,F1,1,,,,,
2026-07-13,2026-07-13,CM,NSE,STK,762792,INE689O01013,MERCANTILE,EQ,,,,,MERCANTILE VENTURES LTD.,24.0,25.89,24.0,25.07,24.65,25.2,,25.07,,,1553,39671.9,41,F1,1,,,,,
2026-07-13,2026-07-13,CM,NSE,STK,763665,INE763M01028,MERCURYEV,BE,,,,,MERCURY EV-TECH LIMITED,34.51,37.0,34.31,35.93,36.05,35.69,,35.91,,,217420,7858272.16,575,F1,1,,,,,
2026-07-13,2026-07-13,CM,NSE,STK,7242,INE317I01021,METROBRAND,EQ,,,,,METRO BRANDS LIMITED,1064.3,1078.3,1050.0,1072.6,1071.3,1059.6,,1072.4,,,18335,19621621.3,5805,F1,1,,,,,
2026-07-13,2026-07-13,CM,NSE,STK,762797,INE085D01033,METROGLOBL,EQ,,,,,METROGLOBAL LTD.,135.0,137.0,132.0,135.09,136.5,133.41,,135.09,,,1726,231521.31,54,F1,1,,,,,
2026-07-13,2026-07-13,CM,NSE,STK,9581,INE112L01020,METROPOLIS,EQ,,,,,METROPOLIS HEALTHCARE LTD,568.0,571.0,557.6,564.7,564.7,567.95,,564.7,,,86216,48558046.6,10319,F1,1,,,,,
2026-07-13,2026-07-13,CM,NSE,STK,7165,INE287C01037,MICEL,BE,,,,,MIC ELECTRONICS LTD,36.6,37.65,36.5,37.48,37.5,37.35,,37.48,,,215648,8032964.65,1394,F1,1,,,,,
2026-07-13,2026-07-13,CM,NSE,STK,759517,INE0XAD01024,MIDWESTLTD,EQ,,,,,MIDWEST LIMITED,1311.0,1352.9,1305.3,1324.8,1322.0,1332.3,,1324.8,,,8789,11715164.8,982,F1,1,,,,,
2026-07-13,2026-07-13,CM,NSE,STK,159,INE376Y01016,MILTON,SM,,,,,MILTON INDUSTRIES LIMITED,38.05,38.05,38.05,38.05,38.05,39.95,,38.05,,,2200,83710.0,1,F1,2200,,,,,
2026-07-13,2026-07-13,CM,NSE,STK,25897,INE842C01021,MINDACORP,EQ,,,,,MINDA CORPORATION LTD,699.85,708.75,685.55,704.35,702.05,698.9,,704.35,,,211280,147837647.45,17518,F1,1,,,,,
2026-07-13,2026-07-13,CM,NSE,STK,22308,INE0CCU25019,MINDSPACE,RR,,,,,MINDSPACE BUSINESS P REIT,489.99,493.75,488.0,488.97,489.0,488.47,,488.98,,,124153,60789113.61,5873,F1,1,,,,,
2026-07-13,2026-07-13,CM,NSE,STK,18049,INE110B01017,MINDTECK,EQ,,,,,MINDTECK (INDIA) LIMITED,208.67,213.48,207.03,209.81,209.61,210.23,,209.78,,,86297,18154770.42,2228,F1,1,,,,,
2026-07-13,2026-07-13,CM,NSE,STK,19640,INF769K01KU7,ALPHAETF,EQ,,,,,MIRAEAMC - ALPHAETF,25.86,26.39,25.86,26.36,26.32,26.29,,26.34,,,264764,6960122.02,1018,F1,1,,,,,
2026-07-13,2026-07-13,CM,NSE,STK,17419,INF769K01KR3,BANKETF,EQ,,,,,MIRAEAMC - BANKETF,586.7,593.45,585.76,592.34,591.8,591.48,,592.34,,,11043,6519686.18,201,F1,1,,,,,
2026-07-13,2026-07-13,CM,NSE,STK,25725,INF769K01LZ4,BANKPSU,EQ,,,,,MIRAEAMC - BANKPSU,85.0,85.65,84.48,85.4,85.4,85.25,,85.4,,,14288,1215077.57,136,F1,1,,,,,
2026-07-13,2026-07-13,CM,NSE,STK,28969,INF769K01NS5,CONSUMER,EQ,,,,,MIRAEAMC - CONSUMER,11.89,11.89,11.55,11.82,11.81,11.84,,11.82,,,336779,3972605.34,421,F1,1,,,,,
2026-07-13,2026-07-13,CM,NSE,STK,761046,INF769K01QC2,DEFENCE,EQ,,,,,MIRAEAMC - DEFENCE,79.79,79.79,77.95,78.54,78.53,79.0,,78.54,,,200620,15732512.52,861,F1,1,,,,,
2026-07-13,2026-07-13,CM,NSE,STK,760412,INF769K01PY8,DIVIDEND,EQ,,,,,MIRAEAMC - DIVIDEND,34.89,35.2,34.71,35.2,35.2,34.89,,35.18,,,8026,281936.42,77,F1,1,,,,,
2026-07-13,2026-07-13,CM,NSE,STK,759780,INF769K01PR2,ENERGY,EQ,,,,,MIRAEAMC - ENERGY,39.65,39.65,39.09,39.31,39.4,39.38,,39.31,,,1093220,42967382.32,1391,F1,1,,,,,
2026-07-13,2026-07-13,CM,NSE,STK,30121,INF769K01OA1,EQUAL200,EQ,,,,,MIRAEAMC - EQUAL200,13.74,13.81,13.73,13.8,13.81,13.81,,13.8,,,8835,121661.73,47,F1,1,,,,,
2026-07-13,2026-07-13,CM,NSE,STK,757142,INF769K01OO2,EQUAL50,EQ,,,,,MIRAEAMC - EQUAL50,328.73,331.69,328.73,331.56,331.56,331.14,,331.56,,,6347,2101710.93,31,F1,1,,,,,
2026-07-13,2026-07-13,CM,NSE,STK,24461,INF769K01LQ3,EVINDIA,EQ,,,,,MIRAEAMC - EVINDIA,32.15,32.3,31.0,31.45,31.45,31.37,,31.45,,,559078,17444109.1,2596,F1,1,,,,,
2026-07-13,2026-07-13,CM,NSE,STK,760986,INF769K01QA6,HEALTHCARE,EQ,,,,,MIRAEAMC - HEALTHCARE,21.23,21.23,21.05,21.16,21.19,21.17,,21.16,,,61668,1302698.22,208,F1,1,,,,,
2026-07-13,2026-07-13,CM,NSE,STK,761030,INF769K01QB4,INFRA,EQ,,,,,MIRAEAMC - INFRA,12.41,12.47,12.25,12.29,12.3,12.35,,12.29,,,57453,707457.01,194,F1,1,,,,,
2026-07-13,2026-07-13,CM,NSE,STK,758595,INF769K01PB6,INTERNET,EQ,,,,,MIRAEAMC - INTERNET,13.5,13.6,13.45,13.54,13.57,13.58,,13.54,,,118330,1601605.14,215,F1,1,,,,,
2026-07-13,2026-07-13,CM,NSE,STK,19633,INF769K01KV5,ITETF,EQ,,,,,MIRAEAMC - ITETF,29.64,30.94,29.5,30.66,30.65,29.64,,30.66,,,1241031,37768673.76,1774,F1,1,,,,,
2026-07-13,2026-07-13,CM,NSE,STK,17572,INF769K01KS1,LIQUID,EQ,,,,,MIRAEAMC - LIQUID,999.99,1000.0,999.99,999.99,999.99,999.99,,999.99,,,332560,332558895.88,238,F1,1,,,,,
2026-07-13,2026-07-13,CM,NSE,STK,27075,INF769K01MY5,LIQUIDPLUS,EQ,,,,,MIRAEAMC - LIQUIDPLUS,1093.96,1094.12,1093.96,1094.11,1094.1,1093.96,,1094.11,,,258289,282596702.93,267,F1,1,,,,,
2026-07-13,2026-07-13,CM,NSE,STK,1200,INF769K01GS9,ESG,EQ,,,,,MIRAEAMC - MAESGETF,41.42,41.78,41.3,41.65,41.71,41.74,,41.65,,,16571,689780.74,115,F1,1,,,,,
2026-07-13,2026-07-13,CM,NSE,STK,3507,INF769K01HF4,MAFANG,EQ,,,,,MIRAEAMC - MAFANG,196.58,196.58,196.58,196.58,196.58,194.17,,196.58,,,123856,24347612.48,3990,F1,1,,,,,
2026-07-13,2026-07-13,CM,NSE,STK,5220,INF769K01HI8,BFSI,EQ,,,,,MIRAEAMC - MAFSETF,27.86,27.9,27.56,27.84,27.83,27.86,,27.84,,,375247,10416475.18,953,F1,1,,,,,
2026-07-13,2026-07-13,CM,NSE,STK,14286,INF769K01JP9,GOLDETF,EQ,,,,,MIRAEAMC - MAGOLDETF,137.67,137.81,136.92,137.7,137.54,138.87,,137.7,,,1819169,249998190.33,5748,F1,1,,,,,
2026-07-13,2026-07-13,CM,NSE,STK,14938,INF769K01KF8,GSEC10YEAR,EQ,,,,,MIRAEAMC - MAGS813ETF,29.96,30.68,29.96,30.42,30.42,30.4,,30.17,,,222,6763.37,28,F1,1,,,,,
2026-07-13,2026-07-13,CM,NSE,STK,7074,INF769K01HS7,MAHKTECH,EQ,,,,,MIRAEAMC - MAHKTECH,23.2,23.2,22.9,23.11,23.11,23.22,,23.11,,,1621173,37464232.72,7692,F1,1,,,,,
2026-07-13,2026-07-13,CM,NSE,STK,8413,INF769K01IC9,MIDCAPETF,EQ,,,,,MIRAEAMC - MAM150ETF,23.76,23.76,23.44,23.63,23.65,23.64,,23.63,,,2450572,57910455.05,5792,F1,1,,,,,
2026-07-13,2026-07-13,CM,NSE,STK,7979,INF769K01IB1,MAKEINDIA,EQ,,,,,MIRAEAMC - MAMFGETF,163.9,163.9,160.26,161.44,161.38,162.18,,161.44,,,14821,2390630.18,467,F1,1,,,,,
2026-07-13,2026-07-13,CM,NSE,STK,6353,INF769K01EG9,NIFTYETF,EQ,,,,,MIRAEAMC - MAN50ETF,261.5,263.35,260.26,262.82,263.35,262.59,,262.82,,,637123,166936819.34,1089,F1,1,,,,,
2026-07-13,2026-07-13,CM,NSE,STK,14786,INF769K01JU9,LOWVOL,EQ,,,,,MIRAEAMC - MANV30F,205.02,205.75,204.98,205.75,205.75,206.04,,205.75,,,92,18885.19,8,F1,1,,,,,
2026-07-13,2026-07-13,CM,NSE,STK,17181,INF769K01FN2,NEXT50,EQ,,,,,MIRAEAMC - MANXT50,746.25,746.25,736.86,743.98,743.78,746.22,,743.97,,,26631,19743759.48,1121,F1,1,,,,,
2026-07-13,2026-07-13,CM,NSE,STK,16777,INF769K01KG6,SILVERAG,EQ,,,,,MIRAEAMC - MASILVER,211.0,211.85,208.22,211.24,211.3,212.84,,211.24,,,532009,111869855.1,4290,F1,1,,,,,
2026-07-13,2026-07-13,CM,NSE,STK,5782,INF769K01HP3,MASPTOP50,EQ,,,,,MIRAEAMC - MASPTOP50,79.11,79.11,79.11,79.11,79.11,78.33,,79.11,,,37775,2988380.25,213,F1,1,,,,,
2026-07-13,2026-07-13,CM,NSE,STK,25744,INF769K01LY7,METAL,EQ,,,,,MIRAEAMC - METAL,12.8,12.8,12.64,12.73,12.74,12.8,,12.73,,,2244342,28518379.33,6110,F1,1,,,,,
2026-07-13,2026-07-13,CM,NSE,STK,23855,INF769K01LJ8,MIDSMALL,EQ,,,,,MIRAEAMC - MIDSMALL,50.59,51.01,50.46,51.0,51.01,51.05,,51.0,,,269299,13714723.16,4336,F1,1,,,,,
2026-07-13,2026-07-13,CM,NSE,STK,25080,INF769K01LX9,MULTICAP,EQ,,,,,MIRAEAMC - MULTICAP,16.72,16.74,16.5,16.7,16.74,16.72,,16.7,,,104949,1751016.79,682,F1,1,,,,,
2026-07-13,2026-07-13,CM,NSE,STK,30109,INF769K01ON4,SELECTIPO,EQ,,,,,MIRAEAMC - SELECTIPO,46.84,47.12,46.66,47.0,46.9,47.05,,47.0,,,170845,8028473.63,184,F1,1,,,,,
2026-07-13,2026-07-13,CM,NSE,STK,19224,INF769K01KT9,SENSEXETF,EQ,,,,,MIRAEAMC - SENSEXETF,79.62,80.08,79.21,79.85,79.83,79.93,,79.85,,,9372,746950.88,228,F1,1,,,,,
2026-07-13,2026-07-13,CM,NSE,STK,759814,INF769K01PQ4,SMALL250,EQ,,,,,MIRAEAMC - SMALL250,18.6,18.6,17.71,18.21,18.22,18.18,,18.21,,,479329,8704990.2,1160,F1,1,,,,,
2026-07-13,2026-07-13,CM,NSE,STK,22832,INF769K01LC3,SMALLCAP,EQ,,,,,MIRAEAMC - SMALLCAP,47.38,47.63,46.92,47.56,47.63,47.38,,47.56,,,1929327,91496955.44,3241,F1,1,,,,,
2026-07-13,2026-07-13,CM,NSE,STK,760415,INF769K01PZ5,TOP20,EQ,,,,,MIRAEAMC - TOP20,8.76,8.83,8.7,8.81,8.82,8.76,,8.8,,,26506,232981.88,105,F1,1,,,,,
2026-07-13,2026-07-13,CM,NSE,STK,761511,INF769K01QV2,VALUE,EQ,,,,,MIRAEAMC - VALUE,16.04,16.2,16.03,16.19,16.2,16.17,,16.19,,,24383,393530.55,100,F1,1,,,,,
2026-07-13,2026-07-13,CM,NSE,STK,4394,INE771A01026,MIRZAINT,EQ,,,,,MIRZA INTERNATIONAL LIMIT,39.66,40.95,36.83,37.9,37.99,39.86,,37.89,,,1234097,47803160.89,7306,F1,1,,,,,
2026-07-13,2026-07-13,CM,NSE,STK,2463,INE099Z01011,MIDHANI,EQ,,,,,MISHRA DHATU NIGAM LTD,413.0,420.85,407.7,412.35,413.1,415.9,,412.35,,,500307,207216072.65,13047,F1,1,,,,,
2026-07-13,2026-07-13,CM,NSE,STK,8475,INE828O01033,MITCON,BE,,,,,MITCON CON & ENG SER LTD,74.55,78.0,74.0,78.0,78.0,74.52,,78.0,,,487,36644.18,12,F1,1,,,,,
2026-07-13,2026-07-13,CM,NSE,STK,18562,INE997Y01027,MITTAL,EQ,,,,,MITTAL LIFE STYLE LIMITED,0.93,0.94,0.91,0.92,0.93,0.91,,0.92,,,455852,419575.81,276,F1,1,,,,,
2026-07-13,2026-07-13,CM,NSE,STK,13844,INE227C01017,MMFL,EQ,,,,,MM FORGINGS LTD,525.0,525.3,512.55,516.4,519.0,523.4,,516.4,,,70542,36548445.7,4358,F1,1,,,,,
2026-07-13,2026-07-13,CM,NSE,STK,16395,INE511Y01018,MMP,EQ,,,,,MMP INDUSTRIES LIMITED,290.0,290.0,280.0,281.7,282.95,287.7,,281.7,,,46374,13135910.45,1258,F1,1,,,,,
2026-07-13,2026-07-13,CM,NSE,STK,17957,INE123F01029,MMTC,EQ,,,,,MMTC LIMITED,64.58,65.28,63.94,64.95,64.96,65.1,,64.95,,,1238645,80087779.99,6744,F1,1,,,,,
2026-07-13,2026-07-13,CM,NSE,STK,760199,INE1YNB01019,MOBILISE,ST,,,,,MOBILISE APP LAB LIMITED,101.7,112.2,101.6,112.2,112.2,106.9,,112.2,,,28800,3181920.0,18,F1,1600,,,,,
2026-07-13,2026-07-13,CM,NSE,STK,2241,INE794W01014,MODTHREAD,EQ,,,,,MODERN THREADS INDIA LTD,48.06,48.06,43.21,47.5,47.5,47.83,,47.5,,,171,7811.57,11,F1,1,,,,,
2026-07-13,2026-07-13,CM,NSE,STK,760280,INE537F01012,MODINATUR,BE,,,,,MODI NATURALS LIMITED,404.0,410.0,391.0,404.65,405.7,407.9,,404.65,,,6259,2508221.9,146,F1,1,,,,,
2026-07-13,2026-07-13,CM,NSE,STK,2229,INE832A01018,MODIRUBBER,EQ,,,,,MODI RUBBER LTD,131.0,135.6,129.01,130.19,130.12,130.21,,130.19,,,1134,150370.82,47,F1,1,,,,,
2026-07-13,2026-07-13,CM,NSE,STK,759752,INE0L0L01012,MODIS,EQ,,,,,MODIS NAVNIRMAN LTD,350.25,356.0,346.0,348.8,348.2,348.6,,348.8,,,13893,4883659.5,418,F1,1,,,,,
2026-07-13,2026-07-13,CM,NSE,STK,3325,INE737D01021,MODISONLTD,BE,,,,,MODISON LIMITED,292.9,298.1,286.55,296.7,296.5,299.2,,296.7,,,57814,16985789.0,873,F1,1,,,,,
2026-07-13,2026-07-13,CM,NSE,STK,1426,INE450S01011,MHHL,SM,,,,,MOHINI HEALTH&HYGIENE LTD,34.65,34.65,33.2,33.95,33.2,33.0,,33.95,,,16500,568050.0,9,F1,1500,,,,,
2026-07-13,2026-07-13,CM,NSE,STK,29423,INE954E01012,MOHITIND,EQ,,,,,MOHIT INDUSTRIES LTD,22.99,23.85,22.65,22.89,22.95,22.97,,22.89,,,9198,211620.27,47,F1,1,,,,,
2026-07-13,2026-07-13,CM,NSE,STK,20830,INE490G01020,MOIL,EQ,,,,,MOIL LIMITED,271.85,278.35,270.55,276.4,277.45,274.0,,276.4,,,264502,72686819.9,7719,F1,1,,,,,
2026-07-13,2026-07-13,CM,NSE,STK,3586,INE514Y01020,MOKSH,EQ,,,,,MOKSH ORNAMENTS LIMITED,11.95,12.0,11.26,11.57,11.5,11.72,,11.57,,,62309,725572.41,252,F1,1,,,,,
2026-07-13,2026-07-13,CM,NSE,STK,6713,INE893J01029,MOLDTKPAC,EQ,,,,,MOLD-TEK PACKAGING LTD,670.95,682.45,663.7,677.3,676.0,669.4,,677.25,,,30182,20369128.9,2586,F1,1,,,,,
2026-07-13,2026-07-13,CM,NSE,STK,17625,INE835B01035,MOLDTECH,EQ,,,,,MOLD-TEK TECHNOLOGIES LTD,125.29,130.52,125.29,126.97,126.1,128.21,,127.23,,,26255,3335979.26,613,F1,1,,,,,
2026-07-13,2026-07-13,CM,NSE,STK,7679,INE903D01011,MONARCH,EQ,,,,,MONARCH NETWORTH CAP LTD,360.0,370.95,356.45,363.5,363.0,360.7,,363.5,,,277628,100948402.2,4288,F1,1,,,,,
2026-07-13,2026-07-13,CM,NSE,STK,759381,INE296Q01012,MONEYBOXX,EQ,,,,,MONEYBOXX FINANCE LIMITED,62.0,63.8,60.52,60.81,60.6,62.28,,60.85,,,13508,829391.34,353,F1,1,,,,,
2026-07-13,2026-07-13,CM,NSE,STK,18392,INE0OIP01012,MONOPHARMA,SM,,,,,MONO PHARMACARE LIMITED,10.6,10.6,10.6,10.6,10.6,11.0,,10.6,,,2000,21200.0,1,F1,2000,,,,,
2026-07-13,2026-07-13,CM,NSE,STK,756958,INE1DV401010,MONOLITH,SM,,,,,MONOLITHISCH INDIA LTD,740.0,750.0,729.1,730.9,730.0,736.3,,730.9,,,37750,27755325.0,52,F1,250,,,,,
2026-07-13,2026-07-13,CM,NSE,STK,5938,INE950M01013,MONTECARLO,EQ,,,,,MONTE CARLO FASHIONS LTD.,540.1,553.4,534.55,537.25,538.85,541.65,,537.25,,,94539,51023302.2,4270,F1,1,,,,,
2026-07-13,2026-07-13,CM,NSE,STK,25876,INE161G01027,MORARJEE,BZ,,,,,MORARJEE TEXTILES LIMITED,10.23,10.23,10.2,10.23,10.23,9.75,,10.23,,,14676,150108.48,40,F1,1,,,,,
2026-07-13,2026-07-13,CM,NSE,STK,2259,INE083A01026,MOREPENLAB,EQ,,,,,MOREPEN LAB. LTD,60.8,64.1,60.3,62.29,62.33,61.22,,62.29,,,15187668,953614353.64,41810,F1,1,,,,,
2026-07-13,2026-07-13,CM,NSE,STK,15057,INE0N7S01028,MOS,ST,,,,,MOS UTILITY LIMITED,15.1,16.0,15.05,15.15,15.1,15.3,,15.15,,,212000,3315800.0,40,F1,4000,,,,,
2026-07-13,2026-07-13,CM,NSE,STK,29459,INE935B01025,MOSCHIP,EQ,,,,,MOSCHIP TECHNOLOGIES LTD,234.6,239.04,231.49,232.83,233.3,236.82,,232.83,,,2898405,679695021.87,27925,F1,1,,,,,
2026-07-13,2026-07-13,CM,NSE,STK,8596,INE0FS801015,MSUMI,EQ,,,,,MOTHERSON SUMI WRNG IND L,40.05,40.73,39.5,40.54,40.59,40.14,,40.54,,,8580443,345148705.75,33192,F1,1,,,,,
2026-07-13,2026-07-13,CM,NSE,STK,21423,INF247L01023,MOM100,EQ,,,,,MOTILAL OS MIDCAP100 ETF,68.36,68.36,67.3,68.0,68.04,68.1,,68.0,,,337151,22869466.67,3012,F1,1,,,,,
2026-07-13,2026-07-13,CM,NSE,STK,22739,INF247L01AP3,MON100,EQ,,,,,MOTILAL OS NASDAQ100 ETF,332.37,332.37,332.37,332.37,332.37,327.73,,332.37,,,388885,129253707.45,3446,F1,1,,,,,
2026-07-13,2026-07-13,CM,NSE,STK,14947,INE338I01027,MOTILALOFS,EQ,,,,,MOTILAL OSWAL FIN LTD,968.0,989.5,963.75,982.85,981.95,979.35,,982.85,,,835312,815079222.55,34166,F1,1,,,,,
2026-07-13,2026-07-13,CM,NSE,STK,19289,INF247L01536,MOM50,EQ,,,,,MOTILAL OSWAL M50 ETF,252.77,253.49,250.74,252.83,252.0,252.77,,252.91,,,11695,2959939.69,156,F1,1,,,,,
2026-07-13,2026-07-13,CM,NSE,STK,1507,INF247L01AK4,MOGSEC,EQ,,,,,MOTILALAMC - G5,65.26,65.8,64.93,65.14,64.96,65.22,,65.18,,,54859,3575529.59,100,F1,1,,,,,
2026-07-13,2026-07-13,CM,NSE,STK,757669,INF247L01FR8,MOALPHA50,EQ,,,,,MOTILALAMC - MOALPHA50,54.1,54.35,52.83,53.94,53.94,54.1,,53.94,,,5065,273056.92,51,F1,1,,,,,
2026-07-13,2026-07-13,CM,NSE,STK,761693,INF247L01GV8,MOBANK10,EQ,,,,,MOTILALAMC - MOBANK10,17.74,17.74,17.26,17.44,17.49,17.42,,17.44,,,15964,278681.32,131,F1,1,,,,,
2026-07-13,2026-07-13,CM,NSE,STK,30065,INF247L01EV3,MOCAPITAL,EQ,,,,,MOTILALAMC - MOCAPITAL,57.09,57.09,54.81,55.59,55.62,55.7,,55.59,,,452171,25080379.9,2959,F1,1,,,,,
2026-07-13,2026-07-13,CM,NSE,STK,24944,INF247L01DJ0,MODEFENCE,EQ,,,,,MOTILALAMC - MODEFENCE,105.37,105.37,102.81,103.48,103.51,104.27,,103.48,,,1067179,110255014.09,8699,F1,1,,,,,
2026-07-13,2026-07-13,CM,NSE,STK,759374,INF247L01GH7,MOENERGY,EQ,,,,,MOTILALAMC - MOENERGY,39.62,39.62,39.12,39.38,39.43,39.43,,39.38,,,122915,4826820.67,923,F1,1,,,,,
2026-07-13,2026-07-13,CM,NSE,STK,757791,INF247L01FY4,MOGOLD,EQ,,,,,MOTILALAMC - MOGOLD,141.45,141.45,139.3,140.2,140.45,141.45,,140.2,,,50088,7012030.35,698,F1,1,,,,,
2026-07-13,2026-07-13,CM,NSE,STK,10508,INF247L01BB1,MOHEALTH,EQ,,,,,MOTILALAMC - MOHEALTH,51.87,51.87,50.25,50.74,50.6,50.66,,50.72,,,41271,2087426.08,629,F1,1,,,,,
2026-07-13,2026-07-13,CM,NSE,STK,757031,INF247L01FL1,MOINFRA,EQ,,,,,MOTILALAMC - MOINFRA,63.57,63.57,58.5,61.59,61.8,60.83,,61.59,,,7314,450580.89,246,F1,1,,,,,
2026-07-13,2026-07-13,CM,NSE,STK,759891,INF247L01GI5,MOIPO,EQ,,,,,MOTILALAMC - MOIPO,46.98,47.12,46.8,46.95,46.95,47.21,,46.95,,,5256,246608.19,26,F1,1,,,,,
2026-07-13,2026-07-13,CM,NSE,STK,8654,INF247L01BL0,MOLOWVOL,EQ,,,,,MOTILALAMC - MOLOWVOL,37.89,37.89,36.85,36.87,37.02,37.15,,36.87,,,53914,1994761.42,63,F1,1,,,,,
2026-07-13,2026-07-13,CM,NSE,STK,25606,INF247L01DK8,MOMENTUM50,EQ,,,,,MOTILALAMC - MOMENTUM50,52.95,53.02,52.42,52.81,52.9,52.89,,52.81,,,568851,30018538.19,1642,F1,1,,,,,
2026-07-13,2026-07-13,CM,NSE,STK,757099,INF247L01FK3,MOMGF,EQ,,,,,MOTILALAMC - MOMGF,158.21,158.61,158.1,158.61,158.61,158.49,,158.61,,,251,39761.79,19,F1,1,,,,,
2026-07-13,2026-07-13,CM,NSE,STK,757817,INF247L01FQ0,MOMIDMTM,EQ,,,,,MOTILALAMC - MOMIDMTM,63.77,64.0,62.5,63.77,64.0,63.77,,63.77,,,71199,4533928.78,326,F1,1,,,,,
2026-07-13,2026-07-13,CM,NSE,STK,760054,INF247L01GK1,MOMNC,EQ,,,,,MOTILALAMC - MOMNC,32.59,32.59,32.36,32.38,32.38,32.59,,32.38,,,1062,34382.19,14,F1,1,,,,,
2026-07-13,2026-07-13,CM,NSE,STK,8182,INF247L01BK2,MOMOMENTUM,EQ,,,,,MOTILALAMC - MOMOMENTUM,61.3,61.98,61.3,61.9,61.93,61.89,,61.9,,,47805,2951549.42,514,F1,1,,,,,
2026-07-13,2026-07-13,CM,NSE,STK,756900,INF247L01FC0,MON50EQUAL,EQ,,,,,MOTILALAMC - MON50EQUAL,33.5,34.27,33.0,33.56,33.33,33.12,,33.56,,,20172,666764.52,66,F1,1,,,,,
2026-07-13,2026-07-13,CM,NSE,STK,757167,INF247L01FD8,MONEXT50,EQ,,,,,MOTILALAMC - MONEXT50,72.62,72.62,71.56,72.08,72.06,72.26,,72.08,,,35660,2563619.21,69,F1,1,,,,,
2026-07-13,2026-07-13,CM,NSE,STK,759371,INF247L01GG9,MONIFTY100,EQ,,,,,MOTILALAMC - MONIFTY100,25.76,25.76,24.95,25.42,25.43,25.47,,25.42,,,16768,422807.06,78,F1,1,,,,,
2026-07-13,2026-07-13,CM,NSE,STK,19237,INF247L01BU1,MONIFTY500,EQ,,,,,MOTILALAMC - MONIFTY500,23.32,28.28,23.32,23.91,23.92,23.92,,23.91,,,548317,13170409.83,1678,F1,1,,,,,
2026-07-13,2026-07-13,CM,NSE,STK,7422,INF247L01AU3,MONQ50,EQ,,,,,MOTILALAMC - MONQ50,145.82,146.41,145.26,146.41,146.41,144.38,,146.41,,,76340,11174316.78,2416,F1,1,,,,,
2026-07-13,2026-07-13,CM,NSE,STK,757431,INF247L01FO5,MOPSE,EQ,,,,,MOTILALAMC - MOPSE,100.3,102.0,100.08,101.02,100.95,100.49,,101.02,,,1926,194024.61,29,F1,1,,,,,
2026-07-13,2026-07-13,CM,NSE,STK,10822,INF247L01BH8,MOQUALITY,EQ,,,,,MOTILALAMC - MOQUALITY,200.75,201.88,200.46,201.81,201.82,202.71,,201.81,,,5246,1055454.44,40,F1,1,,,,,
2026-07-13,2026-07-13,CM,NSE,STK,23184,INF247L01CI4,MOREALTY,EQ,,,,,MOTILALAMC - MOREALTY,94.35,95.83,92.05,93.44,93.5,93.5,,93.44,,,1167116,108525135.35,4408,F1,1,,,,,
2026-07-13,2026-07-13,CM,NSE,STK,760001,INF247L01GJ3,MOSERVICE,EQ,,,,,MOTILALAMC - MOSERVICE,30.92,31.51,30.92,31.43,31.44,31.27,,31.43,,,22282,700252.58,41,F1,1,,,,,
2026-07-13,2026-07-13,CM,NSE,STK,758457,INF247L01FZ1,MOSILVER,EQ,,,,,MOTILALAMC - MOSILVER,213.84,215.49,211.59,214.46,215.1,216.52,,214.46,,,62543,13359464.91,3409,F1,1,,,,,
2026-07-13,2026-07-13,CM,NSE,STK,23181,INF247L01CH6,MOSMALL250,EQ,,,,,MOTILALAMC - MOSMALL250,18.23,18.29,18.02,18.25,18.27,18.22,,18.25,,,1366170,24859273.77,2938,F1,1,,,,,
2026-07-13,2026-07-13,CM,NSE,STK,757443,INF247L01FP2,MOTOUR,EQ,,,,,MOTILALAMC - MOTOUR,81.73,81.73,80.01,80.94,81.13,81.33,,80.94,,,45694,3695241.05,247,F1,1,,,,,
2026-07-13,2026-07-13,CM,NSE,STK,10825,INF247L01BE5,MOVALUE,EQ,,,,,MOTILALAMC - MOVALUE,112.75,114.62,111.41,114.48,114.25,114.29,,114.49,,,85910,9779517.37,943,F1,1,,,,,
2026-07-13,2026-07-13,CM,NSE,STK,20788,INE0FRK01020,MOTISONS,EQ,,,,,MOTISONS JEWELLERS LTD,14.16,14.72,14.03,14.25,14.23,14.2,,14.25,,,65063082,931456748.6,39721,F1,1,,,,,
2026-07-13,2026-07-13,CM,NSE,STK,8793,INE861B01023,MOTOGENFIN,BE,,,,,MOTOR & GENERAL FINANCE L,29.0,29.5,28.06,28.4,28.4,28.75,,28.4,,,1960,56054.73,21,F1,1,,,,,
2026-07-13,2026-07-13,CM,NSE,STK,757813,INE0XM301010,MMEL,ST,,,,,MOVING MEDIA ENTER LTD,31.5,31.8,31.5,31.8,31.8,31.9,,31.8,,,42000,1328800.0,4,F1,2000,,,,,
2026-07-13,2026-07-13,CM,NSE,STK,13507,INE0N6D01014,MOXSH,ST,,,,,MOXSH OVERSEAS EDUCON LTD,110.0,110.0,110.0,110.0,110.0,108.0,,110.0,,,1600,176000.0,1,F1,1600,,,,,
2026-07-13,2026-07-13,CM,NSE,STK,4503,INE356A01018,MPHASIS,EQ,,,,,MPHASIS LIMITED,2322.0,2410.0,2300.2,2390.4,2391.9,2321.9,,2390.4,,,682431,1622119189.9,52923,F1,1,,,,,
2026-07-13,2026-07-13,CM,NSE,STK,10578,INE943D01017,MPSLTD,EQ,,,,,MPS LIMITED,2060.0,2070.0,2003.0,2020.7,2044.4,1997.0,,2020.8,,,33565,68215855.9,3560,F1,1,,,,,
2026-07-13,2026-07-13,CM,NSE,STK,2277,INE883A01011,MRF,EQ,,,,,MRF LTD,133000.0,133000.0,131000.0,131285.0,131490.0,134425.0,,131290.0,,,5948,783930285.0,4250,F1,1,,,,,
2026-07-13,2026-07-13,CM,NSE,STK,2283,INE103A01014,MRPL,EQ,,,,,MRPL,162.5,170.0,162.5,164.74,164.74,162.49,,164.74,,,22735229,3791705175.35,120650,F1,1,,,,,
2026-07-13,2026-07-13,CM,NSE,STK,1628,INE495P01020,BECTORFOOD,EQ,,,,,MRS BECTORS FOOD SPE LTD,169.0,173.0,166.5,170.35,170.4,169.37,,170.34,,,674343,114556787.77,27094,F1,1,,,,,
2026-07-13,2026-07-13,CM,NSE,STK,11919,INE752G01015,MSPL,EQ,,,,,MSP STEEL & POWER LTD.,38.76,40.0,38.74,39.67,39.76,39.14,,39.67,,,578740,22817086.76,4623,F1,1,,,,,
2026-07-13,2026-07-13,CM,NSE,STK,9356,INE255X01014,MSTCLTD,EQ,,,,,MSTC LIMITED,670.0,670.05,651.0,656.65,656.8,670.65,,656.65,,,375148,247131281.75,10091,F1,1,,,,,
2026-07-13,2026-07-13,CM,NSE,STK,31413,INE472M01018,MTEDUCARE,BE,,,,,MT EDUCARE LTD,1.9,1.9,1.74,1.83,1.84,1.82,,1.83,,,16474,30241.02,84,F1,1,,,,,
2026-07-13,2026-07-13,CM,NSE,STK,2715,INE864I01014,MTARTECH,BE,,,,,MTAR TECHNOLOGIES LIMITED,7025.0,7025.0,6746.0,6746.0,6746.0,7101.0,,6746.0,,,120098,816874333.5,16200,F1,1,,,,,
2026-07-13,2026-07-13,CM,NSE,STK,19783,INE08KJ01020,MUFIN,EQ,,,,,MUFIN GREEN FINANCE LTD,130.0,132.2,129.4,129.74,129.89,130.22,,129.73,,,414427,54234606.42,4231,F1,1,,,,,
2026-07-13,2026-07-13,CM,NSE,STK,11325,INE304A01026,MUKANDLTD,EQ,,,,,MUKAND LTD.,131.8,136.59,131.25,135.85,136.19,132.88,,135.83,,,79937,10780078.04,1849,F1,1,,,,,
2026-07-13,2026-07-13,CM,NSE,STK,22980,INE0CG401037,MUKKA,EQ,,,,,MUKKA PROTEINS LIMITED,23.44,25.0,23.28,24.0,23.8,23.08,,24.0,,,326476,7770303.67,1436,F1,1,,,,,
2026-07-13,2026-07-13,CM,NSE,STK,8691,INE374B01019,MUKTAARTS,BE,,,,,MUKTA ARTS LIMITED,54.99,54.99,54.0,54.5,54.5,53.46,,54.5,,,1141,62233.29,16,F1,1,,,,,
2026-07-13,2026-07-13,CM,NSE,STK,31181,INE745G01043,MCX,EQ,,,,,MULTI COMMODITY EXCHANGE,2773.0,2816.2,2763.1,2782.1,2783.5,2770.7,,2782.1,,,1211933,3382268942.6,75370,F1,1,,,,,
2026-07-13,2026-07-13,CM,NSE,STK,759419,INE1K8Y01018,MUNISH,ST,,,,,MUNISH FORGE LIMITED,65.25,69.05,65.25,69.0,69.0,68.0,,69.0,,,157200,10842360.0,12,F1,1200,,,,,
2026-07-13,2026-07-13,CM,NSE,STK,13511,INE672B01032,MUNJALAU,EQ,,,,,MUNJAL AUTO IND. LTD.,100.5,109.3,99.01,105.69,104.94,101.33,,105.68,,,3089552,327860063.96,29863,F1,1,,,,,
2026-07-13,2026-07-13,CM,NSE,STK,2307,INE577A01027,MUNJALSHOW,EQ,,,,,MUNJAL SHOWA LTD,134.1,136.7,132.5,134.48,134.0,134.1,,134.48,,,44348,5988026.95,837,F1,1,,,,,
2026-07-13,2026-07-13,CM,NSE,STK,2313,INE692B01014,MURUDCERA,EQ,,,,,MURUDESHWAR CERAMICS LTD,31.58,31.98,31.22,31.43,31.67,31.62,,31.44,,,29236,922277.61,199,F1,1,,,,,
2026-07-13,2026-07-13,CM,NSE,STK,19877,INE919I01024,RADIOCITY,EQ,,,,,MUSIC BROADCAST LIMITED,6.25,6.25,5.97,6.07,6.09,6.0,,6.07,,,21060,127030.3,115,F1,1,,,,,
2026-07-13,2026-07-13,CM,NSE,STK,10415,INE296G01013,MUTHOOTCAP,EQ,,,,,MUTHOOT CAP SERV LTD,225.0,228.8,220.47,225.55,223.11,222.39,,225.56,,,36300,8190719.81,998,F1,1,,,,,
2026-07-13,2026-07-13,CM,NSE,STK,23650,INE414G01012,MUTHOOTFIN,EQ,,,,,MUTHOOT FINANCE LIMITED,3070.0,3114.9,3047.6,3058.5,3054.0,3129.4,,3058.7,,,1101513,3384946233.2,77649,F1,1,,,,,
2026-07-13,2026-07-13,CM,NSE,STK,20831,INE046W01019,MUTHOOTMF,EQ,,,,,MUTHOOT MICROFIN LIMITED,239.56,252.0,235.55,246.31,247.15,235.26,,246.32,,,4269106,1044890400.45,58721,F1,1,,,,,
2026-07-13,2026-07-13,CM,NSE,STK,25208,INE0RVQ01016,MYMUDRA,SM,,,,,MY MUDRA FINCORP LIMITED,69.15,70.75,69.05,69.8,70.0,71.25,,69.8,,,50400,3516540.0,32,F1,1200,,,,,
2026-07-13,2026-07-13,CM,NSE,STK,20314,INE740D01017,NRAIL,EQ,,,,,N R AGARWAL INDS LTD,420.0,454.0,420.0,447.25,452.5,429.8,,447.05,,,6466,2869461.5,550,F1,1,,,,,
2026-07-13,2026-07-13,CM,NSE,STK,757492,INE104101014,NRVANDANA,ST,,,,,N R VANDANA TEX IND LTD,70.3,70.4,69.5,70.4,70.4,72.8,,70.4,,,126000,8784600.0,6,F1,3000,,,,,
2026-07-13,2026-07-13,CM,NSE,STK,19111,INE365I01020,NBIFIN,EQ,,,,,N.B.I. IND. FIN. CO. LTD,2300.0,2400.0,2201.0,2260.1,2250.0,2301.4,,2260.1,,,11897,27438310.2,1308,F1,1,,,,,
2026-07-13,2026-07-13,CM,NSE,STK,20425,INE295D01020,NACLIND,EQ,,,,,NACL INDUSTRIES LIMITED,238.4,245.0,235.5,243.02,242.0,234.56,,243.08,,,2603406,627700537.94,43829,F1,1,,,,,
2026-07-13,2026-07-13,CM,NSE,STK,18371,INE756C01015,NDGL,EQ,,,,,NAGA DHUNSERI GROUP LTD,3000.2,3000.2,2835.0,2904.7,2901.0,2941.3,,2904.7,,,74,215064.2,33,F1,1,,,,,
2026-07-13,2026-07-13,CM,NSE,STK,13060,INE454M01024,NAGAFERT,BZ,,,,,NAGARJUN FERT AND CHE LTD,2.89,2.89,2.89,2.89,2.89,3.04,,2.9,,,285073,823860.97,422,F1,1,,,,,
2026-07-13,2026-07-13,CM,NSE,STK,14943,INE245I01016,NAGREEKCAP,BE,,,,,NAGREEKA CAP & INFR.LTD,23.15,24.49,23.15,24.29,24.29,23.89,,24.27,,,1480,35977.5,29,F1,1,,,,,
2026-07-13,2026-07-13,CM,NSE,STK,14702,INE123B01028,NAGREEKEXP,EQ,,,,,NAGREEKA EXPORTS LTD.,24.0,24.4,23.8,24.37,24.38,24.07,,24.44,,,2008,48389.22,39,F1,1,,,,,
2026-07-13,2026-07-13,CM,NSE,STK,15360,INE049I01012,NAHARCAP,EQ,,,,,NAHAR CAP & FIN.,240.0,254.49,240.0,250.65,253.5,247.37,,250.48,,,5175,1305531.74,96,F1,1,,,,,
2026-07-13,2026-07-13,CM,NSE,STK,13106,INE289A01011,NAHARINDUS,EQ,,,,,NAHAR INDS ENT LTD,117.1,119.5,117.1,117.75,117.45,118.01,,117.75,,,13475,1590534.85,340,F1,1,,,,,
2026-07-13,2026-07-13,CM,NSE,STK,14445,INE308A01027,NAHARPOLY,EQ,,,,,NAHAR POLY FILMS LIMITED,253.05,257.0,251.55,253.7,252.4,253.05,,253.7,,,8435,2145413.35,352,F1,1,,,,,
2026-07-13,2026-07-13,CM,NSE,STK,14443,INE290A01027,NAHARSPING,BE,,,,,NAHAR SPINNING MILLS LTD.,269.0,275.0,266.05,271.2,273.45,269.05,,271.2,,,18787,5101525.95,179,F1,1,,,,,
2026-07-13,2026-07-13,CM,NSE,STK,5404,INE236Y01012,NGIL,BE,,,,,NAKODA GROUP OF IND. LTD,40.25,41.0,38.5,39.24,40.0,39.98,,39.24,,,23672,937084.0,52,F1,1,,,,,
2026-07-13,2026-07-13,CM,NSE,STK,11239,INE023A01030,NSIL,EQ,,,,,NALWA SONS INVESTMENT LTD,5391.5,5535.0,5389.0,5492.5,5501.0,5469.0,,5491.5,,,1354,7433439.5,406,F1,1,,,,,
2026-07-13,2026-07-13,CM,NSE,STK,23379,INE0RJM01010,NAMAN,SM,,,,,NAMAN INDUSTRE PRXIMA LTD,47.15,47.15,47.15,47.15,47.15,47.3,,47.15,,,800,37720.0,1,F1,800,,,,,
2026-07-13,2026-07-13,CM,NSE,STK,25170,INE08NZ01012,NAMOEWASTE,ST,,,,,NAMO EWASTE MANAGEMENT L,285.0,285.0,285.0,285.0,285.0,279.45,,285.0,,,32000,9120000.0,39,F1,800,,,,,
2026-07-13,2026-07-13,CM,NSE,STK,31258,INE875G01048,NDL,EQ,,,,,NANDAN DENIM LIMITED,2.41,2.43,2.39,2.39,2.39,2.4,,2.39,,,682571,1642080.07,970,F1,1,,,,,
2026-07-13,2026-07-13,CM,NSE,STK,5516,INE696V01013,JAIPURKURT,EQ,,,,,NANDANI CREATION LIMITED,28.22,28.6,27.6,28.5,28.5,28.22,,28.5,,,1422,40099.1,80,F1,1,,,,,
2026-07-13,2026-07-13,CM,NSE,STK,11840,INE410P01011,NH,EQ,,,,,NARAYANA HRUDAYALAYA LTD.,2025.0,2043.0,2005.2,2037.8,2040.0,2027.3,,2037.8,,,170207,346003974.4,16977,F1,1,,,,,
2026-07-13,2026-07-13,CM,NSE,STK,11627,INE117Z01011,NARMADA,EQ,,,,,NARMADA AGROBASE LIMITED,34.75,35.3,34.0,34.36,34.15,34.78,,34.36,,,241324,8317127.36,2007,F1,1,,,,,
2026-07-13,2026-07-13,CM,NSE,STK,3918,INE987B01026,NATCOPHARM,EQ,,,,,NATCO PHARMA LTD.,984.05,988.95,962.0,979.95,981.0,984.1,,979.95,,,572680,559661199.85,36532,F1,1,,,,,
2026-07-13,2026-07-13,CM,NSE,STK,11065,INE448G01010,NATHBIOGEN,EQ,,,,,NATH BIO-GENES (I) LTD,165.58,166.48,163.5,164.98,165.0,164.76,,165.05,,,4989,822949.91,216,F1,1,,,,,
2026-07-13,2026-07-13,CM,NSE,STK,6364,INE139A01034,NATIONALUM,EQ,,,,,NATIONAL ALUMINIUM CO LTD,354.8,357.35,351.0,355.2,354.95,354.85,,355.2,,,5088219,1801329408.55,74920,F1,1,,,,,
2026-07-13,2026-07-13,CM,NSE,STK,13925,INE870D01012,NFL,EQ,,,,,NATIONAL FERT. LTD,73.2,74.19,72.8,73.63,73.99,73.75,,73.63,,,458843,33809254.28,3852,F1,1,,,,,
2026-07-13,2026-07-13,CM,NSE,STK,762807,INE166R01015,NATIONSTD,EQ,,,,,NATIONAL STAND (INDIA) L,507.5,507.5,507.5,507.5,507.5,534.2,,510.2,,,1801,914007.5,211,F1,1,,,,,
2026-07-13,2026-07-13,CM,NSE,STK,29583,INE936B01015,NATCAPSUQ,EQ,,,,,NATURAL CAPSULES LIMITED,144.6,148.36,142.2,143.68,143.05,144.96,,143.67,,,2625,381801.84,123,F1,1,,,,,
2026-07-13,2026-07-13,CM,NSE,STK,4014,INE725A01030,NAVA,EQ,,,,,NAVA LIMITED,596.2,603.9,591.1,602.65,603.9,599.75,,602.65,,,174779,104775179.65,7572,F1,1,,,,,
2026-07-13,2026-07-13,CM,NSE,STK,14672,INE048G01026,NAVINFLUOR,EQ,,,,,NAVIN FLUORINE INT. LTD,7680.0,7719.0,7595.0,7637.0,7650.0,7712.0,,7637.0,,,55004,420699250.5,10111,F1,1,,,,,
2026-07-13,2026-07-13,CM,NSE,STK,10557,INE278M01019,NAVKARCORP,EQ,,,,,NAVKAR CORPORATION LTD.,109.0,111.72,107.41,109.95,109.56,109.2,,109.95,,,430517,47306974.49,4347,F1,1,,,,,
2026-07-13,2026-07-13,CM,NSE,STK,29149,INE268H01044,NAVKARURB,BE,,,,,NAVKAR URBANSTRUCTURE LTD,0.98,1.0,0.94,0.99,1.0,0.96,,0.99,,,1590275,1578549.56,234,F1,1,,,,,
2026-07-13,2026-07-13,CM,NSE,STK,2385,INE060A01024,NAVNETEDUL,EQ,,,,,NAVNEET EDUCATION LTD,150.0,156.0,148.01,150.53,150.0,150.05,,150.53,,,504734,76792743.43,7173,F1,1,,,,,
2026-07-13,2026-07-13,CM,NSE,STK,2987,INE418L01047,NAZARA,EQ,,,,,NAZARA TECHNOLOGIES LTD,304.0,312.9,303.15,307.3,307.35,304.3,,307.3,,,3229735,994652538.45,36653,F1,1,,,,,
2026-07-13,2026-07-13,CM,NSE,STK,31415,INE095N01031,NBCC,EQ,,,,,NBCC (INDIA) LIMITED,98.8,102.47,98.14,101.49,101.45,99.98,,101.49,,,13918087,1406274065.2,49482,F1,1,,,,,
2026-07-13,2026-07-13,CM,NSE,STK,2319,INE868B01028,NCC,EQ,,,,,NCC LIMITED,145.0,145.48,143.13,144.45,144.5,145.76,,144.45,,,1252686,180859196.66,15879,F1,1,,,,,
2026-07-13,2026-07-13,CM,NSE,STK,14490,INE732C01016,NCLIND,EQ,,,,,NCL INDUSTRIES LIMITED,186.0,190.75,185.0,185.9,185.9,186.78,,185.87,,,96597,18047339.45,1365,F1,1,,,,,
2026-07-13,2026-07-13,CM,NSE,STK,14547,INE353A01023,NDLVENTURE,EQ,,,,,NDL VENTURES LIMITED,133.4,133.4,131.21,132.08,132.05,132.02,,132.08,,,8245,1092400.9,196,F1,1,,,,,
2026-07-13,2026-07-13,CM,NSE,STK,22255,INE07OG01012,NDRAUTO,EQ,,,,,NDR AUTO COMPONENTS LTD,849.0,858.85,834.7,846.8,842.75,854.75,,846.5,,,12302,10451472.15,1437,F1,1,,,,,
2026-07-13,2026-07-13,CM,NSE,STK,11427,INE155G01029,NDTV,EQ,,,,,NDTV LTD,82.1,83.01,81.5,82.29,82.74,82.96,,82.29,,,161045,13235957.34,1317,F1,1,,,,,
2026-07-13,2026-07-13,CM,NSE,STK,11930,INE023H01027,NECLIFE,BE,,,,,NECTAR LIFESCIENCES LTD.,11.21,11.29,10.75,11.09,11.18,11.19,,11.09,,,133066,1469532.49,342,F1,1,,,,,
2026-07-13,2026-07-13,CM,NSE,STK,762812,INE605D01012,NEAGI,EQ,,,,,NEELAMALAI AGRO INDS. L,3101.0,3101.0,3101.0,3101.0,3101.0,3142.0,,3100.5,,,4,12404.0,2,F1,1,,,,,
2026-07-13,2026-07-13,CM,NSE,STK,14761,INE189I01024,NELCAST,EQ,,,,,NELCAST LIMITED,137.8,140.39,134.11,135.08,134.99,139.9,,135.08,,,190374,25989458.8,2938,F1,1,,,,,
2026-07-13,2026-07-13,CM,NSE,STK,2388,INE045B01015,NELCO,EQ,,,,,NELCO LTD,890.35,909.9,870.05,901.4,898.5,890.35,,901.25,,,239775,214038924.25,10860,F1,1,,,,,
2026-07-13,2026-07-13,CM,NSE,STK,760931,INE21UM01018,NEOCHEM,ST,,,,,NEOCHEM BIO SOLUTIONS LTD,93.0,94.45,91.0,92.35,91.0,91.05,,92.35,,,9600,891540.0,7,F1,1200,,,,,
2026-07-13,2026-07-13,CM,NSE,STK,9917,INE136S01016,NEOGEN,EQ,,,,,NEOGEN CHEMICALS LIMITED,2084.1,2164.9,2040.0,2150.0,2133.3,2085.1,,2149.8,,,121760,257686717.9,16698,F1,1,,,,,
2026-07-13,2026-07-13,CM,NSE,STK,24353,INE0SUN01013,NEPHROCARE,ST,,,,,NEPHRO CARE INDIA LIMITED,71.5,72.0,67.9,67.9,67.9,71.45,,67.9,,,14000,958800.0,29,F1,400,,,,,
2026-07-13,2026-07-13,CM,NSE,STK,760346,INE428V01029,NEPHROPLUS,EQ,,,,,NEPHROCARE HEALTH SERV L,649.85,657.25,636.5,640.9,650.0,649.0,,640.85,,,115851,75013556.45,11479,F1,1,,,,,
2026-07-13,2026-07-13,CM,NSE,STK,757493,INE156901014,NEPTUNE,SM,,,,,NEPTUNE PETROCHEMICALS L,183.1,184.8,180.0,180.0,180.0,183.0,,180.0,,,6500,1179425.0,13,F1,500,,,,,
2026-07-13,2026-07-13,CM,NSE,STK,15409,INE317F01035,NESCO,EQ,,,,,NESCO LTD.,1108.0,1108.0,1081.6,1085.6,1086.0,1099.0,,1085.6,,,85399,93109684.9,7866,F1,1,,,,,
2026-07-13,2026-07-13,CM,NSE,STK,17963,INE239A01024,NESTLEIND,EQ,,,,,NESTLE INDIA LIMITED,1452.3,1452.3,1420.1,1427.0,1432.0,1455.2,,1427.0,,,2167829,3104117977.3,47480,F1,1,,,,,
2026-07-13,2026-07-13,CM,NSE,STK,20409,INE518X01015,CBAZAAR,ST,,,,,NET AVENUE TECHNOLOGIES L,6.1,6.2,5.85,6.2,6.2,6.15,,6.2,,,32000,194000.0,4,F1,8000,,,,,
2026-07-13,2026-07-13,CM,NSE,STK,17433,INE0NT901020,NETWEB,EQ,,,,,NETWEB TECH INDIA LTD,4250.1,4420.0,4212.0,4400.0,4417.8,4305.0,,4399.8,,,962104,4151375629.0,71261,F1,1,,,,,
2026-07-13,2026-07-13,CM,NSE,STK,756324,INE0FFK01017,NPST,EQ,,,,,NETWORK PEOPLE SRV TECH L,1619.7,1645.4,1576.3,1594.6,1587.0,1619.7,,1594.7,,,34601,55396349.5,3689,F1,1,,,,,
2026-07-13,2026-07-13,CM,NSE,STK,14111,INE870H01013,NETWORK18,EQ,,,,,NETWORK18 MEDIA & INV LTD,30.98,32.27,30.8,31.79,31.84,31.17,,31.79,,,4695754,149028587.2,11122,F1,1,,,,,
2026-07-13,2026-07-13,CM,NSE,STK,30554,INE333I01044,NEUEON,BE,,,,,NEUEON CORPORATION LTD,12.93,12.93,12.93,12.93,12.93,13.61,,12.93,,,47168,609882.24,79,F1,1,,,,,
2026-07-13,2026-07-13,CM,NSE,STK,2406,INE794A01010,NEULANDLAB,EQ,,,,,NEULAND LAB LTD.,18629.0,19558.0,18629.0,19019.0,19000.0,19506.0,,19018.0,,,21087,405079891.0,9037,F1,1,,,,,
2026-07-13,2026-07-13,CM,NSE,STK,1164,INE619B01017,NEWGEN,EQ,,,,,NEWGEN SOFTWARE TECH LTD,511.95,607.0,507.05,590.5,585.85,517.2,,590.5,,,32487365,18683808896.25,419717,F1,1,,,,,
2026-07-13,2026-07-13,CM,NSE,STK,19161,INE0PW501021,NEWJAISA,ST,,,,,NEWJAISA TECHNOLOGIES LTD,17.6,17.6,17.55,17.55,17.55,17.9,,17.55,,,4500,79125.0,3,F1,1500,,,,,
2026-07-13,2026-07-13,CM,NSE,STK,9867,INE747B01016,NEXTMEDIA,EQ,,,,,NEXT MEDIAWORKS LIMITED,4.03,4.03,3.71,3.96,3.99,4.03,,3.96,,,7994,30731.66,59,F1,1,,,,,
2026-07-13,2026-07-13,CM,NSE,STK,15815,INE0NDH25011,NXST,RR,,,,,NEXUS SELECT TRUST,164.99,165.4,164.0,164.07,164.24,164.52,,164.07,,,323018,53114997.68,6666,F1,1,,,,,
2026-07-13,2026-07-13,CM,NSE,STK,763536,INE0T1501010,NFPSAMPOOR,SM,,,,,NFP SAMPOORNA FOODS LTD,23.65,23.85,23.65,23.85,23.85,22.75,,23.85,,,16000,380500.0,8,F1,2000,,,,,
2026-07-13,2026-07-13,CM,NSE,STK,10277,INE887E01022,NGLFINE,EQ,,,,,NGL FINE CHEM LIMITED,3155.4,3194.1,3114.9,3160.9,3171.0,3193.6,,3160.9,,,4936,15531194.3,1182,F1,1,,,,,
2026-07-13,2026-07-13,CM,NSE,STK,1765,INE557F07181,893NHB29,N6,,,,,NHB 8.93 NCD TR II SR 2 B,5545.0,5545.0,5545.0,5545.0,5545.0,5545.0,,5545.0,,,2,11090.0,1,F1,1,,,,,
2026-07-13,2026-07-13,CM,NSE,STK,17400,INE848E01016,NHPC,EQ,,,,,NHPC LTD,78.75,79.77,78.53,79.46,79.6,79.82,,79.46,,,15935734,1261498008.41,48037,F1,1,,,,,
2026-07-13,2026-07-13,CM,NSE,STK,29487,INE149O01018,NIBE,EQ,,,,,NIBE LIMITED,1603.0,1621.6,1570.0,1594.4,1590.0,1608.0,,1594.0,,,76757,122220175.3,5609,F1,1,,,,,
2026-07-13,2026-07-13,CM,NSE,STK,17747,INE342G01023,NIITMTS,EQ,,,,,NIIT LEARNING SYSTEMS LTD,243.0,257.0,230.1,255.11,256.5,242.92,,255.1,,,659798,165086630.4,18077,F1,1,,,,,
2026-07-13,2026-07-13,CM,NSE,STK,11522,INE161A01038,NIITLTD,EQ,,,,,NIIT LIMITED,99.35,100.26,98.56,99.6,99.6,100.82,,99.6,,,543724,54118790.68,4131,F1,1,,,,,
2026-07-13,2026-07-13,CM,NSE,STK,758178,INE0FLF01015,NIKITA,SM,,,,,NIKITA GRENTEC RECYCL LTD,81.35,81.35,81.35,81.35,81.35,81.35,,81.35,,,1200,97620.0,1,F1,1200,,,,,
2026-07-13,2026-07-13,CM,NSE,STK,9253,INE937C01029,NILAINFRA,EQ,,,,,NILA INFRASTRUCTURES LTD,7.28,7.4,7.21,7.27,7.23,7.3,,7.27,,,142472,1039643.0,516,F1,1,,,,,
2026-07-13,2026-07-13,CM,NSE,STK,7411,INE00S901012,NILASPACES,EQ,,,,,NILA SPACES LIMITED,12.41,12.67,12.12,12.44,12.44,12.53,,12.4,,,306762,3817207.9,850,F1,1,,,,,
2026-07-13,2026-07-13,CM,NSE,STK,762817,INE445D01013,NILE,EQ,,,,,NILE LTD.,1949.0,2000.0,1920.0,1981.3,1974.0,1916.3,,1981.3,,,9845,19246966.3,1386,F1,1,,,,,
2026-07-13,2026-07-13,CM,NSE,STK,2421,INE310A01015,NILKAMAL,EQ,,,,,NILKAMAL LIMITED,1303.5,1368.7,1277.2,1350.1,1350.0,1303.5,,1349.4,,,79819,106128717.0,4924,F1,1,,,,,
2026-07-13,2026-07-13,CM,NSE,STK,761723,INE875B01015,NIMBSPROJ,BE,,,,,NIMBUS PROJECTS LIMITED,200.0,204.0,200.0,204.0,204.0,204.5,,204.0,,,101,20204.0,2,F1,1,,,,,
2026-07-13,2026-07-13,CM,NSE,STK,14197,INE395U01014,NINSYS,BE,,,,,NINTEC SYSTEMS LIMITED,878.5,880.0,846.0,869.75,872.9,882.9,,869.5,,,4294,3708199.75,216,F1,1,,,,,
2026-07-13,2026-07-13,CM,NSE,STK,11439,INF204KB15I9,BANKBEES,EQ,,,,,NIP IND ETF BANK BEES,599.98,601.74,595.0,600.74,601.2,600.17,,600.73,,,928979,556402844.7,7145,F1,1,,,,,
2026-07-13,2026-07-13,CM,NSE,STK,2435,INF204KA1LD7,CONSUMBEES,EQ,,,,,NIP IND ETF CONSUMPTION,131.18,131.18,128.44,129.65,129.69,130.53,,129.65,,,65322,8465061.13,1142,F1,1,,,,,
2026-07-13,2026-07-13,CM,NSE,STK,2636,INF204KA1MS3,DIVOPPBEES,EQ,,,,,NIP IND ETF DIV OPP,76.46,76.99,75.61,76.92,76.98,76.46,,76.92,,,54239,4153908.76,937,F1,1,,,,,
2026-07-13,2026-07-13,CM,NSE,STK,9847,INF204KB18I3,NV20BEES,EQ,,,,,NIP IND ETF ETF NV20,140.97,142.47,140.73,142.31,142.28,141.25,,142.31,,,44558,6324740.81,759,F1,1,,,,,
2026-07-13,2026-07-13,CM,NSE,STK,14428,INF204KB17I5,GOLDBEES,EQ,,,,,NIP IND ETF GOLD BEES,116.47,117.21,116.03,116.95,116.9,118.14,,116.95,,,19867988,2320733723.16,111237,F1,1,,,,,
2026-07-13,2026-07-13,CM,NSE,STK,18284,INF204KB19I1,HNGSNGBEES,EQ,,,,,NIP IND ETF HANGSENG BEES,484.92,488.76,475.5,481.9,482.0,483.92,,481.9,,,63847,30797867.03,4621,F1,1,,,,,
2026-07-13,2026-07-13,CM,NSE,STK,20072,INF732E01268,INFRABEES,EQ,,,,,NIP IND ETF INFRA BEES,972.45,973.0,965.3,969.35,969.0,972.45,,969.26,,,4569,4425023.82,635,F1,1,,,,,
2026-07-13,2026-07-13,CM,NSE,STK,19084,INF204KB15V2,ITBEES,EQ,,,,,NIP IND ETF IT,30.26,32.4,30.26,32.16,32.2,31.04,,32.16,,,58417067,1864309323.26,38367,F1,1,,,,,
2026-07-13,2026-07-13,CM,NSE,STK,10939,INF732E01045,JUNIORBEES,EQ,,,,,NIP IND ETF JUNIOR BEES,786.0,786.0,772.0,779.19,779.5,781.85,,779.17,,,328470,255350403.44,11058,F1,1,,,,,
2026-07-13,2026-07-13,CM,NSE,STK,11006,INF732E01037,LIQUIDBEES,EQ,,,,,NIP IND ETF LIQUID BEES,1000.0,1000.01,999.5,999.99,1000.0,1000.0,,999.99,,,2425128,2425119090.37,4940,F1,1,,,,,
2026-07-13,2026-07-13,CM,NSE,STK,17700,INF204KB1882,LTGILTBEES,EQ,,,,,NIP IND ETF LONGTERM GILT,29.92,30.04,29.92,29.95,29.96,29.98,,29.95,,,842114,25235051.54,652,F1,1,,,,,
2026-07-13,2026-07-13,CM,NSE,STK,8506,INF204KB1V68,MID150BEES,EQ,,,,,NIP IND ETF MIDCAP 150,239.99,239.99,237.22,239.34,239.4,239.58,,239.34,,,759871,181525454.24,10363,F1,1,,,,,
2026-07-13,2026-07-13,CM,NSE,STK,29577,INF204K014N5,NIF100BEES,EQ,,,,,NIP IND ETF NIFTY 100,266.98,270.0,265.11,268.89,268.1,267.37,,268.85,,,27283,7295602.92,956,F1,1,,,,,
2026-07-13,2026-07-13,CM,NSE,STK,10576,INF204KB14I2,NIFTYBEES,EQ,,,,,NIP IND ETF NIFTY BEES,273.88,275.66,272.59,275.3,275.3,275.07,,275.3,,,6613187,1815188436.83,50228,F1,1,,,,,
2026-07-13,2026-07-13,CM,NSE,STK,15032,INF204KB16I7,PSUBNKBEES,EQ,,,,,NIP IND ETF PSU BANK BEES,94.35,95.07,93.25,94.6,94.58,94.35,,94.6,,,2038694,192395168.84,6891,F1,1,,,,,
2026-07-13,2026-07-13,CM,NSE,STK,17044,INF732E01128,SHARIABEES,EQ,,,,,NIP IND ETF SHARIAH BEES,452.11,458.36,449.35,456.87,457.9,452.11,,456.87,,,6930,3152586.33,571,F1,1,,,,,
2026-07-13,2026-07-13,CM,NSE,STK,357,INE298J01013,NAM-INDIA,EQ,,,,,NIPPON L I A M LTD,1205.1,1223.0,1199.0,1215.3,1220.0,1212.7,,1215.3,,,418959,508785798.2,23232,F1,1,,,,,
2026-07-13,2026-07-13,CM,NSE,STK,757725,INF204KC1FU1,LIQGRWBEES,EQ,,,,,NIPPONAMC - LIQGRWBEES,1047.32,1047.34,1047.32,1047.32,1047.33,1047.18,,1047.32,,,31890,33399209.95,145,F1,1,,,,,
2026-07-13,2026-07-13,CM,NSE,STK,758667,INF204KC1GH6,MANUFGBEES,EQ,,,,,NIPPONAMC - MANUFGBEES,159.36,160.02,158.21,159.84,159.01,160.18,,159.83,,,6843,1090368.59,111,F1,1,,,,,
2026-07-13,2026-07-13,CM,NSE,STK,7880,INF204KC1337,AUTOBEES,EQ,,,,,NIPPONAMC - NETFAUTO,276.4,279.21,273.51,278.85,278.5,277.38,,278.85,,,217490,60287685.21,2786,F1,1,,,,,
2026-07-13,2026-07-13,CM,NSE,STK,4973,INF204KC1089,PHARMABEES,EQ,,,,,NIPPONAMC - NETFPHARMA,26.43,26.68,26.21,26.39,26.41,26.43,,26.39,,,3649960,96151758.0,11646,F1,1,,,,,
2026-07-13,2026-07-13,CM,NSE,STK,8080,INF204KC1402,SILVERBEES,EQ,,,,,NIPPONAMC - NETFSILVER,205.08,208.15,203.63,207.46,207.58,208.83,,207.46,,,24420042,5035098927.85,106123,F1,1,,,,,
2026-07-13,2026-07-13,CM,NSE,STK,757455,INF204KC1EZ3,SNXT30BEES,EQ,,,,,NIPPONAMC - SNXT30BEES,42.23,42.58,41.8,42.22,42.22,42.23,,42.22,,,4756,200099.44,77,F1,1,,,,,
2026-07-13,2026-07-13,CM,NSE,STK,261,INE368I01016,NIRAJ,BE,,,,,NIRAJ CEMENT STRUC LTD,29.33,29.78,29.0,29.19,29.68,29.33,,29.19,,,22619,659215.31,48,F1,1,,,,,
2026-07-13,2026-07-13,CM,NSE,STK,18840,INE326T01011,NIRAJISPAT,EQ,,,,,NIRAJ ISPAT IND LTD,194.0,194.0,194.0,194.0,194.0,194.0,,194.0,,,16,3104.0,4,F1,1,,,,,
2026-07-13,2026-07-13,CM,NSE,STK,2433,INE910A01012,NIRLON,EQ,,,,,NIRLON LTD,610.15,632.0,604.6,629.2,629.8,619.3,,629.1,,,7325,4568489.15,278,F1,1,,,,,
2026-07-13,2026-07-13,CM,NSE,STK,14722,INE0OK701014,NIRMAN,SM,,,,,NIRMAN AGRI GENTICS LTD,43.0,43.7,40.0,42.4,43.0,44.1,,42.4,,,32100,1338495.0,76,F1,300,,,,,
2026-07-13,2026-07-13,CM,NSE,STK,13300,INE858F01012,NITCO,EQ,,,,,NITCO LIMITED,106.0,109.5,103.95,107.06,107.0,106.52,,107.06,,,387702,41656646.98,5768,F1,1,,,,,
2026-07-13,2026-07-13,CM,NSE,STK,13175,INE229H01012,NITINSPIN,EQ,,,,,NITIN SPINNERS LIMITED,546.0,569.0,541.75,563.3,565.8,543.2,,563.35,,,115027,64274427.05,3492,F1,1,,,,,
2026-07-13,2026-07-13,CM,NSE,STK,3247,INE439T01012,NITIRAJ,EQ,,,,,NITIRAJ ENGINEERS LTD,179.0,188.55,179.0,182.12,182.0,182.85,,182.12,,,252,45791.38,21,F1,1,,,,,
2026-07-13,2026-07-13,CM,NSE,STK,762824,INE265B01019,NITTAGELA,EQ,,,,,NITTA GELATIN INDIA LTD.,2031.5,2055.0,1919.2,1929.2,1927.4,2031.4,,1931.5,,,27300,53873629.8,2966,F1,1,,,,,
2026-07-13,2026-07-13,CM,NSE,STK,27097,INE995S01015,NIVABUPA,EQ,,,,,NIVA BUPA HEALTH INS CO L,86.0,89.45,85.6,88.09,88.27,86.51,,88.09,,,7936816,693684910.71,34518,F1,1,,,,,
2026-07-13,2026-07-13,CM,NSE,STK,2439,INE542C01019,NKIND,EQ,,,,,NK INDUSTRIES LTD,70.0,70.0,62.6,65.0,62.6,66.18,,65.0,,,2246,151536.07,63,F1,1,,,,,
2026-07-13,2026-07-13,CM,NSE,STK,8585,INE589A01014,NLCINDIA,EQ,,,,,NLC INDIA LIMITED,310.0,311.7,303.5,304.65,304.6,314.9,,304.65,,,2995484,917136712.75,39442,F1,1,,,,,
2026-07-13,2026-07-13,CM,NSE,STK,761080,INE579F24081,805NMC34,N6,,,,,NMC 8.05% 2034 SR STRPP F,129.0,129.0,129.0,129.0,129.0,126.5,,129.0,,,10,1290.0,1,F1,1,,,,,
2026-07-13,2026-07-13,CM,NSE,STK,15332,INE584A01023,NMDC,EQ,,,,,NMDC LTD.,84.01,84.3,83.31,84.13,84.24,84.92,,84.12,,,23088111,1935406336.84,54458,F1,1,,,,,
2026-07-13,2026-07-13,CM,NSE,STK,14180,INE0NNS01018,NSLNISP,EQ,,,,,NMDC STEEL LIMITED,43.2,43.3,42.35,43.15,43.22,43.32,,43.15,,,2090457,89823252.49,9558,F1,1,,,,,
2026-07-13,2026-07-13,CM,NSE,STK,2442,INE163A01018,NOCIL,EQ,,,,,NOCIL LIMITED,174.6,175.0,170.68,171.44,171.5,175.44,,171.44,,,558376,96293764.74,6682,F1,1,,,,,
2026-07-13,2026-07-13,CM,NSE,STK,11214,INE781B01015,NOIDATOLL,BE,,,,,NOIDA TOLL BRIDGE CO LTD,4.73,4.8,4.71,4.78,4.79,4.73,,4.78,,,94825,451923.37,150,F1,1,,,,,
2026-07-13,2026-07-13,CM,NSE,STK,4160,INE369C01017,NORBTEAEXP,EQ,,,,,NORBEN TEA & EXPORTS LTD,70.65,71.8,70.65,71.35,71.5,71.0,,71.35,,,10,711.83,8,F1,1,,,,,
2026-07-13,2026-07-13,CM,NSE,STK,13533,INE553C01016,NECCLTD,BE,,,,,NORTH EAST CARRY CORP LTD,16.19,16.19,15.28,15.49,15.75,16.08,,15.57,,,83105,1285926.81,188,F1,1,,,,,
2026-07-13,2026-07-13,CM,NSE,STK,25426,INE850M01015,NORTHARC,EQ,,,,,NORTHERN ARC CAPITAL LTD,326.45,334.0,323.0,324.95,324.9,325.3,,324.95,,,1671776,549199007.95,41390,F1,1,,,,,
2026-07-13,2026-07-13,CM,NSE,STK,22478,INE02H701025,NOVAAGRI,BE,,,,,NOVA AGRITECH LIMITED,23.69,23.89,23.01,23.13,23.2,23.59,,23.14,,,105564,2453145.31,424,F1,1,,,,,
2026-07-13,2026-07-13,CM,NSE,STK,9007,INE234A01025,NOVARTIND,EQ,,,,,NOVARTIS INDIA LIMITED,1509.0,1690.0,1500.3,1664.8,1688.5,1494.6,,1665.0,,,307545,503017114.6,25422,F1,1,,,,,
2026-07-13,2026-07-13,CM,NSE,STK,7553,INE349A01021,NRBBEARING,EQ,,,,,NRB BEARING LIMITED,430.0,438.95,420.1,424.1,424.5,428.95,,424.15,,,315919,135100662.95,8619,F1,1,,,,,
2026-07-13,2026-07-13,CM,NSE,STK,29733,INE047O01014,NIBL,EQ,,,,,NRB INDUS. BEARINGS LTD.,30.1,32.9,30.1,31.62,31.7,30.62,,31.52,,,62838,1995345.29,9149,F1,1,,,,,
2026-07-13,2026-07-13,CM,NSE,STK,27176,INE0ONG01011,NTPCGREEN,EQ,,,,,NTPC GREEN ENERGY LIMITED,93.6,95.19,92.8,94.55,94.42,94.1,,94.55,,,2582187,243993385.83,21714,F1,1,,,,,
2026-07-13,2026-07-13,CM,NSE,STK,11630,INE733E01010,NTPC,EQ,,,,,NTPC LTD,345.05,355.0,343.7,351.75,352.4,344.55,,351.75,,,8226337,2870661182.5,202554,F1,1,,,,,
2026-07-13,2026-07-13,CM,NSE,STK,10791,INE096B01018,NUCLEUS,EQ,,,,,NUCLEUS SOFTWARE EXPORTS,750.45,792.0,745.45,773.4,770.0,752.45,,773.5,,,125640,96633107.85,5944,F1,1,,,,,
2026-07-13,2026-07-13,CM,NSE,STK,13680,INE0JM501013,NRL,BE,,,,,NUPUR RECYCLERS LIMITED,105.3,105.3,101.29,105.3,105.3,100.29,,105.3,,,169663,17759520.58,614,F1,1,,,,,
2026-07-13,2026-07-13,CM,NSE,STK,2350,INE0DSF01015,NURECA,EQ,,,,,NURECA LIMITED,236.7,254.9,233.2,245.57,245.0,233.18,,245.59,,,32415,7899129.84,1389,F1,1,,,,,
2026-07-13,2026-07-13,CM,NSE,STK,18721,INE531F01023,NUVAMA,EQ,,,,,NUVAMA WEALTH MANAGE LTD,1950.1,1981.6,1903.6,1919.7,1922.0,1977.6,,1919.6,,,348951,676055677.0,26066,F1,1,,,,,
2026-07-13,2026-07-13,CM,NSE,STK,5426,INE118D01016,NUVOCO,EQ,,,,,NUVOCO VISTAS CORP LTD,308.65,325.0,308.65,316.55,317.2,320.2,,316.55,,,816869,259996034.6,20913,F1,1,,,,,
2026-07-13,2026-07-13,CM,NSE,STK,20242,INE093I01010,OBEROIRLTY,EQ,,,,,OBEROI REALTY LIMITED,1905.2,1935.0,1881.8,1925.2,1932.9,1924.8,,1925.2,,,463195,884979500.3,27494,F1,1,,,,,
2026-07-13,2026-07-13,CM,NSE,STK,25923,INE0YHV01011,OBSCP,SM,,,,,OBSC PERFECTION LIMITED,660.0,687.0,632.0,652.0,652.0,665.55,,652.0,,,78000,51026780.0,187,F1,400,,,,,
2026-07-13,2026-07-13,CM,NSE,STK,25920,INE0PK601023,OCCLLTD,BE,,,,,OCCL LIMITED,121.59,129.2,121.58,128.3,127.0,124.0,,128.3,,,44904,5694707.21,253,F1,1,,,,,
2026-07-13,2026-07-13,CM,NSE,STK,27575,INE054301028,ODIGMA,BE,,,,,ODIGMA CONSULTANCY SOL L,22.66,23.83,22.66,23.0,23.0,23.73,,23.04,,,36219,832977.13,330,F1,1,,,,,
2026-07-13,2026-07-13,CM,NSE,STK,2475,INE213A01029,ONGC,EQ,,,,,OIL AND NATURAL GAS CORP.,246.3,249.25,245.55,248.45,248.0,244.96,,248.45,,,12453319,3084928008.46,85821,F1,1,,,,,
2026-07-13,2026-07-13,CM,NSE,STK,8109,INE591A01010,OILCOUNTUB,BE,,,,,OIL COUNTRY TUBULAR LTD.,56.79,56.8,54.0,54.5,54.3,55.25,,54.53,,,13889,761632.05,166,F1,1,,,,,
2026-07-13,2026-07-13,CM,NSE,STK,17438,INE274J01014,OIL,EQ,,,,,OIL INDIA LTD,428.45,432.2,422.35,431.05,431.3,424.95,,431.05,,,3599534,1540344664.6,38968,F1,1,,,,,
2026-07-13,2026-07-13,CM,NSE,STK,24777,INE0LXG01040,OLAELEC,EQ,,,,,OLA ELECTRIC MOBILITY LTD,40.09,40.78,39.56,40.32,40.23,40.41,,40.32,,,42164795,1699857351.63,84927,F1,1,,,,,
2026-07-13,2026-07-13,CM,NSE,STK,10637,INE260D01016,OLECTRA,EQ,,,,,OLECTRA GREENTECH LIMITED,1415.5,1417.9,1387.9,1401.2,1404.0,1423.6,,1401.2,,,485645,680628130.5,23556,F1,1,,,,,
2026-07-13,2026-07-13,CM,NSE,STK,759412,INE1BZC01019,OMFREIGHT,BE,,,,,OM FREIGHT FORWARDERS LTD,92.06,96.4,92.05,93.99,96.4,95.91,,93.99,,,14998,1404833.48,153,F1,1,,,,,
2026-07-13,2026-07-13,CM,NSE,STK,24231,INE239D01028,OMINFRAL,EQ,,,,,OM INFRA LIMITED,91.56,91.8,88.11,91.15,90.25,91.56,,91.15,,,95095,8604320.01,2020,F1,1,,,,,
2026-07-13,2026-07-13,CM,NSE,STK,762432,INE25E901019,OMPOWER,EQ,,,,,OM POWER TRANSMISSION LTD,176.17,179.97,174.71,175.58,175.4,176.16,,175.58,,,110243,19531351.25,1602,F1,1,,,,,
2026-07-13,2026-07-13,CM,NSE,STK,14125,INE090B01011,OMAXAUTO,BE,,,,,OMAX AUTOS LTD,242.0,254.36,239.99,254.36,254.36,242.25,,254.94,,,119506,30308295.34,784,F1,1,,,,,
2026-07-13,2026-07-13,CM,NSE,STK,14853,INE800H01010,OMAXE,EQ,,,,,OMAXE LIMITED,89.99,92.47,89.41,90.77,90.15,90.48,,90.77,,,825922,75050596.47,7350,F1,1,,,,,
2026-07-13,2026-07-13,CM,NSE,STK,760865,INE0UH301010,OMNI,EQ,,,,,OMNITECH ENGINEERING LTD,518.0,554.95,510.4,547.65,554.95,523.25,,547.7,,,322766,173379314.55,16021,F1,1,,,,,
2026-07-13,2026-07-13,CM,NSE,STK,19703,INE00ER01015,ONDOOR,ST,,,,,ON DOOR CONCEPTS LIMITED,203.95,203.95,195.0,200.0,200.0,199.05,,200.0,,,5700,1133970.0,15,F1,300,,,,,
2026-07-13,2026-07-13,CM,NSE,STK,6705,INE982J01020,PAYTM,EQ,,,,,ONE 97 COMMUNICATIONS LTD,1332.0,1397.4,1328.5,1386.5,1386.0,1341.8,,1386.5,,,4677505,6400344760.0,98872,F1,1,,,,,
2026-07-13,2026-07-13,CM,NSE,STK,28046,INE0HLU01028,MOBIKWIK,EQ,,,,,ONE MOBIKWIK SYSTEMS LTD,216.96,231.2,216.02,225.29,224.5,221.45,,225.28,,,6495943,1463962735.27,72450,F1,1,,,,,
2026-07-13,2026-07-13,CM,NSE,STK,9939,INE840Y01029,ONEPOINT,EQ,,,,,ONE POINT ONE SOL LTD,53.87,56.0,53.47,55.46,55.55,53.82,,55.46,,,1625840,89736323.71,5260,F1,1,,,,,
2026-07-13,2026-07-13,CM,NSE,STK,19433,INE0OPS01011,OLIL,ST,,,,,ONECLICK LOGISTICS IND L,427.0,427.0,415.0,421.0,421.0,420.75,,421.0,,,6000,2511220.0,9,F1,400,,,,,
2026-07-13,2026-07-13,CM,NSE,STK,25496,INE912L01015,ONELIFECAP,BE,,,,,ONELIFE CAP ADVISORS LTD,37.53,39.0,37.05,38.02,38.0,37.53,,38.03,,,20665,785265.15,110,F1,1,,,,,
2026-07-13,2026-07-13,CM,NSE,STK,763294,INE12F801023,KISSHT,EQ,,,,,ONEMI TECHNOLOGY SOL LTD,319.5,329.8,318.15,324.85,325.0,320.8,,324.85,,,2789052,905744596.85,34143,F1,1,,,,,
2026-07-13,2026-07-13,CM,NSE,STK,29224,INE013P01021,ONESOURCE,EQ,,,,,ONESOURCE SPECL PHARMA L,1626.9,1690.8,1606.7,1673.0,1675.0,1626.9,,1673.0,,,713625,1183035603.8,37695,F1,1,,,,,
2026-07-13,2026-07-13,CM,NSE,STK,6853,INE831A01028,ONIDA,BE,,,,,ONIDA ELECTRONICS LIMITED,40.8,42.0,40.56,40.85,40.81,42.16,,40.86,,,472787,19515985.11,487,F1,1,,,,,
2026-07-13,2026-07-13,CM,NSE,STK,15282,INE809I01019,ONMOBILE,BE,,,,,ONMOBILE GLOBAL LTD.,69.0,71.75,69.0,71.14,71.02,68.54,,71.17,,,121425,8588659.4,896,F1,1,,,,,
2026-07-13,2026-07-13,CM,NSE,STK,2481,INE229A01017,ONWARDTEC,EQ,,,,,ONWARD TECHNOLOGIES LTD,284.75,294.35,282.3,290.45,291.0,284.4,,290.45,,,84692,24518799.15,3064,F1,1,,,,,
2026-07-13,2026-07-13,CM,NSE,STK,27143,INE0WVU01018,ONYX,ST,,,,,ONYX BIOTEC LIMITED,40.35,40.5,38.25,38.25,38.25,38.6,,38.25,,,16000,638200.0,8,F1,2000,,,,,
2026-07-13,2026-07-13,CM,NSE,STK,21469,INE350C01017,OPTIEMUS,EQ,,,,,OPTIEMUS INFRACOM LTD,540.0,585.0,535.1,579.9,580.0,541.05,,579.8,,,457471,257927050.55,14463,F1,1,,,,,
2026-07-13,2026-07-13,CM,NSE,STK,758900,INE15B101011,OPTIVALUE,SM,,,,,OPTIVALUE TEK CONSULT LTD,92.1,93.05,89.55,91.3,92.0,87.85,,91.3,,,92800,8476560.0,50,F1,1600,,,,,
2026-07-13,2026-07-13,CM,NSE,STK,10738,INE881D01027,OFSS,EQ,,,,,ORACLE FIN SERV SOFT LTD.,11625.0,11958.0,11549.0,11746.0,11730.0,11651.0,,11747.0,,,475460,5606487351.0,62001,F1,1,,,,,
2026-07-13,2026-07-13,CM,NSE,STK,31479,INE231G01010,ORBTEXP,BE,,,,,ORBIT EXPORTS LIMITED,230.01,236.9,230.01,235.68,235.62,230.69,,235.66,,,14549,3387720.88,184,F1,1,,,,,
2026-07-13,2026-07-13,CM,NSE,STK,29492,INE215B01022,ORCHASP,EQ,,,,,ORCHASP LIMITED,1.87,1.97,1.85,1.94,1.96,1.83,,1.94,,,190069,365634.46,256,F1,1,,,,,
2026-07-13,2026-07-13,CM,NSE,STK,926,INE191A01027,ORCHPHARMA,EQ,,,,,ORCHID PHARMA LIMITED,1009.05,1035.8,994.9,1007.4,999.9,1012.55,,1007.4,,,154845,156340724.85,10820,F1,1,,,,,
2026-07-13,2026-07-13,CM,NSE,STK,17882,INE0OUT01019,ORIANA,SM,,,,,ORIANA POWER LIMITED,1479.0,1515.0,1465.05,1504.9,1509.0,1478.05,,1504.9,,,32100,47866665.0,379,F1,75,,,,,
2026-07-13,2026-07-13,CM,NSE,STK,10159,INE730A01022,ORICONENT,EQ,,,,,ORICON ENTERPRISES LTD,55.05,57.2,53.1,56.33,56.5,55.05,,56.33,,,61548,3446842.81,2029,F1,1,,,,,
2026-07-13,2026-07-13,CM,NSE,STK,14278,INE607D01018,ORIENTBELL,EQ,,,,,ORIENT BELL LIMITED,326.0,326.0,319.3,321.45,322.0,319.1,,321.45,,,8249,2649250.6,258,F1,1,,,,,
2026-07-13,2026-07-13,CM,NSE,STK,30089,INE876N01018,ORIENTCEM,EQ,,,,,ORIENT CEMENT LTD.,137.0,137.71,136.0,136.89,136.74,137.95,,136.89,,,95469,13081381.92,1515,F1,1,,,,,
2026-07-13,2026-07-13,CM,NSE,STK,13111,INE569C01020,ORIENTCER,EQ,,,,,ORIENT CERATECH LIMITED,42.9,42.9,41.0,41.48,41.5,42.36,,41.48,,,75127,3124717.87,684,F1,1,,,,,
2026-07-13,2026-07-13,CM,NSE,STK,2972,INE142Z01019,ORIENTELEC,EQ,,,,,ORIENT ELECTRIC LIMITED,177.0,180.0,175.21,175.94,176.4,178.45,,175.96,,,172565,30581326.0,3646,F1,1,,,,,
2026-07-13,2026-07-13,CM,NSE,STK,20110,INE999K01014,GREENPOWER,EQ,,,,,ORIENT GREEN POWER CO LTD,10.16,10.24,10.04,10.14,10.16,10.16,,10.14,,,1734570,17593095.17,3685,F1,1,,,,,
2026-07-13,2026-07-13,CM,NSE,STK,2493,INE750A01020,ORIENTHOT,EQ,,,,,ORIENT HOTELS LTD,132.4,136.69,131.35,133.41,134.2,133.53,,133.41,,,383702,51366623.83,5770,F1,1,,,,,
2026-07-13,2026-07-13,CM,NSE,STK,2496,INE592A01026,ORIENTPPR,EQ,,,,,ORIENT PAPER AND INDS LTD,16.51,16.79,16.5,16.72,16.73,16.73,,16.73,,,83097,1385475.61,507,F1,1,,,,,
2026-07-13,2026-07-13,CM,NSE,STK,18208,INE609C01024,ORIENTLTD,EQ,,,,,ORIENT PRESS LIMITED,71.5,74.9,71.5,73.74,73.0,71.02,,73.25,,,5812,426337.11,205,F1,1,,,,,
2026-07-13,2026-07-13,CM,NSE,STK,24961,INE0PPK01015,ORIENTTECH,EQ,,,,,ORIENT TECHNOLOGIES LTD,252.11,263.89,249.41,258.8,258.6,251.96,,258.81,,,250953,64861737.47,5495,F1,1,,,,,
2026-07-13,2026-07-13,CM,NSE,STK,10768,INE959C01023,OAL,EQ,,,,,ORIENTAL AROMATICS LTD,345.15,364.5,345.15,355.2,352.0,345.15,,355.2,,,33448,11913332.5,1154,F1,1,,,,,
2026-07-13,2026-07-13,CM,NSE,STK,14346,INE998H01012,ORIENTALTL,EQ,,,,,ORIENTAL TRIMEX LTD,5.52,5.59,5.43,5.48,5.47,5.52,,5.48,,,68168,374257.26,274,F1,1,,,,,
2026-07-13,2026-07-13,CM,NSE,STK,8797,INE426Z01016,OBCL,EQ,,,,,ORISSA BENGAL CARRIER LTD,53.1,54.77,51.6,53.62,53.99,53.77,,53.62,,,10842,572880.57,221,F1,1,,,,,
2026-07-13,2026-07-13,CM,NSE,STK,19931,INE725E01024,ORISSAMINE,EQ,,,,,ORISSA MIN DEV CO LTD,3792.0,3819.3,3737.0,3784.3,3773.9,3788.2,,3784.3,,,6057,22882471.5,1439,F1,1,,,,,
2026-07-13,2026-07-13,CM,NSE,STK,759569,INE16NZ01023,ORKLAINDIA,EQ,,,,,ORKLA INDIA LIMITED,589.9,595.6,585.0,590.95,590.0,593.25,,590.95,,,46652,27609959.7,4327,F1,1,,,,,
2026-07-13,2026-07-13,CM,NSE,STK,13321,INE849L01019,ORTEL,BZ,,,,,ORTEL COMMUNICATIONS LTD,1.72,1.72,1.6,1.65,1.7,1.67,,1.65,,,22011,37421.62,26,F1,1,,,,,
2026-07-13,2026-07-13,CM,NSE,STK,2980,INE749B01020,ORTINGLOBE,BE,,,,,ORTIN GLOBAL LIMITED,17.3,17.3,15.81,16.0,16.0,16.49,,16.0,,,18385,297860.66,46,F1,1,,,,,
2026-07-13,2026-07-13,CM,NSE,STK,25386,INE0RMF01018,OSELDEVICE,SM,,,,,OSEL DEVICES LIMITED,446.0,454.0,441.55,448.0,447.0,445.95,,448.0,,,14200,6375080.0,56,F1,200,,,,,
2026-07-13,2026-07-13,CM,NSE,STK,12643,INE06IR01021,OSIAHYPER,BE,,,,,OSIA HYPER RETAIL LIMITED,3.28,3.28,3.08,3.18,3.21,3.22,,3.18,,,345727,1086357.53,383,F1,1,,,,,
2026-07-13,2026-07-13,CM,NSE,STK,5362,INE142A01012,OSWALAGRO,BE,,,,,OSWAL AGRO MILLS LTD,40.5,41.55,40.1,40.96,40.9,41.4,,40.93,,,64501,2648445.2,151,F1,1,,,,,
2026-07-13,2026-07-13,CM,NSE,STK,471,INE143A01010,OSWALGREEN,EQ,,,,,OSWAL GREENTECH LIMITED,22.1,22.8,22.1,22.47,22.5,22.46,,22.47,,,125617,2827614.31,999,F1,1,,,,,
2026-07-13,2026-07-13,CM,NSE,STK,756802,INE0BYP01024,OSWALPUMPS,EQ,,,,,OSWAL PUMPS LIMITED,409.05,413.8,402.05,408.0,409.15,410.3,,408.0,,,425085,173061478.6,8565,F1,1,,,,,
2026-07-13,2026-07-13,CM,NSE,STK,22914,INE0R8M01017,OWAIS,ST,,,,,OWAIS METAL & MINERAL,108.7,108.7,102.95,105.7,105.0,104.9,,105.7,,,10400,1104795.0,59,F1,100,,,,,
2026-07-13,2026-07-13,CM,NSE,STK,25312,INE953R01016,PNGJL,EQ,,,,,P N GADGIL JEWELLERS LTD,583.0,611.0,582.5,598.35,598.0,588.05,,598.35,,,657534,392945439.0,16405,F1,1,,,,,
2026-07-13,2026-07-13,CM,NSE,STK,2535,INE179A01014,PGHH,EQ,,,,,P&G HYGIENE & HEALTH CARE,8940.0,8989.5,8856.0,8906.0,8920.0,8940.0,,8906.0,,,7396,66071090.5,2005,F1,1,,,,,
2026-07-13,2026-07-13,CM,NSE,STK,8735,INE0KN801013,PROPEQUITY,SM,,,,,P. E. ANALYTICS LIMITED,229.0,229.0,228.0,228.0,228.0,235.0,,228.0,,,1200,274200.0,2,F1,600,,,,,
2026-07-13,2026-07-13,CM,NSE,STK,759342,INE0S3G01027,PACEDIGITK,EQ,,,,,PACE DIGITEK LIMITED,215.81,219.94,211.01,212.24,211.95,216.2,,212.24,,,3156551,680674343.96,27693,F1,1,,,,,
2026-07-13,2026-07-13,CM,NSE,STK,14413,INE761H01022,PAGEIND,EQ,,,,,PAGE INDUSTRIES LTD,39400.0,40360.0,39300.0,39955.0,39975.0,39395.0,,39955.0,,,36709,1466639325.0,15016,F1,1,,,,,
2026-07-13,2026-07-13,CM,NSE,STK,25468,INE420C01059,PAISALO,EQ,,,,,PAISALO DIGITAL LIMITED,72.0,73.75,71.16,72.3,71.55,73.24,,72.3,,,13098380,947809604.03,31897,F1,1,,,,,
2026-07-13,2026-07-13,CM,NSE,STK,17197,INE551D01018,PAKKA,EQ,,,,,PAKKA LIMITED,75.99,76.04,73.25,73.72,73.83,74.51,,73.7,,,38975,2910932.15,565,F1,1,,,,,
2026-07-13,2026-07-13,CM,NSE,STK,21383,INE471W01019,PALASHSECU,EQ,,,,,PALASH SECURITIES LTD,90.11,92.0,90.01,90.36,90.31,92.58,,90.36,,,7886,713067.73,76,F1,1,,,,,
2026-07-13,2026-07-13,CM,NSE,STK,17059,INE218G01033,PALREDTEC,BE,,,,,PALRED TECHNOLOGIES LTD,53.7,53.7,53.7,53.7,53.7,54.79,,54.07,,,53,2846.1,6,F1,1,,,,,
2026-07-13,2026-07-13,CM,NSE,STK,4055,INE922B01023,PANACEABIO,EQ,,,,,PANACEA BIOTEC LTD,530.0,551.45,530.0,542.5,544.0,546.6,,542.45,,,79034,42984234.0,3147,F1,1,,,,,
2026-07-13,2026-07-13,CM,NSE,STK,16292,INE895W01019,PANACHE,EQ,,,,,PANACHE DIGILIFE LIMITED,444.5,451.4,423.05,448.9,449.35,442.3,,448.9,,,18943,8393993.05,497,F1,1,,,,,
2026-07-13,2026-07-13,CM,NSE,STK,25392,INE305C01029,PANAMAPET,EQ,,,,,PANAMA PETROCHEM LTD,425.25,433.15,417.05,419.2,418.85,428.1,,419.2,,,80229,33965643.9,2357,F1,1,,,,,
2026-07-13,2026-07-13,CM,NSE,STK,6141,INE697V01011,PANSARI,EQ,,,,,PANSARI DEVELOPERS LTD,360.0,368.9,348.5,358.85,355.0,362.85,,358.85,,,17889,6399642.75,899,F1,1,,,,,
2026-07-13,2026-07-13,CM,NSE,STK,5631,INE04LG01015,PAR,EQ,,,,,PAR DRUGS AND CHEM LTD,87.61,92.5,87.61,91.68,92.0,89.58,,91.68,,,6346,577844.07,79,F1,1,,,,,
2026-07-13,2026-07-13,CM,NSE,STK,9741,INE088F01024,PARADEEP,EQ,,,,,PARADEEP PHOSPHATES LTD,140.5,144.07,138.96,143.38,143.85,141.81,,143.39,,,3633910,517119234.86,24689,F1,1,,,,,
2026-07-13,2026-07-13,CM,NSE,STK,17130,INE883N01014,PARAGMILK,EQ,,,,,PARAG MILK FOODS LTD.,231.0,231.52,227.85,229.46,230.04,231.72,,229.47,,,229718,52643720.16,3614,F1,1,,,,,
2026-07-13,2026-07-13,CM,NSE,STK,19779,INE0N4G01012,PARAGON,SM,,,,,PARAGON FINE S.C. LTD.,48.2,48.5,48.2,48.5,48.5,48.2,,48.5,,,3600,174240.0,3,F1,1200,,,,,
2026-07-13,2026-07-13,CM,NSE,STK,25069,INE0S2W01018,PARAMATRIX,SM,,,,,PARAMATRIX TECHNOLOGIES L,63.4,63.4,61.0,61.0,61.0,60.0,,61.0,,,3600,222480.0,3,F1,1200,,,,,
2026-07-13,2026-07-13,CM,NSE,STK,13951,INE074B01023,PARACABLES,EQ,,,,,PARAMOUNT COMM LTD,66.56,66.7,65.39,65.99,66.4,66.95,,65.99,,,922029,60965465.44,5252,F1,1,,,,,
2026-07-13,2026-07-13,CM,NSE,STK,25720,INE0TG801013,PARAMOUNT,ST,,,,,PARAMOUNT DYE TEC LIMITED,36.2,36.4,36.2,36.4,36.4,37.05,,36.4,,,4800,174240.0,3,F1,1200,,,,,
2026-07-13,2026-07-13,CM,NSE,STK,25431,INE0Q6001012,PSFL,SM,,,,,PARAMOUNT SPECIALI FORG L,31.65,32.45,31.5,32.25,32.25,31.9,,32.25,,,10000,319000.0,5,F1,2000,,,,,
2026-07-13,2026-07-13,CM,NSE,STK,5911,INE045601023,PARAS,EQ,,,,,PARAS DEF AND SPCE TECH L,1248.1,1250.0,1214.2,1224.5,1225.9,1253.1,,1224.5,,,1201720,1476577088.8,44702,F1,1,,,,,
2026-07-13,2026-07-13,CM,NSE,STK,3972,INE162C01024,PARASPETRO,EQ,,,,,PARAS PETROFILS LTD.,2.08,2.1,2.01,2.03,2.04,2.1,,2.03,,,118836,242258.09,312,F1,1,,,,,
2026-07-13,2026-07-13,CM,NSE,STK,5460,INE00U801010,PARIN,SM,,,,,PARIN ENTERPRISES LIMITED,726.95,730.0,726.95,728.2,730.0,715.25,,728.2,,,2500,1820237.5,3,F1,250,,,,,
2026-07-13,2026-07-13,CM,NSE,STK,760351,INE119201023,PARKHOSPS,EQ,,,,,PARK MEDI WORLD LIMITED,283.8,296.65,282.1,290.45,290.0,286.1,,290.45,,,785394,229438899.9,21619,F1,1,,,,,
2026-07-13,2026-07-13,CM,NSE,STK,22649,INE988S01028,PARKHOTELS,EQ,,,,,PARKHOTELS,126.85,133.0,126.1,131.26,130.15,127.65,,131.26,,,527719,68932985.43,5708,F1,1,,,,,
2026-07-13,2026-07-13,CM,NSE,STK,13795,INE561H01026,PARSVNATH,BE,,,,,PARSVNATH DEVELOPER LTD,2.3,2.3,2.3,2.3,2.3,2.34,,2.3,,,298114,685662.2,188,F1,1,,,,,
2026-07-13,2026-07-13,CM,NSE,STK,758220,INE1H7V01011,PARTH,ST,,,,,PARTH ELEC & ENG LTD,406.0,432.95,406.0,425.0,425.0,412.35,,425.0,,,20000,8436060.0,32,F1,400,,,,,
2026-07-13,2026-07-13,CM,NSE,STK,2599,INE06ZX01015,PARTYCRUS,SM,,,,,PARTY CRUISERS LIMITED,76.0,84.4,76.0,84.4,84.4,85.0,,84.4,,,9000,732550.0,9,F1,1000,,,,,
2026-07-13,2026-07-13,CM,NSE,STK,757955,INE124Y01028,PASHUPATI,EQ,,,,,PASHUPATI COTSPIN LIMITED,87.9,89.93,85.95,86.95,87.5,87.48,,86.95,,,79973,6989225.69,2303,F1,1,,,,,
2026-07-13,2026-07-13,CM,NSE,STK,6048,INE818B01023,PASUPTAC,BE,,,,,PASUPATI ACRYLON LIMITED,60.1,63.0,60.1,62.04,61.52,60.17,,62.04,,,72647,4468280.65,439,F1,1,,,,,
2026-07-13,2026-07-13,CM,NSE,STK,17029,INE619A01035,PATANJALI,EQ,,,,,PATANJALI FOODS LIMITED,412.0,412.15,406.55,408.85,408.0,413.8,,408.9,,,2030352,830692433.55,16960,F1,1,,,,,
2026-07-13,2026-07-13,CM,NSE,STK,758732,INE244B07243,1025PATE28,N0,,,,,PATE 10.25% 2028,99560.0,99560.0,99400.0,99455.55,99450.0,99500.0,,99455.55,,,36,3580860.0,13,F1,1,,,,,
2026-07-13,2026-07-13,CM,NSE,STK,11699,INE244B01030,PATELENG,EQ,,,,,PATEL ENGINEERING LTD.,31.25,32.55,31.06,31.53,31.45,31.75,,31.51,,,5498914,174428207.73,14709,F1,1,,,,,
2026-07-13,2026-07-13,CM,NSE,STK,15223,INE529D01014,PATINTLOG,BE,,,,,PATEL INT. LOG. LTD,16.09,16.09,15.42,15.52,15.6,15.83,,15.55,,,14767,229459.33,113,F1,1,,,,,
2026-07-13,2026-07-13,CM,NSE,STK,759439,INE0R8B01010,PATELRMART,EQ,,,,,PATEL RETAIL LIMITED,225.9,230.57,222.41,227.18,228.5,225.44,,227.18,,,244186,55551930.77,5318,F1,1,,,,,
2026-07-13,2026-07-13,CM,NSE,STK,756966,INE17GV01016,PATILAUTOM,ST,,,,,PATIL AUTOMATION LIMITED,190.0,195.0,190.0,192.0,191.0,189.55,,192.0,,,26400,5060760.0,38,F1,600,,,,,
2026-07-13,2026-07-13,CM,NSE,STK,762834,INE291E01019,PML,EQ,,,,,PAUL MERCHANTS LTD.,481.05,486.0,455.25,477.05,485.0,480.8,,476.7,,,934,441591.9,129,F1,1,,,,,
2026-07-13,2026-07-13,CM,NSE,STK,759969,INE111F01024,PAUSHAKLTD,EQ,,,,,PAUSHAK LIMITED,566.65,586.65,565.0,571.15,575.0,565.9,,571.15,,,23681,13600752.3,1271,F1,1,,,,,
2026-07-13,2026-07-13,CM,NSE,STK,16201,INE07S101038,PAVNAIND,BE,,,,,PAVNA INDUSTRIES LIMITED,16.45,17.18,16.45,16.67,16.68,16.86,,16.67,,,66445,1108296.09,147,F1,1,,,,,
2026-07-13,2026-07-13,CM,NSE,STK,6656,INE417T01026,POLICYBZR,EQ,,,,,PB FINTECH LIMITED,1575.0,1609.9,1563.2,1594.6,1596.6,1580.4,,1594.6,,,1853272,2949216806.0,59794,F1,1,,,,,
2026-07-13,2026-07-13,CM,NSE,STK,29124,INE785M01021,PCJEWELLER,EQ,,,,,PC JEWELLER LTD,9.99,10.14,9.7,9.92,9.89,9.99,,9.92,,,454387491,4506706166.98,221022,F1,1,,,,,
2026-07-13,2026-07-13,CM,NSE,STK,2649,INE602A01031,PCBL,EQ,,,,,PCBL CHEMICAL LIMITED,306.9,327.6,304.5,323.55,324.2,309.55,,323.55,,,2374702,763913837.4,33776,F1,1,,,,,
2026-07-13,2026-07-13,CM,NSE,STK,5264,INE111Q01021,PDSL,EQ,,,,,PDS LIMITED,352.0,365.4,347.05,359.35,357.25,356.85,,359.35,,,68812,24687259.9,3150,F1,1,,,,,
2026-07-13,2026-07-13,CM,NSE,STK,14260,INE940H01022,PGIL,EQ,,,,,PEARL GLOBAL IND LIMITED,1988.0,2073.3,1972.5,2049.4,2055.0,1998.0,,2049.5,,,77948,158959048.8,12880,F1,1,,,,,
2026-07-13,2026-07-13,CM,NSE,STK,8188,INE844A01013,PEARLPOLY,BE,,,,,PEARL POLYMERS LTD,18.29,18.29,17.7,18.1,18.1,17.89,,18.1,,,2263,40194.76,13,F1,1,,,,,
2026-07-13,2026-07-13,CM,NSE,STK,25408,INE0VG601013,PELATRO,SM,,,,,PELATRO LIMITED,256.0,260.0,246.0,251.85,253.2,255.6,,251.85,,,24900,6326445.0,59,F1,300,,,,,
2026-07-13,2026-07-13,CM,NSE,STK,5358,INE138A01028,PENINLAND,BE,,,,,PENINSULA LAND LIMITED,17.99,19.25,17.75,19.25,19.25,18.34,,19.25,,,583496,11067129.15,818,F1,1,,,,,
2026-07-13,2026-07-13,CM,NSE,STK,20621,INE932A01024,PENIND,EQ,,,,,PENNAR INDUSTRIES LTD,171.65,173.9,169.02,172.34,172.0,172.17,,172.34,,,360927,62163226.25,3956,F1,1,,,,,
2026-07-13,2026-07-13,CM,NSE,STK,17132,INE0ORS01017,PENTAGON,SM,,,,,PENTAGON RUBBER LIMITED,54.0,54.0,54.0,54.0,54.0,54.0,,54.0,,,2000,108000.0,2,F1,1000,,,,,
2026-07-13,2026-07-13,CM,NSE,STK,758121,INE925S01012,PERFECT,SZ,,,,,PERFECT INFRAENGINEER LTD,2.95,2.95,2.95,2.95,2.95,3.0,,2.95,,,3000,8850.0,1,F1,3000,,,,,
2026-07-13,2026-07-13,CM,NSE,STK,18365,INE262H01021,PERSISTENT,EQ,,,,,PERSISTENT SYSTEMS LTD,5000.4,5218.8,4975.0,5192.4,5186.9,5053.9,,5192.4,,,1033379,5300061738.6,71678,F1,1,,,,,
2026-07-13,2026-07-13,CM,NSE,STK,24290,INE998U01015,PCCL,SM,,,,,PETRO CARBON AND CHEMI L,257.0,257.0,253.95,253.95,253.95,257.0,,253.95,,,2000,509400.0,4,F1,400,,,,,
2026-07-13,2026-07-13,CM,NSE,STK,11351,INE347G01014,PETRONET,EQ,,,,,PETRONET LNG LIMITED,275.15,280.55,275.15,278.95,278.65,278.95,,278.95,,,1054027,293210723.05,18233,F1,1,,,,,
2026-07-13,2026-07-13,CM,NSE,STK,760807,INE134E07DW6,PFCL36B,N9,,,,,PFCL 0% ZCB 2036 SR III,51150.02,51150.02,51150.02,51150.02,51150.02,50825.01,,51150.02,,,1,51150.02,1,F1,1,,,,,
2026-07-13,2026-07-13,CM,NSE,STK,760801,INE134E07DP0,7PFCL31,N3,,,,,PFCL 7.00% 2031 SR I,994.1,994.1,992.0,994.0,994.0,994.16,,994.0,,,30,29780.1,5,F1,1,,,,,
2026-07-13,2026-07-13,CM,NSE,STK,760810,INE134E07DU0,730PFCL41,NC,,,,,PFCL 7.30% 2041 SR IV,991.0,991.99,991.0,991.93,991.99,991.99,,991.93,,,194,192427.17,11,F1,1,,,,,
2026-07-13,2026-07-13,CM,NSE,STK,2643,INE182A01018,PFIZER,EQ,,,,,PFIZER LTD,4731.4,4752.0,4701.1,4736.3,4739.2,4731.4,,4736.4,,,20979,99276731.2,5916,F1,1,,,,,
2026-07-13,2026-07-13,CM,NSE,STK,759562,INE140A07740,905PFL26,N1,,,,,PFL 9.05% SR II 2026,1053.5,1053.5,1052.5,1052.5,1052.5,1052.5,,1052.5,,,10,10530.0,3,F1,1,,,,,
2026-07-13,2026-07-13,CM,NSE,STK,25358,INE457L01029,PGEL,EQ,,,,,PG ELECTROPLAST LTD,576.0,607.85,573.0,595.85,597.0,583.15,,595.85,,,3692062,2190124438.55,52076,F1,1,,,,,
2026-07-13,2026-07-13,CM,NSE,STK,11612,INE0MLZ01019,PHANTOMFX,SM,,,,,PHANTOM DIGITAL EFF LTD,181.0,190.5,179.25,187.75,190.5,181.85,,187.75,,,25800,4778925.0,66,F1,300,,,,,
2026-07-13,2026-07-13,CM,NSE,STK,25513,INE0FPO01018,PHOGLOBAL,SM,,,,,PHOENIX OVERSEAS LIMITED,16.2,16.2,16.2,16.2,16.2,16.2,,16.2,,,2000,32400.0,1,F1,2000,,,,,
2026-07-13,2026-07-13,CM,NSE,STK,759723,INE0LP301011,PWL,EQ,,,,,PHYSICSWALLAH LIMITED,147.0,147.45,141.2,142.62,142.7,147.43,,142.62,,,5707220,821540376.67,29587,F1,1,,,,,
2026-07-13,2026-07-13,CM,NSE,STK,24184,INE603J01030,PIIND,EQ,,,,,PI INDUSTRIES LTD,2602.0,2602.0,2566.0,2569.0,2572.5,2607.4,,2569.0,,,133250,343271948.0,11787,F1,1,,,,,
2026-07-13,2026-07-13,CM,NSE,STK,757754,INE546C01010,PICCADIL,EQ,,,,,PICCADILY AGRO INDUSTRI L,665.0,722.95,661.0,718.9,720.0,671.8,,719.0,,,820585,581358691.5,34469,F1,1,,,,,
2026-07-13,2026-07-13,CM,NSE,STK,24791,INE0YAL01017,PPSL,ST,,,,,PICTUREPOST STUDIOS LTD,2.45,2.65,2.45,2.45,2.45,2.55,,2.45,,,945000,2316600.0,82,F1,3000,,,,,
2026-07-13,2026-07-13,CM,NSE,STK,2664,INE318A01026,PIDILITIND,EQ,,,,,PIDILITE INDUSTRIES LTD,1578.9,1583.2,1559.6,1580.7,1580.0,1598.5,,1580.7,,,617150,972931049.9,37228,F1,1,,,,,
2026-07-13,2026-07-13,CM,NSE,STK,30838,INE600A01035,PILITA,BE,,,,,PIL ITALICA LIFESTYLE LTD,8.99,9.28,8.7,9.09,9.0,8.98,,9.08,,,86768,787881.7,209,F1,1,,,,,
2026-07-13,2026-07-13,CM,NSE,STK,11445,INE417C01014,PILANIINVS,EQ,,,,,PILANI INV & IND COR LTD,4416.8,4510.0,4414.0,4459.4,4450.0,4434.5,,4458.7,,,1871,8371964.3,411,F1,1,,,,,
2026-07-13,2026-07-13,CM,NSE,STK,759820,INE15B701018,PINELABS,EQ,,,,,PINE LABS LIMITED,146.0,156.6,145.31,155.14,155.91,145.27,,155.15,,,50633391,7773457861.58,221919,F1,1,,,,,
2026-07-13,2026-07-13,CM,NSE,STK,13463,INE156C01018,PIONEEREMB,EQ,,,,,PIONEER EMBROIDERIES LTD,23.42,23.45,22.22,23.42,23.42,22.85,,23.42,,,2563,58929.78,40,F1,1,,,,,
2026-07-13,2026-07-13,CM,NSE,STK,762829,INE746D01014,PIONRINV,EQ,,,,,PIONEER INVESTCORP LTD.,81.89,82.9,79.35,81.34,80.05,81.06,,80.76,,,3161,255854.39,81,F1,1,,,,,
2026-07-13,2026-07-13,CM,NSE,STK,759551,INE202B01038,PIRAMALFIN,EQ,,,,,PIRAMAL FINANCE LIMITED,2164.1,2204.0,2141.0,2172.8,2153.0,2166.9,,2172.9,,,268579,585778150.5,18520,F1,1,,,,,
2026-07-13,2026-07-13,CM,NSE,STK,11571,INE0DK501011,PPLPHARMA,EQ,,,,,PIRAMAL PHARMA LIMITED,176.4,177.2,172.6,173.63,173.75,177.16,,173.64,,,3905315,679996747.26,42175,F1,1,,,,,
2026-07-13,2026-07-13,CM,NSE,STK,14134,INE450D01021,PITTIENG,EQ,,,,,PITTI ENGINEERING LIMITED,968.8,980.0,950.05,973.55,970.0,968.85,,973.55,,,36821,35602823.8,2925,F1,1,,,,,
2026-07-13,2026-07-13,CM,NSE,STK,9087,INE751B01018,PIXTRANS,EQ,,,,,PIX TRANSMISSIONS LIMITED,1833.9,1880.0,1814.2,1853.4,1850.9,1820.0,,1853.3,,,36333,67208869.5,3634,F1,1,,,,,
2026-07-13,2026-07-13,CM,NSE,STK,13920,INE083C01022,PLASTIBLEN,EQ,,,,,PLASTIBLENDS INDIA LTD,184.0,198.57,183.5,195.79,198.0,182.77,,195.8,,,366957,70779169.1,5675,F1,1,,,,,
2026-07-13,2026-07-13,CM,NSE,STK,22930,INE0PT501018,PLATIND,EQ,,,,,PLATINUM INDUSTRIES LTD,227.49,234.8,226.05,231.08,230.99,228.0,,231.07,,,71464,16488634.37,2133,F1,1,,,,,
2026-07-13,2026-07-13,CM,NSE,STK,19461,INE0INJ01017,PLAZACABLE,BE,,,,,PLAZA WIRES LIMITED,45.45,45.45,43.2,43.63,43.95,44.71,,43.58,,,24989,1093316.65,237,F1,1,,,,,
2026-07-13,2026-07-13,CM,NSE,STK,8736,INE859A01011,PNBGILTS,EQ,,,,,PNB GILTS LIMITED,87.78,90.5,86.55,89.19,89.75,87.81,,89.19,,,677319,60400795.39,5551,F1,1,,,,,
2026-07-13,2026-07-13,CM,NSE,STK,18908,INE572E01012,PNBHOUSING,EQ,,,,,PNB HOUSING FIN LTD.,1110.0,1132.7,1098.0,1122.3,1122.9,1110.6,,1122.3,,,936389,1047234273.5,41114,F1,1,,,,,
2026-07-13,2026-07-13,CM,NSE,STK,9385,INE195J01029,PNCINFRA,EQ,,,,,PNC INFRATECH LTD.,240.07,249.17,238.85,247.46,246.48,242.87,,247.45,,,766470,188568297.74,18209,F1,1,,,,,
2026-07-13,2026-07-13,CM,NSE,STK,760242,INE1RDG01013,PNGSREVA,EQ,,,,,PNGS REVA DIAMOND JEWEL L,425.0,434.0,400.9,406.85,410.8,421.5,,406.9,,,118457,48968534.6,4797,F1,1,,,,,
2026-07-13,2026-07-13,CM,NSE,STK,19036,INE371C01013,PODDARMENT,EQ,,,,,PODDAR PIGMENTS LIMITED,240.0,244.46,239.99,240.33,240.0,237.02,,240.33,,,262,63374.31,16,F1,1,,,,,
2026-07-13,2026-07-13,CM,NSE,STK,17651,INE637C01025,POKARNA,EQ,,,,,POKARNA LIMITED,1039.0,1044.4,990.5,1011.5,1010.0,1042.6,,1011.6,,,128644,130029372.1,6798,F1,1,,,,,
2026-07-13,2026-07-13,CM,NSE,STK,25718,INE205C01021,POLYMED,EQ,,,,,POLY MEDICURE LIMITED,1668.3,1668.3,1641.0,1651.6,1654.0,1668.3,,1651.6,,,37500,61942938.4,4837,F1,1,,,,,
2026-07-13,2026-07-13,CM,NSE,STK,9590,INE455K01017,POLYCAB,EQ,,,,,POLYCAB INDIA LIMITED,9190.0,9427.0,9153.0,9306.5,9315.0,9210.5,,9306.5,,,378532,3523361947.5,52878,F1,1,,,,,
2026-07-13,2026-07-13,CM,NSE,STK,2687,INE633B01018,POLYPLEX,EQ,,,,,POLYPLEX CORPORATION LTD,1060.0,1095.0,1052.0,1092.75,1091.1,1060.55,,1092.75,,,162227,175023497.4,8964,F1,1,,,,,
2026-07-13,2026-07-13,CM,NSE,STK,22711,INE517M01028,POLYSIL,SM,,,,,POLYSIL IRRIGATION SYST L,116.0,116.0,109.05,114.6,114.6,116.0,,114.6,,,6500,735525.0,13,F1,500,,,,,
2026-07-13,2026-07-13,CM,NSE,STK,14385,INE063E01053,POCL,EQ,,,,,PONDY OXIDES & CHEM LTD,1418.0,1442.0,1412.1,1437.0,1438.0,1425.0,,1436.9,,,123745,177120915.3,8084,F1,1,,,,,
2026-07-13,2026-07-13,CM,NSE,STK,10661,INE838E01017,PONNIERODE,EQ,,,,,PONNIE SUGARS (ERODE) LTD,316.55,339.0,316.55,329.55,327.5,316.55,,329.6,,,62547,20676063.95,1940,F1,1,,,,,
2026-07-13,2026-07-13,CM,NSE,STK,11403,INE511C01022,POONAWALLA,EQ,,,,,POONAWALLA FINCORP LTD,471.5,486.0,468.15,485.1,485.0,477.0,,485.1,,,910643,437557270.05,17166,F1,1,,,,,
2026-07-13,2026-07-13,CM,NSE,STK,23142,INE772T01024,PVSL,EQ,,,,,POPULAR VEHICLES N SER L,93.3,94.5,92.53,93.95,93.7,93.45,,93.95,,,11298,1058857.2,478,F1,1,,,,,
2026-07-13,2026-07-13,CM,NSE,STK,24867,INE0S3H01017,POSITRON,ST,,,,,POSITRON ENERGY LIMITED,183.0,187.0,183.0,183.8,183.0,185.3,,183.8,,,4800,884055.0,16,F1,300,,,,,
2026-07-13,2026-07-13,CM,NSE,STK,14299,INE134E01011,PFC,EQ,,,,,POWER FIN CORP LTD.,403.0,406.0,399.95,405.1,405.9,406.5,,405.1,,,4979432,2004370501.9,71421,F1,1,,,,,
2026-07-13,2026-07-13,CM,NSE,STK,14977,INE752E01010,POWERGRID,EQ,,,,,POWER GRID CORP. LTD.,282.8,286.45,281.65,286.0,285.25,283.1,,286.0,,,8083023,2305317203.05,87542,F1,1,,,,,
2026-07-13,2026-07-13,CM,NSE,STK,15716,INE557Z01018,PIGL,EQ,,,,,POWER INSTRUMENT (G) LTD,115.99,115.99,113.0,114.77,114.85,114.24,,114.79,,,52325,5993481.14,799,F1,1,,,,,
2026-07-13,2026-07-13,CM,NSE,STK,10473,INE211R01019,POWERMECH,EQ,,,,,POWER MECH PROJECTS LTD.,2645.0,2679.0,2602.4,2666.2,2667.0,2640.0,,2666.2,,,50560,133762548.4,10480,F1,1,,,,,
2026-07-13,2026-07-13,CM,NSE,STK,3494,INE0GGX23010,PGINVIT,IV,,,,,POWERGRID INFRA. INVITS,96.99,97.15,96.71,96.97,96.97,96.75,,96.96,,,1546070,149959470.77,6880,F1,1,,,,,
2026-07-13,2026-07-13,CM,NSE,STK,761680,INE921L01032,POWERICA,EQ,,,,,POWERICA LIMITED,546.0,586.95,546.0,574.35,577.0,567.25,,574.35,,,381826,220316543.6,10667,F1,1,,,,,
2026-07-13,2026-07-13,CM,NSE,STK,15209,INE095I01015,PPAP,EQ,,,,,PPAP AUTOMOTIVE LIMITED,323.5,379.5,320.01,372.14,369.2,323.37,,372.15,,,3404728,1214044904.59,77013,F1,1,,,,,
2026-07-13,2026-07-13,CM,NSE,STK,30134,INE0I0M01023,PRABHA,EQ,,,,,PRABHA ENERGY LIMITED,152.34,153.88,149.7,150.46,150.0,152.34,,150.49,,,7796,1174677.94,257,F1,1,,,,,
2026-07-13,2026-07-13,CM,NSE,STK,762842,INE770A01010,PRADPME,BE,,,,,PRADEEP METALS LTD.,533.0,533.0,495.9,503.95,503.0,521.65,,504.75,,,12824,6517462.0,155,F1,1,,,,,
2026-07-13,2026-07-13,CM,NSE,STK,2705,INE074A01025,PRAJIND,EQ,,,,,PRAJ INDUSTRIES LTD,355.3,360.85,351.15,357.35,357.0,355.8,,357.35,,,484972,173648291.8,13868,F1,1,,,,,
2026-07-13,2026-07-13,CM,NSE,STK,13941,INE505C01016,PRAENG,EQ,,,,,PRAJAY ENG. SYN. LTD.,20.3,20.3,19.35,19.41,19.35,19.79,,19.38,,,21891,427999.03,203,F1,1,,,,,
2026-07-13,2026-07-13,CM,NSE,STK,2708,INE603A01013,PRAKASH,EQ,,,,,PRAKASH INDUSTRIES LTD,128.12,130.02,127.31,128.61,129.05,129.04,,128.61,,,303148,39017822.78,4677,F1,1,,,,,
2026-07-13,2026-07-13,CM,NSE,STK,10299,INE050001010,PPL,BE,,,,,PRAKASH PIPES LIMITED,274.95,274.95,260.2,273.05,273.75,272.45,,273.05,,,38327,10218002.5,595,F1,1,,,,,
2026-07-13,2026-07-13,CM,NSE,STK,19599,INE696K01024,PRAKASHSTL,EQ,,,,,PRAKASH STEELAGE LTD,4.13,4.2,4.11,4.12,4.14,4.13,,4.12,,,45543,188883.82,245,F1,1,,,,,
2026-07-13,2026-07-13,CM,NSE,STK,18514,INE0O7A01017,PRAMARA,SM,,,,,PRAMARA PROMOTIONS LTD,133.3,138.8,131.0,137.6,137.0,133.0,,137.6,,,26000,3515050.0,41,F1,500,,,,,
2026-07-13,2026-07-13,CM,NSE,STK,25818,INE0VJG01014,PRANIK,SM,,,,,PRANIK LOGISTICS LIMITED,43.25,43.25,43.25,43.25,43.25,42.6,,43.25,,,1600,69200.0,1,F1,1600,,,,,
2026-07-13,2026-07-13,CM,NSE,STK,21840,INE393P01035,DIAMONDYD,EQ,,,,,PRATAAP SNACKS LIMITED,1173.1,1205.1,1163.3,1197.1,1186.5,1190.8,,1196.0,,,10295,12285717.5,1175,F1,1,,,,,
2026-07-13,2026-07-13,CM,NSE,STK,23113,INE0QA601016,PRATHAM,SM,,,,,PRATHAM EPC PROJECTS LTD,120.25,120.25,116.8,116.8,116.8,119.7,,116.8,,,800,94820.0,2,F1,400,,,,,
2026-07-13,2026-07-13,CM,NSE,STK,762844,INE722B01019,PRAVEG,EQ,,,,,PRAVEG LTD.,235.05,242.39,235.05,238.15,237.01,238.08,,237.9,,,17477,4155143.23,944,F1,1,,,,,
2026-07-13,2026-07-13,CM,NSE,STK,1216,INE546Y01022,PRAXIS,BE,,,,,PRAXIS HOME RETAIL LTD,7.7,7.78,7.31,7.46,7.46,7.67,,7.46,,,78014,577504.14,98,F1,1,,,,,
2026-07-13,2026-07-13,CM,NSE,STK,12603,INE484I01029,PRECAM,EQ,,,,,PRECISION CAMSHAFTS LTD.,145.94,149.09,144.27,148.04,148.4,146.66,,148.04,,,114627,16949902.19,2005,F1,1,,,,,
2026-07-13,2026-07-13,CM,NSE,STK,7950,INE0HKW01018,PRECISION,SM,,,,,PRECISION METALIKS LTD,6.5,6.95,6.5,6.5,6.95,6.8,,6.5,,,68000,442900.0,9,F1,2000,,,,,
2026-07-13,2026-07-13,CM,NSE,STK,2717,INE372C01037,PRECWIRE,EQ,,,,,PRECISION WIRES INDIA LTD,383.85,392.5,379.0,387.15,387.0,385.8,,387.15,,,189595,73433810.25,7390,F1,1,,,,,
2026-07-13,2026-07-13,CM,NSE,STK,2711,INE283A01014,PRECOT,EQ,,,,,PRECOT LIMITED,830.0,830.0,792.0,796.5,796.0,809.95,,796.5,,,2132,1707156.4,174,F1,1,,,,,
2026-07-13,2026-07-13,CM,NSE,STK,762849,INE001E01012,PREMCO,EQ,,,,,PREMCO GLOBAL LTD.,365.05,376.95,365.05,373.6,373.5,377.7,,372.95,,,490,182943.15,47,F1,1,,,,,
2026-07-13,2026-07-13,CM,NSE,STK,25049,INE0BS701011,PREMIERENE,EQ,,,,,PREMIER ENERGIES LIMITED,1114.9,1119.8,1098.1,1109.5,1108.0,1117.2,,1109.5,,,1108267,1228563741.5,56137,F1,1,,,,,
2026-07-13,2026-07-13,CM,NSE,STK,17397,INE863B01029,PREMEXPLN,EQ,,,,,PREMIER EXPLOSIVES LTD,684.0,688.0,670.05,670.95,671.9,687.5,,671.0,,,476514,322301079.3,10360,F1,1,,,,,
2026-07-13,2026-07-13,CM,NSE,STK,6248,INE342A01018,PREMIER,BE,,,,,PREMIER LIMITED,3.09,3.12,2.89,2.91,2.91,3.03,,2.91,,,5055,14822.0,33,F1,1,,,,,
2026-07-13,2026-07-13,CM,NSE,STK,3908,INE309M01020,PREMIERPOL,EQ,,,,,PREMIER POLYFILM LTD,63.2,66.7,62.0,65.6,66.0,63.38,,65.59,,,187334,12215434.07,1336,F1,1,,,,,
2026-07-13,2026-07-13,CM,NSE,STK,23764,INE0CFG01012,PRLIND,SM,,,,,PREMIER ROADLINES LIMITED,49.0,49.9,47.0,47.25,47.05,49.0,,47.25,,,50000,2387800.0,40,F1,1000,,,,,
2026-07-13,2026-07-13,CM,NSE,STK,20498,INE0R1601012,PRESSTONIC,SM,,,,,PRESSTONIC ENGINEERING L,25.85,26.15,25.0,26.1,26.15,26.05,,26.1,,,108800,2785120.0,84,F1,800,,,,,
2026-07-13,2026-07-13,CM,NSE,STK,20302,INE811K01011,PRESTIGE,EQ,,,,,PRESTIGE ESTATE LTD,1715.1,1730.5,1687.6,1724.3,1720.2,1733.2,,1724.3,,,802548,1375912335.2,36003,F1,1,,,,,
2026-07-13,2026-07-13,CM,NSE,STK,19631,INE726V01018,PRICOLLTD,EQ,,,,,PRICOL LIMITED,612.0,631.2,611.2,621.15,621.8,627.25,,621.15,,,380404,237350679.7,18529,F1,1,,,,,
2026-07-13,2026-07-13,CM,NSE,STK,759075,INE0CQA01020,PRIMECAB,ST,,,,,PRIME CABLE INDUSTRIES L,155.0,164.75,150.0,164.75,164.75,156.95,,164.75,,,147200,23707920.0,90,F1,1600,,,,,
2026-07-13,2026-07-13,CM,NSE,STK,13500,INE367G01038,PFOCUS,BE,,,,,PRIME FOCUS LIMITED,269.52,269.52,269.52,269.52,269.52,256.69,,269.52,,,566948,152803824.96,1093,F1,1,,,,,
2026-07-13,2026-07-13,CM,NSE,STK,11864,INE032B01021,PRIMESECU,EQ,,,,,PRIME SECURITIES LIMITED,278.65,282.9,270.0,274.15,274.0,280.05,,274.15,,,31105,8638063.15,818,F1,1,,,,,
2026-07-13,2026-07-13,CM,NSE,STK,756925,INE607A01022,PRIMO,EQ,,,,,PRIMO CHEMICALS LIMITED,24.14,24.19,23.75,23.8,24.0,24.01,,23.8,,,44680,1067305.06,242,F1,1,,,,,
2026-07-13,2026-07-13,CM,NSE,STK,16045,INE689W01016,PRINCEPIPE,EQ,,,,,PRINCE PIPES FITTINGS LTD,267.75,271.65,266.5,270.6,271.0,267.65,,270.6,,,111707,30139572.3,2819,F1,1,,,,,
2026-07-13,2026-07-13,CM,NSE,STK,2739,INE010A01011,PRSMJOHNSN,EQ,,,,,PRISM JOHNSON LIMITED,112.0,113.76,112.0,112.57,112.73,112.7,,112.57,,,87857,9908447.82,2166,F1,1,,,,,
2026-07-13,2026-07-13,CM,NSE,STK,8310,INE974Z01015,PRITI,BE,,,,,PRITI INTERNATIONAL LTD,39.99,40.0,39.0,39.48,39.5,39.99,,39.48,,,1774,70439.71,58,F1,1,,,,,
2026-07-13,2026-07-13,CM,NSE,STK,5296,INE583R01029,PRITIKAUTO,BE,,,,,PRITIKA AUTO INDUS LTD,18.75,19.25,18.45,19.25,19.25,18.34,,19.29,,,427698,8197316.26,546,F1,1,,,,,
2026-07-13,2026-07-13,CM,NSE,STK,12971,INE0MJQ01020,PRITIKA,SM,,,,,PRITIKA ENG COMPO LTD,56.0,61.8,56.0,61.8,61.8,61.7,,61.8,,,14000,824600.0,7,F1,2000,,,,,
2026-07-13,2026-07-13,CM,NSE,STK,9342,INE392B01011,PNC,EQ,,,,,PRITISH NANDY COMMUNICATI,21.05,21.35,20.02,20.4,20.4,20.29,,20.4,,,2795,57912.65,192,F1,1,,,,,
2026-07-13,2026-07-13,CM,NSE,STK,8825,INE959A01019,PRIVISCL,EQ,,,,,PRIVI SPECIALITY CHE LTD,3667.7,3667.7,3597.0,3621.8,3642.6,3662.8,,3621.6,,,41002,148714021.4,7161,F1,1,,,,,
2026-07-13,2026-07-13,CM,NSE,STK,24511,INE0V9N01017,PRIZOR,ST,,,,,PRIZOR VIZTECH LIMITED,810.0,817.2,810.0,817.2,817.2,825.0,,817.2,,,9200,7494240.0,23,F1,400,,,,,
2026-07-13,2026-07-13,CM,NSE,STK,757806,INE0VJT01017,PROFX,SM,,,,,PRO FX TECH LIMITED,76.5,77.5,74.55,74.55,74.55,76.5,,74.55,,,22400,1703600.0,6,F1,1600,,,,,
2026-07-13,2026-07-13,CM,NSE,STK,940,INE199A01012,PGHL,EQ,,,,,PROCTER & GAMBLE HEALTH L,6829.0,6945.0,6781.0,6867.0,6870.0,6839.0,,6867.0,,,28595,195470201.0,7272,F1,1,,,,,
2026-07-13,2026-07-13,CM,NSE,STK,19352,INE994V01012,PROLIFE,SM,,,,,PROLIFE INDUSTRIES LTD,79.55,79.55,79.55,79.55,79.55,79.55,,79.55,,,500,39775.0,1,F1,500,,,,,
2026-07-13,2026-07-13,CM,NSE,STK,758173,INE0BX301013,PROSTARM,EQ,,,,,PROSTARM INFO SYSTEMS LTD,130.7,132.39,130.05,131.23,130.9,132.11,,131.26,,,104727,13773209.09,1429,F1,1,,,,,
2026-07-13,2026-07-13,CM,NSE,STK,29472,INE004A01022,PROTEAN,EQ,,,,,PROTEAN EGOV TECHNO LTD,584.0,602.0,584.0,599.05,600.0,588.7,,599.1,,,196720,117264622.05,6813,F1,1,,,,,
2026-07-13,2026-07-13,CM,NSE,STK,16483,INE0ONE01016,PROV,SM,,,,,PROVENTUS AGROCOM LIMITED,1600.0,1635.0,1600.0,1635.0,1635.0,1600.0,,1635.0,,,800,1301200.0,9,F1,80,,,,,
2026-07-13,2026-07-13,CM,NSE,STK,28859,INE195N01013,PROZONER,EQ,,,,,PROZONE REALTY LIMITED,44.01,45.0,43.5,43.98,43.5,44.19,,43.97,,,149929,6623338.91,1373,F1,1,,,,,
2026-07-13,2026-07-13,CM,NSE,STK,9553,INE00F201020,PRUDENT,EQ,,,,,PRUDENT CORP ADV SER LTD,2983.0,3079.9,2952.1,3069.7,3075.0,2983.2,,3069.7,,,27795,84867527.9,5826,F1,1,,,,,
2026-07-13,2026-07-13,CM,NSE,STK,20528,INE024D01016,PRUDMOULI,BE,,,,,PRUDENTIAL SUGAR CORPORAT,14.85,14.85,14.85,14.85,14.85,14.85,,14.99,,,10,148.5,1,F1,1,,,,,
2026-07-13,2026-07-13,CM,NSE,STK,20877,INE488V01015,PSPPROJECT,EQ,,,,,PSP PROJECTS LIMITED,1059.0,1082.9,1051.8,1066.0,1063.0,1069.2,,1066.0,,,62804,66948292.3,4047,F1,1,,,,,
2026-07-13,2026-07-13,CM,NSE,STK,22602,INE560K01014,PFS,EQ,,,,,PTC INDIA FIN SERV LTD,30.65,31.4,30.6,31.03,31.08,30.66,,31.03,,,379435,11783535.47,1914,F1,1,,,,,
2026-07-13,2026-07-13,CM,NSE,STK,11355,INE877F01012,PTC,EQ,,,,,PTC INDIA LIMITED,172.0,172.2,169.5,170.76,170.99,172.46,,170.79,,,511850,87284680.63,7374,F1,1,,,,,
2026-07-13,2026-07-13,CM,NSE,STK,16682,INE596F01018,PTCIL,EQ,,,,,PTC INDUSTRIES LIMITED,17600.0,17750.0,17401.0,17687.0,17694.0,17602.0,,17687.0,,,7753,136638905.0,2350,F1,1,,,,,
2026-07-13,2026-07-13,CM,NSE,STK,14101,INE034D01049,PTL,EQ,,,,,PTL ENTERPRISES LTD,40.0,40.4,40.0,40.13,40.11,40.19,,40.13,,,41069,1650763.13,635,F1,1,,,,,
2026-07-13,2026-07-13,CM,NSE,STK,15377,INE865T01018,PDMJEPAPER,EQ,,,,,PUDUMJEE PAPER PRO. LTD,83.04,86.45,82.66,85.61,85.02,83.88,,85.61,,,90879,7755600.14,2065,F1,1,,,,,
2026-07-13,2026-07-13,CM,NSE,STK,507,INE335X01014,PULZ,SM,,,,,PULZ ELECTRONICS LIMITED,24.5,24.5,24.45,24.45,24.45,25.7,,24.45,,,4000,97900.0,2,F1,2000,,,,,
2026-07-13,2026-07-13,CM,NSE,STK,21001,INE608A01012,PSB,EQ,,,,,PUNJAB & SIND BANK,24.75,25.24,24.62,25.08,25.09,24.99,,25.08,,,1755166,43973281.96,5187,F1,1,,,,,
2026-07-13,2026-07-13,CM,NSE,STK,4344,INE277B01014,PUNJABCHEM,EQ,,,,,PUNJAB CHEM & CROP PROT L,1107.7,1238.6,1052.1,1158.9,1168.9,1107.7,,1158.9,,,90078,105308054.2,7720,F1,1,,,,,
2026-07-13,2026-07-13,CM,NSE,STK,10666,INE160A01022,PNB,EQ,,,,,PUNJAB NATIONAL BANK,104.6,106.45,104.0,106.34,106.31,105.41,,106.34,,,11968478,1265218631.91,44739,F1,1,,,,,
2026-07-13,2026-07-13,CM,NSE,STK,14922,INE323I01011,PURVA,EQ,,,,,PURAVANKARA LIMITED,223.2,261.8,219.61,248.4,249.4,224.06,,248.41,,,13995860,3536332293.84,126039,F1,1,,,,,
2026-07-13,2026-07-13,CM,NSE,STK,28044,INE0P5R01014,PURPLEUTED,ST,,,,,PURPLE UNITED SALES LTD,429.5,435.0,416.5,435.0,435.0,430.3,,435.0,,,9750,4157200.0,29,F1,250,,,,,
2026-07-13,2026-07-13,CM,NSE,STK,22942,INE0R6C01012,PURVFLEXI,ST,,,,,PURV FLEXIPACK LIMITED,48.0,48.0,48.0,48.0,48.0,48.0,,48.0,,,800,38400.0,1,F1,800,,,,,
2026-07-13,2026-07-13,CM,NSE,STK,757683,INE154801018,PUSHPA,SM,,,,,PUSHPA JEWELLERS LIMITED,101.0,113.7,101.0,112.45,112.0,100.2,,112.45,,,176000,19164500.0,110,F1,1000,,,,,
2026-07-13,2026-07-13,CM,NSE,STK,4010,INE362A01016,PVP,EQ,,,,,PVP VENTURES LIMITED,27.13,30.34,27.13,29.49,29.52,27.6,,29.49,,,1321678,38495207.52,6953,F1,1,,,,,
2026-07-13,2026-07-13,CM,NSE,STK,13147,INE191H01014,PVRINOX,EQ,,,,,PVR INOX LIMITED,993.15,1032.3,992.0,1020.55,1020.0,1002.05,,1020.55,,,252724,257613936.7,14586,F1,1,,,,,
2026-07-13,2026-07-13,CM,NSE,STK,18250,INE0MIS01010,PYRAMID,EQ,,,,,PYRAMID TECHNOPLAST LTD,164.0,167.69,162.0,163.53,162.98,165.47,,163.45,,,24854,4077344.62,1045,F1,1,,,,,
2026-07-13,2026-07-13,CM,NSE,STK,763594,INE1G2W01011,QLINE,SM,,,,,Q-LINE BIOTECH LIMITED,548.0,553.8,536.0,543.45,540.05,549.05,,543.45,,,52800,28762960.0,110,F1,400,,,,,
2026-07-13,2026-07-13,CM,NSE,STK,751607,INE0FMW01018,QMSMEDI,EQ,,,,,QMS MEDICAL ALLIED S LTD,103.0,109.0,103.0,108.95,109.0,106.16,,108.95,,,41456,4466698.61,632,F1,1,,,,,
2026-07-13,2026-07-13,CM,NSE,STK,29087,INE0LRY01011,QUADFUTURE,EQ,,,,,QUADRANT FUTURE TEK LTD,413.0,442.6,410.1,435.25,434.9,413.75,,435.25,,,597409,258470433.5,17220,F1,1,,,,,
2026-07-13,2026-07-13,CM,NSE,STK,29713,INE0SII01026,QPOWER,BE,,,,,QUALITY POWER ELEC EQUP L,1225.0,1237.0,1176.0,1217.4,1207.0,1212.3,,1217.2,,,119875,145527185.5,5059,F1,1,,,,,
2026-07-13,2026-07-13,CM,NSE,STK,15330,INF082J01408,QGOLDHALF,EQ,,,,,QUANTUM GOLD FUND,118.29,118.29,115.92,117.21,117.18,118.29,,117.21,,,201555,23618824.73,1233,F1,1,,,,,
2026-07-13,2026-07-13,CM,NSE,STK,16819,INF082J01499,QNIFTY,EQ,,,,,QUANTUM NIFTY 50 ETF,272.85,272.85,264.2,266.3,266.3,266.2,,266.3,,,1536,408764.59,71,F1,1,,,,,
2026-07-13,2026-07-13,CM,NSE,STK,17704,INE615P01015,QUESS,EQ,,,,,QUESS CORP LIMITED,289.8,302.0,287.0,297.75,299.0,288.15,,297.75,,,364621,108585504.25,9831,F1,1,,,,,
2026-07-13,2026-07-13,CM,NSE,STK,23793,INE0TNW01017,QUESTLAB,SM,,,,,QUEST LABORATORIES LTD,94.0,94.0,91.15,91.2,91.2,91.2,,91.2,,,38400,3592980.0,7,F1,1200,,,,,
2026-07-13,2026-07-13,CM,NSE,STK,13131,INE306L01010,QUICKHEAL,BE,,,,,QUICK HEAL TECH LTD,164.8,170.0,164.35,168.04,168.0,167.79,,168.04,,,113558,19130428.99,969,F1,1,,,,,
2026-07-13,2026-07-13,CM,NSE,STK,15285,INE0K4D01020,QUICKTOUCH,SM,,,,,QUICKTOUCH TECHNOLOGIES L,25.1,25.1,23.2,23.2,23.2,23.95,,23.2,,,12500,310200.0,6,F1,500,,,,,
2026-07-13,2026-07-13,CM,NSE,STK,762854,INE641R01017,QUINT,EQ,,,,,QUINT DIGITAL LTD.,39.3,40.17,37.67,39.37,39.37,39.2,,39.29,,,1721,66721.62,25,F1,1,,,,,
2026-07-13,2026-07-13,CM,NSE,STK,9376,INE033B01011,QUINTEGRA,BE,,,,,QUINTEGRA SOLUTIONS LTD.,1.24,1.36,1.24,1.36,1.36,1.3,,1.36,,,19751,26559.35,16,F1,1,,,,,
2026-07-13,2026-07-13,CM,NSE,STK,24957,INE0KZF01015,QVCEL,SM,,,,,QVC EXPORTS LIMITED,25.15,25.15,22.8,23.95,24.3,24.0,,23.95,,,16000,376000.0,10,F1,1600,,,,,
2026-07-13,2026-07-13,CM,NSE,STK,23043,INE0NQ801033,RKSWAMY,EQ,,,,,R K SWAMY LIMITED,100.8,103.76,100.8,101.58,101.42,103.18,,101.58,,,53098,5440993.12,671,F1,1,,,,,
2026-07-13,2026-07-13,CM,NSE,STK,757834,INE219Y01026,RMDRIP,EQ,,,,,R M DRIP & SPRINK SYS LTD,18.9,19.26,18.67,18.87,18.83,19.37,,18.87,,,1468236,27959584.98,1556,F1,1,,,,,
2026-07-13,2026-07-13,CM,NSE,STK,762864,INE951M01037,RRIL,EQ,,,,,R R I L LTD.,17.06,18.8,17.06,17.68,17.7,17.5,,17.58,,,16973,299409.42,76,F1,1,,,,,
2026-07-13,2026-07-13,CM,NSE,STK,18566,INE777K01022,RRKABEL,EQ,,,,,R R KABEL LIMITED,2193.6,2390.1,2175.0,2374.8,2388.0,2225.7,,2374.7,,,819246,1902703446.8,44188,F1,1,,,,,
2026-07-13,2026-07-13,CM,NSE,STK,762869,INE616F01022,RSDFIN,EQ,,,,,R S D FINANCE LTD.,80.0,80.0,80.0,80.0,80.0,80.0,,80.0,,,2,160.0,1,F1,1,,,,,
2026-07-13,2026-07-13,CM,NSE,STK,13414,INE411H01032,RSYSTEMS,EQ,,,,,R SYS INTERNATIONAL LTD,238.2,253.0,237.61,250.28,250.0,241.86,,251.57,,,1148905,285359262.91,21529,F1,1,,,,,
2026-07-13,2026-07-13,CM,NSE,STK,758981,INE012Q01039,RNBDENIMS,EQ,,,,,R&B DENIMS LIMITED,9.9,10.2,9.9,9.97,9.99,10.14,,9.97,,,306234,3063514.09,843,F1,1,,,,,
2026-07-13,2026-07-13,CM,NSE,STK,8426,INE165B01029,RSSOFTWARE,BE,,,,,R. S. SOFTWARE (INDIA) LI,34.5,34.85,34.34,34.36,34.36,34.17,,34.45,,,6740,232127.1,31,F1,1,,,,,
2026-07-13,2026-07-13,CM,NSE,STK,20760,INE324L01013,RPPINFRA,EQ,,,,,R.P.P INFRA PROJECTS LTD,64.0,67.27,63.0,66.37,65.39,63.22,,66.29,,,70726,4617200.13,1311,F1,1,,,,,
2026-07-13,2026-07-13,CM,NSE,STK,762244,INE2PB023011,RIIT,IV,,,,,RAAJMARG INFRA INVEST T,118.96,118.96,116.16,116.53,116.92,116.62,,116.55,,,69741,8128943.02,3093,F1,1,,,,,
2026-07-13,2026-07-13,CM,NSE,STK,15391,INE084Q01012,RACE,EQ,,,,,RACE ECO CHAIN LIMITED,114.0,114.0,108.01,110.5,110.51,111.3,,110.5,,,12442,1378276.02,74,F1,1,,,,,
2026-07-13,2026-07-13,CM,NSE,STK,9854,INE02OY01016,RILINFRA,SM,,,,,RACHANA INFRA LTD,39.5,40.0,38.0,39.5,40.0,40.1,,39.5,,,15000,584260.0,78,F1,100,,,,,
2026-07-13,2026-07-13,CM,NSE,STK,27171,INE704B01017,RACLGEAR,EQ,,,,,RACL GEARTECH LIMITED,1266.9,1313.8,1254.4,1300.4,1294.0,1267.3,,1300.4,,,12618,16254820.4,1721,F1,1,,,,,
2026-07-13,2026-07-13,CM,NSE,STK,10932,INE874F01027,RADAAN,EQ,,,,,RADAAN MEDIAWORKS (I) LTD,2.91,3.08,2.91,2.94,2.95,2.95,,2.94,,,13757,41086.77,68,F1,1,,,,,
2026-07-13,2026-07-13,CM,NSE,STK,10343,INE583V01021,RADHIKAJWE,EQ,,,,,RADHIKA JEWELTECH LIMITED,61.7,66.6,61.7,63.36,63.6,62.35,,63.36,,,1601400,103357736.0,14054,F1,1,,,,,
2026-07-13,2026-07-13,CM,NSE,STK,13580,INE855R01021,RADIANTCMS,EQ,,,,,RADIANT CASH MGMT SER LTD,38.9,38.9,37.63,37.83,37.71,38.07,,37.83,,,156823,5954984.48,1054,F1,1,,,,,
2026-07-13,2026-07-13,CM,NSE,STK,10990,INE944F01028,RADICO,EQ,,,,,RADICO KHAITAN LTD,4068.8,4093.6,4011.3,4045.4,4028.0,4073.7,,4045.4,,,150502,610452929.0,24904,F1,1,,,,,
2026-07-13,2026-07-13,CM,NSE,STK,23445,INE430U01019,RADIOWALLA,ST,,,,,RADIOWALLA NETWORK LTD,24.65,24.65,24.65,24.65,24.65,24.65,,24.65,,,1600,39440.0,1,F1,1600,,,,,
2026-07-13,2026-07-13,CM,NSE,STK,24735,INE912T01018,RPEL,EQ,,,,,RAGHAV PRODUCTIVITY ENH L,1294.7,1329.9,1285.0,1316.4,1317.5,1294.7,,1316.4,,,55251,72280616.8,4771,F1,1,,,,,
2026-07-13,2026-07-13,CM,NSE,STK,9552,INE415G01027,RVNL,EQ,,,,,RAIL VIKAS NIGAM LIMITED,230.41,231.87,228.65,231.54,231.5,232.67,,231.54,,,4443741,1024231459.93,31520,F1,1,,,,,
2026-07-13,2026-07-13,CM,NSE,STK,2431,INE0DD101019,RAILTEL,EQ,,,,,RAILTEL CORP OF IND LTD,304.4,310.0,302.1,309.0,309.0,307.5,,309.0,,,477773,147028278.05,13024,F1,1,,,,,
2026-07-13,2026-07-13,CM,NSE,STK,15337,INE855B01025,RAIN,EQ,,,,,RAIN INDUSTRIES LIMITED,207.04,218.9,205.55,213.41,213.2,207.05,,213.41,,,9311301,1997575680.88,79206,F1,1,,,,,
2026-07-13,2026-07-13,CM,NSE,STK,9408,INE961O01016,RAINBOW,EQ,,,,,RAINBOW CHILDRENS MED LTD,1462.6,1497.0,1449.3,1483.4,1480.0,1470.4,,1483.2,,,76582,113372822.6,12366,F1,1,,,,,
2026-07-13,2026-07-13,CM,NSE,STK,359,INE294G01026,ROML,EQ,,,,,RAJ OIL MILLS LIMITED,45.5,45.97,44.52,44.94,44.82,45.35,,44.94,,,1274,57145.46,34,F1,1,,,,,
2026-07-13,2026-07-13,CM,NSE,STK,8428,INE533D01032,RAJRILTD,BE,,,,,RAJ RAYON INDUSTRIES LTD,22.09,22.34,21.49,21.96,21.97,21.92,,22.02,,,12757,277029.74,158,F1,1,,,,,
2026-07-13,2026-07-13,CM,NSE,STK,14403,INE952H01027,RAJTV,EQ,,,,,RAJ TV NETWORK LTD,12.0,12.04,11.61,12.0,12.0,12.01,,12.01,,,20711,247246.58,216,F1,1,,,,,
2026-07-13,2026-07-13,CM,NSE,STK,762859,INE296E01026,RAJPALAYAM,EQ,,,,,RAJAPALAYAM MILLS LTD.,828.55,832.0,812.75,822.55,820.0,828.55,,822.5,,,975,803607.25,107,F1,1,,,,,
2026-07-13,2026-07-13,CM,NSE,STK,181,INE610C01014,ARENTERP,EQ,,,,,RAJDARSHAN INDUSTRIES LTD,37.0,37.5,34.6,36.9,36.7,36.74,,36.9,,,1224,45179.99,40,F1,1,,,,,
2026-07-13,2026-07-13,CM,NSE,STK,760461,INE343B01030,RAJESHEXPO,BZ,,,,,RAJESH EXPORTS LTD,93.67,95.49,91.4,91.66,91.4,93.67,,91.37,,,114445,10559593.2,1289,F1,1,,,,,
2026-07-13,2026-07-13,CM,NSE,STK,2168,INE00KV01022,RAJMET,EQ,,,,,RAJNANDINI METAL LIMITED,3.61,3.66,3.58,3.59,3.59,3.62,,3.59,,,207151,747435.59,623,F1,1,,,,,
2026-07-13,2026-07-13,CM,NSE,STK,757052,INE535F01024,RAJOOENG,BE,,,,,RAJOO ENGINEERS LIMITED,50.7,51.0,50.0,50.28,50.99,50.29,,50.27,,,130752,6583805.83,1041,F1,1,,,,,
2026-07-13,2026-07-13,CM,NSE,STK,27269,INE0VHU01019,RAJPUTANA,SM,,,,,RAJPUTANA BIODIESEL LTD,196.0,196.5,194.0,194.0,194.0,207.9,,194.0,,,7000,1371375.0,14,F1,500,,,,,
2026-07-13,2026-07-13,CM,NSE,STK,24707,INE0PCU01012,RAJINDLTD,SM,,,,,RAJPUTANA INDUSTRIES LTD,76.2,79.55,76.05,76.45,76.05,74.5,,76.45,,,34500,2675325.0,23,F1,1500,,,,,
2026-07-13,2026-07-13,CM,NSE,STK,761439,INE313L01016,RSL,EQ,,,,,RAJPUTANA STAINLESS LTD,129.0,129.45,128.0,128.82,129.25,129.15,,128.86,,,80624,10383197.96,684,F1,1,,,,,
2026-07-13,2026-07-13,CM,NSE,STK,18962,INE451D01029,RAJRATAN,EQ,,,,,RAJRATAN GLOBAL WIRE LTD,482.0,495.45,478.0,480.8,480.0,482.05,,480.8,,,116736,56456820.95,4470,F1,1,,,,,
2026-07-13,2026-07-13,CM,NSE,STK,6913,INE760W01023,RPPL,EQ,,,,,RAJSHREE POLYPACK LTD,23.44,23.44,22.38,22.57,22.55,22.79,,22.57,,,140809,3212098.16,1455,F1,1,,,,,
2026-07-13,2026-07-13,CM,NSE,STK,2809,INE562B01019,RAJSREESUG,EQ,,,,,RAJSHREE SUGAR & CHEMICAL,31.34,32.48,31.03,31.88,31.73,31.34,,31.88,,,32384,1030720.53,333,F1,1,,,,,
2026-07-13,2026-07-13,CM,NSE,STK,2816,INE613A01020,RALLIS,EQ,,,,,RALLIS INDIA LTD,228.28,231.99,225.88,230.66,231.65,229.07,,230.67,,,786396,180742445.03,15142,F1,1,,,,,
2026-07-13,2026-07-13,CM,NSE,STK,10485,INE207E01023,RAMRAT,EQ,,,,,RAM RATNA WIRES LIMITED,416.9,432.3,406.6,423.95,426.95,419.05,,423.95,,,168421,71520362.55,4974,F1,1,,,,,
2026-07-13,2026-07-13,CM,NSE,STK,10568,INE809A01032,RAMAPHO,EQ,,,,,RAMA PHOSPHATES LIMITED,123.0,126.77,122.3,125.71,124.5,125.13,,125.68,,,35703,4428941.49,547,F1,1,,,,,
2026-07-13,2026-07-13,CM,NSE,STK,10304,INE230R01035,RAMASTEEL,BE,,,,,RAMA STEEL TUBES LIMITED,4.47,4.58,4.47,4.52,4.51,4.56,,4.52,,,1806228,8156333.01,3859,F1,1,,,,,
2026-07-13,2026-07-13,CM,NSE,STK,757777,INE14W901010,RTL,SM,,,,,RAMA TELECOM LIMITED,77.0,87.5,77.0,83.55,86.0,75.0,,83.55,,,20000,1599200.0,9,F1,2000,,,,,
2026-07-13,2026-07-13,CM,NSE,STK,4587,INE614A01028,RAMCOIND,EQ,,,,,RAMCO INDUSTRIES LIMITED,365.65,382.2,361.95,372.0,373.1,367.75,,372.0,,,520829,194792536.8,11027,F1,1,,,,,
2026-07-13,2026-07-13,CM,NSE,STK,7851,INE246B01019,RAMCOSYS,EQ,,,,,RAMCO SYSTEMS LTD.,806.05,886.15,806.05,886.15,886.15,805.6,,886.15,,,2369609,2042267980.4,52019,F1,1,,,,,
2026-07-13,2026-07-13,CM,NSE,STK,23568,INE0RJH01010,RBS,ST,,,,,RAMDEVBABA SOLVENT LTD,79.0,79.0,76.35,77.5,77.5,80.35,,77.5,,,11200,868080.0,14,F1,800,,,,,
2026-07-13,2026-07-13,CM,NSE,STK,11411,INE399G01023,RKFORGE,EQ,,,,,RAMKRISHNA FORGINGS LTD,565.0,571.5,562.55,565.5,566.0,565.3,,565.5,,,604904,342775476.85,17199,F1,1,,,,,
2026-07-13,2026-07-13,CM,NSE,STK,20134,INE874I01013,RAMKY,EQ,,,,,RAMKY INFRA LTD,404.5,420.0,400.8,403.8,408.8,403.55,,403.8,,,135535,55343801.6,4049,F1,1,,,,,
2026-07-13,2026-07-13,CM,NSE,STK,2837,INE625B01014,RANASUG,EQ,,,,,RANA SUGARS LTD.,11.7,12.34,11.7,12.1,12.19,11.93,,12.1,,,246787,3004281.22,901,F1,1,,,,,
2026-07-13,2026-07-13,CM,NSE,STK,11975,INE050H01012,RML,EQ,,,,,RANE (MADRAS) LIMITED,1282.7,1319.8,1250.0,1254.3,1260.0,1299.6,,1254.3,,,30108,38445777.4,4194,F1,1,,,,,
2026-07-13,2026-07-13,CM,NSE,STK,2844,INE384A01010,RANEHOLDIN,EQ,,,,,RANE HOLDINGS LIMITED,1793.4,1816.5,1745.5,1760.0,1769.0,1793.4,,1760.1,,,15043,26900172.4,2238,F1,1,,,,,
2026-07-13,2026-07-13,CM,NSE,STK,25610,INE0MVO01012,RAPPID,SM,,,,,RAPPID VALVES (INDIA) LTD,270.0,309.0,270.0,307.35,308.5,269.75,,307.35,,,60000,17985000.0,78,F1,600,,,,,
2026-07-13,2026-07-13,CM,NSE,STK,22670,INE0J1F01024,RPTECH,EQ,,,,,RASHI PERIPHERALS LIMITED,777.0,786.95,760.0,778.35,775.0,783.05,,778.35,,,451803,352873343.45,23329,F1,1,,,,,
2026-07-13,2026-07-13,CM,NSE,STK,2866,INE027A01015,RCF,EQ,,,,,RASHTRIYA CHEMICALS & FER,130.1,131.51,129.21,130.82,130.97,131.4,,130.81,,,814200,106333794.13,9511,F1,1,,,,,
2026-07-13,2026-07-13,CM,NSE,STK,7177,INE0CLI01024,RATEGAIN,EQ,,,,,RATEGAIN TRAVEL TECHN LTD,937.25,960.0,931.05,946.7,944.7,944.7,,946.35,,,227121,215533272.0,13345,F1,1,,,,,
2026-07-13,2026-07-13,CM,NSE,STK,13451,INE703B01027,RATNAMANI,EQ,,,,,RATNAMANI MET & TUB LTD.,2690.0,2715.0,2640.5,2656.8,2668.0,2693.8,,2656.8,,,38714,103018576.3,7993,F1,1,,,,,
2026-07-13,2026-07-13,CM,NSE,STK,18423,INE05CZ01011,RATNAVEER,EQ,,,,,RATNAVEER PRECISION ENG L,179.0,183.2,177.25,179.73,180.16,180.01,,179.7,,,432482,77939469.74,5684,F1,1,,,,,
2026-07-13,2026-07-13,CM,NSE,STK,27297,INE834M01019,RTNINDIA,EQ,,,,,RATTANINDIA ENT LIMITED,33.49,33.98,33.01,33.42,33.6,33.57,,33.42,,,1450709,48594949.86,6234,F1,1,,,,,
2026-07-13,2026-07-13,CM,NSE,STK,17520,INE399K01017,RTNPOWER,EQ,,,,,RATTANINDIA POWER LIMITED,8.95,9.12,8.85,9.02,9.06,8.99,,9.02,,,9773782,88071601.01,10466,F1,1,,,,,
2026-07-13,2026-07-13,CM,NSE,STK,20950,INE722J01012,RKDL,EQ,,,,,RAVI KUMAR DIST. LTD.,18.6,19.44,18.5,18.67,18.68,18.86,,18.67,,,11570,215700.54,79,F1,1,,,,,
2026-07-13,2026-07-13,CM,NSE,STK,1565,INE09E501017,RVHL,EQ,,,,,RAVINDER HEIGHTS LIMITED,45.72,45.72,44.54,44.81,45.0,45.03,,44.81,,,9863,443170.71,574,F1,1,,,,,
2026-07-13,2026-07-13,CM,NSE,STK,24596,INE206N01018,RELTD,EQ,,,,,RAVINDRA ENERGY LIMITED,171.9,176.86,171.9,174.71,174.41,174.12,,174.71,,,361445,63173243.62,7341,F1,1,,,,,
2026-07-13,2026-07-13,CM,NSE,STK,25073,INE02ID01020,RAYMONDLSL,EQ,,,,,RAYMOND LIFESTYLE LIMITED,748.95,748.95,736.4,742.35,742.0,743.95,,742.35,,,96797,71686272.9,3391,F1,1,,,,,
2026-07-13,2026-07-13,CM,NSE,STK,2859,INE301A01014,RAYMOND,EQ,,,,,RAYMOND LTD,630.7,634.0,620.0,625.5,626.8,631.7,,625.5,,,348369,218154377.15,9295,F1,1,,,,,
2026-07-13,2026-07-13,CM,NSE,STK,758551,INE1SY401010,RAYMONDREL,EQ,,,,,RAYMOND REALTY LIMITED,693.25,734.9,685.25,722.75,722.5,700.0,,722.75,,,1542748,1108206180.85,38552,F1,1,,,,,
2026-07-13,2026-07-13,CM,NSE,STK,18391,INE976G01028,RBLBANK,EQ,,,,,RBL BANK LIMITED,378.1,382.1,374.95,380.6,382.05,380.65,,380.6,,,4539241,1724912693.65,30079,F1,1,,,,,
2026-07-13,2026-07-13,CM,NSE,STK,13570,INE0NA301016,RBMINFRA,SM,,,,,RBM INFRACON LIMITED,269.05,274.55,268.05,269.85,269.05,268.95,,269.85,,,15000,4054310.0,63,F1,200,,,,,
2026-07-13,2026-07-13,CM,NSE,STK,20874,INE0PEQ01016,RBZJEWEL,EQ,,,,,RBZ JEWELLERS LIMITED,150.9,160.4,150.71,155.5,155.01,154.24,,155.52,,,230311,35942201.5,4402,F1,1,,,,,
2026-07-13,2026-07-13,CM,NSE,STK,29561,INE10QL01011,READYMIX,SM,,,,,READYMIX CONSTRU MACHI L,104.45,104.45,104.45,104.45,104.45,104.45,,104.45,,,1000,104450.0,1,F1,1000,,,,,
2026-07-13,2026-07-13,CM,NSE,STK,15355,INE020B01018,RECLTD,EQ,,,,,REC LIMITED,349.1,352.6,347.3,351.05,351.0,351.95,,351.05,,,3848578,1346491459.5,37162,F1,1,,,,,
2026-07-13,2026-07-13,CM,NSE,STK,14255,INE891D01026,REDINGTON,EQ,,,,,REDINGTON LIMITED,278.0,287.0,275.1,283.3,283.9,280.4,,283.3,,,3032758,856203855.25,42710,F1,1,,,,,
2026-07-13,2026-07-13,CM,NSE,STK,17859,INE0LXT01019,REDTAPE,EQ,,,,,REDTAPE LIMITED,134.01,138.2,134.01,136.46,136.0,135.6,,136.45,,,225464,30859575.45,4676,F1,1,,,,,
2026-07-13,2026-07-13,CM,NSE,STK,17764,INE056I01025,REFEX,EQ,,,,,REFEX INDUSTRIES LIMITED,343.15,349.15,337.95,338.45,338.9,344.75,,338.45,,,379125,129472560.85,6515,F1,1,,,,,
2026-07-13,2026-07-13,CM,NSE,STK,23718,INE0TNX01015,REFRACTORY,SM,,,,,REFRACTORY SHAPES LIMITED,27.9,27.9,25.8,26.05,25.8,27.1,,26.05,,,22000,582150.0,19,F1,1000,,,,,
2026-07-13,2026-07-13,CM,NSE,STK,758682,INE0MHO01029,REGAAL,BE,,,,,REGAAL RESOURCES LIMITED,81.5,82.38,80.5,81.33,81.5,81.09,,81.33,,,60536,4923143.41,261,F1,1,,,,,
2026-07-13,2026-07-13,CM,NSE,STK,4130,INE277C01012,REGENCERAM,EQ,,,,,REGENCY CERAMICS LTD.,38.86,42.4,38.85,39.29,39.26,39.04,,39.29,,,456,18748.69,20,F1,1,,,,,
2026-07-13,2026-07-13,CM,NSE,STK,24225,INE131B01039,RELAXO,EQ,,,,,RELAXO FOOT LTD.,394.8,406.9,390.25,398.85,401.2,394.7,,398.55,,,331090,132997804.85,12332,F1,1,,,,,
2026-07-13,2026-07-13,CM,NSE,STK,3172,INF204KC1030,GILT5YBEES,EQ,,,,,RELCAPAMC - NETFGILT5Y,65.76,66.14,65.75,65.9,65.96,65.9,,65.9,,,376060,24790428.57,522,F1,1,,,,,
2026-07-13,2026-07-13,CM,NSE,STK,24378,INE375Y01018,RELIABLE,EQ,,,,,RELIABLE DATA SERVICE LTD,147.8,147.98,141.15,144.42,143.71,145.08,,144.41,,,10817,1557950.53,313,F1,1,,,,,
2026-07-13,2026-07-13,CM,NSE,STK,9652,INE750D01016,RELCHEMQ,EQ,,,,,RELIANCE CHEMOTEX IND LTD,132.0,134.7,127.5,130.71,127.5,131.18,,130.73,,,4920,645160.49,159,F1,1,,,,,
2026-07-13,2026-07-13,CM,NSE,STK,13188,INE330H01018,RCOM,BE,,,,,RELIANCE COMMUNICATIONS L,0.87,0.88,0.86,0.87,0.87,0.87,,0.88,,,2361484,2059972.54,1775,F1,1,,,,,
2026-07-13,2026-07-13,CM,NSE,STK,759204,INE217K01011,RHFL,BZ,,,,,RELIANCE HOME FINANCE LTD,2.08,2.08,1.99,2.01,2.04,2.04,,2.01,,,637202,1297844.71,786,F1,1,,,,,
2026-07-13,2026-07-13,CM,NSE,STK,2912,INE046A01015,RIIL,EQ,,,,,RELIANCE INDUSTRIAL INFRA,786.85,811.0,781.4,795.2,796.15,793.2,,795.2,,,110396,88051350.0,5526,F1,1,,,,,
2026-07-13,2026-07-13,CM,NSE,STK,2885,INE002A01018,RELIANCE,EQ,,,,,RELIANCE INDUSTRIES LTD,1300.0,1306.4,1295.0,1296.9,1297.0,1307.8,,1296.9,,,9488352,12329316771.2,227014,F1,1,,,,,
2026-07-13,2026-07-13,CM,NSE,STK,4791,INE036A01016,RELINFRA,BE,,,,,RELIANCE INFRASTRUCTU LTD,66.44,66.44,66.44,66.44,66.44,69.93,,66.44,,,957831,63638291.64,1319,F1,1,,,,,
2026-07-13,2026-07-13,CM,NSE,STK,15259,INE614G01033,RPOWER,EQ,,,,,RELIANCE POWER LTD.,24.83,25.25,24.51,24.98,25.15,25.12,,24.98,,,24104630,599174104.82,36514,F1,1,,,,,
2026-07-13,2026-07-13,CM,NSE,STK,15068,INE621H01010,RELIGARE,EQ,,,,,RELIGARE ENTER. LTD.,266.25,270.9,265.1,268.15,268.0,270.45,,268.15,,,394961,105782177.5,8939,F1,1,,,,,
2026-07-13,2026-07-13,CM,NSE,STK,3965,INE474C01023,REMSONSIND,EQ,,,,,REMSONS INDUSTRIES LTD,80.57,81.49,78.25,78.54,78.81,80.8,,78.52,,,166083,13195366.38,2297,F1,1,,,,,
2026-07-13,2026-07-13,CM,NSE,STK,16154,INE0O5T01011,REMUS,SM,,,,,REMUS PHARMACEUTICALS L,740.15,753.45,723.0,730.1,723.0,739.95,,730.1,,,7100,5226655.0,64,F1,100,,,,,
2026-07-13,2026-07-13,CM,NSE,STK,15129,INE722H01024,RGL,EQ,,,,,RENAISSANCE GLOBAL LTD,117.43,120.19,117.43,119.43,119.05,119.14,,119.4,,,177935,21138779.43,1763,F1,1,,,,,
2026-07-13,2026-07-13,CM,NSE,STK,29598,INE612J01015,REPCOHOME,EQ,,,,,REPCO HOME FINANCE LTD,401.85,421.7,400.0,419.7,420.45,409.05,,419.65,,,149781,61878583.1,4958,F1,1,,,,,
2026-07-13,2026-07-13,CM,NSE,STK,13126,INE461B01014,REPRO,EQ,,,,,REPRO INDIA LIMITED,374.0,374.0,363.55,369.7,371.9,363.6,,369.7,,,7144,2629700.3,344,F1,1,,,,,
2026-07-13,2026-07-13,CM,NSE,STK,20323,INE688D01026,RESPONIND,EQ,,,,,RESPONSIVE INDUSTRIES LTD,185.2,190.94,185.2,188.1,187.07,188.36,,188.14,,,63362,11940850.96,1770,F1,1,,,,,
2026-07-13,2026-07-13,CM,NSE,STK,1494,INE07T201019,RBA,EQ,,,,,RESTAURANT BRAND ASIA LTD,73.29,73.77,72.2,72.57,72.66,73.52,,72.57,,,2357350,171952573.83,24850,F1,1,,,,,
2026-07-13,2026-07-13,CM,NSE,STK,25157,INE0DAB01012,RVTH,EQ,,,,,REVATHI EQUIPMENT INDIA L,722.4,739.0,704.0,714.8,709.95,722.4,,714.75,,,2641,1878843.4,142,F1,1,,,,,
2026-07-13,2026-07-13,CM,NSE,STK,29270,INE113601012,REXPRO,SM,,,,,REXPRO ENTERPRISES LTD,40.0,40.0,40.0,40.0,40.0,40.0,,40.0,,,1000,40000.0,1,F1,1000,,,,,
2026-07-13,2026-07-13,CM,NSE,STK,763468,INE0V2V01015,RFBL,ST,,,,,RFBL FLEXI PACK LIMITED,89.45,89.45,89.45,89.45,89.45,94.15,,89.45,,,6000,536700.0,2,F1,3000,,,,,
2026-07-13,2026-07-13,CM,NSE,STK,759062,INE0KKN01029,RHETAN,EQ,,,,,RHETAN TMT LIMITED,27.0,27.06,26.21,26.58,26.51,26.68,,26.58,,,2493347,67056077.6,2594,F1,1,,,,,
2026-07-13,2026-07-13,CM,NSE,STK,31163,INE743M01012,RHIM,EQ,,,,,RHI MAGNESITA INDIA LTD,419.15,427.3,412.2,413.2,415.0,420.35,,413.2,,,826023,345592743.3,15484,F1,1,,,,,
2026-07-13,2026-07-13,CM,NSE,STK,8212,INE0J1P01015,RICHA,ST,,,,,RICHA INFO SYSTEMS LTD,95.0,95.0,93.0,93.0,93.0,94.0,,93.0,,,76000,7071800.0,5,F1,1000,,,,,
2026-07-13,2026-07-13,CM,NSE,STK,2909,INE209B01025,RICOAUTO,EQ,,,,,RICO AUTO INDUSTRIES LTD,132.49,132.78,130.5,131.46,132.16,132.94,,131.43,,,665950,87628250.14,6580,F1,1,,,,,
2026-07-13,2026-07-13,CM,NSE,STK,18417,INE0N2P01017,RISHABH,EQ,,,,,RISHABH INSTRUMENTS LTD,660.2,671.9,648.55,659.9,660.0,662.1,,659.9,,,182192,120379306.75,8959,F1,1,,,,,
2026-07-13,2026-07-13,CM,NSE,STK,8944,INE01EG01016,RITCO,EQ,,,,,RITCO LOGISTICS LIMITED,255.55,269.0,255.0,263.6,263.4,256.9,,263.6,,,112391,29467152.55,1814,F1,1,,,,,
2026-07-13,2026-07-13,CM,NSE,STK,3761,INE320J01015,RITES,EQ,,,,,RITES LIMITED,228.43,228.85,224.5,226.65,226.02,226.62,,226.65,,,1524511,345155181.66,21643,F1,1,,,,,
2026-07-13,2026-07-13,CM,NSE,STK,1547,INE786W01010,RKEC,EQ,,,,,RKEC PROJECTS LIMITED,28.5,28.5,27.12,27.61,28.27,28.05,,27.61,,,16674,463758.41,316,F1,1,,,,,
2026-07-13,2026-07-13,CM,NSE,STK,762346,INE655V01019,RMC,EQ,,,,,RMC SWITCHGEARS LIMITED,301.95,301.95,293.15,294.5,294.05,301.5,,294.5,,,36536,10804848.5,1135,F1,1,,,,,
2026-07-13,2026-07-13,CM,NSE,STK,24589,INE0SA001017,RNFI,SM,,,,,RNFI SERVICES LIMITED,250.0,260.0,248.25,248.5,248.3,247.6,,248.5,,,39000,9923580.0,47,F1,600,,,,,
2026-07-13,2026-07-13,CM,NSE,STK,15157,INE508K01013,RHL,EQ,,,,,ROBUST HOTELS LIMITED,175.25,179.4,168.01,173.91,176.0,178.63,,173.91,,,25586,4484837.08,240,F1,1,,,,,
2026-07-13,2026-07-13,CM,NSE,STK,20289,INE0PTR01012,ROCKINGDCE,SM,,,,,ROCKINGDEALS CIRCU ECO L,180.0,180.0,180.0,180.0,180.0,181.6,,180.0,,,1750,315000.0,3,F1,250,,,,,
2026-07-13,2026-07-13,CM,NSE,STK,5279,INE645S01024,ROLEXRINGS,EQ,,,,,ROLEX RINGS LIMITED,139.01,145.0,139.01,143.96,144.01,141.07,,143.96,,,724254,103040948.14,6521,F1,1,,,,,
2026-07-13,2026-07-13,CM,NSE,STK,19108,INE927A01040,ROLLT,BE,,,,,ROLLATAINERS LIMITED,2.22,2.28,2.22,2.22,2.22,2.33,,2.18,,,70378,156588.36,132,F1,1,,,,,
2026-07-13,2026-07-13,CM,NSE,STK,19410,INE02A801020,ROSSARI,EQ,,,,,ROSSARI BIOTECH LIMITED,524.2,534.0,513.55,528.5,528.0,524.2,,528.45,,,71096,37449595.9,3145,F1,1,,,,,
2026-07-13,2026-07-13,CM,NSE,STK,28913,INE847C01020,ROSSELLIND,EQ,,,,,ROSSELL INDIA LIMITED,56.26,57.8,56.2,56.84,56.48,56.25,,56.82,,,11801,668407.92,367,F1,1,,,,,
2026-07-13,2026-07-13,CM,NSE,STK,27353,INE0OJW01016,ROSSTECH,EQ,,,,,ROSSELL TECHSYS LIMITED,1012.85,1064.0,999.9,1025.25,1020.3,1011.5,,1025.3,,,227718,236744177.65,15519,F1,1,,,,,
2026-07-13,2026-07-13,CM,NSE,STK,9049,INE535D01037,ROTO,EQ,,,,,ROTO PUMPS LIMITED,67.75,69.0,67.01,68.32,68.1,69.23,,68.31,,,533515,36323952.2,3867,F1,1,,,,,
2026-07-13,2026-07-13,CM,NSE,STK,128,INE450U01017,ROUTE,EQ,,,,,ROUTE MOBILE LIMITED,546.0,589.45,538.0,582.85,584.0,546.25,,582.85,,,2194753,1263690658.3,64397,F1,1,,,,,
2026-07-13,2026-07-13,CM,NSE,STK,20170,INE0PDJ01013,ROXHITECH,ST,,,,,ROX HI TECH LIMITED,38.65,39.2,37.55,37.55,37.55,37.35,,37.55,,,17600,677040.0,11,F1,1600,,,,,
2026-07-13,2026-07-13,CM,NSE,STK,13182,INE283H01019,ROHLTD,EQ,,,,,ROYAL ORCHID HOTELS LTD,326.6,329.2,322.05,325.3,324.5,326.7,,325.3,,,13431,4372114.45,750,F1,1,,,,,
2026-07-13,2026-07-13,CM,NSE,STK,16725,INE105J01010,RPGLIFE,EQ,,,,,RPG LIFE SCIENCES LTD,2823.6,2956.0,2803.5,2822.9,2806.2,2856.9,,2822.7,,,65828,189712140.1,9069,F1,1,,,,,
2026-07-13,2026-07-13,CM,NSE,STK,8119,INE425Y01011,RPSGVENT,EQ,,,,,RPSG VENTURES LIMITED,883.05,911.85,883.05,907.0,908.0,893.45,,907.0,,,20504,18517716.45,1126,F1,1,,,,,
2026-07-13,2026-07-13,CM,NSE,STK,7292,INE611A01016,RSWM,BE,,,,,RSWM LIMITED,193.0,203.9,193.0,201.7,202.0,199.29,,202.09,,,58299,11733446.98,343,F1,1,,,,,
2026-07-13,2026-07-13,CM,NSE,STK,24730,INE642C01025,RUBFILA,EQ,,,,,RUBFILA INTERNATIONAL LTD,74.0,75.7,74.0,74.16,74.08,75.75,,74.18,,,4735,353141.95,228,F1,1,,,,,
2026-07-13,2026-07-13,CM,NSE,STK,759316,INE506V01022,RUBICON,EQ,,,,,RUBICON RESEARCH LIMITED,1431.0,1480.5,1413.4,1438.2,1439.2,1431.4,,1438.2,,,319770,462068802.9,19113,F1,1,,,,,
2026-07-13,2026-07-13,CM,NSE,STK,4566,INE413B01023,RUCHINFRA,EQ,,,,,RUCHI INFRASTRUCTURE LTD,5.8,5.8,5.7,5.79,5.79,5.81,,5.79,,,26903,155474.45,156,F1,1,,,,,
2026-07-13,2026-07-13,CM,NSE,STK,13821,INE803H01014,RUCHIRA,EQ,,,,,RUCHIRA PAPERS LIMITED,105.77,105.88,103.5,104.93,104.06,105.77,,104.93,,,19990,2090241.45,518,F1,1,,,,,
2026-07-13,2026-07-13,CM,NSE,STK,760401,INE027T01023,RUDRA,BE,,,,,RUDRA GLOBAL INFRA PROD L,17.65,17.65,17.03,17.35,17.36,17.3,,17.35,,,11498,197390.94,54,F1,1,,,,,
2026-07-13,2026-07-13,CM,NSE,STK,1486,INE364Z01019,REPL,BE,,,,,RUDRABHISHEK ENTERP LTD,61.32,66.65,61.32,66.46,66.46,64.0,,66.46,,,2261,148732.09,37,F1,1,,,,,
2026-07-13,2026-07-13,CM,NSE,STK,23830,INE0R7301013,RULKA,SM,,,,,RULKA ELECTRICALS LIMITED,104.0,120.3,104.0,117.9,118.0,101.0,,117.9,,,37200,4249095.0,109,F1,300,,,,,
2026-07-13,2026-07-13,CM,NSE,STK,25724,INE895B01021,RUPA,EQ,,,,,RUPA & COMPANY LTD,167.8,173.25,166.5,172.02,172.0,169.73,,171.99,,,183258,31379653.01,3637,F1,1,,,,,
2026-07-13,2026-07-13,CM,NSE,STK,24595,INE573K01025,RUSHIL,EQ,,,,,RUSHIL DECOR LIMITED,15.92,16.31,15.1,15.8,15.6,16.12,,15.8,,,1125249,17738756.28,3204,F1,1,,,,,
2026-07-13,2026-07-13,CM,NSE,STK,24674,INE0BSN01013,SATECH,SM,,,,,S A TECH SOFTWARE INDIA L,37.0,37.0,35.5,35.5,35.5,35.5,,35.5,,,7000,254450.0,7,F1,1000,,,,,
2026-07-13,2026-07-13,CM,NSE,STK,20698,INE807K01035,SCHAND,EQ,,,,,S CHAND AND COMPANY LTD,149.04,152.89,148.0,152.11,152.0,149.04,,152.06,,,66258,10007873.91,1193,F1,1,,,,,
2026-07-13,2026-07-13,CM,NSE,STK,11212,INE500L01026,SHK,EQ,,,,,S H KELKAR AND CO. LTD.,130.92,131.7,126.2,130.2,130.3,130.92,,130.2,,,356248,46301642.12,6459,F1,1,,,,,
2026-07-13,2026-07-13,CM,NSE,STK,20542,INE0F3301020,SJLOGISTIC,SM,,,,,S J LOGISTICS (INDIA) LTD,337.6,340.0,334.6,339.5,339.5,336.6,,339.5,,,13000,4387075.0,46,F1,250,,,,,
2026-07-13,2026-07-13,CM,NSE,STK,2951,INE902B01017,S&SPOWER,EQ,,,,,S&S POWER SWITCHGEARS LTD,355.1,364.35,351.0,361.0,361.0,368.5,,361.0,,,1933,691003.15,64,F1,1,,,,,
2026-07-13,2026-07-13,CM,NSE,STK,18252,INE212I01016,SPAL,EQ,,,,,S. P. APPARELS LIMITED,1150.0,1165.2,1118.5,1124.8,1122.0,1159.7,,1124.7,,,89293,101486460.1,5978,F1,1,,,,,
2026-07-13,2026-07-13,CM,NSE,STK,11637,INE658G01014,SALSTEEL,BE,,,,,S.A.L. STEEL LTD.,55.1,57.84,55.1,57.07,57.36,56.2,,57.08,,,19601,1107901.8,321,F1,1,,,,,
2026-07-13,2026-07-13,CM,NSE,STK,19112,INE0PSK01027,SAAKSHI,ST,,,,,SAAKSHI MEDTEC N PANELS L,293.0,302.4,293.0,302.4,302.4,295.05,,302.4,,,7200,2143620.0,12,F1,600,,,,,
2026-07-13,2026-07-13,CM,NSE,STK,759057,INE13B501022,SAATVIKGL,EQ,,,,,SAATVIK GREEN ENERGY LTD,448.0,452.6,439.55,449.25,450.75,449.2,,449.3,,,80599,36078386.5,2567,F1,1,,,,,
2026-07-13,2026-07-13,CM,NSE,STK,18501,INE860T01019,SABEVENTS,BE,,,,,SAB EVENTS & GOVERNANCE,9.2,9.5,8.74,8.74,8.74,9.2,,8.74,,,92831,834321.72,56,F1,1,,,,,
2026-07-13,2026-07-13,CM,NSE,STK,10982,INE0DZ101013,SABAR,SM,,,,,SABAR FLEX INDIA LIMITED,4.35,4.5,4.35,4.35,4.35,4.55,,4.35,,,75000,327750.0,14,F1,5000,,,,,
2026-07-13,2026-07-13,CM,NSE,STK,757409,INE1ARD01016,SACHEEROME,SM,,,,,SACHEEROME LIMITED,381.05,426.45,381.05,415.75,413.7,391.5,,415.75,,,42000,17388855.0,121,F1,300,,,,,
2026-07-13,2026-07-13,CM,NSE,STK,13236,INE226H01026,SADBHAV,EQ,,,,,SADBHAV ENGINEERING LTD,8.45,8.55,8.31,8.4,8.38,8.35,,8.41,,,103026,866158.67,236,F1,1,,,,,
2026-07-13,2026-07-13,CM,NSE,STK,10622,INE764L01010,SADBHIN,BE,,,,,SADBHAV INFRA PROJ LTD.,2.74,2.76,2.61,2.65,2.68,2.74,,2.65,,,307002,808431.85,237,F1,1,,,,,
2026-07-13,2026-07-13,CM,NSE,STK,15349,INE888C01040,SADHNANIQ,BE,,,,,SADHANA NITROCHEM LIMITED,2.74,2.74,2.69,2.69,2.69,2.74,,2.68,,,1276990,3450344.28,393,F1,1,,,,,
2026-07-13,2026-07-13,CM,NSE,STK,22897,INE0K5H01010,SADHAV,SM,,,,,SADHAV SHIPPING LIMITED,115.0,117.0,114.2,114.85,114.55,116.0,,114.85,,,9000,1037760.0,15,F1,600,,,,,
2026-07-13,2026-07-13,CM,NSE,STK,13035,INE429E01023,SAFARI,EQ,,,,,SAFARI IND (INDIA) LTD,1620.0,1696.0,1609.8,1683.5,1675.0,1631.2,,1683.7,,,45063,75089879.3,6418,F1,1,,,,,
2026-07-13,2026-07-13,CM,NSE,STK,757583,INE17D601016,SAFEENTP,SM,,,,,SAFE ENTER RETAIL FIX LTD,280.1,285.95,270.0,277.25,277.0,279.95,,277.25,,,85000,23407800.0,82,F1,500,,,,,
2026-07-13,2026-07-13,CM,NSE,STK,14068,INE229C01021,SAGCEM,EQ,,,,,SAGAR CEMENTS LIMITED,180.58,181.0,177.72,178.73,179.0,180.58,,178.73,,,42515,7624759.95,786,F1,1,,,,,
2026-07-13,2026-07-13,CM,NSE,STK,8175,INE976T01013,SAGARDEEP,EQ,,,,,SAGARDEEP ALLOYS LIMITED,26.6,26.6,23.75,24.03,24.01,24.47,,24.03,,,3177,77748.01,67,F1,1,,,,,
2026-07-13,2026-07-13,CM,NSE,STK,27052,INE0W2G01015,SAGILITY,EQ,,,,,SAGILITY LIMITED,42.0,42.5,41.74,42.03,42.04,42.53,,42.03,,,16755085,706162217.73,35260,F1,1,,,,,
2026-07-13,2026-07-13,CM,NSE,STK,24478,INE0P4701011,SAHAJSOLAR,SM,,,,,SAHAJ SOLAR LIMITED,122.0,124.35,120.75,122.2,124.35,123.9,,122.2,,,6800,830540.0,17,F1,400,,,,,
2026-07-13,2026-07-13,CM,NSE,STK,16711,INE0LEX01011,SAHANA,SM,,,,,SAHANA SYSTEM LIMITED,853.0,956.0,840.1,928.6,920.0,852.1,,928.6,,,34375,30890943.75,176,F1,125,,,,,
2026-07-13,2026-07-13,CM,NSE,STK,25671,INE0RBQ01018,SAHASRA,ST,,,,,SAHASRA ELECTRONIC SOLU L,292.25,296.0,292.25,296.0,296.0,297.25,,296.0,,,16000,4693800.0,38,F1,400,,,,,
2026-07-13,2026-07-13,CM,NSE,STK,14900,INE280H01015,SAHYADRI,EQ,,,,,SAHYADRI INDUSTRIES LTD,272.0,278.9,272.0,278.65,278.6,277.55,,278.65,,,4907,1353718.75,140,F1,1,,,,,
2026-07-13,2026-07-13,CM,NSE,STK,27839,INE570L01029,SAILIFE,EQ,,,,,SAI LIFE SCIENCES LIMITED,1269.0,1288.0,1255.0,1272.1,1269.9,1265.0,,1272.1,,,548445,697538305.7,36903,F1,1,,,,,
2026-07-13,2026-07-13,CM,NSE,STK,761675,INE0H9F01037,SAIPARENT,EQ,,,,,SAI PARENTERALS LIMITED,594.0,594.7,581.0,586.15,587.0,588.1,,586.1,,,108439,63472857.45,3838,F1,1,,,,,
2026-07-13,2026-07-13,CM,NSE,STK,18755,INE438K01021,KALAMANDIR,EQ,,,,,SAI SILKS (KALAMANDIR) L,100.4,102.05,99.21,101.85,101.88,101.05,,101.87,,,574754,58035808.37,7954,F1,1,,,,,
2026-07-13,2026-07-13,CM,NSE,STK,25712,INE00MT01022,SAJHOTELS,SM,,,,,SAJ HOTELS LIMITED,27.5,27.6,27.0,27.25,27.05,27.7,,27.25,,,80000,2168900.0,24,F1,2000,,,,,
2026-07-13,2026-07-13,CM,NSE,STK,9539,INE732S01012,SAKAR,EQ,,,,,SAKAR HEALTHCARE LIMITED,842.0,875.0,822.4,863.5,865.0,824.5,,863.5,,,294840,253431721.1,13376,F1,1,,,,,
2026-07-13,2026-07-13,CM,NSE,STK,11794,INE667G01023,SAKSOFT,EQ,,,,,SAKSOFT LIMITED,178.24,188.16,174.78,185.02,184.98,171.06,,185.03,,,8883598,1632207205.87,54691,F1,1,,,,,
2026-07-13,2026-07-13,CM,NSE,STK,2969,INE623A01011,SAKHTISUG,EQ,,,,,SAKTHI SUGARS LTD,17.2,17.2,16.3,16.67,16.6,16.76,,16.67,,,92614,1556906.08,637,F1,1,,,,,
2026-07-13,2026-07-13,CM,NSE,STK,13255,INE190H01024,SAKUMA,BE,,,,,SAKUMA EXPORTS LIMITED,1.76,1.78,1.71,1.77,1.78,1.72,,1.77,,,486422,848938.2,714,F1,1,,,,,
2026-07-13,2026-07-13,CM,NSE,STK,21362,INE170V01027,SALASAR,EQ,,,,,SALASAR TECHNO ENGG. LTD.,6.15,6.25,6.08,6.14,6.14,6.18,,6.14,,,3733002,22989054.38,3070,F1,1,,,,,
2026-07-13,2026-07-13,CM,NSE,STK,17351,INE498E01010,SALONA,EQ,,,,,SALONA COTSPIN LTD.,252.65,261.0,250.1,255.4,255.05,252.65,,253.65,,,366,92191.25,21,F1,1,,,,,
2026-07-13,2026-07-13,CM,NSE,STK,11399,INE457F01013,SALZERELEC,EQ,,,,,SALZER ELECTRONICS LTD,609.0,618.8,605.7,614.8,613.25,613.4,,614.45,,,15172,9325738.5,1127,F1,1,,,,,
2026-07-13,2026-07-13,CM,NSE,STK,756851,INE124101010,SAMAY,ST,,,,,SAMAY PROJECT SERVICES L,46.0,46.0,46.0,46.0,46.0,47.5,,46.0,,,4000,184000.0,1,F1,4000,,,,,
2026-07-13,2026-07-13,CM,NSE,STK,4127,INE699B01027,SAMBHAAV,EQ,,,,,SAMBHAAV MEDIA LTD,6.4,6.74,6.01,6.37,6.38,6.34,,6.37,,,20168,128899.96,100,F1,1,,,,,
2026-07-13,2026-07-13,CM,NSE,STK,757767,INE12NJ01018,SAMBHV,EQ,,,,,SAMBHV STEEL TUBES LTD,118.0,122.4,117.11,120.92,120.69,118.65,,120.91,,,1370970,165398565.33,7395,F1,1,,,,,
2026-07-13,2026-07-13,CM,NSE,STK,21096,INE0PZA01015,SAIFL,SM,,,,,SAMEERA AGRO AND INFRA L,5.15,5.15,5.05,5.05,5.05,5.15,,5.05,,,172000,876800.0,40,F1,4000,,,,,
2026-07-13,2026-07-13,CM,NSE,STK,18614,INE08U801020,SAMHI,EQ,,,,,SAMHI HOTELS LIMITED,172.35,179.0,171.66,178.06,178.49,173.08,,178.07,,,1616585,285910646.59,18688,F1,1,,,,,
2026-07-13,2026-07-13,CM,NSE,STK,30125,INE148I01020,SAMMAANCAP,EQ,,,,,SAMMAAN CAPITAL LIMITED,164.9,166.24,162.8,164.91,165.01,166.46,,164.91,,,4884710,804419982.27,20109,F1,1,,,,,
2026-07-13,2026-07-13,CM,NSE,STK,27303,INE735M01018,SAMPANN,EQ,,,,,SAMPANN UTPADAN INDIA LTD,28.6,28.6,27.7,28.36,27.92,27.9,,28.35,,,15534,435313.37,280,F1,1,,,,,
2026-07-13,2026-07-13,CM,NSE,STK,4204,INE775A01035,MOTHERSON,EQ,,,,,SAMVRDHNA MTHRSN INTL LTD,142.05,144.75,141.06,144.06,144.25,143.19,,144.06,,,14294629,2042339685.85,61496,F1,1,,,,,
2026-07-13,2026-07-13,CM,NSE,STK,28805,INE0JPD01013,SANATHAN,EQ,,,,,SANATHAN TEXTILES LIMITED,444.0,452.15,442.6,443.75,447.7,445.05,,443.75,,,17104,7643231.5,827,F1,1,,,,,
2026-07-13,2026-07-13,CM,NSE,STK,2988,INE583B01015,SANDESH,EQ,,,,,SANDESH LTD,987.0,1005.0,982.6,994.5,1005.0,980.85,,994.5,,,1322,1316098.85,53,F1,1,,,,,
2026-07-13,2026-07-13,CM,NSE,STK,2397,INE278H01035,SANDHAR,EQ,,,,,SANDHAR TECHNOLOGIES LTD,670.05,679.8,648.15,667.1,667.3,672.5,,667.1,,,149530,100208026.95,7181,F1,1,,,,,
2026-07-13,2026-07-13,CM,NSE,STK,18359,INE149K01016,SANDUMA,EQ,,,,,SANDUR MANG & IRON ORES L,202.5,205.39,200.55,203.25,203.0,203.33,,203.24,,,826732,167491963.29,12190,F1,1,,,,,
2026-07-13,2026-07-13,CM,NSE,STK,4184,INE495C01010,SANGAMIND,EQ,,,,,SANGAM (INDIA) LTD,559.0,641.0,554.0,622.55,627.0,558.75,,622.5,,,3455676,2143651144.2,95608,F1,1,,,,,
2026-07-13,2026-07-13,CM,NSE,STK,14058,INE989A01032,SANGHVIMOV,EQ,,,,,SANGHVI MOVERS LTD,459.9,470.5,434.2,436.7,439.0,459.25,,436.7,,,725570,324073680.15,20708,F1,1,,,,,
2026-07-13,2026-07-13,CM,NSE,STK,11033,INE753W01010,SANGINITA,BE,,,,,SANGINITA CHEMICALS LTD,51.61,51.61,51.61,51.61,51.61,50.6,,51.61,,,148289,7653195.29,270,F1,1,,,,,
2026-07-13,2026-07-13,CM,NSE,STK,25222,INE0UOS01011,SANOFICONR,EQ,,,,,SANOFI CONS HEALTHC IND L,4512.6,4600.0,4512.6,4588.0,4600.0,4566.7,,4587.5,,,2301,10523967.9,780,F1,1,,,,,
2026-07-13,2026-07-13,CM,NSE,STK,1442,INE058A01010,SANOFI,EQ,,,,,SANOFI INDIA LIMITED,3402.0,3449.8,3336.0,3343.7,3345.0,3401.9,,3343.7,,,48793,163678438.6,6854,F1,1,,,,,
2026-07-13,2026-07-13,CM,NSE,STK,5751,INE953O01021,SANSERA,EQ,,,,,SANSERA ENGINEERING LTD,3301.0,3361.5,3260.0,3281.2,3274.9,3304.0,,3281.2,,,256819,851023009.8,35277,F1,1,,,,,
2026-07-13,2026-07-13,CM,NSE,STK,24582,INE08NE01025,SANSTAR,EQ,,,,,SANSTAR LIMITED,112.59,113.9,111.5,113.52,113.33,113.22,,113.52,,,117190,13258192.54,2477,F1,1,,,,,
2026-07-13,2026-07-13,CM,NSE,STK,46,INE890C01046,SANWARIA,BZ,,,,,SANWARIA CONSUMER LIMITED,0.2,0.2,0.19,0.19,0.19,0.19,,0.19,,,731650,144621.55,168,F1,1,,,,,
2026-07-13,2026-07-13,CM,NSE,STK,6718,INE806T01020,SAPPHIRE,EQ,,,,,SAPPHIRE FOODS INDIA LTD,181.49,189.24,172.2,186.97,187.0,182.65,,186.97,,,859678,160451130.23,17274,F1,1,,,,,
2026-07-13,2026-07-13,CM,NSE,STK,19863,INE0PUC01020,SARTELE,SM,,,,,SAR TELEVENTURE LIMITED,133.5,133.5,128.0,128.95,130.0,130.15,,128.95,,,71500,9278875.0,116,F1,500,,,,,
2026-07-13,2026-07-13,CM,NSE,STK,762985,INE967G01019,ZSARACOM,EQ,,,,,SARASWATI COMM (INDIA) L,13200.0,13499.5,12750.0,13168.5,13249.0,13076.5,,13167.0,,,172,2255489.0,98,F1,1,,,,,
2026-07-13,2026-07-13,CM,NSE,STK,24856,INE0PQ101010,SSDL,EQ,,,,,SARASWATI SAREE DEPOT LTD,56.0,56.14,55.12,55.45,55.4,55.73,,55.39,,,26843,1492193.22,722,F1,1,,,,,
2026-07-13,2026-07-13,CM,NSE,STK,17758,INE385C01021,SARDAEN,EQ,,,,,SARDA ENERGY & MIN LTD,501.2,502.85,493.5,500.05,500.85,500.95,,500.05,,,180695,89987357.3,7535,F1,1,,,,,
2026-07-13,2026-07-13,CM,NSE,STK,4892,INE979A01025,SAREGAMA,EQ,,,,,SAREGAMA INDIA LIMITED,479.1,503.0,470.15,498.5,498.0,479.2,,498.55,,,822815,406535221.15,26109,F1,1,,,,,
2026-07-13,2026-07-13,CM,NSE,STK,14043,INE453D01025,SARLAPOLY,EQ,,,,,SARLA PERF. FIBERS LTD,101.8,106.98,101.56,105.95,106.3,102.74,,105.93,,,92213,9693239.06,1302,F1,1,,,,,
2026-07-13,2026-07-13,CM,NSE,STK,6843,INE017W01010,SMLT,EQ,,,,,SARTHAK METALS LIMITED,70.89,70.89,67.01,67.76,68.55,68.0,,67.76,,,3745,254949.25,140,F1,1,,,,,
2026-07-13,2026-07-13,CM,NSE,STK,12950,INE324X01026,SARVESHWAR,BE,,,,,SARVESHWAR FOODS LIMITED,3.64,3.64,3.55,3.6,3.62,3.58,,3.6,,,712752,2555475.91,1121,F1,1,,,,,
2026-07-13,2026-07-13,CM,NSE,STK,11983,INE231F01020,SASKEN,EQ,,,,,SASKEN TECHNOLOGIES LTD,2040.0,2118.0,2022.1,2076.0,2070.1,2055.9,,2076.0,,,28926,60021929.9,4900,F1,1,,,,,
2026-07-13,2026-07-13,CM,NSE,STK,29154,INE0NB801022,SATKARTAR,ST,,,,,SAT KARTAR LIFE LIMITED,133.1,137.9,133.1,135.0,135.0,134.1,,135.0,,,17600,2394520.0,22,F1,800,,,,,
2026-07-13,2026-07-13,CM,NSE,STK,24697,INE0RFP01011,SSEGL,SM,,,,,SATHLOKHAR SYN E&C GLOB L,322.5,345.0,320.0,329.95,331.0,320.15,,329.95,,,54600,18229080.0,232,F1,200,,,,,
2026-07-13,2026-07-13,CM,NSE,STK,24507,INE0RPM01017,SATIPOLY,ST,,,,,SATI POLY PLAST LIMITED,33.95,35.6,33.95,35.6,35.6,33.95,,35.6,,,1500,51750.0,2,F1,500,,,,,
2026-07-13,2026-07-13,CM,NSE,STK,11045,INE170E01023,SATIA,EQ,,,,,SATIA INDUSTRIES LIMITED,54.51,55.94,54.4,55.39,55.17,55.43,,55.39,,,55529,3057556.5,2213,F1,1,,,,,
2026-07-13,2026-07-13,CM,NSE,STK,10453,INE836B01017,SATIN,EQ,,,,,SATIN CREDIT NET LTD,257.0,270.89,254.55,267.19,268.5,256.68,,267.19,,,1487037,397807717.03,22071,F1,1,,,,,
2026-07-13,2026-07-13,CM,NSE,STK,758960,INE14DW01018,SATTVAENGG,SM,,,,,SATTVA ENGINEERING CSTN L,74.0,76.5,74.0,76.5,76.5,74.05,,76.5,,,65600,4963200.0,41,F1,1600,,,,,
2026-07-13,2026-07-13,CM,NSE,STK,3018,INE626A01014,SAURASHCEM,EQ,,,,,SAURASHTRA CEMENT LIMITED,55.13,55.65,54.0,54.43,54.16,55.2,,54.45,,,67664,3708794.72,706,F1,1,,,,,
2026-07-13,2026-07-13,CM,NSE,STK,3021,INE035D01020,SOTL,EQ,,,,,SAVITA OIL TECHNOLO. LTD,606.05,611.9,587.9,597.45,600.6,607.45,,597.45,,,192191,115421928.35,8856,F1,1,,,,,
2026-07-13,2026-07-13,CM,NSE,STK,758444,INE10VS01016,SAWALIYA,SM,,,,,SAWALIYA FOOD PRODUCTS L,303.0,303.0,300.0,300.6,300.6,301.6,,300.6,,,23400,7028700.0,14,F1,600,,,,,
2026-07-13,2026-07-13,CM,NSE,STK,762879,INE318C01014,SAYAJIHOTL,EQ,,,,,SAYAJI HOTELS LTD.,310.0,310.0,310.0,310.0,310.0,300.0,,311.4,,,2,620.0,2,F1,1,,,,,
2026-07-13,2026-07-13,CM,NSE,STK,6792,INE04AK01028,SBC,EQ,,,,,SBC EXPORTS LIMITED,42.38,42.49,42.06,42.17,42.16,42.38,,42.17,,,7619573,322468068.31,4211,F1,1,,,,,
2026-07-13,2026-07-13,CM,NSE,STK,18026,INE423Y01016,SBFC,EQ,,,,,SBFC FINANCE LIMITED,91.75,93.25,90.4,92.9,92.96,91.96,,92.9,,,1245605,115313657.21,14226,F1,1,,,,,
2026-07-13,2026-07-13,CM,NSE,STK,17971,INE018E01016,SBICARD,EQ,,,,,SBI CARDS & PAY SER LTD,605.95,620.4,602.55,618.7,618.9,611.65,,618.7,,,1002161,616634212.15,28933,F1,1,,,,,
2026-07-13,2026-07-13,CM,NSE,STK,21808,INE123W01016,SBILIFE,EQ,,,,,SBI LIFE INSURANCE CO LTD,1850.0,1861.0,1832.1,1855.9,1858.4,1862.9,,1855.9,,,455392,843294927.0,25973,F1,1,,,,,
2026-07-13,2026-07-13,CM,NSE,STK,17272,INF200KA16D8,SETFGOLD,EQ,,,,,SBI-ETF GOLD,124.9,124.9,120.0,120.67,120.5,121.86,,120.67,,,4017630,484372813.13,16789,F1,1,,,,,
2026-07-13,2026-07-13,CM,NSE,STK,10176,INF200KA1FS1,SETFNIF50,EQ,,,,,SBI-ETF NIFTY 50,249.49,260.85,249.49,260.49,260.56,260.02,,260.49,,,889233,230933317.55,6360,F1,1,,,,,
2026-07-13,2026-07-13,CM,NSE,STK,7361,INF200KA1580,SETFNIFBK,EQ,,,,,SBI-ETF NIFTY BANK,580.66,597.5,580.66,596.41,597.5,595.55,,596.41,,,15206,9037611.4,576,F1,1,,,,,
2026-07-13,2026-07-13,CM,NSE,STK,7353,INF200KA1598,SETFNN50,EQ,,,,,SBI-ETF NIFTY NEXT 50,774.0,775.0,764.97,773.32,775.0,774.16,,773.32,,,22422,17291832.36,1820,F1,1,,,,,
2026-07-13,2026-07-13,CM,NSE,STK,19705,INF200KA13Z8,LIQUIDSBI,EQ,,,,,SBIAMC - LIQUIDSBI,999.99,1000.0,999.99,999.99,1000.0,999.99,,999.99,,,18534,18533827.95,43,F1,1,,,,,
2026-07-13,2026-07-13,CM,NSE,STK,30290,INF200KB1712,SBIBPB,EQ,,,,,SBIAMC - SBIBPB,47.68,49.24,47.68,48.99,48.86,48.91,,48.99,,,2666316,130334290.52,645,F1,1,,,,,
2026-07-13,2026-07-13,CM,NSE,STK,5168,INF200KA1X17,SBIETFCON,EQ,,,,,SBIAMC - SBIETFCON,122.11,122.11,119.34,120.13,120.35,120.9,,120.13,,,2713,326104.77,126,F1,1,,,,,
2026-07-13,2026-07-13,CM,NSE,STK,740,INF200KA1S14,SBIETFIT,EQ,,,,,SBIAMC - SBIETFIT,310.04,323.63,304.85,321.32,322.79,310.04,,321.32,,,52314,16645602.67,587,F1,1,,,,,
2026-07-13,2026-07-13,CM,NSE,STK,722,INF200KA1S22,SBIETFPB,EQ,,,,,SBIAMC - SBIETFPB,286.27,290.0,284.31,287.84,290.0,286.27,,287.84,,,85422,24481328.55,134,F1,1,,,,,
2026-07-13,2026-07-13,CM,NSE,STK,7218,INF200KA1WX6,SBIETFQLTY,EQ,,,,,SBIAMC - SBIETFQLTY,217.68,219.47,215.96,219.32,219.47,217.68,,219.32,,,1325,289284.37,64,F1,1,,,,,
2026-07-13,2026-07-13,CM,NSE,STK,758496,INF200KB1969,SBILIQETF,EQ,,,,,SBIAMC - SBILIQETF,1047.21,1047.23,1047.21,1047.21,1047.21,1047.09,,1047.21,,,48317,50598070.22,101,F1,1,,,,,
2026-07-13,2026-07-13,CM,NSE,STK,761095,INF200KB1AJ0,SBIMIDMOM,EQ,,,,,SBIAMC - SBIMIDMOM,63.7,63.7,62.64,62.97,63.47,63.17,,62.97,,,17625,1109117.56,159,F1,1,,,,,
2026-07-13,2026-07-13,CM,NSE,STK,24524,INF200KB1282,SBINEQWETF,EQ,,,,,SBIAMC - SBINEQWETF,34.08,34.08,32.39,33.31,33.4,33.25,,33.31,,,232351,7693780.39,354,F1,1,,,,,
2026-07-13,2026-07-13,CM,NSE,STK,761741,INF200KB1AK8,SBINMID150,EQ,,,,,SBIAMC - SBINMID150,23.38,23.38,23.01,23.26,23.25,23.22,,23.26,,,7652,177775.97,133,F1,1,,,,,
2026-07-13,2026-07-13,CM,NSE,STK,24366,INF200KB1217,SBISILVER,EQ,,,,,SBIAMC - SBISILVER,214.6,214.6,209.59,212.71,212.79,214.12,,212.71,,,825685,174401700.66,8966,F1,1,,,,,
2026-07-13,2026-07-13,CM,NSE,STK,763543,INF200KB1AY9,SBISMLETF,EQ,,,,,SBIAMC - SBISMLETF,18.47,18.95,18.05,18.24,18.25,18.1,,18.24,,,135680,2484779.37,323,F1,1,,,,,
2026-07-13,2026-07-13,CM,NSE,STK,763546,INF200KB1AX1,SBIVALETF,EQ,,,,,SBIAMC - SBIVALETF,14.94,14.94,14.82,14.89,14.93,14.94,,14.93,,,5644,83954.14,47,F1,1,,,,,
2026-07-13,2026-07-13,CM,NSE,STK,17395,INF200KA1JT1,SETF10GILT,EQ,,,,,SBIAMC - SETF10GILT,264.19,265.9,264.19,265.24,265.73,265.47,,265.24,,,2230,591116.35,78,F1,1,,,,,
2026-07-13,2026-07-13,CM,NSE,STK,762884,INE099G01011,SCANSTL,EQ,,,,,SCAN STEELS LTD.,47.95,51.0,47.95,50.02,49.0,47.45,,50.03,,,645124,32209378.31,4531,F1,1,,,,,
2026-07-13,2026-07-13,CM,NSE,STK,1011,INE513A01022,SCHAEFFLER,EQ,,,,,SCHAEFFLER INDIA LIMITED,4090.4,4175.3,4060.0,4134.7,4150.0,4085.0,,4134.8,,,51065,211188753.8,9798,F1,1,,,,,
2026-07-13,2026-07-13,CM,NSE,STK,31234,INE839M01018,SCHNEIDER,EQ,,,,,SCHNEIDER ELECTRIC INFRA,1410.0,1443.6,1369.2,1378.3,1381.8,1414.2,,1378.3,,,255101,357869563.7,22299,F1,1,,,,,
2026-07-13,2026-07-13,CM,NSE,STK,28929,INE148I07VA5,1003SCL31P,N1,,,,,SCL 10.03% 2031 SR X,1027.18,1027.18,1027.18,1027.18,1027.18,1028.63,,1027.18,,,10,10271.8,1,F1,1,,,,,
2026-07-13,2026-07-13,CM,NSE,STK,757460,INE148I07XG8,865SCL27,N4,,,,,SCL 8.65% 2027 SR II,975.1,994.0,975.0,987.89,984.0,1000.0,,987.89,,,580,570370.0,10,F1,1,,,,,
2026-07-13,2026-07-13,CM,NSE,STK,757458,INE148I07YA9,9SCL27,N2,,,,,SCL 9.00% 2027 SR I,1070.0,1070.0,1070.0,1070.0,1070.0,1064.2,,1070.0,,,54,57780.0,2,F1,1,,,,,
2026-07-13,2026-07-13,CM,NSE,STK,30238,INE148I07WU1,902SCL28,N1,,,,,SCL 9.02% SR V,1002.35,1002.35,990.0,990.0,990.0,1001.34,,990.0,,,1050,1040735.0,4,F1,1,,,,,
2026-07-13,2026-07-13,CM,NSE,STK,757612,INE148I07XB9,945SCL29,N0,,,,,SCL 9.45% 2029 SR IV,100096.85,100096.85,100096.85,100096.85,100096.85,108837.9,,100096.85,,,2,200193.7,1,F1,1,,,,,
2026-07-13,2026-07-13,CM,NSE,STK,757606,INE148I07WY3,950SCL30,N0,,,,,SCL 9.50% 2030 SR I,100104.47,100104.47,100104.47,100104.47,100104.47,108987.76,,100104.47,,,2,200208.94,1,F1,1,,,,,
2026-07-13,2026-07-13,CM,NSE,STK,30222,INE148I07WI6,990SCL28,N1,,,,,SCL 9.90% SR IV,1019.82,1019.82,1019.82,1019.82,1019.82,1033.18,,1019.82,,,10,10198.2,1,F1,1,,,,,
2026-07-13,2026-07-13,CM,NSE,STK,757497,INE148I07XY1,995SCL2035,NM,,,,,SCL 9.95% 2035 SR XII,1070.0,1090.0,1070.0,1090.0,1090.0,1090.2,,1090.0,,,56,60920.0,2,F1,1,,,,,
2026-07-13,2026-07-13,CM,NSE,STK,757478,INE090501011,SCODATUBES,EQ,,,,,SCODA TUBES LIMITED,148.39,155.99,148.01,154.51,153.05,149.1,,154.51,,,310088,47686892.6,3418,F1,1,,,,,
2026-07-13,2026-07-13,CM,NSE,STK,25095,IN1020240496,725AP37,SG,,,,,SDL AP 7.25% 2037,98.0,98.0,98.0,98.0,98.0,98.0,,98.0,,,100,9800.0,1,F1,100,,,,,
2026-07-13,2026-07-13,CM,NSE,STK,20724,IN1520230138,755GJ31,SG,,,,,SDL GJ 7.55% 2031,98.4,98.4,98.4,98.4,98.4,97.79,,98.45,,,2500,246000.0,1,F1,100,,,,,
2026-07-13,2026-07-13,CM,NSE,STK,757557,IN2020250071,709KL52,SG,,,,,SDL KL 7.09% 2052,96.5,96.5,96.5,96.5,96.5,95.0,,96.5,,,100,9650.0,1,F1,100,,,,,
2026-07-13,2026-07-13,CM,NSE,STK,24763,IN2220240138,726MH49,SG,,,,,SDL MH 7.26% 2049,96.52,96.52,96.52,96.52,96.52,97.0,,96.52,,,100,9652.0,1,F1,100,,,,,
2026-07-13,2026-07-13,CM,NSE,STK,20361,IN2320230088,777MN38,SG,,,,,SDL MN 7.77% 2038,98.5,98.5,98.5,98.5,98.5,97.7,,98.5,,,100,9850.0,1,F1,100,,,,,
2026-07-13,2026-07-13,CM,NSE,STK,756790,IN4520250163,709TS58,SG,,,,,SDL TS 7.09% 2058,93.0,93.0,93.0,93.0,93.0,95.29,,93.0,,,100,9300.0,1,F1,100,,,,,
2026-07-13,2026-07-13,CM,NSE,STK,15265,IN4520230025,743TS33,SG,,,,,SDL TS 7.43% 2033,98.5,98.5,98.5,98.5,98.5,97.0,,98.5,,,700,68950.0,1,F1,100,,,,,
2026-07-13,2026-07-13,CM,NSE,STK,20643,INE027E07972,935LTF29,N5,,,,,SE RE NCD 9.35% SR.V OP2,1090.0,1090.0,1090.0,1090.0,1090.0,1090.0,,1090.0,,,400,436000.0,1,F1,1,,,,,
2026-07-13,2026-07-13,CM,NSE,STK,2616,INE497B01018,SEAMECLTD,EQ,,,,,SEAMEC LIMITED,1420.0,1450.0,1420.0,1441.2,1433.0,1424.9,,1441.2,,,14607,20967220.7,1953,F1,1,,,,,
2026-07-13,2026-07-13,CM,NSE,STK,6207,INE530B07187,IIFLZC26,NN,,,,,SEC RE NCD 0% SR.VII,1472.5,1473.5,1472.5,1473.39,1473.0,1471.3,,1473.39,,,257,378559.5,7,F1,1,,,,,
2026-07-13,2026-07-13,CM,NSE,STK,13858,INE530B07278,IIFLZC28A,NU,,,,,SEC RE NCD 0% SR.VII,1308.0,1308.0,1308.0,1308.0,1308.0,1308.0,,1308.0,,,300,392400.0,3,F1,1,,,,,
2026-07-13,2026-07-13,CM,NSE,STK,17043,INE530B07369,IIFLZC28B,Y1,,,,,SEC RE NCD 0% SR.VII,1270.0,1270.0,1270.0,1270.0,1270.0,1270.0,,1270.0,,,10,12700.0,1,F1,1,,,,,
2026-07-13,2026-07-13,CM,NSE,STK,7674,INE477L07AS8,IIFLHF29,NE,,,,,SEC RE NCD 0% SR.VIII,1343.85,1343.85,1343.85,1343.85,1343.85,1443.73,,1343.85,,,9,12094.65,1,F1,1,,,,,
2026-07-13,2026-07-13,CM,NSE,STK,12465,INE741K07496,10CAGL27,N5,,,,,SEC RE NCD 10% SR. V,1015.0,1015.0,1010.0,1010.0,1010.0,1015.0,,1010.0,,,200,202500.0,2,F1,1,,,,,
2026-07-13,2026-07-13,CM,NSE,STK,20779,INE413U07269,1003ISFL28,N4,,,,,SEC RE NCD 10.03% SR 5,998.0,1015.2,998.0,1010.0,1010.0,1019.0,,1010.0,,,480,485458.0,30,F1,1,,,,,
2026-07-13,2026-07-13,CM,NSE,STK,15253,INE244L07523,890SFIL23A,NZ,,,,,SEC RE NCD 10.03% SR.VIII,440.0,440.0,440.0,440.0,440.0,440.0,,440.0,,,310,136400.0,5,F1,1,,,,,
2026-07-13,2026-07-13,CM,NSE,STK,23323,INE148I07SQ7,1025SCL34,Z8,,,,,SEC RE NCD 10.25% SR XII,1020.0,1020.0,1020.0,1020.0,1020.0,1035.0,,1020.0,,,23,23460.0,1,F1,1,,,,,
2026-07-13,2026-07-13,CM,NSE,STK,23974,INE148I07TN2,1025SCL34A,ZT,,,,,SEC RE NCD 10.25% SR XII,955.0,955.0,955.0,955.0,955.0,950.2,,955.0,,,1,955.0,1,F1,1,,,,,
2026-07-13,2026-07-13,CM,NSE,STK,18906,INE148I07PV3,888SCL25E,N4,,,,,SEC RE NCD 10.25% SR XII,910.0,910.0,910.0,910.0,910.0,910.0,,910.0,,,1,910.0,1,F1,1,,,,,
2026-07-13,2026-07-13,CM,NSE,STK,20784,INE413U07251,1050ISFL28,N5,,,,,SEC RE NCD 10.50% SR 6,1037.11,1050.0,1037.1,1050.0,1050.0,1056.8,,1050.0,,,40,41677.6,3,F1,1,,,,,
2026-07-13,2026-07-13,CM,NSE,STK,18902,INE148I07PT7,1075SCL33A,N2,,,,,SEC RE NCD 10.75% SR XI,915.0,915.0,915.0,915.0,915.0,822.7,,915.0,,,1,915.0,1,F1,1,,,,,
2026-07-13,2026-07-13,CM,NSE,STK,11658,INE0H7R07017,79NHIT35,N1,,,,,SEC RE NCD 7.90% STRPP A,308.01,309.0,306.75,307.05,307.05,307.0,,307.34,,,728,223719.5,9,F1,1,,,,,
2026-07-13,2026-07-13,CM,NSE,STK,11665,INE0H7R07025,79NHIT40,N2,,,,,SEC RE NCD 7.90% STRPP B,308.5,309.0,308.5,308.66,309.0,315.0,,309.26,,,75,23150.0,4,F1,1,,,,,
2026-07-13,2026-07-13,CM,NSE,STK,11669,INE0H7R07033,79NHIT47,N3,,,,,SEC RE NCD 7.90% STRPP C,411.45,413.83,411.45,413.83,413.83,414.3,,413.83,,,486,200517.07,6,F1,1,,,,,
2026-07-13,2026-07-13,CM,NSE,STK,7648,INE477L07AN9,820IIFL27,N9,,,,,SEC RE NCD 8.20% SR.III,995.0,998.95,990.0,990.0,990.0,994.0,,994.0,,,75,74426.35,5,F1,1,,,,,
2026-07-13,2026-07-13,CM,NSE,STK,3464,INE219X07264,82IGT31,NJ,,,,,SEC RE NCD 8.20% SR.V,1019.0,1030.0,1019.0,1029.0,1029.0,1019.0,,1029.33,,,501,512676.5,8,F1,1,,,,,
2026-07-13,2026-07-13,CM,NSE,STK,6197,INE530B07161,842IIFL26,NL,,,,,SEC RE NCD 8.42% SR.V,995.0,995.0,995.0,995.0,995.0,995.0,,997.45,,,100,99500.0,2,F1,1,,,,,
2026-07-13,2026-07-13,CM,NSE,STK,28856,INE477L07BB2,865IHFL27,N1,,,,,SEC RE NCD 8.65% SR III,990.0,990.0,990.0,990.0,990.0,990.0,,990.0,,,17,16830.0,2,F1,1,,,,,
2026-07-13,2026-07-13,CM,NSE,STK,13852,INE530B07310,865IIFL28,NS,,,,,SEC RE NCD 8.65% SR.V,992.0,992.0,991.0,991.0,991.0,990.0,,991.0,,,31,30751.0,2,F1,1,,,,,
2026-07-13,2026-07-13,CM,NSE,STK,6200,INE530B07179,875IIFL26,NM,,,,,SEC RE NCD 8.75% SR.VI,1055.83,1055.86,1055.8,1055.86,1055.86,1055.8,,1055.86,,,109,115083.21,4,F1,1,,,,,
2026-07-13,2026-07-13,CM,NSE,STK,7777,INE148I07LE8,889SCFL27,YC,,,,,SEC RE NCD 8.89% SR.VIII,990.0,990.0,990.0,990.0,990.0,996.77,,990.0,,,15,14850.0,2,F1,1,,,,,
2026-07-13,2026-07-13,CM,NSE,STK,28869,INE477L07BG1,89IHFL29,N1,,,,,SEC RE NCD 8.90% SR VI,974.0,974.0,974.0,974.0,974.0,973.97,,980.0,,,100,97400.0,1,F1,1,,,,,
2026-07-13,2026-07-13,CM,NSE,STK,23706,INE338I07164,897MOFSL29,N4,,,,,SEC RE NCD 8.97% SR V,1021.0,1034.0,1020.0,1033.25,1034.0,1034.0,,1033.25,,,65,66502.5,6,F1,1,,,,,
2026-07-13,2026-07-13,CM,NSE,STK,17041,INE530B07377,9IIFL28,Y0,,,,,SEC RE NCD 9% SR.VI,980.75,980.75,980.0,980.0,980.0,980.0,,980.0,,,99,97026.1,6,F1,1,,,,,
2026-07-13,2026-07-13,CM,NSE,STK,13854,INE530B07260,9IIFL28A,NT,,,,,SEC RE NCD 9% SR.VI,1027.55,1027.55,1027.55,1027.55,1027.55,1027.55,,1027.55,,,110,113030.5,2,F1,1,,,,,
2026-07-13,2026-07-13,CM,NSE,STK,23702,INE338I07149,91MOFSL27,N2,,,,,SEC RE NCD 9.10% SR III,1022.5,1022.5,1016.0,1016.0,1016.0,1016.5,,1016.0,,,135,137732.5,4,F1,1,,,,,
2026-07-13,2026-07-13,CM,NSE,STK,11368,INE148I07ML1,905SC24B,Z9,,,,,SEC RE NCD 9.15% SR.VIII,988.0,988.0,988.0,988.0,988.0,962.0,,988.0,,,10,9880.0,2,F1,1,,,,,
2026-07-13,2026-07-13,CM,NSE,STK,25537,INE148I07UI0,925SCL26F,N1,,,,,SEC RE NCD 9.25% SR II,990.0,990.0,990.0,990.0,990.0,949.0,,990.0,,,7,6930.0,1,F1,1,,,,,
2026-07-13,2026-07-13,CM,NSE,STK,23710,INE338I07115,93MOFSL34,N6,,,,,SEC RE NCD 9.30% SR VII,1041.0,1169.0,1040.0,1040.0,1040.0,1065.0,,1040.0,,,4,4291.0,4,F1,1,,,,,
2026-07-13,2026-07-13,CM,NSE,STK,25283,INE423A07310,932AEL27,N3,,,,,SEC RE NCD 9.32% SR III,1015.0,1025.0,1015.0,1025.0,1025.0,1025.0,,1025.0,,,120,122500.0,2,F1,1,,,,,
2026-07-13,2026-07-13,CM,NSE,STK,23708,INE338I07107,935MOFSL29,N5,,,,,SEC RE NCD 9.35% SR VI,1040.0,1040.0,1040.0,1040.0,1040.0,1030.0,,1040.0,,,50,52000.0,1,F1,1,,,,,
2026-07-13,2026-07-13,CM,NSE,STK,13497,INE148I07ND6,965SCL25C,N0,,,,,SEC RE NCD 9.39% SR.VIII,451.8,520.0,451.8,520.0,520.0,460.0,,520.0,,,18,8541.6,2,F1,1,,,,,
2026-07-13,2026-07-13,CM,NSE,STK,25552,INE148I07UC3,948SCL27D,N1,,,,,SEC RE NCD 9.48% SR V,1010.0,1010.0,1010.0,1010.0,1010.0,1010.0,,1010.0,,,5,5050.0,1,F1,1,,,,,
2026-07-13,2026-07-13,CM,NSE,STK,20769,INE413U07236,957ISFL26,N2,,,,,SEC RE NCD 9.57% SR 3,1002.0,1002.0,1000.0,1000.09,1001.0,1003.0,,1000.09,,,359,359298.0,9,F1,1,,,,,
2026-07-13,2026-07-13,CM,NSE,STK,24137,INE413U07327,957IIFLS27,,,,,,SEC RE NCD 9.57% SR III,996.47,996.47,996.47,996.47,996.47,996.47,,996.47,,,448,446418.56,9,F1,1,,,,,
2026-07-13,2026-07-13,CM,NSE,STK,25534,INE148I07US9,965SCL26F,N1,,,,,SEC RE NCD 9.65% SR I,1071.8,1071.8,1071.8,1071.8,1071.8,1071.8,,1071.8,,,100,107180.0,1,F1,1,,,,,
2026-07-13,2026-07-13,CM,NSE,STK,18487,INE741K07579,970CAGL28,ND,,,,,SEC RE NCD 9.70% SR VII,1034.95,1035.0,1034.95,1034.97,1035.0,1032.0,,1034.97,,,381,394319.9,6,F1,1,,,,,
2026-07-13,2026-07-13,CM,NSE,STK,25296,INE423A07344,99AEL29,N7,,,,,SEC RE NCD 9.90% SR VII,1100.0,1100.0,1090.1,1090.1,1090.1,1090.0,,1090.1,,,101,111090.1,2,F1,1,,,,,
2026-07-13,2026-07-13,CM,NSE,STK,25280,INE423A07369,AEL120924,N2,,,,,SEC RE NCD SR II,1155.14,1155.14,1155.14,1155.14,1155.14,1166.8,,1155.14,,,10,11551.4,1,F1,1,,,,,
2026-07-13,2026-07-13,CM,NSE,STK,14219,INE00QS24043,IMC1,N1,,,,,SEC RE NCGB 8.25% STRPP B,252.0,257.0,246.06,253.07,257.0,257.0,,253.07,,,995,250130.22,23,F1,1,,,,,
2026-07-13,2026-07-13,CM,NSE,STK,14224,INE00QS24027,IMC1,N2,,,,,SEC RE NCGB 8.25% STRPP C,256.0,261.0,251.51,254.53,252.22,256.0,,254.53,,,423,107621.75,11,F1,1,,,,,
2026-07-13,2026-07-13,CM,NSE,STK,14228,INE00QS24035,IMC1,N3,,,,,SEC RE NCGB 8.25% STRPP D,257.0,257.0,256.05,256.05,256.05,256.99,,256.05,,,310,79391.0,6,F1,1,,,,,
2026-07-13,2026-07-13,CM,NSE,STK,7975,INE804IA7014,1015ECL29,NR,,,,,SEC RED NCD 10.15% SR. VI,1012.0,1012.1,1009.0,1010.08,1009.11,1018.99,,1010.08,,,5143,5194155.44,48,F1,1,,,,,
2026-07-13,2026-07-13,CM,NSE,STK,7986,INE804IA7022,1060ECL29,NS,,,,,SEC RED NCD 10.6% SR. VII,1054.0,1054.0,1054.0,1054.0,1054.0,1178.0,,1054.0,,,100,105400.0,1,F1,1,,,,,
2026-07-13,2026-07-13,CM,NSE,STK,16870,INE033L07GS6,81TCHF28,N8,,,,,SEC RED NCD 8.10% SR.IV,1015.0,1015.0,1015.0,1015.0,1015.0,1015.0,,1015.0,,,1,1015.0,1,F1,1,,,,,
2026-07-13,2026-07-13,CM,NSE,STK,16874,INE033L07GU2,84TCHF28,,,,,,SEC RED NCD 8.40% SR.V,1050.0,1075.0,1050.0,1075.0,1075.0,1050.0,,1075.0,,,120,126500.0,2,F1,1,,,,,
2026-07-13,2026-07-13,CM,NSE,STK,18626,INE148I07GK5,885SCL26,N9,,,,,SEC RED NCD 8.85% SR. VI,1055.2,1065.8,1055.2,1057.5,1057.5,1065.8,,1057.5,,,17,17962.8,3,F1,1,,,,,
2026-07-13,2026-07-13,CM,NSE,STK,498,INE721A07NU1,903SFL28,YI,,,,,SEC RED NCD 9.03% SR. II,1039.0,1039.0,1039.0,1039.0,1039.0,1048.0,,1039.0,,,90,93510.0,1,F1,1,,,,,
2026-07-13,2026-07-13,CM,NSE,STK,8625,INE721A07ON4,957ICCL25,YW,,,,,SEC RED NCD 9.30% SR. II,1058.0,1058.0,1054.0,1054.0,1054.0,1040.0,,1054.0,,,41,43298.0,4,F1,1,,,,,
2026-07-13,2026-07-13,CM,NSE,STK,1001,INE721A07NX5,94SFL28,YL,,,,,SEC RED NCD 9.40% SR. V,1047.0,1047.0,1037.0,1043.46,1043.5,1047.5,,1043.46,,,1502,1565437.65,20,F1,1,,,,,
2026-07-13,2026-07-13,CM,NSE,STK,4288,INE804I078Y8,943ECL28,NJ,,,,,SEC RED NCD 9.43% SR. VI,1000.0,1001.15,1000.0,1001.15,1001.15,1000.0,,1002.08,,,81,81026.45,7,F1,1,,,,,
2026-07-13,2026-07-13,CM,NSE,STK,8642,INE721A07OQ7,97SFL29,YZ,,,,,SEC RED NCD 9.70% SR. V,1120.0,1120.0,1100.0,1110.0,1100.0,1090.0,,1110.0,,,2,2220.0,2,F1,1,,,,,
2026-07-13,2026-07-13,CM,NSE,STK,4292,INE804I079Y6,985ECL28,NK,,,,,SEC RED NCD 9.85% SR. VII,1076.0,1085.0,1076.0,1085.0,1085.0,1076.0,,1085.0,,,125,134725.0,2,F1,1,,,,,
2026-07-13,2026-07-13,CM,NSE,STK,12941,INE721A07PH3,SFLZC26A,ZC,,,,,SEC RED NCD SR.X,1888.0,1889.91,1888.0,1889.91,1889.91,1888.0,,1889.91,,,3,5665.91,2,F1,1,,,,,
2026-07-13,2026-07-13,CM,NSE,STK,19496,INE0BTM01013,SECMARK,EQ,,,,,SECMARK CONSULTANCY LTD,125.83,129.8,122.2,124.13,122.2,125.83,,124.13,,,549,69628.94,22,F1,1,,,,,
2026-07-13,2026-07-13,CM,NSE,STK,11058,INE650K01021,SECURKLOUD,EQ,,,,,SECUREKLOUD TECH LIMITED,19.3,19.3,18.25,18.88,18.9,18.84,,18.88,,,6886,128087.58,69,F1,1,,,,,
2026-07-13,2026-07-13,CM,NSE,STK,761153,INE00XB01019,SEDEMAC,EQ,,,,,SEDEMAC MECHATRONICS LTD,2723.0,2758.9,2688.4,2719.6,2725.2,2745.4,,2719.7,,,55967,152489147.8,7135,F1,1,,,,,
2026-07-13,2026-07-13,CM,NSE,STK,7094,INE955I01044,SEJALLTD,BE,,,,,SEJAL GLASS LIMITED,740.0,755.0,720.0,745.75,753.0,754.85,,745.75,,,5352,3940526.65,161,F1,1,,,,,
2026-07-13,2026-07-13,CM,NSE,STK,6262,INE105I01020,SELMC,EQ,,,,,SEL MANUFACTURING CO LTD,28.0,30.0,28.0,29.02,29.09,28.32,,29.01,,,1695,49135.45,46,F1,1,,,,,
2026-07-13,2026-07-13,CM,NSE,STK,11964,INE617A01013,SEMAC,BE,,,,,SEMAC CONSTRUCTION LTD,333.0,333.5,311.0,328.85,328.85,317.65,,329.95,,,2977,939584.3,41,F1,1,,,,,
2026-07-13,2026-07-13,CM,NSE,STK,17271,INE602W01027,SENCO,EQ,,,,,SENCO GOLD LIMITED,362.2,384.7,358.5,381.0,383.95,362.15,,381.0,,,5609385,2115994671.75,88217,F1,1,,,,,
2026-07-13,2026-07-13,CM,NSE,STK,28888,INE0RB801010,SENORES,EQ,,,,,SENORES PHARMACEUTICALS L,1411.7,1440.8,1376.1,1435.5,1438.9,1417.8,,1435.5,,,299516,421615151.8,23977,F1,1,,,,,
2026-07-13,2026-07-13,CM,NSE,STK,15308,INE964H01014,SEPC,EQ,,,,,SEPC LIMITED,6.5,6.63,6.42,6.49,6.5,6.56,,6.49,,,16814264,109720357.68,8002,F1,1,,,,,
2026-07-13,2026-07-13,CM,NSE,STK,20655,INE027E07998,898LTF29,N7,,,,,SERENCD 8.98% SR.VI OP2,1075.0,1075.0,1068.0,1068.0,1068.0,1075.0,,1068.0,,,12,12892.1,3,F1,1,,,,,
2026-07-13,2026-07-13,CM,NSE,STK,20687,INE027E07AL1,905LTF27,NF,,,,,SERENCD 9.05% SR.VI OPII,1027.0,1030.0,1026.99,1029.53,1029.5,1023.55,,1029.74,,,2124,2182794.4,28,F1,1,,,,,
2026-07-13,2026-07-13,CM,NSE,STK,21197,INE306N07LM5,865TCAPS27,N8,,,,,SERENCD8.65%SR.IIICIII&IV,1082.8,1082.8,1082.8,1082.8,1082.8,1082.0,,1082.8,,,1,1082.8,1,F1,1,,,,,
2026-07-13,2026-07-13,CM,NSE,STK,4942,INE244L07184,92SFIL28,ND,,,,,SERENCD9.20%SRVIICIII&IV,1038.2,1038.2,1038.2,1038.2,1038.2,1048.8,,1038.2,,,11,11420.2,1,F1,1,,,,,
2026-07-13,2026-07-13,CM,NSE,STK,17399,INE0P1Q01015,SERVICE,SM,,,,,SERVICE CARE LIMITED,54.1,57.75,54.1,57.5,57.75,55.0,,57.5,,,60000,3367300.0,25,F1,2000,,,,,
2026-07-13,2026-07-13,CM,NSE,STK,5507,INE782X01033,SERVOTECH,EQ,,,,,SERVOTECH REN POW SYS LTD,98.0,98.1,92.48,97.25,97.5,98.91,,97.25,,,670702,65053468.66,6447,F1,1,,,,,
2026-07-13,2026-07-13,CM,NSE,STK,759934,INE04VU01023,STYL,EQ,,,,,SESHAASAI TECHNOLOGIES L,361.0,369.0,344.0,367.8,368.0,359.5,,367.8,,,161929,58777824.85,6615,F1,1,,,,,
2026-07-13,2026-07-13,CM,NSE,STK,3066,INE630A01024,SESHAPAPER,EQ,,,,,SESHASAYEE PAPER & BOARDS,225.11,228.0,219.0,220.85,221.96,224.55,,220.86,,,69266,15374171.27,1680,F1,1,,,,,
2026-07-13,2026-07-13,CM,NSE,STK,17518,INE878E01021,SETCO,BE,,,,,SETCO AUTOMOTIVE LTD,19.77,19.77,18.35,18.7,18.85,19.28,,18.33,,,304533,5766531.49,492,F1,1,,,,,
2026-07-13,2026-07-13,CM,NSE,STK,18024,INE023M01027,SETUINFRA,BZ,,,,,SETUBANDHAN INFRA LTD,0.44,0.45,0.44,0.44,0.45,0.43,,0.45,,,5364,2408.73,22,F1,1,,,,,
2026-07-13,2026-07-13,CM,NSE,STK,10836,INE573R01012,SEYAIND,BE,,,,,SEYA INDUSTRIES LIMITED,13.26,13.26,12.75,13.12,13.17,13.0,,13.13,,,2790,36604.66,27,F1,1,,,,,
2026-07-13,2026-07-13,CM,NSE,STK,758853,INE618R01015,SGFIN,EQ,,,,,SG FINSERVE LIMITED,631.55,645.6,606.2,617.05,616.0,637.9,,617.05,,,631147,391837258.5,18217,F1,1,,,,,
2026-07-13,2026-07-13,CM,NSE,STK,758889,INE385F01024,SGMART,EQ,,,,,SG MART LIMITED,646.3,664.0,619.2,622.7,623.0,658.45,,622.7,,,576497,365365877.1,20222,F1,1,,,,,
2026-07-13,2026-07-13,CM,NSE,STK,761469,INE12UN01015,SHADOWFAX,EQ,,,,,SHADOWFAX TECHNOLOGIES L,227.0,233.25,221.0,222.61,222.3,228.13,,222.62,,,1161667,263363811.45,32970,F1,1,,,,,
2026-07-13,2026-07-13,CM,NSE,STK,11856,INE640C01011,SHAHALLOYS,EQ,,,,,SHAH ALLOYS LIMITED,74.33,74.33,71.0,71.93,72.0,73.6,,71.93,,,9354,674559.9,134,F1,1,,,,,
2026-07-13,2026-07-13,CM,NSE,STK,20296,INE482J01021,SHAH,EQ,,,,,SHAH METACORP LIMITED,4.68,4.71,4.64,4.64,4.65,4.65,,4.64,,,2582702,12015468.41,716,F1,1,,,,,
2026-07-13,2026-07-13,CM,NSE,STK,8727,INE151G01028,SHAILY,EQ,,,,,SHAILY ENG PLASTICS LTD,2756.0,2779.9,2714.4,2754.1,2745.0,2767.4,,2753.9,,,123388,339436192.5,15268,F1,1,,,,,
2026-07-13,2026-07-13,CM,NSE,STK,25574,INE908D01010,SHAKTIPUMP,EQ,,,,,SHAKTI PUMPS (I) LTD,571.9,578.95,568.45,573.15,573.85,579.25,,573.15,,,488190,280217066.25,14461,F1,1,,,,,
2026-07-13,2026-07-13,CM,NSE,STK,714,INE597J01018,SHALBY,EQ,,,,,SHALBY LIMITED,170.01,173.0,167.61,170.77,170.1,171.56,,170.61,,,71927,12282631.15,1946,F1,1,,,,,
2026-07-13,2026-07-13,CM,NSE,STK,761688,INE861D01011,SAHLIBHFI,EQ,,,,,SHALIBHADRA FINANCE LTD,79.39,79.39,77.25,78.0,78.0,79.39,,77.66,,,1141,89563.93,35,F1,1,,,,,
2026-07-13,2026-07-13,CM,NSE,STK,15342,INE849C01026,SHALPAINTS,EQ,,,,,SHALIM PAINTS LTD,51.55,53.99,50.2,52.95,52.6,50.91,,52.97,,,53098,2761705.62,672,F1,1,,,,,
2026-07-13,2026-07-13,CM,NSE,STK,25737,INE01NE01012,SRD,EQ,,,,,SHANKAR LAL RAMPAL LTD,41.2,42.47,40.02,40.63,41.0,40.3,,40.63,,,104035,4279155.85,496,F1,1,,,,,
2026-07-13,2026-07-13,CM,NSE,STK,20321,INE274V01019,SHANKARA,EQ,,,,,SHANKARA BLDG PRODUCT LTD,133.5,144.0,131.27,136.79,137.45,130.73,,136.79,,,461384,63641776.45,4308,F1,1,,,,,
2026-07-13,2026-07-13,CM,NSE,STK,760594,INE24OJ01011,BUILDPRO,EQ,,,,,SHANKARA BUILDPRO LIMITED,1266.0,1365.0,1256.0,1298.4,1300.0,1250.5,,1298.4,,,693539,914333031.3,29551,F1,1,,,,,
2026-07-13,2026-07-13,CM,NSE,STK,3078,INE631A01022,SHANTIGEAR,EQ,,,,,SHANTHI GEARS LTD,444.0,446.95,441.15,443.5,444.2,442.6,,443.5,,,3495,1552592.85,363,F1,1,,,,,
2026-07-13,2026-07-13,CM,NSE,STK,762889,INE440T01028,SEIL,EQ,,,,,SHANTI EDU INITIATIVES L,227.92,227.92,211.0,213.56,213.5,220.27,,213.56,,,375055,80834610.59,8100,F1,1,,,,,
2026-07-13,2026-07-13,CM,NSE,STK,758002,INE06ZD01017,SHANTIGOLD,EQ,,,,,SHANTI GOLD INTERNATION L,211.6,213.75,209.28,212.82,213.34,212.09,,212.82,,,425600,90068815.8,5912,F1,1,,,,,
2026-07-13,2026-07-13,CM,NSE,STK,5650,INE933X01016,SHANTI,EQ,,,,,SHANTI OVERSEAS INDIA LTD,6.8,7.25,6.44,7.08,7.13,6.69,,7.08,,,166914,1152175.43,226,F1,1,,,,,
2026-07-13,2026-07-13,CM,NSE,STK,762904,INE220Z01013,SHINDL,EQ,,,,,SHARAT INDUSTRIES LTD.,158.5,160.01,152.41,159.13,159.65,158.44,,159.15,,,69130,10948120.0,1140,F1,1,,,,,
2026-07-13,2026-07-13,CM,NSE,STK,4992,INE221J01015,SHARDACROP,EQ,,,,,SHARDA CROPCHEM LTD.,910.0,919.4,900.6,911.15,914.45,914.75,,911.1,,,87610,79883611.7,6030,F1,1,,,,,
2026-07-13,2026-07-13,CM,NSE,STK,10530,INE597I01028,SHARDAMOTR,EQ,,,,,SHARDA MOTOR INDS LTD,865.5,875.9,851.05,871.9,874.35,867.65,,871.85,,,34418,29897859.6,2444,F1,1,,,,,
2026-07-13,2026-07-13,CM,NSE,STK,762894,INE037B01020,SHARDUL,EQ,,,,,SHARDUL SECURITIES LTD.,40.32,40.32,40.32,40.32,40.32,33.6,,40.39,,,3090,124588.8,27,F1,1,,,,,
2026-07-13,2026-07-13,CM,NSE,STK,104,INE932X01026,SHAREINDIA,EQ,,,,,SHARE IND. SECURITIES LTD,179.0,183.99,176.42,179.04,178.29,179.34,,179.04,,,2527283,454424712.7,17616,F1,1,,,,,
2026-07-13,2026-07-13,CM,NSE,STK,19469,INE460Q01014,SCML,SM,,,,,SHARP CHUCKS N MACHINES L,77.15,77.15,77.15,77.15,77.15,78.5,,77.15,,,1000,77150.0,1,F1,1000,,,,,
2026-07-13,2026-07-13,CM,NSE,STK,19184,INE916U01025,SFL,EQ,,,,,SHEELA FOAM LIMITED,780.0,828.95,774.0,806.95,807.0,765.3,,807.0,,,1050915,848806352.85,48056,F1,1,,,,,
2026-07-13,2026-07-13,CM,NSE,STK,12072,INE501Y01019,SCPL,EQ,,,,,SHEETAL COOL PRODUCTS LTD,492.9,516.75,488.3,495.6,498.6,493.85,,495.7,,,24415,12248970.4,1162,F1,1,,,,,
2026-07-13,2026-07-13,CM,NSE,STK,20415,INE04VX01019,SHEETAL,SM,,,,,SHEETAL UNIVERSAL LIMITED,295.0,295.0,295.0,295.0,295.0,295.05,,295.0,,,500,147500.0,1,F1,500,,,,,
2026-07-13,2026-07-13,CM,NSE,STK,21099,INE268L01046,SHEKHAWATI,BE,,,,,SHEKHAWATI INDUSTRIES LTD,13.75,13.87,13.14,13.41,13.8,13.75,,13.41,,,7656,102410.31,53,F1,1,,,,,
2026-07-13,2026-07-13,CM,NSE,STK,5072,INE363M01019,SHEMAROO,BE,,,,,SHEMAROO ENTER. LTD.,124.2,134.7,124.2,128.0,128.01,128.76,,128.0,,,15582,2056345.52,72,F1,1,,,,,
2026-07-13,2026-07-13,CM,NSE,STK,14176,INE0MM001019,SHERA,ST,,,,,SHERA ENERGY LIMITED,150.15,160.0,150.15,158.2,158.5,157.0,,158.2,,,29000,4559350.0,23,F1,1000,,,,,
2026-07-13,2026-07-13,CM,NSE,STK,8394,INE03KJ01013,SHIGAN,SM,,,,,SHIGAN QUANTUM TECH LTD,64.95,64.95,60.0,62.5,62.5,62.0,,62.5,,,18000,1108500.0,12,F1,1500,,,,,
2026-07-13,2026-07-13,CM,NSE,STK,759847,INE024F01011,SHILCTECH,EQ,,,,,SHILCHAR TECHNOLOGIES LTD,4472.0,4564.7,4452.9,4494.6,4482.0,4484.3,,4494.9,,,16469,74105905.2,4560,F1,1,,,,,
2026-07-13,2026-07-13,CM,NSE,STK,17752,INE790G01031,SHILPAMED,EQ,,,,,SHILPA MEDICARE LTD,624.05,634.0,615.85,630.2,630.0,627.15,,630.2,,,382968,240437062.9,13657,F1,1,,,,,
2026-07-13,2026-07-13,CM,NSE,STK,23127,INE0PB301013,SCILAL,EQ,,,,,SHIPPING CORP OF ILA LTD,42.89,43.45,42.45,43.37,43.42,42.73,,43.37,,,194153,8393733.51,1190,F1,1,,,,,
2026-07-13,2026-07-13,CM,NSE,STK,3048,INE109A01011,SCI,EQ,,,,,SHIPPING CORP OF INDIA LT,281.0,287.4,279.55,286.2,287.0,284.9,,286.2,,,1928730,549511004.85,23378,F1,1,,,,,
2026-07-13,2026-07-13,CM,NSE,STK,759747,INE719F01016,SHIVAUM,EQ,,,,,SHIV AUM STEELS LIMITED,428.0,467.5,418.05,419.8,418.05,425.0,,419.8,,,10072,4383101.85,549,F1,1,,,,,
2026-07-13,2026-07-13,CM,NSE,STK,1503,INE644Y01017,SHIVAMILLS,BE,,,,,SHIVA MILLS LIMITED,59.0,60.6,56.1,59.61,59.0,59.05,,59.61,,,2712,161321.1,35,F1,1,,,,,
2026-07-13,2026-07-13,CM,NSE,STK,804,INE705C01020,SHIVATEX,EQ,,,,,SHIVA TEXYARN LIMITED,150.8,153.02,149.11,149.82,150.0,153.2,,149.82,,,1344,201642.94,32,F1,1,,,,,
2026-07-13,2026-07-13,CM,NSE,STK,24249,INE0T7B01010,SPCL,SM,,,,,SHIVALIC POWER CONTROL L,68.9,70.0,68.0,69.3,70.0,68.9,,69.3,,,7800,537960.0,12,F1,600,,,,,
2026-07-13,2026-07-13,CM,NSE,STK,4656,INE386D01027,SBCL,EQ,,,,,SHIVALIK BIMETAL CON. LTD,734.15,749.4,729.0,732.75,737.0,747.05,,732.75,,,366820,270502006.75,22554,F1,1,,,,,
2026-07-13,2026-07-13,CM,NSE,STK,7026,INE788J01021,SHIVALIK,BE,,,,,SHIVALIK RASAYAN LIMITED,218.08,218.08,211.15,215.26,214.44,219.96,,215.24,,,20251,4360435.1,336,F1,1,,,,,
2026-07-13,2026-07-13,CM,NSE,STK,13757,INE637H01024,SHIVAMAUTO,BE,,,,,SHIVAM AUTO.LTD,18.86,18.86,18.86,18.86,18.86,19.24,,19.16,,,13666,257740.76,28,F1,1,,,,,
2026-07-13,2026-07-13,CM,NSE,STK,758744,INE1DLF01018,SHIVASHRIT,SM,,,,,SHIVASHRIT FOODS LIMITED,117.35,120.0,116.1,117.0,116.1,120.7,,117.0,,,19000,2248100.0,19,F1,1000,,,,,
2026-07-13,2026-07-13,CM,NSE,STK,11813,INE498B01024,SHOPERSTOP,EQ,,,,,SHOPPERS STOP LIMITED,363.85,387.5,352.65,372.45,372.6,365.25,,372.45,,,566235,212975956.7,14688,F1,1,,,,,
2026-07-13,2026-07-13,CM,NSE,STK,708,INE715Y01031,SHRADHA,EQ,,,,,SHRADHA REALTY LIMITED,31.36,32.65,26.5,29.62,27.0,32.47,,29.62,,,138031,4102034.26,384,F1,1,,,,,
2026-07-13,2026-07-13,CM,NSE,STK,10588,INE712K01011,SHREEPUSHK,EQ,,,,,SHRE PUSH CHEM & FERT LTD,424.95,428.0,401.0,417.6,415.95,426.95,,417.6,,,86974,36326305.75,3113,F1,1,,,,,
2026-07-13,2026-07-13,CM,NSE,STK,762874,INE185C01017,SAPPL,EQ,,,,,SHREE AJIT PULP & PAPER L,304.45,308.0,295.0,301.95,300.15,301.45,,300.85,,,2288,689989.75,109,F1,1,,,,,
2026-07-13,2026-07-13,CM,NSE,STK,3103,INE070A01015,SHREECEM,EQ,,,,,SHREE CEMENT LIMITED,26530.0,26575.0,26330.0,26420.0,26390.0,26615.0,,26420.0,,,6450,170576685.0,3051,F1,1,,,,,
2026-07-13,2026-07-13,CM,NSE,STK,3099,INE232A01011,SHREDIGCEM,EQ,,,,,SHREE DIGVIJAY CEM CO LTD,73.0,74.69,72.5,73.03,72.93,74.58,,73.03,,,119858,8801401.38,1223,F1,1,,,,,
2026-07-13,2026-07-13,CM,NSE,STK,23074,INE0S4Y01010,SHREEKARNI,SM,,,,,SHREE KARNI FABCOM LTD,403.2,410.0,403.2,410.0,410.0,413.5,,410.0,,,600,244560.0,4,F1,150,,,,,
2026-07-13,2026-07-13,CM,NSE,STK,20603,INE02S501018,SHREEOSFM,SM,,,,,SHREE OSFM E-MOBILITY LTD,60.45,60.45,60.45,60.45,60.45,61.0,,60.45,,,2000,120900.0,2,F1,1000,,,,,
2026-07-13,2026-07-13,CM,NSE,STK,28635,INE008Z01020,SRPL,BZ,,,,,SHREE RAM PROTEINS LTD.,0.34,0.36,0.34,0.35,0.36,0.35,,0.35,,,1206541,417506.19,208,F1,1,,,,,
2026-07-13,2026-07-13,CM,NSE,STK,760188,INE19GK01015,SRTL,EQ,,,,,SHREE RAM TWISTEX LIMITED,38.7,41.1,38.7,40.72,41.0,39.53,,40.71,,,122586,4909509.64,942,F1,1,,,,,
2026-07-13,2026-07-13,CM,NSE,STK,7627,INE879A01019,SHREERAMA,EQ,,,,,SHREE RAMA MULTI TECH LTD,43.0,43.72,42.91,43.01,43.01,43.23,,43.02,,,26719,1153168.95,229,F1,1,,,,,
2026-07-13,2026-07-13,CM,NSE,STK,13565,INE278B01020,RAMANEWS,EQ,,,,,SHREE RAMA NEWSPRINT LTD,29.19,29.96,28.7,29.12,29.25,29.21,,29.12,,,10860,319208.48,76,F1,1,,,,,
2026-07-13,2026-07-13,CM,NSE,STK,12026,INE087H01022,RENUKA,EQ,,,,,SHREE RENUKA SUGARS LTD,22.69,23.32,22.42,23.07,23.07,22.73,,23.07,,,5237377,120957060.11,9221,F1,1,,,,,
2026-07-13,2026-07-13,CM,NSE,STK,25203,INE0S2G01011,BALAJEE,EQ,,,,,SHREE TIRUPATI BALAJEE L,28.84,29.0,28.5,28.84,28.89,28.84,,28.84,,,358876,10352334.75,148,F1,1,,,,,
2026-07-13,2026-07-13,CM,NSE,STK,15126,INE00CE01017,SVLL,BE,,,,,SHREE VASU LOGISTICS LTD,685.0,703.05,671.5,676.3,685.0,669.6,,676.3,,,69728,47444612.5,279,F1,1,,,,,
2026-07-13,2026-07-13,CM,NSE,STK,762159,INE0K3301012,SHREEDHAR,ST,,,,,SHREEDHAR SPINNERS LTD,71.9,72.1,71.0,72.1,72.1,68.7,,72.1,,,48000,3456400.0,19,F1,2000,,,,,
2026-07-13,2026-07-13,CM,NSE,STK,759805,INE1FL101016,SHETHJI,ST,,,,,SHREEJI GLOBAL FMCG LTD,151.55,154.9,150.6,150.65,151.0,151.55,,150.65,,,19000,2888050.0,12,F1,1000,,,,,
2026-07-13,2026-07-13,CM,NSE,STK,759448,INE1B6101010,SHREEJISPG,EQ,,,,,SHREEJI SHIPPING GLOBAL L,550.4,573.85,546.0,570.7,570.0,551.75,,570.75,,,990169,553425990.0,11917,F1,1,,,,,
2026-07-13,2026-07-13,CM,NSE,STK,14305,INE00IK01029,OSWALSEEDS,EQ,,,,,SHREEOSWAL S AND CHE LTD,10.86,11.1,10.75,10.79,10.8,10.86,,10.79,,,80974,889002.59,148,F1,1,,,,,
2026-07-13,2026-07-13,CM,NSE,STK,760252,INE632X01030,SHRENIK,BZ,,,,,SHRENIK LIMITED,0.36,0.37,0.35,0.35,0.36,0.36,,0.35,,,476181,170250.5,192,F1,1,,,,,
2026-07-13,2026-07-13,CM,NSE,STK,3126,INE231C01019,SHREYANIND,EQ,,,,,SHREYANS INDUSTRIES LTD,139.0,139.51,135.3,137.98,137.4,139.19,,137.99,,,3022,413912.19,81,F1,1,,,,,
2026-07-13,2026-07-13,CM,NSE,STK,756409,INE0DM401012,SHRIAHIMSA,ST,,,,,SHRI AHIMSA NATURALS LTD,399.0,399.0,385.0,386.0,386.0,401.0,,386.0,,,22800,8901510.0,34,F1,600,,,,,
2026-07-13,2026-07-13,CM,NSE,STK,762899,INE402H01015,SHBAJRG,EQ,,,,,SHRI BAJRANG ALLIANCE L,183.73,194.0,183.08,187.62,187.5,184.65,,187.73,,,5801,1093551.11,162,F1,1,,,,,
2026-07-13,2026-07-13,CM,NSE,STK,758568,INE0NON01025,SHKSIL,SM,,,,,SHRI HARE-KRI SPO IRON L,36.95,38.0,36.95,37.95,37.95,35.0,,37.95,,,10000,373800.0,5,F1,2000,,,,,
2026-07-13,2026-07-13,CM,NSE,STK,760223,INE1V4601019,SHRIKANHA,ST,,,,,SHRI KANHA STAINLESS LTD,24.45,24.55,24.45,24.5,24.5,24.45,,24.5,,,8000,195920.0,4,F1,1600,,,,,
2026-07-13,2026-07-13,CM,NSE,STK,762909,INE997I01012,SHRIKRISH,EQ,,,,,SHRI KRISHNA DEVCON LTD.,45.85,45.85,37.05,39.39,39.5,42.05,,39.39,,,76563,3065434.3,536,F1,1,,,,,
2026-07-13,2026-07-13,CM,NSE,STK,17684,INE0OMF01015,SHRITECH,SM,,,,,SHRI TECHTEX LIMITED,63.0,63.0,63.0,63.0,63.0,63.0,,63.0,,,4000,252000.0,2,F1,2000,,,,,
2026-07-13,2026-07-13,CM,NSE,STK,759093,INE1B3L01017,SHRINGARMS,EQ,,,,,SHRINGAR HOU OF MANGALS L,229.15,235.79,226.2,231.09,231.0,228.95,,231.09,,,1016201,235939989.88,7921,F1,1,,,,,
2026-07-13,2026-07-13,CM,NSE,STK,24374,INF680P01422,LIQUIDSHRI,EQ,,,,,SHRIRAM - LIQUIDSHRI,1112.7,1112.72,1112.7,1112.7,1112.7,1112.56,,1112.7,,,2408,2679395.66,33,F1,1,,,,,
2026-07-13,2026-07-13,CM,NSE,STK,4306,INE721A01047,SHRIRAMFIN,EQ,,,,,SHRIRAM FINANCE LIMITED,1019.9,1053.1,1017.0,1048.1,1048.9,1044.1,,1048.1,,,3212203,3349336454.1,75907,F1,1,,,,,
2026-07-13,2026-07-13,CM,NSE,STK,7200,INE217L01019,SHRIRAMPPS,EQ,,,,,SHRIRAM PROPERTIES LTD,88.05,90.74,88.05,89.36,89.25,89.96,,89.36,,,673752,60380985.04,4438,F1,1,,,,,
2026-07-13,2026-07-13,CM,NSE,STK,6451,INE01Z401013,SHUBHLAXMI,SM,,,,,SHUBHLAXMI JEWEL ART LTD,23.3,23.3,23.25,23.25,23.25,24.45,,23.25,,,10000,232550.0,7,F1,1000,,,,,
2026-07-13,2026-07-13,CM,NSE,STK,10192,INE979R01011,SHYAMCENT,BE,,,,,SHYAM CENTURY FERROUS LTD,5.79,5.85,5.71,5.79,5.78,5.77,,5.79,,,78820,455495.28,112,F1,1,,,,,
2026-07-13,2026-07-13,CM,NSE,STK,761213,INE1CRP01016,SHYAMDHANI,ST,,,,,SHYAM DHANI INDUSTRIES L,60.0,60.0,60.0,60.0,60.0,62.0,,60.0,,,20000,1200000.0,9,F1,2000,,,,,
2026-07-13,2026-07-13,CM,NSE,STK,4693,INE810G01011,SHYAMMETL,EQ,,,,,SHYAM METALICS AND ENGY L,974.95,1038.0,965.15,1029.35,1032.0,975.1,,1029.35,,,2119479,2161603329.05,48256,F1,1,,,,,
2026-07-13,2026-07-13,CM,NSE,STK,13741,INE635A01023,SHYAMTEL,BE,,,,,SHYAM TELECOM LIMITED,16.82,16.82,16.82,16.82,16.82,17.15,,17.0,,,405,6812.1,16,F1,1,,,,,
2026-07-13,2026-07-13,CM,NSE,STK,16875,INE176J01011,SICAGEN,EQ,,,,,SICAGEN INDIA LIMITED,53.4,53.49,52.3,52.61,52.53,52.7,,52.61,,,6939,366693.8,48,F1,1,,,,,
2026-07-13,2026-07-13,CM,NSE,STK,19434,INE075B01020,SICALLOG,EQ,,,,,SICAL LOGISTICS LIMITED,88.0,91.98,87.0,88.32,87.0,90.59,,88.32,,,11575,1027363.99,208,F1,1,,,,,
2026-07-13,2026-07-13,CM,NSE,STK,759053,INE0SVO01019,SIDDHICOTS,SM,,,,,SIDDHI COTSPIN LIMITED,29.0,29.0,29.0,29.0,29.0,29.0,,29.0,,,2400,69600.0,2,F1,1200,,,,,
2026-07-13,2026-07-13,CM,NSE,STK,3148,INE0A1E01018,SIDDHIKA,SM,,,,,SIDDHIKA COATINGS LIMITED,212.8,213.4,212.35,213.15,213.05,223.0,,213.15,,,4500,957625.0,7,F1,500,,,,,
2026-07-13,2026-07-13,CM,NSE,STK,756871,INE1NPP01017,ENRIN,EQ,,,,,SIEMENS ENERGY INDIA LTD,3495.1,3520.0,3389.6,3404.3,3422.0,3526.9,,3404.4,,,458909,1579345209.4,48979,F1,1,,,,,
2026-07-13,2026-07-13,CM,NSE,STK,3150,INE003A01024,SIEMENS,EQ,,,,,SIEMENS LTD,3479.3,3498.0,3440.5,3477.8,3482.0,3496.5,,3477.8,,,231661,804682902.4,17678,F1,1,,,,,
2026-07-13,2026-07-13,CM,NSE,STK,6664,INE0D0K01022,SIGACHI,BE,,,,,SIGACHI INDUSTRIES LTD,23.12,23.12,23.12,23.12,23.12,22.67,,23.07,,,148188,3426106.56,256,F1,1,,,,,
2026-07-13,2026-07-13,CM,NSE,STK,14793,INE933B01012,SIGMAADV,EQ,,,,,SIGMA ADVANCED SYSTEM LTD,582.65,609.9,576.5,582.95,585.0,582.65,,582.95,,,581001,345676344.15,10406,F1,1,,,,,
2026-07-13,2026-07-13,CM,NSE,STK,16658,INE0A0S01028,SIGMA,EQ,,,,,SIGMA SOLVE LIMITED,38.8,38.8,37.81,38.02,38.12,38.34,,38.01,,,38122,1454550.07,653,F1,1,,,,,
2026-07-13,2026-07-13,CM,NSE,STK,18743,INE903U01023,SIGNATURE,EQ,,,,,SIGNATUREGLOBAL INDIA LTD,849.95,874.0,838.2,846.5,843.95,848.85,,846.5,,,435782,370297751.45,15082,F1,1,,,,,
2026-07-13,2026-07-13,CM,NSE,STK,4522,INE529F01035,SIGIND,EQ,,,,,SIGNET INDUSTRIES LIMITED,46.76,47.95,46.76,47.47,47.13,47.33,,47.47,,,12363,584849.05,75,F1,1,,,,,
2026-07-13,2026-07-13,CM,NSE,STK,23150,INE0RDE01010,SIGNORIA,ST,,,,,SIGNORIA CREATION LIMITED,149.75,149.75,149.75,149.75,149.75,142.65,,149.75,,,6000,898500.0,5,F1,1000,,,,,
2026-07-13,2026-07-13,CM,NSE,STK,22656,INE0KGZ01021,SIGNPOST,EQ,,,,,SIGNPOST INDIA LIMITED,320.0,324.0,311.3,321.15,323.25,317.6,,321.15,,,175591,56195821.65,5620,F1,1,,,,,
2026-07-13,2026-07-13,CM,NSE,STK,762914,INE438E01032,SIKA,EQ,,,,,SIKA INTERPLANT SYSTEMS L,1201.0,1210.0,1175.0,1200.8,1202.0,1206.9,,1200.9,,,31962,38101065.4,3131,F1,1,,,,,
2026-07-13,2026-07-13,CM,NSE,STK,6218,INE112X01025,SIKKO,EQ,,,,,SIKKO INDUSTRIES LIMITED,4.04,4.14,4.0,4.03,4.02,4.04,,4.03,,,326466,1332699.23,429,F1,1,,,,,
2026-07-13,2026-07-13,CM,NSE,STK,4105,INE923A01015,SILINV,EQ,,,,,SIL INVESTMENTS LIMITED,417.5,427.0,414.5,420.85,421.0,420.05,,420.85,,,1640,688672.55,76,F1,1,,,,,
2026-07-13,2026-07-13,CM,NSE,STK,2492,INE01II01013,SILGO,EQ,,,,,SILGO RETAIL LIMITED,75.25,75.67,72.46,74.4,72.46,74.8,,74.4,,,169093,12670975.96,545,F1,1,,,,,
2026-07-13,2026-07-13,CM,NSE,STK,23739,INE0STN01015,SILKFLEX,ST,,,,,SILKFLEX POLYMERS INDIA L,212.0,217.9,212.0,217.9,217.9,212.0,,217.9,,,8000,1710850.0,7,F1,1000,,,,,
2026-07-13,2026-07-13,CM,NSE,STK,19097,INE203Y01012,SILLYMONKS,EQ,,,,,SILLY MONKS ENTERTAIN LTD,16.5,16.5,16.0,16.02,16.01,16.03,,16.02,,,14906,238805.03,58,F1,1,,,,,
2026-07-13,2026-07-13,CM,NSE,STK,9422,INE625X01026,SILVERTUC,EQ,,,,,SILVER TOUCH TECHNO LTD,174.2,188.14,170.24,188.08,188.14,179.19,,187.99,,,616862,112691014.57,7019,F1,1,,,,,
2026-07-13,2026-07-13,CM,NSE,STK,758836,INE748T01016,SIMBHALS,BZ,,,,,SIMBHAOLI SUGARS LTD.,7.0,7.2,6.83,7.17,7.18,7.09,,7.17,,,5753,39969.36,54,F1,1,,,,,
2026-07-13,2026-07-13,CM,NSE,STK,763375,INE1K4J01018,SIMCA,SM,,,,,SIMCA ADVERTISING LIMITED,189.6,192.9,189.6,191.3,191.0,190.55,,191.3,,,28800,5508660.0,45,F1,600,,,,,
2026-07-13,2026-07-13,CM,NSE,STK,3162,INE059B01024,SIMPLEXINF,EQ,,,,,SIMPLEX INFRASTRUCTURES L,271.5,271.5,262.4,265.15,265.0,271.75,,265.15,,,109221,29052057.7,1410,F1,1,,,,,
2026-07-13,2026-07-13,CM,NSE,STK,23480,INE985A01022,SINCLAIR,EQ,,,,,SINCLAIRS HOTELS LIMITED,75.79,77.49,74.63,76.93,77.2,75.79,,76.92,,,48453,3683908.59,594,F1,1,,,,,
2026-07-13,2026-07-13,CM,NSE,STK,16859,INE325D01025,SINDHUTRAD,EQ,,,,,SINDHU TRADE LINKS LTD,26.0,26.11,25.62,25.79,25.94,26.25,,25.79,,,456913,11799748.57,1092,F1,1,,,,,
2026-07-13,2026-07-13,CM,NSE,STK,761420,INE638A01035,SINGERIND,EQ,,,,,SINGER INDIA LIMITED,68.06,68.49,67.12,67.54,67.87,68.06,,67.78,,,52503,3563452.04,923,F1,1,,,,,
2026-07-13,2026-07-13,CM,NSE,STK,381,INE129Z01016,SINTERCOM,EQ,,,,,SINTERCOM INDIA LIMITED,82.9,82.9,76.41,76.5,76.52,77.94,,76.5,,,3370,267991.66,56,F1,1,,,,,
2026-07-13,2026-07-13,CM,NSE,STK,11050,INE792Z01011,SIRCA,EQ,,,,,SIRCA PAINT INDIA LIMITED,395.55,407.45,390.0,402.6,402.8,393.65,,402.6,,,252061,101198090.55,4539,F1,1,,,,,
2026-07-13,2026-07-13,CM,NSE,STK,21501,INE285J01028,SIS,EQ,,,,,SIS LIMITED,435.5,439.0,431.55,434.55,435.0,435.5,,434.55,,,96610,42060969.95,5751,F1,1,,,,,
2026-07-13,2026-07-13,CM,NSE,STK,29210,INE965H01011,SITINET,BZ,,,,,SITI NETWORKS LIMITED,0.34,0.34,0.32,0.32,0.33,0.33,,0.32,,,722872,232142.56,227,F1,1,,,,,
2026-07-13,2026-07-13,CM,NSE,STK,14096,INE076B01028,SIYSIL,EQ,,,,,SIYARAM SILK MILLS LTD,640.15,655.05,635.1,649.6,646.35,645.0,,649.6,,,67345,43720145.0,3015,F1,1,,,,,
2026-07-13,2026-07-13,CM,NSE,STK,6643,INE284S01014,SJS,EQ,,,,,SJS ENTERPRISES LIMITED,2176.7,2200.0,2150.1,2154.6,2158.0,2183.4,,2154.7,,,43004,93060586.9,6513,F1,1,,,,,
2026-07-13,2026-07-13,CM,NSE,STK,18883,INE002L01015,SJVN,EQ,,,,,SJVN LTD,69.9,70.95,69.8,70.57,70.63,70.88,,70.56,,,1368755,96512048.55,11343,F1,1,,,,,
2026-07-13,2026-07-13,CM,NSE,STK,760101,INE2J8701016,SKFINDUS,EQ,,,,,SKF IND (INDUSTRIAL) LTD,2820.2,2860.6,2727.6,2751.3,2761.0,2830.4,,2751.3,,,29551,82585757.7,6514,F1,1,,,,,
2026-07-13,2026-07-13,CM,NSE,STK,3186,INE640A01023,SKFINDIA,EQ,,,,,SKF INDIA LTD,1552.1,1584.2,1552.1,1574.1,1570.0,1571.8,,1574.0,,,29203,45948603.7,4711,F1,1,,,,,
2026-07-13,2026-07-13,CM,NSE,STK,24107,INE429F01012,SKIL,BZ,,,,,SKIL INFRASTRUCTURE LTD.,0.93,0.96,0.88,0.88,0.88,0.92,,0.92,,,106763,97140.92,81,F1,1,,,,,
2026-07-13,2026-07-13,CM,NSE,STK,9428,INE439E01022,SKIPPER,EQ,,,,,SKIPPER LIMITED,542.0,565.0,537.95,556.0,557.0,546.5,,556.0,,,521438,290495339.1,16373,F1,1,,,,,
2026-07-13,2026-07-13,CM,NSE,STK,4732,INE411D01023,SKMEGGPROD,EQ,,,,,SKM EGG PROD EXPORT(I) LT,318.0,372.0,315.35,360.9,357.0,321.35,,360.95,,,5940256,2127201105.35,109419,F1,1,,,,,
2026-07-13,2026-07-13,CM,NSE,STK,10325,INE0KZA01016,SKP,SM,,,,,SKP BEARING INDUSTRI. LTD,151.5,151.5,148.5,148.5,148.5,149.85,,148.5,,,2000,301000.0,4,F1,500,,,,,
2026-07-13,2026-07-13,CM,NSE,STK,13631,INE01IU01018,SKYGOLD,EQ,,,,,SKY GOLD AND DIAMONDS LTD,629.0,629.0,615.05,623.2,618.25,623.85,,623.2,,,561774,349884210.35,16469,F1,1,,,,,
2026-07-13,2026-07-13,CM,NSE,STK,757622,INE14GK01016,SMARTEN,ST,,,,,SMARTEN POWER SYSTEMS LTD,61.45,61.45,59.0,60.95,60.95,60.65,,60.95,,,13200,797940.0,11,F1,1200,,,,,
2026-07-13,2026-07-13,CM,NSE,STK,9893,INE178C01020,SMARTLINK,BE,,,,,SMARTLINK HOLDINGS LTD,180.2,193.0,180.2,185.64,187.0,186.81,,184.54,,,7158,1346698.09,127,F1,1,,,,,
2026-07-13,2026-07-13,CM,NSE,STK,757965,INE0NAZ01010,SMARTWORKS,EQ,,,,,SMARTWORKS COWORKING SP L,466.4,476.85,465.7,474.3,472.0,465.7,,474.3,,,25210,11930127.7,1934,F1,1,,,,,
2026-07-13,2026-07-13,CM,NSE,STK,2320,INE103C01036,SMCGLOBAL,EQ,,,,,SMC GLOBAL SECURITIES LTD,74.99,77.5,73.88,76.54,76.8,75.08,,76.54,,,1104487,84111524.9,5585,F1,1,,,,,
2026-07-13,2026-07-13,CM,NSE,STK,3387,INE294B01019,SMLMAH,EQ,,,,,SML MAHINDRA LIMITED,4141.0,4240.0,4050.0,4200.7,4201.7,4154.9,,4202.2,,,102933,428414300.4,12780,F1,1,,,,,
2026-07-13,2026-07-13,CM,NSE,STK,14329,INE812G01025,SMSPHARMA,EQ,,,,,SMS PHARMACEUTICALS LTD.,402.0,411.3,397.85,399.8,398.1,402.7,,399.8,,,564457,227279198.05,18610,F1,1,,,,,
2026-07-13,2026-07-13,CM,NSE,STK,847,INE702Y01013,SMVD,SM,,,,,SMVD POLY PACK LIMITED,13.95,13.95,13.95,13.95,13.95,13.3,,13.95,,,8080,112716.0,2,F1,4040,,,,,
2026-07-13,2026-07-13,CM,NSE,STK,758949,INE1OIC01018,SNEHAA,ST,,,,,SNEHAA ORGANICS LIMITED,44.2,48.8,44.2,47.95,48.8,46.5,,47.95,,,5000,232200.0,5,F1,1000,,,,,
2026-07-13,2026-07-13,CM,NSE,STK,4843,INE734N01019,SNOWMAN,EQ,,,,,SNOWMAN LOGISTICS LTD.,36.5,37.15,36.12,36.55,36.7,36.26,,36.54,,,158898,5840996.67,1138,F1,1,,,,,
2026-07-13,2026-07-13,CM,NSE,STK,13826,INE671H01015,SOBHA,EQ,,,,,SOBHA LIMITED,1513.6,1550.3,1486.0,1517.6,1515.6,1511.3,,1517.6,,,335244,510747814.7,25524,F1,1,,,,,
2026-07-13,2026-07-13,CM,NSE,STK,8268,INE728Z01015,SOFTTECH,BE,,,,,SOFTTECH ENGINEERS LTD,438.35,438.35,412.3,414.65,414.85,434.0,,414.65,,,4246,1776473.1,67,F1,1,,,,,
2026-07-13,2026-07-13,CM,NSE,STK,13332,INE343H01029,SOLARINDS,EQ,,,,,SOLAR INDUSTRIES (I) LTD,18200.0,18347.0,17940.0,18156.0,18135.0,18236.0,,18155.0,,,108258,1963749779.0,32010,F1,1,,,,,
2026-07-13,2026-07-13,CM,NSE,STK,3672,INE624Z01016,SOLARA,EQ,,,,,SOLARA ACTIVE PHA SCI LTD,565.05,591.45,558.75,585.4,583.6,568.9,,585.4,,,271939,158126743.1,10248,F1,1,,,,,
2026-07-13,2026-07-13,CM,NSE,STK,759929,INE0TY101024,SOLARWORLD,EQ,,,,,SOLARWORLD ENERGY SOL LTD,206.77,217.8,205.0,213.9,214.2,209.92,,213.88,,,450544,96492142.46,7159,F1,1,,,,,
2026-07-13,2026-07-13,CM,NSE,STK,759397,INE880Y01017,SOLEX,EQ,,,,,SOLEX ENERGY LIMITED,998.0,1041.3,998.0,1006.9,1009.9,998.0,,1006.9,,,79719,81251094.9,5264,F1,1,,,,,
2026-07-13,2026-07-13,CM,NSE,STK,1338,INE480C01038,SDBL,EQ,,,,,SOM DIST & BREW LTD,67.6,68.08,67.0,67.26,67.65,67.35,,67.26,,,334038,22542403.64,2949,F1,1,,,,,
2026-07-13,2026-07-13,CM,NSE,STK,4201,INE314C01013,SOMATEX,EQ,,,,,SOMA TEXTILES & INDUST LT,116.6,119.35,114.0,114.06,114.0,116.75,,114.08,,,47039,5476186.79,581,F1,1,,,,,
2026-07-13,2026-07-13,CM,NSE,STK,3880,INE355A01028,SOMANYCERA,EQ,,,,,SOMANY CERAMICS LIMITED,519.6,547.75,512.8,536.85,535.15,519.6,,536.85,,,93605,49965460.4,4756,F1,1,,,,,
2026-07-13,2026-07-13,CM,NSE,STK,17794,INE323J01019,SOMICONVEY,EQ,,,,,SOMI CONVEYOR BELT. LTD.,100.0,100.94,97.0,98.05,97.2,98.72,,98.01,,,46172,4554078.82,848,F1,1,,,,,
2026-07-13,2026-07-13,CM,NSE,STK,4684,INE073K01018,SONACOMS,EQ,,,,,SONA BLW PRECISION FRGS L,667.85,673.6,658.7,670.85,671.5,668.55,,670.85,,,1526140,1020688609.75,36319,F1,1,,,,,
2026-07-13,2026-07-13,CM,NSE,STK,23055,INE0Q6H01012,SONAMAC,ST,,,,,SONA MACHINERY LIMITED,31.9,32.5,31.9,31.9,31.9,31.7,,31.9,,,7000,225200.0,6,F1,1000,,,,,
2026-07-13,2026-07-13,CM,NSE,STK,762919,INE321M01017,SONAL,EQ,,,,,SONAL MERCANTILE LTD.,90.5,90.5,90.5,90.5,90.5,91.06,,98.38,,,1,90.5,1,F1,1,,,,,
2026-07-13,2026-07-13,CM,NSE,STK,8806,INE00LM01029,SONAMLTD,EQ,,,,,SONAM LIMITED,54.34,55.73,53.0,53.98,55.0,54.34,,53.98,,,34344,1875924.52,942,F1,1,,,,,
2026-07-13,2026-07-13,CM,NSE,STK,6596,INE269A01021,SONATSOFTW,EQ,,,,,SONATA SOFTWARE LTD,285.0,329.5,281.5,316.05,313.05,285.35,,316.05,,,31028990,9823584242.2,235689,F1,1,,,,,
2026-07-13,2026-07-13,CM,NSE,STK,9463,INE0JZA01018,SONUINFRA,ST,,,,,SONU INFRATECH LIMITED,43.55,43.55,43.3,43.3,43.3,45.55,,43.3,,,66000,2858475.0,11,F1,1500,,,,,
2026-07-13,2026-07-13,CM,NSE,STK,14993,INE0O2D01012,SOTAC,SM,,,,,SOTAC PHARMACEUTICALS LTD,100.0,100.0,100.0,100.0,100.0,100.5,,100.0,,,1200,120000.0,1,F1,1200,,,,,
2026-07-13,2026-07-13,CM,NSE,STK,9678,INE980Y01015,SOUTHWEST,EQ,,,,,SOUTH WEST PINNACLE LTD,225.6,229.18,223.0,224.03,223.02,226.63,,224.03,,,75644,17078872.06,1941,F1,1,,,,,
2026-07-13,2026-07-13,CM,NSE,STK,8521,INE0JW501011,SPRL,SM,,,,,SP REFRACTORIES LIMITED,111.0,111.0,111.0,111.0,111.0,111.0,,111.0,,,800,88800.0,1,F1,800,,,,,
2026-07-13,2026-07-13,CM,NSE,STK,19372,INE970N01027,SPCENET,EQ,,,,,SPACENET ENTERS IND LTD,4.09,4.17,3.8,3.8,3.8,4.0,,3.8,,,1315403,5125923.21,942,F1,1,,,,,
2026-07-13,2026-07-13,CM,NSE,STK,758420,IN9572J01019,SSFLPP,E1,,,,,SPANDANA RS.5 PPD UP,167.4,169.0,163.05,166.95,168.0,165.4,,166.85,,,11904,1994731.45,203,F1,1,,,,,
2026-07-13,2026-07-13,CM,NSE,STK,11435,INE572J01011,SPANDANA,EQ,,,,,SPANDANA SPHOORTY FIN LTD,304.05,317.0,300.85,305.3,306.0,305.85,,305.3,,,555088,172249851.5,14431,F1,1,,,,,
2026-07-13,2026-07-13,CM,NSE,STK,760138,INE1CW901027,SPEB,ST,,,,,SPEB ADHESIVES LIMITED,90.0,90.0,90.0,90.0,90.0,90.0,,90.0,,,2000,180000.0,1,F1,2000,,,,,
2026-07-13,2026-07-13,CM,NSE,STK,27107,INE247M01014,SPECIALITY,EQ,,,,,SPECIALITY REST LTD,121.5,127.0,121.5,124.05,123.05,122.38,,124.26,,,30959,3830848.96,1111,F1,1,,,,,
2026-07-13,2026-07-13,CM,NSE,STK,30455,INE01EO01010,SPECTRUM,EQ,,,,,SPECTRUM ELECTRIC IND LTD,1925.0,2085.7,1905.7,2005.5,1991.0,1921.6,,2005.5,,,41935,84759326.0,5877,F1,1,,,,,
2026-07-13,2026-07-13,CM,NSE,STK,16883,INE0OL001018,SPECTSTM,ST,,,,,SPECTRUM TALENT MGMT LTD,57.05,57.15,57.05,57.05,57.05,57.25,,57.05,,,12800,730320.0,3,F1,800,,,,,
2026-07-13,2026-07-13,CM,NSE,STK,8163,INE020801028,SPENCERS,EQ,,,,,SPENCER S RETAIL LIMITED,34.96,35.65,34.71,35.39,35.65,34.97,,35.39,,,15789,555768.89,265,F1,1,,,,,
2026-07-13,2026-07-13,CM,NSE,STK,3252,INE147A01011,SPIC,EQ,,,,,SPIC LTD,68.0,68.8,67.6,68.11,68.2,68.35,,68.11,,,273413,18638581.61,2187,F1,1,,,,,
2026-07-13,2026-07-13,CM,NSE,STK,11935,INE978G01016,SPLIL,EQ,,,,,SPL INDUSTRIES LIMITED,31.55,31.69,30.52,31.12,31.1,32.11,,31.12,,,633,19830.67,50,F1,1,,,,,
2026-07-13,2026-07-13,CM,NSE,STK,3321,INE937A01023,SPMLINFRA,EQ,,,,,SPML INFRA LIMITED,191.41,193.72,189.61,192.16,192.5,193.15,,192.15,,,95000,18219245.37,1821,F1,1,,,,,
2026-07-13,2026-07-13,CM,NSE,STK,10733,INE885H01029,SPORTKING,EQ,,,,,SPORTKING INDIA LIMITED,182.51,197.0,179.33,192.53,194.75,182.64,,192.51,,,1281146,245743311.3,17764,F1,1,,,,,
2026-07-13,2026-07-13,CM,NSE,STK,25306,INE0QR801013,SPPPOLY,SM,,,,,SPP POLYMER LIMITED,13.1,13.1,13.1,13.1,13.1,13.1,,13.1,,,2000,26200.0,1,F1,2000,,,,,
2026-07-13,2026-07-13,CM,NSE,STK,17186,INE526E01018,SHRIPISTON,EQ,,,,,SPR AUTO TECHNOLOGIES LTD,4157.0,4243.9,4125.1,4185.1,4212.0,4189.6,,4185.1,,,35867,150419756.0,13165,F1,1,,,,,
2026-07-13,2026-07-13,CM,NSE,STK,757865,INE19QH01010,SPUNWEB,SM,,,,,SPUNWEB NONWOVEN LIMITED,106.0,106.95,104.1,105.5,106.95,106.0,,105.5,,,6000,634860.0,5,F1,1200,,,,,
2026-07-13,2026-07-13,CM,NSE,STK,14582,INE917H01012,SRHHYPOLTD,EQ,,,,,SREE RAYALSEEMA HHP LTD.,495.8,499.0,494.15,495.5,494.55,496.1,,495.5,,,4138,2050809.05,207,F1,1,,,,,
2026-07-13,2026-07-13,CM,NSE,STK,31837,INE099F01013,SREEL,EQ,,,,,SREELEATHERS LIMITED,211.85,212.78,210.67,211.76,211.9,210.03,,211.74,,,1890,400113.27,108,F1,1,,,,,
2026-07-13,2026-07-13,CM,NSE,STK,3273,INE647A01010,SRF,EQ,,,,,SRF LTD,2777.6,2780.4,2739.0,2741.6,2743.9,2774.6,,2741.5,,,122987,338141614.5,11694,F1,1,,,,,
2026-07-13,2026-07-13,CM,NSE,STK,18119,INE559N01010,SRGHFL,EQ,,,,,SRG HOUSING FINANCE L,294.75,306.25,294.75,305.1,305.1,306.3,,305.1,,,1530,463415.45,43,F1,1,,,,,
2026-07-13,2026-07-13,CM,NSE,STK,7457,INE293B01029,HAVISHA,EQ,,,,,SRI HAVISHA HOSP & INFR L,1.16,1.23,1.12,1.21,1.22,1.12,,1.22,,,94118,111690.5,191,F1,1,,,,,
2026-07-13,2026-07-13,CM,NSE,STK,758145,INE0V9Q01010,LOTUSDEV,EQ,,,,,SRI LOTUS DEVLPRS N RTY L,143.0,146.7,143.0,144.46,144.8,145.42,,144.47,,,418839,60828995.47,6425,F1,1,,,,,
2026-07-13,2026-07-13,CM,NSE,STK,761393,INE0TPJ01019,SPCON,SM,,,,,SRINIBAS PRADHAN CONST L,135.0,135.0,135.0,135.0,135.0,139.7,,135.0,,,1200,162000.0,1,F1,1200,,,,,
2026-07-13,2026-07-13,CM,NSE,STK,18059,INE0ON201012,SSFL,ST,,,,,SRIVARI SPICES N FOODS L,277.5,277.5,260.3,260.5,260.3,274.0,,260.5,,,33500,8845875.0,43,F1,500,,,,,
2026-07-13,2026-07-13,CM,NSE,STK,14416,INE0NPI01014,SRIVASAVI,ST,,,,,SRIVASAVI ADHESIVE TAPE L,84.0,84.0,83.85,83.85,83.85,80.15,,83.85,,,2000,167850.0,2,F1,1000,,,,,
2026-07-13,2026-07-13,CM,NSE,STK,23402,INE0R6Z01013,SRM,EQ,,,,,SRM CONTRACTORS LIMITED,496.0,504.15,482.6,498.55,500.0,500.65,,498.55,,,67578,33805214.0,4835,F1,1,,,,,
2026-07-13,2026-07-13,CM,NSE,STK,29204,INE0RYC01010,STALLION,EQ,,,,,STALLION IND FLUOROCHEM L,200.8,213.28,200.15,209.88,209.0,204.88,,209.88,,,4422397,923354617.33,45937,F1,1,,,,,
2026-07-13,2026-07-13,CM,NSE,STK,29075,INE0M4D01010,SETL,EQ,,,,,STANDARD ENGNG TCNLGY LTD,291.6,298.0,276.2,277.55,276.2,290.7,,277.35,,,1202186,344230059.2,14036,F1,1,,,,,
2026-07-13,2026-07-13,CM,NSE,STK,11297,INE173A01025,SIL,EQ,,,,,STANDARD INDUSTRIES LTD.,16.46,16.69,16.03,16.31,16.38,16.46,,16.31,,,21574,351992.6,198,F1,1,,,,,
2026-07-13,2026-07-13,CM,NSE,STK,24226,INE01A001028,STANLEY,EQ,,,,,STANLEY LIFESTYLES LTD,158.0,160.0,154.01,159.29,159.5,156.21,,159.26,,,183612,28995750.3,4188,F1,1,,,,,
2026-07-13,2026-07-13,CM,NSE,STK,21091,INE460H01021,STARCEMENT,EQ,,,,,STAR CEMENT LIMITED,205.26,206.68,204.0,206.31,206.13,205.26,,206.3,,,111652,22922852.3,2692,F1,1,,,,,
2026-07-13,2026-07-13,CM,NSE,STK,7083,INE575P01011,STARHEALTH,EQ,,,,,STAR HEALTH & AL INS CO L,603.2,613.95,595.1,599.75,597.9,603.25,,599.75,,,719531,435784104.6,16689,F1,1,,,,,
2026-07-13,2026-07-13,CM,NSE,STK,3291,INE733A01018,STARPAPER,EQ,,,,,STAR PAPER MILLS LTD,138.25,142.0,136.0,141.43,141.99,139.08,,141.41,,,7233,1009364.61,126,F1,1,,,,,
2026-07-13,2026-07-13,CM,NSE,STK,9305,INE992I01013,STARTECK,EQ,,,,,STARTECK FINANCE LIMITED,289.0,289.0,270.1,271.35,270.3,280.3,,271.45,,,6681,1850188.65,147,F1,1,,,,,
2026-07-13,2026-07-13,CM,NSE,STK,3045,INE062A01020,SBIN,EQ,,,,,STATE BANK OF INDIA,1023.5,1042.9,1022.1,1037.0,1036.7,1036.0,,1037.0,,,8381510,8687789541.5,196329,F1,1,,,,,
2026-07-13,2026-07-13,CM,NSE,STK,2963,INE114A01011,SAIL,EQ,,,,,STEEL AUTHORITY OF INDIA,166.2,167.64,163.71,167.01,166.82,167.95,,167.01,,,10301179,1705729318.61,47452,F1,1,,,,,
2026-07-13,2026-07-13,CM,NSE,STK,10406,INE395H01011,STEELCITY,EQ,,,,,STEEL CITY SECURITIES LTD,78.9,78.9,76.7,77.23,77.01,78.32,,77.23,,,5746,444700.73,144,F1,1,,,,,
2026-07-13,2026-07-13,CM,NSE,STK,21339,INE503B01021,STEELXIND,EQ,,,,,STEEL EXCHANGE INDIA LTD,12.05,12.22,11.97,12.12,12.14,12.01,,12.12,,,1370309,16589061.95,2212,F1,1,,,,,
2026-07-13,2026-07-13,CM,NSE,STK,11829,INE802C01033,SSWL,EQ,,,,,STEEL STRIPS WHEELS LTD.,245.5,254.79,243.34,253.26,253.39,246.05,,253.25,,,564893,141754814.84,9442,F1,1,,,,,
2026-07-13,2026-07-13,CM,NSE,STK,6803,INE124E01038,STEELCAS,EQ,,,,,STEELCAST LIMITED,314.25,320.35,308.0,309.3,308.35,312.8,,309.3,,,127539,39986342.45,4103,F1,1,,,,,
2026-07-13,2026-07-13,CM,NSE,STK,21484,INE577L01016,STEL,EQ,,,,,STEL HOLDINGS LIMITED,560.1,569.95,541.45,553.95,569.95,562.9,,554.05,,,3282,1809408.8,320,F1,1,,,,,
2026-07-13,2026-07-13,CM,NSE,STK,6188,INE334A01023,STERTOOLS,BE,,,,,STERLING TOOLS LIMITED,240.0,247.0,236.0,243.73,243.75,242.28,,243.34,,,13720,3308765.37,338,F1,1,,,,,
2026-07-13,2026-07-13,CM,NSE,STK,9313,INE089C01029,STLTECH,BE,,,,,STERLITE TECHNOLOGIES LTD,531.0,548.0,515.9,518.15,515.9,543.05,,517.75,,,1890558,990854353.2,27048,F1,1,,,,,
2026-07-13,2026-07-13,CM,NSE,STK,13367,INE353H01010,SGL,EQ,,,,,STL GLOBAL LIMITED,10.0,10.26,9.9,10.01,10.0,10.27,,10.01,,,5724,57171.13,67,F1,1,,,,,
2026-07-13,2026-07-13,CM,NSE,STK,758978,INE1VXE01018,STLNETWORK,BE,,,,,STL NETWORKS LIMITED,26.08,26.08,25.05,25.31,25.4,25.66,,25.26,,,310347,7879696.14,1525,F1,1,,,,,
2026-07-13,2026-07-13,CM,NSE,STK,2107,INE00IN01015,STOVEKRAFT,EQ,,,,,STOVE KRAFT LIMITED,807.6,809.7,786.1,791.15,790.0,798.95,,791.15,,,127499,101630070.2,5205,F1,1,,,,,
2026-07-13,2026-07-13,CM,NSE,STK,761091,INE1XWN01017,STRIDERS,SM,,,,,STRIDERS IMPEX LIMITED,55.8,56.5,55.5,56.5,56.5,55.2,,56.5,,,20800,1163840.0,9,F1,1600,,,,,
2026-07-13,2026-07-13,CM,NSE,STK,7374,INE939A01011,STAR,EQ,,,,,STRIDES PHARMA SCI LTD,1083.0,1091.2,1067.0,1074.0,1077.0,1082.6,,1074.0,,,97494,105138815.9,10918,F1,1,,,,,
2026-07-13,2026-07-13,CM,NSE,STK,12489,INE00M201021,SWSOLAR,EQ,,,,,STRLNG & WIL REN ENE LTD,235.0,243.7,233.97,236.96,237.11,236.55,,236.96,,,1830875,438262039.93,22720,F1,1,,,,,
2026-07-13,2026-07-13,CM,NSE,STK,759587,INE00Q601028,STUDDS,EQ,,,,,STUDDS ACCESSORIES LTD,460.2,463.45,453.6,459.65,458.45,461.35,,459.85,,,38170,17544724.6,1519,F1,1,,,,,
2026-07-13,2026-07-13,CM,NSE,STK,758530,INE17VO01028,STUDIOLSD,ST,,,,,STUDIO LSD LIMITED,8.4,8.8,8.4,8.8,8.8,8.8,,8.8,,,36000,309400.0,17,F1,2000,,,,,
2026-07-13,2026-07-13,CM,NSE,STK,5186,INE239C01020,STYLAMIND,EQ,,,,,STYLAM INDUSTRIES LIMITED,3284.8,3329.9,3214.2,3245.5,3245.7,3284.8,,3245.6,,,41743,136504085.2,6974,F1,1,,,,,
2026-07-13,2026-07-13,CM,NSE,STK,19,INE189B01011,STYRENIX,EQ,,,,,STYRENIX PERFORMANCE LTD,2265.0,2338.0,2246.7,2317.7,2319.0,2271.3,,2317.7,,,18804,43339610.5,1687,F1,1,,,,,
2026-07-13,2026-07-13,CM,NSE,STK,760112,INE0RYR01018,SUBAHOTELS,SM,,,,,SUBA HOTELS LIMITED,117.0,120.8,110.8,113.95,113.95,117.0,,113.95,,,129600,14947620.0,99,F1,1200,,,,,
2026-07-13,2026-07-13,CM,NSE,STK,959,INE754A01055,SUBEXLTD,BE,,,,,SUBEX LTD,13.15,13.8,13.0,13.53,13.47,13.23,,13.54,,,2546035,34446897.35,3255,F1,1,,,,,
2026-07-13,2026-07-13,CM,NSE,STK,3324,INE287B01021,SUBROS,EQ,,,,,SUBROS LIMITED,817.5,829.0,806.55,821.75,828.0,821.65,,821.5,,,43648,35816760.95,3841,F1,1,,,,,
2026-07-13,2026-07-13,CM,NSE,STK,3327,INE659A01023,SUDARSCHEM,EQ,,,,,SUDARSHAN CHEMICAL INDS L,990.0,1052.3,986.2,1038.05,1032.0,999.25,,1038.1,,,584126,603664548.75,28603,F1,1,,,,,
2026-07-13,2026-07-13,CM,NSE,STK,715,INE492A01029,SUDARCOLOR,EQ,,,,,SUDARSHAN COLORNT IND LTD,376.0,394.8,362.7,381.25,394.5,370.55,,381.05,,,9323,3491611.7,401,F1,1,,,,,
2026-07-13,2026-07-13,CM,NSE,STK,760039,INE0QPI01025,SUDEEPPHRM,EQ,,,,,SUDEEP PHARMA LIMITED,811.0,862.2,811.0,847.55,845.0,824.25,,847.65,,,233753,198445284.75,15932,F1,1,,,,,
2026-07-13,2026-07-13,CM,NSE,STK,11804,INE450E01029,SUKHJITS,EQ,,,,,SUKHJIT STARCH & CHEM LTD,172.84,173.98,168.5,169.4,170.68,173.3,,169.55,,,13337,2280227.63,324,F1,1,,,,,
2026-07-13,2026-07-13,CM,NSE,STK,13218,INE142Q01026,SULA,EQ,,,,,SULA VINEYARDS LIMITED,150.87,153.3,149.24,150.98,151.1,149.96,,150.97,,,252516,38230459.34,7177,F1,1,,,,,
2026-07-13,2026-07-13,CM,NSE,STK,20790,INE235C01036,SUMEETINDS,EQ,,,,,SUMEET IND LIMITED,31.76,32.98,31.45,32.63,32.4,31.72,,32.63,,,8871676,285710962.19,8378,F1,1,,,,,
2026-07-13,2026-07-13,CM,NSE,STK,754145,INE235C20010,SUMEET-RE,BE,,,,,SUMEET INDUSTRIES LTD,2.25,2.48,2.18,2.47,2.48,2.26,,2.47,,,15598931,38399389.76,1826,F1,1,,,,,
2026-07-13,2026-07-13,CM,NSE,STK,11141,INE748Z01013,SUMIT,BE,,,,,SUMIT WOODS LIMITED,46.79,47.0,46.0,46.91,46.92,46.84,,46.91,,,172478,8078105.17,112,F1,1,,,,,
2026-07-13,2026-07-13,CM,NSE,STK,17105,INE258G01013,SUMICHEM,EQ,,,,,SUMITOMO CHEM INDIA LTD,513.0,534.25,507.05,531.9,528.2,513.7,,531.9,,,2041964,1074849615.5,37462,F1,1,,,,,
2026-07-13,2026-07-13,CM,NSE,STK,21275,INE519C01017,SUMMITSEC,EQ,,,,,SUMMIT SECURITIES LTD,1563.6,1610.0,1532.0,1572.0,1570.0,1563.6,,1572.0,,,6747,10650421.1,950,F1,1,,,,,
2026-07-13,2026-07-13,CM,NSE,STK,14788,INE232I01014,SPARC,EQ,,,,,SUN PHARMA ADV.RES.CO.LTD,261.5,269.39,258.0,259.42,259.88,264.6,,259.4,,,1516048,398769726.76,24082,F1,1,,,,,
2026-07-13,2026-07-13,CM,NSE,STK,3351,INE044A01036,SUNPHARMA,EQ,,,,,SUN PHARMACEUTICAL IND L,1925.9,1933.1,1911.0,1921.4,1919.7,1935.5,,1921.5,,,1573176,3023266097.1,73912,F1,1,,,,,
2026-07-13,2026-07-13,CM,NSE,STK,13404,INE424H01027,SUNTV,EQ,,,,,SUN TV NETWORK LIMITED,499.7,501.75,493.15,499.5,500.0,499.7,,499.5,,,91986,45767039.65,8534,F1,1,,,,,
2026-07-13,2026-07-13,CM,NSE,STK,20956,INE0Q3R01026,SUNCLAY,EQ,,,,,SUNDARAM CLAYTON LIMITED,1333.8,1404.9,1324.0,1393.3,1368.0,1346.0,,1393.6,,,11587,15879400.5,1884,F1,1,,,,,
2026-07-13,2026-07-13,CM,NSE,STK,3339,INE660A01013,SUNDARMFIN,EQ,,,,,SUNDARAM FINANCE LTD,4574.9,4599.0,4515.0,4529.1,4523.4,4574.9,,4529.2,,,48117,218220947.4,7978,F1,1,,,,,
2026-07-13,2026-07-13,CM,NSE,STK,18931,INE108E01023,SUNDARAM,EQ,,,,,SUNDARAM MULTI PAP LTD,1.28,1.29,1.26,1.27,1.29,1.28,,1.27,,,172285,219325.61,243,F1,1,,,,,
2026-07-13,2026-07-13,CM,NSE,STK,9848,INE073D01013,SUNDRMBRAK,BE,,,,,SUNDARAMBRAKE LININGS LTD,788.6,816.1,769.0,816.1,816.1,777.25,,815.75,,,2052,1649682.5,82,F1,1,,,,,
2026-07-13,2026-07-13,CM,NSE,STK,3345,INE387A01021,SUNDRMFAST,EQ,,,,,SUNDRAM FASTENERS LTD,938.4,963.6,938.4,960.95,962.5,940.8,,960.95,,,89910,86153489.45,6976,F1,1,,,,,
2026-07-13,2026-07-13,CM,NSE,STK,1663,INE209A01019,SUNDROP,EQ,,,,,SUNDROP BRANDS LIMITED,623.25,654.9,623.25,637.35,636.5,626.35,,637.35,,,61932,39719977.8,1333,F1,1,,,,,
2026-07-13,2026-07-13,CM,NSE,STK,3348,INE947A01014,SUNFLAG,EQ,,,,,SUNFLAG IRON AND STEEL CO,340.0,354.9,338.55,344.05,344.7,342.7,,344.05,,,370486,128685288.55,8708,F1,1,,,,,
2026-07-13,2026-07-13,CM,NSE,STK,18267,INE0O3O01017,SEL,ST,,,,,SUNGARNER ENERGIES LTD,220.0,229.0,218.1,229.0,229.0,218.1,,229.0,,,4600,1036600.0,22,F1,200,,,,,
2026-07-13,2026-07-13,CM,NSE,STK,24872,INE0U2N01013,SUNLITE,ST,,,,,SUNLITE RECYCLING IND LTD,445.0,454.0,432.0,454.0,454.0,449.0,,454.0,,,6000,2679210.0,20,F1,300,,,,,
2026-07-13,2026-07-13,CM,NSE,STK,757766,INE0SGZ01016,SUNTECH,ST,,,,,SUNTECH INFRA SOLUTIONS L,31.45,31.5,28.8,30.05,31.25,30.0,,30.05,,,67200,2030320.0,27,F1,1600,,,,,
2026-07-13,2026-07-13,CM,NSE,STK,17641,INE805D01034,SUNTECK,EQ,,,,,SUNTECK REALTY LIMITED,324.0,329.0,318.15,323.95,325.5,327.2,,323.95,,,363489,117801711.55,9264,F1,1,,,,,
2026-07-13,2026-07-13,CM,NSE,STK,8931,INE662A01027,SUPERSPIN,BE,,,,,SUPER SPINNING MILLS LTD,5.15,5.15,5.0,5.0,5.0,5.1,,5.03,,,545,2795.1,5,F1,1,,,,,
2026-07-13,2026-07-13,CM,NSE,STK,20616,INE712B01010,SUPERHOUSE,EQ,,,,,SUPERHOUSE LIMITED,157.78,159.0,154.21,157.2,155.0,157.79,,157.15,,,3023,474483.07,107,F1,1,,,,,
2026-07-13,2026-07-13,CM,NSE,STK,11689,INE399C01030,SUPRAJIT,EQ,,,,,SUPRAJIT ENGINEERING LTD,510.0,513.7,495.05,497.75,496.15,509.0,,497.75,,,221791,111665303.0,11204,F1,1,,,,,
2026-07-13,2026-07-13,CM,NSE,STK,758997,INE319Z01021,SUPREMEENG,BZ,,,,,SUPREME ENGINEERING LTD,1.65,1.65,1.65,1.65,1.65,1.62,,1.65,,,207928,343081.2,40,F1,1,,,,,
2026-07-13,2026-07-13,CM,NSE,STK,28069,INE0U6N01014,SFML,SM,,,,,SUPREME FACILITY MGMT LTD,24.5,24.5,23.0,23.0,23.0,24.0,,23.0,,,8000,189680.0,5,F1,1600,,,,,
2026-07-13,2026-07-13,CM,NSE,STK,29439,INE822E01011,SUPREME,EQ,,,,,SUPREME HOLDIN N HOSP I L,48.9,48.9,46.75,47.35,48.0,47.16,,47.36,,,7657,365331.36,138,F1,1,,,,,
2026-07-13,2026-07-13,CM,NSE,STK,3363,INE195A01028,SUPREMEIND,EQ,,,,,SUPREME INDUSTRIES LTD,3319.6,3344.4,3289.4,3334.6,3328.0,3319.6,,3334.6,,,209558,698039758.7,15932,F1,1,,,,,
2026-07-13,2026-07-13,CM,NSE,STK,15002,INE550H01011,SUPREMEINF,EQ,,,,,SUPREME INFRA. LTD.,80.6,80.79,77.5,79.14,80.3,80.35,,79.14,,,55293,4365750.87,3665,F1,1,,,,,
2026-07-13,2026-07-13,CM,NSE,STK,9617,INE663A01033,SPLPETRO,EQ,,,,,SUPREME PETROCHEM LIMITED,734.4,736.6,725.35,734.75,733.8,733.55,,734.7,,,26362,19292041.85,2145,F1,1,,,,,
2026-07-13,2026-07-13,CM,NSE,STK,21074,INE0QHG01026,SUPREMEPWR,ST,,,,,SUPREME POWER EQUIPMENT L,214.0,223.0,210.0,219.7,220.5,215.75,,219.7,,,54500,11731575.0,99,F1,500,,,,,
2026-07-13,2026-07-13,CM,NSE,STK,7390,INE07RO01027,SUPRIYA,EQ,,,,,SUPRIYA LIFESCIENCE LTD,850.0,871.9,839.9,845.0,847.4,854.6,,845.2,,,218343,185917295.9,11994,F1,1,,,,,
2026-07-13,2026-07-13,CM,NSE,STK,20822,INE843S01025,SURAJEST,EQ,,,,,SURAJ ESTATE DEVELOPERS L,203.98,208.75,203.0,207.3,206.51,204.61,,207.32,,,61377,12664637.35,1322,F1,1,,,,,
2026-07-13,2026-07-13,CM,NSE,STK,24966,INE713C01016,SURAJLTD,EQ,,,,,SURAJ LIMITED,230.0,230.5,220.05,221.79,225.0,233.42,,221.85,,,2055,458479.17,71,F1,1,,,,,
2026-07-13,2026-07-13,CM,NSE,STK,27334,INE877V01027,SURAKSHA,EQ,,,,,SURAKSHA DIAGNOSTIC LTD,260.45,271.8,259.95,260.95,260.0,264.3,,260.95,,,72304,19123851.8,2099,F1,1,,,,,
2026-07-13,2026-07-13,CM,NSE,STK,21077,INE272L01022,SURANASOL,EQ,,,,,SURANA SOLAR LIMITED,25.51,25.76,25.07,25.19,25.2,25.75,,25.19,,,35763,904192.12,557,F1,1,,,,,
2026-07-13,2026-07-13,CM,NSE,STK,10700,INE130B01031,SURANAT&P,EQ,,,,,SURANA TELECOM AND POW LT,18.59,18.87,18.51,18.58,18.59,18.71,,18.56,,,44543,829166.72,326,F1,1,,,,,
2026-07-13,2026-07-13,CM,NSE,STK,8513,INE01ZJ01015,SURANI,SM,,,,,SURANI STEEL TUBES LTD.,99.25,104.8,97.1,101.9,97.1,104.0,,101.9,,,13200,1315840.0,10,F1,200,,,,,
2026-07-13,2026-07-13,CM,NSE,STK,14139,INE05ST01028,SBGLP,EQ,,,,,SURATWWALA BUS GROUP LTD,26.49,26.49,23.15,25.2,25.0,25.17,,25.2,,,7949,198177.14,114,F1,1,,,,,
2026-07-13,2026-07-13,CM,NSE,STK,3375,INE335A01020,SURYAROSNI,EQ,,,,,SURYA ROSHNI LTD,255.0,256.0,249.95,251.45,251.5,257.2,,251.45,,,647998,163464605.75,12083,F1,1,,,,,
2026-07-13,2026-07-13,CM,NSE,STK,11852,INE713B01026,SURYALAXMI,EQ,,,,,SURYALAKSHMI COT MIL LTD,60.0,60.51,59.65,60.03,60.0,58.5,,60.03,,,12087,725544.01,45,F1,1,,,,,
2026-07-13,2026-07-13,CM,NSE,STK,762924,INE132C01027,SURYALA,EQ,,,,,SURYALATA SPINNING MILL L,442.25,442.25,436.0,438.1,436.0,445.1,,438.15,,,1115,490084.0,42,F1,1,,,,,
2026-07-13,2026-07-13,CM,NSE,STK,2970,INE428Q01011,SURYODAY,EQ,,,,,SURYODAY SMALL FIN BK LTD,184.0,195.0,182.1,191.57,190.25,184.31,,191.58,,,1469275,279135408.18,18501,F1,1,,,,,
2026-07-13,2026-07-13,CM,NSE,STK,13804,INE645H01027,SUTLEJTEX,BE,,,,,SUTLEJ TEXT & INDUS LTD,37.98,38.7,37.71,37.8,37.81,37.98,,37.8,,,8165,309307.49,55,F1,1,,,,,
2026-07-13,2026-07-13,CM,NSE,STK,11233,INE495B01038,SUVEN,EQ,,,,,SUVEN LIFE SCIENCES LTD,360.0,371.0,353.8,359.55,360.0,357.85,,359.55,,,1275234,462129633.45,23315,F1,1,,,,,
2026-07-13,2026-07-13,CM,NSE,STK,2998,INE018401013,SUVIDHAA,EQ,,,,,SUVIDHAA INFOSERVE LTD,2.56,2.59,2.53,2.54,2.54,2.55,,2.54,,,96164,245268.83,201,F1,1,,,,,
2026-07-13,2026-07-13,CM,NSE,STK,24851,INE442P01014,SUYOG,EQ,,,,,SUYOG TELEMATICS LIMITED,876.7,899.0,853.05,873.75,875.0,872.0,,874.05,,,35031,30571796.15,2436,F1,1,,,,,
2026-07-13,2026-07-13,CM,NSE,STK,12018,INE040H01021,SUZLON,EQ,,,,,SUZLON ENERGY LIMITED,53.6,53.63,52.92,53.17,53.23,53.92,,53.17,,,40687795,2165177149.91,80153,F1,1,,,,,
2026-07-13,2026-07-13,CM,NSE,STK,5023,INE308E01029,SVPGLOB,BE,,,,,SVP GLOBAL TEXTILES LTD,3.82,3.99,3.71,3.78,3.75,3.82,,3.79,,,10061,38081.55,56,F1,1,,,,,
2026-07-13,2026-07-13,CM,NSE,STK,27095,INE665A01038,SWANCORP,EQ,,,,,SWAN CORP LIMITED,318.8,325.4,314.35,323.45,323.65,319.2,,323.45,,,797975,256808638.0,15426,F1,1,,,,,
2026-07-13,2026-07-13,CM,NSE,STK,29164,INE542F01020,SWANDEF,BE,,,,,SWAN DEFENCE N HEVY IND L,2237.0,2288.0,2171.1,2254.6,2259.9,2233.0,,2248.3,,,38108,84820494.2,658,F1,1,,,,,
2026-07-13,2026-07-13,CM,NSE,STK,3384,INE277A01016,SWARAJENG,EQ,,,,,SWARAJ ENGINES LTD,3779.0,3809.0,3712.0,3789.6,3805.0,3779.4,,3789.4,,,7567,28655087.2,1379,F1,1,,,,,
2026-07-13,2026-07-13,CM,NSE,STK,8608,INE0GMR01016,SWARAJ,SM,,,,,SWARAJ SUITING LIMITED,334.0,347.0,322.0,342.65,344.9,326.45,,342.65,,,187000,62132825.0,247,F1,500,,,,,
2026-07-13,2026-07-13,CM,NSE,STK,11497,INE0DGC01025,SWASTIK,ST,,,,,SWASTIK PIPE LIMITED,14.85,14.85,14.85,14.85,14.85,14.15,,14.85,,,3600,53460.0,3,F1,1200,,,,,
2026-07-13,2026-07-13,CM,NSE,STK,11909,INE409B01013,SWELECTES,EQ,,,,,SWELECT ENERGY SYS LTD,636.0,658.95,635.45,640.85,640.0,645.1,,640.85,,,28478,18398223.8,1799,F1,1,,,,,
2026-07-13,2026-07-13,CM,NSE,STK,27066,INE00H001014,SWIGGY,EQ,,,,,SWIGGY LIMITED,269.99,272.78,266.13,266.77,266.99,273.25,,266.77,,,17568805,4716704591.56,194563,F1,1,,,,,
2026-07-13,2026-07-13,CM,NSE,STK,24267,INE01IH01015,SYLVANPLY,SM,,,,,SYLVAN PLYBOARD (INDIA) L,61.65,61.65,59.8,59.8,59.8,62.9,,59.8,,,4000,242900.0,2,F1,2000,,,,,
2026-07-13,2026-07-13,CM,NSE,STK,24190,INE225D01027,SYMPHONY,EQ,,,,,SYMPHONY LIMITED,711.3,735.0,705.0,732.45,730.8,720.1,,732.4,,,126096,91374598.25,5343,F1,1,,,,,
2026-07-13,2026-07-13,CM,NSE,STK,11992,INE312C01025,SYNCOMF,EQ,,,,,SYNCOM FORMU (I) LTD,14.09,14.15,13.9,13.94,13.96,14.18,,13.94,,,1351879,18913114.65,3257,F1,1,,,,,
2026-07-13,2026-07-13,CM,NSE,STK,5114,INE00QT01015,SGIL,EQ,,,,,SYNERGY GREEN IND. LTD,606.0,610.9,590.0,590.45,590.0,603.8,,590.45,,,13373,8025928.7,617,F1,1,,,,,
2026-07-13,2026-07-13,CM,NSE,STK,10243,INE398R01022,SYNGENE,EQ,,,,,SYNGENE INTERNATIONAL LTD,418.45,422.35,416.0,420.35,421.4,420.35,,420.35,,,538680,225456425.8,20278,F1,1,,,,,
2026-07-13,2026-07-13,CM,NSE,STK,17206,INE0BTR01012,SYNOPTICS,ST,,,,,SYNOPTICS TECHNOLOGIES L,75.05,82.0,75.05,82.0,82.0,79.0,,82.0,,,3600,289890.0,5,F1,600,,,,,
2026-07-13,2026-07-13,CM,NSE,STK,10793,INE0DYJ01015,SYRMA,EQ,,,,,SYRMA SGS TECHNOLOGY LTD,1431.7,1449.5,1420.1,1431.7,1428.0,1451.9,,1431.7,,,615437,883129531.5,35732,F1,1,,,,,
2026-07-13,2026-07-13,CM,NSE,STK,14506,INE0O7R01011,SYSTANGO,SM,,,,,SYSTANGO TECHNOLOGIES LTD,219.25,222.45,217.0,220.4,220.8,219.5,,220.4,,,11600,2550980.0,28,F1,400,,,,,
2026-07-13,2026-07-13,CM,NSE,STK,759358,INE356B01024,SYSTMTXC,BE,,,,,SYSTEMATIX CORP SERVICE L,67.0,67.0,63.01,63.9,64.0,64.97,,63.9,,,5816,372492.21,58,F1,1,,,,,
2026-07-13,2026-07-13,CM,NSE,STK,14314,INE592B01024,TTL,EQ,,,,,T T LIMITED,6.79,6.8,6.7,6.74,6.75,6.79,,6.74,,,234778,1584767.18,121,F1,1,,,,,
2026-07-13,2026-07-13,CM,NSE,STK,762929,INE524T01011,TAALTECH,EQ,,,,,TAAL TECH LTD.,3824.1,4200.0,3800.0,4078.0,4079.9,3824.1,,4079.2,,,17319,69744728.0,1293,F1,1,,,,,
2026-07-13,2026-07-13,CM,NSE,STK,23438,INE0SOY01013,TAC,SM,,,,,TAC INFOSEC LIMITED,437.2,437.2,437.2,437.2,437.2,416.4,,437.2,,,36000,15739200.0,78,F1,200,,,,,
2026-07-13,2026-07-13,CM,NSE,STK,3396,INE123C01018,TAINWALCHM,EQ,,,,,TAINWALA CHEMICAL AND PLA,196.2,232.0,196.2,232.0,232.0,193.34,,232.39,,,134714,30087788.72,2243,F1,1,,,,,
2026-07-13,2026-07-13,CM,NSE,STK,9354,INE586B01026,TAJGVK,EQ,,,,,TAJ GVK HOTELS & RESORTS,369.7,372.0,364.0,366.8,366.8,371.7,,366.7,,,84016,30913346.7,2726,F1,1,,,,,
2026-07-13,2026-07-13,CM,NSE,STK,14920,INE142I01023,TAKE,BE,,,,,TAKE SOLUTIONS LTD,22.7,23.67,22.35,22.4,22.41,22.66,,22.48,,,99985,2277882.35,546,F1,1,,,,,
2026-07-13,2026-07-13,CM,NSE,STK,13648,INE187D01029,TALBROAUTO,EQ,,,,,TALBROS AUTO. COMP. LTD,408.0,410.7,399.1,403.95,404.25,408.1,,403.95,,,133147,53820748.5,5516,F1,1,,,,,
2026-07-13,2026-07-13,CM,NSE,STK,762937,INE864J01012,TAMBOLIIN,BE,,,,,TAMBOLI INDUSTRIES LTD.,208.21,222.2,208.21,220.53,220.0,217.74,,220.53,,,8605,1865709.19,33,F1,1,,,,,
2026-07-13,2026-07-13,CM,NSE,STK,10945,INE668A01016,TMB,EQ,,,,,TAMILNAD MERCA BANK LTD,804.95,812.5,792.0,801.1,797.0,801.6,,801.1,,,258937,208342106.55,14096,F1,1,,,,,
2026-07-13,2026-07-13,CM,NSE,STK,3980,INE107A01015,TNPL,EQ,,,,,TAMILNADU NEWSPRT & PAPER,142.88,146.66,142.6,145.32,145.65,143.72,,145.32,,,76748,11141307.44,1525,F1,1,,,,,
2026-07-13,2026-07-13,CM,NSE,STK,3509,INE148A01019,TNPETRO,EQ,,,,,TAMILNADU PETROPRODUCTS L,97.0,98.48,96.51,97.77,98.45,98.14,,97.78,,,66903,6532543.43,1245,F1,1,,,,,
2026-07-13,2026-07-13,CM,NSE,STK,3512,INE141D01018,TNTELE,EQ,,,,,TAMILNADU TELECOMMUNICATI,9.44,9.77,9.02,9.46,9.46,9.11,,9.46,,,52413,485868.1,138,F1,1,,,,,
2026-07-13,2026-07-13,CM,NSE,STK,756338,INE0Z7N01017,TANKUP,ST,,,,,TANKUP ENGINEERS LIMITED,1080.0,1080.4,1080.0,1080.4,1080.4,1059.25,,1080.4,,,1250,1350300.0,4,F1,250,,,,,
2026-07-13,2026-07-13,CM,NSE,STK,13976,INE483C01032,TANLA,EQ,,,,,TANLA PLATFORMS LIMITED,549.9,575.0,544.25,569.55,570.5,550.2,,569.55,,,1578738,894103815.9,40682,F1,1,,,,,
2026-07-13,2026-07-13,CM,NSE,STK,23512,INE555Z01020,TARACHAND,EQ,,,,,TARA CHAND INFRA SOLN LTD,56.5,57.89,55.6,56.01,56.21,55.62,,56.01,,,130305,7347728.15,1336,F1,1,,,,,
2026-07-13,2026-07-13,CM,NSE,STK,18827,INE747K01017,TARAPUR,EQ,,,,,TARAPUR TRANSFORMERS LTD,18.26,18.42,17.66,17.96,18.28,18.17,,17.96,,,13663,247435.86,124,F1,1,,,,,
2026-07-13,2026-07-13,CM,NSE,STK,1581,INE0EK901012,TARC,EQ,,,,,TARC LIMITED,122.21,124.59,122.21,123.72,123.7,124.21,,123.72,,,350887,43424295.5,3408,F1,1,,,,,
2026-07-13,2026-07-13,CM,NSE,STK,14771,INE924H01018,TARMAT,EQ,,,,,TARMAT LIMITED,49.7,49.7,48.12,48.98,48.63,49.28,,48.97,,,2234,109457.9,55,F1,1,,,,,
2026-07-13,2026-07-13,CM,NSE,STK,6943,INE144Z01023,TARSONS,EQ,,,,,TARSONS PRODUCTS LIMITED,304.5,326.45,300.55,315.9,316.8,303.3,,315.9,,,555835,175209116.45,11873,F1,1,,,,,
2026-07-13,2026-07-13,CM,NSE,STK,20092,INE488B01017,TASTYBITE,EQ,,,,,TASTY BITE EATABLES LTD,9000.0,9368.0,8842.0,8962.5,8842.0,9094.0,,8968.0,,,4944,45119917.0,1489,F1,1,,,,,
2026-07-13,2026-07-13,CM,NSE,STK,759265,INE976I01016,TATACAP,EQ,,,,,TATA CAPITAL LIMITED,357.0,362.1,354.0,360.95,358.0,360.6,,360.95,,,1545492,554819770.15,32023,F1,1,,,,,
2026-07-13,2026-07-13,CM,NSE,STK,3405,INE092A01019,TATACHEM,EQ,,,,,TATA CHEMICALS LTD,714.1,719.4,710.85,714.4,714.3,721.05,,714.4,,,259096,185332473.5,9378,F1,1,,,,,
2026-07-13,2026-07-13,CM,NSE,STK,3721,INE151A01013,TATACOMM,EQ,,,,,TATA COMMUNICATIONS LTD,1857.0,1895.9,1829.4,1835.4,1838.0,1856.2,,1835.4,,,324577,602925902.9,22411,F1,1,,,,,
2026-07-13,2026-07-13,CM,NSE,STK,11536,INE467B01029,TCS,EQ,,,,,TATA CONSULTANCY SERV LT,2075.0,2204.9,2065.1,2181.5,2182.9,2069.0,,2181.5,,,12382622,26782359193.5,381465,F1,1,,,,,
2026-07-13,2026-07-13,CM,NSE,STK,3432,INE192A01025,TATACONSUM,EQ,,,,,TATA CONSUMER PRODUCT LTD,1105.6,1106.6,1092.1,1098.6,1101.4,1111.9,,1098.6,,,1072732,1176956857.4,28983,F1,1,,,,,
2026-07-13,2026-07-13,CM,NSE,STK,3411,INE670A01012,TATAELXSI,EQ,,,,,TATA ELXSI LIMITED,3690.3,3840.0,3672.8,3823.6,3835.0,3690.3,,3823.5,,,687570,2592738166.6,49285,F1,1,,,,,
2026-07-13,2026-07-13,CM,NSE,STK,1621,INE672A01026,TATAINVEST,EQ,,,,,TATA INVESTMENT CORP LTD,693.85,693.85,682.5,686.5,685.2,693.75,,686.45,,,216254,148495089.65,11596,F1,1,,,,,
2026-07-13,2026-07-13,CM,NSE,STK,759782,INE1TAE01010,TMCV,EQ,,,,,TATA MOTORS LIMITED,418.2,423.7,415.6,420.75,420.2,422.5,,420.75,,,5898259,2476175504.35,101972,F1,1,,,,,
2026-07-13,2026-07-13,CM,NSE,STK,3456,INE155A01022,TMPV,EQ,,,,,TATA MOTORS PASS VEH LTD,339.35,344.0,334.4,342.25,343.5,337.95,,342.25,,,8402444,2850095553.9,79284,F1,1,,,,,
2026-07-13,2026-07-13,CM,NSE,STK,3426,INE245A01021,TATAPOWER,EQ,,,,,TATA POWER CO LTD,379.7,379.85,375.4,377.85,378.3,381.3,,377.85,,,3204238,1210416998.55,64185,F1,1,,,,,
2026-07-13,2026-07-13,CM,NSE,STK,3499,INE081A01020,TATASTEEL,EQ,,,,,TATA STEEL LIMITED,189.0,189.27,185.4,187.11,187.18,191.19,,187.11,,,47597415,8896577266.76,253916,F1,1,,,,,
2026-07-13,2026-07-13,CM,NSE,STK,20293,INE142M01025,TATATECH,EQ,,,,,TATA TECHNOLOGIES LIMITED,710.05,765.0,709.0,760.8,762.25,718.55,,760.8,,,2575535,1935402557.25,64662,F1,1,,,,,
2026-07-13,2026-07-13,CM,NSE,STK,8954,INE517B01013,TTML,EQ,,,,,TATA TELESERV(MAHARASTRA),40.72,41.37,40.57,41.12,41.1,41.28,,41.12,,,956241,39206027.34,7434,F1,1,,,,,
2026-07-13,2026-07-13,CM,NSE,STK,7838,INF277K015R5,NETF,EQ,,,,,TATAAML - NETF,255.88,263.5,255.88,262.97,262.95,262.45,,263.05,,,4763,1248037.1,186,F1,1,,,,,
2026-07-13,2026-07-13,CM,NSE,STK,12978,INF277K010X4,NPBET,EQ,,,,,TATAAML - NPBET,292.98,292.98,288.15,292.17,292.17,289.81,,292.17,,,557,161441.83,35,F1,1,,,,,
2026-07-13,2026-07-13,CM,NSE,STK,8882,INF277KA1364,TNIDETF,EQ,,,,,TATAAML - TNIDETF,85.0,85.83,83.48,85.18,84.0,84.0,,85.18,,,323222,27518946.55,1471,F1,1,,,,,
2026-07-13,2026-07-13,CM,NSE,STK,21401,INF277KA1976,TATAGOLD,EQ,,,,,TATAAML-TATAGOLD,14.22,14.22,13.65,13.75,13.75,13.88,,13.75,,,50496932,693711525.14,88394,F1,1,,,,,
2026-07-13,2026-07-13,CM,NSE,STK,21428,INF277KA1984,TATSILV,EQ,,,,,TATAAML-TATSILV,20.99,21.15,20.73,21.08,21.08,21.21,,21.08,,,45491760,953011333.0,74857,F1,1,,,,,
2026-07-13,2026-07-13,CM,NSE,STK,5162,INE0GK401011,TATVA,EQ,,,,,TATVA CHIN PHARM CHEM LTD,1301.0,1399.9,1287.0,1391.4,1385.0,1326.5,,1391.3,,,149323,205499770.1,9610,F1,1,,,,,
2026-07-13,2026-07-13,CM,NSE,STK,759756,INE0XWS01018,TAURIAN,SM,,,,,TAURIAN MPS LIMITED,365.0,371.95,355.5,360.25,359.5,368.85,,360.25,,,30400,11086640.0,35,F1,800,,,,,
2026-07-13,2026-07-13,CM,NSE,STK,11754,INE053F07835,753IRFC30,NJ,,,,,TAX FREE  7.53% SR. 103 A,1133.0,1133.5,1124.24,1132.66,1133.5,1125.5,,1132.66,,,307,345928.86,6,F1,1,,,,,
2026-07-13,2026-07-13,CM,NSE,STK,15168,INE053F07900,764IRFC31,NO,,,,,TAX FREE  7.64% SR. 108A,1137.01,1137.01,1137.01,1137.01,1137.01,1137.01,,1137.01,,,9,10233.09,1,F1,1,,,,,
2026-07-13,2026-07-13,CM,NSE,STK,14529,INE906B07EP5,769NHAI31,NE,,,,,TAX FREE 7.69% SR. IIB,1145.0,1145.0,1145.0,1145.0,1145.0,1147.9,,1145.0,,,150,171750.0,1,F1,1,,,,,
2026-07-13,2026-07-13,CM,NSE,STK,12003,INE906B07EJ8,76NHAI31,,,,,,TAX FREE7.60% SR.IIB,1105.0,1113.83,1101.1,1101.8,1101.8,1104.71,,1103.15,,,1161,1283107.7,22,F1,1,,,,,
2026-07-13,2026-07-13,CM,NSE,STK,29111,INE020B07GX4,738REC27TF,N2,,,,,TAXFREE SEC NCD TR1 S2,1062.4,1068.0,1062.4,1067.65,1064.0,1063.51,,1067.65,,,300,319245.0,7,F1,1,,,,,
2026-07-13,2026-07-13,CM,NSE,STK,24019,INE0N2D01013,TBI,SM,,,,,TBI CORN LIMITED,63.95,65.85,61.0,61.55,62.0,64.0,,61.55,,,56400,3502260.0,81,F1,600,,,,,
2026-07-13,2026-07-13,CM,NSE,STK,23740,INE673O01025,TBOTEK,EQ,,,,,TBO TEK LIMITED,1504.9,1534.1,1480.4,1504.1,1494.5,1504.9,,1504.0,,,457278,690286047.3,19260,F1,1,,,,,
2026-07-13,2026-07-13,CM,NSE,STK,761814,INE887D01016,TCC,EQ,,,,,TCC CONCEPT LIMITED,332.4,340.0,321.6,335.9,336.0,321.15,,335.9,,,10269,3407816.65,717,F1,1,,,,,
2026-07-13,2026-07-13,CM,NSE,STK,19223,INE586V01016,TCIEXP,EQ,,,,,TCI EXPRESS LIMITED,549.0,568.0,549.0,565.85,566.35,559.75,,565.85,,,108932,61365482.85,3536,F1,1,,,,,
2026-07-13,2026-07-13,CM,NSE,STK,8722,INE911B01018,TCIFINANCE,BE,,,,,TCIFINANCELTD-ROLL SETT,15.6,16.16,15.6,15.92,16.05,16.31,,15.92,,,15547,247712.1,158,F1,1,,,,,
2026-07-13,2026-07-13,CM,NSE,STK,184,INE822C01015,TCPLPACK,EQ,,,,,TCPL PACKAGING LIMITED,2971.2,3115.8,2971.2,3006.6,3039.0,3019.1,,3006.4,,,3665,11131533.7,740,F1,1,,,,,
2026-07-13,2026-07-13,CM,NSE,STK,25178,INE419M01027,TDPOWERSYS,EQ,,,,,TD POWER SYSTEMS LTD.,1140.0,1184.0,1119.8,1152.2,1150.0,1150.2,,1152.2,,,770736,893734378.4,38966,F1,1,,,,,
2026-07-13,2026-07-13,CM,NSE,STK,10717,INE289C01025,TEAMGTY,EQ,,,,,TEAM INDIA GUARANTY LTD,220.05,239.7,220.0,231.19,231.0,233.86,,231.35,,,703,164031.29,43,F1,1,,,,,
2026-07-13,2026-07-13,CM,NSE,STK,12716,INE985S01024,TEAMLEASE,EQ,,,,,TEAMLEASE SERVICES LTD.,1378.4,1409.7,1369.0,1394.0,1395.0,1377.4,,1394.1,,,22776,31821239.4,4216,F1,1,,,,,
2026-07-13,2026-07-13,CM,NSE,STK,16996,INE065J01024,TPHQ,EQ,,,,,TEAMO PRODUCTIONS HQ LTD,0.45,0.47,0.44,0.45,0.46,0.45,,0.45,,,2119899,964248.47,467,F1,1,,,,,
2026-07-13,2026-07-13,CM,NSE,STK,763568,INE2OL601013,TEAMTECH,SM,,,,,TEAMTECH FORMWORK SOL LTD,120.5,121.35,118.5,118.5,118.5,120.5,,118.5,,,30000,3603800.0,14,F1,2000,,,,,
2026-07-13,2026-07-13,CM,NSE,STK,13538,INE669C01036,TECHM,EQ,,,,,TECH MAHINDRA LIMITED,1444.2,1524.8,1444.2,1504.5,1502.0,1454.8,,1504.5,,,2285072,3420342231.5,81096,F1,1,,,,,
2026-07-13,2026-07-13,CM,NSE,STK,759141,INE0Y5H01014,TECHD,ST,,,,,TECHD CYBERSECURITY LTD,538.25,573.5,538.25,573.5,573.5,546.2,,573.5,,,16500,9393285.0,48,F1,300,,,,,
2026-07-13,2026-07-13,CM,NSE,STK,25652,INE0JQS01019,TECHERA,SM,,,,,TECHERA ENGINEER (IND) L,152.1,159.9,152.1,154.7,155.95,154.95,,154.7,,,51200,8013600.0,57,F1,800,,,,,
2026-07-13,2026-07-13,CM,NSE,STK,6445,INE285K01026,TECHNOE,EQ,,,,,TECHNO ELEC & ENG CO. LTD,1048.8,1061.0,1040.0,1057.8,1059.7,1050.2,,1057.8,,,130137,136880224.3,11679,F1,1,,,,,
2026-07-13,2026-07-13,CM,NSE,STK,14223,INE545H01011,TIIL,EQ,,,,,TECHNOCRAFT IND LTD,2481.0,2499.9,2452.2,2465.4,2489.9,2479.2,,2465.4,,,4795,11862885.1,756,F1,1,,,,,
2026-07-13,2026-07-13,CM,NSE,STK,762939,INE314H01012,TECHNVISN,EQ,,,,,TECHNVISION VENTURES LTD.,3713.8,3713.8,3400.0,3479.8,3450.0,3583.4,,3483.9,,,737,2592771.0,193,F1,1,,,,,
2026-07-13,2026-07-13,CM,NSE,STK,3453,INE014B01011,TECILCHEM,EQ,,,,,TECIL CHEMICALS,10.03,10.03,9.0,9.36,9.32,9.75,,9.39,,,17763,166858.94,144,F1,1,,,,,
2026-07-13,2026-07-13,CM,NSE,STK,23526,INE0K6601012,TGL,SM,,,,,TEERTH GOPICON LIMITED,21.05,21.55,21.0,21.55,21.55,20.55,,21.55,,,46600,1001400.0,82,F1,200,,,,,
2026-07-13,2026-07-13,CM,NSE,STK,7105,INE011K01018,TEGA,EQ,,,,,TEGA INDUSTRIES LIMITED,1650.7,1721.6,1648.1,1707.9,1715.0,1669.0,,1708.0,,,44845,75775426.0,3883,F1,1,,,,,
2026-07-13,2026-07-13,CM,NSE,STK,763828,INE0R1301019,TEJA,ST,,,,,TEJA ENGINEERING IND L,524.35,524.35,524.35,524.35,524.35,499.4,,524.35,,,11400,5977590.0,18,F1,600,,,,,
2026-07-13,2026-07-13,CM,NSE,STK,21131,INE010J01012,TEJASNET,EQ,,,,,TEJAS NETWORKS LIMITED,564.5,564.5,553.05,556.25,555.5,564.65,,556.25,,,1253501,698871605.8,24501,F1,1,,,,,
2026-07-13,2026-07-13,CM,NSE,STK,3275,INE869Y01010,TEMBO,EQ,,,,,TEMBO GLOBAL IND LTD,558.5,565.65,550.1,552.95,553.6,557.35,,552.95,,,111161,61944325.8,3405,F1,1,,,,,
2026-07-13,2026-07-13,CM,NSE,STK,759880,INE19RI01016,TENNIND,EQ,,,,,TENNECO CLEAN AIR INDIA L,585.0,592.0,579.7,584.1,581.8,589.55,,584.1,,,495203,289571857.5,17386,F1,1,,,,,
2026-07-13,2026-07-13,CM,NSE,STK,19292,INE482B01010,TERASOFT,EQ,,,,,TERA SOFTWARE LIMITED,403.0,418.65,389.75,397.75,400.1,398.75,,397.95,,,66508,27268151.05,1816,F1,1,,,,,
2026-07-13,2026-07-13,CM,NSE,STK,11549,INE435C01024,TEXINFRA,EQ,,,,,TEXMACO INFRA & HOLDG LTD,112.99,114.7,112.99,114.0,114.01,114.5,,114.0,,,70896,8078787.9,984,F1,1,,,,,
2026-07-13,2026-07-13,CM,NSE,STK,21828,INE621L01012,TEXRAIL,EQ,,,,,TEXMACO RAIL & ENG. LTD.,115.0,117.95,114.0,117.19,116.8,116.39,,117.19,,,2152913,250961815.14,14870,F1,1,,,,,
2026-07-13,2026-07-13,CM,NSE,STK,18214,INE141K01013,TEXMOPIPES,EQ,,,,,TEXMO PIPE & PRODUCTS LTD,43.4,44.99,43.28,44.07,44.02,44.57,,44.09,,,8957,394818.15,192,F1,1,,,,,
2026-07-13,2026-07-13,CM,NSE,STK,10741,INE733E07JS0,728NTPC30B,N9,,,,,TFB 7.28% 2030 SR. 2A,1122.11,1122.11,1116.1,1116.1,1116.1,1122.0,,1116.1,,,1700,1901331.0,4,F1,1,,,,,
2026-07-13,2026-07-13,CM,NSE,STK,10749,INE733E07JV4,753NTPC30E,NC,,,,,TFB 7.53% 2030 SR. 2B,1125.0,1125.0,1125.0,1125.0,1125.0,1130.0,,1125.0,,,2,2250.0,2,F1,1,,,,,
2026-07-13,2026-07-13,CM,NSE,STK,10751,INE733E07JW2,762NTPC35F,ND,,,,,TFB 7.62% 2035 SR. 3B,1226.0,1230.0,1211.0,1215.0,1215.0,1221.0,,1215.0,,,223,271452.75,7,F1,1,,,,,
2026-07-13,2026-07-13,CM,NSE,STK,14607,INE797H01018,TGBHOTELS,EQ,,,,,TGB BANQUETS&HOTELS LTD,8.63,8.89,8.63,8.72,8.79,8.9,,8.72,,,13058,113934.31,81,F1,1,,,,,
2026-07-13,2026-07-13,CM,NSE,STK,22777,INE0QJL01014,TCL,SM,,,,,THAAI CASTING LIMITED,118.0,121.0,114.95,115.75,115.55,117.3,,115.75,,,26400,3055720.0,21,F1,800,,,,,
2026-07-13,2026-07-13,CM,NSE,STK,762947,INE077P01034,THACKER,BE,,,,,THACKER & CO. LTD.,1051.1,1051.1,1025.0,1034.0,1044.9,1056.3,,1034.0,,,48,50327.8,8,F1,1,,,,,
2026-07-13,2026-07-13,CM,NSE,STK,762949,INE403F01017,THAKDEV,EQ,,,,,THAKKERS DEVELOPERS LTD.,127.62,127.62,127.0,127.28,127.6,128.0,,127.37,,,103,13111.02,3,F1,1,,,,,
2026-07-13,2026-07-13,CM,NSE,STK,18118,INE085J01014,THANGAMAYL,EQ,,,,,THANGAMAYIL JEWELLERY LTD,6514.5,6534.5,6200.0,6233.0,6230.5,6540.5,,6233.0,,,148160,942005890.5,24599,F1,1,,,,,
2026-07-13,2026-07-13,CM,NSE,STK,9014,INE294Z01018,ANUP,EQ,,,,,THE ANUP ENGINEERING LTD,2143.0,2190.0,2114.2,2178.9,2174.0,2168.6,,2178.8,,,25693,55161259.5,4127,F1,1,,,,,
2026-07-13,2026-07-13,CM,NSE,STK,7930,INE319B01014,BYKE,BE,,,,,THE BYKE HOSPITALITY LTD,35.25,35.25,33.0,33.66,33.58,34.15,,33.66,,,38387,1279513.17,61,F1,1,,,,,
2026-07-13,2026-07-13,CM,NSE,STK,13776,INE017A01032,GESHIP,EQ,,,,,THE GE SHPG.LTD,1418.0,1441.3,1388.0,1402.0,1403.2,1420.9,,1402.0,,,487779,683622995.1,44853,F1,1,,,,,
2026-07-13,2026-07-13,CM,NSE,STK,17770,INE646C01018,GROBTEA,EQ,,,,,THE GROB TEA COMPANY LTD,901.3,913.9,901.3,911.2,911.2,904.45,,911.2,,,14,12743.85,9,F1,1,,,,,
2026-07-13,2026-07-13,CM,NSE,STK,8568,INE127B01011,HITECHGEAR,BE,,,,,THE HI-TECH GEARS LIMITED,653.25,659.0,633.5,640.85,645.5,649.9,,640.6,,,853,547310.7,46,F1,1,,,,,
2026-07-13,2026-07-13,CM,NSE,STK,1515,INE383A01012,INDIACEM,EQ,,,,,THE INDIA CEMENTS LIMITED,380.0,383.3,375.4,381.65,381.25,380.5,,381.65,,,94544,35954650.9,6573,F1,1,,,,,
2026-07-13,2026-07-13,CM,NSE,STK,1512,INE053A01029,INDHOTEL,EQ,,,,,THE INDIAN HOTELS CO. LTD,748.25,750.9,736.35,738.55,738.85,752.3,,738.55,,,3853243,2859758316.8,83866,F1,1,,,,,
2026-07-13,2026-07-13,CM,NSE,STK,21427,INE924D01017,THEINVEST,EQ,,,,,THE INVEST TRUST OF IND L,98.3,100.0,97.02,98.18,98.45,99.26,,98.18,,,11201,1103291.5,96,F1,1,,,,,
2026-07-13,2026-07-13,CM,NSE,STK,399,INE470Y01017,NIACL,EQ,,,,,THE NEW INDIA ASSU CO LTD,176.5,185.0,176.45,181.82,181.99,183.92,,181.82,,,1078709,195605510.16,15390,F1,1,,,,,
2026-07-13,2026-07-13,CM,NSE,STK,10321,INE431F01018,PKTEA,EQ,,,,,THE P K TEA PROD CO LTD,785.0,785.0,728.5,729.0,729.0,734.95,,729.0,,,1949,1421912.05,59,F1,1,,,,,
2026-07-13,2026-07-13,CM,NSE,STK,14552,INE211B01039,PHOENIXLTD,EQ,,,,,THE PHOENIX MILLS LTD,2140.3,2163.4,2113.5,2154.0,2151.5,2138.9,,2154.0,,,1199255,2567969222.5,70153,F1,1,,,,,
2026-07-13,2026-07-13,CM,NSE,STK,2043,INE331A01037,RAMCOCEM,EQ,,,,,THE RAMCO CEMENTS LIMITED,943.55,946.75,931.0,938.2,936.0,942.1,,938.2,,,73808,69280690.55,6496,F1,1,,,,,
2026-07-13,2026-07-13,CM,NSE,STK,10123,INE301D01026,RUBYMILLS,BE,,,,,THE RUBY MILLS LTD,372.3,397.1,370.1,381.1,380.0,383.75,,381.6,,,73755,28029530.35,797,F1,1,,,,,
2026-07-13,2026-07-13,CM,NSE,STK,5948,INE683A01023,SOUTHBANK,EQ,,,,,THE SOUTH INDIAN BANK LTD,45.75,46.2,44.82,45.88,45.95,45.81,,45.89,,,10629738,487226640.03,27480,F1,1,,,,,
2026-07-13,2026-07-13,CM,NSE,STK,10948,INE655A01013,STCINDIA,EQ,,,,,THE STATE TRADING CORPN,121.0,123.75,121.0,123.0,122.9,122.35,,123.0,,,18185,2230337.93,687,F1,1,,,,,
2026-07-13,2026-07-13,CM,NSE,STK,19578,INE071E01023,UGARSUGAR,EQ,,,,,THE UGAR SUGAR WORKS LTD,40.03,41.0,39.3,40.31,40.36,40.03,,40.31,,,120467,4884297.33,1023,F1,1,,,,,
2026-07-13,2026-07-13,CM,NSE,STK,20481,INE215F01023,WIPL,EQ,,,,,THE WESTERN INDIA PLY LTD,172.18,173.99,165.61,172.97,172.96,172.18,,172.97,,,7459,1263743.28,96,F1,1,,,,,
2026-07-13,2026-07-13,CM,NSE,STK,19279,INE121N01019,THEJO,EQ,,,,,THEJO ENGINEERING LIMITED,1873.6,1905.0,1860.1,1885.6,1905.0,1899.5,,1885.6,,,2373,4470873.2,371,F1,1,,,,,
2026-07-13,2026-07-13,CM,NSE,STK,14485,INE083B01024,THEMISMED,EQ,,,,,THEMIS MEDICARE LTD.,116.55,117.62,115.0,116.17,116.33,116.96,,116.19,,,36140,4203640.84,938,F1,1,,,,,
2026-07-13,2026-07-13,CM,NSE,STK,3475,INE152A01029,THERMAX,EQ,,,,,THERMAX LTD,4775.0,4796.0,4651.0,4663.5,4655.0,4809.0,,4663.5,,,139444,654618456.5,20576,F1,1,,,,,
2026-07-13,2026-07-13,CM,NSE,STK,25651,INE0SHE01019,THESL,ST,,,,,THINKING HATS ENTER SOL L,16.5,16.5,16.5,16.5,16.5,15.75,,16.5,,,6000,99000.0,2,F1,3000,,,,,
2026-07-13,2026-07-13,CM,NSE,STK,3496,INE338A01024,TIRUMALCHM,EQ,,,,,THIRUMALAI CHEMICALS LTD,167.48,167.96,163.1,164.39,166.0,167.48,,164.42,,,524297,86637760.65,6829,F1,1,,,,,
2026-07-13,2026-07-13,CM,NSE,STK,3481,INE332A01027,THOMASCOOK,EQ,,,,,THOMAS COOK (INDIA) LTD,102.96,105.0,101.0,104.43,104.93,102.98,,104.42,,,793869,82201891.38,6490,F1,1,,,,,
2026-07-13,2026-07-13,CM,NSE,STK,31017,INE480M01011,THOMASCOTT,EQ,,,,,THOMAS SCOTT (INDIA) LTD,318.0,337.0,314.55,334.8,337.0,323.8,,334.75,,,76731,25277958.15,2451,F1,1,,,,,
2026-07-13,2026-07-13,CM,NSE,STK,17032,INE594H01019,THYROCARE,EQ,,,,,THYROCARE TECH LTD,512.0,519.95,505.5,510.15,510.5,515.7,,510.15,,,454109,232516720.9,28064,F1,1,,,,,
2026-07-13,2026-07-13,CM,NSE,STK,759179,INE906O01029,TIGERLOGS,BE,,,,,TIGER LOGISTICS (INDIA) L,33.6,33.65,32.71,33.0,33.0,33.18,,33.0,,,86056,2842227.45,167,F1,1,,,,,
2026-07-13,2026-07-13,CM,NSE,STK,25482,INE440L01017,TIJARIA,EQ,,,,,TIJARIA POLYPIPES LTD,4.48,4.54,4.29,4.37,4.3,4.27,,4.36,,,24442,109217.78,64,F1,1,,,,,
2026-07-13,2026-07-13,CM,NSE,STK,3484,INE806C01018,TIL,EQ,,,,,TIL LTD,215.1,219.0,213.4,214.93,215.0,216.36,,214.93,,,116770,25343794.63,3182,F1,1,,,,,
2026-07-13,2026-07-13,CM,NSE,STK,19196,INE133E01013,TI,EQ,,,,,TILAKNAGAR INDUSTRIES LTD,440.8,452.8,440.1,450.95,451.4,446.45,,450.95,,,221092,99459885.6,8991,F1,1,,,,,
2026-07-13,2026-07-13,CM,NSE,STK,14707,INE508G01029,TIMETECHNO,EQ,,,,,TIME TECHNOPLAST LTD.,183.4,188.4,181.31,187.1,186.0,184.35,,187.11,,,4896374,915202514.02,24597,F1,1,,,,,
2026-07-13,2026-07-13,CM,NSE,STK,7800,INE0IJY01014,TIMESCAN,SM,,,,,TIMESCAN LOGISTICS IND L,42.45,42.45,42.45,42.45,42.45,40.45,,42.45,,,6000,254700.0,2,F1,2000,,,,,
2026-07-13,2026-07-13,CM,NSE,STK,762954,INE064A01026,TIMEX,EQ,,,,,TIMEX GROUP INDIA LTD.,570.0,591.8,565.8,576.75,575.0,569.6,,576.7,,,381099,220916976.35,18805,F1,1,,,,,
2026-07-13,2026-07-13,CM,NSE,STK,14198,INE325A01013,TIMKEN,EQ,,,,,TIMKEN INDIA LTD.,3205.0,3205.0,3145.0,3175.4,3170.0,3205.0,,3175.4,,,85402,271174552.7,10597,F1,1,,,,,
2026-07-13,2026-07-13,CM,NSE,STK,756020,INE015C01016,TINNARUBR,EQ,,,,,TINNA RUBBER AND INFR LTD,962.0,1028.15,951.8,996.2,987.5,971.35,,996.15,,,124983,125075080.35,8113,F1,1,,,,,
2026-07-13,2026-07-13,CM,NSE,STK,11374,INE0LQS01015,TIPSFILMS,EQ,,,,,TIPS FILMS LIMITED,327.9,331.9,320.0,329.95,330.45,332.85,,329.55,,,2633,863083.7,135,F1,1,,,,,
2026-07-13,2026-07-13,CM,NSE,STK,9117,INE716B01029,TIPSMUSIC,EQ,,,,,TIPS MUSIC LIMITED,711.0,716.0,700.1,713.75,716.0,711.55,,713.7,,,197198,140004395.95,11791,F1,1,,,,,
2026-07-13,2026-07-13,CM,NSE,STK,22282,INE319Y01024,TIRUPATIFL,EQ,,,,,TIRUPATI FORGE LIMITED,68.1,69.84,67.33,69.07,68.75,68.1,,69.07,,,398682,27446641.8,2675,F1,1,,,,,
2026-07-13,2026-07-13,CM,NSE,STK,15414,INE615H01020,TITAGARH,EQ,,,,,TITAGARH RAIL SYSTEMS LTD,830.0,853.6,820.15,849.3,852.0,835.8,,849.3,,,330081,276959988.7,14575,F1,1,,,,,
2026-07-13,2026-07-13,CM,NSE,STK,3506,INE280A01028,TITAN,EQ,,,,,TITAN COMPANY LIMITED,4578.0,4635.0,4524.4,4601.5,4600.4,4584.4,,4602.4,,,770367,3537443306.2,46224,F1,1,,,,,
2026-07-13,2026-07-13,CM,NSE,STK,9710,INE932C01012,TOKYOPLAST,BE,,,,,TOKYO PLAST  INTL LTD.,86.7,86.99,84.05,84.06,86.88,85.0,,84.06,,,1394,119008.66,31,F1,1,,,,,
2026-07-13,2026-07-13,CM,NSE,STK,25262,INE0RWQ01014,TOLINS,EQ,,,,,TOLINS TYRES LIMITED,104.63,104.8,101.75,104.04,104.8,104.8,,104.05,,,40083,4161653.16,1036,F1,1,,,,,
2026-07-13,2026-07-13,CM,NSE,STK,3518,INE685A01028,TORNTPHARM,EQ,,,,,TORRENT PHARMACEUTICALS L,4898.7,4973.0,4861.5,4951.1,4947.8,4901.5,,4951.1,,,763977,3773101123.8,48601,F1,1,,,,,
2026-07-13,2026-07-13,CM,NSE,STK,13786,INE813H01021,TORNTPOWER,EQ,,,,,TORRENT POWER LTD,1414.8,1453.6,1403.2,1441.9,1445.0,1419.4,,1441.9,,,311359,449565016.3,18976,F1,1,,,,,
2026-07-13,2026-07-13,CM,NSE,STK,22423,INE336X01012,TOTAL,EQ,,,,,TOTAL TRANSPORT SYS LTD,58.0,58.0,51.8,54.0,54.0,54.98,,54.0,,,11190,599499.35,257,F1,1,,,,,
2026-07-13,2026-07-13,CM,NSE,STK,16908,INE486Y01013,TOUCHWOOD,EQ,,,,,TOUCHWOOD ENTERTAIN LTD.,73.0,73.0,69.01,70.32,70.32,69.11,,70.32,,,1283,89989.87,28,F1,1,,,,,
2026-07-13,2026-07-13,CM,NSE,STK,3466,INE305A01023,TFCILTD,EQ,,,,,TOURISM FINANCE CORP. OF,75.0,82.3,74.61,80.81,80.56,75.15,,80.81,,,19615653,1580092681.76,48334,F1,1,,,,,
2026-07-13,2026-07-13,CM,NSE,STK,9219,INE413G01022,TPLPLASTEH,EQ,,,,,TPL PLASTECH LIMITED,82.26,85.2,80.92,82.73,82.65,82.61,,82.73,,,132248,11047909.38,1945,F1,1,,,,,
2026-07-13,2026-07-13,CM,NSE,STK,11582,INE0HMF01019,TRACXN,EQ,,,,,TRACXN TECHNOLOGIES LTD,30.33,30.8,29.65,30.45,30.4,30.04,,30.46,,,81795,2487051.15,985,F1,1,,,,,
2026-07-13,2026-07-13,CM,NSE,STK,15174,INE763I01026,TARIL,EQ,,,,,TRANS & RECTI. LTD,341.25,350.6,339.0,347.3,347.75,344.75,,347.3,,,1973039,684730375.05,24547,F1,1,,,,,
2026-07-13,2026-07-13,CM,NSE,STK,17795,INE0O3901029,TREL,EQ,,,,,TRANSINDIA REAL ESTATE L,25.5,26.5,25.36,25.5,25.54,25.52,,25.5,,,63938,1642565.04,722,F1,1,,,,,
2026-07-13,2026-07-13,CM,NSE,STK,3531,INE687A01016,TRANSPEK,EQ,,,,,TRANSPEK INDUSTRY LTD,977.0,999.8,967.15,973.2,977.55,979.55,,972.8,,,5732,5593092.55,773,F1,1,,,,,
2026-07-13,2026-07-13,CM,NSE,STK,10580,INE688A01022,TCI,EQ,,,,,TRANSPORT CORPN OF INDIA,921.0,939.7,913.0,934.4,936.5,935.25,,934.4,,,20366,18985666.9,2484,F1,1,,,,,
2026-07-13,2026-07-13,CM,NSE,STK,28714,INE454P01035,TRANSRAILL,EQ,,,,,TRANSRAIL LIGHTING LTD,506.0,508.6,501.0,506.4,506.85,508.05,,506.4,,,231355,117053567.05,7317,F1,1,,,,,
2026-07-13,2026-07-13,CM,NSE,STK,19801,INE0NVI01020,TRANSTEEL,SM,,,,,TRANSTEEL SEATING TECH L,123.95,123.95,110.65,114.05,113.2,122.0,,114.05,,,103000,11886400.0,93,F1,1000,,,,,
2026-07-13,2026-07-13,CM,NSE,STK,14319,INE804H01012,TFL,EQ,,,,,TRANSWARRANTY FIN. LTD.,11.9,11.9,11.0,11.35,11.4,11.6,,11.35,,,14576,164926.9,78,F1,1,,,,,
2026-07-13,2026-07-13,CM,NSE,STK,8619,INE757B01015,TRANSWORLD,BE,,,,,TRANSWORLD SHIP LINES LTD,156.0,161.0,155.0,159.01,157.75,157.11,,159.76,,,9815,1559109.54,78,F1,1,,,,,
2026-07-13,2026-07-13,CM,NSE,STK,757545,INE103V01028,TRAVELFOOD,EQ,,,,,TRAVEL FOOD SERVICES LTD,1310.4,1346.8,1304.1,1337.8,1342.0,1310.4,,1337.8,,,27377,36508656.9,4138,F1,1,,,,,
2026-07-13,2026-07-13,CM,NSE,STK,25082,INE040M01013,TREEHOUSE,EQ,,,,,TREE HOUSE EDU LTD,6.4,6.71,6.2,6.47,6.5,6.53,,6.46,,,43740,279687.27,128,F1,1,,,,,
2026-07-13,2026-07-13,CM,NSE,STK,7518,INE00CA01015,TREJHARA,EQ,,,,,TREJHARA SOLUTIONS LTD,137.92,142.0,134.0,141.24,139.7,133.08,,141.16,,,21832,3023992.48,515,F1,1,,,,,
2026-07-13,2026-07-13,CM,NSE,STK,1964,INE849A01020,TRENT,EQ,,,,,TRENT LTD,2884.0,2914.9,2862.5,2900.1,2898.0,2902.8,,2900.1,,,1111293,3221803419.1,68130,F1,1,,,,,
2026-07-13,2026-07-13,CM,NSE,STK,17987,INE391D01019,TRF,EQ,,,,,TRF LIMITED,233.5,242.25,233.0,240.63,241.55,234.98,,240.58,,,50747,12056374.13,1557,F1,1,,,,,
2026-07-13,2026-07-13,CM,NSE,STK,27037,INE760L01018,TBZ,EQ,,,,,TRIB BHIMJI ZAVERI LTD,227.84,236.7,223.2,225.11,225.21,228.34,,225.11,,,1652537,380005667.38,23613,F1,1,,,,,
2026-07-13,2026-07-13,CM,NSE,STK,9685,INE064C01022,TRIDENT,EQ,,,,,TRIDENT LIMITED,25.3,25.9,25.12,25.74,25.9,25.49,,25.74,,,3192792,81878054.93,10965,F1,1,,,,,
2026-07-13,2026-07-13,CM,NSE,STK,21093,INE0QD201012,TECHLABS,ST,,,,,TRIDENT TECHLABS LIMITED,153.45,153.45,153.45,153.45,153.45,146.15,,153.45,,,7375,1131693.75,21,F1,125,,,,,
2026-07-13,2026-07-13,CM,NSE,STK,17215,INE0LWY01029,TRIDHYA,ST,,,,,TRIDHYA TECH LIMITED,10.15,10.15,10.15,10.15,10.15,10.65,,10.15,,,6000,60900.0,2,F1,3000,,,,,
2026-07-13,2026-07-13,CM,NSE,STK,5428,INE948A01012,TRIGYN,EQ,,,,,TRIGYN TECHNOLOGIES LTD,53.43,61.89,52.01,58.89,58.9,52.43,,58.9,,,270136,15809759.33,2992,F1,1,,,,,
2026-07-13,2026-07-13,CM,NSE,STK,13081,INE256C01024,TRIVENI,EQ,,,,,TRIVENI ENGG. & INDS. LTD,463.0,485.6,458.7,477.15,477.05,462.4,,477.15,,,1917837,914381975.35,47164,F1,1,,,,,
2026-07-13,2026-07-13,CM,NSE,STK,25584,INE152M01016,TRITURBINE,EQ,,,,,TRIVENI TURBINE LIMITED,602.05,624.75,595.0,616.7,617.1,606.1,,616.75,,,1367340,842079784.25,34269,F1,1,,,,,
2026-07-13,2026-07-13,CM,NSE,STK,24645,INE0SYV01018,TROM,ST,,,,,TROM INDUSTRIES LIMITED,66.0,66.0,63.65,63.65,63.65,67.0,,63.65,,,4200,270000.0,7,F1,600,,,,,
2026-07-13,2026-07-13,CM,NSE,STK,759210,INE0MWH01014,TRUALT,EQ,,,,,TRUALT BIOENERGY LIMITED,440.5,445.45,432.35,435.45,435.0,440.9,,435.45,,,220777,96868016.55,8343,F1,1,,,,,
2026-07-13,2026-07-13,CM,NSE,STK,9378,INE615R01029,TRU,EQ,,,,,TRUCAP FINANCE LIMITED,5.38,5.38,5.12,5.2,5.18,5.38,,5.2,,,181144,941820.46,313,F1,1,,,,,
2026-07-13,2026-07-13,CM,NSE,STK,23417,INE0SWN01019,TRUST,SM,,,,,TRUST FINTECH LIMITED,28.85,30.0,28.85,29.4,29.3,28.85,,29.4,,,13800,409380.0,20,F1,600,,,,,
2026-07-13,2026-07-13,CM,NSE,STK,757858,INE16VK01010,TSC,SM,,,,,TSC INDIA LIMITED,27.75,29.0,27.75,28.2,28.2,26.5,,28.2,,,22000,626200.0,10,F1,2000,,,,,
2026-07-13,2026-07-13,CM,NSE,STK,2183,INE202Z01029,TSFINV,EQ,,,,,TSF INVESTMENTS LIMITED,471.0,487.0,469.0,480.75,481.35,475.4,,480.75,,,91972,44239092.05,5210,F1,1,,,,,
2026-07-13,2026-07-13,CM,NSE,STK,11369,INE910C01018,TTKHLTCARE,EQ,,,,,TTK HEALTHCARE LIMITED,919.0,1059.5,914.0,993.3,986.0,920.4,,993.2,,,124245,124459112.4,6656,F1,1,,,,,
2026-07-13,2026-07-13,CM,NSE,STK,3546,INE690A01028,TTKPRESTIG,EQ,,,,,TTK PRESTIGE LTD,633.0,669.0,627.0,665.65,666.15,631.15,,665.55,,,203920,133662012.15,9765,F1,1,,,,,
2026-07-13,2026-07-13,CM,NSE,STK,312,INE974X01010,TIINDIA,EQ,,,,,TUBE INVEST OF INDIA LTD,2950.0,2950.0,2910.1,2921.1,2922.1,2958.4,,2921.1,,,99892,291927462.2,15132,F1,1,,,,,
2026-07-13,2026-07-13,CM,NSE,STK,24520,INE0OXV01027,TUNWAL,SM,,,,,TUNWAL E-MOTORS LIMITED,26.35,26.35,25.8,25.9,26.0,26.05,,25.9,,,92000,2399100.0,43,F1,2000,,,,,
2026-07-13,2026-07-13,CM,NSE,STK,756090,INE0OC301013,TURTLEMINT,EQ,,,,,TURTLEMINT FINTECH SOLS L,135.05,141.0,132.84,136.18,138.0,136.78,,136.2,,,1677490,228705016.76,17115,F1,1,,,,,
2026-07-13,2026-07-13,CM,NSE,STK,11275,INE038F01029,TVTODAY,EQ,,,,,TV TODAY NETWORK LTD,123.79,124.9,120.66,121.24,120.66,123.79,,121.28,,,42712,5224567.67,959,F1,1,,,,,
2026-07-13,2026-07-13,CM,NSE,STK,18504,INE871L01013,TVVISION,EQ,,,,,TV VISION LIMITED,5.01,5.1,4.12,4.93,4.86,5.07,,4.95,,,47596,222237.33,102,F1,1,,,,,
2026-07-13,2026-07-13,CM,NSE,STK,11265,INE236G01019,TVSELECT,EQ,,,,,TVS ELECTRONICS LTD,511.65,520.0,507.6,513.8,511.0,511.6,,513.8,,,60259,30966318.45,3109,F1,1,,,,,
2026-07-13,2026-07-13,CM,NSE,STK,29008,INE105A01035,TVSHLTD,EQ,,,,,TVS HOLDINGS LIMITED,14000.0,14395.0,13899.0,14210.0,14200.0,14016.0,,14210.0,,,10484,149274074.0,1346,F1,1,,,,,
2026-07-13,2026-07-13,CM,NSE,STK,8479,INE494B01023,TVSMOTOR,EQ,,,,,TVS MOTOR COMPANY  LTD,3599.8,3695.0,3572.8,3676.9,3680.6,3623.1,,3676.9,,,497827,1821029799.1,40749,F1,1,,,,,
2026-07-13,2026-07-13,CM,NSE,STK,761141,INE494B04019,TVSMNCRPS,P1,,,,,TVS MOTOR COMPANY LIMITED,11.0,11.0,10.35,10.4,10.45,10.4,,10.4,,,1170365,12171820.0,500,F1,1,,,,,
2026-07-13,2026-07-13,CM,NSE,STK,14245,INE421C01016,TVSSRICHAK,EQ,,,,,TVS SRICHAKRA LIMITED,4155.0,4183.3,4122.3,4159.7,4155.5,4160.1,,4159.1,,,1295,5382990.7,551,F1,1,,,,,
2026-07-13,2026-07-13,CM,NSE,STK,18151,INE395N01027,TVSSCS,EQ,,,,,TVS SUPPLY CHAIN SOL L,139.1,143.8,137.8,138.03,138.5,141.66,,138.03,,,634698,88923766.28,7031,F1,1,,,,,
2026-07-13,2026-07-13,CM,NSE,STK,19501,INE388G01026,TICL,EQ,,,,,TWAMEV CONS AND INFRA LTD,11.72,12.3,11.62,12.3,12.3,11.72,,12.37,,,347185,4236270.12,699,F1,1,,,,,
2026-07-13,2026-07-13,CM,NSE,STK,25626,INE152C01025,UYFINCORP,EQ,,,,,U. Y. FINCORP LIMITED,16.47,16.92,16.4,16.7,16.9,16.4,,16.7,,,688501,11513581.97,877,F1,1,,,,,
2026-07-13,2026-07-13,CM,NSE,STK,3570,INE139B01016,UCAL,EQ,,,,,UCAL LIMITED,114.1,122.48,114.1,119.54,120.99,115.22,,119.55,,,21971,2626269.76,761,F1,1,,,,,
2026-07-13,2026-07-13,CM,NSE,STK,756002,INE583D07588,1025UCL27A,NG,,,,,UCL 10.25% SR IV,1020.0,1020.0,1020.0,1020.0,1020.0,975.2,,1020.0,,,49,49980.0,1,F1,1,,,,,
2026-07-13,2026-07-13,CM,NSE,STK,11223,INE691A01018,UCOBANK,EQ,,,,,UCO BANK,26.68,26.88,26.26,26.47,26.49,26.7,,26.47,,,5113047,135765969.18,13832,F1,1,,,,,
2026-07-13,2026-07-13,CM,NSE,STK,14871,INE0N0Y01013,USK,EQ,,,,,UDAYSHIVAKUMAR INFRA LTD,22.0,23.0,22.0,22.4,22.49,22.84,,22.43,,,14060,312776.4,153,F1,1,,,,,
2026-07-13,2026-07-13,CM,NSE,STK,1053,INE516A01017,UFLEX,EQ,,,,,UFLEX LIMITED,448.0,463.0,447.65,453.55,454.0,451.2,,453.6,,,61434,27943467.45,2974,F1,1,,,,,
2026-07-13,2026-07-13,CM,NSE,STK,9039,INE527H01019,UFO,EQ,,,,,UFO MOVIEZ INDIA LTD.,70.79,71.59,67.51,70.52,70.36,69.68,,70.51,,,70944,4922153.99,1237,F1,1,,,,,
2026-07-13,2026-07-13,CM,NSE,STK,5313,INE583D01011,UGROCAP,EQ,,,,,UGRO CAPITAL LIMITED,96.76,98.47,96.76,97.83,97.95,98.01,,97.83,,,179235,17538537.9,2126,F1,1,,,,,
2026-07-13,2026-07-13,CM,NSE,STK,23507,INE899L01030,UEL,EQ,,,,,UJAAS ENERGY LIMITED,127.31,131.47,126.51,128.36,128.52,128.37,,128.32,,,5190,672447.84,169,F1,1,,,,,
2026-07-13,2026-07-13,CM,NSE,STK,15228,INE551W01018,UJJIVANSFB,EQ,,,,,UJJIVAN SMALL FINANC BANK,65.0,67.0,64.02,66.87,67.0,65.27,,66.87,,,28602924,1882732536.33,93536,F1,1,,,,,
2026-07-13,2026-07-13,CM,NSE,STK,762961,INE405A01021,ULTRAMAR,EQ,,,,,ULTRAMARINE & PIGMENTS L,398.0,398.45,384.4,395.45,395.5,394.35,,395.25,,,25892,10169414.15,1254,F1,1,,,,,
2026-07-13,2026-07-13,CM,NSE,STK,11532,INE481G01011,ULTRACEMCO,EQ,,,,,ULTRATECH CEMENT LIMITED,11600.0,11639.0,11535.0,11571.0,11545.0,11711.0,,11572.0,,,121301,1405849231.0,20988,F1,1,,,,,
2026-07-13,2026-07-13,CM,NSE,STK,13349,INE067901012,UMA,SM,,,,,UMA CONVERTER LIMITED,17.7,17.7,17.7,17.7,17.7,18.0,,17.7,,,4000,70800.0,1,F1,4000,,,,,
2026-07-13,2026-07-13,CM,NSE,STK,8845,INE0GIU01018,UMAEXPORTS,BE,,,,,UMA EXPORTS LIMITED,21.11,21.9,20.5,21.65,21.88,21.57,,21.63,,,29319,625244.56,115,F1,1,,,,,
2026-07-13,2026-07-13,CM,NSE,STK,8998,INE398B01018,UMIYA-MRO,EQ,,,,,UMIYA BUILDCON LIMITED,90.0,91.91,87.36,89.99,90.46,91.33,,89.96,,,50656,4524601.59,977,F1,1,,,,,
2026-07-13,2026-07-13,CM,NSE,STK,16894,INE033L08270,TCHF30,NB,,,,,UN SE RE NCD 8.55% SR.VI,1040.0,1040.0,1040.0,1040.0,1040.0,1089.75,,1040.0,,,3,3120.0,1,F1,1,,,,,
2026-07-13,2026-07-13,CM,NSE,STK,3579,INE351A01035,UNICHEMLAB,EQ,,,,,UNICHEM LABORATORIES LTD,623.0,650.1,590.0,596.95,599.1,638.75,,596.95,,,432911,266763604.6,17218,F1,1,,,,,
2026-07-13,2026-07-13,CM,NSE,STK,24809,INE00U401027,UNIECOM,EQ,,,,,UNICOMMERCE ESOLUTIONS L,88.0,90.04,87.78,88.16,88.37,88.59,,88.12,,,500309,44385465.17,4522,F1,1,,,,,
2026-07-13,2026-07-13,CM,NSE,STK,18582,INE0PRF01011,UNIHEALTH,SM,,,,,UNIHEALTH HOSPITALS LTD,720.0,739.95,695.0,739.95,739.95,709.95,,739.95,,,16000,11391200.0,32,F1,500,,,,,
2026-07-13,2026-07-13,CM,NSE,STK,7797,INE481Z01011,UNIINFO,BE,,,,,UNIINFO TELECOM SERVI LTD,12.05,12.2,11.53,12.14,12.14,12.13,,12.14,,,4118,48310.35,23,F1,1,,,,,
2026-07-13,2026-07-13,CM,NSE,STK,25633,INE0B2801011,UNILEX,SM,,,,,UNILEX COLOURS AND CHEM L,28.0,28.0,27.95,28.0,28.0,27.0,,28.0,,,6400,179120.0,4,F1,1600,,,,,
2026-07-13,2026-07-13,CM,NSE,STK,28960,INE0U3I01011,UNIMECH,EQ,,,,,UNIMECH AEROSPACE N MFG L,1182.9,1184.9,1152.3,1173.8,1169.5,1185.0,,1173.7,,,87728,102552308.0,6837,F1,1,,,,,
2026-07-13,2026-07-13,CM,NSE,STK,10753,INE692A01016,UNIONBANK,EQ,,,,,UNION BANK OF INDIA,163.0,170.75,162.51,170.39,170.7,164.51,,170.39,,,30404181,5115204687.0,106815,F1,1,,,,,
2026-07-13,2026-07-13,CM,NSE,STK,29687,INF582M01KS4,UNIONGOLD,EQ,,,,,UNIONAMC - UNIONGOLD,140.1,141.8,138.05,138.25,138.05,140.1,,138.25,,,1500,208026.65,65,F1,1,,,,,
2026-07-13,2026-07-13,CM,NSE,STK,13057,INE244O01017,UNIPARTS,EQ,,,,,UNIPARTS INDIA LIMITED,707.0,722.7,691.55,694.8,693.0,704.95,,694.8,,,251691,177882387.8,9876,F1,1,,,,,
2026-07-13,2026-07-13,CM,NSE,STK,11293,INE037A01022,UNIENTER,EQ,,,,,UNIPHOS ENTERPRISES LTD,107.98,113.0,106.16,108.03,109.0,107.98,,108.03,,,64128,6953770.56,624,F1,1,,,,,
2026-07-13,2026-07-13,CM,NSE,STK,3594,INE694A01020,UNITECH,EQ,,,,,UNITECH LTD,4.59,4.67,4.54,4.59,4.58,4.62,,4.59,,,4480177,20536760.54,2334,F1,1,,,,,
2026-07-13,2026-07-13,CM,NSE,STK,16713,INE686F01025,UBL,EQ,,,,,UNITED BREWERIES LTD,1330.0,1339.0,1318.6,1334.4,1338.0,1329.3,,1334.4,,,82620,109671246.8,10102,F1,1,,,,,
2026-07-13,2026-07-13,CM,NSE,STK,204,INE961D01019,UNIDT,BE,,,,,UNITED DRILLING TOOLS LTD,227.09,228.8,224.0,226.12,226.86,227.09,,226.12,,,1704,384966.39,52,F1,1,,,,,
2026-07-13,2026-07-13,CM,NSE,STK,3127,INE382M01027,UFBL,EQ,,,,,UNITED FOODBRANDS LIMITED,754.0,763.0,737.0,741.4,745.0,755.8,,741.2,,,84313,63311179.1,5355,F1,1,,,,,
2026-07-13,2026-07-13,CM,NSE,STK,17999,INE458F01011,UNITEDTEA,EQ,,,,,UNITED NILGIRI TEA LTD,487.0,487.0,467.05,469.0,469.0,475.1,,469.0,,,4755,2244006.85,190,F1,1,,,,,
2026-07-13,2026-07-13,CM,NSE,STK,7564,INE368U01029,UNITEDPOLY,BE,,,,,UNITED POLYFAB GUJ. LTD.,31.5,32.0,29.55,31.48,31.0,30.89,,31.48,,,158625,4925860.27,183,F1,1,,,,,
2026-07-13,2026-07-13,CM,NSE,STK,10447,INE854D01024,UNITDSPR,EQ,,,,,UNITED SPIRITS LIMITED,1378.6,1398.7,1368.8,1373.4,1378.9,1385.7,,1373.4,,,804212,1110487657.8,40226,F1,1,,,,,
2026-07-13,2026-07-13,CM,NSE,STK,10366,INE275F01019,UNIVAFOODS,BE,,,,,UNIVA FOODS LIMITED,8.99,8.99,8.99,8.99,8.99,8.57,,8.63,,,75,674.25,1,F1,1,,,,,
2026-07-13,2026-07-13,CM,NSE,STK,18979,INE562X01013,UNIVASTU,BE,,,,,UNIVASTU INDIA LIMITED,101.94,104.64,97.0,104.49,104.58,99.66,,104.49,,,354590,36510588.61,1192,F1,1,,,,,
2026-07-13,2026-07-13,CM,NSE,STK,3607,INE279A01012,UNIVCABLES,EQ,,,,,UNIVERSAL CABLES LTD,1119.0,1185.7,1119.0,1164.2,1166.0,1130.3,,1164.2,,,109335,127577532.1,7634,F1,1,,,,,
2026-07-13,2026-07-13,CM,NSE,STK,17661,INE03V001013,UNIVPHOTO,BE,,,,,UNIVERSUS IMAGINGS LTD,337.15,367.6,337.15,367.6,367.6,350.1,,367.6,,,1197,433987.7,46,F1,1,,,,,
2026-07-13,2026-07-13,CM,NSE,STK,14154,INE405E01023,UNOMINDA,EQ,,,,,UNO MINDA LIMITED,1150.0,1171.3,1145.9,1152.3,1155.0,1166.1,,1152.3,,,526048,609301741.9,33287,F1,1,,,,,
2026-07-13,2026-07-13,CM,NSE,STK,18636,INE148I08256,915SCL26,NE,,,,,UNS RED NCD 9.15% SR.IX,1066.0,1066.0,1066.0,1066.0,1066.0,1062.5,,1067.13,,,100,106600.0,7,F1,1,,,,,
2026-07-13,2026-07-13,CM,NSE,STK,2871,INE530B08094,10IIFL28A,NE,,,,,UNSE RE NCD 10% SR.I,1023.38,1025.65,1020.0,1025.0,1025.0,1023.38,,1025.0,,,399,408547.41,9,F1,1,,,,,
2026-07-13,2026-07-13,CM,NSE,STK,2877,INE530B08102,96IIFL28A,NF,,,,,UNSE RE NCD 9.6% SR.II,1004.75,1004.75,1001.1,1002.27,1002.5,1003.03,,1002.27,,,2137,2143417.63,40,F1,1,,,,,
2026-07-13,2026-07-13,CM,NSE,STK,5212,INE477L08147,10IIFL28,N4,,,,,UNSEC RE NCD 10% SR.I,1081.05,1082.0,1080.0,1081.2,1082.0,1081.05,,1081.2,,,687,742383.5,14,F1,1,,,,,
2026-07-13,2026-07-13,CM,NSE,STK,5214,INE477L08154,96IIFL28,N5,,,,,UNSEC RE NCD 9.60% SR.II,1004.0,1004.0,1000.0,1002.0,1002.0,1000.5,,1002.64,,,305,305828.2,9,F1,1,,,,,
2026-07-13,2026-07-13,CM,NSE,STK,19047,INE866I08295,105IIFL29,N7,,,,,UNSEC RED NCD 10.5% SR.VI,1095.0,1099.0,1095.0,1098.99,1098.99,1037.0,,1098.99,,,335,367640.96,10,F1,1,,,,,
2026-07-13,2026-07-13,CM,NSE,STK,21225,INE306N08292,910TCAP28,,,,,,UNSERENCD9.1%SRIIICIII&IV,1114.99,1114.99,1108.0,1108.6,1108.0,1124.99,,1108.6,,,661,734319.04,28,F1,1,,,,,
2026-07-13,2026-07-13,CM,NSE,STK,19113,INE851I01011,UDS,EQ,,,,,UPDATER SERVICES LIMITED,200.0,201.09,195.83,196.44,196.89,199.21,,196.44,,,132365,26209347.23,3265,F1,1,,,,,
2026-07-13,2026-07-13,CM,NSE,STK,11287,INE628A01036,UPL,EQ,,,,,UPL LIMITED,590.0,592.5,586.2,591.75,591.45,594.75,,591.75,,,711085,419325794.05,19184,F1,1,,,,,
2026-07-13,2026-07-13,CM,NSE,STK,17081,INE568Z01015,URAVIDEF,BE,,,,,URAVI DEFENCE &TECH LTD,119.3,122.0,115.2,118.86,118.0,117.98,,118.87,,,45726,5432995.51,83,F1,1,,,,,
2026-07-13,2026-07-13,CM,NSE,STK,759084,INE0CAZ01013,URBANCO,EQ,,,,,URBAN COMPANY LIMITED,132.0,134.0,131.12,133.07,133.5,132.75,,133.07,,,1582011,210350347.39,19250,F1,1,,,,,
2026-07-13,2026-07-13,CM,NSE,STK,16888,INE0O0201019,URBAN,SM,,,,,URBAN ENVIRO WASTE MGMT L,126.05,129.0,126.0,126.05,126.0,127.5,,126.05,,,17600,2233840.0,21,F1,800,,,,,
2026-07-13,2026-07-13,CM,NSE,STK,20203,INE550C01020,URJA,EQ,,,,,URJA GLOBAL LIMITED,9.47,9.75,9.4,9.62,9.64,9.56,,9.62,,,617663,5880037.86,2519,F1,1,,,,,
2026-07-13,2026-07-13,CM,NSE,STK,25952,INE0LS001014,USHAFIN,SM,,,,,USHA FINANCIAL SERVICES L,34.0,34.35,34.0,34.35,34.35,33.2,,34.35,,,16000,544560.0,6,F1,1600,,,,,
2026-07-13,2026-07-13,CM,NSE,STK,19142,INE240C01028,UMESLTD,EQ,,,,,USHA MARTIN EDU & SOL LTD,5.81,5.84,5.63,5.82,5.83,5.81,,5.82,,,12051,69685.68,69,F1,1,,,,,
2026-07-13,2026-07-13,CM,NSE,STK,8840,INE228A01035,USHAMART,EQ,,,,,USHA MARTIN LTD.,510.1,514.0,505.1,510.15,510.0,510.1,,510.15,,,310330,158448730.2,10705,F1,1,,,,,
2026-07-13,2026-07-13,CM,NSE,STK,527,INE094J01016,UTIAMC,EQ,,,,,UTI ASSET MNGMT CO LTD,1007.95,1035.9,1004.3,1028.0,1031.45,1004.3,,1028.0,,,1257830,1289497270.05,38910,F1,1,,,,,
2026-07-13,2026-07-13,CM,NSE,STK,22440,INF789F1AUV1,BANKBETA,EQ,,,,,UTIAMC-BANKBETA,59.28,60.25,59.28,60.15,60.0,59.95,,60.15,,,82951,4970876.49,542,F1,1,,,,,
2026-07-13,2026-07-13,CM,NSE,STK,22524,INF789F1AZF3,GILT10BETA,EQ,,,,,UTIAMC-GILT10BETA,26.89,27.0,26.3,26.94,26.94,26.81,,26.94,,,746,20091.98,33,F1,1,,,,,
2026-07-13,2026-07-13,CM,NSE,STK,22488,INF789F1AZD8,ITBETA,EQ,,,,,UTIAMC-ITBETA,294.33,307.28,294.33,304.85,304.88,294.29,,304.91,,,3779,1142060.19,71,F1,1,,,,,
2026-07-13,2026-07-13,CM,NSE,STK,18347,INF789F1AYX9,MIDCAPBETA,EQ,,,,,UTIAMC-MIDCAPBETA,233.8,235.75,232.49,235.23,234.39,234.1,,236.18,,,4502,1050040.01,62,F1,1,,,,,
2026-07-13,2026-07-13,CM,NSE,STK,21478,INF789F1AUW9,NEXT50BETA,EQ,,,,,UTIAMC-NEXT50BETA,77.87,78.03,77.01,77.78,77.85,77.86,,77.77,,,151297,11729099.05,754,F1,1,,,,,
2026-07-13,2026-07-13,CM,NSE,STK,10511,INF789F1AZC0,NIFTYBETA,EQ,,,,,UTIAMC-NIFTYBETA,267.58,268.74,265.33,268.27,268.74,267.58,,268.27,,,376253,100649258.89,973,F1,1,,,,,
2026-07-13,2026-07-13,CM,NSE,STK,10515,INF789FB1X58,SENSEXBETA,EQ,,,,,UTIAMC-SENSEXBETA,858.54,861.38,847.44,858.67,855.7,855.98,,858.93,,,1946,1666713.86,196,F1,1,,,,,
2026-07-13,2026-07-13,CM,NSE,STK,15085,INF789F1AYK6,SILVERBETA,EQ,,,,,UTIAMC-SILVERBETA,216.29,216.29,205.01,209.51,209.17,211.02,,209.51,,,594092,123693116.93,7320,F1,1,,,,,
2026-07-13,2026-07-13,CM,NSE,STK,9168,INF789F1AUU3,SNXT50BETA,EQ,,,,,UTIAMC-SNXT50BETA,94.65,94.65,93.1,94.12,94.38,94.04,,94.12,,,1768,166189.42,115,F1,1,,,,,
2026-07-13,2026-07-13,CM,NSE,STK,14535,INF789F1AUX7,GOLDBETA,EQ,,,,,UTIAMC-UTIGOLDBETA,120.3,120.3,117.25,119.1,119.1,120.3,,119.1,,,1126370,133924782.15,3734,F1,1,,,,,
2026-07-13,2026-07-13,CM,NSE,STK,751580,INE1V1R01014,UTKAL,SM,,,,,UTKAL SPEC INDUS INDIA L,23.2,24.9,22.6,24.9,24.9,23.75,,24.9,,,270000,6331100.0,104,F1,2000,,,,,
2026-07-13,2026-07-13,CM,NSE,STK,17358,INE735W01017,UTKARSHBNK,EQ,,,,,UTKARSH SMALL FIN BANK L,14.46,15.26,14.4,15.2,15.26,14.64,,15.2,,,11066780,166390880.84,11753,F1,1,,,,,
2026-07-13,2026-07-13,CM,NSE,STK,24729,INE06IJ01010,UTSSAV,ST,,,,,UTSSAV CZ GOLD JEWELS LTD,476.95,476.95,476.95,476.95,476.95,454.25,,476.95,,,19800,9443610.0,18,F1,600,,,,,
2026-07-13,2026-07-13,CM,NSE,STK,13376,INE786F01031,UTTAMSUGAR,EQ,,,,,UTTAM SUGAR MILLS LTD.,231.0,241.45,230.9,237.25,237.9,232.45,,237.23,,,122682,29220788.26,2304,F1,1,,,,,
2026-07-13,2026-07-13,CM,NSE,STK,3188,INE0GXK01018,VMARCIND,SM,,,,,V MARC INDIA LIMITED,257.2,282.0,257.2,275.45,277.5,263.8,,275.45,,,334500,90510600.0,210,F1,1500,,,,,
2026-07-13,2026-07-13,CM,NSE,STK,15362,INE951I01027,VGUARD,EQ,,,,,V-GUARD IND LTD.,305.6,307.15,302.05,304.3,304.0,305.6,,304.3,,,95170,28945789.45,6052,F1,1,,,,,
2026-07-13,2026-07-13,CM,NSE,STK,14766,INE945H01021,V2RETAIL,EQ,,,,,V2 RETAIL LIMITED,219.6,227.59,215.7,223.1,224.0,220.23,,223.09,,,1551734,344932258.5,24894,F1,1,,,,,
2026-07-13,2026-07-13,CM,NSE,STK,20188,INE956G01038,WABAG,EQ,,,,,VA TECH WABAG LTD,2210.0,2253.5,2177.3,2205.7,2196.9,2221.2,,2205.8,,,704588,1558987369.7,41854,F1,1,,,,,
2026-07-13,2026-07-13,CM,NSE,STK,24196,INE694D01016,VADILALIND,EQ,,,,,VADILAL INDUSTRIES LTD,6436.0,6477.0,6309.5,6428.5,6433.0,6410.0,,6429.0,,,7069,45480541.5,1853,F1,1,,,,,
2026-07-13,2026-07-13,CM,NSE,STK,11364,INE884A01027,VAIBHAVGBL,EQ,,,,,VAIBHAV GLOBAL LIMITED,257.01,262.78,254.1,255.88,255.6,261.36,,255.85,,,391880,101134481.82,7424,F1,1,,,,,
2026-07-13,2026-07-13,CM,NSE,STK,8259,INE0JR301013,MADHAVBAUG,SM,,,,,VAIDYA SANE AYUR LAB LTD,183.9,188.0,178.0,187.9,187.9,183.9,,187.9,,,10400,1921040.0,20,F1,400,,,,,
2026-07-13,2026-07-13,CM,NSE,STK,16621,INE972X01022,VAISHALI,BE,,,,,VAISHALI PHARMA LIMITED,7.7,7.93,7.7,7.93,7.93,7.56,,7.93,,,190965,1509649.15,298,F1,1,,,,,
2026-07-13,2026-07-13,CM,NSE,STK,13342,INE051B01021,VAKRANGEE,EQ,,,,,VAKRANGEE LIMITED,6.1,6.15,6.0,6.12,6.14,6.08,,6.12,,,2097925,12716897.92,1596,F1,1,,,,,
2026-07-13,2026-07-13,CM,NSE,STK,19220,INE0JWS01017,VALIANTLAB,BE,,,,,VALIANT LABORATORIES LTD,62.08,64.25,60.16,63.75,63.75,62.08,,63.75,,,9613,604513.01,52,F1,1,,,,,
2026-07-13,2026-07-13,CM,NSE,STK,334,INE565V01010,VALIANTORG,BE,,,,,VALIANT ORGANICS LIMITED,279.05,279.05,273.0,276.6,276.5,279.05,,276.5,,,7905,2181874.7,158,F1,1,,,,,
2026-07-13,2026-07-13,CM,NSE,STK,18128,INE879I01012,DBREALTY,BE,,,,,VALOR ESTATE LIMITED,113.1,119.98,111.0,119.42,119.98,114.27,,119.42,,,1076353,127248785.17,2758,F1,1,,,,,
2026-07-13,2026-07-13,CM,NSE,STK,763304,INE1E7Y01018,VALUE360,SM,,,,,VALUE 360 COMMUNICATION L,83.9,84.95,83.0,84.45,83.0,82.9,,84.45,,,15600,1317420.0,4,F1,1200,,,,,
2026-07-13,2026-07-13,CM,NSE,STK,13403,INE116G01013,VARDHACRLC,BE,,,,,VARDHAMAN ACRYLICS LTD,43.32,44.94,43.11,44.29,44.5,43.53,,44.29,,,19473,863151.95,138,F1,1,,,,,
2026-07-13,2026-07-13,CM,NSE,STK,11892,INE701A01023,VHL,EQ,,,,,VARDHMAN HOLDINGS LIMITED,3538.6,3545.0,3472.0,3517.5,3511.0,3538.6,,3517.5,,,200,703726.8,77,F1,1,,,,,
2026-07-13,2026-07-13,CM,NSE,STK,3646,INE835A01029,VARDMNPOLY,EQ,,,,,VARDHMAN POLYTEX LTD.,6.79,6.79,6.56,6.66,6.65,6.63,,6.66,,,195660,1305928.0,305,F1,1,,,,,
2026-07-13,2026-07-13,CM,NSE,STK,27067,INE050M01012,VSSL,EQ,,,,,VARDHMAN SPC STEEL LTD,277.0,301.65,277.0,295.2,292.95,276.35,,295.2,,,838649,247408082.5,15581,F1,1,,,,,
2026-07-13,2026-07-13,CM,NSE,STK,2073,INE825A01020,VTL,EQ,,,,,VARDHMAN TEXTILES LIMITED,633.4,652.95,626.6,650.65,650.0,636.15,,650.65,,,168204,108498155.25,10352,F1,1,,,,,
2026-07-13,2026-07-13,CM,NSE,STK,3857,INE665L01035,VARROC,EQ,,,,,VARROC ENGINEERING LTD.,660.0,673.0,651.05,659.85,658.2,661.45,,659.85,,,102849,68273994.45,7068,F1,1,,,,,
2026-07-13,2026-07-13,CM,NSE,STK,18921,INE200M01039,VBL,EQ,,,,,VARUN BEVERAGES LIMITED,477.25,478.7,464.55,469.1,468.0,478.1,,469.1,,,7281774,3423227267.65,109856,F1,1,,,,,
2026-07-13,2026-07-13,CM,NSE,STK,13771,INE273D01027,VGL,EQ,,,,,VARVEE GLOBAL LIMITED,63.14,64.24,62.02,63.28,62.56,63.41,,63.28,,,22866,1448801.91,938,F1,1,,,,,
2026-07-13,2026-07-13,CM,NSE,STK,16454,INE0N5801013,DENTALKART,SM,,,,,VASA DENTICITY LIMITED,372.25,373.05,366.0,371.35,370.0,373.65,,371.35,,,15500,5732887.5,48,F1,250,,,,,
2026-07-13,2026-07-13,CM,NSE,STK,18114,INE893I01013,VASCONEQ,BE,,,,,VASCON ENGINEERS LTD,32.8,32.8,32.05,32.38,32.55,32.54,,32.38,,,142352,4604846.49,564,F1,1,,,,,
2026-07-13,2026-07-13,CM,NSE,STK,25340,INE590L01019,VASWANI,EQ,,,,,VASWANI IND LTD,54.5,55.69,53.5,53.8,53.5,54.52,,53.81,,,12362,669888.14,275,F1,1,,,,,
2026-07-13,2026-07-13,CM,NSE,STK,9020,INE098201036,VCL,EQ,,,,,VAXTEX COTFAB LIMITED,1.34,1.34,1.26,1.26,1.27,1.33,,1.26,,,237840,304421.91,194,F1,1,,,,,
2026-07-13,2026-07-13,CM,NSE,STK,757719,INE04HY07286,115VCCL27,N0,,,,,VCCL 11.5% 2027 SR II,98850.0,98850.0,98850.0,98850.0,98850.0,99000.0,,98850.0,,,2,197700.0,1,F1,1,,,,,
2026-07-13,2026-07-13,CM,NSE,STK,756916,INE04HY07229,12VCCL29B,N0,,,,,VCCL 12% 2029,99500.0,99500.0,99000.0,99250.0,99000.0,99000.0,,99250.0,,,2,198500.0,2,F1,1,,,,,
2026-07-13,2026-07-13,CM,NSE,STK,25054,INE0U2M01015,VDEAL,SM,,,,,VDEAL SYSTEM LIMITED,161.05,161.05,150.75,159.75,159.75,162.0,,159.75,,,14400,2263980.0,24,F1,600,,,,,
2026-07-13,2026-07-13,CM,NSE,STK,8167,INE825V01034,MANYAVAR,EQ,,,,,VEDANT FASHIONS LIMITED,392.15,401.55,388.6,398.95,400.0,392.15,,398.95,,,240571,95926593.7,7026,F1,1,,,,,
2026-07-13,2026-07-13,CM,NSE,STK,750174,INE1CDF01017,VAML,EQ,,,,,VEDANTA ALUMINIUM METAL L,441.9,456.0,440.65,450.95,451.55,443.55,,450.95,,,7186549,3230447254.5,110771,F1,1,,,,,
2026-07-13,2026-07-13,CM,NSE,STK,750290,INE1CLE01013,VISL,EQ,,,,,VEDANTA IRON AND STEEL L,35.4,36.41,35.2,36.41,36.41,34.68,,36.41,,,92593863,3345849756.28,87913,F1,1,,,,,
2026-07-13,2026-07-13,CM,NSE,STK,3063,INE205A01025,VEDL,EQ,,,,,VEDANTA LIMITED,271.0,271.25,268.1,269.65,270.0,272.55,,269.65,,,9688301,2612074072.9,110659,F1,1,,,,,
2026-07-13,2026-07-13,CM,NSE,STK,750368,INE704J01044,VOGL,EQ,,,,,VEDANTA OIL AND GAS LTD,39.0,39.89,38.61,38.97,38.87,38.74,,38.97,,,54872010,2145991098.67,117080,F1,1,,,,,
2026-07-13,2026-07-13,CM,NSE,STK,750518,INE694L01019,VEDPOWER,EQ,,,,,VEDANTA POWER LIMITED,41.5,42.49,41.11,41.43,41.5,41.83,,41.43,,,36357613,1516190577.32,69654,F1,1,,,,,
2026-07-13,2026-07-13,CM,NSE,STK,14019,INE484C01030,VEEDOL,EQ,,,,,VEEDOL CORPORATION LTD,1454.8,1456.8,1439.9,1449.9,1451.0,1454.8,,1450.0,,,12538,18150715.7,934,F1,1,,,,,
2026-07-13,2026-07-13,CM,NSE,STK,762969,INE232E01013,VELJAN,BE,,,,,VELJAN DENISON LTD.,1600.0,1692.2,1600.0,1692.2,1692.2,1611.7,,1688.8,,,1520,2553175.9,93,F1,1,,,,,
2026-07-13,2026-07-13,CM,NSE,STK,3757,INE398A01010,VENKEYS,EQ,,,,,VENKY S (INDIA) LIMITED,1485.0,1537.0,1460.3,1510.1,1520.0,1485.7,,1510.4,,,105115,158558061.3,8436,F1,1,,,,,
2026-07-13,2026-07-13,CM,NSE,STK,28847,INE781S01027,VENTIVE,EQ,,,,,VENTIVE HOSPITALITY LTD,615.0,629.05,610.0,621.8,620.0,624.3,,621.8,,,18480,11478863.9,1604,F1,1,,,,,
2026-07-13,2026-07-13,CM,NSE,STK,9592,INE0JA001018,VENUSPIPES,EQ,,,,,VENUS PIPES & TUBES LTD,1803.0,1822.0,1781.6,1797.9,1793.1,1807.9,,1798.1,,,56003,100866266.1,4902,F1,1,,,,,
2026-07-13,2026-07-13,CM,NSE,STK,13856,INE411B01019,VENUSREM,BE,,,,,VENUS REMEDIES LIMITED,1715.0,1805.4,1715.0,1805.4,1805.4,1719.5,,1809.4,,,75311,135174480.5,1510,F1,1,,,,,
2026-07-13,2026-07-13,CM,NSE,STK,8890,INE0IQ001011,VERANDA,EQ,,,,,VERANDA LEARNING SOL LTD,238.0,238.61,230.0,231.86,230.5,237.95,,231.86,,,210932,49171844.88,4446,F1,1,,,,,
2026-07-13,2026-07-13,CM,NSE,STK,10757,INE0KXY23015,VERTIS,IV,,,,,VERTIS INFRASTRUCTURE TST,110.0,110.0,110.0,110.0,110.0,109.0,,110.0,,,225000,24750000.0,2,F1,25000,,,,,
2026-07-13,2026-07-13,CM,NSE,STK,18865,INE188Y01031,VERTOZ,BE,,,,,VERTOZ LIMITED,38.0,39.8,37.73,38.31,39.28,38.86,,38.31,,,38992,1506698.84,284,F1,1,,,,,
2026-07-13,2026-07-13,CM,NSE,STK,3676,INE386A01023,VESUVIUS,EQ,,,,,VESUVIUS INDIA LTD,465.0,474.6,462.0,472.65,473.0,464.5,,472.65,,,93006,43876523.85,4476,F1,1,,,,,
2026-07-13,2026-07-13,CM,NSE,STK,8660,INE918N01018,VETO,BE,,,,,VETO SWITCHGEAR CABLE LTD,124.95,124.95,121.5,122.61,123.3,123.51,,122.61,,,20621,2528745.05,166,F1,1,,,,,
2026-07-13,2026-07-13,CM,NSE,STK,22730,INE0QTF01015,VSTL,EQ,,,,,VIBHOR STEEL TUBES LTD,114.47,114.47,111.0,112.52,112.91,114.47,,112.52,,,8552,960549.15,392,F1,1,,,,,
2026-07-13,2026-07-13,CM,NSE,STK,23386,INE048C01025,VHLTD,BE,,,,,VICEROY HOTELS LIMITED,131.98,131.98,128.5,129.0,129.0,128.53,,129.38,,,3443,443040.41,41,F1,1,,,,,
2026-07-13,2026-07-13,CM,NSE,STK,760694,INE0F8901022,VICTORYEV,ST,,,,,VICTORY ELEC VEHICL INT L,16.35,17.15,16.35,17.15,17.15,16.35,,17.15,,,51000,854850.0,16,F1,3000,,,,,
2026-07-13,2026-07-13,CM,NSE,STK,13536,INE632C01026,VIDHIING,EQ,,,,,VIDHI SPCLTY F INGRDNTS L,293.0,300.0,291.25,297.55,297.0,296.15,,297.55,,,6954,2068052.9,633,F1,1,,,,,
2026-07-13,2026-07-13,CM,NSE,STK,760224,INE14UN01029,VIDYAWIRES,EQ,,,,,VIDYA WIRES LIMITED,97.76,97.76,95.58,96.35,96.25,97.06,,96.36,,,557025,53762958.07,4849,F1,1,,,,,
2026-07-13,2026-07-13,CM,NSE,STK,758908,INE1DM601016,VIGOR,ST,,,,,VIGOR PLAST INDIA LIMITED,100.05,107.5,98.05,105.75,107.5,103.0,,105.75,,,24000,2458000.0,14,F1,1600,,,,,
2026-07-13,2026-07-13,CM,NSE,STK,5585,INE043W01024,VIJAYA,EQ,,,,,VIJAYA DIAGNOSTIC CEN LTD,1389.0,1406.9,1358.2,1388.8,1393.0,1389.1,,1388.6,,,127968,177730254.8,12202,F1,1,,,,,
2026-07-13,2026-07-13,CM,NSE,STK,760121,INE0WL901019,VIJAYPD,SM,,,,,VIJAYPD CEUTICAL LIMITED,72.1,73.0,72.1,73.0,73.0,70.65,,73.0,,,4000,290200.0,2,F1,2000,,,,,
2026-07-13,2026-07-13,CM,NSE,STK,17695,INE159N01027,VIJIFIN,BE,,,,,VIJI FINANCE LIMITED,7.8,7.8,7.8,7.8,7.8,7.65,,7.85,,,80049,624382.2,67,F1,1,,,,,
2026-07-13,2026-07-13,CM,NSE,STK,25756,INE806A01020,VIKASECO,EQ,,,,,VIKAS ECOTECH LIMITED,1.21,1.24,1.19,1.22,1.22,1.21,,1.22,,,1628292,1979931.39,1144,F1,1,,,,,
2026-07-13,2026-07-13,CM,NSE,STK,9931,INE161L01027,VIKASLIFE,EQ,,,,,VIKAS LIFECARE LIMITED,1.37,1.41,1.36,1.4,1.41,1.39,,1.4,,,2536633,3525275.63,8627,F1,1,,,,,
2026-07-13,2026-07-13,CM,NSE,STK,759453,INE078V01014,VIKRAMSOLR,EQ,,,,,VIKRAM SOLAR LIMITED,202.5,205.99,194.01,195.24,195.05,203.35,,195.25,,,6383687,1275156865.01,50445,F1,1,,,,,
2026-07-13,2026-07-13,CM,NSE,STK,758973,INE01R501028,VIKRAN,EQ,,,,,VIKRAN ENGINEERING LTD,73.69,76.99,73.11,75.09,75.0,74.34,,75.09,,,3978888,299790638.19,13904,F1,1,,,,,
2026-07-13,2026-07-13,CM,NSE,STK,23909,INE0AZY01017,VILAS,SM,,,,,VILAS TRANSCORE LIMITED,383.3,395.0,380.05,381.6,380.7,384.5,,381.6,,,26250,10139725.0,73,F1,250,,,,,
2026-07-13,2026-07-13,CM,NSE,STK,16954,INE0L4V01013,VILINBIO,SM,,,,,VILIN BIO MED LIMITED,46.0,47.0,46.0,46.5,46.5,46.0,,46.5,,,16000,744000.0,4,F1,4000,,,,,
2026-07-13,2026-07-13,CM,NSE,STK,13101,INE579C01029,VIMTALABS,EQ,,,,,VIMTA LABS LIMITED,565.0,567.0,554.05,556.3,554.1,566.1,,556.3,,,100324,56042672.1,3478,F1,1,,,,,
2026-07-13,2026-07-13,CM,NSE,STK,17364,INE410B01037,VINATIORGA,EQ,,,,,VINATI ORGANICS LTD,1327.0,1337.7,1313.1,1334.6,1334.9,1333.1,,1334.5,,,26347,35024124.5,3473,F1,1,,,,,
2026-07-13,2026-07-13,CM,NSE,STK,3694,INE707A01012,VINDHYATEL,EQ,,,,,VINDHYA TELELINKS LTD,1981.1,2019.8,1941.2,1951.7,1945.0,1986.6,,1951.9,,,26171,51593793.2,4450,F1,1,,,,,
2026-07-13,2026-07-13,CM,NSE,STK,3809,INE505Y01010,VINEETLAB,BE,,,,,VINEET LABORATORIES LTD,32.75,33.82,31.5,33.79,33.82,32.21,,33.78,,,36615,1222261.98,180,F1,1,,,,,
2026-07-13,2026-07-13,CM,NSE,STK,763824,INE27V201011,VMOBILE,ST,,,,,VINIT MOBILE LIMITED,120.05,120.05,120.05,120.05,120.05,126.35,,120.05,,,800,96040.0,1,F1,800,,,,,
2026-07-13,2026-07-13,CM,NSE,STK,12490,INE01KI01027,VINNY,EQ,,,,,VINNY OVERSEAS LIMITED,1.07,1.08,1.06,1.06,1.06,1.07,,1.06,,,177388,188959.45,170,F1,1,,,,,
2026-07-13,2026-07-13,CM,NSE,STK,17905,INE0OSJ01014,VINSYS,ST,,,,,VINSYS IT SERVICES IND LT,500.0,504.0,499.0,503.0,503.0,500.0,,503.0,,,2500,1255000.0,8,F1,250,,,,,
2026-07-13,2026-07-13,CM,NSE,STK,25835,INE498Q01014,VINCOFE,EQ,,,,,VINTAGE COFFEE N BVRGS L,159.3,168.0,158.45,165.41,165.85,161.55,,165.41,,,2694061,444631588.6,20150,F1,1,,,,,
2026-07-13,2026-07-13,CM,NSE,STK,19206,INE0OLS01010,VINYAS,SM,,,,,VINYAS INNOVATIVE TECH L,1380.0,1380.0,1305.05,1314.35,1311.15,1388.6,,1314.35,,,7300,9728175.0,59,F1,100,,,,,
2026-07-13,2026-07-13,CM,NSE,STK,16821,INE250B01029,VINYLINDIA,EQ,,,,,VINYL CHEMICALS (I) LTD.,259.5,259.5,252.5,253.5,252.8,256.9,,253.55,,,8894,2267094.1,494,F1,1,,,,,
2026-07-13,2026-07-13,CM,NSE,STK,14847,INE450G01024,VIPCLOTHNG,BE,,,,,VIP CLOTHING LIMITED,24.25,24.49,23.5,23.66,23.73,24.05,,23.66,,,76704,1826720.02,210,F1,1,,,,,
2026-07-13,2026-07-13,CM,NSE,STK,3703,INE054A01027,VIPIND,EQ,,,,,VIP INDUSTRIES LTD,302.5,303.0,298.9,300.25,300.45,303.0,,300.25,,,122827,36940889.45,2549,F1,1,,,,,
2026-07-13,2026-07-13,CM,NSE,STK,8437,INE946H01037,VIPULLTD,BE,,,,,VIPUL LIMITED,16.95,17.82,16.94,17.81,17.82,16.98,,17.81,,,1042214,18513376.46,2420,F1,1,,,,,
2026-07-13,2026-07-13,CM,NSE,STK,15295,INE539B01017,VIRINCHI,EQ,,,,,VIRINCHI LIMITED,16.4,16.4,15.88,15.97,16.17,16.03,,15.97,,,42590,684975.77,282,F1,1,,,,,
2026-07-13,2026-07-13,CM,NSE,STK,757060,INE0VRH01015,VGINFOTECH,SM,,,,,VIRTUAL GALAXY INFOTECH L,142.8,142.8,138.0,139.5,139.5,140.0,,139.5,,,16000,2248650.0,15,F1,1000,,,,,
2026-07-13,2026-07-13,CM,NSE,STK,761916,INE0I0T01010,VOEPL,EQ,,,,,VIRTUOSO OPTOELECTRONIC L,447.85,448.95,434.35,437.35,441.0,446.7,,437.2,,,39333,17308281.6,1534,F1,1,,,,,
2026-07-13,2026-07-13,CM,NSE,STK,13298,INE286H01012,VISACHROME,BE,,,,,VISA CHROME LIMITED,40.66,42.27,40.0,41.03,41.0,40.26,,41.03,,,179251,7382022.52,128,F1,1,,,,,
2026-07-13,2026-07-13,CM,NSE,STK,29877,INE370E01029,VIVIDHA,EQ,,,,,VISAGAR POLYTEX LTD,0.53,0.53,0.51,0.52,0.53,0.53,,0.52,,,400247,208035.97,189,F1,1,,,,,
2026-07-13,2026-07-13,CM,NSE,STK,4221,INE392A01021,VISAKAIND,EQ,,,,,VISAKA INDUSTRIES LIMITED,82.16,87.4,82.16,85.55,84.8,81.92,,85.53,,,789088,67188566.8,6657,F1,1,,,,,
2026-07-13,2026-07-13,CM,NSE,STK,27969,INE01EA01019,VMM,EQ,,,,,VISHAL MEGA MART LIMITED,117.48,118.51,115.95,116.21,116.29,118.79,,116.21,,,8973303,1046491672.3,28605,F1,1,,,,,
2026-07-13,2026-07-13,CM,NSE,STK,6908,INE270I01022,VISHNU,EQ,,,,,VISHNU CHEMICALS LIMITED,596.95,606.05,590.05,601.8,600.5,597.0,,601.65,,,59291,35547309.4,3066,F1,1,,,,,
2026-07-13,2026-07-13,CM,NSE,STK,18343,INE0AE001013,VPRPL,BE,,,,,VISHNU PRAKASH R PUNGLI L,26.53,26.54,26.53,26.54,26.54,26.45,,26.54,,,126448,3355540.1,443,F1,1,,,,,
2026-07-13,2026-07-13,CM,NSE,STK,19300,INE0PQ001012,VISHNUINFR,SM,,,,,VISHNUSURYA PROJ N INFR L,160.2,160.2,158.5,158.5,158.5,161.2,,158.5,,,1500,239450.0,2,F1,500,,,,,
2026-07-13,2026-07-13,CM,NSE,STK,13702,INE430N01022,VISHWARAJ,EQ,,,,,VISHWARAJ SUGAR IND LTD,5.39,5.5,5.32,5.42,5.4,5.37,,5.42,,,146318,794390.3,428,F1,1,,,,,
2026-07-13,2026-07-13,CM,NSE,STK,23373,INE0S2E01016,VISHWAS,ST,,,,,VISHWAS AGRI SEEDS LTD,45.95,50.25,45.95,50.25,50.25,48.35,,50.25,,,38400,1863680.0,9,F1,1600,,,,,
2026-07-13,2026-07-13,CM,NSE,STK,25231,INE0TR001017,VIESL,SM,,,,,VISION INFRA EQUIP SOL L,312.65,313.8,305.4,306.8,306.0,313.4,,306.8,,,32800,10174560.0,35,F1,800,,,,,
2026-07-13,2026-07-13,CM,NSE,STK,761150,INE0L4K01016,VITAL,BE,,,,,VITAL CHEMTECH LIMITED,54.98,54.98,53.92,53.92,53.92,55.0,,53.92,,,803,43830.94,4,F1,1,,,,,
2026-07-13,2026-07-13,CM,NSE,STK,763637,INE0MEG01014,VIVIANA,BE,,,,,VIVIANA POWER TECH LTD,768.0,799.9,751.05,792.75,793.0,772.0,,792.75,,,16896,13140927.15,561,F1,1,,,,,
2026-07-13,2026-07-13,CM,NSE,STK,761771,INE24H301028,VIVIDEL,ST,,,,,VIVID ELECTROMECH LIMITED,1200.1,1242.35,1200.1,1242.35,1242.35,1183.2,,1242.35,,,38160,47179824.0,138,F1,240,,,,,
2026-07-13,2026-07-13,CM,NSE,STK,11968,INE526G01021,VIVIMEDLAB,BE,,,,,VIVIMED LABS LIMITED,5.67,5.67,5.31,5.36,5.38,5.41,,5.36,,,91175,492811.3,132,F1,1,,,,,
2026-07-13,2026-07-13,CM,NSE,STK,14296,INE807F01027,VIYASH,EQ,,,,,VIYASH SCIENTIFIC LIMITED,278.2,285.35,274.3,284.35,283.9,277.8,,284.35,,,1200371,339135685.05,25730,F1,1,,,,,
2026-07-13,2026-07-13,CM,NSE,STK,18021,INE03HW01020,VLEGOV,BE,,,,,VL E GOV AND IT SOL LTD,11.0,11.69,10.8,11.69,11.69,11.14,,11.68,,,327291,3742065.84,321,F1,1,,,,,
2026-07-13,2026-07-13,CM,NSE,STK,3715,INE709A01018,VLSFINANCE,EQ,,,,,VLS FINANCE LTD,248.25,259.0,248.25,255.55,255.9,253.9,,255.55,,,5475,1393465.75,249,F1,1,,,,,
2026-07-13,2026-07-13,CM,NSE,STK,29284,INE665J01013,VMART,EQ,,,,,VMART RETAIL LTD,778.0,780.0,765.0,767.9,769.8,777.85,,767.85,,,35828,27631535.85,6778,F1,1,,,,,
2026-07-13,2026-07-13,CM,NSE,STK,759153,INE0SJA01013,VMSTMT,BE,,,,,VMS TMT LIMITED,46.95,46.95,45.42,45.99,45.8,46.33,,46.05,,,12607,579849.11,134,F1,1,,,,,
2026-07-13,2026-07-13,CM,NSE,STK,14366,INE669E01016,IDEA,EQ,,,,,VODAFONE IDEA LIMITED,14.1,14.17,13.93,13.96,13.95,14.19,,13.96,,,234457573,3283114321.1,294293,F1,1,,,,,
2026-07-13,2026-07-13,CM,NSE,STK,29658,INE241X01014,VOLERCAR,SM,,,,,VOLER CAR LIMITED,230.0,231.9,227.6,227.6,227.6,226.25,,227.6,,,2400,551600.0,3,F1,800,,,,,
2026-07-13,2026-07-13,CM,NSE,STK,13577,INE540H01012,VOLTAMP,EQ,,,,,VOLTAMP TRANSFORMERS LTD,9544.0,9547.0,9367.0,9471.0,9500.0,9562.0,,9471.0,,,37646,355993969.0,10693,F1,1,,,,,
2026-07-13,2026-07-13,CM,NSE,STK,3718,INE226A01021,VOLTAS,EQ,,,,,VOLTAS LTD,1285.0,1354.8,1273.4,1349.5,1351.6,1286.7,,1349.5,,,2093557,2789481795.2,64405,F1,1,,,,,
2026-07-13,2026-07-13,CM,NSE,STK,24321,INE0S2V01010,VRAJ,EQ,,,,,VRAJ IRON AND STEEL LTD,117.0,120.78,116.92,119.55,119.73,117.0,,119.51,,,18819,2246228.39,489,F1,1,,,,,
2026-07-13,2026-07-13,CM,NSE,STK,8696,INE366I01010,VRLLOG,EQ,,,,,VRL LOGISTICS LIMITED,228.0,234.25,227.38,230.97,231.98,231.21,,230.98,,,100838,23309138.52,3897,F1,1,,,,,
2026-07-13,2026-07-13,CM,NSE,STK,3724,INE710A01016,VSTIND,EQ,,,,,VST INDUSTRIES LTD,245.0,245.45,240.0,241.05,242.0,248.6,,241.05,,,671060,162305729.3,11481,F1,1,,,,,
2026-07-13,2026-07-13,CM,NSE,STK,24292,INE764D01017,VSTTILLERS,EQ,,,,,VST TILLERS TRACTORS LTD,4666.6,4700.9,4590.0,4673.0,4677.8,4655.1,,4672.9,,,4901,22864813.8,1320,F1,1,,,,,
2026-07-13,2026-07-13,CM,NSE,STK,762978,INE765D01022,WPIL,EQ,,,,,W P I L LTD.,465.45,471.0,456.6,461.75,463.2,465.45,,462.0,,,25683,11888126.3,1472,F1,1,,,,,
2026-07-13,2026-07-13,CM,NSE,STK,14828,INE100D01014,WSI,EQ,,,,,W.S.INDUSTRIES (I) LTD.,66.0,67.2,63.2,65.67,67.2,66.07,,65.61,,,60889,3951378.85,1988,F1,1,,,,,
2026-07-13,2026-07-13,CM,NSE,STK,25907,INE377N01017,WAAREEENER,EQ,,,,,WAAREE ENERGIES LIMITED,2904.9,2914.0,2860.0,2880.2,2878.8,2922.9,,2880.3,,,532271,1538412667.9,30077,F1,1,,,,,
2026-07-13,2026-07-13,CM,NSE,STK,756038,INE299N01021,WAAREERTL,EQ,,,,,WAAREE RENEWABLE TECH LTD,1009.9,1011.9,1001.5,1007.2,1010.0,1016.3,,1007.2,,,125951,126802383.2,7437,F1,1,,,,,
2026-07-13,2026-07-13,CM,NSE,STK,760259,INE0E7301029,WAKEFIT,EQ,,,,,WAKEFIT INNOVATIONS LTD,129.69,137.45,127.56,133.04,132.7,129.8,,133.04,,,1678326,224400758.11,21668,F1,1,,,,,
2026-07-13,2026-07-13,CM,NSE,STK,3736,INE711A01022,WALCHANNAG,EQ,,,,,WALCHANDNAGAR INDUSTRIES,257.1,267.0,252.6,256.85,256.75,261.0,,256.85,,,1734660,449055875.1,18386,F1,1,,,,,
2026-07-13,2026-07-13,CM,NSE,STK,14063,INE107F01022,WANBURY,EQ,,,,,WANBURY LIMITED,300.0,311.9,295.1,300.45,299.15,297.85,,300.45,,,496194,151170632.0,14607,F1,1,,,,,
2026-07-13,2026-07-13,CM,NSE,STK,762163,INE0LZF01013,CORDELIA,EQ,,,,,WATERWAYS LEISURE TOUR L,855.05,884.95,841.15,854.45,848.7,862.1,,854.7,,,493372,426111248.2,16527,F1,1,,,,,
2026-07-13,2026-07-13,CM,NSE,STK,759215,INE0A3007065,1075WCA28,N0,,,,,WCAPL 10.75% 2028,9995.0,9995.0,9995.0,9995.0,9995.0,9995.0,,9995.0,,,1,9995.0,1,F1,1,,,,,
2026-07-13,2026-07-13,CM,NSE,STK,9865,INE082W01014,WEWIN,BE,,,,,WE WIN LIMITED,46.04,48.34,46.04,47.82,47.82,46.27,,47.8,,,355,16858.82,9,F1,1,,,,,
2026-07-13,2026-07-13,CM,NSE,STK,760482,INF2F0001370,TWCGOLDETF,EQ,,,,,WEALTH - TWCGOLDETF,141.5,141.5,138.05,140.77,140.46,142.54,,140.77,,,1456,204857.58,32,F1,1,,,,,
2026-07-13,2026-07-13,CM,NSE,STK,1923,INE658T01017,WEALTH,EQ,,,,,WEALTH FRST PORT. MG. LTD,994.65,994.65,951.65,958.5,957.0,984.65,,958.55,,,2302,2221948.1,322,F1,1,,,,,
2026-07-13,2026-07-13,CM,NSE,STK,14602,INE855C01023,WEBELSOLAR,EQ,,,,,WEBSOL ENERGY SYSTEM LTD,99.53,101.34,98.5,99.67,99.9,99.85,,99.67,,,1153924,115468973.32,7419,F1,1,,,,,
2026-07-13,2026-07-13,CM,NSE,STK,3748,INE080A01014,WEIZMANIND,EQ,,,,,WEIZMANN LTD,80.99,84.99,77.16,80.13,80.48,79.59,,80.13,,,3656,297334.47,127,F1,1,,,,,
2026-07-13,2026-07-13,CM,NSE,STK,11821,INE191B01025,WELCORP,EQ,,,,,WELSPUN CORP LIMITED,1601.7,1638.8,1591.9,1619.9,1625.0,1612.6,,1619.9,,,700903,1137332621.0,38081,F1,1,,,,,
2026-07-13,2026-07-13,CM,NSE,STK,11626,INE625G01013,WELENT,EQ,,,,,WELSPUN ENTERPRISES LTD.,614.0,625.0,607.3,614.95,615.0,614.0,,615.05,,,116234,71805372.6,5243,F1,1,,,,,
2026-07-13,2026-07-13,CM,NSE,STK,19804,INE389K01018,WELINV,BE,,,,,WELSPUN INV & COMM LTD,1775.0,1775.0,1710.0,1710.9,1710.0,1800.0,,1710.9,,,41,70980.3,10,F1,1,,,,,
2026-07-13,2026-07-13,CM,NSE,STK,11253,INE192B01031,WELSPUNLIV,EQ,,,,,WELSPUN LIVING LIMITED,165.0,174.97,163.47,174.14,174.0,166.17,,174.14,,,4165421,716957652.99,36970,F1,1,,,,,
2026-07-13,2026-07-13,CM,NSE,STK,762971,INE731F01037,WELSPLSOL,EQ,,,,,WELSPUN SPECIALTY SOL L,52.94,52.94,52.0,52.19,52.45,52.64,,52.2,,,213750,11185846.02,1565,F1,1,,,,,
2026-07-13,2026-07-13,CM,NSE,STK,4235,INE274C01019,WENDT,EQ,,,,,WENDT (INDIA) LIMITED,7818.0,7973.5,7735.5,7819.5,7820.5,7842.0,,7819.5,,,4027,31586298.0,1268,F1,1,,,,,
2026-07-13,2026-07-13,CM,NSE,STK,3799,INE976A01021,WSTCSTPAPR,EQ,,,,,WEST COAST PAPER MILLS LT,538.0,553.35,532.0,535.15,535.0,538.2,,535.15,,,137252,74342568.05,6495,F1,1,,,,,
2026-07-13,2026-07-13,CM,NSE,STK,25403,INE0CJF01024,WCIL,EQ,,,,,WESTERN CARRIERS (IND) L,94.75,97.37,94.49,96.47,96.05,94.76,,96.48,,,101711,9814230.2,1277,F1,1,,,,,
2026-07-13,2026-07-13,CM,NSE,STK,11580,INE274F01020,WESTLIFE,EQ,,,,,WESTLIFE FOODWORLD LTD,508.35,509.25,497.2,499.25,498.0,507.6,,499.25,,,24310,12219501.5,2563,F1,1,,,,,
2026-07-13,2026-07-13,CM,NSE,STK,759434,INE085001019,WEWORK,EQ,,,,,WEWORK INDIA MANAGEMENT L,732.0,748.45,715.2,741.05,742.0,732.05,,741.05,,,321741,237619540.1,24184,F1,1,,,,,
2026-07-13,2026-07-13,CM,NSE,STK,3766,INE715A01015,WHEELS,EQ,,,,,WHEELS INDIA LTD,1513.0,1522.3,1479.0,1489.6,1496.0,1513.1,,1489.6,,,75919,114051501.8,7737,F1,1,,,,,
2026-07-13,2026-07-13,CM,NSE,STK,18011,INE716A01013,WHIRLPOOL,EQ,,,,,WHIRLPOOL OF INDIA LTD,794.95,797.05,785.0,790.35,790.25,795.15,,790.4,,,265700,209996496.55,23381,F1,1,,,,,
2026-07-13,2026-07-13,CM,NSE,STK,3772,INE210A01017,WILLAMAGOR,EQ,,,,,WILLIAMSON MAGOR,26.13,26.95,25.25,25.51,25.51,26.26,,25.51,,,1339,34870.07,33,F1,1,,,,,
2026-07-13,2026-07-13,CM,NSE,STK,5366,INE0H5O01029,WINDLAS,EQ,,,,,WINDLAS BIOTECH LIMITED,828.0,853.45,826.0,852.25,853.45,829.95,,852.25,,,48158,40783113.55,2473,F1,1,,,,,
2026-07-13,2026-07-13,CM,NSE,STK,24969,INE052A01021,WINDMACHIN,EQ,,,,,WINDSOR MACHINES LIMITED,311.65,320.0,306.55,312.8,320.0,311.65,,312.8,,,17168,5333329.8,704,F1,1,,,,,
2026-07-13,2026-07-13,CM,NSE,STK,23714,INE0S3D01016,WINSOL,SM,,,,,WINSOL ENGINEERS LIMITED,119.05,121.95,118.0,119.15,120.6,118.85,,119.15,,,5600,671360.0,14,F1,400,,,,,
2026-07-13,2026-07-13,CM,NSE,STK,14757,INE784B01035,WINSOME,BZ,,,,,WINSOME YARNS LIMITED,2.09,2.09,2.05,2.05,2.05,2.09,,2.05,,,63870,130936.38,34,F1,1,,,,,
2026-07-13,2026-07-13,CM,NSE,STK,3787,INE075A01022,WIPRO,EQ,,,,,WIPRO LTD,174.6,179.95,174.36,178.43,178.41,175.46,,178.43,,,22417855,3992445102.77,127259,F1,1,,,,,
2026-07-13,2026-07-13,CM,NSE,STK,22725,INE623Y01011,WTICAB,SM,,,,,WISE TRAVEL INDIA LIMITED,116.1,126.75,116.1,126.15,126.75,120.85,,126.15,,,28000,3442325.0,47,F1,500,,,,,
2026-07-13,2026-07-13,CM,NSE,STK,7506,INE049B01025,WOCKPHARMA,EQ,,,,,WOCKHARDT LIMITED,1805.0,1877.9,1792.4,1854.5,1842.0,1810.7,,1854.7,,,717477,1313422675.8,32937,F1,1,,,,,
2026-07-13,2026-07-13,CM,NSE,STK,25605,INE0OO201011,WOL3D,ST,,,,,WOL 3D INDIA LIMITED,117.15,118.5,117.15,118.0,118.0,118.5,,118.0,,,7000,825600.0,7,F1,1000,,,,,
2026-07-13,2026-07-13,CM,NSE,STK,19627,INE0Q9601016,WOMANCART,SM,,,,,WOMANCART LIMITED,108.5,110.45,105.4,106.75,108.4,108.5,,106.75,,,24400,2627280.0,43,F1,400,,,,,
2026-07-13,2026-07-13,CM,NSE,STK,7835,INE02WG01024,WEL,EQ,,,,,WONDER ELECTRICALS LTD,101.8,102.58,101.34,101.75,101.4,102.61,,101.76,,,31064,3163182.65,372,F1,1,,,,,
2026-07-13,2026-07-13,CM,NSE,STK,3002,INE066O01014,WONDERLA,EQ,,,,,WONDERLA HOLIDAYS LTD.,474.2,479.0,465.4,472.45,472.0,474.25,,472.45,,,74135,34884223.5,2973,F1,1,,,,,
2026-07-13,2026-07-13,CM,NSE,STK,22277,INE196Y01018,WORTHPERI,EQ,,,,,WORTH PERIPHERALS LIMITED,135.55,139.99,128.36,134.63,138.99,135.55,,134.63,,,57904,7843343.81,476,F1,1,,,,,
2026-07-13,2026-07-13,CM,NSE,STK,11705,INE692G01013,XCHANGING,EQ,,,,,XCHANGING SOLUTIONS LTD,63.6,67.4,63.5,66.04,66.0,64.85,,66.04,,,261982,17243298.14,2353,F1,1,,,,,
2026-07-13,2026-07-13,CM,NSE,STK,8477,INE01P501012,XELPMOC,EQ,,,,,XELPMOC DESIGN & TECH LTD,84.1,84.29,83.0,83.4,83.5,83.34,,83.4,,,5622,469313.0,152,F1,1,,,,,
2026-07-13,2026-07-13,CM,NSE,STK,11407,INE445C01015,XPROINDIA,EQ,,,,,XPRO INDIA LIMITED,1438.4,1498.0,1418.3,1426.4,1420.0,1457.8,,1426.1,,,52705,76754008.4,4752,F1,1,,,,,
2026-07-13,2026-07-13,CM,NSE,STK,25235,INE547B01028,XTGLOBAL,EQ,,,,,XTGLOBAL INFOTECH LIMITED,28.0,28.74,27.49,28.55,28.7,27.49,,28.52,,,38558,1093368.4,410,F1,1,,,,,
2026-07-13,2026-07-13,CM,NSE,STK,760873,INE0U0J01015,YAAP,ST,,,,,YAAP DIGITAL LIMITED,144.1,157.7,144.1,149.75,147.0,151.65,,149.75,,,157000,23213150.0,128,F1,1000,,,,,
2026-07-13,2026-07-13,CM,NSE,STK,23451,INE0TO601017,YASHOPTICS,SM,,,,,YASH OPTICS & LENS LTD,121.0,121.0,119.0,119.05,119.0,121.0,,119.05,,,2400,287280.0,3,F1,800,,,,,
2026-07-13,2026-07-13,CM,NSE,STK,18131,INE616Z01012,YASHO,EQ,,,,,YASHO INDUSTRIES LIMITED,3050.0,3050.0,2950.1,2972.5,2985.0,3037.9,,2972.9,,,11636,34928763.7,2204,F1,1,,,,,
2026-07-13,2026-07-13,CM,NSE,STK,17627,INE08S201019,YCCL,SM,,,,,YASONS CHEMEX CARE LTD,10.85,10.85,9.85,10.5,10.5,10.85,,10.5,,,12000,123300.0,4,F1,3000,,,,,
2026-07-13,2026-07-13,CM,NSE,STK,17738,INE0JO301016,YATHARTH,EQ,,,,,YATHARTH HOSP & TRA C S L,825.0,848.8,824.0,845.45,842.9,829.75,,845.45,,,277366,232915608.75,9675,F1,1,,,,,
2026-07-13,2026-07-13,CM,NSE,STK,18760,INE0JR601024,YATRA,EQ,,,,,YATRA ONLINE LIMITED,114.15,116.9,112.15,114.12,114.56,114.16,,114.14,,,1089740,124815902.62,10638,F1,1,,,,,
2026-07-13,2026-07-13,CM,NSE,STK,11915,INE528G01035,YESBANK,EQ,,,,,YES BANK LIMITED,23.8,23.93,23.6,23.78,23.8,23.94,,23.78,,,51935772,1232398433.33,67340,F1,1,,,,,
2026-07-13,2026-07-13,CM,NSE,STK,5501,INE384C01016,YUKEN,EQ,,,,,YUKEN INDIA LIMITED,773.05,780.0,761.0,766.9,766.15,773.05,,766.9,,,10864,8349921.0,721,F1,1,,,,,
2026-07-13,2026-07-13,CM,NSE,STK,4229,INE116C01012,ZFSTEERING,EQ,,,,,Z F STEERING GEAR (I) LTD,679.8,679.8,658.0,670.7,666.1,663.7,,671.1,,,3448,2316773.8,296,F1,1,,,,,
2026-07-13,2026-07-13,CM,NSE,STK,23976,INE0ISZ01012,ZTECH,SM,,,,,Z-TECH (INDIA) LIMITED,590.1,596.5,580.6,589.6,589.0,590.3,,589.6,,,21300,12561765.0,50,F1,300,,,,,
2026-07-13,2026-07-13,CM,NSE,STK,18608,INE07K301024,ZAGGLE,EQ,,,,,ZAGGLE PREPA OCEAN SER L,205.2,222.18,205.0,217.8,217.88,207.79,,217.8,,,2712123,589809182.94,31873,F1,1,,,,,
2026-07-13,2026-07-13,CM,NSE,STK,3812,INE256A01028,ZEEL,EQ,,,,,ZEE ENTERTAINMENT ENT LTD,97.05,101.7,96.3,101.33,101.2,97.47,,101.33,,,26171393,2595603131.77,77767,F1,1,,,,,
2026-07-13,2026-07-13,CM,NSE,STK,20856,INE565L01011,ZEELEARN,BE,,,,,ZEE LEARN LIMITED,8.98,9.1,8.57,9.01,9.02,8.98,,9.01,,,338285,3029653.65,498,F1,1,,,,,
2026-07-13,2026-07-13,CM,NSE,STK,14003,INE966H01019,ZEEMEDIA,EQ,,,,,ZEE MEDIA CORPORATION LTD,8.24,8.36,8.16,8.31,8.32,8.26,,8.31,,,601275,4986156.93,1172,F1,1,,,,,
2026-07-13,2026-07-13,CM,NSE,STK,7508,INE251B01027,ZENTEC,EQ,,,,,ZEN TECHNOLOGIES LIMITED,1870.0,1870.9,1820.0,1831.1,1827.9,1880.4,,1831.3,,,431920,792661111.2,25783,F1,1,,,,,
2026-07-13,2026-07-13,CM,NSE,STK,22803,INE0QWN01013,ZENITHDRUG,SM,,,,,ZENITH DRUGS LIMITED,50.0,52.5,49.1,52.5,52.5,49.1,,52.5,,,3200,162480.0,4,F1,800,,,,,
2026-07-13,2026-07-13,CM,NSE,STK,4176,INE058B01018,ZENITHEXPO,EQ,,,,,ZENITH EXPORTS LTD,197.0,201.0,197.0,201.0,201.0,202.3,,202.75,,,107,21284.9,9,F1,1,,,,,
2026-07-13,2026-07-13,CM,NSE,STK,14562,INE318D01020,ZENITHSTL,EQ,,,,,ZENITH STEEL PIP IND LTD,5.59,5.72,5.48,5.51,5.5,5.59,,5.51,,,66344,370181.6,177,F1,1,,,,,
2026-07-13,2026-07-13,CM,NSE,STK,1076,INE520A01027,ZENSARTECH,EQ,,,,,ZENSAR TECHNOLOGIES  LTD,504.0,547.4,496.1,540.2,541.5,508.25,,540.2,,,33053195,17612338679.1,391785,F1,1,,,,,
2026-07-13,2026-07-13,CM,NSE,STK,22901,INF0R8F01042,GOLDCASE,EQ,,,,,ZERODHAAMC - GOLDCASE,22.52,22.52,22.02,22.26,22.25,22.47,,22.26,,,11588270,257608783.11,16124,F1,1,,,,,
2026-07-13,2026-07-13,CM,NSE,STK,21750,INF0R8F01034,LIQUIDCASE,EQ,,,,,ZERODHAAMC - LIQUIDCASE,114.96,114.98,114.96,114.97,114.98,114.96,,114.97,,,14910342,1714232860.61,16136,F1,1,,,,,
2026-07-13,2026-07-13,CM,NSE,STK,758705,INF0R8F01133,LTGILTCASE,EQ,,,,,ZERODHAAMC - LTGILTCASE,30.65,30.65,30.42,30.53,30.54,30.56,,30.53,,,83533,2548792.01,228,F1,1,,,,,
2026-07-13,2026-07-13,CM,NSE,STK,24077,INF0R8F01059,MID150CASE,EQ,,,,,ZERODHAAMC - MID150CASE,11.61,11.7,11.41,11.62,11.64,11.63,,11.62,,,1967752,22808800.53,4964,F1,1,,,,,
2026-07-13,2026-07-13,CM,NSE,STK,759302,INF0R8F01166,NIFTYCASE,EQ,,,,,ZERODHAAMC - NIFTYCASE,9.93,9.93,9.5,9.69,9.72,9.69,,9.69,,,351946,3403322.6,1667,F1,1,,,,,
2026-07-13,2026-07-13,CM,NSE,STK,30274,INF0R8F01091,SILVERCASE,EQ,,,,,ZERODHAAMC - SILVERCASE,22.06,22.06,21.68,21.99,21.97,22.16,,21.99,,,8378770,183206515.77,11015,F1,1,,,,,
2026-07-13,2026-07-13,CM,NSE,STK,758955,INF0R8F01141,SML100CASE,EQ,,,,,ZERODHAAMC - SML100CASE,11.24,11.41,10.96,11.08,11.15,11.02,,11.08,,,2270048,25039868.76,1761,F1,1,,,,,
2026-07-13,2026-07-13,CM,NSE,STK,24081,INF0R8F01067,TOP100CASE,EQ,,,,,ZERODHAAMC - TOP100CASE,10.83,10.83,10.36,10.57,10.59,10.57,,10.57,,,885062,9345050.86,1367,F1,1,,,,,
2026-07-13,2026-07-13,CM,NSE,STK,16915,INE342J01019,ZFCVINDIA,EQ,,,,,ZF COM VE CTR SYS IND LTD,2333.8,2354.6,2313.5,2321.3,2324.4,2333.8,,2321.3,,,59066,137581143.9,12178,F1,1,,,,,
2026-07-13,2026-07-13,CM,NSE,STK,12412,INE518E01015,ZIMLAB,BE,,,,,ZIM LABORATORIES LIMITED,113.35,115.89,113.35,115.89,115.89,113.62,,116.0,,,27508,3137010.68,77,F1,1,,,,,
2026-07-13,2026-07-13,CM,NSE,STK,3821,INE206B01013,ZODIACLOTH,EQ,,,,,ZODIAC CLOTHING CO. LTD.,78.96,79.1,78.09,78.72,79.0,78.08,,78.72,,,1674,131771.43,72,F1,1,,,,,
2026-07-13,2026-07-13,CM,NSE,STK,7138,INE761Y01019,ZODIAC,BE,,,,,ZODIAC ENERGY LIMITED,262.2,275.0,262.2,273.8,273.8,270.9,,272.3,,,9504,2553268.55,191,F1,1,,,,,
2026-07-13,2026-07-13,CM,NSE,STK,11394,INE358U01012,ZOTA,EQ,,,,,ZOTA HEALTH CARE LIMITED,1420.5,1475.0,1410.1,1437.2,1430.0,1423.0,,1437.2,,,80337,116441787.1,6344,F1,1,,,,,
2026-07-13,2026-07-13,CM,NSE,STK,29050,INE840M01016,ZUARI,EQ,,,,,ZUARI AGRO CHEMICALS LTD,233.25,238.8,233.25,236.75,237.58,236.22,,236.77,,,105003,24843101.52,2862,F1,1,,,,,
2026-07-13,2026-07-13,CM,NSE,STK,3827,INE217A01012,ZUARIIND,EQ,,,,,ZUARI INDUSTRIES LIMITED,265.5,273.45,265.0,268.95,269.9,268.95,,268.9,,,33408,9004351.45,1002,F1,1,,,,,
2026-07-13,2026-07-13,CM,NSE,STK,7929,INE010B01027,ZYDUSLIFE,EQ,,,,,ZYDUS LIFESCIENCES LTD,1142.9,1155.7,1128.5,1131.3,1131.0,1150.8,,1131.3,,,1514991,1719143374.1,34184,F1,1,,,,,
2026-07-13,2026-07-13,CM,NSE,STK,17635,INE768C01028,ZYDUSWELL,EQ,,,,,ZYDUS WELLNESS LIMITED,590.0,600.95,582.8,592.65,592.5,592.45,,592.65,,,395161,234727594.35,16529,F1,1,,,,,
