TradDt,BizDt,Sgmt,Src,FinInstrmTp,FinInstrmId,ISIN,TckrSymb,SctySrs,XpryDt,FininstrmActlXpryDt,StrkPric,OptnTp,FinInstrmNm,OpnPric,HghPric,LwPric,ClsPric,LastPric,PrvsClsgPric,UndrlygPric,SttlmPric,OpnIntrst,ChngInOpnIntrst,TtlTradgVol,TtlTrfVal,TtlNbOfTxsExctd,SsnId,NewBrdLotQty,Rmks,Rsvd1,Rsvd2,Rsvd3,Rsvd4
2026-07-09,2026-07-09,CM,NSE,STK,19078,IN0020200104,SGBJUN28,GB,,,,,2.5%GOLDBONDS2028SR-III,14101.1,14386.99,14101.1,14292.91,14285.0,14286.55,,14285.99,,,156,2221738.31,37,F1,1,,,,,
2026-07-09,2026-07-09,CM,NSE,STK,1342,IN0020200286,SGBN28VIII,GB,,,,,2.5%GOLDBONDS2028SR-VIII,14205.0,14350.0,14160.0,14350.0,14350.0,14184.01,,14325.0,,,119,1696762.44,29,F1,1,,,,,
2026-07-09,2026-07-09,CM,NSE,STK,3742,IN0020210053,SGBMAY29I,GB,,,,,2.5%GOLDBONDS2029SR-I,14132.0,14364.97,14132.0,14311.03,14354.0,14130.31,,14305.75,,,140,1999762.8,57,F1,1,,,,,
2026-07-09,2026-07-09,CM,NSE,STK,3743,IN0020210061,SGBJUN29II,GB,,,,,2.5%GOLDBONDS2029SR-II,14200.0,14350.0,14200.0,14325.0,14350.0,14202.05,,14318.89,,,74,1055243.8,19,F1,1,,,,,
2026-07-09,2026-07-09,CM,NSE,STK,3800,IN0020210087,SGBJU29III,GB,,,,,2.5%GOLDBONDS2029SR-III,14235.0,14355.0,14235.0,14354.59,14355.0,14159.85,,14354.59,,,37,529306.23,15,F1,1,,,,,
2026-07-09,2026-07-09,CM,NSE,STK,5575,IN0020210145,SGBSEP29VI,GB,,,,,2.5%GOLDBONDS2029SR-VI,14220.0,14443.0,14151.0,14326.83,14312.0,14222.24,,14335.14,,,41,585571.14,18,F1,1,,,,,
2026-07-09,2026-07-09,CM,NSE,STK,6518,IN0020210178,SGBNV29VII,GB,,,,,2.5%GOLDBONDS2029SR-VII,14200.0,14369.49,14125.0,14369.49,14369.49,14191.12,,14284.75,,,108,1541835.68,20,F1,1,,,,,
2026-07-09,2026-07-09,CM,NSE,STK,6355,IN0020180314,SGBNOV26,GB,,,,,2.50%GOLDBONDS2026SR-III,14400.0,14400.0,14400.0,14400.0,14400.0,14499.0,,14400.0,,,3,43200.0,3,F1,1,,,,,
2026-07-09,2026-07-09,CM,NSE,STK,7654,IN0020180389,SGBDEC26,GB,,,,,2.50%GOLDBONDS2026SR-IV,14300.0,14398.0,14300.0,14300.0,14300.0,14079.5,,14200.0,,,11,157398.0,5,F1,1,,,,,
2026-07-09,2026-07-09,CM,NSE,STK,11154,IN0020190081,SGBJUL27,GB,,,,,2.50%GOLDBONDS2027SR-II,14232.0,14232.0,14232.0,14232.0,14232.0,14230.0,,14232.0,,,1,14232.0,1,F1,1,,,,,
2026-07-09,2026-07-09,CM,NSE,STK,12904,IN0020190107,SGBAUG27,GB,,,,,2.50%GOLDBONDS2027SR-III,14445.0,14487.9,14255.01,14397.7,14487.9,14198.68,,14358.69,,,39,561211.33,15,F1,1,,,,,
2026-07-09,2026-07-09,CM,NSE,STK,8308,IN0020180462,SGBJAN27,GB,,,,,2.50%GOLDBONDS2027SR-V,14252.01,14252.01,14252.01,14252.01,14252.01,14252.01,,14252.01,,,1,14252.01,1,F1,1,,,,,
2026-07-09,2026-07-09,CM,NSE,STK,13981,IN0020190370,SGBOCT27,GB,,,,,2.50%GOLDBONDS2027SR-V,14330.0,14330.0,14274.99,14275.0,14275.0,14330.0,,14300.0,,,9,128579.93,4,F1,1,,,,,
2026-07-09,2026-07-09,CM,NSE,STK,8766,IN0020180561,SGBFEB27,GB,,,,,2.50%GOLDBONDS2027SR-VI,14300.0,14380.0,14050.01,14380.0,14380.0,14390.0,,14395.0,,,11,156768.02,10,F1,1,,,,,
2026-07-09,2026-07-09,CM,NSE,STK,14252,IN0020190388,SGBOCT27VI,GB,,,,,2.50%GOLDBONDS2027SR-VI,14160.0,14322.11,14160.0,14320.9,14320.0,14181.3,,14320.9,,,37,526071.3,20,F1,1,,,,,
2026-07-09,2026-07-09,CM,NSE,STK,15432,IN0020190461,SGBDC27VII,GB,,,,,2.50%GOLDBONDS2027SR-VII,14379.99,14399.99,14086.01,14366.66,14399.99,14379.0,,14366.66,,,6,85945.98,5,F1,1,,,,,
2026-07-09,2026-07-09,CM,NSE,STK,18862,IN0020200062,SGBAPR28I,GB,,,,,2.50%GOLDBONDS2028SR-I,14389.0,14389.0,14216.0,14344.65,14340.0,14202.23,,14338.08,,,189,2700812.41,46,F1,1,,,,,
2026-07-09,2026-07-09,CM,NSE,STK,18972,IN0020200088,SGBMAY28,GB,,,,,2.50%GOLDBONDS2028SR-II,13950.5,14349.99,13906.0,14319.62,14301.01,14141.24,,14310.7,,,281,4011796.65,51,F1,1,,,,,
2026-07-09,2026-07-09,CM,NSE,STK,22242,IN0020200146,SGBJUL28IV,GB,,,,,2.50%GOLDBONDS2028SR-IV,14345.0,14395.0,14200.0,14305.3,14305.3,14247.51,,14308.32,,,88,1256531.52,24,F1,1,,,,,
2026-07-09,2026-07-09,CM,NSE,STK,22385,IN0020200161,SGBAUG28V,GB,,,,,2.50%GOLDBONDS2028SR-V,14257.0,14380.0,14201.0,14352.67,14360.0,14229.15,,14352.54,,,716,10236311.07,122,F1,1,,,,,
2026-07-09,2026-07-09,CM,NSE,STK,149,IN0020200195,SGBSEP28VI,GB,,,,,2.50%GOLDBONDS2028SR-VI,14274.0,14325.0,14130.0,14301.72,14300.0,14180.0,,14289.77,,,139,1988551.81,24,F1,1,,,,,
2026-07-09,2026-07-09,CM,NSE,STK,834,IN0020200203,SGBOC28VII,GB,,,,,2.50%GOLDBONDS2028SR-VII,13943.28,14364.98,13943.28,14300.46,14300.01,14300.8,,14300.46,,,98,1390126.43,24,F1,1,,,,,
2026-07-09,2026-07-09,CM,NSE,STK,17110,IN0020190537,SGBJ28VIII,GB,,,,,2.50%GOLDBONDS2028SR-VIII,14360.0,14360.0,14360.0,14360.0,14360.0,14251.0,,14360.0,,,10,143600.0,1,F1,1,,,,,
2026-07-09,2026-07-09,CM,NSE,STK,18451,IN0020190552,SGBMAR28X,GB,,,,,2.50%GOLDBONDS2028SR-X,14299.99,14396.48,14299.99,14300.0,14300.0,14212.01,,14300.0,,,30,429102.51,7,F1,1,,,,,
2026-07-09,2026-07-09,CM,NSE,STK,5113,IN0020210111,SGBJUL29IV,GB,,,,,2.50%GOLDBONDS2029SR-IV,14250.0,14398.99,14250.0,14321.2,14321.2,14267.46,,14303.53,,,37,528662.47,15,F1,1,,,,,
2026-07-09,2026-07-09,CM,NSE,STK,1920,IN0020200377,SGBJAN29IX,GB,,,,,2.50%GOLDBONDS2029SR-IX,14199.9,14345.0,14190.0,14300.0,14300.0,14192.26,,14300.0,,,313,4462770.29,54,F1,1,,,,,
2026-07-09,2026-07-09,CM,NSE,STK,5455,IN0020210129,SGBAUG29V,GB,,,,,2.50%GOLDBONDS2029SR-V,14301.0,14420.0,14290.0,14416.24,14420.0,14285.78,,14412.92,,,74,1065286.34,14,F1,1,,,,,
2026-07-09,2026-07-09,CM,NSE,STK,7098,IN0020210228,SGBD29VIII,GB,,,,,2.50%GOLDBONDS2029SR-VIII,14240.0,14400.0,14237.63,14393.33,14390.0,14237.63,,14320.59,,,68,974294.51,20,F1,1,,,,,
2026-07-09,2026-07-09,CM,NSE,STK,2003,IN0020200385,SGBJAN29X,GB,,,,,2.50%GOLDBONDS2029SR-X,14230.0,14388.89,14230.0,14310.5,14310.5,14231.41,,14310.5,,,20,286005.05,10,F1,1,,,,,
2026-07-09,2026-07-09,CM,NSE,STK,2200,IN0020200393,SGBFEB29XI,GB,,,,,2.50%GOLDBONDS2029SR-XI,14320.0,14389.99,14168.68,14315.05,14315.0,14315.0,,14315.05,,,103,1477538.53,21,F1,1,,,,,
2026-07-09,2026-07-09,CM,NSE,STK,2810,IN0020200427,SGBMR29XII,GB,,,,,2.50%GOLDBONDS2029SR-XII,14250.0,14395.0,14250.0,14331.0,14331.06,14180.1,,14329.7,,,176,2521481.24,18,F1,1,,,,,
2026-07-09,2026-07-09,CM,NSE,STK,10232,IN0020220045,SGBJUN30,GB,,,,,2.50%GOLDBONDS2030SR-I,14211.0,14490.0,14211.0,14458.75,14450.0,14312.38,,14458.75,,,29,417277.0,9,F1,1,,,,,
2026-07-09,2026-07-09,CM,NSE,STK,11192,IN0020220078,SGBAUG30,GB,,,,,2.50%GOLDBONDS2030SR-II,14500.0,14593.96,14300.03,14311.15,14300.03,14425.0,,14314.63,,,114,1640051.22,22,F1,1,,,,,
2026-07-09,2026-07-09,CM,NSE,STK,13642,IN0020220110,SGBDE30III,GB,,,,,2.50%GOLDBONDS2030SR-III,14222.01,14473.99,14222.01,14430.13,14378.0,14321.12,,14380.2,,,32,460850.23,17,F1,1,,,,,
2026-07-09,2026-07-09,CM,NSE,STK,7879,IN0020210236,SGBJAN30IX,GB,,,,,2.50%GOLDBONDS2030SR-IX,14230.0,14400.01,14161.0,14342.0,14342.0,14228.6,,14342.0,,,104,1485800.22,22,F1,1,,,,,
2026-07-09,2026-07-09,CM,NSE,STK,8401,IN0020210319,SGBMAR30X,GB,,,,,2.50%GOLDBONDS2030SR-X,14241.0,14550.0,14241.0,14429.91,14550.0,14212.94,,14411.65,,,160,2294411.11,42,F1,1,,,,,
2026-07-09,2026-07-09,CM,NSE,STK,17202,IN0020230069,SGBJUN31I,GB,,,,,2.50%GOLDBONDS2031SR-I,14311.0,14633.04,14311.0,14587.36,14609.99,14505.0,,14591.09,,,291,4235458.89,79,F1,1,,,,,
2026-07-09,2026-07-09,CM,NSE,STK,19456,IN0020230093,SGBSEP31II,GB,,,,,2.50%GOLDBONDS2031SR-II,14699.0,14699.0,14500.02,14589.13,14571.0,14519.5,,14590.7,,,794,11582924.74,125,F1,1,,,,,
2026-07-09,2026-07-09,CM,NSE,STK,22476,IN0020230168,SGBDE31III,GB,,,,,2.50%GOLDBONDS2031SR-III,14579.0,14739.98,14523.31,14688.44,14669.97,14581.39,,14688.74,,,1161,17021380.81,235,F1,1,,,,,
2026-07-09,2026-07-09,CM,NSE,STK,14598,IN0020220169,SGBMAR31IV,GB,,,,,2.50%GOLDBONDS2031SR-IV,14510.0,14679.99,14449.0,14624.16,14570.01,14506.84,,14624.16,,,91,1325082.29,21,F1,1,,,,,
2026-07-09,2026-07-09,CM,NSE,STK,22886,IN0020230184,SGBFEB32IV,GB,,,,,2.50%GOLDBONDS2032SR-IV,14745.0,14885.0,14626.95,14756.44,14769.85,14726.95,,14748.42,,,1930,28454630.98,339,F1,1,,,,,
2026-07-09,2026-07-09,CM,NSE,STK,16921,INE144J01027,20MICRONS,EQ,,,,,20 MICRONS LTD,192.78,198.0,192.37,193.94,194.8,192.33,,193.93,,,120012,23418619.23,2599,F1,1,,,,,
2026-07-09,2026-07-09,CM,NSE,STK,4,INE253B01015,21STCENMGM,EQ,,,,,21ST CENTURY MGMT SERVICE,31.83,31.83,30.6,31.35,31.11,31.21,,31.42,,,690,21668.0,46,F1,1,,,,,
2026-07-09,2026-07-09,CM,NSE,STK,13061,INE466L01038,360ONE,EQ,,,,,360 ONE WAM LIMITED,1090.8,1106.8,1086.6,1100.2,1100.8,1091.7,,1100.2,,,1022506,1124785199.0,38829,F1,1,,,,,
2026-07-09,2026-07-09,CM,NSE,STK,30105,INF579M01BB5,GOLD360,EQ,,,,,360ONEAMC - GOLD360,137.75,140.15,137.75,139.4,139.4,138.65,,139.4,,,13674,1899588.55,197,F1,1,,,,,
2026-07-09,2026-07-09,CM,NSE,STK,763602,INF579M01BP5,MSCI360,EQ,,,,,360ONEAMC - MSCI360,10.07,10.14,10.0,10.05,10.05,10.14,,10.05,,,15876,160216.7,24,F1,1,,,,,
2026-07-09,2026-07-09,CM,NSE,STK,756150,INF579M01BC3,SILVER360,EQ,,,,,360ONEAMC - SILVER360,213.0,220.15,211.14,218.98,218.8,216.24,,218.97,,,14374,3132143.95,291,F1,1,,,,,
2026-07-09,2026-07-09,CM,NSE,STK,762518,INE994E01018,3BBLACKBIO,EQ,,,,,3B BLACKBIO DX LTD.,1183.7,1209.0,1155.0,1167.7,1179.0,1166.2,,1168.5,,,4778,5659737.9,676,F1,1,,,,,
2026-07-09,2026-07-09,CM,NSE,STK,6232,INE748C01038,3IINFOLTD,EQ,,,,,3I INFOTECH LIMITED,18.49,18.5,18.1,18.24,18.18,18.08,,18.24,,,479311,8751986.67,1591,F1,1,,,,,
2026-07-09,2026-07-09,CM,NSE,STK,474,INE470A01017,3MINDIA,EQ,,,,,3M INDIA LIMITED,34300.0,35470.0,34300.0,34745.0,34700.0,34255.0,,34745.0,,,6446,225278220.0,3158,F1,1,,,,,
2026-07-09,2026-07-09,CM,NSE,STK,2595,INE105C01023,3PLAND,EQ,,,,,3P LAND HOLDINGS LIMITED,32.9,33.5,31.5,32.63,33.0,32.3,,32.6,,,7028,222683.52,63,F1,1,,,,,
2026-07-09,2026-07-09,CM,NSE,STK,445,INE618L01018,5PAISA,EQ,,,,,5PAISA CAPITAL LIMITED,363.65,380.85,363.25,378.1,378.0,366.4,,378.1,,,39439,14854994.5,1888,F1,1,,,,,
2026-07-09,2026-07-09,CM,NSE,STK,11868,INE111B01023,63MOONS,EQ,,,,,63 MOONS TECHNOLOGIES LTD,674.8,681.0,663.2,672.65,671.3,666.85,,672.4,,,89043,60000988.4,4547,F1,1,,,,,
2026-07-09,2026-07-09,CM,NSE,STK,19976,INE134E07588,760PFCL35,N3,,,,,7.60% TAX FREE NCD,1200.0,1200.0,1195.2,1195.2,1195.2,1196.15,,1201.6,,,142,169732.8,2,F1,1,,,,,
2026-07-09,2026-07-09,CM,NSE,STK,20034,INE261F07032,764NABAR31,N2,,,,,7.64% TAX FREE TRI SRIIB,1107.0,1107.0,1107.0,1107.0,1107.0,1106.94,,1107.0,,,76,84132.0,2,F1,1,,,,,
2026-07-09,2026-07-09,CM,NSE,STK,19928,INE031A07AO5,764HUDCO31,N8,,,,,7.64% TAX FREETRI SR2B,1112.0,1112.0,1112.0,1112.0,1112.0,1110.0,,1112.0,,,25,27800.0,1,F1,1,,,,,
2026-07-09,2026-07-09,CM,NSE,STK,19930,INE031A07AT4,769HUDCO31,N9,,,,,7.69% TAX FREETRII SR2B,1127.0,1128.0,1127.0,1127.01,1127.01,1125.1,,1127.01,,,156,175912.25,8,F1,1,,,,,
2026-07-09,2026-07-09,CM,NSE,STK,19924,INE020B07GH7,812REC27,NI,,,,,8.12/8.32% TAX FREE NCD,1018.0,1022.9,1017.5,1022.9,1022.9,1017.12,,1020.1,,,1065,1086581.3,9,F1,1,,,,,
2026-07-09,2026-07-09,CM,NSE,STK,31240,INE031A07840,82HUDCO27,N2,,,,,8.20 NCD05MAR27 FV 1000,1040.31,1045.0,1040.31,1040.83,1040.75,1041.5,,1040.83,,,1102,1147000.81,10,F1,1,,,,,
2026-07-09,2026-07-09,CM,NSE,STK,192,INE906B07DF8,875NHAI29,N6,,,,,8.75% TAX FREE TR I S IIB,1105.1,1110.0,1104.0,1110.0,1110.0,1104.01,,1110.0,,,1647,1820287.9,14,F1,1,,,,,
2026-07-09,2026-07-09,CM,NSE,STK,19968,INE031A07949,876HUDCO28,ND,,,,,8.76% TAX FREETRI SR2B,1140.49,1142.0,1140.49,1141.0,1142.0,1142.99,,1141.0,,,500,570504.0,5,F1,1,,,,,
2026-07-09,2026-07-09,CM,NSE,STK,20058,INE787H07370,891IIFCL34,N4,,,,,8.91% TAX FREE NCD,1250.1,1253.0,1250.1,1252.6,1253.0,1249.16,,1252.6,,,1382,1728514.0,18,F1,1,,,,,
2026-07-09,2026-07-09,CM,NSE,STK,31768,INE733E07JJ9,891NTPC33,N6,,,,,8.91%S-R-NCD SERIES 3B,1270.35,1270.35,1270.2,1270.2,1270.2,1274.0,,1270.2,,,2,2540.55,2,F1,1,,,,,
2026-07-09,2026-07-09,CM,NSE,STK,20028,INE134E07463,892PFCL33,N8,,,,,8.92% TAX FREE NCD,1275.0,1275.0,1275.0,1275.0,1275.0,1275.0,,1275.0,,,1085,1383375.0,8,F1,1,,,,,
2026-07-09,2026-07-09,CM,NSE,STK,19970,INE031A07AB2,901HUDCO34,NE,,,,,9.01% TAX FREETRII SR3B,1272.0,1272.0,1272.0,1272.0,1272.0,1275.0,,1272.0,,,600,763200.0,5,F1,1,,,,,
2026-07-09,2026-07-09,CM,NSE,STK,759130,INE08PH01015,ABCOTS,EQ,,,,,A B COTSPIN INDIA LIMITED,208.89,212.9,206.0,207.44,207.82,210.91,,207.53,,,14214,2975011.24,606,F1,1,,,,,
2026-07-09,2026-07-09,CM,NSE,STK,27020,INE00YB01025,ABINFRA,EQ,,,,,A B INFRABUILD LIMITED,10.26,10.89,10.11,10.32,10.3,10.18,,10.32,,,2139865,22081973.08,2724,F1,1,,,,,
2026-07-09,2026-07-09,CM,NSE,STK,762528,INE850B01026,ABMKNO,EQ,,,,,A B M KNOWLEDGEWARE LTD.,213.7,220.0,210.0,213.99,214.0,212.59,,213.99,,,3614,764724.68,73,F1,1,,,,,
2026-07-09,2026-07-09,CM,NSE,STK,762533,INE366C01021,ACSTECH,EQ,,,,,A C S TECHNOLOGIES LTD.,41.68,43.55,40.2,40.61,40.5,41.48,,40.61,,,141570,5883566.95,817,F1,1,,,,,
2026-07-09,2026-07-09,CM,NSE,STK,15147,INE0O6N01012,AGUL,SM,,,,,A G UNIVERSAL LIMITED,49.6,54.0,49.6,54.0,54.0,52.2,,54.0,,,6000,306400.0,3,F1,2000,,,,,
2026-07-09,2026-07-09,CM,NSE,STK,762538,INE701G01012,AKCAPIT,EQ,,,,,A K CAPITAL SERVICES LTD.,1727.0,1815.6,1715.3,1787.4,1784.1,1741.0,,1785.1,,,1426,2535918.1,347,F1,1,,,,,
2026-07-09,2026-07-09,CM,NSE,STK,20906,INE619I01012,A2ZINFRA,EQ,,,,,A2Z INFRA ENGINEERING LTD,14.18,14.18,13.5,13.56,13.51,13.56,,13.56,,,214688,2923893.76,380,F1,1,,,,,
2026-07-09,2026-07-09,CM,NSE,STK,12533,INE0D0U01013,AAATECH,EQ,,,,,AAA TECHNOLOGIES LIMITED,95.55,96.97,95.31,95.5,95.45,95.83,,95.47,,,11609,1113544.87,631,F1,1,,,,,
2026-07-09,2026-07-09,CM,NSE,STK,23729,INE883F01010,AADHARHFC,EQ,,,,,AADHAR HOUSING FINANCE L,528.0,536.55,523.4,531.6,534.1,525.2,,531.55,,,207910,110566272.35,12159,F1,1,,,,,
2026-07-09,2026-07-09,CM,NSE,STK,757579,INE1GYP01013,AAKAAR,SM,,,,,AAKAAR MEDICAL TECHNO LTD,67.0,67.0,67.0,67.0,67.0,67.0,,67.0,,,1600,107200.0,1,F1,1600,,,,,
2026-07-09,2026-07-09,CM,NSE,STK,235,INE087Z01024,AAKASH,EQ,,,,,AAKASH EXPLORATION SER L,8.65,8.89,8.65,8.83,8.8,8.81,,8.83,,,72438,633715.08,315,F1,1,,,,,
2026-07-09,2026-07-09,CM,NSE,STK,758120,INE124401014,AARADHYA,SM,,,,,AARADHYA DISPOSAL INDUS L,79.0,79.0,73.0,78.05,78.05,79.0,,78.05,,,15600,1183560.0,12,F1,1200,,,,,
2026-07-09,2026-07-09,CM,NSE,STK,5248,INE198H01019,AAREYDRUGS,BE,,,,,AAREY DRUGS & PHARM LTD,84.52,84.52,84.52,84.52,84.52,86.24,,85.86,,,2961,250263.72,15,F1,1,,,,,
2026-07-09,2026-07-09,CM,NSE,STK,761821,INE750R01016,AARNAV,EQ,,,,,AARNAV FASHIONS LIMITED,24.9,25.45,24.9,25.21,24.9,24.9,,25.17,,,11840,297652.62,77,F1,1,,,,,
2026-07-09,2026-07-09,CM,NSE,STK,1030,INE721Z01010,AARON,EQ,,,,,AARON INDUSTRIES LIMITED,116.1,119.0,116.1,118.18,118.31,116.16,,118.18,,,6174,723560.41,179,F1,1,,,,,
2026-07-09,2026-07-09,CM,NSE,STK,17145,INE01C001026,AARTECH,EQ,,,,,AARTECH SOLONICS LIMITED,47.12,50.0,47.12,49.66,49.75,47.02,,49.67,,,121653,5932730.98,2592,F1,1,,,,,
2026-07-09,2026-07-09,CM,NSE,STK,4481,INE767A01016,AARTIDRUGS,EQ,,,,,AARTI DRUGS LTD.,390.95,405.0,386.9,395.35,397.8,387.1,,395.35,,,311711,124527541.35,9454,F1,1,,,,,
2026-07-09,2026-07-09,CM,NSE,STK,7,INE769A01020,AARTIIND,EQ,,,,,AARTI INDUSTRIES LTD,465.55,475.9,465.55,467.95,469.85,465.5,,467.95,,,357128,168100606.9,13324,F1,1,,,,,
2026-07-09,2026-07-09,CM,NSE,STK,13868,INE0LRU01027,AARTIPHARM,EQ,,,,,AARTI PHARMALABS LIMITED,690.0,711.95,687.2,702.95,705.0,686.25,,702.9,,,127076,89553167.4,11093,F1,1,,,,,
2026-07-09,2026-07-09,CM,NSE,STK,19233,INE09EO01013,AARTISURF,EQ,,,,,AARTI SURFACTANTS LIMITED,371.6,380.0,370.3,373.85,372.0,368.5,,373.75,,,9282,3492508.65,427,F1,1,,,,,
2026-07-09,2026-07-09,CM,NSE,STK,19073,INE754X01016,AARVI,EQ,,,,,AARVI ENCON LIMITED,144.0,149.9,138.6,147.09,149.0,139.71,,147.09,,,55125,7963877.08,751,F1,1,,,,,
2026-07-09,2026-07-09,CM,NSE,STK,763801,INE2FMX01012,AASTHA,BE,,,,,AASTHA SPINTEX LIMITED,117.04,117.04,117.04,117.04,117.04,123.19,,117.04,,,342469,40082571.76,1987,F1,1,,,,,
2026-07-09,2026-07-09,CM,NSE,STK,16961,INE0OB201016,AATMAJ,SM,,,,,AATMAJ HEALTHCARE LIMITED,18.3,18.3,17.55,18.05,17.55,18.3,,18.05,,,8000,144500.0,4,F1,2000,,,,,
2026-07-09,2026-07-09,CM,NSE,STK,5385,INE216P01012,AAVAS,EQ,,,,,AAVAS FINANCIERS LIMITED,1499.8,1519.8,1493.8,1505.3,1507.6,1499.8,,1505.3,,,48377,72834388.3,7921,F1,1,,,,,
2026-07-09,2026-07-09,CM,NSE,STK,7759,INE421A01028,ABAN,BE,,,,,ABAN OFFSHORE LTD.,13.56,13.56,13.56,13.56,13.56,14.27,,13.56,,,31683,429621.48,202,F1,1,,,,,
2026-07-09,2026-07-09,CM,NSE,STK,762526,INE365O01028,ABANSENT,BE,,,,,ABANS ENTERPRISES LTD.,27.5,28.99,27.5,27.76,28.5,27.8,,27.76,,,2398,66348.42,32,F1,1,,,,,
2026-07-09,2026-07-09,CM,NSE,STK,13288,INE00ZE01026,AFSL,EQ,,,,,ABANS FINANCIAL SRVCS LTD,201.59,201.94,201.0,201.07,201.0,201.58,,201.07,,,2562,515856.58,84,F1,1,,,,,
2026-07-09,2026-07-09,CM,NSE,STK,13,INE117A01022,ABB,EQ,,,,,ABB INDIA LIMITED,6780.0,6861.5,6780.0,6820.0,6825.0,6771.5,,6820.0,,,119092,814008495.0,25496,F1,1,,,,,
2026-07-09,2026-07-09,CM,NSE,STK,17903,INE358A01014,ABBOTINDIA,EQ,,,,,ABBOTT INDIA LIMITED,26200.0,26890.0,26200.0,26770.0,26650.0,26245.0,,26770.0,,,24860,662650925.0,6343,F1,1,,,,,
2026-07-09,2026-07-09,CM,NSE,STK,755942,INE860H07IR8,ABCL26,N3,,,,,ABCL SR II,1225.0,1226.2,1225.0,1225.98,1226.2,1214.2,,1225.98,,,114,139762.8,2,F1,1,,,,,
2026-07-09,2026-07-09,CM,NSE,STK,4654,INE0CAJ01017,AILIMITED,ST,,,,,ABHISHEK INTEGRATIONS LTD,35.55,35.55,35.55,35.55,35.55,33.9,,35.55,,,4500,159975.0,3,F1,1500,,,,,
2026-07-09,2026-07-09,CM,NSE,STK,23786,INE0QRV01016,ABSMARINE,ST,,,,,ABS MARINE SERVICES LTD,227.1,233.0,227.1,232.0,233.0,227.1,,232.0,,,29500,6815925.0,40,F1,500,,,,,
2026-07-09,2026-07-09,CM,NSE,STK,22,INE012A01025,ACC,EQ,,,,,ACC LIMITED,1335.1,1368.2,1335.1,1362.2,1368.2,1335.1,,1362.1,,,108220,146387691.1,9394,F1,1,,,,,
2026-07-09,2026-07-09,CM,NSE,STK,7053,INE793A01012,ACCELYA,EQ,,,,,ACCELYA SOLN INDIA LTD,1092.6,1109.8,1085.9,1093.3,1092.0,1095.3,,1093.6,,,6226,6841528.8,815,F1,1,,,,,
2026-07-09,2026-07-09,CM,NSE,STK,20488,INE0Q5D01013,ACCENTMIC,SM,,,,,ACCENT MICROCELL LIMITED,491.05,498.0,488.0,492.9,494.7,490.55,,492.9,,,74500,36947225.0,71,F1,500,,,,,
2026-07-09,2026-07-09,CM,NSE,STK,21218,INE113X01015,ACCORD,ST,,,,,ACCORD SYNERGY LIMITED,194.75,194.75,194.75,194.75,194.75,190.95,,194.75,,,2000,389500.0,1,F1,2000,,,,,
2026-07-09,2026-07-09,CM,NSE,STK,757024,INE0T8T01010,ACCPL,ST,,,,,ACCRETION PHARMA LIMITED,153.6,161.25,153.6,160.8,161.25,153.6,,160.8,,,24000,3833700.0,16,F1,1200,,,,,
2026-07-09,2026-07-09,CM,NSE,STK,1472,INE648Z01023,ACCURACY,BE,,,,,ACCURACY SHIPPING LIMITED,5.25,5.35,5.15,5.28,5.28,5.25,,5.28,,,36619,190795.99,111,F1,1,,,,,
2026-07-09,2026-07-09,CM,NSE,STK,11779,INE543V01017,ACEINTEG,EQ,,,,,ACE INTEGRATED SOLU. LTD.,20.74,21.6,20.74,20.83,20.75,20.74,,20.83,,,3609,76518.11,32,F1,1,,,,,
2026-07-09,2026-07-09,CM,NSE,STK,761112,INE1J6M01010,ACETEC,SM,,,,,ACETECH E-COMMERCE LTD,126.0,126.0,126.0,126.0,126.0,120.0,,126.0,,,1200,151200.0,1,F1,1200,,,,,
2026-07-09,2026-07-09,CM,NSE,STK,27061,INE622W01025,ACMESOLAR,EQ,,,,,ACME SOLAR HOLDINGS LTD,366.0,372.0,365.55,367.8,366.55,365.25,,367.8,,,1075278,396189159.65,37996,F1,1,,,,,
2026-07-09,2026-07-09,CM,NSE,STK,13587,INE731H01025,ACE,EQ,,,,,ACTION CONST EQUIP LTD,971.2,988.4,966.6,976.6,973.0,968.7,,976.6,,,221133,216656393.6,13488,F1,1,,,,,
2026-07-09,2026-07-09,CM,NSE,STK,5578,INE00FF01025,ACUTAAS,EQ,,,,,ACUTAAS CHEMICALS LIMITED,3450.0,3488.0,3368.0,3458.8,3466.0,3454.5,,3458.8,,,486255,1669741001.6,38274,F1,1,,,,,
2026-07-09,2026-07-09,CM,NSE,STK,10217,INE931S01010,ADANIENSOL,EQ,,,,,ADANI ENERGY SOLUTION LTD,1660.5,1685.0,1610.1,1618.5,1625.8,1655.5,,1618.5,,,2379388,3928964024.8,64946,F1,1,,,,,
2026-07-09,2026-07-09,CM,NSE,STK,25,INE423A01024,ADANIENT,EQ,,,,,ADANI ENTERPRISES LIMITED,3060.0,3105.0,3026.8,3083.6,3077.8,3046.9,,3083.7,,,2609306,8014285016.1,86815,F1,1,,,,,
2026-07-09,2026-07-09,CM,NSE,STK,3563,INE364U01010,ADANIGREEN,EQ,,,,,ADANI GREEN ENERGY LTD,1514.3,1537.5,1481.2,1486.6,1491.9,1504.6,,1486.6,,,1672531,2517440785.6,54867,F1,1,,,,,
2026-07-09,2026-07-09,CM,NSE,STK,15083,INE742F01042,ADANIPORTS,EQ,,,,,ADANI PORT & SEZ LTD,1795.3,1821.0,1795.3,1800.1,1802.2,1791.7,,1799.9,,,1106782,2002338640.3,75478,F1,1,,,,,
2026-07-09,2026-07-09,CM,NSE,STK,17388,INE814H01029,ADANIPOWER,EQ,,,,,ADANI POWER LTD,218.0,221.78,215.55,216.32,216.48,216.48,,216.32,,,19107874,4176021814.43,102740,F1,1,,,,,
2026-07-09,2026-07-09,CM,NSE,STK,6066,INE399L01023,ATGL,EQ,,,,,ADANI TOTAL GAS LIMITED,705.0,712.7,698.1,700.65,703.0,698.65,,700.6,,,1879567,1321003448.05,30602,F1,1,,,,,
2026-07-09,2026-07-09,CM,NSE,STK,22468,INE0RDH01021,ADDICTIVE,SM,,,,,ADDICTIVE LEARNING TECH L,40.0,40.0,40.0,40.0,40.0,40.55,,40.0,,,500,20000.0,1,F1,500,,,,,
2026-07-09,2026-07-09,CM,NSE,STK,19761,INE982B01027,ADFFOODS,EQ,,,,,ADF FOODS LIMITED,310.0,322.85,305.45,317.55,318.4,308.45,,317.5,,,251998,79787455.35,9078,F1,1,,,,,
2026-07-09,2026-07-09,CM,NSE,STK,763156,INE20PL01012,ADISOFT,SM,,,,,ADISOFT TECHNOLOGIES LTD,182.0,183.8,180.0,180.85,180.0,181.95,,180.85,,,24800,4497160.0,30,F1,800,,,,,
2026-07-09,2026-07-09,CM,NSE,STK,6018,INE404A01024,ABSLAMC,EQ,,,,,ADIT BIRL SUN LIF AMC LTD,1120.0,1145.1,1115.2,1136.0,1139.9,1124.5,,1135.9,,,231867,262722674.3,24299,F1,1,,,,,
2026-07-09,2026-07-09,CM,NSE,STK,21614,INE674K01013,ABCAPITAL,EQ,,,,,ADITYA BIRLA CAPITAL LTD.,386.8,401.35,386.7,397.35,396.7,385.75,,397.35,,,2934361,1164148865.35,47969,F1,1,,,,,
2026-07-09,2026-07-09,CM,NSE,STK,30108,INE647O01011,ABFRL,EQ,,,,,ADITYA BIRLA FASHION & RT,58.54,59.6,58.13,58.55,58.5,58.31,,58.55,,,2786009,164188780.96,13084,F1,1,,,,,
2026-07-09,2026-07-09,CM,NSE,STK,756843,INE14LE01019,ABLBL,EQ,,,,,ADITYA BIRLA LIFES BRAN L,93.8,95.9,93.7,95.26,95.05,93.53,,95.26,,,408477,38900474.49,7485,F1,1,,,,,
2026-07-09,2026-07-09,CM,NSE,STK,15239,INE865C01022,BIRLAMONEY,EQ,,,,,ADITYA BIRLA MONEY LTD,142.0,143.9,138.83,143.07,143.6,138.83,,143.05,,,55894,7969441.88,1717,F1,1,,,,,
2026-07-09,2026-07-09,CM,NSE,STK,625,INE055A01016,ABREL,EQ,,,,,ADITYA BIRLA REAL EST LTD,1360.9,1418.4,1360.9,1404.0,1415.0,1352.4,,1404.0,,,156055,218373461.5,12694,F1,1,,,,,
2026-07-09,2026-07-09,CM,NSE,STK,758858,INE819V01029,CPPLUS,EQ,,,,,ADITYA INFOTECH LIMITED,3554.0,3685.0,3531.7,3644.2,3645.0,3554.6,,3644.2,,,188462,686270986.8,17020,F1,1,,,,,
2026-07-09,2026-07-09,CM,NSE,STK,25248,INE01YQ01013,AUSL,SM,,,,,ADITYA ULTRA STEEL LTD,25.3,26.5,25.3,25.9,26.5,26.6,,25.9,,,10000,255400.0,5,F1,2000,,,,,
2026-07-09,2026-07-09,CM,NSE,STK,25984,INE679V01027,AVL,EQ,,,,,ADITYA VISION LIMITED,642.0,642.35,619.55,632.25,636.95,642.4,,632.25,,,440780,276495981.9,31404,F1,1,,,,,
2026-07-09,2026-07-09,CM,NSE,STK,23804,INF209KB18D3,BSLGOLDETF,EQ,,,,,ADITYBIRLA SL GOLD ETF-GR,124.52,126.08,124.52,125.92,125.79,124.71,,125.92,,,169539,21321554.13,2005,F1,1,,,,,
2026-07-09,2026-07-09,CM,NSE,STK,24781,INF209KB19D1,BSLNIFTY,EQ,,,,,ADITYBIRLA SL NIF ETF-GR,28.01,28.22,27.88,28.07,28.12,28.01,,28.07,,,618129,17365811.97,3976,F1,1,,,,,
2026-07-09,2026-07-09,CM,NSE,STK,34,INE045A01017,ADOR,EQ,,,,,ADOR WELDING LTD,1285.1,1333.3,1274.1,1325.2,1325.0,1285.1,,1325.2,,,42198,54903301.1,4107,F1,1,,,,,
2026-07-09,2026-07-09,CM,NSE,STK,4953,INE737B01033,ADROITINFO,EQ,,,,,ADROIT INFOTECH LIMITED,9.0,9.27,8.81,8.91,9.27,9.05,,8.91,,,5847,52152.55,41,F1,1,,,,,
2026-07-09,2026-07-09,CM,NSE,STK,760657,INE0ALI01010,ADVAIT,EQ,,,,,ADVAIT ENRGY TRANSITION L,2105.0,2230.9,2096.1,2192.6,2194.0,2087.8,,2193.1,,,53889,117771639.8,8981,F1,1,,,,,
2026-07-09,2026-07-09,CM,NSE,STK,759402,INE1B0W01010,ADVANCE,EQ,,,,,ADVANCE AGROLIFE LIMITED,109.1,111.51,106.31,107.04,106.84,108.56,,107.05,,,238823,25818707.36,1601,F1,1,,,,,
2026-07-09,2026-07-09,CM,NSE,STK,18039,INE837H01020,ADVENZYMES,EQ,,,,,ADVANCED ENZYME TECH LTD,320.2,326.9,319.55,324.35,326.0,318.6,,324.35,,,153172,49600511.3,5826,F1,1,,,,,
2026-07-09,2026-07-09,CM,NSE,STK,14745,INE199C01026,ADVANIHOTR,EQ,,,,,ADVANI HOT.& RES.(I) LTD,52.8,53.3,51.85,53.09,53.3,51.84,,53.08,,,11455,604306.73,270,F1,1,,,,,
2026-07-09,2026-07-09,CM,NSE,STK,759769,INE28GN01010,ADVENTHTL,EQ,,,,,ADVENT HOTELS INTERNATI L,142.0,148.0,140.75,144.07,144.0,140.53,,144.08,,,185476,26513153.87,3406,F1,1,,,,,
2026-07-09,2026-07-09,CM,NSE,STK,762252,INE1SJO01012,RAMBHAJO,BE,,,,,ADVIT JEWELS LIMITED,169.0,179.8,169.0,178.13,177.4,171.99,,178.11,,,400529,70306153.98,3923,F1,1,,,,,
2026-07-09,2026-07-09,CM,NSE,STK,40,INE208C01025,AEGISLOG,EQ,,,,,AEGIS LOGISTICS LIMITED,1240.0,1299.2,1195.2,1264.1,1264.0,1245.4,,1264.2,,,3536762,4380497785.2,118186,F1,1,,,,,
2026-07-09,2026-07-09,CM,NSE,STK,757336,INE0INX01018,AEGISVOPAK,EQ,,,,,AEGIS VOPAK TERMINALS LTD,281.43,284.14,271.21,275.53,277.0,276.61,,275.53,,,2398554,666325082.69,42559,F1,1,,,,,
2026-07-09,2026-07-09,CM,NSE,STK,761341,INE423A07500,AEL12126,NI,,,,,AEL 0% 2028 SR II,1029.0,1055.0,1025.75,1025.8,1025.8,1005.73,,1037.4,,,156,161264.45,8,F1,1,,,,,
2026-07-09,2026-07-09,CM,NSE,STK,761347,INE423A07542,AEL1212026,NO,,,,,AEL 0% 2031 SR VIII,1028.0,1054.0,1028.0,1054.0,1054.0,1010.21,,1054.0,,,46,47314.0,3,F1,1,,,,,
2026-07-09,2026-07-09,CM,NSE,STK,761342,INE423A07492,848AEL29,NJ,,,,,AEL 8.48% 2029 SR III,1007.0,1010.0,1007.0,1010.0,1010.0,1007.0,,1008.42,,,165,166456.0,10,F1,1,,,,,
2026-07-09,2026-07-09,CM,NSE,STK,761340,INE423A07484,860AEL28,NH,,,,,AEL 8.60% 2028 SR I,1014.5,1049.0,1014.5,1049.0,1049.0,1040.0,,1039.0,,,65,66184.0,7,F1,1,,,,,
2026-07-09,2026-07-09,CM,NSE,STK,761343,INE423A07534,875AEL29,NK,,,,,AEL 8.75% 2029 SR IV,1025.0,1033.0,1025.0,1030.55,1030.0,1038.0,,1030.55,,,175,179766.0,9,F1,1,,,,,
2026-07-09,2026-07-09,CM,NSE,STK,757871,INE423A07427,885AEL28,NB,,,,,AEL 8.85% 2028 SR III,1024.92,1024.92,1024.92,1024.92,1024.92,1020.6,,1024.92,,,1,1024.92,1,F1,1,,,,,
2026-07-09,2026-07-09,CM,NSE,STK,761346,INE423A07526,890AEL31,NN,,,,,AEL 8.90% 2031 SR VII,1041.0,1044.0,1041.0,1043.69,1044.0,1041.0,,1043.69,,,1189,1240254.3,14,F1,1,,,,,
2026-07-09,2026-07-09,CM,NSE,STK,757874,INE423A07443,9AEL30,NE,,,,,AEL 9% 2030 SR VI,1029.9,1030.0,1029.9,1030.0,1030.0,1011.0,,1030.0,,,120,123598.0,3,F1,1,,,,,
2026-07-09,2026-07-09,CM,NSE,STK,757872,INE423A07435,915AEL28,NC,,,,,AEL 9.15% 2028 SR IV,1020.0,1021.95,1013.81,1020.0,1020.0,1018.77,,1023.0,,,1356,1382667.13,24,F1,1,,,,,
2026-07-09,2026-07-09,CM,NSE,STK,760234,INE947N01017,AEQUS,EQ,,,,,AEQUS LIMITED,261.99,274.39,254.0,258.07,258.9,256.14,,258.07,,,25539209,6724497243.88,195777,F1,1,,,,,
2026-07-09,2026-07-09,CM,NSE,STK,12015,INE065D01027,AEROENTER,EQ,,,,,AEROFLEX ENTERPRISES LTD,117.87,123.4,117.21,119.88,120.19,116.89,,119.88,,,676166,81836065.16,7655,F1,1,,,,,
2026-07-09,2026-07-09,CM,NSE,STK,18268,INE024001021,AEROFLEX,EQ,,,,,AEROFLEX INDUSTRIES LTD,406.85,420.6,400.7,405.25,404.85,400.95,,405.25,,,2455103,999689413.65,27788,F1,1,,,,,
2026-07-09,2026-07-09,CM,NSE,STK,13689,INE035801013,AERONEU,EQ,,,,,AEROFLEX NEU LIMITED,86.11,89.5,86.11,88.41,89.5,86.87,,88.41,,,42334,3733469.06,334,F1,1,,,,,
2026-07-09,2026-07-09,CM,NSE,STK,25065,INE0WL801011,AERON,SM,,,,,AERON COMPOSITE LIMITED,83.0,83.0,80.0,81.05,81.0,82.6,,81.05,,,8000,650250.0,8,F1,1000,,,,,
2026-07-09,2026-07-09,CM,NSE,STK,9810,INE0BWX01014,AETHER,EQ,,,,,AETHER INDUSTRIES LIMITED,1425.0,1510.0,1425.0,1485.8,1495.0,1413.4,,1485.9,,,1695025,2512820176.3,77215,F1,1,,,,,
2026-07-09,2026-07-09,CM,NSE,STK,25977,INE101I01011,AFCONS,EQ,,,,,AFCONS INFRASTRUCTURE LTD,301.95,303.95,299.4,300.3,300.85,301.45,,300.3,,,289095,86990675.8,7916,F1,1,,,,,
2026-07-09,2026-07-09,CM,NSE,STK,11343,INE00WC01027,AFFLE,EQ,,,,,AFFLE 3I LIMITED,1457.7,1489.4,1448.2,1468.0,1466.0,1457.7,,1467.9,,,131905,194724161.7,9970,F1,1,,,,,
2026-07-09,2026-07-09,CM,NSE,STK,25857,INE692Z01013,AFFORDABLE,BE,,,,,AFFORD ROBO & AUTO LTD,169.25,172.79,162.6,169.72,171.44,169.25,,169.76,,,12340,2083039.93,231,F1,1,,,,,
2026-07-09,2026-07-09,CM,NSE,STK,759098,INE916Y07040,12AFIL27A,N0,,,,,AFIL 12% 2027,9978.33,9978.33,9978.33,9978.33,9978.33,9979.02,,9978.33,,,45,449024.85,1,F1,1,,,,,
2026-07-09,2026-07-09,CM,NSE,STK,759446,INE916Y07032,12AFIL27,N0,,,,,AFIL 12% 2027 SR 1,9943.97,9943.97,9943.97,9943.97,9943.97,9910.13,,9943.97,,,150,1491595.5,1,F1,1,,,,,
2026-07-09,2026-07-09,CM,NSE,STK,3389,INE204E01012,AGARIND,EQ,,,,,AGARWAL INDS CORP LTD.,507.95,527.35,506.35,524.65,526.95,506.3,,524.65,,,26185,13614048.7,1258,F1,1,,,,,
2026-07-09,2026-07-09,CM,NSE,STK,27309,INE0P8X01016,AGARWALTUF,SM,,,,,AGARWAL TOUGH GLASS IND L,138.3,146.0,138.3,144.95,145.3,139.7,,144.95,,,55200,7945560.0,42,F1,1200,,,,,
2026-07-09,2026-07-09,CM,NSE,STK,1412,INE415A01038,AGI,EQ,,,,,AGI GREENPAC LIMITED,683.15,715.0,683.15,710.1,709.0,683.15,,710.1,,,82472,58293224.9,4631,F1,1,,,,,
2026-07-09,2026-07-09,CM,NSE,STK,24445,INE976R01033,AGIIL,EQ,,,,,AGI INFRA LIMITED,335.9,345.05,332.1,334.3,333.3,333.1,,334.3,,,2108704,718768887.6,14268,F1,1,,,,,
2026-07-09,2026-07-09,CM,NSE,STK,11076,INE449G01018,AGRITECH,BE,,,,,AGRI-TECH (INDIA) LIMITED,113.99,114.69,111.0,112.57,114.69,110.99,,113.22,,,1416,160197.48,42,F1,1,,,,,
2026-07-09,2026-07-09,CM,NSE,STK,9046,INE740V01019,AGROPHOS,EQ,,,,,AGRO PHOS INDIA LIMITED,30.0,30.2,28.9,29.86,29.98,29.4,,29.86,,,7519,223600.34,117,F1,1,,,,,
2026-07-09,2026-07-09,CM,NSE,STK,2004,INE00PV01013,AHLADA,EQ,,,,,AHLADA ENGINEERS LIMITED,39.45,39.45,37.5,38.01,37.9,38.73,,38.01,,,5977,227679.79,128,F1,1,,,,,
2026-07-09,2026-07-09,CM,NSE,STK,17833,INE758C01029,AHLUCONT,EQ,,,,,AHLUWALIA CONT IND LTD,828.6,845.1,824.0,836.15,841.8,820.4,,836.15,,,17263,14449912.9,2480,F1,1,,,,,
2026-07-09,2026-07-09,CM,NSE,STK,13086,INE212H01026,AIAENG,EQ,,,,,AIA ENGINEERING LIMITED,4667.0,4725.0,4630.0,4687.5,4662.5,4667.0,,4687.5,,,92253,431083015.5,21341,F1,1,,,,,
2026-07-09,2026-07-09,CM,NSE,STK,23984,INE0RUV01018,AIMTRON,SM,,,,,AIMTRON ELECTRONICS LTD,1257.0,1360.0,1257.0,1350.45,1360.0,1248.55,,1350.45,,,72600,96899820.0,345,F1,200,,,,,
2026-07-09,2026-07-09,CM,NSE,STK,9878,INE805A01014,GOLDTECH,BE,,,,,AION-TECH SOLUTIONS LTD,52.71,58.05,52.7,58.05,58.05,55.29,,58.05,,,24136,1373211.82,165,F1,1,,,,,
2026-07-09,2026-07-09,CM,NSE,STK,9897,INE645W01026,AIRAN,EQ,,,,,AIRAN LIMITED,15.7,15.94,15.58,15.66,15.7,15.6,,15.65,,,25983,406738.49,158,F1,1,,,,,
2026-07-09,2026-07-09,CM,NSE,STK,6068,INE801L01010,AIROLAM,EQ,,,,,AIRO LAM LIMITED,88.9,91.0,87.4,88.57,88.25,88.45,,88.57,,,2760,247985.57,57,F1,1,,,,,
2026-07-09,2026-07-09,CM,NSE,STK,8124,INE031B01049,AJANTPHARM,EQ,,,,,AJANTA PHARMA LIMITED,3263.0,3385.1,3263.0,3307.6,3305.0,3278.8,,3307.4,,,56018,186589775.2,16700,F1,1,,,,,
2026-07-09,2026-07-09,CM,NSE,STK,29624,INE274Y01021,AJAXENGG,EQ,,,,,AJAX ENGINEERING LIMITED,519.8,539.9,519.8,535.4,530.6,517.6,,535.1,,,22769,12048997.3,1734,F1,1,,,,,
2026-07-09,2026-07-09,CM,NSE,STK,17307,INE298G01035,AJMERA,EQ,,,,,AJMERA REALTY & INF I LTD,125.1,132.89,123.0,129.66,129.8,125.1,,129.66,,,562641,72537587.32,7062,F1,1,,,,,
2026-07-09,2026-07-09,CM,NSE,STK,3403,INE820Y01021,AJOONI,EQ,,,,,AJOONI BIOTECH LIMITED,3.68,3.78,3.67,3.72,3.72,3.68,,3.72,,,145692,544492.25,299,F1,1,,,,,
2026-07-09,2026-07-09,CM,NSE,STK,21132,INE0PCY01014,AKANKSHA,ST,,,,,AKANKSHA POWER N INFRA L,93.7,93.7,93.7,93.7,93.7,89.25,,93.7,,,26000,2436200.0,21,F1,1000,,,,,
2026-07-09,2026-07-09,CM,NSE,STK,13510,INE737W01013,AKASH,EQ,,,,,AKASH INFRA-PROJECTS LTD,26.0,27.99,26.0,27.15,27.69,26.82,,27.15,,,4686,127198.99,44,F1,1,,,,,
2026-07-09,2026-07-09,CM,NSE,STK,2176,INE00Y801016,AKG,EQ,,,,,AKG EXIM LIMITED,10.72,11.19,10.69,10.85,10.85,10.64,,10.85,,,4686,51370.53,75,F1,1,,,,,
2026-07-09,2026-07-09,CM,NSE,STK,14890,INE642Z01026,AKI,EQ,,,,,AKI INDIA LIMITED,4.63,4.7,4.58,4.64,4.65,4.63,,4.66,,,34288,159503.16,133,F1,1,,,,,
2026-07-09,2026-07-09,CM,NSE,STK,24307,INE0PMR01017,AKIKO,ST,,,,,AKIKO GLOBAL SERVICES L,285.15,289.45,285.15,286.5,287.95,280.15,,286.5,,,8800,2519720.0,11,F1,800,,,,,
2026-07-09,2026-07-09,CM,NSE,STK,24160,INE916Y01027,AFIL,BE,,,,,AKME FINTRADE (INDIA) LTD,9.69,10.01,9.6,9.8,9.8,9.54,,9.79,,,233703,2298418.31,270,F1,1,,,,,
2026-07-09,2026-07-09,CM,NSE,STK,8595,INE523B01011,AKSHOPTFBR,BE,,,,,AKSH OPTIFIBRE  LTD,6.11,6.35,6.11,6.35,6.35,6.23,,6.38,,,525458,3244780.12,211,F1,1,,,,,
2026-07-09,2026-07-09,CM,NSE,STK,9558,INE256Z01025,AKSHAR,EQ,,,,,AKSHAR SPINTEX LIMITED,0.43,0.45,0.43,0.44,0.45,0.43,,0.44,,,288727,125961.38,232,F1,1,,,,,
2026-07-09,2026-07-09,CM,NSE,STK,20194,INE542B01011,AKSHARCHEM,BE,,,,,AKSHARCHEM INDIA LIMITED,222.51,238.0,222.51,234.72,235.0,233.11,,234.72,,,2813,658682.12,30,F1,1,,,,,
2026-07-09,2026-07-09,CM,NSE,STK,24715,INE09XN01023,AKUMS,EQ,,,,,AKUMS DRUGS AND PHARMA L,646.6,676.0,646.6,658.2,655.95,647.35,,658.2,,,657530,435665664.2,43561,F1,1,,,,,
2026-07-09,2026-07-09,CM,NSE,STK,9921,INE914E01040,ALANKIT,EQ,,,,,ALANKIT LIMITED,8.11,8.17,8.02,8.09,8.11,8.04,,8.08,,,123887,1003248.18,393,F1,1,,,,,
2026-07-09,2026-07-09,CM,NSE,STK,17256,INE155C01010,ALBERTDAVD,EQ,,,,,ALBERT DAVID LIMITED,698.25,705.25,690.0,696.5,699.4,694.75,,696.5,,,2338,1631129.65,173,F1,1,,,,,
2026-07-09,2026-07-09,CM,NSE,STK,79,INE426A01027,ALEMBICLTD,EQ,,,,,ALEMBIC LIMITED,88.3,89.88,88.1,88.76,88.52,87.87,,88.76,,,177685,15822288.95,2054,F1,1,,,,,
2026-07-09,2026-07-09,CM,NSE,STK,25328,INE901L01018,APLLTD,EQ,,,,,ALEMBIC PHARMA LTD,818.45,830.0,809.35,816.9,816.0,811.3,,816.85,,,62063,51006700.8,7141,F1,1,,,,,
2026-07-09,2026-07-09,CM,NSE,STK,761270,INE598D01035,ALGOQUANT,EQ,,,,,ALGOQUANT FINTECH LIMITED,58.04,58.04,57.0,57.51,57.5,57.33,,57.51,,,1167609,67328708.98,1667,F1,1,,,,,
2026-07-09,2026-07-09,CM,NSE,STK,13656,INE062D01024,ALICON,EQ,,,,,ALICON CASTALLOY LIMITED,636.65,646.0,626.0,628.1,629.0,636.1,,628.05,,,20407,12906743.85,1605,F1,1,,,,,
2026-07-09,2026-07-09,CM,NSE,STK,5265,INE03Q201024,ALIVUS,EQ,,,,,ALIVUS LIFE SCIENCES LTD,1135.3,1171.0,1130.1,1142.9,1145.9,1130.1,,1142.9,,,50907,58682514.8,7650,F1,1,,,,,
2026-07-09,2026-07-09,CM,NSE,STK,16963,INE773I01017,ALKALI,BE,,,,,ALKALI METALS LTD,79.01,84.9,79.01,81.64,82.49,82.59,,81.64,,,1529,124530.42,45,F1,1,,,,,
2026-07-09,2026-07-09,CM,NSE,STK,11703,INE540L01014,ALKEM,EQ,,,,,ALKEM LABORATORIES LTD.,5634.0,5695.0,5602.5,5648.5,5650.0,5606.0,,5648.5,,,39730,224705195.5,8802,F1,1,,,,,
2026-07-09,2026-07-09,CM,NSE,STK,4487,INE150B01039,ALKYLAMINE,EQ,,,,,ALKYL AMINES CHEM. LTD,1855.0,1987.0,1855.0,1954.6,1957.0,1853.6,,1954.7,,,555129,1083715283.7,43215,F1,1,,,,,
2026-07-09,2026-07-09,CM,NSE,STK,13212,INE0M2X01012,ALLETEC,ST,,,,,ALL E TECHNOLOGIES LTD,140.2,145.0,138.95,142.95,142.95,140.1,,142.95,,,12800,1820240.0,25,F1,400,,,,,
2026-07-09,2026-07-09,CM,NSE,STK,758448,INE0GV601021,ALLTIME,EQ,,,,,ALL TIME PLASTICS LIMITED,236.95,243.01,233.1,234.23,236.0,236.95,,234.24,,,52187,12380202.17,1155,F1,1,,,,,
2026-07-09,2026-07-09,CM,NSE,STK,763786,INE1YPB01014,AGL,BE,,,,,ALLCARGO GLOBAL LIMITED,17.04,17.04,17.04,17.04,17.04,17.93,,16.56,,,49444,842525.76,272,F1,1,,,,,
2026-07-09,2026-07-09,CM,NSE,STK,13501,INE418H01029,ALLCARGO,EQ,,,,,ALLCARGO LOGISTICS LTD,7.97,7.98,7.77,7.87,7.89,7.9,,7.87,,,4435221,34906614.85,6321,F1,1,,,,,
2026-07-09,2026-07-09,CM,NSE,STK,17778,INE0NN701020,ATL,EQ,,,,,ALLCARGO TERMINALS LTD,23.15,24.31,23.15,23.78,23.53,23.12,,23.78,,,132134,3138131.5,906,F1,1,,,,,
2026-07-09,2026-07-09,CM,NSE,STK,11798,INE835G01018,ALLDIGI,EQ,,,,,ALLDIGI TECH LIMITED,796.8,809.95,781.4,795.5,788.4,792.8,,795.45,,,8237,6550793.0,1497,F1,1,,,,,
2026-07-09,2026-07-09,CM,NSE,STK,24308,INE552Z01027,ABDL,EQ,,,,,ALLIED BLEND N DISTILS L,670.0,684.0,665.0,666.6,667.0,674.8,,666.6,,,265076,178215872.8,11808,F1,1,,,,,
2026-07-09,2026-07-09,CM,NSE,STK,14813,INE102I01027,ADSL,EQ,,,,,ALLIED DIGITAL SERV. LTD,116.99,119.17,116.41,117.88,118.0,116.82,,117.88,,,116301,13720014.34,1917,F1,1,,,,,
2026-07-09,2026-07-09,CM,NSE,STK,16719,INE326B01035,ALMONDZ,EQ,,,,,ALMONDZ GLOBAL SEC LTD,13.42,13.55,13.21,13.27,13.21,13.43,,13.27,,,25446,339954.04,104,F1,1,,,,,
2026-07-09,2026-07-09,CM,NSE,STK,17675,INE270A01029,ALOKINDS,EQ,,,,,ALOK INDUSTRIES LIMITED,12.51,12.65,12.44,12.47,12.47,12.4,,12.47,,,3189765,39952888.66,5294,F1,1,,,,,
2026-07-09,2026-07-09,CM,NSE,STK,14848,INE385I01010,ALPA,EQ,,,,,ALPA LABORATORIES LTD,67.8,69.39,66.5,68.29,69.2,67.8,,68.29,,,8827,599871.44,196,F1,1,,,,,
2026-07-09,2026-07-09,CM,NSE,STK,22688,INE0R4701017,ALPEXSOLAR,SM,,,,,ALPEX SOLAR LIMITED,776.0,819.7,776.0,815.9,817.85,775.3,,815.9,,,62400,49776530.0,459,F1,100,,,,,
2026-07-09,2026-07-09,CM,NSE,STK,14597,INE137C01018,ALPHAGEO,EQ,,,,,ALPHAGEO (INDIA) LIMITED,191.5,198.5,191.0,197.86,197.9,192.82,,197.82,,,2364,462039.49,96,F1,1,,,,,
2026-07-09,2026-07-09,CM,NSE,STK,23474,INE0STM01017,ALUWIND,SM,,,,,ALUWIND INFRA-TECH LTD,43.75,43.9,42.3,43.05,43.5,43.1,,43.05,,,64500,2801700.0,29,F1,1500,,,,,
2026-07-09,2026-07-09,CM,NSE,STK,760740,INE121R01077,AMAGI,EQ,,,,,AMAGI MEDIA LABS LIMITED,570.0,585.0,548.55,575.8,575.6,573.3,,575.8,,,392293,224757606.2,21543,F1,1,,,,,
2026-07-09,2026-07-09,CM,NSE,STK,758910,INE084K01015,AMANTA,BE,,,,,AMANTA HEALTHCARE LIMITED,186.45,189.0,181.0,182.82,184.0,186.47,,182.87,,,113644,21043410.3,1151,F1,1,,,,,
2026-07-09,2026-07-09,CM,NSE,STK,100,INE885A01032,ARE&M,EQ,,,,,AMARA RAJA ENERGY MOB LTD,847.65,881.2,847.0,869.5,869.95,835.1,,869.5,,,2083465,1806287938.7,58036,F1,1,,,,,
2026-07-09,2026-07-09,CM,NSE,STK,763256,INE293601014,AMBAAUTO,SM,,,,,AMBA AUTO SALES AND SER L,89.5,89.5,83.0,84.95,84.95,84.0,,84.95,,,13000,1104300.0,13,F1,1000,,,,,
2026-07-09,2026-07-09,CM,NSE,STK,762543,INE432A01017,AMBALALSA,EQ,,,,,AMBALAL SARABHAI ENT L,31.0,31.99,31.0,31.24,31.25,31.68,,31.19,,,35517,1119278.72,358,F1,1,,,,,
2026-07-09,2026-07-09,CM,NSE,STK,1185,INE371P01015,AMBER,EQ,,,,,AMBER ENTERPRISES (I) LTD,7507.0,7704.0,7500.0,7600.5,7610.0,7424.0,,7600.0,,,423324,3224138783.0,37245,F1,1,,,,,
2026-07-09,2026-07-09,CM,NSE,STK,11496,INE792B01012,AMBICAAGAR,EQ,,,,,AMBICA AGAR & AROMAINDLTD,25.68,25.68,24.56,24.68,24.99,25.36,,24.68,,,8016,200408.05,44,F1,1,,,,,
2026-07-09,2026-07-09,CM,NSE,STK,15234,INE540G01014,AMBIKCO,EQ,,,,,AMBIKA COTTON MILL LTD.,1702.0,1775.0,1702.0,1761.8,1736.0,1693.1,,1761.8,,,21212,37148114.1,2448,F1,1,,,,,
2026-07-09,2026-07-09,CM,NSE,STK,1270,INE079A01024,AMBUJACEM,EQ,,,,,AMBUJA CEMENTS LTD,422.35,429.8,421.9,428.15,429.0,421.1,,428.15,,,2408597,1025039755.8,29021,F1,1,,,,,
2026-07-09,2026-07-09,CM,NSE,STK,14398,INE005I01014,AMDIND,EQ,,,,,AMD INDUSTRIES LIMITED,47.13,47.13,45.15,45.69,45.5,46.67,,45.66,,,12413,571177.26,138,F1,1,,,,,
2026-07-09,2026-07-09,CM,NSE,STK,10898,INE0KT901015,AMEYA,SM,,,,,AMEYA PRECISION ENG LTD,113.5,113.5,113.5,113.5,113.5,113.0,,113.5,,,1000,113500.0,1,F1,1000,,,,,
2026-07-09,2026-07-09,CM,NSE,STK,19867,INE275D01022,AMNPLST,EQ,,,,,AMINES & PLASTICIZERS LTD,192.39,210.7,192.39,204.61,206.5,191.52,,204.61,,,42990,8664301.41,1325,F1,1,,,,,
2026-07-09,2026-07-09,CM,NSE,STK,761670,INE05TO01019,AMIRCHAND,EQ,,,,,AMIR CHAND JAG KUM (E) L,165.0,172.72,163.47,172.64,172.72,164.5,,172.62,,,970476,165746766.11,3798,F1,1,,,,,
2026-07-09,2026-07-09,CM,NSE,STK,2598,INE606A01024,AMJLAND,EQ,,,,,AMJ LAND HOLDINGS LIMITED,37.76,38.5,36.3,37.4,37.84,37.39,,37.46,,,10553,395761.99,156,F1,1,,,,,
2026-07-09,2026-07-09,CM,NSE,STK,17547,INE098F01031,AMRUTANJAN,EQ,,,,,AMRUTAJAN HEALTH LTD,540.7,545.7,533.55,535.55,536.0,537.9,,535.55,,,25219,13589643.55,1993,F1,1,,,,,
2026-07-09,2026-07-09,CM,NSE,STK,759956,INE549H01021,ARSSBL,EQ,,,,,ANAND RATHI SH N STK BR L,566.0,576.7,562.5,572.75,575.9,556.0,,572.75,,,256593,146955871.4,7380,F1,1,,,,,
2026-07-09,2026-07-09,CM,NSE,STK,7145,INE463V01026,ANANDRATHI,EQ,,,,,ANAND RATHI WEALTH LTD,2075.0,2120.0,2055.0,2095.6,2120.0,2059.8,,2095.8,,,455048,948108004.5,24651,F1,1,,,,,
2026-07-09,2026-07-09,CM,NSE,STK,13620,INE242C01024,ANANTRAJ,EQ,,,,,ANANT RAJ LIMITED,548.1,572.0,548.1,569.45,569.55,544.75,,569.45,,,3209123,1805584853.35,54126,F1,1,,,,,
2026-07-09,2026-07-09,CM,NSE,STK,759363,INE1UA823019,ANANTAM,IV,,,,,ANANTAM HIGHWAYS TRUST,105.04,105.04,103.56,104.0,104.0,104.0,,104.0,,,76484,7956602.46,259,F1,1,,,,,
2026-07-09,2026-07-09,CM,NSE,STK,758427,INE0VG001016,AMCL,SM,,,,,ANB METAL CAST LIMITED,370.0,389.75,370.0,387.35,389.75,371.0,,387.35,,,1600,605880.0,3,F1,400,,,,,
2026-07-09,2026-07-09,CM,NSE,STK,15420,INE666E01020,ACL,EQ,,,,,ANDHRA CEMENTS LIMITED,51.0,51.0,48.95,49.39,49.5,49.97,,49.36,,,23789,1174952.56,260,F1,1,,,,,
2026-07-09,2026-07-09,CM,NSE,STK,166,INE435A01051,ANDHRAPAP,EQ,,,,,ANDHRA PAPER LIMITED,61.0,62.19,60.6,60.79,60.96,60.8,,60.76,,,30752,1881205.48,755,F1,1,,,,,
2026-07-09,2026-07-09,CM,NSE,STK,136,INE715B01021,ANDHRSUGAR,EQ,,,,,ANDHRA SUGARS LTD,83.95,86.2,83.5,84.54,84.5,83.28,,84.55,,,290533,24647108.07,2873,F1,1,,,,,
2026-07-09,2026-07-09,CM,NSE,STK,324,INE732I01021,ANGELONE,EQ,,,,,ANGEL ONE LIMITED,331.35,342.95,331.35,341.1,341.0,331.2,,341.1,,,7522853,2550646464.9,51907,F1,1,,,,,
2026-07-09,2026-07-09,CM,NSE,STK,482,INE635Y01015,AISL,SM,,,,,ANI INTEGRATED SERV LTD.,58.25,58.95,57.1,57.35,58.95,60.1,,57.35,,,20400,1168740.0,6,F1,600,,,,,
2026-07-09,2026-07-09,CM,NSE,STK,16661,INE087B01017,ANIKINDS,BE,,,,,ANIK INDUSTRIES LTD,44.8,45.39,44.5,44.5,44.5,44.98,,44.5,,,938,42036.55,16,F1,1,,,,,
2026-07-09,2026-07-09,CM,NSE,STK,20453,INE071F01012,APCL,EQ,,,,,ANJANI PORTLAND CEM LTD,108.0,108.0,102.0,104.01,104.39,106.73,,104.0,,,8288,861285.51,287,F1,1,,,,,
2026-07-09,2026-07-09,CM,NSE,STK,25878,INE106I01010,ANKITMETAL,BZ,,,,,ANKIT MET & POW LTD,1.48,1.55,1.42,1.5,1.5,1.48,,1.5,,,61981,92775.13,55,F1,1,,,,,
2026-07-09,2026-07-09,CM,NSE,STK,758968,INE0Y8W01025,AHCL,EQ,,,,,ANLON HEALTHCARE LIMITED,15.15,15.64,15.1,15.47,15.5,15.19,,15.47,,,2817959,43478329.29,4011,F1,1,,,,,
2026-07-09,2026-07-09,CM,NSE,STK,13664,INE0LR101013,ANLON,ST,,,,,ANLON TECHNOLOGY SOL LTD,614.85,630.0,614.85,630.0,630.0,616.4,,630.0,,,2000,1248260.0,5,F1,400,,,,,
2026-07-09,2026-07-09,CM,NSE,STK,3727,INE02AR01019,ANMOL,EQ,,,,,ANMOL INDIA LIMITED,10.71,11.05,10.7,10.92,10.95,10.98,,10.92,,,15623,169930.67,170,F1,1,,,,,
2026-07-09,2026-07-09,CM,NSE,STK,11198,INE0MGM01017,ANNAPURNA,SM,,,,,ANNAPURNA SWADISHT LTD,129.0,130.85,129.0,130.0,130.0,128.25,,130.0,,,3750,487837.5,14,F1,250,,,,,
2026-07-09,2026-07-09,CM,NSE,STK,758740,INE0VTV01012,ANONDITA,SM,,,,,ANONDITA MEDICARE LIMITED,1155.85,1205.0,1155.85,1188.2,1190.0,1155.8,,1188.2,,,18600,22102600.0,84,F1,200,,,,,
2026-07-09,2026-07-09,CM,NSE,STK,19677,INE436A01026,ANSALAPI,BZ,,,,,ANSAL PROP & INFRA LTD,2.58,2.63,2.58,2.58,2.58,2.63,,2.58,,,4034,10413.22,13,F1,1,,,,,
2026-07-09,2026-07-09,CM,NSE,STK,5194,INE414B01021,ANTGRAPHIC,EQ,,,,,ANTARCTICA LTD,0.78,0.8,0.75,0.77,0.78,0.78,,0.77,,,105303,82071.05,150,F1,1,,,,,
2026-07-09,2026-07-09,CM,NSE,STK,13598,INE818A01017,ANTELOPUS,EQ,,,,,ANTELOPUS SELAN ENRGY LTD,829.95,854.75,791.1,794.45,797.95,823.5,,794.45,,,158779,130162237.7,8582,F1,1,,,,,
2026-07-09,2026-07-09,CM,NSE,STK,757885,INE0CZ201020,ANTHEM,EQ,,,,,ANTHEM BIOSCIENCES LTD,757.95,767.95,749.1,752.0,752.25,748.45,,751.95,,,379821,288012709.75,30562,F1,1,,,,,
2026-07-09,2026-07-09,CM,NSE,STK,1797,INE01BK01022,AWHCL,EQ,,,,,ANTONY WASTE HDG CELL LTD,444.4,457.85,427.0,455.0,454.0,451.15,,454.95,,,187781,83747001.2,7380,F1,1,,,,,
2026-07-09,2026-07-09,CM,NSE,STK,28314,INE489G01022,ANUHPHR,EQ,,,,,ANUH PHARMA LIMITED,77.7,79.98,77.32,79.02,79.0,77.27,,79.03,,,24939,1973790.74,1093,F1,1,,,,,
2026-07-09,2026-07-09,CM,NSE,STK,2829,INE930P01018,ANURAS,EQ,,,,,ANUPAM RASAYAN INDIA LTD,1258.1,1272.6,1253.5,1267.9,1269.8,1259.7,,1267.9,,,242302,306351745.1,6076,F1,1,,,,,
2026-07-09,2026-07-09,CM,NSE,STK,28983,INE0SI601032,ANYA,SM,,,,,ANYA POLYTECH & FERTI LTD,16.1,16.1,15.6,15.65,15.7,15.7,,15.65,,,55000,865500.0,10,F1,5000,,,,,
2026-07-09,2026-07-09,CM,NSE,STK,11945,INE0MIZ23019,ANZEN,IV,,,,,ANZEN IND ENE YLD PLU TRU,130.0,130.0,130.0,130.0,130.0,127.0,,130.0,,,25000,3250000.0,1,F1,25000,,,,,
2026-07-09,2026-07-09,CM,NSE,STK,758904,INF1J2R01114,AONEGOLD,EQ,,,,,AONEAMC - AONEGOLD,13.32,13.4,13.21,13.36,13.38,13.26,,13.36,,,456392,6082456.6,1236,F1,1,,,,,
2026-07-09,2026-07-09,CM,NSE,STK,30472,INF1J2R01056,AONELIQUID,EQ,,,,,AONEAMC - AONELIQUID,1072.49,1072.49,1067.3,1067.3,1067.3,1067.16,,1067.3,,,39323,41969549.7,151,F1,1,,,,,
2026-07-09,2026-07-09,CM,NSE,STK,757096,INF1J2R01064,AONENIFTY,EQ,,,,,AONEAMC - AONENIFTY,9.89,9.97,9.82,9.88,9.92,9.85,,9.88,,,124293,1231352.54,1039,F1,1,,,,,
2026-07-09,2026-07-09,CM,NSE,STK,760193,INF1J2R01171,AONESILVER,EQ,,,,,AONEAMC - AONESILVER,8.31,8.55,8.14,8.51,8.52,8.42,,8.51,,,1196775,10057552.03,1233,F1,1,,,,,
2026-07-09,2026-07-09,CM,NSE,STK,759992,INF1J2R01148,AONETMMQ50,EQ,,,,,AONEAMC - AONETMMQ50,10.39,10.39,9.94,10.17,10.29,9.94,,10.17,,,67547,679921.86,338,F1,1,,,,,
2026-07-09,2026-07-09,CM,NSE,STK,29975,INF1J2R01015,AONETOTAL,EQ,,,,,AONEAMC - AONETOTAL,11.71,11.85,11.66,11.75,11.8,11.66,,11.75,,,762023,8966077.56,970,F1,1,,,,,
2026-07-09,2026-07-09,CM,NSE,STK,11491,INE372A01015,APARINDS,EQ,,,,,APAR INDUSTRIES LTD.,13470.0,14150.0,13470.0,14070.0,14120.0,13443.0,,14070.0,,,119371,1664136835.0,31042,F1,1,,,,,
2026-07-09,2026-07-09,CM,NSE,STK,154,INE116A01032,APCOTEXIND,EQ,,,,,APCOTEX INDUSTRIES LIMITE,504.0,512.0,499.2,506.4,512.0,496.95,,506.4,,,46798,23691573.9,3183,F1,1,,,,,
2026-07-09,2026-07-09,CM,NSE,STK,27291,INE0T4V01015,APEXECO,ST,,,,,APEX ECOTECH LIMITED,239.6,243.6,239.1,242.1,243.6,232.0,,242.1,,,9600,2318960.0,12,F1,800,,,,,
2026-07-09,2026-07-09,CM,NSE,STK,21623,INE346W01013,APEX,EQ,,,,,APEX FROZEN FOODS LIMITED,381.7,400.9,381.7,388.75,389.4,383.05,,388.75,,,105118,41208005.15,3528,F1,1,,,,,
2026-07-09,2026-07-09,CM,NSE,STK,25780,INE702C01027,APLAPOLLO,EQ,,,,,APL APOLLO TUBES LTD,1809.9,1817.4,1783.0,1785.9,1786.0,1809.6,,1785.9,,,545781,979220335.3,41147,F1,1,,,,,
2026-07-09,2026-07-09,CM,NSE,STK,757176,INE0TLC07036,930APMD35,N0,,,,,APMD 9.30% 2035 STRPP I,106555.0,106555.0,106555.0,106555.0,106555.0,106300.35,,106555.0,,,3,319665.0,1,F1,1,,,,,
2026-07-09,2026-07-09,CM,NSE,STK,157,INE437A01024,APOLLOHOSP,EQ,,,,,APOLLO HOSPITALS ENTER. L,8756.5,8920.5,8756.5,8845.5,8830.0,8753.5,,8845.5,,,571832,5070336040.5,42388,F1,1,,,,,
2026-07-09,2026-07-09,CM,NSE,STK,1134,INE713T01028,APOLLO,EQ,,,,,APOLLO MICRO SYSTEMS LTD,395.0,401.15,387.05,398.3,401.15,393.4,,398.3,,,14168770,5596557978.35,116811,F1,1,,,,,
2026-07-09,2026-07-09,CM,NSE,STK,14361,INE126J01016,APOLLOPIPE,EQ,,,,,APOLLO PIPES LIMITED,468.2,492.0,467.2,487.7,491.7,468.2,,487.7,,,124490,60359134.95,3747,F1,1,,,,,
2026-07-09,2026-07-09,CM,NSE,STK,6302,INE451F01024,APOLSINHOT,EQ,,,,,APOLLO SINDOORI HOTEL LTD,1203.5,1219.9,1203.5,1210.0,1207.0,1197.2,,1210.0,,,439,530848.6,67,F1,1,,,,,
2026-07-09,2026-07-09,CM,NSE,STK,163,INE438A01022,APOLLOTYRE,EQ,,,,,APOLLO TYRES LTD,438.0,446.5,436.55,439.65,441.1,439.55,,439.65,,,634889,279542152.95,20248,F1,1,,,,,
2026-07-09,2026-07-09,CM,NSE,STK,24638,INE0LQG01010,APRAMEYA,SM,,,,,APRAMEYA ENGINEERING LTD,144.2,150.0,144.0,146.95,146.95,144.5,,146.95,,,9500,1400900.0,14,F1,500,,,,,
2026-07-09,2026-07-09,CM,NSE,STK,760366,INE0M2307370,915APSBC28,N0,,,,,APSBC 9.15% 2028 STRPP C,102002.88,102002.88,102002.88,102002.88,102002.88,101855.49,,102002.88,,,1,102002.88,1,F1,1,,,,,
2026-07-09,2026-07-09,CM,NSE,STK,760372,INE0M2307388,915APSBC31,N0,,,,,APSBC 9.15% 2031 STRPP F,102950.0,102950.0,102810.0,102810.0,102810.0,102810.98,,102810.0,,,2,205760.0,2,F1,1,,,,,
2026-07-09,2026-07-09,CM,NSE,STK,760376,INE0M2307404,915APSBC33,N0,,,,,APSBC 9.15% 2033 STRPP H,103782.88,103782.88,103782.88,103782.88,103782.88,103800.0,,103782.88,,,3,311348.64,3,F1,1,,,,,
2026-07-09,2026-07-09,CM,NSE,STK,760378,INE0M2307412,915APSBC34,N0,,,,,APSBC 9.15% 2034 STRPP I,104072.88,104072.88,104072.88,104072.88,104072.88,103377.4,,104072.88,,,4,416291.52,3,F1,1,,,,,
2026-07-09,2026-07-09,CM,NSE,STK,760380,INE0M2307396,915APSBC35,N0,,,,,APSBC 9.15% 2035 STRPP J,104322.88,104322.88,104322.88,104322.88,104322.88,104071.0,,104322.88,,,4,417291.52,3,F1,1,,,,,
2026-07-09,2026-07-09,CM,NSE,STK,761435,INE1OOJ01011,APSISAERO,ST,,,,,APSIS AEROCOM LIMITED,357.15,357.15,357.15,357.15,357.15,350.15,,357.15,,,15600,5571540.0,10,F1,1200,,,,,
2026-07-09,2026-07-09,CM,NSE,STK,14074,INE266F01018,APTECHT,BE,,,,,APTECH LIMITED,98.0,100.7,97.99,99.81,100.0,98.2,,99.86,,,65507,6529969.23,478,F1,1,,,,,
2026-07-09,2026-07-09,CM,NSE,STK,5435,INE852O01025,APTUS,EQ,,,,,APTUS VALUE HSG FIN I LTD,276.65,282.45,274.85,279.5,278.25,277.9,,279.45,,,516719,144215623.75,15134,F1,1,,,,,
2026-07-09,2026-07-09,CM,NSE,STK,23365,INE416A01051,AQYLON,EQ,,,,,AQYLON NEXUS LIMITED,39.0,41.0,37.81,39.71,38.0,39.8,,39.64,,,1545409,60453425.5,9981,F1,1,,,,,
2026-07-09,2026-07-09,CM,NSE,STK,758673,INE0YDV01010,ARCIIL,ST,,,,,ARC INSULATION & INSU LTD,41.3,42.25,40.55,42.25,42.25,42.0,,42.25,,,5000,206500.0,5,F1,1000,,,,,
2026-07-09,2026-07-09,CM,NSE,STK,12024,INE128X01021,ACI,EQ,,,,,ARCHEAN CHEMICAL IND LTD,523.0,530.6,522.1,524.5,524.0,520.15,,524.45,,,43252,22758775.25,3576,F1,1,,,,,
2026-07-09,2026-07-09,CM,NSE,STK,245,INE0CHO01012,ADL,EQ,,,,,ARCHIDPLY DECOR LIMITED,71.16,71.16,67.4,70.49,70.49,71.16,,70.49,,,2660,182859.8,40,F1,1,,,,,
2026-07-09,2026-07-09,CM,NSE,STK,16795,INE877I01016,ARCHIDPLY,EQ,,,,,ARCHIDPLY IND. LTD,81.0,81.0,78.55,79.98,80.0,79.68,,79.98,,,2990,237797.49,50,F1,1,,,,,
2026-07-09,2026-07-09,CM,NSE,STK,5688,INE731A01020,ARCHIES,EQ,,,,,ARCHIES LTD,13.76,14.14,13.51,13.67,13.51,13.75,,13.67,,,14871,204250.42,89,F1,1,,,,,
2026-07-09,2026-07-09,CM,NSE,STK,758700,INE784R01023,ARFIN,EQ,,,,,ARFIN INDIA LIMITED,86.8,91.0,85.5,88.54,87.56,86.17,,88.54,,,2565078,226033214.39,10293,F1,1,,,,,
2026-07-09,2026-07-09,CM,NSE,STK,13092,INE0L2Y01011,ARHAM,SM,,,,,ARHAM TECHNOLOGIES LTD,137.0,139.95,137.0,138.95,138.95,139.6,,138.95,,,12000,1660450.0,11,F1,1000,,,,,
2026-07-09,2026-07-09,CM,NSE,STK,15204,INE298I01015,ARIES,EQ,,,,,ARIES AGRO LTD.,337.2,349.7,337.2,344.05,345.2,338.25,,344.05,,,21960,7569463.25,795,F1,1,,,,,
2026-07-09,2026-07-09,CM,NSE,STK,13340,INE0NCC01015,ARIHANTACA,SM,,,,,ARIHANT ACADEMY LIMITED,450.0,450.05,450.0,450.0,450.0,460.0,,450.0,,,9200,4140020.0,4,F1,400,,,,,
2026-07-09,2026-07-09,CM,NSE,STK,3813,INE420B01036,ARIHANTCAP,EQ,,,,,ARIHANT CAPITAL MKTS LTD,70.04,76.3,70.04,74.62,74.88,70.04,,74.63,,,999318,74624126.32,10825,F1,1,,,,,
2026-07-09,2026-07-09,CM,NSE,STK,13885,INE413D01011,ARIHANT,EQ,,,,,ARIHANT FOUN & HOU LTD,795.45,810.0,773.0,798.4,810.0,789.1,,796.65,,,2892,2284644.05,283,F1,1,,,,,
2026-07-09,2026-07-09,CM,NSE,STK,20159,INE643K01018,ARIHANTSUP,EQ,,,,,ARIHANT SUPERSTRUCT LTD,251.0,263.1,251.0,260.1,261.95,260.05,,260.1,,,10621,2764515.0,171,F1,1,,,,,
2026-07-09,2026-07-09,CM,NSE,STK,757614,INE0H9P01028,ARIS,EQ,,,,,ARISINFRA SOLUTIONS LTD,108.28,111.99,108.28,109.83,110.52,108.28,,109.83,,,138296,15262434.19,1724,F1,1,,,,,
2026-07-09,2026-07-09,CM,NSE,STK,25398,INE0QRL01017,ARKADE,EQ,,,,,ARKADE DEVELOPERS LIMITED,127.08,132.5,126.12,131.94,132.39,125.85,,131.93,,,796941,103010275.65,7468,F1,1,,,,,
2026-07-09,2026-07-09,CM,NSE,STK,17263,INE109C01017,ARMANFIN,EQ,,,,,ARMAN FIN SERV LTD,1701.2,1742.0,1701.2,1725.0,1725.0,1697.2,,1725.4,,,17434,30169891.5,1793,F1,1,,,,,
2026-07-09,2026-07-09,CM,NSE,STK,760752,INE0TZX01019,ARMOUR,ST,,,,,ARMOUR SECURITY (INDIA) L,18.6,19.2,18.55,19.2,19.2,19.5,,19.2,,,8000,149800.0,4,F1,2000,,,,,
2026-07-09,2026-07-09,CM,NSE,STK,14557,INE210C01013,AROGRANITE,EQ,,,,,ARO GRANITE IND. LTD.,25.4,25.85,24.8,25.08,25.0,25.32,,25.08,,,6575,165783.9,63,F1,1,,,,,
2026-07-09,2026-07-09,CM,NSE,STK,9264,INE570D01018,ARROWGREEN,BE,,,,,ARROW GREENTECH LIMITED,675.0,699.8,665.0,688.5,696.0,680.0,,688.3,,,21489,14721852.8,736,F1,1,,,,,
2026-07-09,2026-07-09,CM,NSE,STK,29015,INE968D01022,ARSHIYA,BZ,,,,,ARSHIYA LIMITED,1.09,1.09,1.05,1.06,1.07,1.07,,1.05,,,30421,32473.34,47,F1,1,,,,,
2026-07-09,2026-07-09,CM,NSE,STK,6156,INE738V01013,ARTNIRMAN,EQ,,,,,ART NIRMAN LIMITED,39.54,41.2,39.54,40.66,41.2,39.73,,40.66,,,243,9906.24,13,F1,1,,,,,
2026-07-09,2026-07-09,CM,NSE,STK,761330,INE757T01025,AEPL,EQ,,,,,ARTEMIS ELECTRICALS & P L,17.0,17.2,16.0,17.11,17.17,16.95,,17.11,,,24362,413437.03,107,F1,1,,,,,
2026-07-09,2026-07-09,CM,NSE,STK,16913,INE025R01021,ARTEMISMED,EQ,,,,,ARTEMIS MED SERVICE LTD,263.4,269.05,263.4,268.0,267.95,263.5,,268.0,,,189582,50775560.0,8880,F1,1,,,,,
2026-07-09,2026-07-09,CM,NSE,STK,2814,INE006Z01016,ARVEE,EQ,,,,,ARVEE LABORATORIES I LTD,160.4,163.3,158.0,160.35,159.0,160.43,,160.35,,,1161,185279.81,50,F1,1,,,,,
2026-07-09,2026-07-09,CM,NSE,STK,9111,INE955V01021,ARVINDFASN,EQ,,,,,ARVIND FASHIONS LIMITED,462.7,470.0,461.0,466.4,467.5,460.5,,466.4,,,92375,43214348.15,8058,F1,1,,,,,
2026-07-09,2026-07-09,CM,NSE,STK,193,INE034A01011,ARVIND,EQ,,,,,ARVIND LIMITED,525.0,542.85,522.05,533.1,538.4,525.5,,533.1,,,808315,431925877.95,37510,F1,1,,,,,
2026-07-09,2026-07-09,CM,NSE,STK,19587,INE0P4T01013,ARVINDPORT,ST,,,,,ARVIND PORT AND INFRA LTD,29.0,29.0,29.0,29.0,29.0,28.5,,29.0,,,3000,87000.0,2,F1,1500,,,,,
2026-07-09,2026-07-09,CM,NSE,STK,10457,INE034S01021,ARVSMART,EQ,,,,,ARVIND SMARTSPACES LTD,602.6,610.0,598.55,609.1,609.9,599.4,,609.1,,,18800,11394725.05,1095,F1,1,,,,,
2026-07-09,2026-07-09,CM,NSE,STK,5378,INE439A01020,ASAHIINDIA,EQ,,,,,ASAHI INDIA GLASS LIMITED,878.95,897.5,876.05,891.55,894.5,876.45,,891.5,,,76389,68046976.7,6710,F1,1,,,,,
2026-07-09,2026-07-09,CM,NSE,STK,25088,INE228I01012,ASAHISONG,EQ,,,,,ASAHI SONGWON COLOR LTD,256.35,283.95,256.35,275.85,283.0,261.8,,275.85,,,33421,9148204.4,1171,F1,1,,,,,
2026-07-09,2026-07-09,CM,NSE,STK,24711,INE0LAA01017,ASHALOG,SM,,,,,ASHAPURA LOGISTICS LTD,50.0,51.5,50.0,51.5,51.5,50.0,,51.5,,,6000,306500.0,6,F1,1000,,,,,
2026-07-09,2026-07-09,CM,NSE,STK,203,INE348A01023,ASHAPURMIN,EQ,,,,,ASHAPURA MINECHEM LTD,633.9,643.4,630.0,637.1,638.0,627.35,,637.1,,,145202,92737480.25,5916,F1,1,,,,,
2026-07-09,2026-07-09,CM,NSE,STK,24403,INE365D01021,ASHIANA,EQ,,,,,ASHIANA HOUSING LTD,370.4,380.95,370.4,373.8,373.55,372.4,,373.8,,,35782,13429069.1,1976,F1,1,,,,,
2026-07-09,2026-07-09,CM,NSE,STK,762548,INE094B01013,ASHIKA,EQ,,,,,ASHIKA CREDIT CAPITAL L,393.15,399.9,392.2,395.1,398.0,392.85,,395.15,,,98315,38940386.05,933,F1,1,,,,,
2026-07-09,2026-07-09,CM,NSE,STK,206,INE440A01010,ASHIMASYN,EQ,,,,,ASHIMA LTD,15.0,15.57,14.8,14.91,14.83,15.21,,14.91,,,77864,1165734.82,303,F1,1,,,,,
2026-07-09,2026-07-09,CM,NSE,STK,212,INE208A01029,ASHOKLEY,EQ,,,,,ASHOK LEYLAND LTD,157.1,158.85,155.01,155.19,155.25,156.22,,155.19,,,17319661,2707880677.36,116388,F1,1,,,,,
2026-07-09,2026-07-09,CM,NSE,STK,20182,INE442H01029,ASHOKA,EQ,,,,,ASHOKA BUILDCON LTD,126.0,127.56,124.6,127.19,127.4,125.98,,127.18,,,446229,56536240.86,4959,F1,1,,,,,
2026-07-09,2026-07-09,CM,NSE,STK,16943,INE760Y01011,ASHOKAMET,EQ,,,,,ASHOKA METCAST LIMITED,14.6,14.97,14.21,14.64,14.49,14.6,,14.64,,,10441,152274.88,112,F1,1,,,,,
2026-07-09,2026-07-09,CM,NSE,STK,760418,INE1A6Q01010,ASHWINI,SM,,,,,ASHWINI CONTAINER MOVER L,183.0,185.0,178.0,178.0,178.0,183.0,,178.0,,,20000,3644550.0,19,F1,1000,,,,,
2026-07-09,2026-07-09,CM,NSE,STK,7030,INE276G01015,ASIANENE,EQ,,,,,ASIAN ENERGY SERVICES LTD,321.85,339.0,318.6,330.5,332.0,316.8,,330.55,,,137673,45550648.1,4134,F1,1,,,,,
2026-07-09,2026-07-09,CM,NSE,STK,14889,INE022I01019,ASIANTILES,EQ,,,,,ASIAN GRANITO IND. LTD.,48.9,49.99,47.35,47.89,47.8,48.66,,47.91,,,3490761,168605493.75,4652,F1,1,,,,,
2026-07-09,2026-07-09,CM,NSE,STK,19438,INE926K01017,AHLEAST,EQ,,,,,ASIAN HOTELS (EAST) LTD,140.1,145.0,140.0,141.62,141.36,139.34,,141.62,,,5222,742091.61,91,F1,1,,,,,
2026-07-09,2026-07-09,CM,NSE,STK,18422,INE363A01022,ASIANHOTNR,EQ,,,,,ASIAN HOTELS (NORTH) LTD,316.6,331.95,316.05,319.45,318.1,322.9,,319.45,,,12475,4031625.3,932,F1,1,,,,,
2026-07-09,2026-07-09,CM,NSE,STK,19370,INE915K01010,AHLWEST,BE,,,,,ASIAN HOTELS (WEST) LTD,560.2,585.0,560.2,585.0,585.0,580.0,,585.0,,,555,318603.4,17,F1,1,,,,,
2026-07-09,2026-07-09,CM,NSE,STK,236,INE021A01026,ASIANPAINT,EQ,,,,,ASIAN PAINTS LIMITED,2658.0,2722.8,2656.0,2673.8,2677.2,2665.9,,2673.6,,,918568,2473966589.6,58817,F1,1,,,,,
2026-07-09,2026-07-09,CM,NSE,STK,762553,INE194D01017,ASTAR,EQ,,,,,ASIAN STAR CO. LTD.,631.5,631.5,611.0,622.35,611.0,629.0,,622.35,,,91,56693.8,13,F1,1,,,,,
2026-07-09,2026-07-09,CM,NSE,STK,20152,INE491J01022,ASKAUTOLTD,EQ,,,,,ASK AUTOMOTIVE LIMITED,466.0,486.9,466.0,479.95,480.4,465.5,,479.95,,,461890,221731070.8,16948,F1,1,,,,,
2026-07-09,2026-07-09,CM,NSE,STK,17270,INE991I01015,ASPINWALL,EQ,,,,,ASPINWALL & CO LTD,248.15,248.15,240.2,243.1,243.1,250.42,,243.1,,,2704,661288.28,71,F1,1,,,,,
2026-07-09,2026-07-09,CM,NSE,STK,23396,INE0S7801010,ASPIRE,SM,,,,,ASPIRE & INNOVATIVE ADV L,13.3,13.3,13.1,13.3,13.3,13.75,,13.3,,,12000,159200.0,6,F1,2000,,,,,
2026-07-09,2026-07-09,CM,NSE,STK,17598,INE073G01016,ASALCBR,EQ,,,,,ASSO ALCOHOLS & BREW LTD,819.5,845.9,816.5,819.55,818.0,819.5,,819.5,,,34628,28619399.8,2319,F1,1,,,,,
2026-07-09,2026-07-09,CM,NSE,STK,17728,INE563J01010,ASTEC,EQ,,,,,ASTEC LIFESCIENCES LTD,677.2,690.5,670.45,686.65,687.0,670.15,,686.65,,,19527,13293453.65,1306,F1,1,,,,,
2026-07-09,2026-07-09,CM,NSE,STK,1508,INE914M01019,ASTERDM,EQ,,,,,ASTER DM HEALTHCARE LTD.,780.95,817.95,779.0,807.15,808.0,779.6,,807.15,,,1189058,958054298.8,40374,F1,1,,,,,
2026-07-09,2026-07-09,CM,NSE,STK,11618,INE386C01029,ASTRAMICRO,EQ,,,,,ASTRA MICROWAVE LTD,1809.3,1846.0,1806.0,1833.1,1835.0,1809.3,,1833.0,,,362898,665533909.6,19599,F1,1,,,,,
2026-07-09,2026-07-09,CM,NSE,STK,14418,INE006I01046,ASTRAL,EQ,,,,,ASTRAL LIMITED,1336.0,1348.8,1311.6,1317.1,1314.3,1336.0,,1317.1,,,527329,699989105.8,55878,F1,1,,,,,
2026-07-09,2026-07-09,CM,NSE,STK,5610,INE203A01020,ASTRAZEN,EQ,,,,,ASTRAZENECA PHARMA IND LT,8158.5,8229.0,8101.0,8114.5,8118.0,8141.0,,8114.5,,,2706,22047755.0,860,F1,1,,,,,
2026-07-09,2026-07-09,CM,NSE,STK,880,INE646X01014,ASTRON,BE,,,,,ASTRON PAPER BORD MIL LTD,3.76,3.8,3.67,3.71,3.8,3.75,,3.71,,,11865,44297.99,59,F1,1,,,,,
2026-07-09,2026-07-09,CM,NSE,STK,15649,INE0ALR01029,ATALREAL,EQ,,,,,ATAL REALTECH LIMITED,28.28,29.11,28.28,28.53,28.5,28.28,,28.53,,,7043187,202147101.49,4694,F1,1,,,,,
2026-07-09,2026-07-09,CM,NSE,STK,15404,INE09KD01013,ATAM,EQ,,,,,ATAM VALVES LIMITED,70.7,70.7,68.0,68.36,68.0,70.37,,68.36,,,8974,616638.32,204,F1,1,,,,,
2026-07-09,2026-07-09,CM,NSE,STK,756405,INE0V0Q01019,ATCENERGY,ST,,,,,ATC ENERGIES SYSTEM LTD,23.05,23.5,23.05,23.5,23.5,23.5,,23.5,,,7200,166500.0,6,F1,1200,,,,,
2026-07-09,2026-07-09,CM,NSE,STK,757645,INE0LEZ01016,ATHERENERG,EQ,,,,,ATHER ENERGY LIMITED,1212.0,1242.9,1191.5,1218.4,1219.4,1200.0,,1218.4,,,5425587,6624366835.5,168990,F1,1,,,,,
2026-07-09,2026-07-09,CM,NSE,STK,760953,IN90NN701011,ATLPP,E1,,,,,ATL RE.0.50 PPD UP,9.45,9.45,8.77,8.77,8.77,8.59,,9.1,,,164,1529.05,8,F1,1,,,,,
2026-07-09,2026-07-09,CM,NSE,STK,759007,INE0Z4F01028,ATLANTAELE,EQ,,,,,ATLANTA ELECTRICALS LTD,1675.0,1689.6,1652.8,1663.0,1654.0,1652.7,,1663.0,,,59416,99295115.4,8990,F1,1,,,,,
2026-07-09,2026-07-09,CM,NSE,STK,13585,INE285H01022,ATLANTAA,EQ,,,,,ATLANTAA LIMITED,38.64,39.39,38.63,38.71,38.7,38.64,,38.71,,,12587,489285.14,429,F1,1,,,,,
2026-07-09,2026-07-09,CM,NSE,STK,4568,INE446A01025,ATLASCYCLE,EQ,,,,,ATLAS CYCLE (HARYANA) LTD,96.98,97.94,96.11,97.1,97.0,95.48,,97.1,,,714,69375.54,55,F1,1,,,,,
2026-07-09,2026-07-09,CM,NSE,STK,22788,INE05DH01017,ATMASTCO,ST,,,,,ATMASTCO LIMITED,156.45,160.0,153.45,154.15,153.45,156.45,,154.15,,,10400,1637480.0,20,F1,400,,,,,
2026-07-09,2026-07-09,CM,NSE,STK,30023,INE951D01028,ATULAUTO,EQ,,,,,ATUL AUTO LIMITED,476.05,496.7,473.15,491.25,488.1,474.15,,491.25,,,147908,72119421.2,6164,F1,1,,,,,
2026-07-09,2026-07-09,CM,NSE,STK,263,INE100A01010,ATUL,EQ,,,,,ATUL LTD,6309.5,6370.0,6159.5,6183.0,6184.0,6306.5,,6183.0,,,36782,229190124.0,7776,F1,1,,,,,
2026-07-09,2026-07-09,CM,NSE,STK,21238,INE949L01017,AUBANK,EQ,,,,,AU SMALL FINANCE BANK LTD,1038.8,1050.8,1035.1,1047.4,1047.2,1038.8,,1047.4,,,1090588,1139281547.5,31935,F1,1,,,,,
2026-07-09,2026-07-09,CM,NSE,STK,12022,INE132H01018,AURIONPRO,EQ,,,,,AURIONPRO SOLN LTD,820.9,848.0,820.9,835.25,847.0,817.5,,835.3,,,69482,58232065.0,4547,F1,1,,,,,
2026-07-09,2026-07-09,CM,NSE,STK,15869,INE0NUL01018,AUROIMPEX,SM,,,,,AURO IMPEX & CHEMICALS L,25.7,26.9,25.7,26.9,26.9,27.05,,26.9,,,8000,208560.0,5,F1,1600,,,,,
2026-07-09,2026-07-09,CM,NSE,STK,275,INE406A01037,AUROPHARMA,EQ,,,,,AUROBINDO PHARMA LTD,1555.0,1602.8,1550.1,1587.4,1581.0,1557.4,,1587.4,,,803529,1276162630.1,44839,F1,1,,,,,
2026-07-09,2026-07-09,CM,NSE,STK,10310,INE898S01029,AURUM,EQ,,,,,AURUM PROPTECH LIMITED,219.95,226.79,219.03,220.7,219.6,217.89,,220.72,,,102019,22760437.54,2146,F1,1,,,,,
2026-07-09,2026-07-09,CM,NSE,STK,9035,INE218C01016,AUSOMENT,BE,,,,,AUSOM ENTERPRISE LIMITED,116.88,120.0,114.87,119.16,119.42,116.88,,119.16,,,1427,169986.39,35,F1,1,,,,,
2026-07-09,2026-07-09,CM,NSE,STK,21451,INE0P0001010,APS,SM,,,,,AUSTRALIAN PREM SOLAR I L,285.1,298.95,285.1,291.8,288.05,288.0,,291.8,,,16500,4792762.5,63,F1,250,,,,,
2026-07-09,2026-07-09,CM,NSE,STK,23553,INE206F01022,AIIL,EQ,,,,,AUTHUM INVEST & INFRA LTD,501.45,515.5,500.0,507.5,505.2,501.1,,507.45,,,112890,57467074.25,7086,F1,1,,,,,
2026-07-09,2026-07-09,CM,NSE,STK,14110,INE718H01014,AUTOIND,BE,,,,,AUTOLINE INDUSTRIES LTD,91.0,96.3,90.11,94.53,95.49,92.03,,94.69,,,250783,23799105.9,1360,F1,1,,,,,
2026-07-09,2026-07-09,CM,NSE,STK,278,INE449A01011,AUTOAXLES,EQ,,,,,AUTOMOTIVE AXLES LIMITED,1752.0,1779.2,1752.0,1761.1,1763.1,1750.5,,1761.1,,,6223,10997096.5,722,F1,1,,,,,
2026-07-09,2026-07-09,CM,NSE,STK,10634,INE900C01027,ASAL,EQ,,,,,AUTOMOTIVE STAMPINGS & AS,495.8,508.0,495.8,506.45,504.5,494.8,,506.45,,,8792,4442157.55,794,F1,1,,,,,
2026-07-09,2026-07-09,CM,NSE,STK,21410,INE349W01017,AVADHSUGAR,BE,,,,,AVADH SUG & ENERGY LTD,500.4,525.0,500.4,519.1,519.0,500.4,,518.45,,,22324,11605189.15,254,F1,1,,,,,
2026-07-09,2026-07-09,CM,NSE,STK,15058,INE0LCL01028,AVALON,EQ,,,,,AVALON TECHNOLOGIES LTD,1651.9,1783.5,1651.2,1728.6,1728.0,1631.2,,1728.6,,,879954,1532594819.0,58211,F1,1,,,,,
2026-07-09,2026-07-09,CM,NSE,STK,24610,INE005B01027,AVANTEL,EQ,,,,,AVANTEL LIMITED,183.04,186.99,178.73,179.81,179.99,182.2,,179.81,,,3220939,591928845.79,25526,F1,1,,,,,
2026-07-09,2026-07-09,CM,NSE,STK,7936,INE871C01038,AVANTIFEED,EQ,,,,,AVANTI FEEDS LIMITED,915.15,936.85,912.45,919.25,923.3,910.6,,919.35,,,334387,309245872.75,14939,F1,1,,,,,
2026-07-09,2026-07-09,CM,NSE,STK,19913,INE192R01011,DMART,EQ,,,,,AVENUE SUPERMARTS LIMITED,4034.0,4086.2,3980.0,4079.4,4077.6,4038.6,,4079.4,,,533044,2158150432.2,36421,F1,1,,,,,
2026-07-09,2026-07-09,CM,NSE,STK,16249,INE483S01020,CCAVENUE,EQ,,,,,AVENUESAI LIMITED,16.2,17.28,16.19,17.12,17.22,16.23,,17.12,,,26501639,447084616.84,21088,F1,1,,,,,
2026-07-09,2026-07-09,CM,NSE,STK,15638,INE680Z01018,AVG,BE,,,,,AVG LOGISTICS LIMITED,204.9,214.5,201.5,209.19,210.9,204.91,,209.38,,,20508,4310030.81,236,F1,1,,,,,
2026-07-09,2026-07-09,CM,NSE,STK,25520,INE0TFB01017,AVIANSH,SM,,,,,AVI ANSH TEXTILE LIMITED,107.0,107.0,104.0,105.25,105.25,106.5,,105.25,,,7000,735250.0,7,F1,1000,,,,,
2026-07-09,2026-07-09,CM,NSE,STK,755219,INE0V9I01017,AVIENCE,ST,,,,,AVIENCE BIOMEDICALS LTD,278.0,290.5,278.0,290.5,290.5,276.7,,290.5,,,37800,10830990.0,55,F1,600,,,,,
2026-07-09,2026-07-09,CM,NSE,STK,14069,INE855F01042,ASMS,BE,,,,,AVIO SMART MRKT STACK LTD,6.9,7.17,6.9,7.07,7.13,7.13,,7.07,,,114936,813089.13,334,F1,1,,,,,
2026-07-09,2026-07-09,CM,NSE,STK,13557,INE323B01024,AVONMORE,EQ,,,,,AVONMORE CAP&MGT SERV LTD,9.95,10.13,9.95,10.0,10.0,10.06,,9.99,,,80340,804824.36,177,F1,1,,,,,
2026-07-09,2026-07-09,CM,NSE,STK,23159,INE0R9401019,AVPINFRA,SM,,,,,AVP INFRACON LIMITED,60.25,63.8,60.25,63.4,63.6,61.4,,63.4,,,32000,1992880.0,34,F1,800,,,,,
2026-07-09,2026-07-09,CM,NSE,STK,8827,INE652Z01025,AVROIND,EQ,,,,,AVRO INDIA LIMITED,10.09,10.1,9.76,9.95,9.95,9.99,,9.84,,,375229,3714892.87,1226,F1,1,,,,,
2026-07-09,2026-07-09,CM,NSE,STK,14008,INE488D01021,AVTNPL,EQ,,,,,AVT NATURAL PRODUCTS LTD,69.44,70.9,68.31,69.4,69.1,69.44,,69.45,,,62872,4346974.82,725,F1,1,,,,,
2026-07-09,2026-07-09,CM,NSE,STK,23864,INE108V01019,AWFIS,EQ,,,,,AWFIS SPACE SOLUTIONS LTD,299.95,311.0,298.9,305.85,304.0,298.2,,305.85,,,219297,67019265.85,5304,F1,1,,,,,
2026-07-09,2026-07-09,CM,NSE,STK,8110,INE699H01024,AWL,EQ,,,,,AWL AGRI BUSINESS LIMITED,182.1,186.9,181.05,185.68,185.99,181.44,,185.69,,,1651684,305417567.72,21507,F1,1,,,,,
2026-07-09,2026-07-09,CM,NSE,STK,5900,INE238A01034,AXISBANK,EQ,,,,,AXIS BANK LIMITED,1312.9,1321.6,1292.2,1297.6,1301.9,1309.5,,1298.1,,,5609851,7323797757.4,142118,F1,1,,,,,
2026-07-09,2026-07-09,CM,NSE,STK,1044,INF846K01X63,BNKETFAXIS,EQ,,,,,AXISAMC-BNKETFAXIS,591.1,592.8,588.92,591.09,591.81,586.32,,591.09,,,5182,3059278.74,38,F1,1,,,,,
2026-07-09,2026-07-09,CM,NSE,STK,5732,INF846K016C7,CONSUMAXIS,EQ,,,,,AXISAMC-CONSUMAXIS,120.65,121.0,120.04,120.04,120.04,119.4,,120.04,,,1737,208765.24,12,F1,1,,,,,
2026-07-09,2026-07-09,CM,NSE,STK,20532,INF846K01W80,GOLDAXIS,EQ,,,,,AXISAMC-GOLDAXIS,118.96,119.88,114.44,119.61,119.78,117.78,,119.61,,,1522082,181061271.53,3399,F1,1,,,,,
2026-07-09,2026-07-09,CM,NSE,STK,3608,INF846K01Z12,HEALTHAXIS,EQ,,,,,AXISAMC-HEALTHAXIS,163.0,167.53,163.0,166.64,167.48,163.97,,166.63,,,12124,2016482.86,95,F1,1,,,,,
2026-07-09,2026-07-09,CM,NSE,STK,3010,INF846K01Y96,ITAXIS,EQ,,,,,AXISAMC-ITAXIS,299.83,307.44,296.97,302.83,307.44,301.7,,302.84,,,2897,871428.0,67,F1,1,,,,,
2026-07-09,2026-07-09,CM,NSE,STK,21252,INF846K01W98,NIFTYAXIS,EQ,,,,,AXISAMC-NIFTYAXIS,269.91,269.91,264.47,265.11,264.47,264.62,,265.11,,,6025,1600552.49,148,F1,1,,,,,
2026-07-09,2026-07-09,CM,NSE,STK,14742,INF846K010Q0,SENSEXAXIS,EQ,,,,,AXISAMC-SENSEXAXIS,80.18,80.18,79.19,79.25,79.36,79.29,,79.25,,,3913,311071.46,67,F1,1,,,,,
2026-07-09,2026-07-09,CM,NSE,STK,11193,INF846K011K1,SILVERAXIS,EQ,,,,,AXISAMC-SILVERAXIS,217.51,222.02,216.36,221.32,221.0,218.73,,221.32,,,140790,30924557.75,1493,F1,1,,,,,
2026-07-09,2026-07-09,CM,NSE,STK,30155,INF846KA1119,VALUEAXIS,EQ,,,,,AXISAMC-VALUEAXIS,32.35,32.7,32.35,32.48,32.62,32.35,,32.48,,,66220,2154468.92,441,F1,1,,,,,
2026-07-09,2026-07-09,CM,NSE,STK,9436,INE555B01013,AXISCADES,EQ,,,,,AXISCADES TECH LTD,1531.0,1613.3,1525.0,1605.9,1605.0,1536.5,,1605.9,,,248875,392558933.0,14282,F1,1,,,,,
2026-07-09,2026-07-09,CM,NSE,STK,9902,INE02EZ01022,AXITA,EQ,,,,,AXITA COTTON LIMITED,7.53,7.55,7.47,7.49,7.53,7.41,,7.49,,,160931,1207368.28,618,F1,1,,,,,
2026-07-09,2026-07-09,CM,NSE,STK,760981,INE501X01029,AYE,EQ,,,,,AYE FINANCE LIMITED,164.1,169.4,163.81,167.76,167.5,162.5,,167.76,,,430560,71979587.53,6257,F1,1,,,,,
2026-07-09,2026-07-09,CM,NSE,STK,10285,INE193B01039,AYMSYNTEX,EQ,,,,,AYM SYNTEX LIMITED,237.1,242.0,229.1,231.23,231.7,235.9,,231.25,,,78379,18376488.11,4738,F1,1,,,,,
2026-07-09,2026-07-09,CM,NSE,STK,20905,INE02IJ01035,AZAD,EQ,,,,,AZAD ENGINEERING LIMITED,2240.0,2491.5,2240.0,2476.1,2478.0,2229.4,,2476.0,,,2468476,5958425817.7,154855,F1,1,,,,,
2026-07-09,2026-07-09,CM,NSE,STK,762613,INE489D01011,BNALTD,EQ,,,,,B & A LTD.,374.5,376.25,369.0,370.0,370.0,372.5,,370.0,,,264,97706.85,9,F1,1,,,,,
2026-07-09,2026-07-09,CM,NSE,STK,12153,INE01EE01011,BBTCL,EQ,,,,,B&B TRIPLEWALL CONT LTD,210.89,219.0,210.89,216.95,219.0,210.94,,216.81,,,2329,501614.17,110,F1,1,,,,,
2026-07-09,2026-07-09,CM,NSE,STK,11226,INE116D01028,BAGFILMS,EQ,,,,,B.A.G FILMS AND MEDIA LTD,4.54,4.55,4.41,4.42,4.49,4.43,,4.42,,,80374,357886.71,146,F1,1,,,,,
2026-07-09,2026-07-09,CM,NSE,STK,13290,INE350H01032,BLKASHYAP,EQ,,,,,B.L.KASHYAP & SON LTD,53.32,53.68,52.12,52.73,52.6,52.98,,52.65,,,438026,23135228.56,2123,F1,1,,,,,
2026-07-09,2026-07-09,CM,NSE,STK,25116,INE01FR01028,STYLEBAAZA,BE,,,,,BAAZAR STYLE RETAIL LTD,297.85,311.9,297.85,305.55,304.0,297.85,,305.7,,,82801,25424220.5,792,F1,1,,,,,
2026-07-09,2026-07-09,CM,NSE,STK,17735,INE878I01022,BAFNAPH,BE,,,,,BAFNA PHARMACEUTICALS LTD,204.05,204.05,200.3,200.6,200.6,204.05,,202.05,,,4347,881491.3,52,F1,1,,,,,
2026-07-09,2026-07-09,CM,NSE,STK,763363,INE2OVN25015,BAGMANE,RR,,,,,BAGMANE PRIME OFFICE REIT,103.25,103.6,103.13,103.29,103.24,103.4,,103.33,,,539560,55756784.93,3433,F1,1,,,,,
2026-07-09,2026-07-09,CM,NSE,STK,12989,INE029Q01017,BAHETI,SM,,,,,BAHETI RECYCLING IND LTD,719.5,721.9,712.0,714.4,716.9,715.2,,714.4,,,13125,9405956.25,27,F1,375,,,,,
2026-07-09,2026-07-09,CM,NSE,STK,13794,INE020D01022,BAIDFIN,EQ,,,,,BAID FINSERV LIMITED,10.11,10.82,10.02,10.21,10.26,10.18,,10.21,,,95354,976953.53,547,F1,1,,,,,
2026-07-09,2026-07-09,CM,NSE,STK,16669,INE917I01010,BAJAJ-AUTO,EQ,,,,,BAJAJ AUTO LIMITED,10176.0,10260.0,10112.0,10155.0,10174.5,10164.0,,10155.0,,,191190,1945232398.5,27501,F1,1,,,,,
2026-07-09,2026-07-09,CM,NSE,STK,19531,INE933K01021,BAJAJCON,EQ,,,,,BAJAJ CONSUMER CARE LTD,615.0,648.7,615.0,643.55,647.0,613.9,,643.55,,,934778,595405406.95,24645,F1,1,,,,,
2026-07-09,2026-07-09,CM,NSE,STK,15034,INE193E01025,BAJAJELEC,EQ,,,,,BAJAJ ELECT.LTD,321.0,330.9,320.95,326.75,326.95,320.95,,326.75,,,94854,30912601.65,3899,F1,1,,,,,
2026-07-09,2026-07-09,CM,NSE,STK,317,INE296A01032,BAJFINANCE,EQ,,,,,BAJAJ FINANCE LIMITED,1000.0,1013.5,994.1,1003.8,1002.9,1010.4,,1003.8,,,11712515,11759441414.3,169265,F1,1,,,,,
2026-07-09,2026-07-09,CM,NSE,STK,16675,INE918I01026,BAJAJFINSV,EQ,,,,,BAJAJ FINSERV LTD.,1856.0,1911.9,1850.0,1895.0,1899.0,1854.9,,1894.9,,,2049967,3864351877.1,79059,F1,1,,,,,
2026-07-09,2026-07-09,CM,NSE,STK,6863,INE411U01027,BAJAJHCARE,EQ,,,,,BAJAJ HEALTHCARE LIMITED,333.2,361.95,332.6,350.1,351.9,335.15,,350.1,,,535560,188700924.65,16774,F1,1,,,,,
2026-07-09,2026-07-09,CM,NSE,STK,308,INE306A01021,BAJAJHIND,EQ,,,,,BAJAJ HINDUSTHAN SUGAR LT,17.27,17.63,17.2,17.24,17.22,17.27,,17.24,,,4468412,77763251.07,7082,F1,1,,,,,
2026-07-09,2026-07-09,CM,NSE,STK,305,INE118A01012,BAJAJHLDNG,EQ,,,,,BAJAJ HOLDINGS & INVS LTD,10392.0,10611.0,10388.0,10581.0,10600.0,10336.0,,10581.0,,,48069,508099184.0,10590,F1,1,,,,,
2026-07-09,2026-07-09,CM,NSE,STK,25270,INE377Y01014,BAJAJHFL,EQ,,,,,BAJAJ HOUSING FINANCE LTD,85.95,88.1,85.85,87.59,87.5,85.99,,87.59,,,3883082,339362425.04,26967,F1,1,,,,,
2026-07-09,2026-07-09,CM,NSE,STK,762563,INE704G01024,BAJAJST,EQ,,,,,BAJAJ STEEL INDS. LTD.,400.7,422.0,391.9,396.9,392.85,394.8,,397.0,,,14781,5913521.8,767,F1,1,,,,,
2026-07-09,2026-07-09,CM,NSE,STK,20531,INE0KQN01018,BAJEL,EQ,,,,,BAJEL PROJECTS LIMITED,188.0,190.0,184.5,185.68,185.65,186.48,,185.71,,,185314,34601998.77,2974,F1,1,,,,,
2026-07-09,2026-07-09,CM,NSE,STK,13441,INE083D01012,BALPHARMA,EQ,,,,,BAL PHARMA LTD.,77.0,78.94,76.99,77.85,77.5,77.16,,77.85,,,7240,565305.91,159,F1,1,,,,,
2026-07-09,2026-07-09,CM,NSE,STK,14501,INE050E01027,BALAMINES,EQ,,,,,BALAJI AMINES LIMITED,2210.0,2390.0,2210.0,2364.0,2348.0,2196.7,,2364.1,,,1043837,2433145350.4,69458,F1,1,,,,,
2026-07-09,2026-07-09,CM,NSE,STK,30030,INE0PQ601019,BALAJIPHOS,SM,,,,,BALAJI PHOSPHATES LIMITED,91.0,92.5,90.0,92.5,92.5,91.0,,92.5,,,75000,6756500.0,25,F1,1000,,,,,
2026-07-09,2026-07-09,CM,NSE,STK,9158,INE794B01026,BALAJITELE,EQ,,,,,BALAJI TELEFILMS LIMITED.,90.17,93.0,89.77,91.21,91.6,90.04,,91.2,,,78848,7199745.2,1516,F1,1,,,,,
2026-07-09,2026-07-09,CM,NSE,STK,11314,INE618N01022,BALAXI,BE,,,,,BALAXI PHARMA LTD,24.2,24.2,23.31,24.02,24.15,24.0,,24.02,,,15903,380960.71,97,F1,1,,,,,
2026-07-09,2026-07-09,CM,NSE,STK,335,INE787D01026,BALKRISIND,EQ,,,,,BALKRISHNA IND. LTD,2184.9,2218.3,2152.3,2201.8,2205.0,2167.3,,2201.8,,,246999,543129447.9,17187,F1,1,,,,,
2026-07-09,2026-07-09,CM,NSE,STK,10181,INE875R01011,BALKRISHNA,EQ,,,,,BALKRISHNA PAPER MILLS L,18.55,18.66,18.06,18.47,18.48,18.55,,18.47,,,3486,63446.24,59,F1,1,,,,,
2026-07-09,2026-07-09,CM,NSE,STK,338,INE164A01016,BALMLAWRIE,EQ,,,,,BALMER LAWRIE & CO LTD,175.6,177.25,174.91,176.61,176.3,174.7,,176.61,,,54612,9640722.26,1473,F1,1,,,,,
2026-07-09,2026-07-09,CM,NSE,STK,762603,INE525F01025,BLIL,EQ,,,,,BALMER LAWRIE INVSTS. L,70.98,70.98,70.22,70.61,70.65,70.33,,70.64,,,16813,1187245.08,435,F1,1,,,,,
2026-07-09,2026-07-09,CM,NSE,STK,341,INE119A01028,BALRAMCHIN,EQ,,,,,BALRAMPUR CHINI MILLS LTD,558.85,579.6,558.8,567.45,568.5,560.85,,567.5,,,329696,188642252.3,12326,F1,1,,,,,
2026-07-09,2026-07-09,CM,NSE,STK,23607,INE011E01029,BALUFORGE,EQ,,,,,BALU FORGE INDUSTRIES LTD,442.5,455.6,440.1,452.1,450.0,439.8,,452.15,,,408323,183662531.8,10441,F1,1,,,,,
2026-07-09,2026-07-09,CM,NSE,STK,347,INE655B01011,BANARBEADS,EQ,,,,,BANARAS BEADS LTD,118.02,124.0,112.55,114.15,114.0,116.82,,114.15,,,112427,13266526.16,1813,F1,1,,,,,
2026-07-09,2026-07-09,CM,NSE,STK,13880,INE213C01025,BANCOINDIA,EQ,,,,,BANCO PRODUCTS (I) LTD,663.75,679.8,663.2,673.2,673.6,659.6,,673.15,,,102943,69372972.85,6689,F1,1,,,,,
2026-07-09,2026-07-09,CM,NSE,STK,2263,INE545U01014,BANDHANBNK,EQ,,,,,BANDHAN BANK LIMITED,197.0,201.0,197.0,199.86,200.0,196.04,,199.86,,,4750464,948786550.32,36407,F1,1,,,,,
2026-07-09,2026-07-09,CM,NSE,STK,760325,INF194KB1KJ7,GOLDBND,EQ,,,,,BANDHANAMC - GOLDBND,142.11,143.42,141.64,143.35,143.41,141.41,,143.32,,,12411,1776262.9,98,F1,1,,,,,
2026-07-09,2026-07-09,CM,NSE,STK,18783,INF194KA1U07,IDFNIFTYET,EQ,,,,,BANDHANAMC - IDFNIFTYET,264.0,265.77,263.99,264.06,264.95,264.24,,264.06,,,843,223400.8,25,F1,1,,,,,
2026-07-09,2026-07-09,CM,NSE,STK,760328,INF194KB1KI9,SILVERBND,EQ,,,,,BANDHANAMC - SILVERBND,220.38,223.93,218.18,223.6,223.26,220.38,,223.6,,,22745,5051475.91,296,F1,1,,,,,
2026-07-09,2026-07-09,CM,NSE,STK,15303,INE863I01016,BANG,EQ,,,,,BANG OVERSEAS LTD.,29.0,30.0,28.11,28.55,28.95,28.48,,28.55,,,51630,1505922.17,694,F1,1,,,,,
2026-07-09,2026-07-09,CM,NSE,STK,4668,INE028A01039,BANKBARODA,EQ,,,,,BANK OF BARODA,240.65,246.2,240.15,244.6,244.5,240.45,,244.6,,,10797792,2633880100.35,105726,F1,1,,,,,
2026-07-09,2026-07-09,CM,NSE,STK,4745,INE084A01016,BANKINDIA,EQ,,,,,BANK OF INDIA,135.6,139.23,135.44,138.53,139.0,135.12,,138.54,,,8302820,1142053752.72,47119,F1,1,,,,,
2026-07-09,2026-07-09,CM,NSE,STK,11377,INE457A01014,MAHABANK,EQ,,,,,BANK OF MAHARASHTRA,81.0,82.26,80.86,82.01,82.15,80.6,,82.01,,,12124957,988681989.27,48717,F1,1,,,,,
2026-07-09,2026-07-09,CM,NSE,STK,828,INE862Y01015,BANKA,BE,,,,,BANKA BIOLOO LIMITED,91.35,94.0,91.35,93.9,93.9,91.35,,93.9,,,1537,141665.15,18,F1,1,,,,,
2026-07-09,2026-07-09,CM,NSE,STK,12037,INE186H01022,BASML,BE,,,,,BANNARI AM SPIN MILL LTD.,25.75,25.98,25.25,25.44,25.25,25.54,,25.44,,,28712,733374.7,98,F1,1,,,,,
2026-07-09,2026-07-09,CM,NSE,STK,350,INE459A01010,BANARISUG,EQ,,,,,BANNARI AMMAN SUGARS LTD,3492.7,3500.0,3475.0,3478.7,3500.0,3476.0,,3478.7,,,131,456016.4,42,F1,1,,,,,
2026-07-09,2026-07-09,CM,NSE,STK,24386,INE0B9K01025,BANSALWIRE,EQ,,,,,BANSAL WIRE INDUSTRIES L,330.0,340.0,326.0,327.1,327.05,330.2,,327.15,,,246052,81602356.3,7073,F1,1,,,,,
2026-07-09,2026-07-09,CM,NSE,STK,14511,INE629D01020,BANSWRAS,EQ,,,,,BANSWARA SYNTEX LIMITED,122.72,126.74,119.52,120.77,122.9,121.69,,120.77,,,77997,9527954.25,1489,F1,1,,,,,
2026-07-09,2026-07-09,CM,NSE,STK,15073,INE139I01011,BVCL,EQ,,,,,BARAK VALLEY CEM. LTD.,41.92,43.5,41.92,43.04,43.14,41.42,,43.04,,,17810,761430.74,162,F1,1,,,,,
2026-07-09,2026-07-09,CM,NSE,STK,29176,INE0QX401014,BARFLEX,SM,,,,,BARFLEX POLYFILMS LIMITED,55.0,55.2,54.95,55.2,55.2,55.0,,55.2,,,8000,440300.0,4,F1,2000,,,,,
2026-07-09,2026-07-09,CM,NSE,STK,24117,INF251K01TL6,BBNPNBETF,EQ,,,,,BARODABNP - BBNPNBETF,56.11,58.0,56.11,57.59,57.59,57.25,,57.59,,,507,29079.5,22,F1,1,,,,,
2026-07-09,2026-07-09,CM,NSE,STK,20547,INF251K01SU9,BBNPPGOLD,EQ,,,,,BARODABNP - BBNPPGOLD,134.2,140.05,134.2,138.8,139.0,137.2,,138.8,,,532,73307.9,48,F1,1,,,,,
2026-07-09,2026-07-09,CM,NSE,STK,368,INE373A01013,BASF,EQ,,,,,BASF INDIA LTD,3469.9,3515.0,3458.0,3477.3,3474.9,3456.8,,3477.5,,,8462,29509421.9,2625,F1,1,,,,,
2026-07-09,2026-07-09,CM,NSE,STK,18442,INE0OCC01013,BASILIC,SM,,,,,BASILIC FLY STUDIO LTD,202.15,203.5,201.0,201.6,202.0,201.7,,201.6,,,21900,4423065.0,37,F1,300,,,,,
2026-07-09,2026-07-09,CM,NSE,STK,371,INE176A01028,BATAINDIA,EQ,,,,,BATA INDIA LTD,673.2,682.55,670.15,672.3,672.5,669.0,,672.35,,,71284,48206242.15,6303,F1,1,,,,,
2026-07-09,2026-07-09,CM,NSE,STK,762568,INE177C01022,BATLIBOI,EQ,,,,,BATLIBOI LTD.,82.0,83.75,81.87,82.56,82.55,82.28,,82.56,,,33011,2730571.38,373,F1,1,,,,,
2026-07-09,2026-07-09,CM,NSE,STK,22574,INE0JFJ01011,BAWEJA,ST,,,,,BAWEJA STUDIOS LIMITED,27.25,29.4,27.25,28.95,29.0,28.0,,28.95,,,8000,227240.0,10,F1,800,,,,,
2026-07-09,2026-07-09,CM,NSE,STK,17927,INE462A01022,BAYERCROP,EQ,,,,,BAYER CROPSCIENCE LTD,4169.1,4178.4,4112.0,4120.2,4124.8,4163.5,,4120.2,,,33853,139823610.7,5766,F1,1,,,,,
2026-07-09,2026-07-09,CM,NSE,STK,2513,INE412G01024,BCLIND,EQ,,,,,BCL INDUSTRIES LIMITED,33.7,34.29,33.47,33.97,33.96,33.39,,33.97,,,327490,11125389.43,1610,F1,1,,,,,
2026-07-09,2026-07-09,CM,NSE,STK,761494,INE00SW01015,BCPL,EQ,,,,,BCPL RAILWAY INFRA LTD,71.64,72.75,71.0,71.67,71.32,70.69,,71.68,,,8725,624948.3,267,F1,1,,,,,
2026-07-09,2026-07-09,CM,NSE,STK,23925,INE639X01027,BEACON,ST,,,,,BEACON TRUSTEESHIP LTD,92.85,93.0,92.85,93.0,93.0,90.1,,93.0,,,5000,464800.0,5,F1,1000,,,,,
2026-07-09,2026-07-09,CM,NSE,STK,17933,INE520H01022,BEARDSELL,EQ,,,,,BEARDSELL LIMITED,28.5,28.69,27.36,27.84,28.3,27.54,,27.84,,,6363,177651.57,112,F1,1,,,,,
2026-07-09,2026-07-09,CM,NSE,STK,20196,INE844K01012,BEDMUTHA,EQ,,,,,BEDMUTHA INDUST LTD,108.0,109.5,106.4,107.12,107.1,108.89,,107.12,,,5944,641783.86,44,F1,1,,,,,
2026-07-09,2026-07-09,CM,NSE,STK,762573,INE213D01015,BEEKAY,EQ,,,,,BEEKAY STEEL INDS. LTD.,392.5,404.0,386.15,400.4,404.0,395.75,,416.55,,,407,161283.75,132,F1,1,,,,,
2026-07-09,2026-07-09,CM,NSE,STK,757938,INE344T01014,BELLACASA,EQ,,,,,BELLA CASA FASH AND RET L,255.7,258.5,248.05,250.05,248.05,254.4,,250.0,,,2929,740438.35,223,F1,1,,,,,
2026-07-09,2026-07-09,CM,NSE,STK,757102,INE894V01022,BELRISE,EQ,,,,,BELRISE INDUSTRIES LTD,227.43,232.85,226.53,228.84,228.43,225.74,,228.84,,,4000218,920532748.11,46102,F1,1,,,,,
2026-07-09,2026-07-09,CM,NSE,STK,15067,INE0N7W01012,BLAL,EQ,,,,,BEML LAND ASSETS LIMITED,182.15,185.59,182.0,183.35,182.0,181.72,,183.35,,,13094,2406857.6,314,F1,1,,,,,
2026-07-09,2026-07-09,CM,NSE,STK,395,INE258A01024,BEML,EQ,,,,,BEML LIMITED,1775.0,1826.7,1769.6,1816.1,1826.0,1776.2,,1816.0,,,226800,410335576.7,13890,F1,1,,,,,
2026-07-09,2026-07-09,CM,NSE,STK,762578,INE083K01017,BENGALASM,EQ,,,,,BENGAL & ASSAM CO. LTD.,6347.0,6347.0,6329.5,6330.0,6330.0,6297.5,,6339.5,,,28,177256.5,5,F1,1,,,,,
2026-07-09,2026-07-09,CM,NSE,STK,404,INE463A01038,BERGEPAINT,EQ,,,,,BERGER PAINTS (I) LTD,498.0,502.7,486.0,497.0,497.6,498.1,,497.0,,,334608,165942272.1,16167,F1,1,,,,,
2026-07-09,2026-07-09,CM,NSE,STK,2306,INE052T01021,BESTAGRO,EQ,,,,,BEST AGROLIFE LIMITED,15.16,15.47,15.09,15.21,15.37,15.14,,15.21,,,277682,4234711.1,1115,F1,1,,,,,
2026-07-09,2026-07-09,CM,NSE,STK,759842,INE351Y01019,BETA,EQ,,,,,BETA DRUGS LIMITED,2008.5,2239.4,2008.5,2190.3,2192.0,1998.0,,2190.3,,,88056,192565467.4,11378,F1,1,,,,,
2026-07-09,2026-07-09,CM,NSE,STK,5662,INE0HQI01014,BEWLTD,SM,,,,,BEW ENGINEERING LIMITED,62.5,62.5,60.5,60.75,60.5,61.7,,60.75,,,9000,554900.0,17,F1,500,,,,,
2026-07-09,2026-07-09,CM,NSE,STK,21113,INE878K01010,BFINVEST,EQ,,,,,BF INVESTMENT LIMITED,440.85,450.5,437.8,444.8,445.5,434.65,,444.8,,,28809,12848348.65,1153,F1,1,,,,,
2026-07-09,2026-07-09,CM,NSE,STK,14567,INE243D01012,BFUTILITIE,EQ,,,,,BF UTILITIES LIMITED,548.0,566.6,546.55,559.25,560.1,545.4,,559.35,,,30651,17077348.45,1813,F1,1,,,,,
2026-07-09,2026-07-09,CM,NSE,STK,21986,INF0QA701714,BANKBETF,EQ,,,,,BFAM - BANKBETF,59.2,59.2,57.82,58.2,58.18,58.72,,58.2,,,14172,823957.53,304,F1,1,,,,,
2026-07-09,2026-07-09,CM,NSE,STK,23915,INF0QA701854,LIQUIDBETF,EQ,,,,,BFAM - LIQUIDBETF,1089.34,1089.36,1089.34,1089.35,1089.35,1089.21,,1089.35,,,117123,127588482.67,101,F1,1,,,,,
2026-07-09,2026-07-09,CM,NSE,STK,21959,INF0QA701722,NIFTYBETF,EQ,,,,,BFAM - NIFTYBETF,247.28,247.88,245.86,245.93,245.95,246.05,,245.93,,,10603,2618603.58,26,F1,1,,,,,
2026-07-09,2026-07-09,CM,NSE,STK,15193,INE661I01014,BGRENERGY,BE,,,,,BGR ENERGY SYSTEMS LTD,291.25,300.0,281.25,287.95,289.0,294.5,,288.25,,,54806,15961890.4,605,F1,1,,,,,
2026-07-09,2026-07-09,CM,NSE,STK,758228,INE0ZRC01017,BHADORA,ST,,,,,BHADORA INDUSTRIES LTD,94.15,96.2,89.5,90.2,90.0,94.15,,90.2,,,52800,4910340.0,44,F1,1200,,,,,
2026-07-09,2026-07-09,CM,NSE,STK,13427,INE354C01027,BHAGERIA,BE,,,,,BHAGERIA INDUSTRIES LTD,204.0,211.85,200.0,203.65,203.0,204.04,,204.02,,,15569,3208483.81,165,F1,1,,,,,
2026-07-09,2026-07-09,CM,NSE,STK,6164,INE414D01027,BHAGCHEM,EQ,,,,,BHAGIRADHA CHEM & INDS L,292.0,305.0,290.95,301.25,302.5,291.1,,301.15,,,315437,94394858.9,5361,F1,1,,,,,
2026-07-09,2026-07-09,CM,NSE,STK,20799,INE458B01036,BHAGYANGR,BE,,,,,BHAGYANAGAR INDIA LIMITED,374.1,385.0,370.0,373.95,377.1,374.1,,373.95,,,60137,22658064.1,966,F1,1,,,,,
2026-07-09,2026-07-09,CM,NSE,STK,19560,INE474E01029,BHANDARI,BE,,,,,BHANDARI HOSIERY EXP LTD,2.94,2.98,2.9,2.92,2.94,2.94,,2.92,,,93620,275023.09,165,F1,1,,,,,
2026-07-09,2026-07-09,CM,NSE,STK,419,INE922A01025,BEPL,EQ,,,,,BHANSALI ENG. POLYMERS LT,96.2,103.0,96.2,101.25,102.7,96.2,,101.25,,,813854,81594383.72,6303,F1,1,,,,,
2026-07-09,2026-07-09,CM,NSE,STK,13761,INE464A01036,BBL,EQ,,,,,BHARAT BIJLEE LTD,2652.0,2669.9,2635.1,2649.2,2645.5,2641.4,,2649.2,,,14559,38664186.3,2857,F1,1,,,,,
2026-07-09,2026-07-09,CM,NSE,STK,760726,INE05XR01022,BHARATCOAL,EQ,,,,,BHARAT COKING COAL LTD,36.93,37.61,36.88,37.25,37.5,36.7,,37.25,,,10371084,386581100.74,17605,F1,1,,,,,
2026-07-09,2026-07-09,CM,NSE,STK,2144,INE171Z01026,BDL,EQ,,,,,BHARAT DYNAMICS LIMITED,1337.8,1349.6,1321.0,1326.3,1325.3,1337.4,,1326.3,,,784726,1049420847.8,32084,F1,1,,,,,
2026-07-09,2026-07-09,CM,NSE,STK,383,INE263A01024,BEL,EQ,,,,,BHARAT ELECTRONICS LTD,409.15,411.0,404.05,406.2,407.05,407.6,,406.2,,,10893635,4438017757.65,144845,F1,1,,,,,
2026-07-09,2026-07-09,CM,NSE,STK,422,INE465A01025,BHARATFORG,EQ,,,,,BHARAT FORGE LTD,2102.0,2140.2,2085.4,2130.6,2139.0,2100.5,,2130.6,,,585560,1240961463.4,28369,F1,1,,,,,
2026-07-09,2026-07-09,CM,NSE,STK,9397,INE561C01019,BHARATGEAR,BE,,,,,BHARAT GEARS LTD,119.5,122.9,119.5,120.91,121.0,119.98,,120.94,,,14833,1806802.71,204,F1,1,,,,,
2026-07-09,2026-07-09,CM,NSE,STK,526,INE029A01011,BPCL,EQ,,,,,BHARAT PETROLEUM CORP  LT,303.55,309.1,299.75,308.2,308.8,303.55,,308.2,,,5543009,1699725643.3,55564,F1,1,,,,,
2026-07-09,2026-07-09,CM,NSE,STK,3834,INE838B01021,BHARATRAS,EQ,,,,,BHARAT RASAYAN LTD,1309.6,1333.0,1309.6,1317.1,1315.0,1309.6,,1317.2,,,3590,4743752.9,630,F1,1,,,,,
2026-07-09,2026-07-09,CM,NSE,STK,21683,INE727S01012,BRNL,EQ,,,,,BHARAT ROAD NETWORK LTD,18.12,18.54,17.5,18.24,18.4,17.95,,18.2,,,21495,389942.74,229,F1,1,,,,,
2026-07-09,2026-07-09,CM,NSE,STK,30244,INE415D01024,BHARATSE,EQ,,,,,BHARAT SEATS LIMITED,229.0,259.0,229.0,245.09,246.5,229.69,,245.1,,,3244784,811168532.05,46847,F1,1,,,,,
2026-07-09,2026-07-09,CM,NSE,STK,16123,INE316L01019,BHARATWIRE,EQ,,,,,BHARAT WIRE ROPES LTD.,210.99,219.0,208.02,215.62,215.74,208.14,,215.62,,,232391,49871681.33,4136,F1,1,,,,,
2026-07-09,2026-07-09,CM,NSE,STK,10604,INE397D01024,BHARTIARTL,EQ,,,,,BHARTI AIRTEL LIMITED,1902.0,1966.0,1898.8,1931.1,1935.1,1888.1,,1931.0,,,11145066,21611857969.2,359446,F1,1,,,,,
2026-07-09,2026-07-09,CM,NSE,STK,23489,INE343G01021,BHARTIHEXA,EQ,,,,,BHARTI HEXACOM LIMITED,1526.0,1605.8,1500.4,1571.5,1570.0,1519.9,,1571.5,,,433137,683042872.5,50043,F1,1,,,,,
2026-07-09,2026-07-09,CM,NSE,STK,7848,INE828A01016,BIL,EQ,,,,,BHARTIYA INTERNATIONAL,718.45,742.05,712.15,725.9,739.9,722.05,,725.9,,,2314,1674355.65,168,F1,1,,,,,
2026-07-09,2026-07-09,CM,NSE,STK,438,INE257A01026,BHEL,EQ,,,,,BHEL,380.0,387.0,379.3,381.6,382.45,377.8,,381.6,,,9102802,3496103665.85,88141,F1,1,,,,,
2026-07-09,2026-07-09,CM,NSE,STK,762621,INE274K01012,BTTL,BE,,,,,BHILWARA TECHNICAL TEXT L,53.31,54.87,52.5,54.87,54.87,52.26,,54.87,,,46908,2563744.4,154,F1,1,,,,,
2026-07-09,2026-07-09,CM,NSE,STK,18431,INE412U01025,BIGBLOC,EQ,,,,,BIGBLOC CONSTRUCTION LTD,46.52,47.99,46.52,47.08,47.0,46.83,,47.09,,,32158,1522080.17,565,F1,1,,,,,
2026-07-09,2026-07-09,CM,NSE,STK,11966,INE00E101023,BIKAJI,EQ,,,,,BIKAJI FOODS INTERN LTD,643.95,648.8,638.15,642.15,641.25,643.95,,642.1,,,64366,41438936.9,5539,F1,1,,,,,
2026-07-09,2026-07-09,CM,NSE,STK,25527,INE0SQH01013,BIKEWO,ST,,,,,BIKEWO GREEN TECH LIMITED,52.95,52.95,47.95,48.45,48.0,50.45,,48.45,,,260000,12896000.0,111,F1,2000,,,,,
2026-07-09,2026-07-09,CM,NSE,STK,13622,INE071A01013,BILVYAPAR,BE,,,,,BIL VYAPAR LIMITED,4.38,4.38,4.12,4.34,4.15,4.18,,4.34,,,6808,29464.82,50,F1,1,,,,,
2026-07-09,2026-07-09,CM,NSE,STK,762583,INE986A01012,BI,EQ,,,,,BILCARE LTD.,62.75,67.68,62.75,64.61,65.88,62.25,,64.6,,,19162,1247280.25,283,F1,1,,,,,
2026-07-09,2026-07-09,CM,NSE,STK,759806,INE0HOQ01053,GROWW,EQ,,,,,BILLIONBRAINS GARAGE VN L,193.0,198.9,192.79,198.44,198.5,191.84,,198.44,,,22339788,4394593765.42,133594,F1,1,,,,,
2026-07-09,2026-07-09,CM,NSE,STK,762588,INE469A01019,BIMETAL,EQ,,,,,BIMETAL BEARINGS LTD.,667.9,690.0,645.0,673.8,679.55,664.45,,673.65,,,2301,1544925.7,131,F1,1,,,,,
2026-07-09,2026-07-09,CM,NSE,STK,763598,INE1BKA01015,BMLL,SM,,,,,BIO MEDICA LABORATORIES L,122.2,140.5,120.55,129.65,128.5,120.2,,129.65,,,204000,26740200.0,87,F1,1000,,,,,
2026-07-09,2026-07-09,CM,NSE,STK,11373,INE376G01013,BIOCON,EQ,,,,,BIOCON LIMITED.,399.8,409.6,394.85,403.55,406.45,397.05,,403.55,,,5590149,2250864343.85,69919,F1,1,,,,,
2026-07-09,2026-07-09,CM,NSE,STK,4136,INE829A01014,BIOFILCHEM,EQ,,,,,BIOFIL CHEM & PHARMA LTD,33.19,34.89,33.19,34.07,34.6,33.18,,34.07,,,16398,562311.5,164,F1,1,,,,,
2026-07-09,2026-07-09,CM,NSE,STK,760942,INE0XW001014,BIOPOL,SM,,,,,BIOPOL CHEMICALS LIMITED,88.8,92.0,84.15,90.6,88.1,85.05,,90.6,,,36000,3168120.0,27,F1,1200,,,,,
2026-07-09,2026-07-09,CM,NSE,STK,6815,INE800A01015,BIRLACABLE,BE,,,,,BIRLA CABLE LIMITED,178.0,186.76,178.0,186.76,186.76,177.87,,186.69,,,29196,5408131.05,357,F1,1,,,,,
2026-07-09,2026-07-09,CM,NSE,STK,480,INE340A01012,BIRLACORPN,EQ,,,,,BIRLA CORPORATION LTD,932.7,953.45,932.3,940.7,939.25,936.4,,940.75,,,118278,111421507.7,6311,F1,1,,,,,
2026-07-09,2026-07-09,CM,NSE,STK,762593,INE372E01025,BIRLAPREC,EQ,,,,,BIRLA PRECISION TECH L,36.54,37.47,35.0,36.0,36.39,36.36,,36.03,,,23789,863968.66,329,F1,1,,,,,
2026-07-09,2026-07-09,CM,NSE,STK,1455,INE557A01011,BIRLANU,EQ,,,,,BIRLANU LIMITED,1336.8,1363.8,1307.0,1331.7,1338.8,1336.5,,1331.7,,,13617,18038869.8,1156,F1,1,,,,,
2026-07-09,2026-07-09,CM,NSE,STK,760247,INF209KC1670,ABSL10BANK,EQ,,,,,BIRLASLAMC - ABSL10BANK,170.62,173.18,170.62,172.11,172.06,170.58,,171.77,,,475,81811.62,19,F1,1,,,,,
2026-07-09,2026-07-09,CM,NSE,STK,13987,INF209KB17D5,ABSLBANETF,EQ,,,,,BIRLASLAMC - ABSLBANETF,58.4,58.97,58.4,58.7,58.63,58.26,,58.7,,,267021,15702178.14,1065,F1,1,,,,,
2026-07-09,2026-07-09,CM,NSE,STK,14518,INF209KB18T9,ABSLLIQUID,EQ,,,,,BIRLASLAMC - ABSLLIQUID,999.99,1000.01,999.99,999.99,999.99,999.99,,999.99,,,5931,5930980.32,34,F1,1,,,,,
2026-07-09,2026-07-09,CM,NSE,STK,761066,INF209KC1662,ABSLMSCIN,EQ,,,,,BIRLASLAMC - ABSLMSCIN,29.72,29.72,29.16,29.16,29.16,29.18,,29.16,,,36841,1076612.02,25,F1,1,,,,,
2026-07-09,2026-07-09,CM,NSE,STK,7339,INF209KB16D7,ABSLNN50ET,EQ,,,,,BIRLASLAMC - ABSLNN50ET,74.47,75.22,73.6,75.03,75.22,74.47,,75.03,,,4811,360824.41,173,F1,1,,,,,
2026-07-09,2026-07-09,CM,NSE,STK,5957,INF209KB10E8,BSLSENETFG,EQ,,,,,BIRLASLAMC - BSLSENETFG,75.57,77.8,75.57,77.22,77.51,77.11,,77.18,,,3757,290183.72,130,F1,1,,,,,
2026-07-09,2026-07-09,CM,NSE,STK,24847,INF209KC1142,GSEC10ABSL,EQ,,,,,BIRLASLAMC - GSEC10ABSL,114.72,114.72,114.28,114.28,114.28,114.93,,114.28,,,93,10667.08,3,F1,1,,,,,
2026-07-09,2026-07-09,CM,NSE,STK,6297,INF209KB10C2,HEALTHY,EQ,,,,,BIRLASLAMC - HEALTHY,16.4,16.92,16.25,16.73,16.75,16.58,,16.73,,,654368,10980146.21,1003,F1,1,,,,,
2026-07-09,2026-07-09,CM,NSE,STK,10693,INF209KB14K7,MOMENTUM,EQ,,,,,BIRLASLAMC - MOMENTUM,31.21,31.21,29.84,30.56,30.77,30.45,,30.56,,,227063,6951146.19,211,F1,1,,,,,
2026-07-09,2026-07-09,CM,NSE,STK,10690,INF209KB15K4,NIFTYQLITY,EQ,,,,,BIRLASLAMC - NIFTYQLITY,20.62,20.86,20.54,20.71,20.54,20.69,,20.71,,,39257,814423.96,164,F1,1,,,,,
2026-07-09,2026-07-09,CM,NSE,STK,8003,INF209KB19F6,SILVER,EQ,,,,,BIRLASLAMC - SILVER,218.81,222.96,217.16,222.3,222.4,219.53,,222.31,,,841397,185514853.18,8364,F1,1,,,,,
2026-07-09,2026-07-09,CM,NSE,STK,6462,INF209KB11D8,TECH,EQ,,,,,BIRLASLAMC - TECH,29.79,30.25,29.6,30.02,30.03,30.05,,30.01,,,44631,1340504.15,250,F1,1,,,,,
2026-07-09,2026-07-09,CM,NSE,STK,23806,INF209KB19Z4,ABSLPSE,EQ,,,,,BIRLASLAMC-ABSLPSE,10.3,10.3,10.14,10.19,10.24,10.16,,10.19,,,133301,1359265.75,735,F1,1,,,,,
2026-07-09,2026-07-09,CM,NSE,STK,6994,INE836A01035,BSOFT,EQ,,,,,BIRLASOFT LIMITED,274.9,276.25,270.2,274.85,275.0,272.2,,274.85,,,1756528,481323272.05,32595,F1,1,,,,,
2026-07-09,2026-07-09,CM,NSE,STK,3435,INE676A01027,BBOX,EQ,,,,,BLACK BOX LIMITED,939.65,959.0,928.1,934.25,931.95,931.7,,934.3,,,199482,188582697.05,11069,F1,1,,,,,
2026-07-09,2026-07-09,CM,NSE,STK,762601,INE761G01016,BLACKROSE,BE,,,,,BLACK ROSE INDS. LTD.,109.01,111.4,106.0,107.57,109.9,109.01,,107.78,,,10717,1164493.12,164,F1,1,,,,,
2026-07-09,2026-07-09,CM,NSE,STK,27144,INE0UIZ01018,BLACKBUCK,EQ,,,,,BLACKBUCK LIMITED,559.65,571.0,554.3,561.55,561.05,559.25,,561.55,,,147330,82996697.35,9894,F1,1,,,,,
2026-07-09,2026-07-09,CM,NSE,STK,8132,INE791A01024,BLBLIMITED,EQ,,,,,BLB LIMITED,15.99,16.47,15.51,16.04,16.14,15.92,,16.03,,,69800,1121390.61,795,F1,1,,,,,
2026-07-09,2026-07-09,CM,NSE,STK,19269,INE416D01022,BLISSGVS,BE,,,,,BLISS GVS PHARMA LTD,512.25,527.0,505.0,524.15,526.9,512.95,,524.15,,,472804,245787757.35,26284,F1,1,,,,,
2026-07-09,2026-07-09,CM,NSE,STK,22566,INE0NLT01010,BLSE,EQ,,,,,BLS E-SERVICES LIMITED,262.95,267.8,258.26,261.35,259.52,261.4,,261.35,,,303611,79944872.92,6646,F1,1,,,,,
2026-07-09,2026-07-09,CM,NSE,STK,17279,INE153T01027,BLS,EQ,,,,,BLS INTL SERVS LTD,244.0,245.3,231.75,234.6,233.5,242.7,,234.6,,,9439900,2239433258.0,90174,F1,1,,,,,
2026-07-09,2026-07-09,CM,NSE,STK,8552,INE472B01011,BLUECOAST,BE,,,,,BLUE COAST HOTELS LIMITED,29.89,29.89,27.53,27.53,27.53,28.95,,27.53,,,6094,179070.42,21,F1,1,,,,,
2026-07-09,2026-07-09,CM,NSE,STK,495,INE233B01017,BLUEDART,EQ,,,,,BLUE DART EXPRESS LTD,4793.0,4892.9,4793.0,4846.8,4859.7,4789.4,,4846.8,,,3857,18696687.9,1189,F1,1,,,,,
2026-07-09,2026-07-09,CM,NSE,STK,19686,INE0KBH01020,BLUEJET,EQ,,,,,BLUE JET HEALTHCARE LTD,568.0,587.0,564.2,574.5,575.75,562.7,,574.5,,,546528,316649243.5,14233,F1,1,,,,,
2026-07-09,2026-07-09,CM,NSE,STK,23410,INE0SAK01011,BLUEPEBBLE,SM,,,,,BLUE PEBBLE LIMITED,74.95,75.0,74.5,74.95,74.95,74.9,,74.95,,,6400,479740.0,9,F1,400,,,,,
2026-07-09,2026-07-09,CM,NSE,STK,8311,INE472A01039,BLUESTARCO,EQ,,,,,BLUE STAR LIMITED,1588.0,1620.9,1584.0,1615.6,1616.0,1574.8,,1615.5,,,254119,409105859.0,24311,F1,1,,,,,
2026-07-09,2026-07-09,CM,NSE,STK,758185,INE0X3M01010,BLUEWATER,ST,,,,,BLUE WATER LOGISTICS LTD,352.95,353.0,344.0,353.0,353.0,336.2,,353.0,,,12000,4222950.0,12,F1,1000,,,,,
2026-07-09,2026-07-09,CM,NSE,STK,759291,INE304W01038,BLUESTONE,EQ,,,,,BLUESTONE JEWEL LFSTL LTD,566.65,581.4,565.0,571.75,569.0,566.2,,571.75,,,182134,104668227.3,10512,F1,1,,,,,
2026-07-09,2026-07-09,CM,NSE,STK,757520,INE0U4101014,BLUSPRING,EQ,,,,,BLUSPRING ENTERPRISES LTD,107.0,111.0,105.51,106.66,107.9,105.61,,106.66,,,677253,73086722.31,8302,F1,1,,,,,
2026-07-09,2026-07-09,CM,NSE,STK,759256,INE965W01036,BMWVENTLTD,EQ,,,,,BMW VENTURES LIMITED,59.49,59.49,58.0,58.5,58.5,58.07,,58.5,,,58324,3407799.68,885,F1,1,,,,,
2026-07-09,2026-07-09,CM,NSE,STK,762611,INE00HZ01011,BNAGROCHEM,BE,,,,,BN AGROCHEM LTD.,285.0,285.0,282.0,282.0,282.0,285.0,,282.5,,,1537,435011.0,12,F1,1,,,,,
2026-07-09,2026-07-09,CM,NSE,STK,25021,INE338D01028,BODALCHEM,BE,,,,,BODAL CHEMICALS LTD,60.9,62.35,58.22,59.5,59.5,60.37,,59.59,,,163258,9804009.98,889,F1,1,,,,,
2026-07-09,2026-07-09,CM,NSE,STK,14150,INE0EEJ01023,BTML,EQ,,,,,BODHI TREE MULTIMEDIA LTD,5.99,6.1,5.52,6.0,6.0,6.01,,6.0,,,130376,777726.22,276,F1,1,,,,,
2026-07-09,2026-07-09,CM,NSE,STK,11640,INE802W01023,BOHRAIND,EQ,,,,,BOHRA INDUSTRIES LIMITED,14.25,14.7,13.54,14.2,13.68,14.25,,14.2,,,15457,215892.45,80,F1,1,,,,,
2026-07-09,2026-07-09,CM,NSE,STK,380,INE050A01025,BBTC,EQ,,,,,BOMBAY BURMAH TRADING COR,1500.4,1530.4,1488.0,1513.4,1507.1,1498.1,,1513.4,,,50443,76216843.5,5190,F1,1,,,,,
2026-07-09,2026-07-09,CM,NSE,STK,513,INE032A01023,BOMDYEING,EQ,,,,,BOMBAY DYEING & MFG. CO L,124.1,127.4,124.1,126.08,125.76,123.91,,126.08,,,374107,47174178.13,4766,F1,1,,,,,
2026-07-09,2026-07-09,CM,NSE,STK,6052,INE0I3Y01014,BMETRICS,SM,,,,,BOMBAY METRICS S C LTD,38.0,38.0,35.5,36.0,35.5,35.0,,36.0,,,2400,88000.0,3,F1,800,,,,,
2026-07-09,2026-07-09,CM,NSE,STK,812,INE032Z01020,BSHSL,BE,,,,,BOMBAY SUPER HYBRID SEEDS,91.25,91.25,87.55,88.0,88.0,88.31,,88.0,,,2860,251871.67,70,F1,1,,,,,
2026-07-09,2026-07-09,CM,NSE,STK,29607,INE053F07595,704IRFC28,N6,,,,,BOND 7.04% PA TAX FREE S2,1076.0,1076.0,1076.0,1076.0,1076.0,1074.3,,1076.0,,,11,11836.0,3,F1,1,,,,,
2026-07-09,2026-07-09,CM,NSE,STK,31128,INE053F07538,810IRFC27,N2,,,,,BOND 8.10% PA TAX FREE S2,1071.15,1074.0,1071.01,1071.51,1071.51,1073.0,,1071.51,,,522,559300.3,11,F1,1,,,,,
2026-07-09,2026-07-09,CM,NSE,STK,31040,INE906B07CB9,830NHAI27,N2,,,,,BOND 8.30% PA TAX FREE S2,1078.1,1079.0,1076.0,1078.0,1078.0,1078.0,,1080.0,,,668,720001.75,13,F1,1,,,,,
2026-07-09,2026-07-09,CM,NSE,STK,603,INE053F07686,865IRFC29,,,,,,BOND 8.65% PA TF TI-SIIB,1101.0,1101.0,1100.85,1100.85,1100.85,1101.0,,1100.85,,,405,445845.0,3,F1,1,,,,,
2026-07-09,2026-07-09,CM,NSE,STK,30990,INE020B07HS2,871REC28,N9,,,,,BOND 8.71% TAX FREE S2B,1116.5,1118.0,1111.0,1113.36,1113.05,1117.0,,1113.36,,,1495,1665412.97,38,F1,1,,,,,
2026-07-09,2026-07-09,CM,NSE,STK,1999,INE053F07744,888IRFC29,NE,,,,,BOND 8.88% PA TF TII-SIIB,1109.0,1109.8,1109.0,1109.8,1109.8,1110.0,,1109.8,,,35,38823.0,2,F1,1,,,,,
2026-07-09,2026-07-09,CM,NSE,STK,31970,INE557F07132,901NHB34,N6,,,,,BOND 9.01%PA TF TR-I S 3B,6300.0,6300.0,6300.0,6300.0,6300.0,6300.0,,6300.0,,,57,359100.0,3,F1,1,,,,,
2026-07-09,2026-07-09,CM,NSE,STK,761056,INE0B9A01018,BONLON,EQ,,,,,BONLON INDUSTRIES LIMITED,42.5,42.98,41.51,42.1,42.25,42.57,,41.93,,,3533,149196.4,120,F1,1,,,,,
2026-07-09,2026-07-09,CM,NSE,STK,757919,INE16SF01016,BORANA,EQ,,,,,BORANA WEAVES LIMITED,300.7,308.9,300.7,305.1,306.9,299.15,,305.1,,,17772,5422957.5,468,F1,1,,,,,
2026-07-09,2026-07-09,CM,NSE,STK,19401,INE02PY01013,BOROLTD,EQ,,,,,BOROSIL LIMITED,228.44,235.0,228.1,230.88,230.1,227.31,,230.89,,,71208,16455861.16,2196,F1,1,,,,,
2026-07-09,2026-07-09,CM,NSE,STK,3149,INE666D01022,BORORENEW,EQ,,,,,BOROSIL RENEWABLES LTD,602.0,659.5,598.6,651.65,653.8,594.6,,651.65,,,5819739,3761541241.9,125504,F1,1,,,,,
2026-07-09,2026-07-09,CM,NSE,STK,24014,INE02L001032,BOROSCI,EQ,,,,,BOROSIL SCIENTIFIC LTD,156.7,161.57,155.23,158.31,158.2,155.84,,158.32,,,86550,13740642.15,1783,F1,1,,,,,
2026-07-09,2026-07-09,CM,NSE,STK,4491,INE782A01015,BOSCH-HCIL,EQ,,,,,BOSCH HOME COMFRT IND LTD,1340.0,1369.0,1340.0,1347.8,1348.9,1339.4,,1347.7,,,28335,38367344.6,1903,F1,1,,,,,
2026-07-09,2026-07-09,CM,NSE,STK,2181,INE323A01026,BOSCHLTD,EQ,,,,,BOSCH LIMITED,41610.0,42320.0,41610.0,42225.0,42170.0,41610.0,,42225.0,,,25168,1057315855.0,9652,F1,1,,,,,
2026-07-09,2026-07-09,CM,NSE,STK,25119,INE0QNI01012,BOSS,SM,,,,,BOSS PACKAGING SOLU LTD,33.4,33.4,33.35,33.35,33.35,35.1,,33.35,,,4000,133500.0,2,F1,2000,,,,,
2026-07-09,2026-07-09,CM,NSE,STK,530,INE110A01019,BPL,EQ,,,,,BPL LTD,54.1,64.0,53.7,58.84,58.72,53.34,,58.88,,,935759,57115946.63,6133,F1,1,,,,,
2026-07-09,2026-07-09,CM,NSE,STK,24905,INE0R4Z01018,BRACEPORT,SM,,,,,BRACE PORT LOGISTICS LTD,56.65,56.7,56.65,56.65,56.65,56.0,,56.65,,,6400,362720.0,4,F1,1600,,,,,
2026-07-09,2026-07-09,CM,NSE,STK,24814,INE02RE01045,FIRSTCRY,EQ,,,,,BRAINBEES SOLUTIONS LTD,207.9,209.47,202.56,203.44,203.68,206.65,,203.44,,,1966577,404908635.9,24846,F1,1,,,,,
2026-07-09,2026-07-09,CM,NSE,STK,7780,INE977Y01011,BCONCEPTS,EQ,,,,,BRAND CONCEPTS LIMITED,214.99,220.0,207.26,211.34,214.0,206.28,,211.35,,,14192,3003447.14,871,F1,1,,,,,
2026-07-09,2026-07-09,CM,NSE,STK,760975,INE0XUD01014,BRANDMAN,ST,,,,,BRANDMAN RETAIL LIMITED,182.95,192.4,182.95,192.4,192.4,192.55,,192.4,,,16800,3120720.0,18,F1,800,,,,,
2026-07-09,2026-07-09,CM,NSE,STK,15184,INE791I01019,BRIGADE,EQ,,,,,BRIGADE ENTER. LTD,502.75,537.15,500.0,534.0,534.9,502.75,,533.95,,,2343245,1223182656.9,56379,F1,1,,,,,
2026-07-09,2026-07-09,CM,NSE,STK,757794,INE03NU01014,BRIGHOTEL,EQ,,,,,BRIGADE HOTEL VENTURE LTD,63.49,64.1,63.0,63.54,64.1,62.84,,63.54,,,78005,4954586.34,1399,F1,1,,,,,
2026-07-09,2026-07-09,CM,NSE,STK,8833,INE425B01027,BCG,EQ,,,,,BRIGHTCOM GROUP LIMITED,9.48,9.68,9.4,9.42,9.43,9.48,,9.42,,,3585829,34071301.67,4858,F1,1,,,,,
2026-07-09,2026-07-09,CM,NSE,STK,547,INE216A01030,BRITANNIA,EQ,,,,,BRITANNIA INDUSTRIES LTD,5326.0,5388.5,5326.0,5361.5,5348.5,5315.5,,5361.5,,,174108,934317050.5,24046,F1,1,,,,,
2026-07-09,2026-07-09,CM,NSE,STK,2203,INE0FDU25010,BIRET,RR,,,,,BROOKFIELD INDIA RET,338.39,339.89,335.66,336.6,336.7,337.47,,336.6,,,90377,30486788.2,5853,F1,1,,,,,
2026-07-09,2026-07-09,CM,NSE,STK,25140,INE650L01011,BROOKS,BE,,,,,BROOKS LAB LIMITED,68.95,72.25,66.8,70.51,70.95,69.61,,70.38,,,28858,1981019.29,216,F1,1,,,,,
2026-07-09,2026-07-09,CM,NSE,STK,19585,INE118H01025,BSE,EQ,,,,,BSE LIMITED,3762.0,3852.0,3760.6,3805.7,3811.8,3739.1,,3805.7,,,2319842,8819099847.2,112956,F1,1,,,,,
2026-07-09,2026-07-09,CM,NSE,STK,559,INE594B01012,BSL,EQ,,,,,BSL LTD,127.5,129.8,126.21,127.0,126.62,126.85,,127.0,,,1594,203625.12,226,F1,1,,,,,
2026-07-09,2026-07-09,CM,NSE,STK,2716,INE295F01017,BUTTERFLY,EQ,,,,,BTRFLY GANDHI APPL LTD,720.0,738.0,715.5,721.25,720.0,717.5,,721.15,,,63225,45890079.35,3252,F1,1,,,,,
2026-07-09,2026-07-09,CM,NSE,STK,24701,INE0SZ301012,BULKCORP,SM,,,,,BULKCORP INTERNATIONAL L,52.05,55.0,52.05,55.0,55.0,53.0,,55.0,,,2400,128460.0,2,F1,1200,,,,,
2026-07-09,2026-07-09,CM,NSE,STK,760854,INE0SMX01019,CKKRETAIL,SM,,,,,C K K RETAIL MART LIMITED,140.0,140.0,140.0,140.0,140.0,138.9,,140.0,,,800,112000.0,1,F1,800,,,,,
2026-07-09,2026-07-09,CM,NSE,STK,18372,INE0QBU01012,CPS,SM,,,,,C P S SHAPERS LIMITED,1061.0,1061.0,997.5,998.8,997.5,1050.0,,998.8,,,900,908250.0,6,F1,150,,,,,
2026-07-09,2026-07-09,CM,NSE,STK,7227,INE0BV301023,MAPMYINDIA,EQ,,,,,C.E. INFO SYSTEMS LIMITED,930.0,1094.0,926.0,1069.2,1060.25,931.45,,1069.25,,,7268771,7577323319.9,245298,F1,1,,,,,
2026-07-09,2026-07-09,CM,NSE,STK,27274,INE0U7V01015,C2C,SM,,,,,C2C ADVANCED SYSTEMS LTD,397.05,404.9,395.0,398.9,399.95,395.6,,398.9,,,53550,21420435.0,290,F1,150,,,,,
2026-07-09,2026-07-09,CM,NSE,STK,8400,INE526B01014,CALSOFT,BE,,,,,CALIFORNIA SOFTWARE CO LT,20.38,21.39,20.38,21.39,21.39,20.38,,21.39,,,89073,1878620.84,220,F1,1,,,,,
2026-07-09,2026-07-09,CM,NSE,STK,14218,INE627H01017,CTE,EQ,,,,,CAMBRIDGE TECH ENTER LTD,29.6,30.4,29.0,29.33,29.4,29.44,,29.24,,,20216,598055.1,155,F1,1,,,,,
2026-07-09,2026-07-09,CM,NSE,STK,6216,INE052I01032,CAMLINFINE,EQ,,,,,CAMLIN FINE SCIENCES LTD,128.7,132.72,128.7,129.29,129.4,129.05,,129.29,,,587742,76693650.1,6531,F1,1,,,,,
2026-07-09,2026-07-09,CM,NSE,STK,9362,INE278Y01022,CAMPUS,EQ,,,,,CAMPUS ACTIVEWEAR LIMITED,227.8,229.85,226.3,228.04,227.8,229.89,,228.04,,,214061,48803203.64,9499,F1,1,,,,,
2026-07-09,2026-07-09,CM,NSE,STK,583,INE477A01020,CANFINHOME,EQ,,,,,CAN FIN HOMES LTD,892.9,920.8,892.9,916.1,913.05,892.3,,916.05,,,258927,234724856.05,14847,F1,1,,,,,
2026-07-09,2026-07-09,CM,NSE,STK,10794,INE476A01022,CANBK,EQ,,,,,CANARA BANK,121.77,125.3,121.5,124.8,125.2,121.15,,124.8,,,25763230,3186533658.16,107923,F1,1,,,,,
2026-07-09,2026-07-09,CM,NSE,STK,759477,INE01TY01017,CANHLIFE,EQ,,,,,CANARA HSBC LIFE INS CO L,141.95,143.46,140.5,141.34,141.4,141.89,,141.34,,,436544,61710168.77,6048,F1,1,,,,,
2026-07-09,2026-07-09,CM,NSE,STK,759311,INE218I01013,CRAMC,EQ,,,,,CANARA ROBECO AMC LIMITED,244.5,255.6,243.11,253.99,253.5,243.61,,253.99,,,347767,87922436.33,11187,F1,1,,,,,
2026-07-09,2026-07-09,CM,NSE,STK,19368,INE0QG301017,CANARYS,SM,,,,,CANARYS AUTOMATIONS LTD,19.25,19.25,19.0,19.0,19.0,19.25,,19.0,,,104000,1984200.0,26,F1,4000,,,,,
2026-07-09,2026-07-09,CM,NSE,STK,20160,INE068L01024,CANTABIL,EQ,,,,,CANTABIL RETAIL LTD,253.0,256.29,251.46,252.71,253.6,251.84,,252.71,,,36788,9321874.89,1732,F1,1,,,,,
2026-07-09,2026-07-09,CM,NSE,STK,21749,INE264T01014,CAPACITE,EQ,,,,,CAPACITE INFRAPROJECT LTD,236.85,241.4,233.1,234.8,236.0,234.7,,234.8,,,372531,88195206.2,11240,F1,1,,,,,
2026-07-09,2026-07-09,CM,NSE,STK,759867,INE0ILV01024,CAPILLARY,EQ,,,,,CAPILLARY TECHNO INDIA L,509.55,514.2,500.3,506.6,504.4,510.65,,506.8,,,58055,29434210.1,3042,F1,1,,,,,
2026-07-09,2026-07-09,CM,NSE,STK,756015,INE345H01024,CIFL,EQ,,,,,CAPITAL INDIA FINANCE LTD,22.81,22.85,22.01,22.6,22.57,22.36,,22.6,,,40373,913714.3,154,F1,1,,,,,
2026-07-09,2026-07-09,CM,NSE,STK,29157,INE0Z8Z23013,CAPINVIT,IV,,,,,CAPITAL INFRA TRUST,74.48,74.5,73.7,73.97,73.95,73.93,,73.97,,,421196,31164737.69,5683,F1,1,,,,,
2026-07-09,2026-07-09,CM,NSE,STK,22675,INE646H01017,CAPITALSFB,EQ,,,,,CAPITAL SMALL FIN BANK L,282.4,293.0,282.1,290.4,290.0,281.75,,290.4,,,42029,12135353.55,1118,F1,1,,,,,
2026-07-09,2026-07-09,CM,NSE,STK,19451,INE707C01018,CAPTRUST,BE,,,,,CAPITAL TRUST LIMITED,12.8,13.0,12.6,12.9,12.99,12.54,,12.9,,,11152,143026.51,54,F1,1,,,,,
2026-07-09,2026-07-09,CM,NSE,STK,3906,INE475E01026,CAPLIPOINT,EQ,,,,,CAPLIN POINT LAB LTD.,2553.6,2638.0,2550.0,2621.4,2625.0,2528.4,,2621.4,,,119270,311995128.2,15216,F1,1,,,,,
2026-07-09,2026-07-09,CM,NSE,STK,20329,INE180C01042,CGCL,EQ,,,,,CAPRI GLOBAL CAPITAL LTD,239.4,256.1,239.0,252.64,255.6,237.06,,252.64,,,9594936,2395708663.78,76728,F1,1,,,,,
2026-07-09,2026-07-09,CM,NSE,STK,595,INE120A01034,CARBORUNIV,EQ,,,,,CARBORUNDUM UNIVERSAL LTD,1082.6,1096.9,1072.1,1089.8,1090.0,1080.5,,1089.8,,,303053,329584698.2,15929,F1,1,,,,,
2026-07-09,2026-07-09,CM,NSE,STK,29113,INE752H01013,CARERATING,EQ,,,,,CARE RATINGS LIMITED,1618.1,1648.1,1599.1,1639.1,1644.3,1610.1,,1639.1,,,19355,31491341.1,3430,F1,1,,,,,
2026-07-09,2026-07-09,CM,NSE,STK,758941,INE0P6P01016,CPEDU,EQ,,,,,CAREER POINT EDUTECH LTD,198.04,200.0,197.0,197.25,197.0,197.28,,197.25,,,1875,371155.7,83,F1,1,,,,,
2026-07-09,2026-07-09,CM,NSE,STK,28879,INE0V7W01012,CARRARO,EQ,,,,,CARRARO INDIA LIMITED,544.8,579.8,543.6,561.0,560.55,524.5,,561.0,,,1185574,670592403.4,41173,F1,1,,,,,
2026-07-09,2026-07-09,CM,NSE,STK,5407,INE290S01011,CARTRADE,EQ,,,,,CARTRADE TECH LIMITED,2775.9,2823.6,2692.0,2735.2,2759.0,2775.9,,2735.2,,,435110,1196424774.9,28381,F1,1,,,,,
2026-07-09,2026-07-09,CM,NSE,STK,1879,INE482D01024,CARYSIL,EQ,,,,,CARYSIL LIMITED,1106.5,1194.0,1105.9,1186.6,1181.0,1098.5,,1186.6,,,130235,152303434.5,8873,F1,1,,,,,
2026-07-09,2026-07-09,CM,NSE,STK,758156,INE0WL201014,CUDML,ST,,,,,CASH UR DRIVE MARKETING L,181.0,184.95,181.0,184.6,184.75,181.0,,184.6,,,41000,7546400.0,18,F1,1000,,,,,
2026-07-09,2026-07-09,CM,NSE,STK,1250,INE172A01027,CASTROLIND,EQ,,,,,CASTROL INDIA LIMITED,183.11,184.0,183.11,183.5,183.65,183.31,,183.5,,,867574,159174367.44,12738,F1,1,,,,,
2026-07-09,2026-07-09,CM,NSE,STK,11452,INE421D01022,CCL,EQ,,,,,CCL PRODUCTS (I) LTD,1182.0,1223.9,1182.0,1209.2,1214.0,1181.2,,1209.2,,,355163,429716354.1,17905,F1,1,,,,,
2026-07-09,2026-07-09,CM,NSE,STK,757848,INE157D07EN6,985CCSP27,N0,,,,,CCSP 9.85% 2027 SR 03,100010.46,100010.46,100010.46,100010.46,100010.46,99898.1,,100010.46,,,3,300031.38,2,F1,1,,,,,
2026-07-09,2026-07-09,CM,NSE,STK,15254,INE482A01020,CEATLTD,EQ,,,,,CEAT LIMITED,3856.5,3948.7,3839.0,3908.5,3912.0,3858.6,,3908.5,,,96029,376007837.5,14156,F1,1,,,,,
2026-07-09,2026-07-09,CM,NSE,STK,757690,INE11J101017,CEDAAR,ST,,,,,CEDAAR TEXTILE LIMITED,20.05,20.05,19.95,19.95,19.95,21.0,,19.95,,,7000,139900.0,7,F1,1000,,,,,
2026-07-09,2026-07-09,CM,NSE,STK,24742,INE0AG901020,CEIGALL,EQ,,,,,CEIGALL INDIA LIMITED,373.0,374.7,364.0,368.9,369.5,366.15,,368.9,,,504691,185883294.6,22596,F1,1,,,,,
2026-07-09,2026-07-09,CM,NSE,STK,761037,INE016Q01014,CEINSYS,EQ,,,,,CEINSYS TECH LIMITED,912.9,916.95,899.05,907.8,911.0,903.0,,907.2,,,39203,35540407.35,2555,F1,1,,,,,
2026-07-09,2026-07-09,CM,NSE,STK,13162,INE185H01016,CELEBRITY,EQ,,,,,CELEBRITY FASHIONS LTD,7.6,7.84,7.31,7.42,7.33,7.38,,7.45,,,41380,310293.37,147,F1,1,,,,,
2026-07-09,2026-07-09,CM,NSE,STK,16950,INE0O0001013,CELLPOINT,SM,,,,,CELL POINT (INDIA) LTD,14.75,15.85,14.55,15.05,15.85,14.25,,15.05,,,3600,54180.0,3,F1,1200,,,,,
2026-07-09,2026-07-09,CM,NSE,STK,18811,INE0OMO01025,CELLECOR,ST,,,,,CELLECOR GADGETS LIMITED,37.0,38.65,37.0,38.2,38.15,37.9,,38.2,,,63000,2401200.0,20,F1,3000,,,,,
2026-07-09,2026-07-09,CM,NSE,STK,19795,INE0LMW01024,CELLO,EQ,,,,,CELLO WORLD LIMITED,359.85,362.95,356.5,358.5,358.95,358.0,,358.5,,,231336,83175034.15,11489,F1,1,,,,,
2026-07-09,2026-07-09,CM,NSE,STK,5622,INE686A01026,CEMPRO,EQ,,,,,CEMINDIA PROJECTS LIMITED,1500.0,1564.5,1493.2,1554.1,1557.0,1490.0,,1553.9,,,559286,859271970.1,24905,F1,1,,,,,
2026-07-09,2026-07-09,CM,NSE,STK,14894,INE483A01010,CENTRALBK,EQ,,,,,CENTRAL BANK OF INDIA,31.3,31.84,31.24,31.65,31.73,31.25,,31.65,,,4035612,127528476.65,13727,F1,1,,,,,
2026-07-09,2026-07-09,CM,NSE,STK,21174,INE736A01011,CDSL,EQ,,,,,CENTRAL DEPO SER (I) LTD,1316.0,1354.6,1316.0,1346.5,1348.0,1311.4,,1346.5,,,1462201,1968489977.7,46433,F1,1,,,,,
2026-07-09,2026-07-09,CM,NSE,STK,761581,INE05HV01027,CMPDI,EQ,,,,,CENTRAL MINE P N D INST L,264.0,270.79,262.25,263.66,264.12,259.31,,263.68,,,2828259,753480849.9,38754,F1,1,,,,,
2026-07-09,2026-07-09,CM,NSE,STK,2454,INE660C01027,CENTRUM,EQ,,,,,CENTRUM CAPITAL LIMITED,24.8,24.8,24.09,24.36,24.5,24.1,,24.36,,,157554,3851170.38,788,F1,1,,,,,
2026-07-09,2026-07-09,CM,NSE,STK,14982,INE320B01020,CENTUM,EQ,,,,,CENTUM ELECTRONICS LTD,3555.0,3608.2,3500.0,3557.9,3531.5,3513.3,,3557.9,,,38028,135359281.0,8132,F1,1,,,,,
2026-07-09,2026-07-09,CM,NSE,STK,619,INE485A01015,CENTENKA,EQ,,,,,CENTURY ENKA LTD,509.0,522.95,507.0,516.05,514.0,507.3,,516.05,,,50142,25732676.7,2931,F1,1,,,,,
2026-07-09,2026-07-09,CM,NSE,STK,11511,INE281A01026,CENTEXT,EQ,,,,,CENTURY EXTRUSIONS LTD,19.29,19.29,18.73,18.82,19.0,19.09,,18.82,,,32315,610578.59,405,F1,1,,,,,
2026-07-09,2026-07-09,CM,NSE,STK,13305,INE348B01021,CENTURYPLY,EQ,,,,,CENTURY PLYBOARDS (I) LTD,770.25,778.15,765.55,773.6,770.1,770.25,,773.55,,,19468,15075251.95,5240,F1,1,,,,,
2026-07-09,2026-07-09,CM,NSE,STK,15039,INE739E01017,CERA,EQ,,,,,CERA SANITARYWARE LTD,6344.5,6391.0,6260.5,6291.0,6339.5,6323.5,,6291.0,,,3675,23253382.5,1659,F1,1,,,,,
2026-07-09,2026-07-09,CM,NSE,STK,29016,INE345B01019,CEREBRAINT,BZ,,,,,CEREBRA INT TECH LTD,3.18,3.2,3.0,3.19,3.2,3.05,,3.19,,,121366,381973.93,145,F1,1,,,,,
2026-07-09,2026-07-09,CM,NSE,STK,628,INE486A01021,CESC,EQ,,,,,CESC LTD,164.09,164.29,161.95,162.88,163.42,163.78,,162.87,,,1065513,173811583.86,21071,F1,1,,,,,
2026-07-09,2026-07-09,CM,NSE,STK,760,INE067A01029,CGPOWER,EQ,,,,,CG POWER AND IND SOL LTD,910.8,922.6,903.05,910.9,911.35,908.1,,910.9,,,4205285,3828962305.4,84910,F1,1,,,,,
2026-07-09,2026-07-09,CM,NSE,STK,8546,INE427F01016,CHALET,EQ,,,,,CHALET HOTELS LIMITED,803.85,822.95,797.25,819.05,821.1,799.9,,819.0,,,72149,58979430.0,4810,F1,1,,,,,
2026-07-09,2026-07-09,CM,NSE,STK,3482,INE419D01026,CLSEL,EQ,,,,,CHAMAN LAL SETIA EXP LTD,286.8,291.6,286.75,288.7,286.75,288.25,,288.7,,,34280,9905682.1,1003,F1,1,,,,,
2026-07-09,2026-07-09,CM,NSE,STK,13731,INE06PV01010,CMNL,SM,,,,,CHAMAN METALLICS LIMITED,100.0,100.0,98.05,99.0,99.0,102.2,,99.0,,,6750,667537.5,6,F1,750,,,,,
2026-07-09,2026-07-09,CM,NSE,STK,637,INE085A01013,CHAMBLFERT,EQ,,,,,CHAMBAL FERTILIZERS LTD,455.05,458.7,451.0,453.85,455.0,451.0,,453.85,,,224044,102158103.75,8588,F1,1,,,,,
2026-07-09,2026-07-09,CM,NSE,STK,29541,INE11HG01018,CHAMUNDA,SM,,,,,CHAMUNDA ELECTRICAL LTD,44.8,44.8,43.05,44.45,44.45,44.2,,44.45,,,9000,396900.0,3,F1,3000,,,,,
2026-07-09,2026-07-09,CM,NSE,STK,29633,INE0B2N01016,CHANDAN,SM,,,,,CHANDAN HEALTHCARE LTD,247.5,255.85,246.25,254.1,255.0,242.1,,254.1,,,43200,10887640.0,52,F1,800,,,,,
2026-07-09,2026-07-09,CM,NSE,STK,18654,INE0PT101017,CHAVDA,SM,,,,,CHAVDA INFRA LIMITED,87.85,89.5,87.75,88.6,88.0,87.75,,88.6,,,7000,617850.0,5,F1,1000,,,,,
2026-07-09,2026-07-09,CM,NSE,STK,757991,INE0TGX01019,CHEMBONDCH,BE,,,,,CHEMBOND CHEMICAL LIMITED,237.1,237.5,226.25,231.56,230.0,237.1,,233.67,,,9029,2100406.51,156,F1,1,,,,,
2026-07-09,2026-07-09,CM,NSE,STK,14620,INE995D01025,CHEMBOND,BE,,,,,CHEMBOND MATERIALTECH LTD,180.0,183.82,176.2,179.83,178.95,183.78,,179.83,,,1275,227540.97,56,F1,1,,,,,
2026-07-09,2026-07-09,CM,NSE,STK,276,INE03YM01018,CHEMCON,BE,,,,,CHEMCON SPECIAL CHEM LTD,181.1,184.0,179.0,182.91,183.39,181.0,,182.91,,,10515,1913430.54,196,F1,1,,,,,
2026-07-09,2026-07-09,CM,NSE,STK,2815,INE783X01023,CHEMFAB,BE,,,,,CHEMFAB ALKALIS LIMITED,374.0,384.0,360.6,363.0,370.0,372.05,,363.0,,,3892,1458245.55,61,F1,1,,,,,
2026-07-09,2026-07-09,CM,NSE,STK,5449,INE488A01050,CHEMPLASTS,EQ,,,,,CHEMPLAST SANMAR LIMITED,198.0,204.01,197.65,198.51,200.0,198.07,,198.51,,,254871,51144124.57,8343,F1,1,,,,,
2026-07-09,2026-07-09,CM,NSE,STK,2049,INE178A01016,CHENNPETRO,EQ,,,,,CHENNAI PETROLEUM CORP LT,1124.0,1138.8,1108.2,1121.7,1130.0,1109.9,,1121.7,,,733602,825713368.4,25243,F1,1,,,,,
2026-07-09,2026-07-09,CM,NSE,STK,24628,INE0U1T01012,CHETANA,ST,,,,,CHETANA EDUCATION LIMITED,44.0,46.5,44.0,46.5,46.5,45.35,,46.5,,,3200,144800.0,2,F1,1600,,,,,
2026-07-09,2026-07-09,CM,NSE,STK,9879,INE974B01016,CHEVIOT,EQ,,,,,CHEVIOT COMPANY LIMITED,1105.0,1149.9,1105.0,1123.9,1120.0,1113.0,,1124.0,,,1922,2165795.4,167,F1,1,,,,,
2026-07-09,2026-07-09,CM,NSE,STK,8866,INE102B01014,CHOICEIN,EQ,,,,,CHOICE INTERNATIONAL LTD,791.0,837.0,787.55,830.45,825.0,769.1,,830.45,,,8696557,7121609137.0,109091,F1,1,,,,,
2026-07-09,2026-07-09,CM,NSE,STK,759610,INF2KCX01012,CHOICEGOLD,EQ,,,,,CHOICEAMC - CHOICEGOLD,140.28,142.99,140.28,141.95,142.48,140.35,,141.94,,,3723,527449.14,132,F1,1,,,,,
2026-07-09,2026-07-09,CM,NSE,STK,21740,INE149A01033,CHOLAHLDNG,EQ,,,,,CHOLAMANDALAM FIN HOL LTD,1651.0,1663.0,1641.7,1652.2,1649.9,1663.1,,1652.3,,,51478,85190085.0,8838,F1,1,,,,,
2026-07-09,2026-07-09,CM,NSE,STK,685,INE121A01024,CHOLAFIN,EQ,,,,,CHOLAMANDALAM IN & FIN CO,1767.0,1805.9,1755.3,1791.9,1803.0,1769.4,,1791.9,,,1291022,2302527263.0,56166,F1,1,,,,,
2026-07-09,2026-07-09,CM,NSE,STK,14937,INE536H01010,CIEINDIA,EQ,,,,,CIE AUTOMOTIVE INDIA LTD,453.4,465.5,451.1,461.85,462.75,451.1,,461.85,,,185736,85714871.1,10271,F1,1,,,,,
2026-07-09,2026-07-09,CM,NSE,STK,27161,INE704H01022,CINELINE,EQ,,,,,CINELINE INDIA LIMITED,79.68,81.84,79.65,79.96,79.65,79.97,,79.96,,,9400,753829.3,153,F1,1,,,,,
2026-07-09,2026-07-09,CM,NSE,STK,8024,INE039B01026,CINEVISTA,EQ,,,,,CINEVISTA LIMITED,15.67,15.97,15.21,15.48,15.65,15.67,,15.47,,,24575,381703.92,229,F1,1,,,,,
2026-07-09,2026-07-09,CM,NSE,STK,694,INE059A01026,CIPLA,EQ,,,,,CIPLA LTD,1430.0,1454.8,1426.4,1441.3,1443.6,1431.8,,1441.3,,,947375,1368661888.9,67648,F1,1,,,,,
2026-07-09,2026-07-09,CM,NSE,STK,763149,INE2Q7823014,CITIUSINVT,IV,,,,,CITIUS TRANSNET INV TRUST,107.01,107.79,107.01,107.31,107.3,107.01,,107.31,,,46374,4980206.02,778,F1,1,,,,,
2026-07-09,2026-07-09,CM,NSE,STK,5701,INE491A01021,CUB,EQ,,,,,CITY UNION BANK LTD,222.7,231.0,217.55,229.09,230.4,220.08,,229.09,,,2994116,676211657.45,41373,F1,1,,,,,
2026-07-09,2026-07-09,CM,NSE,STK,20233,INE201M01029,CLEDUCATE,BE,,,,,CL EDUCATE LIMITED,57.49,58.19,57.49,58.19,58.19,57.05,,56.3,,,16337,943709.39,61,F1,1,,,,,
2026-07-09,2026-07-09,CM,NSE,STK,758739,INE0UQ601012,CLASSICEIL,ST,,,,,CLASSIC ELECTRODE (IND) L,50.6,54.5,49.4,52.55,50.0,52.0,,52.55,,,72000,3638000.0,41,F1,1600,,,,,
2026-07-09,2026-07-09,CM,NSE,STK,754695,INE1QGM01024,CLAYCRAFT,SM,,,,,CLAY CRAFT INDIA LIMITED,180.5,186.7,177.0,177.9,179.6,179.85,,177.9,,,81000,14639490.0,115,F1,600,,,,,
2026-07-09,2026-07-09,CM,NSE,STK,760183,INE647U01026,CLEANMAX,EQ,,,,,CLEAN MAX ENVIRO EN SOL L,1270.7,1340.8,1270.0,1327.1,1330.0,1254.8,,1327.1,,,278560,366318832.5,18611,F1,1,,,,,
2026-07-09,2026-07-09,CM,NSE,STK,5049,INE227W01023,CLEAN,EQ,,,,,CLEAN SCIENCE & TECH LTD,774.95,776.65,760.1,764.45,765.5,767.9,,764.55,,,160740,123706946.95,9435,F1,1,,,,,
2026-07-09,2026-07-09,CM,NSE,STK,760143,INE1EF801010,CSSL,SM,,,,,CLEAR SECURED SERVICES L,95.0,106.95,95.0,104.35,102.1,93.55,,104.35,,,79000,8223900.0,69,F1,1000,,,,,
2026-07-09,2026-07-09,CM,NSE,STK,30893,INE00WV01027,CMRGREEN,EQ,,,,,CMR GREEN TECHNOLOGIES L,232.4,234.75,223.05,224.65,224.0,230.4,,224.65,,,1413756,323381352.95,14120,F1,1,,,,,
2026-07-09,2026-07-09,CM,NSE,STK,7603,INE925R01014,CMSINFO,EQ,,,,,CMS INFO SYSTEMS LIMITED,267.0,267.75,255.15,257.9,260.0,263.85,,257.9,,,1065411,277275092.55,23749,F1,1,,,,,
2026-07-09,2026-07-09,CM,NSE,STK,20374,INE522F01014,COALINDIA,EQ,,,,,COAL INDIA LTD,432.45,435.8,428.85,429.9,429.95,429.05,,429.9,,,2855525,1234183375.75,61301,F1,1,,,,,
2026-07-09,2026-07-09,CM,NSE,STK,6006,INE377E01024,COASTCORP,EQ,,,,,COASTAL CORPORATION LTD,49.01,50.67,47.71,49.92,50.55,48.65,,49.92,,,177550,8749654.76,2754,F1,1,,,,,
2026-07-09,2026-07-09,CM,NSE,STK,21508,INE704P01025,COCHINSHIP,EQ,,,,,COCHIN SHIPYARD LIMITED,1410.5,1439.0,1402.1,1406.7,1410.0,1404.1,,1406.7,,,2392180,3393336105.7,48262,F1,1,,,,,
2026-07-09,2026-07-09,CM,NSE,STK,11169,INE335K01011,COFFEEDAY,BE,,,,,COFFEE DAY ENTERPRISE LTD,31.92,32.9,31.5,32.04,31.7,31.83,,32.04,,,474959,15206703.23,1029,F1,1,,,,,
2026-07-09,2026-07-09,CM,NSE,STK,11543,INE591G01025,COFORGE,EQ,,,,,COFORGE LIMITED,1450.0,1479.2,1427.8,1468.6,1471.9,1445.9,,1468.6,,,1647511,2408994551.4,64302,F1,1,,,,,
2026-07-09,2026-07-09,CM,NSE,STK,17945,INE03QK01018,COHANCE,EQ,,,,,COHANCE LIFESCIENCES LTD,432.55,448.0,425.1,440.15,441.4,430.8,,440.2,,,454022,199550413.0,17798,F1,1,,,,,
2026-07-09,2026-07-09,CM,NSE,STK,15141,INE259A01022,COLPAL,EQ,,,,,COLGATE PALMOLIVE LTD.,2028.0,2073.8,2028.0,2063.0,2063.9,2020.1,,2063.0,,,271151,557659595.8,27807,F1,1,,,,,
2026-07-09,2026-07-09,CM,NSE,STK,762628,INE819A01049,COMFINTE,EQ,,,,,COMFORT INTECH LTD.,5.69,5.8,5.28,5.71,5.8,5.58,,5.72,,,198142,1125373.88,488,F1,1,,,,,
2026-07-09,2026-07-09,CM,NSE,STK,21578,INE073V01015,COMSYN,EQ,,,,,COMMERCIAL SYN BAGS LTD,191.02,199.0,189.25,190.87,190.7,191.61,,190.83,,,658005,127966323.05,4159,F1,1,,,,,
2026-07-09,2026-07-09,CM,NSE,STK,19516,INE597Z01014,COMMITTED,ST,,,,,COMMITTED CARGO CARE LTD,327.0,338.0,327.0,338.0,338.0,338.0,,338.0,,,1600,532000.0,2,F1,800,,,,,
2026-07-09,2026-07-09,CM,NSE,STK,19670,INE070C01037,COMPINFO,BZ,,,,,COMPUAGE INFOCOM LTD,1.28,1.28,1.18,1.21,1.21,1.24,,1.25,,,34477,41451.38,56,F1,1,,,,,
2026-07-09,2026-07-09,CM,NSE,STK,31138,INE453B01029,COMPUSOFT,EQ,,,,,COMPUCOM SOFTWARE LTD,13.59,13.95,13.46,13.51,13.46,13.46,,13.53,,,17396,236688.09,178,F1,1,,,,,
2026-07-09,2026-07-09,CM,NSE,STK,342,INE596I01020,CAMS,EQ,,,,,COMPUTER AGE MNGT SER LTD,749.5,779.6,747.0,775.7,778.0,749.8,,775.1,,,1310918,1007129340.2,63210,F1,1,,,,,
2026-07-09,2026-07-09,CM,NSE,STK,18060,INE338H01029,CONCORDBIO,EQ,,,,,CONCORD BIOTECH LIMITED,1250.1,1311.2,1250.1,1305.4,1311.2,1259.8,,1305.4,,,121847,158359261.0,12041,F1,1,,,,,
2026-07-09,2026-07-09,CM,NSE,STK,28764,INE037Z01029,CEWATER,EQ,,,,,CONCORD ENVIRO SYSTEMS L,309.05,323.1,309.05,319.5,322.1,308.3,,319.5,,,84442,26746232.9,3584,F1,1,,,,,
2026-07-09,2026-07-09,CM,NSE,STK,10238,INE552D01024,CONFIPET,EQ,,,,,CONFIDENCE PETRO IND LTD.,69.39,73.18,69.39,72.32,72.23,69.29,,72.32,,,1331851,95792280.49,7233,F1,1,,,,,
2026-07-09,2026-07-09,CM,NSE,STK,758453,INE0EAS01014,CONNPLEX,SM,,,,,CONNPLEX CINEMAS LIMITED,202.0,204.0,202.0,202.5,202.5,200.15,,202.5,,,8800,1787400.0,11,F1,800,,,,,
2026-07-09,2026-07-09,CM,NSE,STK,14992,INE429I01024,CCCL,EQ,,,,,CONS. CONST. CONSORT LTD,15.71,17.0,15.42,16.49,16.26,15.48,,16.48,,,399995,6415558.41,1159,F1,1,,,,,
2026-07-09,2026-07-09,CM,NSE,STK,11731,INE025A01027,CONSOFINVT,EQ,,,,,CONSO. FIN. & HOLD. LTD.,252.0,263.99,248.99,261.44,262.45,247.76,,261.44,,,140649,36372495.7,2535,F1,1,,,,,
2026-07-09,2026-07-09,CM,NSE,STK,4749,INE111A01025,CONCOR,EQ,,,,,CONTAINER CORP OF IND LTD,452.05,460.2,452.05,457.1,458.0,451.4,,457.1,,,511426,233928408.55,12589,F1,1,,,,,
2026-07-09,2026-07-09,CM,NSE,STK,2531,INE340Z01019,CONTI,SM,,,,,CONTINENTAL SEED CHEM LTD,11.9,11.9,11.9,11.9,11.9,11.35,,11.9,,,3333,39662.7,1,F1,3333,,,,,
2026-07-09,2026-07-09,CM,NSE,STK,17477,INE663B01015,CONTROLPR,EQ,,,,,CONTROL PRINT LIMITED,647.4,668.55,641.5,646.3,644.0,653.0,,646.2,,,25270,16526561.2,1978,F1,1,,,,,
2026-07-09,2026-07-09,CM,NSE,STK,8567,INE0HS001028,COOLCAPS,ST,,,,,COOL CAPS INDUSTRIES LTD,24.95,25.6,23.65,25.0,25.0,24.5,,25.0,,,66250,1644812.5,28,F1,1250,,,,,
2026-07-09,2026-07-09,CM,NSE,STK,4007,INE558D01021,CORALFINAC,EQ,,,,,CORAL INDIA FIN & HOUS LT,34.0,34.99,33.1,34.3,34.85,33.36,,34.3,,,9726,333941.86,213,F1,1,,,,,
2026-07-09,2026-07-09,CM,NSE,STK,15275,INE792I01017,CORDSCABLE,BE,,,,,CORDS CABLE INDUS LTD.,205.0,208.0,197.0,204.4,204.65,202.92,,204.75,,,11054,2251103.22,155,F1,1,,,,,
2026-07-09,2026-07-09,CM,NSE,STK,739,INE169A01031,COROMANDEL,EQ,,,,,COROMANDEL INTERNTL. LTD,2010.2,2051.0,2003.1,2014.3,2010.0,2009.0,,2014.3,,,219341,444719579.3,29326,F1,1,,,,,
2026-07-09,2026-07-09,CM,NSE,STK,760254,INE02ZQ01018,CORONA,EQ,,,,,CORONA REMEDIES LIMITED,1985.0,2046.1,1984.9,2022.8,2027.2,1979.4,,2022.8,,,11366,22984764.4,2309,F1,1,,,,,
2026-07-09,2026-07-09,CM,NSE,STK,742,INE757A01017,COSMOFIRST,EQ,,,,,COSMO FIRST LIMITED,815.0,839.0,811.55,817.65,815.0,811.3,,817.65,,,72271,59541864.55,3850,F1,1,,,,,
2026-07-09,2026-07-09,CM,NSE,STK,6385,INE652F01027,CCHHL,EQ,,,,,COUNTRY CLUB HOSP HOL LTD,12.75,12.99,12.53,12.82,12.89,12.6,,12.84,,,9090,116468.25,81,F1,1,,,,,
2026-07-09,2026-07-09,CM,NSE,STK,16986,INE695B01025,COUNCODOS,EQ,,,,,COUNTRY CONDO S LIMITED,5.23,5.23,5.01,5.12,5.15,5.1,,5.11,,,78063,404090.88,208,F1,1,,,,,
2026-07-09,2026-07-09,CM,NSE,STK,20090,INE521J01018,CPCAP,BE,,,,,CP CAPITAL LIMITED,112.95,116.4,112.95,115.27,115.48,112.67,,115.27,,,42647,4894312.37,140,F1,1,,,,,
2026-07-09,2026-07-09,CM,NSE,STK,2328,INF457M01133,CPSEETF,EQ,,,,,CPSE ETF,97.8,97.8,95.33,95.57,95.64,95.92,,95.57,,,787296,75529065.18,7400,F1,1,,,,,
2026-07-09,2026-07-09,CM,NSE,STK,2854,INE00LO01017,CRAFTSMAN,EQ,,,,,CRAFTSMAN AUTOMATION LTD,9208.0,9360.0,9100.0,9282.5,9320.0,9181.5,,9282.5,,,55734,515797923.5,8832,F1,1,,,,,
2026-07-09,2026-07-09,CM,NSE,STK,16419,INE0OFK01019,CRAYONS,SM,,,,,CRAYONS ADVERTISING LTD,28.8,28.8,28.8,28.8,28.8,27.7,,28.8,,,1000,28800.0,1,F1,1000,,,,,
2026-07-09,2026-07-09,CM,NSE,STK,9384,INE230B01021,CREATIVEYE,EQ,,,,,CREATIVE EYE LIMITED,6.1,6.7,6.1,6.58,6.4,6.42,,6.54,,,2868,18381.91,58,F1,1,,,,,
2026-07-09,2026-07-09,CM,NSE,STK,23468,INE0R7401011,CGRAPHICS,SM,,,,,CREATIVE GRAPHICS S IND L,141.0,141.95,138.15,138.6,138.9,141.5,,138.6,,,96000,13430240.0,77,F1,800,,,,,
2026-07-09,2026-07-09,CM,NSE,STK,11155,INE985W01018,CNL,EQ,,,,,CREATIVE NEWTECH LIMITED,787.9,899.0,785.8,842.15,840.0,785.25,,842.2,,,3429980,2979865359.65,94108,F1,1,,,,,
2026-07-09,2026-07-09,CM,NSE,STK,4421,INE741K01010,CREDITACC,EQ,,,,,CREDITACCESS GRAMEEN LTD,1542.0,1559.8,1524.1,1546.1,1543.0,1536.7,,1546.1,,,261391,403602118.2,24314,F1,1,,,,,
2026-07-09,2026-07-09,CM,NSE,STK,20878,INE220Q01020,MUFTI,EQ,,,,,CREDO BRANDS MARKETING L,84.25,86.08,83.59,84.8,85.2,84.25,,84.8,,,73288,6218748.63,1379,F1,1,,,,,
2026-07-09,2026-07-09,CM,NSE,STK,13900,INE559D01011,CREST,EQ,,,,,CREST VENTURES LIMITED,366.3,374.0,365.3,369.2,370.0,364.35,,369.2,,,9028,3332256.2,155,F1,1,,,,,
2026-07-09,2026-07-09,CM,NSE,STK,757,INE007A01025,CRISIL,EQ,,,,,CRISIL LTD,3915.0,4066.1,3888.1,4054.7,4060.0,3871.8,,4054.7,,,92290,367754417.7,14377,F1,1,,,,,
2026-07-09,2026-07-09,CM,NSE,STK,757850,INE0S4R01014,CRIZAC,EQ,,,,,CRIZAC LIMITED,196.95,199.74,195.51,198.33,199.0,195.11,,198.33,,,125693,24872220.03,4188,F1,1,,,,,
2026-07-09,2026-07-09,CM,NSE,STK,17094,INE299U01018,CROMPTON,EQ,,,,,CROMPT GREA CON ELEC LTD,262.0,265.2,257.8,259.0,259.25,258.9,,259.0,,,1877083,488179884.75,23799,F1,1,,,,,
2026-07-09,2026-07-09,CM,NSE,STK,18260,INE00NH01017,CLSL,SM,,,,,CROP LIFE SCIENCE LIMITED,48.0,48.0,48.0,48.0,48.0,48.0,,48.0,,,2000,96000.0,1,F1,2000,,,,,
2026-07-09,2026-07-09,CM,NSE,STK,8083,INE491V01019,CROWN,EQ,,,,,CROWN LIFTERS LIMITED,114.2,114.95,112.0,113.18,113.99,110.34,,113.18,,,3144,357792.1,73,F1,1,,,,,
2026-07-09,2026-07-09,CM,NSE,STK,14966,INE679A01013,CSBBANK,EQ,,,,,CSB BANK LIMITED,349.0,353.7,348.95,351.05,352.1,350.75,,351.05,,,201595,70845383.8,13290,F1,1,,,,,
2026-07-09,2026-07-09,CM,NSE,STK,10350,INE718F01018,CSLFINANCE,EQ,,,,,CSL FINANCE LIMITED,222.0,227.48,217.61,226.71,227.48,214.07,,226.74,,,52569,11747371.66,814,F1,1,,,,,
2026-07-09,2026-07-09,CM,NSE,STK,763754,INE0ZK601013,CSM,BE,,,,,CSM TECHNOLOGIES LIMITED,102.0,102.0,95.55,99.17,100.9,100.46,,99.69,,,250081,24458676.25,2402,F1,1,,,,,
2026-07-09,2026-07-09,CM,NSE,STK,15078,INE0NR623014,CUBEINVIT,IV,,,,,CUBE HIGHWAYS TRUST,157.0,157.0,157.0,157.0,157.0,156.0,,157.0,,,25000,3925000.0,1,F1,25000,,,,,
2026-07-09,2026-07-09,CM,NSE,STK,4064,INE144D01012,CUBEXTUB,EQ,,,,,CUBEX TUBINGS LTD,78.2,83.3,77.04,81.23,81.4,76.29,,81.26,,,131992,10720790.27,2291,F1,1,,,,,
2026-07-09,2026-07-09,CM,NSE,STK,1901,INE298A01020,CUMMINSIND,EQ,,,,,CUMMINS INDIA LTD,5506.0,5566.5,5492.0,5542.5,5530.5,5498.5,,5542.5,,,295533,1636578691.5,27896,F1,1,,,,,
2026-07-09,2026-07-09,CM,NSE,STK,18520,INE509F01029,CUPID,EQ,,,,,CUPID LIMITED,196.0,216.86,196.0,210.01,214.52,196.98,,210.0,,,104267938,21815830584.72,542973,F1,1,,,,,
2026-07-09,2026-07-09,CM,NSE,STK,30189,INE117B01020,CURAA,EQ,,,,,CURA TECHNOLOGIES LIMITED,76.93,77.85,74.2,75.0,74.98,76.93,,75.0,,,2165,162628.05,51,F1,1,,,,,
2026-07-09,2026-07-09,CM,NSE,STK,758964,INE1CRQ01014,CURRENT,SM,,,,,CURRENT INFRAPROJECTS LTD,109.0,109.0,99.0,100.95,100.95,105.85,,100.95,,,27200,2768240.0,17,F1,1600,,,,,
2026-07-09,2026-07-09,CM,NSE,STK,11845,INE278G01037,CYBERMEDIA,BE,,,,,CYBER MEDIA (INDIA) LTD.,15.51,16.27,15.51,16.21,16.21,16.28,,16.21,,,1320,20675.59,18,F1,1,,,,,
2026-07-09,2026-07-09,CM,NSE,STK,11447,INE075Z01011,CMRSL,SM,,,,,CYBER MEDIA RES & SER LTD,67.85,67.85,67.85,67.85,67.85,67.85,,67.85,,,800,54280.0,1,F1,800,,,,,
2026-07-09,2026-07-09,CM,NSE,STK,6054,INE214A01019,CYBERTECH,BE,,,,,CYBERTECH SYSTEMS & SOFTW,141.05,144.95,137.75,139.03,139.24,139.6,,139.03,,,16011,2250957.06,206,F1,1,,,,,
2026-07-09,2026-07-09,CM,NSE,STK,17187,INE055S01018,CYIENTDLM,EQ,,,,,CYIENT DLM LIMITED,525.95,548.0,525.95,538.3,540.0,521.1,,538.35,,,339633,183105267.65,11130,F1,1,,,,,
2026-07-09,2026-07-09,CM,NSE,STK,5748,INE136B01020,CYIENT,EQ,,,,,CYIENT LIMITED,835.0,839.0,825.0,830.65,832.0,834.85,,830.6,,,332859,276780887.5,15871,F1,1,,,,,
2026-07-09,2026-07-09,CM,NSE,STK,6249,INE0GN101014,DKEGL,SM,,,,,D K ENTERPRISES GLOBAL L,67.95,67.95,67.95,67.95,67.95,63.05,,67.95,,,1500,101925.0,1,F1,1500,,,,,
2026-07-09,2026-07-09,CM,NSE,STK,16902,INE864X01013,DPWIRES,BE,,,,,D P WIRES LIMITED,180.0,184.99,180.0,180.65,180.7,181.67,,180.76,,,7499,1358572.3,164,F1,1,,,,,
2026-07-09,2026-07-09,CM,NSE,STK,17851,INE250K01012,DLINKINDIA,EQ,,,,,D-LINK INDIA LTD,541.05,549.2,541.05,546.05,547.9,538.25,,546.05,,,756223,413144255.6,11630,F1,1,,,,,
2026-07-09,2026-07-09,CM,NSE,STK,936,INE266Y01019,DPABHUSHAN,EQ,,,,,D. P. ABHUSHAN LIMITED,1080.0,1180.0,1079.0,1151.05,1165.0,1076.05,,1151.0,,,331730,378361105.2,27284,F1,1,,,,,
2026-07-09,2026-07-09,CM,NSE,STK,17881,INE950I01011,DBCORP,EQ,,,,,D.B.CORP LTD,197.56,227.95,197.1,201.43,201.0,197.56,,201.43,,,13680305,2966033043.51,122340,F1,1,,,,,
2026-07-09,2026-07-09,CM,NSE,STK,772,INE016A01026,DABUR,EQ,,,,,DABUR INDIA LTD,437.5,449.45,437.0,443.15,443.0,436.55,,443.15,,,1477623,656779960.3,21067,F1,1,,,,,
2026-07-09,2026-07-09,CM,NSE,STK,762636,INE928C01010,DAICHI,BE,,,,,DAI-ICHI KARKARIA LTD.,314.9,319.9,297.2,316.9,315.5,310.3,,315.9,,,1050,322771.85,39,F1,1,,,,,
2026-07-09,2026-07-09,CM,NSE,STK,8075,INE00R701025,DALBHARAT,EQ,,,,,DALMIA BHARAT LIMITED,1730.0,1754.5,1721.7,1742.3,1745.1,1718.4,,1742.3,,,205888,358656547.1,13928,F1,1,,,,,
2026-07-09,2026-07-09,CM,NSE,STK,781,INE495A01022,DALMIASUG,EQ,,,,,DALMIA BHARAT SUG IN LTD,355.1,366.5,355.05,360.55,362.0,354.75,,360.55,,,110457,39802049.95,3200,F1,1,,,,,
2026-07-09,2026-07-09,CM,NSE,STK,28662,INE284H01025,DAMCAPITAL,EQ,,,,,DAM CAPITAL ADVISORS LTD,146.12,154.5,146.12,151.53,152.2,145.52,,151.53,,,386723,58601907.76,5885,F1,1,,,,,
2026-07-09,2026-07-09,CM,NSE,STK,17569,INE497D01022,DAMODARIND,BE,,,,,DAMODAR INDUSTRIES LTD,31.11,31.75,30.3,31.49,31.49,31.8,,31.49,,,1374,42302.97,27,F1,1,,,,,
2026-07-09,2026-07-09,CM,NSE,STK,1110,INE688Y01022,DANGEE,EQ,,,,,DANGEE DUMS LIMITED,3.14,3.29,3.12,3.15,3.17,3.14,,3.15,,,58218,185054.41,111,F1,1,,,,,
2026-07-09,2026-07-09,CM,NSE,STK,25927,INE0YU901016,DANISH,SM,,,,,DANISH POWER LIMITED,906.75,950.0,906.75,942.15,942.0,891.7,,942.15,,,12750,11946675.0,79,F1,150,,,,,
2026-07-09,2026-07-09,CM,NSE,STK,757107,INE04Q901010,DCCL,SM,,,,,DAR CREDIT & CAPITAL LTD,41.95,41.95,41.95,41.95,41.95,41.95,,41.95,,,2000,83900.0,1,F1,2000,,,,,
2026-07-09,2026-07-09,CM,NSE,STK,7358,INE0IX101010,DATAPATTNS,EQ,,,,,DATA PATTERNS INDIA LTD,4306.0,4385.0,4270.0,4284.0,4286.9,4290.3,,4284.1,,,538979,2320970494.9,41627,F1,1,,,,,
2026-07-09,2026-07-09,CM,NSE,STK,11423,INE365B01017,DATAMATICS,EQ,,,,,DATAMATICS GLOBAL SER LTD,852.6,888.0,852.6,863.8,867.0,848.15,,863.8,,,387245,338856363.7,14004,F1,1,,,,,
2026-07-09,2026-07-09,CM,NSE,STK,21794,INE179G01029,DAVANGERE,EQ,,,,,DAVANGERE SUGAR COMPANY L,3.56,3.64,3.56,3.57,3.58,3.56,,3.57,,,3341329,11972486.79,1444,F1,1,,,,,
2026-07-09,2026-07-09,CM,NSE,STK,31107,INE921B01025,DBSTOCKBRO,EQ,,,,,DB (INT) STOCK BROKERS,44.9,47.5,41.4,42.3,41.55,44.67,,42.4,,,332356,14791861.24,2512,F1,1,,,,,
2026-07-09,2026-07-09,CM,NSE,STK,11568,INE0A1101019,DCI,BE,,,,,DC INFOTECH AND COMUN LTD,280.95,294.9,275.2,285.3,288.85,281.65,,285.3,,,2536,726133.0,64,F1,1,,,,,
2026-07-09,2026-07-09,CM,NSE,STK,13725,INE503A01015,DCBBANK,EQ,,,,,DCB BANK LIMITED,181.15,187.5,181.15,186.01,187.5,180.0,,186.01,,,601717,110933526.58,14924,F1,1,,,,,
2026-07-09,2026-07-09,CM,NSE,STK,23520,INE0S8401018,DCG,SM,,,,,DCG CABLES & WIRES LTD,48.55,50.5,48.55,50.0,50.0,50.0,,50.0,,,12000,592440.0,10,F1,1200,,,,,
2026-07-09,2026-07-09,CM,NSE,STK,8704,INE891B01012,DCMFINSERV,BE,,,,,DCM FINANCIAL SERVICES LT,5.33,5.33,5.33,5.33,5.33,5.33,,5.29,,,3758,20030.14,8,F1,1,,,,,
2026-07-09,2026-07-09,CM,NSE,STK,7323,INE498A01018,DCM,BE,,,,,DCM LIMITED,96.0,102.0,96.0,100.06,100.0,97.42,,100.06,,,24234,2436898.37,147,F1,1,,,,,
2026-07-09,2026-07-09,CM,NSE,STK,11041,INE08KP01019,DCMNVL,BE,,,,,DCM NOUVELLE LIMITED,153.59,153.59,147.0,147.77,147.55,146.29,,147.77,,,159,23647.37,11,F1,1,,,,,
2026-07-09,2026-07-09,CM,NSE,STK,760893,INE0OFM01015,DSFCL,BE,,,,,DCM SHRIRAM FINE CHEM LTD,24.44,24.44,23.5,23.53,23.78,24.08,,23.52,,,82794,1956250.85,217,F1,1,,,,,
2026-07-09,2026-07-09,CM,NSE,STK,7325,INE843D01027,DCMSRIND,EQ,,,,,DCM SHRIRAM IND LTD,41.31,43.18,40.6,41.19,40.86,42.07,,41.2,,,171391,7158648.09,1297,F1,1,,,,,
2026-07-09,2026-07-09,CM,NSE,STK,760898,INE0OU201013,DCMSIL,BE,,,,,DCM SHRIRAM INTERNATNL L,75.31,75.31,75.31,75.31,75.31,73.84,,77.01,,,15906,1197880.86,26,F1,1,,,,,
2026-07-09,2026-07-09,CM,NSE,STK,811,INE499A01024,DCMSHRIRAM,EQ,,,,,DCM SHRIRAM LIMITED,1040.6,1058.4,1040.6,1046.1,1044.1,1040.6,,1046.1,,,22655,23776972.4,4115,F1,1,,,,,
2026-07-09,2026-07-09,CM,NSE,STK,817,INE500A01029,DCW,EQ,,,,,DCW LTD,47.09,48.98,47.06,48.38,48.55,46.94,,48.38,,,1185686,57407441.88,5446,F1,1,,,,,
2026-07-09,2026-07-09,CM,NSE,STK,11895,INE0KL801015,DCXINDIA,EQ,,,,,DCX SYSTEMS LIMITED,195.02,199.0,193.42,196.71,197.3,193.92,,196.71,,,467506,92055607.63,6174,F1,1,,,,,
2026-07-09,2026-07-09,CM,NSE,STK,29098,INE0HR601026,DDEVPLSTIK,EQ,,,,,DDEV PLASTIKS IND LTD,275.0,280.95,275.0,277.1,277.8,273.9,,277.1,,,78223,21775078.1,2760,F1,1,,,,,
2026-07-09,2026-07-09,CM,NSE,STK,15449,INE0JWV01011,DENEERS,SM,,,,,DE NEERS TOOLS LIMITED,172.0,178.35,170.0,177.65,177.65,170.65,,177.65,,,12000,2073870.0,19,F1,600,,,,,
2026-07-09,2026-07-09,CM,NSE,STK,4279,INE244A01016,DENORA,EQ,,,,,DE NORA INDIA LIMITED,849.6,900.0,849.6,886.0,892.8,848.4,,886.0,,,7833,6966400.15,1028,F1,1,,,,,
2026-07-09,2026-07-09,CM,NSE,STK,14838,INE583C01021,DECCANCE,EQ,,,,,DECCAN CEMENTS LIMITED,557.25,582.25,557.25,574.4,569.05,564.8,,574.4,,,26880,15325408.1,740,F1,1,,,,,
2026-07-09,2026-07-09,CM,NSE,STK,762638,INE945F01025,DECNGOLD,EQ,,,,,DECCAN GOLD MINES LTD.,192.8,207.4,192.66,205.27,206.5,190.09,,205.21,,,3514094,709916567.24,28771,F1,1,,,,,
2026-07-09,2026-07-09,CM,NSE,STK,25421,INE0S7C01019,DECCANTRAN,SM,,,,,DECCAN TRANSCON LEASING L,24.0,24.0,23.0,23.0,23.0,22.3,,23.0,,,3600,85200.0,3,F1,1200,,,,,
2026-07-09,2026-07-09,CM,NSE,STK,24156,INE841L01016,DEEDEV,BE,,,,,DEE DEVELOPMENT ENG LTD,643.0,700.0,642.95,677.5,686.0,674.95,,677.05,,,111942,74628987.25,2662,F1,1,,,,,
2026-07-09,2026-07-09,CM,NSE,STK,22802,INE586O01011,DEEM,ST,,,,,DEEM ROLL TECH LIMITED,53.15,53.15,53.15,53.15,53.15,50.65,,53.15,,,1000,53150.0,1,F1,1000,,,,,
2026-07-09,2026-07-09,CM,NSE,STK,3292,INE0FHS01024,DEEPINDS,EQ,,,,,DEEP INDUSTRIES LIMITED,450.15,468.8,450.15,454.15,453.45,449.6,,454.2,,,210309,96898508.3,6496,F1,1,,,,,
2026-07-09,2026-07-09,CM,NSE,STK,25894,INE0OPA01027,DBEIL,BE,,,,,DEEPAK BUILDERS & ENG I L,7.88,8.18,7.7,7.96,8.04,8.1,,7.96,,,307951,2431194.73,532,F1,1,,,,,
2026-07-09,2026-07-09,CM,NSE,STK,827,INE501A01019,DEEPAKFERT,EQ,,,,,DEEPAK FERTILIZERS & PETR,1538.0,1561.5,1523.0,1546.2,1545.1,1521.0,,1546.2,,,153344,237616700.8,11468,F1,1,,,,,
2026-07-09,2026-07-09,CM,NSE,STK,19943,INE288B01029,DEEPAKNTR,EQ,,,,,DEEPAK NITRITE LTD,1571.4,1634.9,1571.4,1621.2,1624.9,1571.3,,1621.2,,,202711,327330254.6,16578,F1,1,,,,,
2026-07-09,2026-07-09,CM,NSE,STK,22527,INE0SK801018,DELAPLEX,SM,,,,,DELAPLEX LIMITED,98.0,100.45,98.0,100.45,100.45,100.0,,100.45,,,5400,534570.0,7,F1,600,,,,,
2026-07-09,2026-07-09,CM,NSE,STK,9599,INE148O01028,DELHIVERY,EQ,,,,,DELHIVERY LIMITED,505.0,520.4,505.0,515.65,515.2,501.8,,515.65,,,8003908,4125883800.9,94271,F1,1,,,,,
2026-07-09,2026-07-09,CM,NSE,STK,24395,INE726L01027,DELPHIFX,BE,,,,,DELPHI WORLD MONEY LTD,8.85,8.9,8.6,8.79,8.78,8.72,,8.79,,,666344,5865227.8,177,F1,1,,,,,
2026-07-09,2026-07-09,CM,NSE,STK,29095,INE0XRN01019,DELTIC,ST,,,,,DELTA AUTOCORP LIMITED,31.65,34.0,31.65,33.0,33.0,32.85,,33.0,,,13000,424300.0,10,F1,1000,,,,,
2026-07-09,2026-07-09,CM,NSE,STK,15044,INE124G01033,DELTACORP,EQ,,,,,DELTA CORP LIMITED,63.49,67.8,62.71,64.81,64.58,62.81,,64.82,,,2877488,187585424.59,16726,F1,1,,,,,
2026-07-09,2026-07-09,CM,NSE,STK,1214,INE393A01011,DELTAMAGNT,EQ,,,,,DELTA MANUFACTURING LTD,61.81,61.81,58.1,58.71,58.71,60.79,,58.71,,,5119,303122.72,113,F1,1,,,,,
2026-07-09,2026-07-09,CM,NSE,STK,17722,INE947J01015,DEN,EQ,,,,,DEN NETWORKS LTD,28.19,28.75,28.02,28.41,28.37,27.99,,28.41,,,351395,9980539.78,1530,F1,1,,,,,
2026-07-09,2026-07-09,CM,NSE,STK,29256,INE0R4L01018,DENTA,EQ,,,,,DENTA WATER N INFRA SOL L,327.1,333.15,325.0,329.55,331.0,326.75,,329.55,,,210930,69413415.55,6013,F1,1,,,,,
2026-07-09,2026-07-09,CM,NSE,STK,759079,INE0VOV01021,DEVX,EQ,,,,,DEV ACCELERATOR LIMITED,34.3,35.19,34.3,34.7,34.97,34.63,,34.7,,,29325,1021976.05,244,F1,1,,,,,
2026-07-09,2026-07-09,CM,NSE,STK,8146,INE060X01034,DEVIT,EQ,,,,,DEV INFO TECHNOLOGY LTD,27.51,28.1,27.51,27.63,27.9,27.66,,27.62,,,13922,387882.58,179,F1,1,,,,,
2026-07-09,2026-07-09,CM,NSE,STK,5373,INE872J01023,DEVYANI,EQ,,,,,DEVYANI INTERNATIONAL LTD,112.73,113.87,111.6,111.81,111.84,112.73,,111.82,,,988901,111206469.26,9348,F1,1,,,,,
2026-07-09,2026-07-09,CM,NSE,STK,10895,INE0I3401014,DBOL,BE,,,,,DHAMPUR BIO ORGANICS LTD,109.7,112.0,107.01,109.8,110.57,109.55,,109.8,,,30863,3392183.07,171,F1,1,,,,,
2026-07-09,2026-07-09,CM,NSE,STK,857,INE041A01016,DHAMPURSUG,EQ,,,,,DHAMPUR SUGAR MILLS LTD.,140.25,144.0,140.25,141.81,143.11,140.69,,141.86,,,132143,18765964.63,2051,F1,1,,,,,
2026-07-09,2026-07-09,CM,NSE,STK,11359,INE680A01011,DHANBANK,EQ,,,,,DHANLAXMI BANK LIMITED,33.32,34.68,33.32,33.89,33.97,33.63,,33.89,,,1948829,66361033.19,6232,F1,1,,,,,
2026-07-09,2026-07-09,CM,NSE,STK,27723,INE0V9V01010,DHANLAXMI,SM,,,,,DHANLAXMI CROP SCIENCE L,25.5,25.5,25.5,25.5,25.5,25.5,,25.5,,,2000,51000.0,1,F1,2000,,,,,
2026-07-09,2026-07-09,CM,NSE,STK,24418,INE0M3I01029,DHANSA,ST,,,,,DHANSA LABS LIMITED,23.4,23.4,23.4,23.4,23.4,23.4,,23.4,,,2000,46800.0,1,F1,2000,,,,,
2026-07-09,2026-07-09,CM,NSE,STK,24409,INE435G01025,DHANUKA,EQ,,,,,DHANUKA AGRITECH LTD,1039.2,1069.0,1035.0,1037.4,1038.8,1036.6,,1037.4,,,29859,31312651.8,2694,F1,1,,,,,
2026-07-09,2026-07-09,CM,NSE,STK,760492,INE2HJL01019,DHARARAIL,ST,,,,,DHARA RAIL PROJECTS LTD,138.5,138.5,135.0,135.0,135.0,138.5,,135.0,,,16000,2163550.0,16,F1,1000,,,,,
2026-07-09,2026-07-09,CM,NSE,STK,759203,INE278R01034,DHARAN,BZ,,,,,DHARAN INFRA-EPC LIMITED,0.16,0.16,0.15,0.15,0.16,0.15,,0.15,,,6802146,1055471.41,1048,F1,1,,,,,
2026-07-09,2026-07-09,CM,NSE,STK,24747,INE0YRN01025,DHARIWAL,SM,,,,,DHARIWALCORP LIMITED,32.1,34.0,32.1,33.1,33.75,33.15,,33.1,,,15000,496200.0,5,F1,3000,,,,,
2026-07-09,2026-07-09,CM,NSE,STK,13001,INE00OQ01016,DHARMAJ,EQ,,,,,DHARMAJ CROP GUARD LTD,260.0,264.0,257.35,259.35,261.8,260.15,,259.35,,,36644,9530765.4,1369,F1,1,,,,,
2026-07-09,2026-07-09,CM,NSE,STK,6860,INE506Z01015,DHRUV,BE,,,,,DHRUV CONSULTANCY SER LTD,26.27,26.27,26.27,26.27,26.27,25.02,,26.27,,,4282,112488.14,35,F1,1,,,,,
2026-07-09,2026-07-09,CM,NSE,STK,22233,INE320L01011,DHUNINV,EQ,,,,,DHUNSERI INVESTMENTS LTD,979.6,999.55,952.05,960.3,954.2,965.1,,960.3,,,5815,5635946.1,477,F1,1,,,,,
2026-07-09,2026-07-09,CM,NSE,STK,6227,INE341R01014,DTIL,EQ,,,,,DHUNSERI TEA & IND. LTD.,138.16,140.9,135.16,136.11,136.0,137.41,,136.09,,,9983,1368625.75,294,F1,1,,,,,
2026-07-09,2026-07-09,CM,NSE,STK,15214,INE477B01010,DVL,EQ,,,,,DHUNSERI VENTURES LIMITED,238.7,242.89,236.3,240.98,241.84,237.44,,240.98,,,34244,8212037.2,509,F1,1,,,,,
2026-07-09,2026-07-09,CM,NSE,STK,18644,INE591D01014,DIAMINESQ,EQ,,,,,DIAMINES & CHEMICALS LTD,252.3,269.0,252.3,266.96,268.0,258.93,,266.96,,,7239,1918966.05,264,F1,1,,,,,
2026-07-09,2026-07-09,CM,NSE,STK,18543,INE989C01038,DIACABS,EQ,,,,,DIAMOND POWER INFRA LTD,236.0,251.8,234.01,239.2,239.0,231.33,,239.2,,,12547336,3054914978.63,90954,F1,1,,,,,
2026-07-09,2026-07-09,CM,NSE,STK,703,INE303A01010,DICIND,EQ,,,,,DIC INDIA LIMITED,514.0,525.0,493.05,516.9,524.75,498.35,,516.9,,,3063,1545687.45,234,F1,1,,,,,
2026-07-09,2026-07-09,CM,NSE,STK,24313,INE0JRD01019,DTL,SM,,,,,DIENSTEN TECH LIMITED,124.0,124.4,124.0,124.0,124.0,120.15,,124.0,,,3600,446880.0,3,F1,1200,,,,,
2026-07-09,2026-07-09,CM,NSE,STK,25672,INE184O01015,DIFFNKG,EQ,,,,,DIFFUSION ENGINEERS LTD,383.1,405.5,381.55,400.2,400.2,381.05,,400.2,,,128674,51225116.9,5126,F1,1,,,,,
2026-07-09,2026-07-09,CM,NSE,STK,10346,INE03JI01017,DGCONTENT,EQ,,,,,DIGICONTENT LIMITED,26.4,26.59,25.55,26.02,26.1,24.59,,26.02,,,31014,810206.71,256,F1,1,,,,,
2026-07-09,2026-07-09,CM,NSE,STK,21247,INE0PSC01024,DIGIDRIVE,EQ,,,,,DIGIDRIVE DISTRIBUTORS L,18.45,18.5,18.17,18.24,18.3,18.5,,18.24,,,14722,269354.26,137,F1,1,,,,,
2026-07-09,2026-07-09,CM,NSE,STK,19138,INE0QJ901011,DIGIKORE,SM,,,,,DIGIKORE STUDIOS LIMITED,55.3,55.3,50.65,52.45,51.85,54.55,,52.45,,,115600,6037420.0,163,F1,400,,,,,
2026-07-09,2026-07-09,CM,NSE,STK,16687,INE927C01020,DIGISPICE,BE,,,,,DIGISPICE TECHNOLOGIES LT,19.96,20.48,19.7,20.38,20.0,20.27,,20.38,,,72024,1453212.42,197,F1,1,,,,,
2026-07-09,2026-07-09,CM,NSE,STK,757515,INE0U4701011,DIGITIDE,EQ,,,,,DIGITIDE SOLUTIONS LTD,102.58,107.07,102.58,105.01,105.55,101.61,,105.01,,,999692,104488292.55,8197,F1,1,,,,,
2026-07-09,2026-07-09,CM,NSE,STK,6127,INE731U01028,DIGJAMLMTD,EQ,,,,,DIGJAM LTD,43.2,44.49,42.12,43.66,44.37,43.55,,43.66,,,2341,101662.86,44,F1,1,,,,,
2026-07-09,2026-07-09,CM,NSE,STK,641,INE016M01021,DNAMEDIA,EQ,,,,,DILIGENT MEDIA CORP LTD.,2.83,2.92,2.76,2.8,2.77,2.83,,2.8,,,91820,258110.93,183,F1,1,,,,,
2026-07-09,2026-07-09,CM,NSE,STK,18086,INE917M01012,DBL,EQ,,,,,DILIP BUILDCON LIMITED,418.8,425.4,416.8,424.0,424.5,418.85,,424.0,,,38160,16114086.5,2591,F1,1,,,,,
2026-07-09,2026-07-09,CM,NSE,STK,762643,INE131C01011,DISAQ,EQ,,,,,DISA INDIA LTD.,11950.0,12500.0,11501.0,12182.0,12460.0,11836.0,,12166.0,,,429,5116317.0,309,F1,1,,,,,
2026-07-09,2026-07-09,CM,NSE,STK,14540,INE836F01026,DISHTV,BE,,,,,DISH TV INDIA LTD.,2.97,2.98,2.9,2.93,2.92,2.92,,2.93,,,750722,2204939.77,877,F1,1,,,,,
2026-07-09,2026-07-09,CM,NSE,STK,21704,INE385W01011,DCAL,EQ,,,,,DISHMAN CARBO AMCIS LTD,190.01,197.87,190.01,192.83,192.5,191.27,,192.82,,,334999,65222085.76,5806,F1,1,,,,,
2026-07-09,2026-07-09,CM,NSE,STK,14479,INE753U01022,DIVGIITTS,EQ,,,,,DIVGI TORQTRANSFER SYST L,953.95,988.8,948.65,979.7,978.1,946.6,,979.75,,,51983,50734768.2,4506,F1,1,,,,,
2026-07-09,2026-07-09,CM,NSE,STK,10940,INE361B01024,DIVISLAB,EQ,,,,,DIVI S LABORATORIES LTD,6741.5,6945.0,6740.5,6813.0,6820.5,6755.0,,6813.0,,,356468,2446415738.0,40410,F1,1,,,,,
2026-07-09,2026-07-09,CM,NSE,STK,30262,INE0NA501011,DIVINEHIRA,ST,,,,,DIVINE HIRA JEWELLERS LTD,118.5,118.5,118.5,118.5,118.5,115.0,,118.5,,,1200,142200.0,1,F1,1200,,,,,
2026-07-09,2026-07-09,CM,NSE,STK,24286,INE0SCO01019,DPEL,SM,,,,,DIVINE POWER ENERGY LTD,559.0,576.0,559.0,574.1,576.0,556.4,,574.1,,,64000,36623625.0,121,F1,500,,,,,
2026-07-09,2026-07-09,CM,NSE,STK,25680,INE0QYI01019,DIVYADHAN,ST,,,,,DIVYADHAN RECYCLING IND L,52.65,52.65,52.65,52.65,52.65,53.7,,52.65,,,2000,105300.0,1,F1,2000,,,,,
2026-07-09,2026-07-09,CM,NSE,STK,21690,INE935N01020,DIXON,EQ,,,,,DIXON TECHNO (INDIA) LTD,13153.0,13600.0,13153.0,13477.0,13465.0,12934.0,,13478.0,,,825754,11132778360.0,121835,F1,1,,,,,
2026-07-09,2026-07-09,CM,NSE,STK,12749,INE0B1K01014,DJML,EQ,,,,,DJ MEDIAPRINT & LOG LTD,106.9,115.98,105.99,115.05,114.2,108.55,,115.1,,,539417,60928106.9,5821,F1,1,,,,,
2026-07-09,2026-07-09,CM,NSE,STK,14732,INE271C01023,DLF,EQ,,,,,DLF LIMITED,637.15,666.0,635.0,659.6,658.0,634.0,,659.6,,,6397185,4189278533.15,64622,F1,1,,,,,
2026-07-09,2026-07-09,CM,NSE,STK,6973,INE505A01010,DMCC,EQ,,,,,DMCC SPECIALITY CHEMICALS,254.35,270.0,252.55,267.85,268.9,256.05,,267.8,,,124500,32904844.05,2763,F1,1,,,,,
2026-07-09,2026-07-09,CM,NSE,STK,22533,INE0OGG01015,DHTL,SM,,,,,DOCMODE HEALTH TECH LTD,36.25,38.05,36.25,36.8,36.8,36.25,,36.8,,,3200,118320.0,3,F1,800,,,,,
2026-07-09,2026-07-09,CM,NSE,STK,4822,INE021O01019,DODLA,EQ,,,,,DODLA DAIRY LIMITED,1130.0,1135.0,1107.0,1119.8,1135.0,1120.4,,1119.8,,,8721,9734473.4,1989,F1,1,,,,,
2026-07-09,2026-07-09,CM,NSE,STK,12124,INE966A01022,DOLATALGO,EQ,,,,,DOLAT ALGOTECH LIMITED,70.0,71.9,70.0,71.08,70.8,70.53,,71.08,,,109745,7805363.7,1543,F1,1,,,,,
2026-07-09,2026-07-09,CM,NSE,STK,20560,INE325C01035,DOLLAR,EQ,,,,,DOLLAR INDUSTRIES LIMITED,266.15,273.3,264.65,267.4,268.5,266.15,,267.4,,,187420,50372182.0,5592,F1,1,,,,,
2026-07-09,2026-07-09,CM,NSE,STK,13323,INE0JHH01011,DOLLEX,SM,,,,,DOLLEX AGROTECH LIMITED,28.45,28.45,28.45,28.45,28.45,29.45,,28.45,,,4000,113800.0,1,F1,4000,,,,,
2026-07-09,2026-07-09,CM,NSE,STK,18139,INE920A01037,DOLPHIN,EQ,,,,,DOLPHIN OFF ENT (IND) L,390.0,416.0,379.4,385.65,387.3,382.65,,385.65,,,89800,35841075.9,3548,F1,1,,,,,
2026-07-09,2026-07-09,CM,NSE,STK,20551,INE321T01012,DOMS,EQ,,,,,DOMS INDUSTRIES LIMITED,2253.9,2340.0,2242.3,2322.1,2315.0,2247.9,,2322.1,,,44846,104067494.0,8470,F1,1,,,,,
2026-07-09,2026-07-09,CM,NSE,STK,13839,INE668D01028,DONEAR,EQ,,,,,DONEAR IND. LIMITED,84.61,86.19,84.27,84.51,85.8,84.61,,84.51,,,8155,692645.71,208,F1,1,,,,,
2026-07-09,2026-07-09,CM,NSE,STK,15423,INE360C01024,DPSCLTD,BE,,,,,DPSC LIMITED,7.53,7.6,7.43,7.49,7.47,7.43,,7.49,,,65141,488835.22,296,F1,1,,,,,
2026-07-09,2026-07-09,CM,NSE,STK,29452,INE943P01029,AGARWALEYE,EQ,,,,,DR AGARWALS HEALTH CARE L,478.0,493.95,475.0,485.6,485.1,477.85,,485.6,,,132963,64697562.8,9524,F1,1,,,,,
2026-07-09,2026-07-09,CM,NSE,STK,762648,INE934C01018,DRAGARWQ,EQ,,,,,DR. AGARWAL'S EYE HOSP L,4980.5,5039.5,4930.5,5012.0,5020.0,4908.0,,5011.0,,,279,1395069.0,159,F1,1,,,,,
2026-07-09,2026-07-09,CM,NSE,STK,11654,INE600L01024,LALPATHLAB,EQ,,,,,DR. LAL PATH LABS LTD.,1674.5,1696.5,1656.8,1684.6,1690.0,1653.5,,1684.6,,,253714,425774518.8,19764,F1,1,,,,,
2026-07-09,2026-07-09,CM,NSE,STK,881,INE089A01031,DRREDDY,EQ,,,,,DR. REDDY S LABORATORIES,1340.0,1349.0,1261.1,1269.5,1271.2,1349.0,,1269.5,,,8410883,10888562111.7,235306,F1,1,,,,,
2026-07-09,2026-07-09,CM,NSE,STK,2645,INE03RS01027,DRCSYSTEMS,EQ,,,,,DRC SYSTEMS INDIA LIMITED,14.14,14.14,13.7,13.79,13.82,13.71,,13.82,,,20732,287283.39,135,F1,1,,,,,
2026-07-09,2026-07-09,CM,NSE,STK,10859,INE0JS101016,DREAMFOLKS,EQ,,,,,DREAMFOLKS SERVICES LTD,66.94,69.5,66.52,67.98,67.71,67.18,,67.93,,,47557,3232197.15,1303,F1,1,,,,,
2026-07-09,2026-07-09,CM,NSE,STK,11271,INE506A01018,DREDGECORP,EQ,,,,,DREDGING CORP OF INDIA,1041.3,1066.2,1032.1,1056.2,1054.4,1026.8,,1056.2,,,89916,94706604.1,5309,F1,1,,,,,
2026-07-09,2026-07-09,CM,NSE,STK,17383,INE0P7201019,DRONE,ST,,,,,DRONE DESTINATION LIMITED,40.0,41.15,38.1,40.9,40.9,40.0,,40.9,,,30000,1193500.0,43,F1,500,,,,,
2026-07-09,2026-07-09,CM,NSE,STK,778,INE055C01020,KEEPLEARN,EQ,,,,,DSJ KEEP LEARNING LTD,1.83,1.87,1.82,1.83,1.86,1.8,,1.83,,,26416,48506.84,74,F1,1,,,,,
2026-07-09,2026-07-09,CM,NSE,STK,1927,INF740KA1EU7,LIQUIDETF,EQ,,,,,DSP LIQUID ETF,1000.0,1000.01,999.99,1000.0,1000.0,999.99,,1000.0,,,108380,108379736.39,197,F1,1,,,,,
2026-07-09,2026-07-09,CM,NSE,STK,761364,INF740KA1YH2,BANK10ADD,EQ,,,,,DSPAMC - BANK10ADD,17.25,17.29,17.19,17.23,17.26,17.13,,17.23,,,81499,1405624.27,65,F1,1,,,,,
2026-07-09,2026-07-09,CM,NSE,STK,13644,INF740KA1RX3,BANKADD,EQ,,,,,DSPAMC - DSPBANK,58.47,58.84,58.44,58.53,58.7,58.18,,58.54,,,9038,529585.11,87,F1,1,,,,,
2026-07-09,2026-07-09,CM,NSE,STK,15356,INF740KA1SW3,GOLDADD,EQ,,,,,DSPAMC - DSPGOLD,137.45,139.39,137.45,139.12,139.26,137.48,,139.12,,,86807,12055777.38,1013,F1,1,,,,,
2026-07-09,2026-07-09,CM,NSE,STK,17207,INF740KA1SX1,ITADD,EQ,,,,,DSPAMC - DSPIT,30.41,30.41,28.67,29.07,28.7,29.1,,29.07,,,38889,1128486.36,240,F1,1,,,,,
2026-07-09,2026-07-09,CM,NSE,STK,6606,INF740KA1QK2,EQUAL50ADD,EQ,,,,,DSPAMC - DSPNEWETF,338.13,340.78,338.0,338.85,338.0,338.01,,338.85,,,11825,4012116.6,254,F1,1,,,,,
2026-07-09,2026-07-09,CM,NSE,STK,7451,INF740KA1CL0,NIFTYADD,EQ,,,,,DSPAMC - DSPNIFTY,253.16,253.35,251.73,252.15,251.73,251.37,,252.15,,,11954,3019702.6,155,F1,1,,,,,
2026-07-09,2026-07-09,CM,NSE,STK,17616,INF740KA1SY9,PSUBANKADD,EQ,,,,,DSPAMC - DSPPSBKETF,81.98,83.27,81.96,82.97,83.25,81.9,,82.97,,,332417,27588718.87,351,F1,1,,,,,
2026-07-09,2026-07-09,CM,NSE,STK,17576,INF740KA1TA7,PVTBANKADD,EQ,,,,,DSPAMC - DSPPVBKETF,28.12,28.31,28.08,28.17,28.08,28.0,,28.17,,,22270621,627095800.16,694,F1,1,,,,,
2026-07-09,2026-07-09,CM,NSE,STK,7456,INF740KA1ZF3,MIDQ50ADD,EQ,,,,,DSPAMC - DSPQ50ETF,24.41,24.65,24.4,24.56,24.55,24.38,,24.56,,,40542,994385.96,97,F1,1,,,,,
2026-07-09,2026-07-09,CM,NSE,STK,17613,INF740KA1SZ6,SENSEXADD,EQ,,,,,DSPAMC - DSPSENXETF,80.33,80.33,78.93,79.11,78.93,78.75,,79.09,,,2041,161841.01,39,F1,1,,,,,
2026-07-09,2026-07-09,CM,NSE,STK,10761,INF740KA1RE3,SILVERADD,EQ,,,,,DSPAMC - DSPSILVETF,209.5,215.23,209.44,214.64,214.75,211.71,,214.64,,,520742,110903302.1,3723,F1,1,,,,,
2026-07-09,2026-07-09,CM,NSE,STK,759368,INF740KA1WU9,FLEXIADD,EQ,,,,,DSPAMC - FLEXIADD,9.72,9.8,9.68,9.76,9.8,9.68,,9.76,,,34667,338359.7,318,F1,1,,,,,
2026-07-09,2026-07-09,CM,NSE,STK,763530,INF740KA1ZA4,FMCGADD,EQ,,,,,DSPAMC - FMCGADD,49.65,49.71,49.35,49.55,49.35,49.1,,49.55,,,2487,123328.22,17,F1,1,,,,,
2026-07-09,2026-07-09,CM,NSE,STK,22592,INF740KA1ZG1,HEALTHADD,EQ,,,,,DSPAMC - HEALTHADD,16.28,16.62,16.28,16.43,16.62,16.26,,16.43,,,49600,816578.17,109,F1,1,,,,,
2026-07-09,2026-07-09,CM,NSE,STK,23407,INF740KA1UM0,LIQUIDADD,EQ,,,,,DSPAMC - LIQUIDADD,1134.75,1134.77,1134.75,1134.76,1134.77,1134.6,,1134.76,,,609109,691194571.2,365,F1,1,,,,,
2026-07-09,2026-07-09,CM,NSE,STK,760356,INF740KA1WW5,MIDCAPADD,EQ,,,,,DSPAMC - MIDCAPADD,22.65,22.95,22.65,22.86,22.86,22.62,,22.86,,,9436,215764.93,30,F1,1,,,,,
2026-07-09,2026-07-09,CM,NSE,STK,759978,INF740KA1WV7,MSCIADD,EQ,,,,,DSPAMC - MSCIADD,29.28,29.33,29.27,29.33,29.33,29.22,,29.37,,,15,439.29,4,F1,1,,,,,
2026-07-09,2026-07-09,CM,NSE,STK,29464,INF740KA1VE5,NEXT30ADD,EQ,,,,,DSPAMC - NEXT30ADD,42.0,42.13,41.96,42.0,42.0,41.89,,42.0,,,12133,509459.51,44,F1,1,,,,,
2026-07-09,2026-07-09,CM,NSE,STK,760599,INF740KA1XU7,NEXT50ADD,EQ,,,,,DSPAMC - NEXT50ADD,71.72,71.92,71.47,71.85,71.9,71.4,,71.85,,,1664,119495.13,22,F1,1,,,,,
2026-07-09,2026-07-09,CM,NSE,STK,760359,INF740KA1WX3,SMALLADD,EQ,,,,,DSPAMC - SMALLADD,17.88,18.01,17.88,17.98,18.0,17.7,,17.98,,,30535,548014.86,65,F1,1,,,,,
2026-07-09,2026-07-09,CM,NSE,STK,25171,INF740KA1UR9,TOP10ADD,EQ,,,,,DSPAMC - TOP10ADD,86.93,86.94,86.05,86.38,86.7,86.35,,86.38,,,169303,14605831.51,507,F1,1,,,,,
2026-07-09,2026-07-09,CM,NSE,STK,13766,INE0LZO01015,DUCOL,SM,,,,,DUCOL ORGS AND COLOURS LT,107.0,107.0,107.0,107.0,107.0,105.5,,107.0,,,800,85600.0,1,F1,800,,,,,
2026-07-09,2026-07-09,CM,NSE,STK,28956,INE741L01018,DUCON,BE,,,,,DUCON INFRATECHNOLOGIES L,3.04,3.14,3.0,3.04,3.05,3.04,,3.04,,,345298,1056846.96,277,F1,1,,,,,
2026-07-09,2026-07-09,CM,NSE,STK,5466,INE0HPK01020,DUGLOBAL,ST,,,,,DUDIGITAL GLOBAL LIMITED,30.4,30.4,28.95,29.35,29.35,30.45,,29.35,,,45000,1324750.0,14,F1,2500,,,,,
2026-07-09,2026-07-09,CM,NSE,STK,24167,INE0OUW01013,DURLAX,ST,,,,,DURLAX TOP SURFACE LTD,47.15,50.85,46.95,50.85,50.85,49.4,,50.85,,,90000,4308200.0,42,F1,2000,,,,,
2026-07-09,2026-07-09,CM,NSE,STK,11667,INE366A01041,DWARKESH,EQ,,,,,DWARIKESH SUGAR IND LTD,42.8,43.33,42.5,42.65,42.72,42.59,,42.65,,,298855,12824837.79,2060,F1,1,,,,,
2026-07-09,2026-07-09,CM,NSE,STK,25690,INE417B01040,DSSL,EQ,,,,,DYNACONS SYS & SOLN LTD,1272.7,1321.0,1266.3,1290.3,1280.0,1266.3,,1290.2,,,23063,29799394.6,2443,F1,1,,,,,
2026-07-09,2026-07-09,CM,NSE,STK,4525,INE221B01012,DYNAMATECH,EQ,,,,,DYNAMATIC TECHNOLOGIES,10649.0,11149.0,10605.0,10845.0,10899.0,10551.0,,10843.0,,,13834,151260877.0,5274,F1,1,,,,,
2026-07-09,2026-07-09,CM,NSE,STK,10417,INE600Y01019,DYCL,EQ,,,,,DYNAMIC CABLES LIMITED,351.95,368.0,351.95,360.75,364.0,350.95,,360.75,,,223991,81267174.85,6981,F1,1,,,,,
2026-07-09,2026-07-09,CM,NSE,STK,6082,INE0DZ701010,DYNAMIC,ST,,,,,DYNAMIC SRVCS & SEC LTD,162.0,162.3,160.0,160.0,160.0,167.25,,160.0,,,4000,646050.0,8,F1,500,,,,,
2026-07-09,2026-07-09,CM,NSE,STK,21314,INE256H01015,DYNPRO,EQ,,,,,DYNEMIC PRODUCTS LIMITED,233.2,239.84,229.0,232.2,231.0,235.29,,232.22,,,13385,3118535.78,668,F1,1,,,,,
2026-07-09,2026-07-09,CM,NSE,STK,19267,INE0KFF01017,EFACTOR,SM,,,,,E FACTOR EXPERIENCES LTD,161.5,162.5,156.6,157.85,159.9,160.95,,157.85,,,8800,1411040.0,17,F1,400,,,,,
2026-07-09,2026-07-09,CM,NSE,STK,760534,INE1CEJ01017,E2ERAIL,ST,,,,,E TO E TRANS INFRA LTD,265.75,268.95,260.5,263.45,266.0,266.95,,263.45,,,12000,3183600.0,14,F1,800,,,,,
2026-07-09,2026-07-09,CM,NSE,STK,8937,INE255Z01027,E2E,EQ,,,,,E2E NETWORKS LIMITED,378.85,397.7,377.6,397.7,397.7,378.8,,397.7,,,1393285,551954334.2,11104,F1,1,,,,,
2026-07-09,2026-07-09,CM,NSE,STK,9769,INE962C01035,EASTSILK,BE,,,,,EASTERN SILK INDUSTRIES L,48.5,51.09,47.0,50.6,50.0,48.7,,50.6,,,302,14816.39,12,F1,1,,,,,
2026-07-09,2026-07-09,CM,NSE,STK,2792,INE07O001026,EASEMYTRIP,EQ,,,,,EASY TRIP PLANNERS LTD,6.88,6.93,6.74,6.75,6.75,6.85,,6.75,,,41948986,284898279.33,14760,F1,1,,,,,
2026-07-09,2026-07-09,CM,NSE,STK,759975,INE528S07128,925ECL28,N2,,,,,ECL 9.25% 2028 SR VI,1005.0,1005.0,1005.0,1005.0,1005.0,1005.0,,1005.0,,,20,20100.0,2,F1,1,,,,,
2026-07-09,2026-07-09,CM,NSE,STK,15179,INE738I01010,ECLERX,EQ,,,,,ECLERX SERVICES LTD,1484.6,1566.7,1465.4,1556.4,1557.0,1477.3,,1556.4,,,440139,680177444.5,38489,F1,1,,,,,
2026-07-09,2026-07-09,CM,NSE,STK,759964,INE0VBS01016,ECOLINE,ST,,,,,ECOLINE EXIM LIMITED,197.8,198.0,195.0,198.0,198.0,197.8,,198.0,,,6000,1178750.0,6,F1,1000,,,,,
2026-07-09,2026-07-09,CM,NSE,STK,25062,INE06HJ01020,ECOSMOBLTY,BE,,,,,ECOS (INDIA) MOB & HOSP L,127.0,131.0,124.0,126.62,126.0,126.83,,126.63,,,104385,13327005.89,656,F1,1,,,,,
2026-07-09,2026-07-09,CM,NSE,STK,7196,INF754K01OB1,BBETF0432,EQ,,,,,EDELAMC - BBETF0432,1351.95,1356.0,1349.6,1356.0,1356.0,1352.45,,1356.0,,,1190,1611761.87,55,F1,1,,,,,
2026-07-09,2026-07-09,CM,NSE,STK,25258,INF754K01TE4,EBANKNIFTY,EQ,,,,,EDELAMC - EBANKNIFTY,57.57,58.0,57.56,57.82,57.68,57.23,,57.82,,,529,30596.9,24,F1,1,,,,,
2026-07-09,2026-07-09,CM,NSE,STK,16253,INF754K01KO2,EBBETF0430,EQ,,,,,EDELAMC - EBBETF0430,1615.98,1615.98,1603.49,1605.8,1606.9,1607.42,,1605.79,,,25345,40665965.65,378,F1,1,,,,,
2026-07-09,2026-07-09,CM,NSE,STK,22239,INF754K01LE1,EBBETF0431,EQ,,,,,EDELAMC - EBBETF0431,1436.65,1444.62,1430.59,1441.9,1434.02,1436.14,,1441.78,,,13502,19355365.95,161,F1,1,,,,,
2026-07-09,2026-07-09,CM,NSE,STK,13139,INF754K01QX0,EBBETF0433,EQ,,,,,EDELAMC - EBBETF0433,1306.82,1318.25,1306.81,1317.6,1318.25,1312.33,,1317.6,,,2585,3395770.47,139,F1,1,,,,,
2026-07-09,2026-07-09,CM,NSE,STK,29019,INF754K01TX4,ECAPINSURE,EQ,,,,,EDELAMC - ECAPINSURE,24.1,24.46,24.04,24.27,24.39,24.12,,24.27,,,20709,501827.62,211,F1,1,,,,,
2026-07-09,2026-07-09,CM,NSE,STK,19933,INF754K01SE6,EGOLD,EQ,,,,,EDELAMC - EGOLD,138.85,143.6,138.85,143.15,142.7,141.85,,143.15,,,27451,3922174.3,358,F1,1,,,,,
2026-07-09,2026-07-09,CM,NSE,STK,759466,INF754K01VW2,ELIQUID,EQ,,,,,EDELAMC - ELIQUID,1038.35,1038.52,1038.35,1038.5,1038.5,1038.35,,1038.5,,,21536,22364931.01,14,F1,1,,,,,
2026-07-09,2026-07-09,CM,NSE,STK,758952,INF754K01VV4,ELM250,EQ,,,,,EDELAMC - ELM250,16.45,16.58,16.37,16.47,16.43,16.29,,16.47,,,17637,291076.37,109,F1,1,,,,,
2026-07-09,2026-07-09,CM,NSE,STK,25996,INF754K01TF1,EMULTIMQ,EQ,,,,,EDELAMC - EMULTIMQ,41.66,41.66,40.86,41.08,41.01,40.84,,41.08,,,24699,1013400.32,161,F1,1,,,,,
2026-07-09,2026-07-09,CM,NSE,STK,763540,INF754K01XF3,ENEXT50,EQ,,,,,EDELAMC - ENEXT50,71.29,71.42,70.99,71.0,71.0,70.59,,71.0,,,1634,116020.53,5,F1,1,,,,,
2026-07-09,2026-07-09,CM,NSE,STK,759998,INF754K01VX0,ENIFTY,EQ,,,,,EDELAMC - ENIFTY,23.44,24.65,23.44,24.14,24.09,24.05,,24.14,,,11979,289568.29,42,F1,1,,,,,
2026-07-09,2026-07-09,CM,NSE,STK,759995,INF754K01VY8,ESENSEX,EQ,,,,,EDELAMC - ESENSEX,77.24,78.97,76.93,77.19,77.02,77.0,,77.08,,,5322,412012.23,102,F1,1,,,,,
2026-07-09,2026-07-09,CM,NSE,STK,20257,INF754K01SF3,ESILVER,EQ,,,,,EDELAMC - ESILVER,219.77,223.41,217.67,222.21,222.0,219.79,,222.21,,,687567,152813420.13,1844,F1,1,,,,,
2026-07-09,2026-07-09,CM,NSE,STK,15119,INE532F01054,EDELWEISS,EQ,,,,,EDELWEISS FIN SERV LTD,118.15,119.79,117.5,117.96,118.35,117.22,,117.94,,,1472910,174723621.5,14467,F1,1,,,,,
2026-07-09,2026-07-09,CM,NSE,STK,758675,INE886D01026,EFCIL,EQ,,,,,EFC (I) LIMITED,188.71,195.93,188.15,192.85,193.5,188.71,,192.86,,,185800,35869946.72,5280,F1,1,,,,,
2026-07-09,2026-07-09,CM,NSE,STK,24438,INE0U9101019,EFFWA,ST,,,,,EFFWA INFRA & RESEARCH L,374.9,377.45,370.0,371.05,370.0,359.5,,371.05,,,12400,4647240.0,29,F1,400,,,,,
2026-07-09,2026-07-09,CM,NSE,STK,910,INE066A01021,EICHERMOT,EQ,,,,,EICHER MOTORS LTD,7418.0,7449.5,7321.5,7361.0,7345.5,7418.5,,7361.0,,,625976,4620290243.0,41042,F1,1,,,,,
2026-07-09,2026-07-09,CM,NSE,STK,916,INE126A01031,EIDPARRY,EQ,,,,,EID PARRY INDIA LTD,722.0,753.55,721.95,749.2,748.95,722.0,,749.1,,,263828,195895555.85,13144,F1,1,,,,,
2026-07-09,2026-07-09,CM,NSE,STK,15399,INE276C01014,EIHAHOTELS,EQ,,,,,EIH ASSOCIATED HOTELS LTD,316.0,325.5,312.75,317.35,317.3,312.75,,317.4,,,20110,6422806.75,1164,F1,1,,,,,
2026-07-09,2026-07-09,CM,NSE,STK,919,INE230A01023,EIHOTEL,EQ,,,,,EIH LIMITED,321.75,352.75,320.4,327.85,331.0,321.7,,327.85,,,1814043,613608208.0,45198,F1,1,,,,,
2026-07-09,2026-07-09,CM,NSE,STK,4040,INE158B01016,EIMCOELECO,EQ,,,,,EIMCO ELECON (INDIA) LTD,1860.0,2018.0,1751.0,1783.8,1780.0,1862.0,,1783.8,,,514935,957317930.1,50778,F1,1,,,,,
2026-07-09,2026-07-09,CM,NSE,STK,762653,INE280B01018,ELANTAS,EQ,,,,,ELANTAS BECK INDIA LTD.,9331.0,9923.0,9324.0,9758.0,9923.0,9258.0,,9759.0,,,810,7786341.0,392,F1,1,,,,,
2026-07-09,2026-07-09,CM,NSE,STK,762658,INE927X01018,ELCIDIN,EQ,,,,,ELCID INVESTMENTS LTD.,113000.0,115645.0,113000.0,113000.0,113000.0,114005.0,,113000.0,,,8,906880.0,7,F1,1,,,,,
2026-07-09,2026-07-09,CM,NSE,STK,8953,INE668G01021,ELDEHSG,EQ,,,,,ELDECO HSG & IND LTD.,806.9,827.45,806.9,819.0,819.0,810.95,,819.0,,,378,309647.15,15,F1,1,,,,,
2026-07-09,2026-07-09,CM,NSE,STK,13643,INE205B01031,ELECON,EQ,,,,,ELECON ENG. CO. LTD,499.0,520.9,496.7,512.35,512.75,498.05,,512.35,,,413118,211166479.65,15145,F1,1,,,,,
2026-07-09,2026-07-09,CM,NSE,STK,20899,INE0Q1W01012,EFORCE,SM,,,,,ELECTRO FORCE (INDIA) LTD,21.85,21.85,20.1,20.6,20.6,21.8,,20.6,,,31200,655260.0,18,F1,1200,,,,,
2026-07-09,2026-07-09,CM,NSE,STK,11530,INE02YR01019,EMIL,EQ,,,,,ELECTRONICS MART IND LTD,130.88,134.58,130.73,132.01,132.0,130.05,,132.02,,,905074,120146702.67,8464,F1,1,,,,,
2026-07-09,2026-07-09,CM,NSE,STK,928,INE086A01029,ELECTCAST,EQ,,,,,ELECTROSTEEL CASTINGS LTD,75.16,76.82,75.01,75.52,75.6,74.69,,75.51,,,1258431,95384001.94,10333,F1,1,,,,,
2026-07-09,2026-07-09,CM,NSE,STK,4469,INE822G01016,ELECTHERM,EQ,,,,,ELECTROTHERM (I) LTD.,1116.1,1137.7,1110.0,1119.1,1120.9,1110.9,,1119.1,,,9094,10189759.6,986,F1,1,,,,,
2026-07-09,2026-07-09,CM,NSE,STK,29595,INE0R9101015,ELGNZ,SM,,,,,ELEGANZ INTERIORS LIMITED,90.0,91.05,86.05,88.55,88.8,91.05,,88.55,,,108000,9506100.0,88,F1,1000,,,,,
2026-07-09,2026-07-09,CM,NSE,STK,937,INE285A01027,ELGIEQUIP,EQ,,,,,ELGI EQUIPMENTS LTD,580.0,591.95,577.7,588.7,588.7,575.55,,588.7,,,158707,92992067.75,11896,F1,1,,,,,
2026-07-09,2026-07-09,CM,NSE,STK,24924,INE819L01012,ELGIRUBCO,EQ,,,,,ELGI RUBBER CO. LTD,60.2,60.36,57.39,59.33,59.0,59.41,,59.33,,,51548,3051620.17,898,F1,1,,,,,
2026-07-09,2026-07-09,CM,NSE,STK,13423,INE050401020,ELIN,EQ,,,,,ELIN ELECTRONICS LIMITED,98.7,100.0,98.32,99.76,99.87,97.32,,99.76,,,55037,5463006.95,956,F1,1,,,,,
2026-07-09,2026-07-09,CM,NSE,STK,762663,INE669R01026,ELITECON,EQ,,,,,ELITECON INTERNATIONAL L,24.49,25.95,22.87,23.03,23.45,23.83,,23.04,,,10630607,250248651.16,17602,F1,1,,,,,
2026-07-09,2026-07-09,CM,NSE,STK,758563,INE236E01022,ELLEN,EQ,,,,,ELLENBARRIE INDUS GASES L,255.6,273.0,252.55,267.5,267.05,254.3,,267.5,,,362068,96602521.3,8432,F1,1,,,,,
2026-07-09,2026-07-09,CM,NSE,STK,4471,INE579B01039,ELPROINTL,EQ,,,,,ELPRO INTERNATIONAL LTD,171.0,174.29,167.26,173.97,174.0,173.63,,173.97,,,33269,5771200.92,298,F1,1,,,,,
2026-07-09,2026-07-09,CM,NSE,STK,29229,INE0ZOL01023,EMAPARTNER,SM,,,,,EMA PARTNERS INDIA LTD,80.1,81.0,79.0,80.35,80.0,81.05,,80.35,,,27000,2166900.0,18,F1,1000,,,,,
2026-07-09,2026-07-09,CM,NSE,STK,13517,INE548C01032,EMAMILTD,EQ,,,,,EMAMI LIMITED,406.95,416.8,406.95,415.1,416.0,406.95,,415.1,,,448267,185042717.05,11349,F1,1,,,,,
2026-07-09,2026-07-09,CM,NSE,STK,10074,INE830C01026,EMAMIPAP,EQ,,,,,EMAMI PAPER MILLS LIMITED,85.5,88.49,84.42,87.12,88.06,86.08,,87.12,,,19879,1735931.58,333,F1,1,,,,,
2026-07-09,2026-07-09,CM,NSE,STK,19281,INE778K01012,EMAMIREAL,BE,,,,,EMAMI REALTY LIMITED,81.0,82.95,77.15,79.36,79.8,80.95,,79.39,,,30679,2414983.4,206,F1,1,,,,,
2026-07-09,2026-07-09,CM,NSE,STK,14450,INE069I01010,EMBDL,EQ,,,,,EMBASSY DEVELOPMENTS LTD,63.38,65.19,62.78,63.81,64.0,63.22,,63.81,,,2191095,140151740.73,13080,F1,1,,,,,
2026-07-09,2026-07-09,CM,NSE,STK,9383,INE041025011,EMBASSY,RR,,,,,EMBASSY OFFICE PARKS REIT,450.4,452.0,441.31,443.69,444.31,449.16,,443.69,,,430243,192600477.35,20839,F1,1,,,,,
2026-07-09,2026-07-09,CM,NSE,STK,24398,INE168P01015,EMCURE,EQ,,,,,EMCURE PHARMACEUTICALS L,1819.9,1863.4,1805.0,1809.5,1808.5,1809.3,,1809.4,,,148651,271411153.8,17905,F1,1,,,,,
2026-07-09,2026-07-09,CM,NSE,STK,27629,INE0RHD01013,ETML,SM,,,,,EMERALD TYRE MANUF LTD,80.2,82.75,80.0,81.3,81.05,82.0,,81.3,,,14400,1166700.0,12,F1,1200,,,,,
2026-07-09,2026-07-09,CM,NSE,STK,13421,INE296H01011,EMKAY,EQ,,,,,EMKAY GLOBAL FIN SERV LTD,252.95,267.8,252.95,265.1,265.0,255.65,,265.1,,,29554,7816347.85,1256,F1,1,,,,,
2026-07-09,2026-07-09,CM,NSE,STK,10253,INE332S01011,EMKAYTOOLS,SM,,,,,EMKAY TAP & CUT. TOOL LTD,94.0,94.0,94.0,94.0,94.0,94.0,,94.0,,,900,84600.0,4,F1,150,,,,,
2026-07-09,2026-07-09,CM,NSE,STK,758591,INE0PXC01024,ETL,SM,,,,,EMKAY TOOLS LIMITED,1070.0,1090.0,1070.0,1090.0,1090.0,1065.2,,1090.0,,,750,808500.0,3,F1,150,,,,,
2026-07-09,2026-07-09,CM,NSE,STK,18146,INE753K01015,EMMBI,BE,,,,,EMMBI INDUSTRIES LIMITED,90.0,91.0,88.08,88.51,88.5,88.03,,88.52,,,5649,505441.97,137,F1,1,,,,,
2026-07-09,2026-07-09,CM,NSE,STK,759728,INE1C6T01020,EMMVEE,EQ,,,,,EMMVEE PHOTOVOLTAIC PWR L,330.0,338.95,330.0,334.45,336.1,329.15,,334.4,,,2127761,711276196.8,31960,F1,1,,,,,
2026-07-09,2026-07-09,CM,NSE,STK,762673,INE507F01023,EMPOWER,BE,,,,,EMPOWER INDIA LTD.,2.14,2.34,2.14,2.21,2.21,2.25,,2.22,,,5184116,11186056.84,2853,F1,1,,,,,
2026-07-09,2026-07-09,CM,NSE,STK,18593,INE0OV601013,EMSLIMITED,EQ,,,,,EMS LIMITED,412.0,422.0,406.5,419.3,420.5,410.05,,419.3,,,458371,190918162.9,10015,F1,1,,,,,
2026-07-09,2026-07-09,CM,NSE,STK,9756,INE01QM01018,EMUDHRA,EQ,,,,,EMUDHRA LIMITED,433.35,438.8,430.05,434.95,437.85,432.3,,435.0,,,65310,28374450.1,3641,F1,1,,,,,
2026-07-09,2026-07-09,CM,NSE,STK,760321,INE433T01015,ENCOMPAS,SM,,,,,ENCOMPASS DESIGN INDIA L,248.5,250.0,239.9,240.7,239.9,248.0,,240.7,,,9600,2332480.0,19,F1,400,,,,,
2026-07-09,2026-07-09,CM,NSE,STK,18822,INE913H01037,ENDURANCE,EQ,,,,,ENDURANCE TECHNO. LTD.,2660.0,2733.7,2651.1,2706.8,2708.3,2669.7,,2706.8,,,117900,318171641.8,20078,F1,1,,,,,
2026-07-09,2026-07-09,CM,NSE,STK,15049,INE306C01019,ENERGYDEV,EQ,,,,,ENERGY DEVE. CO.LTD,17.5,17.68,16.65,16.85,16.85,17.09,,16.84,,,28360,479814.96,288,F1,1,,,,,
2026-07-09,2026-07-09,CM,NSE,STK,23745,INE0S1L01013,EMMIL,SM,,,,,ENERGY MISSION MACH IND L,137.0,137.0,131.0,131.8,131.2,135.0,,131.8,,,54250,7152975.0,27,F1,250,,,,,
2026-07-09,2026-07-09,CM,NSE,STK,23224,INE0S3X01014,ENFUSE,SM,,,,,ENFUSE SOLUTIONS LIMITED,171.0,171.0,171.0,171.0,171.0,168.0,,171.0,,,600,102600.0,1,F1,600,,,,,
2026-07-09,2026-07-09,CM,NSE,STK,4907,INE510A01028,ENGINERSIN,EQ,,,,,ENGINEERS INDIA LTD,237.4,240.35,235.47,237.29,237.01,235.09,,237.29,,,1465353,348747982.31,25572,F1,1,,,,,
2026-07-09,2026-07-09,CM,NSE,STK,23233,INE0R9I01021,ENSER,ST,,,,,ENSER COMMUNICATIONS LTD,15.05,15.05,14.05,14.95,14.95,14.7,,14.95,,,15000,220250.0,3,F1,5000,,,,,
2026-07-09,2026-07-09,CM,NSE,STK,22717,INE010601016,ENTERO,EQ,,,,,ENTERO HEALTHCARE SOLU L,1172.4,1222.2,1164.7,1216.4,1217.0,1172.4,,1216.4,,,85212,102823863.1,6966,F1,1,,,,,
2026-07-09,2026-07-09,CM,NSE,STK,13192,INE265F01028,ENIL,EQ,,,,,ENTERTAIN NET. IND. LTD.,107.0,109.47,105.26,105.5,105.5,106.8,,105.5,,,104886,11086610.49,630,F1,1,,,,,
2026-07-09,2026-07-09,CM,NSE,STK,27213,INE0LLY01014,EIEL,EQ,,,,,ENVIRO INFRA ENGINEERS L,227.0,233.5,226.14,228.39,228.62,225.01,,228.37,,,1745090,401626215.77,22058,F1,1,,,,,
2026-07-09,2026-07-09,CM,NSE,STK,25412,INE0SUH01015,ENVIRO,SM,,,,,ENVIROTECH SYSTEMS LTD,74.05,78.35,74.05,78.15,78.35,73.65,,78.15,,,11000,843300.0,11,F1,1000,,,,,
2026-07-09,2026-07-09,CM,NSE,STK,22463,INE0G5901015,EPACK,EQ,,,,,EPACK DURABLE LIMITED,229.0,232.9,227.0,230.22,230.38,227.22,,230.21,,,344618,79558400.16,5874,F1,1,,,,,
2026-07-09,2026-07-09,CM,NSE,STK,759251,INE0MLS01022,EPACKPEB,EQ,,,,,EPACK PREFAB TECHN LTD,249.2,266.45,246.0,262.95,264.0,245.22,,262.93,,,1468021,382715000.6,20605,F1,1,,,,,
2026-07-09,2026-07-09,CM,NSE,STK,5382,INE071N01016,EPIGRAL,EQ,,,,,EPIGRAL LIMITED,989.6,1018.9,989.6,996.9,998.1,987.7,,996.8,,,28134,28138778.2,2429,F1,1,,,,,
2026-07-09,2026-07-09,CM,NSE,STK,981,INE255A01020,EPL,EQ,,,,,EPL LIMITED,233.85,242.95,233.85,239.49,240.0,233.85,,239.49,,,502620,120491288.62,13022,F1,1,,,,,
2026-07-09,2026-07-09,CM,NSE,STK,758346,INE11HF01010,EEPL,SM,,,,,EPPELTONE ENGINEERS LTD,119.5,119.5,116.6,116.6,116.6,116.5,,116.6,,,11000,1295750.0,11,F1,1000,,,,,
2026-07-09,2026-07-09,CM,NSE,STK,761217,INE1KEC01023,EPWINDIA,ST,,,,,EPW INDIA LIMITED,249.7,259.0,249.7,258.0,258.0,262.8,,258.0,,,18000,4577520.0,15,F1,1200,,,,,
2026-07-09,2026-07-09,CM,NSE,STK,3553,INE217G01035,EQUIPPP,BE,,,,,EQUIPPP SOC IMP TECH LTD,22.0,23.1,21.4,23.01,23.09,22.0,,23.01,,,20511,465029.37,85,F1,1,,,,,
2026-07-09,2026-07-09,CM,NSE,STK,913,INE063P01018,EQUITASBNK,EQ,,,,,EQUITAS SMALL FIN BNK LTD,76.82,78.93,76.49,78.17,78.35,76.82,,78.17,,,3290031,256614483.45,33911,F1,1,,,,,
2026-07-09,2026-07-09,CM,NSE,STK,21154,INE406M01024,ERIS,EQ,,,,,ERIS LIFESCIENCES LIMITED,1416.0,1439.9,1404.2,1430.0,1430.0,1416.0,,1430.0,,,85753,122417152.5,23253,F1,1,,,,,
2026-07-09,2026-07-09,CM,NSE,STK,955,INE284A01012,ESABINDIA,EQ,,,,,ESAB INDIA LTD,5677.0,5687.5,5630.5,5659.5,5679.0,5662.0,,5659.5,,,869,4918890.0,462,F1,1,,,,,
2026-07-09,2026-07-09,CM,NSE,STK,19878,INE818W01011,ESAFSFB,EQ,,,,,ESAF SMALL FINANCE BANK L,32.8,34.7,32.76,34.56,34.6,32.78,,34.56,,,827620,28117589.07,3802,F1,1,,,,,
2026-07-09,2026-07-09,CM,NSE,STK,22767,INE0RQZ01017,ESCONET,ST,,,,,ESCONET TECHNOLOGIES LTD,117.0,124.8,117.0,122.75,124.0,118.9,,122.75,,,10800,1326920.0,25,F1,400,,,,,
2026-07-09,2026-07-09,CM,NSE,STK,958,INE042A01014,ESCORTS,EQ,,,,,ESCORTS KUBOTA LIMITED,2933.0,2942.1,2900.3,2908.6,2910.0,2919.8,,2908.6,,,60567,176384236.3,13980,F1,1,,,,,
2026-07-09,2026-07-09,CM,NSE,STK,24678,INE0SBP01018,ESPRIT,SM,,,,,ESPRIT STONES LIMITED,61.0,63.0,56.0,57.55,57.75,62.0,,57.55,,,65600,3853120.0,40,F1,1600,,,,,
2026-07-09,2026-07-09,CM,NSE,STK,25634,INE122M01019,ESSARSHPNG,EQ,,,,,ESSAR SHIPPING LTD,22.43,22.85,22.16,22.41,22.6,22.43,,22.41,,,89364,2012543.29,663,F1,1,,,,,
2026-07-09,2026-07-09,CM,NSE,STK,17087,INE0ITO01014,ESFL,ST,,,,,ESSEN SPECIALITY FILMS L,113.0,115.5,113.0,113.9,113.95,112.65,,113.9,,,3960,452718.0,10,F1,360,,,,,
2026-07-09,2026-07-09,CM,NSE,STK,24265,INE778B01029,ESTER,EQ,,,,,ESTER INDUSTRIES LTD,88.7,91.37,88.28,89.46,89.25,88.28,,89.46,,,87220,7820701.09,1373,F1,1,,,,,
2026-07-09,2026-07-09,CM,NSE,STK,5097,INE758T01015,ETERNAL,EQ,,,,,ETERNAL LIMITED,287.3,300.35,287.3,292.45,292.45,286.7,,292.45,,,49865056,14678096837.7,256928,F1,1,,,,,
2026-07-09,2026-07-09,CM,NSE,STK,9750,INE04TZ01018,ETHOSLTD,EQ,,,,,ETHOS LIMITED,2442.7,2535.0,2442.6,2526.4,2525.0,2451.8,,2526.4,,,19566,49234434.9,2943,F1,1,,,,,
2026-07-09,2026-07-09,CM,NSE,STK,25162,INE0KCE01017,EUREKAFORB,EQ,,,,,EUREKA FORBES LIMITED,441.2,455.65,441.2,451.9,453.85,441.2,,451.95,,,87187,39395438.45,6405,F1,1,,,,,
2026-07-09,2026-07-09,CM,NSE,STK,6042,INE546V01010,EIFFL,BE,,,,,EURO (I) FRESH FOODS LTD,291.55,318.8,291.55,316.25,312.7,305.0,,316.25,,,12161,3824259.15,132,F1,1,,,,,
2026-07-09,2026-07-09,CM,NSE,STK,757953,INE505V01016,EUROBOND,EQ,,,,,EURO PANEL PRODUCTS LTD,168.0,171.49,162.0,164.89,164.01,163.14,,164.89,,,10660,1765765.72,625,F1,1,,,,,
2026-07-09,2026-07-09,CM,NSE,STK,759797,INE198501012,EUROPRATIK,EQ,,,,,EURO PRATIK SALES LIMITED,302.3,316.8,302.0,310.65,311.15,300.75,,310.65,,,144455,45012425.25,3275,F1,1,,,,,
2026-07-09,2026-07-09,CM,NSE,STK,8886,INE022C01012,EUROTEXIND,BE,,,,,EUROTEX IND & EXPORTS LTD,15.32,15.32,14.51,14.56,14.56,15.25,,15.03,,,851,12365.86,11,F1,1,,,,,
2026-07-09,2026-07-09,CM,NSE,STK,11782,INE128A01029,EVEREADY,EQ,,,,,EVEREADY INDS. IND.  LTD.,353.45,365.65,352.35,354.25,353.4,352.65,,354.25,,,150774,54107984.5,4747,F1,1,,,,,
2026-07-09,2026-07-09,CM,NSE,STK,6017,INE295A01018,EVERESTIND,BE,,,,,EVEREST INDUSTRIES LTD,459.1,488.0,455.0,481.35,483.0,467.55,,481.35,,,4805,2286351.4,150,F1,1,,,,,
2026-07-09,2026-07-09,CM,NSE,STK,13091,INE184H01027,EKC,EQ,,,,,EVEREST KANTO CYLINDERLTD,114.1,115.89,112.05,114.02,113.6,114.0,,114.01,,,194678,22187206.34,2220,F1,1,,,,,
2026-07-09,2026-07-09,CM,NSE,STK,11471,INE369A01029,EXCELINDUS,EQ,,,,,EXCEL INDUSTRIES LTD,897.4,906.25,892.6,901.15,904.0,890.45,,901.2,,,4875,4391912.3,430,F1,1,,,,,
2026-07-09,2026-07-09,CM,NSE,STK,25327,INE0Y4801011,EXCELLENT,ST,,,,,EXCELLENT WIRES N PACK L,187.0,193.0,187.0,193.0,193.0,189.95,,193.0,,,14400,2740800.0,6,F1,1600,,,,,
2026-07-09,2026-07-09,CM,NSE,STK,760007,INE606N01019,EXCELSOFT,EQ,,,,,EXCELSOFT TECHNOLOGIES L,78.0,79.95,77.56,78.48,78.27,77.52,,78.48,,,344202,27101625.26,2507,F1,1,,,,,
2026-07-09,2026-07-09,CM,NSE,STK,22947,INE777F01014,EXICOM,EQ,,,,,EXICOM TELE SYSTEMS LTD,159.98,163.3,154.99,160.4,161.0,158.43,,160.39,,,1447354,232250863.03,13029,F1,1,,,,,
2026-07-09,2026-07-09,CM,NSE,STK,676,INE302A01020,EXIDEIND,EQ,,,,,EXIDE INDUSTRIES LTD,426.0,428.9,418.1,425.2,425.0,421.35,,425.2,,,5969150,2530506587.0,67497,F1,1,,,,,
2026-07-09,2026-07-09,CM,NSE,STK,760422,INE19I001020,EXIMROUTES,SM,,,,,EXIM ROUTES LIMITED,110.0,110.0,110.0,110.0,110.0,109.0,,110.0,,,800,88000.0,1,F1,800,,,,,
2026-07-09,2026-07-09,CM,NSE,STK,17486,INE201K01015,EXPLEOSOL,EQ,,,,,EXPLEO SOLUTIONS LIMITED,793.8,848.0,792.55,828.35,834.0,789.65,,828.35,,,56666,46752236.15,3899,F1,1,,,,,
2026-07-09,2026-07-09,CM,NSE,STK,5352,INE0GFE01026,EXXARO,EQ,,,,,EXXARO TILES LIMITED,6.55,6.64,6.44,6.58,6.56,6.55,,6.58,,,477981,3151446.79,329,F1,1,,,,,
2026-07-09,2026-07-09,CM,NSE,STK,760125,INE0HF201011,FABTECH,EQ,,,,,FABTECH TECHNOLOGIES LTD,157.6,163.39,157.6,160.25,159.2,156.81,,160.25,,,210347,33866182.3,2831,F1,1,,,,,
2026-07-09,2026-07-09,CM,NSE,STK,1008,INE188A01015,FACT,EQ,,,,,FACT LTD,849.95,859.95,843.7,850.1,850.0,845.95,,850.1,,,84892,72433332.45,5664,F1,1,,,,,
2026-07-09,2026-07-09,CM,NSE,STK,1619,INE0DNW01011,FAIRCHEMOR,BE,,,,,FAIRCHEM ORGANICS LIMITED,696.0,723.0,694.0,721.3,720.0,689.4,,719.85,,,3832,2736637.15,509,F1,1,,,,,
2026-07-09,2026-07-09,CM,NSE,STK,24150,INE0PQK01013,FALCONTECH,SM,,,,,FALCON TECHNOPROJ IND LTD,11.4,11.45,11.15,11.45,11.45,11.75,,11.45,,,19200,217140.0,14,F1,1200,,,,,
2026-07-09,2026-07-09,CM,NSE,STK,12000,INE963C01033,FAZE3Q,EQ,,,,,FAZE THREE LIMITED,569.9,600.2,569.9,581.7,589.3,571.65,,581.6,,,19315,11451075.65,735,F1,1,,,,,
2026-07-09,2026-07-09,CM,NSE,STK,12002,INE512B01022,FCSSOFT,BE,,,,,FCS SOFTWARE SOLN. LTD.,1.49,1.49,1.49,1.49,1.49,1.49,,1.49,,,508819,758140.31,454,F1,1,,,,,
2026-07-09,2026-07-09,CM,NSE,STK,4898,INE258B01022,FDC,EQ,,,,,FDC LIMITED,421.7,442.0,421.7,432.1,431.7,423.4,,432.1,,,313676,136436378.25,9598,F1,1,,,,,
2026-07-09,2026-07-09,CM,NSE,STK,20322,INE007N01010,FEDFINA,EQ,,,,,FEDBANK FINANCIAL SER L,149.69,156.17,148.72,154.49,155.0,148.98,,154.49,,,1209335,185103014.97,14771,F1,1,,,,,
2026-07-09,2026-07-09,CM,NSE,STK,762675,INE417D01020,FEDDERSHOL,EQ,,,,,FEDDERS HOLDING LTD.,41.72,46.3,40.83,42.18,41.85,41.31,,42.18,,,4090566,179743012.66,27925,F1,1,,,,,
2026-07-09,2026-07-09,CM,NSE,STK,1023,INE171A01029,FEDERALBNK,EQ,,,,,FEDERAL BANK LTD,326.55,332.7,326.55,327.75,328.0,326.55,,327.75,,,3699416,1217189726.8,76107,F1,1,,,,,
2026-07-09,2026-07-09,CM,NSE,STK,1190,INE529A01010,FMGOETZE,EQ,,,,,FEDERAL-MOGUL GOETZE (IND,447.2,452.15,442.6,449.35,446.05,440.65,,449.3,,,22980,10288341.45,969,F1,1,,,,,
2026-07-09,2026-07-09,CM,NSE,STK,573,INE901X01013,FELIX,SM,,,,,FELIX INDUSTRIES LTD.,182.0,185.0,178.5,182.95,183.95,179.85,,182.95,,,45000,8189700.0,70,F1,500,,,,,
2026-07-09,2026-07-09,CM,NSE,STK,762680,INE225B01021,FERMENTA,EQ,,,,,FERMENTA BIOTECH LTD.,378.0,415.0,375.05,401.65,402.2,363.3,,401.65,,,2186102,885865698.15,53765,F1,1,,,,,
2026-07-09,2026-07-09,CM,NSE,STK,8159,INE296C01020,FIBERWEB,EQ,,,,,FIBERWEB INDIA LIMITED,31.1,31.65,30.12,30.99,30.95,31.04,,30.99,,,14662,454338.29,148,F1,1,,,,,
2026-07-09,2026-07-09,CM,NSE,STK,9858,INE0LQQ01019,FIDEL,SM,,,,,FIDEL SOFTECH LIMITED,148.7,148.7,148.7,148.7,148.7,143.8,,148.7,,,1000,148700.0,1,F1,1000,,,,,
2026-07-09,2026-07-09,CM,NSE,STK,13710,INE737H01014,FIEMIND,EQ,,,,,FIEM INDUSTRIES LIMITED,2204.9,2236.5,2199.5,2208.8,2214.4,2180.7,,2208.8,,,19840,44038147.1,4549,F1,1,,,,,
2026-07-09,2026-07-09,CM,NSE,STK,23651,INE185E01021,FILATFASH,BE,,,,,FILATEX FASHIONS LIMITED,0.2,0.2,0.19,0.19,0.19,0.19,,0.19,,,17076218,3317647.99,2187,F1,1,,,,,
2026-07-09,2026-07-09,CM,NSE,STK,24532,INE816B01035,FILATEX,EQ,,,,,FILATEX INDIA LTD,58.34,62.4,57.79,61.06,61.1,58.05,,61.06,,,4293206,261569683.66,18623,F1,1,,,,,
2026-07-09,2026-07-09,CM,NSE,STK,759776,INE0EDU01014,FINBUD,SM,,,,,FINBUD FINANCIAL SERV LTD,122.0,123.9,120.7,122.65,123.9,122.0,,122.65,,,21000,2561350.0,21,F1,1000,,,,,
2026-07-09,2026-07-09,CM,NSE,STK,3744,INE686Y01026,FINEORG,EQ,,,,,FINE ORGANIC IND. LTD.,4875.0,4991.5,4875.0,4969.5,4954.0,4878.0,,4969.5,,,14226,70429867.5,2996,F1,1,,,,,
2026-07-09,2026-07-09,CM,NSE,STK,6198,INE045J01034,FCL,EQ,,,,,FINEOTEX CHEMICAL LIMITED,36.59,37.75,36.52,37.43,37.62,36.39,,37.43,,,4364061,162509525.61,10235,F1,1,,,,,
2026-07-09,2026-07-09,CM,NSE,STK,759239,INE734I01027,FINKURVE,EQ,,,,,FINKURVE FINANCIAL SERV L,64.98,66.85,64.5,65.51,65.8,64.6,,65.52,,,26385,1719230.99,1119,F1,1,,,,,
2026-07-09,2026-07-09,CM,NSE,STK,6579,INE02NC01014,FINOPB,EQ,,,,,FINO PAYMENTS BANK LTD,131.99,136.89,131.33,134.65,135.0,131.25,,134.65,,,203597,27483434.54,2846,F1,1,,,,,
2026-07-09,2026-07-09,CM,NSE,STK,1038,INE235A01022,FINCABLES,EQ,,,,,FINOLEX CABLES LTD,1028.9,1054.0,1025.5,1046.6,1049.9,1028.9,,1046.6,,,150312,157130626.8,13163,F1,1,,,,,
2026-07-09,2026-07-09,CM,NSE,STK,1041,INE183A01024,FINPIPE,EQ,,,,,FINOLEX INDUSTRIES LTD,165.34,168.6,165.02,167.22,167.5,165.03,,167.23,,,323404,54075234.61,9132,F1,1,,,,,
2026-07-09,2026-07-09,CM,NSE,STK,14304,INE684F01012,FSL,EQ,,,,,FIRSTSOURCE SOLU. LTD.,237.75,245.45,237.55,242.94,242.7,237.19,,242.94,,,684759,166363072.92,18848,F1,1,,,,,
2026-07-09,2026-07-09,CM,NSE,STK,757658,INE771F01041,FISCHER,EQ,,,,,FISCHER MEDICAL VENTURE L,37.61,38.53,37.13,38.09,38.1,37.13,,38.09,,,1955208,73879011.58,3239,F1,1,,,,,
2026-07-09,2026-07-09,CM,NSE,STK,12032,INE128S01021,FIVESTAR,EQ,,,,,FIVE-STAR BUS FIN LTD,538.0,551.95,530.35,549.7,549.4,538.0,,549.7,,,424018,229831389.8,18637,F1,1,,,,,
2026-07-09,2026-07-09,CM,NSE,STK,20372,INE00Y201027,FLAIR,EQ,,,,,FLAIR WRITING INDUST LTD,261.55,263.4,257.55,262.05,262.4,258.25,,262.0,,,84857,22176020.45,2024,F1,1,,,,,
2026-07-09,2026-07-09,CM,NSE,STK,25516,INE060J01017,FLEXITUFF,BE,,,,,FLEXITUFF VENTURES INT L,5.51,5.51,5.06,5.25,5.3,5.25,,5.37,,,23704,125577.02,97,F1,1,,,,,
2026-07-09,2026-07-09,CM,NSE,STK,758208,INE0VCK01011,FLYSBS,SM,,,,,FLYSBS AVIATION LIMITED,445.0,460.0,445.0,457.95,457.0,440.3,,457.95,,,13000,5910850.0,62,F1,200,,,,,
2026-07-09,2026-07-09,CM,NSE,STK,760331,INE0SQZ01015,FWSTC,SM,,,,,FLYWINGS SIMULAT T C LTD,198.0,198.0,198.0,198.0,198.0,194.0,,198.0,,,1200,237600.0,2,F1,600,,,,,
2026-07-09,2026-07-09,CM,NSE,STK,6839,INE593W01028,FOCUS,BE,,,,,FOCUS LIGHTG & FIXTRS LTD,83.61,85.8,80.05,82.55,83.65,82.79,,82.55,,,18944,1564471.35,287,F1,1,,,,,
2026-07-09,2026-07-09,CM,NSE,STK,22517,INE0Q4701019,FONEBOX,SM,,,,,FONEBOX RETAIL LIMITED,70.75,74.25,70.75,74.25,74.25,70.75,,74.25,,,4000,290500.0,4,F1,1000,,,,,
2026-07-09,2026-07-09,CM,NSE,STK,6673,INE976E01023,FOODSIN,EQ,,,,,FOODS & INNS LIMITED,59.0,63.49,59.0,62.64,63.1,58.69,,62.64,,,263330,16419052.44,2687,F1,1,,,,,
2026-07-09,2026-07-09,CM,NSE,STK,24914,INE0U2501017,FORCAS,SM,,,,,FORCAS STUDIO LIMITED,131.15,141.9,130.5,140.0,140.0,128.8,,140.0,,,171200,23707280.0,72,F1,1600,,,,,
2026-07-09,2026-07-09,CM,NSE,STK,11573,INE451A01017,FORCEMOT,EQ,,,,,FORCE MOTORS LIMITED,18020.0,18430.0,17975.0,18167.0,18144.0,17864.0,,18167.0,,,68413,1248209711.0,20134,F1,1,,,,,
2026-07-09,2026-07-09,CM,NSE,STK,25664,INE0YKW01013,FORGEAUTO,SM,,,,,FORGE AUTO INTERNATION L,88.7,88.7,88.7,88.7,88.7,84.5,,88.7,,,4800,425760.0,4,F1,1200,,,,,
2026-07-09,2026-07-09,CM,NSE,STK,14592,INE061F01013,FORTIS,EQ,,,,,FORTIS HEALTHCARE LTD,944.25,964.0,944.25,951.45,950.4,943.75,,951.45,,,1998003,1907298556.15,45708,F1,1,,,,,
2026-07-09,2026-07-09,CM,NSE,STK,1073,INE519A01011,FOSECOIND,EQ,,,,,FOSECO INDIA LTD,5150.0,5244.5,5121.0,5145.0,5126.0,5138.5,,5145.0,,,1585,8212456.0,487,F1,1,,,,,
2026-07-09,2026-07-09,CM,NSE,STK,760961,INE212S01015,FRACTAL,EQ,,,,,FRACTAL ANALYTICS LIMITED,820.0,850.0,820.0,841.25,844.0,818.9,,841.25,,,216914,182240396.3,13795,F1,1,,,,,
2026-07-09,2026-07-09,CM,NSE,STK,25868,INE0SFW01015,FRESHARA,SM,,,,,FRESHARA AGRO EXPORTS LTD,278.4,295.05,278.4,295.0,295.0,278.4,,295.0,,,73800,21596790.0,96,F1,600,,,,,
2026-07-09,2026-07-09,CM,NSE,STK,11504,INE385O01018,FROG,ST,,,,,FROG INNOVATIONS LIMITED,172.0,175.0,171.0,173.55,174.0,172.0,,173.55,,,8400,1449020.0,19,F1,400,,,,,
2026-07-09,2026-07-09,CM,NSE,STK,762685,INE572D01014,FRONTSP,EQ,,,,,FRONTIER SPRINGS LTD.,1419.5,1449.0,1411.0,1442.1,1441.0,1411.0,,1441.9,,,11075,15903193.0,1430,F1,1,,,,,
2026-07-09,2026-07-09,CM,NSE,STK,6545,INE388Y01029,NYKAA,EQ,,,,,FSN E COMMERCE VENTURES,320.0,325.9,319.85,324.05,325.85,317.95,,324.05,,,6852756,2215303388.95,82305,F1,1,,,,,
2026-07-09,2026-07-09,CM,NSE,STK,759876,INE12UR01024,UTLSOLAR,EQ,,,,,FUJIYAMA POWER SYSTEMS L,352.0,364.5,350.65,364.5,364.5,347.15,,364.55,,,107192,38871108.25,1189,F1,1,,,,,
2026-07-09,2026-07-09,CM,NSE,STK,11932,INE139R01012,FUSION,EQ,,,,,FUSION FINANCE LIMITED,220.29,233.33,219.18,229.32,229.0,220.29,,229.31,,,2169577,494995138.67,37185,F1,1,,,,,
2026-07-09,2026-07-09,CM,NSE,STK,14868,INE452O01016,FLFL,BZ,,,,,FUT LIFESTYLE FASH LTD,1.38,1.38,1.32,1.33,1.33,1.36,,1.34,,,10696,14366.7,33,F1,1,,,,,
2026-07-09,2026-07-09,CM,NSE,STK,13812,INE623B01027,FEL,BZ,,,,,FUTURE ENTERPRISES LTD,0.38,0.39,0.37,0.37,0.37,0.38,,0.37,,,274432,102957.16,103,F1,1,,,,,
2026-07-09,2026-07-09,CM,NSE,STK,30491,IN9623B01058,FELDVR,BZ,,,,,FUTURE ENTERPRISES LTD,2.5,2.7,2.47,2.47,2.47,2.59,,2.49,,,913,2305.48,20,F1,1,,,,,
2026-07-09,2026-07-09,CM,NSE,STK,21021,INE360L01017,FMNL,BE,,,,,FUTURE MKT NETWORKS LTD,10.04,10.46,9.86,10.16,10.16,10.02,,10.16,,,9286,95349.1,27,F1,1,,,,,
2026-07-09,2026-07-09,CM,NSE,STK,1168,INE075D01018,GMBREW,EQ,,,,,G M BREWERIES LTD,965.5,1020.65,952.55,965.55,963.0,959.7,,965.6,,,1043341,1027020787.75,44798,F1,1,,,,,
2026-07-09,2026-07-09,CM,NSE,STK,5054,INE201P01022,GRINFRA,EQ,,,,,G R INFRAPROJECTS LIMITED,882.5,898.6,878.0,891.45,888.0,877.85,,891.4,,,15686,13977509.9,1617,F1,1,,,,,
2026-07-09,2026-07-09,CM,NSE,STK,1135,INE586X01012,GTECJAINX,BE,,,,,G-TEC JAINX EDUCATION LTD,26.24,26.24,26.24,26.24,26.24,26.77,,26.24,,,8176,214538.24,10,F1,1,,,,,
2026-07-09,2026-07-09,CM,NSE,STK,1085,INE524A01029,GABRIEL,EQ,,,,,GABRIEL INDIA LTD,1231.0,1269.0,1230.5,1254.1,1244.0,1231.0,,1254.1,,,159878,200631659.8,12932,F1,1,,,,,
2026-07-09,2026-07-09,CM,NSE,STK,17888,INE224E01028,GATECH,EQ,,,,,GACM TECHNOLOGIES LIMITED,0.49,0.49,0.48,0.48,0.48,0.48,,0.48,,,2226456,1079830.46,581,F1,1,,,,,
2026-07-09,2026-07-09,CM,NSE,STK,17,INE224E01036,GATECHDVR,EQ,,,,,GACM TECHNOLOGIES LIMITED,0.46,0.46,0.38,0.44,0.46,0.44,,0.44,,,696932,301868.53,217,F1,1,,,,,
2026-07-09,2026-07-09,CM,NSE,STK,4717,INE129A01019,GAIL,EQ,,,,,GAIL (INDIA) LTD,169.0,172.29,168.54,170.2,170.7,169.24,,170.2,,,10798380,1845597766.79,52606,F1,1,,,,,
2026-07-09,2026-07-09,CM,NSE,STK,25244,INE0QTE01018,GAJANAND,SM,,,,,GAJANAND INTERNATIONAL L,8.1,8.1,8.1,8.1,8.1,8.05,,8.1,,,6000,48600.0,2,F1,3000,,,,,
2026-07-09,2026-07-09,CM,NSE,STK,25134,INE0RE001014,GALAPREC,EQ,,,,,GALA PRECISION ENG LTD,1151.8,1229.9,1146.1,1182.6,1219.0,1140.4,,1182.6,,,67928,81163419.0,6735,F1,1,,,,,
2026-07-09,2026-07-09,CM,NSE,STK,759089,INE09A801015,GML,SM,,,,,GALAXY MEDICARE LIMITED,18.15,18.15,18.0,18.0,18.0,18.5,,18.0,,,8000,144500.0,4,F1,2000,,,,,
2026-07-09,2026-07-09,CM,NSE,STK,1315,INE600K01018,GALAXYSURF,EQ,,,,,GALAXY SURFACTANTS LTD,1992.0,2020.7,1992.0,2001.8,2000.0,1991.5,,2001.7,,,5498,11014518.8,978,F1,1,,,,,
2026-07-09,2026-07-09,CM,NSE,STK,13337,INE297H01019,GALLANTT,EQ,,,,,GALLANTT ISPAT LIMITED,661.5,670.1,652.8,662.8,665.0,651.55,,662.8,,,23804,15819140.3,1646,F1,1,,,,,
2026-07-09,2026-07-09,CM,NSE,STK,20303,INE717W01049,GANDHAR,EQ,,,,,GANDHAR OIL REFINE IND L,190.1,196.8,189.26,193.35,193.24,189.79,,193.35,,,721145,139704407.57,10692,F1,1,,,,,
2026-07-09,2026-07-09,CM,NSE,STK,14116,INE524B01027,GANDHITUBE,EQ,,,,,GANDHI SPL. TUBES LTD,854.0,865.4,849.15,859.05,853.0,849.55,,855.6,,,4294,3679459.5,290,F1,1,,,,,
2026-07-09,2026-07-09,CM,NSE,STK,5614,INE388A01029,GANESHBE,EQ,,,,,GANESH BENZOPLAST LIMITED,95.53,98.9,95.53,96.65,97.95,95.53,,96.64,,,189932,18442700.73,3090,F1,1,,,,,
2026-07-09,2026-07-09,CM,NSE,STK,759012,INE652V01016,GANESHCP,EQ,,,,,GANESH CONSUMER PRODUCT L,191.01,193.45,188.21,190.02,189.54,190.91,,190.06,,,78460,15024307.58,1169,F1,1,,,,,
2026-07-09,2026-07-09,CM,NSE,STK,24439,INE0R8C01018,GGBL,SM,,,,,GANESH GREEN BHARAT LTD,267.0,272.0,264.4,267.7,267.3,266.1,,267.7,,,18600,4977540.0,59,F1,300,,,,,
2026-07-09,2026-07-09,CM,NSE,STK,14339,INE460C01014,GANESHHOU,EQ,,,,,GANESH HOUSING LIMITED,824.7,878.0,820.3,866.15,868.2,822.75,,866.15,,,175343,151354184.8,11890,F1,1,,,,,
2026-07-09,2026-07-09,CM,NSE,STK,27351,INE0TVT01024,GANESHIN,ST,,,,,GANESH INFRAWORLD LIMITED,94.95,94.95,90.7,91.15,91.15,92.45,,91.15,,,11200,1033960.0,12,F1,800,,,,,
2026-07-09,2026-07-09,CM,NSE,STK,6944,INE845D01014,GANECOS,EQ,,,,,GANESHA ECOSPHERE LIMITED,1074.35,1145.65,1070.0,1136.45,1131.75,1077.95,,1136.4,,,374976,418152818.35,17914,F1,1,,,,,
2026-07-09,2026-07-09,CM,NSE,STK,757525,INE0ZI101018,GANGABATH,SM,,,,,GANGA BATH FITTINGS LTD,21.95,21.95,21.0,21.15,21.0,21.35,,21.15,,,12000,256200.0,4,F1,3000,,,,,
2026-07-09,2026-07-09,CM,NSE,STK,4959,INE691Z01023,GANGAFORGE,BE,,,,,GANGA FORGING LIMITED,2.13,2.18,2.06,2.13,2.15,2.13,,2.13,,,276087,588464.68,248,F1,1,,,,,
2026-07-09,2026-07-09,CM,NSE,STK,21399,INE335W01016,GANGESSECU,EQ,,,,,GANGES SECURITIES LIMITED,115.4,118.75,115.4,117.22,117.0,114.83,,117.22,,,1901,222134.59,27,F1,1,,,,,
2026-07-09,2026-07-09,CM,NSE,STK,5475,INE382Z01011,GRSE,EQ,,,,,GARDEN REACH SHIP&ENG LTD,2619.9,2657.7,2607.3,2627.3,2627.5,2619.6,,2627.3,,,315209,830340345.2,22191,F1,1,,,,,
2026-07-09,2026-07-09,CM,NSE,STK,25800,INE0JVO01026,GARUDA,EQ,,,,,GARUDA CONSTRUCT N ENG L,173.0,176.99,172.4,173.91,174.55,173.39,,173.9,,,212881,37275520.38,4452,F1,1,,,,,
2026-07-09,2026-07-09,CM,NSE,STK,7982,INE291A01017,GRWRHITECH,EQ,,,,,GARWARE HI-TECH FILMS LTD,6826.0,7060.0,6826.0,6922.0,6935.0,6821.5,,6922.0,,,47051,328075305.0,8093,F1,1,,,,,
2026-07-09,2026-07-09,CM,NSE,STK,1100,INE276A01018,GARFIBRES,EQ,,,,,GARWARE TECH FIBRES LTD,702.3,733.45,702.3,722.8,721.0,702.3,,722.6,,,47034,34021422.95,5416,F1,1,,,,,
2026-07-09,2026-07-09,CM,NSE,STK,8510,INE079J01017,GATEWAY,EQ,,,,,GATEWAY DISTRIPARKS LTD,58.11,59.59,57.71,57.93,57.84,58.03,,57.93,,,1101689,64441530.36,7553,F1,1,,,,,
2026-07-09,2026-07-09,CM,NSE,STK,760179,INE0P8B01020,GAUDIUMIVF,BE,,,,,GAUDIUM IVF N WOMEN H L,111.0,119.18,107.84,119.18,119.18,113.51,,119.18,,,297846,34081175.76,1362,F1,1,,,,,
2026-07-09,2026-07-09,CM,NSE,STK,3693,INE287Z01012,GAYAHWS,EQ,,,,,GAYATRI HIGHWAYS LIMITED,1.86,1.92,1.81,1.81,1.83,1.85,,1.81,,,573153,1054366.84,478,F1,1,,,,,
2026-07-09,2026-07-09,CM,NSE,STK,25027,INE336H01023,GAYAPROJ,BE,,,,,GAYATRI PROJECTS LTD,20.64,21.2,20.25,20.78,20.8,20.39,,20.79,,,242649,5021362.98,889,F1,1,,,,,
2026-07-09,2026-07-09,CM,NSE,STK,14055,INE0LVM01018,GRCL,ST,,,,,GAYATRI RUBB AND CHEM LTD,615.6,615.6,613.95,613.95,613.95,605.0,,613.95,,,500,307387.5,2,F1,250,,,,,
2026-07-09,2026-07-09,CM,NSE,STK,7862,INE878A01011,GVPIL,EQ,,,,,GE POWER INDIA LIMITED,850.0,885.0,850.0,860.7,860.0,849.55,,860.7,,,183931,159390158.15,7923,F1,1,,,,,
2026-07-09,2026-07-09,CM,NSE,STK,16783,INE200A01026,GVT&D,EQ,,,,,GE VERNOVA T&D INDIA LTD,4475.0,4677.3,4475.0,4643.4,4665.5,4466.7,,4643.4,,,537743,2471571792.1,53402,F1,1,,,,,
2026-07-09,2026-07-09,CM,NSE,STK,13662,INE916G01016,GEECEE,BE,,,,,GEECEE VENTURES LIMITED,347.8,351.45,330.55,332.35,332.35,339.55,,332.35,,,1654,569066.75,23,F1,1,,,,,
2026-07-09,2026-07-09,CM,NSE,STK,17922,INE669X01032,GEEKAYWIRE,EQ,,,,,GEEKAY WIRES LIMITED,23.11,25.4,23.11,24.71,24.3,23.44,,24.71,,,86161,2106084.63,745,F1,1,,,,,
2026-07-09,2026-07-09,CM,NSE,STK,759461,INE06XZ01023,GEMAROMA,EQ,,,,,GEM AROMATICS LIMITED,209.0,222.69,206.22,210.66,210.01,203.62,,210.67,,,3502127,750366728.5,40196,F1,1,,,,,
2026-07-09,2026-07-09,CM,NSE,STK,277,INE481Y01014,GICRE,EQ,,,,,GENERAL INS CORP OF INDIA,358.15,365.0,357.6,362.7,361.8,356.15,,362.7,,,588247,213009375.2,22739,F1,1,,,,,
2026-07-09,2026-07-09,CM,NSE,STK,2188,INE854S01022,GENCON,EQ,,,,,GENERIC ENG CONS PROJ LTD,42.07,42.67,41.31,41.7,42.0,41.33,,41.69,,,233954,9810471.51,1239,F1,1,,,,,
2026-07-09,2026-07-09,CM,NSE,STK,10905,INE727B01026,GENESYS,EQ,,,,,GENESYS INTL CORPN LTD,321.35,332.55,319.3,322.95,325.7,318.65,,323.05,,,178900,58191947.45,4606,F1,1,,,,,
2026-07-09,2026-07-09,CM,NSE,STK,6600,INE949P01018,GENUSPAPER,EQ,,,,,GENUS P&B LIMITED,11.3,11.47,11.16,11.28,11.35,11.31,,11.28,,,40919,463154.37,304,F1,1,,,,,
2026-07-09,2026-07-09,CM,NSE,STK,11905,INE955D01029,GENUSPOWER,EQ,,,,,GENUS POWER INFRASTRU LTD,305.45,311.3,304.15,307.05,306.75,301.6,,307.05,,,1721722,529400346.75,18247,F1,1,,,,,
2026-07-09,2026-07-09,CM,NSE,STK,31942,INE1W0N01014,GENXAI,SM,,,,,GENXAI ANALYTICS LIMITED,85.5,92.0,85.5,88.45,89.4,89.2,,88.45,,,48000,4279680.0,35,F1,1200,,,,,
2026-07-09,2026-07-09,CM,NSE,STK,11896,INE007B01023,GEOJITFSL,EQ,,,,,GEOJIT FINANCIAL SER L,77.5,79.62,77.5,79.16,79.5,77.13,,79.16,,,309817,24467684.12,3072,F1,1,,,,,
2026-07-09,2026-07-09,CM,NSE,STK,1289,INE538A01037,GFLLIMITED,EQ,,,,,GFL LIMITED,46.5,46.59,44.76,45.4,45.2,45.35,,45.4,,,38222,1746998.81,1281,F1,1,,,,,
2026-07-09,2026-07-09,CM,NSE,STK,1127,INE539A01019,GHCL,EQ,,,,,GHCL LIMITED,426.25,430.35,421.3,428.35,426.25,421.55,,428.35,,,177009,75762411.15,4420,F1,1,,,,,
2026-07-09,2026-07-09,CM,NSE,STK,16696,INE0PA801013,GHCLTEXTIL,EQ,,,,,GHCL TEXTILES LIMITED,105.99,109.79,105.56,107.71,108.04,105.34,,107.71,,,505493,54589120.56,5018,F1,1,,,,,
2026-07-09,2026-07-09,CM,NSE,STK,1139,INE289B01019,GICHSGFIN,EQ,,,,,GIC HOUSING FINANCE LTD,150.38,151.88,150.38,150.84,151.0,151.1,,150.84,,,56410,8520244.53,871,F1,1,,,,,
2026-07-09,2026-07-09,CM,NSE,STK,17839,INE047B01011,GILLANDERS,EQ,,,,,GILLANDERS ARBUTHNOT LTD,89.1,91.75,88.54,89.69,90.44,88.67,,89.69,,,13083,1191814.31,115,F1,1,,,,,
2026-07-09,2026-07-09,CM,NSE,STK,1576,INE322A01010,GILLETTE,EQ,,,,,GILLETTE INDIA LTD,7750.0,7848.0,7728.5,7788.5,7787.5,7708.0,,7788.5,,,11488,89478003.0,3509,F1,1,,,,,
2026-07-09,2026-07-09,CM,NSE,STK,9294,INE424C01010,GINNIFILA,BE,,,,,GINNIFILAMENTS LTD.,51.0,54.16,50.0,54.04,54.15,51.59,,54.0,,,114671,5949980.27,330,F1,1,,,,,
2026-07-09,2026-07-09,CM,NSE,STK,2365,INE614Z01017,GIRIRAJ,SM,,,,,GIRIRAJ CIVIL DEVP LTD,131.0,131.0,128.0,128.85,128.55,122.6,,128.85,,,3500,450600.0,13,F1,250,,,,,
2026-07-09,2026-07-09,CM,NSE,STK,759048,INE1AG301022,GKENERGY,EQ,,,,,GK ENERGY LIMITED,143.5,152.18,143.5,145.13,145.5,142.13,,145.14,,,1216427,179860947.82,13002,F1,1,,,,,
2026-07-09,2026-07-09,CM,NSE,STK,17357,INE528A01020,GKWLIMITED,EQ,,,,,GKW LIMITED,1737.9,1740.0,1723.0,1725.0,1725.0,1737.9,,1725.0,,,82,142144.4,11,F1,1,,,,,
2026-07-09,2026-07-09,CM,NSE,STK,1186,INE068V01023,GLAND,EQ,,,,,GLAND PHARMA LIMITED,2488.0,2522.0,2462.2,2469.5,2465.5,2495.8,,2469.5,,,359295,892685713.2,41758,F1,1,,,,,
2026-07-09,2026-07-09,CM,NSE,STK,1153,INE159A01016,GLAXO,EQ,,,,,GLAXOSMITHKLINE PHARMA LT,2410.8,2460.8,2397.3,2440.4,2430.8,2410.8,,2440.5,,,71685,175196354.9,10479,F1,1,,,,,
2026-07-09,2026-07-09,CM,NSE,STK,7406,INE935A01035,GLENMARK,EQ,,,,,GLENMARK PHARMACEUTICALS,2227.9,2293.8,2227.1,2267.2,2274.0,2223.7,,2267.2,,,427091,971156954.7,38505,F1,1,,,,,
2026-07-09,2026-07-09,CM,NSE,STK,1415,INE291W01037,GLOBAL,EQ,,,,,GLOBAL EDUCATION LIMITED,99.91,103.0,99.42,101.3,102.2,99.91,,101.3,,,18653,1892979.24,224,F1,1,,,,,
2026-07-09,2026-07-09,CM,NSE,STK,11956,INE474Q01031,MEDANTA,EQ,,,,,GLOBAL HEALTH LIMITED,1323.0,1356.0,1316.3,1348.3,1348.0,1305.0,,1348.2,,,226425,305093478.3,17918,F1,1,,,,,
2026-07-09,2026-07-09,CM,NSE,STK,17170,INE0PS501019,GLOBALPET,ST,,,,,GLOBAL PET INDUSTRIES LTD,152.0,152.0,152.0,152.0,152.0,152.0,,152.0,,,750,114000.0,1,F1,750,,,,,
2026-07-09,2026-07-09,CM,NSE,STK,14599,INE0JSX01015,GSLSU,EQ,,,,,GLOBAL SURFACES LIMITED,38.85,40.59,38.0,38.53,38.0,39.04,,38.53,,,24971,968890.36,616,F1,1,,,,,
2026-07-09,2026-07-09,CM,NSE,STK,13735,INE792H01019,GLOBALVECT,EQ,,,,,GLOBAL VEC HELICORP LTD,158.06,162.5,155.35,156.31,157.48,157.24,,156.31,,,6204,983038.23,372,F1,1,,,,,
2026-07-09,2026-07-09,CM,NSE,STK,24934,INE0URU01010,GLOBALE,BE,,,,,GLOBALE TESSILE LIMITED,11.4,11.5,10.93,10.93,10.93,11.5,,10.93,,,15234,166808.01,36,F1,1,,,,,
2026-07-09,2026-07-09,CM,NSE,STK,758573,INE0V3U01015,GLOBECIVIL,BE,,,,,GLOBE CIVIL PROJECTS LTD,41.0,42.65,41.0,41.8,42.32,41.19,,41.83,,,18452,778410.14,126,F1,1,,,,,
2026-07-09,2026-07-09,CM,NSE,STK,393,INE581X01021,GLOBE,EQ,,,,,GLOBE ENTERPRISE (I) LTD,2.12,2.2,2.1,2.16,2.17,2.12,,2.16,,,233853,505185.01,208,F1,1,,,,,
2026-07-09,2026-07-09,CM,NSE,STK,761025,INE947T01022,GICL,EQ,,,,,GLOBE INTL CARRIERS LTD,15.61,17.2,15.61,17.2,17.2,16.39,,17.2,,,301589,5089756.69,393,F1,1,,,,,
2026-07-09,2026-07-09,CM,NSE,STK,9768,INE00WS01056,GSTL,ST,,,,,GLOBESECURE TECHNO LTD,14.75,14.75,14.75,14.75,14.75,15.5,,14.75,,,4000,59000.0,4,F1,1000,,,,,
2026-07-09,2026-07-09,CM,NSE,STK,17424,INE615I01010,GLOBUSSPR,EQ,,,,,GLOBUS SPIRITS LTD,890.0,937.0,890.0,921.55,913.2,888.15,,921.55,,,133881,123398857.25,7167,F1,1,,,,,
2026-07-09,2026-07-09,CM,NSE,STK,23590,INE350Z01018,GLOSTERLTD,EQ,,,,,GLOSTER LIMITED,641.95,659.8,636.0,645.75,659.8,641.95,,645.75,,,1157,749054.05,239,F1,1,,,,,
2026-07-09,2026-07-09,CM,NSE,STK,760118,INE0TQE01026,GLOTTIS,BE,,,,,GLOTTIS LIMITED,65.93,67.35,65.93,67.01,67.01,66.26,,67.01,,,33686,2250076.43,241,F1,1,,,,,
2026-07-09,2026-07-09,CM,NSE,STK,1570,INE541A01023,GMMPFAUDLR,EQ,,,,,GMM PFAUDLER LIMITED,760.1,776.0,760.1,764.8,764.15,759.75,,764.8,,,68510,52770359.65,2863,F1,1,,,,,
2026-07-09,2026-07-09,CM,NSE,STK,13528,INE776C01039,GMRAIRPORT,EQ,,,,,GMR AIRPORTS LIMITED,111.01,113.2,111.01,111.83,111.91,111.01,,111.83,,,19447181,2185849172.26,49833,F1,1,,,,,
2026-07-09,2026-07-09,CM,NSE,STK,8529,INE0CU601026,GMRP&UI,EQ,,,,,GMR POW AND URBAN INFRA L,97.99,100.2,97.99,99.04,99.38,97.74,,99.03,,,662896,65847413.0,5869,F1,1,,,,,
2026-07-09,2026-07-09,CM,NSE,STK,18571,INE934S01014,GNA,EQ,,,,,GNA AXLES LIMITED,456.4,473.7,456.4,469.9,472.0,459.4,,469.85,,,97054,45494828.4,4890,F1,1,,,,,
2026-07-09,2026-07-09,CM,NSE,STK,757862,INE18JU01028,EBGNG,EQ,,,,,GNG ELECTRONICS LIMITED,646.0,672.3,626.0,633.1,634.6,640.3,,633.05,,,1273440,843945257.05,18157,F1,1,,,,,
2026-07-09,2026-07-09,CM,NSE,STK,23799,INE03JT01014,GODIGIT,EQ,,,,,GO DIGIT GENERAL INS LTD,301.5,306.9,300.9,301.85,301.0,302.8,,301.85,,,125844,38141386.75,7327,F1,1,,,,,
2026-07-09,2026-07-09,CM,NSE,STK,6964,INE0BJS01011,GOCOLORS,EQ,,,,,GO FASHION INDIA LTD,333.0,336.45,320.75,323.6,323.0,331.55,,323.6,,,619468,203068749.9,12951,F1,1,,,,,
2026-07-09,2026-07-09,CM,NSE,STK,14687,INE426D01013,GOACARBON,EQ,,,,,GOA CARBON LIMITED,382.6,394.0,382.6,393.25,393.0,383.05,,393.2,,,7759,3033170.3,399,F1,1,,,,,
2026-07-09,2026-07-09,CM,NSE,STK,3963,INE077F01035,GOCLCORP,EQ,,,,,GOCL CORPORATION LIMITED,399.65,414.55,397.8,410.0,409.8,394.5,,410.0,,,92052,37669942.25,4471,F1,1,,,,,
2026-07-09,2026-07-09,CM,NSE,STK,25941,INE497S01012,GODAVARIB,EQ,,,,,GODAVARI BIOREFINERIES L,262.0,269.9,262.0,265.95,266.4,260.6,,265.95,,,61143,16282940.6,2047,F1,1,,,,,
2026-07-09,2026-07-09,CM,NSE,STK,13409,INE177H01039,GPIL,EQ,,,,,GODAWARI POW & ISP LTD,249.75,255.05,246.6,250.8,251.3,246.6,,250.75,,,1198319,301199261.9,17316,F1,1,,,,,
2026-07-09,2026-07-09,CM,NSE,STK,1181,INE260B01028,GODFRYPHLP,EQ,,,,,GODFREY PHILLIPS INDIA LT,2089.0,2116.2,2080.1,2103.0,2106.0,2082.5,,2103.1,,,160140,336498828.5,14445,F1,1,,,,,
2026-07-09,2026-07-09,CM,NSE,STK,144,INE850D01014,GODREJAGRO,EQ,,,,,GODREJ AGROVET LIMITED,553.5,563.5,553.5,562.0,562.5,553.45,,562.0,,,77947,43739651.95,4088,F1,1,,,,,
2026-07-09,2026-07-09,CM,NSE,STK,10099,INE102D01028,GODREJCP,EQ,,,,,GODREJ CONSUMER PRODUCTS,1070.0,1096.8,1066.8,1087.4,1086.5,1075.2,,1087.4,,,346180,376998862.2,18169,F1,1,,,,,
2026-07-09,2026-07-09,CM,NSE,STK,10925,INE233A01035,GODREJIND,EQ,,,,,GODREJ INDUSTRIES LTD,1216.2,1254.7,1213.1,1219.2,1221.6,1216.4,,1219.0,,,173181,213400265.7,11801,F1,1,,,,,
2026-07-09,2026-07-09,CM,NSE,STK,17875,INE484J01027,GODREJPROP,EQ,,,,,GODREJ PROPERTIES LTD,1990.0,2044.5,1984.1,2029.9,2028.4,1979.5,,2030.0,,,498659,1011181906.5,26291,F1,1,,,,,
2026-07-09,2026-07-09,CM,NSE,STK,27819,IN0020240175,698GR2054,GS,,,,,GOI LOAN   6.98% 2054,93.5,93.5,89.25,90.72,90.72,93.94,,90.72,,,6790,608867.5,7,F1,1,,,,,
2026-07-09,2026-07-09,CM,NSE,STK,27170,IN0020240142,709GS2074,GS,,,,,GOI LOAN   7.09% 2074,96.3,96.3,95.5,96.17,96.3,95.46,,96.17,,,22567,2159839.0,18,F1,1,,,,,
2026-07-09,2026-07-09,CM,NSE,STK,757983,IN0020250067,601GS2030,GS,,,,,GOI LOAN  6.01% 2030,99.45,99.45,99.45,99.45,99.45,99.45,,99.45,,,200,19890.0,2,F1,1,,,,,
2026-07-09,2026-07-09,CM,NSE,STK,760622,IN0020250125,603GS2029,GS,,,,,GOI LOAN  6.03% 2029,101.7,101.7,101.7,101.7,101.7,101.7,,101.7,,,400,40680.0,1,F1,1,,,,,
2026-07-09,2026-07-09,CM,NSE,STK,3204,IN0020210020,664GS2035,GS,,,,,GOI LOAN  6.64% 2035,97.69,97.69,97.69,97.69,97.69,97.46,,97.69,,,1,97.69,1,F1,1,,,,,
2026-07-09,2026-07-09,CM,NSE,STK,956,IN0020200252,667GS2050,GS,,,,,GOI LOAN  6.67% 2050,91.41,93.0,91.41,93.0,93.0,94.3,,92.25,,,3147,287901.0,3,F1,1,,,,,
2026-07-09,2026-07-09,CM,NSE,STK,757847,IN0020250042,668GS2040,GS,,,,,GOI LOAN  6.68% 2040,97.95,98.0,97.95,97.98,97.95,97.1,,97.98,,,3460,338912.0,9,F1,1,,,,,
2026-07-09,2026-07-09,CM,NSE,STK,2317,IN0020200401,676GS2061,GS,,,,,GOI LOAN  6.76% 2061,94.0,94.0,92.87,93.5,93.5,93.0,,93.5,,,70319,6550229.4,31,F1,1,,,,,
2026-07-09,2026-07-09,CM,NSE,STK,22438,IN0020200187,68GS2060,GS,,,,,GOI LOAN  6.8% 2060,91.11,92.0,91.11,92.0,92.0,93.9,,92.0,,,644,58961.42,2,F1,1,,,,,
2026-07-09,2026-07-09,CM,NSE,STK,756014,IN0020250018,690GS2065,GS,,,,,GOI LOAN  6.90% 2065,94.0,94.49,93.56,94.4,94.46,94.35,,94.4,,,7285,687426.5,15,F1,1,,,,,
2026-07-09,2026-07-09,CM,NSE,STK,763340,IN0020260025,694GS2036,GS,,,,,GOI LOAN  6.94% 2036,102.7,103.0,102.7,103.0,103.0,102.7,,103.0,,,200,20570.0,2,F1,1,,,,,
2026-07-09,2026-07-09,CM,NSE,STK,6817,IN0020210202,695GS2061,GS,,,,,GOI LOAN  6.95% 2061,93.05,95.0,93.05,93.09,95.0,95.8,,93.09,,,1127,104935.6,6,F1,1,,,,,
2026-07-09,2026-07-09,CM,NSE,STK,6696,IN0020210194,699GS2051,GS,,,,,GOI LOAN  6.99% 2051,97.88,97.88,97.88,97.88,97.88,97.82,,95.5,,,400,39152.0,2,F1,1,,,,,
2026-07-09,2026-07-09,CM,NSE,STK,23854,IN0020240043,702GS2027,GS,,,,,GOI LOAN  7.02% 2027,101.0,101.0,100.7,101.0,101.0,101.0,,101.0,,,200,20170.3,3,F1,1,,,,,
2026-07-09,2026-07-09,CM,NSE,STK,14970,IN0020230010,706GS2028,GS,,,,,GOI LOAN  7.06% 2028,102.7,102.7,102.7,102.7,102.7,102.6,,102.7,,,11000,1129700.0,2,F1,1,,,,,
2026-07-09,2026-07-09,CM,NSE,STK,24949,IN0020240118,709GS2054,GS,,,,,GOI LOAN  7.09% 2054,100.1,100.1,99.25,99.9,99.91,99.8,,99.9,,,2884,288011.6,8,F1,1,,,,,
2026-07-09,2026-07-09,CM,NSE,STK,23463,IN0020240019,71GS2034,GS,,,,,GOI LOAN  7.1% 2034,102.32,103.15,102.32,103.0,103.0,103.0,,103.0,,,8100,832180.0,3,F1,1,,,,,
2026-07-09,2026-07-09,CM,NSE,STK,15050,IN0020230036,717GS2030,GS,,,,,GOI LOAN  7.17% 2030,102.99,102.99,102.99,102.99,102.99,102.99,,102.99,,,580,59734.2,1,F1,1,,,,,
2026-07-09,2026-07-09,CM,NSE,STK,17398,IN0020230077,718GS2037,GS,,,,,GOI LOAN  7.18% 2037,105.41,105.95,105.41,105.95,105.95,106.4,,105.95,,,8333,879221.5,3,F1,1,,,,,
2026-07-09,2026-07-09,CM,NSE,STK,758674,IN0020250075,724GS2055,GS,,,,,GOI LOAN  7.24% 2055,101.01,101.97,101.01,101.26,101.26,101.32,,101.26,,,13858,1404592.77,17,F1,1,,,,,
2026-07-09,2026-07-09,CM,NSE,STK,16733,IN0020230044,725GS2063,GS,,,,,GOI LOAN  7.25% 2063,98.0,98.15,97.51,98.14,98.15,97.78,,98.14,,,72079,7067726.88,39,F1,1,,,,,
2026-07-09,2026-07-09,CM,NSE,STK,10722,IN0020220060,726GS2032,GS,,,,,GOI LOAN  7.26% 2032,104.26,105.8,104.26,105.5,105.5,105.75,,105.5,,,16000,1684300.0,7,F1,1,,,,,
2026-07-09,2026-07-09,CM,NSE,STK,14051,IN0020220151,726GS2033,GS,,,,,GOI LOAN  7.26% 2033,105.25,105.25,105.25,105.25,105.25,105.5,,105.25,,,1,105.25,1,F1,1,,,,,
2026-07-09,2026-07-09,CM,NSE,STK,16865,IN0020230051,73GS2053,GS,,,,,GOI LOAN  7.3% 2053,99.51,100.15,99.51,100.15,100.15,99.64,,100.15,,,2100,209611.62,4,F1,1,,,,,
2026-07-09,2026-07-09,CM,NSE,STK,19685,IN0020230119,733GS2026,GS,,,,,GOI LOAN  7.33% 2026,101.25,101.25,101.1,101.24,101.24,101.1,,101.24,,,2200,222512.5,5,F1,1,,,,,
2026-07-09,2026-07-09,CM,NSE,STK,23558,IN0020240035,734GS2064,GS,,,,,GOI LOAN  7.34% 2064,99.99,99.99,99.4,99.99,99.99,100.0,,100.05,,,5457,545640.98,11,F1,1,,,,,
2026-07-09,2026-07-09,CM,NSE,STK,10931,IN0020220086,736GS2052,GS,,,,,GOI LOAN  7.36% 2052,102.5,102.5,101.08,101.75,101.75,101.5,,101.75,,,297,30125.68,3,F1,1,,,,,
2026-07-09,2026-07-09,CM,NSE,STK,19566,IN0020230101,737GS2028,GS,,,,,GOI LOAN  7.37% 2028,104.5,104.5,104.5,104.5,104.5,104.0,,104.5,,,970,101365.0,1,F1,1,,,,,
2026-07-09,2026-07-09,CM,NSE,STK,10981,IN0020220094,74GS2062,GS,,,,,GOI LOAN  7.4% 2062,102.7,102.7,101.5,101.58,101.5,102.9,,100.87,,,437,44550.9,11,F1,1,,,,,
2026-07-09,2026-07-09,CM,NSE,STK,13194,IN0020220102,741GS2036,GS,,,,,GOI LOAN  7.41% 2036,104.3,105.7,104.3,105.65,105.65,104.6,,105.65,,,3001,314355.7,4,F1,1,,,,,
2026-07-09,2026-07-09,CM,NSE,STK,760649,IN0020250117,743GS2076,GS,,,,,GOI LOAN  7.43% 2076,103.0,103.6,102.6,103.2,103.2,103.42,,103.2,,,1190,122738.8,4,F1,1,,,,,
2026-07-09,2026-07-09,CM,NSE,STK,19808,IN0020230127,746GS2073,GS,,,,,GOI LOAN  7.46% 2073,101.49,101.5,101.48,101.49,101.5,101.0,,101.49,,,9320,945960.71,8,F1,1,,,,,
2026-07-09,2026-07-09,CM,NSE,STK,763146,IN0020260017,750GS2056,GS,,,,,GOI LOAN  7.50% 2056,100.2,102.5,100.2,100.35,100.36,100.7,,100.35,,,1250,125688.15,6,F1,1,,,,,
2026-07-09,2026-07-09,CM,NSE,STK,9585,IN0020220029,754GS2036,GS,,,,,GOI LOAN  7.54% 2036,106.26,106.69,106.26,106.48,106.48,106.45,,106.48,,,176621,18794880.23,106,F1,1,,,,,
2026-07-09,2026-07-09,CM,NSE,STK,763489,IN0020260033,771GS2066,GS,,,,,GOI LOAN  7.71% 2066,105.7,105.7,104.99,104.99,104.99,104.0,,104.99,,,5738,602468.01,10,F1,1,,,,,
2026-07-09,2026-07-09,CM,NSE,STK,6833,IN0020010081,1018GS2026,GS,,,,,GOI LOAN 10.18% 2026,103.26,104.03,98.83,103.5,103.5,103.26,,104.25,,,20255,2021524.4,20,F1,1,,,,,
2026-07-09,2026-07-09,CM,NSE,STK,9047,IN0020220011,710GS2029,GS,,,,,GOI LOAN 7.10% 2029,103.15,103.74,103.15,103.74,103.74,103.79,,103.74,,,23444,2425219.07,11,F1,1,,,,,
2026-07-09,2026-07-09,CM,NSE,STK,18561,IN0020200054,716GS2050,GS,,,,,GOI LOAN 7.16% 2050,100.01,100.01,100.0,100.0,100.0,100.01,,100.0,,,4000,400010.01,2,F1,1,,,,,
2026-07-09,2026-07-09,CM,NSE,STK,7208,IN0020170174,717GS2028,GS,,,,,GOI LOAN 7.17% 2028,102.0,102.0,102.0,102.0,102.0,102.0,,102.0,,,38,3876.0,1,F1,1,,,,,
2026-07-09,2026-07-09,CM,NSE,STK,18474,IN0020200039,719GS2060,GS,,,,,GOI LOAN 7.19% 2060,97.0,97.0,97.0,97.0,97.0,98.0,,97.0,,,400,38800.0,1,F1,1,,,,,
2026-07-09,2026-07-09,CM,NSE,STK,9913,IN0020220037,738GS2027,GS,,,,,GOI LOAN 7.38% 2027,100.75,102.0,100.75,101.52,101.5,101.69,,101.52,,,70674,7187422.96,21,F1,1,,,,,
2026-07-09,2026-07-09,CM,NSE,STK,6835,IN0020020106,795GS2032,GS,,,,,GOI LOAN 7.95% 2032,110.11,110.11,110.11,110.11,110.11,108.01,,110.11,,,100,11011.0,1,F1,1,,,,,
2026-07-09,2026-07-09,CM,NSE,STK,6884,IN0020060078,824GS2027,GS,,,,,GOI LOAN 8.24%2027,105.0,105.0,105.0,105.0,105.0,104.2,,105.0,,,30,3150.0,1,F1,1,,,,,
2026-07-09,2026-07-09,CM,NSE,STK,7011,IN0020110055,897GS2030,GS,,,,,GOI LOAN 8.97% 2030,111.0,111.2,111.0,111.2,111.2,111.25,,111.2,,,1028,114113.6,11,F1,1,,,,,
2026-07-09,2026-07-09,CM,NSE,STK,7039,IN0020130053,92GS2030,GS,,,,,GOI LOAN 9.20% 2030,113.2,115.0,113.2,113.2,113.2,113.2,,113.2,,,7928,909918.64,12,F1,1,,,,,
2026-07-09,2026-07-09,CM,NSE,STK,761686,IN002026Y014,182D081026,TB,,,,,GOI TBILL 182D-08/10/26,98.0,98.0,98.0,98.0,98.0,97.8,,98.0,,,100,9800.0,1,F1,100,,,,,
2026-07-09,2026-07-09,CM,NSE,STK,760714,IN002025Z419,364D150127,TB,,,,,GOI TBILL 364D-15/01/27,96.5,96.5,96.5,96.5,96.5,96.04,,96.5,,,200,19300.0,2,F1,100,,,,,
2026-07-09,2026-07-09,CM,NSE,STK,763626,IN002026Z086,364D280527,TB,,,,,GOI TBILL 364D-28/05/27,94.85,94.85,94.85,94.85,94.85,94.85,,94.85,,,100,9485.0,1,F1,100,,,,,
2026-07-09,2026-07-09,CM,NSE,STK,763781,IN002026X131,91D011026,TB,,,,,GOI TBILL 91D-01/10/26,98.6,98.6,98.6,98.6,98.6,98.6,,98.6,,,100,9860.0,1,F1,100,,,,,
2026-07-09,2026-07-09,CM,NSE,STK,753772,IN002026X115,91D170926,TB,,,,,GOI TBILL 91D-17/09/26,98.67,98.67,98.46,98.46,98.46,98.46,,98.46,,,200,19713.0,2,F1,100,,,,,
2026-07-09,2026-07-09,CM,NSE,STK,755746,IN002026X123,91D240926,TB,,,,,GOI TBILL 91D-24/09/26,98.15,98.15,98.15,98.15,98.15,98.05,,98.15,,,400,39260.0,2,F1,100,,,,,
2026-07-09,2026-07-09,CM,NSE,STK,763624,IN002026X081,91D280826,TB,,,,,GOI TBILL 91D-28/08/26,99.05,99.05,99.0,99.0,99.0,99.0,,99.0,,,500,49505.0,2,F1,100,,,,,
2026-07-09,2026-07-09,CM,NSE,STK,11778,INE887G01027,GOKEX,EQ,,,,,GOKALDAS EXPORTS LTD.,809.0,841.6,800.0,831.65,832.5,808.65,,831.65,,,407072,337415739.6,20057,F1,1,,,,,
2026-07-09,2026-07-09,CM,NSE,STK,14480,INE314T01033,GOKULAGRO,EQ,,,,,GOKUL AGRO RESOURCES LTD,207.64,219.26,206.68,212.8,212.5,206.61,,212.8,,,645934,138706459.31,14393,F1,1,,,,,
2026-07-09,2026-07-09,CM,NSE,STK,16705,INE020J01029,GOKUL,EQ,,,,,GOKUL REFOILS & SOLV LTD,40.13,41.0,39.75,40.42,40.25,40.12,,40.42,,,166713,6757509.08,675,F1,1,,,,,
2026-07-09,2026-07-09,CM,NSE,STK,11619,INE973A01010,GOLDENTOBC,BZ,,,,,GOLDEN TOBACCO LIMITED,25.0,26.09,25.0,25.0,25.0,25.0,,25.0,,,198,4959.8,13,F1,1,,,,,
2026-07-09,2026-07-09,CM,NSE,STK,11971,INE025B01025,GOLDIAM,EQ,,,,,GOLDIAM INTERNATIONAL LTD,426.0,433.2,418.75,420.5,421.0,425.05,,420.5,,,962915,408422528.7,18814,F1,1,,,,,
2026-07-09,2026-07-09,CM,NSE,STK,6125,INE127I01024,GOODLUCK,EQ,,,,,GOODLUCK INDIA LIMITED,1455.1,1560.0,1455.1,1549.8,1558.0,1453.6,,1549.7,,,446905,685401558.6,21502,F1,1,,,,,
2026-07-09,2026-07-09,CM,NSE,STK,1205,INE533A01012,GOODYEAR,EQ,,,,,GOODYEAR INDIA LIMITED,771.4,783.9,765.55,770.55,776.0,767.95,,770.65,,,4703,3645776.25,764,F1,1,,,,,
2026-07-09,2026-07-09,CM,NSE,STK,23066,INE0L9R01028,GOPAL,EQ,,,,,GOPAL SNACKS LIMITED,268.0,269.95,267.05,269.05,268.85,268.1,,269.05,,,22566,6062313.65,1006,F1,1,,,,,
2026-07-09,2026-07-09,CM,NSE,STK,11787,INE705X01026,GOYALALUM,EQ,,,,,GOYAL ALUMINIUMS LIMITED,6.8,6.83,6.01,6.61,6.6,6.74,,6.61,,,182677,1182888.01,777,F1,1,,,,,
2026-07-09,2026-07-09,CM,NSE,STK,19356,INE0QFE01017,GOYALSALT,SM,,,,,GOYAL SALT LIMITED,123.95,123.95,123.95,123.95,123.95,120.0,,123.95,,,600,74370.0,1,F1,600,,,,,
2026-07-09,2026-07-09,CM,NSE,STK,24113,INE0S7E01015,GPECO,ST,,,,,GP ECO SOLUTIONS INDIA L,425.0,430.0,405.0,413.75,405.0,419.5,,413.75,,,21000,8769080.0,76,F1,200,,,,,
2026-07-09,2026-07-09,CM,NSE,STK,11584,INE586G01017,GULFPETRO,BE,,,,,GP PETROLEUMS LIMITED,38.25,38.47,37.0,37.95,38.0,37.99,,37.92,,,24715,932204.66,135,F1,1,,,,,
2026-07-09,2026-07-09,CM,NSE,STK,22846,INE486R01017,GPTHEALTH,EQ,,,,,GPT HEALTHCARE LIMITED,150.93,161.0,150.93,158.32,158.5,150.58,,158.32,,,253574,40090001.32,4527,F1,1,,,,,
2026-07-09,2026-07-09,CM,NSE,STK,17685,INE390G01014,GPTINFRA,EQ,,,,,GPT INFRAPROJECTS LTD,122.0,126.0,122.0,123.93,126.0,122.9,,123.93,,,103560,12859923.97,9169,F1,1,,,,,
2026-07-09,2026-07-09,CM,NSE,STK,763301,INE361K01017,GRADIENTE,BE,,,,,GRADIENTE INFOTAINMENT L,3.67,3.67,3.38,3.56,3.59,3.55,,3.56,,,969385,3360049.84,352,F1,1,,,,,
2026-07-09,2026-07-09,CM,NSE,STK,30289,INE12E301017,GCHOTELS,ST,,,,,GRAND CONTINENT HOTELS L,118.3,118.3,113.0,116.5,116.5,118.3,,116.5,,,25200,2909070.0,34,F1,600,,,,,
2026-07-09,2026-07-09,CM,NSE,STK,762695,INE926B01016,GRANDOAK,EQ,,,,,GRAND OAK CANYONS DIST L,47.68,47.68,47.68,47.68,47.68,50.18,,47.68,,,6299,300336.32,50,F1,1,,,,,
2026-07-09,2026-07-09,CM,NSE,STK,11872,INE101D01020,GRANULES,EQ,,,,,GRANULES INDIA LIMITED,859.55,897.45,857.55,882.05,886.6,859.55,,882.0,,,1603256,1412926361.75,40335,F1,1,,,,,
2026-07-09,2026-07-09,CM,NSE,STK,20454,INE0POU01017,GRAPHISAD,SM,,,,,GRAPHISADS LIMITED,27.0,27.0,27.0,27.0,27.0,28.0,,27.0,,,1200,32400.0,1,F1,1200,,,,,
2026-07-09,2026-07-09,CM,NSE,STK,592,INE371A01025,GRAPHITE,EQ,,,,,GRAPHITE INDIA LTD,576.7,586.1,570.0,580.95,586.0,579.35,,580.95,,,632727,366619406.5,30666,F1,1,,,,,
2026-07-09,2026-07-09,CM,NSE,STK,1232,INE047A01021,GRASIM,EQ,,,,,GRASIM INDUSTRIES LTD,3139.0,3222.0,3136.3,3191.9,3196.0,3134.8,,3191.9,,,936756,2992397947.9,48990,F1,1,,,,,
2026-07-09,2026-07-09,CM,NSE,STK,5200,INE266D01021,GRAUWEIL,EQ,,,,,GRAUER & WEIL IND LTD,78.98,81.0,77.51,80.15,80.0,78.0,,80.18,,,313782,25102598.72,2634,F1,1,,,,,
2026-07-09,2026-07-09,CM,NSE,STK,762700,INE214F01026,GRAVISSHO,EQ,,,,,GRAVISS HOSPITALITY LTD.,29.65,30.98,29.65,29.97,29.81,29.64,,30.11,,,633,18811.56,12,F1,1,,,,,
2026-07-09,2026-07-09,CM,NSE,STK,20534,INE024L01027,GRAVITA,EQ,,,,,GRAVITA INDIA LIMITED,1750.0,1853.0,1735.4,1811.4,1810.0,1727.9,,1811.4,,,1466706,2678816467.4,77311,F1,1,,,,,
2026-07-09,2026-07-09,CM,NSE,STK,1235,INE224A01026,GREAVESCOT,EQ,,,,,GREAVES COTTON LTD.,225.69,238.69,224.98,237.23,237.1,224.57,,237.23,,,4112509,962639730.97,40863,F1,1,,,,,
2026-07-09,2026-07-09,CM,NSE,STK,17092,INE0O7P01015,GREENCHEF,SM,,,,,GREENCHEF APPLIANCES LTD,50.0,50.5,49.05,50.5,50.5,48.1,,50.5,,,16000,796600.0,17,F1,800,,,,,
2026-07-09,2026-07-09,CM,NSE,STK,6848,INE544R01021,GREENLAM,EQ,,,,,GREENLAM INDUSTRIES LTD.,250.35,256.4,250.35,255.4,255.7,249.95,,255.4,,,22752,5771871.65,859,F1,1,,,,,
2026-07-09,2026-07-09,CM,NSE,STK,759427,INE0PLX01017,GREENLEAF,ST,,,,,GREENLEAF ENVIROTECH LTD,106.85,107.5,106.0,107.5,107.5,102.4,,107.5,,,20000,2144450.0,20,F1,1000,,,,,
2026-07-09,2026-07-09,CM,NSE,STK,13810,INE08ZM01014,GREENPANEL,EQ,,,,,GREENPANEL INDUSTRIES LTD,189.24,196.0,188.96,190.43,189.5,188.76,,190.44,,,84792,16198442.49,4133,F1,1,,,,,
2026-07-09,2026-07-09,CM,NSE,STK,3987,INE461C01038,GREENPLY,EQ,,,,,GREENPLY INDUSTRIES LTD,313.0,323.45,309.4,311.05,310.65,313.95,,311.05,,,369696,116803396.0,4830,F1,1,,,,,
2026-07-09,2026-07-09,CM,NSE,STK,758986,INE199P01028,GCSL,EQ,,,,,GRETEX CORPORATE SERVICES,474.25,496.0,474.25,489.7,490.1,472.85,,489.75,,,739126,358941479.55,5077,F1,1,,,,,
2026-07-09,2026-07-09,CM,NSE,STK,23562,INE0PC901019,BIRDYS,ST,,,,,GRILL SPLENDOUR SER LTD,90.0,91.0,90.0,91.0,91.0,91.25,,91.0,,,44400,4026000.0,23,F1,1200,,,,,
2026-07-09,2026-07-09,CM,NSE,STK,13560,INE536A01023,GRINDWELL,EQ,,,,,GRINDWELL NORTON LIMITED,2020.0,2052.2,2002.3,2020.7,2022.6,2018.0,,2020.7,,,56220,113709093.2,12771,F1,1,,,,,
2026-07-09,2026-07-09,CM,NSE,STK,10871,INE192H01020,GRMOVER,EQ,,,,,GRM OVERSEAS LIMITED,96.0,99.5,95.59,97.98,98.0,96.53,,97.96,,,1733406,169048391.94,29701,F1,1,,,,,
2026-07-09,2026-07-09,CM,NSE,STK,760971,INE1TY801010,GJL,ST,,,,,GROVER JEWELLS LIMITED,161.0,172.3,160.55,166.0,166.0,169.0,,166.0,,,70400,11752240.0,21,F1,800,,,,,
2026-07-09,2026-07-09,CM,NSE,STK,760051,INF666M01MM4,GROWWCAPM,EQ,,,,,GROWWAMC - GROWWCAPM,11.43,11.6,11.21,11.53,11.6,11.21,,11.53,,,997872,11475245.76,565,F1,1,,,,,
2026-07-09,2026-07-09,CM,NSE,STK,760673,INF666M01NP5,GROWWCHEM,EQ,,,,,GROWWAMC - GROWWCHEM,29.29,29.5,29.01,29.21,29.32,29.1,,29.21,,,32144,941532.98,223,F1,1,,,,,
2026-07-09,2026-07-09,CM,NSE,STK,25758,INF666M01IO8,GROWWDEFNC,EQ,,,,,GROWWAMC - GROWWDEFNC,94.17,94.17,92.59,93.33,93.42,93.43,,93.33,,,286861,26756805.04,2964,F1,1,,,,,
2026-07-09,2026-07-09,CM,NSE,STK,24798,INF666M01IH2,GROWWEV,EQ,,,,,GROWWAMC - GROWWEV,31.0,31.19,30.84,30.92,31.0,30.91,,30.92,,,151653,4704380.69,1336,F1,1,,,,,
2026-07-09,2026-07-09,CM,NSE,STK,25872,INF666M01OE7,GROWWGOLD,EQ,,,,,GROWWAMC - GROWWGOLD,13.87,14.03,13.81,13.99,13.96,13.82,,13.99,,,2885019,40160169.43,2793,F1,1,,,,,
2026-07-09,2026-07-09,CM,NSE,STK,760874,INF666M01OD9,GROWWHOSPI,EQ,,,,,GROWWAMC - GROWWHOSPI,53.32,54.69,52.8,54.06,54.1,53.28,,54.06,,,1216057,65750253.95,1292,F1,1,,,,,
2026-07-09,2026-07-09,CM,NSE,STK,25447,INF666M01IP5,GROWWLIQID,EQ,,,,,GROWWAMC - GROWWLIQID,109.82,109.83,109.82,109.82,109.83,109.81,,109.82,,,142562,15657351.12,257,F1,1,,,,,
2026-07-09,2026-07-09,CM,NSE,STK,758300,INF666M01LB9,GROWWLOVOL,EQ,,,,,GROWWAMC - GROWWLOVOL,10.24,10.39,10.02,10.25,10.23,10.19,,10.25,,,27577,284043.16,111,F1,1,,,,,
2026-07-09,2026-07-09,CM,NSE,STK,759719,INF666M01MV5,GROWWMC150,EQ,,,,,GROWWAMC - GROWWMC150,226.63,229.66,226.63,228.53,228.53,226.32,,228.53,,,378,86405.82,23,F1,1,,,,,
2026-07-09,2026-07-09,CM,NSE,STK,760438,INF666M01NI0,GROWWMETAL,EQ,,,,,GROWWAMC - GROWWMETAL,11.87,12.1,11.7,11.93,11.93,11.88,,11.93,,,246866,2938392.92,1277,F1,1,,,,,
2026-07-09,2026-07-09,CM,NSE,STK,756086,INF666M01KJ4,GROWWMOM50,EQ,,,,,GROWWAMC - GROWWMOM50,10.48,10.63,10.31,10.58,10.61,10.48,,10.58,,,80861,856118.93,347,F1,1,,,,,
2026-07-09,2026-07-09,CM,NSE,STK,29872,INF666M01JV1,GROWWN200,EQ,,,,,GROWWAMC - GROWWN200,11.1,11.29,11.1,11.25,11.26,11.14,,11.25,,,45088,506628.8,168,F1,1,,,,,
2026-07-09,2026-07-09,CM,NSE,STK,757814,INF666M01LI4,GROWWNET,EQ,,,,,GROWWAMC - GROWWNET,9.89,10.02,9.55,9.97,10.02,9.7,,9.97,,,863675,8606870.96,637,F1,1,,,,,
2026-07-09,2026-07-09,CM,NSE,STK,758697,INF666M01LL8,GROWWNIFTY,EQ,,,,,GROWWAMC - GROWWNIFTY,9.9,9.94,9.62,9.66,9.66,9.66,,9.66,,,589976,5720613.54,4312,F1,1,,,,,
2026-07-09,2026-07-09,CM,NSE,STK,759458,INF666M01LZ8,GROWWNXT50,EQ,,,,,GROWWAMC - GROWWNXT50,71.2,71.93,71.2,71.7,71.43,71.11,,71.7,,,5796,415473.84,101,F1,1,,,,,
2026-07-09,2026-07-09,CM,NSE,STK,758165,INF666M01LM6,GROWWPOWER,EQ,,,,,GROWWAMC - GROWWPOWER,11.73,11.77,11.6,11.63,11.67,11.64,,11.63,,,1976851,23073513.74,2332,F1,1,,,,,
2026-07-09,2026-07-09,CM,NSE,STK,760976,INF666M01NQ3,GROWWPSE,EQ,,,,,GROWWAMC - GROWWPSE,97.5,99.14,96.08,98.61,98.79,98.46,,98.61,,,2556,251727.71,69,F1,1,,,,,
2026-07-09,2026-07-09,CM,NSE,STK,761514,INF666M01OG2,GROWWPSUBK,EQ,,,,,GROWWAMC - GROWWPSUBK,77.57,82.68,77.57,82.18,82.55,81.23,,82.18,,,13268,1089974.58,183,F1,1,,,,,
2026-07-09,2026-07-09,CM,NSE,STK,29527,INF666M01JJ6,GROWWRAIL,EQ,,,,,GROWWAMC - GROWWRAIL,28.54,28.63,28.31,28.51,28.59,28.45,,28.51,,,459374,13105263.72,1837,F1,1,,,,,
2026-07-09,2026-07-09,CM,NSE,STK,759428,INF666M01MN2,GROWWRLTY,EQ,,,,,GROWWAMC - GROWWRLTY,9.81,10.19,9.81,10.13,9.93,9.81,,10.13,,,629629,6317576.0,606,F1,1,,,,,
2026-07-09,2026-07-09,CM,NSE,STK,759522,INF666M01MO0,GROWWSC250,EQ,,,,,GROWWAMC - GROWWSC250,10.64,10.64,10.15,10.3,10.27,10.18,,10.3,,,84708,873181.56,401,F1,1,,,,,
2026-07-09,2026-07-09,CM,NSE,STK,756827,INF666M01OF4,GROWWSLVR,EQ,,,,,GROWWAMC - GROWWSLVR,21.43,21.9,21.32,21.82,21.83,21.5,,21.82,,,2920754,62933590.83,3103,F1,1,,,,,
2026-07-09,2026-07-09,CM,NSE,STK,763572,INF666M01OT5,PVTBKGROWW,EQ,,,,,GROWWAMC - PVTBKGROWW,27.97,27.97,27.71,27.79,27.76,27.71,,27.79,,,18088,503139.44,112,F1,1,,,,,
2026-07-09,2026-07-09,CM,NSE,STK,751745,INF666M01PG9,SMALLGROWW,EQ,,,,,GROWWAMC - SMALLGROWW,46.58,47.05,46.08,46.78,46.69,46.08,,46.78,,,10560,493731.92,113,F1,1,,,,,
2026-07-09,2026-07-09,CM,NSE,STK,6543,INE137I01015,GRPLTD,EQ,,,,,GRP LIMITED,1910.5,1959.0,1900.0,1941.9,1950.0,1898.2,,1942.0,,,2832,5477792.6,464,F1,1,,,,,
2026-07-09,2026-07-09,CM,NSE,STK,23888,INE0SQY01018,GSMFOILS,SM,,,,,GSM FOILS LIMITED,246.0,256.0,240.3,254.8,256.0,241.35,,254.8,,,65000,16266775.0,113,F1,500,,,,,
2026-07-09,2026-07-09,CM,NSE,STK,762239,INE713R01022,GSPCROP,EQ,,,,,GSP CROP SCIENCE LIMITED,388.0,401.35,385.6,394.7,392.0,384.45,,394.7,,,401612,158435954.75,3143,F1,1,,,,,
2026-07-09,2026-07-09,CM,NSE,STK,15351,INE871H01011,GSS,BE,,,,,GSS INFOTECH LIMITED,12.88,12.88,12.35,12.44,12.44,12.4,,12.44,,,6034,75974.5,41,F1,1,,,,,
2026-07-09,2026-07-09,CM,NSE,STK,13745,INE221H01019,GTLINFRA,EQ,,,,,GTL INFRA.LTD,1.31,1.35,1.31,1.32,1.33,1.31,,1.32,,,28667090,38092071.25,12753,F1,1,,,,,
2026-07-09,2026-07-09,CM,NSE,STK,1162,INE043A01012,GTL,EQ,,,,,GTL LTD,7.33,7.5,7.23,7.31,7.35,7.33,,7.31,,,183922,1354352.66,613,F1,1,,,,,
2026-07-09,2026-07-09,CM,NSE,STK,21195,INE869I01013,GTPL,EQ,,,,,GTPL HATHWAY LIMITED,61.1,61.49,58.4,59.23,58.91,59.6,,59.25,,,37214,2227674.94,690,F1,1,,,,,
2026-07-09,2026-07-09,CM,NSE,STK,11606,INE742B01025,GUFICBIO,EQ,,,,,GUFIC BIOSCIENCES LTD.,377.2,391.35,377.2,386.95,387.8,380.05,,386.95,,,132008,50663486.4,3561,F1,1,,,,,
2026-07-09,2026-07-09,CM,NSE,STK,1145,INE162A01010,GIPCL,EQ,,,,,GUJ IND POW CO. LTD,157.51,164.85,156.71,162.96,162.61,157.33,,162.94,,,550406,89257586.5,7977,F1,1,,,,,
2026-07-09,2026-07-09,CM,NSE,STK,1174,INE113A01013,GNFC,EQ,,,,,GUJ NAR VAL FER & CHEM L,498.0,509.85,497.7,504.6,504.1,497.7,,504.6,,,211498,106803732.05,9729,F1,1,,,,,
2026-07-09,2026-07-09,CM,NSE,STK,1247,INE026A01025,GSFC,EQ,,,,,GUJ STATE FERT & CHEM LTD,159.35,162.59,159.1,161.64,162.5,159.29,,161.64,,,489859,78840820.89,6755,F1,1,,,,,
2026-07-09,2026-07-09,CM,NSE,STK,14677,INE826C01016,GUJAPOLLO,EQ,,,,,GUJ. APOLLO IND. LTD.,353.95,369.9,345.05,348.65,351.0,346.65,,349.2,,,41583,14649974.05,1640,F1,1,,,,,
2026-07-09,2026-07-09,CM,NSE,STK,1267,INE186A01019,GUJALKALI,EQ,,,,,GUJARAT ALKALIES & CHEM,582.2,593.0,582.2,590.85,592.3,582.2,,590.8,,,16025,9445710.65,1134,F1,1,,,,,
2026-07-09,2026-07-09,CM,NSE,STK,8828,INE036B01030,GAEL,EQ,,,,,GUJARAT AMBUJA EXPORTS LT,160.71,161.85,155.6,158.41,156.9,159.3,,158.43,,,1309602,209041450.57,11012,F1,1,,,,,
2026-07-09,2026-07-09,CM,NSE,STK,10603,INE844O01030,GUJENERGY,BE,,,,,GUJARAT ENERGY LIMITED,290.4,290.4,285.0,286.45,285.9,286.85,,286.55,,,731679,211223427.9,9683,F1,1,,,,,
2026-07-09,2026-07-09,CM,NSE,STK,13750,INE09N301011,FLUOROCHEM,EQ,,,,,GUJARAT FLUOROCHEM LTD,3843.9,3910.8,3827.9,3863.6,3860.7,3849.4,,3863.7,,,50636,196367721.9,7332,F1,1,,,,,
2026-07-09,2026-07-09,CM,NSE,STK,761197,INE0V0W01025,GKSL,EQ,,,,,GUJARAT KIDNEY N SUP SP L,129.2,133.38,129.01,130.98,131.22,128.55,,130.98,,,252281,33248214.05,3961,F1,1,,,,,
2026-07-09,2026-07-09,CM,NSE,STK,8412,INE540A01017,GLFL,BE,,,,,GUJARAT LEASE FINANCING L,5.97,5.97,5.97,5.97,5.97,5.95,,5.97,,,102,608.94,2,F1,1,,,,,
2026-07-09,2026-07-09,CM,NSE,STK,5204,INE131A01031,GMDCLTD,EQ,,,,,GUJARAT MINERAL DEV CORP,585.0,596.75,579.75,586.1,586.6,583.55,,586.05,,,892071,525045816.25,22675,F1,1,,,,,
2026-07-09,2026-07-09,CM,NSE,STK,762690,INE207H01018,GNRL,EQ,,,,,GUJARAT NATURAL RES L,103.0,104.7,101.7,102.33,102.5,102.81,,102.34,,,100429,10352997.07,2013,F1,1,,,,,
2026-07-09,2026-07-09,CM,NSE,STK,19731,INE517F01014,GPPL,EQ,,,,,GUJARAT PIPAVAV PORT LTD,152.0,152.89,150.89,152.32,152.2,150.27,,152.32,,,742019,112964210.45,14423,F1,1,,,,,
2026-07-09,2026-07-09,CM,NSE,STK,4548,INE610B01024,GUJRAFFIA,EQ,,,,,GUJARAT RAFFIA INDUST LTD,41.46,41.46,39.84,40.67,40.67,39.84,,40.67,,,7739,316032.01,54,F1,1,,,,,
2026-07-09,2026-07-09,CM,NSE,STK,29731,INE942C01045,GUJTHEM,EQ,,,,,GUJARAT THEMIS BIOSYN LTD,369.65,379.35,369.05,374.55,375.8,366.4,,374.55,,,38626,14452233.4,1255,F1,1,,,,,
2026-07-09,2026-07-09,CM,NSE,STK,4391,INE635Q01029,GULFOILLUB,EQ,,,,,GULF OIL LUB. IND. LTD.,1036.8,1051.0,1030.8,1044.3,1051.0,1039.4,,1044.3,,,45109,46951829.6,4885,F1,1,,,,,
2026-07-09,2026-07-09,CM,NSE,STK,6286,INE255D01024,GULPOLY,EQ,,,,,GULSHAN POLYOLS LIMITED,184.8,187.0,183.0,184.02,185.75,184.38,,183.98,,,126412,23376729.21,2521,F1,1,,,,,
2026-07-09,2026-07-09,CM,NSE,STK,759264,INE1CCX01012,GURUNANAK,ST,,,,,GURUNANAK AGRICULTUR IN L,44.0,44.0,44.0,44.0,44.0,44.0,,44.0,,,1600,70400.0,1,F1,1600,,,,,
2026-07-09,2026-07-09,CM,NSE,STK,13229,INE251H01024,GVKPIL,BE,,,,,GVK POW. & INFRA LTD.,2.56,2.59,2.51,2.52,2.53,2.56,,2.52,,,732555,1852822.45,912,F1,1,,,,,
2026-07-09,2026-07-09,CM,NSE,STK,10865,INE382T01030,GVPTECH,EQ,,,,,GVP INFOTECH LIMITED,6.79,7.09,6.79,6.89,6.9,6.79,,6.89,,,38390,265966.3,234,F1,1,,,,,
2026-07-09,2026-07-09,CM,NSE,STK,762712,INE640B01021,HBESD,EQ,,,,,H B ESTATE DEVELOPERS L,72.96,79.94,71.25,74.29,75.0,72.96,,74.35,,,654,49298.81,38,F1,1,,,,,
2026-07-09,2026-07-09,CM,NSE,STK,1672,INE926X01010,HGINFRA,EQ,,,,,H.G.INFRA ENGINEERING LTD,548.4,558.8,548.0,555.9,558.55,549.75,,555.9,,,32641,18085752.2,2094,F1,1,,,,,
2026-07-09,2026-07-09,CM,NSE,STK,760715,INE115S01010,HALDER,EQ,,,,,HALDER VENTURE LIMITED,219.34,239.9,219.34,238.41,239.89,219.34,,238.07,,,581,134567.77,56,F1,1,,,,,
2026-07-09,2026-07-09,CM,NSE,STK,762708,INE506D01020,HALDYNGL,BE,,,,,HALDYN GLASS LTD.,117.2,120.75,117.2,118.96,120.5,118.52,,118.97,,,7975,948215.71,96,F1,1,,,,,
2026-07-09,2026-07-09,CM,NSE,STK,21551,INE320X01016,HALEOSLABS,EQ,,,,,HALEOS LABS LIMITED,1538.9,1585.9,1536.4,1546.8,1558.0,1546.8,,1546.8,,,292,451969.9,84,F1,1,,,,,
2026-07-09,2026-07-09,CM,NSE,STK,13592,INE596H01014,HGM,EQ,,,,,HANDSON GBL MNGMNT LTD,50.0,50.89,49.34,49.55,49.5,49.3,,49.54,,,1686,84297.62,36,F1,1,,,,,
2026-07-09,2026-07-09,CM,NSE,STK,48,INE419U01012,HAPPSTMNDS,EQ,,,,,HAPPIEST MINDS TECHNO LTD,345.15,373.8,344.85,365.6,365.4,344.35,,365.6,,,3673850,1346957162.55,78152,F1,1,,,,,
2026-07-09,2026-07-09,CM,NSE,STK,20854,INE330T01021,HAPPYFORGE,EQ,,,,,HAPPY FORGINGS LIMITED,1510.0,1585.0,1510.0,1564.1,1565.0,1520.8,,1563.9,,,94692,148671306.2,11563,F1,1,,,,,
2026-07-09,2026-07-09,CM,NSE,STK,757668,INE0TLP01015,WHITEFORCE,ST,,,,,HAPPY SQUARE OUTSOURC S L,38.05,41.0,38.0,40.35,41.0,39.05,,40.35,,,9600,377680.0,6,F1,1600,,,,,
2026-07-09,2026-07-09,CM,NSE,STK,8962,INE626Z01029,HARDWYN,EQ,,,,,HARDWYN INDIA LIMITED,25.16,25.19,24.3,24.45,24.45,24.67,,24.45,,,2858078,70447005.59,2554,F1,1,,,,,
2026-07-09,2026-07-09,CM,NSE,STK,8968,INE00EV01017,HARIOMPIPE,EQ,,,,,HARIOM PIPE INDUSTRIES L,383.9,391.8,381.0,382.85,383.5,384.65,,382.85,,,129675,50091191.7,4456,F1,1,,,,,
2026-07-09,2026-07-09,CM,NSE,STK,1313,INE544A01019,HARRMALAYA,EQ,,,,,HARRISON MALAYALAM LTD,204.0,204.0,200.0,201.15,201.69,199.07,,201.14,,,5034,1014508.59,285,F1,1,,,,,
2026-07-09,2026-07-09,CM,NSE,STK,11162,INE0JUS01029,HARSHA,EQ,,,,,HARSHA ENGINEERS INT LTD,420.0,426.35,417.0,420.7,422.45,417.85,,420.75,,,105217,44428458.5,4155,F1,1,,,,,
2026-07-09,2026-07-09,CM,NSE,STK,18154,INE982F01036,HATHWAY,EQ,,,,,HATHWAY CABLE & DATACOM,10.84,11.02,10.77,10.89,10.9,10.79,,10.89,,,1372992,14990776.73,4068,F1,1,,,,,
2026-07-09,2026-07-09,CM,NSE,STK,3892,INE473B01035,HATSUN,EQ,,,,,HATSUN AGRO PRODUCT LTD.,907.1,908.95,902.55,904.6,903.0,902.35,,904.6,,,14930,13507383.35,2048,F1,1,,,,,
2026-07-09,2026-07-09,CM,NSE,STK,9819,INE176B01034,HAVELLS,EQ,,,,,HAVELLS INDIA LIMITED,1212.0,1223.0,1182.6,1190.8,1194.5,1207.8,,1190.8,,,2319664,2782107968.4,70861,F1,1,,,,,
2026-07-09,2026-07-09,CM,NSE,STK,4444,INE979B01015,HAWKINCOOK,EQ,,,,,HAWKINS COOKERS LTD,8820.0,9048.0,8795.0,8964.0,8990.0,8799.0,,8962.0,,,3067,27511823.5,718,F1,1,,,,,
2026-07-09,2026-07-09,CM,NSE,STK,4118,INE550B01022,HBSL,BE,,,,,HB STOCKHOLDINGS LIMITED,51.3,51.95,50.0,51.9,51.9,51.83,,51.83,,,1025,52325.16,31,F1,1,,,,,
2026-07-09,2026-07-09,CM,NSE,STK,13966,INE292B01021,HBLENGINE,EQ,,,,,HBL ENGINEERING LTD,755.05,777.85,755.05,760.15,763.4,757.05,,760.2,,,825252,631178875.65,30491,F1,1,,,,,
2026-07-09,2026-07-09,CM,NSE,STK,1327,INE236A01020,HCL-INSYS,EQ,,,,,HCL INFOSYSTEMS LTD,11.84,12.14,11.75,11.9,12.09,11.73,,11.89,,,186601,2223405.6,730,F1,1,,,,,
2026-07-09,2026-07-09,CM,NSE,STK,7229,INE860A01027,HCLTECH,EQ,,,,,HCL TECHNOLOGIES LTD,1144.1,1161.9,1121.0,1150.4,1151.0,1145.6,,1150.3,,,2033525,2332126378.8,75969,F1,1,,,,,
2026-07-09,2026-07-09,CM,NSE,STK,757772,INE756I01012,HDBFS,EQ,,,,,HDB FINANCIAL SERVICES L,723.0,737.9,721.05,734.9,735.45,726.9,,734.9,,,413331,301701072.55,25943,F1,1,,,,,
2026-07-09,2026-07-09,CM,NSE,STK,4244,INE127D01025,HDFCAMC,EQ,,,,,HDFC AMC LIMITED,2675.0,2744.9,2662.3,2737.1,2737.7,2659.2,,2737.1,,,1437375,3912639033.4,50592,F1,1,,,,,
2026-07-09,2026-07-09,CM,NSE,STK,1333,INE040A01034,HDFCBANK,EQ,,,,,HDFC BANK LTD,813.0,822.85,812.3,817.55,817.0,810.3,,817.6,,,39891798,32656870500.6,336701,F1,1,,,,,
2026-07-09,2026-07-09,CM,NSE,STK,19543,INF179KC1981,HDFCGOLD,EQ,,,,,HDFC GOLD ETF,120.99,122.49,120.82,122.26,122.3,120.98,,122.26,,,2055024,250544524.85,8736,F1,1,,,,,
2026-07-09,2026-07-09,CM,NSE,STK,467,INE795G01014,HDFCLIFE,EQ,,,,,HDFC LIFE INS CO LTD,557.0,560.75,551.0,551.85,552.4,555.7,,551.95,,,8590339,4760733263.2,72689,F1,1,,,,,
2026-07-09,2026-07-09,CM,NSE,STK,14230,INF179KC1EZ4,HDFCBSE500,EQ,,,,,HDFCAMC - HDFCBSE500,37.05,39.0,36.93,37.3,39.0,37.04,,37.34,,,544094,20277727.86,232,F1,1,,,,,
2026-07-09,2026-07-09,CM,NSE,STK,11241,INF179KC1DJ0,HDFCGROWTH,EQ,,,,,HDFCAMC - HDFCGROWTH,113.44,113.95,113.0,113.16,113.14,113.53,,113.16,,,26803,3039113.92,203,F1,1,,,,,
2026-07-09,2026-07-09,CM,NSE,STK,18279,INF179KC1JG3,HDFCLIQUID,EQ,,,,,HDFCAMC - HDFCLIQUID,1068.47,1068.47,1068.45,1068.45,1068.47,1068.31,,1068.45,,,19839,21197183.83,39,F1,1,,,,,
2026-07-09,2026-07-09,CM,NSE,STK,11547,INF179KC1HU8,HDFCLOWVOL,EQ,,,,,HDFCAMC - HDFCLOWVOL,20.45,20.55,20.37,20.48,20.42,20.31,,20.47,,,4802,98373.1,63,F1,1,,,,,
2026-07-09,2026-07-09,CM,NSE,STK,14236,INF179KC1HT0,HDFCMID150,EQ,,,,,HDFCAMC - HDFCMID150,22.87,23.18,22.87,23.08,23.09,22.77,,23.08,,,445452,10284778.99,1109,F1,1,,,,,
2026-07-09,2026-07-09,CM,NSE,STK,11538,INF179KC1HV6,HDFCMOMENT,EQ,,,,,HDFCAMC - HDFCMOMENT,30.61,30.65,30.41,30.5,30.65,30.31,,30.49,,,42315,1291767.07,407,F1,1,,,,,
2026-07-09,2026-07-09,CM,NSE,STK,10619,INF179KC1HS2,HDFCNEXT50,EQ,,,,,HDFCAMC - HDFCNEXT50,72.57,73.23,72.48,72.81,73.2,72.27,,72.8,,,367551,26776103.58,823,F1,1,,,,,
2026-07-09,2026-07-09,CM,NSE,STK,10633,INF179KC1HR4,HDFCNIF100,EQ,,,,,HDFCAMC - HDFCNIF100,25.8,25.98,25.72,25.85,25.88,25.72,,25.85,,,19789,512589.59,241,F1,1,,,,,
2026-07-09,2026-07-09,CM,NSE,STK,22433,INF179KC1HY0,HDFCNIFBAN,EQ,,,,,HDFCAMC - HDFCNIFBAN,58.57,59.21,58.57,58.99,59.19,58.48,,58.99,,,1797100,106020302.3,1663,F1,1,,,,,
2026-07-09,2026-07-09,CM,NSE,STK,12101,INF179KC1IA8,HDFCNIFIT,EQ,,,,,HDFCAMC - HDFCNIFIT,28.59,29.5,28.56,29.24,29.32,29.33,,29.23,,,161712,4731622.31,372,F1,1,,,,,
2026-07-09,2026-07-09,CM,NSE,STK,11591,INF179KC1965,HDFCNIFTY,EQ,,,,,HDFCAMC - HDFCNIFTY,262.27,271.43,262.27,269.64,270.3,269.0,,269.69,,,75491,20420594.59,709,F1,1,,,,,
2026-07-09,2026-07-09,CM,NSE,STK,12108,INF179KC1HZ7,HDFCPVTBAN,EQ,,,,,HDFCAMC - HDFCPVTBAN,28.29,28.65,28.17,28.34,28.65,28.0,,28.34,,,158270,4480273.69,319,F1,1,,,,,
2026-07-09,2026-07-09,CM,NSE,STK,11255,INF179KC1DL6,HDFCQUAL,EQ,,,,,HDFCAMC - HDFCQUAL,57.5,57.5,56.46,56.53,56.67,56.75,,56.53,,,25103,1421089.77,153,F1,1,,,,,
2026-07-09,2026-07-09,CM,NSE,STK,11593,INF179KC1HX2,HDFCSENSEX,EQ,,,,,HDFCAMC - HDFCSENSEX,87.32,87.6,86.56,87.04,87.27,86.82,,87.04,,,28251,2465767.53,477,F1,1,,,,,
2026-07-09,2026-07-09,CM,NSE,STK,10876,INF179KC1DI2,HDFCSILVER,EQ,,,,,HDFCAMC - HDFCSILVER,208.89,213.72,207.87,213.14,213.35,209.94,,213.14,,,2762914,584549232.18,14383,F1,1,,,,,
2026-07-09,2026-07-09,CM,NSE,STK,14233,INF179KC1FB2,HDFCSML250,EQ,,,,,HDFCAMC - HDFCSML250,181.69,181.69,177.26,180.15,180.6,177.26,,180.15,,,1129664,202842414.56,6953,F1,1,,,,,
2026-07-09,2026-07-09,CM,NSE,STK,11260,INF179KC1DK8,HDFCVALUE,EQ,,,,,HDFCAMC - HDFCVALUE,125.9,126.48,125.79,126.08,125.83,125.9,,126.08,,,4118,518691.6,62,F1,1,,,,,
2026-07-09,2026-07-09,CM,NSE,STK,22595,INF179KC1HW4,HDFCPSUBK,EQ,,,,,HDFCAMC HDFCPSUBK,81.87,83.2,81.87,83.02,83.12,81.86,,83.02,,,392271,32483534.78,482,F1,1,,,,,
2026-07-09,2026-07-09,CM,NSE,STK,19205,INE759V01019,HEADSUP,EQ,,,,,HEADS UP VENTURES LIMITED,7.09,7.09,6.86,6.93,6.93,6.92,,6.93,,,67355,474600.31,66,F1,1,,,,,
2026-07-09,2026-07-09,CM,NSE,STK,20063,INE019J01013,HEALTHX,EQ,,,,,HEALTH X PLATFORM LIMITED,312.1,338.5,311.8,329.65,337.0,314.65,,330.1,,,39421,12940173.5,1870,F1,1,,,,,
2026-07-09,2026-07-09,CM,NSE,STK,15555,INE075I01017,HCG,EQ,,,,,HEALTHCARE GLOB. ENT. LTD,634.5,659.1,634.45,652.7,655.0,634.5,,652.7,,,112108,73001765.75,7950,F1,1,,,,,
2026-07-09,2026-07-09,CM,NSE,STK,7425,INE558R01013,HECPROJECT,EQ,,,,,HEC INFRA PROJECTS LTD,131.97,137.93,131.97,134.94,135.49,128.96,,134.94,,,18843,2539623.81,466,F1,1,,,,,
2026-07-09,2026-07-09,CM,NSE,STK,1336,INE545A01024,HEG,EQ,,,,,HEG LTD,527.95,529.95,509.1,514.25,515.8,526.65,,514.25,,,1102977,573244101.35,36737,F1,1,,,,,
2026-07-09,2026-07-09,CM,NSE,STK,2316,INE578A01017,HEIDELBERG,EQ,,,,,HEIDELBERGCEMENT (I) LTD,159.02,160.58,156.51,157.01,157.6,159.02,,157.01,,,116680,18463938.48,2946,F1,1,,,,,
2026-07-09,2026-07-09,CM,NSE,STK,701,INE0AJG01018,HEMIPROP,EQ,,,,,HEMISPHERE PROP IND LTD,135.95,137.65,135.95,136.88,136.99,135.76,,136.88,,,254272,34814215.76,2334,F1,1,,,,,
2026-07-09,2026-07-09,CM,NSE,STK,2614,INE694N01015,HERANBA,EQ,,,,,HERANBA INDUSTRIES LTD,179.2,181.46,177.35,177.71,178.0,179.72,,177.71,,,37440,6701833.47,1580,F1,1,,,,,
2026-07-09,2026-07-09,CM,NSE,STK,4598,INE978A01027,HERITGFOOD,EQ,,,,,HERITAGE FOODS LTD,325.1,338.5,325.1,334.75,335.0,327.8,,334.75,,,292103,97492282.65,6741,F1,1,,,,,
2026-07-09,2026-07-09,CM,NSE,STK,1348,INE158A01026,HEROMOTOCO,EQ,,,,,HERO MOTOCORP LIMITED,4880.0,4915.0,4828.0,4898.5,4900.0,4892.8,,4898.5,,,534195,2611939064.5,44619,F1,1,,,,,
2026-07-09,2026-07-09,CM,NSE,STK,7048,INE782E01017,HESTERBIO,EQ,,,,,HESTER BIOSCIENCES LTD,2088.0,2152.6,2079.1,2102.2,2090.0,2087.8,,2102.1,,,2790,5915189.9,652,F1,1,,,,,
2026-07-09,2026-07-09,CM,NSE,STK,27008,INE750M01017,HEXATRADEX,EQ,,,,,HEXA TRADEX LIMITED,157.0,160.0,155.22,158.01,158.0,158.35,,158.01,,,4237,670060.92,92,F1,1,,,,,
2026-07-09,2026-07-09,CM,NSE,STK,750089,INE0JUI01012,HEXAGON,EQ,,,,,HEXAGON NUTRITION LIMITED,67.99,70.0,65.84,68.45,68.88,65.69,,68.44,,,1655678,113111163.19,10250,F1,1,,,,,
2026-07-09,2026-07-09,CM,NSE,STK,29666,INE093A01041,HEXT,EQ,,,,,HEXAWARE TECHNOLOGIES LTD,524.45,544.0,512.5,539.25,540.0,522.25,,539.15,,,761950,406522086.65,15456,F1,1,,,,,
2026-07-09,2026-07-09,CM,NSE,STK,21951,INE548A01028,HFCL,EQ,,,,,HFCL LIMITED,213.5,217.45,208.81,214.68,217.25,214.74,,214.69,,,21988011,4697294223.18,114026,F1,1,,,,,
2026-07-09,2026-07-09,CM,NSE,STK,18794,INE0PIC01017,HIGREEN,SM,,,,,HI GREEN CARBON LIMITED,139.0,144.5,139.0,143.45,144.2,138.75,,143.45,,,21600,3062840.0,27,F1,800,,,,,
2026-07-09,2026-07-09,CM,NSE,STK,2868,INE106T01025,HITECH,EQ,,,,,HI-TECH PIPES LIMITED,85.2,86.18,83.55,84.33,84.5,84.73,,84.32,,,1560780,132529940.17,7708,F1,1,,,,,
2026-07-09,2026-07-09,CM,NSE,STK,759104,INE00RL01028,HILINFRA,BE,,,,,HIGHWAY INFRASTRUCTURE L,46.0,46.1,45.01,45.21,45.3,45.14,,45.24,,,29478,1339253.7,308,F1,1,,,,,
2026-07-09,2026-07-09,CM,NSE,STK,9668,INE475B01022,HIKAL,EQ,,,,,HIKAL LIMITED,228.0,241.9,228.0,233.59,234.96,228.78,,233.59,,,1713350,406049706.7,22171,F1,1,,,,,
2026-07-09,2026-07-09,CM,NSE,STK,14631,INE788H01017,HILTON,BE,,,,,HILTON METAL FORGING LTD,23.5,23.75,22.52,23.03,23.01,23.11,,23.03,,,73658,1718480.16,213,F1,1,,,,,
2026-07-09,2026-07-09,CM,NSE,STK,14334,INE019C01026,HSCL,EQ,,,,,HIMADRI SPECIALITY CHEM L,642.0,659.55,638.5,650.05,650.8,640.85,,650.05,,,4897333,3189486156.95,37989,F1,1,,,,,
2026-07-09,2026-07-09,CM,NSE,STK,1360,INE049A01027,HIMATSEIDE,EQ,,,,,HIMATSINGKA SEIDE LTD,82.17,87.11,82.17,85.39,85.63,82.17,,85.39,,,897655,76704457.85,9014,F1,1,,,,,
2026-07-09,2026-07-09,CM,NSE,STK,13890,INE835D01023,HIRECT,EQ,,,,,HIND RECTIFIER LIMITED,1015.3,1049.7,1015.3,1041.0,1041.0,1025.2,,1041.0,,,47931,49773069.7,3976,F1,1,,,,,
2026-07-09,2026-07-09,CM,NSE,STK,1363,INE038A01020,HINDALCO,EQ,,,,,HINDALCO  INDUSTRIES  LTD,971.7,973.95,954.65,963.45,961.6,971.65,,963.45,,,6043658,5811902535.5,106399,F1,1,,,,,
2026-07-09,2026-07-09,CM,NSE,STK,4924,INE642Y01029,HINDCON,BE,,,,,HINDCON CHEMICALS LIMITED,21.5,22.5,21.06,21.48,21.59,21.64,,21.48,,,8669,187340.73,137,F1,1,,,,,
2026-07-09,2026-07-09,CM,NSE,STK,11796,INE05X901010,HPIL,EQ,,,,,HINDPRAKASH INDUSTRY LTD,124.0,124.0,122.0,123.06,122.0,123.65,,123.06,,,166,20467.51,13,F1,1,,,,,
2026-07-09,2026-07-09,CM,NSE,STK,14712,INE170I01016,HGS,EQ,,,,,HINDUJA GLOBAL SOLS. LTD.,403.0,411.9,403.0,409.9,411.8,405.9,,409.8,,,14516,5945411.75,753,F1,1,,,,,
2026-07-09,2026-07-09,CM,NSE,STK,2303,INE066F01020,HAL,EQ,,,,,HINDUSTAN AERONAUTICS LTD,4350.0,4397.5,4331.0,4378.9,4394.0,4364.7,,4378.5,,,584196,2551901351.0,40374,F1,1,,,,,
2026-07-09,2026-07-09,CM,NSE,STK,1372,INE310C01029,HINDCOMPOS,EQ,,,,,HINDUSTAN COMPOSITES LTD.,437.95,444.9,432.85,439.75,440.8,437.75,,439.7,,,5003,2197502.4,249,F1,1,,,,,
2026-07-09,2026-07-09,CM,NSE,STK,1375,INE549A01026,HCC,EQ,,,,,HINDUSTAN CONSTRUCTION CO,22.8,23.85,22.75,23.42,23.4,22.8,,23.42,,,39226487,913922287.77,41489,F1,1,,,,,
2026-07-09,2026-07-09,CM,NSE,STK,17939,INE531E01026,HINDCOPPER,EQ,,,,,HINDUSTAN COPPER LTD,487.5,489.75,483.4,486.45,487.55,487.25,,486.45,,,1571497,764834793.85,35926,F1,1,,,,,
2026-07-09,2026-07-09,CM,NSE,STK,12173,INE254N01026,HNDFDS,EQ,,,,,HINDUSTAN FOODS LIMITED,532.5,551.2,532.5,547.95,550.0,532.5,,547.9,,,59408,32324464.8,3253,F1,1,,,,,
2026-07-09,2026-07-09,CM,NSE,STK,19211,INE871K01015,HMVL,EQ,,,,,HINDUSTAN MEDIA VENT LTD,87.15,91.28,86.08,89.89,91.0,87.54,,89.69,,,31294,2780621.92,824,F1,1,,,,,
2026-07-09,2026-07-09,CM,NSE,STK,1403,INE345A01011,HINDOILEXP,EQ,,,,,HINDUSTAN OIL EXPLORATION,158.14,159.4,153.1,153.81,153.95,156.53,,153.79,,,334994,52339084.25,3828,F1,1,,,,,
2026-07-09,2026-07-09,CM,NSE,STK,1406,INE094A01015,HINDPETRO,EQ,,,,,HINDUSTAN PETROLEUM CORP,386.85,394.0,382.85,392.1,392.3,386.85,,392.1,,,4266757,1664608710.55,53338,F1,1,,,,,
2026-07-09,2026-07-09,CM,NSE,STK,1394,INE030A01027,HINDUNILVR,EQ,,,,,HINDUSTAN UNILEVER LTD.,2139.0,2166.8,2137.1,2144.5,2143.0,2135.8,,2144.4,,,2201039,4736827763.6,84156,F1,1,,,,,
2026-07-09,2026-07-09,CM,NSE,STK,1424,INE267A01025,HINDZINC,EQ,,,,,HINDUSTAN ZINC LIMITED,528.0,531.45,523.1,528.5,528.25,530.3,,528.5,,,2041649,1075791687.7,31865,F1,1,,,,,
2026-07-09,2026-07-09,CM,NSE,STK,15883,INE05AN01011,HINDWAREAP,EQ,,,,,HINDWARE HME INOVATON LTD,238.55,248.95,238.5,245.45,248.8,238.55,,245.45,,,68811,16886630.6,1934,F1,1,,,,,
2026-07-09,2026-07-09,CM,NSE,STK,19322,INE598C01011,HISARMETAL,EQ,,,,,HISAR METAL IND. LIMITED,156.5,156.5,151.5,153.27,154.0,153.28,,153.27,,,367,56382.59,30,F1,1,,,,,
2026-07-09,2026-07-09,CM,NSE,STK,18457,INE07Y701011,POWERINDIA,EQ,,,,,HITACHI ENERGY INDIA LTD,32100.0,32700.0,32060.0,32610.0,32590.0,31755.0,,32610.0,,,101180,3281572780.0,31269,F1,1,,,,,
2026-07-09,2026-07-09,CM,NSE,STK,15165,INE120D01012,HITECHCORP,BE,,,,,HITECH CORPORATION LTD,312.0,327.4,312.0,327.4,327.4,311.85,,327.45,,,50482,16451263.35,366,F1,1,,,,,
2026-07-09,2026-07-09,CM,NSE,STK,2289,INE461D01028,HLEGLAS,EQ,,,,,HLE GLASCOAT LIMITED,403.0,432.45,403.0,418.6,416.4,402.8,,418.6,,,671661,282317267.55,19698,F1,1,,,,,
2026-07-09,2026-07-09,CM,NSE,STK,1448,INE102A01024,HLVLTD,EQ,,,,,HLV LIMITED,7.8,7.8,7.53,7.65,7.6,7.5,,7.65,,,124758,951700.53,526,F1,1,,,,,
2026-07-09,2026-07-09,CM,NSE,STK,17053,INE0ECP01024,HMAAGRO,EQ,,,,,HMA AGRO INDUSTRIES LTD,21.71,21.91,21.5,21.72,21.6,21.72,,21.72,,,183358,3971539.96,827,F1,1,,,,,
2026-07-09,2026-07-09,CM,NSE,STK,761803,INE2T2Q07014,87HMDA36,N0,,,,,HMDA 8.7% 2036 STRPP G,102829.89,102829.89,102829.89,102829.89,102829.89,102806.05,,102829.89,,,20,2056597.8,1,F1,1,,,,,
2026-07-09,2026-07-09,CM,NSE,STK,19698,INE262A01018,HMT,BZ,,,,,HMT LTD -,64.2,65.98,63.51,64.97,64.45,64.37,,64.75,,,10239,657926.11,85,F1,1,,,,,
2026-07-09,2026-07-09,CM,NSE,STK,23826,INE0S6S01017,HOACFOODS,ST,,,,,HOAC FOODS INDIA LIMITED,713.2,713.2,704.9,704.9,704.9,690.2,,704.9,,,1125,799237.5,3,F1,375,,,,,
2026-07-09,2026-07-09,CM,NSE,STK,18649,INE0LXA01019,HOLMARC,SM,,,,,HOLMARC OPTO MECHATRO L,108.55,108.55,108.5,108.5,108.5,103.4,,108.5,,,3750,407025.0,5,F1,750,,,,,
2026-07-09,2026-07-09,CM,NSE,STK,2056,INE481N01025,HOMEFIRST,EQ,,,,,HOME FIRST FIN CO IND LTD,1199.0,1224.5,1188.0,1202.3,1199.7,1199.8,,1202.4,,,140199,169222196.6,12739,F1,1,,,,,
2026-07-09,2026-07-09,CM,NSE,STK,19813,INE0J5401028,HONASA,EQ,,,,,HONASA CONSUMER LIMITED,474.95,478.8,460.5,471.6,472.45,467.6,,471.6,,,1482238,695034330.7,38699,F1,1,,,,,
2026-07-09,2026-07-09,CM,NSE,STK,3138,INE634A01018,HONDAPOWER,EQ,,,,,HONDA I POWER PRODUCT LTD,2074.1,2125.9,2074.1,2103.7,2119.0,2074.1,,2103.6,,,4009,8438445.3,710,F1,1,,,,,
2026-07-09,2026-07-09,CM,NSE,STK,3417,INE671A01010,HONAUT,EQ,,,,,HONEYWELL AUTOMATION IND,38000.0,38650.0,37930.0,38015.0,38100.0,38045.0,,38015.0,,,5473,208286045.0,1893,F1,1,,,,,
2026-07-09,2026-07-09,CM,NSE,STK,17920,INE191I01012,HDIL,BZ,,,,,HOUSING DEV & INFRA LTD,1.7,1.83,1.69,1.69,1.7,1.75,,1.69,,,486471,829794.46,314,F1,1,,,,,
2026-07-09,2026-07-09,CM,NSE,STK,7376,INE0GSL01024,HPAL,EQ,,,,,HP ADHESIVES LIMITED,34.5,35.52,34.5,34.78,34.5,34.79,,34.79,,,28256,986664.06,381,F1,1,,,,,
2026-07-09,2026-07-09,CM,NSE,STK,18679,INE495S01016,HPL,EQ,,,,,HPL ELECTRIC & POWER LTD,342.9,347.7,341.0,344.85,345.95,338.45,,344.85,,,110853,38220557.0,3718,F1,1,,,,,
2026-07-09,2026-07-09,CM,NSE,STK,21107,INE0R3501012,HRHNEXT,SM,,,,,HRH NEXT SERVICES LIMITED,26.2,26.2,26.2,26.2,26.2,26.2,,26.2,,,4500,117900.0,3,F1,1500,,,,,
2026-07-09,2026-07-09,CM,NSE,STK,761506,INF336L01RX2,HSBCGOLD,EQ,,,,,HSBCAMC - HSBCGOLD,123.71,126.5,123.71,125.29,125.3,123.39,,125.29,,,495,61813.09,28,F1,1,,,,,
2026-07-09,2026-07-09,CM,NSE,STK,20825,INE031A01017,HUDCO,EQ,,,,,HSG & URBAN DEV CORPN LTD,204.0,206.56,201.6,204.81,204.91,203.84,,204.81,,,3440513,701394996.16,35309,F1,1,,,,,
2026-07-09,2026-07-09,CM,NSE,STK,11979,INE501G01024,HTMEDIA,EQ,,,,,HT MEDIA LIMITED,24.43,26.1,24.42,25.9,26.09,24.07,,25.91,,,301752,7749675.91,1357,F1,1,,,,,
2026-07-09,2026-07-09,CM,NSE,STK,14203,INE703H01016,HUBTOWN,EQ,,,,,HUBTOWN LIMITED,204.0,207.99,200.83,203.69,203.1,202.06,,203.82,,,493164,100505462.32,4725,F1,1,,,,,
2026-07-09,2026-07-09,CM,NSE,STK,2562,INE275B01026,HUHTAMAKI,EQ,,,,,HUHTAMAKI INDIA LIMITED,203.0,209.39,202.99,207.75,208.4,203.65,,207.75,,,55277,11468081.12,1515,F1,1,,,,,
2026-07-09,2026-07-09,CM,NSE,STK,25708,INE0TO501019,HVAX,SM,,,,,HVAX TECHNOLOGIES LIMITED,635.0,635.0,630.0,630.0,630.0,622.0,,630.0,,,450,285000.0,3,F1,150,,,,,
2026-07-09,2026-07-09,CM,NSE,STK,12814,INE965B01022,HYBRIDFIN,BE,,,,,HYBRID FINANCIAL SERVICE,18.18,19.85,18.18,18.63,18.61,19.09,,18.63,,,15487,295170.66,99,F1,1,,,,,
2026-07-09,2026-07-09,CM,NSE,STK,25844,INE0V6F01027,HYUNDAI,EQ,,,,,HYUNDAI MOTOR INDIA LTD,1916.4,1937.5,1895.4,1926.2,1926.0,1916.9,,1926.2,,,581310,1117000506.1,36712,F1,1,,,,,
2026-07-09,2026-07-09,CM,NSE,STK,14086,INE204A01010,IGPL,EQ,,,,,I G PETROCHEMICALS LTD,428.15,429.95,419.5,422.1,426.9,421.8,,422.15,,,19858,8425963.65,952,F1,1,,,,,
2026-07-09,2026-07-09,CM,NSE,STK,21348,INE0O7401018,IBLFL,SM,,,,,IBL FINANCE LIMITED,55.0,55.0,55.0,55.0,55.0,57.05,,55.0,,,2000,110000.0,1,F1,2000,,,,,
2026-07-09,2026-07-09,CM,NSE,STK,6977,INE613B01010,ICDSLTD,EQ,,,,,ICDS LTD,42.55,42.55,39.61,40.0,40.0,41.42,,40.0,,,444,17961.59,16,F1,1,,,,,
2026-07-09,2026-07-09,CM,NSE,STK,489,INE520Y01019,ICEMAKE,EQ,,,,,ICE MAKE REFRIGERAT LTD,751.9,767.75,750.6,757.7,757.3,748.25,,757.7,,,11868,9026902.05,1087,F1,1,,,,,
2026-07-09,2026-07-09,CM,NSE,STK,4963,INE090A01021,ICICIBANK,EQ,,,,,ICICI BANK LTD.,1382.9,1403.6,1377.3,1380.7,1384.0,1380.6,,1380.9,,,13948838,19346861582.2,313842,F1,1,,,,,
2026-07-09,2026-07-09,CM,NSE,STK,21770,INE765G01017,ICICIGI,EQ,,,,,ICICI LOMBARD GIC LIMITED,1820.0,1820.0,1780.2,1794.7,1799.9,1804.2,,1794.7,,,425054,761528108.9,35298,F1,1,,,,,
2026-07-09,2026-07-09,CM,NSE,STK,21254,INF109KC19U5,LOWVOLIETF,EQ,,,,,ICICI PR NIF LW VL 30 ETF,22.5,22.5,21.85,21.98,21.97,21.84,,21.98,,,726949,15990880.39,978,F1,1,,,,,
2026-07-09,2026-07-09,CM,NSE,STK,18652,INE726G01019,ICICIPRULI,EQ,,,,,ICICI PRU LIFE INS CO LTD,481.0,492.4,481.0,490.7,492.05,480.05,,490.7,,,572357,279592137.15,20259,F1,1,,,,,
2026-07-09,2026-07-09,CM,NSE,STK,17702,INF109KC10W0,MIDSELIETF,EQ,,,,,ICICI PRUD MIDCAP SEL ETF,18.63,19.15,18.63,19.08,19.15,18.72,,19.08,,,339763,6465917.87,755,F1,1,,,,,
2026-07-09,2026-07-09,CM,NSE,STK,30392,INF109KC16V9,NIF100IETF,EQ,,,,,ICICI PRUD NIFTY 100 ETF,28.29,28.29,27.74,27.89,28.1,27.74,,27.89,,,145871,4076570.38,1392,F1,1,,,,,
2026-07-09,2026-07-09,CM,NSE,STK,29553,INF109K012R6,NIFTYIETF,EQ,,,,,ICICI PRUD NIFTY ETF,270.37,272.8,270.04,271.2,271.42,270.37,,271.2,,,388469,105603323.92,11415,F1,1,,,,,
2026-07-09,2026-07-09,CM,NSE,STK,4378,INF346A01034,SENSEXIETF,EQ,,,,,ICICI PRUD SENSEX ETF,882.8,887.27,878.9,881.55,884.99,878.41,,881.63,,,9102,8034145.83,408,F1,1,,,,,
2026-07-09,2026-07-09,CM,NSE,STK,760407,INE346A01027,ICICIAMC,EQ,,,,,ICICI PRUDENTIAL AMC LTD,3190.4,3207.1,3158.0,3181.1,3180.0,3149.2,,3181.1,,,387087,1234407617.8,28772,F1,1,,,,,
2026-07-09,2026-07-09,CM,NSE,STK,19679,INF109KC1NT3,GOLDIETF,EQ,,,,,ICICI PRUDENTIAL GOLD ETF,121.16,124.18,121.14,122.8,122.69,121.16,,122.8,,,3776499,462031994.33,28633,F1,1,,,,,
2026-07-09,2026-07-09,CM,NSE,STK,17475,INF109KC11V0,NV20IETF,EQ,,,,,ICICI PRUDENTIAL NV20 ETF,14.05,14.05,13.58,13.63,13.72,13.64,,13.62,,,372433,5085959.78,1705,F1,1,,,,,
2026-07-09,2026-07-09,CM,NSE,STK,522,INF109KB15Y7,ICICIB22,EQ,,,,,ICICIPRAMC - BHARATIWIN,115.98,116.78,115.52,115.92,116.0,115.98,,115.92,,,306946,35692790.36,3205,F1,1,,,,,
2026-07-09,2026-07-09,CM,NSE,STK,30139,INF109K1A021,CASHIETF,EQ,,,,,ICICIPRAMC - CASHIETF,1069.97,1069.99,1069.97,1069.98,1069.99,1069.84,,1069.98,,,524016,560683307.55,147,F1,1,,,,,
2026-07-09,2026-07-09,CM,NSE,STK,755881,INF109K1A153,EVIETF,EQ,,,,,ICICIPRAMC - EVIETF,31.3,31.75,31.0,31.18,31.6,31.04,,31.18,,,333321,10396681.81,500,F1,1,,,,,
2026-07-09,2026-07-09,CM,NSE,STK,13143,INF109KC18O0,GSEC10IETF,EQ,,,,,ICICIPRAMC - ICICI10GS,265.46,265.46,263.1,265.45,265.45,265.16,,265.45,,,818,217135.9,13,F1,1,,,,,
2026-07-09,2026-07-09,CM,NSE,STK,3001,INF109KC1V59,BSE500IETF,EQ,,,,,ICICIPRAMC - ICICI500,38.62,39.53,38.62,38.96,39.01,38.63,,38.96,,,67368,2626979.26,1147,F1,1,,,,,
2026-07-09,2026-07-09,CM,NSE,STK,8342,INF109KC14A8,GSEC5IETF,EQ,,,,,ICICIPRAMC - ICICI5GSEC,66.26,66.42,65.83,65.91,66.42,66.01,,65.91,,,6683,441623.68,31,F1,1,,,,,
2026-07-09,2026-07-09,CM,NSE,STK,22344,INF109KC17V7,ALPL30IETF,EQ,,,,,ICICIPRAMC - ICICIALPLV,27.38,27.71,27.38,27.55,27.56,27.37,,27.55,,,305523,8437131.07,694,F1,1,,,,,
2026-07-09,2026-07-09,CM,NSE,STK,7844,INF109KC10V2,AUTOIETF,EQ,,,,,ICICIPRAMC - ICICIAUTO,27.61,27.87,27.5,27.56,27.58,27.6,,27.56,,,403815,11161847.36,1515,F1,1,,,,,
2026-07-09,2026-07-09,CM,NSE,STK,11386,INF109KC18U7,PVTBANIETF,EQ,,,,,ICICIPRAMC - ICICIBANKP,27.88,28.5,27.88,28.07,28.07,27.88,,28.07,,,6190529,173692570.42,1410,F1,1,,,,,
2026-07-09,2026-07-09,CM,NSE,STK,13198,INF109KC19O8,COMMOIETF,EQ,,,,,ICICIPRAMC - ICICICOMMO,99.53,100.21,99.2,99.48,99.98,99.35,,99.49,,,33320,3323304.15,580,F1,1,,,,,
2026-07-09,2026-07-09,CM,NSE,STK,6446,INF109KC1V42,CONSUMIETF,EQ,,,,,ICICIPRAMC - ICICICONSU,120.74,122.11,120.69,120.91,120.69,120.05,,120.91,,,9521,1155075.73,224,F1,1,,,,,
2026-07-09,2026-07-09,CM,NSE,STK,5306,INF109KC19V3,FMCGIETF,EQ,,,,,ICICIPRAMC - ICICIFMCG,52.73,53.24,52.71,52.89,52.89,52.53,,52.89,,,543781,28823649.06,2190,F1,1,,,,,
2026-07-09,2026-07-09,CM,NSE,STK,10723,INF109KC16E5,INFRAIETF,EQ,,,,,ICICIPRAMC - ICICIINFRA,95.89,96.62,95.33,96.02,96.4,95.21,,96.02,,,77195,7425615.96,1749,F1,1,,,,,
2026-07-09,2026-07-09,CM,NSE,STK,4838,INF109KC1KT9,LIQUIDIETF,EQ,,,,,ICICIPRAMC - ICICILIQ,999.99,1000.01,999.99,999.99,1000.0,999.99,,999.99,,,410852,410851959.9,183,F1,1,,,,,
2026-07-09,2026-07-09,CM,NSE,STK,17152,INF109KC11W8,MIDCAPIETF,EQ,,,,,ICICIPRAMC - ICICIM150,23.4,23.7,23.36,23.66,23.65,23.32,,23.66,,,528803,12492725.71,2109,F1,1,,,,,
2026-07-09,2026-07-09,CM,NSE,STK,10585,INF109KC17C7,MOM30IETF,EQ,,,,,ICICIPRAMC - ICICIMOM30,30.79,30.9,30.67,30.75,30.75,30.56,,30.75,,,433280,13340831.68,1325,F1,1,,,,,
2026-07-09,2026-07-09,CM,NSE,STK,4529,INF109KC1NS5,NEXT50IETF,EQ,,,,,ICICIPRAMC - ICICINXT50,74.69,75.54,74.69,75.32,75.4,74.69,,75.32,,,730585,54995462.36,3837,F1,1,,,,,
2026-07-09,2026-07-09,CM,NSE,STK,3626,INF109KC1Q72,HEALTHIETF,EQ,,,,,ICICIPRAMC - ICICIPHARM,166.77,169.21,165.55,167.52,168.4,165.45,,167.53,,,228105,38342209.24,1411,F1,1,,,,,
2026-07-09,2026-07-09,CM,NSE,STK,17808,INF109KC18V5,QUAL30IETF,EQ,,,,,ICICIPRAMC - ICICIQTY30,20.55,20.89,20.49,20.6,20.88,20.52,,20.6,,,55061,1133822.85,182,F1,1,,,,,
2026-07-09,2026-07-09,CM,NSE,STK,7942,INF109KC1Y56,SILVERIETF,EQ,,,,,ICICIPRAMC - ICICISILVE,218.44,222.95,216.0,222.25,222.2,219.45,,222.25,,,2695523,595286894.16,18608,F1,1,,,,,
2026-07-09,2026-07-09,CM,NSE,STK,22365,INF109KC16I6,ITIETF,EQ,,,,,ICICIPRAMC - ICICITECH,30.94,30.94,29.99,30.46,30.59,30.57,,30.46,,,426085,12941187.4,1395,F1,1,,,,,
2026-07-09,2026-07-09,CM,NSE,STK,11037,INF109KC15I8,BANKIETF,EQ,,,,,ICICIPRAMC - IPRU5008,56.9,59.0,56.9,58.72,58.72,58.36,,58.72,,,4896954,287374572.92,2423,F1,1,,,,,
2026-07-09,2026-07-09,CM,NSE,STK,24861,INF109KC19W1,METALIETF,EQ,,,,,ICICIPRAMC - METALIETF,12.82,12.82,12.32,12.55,12.58,12.51,,12.55,,,4249616,53290119.5,7644,F1,1,,,,,
2026-07-09,2026-07-09,CM,NSE,STK,24533,INF109KC18W3,OILIETF,EQ,,,,,ICICIPRAMC - OILIETF,11.2,11.28,11.13,11.2,11.23,11.19,,11.2,,,888199,9963610.06,2025,F1,1,,,,,
2026-07-09,2026-07-09,CM,NSE,STK,14584,INF109KC10S8,PSUBNKIETF,EQ,,,,,ICICIPRAMC - PSUBANKICI,83.06,83.75,82.24,83.45,83.33,82.06,,83.45,,,268638,22338488.13,1147,F1,1,,,,,
2026-07-09,2026-07-09,CM,NSE,STK,754612,INF109K1A476,SMALLIETF,EQ,,,,,ICICIPRAMC - SMALLIETF,17.82,18.0,17.82,17.9,18.0,17.55,,17.9,,,22390,400711.85,75,F1,1,,,,,
2026-07-09,2026-07-09,CM,NSE,STK,757781,INF109K1A344,TOP15IETF,EQ,,,,,ICICIPRAMC - TOP15IETF,9.76,9.78,9.7,9.73,9.75,9.74,,9.73,,,77903,759668.39,228,F1,1,,,,,
2026-07-09,2026-07-09,CM,NSE,STK,25851,INF109KC16X5,VAL30IETF,EQ,,,,,ICICIPRAMC - VAL30IETF,15.18,15.23,15.11,15.18,15.23,15.11,,15.18,,,113219,1717571.49,394,F1,1,,,,,
2026-07-09,2026-07-09,CM,NSE,STK,12578,INF109KC17L8,FINIETF,EQ,,,,,ICICIPRAMC-ICICIFIN,32.1,32.99,32.1,32.68,32.8,32.07,,32.68,,,243191,7880787.29,994,F1,1,,,,,
2026-07-09,2026-07-09,CM,NSE,STK,14523,INE725G01011,ICRA,EQ,,,,,ICRA LIMITED,5264.5,5264.5,5170.5,5194.0,5186.0,5223.5,,5194.0,,,15920,83112683.0,4234,F1,1,,,,,
2026-07-09,2026-07-09,CM,NSE,STK,1476,INE008A01015,IDBI,EQ,,,,,IDBI BANK LIMITED,80.74,82.72,80.56,82.32,82.47,80.53,,82.32,,,6371687,521442154.62,23897,F1,1,,,,,
2026-07-09,2026-07-09,CM,NSE,STK,17142,INE349Y01013,IDEAFORGE,BE,,,,,IDEAFORGE TECHNO LTD,859.85,865.0,844.0,857.9,860.0,859.85,,857.1,,,153118,131178653.0,8454,F1,1,,,,,
2026-07-09,2026-07-09,CM,NSE,STK,24950,INE0T9I01011,IDEALTECHO,SM,,,,,IDEAL TECHNOPLAST IND LTD,170.15,170.15,170.15,170.15,170.15,170.15,,170.15,,,1000,170150.0,2,F1,500,,,,,
2026-07-09,2026-07-09,CM,NSE,STK,28590,INE0TD101011,IDENTICAL,ST,,,,,IDENTICAL BRAINS STUDIO L,16.4,16.4,16.4,16.4,16.4,15.65,,16.4,,,4000,65600.0,2,F1,2000,,,,,
2026-07-09,2026-07-09,CM,NSE,STK,11184,INE092T01019,IDFCFIRSTB,EQ,,,,,IDFC FIRST BANK LIMITED,77.98,79.75,77.91,79.46,79.7,77.82,,79.46,,,11084077,876328947.54,50026,F1,1,,,,,
2026-07-09,2026-07-09,CM,NSE,STK,9300,INE076C01018,IFBAGRO,BE,,,,,IFB AGRO INDUSTRIES LTD,928.0,929.8,905.1,917.95,916.0,920.6,,917.95,,,4529,4142781.2,236,F1,1,,,,,
2026-07-09,2026-07-09,CM,NSE,STK,1485,INE559A01017,IFBIND,EQ,,,,,IFB INDUSTRIES LTD,1250.1,1306.5,1250.1,1279.9,1274.7,1257.7,,1280.0,,,150852,192838010.5,11946,F1,1,,,,,
2026-07-09,2026-07-09,CM,NSE,STK,1491,INE039A01010,IFCI,EQ,,,,,IFCI LTD,74.8,78.0,74.51,76.66,76.9,73.9,,76.67,,,48013939,3684619421.47,114190,F1,1,,,,,
2026-07-09,2026-07-09,CM,NSE,STK,436,INE133Y01011,IFGLEXPOR,EQ,,,,,IFGL REFRACTORIES LIMITED,225.21,240.0,225.21,233.88,235.0,227.18,,233.87,,,102823,24115237.69,2298,F1,1,,,,,
2026-07-09,2026-07-09,CM,NSE,STK,759897,INE01XO07017,1225IFL27,N0,,,,,IFL 12.25% 2027,7800.0,7800.0,7464.91,7464.91,7464.91,7849.0,,7464.91,,,13,97378.92,8,F1,1,,,,,
2026-07-09,2026-07-09,CM,NSE,STK,760656,INE01XO07025,1225IFL28,N0,,,,,IFL 12.25% 2028,7500.0,7500.0,7500.0,7500.0,7500.0,7500.0,,7500.0,,,1,7500.0,1,F1,1,,,,,
2026-07-09,2026-07-09,CM,NSE,STK,634,INE188B01013,IGARASHI,EQ,,,,,IGARASHI MOTORS INDIA LTD,469.95,475.15,463.95,469.1,467.75,463.3,,469.15,,,54270,25541165.15,2447,F1,1,,,,,
2026-07-09,2026-07-09,CM,NSE,STK,756154,INE530B07492,1025IIFL30,Y3,,,,,IIFL 10.25% TR I SR IX,1030.0,1030.0,1030.0,1030.0,1030.0,1020.0,,1030.0,,,1000,1030000.0,8,F1,1,,,,,
2026-07-09,2026-07-09,CM,NSE,STK,761118,INE530B07633,865IIFL31,Y6,,,,,IIFL 8.65% TR I SR III,995.0,996.0,995.0,995.0,995.0,996.0,,995.0,,,105,104480.0,3,F1,1,,,,,
2026-07-09,2026-07-09,CM,NSE,STK,761119,INE530B07617,870IIFL28,Y7,,,,,IIFL 8.70% TR I SR IV,1000.2,1023.06,1000.2,1023.06,1023.06,1005.8,,1023.06,,,218,220288.38,4,F1,1,,,,,
2026-07-09,2026-07-09,CM,NSE,STK,756144,INE530B07476,975IIFL28,Y0,,,,,IIFL 9.75% TR I SR VI,1030.69,1030.69,1030.69,1030.69,1030.69,1030.2,,1030.69,,,8,8245.52,1,F1,1,,,,,
2026-07-09,2026-07-09,CM,NSE,STK,13072,INE489L01022,IIFLCAPS,EQ,,,,,IIFL CAPITAL SERVICES LTD,338.9,339.9,337.5,338.5,338.3,338.2,,338.5,,,249049,84320448.5,7100,F1,1,,,,,
2026-07-09,2026-07-09,CM,NSE,STK,11809,INE530B01024,IIFL,EQ,,,,,IIFL FINANCE LIMITED,520.0,548.35,517.8,544.7,547.0,517.8,,544.6,,,4193206,2269887341.65,61101,F1,1,,,,,
2026-07-09,2026-07-09,CM,NSE,STK,16822,INE0LOJ01019,IKIO,EQ,,,,,IKIO TECHNOLOGIES LIMITED,185.0,215.7,181.03,206.88,203.9,181.44,,206.78,,,8913230,1818818185.21,94773,F1,1,,,,,
2026-07-09,2026-07-09,CM,NSE,STK,9380,INE369I01014,IL&FSENGG,BZ,,,,,IL&FS ENG AND CONS CO LTD,28.46,29.05,27.5,28.74,28.94,28.45,,28.74,,,11964,338333.22,57,F1,1,,,,,
2026-07-09,2026-07-09,CM,NSE,STK,6711,INE050B01023,IVC,EQ,,,,,IL&FS INVESTMENT MANAGERS,8.11,8.19,8.01,8.12,8.1,8.11,,8.12,,,100185,811897.71,602,F1,1,,,,,
2026-07-09,2026-07-09,CM,NSE,STK,9381,INE975G01012,IL&FSTRANS,BZ,,,,,IL&FS TRANS NET LTD,2.18,2.23,2.11,2.19,2.2,2.15,,2.19,,,12492,27225.0,58,F1,1,,,,,
2026-07-09,2026-07-09,CM,NSE,STK,7672,INE172N01012,IMAGICAA,EQ,,,,,IMAGICAAWORLD ENT LTD,45.76,46.8,45.31,46.04,46.0,45.41,,46.04,,,321857,14815546.69,1599,F1,1,,,,,
2026-07-09,2026-07-09,CM,NSE,STK,17507,INE452L01012,INCREDIBLE,EQ,,,,,INCREDIBLE INDUSTRIES LTD,33.8,34.79,33.0,33.58,34.0,33.38,,33.58,,,17300,587978.99,60,F1,1,,,,,
2026-07-09,2026-07-09,CM,NSE,STK,12009,INE547E01014,IMPAL,EQ,,,,,IND MOTOR PART & ACC LTD,1120.7,1162.0,1120.0,1155.5,1162.0,1120.2,,1155.5,,,6706,7670813.2,672,F1,1,,,,,
2026-07-09,2026-07-09,CM,NSE,STK,4870,INE915B01019,INDSWFTLAB,EQ,,,,,IND SWIFT LABORATORIES LT,225.43,237.5,222.54,235.58,236.02,225.47,,235.56,,,1376033,320047572.8,20972,F1,1,,,,,
2026-07-09,2026-07-09,CM,NSE,STK,21957,INE611L01021,INDTERRAIN,EQ,,,,,IND TERRAIN FASHIONS LTD,31.89,32.5,31.55,31.72,31.72,31.8,,31.84,,,8645,274727.64,97,F1,1,,,,,
2026-07-09,2026-07-09,CM,NSE,STK,16933,INE841B01017,INDBANK,EQ,,,,,INDBANK MERCH BANK,34.6,34.6,33.0,33.31,33.4,33.77,,33.32,,,143783,4818663.65,1422,F1,1,,,,,
2026-07-09,2026-07-09,CM,NSE,STK,29678,INE0O9T01021,BAJAJINDEF,EQ,,,,,INDEF MANUFACTURING LTD,240.5,245.15,240.5,242.65,242.5,239.5,,242.6,,,4982,1210642.6,282,F1,1,,,,,
2026-07-09,2026-07-09,CM,NSE,STK,23693,INE065X01017,INDGN,EQ,,,,,INDEGENE LIMITED,497.0,507.7,492.9,495.95,496.85,493.7,,495.95,,,165211,82490943.95,11209,F1,1,,,,,
2026-07-09,2026-07-09,CM,NSE,STK,1521,INE560A01023,INDIAGLYCO,EQ,,,,,INDIA GLYCOLS LTD,1037.95,1077.7,1035.35,1042.7,1056.5,1037.95,,1042.75,,,138238,145404759.75,7403,F1,1,,,,,
2026-07-09,2026-07-09,CM,NSE,STK,4747,INE092B01025,INDNIPPON,EQ,,,,,INDIA NIPPON ELECT  LTD,1010.0,1154.0,1010.0,1107.9,1140.0,1007.4,,1107.9,,,599986,666567458.5,33053,F1,1,,,,,
2026-07-09,2026-07-09,CM,NSE,STK,4934,INE0D6701023,IPL,EQ,,,,,INDIA PESTICIDES LIMITED,155.11,159.58,155.11,156.79,155.65,154.96,,156.84,,,156337,24612867.65,1951,F1,1,,,,,
2026-07-09,2026-07-09,CM,NSE,STK,20556,INE922K01024,INDIASHLTR,EQ,,,,,INDIA SHELTER FIN CORP L,773.3,786.0,773.3,779.9,786.0,775.75,,780.05,,,46724,36420464.05,6093,F1,1,,,,,
2026-07-09,2026-07-09,CM,NSE,STK,19299,INE353K01014,ITDC,EQ,,,,,INDIA TOUR. DEV. CO. LTD.,701.0,768.7,701.0,728.1,727.65,723.4,,728.2,,,15188110,11312350946.6,324401,F1,1,,,,,
2026-07-09,2026-07-09,CM,NSE,STK,25003,INE126M01010,IBULLSLTD,BE,,,,,INDIABULLS LIMITED,28.5,29.59,28.5,29.57,29.59,28.19,,29.57,,,4243541,124550883.34,5152,F1,1,,,,,
2026-07-09,2026-07-09,CM,NSE,STK,10726,INE933S01016,INDIAMART,EQ,,,,,INDIAMART INTERMESH LTD,1918.0,1928.0,1891.9,1924.7,1916.2,1902.4,,1924.7,,,56637,108023105.8,8111,F1,1,,,,,
2026-07-09,2026-07-09,CM,NSE,STK,14309,INE562A01011,INDIANB,EQ,,,,,INDIAN BANK,774.95,796.8,774.95,793.15,791.7,772.4,,793.15,,,1880631,1482250415.3,61818,F1,1,,,,,
2026-07-09,2026-07-09,CM,NSE,STK,4422,INE061A01014,INDIANCARD,EQ,,,,,INDIAN CARD CLOTHING CO.,247.0,252.8,235.01,238.72,238.3,240.9,,238.72,,,10803,2627307.75,388,F1,1,,,,,
2026-07-09,2026-07-09,CM,NSE,STK,23789,INE0RRU01016,IEML,SM,,,,,INDIAN EMULSIFIERS LTD,42.95,42.95,41.95,42.25,42.5,42.2,,42.25,,,9500,403350.0,18,F1,500,,,,,
2026-07-09,2026-07-09,CM,NSE,STK,220,INE022Q01020,IEX,EQ,,,,,INDIAN ENERGY EXC LTD,117.35,118.9,116.9,117.85,117.99,116.81,,117.85,,,8424314,990908415.59,78464,F1,1,,,,,
2026-07-09,2026-07-09,CM,NSE,STK,1530,INE323C01030,INDIANHUME,EQ,,,,,INDIAN HUME PIPE CO. LTD.,334.15,359.0,334.15,348.75,349.0,335.0,,348.75,,,178114,62418107.2,7195,F1,1,,,,,
2026-07-09,2026-07-09,CM,NSE,STK,19235,INE919H01018,IMFA,EQ,,,,,INDIAN METALS & FERRO,1340.0,1359.0,1321.1,1339.1,1355.0,1344.0,,1339.1,,,73649,98509052.7,7638,F1,1,,,,,
2026-07-09,2026-07-09,CM,NSE,STK,1624,INE242A01010,IOC,EQ,,,,,INDIAN OIL CORP LTD,137.63,138.69,136.6,138.26,138.59,137.63,,138.26,,,14352065,1978873508.44,103532,F1,1,,,,,
2026-07-09,2026-07-09,CM,NSE,STK,9348,INE565A01014,IOB,EQ,,,,,INDIAN OVERSEAS BANK,33.5,33.9,33.33,33.76,33.8,33.47,,33.75,,,1771964,59709378.72,11594,F1,1,,,,,
2026-07-09,2026-07-09,CM,NSE,STK,25033,INE0DHF01018,IPHL,SM,,,,,INDIAN PHOSPHATE LIMITED,57.5,58.1,57.5,58.0,58.0,56.0,,58.0,,,16800,967800.0,9,F1,1200,,,,,
2026-07-09,2026-07-09,CM,NSE,STK,13611,INE335Y01020,IRCTC,EQ,,,,,INDIAN RAIL TOUR CORP LTD,498.5,500.95,496.0,496.5,496.8,498.5,,496.5,,,650534,323694782.4,32888,F1,1,,,,,
2026-07-09,2026-07-09,CM,NSE,STK,2029,INE053F01010,IRFC,EQ,,,,,INDIAN RAILWAY FIN CORP L,87.71,88.58,87.55,88.12,88.24,87.5,,88.12,,,6991080,616630216.9,42420,F1,1,,,,,
2026-07-09,2026-07-09,CM,NSE,STK,20261,INE202E01016,IREDA,EQ,,,,,INDIAN RENEWABLE ENERGY,121.17,122.56,121.17,121.81,122.1,121.17,,121.81,,,2880002,351176303.25,21494,F1,1,,,,,
2026-07-09,2026-07-09,CM,NSE,STK,762727,INE586E01020,IWP,EQ,,,,,INDIAN WOOD PRODUCTS CO L,31.51,33.88,31.51,33.01,32.7,32.76,,33.02,,,6212,205872.79,90,F1,1,,,,,
2026-07-09,2026-07-09,CM,NSE,STK,21058,INE0PS301014,INDIFRA,SM,,,,,INDIFRA LIMITED,12.15,12.15,12.15,12.15,12.15,12.15,,12.15,,,2000,24300.0,1,F1,2000,,,,,
2026-07-09,2026-07-09,CM,NSE,STK,2048,INE09VQ01012,INDIGOPNTS,EQ,,,,,INDIGO PAINTS LIMITED,1047.0,1056.8,1036.0,1041.0,1039.2,1050.3,,1041.0,,,38829,40593296.8,8551,F1,1,,,,,
2026-07-09,2026-07-09,CM,NSE,STK,20988,INE219X23014,INDIGRID,IV,,,,,INDIGRID INFRASTRUCT TRST,178.3,179.1,176.13,178.48,178.48,177.8,,178.5,,,384361,68628892.39,6661,F1,1,,,,,
2026-07-09,2026-07-09,CM,NSE,STK,757845,INE06ST01018,INDIQUBE,EQ,,,,,INDIQUBE SPACES LIMITED,169.0,172.49,164.68,171.02,171.0,168.41,,171.02,,,680379,116343180.7,7129,F1,1,,,,,
2026-07-09,2026-07-09,CM,NSE,STK,9120,INE760F01028,INDOAMIN,BE,,,,,INDO AMINES LIMITED,127.95,128.0,124.0,127.17,126.0,126.07,,127.26,,,38200,4841284.64,315,F1,1,,,,,
2026-07-09,2026-07-09,CM,NSE,STK,8614,INE803D01021,INDOBORAX,EQ,,,,,INDO BORAX & CHEMICAL LTD,417.25,464.45,417.25,433.65,438.0,415.45,,433.8,,,1100056,486422171.05,32935,F1,1,,,,,
2026-07-09,2026-07-09,CM,NSE,STK,11987,INE483B01026,ICIL,EQ,,,,,INDO COUNT INDUSTRIES LTD,410.0,428.75,406.45,421.85,422.9,411.2,,421.85,,,280466,118632591.3,14370,F1,1,,,,,
2026-07-09,2026-07-09,CM,NSE,STK,29025,INE622H01018,INDOFARM,EQ,,,,,INDO FARM EQUIPMENT LTD,153.0,161.67,151.28,159.18,161.45,153.17,,159.17,,,356777,55944901.52,5437,F1,1,,,,,
2026-07-09,2026-07-09,CM,NSE,STK,10993,INE156A01020,INDORAMA,EQ,,,,,INDO RAMA SYNTHETICS LTD,45.1,47.47,45.1,46.04,46.5,45.56,,46.04,,,175781,8187642.92,2522,F1,1,,,,,
2026-07-09,2026-07-09,CM,NSE,STK,13278,INE332H01014,INDOTECH,BE,,,,,INDO TECH TRANSFORM LTD.,3090.0,3186.0,3050.0,3147.0,3133.0,3088.2,,3147.8,,,12604,39234626.1,957,F1,1,,,,,
2026-07-09,2026-07-09,CM,NSE,STK,25608,INE337M01021,INDOTHAI,EQ,,,,,INDO THAI SEC LTD,216.6,220.5,213.76,216.6,217.44,216.1,,216.6,,,491358,106984897.58,5107,F1,1,,,,,
2026-07-09,2026-07-09,CM,NSE,STK,25503,INE250Z01010,INDOUS,EQ,,,,,INDO US BIOTECH LTD,86.43,91.9,85.51,89.57,89.0,86.21,,89.56,,,20267,1801068.34,172,F1,1,,,,,
2026-07-09,2026-07-09,CM,NSE,STK,6782,INE567A01028,NIPPOBATRY,EQ,,,,,INDO-NATIONAL LIMITED,343.05,347.85,337.0,338.6,338.0,340.3,,338.6,,,4639,1582732.75,316,F1,1,,,,,
2026-07-09,2026-07-09,CM,NSE,STK,11677,INE873D01024,INDOCO,EQ,,,,,INDOCO REMEDIES LTD.,247.98,259.8,246.91,255.09,254.22,248.14,,255.27,,,209488,53576350.63,6134,F1,1,,,,,
2026-07-09,2026-07-09,CM,NSE,STK,757801,INE05J901018,IGCL,EQ,,,,,INDOGULF CROPSCIENCES LTD,67.71,70.65,67.71,69.5,70.4,68.35,,69.5,,,148279,10340581.09,1178,F1,1,,,,,
2026-07-09,2026-07-09,CM,NSE,STK,19955,INE866K01023,WAAREEINDO,EQ,,,,,INDOSOLAR LIMITED,376.05,394.85,376.05,385.85,389.0,376.05,,386.0,,,68694,26888938.95,1465,F1,1,,,,,
2026-07-09,2026-07-09,CM,NSE,STK,3088,INE896L01010,INDOSTAR,EQ,,,,,INDOSTAR CAPITAL FIN LTD,254.1,266.6,254.0,259.85,260.0,252.95,,259.85,,,101249,26340505.6,2750,F1,1,,,,,
2026-07-09,2026-07-09,CM,NSE,STK,14956,INE227G01018,INDOWIND,BE,,,,,INDOWIND ENERGY LTD,9.45,9.45,8.8,9.23,9.24,9.2,,9.36,,,155636,1409314.09,393,F1,1,,,,,
2026-07-09,2026-07-09,CM,NSE,STK,11262,INE203G01027,IGL,EQ,,,,,INDRAPRASTHA GAS LTD,150.12,152.15,149.23,151.77,151.73,150.12,,151.77,,,1321339,200142995.01,18319,F1,1,,,,,
2026-07-09,2026-07-09,CM,NSE,STK,4751,INE681B01017,INDRAMEDCO,EQ,,,,,INDRAPRASTHA MEDICAL CORP,372.5,381.15,372.5,379.65,379.5,370.5,,379.65,,,107884,40733422.85,3400,F1,1,,,,,
2026-07-09,2026-07-09,CM,NSE,STK,23036,INE0NHL23019,INDUSINVIT,IV,,,,,INDUS INFRA TRUST,128.85,129.51,127.13,128.42,128.4,128.32,,128.42,,,168667,21700530.89,3973,F1,1,,,,,
2026-07-09,2026-07-09,CM,NSE,STK,29135,INE121J01017,INDUSTOWER,EQ,,,,,INDUS TOWERS LIMITED,391.45,399.5,391.1,398.15,398.85,388.55,,398.15,,,11047205,4385359536.9,69088,F1,1,,,,,
2026-07-09,2026-07-09,CM,NSE,STK,5258,INE095A01012,INDUSINDBK,EQ,,,,,INDUSIND BANK LIMITED,995.9,1022.35,995.9,1015.15,1018.0,994.65,,1015.15,,,1952468,1979387932.0,68259,F1,1,,,,,
2026-07-09,2026-07-09,CM,NSE,STK,762717,INE620D01011,INDPRUD,EQ,,,,,INDUSTRIAL & PRU INV CO L,6648.0,6650.0,6331.0,6400.5,6400.5,6500.0,,6400.5,,,42,271705.0,15,F1,1,,,,,
2026-07-09,2026-07-09,CM,NSE,STK,19525,INE886A01014,IITL,EQ,,,,,INDUSTRIAL INV TRUST LTD,134.65,138.5,130.64,131.4,132.05,133.77,,131.39,,,94367,12901636.32,485,F1,1,,,,,
2026-07-09,2026-07-09,CM,NSE,STK,15036,INE0MRE01011,INFINIUM,SM,,,,,INFINIUM PHARMACHEM LTD,214.5,214.5,209.0,212.25,210.0,211.75,,212.25,,,4000,848450.0,8,F1,500,,,,,
2026-07-09,2026-07-09,CM,NSE,STK,757602,INE0MYZ01012,INFLUX,SM,,,,,INFLUX HEALTHTECH LIMITED,292.0,307.0,290.0,290.9,293.0,291.35,,290.9,,,30000,8869080.0,43,F1,600,,,,,
2026-07-09,2026-07-09,CM,NSE,STK,13751,INE663F01032,NAUKRI,EQ,,,,,INFO EDGE (I) LTD,1173.05,1217.75,1168.35,1201.85,1199.5,1179.0,,1201.85,,,4748967,5720163568.9,161171,F1,1,,,,,
2026-07-09,2026-07-09,CM,NSE,STK,11027,INE344S01016,INFOBEAN,EQ,,,,,INFOBEANS TECHNO. LTD.,155.41,156.99,153.61,155.85,156.37,154.65,,155.85,,,232151,36116273.89,2770,F1,1,,,,,
2026-07-09,2026-07-09,CM,NSE,STK,16588,INE0NNZ01013,INFOLLION,SM,,,,,INFOLLION RESEARCH SER L,180.85,180.85,169.5,170.1,170.1,170.0,,170.1,,,24000,4115440.0,49,F1,400,,,,,
2026-07-09,2026-07-09,CM,NSE,STK,13693,INE669A01022,INFOMEDIA,EQ,,,,,INFOMEDIA PRESS LIMITED,5.99,5.99,5.71,5.77,5.77,5.95,,5.73,,,4411,25921.05,180,F1,1,,,,,
2026-07-09,2026-07-09,CM,NSE,STK,1594,INE009A01021,INFY,EQ,,,,,INFOSYS LIMITED,1062.7,1062.7,1040.4,1050.8,1055.3,1069.3,,1050.7,,,9003333,9475452928.9,174766,F1,1,,,,,
2026-07-09,2026-07-09,CM,NSE,STK,1597,INE177A01018,INGERRAND,EQ,,,,,INGERSOLL-RAND INDIA LTD,4366.6,4428.7,4335.0,4354.5,4335.9,4360.3,,4354.8,,,7367,32270787.8,1831,F1,1,,,,,
2026-07-09,2026-07-09,CM,NSE,STK,25323,INE0S1D01010,INNOMET,ST,,,,,INNOMET ADVANCED MATERI L,154.4,154.4,154.4,154.4,154.4,151.4,,154.4,,,8400,1296960.0,7,F1,600,,,,,
2026-07-09,2026-07-09,CM,NSE,STK,21062,INE0DUT01020,INNOVACAP,EQ,,,,,INNOVA CAPTAB LIMITED,997.6,1033.8,982.0,990.85,992.0,982.85,,990.8,,,138424,139529632.0,12248,F1,1,,,,,
2026-07-09,2026-07-09,CM,NSE,STK,27754,INE403Y01018,INNOVANA,EQ,,,,,INNOVANA THINKLABS LTD,309.3,314.95,308.15,309.85,308.15,308.15,,309.65,,,369,114825.85,38,F1,1,,,,,
2026-07-09,2026-07-09,CM,NSE,STK,27266,INE070Y01023,ITTL,ST,,,,,INNOVATIVE TYRE & TUBE LT,73.5,73.5,73.5,73.5,73.5,73.5,,73.5,,,105,7717.5,1,F1,105,,,,,
2026-07-09,2026-07-09,CM,NSE,STK,761528,INE0ADB01012,INNOVISION,EQ,,,,,INNOVISION LIMITED,284.15,290.15,283.8,288.75,288.15,284.05,,288.75,,,17197,4952365.85,999,F1,1,,,,,
2026-07-09,2026-07-09,CM,NSE,STK,12188,INE510W01014,INOXGREEN,EQ,,,,,INOX GREEN ENERGY SER LTD,195.0,199.37,192.0,192.7,192.75,195.84,,192.7,,,996605,194418886.88,13321,F1,1,,,,,
2026-07-09,2026-07-09,CM,NSE,STK,20607,INE616N01034,INOXINDIA,EQ,,,,,INOX INDIA LIMITED,1899.0,2026.8,1890.1,2006.2,2010.0,1875.9,,2006.1,,,848551,1673867852.7,53375,F1,1,,,,,
2026-07-09,2026-07-09,CM,NSE,STK,7852,INE066P01011,INOXWIND,EQ,,,,,INOX WIND LIMITED,82.97,83.99,81.77,82.01,82.2,82.72,,82.01,,,9608812,797000812.1,39305,F1,1,,,,,
2026-07-09,2026-07-09,CM,NSE,STK,14657,INE070I01018,INSECTICID,EQ,,,,,INSECTICIDES (I) LTD,653.05,665.0,651.75,653.5,655.0,655.25,,653.5,,,7988,5253665.75,1123,F1,1,,,,,
2026-07-09,2026-07-09,CM,NSE,STK,761099,INE0LGX01024,INA,EQ,,,,,INSOLATION ENERGY LIMITED,110.17,125.0,109.71,118.56,121.3,108.5,,118.57,,,42385448,5134653309.31,180088,F1,1,,,,,
2026-07-09,2026-07-09,CM,NSE,STK,19157,INE0NDX01019,INSPIRE,ST,,,,,INSPIRE FILMS LIMITED,7.95,7.95,7.95,7.95,7.95,7.95,,7.95,,,2000,15900.0,1,F1,2000,,,,,
2026-07-09,2026-07-09,CM,NSE,STK,13734,INE020G01017,INSPIRISYS,BE,,,,,INSPIRISYS SOLUTIONS LTD,103.0,103.99,100.01,103.16,103.4,102.96,,103.16,,,1758,179321.13,25,F1,1,,,,,
2026-07-09,2026-07-09,CM,NSE,STK,30327,INE418N01035,ESSENTIA,BE,,,,,INTEGRA ESSENTIA LIMITED,1.22,1.24,1.19,1.22,1.24,1.22,,1.22,,,1443695,1754546.48,768,F1,1,,,,,
2026-07-09,2026-07-09,CM,NSE,STK,757905,INE0YSH01017,INTEGRITY,ST,,,,,INTEGRITY INFRABUILD DE L,160.0,160.0,160.0,160.0,160.0,160.1,,160.0,,,1200,192000.0,1,F1,1200,,,,,
2026-07-09,2026-07-09,CM,NSE,STK,5926,INE306R01017,INTELLECT,EQ,,,,,INTELLECT DESIGN ARENA,750.3,760.85,740.5,743.25,747.9,749.8,,743.25,,,469378,352379756.35,18932,F1,1,,,,,
2026-07-09,2026-07-09,CM,NSE,STK,20071,INE781A01025,INTENTECH,EQ,,,,,INTENSE TECHNOLOGIES LTD,98.89,98.89,95.26,96.67,96.25,95.62,,96.67,,,6349,615392.65,265,F1,1,,,,,
2026-07-09,2026-07-09,CM,NSE,STK,24909,INE00M901018,INTERARCH,EQ,,,,,INTERARCH BLDNG SOLTN LTD,1800.1,1840.0,1775.0,1801.4,1809.0,1789.0,,1801.4,,,57308,103659208.9,5455,F1,1,,,,,
2026-07-09,2026-07-09,CM,NSE,STK,11195,INE646L01027,INDIGO,EQ,,,,,INTERGLOBE AVIATION LTD,5124.0,5244.0,5105.0,5229.5,5230.5,5124.0,,5229.5,,,1176927,6095952435.0,76235,F1,1,,,,,
2026-07-09,2026-07-09,CM,NSE,STK,5606,INE575C01027,INTLCONV,EQ,,,,,INTL CONVEYORS LIMITED,78.6,80.85,78.6,79.98,80.6,78.4,,79.99,,,29627,2365963.52,731,F1,1,,,,,
2026-07-09,2026-07-09,CM,NSE,STK,28378,INE0Q9301021,IGIL,EQ,,,,,INTL GEMOLOGICAL INST LTD,338.15,349.15,337.75,341.75,342.0,337.75,,341.75,,,350994,120639008.6,11929,F1,1,,,,,
2026-07-09,2026-07-09,CM,NSE,STK,18479,INE566K01011,ISFT,EQ,,,,,INTRASOFT TECH. LTD,75.11,78.25,75.11,76.25,76.05,75.27,,76.57,,,7530,581930.86,103,F1,1,,,,,
2026-07-09,2026-07-09,CM,NSE,STK,24870,INE878H01024,INVENTURE,EQ,,,,,INVENTURE GRO & SEC LTD,0.9,0.92,0.9,0.9,0.91,0.9,,0.9,,,832880,757696.83,327,F1,1,,,,,
2026-07-09,2026-07-09,CM,NSE,STK,28125,INE115Q01022,IKS,EQ,,,,,INVENTURUS KNOWLEDGE SO L,1845.0,1904.0,1831.9,1862.9,1876.0,1831.9,,1862.9,,,224951,422367282.3,17345,F1,1,,,,,
2026-07-09,2026-07-09,CM,NSE,STK,18292,INF205KA1BP1,IVZINGOLD,EQ,,,,,INVESCO INDIA GOLD ETF,124.05,126.5,123.2,125.0,125.05,123.45,,125.0,,,35583,4440977.1,164,F1,1,,,,,
2026-07-09,2026-07-09,CM,NSE,STK,24217,INF205K01DA9,IVZINNIFTY,EQ,,,,,INVESCO INDIA NIFTY ETF,2759.0,2759.0,2740.5,2740.5,2740.5,2740.81,,2740.5,,,42,115401.88,8,F1,1,,,,,
2026-07-09,2026-07-09,CM,NSE,STK,762722,INE155E01016,INVPRECQ,EQ,,,,,INVESTMENT & PREC CAST L,800.0,813.9,790.05,800.35,795.25,786.85,,800.15,,,2482,1989462.65,175,F1,1,,,,,
2026-07-09,2026-07-09,CM,NSE,STK,760142,INE0XJ501010,INVICTA,ST,,,,,INVICTA DIAGNOSTIC LTD,70.0,70.95,69.3,69.4,69.3,69.95,,69.4,,,32000,2252480.0,10,F1,1600,,,,,
2026-07-09,2026-07-09,CM,NSE,STK,20413,INE485C01029,IOLCP,EQ,,,,,IOL CHEM AND PHARMA LTD,169.35,174.78,164.22,168.15,167.65,167.11,,168.15,,,8148178,1383847214.29,50350,F1,1,,,,,
2026-07-09,2026-07-09,CM,NSE,STK,1630,INE570A01022,IONEXCHANG,EQ,,,,,ION EXCHANGE (INDIA) LTD,398.95,409.1,397.65,402.2,402.0,397.0,,402.2,,,277327,112435477.9,11907,F1,1,,,,,
2026-07-09,2026-07-09,CM,NSE,STK,1633,INE571A01038,IPCALAB,EQ,,,,,IPCA LABORATORIES LTD,1775.0,1797.2,1762.0,1770.4,1762.0,1762.4,,1770.5,,,96723,172006938.0,12805,F1,1,,,,,
2026-07-09,2026-07-09,CM,NSE,STK,15313,INE821I01022,IRB,EQ,,,,,IRB INFRA DEV LTD.,20.25,20.55,20.13,20.21,20.25,19.97,,20.21,,,15796950,321634791.09,22267,F1,1,,,,,
2026-07-09,2026-07-09,CM,NSE,STK,20817,INE183W23014,IRBINVIT,IV,,,,,IRB INVIT FUND,61.47,62.0,61.0,61.8,61.75,61.1,,61.79,,,1198134,73610113.86,4773,F1,1,,,,,
2026-07-09,2026-07-09,CM,NSE,STK,4986,INE962Y01021,IRCON,EQ,,,,,IRCON INTERNATIONAL LTD,128.58,131.22,128.53,129.34,129.35,129.0,,129.34,,,996125,129481513.33,15168,F1,1,,,,,
2026-07-09,2026-07-09,CM,NSE,STK,1391,INE202E07138,880IREDA29,N5,,,,,IREDA 8.80NCDTR I SR II B,1101.61,1129.0,1101.61,1129.0,1129.0,1124.51,,1125.0,,,2,2230.61,2,F1,1,,,,,
2026-07-09,2026-07-09,CM,NSE,STK,2275,INE01GN01025,IRISDOREME,EQ,,,,,IRIS CLOTHINGS LIMITED,45.0,45.75,44.51,44.85,44.72,44.59,,44.85,,,208377,9364203.83,882,F1,1,,,,,
2026-07-09,2026-07-09,CM,NSE,STK,6489,INE864K01010,IRIS,EQ,,,,,IRIS REGTECH SOLUTION LTD,254.65,269.85,254.65,260.5,260.1,254.45,,260.5,,,28487,7466841.1,1154,F1,1,,,,,
2026-07-09,2026-07-09,CM,NSE,STK,19597,INE07U701015,IRMENERGY,EQ,,,,,IRM ENERGY LIMITED,257.55,264.1,257.55,262.75,263.2,258.6,,262.75,,,38387,10083521.5,1178,F1,1,,,,,
2026-07-09,2026-07-09,CM,NSE,STK,757708,INE413U07426,950ISF27C,N0,,,,,ISF 9.50% 2027,9800.0,9850.0,9800.0,9850.0,9850.0,9850.0,,9850.0,,,3,29500.0,2,F1,1,,,,,
2026-07-09,2026-07-09,CM,NSE,STK,759100,INE413U07434,965ISF28,N0,,,,,ISF 9.65% 2028,99000.0,99100.0,99000.0,99100.0,99100.0,98800.0,,99100.0,,,2,198100.0,2,F1,1,,,,,
2026-07-09,2026-07-09,CM,NSE,STK,757890,INE413U07418,975ISF28,N0,,,,,ISF 9.75% NCD 2028,98000.0,98000.0,98000.0,98000.0,98000.0,98000.0,,98000.0,,,3,294000.0,1,F1,1,,,,,
2026-07-09,2026-07-09,CM,NSE,STK,3329,INE858B01029,ISGEC,EQ,,,,,ISGEC HEAVY ENG LTD,896.25,926.8,895.0,923.85,925.0,894.15,,923.9,,,93020,85641293.7,5575,F1,1,,,,,
2026-07-09,2026-07-09,CM,NSE,STK,30249,INE561M01018,ISHANCH,EQ,,,,,ISHAN DYES N CHEMICALS L,57.7,57.7,54.2,54.97,54.5,56.7,,54.97,,,35041,1947614.8,189,F1,1,,,,,
2026-07-09,2026-07-09,CM,NSE,STK,10995,INE0LCW01025,ISHAN,SM,,,,,ISHAN INTERNATIONAL LTD,0.55,0.55,0.5,0.55,0.55,0.55,,0.55,,,912000,477600.0,14,F1,48000,,,,,
2026-07-09,2026-07-09,CM,NSE,STK,22645,INE0R7R01018,ITALIANE,SM,,,,,ITALIAN EDIBLES LIMITED,33.3,33.3,33.3,33.3,33.3,37.0,,33.3,,,2000,66600.0,1,F1,2000,,,,,
2026-07-09,2026-07-09,CM,NSE,STK,29251,INE379A01028,ITCHOTELS,EQ,,,,,ITC HOTELS LIMITED,177.63,183.28,177.42,182.31,183.15,177.63,,182.3,,,2046513,371259607.89,27397,F1,1,,,,,
2026-07-09,2026-07-09,CM,NSE,STK,1660,INE154A01025,ITC,EQ,,,,,ITC LTD,281.25,284.4,281.0,282.05,281.85,280.65,,282.05,,,12512120,3537172547.5,261581,F1,1,,,,,
2026-07-09,2026-07-09,CM,NSE,STK,1675,INE248A01017,ITI,EQ,,,,,ITI LTD,286.2,291.05,286.0,287.75,289.5,284.9,,287.75,,,272020,78415569.4,7237,F1,1,,,,,
2026-07-09,2026-07-09,CM,NSE,STK,759041,INE056801025,IVALUE,EQ,,,,,IVALUE INFOSOLUTIONS LTD,287.65,299.3,284.0,289.2,290.0,285.25,,289.2,,,526964,154695868.55,11615,F1,1,,,,,
2026-07-09,2026-07-09,CM,NSE,STK,8857,INE043C01018,IVP,BE,,,,,IVP LIMITED,165.0,167.4,161.0,163.17,163.0,162.66,,163.17,,,14962,2448742.58,140,F1,1,,,,,
2026-07-09,2026-07-09,CM,NSE,STK,757644,INE1AII01014,IWARE,ST,,,,,IWARE SUPPLYCHAIN SER LTD,402.65,402.65,402.65,402.65,402.65,383.5,,402.65,,,15600,6281340.0,10,F1,600,,,,,
2026-07-09,2026-07-09,CM,NSE,STK,14174,INE848A01014,IZMO,EQ,,,,,IZMO LIMITED,916.1,961.9,916.1,961.9,961.9,916.1,,961.9,,,38573,36809430.4,1294,F1,1,,,,,
2026-07-09,2026-07-09,CM,NSE,STK,5633,INE168A01041,J&KBANK,EQ,,,,,J & K BANK LTD.,166.3,169.78,166.3,168.41,169.3,165.96,,168.41,,,4246600,714310221.79,36543,F1,1,,,,,
2026-07-09,2026-07-09,CM,NSE,STK,1726,INE572A01036,JBCHEPHARM,EQ,,,,,J B CHEMICALS AND PHARMA,2436.2,2474.0,2430.1,2444.5,2447.6,2435.8,,2444.5,,,215631,529114636.3,15489,F1,1,,,,,
2026-07-09,2026-07-09,CM,NSE,STK,23056,INE0MB501011,JGCHEM,EQ,,,,,J.G.CHEMICALS LIMITED,433.75,448.5,432.05,445.25,446.0,433.75,,445.2,,,99296,43983193.4,3983,F1,1,,,,,
2026-07-09,2026-07-09,CM,NSE,STK,13211,INE199G01027,JAGRAN,EQ,,,,,JAGRAN PRAKASHAN LIMITED,63.7,64.67,62.66,63.8,64.05,63.41,,63.81,,,282054,17983673.05,2968,F1,1,,,,,
2026-07-09,2026-07-09,CM,NSE,STK,4410,INE048B01035,JAGSNPHARM,EQ,,,,,JAGSONPAL PHARMACEUTICALS,231.66,238.24,228.81,231.89,231.65,228.73,,231.9,,,93961,21952689.05,2966,F1,1,,,,,
2026-07-09,2026-07-09,CM,NSE,STK,14076,INE091G01026,JAIBALAJI,BE,,,,,JAI BALAJI INDUSTRIES LTD,66.25,67.89,65.7,66.12,66.2,66.28,,66.12,,,201982,13416396.48,721,F1,1,,,,,
2026-07-09,2026-07-09,CM,NSE,STK,5143,INE070D01027,JAICORPLTD,EQ,,,,,JAI CORP LIMITED,108.75,110.3,108.22,109.12,109.25,107.76,,109.12,,,308351,33677532.69,3403,F1,1,,,,,
2026-07-09,2026-07-09,CM,NSE,STK,25684,IN9175A01010,JISLDVREQS,EQ,,,,,JAIN DVR EQUITY SHARES,23.5,23.5,22.68,23.09,23.5,22.68,,23.15,,,6297,144957.35,98,F1,1,,,,,
2026-07-09,2026-07-09,CM,NSE,STK,10397,INE175A01038,JISLJALEQS,EQ,,,,,JAIN IRRIGATION SYSTEMS,32.4,32.62,31.72,31.94,32.08,31.89,,31.94,,,1925724,61805480.83,6205,F1,1,,,,,
2026-07-09,2026-07-09,CM,NSE,STK,759244,INE0YD401026,JAINREC,EQ,,,,,JAIN RESOURCE RECYCLING L,348.0,348.0,339.4,342.3,342.0,344.95,,342.3,,,1388954,477817292.9,26155,F1,1,,,,,
2026-07-09,2026-07-09,CM,NSE,STK,758303,INE0XIL01012,JAINIK,SM,,,,,JAINIK POWER CABLES LTD,151.9,151.9,143.2,148.95,148.95,143.5,,148.95,,,16800,2488620.0,12,F1,1200,,,,,
2026-07-09,2026-07-09,CM,NSE,STK,11763,INE351F01018,JPPOWER,EQ,,,,,JAIPRAKASH POWER VEN. LTD,16.92,17.39,16.74,17.0,17.04,16.9,,17.0,,,47510874,809725597.96,32984,F1,1,,,,,
2026-07-09,2026-07-09,CM,NSE,STK,20930,INE349X01015,JALAN,ST,,,,,JALAN TRANSOLU. INDIA LTD,1.95,1.95,1.95,1.95,1.95,2.05,,1.95,,,12000,23400.0,4,F1,3000,,,,,
2026-07-09,2026-07-09,CM,NSE,STK,20778,INE039C01032,JAMNAAUTO,EQ,,,,,JAMNA AUTO IND LTD,132.5,137.0,132.5,136.12,136.25,132.35,,136.12,,,2141291,291146655.72,14813,F1,1,,,,,
2026-07-09,2026-07-09,CM,NSE,STK,22663,INE953L01027,JSFB,EQ,,,,,JANA SMALL FIN BANK LTD,442.0,459.15,442.0,455.25,454.0,441.2,,455.25,,,352210,159334301.05,8265,F1,1,,,,,
2026-07-09,2026-07-09,CM,NSE,STK,759951,INE00YJ01010,JARO,EQ,,,,,JARO INS OF TEC MG N RE L,515.15,534.65,515.15,524.95,525.5,515.0,,524.95,,,98430,51764168.6,2931,F1,1,,,,,
2026-07-09,2026-07-09,CM,NSE,STK,13982,INE039O01029,JASH,EQ,,,,,JASH ENGINEERING LIMITED,499.6,517.95,496.75,511.35,515.0,495.25,,511.35,,,153937,78760776.3,6385,F1,1,,,,,
2026-07-09,2026-07-09,CM,NSE,STK,25040,INE0SMY01017,JAYBEE,ST,,,,,JAY BEE LAMINATIONS LTD,89.8,94.5,89.1,94.5,94.5,90.0,,94.5,,,28000,2609950.0,44,F1,500,,,,,
2026-07-09,2026-07-09,CM,NSE,STK,1708,INE571B01036,JAYBARMARU,EQ,,,,,JAY BHARAT MARUTI LTD,178.93,187.13,173.81,187.13,187.13,178.22,,187.15,,,487397,89739553.94,2530,F1,1,,,,,
2026-07-09,2026-07-09,CM,NSE,STK,10889,INE0J6801010,KORE,SM,,,,,JAY JALARAM TECHNO LTD,130.0,143.0,130.0,131.05,131.05,130.0,,131.05,,,7500,1045675.0,21,F1,250,,,,,
2026-07-09,2026-07-09,CM,NSE,STK,4041,INE785A01026,JAYAGROGN,EQ,,,,,JAYANT AGRO ORGANICS LTD,205.93,212.9,204.15,208.11,207.76,205.93,,208.06,,,4980,1033705.88,409,F1,1,,,,,
2026-07-09,2026-07-09,CM,NSE,STK,2331,INE854B01010,JAYNECOIND,EQ,,,,,JAYASWAL NECO INDUSTR LTD,85.91,89.38,85.91,88.46,88.84,85.91,,88.45,,,1534248,135277168.09,11081,F1,1,,,,,
2026-07-09,2026-07-09,CM,NSE,STK,759159,INE1AE401014,JAYESH,SM,,,,,JAYESH LOGISTICS LIMITED,141.0,141.0,141.0,141.0,141.0,144.0,,141.0,,,1000,141000.0,1,F1,1000,,,,,
2026-07-09,2026-07-09,CM,NSE,STK,760073,INE903A01025,JAYKAY,EQ,,,,,JAYKAY ENTERPRISES LTD,172.52,183.8,171.23,180.42,182.0,170.01,,180.45,,,425612,76744757.99,7985,F1,1,,,,,
2026-07-09,2026-07-09,CM,NSE,STK,1720,INE364A01020,JAYSREETEA,EQ,,,,,JAYSHREE TEA & INDUSTRIES,84.76,86.99,81.59,82.03,81.8,84.76,,82.04,,,64732,5364246.97,978,F1,1,,,,,
2026-07-09,2026-07-09,CM,NSE,STK,11655,INE927D01051,JBMA,EQ,,,,,JBM AUTO LIMITED,665.0,675.65,665.0,670.0,668.5,661.35,,670.05,,,236736,158907327.4,10539,F1,1,,,,,
2026-07-09,2026-07-09,CM,NSE,STK,758115,INE0J5801029,JSLL,EQ,,,,,JEENA SIKHO LIFECARE LTD,563.95,599.7,562.5,591.6,591.9,563.45,,591.55,,,817814,477956807.85,23455,F1,1,,,,,
2026-07-09,2026-07-09,CM,NSE,STK,7211,INE982V01025,JETFREIGHT,EQ,,,,,JET FREIGHT LOGISTICS LTD,21.14,21.26,20.52,20.83,21.0,20.73,,20.83,,,82094,1719284.41,254,F1,1,,,,,
2026-07-09,2026-07-09,CM,NSE,STK,18700,INE564T01017,JETKNIT,ST,,,,,JET KNITWEARS LTD.,72.75,72.75,72.75,72.75,72.75,76.55,,72.75,,,750,54562.5,1,F1,750,,,,,
2026-07-09,2026-07-09,CM,NSE,STK,25150,INE0RXB01022,JEYYAM,ST,,,,,JEYYAM GLOBAL FOODS LTD,24.15,24.8,24.0,24.05,24.05,25.0,,24.05,,,22000,532500.0,11,F1,2000,,,,,
2026-07-09,2026-07-09,CM,NSE,STK,10885,INE0LA901015,JFLLIFE,SM,,,,,JFL LIFE SCIENCES LIMITED,10.5,10.5,10.45,10.45,10.45,10.45,,10.45,,,12000,125700.0,2,F1,6000,,,,,
2026-07-09,2026-07-09,CM,NSE,STK,13720,INE544H01014,JHS,EQ,,,,,JHS SVEND. LAB. LTD,7.56,7.7,7.45,7.57,7.52,7.53,,7.59,,,128835,975908.76,161,F1,1,,,,,
2026-07-09,2026-07-09,CM,NSE,STK,24145,INE03DD01011,RETAIL,EQ,,,,,JHS SVENDGAARD RETAIL V L,17.5,18.7,17.11,17.88,18.17,17.51,,17.87,,,6237,110540.96,94,F1,1,,,,,
2026-07-09,2026-07-09,CM,NSE,STK,31507,INE147P01019,JPOLYINVST,EQ,,,,,JIND POL INV & FIN CO LTD,1077.8,1089.7,1049.0,1066.4,1063.6,1072.6,,1066.4,,,6600,7019410.4,616,F1,1,,,,,
2026-07-09,2026-07-09,CM,NSE,STK,13875,INE742C01031,JINDRILL,EQ,,,,,JINDAL DRILLING IND. LTD,613.0,659.4,612.0,620.75,618.65,601.05,,620.8,,,13720105,8819962880.0,229895,F1,1,,,,,
2026-07-09,2026-07-09,CM,NSE,STK,11743,INE796G01012,JINDALPHOT,EQ,,,,,JINDAL PHOTO LIMITED,1136.1,1150.0,1133.1,1143.2,1142.1,1130.5,,1143.1,,,3433,3922831.6,267,F1,1,,,,,
2026-07-09,2026-07-09,CM,NSE,STK,1756,INE197D01010,JINDALPOLY,EQ,,,,,JINDAL POLY FILMS LIMITED,670.0,684.1,660.15,684.1,684.1,651.55,,684.1,,,61129,41617058.6,1654,F1,1,,,,,
2026-07-09,2026-07-09,CM,NSE,STK,3024,INE324A01032,JINDALSAW,EQ,,,,,JINDAL SAW LIMITED,258.0,275.5,256.05,272.3,275.4,259.65,,272.35,,,4152930,1114983717.55,66854,F1,1,,,,,
2026-07-09,2026-07-09,CM,NSE,STK,11236,INE220G01021,JSL,EQ,,,,,JINDAL STAINLESS LIMITED,699.9,715.0,694.7,709.6,708.0,695.75,,709.6,,,530976,375934750.75,27712,F1,1,,,,,
2026-07-09,2026-07-09,CM,NSE,STK,6733,INE749A01030,JINDALSTEL,EQ,,,,,JINDAL STEEL LIMITED,1023.6,1037.7,1022.6,1029.8,1031.0,1021.5,,1029.8,,,641235,660500875.3,22650,F1,1,,,,,
2026-07-09,2026-07-09,CM,NSE,STK,20642,INE247D01039,JINDWORLD,EQ,,,,,JINDAL WORLDWIDE LTD,28.64,29.13,28.21,28.66,28.8,28.52,,28.65,,,388460,11142382.38,2494,F1,1,,,,,
2026-07-09,2026-07-09,CM,NSE,STK,759206,INE1FF001016,JKIPL,BE,,,,,JINKUSHAL INDUSTRIES LTD,96.49,97.9,95.13,97.34,96.5,96.4,,97.65,,,10043,968582.38,76,F1,1,,,,,
2026-07-09,2026-07-09,CM,NSE,STK,18143,INE758E01017,JIOFIN,EQ,,,,,JIO FIN SERVICES LTD,231.0,234.22,230.77,233.37,233.72,229.99,,233.37,,,11583829,2699223918.15,114833,F1,1,,,,,
2026-07-09,2026-07-09,CM,NSE,STK,19691,INE863T01013,JITFINFRA,EQ,,,,,JITF INFRALOGISTICS LTD,297.7,299.8,294.0,295.55,295.35,292.7,,295.5,,,6904,2045621.6,293,F1,1,,,,,
2026-07-09,2026-07-09,CM,NSE,STK,18558,INE0N5H01017,JIWANRAM,SM,,,,,JIWANRAM SHEODUTTRA IND L,5.25,5.25,5.25,5.25,5.25,5.35,,5.25,,,6000,31500.0,1,F1,6000,,,,,
2026-07-09,2026-07-09,CM,NSE,STK,13270,INE823G01014,JKCEMENT,EQ,,,,,JK CEMENT LIMITED,5332.0,5498.0,5331.5,5393.5,5373.5,5332.0,,5393.0,,,48715,264490922.5,10877,F1,1,,,,,
2026-07-09,2026-07-09,CM,NSE,STK,13491,INE786A01032,JKLAKSHMI,EQ,,,,,JK LAKSHMI CEMENT LTD,568.5,572.1,565.2,568.35,568.5,567.0,,568.35,,,58118,33022465.95,7419,F1,1,,,,,
2026-07-09,2026-07-09,CM,NSE,STK,11860,INE789E01012,JKPAPER,EQ,,,,,JK PAPER LIMITED,354.4,359.2,353.0,355.75,354.5,354.4,,355.75,,,147720,52560788.75,5857,F1,1,,,,,
2026-07-09,2026-07-09,CM,NSE,STK,14435,INE573A01042,JKTYRE,EQ,,,,,JK TYRE & INDUSTRIES LTD,397.05,407.0,397.05,404.7,405.0,397.05,,404.7,,,974142,392283175.25,19523,F1,1,,,,,
2026-07-09,2026-07-09,CM,NSE,STK,15266,INE576I01022,JKIL,EQ,,,,,JKUMAR INFR.LTD.,484.95,506.9,483.95,501.7,504.9,483.95,,501.7,,,235668,118047591.75,6612,F1,1,,,,,
2026-07-09,2026-07-09,CM,NSE,STK,13637,INE780C01023,JMFINANCIL,EQ,,,,,JM FINANCIAL LIMITED,125.5,126.96,123.81,124.46,125.0,124.94,,124.47,,,2566663,321403457.53,26032,F1,1,,,,,
2026-07-09,2026-07-09,CM,NSE,STK,23621,INE0OAF01028,JNKINDIA,EQ,,,,,JNK INDIA LIMITED,466.0,523.0,466.0,509.45,518.0,464.9,,509.5,,,1710180,863586744.85,38915,F1,1,,,,,
2026-07-09,2026-07-09,CM,NSE,STK,16931,INE839G01010,JOCIL,BE,,,,,JOCIL LIMITED,143.99,149.0,143.99,144.05,144.05,145.0,,144.05,,,830,122437.12,17,F1,1,,,,,
2026-07-09,2026-07-09,CM,NSE,STK,762623,INE515A01019,COCKERILL,EQ,,,,,JOHN COCKERILL INDIA LTD.,8533.0,9342.5,8505.0,9342.5,9342.5,8493.5,,9342.5,,,18714,171701057.5,4360,F1,1,,,,,
2026-07-09,2026-07-09,CM,NSE,STK,758460,INE718I01012,JSWCEMENT,EQ,,,,,JSW CEMENT LIMITED,134.43,137.4,134.43,135.27,135.5,134.43,,135.27,,,1035304,141004236.29,16180,F1,1,,,,,
2026-07-09,2026-07-09,CM,NSE,STK,1467,INE133A01011,JSWDULUX,EQ,,,,,JSW DULUX LIMITED,3042.0,3053.2,2901.1,2912.2,2915.0,3042.0,,2912.3,,,59138,173892866.7,10709,F1,1,,,,,
2026-07-09,2026-07-09,CM,NSE,STK,17869,INE121E01018,JSWENERGY,EQ,,,,,JSW ENERGY LIMITED,545.0,552.65,531.6,533.45,534.5,536.95,,533.45,,,2720465,1467348543.35,48319,F1,1,,,,,
2026-07-09,2026-07-09,CM,NSE,STK,11880,INE824G01012,JSWHL,EQ,,,,,JSW HOLDINGS LIMITED,11314.0,11414.0,11090.0,11125.0,11103.0,11314.0,,11125.0,,,6337,70862952.0,2785,F1,1,,,,,
2026-07-09,2026-07-09,CM,NSE,STK,19020,INE880J01026,JSWINFRA,EQ,,,,,JSW INFRASTRUCTURE LTD,314.75,328.0,313.8,323.9,324.95,314.25,,323.9,,,3950246,1280026208.75,132262,F1,1,,,,,
2026-07-09,2026-07-09,CM,NSE,STK,11723,INE019A01038,JSWSTEEL,EQ,,,,,JSW STEEL LIMITED,1224.0,1240.5,1220.3,1225.8,1226.0,1219.5,,1225.5,,,1151162,1412388542.2,55207,F1,1,,,,,
2026-07-09,2026-07-09,CM,NSE,STK,3237,INE643A01035,JTEKTINDIA,EQ,,,,,JTEKT INDIA LIMITED,140.16,148.47,140.15,144.93,144.5,140.16,,144.94,,,775498,113229709.7,9412,F1,1,,,,,
2026-07-09,2026-07-09,CM,NSE,STK,7287,INE391J01032,JTLIND,EQ,,,,,JTL INDUSTRIES LIMITED,78.14,80.7,77.51,80.26,80.4,77.61,,80.26,,,2789659,222131288.9,16479,F1,1,,,,,
2026-07-09,2026-07-09,CM,NSE,STK,29590,INE03CC01015,JUBLCPL,EQ,,,,,JUBILANT AGRI N CON PRO L,2080.0,2130.0,2080.0,2086.0,2094.0,2087.5,,2085.9,,,2581,5419934.4,559,F1,1,,,,,
2026-07-09,2026-07-09,CM,NSE,STK,18096,INE797F01020,JUBLFOOD,EQ,,,,,JUBILANT FOODWORKS LTD,429.2,442.6,428.0,429.35,428.75,429.2,,429.35,,,2442441,1061198592.0,46605,F1,1,,,,,
2026-07-09,2026-07-09,CM,NSE,STK,2783,INE0BY001018,JUBLINGREA,EQ,,,,,JUBILANT INGREVIA LIMITED,680.9,723.8,679.6,715.5,715.0,680.8,,715.5,,,714054,509330985.3,35989,F1,1,,,,,
2026-07-09,2026-07-09,CM,NSE,STK,3637,INE700A01033,JUBLPHARMA,EQ,,,,,JUBILANT PHARMOVA LTD,978.0,988.4,964.1,969.2,973.0,970.75,,969.2,,,102229,99860164.5,7498,F1,1,,,,,
2026-07-09,2026-07-09,CM,NSE,STK,7109,INE412C01023,JMA,EQ,,,,,JULLUNDUR MOT AGENCY LTD,88.0,89.95,87.0,88.59,88.5,87.28,,88.59,,,10617,940432.02,205,F1,1,,,,,
2026-07-09,2026-07-09,CM,NSE,STK,22824,INE696F01016,JUNIPER,EQ,,,,,JUNIPER HOTELS LIMITED,195.0,198.65,191.61,197.56,198.25,194.26,,197.56,,,60330,11824904.05,1272,F1,1,,,,,
2026-07-09,2026-07-09,CM,NSE,STK,18553,INE682M01012,JLHL,EQ,,,,,JUPITER LIFE LINE HOSP L,1440.0,1478.9,1432.3,1464.1,1470.0,1443.5,,1464.1,,,32725,47913854.3,1612,F1,1,,,,,
2026-07-09,2026-07-09,CM,NSE,STK,20224,INE209L01016,JWL,EQ,,,,,JUPITER WAGONS LIMITED,247.0,253.8,247.0,251.25,251.75,248.9,,251.25,,,738976,185751519.45,13606,F1,1,,,,,
2026-07-09,2026-07-09,CM,NSE,STK,29962,INE599M01018,JUSTDIAL,EQ,,,,,JUSTDIAL LTD.,541.5,548.45,540.1,546.6,546.8,540.5,,546.55,,,122952,67020356.9,5963,F1,1,,,,,
2026-07-09,2026-07-09,CM,NSE,STK,15146,INE668F01031,JYOTHYLAB,EQ,,,,,JYOTHY LABS LIMITED,191.0,202.94,188.6,201.64,201.91,189.12,,201.64,,,2099051,417342051.59,28998,F1,1,,,,,
2026-07-09,2026-07-09,CM,NSE,STK,21334,INE980O01024,JYOTICNC,EQ,,,,,JYOTI CNC AUTOMATION LTD,756.6,780.1,753.8,769.05,769.0,753.65,,769.05,,,531386,409623248.25,22873,F1,1,,,,,
2026-07-09,2026-07-09,CM,NSE,STK,758224,INE1M3T01017,JYOTIGLOBL,ST,,,,,JYOTI GLOBAL PLAST LTD,36.95,36.95,36.95,36.95,36.95,38.85,,36.95,,,6000,221700.0,3,F1,2000,,,,,
2026-07-09,2026-07-09,CM,NSE,STK,1802,INE197A01024,JYOTISTRUC,EQ,,,,,JYOTI STRUCTURES LTD,11.34,11.84,11.34,11.73,11.77,11.31,,11.73,,,5645734,65353005.03,5145,F1,1,,,,,
2026-07-09,2026-07-09,CM,NSE,STK,14667,INE157H01023,KMSUGAR,EQ,,,,,K M SUGAR MILLS LTD,26.3,27.49,26.3,27.12,27.24,26.65,,27.13,,,67031,1819677.46,734,F1,1,,,,,
2026-07-09,2026-07-09,CM,NSE,STK,27079,INE127T01021,KPEL,EQ,,,,,K.P. ENERGY LIMITED,325.3,335.0,322.4,323.9,325.0,322.05,,323.9,,,183625,60246912.2,5389,F1,1,,,,,
2026-07-09,2026-07-09,CM,NSE,STK,23462,INE0DEZ01013,K2INFRA,ST,,,,,K2 INFRAGEN LIMITED,63.7,63.85,59.8,61.0,61.0,62.2,,61.0,,,19200,1182300.0,29,F1,600,,,,,
2026-07-09,2026-07-09,CM,NSE,STK,1805,INE900B01029,KABRAEXTRU,EQ,,,,,KABRA EXTRUSION TECHNIK L,281.0,300.0,281.0,295.65,295.0,280.45,,295.65,,,109327,32064386.05,3126,F1,1,,,,,
2026-07-09,2026-07-09,CM,NSE,STK,29192,INE0XOW01017,KKJEWELS,SM,,,,,KABRA JEWELS LIMITED,103.0,109.95,103.0,109.95,109.95,107.0,,109.95,,,5000,528900.0,2,F1,1000,,,,,
2026-07-09,2026-07-09,CM,NSE,STK,1808,INE217B01036,KAJARIACER,EQ,,,,,KAJARIA CERAMICS LTD,1200.0,1229.7,1194.0,1215.0,1212.9,1193.4,,1215.0,,,260257,316764592.3,11408,F1,1,,,,,
2026-07-09,2026-07-09,CM,NSE,STK,8945,INE437B01014,KAKATCEM,BE,,,,,KAKATIYA CEM SUGAR &IND L,117.5,117.5,113.0,113.7,116.9,116.98,,113.7,,,3672,418646.75,61,F1,1,,,,,
2026-07-09,2026-07-09,CM,NSE,STK,25443,INE0T0L01014,KALANA,SM,,,,,KALANA ISPAT LIMITED,18.5,18.5,18.5,18.5,18.5,18.5,,18.5,,,4000,74000.0,2,F1,2000,,,,,
2026-07-09,2026-07-09,CM,NSE,STK,758558,INE227J01012,KALPATARU,EQ,,,,,KALPATARU LIMITED,289.0,292.45,286.0,287.65,287.0,286.5,,287.65,,,55796,16108290.75,2725,F1,1,,,,,
2026-07-09,2026-07-09,CM,NSE,STK,1814,INE220B01022,KPIL,EQ,,,,,KALPATARU PROJECT INT LTD,1332.4,1368.9,1332.4,1349.9,1346.2,1332.4,,1349.9,,,86189,116784091.2,11191,F1,1,,,,,
2026-07-09,2026-07-09,CM,NSE,STK,2955,INE303R01014,KALYANKJIL,EQ,,,,,KALYAN JEWELLERS IND LTD,380.0,448.0,377.85,443.0,439.75,374.15,,443.1,,,117145048,50058270506.85,661386,F1,1,,,,,
2026-07-09,2026-07-09,CM,NSE,STK,15156,INE314G01014,KALYANIFRG,EQ,,,,,KALYANI FORGE LIMITED,624.65,639.3,621.35,628.7,631.25,627.75,,628.5,,,366,230615.8,42,F1,1,,,,,
2026-07-09,2026-07-09,CM,NSE,STK,21119,INE029L01018,KICL,EQ,,,,,KALYANI INVEST CO LTD,5388.0,5580.0,5380.0,5505.0,5517.5,5360.5,,5503.5,,,2287,12551160.5,592,F1,1,,,,,
2026-07-09,2026-07-09,CM,NSE,STK,18889,INE907A01026,KSL,EQ,,,,,KALYANI STEELS LIMITED,890.0,966.0,890.0,933.5,930.0,893.4,,933.25,,,391031,366781607.15,19901,F1,1,,,,,
2026-07-09,2026-07-09,CM,NSE,STK,762732,INE411F01010,KAMAHOLD,EQ,,,,,KAMA HOLDINGS LTD.,2587.3,2587.3,2533.6,2553.4,2562.0,2539.2,,2555.2,,,3541,9036384.0,518,F1,1,,,,,
2026-07-09,2026-07-09,CM,NSE,STK,1826,INE967C01018,KAMATHOTEL,EQ,,,,,KAMAT HOTELS (I) LTD,183.17,189.59,183.17,185.07,185.18,182.4,,185.05,,,22906,4258524.97,996,F1,1,,,,,
2026-07-09,2026-07-09,CM,NSE,STK,13461,INE390H01020,KAMDHENU,BE,,,,,KAMDHENU LIMITED,31.5,32.56,31.01,32.56,32.56,31.01,,32.6,,,575053,18538847.42,695,F1,1,,,,,
2026-07-09,2026-07-09,CM,NSE,STK,13814,INE0BTI01037,KAMOPAINTS,EQ,,,,,KAMDHENU VENTURES LIMITED,4.87,5.08,4.87,4.98,4.97,5.02,,4.98,,,95958,478549.25,431,F1,1,,,,,
2026-07-09,2026-07-09,CM,NSE,STK,25786,INE879E01037,KANANIIND,EQ,,,,,KANANI INDUSTRIES LTD,1.51,1.55,1.51,1.52,1.53,1.53,,1.52,,,89319,136047.27,239,F1,1,,,,,
2026-07-09,2026-07-09,CM,NSE,STK,762740,INE081G01019,KANCHI,BE,,,,,KANCHI KARPOORAM LTD.,359.0,371.0,359.0,363.3,367.95,363.1,,363.8,,,95,34370.45,9,F1,1,,,,,
2026-07-09,2026-07-09,CM,NSE,STK,11208,INE0MOT01016,KANDARP,SM,,,,,KANDARP DG SMART BPO LTD,101.0,101.0,101.0,101.0,101.0,98.5,,101.0,,,3000,303000.0,1,F1,1000,,,,,
2026-07-09,2026-07-09,CM,NSE,STK,9805,INE138C01024,KANORICHEM,BE,,,,,KANORIACHEMICALS-,125.0,132.99,122.1,130.01,129.8,127.1,,130.09,,,70701,9244533.99,160,F1,1,,,,,
2026-07-09,2026-07-09,CM,NSE,STK,1782,INE694E01014,KANPRPLA,EQ,,,,,KANPUR PLASTIPACK LIMITED,189.52,200.1,188.6,194.11,189.99,187.84,,194.23,,,42242,8145121.19,736,F1,1,,,,,
2026-07-09,2026-07-09,CM,NSE,STK,1196,INE531A01024,KANSAINER,EQ,,,,,KANSAI NEROLAC PAINTS LTD,207.0,207.0,199.3,200.59,200.69,204.03,,200.59,,,230082,46639075.18,6868,F1,1,,,,,
2026-07-09,2026-07-09,CM,NSE,STK,18967,INE542Z01028,KAPSTON,EQ,,,,,KAPSTON SERVICES LIMITED,351.0,383.9,351.0,377.2,379.0,354.5,,377.2,,,63563,23936787.4,1908,F1,1,,,,,
2026-07-09,2026-07-09,CM,NSE,STK,24385,INE725L01011,KARMAENG,EQ,,,,,KARMA ENERGY LIMITED,40.0,40.45,39.11,39.92,39.92,39.93,,39.96,,,2545,100690.09,37,F1,1,,,,,
2026-07-09,2026-07-09,CM,NSE,STK,8054,INE614B01018,KTKBANK,EQ,,,,,KARNATAKA BANK LIMITED,263.0,269.0,263.0,268.0,268.9,262.85,,268.0,,,1567788,418458653.7,19388,F1,1,,,,,
2026-07-09,2026-07-09,CM,NSE,STK,19465,INE0MGA01012,KARNIKA,SM,,,,,KARNIKA INDUSTRIES LTD,102.95,116.65,102.95,111.9,113.0,102.35,,111.9,,,373000,41326400.0,322,F1,1000,,,,,
2026-07-09,2026-07-09,CM,NSE,STK,1838,INE036D01028,KARURVYSYA,EQ,,,,,KARUR VYSYA BANK LTD,296.0,301.85,291.5,295.65,296.6,294.65,,295.65,,,1675323,496847128.2,26333,F1,1,,,,,
2026-07-09,2026-07-09,CM,NSE,STK,24528,INE0SVY01018,KATARIA,SM,,,,,KATARIA INDUSTRIES LTD,102.5,103.5,102.5,103.5,103.5,101.0,,103.5,,,5400,555300.0,7,F1,600,,,,,
2026-07-09,2026-07-09,CM,NSE,STK,15140,INE234I01028,KAUSHALYA,BE,,,,,KAUSHALYA INFRA DEV LTD.,1146.15,1146.15,1088.85,1088.85,1088.85,1146.15,,1088.85,,,353,388901.6,58,F1,1,,,,,
2026-07-09,2026-07-09,CM,NSE,STK,21186,INE0Q2V01012,KLL,SM,,,,,KAUSHALYA LOGISTICS LTD,32.7,32.7,30.5,30.85,31.0,31.7,,30.85,,,6400,203440.0,8,F1,800,,,,,
2026-07-09,2026-07-09,CM,NSE,STK,14972,INE455I01029,KSCL,EQ,,,,,KAVERI SEED CO. LTD.,865.65,881.45,863.3,865.9,865.0,865.65,,865.9,,,85281,74308781.7,4212,F1,1,,,,,
2026-07-09,2026-07-09,CM,NSE,STK,15244,INE641C01019,KAVDEFENCE,EQ,,,,,KAVVERI DFS & WIR TEC LTD,61.31,64.5,61.31,62.06,62.0,61.83,,62.08,,,86472,5429997.93,1238,F1,1,,,,,
2026-07-09,2026-07-09,CM,NSE,STK,21185,INE0RCG01017,KCEIL,ST,,,,,KAY CEE ENERGY & INFRA L,90.0,90.0,88.2,88.5,88.5,91.35,,88.5,,,3000,266700.0,6,F1,500,,,,,
2026-07-09,2026-07-09,CM,NSE,STK,10276,INE587G01015,KAYA,EQ,,,,,KAYA LIMITED,237.7,248.0,237.7,244.99,246.9,238.89,,244.99,,,10755,2638212.83,413,F1,1,,,,,
2026-07-09,2026-07-09,CM,NSE,STK,12092,INE918Z01012,KAYNES,EQ,,,,,KAYNES TECHNOLOGY IND LTD,3241.5,3459.9,3241.1,3429.1,3447.0,3210.7,,3429.2,,,3549385,12057055046.9,142652,F1,1,,,,,
2026-07-09,2026-07-09,CM,NSE,STK,758868,INE13ZD01013,KAYTEX,SM,,,,,KAYTEX FABRICS LIMITED,59.1,60.45,58.45,59.0,58.8,59.1,,59.0,,,8000,473640.0,8,F1,800,,,,,
2026-07-09,2026-07-09,CM,NSE,STK,10293,INE0J1E01027,KCK,SM,,,,,KCK INDUSTRIES LTD,12.85,14.05,11.65,14.05,14.05,12.8,,14.05,,,1547500,20707125.0,307,F1,2500,,,,,
2026-07-09,2026-07-09,CM,NSE,STK,1841,INE805C01028,KCP,EQ,,,,,KCP LTD,164.91,175.0,162.95,172.81,172.9,163.6,,172.81,,,273879,46811092.74,4996,F1,1,,,,,
2026-07-09,2026-07-09,CM,NSE,STK,4809,INE790B01024,KCPSUGIND,EQ,,,,,KCP SUGAR IND CORP LTD.,21.7,21.9,21.69,21.87,21.89,21.71,,21.87,,,66433,1448879.69,295,F1,1,,,,,
2026-07-09,2026-07-09,CM,NSE,STK,14908,INE291D01011,KDDL,EQ,,,,,KDDL LIMITED,3057.2,3230.7,3057.2,3186.3,3206.0,3057.2,,3186.1,,,20817,66050829.1,3516,F1,1,,,,,
2026-07-09,2026-07-09,CM,NSE,STK,13260,INE389H01022,KEC,EQ,,,,,KEC INTL. LIMITED,488.0,498.95,485.0,495.25,497.0,486.95,,495.25,,,362999,179140969.95,10185,F1,1,,,,,
2026-07-09,2026-07-09,CM,NSE,STK,13310,INE878B01027,KEI,EQ,,,,,KEI INDUSTRIES LTD.,5030.5,5078.5,4925.0,5007.5,4998.0,5030.5,,5007.5,,,341857,1708449447.5,49303,F1,1,,,,,
2026-07-09,2026-07-09,CM,NSE,STK,13430,INE164B01030,KELLTONTEC,EQ,,,,,KELLTON TECH SOL LTD,15.05,15.19,14.78,14.9,15.12,15.04,,14.9,,,1182588,17764292.81,3063,F1,1,,,,,
2026-07-09,2026-07-09,CM,NSE,STK,29547,INE15DO01012,KEN,SM,,,,,KEN ENTERPRISES LIMITED,34.2,34.75,33.8,34.75,34.75,33.85,,34.75,,,4800,164220.0,4,F1,1200,,,,,
2026-07-09,2026-07-09,CM,NSE,STK,11841,INE717A01029,KENNAMET,EQ,,,,,KENNAMETAL INDIA LIMITED,2798.0,2872.5,2777.0,2805.7,2806.0,2809.4,,2805.6,,,8364,23692525.3,2008,F1,1,,,,,
2026-07-09,2026-07-09,CM,NSE,STK,13121,INE202H01019,KERNEX,EQ,,,,,KERNEX MICROSYS(I) LTD,2064.5,2193.6,2064.4,2124.0,2138.8,2038.6,,2124.0,,,225402,484818451.2,18706,F1,1,,,,,
2026-07-09,2026-07-09,CM,NSE,STK,4981,INE087A01019,KESORAMIND,BE,,,,,KESORAM INDUSTRIES LTD,10.22,10.22,10.17,10.17,10.17,10.36,,10.18,,,314375,3200765.3,326,F1,1,,,,,
2026-07-09,2026-07-09,CM,NSE,STK,13381,INE401H01017,KKCL,EQ,,,,,KEWAL KIRAN CLOTHING LTD,492.2,503.45,492.2,495.55,493.6,489.6,,495.55,,,22614,11278326.7,1282,F1,1,,,,,
2026-07-09,2026-07-09,CM,NSE,STK,4157,INE681C01015,KEYFINSERV,EQ,,,,,KEYNOTE FIN SERV LTD.,263.0,274.97,263.0,266.0,266.0,263.19,,266.0,,,524,139704.34,40,F1,1,,,,,
2026-07-09,2026-07-09,CM,NSE,STK,12219,INE263M01029,RUSTOMJEE,EQ,,,,,KEYSTONE REALTORS LIMITED,413.0,424.0,413.0,421.45,421.9,412.6,,421.7,,,16055,6727164.75,1376,F1,1,,,,,
2026-07-09,2026-07-09,CM,NSE,STK,13359,INE138Y01010,KFINTECH,EQ,,,,,KFIN TECHNOLOGIES LIMITED,849.0,888.8,848.45,874.9,872.0,847.95,,874.9,,,1527455,1339018942.45,45118,F1,1,,,,,
2026-07-09,2026-07-09,CM,NSE,STK,433,INE834I01025,KHADIM,BE,,,,,KHADIM INDIA LIMITED,104.5,106.79,103.75,105.13,106.48,105.1,,105.06,,,5949,625366.99,661,F1,1,,,,,
2026-07-09,2026-07-09,CM,NSE,STK,9582,INE731C01018,KHAITANLTD,BE,,,,,KHAITAN (INDIA)LTD.,133.0,135.07,128.5,129.0,129.0,128.64,,134.95,,,1019,135075.93,37,F1,1,,,,,
2026-07-09,2026-07-09,CM,NSE,STK,902,INE745B01028,KHAICHEM,BE,,,,,KHAITAN CHEM & FERT LTD,51.8,52.78,51.5,51.7,51.51,51.8,,51.7,,,48174,2504908.81,255,F1,1,,,,,
2026-07-09,2026-07-09,CM,NSE,STK,9641,INE060B01014,KHANDSE,EQ,,,,,KHANDWALA SECURITIES LTD,17.75,17.75,17.25,17.74,17.75,17.68,,18.13,,,751,13282.35,25,F1,1,,,,,
2026-07-09,2026-07-09,CM,NSE,STK,9570,INE00UG01014,KHFM,SM,,,,,KHFM HOS FAC MANA SER LTD,58.3,58.3,53.25,53.25,53.25,52.55,,53.25,,,6200,338055.0,4,F1,1550,,,,,
2026-07-09,2026-07-09,CM,NSE,STK,762747,INE338F01015,KLBRENG-B,EQ,,,,,KILBURN ENGINEERING LTD.,460.7,472.0,446.55,462.3,457.95,460.0,,462.25,,,69726,32335082.65,4266,F1,1,,,,,
2026-07-09,2026-07-09,CM,NSE,STK,19941,INE729D01010,KILITCH,BE,,,,,KILITCH DRUGS INDIA LTD,184.98,185.5,176.0,184.24,184.0,183.12,,184.15,,,25517,4679288.04,243,F1,1,,,,,
2026-07-09,2026-07-09,CM,NSE,STK,18944,INE473D01015,KINGFA,EQ,,,,,KINGFA SCI & TEC IND LTD.,4955.0,5099.0,4955.0,5038.5,5090.0,4983.5,,5038.5,,,4455,22476525.5,1729,F1,1,,,,,
2026-07-09,2026-07-09,CM,NSE,STK,19126,INE880L01014,KIOCL,EQ,,,,,KIOCL LIMITED,376.0,381.45,376.0,377.05,376.05,374.15,,377.0,,,48625,18403164.85,2373,F1,1,,,,,
2026-07-09,2026-07-09,CM,NSE,STK,762742,INE555P01013,KIRANVYPAR,EQ,,,,,KIRAN VYAPAR LTD.,188.15,195.0,188.15,189.04,189.01,193.85,,189.04,,,2253,434275.2,75,F1,1,,,,,
2026-07-09,2026-07-09,CM,NSE,STK,16639,INE415I01015,KIRIINDUS,EQ,,,,,KIRI INDUSTRIES LIMITED,383.3,385.45,380.5,381.9,382.35,379.55,,381.9,,,117003,44787892.7,3398,F1,1,,,,,
2026-07-09,2026-07-09,CM,NSE,STK,18581,INE732A01036,KIRLOSBROS,EQ,,,,,KIRLOSKAR BROTHERS LTD,1865.6,1916.3,1840.0,1908.1,1914.0,1853.9,,1908.1,,,114038,216348286.7,11652,F1,1,,,,,
2026-07-09,2026-07-09,CM,NSE,STK,18224,INE134B01017,KECL,BE,,,,,KIRLOSKAR ELECTRIC CO LTD,108.92,112.99,107.5,110.87,111.8,108.93,,111.07,,,32288,3590650.64,309,F1,1,,,,,
2026-07-09,2026-07-09,CM,NSE,STK,14466,INE884B01025,KIRLFER,EQ,,,,,KIRLOSKAR FERROUS IND LTD,452.75,462.0,444.55,455.95,458.0,451.75,,455.95,,,88784,40440265.05,4789,F1,1,,,,,
2026-07-09,2026-07-09,CM,NSE,STK,19025,INE250A01039,KIRLOSIND,EQ,,,,,KIRLOSKAR INDUSTRIES LTD,4035.0,4233.0,4032.3,4151.0,4175.0,4006.2,,4151.0,,,28948,120244046.9,5114,F1,1,,,,,
2026-07-09,2026-07-09,CM,NSE,STK,20936,INE146L01010,KIRLOSENG,EQ,,,,,KIRLOSKAR OIL ENG LTD,2295.4,2436.4,2290.1,2424.8,2430.0,2277.0,,2424.8,,,1094132,2609243026.1,85636,F1,1,,,,,
2026-07-09,2026-07-09,CM,NSE,STK,15180,INE811A01020,KIRLPNU,EQ,,,,,KIRLOSKAR PNEUMATIC COM L,1762.7,1789.0,1750.2,1782.1,1789.0,1745.2,,1782.1,,,68198,120787405.8,11609,F1,1,,,,,
2026-07-09,2026-07-09,CM,NSE,STK,28899,INE602G01020,KITEX,EQ,,,,,KITEX GARMENTS LTD,152.1,155.9,152.1,153.18,152.7,151.31,,153.19,,,312117,48068084.66,3776,F1,1,,,,,
2026-07-09,2026-07-09,CM,NSE,STK,760923,INE0KNW01016,KNAGRI,EQ,,,,,KN AGRI RESOURCES LIMITED,209.89,209.89,203.86,205.76,207.88,206.07,,205.76,,,2959,613240.07,104,F1,1,,,,,
2026-07-09,2026-07-09,CM,NSE,STK,763839,INE17QZ01016,KNACK,EQ,,,,,KNACK PACKAGING LIMITED,186.0,204.0,186.0,194.71,195.25,182.98,,194.7,,,19121784,3746445143.24,136324,F1,1,,,,,
2026-07-09,2026-07-09,CM,NSE,STK,27084,INE0CJD01029,KMEW,EQ,,,,,KNOWLEDGE MARINE & EN W L,2269.0,2309.9,2250.4,2268.6,2264.9,2236.9,,2268.7,,,72402,164708552.5,9808,F1,1,,,,,
2026-07-09,2026-07-09,CM,NSE,STK,758431,INE1JAR25012,KRT,RR,,,,,KNOWLEDGE REALTY TRUST,115.75,115.98,115.0,115.08,115.01,115.6,,115.08,,,169938,19607105.46,13237,F1,1,,,,,
2026-07-09,2026-07-09,CM,NSE,STK,15283,INE634I01029,KNRCON,EQ,,,,,KNR CONSTRU LTD.,127.61,129.43,126.25,127.33,127.0,127.28,,127.34,,,342451,43824883.85,5133,F1,1,,,,,
2026-07-09,2026-07-09,CM,NSE,STK,18751,INE0Q7P01013,KODYTECH,SM,,,,,KODY TECHNOLAB LIMITED,1062.0,1147.0,1055.0,1125.2,1147.0,1077.9,,1125.2,,,289500,316108280.0,322,F1,100,,,,,
2026-07-09,2026-07-09,CM,NSE,STK,3009,INE080B01012,KOHINOOR,EQ,,,,,KOHINOOR FOODS LIMITED,24.0,24.74,23.95,24.34,24.31,23.92,,24.34,,,136106,3297765.99,2113,F1,1,,,,,
2026-07-09,2026-07-09,CM,NSE,STK,16827,INE760A01029,KOKUYOCMLN,EQ,,,,,KOKUYO CAMLIN LIMITED,86.7,87.93,85.79,87.58,87.87,85.37,,87.58,,,24872,2159525.25,344,F1,1,,,,,
2026-07-09,2026-07-09,CM,NSE,STK,15124,INE094I01018,KOLTEPATIL,EQ,,,,,KOLTE PATIL DEV. LTD.,356.6,362.5,354.1,361.4,358.65,356.6,,361.4,,,20785,7481430.5,1123,F1,1,,,,,
2026-07-09,2026-07-09,CM,NSE,STK,22475,INE0QEI01011,KONSTELEC,ST,,,,,KONSTELEC ENGINEERS LTD,53.3,53.3,53.3,53.3,53.3,50.8,,53.3,,,3000,159900.0,3,F1,1000,,,,,
2026-07-09,2026-07-09,CM,NSE,STK,19287,INE0KZ301010,KONTOR,SM,,,,,KONTOR SPACE LIMITED,59.05,63.0,59.0,63.0,63.0,63.0,,63.0,,,3600,221880.0,5,F1,600,,,,,
2026-07-09,2026-07-09,CM,NSE,STK,4951,INE082A01010,KOPRAN,BE,,,,,KOPRAN LTD,184.89,191.0,180.26,189.36,189.2,182.4,,189.35,,,91062,17115635.32,852,F1,1,,,,,
2026-07-09,2026-07-09,CM,NSE,STK,16758,INE0O4R01018,KDL,SM,,,,,KORE DIGITAL LIMITED,117.8,120.9,115.1,115.75,115.8,120.2,,115.75,,,16650,1953120.0,82,F1,150,,,,,
2026-07-09,2026-07-09,CM,NSE,STK,14858,INF174KA1HJ8,GOLD1,EQ,,,,,KOTAK GOLD ETF,118.01,119.79,118.01,119.55,119.54,118.06,,119.55,,,1173234,140013651.9,6141,F1,1,,,,,
2026-07-09,2026-07-09,CM,NSE,STK,1922,INE237A01036,KOTAKBANK,EQ,,,,,KOTAK MAHINDRA BANK LTD,371.5,377.95,368.4,377.15,377.3,370.1,,377.15,,,30720415,11466632415.95,310195,F1,1,,,,,
2026-07-09,2026-07-09,CM,NSE,STK,18102,INF174K014P6,NIFTY1,EQ,,,,,KOTAK NIFTY ETF,264.94,267.68,264.32,265.8,266.47,264.94,,265.76,,,442994,118222115.88,1408,F1,1,,,,,
2026-07-09,2026-07-09,CM,NSE,STK,15061,INF373I01023,PSUBANK,EQ,,,,,KOTAK PSU BANK,820.59,827.0,810.09,822.75,822.9,810.59,,822.75,,,11493,9428133.32,573,F1,1,,,,,
2026-07-09,2026-07-09,CM,NSE,STK,759885,INF174KA1XV0,CHEMICAL,EQ,,,,,KOTAKMAMC - CHEMICAL,29.7,29.7,29.17,29.41,29.46,29.12,,29.41,,,281637,8277425.92,679,F1,1,,,,,
2026-07-09,2026-07-09,CM,NSE,STK,7412,INF174KA1IA5,ALPHA,EQ,,,,,KOTAKMAMC - KOTAKALPHA,50.55,51.26,50.55,51.14,51.2,50.51,,51.14,,,790610,40403241.69,1778,F1,1,,,,,
2026-07-09,2026-07-09,CM,NSE,STK,10512,INF174KA1ZF8,CONS,EQ,,,,,KOTAKMAMC - KOTAKCONS,12.05,12.11,12.0,12.03,12.03,11.93,,12.03,,,28257,341315.2,97,F1,1,,,,,
2026-07-09,2026-07-09,CM,NSE,STK,2627,INF174KA1GC5,IT,EQ,,,,,KOTAKMAMC - KOTAKIT,30.97,30.97,30.02,30.52,30.85,30.5,,30.52,,,340071,10324891.66,1014,F1,1,,,,,
2026-07-09,2026-07-09,CM,NSE,STK,13950,INF174KA1LV5,LIQUID1,EQ,,,,,KOTAKMAMC - KOTAKLIQ,1118.38,1118.38,1112.46,1112.61,1112.61,1112.46,,1112.61,,,1540426,1713895606.92,575,F1,1,,,,,
2026-07-09,2026-07-09,CM,NSE,STK,8632,INF174KA1IY5,LOWVOL1,EQ,,,,,KOTAKMAMC - KOTAKLOVOL,20.88,21.05,20.88,20.96,20.97,20.88,,20.96,,,423541,8900975.36,197,F1,1,,,,,
2026-07-09,2026-07-09,CM,NSE,STK,8077,INF174KA1ZC5,MIDCAP,EQ,,,,,KOTAKMAMC - KOTAKMID50,17.85,18.3,17.6,18.22,18.21,17.93,,18.22,,,465175,8437291.02,745,F1,1,,,,,
2026-07-09,2026-07-09,CM,NSE,STK,10676,INF174KA1JF2,MNC,EQ,,,,,KOTAKMAMC - KOTAKMNC,33.4,33.47,33.23,33.31,33.23,33.12,,33.31,,,106633,3556919.13,253,F1,1,,,,,
2026-07-09,2026-07-09,CM,NSE,STK,13082,INF174KA1ZD3,SILVER1,EQ,,,,,KOTAKMAMC - KOTAKSILVE,21.11,21.67,20.48,21.59,21.63,21.31,,21.59,,,3790849,81141250.65,4300,F1,1,,,,,
2026-07-09,2026-07-09,CM,NSE,STK,11457,INF174KA1ZE1,NV20,EQ,,,,,KOTAKMAMC - KTKNV20ETF,14.0,14.05,13.95,13.98,14.0,13.95,,13.98,,,48055,672253.83,158,F1,1,,,,,
2026-07-09,2026-07-09,CM,NSE,STK,30469,INF174KA1VW2,MID150,EQ,,,,,KOTAKMAMC - MID150,23.39,23.39,23.08,23.24,23.26,22.93,,23.24,,,16228,376253.97,121,F1,1,,,,,
2026-07-09,2026-07-09,CM,NSE,STK,759488,INF174KA1XS6,MOMENTUM30,EQ,,,,,KOTAKMAMC - MOMENTUM30,30.3,30.42,30.18,30.22,30.35,30.02,,30.22,,,111881,3388468.33,83,F1,1,,,,,
2026-07-09,2026-07-09,CM,NSE,STK,29758,INF174KA1VD2,MSCIINDIA,EQ,,,,,KOTAKMAMC - MSCIINDIA,29.51,29.73,29.51,29.62,29.52,29.44,,29.62,,,21153,627162.57,86,F1,1,,,,,
2026-07-09,2026-07-09,CM,NSE,STK,760709,INF174KA1YO3,NEXT50ETF,EQ,,,,,KOTAKMAMC - NEXT50ETF,71.8,72.15,71.59,72.01,72.03,71.45,,72.01,,,10647,765424.35,80,F1,1,,,,,
2026-07-09,2026-07-09,CM,NSE,STK,29944,INF174KA1UW4,NIFTY100EW,EQ,,,,,KOTAKMAMC - NIFTY100EW,34.32,34.81,34.32,34.56,34.81,34.32,,34.56,,,20124,695530.93,147,F1,1,,,,,
2026-07-09,2026-07-09,CM,NSE,STK,757946,INF174KA1WT6,QUALITY30,EQ,,,,,KOTAKMAMC - QUALITY30,20.15,20.23,20.07,20.17,20.17,20.11,,20.17,,,2990,60217.74,17,F1,1,,,,,
2026-07-09,2026-07-09,CM,NSE,STK,5851,INF174KA1ZB7,BANKNIFTY1,EQ,,,,,KOTAKMAMC-KOTAKBKETF,59.09,59.67,59.09,59.27,59.33,58.99,,59.27,,,2795581,165701046.54,796,F1,1,,,,,
2026-07-09,2026-07-09,CM,NSE,STK,762752,INE972A01020,KOTIC,EQ,,,,,KOTHARI INDUSTRIAL CORP L,166.63,183.4,166.01,172.02,171.25,166.63,,172.15,,,113699,20205508.1,2357,F1,1,,,,,
2026-07-09,2026-07-09,CM,NSE,STK,4594,INE720A01015,KOTHARIPET,EQ,,,,,KOTHARI PETROCHEM LTD,131.8,134.75,130.91,132.35,132.0,130.41,,132.35,,,44698,5923475.73,1044,F1,1,,,,,
2026-07-09,2026-07-09,CM,NSE,STK,5528,INE823A01017,KOTHARIPRO,EQ,,,,,KOTHARI PRODUCTS LTD,68.01,70.5,68.01,69.21,68.75,67.43,,69.21,,,10569,731585.8,91,F1,1,,,,,
2026-07-09,2026-07-09,CM,NSE,STK,11647,INE419A01022,KOTARISUG,EQ,,,,,KOTHARI SUG & CHEM LTD.,25.9,27.0,25.35,25.98,26.32,25.57,,25.98,,,29155,765929.2,205,F1,1,,,,,
2026-07-09,2026-07-09,CM,NSE,STK,761337,INE0J0B01017,KOTYARK,BE,,,,,KOTYARK INDUSTRIES LTD,35.27,35.99,34.0,35.53,35.7,35.35,,35.52,,,53223,1886522.13,343,F1,1,,,,,
2026-07-09,2026-07-09,CM,NSE,STK,5192,INE177F01017,KOVAI,EQ,,,,,KOVAI MEDICAL CENTER & HO,5968.5,6000.0,5915.0,5970.5,6000.0,5968.5,,5970.5,,,1917,11415515.5,627,F1,1,,,,,
2026-07-09,2026-07-09,CM,NSE,STK,5108,INE542W01025,KPIGREEN,EQ,,,,,KPI GREEN ENERGY LIMITED,396.65,403.5,396.65,397.8,400.1,396.65,,397.75,,,329512,131603821.55,10472,F1,1,,,,,
2026-07-09,2026-07-09,CM,NSE,STK,9683,INE04I401011,KPITTECH,EQ,,,,,KPIT TECHNOLOGIES LIMITED,556.05,557.0,546.6,548.15,548.5,554.6,,548.15,,,1950385,1074007779.7,55039,F1,1,,,,,
2026-07-09,2026-07-09,CM,NSE,STK,14912,INE930H01031,KPRMILL,EQ,,,,,KPR MILL LTD.,1120.0,1138.5,1111.9,1115.1,1115.5,1107.1,,1115.1,,,158907,178263686.7,13074,F1,1,,,,,
2026-07-09,2026-07-09,CM,NSE,STK,10577,INE001B01026,KRBL,EQ,,,,,KRBL LIMITED,360.85,375.0,359.65,369.3,368.9,359.8,,369.3,,,408585,151446544.6,9829,F1,1,,,,,
2026-07-09,2026-07-09,CM,NSE,STK,1937,INE268B01013,KREBSBIO,EQ,,,,,KREBS BIOCHEMICALS & IND,55.5,59.43,54.42,56.96,57.02,54.03,,56.95,,,31554,1839032.44,408,F1,1,,,,,
2026-07-09,2026-07-09,CM,NSE,STK,11488,INE524L01026,KRIDHANINF,BE,,,,,KRIDHAN INFRA LIMITED,2.71,2.84,2.64,2.78,2.8,2.71,,2.78,,,23700,66212.93,36,F1,1,,,,,
2026-07-09,2026-07-09,CM,NSE,STK,12847,INE506W01020,KRISHANA,EQ,,,,,KRISHANA PHOSCHEM LIMITED,129.7,139.25,129.65,138.15,138.95,128.75,,138.15,,,1381914,187928398.9,12544,F1,1,,,,,
2026-07-09,2026-07-09,CM,NSE,STK,16133,INE0NR701018,KRISHCA,SM,,,,,KRISHCA STRAPPING SLTN L,172.0,174.0,171.0,172.35,174.0,169.7,,172.35,,,7000,1211425.0,12,F1,500,,,,,
2026-07-09,2026-07-09,CM,NSE,STK,756782,INE0GGO01015,KRISHIVAL,EQ,,,,,KRISHIVAL FOODS LIMITED,402.5,402.5,395.0,399.1,401.5,399.4,,398.85,,,17811,7120932.05,417,F1,1,,,,,
2026-07-09,2026-07-09,CM,NSE,STK,760688,IN90GGO01013,KRISHPP,E1,,,,,KRISHIVAL RE.3.50 PPD UP,141.5,155.0,125.1,132.2,125.1,141.0,,117.0,,,139199,18468653.15,337,F1,1,,,,,
2026-07-09,2026-07-09,CM,NSE,STK,761192,INE0J5601015,KRISHNADEF,EQ,,,,,KRISHNA DEF AND ALD IND L,1294.0,1340.0,1293.9,1314.3,1319.9,1282.7,,1314.3,,,146818,194128452.8,8989,F1,1,,,,,
2026-07-09,2026-07-09,CM,NSE,STK,4847,INE967H01025,KIMS,EQ,,,,,KRISHNA INST OF MED SCI L,805.0,831.0,801.75,813.75,815.0,805.95,,814.75,,,536192,439537867.15,22398,F1,1,,,,,
2026-07-09,2026-07-09,CM,NSE,STK,6420,INE479D01038,KRITI,BE,,,,,KRITI INDUSTRIES IND LTD,69.8,70.6,65.0,69.54,68.95,67.99,,69.54,,,22986,1557238.93,216,F1,1,,,,,
2026-07-09,2026-07-09,CM,NSE,STK,11440,INE798K01010,KRITINUT,BE,,,,,KRITI NUTRIENTS LIMITED,76.6,76.85,75.1,76.66,76.69,76.66,,76.72,,,15899,1216482.77,152,F1,1,,,,,
2026-07-09,2026-07-09,CM,NSE,STK,9288,INE00Z501029,KRITIKA,EQ,,,,,KRITIKA WIRES LIMITED,5.62,5.77,5.46,5.62,5.68,5.56,,5.62,,,61799,346890.11,333,F1,1,,,,,
2026-07-09,2026-07-09,CM,NSE,STK,760627,INE1MTV01019,KRMAYURVED,ST,,,,,KRM AYURVEDA LIMITED,253.75,259.35,252.5,255.75,255.75,247.0,,255.75,,,24000,6174650.0,23,F1,1000,,,,,
2026-07-09,2026-07-09,CM,NSE,STK,25645,INE0Q3J01015,KRN,BE,,,,,KRN HEAT EXCHANGE N REF L,1181.0,1248.0,1181.0,1211.8,1215.9,1205.1,,1211.8,,,56896,69192145.8,3785,F1,1,,,,,
2026-07-09,2026-07-09,CM,NSE,STK,24025,INE0ATZ01017,KRONOX,EQ,,,,,KRONOX LAB SCIENCES LTD,145.6,150.25,145.4,149.49,149.5,144.68,,149.5,,,84349,12506968.78,1899,F1,1,,,,,
2026-07-09,2026-07-09,CM,NSE,STK,25252,INE0O6601022,KROSS,EQ,,,,,KROSS LIMITED,179.0,185.0,179.0,182.46,181.25,178.44,,182.45,,,187541,34147596.7,2977,F1,1,,,,,
2026-07-09,2026-07-09,CM,NSE,STK,5359,INE08LI01020,KRSNAA,EQ,,,,,KRSNAA DIAGNOSTICS LTD,551.05,561.0,547.05,556.9,558.75,544.8,,556.9,,,37525,20835807.45,2824,F1,1,,,,,
2026-07-09,2026-07-09,CM,NSE,STK,23175,INE0QN801017,KRYSTAL,EQ,,,,,KRYSTAL INTEGRATED SER L,600.6,605.65,600.2,601.3,600.2,600.55,,601.25,,,3729,2244498.15,222,F1,1,,,,,
2026-07-09,2026-07-09,CM,NSE,STK,1949,INE999A01023,KSB,EQ,,,,,KSB LIMITED,935.8,935.8,922.15,932.7,932.0,927.6,,932.7,,,60524,56285797.7,7182,F1,1,,,,,
2026-07-09,2026-07-09,CM,NSE,STK,760433,INE987S01020,KSHINTL,EQ,,,,,KSH INTERNATIONAL LIMITED,793.3,851.45,793.0,848.2,848.25,783.35,,848.15,,,302015,250985541.65,18321,F1,1,,,,,
2026-07-09,2026-07-09,CM,NSE,STK,10412,INE013801027,KSHITIJPOL,BE,,,,,KSHITIJ POLYLINE LIMITED,3.36,3.36,3.36,3.36,3.36,3.53,,3.36,,,540507,1816103.52,881,F1,1,,,,,
2026-07-09,2026-07-09,CM,NSE,STK,11060,INE0D6I01023,KSOLVES,EQ,,,,,KSOLVES INDIA LIMITED,282.95,289.5,280.0,282.6,283.4,284.0,,282.65,,,23562,6717597.7,1280,F1,1,,,,,
2026-07-09,2026-07-09,CM,NSE,STK,759987,INE1SPP01016,KSR,EQ,,,,,KSR FOOTWEAR LIMITED,31.07,31.87,30.1,30.22,30.4,31.07,,30.23,,,12057,364833.22,106,F1,1,,,,,
2026-07-09,2026-07-09,CM,NSE,STK,13870,INE529I01021,KUANTUM,EQ,,,,,KUANTUM PAPERS LIMITED,76.0,76.0,75.0,75.49,75.66,74.97,,75.48,,,15977,1204396.14,332,F1,1,,,,,
2026-07-09,2026-07-09,CM,NSE,STK,762757,INE552U01010,KPL,EQ,,,,,KWALITY PHARMACEUTICALS L,2594.0,2698.0,2594.0,2624.5,2625.0,2568.2,,2623.7,,,26046,68838729.6,4355,F1,1,,,,,
2026-07-09,2026-07-09,CM,NSE,STK,760946,INE2KCE01013,KWIL,EQ,,,,,KWALITY WALL'S (INDIA) L,32.26,33.95,32.14,32.71,32.75,31.79,,32.71,,,15372467,509540381.38,37374,F1,1,,,,,
2026-07-09,2026-07-09,CM,NSE,STK,24948,INE498L01015,LTF,EQ,,,,,L&T FINANCE LIMITED,314.75,324.25,309.2,321.1,320.7,314.3,,321.1,,,9334466,2981733289.5,96794,F1,1,,,,,
2026-07-09,2026-07-09,CM,NSE,STK,18564,INE010V01017,LTTS,EQ,,,,,L&T TECHNOLOGY SER. LTD.,3150.9,3235.0,3131.5,3217.6,3205.0,3141.1,,3217.6,,,80073,256984027.4,13970,F1,1,,,,,
2026-07-09,2026-07-09,CM,NSE,STK,14423,INE059D01020,LAOPALA,EQ,,,,,LA OPALA RG LIMITED,178.67,178.67,176.0,176.99,176.6,176.61,,176.99,,,35405,6264732.81,5537,F1,1,,,,,
2026-07-09,2026-07-09,CM,NSE,STK,5865,INE548Z01017,LAGNAM,EQ,,,,,LAGNAM SPINTEX LIMITED,79.7,79.7,78.11,79.45,79.4,77.95,,79.45,,,933,73854.17,39,F1,1,,,,,
2026-07-09,2026-07-09,CM,NSE,STK,762762,INE515C01023,LAHOTIOV,EQ,,,,,LAHOTI OVERSEAS LTD.,43.76,45.0,42.85,42.85,42.85,42.3,,42.85,,,2802,122504.6,45,F1,1,,,,,
2026-07-09,2026-07-09,CM,NSE,STK,7902,INE850E01012,LFIC,EQ,,,,,LAKSHMI FIN IND CORP LTD,141.8,142.85,140.0,140.12,140.12,139.59,,140.12,,,240,33926.7,29,F1,1,,,,,
2026-07-09,2026-07-09,CM,NSE,STK,4774,INE651C01018,LAKPRE,BZ,,,,,LAKSHMI PRE SCRE LTD,5.56,5.8,5.56,5.56,5.56,5.85,,5.56,,,4336,24165.78,26,F1,1,,,,,
2026-07-09,2026-07-09,CM,NSE,STK,25863,INE0VZS01015,LAKSHYA,ST,,,,,LAKSHYA POWERTECH LIMITED,108.5,109.45,104.0,104.85,105.05,107.0,,104.85,,,13600,1462520.0,13,F1,800,,,,,
2026-07-09,2026-07-09,CM,NSE,STK,6407,INE112F01022,LAMBODHARA,EQ,,,,,LAMBODHARA TEXTILES LTD.,109.0,110.6,107.51,108.41,108.49,107.05,,108.41,,,3671,398363.45,85,F1,1,,,,,
2026-07-09,2026-07-09,CM,NSE,STK,27225,INE0R0201012,LAMOSAIC,ST,,,,,LAMOSAIC INDIA LIMITED,47.3,50.0,45.95,49.25,49.8,48.35,,49.25,,,85200,4111530.0,84,F1,600,,,,,
2026-07-09,2026-07-09,CM,NSE,STK,23027,INE572G01025,LANCORHOL,EQ,,,,,LANCOR HOLDINGS LIMITED,24.5,25.49,24.27,25.0,25.0,24.95,,25.0,,,187170,4679407.99,466,F1,1,,,,,
2026-07-09,2026-07-09,CM,NSE,STK,13276,INE559R01029,LANDMARK,EQ,,,,,LANDMARK CARS LIMITED,423.0,437.2,422.05,429.05,430.0,423.0,,429.05,,,70801,30258645.35,5468,F1,1,,,,,
2026-07-09,2026-07-09,CM,NSE,STK,16863,INE197J01017,LPDC,EQ,,,,,LANDMARK PR.DEV.CO.LTD,6.48,6.64,6.36,6.38,6.38,6.42,,6.38,,,28549,183877.38,109,F1,1,,,,,
2026-07-09,2026-07-09,CM,NSE,STK,17376,INE688J01023,LANDSMILL,EQ,,,,,LANDSMILL GREEN LIMITED,0.77,0.8,0.76,0.77,0.78,0.77,,0.77,,,1771094,1377210.4,818,F1,1,,,,,
2026-07-09,2026-07-09,CM,NSE,STK,11483,INE018A01030,LT,EQ,,,,,LARSEN & TOUBRO LTD.,3916.0,3947.3,3867.8,3886.0,3883.0,3892.1,,3886.1,,,5117653,20044887228.3,165912,F1,1,,,,,
2026-07-09,2026-07-09,CM,NSE,STK,21713,INE670X01014,LASA,EQ,,,,,LASA SUPERGENERICS LTD,7.48,7.9,7.25,7.43,7.45,7.34,,7.43,,,23854,177959.2,118,F1,1,,,,,
2026-07-09,2026-07-09,CM,NSE,STK,6818,INE0I7C01011,LATENTVIEW,EQ,,,,,LATENT VIEW ANALYTICS LTD,293.25,304.65,290.8,300.55,300.1,292.8,,300.5,,,764156,229469249.8,16130,F1,1,,,,,
2026-07-09,2026-07-09,CM,NSE,STK,15848,INE262Z01023,LATTEYS,BE,,,,,LATTEYS INDUSTRIES LTD,20.98,21.0,20.0,20.88,20.5,20.0,,20.88,,,111845,2325627.11,233,F1,1,,,,,
2026-07-09,2026-07-09,CM,NSE,STK,19234,INE947Q01028,LAURUSLABS,EQ,,,,,LAURUS LABS LIMITED,1468.1,1524.6,1460.0,1507.4,1514.5,1469.2,,1507.3,,,2035031,3073845826.7,58059,F1,1,,,,,
2026-07-09,2026-07-09,CM,NSE,STK,6568,INE801V01019,LAXMICOT,EQ,,,,,LAXMI COTSPIN LIMITED,14.8,14.9,14.17,14.38,14.38,14.52,,14.38,,,5788,83131.9,90,F1,1,,,,,
2026-07-09,2026-07-09,CM,NSE,STK,29171,INE0WO601020,LAXMIDENTL,EQ,,,,,LAXMI DENTAL LIMITED,215.18,220.0,212.77,216.93,217.4,214.64,,216.92,,,60176,13093074.49,1951,F1,1,,,,,
2026-07-09,2026-07-09,CM,NSE,STK,19876,INE258Y01016,LGHL,EQ,,,,,LAXMI GOLDORNA HOUSE LTD,212.8,223.6,212.8,216.72,219.0,211.68,,216.72,,,40349,8815983.77,582,F1,1,,,,,
2026-07-09,2026-07-09,CM,NSE,STK,758865,INE06WU01026,LAXMIINDIA,BE,,,,,LAXMI INDIA FINANCE LTD,113.48,116.19,110.7,111.87,112.9,110.66,,111.87,,,20503,2318244.27,212,F1,1,,,,,
2026-07-09,2026-07-09,CM,NSE,STK,2841,INE576O01020,LXCHEM,EQ,,,,,LAXMI ORGANIC INDUS LTD,151.47,154.4,150.8,153.14,152.0,150.59,,153.05,,,263109,40322096.78,3910,F1,1,,,,,
2026-07-09,2026-07-09,CM,NSE,STK,7529,INE938A01021,LCCINFOTEC,EQ,,,,,LCC INFOTECH LTD,4.63,4.73,4.5,4.55,4.53,4.64,,4.55,,,49793,229398.08,118,F1,1,,,,,
2026-07-09,2026-07-09,CM,NSE,STK,760300,INE0G1L01025,LEMERITE,EQ,,,,,LE MERITE EXPORTS LIMITED,22.65,22.9,21.18,22.36,22.48,22.29,,22.36,,,873012,19047585.79,2675,F1,1,,,,,
2026-07-09,2026-07-09,CM,NSE,STK,24067,INE0HV901016,IXIGO,EQ,,,,,LE TRAVENUES TECHNOLOGY L,201.42,210.94,200.1,204.22,203.1,200.42,,204.18,,,1025423,209854935.45,22409,F1,1,,,,,
2026-07-09,2026-07-09,CM,NSE,STK,757014,INE0AQ201015,THELEELA,EQ,,,,,LEELA PALACES HOTEL LTD,483.05,504.35,481.4,500.6,501.8,480.6,,500.55,,,398405,198861301.05,17174,F1,1,,,,,
2026-07-09,2026-07-09,CM,NSE,STK,2606,INE970X01018,LEMONTREE,EQ,,,,,LEMON TREE HOTELS LTD,116.93,118.85,116.61,117.44,117.7,116.93,,117.44,,,2350156,276840556.37,27198,F1,1,,,,,
2026-07-09,2026-07-09,CM,NSE,STK,759605,INE956O01016,LENSKART,EQ,,,,,LENSKART SOLUTIONS LTD,541.2,563.0,529.5,545.95,547.1,536.55,,545.95,,,15723093,8623550173.8,230700,F1,1,,,,,
2026-07-09,2026-07-09,CM,NSE,STK,14459,INE500X01013,LEXUS,EQ,,,,,LEXUS GRANITO (INDIA) LTD,14.5,14.68,13.3,13.92,13.94,14.34,,13.92,,,10898,156094.85,58,F1,1,,,,,
2026-07-09,2026-07-09,CM,NSE,STK,18321,INE337A01034,LGBBROSLTD,EQ,,,,,LG BALAKRISHNAN & BROS,1540.0,1590.0,1535.2,1558.0,1566.1,1537.5,,1558.0,,,29480,46035192.1,3864,F1,1,,,,,
2026-07-09,2026-07-09,CM,NSE,STK,760213,INE324D01010,LGEINDIA,EQ,,,,,LG ELECTRONICS INDIA LTD,1547.0,1570.0,1545.2,1563.8,1569.0,1545.3,,1564.1,,,731466,1141600972.7,24984,F1,1,,,,,
2026-07-09,2026-07-09,CM,NSE,STK,11082,INE908V01012,LIBAS,EQ,,,,,LIBAS CONSU PRODUCTS LTD,11.21,11.32,10.45,10.61,10.89,11.21,,10.61,,,75324,803746.06,267,F1,1,,,,,
2026-07-09,2026-07-09,CM,NSE,STK,1994,INE557B01019,LIBERTSHOE,EQ,,,,,LIBERTY SHOES LTD,270.0,276.5,270.0,272.65,274.6,270.0,,272.65,,,36840,10091347.0,855,F1,1,,,,,
2026-07-09,2026-07-09,CM,NSE,STK,1997,INE115A01026,LICHSGFIN,EQ,,,,,LIC HOUSING FINANCE LTD,531.5,542.75,531.5,539.8,539.9,530.6,,539.8,,,769495,415097812.4,14314,F1,1,,,,,
2026-07-09,2026-07-09,CM,NSE,STK,25640,INF767K01SM1,LICMFGOLD,EQ,,,,,LIC MF - LIC GOLD ETF,126.3,129.4,126.3,128.95,129.3,127.4,,128.95,,,21721,2789707.55,412,F1,1,,,,,
2026-07-09,2026-07-09,CM,NSE,STK,11319,INF767K01OS7,LICNETFN50,EQ,,,,,LICNAMC - LICNFENGP,273.45,273.45,268.3,269.33,269.35,266.79,,269.33,,,280,75910.46,31,F1,1,,,,,
2026-07-09,2026-07-09,CM,NSE,STK,11441,INF767K01OT5,LICNETFSEN,EQ,,,,,LICNAMC - LICNFESGP,871.33,873.03,866.54,866.56,866.56,864.52,,866.56,,,24,20867.31,7,F1,1,,,,,
2026-07-09,2026-07-09,CM,NSE,STK,15229,INF767K01PC8,LICNFNHGP,EQ,,,,,LICNAMC - LICNFNHGP,273.49,275.34,272.58,273.89,274.55,273.33,,274.43,,,32,8794.0,11,F1,1,,,,,
2026-07-09,2026-07-09,CM,NSE,STK,6062,INF767K01MV5,LICNETFGSC,EQ,,,,,LICNAMC - LICNMFET,29.64,29.7,29.38,29.42,29.4,29.5,,29.42,,,7100,209065.82,73,F1,1,,,,,
2026-07-09,2026-07-09,CM,NSE,STK,22722,INF767K01RN1,LICNMID100,EQ,,,,,LICNAMC - LICNMID100,62.11,62.89,62.11,62.36,62.37,61.73,,62.37,,,1901,118628.47,54,F1,1,,,,,
2026-07-09,2026-07-09,CM,NSE,STK,9480,INE0J1Y01017,LICI,EQ,,,,,LIFE INSURA CORP OF INDIA,427.9,440.9,427.4,438.45,438.5,427.9,,438.45,,,3344176,1461283912.55,40199,F1,1,,,,,
2026-07-09,2026-07-09,CM,NSE,STK,579,INE060901027,LIKHITHA,BE,,,,,LIKHITHA INFRASTRUC LTD,233.5,244.8,233.0,238.8,239.0,234.55,,238.8,,,12215,2911271.85,266,F1,1,,,,,
2026-07-09,2026-07-09,CM,NSE,STK,6951,INE802B01027,LINC,EQ,,,,,LINC LIMITED,102.75,106.59,102.73,104.55,105.9,102.37,,104.5,,,15516,1623091.42,805,F1,1,,,,,
2026-07-09,2026-07-09,CM,NSE,STK,11596,INE405C01035,LINCOLN,EQ,,,,,LINCOLN PHARMA LTD,600.05,616.8,600.05,611.95,608.1,600.9,,612.2,,,22302,13651030.15,1259,F1,1,,,,,
2026-07-09,2026-07-09,CM,NSE,STK,1627,INE473A01011,LINDEINDIA,EQ,,,,,LINDE INDIA LIMITED,6974.5,7065.0,6970.0,6987.5,6970.0,6935.5,,6987.5,,,14140,98993371.0,3766,F1,1,,,,,
2026-07-09,2026-07-09,CM,NSE,STK,17801,INE093R01011,LLOYDSENGG,EQ,,,,,LLOYDS ENGG WORK LIMITED,82.38,85.9,82.36,85.36,85.54,81.73,,85.36,,,8760768,742576594.93,30787,F1,1,,,,,
2026-07-09,2026-07-09,CM,NSE,STK,25807,INE080I01025,LLOYDSENT,EQ,,,,,LLOYDS ENTERPRISES LTD,71.68,75.48,71.68,74.58,74.99,71.33,,74.58,,,2709343,200622250.73,15673,F1,1,,,,,
2026-07-09,2026-07-09,CM,NSE,STK,11476,INE0DTQ01028,LLOYDS,ST,,,,,LLOYDS LUXURIES LIMITED,71.35,71.55,71.35,71.55,71.55,68.15,,71.55,,,12000,857800.0,9,F1,1000,,,,,
2026-07-09,2026-07-09,CM,NSE,STK,17313,INE281B01032,LLOYDSME,EQ,,,,,LLOYDS METALS N ENERGY L,1736.9,1767.9,1729.3,1745.1,1740.0,1725.8,,1745.3,,,363584,634585226.6,17679,F1,1,,,,,
2026-07-09,2026-07-09,CM,NSE,STK,1979,INE269B01029,LMW,EQ,,,,,LMW LIMITED,15699.0,16092.0,15684.0,15733.0,15750.0,15795.0,,15732.0,,,1435,22712134.0,599,F1,1,,,,,
2026-07-09,2026-07-09,CM,NSE,STK,3220,INE670K01029,LODHA,EQ,,,,,LODHA DEVELOPERS LIMITED,1107.8,1220.0,1102.0,1192.15,1200.0,1115.1,,1192.25,,,7067035,8190186307.5,150033,F1,1,,,,,
2026-07-09,2026-07-09,CM,NSE,STK,13439,INE397H01017,LOKESHMACH,BE,,,,,LOKESH MACHINES LTD,337.05,337.05,337.05,337.05,337.05,343.9,,335.9,,,74565,25132133.25,272,F1,1,,,,,
2026-07-09,2026-07-09,CM,NSE,STK,18232,INE846D01012,LORDSCHLO,EQ,,,,,LORDS CHLORO ALKALI LTD,135.04,138.0,135.0,136.37,136.0,133.94,,136.47,,,6468,882284.64,76,F1,1,,,,,
2026-07-09,2026-07-09,CM,NSE,STK,14924,INE740X01023,LAL,EQ,,,,,LORENZINI APPARELS LTD,8.7,8.89,8.51,8.59,8.6,8.7,,8.59,,,12731,110359.2,148,F1,1,,,,,
2026-07-09,2026-07-09,CM,NSE,STK,16807,INE947I01017,LOTUSEYE,EQ,,,,,LOTUS EYE HOSP & INST L,119.9,124.8,119.85,121.12,121.5,118.56,,121.12,,,5654,689670.71,310,F1,1,,,,,
2026-07-09,2026-07-09,CM,NSE,STK,22415,INE597L01014,LOVABLE,EQ,,,,,LOVABLE LINGERIE LTD,76.8,77.33,75.96,76.54,76.99,75.45,,76.53,,,6498,497824.35,194,F1,1,,,,,
2026-07-09,2026-07-09,CM,NSE,STK,10590,INE970D01010,LOYALTEX,EQ,,,,,LOYAL TEXTILE MILLS LTD,208.5,210.89,202.1,203.74,210.0,210.4,,203.74,,,129,26332.05,19,F1,1,,,,,
2026-07-09,2026-07-09,CM,NSE,STK,13816,INE818H01020,LTFOODS,EQ,,,,,LT FOODS LIMITED,378.55,390.9,378.55,388.4,387.35,380.3,,388.4,,,556292,215510880.0,21097,F1,1,,,,,
2026-07-09,2026-07-09,CM,NSE,STK,17818,INE214T01019,LTM,EQ,,,,,LTM LIMITED,3790.0,3879.0,3715.4,3854.4,3872.6,3794.0,,3854.4,,,473976,1820396441.1,39658,F1,1,,,,,
2026-07-09,2026-07-09,CM,NSE,STK,14014,INE872H01027,LUMAXTECH,EQ,,,,,LUMAX AUTO TECH LTD,1455.8,1503.4,1451.1,1495.4,1492.0,1448.2,,1495.4,,,99019,147081589.0,13137,F1,1,,,,,
2026-07-09,2026-07-09,CM,NSE,STK,2018,INE162B01018,LUMAXIND,EQ,,,,,LUMAX INDUSTRIES LTD,5211.0,5439.0,5211.0,5366.0,5334.0,5246.5,,5366.0,,,15738,84512364.0,2335,F1,1,,,,,
2026-07-09,2026-07-09,CM,NSE,STK,10440,INE326A01037,LUPIN,EQ,,,,,LUPIN LIMITED,2459.0,2522.7,2455.0,2503.3,2503.5,2459.0,,2503.3,,,570462,1428448376.2,50117,F1,1,,,,,
2026-07-09,2026-07-09,CM,NSE,STK,11301,INE150G01020,LUXIND,EQ,,,,,LUX INDUSTRIES LIMITED,1235.6,1260.0,1216.2,1222.2,1222.2,1229.1,,1222.3,,,25316,31279063.3,1505,F1,1,,,,,
2026-07-09,2026-07-09,CM,NSE,STK,7248,INE933A01014,LYKALABS,BE,,,,,LYKA LABS LTD.,71.34,71.9,67.65,68.58,70.0,68.99,,68.58,,,12331,857729.93,105,F1,1,,,,,
2026-07-09,2026-07-09,CM,NSE,STK,31468,INE142K01011,LYPSAGEMS,EQ,,,,,LYPSA GEMS & JEWEL LTD,4.64,4.86,4.26,4.63,4.71,4.58,,4.63,,,141427,650965.85,667,F1,1,,,,,
2026-07-09,2026-07-09,CM,NSE,STK,758150,INE08N601015,MBEL,EQ,,,,,M AND B ENGINEERING LTD,309.75,323.0,307.8,310.25,310.0,307.2,,310.25,,,143415,45186831.2,6262,F1,1,,,,,
2026-07-09,2026-07-09,CM,NSE,STK,16736,INE964W01021,MKPL,EQ,,,,,M K PROTEINS LIMITED,4.66,4.76,4.56,4.59,4.67,4.67,,4.59,,,190478,885336.41,399,F1,1,,,,,
2026-07-09,2026-07-09,CM,NSE,STK,22360,INE813V01022,MCL,EQ,,,,,M TEK COPPER LIMITED,53.9,55.3,53.7,54.57,54.74,53.99,,54.57,,,14435,788897.83,454,F1,1,,,,,
2026-07-09,2026-07-09,CM,NSE,STK,13285,INE774D01024,M&MFIN,EQ,,,,,M&M FIN. SERVICES LTD,333.3,340.0,330.5,336.75,337.0,331.65,,336.75,,,2510756,844642164.95,38934,F1,1,,,,,
2026-07-09,2026-07-09,CM,NSE,STK,22976,INE0SGC01015,MVKAGRO,SM,,,,,M.V.K. AGRO FOOD PROD LTD,369.0,387.95,357.0,387.95,387.95,373.0,,387.95,,,9300,3393345.0,28,F1,300,,,,,
2026-07-09,2026-07-09,CM,NSE,STK,15017,INE215I01027,MAANALU,EQ,,,,,MAAN ALUMINIUM LIMITED,121.84,124.9,120.41,120.84,120.56,119.8,,120.84,,,64981,7962931.89,803,F1,1,,,,,
2026-07-09,2026-07-09,CM,NSE,STK,762782,INE435D01014,MCCHRLS-B,EQ,,,,,MAC CHARLES (INDIA) LTD.,723.8,723.8,709.0,709.0,709.0,699.35,,709.1,,,447,316943.55,5,F1,1,,,,,
2026-07-09,2026-07-09,CM,NSE,STK,22347,INE155Z01011,MACPOWER,EQ,,,,,MACPOWER CNC MACHINES LTD,1339.9,1390.4,1338.4,1372.3,1385.0,1331.9,,1372.3,,,9357,12862077.0,1150,F1,1,,,,,
2026-07-09,2026-07-09,CM,NSE,STK,762767,INE631R01026,MADHAVIPL,EQ,,,,,MADHAV INFRA PROJECTS L,8.3,8.48,8.3,8.35,8.4,8.39,,8.35,,,87051,728038.34,270,F1,1,,,,,
2026-07-09,2026-07-09,CM,NSE,STK,15151,INE925C01016,MADHAV,EQ,,,,,MADHAV MARBLE & GRANITE,37.0,38.2,36.15,36.55,36.6,36.94,,36.55,,,8877,325015.48,89,F1,1,,,,,
2026-07-09,2026-07-09,CM,NSE,STK,13668,INE378D01032,MADHUCON,BE,,,,,MADHUCON PROJECTS LTD.,6.15,6.15,5.81,5.86,5.86,6.0,,5.86,,,4432,25860.32,33,F1,1,,,,,
2026-07-09,2026-07-09,CM,NSE,STK,18738,INE0P6701019,MADHUSUDAN,ST,,,,,MADHUSUDAN MASALA LIMITED,257.75,259.55,248.6,251.8,249.3,253.3,,251.8,,,36000,9083750.0,36,F1,1000,,,,,
2026-07-09,2026-07-09,CM,NSE,STK,12686,INE900L01028,MBAPL,EQ,,,,,MADHYA BHARAT AGRO P. LTD,118.0,131.9,117.05,129.85,131.7,118.05,,129.85,,,2221219,280360691.7,23607,F1,1,,,,,
2026-07-09,2026-07-09,CM,NSE,STK,4911,INE414A01015,MADRASFERT,EQ,,,,,MADRAS FERTILISERS LTD,66.94,69.27,66.94,67.33,67.3,66.94,,67.33,,,68174,4630536.9,967,F1,1,,,,,
2026-07-09,2026-07-09,CM,NSE,STK,762772,INE270B01035,MAFATIND,EQ,,,,,MAFATLAL INDUSTRIES LTD.,133.72,140.0,133.61,139.35,140.0,135.69,,139.29,,,58462,8052332.69,836,F1,1,,,,,
2026-07-09,2026-07-09,CM,NSE,STK,21392,INE347W01011,MAGADSUGAR,EQ,,,,,MAGADH SUGAR & ENERGY LTD,497.1,515.0,497.0,504.55,505.0,494.5,,504.55,,,17074,8621391.1,778,F1,1,,,,,
2026-07-09,2026-07-09,CM,NSE,STK,29482,INE613C01026,MCLOUD,EQ,,,,,MAGELLANIC CLOUD LIMITED,29.32,30.15,28.95,29.62,29.79,29.32,,29.62,,,6025668,178421481.77,14681,F1,1,,,,,
2026-07-09,2026-07-09,CM,NSE,STK,14957,INE387I01016,MAGNUM,EQ,,,,,MAGNUM VENTURES LTD.,19.31,20.25,19.31,19.85,20.09,19.4,,20.07,,,30521,609001.66,87,F1,1,,,,,
2026-07-09,2026-07-09,CM,NSE,STK,17091,INE0O1S01012,MAGSON,ST,,,,,MAGSON RETAIL AND DIST L,175.85,179.0,168.0,178.95,179.0,175.0,,178.95,,,7000,1214650.0,6,F1,1000,,,,,
2026-07-09,2026-07-09,CM,NSE,STK,5239,INE843B01013,MAHAPEXLTD,EQ,,,,,MAHA RASHTRA APEX COPR. L,44.51,45.99,43.1,43.59,44.0,44.48,,43.6,,,11128,489339.41,171,F1,1,,,,,
2026-07-09,2026-07-09,CM,NSE,STK,24937,INE0US801024,MFML,EQ,,,,,MAHALAXMI FABRIC MILLS LT,18.99,19.99,18.99,19.6,19.74,18.99,,19.84,,,1632,32170.33,35,F1,1,,,,,
2026-07-09,2026-07-09,CM,NSE,STK,7886,INE112D01035,MHLXMIRU,EQ,,,,,MAHALAXMI RUBTECH LIMITED,133.21,140.41,133.21,140.03,139.89,133.73,,140.03,,,10380,1436245.72,254,F1,1,,,,,
2026-07-09,2026-07-09,CM,NSE,STK,17527,INE451L01014,MAHASTEEL,EQ,,,,,MAHAMAYA STEEL INDS LTD,799.75,839.0,795.0,831.25,837.0,799.85,,831.15,,,10135,8375587.1,371,F1,1,,,,,
2026-07-09,2026-07-09,CM,NSE,STK,17534,INE002S01010,MGL,EQ,,,,,MAHANAGAR GAS LTD.,1092.1,1126.0,1089.0,1122.7,1124.0,1093.9,,1122.7,,,131919,147243244.2,13027,F1,1,,,,,
2026-07-09,2026-07-09,CM,NSE,STK,2294,INE153A01019,MTNL,EQ,,,,,MAHANAGAR TELEPHONE NIGAM,28.2,29.28,28.2,28.95,29.03,28.19,,28.94,,,1165534,33467278.97,4518,F1,1,,,,,
2026-07-09,2026-07-09,CM,NSE,STK,2085,INE288A01013,MAHSCOOTER,EQ,,,,,MAHARASHTRA SCOOTERS LTD,13017.0,13166.0,12895.0,13047.0,13049.0,12889.0,,13046.0,,,2137,27925341.0,905,F1,1,,,,,
2026-07-09,2026-07-09,CM,NSE,STK,2088,INE271B01025,MAHSEAMLES,EQ,,,,,MAHARASHTRA SEAMLESS LTD,586.0,592.95,582.0,591.05,592.0,583.0,,591.05,,,68103,40159838.35,4041,F1,1,,,,,
2026-07-09,2026-07-09,CM,NSE,STK,758688,INE632Q01018,MRIL,ST,,,,,MAHENDRA REALTO & INFRA L,66.55,73.5,66.55,73.2,73.5,70.0,,73.2,,,158400,11470640.0,67,F1,1600,,,,,
2026-07-09,2026-07-09,CM,NSE,STK,9577,INE263W01010,MAHESHWARI,BE,,,,,MAHESHWARI LOGISTICS LTD.,71.37,73.4,71.37,73.14,73.25,71.37,,73.14,,,15740,1148780.82,48,F1,1,,,,,
2026-07-09,2026-07-09,CM,NSE,STK,2839,INE961Y01015,MAHICKRA,SM,,,,,MAHICKRA CHEMICAL LIMITED,249.95,250.0,249.95,250.0,250.0,250.5,,250.0,,,5250,1312425.0,5,F1,750,,,,,
2026-07-09,2026-07-09,CM,NSE,STK,2031,INE101A01026,M&M,EQ,,,,,MAHINDRA & MAHINDRA LTD,3101.0,3139.7,3080.3,3085.4,3088.0,3102.5,,3085.4,,,2922682,9069523229.9,118016,F1,1,,,,,
2026-07-09,2026-07-09,CM,NSE,STK,17603,INE215D01010,MAHEPC,EQ,,,,,MAHINDRA EPC IRRIG LTD,115.5,116.8,114.0,115.31,115.03,114.87,,115.31,,,24403,2819442.8,646,F1,1,,,,,
2026-07-09,2026-07-09,CM,NSE,STK,17333,INE998I01010,MHRIL,EQ,,,,,MAHINDRA HOLIDAYS LTD,233.0,237.29,229.55,231.72,232.0,232.01,,231.73,,,71335,16606836.17,2471,F1,1,,,,,
2026-07-09,2026-07-09,CM,NSE,STK,8050,INE813A01018,MAHLIFE,EQ,,,,,MAHINDRA LIFESPACE DEVLTD,356.45,371.0,356.45,368.0,371.0,359.05,,368.0,,,175895,64600537.65,13693,F1,1,,,,,
2026-07-09,2026-07-09,CM,NSE,STK,385,INE766P01016,MAHLOG,EQ,,,,,MAHINDRA LOGISTIC LIMITED,382.1,395.0,382.1,388.95,388.1,382.5,,388.95,,,149440,57972294.05,4974,F1,1,,,,,
2026-07-09,2026-07-09,CM,NSE,STK,24538,INE683C01011,MAITHANALL,EQ,,,,,MAITHAN ALLOYS LTD,995.0,1007.3,993.0,1003.5,1002.1,993.0,,1003.5,,,20570,20579798.5,1496,F1,1,,,,,
2026-07-09,2026-07-09,CM,NSE,STK,762777,INE201B01022,MAJESAUT,EQ,,,,,MAJESTIC AUTO LTD.,343.0,348.2,343.0,347.0,347.0,342.4,,346.75,,,3466,1197418.15,188,F1,1,,,,,
2026-07-09,2026-07-09,CM,NSE,STK,7965,INE389C01015,MALLCOM,EQ,,,,,MALLCOM (INDIA) LIMITED,993.3,1038.0,988.1,1029.5,1038.0,988.4,,1029.5,,,1834,1873294.5,211,F1,1,,,,,
2026-07-09,2026-07-09,CM,NSE,STK,13352,INE383H01017,MALUPAPER,EQ,,,,,MALU PAPER MILLS LIMITED,31.5,31.5,30.99,31.29,31.29,30.85,,31.35,,,328,10175.32,12,F1,1,,,,,
2026-07-09,2026-07-09,CM,NSE,STK,28687,INE0TO701015,MAMATA,EQ,,,,,MAMATA MACHINERY LIMITED,379.65,386.9,379.65,381.6,380.0,379.65,,381.55,,,23828,9119645.95,1198,F1,1,,,,,
2026-07-09,2026-07-09,CM,NSE,STK,7413,INE830Q01018,MANAKCOAT,EQ,,,,,MAN COAT METAL & IND LTD,119.3,123.4,116.64,117.43,120.7,118.78,,117.43,,,420539,50666587.95,3417,F1,1,,,,,
2026-07-09,2026-07-09,CM,NSE,STK,11884,INE993A01026,MANINDS,EQ,,,,,MAN INDUSTRIES (I) LTD.,547.0,587.45,547.0,574.3,574.55,549.45,,574.35,,,365438,208975488.4,10350,F1,1,,,,,
2026-07-09,2026-07-09,CM,NSE,STK,18226,INE949H01023,MANINFRA,EQ,,,,,MAN INFRA LTD,100.52,105.74,100.3,100.79,100.95,100.52,,100.79,,,3336831,345655960.13,12502,F1,1,,,,,
2026-07-09,2026-07-09,CM,NSE,STK,7420,INE859Q01017,MANAKALUCO,EQ,,,,,MANAK ALUMINIUM CO. LTD.,34.11,35.48,34.11,34.3,34.3,34.58,,34.3,,,29867,1031243.49,462,F1,1,,,,,
2026-07-09,2026-07-09,CM,NSE,STK,15199,INE015D01022,MANAKSIA,EQ,,,,,MANAKSIA LTD.,56.36,58.18,56.36,57.04,56.9,56.36,,57.03,,,16537,949608.58,317,F1,1,,,,,
2026-07-09,2026-07-09,CM,NSE,STK,7482,INE824Q01011,MANAKSTEEL,BE,,,,,MANAKSIA STEELS LTD,79.3,81.0,77.29,78.13,78.3,79.72,,78.13,,,14497,1143304.5,173,F1,1,,,,,
2026-07-09,2026-07-09,CM,NSE,STK,13796,INE201A01024,MANALIPETC,EQ,,,,,MANALI PETROCHEMICALS LT,61.61,62.19,60.2,60.9,60.8,60.92,,60.91,,,181669,11137330.62,2184,F1,1,,,,,
2026-07-09,2026-07-09,CM,NSE,STK,19061,INE522D01027,MANAPPURAM,EQ,,,,,MANAPPURAM FINANCE LTD,330.55,336.15,329.15,332.45,332.3,332.55,,332.45,,,1998775,665444391.25,17856,F1,1,,,,,
2026-07-09,2026-07-09,CM,NSE,STK,25597,INE939X01013,MANBA,EQ,,,,,MANBA FINANCE LIMITED,136.21,141.95,135.1,136.7,137.5,135.96,,136.7,,,199594,27654714.92,2432,F1,1,,,,,
2026-07-09,2026-07-09,CM,NSE,STK,23779,INE0R3T01013,MANDEEP,SM,,,,,MANDEEP AUTO INDUSTRIES L,19.3,19.3,19.3,19.3,19.3,20.25,,19.3,,,2000,38600.0,1,F1,2000,,,,,
2026-07-09,2026-07-09,CM,NSE,STK,24823,INE545L01039,MANCREDIT,EQ,,,,,MANGAL CREDIT N FINCORP L,230.0,243.19,229.8,237.93,236.5,227.97,,237.94,,,294139,69406169.93,2618,F1,1,,,,,
2026-07-09,2026-07-09,CM,NSE,STK,758750,INE0PKD01011,MEIL,BE,,,,,MANGAL ELECTRICAL IND L,299.0,303.95,294.0,297.45,299.95,297.85,,297.5,,,14640,4353679.85,439,F1,1,,,,,
2026-07-09,2026-07-09,CM,NSE,STK,2106,INE347A01017,MANGLMCEM,EQ,,,,,MANGALAM CEMENT LTD,922.7,949.85,921.05,944.6,941.0,923.45,,944.75,,,27047,25430438.35,1553,F1,1,,,,,
2026-07-09,2026-07-09,CM,NSE,STK,11817,INE584F01014,MANGALAM,EQ,,,,,MANGALAM DRUG & CHEM LTD,26.9,28.27,26.7,27.26,27.21,26.93,,27.21,,,36542,1003897.07,255,F1,1,,,,,
2026-07-09,2026-07-09,CM,NSE,STK,1598,INE0APB01032,MGEL,BE,,,,,MANGALAM GLOBAL ENT LTD,16.52,17.14,16.52,16.9,16.93,16.75,,16.9,,,73477,1243239.86,169,F1,1,,,,,
2026-07-09,2026-07-09,CM,NSE,STK,6428,INE370D01013,MANORG,BE,,,,,MANGALAM ORGANICS LIMITED,518.05,539.9,518.05,536.6,538.9,528.5,,536.5,,,883,470151.05,27,F1,1,,,,,
2026-07-09,2026-07-09,CM,NSE,STK,759169,INE0JYY01011,MWL,EQ,,,,,MANGALAM WORLDWIDE LTD,371.1,376.85,368.15,370.25,369.0,373.1,,370.1,,,120588,44697413.55,2336,F1,1,,,,,
2026-07-09,2026-07-09,CM,NSE,STK,24629,INE0R3101011,MIEL,SM,,,,,MANGLAM INFRA & ENG LTD,12.45,13.05,12.45,12.55,12.55,13.1,,12.55,,,10000,125900.0,5,F1,2000,,,,,
2026-07-09,2026-07-09,CM,NSE,STK,760174,INE1ERK01013,MANILAM,SM,,,,,MANILAM INDUSTRIES IND L,53.3,53.3,53.3,53.3,53.3,53.3,,53.3,,,2000,106600.0,1,F1,2000,,,,,
2026-07-09,2026-07-09,CM,NSE,STK,15380,INE634S01028,MANKIND,EQ,,,,,MANKIND PHARMA LIMITED,2503.3,2555.1,2498.5,2532.0,2540.0,2491.2,,2532.0,,,205083,520381841.3,27444,F1,1,,,,,
2026-07-09,2026-07-09,CM,NSE,STK,19015,INE0KNT01012,MVGJL,EQ,,,,,MANOJ VAIBHAV GEM N JEW L,152.0,168.6,152.0,158.03,157.7,152.63,,157.95,,,205416,33105911.55,5818,F1,1,,,,,
2026-07-09,2026-07-09,CM,NSE,STK,13753,INE784W01015,MANOMAY,EQ,,,,,MANOMAY TEX INDIA LTD,171.64,182.4,171.21,178.59,176.8,171.64,,178.72,,,54228,9680219.62,517,F1,1,,,,,
2026-07-09,2026-07-09,CM,NSE,STK,10227,INE00VM01036,MANORAMA,EQ,,,,,MANORAMA INDUSTRIES LTD,1513.0,1590.2,1510.0,1579.2,1578.0,1510.8,,1579.2,,,198892,307957808.6,14115,F1,1,,,,,
2026-07-09,2026-07-09,CM,NSE,STK,13575,INE867A01022,MANUGRAPH,BE,,,,,MANUGRAPH INDIA LIMITED,14.81,15.29,14.5,14.91,14.91,14.81,,14.91,,,532,7895.18,34,F1,1,,,,,
2026-07-09,2026-07-09,CM,NSE,STK,7040,INE882A01013,MARALOVER,BE,,,,,MARAL OVERSEAS LTD,52.49,54.0,52.21,53.86,54.0,51.81,,53.86,,,2201,116651.79,32,F1,1,,,,,
2026-07-09,2026-07-09,CM,NSE,STK,18659,INE182D01020,MARATHON,EQ,,,,,MARATHON NXTGEN REALT LTD,396.75,403.55,394.2,396.65,397.9,396.85,,396.75,,,46397,18510246.65,1838,F1,1,,,,,
2026-07-09,2026-07-09,CM,NSE,STK,760456,INE0TD401015,MARC,ST,,,,,MARC TECHNOCRATS LIMITED,96.85,96.85,93.5,93.5,93.5,92.3,,93.5,,,2400,228420.0,2,F1,1200,,,,,
2026-07-09,2026-07-09,CM,NSE,STK,18773,INE0QP001012,MARCO,SM,,,,,MARCO CABLE & CONDUCTOR L,29.65,31.8,29.6,31.55,31.6,29.2,,31.55,,,18000,556650.0,11,F1,1500,,,,,
2026-07-09,2026-07-09,CM,NSE,STK,4067,INE196A01026,MARICO,EQ,,,,,MARICO LIMITED,845.05,862.3,841.45,860.05,860.55,840.1,,860.05,,,2532027,2168921146.5,78214,F1,1,,,,,
2026-07-09,2026-07-09,CM,NSE,STK,1328,INE01JE01028,MARINE,EQ,,,,,MARINE ELECTRICAL (I) LTD,250.8,254.0,247.0,248.1,248.5,247.65,,248.1,,,443836,111410244.85,7528,F1,1,,,,,
2026-07-09,2026-07-09,CM,NSE,STK,20410,INE0P1P01017,MARINETRAN,SM,,,,,MARINETRANS INDIA LIMITED,14.15,14.15,14.15,14.15,14.15,13.5,,14.15,,,4000,56600.0,1,F1,4000,,,,,
2026-07-09,2026-07-09,CM,NSE,STK,760204,INE0FW001016,MARKOLINES,EQ,,,,,MARKOLINES PAVEMENT TEC L,165.7,169.75,163.25,165.55,164.69,164.49,,165.53,,,374677,62751018.66,3203,F1,1,,,,,
2026-07-09,2026-07-09,CM,NSE,STK,10579,INE750C01026,MARKSANS,EQ,,,,,MARKSANS PHARMA LIMITED,265.3,281.6,263.5,277.3,279.0,263.45,,277.3,,,4551970,1257056016.45,59185,F1,1,,,,,
2026-07-09,2026-07-09,CM,NSE,STK,761386,INE415B01044,MARSONS,EQ,,,,,MARSONS LIMITED,107.7,118.8,107.7,116.8,117.5,105.64,,116.8,,,3999130,461732634.66,37521,F1,1,,,,,
2026-07-09,2026-07-09,CM,NSE,STK,761042,INE0X7G01013,MARUSHIKA,SM,,,,,MARUSHIKA TECHNOLOGY LTD,83.4,89.05,83.4,89.05,89.05,92.0,,89.05,,,2400,206940.0,2,F1,1200,,,,,
2026-07-09,2026-07-09,CM,NSE,STK,10999,INE585B01010,MARUTI,EQ,,,,,MARUTI SUZUKI INDIA LTD.,14000.0,14037.0,13700.0,13728.0,13709.0,13951.0,,13728.0,,,576451,7978481601.0,116236,F1,1,,,,,
2026-07-09,2026-07-09,CM,NSE,STK,2133,INE575Z01010,MDL,ST,,,,,MARVEL DECOR LIMITED,71.6,71.6,71.25,71.35,71.45,71.35,,71.35,,,3000,214300.0,3,F1,1000,,,,,
2026-07-09,2026-07-09,CM,NSE,STK,199,INE348L01012,MASFIN,EQ,,,,,MAS FINANCIAL SERV LTD,313.0,323.5,310.2,313.3,317.9,313.8,,313.3,,,268791,84281362.15,4010,F1,1,,,,,
2026-07-09,2026-07-09,CM,NSE,STK,24278,INE0SH001010,MASON,SM,,,,,MASON INFRATECH LIMITED,120.0,128.5,120.0,127.9,127.9,118.0,,127.9,,,361000,45008550.0,73,F1,500,,,,,
2026-07-09,2026-07-09,CM,NSE,STK,2124,INE759A01021,MASTEK,EQ,,,,,MASTEK LTD,1607.2,1638.8,1591.0,1612.1,1619.0,1606.1,,1612.1,,,29452,47666383.8,3524,F1,1,,,,,
2026-07-09,2026-07-09,CM,NSE,STK,19011,INE0OJM01017,MASTER,SM,,,,,MASTER COMPONENTS LIMITED,380.35,380.35,369.0,380.35,380.35,362.25,,380.35,,,7000,2653100.0,14,F1,500,,,,,
2026-07-09,2026-07-09,CM,NSE,STK,27047,INE677D01037,MASTERTR,EQ,,,,,MASTER TRUST LIMITED,80.6,96.61,80.6,94.8,94.7,80.51,,94.91,,,17957760,1650501791.12,85069,F1,1,,,,,
2026-07-09,2026-07-09,CM,NSE,STK,21726,INE866R01028,MATRIMONY,EQ,,,,,MATRIMONY.COM LIMITED,434.0,439.1,415.0,417.5,416.8,431.7,,417.5,,,14807,6277056.25,1302,F1,1,,,,,
2026-07-09,2026-07-09,CM,NSE,STK,759945,INE132901013,MGSL,SM,,,,,MATRIX GEO SOLUTIONS LTD,64.2,67.7,62.5,63.25,64.0,62.1,,63.25,,,24000,1545720.0,19,F1,1200,,,,,
2026-07-09,2026-07-09,CM,NSE,STK,17026,INE636A01039,MAWANASUG,BE,,,,,MAWANA SUGARS LIMITED,108.43,112.5,106.0,111.94,112.0,108.43,,111.93,,,97120,10706236.75,381,F1,1,,,,,
2026-07-09,2026-07-09,CM,NSE,STK,19646,INE03EI01018,MAXESTATES,EQ,,,,,MAX ESTATES LIMITED,434.9,445.8,430.05,439.5,439.7,431.7,,439.55,,,44246,19467929.25,2839,F1,1,,,,,
2026-07-09,2026-07-09,CM,NSE,STK,2142,INE180A01020,MFSL,EQ,,,,,MAX FINANCIAL SERV LTD,1560.0,1596.0,1554.8,1576.8,1579.0,1559.1,,1576.8,,,841514,1329639739.4,68997,F1,1,,,,,
2026-07-09,2026-07-09,CM,NSE,STK,22377,INE027H01010,MAXHEALTH,EQ,,,,,MAX HEALTHCARE INS LTD,1083.3,1123.7,1083.3,1101.3,1100.0,1084.8,,1101.3,,,2525140,2785656687.0,70619,F1,1,,,,,
2026-07-09,2026-07-09,CM,NSE,STK,22428,INE0CG601016,MAXIND,EQ,,,,,MAX INDIA LIMITED,155.0,161.38,155.0,157.73,158.0,154.16,,157.73,,,52572,8340178.59,691,F1,1,,,,,
2026-07-09,2026-07-09,CM,NSE,STK,21691,INE0ECC01022,MAXPOSURE,SM,,,,,MAXPOSURE LIMITED,34.15,35.2,34.15,35.0,35.2,34.15,,35.0,,,4000,139050.0,4,F1,1000,,,,,
2026-07-09,2026-07-09,CM,NSE,STK,29657,INE10A501018,MAXVOLT,ST,,,,,MAXVOLT ENERGY INDUS L,356.75,364.0,345.0,347.8,350.0,351.0,,347.8,,,33600,11929800.0,82,F1,400,,,,,
2026-07-09,2026-07-09,CM,NSE,STK,28906,INE040D01038,MAYURUNIQ,EQ,,,,,MAYUR UNIQUOTERS LTD,859.0,866.3,830.0,833.3,839.0,853.25,,833.3,,,142364,120465716.45,6773,F1,1,,,,,
2026-07-09,2026-07-09,CM,NSE,STK,509,INE249Z01020,MAZDOCK,EQ,,,,,MAZAGON DOCK SHIPBUIL LTD,2440.0,2444.0,2369.9,2372.8,2372.8,2450.7,,2372.8,,,1695100,4066359800.5,75506,F1,1,,,,,
2026-07-09,2026-07-09,CM,NSE,STK,18870,INE885E01042,MAZDA,BE,,,,,MAZDA LIMITED,238.0,242.07,232.0,235.01,238.9,238.63,,235.48,,,12995,3083014.08,266,F1,1,,,,,
2026-07-09,2026-07-09,CM,NSE,STK,18033,INE912H01013,MBLINFRA,BE,,,,,MBL INFRASTRUCTURE LTD,25.99,26.29,25.0,26.0,26.01,25.76,,26.22,,,11257,287222.49,79,F1,1,,,,,
2026-07-09,2026-07-09,CM,NSE,STK,11944,INE942G01012,MCLEODRUSS,BE,,,,,MCLEOD RUSSEL INDIA LTD.,51.8,53.91,50.11,52.36,52.59,51.82,,52.38,,,187506,9835858.0,564,F1,1,,,,,
2026-07-09,2026-07-09,CM,NSE,STK,14574,INE0O4M01019,MCON,SM,,,,,MCON RASAYAN INDIA LTD,42.75,42.75,42.75,42.75,42.75,40.75,,42.75,,,2000,85500.0,2,F1,1000,,,,,
2026-07-09,2026-07-09,CM,NSE,STK,21705,INE456Z01021,MEDIASSIST,EQ,,,,,MEDI ASSIST HEALTH SER L,355.05,368.7,353.85,358.7,360.0,354.25,,358.7,,,81871,29668451.3,3021,F1,1,,,,,
2026-07-09,2026-07-09,CM,NSE,STK,762805,INE200D01020,MMWL,BE,,,,,MEDIA MATRIX WORLDWIDE L,13.15,13.57,13.01,13.26,13.26,13.16,,13.24,,,8917,117625.16,42,F1,1,,,,,
2026-07-09,2026-07-09,CM,NSE,STK,6278,INE646B01010,MEDICAMEQ,EQ,,,,,MEDICAMEN BIOTECH LIMITED,250.05,253.2,244.2,245.4,245.45,251.3,,245.4,,,26839,6683287.4,950,F1,1,,,,,
2026-07-09,2026-07-09,CM,NSE,STK,24239,INE0PE401018,MEDIORG,SM,,,,,MEDICAMEN ORGANICS LTD,22.1,22.2,22.1,22.2,22.2,23.0,,22.2,,,6000,132800.0,3,F1,2000,,,,,
2026-07-09,2026-07-09,CM,NSE,STK,9667,INE630Y01024,MEDICO,EQ,,,,,MEDICO REMEDIES LIMITED,38.6,39.9,38.6,39.09,39.0,38.89,,39.09,,,44110,1731196.65,758,F1,1,,,,,
2026-07-09,2026-07-09,CM,NSE,STK,758423,INE0UOY01019,MEDISTEP,SM,,,,,MEDISTEP HEALTHCARE LTD,18.5,18.5,18.5,18.5,18.5,19.8,,18.5,,,3000,55500.0,1,F1,3000,,,,,
2026-07-09,2026-07-09,CM,NSE,STK,7254,INE804L01022,MEDPLUS,EQ,,,,,MEDPLUS HEALTH SERV LTD,824.95,824.95,807.1,814.7,811.1,816.2,,814.7,,,130917,106517625.6,11776,F1,1,,,,,
2026-07-09,2026-07-09,CM,NSE,STK,760229,INE0VDM01015,MEESHO,EQ,,,,,MEESHO LIMITED,189.8,195.92,189.57,190.69,191.18,189.54,,190.7,,,10341768,1997401014.37,104683,F1,1,,,,,
2026-07-09,2026-07-09,CM,NSE,STK,8153,INE00EM01016,MEGASTAR,EQ,,,,,MEGASTAR FOODS LIMITED,359.35,382.6,358.0,375.2,373.0,359.95,,375.45,,,82750,30789942.2,2082,F1,1,,,,,
2026-07-09,2026-07-09,CM,NSE,STK,22560,INE531R01010,MEGATHERM,SM,,,,,MEGATHERM INDUCTION LTD,216.9,223.9,213.9,218.25,218.25,210.25,,218.25,,,11600,2539860.0,23,F1,400,,,,,
2026-07-09,2026-07-09,CM,NSE,STK,5394,INE0CT101020,MOL,EQ,,,,,MEGHMANI ORGANICS LIMITED,46.1,46.9,45.96,46.39,46.43,45.98,,46.39,,,351864,16326547.31,1917,F1,1,,,,,
2026-07-09,2026-07-09,CM,NSE,STK,6971,INE071D01033,MENONBE,BE,,,,,MENON BEARINGS LIMITED,166.7,173.96,165.8,173.88,173.05,165.68,,173.97,,,52392,9022658.41,935,F1,1,,,,,
2026-07-09,2026-07-09,CM,NSE,STK,762787,INE650G01029,MENNPIS,EQ,,,,,MENON PISTONS LTD.,69.9,73.84,69.9,73.01,73.0,69.43,,73.01,,,114763,8339228.2,1938,F1,1,,,,,
2026-07-09,2026-07-09,CM,NSE,STK,25882,INE776I01010,MEP,BZ,,,,,MEP INFRA. DEVELOPERS LTD,0.67,0.67,0.65,0.65,0.65,0.66,,0.65,,,311254,206317.3,72,F1,1,,,,,
2026-07-09,2026-07-09,CM,NSE,STK,762792,INE689O01013,MERCANTILE,EQ,,,,,MERCANTILE VENTURES LTD.,25.89,25.89,24.26,25.45,25.59,25.04,,25.39,,,575,14631.04,24,F1,1,,,,,
2026-07-09,2026-07-09,CM,NSE,STK,763665,INE763M01028,MERCURYEV,BE,,,,,MERCURY EV-TECH LIMITED,34.21,36.66,33.8,35.91,35.99,34.92,,35.9,,,274966,9642475.04,685,F1,1,,,,,
2026-07-09,2026-07-09,CM,NSE,STK,7242,INE317I01021,METROBRAND,EQ,,,,,METRO BRANDS LIMITED,1041.9,1079.0,1041.9,1064.5,1068.6,1050.7,,1064.7,,,25245,26909203.3,4172,F1,1,,,,,
2026-07-09,2026-07-09,CM,NSE,STK,762797,INE085D01033,METROGLOBL,EQ,,,,,METROGLOBAL LTD.,136.0,137.0,132.65,134.64,135.0,134.56,,133.84,,,3614,486586.58,114,F1,1,,,,,
2026-07-09,2026-07-09,CM,NSE,STK,9581,INE112L01020,METROPOLIS,EQ,,,,,METROPOLIS HEALTHCARE LTD,549.35,564.4,548.8,560.05,559.85,549.35,,560.05,,,105938,59104537.1,9045,F1,1,,,,,
2026-07-09,2026-07-09,CM,NSE,STK,7165,INE287C01037,MICEL,BE,,,,,MIC ELECTRONICS LTD,37.08,38.0,36.0,36.96,37.05,36.9,,36.95,,,238314,8888128.88,1357,F1,1,,,,,
2026-07-09,2026-07-09,CM,NSE,STK,19887,INE0PZK01014,MICROPRO,SM,,,,,MICROPRO SOFTWARE SOL L,18.75,19.6,18.75,19.6,19.6,19.85,,19.6,,,3200,61360.0,2,F1,1600,,,,,
2026-07-09,2026-07-09,CM,NSE,STK,759517,INE0XAD01024,MIDWESTLTD,EQ,,,,,MIDWEST LIMITED,1296.0,1369.9,1296.0,1342.4,1344.9,1294.8,,1342.4,,,25781,34441397.3,2479,F1,1,,,,,
2026-07-09,2026-07-09,CM,NSE,STK,25897,INE842C01021,MINDACORP,EQ,,,,,MINDA CORPORATION LTD,684.05,711.5,684.05,705.45,705.5,683.35,,705.45,,,374881,264458578.05,20892,F1,1,,,,,
2026-07-09,2026-07-09,CM,NSE,STK,22308,INE0CCU25019,MINDSPACE,RR,,,,,MINDSPACE BUSINESS P REIT,486.86,490.0,482.66,487.59,487.5,485.1,,487.59,,,150368,73291083.7,3932,F1,1,,,,,
2026-07-09,2026-07-09,CM,NSE,STK,18049,INE110B01017,MINDTECK,EQ,,,,,MINDTECK (INDIA) LIMITED,205.84,207.7,197.45,204.93,206.0,202.86,,204.94,,,49344,10107434.66,1243,F1,1,,,,,
2026-07-09,2026-07-09,CM,NSE,STK,19640,INF769K01KU7,ALPHAETF,EQ,,,,,MIRAEAMC - ALPHAETF,25.71,26.6,25.71,26.07,25.95,25.65,,26.13,,,445817,11565556.15,897,F1,1,,,,,
2026-07-09,2026-07-09,CM,NSE,STK,17419,INF769K01KR3,BANKETF,EQ,,,,,MIRAEAMC - BANKETF,581.34,585.67,581.34,583.68,584.45,577.9,,583.68,,,14982,8751390.48,290,F1,1,,,,,
2026-07-09,2026-07-09,CM,NSE,STK,25725,INF769K01LZ4,BANKPSU,EQ,,,,,MIRAEAMC - BANKPSU,82.17,83.14,82.11,82.94,82.78,81.48,,82.94,,,10356,854724.25,77,F1,1,,,,,
2026-07-09,2026-07-09,CM,NSE,STK,28969,INF769K01NS5,CONSUMER,EQ,,,,,MIRAEAMC - CONSUMER,11.51,11.75,11.51,11.7,11.71,11.56,,11.7,,,396766,4650430.31,246,F1,1,,,,,
2026-07-09,2026-07-09,CM,NSE,STK,761046,INF769K01QC2,DEFENCE,EQ,,,,,MIRAEAMC - DEFENCE,77.75,78.22,77.11,77.4,77.55,77.74,,77.38,,,168744,13065429.38,768,F1,1,,,,,
2026-07-09,2026-07-09,CM,NSE,STK,760412,INF769K01PY8,DIVIDEND,EQ,,,,,MIRAEAMC - DIVIDEND,34.47,34.71,34.41,34.65,34.67,34.47,,34.53,,,3618,125009.38,53,F1,1,,,,,
2026-07-09,2026-07-09,CM,NSE,STK,759780,INF769K01PR2,ENERGY,EQ,,,,,MIRAEAMC - ENERGY,39.09,39.2,38.92,39.05,39.09,38.7,,39.04,,,207130,8100640.45,844,F1,1,,,,,
2026-07-09,2026-07-09,CM,NSE,STK,30121,INF769K01OA1,EQUAL200,EQ,,,,,MIRAEAMC - EQUAL200,13.61,13.67,13.6,13.62,13.62,13.5,,13.62,,,5531,75361.56,20,F1,1,,,,,
2026-07-09,2026-07-09,CM,NSE,STK,757142,INF769K01OO2,EQUAL50,EQ,,,,,MIRAEAMC - EQUAL50,327.89,328.94,327.65,327.65,327.65,328.0,,327.65,,,1168,383124.29,15,F1,1,,,,,
2026-07-09,2026-07-09,CM,NSE,STK,24461,INF769K01LQ3,EVINDIA,EQ,,,,,MIRAEAMC - EVINDIA,31.63,31.72,31.01,31.12,31.16,31.01,,31.12,,,89298,2783893.93,1065,F1,1,,,,,
2026-07-09,2026-07-09,CM,NSE,STK,760986,INF769K01QA6,HEALTHCARE,EQ,,,,,MIRAEAMC - HEALTHCARE,20.9,21.31,20.9,21.13,21.15,20.9,,21.13,,,57597,1217901.06,179,F1,1,,,,,
2026-07-09,2026-07-09,CM,NSE,STK,761030,INF769K01QB4,INFRA,EQ,,,,,MIRAEAMC - INFRA,12.1,12.25,12.03,12.2,12.22,12.09,,12.2,,,15973,195239.32,133,F1,1,,,,,
2026-07-09,2026-07-09,CM,NSE,STK,758595,INF769K01PB6,INTERNET,EQ,,,,,MIRAEAMC - INTERNET,13.28,13.5,13.28,13.46,13.47,13.16,,13.46,,,263740,3544515.35,239,F1,1,,,,,
2026-07-09,2026-07-09,CM,NSE,STK,19633,INF769K01KV5,ITETF,EQ,,,,,MIRAEAMC - ITETF,29.88,29.88,28.47,29.08,29.19,29.1,,29.08,,,581384,16827134.19,889,F1,1,,,,,
2026-07-09,2026-07-09,CM,NSE,STK,17572,INF769K01KS1,LIQUID,EQ,,,,,MIRAEAMC - LIQUID,1000.0,1000.0,999.99,999.99,999.99,999.99,,999.99,,,393771,393767548.53,406,F1,1,,,,,
2026-07-09,2026-07-09,CM,NSE,STK,27075,INF769K01MY5,LIQUIDPLUS,EQ,,,,,MIRAEAMC - LIQUIDPLUS,1093.51,1093.53,1093.51,1093.52,1093.53,1093.37,,1093.52,,,239644,262055902.0,170,F1,1,,,,,
2026-07-09,2026-07-09,CM,NSE,STK,1200,INF769K01GS9,ESG,EQ,,,,,MIRAEAMC - MAESGETF,41.18,41.49,41.14,41.16,41.35,41.07,,41.16,,,50437,2076939.59,68,F1,1,,,,,
2026-07-09,2026-07-09,CM,NSE,STK,3507,INF769K01HF4,MAFANG,EQ,,,,,MIRAEAMC - MAFANG,194.06,194.06,194.06,194.06,194.06,193.17,,194.06,,,93014,18050296.84,312,F1,1,,,,,
2026-07-09,2026-07-09,CM,NSE,STK,5220,INF769K01HI8,BFSI,EQ,,,,,MIRAEAMC - MAFSETF,27.41,27.63,27.4,27.53,27.57,27.33,,27.53,,,298363,8200599.54,649,F1,1,,,,,
2026-07-09,2026-07-09,CM,NSE,STK,14286,INF769K01JP9,GOLDETF,EQ,,,,,MIRAEAMC - MAGOLDETF,137.69,139.33,137.64,139.08,138.93,137.65,,139.06,,,783072,108740323.16,4419,F1,1,,,,,
2026-07-09,2026-07-09,CM,NSE,STK,14938,INF769K01KF8,GSEC10YEAR,EQ,,,,,MIRAEAMC - MAGS813ETF,30.52,30.52,30.39,30.43,30.43,30.39,,30.43,,,1186,36048.96,27,F1,1,,,,,
2026-07-09,2026-07-09,CM,NSE,STK,7074,INF769K01HS7,MAHKTECH,EQ,,,,,MIRAEAMC - MAHKTECH,21.99,21.99,21.99,21.99,21.99,22.26,,21.99,,,406483,8938561.17,253,F1,1,,,,,
2026-07-09,2026-07-09,CM,NSE,STK,8413,INF769K01IC9,MIDCAPETF,EQ,,,,,MIRAEAMC - MAM150ETF,23.02,23.41,23.02,23.35,23.36,23.02,,23.35,,,1733588,40454905.34,3941,F1,1,,,,,
2026-07-09,2026-07-09,CM,NSE,STK,7979,INF769K01IB1,MAKEINDIA,EQ,,,,,MIRAEAMC - MAMFGETF,161.6,161.6,159.95,160.23,160.36,159.91,,160.23,,,17557,2822320.26,332,F1,1,,,,,
2026-07-09,2026-07-09,CM,NSE,STK,6353,INF769K01EG9,NIFTYETF,EQ,,,,,MIRAEAMC - MAN50ETF,260.65,261.8,259.74,260.2,259.93,259.36,,260.2,,,303320,79153334.62,870,F1,1,,,,,
2026-07-09,2026-07-09,CM,NSE,STK,14786,INF769K01JU9,LOWVOL,EQ,,,,,MIRAEAMC - MANV30F,204.86,204.86,204.86,204.86,204.86,203.85,,204.86,,,4,819.44,1,F1,1,,,,,
2026-07-09,2026-07-09,CM,NSE,STK,17181,INF769K01FN2,NEXT50,EQ,,,,,MIRAEAMC - MANXT50,734.76,738.95,731.12,737.64,738.15,731.1,,737.58,,,39568,29112695.88,623,F1,1,,,,,
2026-07-09,2026-07-09,CM,NSE,STK,16777,INF769K01KG6,SILVERAG,EQ,,,,,MIRAEAMC - MASILVER,212.59,217.5,211.68,216.75,215.66,213.61,,216.74,,,326022,70193382.0,3237,F1,1,,,,,
2026-07-09,2026-07-09,CM,NSE,STK,5782,INF769K01HP3,MASPTOP50,EQ,,,,,MIRAEAMC - MASPTOP50,78.33,78.33,78.33,78.33,78.33,78.74,,78.33,,,194944,15269963.52,170,F1,1,,,,,
2026-07-09,2026-07-09,CM,NSE,STK,25744,INF769K01LY7,METAL,EQ,,,,,MIRAEAMC - METAL,12.71,12.74,12.55,12.62,12.63,12.57,,12.62,,,1541819,19447775.44,4019,F1,1,,,,,
2026-07-09,2026-07-09,CM,NSE,STK,23855,INF769K01LJ8,MIDSMALL,EQ,,,,,MIRAEAMC - MIDSMALL,49.77,50.63,49.77,50.52,50.61,49.88,,50.52,,,226239,11417285.02,532,F1,1,,,,,
2026-07-09,2026-07-09,CM,NSE,STK,25080,INF769K01LX9,MULTICAP,EQ,,,,,MIRAEAMC - MULTICAP,16.73,16.73,16.45,16.5,16.55,16.33,,16.5,,,156392,2584744.14,456,F1,1,,,,,
2026-07-09,2026-07-09,CM,NSE,STK,30109,INF769K01ON4,SELECTIPO,EQ,,,,,MIRAEAMC - SELECTIPO,45.26,46.97,45.26,46.39,46.4,45.18,,46.39,,,65885,3049490.41,114,F1,1,,,,,
2026-07-09,2026-07-09,CM,NSE,STK,19224,INF769K01KT9,SENSEXETF,EQ,,,,,MIRAEAMC - SENSEXETF,78.51,79.58,77.62,79.09,79.03,78.9,,79.09,,,105012,8257334.67,277,F1,1,,,,,
2026-07-09,2026-07-09,CM,NSE,STK,759814,INF769K01PQ4,SMALL250,EQ,,,,,MIRAEAMC - SMALL250,17.99,17.99,17.7,17.89,17.9,17.64,,17.89,,,479454,8572123.16,691,F1,1,,,,,
2026-07-09,2026-07-09,CM,NSE,STK,22832,INF769K01LC3,SMALLCAP,EQ,,,,,MIRAEAMC - SMALLCAP,46.05,46.99,46.01,46.91,46.97,46.0,,46.91,,,2530791,118315489.85,3127,F1,1,,,,,
2026-07-09,2026-07-09,CM,NSE,STK,760415,INF769K01PZ5,TOP20,EQ,,,,,MIRAEAMC - TOP20,8.68,8.75,8.67,8.67,8.7,8.67,,8.67,,,34512,300393.36,136,F1,1,,,,,
2026-07-09,2026-07-09,CM,NSE,STK,761511,INF769K01QV2,VALUE,EQ,,,,,MIRAEAMC - VALUE,16.04,16.06,15.96,16.0,16.02,15.84,,16.0,,,18949,303692.45,66,F1,1,,,,,
2026-07-09,2026-07-09,CM,NSE,STK,4394,INE771A01026,MIRZAINT,EQ,,,,,MIRZA INTERNATIONAL LIMIT,37.7,40.74,37.44,38.99,39.1,37.82,,38.99,,,903045,35697074.53,5757,F1,1,,,,,
2026-07-09,2026-07-09,CM,NSE,STK,2463,INE099Z01011,MIDHANI,EQ,,,,,MISHRA DHATU NIGAM LTD,413.65,416.4,407.8,409.75,410.8,408.7,,409.7,,,486416,200531342.55,13194,F1,1,,,,,
2026-07-09,2026-07-09,CM,NSE,STK,8475,INE828O01033,MITCON,BE,,,,,MITCON CON & ENG SER LTD,75.1,78.8,75.0,75.67,78.8,75.1,,75.67,,,1573,118073.2,12,F1,1,,,,,
2026-07-09,2026-07-09,CM,NSE,STK,18562,INE997Y01027,MITTAL,EQ,,,,,MITTAL LIFE STYLE LIMITED,0.92,0.95,0.92,0.94,0.94,0.94,,0.94,,,322800,303470.36,221,F1,1,,,,,
2026-07-09,2026-07-09,CM,NSE,STK,13844,INE227C01017,MMFL,EQ,,,,,MM FORGINGS LTD,505.2,519.9,500.65,510.1,511.9,500.1,,510.1,,,221989,114096667.4,8729,F1,1,,,,,
2026-07-09,2026-07-09,CM,NSE,STK,16395,INE511Y01018,MMP,EQ,,,,,MMP INDUSTRIES LIMITED,286.95,287.8,279.1,282.65,285.5,280.95,,282.65,,,28019,7933129.2,1170,F1,1,,,,,
2026-07-09,2026-07-09,CM,NSE,STK,17957,INE123F01029,MMTC,EQ,,,,,MMTC LIMITED,63.59,64.92,63.42,64.16,64.17,63.43,,64.16,,,1803455,116039296.7,10629,F1,1,,,,,
2026-07-09,2026-07-09,CM,NSE,STK,760199,INE1YNB01019,MOBILISE,ST,,,,,MOBILISE APP LAB LIMITED,106.9,106.9,106.9,106.9,106.9,103.55,,106.9,,,1600,171040.0,1,F1,1600,,,,,
2026-07-09,2026-07-09,CM,NSE,STK,2241,INE794W01014,MODTHREAD,EQ,,,,,MODERN THREADS INDIA LTD,47.5,50.51,45.57,47.46,47.9,47.5,,47.46,,,3360,160699.05,32,F1,1,,,,,
2026-07-09,2026-07-09,CM,NSE,STK,760280,INE537F01012,MODINATUR,BE,,,,,MODI NATURALS LIMITED,416.8,431.5,406.3,413.0,419.0,420.85,,413.1,,,7957,3323895.0,88,F1,1,,,,,
2026-07-09,2026-07-09,CM,NSE,STK,2229,INE832A01018,MODIRUBBER,EQ,,,,,MODI RUBBER LTD,128.7,132.68,128.5,132.09,132.3,128.0,,132.09,,,1189,156772.35,30,F1,1,,,,,
2026-07-09,2026-07-09,CM,NSE,STK,759752,INE0L0L01012,MODIS,EQ,,,,,MODIS NAVNIRMAN LTD,340.0,345.0,336.7,343.35,345.0,338.1,,343.35,,,23510,8079392.65,487,F1,1,,,,,
2026-07-09,2026-07-09,CM,NSE,STK,3325,INE737D01021,MODISONLTD,BE,,,,,MODISON LIMITED,283.5,295.7,283.5,290.95,292.95,286.8,,291.0,,,31308,9136528.25,799,F1,1,,,,,
2026-07-09,2026-07-09,CM,NSE,STK,1426,INE450S01011,MHHL,SM,,,,,MOHINI HEALTH&HYGIENE LTD,31.2,31.8,31.2,31.8,31.8,30.7,,31.8,,,4500,141525.0,3,F1,1500,,,,,
2026-07-09,2026-07-09,CM,NSE,STK,29423,INE954E01012,MOHITIND,EQ,,,,,MOHIT INDUSTRIES LTD,23.57,23.57,23.0,23.07,23.03,23.57,,23.07,,,3710,86038.91,44,F1,1,,,,,
2026-07-09,2026-07-09,CM,NSE,STK,20830,INE490G01020,MOIL,EQ,,,,,MOIL LIMITED,269.0,272.3,269.0,270.5,270.8,269.0,,270.5,,,219039,59355315.8,6887,F1,1,,,,,
2026-07-09,2026-07-09,CM,NSE,STK,3586,INE514Y01020,MOKSH,EQ,,,,,MOKSH ORNAMENTS LIMITED,11.68,11.96,11.52,11.72,11.7,11.68,,11.72,,,66150,777407.24,176,F1,1,,,,,
2026-07-09,2026-07-09,CM,NSE,STK,6713,INE893J01029,MOLDTKPAC,EQ,,,,,MOLD-TEK PACKAGING LTD,671.45,689.25,670.0,680.6,676.25,663.75,,680.7,,,45317,30901071.5,4862,F1,1,,,,,
2026-07-09,2026-07-09,CM,NSE,STK,17625,INE835B01035,MOLDTECH,EQ,,,,,MOLD-TEK TECHNOLOGIES LTD,126.9,129.88,126.0,126.76,128.9,126.37,,126.76,,,18593,2368158.0,607,F1,1,,,,,
2026-07-09,2026-07-09,CM,NSE,STK,7679,INE903D01011,MONARCH,EQ,,,,,MONARCH NETWORTH CAP LTD,347.0,357.4,347.0,351.2,350.0,345.5,,351.2,,,142902,50343731.7,3165,F1,1,,,,,
2026-07-09,2026-07-09,CM,NSE,STK,759381,INE296Q01012,MONEYBOXX,EQ,,,,,MONEYBOXX FINANCE LIMITED,63.0,63.0,61.0,62.29,63.0,61.04,,62.28,,,8410,520022.22,135,F1,1,,,,,
2026-07-09,2026-07-09,CM,NSE,STK,18392,INE0OIP01012,MONOPHARMA,SM,,,,,MONO PHARMACARE LIMITED,11.0,11.0,11.0,11.0,11.0,11.0,,11.0,,,2000,22000.0,1,F1,2000,,,,,
2026-07-09,2026-07-09,CM,NSE,STK,756958,INE1DV401010,MONOLITH,SM,,,,,MONOLITHISCH INDIA LTD,760.0,769.45,744.0,748.55,745.0,747.1,,748.55,,,13250,10050587.5,50,F1,250,,,,,
2026-07-09,2026-07-09,CM,NSE,STK,5938,INE950M01013,MONTECARLO,EQ,,,,,MONTE CARLO FASHIONS LTD.,538.0,550.95,538.0,542.75,542.0,538.1,,542.75,,,29855,16278498.5,2331,F1,1,,,,,
2026-07-09,2026-07-09,CM,NSE,STK,25876,INE161G01027,MORARJEE,BZ,,,,,MORARJEE TEXTILES LIMITED,8.77,9.69,8.77,9.68,9.68,9.23,,9.68,,,13927,133302.86,26,F1,1,,,,,
2026-07-09,2026-07-09,CM,NSE,STK,2259,INE083A01026,MOREPENLAB,EQ,,,,,MOREPEN LAB. LTD,59.31,63.1,59.31,60.96,60.98,58.96,,60.96,,,13485643,831401443.97,34834,F1,1,,,,,
2026-07-09,2026-07-09,CM,NSE,STK,15057,INE0N7S01028,MOS,ST,,,,,MOS UTILITY LIMITED,14.45,14.6,14.0,14.6,14.6,13.95,,14.6,,,584000,8502800.0,30,F1,4000,,,,,
2026-07-09,2026-07-09,CM,NSE,STK,29459,INE935B01025,MOSCHIP,EQ,,,,,MOSCHIP TECHNOLOGIES LTD,233.0,246.0,233.0,238.62,238.5,231.29,,238.62,,,12070015,2904697702.82,109082,F1,1,,,,,
2026-07-09,2026-07-09,CM,NSE,STK,8596,INE0FS801015,MSUMI,EQ,,,,,MOTHERSON SUMI WRNG IND L,40.84,41.03,40.0,40.22,40.28,40.75,,40.22,,,15316018,618402295.38,50457,F1,1,,,,,
2026-07-09,2026-07-09,CM,NSE,STK,21423,INF247L01023,MOM100,EQ,,,,,MOTILAL OS MIDCAP100 ETF,66.13,67.26,66.11,67.06,67.1,66.13,,67.06,,,323923,21697809.68,2077,F1,1,,,,,
2026-07-09,2026-07-09,CM,NSE,STK,22739,INF247L01AP3,MON100,EQ,,,,,MOTILAL OS NASDAQ100 ETF,324.85,324.85,324.85,324.85,324.85,324.7,,324.85,,,330518,107368772.3,878,F1,1,,,,,
2026-07-09,2026-07-09,CM,NSE,STK,14947,INE338I01027,MOTILALOFS,EQ,,,,,MOTILAL OSWAL FIN LTD,910.9,948.7,910.9,942.5,943.1,909.6,,942.5,,,1267540,1185813313.4,41045,F1,1,,,,,
2026-07-09,2026-07-09,CM,NSE,STK,19289,INF247L01536,MOM50,EQ,,,,,MOTILAL OSWAL M50 ETF,251.43,253.0,250.22,251.86,253.0,249.6,,251.83,,,3742,941357.37,127,F1,1,,,,,
2026-07-09,2026-07-09,CM,NSE,STK,1507,INF247L01AK4,MOGSEC,EQ,,,,,MOTILALAMC - G5,64.85,65.98,64.68,65.21,65.45,65.23,,65.18,,,6461,420516.76,101,F1,1,,,,,
2026-07-09,2026-07-09,CM,NSE,STK,757669,INF247L01FR8,MOALPHA50,EQ,,,,,MOTILALAMC - MOALPHA50,52.89,53.39,52.89,53.31,53.31,52.6,,53.31,,,267,14196.31,24,F1,1,,,,,
2026-07-09,2026-07-09,CM,NSE,STK,761693,INF247L01GV8,MOBANK10,EQ,,,,,MOTILALAMC - MOBANK10,17.57,17.6,17.0,17.23,17.31,17.39,,17.23,,,137991,2387477.83,407,F1,1,,,,,
2026-07-09,2026-07-09,CM,NSE,STK,30065,INF247L01EV3,MOCAPITAL,EQ,,,,,MOTILALAMC - MOCAPITAL,53.16,54.94,53.16,54.83,54.87,53.54,,54.83,,,701843,38359468.66,2148,F1,1,,,,,
2026-07-09,2026-07-09,CM,NSE,STK,24944,INF247L01DJ0,MODEFENCE,EQ,,,,,MOTILALAMC - MODEFENCE,102.44,103.71,100.26,102.35,102.61,102.68,,102.35,,,1048863,107545571.39,6676,F1,1,,,,,
2026-07-09,2026-07-09,CM,NSE,STK,759374,INF247L01GH7,MOENERGY,EQ,,,,,MOTILALAMC - MOENERGY,39.46,39.46,38.7,38.88,38.93,38.69,,38.88,,,82054,3200241.25,634,F1,1,,,,,
2026-07-09,2026-07-09,CM,NSE,STK,757791,INF247L01FY4,MOGOLD,EQ,,,,,MOTILALAMC - MOGOLD,140.15,141.9,139.75,141.6,141.6,140.35,,141.6,,,42122,5944022.3,932,F1,1,,,,,
2026-07-09,2026-07-09,CM,NSE,STK,10508,INF247L01BB1,MOHEALTH,EQ,,,,,MOTILALAMC - MOHEALTH,49.83,50.86,49.59,50.51,50.35,49.83,,50.51,,,89586,4530668.61,532,F1,1,,,,,
2026-07-09,2026-07-09,CM,NSE,STK,757031,INF247L01FL1,MOINFRA,EQ,,,,,MOTILALAMC - MOINFRA,61.9,61.9,61.0,61.08,61.02,60.69,,61.08,,,2187,134017.0,56,F1,1,,,,,
2026-07-09,2026-07-09,CM,NSE,STK,759891,INF247L01GI5,MOIPO,EQ,,,,,MOTILALAMC - MOIPO,46.07,46.54,46.07,46.45,46.54,45.22,,46.45,,,6192,286473.45,40,F1,1,,,,,
2026-07-09,2026-07-09,CM,NSE,STK,8654,INF247L01BL0,MOLOWVOL,EQ,,,,,MOTILALAMC - MOLOWVOL,36.85,37.25,36.81,36.94,37.25,36.93,,36.94,,,2533,93707.26,32,F1,1,,,,,
2026-07-09,2026-07-09,CM,NSE,STK,25606,INF247L01DK8,MOMENTUM50,EQ,,,,,MOTILALAMC - MOMENTUM50,51.65,52.6,51.65,52.46,52.49,51.55,,52.46,,,672727,35257703.38,1193,F1,1,,,,,
2026-07-09,2026-07-09,CM,NSE,STK,757099,INF247L01FK3,MOMGF,EQ,,,,,MOTILALAMC - MOMGF,158.42,158.44,157.53,158.02,157.93,158.0,,158.02,,,435,68818.58,16,F1,1,,,,,
2026-07-09,2026-07-09,CM,NSE,STK,757817,INF247L01FQ0,MOMIDMTM,EQ,,,,,MOTILALAMC - MOMIDMTM,62.44,63.07,62.43,63.03,63.01,61.88,,63.03,,,38020,2391004.56,191,F1,1,,,,,
2026-07-09,2026-07-09,CM,NSE,STK,760054,INF247L01GK1,MOMNC,EQ,,,,,MOTILALAMC - MOMNC,32.47,32.5,32.4,32.41,32.41,32.26,,32.41,,,954,30965.52,11,F1,1,,,,,
2026-07-09,2026-07-09,CM,NSE,STK,8182,INF247L01BK2,MOMOMENTUM,EQ,,,,,MOTILALAMC - MOMOMENTUM,60.79,61.76,60.79,61.3,61.01,60.82,,61.11,,,29921,1836289.87,291,F1,1,,,,,
2026-07-09,2026-07-09,CM,NSE,STK,756900,INF247L01FC0,MON50EQUAL,EQ,,,,,MOTILALAMC - MON50EQUAL,33.02,33.07,32.89,32.97,32.95,32.91,,32.97,,,5010,165346.25,30,F1,1,,,,,
2026-07-09,2026-07-09,CM,NSE,STK,757167,INF247L01FD8,MONEXT50,EQ,,,,,MOTILALAMC - MONEXT50,71.05,71.61,71.02,71.39,71.36,70.46,,71.39,,,2204,156651.24,38,F1,1,,,,,
2026-07-09,2026-07-09,CM,NSE,STK,759371,INF247L01GG9,MONIFTY100,EQ,,,,,MOTILALAMC - MONIFTY100,25.24,25.27,25.16,25.16,25.16,25.04,,25.16,,,5393,135999.06,38,F1,1,,,,,
2026-07-09,2026-07-09,CM,NSE,STK,19237,INF247L01BU1,MONIFTY500,EQ,,,,,MOTILALAMC - MONIFTY500,23.45,23.97,23.45,23.71,23.96,23.44,,23.71,,,702038,16626357.23,1212,F1,1,,,,,
2026-07-09,2026-07-09,CM,NSE,STK,7422,INF247L01AU3,MONQ50,EQ,,,,,MOTILALAMC - MONQ50,143.65,143.65,143.65,143.65,143.65,146.33,,143.65,,,27019,3881279.35,130,F1,1,,,,,
2026-07-09,2026-07-09,CM,NSE,STK,757431,INF247L01FO5,MOPSE,EQ,,,,,MOTILALAMC - MOPSE,99.5,100.0,99.44,99.67,99.55,100.38,,99.67,,,895,89253.32,21,F1,1,,,,,
2026-07-09,2026-07-09,CM,NSE,STK,10822,INF247L01BH8,MOQUALITY,EQ,,,,,MOTILALAMC - MOQUALITY,199.99,201.22,199.79,201.22,201.22,198.3,,201.22,,,96,19199.93,10,F1,1,,,,,
2026-07-09,2026-07-09,CM,NSE,STK,23184,INF247L01CI4,MOREALTY,EQ,,,,,MOTILALAMC - MOREALTY,88.0,90.7,87.22,90.44,90.69,87.23,,90.42,,,1203277,107700898.14,3090,F1,1,,,,,
2026-07-09,2026-07-09,CM,NSE,STK,760001,INF247L01GJ3,MOSERVICE,EQ,,,,,MOTILALAMC - MOSERVICE,30.88,31.16,30.88,31.05,31.03,30.74,,31.05,,,16509,512574.37,38,F1,1,,,,,
2026-07-09,2026-07-09,CM,NSE,STK,758457,INF247L01FZ1,MOSILVER,EQ,,,,,MOTILALAMC - MOSILVER,212.0,220.99,212.0,219.78,219.5,217.44,,219.77,,,38699,8425799.06,1353,F1,1,,,,,
2026-07-09,2026-07-09,CM,NSE,STK,23181,INF247L01CH6,MOSMALL250,EQ,,,,,MOTILALAMC - MOSMALL250,17.81,19.38,17.65,18.12,18.0,17.62,,18.11,,,1389897,24979868.74,1832,F1,1,,,,,
2026-07-09,2026-07-09,CM,NSE,STK,757443,INF247L01FP2,MOTOUR,EQ,,,,,MOTILALAMC - MOTOUR,79.0,80.5,78.7,80.15,80.3,78.94,,80.15,,,38119,3051975.71,218,F1,1,,,,,
2026-07-09,2026-07-09,CM,NSE,STK,10825,INF247L01BE5,MOVALUE,EQ,,,,,MOTILALAMC - MOVALUE,112.45,116.88,112.0,113.06,115.0,112.11,,113.05,,,463082,52267034.89,1188,F1,1,,,,,
2026-07-09,2026-07-09,CM,NSE,STK,20788,INE0FRK01020,MOTISONS,EQ,,,,,MOTISONS JEWELLERS LTD,14.22,14.96,14.1,14.28,14.24,14.09,,14.28,,,74000999,1071929204.09,44887,F1,1,,,,,
2026-07-09,2026-07-09,CM,NSE,STK,8793,INE861B01023,MOTOGENFIN,BE,,,,,MOTOR & GENERAL FINANCE L,28.0,28.4,27.1,28.38,28.38,27.06,,28.9,,,6069,169162.72,58,F1,1,,,,,
2026-07-09,2026-07-09,CM,NSE,STK,757813,INE0XM301010,MMEL,ST,,,,,MOVING MEDIA ENTER LTD,29.1,31.9,29.1,31.9,31.9,30.6,,31.9,,,42000,1317200.0,6,F1,2000,,,,,
2026-07-09,2026-07-09,CM,NSE,STK,4503,INE356A01018,MPHASIS,EQ,,,,,MPHASIS LIMITED,2241.0,2274.0,2194.3,2261.3,2264.0,2241.9,,2261.3,,,323700,726892840.1,21637,F1,1,,,,,
2026-07-09,2026-07-09,CM,NSE,STK,10578,INE943D01017,MPSLTD,EQ,,,,,MPS LIMITED,1959.2,2040.0,1951.0,2022.8,2026.0,1948.9,,2022.6,,,23882,48157491.6,3058,F1,1,,,,,
2026-07-09,2026-07-09,CM,NSE,STK,2277,INE883A01011,MRF,EQ,,,,,MRF LTD,132940.0,134390.0,132940.0,133870.0,134065.0,132940.0,,133870.0,,,4494,601775775.0,3495,F1,1,,,,,
2026-07-09,2026-07-09,CM,NSE,STK,2283,INE103A01014,MRPL,EQ,,,,,MRPL,148.3,152.6,147.15,149.68,150.0,147.94,,149.68,,,3940091,591620434.46,27623,F1,1,,,,,
2026-07-09,2026-07-09,CM,NSE,STK,1628,INE495P01020,BECTORFOOD,EQ,,,,,MRS BECTORS FOOD SPE LTD,169.01,173.88,167.05,171.08,171.2,167.16,,171.07,,,882005,151193165.25,25295,F1,1,,,,,
2026-07-09,2026-07-09,CM,NSE,STK,11919,INE752G01015,MSPL,EQ,,,,,MSP STEEL & POWER LTD.,40.7,41.17,39.03,39.32,39.03,40.38,,39.32,,,906752,36253508.55,3005,F1,1,,,,,
2026-07-09,2026-07-09,CM,NSE,STK,9356,INE255X01014,MSTCLTD,EQ,,,,,MSTC LIMITED,656.0,680.0,655.3,676.3,677.1,655.75,,676.3,,,433729,291569234.4,12199,F1,1,,,,,
2026-07-09,2026-07-09,CM,NSE,STK,31413,INE472M01018,MTEDUCARE,BE,,,,,MT EDUCARE LTD,1.92,1.92,1.76,1.89,1.89,1.83,,1.89,,,51824,95087.31,56,F1,1,,,,,
2026-07-09,2026-07-09,CM,NSE,STK,2715,INE864I01014,MTARTECH,BE,,,,,MTAR TECHNOLOGIES LIMITED,6850.0,7125.0,6831.5,6938.5,6930.0,6826.5,,6938.5,,,122817,858592796.0,21855,F1,1,,,,,
2026-07-09,2026-07-09,CM,NSE,STK,19783,INE08KJ01020,MUFIN,EQ,,,,,MUFIN GREEN FINANCE LTD,129.0,131.0,127.76,129.98,130.2,128.25,,129.98,,,525769,68383214.01,4353,F1,1,,,,,
2026-07-09,2026-07-09,CM,NSE,STK,11325,INE304A01026,MUKANDLTD,EQ,,,,,MUKAND LTD.,130.12,131.99,129.15,130.78,131.0,130.3,,130.76,,,47268,6175689.43,970,F1,1,,,,,
2026-07-09,2026-07-09,CM,NSE,STK,22980,INE0CG401037,MUKKA,EQ,,,,,MUKKA PROTEINS LIMITED,22.51,23.48,22.51,23.33,23.3,22.7,,23.33,,,212206,4883696.89,866,F1,1,,,,,
2026-07-09,2026-07-09,CM,NSE,STK,8691,INE374B01019,MUKTAARTS,BE,,,,,MUKTA ARTS LIMITED,53.95,55.5,53.95,54.38,54.01,54.2,,54.41,,,2272,123019.96,31,F1,1,,,,,
2026-07-09,2026-07-09,CM,NSE,STK,31181,INE745G01043,MCX,EQ,,,,,MULTI COMMODITY EXCHANGE,2755.6,2839.0,2749.4,2785.4,2789.0,2742.0,,2785.4,,,2578842,7215956553.6,170201,F1,1,,,,,
2026-07-09,2026-07-09,CM,NSE,STK,13511,INE672B01032,MUNJALAU,EQ,,,,,MUNJAL AUTO IND. LTD.,100.55,105.25,99.72,100.67,100.6,100.55,,100.67,,,1564401,160241969.57,12464,F1,1,,,,,
2026-07-09,2026-07-09,CM,NSE,STK,2307,INE577A01027,MUNJALSHOW,EQ,,,,,MUNJAL SHOWA LTD,130.67,132.75,130.11,131.95,132.75,130.67,,131.95,,,20146,2655983.0,431,F1,1,,,,,
2026-07-09,2026-07-09,CM,NSE,STK,2313,INE692B01014,MURUDCERA,EQ,,,,,MURUDESHWAR CERAMICS LTD,30.95,31.8,30.65,30.82,30.8,30.8,,30.82,,,6204,193030.95,104,F1,1,,,,,
2026-07-09,2026-07-09,CM,NSE,STK,19877,INE919I01024,RADIOCITY,EQ,,,,,MUSIC BROADCAST LIMITED,5.93,6.19,5.86,5.97,5.95,5.98,,5.97,,,36807,221171.34,146,F1,1,,,,,
2026-07-09,2026-07-09,CM,NSE,STK,10415,INE296G01013,MUTHOOTCAP,EQ,,,,,MUTHOOT CAP SERV LTD,217.82,220.0,216.0,217.71,217.51,217.82,,217.83,,,10001,2176281.37,307,F1,1,,,,,
2026-07-09,2026-07-09,CM,NSE,STK,23650,INE414G01012,MUTHOOTFIN,EQ,,,,,MUTHOOT FINANCE LIMITED,3070.1,3114.1,3032.7,3057.4,3051.0,3083.3,,3057.4,,,945580,2895901002.8,67688,F1,1,,,,,
2026-07-09,2026-07-09,CM,NSE,STK,20831,INE046W01019,MUTHOOTMF,EQ,,,,,MUTHOOT MICROFIN LIMITED,207.5,215.0,207.5,210.28,210.1,206.39,,210.33,,,265560,56306994.23,5662,F1,1,,,,,
2026-07-09,2026-07-09,CM,NSE,STK,763206,INE0JYY07026,10MWL29,N0,,,,,MWL 10% 2029,95000.0,98500.0,95000.0,98500.0,98500.0,90510.55,,98500.0,,,3,291375.0,3,F1,1,,,,,
2026-07-09,2026-07-09,CM,NSE,STK,25208,INE0RVQ01016,MYMUDRA,SM,,,,,MY MUDRA FINCORP LIMITED,70.5,71.45,70.25,70.25,70.25,70.05,,70.25,,,6000,424380.0,5,F1,1200,,,,,
2026-07-09,2026-07-09,CM,NSE,STK,20314,INE740D01017,NRAIL,EQ,,,,,N R AGARWAL INDS LTD,408.3,421.0,408.3,414.15,413.2,408.3,,414.3,,,1943,808359.05,192,F1,1,,,,,
2026-07-09,2026-07-09,CM,NSE,STK,757492,INE104101014,NRVANDANA,ST,,,,,N R VANDANA TEX IND LTD,71.8,72.9,71.65,72.7,72.5,70.5,,72.7,,,69000,5004150.0,22,F1,3000,,,,,
2026-07-09,2026-07-09,CM,NSE,STK,19111,INE365I01020,NBIFIN,EQ,,,,,N.B.I. IND. FIN. CO. LTD,1910.3,1946.8,1901.0,1921.6,1924.8,1900.3,,1921.6,,,30848,58693639.2,178,F1,1,,,,,
2026-07-09,2026-07-09,CM,NSE,STK,20425,INE295D01020,NACLIND,EQ,,,,,NACL INDUSTRIES LIMITED,223.73,235.6,221.61,225.85,226.0,221.73,,225.88,,,2297238,527122876.41,36291,F1,1,,,,,
2026-07-09,2026-07-09,CM,NSE,STK,18371,INE756C01015,NDGL,EQ,,,,,NAGA DHUNSERI GROUP LTD,2805.4,2850.0,2710.0,2732.3,2732.0,2790.7,,2732.3,,,317,875290.5,85,F1,1,,,,,
2026-07-09,2026-07-09,CM,NSE,STK,14943,INE245I01016,NAGREEKCAP,BE,,,,,NAGREEKA CAP & INFR.LTD,23.11,24.64,23.11,23.93,23.9,23.7,,24.07,,,2117,51268.05,20,F1,1,,,,,
2026-07-09,2026-07-09,CM,NSE,STK,14702,INE123B01028,NAGREEKEXP,EQ,,,,,NAGREEKA EXPORTS LTD.,24.18,25.59,23.5,23.96,24.0,24.89,,23.96,,,39490,959624.21,309,F1,1,,,,,
2026-07-09,2026-07-09,CM,NSE,STK,15360,INE049I01012,NAHARCAP,EQ,,,,,NAHAR CAP & FIN.,246.0,246.0,241.4,245.35,246.0,245.0,,245.35,,,1677,410631.95,80,F1,1,,,,,
2026-07-09,2026-07-09,CM,NSE,STK,13106,INE289A01011,NAHARINDUS,EQ,,,,,NAHAR INDS ENT LTD,115.6,119.0,115.2,116.4,116.65,115.01,,116.39,,,8523,991399.12,240,F1,1,,,,,
2026-07-09,2026-07-09,CM,NSE,STK,14445,INE308A01027,NAHARPOLY,EQ,,,,,NAHAR POLY FILMS LIMITED,246.0,254.75,246.0,249.2,249.0,245.75,,249.2,,,5963,1495596.85,223,F1,1,,,,,
2026-07-09,2026-07-09,CM,NSE,STK,14443,INE290A01027,NAHARSPING,BE,,,,,NAHAR SPINNING MILLS LTD.,267.0,267.45,260.1,266.3,267.45,259.45,,266.25,,,9031,2391751.3,139,F1,1,,,,,
2026-07-09,2026-07-09,CM,NSE,STK,5404,INE236Y01012,NGIL,BE,,,,,NAKODA GROUP OF IND. LTD,42.0,42.0,39.0,40.98,40.98,40.83,,41.5,,,8483,344112.86,44,F1,1,,,,,
2026-07-09,2026-07-09,CM,NSE,STK,11239,INE023A01030,NSIL,EQ,,,,,NALWA SONS INVESTMENT LTD,5308.0,5429.0,5308.0,5383.5,5410.0,5308.0,,5383.0,,,1747,9398152.0,385,F1,1,,,,,
2026-07-09,2026-07-09,CM,NSE,STK,23379,INE0RJM01010,NAMAN,SM,,,,,NAMAN INDUSTRE PRXIMA LTD,44.05,45.05,44.05,45.05,45.05,46.1,,45.05,,,5600,250680.0,4,F1,800,,,,,
2026-07-09,2026-07-09,CM,NSE,STK,25170,INE08NZ01012,NAMOEWASTE,ST,,,,,NAMO EWASTE MANAGEMENT L,267.05,274.0,267.05,274.0,274.0,271.25,,274.0,,,39200,10588600.0,48,F1,800,,,,,
2026-07-09,2026-07-09,CM,NSE,STK,31258,INE875G01048,NDL,EQ,,,,,NANDAN DENIM LIMITED,2.33,2.42,2.33,2.39,2.42,2.33,,2.38,,,952842,2264128.66,857,F1,1,,,,,
2026-07-09,2026-07-09,CM,NSE,STK,5516,INE696V01013,JAIPURKURT,EQ,,,,,NANDANI CREATION LIMITED,28.6,28.6,27.1,28.0,28.01,27.69,,28.0,,,436,12156.42,42,F1,1,,,,,
2026-07-09,2026-07-09,CM,NSE,STK,11840,INE410P01011,NH,EQ,,,,,NARAYANA HRUDAYALAYA LTD.,1979.0,2014.0,1968.0,1993.2,2000.0,1978.6,,1993.0,,,192019,383629259.9,23579,F1,1,,,,,
2026-07-09,2026-07-09,CM,NSE,STK,11627,INE117Z01011,NARMADA,EQ,,,,,NARMADA AGROBASE LIMITED,34.87,35.27,33.66,34.63,34.75,34.53,,34.63,,,690098,23761872.33,3593,F1,1,,,,,
2026-07-09,2026-07-09,CM,NSE,STK,3918,INE987B01026,NATCOPHARM,EQ,,,,,NATCO PHARMA LTD.,966.35,989.5,956.25,961.6,961.55,966.3,,961.6,,,439500,427624292.8,25778,F1,1,,,,,
2026-07-09,2026-07-09,CM,NSE,STK,11065,INE448G01010,NATHBIOGEN,EQ,,,,,NATH BIO-GENES (I) LTD,163.1,167.38,162.12,162.8,162.65,162.2,,162.84,,,10546,1724093.13,473,F1,1,,,,,
2026-07-09,2026-07-09,CM,NSE,STK,6364,INE139A01034,NATIONALUM,EQ,,,,,NATIONAL ALUMINIUM CO LTD,350.1,351.8,341.9,349.5,350.0,349.75,,349.5,,,8664918,3014986641.2,79568,F1,1,,,,,
2026-07-09,2026-07-09,CM,NSE,STK,13925,INE870D01012,NFL,EQ,,,,,NATIONAL FERT. LTD,72.99,73.8,72.8,72.94,73.15,72.66,,72.94,,,649722,47554443.15,3963,F1,1,,,,,
2026-07-09,2026-07-09,CM,NSE,STK,6531,INE0H7R23014,NHIT,IV,,,,,NATIONAL HIGHW INFRA TRUS,169.0,169.0,169.0,169.0,169.0,167.95,,169.0,,,25000,4225000.0,1,F1,25000,,,,,
2026-07-09,2026-07-09,CM,NSE,STK,762807,INE166R01015,NATIONSTD,EQ,,,,,NATIONAL STAND (INDIA) L,598.1,617.0,562.3,562.3,562.3,624.7,,562.3,,,353226,200913103.2,3156,F1,1,,,,,
2026-07-09,2026-07-09,CM,NSE,STK,29583,INE936B01015,NATCAPSUQ,EQ,,,,,NATURAL CAPSULES LIMITED,143.2,146.8,138.55,142.11,142.4,142.47,,141.63,,,5766,812850.89,184,F1,1,,,,,
2026-07-09,2026-07-09,CM,NSE,STK,4014,INE725A01030,NAVA,EQ,,,,,NAVA LIMITED,590.1,602.0,586.5,596.6,598.0,591.9,,596.6,,,222553,132682614.7,10680,F1,1,,,,,
2026-07-09,2026-07-09,CM,NSE,STK,14672,INE048G01026,NAVINFLUOR,EQ,,,,,NAVIN FLUORINE INT. LTD,7401.5,7725.0,7401.5,7689.0,7698.0,7363.0,,7689.0,,,138380,1056632825.5,33667,F1,1,,,,,
2026-07-09,2026-07-09,CM,NSE,STK,10557,INE278M01019,NAVKARCORP,EQ,,,,,NAVKAR CORPORATION LTD.,101.11,105.4,101.11,104.13,104.0,101.8,,104.13,,,432099,44953120.74,3936,F1,1,,,,,
2026-07-09,2026-07-09,CM,NSE,STK,29149,INE268H01044,NAVKARURB,BE,,,,,NAVKAR URBANSTRUCTURE LTD,0.96,0.96,0.92,0.92,0.93,0.94,,0.92,,,600160,555798.53,265,F1,1,,,,,
2026-07-09,2026-07-09,CM,NSE,STK,2385,INE060A01024,NAVNETEDUL,EQ,,,,,NAVNEET EDUCATION LTD,147.76,150.18,147.35,148.72,149.18,147.42,,148.72,,,125519,18698344.41,2250,F1,1,,,,,
2026-07-09,2026-07-09,CM,NSE,STK,2987,INE418L01047,NAZARA,EQ,,,,,NAZARA TECHNOLOGIES LTD,298.0,310.0,295.85,303.8,303.95,295.55,,303.8,,,2732163,834137150.75,28157,F1,1,,,,,
2026-07-09,2026-07-09,CM,NSE,STK,31415,INE095N01031,NBCC,EQ,,,,,NBCC (INDIA) LIMITED,95.3,98.4,95.3,97.75,98.0,94.78,,97.75,,,9049480,878164483.61,42401,F1,1,,,,,
2026-07-09,2026-07-09,CM,NSE,STK,2319,INE868B01028,NCC,EQ,,,,,NCC LIMITED,144.0,145.75,142.5,143.08,143.1,143.91,,143.08,,,1962223,283025909.61,21257,F1,1,,,,,
2026-07-09,2026-07-09,CM,NSE,STK,14490,INE732C01016,NCLIND,EQ,,,,,NCL INDUSTRIES LIMITED,180.0,188.3,178.82,185.78,188.25,179.35,,185.82,,,107272,19673981.46,2359,F1,1,,,,,
2026-07-09,2026-07-09,CM,NSE,STK,14547,INE353A01023,NDLVENTURE,EQ,,,,,NDL VENTURES LIMITED,130.99,131.95,128.45,130.34,130.97,130.36,,130.34,,,14032,1824273.84,226,F1,1,,,,,
2026-07-09,2026-07-09,CM,NSE,STK,22255,INE07OG01012,NDRAUTO,EQ,,,,,NDR AUTO COMPONENTS LTD,850.0,864.4,834.9,852.8,850.0,842.8,,852.8,,,53251,45205833.75,4703,F1,1,,,,,
2026-07-09,2026-07-09,CM,NSE,STK,11427,INE155G01029,NDTV,EQ,,,,,NDTV LTD,78.25,86.85,78.25,82.7,82.75,78.05,,82.72,,,4618508,387456116.66,26717,F1,1,,,,,
2026-07-09,2026-07-09,CM,NSE,STK,11930,INE023H01027,NECLIFE,BE,,,,,NECTAR LIFESCIENCES LTD.,11.15,11.39,11.15,11.23,11.3,11.15,,11.22,,,52809,594780.14,224,F1,1,,,,,
2026-07-09,2026-07-09,CM,NSE,STK,27123,INE0N1401016,NEELAM,SM,,,,,NEELAM LINENS & GAR (I) L,10.35,10.4,9.65,9.7,9.7,9.95,,9.7,,,42000,422700.0,7,F1,6000,,,,,
2026-07-09,2026-07-09,CM,NSE,STK,762812,INE605D01012,NEAGI,EQ,,,,,NEELAMALAI AGRO INDS. L,3224.9,3225.0,3224.9,3225.0,3225.0,3150.0,,3225.0,,,5,16124.8,2,F1,1,,,,,
2026-07-09,2026-07-09,CM,NSE,STK,14761,INE189I01024,NELCAST,EQ,,,,,NELCAST LIMITED,136.7,140.61,133.0,133.86,133.45,137.3,,133.86,,,342135,46503175.8,5312,F1,1,,,,,
2026-07-09,2026-07-09,CM,NSE,STK,2388,INE045B01015,NELCO,EQ,,,,,NELCO LTD,885.0,903.2,885.0,896.15,895.1,886.25,,896.25,,,96437,86181504.4,5688,F1,1,,,,,
2026-07-09,2026-07-09,CM,NSE,STK,760931,INE21UM01018,NEOCHEM,ST,,,,,NEOCHEM BIO SOLUTIONS LTD,92.55,92.55,89.6,91.0,91.0,92.55,,91.0,,,36000,3273540.0,25,F1,1200,,,,,
2026-07-09,2026-07-09,CM,NSE,STK,9917,INE136S01016,NEOGEN,EQ,,,,,NEOGEN CHEMICALS LIMITED,1950.9,2072.9,1950.9,2026.7,2025.0,1950.9,,2026.9,,,87775,178788361.7,13434,F1,1,,,,,
2026-07-09,2026-07-09,CM,NSE,STK,24353,INE0SUN01013,NEPHROCARE,ST,,,,,NEPHRO CARE INDIA LIMITED,67.55,72.45,65.55,70.25,70.0,69.0,,70.25,,,28800,1977440.0,54,F1,400,,,,,
2026-07-09,2026-07-09,CM,NSE,STK,760346,INE428V01029,NEPHROPLUS,EQ,,,,,NEPHROCARE HEALTH SERV L,639.5,651.55,621.6,633.4,636.15,639.55,,633.3,,,1332913,847391317.4,23898,F1,1,,,,,
2026-07-09,2026-07-09,CM,NSE,STK,757493,INE156901014,NEPTUNE,SM,,,,,NEPTUNE PETROCHEMICALS L,190.0,190.0,190.0,190.0,190.0,190.0,,190.0,,,500,95000.0,1,F1,500,,,,,
2026-07-09,2026-07-09,CM,NSE,STK,15409,INE317F01035,NESCO,EQ,,,,,NESCO LTD.,1096.6,1117.1,1094.2,1099.6,1105.0,1096.6,,1099.5,,,74001,81852180.5,6685,F1,1,,,,,
2026-07-09,2026-07-09,CM,NSE,STK,17963,INE239A01024,NESTLEIND,EQ,,,,,NESTLE INDIA LIMITED,1452.0,1481.0,1452.0,1463.2,1464.2,1450.5,,1463.2,,,1346613,1979508501.3,47690,F1,1,,,,,
2026-07-09,2026-07-09,CM,NSE,STK,20409,INE518X01015,CBAZAAR,ST,,,,,NET AVENUE TECHNOLOGIES L,5.95,6.2,5.95,6.15,6.15,6.2,,6.15,,,48000,290800.0,6,F1,8000,,,,,
2026-07-09,2026-07-09,CM,NSE,STK,17433,INE0NT901020,NETWEB,EQ,,,,,NETWEB TECH INDIA LTD,4208.9,4389.0,4197.7,4286.5,4292.0,4171.4,,4286.4,,,1257089,5384807016.7,110559,F1,1,,,,,
2026-07-09,2026-07-09,CM,NSE,STK,756324,INE0FFK01017,NPST,EQ,,,,,NETWORK PEOPLE SRV TECH L,1571.8,1643.6,1556.1,1603.2,1609.6,1571.8,,1603.3,,,22023,35432497.1,2229,F1,1,,,,,
2026-07-09,2026-07-09,CM,NSE,STK,14111,INE870H01013,NETWORK18,EQ,,,,,NETWORK18 MEDIA & INV LTD,30.96,31.46,30.61,30.75,30.77,30.96,,30.75,,,3400582,105462038.16,10433,F1,1,,,,,
2026-07-09,2026-07-09,CM,NSE,STK,30554,INE333I01044,NEUEON,BE,,,,,NEUEON CORPORATION LTD,13.16,13.16,13.16,13.16,13.16,13.85,,13.16,,,6412,84381.92,42,F1,1,,,,,
2026-07-09,2026-07-09,CM,NSE,STK,2406,INE794A01010,NEULANDLAB,EQ,,,,,NEULAND LAB LTD.,19100.0,20089.0,18910.0,19542.0,19600.0,18889.0,,19541.0,,,97154,1907450354.0,31414,F1,1,,,,,
2026-07-09,2026-07-09,CM,NSE,STK,1164,INE619B01017,NEWGEN,EQ,,,,,NEWGEN SOFTWARE TECH LTD,466.3,477.35,461.25,473.2,474.1,465.65,,473.15,,,373119,176263595.15,13023,F1,1,,,,,
2026-07-09,2026-07-09,CM,NSE,STK,19161,INE0PW501021,NEWJAISA,ST,,,,,NEWJAISA TECHNOLOGIES LTD,18.25,18.25,18.2,18.2,18.2,18.55,,18.2,,,4500,81975.0,2,F1,1500,,,,,
2026-07-09,2026-07-09,CM,NSE,STK,9867,INE747B01016,NEXTMEDIA,EQ,,,,,NEXT MEDIAWORKS LIMITED,3.99,4.06,3.9,3.9,3.9,3.99,,3.9,,,2298,9074.38,21,F1,1,,,,,
2026-07-09,2026-07-09,CM,NSE,STK,15815,INE0NDH25011,NXST,RR,,,,,NEXUS SELECT TRUST,163.44,165.1,162.5,164.55,164.97,162.43,,164.55,,,280101,45954112.69,4788,F1,1,,,,,
2026-07-09,2026-07-09,CM,NSE,STK,763536,INE0T1501010,NFPSAMPOOR,SM,,,,,NFP SAMPOORNA FOODS LTD,24.0,24.05,23.7,23.7,23.7,24.35,,23.7,,,18000,431400.0,7,F1,2000,,,,,
2026-07-09,2026-07-09,CM,NSE,STK,10277,INE887E01022,NGLFINE,EQ,,,,,NGL FINE CHEM LIMITED,3272.9,3329.0,3172.0,3211.3,3172.0,3224.6,,3210.8,,,13689,44556732.5,3074,F1,1,,,,,
2026-07-09,2026-07-09,CM,NSE,STK,17400,INE848E01016,NHPC,EQ,,,,,NHPC LTD,78.5,79.54,78.44,78.61,78.62,78.81,,78.61,,,7604456,599939007.97,29392,F1,1,,,,,
2026-07-09,2026-07-09,CM,NSE,STK,29487,INE149O01018,NIBE,EQ,,,,,NIBE LIMITED,1498.6,1628.0,1495.4,1585.8,1623.0,1480.5,,1586.5,,,146039,227048060.3,10288,F1,1,,,,,
2026-07-09,2026-07-09,CM,NSE,STK,17747,INE342G01023,NIITMTS,EQ,,,,,NIIT LEARNING SYSTEMS LTD,244.35,248.0,237.01,242.1,243.0,244.35,,242.1,,,889726,216443511.94,11903,F1,1,,,,,
2026-07-09,2026-07-09,CM,NSE,STK,11522,INE161A01038,NIITLTD,EQ,,,,,NIIT LIMITED,98.8,101.44,98.8,99.64,99.45,98.8,,99.65,,,626810,62858050.8,4780,F1,1,,,,,
2026-07-09,2026-07-09,CM,NSE,STK,758178,INE0FLF01015,NIKITA,SM,,,,,NIKITA GRENTEC RECYCL LTD,80.7,81.8,78.05,78.05,78.05,77.95,,78.05,,,14400,1165140.0,9,F1,1200,,,,,
2026-07-09,2026-07-09,CM,NSE,STK,9253,INE937C01029,NILAINFRA,EQ,,,,,NILA INFRASTRUCTURES LTD,7.27,7.38,7.16,7.29,7.33,7.24,,7.29,,,293970,2139381.89,561,F1,1,,,,,
2026-07-09,2026-07-09,CM,NSE,STK,7411,INE00S901012,NILASPACES,EQ,,,,,NILA SPACES LIMITED,12.4,12.69,12.4,12.6,12.64,12.45,,12.6,,,139385,1744818.78,462,F1,1,,,,,
2026-07-09,2026-07-09,CM,NSE,STK,762817,INE445D01013,NILE,EQ,,,,,NILE LTD.,1728.9,1770.0,1720.1,1764.8,1770.0,1719.8,,1760.2,,,2650,4639605.4,334,F1,1,,,,,
2026-07-09,2026-07-09,CM,NSE,STK,2421,INE310A01015,NILKAMAL,EQ,,,,,NILKAMAL LIMITED,1300.0,1325.9,1292.2,1310.3,1310.0,1293.9,,1310.3,,,63734,83700127.5,2589,F1,1,,,,,
2026-07-09,2026-07-09,CM,NSE,STK,761723,INE875B01015,NIMBSPROJ,BE,,,,,NIMBUS PROJECTS LIMITED,191.1,200.0,190.95,200.0,200.0,190.95,,201.64,,,5193,1036738.25,12,F1,1,,,,,
2026-07-09,2026-07-09,CM,NSE,STK,14197,INE395U01014,NINSYS,BE,,,,,NINTEC SYSTEMS LIMITED,925.0,925.0,904.0,914.15,924.0,901.9,,913.95,,,3140,2884423.4,175,F1,1,,,,,
2026-07-09,2026-07-09,CM,NSE,STK,11439,INF204KB15I9,BANKBEES,EQ,,,,,NIP IND ETF BANK BEES,589.94,594.89,587.76,592.56,593.0,587.67,,592.56,,,970313,575052179.33,8429,F1,1,,,,,
2026-07-09,2026-07-09,CM,NSE,STK,2435,INF204KA1LD7,CONSUMBEES,EQ,,,,,NIP IND ETF CONSUMPTION,129.16,131.0,129.15,129.97,129.25,129.2,,129.97,,,76238,9948019.7,915,F1,1,,,,,
2026-07-09,2026-07-09,CM,NSE,STK,2636,INF204KA1MS3,DIVOPPBEES,EQ,,,,,NIP IND ETF DIV OPP,76.9,76.9,75.22,75.67,75.64,75.45,,75.67,,,34361,2598165.88,678,F1,1,,,,,
2026-07-09,2026-07-09,CM,NSE,STK,9847,INF204KB18I3,NV20BEES,EQ,,,,,NIP IND ETF ETF NV20,139.58,140.58,138.5,139.66,138.5,139.54,,139.66,,,540055,75583926.76,238,F1,1,,,,,
2026-07-09,2026-07-09,CM,NSE,STK,14428,INF204KB17I5,GOLDBEES,EQ,,,,,NIP IND ETF GOLD BEES,116.97,118.64,116.92,118.42,118.49,116.96,,118.42,,,18641803,2198339446.21,68338,F1,1,,,,,
2026-07-09,2026-07-09,CM,NSE,STK,18284,INF204KB19I1,HNGSNGBEES,EQ,,,,,NIP IND ETF HANGSENG BEES,478.0,484.8,478.0,480.34,480.0,477.96,,480.33,,,80716,38932019.5,3281,F1,1,,,,,
2026-07-09,2026-07-09,CM,NSE,STK,20072,INF732E01268,INFRABEES,EQ,,,,,NIP IND ETF INFRA BEES,960.16,968.79,960.12,962.03,964.9,956.61,,962.03,,,12704,12255178.17,440,F1,1,,,,,
2026-07-09,2026-07-09,CM,NSE,STK,19084,INF204KB15V2,ITBEES,EQ,,,,,NIP IND ETF IT,31.14,31.14,30.01,30.45,30.6,30.51,,30.45,,,14662502,445554846.54,17584,F1,1,,,,,
2026-07-09,2026-07-09,CM,NSE,STK,10939,INF732E01045,JUNIORBEES,EQ,,,,,NIP IND ETF JUNIOR BEES,763.46,774.49,763.45,771.82,772.53,765.88,,771.81,,,376074,290224048.33,8221,F1,1,,,,,
2026-07-09,2026-07-09,CM,NSE,STK,11006,INF732E01037,LIQUIDBEES,EQ,,,,,NIP IND ETF LIQUID BEES,1000.0,1000.01,999.99,999.99,999.99,1000.0,,999.99,,,2868723,2868710429.16,5016,F1,1,,,,,
2026-07-09,2026-07-09,CM,NSE,STK,17700,INF204KB1882,LTGILTBEES,EQ,,,,,NIP IND ETF LONGTERM GILT,29.92,29.99,29.85,29.94,29.95,29.85,,29.94,,,968018,28954937.02,530,F1,1,,,,,
2026-07-09,2026-07-09,CM,NSE,STK,8506,INF204KB1V68,MID150BEES,EQ,,,,,NIP IND ETF MIDCAP 150,238.94,238.94,233.12,236.3,236.42,233.12,,236.24,,,516911,122033781.62,5813,F1,1,,,,,
2026-07-09,2026-07-09,CM,NSE,STK,29577,INF204K014N5,NIF100BEES,EQ,,,,,NIP IND ETF NIFTY 100,265.44,266.36,264.44,265.45,266.0,264.12,,265.44,,,32231,8557240.41,830,F1,1,,,,,
2026-07-09,2026-07-09,CM,NSE,STK,10576,INF204KB14I2,NIFTYBEES,EQ,,,,,NIP IND ETF NIFTY BEES,277.12,277.12,271.69,272.76,272.95,271.69,,272.75,,,7079307,1934063946.71,36952,F1,1,,,,,
2026-07-09,2026-07-09,CM,NSE,STK,15032,INF204KB16I7,PSUBNKBEES,EQ,,,,,NIP IND ETF PSU BANK BEES,92.3,92.3,90.27,91.85,91.85,90.44,,91.84,,,2394614,219157672.19,5685,F1,1,,,,,
2026-07-09,2026-07-09,CM,NSE,STK,17044,INF732E01128,SHARIABEES,EQ,,,,,NIP IND ETF SHARIAH BEES,453.0,458.37,446.11,448.98,451.0,449.48,,448.99,,,3463,1555518.03,342,F1,1,,,,,
2026-07-09,2026-07-09,CM,NSE,STK,357,INE298J01013,NAM-INDIA,EQ,,,,,NIPPON L I A M LTD,1171.0,1227.0,1171.0,1218.2,1215.0,1168.0,,1218.2,,,733122,890934307.4,41086,F1,1,,,,,
2026-07-09,2026-07-09,CM,NSE,STK,757725,INF204KC1FU1,LIQGRWBEES,EQ,,,,,NIPPONAMC - LIQGRWBEES,1046.64,1046.8,1046.64,1046.79,1046.78,1046.64,,1046.79,,,64454,67469866.26,172,F1,1,,,,,
2026-07-09,2026-07-09,CM,NSE,STK,758667,INF204KC1GH6,MANUFGBEES,EQ,,,,,NIPPONAMC - MANUFGBEES,158.38,159.9,158.23,158.63,159.9,158.38,,158.64,,,3380,536411.49,68,F1,1,,,,,
2026-07-09,2026-07-09,CM,NSE,STK,7880,INF204KC1337,AUTOBEES,EQ,,,,,NIPPONAMC - NETFAUTO,275.57,278.33,274.6,275.26,276.05,275.56,,275.26,,,134501,37145688.93,2156,F1,1,,,,,
2026-07-09,2026-07-09,CM,NSE,STK,4973,INF204KC1089,PHARMABEES,EQ,,,,,NIPPONAMC - NETFPHARMA,26.16,26.81,26.03,26.34,26.45,26.16,,26.34,,,3674392,97141650.82,8656,F1,1,,,,,
2026-07-09,2026-07-09,CM,NSE,STK,8080,INF204KC1402,SILVERBEES,EQ,,,,,NIPPONAMC - NETFSILVER,209.48,213.65,207.64,212.95,212.92,210.15,,212.95,,,26309703,5548269264.73,76287,F1,1,,,,,
2026-07-09,2026-07-09,CM,NSE,STK,757455,INF204KC1EZ3,SNXT30BEES,EQ,,,,,NIPPONAMC - SNXT30BEES,41.95,42.0,41.73,41.93,41.85,41.69,,41.94,,,4949,207592.93,43,F1,1,,,,,
2026-07-09,2026-07-09,CM,NSE,STK,261,INE368I01016,NIRAJ,BE,,,,,NIRAJ CEMENT STRUC LTD,29.5,29.89,29.0,29.38,29.75,29.39,,29.38,,,9353,274643.18,46,F1,1,,,,,
2026-07-09,2026-07-09,CM,NSE,STK,18840,INE326T01011,NIRAJISPAT,EQ,,,,,NIRAJ ISPAT IND LTD,200.0,200.0,184.29,186.13,186.0,194.0,,186.13,,,328,61801.29,23,F1,1,,,,,
2026-07-09,2026-07-09,CM,NSE,STK,2433,INE910A01012,NIRLON,EQ,,,,,NIRLON LTD,615.0,622.0,615.0,620.0,620.0,620.05,,620.0,,,5270,3267803.0,207,F1,1,,,,,
2026-07-09,2026-07-09,CM,NSE,STK,14722,INE0OK701014,NIRMAN,SM,,,,,NIRMAN AGRI GENTICS LTD,41.5,45.65,40.2,45.65,45.65,41.5,,45.65,,,120900,5369145.0,109,F1,300,,,,,
2026-07-09,2026-07-09,CM,NSE,STK,13300,INE858F01012,NITCO,EQ,,,,,NITCO LIMITED,106.99,110.55,106.51,108.09,108.85,106.76,,108.09,,,312309,33978839.16,4454,F1,1,,,,,
2026-07-09,2026-07-09,CM,NSE,STK,13175,INE229H01012,NITINSPIN,EQ,,,,,NITIN SPINNERS LIMITED,545.0,556.5,534.0,549.1,549.0,541.55,,549.05,,,54944,30258955.9,2654,F1,1,,,,,
2026-07-09,2026-07-09,CM,NSE,STK,3247,INE439T01012,NITIRAJ,EQ,,,,,NITIRAJ ENGINEERS LTD,183.4,188.3,182.0,182.77,182.2,182.45,,182.77,,,904,167082.35,40,F1,1,,,,,
2026-07-09,2026-07-09,CM,NSE,STK,762824,INE265B01019,NITTAGELA,EQ,,,,,NITTA GELATIN INDIA LTD.,1850.0,1960.0,1845.7,1928.7,1935.0,1845.7,,1928.2,,,27643,53039711.5,3401,F1,1,,,,,
2026-07-09,2026-07-09,CM,NSE,STK,27097,INE995S01015,NIVABUPA,EQ,,,,,NIVA BUPA HEALTH INS CO L,84.5,86.1,84.5,85.74,86.1,84.93,,85.74,,,596989,51081950.89,14020,F1,1,,,,,
2026-07-09,2026-07-09,CM,NSE,STK,2439,INE542C01019,NKIND,EQ,,,,,NK INDUSTRIES LTD,59.2,59.2,59.0,59.15,59.15,59.15,,59.15,,,455,26905.5,5,F1,1,,,,,
2026-07-09,2026-07-09,CM,NSE,STK,8585,INE589A01014,NLCINDIA,EQ,,,,,NLC INDIA LIMITED,298.2,304.85,295.35,303.25,302.9,294.25,,303.25,,,3630023,1093845237.9,59501,F1,1,,,,,
2026-07-09,2026-07-09,CM,NSE,STK,761078,INE579F24057,805NMC32,N4,,,,,NMC 8.05% 2032 SR STRPP D,129.0,129.0,129.0,129.0,129.0,129.0,,129.0,,,5,645.0,1,F1,1,,,,,
2026-07-09,2026-07-09,CM,NSE,STK,15332,INE584A01023,NMDC,EQ,,,,,NMDC LTD.,84.0,84.79,83.0,84.42,84.26,83.74,,84.42,,,11211470,946126829.9,26934,F1,1,,,,,
2026-07-09,2026-07-09,CM,NSE,STK,14180,INE0NNS01018,NSLNISP,EQ,,,,,NMDC STEEL LIMITED,42.5,43.1,42.36,42.75,42.92,42.6,,42.75,,,1950119,83595068.09,9742,F1,1,,,,,
2026-07-09,2026-07-09,CM,NSE,STK,2442,INE163A01018,NOCIL,EQ,,,,,NOCIL LIMITED,175.92,179.11,174.0,177.9,178.13,173.62,,177.9,,,266577,47254805.34,3681,F1,1,,,,,
2026-07-09,2026-07-09,CM,NSE,STK,11214,INE781B01015,NOIDATOLL,BE,,,,,NOIDA TOLL BRIDGE CO LTD,4.67,4.84,4.65,4.71,4.78,4.78,,4.68,,,61028,288623.53,176,F1,1,,,,,
2026-07-09,2026-07-09,CM,NSE,STK,4160,INE369C01017,NORBTEAEXP,EQ,,,,,NORBEN TEA & EXPORTS LTD,72.5,72.54,69.05,70.6,71.0,72.5,,70.6,,,1600,112250.48,35,F1,1,,,,,
2026-07-09,2026-07-09,CM,NSE,STK,13533,INE553C01016,NECCLTD,BE,,,,,NORTH EAST CARRY CORP LTD,16.15,16.15,15.72,15.91,15.99,15.98,,15.91,,,37911,603419.41,113,F1,1,,,,,
2026-07-09,2026-07-09,CM,NSE,STK,25426,INE850M01015,NORTHARC,EQ,,,,,NORTHERN ARC CAPITAL LTD,300.0,311.0,297.5,307.85,306.6,296.35,,307.85,,,512492,156966406.65,12630,F1,1,,,,,
2026-07-09,2026-07-09,CM,NSE,STK,22478,INE02H701025,NOVAAGRI,BE,,,,,NOVA AGRITECH LIMITED,24.25,25.4,23.89,24.05,24.0,24.88,,24.05,,,102419,2487410.28,424,F1,1,,,,,
2026-07-09,2026-07-09,CM,NSE,STK,9007,INE234A01025,NOVARTIND,EQ,,,,,NOVARTIS INDIA LIMITED,1455.0,1515.0,1448.1,1466.3,1470.0,1452.4,,1466.2,,,44705,66218930.6,4994,F1,1,,,,,
2026-07-09,2026-07-09,CM,NSE,STK,7553,INE349A01021,NRBBEARING,EQ,,,,,NRB BEARING LIMITED,427.0,434.95,419.4,422.65,424.0,424.95,,422.65,,,367470,156399434.0,9234,F1,1,,,,,
2026-07-09,2026-07-09,CM,NSE,STK,29733,INE047O01014,NIBL,EQ,,,,,NRB INDUS. BEARINGS LTD.,30.99,31.0,30.0,30.3,30.39,30.15,,30.31,,,15764,477318.48,3174,F1,1,,,,,
2026-07-09,2026-07-09,CM,NSE,STK,27176,INE0ONG01011,NTPCGREEN,EQ,,,,,NTPC GREEN ENERGY LIMITED,92.79,93.3,92.5,92.99,93.18,92.7,,92.99,,,1834787,170495175.14,17185,F1,1,,,,,
2026-07-09,2026-07-09,CM,NSE,STK,11630,INE733E01010,NTPC,EQ,,,,,NTPC LTD,349.0,351.0,343.1,343.7,344.45,348.7,,343.7,,,17821421,6163188896.4,257317,F1,1,,,,,
2026-07-09,2026-07-09,CM,NSE,STK,10791,INE096B01018,NUCLEUS,EQ,,,,,NUCLEUS SOFTWARE EXPORTS,751.1,760.95,747.0,756.45,759.9,751.1,,756.45,,,12512,9479160.5,941,F1,1,,,,,
2026-07-09,2026-07-09,CM,NSE,STK,13680,INE0JM501013,NRL,BE,,,,,NUPUR RECYCLERS LIMITED,96.0,98.5,95.5,96.11,96.02,96.28,,96.11,,,67582,6562044.65,387,F1,1,,,,,
2026-07-09,2026-07-09,CM,NSE,STK,2350,INE0DSF01015,NURECA,EQ,,,,,NURECA LIMITED,227.4,231.77,226.95,230.08,230.5,226.23,,230.08,,,6507,1490308.0,291,F1,1,,,,,
2026-07-09,2026-07-09,CM,NSE,STK,18721,INE531F01023,NUVAMA,EQ,,,,,NUVAMA WEALTH MANAGE LTD,1860.0,1950.0,1859.8,1934.6,1947.0,1848.1,,1934.6,,,524922,1011211197.6,25405,F1,1,,,,,
2026-07-09,2026-07-09,CM,NSE,STK,5426,INE118D01016,NUVOCO,EQ,,,,,NUVOCO VISTAS CORP LTD,313.0,315.55,307.8,312.9,314.75,309.75,,312.9,,,96232,30096618.9,5374,F1,1,,,,,
2026-07-09,2026-07-09,CM,NSE,STK,20242,INE093I01010,OBEROIRLTY,EQ,,,,,OBEROI REALTY LIMITED,1870.0,1919.5,1820.7,1873.2,1875.0,1870.1,,1873.2,,,1719601,3219652552.4,67201,F1,1,,,,,
2026-07-09,2026-07-09,CM,NSE,STK,25923,INE0YHV01011,OBSCP,SM,,,,,OBSC PERFECTION LIMITED,554.0,594.0,554.0,589.15,585.0,541.3,,589.15,,,34000,19585820.0,82,F1,400,,,,,
2026-07-09,2026-07-09,CM,NSE,STK,25920,INE0PK601023,OCCLLTD,BE,,,,,OCCL LIMITED,119.0,122.4,117.8,120.06,120.05,118.82,,120.96,,,10978,1324254.47,129,F1,1,,,,,
2026-07-09,2026-07-09,CM,NSE,STK,27575,INE054301028,ODIGMA,BE,,,,,ODIGMA CONSULTANCY SOL L,24.0,24.4,23.26,23.67,23.78,23.94,,23.66,,,21978,517398.74,239,F1,1,,,,,
2026-07-09,2026-07-09,CM,NSE,STK,2475,INE213A01029,ONGC,EQ,,,,,OIL AND NATURAL GAS CORP.,249.59,249.59,242.91,243.65,243.49,247.0,,243.65,,,14066120,3445325942.15,122297,F1,1,,,,,
2026-07-09,2026-07-09,CM,NSE,STK,8109,INE591A01010,OILCOUNTUB,BE,,,,,OIL COUNTRY TUBULAR LTD.,55.88,55.88,55.0,55.03,55.0,56.17,,55.02,,,20439,1127026.68,144,F1,1,,,,,
2026-07-09,2026-07-09,CM,NSE,STK,17438,INE274J01014,OIL,EQ,,,,,OIL INDIA LTD,432.4,433.7,422.2,423.05,422.5,430.35,,423.05,,,2080107,890594160.7,30475,F1,1,,,,,
2026-07-09,2026-07-09,CM,NSE,STK,24777,INE0LXG01040,OLAELEC,EQ,,,,,OLA ELECTRIC MOBILITY LTD,41.34,41.75,40.15,40.39,40.39,40.99,,40.39,,,64175674,2617710806.31,104684,F1,1,,,,,
2026-07-09,2026-07-09,CM,NSE,STK,10637,INE260D01016,OLECTRA,EQ,,,,,OLECTRA GREENTECH LIMITED,1402.6,1424.9,1390.5,1396.0,1393.0,1394.7,,1395.9,,,351304,494437547.5,17100,F1,1,,,,,
2026-07-09,2026-07-09,CM,NSE,STK,759412,INE1BZC01019,OMFREIGHT,BE,,,,,OM FREIGHT FORWARDERS LTD,93.72,97.8,89.27,95.26,95.1,93.72,,95.28,,,23341,2162237.24,167,F1,1,,,,,
2026-07-09,2026-07-09,CM,NSE,STK,24231,INE239D01028,OMINFRAL,EQ,,,,,OM INFRA LIMITED,90.11,91.11,88.75,90.69,91.11,90.09,,90.69,,,85213,7686996.1,1714,F1,1,,,,,
2026-07-09,2026-07-09,CM,NSE,STK,762432,INE25E901019,OMPOWER,EQ,,,,,OM POWER TRANSMISSION LTD,171.0,181.45,170.85,173.43,173.6,170.73,,173.43,,,376769,66195921.95,5930,F1,1,,,,,
2026-07-09,2026-07-09,CM,NSE,STK,14125,INE090B01011,OMAXAUTO,BE,,,,,OMAX AUTOS LTD,221.28,232.34,211.55,230.72,231.9,221.28,,230.78,,,43977,10077734.64,505,F1,1,,,,,
2026-07-09,2026-07-09,CM,NSE,STK,14853,INE800H01010,OMAXE,EQ,,,,,OMAXE LIMITED,84.75,87.99,84.21,86.9,87.35,84.97,,86.9,,,768479,66269429.32,6595,F1,1,,,,,
2026-07-09,2026-07-09,CM,NSE,STK,120,INE338Y01016,OMFURN,ST,,,,,OMFURN INDIA LIMITED,53.95,54.0,53.95,53.95,54.0,53.0,,53.95,,,2400,129540.0,2,F1,1200,,,,,
2026-07-09,2026-07-09,CM,NSE,STK,760865,INE0UH301010,OMNI,EQ,,,,,OMNITECH ENGINEERING LTD,491.2,539.8,488.0,529.3,530.1,493.9,,529.25,,,688753,357087878.55,37627,F1,1,,,,,
2026-07-09,2026-07-09,CM,NSE,STK,19703,INE00ER01015,ONDOOR,ST,,,,,ON DOOR CONCEPTS LIMITED,194.25,204.0,188.15,201.0,195.0,198.05,,201.0,,,26700,5263215.0,57,F1,300,,,,,
2026-07-09,2026-07-09,CM,NSE,STK,6705,INE982J01020,PAYTM,EQ,,,,,ONE 97 COMMUNICATIONS LTD,1223.4,1271.7,1223.3,1262.9,1263.0,1223.4,,1262.9,,,2379155,2994542269.8,58483,F1,1,,,,,
2026-07-09,2026-07-09,CM,NSE,STK,28046,INE0HLU01028,MOBIKWIK,EQ,,,,,ONE MOBIKWIK SYSTEMS LTD,198.6,202.8,198.52,200.79,200.0,198.17,,200.79,,,567721,114110108.26,6963,F1,1,,,,,
2026-07-09,2026-07-09,CM,NSE,STK,9939,INE840Y01029,ONEPOINT,EQ,,,,,ONE POINT ONE SOL LTD,55.97,55.97,53.5,54.34,53.99,55.57,,54.34,,,2342769,127226661.24,56613,F1,1,,,,,
2026-07-09,2026-07-09,CM,NSE,STK,19433,INE0OPS01011,OLIL,ST,,,,,ONECLICK LOGISTICS IND L,420.0,434.0,415.0,433.5,434.0,418.0,,433.5,,,3200,1350800.0,6,F1,400,,,,,
2026-07-09,2026-07-09,CM,NSE,STK,25496,INE912L01015,ONELIFECAP,BE,,,,,ONELIFE CAP ADVISORS LTD,37.32,38.8,36.01,38.46,38.48,37.32,,38.46,,,33942,1290107.45,139,F1,1,,,,,
2026-07-09,2026-07-09,CM,NSE,STK,763294,INE12F801023,KISSHT,EQ,,,,,ONEMI TECHNOLOGY SOL LTD,305.0,315.0,302.2,312.55,313.05,302.65,,312.55,,,1524655,473331444.2,23935,F1,1,,,,,
2026-07-09,2026-07-09,CM,NSE,STK,29224,INE013P01021,ONESOURCE,EQ,,,,,ONESOURCE SPECL PHARMA L,1632.0,1660.0,1603.0,1625.7,1625.0,1612.0,,1625.7,,,238106,388557616.2,19219,F1,1,,,,,
2026-07-09,2026-07-09,CM,NSE,STK,6853,INE831A01028,ONIDA,BE,,,,,ONIDA ELECTRONICS LIMITED,42.15,43.35,42.15,42.66,42.98,42.9,,42.68,,,167426,7177241.95,443,F1,1,,,,,
2026-07-09,2026-07-09,CM,NSE,STK,15282,INE809I01019,ONMOBILE,BE,,,,,ONMOBILE GLOBAL LTD.,69.75,72.75,66.5,67.54,69.0,69.75,,67.44,,,131205,9004452.82,1065,F1,1,,,,,
2026-07-09,2026-07-09,CM,NSE,STK,2481,INE229A01017,ONWARDTEC,EQ,,,,,ONWARD TECHNOLOGIES LTD,279.6,286.95,273.95,280.2,278.0,278.25,,280.2,,,50856,14296807.8,1852,F1,1,,,,,
2026-07-09,2026-07-09,CM,NSE,STK,27143,INE0WVU01018,ONYX,ST,,,,,ONYX BIOTEC LIMITED,36.8,36.8,36.8,36.8,36.8,38.7,,36.8,,,2000,73600.0,1,F1,2000,,,,,
2026-07-09,2026-07-09,CM,NSE,STK,21469,INE350C01017,OPTIEMUS,EQ,,,,,OPTIEMUS INFRACOM LTD,545.8,568.0,539.35,563.55,565.5,538.3,,563.55,,,544184,302426530.7,14404,F1,1,,,,,
2026-07-09,2026-07-09,CM,NSE,STK,758900,INE15B101011,OPTIVALUE,SM,,,,,OPTIVALUE TEK CONSULT LTD,78.5,78.5,78.5,78.5,78.5,77.0,,78.5,,,1600,125600.0,1,F1,1600,,,,,
2026-07-09,2026-07-09,CM,NSE,STK,10738,INE881D01027,OFSS,EQ,,,,,ORACLE FIN SERV SOFT LTD.,11003.0,11245.0,10780.0,11134.0,11168.0,11002.0,,11134.0,,,268180,2962183479.0,37283,F1,1,,,,,
2026-07-09,2026-07-09,CM,NSE,STK,31479,INE231G01010,ORBTEXP,BE,,,,,ORBIT EXPORTS LIMITED,230.0,233.99,230.0,231.78,232.78,226.84,,231.69,,,17439,4033710.68,182,F1,1,,,,,
2026-07-09,2026-07-09,CM,NSE,STK,29492,INE215B01022,ORCHASP,EQ,,,,,ORCHASP LIMITED,1.85,1.92,1.8,1.83,1.86,1.81,,1.83,,,105128,194957.36,217,F1,1,,,,,
2026-07-09,2026-07-09,CM,NSE,STK,926,INE191A01027,ORCHPHARMA,EQ,,,,,ORCHID PHARMA LIMITED,1001.0,1075.5,983.3,1050.95,1050.0,1002.25,,1050.95,,,737574,773542159.75,43708,F1,1,,,,,
2026-07-09,2026-07-09,CM,NSE,STK,17882,INE0OUT01019,ORIANA,SM,,,,,ORIANA POWER LIMITED,1464.5,1503.0,1458.0,1493.0,1494.7,1464.5,,1493.0,,,33150,49274081.25,373,F1,75,,,,,
2026-07-09,2026-07-09,CM,NSE,STK,10159,INE730A01022,ORICONENT,EQ,,,,,ORICON ENTERPRISES LTD,54.77,55.75,54.55,54.89,54.75,54.77,,54.98,,,19796,1087666.08,511,F1,1,,,,,
2026-07-09,2026-07-09,CM,NSE,STK,14278,INE607D01018,ORIENTBELL,EQ,,,,,ORIENT BELL LIMITED,312.1,330.0,310.05,323.25,322.3,309.95,,322.55,,,9387,2983612.95,504,F1,1,,,,,
2026-07-09,2026-07-09,CM,NSE,STK,30089,INE876N01018,ORIENTCEM,EQ,,,,,ORIENT CEMENT LTD.,134.0,138.0,133.46,135.5,135.34,134.1,,135.5,,,388535,52347310.73,2300,F1,1,,,,,
2026-07-09,2026-07-09,CM,NSE,STK,13111,INE569C01020,ORIENTCER,EQ,,,,,ORIENT CERATECH LIMITED,42.1,43.73,41.2,41.38,41.2,41.52,,41.38,,,153859,6537122.18,1192,F1,1,,,,,
2026-07-09,2026-07-09,CM,NSE,STK,2972,INE142Z01019,ORIENTELEC,EQ,,,,,ORIENT ELECTRIC LIMITED,169.0,177.4,168.9,173.0,177.4,168.7,,172.99,,,128871,22143144.45,3922,F1,1,,,,,
2026-07-09,2026-07-09,CM,NSE,STK,20110,INE999K01014,GREENPOWER,EQ,,,,,ORIENT GREEN POWER CO LTD,10.08,10.23,10.08,10.11,10.15,10.14,,10.11,,,1379302,13987966.65,3248,F1,1,,,,,
2026-07-09,2026-07-09,CM,NSE,STK,2493,INE750A01020,ORIENTHOT,EQ,,,,,ORIENT HOTELS LTD,129.0,140.0,129.0,135.31,135.0,129.41,,135.31,,,446031,60613612.49,5125,F1,1,,,,,
2026-07-09,2026-07-09,CM,NSE,STK,2496,INE592A01026,ORIENTPPR,EQ,,,,,ORIENT PAPER AND INDS LTD,16.52,16.75,16.47,16.63,16.62,16.49,,16.63,,,107526,1785753.18,569,F1,1,,,,,
2026-07-09,2026-07-09,CM,NSE,STK,18208,INE609C01024,ORIENTLTD,EQ,,,,,ORIENT PRESS LIMITED,67.05,69.88,67.05,67.82,67.9,67.03,,67.82,,,5236,353065.38,46,F1,1,,,,,
2026-07-09,2026-07-09,CM,NSE,STK,24961,INE0PPK01015,ORIENTTECH,EQ,,,,,ORIENT TECHNOLOGIES LTD,248.0,252.62,247.01,248.29,249.45,247.3,,248.29,,,70050,17490586.15,2363,F1,1,,,,,
2026-07-09,2026-07-09,CM,NSE,STK,10768,INE959C01023,OAL,EQ,,,,,ORIENTAL AROMATICS LTD,344.0,373.1,337.4,347.75,345.5,338.85,,347.75,,,142962,51051040.65,5264,F1,1,,,,,
2026-07-09,2026-07-09,CM,NSE,STK,14346,INE998H01012,ORIENTALTL,EQ,,,,,ORIENTAL TRIMEX LTD,5.73,5.73,5.53,5.56,5.58,5.62,,5.56,,,85919,479462.99,273,F1,1,,,,,
2026-07-09,2026-07-09,CM,NSE,STK,8797,INE426Z01016,OBCL,EQ,,,,,ORISSA BENGAL CARRIER LTD,53.1,54.1,53.0,53.84,53.84,53.1,,53.85,,,3692,196016.74,40,F1,1,,,,,
2026-07-09,2026-07-09,CM,NSE,STK,19931,INE725E01024,ORISSAMINE,EQ,,,,,ORISSA MIN DEV CO LTD,3799.0,3849.5,3750.0,3765.9,3770.0,3779.5,,3766.0,,,4295,16300706.4,911,F1,1,,,,,
2026-07-09,2026-07-09,CM,NSE,STK,759569,INE16NZ01023,ORKLAINDIA,EQ,,,,,ORKLA INDIA LIMITED,602.6,606.2,588.5,590.85,590.1,599.5,,590.9,,,75982,45601609.5,5823,F1,1,,,,,
2026-07-09,2026-07-09,CM,NSE,STK,13321,INE849L01019,ORTEL,BZ,,,,,ORTEL COMMUNICATIONS LTD,1.7,1.7,1.54,1.61,1.68,1.62,,1.61,,,4522,7495.48,26,F1,1,,,,,
2026-07-09,2026-07-09,CM,NSE,STK,2980,INE749B01020,ORTINGLOBE,BE,,,,,ORTIN GLOBAL LIMITED,15.72,17.08,15.72,16.32,16.36,16.41,,16.32,,,10794,178663.19,27,F1,1,,,,,
2026-07-09,2026-07-09,CM,NSE,STK,25386,INE0RMF01018,OSELDEVICE,SM,,,,,OSEL DEVICES LIMITED,450.25,464.6,440.05,444.65,447.0,452.5,,444.65,,,19600,8843830.0,92,F1,200,,,,,
2026-07-09,2026-07-09,CM,NSE,STK,12643,INE06IR01021,OSIAHYPER,BE,,,,,OSIA HYPER RETAIL LIMITED,3.04,3.24,3.04,3.21,3.2,3.15,,3.21,,,233309,743959.48,322,F1,1,,,,,
2026-07-09,2026-07-09,CM,NSE,STK,5362,INE142A01012,OSWALAGRO,BE,,,,,OSWAL AGRO MILLS LTD,41.95,42.0,41.0,41.82,41.8,41.41,,41.82,,,14582,607565.35,175,F1,1,,,,,
2026-07-09,2026-07-09,CM,NSE,STK,471,INE143A01010,OSWALGREEN,EQ,,,,,OSWAL GREENTECH LIMITED,21.61,22.12,21.45,21.8,21.71,21.56,,21.8,,,104231,2281148.3,858,F1,1,,,,,
2026-07-09,2026-07-09,CM,NSE,STK,756802,INE0BYP01024,OSWALPUMPS,EQ,,,,,OSWAL PUMPS LIMITED,408.0,414.95,404.35,410.2,410.05,406.2,,410.2,,,359676,147793550.25,6955,F1,1,,,,,
2026-07-09,2026-07-09,CM,NSE,STK,22914,INE0R8M01017,OWAIS,ST,,,,,OWAIS METAL & MINERAL,101.8,105.9,101.75,102.4,101.75,106.95,,102.4,,,23300,2394540.0,108,F1,100,,,,,
2026-07-09,2026-07-09,CM,NSE,STK,25312,INE953R01016,PNGJL,EQ,,,,,P N GADGIL JEWELLERS LTD,576.9,606.3,573.0,581.3,581.4,573.5,,581.35,,,900026,532800521.1,24133,F1,1,,,,,
2026-07-09,2026-07-09,CM,NSE,STK,29665,INE0XUS01012,PSRAJ,ST,,,,,P S RAJ STEELS LIMITED,414.0,434.0,414.0,433.15,434.0,414.25,,433.15,,,6500,2781250.0,10,F1,500,,,,,
2026-07-09,2026-07-09,CM,NSE,STK,2535,INE179A01014,PGHH,EQ,,,,,P&G HYGIENE & HEALTH CARE,8879.5,8943.5,8870.5,8892.0,8893.0,8899.5,,8892.0,,,5353,47645741.5,1595,F1,1,,,,,
2026-07-09,2026-07-09,CM,NSE,STK,8735,INE0KN801013,PROPEQUITY,SM,,,,,P. E. ANALYTICS LIMITED,229.0,229.0,229.0,229.0,229.0,228.8,,229.0,,,1800,412200.0,3,F1,600,,,,,
2026-07-09,2026-07-09,CM,NSE,STK,759342,INE0S3G01027,PACEDIGITK,EQ,,,,,PACE DIGITEK LIMITED,206.89,218.8,206.78,212.36,213.0,206.17,,212.36,,,3108753,666396387.67,29288,F1,1,,,,,
2026-07-09,2026-07-09,CM,NSE,STK,14413,INE761H01022,PAGEIND,EQ,,,,,PAGE INDUSTRIES LTD,41640.0,41680.0,39510.0,40615.0,40310.0,41415.0,,40615.0,,,72097,2913634935.0,29296,F1,1,,,,,
2026-07-09,2026-07-09,CM,NSE,STK,25468,INE420C01059,PAISALO,EQ,,,,,PAISALO DIGITAL LIMITED,70.43,72.7,69.1,72.4,72.4,70.42,,72.4,,,18941850,1352784201.21,23880,F1,1,,,,,
2026-07-09,2026-07-09,CM,NSE,STK,17197,INE551D01018,PAKKA,EQ,,,,,PAKKA LIMITED,74.5,77.0,74.11,74.5,75.0,73.4,,74.51,,,59276,4484195.07,867,F1,1,,,,,
2026-07-09,2026-07-09,CM,NSE,STK,21383,INE471W01019,PALASHSECU,EQ,,,,,PALASH SECURITIES LTD,91.0,92.25,88.05,90.22,89.1,90.9,,91.91,,,2057,186263.15,63,F1,1,,,,,
2026-07-09,2026-07-09,CM,NSE,STK,17059,INE218G01033,PALREDTEC,BE,,,,,PALRED TECHNOLOGIES LTD,55.9,55.9,55.9,55.9,55.9,57.04,,56.29,,,54,3018.6,9,F1,1,,,,,
2026-07-09,2026-07-09,CM,NSE,STK,4055,INE922B01023,PANACEABIO,EQ,,,,,PANACEA BIOTEC LTD,540.0,561.5,536.55,555.2,556.0,527.45,,555.2,,,362212,200405586.4,12005,F1,1,,,,,
2026-07-09,2026-07-09,CM,NSE,STK,16292,INE895W01019,PANACHE,EQ,,,,,PANACHE DIGILIFE LIMITED,419.4,458.9,416.15,439.85,442.0,417.2,,439.85,,,70401,31004547.75,1923,F1,1,,,,,
2026-07-09,2026-07-09,CM,NSE,STK,25392,INE305C01029,PANAMAPET,EQ,,,,,PANAMA PETROCHEM LTD,422.0,436.2,414.3,427.0,427.0,411.95,,426.95,,,194927,83231711.95,6881,F1,1,,,,,
2026-07-09,2026-07-09,CM,NSE,STK,6141,INE697V01011,PANSARI,EQ,,,,,PANSARI DEVELOPERS LTD,355.5,365.0,345.0,359.95,361.8,356.4,,359.95,,,35031,12448264.85,886,F1,1,,,,,
2026-07-09,2026-07-09,CM,NSE,STK,5631,INE04LG01015,PAR,EQ,,,,,PAR DRUGS AND CHEM LTD,89.4,91.9,88.16,89.62,89.8,88.89,,89.62,,,1264,112356.98,57,F1,1,,,,,
2026-07-09,2026-07-09,CM,NSE,STK,9741,INE088F01024,PARADEEP,EQ,,,,,PARADEEP PHOSPHATES LTD,140.37,144.5,139.1,143.26,143.5,139.87,,143.26,,,3461495,493490340.15,29258,F1,1,,,,,
2026-07-09,2026-07-09,CM,NSE,STK,17130,INE883N01014,PARAGMILK,EQ,,,,,PARAG MILK FOODS LTD.,224.99,230.8,224.99,227.87,229.69,224.66,,227.89,,,312393,71373803.88,10039,F1,1,,,,,
2026-07-09,2026-07-09,CM,NSE,STK,19779,INE0N4G01012,PARAGON,SM,,,,,PARAGON FINE S.C. LTD.,48.0,50.3,46.0,50.3,50.3,48.0,,50.3,,,8400,405480.0,7,F1,1200,,,,,
2026-07-09,2026-07-09,CM,NSE,STK,13951,INE074B01023,PARACABLES,EQ,,,,,PARAMOUNT COMM LTD,65.5,67.5,65.13,67.01,67.06,64.91,,67.01,,,1600662,106058213.64,8459,F1,1,,,,,
2026-07-09,2026-07-09,CM,NSE,STK,25431,INE0Q6001012,PSFL,SM,,,,,PARAMOUNT SPECIALI FORG L,32.4,32.4,31.25,31.4,31.4,30.75,,31.4,,,8000,252700.0,4,F1,2000,,,,,
2026-07-09,2026-07-09,CM,NSE,STK,5911,INE045601023,PARAS,EQ,,,,,PARAS DEF AND SPCE TECH L,1276.4,1283.9,1208.0,1216.8,1216.0,1276.4,,1216.8,,,2104062,2603868522.0,70019,F1,1,,,,,
2026-07-09,2026-07-09,CM,NSE,STK,3972,INE162C01024,PARASPETRO,EQ,,,,,PARAS PETROFILS LTD.,2.0,2.2,2.0,2.06,2.15,2.0,,2.06,,,233020,475862.16,207,F1,1,,,,,
2026-07-09,2026-07-09,CM,NSE,STK,5460,INE00U801010,PARIN,SM,,,,,PARIN ENTERPRISES LIMITED,715.0,715.0,660.0,687.2,660.0,723.65,,687.2,,,12750,8841337.5,35,F1,250,,,,,
2026-07-09,2026-07-09,CM,NSE,STK,760351,INE119201023,PARKHOSPS,EQ,,,,,PARK MEDI WORLD LIMITED,276.4,292.6,275.0,290.15,291.0,273.9,,290.15,,,751907,215666254.7,16379,F1,1,,,,,
2026-07-09,2026-07-09,CM,NSE,STK,22649,INE988S01028,PARKHOTELS,EQ,,,,,PARKHOTELS,124.53,127.09,124.11,126.32,125.9,124.21,,126.36,,,106153,13387992.96,1938,F1,1,,,,,
2026-07-09,2026-07-09,CM,NSE,STK,13795,INE561H01026,PARSVNATH,BE,,,,,PARSVNATH DEVELOPER LTD,2.38,2.38,2.38,2.38,2.38,2.42,,2.38,,,99015,235655.7,115,F1,1,,,,,
2026-07-09,2026-07-09,CM,NSE,STK,758220,INE1H7V01011,PARTH,ST,,,,,PARTH ELEC & ENG LTD,407.0,418.0,407.0,418.0,418.0,406.45,,418.0,,,2400,988440.0,6,F1,400,,,,,
2026-07-09,2026-07-09,CM,NSE,STK,2599,INE06ZX01015,PARTYCRUS,SM,,,,,PARTY CRUISERS LIMITED,85.7,85.7,85.0,85.0,85.0,85.3,,85.0,,,3000,256200.0,3,F1,1000,,,,,
2026-07-09,2026-07-09,CM,NSE,STK,757955,INE124Y01028,PASHUPATI,EQ,,,,,PASHUPATI COTSPIN LIMITED,89.49,91.09,87.95,88.19,87.95,88.17,,88.19,,,7258,643235.31,775,F1,1,,,,,
2026-07-09,2026-07-09,CM,NSE,STK,6048,INE818B01023,PASUPTAC,BE,,,,,PASUPATI ACRYLON LIMITED,59.5,59.85,56.55,58.76,58.9,59.43,,58.76,,,204691,11939397.79,805,F1,1,,,,,
2026-07-09,2026-07-09,CM,NSE,STK,17029,INE619A01035,PATANJALI,EQ,,,,,PATANJALI FOODS LIMITED,409.8,414.5,408.65,412.25,411.5,409.3,,412.25,,,1589218,655021649.45,248532,F1,1,,,,,
2026-07-09,2026-07-09,CM,NSE,STK,11699,INE244B01030,PATELENG,EQ,,,,,PATEL ENGINEERING LTD.,31.88,32.44,31.5,31.56,31.64,31.64,,31.56,,,3158007,100928612.36,19036,F1,1,,,,,
2026-07-09,2026-07-09,CM,NSE,STK,15223,INE529D01014,PATINTLOG,BE,,,,,PATEL INT. LOG. LTD,15.47,15.95,15.3,15.84,15.95,15.47,,15.84,,,79329,1248795.58,233,F1,1,,,,,
2026-07-09,2026-07-09,CM,NSE,STK,759439,INE0R8B01010,PATELRMART,EQ,,,,,PATEL RETAIL LIMITED,217.0,222.0,216.01,220.25,220.99,215.88,,220.25,,,205682,45066731.28,2313,F1,1,,,,,
2026-07-09,2026-07-09,CM,NSE,STK,756966,INE17GV01016,PATILAUTOM,ST,,,,,PATIL AUTOMATION LIMITED,191.85,195.0,190.0,193.7,194.45,192.25,,193.7,,,34800,6673170.0,35,F1,600,,,,,
2026-07-09,2026-07-09,CM,NSE,STK,762834,INE291E01019,PML,EQ,,,,,PAUL MERCHANTS LTD.,468.0,523.0,466.9,498.0,519.0,458.3,,496.25,,,631,312100.9,64,F1,1,,,,,
2026-07-09,2026-07-09,CM,NSE,STK,759969,INE111F01024,PAUSHAKLTD,EQ,,,,,PAUSHAK LIMITED,526.0,565.0,526.0,548.65,547.0,526.2,,548.5,,,24908,13681400.3,1333,F1,1,,,,,
2026-07-09,2026-07-09,CM,NSE,STK,16201,INE07S101038,PAVNAIND,BE,,,,,PAVNA INDUSTRIES LIMITED,16.99,17.35,16.6,17.01,17.0,16.85,,17.01,,,27753,472644.3,88,F1,1,,,,,
2026-07-09,2026-07-09,CM,NSE,STK,6656,INE417T01026,POLICYBZR,EQ,,,,,PB FINTECH LIMITED,1562.0,1594.8,1562.0,1572.5,1568.1,1562.5,,1572.8,,,1318417,2078507313.2,60550,F1,1,,,,,
2026-07-09,2026-07-09,CM,NSE,STK,29124,INE785M01021,PCJEWELLER,EQ,,,,,PC JEWELLER LTD,9.71,10.95,9.58,9.83,9.86,9.62,,9.83,,,1061536718,10997271830.55,578104,F1,1,,,,,
2026-07-09,2026-07-09,CM,NSE,STK,2649,INE602A01031,PCBL,EQ,,,,,PCBL CHEMICAL LIMITED,298.5,307.4,298.25,304.05,306.0,297.0,,304.05,,,605485,184474181.05,11748,F1,1,,,,,
2026-07-09,2026-07-09,CM,NSE,STK,5264,INE111Q01021,PDSL,EQ,,,,,PDS LIMITED,345.05,353.95,345.05,349.65,348.7,346.05,,349.65,,,44223,15470292.7,4453,F1,1,,,,,
2026-07-09,2026-07-09,CM,NSE,STK,14260,INE940H01022,PGIL,EQ,,,,,PEARL GLOBAL IND LIMITED,1957.3,2021.3,1957.3,1979.8,1984.7,1951.7,,1980.0,,,33469,66640391.1,6243,F1,1,,,,,
2026-07-09,2026-07-09,CM,NSE,STK,8188,INE844A01013,PEARLPOLY,BE,,,,,PEARL POLYMERS LTD,17.78,18.43,17.78,18.24,18.24,17.79,,18.29,,,702,12523.13,14,F1,1,,,,,
2026-07-09,2026-07-09,CM,NSE,STK,25408,INE0VG601013,PELATRO,SM,,,,,PELATRO LIMITED,261.7,261.7,258.0,259.65,260.0,260.3,,259.65,,,4200,1089720.0,14,F1,300,,,,,
2026-07-09,2026-07-09,CM,NSE,STK,5358,INE138A01028,PENINLAND,BE,,,,,PENINSULA LAND LIMITED,16.61,17.47,16.5,17.47,17.47,16.64,,17.45,,,195872,3385285.36,332,F1,1,,,,,
2026-07-09,2026-07-09,CM,NSE,STK,20621,INE932A01024,PENIND,EQ,,,,,PENNAR INDUSTRIES LTD,167.0,171.09,166.3,170.04,170.9,164.77,,170.03,,,326262,55180936.04,5946,F1,1,,,,,
2026-07-09,2026-07-09,CM,NSE,STK,18365,INE262H01021,PERSISTENT,EQ,,,,,PERSISTENT SYSTEMS LTD,4765.0,4858.9,4705.0,4829.9,4842.0,4769.5,,4829.8,,,465088,2230083946.6,35313,F1,1,,,,,
2026-07-09,2026-07-09,CM,NSE,STK,24290,INE998U01015,PCCL,SM,,,,,PETRO CARBON AND CHEMI L,247.5,254.0,247.5,254.0,254.0,242.6,,254.0,,,2800,700540.0,7,F1,400,,,,,
2026-07-09,2026-07-09,CM,NSE,STK,11351,INE347G01014,PETRONET,EQ,,,,,PETRONET LNG LIMITED,272.5,279.15,272.15,277.15,277.3,271.6,,277.15,,,1743760,482107774.0,20487,F1,1,,,,,
2026-07-09,2026-07-09,CM,NSE,STK,760807,INE134E07DW6,PFCL36B,N9,,,,,PFCL 0% ZCB 2036 SR III,50825.01,50825.01,50825.01,50825.01,50825.01,51371.0,,50825.01,,,1,50825.01,1,F1,1,,,,,
2026-07-09,2026-07-09,CM,NSE,STK,760801,INE134E07DP0,7PFCL31,N3,,,,,PFCL 7.00% 2031 SR I,976.0,1000.0,976.0,994.16,990.0,979.0,,994.16,,,180,177050.0,7,F1,1,,,,,
2026-07-09,2026-07-09,CM,NSE,STK,760804,INE134E07DO3,720PFCL36,N6,,,,,PFCL 7.20% 2036 SR II,1021.0,1021.0,1021.0,1021.0,1021.0,1021.5,,1021.0,,,1,1021.0,1,F1,1,,,,,
2026-07-09,2026-07-09,CM,NSE,STK,760810,INE134E07DU0,730PFCL41,NC,,,,,PFCL 7.30% 2041 SR IV,989.0,991.99,989.0,991.99,991.99,989.0,,991.99,,,2013,1990895.87,7,F1,1,,,,,
2026-07-09,2026-07-09,CM,NSE,STK,2643,INE182A01018,PFIZER,EQ,,,,,PFIZER LTD,4521.9,4637.6,4518.1,4590.1,4595.6,4532.1,,4590.6,,,40992,187874784.0,8015,F1,1,,,,,
2026-07-09,2026-07-09,CM,NSE,STK,25358,INE457L01029,PGEL,EQ,,,,,PG ELECTROPLAST LTD,566.55,587.55,566.0,583.7,583.05,562.7,,583.7,,,2507674,1456402240.65,39553,F1,1,,,,,
2026-07-09,2026-07-09,CM,NSE,STK,11612,INE0MLZ01019,PHANTOMFX,SM,,,,,PHANTOM DIGITAL EFF LTD,180.0,190.5,180.0,188.6,189.9,180.0,,188.6,,,19500,3593085.0,51,F1,300,,,,,
2026-07-09,2026-07-09,CM,NSE,STK,25513,INE0FPO01018,PHOGLOBAL,SM,,,,,PHOENIX OVERSEAS LIMITED,16.0,16.35,16.0,16.2,16.2,16.1,,16.2,,,12000,194400.0,6,F1,2000,,,,,
2026-07-09,2026-07-09,CM,NSE,STK,759723,INE0LP301011,PWL,EQ,,,,,PHYSICSWALLAH LIMITED,145.5,155.09,142.33,151.38,154.0,146.64,,151.38,,,27523109,4075494129.89,129854,F1,1,,,,,
2026-07-09,2026-07-09,CM,NSE,STK,24184,INE603J01030,PIIND,EQ,,,,,PI INDUSTRIES LTD,2586.0,2612.0,2573.3,2597.5,2602.1,2572.3,,2597.5,,,135177,351165155.8,13357,F1,1,,,,,
2026-07-09,2026-07-09,CM,NSE,STK,757754,INE546C01010,PICCADIL,EQ,,,,,PICCADILY AGRO INDUSTRI L,643.55,663.05,642.15,649.45,657.0,643.55,,649.45,,,170740,111430486.55,11171,F1,1,,,,,
2026-07-09,2026-07-09,CM,NSE,STK,24791,INE0YAL01017,PPSL,ST,,,,,PICTUREPOST STUDIOS LTD,2.65,2.65,2.65,2.65,2.65,2.75,,2.65,,,69000,182850.0,10,F1,3000,,,,,
2026-07-09,2026-07-09,CM,NSE,STK,2664,INE318A01026,PIDILITIND,EQ,,,,,PIDILITE INDUSTRIES LTD,1570.0,1598.9,1565.0,1590.4,1588.4,1570.4,,1590.4,,,226559,359972203.3,17822,F1,1,,,,,
2026-07-09,2026-07-09,CM,NSE,STK,30838,INE600A01035,PILITA,BE,,,,,PIL ITALICA LIFESTYLE LTD,9.03,9.03,8.26,8.94,9.0,8.6,,8.94,,,55813,493169.01,138,F1,1,,,,,
2026-07-09,2026-07-09,CM,NSE,STK,11445,INE417C01014,PILANIINVS,EQ,,,,,PILANI INV & IND COR LTD,4309.9,4419.9,4309.9,4383.8,4416.0,4307.7,,4383.9,,,1128,4951444.1,222,F1,1,,,,,
2026-07-09,2026-07-09,CM,NSE,STK,759820,INE15B701018,PINELABS,EQ,,,,,PINE LABS LIMITED,142.84,145.75,141.59,143.29,143.7,142.07,,143.29,,,6758826,972953141.07,42086,F1,1,,,,,
2026-07-09,2026-07-09,CM,NSE,STK,13463,INE156C01018,PIONEEREMB,EQ,,,,,PIONEER EMBROIDERIES LTD,23.41,23.41,22.95,23.0,22.95,22.95,,23.0,,,10055,231340.15,29,F1,1,,,,,
2026-07-09,2026-07-09,CM,NSE,STK,762829,INE746D01014,PIONRINV,EQ,,,,,PIONEER INVESTCORP LTD.,88.8,88.8,83.0,84.04,86.99,89.6,,84.02,,,3029,257840.89,98,F1,1,,,,,
2026-07-09,2026-07-09,CM,NSE,STK,759551,INE202B01038,PIRAMALFIN,EQ,,,,,PIRAMAL FINANCE LIMITED,2130.0,2150.1,2100.0,2118.2,2111.5,2124.5,,2118.2,,,187388,399550644.8,21864,F1,1,,,,,
2026-07-09,2026-07-09,CM,NSE,STK,11571,INE0DK501011,PPLPHARMA,EQ,,,,,PIRAMAL PHARMA LIMITED,168.1,175.95,166.25,171.99,172.16,168.11,,171.99,,,7859690,1357833021.24,56339,F1,1,,,,,
2026-07-09,2026-07-09,CM,NSE,STK,14134,INE450D01021,PITTIENG,EQ,,,,,PITTI ENGINEERING LIMITED,933.8,954.1,923.15,951.45,954.0,924.2,,951.35,,,23473,22141635.15,2005,F1,1,,,,,
2026-07-09,2026-07-09,CM,NSE,STK,9087,INE751B01018,PIXTRANS,EQ,,,,,PIX TRANSMISSIONS LIMITED,1728.6,1821.9,1728.6,1782.3,1789.0,1741.0,,1782.3,,,24306,43526196.3,3680,F1,1,,,,,
2026-07-09,2026-07-09,CM,NSE,STK,13920,INE083C01022,PLASTIBLEN,EQ,,,,,PLASTIBLENDS INDIA LTD,172.34,179.0,171.97,176.41,175.2,170.17,,176.41,,,20018,3521598.33,740,F1,1,,,,,
2026-07-09,2026-07-09,CM,NSE,STK,22930,INE0PT501018,PLATIND,EQ,,,,,PLATINUM INDUSTRIES LTD,233.1,234.0,224.21,226.99,226.0,228.49,,226.98,,,91989,21087591.59,1895,F1,1,,,,,
2026-07-09,2026-07-09,CM,NSE,STK,19461,INE0INJ01017,PLAZACABLE,BE,,,,,PLAZA WIRES LIMITED,44.72,45.9,44.11,44.85,44.55,44.94,,44.85,,,15790,710168.5,133,F1,1,,,,,
2026-07-09,2026-07-09,CM,NSE,STK,8736,INE859A01011,PNBGILTS,EQ,,,,,PNB GILTS LIMITED,85.97,88.5,85.42,87.33,87.08,85.84,,87.33,,,366448,32030960.34,3337,F1,1,,,,,
2026-07-09,2026-07-09,CM,NSE,STK,18908,INE572E01012,PNBHOUSING,EQ,,,,,PNB HOUSING FIN LTD.,1076.6,1095.5,1051.6,1084.0,1085.4,1072.2,,1084.0,,,829952,896032617.9,41277,F1,1,,,,,
2026-07-09,2026-07-09,CM,NSE,STK,9385,INE195J01029,PNCINFRA,EQ,,,,,PNC INFRATECH LTD.,235.92,242.24,235.85,241.53,239.3,238.18,,241.51,,,346035,82976013.96,15577,F1,1,,,,,
2026-07-09,2026-07-09,CM,NSE,STK,760242,INE1RDG01013,PNGSREVA,EQ,,,,,PNGS REVA DIAMOND JEWEL L,409.0,428.0,405.0,414.2,413.0,403.1,,414.2,,,297558,124656494.95,7254,F1,1,,,,,
2026-07-09,2026-07-09,CM,NSE,STK,19036,INE371C01013,PODDARMENT,EQ,,,,,PODDAR PIGMENTS LIMITED,238.5,241.0,235.02,239.11,241.0,235.17,,239.11,,,2347,557673.35,98,F1,1,,,,,
2026-07-09,2026-07-09,CM,NSE,STK,17651,INE637C01025,POKARNA,EQ,,,,,POKARNA LIMITED,1000.5,1060.0,995.0,1035.4,1035.2,992.8,,1035.3,,,74996,77928266.9,7284,F1,1,,,,,
2026-07-09,2026-07-09,CM,NSE,STK,25718,INE205C01021,POLYMED,EQ,,,,,POLY MEDICURE LIMITED,1618.9,1686.0,1618.0,1645.9,1645.0,1614.3,,1646.0,,,56981,94474067.7,7424,F1,1,,,,,
2026-07-09,2026-07-09,CM,NSE,STK,9590,INE455K01017,POLYCAB,EQ,,,,,POLYCAB INDIA LIMITED,9280.0,9329.0,9001.0,9074.0,9085.0,9234.0,,9074.0,,,487544,4433345323.5,62085,F1,1,,,,,
2026-07-09,2026-07-09,CM,NSE,STK,2687,INE633B01018,POLYPLEX,EQ,,,,,POLYPLEX CORPORATION LTD,1024.0,1042.0,1011.1,1029.45,1029.6,1019.15,,1029.45,,,96276,99407678.25,6984,F1,1,,,,,
2026-07-09,2026-07-09,CM,NSE,STK,22711,INE517M01028,POLYSIL,SM,,,,,POLYSIL IRRIGATION SYST L,123.3,123.3,107.2,112.35,107.2,118.15,,112.35,,,12000,1390900.0,24,F1,500,,,,,
2026-07-09,2026-07-09,CM,NSE,STK,14385,INE063E01053,POCL,EQ,,,,,PONDY OXIDES & CHEM LTD,1478.0,1530.1,1410.0,1416.6,1420.1,1461.6,,1416.7,,,663833,969728608.4,33128,F1,1,,,,,
2026-07-09,2026-07-09,CM,NSE,STK,10661,INE838E01017,PONNIERODE,EQ,,,,,PONNIE SUGARS (ERODE) LTD,316.9,320.95,314.0,317.15,318.0,313.8,,316.9,,,3963,1257339.6,195,F1,1,,,,,
2026-07-09,2026-07-09,CM,NSE,STK,11403,INE511C01022,POONAWALLA,EQ,,,,,POONAWALLA FINCORP LTD,458.6,469.4,458.6,463.85,466.0,457.95,,463.85,,,2036543,947425650.25,79963,F1,1,,,,,
2026-07-09,2026-07-09,CM,NSE,STK,23142,INE772T01024,PVSL,EQ,,,,,POPULAR VEHICLES N SER L,92.1,93.73,92.06,93.03,92.6,91.96,,93.03,,,10403,965918.55,514,F1,1,,,,,
2026-07-09,2026-07-09,CM,NSE,STK,24867,INE0S3H01017,POSITRON,ST,,,,,POSITRON ENERGY LIMITED,168.1,176.5,168.1,176.5,176.5,168.1,,176.5,,,6000,1052730.0,15,F1,300,,,,,
2026-07-09,2026-07-09,CM,NSE,STK,14299,INE134E01011,PFC,EQ,,,,,POWER FIN CORP LTD.,403.55,406.25,399.0,404.1,404.6,403.6,,404.1,,,6397782,2576682960.6,63972,F1,1,,,,,
2026-07-09,2026-07-09,CM,NSE,STK,14977,INE752E01010,POWERGRID,EQ,,,,,POWER GRID CORP. LTD.,280.0,283.95,280.0,281.35,281.2,279.7,,281.35,,,6800579,1920038407.35,64438,F1,1,,,,,
2026-07-09,2026-07-09,CM,NSE,STK,15716,INE557Z01018,PIGL,EQ,,,,,POWER INSTRUMENT (G) LTD,107.7,111.44,107.21,108.69,110.0,107.11,,108.69,,,71097,7784391.46,1137,F1,1,,,,,
2026-07-09,2026-07-09,CM,NSE,STK,10473,INE211R01019,POWERMECH,EQ,,,,,POWER MECH PROJECTS LTD.,2573.2,2624.5,2573.2,2604.2,2607.4,2562.6,,2604.3,,,35151,91661828.2,6251,F1,1,,,,,
2026-07-09,2026-07-09,CM,NSE,STK,3494,INE0GGX23010,PGINVIT,IV,,,,,POWERGRID INFRA. INVITS,96.59,97.49,96.4,96.65,96.65,96.16,,96.65,,,1492687,144357169.77,17815,F1,1,,,,,
2026-07-09,2026-07-09,CM,NSE,STK,761680,INE921L01032,POWERICA,EQ,,,,,POWERICA LIMITED,548.5,569.8,545.0,567.8,566.85,542.7,,568.0,,,281940,159022439.9,9847,F1,1,,,,,
2026-07-09,2026-07-09,CM,NSE,STK,15209,INE095I01015,PPAP,EQ,,,,,PPAP AUTOMOTIVE LIMITED,269.0,292.9,269.0,276.63,276.0,257.43,,276.63,,,674942,188467034.18,12357,F1,1,,,,,
2026-07-09,2026-07-09,CM,NSE,STK,30134,INE0I0M01023,PRABHA,EQ,,,,,PRABHA ENERGY LIMITED,150.71,153.41,148.8,149.33,150.7,150.71,,149.33,,,14904,2238260.37,239,F1,1,,,,,
2026-07-09,2026-07-09,CM,NSE,STK,762842,INE770A01010,PRADPME,BE,,,,,PRADEEP METALS LTD.,524.0,532.0,519.0,525.1,519.0,515.2,,525.15,,,7425,3924376.65,131,F1,1,,,,,
2026-07-09,2026-07-09,CM,NSE,STK,2705,INE074A01025,PRAJIND,EQ,,,,,PRAJ INDUSTRIES LTD,356.9,360.85,352.75,353.95,354.5,355.15,,353.95,,,464402,165859975.7,11298,F1,1,,,,,
2026-07-09,2026-07-09,CM,NSE,STK,13941,INE505C01016,PRAENG,EQ,,,,,PRAJAY ENG. SYN. LTD.,20.0,20.03,19.22,19.37,19.32,19.75,,19.4,,,39619,773331.32,1226,F1,1,,,,,
2026-07-09,2026-07-09,CM,NSE,STK,2708,INE603A01013,PRAKASH,EQ,,,,,PRAKASH INDUSTRIES LTD,127.93,129.39,126.11,128.22,127.3,126.31,,128.21,,,338722,43492500.68,4826,F1,1,,,,,
2026-07-09,2026-07-09,CM,NSE,STK,10299,INE050001010,PPL,BE,,,,,PRAKASH PIPES LIMITED,265.0,275.95,263.0,274.85,274.9,265.85,,274.8,,,41709,11284704.6,584,F1,1,,,,,
2026-07-09,2026-07-09,CM,NSE,STK,19599,INE696K01024,PRAKASHSTL,EQ,,,,,PRAKASH STEELAGE LTD,4.2,4.24,4.1,4.13,4.13,4.14,,4.13,,,86429,359431.37,234,F1,1,,,,,
2026-07-09,2026-07-09,CM,NSE,STK,18514,INE0O7A01017,PRAMARA,SM,,,,,PRAMARA PROMOTIONS LTD,131.0,134.4,130.3,130.6,130.3,131.6,,130.6,,,17500,2316700.0,23,F1,500,,,,,
2026-07-09,2026-07-09,CM,NSE,STK,25818,INE0VJG01014,PRANIK,SM,,,,,PRANIK LOGISTICS LIMITED,45.25,47.65,40.25,41.6,42.0,45.25,,41.6,,,17600,747760.0,11,F1,1600,,,,,
2026-07-09,2026-07-09,CM,NSE,STK,21840,INE393P01035,DIAMONDYD,EQ,,,,,PRATAAP SNACKS LIMITED,1190.7,1212.0,1185.9,1198.3,1200.0,1190.7,,1198.3,,,21078,25293843.5,1725,F1,1,,,,,
2026-07-09,2026-07-09,CM,NSE,STK,23113,INE0QA601016,PRATHAM,SM,,,,,PRATHAM EPC PROJECTS LTD,115.05,121.5,115.05,121.5,121.5,117.0,,121.5,,,5600,665680.0,13,F1,400,,,,,
2026-07-09,2026-07-09,CM,NSE,STK,762844,INE722B01019,PRAVEG,EQ,,,,,PRAVEG LTD.,227.09,239.4,227.09,234.31,237.69,226.77,,233.48,,,49040,11417505.91,1603,F1,1,,,,,
2026-07-09,2026-07-09,CM,NSE,STK,1216,INE546Y01022,PRAXIS,BE,,,,,PRAXIS HOME RETAIL LTD,7.9,7.9,7.55,7.84,7.85,7.73,,7.85,,,13428,104376.13,47,F1,1,,,,,
2026-07-09,2026-07-09,CM,NSE,STK,12603,INE484I01029,PRECAM,EQ,,,,,PRECISION CAMSHAFTS LTD.,145.89,147.7,145.0,146.12,146.64,144.69,,146.1,,,95510,13965365.72,1868,F1,1,,,,,
2026-07-09,2026-07-09,CM,NSE,STK,7950,INE0HKW01018,PRECISION,SM,,,,,PRECISION METALIKS LTD,6.9,6.9,6.8,6.8,6.8,6.8,,6.8,,,4000,27400.0,2,F1,2000,,,,,
2026-07-09,2026-07-09,CM,NSE,STK,2717,INE372C01037,PRECWIRE,EQ,,,,,PRECISION WIRES INDIA LTD,379.95,391.5,379.95,389.25,391.0,374.9,,389.25,,,219594,85210463.25,10509,F1,1,,,,,
2026-07-09,2026-07-09,CM,NSE,STK,2711,INE283A01014,PRECOT,EQ,,,,,PRECOT LIMITED,770.0,810.1,770.0,800.45,798.95,771.55,,800.45,,,10274,8275870.75,453,F1,1,,,,,
2026-07-09,2026-07-09,CM,NSE,STK,762849,INE001E01012,PREMCO,EQ,,,,,PREMCO GLOBAL LTD.,365.2,372.7,360.0,365.0,365.0,361.6,,367.15,,,255,92742.45,27,F1,1,,,,,
2026-07-09,2026-07-09,CM,NSE,STK,25049,INE0BS701011,PREMIERENE,EQ,,,,,PREMIER ENERGIES LIMITED,1055.0,1095.5,1048.0,1089.2,1090.0,1043.9,,1089.2,,,1970046,2127003197.6,58555,F1,1,,,,,
2026-07-09,2026-07-09,CM,NSE,STK,17397,INE863B01029,PREMEXPLN,EQ,,,,,PREMIER EXPLOSIVES LTD,692.0,739.0,681.5,714.0,714.0,685.4,,714.05,,,1477023,1056246129.95,32686,F1,1,,,,,
2026-07-09,2026-07-09,CM,NSE,STK,6248,INE342A01018,PREMIER,BE,,,,,PREMIER LIMITED,3.1,3.1,2.9,3.0,3.0,3.0,,3.04,,,10070,29349.17,30,F1,1,,,,,
2026-07-09,2026-07-09,CM,NSE,STK,3908,INE309M01020,PREMIERPOL,EQ,,,,,PREMIER POLYFILM LTD,60.41,64.25,60.41,63.78,63.5,59.93,,63.78,,,173094,10833725.73,1756,F1,1,,,,,
2026-07-09,2026-07-09,CM,NSE,STK,23764,INE0CFG01012,PRLIND,SM,,,,,PREMIER ROADLINES LIMITED,49.0,49.9,47.7,49.0,49.0,47.6,,49.0,,,15000,729650.0,12,F1,1000,,,,,
2026-07-09,2026-07-09,CM,NSE,STK,25898,INE0M1F01011,PREMIUM,SM,,,,,PREMIUM PLAST LIMITED,42.05,42.05,42.05,42.05,42.05,42.0,,42.05,,,3000,126150.0,1,F1,3000,,,,,
2026-07-09,2026-07-09,CM,NSE,STK,20498,INE0R1601012,PRESSTONIC,SM,,,,,PRESSTONIC ENGINEERING L,26.05,26.3,24.95,25.05,25.0,25.95,,25.05,,,36000,929760.0,35,F1,800,,,,,
2026-07-09,2026-07-09,CM,NSE,STK,20302,INE811K01011,PRESTIGE,EQ,,,,,PRESTIGE ESTATE LTD,1628.0,1683.2,1628.0,1673.9,1675.0,1635.3,,1673.9,,,742651,1239135468.5,52809,F1,1,,,,,
2026-07-09,2026-07-09,CM,NSE,STK,19631,INE726V01018,PRICOLLTD,EQ,,,,,PRICOL LIMITED,615.4,621.65,611.5,618.2,618.0,608.8,,618.2,,,475858,293971981.4,16948,F1,1,,,,,
2026-07-09,2026-07-09,CM,NSE,STK,759075,INE0CQA01020,PRIMECAB,ST,,,,,PRIME CABLE INDUSTRIES L,149.5,149.5,149.5,149.5,149.5,142.4,,149.5,,,4800,717600.0,3,F1,1600,,,,,
2026-07-09,2026-07-09,CM,NSE,STK,13500,INE367G01038,PFOCUS,BE,,,,,PRIME FOCUS LIMITED,233.79,245.47,233.79,244.47,245.47,233.79,,244.47,,,494574,119963123.33,2147,F1,1,,,,,
2026-07-09,2026-07-09,CM,NSE,STK,11864,INE032B01021,PRIMESECU,EQ,,,,,PRIME SECURITIES LIMITED,273.0,283.6,271.7,281.1,282.0,274.9,,281.1,,,27078,7573432.1,832,F1,1,,,,,
2026-07-09,2026-07-09,CM,NSE,STK,756925,INE607A01022,PRIMO,EQ,,,,,PRIMO CHEMICALS LIMITED,24.0,24.2,23.57,24.08,24.1,23.83,,24.08,,,33027,793701.43,218,F1,1,,,,,
2026-07-09,2026-07-09,CM,NSE,STK,16045,INE689W01016,PRINCEPIPE,EQ,,,,,PRINCE PIPES FITTINGS LTD,261.85,272.0,261.45,266.3,265.3,261.4,,266.3,,,174387,46545301.1,4570,F1,1,,,,,
2026-07-09,2026-07-09,CM,NSE,STK,2739,INE010A01011,PRSMJOHNSN,EQ,,,,,PRISM JOHNSON LIMITED,111.0,113.36,111.0,111.95,111.35,111.01,,111.95,,,101289,11365800.26,2197,F1,1,,,,,
2026-07-09,2026-07-09,CM,NSE,STK,8310,INE974Z01015,PRITI,BE,,,,,PRITI INTERNATIONAL LTD,38.1,39.39,38.0,39.38,39.39,38.01,,39.38,,,3418,131821.31,54,F1,1,,,,,
2026-07-09,2026-07-09,CM,NSE,STK,5296,INE583R01029,PRITIKAUTO,BE,,,,,PRITIKA AUTO INDUS LTD,16.98,18.46,16.87,18.19,18.25,17.59,,18.18,,,577581,10499961.44,830,F1,1,,,,,
2026-07-09,2026-07-09,CM,NSE,STK,9342,INE392B01011,PNC,EQ,,,,,PRITISH NANDY COMMUNICATI,20.07,21.99,19.2,20.54,20.2,20.07,,20.73,,,31635,663165.92,430,F1,1,,,,,
2026-07-09,2026-07-09,CM,NSE,STK,8825,INE959A01019,PRIVISCL,EQ,,,,,PRIVI SPECIALITY CHE LTD,3557.8,3644.9,3557.8,3621.3,3624.0,3547.6,,3621.3,,,32032,115841971.8,6052,F1,1,,,,,
2026-07-09,2026-07-09,CM,NSE,STK,24511,INE0V9N01017,PRIZOR,ST,,,,,PRIZOR VIZTECH LIMITED,819.05,819.05,819.05,819.05,819.05,803.0,,819.05,,,3200,2620960.0,7,F1,400,,,,,
2026-07-09,2026-07-09,CM,NSE,STK,757806,INE0VJT01017,PROFX,SM,,,,,PRO FX TECH LIMITED,75.25,76.5,74.0,76.5,76.5,73.25,,76.5,,,11200,845600.0,7,F1,1600,,,,,
2026-07-09,2026-07-09,CM,NSE,STK,940,INE199A01012,PGHL,EQ,,,,,PROCTER & GAMBLE HEALTH L,6260.0,6765.0,6260.0,6612.0,6599.5,6262.5,,6612.5,,,52888,349319022.5,12415,F1,1,,,,,
2026-07-09,2026-07-09,CM,NSE,STK,758173,INE0BX301013,PROSTARM,EQ,,,,,PROSTARM INFO SYSTEMS LTD,134.95,136.98,131.0,131.41,131.7,133.41,,131.38,,,250759,33124976.45,3351,F1,1,,,,,
2026-07-09,2026-07-09,CM,NSE,STK,29472,INE004A01022,PROTEAN,EQ,,,,,PROTEAN EGOV TECHNO LTD,575.05,589.6,575.05,579.65,577.5,574.1,,579.65,,,177322,103243525.15,6129,F1,1,,,,,
2026-07-09,2026-07-09,CM,NSE,STK,28859,INE195N01013,PROZONER,EQ,,,,,PROZONE REALTY LIMITED,43.82,45.5,43.22,43.51,43.25,43.95,,43.51,,,205149,9037187.22,1325,F1,1,,,,,
2026-07-09,2026-07-09,CM,NSE,STK,9553,INE00F201020,PRUDENT,EQ,,,,,PRUDENT CORP ADV SER LTD,2891.1,3017.9,2891.1,2960.0,2951.0,2916.9,,2959.9,,,32745,96837291.7,4805,F1,1,,,,,
2026-07-09,2026-07-09,CM,NSE,STK,20528,INE024D01016,PRUDMOULI,BE,,,,,PRUDENTIAL SUGAR CORPORAT,14.99,14.99,14.25,14.79,14.8,14.66,,14.81,,,1518,22162.46,22,F1,1,,,,,
2026-07-09,2026-07-09,CM,NSE,STK,20877,INE488V01015,PSPPROJECT,EQ,,,,,PSP PROJECTS LIMITED,1048.7,1094.5,1040.1,1069.7,1078.0,1039.3,,1069.7,,,132091,142293817.6,9497,F1,1,,,,,
2026-07-09,2026-07-09,CM,NSE,STK,22602,INE560K01014,PFS,EQ,,,,,PTC INDIA FIN SERV LTD,30.63,30.81,30.59,30.59,30.6,30.63,,30.59,,,359912,11023782.18,959,F1,1,,,,,
2026-07-09,2026-07-09,CM,NSE,STK,11355,INE877F01012,PTC,EQ,,,,,PTC INDIA LIMITED,169.4,169.99,167.69,168.02,168.0,168.42,,168.02,,,637491,107558348.11,8611,F1,1,,,,,
2026-07-09,2026-07-09,CM,NSE,STK,16682,INE596F01018,PTCIL,EQ,,,,,PTC INDUSTRIES LIMITED,17006.0,17479.0,16922.0,17354.0,17400.0,16998.0,,17354.0,,,8395,144803022.0,3594,F1,1,,,,,
2026-07-09,2026-07-09,CM,NSE,STK,14101,INE034D01049,PTL,EQ,,,,,PTL ENTERPRISES LTD,41.2,41.78,40.6,40.8,40.64,41.03,,40.81,,,80980,3329955.72,1333,F1,1,,,,,
2026-07-09,2026-07-09,CM,NSE,STK,15377,INE865T01018,PDMJEPAPER,EQ,,,,,PUDUMJEE PAPER PRO. LTD,82.1,84.0,82.1,82.68,82.5,82.63,,82.66,,,64092,5306377.4,993,F1,1,,,,,
2026-07-09,2026-07-09,CM,NSE,STK,21001,INE608A01012,PSB,EQ,,,,,PUNJAB & SIND BANK,24.18,24.65,24.11,24.46,24.62,24.1,,24.46,,,760695,18537959.43,3178,F1,1,,,,,
2026-07-09,2026-07-09,CM,NSE,STK,4344,INE277B01014,PUNJABCHEM,EQ,,,,,PUNJAB CHEM & CROP PROT L,1066.0,1103.7,1059.3,1090.1,1080.1,1066.0,,1090.1,,,13192,14276297.6,2114,F1,1,,,,,
2026-07-09,2026-07-09,CM,NSE,STK,10666,INE160A01022,PNB,EQ,,,,,PUNJAB NATIONAL BANK,101.2,103.7,100.8,103.44,103.7,100.95,,103.44,,,13282752,1364572161.03,59538,F1,1,,,,,
2026-07-09,2026-07-09,CM,NSE,STK,14922,INE323I01011,PURVA,EQ,,,,,PURAVANKARA LIMITED,214.76,221.0,214.24,219.78,220.3,214.85,,219.77,,,94988,20813590.9,3136,F1,1,,,,,
2026-07-09,2026-07-09,CM,NSE,STK,28044,INE0P5R01014,PURPLEUTED,ST,,,,,PURPLE UNITED SALES LTD,445.2,452.05,433.6,434.25,434.25,444.75,,434.25,,,18250,8164125.0,27,F1,250,,,,,
2026-07-09,2026-07-09,CM,NSE,STK,22942,INE0R6C01012,PURVFLEXI,ST,,,,,PURV FLEXIPACK LIMITED,49.85,49.85,49.85,49.85,49.85,49.9,,49.85,,,800,39880.0,1,F1,800,,,,,
2026-07-09,2026-07-09,CM,NSE,STK,757683,INE154801018,PUSHPA,SM,,,,,PUSHPA JEWELLERS LIMITED,100.0,100.0,98.0,98.2,98.3,98.0,,98.2,,,6000,592600.0,6,F1,1000,,,,,
2026-07-09,2026-07-09,CM,NSE,STK,4010,INE362A01016,PVP,EQ,,,,,PVP VENTURES LIMITED,27.52,28.03,27.11,27.32,27.13,27.26,,27.32,,,137975,3797820.32,942,F1,1,,,,,
2026-07-09,2026-07-09,CM,NSE,STK,13147,INE191H01014,PVRINOX,EQ,,,,,PVR INOX LIMITED,976.8,997.35,970.0,989.5,989.1,976.25,,989.55,,,168389,166142412.75,16076,F1,1,,,,,
2026-07-09,2026-07-09,CM,NSE,STK,18250,INE0MIS01010,PYRAMID,EQ,,,,,PYRAMID TECHNOPLAST LTD,162.38,171.4,162.38,167.39,168.0,162.38,,167.5,,,41077,6894118.25,1124,F1,1,,,,,
2026-07-09,2026-07-09,CM,NSE,STK,763594,INE1G2W01011,QLINE,SM,,,,,Q-LINE BIOTECH LIMITED,549.85,555.0,537.0,540.6,540.0,539.45,,540.6,,,58400,31809920.0,126,F1,400,,,,,
2026-07-09,2026-07-09,CM,NSE,STK,751607,INE0FMW01018,QMSMEDI,EQ,,,,,QMS MEDICAL ALLIED S LTD,107.5,107.5,103.55,104.51,104.52,103.83,,104.51,,,10034,1057541.01,829,F1,1,,,,,
2026-07-09,2026-07-09,CM,NSE,STK,29087,INE0LRY01011,QUADFUTURE,EQ,,,,,QUADRANT FUTURE TEK LTD,425.7,435.55,420.0,428.15,428.0,420.45,,428.35,,,318988,136561995.8,9025,F1,1,,,,,
2026-07-09,2026-07-09,CM,NSE,STK,14613,INE0O1M01015,QFIL,SM,,,,,QUALITY FOILS (INDIA) LTD,60.0,60.0,60.0,60.0,60.0,60.85,,60.0,,,1000,60000.0,1,F1,1000,,,,,
2026-07-09,2026-07-09,CM,NSE,STK,29713,INE0SII01026,QPOWER,BE,,,,,QUALITY POWER ELEC EQUP L,1119.0,1154.6,1112.8,1154.6,1154.6,1099.7,,1155.2,,,78083,89145741.9,2307,F1,1,,,,,
2026-07-09,2026-07-09,CM,NSE,STK,15330,INF082J01408,QGOLDHALF,EQ,,,,,QUANTUM GOLD FUND,114.31,119.12,114.31,118.68,118.75,117.25,,118.68,,,201469,23868092.25,1397,F1,1,,,,,
2026-07-09,2026-07-09,CM,NSE,STK,16819,INF082J01499,QNIFTY,EQ,,,,,QUANTUM NIFTY 50 ETF,266.9,266.9,263.4,263.4,263.6,263.09,,263.4,,,5698,1505373.01,91,F1,1,,,,,
2026-07-09,2026-07-09,CM,NSE,STK,17704,INE615P01015,QUESS,EQ,,,,,QUESS CORP LIMITED,286.8,308.1,286.8,294.55,294.0,290.5,,294.5,,,738865,221811435.3,20128,F1,1,,,,,
2026-07-09,2026-07-09,CM,NSE,STK,23793,INE0TNW01017,QUESTLAB,SM,,,,,QUEST LABORATORIES LTD,88.0,89.0,88.0,89.0,89.0,87.75,,89.0,,,2400,212400.0,2,F1,1200,,,,,
2026-07-09,2026-07-09,CM,NSE,STK,13131,INE306L01010,QUICKHEAL,BE,,,,,QUICK HEAL TECH LTD,165.01,169.8,164.8,165.79,167.0,165.09,,165.81,,,37435,6237743.28,679,F1,1,,,,,
2026-07-09,2026-07-09,CM,NSE,STK,15285,INE0K4D01020,QUICKTOUCH,SM,,,,,QUICKTOUCH TECHNOLOGIES L,24.0,24.0,23.05,23.05,23.05,24.0,,23.05,,,1000,23525.0,2,F1,500,,,,,
2026-07-09,2026-07-09,CM,NSE,STK,762854,INE641R01017,QUINT,EQ,,,,,QUINT DIGITAL LTD.,39.09,39.5,39.09,39.49,39.5,39.09,,39.49,,,1068,42053.55,14,F1,1,,,,,
2026-07-09,2026-07-09,CM,NSE,STK,23043,INE0NQ801033,RKSWAMY,EQ,,,,,R K SWAMY LIMITED,103.66,104.69,101.0,101.33,101.51,103.66,,101.37,,,116737,11981895.83,1567,F1,1,,,,,
2026-07-09,2026-07-09,CM,NSE,STK,757834,INE219Y01026,RMDRIP,EQ,,,,,R M DRIP & SPRINK SYS LTD,19.0,19.35,18.8,18.87,19.0,18.82,,18.87,,,1227185,23446724.81,891,F1,1,,,,,
2026-07-09,2026-07-09,CM,NSE,STK,762864,INE951M01037,RRIL,EQ,,,,,R R I L LTD.,17.99,17.99,17.18,17.38,17.36,17.54,,17.43,,,10790,187788.72,65,F1,1,,,,,
2026-07-09,2026-07-09,CM,NSE,STK,18566,INE777K01022,RRKABEL,EQ,,,,,R R KABEL LIMITED,2180.0,2258.0,2180.0,2206.7,2204.5,2188.5,,2206.7,,,433746,964848285.7,32863,F1,1,,,,,
2026-07-09,2026-07-09,CM,NSE,STK,762869,INE616F01022,RSDFIN,EQ,,,,,R S D FINANCE LTD.,80.0,80.0,80.0,80.0,80.0,78.0,,80.0,,,99,7920.0,5,F1,1,,,,,
2026-07-09,2026-07-09,CM,NSE,STK,13414,INE411H01032,RSYSTEMS,EQ,,,,,R SYS INTERNATIONAL LTD,238.0,240.42,232.49,235.69,236.5,234.95,,235.68,,,322581,76209835.64,8224,F1,1,,,,,
2026-07-09,2026-07-09,CM,NSE,STK,758981,INE012Q01039,RNBDENIMS,EQ,,,,,R&B DENIMS LIMITED,10.48,10.58,10.15,10.19,10.17,10.27,,10.19,,,369568,3795942.35,607,F1,1,,,,,
2026-07-09,2026-07-09,CM,NSE,STK,8426,INE165B01029,RSSOFTWARE,BE,,,,,R. S. SOFTWARE (INDIA) LI,33.21,33.6,33.21,33.5,33.5,33.81,,33.81,,,2071,69050.61,28,F1,1,,,,,
2026-07-09,2026-07-09,CM,NSE,STK,20760,INE324L01013,RPPINFRA,EQ,,,,,R.P.P INFRA PROJECTS LTD,62.98,63.76,61.5,62.57,62.98,62.7,,62.53,,,27862,1752585.67,441,F1,1,,,,,
2026-07-09,2026-07-09,CM,NSE,STK,762244,INE2PB023011,RIIT,IV,,,,,RAAJMARG INFRA INVEST T,117.23,118.9,115.4,115.51,115.5,116.07,,115.51,,,139061,16146924.36,1655,F1,1,,,,,
2026-07-09,2026-07-09,CM,NSE,STK,15396,INE084Q01012,RACE,BE,,,,,RACE ECO CHAIN LIMITED,113.99,114.5,111.51,112.0,112.0,111.27,,113.95,,,6091,685688.21,31,F1,1,,,,,
2026-07-09,2026-07-09,CM,NSE,STK,9854,INE02OY01016,RILINFRA,SM,,,,,RACHANA INFRA LTD,36.9,42.0,36.05,41.35,41.1,37.05,,41.35,,,64300,2539005.0,211,F1,100,,,,,
2026-07-09,2026-07-09,CM,NSE,STK,27171,INE704B01017,RACLGEAR,EQ,,,,,RACL GEARTECH LIMITED,1267.0,1298.6,1252.2,1261.1,1258.7,1267.0,,1261.6,,,20441,25940672.0,2372,F1,1,,,,,
2026-07-09,2026-07-09,CM,NSE,STK,10932,INE874F01027,RADAAN,EQ,,,,,RADAAN MEDIAWORKS (I) LTD,3.01,3.03,2.9,2.95,2.95,3.0,,2.95,,,6870,20392.96,55,F1,1,,,,,
2026-07-09,2026-07-09,CM,NSE,STK,10343,INE583V01021,RADHIKAJWE,EQ,,,,,RADHIKA JEWELTECH LIMITED,56.5,65.18,56.5,63.64,62.65,56.27,,63.64,,,14988247,947462094.72,83511,F1,1,,,,,
2026-07-09,2026-07-09,CM,NSE,STK,13580,INE855R01021,RADIANTCMS,EQ,,,,,RADIANT CASH MGMT SER LTD,38.0,38.85,37.8,38.33,38.48,38.4,,38.33,,,110855,4259818.1,1008,F1,1,,,,,
2026-07-09,2026-07-09,CM,NSE,STK,10990,INE944F01028,RADICO,EQ,,,,,RADICO KHAITAN LTD,4099.0,4145.0,4082.5,4089.0,4090.0,4077.6,,4089.0,,,262676,1079211046.0,27310,F1,1,,,,,
2026-07-09,2026-07-09,CM,NSE,STK,23445,INE430U01019,RADIOWALLA,ST,,,,,RADIOWALLA NETWORK LTD,24.7,25.9,24.7,25.9,25.9,24.7,,25.9,,,4800,122080.0,3,F1,1600,,,,,
2026-07-09,2026-07-09,CM,NSE,STK,24735,INE912T01018,RPEL,EQ,,,,,RAGHAV PRODUCTIVITY ENH L,1286.1,1323.7,1286.0,1289.0,1286.0,1289.1,,1288.9,,,39074,50978906.1,3254,F1,1,,,,,
2026-07-09,2026-07-09,CM,NSE,STK,9552,INE415G01027,RVNL,EQ,,,,,RAIL VIKAS NIGAM LIMITED,225.0,228.35,223.99,226.23,226.99,224.73,,226.23,,,2296275,520878451.75,26057,F1,1,,,,,
2026-07-09,2026-07-09,CM,NSE,STK,2431,INE0DD101019,RAILTEL,EQ,,,,,RAILTEL CORP OF IND LTD,300.0,306.35,298.65,302.9,300.2,298.65,,302.9,,,511039,155053067.0,11569,F1,1,,,,,
2026-07-09,2026-07-09,CM,NSE,STK,15337,INE855B01025,RAIN,EQ,,,,,RAIN INDUSTRIES LIMITED,200.23,209.76,199.5,204.36,204.45,198.72,,204.35,,,6949045,1425246430.75,50444,F1,1,,,,,
2026-07-09,2026-07-09,CM,NSE,STK,9408,INE961O01016,RAINBOW,EQ,,,,,RAINBOW CHILDRENS MED LTD,1439.9,1511.7,1426.7,1481.5,1480.0,1431.1,,1481.3,,,202371,300067279.0,18481,F1,1,,,,,
2026-07-09,2026-07-09,CM,NSE,STK,359,INE294G01026,ROML,EQ,,,,,RAJ OIL MILLS LIMITED,45.0,46.32,44.53,44.84,44.81,45.34,,44.84,,,1105,49777.76,39,F1,1,,,,,
2026-07-09,2026-07-09,CM,NSE,STK,8428,INE533D01032,RAJRILTD,BE,,,,,RAJ RAYON INDUSTRIES LTD,22.15,22.39,21.71,22.0,22.0,22.15,,22.33,,,8558,187320.92,100,F1,1,,,,,
2026-07-09,2026-07-09,CM,NSE,STK,14403,INE952H01027,RAJTV,EQ,,,,,RAJ TV NETWORK LTD,11.55,12.05,11.55,11.99,11.93,11.85,,11.99,,,29934,356528.03,155,F1,1,,,,,
2026-07-09,2026-07-09,CM,NSE,STK,762859,INE296E01026,RAJPALAYAM,EQ,,,,,RAJAPALAYAM MILLS LTD.,819.7,829.95,800.2,813.75,821.0,796.4,,813.65,,,1162,951318.4,145,F1,1,,,,,
2026-07-09,2026-07-09,CM,NSE,STK,181,INE610C01014,ARENTERP,EQ,,,,,RAJDARSHAN INDUSTRIES LTD,34.05,34.9,33.01,34.17,34.75,34.05,,34.11,,,2744,91244.11,25,F1,1,,,,,
2026-07-09,2026-07-09,CM,NSE,STK,760461,INE343B01030,RAJESHEXPO,BZ,,,,,RAJESH EXPORTS LTD,91.35,95.08,91.18,93.39,93.5,93.2,,93.37,,,120295,11215254.47,1063,F1,1,,,,,
2026-07-09,2026-07-09,CM,NSE,STK,19681,INE0BZQ01011,RCDL,SM,,,,,RAJGOR CASTOR DERIVATI L,25.1,25.1,25.1,25.1,25.1,24.3,,25.1,,,3000,75300.0,1,F1,3000,,,,,
2026-07-09,2026-07-09,CM,NSE,STK,2168,INE00KV01022,RAJMET,EQ,,,,,RAJNANDINI METAL LIMITED,3.61,3.73,3.6,3.63,3.64,3.68,,3.63,,,310965,1126177.2,544,F1,1,,,,,
2026-07-09,2026-07-09,CM,NSE,STK,757052,INE535F01024,RAJOOENG,BE,,,,,RAJOO ENGINEERS LIMITED,50.0,50.8,49.0,49.99,50.4,50.06,,49.99,,,180489,9020424.92,1304,F1,1,,,,,
2026-07-09,2026-07-09,CM,NSE,STK,27269,INE0VHU01019,RAJPUTANA,SM,,,,,RAJPUTANA BIODIESEL LTD,201.15,207.95,196.65,207.9,207.95,206.0,,207.9,,,5000,1008300.0,10,F1,500,,,,,
2026-07-09,2026-07-09,CM,NSE,STK,24707,INE0PCU01012,RAJINDLTD,SM,,,,,RAJPUTANA INDUSTRIES LTD,76.0,76.3,70.15,72.0,72.0,72.1,,72.0,,,15000,1094325.0,8,F1,1500,,,,,
2026-07-09,2026-07-09,CM,NSE,STK,761439,INE313L01016,RSL,EQ,,,,,RAJPUTANA STAINLESS LTD,129.47,132.49,129.47,131.23,131.25,129.17,,131.2,,,144162,18965169.58,1413,F1,1,,,,,
2026-07-09,2026-07-09,CM,NSE,STK,18962,INE451D01029,RAJRATAN,EQ,,,,,RAJRATAN GLOBAL WIRE LTD,468.1,478.0,460.2,465.75,466.0,464.9,,465.7,,,87020,40772039.95,4301,F1,1,,,,,
2026-07-09,2026-07-09,CM,NSE,STK,6913,INE760W01023,RPPL,EQ,,,,,RAJSHREE POLYPACK LTD,21.01,21.88,21.01,21.6,21.76,21.09,,21.6,,,103667,2230600.97,1836,F1,1,,,,,
2026-07-09,2026-07-09,CM,NSE,STK,2809,INE562B01019,RAJSREESUG,EQ,,,,,RAJSHREE SUGAR & CHEMICAL,30.7,31.67,30.5,31.4,31.22,30.89,,31.39,,,11904,370887.46,118,F1,1,,,,,
2026-07-09,2026-07-09,CM,NSE,STK,2816,INE613A01020,RALLIS,EQ,,,,,RALLIS INDIA LTD,223.11,225.48,222.1,223.43,223.8,223.11,,223.43,,,325734,72925657.18,10866,F1,1,,,,,
2026-07-09,2026-07-09,CM,NSE,STK,10485,INE207E01023,RAMRAT,EQ,,,,,RAM RATNA WIRES LIMITED,414.0,421.0,410.15,412.0,412.4,412.75,,411.95,,,102766,42693381.5,3693,F1,1,,,,,
2026-07-09,2026-07-09,CM,NSE,STK,10568,INE809A01032,RAMAPHO,EQ,,,,,RAMA PHOSPHATES LIMITED,123.47,126.8,123.47,125.22,126.75,123.39,,125.22,,,11286,1412984.49,259,F1,1,,,,,
2026-07-09,2026-07-09,CM,NSE,STK,10304,INE230R01035,RAMASTEEL,BE,,,,,RAMA STEEL TUBES LIMITED,4.42,4.58,4.42,4.55,4.57,4.54,,4.55,,,1258893,5725295.62,3018,F1,1,,,,,
2026-07-09,2026-07-09,CM,NSE,STK,757777,INE14W901010,RTL,SM,,,,,RAMA TELECOM LIMITED,74.55,76.4,74.55,76.4,76.4,76.0,,76.4,,,6000,451000.0,3,F1,2000,,,,,
2026-07-09,2026-07-09,CM,NSE,STK,4587,INE614A01028,RAMCOIND,EQ,,,,,RAMCO INDUSTRIES LIMITED,347.0,375.95,345.0,369.0,371.0,344.35,,369.0,,,1368726,502170256.65,30819,F1,1,,,,,
2026-07-09,2026-07-09,CM,NSE,STK,7851,INE246B01019,RAMCOSYS,EQ,,,,,RAMCO SYSTEMS LTD.,874.0,890.0,823.65,837.35,835.5,856.45,,837.25,,,1563756,1347034340.8,41870,F1,1,,,,,
2026-07-09,2026-07-09,CM,NSE,STK,23568,INE0RJH01010,RBS,ST,,,,,RAMDEVBABA SOLVENT LTD,74.55,78.2,73.0,78.0,78.0,74.5,,78.0,,,40000,3047520.0,39,F1,800,,,,,
2026-07-09,2026-07-09,CM,NSE,STK,11411,INE399G01023,RKFORGE,EQ,,,,,RAMKRISHNA FORGINGS LTD,564.3,570.5,558.85,560.7,560.0,565.0,,560.7,,,417757,235364252.55,13676,F1,1,,,,,
2026-07-09,2026-07-09,CM,NSE,STK,20134,INE874I01013,RAMKY,EQ,,,,,RAMKY INFRA LTD,395.0,396.15,384.65,387.25,389.25,385.55,,387.15,,,55119,21415157.05,2021,F1,1,,,,,
2026-07-09,2026-07-09,CM,NSE,STK,2837,INE625B01014,RANASUG,EQ,,,,,RANA SUGARS LTD.,11.94,12.27,11.64,11.91,12.02,12.0,,11.91,,,301727,3611392.38,1280,F1,1,,,,,
2026-07-09,2026-07-09,CM,NSE,STK,11975,INE050H01012,RML,EQ,,,,,RANE (MADRAS) LIMITED,1264.3,1323.9,1250.2,1277.3,1285.5,1258.2,,1277.3,,,72922,94287228.4,7821,F1,1,,,,,
2026-07-09,2026-07-09,CM,NSE,STK,2844,INE384A01010,RANEHOLDIN,EQ,,,,,RANE HOLDINGS LIMITED,1745.8,1789.9,1728.1,1775.1,1784.0,1728.4,,1775.1,,,41574,72724533.4,2584,F1,1,,,,,
2026-07-09,2026-07-09,CM,NSE,STK,25610,INE0MVO01012,RAPPID,SM,,,,,RAPPID VALVES (INDIA) LTD,266.8,266.8,266.8,266.8,266.8,260.0,,266.8,,,600,160080.0,1,F1,600,,,,,
2026-07-09,2026-07-09,CM,NSE,STK,22670,INE0J1F01024,RPTECH,EQ,,,,,RASHI PERIPHERALS LIMITED,740.9,785.4,740.9,779.25,782.0,740.45,,779.25,,,1142272,886749247.95,25167,F1,1,,,,,
2026-07-09,2026-07-09,CM,NSE,STK,2866,INE027A01015,RCF,EQ,,,,,RASHTRIYA CHEMICALS & FER,130.45,132.83,129.67,131.59,131.0,130.21,,131.6,,,1378263,181430947.93,12879,F1,1,,,,,
2026-07-09,2026-07-09,CM,NSE,STK,7177,INE0CLI01024,RATEGAIN,EQ,,,,,RATEGAIN TRAVEL TECHN LTD,921.95,962.25,918.55,941.75,939.95,916.85,,941.75,,,499009,472575046.95,22253,F1,1,,,,,
2026-07-09,2026-07-09,CM,NSE,STK,13451,INE703B01027,RATNAMANI,EQ,,,,,RATNAMANI MET & TUB LTD.,2590.5,2645.1,2565.3,2633.9,2633.6,2590.5,,2633.8,,,12273,32246187.8,3866,F1,1,,,,,
2026-07-09,2026-07-09,CM,NSE,STK,18423,INE05CZ01011,RATNAVEER,EQ,,,,,RATNAVEER PRECISION ENG L,181.64,189.0,179.11,180.26,180.9,180.69,,180.21,,,1331409,244605686.5,15391,F1,1,,,,,
2026-07-09,2026-07-09,CM,NSE,STK,27297,INE834M01019,RTNINDIA,EQ,,,,,RATTANINDIA ENT LIMITED,32.14,32.95,32.04,32.79,32.93,31.98,,32.79,,,1073402,35091474.74,5011,F1,1,,,,,
2026-07-09,2026-07-09,CM,NSE,STK,17520,INE399K01017,RTNPOWER,EQ,,,,,RATTANINDIA POWER LIMITED,8.85,8.92,8.8,8.82,8.83,8.79,,8.82,,,8751713,77426584.55,8976,F1,1,,,,,
2026-07-09,2026-07-09,CM,NSE,STK,20950,INE722J01012,RKDL,EQ,,,,,RAVI KUMAR DIST. LTD.,19.12,19.15,18.76,18.85,18.85,18.94,,18.86,,,2208,41990.93,46,F1,1,,,,,
2026-07-09,2026-07-09,CM,NSE,STK,1565,INE09E501017,RVHL,EQ,,,,,RAVINDER HEIGHTS LIMITED,45.54,45.92,44.51,45.05,45.0,44.87,,45.05,,,7824,353039.69,293,F1,1,,,,,
2026-07-09,2026-07-09,CM,NSE,STK,24596,INE206N01018,RELTD,EQ,,,,,RAVINDRA ENERGY LIMITED,181.2,196.45,175.59,179.01,177.8,179.84,,179.02,,,3822954,717682053.35,47472,F1,1,,,,,
2026-07-09,2026-07-09,CM,NSE,STK,25073,INE02ID01020,RAYMONDLSL,EQ,,,,,RAYMOND LIFESTYLE LIMITED,739.9,752.0,735.7,742.3,743.9,734.5,,742.25,,,78860,58748319.05,4579,F1,1,,,,,
2026-07-09,2026-07-09,CM,NSE,STK,2859,INE301A01014,RAYMOND,EQ,,,,,RAYMOND LTD,595.8,640.0,595.0,620.55,624.0,595.55,,620.6,,,1366554,855607777.45,31534,F1,1,,,,,
2026-07-09,2026-07-09,CM,NSE,STK,758551,INE1SY401010,RAYMONDREL,EQ,,,,,RAYMOND REALTY LIMITED,676.0,707.0,671.35,699.75,701.0,665.65,,699.75,,,949739,661035355.5,24835,F1,1,,,,,
2026-07-09,2026-07-09,CM,NSE,STK,18391,INE976G01028,RBLBANK,EQ,,,,,RBL BANK LIMITED,360.0,366.85,360.0,362.8,362.95,359.8,,362.8,,,3041752,1107501941.3,42067,F1,1,,,,,
2026-07-09,2026-07-09,CM,NSE,STK,13570,INE0NA301016,RBMINFRA,SM,,,,,RBM INFRACON LIMITED,287.0,297.0,270.1,273.8,272.05,284.6,,273.8,,,39400,11089280.0,175,F1,200,,,,,
2026-07-09,2026-07-09,CM,NSE,STK,20874,INE0PEQ01016,RBZJEWEL,EQ,,,,,RBZ JEWELLERS LIMITED,143.75,159.69,143.75,153.71,154.7,143.89,,153.71,,,907807,140990870.39,12771,F1,1,,,,,
2026-07-09,2026-07-09,CM,NSE,STK,29561,INE10QL01011,READYMIX,SM,,,,,READYMIX CONSTRU MACHI L,109.0,109.0,99.05,104.0,104.0,99.15,,104.0,,,8000,822950.0,8,F1,1000,,,,,
2026-07-09,2026-07-09,CM,NSE,STK,15355,INE020B01018,RECLTD,EQ,,,,,REC LIMITED,349.1,353.95,345.7,352.0,352.9,348.75,,352.0,,,5543794,1941292518.65,52396,F1,1,,,,,
2026-07-09,2026-07-09,CM,NSE,STK,14255,INE891D01026,REDINGTON,EQ,,,,,REDINGTON LIMITED,270.95,277.3,268.45,274.75,274.8,268.6,,274.75,,,1558101,427055845.45,25671,F1,1,,,,,
2026-07-09,2026-07-09,CM,NSE,STK,17859,INE0LXT01019,REDTAPE,EQ,,,,,REDTAPE LIMITED,133.1,137.49,131.0,134.33,134.8,133.11,,134.33,,,242573,32863520.4,4611,F1,1,,,,,
2026-07-09,2026-07-09,CM,NSE,STK,17764,INE056I01025,REFEX,EQ,,,,,REFEX INDUSTRIES LIMITED,335.0,354.0,335.0,349.7,349.0,334.6,,349.7,,,712735,248578464.9,14335,F1,1,,,,,
2026-07-09,2026-07-09,CM,NSE,STK,23718,INE0TNX01015,REFRACTORY,SM,,,,,REFRACTORY SHAPES LIMITED,28.7,28.7,28.3,28.3,28.3,27.6,,28.3,,,3000,85350.0,3,F1,1000,,,,,
2026-07-09,2026-07-09,CM,NSE,STK,758682,INE0MHO01029,REGAAL,BE,,,,,REGAAL RESOURCES LIMITED,80.61,83.9,80.61,81.77,81.9,81.87,,81.77,,,49344,4064202.15,343,F1,1,,,,,
2026-07-09,2026-07-09,CM,NSE,STK,4130,INE277C01012,REGENCERAM,EQ,,,,,REGENCY CERAMICS LTD.,39.18,40.6,39.18,39.9,39.9,39.18,,39.9,,,450,17956.14,9,F1,1,,,,,
2026-07-09,2026-07-09,CM,NSE,STK,24225,INE131B01039,RELAXO,EQ,,,,,RELAXO FOOT LTD.,384.75,398.45,380.65,386.85,388.5,384.8,,386.8,,,181912,71194090.85,8156,F1,1,,,,,
2026-07-09,2026-07-09,CM,NSE,STK,3172,INF204KC1030,GILT5YBEES,EQ,,,,,RELCAPAMC - NETFGILT5Y,65.66,66.14,65.43,65.79,65.88,65.77,,65.79,,,3332422,218741194.22,1192,F1,1,,,,,
2026-07-09,2026-07-09,CM,NSE,STK,24378,INE375Y01018,RELIABLE,EQ,,,,,RELIABLE DATA SERVICE LTD,149.0,149.0,143.23,145.24,143.23,143.48,,145.24,,,7744,1121614.04,172,F1,1,,,,,
2026-07-09,2026-07-09,CM,NSE,STK,9652,INE750D01016,RELCHEMQ,EQ,,,,,RELIANCE CHEMOTEX IND LTD,130.83,134.95,128.0,131.81,131.56,130.83,,132.02,,,3862,512467.27,79,F1,1,,,,,
2026-07-09,2026-07-09,CM,NSE,STK,13188,INE330H01018,RCOM,BE,,,,,RELIANCE COMMUNICATIONS L,0.87,0.89,0.87,0.88,0.88,0.87,,0.88,,,2296631,2025326.49,1358,F1,1,,,,,
2026-07-09,2026-07-09,CM,NSE,STK,759204,INE217K01011,RHFL,BZ,,,,,RELIANCE HOME FINANCE LTD,2.08,2.1,2.05,2.06,2.06,2.09,,2.06,,,511062,1055287.87,627,F1,1,,,,,
2026-07-09,2026-07-09,CM,NSE,STK,2912,INE046A01015,RIIL,EQ,,,,,RELIANCE INDUSTRIAL INFRA,786.0,799.0,783.55,792.0,790.0,782.25,,792.0,,,46007,36492882.0,2236,F1,1,,,,,
2026-07-09,2026-07-09,CM,NSE,STK,2885,INE002A01018,RELIANCE,EQ,,,,,RELIANCE INDUSTRIES LTD,1277.1,1296.5,1274.2,1279.8,1280.9,1275.9,,1279.8,,,14651963,18850219782.4,279312,F1,1,,,,,
2026-07-09,2026-07-09,CM,NSE,STK,15259,INE614G01033,RPOWER,EQ,,,,,RELIANCE POWER LTD.,24.4,25.05,24.3,24.79,24.85,24.63,,24.79,,,25149964,623689931.29,35073,F1,1,,,,,
2026-07-09,2026-07-09,CM,NSE,STK,15068,INE621H01010,RELIGARE,EQ,,,,,RELIGARE ENTER. LTD.,265.0,278.8,265.0,271.5,273.15,266.1,,271.5,,,1357741,372520979.35,25660,F1,1,,,,,
2026-07-09,2026-07-09,CM,NSE,STK,3965,INE474C01023,REMSONSIND,EQ,,,,,REMSONS INDUSTRIES LTD,83.79,85.74,82.5,83.22,82.52,84.22,,83.2,,,64112,5382082.57,1484,F1,1,,,,,
2026-07-09,2026-07-09,CM,NSE,STK,16154,INE0O5T01011,REMUS,SM,,,,,REMUS PHARMACEUTICALS L,762.0,762.05,744.0,747.75,749.8,758.8,,747.75,,,5600,4240015.0,45,F1,100,,,,,
2026-07-09,2026-07-09,CM,NSE,STK,15129,INE722H01024,RGL,EQ,,,,,RENAISSANCE GLOBAL LTD,115.85,122.48,115.85,120.53,121.0,115.53,,120.53,,,733677,88700368.59,7054,F1,1,,,,,
2026-07-09,2026-07-09,CM,NSE,STK,758157,INE0VZX01015,RNPL,SM,,,,,RENOL POLYCHEM LIMITED,84.5,84.5,84.5,84.5,84.5,80.95,,84.5,,,1200,101400.0,1,F1,1200,,,,,
2026-07-09,2026-07-09,CM,NSE,STK,29598,INE612J01015,REPCOHOME,EQ,,,,,REPCO HOME FINANCE LTD,412.95,416.0,405.55,408.1,408.25,406.2,,408.15,,,87567,35946565.95,3408,F1,1,,,,,
2026-07-09,2026-07-09,CM,NSE,STK,13126,INE461B01014,REPRO,EQ,,,,,REPRO INDIA LIMITED,369.9,372.75,361.1,362.95,362.45,364.45,,362.95,,,5990,2178903.85,328,F1,1,,,,,
2026-07-09,2026-07-09,CM,NSE,STK,20323,INE688D01026,RESPONIND,EQ,,,,,RESPONSIVE INDUSTRIES LTD,204.2,210.5,183.32,190.32,191.4,203.06,,190.32,,,2875963,554826180.27,36349,F1,1,,,,,
2026-07-09,2026-07-09,CM,NSE,STK,1494,INE07T201019,RBA,EQ,,,,,RESTAURANT BRAND ASIA LTD,73.0,75.23,72.61,74.47,74.54,72.39,,74.47,,,2303768,171160079.95,12933,F1,1,,,,,
2026-07-09,2026-07-09,CM,NSE,STK,25157,INE0DAB01012,RVTH,EQ,,,,,REVATHI EQUIPMENT INDIA L,720.1,758.8,715.0,737.85,722.15,720.0,,737.85,,,678,493371.65,57,F1,1,,,,,
2026-07-09,2026-07-09,CM,NSE,STK,29270,INE113601012,REXPRO,SM,,,,,REXPRO ENTERPRISES LTD,38.3,38.3,38.3,38.3,38.3,38.25,,38.3,,,1000,38300.0,1,F1,1000,,,,,
2026-07-09,2026-07-09,CM,NSE,STK,763465,INE0V2V01015,RFBL,SM,,,,,RFBL FLEXI PACK LIMITED,98.0,101.0,97.05,99.1,99.0,97.15,,99.1,,,57000,5635800.0,19,F1,3000,,,,,
2026-07-09,2026-07-09,CM,NSE,STK,759062,INE0KKN01029,RHETAN,EQ,,,,,RHETAN TMT LIMITED,26.5,27.5,26.45,26.73,26.92,26.67,,26.74,,,6034192,161896507.69,5113,F1,1,,,,,
2026-07-09,2026-07-09,CM,NSE,STK,31163,INE743M01012,RHIM,EQ,,,,,RHI MAGNESITA INDIA LTD,395.0,406.5,390.65,402.55,404.0,390.35,,402.55,,,1381239,552009380.55,28327,F1,1,,,,,
2026-07-09,2026-07-09,CM,NSE,STK,2909,INE209B01025,RICOAUTO,EQ,,,,,RICO AUTO INDUSTRIES LTD,129.9,132.17,127.59,130.02,130.5,128.61,,130.02,,,738252,96332384.43,6785,F1,1,,,,,
2026-07-09,2026-07-09,CM,NSE,STK,18417,INE0N2P01017,RISHABH,EQ,,,,,RISHABH INSTRUMENTS LTD,654.05,673.6,646.0,652.6,656.55,650.8,,652.55,,,412642,270095012.3,14692,F1,1,,,,,
2026-07-09,2026-07-09,CM,NSE,STK,8944,INE01EG01016,RITCO,EQ,,,,,RITCO LOGISTICS LIMITED,257.1,264.0,252.0,256.0,259.0,257.7,,256.0,,,56209,14458651.55,1519,F1,1,,,,,
2026-07-09,2026-07-09,CM,NSE,STK,3761,INE320J01015,RITES,EQ,,,,,RITES LIMITED,223.0,225.89,219.6,222.75,222.5,223.13,,222.76,,,2406507,536965810.3,25657,F1,1,,,,,
2026-07-09,2026-07-09,CM,NSE,STK,1547,INE786W01010,RKEC,EQ,,,,,RKEC PROJECTS LIMITED,27.85,27.99,26.12,27.34,26.81,26.75,,27.34,,,25933,701432.67,338,F1,1,,,,,
2026-07-09,2026-07-09,CM,NSE,STK,762346,INE655V01019,RMC,EQ,,,,,RMC SWITCHGEARS LIMITED,296.1,324.0,296.1,305.75,304.25,294.0,,305.9,,,67559,20806273.2,2623,F1,1,,,,,
2026-07-09,2026-07-09,CM,NSE,STK,24589,INE0SA001017,RNFI,SM,,,,,RNFI SERVICES LIMITED,255.0,257.95,245.15,247.35,247.0,250.0,,247.35,,,21000,5254260.0,31,F1,600,,,,,
2026-07-09,2026-07-09,CM,NSE,STK,15157,INE508K01013,RHL,EQ,,,,,ROBUST HOTELS LIMITED,179.9,180.8,176.07,179.64,179.9,176.98,,179.57,,,9203,1655334.56,50,F1,1,,,,,
2026-07-09,2026-07-09,CM,NSE,STK,20289,INE0PTR01012,ROCKINGDCE,SM,,,,,ROCKINGDEALS CIRCU ECO L,180.9,182.0,180.5,180.6,182.0,180.8,,180.6,,,9250,1671662.5,6,F1,250,,,,,
2026-07-09,2026-07-09,CM,NSE,STK,5279,INE645S01024,ROLEXRINGS,EQ,,,,,ROLEX RINGS LIMITED,138.1,143.99,138.1,142.83,143.0,137.92,,142.83,,,1089567,154946737.47,9557,F1,1,,,,,
2026-07-09,2026-07-09,CM,NSE,STK,19108,INE927A01040,ROLLT,BE,,,,,ROLLATAINERS LIMITED,2.57,2.57,2.45,2.45,2.45,2.57,,2.42,,,280776,691117.13,188,F1,1,,,,,
2026-07-09,2026-07-09,CM,NSE,STK,19410,INE02A801020,ROSSARI,EQ,,,,,ROSSARI BIOTECH LIMITED,509.45,523.7,505.05,518.85,518.35,504.9,,518.75,,,49711,25685629.95,2868,F1,1,,,,,
2026-07-09,2026-07-09,CM,NSE,STK,28913,INE847C01020,ROSSELLIND,EQ,,,,,ROSSELL INDIA LIMITED,55.55,58.2,55.55,56.79,56.5,56.25,,56.79,,,22591,1287530.87,407,F1,1,,,,,
2026-07-09,2026-07-09,CM,NSE,STK,27353,INE0OJW01016,ROSSTECH,EQ,,,,,ROSSELL TECHSYS LIMITED,977.15,1021.9,973.55,1010.75,1015.0,964.9,,1010.65,,,193834,194545597.85,11979,F1,1,,,,,
2026-07-09,2026-07-09,CM,NSE,STK,9049,INE535D01037,ROTO,EQ,,,,,ROTO PUMPS LIMITED,68.35,69.98,68.35,69.3,69.5,68.44,,69.3,,,552609,38309740.49,3728,F1,1,,,,,
2026-07-09,2026-07-09,CM,NSE,STK,128,INE450U01017,ROUTE,EQ,,,,,ROUTE MOBILE LIMITED,535.75,542.7,532.5,537.9,538.25,533.55,,537.9,,,104400,56213973.3,5362,F1,1,,,,,
2026-07-09,2026-07-09,CM,NSE,STK,20170,INE0PDJ01013,ROXHITECH,ST,,,,,ROX HI TECH LIMITED,37.2,38.0,37.2,37.35,37.35,38.95,,37.35,,,14400,539120.0,9,F1,1600,,,,,
2026-07-09,2026-07-09,CM,NSE,STK,29727,INE0EO401019,ROYALARC,SM,,,,,ROYAL ARC ELECTRODES LTD,147.0,147.0,147.0,147.0,147.0,146.05,,147.0,,,1200,176400.0,1,F1,1200,,,,,
2026-07-09,2026-07-09,CM,NSE,STK,13182,INE283H01019,ROHLTD,EQ,,,,,ROYAL ORCHID HOTELS LTD,326.8,327.95,320.05,323.9,325.75,319.3,,323.75,,,25757,8346264.9,814,F1,1,,,,,
2026-07-09,2026-07-09,CM,NSE,STK,16725,INE105J01010,RPGLIFE,EQ,,,,,RPG LIFE SCIENCES LTD,2422.0,2675.0,2366.8,2656.8,2665.6,2452.3,,2656.8,,,86110,222874104.3,9056,F1,1,,,,,
2026-07-09,2026-07-09,CM,NSE,STK,8119,INE425Y01011,RPSGVENT,EQ,,,,,RPSG VENTURES LIMITED,916.0,934.8,890.0,900.5,900.0,915.25,,900.5,,,28518,25843249.35,2029,F1,1,,,,,
2026-07-09,2026-07-09,CM,NSE,STK,7292,INE611A01016,RSWM,BE,,,,,RSWM LIMITED,189.59,196.55,185.0,194.31,195.0,189.59,,194.3,,,28579,5522061.54,228,F1,1,,,,,
2026-07-09,2026-07-09,CM,NSE,STK,24730,INE642C01025,RUBFILA,EQ,,,,,RUBFILA INTERNATIONAL LTD,73.27,79.0,73.25,77.44,78.0,73.07,,77.46,,,52708,4027888.8,689,F1,1,,,,,
2026-07-09,2026-07-09,CM,NSE,STK,759316,INE506V01022,RUBICON,EQ,,,,,RUBICON RESEARCH LIMITED,1395.0,1421.2,1382.1,1407.2,1408.0,1386.3,,1407.2,,,185413,260257166.7,12037,F1,1,,,,,
2026-07-09,2026-07-09,CM,NSE,STK,4566,INE413B01023,RUCHINFRA,EQ,,,,,RUCHI INFRASTRUCTURE LTD,5.99,5.99,5.66,5.78,5.78,5.88,,5.78,,,106241,615196.67,407,F1,1,,,,,
2026-07-09,2026-07-09,CM,NSE,STK,13821,INE803H01014,RUCHIRA,EQ,,,,,RUCHIRA PAPERS LIMITED,103.8,104.1,103.0,103.27,103.25,102.36,,103.27,,,16492,1706041.6,352,F1,1,,,,,
2026-07-09,2026-07-09,CM,NSE,STK,760401,INE027T01023,RUDRA,BE,,,,,RUDRA GLOBAL INFRA PROD L,17.37,17.37,17.1,17.17,17.14,17.19,,17.13,,,11345,194973.71,28,F1,1,,,,,
2026-07-09,2026-07-09,CM,NSE,STK,1486,INE364Z01019,REPL,BE,,,,,RUDRABHISHEK ENTERP LTD,65.73,65.74,64.03,65.47,65.7,64.5,,65.47,,,3067,198746.68,42,F1,1,,,,,
2026-07-09,2026-07-09,CM,NSE,STK,23830,INE0R7301013,RULKA,SM,,,,,RULKA ELECTRICALS LIMITED,93.9,97.75,93.9,97.75,97.75,93.85,,97.75,,,600,57495.0,2,F1,300,,,,,
2026-07-09,2026-07-09,CM,NSE,STK,25724,INE895B01021,RUPA,EQ,,,,,RUPA & COMPANY LTD,163.29,167.5,162.44,165.58,165.51,162.44,,165.58,,,224285,37106538.93,3444,F1,1,,,,,
2026-07-09,2026-07-09,CM,NSE,STK,24595,INE573K01025,RUSHIL,EQ,,,,,RUSHIL DECOR LIMITED,15.81,16.3,15.8,16.1,16.03,15.74,,16.1,,,352562,5674742.76,984,F1,1,,,,,
2026-07-09,2026-07-09,CM,NSE,STK,24674,INE0BSN01013,SATECH,SM,,,,,S A TECH SOFTWARE INDIA L,35.0,35.0,32.4,33.85,33.85,34.1,,33.85,,,20000,662150.0,20,F1,1000,,,,,
2026-07-09,2026-07-09,CM,NSE,STK,20698,INE807K01035,SCHAND,EQ,,,,,S CHAND AND COMPANY LTD,148.98,149.94,147.03,148.35,148.0,147.3,,148.35,,,14381,2137528.67,1496,F1,1,,,,,
2026-07-09,2026-07-09,CM,NSE,STK,11212,INE500L01026,SHK,EQ,,,,,S H KELKAR AND CO. LTD.,130.93,133.39,128.5,130.28,130.35,129.0,,130.28,,,592358,77535780.99,9442,F1,1,,,,,
2026-07-09,2026-07-09,CM,NSE,STK,20542,INE0F3301020,SJLOGISTIC,SM,,,,,S J LOGISTICS (INDIA) LTD,335.15,342.0,335.15,339.2,339.05,331.0,,339.2,,,40500,13755300.0,37,F1,250,,,,,
2026-07-09,2026-07-09,CM,NSE,STK,2951,INE902B01017,S&SPOWER,EQ,,,,,S&S POWER SWITCHGEARS LTD,364.0,369.4,351.0,360.95,351.0,358.45,,360.15,,,580,209636.4,31,F1,1,,,,,
2026-07-09,2026-07-09,CM,NSE,STK,18252,INE212I01016,SPAL,EQ,,,,,S. P. APPARELS LIMITED,1178.9,1221.9,1172.1,1178.6,1185.0,1161.0,,1178.4,,,166316,198390429.1,12168,F1,1,,,,,
2026-07-09,2026-07-09,CM,NSE,STK,11637,INE658G01014,SALSTEEL,BE,,,,,S.A.L. STEEL LTD.,58.2,59.0,56.75,57.39,57.79,59.28,,57.45,,,76068,4365349.1,349,F1,1,,,,,
2026-07-09,2026-07-09,CM,NSE,STK,19112,INE0PSK01027,SAAKSHI,ST,,,,,SAAKSHI MEDTEC N PANELS L,301.45,301.45,301.45,301.45,301.45,289.6,,301.45,,,1200,361740.0,1,F1,600,,,,,
2026-07-09,2026-07-09,CM,NSE,STK,759057,INE13B501022,SAATVIKGL,EQ,,,,,SAATVIK GREEN ENERGY LTD,421.9,459.8,415.15,455.15,457.0,420.0,,455.15,,,338219,152755745.05,8182,F1,1,,,,,
2026-07-09,2026-07-09,CM,NSE,STK,18501,INE860T01019,SABEVENTS,BE,,,,,SAB EVENTS & GOVERNANCE,9.12,9.12,8.66,8.77,8.7,9.09,,8.77,,,5783,50696.27,18,F1,1,,,,,
2026-07-09,2026-07-09,CM,NSE,STK,10982,INE0DZ101013,SABAR,SM,,,,,SABAR FLEX INDIA LIMITED,4.75,4.75,4.75,4.75,4.75,5.0,,4.75,,,5000,23750.0,1,F1,5000,,,,,
2026-07-09,2026-07-09,CM,NSE,STK,757409,INE1ARD01016,SACHEEROME,SM,,,,,SACHEEROME LIMITED,415.0,427.45,390.0,397.5,391.0,412.2,,397.5,,,37800,15361410.0,107,F1,300,,,,,
2026-07-09,2026-07-09,CM,NSE,STK,13236,INE226H01026,SADBHAV,EQ,,,,,SADBHAV ENGINEERING LTD,8.26,8.39,8.21,8.27,8.3,8.26,,8.28,,,161547,1336603.58,343,F1,1,,,,,
2026-07-09,2026-07-09,CM,NSE,STK,10622,INE764L01010,SADBHIN,BE,,,,,SADBHAV INFRA PROJ LTD.,2.78,2.78,2.71,2.75,2.74,2.74,,2.75,,,39216,108131.83,94,F1,1,,,,,
2026-07-09,2026-07-09,CM,NSE,STK,15349,INE888C01040,SADHNANIQ,BE,,,,,SADHANA NITROCHEM LIMITED,2.73,2.73,2.72,2.72,2.72,2.77,,2.72,,,3537365,9627113.35,448,F1,1,,,,,
2026-07-09,2026-07-09,CM,NSE,STK,22897,INE0K5H01010,SADHAV,SM,,,,,SADHAV SHIPPING LIMITED,110.5,119.1,110.0,118.95,118.5,110.1,,118.95,,,34800,4032780.0,52,F1,600,,,,,
2026-07-09,2026-07-09,CM,NSE,STK,13035,INE429E01023,SAFARI,EQ,,,,,SAFARI IND (INDIA) LTD,1598.0,1644.0,1588.7,1622.6,1610.1,1600.5,,1622.6,,,28530,46458625.8,4415,F1,1,,,,,
2026-07-09,2026-07-09,CM,NSE,STK,757583,INE17D601016,SAFEENTP,SM,,,,,SAFE ENTER RETAIL FIX LTD,282.7,289.85,281.2,282.55,281.5,282.7,,282.55,,,28500,8113800.0,51,F1,500,,,,,
2026-07-09,2026-07-09,CM,NSE,STK,14068,INE229C01021,SAGCEM,EQ,,,,,SAGAR CEMENTS LIMITED,172.45,184.9,169.1,179.19,180.0,173.75,,179.19,,,269925,47814406.52,6060,F1,1,,,,,
2026-07-09,2026-07-09,CM,NSE,STK,8175,INE976T01013,SAGARDEEP,EQ,,,,,SAGARDEEP ALLOYS LIMITED,24.41,25.18,24.3,24.5,24.5,24.41,,24.5,,,1625,40120.77,38,F1,1,,,,,
2026-07-09,2026-07-09,CM,NSE,STK,27052,INE0W2G01015,SAGILITY,EQ,,,,,SAGILITY LIMITED,40.38,41.97,40.07,40.76,40.73,40.38,,40.76,,,29667213,1217567691.07,58606,F1,1,,,,,
2026-07-09,2026-07-09,CM,NSE,STK,24478,INE0P4701011,SAHAJSOLAR,SM,,,,,SAHAJ SOLAR LIMITED,121.0,121.0,118.0,119.55,118.0,120.85,,119.55,,,18800,2256140.0,33,F1,400,,,,,
2026-07-09,2026-07-09,CM,NSE,STK,16711,INE0LEX01011,SAHANA,SM,,,,,SAHANA SYSTEM LIMITED,836.6,863.95,828.25,838.55,832.05,836.6,,838.55,,,15875,13360643.75,94,F1,125,,,,,
2026-07-09,2026-07-09,CM,NSE,STK,25671,INE0RBQ01018,SAHASRA,ST,,,,,SAHASRA ELECTRONIC SOLU L,304.0,305.0,299.0,299.0,299.0,304.0,,299.0,,,13200,3981560.0,32,F1,400,,,,,
2026-07-09,2026-07-09,CM,NSE,STK,14900,INE280H01015,SAHYADRI,EQ,,,,,SAHYADRI INDUSTRIES LTD,281.9,281.9,274.35,278.25,279.0,273.25,,278.2,,,1902,528420.65,52,F1,1,,,,,
2026-07-09,2026-07-09,CM,NSE,STK,27839,INE570L01029,SAILIFE,EQ,,,,,SAI LIFE SCIENCES LIMITED,1209.0,1243.0,1200.0,1234.4,1230.0,1208.3,,1234.5,,,219789,271206673.4,21995,F1,1,,,,,
2026-07-09,2026-07-09,CM,NSE,STK,761675,INE0H9F01037,SAIPARENT,EQ,,,,,SAI PARENTERALS LIMITED,585.0,600.7,578.75,596.1,594.1,586.5,,596.1,,,179400,106161213.6,8184,F1,1,,,,,
2026-07-09,2026-07-09,CM,NSE,STK,18755,INE438K01021,KALAMANDIR,EQ,,,,,SAI SILKS (KALAMANDIR) L,100.25,102.7,99.75,100.04,99.95,100.04,,100.04,,,493885,49911409.18,6742,F1,1,,,,,
2026-07-09,2026-07-09,CM,NSE,STK,25712,INE00MT01022,SAJHOTELS,SM,,,,,SAJ HOTELS LIMITED,27.9,27.9,24.8,26.55,26.45,28.4,,26.55,,,416000,10854000.0,116,F1,2000,,,,,
2026-07-09,2026-07-09,CM,NSE,STK,9539,INE732S01012,SAKAR,EQ,,,,,SAKAR HEALTHCARE LIMITED,804.3,835.0,794.0,800.35,807.0,800.15,,800.35,,,87787,71295102.15,5233,F1,1,,,,,
2026-07-09,2026-07-09,CM,NSE,STK,11794,INE667G01023,SAKSOFT,EQ,,,,,SAKSOFT LIMITED,172.0,173.9,167.2,169.03,170.4,167.31,,169.0,,,2719202,464074545.14,20122,F1,1,,,,,
2026-07-09,2026-07-09,CM,NSE,STK,2969,INE623A01011,SAKHTISUG,EQ,,,,,SAKTHI SUGARS LTD,16.55,16.72,16.5,16.62,16.63,16.46,,16.64,,,59054,980018.43,291,F1,1,,,,,
2026-07-09,2026-07-09,CM,NSE,STK,13255,INE190H01024,SAKUMA,BE,,,,,SAKUMA EXPORTS LIMITED,1.71,1.74,1.67,1.7,1.72,1.69,,1.7,,,652377,1110997.63,754,F1,1,,,,,
2026-07-09,2026-07-09,CM,NSE,STK,21362,INE170V01027,SALASAR,EQ,,,,,SALASAR TECHNO ENGG. LTD.,6.06,6.18,6.03,6.11,6.14,6.0,,6.11,,,2697467,16458889.99,2989,F1,1,,,,,
2026-07-09,2026-07-09,CM,NSE,STK,17351,INE498E01010,SALONA,EQ,,,,,SALONA COTSPIN LTD.,255.1,259.75,252.15,257.5,259.6,257.45,,258.05,,,90,23255.2,12,F1,1,,,,,
2026-07-09,2026-07-09,CM,NSE,STK,11399,INE457F01013,SALZERELEC,EQ,,,,,SALZER ELECTRONICS LTD,597.8,621.5,597.8,606.05,606.95,597.5,,606.05,,,60749,37084110.0,2392,F1,1,,,,,
2026-07-09,2026-07-09,CM,NSE,STK,756851,INE124101010,SAMAY,ST,,,,,SAMAY PROJECT SERVICES L,47.5,47.6,47.5,47.5,47.5,50.0,,47.5,,,32000,1520400.0,8,F1,4000,,,,,
2026-07-09,2026-07-09,CM,NSE,STK,4127,INE699B01027,SAMBHAAV,EQ,,,,,SAMBHAAV MEDIA LTD,6.44,6.8,6.35,6.62,6.63,6.2,,6.62,,,79988,533230.94,185,F1,1,,,,,
2026-07-09,2026-07-09,CM,NSE,STK,757767,INE12NJ01018,SAMBHV,EQ,,,,,SAMBHV STEEL TUBES LTD,115.52,120.0,115.0,119.19,118.99,114.38,,119.19,,,2260206,266486359.24,12371,F1,1,,,,,
2026-07-09,2026-07-09,CM,NSE,STK,21096,INE0PZA01015,SAIFL,SM,,,,,SAMEERA AGRO AND INFRA L,5.2,5.25,5.05,5.15,5.05,5.2,,5.15,,,432000,2221600.0,69,F1,4000,,,,,
2026-07-09,2026-07-09,CM,NSE,STK,18614,INE08U801020,SAMHI,EQ,,,,,SAMHI HOTELS LIMITED,168.46,173.47,168.46,172.69,172.95,167.77,,172.69,,,444105,76333482.19,10070,F1,1,,,,,
2026-07-09,2026-07-09,CM,NSE,STK,30125,INE148I01020,SAMMAANCAP,EQ,,,,,SAMMAAN CAPITAL LIMITED,164.0,166.3,160.1,161.03,161.9,163.14,,161.03,,,13627651,2225642401.41,44790,F1,1,,,,,
2026-07-09,2026-07-09,CM,NSE,STK,27303,INE735M01018,SAMPANN,EQ,,,,,SAMPANN UTPADAN INDIA LTD,27.93,28.04,27.63,27.91,28.0,27.37,,27.91,,,10432,291118.09,112,F1,1,,,,,
2026-07-09,2026-07-09,CM,NSE,STK,4204,INE775A01035,MOTHERSON,EQ,,,,,SAMVRDHNA MTHRSN INTL LTD,140.21,144.15,140.0,142.8,142.69,140.65,,142.8,,,10227076,1459188276.3,42661,F1,1,,,,,
2026-07-09,2026-07-09,CM,NSE,STK,28805,INE0JPD01013,SANATHAN,EQ,,,,,SANATHAN TEXTILES LIMITED,450.1,458.0,445.05,448.75,446.55,443.5,,448.7,,,24267,10938436.95,869,F1,1,,,,,
2026-07-09,2026-07-09,CM,NSE,STK,2988,INE583B01015,SANDESH,EQ,,,,,SANDESH LTD,990.0,991.0,976.0,977.5,976.0,975.0,,977.5,,,165,161628.25,31,F1,1,,,,,
2026-07-09,2026-07-09,CM,NSE,STK,2397,INE278H01035,SANDHAR,EQ,,,,,SANDHAR TECHNOLOGIES LTD,670.4,680.4,662.55,665.95,663.3,665.4,,666.0,,,106688,71683860.85,6540,F1,1,,,,,
2026-07-09,2026-07-09,CM,NSE,STK,18359,INE149K01016,SANDUMA,EQ,,,,,SANDUR MANG & IRON ORES L,201.7,206.4,201.0,203.46,204.26,199.91,,203.46,,,521256,106538549.79,8634,F1,1,,,,,
2026-07-09,2026-07-09,CM,NSE,STK,4184,INE495C01010,SANGAMIND,EQ,,,,,SANGAM (INDIA) LTD,549.0,564.95,549.0,559.8,560.5,548.65,,559.8,,,33067,18510117.5,1801,F1,1,,,,,
2026-07-09,2026-07-09,CM,NSE,STK,14058,INE989A01032,SANGHVIMOV,EQ,,,,,SANGHVI MOVERS LTD,444.95,473.0,443.55,464.2,467.0,441.25,,464.2,,,626577,291311186.6,16361,F1,1,,,,,
2026-07-09,2026-07-09,CM,NSE,STK,11033,INE753W01010,SANGINITA,BE,,,,,SANGINITA CHEMICALS LTD,49.61,49.61,49.61,49.61,49.61,48.64,,49.61,,,209234,10380098.74,251,F1,1,,,,,
2026-07-09,2026-07-09,CM,NSE,STK,25222,INE0UOS01011,SANOFICONR,EQ,,,,,SANOFI CONS HEALTHC IND L,4530.9,4593.9,4500.3,4506.4,4508.0,4539.3,,4506.4,,,3949,17889259.2,1084,F1,1,,,,,
2026-07-09,2026-07-09,CM,NSE,STK,1442,INE058A01010,SANOFI,EQ,,,,,SANOFI INDIA LIMITED,3399.0,3420.9,3345.5,3356.0,3349.0,3381.6,,3356.0,,,20484,69241726.5,7162,F1,1,,,,,
2026-07-09,2026-07-09,CM,NSE,STK,5751,INE953O01021,SANSERA,EQ,,,,,SANSERA ENGINEERING LTD,3124.9,3200.0,3110.7,3142.0,3154.4,3096.7,,3141.9,,,261249,826847233.2,28157,F1,1,,,,,
2026-07-09,2026-07-09,CM,NSE,STK,24582,INE08NE01025,SANSTAR,EQ,,,,,SANSTAR LIMITED,112.4,115.43,111.81,113.36,113.6,111.62,,113.36,,,374038,42571637.4,6115,F1,1,,,,,
2026-07-09,2026-07-09,CM,NSE,STK,46,INE890C01046,SANWARIA,BZ,,,,,SANWARIA CONSUMER LIMITED,0.2,0.2,0.19,0.19,0.2,0.19,,0.19,,,609355,119689.33,133,F1,1,,,,,
2026-07-09,2026-07-09,CM,NSE,STK,6718,INE806T01020,SAPPHIRE,EQ,,,,,SAPPHIRE FOODS INDIA LTD,184.0,184.01,180.01,181.86,182.0,183.58,,181.86,,,339584,61786292.95,9467,F1,1,,,,,
2026-07-09,2026-07-09,CM,NSE,STK,19863,INE0PUC01020,SARTELE,SM,,,,,SAR TELEVENTURE LIMITED,137.0,137.0,131.25,132.7,132.6,133.0,,132.7,,,42500,5671500.0,77,F1,500,,,,,
2026-07-09,2026-07-09,CM,NSE,STK,762985,INE967G01019,ZSARACOM,EQ,,,,,SARASWATI COMM (INDIA) L,14400.0,14400.0,12281.0,12577.5,12949.0,13644.0,,12614.5,,,709,9341673.5,382,F1,1,,,,,
2026-07-09,2026-07-09,CM,NSE,STK,24856,INE0PQ101010,SSDL,EQ,,,,,SARASWATI SAREE DEPOT LTD,55.0,56.39,54.5,55.61,55.58,55.17,,55.61,,,16854,936944.48,326,F1,1,,,,,
2026-07-09,2026-07-09,CM,NSE,STK,17758,INE385C01021,SARDAEN,EQ,,,,,SARDA ENERGY & MIN LTD,493.8,504.85,490.95,495.35,495.0,491.75,,495.35,,,205520,102315935.4,9900,F1,1,,,,,
2026-07-09,2026-07-09,CM,NSE,STK,4892,INE979A01025,SAREGAMA,EQ,,,,,SAREGAMA INDIA LIMITED,450.0,479.9,450.0,476.1,477.0,447.2,,476.1,,,1342190,636056426.75,33242,F1,1,,,,,
2026-07-09,2026-07-09,CM,NSE,STK,14043,INE453D01025,SARLAPOLY,EQ,,,,,SARLA PERF. FIBERS LTD,101.0,104.4,101.0,102.63,102.85,100.8,,102.62,,,54679,5601317.76,759,F1,1,,,,,
2026-07-09,2026-07-09,CM,NSE,STK,6843,INE017W01010,SMLT,EQ,,,,,SARTHAK METALS LIMITED,68.9,69.65,67.12,67.52,67.5,67.39,,67.52,,,3755,255776.87,96,F1,1,,,,,
2026-07-09,2026-07-09,CM,NSE,STK,12950,INE324X01026,SARVESHWAR,BE,,,,,SARVESHWAR FOODS LIMITED,3.6,3.64,3.54,3.55,3.56,3.55,,3.55,,,557275,1991727.22,1058,F1,1,,,,,
2026-07-09,2026-07-09,CM,NSE,STK,11983,INE231F01020,SASKEN,EQ,,,,,SASKEN TECHNOLOGIES LTD,2000.0,2015.9,1940.0,1958.0,1982.0,1976.8,,1958.1,,,24261,47830091.5,3157,F1,1,,,,,
2026-07-09,2026-07-09,CM,NSE,STK,29154,INE0NB801022,SATKARTAR,ST,,,,,SAT KARTAR LIFE LIMITED,140.65,142.1,134.15,135.1,134.15,138.75,,135.1,,,28800,3955800.0,36,F1,800,,,,,
2026-07-09,2026-07-09,CM,NSE,STK,24697,INE0RFP01011,SSEGL,SM,,,,,SATHLOKHAR SYN E&C GLOB L,303.6,323.95,303.6,312.1,311.0,303.5,,312.1,,,40400,12707290.0,158,F1,200,,,,,
2026-07-09,2026-07-09,CM,NSE,STK,11045,INE170E01023,SATIA,EQ,,,,,SATIA INDUSTRIES LIMITED,53.0,54.73,53.0,54.31,54.09,53.67,,54.29,,,38793,2100270.65,500,F1,1,,,,,
2026-07-09,2026-07-09,CM,NSE,STK,10453,INE836B01017,SATIN,EQ,,,,,SATIN CREDIT NET LTD,248.05,256.9,248.05,255.12,254.1,248.85,,255.11,,,408887,103886881.12,6125,F1,1,,,,,
2026-07-09,2026-07-09,CM,NSE,STK,758960,INE14DW01018,SATTVAENGG,SM,,,,,SATTVA ENGINEERING CSTN L,74.95,76.0,74.45,75.8,75.8,71.95,,75.8,,,16000,1204720.0,9,F1,1600,,,,,
2026-07-09,2026-07-09,CM,NSE,STK,3018,INE626A01014,SAURASHCEM,EQ,,,,,SAURASHTRA CEMENT LIMITED,54.01,56.18,53.76,54.98,55.0,53.99,,54.98,,,78568,4298508.46,1351,F1,1,,,,,
2026-07-09,2026-07-09,CM,NSE,STK,3021,INE035D01020,SOTL,EQ,,,,,SAVITA OIL TECHNOLO. LTD,554.5,597.0,551.85,581.8,580.15,551.2,,581.8,,,382574,223793442.4,14455,F1,1,,,,,
2026-07-09,2026-07-09,CM,NSE,STK,757704,INE0UCN01017,SAVY,SM,,,,,SAVY INFRA AND LOGI LTD,126.0,126.5,126.0,126.5,126.5,123.2,,126.5,,,3600,454800.0,3,F1,1200,,,,,
2026-07-09,2026-07-09,CM,NSE,STK,758444,INE10VS01016,SAWALIYA,SM,,,,,SAWALIYA FOOD PRODUCTS L,301.05,318.75,300.0,313.8,318.75,299.0,,313.8,,,110400,33907020.0,135,F1,600,,,,,
2026-07-09,2026-07-09,CM,NSE,STK,762879,INE318C01014,SAYAJIHOTL,EQ,,,,,SAYAJI HOTELS LTD.,313.0,313.0,300.0,300.05,300.05,301.0,,300.05,,,78,23426.05,5,F1,1,,,,,
2026-07-09,2026-07-09,CM,NSE,STK,6792,INE04AK01028,SBC,EQ,,,,,SBC EXPORTS LIMITED,42.19,42.35,42.09,42.11,42.18,42.06,,42.11,,,7229117,304890770.69,3389,F1,1,,,,,
2026-07-09,2026-07-09,CM,NSE,STK,18026,INE423Y01016,SBFC,EQ,,,,,SBFC FINANCE LIMITED,90.8,91.41,90.24,91.03,90.95,90.79,,91.03,,,977908,88955411.99,12563,F1,1,,,,,
2026-07-09,2026-07-09,CM,NSE,STK,17971,INE018E01016,SBICARD,EQ,,,,,SBI CARDS & PAY SER LTD,585.9,591.8,579.9,588.2,588.85,585.1,,588.2,,,1016137,595302953.65,24672,F1,1,,,,,
2026-07-09,2026-07-09,CM,NSE,STK,21808,INE123W01016,SBILIFE,EQ,,,,,SBI LIFE INSURANCE CO LTD,1789.0,1839.0,1784.9,1821.7,1823.0,1789.0,,1821.7,,,868224,1576500504.0,38462,F1,1,,,,,
2026-07-09,2026-07-09,CM,NSE,STK,17272,INF200KA16D8,SETFGOLD,EQ,,,,,SBI-ETF GOLD,121.5,122.35,120.71,122.11,122.1,120.73,,122.11,,,3672195,447284547.76,10501,F1,1,,,,,
2026-07-09,2026-07-09,CM,NSE,STK,10176,INF200KA1FS1,SETFNIF50,EQ,,,,,SBI-ETF NIFTY 50,258.09,259.2,256.65,257.9,258.22,257.1,,257.9,,,510456,131839166.57,5271,F1,1,,,,,
2026-07-09,2026-07-09,CM,NSE,STK,7361,INF200KA1580,SETFNIFBK,EQ,,,,,SBI-ETF NIFTY BANK,585.99,590.65,584.59,587.68,588.65,583.37,,587.68,,,509740,299590932.58,1670,F1,1,,,,,
2026-07-09,2026-07-09,CM,NSE,STK,7353,INF200KA1598,SETFNN50,EQ,,,,,SBI-ETF NIFTY NEXT 50,764.3,767.68,758.0,765.83,767.41,757.95,,765.83,,,44006,33625331.43,954,F1,1,,,,,
2026-07-09,2026-07-09,CM,NSE,STK,19705,INF200KA13Z8,LIQUIDSBI,EQ,,,,,SBIAMC - LIQUIDSBI,1000.0,1000.01,999.99,999.99,1000.01,999.99,,999.99,,,4022,4021969.64,27,F1,1,,,,,
2026-07-09,2026-07-09,CM,NSE,STK,30290,INF200KB1712,SBIBPB,EQ,,,,,SBIAMC - SBIBPB,46.64,47.67,46.5,47.5,47.67,46.63,,47.52,,,65830,3111158.4,544,F1,1,,,,,
2026-07-09,2026-07-09,CM,NSE,STK,5168,INF200KA1X17,SBIETFCON,EQ,,,,,SBIAMC - SBIETFCON,121.48,121.48,120.36,120.39,120.36,119.99,,120.39,,,4873,589392.72,94,F1,1,,,,,
2026-07-09,2026-07-09,CM,NSE,STK,740,INF200KA1S14,SBIETFIT,EQ,,,,,SBIAMC - SBIETFIT,309.92,309.92,299.53,304.71,309.1,306.25,,304.71,,,8609,2606978.06,244,F1,1,,,,,
2026-07-09,2026-07-09,CM,NSE,STK,722,INF200KA1S22,SBIETFPB,EQ,,,,,SBIAMC - SBIETFPB,286.5,289.95,282.44,283.32,289.95,281.39,,283.32,,,42048,11944768.55,143,F1,1,,,,,
2026-07-09,2026-07-09,CM,NSE,STK,7218,INF200KA1WX6,SBIETFQLTY,EQ,,,,,SBIAMC - SBIETFQLTY,216.24,216.65,215.43,216.38,216.26,215.77,,216.38,,,804,173882.93,37,F1,1,,,,,
2026-07-09,2026-07-09,CM,NSE,STK,758496,INF200KB1969,SBILIQETF,EQ,,,,,SBIAMC - SBILIQETF,1046.64,1046.66,1046.64,1046.64,1046.64,1046.51,,1046.64,,,35829,37500695.66,39,F1,1,,,,,
2026-07-09,2026-07-09,CM,NSE,STK,761095,INF200KB1AJ0,SBIMIDMOM,EQ,,,,,SBIAMC - SBIMIDMOM,61.89,62.34,61.71,62.1,61.99,61.38,,62.06,,,12868,798776.37,101,F1,1,,,,,
2026-07-09,2026-07-09,CM,NSE,STK,24524,INF200KB1282,SBINEQWETF,EQ,,,,,SBIAMC - SBINEQWETF,33.66,33.66,32.81,33.02,33.12,32.84,,33.03,,,168655,5574832.39,242,F1,1,,,,,
2026-07-09,2026-07-09,CM,NSE,STK,761741,INF200KB1AK8,SBINMID150,EQ,,,,,SBIAMC - SBINMID150,22.25,22.98,22.25,22.92,22.96,22.62,,22.92,,,5484,125401.04,83,F1,1,,,,,
2026-07-09,2026-07-09,CM,NSE,STK,24366,INF200KB1217,SBISILVER,EQ,,,,,SBIAMC - SBISILVER,214.73,218.88,213.15,218.29,218.63,215.25,,218.29,,,875956,189682985.24,7557,F1,1,,,,,
2026-07-09,2026-07-09,CM,NSE,STK,763543,INF200KB1AY9,SBISMLETF,EQ,,,,,SBIAMC - SBISMLETF,17.88,18.06,17.63,17.91,18.06,17.63,,17.91,,,29889,535127.73,110,F1,1,,,,,
2026-07-09,2026-07-09,CM,NSE,STK,763546,INF200KB1AX1,SBIVALETF,EQ,,,,,SBIAMC - SBIVALETF,14.74,14.81,14.65,14.75,14.77,14.69,,14.75,,,6804,100208.96,51,F1,1,,,,,
2026-07-09,2026-07-09,CM,NSE,STK,17395,INF200KA1JT1,SETF10GILT,EQ,,,,,SBIAMC - SETF10GILT,265.16,266.37,264.21,265.86,265.86,265.16,,265.86,,,1505,399465.63,48,F1,1,,,,,
2026-07-09,2026-07-09,CM,NSE,STK,762884,INE099G01011,SCANSTL,EQ,,,,,SCAN STEELS LTD.,41.0,43.2,40.84,42.71,43.0,39.86,,42.68,,,121380,5149995.31,1351,F1,1,,,,,
2026-07-09,2026-07-09,CM,NSE,STK,1011,INE513A01022,SCHAEFFLER,EQ,,,,,SCHAEFFLER INDIA LIMITED,4116.4,4120.0,4030.0,4046.1,4050.0,4101.2,,4046.1,,,33426,136223314.4,8475,F1,1,,,,,
2026-07-09,2026-07-09,CM,NSE,STK,31234,INE839M01018,SCHNEIDER,EQ,,,,,SCHNEIDER ELECTRIC INFRA,1496.6,1527.0,1474.4,1485.2,1481.0,1496.6,,1485.2,,,265271,397877601.3,28474,F1,1,,,,,
2026-07-09,2026-07-09,CM,NSE,STK,757462,INE148I07XX3,SCL01825,N6,,,,,SCL 0% 2027 SR III,1066.0,1066.0,1066.0,1066.0,1066.0,1066.0,,1066.0,,,4,4264.0,1,F1,1,,,,,
2026-07-09,2026-07-09,CM,NSE,STK,757460,INE148I07XG8,865SCL27,N4,,,,,SCL 8.65% 2027 SR II,1000.0,1000.0,1000.0,1000.0,1000.0,985.0,,1000.0,,,250,250000.0,13,F1,1,,,,,
2026-07-09,2026-07-09,CM,NSE,STK,760284,INE148I07YI2,879SCL30,N0,,,,,SCL 8.7923% 2030 SR I,99054.63,99054.63,99054.63,99054.63,99054.63,98829.88,,99054.63,,,13,1287710.19,1,F1,1,,,,,
2026-07-09,2026-07-09,CM,NSE,STK,30238,INE148I07WU1,902SCL28,N1,,,,,SCL 9.02% SR V,1001.34,1001.34,1001.34,1001.34,1001.34,1000.0,,1001.34,,,50,50067.0,1,F1,1,,,,,
2026-07-09,2026-07-09,CM,NSE,STK,757610,INE148I07XA1,945SCL28,N0,,,,,SCL 9.45% 2028 SR III,100320.47,100320.47,100320.47,100320.47,100320.47,100000.0,,100320.47,,,3,300961.41,1,F1,1,,,,,
2026-07-09,2026-07-09,CM,NSE,STK,30222,INE148I07WI6,990SCL28,N1,,,,,SCL 9.90% SR IV,1030.0,1033.0,1030.0,1030.0,1030.0,1033.0,,1030.0,,,160,165020.0,5,F1,1,,,,,
2026-07-09,2026-07-09,CM,NSE,STK,757497,INE148I07XY1,995SCL2035,NM,,,,,SCL 9.95% 2035 SR XII,1062.0,1062.0,1062.0,1062.0,1062.0,1062.99,,1062.0,,,8,8496.0,1,F1,1,,,,,
2026-07-09,2026-07-09,CM,NSE,STK,757478,INE090501011,SCODATUBES,EQ,,,,,SCODA TUBES LIMITED,145.05,148.9,144.9,147.7,148.85,144.24,,147.85,,,149322,21915981.64,2235,F1,1,,,,,
2026-07-09,2026-07-09,CM,NSE,STK,18400,IN1020230422,744AP33,SG,,,,,SDL AP 7.44% 2033,100.0,100.0,100.0,100.0,100.0,101.09,,100.0,,,500,50000.0,1,F1,100,,,,,
2026-07-09,2026-07-09,CM,NSE,STK,20643,INE027E07972,935LTF29,N5,,,,,SE RE NCD 9.35% SR.V OP2,1089.0,1089.0,1071.2,1074.0,1074.0,1124.98,,1068.68,,,129,138611.02,7,F1,1,,,,,
2026-07-09,2026-07-09,CM,NSE,STK,2616,INE497B01018,SEAMECLTD,EQ,,,,,SEAMEC LIMITED,1440.0,1465.9,1433.4,1443.6,1459.9,1446.4,,1444.1,,,15096,21869217.6,2034,F1,1,,,,,
2026-07-09,2026-07-09,CM,NSE,STK,12465,INE741K07496,10CAGL27,N5,,,,,SEC RE NCD 10% SR. V,1020.0,1020.0,1015.0,1015.0,1015.0,1025.0,,1015.0,,,31,31565.0,2,F1,1,,,,,
2026-07-09,2026-07-09,CM,NSE,STK,24139,INE413U07293,10IIFLSF27,NB,,,,,SEC RE NCD 10.00% SR IV,963.0,1000.0,963.0,998.56,1000.0,1037.0,,998.56,,,727,715660.87,15,F1,1,,,,,
2026-07-09,2026-07-09,CM,NSE,STK,20779,INE413U07269,1003ISFL28,N4,,,,,SEC RE NCD 10.03% SR 5,1006.0,1019.9,1006.0,1019.2,1019.9,1015.2,,1019.2,,,20,20384.1,2,F1,1,,,,,
2026-07-09,2026-07-09,CM,NSE,STK,15253,INE244L07523,890SFIL23A,NZ,,,,,SEC RE NCD 10.03% SR.VIII,440.0,440.0,440.0,440.0,440.0,440.0,,440.0,,,10,4400.0,1,F1,1,,,,,
2026-07-09,2026-07-09,CM,NSE,STK,25558,INE148I07UK6,1015SCL29B,N1,,,,,SEC RE NCD 10.15% SR VII,1089.59,1089.59,1089.59,1089.59,1089.59,1041.0,,1089.59,,,29,31598.11,1,F1,1,,,,,
2026-07-09,2026-07-09,CM,NSE,STK,25575,INE148I07UV3,1025SCL34B,N1,,,,,SEC RE NCD 10.25% SR XII,1025.0,1025.0,1025.0,1025.0,1025.0,1025.0,,1025.0,,,71,72775.0,3,F1,1,,,,,
2026-07-09,2026-07-09,CM,NSE,STK,21056,INE148I07RZ0,835SCL23B,YM,,,,,SEC RE NCD 10.25% SR XII,1000.02,1000.02,1000.02,1000.02,1000.02,1014.37,,1000.02,,,100,100002.0,4,F1,1,,,,,
2026-07-09,2026-07-09,CM,NSE,STK,20130,INE148I07RB1,965SCL25F,NZ,,,,,SEC RE NCD 10.25% SR XII,870.0,870.0,870.0,870.0,870.0,1029.0,,870.0,,,2,1740.0,2,F1,1,,,,,
2026-07-09,2026-07-09,CM,NSE,STK,20784,INE413U07251,1050ISFL28,N5,,,,,SEC RE NCD 10.50% SR 6,1053.8,1053.8,1051.8,1051.8,1051.8,1050.0,,1051.8,,,20,21056.0,2,F1,1,,,,,
2026-07-09,2026-07-09,CM,NSE,STK,23123,INE342T07460,1065NFL27,NC,,,,,SEC RE NCD 10.65% SR.IV,1018.99,1018.99,1018.99,1018.99,1018.99,1020.0,,1018.99,,,2,2037.98,1,F1,1,,,,,
2026-07-09,2026-07-09,CM,NSE,STK,21042,INE148I07RW7,1075SCL33,YK,,,,,SEC RE NCD 10.75% SR XI,1054.41,1054.41,1054.38,1054.38,1054.38,1061.0,,1054.38,,,100,105438.9,2,F1,1,,,,,
2026-07-09,2026-07-09,CM,NSE,STK,23125,INE342T07445,1119NFL27,ND,,,,,SEC RE NCD 11.19% SR.V,1014.35,1014.35,1001.0,1012.56,1012.56,1094.9,,1033.81,,,214,215650.43,14,F1,1,,,,,
2026-07-09,2026-07-09,CM,NSE,STK,3433,INE219X07223,79IGT28,NF,,,,,SEC RE NCD 7.90% SR.III,875.15,875.15,875.15,875.15,875.15,1014.0,,875.15,,,100,87515.0,1,F1,1,,,,,
2026-07-09,2026-07-09,CM,NSE,STK,11658,INE0H7R07017,79NHIT35,N1,,,,,SEC RE NCD 7.90% STRPP A,314.0,314.0,310.0,310.0,310.0,306.05,,310.0,,,1644,509670.0,17,F1,1,,,,,
2026-07-09,2026-07-09,CM,NSE,STK,11665,INE0H7R07025,79NHIT40,N2,,,,,SEC RE NCD 7.90% STRPP B,312.25,316.8,312.25,315.99,315.99,315.74,,310.67,,,187,58452.03,5,F1,1,,,,,
2026-07-09,2026-07-09,CM,NSE,STK,11669,INE0H7R07033,79NHIT47,N3,,,,,SEC RE NCD 7.90% STRPP C,412.01,416.0,412.01,413.25,413.25,416.25,,413.25,,,307,126995.85,7,F1,1,,,,,
2026-07-09,2026-07-09,CM,NSE,STK,7648,INE477L07AN9,820IIFL27,N9,,,,,SEC RE NCD 8.20% SR.III,995.0,995.0,995.0,995.0,995.0,995.0,,995.0,,,2,1990.0,1,F1,1,,,,,
2026-07-09,2026-07-09,CM,NSE,STK,3464,INE219X07264,82IGT31,NJ,,,,,SEC RE NCD 8.20% SR.V,1020.0,1020.0,1020.0,1020.0,1020.0,1020.0,,1020.0,,,50,51000.0,1,F1,1,,,,,
2026-07-09,2026-07-09,CM,NSE,STK,17940,INE121A07RF6,925IHFL25E,N8,,,,,SEC RE NCD 8.30% SR 3,1076.0,1076.0,1076.0,1076.0,1076.0,1075.0,,1076.0,,,25,26900.0,3,F1,1,,,,,
2026-07-09,2026-07-09,CM,NSE,STK,15374,INE121A07QY9,840CIFCL28,N4,,,,,SEC RE NCD 8.40% SR.V,1018.97,1018.97,1017.0,1018.97,1018.97,1018.97,,1018.99,,,173,176183.25,11,F1,1,,,,,
2026-07-09,2026-07-09,CM,NSE,STK,6197,INE530B07161,842IIFL26,NL,,,,,SEC RE NCD 8.42% SR.V,995.0,1000.0,991.22,995.0,995.0,999.0,,1000.0,,,152,151804.08,16,F1,1,,,,,
2026-07-09,2026-07-09,CM,NSE,STK,7668,INE477L07AQ2,843IHFL29,NC,,,,,SEC RE NCD 8.43% SR.VI,991.0,991.0,991.0,991.0,991.0,994.0,,991.0,,,100,99100.0,2,F1,1,,,,,
2026-07-09,2026-07-09,CM,NSE,STK,13852,INE530B07310,865IIFL28,NS,,,,,SEC RE NCD 8.65% SR.V,998.0,998.0,998.0,998.0,998.0,989.0,,994.5,,,10,9980.0,2,F1,1,,,,,
2026-07-09,2026-07-09,CM,NSE,STK,28869,INE477L07BG1,89IHFL29,N1,,,,,SEC RE NCD 8.90% SR VI,970.5,975.0,959.9,959.9,959.9,971.5,,967.45,,,1960,1888681.49,28,F1,1,,,,,
2026-07-09,2026-07-09,CM,NSE,STK,28858,INE477L07BC0,9IHFL27,N1,,,,,SEC RE NCD 9% SR IV,1043.4,1043.4,1043.4,1043.4,1043.4,1041.62,,1043.4,,,121,126251.4,1,F1,1,,,,,
2026-07-09,2026-07-09,CM,NSE,STK,5160,INE516Y07428,9PFL31A,,,,,,SEC RE NCD 9% SR.V,1008.0,1008.0,1002.0,1002.0,1002.0,1004.5,,1002.26,,,223,224301.6,5,F1,1,,,,,
2026-07-09,2026-07-09,CM,NSE,STK,13854,INE530B07260,9IIFL28A,NT,,,,,SEC RE NCD 9% SR.VI,1025.99,1027.0,1025.0,1025.42,1027.0,1020.5,,1025.42,,,1109,1136901.73,15,F1,1,,,,,
2026-07-09,2026-07-09,CM,NSE,STK,23710,INE338I07115,93MOFSL34,N6,,,,,SEC RE NCD 9.30% SR VII,1069.0,1069.5,1037.0,1041.0,1041.0,1069.5,,1041.0,,,99,105760.5,7,F1,1,,,,,
2026-07-09,2026-07-09,CM,NSE,STK,23708,INE338I07107,935MOFSL29,N5,,,,,SEC RE NCD 9.35% SR VI,1030.0,1030.0,1030.0,1030.0,1030.0,1030.0,,1030.0,,,100,103000.0,1,F1,1,,,,,
2026-07-09,2026-07-09,CM,NSE,STK,17528,INE148I07OP8,948SCL26I,AX,,,,,SEC RE NCD 9.48% SR V,314.0,314.0,314.0,314.0,314.0,372.0,,314.0,,,31,9734.0,1,F1,1,,,,,
2026-07-09,2026-07-09,CM,NSE,STK,25552,INE148I07UC3,948SCL27D,N1,,,,,SEC RE NCD 9.48% SR V,1020.0,1020.0,1001.0,1010.5,1001.0,940.0,,1010.5,,,5,5081.0,3,F1,1,,,,,
2026-07-09,2026-07-09,CM,NSE,STK,25534,INE148I07US9,965SCL26F,N1,,,,,SEC RE NCD 9.65% SR I,1071.8,1071.8,1071.8,1071.8,1071.8,1070.8,,1071.8,,,155,166129.0,1,F1,1,,,,,
2026-07-09,2026-07-09,CM,NSE,STK,25287,INE423A07328,965AEL27,N4,,,,,SEC RE NCD 9.65% SR IV,1090.5,1090.5,1080.2,1080.2,1080.2,1088.0,,1085.1,,,51,55605.2,3,F1,1,,,,,
2026-07-09,2026-07-09,CM,NSE,STK,18487,INE741K07579,970CAGL28,ND,,,,,SEC RE NCD 9.70% SR VII,1032.0,1032.0,1032.0,1032.0,1032.0,1032.0,,1032.0,,,3,3096.0,1,F1,1,,,,,
2026-07-09,2026-07-09,CM,NSE,STK,19760,INE148I07PY7,990SCL26,N7,,,,,SEC RE NCD 9.90% SR IV,353.0,353.0,353.0,353.0,353.0,426.9,,353.0,,,10,3530.0,1,F1,1,,,,,
2026-07-09,2026-07-09,CM,NSE,STK,25296,INE423A07344,99AEL29,N7,,,,,SEC RE NCD 9.90% SR VII,1108.0,1118.0,1105.0,1114.06,1118.0,1105.0,,1114.06,,,100,111074.0,21,F1,1,,,,,
2026-07-09,2026-07-09,CM,NSE,STK,25544,INE148I07UG4,SCL25924A,N1,,,,,SEC RE NCD SR III,1171.0,1171.0,1171.0,1171.0,1171.0,1169.78,,1171.0,,,20,23420.0,1,F1,1,,,,,
2026-07-09,2026-07-09,CM,NSE,STK,25292,INE423A07377,AEL120924A,N5,,,,,SEC RE NCD SR V,1184.71,1184.71,1184.71,1184.71,1184.71,1180.0,,1184.71,,,10,11847.1,1,F1,1,,,,,
2026-07-09,2026-07-09,CM,NSE,STK,19772,INE148I07QB3,SCLZC26C,NB,,,,,SEC RE NCD SR VI,1293.0,1293.0,1293.0,1293.0,1293.0,1296.0,,1293.0,,,48,62064.0,1,F1,1,,,,,
2026-07-09,2026-07-09,CM,NSE,STK,14219,INE00QS24043,IMC1,N1,,,,,SEC RE NCGB 8.25% STRPP B,255.0,255.0,255.0,255.0,255.0,256.0,,255.0,,,10,2550.0,1,F1,1,,,,,
2026-07-09,2026-07-09,CM,NSE,STK,14224,INE00QS24027,IMC1,N2,,,,,SEC RE NCGB 8.25% STRPP C,248.1,256.0,248.1,256.0,256.0,255.0,,256.0,,,20,5041.0,2,F1,1,,,,,
2026-07-09,2026-07-09,CM,NSE,STK,14228,INE00QS24035,IMC1,N3,,,,,SEC RE NCGB 8.25% STRPP D,255.01,256.0,255.01,255.02,255.02,255.0,,255.02,,,145,37075.8,4,F1,1,,,,,
2026-07-09,2026-07-09,CM,NSE,STK,7975,INE804IA7014,1015ECL29,NR,,,,,SEC RED NCD 10.15% SR. VI,1015.0,1025.0,1014.0,1018.69,1018.69,1014.0,,1018.69,,,31,31534.39,7,F1,1,,,,,
2026-07-09,2026-07-09,CM,NSE,STK,16874,INE033L07GU2,84TCHF28,,,,,,SEC RED NCD 8.40% SR.V,1043.71,1050.0,1043.5,1050.0,1050.0,1041.0,,1050.0,,,750,783280.4,9,F1,1,,,,,
2026-07-09,2026-07-09,CM,NSE,STK,18624,INE148I07GJ7,865SCL26,N8,,,,,SEC RED NCD 8.65% SR. V,990.01,999.49,990.01,999.49,999.49,999.02,,992.65,,,4,3979.0,2,F1,1,,,,,
2026-07-09,2026-07-09,CM,NSE,STK,498,INE721A07NU1,903SFL28,YI,,,,,SEC RED NCD 9.03% SR. II,1039.0,1039.0,1039.0,1039.0,1039.0,1039.0,,1039.0,,,14,14546.0,2,F1,1,,,,,
2026-07-09,2026-07-09,CM,NSE,STK,6149,INE721A07OC7,930SFL28,YP,,,,,SEC RED NCD 9.30% SR. II,1056.0,1056.0,1056.0,1056.0,1056.0,1049.99,,1056.0,,,100,105600.0,1,F1,1,,,,,
2026-07-09,2026-07-09,CM,NSE,STK,8625,INE721A07ON4,957ICCL25,YW,,,,,SEC RED NCD 9.30% SR. II,1057.9,1057.9,1057.9,1057.9,1057.9,1062.0,,1057.9,,,10,10579.0,1,F1,1,,,,,
2026-07-09,2026-07-09,CM,NSE,STK,12919,INE721A07PA8,931SFL26,Z5,,,,,SEC RED NCD 9.31% SR.III,1009.0,1009.0,1000.0,1000.0,1000.0,1000.0,,1000.0,,,18,18072.09,3,F1,1,,,,,
2026-07-09,2026-07-09,CM,NSE,STK,1001,INE721A07NX5,94SFL28,YL,,,,,SEC RED NCD 9.40% SR. V,1043.0,1045.0,1043.0,1044.5,1044.5,1044.5,,1044.5,,,649,677655.0,10,F1,1,,,,,
2026-07-09,2026-07-09,CM,NSE,STK,8642,INE721A07OQ7,97SFL29,YZ,,,,,SEC RED NCD 9.70% SR. V,1090.0,1090.0,1090.0,1090.0,1090.0,1110.0,,1090.0,,,5,5450.0,1,F1,1,,,,,
2026-07-09,2026-07-09,CM,NSE,STK,18630,INE148I07GN9,SCLZC26,NB,,,,,SEC RED NCD SR. VII,2300.0,2300.0,2300.0,2300.0,2300.0,2300.0,,2304.34,,,3,6900.0,1,F1,1,,,,,
2026-07-09,2026-07-09,CM,NSE,STK,12941,INE721A07PH3,SFLZC26A,ZC,,,,,SEC RED NCD SR.X,1889.8,1889.8,1888.0,1888.0,1888.0,1888.0,,1888.0,,,120,226563.6,4,F1,1,,,,,
2026-07-09,2026-07-09,CM,NSE,STK,19496,INE0BTM01013,SECMARK,EQ,,,,,SECMARK CONSULTANCY LTD,130.0,130.0,125.0,125.22,125.0,125.6,,125.24,,,541,67892.1,20,F1,1,,,,,
2026-07-09,2026-07-09,CM,NSE,STK,11058,INE650K01021,SECURKLOUD,EQ,,,,,SECUREKLOUD TECH LIMITED,18.99,18.99,17.79,18.64,18.9,18.09,,18.65,,,14025,261612.51,130,F1,1,,,,,
2026-07-09,2026-07-09,CM,NSE,STK,761153,INE00XB01019,SEDEMAC,EQ,,,,,SEDEMAC MECHATRONICS LTD,2733.0,2828.4,2732.9,2803.6,2790.1,2705.6,,2803.6,,,93094,260852439.7,13390,F1,1,,,,,
2026-07-09,2026-07-09,CM,NSE,STK,7094,INE955I01044,SEJALLTD,BE,,,,,SEJAL GLASS LIMITED,740.9,740.9,675.05,720.95,718.0,709.3,,720.8,,,4202,2995277.25,149,F1,1,,,,,
2026-07-09,2026-07-09,CM,NSE,STK,6262,INE105I01020,SELMC,EQ,,,,,SEL MANUFACTURING CO LTD,28.31,29.23,28.1,28.4,28.3,28.31,,28.37,,,3878,110174.85,81,F1,1,,,,,
2026-07-09,2026-07-09,CM,NSE,STK,757982,INE0IJF01013,SELLOWRAP,SM,,,,,SELLOWRAP INDUSTRIES LTD,86.85,86.85,72.8,72.8,72.8,72.9,,72.8,,,4800,372240.0,3,F1,1600,,,,,
2026-07-09,2026-07-09,CM,NSE,STK,11964,INE617A01013,SEMAC,BE,,,,,SEMAC CONSTRUCTION LTD,328.25,328.25,327.95,327.95,327.95,325.0,,327.95,,,109,35747.15,4,F1,1,,,,,
2026-07-09,2026-07-09,CM,NSE,STK,17271,INE602W01027,SENCO,EQ,,,,,SENCO GOLD LIMITED,334.4,360.95,333.0,348.65,348.5,331.75,,348.65,,,7323847,2578194716.6,112150,F1,1,,,,,
2026-07-09,2026-07-09,CM,NSE,STK,28888,INE0RB801010,SENORES,EQ,,,,,SENORES PHARMACEUTICALS L,1425.0,1487.9,1405.5,1419.7,1420.0,1409.8,,1419.7,,,498777,721213793.1,36951,F1,1,,,,,
2026-07-09,2026-07-09,CM,NSE,STK,15308,INE964H01014,SEPC,EQ,,,,,SEPC LIMITED,6.51,6.54,6.38,6.45,6.47,6.48,,6.45,,,15492578,100226617.58,9009,F1,1,,,,,
2026-07-09,2026-07-09,CM,NSE,STK,20715,INE027E07BC8,865LTF26,NN,,,,,SERENCD 8.65% SR.VI OP12,1047.11,1047.11,1047.11,1047.11,1047.11,1050.0,,1046.11,,,20,20942.2,1,F1,1,,,,,
2026-07-09,2026-07-09,CM,NSE,STK,20691,INE027E07AN7,87LTF27,NH,,,,,SERENCD 8.70% SR.VII OPII,1049.95,1049.95,1049.5,1049.5,1049.5,1049.99,,1049.5,,,56,58795.37,3,F1,1,,,,,
2026-07-09,2026-07-09,CM,NSE,STK,20655,INE027E07998,898LTF29,N7,,,,,SERENCD 8.98% SR.VI OP2,1072.0,1072.0,1072.0,1072.0,1072.0,1072.66,,1071.99,,,1,1072.0,1,F1,1,,,,,
2026-07-09,2026-07-09,CM,NSE,STK,20687,INE027E07AL1,905LTF27,NF,,,,,SERENCD 9.05% SR.VI OPII,1025.0,1032.0,1025.0,1029.51,1029.51,1028.26,,1029.51,,,571,587243.15,41,F1,1,,,,,
2026-07-09,2026-07-09,CM,NSE,STK,21197,INE306N07LM5,865TCAPS27,N8,,,,,SERENCD8.65%SR.IIICIII&IV,1082.8,1082.8,1051.0,1079.82,1079.82,1082.8,,1079.91,,,1750,1883604.98,35,F1,1,,,,,
2026-07-09,2026-07-09,CM,NSE,STK,4930,INE244L07168,96SFIL24A,NB,,,,,SERENCD8.84%SRVICIII&IV,999.75,999.75,980.0,980.0,980.0,980.0,,980.0,,,1230,1223214.5,7,F1,1,,,,,
2026-07-09,2026-07-09,CM,NSE,STK,17399,INE0P1Q01015,SERVICE,SM,,,,,SERVICE CARE LIMITED,54.0,54.9,54.0,54.6,54.85,54.8,,54.6,,,22000,1200000.0,11,F1,2000,,,,,
2026-07-09,2026-07-09,CM,NSE,STK,5507,INE782X01033,SERVOTECH,EQ,,,,,SERVOTECH REN POW SYS LTD,96.35,101.73,96.35,99.61,99.44,95.88,,99.61,,,860300,85388415.13,8244,F1,1,,,,,
2026-07-09,2026-07-09,CM,NSE,STK,759934,INE04VU01023,STYL,EQ,,,,,SESHAASAI TECHNOLOGIES L,345.25,362.2,345.25,360.7,361.1,340.25,,360.7,,,146748,52256991.3,5119,F1,1,,,,,
2026-07-09,2026-07-09,CM,NSE,STK,3066,INE630A01024,SESHAPAPER,EQ,,,,,SESHASAYEE PAPER & BOARDS,221.3,232.59,219.59,226.04,225.4,221.85,,226.04,,,165058,37232518.1,2909,F1,1,,,,,
2026-07-09,2026-07-09,CM,NSE,STK,17518,INE878E01021,SETCO,BE,,,,,SETCO AUTOMOTIVE LTD,17.1,18.37,16.82,18.37,18.37,17.5,,18.37,,,200471,3587243.28,519,F1,1,,,,,
2026-07-09,2026-07-09,CM,NSE,STK,18024,INE023M01027,SETUINFRA,BZ,,,,,SETUBANDHAN INFRA LTD,0.45,0.45,0.43,0.44,0.44,0.45,,0.44,,,2714,1198.73,14,F1,1,,,,,
2026-07-09,2026-07-09,CM,NSE,STK,10836,INE573R01012,SEYAIND,BE,,,,,SEYA INDUSTRIES LIMITED,12.99,13.23,12.76,13.23,13.23,12.99,,12.81,,,3228,42183.41,18,F1,1,,,,,
2026-07-09,2026-07-09,CM,NSE,STK,758853,INE618R01015,SGFIN,EQ,,,,,SG FINSERVE LIMITED,670.5,690.0,645.6,656.3,658.0,669.1,,656.3,,,405542,269090159.15,15192,F1,1,,,,,
2026-07-09,2026-07-09,CM,NSE,STK,758889,INE385F01024,SGMART,EQ,,,,,SG MART LIMITED,681.6,688.0,656.65,659.8,660.2,669.0,,660.45,,,597288,400799888.4,19910,F1,1,,,,,
2026-07-09,2026-07-09,CM,NSE,STK,761469,INE12UN01015,SHADOWFAX,EQ,,,,,SHADOWFAX TECHNOLOGIES L,221.63,228.29,218.33,219.97,219.0,218.86,,219.98,,,1239469,276111650.81,34150,F1,1,,,,,
2026-07-09,2026-07-09,CM,NSE,STK,11856,INE640C01011,SHAHALLOYS,EQ,,,,,SHAH ALLOYS LIMITED,72.25,75.4,71.01,74.91,74.95,71.93,,74.48,,,14048,1037935.89,90,F1,1,,,,,
2026-07-09,2026-07-09,CM,NSE,STK,20296,INE482J01021,SHAH,EQ,,,,,SHAH METACORP LIMITED,4.64,4.67,4.55,4.58,4.56,4.61,,4.58,,,6532999,30037441.4,1101,F1,1,,,,,
2026-07-09,2026-07-09,CM,NSE,STK,8727,INE151G01028,SHAILY,EQ,,,,,SHAILY ENG PLASTICS LTD,2818.0,2887.6,2627.9,2715.4,2715.1,2793.9,,2715.4,,,701993,1907695241.1,67183,F1,1,,,,,
2026-07-09,2026-07-09,CM,NSE,STK,25574,INE908D01010,SHAKTIPUMP,EQ,,,,,SHAKTI PUMPS (I) LTD,570.0,579.0,566.0,572.95,574.9,566.65,,572.95,,,584100,335018349.45,13673,F1,1,,,,,
2026-07-09,2026-07-09,CM,NSE,STK,714,INE597J01018,SHALBY,EQ,,,,,SHALBY LIMITED,170.99,172.3,168.11,169.58,169.12,168.25,,169.59,,,59078,10048120.38,1634,F1,1,,,,,
2026-07-09,2026-07-09,CM,NSE,STK,761688,INE861D01011,SAHLIBHFI,EQ,,,,,SHALIBHADRA FINANCE LTD,75.1,79.6,75.1,79.08,79.45,76.96,,79.31,,,21586,1694030.1,68,F1,1,,,,,
2026-07-09,2026-07-09,CM,NSE,STK,15342,INE849C01026,SHALPAINTS,EQ,,,,,SHALIM PAINTS LTD,52.0,52.0,50.4,50.64,51.0,50.91,,50.63,,,19646,1002381.68,346,F1,1,,,,,
2026-07-09,2026-07-09,CM,NSE,STK,25737,INE01NE01012,SRD,EQ,,,,,SHANKAR LAL RAMPAL LTD,40.3,40.3,38.82,39.16,39.0,38.94,,39.22,,,9440,368768.03,120,F1,1,,,,,
2026-07-09,2026-07-09,CM,NSE,STK,20337,INE274V01019,SHANKARA,BE,,,,,SHANKARA BLDG PRODUCT LTD,128.47,131.0,128.47,130.69,130.0,128.48,,130.63,,,23004,2995078.89,154,F1,1,,,,,
2026-07-09,2026-07-09,CM,NSE,STK,760594,INE24OJ01011,BUILDPRO,EQ,,,,,SHANKARA BUILDPRO LIMITED,1074.4,1230.0,1055.3,1200.3,1199.9,1057.1,,1200.3,,,654905,781368533.8,36167,F1,1,,,,,
2026-07-09,2026-07-09,CM,NSE,STK,3078,INE631A01022,SHANTIGEAR,EQ,,,,,SHANTHI GEARS LTD,442.0,450.5,437.5,442.0,447.0,440.2,,442.15,,,16673,7350037.0,1035,F1,1,,,,,
2026-07-09,2026-07-09,CM,NSE,STK,762889,INE440T01028,SEIL,EQ,,,,,SHANTI EDU INITIATIVES L,218.5,228.0,215.6,220.75,220.0,221.96,,220.84,,,325033,72778809.94,8895,F1,1,,,,,
2026-07-09,2026-07-09,CM,NSE,STK,758002,INE06ZD01017,SHANTIGOLD,EQ,,,,,SHANTI GOLD INTERNATION L,220.9,225.74,213.1,214.77,214.05,219.39,,214.75,,,2946513,649828683.2,23492,F1,1,,,,,
2026-07-09,2026-07-09,CM,NSE,STK,5650,INE933X01016,SHANTI,EQ,,,,,SHANTI OVERSEAS INDIA LTD,6.79,6.85,6.37,6.49,6.59,6.78,,6.49,,,28177,183199.77,70,F1,1,,,,,
2026-07-09,2026-07-09,CM,NSE,STK,762904,INE220Z01013,SHINDL,EQ,,,,,SHARAT INDUSTRIES LTD.,148.0,153.22,147.77,151.76,150.0,146.95,,152.21,,,118499,17828455.23,453,F1,1,,,,,
2026-07-09,2026-07-09,CM,NSE,STK,4992,INE221J01015,SHARDACROP,EQ,,,,,SHARDA CROPCHEM LTD.,885.0,901.95,885.0,892.55,898.0,884.0,,892.55,,,83605,74788340.4,6528,F1,1,,,,,
2026-07-09,2026-07-09,CM,NSE,STK,10530,INE597I01028,SHARDAMOTR,EQ,,,,,SHARDA MOTOR INDS LTD,861.65,884.8,859.2,871.35,873.5,859.65,,871.35,,,23134,20195021.05,3092,F1,1,,,,,
2026-07-09,2026-07-09,CM,NSE,STK,762894,INE037B01020,SHARDUL,EQ,,,,,SHARDUL SECURITIES LTD.,28.1,28.49,27.2,28.0,28.0,27.11,,28.0,,,1901,52794.68,28,F1,1,,,,,
2026-07-09,2026-07-09,CM,NSE,STK,104,INE932X01026,SHAREINDIA,EQ,,,,,SHARE IND. SECURITIES LTD,173.4,185.48,169.52,179.03,178.55,177.72,,179.02,,,24628676,4425769169.81,188092,F1,1,,,,,
2026-07-09,2026-07-09,CM,NSE,STK,19469,INE460Q01014,SCML,SM,,,,,SHARP CHUCKS N MACHINES L,76.25,78.5,76.25,77.35,78.5,78.9,,77.35,,,2000,154750.0,2,F1,1000,,,,,
2026-07-09,2026-07-09,CM,NSE,STK,759410,INE0YJV01017,SHEEL,ST,,,,,SHEEL BIOTECH LIMITED,71.0,72.15,70.0,70.0,70.0,68.75,,70.0,,,14000,1003500.0,5,F1,2000,,,,,
2026-07-09,2026-07-09,CM,NSE,STK,19184,INE916U01025,SFL,EQ,,,,,SHEELA FOAM LIMITED,752.35,773.5,746.9,752.5,751.1,740.4,,752.5,,,191300,145053662.15,11480,F1,1,,,,,
2026-07-09,2026-07-09,CM,NSE,STK,12072,INE501Y01019,SCPL,EQ,,,,,SHEETAL COOL PRODUCTS LTD,485.7,495.75,482.85,492.45,488.1,482.05,,492.4,,,9720,4760495.15,559,F1,1,,,,,
2026-07-09,2026-07-09,CM,NSE,STK,20415,INE04VX01019,SHEETAL,SM,,,,,SHEETAL UNIVERSAL LIMITED,295.95,295.95,290.5,291.7,292.9,296.7,,291.7,,,3000,879050.0,6,F1,500,,,,,
2026-07-09,2026-07-09,CM,NSE,STK,21099,INE268L01046,SHEKHAWATI,BE,,,,,SHEKHAWATI INDUSTRIES LTD,14.65,14.65,13.65,14.34,14.34,14.36,,14.37,,,9802,136815.27,64,F1,1,,,,,
2026-07-09,2026-07-09,CM,NSE,STK,5072,INE363M01019,SHEMAROO,BE,,,,,SHEMAROO ENTER. LTD.,117.89,124.79,115.3,122.69,122.42,120.07,,122.69,,,7204,878091.63,62,F1,1,,,,,
2026-07-09,2026-07-09,CM,NSE,STK,14176,INE0MM001019,SHERA,ST,,,,,SHERA ENERGY LIMITED,148.0,152.8,145.05,152.0,152.0,145.55,,152.0,,,11000,1653900.0,10,F1,1000,,,,,
2026-07-09,2026-07-09,CM,NSE,STK,8394,INE03KJ01013,SHIGAN,SM,,,,,SHIGAN QUANTUM TECH LTD,59.95,59.95,59.95,59.95,59.95,59.2,,59.95,,,3000,179850.0,2,F1,1500,,,,,
2026-07-09,2026-07-09,CM,NSE,STK,759847,INE024F01011,SHILCTECH,EQ,,,,,SHILCHAR TECHNOLOGIES LTD,4250.0,4536.1,4250.0,4453.4,4433.0,4247.0,,4453.6,,,40775,181612266.5,8202,F1,1,,,,,
2026-07-09,2026-07-09,CM,NSE,STK,17752,INE790G01031,SHILPAMED,EQ,,,,,SHILPA MEDICARE LTD,599.0,632.8,595.4,622.3,624.8,595.35,,622.2,,,1340047,834465269.55,43291,F1,1,,,,,
2026-07-09,2026-07-09,CM,NSE,STK,23127,INE0PB301013,SCILAL,EQ,,,,,SHIPPING CORP OF ILA LTD,41.62,42.7,41.62,42.44,42.44,41.66,,42.44,,,153583,6507001.3,1121,F1,1,,,,,
2026-07-09,2026-07-09,CM,NSE,STK,3048,INE109A01011,SCI,EQ,,,,,SHIPPING CORP OF INDIA LT,278.95,282.45,275.65,277.65,278.05,277.6,,277.65,,,2581365,720601764.05,27482,F1,1,,,,,
2026-07-09,2026-07-09,CM,NSE,STK,759747,INE719F01016,SHIVAUM,EQ,,,,,SHIV AUM STEELS LIMITED,427.25,436.9,425.0,427.15,425.0,425.1,,427.15,,,157,67415.3,23,F1,1,,,,,
2026-07-09,2026-07-09,CM,NSE,STK,1503,INE644Y01017,SHIVAMILLS,BE,,,,,SHIVA MILLS LIMITED,60.53,63.33,60.52,60.78,60.7,63.7,,60.78,,,541,32750.69,22,F1,1,,,,,
2026-07-09,2026-07-09,CM,NSE,STK,804,INE705C01020,SHIVATEX,EQ,,,,,SHIVA TEXYARN LIMITED,152.0,162.51,148.0,158.37,162.0,153.03,,158.18,,,4016,615466.09,108,F1,1,,,,,
2026-07-09,2026-07-09,CM,NSE,STK,24249,INE0T7B01010,SPCL,SM,,,,,SHIVALIC POWER CONTROL L,68.75,69.9,67.0,68.6,68.6,68.5,,68.6,,,22200,1517610.0,36,F1,600,,,,,
2026-07-09,2026-07-09,CM,NSE,STK,4656,INE386D01027,SBCL,EQ,,,,,SHIVALIK BIMETAL CON. LTD,702.0,732.5,701.8,726.7,722.55,695.8,,726.7,,,232282,167999267.4,10692,F1,1,,,,,
2026-07-09,2026-07-09,CM,NSE,STK,7026,INE788J01021,SHIVALIK,BE,,,,,SHIVALIK RASAYAN LIMITED,220.0,227.0,215.55,223.67,226.0,219.36,,223.74,,,15631,3487585.69,239,F1,1,,,,,
2026-07-09,2026-07-09,CM,NSE,STK,13757,INE637H01024,SHIVAMAUTO,BE,,,,,SHIVAM AUTO.LTD,19.63,19.63,19.63,19.63,19.63,20.03,,19.94,,,45344,890102.72,34,F1,1,,,,,
2026-07-09,2026-07-09,CM,NSE,STK,11813,INE498B01024,SHOPERSTOP,EQ,,,,,SHOPPERS STOP LIMITED,346.55,350.45,335.2,337.5,335.3,346.05,,337.5,,,25303,8645231.15,2405,F1,1,,,,,
2026-07-09,2026-07-09,CM,NSE,STK,708,INE715Y01031,SHRADHA,EQ,,,,,SHRADHA REALTY LIMITED,32.41,32.99,32.0,32.54,32.65,32.41,,32.54,,,14045,454672.98,61,F1,1,,,,,
2026-07-09,2026-07-09,CM,NSE,STK,10588,INE712K01011,SHREEPUSHK,EQ,,,,,SHRE PUSH CHEM & FERT LTD,428.95,438.0,413.0,431.95,430.2,424.65,,431.9,,,155520,66871321.7,4546,F1,1,,,,,
2026-07-09,2026-07-09,CM,NSE,STK,762874,INE185C01017,SAPPL,EQ,,,,,SHREE AJIT PULP & PAPER L,288.4,334.3,288.4,295.45,293.0,278.6,,295.45,,,30972,9822592.55,896,F1,1,,,,,
2026-07-09,2026-07-09,CM,NSE,STK,3103,INE070A01015,SHREECEM,EQ,,,,,SHREE CEMENT LIMITED,25910.0,26575.0,25905.0,26295.0,26365.0,25910.0,,26295.0,,,12300,323838605.0,6298,F1,1,,,,,
2026-07-09,2026-07-09,CM,NSE,STK,3099,INE232A01011,SHREDIGCEM,EQ,,,,,SHREE DIGVIJAY CEM CO LTD,74.01,74.97,73.68,73.93,73.72,74.24,,73.91,,,60435,4491670.04,602,F1,1,,,,,
2026-07-09,2026-07-09,CM,NSE,STK,23074,INE0S4Y01010,SHREEKARNI,SM,,,,,SHREE KARNI FABCOM LTD,410.25,421.8,410.0,421.8,421.8,418.0,,421.8,,,1500,619815.0,6,F1,150,,,,,
2026-07-09,2026-07-09,CM,NSE,STK,20603,INE02S501018,SHREEOSFM,SM,,,,,SHREE OSFM E-MOBILITY LTD,61.0,61.0,59.0,59.0,59.0,61.0,,59.0,,,4000,238800.0,4,F1,1000,,,,,
2026-07-09,2026-07-09,CM,NSE,STK,760188,INE19GK01015,SRTL,EQ,,,,,SHREE RAM TWISTEX LIMITED,40.15,40.7,39.2,39.98,40.4,40.15,,39.96,,,26933,1073887.51,491,F1,1,,,,,
2026-07-09,2026-07-09,CM,NSE,STK,7627,INE879A01019,SHREERAMA,EQ,,,,,SHREE RAMA MULTI TECH LTD,43.1,43.94,42.51,43.08,42.66,42.49,,43.08,,,47640,2063438.85,801,F1,1,,,,,
2026-07-09,2026-07-09,CM,NSE,STK,13565,INE278B01020,RAMANEWS,EQ,,,,,SHREE RAMA NEWSPRINT LTD,28.72,29.85,28.4,29.05,29.85,28.51,,29.05,,,29704,862806.11,119,F1,1,,,,,
2026-07-09,2026-07-09,CM,NSE,STK,12026,INE087H01022,RENUKA,EQ,,,,,SHREE RENUKA SUGARS LTD,22.59,22.96,22.46,22.61,22.63,22.56,,22.61,,,1963851,44606033.62,5743,F1,1,,,,,
2026-07-09,2026-07-09,CM,NSE,STK,25203,INE0S2G01011,BALAJEE,EQ,,,,,SHREE TIRUPATI BALAJEE L,29.45,29.45,28.13,28.64,28.75,28.48,,28.64,,,17080,487093.91,140,F1,1,,,,,
2026-07-09,2026-07-09,CM,NSE,STK,15126,INE00CE01017,SVLL,BE,,,,,SHREE VASU LOGISTICS LTD,676.1,708.1,662.0,700.75,702.9,680.8,,700.75,,,111338,74324736.2,326,F1,1,,,,,
2026-07-09,2026-07-09,CM,NSE,STK,762159,INE0K3301012,SHREEDHAR,ST,,,,,SHREEDHAR SPINNERS LTD,65.35,65.45,65.25,65.45,65.45,62.35,,65.45,,,28000,1831100.0,12,F1,2000,,,,,
2026-07-09,2026-07-09,CM,NSE,STK,759805,INE1FL101016,SHETHJI,ST,,,,,SHREEJI GLOBAL FMCG LTD,150.1,150.5,150.1,150.5,150.5,150.0,,150.5,,,2000,300600.0,2,F1,1000,,,,,
2026-07-09,2026-07-09,CM,NSE,STK,759448,INE1B6101010,SHREEJISPG,EQ,,,,,SHREEJI SHIPPING GLOBAL L,504.8,527.8,503.0,523.4,524.25,501.1,,523.4,,,2288231,1177018462.0,21026,F1,1,,,,,
2026-07-09,2026-07-09,CM,NSE,STK,14305,INE00IK01029,OSWALSEEDS,EQ,,,,,SHREEOSWAL S AND CHE LTD,10.56,10.78,10.48,10.51,10.5,10.48,,10.51,,,44068,463911.18,129,F1,1,,,,,
2026-07-09,2026-07-09,CM,NSE,STK,5718,INE0GTI23014,SHREMINVIT,IV,,,,,SHREM INVIT,102.0,102.0,102.0,102.0,102.0,102.0,,102.0,,,25000,2550000.0,1,F1,25000,,,,,
2026-07-09,2026-07-09,CM,NSE,STK,760252,INE632X01030,SHRENIK,BZ,,,,,SHRENIK LIMITED,0.36,0.38,0.36,0.36,0.36,0.37,,0.36,,,416826,151652.01,177,F1,1,,,,,
2026-07-09,2026-07-09,CM,NSE,STK,3126,INE231C01019,SHREYANIND,EQ,,,,,SHREYANS INDUSTRIES LTD,139.99,140.38,136.0,138.4,139.49,138.14,,138.47,,,1844,253951.19,68,F1,1,,,,,
2026-07-09,2026-07-09,CM,NSE,STK,756409,INE0DM401012,SHRIAHIMSA,ST,,,,,SHRI AHIMSA NATURALS LTD,409.9,409.9,390.0,405.0,405.0,399.5,,405.0,,,21600,8647890.0,27,F1,600,,,,,
2026-07-09,2026-07-09,CM,NSE,STK,762899,INE402H01015,SHBAJRG,EQ,,,,,SHRI BAJRANG ALLIANCE L,198.99,200.01,194.6,195.65,196.9,192.96,,196.91,,,3285,652898.46,96,F1,1,,,,,
2026-07-09,2026-07-09,CM,NSE,STK,758568,INE0NON01025,SHKSIL,SM,,,,,SHRI HARE-KRI SPO IRON L,36.0,36.0,35.0,35.0,35.0,35.0,,35.0,,,10000,352000.0,2,F1,2000,,,,,
2026-07-09,2026-07-09,CM,NSE,STK,762909,INE997I01012,SHRIKRISH,EQ,,,,,SHRI KRISHNA DEVCON LTD.,40.2,42.49,40.15,40.17,40.15,41.98,,40.17,,,157,6333.87,15,F1,1,,,,,
2026-07-09,2026-07-09,CM,NSE,STK,759093,INE1B3L01017,SHRINGARMS,EQ,,,,,SHRINGAR HOU OF MANGALS L,226.84,233.19,226.81,229.17,229.0,224.08,,229.28,,,1079023,248248291.46,7243,F1,1,,,,,
2026-07-09,2026-07-09,CM,NSE,STK,24374,INF680P01422,LIQUIDSHRI,EQ,,,,,SHRIRAM - LIQUIDSHRI,1112.13,1112.15,1112.13,1112.14,1112.15,1111.98,,1112.14,,,4100,4559769.98,33,F1,1,,,,,
2026-07-09,2026-07-09,CM,NSE,STK,4306,INE721A01047,SHRIRAMFIN,EQ,,,,,SHRIRAM FINANCE LIMITED,1019.4,1039.8,1015.0,1031.7,1033.9,1014.4,,1031.7,,,3984489,4098330215.4,89604,F1,1,,,,,
2026-07-09,2026-07-09,CM,NSE,STK,7200,INE217L01019,SHRIRAMPPS,EQ,,,,,SHRIRAM PROPERTIES LTD,87.63,89.21,87.22,88.09,88.5,86.94,,88.09,,,401578,35460567.48,3378,F1,1,,,,,
2026-07-09,2026-07-09,CM,NSE,STK,6451,INE01Z401013,SHUBHLAXMI,SM,,,,,SHUBHLAXMI JEWEL ART LTD,24.55,26.0,24.3,25.45,24.3,25.5,,25.45,,,15000,375850.0,14,F1,1000,,,,,
2026-07-09,2026-07-09,CM,NSE,STK,10192,INE979R01011,SHYAMCENT,BE,,,,,SHYAM CENTURY FERROUS LTD,5.7,5.8,5.66,5.75,5.72,5.72,,5.75,,,63684,366667.35,125,F1,1,,,,,
2026-07-09,2026-07-09,CM,NSE,STK,761213,INE1CRP01016,SHYAMDHANI,ST,,,,,SHYAM DHANI INDUSTRIES L,61.55,62.0,61.5,62.0,62.0,63.9,,62.0,,,6000,370100.0,3,F1,2000,,,,,
2026-07-09,2026-07-09,CM,NSE,STK,4693,INE810G01011,SHYAMMETL,EQ,,,,,SHYAM METALICS AND ENGY L,931.35,951.35,929.2,948.4,951.0,928.35,,948.35,,,310719,292630934.25,7201,F1,1,,,,,
2026-07-09,2026-07-09,CM,NSE,STK,13741,INE635A01023,SHYAMTEL,BE,,,,,SHYAM TELECOM LIMITED,17.54,17.54,17.5,17.5,17.5,17.54,,17.69,,,240,4208.0,3,F1,1,,,,,
2026-07-09,2026-07-09,CM,NSE,STK,16875,INE176J01011,SICAGEN,EQ,,,,,SICAGEN INDIA LIMITED,52.1,53.7,51.86,52.49,53.24,52.08,,52.49,,,8118,429811.35,39,F1,1,,,,,
2026-07-09,2026-07-09,CM,NSE,STK,19434,INE075B01020,SICALLOG,EQ,,,,,SICAL LOGISTICS LIMITED,86.5,92.99,86.5,89.84,90.7,89.98,,89.84,,,11334,1018484.62,226,F1,1,,,,,
2026-07-09,2026-07-09,CM,NSE,STK,759053,INE0SVO01019,SIDDHICOTS,SM,,,,,SIDDHI COTSPIN LIMITED,27.3,28.75,27.3,28.75,28.75,28.75,,28.75,,,2400,67260.0,2,F1,1200,,,,,
2026-07-09,2026-07-09,CM,NSE,STK,3148,INE0A1E01018,SIDDHIKA,SM,,,,,SIDDHIKA COATINGS LIMITED,216.4,216.55,216.35,216.55,216.55,206.25,,216.55,,,3500,757700.0,5,F1,500,,,,,
2026-07-09,2026-07-09,CM,NSE,STK,756871,INE1NPP01017,ENRIN,EQ,,,,,SIEMENS ENERGY INDIA LTD,3369.7,3453.0,3353.1,3438.0,3450.0,3358.7,,3437.9,,,288824,983216028.0,30663,F1,1,,,,,
2026-07-09,2026-07-09,CM,NSE,STK,3150,INE003A01024,SIEMENS,EQ,,,,,SIEMENS LTD,3429.0,3484.6,3426.0,3476.4,3475.0,3446.1,,3476.4,,,283931,980687639.1,19895,F1,1,,,,,
2026-07-09,2026-07-09,CM,NSE,STK,6664,INE0D0K01022,SIGACHI,BE,,,,,SIGACHI INDUSTRIES LTD,21.75,22.23,21.75,22.23,22.23,21.8,,22.18,,,312564,6887416.49,421,F1,1,,,,,
2026-07-09,2026-07-09,CM,NSE,STK,14793,INE933B01012,SIGMAADV,EQ,,,,,SIGMA ADVANCED SYSTEM LTD,537.0,558.05,537.0,558.05,558.05,531.5,,558.0,,,231921,128517137.1,2760,F1,1,,,,,
2026-07-09,2026-07-09,CM,NSE,STK,16658,INE0A0S01028,SIGMA,EQ,,,,,SIGMA SOLVE LIMITED,38.0,39.67,38.0,38.54,38.66,38.36,,38.54,,,90005,3474485.75,805,F1,1,,,,,
2026-07-09,2026-07-09,CM,NSE,STK,18743,INE903U01023,SIGNATURE,EQ,,,,,SIGNATUREGLOBAL INDIA LTD,770.1,823.0,765.0,808.75,807.0,769.55,,808.75,,,1051196,851012444.3,29452,F1,1,,,,,
2026-07-09,2026-07-09,CM,NSE,STK,4522,INE529F01035,SIGIND,EQ,,,,,SIGNET INDUSTRIES LIMITED,46.2,47.0,45.63,46.26,46.25,46.2,,46.3,,,5508,254970.82,59,F1,1,,,,,
2026-07-09,2026-07-09,CM,NSE,STK,23150,INE0RDE01010,SIGNORIA,ST,,,,,SIGNORIA CREATION LIMITED,135.0,135.9,135.0,135.9,135.9,129.45,,135.9,,,4000,542700.0,4,F1,1000,,,,,
2026-07-09,2026-07-09,CM,NSE,STK,22656,INE0KGZ01021,SIGNPOST,EQ,,,,,SIGNPOST INDIA LIMITED,314.4,324.5,310.0,320.1,320.0,310.15,,320.1,,,450864,143879690.2,10500,F1,1,,,,,
2026-07-09,2026-07-09,CM,NSE,STK,762914,INE438E01032,SIKA,EQ,,,,,SIKA INTERPLANT SYSTEMS L,1189.1,1227.6,1189.1,1213.2,1217.4,1184.0,,1213.4,,,71994,87189061.3,4810,F1,1,,,,,
2026-07-09,2026-07-09,CM,NSE,STK,6218,INE112X01025,SIKKO,EQ,,,,,SIKKO INDUSTRIES LIMITED,3.79,4.18,3.79,4.11,4.12,3.77,,4.11,,,1040902,4242940.07,1031,F1,1,,,,,
2026-07-09,2026-07-09,CM,NSE,STK,4105,INE923A01015,SILINV,EQ,,,,,SIL INVESTMENTS LIMITED,415.0,424.7,415.0,421.2,423.0,415.0,,421.2,,,774,326132.9,73,F1,1,,,,,
2026-07-09,2026-07-09,CM,NSE,STK,2492,INE01II01013,SILGO,EQ,,,,,SILGO RETAIL LIMITED,75.4,76.8,74.25,74.85,74.56,74.93,,74.85,,,147198,11124032.96,847,F1,1,,,,,
2026-07-09,2026-07-09,CM,NSE,STK,757679,INE0SN801015,SILKY,SM,,,,,SILKY OVERSEAS LIMITED,107.9,108.95,107.9,108.4,108.95,107.9,,108.4,,,1600,173480.0,2,F1,800,,,,,
2026-07-09,2026-07-09,CM,NSE,STK,19097,INE203Y01012,SILLYMONKS,EQ,,,,,SILLY MONKS ENTERTAIN LTD,16.39,17.22,16.12,16.25,16.25,16.27,,16.25,,,7245,118561.5,95,F1,1,,,,,
2026-07-09,2026-07-09,CM,NSE,STK,9422,INE625X01026,SILVERTUC,EQ,,,,,SILVER TOUCH TECHNO LTD,189.0,194.0,185.25,187.47,186.9,187.9,,187.46,,,557624,105746272.81,6937,F1,1,,,,,
2026-07-09,2026-07-09,CM,NSE,STK,758836,INE748T01016,SIMBHALS,BZ,,,,,SIMBHAOLI SUGARS LTD.,6.86,6.94,6.58,6.86,6.86,6.7,,6.83,,,5422,36749.62,40,F1,1,,,,,
2026-07-09,2026-07-09,CM,NSE,STK,763375,INE1K4J01018,SIMCA,SM,,,,,SIMCA ADVERTISING LIMITED,182.25,189.75,182.15,186.3,187.5,182.25,,186.3,,,88800,16436280.0,121,F1,600,,,,,
2026-07-09,2026-07-09,CM,NSE,STK,3162,INE059B01024,SIMPLEXINF,EQ,,,,,SIMPLEX INFRASTRUCTURES L,252.7,272.0,252.7,267.75,270.0,255.6,,267.75,,,28606,7567470.5,617,F1,1,,,,,
2026-07-09,2026-07-09,CM,NSE,STK,23480,INE985A01022,SINCLAIR,EQ,,,,,SINCLAIRS HOTELS LIMITED,74.93,75.18,74.05,74.89,75.0,73.45,,74.89,,,6372,475213.86,243,F1,1,,,,,
2026-07-09,2026-07-09,CM,NSE,STK,16859,INE325D01025,SINDHUTRAD,EQ,,,,,SINDHU TRADE LINKS LTD,25.15,25.8,25.11,25.5,25.51,25.22,,25.5,,,5532457,141072176.25,2489,F1,1,,,,,
2026-07-09,2026-07-09,CM,NSE,STK,761420,INE638A01035,SINGERIND,EQ,,,,,SINGER INDIA LIMITED,68.7,69.69,67.4,67.64,67.94,68.07,,67.67,,,31930,2177275.29,857,F1,1,,,,,
2026-07-09,2026-07-09,CM,NSE,STK,381,INE129Z01016,SINTERCOM,EQ,,,,,SINTERCOM INDIA LIMITED,73.53,76.01,73.53,75.99,75.0,74.28,,75.99,,,961,72548.65,17,F1,1,,,,,
2026-07-09,2026-07-09,CM,NSE,STK,11050,INE792Z01011,SIRCA,EQ,,,,,SIRCA PAINT INDIA LIMITED,400.5,402.75,391.0,393.4,391.7,397.2,,393.4,,,161230,63920731.1,3904,F1,1,,,,,
2026-07-09,2026-07-09,CM,NSE,STK,21501,INE285J01028,SIS,EQ,,,,,SIS LIMITED,431.0,439.9,429.85,437.8,439.5,430.05,,437.85,,,86768,37811298.4,3709,F1,1,,,,,
2026-07-09,2026-07-09,CM,NSE,STK,29210,INE965H01011,SITINET,BZ,,,,,SITI NETWORKS LIMITED,0.33,0.34,0.33,0.33,0.33,0.33,,0.33,,,571819,190853.9,146,F1,1,,,,,
2026-07-09,2026-07-09,CM,NSE,STK,14096,INE076B01028,SIYSIL,EQ,,,,,SIYARAM SILK MILLS LTD,611.95,641.45,611.95,635.0,638.2,611.55,,635.0,,,69429,43756537.15,5446,F1,1,,,,,
2026-07-09,2026-07-09,CM,NSE,STK,6643,INE284S01014,SJS,EQ,,,,,SJS ENTERPRISES LIMITED,2216.5,2288.9,2173.5,2197.8,2195.0,2216.5,,2197.8,,,194439,430845469.5,23803,F1,1,,,,,
2026-07-09,2026-07-09,CM,NSE,STK,18883,INE002L01015,SJVN,EQ,,,,,SJVN LTD,70.15,70.88,69.87,70.07,70.2,70.14,,70.07,,,1314603,92493474.67,12194,F1,1,,,,,
2026-07-09,2026-07-09,CM,NSE,STK,760101,INE2J8701016,SKFINDUS,EQ,,,,,SKF IND (INDUSTRIAL) LTD,2899.9,3041.0,2821.0,2836.6,2828.0,2896.7,,2836.7,,,85455,251276034.6,14509,F1,1,,,,,
2026-07-09,2026-07-09,CM,NSE,STK,3186,INE640A01023,SKFINDIA,EQ,,,,,SKF INDIA LTD,1600.0,1610.0,1546.9,1552.4,1550.0,1587.3,,1552.5,,,60098,94368555.7,5964,F1,1,,,,,
2026-07-09,2026-07-09,CM,NSE,STK,9428,INE439E01022,SKIPPER,EQ,,,,,SKIPPER LIMITED,534.0,559.0,534.0,548.05,548.0,532.6,,548.05,,,606192,334866957.55,16701,F1,1,,,,,
2026-07-09,2026-07-09,CM,NSE,STK,4732,INE411D01023,SKMEGGPROD,EQ,,,,,SKM EGG PROD EXPORT(I) LT,297.75,321.75,293.6,316.15,316.4,296.25,,316.1,,,833871,261853005.55,18876,F1,1,,,,,
2026-07-09,2026-07-09,CM,NSE,STK,10325,INE0KZA01016,SKP,SM,,,,,SKP BEARING INDUSTRI. LTD,150.0,152.95,149.15,152.8,152.8,150.05,,152.8,,,5000,755500.0,9,F1,500,,,,,
2026-07-09,2026-07-09,CM,NSE,STK,13631,INE01IU01018,SKYGOLD,EQ,,,,,SKY GOLD AND DIAMONDS LTD,595.0,629.7,592.85,623.3,619.95,585.5,,623.3,,,3184727,1970735128.3,54702,F1,1,,,,,
2026-07-09,2026-07-09,CM,NSE,STK,23692,INE0SMA01017,SLONE,ST,,,,,SLONE INFOSYSTEMS LIMITED,119.7,122.25,119.7,122.25,122.25,116.45,,122.25,,,3200,388920.0,7,F1,400,,,,,
2026-07-09,2026-07-09,CM,NSE,STK,757622,INE14GK01016,SMARTEN,ST,,,,,SMARTEN POWER SYSTEMS LTD,62.0,62.9,61.0,62.4,62.9,60.0,,62.4,,,14400,897960.0,8,F1,1200,,,,,
2026-07-09,2026-07-09,CM,NSE,STK,9893,INE178C01020,SMARTLINK,BE,,,,,SMARTLINK HOLDINGS LTD,173.0,183.0,173.0,179.92,182.0,176.63,,179.93,,,25427,4522346.74,107,F1,1,,,,,
2026-07-09,2026-07-09,CM,NSE,STK,757965,INE0NAZ01010,SMARTWORKS,EQ,,,,,SMARTWORKS COWORKING SP L,453.9,464.8,450.4,458.0,455.0,452.75,,458.0,,,37913,17312615.7,4411,F1,1,,,,,
2026-07-09,2026-07-09,CM,NSE,STK,760218,INE05NX24023,8SMC29,N1,,,,,SMC 8% 2029 STRPP A,508.0,510.0,506.0,506.0,506.0,503.0,,506.0,,,420,212580.0,6,F1,1,,,,,
2026-07-09,2026-07-09,CM,NSE,STK,760219,INE05NX24031,8SMC30,N2,,,,,SMC 8% 2030 STRPP B,505.0,510.0,500.0,510.0,510.0,501.0,,510.0,,,710,357050.0,11,F1,1,,,,,
2026-07-09,2026-07-09,CM,NSE,STK,2320,INE103C01036,SMCGLOBAL,EQ,,,,,SMC GLOBAL SECURITIES LTD,68.97,70.86,68.67,70.46,70.7,68.8,,70.46,,,166834,11703055.81,1270,F1,1,,,,,
2026-07-09,2026-07-09,CM,NSE,STK,3387,INE294B01019,SMLMAH,EQ,,,,,SML MAHINDRA LIMITED,3875.0,4124.5,3870.0,4080.4,4117.0,3876.4,,4071.3,,,98284,395517034.0,15425,F1,1,,,,,
2026-07-09,2026-07-09,CM,NSE,STK,14329,INE812G01025,SMSPHARMA,EQ,,,,,SMS PHARMACEUTICALS LTD.,405.0,410.95,403.65,407.05,407.1,403.25,,407.05,,,375910,153319684.4,7190,F1,1,,,,,
2026-07-09,2026-07-09,CM,NSE,STK,758949,INE1OIC01018,SNEHAA,ST,,,,,SNEHAA ORGANICS LIMITED,46.5,46.5,45.15,45.2,45.15,46.5,,45.2,,,4000,183450.0,4,F1,1000,,,,,
2026-07-09,2026-07-09,CM,NSE,STK,4843,INE734N01019,SNOWMAN,EQ,,,,,SNOWMAN LOGISTICS LTD.,36.75,36.75,34.46,35.82,35.6,35.94,,35.83,,,433482,15538287.02,1986,F1,1,,,,,
2026-07-09,2026-07-09,CM,NSE,STK,13826,INE671H01015,SOBHA,EQ,,,,,SOBHA LIMITED,1451.0,1475.2,1438.2,1469.8,1462.0,1451.2,,1469.8,,,132259,193789997.2,12082,F1,1,,,,,
2026-07-09,2026-07-09,CM,NSE,STK,8268,INE728Z01015,SOFTTECH,BE,,,,,SOFTTECH ENGINEERS LTD,432.0,434.8,432.0,434.8,434.8,426.3,,434.8,,,200,86436.4,10,F1,1,,,,,
2026-07-09,2026-07-09,CM,NSE,STK,13332,INE343H01029,SOLARINDS,EQ,,,,,SOLAR INDUSTRIES (I) LTD,17994.0,18059.0,17028.0,17380.0,17385.0,17971.0,,17380.0,,,326120,5658793864.0,60315,F1,1,,,,,
2026-07-09,2026-07-09,CM,NSE,STK,3672,INE624Z01016,SOLARA,EQ,,,,,SOLARA ACTIVE PHA SCI LTD,564.5,583.8,556.0,566.85,562.15,559.55,,566.9,,,356917,204334951.6,12408,F1,1,,,,,
2026-07-09,2026-07-09,CM,NSE,STK,759929,INE0TY101024,SOLARWORLD,EQ,,,,,SOLARWORLD ENERGY SOL LTD,204.32,209.5,204.32,207.44,209.05,202.3,,207.42,,,326266,67585078.96,4189,F1,1,,,,,
2026-07-09,2026-07-09,CM,NSE,STK,759397,INE880Y01017,SOLEX,EQ,,,,,SOLEX ENERGY LIMITED,990.7,1075.0,990.7,1018.4,1020.1,998.0,,1018.4,,,165320,171793870.0,14550,F1,1,,,,,
2026-07-09,2026-07-09,CM,NSE,STK,1338,INE480C01038,SDBL,EQ,,,,,SOM DIST & BREW LTD,66.6,67.73,66.5,67.08,67.02,66.49,,67.08,,,403370,27090182.38,3980,F1,1,,,,,
2026-07-09,2026-07-09,CM,NSE,STK,4201,INE314C01013,SOMATEX,EQ,,,,,SOMA TEXTILES & INDUST LT,108.49,112.8,103.41,111.08,112.8,102.55,,111.12,,,41311,4526709.02,640,F1,1,,,,,
2026-07-09,2026-07-09,CM,NSE,STK,3880,INE355A01028,SOMANYCERA,EQ,,,,,SOMANY CERAMICS LIMITED,508.4,520.0,506.55,509.5,508.5,508.4,,509.5,,,52309,26856091.0,3230,F1,1,,,,,
2026-07-09,2026-07-09,CM,NSE,STK,17794,INE323J01019,SOMICONVEY,EQ,,,,,SOMI CONVEYOR BELT. LTD.,100.9,102.6,94.05,99.64,99.94,98.27,,99.34,,,47569,4709782.41,1527,F1,1,,,,,
2026-07-09,2026-07-09,CM,NSE,STK,4684,INE073K01018,SONACOMS,EQ,,,,,SONA BLW PRECISION FRGS L,664.3,675.4,659.8,670.75,671.0,662.05,,670.75,,,1358978,907308922.85,54077,F1,1,,,,,
2026-07-09,2026-07-09,CM,NSE,STK,23055,INE0Q6H01012,SONAMAC,ST,,,,,SONA MACHINERY LIMITED,30.9,30.9,30.2,30.2,30.2,30.9,,30.2,,,2000,61100.0,2,F1,1000,,,,,
2026-07-09,2026-07-09,CM,NSE,STK,762919,INE321M01017,SONAL,EQ,,,,,SONAL MERCANTILE LTD.,94.99,94.99,90.5,91.06,90.5,94.99,,92.99,,,107,9726.49,14,F1,1,,,,,
2026-07-09,2026-07-09,CM,NSE,STK,8806,INE00LM01029,SONAMLTD,EQ,,,,,SONAM LIMITED,53.52,54.77,52.62,53.06,52.86,53.6,,53.06,,,14618,783720.68,565,F1,1,,,,,
2026-07-09,2026-07-09,CM,NSE,STK,6596,INE269A01021,SONATSOFTW,EQ,,,,,SONATA SOFTWARE LTD,276.3,279.75,271.85,275.9,276.1,274.55,,275.9,,,585739,162245220.45,12140,F1,1,,,,,
2026-07-09,2026-07-09,CM,NSE,STK,9463,INE0JZA01018,SONUINFRA,ST,,,,,SONU INFRATECH LIMITED,43.4,43.4,43.4,43.4,43.4,41.4,,43.4,,,4500,195300.0,2,F1,1500,,,,,
2026-07-09,2026-07-09,CM,NSE,STK,9678,INE980Y01015,SOUTHWEST,EQ,,,,,SOUTH WEST PINNACLE LTD,229.0,233.55,223.2,230.07,231.0,228.4,,230.07,,,204118,46481302.9,5533,F1,1,,,,,
2026-07-09,2026-07-09,CM,NSE,STK,19372,INE970N01027,SPCENET,EQ,,,,,SPACENET ENTERS IND LTD,3.78,3.94,3.73,3.89,3.88,3.77,,3.89,,,805830,3093911.36,672,F1,1,,,,,
2026-07-09,2026-07-09,CM,NSE,STK,758420,IN9572J01019,SSFLPP,E1,,,,,SPANDANA RS.5 PPD UP,156.2,168.95,153.0,161.95,160.1,154.25,,161.95,,,18313,3019890.05,464,F1,1,,,,,
2026-07-09,2026-07-09,CM,NSE,STK,11435,INE572J01011,SPANDANA,EQ,,,,,SPANDANA SPHOORTY FIN LTD,290.0,312.55,290.0,303.45,305.0,289.55,,303.45,,,956442,292944477.15,18740,F1,1,,,,,
2026-07-09,2026-07-09,CM,NSE,STK,760138,INE1CW901027,SPEB,ST,,,,,SPEB ADHESIVES LIMITED,90.5,90.5,90.0,90.25,90.0,91.0,,90.25,,,4000,361000.0,2,F1,2000,,,,,
2026-07-09,2026-07-09,CM,NSE,STK,27107,INE247M01014,SPECIALITY,EQ,,,,,SPECIALITY REST LTD,124.77,126.76,124.32,124.9,124.4,123.77,,124.9,,,27212,3404300.69,636,F1,1,,,,,
2026-07-09,2026-07-09,CM,NSE,STK,30455,INE01EO01010,SPECTRUM,EQ,,,,,SPECTRUM ELECTRIC IND LTD,1889.8,1965.6,1882.2,1907.0,1905.9,1875.4,,1907.1,,,16365,31372227.6,2003,F1,1,,,,,
2026-07-09,2026-07-09,CM,NSE,STK,16883,INE0OL001018,SPECTSTM,ST,,,,,SPECTRUM TALENT MGMT LTD,57.0,57.1,57.0,57.0,57.0,57.0,,57.0,,,5600,319360.0,7,F1,800,,,,,
2026-07-09,2026-07-09,CM,NSE,STK,8163,INE020801028,SPENCERS,EQ,,,,,SPENCER S RETAIL LIMITED,35.07,35.7,34.45,34.63,34.5,35.08,,34.66,,,47136,1652358.6,551,F1,1,,,,,
2026-07-09,2026-07-09,CM,NSE,STK,3252,INE147A01011,SPIC,EQ,,,,,SPIC LTD,66.72,67.95,66.72,66.99,67.0,66.52,,66.99,,,347080,23381537.22,3003,F1,1,,,,,
2026-07-09,2026-07-09,CM,NSE,STK,11935,INE978G01016,SPLIL,EQ,,,,,SPL INDUSTRIES LIMITED,31.39,32.49,30.61,31.45,32.29,31.04,,31.46,,,6432,200940.98,77,F1,1,,,,,
2026-07-09,2026-07-09,CM,NSE,STK,3321,INE937A01023,SPMLINFRA,EQ,,,,,SPML INFRA LIMITED,186.91,192.89,186.6,189.99,191.9,186.93,,189.99,,,138102,26254723.97,3198,F1,1,,,,,
2026-07-09,2026-07-09,CM,NSE,STK,10733,INE885H01029,SPORTKING,EQ,,,,,SPORTKING INDIA LIMITED,177.9,186.0,177.9,183.37,184.5,177.12,,183.36,,,322791,59126910.13,6039,F1,1,,,,,
2026-07-09,2026-07-09,CM,NSE,STK,17186,INE526E01018,SHRIPISTON,EQ,,,,,SPR AUTO TECHNOLOGIES LTD,4148.7,4274.1,4112.7,4246.3,4238.7,4116.8,,4246.5,,,30476,128522832.1,9789,F1,1,,,,,
2026-07-09,2026-07-09,CM,NSE,STK,757865,INE19QH01010,SPUNWEB,SM,,,,,SPUNWEB NONWOVEN LIMITED,106.0,106.0,106.0,106.0,106.0,106.0,,106.0,,,1200,127200.0,1,F1,1200,,,,,
2026-07-09,2026-07-09,CM,NSE,STK,14582,INE917H01012,SRHHYPOLTD,EQ,,,,,SREE RAYALSEEMA HHP LTD.,482.0,499.95,482.0,494.8,493.0,491.4,,494.8,,,5147,2548030.3,276,F1,1,,,,,
2026-07-09,2026-07-09,CM,NSE,STK,31837,INE099F01013,SREEL,EQ,,,,,SREELEATHERS LIMITED,207.47,212.7,207.0,211.3,212.7,206.44,,211.3,,,3057,642951.96,119,F1,1,,,,,
2026-07-09,2026-07-09,CM,NSE,STK,3273,INE647A01010,SRF,EQ,,,,,SRF LTD,2720.0,2792.5,2718.0,2756.9,2763.9,2709.5,,2756.2,,,201957,555881663.8,18824,F1,1,,,,,
2026-07-09,2026-07-09,CM,NSE,STK,18119,INE559N01010,SRGHFL,EQ,,,,,SRG HOUSING FINANCE L,298.1,308.0,293.15,300.0,300.0,300.85,,300.0,,,1038,311871.35,77,F1,1,,,,,
2026-07-09,2026-07-09,CM,NSE,STK,7457,INE293B01029,HAVISHA,EQ,,,,,SRI HAVISHA HOSP & INFR L,1.3,1.3,1.15,1.17,1.17,1.27,,1.17,,,272470,323226.81,337,F1,1,,,,,
2026-07-09,2026-07-09,CM,NSE,STK,758145,INE0V9Q01010,LOTUSDEV,EQ,,,,,SRI LOTUS DEVLPRS N RTY L,139.5,144.2,139.5,142.36,142.6,139.3,,142.36,,,370320,52919977.07,5786,F1,1,,,,,
2026-07-09,2026-07-09,CM,NSE,STK,761393,INE0TPJ01019,SPCON,SM,,,,,SRINIBAS PRADHAN CONST L,139.95,139.95,139.95,139.95,139.95,130.0,,139.95,,,1200,167940.0,1,F1,1200,,,,,
2026-07-09,2026-07-09,CM,NSE,STK,18059,INE0ON201012,SSFL,ST,,,,,SRIVARI SPICES N FOODS L,282.0,284.0,270.55,277.5,281.8,280.9,,277.5,,,15000,4148600.0,30,F1,500,,,,,
2026-07-09,2026-07-09,CM,NSE,STK,14416,INE0NPI01014,SRIVASAVI,ST,,,,,SRIVASAVI ADHESIVE TAPE L,79.0,79.0,77.0,79.0,79.0,79.65,,79.0,,,8000,623000.0,8,F1,1000,,,,,
2026-07-09,2026-07-09,CM,NSE,STK,23402,INE0R6Z01013,SRM,EQ,,,,,SRM CONTRACTORS LIMITED,474.9,488.1,468.35,478.35,477.15,474.35,,478.3,,,53877,25889670.45,2679,F1,1,,,,,
2026-07-09,2026-07-09,CM,NSE,STK,29204,INE0RYC01010,STALLION,EQ,,,,,STALLION IND FLUOROCHEM L,179.8,185.4,179.8,182.12,184.0,179.82,,182.12,,,558184,102045262.85,8152,F1,1,,,,,
2026-07-09,2026-07-09,CM,NSE,STK,29075,INE0M4D01010,SETL,EQ,,,,,STANDARD ENGNG TCNLGY LTD,272.95,278.8,266.45,276.9,276.5,265.6,,276.85,,,881920,242889307.9,9602,F1,1,,,,,
2026-07-09,2026-07-09,CM,NSE,STK,11297,INE173A01025,SIL,EQ,,,,,STANDARD INDUSTRIES LTD.,15.61,16.29,15.61,16.05,16.25,16.1,,16.05,,,20870,335302.87,148,F1,1,,,,,
2026-07-09,2026-07-09,CM,NSE,STK,24226,INE01A001028,STANLEY,EQ,,,,,STANLEY LIFESTYLES LTD,151.0,157.0,151.0,154.74,154.0,150.93,,154.71,,,133626,20562388.63,3066,F1,1,,,,,
2026-07-09,2026-07-09,CM,NSE,STK,21091,INE460H01021,STARCEMENT,EQ,,,,,STAR CEMENT LIMITED,204.43,207.2,203.4,204.93,204.93,202.41,,204.92,,,92263,18910456.11,2036,F1,1,,,,,
2026-07-09,2026-07-09,CM,NSE,STK,7083,INE575P01011,STARHEALTH,EQ,,,,,STAR HEALTH & AL INS CO L,584.15,606.0,584.1,603.25,603.0,584.2,,603.25,,,992624,592068360.3,20237,F1,1,,,,,
2026-07-09,2026-07-09,CM,NSE,STK,3291,INE733A01018,STARPAPER,EQ,,,,,STAR PAPER MILLS LTD,140.0,142.95,138.42,139.29,140.1,139.87,,138.96,,,2057,286753.85,70,F1,1,,,,,
2026-07-09,2026-07-09,CM,NSE,STK,9305,INE992I01013,STARTECK,EQ,,,,,STARTECK FINANCE LIMITED,281.9,284.95,272.3,276.1,274.45,273.1,,276.2,,,5897,1666068.55,115,F1,1,,,,,
2026-07-09,2026-07-09,CM,NSE,STK,3045,INE062A01020,SBIN,EQ,,,,,STATE BANK OF INDIA,1019.8,1031.7,1019.3,1022.1,1022.5,1016.9,,1022.0,,,7661699,7854071089.5,169565,F1,1,,,,,
2026-07-09,2026-07-09,CM,NSE,STK,2963,INE114A01011,SAIL,EQ,,,,,STEEL AUTHORITY OF INDIA,162.5,167.5,161.72,165.9,167.45,162.02,,165.9,,,11731829,1930452636.43,58943,F1,1,,,,,
2026-07-09,2026-07-09,CM,NSE,STK,10406,INE395H01011,STEELCITY,EQ,,,,,STEEL CITY SECURITIES LTD,78.76,78.76,77.0,78.17,78.27,76.89,,78.17,,,1468,113900.11,48,F1,1,,,,,
2026-07-09,2026-07-09,CM,NSE,STK,21339,INE503B01021,STEELXIND,EQ,,,,,STEEL EXCHANGE INDIA LTD,12.12,12.38,12.02,12.15,12.2,11.94,,12.15,,,1790419,21830151.93,2895,F1,1,,,,,
2026-07-09,2026-07-09,CM,NSE,STK,11829,INE802C01033,SSWL,EQ,,,,,STEEL STRIPS WHEELS LTD.,235.84,243.88,235.07,240.05,241.8,237.47,,240.05,,,377698,90249365.47,8697,F1,1,,,,,
2026-07-09,2026-07-09,CM,NSE,STK,6803,INE124E01038,STEELCAS,EQ,,,,,STEELCAST LIMITED,306.0,312.0,302.85,305.75,307.75,305.9,,305.75,,,52340,16066218.5,2068,F1,1,,,,,
2026-07-09,2026-07-09,CM,NSE,STK,21484,INE577L01016,STEL,EQ,,,,,STEL HOLDINGS LIMITED,550.75,570.5,546.85,563.9,563.2,540.6,,563.8,,,2346,1313054.1,386,F1,1,,,,,
2026-07-09,2026-07-09,CM,NSE,STK,6188,INE334A01023,STERTOOLS,BE,,,,,STERLING TOOLS LIMITED,231.11,239.0,231.11,235.84,237.5,230.88,,236.41,,,10132,2401342.7,257,F1,1,,,,,
2026-07-09,2026-07-09,CM,NSE,STK,9313,INE089C01029,STLTECH,BE,,,,,STERLITE TECHNOLOGIES LTD,501.75,554.55,501.75,554.35,554.55,528.15,,554.35,,,3995876,2102388843.95,46163,F1,1,,,,,
2026-07-09,2026-07-09,CM,NSE,STK,13367,INE353H01010,SGL,EQ,,,,,STL GLOBAL LIMITED,9.78,10.1,9.78,9.78,9.79,9.7,,9.78,,,5011,49262.17,35,F1,1,,,,,
2026-07-09,2026-07-09,CM,NSE,STK,758978,INE1VXE01018,STLNETWORK,BE,,,,,STL NETWORKS LIMITED,25.43,25.98,24.9,25.39,25.45,24.82,,25.39,,,245574,6229483.28,771,F1,1,,,,,
2026-07-09,2026-07-09,CM,NSE,STK,2107,INE00IN01015,STOVEKRAFT,EQ,,,,,STOVE KRAFT LIMITED,782.45,828.0,782.45,797.4,800.0,782.45,,797.5,,,386880,314503782.35,18084,F1,1,,,,,
2026-07-09,2026-07-09,CM,NSE,STK,761091,INE1XWN01017,STRIDERS,SM,,,,,STRIDERS IMPEX LIMITED,61.2,61.8,50.2,53.8,53.5,58.25,,53.8,,,161600,8740320.0,88,F1,1600,,,,,
2026-07-09,2026-07-09,CM,NSE,STK,7374,INE939A01011,STAR,EQ,,,,,STRIDES PHARMA SCI LTD,1081.4,1124.9,1069.3,1076.0,1072.0,1080.8,,1075.8,,,217028,236868733.6,16858,F1,1,,,,,
2026-07-09,2026-07-09,CM,NSE,STK,12489,INE00M201021,SWSOLAR,EQ,,,,,STRLNG & WIL REN ENE LTD,234.09,240.7,229.41,230.03,230.78,232.41,,230.03,,,2058448,482385559.83,24878,F1,1,,,,,
2026-07-09,2026-07-09,CM,NSE,STK,759587,INE00Q601028,STUDDS,EQ,,,,,STUDDS ACCESSORIES LTD,457.0,466.5,457.0,460.15,458.25,457.7,,460.15,,,42360,19621969.15,1133,F1,1,,,,,
2026-07-09,2026-07-09,CM,NSE,STK,758530,INE17VO01028,STUDIOLSD,ST,,,,,STUDIO LSD LIMITED,9.25,9.25,9.05,9.05,9.05,9.25,,9.05,,,10000,91000.0,5,F1,2000,,,,,
2026-07-09,2026-07-09,CM,NSE,STK,5186,INE239C01020,STYLAMIND,EQ,,,,,STYLAM INDUSTRIES LIMITED,3032.6,3188.8,3032.6,3154.1,3159.6,3060.2,,3154.0,,,16349,51481168.8,4410,F1,1,,,,,
2026-07-09,2026-07-09,CM,NSE,STK,19,INE189B01011,STYRENIX,EQ,,,,,STYRENIX PERFORMANCE LTD,2204.5,2295.2,2204.5,2276.5,2275.0,2204.5,,2276.0,,,15919,35942893.5,1799,F1,1,,,,,
2026-07-09,2026-07-09,CM,NSE,STK,760112,INE0RYR01018,SUBAHOTELS,SM,,,,,SUBA HOTELS LIMITED,118.05,119.2,117.35,117.6,117.35,115.8,,117.6,,,14400,1703280.0,12,F1,1200,,,,,
2026-07-09,2026-07-09,CM,NSE,STK,959,INE754A01055,SUBEXLTD,BE,,,,,SUBEX LTD,11.94,12.6,11.94,12.6,12.6,12.0,,12.59,,,2339380,29370836.96,1797,F1,1,,,,,
2026-07-09,2026-07-09,CM,NSE,STK,3324,INE287B01021,SUBROS,EQ,,,,,SUBROS LIMITED,801.0,816.9,796.8,813.6,815.0,793.8,,813.6,,,40794,33101830.5,3590,F1,1,,,,,
2026-07-09,2026-07-09,CM,NSE,STK,3327,INE659A01023,SUDARSCHEM,EQ,,,,,SUDARSHAN CHEMICAL INDS L,920.15,954.9,916.6,941.95,941.0,914.45,,941.95,,,293440,276995287.05,15479,F1,1,,,,,
2026-07-09,2026-07-09,CM,NSE,STK,715,INE492A01029,SUDARCOLOR,EQ,,,,,SUDARSHAN COLORNT IND LTD,355.15,362.95,350.2,353.75,355.0,350.2,,353.75,,,3956,1404034.4,293,F1,1,,,,,
2026-07-09,2026-07-09,CM,NSE,STK,760039,INE0QPI01025,SUDEEPPHRM,EQ,,,,,SUDEEP PHARMA LIMITED,795.55,822.8,793.65,802.3,807.0,800.3,,802.3,,,144006,116452911.2,9061,F1,1,,,,,
2026-07-09,2026-07-09,CM,NSE,STK,11804,INE450E01029,SUKHJITS,EQ,,,,,SUKHJIT STARCH & CHEM LTD,169.2,177.87,169.2,171.16,173.0,173.96,,171.17,,,8070,1389012.0,178,F1,1,,,,,
2026-07-09,2026-07-09,CM,NSE,STK,13218,INE142Q01026,SULA,EQ,,,,,SULA VINEYARDS LIMITED,148.49,150.15,148.49,149.65,149.98,148.27,,149.65,,,119528,17883774.45,2471,F1,1,,,,,
2026-07-09,2026-07-09,CM,NSE,STK,20790,INE235C01036,SUMEETINDS,EQ,,,,,SUMEET IND LIMITED,30.7,31.97,30.62,31.68,31.95,31.35,,31.69,,,8529794,270684684.74,6717,F1,1,,,,,
2026-07-09,2026-07-09,CM,NSE,STK,754145,INE235C20010,SUMEET-RE,BE,,,,,SUMEET INDUSTRIES LTD,2.45,2.56,2.3,2.33,2.35,2.38,,2.36,,,6982034,16715008.73,1236,F1,1,,,,,
2026-07-09,2026-07-09,CM,NSE,STK,11141,INE748Z01013,SUMIT,BE,,,,,SUMIT WOODS LIMITED,45.4,46.95,44.12,45.87,46.33,44.94,,45.87,,,27281,1249807.12,108,F1,1,,,,,
2026-07-09,2026-07-09,CM,NSE,STK,17105,INE258G01013,SUMICHEM,EQ,,,,,SUMITOMO CHEM INDIA LTD,467.5,483.35,466.8,481.15,477.1,467.1,,481.15,,,545453,259769540.25,14043,F1,1,,,,,
2026-07-09,2026-07-09,CM,NSE,STK,21275,INE519C01017,SUMMITSEC,EQ,,,,,SUMMIT SECURITIES LTD,1490.6,1543.6,1490.6,1522.7,1543.6,1498.0,,1522.7,,,1687,2565631.1,375,F1,1,,,,,
2026-07-09,2026-07-09,CM,NSE,STK,14788,INE232I01014,SPARC,EQ,,,,,SUN PHARMA ADV.RES.CO.LTD,271.33,284.7,270.2,277.57,278.05,269.98,,277.56,,,3049847,849707978.56,40603,F1,1,,,,,
2026-07-09,2026-07-09,CM,NSE,STK,3351,INE044A01036,SUNPHARMA,EQ,,,,,SUN PHARMACEUTICAL IND L,1889.9,1952.0,1888.2,1938.7,1940.7,1888.2,,1938.7,,,4446201,8604674358.5,203825,F1,1,,,,,
2026-07-09,2026-07-09,CM,NSE,STK,13404,INE424H01027,SUNTV,EQ,,,,,SUN TV NETWORK LIMITED,495.0,503.9,493.55,499.25,503.0,496.6,,499.25,,,124994,62405228.85,8202,F1,1,,,,,
2026-07-09,2026-07-09,CM,NSE,STK,20956,INE0Q3R01026,SUNCLAY,EQ,,,,,SUNDARAM CLAYTON LIMITED,1316.0,1337.8,1309.0,1319.7,1313.0,1315.8,,1319.7,,,2907,3861786.7,480,F1,1,,,,,
2026-07-09,2026-07-09,CM,NSE,STK,3339,INE660A01013,SUNDARMFIN,EQ,,,,,SUNDARAM FINANCE LTD,4653.5,4694.8,4565.0,4621.2,4614.8,4653.5,,4621.2,,,69282,319890470.6,14545,F1,1,,,,,
2026-07-09,2026-07-09,CM,NSE,STK,18931,INE108E01023,SUNDARAM,EQ,,,,,SUNDARAM MULTI PAP LTD,1.26,1.29,1.25,1.25,1.25,1.26,,1.25,,,326550,411531.69,317,F1,1,,,,,
2026-07-09,2026-07-09,CM,NSE,STK,9848,INE073D01013,SUNDRMBRAK,BE,,,,,SUNDARAMBRAKE LININGS LTD,787.0,800.0,778.8,785.05,785.0,803.2,,783.5,,,1144,903264.5,64,F1,1,,,,,
2026-07-09,2026-07-09,CM,NSE,STK,3345,INE387A01021,SUNDRMFAST,EQ,,,,,SUNDRAM FASTENERS LTD,935.0,945.3,929.2,936.35,937.3,933.95,,936.35,,,169799,159068101.25,11939,F1,1,,,,,
2026-07-09,2026-07-09,CM,NSE,STK,761205,INE0CTB01014,SOCL,ST,,,,,SUNDREX OIL COMPANY LTD,27.45,27.45,27.45,27.45,27.45,26.9,,27.45,,,3200,87840.0,2,F1,1600,,,,,
2026-07-09,2026-07-09,CM,NSE,STK,1663,INE209A01019,SUNDROP,EQ,,,,,SUNDROP BRANDS LIMITED,632.0,647.2,632.0,642.05,640.0,634.1,,642.05,,,10936,7007936.4,365,F1,1,,,,,
2026-07-09,2026-07-09,CM,NSE,STK,3348,INE947A01014,SUNFLAG,EQ,,,,,SUNFLAG IRON AND STEEL CO,329.95,341.2,329.0,334.65,335.5,327.4,,334.65,,,119025,40023008.45,3389,F1,1,,,,,
2026-07-09,2026-07-09,CM,NSE,STK,18267,INE0O3O01017,SEL,ST,,,,,SUNGARNER ENERGIES LTD,196.0,207.75,196.0,207.75,207.75,197.9,,207.75,,,6400,1306510.0,20,F1,200,,,,,
2026-07-09,2026-07-09,CM,NSE,STK,24872,INE0U2N01013,SUNLITE,ST,,,,,SUNLITE RECYCLING IND LTD,437.0,458.0,437.0,452.85,454.0,437.0,,452.85,,,13200,5917155.0,36,F1,300,,,,,
2026-07-09,2026-07-09,CM,NSE,STK,757766,INE0SGZ01016,SUNTECH,ST,,,,,SUNTECH INFRA SOLUTIONS L,33.0,33.0,30.75,31.0,31.0,32.35,,31.0,,,52800,1645520.0,31,F1,1600,,,,,
2026-07-09,2026-07-09,CM,NSE,STK,17641,INE805D01034,SUNTECK,EQ,,,,,SUNTECK REALTY LIMITED,312.15,323.35,309.3,319.25,318.3,312.15,,319.25,,,1601631,514516089.85,7673,F1,1,,,,,
2026-07-09,2026-07-09,CM,NSE,STK,8931,INE662A01027,SUPERSPIN,BE,,,,,SUPER SPINNING MILLS LTD,5.1,5.1,5.1,5.1,5.1,5.2,,5.14,,,5875,29962.5,27,F1,1,,,,,
2026-07-09,2026-07-09,CM,NSE,STK,20616,INE712B01010,SUPERHOUSE,EQ,,,,,SUPERHOUSE LIMITED,156.9,158.0,150.7,157.51,157.99,156.98,,157.5,,,7037,1094271.88,255,F1,1,,,,,
2026-07-09,2026-07-09,CM,NSE,STK,11689,INE399C01030,SUPRAJIT,EQ,,,,,SUPRAJIT ENGINEERING LTD,496.0,510.6,493.8,495.65,496.25,492.0,,495.65,,,281165,141291683.35,11368,F1,1,,,,,
2026-07-09,2026-07-09,CM,NSE,STK,758997,INE319Z01021,SUPREMEENG,BZ,,,,,SUPREME ENGINEERING LTD,1.59,1.59,1.59,1.59,1.59,1.56,,1.59,,,58518,93043.62,22,F1,1,,,,,
2026-07-09,2026-07-09,CM,NSE,STK,28069,INE0U6N01014,SFML,SM,,,,,SUPREME FACILITY MGMT LTD,24.4,24.4,24.4,24.4,24.4,22.65,,24.4,,,3200,78080.0,2,F1,1600,,,,,
2026-07-09,2026-07-09,CM,NSE,STK,29439,INE822E01011,SUPREME,EQ,,,,,SUPREME HOLDIN N HOSP I L,48.02,48.5,46.0,46.35,46.11,46.95,,46.45,,,51717,2450035.04,783,F1,1,,,,,
2026-07-09,2026-07-09,CM,NSE,STK,3363,INE195A01028,SUPREMEIND,EQ,,,,,SUPREME INDUSTRIES LTD,3180.0,3239.9,3180.0,3228.4,3227.7,3179.4,,3227.9,,,85405,275258839.3,10882,F1,1,,,,,
2026-07-09,2026-07-09,CM,NSE,STK,15002,INE550H01011,SUPREMEINF,EQ,,,,,SUPREME INFRA. LTD.,82.99,85.79,80.3,83.85,84.03,82.48,,83.84,,,140229,11641045.47,2002,F1,1,,,,,
2026-07-09,2026-07-09,CM,NSE,STK,9617,INE663A01033,SPLPETRO,EQ,,,,,SUPREME PETROCHEM LIMITED,725.1,728.95,718.0,720.7,719.25,725.0,,720.7,,,23892,17245307.75,2195,F1,1,,,,,
2026-07-09,2026-07-09,CM,NSE,STK,21074,INE0QHG01026,SUPREMEPWR,ST,,,,,SUPREME POWER EQUIPMENT L,217.85,225.25,215.5,222.55,223.45,215.75,,222.55,,,35500,7872275.0,63,F1,500,,,,,
2026-07-09,2026-07-09,CM,NSE,STK,7390,INE07RO01027,SUPRIYA,EQ,,,,,SUPRIYA LIFESCIENCE LTD,867.7,887.5,867.0,874.9,876.5,861.7,,874.9,,,341756,300270091.9,16374,F1,1,,,,,
2026-07-09,2026-07-09,CM,NSE,STK,20822,INE843S01025,SURAJEST,EQ,,,,,SURAJ ESTATE DEVELOPERS L,203.06,204.0,199.2,202.27,201.1,200.74,,202.27,,,48907,9888839.93,1043,F1,1,,,,,
2026-07-09,2026-07-09,CM,NSE,STK,24966,INE713C01016,SURAJLTD,EQ,,,,,SURAJ LIMITED,234.0,234.0,227.0,229.96,230.0,234.0,,229.78,,,210,48438.81,15,F1,1,,,,,
2026-07-09,2026-07-09,CM,NSE,STK,27334,INE877V01027,SURAKSHA,EQ,,,,,SURAKSHA DIAGNOSTIC LTD,264.75,269.95,261.0,263.4,261.5,262.6,,263.4,,,17942,4754013.3,816,F1,1,,,,,
2026-07-09,2026-07-09,CM,NSE,STK,21077,INE272L01022,SURANASOL,EQ,,,,,SURANA SOLAR LIMITED,25.78,26.19,25.0,25.37,25.79,25.78,,25.38,,,37152,953743.24,463,F1,1,,,,,
2026-07-09,2026-07-09,CM,NSE,STK,10700,INE130B01031,SURANAT&P,EQ,,,,,SURANA TELECOM AND POW LT,18.51,19.0,18.42,18.7,18.67,18.41,,18.7,,,66409,1246577.76,696,F1,1,,,,,
2026-07-09,2026-07-09,CM,NSE,STK,8513,INE01ZJ01015,SURANI,SM,,,,,SURANI STEEL TUBES LTD.,108.95,108.95,99.95,106.0,105.95,105.0,,106.0,,,7400,768940.0,13,F1,200,,,,,
2026-07-09,2026-07-09,CM,NSE,STK,14139,INE05ST01028,SBGLP,EQ,,,,,SURATWWALA BUS GROUP LTD,24.1,25.0,24.1,24.85,24.69,24.63,,24.85,,,67067,1642323.84,108,F1,1,,,,,
2026-07-09,2026-07-09,CM,NSE,STK,3375,INE335A01020,SURYAROSNI,EQ,,,,,SURYA ROSHNI LTD,255.1,258.85,253.4,255.4,254.65,254.15,,255.4,,,470760,120433637.2,8091,F1,1,,,,,
2026-07-09,2026-07-09,CM,NSE,STK,11852,INE713B01026,SURYALAXMI,EQ,,,,,SURYALAKSHMI COT MIL LTD,58.29,58.29,58.1,58.1,58.1,58.29,,59.83,,,1281,74472.16,24,F1,1,,,,,
2026-07-09,2026-07-09,CM,NSE,STK,762924,INE132C01027,SURYALA,EQ,,,,,SURYALATA SPINNING MILL L,481.2,481.2,440.0,452.5,460.0,441.45,,452.6,,,4436,2026590.8,199,F1,1,,,,,
2026-07-09,2026-07-09,CM,NSE,STK,2970,INE428Q01011,SURYODAY,EQ,,,,,SURYODAY SMALL FIN BK LTD,175.65,179.61,175.65,177.13,177.61,175.65,,177.13,,,186688,33168991.49,3821,F1,1,,,,,
2026-07-09,2026-07-09,CM,NSE,STK,13804,INE645H01027,SUTLEJTEX,BE,,,,,SUTLEJ TEXT & INDUS LTD,36.51,38.6,36.51,37.91,38.0,37.41,,37.91,,,33756,1278318.81,188,F1,1,,,,,
2026-07-09,2026-07-09,CM,NSE,STK,11233,INE495B01038,SUVEN,EQ,,,,,SUVEN LIFE SCIENCES LTD,320.0,354.5,318.55,346.75,350.0,317.1,,346.7,,,2981090,1012132447.9,44122,F1,1,,,,,
2026-07-09,2026-07-09,CM,NSE,STK,2998,INE018401013,SUVIDHAA,EQ,,,,,SUVIDHAA INFOSERVE LTD,2.65,2.65,2.55,2.56,2.57,2.54,,2.56,,,33594,86706.55,145,F1,1,,,,,
2026-07-09,2026-07-09,CM,NSE,STK,24851,INE442P01014,SUYOG,EQ,,,,,SUYOG TELEMATICS LIMITED,880.6,901.4,869.75,877.7,873.5,874.95,,877.65,,,39731,35177806.15,2374,F1,1,,,,,
2026-07-09,2026-07-09,CM,NSE,STK,12018,INE040H01021,SUZLON,EQ,,,,,SUZLON ENERGY LIMITED,53.13,54.29,53.07,53.7,53.68,53.13,,53.7,,,42640345,2292314152.46,87943,F1,1,,,,,
2026-07-09,2026-07-09,CM,NSE,STK,5023,INE308E01029,SVPGLOB,BE,,,,,SVP GLOBAL TEXTILES LTD,3.82,3.99,3.82,3.9,3.9,3.96,,3.99,,,22478,87065.38,50,F1,1,,,,,
2026-07-09,2026-07-09,CM,NSE,STK,27095,INE665A01038,SWANCORP,EQ,,,,,SWAN CORP LIMITED,319.45,323.15,316.45,317.55,318.2,315.45,,317.5,,,569802,182178063.55,9542,F1,1,,,,,
2026-07-09,2026-07-09,CM,NSE,STK,29164,INE542F01020,SWANDEF,BE,,,,,SWAN DEFENCE N HEVY IND L,2203.0,2251.0,2125.0,2161.5,2179.0,2231.9,,2160.9,,,16754,36292046.0,774,F1,1,,,,,
2026-07-09,2026-07-09,CM,NSE,STK,3384,INE277A01016,SWARAJENG,EQ,,,,,SWARAJ ENGINES LTD,3753.0,3796.2,3725.0,3732.3,3730.1,3743.9,,3732.1,,,10131,37921450.7,1761,F1,1,,,,,
2026-07-09,2026-07-09,CM,NSE,STK,8608,INE0GMR01016,SWARAJ,SM,,,,,SWARAJ SUITING LIMITED,317.3,327.0,317.3,323.0,323.2,317.3,,323.0,,,68500,22019600.0,87,F1,500,,,,,
2026-07-09,2026-07-09,CM,NSE,STK,11497,INE0DGC01025,SWASTIK,ST,,,,,SWASTIK PIPE LIMITED,14.15,14.15,14.15,14.15,14.15,14.85,,14.15,,,1200,16980.0,1,F1,1200,,,,,
2026-07-09,2026-07-09,CM,NSE,STK,11909,INE409B01013,SWELECTES,EQ,,,,,SWELECT ENERGY SYS LTD,619.8,639.2,616.0,636.0,635.0,610.65,,636.0,,,18745,11794906.25,1244,F1,1,,,,,
2026-07-09,2026-07-09,CM,NSE,STK,27066,INE00H001014,SWIGGY,EQ,,,,,SWIGGY LIMITED,262.0,282.41,262.0,280.95,281.8,261.41,,280.95,,,55995424,15547953991.93,422444,F1,1,,,,,
2026-07-09,2026-07-09,CM,NSE,STK,24190,INE225D01027,SYMPHONY,EQ,,,,,SYMPHONY LIMITED,694.85,713.85,693.9,696.4,697.95,693.9,,696.45,,,179231,126370209.15,7389,F1,1,,,,,
2026-07-09,2026-07-09,CM,NSE,STK,11992,INE312C01025,SYNCOMF,EQ,,,,,SYNCOM FORMU (I) LTD,13.66,14.1,13.62,13.99,14.09,13.62,,13.99,,,1617220,22501090.71,3077,F1,1,,,,,
2026-07-09,2026-07-09,CM,NSE,STK,5114,INE00QT01015,SGIL,EQ,,,,,SYNERGY GREEN IND. LTD,581.2,595.6,580.0,593.9,590.0,580.0,,593.9,,,11808,6932353.45,407,F1,1,,,,,
2026-07-09,2026-07-09,CM,NSE,STK,10243,INE398R01022,SYNGENE,EQ,,,,,SYNGENE INTERNATIONAL LTD,413.55,426.05,409.0,415.4,417.0,411.6,,415.4,,,1345366,565615147.35,29356,F1,1,,,,,
2026-07-09,2026-07-09,CM,NSE,STK,10793,INE0DYJ01015,SYRMA,EQ,,,,,SYRMA SGS TECHNOLOGY LTD,1410.4,1449.0,1385.0,1441.0,1446.0,1366.2,,1441.0,,,3482051,4946548604.4,120434,F1,1,,,,,
2026-07-09,2026-07-09,CM,NSE,STK,14506,INE0O7R01011,SYSTANGO,SM,,,,,SYSTANGO TECHNOLOGIES LTD,219.0,220.8,217.95,219.9,219.0,218.95,,219.9,,,11200,2459040.0,27,F1,400,,,,,
2026-07-09,2026-07-09,CM,NSE,STK,759358,INE356B01024,SYSTMTXC,BE,,,,,SYSTEMATIX CORP SERVICE L,62.0,64.49,61.9,63.99,64.0,63.5,,63.99,,,3471,218320.43,52,F1,1,,,,,
2026-07-09,2026-07-09,CM,NSE,STK,14314,INE592B01024,TTL,EQ,,,,,T T LIMITED,6.51,6.8,6.51,6.74,6.7,6.51,,6.74,,,44819,299927.17,120,F1,1,,,,,
2026-07-09,2026-07-09,CM,NSE,STK,762929,INE524T01011,TAALTECH,EQ,,,,,TAAL TECH LTD.,3818.5,3986.9,3734.1,3838.1,3850.0,3818.5,,3841.9,,,1317,5118531.0,282,F1,1,,,,,
2026-07-09,2026-07-09,CM,NSE,STK,23438,INE0SOY01013,TAC,SM,,,,,TAC INFOSEC LIMITED,406.05,424.8,401.0,421.45,422.0,409.4,,421.45,,,41400,17050750.0,174,F1,200,,,,,
2026-07-09,2026-07-09,CM,NSE,STK,3396,INE123C01018,TAINWALCHM,EQ,,,,,TAINWALA CHEMICAL AND PLA,196.25,196.3,196.25,196.3,196.3,196.25,,196.3,,,40,7851.0,2,F1,1,,,,,
2026-07-09,2026-07-09,CM,NSE,STK,9354,INE586B01026,TAJGVK,EQ,,,,,TAJ GVK HOTELS & RESORTS,349.0,369.2,345.0,361.95,364.0,350.2,,361.95,,,319606,115458114.25,7966,F1,1,,,,,
2026-07-09,2026-07-09,CM,NSE,STK,14920,INE142I01023,TAKE,BE,,,,,TAKE SOLUTIONS LTD,23.61,23.61,23.61,23.61,23.61,24.85,,23.54,,,156208,3688070.88,201,F1,1,,,,,
2026-07-09,2026-07-09,CM,NSE,STK,13648,INE187D01029,TALBROAUTO,EQ,,,,,TALBROS AUTO. COMP. LTD,406.75,416.75,406.0,408.8,410.35,406.75,,408.8,,,100838,41378561.4,4324,F1,1,,,,,
2026-07-09,2026-07-09,CM,NSE,STK,762937,INE864J01012,TAMBOLIIN,BE,,,,,TAMBOLI INDUSTRIES LTD.,227.0,227.5,215.25,218.08,218.0,218.82,,218.08,,,6856,1491421.95,35,F1,1,,,,,
2026-07-09,2026-07-09,CM,NSE,STK,10945,INE668A01016,TMB,EQ,,,,,TAMILNAD MERCA BANK LTD,760.0,772.95,756.0,769.2,766.15,750.9,,769.1,,,118102,90384834.15,8309,F1,1,,,,,
2026-07-09,2026-07-09,CM,NSE,STK,3980,INE107A01015,TNPL,EQ,,,,,TAMILNADU NEWSPRT & PAPER,144.34,145.3,142.01,143.2,143.01,144.34,,143.35,,,68605,9835798.15,1558,F1,1,,,,,
2026-07-09,2026-07-09,CM,NSE,STK,3509,INE148A01019,TNPETRO,EQ,,,,,TAMILNADU PETROPRODUCTS L,94.0,96.86,94.0,95.72,95.11,94.56,,95.72,,,90283,8671870.9,1331,F1,1,,,,,
2026-07-09,2026-07-09,CM,NSE,STK,3512,INE141D01018,TNTELE,EQ,,,,,TAMILNADU TELECOMMUNICATI,8.77,9.19,8.77,8.99,8.98,8.77,,8.99,,,5475,49265.18,48,F1,1,,,,,
2026-07-09,2026-07-09,CM,NSE,STK,756338,INE0Z7N01017,TANKUP,ST,,,,,TANKUP ENGINEERS LIMITED,1002.0,1038.5,1002.0,1038.5,1038.5,1019.2,,1038.5,,,1500,1539500.0,5,F1,250,,,,,
2026-07-09,2026-07-09,CM,NSE,STK,13976,INE483C01032,TANLA,EQ,,,,,TANLA PLATFORMS LIMITED,526.0,535.4,520.15,521.7,521.9,527.1,,521.7,,,363856,192150576.15,12387,F1,1,,,,,
2026-07-09,2026-07-09,CM,NSE,STK,10986,INE0M7001010,TAPIFRUIT,SM,,,,,TAPI FRUIT PROCESSING LTD,49.0,50.0,46.75,50.0,50.0,49.0,,50.0,,,3750,179437.5,3,F1,750,,,,,
2026-07-09,2026-07-09,CM,NSE,STK,23512,INE555Z01020,TARACHAND,EQ,,,,,TARA CHAND INFRA SOLN LTD,56.49,56.49,55.0,55.42,55.5,55.68,,55.42,,,74512,4137920.55,840,F1,1,,,,,
2026-07-09,2026-07-09,CM,NSE,STK,18827,INE747K01017,TARAPUR,EQ,,,,,TARAPUR TRANSFORMERS LTD,17.68,18.28,17.68,17.95,18.1,17.98,,17.95,,,6428,115380.87,78,F1,1,,,,,
2026-07-09,2026-07-09,CM,NSE,STK,1581,INE0EK901012,TARC,EQ,,,,,TARC LIMITED,124.5,130.39,121.75,124.43,123.9,124.27,,124.43,,,4671568,588803903.92,36810,F1,1,,,,,
2026-07-09,2026-07-09,CM,NSE,STK,14771,INE924H01018,TARMAT,EQ,,,,,TARMAT LIMITED,48.99,49.48,47.75,48.17,48.15,47.86,,48.17,,,20199,973435.17,80,F1,1,,,,,
2026-07-09,2026-07-09,CM,NSE,STK,6943,INE144Z01023,TARSONS,EQ,,,,,TARSONS PRODUCTS LIMITED,290.25,298.0,285.55,288.7,289.2,290.25,,288.65,,,143322,41816667.85,3431,F1,1,,,,,
2026-07-09,2026-07-09,CM,NSE,STK,20092,INE488B01017,TASTYBITE,EQ,,,,,TASTY BITE EATABLES LTD,8485.0,8900.0,8483.0,8830.5,8860.0,8505.5,,8829.5,,,3224,28172075.5,944,F1,1,,,,,
2026-07-09,2026-07-09,CM,NSE,STK,759265,INE976I01016,TATACAP,EQ,,,,,TATA CAPITAL LIMITED,346.0,358.65,346.0,355.85,356.0,346.25,,355.9,,,1737896,616617031.85,35355,F1,1,,,,,
2026-07-09,2026-07-09,CM,NSE,STK,3405,INE092A01019,TATACHEM,EQ,,,,,TATA CHEMICALS LTD,706.65,719.7,704.35,713.7,718.2,710.4,,713.75,,,411637,292694242.65,12207,F1,1,,,,,
2026-07-09,2026-07-09,CM,NSE,STK,3721,INE151A01013,TATACOMM,EQ,,,,,TATA COMMUNICATIONS LTD,1898.0,1907.4,1865.6,1870.4,1868.7,1886.2,,1870.4,,,214737,403477958.7,24646,F1,1,,,,,
2026-07-09,2026-07-09,CM,NSE,STK,11536,INE467B01029,TCS,EQ,,,,,TATA CONSULTANCY SERV LT,2057.5,2065.0,2016.0,2049.5,2059.0,2057.5,,2049.3,,,3791498,7748164028.4,162757,F1,1,,,,,
2026-07-09,2026-07-09,CM,NSE,STK,3432,INE192A01025,TATACONSUM,EQ,,,,,TATA CONSUMER PRODUCT LTD,1098.8,1114.2,1091.7,1106.7,1104.0,1089.8,,1106.7,,,1017956,1127882466.0,69105,F1,1,,,,,
2026-07-09,2026-07-09,CM,NSE,STK,3411,INE670A01012,TATAELXSI,EQ,,,,,TATA ELXSI LIMITED,3629.4,3642.0,3588.7,3621.4,3627.7,3623.6,,3621.5,,,161131,583671734.9,21217,F1,1,,,,,
2026-07-09,2026-07-09,CM,NSE,STK,1621,INE672A01026,TATAINVEST,EQ,,,,,TATA INVESTMENT CORP LTD,663.25,693.2,663.25,684.85,687.6,663.15,,684.95,,,735856,504674921.65,33212,F1,1,,,,,
2026-07-09,2026-07-09,CM,NSE,STK,759782,INE1TAE01010,TMCV,EQ,,,,,TATA MOTORS LIMITED,417.2,424.0,415.95,419.85,419.0,416.75,,419.85,,,5299204,2225752767.45,89632,F1,1,,,,,
2026-07-09,2026-07-09,CM,NSE,STK,3456,INE155A01022,TMPV,EQ,,,,,TATA MOTORS PASS VEH LTD,332.9,334.6,330.0,331.5,332.0,332.05,,331.5,,,11549474,3836227525.4,94042,F1,1,,,,,
2026-07-09,2026-07-09,CM,NSE,STK,3426,INE245A01021,TATAPOWER,EQ,,,,,TATA POWER CO LTD,373.4,378.85,372.25,375.5,376.0,372.1,,375.5,,,4833406,1818820802.2,61659,F1,1,,,,,
2026-07-09,2026-07-09,CM,NSE,STK,3499,INE081A01020,TATASTEEL,EQ,,,,,TATA STEEL LIMITED,189.5,189.87,186.62,187.91,187.81,188.2,,187.9,,,21203724,3982658955.84,147644,F1,1,,,,,
2026-07-09,2026-07-09,CM,NSE,STK,20293,INE142M01025,TATATECH,EQ,,,,,TATA TECHNOLOGIES LIMITED,703.0,717.95,696.95,711.6,712.0,703.0,,711.55,,,439288,312301874.9,18258,F1,1,,,,,
2026-07-09,2026-07-09,CM,NSE,STK,8954,INE517B01013,TTML,EQ,,,,,TATA TELESERV(MAHARASTRA),40.55,41.12,40.19,40.49,40.7,40.33,,40.49,,,1413087,57455187.59,8430,F1,1,,,,,
2026-07-09,2026-07-09,CM,NSE,STK,7838,INF277K015R5,NETF,EQ,,,,,TATAAML - NETF,257.55,262.5,257.55,260.16,259.73,259.63,,260.16,,,1923,500247.22,120,F1,1,,,,,
2026-07-09,2026-07-09,CM,NSE,STK,12978,INF277K010X4,NPBET,EQ,,,,,TATAAML - NPBET,287.84,288.54,287.0,287.0,287.0,286.41,,287.0,,,48,13817.97,9,F1,1,,,,,
2026-07-09,2026-07-09,CM,NSE,STK,8882,INF277KA1364,TNIDETF,EQ,,,,,TATAAML - TNIDETF,82.76,83.33,81.66,83.0,83.26,81.95,,83.0,,,149090,12377505.0,426,F1,1,,,,,
2026-07-09,2026-07-09,CM,NSE,STK,21401,INF277KA1976,TATAGOLD,EQ,,,,,TATAAML-TATAGOLD,13.75,14.85,13.4,13.91,13.9,13.75,,13.91,,,38722912,536302848.42,56868,F1,1,,,,,
2026-07-09,2026-07-09,CM,NSE,STK,21428,INF277KA1984,TATSILV,EQ,,,,,TATAAML-TATSILV,21.4,21.72,21.12,21.64,21.65,21.35,,21.64,,,50888988,1093438215.02,47243,F1,1,,,,,
2026-07-09,2026-07-09,CM,NSE,STK,5162,INE0GK401011,TATVA,EQ,,,,,TATVA CHIN PHARM CHEM LTD,1189.9,1245.0,1183.2,1239.2,1239.3,1182.0,,1239.2,,,37482,45956064.7,3920,F1,1,,,,,
2026-07-09,2026-07-09,CM,NSE,STK,759756,INE0XWS01018,TAURIAN,SM,,,,,TAURIAN MPS LIMITED,340.0,365.0,340.0,350.7,352.0,330.9,,350.7,,,89600,31536440.0,97,F1,800,,,,,
2026-07-09,2026-07-09,CM,NSE,STK,11754,INE053F07835,753IRFC30,NJ,,,,,TAX FREE  7.53% SR. 103 A,1128.01,1128.01,1124.1,1125.35,1127.0,1124.19,,1125.35,,,2102,2366133.12,19,F1,1,,,,,
2026-07-09,2026-07-09,CM,NSE,STK,15168,INE053F07900,764IRFC31,NO,,,,,TAX FREE  7.64% SR. 108A,1136.65,1136.65,1136.65,1136.65,1136.65,1135.6,,1136.08,,,100,113665.0,1,F1,1,,,,,
2026-07-09,2026-07-09,CM,NSE,STK,14529,INE906B07EP5,769NHAI31,NE,,,,,TAX FREE 7.69% SR. IIB,1143.0,1143.01,1143.0,1143.0,1143.0,1144.0,,1143.0,,,206,235458.5,4,F1,1,,,,,
2026-07-09,2026-07-09,CM,NSE,STK,11954,INE906B07EI0,735NHAI31,N9,,,,,TAX FREE7.35% SR.IIA,1094.5,1094.5,1094.5,1094.5,1094.5,1103.97,,1094.5,,,150,164175.0,1,F1,1,,,,,
2026-07-09,2026-07-09,CM,NSE,STK,12003,INE906B07EJ8,76NHAI31,,,,,,TAX FREE7.60% SR.IIB,1101.0,1106.0,1101.0,1104.0,1104.0,1104.0,,1104.0,,,2918,3218961.9,19,F1,1,,,,,
2026-07-09,2026-07-09,CM,NSE,STK,29111,INE020B07GX4,738REC27TF,N2,,,,,TAXFREE SEC NCD TR1 S2,1069.0,1069.0,1069.0,1069.0,1069.0,1064.5,,1066.01,,,5,5345.0,1,F1,1,,,,,
2026-07-09,2026-07-09,CM,NSE,STK,24019,INE0N2D01013,TBI,SM,,,,,TBI CORN LIMITED,63.0,63.0,61.3,62.7,62.7,61.3,,62.7,,,10200,635430.0,15,F1,600,,,,,
2026-07-09,2026-07-09,CM,NSE,STK,23740,INE673O01025,TBOTEK,EQ,,,,,TBO TEK LIMITED,1479.9,1521.9,1477.6,1496.9,1491.3,1481.4,,1496.9,,,351468,528083884.9,14163,F1,1,,,,,
2026-07-09,2026-07-09,CM,NSE,STK,761814,INE887D01016,TCC,EQ,,,,,TCC CONCEPT LIMITED,333.0,334.3,327.35,329.5,327.35,323.75,,329.4,,,7489,2480564.3,383,F1,1,,,,,
2026-07-09,2026-07-09,CM,NSE,STK,19223,INE586V01016,TCIEXP,EQ,,,,,TCI EXPRESS LIMITED,501.45,583.0,498.0,553.55,548.95,499.0,,553.55,,,2889155,1621740304.8,70853,F1,1,,,,,
2026-07-09,2026-07-09,CM,NSE,STK,8722,INE911B01018,TCIFINANCE,BE,,,,,TCIFINANCELTD-ROLL SETT,16.6,16.75,15.7,16.05,16.02,16.3,,16.08,,,61347,986176.85,279,F1,1,,,,,
2026-07-09,2026-07-09,CM,NSE,STK,184,INE822C01015,TCPLPACK,EQ,,,,,TCPL PACKAGING LIMITED,2935.4,2989.8,2897.3,2965.3,2940.4,2923.9,,2965.0,,,1397,4119869.3,367,F1,1,,,,,
2026-07-09,2026-07-09,CM,NSE,STK,25178,INE419M01027,TDPOWERSYS,EQ,,,,,TD POWER SYSTEMS LTD.,1089.0,1110.0,1071.4,1090.0,1091.0,1080.0,,1090.0,,,906063,987452393.1,31009,F1,1,,,,,
2026-07-09,2026-07-09,CM,NSE,STK,10717,INE289C01025,TEAMGTY,EQ,,,,,TEAM INDIA GUARANTY LTD,225.0,262.11,219.0,228.66,227.7,218.43,,228.77,,,28227,7016999.43,983,F1,1,,,,,
2026-07-09,2026-07-09,CM,NSE,STK,12716,INE985S01024,TEAMLEASE,EQ,,,,,TEAMLEASE SERVICES LTD.,1384.0,1395.2,1373.4,1381.0,1378.7,1380.2,,1381.0,,,33491,46242343.5,2778,F1,1,,,,,
2026-07-09,2026-07-09,CM,NSE,STK,16996,INE065J01024,TPHQ,EQ,,,,,TEAMO PRODUCTIONS HQ LTD,0.46,0.46,0.45,0.45,0.46,0.46,,0.45,,,1039044,472248.46,290,F1,1,,,,,
2026-07-09,2026-07-09,CM,NSE,STK,763568,INE2OL601013,TEAMTECH,SM,,,,,TEAMTECH FORMWORK SOL LTD,121.95,124.0,121.05,121.8,122.0,118.0,,121.8,,,62000,7594300.0,29,F1,2000,,,,,
2026-07-09,2026-07-09,CM,NSE,STK,13538,INE669C01036,TECHM,EQ,,,,,TECH MAHINDRA LIMITED,1426.0,1436.3,1399.0,1426.3,1432.3,1428.8,,1426.0,,,1379708,1965942172.4,60962,F1,1,,,,,
2026-07-09,2026-07-09,CM,NSE,STK,759141,INE0Y5H01014,TECHD,ST,,,,,TECHD CYBERSECURITY LTD,540.0,544.8,540.0,540.5,540.0,536.15,,540.5,,,19800,10718880.0,43,F1,300,,,,,
2026-07-09,2026-07-09,CM,NSE,STK,25652,INE0JQS01019,TECHERA,SM,,,,,TECHERA ENGINEER (IND) L,154.45,154.9,150.55,151.3,151.8,153.3,,151.3,,,13600,2071480.0,16,F1,800,,,,,
2026-07-09,2026-07-09,CM,NSE,STK,6445,INE285K01026,TECHNOE,EQ,,,,,TECHNO ELEC & ENG CO. LTD,1048.3,1058.0,1040.3,1045.2,1049.2,1045.4,,1045.3,,,111111,116781518.4,7055,F1,1,,,,,
2026-07-09,2026-07-09,CM,NSE,STK,14223,INE545H01011,TIIL,EQ,,,,,TECHNOCRAFT IND LTD,2510.0,2517.8,2490.0,2499.7,2504.7,2514.8,,2500.3,,,3327,8330101.8,681,F1,1,,,,,
2026-07-09,2026-07-09,CM,NSE,STK,762939,INE314H01012,TECHNVISN,EQ,,,,,TECHNVISION VENTURES LTD.,3480.0,3665.0,3480.0,3555.5,3660.0,3658.1,,3556.7,,,808,2863716.8,230,F1,1,,,,,
2026-07-09,2026-07-09,CM,NSE,STK,3453,INE014B01011,TECILCHEM,EQ,,,,,TECIL CHEMICALS,10.0,10.09,9.65,10.0,10.0,10.02,,10.0,,,9340,93517.9,34,F1,1,,,,,
2026-07-09,2026-07-09,CM,NSE,STK,23526,INE0K6601012,TGL,SM,,,,,TEERTH GOPICON LIMITED,17.85,19.6,17.8,19.6,19.6,18.7,,19.6,,,34800,668730.0,80,F1,200,,,,,
2026-07-09,2026-07-09,CM,NSE,STK,7105,INE011K01018,TEGA,EQ,,,,,TEGA INDUSTRIES LIMITED,1649.6,1672.9,1638.2,1660.7,1665.8,1641.5,,1660.5,,,32618,54115891.8,3072,F1,1,,,,,
2026-07-09,2026-07-09,CM,NSE,STK,763828,INE0R1301019,TEJA,ST,,,,,TEJA ENGINEERING IND L,483.75,483.8,437.8,475.65,483.8,460.8,,475.65,,,23400,10732470.0,38,F1,600,,,,,
2026-07-09,2026-07-09,CM,NSE,STK,21131,INE010J01012,TEJASNET,EQ,,,,,TEJAS NETWORKS LIMITED,538.0,545.9,533.55,542.35,542.0,535.4,,542.35,,,1785285,964950414.95,35076,F1,1,,,,,
2026-07-09,2026-07-09,CM,NSE,STK,3275,INE869Y01010,TEMBO,EQ,,,,,TEMBO GLOBAL IND LTD,566.35,574.95,562.0,565.05,562.0,566.35,,565.05,,,57812,32812726.0,1714,F1,1,,,,,
2026-07-09,2026-07-09,CM,NSE,STK,759880,INE19RI01016,TENNIND,EQ,,,,,TENNECO CLEAN AIR INDIA L,582.15,588.6,579.95,584.3,582.0,575.65,,584.3,,,355700,207804150.25,16163,F1,1,,,,,
2026-07-09,2026-07-09,CM,NSE,STK,19292,INE482B01010,TERASOFT,EQ,,,,,TERA SOFTWARE LIMITED,383.5,394.85,374.0,379.8,378.0,383.5,,379.85,,,13599,5199451.5,631,F1,1,,,,,
2026-07-09,2026-07-09,CM,NSE,STK,11549,INE435C01024,TEXINFRA,EQ,,,,,TEXMACO INFRA & HOLDG LTD,113.6,115.27,112.64,114.15,114.7,113.2,,114.16,,,120288,13721152.29,1323,F1,1,,,,,
2026-07-09,2026-07-09,CM,NSE,STK,21828,INE621L01012,TEXRAIL,EQ,,,,,TEXMACO RAIL & ENG. LTD.,111.5,114.6,111.2,113.71,113.61,111.52,,113.71,,,1907523,216623754.48,15813,F1,1,,,,,
2026-07-09,2026-07-09,CM,NSE,STK,18214,INE141K01013,TEXMOPIPES,EQ,,,,,TEXMO PIPE & PRODUCTS LTD,42.4,43.84,42.4,43.2,43.0,42.94,,43.2,,,19625,846791.82,478,F1,1,,,,,
2026-07-09,2026-07-09,CM,NSE,STK,10749,INE733E07JV4,753NTPC30E,NC,,,,,TFB 7.53% 2030 SR. 2B,1130.0,1130.0,1130.0,1130.0,1130.0,1126.0,,1130.0,,,200,226000.0,2,F1,1,,,,,
2026-07-09,2026-07-09,CM,NSE,STK,14607,INE797H01018,TGBHOTELS,EQ,,,,,TGB BANQUETS&HOTELS LTD,8.75,8.89,8.72,8.8,8.8,8.68,,8.78,,,4045,35580.93,24,F1,1,,,,,
2026-07-09,2026-07-09,CM,NSE,STK,22777,INE0QJL01014,TCL,SM,,,,,THAAI CASTING LIMITED,125.0,127.5,120.0,120.4,120.0,125.0,,120.4,,,13600,1672560.0,16,F1,800,,,,,
2026-07-09,2026-07-09,CM,NSE,STK,762947,INE077P01034,THACKER,BE,,,,,THACKER & CO. LTD.,1090.0,1098.0,1090.0,1098.0,1098.0,1098.1,,1099.0,,,41,44996.0,9,F1,1,,,,,
2026-07-09,2026-07-09,CM,NSE,STK,762949,INE403F01017,THAKDEV,EQ,,,,,THAKKERS DEVELOPERS LTD.,131.9,132.1,131.9,132.1,132.1,127.58,,137.25,,,83,10958.5,3,F1,1,,,,,
2026-07-09,2026-07-09,CM,NSE,STK,18118,INE085J01014,THANGAMAYL,EQ,,,,,THANGAMAYIL JEWELLERY LTD,6865.0,7165.0,6544.5,6598.5,6600.0,6806.0,,6598.5,,,514995,3525771913.0,80258,F1,1,,,,,
2026-07-09,2026-07-09,CM,NSE,STK,9014,INE294Z01018,ANUP,EQ,,,,,THE ANUP ENGINEERING LTD,2147.9,2193.9,2135.7,2153.4,2152.0,2135.3,,2153.5,,,18807,40734142.4,3280,F1,1,,,,,
2026-07-09,2026-07-09,CM,NSE,STK,7930,INE319B01014,BYKE,BE,,,,,THE BYKE HOSPITALITY LTD,33.75,34.59,33.2,34.34,34.02,33.09,,34.13,,,18248,626208.61,95,F1,1,,,,,
2026-07-09,2026-07-09,CM,NSE,STK,13776,INE017A01032,GESHIP,EQ,,,,,THE GE SHPG.LTD,1380.1,1428.7,1378.2,1414.2,1416.0,1375.1,,1414.1,,,351376,497661530.6,29733,F1,1,,,,,
2026-07-09,2026-07-09,CM,NSE,STK,17770,INE646C01018,GROBTEA,EQ,,,,,THE GROB TEA COMPANY LTD,938.9,940.1,902.3,902.3,902.3,924.2,,902.3,,,80,73683.2,28,F1,1,,,,,
2026-07-09,2026-07-09,CM,NSE,STK,8568,INE127B01011,HITECHGEAR,BE,,,,,THE HI-TECH GEARS LIMITED,638.0,675.0,638.0,653.55,645.0,662.6,,652.65,,,933,611655.3,57,F1,1,,,,,
2026-07-09,2026-07-09,CM,NSE,STK,1515,INE383A01012,INDIACEM,EQ,,,,,THE INDIA CEMENTS LIMITED,374.0,379.0,371.2,372.05,373.1,371.45,,372.05,,,105585,39613695.45,5757,F1,1,,,,,
2026-07-09,2026-07-09,CM,NSE,STK,1512,INE053A01029,INDHOTEL,EQ,,,,,THE INDIAN HOTELS CO. LTD,724.0,736.6,724.0,731.45,732.95,722.9,,731.45,,,1394862,1021095338.6,34238,F1,1,,,,,
2026-07-09,2026-07-09,CM,NSE,STK,21427,INE924D01017,THEINVEST,EQ,,,,,THE INVEST TRUST OF IND L,95.36,101.4,95.35,99.75,100.0,95.32,,100.66,,,6831,670631.44,370,F1,1,,,,,
2026-07-09,2026-07-09,CM,NSE,STK,399,INE470Y01017,NIACL,EQ,,,,,THE NEW INDIA ASSU CO LTD,181.74,185.0,180.37,183.62,184.38,179.47,,183.59,,,1018479,186767988.61,16316,F1,1,,,,,
2026-07-09,2026-07-09,CM,NSE,STK,10321,INE431F01018,PKTEA,EQ,,,,,THE P K TEA PROD CO LTD,794.0,794.45,741.0,763.7,765.0,736.95,,763.7,,,47,36321.1,14,F1,1,,,,,
2026-07-09,2026-07-09,CM,NSE,STK,14552,INE211B01039,PHOENIXLTD,EQ,,,,,THE PHOENIX MILLS LTD,2055.0,2123.6,2037.6,2088.0,2090.0,2022.5,,2088.0,,,1448148,3021837907.1,87299,F1,1,,,,,
2026-07-09,2026-07-09,CM,NSE,STK,2043,INE331A01037,RAMCOCEM,EQ,,,,,THE RAMCO CEMENTS LIMITED,908.6,926.45,908.6,922.1,921.0,908.6,,922.1,,,24085,22171110.0,2495,F1,1,,,,,
2026-07-09,2026-07-09,CM,NSE,STK,10123,INE301D01026,RUBYMILLS,BE,,,,,THE RUBY MILLS LTD,365.55,365.55,355.0,365.55,365.55,348.15,,366.0,,,47218,17159712.9,581,F1,1,,,,,
2026-07-09,2026-07-09,CM,NSE,STK,5948,INE683A01023,SOUTHBANK,EQ,,,,,THE SOUTH INDIAN BANK LTD,44.17,44.5,43.82,44.22,44.3,43.7,,44.22,,,16615687,734074295.79,37235,F1,1,,,,,
2026-07-09,2026-07-09,CM,NSE,STK,10948,INE655A01013,STCINDIA,EQ,,,,,THE STATE TRADING CORPN,119.19,124.5,119.19,121.57,121.45,118.61,,121.58,,,90195,11071685.18,2020,F1,1,,,,,
2026-07-09,2026-07-09,CM,NSE,STK,19578,INE071E01023,UGARSUGAR,EQ,,,,,THE UGAR SUGAR WORKS LTD,39.7,40.62,39.7,39.8,39.9,39.97,,39.78,,,46796,1872223.95,691,F1,1,,,,,
2026-07-09,2026-07-09,CM,NSE,STK,20481,INE215F01023,WIPL,EQ,,,,,THE WESTERN INDIA PLY LTD,167.01,177.4,167.01,172.0,172.0,170.0,,172.0,,,5417,926886.71,67,F1,1,,,,,
2026-07-09,2026-07-09,CM,NSE,STK,19279,INE121N01019,THEJO,EQ,,,,,THEJO ENGINEERING LIMITED,1871.8,1910.0,1860.8,1868.1,1879.0,1866.1,,1868.1,,,4727,8908299.8,1176,F1,1,,,,,
2026-07-09,2026-07-09,CM,NSE,STK,14485,INE083B01024,THEMISMED,EQ,,,,,THEMIS MEDICARE LTD.,112.9,117.58,112.89,116.05,116.9,111.88,,116.15,,,46490,5401702.35,1150,F1,1,,,,,
2026-07-09,2026-07-09,CM,NSE,STK,3475,INE152A01029,THERMAX,EQ,,,,,THERMAX LTD,4649.5,4810.0,4610.0,4785.0,4802.5,4602.5,,4785.0,,,207686,982409390.0,28090,F1,1,,,,,
2026-07-09,2026-07-09,CM,NSE,STK,25651,INE0SHE01019,THESL,ST,,,,,THINKING HATS ENTER SOL L,14.3,15.0,14.3,15.0,15.0,14.3,,15.0,,,9000,132000.0,3,F1,3000,,,,,
2026-07-09,2026-07-09,CM,NSE,STK,3496,INE338A01024,TIRUMALCHM,EQ,,,,,THIRUMALAI CHEMICALS LTD,170.0,171.1,165.2,166.01,166.0,167.52,,166.0,,,450192,75457766.55,9203,F1,1,,,,,
2026-07-09,2026-07-09,CM,NSE,STK,3481,INE332A01027,THOMASCOOK,EQ,,,,,THOMAS COOK (INDIA) LTD,102.41,103.65,101.1,102.3,102.4,101.99,,102.3,,,667148,68298430.53,5532,F1,1,,,,,
2026-07-09,2026-07-09,CM,NSE,STK,31017,INE480M01011,THOMASCOTT,EQ,,,,,THOMAS SCOTT (INDIA) LTD,322.25,330.0,313.8,324.9,325.2,316.1,,324.85,,,18349,5928988.9,837,F1,1,,,,,
2026-07-09,2026-07-09,CM,NSE,STK,17032,INE594H01019,THYROCARE,EQ,,,,,THYROCARE TECH LTD,526.0,539.5,523.1,535.55,534.0,521.7,,535.5,,,185920,99356345.2,14110,F1,1,,,,,
2026-07-09,2026-07-09,CM,NSE,STK,759179,INE906O01029,TIGERLOGS,BE,,,,,TIGER LOGISTICS (INDIA) L,33.42,33.9,33.03,33.26,33.44,33.42,,33.26,,,40119,1344176.43,117,F1,1,,,,,
2026-07-09,2026-07-09,CM,NSE,STK,25482,INE440L01017,TIJARIA,EQ,,,,,TIJARIA POLYPIPES LTD,4.22,4.53,4.2,4.34,4.43,4.38,,4.34,,,28372,125689.02,88,F1,1,,,,,
2026-07-09,2026-07-09,CM,NSE,STK,3484,INE806C01018,TIL,EQ,,,,,TIL LTD,217.0,221.5,211.51,218.85,217.2,211.16,,218.81,,,238322,52046780.64,6002,F1,1,,,,,
2026-07-09,2026-07-09,CM,NSE,STK,19196,INE133E01013,TI,EQ,,,,,TILAKNAGAR INDUSTRIES LTD,446.6,452.9,444.15,447.0,448.05,441.0,,446.95,,,292957,131609987.25,10655,F1,1,,,,,
2026-07-09,2026-07-09,CM,NSE,STK,14707,INE508G01029,TIMETECHNO,EQ,,,,,TIME TECHNOPLAST LTD.,175.52,178.38,174.22,176.57,177.0,174.18,,176.58,,,3122667,552679217.83,23391,F1,1,,,,,
2026-07-09,2026-07-09,CM,NSE,STK,762954,INE064A01026,TIMEX,EQ,,,,,TIMEX GROUP INDIA LTD.,522.5,550.0,522.5,547.25,547.7,522.2,,547.15,,,339138,183484728.0,11312,F1,1,,,,,
2026-07-09,2026-07-09,CM,NSE,STK,14198,INE325A01013,TIMKEN,EQ,,,,,TIMKEN INDIA LTD.,3221.0,3291.4,3200.0,3217.7,3224.8,3202.7,,3217.7,,,41522,134563371.2,12694,F1,1,,,,,
2026-07-09,2026-07-09,CM,NSE,STK,756020,INE015C01016,TINNARUBR,EQ,,,,,TINNA RUBBER AND INFR LTD,910.0,994.45,910.0,958.5,950.0,904.2,,958.35,,,149328,143882710.65,8282,F1,1,,,,,
2026-07-09,2026-07-09,CM,NSE,STK,11374,INE0LQS01015,TIPSFILMS,EQ,,,,,TIPS FILMS LIMITED,324.5,333.0,315.35,329.85,329.95,325.9,,329.85,,,3736,1211701.8,266,F1,1,,,,,
2026-07-09,2026-07-09,CM,NSE,STK,9117,INE716B01029,TIPSMUSIC,EQ,,,,,TIPS MUSIC LIMITED,665.2,718.0,665.15,711.15,713.5,668.45,,711.2,,,979136,691950819.0,40001,F1,1,,,,,
2026-07-09,2026-07-09,CM,NSE,STK,22282,INE319Y01024,TIRUPATIFL,EQ,,,,,TIRUPATI FORGE LIMITED,67.25,69.27,66.16,67.09,68.0,66.06,,67.09,,,673837,45759598.08,3712,F1,1,,,,,
2026-07-09,2026-07-09,CM,NSE,STK,15414,INE615H01020,TITAGARH,EQ,,,,,TITAGARH RAIL SYSTEMS LTD,818.0,836.0,818.0,827.8,829.65,817.05,,827.75,,,369334,306625731.2,16956,F1,1,,,,,
2026-07-09,2026-07-09,CM,NSE,STK,3506,INE280A01028,TITAN,EQ,,,,,TITAN COMPANY LIMITED,4614.8,4679.8,4546.1,4555.8,4550.0,4586.4,,4555.8,,,1777107,8185844315.6,102988,F1,1,,,,,
2026-07-09,2026-07-09,CM,NSE,STK,9710,INE932C01012,TOKYOPLAST,BE,,,,,TOKYO PLAST  INTL LTD.,82.5,88.2,81.1,87.7,87.7,84.0,,88.77,,,279,23273.41,17,F1,1,,,,,
2026-07-09,2026-07-09,CM,NSE,STK,25262,INE0RWQ01014,TOLINS,EQ,,,,,TOLINS TYRES LIMITED,103.2,105.35,101.71,103.11,102.5,101.7,,103.11,,,70585,7302476.91,956,F1,1,,,,,
2026-07-09,2026-07-09,CM,NSE,STK,3518,INE685A01028,TORNTPHARM,EQ,,,,,TORRENT PHARMACEUTICALS L,4852.0,4937.4,4847.0,4898.2,4889.0,4866.4,,4898.1,,,460740,2259503928.6,48556,F1,1,,,,,
2026-07-09,2026-07-09,CM,NSE,STK,13786,INE813H01021,TORNTPOWER,EQ,,,,,TORRENT POWER LTD,1401.0,1419.5,1400.0,1414.9,1415.0,1401.0,,1414.8,,,218756,309169588.5,19684,F1,1,,,,,
2026-07-09,2026-07-09,CM,NSE,STK,22423,INE336X01012,TOTAL,EQ,,,,,TOTAL TRANSPORT SYS LTD,52.53,58.5,52.5,56.11,56.27,52.53,,56.11,,,59304,3315205.52,551,F1,1,,,,,
2026-07-09,2026-07-09,CM,NSE,STK,16908,INE486Y01013,TOUCHWOOD,EQ,,,,,TOUCHWOOD ENTERTAIN LTD.,67.09,68.88,67.09,67.61,67.61,67.09,,67.61,,,1148,77463.78,47,F1,1,,,,,
2026-07-09,2026-07-09,CM,NSE,STK,3466,INE305A01023,TFCILTD,EQ,,,,,TOURISM FINANCE CORP. OF,75.79,76.8,74.5,75.14,75.3,75.34,,75.14,,,4224692,319587792.4,9721,F1,1,,,,,
2026-07-09,2026-07-09,CM,NSE,STK,9219,INE413G01022,TPLPLASTEH,EQ,,,,,TPL PLASTECH LIMITED,81.0,83.0,80.35,82.53,83.0,79.99,,82.53,,,110589,9097961.89,1373,F1,1,,,,,
2026-07-09,2026-07-09,CM,NSE,STK,11582,INE0HMF01019,TRACXN,EQ,,,,,TRACXN TECHNOLOGIES LTD,29.63,30.15,29.41,29.8,29.8,29.74,,29.8,,,107166,3192886.21,4824,F1,1,,,,,
2026-07-09,2026-07-09,CM,NSE,STK,15174,INE763I01026,TARIL,EQ,,,,,TRANS & RECTI. LTD,322.35,339.8,322.35,334.8,335.9,322.3,,334.8,,,2202359,732587326.45,28477,F1,1,,,,,
2026-07-09,2026-07-09,CM,NSE,STK,17795,INE0O3901029,TREL,EQ,,,,,TRANSINDIA REAL ESTATE L,25.78,26.0,24.81,25.4,25.5,25.08,,25.4,,,52105,1314600.88,700,F1,1,,,,,
2026-07-09,2026-07-09,CM,NSE,STK,3531,INE687A01016,TRANSPEK,EQ,,,,,TRANSPEK INDUSTRY LTD,1000.0,1007.6,991.0,992.15,992.0,1007.6,,987.45,,,1800,1791833.85,154,F1,1,,,,,
2026-07-09,2026-07-09,CM,NSE,STK,10580,INE688A01022,TCI,EQ,,,,,TRANSPORT CORPN OF INDIA,932.05,941.85,921.1,926.95,925.7,931.45,,926.95,,,26720,24865929.75,2139,F1,1,,,,,
2026-07-09,2026-07-09,CM,NSE,STK,28714,INE454P01035,TRANSRAILL,EQ,,,,,TRANSRAIL LIGHTING LTD,489.0,512.5,488.0,505.55,506.8,487.3,,505.55,,,406356,204950757.9,10438,F1,1,,,,,
2026-07-09,2026-07-09,CM,NSE,STK,19801,INE0NVI01020,TRANSTEEL,SM,,,,,TRANSTEEL SEATING TECH L,127.5,127.5,123.1,125.0,125.0,122.5,,125.0,,,11000,1365500.0,8,F1,1000,,,,,
2026-07-09,2026-07-09,CM,NSE,STK,14319,INE804H01012,TFL,EQ,,,,,TRANSWARRANTY FIN. LTD.,11.99,11.99,11.55,11.56,11.55,11.55,,11.56,,,7960,92174.79,39,F1,1,,,,,
2026-07-09,2026-07-09,CM,NSE,STK,8619,INE757B01015,TRANSWORLD,BE,,,,,TRANSWORLD SHIP LINES LTD,158.99,158.99,154.25,155.93,155.3,156.23,,155.93,,,11981,1865629.79,138,F1,1,,,,,
2026-07-09,2026-07-09,CM,NSE,STK,757545,INE103V01028,TRAVELFOOD,EQ,,,,,TRAVEL FOOD SERVICES LTD,1285.0,1339.0,1285.0,1315.0,1326.0,1297.2,,1314.9,,,14900,19610632.6,2340,F1,1,,,,,
2026-07-09,2026-07-09,CM,NSE,STK,25082,INE040M01013,TREEHOUSE,EQ,,,,,TREE HOUSE EDU LTD,6.35,6.76,6.22,6.61,6.65,6.35,,6.61,,,12263,80804.15,79,F1,1,,,,,
2026-07-09,2026-07-09,CM,NSE,STK,7518,INE00CA01015,TREJHARA,EQ,,,,,TREJHARA SOLUTIONS LTD,128.4,137.0,128.4,134.7,134.5,130.83,,134.9,,,7575,1024257.95,283,F1,1,,,,,
2026-07-09,2026-07-09,CM,NSE,STK,1964,INE849A01020,TRENT,EQ,,,,,TRENT LTD,2945.0,2963.2,2895.5,2904.1,2904.0,2924.0,,2904.1,,,1547534,4522485544.5,90740,F1,1,,,,,
2026-07-09,2026-07-09,CM,NSE,STK,17987,INE391D01019,TRF,EQ,,,,,TRF LIMITED,228.02,234.7,225.75,233.19,232.5,226.07,,233.19,,,25776,5983485.44,863,F1,1,,,,,
2026-07-09,2026-07-09,CM,NSE,STK,27037,INE760L01018,TBZ,EQ,,,,,TRIB BHIMJI ZAVERI LTD,203.82,242.04,203.28,231.55,235.2,201.7,,231.57,,,14601407,3366772849.67,132900,F1,1,,,,,
2026-07-09,2026-07-09,CM,NSE,STK,9685,INE064C01022,TRIDENT,EQ,,,,,TRIDENT LIMITED,25.14,25.78,25.11,25.36,25.38,25.14,,25.36,,,3742270,95492678.47,12921,F1,1,,,,,
2026-07-09,2026-07-09,CM,NSE,STK,21093,INE0QD201012,TECHLABS,ST,,,,,TRIDENT TECHLABS LIMITED,139.2,139.2,139.2,139.2,139.2,132.6,,139.2,,,3125,435000.0,16,F1,125,,,,,
2026-07-09,2026-07-09,CM,NSE,STK,5428,INE948A01012,TRIGYN,EQ,,,,,TRIGYN TECHNOLOGIES LTD,51.43,53.1,49.61,50.99,50.75,50.29,,50.99,,,15832,808902.06,824,F1,1,,,,,
2026-07-09,2026-07-09,CM,NSE,STK,13081,INE256C01024,TRIVENI,EQ,,,,,TRIVENI ENGG. & INDS. LTD,453.35,462.65,449.8,455.05,455.0,449.1,,455.05,,,194017,88858981.55,7384,F1,1,,,,,
2026-07-09,2026-07-09,CM,NSE,STK,25584,INE152M01016,TRITURBINE,EQ,,,,,TRIVENI TURBINE LIMITED,613.95,624.5,609.3,612.0,612.0,613.1,,612.0,,,807731,496930211.75,32114,F1,1,,,,,
2026-07-09,2026-07-09,CM,NSE,STK,24645,INE0SYV01018,TROM,ST,,,,,TROM INDUSTRIES LIMITED,68.4,68.8,68.35,68.8,68.8,65.55,,68.8,,,6600,451830.0,10,F1,600,,,,,
2026-07-09,2026-07-09,CM,NSE,STK,759210,INE0MWH01014,TRUALT,EQ,,,,,TRUALT BIOENERGY LIMITED,449.95,452.95,441.1,446.65,444.0,442.75,,446.65,,,146867,65648009.1,7718,F1,1,,,,,
2026-07-09,2026-07-09,CM,NSE,STK,9378,INE615R01029,TRU,EQ,,,,,TRUCAP FINANCE LIMITED,5.68,5.68,5.41,5.5,5.51,5.51,,5.5,,,38855,214307.25,123,F1,1,,,,,
2026-07-09,2026-07-09,CM,NSE,STK,23417,INE0SWN01019,TRUST,SM,,,,,TRUST FINTECH LIMITED,30.3,30.9,28.65,28.65,28.65,30.0,,28.65,,,3600,107250.0,6,F1,600,,,,,
2026-07-09,2026-07-09,CM,NSE,STK,757858,INE16VK01010,TSC,SM,,,,,TSC INDIA LIMITED,32.4,32.4,26.55,27.3,27.3,27.5,,27.3,,,22000,629900.0,11,F1,2000,,,,,
2026-07-09,2026-07-09,CM,NSE,STK,2183,INE202Z01029,TSFINV,EQ,,,,,TSF INVESTMENTS LIMITED,462.45,482.95,462.45,473.9,473.1,466.65,,473.9,,,127293,60506036.3,7523,F1,1,,,,,
2026-07-09,2026-07-09,CM,NSE,STK,27448,INE1C3207065,935TSI30,N0,,,,,TSI 9.35% 30 SR I-D,103695.0,103906.16,103695.0,103906.16,103906.16,103000.0,,103906.16,,,101,10494311.0,2,F1,1,,,,,
2026-07-09,2026-07-09,CM,NSE,STK,27553,INE1C3207040,935TSI31,N0,,,,,TSI 9.35% 31 SR I-E,104606.16,104606.16,104606.16,104606.16,104606.16,104444.0,,104606.16,,,19,1987517.04,1,F1,1,,,,,
2026-07-09,2026-07-09,CM,NSE,STK,27421,INE1C3207081,935TSIIC28,N0,,,,,TSIIC 9.35% 2028 SR I- B,102500.0,102500.0,102300.0,102300.0,102300.0,102500.0,,102300.0,,,6,614000.0,2,F1,1,,,,,
2026-07-09,2026-07-09,CM,NSE,STK,11369,INE910C01018,TTKHLTCARE,EQ,,,,,TTK HEALTHCARE LIMITED,913.3,929.95,907.0,919.05,920.0,913.3,,919.05,,,4156,3808012.05,239,F1,1,,,,,
2026-07-09,2026-07-09,CM,NSE,STK,3546,INE690A01028,TTKPRESTIG,EQ,,,,,TTK PRESTIGE LTD,611.0,641.1,611.0,626.7,630.85,612.05,,626.7,,,62256,39217777.75,4995,F1,1,,,,,
2026-07-09,2026-07-09,CM,NSE,STK,312,INE974X01010,TIINDIA,EQ,,,,,TUBE INVEST OF INDIA LTD,2930.1,2952.0,2900.0,2916.2,2918.1,2899.4,,2916.2,,,68996,201407670.3,12231,F1,1,,,,,
2026-07-09,2026-07-09,CM,NSE,STK,24520,INE0OXV01027,TUNWAL,SM,,,,,TUNWAL E-MOTORS LIMITED,26.75,26.75,25.85,26.0,25.85,26.35,,26.0,,,166000,4350700.0,71,F1,2000,,,,,
2026-07-09,2026-07-09,CM,NSE,STK,756090,INE0OC301013,TURTLEMINT,EQ,,,,,TURTLEMINT FINTECH SOLS L,129.29,132.95,129.02,129.89,129.05,129.06,,129.92,,,819017,107337800.61,34780,F1,1,,,,,
2026-07-09,2026-07-09,CM,NSE,STK,11275,INE038F01029,TVTODAY,EQ,,,,,TV TODAY NETWORK LTD,122.93,125.78,122.0,122.92,123.0,122.93,,122.92,,,19224,2369627.71,659,F1,1,,,,,
2026-07-09,2026-07-09,CM,NSE,STK,18504,INE871L01013,TVVISION,EQ,,,,,TV VISION LIMITED,5.24,5.39,5.01,5.07,5.2,5.24,,5.08,,,10101,52527.35,42,F1,1,,,,,
2026-07-09,2026-07-09,CM,NSE,STK,11265,INE236G01019,TVSELECT,EQ,,,,,TVS ELECTRONICS LTD,485.95,535.0,483.7,517.5,519.0,479.55,,517.45,,,792703,414640624.05,23527,F1,1,,,,,
2026-07-09,2026-07-09,CM,NSE,STK,29008,INE105A01035,TVSHLTD,EQ,,,,,TVS HOLDINGS LIMITED,13972.0,14129.0,13801.0,13954.0,13989.0,13972.0,,13954.0,,,2195,30757558.0,1127,F1,1,,,,,
2026-07-09,2026-07-09,CM,NSE,STK,8479,INE494B01023,TVSMOTOR,EQ,,,,,TVS MOTOR COMPANY  LTD,3657.0,3698.9,3617.5,3626.1,3630.0,3639.7,,3626.1,,,511357,1865200769.8,46313,F1,1,,,,,
2026-07-09,2026-07-09,CM,NSE,STK,761141,INE494B04019,TVSMNCRPS,P1,,,,,TVS MOTOR COMPANY LIMITED,10.35,10.45,10.35,10.4,10.4,10.35,,10.4,,,1025387,10663249.2,1376,F1,1,,,,,
2026-07-09,2026-07-09,CM,NSE,STK,14245,INE421C01016,TVSSRICHAK,EQ,,,,,TVS SRICHAKRA LIMITED,4108.0,4174.9,4084.0,4143.7,4124.0,4108.3,,4143.3,,,1934,7998313.7,697,F1,1,,,,,
2026-07-09,2026-07-09,CM,NSE,STK,18151,INE395N01027,TVSSCS,EQ,,,,,TVS SUPPLY CHAIN SOL L,135.38,142.9,135.38,141.37,142.4,134.87,,141.38,,,1179949,165962963.86,12589,F1,1,,,,,
2026-07-09,2026-07-09,CM,NSE,STK,19501,INE388G01026,TICL,EQ,,,,,TWAMEV CONS AND INFRA LTD,11.17,11.17,11.17,11.17,11.17,11.75,,11.17,,,159965,1786809.05,227,F1,1,,,,,
2026-07-09,2026-07-09,CM,NSE,STK,25626,INE152C01025,UYFINCORP,EQ,,,,,U. Y. FINCORP LIMITED,15.65,15.84,15.62,15.67,15.65,15.63,,15.67,,,104817,1643833.28,162,F1,1,,,,,
2026-07-09,2026-07-09,CM,NSE,STK,3570,INE139B01016,UCAL,EQ,,,,,UCAL LIMITED,110.4,117.5,110.4,114.19,113.68,110.33,,113.88,,,11117,1277875.46,295,F1,1,,,,,
2026-07-09,2026-07-09,CM,NSE,STK,756000,INE583D07604,1015UCL27,NF,,,,,UCL 10.15% SR III,1000.0,1000.0,993.5,999.0,999.0,1005.0,,999.0,,,85,84879.5,7,F1,1,,,,,
2026-07-09,2026-07-09,CM,NSE,STK,756004,INE583D07596,1050UCL28,NH,,,,,UCL 10.50% SR V,1015.0,1015.1,1015.0,1015.01,1015.0,1020.0,,1015.01,,,170,172551.0,6,F1,1,,,,,
2026-07-09,2026-07-09,CM,NSE,STK,11223,INE691A01018,UCOBANK,EQ,,,,,UCO BANK,26.4,26.47,26.0,26.05,26.11,26.11,,26.05,,,3410956,89120535.56,13343,F1,1,,,,,
2026-07-09,2026-07-09,CM,NSE,STK,14871,INE0N0Y01013,USK,EQ,,,,,UDAYSHIVAKUMAR INFRA LTD,22.12,23.1,22.12,22.59,22.6,22.51,,22.66,,,7153,160835.88,119,F1,1,,,,,
2026-07-09,2026-07-09,CM,NSE,STK,1053,INE516A01017,UFLEX,EQ,,,,,UFLEX LIMITED,430.45,437.5,428.5,434.2,435.0,428.15,,434.2,,,20065,8697320.25,791,F1,1,,,,,
2026-07-09,2026-07-09,CM,NSE,STK,9039,INE527H01019,UFO,EQ,,,,,UFO MOVIEZ INDIA LTD.,70.39,70.6,69.01,69.87,70.5,69.19,,69.87,,,30502,2131806.74,662,F1,1,,,,,
2026-07-09,2026-07-09,CM,NSE,STK,5313,INE583D01011,UGROCAP,EQ,,,,,UGRO CAPITAL LIMITED,93.67,98.0,93.67,94.69,95.0,93.53,,94.69,,,116922,11102839.04,1741,F1,1,,,,,
2026-07-09,2026-07-09,CM,NSE,STK,23507,INE899L01030,UEL,EQ,,,,,UJAAS ENERGY LIMITED,127.15,133.0,123.0,126.49,126.12,127.94,,126.51,,,13368,1705092.13,708,F1,1,,,,,
2026-07-09,2026-07-09,CM,NSE,STK,15228,INE551W01018,UJJIVANSFB,EQ,,,,,UJJIVAN SMALL FINANC BANK,59.7,63.34,59.42,62.58,63.08,59.63,,62.57,,,26482085,1652275567.67,73368,F1,1,,,,,
2026-07-09,2026-07-09,CM,NSE,STK,5945,INE00F301010,UWCSL,SM,,,,,ULTRA WIRING CONN SYS LTD,101.9,101.9,101.9,101.9,101.9,101.75,,101.9,,,1000,101900.0,1,F1,1000,,,,,
2026-07-09,2026-07-09,CM,NSE,STK,762961,INE405A01021,ULTRAMAR,EQ,,,,,ULTRAMARINE & PIGMENTS L,381.55,389.7,380.0,388.8,389.7,381.0,,388.75,,,14318,5542351.65,2097,F1,1,,,,,
2026-07-09,2026-07-09,CM,NSE,STK,11532,INE481G01011,ULTRACEMCO,EQ,,,,,ULTRATECH CEMENT LIMITED,11358.0,11610.0,11358.0,11524.0,11563.0,11353.0,,11523.0,,,161622,1860164015.0,25548,F1,1,,,,,
2026-07-09,2026-07-09,CM,NSE,STK,13349,INE067901012,UMA,SM,,,,,UMA CONVERTER LIMITED,18.0,18.0,18.0,18.0,18.0,17.15,,18.0,,,4000,72000.0,1,F1,4000,,,,,
2026-07-09,2026-07-09,CM,NSE,STK,8845,INE0GIU01018,UMAEXPORTS,BE,,,,,UMA EXPORTS LIMITED,20.6,21.28,20.6,21.01,21.24,21.02,,21.01,,,12338,259804.92,122,F1,1,,,,,
2026-07-09,2026-07-09,CM,NSE,STK,8998,INE398B01018,UMIYA-MRO,EQ,,,,,UMIYA BUILDCON LIMITED,92.99,93.9,90.0,90.38,91.0,89.95,,90.45,,,29513,2693555.24,525,F1,1,,,,,
2026-07-09,2026-07-09,CM,NSE,STK,16894,INE033L08270,TCHF30,NB,,,,,UN SE RE NCD 8.55% SR.VI,1090.0,1090.0,1089.0,1089.75,1089.0,1144.75,,1089.75,,,4,4359.0,3,F1,1,,,,,
2026-07-09,2026-07-09,CM,NSE,STK,3579,INE351A01035,UNICHEMLAB,EQ,,,,,UNICHEM LABORATORIES LTD,610.15,687.2,574.0,650.6,655.0,572.7,,650.65,,,9638575,6231761405.15,180776,F1,1,,,,,
2026-07-09,2026-07-09,CM,NSE,STK,24809,INE00U401027,UNIECOM,EQ,,,,,UNICOMMERCE ESOLUTIONS L,86.4,89.25,86.4,87.6,87.11,87.09,,87.59,,,349285,30747925.68,3209,F1,1,,,,,
2026-07-09,2026-07-09,CM,NSE,STK,18591,INE0PRF01011,UNIHEALTH,ST,,,,,UNIHEALTH HOSPITALS LTD,747.9,747.9,711.2,716.5,715.0,720.0,,716.5,,,13500,9813400.0,26,F1,500,,,,,
2026-07-09,2026-07-09,CM,NSE,STK,7797,INE481Z01011,UNIINFO,BE,,,,,UNIINFO TELECOM SERVI LTD,11.63,12.25,11.63,12.2,12.2,11.87,,12.2,,,1703,20702.45,16,F1,1,,,,,
2026-07-09,2026-07-09,CM,NSE,STK,25633,INE0B2801011,UNILEX,SM,,,,,UNILEX COLOURS AND CHEM L,26.5,26.5,26.5,26.5,26.5,27.35,,26.5,,,1600,42400.0,1,F1,1600,,,,,
2026-07-09,2026-07-09,CM,NSE,STK,28960,INE0U3I01011,UNIMECH,EQ,,,,,UNIMECH AEROSPACE N MFG L,1174.9,1228.0,1164.1,1212.4,1218.6,1163.9,,1212.3,,,190471,229159069.0,12785,F1,1,,,,,
2026-07-09,2026-07-09,CM,NSE,STK,10753,INE692A01016,UNIONBANK,EQ,,,,,UNION BANK OF INDIA,154.74,158.1,154.45,157.26,157.8,154.39,,157.27,,,13873876,2178121607.57,53416,F1,1,,,,,
2026-07-09,2026-07-09,CM,NSE,STK,29687,INF582M01KS4,UNIONGOLD,EQ,,,,,UNIONAMC - UNIONGOLD,139.45,140.75,138.7,140.0,139.9,138.75,,140.0,,,1866,259987.65,62,F1,1,,,,,
2026-07-09,2026-07-09,CM,NSE,STK,13057,INE244O01017,UNIPARTS,EQ,,,,,UNIPARTS INDIA LIMITED,645.0,688.3,641.05,680.45,682.95,641.8,,680.45,,,226198,153270120.75,9559,F1,1,,,,,
2026-07-09,2026-07-09,CM,NSE,STK,11293,INE037A01022,UNIENTER,EQ,,,,,UNIPHOS ENTERPRISES LTD,107.9,108.0,104.81,107.79,108.0,105.5,,107.79,,,11485,1236341.28,108,F1,1,,,,,
2026-07-09,2026-07-09,CM,NSE,STK,3594,INE694A01020,UNITECH,EQ,,,,,UNITECH LTD,4.6,4.66,4.57,4.6,4.65,4.65,,4.6,,,2211955,10204794.73,1834,F1,1,,,,,
2026-07-09,2026-07-09,CM,NSE,STK,16713,INE686F01025,UBL,EQ,,,,,UNITED BREWERIES LTD,1325.2,1339.9,1325.2,1328.2,1328.5,1325.2,,1328.2,,,56425,75093961.3,4929,F1,1,,,,,
2026-07-09,2026-07-09,CM,NSE,STK,204,INE961D01019,UNIDT,BE,,,,,UNITED DRILLING TOOLS LTD,234.0,234.1,222.2,228.84,229.98,231.61,,229.95,,,5894,1344439.06,145,F1,1,,,,,
2026-07-09,2026-07-09,CM,NSE,STK,3127,INE382M01027,UFBL,EQ,,,,,UNITED FOODBRANDS LIMITED,695.85,727.0,693.05,727.0,727.0,692.4,,727.0,,,53811,38903995.95,1557,F1,1,,,,,
2026-07-09,2026-07-09,CM,NSE,STK,25938,INE0SMR01011,UHTL,ST,,,,,UNITED HEAT TRANSFER LTD,109.3,109.3,109.3,109.3,109.3,111.5,,109.3,,,2000,218600.0,1,F1,2000,,,,,
2026-07-09,2026-07-09,CM,NSE,STK,17999,INE458F01011,UNITEDTEA,EQ,,,,,UNITED NILGIRI TEA LTD,471.25,479.9,471.25,478.05,478.0,471.25,,478.05,,,804,381780.55,84,F1,1,,,,,
2026-07-09,2026-07-09,CM,NSE,STK,7564,INE368U01029,UNITEDPOLY,BE,,,,,UNITED POLYFAB GUJ. LTD.,30.48,31.48,29.6,30.89,31.09,30.79,,30.9,,,10935,335678.23,122,F1,1,,,,,
2026-07-09,2026-07-09,CM,NSE,STK,10447,INE854D01024,UNITDSPR,EQ,,,,,UNITED SPIRITS LIMITED,1409.0,1420.0,1378.4,1381.2,1381.5,1408.8,,1381.2,,,621336,866331316.2,25654,F1,1,,,,,
2026-07-09,2026-07-09,CM,NSE,STK,18979,INE562X01013,UNIVASTU,BE,,,,,UNIVASTU INDIA LIMITED,92.56,95.7,90.01,94.92,95.7,92.56,,94.92,,,61231,5762090.32,279,F1,1,,,,,
2026-07-09,2026-07-09,CM,NSE,STK,3607,INE279A01012,UNIVCABLES,EQ,,,,,UNIVERSAL CABLES LTD,1090.0,1125.0,1090.0,1104.0,1110.9,1081.3,,1104.0,,,68895,76516186.8,4967,F1,1,,,,,
2026-07-09,2026-07-09,CM,NSE,STK,17661,INE03V001013,UNIVPHOTO,BE,,,,,UNIVERSUS IMAGINGS LTD,355.05,367.0,355.05,356.45,355.5,353.2,,356.45,,,87,31634.35,11,F1,1,,,,,
2026-07-09,2026-07-09,CM,NSE,STK,14154,INE405E01023,UNOMINDA,EQ,,,,,UNO MINDA LIMITED,1138.0,1169.0,1137.5,1154.5,1157.0,1131.9,,1154.5,,,1045399,1209325934.4,33191,F1,1,,,,,
2026-07-09,2026-07-09,CM,NSE,STK,2871,INE530B08094,10IIFL28A,NE,,,,,UNSE RE NCD 10% SR.I,1029.0,1029.0,1029.0,1029.0,1029.0,1030.0,,1029.0,,,120,123480.0,2,F1,1,,,,,
2026-07-09,2026-07-09,CM,NSE,STK,2877,INE530B08102,96IIFL28A,NF,,,,,UNSE RE NCD 9.6% SR.II,1003.0,1003.0,1002.1,1002.78,1002.95,1002.62,,1002.78,,,1969,1974757.65,23,F1,1,,,,,
2026-07-09,2026-07-09,CM,NSE,STK,5212,INE477L08147,10IIFL28,N4,,,,,UNSEC RE NCD 10% SR.I,1080.0,1080.0,1079.01,1079.01,1079.01,1080.0,,1079.01,,,712,768958.02,2,F1,1,,,,,
2026-07-09,2026-07-09,CM,NSE,STK,5214,INE477L08154,96IIFL28,N5,,,,,UNSEC RE NCD 9.60% SR.II,1000.02,1000.75,999.2,1000.57,999.55,1000.01,,1000.57,,,1037,1036729.0,21,F1,1,,,,,
2026-07-09,2026-07-09,CM,NSE,STK,19045,INE866I08279,10IIFL29,N6,,,,,UNSEC RED NCD 10.0% SR. V,995.0,1016.0,995.0,1013.0,1013.0,1001.75,,1013.0,,,221,223945.0,4,F1,1,,,,,
2026-07-09,2026-07-09,CM,NSE,STK,19047,INE866I08295,105IIFL29,N7,,,,,UNSEC RED NCD 10.5% SR.VI,1090.0,1090.0,1090.0,1090.0,1090.0,1081.62,,1090.0,,,48,52320.0,2,F1,1,,,,,
2026-07-09,2026-07-09,CM,NSE,STK,21229,INE306N08342,885TCAPS29,NC,,,,,UNSERENCD8.85%SRIVCIII&IV,1080.11,1080.35,1080.11,1080.35,1080.35,1080.0,,1080.35,,,38,41046.58,3,F1,1,,,,,
2026-07-09,2026-07-09,CM,NSE,STK,21225,INE306N08292,910TCAP28,,,,,,UNSERENCD9.1%SRIIICIII&IV,1130.0,1130.0,1100.98,1113.7,1113.7,1115.0,,1107.0,,,1239,1368399.17,9,F1,1,,,,,
2026-07-09,2026-07-09,CM,NSE,STK,19113,INE851I01011,UDS,EQ,,,,,UPDATER SERVICES LIMITED,186.8,201.38,186.74,197.05,196.5,186.8,,197.09,,,912658,179739221.81,9376,F1,1,,,,,
2026-07-09,2026-07-09,CM,NSE,STK,11287,INE628A01036,UPL,EQ,,,,,UPL LIMITED,580.0,588.0,579.0,581.85,584.1,581.7,,581.85,,,4537195,2648914701.3,35110,F1,1,,,,,
2026-07-09,2026-07-09,CM,NSE,STK,17081,INE568Z01015,URAVIDEF,BE,,,,,URAVI DEFENCE &TECH LTD,116.66,122.8,115.05,117.89,118.0,117.24,,117.94,,,57795,6822611.2,191,F1,1,,,,,
2026-07-09,2026-07-09,CM,NSE,STK,759084,INE0CAZ01013,URBANCO,EQ,,,,,URBAN COMPANY LIMITED,133.0,138.5,133.0,136.97,137.11,132.82,,136.97,,,1894247,259243144.02,20821,F1,1,,,,,
2026-07-09,2026-07-09,CM,NSE,STK,16888,INE0O0201019,URBAN,SM,,,,,URBAN ENVIRO WASTE MGMT L,126.6,128.5,124.6,125.75,126.65,125.5,,125.75,,,13600,1718160.0,17,F1,800,,,,,
2026-07-09,2026-07-09,CM,NSE,STK,20203,INE550C01020,URJA,EQ,,,,,URJA GLOBAL LIMITED,9.42,9.62,9.41,9.46,9.5,9.39,,9.46,,,569681,5397657.88,2111,F1,1,,,,,
2026-07-09,2026-07-09,CM,NSE,STK,25952,INE0LS001014,USHAFIN,SM,,,,,USHA FINANCIAL SERVICES L,34.0,34.0,34.0,34.0,34.0,33.15,,34.0,,,17600,598400.0,6,F1,1600,,,,,
2026-07-09,2026-07-09,CM,NSE,STK,19142,INE240C01028,UMESLTD,EQ,,,,,USHA MARTIN EDU & SOL LTD,5.6,5.85,5.5,5.84,5.84,5.58,,5.84,,,28352,164571.8,73,F1,1,,,,,
2026-07-09,2026-07-09,CM,NSE,STK,8840,INE228A01035,USHAMART,EQ,,,,,USHA MARTIN LTD.,490.95,507.95,490.05,502.2,503.0,489.65,,502.15,,,248655,124721681.3,10794,F1,1,,,,,
2026-07-09,2026-07-09,CM,NSE,STK,527,INE094J01016,UTIAMC,EQ,,,,,UTI ASSET MNGMT CO LTD,985.0,990.0,975.05,984.1,986.5,971.5,,984.05,,,246713,242726037.7,8269,F1,1,,,,,
2026-07-09,2026-07-09,CM,NSE,STK,22440,INF789F1AUV1,BANKBETA,EQ,,,,,UTIAMC-BANKBETA,57.96,59.69,57.96,59.04,59.16,59.45,,59.04,,,3010345,177856311.36,1687,F1,1,,,,,
2026-07-09,2026-07-09,CM,NSE,STK,22524,INF789F1AZF3,GILT10BETA,EQ,,,,,UTIAMC-GILT10BETA,26.86,26.86,26.34,26.78,26.78,27.05,,26.78,,,729,19515.19,18,F1,1,,,,,
2026-07-09,2026-07-09,CM,NSE,STK,22521,INF789F1AZE6,GILT5BETA,EQ,,,,,UTIAMC-GILT5BETA,66.67,66.67,65.5,66.64,66.64,66.79,,66.64,,,685,45156.94,8,F1,1,,,,,
2026-07-09,2026-07-09,CM,NSE,STK,22488,INF789F1AZD8,ITBETA,EQ,,,,,UTIAMC-ITBETA,286.46,290.67,284.62,288.55,288.55,289.95,,288.55,,,359,103454.01,30,F1,1,,,,,
2026-07-09,2026-07-09,CM,NSE,STK,18347,INF789F1AYX9,MIDCAPBETA,EQ,,,,,UTIAMC-MIDCAPBETA,228.88,231.69,228.88,230.99,230.99,227.68,,230.99,,,2841,655097.73,29,F1,1,,,,,
2026-07-09,2026-07-09,CM,NSE,STK,21478,INF789F1AUW9,NEXT50BETA,EQ,,,,,UTIAMC-NEXT50BETA,76.9,77.35,76.58,77.02,77.22,76.54,,77.03,,,233701,17984383.69,508,F1,1,,,,,
2026-07-09,2026-07-09,CM,NSE,STK,10511,INF789F1AZC0,NIFTYBETA,EQ,,,,,UTIAMC-NIFTYBETA,263.0,267.55,263.0,265.26,265.43,264.85,,265.26,,,400830,106576355.32,526,F1,1,,,,,
2026-07-09,2026-07-09,CM,NSE,STK,10515,INF789FB1X58,SENSEXBETA,EQ,,,,,UTIAMC-SENSEXBETA,852.5,855.33,846.56,848.07,847.66,847.67,,847.99,,,1853,1578295.67,161,F1,1,,,,,
2026-07-09,2026-07-09,CM,NSE,STK,15085,INF789F1AYK6,SILVERBETA,EQ,,,,,UTIAMC-SILVERBETA,209.75,217.5,209.41,215.14,215.0,212.24,,215.15,,,758591,162707969.57,5351,F1,1,,,,,
2026-07-09,2026-07-09,CM,NSE,STK,9168,INF789F1AUU3,SNXT50BETA,EQ,,,,,UTIAMC-SNXT50BETA,92.03,93.4,92.03,93.2,93.2,92.03,,93.18,,,307,28558.41,71,F1,1,,,,,
2026-07-09,2026-07-09,CM,NSE,STK,14535,INF789F1AUX7,GOLDBETA,EQ,,,,,UTIAMC-UTIGOLDBETA,118.3,121.0,118.3,120.5,121.0,119.15,,120.5,,,276851,33253515.7,2010,F1,1,,,,,
2026-07-09,2026-07-09,CM,NSE,STK,751580,INE1V1R01014,UTKAL,SM,,,,,UTKAL SPEC INDUS INDIA L,24.95,24.95,24.95,24.95,24.95,26.25,,24.95,,,20000,499000.0,10,F1,2000,,,,,
2026-07-09,2026-07-09,CM,NSE,STK,17358,INE735W01017,UTKARSHBNK,EQ,,,,,UTKARSH SMALL FIN BANK L,14.24,14.29,14.02,14.11,14.15,14.01,,14.11,,,2337375,33078750.82,4160,F1,1,,,,,
2026-07-09,2026-07-09,CM,NSE,STK,24729,INE06IJ01010,UTSSAV,ST,,,,,UTSSAV CZ GOLD JEWELS LTD,420.0,454.55,420.0,454.55,454.55,432.95,,454.55,,,44400,19583820.0,60,F1,600,,,,,
2026-07-09,2026-07-09,CM,NSE,STK,13376,INE786F01031,UTTAMSUGAR,EQ,,,,,UTTAM SUGAR MILLS LTD.,235.0,238.7,232.24,233.09,235.4,232.16,,233.15,,,84581,19919555.38,2287,F1,1,,,,,
2026-07-09,2026-07-09,CM,NSE,STK,3188,INE0GXK01018,VMARCIND,SM,,,,,V MARC INDIA LIMITED,271.1,273.95,261.05,263.3,262.05,273.35,,263.3,,,276000,73048125.0,183,F1,1500,,,,,
2026-07-09,2026-07-09,CM,NSE,STK,23018,INE0QQM01017,VR,SM,,,,,V R INFRASPACE LIMITED,100.9,100.9,100.9,100.9,100.9,100.9,,100.9,,,400,40360.0,1,F1,400,,,,,
2026-07-09,2026-07-09,CM,NSE,STK,15362,INE951I01027,VGUARD,EQ,,,,,V-GUARD IND LTD.,302.45,309.45,302.45,306.3,306.4,302.7,,306.3,,,122961,37699558.35,4821,F1,1,,,,,
2026-07-09,2026-07-09,CM,NSE,STK,24609,INE0QXL01015,VLINFRA,ST,,,,,V.L.INFRAPROJECTS LIMITED,26.4,26.4,26.4,26.4,26.4,27.5,,26.4,,,1500,39600.0,1,F1,1500,,,,,
2026-07-09,2026-07-09,CM,NSE,STK,14766,INE945H01021,V2RETAIL,EQ,,,,,V2 RETAIL LIMITED,225.51,230.0,219.34,221.13,221.88,225.51,,221.15,,,1081796,242596244.57,18643,F1,1,,,,,
2026-07-09,2026-07-09,CM,NSE,STK,20188,INE956G01038,WABAG,EQ,,,,,VA TECH WABAG LTD,2090.0,2178.0,2077.4,2117.7,2105.0,2081.4,,2117.7,,,1169366,2495264577.5,56528,F1,1,,,,,
2026-07-09,2026-07-09,CM,NSE,STK,24196,INE694D01016,VADILALIND,EQ,,,,,VADILAL INDUSTRIES LTD,6284.0,6412.0,6281.5,6355.5,6322.5,6284.0,,6355.5,,,6089,38806276.0,1544,F1,1,,,,,
2026-07-09,2026-07-09,CM,NSE,STK,20974,INE551Q01028,VSCL,ST,,,,,VADIVARHE SPCLTY CHEM LTD,29.0,29.0,28.55,29.0,29.0,30.05,,29.0,,,12000,345300.0,4,F1,3000,,,,,
2026-07-09,2026-07-09,CM,NSE,STK,11364,INE884A01027,VAIBHAVGBL,EQ,,,,,VAIBHAV GLOBAL LIMITED,244.88,258.8,244.28,255.78,256.0,242.77,,255.78,,,1451024,367767058.0,21757,F1,1,,,,,
2026-07-09,2026-07-09,CM,NSE,STK,8259,INE0JR301013,MADHAVBAUG,SM,,,,,VAIDYA SANE AYUR LAB LTD,177.1,177.1,174.95,175.0,175.0,177.0,,175.0,,,18000,3152020.0,23,F1,400,,,,,
2026-07-09,2026-07-09,CM,NSE,STK,16621,INE972X01022,VAISHALI,BE,,,,,VAISHALI PHARMA LIMITED,7.29,7.5,7.1,7.2,7.2,7.24,,7.2,,,65663,484371.18,140,F1,1,,,,,
2026-07-09,2026-07-09,CM,NSE,STK,13342,INE051B01021,VAKRANGEE,EQ,,,,,VAKRANGEE LIMITED,6.09,6.15,5.97,6.06,6.12,5.99,,6.06,,,1427743,8608877.5,1217,F1,1,,,,,
2026-07-09,2026-07-09,CM,NSE,STK,19220,INE0JWS01017,VALIANTLAB,BE,,,,,VALIANT LABORATORIES LTD,63.86,64.3,62.0,62.16,63.0,63.86,,62.16,,,13893,865672.91,176,F1,1,,,,,
2026-07-09,2026-07-09,CM,NSE,STK,334,INE565V01010,VALIANTORG,BE,,,,,VALIANT ORGANICS LIMITED,275.55,278.95,272.55,276.15,276.0,275.55,,276.15,,,9955,2735163.95,169,F1,1,,,,,
2026-07-09,2026-07-09,CM,NSE,STK,18128,INE879I01012,DBREALTY,BE,,,,,VALOR ESTATE LIMITED,109.85,112.0,108.4,111.14,111.4,109.72,,111.14,,,137826,15284311.51,831,F1,1,,,,,
2026-07-09,2026-07-09,CM,NSE,STK,763304,INE1E7Y01018,VALUE360,SM,,,,,VALUE 360 COMMUNICATION L,86.0,86.0,83.0,83.95,84.5,84.1,,83.95,,,20400,1714980.0,17,F1,1200,,,,,
2026-07-09,2026-07-09,CM,NSE,STK,13403,INE116G01013,VARDHACRLC,BE,,,,,VARDHAMAN ACRYLICS LTD,44.02,44.02,43.1,43.44,43.7,44.02,,43.44,,,12968,565811.96,102,F1,1,,,,,
2026-07-09,2026-07-09,CM,NSE,STK,11892,INE701A01023,VHL,EQ,,,,,VARDHMAN HOLDINGS LIMITED,3618.0,3618.0,3479.8,3525.9,3525.0,3575.2,,3525.9,,,1672,5875303.0,158,F1,1,,,,,
2026-07-09,2026-07-09,CM,NSE,STK,3646,INE835A01029,VARDMNPOLY,EQ,,,,,VARDHMAN POLYTEX LTD.,6.79,6.79,6.63,6.74,6.66,6.57,,6.74,,,102729,689218.06,285,F1,1,,,,,
2026-07-09,2026-07-09,CM,NSE,STK,27067,INE050M01012,VSSL,EQ,,,,,VARDHMAN SPC STEEL LTD,270.75,275.55,268.65,269.8,270.0,269.65,,269.8,,,35070,9535603.2,1220,F1,1,,,,,
2026-07-09,2026-07-09,CM,NSE,STK,2073,INE825A01020,VTL,EQ,,,,,VARDHMAN TEXTILES LIMITED,624.4,641.25,623.05,633.4,635.05,623.95,,633.3,,,150924,95664419.45,11423,F1,1,,,,,
2026-07-09,2026-07-09,CM,NSE,STK,3857,INE665L01035,VARROC,EQ,,,,,VARROC ENGINEERING LTD.,641.75,670.0,641.75,659.4,656.3,636.75,,659.4,,,210954,138896330.5,15814,F1,1,,,,,
2026-07-09,2026-07-09,CM,NSE,STK,18921,INE200M01039,VBL,EQ,,,,,VARUN BEVERAGES LIMITED,477.0,484.5,475.9,481.4,481.4,474.55,,481.4,,,5558894,2670203061.45,71791,F1,1,,,,,
2026-07-09,2026-07-09,CM,NSE,STK,13771,INE273D01027,VGL,EQ,,,,,VARVEE GLOBAL LIMITED,62.42,64.09,61.5,62.01,62.0,62.42,,62.02,,,31167,1954270.48,466,F1,1,,,,,
2026-07-09,2026-07-09,CM,NSE,STK,16454,INE0N5801013,DENTALKART,SM,,,,,VASA DENTICITY LIMITED,385.0,395.0,377.35,383.4,384.95,380.0,,383.4,,,13000,5016850.0,35,F1,250,,,,,
2026-07-09,2026-07-09,CM,NSE,STK,18114,INE893I01013,VASCONEQ,BE,,,,,VASCON ENGINEERS LTD,31.7,32.8,31.52,32.03,32.1,31.87,,32.0,,,124366,4011213.77,481,F1,1,,,,,
2026-07-09,2026-07-09,CM,NSE,STK,25340,INE590L01019,VASWANI,EQ,,,,,VASWANI IND LTD,52.85,54.88,52.85,54.1,54.5,53.52,,54.1,,,23163,1253193.66,1315,F1,1,,,,,
2026-07-09,2026-07-09,CM,NSE,STK,9020,INE098201036,VCL,EQ,,,,,VAXTEX COTFAB LIMITED,1.25,1.3,1.25,1.27,1.3,1.28,,1.27,,,106106,134926.51,147,F1,1,,,,,
2026-07-09,2026-07-09,CM,NSE,STK,759394,INE04HY07336,118VCCL27B,N0,,,,,VCCL 11.8% 2027 SR B,99490.0,99490.0,99490.0,99490.0,99490.0,99764.0,,99490.0,,,1,99490.0,1,F1,1,,,,,
2026-07-09,2026-07-09,CM,NSE,STK,760558,INE04HY08011,125VCCL31,N0,,,,,VCCL 12.5% 2031,96500.0,96500.0,96500.0,96500.0,96500.0,96499.9,,96500.0,,,15,1447500.0,11,F1,1,,,,,
2026-07-09,2026-07-09,CM,NSE,STK,25054,INE0U2M01015,VDEAL,SM,,,,,VDEAL SYSTEM LIMITED,168.0,168.0,162.0,162.0,162.0,161.05,,162.0,,,2400,397800.0,4,F1,600,,,,,
2026-07-09,2026-07-09,CM,NSE,STK,8167,INE825V01034,MANYAVAR,EQ,,,,,VEDANT FASHIONS LIMITED,388.35,396.8,386.75,392.55,392.7,387.75,,392.55,,,70945,27887917.6,5949,F1,1,,,,,
2026-07-09,2026-07-09,CM,NSE,STK,750174,INE1CDF01017,VAML,EQ,,,,,VEDANTA ALUMINIUM METAL L,455.1,457.2,442.1,443.8,443.4,451.15,,443.85,,,10617451,4754789363.25,134927,F1,1,,,,,
2026-07-09,2026-07-09,CM,NSE,STK,750290,INE1CLE01013,VISL,EQ,,,,,VEDANTA IRON AND STEEL L,34.11,34.64,33.03,33.03,33.03,34.76,,33.03,,,241447708,8107874657.08,188326,F1,1,,,,,
2026-07-09,2026-07-09,CM,NSE,STK,3063,INE205A01025,VEDL,EQ,,,,,VEDANTA LIMITED,273.25,274.7,270.8,271.35,271.35,272.3,,271.35,,,10018324,2727129341.15,89921,F1,1,,,,,
2026-07-09,2026-07-09,CM,NSE,STK,750368,INE704J01044,VOGL,EQ,,,,,VEDANTA OIL AND GAS LTD,37.8,39.6,36.68,37.93,38.09,36.52,,37.93,,,115141797,4385454434.8,175142,F1,1,,,,,
2026-07-09,2026-07-09,CM,NSE,STK,750518,INE694L01019,VEDPOWER,EQ,,,,,VEDANTA POWER LIMITED,41.7,42.03,40.32,41.18,41.3,40.74,,41.18,,,36325807,1501039343.19,91129,F1,1,,,,,
2026-07-09,2026-07-09,CM,NSE,STK,14019,INE484C01030,VEEDOL,EQ,,,,,VEEDOL CORPORATION LTD,1436.6,1453.0,1418.0,1436.4,1450.0,1434.8,,1436.8,,,11062,15872908.4,1269,F1,1,,,,,
2026-07-09,2026-07-09,CM,NSE,STK,10713,INE0KTW01013,VEEKAYEM,ST,,,,,VEEKAYEM FASH & APP LTD,127.1,127.1,127.1,127.1,127.1,133.7,,127.1,,,1000,127100.0,2,F1,500,,,,,
2026-07-09,2026-07-09,CM,NSE,STK,762969,INE232E01013,VELJAN,BE,,,,,VELJAN DENISON LTD.,1605.1,1665.0,1605.1,1630.5,1630.0,1655.3,,1630.1,,,665,1088740.2,53,F1,1,,,,,
2026-07-09,2026-07-09,CM,NSE,STK,3757,INE398A01010,VENKEYS,EQ,,,,,VENKY S (INDIA) LIMITED,1410.0,1429.0,1399.1,1405.1,1411.9,1401.5,,1405.2,,,17371,24576612.8,1686,F1,1,,,,,
2026-07-09,2026-07-09,CM,NSE,STK,28847,INE781S01027,VENTIVE,EQ,,,,,VENTIVE HOSPITALITY LTD,624.95,633.8,616.25,620.55,619.6,613.9,,620.55,,,50720,31660677.7,3245,F1,1,,,,,
2026-07-09,2026-07-09,CM,NSE,STK,9592,INE0JA001018,VENUSPIPES,EQ,,,,,VENUS PIPES & TUBES LTD,1755.1,1825.0,1743.8,1803.3,1813.0,1733.1,,1803.3,,,139285,249899600.9,13333,F1,1,,,,,
2026-07-09,2026-07-09,CM,NSE,STK,13856,INE411B01019,VENUSREM,BE,,,,,VENUS REMEDIES LIMITED,1717.7,1740.0,1651.0,1702.5,1720.0,1697.7,,1702.6,,,39018,65729543.0,1841,F1,1,,,,,
2026-07-09,2026-07-09,CM,NSE,STK,8890,INE0IQ001011,VERANDA,EQ,,,,,VERANDA LEARNING SOL LTD,242.21,252.0,241.59,246.58,247.4,242.18,,246.58,,,157827,39115613.73,4750,F1,1,,,,,
2026-07-09,2026-07-09,CM,NSE,STK,18865,INE188Y01031,VERTOZ,BE,,,,,VERTOZ LIMITED,39.18,39.18,37.6,38.25,38.11,39.18,,38.25,,,30146,1169216.58,250,F1,1,,,,,
2026-07-09,2026-07-09,CM,NSE,STK,3676,INE386A01023,VESUVIUS,EQ,,,,,VESUVIUS INDIA LTD,458.25,473.0,458.2,463.75,463.5,456.85,,463.75,,,74802,34986306.65,3145,F1,1,,,,,
2026-07-09,2026-07-09,CM,NSE,STK,8660,INE918N01018,VETO,BE,,,,,VETO SWITCHGEAR CABLE LTD,119.9,123.0,116.55,121.26,121.0,119.9,,121.32,,,15588,1888639.12,173,F1,1,,,,,
2026-07-09,2026-07-09,CM,NSE,STK,22730,INE0QTF01015,VSTL,EQ,,,,,VIBHOR STEEL TUBES LTD,111.0,113.88,111.0,113.26,113.85,111.28,,113.26,,,5547,623993.86,308,F1,1,,,,,
2026-07-09,2026-07-09,CM,NSE,STK,23386,INE048C01025,VHLTD,BE,,,,,VICEROY HOTELS LIMITED,130.0,130.0,126.15,128.39,128.9,126.07,,128.54,,,18655,2394755.79,42,F1,1,,,,,
2026-07-09,2026-07-09,CM,NSE,STK,760694,INE0F8901022,VICTORYEV,ST,,,,,VICTORY ELEC VEHICL INT L,16.45,16.8,16.3,16.8,16.8,16.45,,16.8,,,18000,297750.0,6,F1,3000,,,,,
2026-07-09,2026-07-09,CM,NSE,STK,13536,INE632C01026,VIDHIING,EQ,,,,,VIDHI SPCLTY F INGRDNTS L,303.2,309.95,290.6,292.8,290.6,300.05,,292.75,,,18917,5673746.1,903,F1,1,,,,,
2026-07-09,2026-07-09,CM,NSE,STK,760224,INE14UN01029,VIDYAWIRES,EQ,,,,,VIDYA WIRES LIMITED,94.9,97.5,94.9,96.92,97.45,94.23,,96.91,,,757892,72885321.28,6705,F1,1,,,,,
2026-07-09,2026-07-09,CM,NSE,STK,758908,INE1DM601016,VIGOR,ST,,,,,VIGOR PLAST INDIA LIMITED,103.8,103.8,98.0,101.5,101.5,99.35,,101.5,,,17600,1770640.0,10,F1,1600,,,,,
2026-07-09,2026-07-09,CM,NSE,STK,5585,INE043W01024,VIJAYA,EQ,,,,,VIJAYA DIAGNOSTIC CEN LTD,1326.0,1395.8,1324.8,1377.8,1379.4,1326.0,,1377.9,,,249185,340931132.3,15888,F1,1,,,,,
2026-07-09,2026-07-09,CM,NSE,STK,17695,INE159N01027,VIJIFIN,BE,,,,,VIJI FINANCE LIMITED,7.5,7.5,7.5,7.5,7.5,7.36,,7.55,,,53306,399795.0,54,F1,1,,,,,
2026-07-09,2026-07-09,CM,NSE,STK,25756,INE806A01020,VIKASECO,EQ,,,,,VIKAS ECOTECH LIMITED,1.19,1.22,1.18,1.19,1.2,1.19,,1.19,,,1219316,1459603.14,880,F1,1,,,,,
2026-07-09,2026-07-09,CM,NSE,STK,9931,INE161L01027,VIKASLIFE,EQ,,,,,VIKAS LIFECARE LIMITED,1.42,1.45,1.4,1.4,1.41,1.42,,1.4,,,2215773,3139441.4,9337,F1,1,,,,,
2026-07-09,2026-07-09,CM,NSE,STK,759453,INE078V01014,VIKRAMSOLR,EQ,,,,,VIKRAM SOLAR LIMITED,185.0,194.49,184.69,193.26,194.05,183.69,,193.27,,,5920948,1131387741.4,53746,F1,1,,,,,
2026-07-09,2026-07-09,CM,NSE,STK,758973,INE01R501028,VIKRAN,EQ,,,,,VIKRAN ENGINEERING LTD,72.84,75.2,72.84,73.47,73.61,72.65,,73.47,,,2054684,152217781.75,10182,F1,1,,,,,
2026-07-09,2026-07-09,CM,NSE,STK,23909,INE0AZY01017,VILAS,SM,,,,,VILAS TRANSCORE LIMITED,380.0,389.9,376.0,385.0,382.5,375.25,,385.0,,,11750,4512062.5,37,F1,250,,,,,
2026-07-09,2026-07-09,CM,NSE,STK,16960,INE0L4V01013,VILINBIO,ST,,,,,VILIN BIO MED LIMITED,46.0,46.0,46.0,46.0,46.0,45.4,,46.0,,,8000,368000.0,2,F1,4000,,,,,
2026-07-09,2026-07-09,CM,NSE,STK,13101,INE579C01029,VIMTALABS,EQ,,,,,VIMTA LABS LIMITED,537.95,575.0,533.3,558.9,560.0,537.95,,558.9,,,247411,139741757.9,11516,F1,1,,,,,
2026-07-09,2026-07-09,CM,NSE,STK,17364,INE410B01037,VINATIORGA,EQ,,,,,VINATI ORGANICS LTD,1306.9,1325.0,1306.0,1313.7,1320.0,1307.0,,1313.7,,,139493,182940824.2,7091,F1,1,,,,,
2026-07-09,2026-07-09,CM,NSE,STK,3694,INE707A01012,VINDHYATEL,EQ,,,,,VINDHYA TELELINKS LTD,1895.0,1985.8,1895.0,1960.6,1954.9,1894.2,,1960.7,,,24477,47852796.9,3978,F1,1,,,,,
2026-07-09,2026-07-09,CM,NSE,STK,3809,INE505Y01010,VINEETLAB,BE,,,,,VINEET LABORATORIES LTD,32.71,33.5,32.51,32.66,33.39,32.82,,32.69,,,15585,510877.72,119,F1,1,,,,,
2026-07-09,2026-07-09,CM,NSE,STK,763824,INE27V201011,VMOBILE,ST,,,,,VINIT MOBILE LIMITED,132.95,132.95,132.95,132.95,132.95,139.9,,132.95,,,1600,212720.0,2,F1,800,,,,,
2026-07-09,2026-07-09,CM,NSE,STK,12490,INE01KI01027,VINNY,EQ,,,,,VINNY OVERSEAS LIMITED,1.08,1.08,1.05,1.07,1.06,1.06,,1.06,,,224828,238788.2,135,F1,1,,,,,
2026-07-09,2026-07-09,CM,NSE,STK,17905,INE0OSJ01014,VINSYS,ST,,,,,VINSYS IT SERVICES IND LT,490.05,500.0,489.0,498.0,498.0,489.5,,498.0,,,22750,11362475.0,17,F1,250,,,,,
2026-07-09,2026-07-09,CM,NSE,STK,25835,INE498Q01014,VINCOFE,EQ,,,,,VINTAGE COFFEE N BVRGS L,154.93,164.0,154.27,163.15,163.65,154.93,,163.16,,,3537498,567745582.96,28593,F1,1,,,,,
2026-07-09,2026-07-09,CM,NSE,STK,19206,INE0OLS01010,VINYAS,SM,,,,,VINYAS INNOVATIVE TECH L,1433.9,1445.0,1402.0,1410.55,1403.0,1404.65,,1410.55,,,3800,5392230.0,37,F1,100,,,,,
2026-07-09,2026-07-09,CM,NSE,STK,16821,INE250B01029,VINYLINDIA,EQ,,,,,VINYL CHEMICALS (I) LTD.,251.9,259.45,251.8,257.0,257.9,252.1,,256.9,,,9386,2409831.5,407,F1,1,,,,,
2026-07-09,2026-07-09,CM,NSE,STK,14847,INE450G01024,VIPCLOTHNG,BE,,,,,VIP CLOTHING LIMITED,24.25,24.25,23.7,23.93,23.93,23.91,,24.15,,,12566,301640.77,68,F1,1,,,,,
2026-07-09,2026-07-09,CM,NSE,STK,3703,INE054A01027,VIPIND,EQ,,,,,VIP INDUSTRIES LTD,299.0,305.45,299.0,303.15,302.0,300.3,,303.3,,,190538,57814611.75,3789,F1,1,,,,,
2026-07-09,2026-07-09,CM,NSE,STK,8437,INE946H01037,VIPULLTD,BE,,,,,VIPUL LIMITED,15.02,16.25,15.0,16.24,16.24,15.48,,16.24,,,1374835,22108103.8,1502,F1,1,,,,,
2026-07-09,2026-07-09,CM,NSE,STK,15295,INE539B01017,VIRINCHI,EQ,,,,,VIRINCHI LIMITED,15.65,15.94,15.07,15.5,15.4,15.42,,15.47,,,76791,1181026.13,271,F1,1,,,,,
2026-07-09,2026-07-09,CM,NSE,STK,757060,INE0VRH01015,VGINFOTECH,SM,,,,,VIRTUAL GALAXY INFOTECH L,141.0,141.0,137.25,140.5,140.25,138.5,,140.5,,,23000,3209000.0,21,F1,1000,,,,,
2026-07-09,2026-07-09,CM,NSE,STK,761916,INE0I0T01010,VOEPL,EQ,,,,,VIRTUOSO OPTOELECTRONIC L,450.7,465.0,434.45,437.5,438.0,449.05,,437.5,,,53712,23906483.45,2568,F1,1,,,,,
2026-07-09,2026-07-09,CM,NSE,STK,13298,INE286H01012,VISACHROME,BE,,,,,VISA CHROME LIMITED,39.1,40.2,39.1,39.82,39.75,39.1,,39.81,,,13291,528435.03,72,F1,1,,,,,
2026-07-09,2026-07-09,CM,NSE,STK,29877,INE370E01029,VIVIDHA,EQ,,,,,VISAGAR POLYTEX LTD,0.51,0.56,0.51,0.52,0.53,0.51,,0.52,,,395320,210546.89,161,F1,1,,,,,
2026-07-09,2026-07-09,CM,NSE,STK,4221,INE392A01021,VISAKAIND,EQ,,,,,VISAKA INDUSTRIES LIMITED,79.0,80.2,77.06,77.65,77.58,77.5,,77.66,,,282399,22160075.57,2283,F1,1,,,,,
2026-07-09,2026-07-09,CM,NSE,STK,27969,INE01EA01019,VMM,EQ,,,,,VISHAL MEGA MART LIMITED,116.29,117.49,116.29,116.69,116.8,115.91,,116.69,,,2370680,277239079.87,17707,F1,1,,,,,
2026-07-09,2026-07-09,CM,NSE,STK,6908,INE270I01022,VISHNU,EQ,,,,,VISHNU CHEMICALS LIMITED,588.0,604.75,588.0,601.1,598.5,586.6,,601.15,,,52024,31179663.8,2439,F1,1,,,,,
2026-07-09,2026-07-09,CM,NSE,STK,18343,INE0AE001013,VPRPL,BE,,,,,VISHNU PRAKASH R PUNGLI L,27.29,27.29,26.9,26.9,26.9,27.44,,26.81,,,146612,3949883.52,484,F1,1,,,,,
2026-07-09,2026-07-09,CM,NSE,STK,13702,INE430N01022,VISHWARAJ,EQ,,,,,VISHWARAJ SUGAR IND LTD,5.55,5.55,5.35,5.43,5.45,5.48,,5.43,,,278042,1515587.24,444,F1,1,,,,,
2026-07-09,2026-07-09,CM,NSE,STK,25231,INE0TR001017,VIESL,SM,,,,,VISION INFRA EQUIP SOL L,307.05,314.0,306.0,311.15,307.0,306.5,,311.15,,,28800,8876360.0,25,F1,800,,,,,
2026-07-09,2026-07-09,CM,NSE,STK,761150,INE0L4K01016,VITAL,BE,,,,,VITAL CHEMTECH LIMITED,56.7,56.7,56.0,56.0,56.0,54.0,,56.0,,,3665,206785.34,22,F1,1,,,,,
2026-07-09,2026-07-09,CM,NSE,STK,763637,INE0MEG01014,VIVIANA,BE,,,,,VIVIANA POWER TECH LTD,775.45,792.0,749.0,777.1,770.0,765.05,,777.1,,,26560,20600082.3,645,F1,1,,,,,
2026-07-09,2026-07-09,CM,NSE,STK,761771,INE24H301028,VIVIDEL,ST,,,,,VIVID ELECTROMECH LIMITED,1173.05,1224.3,1150.0,1172.9,1168.0,1166.0,,1172.9,,,17280,20511444.0,64,F1,240,,,,,
2026-07-09,2026-07-09,CM,NSE,STK,11968,INE526G01021,VIVIMEDLAB,BE,,,,,VIVIMED LABS LIMITED,5.41,5.59,5.31,5.41,5.55,5.4,,5.41,,,53022,285768.05,79,F1,1,,,,,
2026-07-09,2026-07-09,CM,NSE,STK,14296,INE807F01027,VIYASH,EQ,,,,,VIYASH SCIENTIFIC LIMITED,274.55,284.0,272.55,281.05,282.0,270.6,,281.05,,,1421093,398848380.25,24487,F1,1,,,,,
2026-07-09,2026-07-09,CM,NSE,STK,18021,INE03HW01020,VLEGOV,BE,,,,,VL E GOV AND IT SOL LTD,10.28,10.62,10.06,10.61,10.62,10.12,,10.61,,,151950,1591943.24,427,F1,1,,,,,
2026-07-09,2026-07-09,CM,NSE,STK,3715,INE709A01018,VLSFINANCE,EQ,,,,,VLS FINANCE LTD,250.1,254.85,250.1,253.35,253.7,252.05,,253.35,,,12590,3184097.15,1007,F1,1,,,,,
2026-07-09,2026-07-09,CM,NSE,STK,29284,INE665J01013,VMART,EQ,,,,,VMART RETAIL LTD,781.55,791.7,777.0,779.6,779.4,784.95,,779.6,,,93665,73270187.4,7764,F1,1,,,,,
2026-07-09,2026-07-09,CM,NSE,STK,759153,INE0SJA01013,VMSTMT,BE,,,,,VMS TMT LIMITED,48.0,48.0,45.5,46.76,46.8,46.55,,46.76,,,13002,606583.28,133,F1,1,,,,,
2026-07-09,2026-07-09,CM,NSE,STK,14366,INE669E01016,IDEA,EQ,,,,,VODAFONE IDEA LIMITED,13.99,14.15,13.97,14.04,14.06,13.93,,14.04,,,198912712,2798398267.06,429539,F1,1,,,,,
2026-07-09,2026-07-09,CM,NSE,STK,29658,INE241X01014,VOLERCAR,SM,,,,,VOLER CAR LIMITED,223.0,226.0,223.0,226.0,226.0,220.0,,226.0,,,1600,359200.0,2,F1,800,,,,,
2026-07-09,2026-07-09,CM,NSE,STK,13577,INE540H01012,VOLTAMP,EQ,,,,,VOLTAMP TRANSFORMERS LTD,9489.0,9600.0,9431.0,9567.0,9582.0,9390.0,,9568.0,,,10179,97208461.0,3853,F1,1,,,,,
2026-07-09,2026-07-09,CM,NSE,STK,3718,INE226A01021,VOLTAS,EQ,,,,,VOLTAS LTD,1254.1,1276.6,1254.0,1269.4,1269.6,1253.6,,1269.4,,,1077385,1364798347.0,27755,F1,1,,,,,
2026-07-09,2026-07-09,CM,NSE,STK,24321,INE0S2V01010,VRAJ,EQ,,,,,VRAJ IRON AND STEEL LTD,112.53,113.72,112.0,113.14,113.01,112.53,,113.14,,,7809,883327.05,226,F1,1,,,,,
2026-07-09,2026-07-09,CM,NSE,STK,8696,INE366I01010,VRLLOG,EQ,,,,,VRL LOGISTICS LIMITED,231.5,234.0,229.0,229.95,230.0,231.41,,229.95,,,84200,19418500.72,3521,F1,1,,,,,
2026-07-09,2026-07-09,CM,NSE,STK,3724,INE710A01016,VSTIND,EQ,,,,,VST INDUSTRIES LTD,267.5,269.0,263.2,264.9,265.3,265.65,,264.9,,,988260,263308952.5,11282,F1,1,,,,,
2026-07-09,2026-07-09,CM,NSE,STK,24292,INE764D01017,VSTTILLERS,EQ,,,,,VST TILLERS TRACTORS LTD,4411.0,4588.0,4411.0,4567.2,4579.0,4432.9,,4567.2,,,4697,21270019.4,1597,F1,1,,,,,
2026-07-09,2026-07-09,CM,NSE,STK,762978,INE765D01022,WPIL,EQ,,,,,W P I L LTD.,473.9,484.3,471.0,476.55,483.0,468.75,,476.55,,,22650,10824896.1,1774,F1,1,,,,,
2026-07-09,2026-07-09,CM,NSE,STK,14828,INE100D01014,WSI,EQ,,,,,W.S.INDUSTRIES (I) LTD.,63.0,64.0,59.3,63.68,63.85,62.61,,63.68,,,75403,4668266.68,898,F1,1,,,,,
2026-07-09,2026-07-09,CM,NSE,STK,25907,INE377N01017,WAAREEENER,EQ,,,,,WAAREE ENERGIES LIMITED,2840.0,2889.0,2834.1,2863.4,2868.0,2823.3,,2863.4,,,471314,1351622438.5,27432,F1,1,,,,,
2026-07-09,2026-07-09,CM,NSE,STK,756038,INE299N01021,WAAREERTL,EQ,,,,,WAAREE RENEWABLE TECH LTD,979.0,1003.6,978.0,989.6,994.0,977.9,,989.4,,,159926,158715345.5,9648,F1,1,,,,,
2026-07-09,2026-07-09,CM,NSE,STK,760259,INE0E7301029,WAKEFIT,EQ,,,,,WAKEFIT INNOVATIONS LTD,121.89,126.14,121.42,125.18,125.45,121.89,,125.18,,,516655,64517600.02,6850,F1,1,,,,,
2026-07-09,2026-07-09,CM,NSE,STK,3736,INE711A01022,WALCHANNAG,EQ,,,,,WALCHANDNAGAR INDUSTRIES,233.0,252.6,233.0,248.15,250.0,231.2,,248.15,,,3188067,784584924.3,36846,F1,1,,,,,
2026-07-09,2026-07-09,CM,NSE,STK,5013,INE0G2G01015,WALPAR,SM,,,,,WALPAR NUTRITIONS LIMITED,34.5,34.9,34.5,34.9,34.9,33.6,,34.9,,,4000,138800.0,2,F1,2000,,,,,
2026-07-09,2026-07-09,CM,NSE,STK,14063,INE107F01022,WANBURY,EQ,,,,,WANBURY LIMITED,271.5,286.35,271.35,283.9,285.0,270.85,,283.9,,,185438,52268525.75,5530,F1,1,,,,,
2026-07-09,2026-07-09,CM,NSE,STK,762163,INE0LZF01013,CORDELIA,EQ,,,,,WATERWAYS LEISURE TOUR L,827.05,903.65,818.65,858.25,867.0,821.5,,858.35,,,2222732,1934956513.4,53207,F1,1,,,,,
2026-07-09,2026-07-09,CM,NSE,STK,759215,INE0A3007065,1075WCA28,N0,,,,,WCAPL 10.75% 2028,9995.0,9995.0,9995.0,9995.0,9995.0,9832.12,,9995.0,,,1,9995.0,1,F1,1,,,,,
2026-07-09,2026-07-09,CM,NSE,STK,9865,INE082W01014,WEWIN,BE,,,,,WE WIN LIMITED,46.99,47.95,46.95,47.49,47.49,45.68,,47.48,,,1451,68342.02,15,F1,1,,,,,
2026-07-09,2026-07-09,CM,NSE,STK,760482,INF2F0001370,TWCGOLDETF,EQ,,,,,WEALTH - TWCGOLDETF,141.41,143.22,141.41,142.93,142.85,141.41,,142.93,,,2305,329110.38,110,F1,1,,,,,
2026-07-09,2026-07-09,CM,NSE,STK,1923,INE658T01017,WEALTH,EQ,,,,,WEALTH FRST PORT. MG. LTD,969.3,984.0,952.0,961.75,977.0,954.5,,962.25,,,1165,1130164.8,149,F1,1,,,,,
2026-07-09,2026-07-09,CM,NSE,STK,14602,INE855C01023,WEBELSOLAR,EQ,,,,,WEBSOL ENERGY SYSTEM LTD,98.07,101.95,97.66,100.44,100.79,97.21,,100.44,,,2212740,222319914.44,9932,F1,1,,,,,
2026-07-09,2026-07-09,CM,NSE,STK,3748,INE080A01014,WEIZMANIND,EQ,,,,,WEIZMANN LTD,79.9,79.9,77.1,79.32,79.38,77.92,,79.47,,,1737,136243.2,73,F1,1,,,,,
2026-07-09,2026-07-09,CM,NSE,STK,11821,INE191B01025,WELCORP,EQ,,,,,WELSPUN CORP LIMITED,1525.0,1618.7,1525.0,1601.9,1595.0,1529.2,,1601.9,,,2887131,4614207962.3,85392,F1,1,,,,,
2026-07-09,2026-07-09,CM,NSE,STK,11626,INE625G01013,WELENT,EQ,,,,,WELSPUN ENTERPRISES LTD.,608.95,619.0,601.0,614.0,617.95,600.9,,614.1,,,208726,127883978.8,6582,F1,1,,,,,
2026-07-09,2026-07-09,CM,NSE,STK,19804,INE389K01018,WELINV,BE,,,,,WELSPUN INV & COMM LTD,1796.9,1801.1,1796.0,1800.0,1800.0,1796.9,,1800.0,,,272,489220.4,24,F1,1,,,,,
2026-07-09,2026-07-09,CM,NSE,STK,11253,INE192B01031,WELSPUNLIV,EQ,,,,,WELSPUN LIVING LIMITED,163.0,169.95,163.0,166.53,167.17,162.93,,166.53,,,1329201,222827832.04,16302,F1,1,,,,,
2026-07-09,2026-07-09,CM,NSE,STK,762971,INE731F01037,WELSPLSOL,EQ,,,,,WELSPUN SPECIALTY SOL L,51.0,53.0,50.48,52.31,52.61,50.95,,52.31,,,657460,34105322.02,2972,F1,1,,,,,
2026-07-09,2026-07-09,CM,NSE,STK,4235,INE274C01019,WENDT,EQ,,,,,WENDT (INDIA) LIMITED,7700.0,7823.5,7668.5,7706.5,7722.0,7664.5,,7706.5,,,3249,25141016.0,1013,F1,1,,,,,
2026-07-09,2026-07-09,CM,NSE,STK,3799,INE976A01021,WSTCSTPAPR,EQ,,,,,WEST COAST PAPER MILLS LT,541.95,552.25,535.0,547.45,547.9,541.95,,547.45,,,185292,100846337.0,8426,F1,1,,,,,
2026-07-09,2026-07-09,CM,NSE,STK,25403,INE0CJF01024,WCIL,EQ,,,,,WESTERN CARRIERS (IND) L,94.9,96.27,93.45,94.73,95.89,94.08,,94.73,,,103212,9796789.08,1000,F1,1,,,,,
2026-07-09,2026-07-09,CM,NSE,STK,11580,INE274F01020,WESTLIFE,EQ,,,,,WESTLIFE FOODWORLD LTD,503.7,509.9,495.05,497.5,496.0,503.7,,497.5,,,27769,13897150.3,2786,F1,1,,,,,
2026-07-09,2026-07-09,CM,NSE,STK,759434,INE085001019,WEWORK,EQ,,,,,WEWORK INDIA MANAGEMENT L,714.1,736.25,712.05,719.15,726.0,714.1,,719.15,,,989274,714334603.9,27197,F1,1,,,,,
2026-07-09,2026-07-09,CM,NSE,STK,3766,INE715A01015,WHEELS,EQ,,,,,WHEELS INDIA LTD,1452.8,1476.4,1427.0,1445.3,1449.0,1434.6,,1445.3,,,111504,161870032.5,10185,F1,1,,,,,
2026-07-09,2026-07-09,CM,NSE,STK,18011,INE716A01013,WHIRLPOOL,EQ,,,,,WHIRLPOOL OF INDIA LTD,783.0,794.35,781.65,792.1,794.0,780.2,,792.1,,,79735,62977113.35,5870,F1,1,,,,,
2026-07-09,2026-07-09,CM,NSE,STK,3772,INE210A01017,WILLAMAGOR,EQ,,,,,WILLIAMSON MAGOR,25.4,27.3,25.4,26.45,26.5,26.34,,26.45,,,3356,87149.75,51,F1,1,,,,,
2026-07-09,2026-07-09,CM,NSE,STK,5366,INE0H5O01029,WINDLAS,EQ,,,,,WINDLAS BIOTECH LIMITED,831.0,842.4,823.0,825.9,828.0,827.7,,825.9,,,47726,39656704.2,2879,F1,1,,,,,
2026-07-09,2026-07-09,CM,NSE,STK,24969,INE052A01021,WINDMACHIN,EQ,,,,,WINDSOR MACHINES LIMITED,308.95,323.0,304.0,316.4,315.0,306.8,,316.4,,,77744,24418620.75,1590,F1,1,,,,,
2026-07-09,2026-07-09,CM,NSE,STK,24173,INE0S9101013,WINNY,SM,,,,,WINNY IMMIGRA & EDU SER L,39.2,39.2,39.2,39.2,39.2,41.25,,39.2,,,500,19600.0,1,F1,500,,,,,
2026-07-09,2026-07-09,CM,NSE,STK,23714,INE0S3D01016,WINSOL,SM,,,,,WINSOL ENGINEERS LIMITED,121.5,124.0,121.5,122.0,122.0,121.5,,122.0,,,2400,294380.0,5,F1,400,,,,,
2026-07-09,2026-07-09,CM,NSE,STK,14757,INE784B01035,WINSOME,BZ,,,,,WINSOME YARNS LIMITED,2.13,2.13,2.13,2.13,2.13,2.17,,2.04,,,227,483.51,1,F1,1,,,,,
2026-07-09,2026-07-09,CM,NSE,STK,3787,INE075A01022,WIPRO,EQ,,,,,WIPRO LTD,173.0,174.29,171.65,172.76,172.94,172.72,,172.76,,,10270117,1778706092.51,92179,F1,1,,,,,
2026-07-09,2026-07-09,CM,NSE,STK,22725,INE623Y01011,WTICAB,SM,,,,,WISE TRAVEL INDIA LIMITED,123.5,126.0,119.0,119.4,120.25,119.45,,119.4,,,28000,3437650.0,33,F1,500,,,,,
2026-07-09,2026-07-09,CM,NSE,STK,7506,INE049B01025,WOCKPHARMA,EQ,,,,,WOCKHARDT LIMITED,1830.0,1873.9,1822.0,1831.3,1834.7,1824.5,,1831.2,,,538924,992516081.1,27243,F1,1,,,,,
2026-07-09,2026-07-09,CM,NSE,STK,25605,INE0OO201011,WOL3D,ST,,,,,WOL 3D INDIA LIMITED,123.6,123.6,123.5,123.5,123.5,123.5,,123.5,,,15000,1853800.0,15,F1,1000,,,,,
2026-07-09,2026-07-09,CM,NSE,STK,19627,INE0Q9601016,WOMANCART,SM,,,,,WOMANCART LIMITED,106.0,107.0,102.0,106.65,107.0,105.65,,106.65,,,25600,2683200.0,54,F1,400,,,,,
2026-07-09,2026-07-09,CM,NSE,STK,7835,INE02WG01024,WEL,EQ,,,,,WONDER ELECTRICALS LTD,102.18,103.36,101.25,102.2,102.2,102.04,,102.2,,,60545,6185393.64,721,F1,1,,,,,
2026-07-09,2026-07-09,CM,NSE,STK,3002,INE066O01014,WONDERLA,EQ,,,,,WONDERLA HOLIDAYS LTD.,467.0,475.0,463.8,469.1,471.25,464.7,,469.1,,,61566,28874604.5,3525,F1,1,,,,,
2026-07-09,2026-07-09,CM,NSE,STK,22277,INE196Y01018,WORTHPERI,EQ,,,,,WORTH PERIPHERALS LIMITED,133.68,136.5,131.5,135.05,136.0,133.68,,135.05,,,15105,2032517.23,55,F1,1,,,,,
2026-07-09,2026-07-09,CM,NSE,STK,11705,INE692G01013,XCHANGING,EQ,,,,,XCHANGING SOLUTIONS LTD,62.9,63.1,61.64,62.48,62.6,61.62,,62.48,,,47593,2975162.35,1020,F1,1,,,,,
2026-07-09,2026-07-09,CM,NSE,STK,8477,INE01P501012,XELPMOC,EQ,,,,,XELPMOC DESIGN & TECH LTD,87.49,87.49,83.51,83.62,83.52,84.51,,83.63,,,9057,764540.13,190,F1,1,,,,,
2026-07-09,2026-07-09,CM,NSE,STK,11407,INE445C01015,XPROINDIA,EQ,,,,,XPRO INDIA LIMITED,1446.0,1470.0,1430.5,1435.2,1440.0,1433.5,,1435.3,,,26201,37906176.7,3135,F1,1,,,,,
2026-07-09,2026-07-09,CM,NSE,STK,25235,INE547B01028,XTGLOBAL,EQ,,,,,XTGLOBAL INFOTECH LIMITED,28.99,29.25,27.8,28.32,28.0,28.98,,28.33,,,76493,2188733.82,346,F1,1,,,,,
2026-07-09,2026-07-09,CM,NSE,STK,760873,INE0U0J01015,YAAP,ST,,,,,YAAP DIGITAL LIMITED,159.6,159.6,159.6,159.6,159.6,168.0,,159.6,,,6000,957600.0,6,F1,1000,,,,,
2026-07-09,2026-07-09,CM,NSE,STK,23451,INE0TO601017,YASHOPTICS,SM,,,,,YASH OPTICS & LENS LTD,118.0,119.0,118.0,118.25,119.0,117.05,,118.25,,,6400,756040.0,8,F1,800,,,,,
2026-07-09,2026-07-09,CM,NSE,STK,18131,INE616Z01012,YASHO,EQ,,,,,YASHO INDUSTRIES LIMITED,2928.7,3059.3,2912.1,3005.0,3018.0,2914.1,,3004.7,,,23323,69679912.5,3487,F1,1,,,,,
2026-07-09,2026-07-09,CM,NSE,STK,17627,INE08S201019,YCCL,SM,,,,,YASONS CHEMEX CARE LTD,10.45,10.9,10.1,10.85,10.85,9.25,,10.85,,,30000,319050.0,10,F1,3000,,,,,
2026-07-09,2026-07-09,CM,NSE,STK,17738,INE0JO301016,YATHARTH,EQ,,,,,YATHARTH HOSP & TRA C S L,812.5,827.9,805.6,820.9,824.0,804.55,,820.9,,,199074,163494749.05,10258,F1,1,,,,,
2026-07-09,2026-07-09,CM,NSE,STK,18760,INE0JR601024,YATRA,EQ,,,,,YATRA ONLINE LIMITED,108.3,114.42,108.3,112.67,112.3,108.66,,112.68,,,1958363,220775372.35,18934,F1,1,,,,,
2026-07-09,2026-07-09,CM,NSE,STK,11915,INE528G01035,YESBANK,EQ,,,,,YES BANK LIMITED,23.42,23.8,23.42,23.64,23.67,23.42,,23.64,,,52193951,1234613490.44,73211,F1,1,,,,,
2026-07-09,2026-07-09,CM,NSE,STK,18040,INE09FA01019,YUDIZ,SM,,,,,YUDIZ SOLUTIONS LIMITED,24.35,24.35,24.35,24.35,24.35,25.6,,24.35,,,800,19480.0,1,F1,800,,,,,
2026-07-09,2026-07-09,CM,NSE,STK,5501,INE384C01016,YUKEN,EQ,,,,,YUKEN INDIA LIMITED,764.85,764.85,750.1,751.55,750.1,757.25,,751.55,,,4983,3749597.4,252,F1,1,,,,,
2026-07-09,2026-07-09,CM,NSE,STK,4229,INE116C01012,ZFSTEERING,EQ,,,,,Z F STEERING GEAR (I) LTD,653.15,666.0,653.05,663.45,661.75,653.5,,663.25,,,1114,739129.8,157,F1,1,,,,,
2026-07-09,2026-07-09,CM,NSE,STK,23976,INE0ISZ01012,ZTECH,SM,,,,,Z-TECH (INDIA) LIMITED,591.2,605.95,590.1,594.0,594.0,590.55,,594.0,,,11100,6619635.0,32,F1,300,,,,,
2026-07-09,2026-07-09,CM,NSE,STK,18608,INE07K301024,ZAGGLE,EQ,,,,,ZAGGLE PREPA OCEAN SER L,202.0,206.9,200.5,205.06,204.9,201.69,,205.06,,,472811,96956139.7,6245,F1,1,,,,,
2026-07-09,2026-07-09,CM,NSE,STK,17766,INE0PPS01018,ZEAL,SM,,,,,ZEAL GLOBAL SERVICES LTD,67.0,67.0,67.0,67.0,67.0,66.6,,67.0,,,600,40200.0,1,F1,600,,,,,
2026-07-09,2026-07-09,CM,NSE,STK,3812,INE256A01028,ZEEL,EQ,,,,,ZEE ENTERTAINMENT ENT LTD,99.8,101.39,98.44,99.79,99.85,99.56,,99.79,,,16333504,1631769250.87,52714,F1,1,,,,,
2026-07-09,2026-07-09,CM,NSE,STK,20856,INE565L01011,ZEELEARN,BE,,,,,ZEE LEARN LIMITED,8.8,9.1,8.7,9.0,9.05,8.89,,9.0,,,334716,3001161.12,546,F1,1,,,,,
2026-07-09,2026-07-09,CM,NSE,STK,14003,INE966H01019,ZEEMEDIA,EQ,,,,,ZEE MEDIA CORPORATION LTD,8.34,8.74,8.18,8.41,8.44,8.19,,8.41,,,1307723,11111007.72,1693,F1,1,,,,,
2026-07-09,2026-07-09,CM,NSE,STK,7508,INE251B01027,ZENTEC,EQ,,,,,ZEN TECHNOLOGIES LIMITED,1819.2,1838.9,1785.0,1813.0,1816.0,1818.6,,1813.0,,,510602,927051317.6,29030,F1,1,,,,,
2026-07-09,2026-07-09,CM,NSE,STK,22803,INE0QWN01013,ZENITHDRUG,SM,,,,,ZENITH DRUGS LIMITED,47.2,50.85,47.2,49.7,50.6,49.65,,49.7,,,6400,316320.0,8,F1,800,,,,,
2026-07-09,2026-07-09,CM,NSE,STK,4176,INE058B01018,ZENITHEXPO,EQ,,,,,ZENITH EXPORTS LTD,199.4,199.4,195.0,197.0,195.0,191.45,,197.0,,,93,18538.6,5,F1,1,,,,,
2026-07-09,2026-07-09,CM,NSE,STK,14562,INE318D01020,ZENITHSTL,EQ,,,,,ZENITH STEEL PIP IND LTD,5.51,5.65,5.41,5.55,5.54,5.4,,5.55,,,47308,261565.79,133,F1,1,,,,,
2026-07-09,2026-07-09,CM,NSE,STK,1076,INE520A01027,ZENSARTECH,EQ,,,,,ZENSAR TECHNOLOGIES  LTD,454.35,454.35,442.55,447.4,449.6,451.1,,447.4,,,1439063,643994865.75,29769,F1,1,,,,,
2026-07-09,2026-07-09,CM,NSE,STK,22901,INF0R8F01042,GOLDCASE,EQ,,,,,ZERODHAAMC - GOLDCASE,22.83,22.83,22.27,22.51,22.5,22.28,,22.51,,,14991061,336490510.53,10824,F1,1,,,,,
2026-07-09,2026-07-09,CM,NSE,STK,21750,INF0R8F01034,LIQUIDCASE,EQ,,,,,ZERODHAAMC - LIQUIDCASE,114.9,114.92,114.9,114.91,114.92,114.89,,114.91,,,13656640,1569325640.71,19566,F1,1,,,,,
2026-07-09,2026-07-09,CM,NSE,STK,758705,INF0R8F01133,LTGILTCASE,EQ,,,,,ZERODHAAMC - LTGILTCASE,30.6,30.6,30.35,30.52,30.59,30.43,,30.52,,,131957,4022086.01,334,F1,1,,,,,
2026-07-09,2026-07-09,CM,NSE,STK,24077,INF0R8F01059,MID150CASE,EQ,,,,,ZERODHAAMC - MID150CASE,11.65,11.65,11.34,11.45,11.48,11.33,,11.45,,,934891,10722131.62,3114,F1,1,,,,,
2026-07-09,2026-07-09,CM,NSE,STK,759302,INF0R8F01166,NIFTYCASE,EQ,,,,,ZERODHAAMC - NIFTYCASE,9.8,9.8,9.58,9.59,9.62,9.57,,9.58,,,488533,4698611.22,1329,F1,1,,,,,
2026-07-09,2026-07-09,CM,NSE,STK,30274,INF0R8F01091,SILVERCASE,EQ,,,,,ZERODHAAMC - SILVERCASE,22.7,22.7,21.99,22.55,22.56,22.25,,22.55,,,12334753,276183113.85,8037,F1,1,,,,,
2026-07-09,2026-07-09,CM,NSE,STK,758955,INF0R8F01141,SML100CASE,EQ,,,,,ZERODHAAMC - SML100CASE,10.97,10.97,10.51,10.84,10.88,10.65,,10.83,,,1545610,16738516.28,1203,F1,1,,,,,
2026-07-09,2026-07-09,CM,NSE,STK,24081,INF0R8F01067,TOP100CASE,EQ,,,,,ZERODHAAMC - TOP100CASE,10.55,10.55,10.45,10.47,10.54,10.45,,10.46,,,516975,5426141.38,1053,F1,1,,,,,
2026-07-09,2026-07-09,CM,NSE,STK,16915,INE342J01019,ZFCVINDIA,EQ,,,,,ZF COM VE CTR SYS IND LTD,2370.0,2372.0,2302.3,2311.6,2315.0,2343.7,,2311.6,,,116124,269402275.0,13813,F1,1,,,,,
2026-07-09,2026-07-09,CM,NSE,STK,12412,INE518E01015,ZIMLAB,BE,,,,,ZIM LABORATORIES LIMITED,115.93,115.93,115.93,115.93,115.93,118.29,,113.75,,,9043,1048354.99,26,F1,1,,,,,
2026-07-09,2026-07-09,CM,NSE,STK,3821,INE206B01013,ZODIACLOTH,EQ,,,,,ZODIAC CLOTHING CO. LTD.,77.1,79.2,74.92,77.23,78.85,76.72,,77.34,,,3653,283569.52,177,F1,1,,,,,
2026-07-09,2026-07-09,CM,NSE,STK,7138,INE761Y01019,ZODIAC,BE,,,,,ZODIAC ENERGY LIMITED,266.95,269.5,265.0,266.4,268.0,267.35,,266.4,,,3905,1044509.6,152,F1,1,,,,,
2026-07-09,2026-07-09,CM,NSE,STK,11394,INE358U01012,ZOTA,EQ,,,,,ZOTA HEALTH CARE LIMITED,1426.7,1456.9,1411.0,1417.8,1412.0,1412.7,,1417.8,,,60330,86160927.0,3718,F1,1,,,,,
2026-07-09,2026-07-09,CM,NSE,STK,29050,INE840M01016,ZUARI,EQ,,,,,ZUARI AGRO CHEMICALS LTD,231.0,235.98,230.21,231.18,231.6,230.57,,231.18,,,117142,27317088.56,2427,F1,1,,,,,
2026-07-09,2026-07-09,CM,NSE,STK,3827,INE217A01012,ZUARIIND,EQ,,,,,ZUARI INDUSTRIES LIMITED,258.4,268.0,258.4,265.7,265.95,259.95,,265.7,,,24490,6472130.1,982,F1,1,,,,,
2026-07-09,2026-07-09,CM,NSE,STK,7929,INE010B01027,ZYDUSLIFE,EQ,,,,,ZYDUS LIFESCIENCES LTD,1148.0,1171.3,1144.9,1159.0,1159.5,1148.0,,1159.0,,,986789,1144209121.8,47564,F1,1,,,,,
2026-07-09,2026-07-09,CM,NSE,STK,17635,INE768C01028,ZYDUSWELL,EQ,,,,,ZYDUS WELLNESS LIMITED,560.0,574.7,559.0,571.5,574.0,559.9,,571.45,,,398231,226098713.9,16297,F1,1,,,,,
