TradDt,BizDt,Sgmt,Src,FinInstrmTp,FinInstrmId,ISIN,TckrSymb,SctySrs,XpryDt,FininstrmActlXpryDt,StrkPric,OptnTp,FinInstrmNm,OpnPric,HghPric,LwPric,ClsPric,LastPric,PrvsClsgPric,UndrlygPric,SttlmPric,OpnIntrst,ChngInOpnIntrst,TtlTradgVol,TtlTrfVal,TtlNbOfTxsExctd,SsnId,NewBrdLotQty,Rmks,Rsvd1,Rsvd2,Rsvd3,Rsvd4
2026-07-14,2026-07-14,CM,NSE,STK,19078,IN0020200104,SGBJUN28,GB,,,,,2.5%GOLDBONDS2028SR-III,14114.99,14114.99,14015.0,14051.8,14015.0,14129.86,,14051.8,,,60,844012.38,19,F1,1,,,,,
2026-07-14,2026-07-14,CM,NSE,STK,1342,IN0020200286,SGBN28VIII,GB,,,,,2.5%GOLDBONDS2028SR-VIII,14148.0,14148.0,14012.1,14066.64,14070.0,14169.98,,14066.64,,,152,2137693.91,47,F1,1,,,,,
2026-07-14,2026-07-14,CM,NSE,STK,3742,IN0020210053,SGBMAY29I,GB,,,,,2.5%GOLDBONDS2029SR-I,14013.0,14139.99,14010.0,14054.57,14075.0,14154.28,,14052.01,,,334,4700693.27,72,F1,1,,,,,
2026-07-14,2026-07-14,CM,NSE,STK,3743,IN0020210061,SGBJUN29II,GB,,,,,2.5%GOLDBONDS2029SR-II,13950.0,14100.0,13950.0,14046.05,14060.0,14150.0,,14058.46,,,54,758530.05,21,F1,1,,,,,
2026-07-14,2026-07-14,CM,NSE,STK,3800,IN0020210087,SGBJU29III,GB,,,,,2.5%GOLDBONDS2029SR-III,14050.01,14095.0,14040.0,14046.66,14040.0,14129.71,,14046.66,,,92,1293949.07,30,F1,1,,,,,
2026-07-14,2026-07-14,CM,NSE,STK,5575,IN0020210145,SGBSEP29VI,GB,,,,,2.5%GOLDBONDS2029SR-VI,14023.0,14150.0,14023.0,14087.75,14090.0,14165.0,,14218.88,,,115,1620591.08,39,F1,1,,,,,
2026-07-14,2026-07-14,CM,NSE,STK,6518,IN0020210178,SGBNV29VII,GB,,,,,2.5%GOLDBONDS2029SR-VII,14149.99,14199.0,14014.51,14030.01,14035.0,14156.07,,14030.01,,,449,6310852.69,61,F1,1,,,,,
2026-07-14,2026-07-14,CM,NSE,STK,6355,IN0020180314,SGBNOV26,GB,,,,,2.50%GOLDBONDS2026SR-III,14347.38,14347.38,14260.0,14260.0,14260.0,14276.0,,14260.0,,,5,71562.14,5,F1,1,,,,,
2026-07-14,2026-07-14,CM,NSE,STK,10261,IN0020190073,SGBJUN27,GB,,,,,2.50%GOLDBONDS2027SR-I,14149.98,14149.98,14149.98,14149.98,14149.98,14150.0,,14149.98,,,5,70749.9,1,F1,1,,,,,
2026-07-14,2026-07-14,CM,NSE,STK,11154,IN0020190081,SGBJUL27,GB,,,,,2.50%GOLDBONDS2027SR-II,14150.0,14150.0,14150.0,14150.0,14150.0,14150.0,,14150.0,,,21,297150.0,3,F1,1,,,,,
2026-07-14,2026-07-14,CM,NSE,STK,12904,IN0020190107,SGBAUG27,GB,,,,,2.50%GOLDBONDS2027SR-III,14012.0,14200.0,14012.0,14188.0,14188.0,14400.0,,14188.0,,,97,1370277.84,38,F1,1,,,,,
2026-07-14,2026-07-14,CM,NSE,STK,13209,IN0020190115,SGBSEP27,GB,,,,,2.50%GOLDBONDS2027SR-IV,14125.0,14125.0,13950.04,13983.23,13950.04,14125.6,,13983.23,,,20,280379.47,10,F1,1,,,,,
2026-07-14,2026-07-14,CM,NSE,STK,8308,IN0020180462,SGBJAN27,GB,,,,,2.50%GOLDBONDS2027SR-V,14100.0,14100.0,14090.0,14090.0,14090.0,14252.01,,14090.0,,,54,761250.0,4,F1,1,,,,,
2026-07-14,2026-07-14,CM,NSE,STK,13981,IN0020190370,SGBOCT27,GB,,,,,2.50%GOLDBONDS2027SR-V,14224.99,14224.99,14020.0,14020.0,14020.0,14693.99,,13998.33,,,17,239469.97,7,F1,1,,,,,
2026-07-14,2026-07-14,CM,NSE,STK,8766,IN0020180561,SGBFEB27,GB,,,,,2.50%GOLDBONDS2027SR-VI,14150.0,14150.0,14099.99,14099.99,14099.99,14198.99,,14099.99,,,11,155149.9,4,F1,1,,,,,
2026-07-14,2026-07-14,CM,NSE,STK,14252,IN0020190388,SGBOCT27VI,GB,,,,,2.50%GOLDBONDS2027SR-VI,14250.0,14250.0,13965.0,13965.0,13965.0,14170.0,,13965.0,,,22,308752.12,7,F1,1,,,,,
2026-07-14,2026-07-14,CM,NSE,STK,15432,IN0020190461,SGBDC27VII,GB,,,,,2.50%GOLDBONDS2027SR-VII,14101.0,14201.0,14000.0,14128.27,14201.0,14151.46,,14128.27,,,223,3137515.0,14,F1,1,,,,,
2026-07-14,2026-07-14,CM,NSE,STK,18862,IN0020200062,SGBAPR28I,GB,,,,,2.50%GOLDBONDS2028SR-I,14145.0,14145.0,14019.55,14042.95,14050.0,14162.7,,14051.87,,,334,4692794.78,95,F1,1,,,,,
2026-07-14,2026-07-14,CM,NSE,STK,18972,IN0020200088,SGBMAY28,GB,,,,,2.50%GOLDBONDS2028SR-II,14098.89,14098.89,14000.0,14007.31,14002.0,14121.62,,13997.79,,,621,8699492.59,61,F1,1,,,,,
2026-07-14,2026-07-14,CM,NSE,STK,22242,IN0020200146,SGBJUL28IV,GB,,,,,2.50%GOLDBONDS2028SR-IV,14099.89,14099.89,13985.0,14003.74,13999.99,14138.0,,14003.9,,,318,4458321.43,57,F1,1,,,,,
2026-07-14,2026-07-14,CM,NSE,STK,17664,IN0020190545,SGBFEB28IX,GB,,,,,2.50%GOLDBONDS2028SR-IX,14100.0,14198.0,14040.0,14041.77,14040.0,14300.0,,14041.77,,,115,1618978.02,9,F1,1,,,,,
2026-07-14,2026-07-14,CM,NSE,STK,22385,IN0020200161,SGBAUG28V,GB,,,,,2.50%GOLDBONDS2028SR-V,14149.99,14149.99,14049.99,14081.37,14100.0,14200.38,,14081.37,,,1217,17155105.23,159,F1,1,,,,,
2026-07-14,2026-07-14,CM,NSE,STK,149,IN0020200195,SGBSEP28VI,GB,,,,,2.50%GOLDBONDS2028SR-VI,14143.7,14143.7,14031.05,14098.0,14098.0,14150.0,,14054.0,,,45,633747.45,23,F1,1,,,,,
2026-07-14,2026-07-14,CM,NSE,STK,834,IN0020200203,SGBOC28VII,GB,,,,,2.50%GOLDBONDS2028SR-VII,14244.99,14244.99,14000.0,14073.59,14079.99,14149.95,,14073.59,,,129,1815647.75,23,F1,1,,,,,
2026-07-14,2026-07-14,CM,NSE,STK,17110,IN0020190537,SGBJ28VIII,GB,,,,,2.50%GOLDBONDS2028SR-VIII,14100.0,14100.0,14010.0,14010.42,14010.0,14250.01,,14010.42,,,123,1723382.3,15,F1,1,,,,,
2026-07-14,2026-07-14,CM,NSE,STK,18451,IN0020190552,SGBMAR28X,GB,,,,,2.50%GOLDBONDS2028SR-X,14010.0,14010.0,14010.0,14010.0,14010.0,14300.0,,14010.0,,,80,1120800.0,7,F1,1,,,,,
2026-07-14,2026-07-14,CM,NSE,STK,5113,IN0020210111,SGBJUL29IV,GB,,,,,2.50%GOLDBONDS2029SR-IV,14100.0,14189.99,14049.99,14079.61,14070.0,14200.62,,14079.61,,,345,4863141.41,46,F1,1,,,,,
2026-07-14,2026-07-14,CM,NSE,STK,1920,IN0020200377,SGBJAN29IX,GB,,,,,2.50%GOLDBONDS2029SR-IX,14120.0,14120.0,14000.0,14001.88,14000.0,14120.0,,14001.86,,,160,2248709.73,56,F1,1,,,,,
2026-07-14,2026-07-14,CM,NSE,STK,5455,IN0020210129,SGBAUG29V,GB,,,,,2.50%GOLDBONDS2029SR-V,14199.99,14199.99,14080.0,14098.36,14114.0,14270.66,,14086.14,,,214,3023226.7,73,F1,1,,,,,
2026-07-14,2026-07-14,CM,NSE,STK,7098,IN0020210228,SGBD29VIII,GB,,,,,2.50%GOLDBONDS2029SR-VIII,14125.0,14125.0,14056.0,14076.87,14098.0,14181.33,,14076.87,,,112,1576773.14,50,F1,1,,,,,
2026-07-14,2026-07-14,CM,NSE,STK,2003,IN0020200385,SGBJAN29X,GB,,,,,2.50%GOLDBONDS2029SR-X,14205.0,14205.0,14012.0,14080.06,14080.2,14203.57,,14080.06,,,108,1518507.96,37,F1,1,,,,,
2026-07-14,2026-07-14,CM,NSE,STK,2200,IN0020200393,SGBFEB29XI,GB,,,,,2.50%GOLDBONDS2029SR-XI,14076.0,14085.0,14065.0,14065.0,14065.0,14218.66,,14065.0,,,42,591147.04,14,F1,1,,,,,
2026-07-14,2026-07-14,CM,NSE,STK,2810,IN0020200427,SGBMR29XII,GB,,,,,2.50%GOLDBONDS2029SR-XII,14100.0,14101.0,14005.01,14023.31,14025.0,14165.91,,14023.31,,,462,6488134.12,58,F1,1,,,,,
2026-07-14,2026-07-14,CM,NSE,STK,10232,IN0020220045,SGBJUN30,GB,,,,,2.50%GOLDBONDS2030SR-I,14211.0,14243.99,14131.25,14190.69,14175.0,14214.58,,14190.69,,,146,2072953.39,46,F1,1,,,,,
2026-07-14,2026-07-14,CM,NSE,STK,11192,IN0020220078,SGBAUG30,GB,,,,,2.50%GOLDBONDS2030SR-II,14289.0,14289.0,14033.0,14139.64,14130.0,14289.0,,14140.29,,,300,4253086.24,109,F1,1,,,,,
2026-07-14,2026-07-14,CM,NSE,STK,13642,IN0020220110,SGBDE30III,GB,,,,,2.50%GOLDBONDS2030SR-III,14247.68,14249.87,14130.01,14198.32,14161.0,14283.0,,14198.37,,,298,4229220.25,67,F1,1,,,,,
2026-07-14,2026-07-14,CM,NSE,STK,7879,IN0020210236,SGBJAN30IX,GB,,,,,2.50%GOLDBONDS2030SR-IX,14102.0,14149.99,14099.32,14119.99,14119.99,14201.09,,14116.91,,,388,5474930.98,96,F1,1,,,,,
2026-07-14,2026-07-14,CM,NSE,STK,8401,IN0020210319,SGBMAR30X,GB,,,,,2.50%GOLDBONDS2030SR-X,14111.0,14274.0,14108.63,14248.4,14250.0,14181.0,,14248.4,,,84,1190338.26,28,F1,1,,,,,
2026-07-14,2026-07-14,CM,NSE,STK,17202,IN0020230069,SGBJUN31I,GB,,,,,2.50%GOLDBONDS2031SR-I,14376.05,14525.98,14307.61,14373.47,14325.0,14373.02,,14359.69,,,200,2873672.46,68,F1,1,,,,,
2026-07-14,2026-07-14,CM,NSE,STK,19456,IN0020230093,SGBSEP31II,GB,,,,,2.50%GOLDBONDS2031SR-II,14389.89,14429.99,14301.0,14389.21,14375.01,14414.4,,14385.28,,,803,11558572.28,143,F1,1,,,,,
2026-07-14,2026-07-14,CM,NSE,STK,22476,IN0020230168,SGBDE31III,GB,,,,,2.50%GOLDBONDS2031SR-III,14449.0,14547.99,14350.03,14499.48,14470.0,14464.43,,14499.68,,,1360,19653019.35,232,F1,1,,,,,
2026-07-14,2026-07-14,CM,NSE,STK,14598,IN0020220169,SGBMAR31IV,GB,,,,,2.50%GOLDBONDS2031SR-IV,14364.68,14450.0,14300.5,14320.47,14350.0,14378.11,,14320.47,,,110,1576323.56,43,F1,1,,,,,
2026-07-14,2026-07-14,CM,NSE,STK,22886,IN0020230184,SGBFEB32IV,GB,,,,,2.50%GOLDBONDS2032SR-IV,14600.0,14743.98,14505.02,14625.26,14635.0,14607.26,,14625.08,,,1697,24856163.11,331,F1,1,,,,,
2026-07-14,2026-07-14,CM,NSE,STK,16921,INE144J01027,20MICRONS,EQ,,,,,20 MICRONS LTD,202.0,209.4,197.73,205.3,205.0,202.45,,205.3,,,311208,63804334.33,6184,F1,1,,,,,
2026-07-14,2026-07-14,CM,NSE,STK,4,INE253B01015,21STCENMGM,EQ,,,,,21ST CENTURY MGMT SERVICE,31.9,31.95,31.02,31.85,31.94,31.33,,31.85,,,7035,224547.36,38,F1,1,,,,,
2026-07-14,2026-07-14,CM,NSE,STK,13061,INE466L01038,360ONE,EQ,,,,,360 ONE WAM LIMITED,1107.0,1112.6,1086.2,1098.8,1097.7,1118.0,,1098.8,,,1524014,1672709221.0,36055,F1,1,,,,,
2026-07-14,2026-07-14,CM,NSE,STK,30105,INF579M01BB5,GOLD360,EQ,,,,,360ONEAMC - GOLD360,139.55,139.55,137.0,137.25,137.25,138.55,,137.25,,,14567,1999517.55,238,F1,1,,,,,
2026-07-14,2026-07-14,CM,NSE,STK,763602,INF579M01BP5,MSCI360,EQ,,,,,360ONEAMC - MSCI360,10.57,10.61,10.06,10.18,10.32,11.16,,10.2,,,91767,931433.12,309,F1,1,,,,,
2026-07-14,2026-07-14,CM,NSE,STK,756150,INF579M01BC3,SILVER360,EQ,,,,,360ONEAMC - SILVER360,213.74,215.02,210.04,214.1,213.76,213.74,,214.1,,,5508,1177458.95,262,F1,1,,,,,
2026-07-14,2026-07-14,CM,NSE,STK,762518,INE994E01018,3BBLACKBIO,EQ,,,,,3B BLACKBIO DX LTD.,1215.1,1215.1,1153.7,1182.6,1182.0,1215.1,,1183.1,,,23719,27961691.9,2982,F1,1,,,,,
2026-07-14,2026-07-14,CM,NSE,STK,6232,INE748C01038,3IINFOLTD,EQ,,,,,3I INFOTECH LIMITED,18.65,18.83,18.0,18.19,18.03,18.68,,18.19,,,232910,4261071.14,1083,F1,1,,,,,
2026-07-14,2026-07-14,CM,NSE,STK,474,INE470A01017,3MINDIA,EQ,,,,,3M INDIA LIMITED,36000.0,36690.0,36000.0,36540.0,36610.0,36430.0,,36540.0,,,6617,240322570.0,3278,F1,1,,,,,
2026-07-14,2026-07-14,CM,NSE,STK,2595,INE105C01023,3PLAND,EQ,,,,,3P LAND HOLDINGS LIMITED,32.75,32.75,31.7,31.84,31.85,32.65,,31.84,,,3870,124800.49,55,F1,1,,,,,
2026-07-14,2026-07-14,CM,NSE,STK,445,INE618L01018,5PAISA,EQ,,,,,5PAISA CAPITAL LIMITED,369.0,389.5,367.6,384.95,381.3,370.7,,384.9,,,125767,47854123.55,3637,F1,1,,,,,
2026-07-14,2026-07-14,CM,NSE,STK,11868,INE111B01023,63MOONS,EQ,,,,,63 MOONS TECHNOLOGIES LTD,734.0,749.8,713.0,721.8,726.0,734.2,,721.8,,,348228,253488142.15,12191,F1,1,,,,,
2026-07-14,2026-07-14,CM,NSE,STK,19926,INE020B07JU4,743REC35,NH,,,,,7.43% TAX FREE TRI SR3B,1190.0,1190.0,1190.0,1190.0,1190.0,1190.0,,1190.0,,,43,51170.0,2,F1,1,,,,,
2026-07-14,2026-07-14,CM,NSE,STK,19976,INE134E07588,760PFCL35,N3,,,,,7.60% TAX FREE NCD,1201.25,1201.25,1201.25,1201.25,1201.25,1206.0,,1206.63,,,42,50452.5,1,F1,1,,,,,
2026-07-14,2026-07-14,CM,NSE,STK,20034,INE261F07032,764NABAR31,N2,,,,,7.64% TAX FREE TRI SRIIB,1106.0,1106.0,1102.1,1104.64,1104.8,1105.69,,1104.64,,,2737,3022501.88,17,F1,1,,,,,
2026-07-14,2026-07-14,CM,NSE,STK,19928,INE031A07AO5,764HUDCO31,N8,,,,,7.64% TAX FREETRI SR2B,1110.51,1110.51,1110.01,1110.01,1110.01,1110.1,,1110.01,,,200,222027.0,2,F1,1,,,,,
2026-07-14,2026-07-14,CM,NSE,STK,19930,INE031A07AT4,769HUDCO31,N9,,,,,7.69% TAX FREETRII SR2B,1123.16,1123.16,1123.15,1123.15,1123.15,1130.0,,1123.45,,,81,90975.24,2,F1,1,,,,,
2026-07-14,2026-07-14,CM,NSE,STK,20030,INE202E07229,774IREDA31,N7,,,,,7.74% TAX FREE NCD,1118.01,1118.01,1118.01,1118.01,1118.01,1118.1,,1118.01,,,5,5590.05,1,F1,1,,,,,
2026-07-14,2026-07-14,CM,NSE,STK,19924,INE020B07GH7,812REC27,NI,,,,,8.12/8.32% TAX FREE NCD,1017.72,1018.0,1017.0,1018.0,1018.0,1017.11,,1018.0,,,2341,2382333.33,10,F1,1,,,,,
2026-07-14,2026-07-14,CM,NSE,STK,31240,INE031A07840,82HUDCO27,N2,,,,,8.20 NCD05MAR27 FV 1000,1043.5,1043.5,1042.0,1042.51,1042.06,1043.5,,1042.51,,,1065,1110443.0,19,F1,1,,,,,
2026-07-14,2026-07-14,CM,NSE,STK,186,INE906B07DE1,850NHAI29,N5,,,,,8.50% TAX FREE TR I S IIA,1100.0,1100.0,1097.27,1099.66,1099.66,1087.0,,1099.66,,,21,23058.71,4,F1,1,,,,,
2026-07-14,2026-07-14,CM,NSE,STK,192,INE906B07DF8,875NHAI29,N6,,,,,8.75% TAX FREE TR I S IIB,1100.1,1109.5,1100.1,1104.18,1104.18,1105.9,,1104.18,,,1064,1174660.38,15,F1,1,,,,,
2026-07-14,2026-07-14,CM,NSE,STK,19968,INE031A07949,876HUDCO28,ND,,,,,8.76% TAX FREETRI SR2B,1113.84,1142.0,1113.84,1141.47,1141.5,1142.41,,1141.47,,,427,486719.0,9,F1,1,,,,,
2026-07-14,2026-07-14,CM,NSE,STK,20058,INE787H07370,891IIFCL34,N4,,,,,8.91% TAX FREE NCD,1250.0,1250.0,1246.01,1250.0,1250.0,1245.46,,1250.0,,,900,1123902.0,4,F1,1,,,,,
2026-07-14,2026-07-14,CM,NSE,STK,31768,INE733E07JJ9,891NTPC33,N6,,,,,8.91%S-R-NCD SERIES 3B,1278.0,1278.0,1278.0,1278.0,1278.0,1279.0,,1278.0,,,106,135468.0,3,F1,1,,,,,
2026-07-14,2026-07-14,CM,NSE,STK,20028,INE134E07463,892PFCL33,N8,,,,,8.92% TAX FREE NCD,1274.0,1275.0,1270.0,1274.0,1274.0,1275.0,,1274.0,,,350,445600.0,7,F1,1,,,,,
2026-07-14,2026-07-14,CM,NSE,STK,19970,INE031A07AB2,901HUDCO34,NE,,,,,9.01% TAX FREETRII SR3B,1272.95,1283.0,1268.0,1268.0,1268.0,1273.0,,1274.97,,,1056,1346302.75,26,F1,1,,,,,
2026-07-14,2026-07-14,CM,NSE,STK,759130,INE08PH01015,ABCOTS,EQ,,,,,A B COTSPIN INDIA LIMITED,209.94,209.94,206.2,208.01,207.9,208.31,,208.0,,,13476,2807135.9,592,F1,1,,,,,
2026-07-14,2026-07-14,CM,NSE,STK,27020,INE00YB01025,ABINFRA,EQ,,,,,A B INFRABUILD LIMITED,10.25,10.3,10.09,10.2,10.16,10.24,,10.2,,,853115,8661654.04,1543,F1,1,,,,,
2026-07-14,2026-07-14,CM,NSE,STK,762528,INE850B01026,ABMKNO,EQ,,,,,A B M KNOWLEDGEWARE LTD.,207.99,210.0,204.0,208.87,205.5,205.1,,208.87,,,2728,568363.42,79,F1,1,,,,,
2026-07-14,2026-07-14,CM,NSE,STK,762533,INE366C01021,ACSTECH,EQ,,,,,A C S TECHNOLOGIES LTD.,46.38,46.38,44.12,45.31,45.5,44.39,,45.35,,,350590,15929905.04,1687,F1,1,,,,,
2026-07-14,2026-07-14,CM,NSE,STK,762538,INE701G01012,AKCAPIT,EQ,,,,,A K CAPITAL SERVICES LTD.,1750.0,1875.0,1742.6,1767.9,1875.0,1763.3,,1767.7,,,5538,9780735.7,549,F1,1,,,,,
2026-07-14,2026-07-14,CM,NSE,STK,20906,INE619I01012,A2ZINFRA,EQ,,,,,A2Z INFRA ENGINEERING LTD,13.15,14.46,13.15,14.01,13.94,13.15,,14.0,,,322842,4435448.4,599,F1,1,,,,,
2026-07-14,2026-07-14,CM,NSE,STK,12533,INE0D0U01013,AAATECH,EQ,,,,,AAA TECHNOLOGIES LIMITED,95.19,95.96,94.4,94.84,95.96,95.04,,94.87,,,18451,1749253.44,908,F1,1,,,,,
2026-07-14,2026-07-14,CM,NSE,STK,23729,INE883F01010,AADHARHFC,EQ,,,,,AADHAR HOUSING FINANCE L,534.05,534.05,517.0,518.95,517.9,535.9,,518.95,,,243257,127195849.45,13636,F1,1,,,,,
2026-07-14,2026-07-14,CM,NSE,STK,757579,INE1GYP01013,AAKAAR,SM,,,,,AAKAAR MEDICAL TECHNO LTD,70.95,70.95,70.95,70.95,70.95,67.6,,70.95,,,16000,1135200.0,10,F1,1600,,,,,
2026-07-14,2026-07-14,CM,NSE,STK,235,INE087Z01024,AAKASH,EQ,,,,,AAKASH EXPLORATION SER L,9.84,9.84,9.02,9.18,9.4,9.59,,9.18,,,193168,1820738.32,711,F1,1,,,,,
2026-07-14,2026-07-14,CM,NSE,STK,5248,INE198H01019,AAREYDRUGS,BE,,,,,AAREY DRUGS & PHARM LTD,79.56,79.56,79.56,79.56,79.56,81.18,,82.09,,,5880,467812.8,22,F1,1,,,,,
2026-07-14,2026-07-14,CM,NSE,STK,761821,INE750R01016,AARNAV,EQ,,,,,AARNAV FASHIONS LIMITED,24.99,26.49,24.99,26.14,26.0,24.98,,26.11,,,25152,649734.61,198,F1,1,,,,,
2026-07-14,2026-07-14,CM,NSE,STK,1030,INE721Z01010,AARON,EQ,,,,,AARON INDUSTRIES LIMITED,119.5,119.5,115.5,116.32,117.43,118.77,,116.32,,,8237,959935.6,236,F1,1,,,,,
2026-07-14,2026-07-14,CM,NSE,STK,17164,INE01C001026,AARTECH,BE,,,,,AARTECH SOLONICS LIMITED,48.0,48.5,47.0,47.47,47.5,48.57,,47.49,,,17011,809858.02,161,F1,1,,,,,
2026-07-14,2026-07-14,CM,NSE,STK,4481,INE767A01016,AARTIDRUGS,EQ,,,,,AARTI DRUGS LTD.,396.1,413.9,395.9,405.7,405.55,395.7,,405.75,,,553563,225618405.7,15918,F1,1,,,,,
2026-07-14,2026-07-14,CM,NSE,STK,7,INE769A01020,AARTIIND,EQ,,,,,AARTI INDUSTRIES LTD,480.8,491.95,478.35,483.05,482.0,484.3,,483.05,,,520204,252323224.7,20345,F1,1,,,,,
2026-07-14,2026-07-14,CM,NSE,STK,13868,INE0LRU01027,AARTIPHARM,EQ,,,,,AARTI PHARMALABS LIMITED,717.8,735.0,705.05,709.75,712.6,717.8,,709.75,,,167804,121000913.85,13630,F1,1,,,,,
2026-07-14,2026-07-14,CM,NSE,STK,19233,INE09EO01013,AARTISURF,EQ,,,,,AARTI SURFACTANTS LIMITED,380.0,386.65,378.05,378.9,378.2,385.35,,378.95,,,11209,4279275.35,408,F1,1,,,,,
2026-07-14,2026-07-14,CM,NSE,STK,19073,INE754X01016,AARVI,EQ,,,,,AARVI ENCON LIMITED,155.0,155.0,148.16,150.74,149.05,152.62,,150.74,,,17626,2654826.4,626,F1,1,,,,,
2026-07-14,2026-07-14,CM,NSE,STK,763801,INE2FMX01012,AASTHA,BE,,,,,AASTHA SPINTEX LIMITED,135.45,135.46,135.45,135.45,135.46,129.01,,135.45,,,1138381,154197088.3,3346,F1,1,,,,,
2026-07-14,2026-07-14,CM,NSE,STK,5385,INE216P01012,AAVAS,EQ,,,,,AAVAS FINANCIERS LIMITED,1495.0,1495.1,1439.9,1447.5,1446.0,1498.4,,1447.5,,,66824,97327419.8,11460,F1,1,,,,,
2026-07-14,2026-07-14,CM,NSE,STK,7759,INE421A01028,ABAN,BE,,,,,ABAN OFFSHORE LTD.,14.16,14.84,14.16,14.81,14.84,14.14,,14.81,,,99739,1472552.17,441,F1,1,,,,,
2026-07-14,2026-07-14,CM,NSE,STK,762526,INE365O01028,ABANSENT,BE,,,,,ABANS ENTERPRISES LTD.,27.01,28.34,27.01,27.9,27.9,28.06,,27.9,,,2319,64487.34,30,F1,1,,,,,
2026-07-14,2026-07-14,CM,NSE,STK,13288,INE00ZE01026,AFSL,EQ,,,,,ABANS FINANCIAL SRVCS LTD,202.28,202.28,201.0,201.03,201.0,202.28,,201.03,,,5328,1072072.43,118,F1,1,,,,,
2026-07-14,2026-07-14,CM,NSE,STK,13,INE117A01022,ABB,EQ,,,,,ABB INDIA LIMITED,6778.5,6920.0,6744.0,6892.0,6920.0,6807.0,,6892.5,,,187662,1284820172.0,22671,F1,1,,,,,
2026-07-14,2026-07-14,CM,NSE,STK,17903,INE358A01014,ABBOTINDIA,EQ,,,,,ABBOTT INDIA LIMITED,27415.0,27570.0,27225.0,27500.0,27470.0,27395.0,,27500.0,,,20023,548933155.0,4337,F1,1,,,,,
2026-07-14,2026-07-14,CM,NSE,STK,755941,INE860H07IQ0,8ABCL26,N2,,,,,ABCL 8% SR I,1060.4,1060.8,1060.4,1060.8,1060.8,1059.2,,1060.8,,,6,6363.6,3,F1,1,,,,,
2026-07-14,2026-07-14,CM,NSE,STK,27284,INE0UYG01015,ABHAPOWER,SM,,,,,ABHA POWER N STEEL LTD,25.3,26.0,25.0,25.95,26.0,26.55,,25.95,,,11200,284480.0,7,F1,1600,,,,,
2026-07-14,2026-07-14,CM,NSE,STK,4654,INE0CAJ01017,AILIMITED,ST,,,,,ABHISHEK INTEGRATIONS LTD,41.1,41.1,37.2,37.2,37.2,39.15,,37.2,,,9000,352350.0,6,F1,1500,,,,,
2026-07-14,2026-07-14,CM,NSE,STK,23786,INE0QRV01016,ABSMARINE,ST,,,,,ABS MARINE SERVICES LTD,233.95,233.95,228.15,231.3,230.05,233.5,,231.3,,,11000,2531050.0,22,F1,500,,,,,
2026-07-14,2026-07-14,CM,NSE,STK,22,INE012A01025,ACC,EQ,,,,,ACC LIMITED,1374.8,1381.0,1357.8,1361.9,1362.0,1378.8,,1361.8,,,77359,105661158.8,8021,F1,1,,,,,
2026-07-14,2026-07-14,CM,NSE,STK,7053,INE793A01012,ACCELYA,EQ,,,,,ACCELYA SOLN INDIA LTD,1130.9,1134.9,1100.0,1108.8,1101.5,1130.9,,1109.1,,,7533,8397607.3,1042,F1,1,,,,,
2026-07-14,2026-07-14,CM,NSE,STK,20488,INE0Q5D01013,ACCENTMIC,SM,,,,,ACCENT MICROCELL LIMITED,519.9,524.0,512.1,516.6,517.0,524.45,,516.6,,,26000,13469125.0,46,F1,500,,,,,
2026-07-14,2026-07-14,CM,NSE,STK,21218,INE113X01015,ACCORD,ST,,,,,ACCORD SYNERGY LIMITED,206.55,206.55,206.55,206.55,206.55,202.5,,206.55,,,4000,826200.0,2,F1,2000,,,,,
2026-07-14,2026-07-14,CM,NSE,STK,757024,INE0T8T01010,ACCPL,ST,,,,,ACCRETION PHARMA LIMITED,154.2,158.0,154.2,157.1,158.0,155.5,,157.1,,,9600,1491060.0,7,F1,1200,,,,,
2026-07-14,2026-07-14,CM,NSE,STK,1472,INE648Z01023,ACCURACY,BE,,,,,ACCURACY SHIPPING LIMITED,5.12,5.28,5.06,5.15,5.19,5.14,,5.19,,,40692,209579.76,141,F1,1,,,,,
2026-07-14,2026-07-14,CM,NSE,STK,11779,INE543V01017,ACEINTEG,EQ,,,,,ACE INTEGRATED SOLU. LTD.,20.21,21.4,20.21,21.0,21.0,20.69,,21.0,,,978,20705.96,23,F1,1,,,,,
2026-07-14,2026-07-14,CM,NSE,STK,27061,INE622W01025,ACMESOLAR,EQ,,,,,ACME SOLAR HOLDINGS LTD,376.95,398.65,373.05,384.6,385.0,378.8,,384.6,,,4243979,1641684495.1,64132,F1,1,,,,,
2026-07-14,2026-07-14,CM,NSE,STK,13587,INE731H01025,ACE,EQ,,,,,ACTION CONST EQUIP LTD,981.0,989.0,962.0,964.4,966.9,985.7,,964.3,,,182754,177945276.7,10118,F1,1,,,,,
2026-07-14,2026-07-14,CM,NSE,STK,30464,INE0KLO01025,ACTIVEINFR,SM,,,,,ACTIVE INFRASTRUCTURES L,178.2,178.2,178.2,178.2,178.2,178.3,,178.2,,,600,106920.0,1,F1,600,,,,,
2026-07-14,2026-07-14,CM,NSE,STK,5578,INE00FF01025,ACUTAAS,EQ,,,,,ACUTAAS CHEMICALS LIMITED,3472.0,3535.0,3450.0,3459.7,3470.0,3495.2,,3459.7,,,173273,603640584.5,20012,F1,1,,,,,
2026-07-14,2026-07-14,CM,NSE,STK,10217,INE931S01010,ADANIENSOL,EQ,,,,,ADANI ENERGY SOLUTION LTD,1644.1,1713.9,1636.6,1690.3,1688.8,1644.6,,1690.3,,,2237295,3763019160.1,68844,F1,1,,,,,
2026-07-14,2026-07-14,CM,NSE,STK,25,INE423A01024,ADANIENT,EQ,,,,,ADANI ENTERPRISES LIMITED,3169.9,3219.7,3145.0,3188.9,3177.0,3177.5,,3188.9,,,1932879,6157243684.4,75272,F1,1,,,,,
2026-07-14,2026-07-14,CM,NSE,STK,3563,INE364U01010,ADANIGREEN,EQ,,,,,ADANI GREEN ENERGY LTD,1545.0,1631.5,1533.0,1604.5,1604.0,1546.5,,1604.5,,,4833988,7711121182.6,109807,F1,1,,,,,
2026-07-14,2026-07-14,CM,NSE,STK,15083,INE742F01042,ADANIPORTS,EQ,,,,,ADANI PORT & SEZ LTD,1819.3,1840.9,1808.6,1821.9,1820.0,1810.3,,1821.9,,,1636778,2982154613.9,71788,F1,1,,,,,
2026-07-14,2026-07-14,CM,NSE,STK,17388,INE814H01029,ADANIPOWER,EQ,,,,,ADANI POWER LTD,216.35,228.94,216.3,226.17,225.98,215.46,,226.17,,,55601636,12474171801.45,251028,F1,1,,,,,
2026-07-14,2026-07-14,CM,NSE,STK,6066,INE399L01023,ATGL,EQ,,,,,ADANI TOTAL GAS LIMITED,719.6,740.45,716.5,721.6,722.0,720.95,,721.6,,,3045728,2215511598.75,56108,F1,1,,,,,
2026-07-14,2026-07-14,CM,NSE,STK,22468,INE0RDH01021,ADDICTIVE,SM,,,,,ADDICTIVE LEARNING TECH L,43.35,43.35,40.55,42.05,42.45,41.35,,42.05,,,6500,271075.0,11,F1,500,,,,,
2026-07-14,2026-07-14,CM,NSE,STK,19761,INE982B01027,ADFFOODS,EQ,,,,,ADF FOODS LIMITED,315.4,321.95,307.3,312.55,310.9,319.45,,312.55,,,149753,46944499.1,5233,F1,1,,,,,
2026-07-14,2026-07-14,CM,NSE,STK,763156,INE20PL01012,ADISOFT,SM,,,,,ADISOFT TECHNOLOGIES LTD,199.0,204.6,194.0,198.15,198.0,196.45,,198.15,,,95200,19048120.0,105,F1,800,,,,,
2026-07-14,2026-07-14,CM,NSE,STK,6018,INE404A01024,ABSLAMC,EQ,,,,,ADIT BIRL SUN LIF AMC LTD,1177.5,1179.7,1129.5,1143.6,1144.9,1173.7,,1143.6,,,212678,243924280.0,22275,F1,1,,,,,
2026-07-14,2026-07-14,CM,NSE,STK,21614,INE674K01013,ABCAPITAL,EQ,,,,,ADITYA BIRLA CAPITAL LTD.,404.0,404.6,392.1,399.25,399.0,407.45,,399.25,,,5398809,2139770081.15,62360,F1,1,,,,,
2026-07-14,2026-07-14,CM,NSE,STK,30108,INE647O01011,ABFRL,EQ,,,,,ADITYA BIRLA FASHION & RT,60.16,60.3,58.85,58.93,59.11,60.51,,58.93,,,2142900,127202156.57,10126,F1,1,,,,,
2026-07-14,2026-07-14,CM,NSE,STK,756843,INE14LE01019,ABLBL,EQ,,,,,ADITYA BIRLA LIFES BRAN L,99.19,99.19,96.85,97.24,97.2,99.24,,97.25,,,284336,27760831.99,4898,F1,1,,,,,
2026-07-14,2026-07-14,CM,NSE,STK,15239,INE865C01022,BIRLAMONEY,EQ,,,,,ADITYA BIRLA MONEY LTD,159.39,163.49,152.91,157.06,158.75,157.8,,157.04,,,334242,52584111.34,5006,F1,1,,,,,
2026-07-14,2026-07-14,CM,NSE,STK,625,INE055A01016,ABREL,EQ,,,,,ADITYA BIRLA REAL EST LTD,1434.0,1438.0,1406.0,1422.5,1422.0,1436.6,,1422.5,,,104200,148290571.2,7975,F1,1,,,,,
2026-07-14,2026-07-14,CM,NSE,STK,758858,INE819V01029,CPPLUS,EQ,,,,,ADITYA INFOTECH LIMITED,3649.4,3698.9,3611.6,3622.8,3630.0,3639.4,,3622.7,,,120904,439217914.7,10809,F1,1,,,,,
2026-07-14,2026-07-14,CM,NSE,STK,25248,INE01YQ01013,AUSL,SM,,,,,ADITYA ULTRA STEEL LTD,27.25,27.25,27.25,27.25,27.25,26.4,,27.25,,,2000,54500.0,1,F1,2000,,,,,
2026-07-14,2026-07-14,CM,NSE,STK,25984,INE679V01027,AVL,EQ,,,,,ADITYA VISION LIMITED,639.0,639.4,627.5,635.45,635.4,636.0,,635.45,,,73103,46381011.3,7990,F1,1,,,,,
2026-07-14,2026-07-14,CM,NSE,STK,23804,INF209KB18D3,BSLGOLDETF,EQ,,,,,ADITYBIRLA SL GOLD ETF-GR,124.0,124.05,123.24,123.34,123.5,124.45,,123.34,,,380722,46977514.56,1677,F1,1,,,,,
2026-07-14,2026-07-14,CM,NSE,STK,24781,INF209KB19D1,BSLNIFTY,EQ,,,,,ADITYBIRLA SL NIF ETF-GR,29.08,29.08,27.67,28.15,28.14,28.38,,28.15,,,573179,16146383.0,3984,F1,1,,,,,
2026-07-14,2026-07-14,CM,NSE,STK,34,INE045A01017,ADOR,EQ,,,,,ADOR WELDING LTD,1320.0,1339.0,1302.3,1316.1,1319.0,1333.0,,1315.7,,,33489,44174305.4,3172,F1,1,,,,,
2026-07-14,2026-07-14,CM,NSE,STK,4953,INE737B01033,ADROITINFO,EQ,,,,,ADROIT INFOTECH LIMITED,8.95,9.25,8.36,8.93,8.92,8.99,,8.93,,,21272,184753.66,170,F1,1,,,,,
2026-07-14,2026-07-14,CM,NSE,STK,760657,INE0ALI01010,ADVAIT,EQ,,,,,ADVAIT ENRGY TRANSITION L,2170.0,2171.3,2116.0,2132.1,2130.0,2184.3,,2132.2,,,27117,57948721.6,4440,F1,1,,,,,
2026-07-14,2026-07-14,CM,NSE,STK,759402,INE1B0W01010,ADVANCE,EQ,,,,,ADVANCE AGROLIFE LIMITED,114.81,114.81,109.7,110.15,109.7,113.67,,110.16,,,158678,17755731.52,1734,F1,1,,,,,
2026-07-14,2026-07-14,CM,NSE,STK,18039,INE837H01020,ADVENZYMES,EQ,,,,,ADVANCED ENZYME TECH LTD,333.0,333.0,321.65,324.15,323.0,331.45,,324.15,,,182239,59260183.8,5528,F1,1,,,,,
2026-07-14,2026-07-14,CM,NSE,STK,14745,INE199C01026,ADVANIHOTR,EQ,,,,,ADVANI HOT.& RES.(I) LTD,52.86,52.86,52.03,52.41,52.3,52.86,,52.34,,,17507,917674.22,485,F1,1,,,,,
2026-07-14,2026-07-14,CM,NSE,STK,759769,INE28GN01010,ADVENTHTL,EQ,,,,,ADVENT HOTELS INTERNATI L,151.0,152.68,146.7,149.13,149.41,151.47,,149.14,,,162938,24406525.87,3540,F1,1,,,,,
2026-07-14,2026-07-14,CM,NSE,STK,762252,INE1SJO01012,RAMBHAJO,BE,,,,,ADVIT JEWELS LIMITED,190.0,196.89,190.0,196.89,196.89,187.52,,196.87,,,493689,96133925.43,4130,F1,1,,,,,
2026-07-14,2026-07-14,CM,NSE,STK,40,INE208C01025,AEGISLOG,EQ,,,,,AEGIS LOGISTICS LIMITED,1289.9,1303.3,1164.4,1222.5,1222.0,1293.6,,1222.3,,,1730718,2137942129.4,56962,F1,1,,,,,
2026-07-14,2026-07-14,CM,NSE,STK,757336,INE0INX01018,AEGISVOPAK,EQ,,,,,AEGIS VOPAK TERMINALS LTD,302.83,304.7,277.25,280.64,281.3,303.3,,280.59,,,3344209,964240837.61,56951,F1,1,,,,,
2026-07-14,2026-07-14,CM,NSE,STK,757870,INE423A07401,AEL17725,,,,,,AEL 0% 2027 SR II,1056.0,1076.0,1056.0,1076.0,1076.0,1056.0,,1076.0,,,16,17056.0,2,F1,1,,,,,
2026-07-14,2026-07-14,CM,NSE,STK,761341,INE423A07500,AEL12126,NI,,,,,AEL 0% 2028 SR II,1036.9,1036.9,1036.9,1036.9,1036.9,1025.8,,1036.9,,,20,20738.0,2,F1,1,,,,,
2026-07-14,2026-07-14,CM,NSE,STK,761347,INE423A07542,AEL1212026,NO,,,,,AEL 0% 2031 SR VIII,1035.0,1035.0,1035.0,1035.0,1035.0,991.0,,1035.0,,,246,254610.0,2,F1,1,,,,,
2026-07-14,2026-07-14,CM,NSE,STK,761342,INE423A07492,848AEL29,NJ,,,,,AEL 8.48% 2029 SR III,1009.0,1009.0,1008.0,1008.0,1008.0,1005.0,,1019.0,,,186,187498.0,3,F1,1,,,,,
2026-07-14,2026-07-14,CM,NSE,STK,761340,INE423A07484,860AEL28,NH,,,,,AEL 8.60% 2028 SR I,1041.0,1041.0,1040.0,1040.0,1040.0,1024.12,,1037.5,,,100,104030.0,3,F1,1,,,,,
2026-07-14,2026-07-14,CM,NSE,STK,761343,INE423A07534,875AEL29,NK,,,,,AEL 8.75% 2029 SR IV,1041.5,1041.5,1041.5,1041.5,1041.5,1039.0,,1041.25,,,25,26037.5,1,F1,1,,,,,
2026-07-14,2026-07-14,CM,NSE,STK,757871,INE423A07427,885AEL28,NB,,,,,AEL 8.85% 2028 SR III,1022.94,1022.94,1022.94,1022.94,1022.94,1024.92,,1022.94,,,2,2045.88,1,F1,1,,,,,
2026-07-14,2026-07-14,CM,NSE,STK,761346,INE423A07526,890AEL31,NN,,,,,AEL 8.90% 2031 SR VII,1042.0,1043.0,1041.6,1042.5,1042.5,1041.74,,1042.5,,,566,589972.0,18,F1,1,,,,,
2026-07-14,2026-07-14,CM,NSE,STK,757872,INE423A07435,915AEL28,NC,,,,,AEL 9.15% 2028 SR IV,1016.33,1022.94,1016.33,1022.94,1022.94,1021.95,,1022.94,,,76,77439.38,3,F1,1,,,,,
2026-07-14,2026-07-14,CM,NSE,STK,757875,INE423A07393,930AEL30,NF,,,,,AEL 9.3% 2030 SR VII,1026.05,1026.05,1026.0,1026.0,1026.0,1040.0,,1026.0,,,82,84134.5,5,F1,1,,,,,
2026-07-14,2026-07-14,CM,NSE,STK,760234,INE947N01017,AEQUS,EQ,,,,,AEQUS LIMITED,244.7,248.9,235.8,242.58,244.35,244.69,,242.57,,,4177338,1010356843.89,39695,F1,1,,,,,
2026-07-14,2026-07-14,CM,NSE,STK,12015,INE065D01027,AEROENTER,EQ,,,,,AEROFLEX ENTERPRISES LTD,120.43,125.0,117.84,121.19,121.8,120.97,,121.19,,,818334,98892957.29,10773,F1,1,,,,,
2026-07-14,2026-07-14,CM,NSE,STK,18268,INE024001021,AEROFLEX,EQ,,,,,AEROFLEX INDUSTRIES LTD,418.0,421.4,406.0,410.9,409.0,421.5,,410.9,,,788965,325465869.6,13733,F1,1,,,,,
2026-07-14,2026-07-14,CM,NSE,STK,13689,INE035801013,AERONEU,EQ,,,,,AEROFLEX NEU LIMITED,88.34,90.0,86.5,87.17,87.84,88.34,,87.18,,,51382,4526308.81,874,F1,1,,,,,
2026-07-14,2026-07-14,CM,NSE,STK,25065,INE0WL801011,AERON,SM,,,,,AERON COMPOSITE LIMITED,83.0,84.35,82.75,82.75,82.75,83.0,,82.75,,,5000,417450.0,4,F1,1000,,,,,
2026-07-14,2026-07-14,CM,NSE,STK,9810,INE0BWX01014,AETHER,EQ,,,,,AETHER INDUSTRIES LIMITED,1440.1,1478.6,1432.7,1439.9,1444.0,1452.8,,1439.8,,,143734,209257151.5,14425,F1,1,,,,,
2026-07-14,2026-07-14,CM,NSE,STK,25977,INE101I01011,AFCONS,EQ,,,,,AFCONS INFRASTRUCTURE LTD,299.0,299.0,290.95,292.7,291.0,299.0,,292.7,,,365190,107421709.8,8294,F1,1,,,,,
2026-07-14,2026-07-14,CM,NSE,STK,11343,INE00WC01027,AFFLE,EQ,,,,,AFFLE 3I LIMITED,1536.8,1574.7,1506.3,1517.0,1518.9,1539.3,,1517.0,,,355832,549053512.2,35072,F1,1,,,,,
2026-07-14,2026-07-14,CM,NSE,STK,25857,INE692Z01013,AFFORDABLE,BE,,,,,AFFORD ROBO & AUTO LTD,181.99,191.08,181.0,191.08,191.08,181.99,,191.08,,,28346,5382985.64,346,F1,1,,,,,
2026-07-14,2026-07-14,CM,NSE,STK,760459,INE916Y07065,1150AFIL28,N0,,,,,AFIL 11.50% 2028 SR 05,9765.0,9765.0,9765.0,9765.0,9765.0,9596.0,,9765.0,,,7,68355.0,1,F1,1,,,,,
2026-07-14,2026-07-14,CM,NSE,STK,760641,INE916Y07073,1150AFIL29,N0,,,,,AFIL 11.50% 2029,9135.0,9135.0,9135.0,9135.0,9135.0,9001.11,,9135.0,,,40,365400.0,1,F1,1,,,,,
2026-07-14,2026-07-14,CM,NSE,STK,759446,INE916Y07032,12AFIL27,N0,,,,,AFIL 12% 2027 SR 1,9891.0,9896.32,9891.0,9896.32,9896.32,9745.09,,9896.32,,,3,29678.32,2,F1,1,,,,,
2026-07-14,2026-07-14,CM,NSE,STK,759283,INE916Y07057,12AFIL28,N0,,,,,AFIL 12% 2028,9957.46,9957.46,9957.46,9957.46,9957.46,9766.01,,9957.46,,,17,169276.82,4,F1,1,,,,,
2026-07-14,2026-07-14,CM,NSE,STK,3389,INE204E01012,AGARIND,EQ,,,,,AGARWAL INDS CORP LTD.,529.55,547.6,520.0,527.0,520.1,527.5,,527.0,,,67154,35828782.45,3335,F1,1,,,,,
2026-07-14,2026-07-14,CM,NSE,STK,27309,INE0P8X01016,AGARWALTUF,SM,,,,,AGARWAL TOUGH GLASS IND L,146.0,147.5,143.9,146.6,147.5,144.2,,146.6,,,24000,3500460.0,20,F1,1200,,,,,
2026-07-14,2026-07-14,CM,NSE,STK,1412,INE415A01038,AGI,EQ,,,,,AGI GREENPAC LIMITED,689.55,695.95,681.7,683.35,684.6,698.1,,683.35,,,74719,51256089.1,3265,F1,1,,,,,
2026-07-14,2026-07-14,CM,NSE,STK,24445,INE976R01033,AGIIL,EQ,,,,,AGI INFRA LIMITED,348.7,350.1,340.3,343.35,342.9,349.2,,343.35,,,3451624,1197599555.55,11498,F1,1,,,,,
2026-07-14,2026-07-14,CM,NSE,STK,10491,INE0LF301013,AGNI,SM,,,,,AGNI GREEN POWER LTD,17.45,17.9,17.05,17.8,17.8,17.45,,17.8,,,17500,306250.0,7,F1,2500,,,,,
2026-07-14,2026-07-14,CM,NSE,STK,11076,INE449G01018,AGRITECH,BE,,,,,AGRI-TECH (INDIA) LIMITED,112.9,114.5,111.0,111.17,111.0,112.83,,111.12,,,2189,246069.34,46,F1,1,,,,,
2026-07-14,2026-07-14,CM,NSE,STK,9046,INE740V01019,AGROPHOS,EQ,,,,,AGRO PHOS INDIA LIMITED,30.59,30.59,29.0,29.77,29.55,30.28,,29.77,,,16096,476911.34,153,F1,1,,,,,
2026-07-14,2026-07-14,CM,NSE,STK,2004,INE00PV01013,AHLADA,EQ,,,,,AHLADA ENGINEERS LIMITED,39.25,39.25,37.9,38.48,38.49,38.56,,38.48,,,4882,188008.05,83,F1,1,,,,,
2026-07-14,2026-07-14,CM,NSE,STK,17833,INE758C01029,AHLUCONT,EQ,,,,,AHLUWALIA CONT IND LTD,861.6,861.6,838.45,843.85,844.0,861.6,,843.85,,,24199,20423008.2,3686,F1,1,,,,,
2026-07-14,2026-07-14,CM,NSE,STK,13086,INE212H01026,AIAENG,EQ,,,,,AIA ENGINEERING LIMITED,4732.0,4780.0,4674.0,4760.0,4775.0,4732.0,,4760.0,,,47518,225123573.5,9172,F1,1,,,,,
2026-07-14,2026-07-14,CM,NSE,STK,23984,INE0RUV01018,AIMTRON,SM,,,,,AIMTRON ELECTRONICS LTD,1371.0,1480.0,1365.0,1386.4,1385.0,1371.05,,1386.4,,,72400,101689420.0,323,F1,200,,,,,
2026-07-14,2026-07-14,CM,NSE,STK,9878,INE805A01014,GOLDTECH,BE,,,,,AION-TECH SOLUTIONS LTD,62.0,65.49,61.1,61.31,61.12,63.99,,61.17,,,73537,4645657.39,351,F1,1,,,,,
2026-07-14,2026-07-14,CM,NSE,STK,9897,INE645W01026,AIRAN,EQ,,,,,AIRAN LIMITED,15.77,16.09,15.53,15.6,15.6,15.72,,15.6,,,33425,523190.13,161,F1,1,,,,,
2026-07-14,2026-07-14,CM,NSE,STK,6068,INE801L01010,AIROLAM,EQ,,,,,AIRO LAM LIMITED,90.1,90.99,86.1,87.03,88.15,87.03,,87.03,,,2004,176619.71,90,F1,1,,,,,
2026-07-14,2026-07-14,CM,NSE,STK,8124,INE031B01049,AJANTPHARM,EQ,,,,,AJANTA PHARMA LIMITED,3438.0,3449.4,3352.2,3408.8,3421.0,3421.4,,3408.9,,,89241,304095425.2,18033,F1,1,,,,,
2026-07-14,2026-07-14,CM,NSE,STK,29624,INE274Y01021,AJAXENGG,EQ,,,,,AJAX ENGINEERING LIMITED,612.0,625.05,597.35,607.95,612.0,599.7,,607.95,,,246892,151051637.35,10425,F1,1,,,,,
2026-07-14,2026-07-14,CM,NSE,STK,17307,INE298G01035,AJMERA,EQ,,,,,AJMERA REALTY & INF I LTD,136.5,137.7,134.0,135.4,135.25,136.74,,135.39,,,463933,62913224.34,6291,F1,1,,,,,
2026-07-14,2026-07-14,CM,NSE,STK,3403,INE820Y01021,AJOONI,EQ,,,,,AJOONI BIOTECH LIMITED,3.67,3.72,3.6,3.7,3.68,3.67,,3.7,,,546579,2004786.01,630,F1,1,,,,,
2026-07-14,2026-07-14,CM,NSE,STK,21132,INE0PCY01014,AKANKSHA,ST,,,,,AKANKSHA POWER N INFRA L,96.95,97.0,96.95,97.0,97.0,97.0,,97.0,,,4000,387950.0,4,F1,1000,,,,,
2026-07-14,2026-07-14,CM,NSE,STK,13510,INE737W01013,AKASH,EQ,,,,,AKASH INFRA-PROJECTS LTD,26.91,27.31,26.56,26.94,26.99,27.2,,26.94,,,15150,404628.13,93,F1,1,,,,,
2026-07-14,2026-07-14,CM,NSE,STK,2176,INE00Y801016,AKG,EQ,,,,,AKG EXIM LIMITED,11.0,11.12,10.62,10.74,10.62,10.83,,10.74,,,10916,118166.38,61,F1,1,,,,,
2026-07-14,2026-07-14,CM,NSE,STK,14890,INE642Z01026,AKI,EQ,,,,,AKI INDIA LIMITED,4.7,4.75,4.6,4.65,4.6,4.68,,4.65,,,33539,156022.86,150,F1,1,,,,,
2026-07-14,2026-07-14,CM,NSE,STK,24307,INE0PMR01017,AKIKO,ST,,,,,AKIKO GLOBAL SERVICES L,286.0,290.95,284.2,285.0,285.0,285.05,,285.0,,,12000,3448080.0,14,F1,800,,,,,
2026-07-14,2026-07-14,CM,NSE,STK,24160,INE916Y01027,AFIL,BE,,,,,AKME FINTRADE (INDIA) LTD,9.57,9.8,9.21,9.42,9.45,9.53,,9.42,,,820773,7705364.06,480,F1,1,,,,,
2026-07-14,2026-07-14,CM,NSE,STK,8595,INE523B01011,AKSHOPTFBR,BE,,,,,AKSH OPTIFIBRE  LTD,5.99,6.0,5.99,6.0,6.0,6.11,,6.02,,,162505,974117.23,149,F1,1,,,,,
2026-07-14,2026-07-14,CM,NSE,STK,9558,INE256Z01025,AKSHAR,EQ,,,,,AKSHAR SPINTEX LIMITED,0.44,0.44,0.42,0.43,0.43,0.43,,0.43,,,510519,220161.49,235,F1,1,,,,,
2026-07-14,2026-07-14,CM,NSE,STK,20194,INE542B01011,AKSHARCHEM,BE,,,,,AKSHARCHEM INDIA LIMITED,225.0,239.9,223.25,235.0,235.0,230.67,,235.0,,,1334,309582.63,20,F1,1,,,,,
2026-07-14,2026-07-14,CM,NSE,STK,24715,INE09XN01023,AKUMS,EQ,,,,,AKUMS DRUGS AND PHARMA L,682.0,695.2,672.6,686.95,687.0,683.85,,686.95,,,397620,271963595.9,24037,F1,1,,,,,
2026-07-14,2026-07-14,CM,NSE,STK,9921,INE914E01040,ALANKIT,EQ,,,,,ALANKIT LIMITED,8.01,8.1,8.01,8.01,8.05,8.07,,8.01,,,71881,577291.01,394,F1,1,,,,,
2026-07-14,2026-07-14,CM,NSE,STK,17256,INE155C01010,ALBERTDAVD,EQ,,,,,ALBERT DAVID LIMITED,704.45,709.5,692.7,696.8,699.8,702.3,,696.55,,,992,693254.45,146,F1,1,,,,,
2026-07-14,2026-07-14,CM,NSE,STK,79,INE426A01027,ALEMBICLTD,EQ,,,,,ALEMBIC LIMITED,89.45,89.82,88.4,88.97,88.7,89.84,,88.96,,,192650,17183789.83,1472,F1,1,,,,,
2026-07-14,2026-07-14,CM,NSE,STK,25328,INE901L01018,APLLTD,EQ,,,,,ALEMBIC PHARMA LTD,820.0,834.75,811.05,821.15,823.0,831.05,,821.15,,,122575,100716057.45,10868,F1,1,,,,,
2026-07-14,2026-07-14,CM,NSE,STK,761270,INE598D01035,ALGOQUANT,EQ,,,,,ALGOQUANT FINTECH LIMITED,61.32,62.33,59.41,60.51,60.95,61.32,,60.52,,,1042917,63477309.75,2495,F1,1,,,,,
2026-07-14,2026-07-14,CM,NSE,STK,13656,INE062D01024,ALICON,EQ,,,,,ALICON CASTALLOY LIMITED,637.6,647.2,627.65,641.15,643.0,637.65,,641.25,,,5914,3789741.35,447,F1,1,,,,,
2026-07-14,2026-07-14,CM,NSE,STK,5265,INE03Q201024,ALIVUS,EQ,,,,,ALIVUS LIFE SCIENCES LTD,1158.1,1174.8,1151.3,1161.2,1165.0,1160.0,,1161.2,,,77318,89950654.4,7892,F1,1,,,,,
2026-07-14,2026-07-14,CM,NSE,STK,16963,INE773I01017,ALKALI,BE,,,,,ALKALI METALS LTD,83.0,85.72,83.0,84.07,84.07,84.0,,84.0,,,1311,111853.16,29,F1,1,,,,,
2026-07-14,2026-07-14,CM,NSE,STK,11703,INE540L01014,ALKEM,EQ,,,,,ALKEM LABORATORIES LTD.,5546.5,5665.0,5515.5,5601.5,5615.0,5567.0,,5601.5,,,521134,2916716706.5,51184,F1,1,,,,,
2026-07-14,2026-07-14,CM,NSE,STK,4487,INE150B01039,ALKYLAMINE,EQ,,,,,ALKYL AMINES CHEM. LTD,1903.5,1906.0,1855.4,1868.1,1862.0,1903.5,,1868.1,,,70904,132805631.0,11905,F1,1,,,,,
2026-07-14,2026-07-14,CM,NSE,STK,13212,INE0M2X01012,ALLETEC,ST,,,,,ALL E TECHNOLOGIES LTD,141.5,141.5,140.0,140.75,140.8,143.9,,140.75,,,5600,787720.0,12,F1,400,,,,,
2026-07-14,2026-07-14,CM,NSE,STK,758448,INE0GV601021,ALLTIME,EQ,,,,,ALL TIME PLASTICS LIMITED,240.0,240.0,231.0,233.69,236.99,235.25,,233.69,,,54852,12775337.31,1318,F1,1,,,,,
2026-07-14,2026-07-14,CM,NSE,STK,763786,INE1YPB01014,AGL,BE,,,,,ALLCARGO GLOBAL LIMITED,14.63,14.63,14.63,14.63,14.63,15.39,,14.64,,,1034537,15135276.31,669,F1,1,,,,,
2026-07-14,2026-07-14,CM,NSE,STK,13501,INE418H01029,ALLCARGO,EQ,,,,,ALLCARGO LOGISTICS LTD,8.15,8.16,7.9,7.96,7.96,8.15,,7.96,,,3069083,24525251.05,6604,F1,1,,,,,
2026-07-14,2026-07-14,CM,NSE,STK,17778,INE0NN701020,ATL,EQ,,,,,ALLCARGO TERMINALS LTD,23.69,24.0,23.26,23.39,23.3,23.59,,23.39,,,100518,2366443.39,640,F1,1,,,,,
2026-07-14,2026-07-14,CM,NSE,STK,11798,INE835G01018,ALLDIGI,EQ,,,,,ALLDIGI TECH LIMITED,829.9,832.85,815.0,816.35,815.0,832.85,,816.45,,,4866,3989301.85,475,F1,1,,,,,
2026-07-14,2026-07-14,CM,NSE,STK,24308,INE552Z01027,ABDL,EQ,,,,,ALLIED BLEND N DISTILS L,624.0,628.8,613.0,622.25,621.0,626.25,,622.25,,,618174,382926980.4,19604,F1,1,,,,,
2026-07-14,2026-07-14,CM,NSE,STK,14813,INE102I01027,ADSL,EQ,,,,,ALLIED DIGITAL SERV. LTD,124.0,126.85,122.34,123.1,122.56,125.74,,123.11,,,136475,16903635.31,2470,F1,1,,,,,
2026-07-14,2026-07-14,CM,NSE,STK,16719,INE326B01035,ALMONDZ,EQ,,,,,ALMONDZ GLOBAL SEC LTD,13.37,13.37,13.06,13.23,13.29,13.02,,13.23,,,18359,242641.0,91,F1,1,,,,,
2026-07-14,2026-07-14,CM,NSE,STK,17675,INE270A01029,ALOKINDS,EQ,,,,,ALOK INDUSTRIES LIMITED,12.74,12.92,12.52,12.56,12.55,12.79,,12.56,,,3612983,45868714.68,6808,F1,1,,,,,
2026-07-14,2026-07-14,CM,NSE,STK,14848,INE385I01010,ALPA,EQ,,,,,ALPA LABORATORIES LTD,68.91,78.89,68.1,71.66,72.9,68.91,,71.65,,,163418,12029536.65,1844,F1,1,,,,,
2026-07-14,2026-07-14,CM,NSE,STK,22688,INE0R4701017,ALPEXSOLAR,SM,,,,,ALPEX SOLAR LIMITED,798.4,806.95,786.2,801.25,802.5,798.45,,801.25,,,41500,33038680.0,277,F1,100,,,,,
2026-07-14,2026-07-14,CM,NSE,STK,14597,INE137C01018,ALPHAGEO,EQ,,,,,ALPHAGEO (INDIA) LIMITED,202.55,206.88,195.6,200.33,201.0,199.92,,200.34,,,6191,1248724.25,203,F1,1,,,,,
2026-07-14,2026-07-14,CM,NSE,STK,23474,INE0STM01017,ALUWIND,SM,,,,,ALUWIND INFRA-TECH LTD,47.0,47.5,46.05,47.5,47.5,45.0,,47.5,,,12000,565875.0,8,F1,1500,,,,,
2026-07-14,2026-07-14,CM,NSE,STK,760740,INE121R01077,AMAGI,EQ,,,,,AMAGI MEDIA LABS LIMITED,583.4,588.85,566.0,574.95,576.65,583.2,,574.95,,,91016,52509789.05,6107,F1,1,,,,,
2026-07-14,2026-07-14,CM,NSE,STK,758910,INE084K01015,AMANTA,BE,,,,,AMANTA HEALTHCARE LIMITED,172.08,172.08,172.08,172.08,172.08,175.59,,172.9,,,8122,1397633.76,96,F1,1,,,,,
2026-07-14,2026-07-14,CM,NSE,STK,100,INE885A01032,ARE&M,EQ,,,,,AMARA RAJA ENERGY MOB LTD,906.8,906.8,882.4,894.9,893.0,909.05,,894.85,,,961241,858591717.05,68680,F1,1,,,,,
2026-07-14,2026-07-14,CM,NSE,STK,763256,INE293601014,AMBAAUTO,SM,,,,,AMBA AUTO SALES AND SER L,84.3,92.9,84.3,89.75,88.0,86.1,,89.75,,,78000,6993000.0,54,F1,1000,,,,,
2026-07-14,2026-07-14,CM,NSE,STK,762543,INE432A01017,AMBALALSA,EQ,,,,,AMBALAL SARABHAI ENT L,31.0,31.74,30.9,31.33,31.5,31.38,,31.33,,,20079,627008.15,237,F1,1,,,,,
2026-07-14,2026-07-14,CM,NSE,STK,1185,INE371P01015,AMBER,EQ,,,,,AMBER ENTERPRISES (I) LTD,7748.0,7913.5,7625.5,7786.5,7770.0,7771.0,,7786.5,,,290692,2267547936.0,33037,F1,1,,,,,
2026-07-14,2026-07-14,CM,NSE,STK,11496,INE792B01012,AMBICAAGAR,EQ,,,,,AMBICA AGAR & AROMAINDLTD,25.25,25.44,24.3,24.58,24.7,24.66,,24.61,,,4003,98328.37,31,F1,1,,,,,
2026-07-14,2026-07-14,CM,NSE,STK,15234,INE540G01014,AMBIKCO,EQ,,,,,AMBIKA COTTON MILL LTD.,1720.0,1750.0,1710.0,1729.5,1723.0,1735.2,,1729.4,,,5381,9274061.3,714,F1,1,,,,,
2026-07-14,2026-07-14,CM,NSE,STK,1270,INE079A01024,AMBUJACEM,EQ,,,,,AMBUJA CEMENTS LTD,429.75,436.45,427.2,429.8,428.95,432.15,,429.8,,,2665735,1147396504.9,43432,F1,1,,,,,
2026-07-14,2026-07-14,CM,NSE,STK,14398,INE005I01014,AMDIND,EQ,,,,,AMD INDUSTRIES LIMITED,46.87,46.87,45.21,45.5,45.4,45.89,,45.5,,,10272,471684.9,173,F1,1,,,,,
2026-07-14,2026-07-14,CM,NSE,STK,19867,INE275D01022,AMNPLST,EQ,,,,,AMINES & PLASTICIZERS LTD,207.87,209.95,202.22,205.27,205.5,206.84,,205.23,,,12125,2489288.02,672,F1,1,,,,,
2026-07-14,2026-07-14,CM,NSE,STK,761670,INE05TO01019,AMIRCHAND,EQ,,,,,AMIR CHAND JAG KUM (E) L,179.8,181.79,170.81,171.48,171.0,179.8,,171.48,,,527726,92662821.48,4441,F1,1,,,,,
2026-07-14,2026-07-14,CM,NSE,STK,2598,INE606A01024,AMJLAND,EQ,,,,,AMJ LAND HOLDINGS LIMITED,37.8,38.84,37.0,37.28,37.13,38.18,,37.29,,,12993,487141.86,176,F1,1,,,,,
2026-07-14,2026-07-14,CM,NSE,STK,17547,INE098F01031,AMRUTANJAN,EQ,,,,,AMRUTAJAN HEALTH LTD,535.3,544.9,534.0,536.1,535.5,540.45,,536.2,,,57220,30732285.35,1437,F1,1,,,,,
2026-07-14,2026-07-14,CM,NSE,STK,759956,INE549H01021,ARSSBL,EQ,,,,,ANAND RATHI SH N STK BR L,581.4,592.6,571.2,581.25,587.0,580.85,,581.2,,,837681,488224991.95,17970,F1,1,,,,,
2026-07-14,2026-07-14,CM,NSE,STK,7145,INE463V01026,ANANDRATHI,EQ,,,,,ANAND RATHI WEALTH LTD,2115.0,2117.7,2071.6,2080.8,2080.0,2117.7,,2080.8,,,287017,598083299.0,17405,F1,1,,,,,
2026-07-14,2026-07-14,CM,NSE,STK,13620,INE242C01024,ANANTRAJ,EQ,,,,,ANANT RAJ LIMITED,583.0,588.85,571.0,573.65,572.0,589.15,,573.55,,,1367955,792931072.85,29287,F1,1,,,,,
2026-07-14,2026-07-14,CM,NSE,STK,759363,INE1UA823019,ANANTAM,IV,,,,,ANANTAM HIGHWAYS TRUST,105.49,105.49,103.56,103.94,103.6,104.0,,103.94,,,13946,1450226.03,94,F1,1,,,,,
2026-07-14,2026-07-14,CM,NSE,STK,758427,INE0VG001016,AMCL,SM,,,,,ANB METAL CAST LIMITED,395.0,395.0,370.0,375.7,375.7,388.5,,375.7,,,4000,1502200.0,10,F1,400,,,,,
2026-07-14,2026-07-14,CM,NSE,STK,15420,INE666E01020,ACL,EQ,,,,,ANDHRA CEMENTS LIMITED,49.4,49.96,49.0,49.35,49.36,49.4,,49.35,,,5772,284268.66,139,F1,1,,,,,
2026-07-14,2026-07-14,CM,NSE,STK,166,INE435A01051,ANDHRAPAP,EQ,,,,,ANDHRA PAPER LIMITED,62.4,62.4,61.11,61.41,61.23,61.76,,61.41,,,19555,1202608.19,366,F1,1,,,,,
2026-07-14,2026-07-14,CM,NSE,STK,136,INE715B01021,ANDHRSUGAR,EQ,,,,,ANDHRA SUGARS LTD,85.02,87.89,85.02,86.3,85.51,85.95,,86.3,,,227674,19689682.19,2592,F1,1,,,,,
2026-07-14,2026-07-14,CM,NSE,STK,324,INE732I01021,ANGELONE,EQ,,,,,ANGEL ONE LIMITED,340.0,340.25,332.2,333.55,333.2,340.25,,333.55,,,4844441,1623653061.3,41202,F1,1,,,,,
2026-07-14,2026-07-14,CM,NSE,STK,482,INE635Y01015,AISL,SM,,,,,ANI INTEGRATED SERV LTD.,56.5,56.5,55.3,55.3,55.3,58.2,,55.3,,,4200,233730.0,4,F1,600,,,,,
2026-07-14,2026-07-14,CM,NSE,STK,16661,INE087B01017,ANIKINDS,BE,,,,,ANIK INDUSTRIES LTD,44.0,44.99,42.6,43.06,44.82,44.82,,43.07,,,3335,144880.54,36,F1,1,,,,,
2026-07-14,2026-07-14,CM,NSE,STK,20453,INE071F01012,APCL,EQ,,,,,ANJANI PORTLAND CEM LTD,107.99,107.99,102.1,103.59,104.1,105.0,,103.61,,,6316,656010.71,145,F1,1,,,,,
2026-07-14,2026-07-14,CM,NSE,STK,25878,INE106I01010,ANKITMETAL,BZ,,,,,ANKIT MET & POW LTD,1.47,1.47,1.4,1.44,1.41,1.47,,1.44,,,41832,59326.91,47,F1,1,,,,,
2026-07-14,2026-07-14,CM,NSE,STK,758968,INE0Y8W01025,AHCL,EQ,,,,,ANLON HEALTHCARE LIMITED,15.29,15.47,14.99,15.05,15.07,15.39,,15.05,,,3277859,49652770.17,4217,F1,1,,,,,
2026-07-14,2026-07-14,CM,NSE,STK,13664,INE0LR101013,ANLON,ST,,,,,ANLON TECHNOLOGY SOL LTD,639.95,639.95,639.95,639.95,639.95,634.95,,639.95,,,800,511960.0,2,F1,400,,,,,
2026-07-14,2026-07-14,CM,NSE,STK,3727,INE02AR01019,ANMOL,EQ,,,,,ANMOL INDIA LIMITED,10.98,11.11,10.9,10.94,10.99,10.93,,10.94,,,15883,174383.86,82,F1,1,,,,,
2026-07-14,2026-07-14,CM,NSE,STK,11198,INE0MGM01017,ANNAPURNA,SM,,,,,ANNAPURNA SWADISHT LTD,133.0,135.0,129.35,133.25,133.05,133.2,,133.25,,,25750,3413525.0,82,F1,250,,,,,
2026-07-14,2026-07-14,CM,NSE,STK,758740,INE0VTV01012,ANONDITA,SM,,,,,ANONDITA MEDICARE LIMITED,1081.8,1189.0,1050.0,1183.35,1179.0,1089.25,,1183.35,,,63800,71987710.0,272,F1,200,,,,,
2026-07-14,2026-07-14,CM,NSE,STK,19677,INE436A01026,ANSALAPI,BZ,,,,,ANSAL PROP & INFRA LTD,2.63,2.63,2.63,2.63,2.63,2.58,,3.43,,,4693,12342.59,8,F1,1,,,,,
2026-07-14,2026-07-14,CM,NSE,STK,5194,INE414B01021,ANTGRAPHIC,EQ,,,,,ANTARCTICA LTD,0.78,0.79,0.77,0.78,0.79,0.78,,0.78,,,62948,49182.39,124,F1,1,,,,,
2026-07-14,2026-07-14,CM,NSE,STK,13598,INE818A01017,ANTELOPUS,EQ,,,,,ANTELOPUS SELAN ENRGY LTD,873.9,889.95,837.6,860.55,862.0,847.6,,860.4,,,143314,124387854.0,5788,F1,1,,,,,
2026-07-14,2026-07-14,CM,NSE,STK,757885,INE0CZ201020,ANTHEM,EQ,,,,,ANTHEM BIOSCIENCES LTD,747.0,750.95,744.75,749.95,749.9,747.65,,749.95,,,428720,321432088.95,33607,F1,1,,,,,
2026-07-14,2026-07-14,CM,NSE,STK,1797,INE01BK01022,AWHCL,EQ,,,,,ANTONY WASTE HDG CELL LTD,460.95,465.0,455.0,458.35,456.1,457.9,,458.4,,,62800,28799722.0,2633,F1,1,,,,,
2026-07-14,2026-07-14,CM,NSE,STK,28314,INE489G01022,ANUHPHR,EQ,,,,,ANUH PHARMA LIMITED,78.78,80.0,78.68,79.88,80.0,78.77,,79.88,,,34390,2734318.91,1117,F1,1,,,,,
2026-07-14,2026-07-14,CM,NSE,STK,2829,INE930P01018,ANURAS,EQ,,,,,ANUPAM RASAYAN INDIA LTD,1260.1,1283.6,1256.0,1263.8,1263.5,1269.7,,1263.8,,,1047172,1330135549.2,12629,F1,1,,,,,
2026-07-14,2026-07-14,CM,NSE,STK,28983,INE0SI601032,ANYA,SM,,,,,ANYA POLYTECH & FERTI LTD,15.35,15.6,15.35,15.6,15.6,15.35,,15.6,,,35000,543500.0,3,F1,5000,,,,,
2026-07-14,2026-07-14,CM,NSE,STK,758904,INF1J2R01114,AONEGOLD,EQ,,,,,AONEAMC - AONEGOLD,13.58,13.58,13.08,13.12,13.15,13.25,,13.12,,,310185,4071514.37,1218,F1,1,,,,,
2026-07-14,2026-07-14,CM,NSE,STK,30472,INF1J2R01056,AONELIQUID,EQ,,,,,AONEAMC - AONELIQUID,1068.05,1068.05,1068.03,1068.03,1068.05,1067.89,,1068.03,,,16970,18124523.65,156,F1,1,,,,,
2026-07-14,2026-07-14,CM,NSE,STK,757096,INF1J2R01064,AONENIFTY,EQ,,,,,AONEAMC - AONENIFTY,9.97,9.99,9.89,9.91,9.92,9.97,,9.91,,,83707,830966.46,941,F1,1,,,,,
2026-07-14,2026-07-14,CM,NSE,STK,760193,INF1J2R01171,AONESILVER,EQ,,,,,AONEAMC - AONESILVER,8.35,8.38,8.25,8.29,8.3,8.31,,8.29,,,647323,5363040.55,994,F1,1,,,,,
2026-07-14,2026-07-14,CM,NSE,STK,759992,INF1J2R01148,AONETMMQ50,EQ,,,,,AONEAMC - AONETMMQ50,10.04,10.16,10.02,10.11,10.16,10.06,,10.11,,,178999,1802010.63,271,F1,1,,,,,
2026-07-14,2026-07-14,CM,NSE,STK,29975,INF1J2R01015,AONETOTAL,EQ,,,,,AONEAMC - AONETOTAL,11.87,11.88,11.78,11.81,11.85,11.87,,11.81,,,151741,1793968.02,1129,F1,1,,,,,
2026-07-14,2026-07-14,CM,NSE,STK,11491,INE372A01015,APARINDS,EQ,,,,,APAR INDUSTRIES LTD.,13750.0,13837.0,13500.0,13595.0,13660.0,13847.0,,13594.0,,,87498,1189663087.0,21320,F1,1,,,,,
2026-07-14,2026-07-14,CM,NSE,STK,154,INE116A01032,APCOTEXIND,EQ,,,,,APCOTEX INDUSTRIES LIMITE,524.35,530.65,512.8,527.9,528.3,519.35,,527.9,,,61169,32113263.7,2869,F1,1,,,,,
2026-07-14,2026-07-14,CM,NSE,STK,27291,INE0T4V01015,APEXECO,ST,,,,,APEX ECOTECH LIMITED,280.15,280.15,257.05,272.0,272.0,266.9,,272.0,,,6400,1734520.0,8,F1,800,,,,,
2026-07-14,2026-07-14,CM,NSE,STK,21623,INE346W01013,APEX,EQ,,,,,APEX FROZEN FOODS LIMITED,409.75,412.8,400.1,401.75,402.5,413.25,,401.85,,,114509,46455584.3,4124,F1,1,,,,,
2026-07-14,2026-07-14,CM,NSE,STK,25780,INE702C01027,APLAPOLLO,EQ,,,,,APL APOLLO TUBES LTD,1823.9,1830.8,1795.5,1799.0,1800.0,1828.7,,1799.0,,,320507,579814659.5,29098,F1,1,,,,,
2026-07-14,2026-07-14,CM,NSE,STK,757172,INE0TLC07028,930APMD33,N0,,,,,APMD 9.30% 2033 STRPP G,104300.0,104300.0,104300.0,104300.0,104300.0,104300.0,,104300.0,,,1,104300.0,1,F1,1,,,,,
2026-07-14,2026-07-14,CM,NSE,STK,757174,INE0TLC07044,930APMD34,N0,,,,,APMDC 9.30% 2034 STRPP H,107267.6,107267.6,107267.6,107267.6,107267.6,107016.77,,107267.6,,,70,7508732.0,1,F1,1,,,,,
2026-07-14,2026-07-14,CM,NSE,STK,157,INE437A01024,APOLLOHOSP,EQ,,,,,APOLLO HOSPITALS ENTER. L,8750.0,8919.5,8739.0,8900.5,8910.0,8782.5,,8900.5,,,412508,3661394884.5,56090,F1,1,,,,,
2026-07-14,2026-07-14,CM,NSE,STK,1134,INE713T01028,APOLLO,EQ,,,,,APOLLO MICRO SYSTEMS LTD,402.4,412.5,394.6,405.9,405.5,402.85,,405.9,,,9302070,3756320042.45,85185,F1,1,,,,,
2026-07-14,2026-07-14,CM,NSE,STK,14361,INE126J01016,APOLLOPIPE,EQ,,,,,APOLLO PIPES LIMITED,507.2,517.7,505.1,508.85,507.0,511.35,,508.85,,,53615,27350764.45,2955,F1,1,,,,,
2026-07-14,2026-07-14,CM,NSE,STK,6302,INE451F01024,APOLSINHOT,EQ,,,,,APOLLO SINDOORI HOTEL LTD,1238.0,1238.0,1190.0,1200.0,1192.1,1219.7,,1200.0,,,242,290548.6,54,F1,1,,,,,
2026-07-14,2026-07-14,CM,NSE,STK,163,INE438A01022,APOLLOTYRE,EQ,,,,,APOLLO TYRES LTD,435.25,435.9,421.75,425.85,426.95,440.6,,425.85,,,1340483,572963379.55,39225,F1,1,,,,,
2026-07-14,2026-07-14,CM,NSE,STK,24638,INE0LQG01010,APRAMEYA,SM,,,,,APRAMEYA ENGINEERING LTD,146.0,155.0,146.0,151.05,151.05,146.15,,151.05,,,7500,1143525.0,14,F1,500,,,,,
2026-07-14,2026-07-14,CM,NSE,STK,761435,INE1OOJ01011,APSISAERO,ST,,,,,APSIS AEROCOM LIMITED,378.65,378.65,378.65,378.65,378.65,371.25,,378.65,,,1200,454380.0,1,F1,1200,,,,,
2026-07-14,2026-07-14,CM,NSE,STK,14074,INE266F01018,APTECHT,BE,,,,,APTECH LIMITED,98.3,99.45,97.3,98.37,98.0,98.93,,98.37,,,57493,5655068.09,550,F1,1,,,,,
2026-07-14,2026-07-14,CM,NSE,STK,5435,INE852O01025,APTUS,EQ,,,,,APTUS VALUE HSG FIN I LTD,290.2,291.45,285.0,290.15,290.1,289.5,,290.15,,,573581,165421015.6,15776,F1,1,,,,,
2026-07-14,2026-07-14,CM,NSE,STK,23365,INE416A01051,AQYLON,EQ,,,,,AQYLON NEXUS LIMITED,39.4,39.9,37.7,38.37,38.5,39.35,,38.35,,,656690,25700723.79,1748,F1,1,,,,,
2026-07-14,2026-07-14,CM,NSE,STK,19253,INE08NJ01024,ARABIAN,SM,,,,,ARABIAN PETROLEUM LIMITED,69.0,69.0,69.0,69.0,69.0,72.5,,69.0,,,2000,138000.0,1,F1,2000,,,,,
2026-07-14,2026-07-14,CM,NSE,STK,758673,INE0YDV01010,ARCIIL,ST,,,,,ARC INSULATION & INSU LTD,43.0,43.0,40.7,41.85,41.85,42.8,,41.85,,,21000,869350.0,19,F1,1000,,,,,
2026-07-14,2026-07-14,CM,NSE,STK,12024,INE128X01021,ACI,EQ,,,,,ARCHEAN CHEMICAL IND LTD,529.25,540.5,522.0,534.95,534.8,529.25,,534.95,,,188095,99997978.05,12354,F1,1,,,,,
2026-07-14,2026-07-14,CM,NSE,STK,245,INE0CHO01012,ADL,EQ,,,,,ARCHIDPLY DECOR LIMITED,70.0,72.4,67.2,70.81,72.4,69.01,,70.81,,,408,28385.15,28,F1,1,,,,,
2026-07-14,2026-07-14,CM,NSE,STK,16795,INE877I01016,ARCHIDPLY,EQ,,,,,ARCHIDPLY IND. LTD,80.95,87.0,80.95,82.22,81.5,80.2,,82.21,,,24381,2054130.77,467,F1,1,,,,,
2026-07-14,2026-07-14,CM,NSE,STK,5688,INE731A01020,ARCHIES,EQ,,,,,ARCHIES LTD,14.7,14.79,14.01,14.18,14.12,14.41,,14.09,,,40968,592983.17,189,F1,1,,,,,
2026-07-14,2026-07-14,CM,NSE,STK,758700,INE784R01023,ARFIN,EQ,,,,,ARFIN INDIA LIMITED,87.58,87.58,85.75,86.37,87.0,87.15,,86.37,,,1577386,136144893.95,4034,F1,1,,,,,
2026-07-14,2026-07-14,CM,NSE,STK,13092,INE0L2Y01011,ARHAM,SM,,,,,ARHAM TECHNOLOGIES LTD,138.15,139.0,138.0,138.0,138.0,140.9,,138.0,,,5000,692150.0,5,F1,1000,,,,,
2026-07-14,2026-07-14,CM,NSE,STK,15204,INE298I01015,ARIES,EQ,,,,,ARIES AGRO LTD.,342.8,344.9,335.0,341.3,343.95,346.35,,341.4,,,62728,21233293.3,1695,F1,1,,,,,
2026-07-14,2026-07-14,CM,NSE,STK,3813,INE420B01036,ARIHANTCAP,EQ,,,,,ARIHANT CAPITAL MKTS LTD,73.06,73.43,71.6,72.27,72.5,73.95,,72.27,,,79811,5763507.48,1160,F1,1,,,,,
2026-07-14,2026-07-14,CM,NSE,STK,13885,INE413D01011,ARIHANT,EQ,,,,,ARIHANT FOUN & HOU LTD,809.85,819.0,789.5,808.45,819.0,816.65,,808.5,,,5343,4292756.15,216,F1,1,,,,,
2026-07-14,2026-07-14,CM,NSE,STK,20159,INE643K01018,ARIHANTSUP,EQ,,,,,ARIHANT SUPERSTRUCT LTD,265.6,269.6,257.0,264.7,264.0,262.9,,264.7,,,47769,12546428.8,700,F1,1,,,,,
2026-07-14,2026-07-14,CM,NSE,STK,757614,INE0H9P01028,ARIS,EQ,,,,,ARISINFRA SOLUTIONS LTD,109.17,109.88,106.05,107.14,106.82,109.17,,107.13,,,182579,19647535.7,2600,F1,1,,,,,
2026-07-14,2026-07-14,CM,NSE,STK,25398,INE0QRL01017,ARKADE,EQ,,,,,ARKADE DEVELOPERS LIMITED,140.85,143.0,138.0,138.96,139.89,140.85,,138.97,,,807150,113401858.56,9433,F1,1,,,,,
2026-07-14,2026-07-14,CM,NSE,STK,17263,INE109C01017,ARMANFIN,EQ,,,,,ARMAN FIN SERV LTD,1958.4,2054.7,1935.1,1958.6,1958.6,1965.8,,1958.8,,,183344,366083852.7,19076,F1,1,,,,,
2026-07-14,2026-07-14,CM,NSE,STK,760752,INE0TZX01019,ARMOUR,ST,,,,,ARMOUR SECURITY (INDIA) L,18.25,19.2,18.25,18.35,18.35,19.2,,18.35,,,20000,370900.0,10,F1,2000,,,,,
2026-07-14,2026-07-14,CM,NSE,STK,14557,INE210C01013,AROGRANITE,EQ,,,,,ARO GRANITE IND. LTD.,25.5,25.95,25.05,25.86,25.95,25.7,,25.86,,,3232,83213.05,46,F1,1,,,,,
2026-07-14,2026-07-14,CM,NSE,STK,9264,INE570D01018,ARROWGREEN,BE,,,,,ARROW GREENTECH LIMITED,695.0,695.0,670.0,673.3,672.0,695.7,,673.2,,,16665,11247794.65,322,F1,1,,,,,
2026-07-14,2026-07-14,CM,NSE,STK,29015,INE968D01022,ARSHIYA,BZ,,,,,ARSHIYA LIMITED,1.05,1.06,1.0,1.03,1.03,1.02,,1.03,,,59786,61597.58,56,F1,1,,,,,
2026-07-14,2026-07-14,CM,NSE,STK,6156,INE738V01013,ARTNIRMAN,EQ,,,,,ART NIRMAN LIMITED,41.58,41.58,39.6,39.81,39.81,41.54,,39.81,,,240,9590.0,8,F1,1,,,,,
2026-07-14,2026-07-14,CM,NSE,STK,761330,INE757T01025,AEPL,EQ,,,,,ARTEMIS ELECTRICALS & P L,16.78,16.78,15.9,16.04,16.4,16.78,,16.02,,,9965,162095.34,83,F1,1,,,,,
2026-07-14,2026-07-14,CM,NSE,STK,16913,INE025R01021,ARTEMISMED,EQ,,,,,ARTEMIS MED SERVICE LTD,277.8,284.0,269.5,271.0,271.05,277.4,,271.0,,,228278,62486271.6,9920,F1,1,,,,,
2026-07-14,2026-07-14,CM,NSE,STK,756899,INE0TTG01017,ARUNAYA,ST,,,,,ARUNAYA ORGANICS LIMITED,16.75,16.95,16.3,16.9,16.95,16.7,,16.9,,,14000,234600.0,6,F1,2000,,,,,
2026-07-14,2026-07-14,CM,NSE,STK,2814,INE006Z01016,ARVEE,EQ,,,,,ARVEE LABORATORIES I LTD,163.5,164.38,158.0,159.0,159.0,158.0,,159.0,,,138,22031.89,20,F1,1,,,,,
2026-07-14,2026-07-14,CM,NSE,STK,9111,INE955V01021,ARVINDFASN,EQ,,,,,ARVIND FASHIONS LIMITED,473.0,477.75,467.4,473.3,473.5,474.85,,473.3,,,317851,149928049.95,13260,F1,1,,,,,
2026-07-14,2026-07-14,CM,NSE,STK,193,INE034A01011,ARVIND,EQ,,,,,ARVIND LIMITED,544.0,548.45,535.85,540.45,541.0,544.35,,540.45,,,508907,275261554.4,23778,F1,1,,,,,
2026-07-14,2026-07-14,CM,NSE,STK,10457,INE034S01021,ARVSMART,EQ,,,,,ARVIND SMARTSPACES LTD,619.0,620.0,606.6,609.8,606.6,615.1,,609.8,,,26894,16505438.45,783,F1,1,,,,,
2026-07-14,2026-07-14,CM,NSE,STK,5378,INE439A01020,ASAHIINDIA,EQ,,,,,ASAHI INDIA GLASS LIMITED,924.0,927.1,909.7,923.1,920.2,924.0,,923.15,,,100657,92490240.1,8333,F1,1,,,,,
2026-07-14,2026-07-14,CM,NSE,STK,25088,INE228I01012,ASAHISONG,EQ,,,,,ASAHI SONGWON COLOR LTD,287.0,290.0,275.5,284.55,288.8,283.95,,284.5,,,19844,5645545.7,1033,F1,1,,,,,
2026-07-14,2026-07-14,CM,NSE,STK,24711,INE0LAA01017,ASHALOG,SM,,,,,ASHAPURA LOGISTICS LTD,54.75,54.9,54.75,54.9,54.9,54.7,,54.9,,,4000,219300.0,4,F1,1000,,,,,
2026-07-14,2026-07-14,CM,NSE,STK,203,INE348A01023,ASHAPURMIN,EQ,,,,,ASHAPURA MINECHEM LTD,698.0,715.0,688.25,691.65,693.5,703.5,,691.6,,,617906,435021804.6,21173,F1,1,,,,,
2026-07-14,2026-07-14,CM,NSE,STK,24403,INE365D01021,ASHIANA,EQ,,,,,ASHIANA HOUSING LTD,374.75,379.0,373.6,377.95,377.0,376.0,,377.95,,,24790,9337065.8,1499,F1,1,,,,,
2026-07-14,2026-07-14,CM,NSE,STK,762548,INE094B01013,ASHIKA,EQ,,,,,ASHIKA CREDIT CAPITAL L,395.15,402.0,391.8,397.6,398.9,399.35,,397.6,,,192594,76648168.7,1809,F1,1,,,,,
2026-07-14,2026-07-14,CM,NSE,STK,206,INE440A01010,ASHIMASYN,EQ,,,,,ASHIMA LTD,14.8,15.1,14.71,14.76,14.75,14.85,,14.79,,,36153,535878.24,272,F1,1,,,,,
2026-07-14,2026-07-14,CM,NSE,STK,212,INE208A01029,ASHOKLEY,EQ,,,,,ASHOK LEYLAND LTD,156.5,156.9,153.85,155.19,155.11,159.22,,155.19,,,24653297,3819816690.67,112868,F1,1,,,,,
2026-07-14,2026-07-14,CM,NSE,STK,20182,INE442H01029,ASHOKA,EQ,,,,,ASHOKA BUILDCON LTD,131.52,131.95,128.0,128.46,128.11,132.16,,128.48,,,625254,80717160.31,7922,F1,1,,,,,
2026-07-14,2026-07-14,CM,NSE,STK,16943,INE760Y01011,ASHOKAMET,EQ,,,,,ASHOKA METCAST LIMITED,14.81,14.88,14.21,14.47,14.61,14.81,,14.48,,,11628,168055.04,123,F1,1,,,,,
2026-07-14,2026-07-14,CM,NSE,STK,760418,INE1A6Q01010,ASHWINI,SM,,,,,ASHWINI CONTAINER MOVER L,190.0,204.95,190.0,200.55,197.0,187.0,,200.55,,,57000,11419000.0,51,F1,1000,,,,,
2026-07-14,2026-07-14,CM,NSE,STK,7030,INE276G01015,ASIANENE,EQ,,,,,ASIAN ENERGY SERVICES LTD,344.9,362.5,341.5,353.55,355.0,339.8,,353.6,,,517494,183239792.6,14546,F1,1,,,,,
2026-07-14,2026-07-14,CM,NSE,STK,14889,INE022I01019,ASIANTILES,EQ,,,,,ASIAN GRANITO IND. LTD.,48.4,50.02,48.0,48.86,48.71,48.43,,48.86,,,880081,43290473.21,5159,F1,1,,,,,
2026-07-14,2026-07-14,CM,NSE,STK,19438,INE926K01017,AHLEAST,EQ,,,,,ASIAN HOTELS (EAST) LTD,143.5,147.99,141.05,144.77,143.0,142.32,,144.67,,,2694,390585.84,62,F1,1,,,,,
2026-07-14,2026-07-14,CM,NSE,STK,18422,INE363A01022,ASIANHOTNR,EQ,,,,,ASIAN HOTELS (NORTH) LTD,316.1,324.05,303.0,308.15,303.0,316.55,,308.15,,,25028,7767352.15,678,F1,1,,,,,
2026-07-14,2026-07-14,CM,NSE,STK,19370,INE915K01010,AHLWEST,BE,,,,,ASIAN HOTELS (WEST) LTD,575.0,585.0,562.25,568.55,568.0,575.0,,568.55,,,570,324850.0,19,F1,1,,,,,
2026-07-14,2026-07-14,CM,NSE,STK,236,INE021A01026,ASIANPAINT,EQ,,,,,ASIAN PAINTS LIMITED,2604.0,2655.9,2579.9,2641.0,2640.0,2652.1,,2641.0,,,975301,2574739009.1,82678,F1,1,,,,,
2026-07-14,2026-07-14,CM,NSE,STK,20152,INE491J01022,ASKAUTOLTD,EQ,,,,,ASK AUTOMOTIVE LIMITED,465.25,472.0,464.0,465.8,465.1,470.35,,465.8,,,96832,45194387.4,6286,F1,1,,,,,
2026-07-14,2026-07-14,CM,NSE,STK,17270,INE991I01015,ASPINWALL,EQ,,,,,ASPINWALL & CO LTD,255.0,261.0,250.05,257.14,259.98,251.1,,257.14,,,4883,1246717.63,150,F1,1,,,,,
2026-07-14,2026-07-14,CM,NSE,STK,17598,INE073G01016,ASALCBR,EQ,,,,,ASSO ALCOHOLS & BREW LTD,815.0,830.0,801.0,805.1,805.5,829.25,,805.15,,,31934,26034205.45,1931,F1,1,,,,,
2026-07-14,2026-07-14,CM,NSE,STK,17728,INE563J01010,ASTEC,EQ,,,,,ASTEC LIFESCIENCES LTD,687.0,687.0,681.0,682.45,682.95,686.65,,682.45,,,5294,3614710.95,414,F1,1,,,,,
2026-07-14,2026-07-14,CM,NSE,STK,1508,INE914M01019,ASTERDM,EQ,,,,,ASTER DM HEALTHCARE LTD.,814.8,821.85,808.55,813.2,814.95,814.9,,813.15,,,521771,425426596.65,16267,F1,1,,,,,
2026-07-14,2026-07-14,CM,NSE,STK,11618,INE386C01029,ASTRAMICRO,EQ,,,,,ASTRA MICROWAVE LTD,1717.4,1749.0,1668.1,1720.0,1719.8,1719.7,,1720.0,,,479665,819804373.1,32895,F1,1,,,,,
2026-07-14,2026-07-14,CM,NSE,STK,14418,INE006I01046,ASTRAL,EQ,,,,,ASTRAL LIMITED,1344.4,1378.0,1332.1,1358.5,1356.9,1330.9,,1358.5,,,956486,1303275818.1,43502,F1,1,,,,,
2026-07-14,2026-07-14,CM,NSE,STK,5610,INE203A01020,ASTRAZEN,EQ,,,,,ASTRAZENECA PHARMA IND LT,8337.0,8366.0,8162.0,8198.5,8165.0,8291.0,,8198.0,,,5456,45015110.0,2188,F1,1,,,,,
2026-07-14,2026-07-14,CM,NSE,STK,880,INE646X01014,ASTRON,BE,,,,,ASTRON PAPER BORD MIL LTD,3.85,3.92,3.71,3.72,3.72,3.76,,3.7,,,13827,53078.05,68,F1,1,,,,,
2026-07-14,2026-07-14,CM,NSE,STK,15649,INE0ALR01029,ATALREAL,EQ,,,,,ATAL REALTECH LIMITED,29.0,29.32,28.4,28.99,28.85,28.96,,29.0,,,7907450,228053925.32,6135,F1,1,,,,,
2026-07-14,2026-07-14,CM,NSE,STK,15404,INE09KD01013,ATAM,EQ,,,,,ATAM VALVES LIMITED,70.0,72.4,66.71,67.91,68.7,69.94,,68.01,,,12249,841586.46,287,F1,1,,,,,
2026-07-14,2026-07-14,CM,NSE,STK,756405,INE0V0Q01019,ATCENERGY,ST,,,,,ATC ENERGIES SYSTEM LTD,23.05,23.05,23.05,23.05,23.05,23.05,,23.05,,,1200,27660.0,1,F1,1200,,,,,
2026-07-14,2026-07-14,CM,NSE,STK,757645,INE0LEZ01016,ATHERENERG,EQ,,,,,ATHER ENERGY LIMITED,1188.4,1207.9,1158.0,1201.8,1202.0,1184.6,,1201.9,,,3482939,4119439087.3,127747,F1,1,,,,,
2026-07-14,2026-07-14,CM,NSE,STK,760953,IN90NN701011,ATLPP,E1,,,,,ATL RE.0.50 PPD UP,9.1,9.1,9.1,9.1,9.1,9.12,,9.1,,,173,1574.3,2,F1,1,,,,,
2026-07-14,2026-07-14,CM,NSE,STK,759007,INE0Z4F01028,ATLANTAELE,EQ,,,,,ATLANTA ELECTRICALS LTD,1721.0,1768.0,1650.6,1729.4,1758.0,1709.8,,1727.9,,,133895,226734981.9,13616,F1,1,,,,,
2026-07-14,2026-07-14,CM,NSE,STK,13585,INE285H01022,ATLANTAA,EQ,,,,,ATLANTAA LIMITED,39.7,39.96,38.75,39.12,39.1,39.48,,39.12,,,36820,1445872.16,537,F1,1,,,,,
2026-07-14,2026-07-14,CM,NSE,STK,4568,INE446A01025,ATLASCYCLE,EQ,,,,,ATLAS CYCLE (HARYANA) LTD,97.89,98.21,96.0,96.42,97.5,97.89,,96.54,,,2428,234872.53,60,F1,1,,,,,
2026-07-14,2026-07-14,CM,NSE,STK,22788,INE05DH01017,ATMASTCO,ST,,,,,ATMASTCO LIMITED,161.0,163.75,157.5,158.15,158.8,163.75,,158.15,,,11600,1844560.0,25,F1,400,,,,,
2026-07-14,2026-07-14,CM,NSE,STK,30023,INE951D01028,ATULAUTO,EQ,,,,,ATUL AUTO LIMITED,487.0,487.8,469.0,475.85,477.5,487.3,,475.8,,,135915,64523812.75,6549,F1,1,,,,,
2026-07-14,2026-07-14,CM,NSE,STK,263,INE100A01010,ATUL,EQ,,,,,ATUL LTD,6279.0,6279.0,5992.0,6072.0,6110.0,6264.0,,6063.0,,,63671,386400647.0,13752,F1,1,,,,,
2026-07-14,2026-07-14,CM,NSE,STK,21238,INE949L01017,AUBANK,EQ,,,,,AU SMALL FINANCE BANK LTD,1050.0,1052.3,1034.0,1038.3,1039.0,1060.5,,1038.3,,,996998,1037958959.1,30334,F1,1,,,,,
2026-07-14,2026-07-14,CM,NSE,STK,12022,INE132H01018,AURIONPRO,EQ,,,,,AURIONPRO SOLN LTD,883.35,883.35,860.0,871.05,873.8,885.25,,871.05,,,59155,51517190.75,4618,F1,1,,,,,
2026-07-14,2026-07-14,CM,NSE,STK,15869,INE0NUL01018,AUROIMPEX,SM,,,,,AURO IMPEX & CHEMICALS L,24.85,24.85,24.85,24.85,24.85,26.0,,24.85,,,1600,39760.0,1,F1,1600,,,,,
2026-07-14,2026-07-14,CM,NSE,STK,275,INE406A01037,AUROPHARMA,EQ,,,,,AUROBINDO PHARMA LTD,1551.4,1572.0,1545.9,1552.8,1552.0,1549.3,,1552.8,,,525859,820444905.8,22227,F1,1,,,,,
2026-07-14,2026-07-14,CM,NSE,STK,10310,INE898S01029,AURUM,EQ,,,,,AURUM PROPTECH LIMITED,232.1,243.99,232.0,239.64,238.18,231.83,,239.61,,,567211,135294404.75,9162,F1,1,,,,,
2026-07-14,2026-07-14,CM,NSE,STK,31468,INE142K01011,AURUS,EQ,,,,,AURUS GEM CORP LIMITED,4.67,4.67,4.26,4.41,4.4,4.63,,4.41,,,21664,95864.39,275,F1,1,,,,,
2026-07-14,2026-07-14,CM,NSE,STK,9035,INE218C01016,AUSOMENT,BE,,,,,AUSOM ENTERPRISE LIMITED,124.79,127.0,121.01,123.33,123.4,123.85,,123.33,,,4297,529838.99,36,F1,1,,,,,
2026-07-14,2026-07-14,CM,NSE,STK,21451,INE0P0001010,APS,SM,,,,,AUSTRALIAN PREM SOLAR I L,301.0,303.0,294.0,294.6,294.0,301.9,,294.6,,,20250,6022412.5,76,F1,250,,,,,
2026-07-14,2026-07-14,CM,NSE,STK,23553,INE206F01022,AIIL,EQ,,,,,AUTHUM INVEST & INFRA LTD,514.0,517.45,504.0,511.05,505.0,520.0,,511.1,,,81314,41673757.7,6021,F1,1,,,,,
2026-07-14,2026-07-14,CM,NSE,STK,14110,INE718H01014,AUTOIND,BE,,,,,AUTOLINE INDUSTRIES LTD,99.0,103.5,95.25,96.46,97.0,98.88,,96.63,,,135720,13428878.34,983,F1,1,,,,,
2026-07-14,2026-07-14,CM,NSE,STK,278,INE449A01011,AUTOAXLES,EQ,,,,,AUTOMOTIVE AXLES LIMITED,1788.0,1790.6,1760.6,1775.8,1779.8,1797.1,,1775.8,,,6183,10988750.4,786,F1,1,,,,,
2026-07-14,2026-07-14,CM,NSE,STK,10634,INE900C01027,ASAL,EQ,,,,,AUTOMOTIVE STAMPINGS & AS,517.05,520.1,509.0,510.4,509.0,523.75,,510.4,,,11693,5996522.7,1026,F1,1,,,,,
2026-07-14,2026-07-14,CM,NSE,STK,21410,INE349W01017,AVADHSUGAR,BE,,,,,AVADH SUG & ENERGY LTD,545.9,545.9,531.1,539.3,540.0,539.25,,539.15,,,19665,10566689.6,385,F1,1,,,,,
2026-07-14,2026-07-14,CM,NSE,STK,15058,INE0LCL01028,AVALON,EQ,,,,,AVALON TECHNOLOGIES LTD,1724.8,1761.8,1699.3,1748.1,1754.0,1720.9,,1748.1,,,225085,390112014.6,21229,F1,1,,,,,
2026-07-14,2026-07-14,CM,NSE,STK,760736,INE1KU201016,AVANA,ST,,,,,AVANA ELECTROSYSTEMS LTD,139.95,140.5,135.0,140.25,140.5,133.85,,140.25,,,46000,6425200.0,23,F1,2000,,,,,
2026-07-14,2026-07-14,CM,NSE,STK,24610,INE005B01027,AVANTEL,EQ,,,,,AVANTEL LIMITED,183.0,183.45,178.16,180.24,180.39,183.76,,180.24,,,2994823,539057541.74,22422,F1,1,,,,,
2026-07-14,2026-07-14,CM,NSE,STK,7936,INE871C01038,AVANTIFEED,EQ,,,,,AVANTI FEEDS LIMITED,945.0,952.8,931.05,935.45,944.9,948.6,,935.45,,,234559,220614115.1,13900,F1,1,,,,,
2026-07-14,2026-07-14,CM,NSE,STK,19913,INE192R01011,DMART,EQ,,,,,AVENUE SUPERMARTS LIMITED,3988.9,3994.4,3895.1,3915.9,3919.6,3994.1,,3915.9,,,678162,2663781502.3,63898,F1,1,,,,,
2026-07-14,2026-07-14,CM,NSE,STK,16249,INE483S01020,CCAVENUE,EQ,,,,,AVENUESAI LIMITED,18.14,18.14,17.7,17.82,17.82,18.21,,17.82,,,12796142,228724170.07,13348,F1,1,,,,,
2026-07-14,2026-07-14,CM,NSE,STK,15638,INE680Z01018,AVG,BE,,,,,AVG LOGISTICS LIMITED,215.9,215.9,206.01,207.42,210.58,212.53,,207.56,,,19971,4175264.69,142,F1,1,,,,,
2026-07-14,2026-07-14,CM,NSE,STK,25520,INE0TFB01017,AVIANSH,SM,,,,,AVI ANSH TEXTILE LIMITED,102.5,102.5,102.5,102.5,102.5,102.5,,102.5,,,1000,102500.0,1,F1,1000,,,,,
2026-07-14,2026-07-14,CM,NSE,STK,755092,INE0V9I01017,AVIENCE,SM,,,,,AVIENCE BIOMEDICALS LTD,285.0,296.0,278.0,280.35,283.0,285.85,,280.35,,,51600,14738160.0,79,F1,600,,,,,
2026-07-14,2026-07-14,CM,NSE,STK,14069,INE855F01042,ASMS,BE,,,,,AVIO SMART MRKT STACK LTD,7.02,7.14,7.01,7.1,7.11,7.05,,7.1,,,85035,602139.38,309,F1,1,,,,,
2026-07-14,2026-07-14,CM,NSE,STK,13557,INE323B01024,AVONMORE,EQ,,,,,AVONMORE CAP&MGT SERV LTD,10.0,10.34,9.96,10.05,10.03,10.0,,10.07,,,56105,562087.85,179,F1,1,,,,,
2026-07-14,2026-07-14,CM,NSE,STK,23159,INE0R9401019,AVPINFRA,SM,,,,,AVP INFRACON LIMITED,59.0,59.15,56.1,56.2,56.1,59.05,,56.2,,,322400,18284840.0,199,F1,800,,,,,
2026-07-14,2026-07-14,CM,NSE,STK,8827,INE652Z01025,AVROIND,EQ,,,,,AVRO INDIA LIMITED,9.65,10.15,9.35,9.89,9.86,9.55,,9.87,,,799195,7867423.29,1919,F1,1,,,,,
2026-07-14,2026-07-14,CM,NSE,STK,14008,INE488D01021,AVTNPL,EQ,,,,,AVT NATURAL PRODUCTS LTD,70.45,72.9,70.26,71.3,71.0,71.06,,71.3,,,66553,4761481.83,1108,F1,1,,,,,
2026-07-14,2026-07-14,CM,NSE,STK,23864,INE108V01019,AWFIS,EQ,,,,,AWFIS SPACE SOLUTIONS LTD,299.0,300.6,290.0,290.45,290.6,299.2,,290.45,,,339841,99727904.05,8788,F1,1,,,,,
2026-07-14,2026-07-14,CM,NSE,STK,8110,INE699H01024,AWL,EQ,,,,,AWL AGRI BUSINESS LIMITED,187.1,190.69,186.4,189.27,188.51,189.38,,189.27,,,2189721,411783495.57,17469,F1,1,,,,,
2026-07-14,2026-07-14,CM,NSE,STK,5900,INE238A01034,AXISBANK,EQ,,,,,AXIS BANK LIMITED,1320.1,1323.7,1298.6,1317.6,1318.5,1319.4,,1317.6,,,6005505,7889445151.0,131465,F1,1,,,,,
2026-07-14,2026-07-14,CM,NSE,STK,1044,INF846K01X63,BNKETFAXIS,EQ,,,,,AXISAMC-BNKETFAXIS,596.3,596.3,590.87,592.98,591.94,598.46,,592.98,,,575,341136.95,34,F1,1,,,,,
2026-07-14,2026-07-14,CM,NSE,STK,5732,INF846K016C7,CONSUMAXIS,EQ,,,,,AXISAMC-CONSUMAXIS,120.13,120.13,119.22,119.85,119.79,120.3,,119.85,,,956,114614.67,18,F1,1,,,,,
2026-07-14,2026-07-14,CM,NSE,STK,20532,INF846K01W80,GOLDAXIS,EQ,,,,,AXISAMC-GOLDAXIS,117.03,117.29,116.41,116.85,116.9,117.76,,116.85,,,822537,96141316.0,3519,F1,1,,,,,
2026-07-14,2026-07-14,CM,NSE,STK,3608,INF846K01Z12,HEALTHAXIS,EQ,,,,,AXISAMC-HEALTHAXIS,166.89,167.64,166.89,167.11,167.58,166.43,,167.11,,,2690,450095.86,70,F1,1,,,,,
2026-07-14,2026-07-14,CM,NSE,STK,3010,INF846K01Y96,ITAXIS,EQ,,,,,AXISAMC-ITAXIS,318.7,322.27,315.42,315.7,316.4,318.92,,315.65,,,2063,654304.62,73,F1,1,,,,,
2026-07-14,2026-07-14,CM,NSE,STK,21252,INF846K01W98,NIFTYAXIS,EQ,,,,,AXISAMC-NIFTYAXIS,266.35,266.92,265.48,265.52,265.5,267.57,,265.52,,,3791,1008668.21,137,F1,1,,,,,
2026-07-14,2026-07-14,CM,NSE,STK,14742,INF846K010Q0,SENSEXAXIS,EQ,,,,,AXISAMC-SENSEXAXIS,80.13,81.08,79.58,79.95,80.0,80.53,,79.95,,,629,50369.42,41,F1,1,,,,,
2026-07-14,2026-07-14,CM,NSE,STK,11193,INF846K011K1,SILVERAXIS,EQ,,,,,AXISAMC-SILVERAXIS,213.52,217.1,213.52,216.04,216.46,215.62,,216.04,,,293044,63162680.15,1478,F1,1,,,,,
2026-07-14,2026-07-14,CM,NSE,STK,30155,INF846KA1119,VALUEAXIS,EQ,,,,,AXISAMC-VALUEAXIS,33.68,33.68,32.62,32.66,32.7,32.86,,32.66,,,38101,1248616.85,320,F1,1,,,,,
2026-07-14,2026-07-14,CM,NSE,STK,9436,INE555B01013,AXISCADES,EQ,,,,,AXISCADES TECH LTD,1602.8,1660.0,1578.0,1638.1,1625.0,1601.3,,1638.1,,,232823,378004533.4,8875,F1,1,,,,,
2026-07-14,2026-07-14,CM,NSE,STK,9902,INE02EZ01022,AXITA,EQ,,,,,AXITA COTTON LIMITED,7.52,7.55,7.48,7.53,7.54,7.42,,7.53,,,219360,1648142.69,537,F1,1,,,,,
2026-07-14,2026-07-14,CM,NSE,STK,760981,INE501X01029,AYE,EQ,,,,,AYE FINANCE LIMITED,170.99,171.73,167.4,168.71,168.5,170.93,,168.7,,,267770,45229491.55,4515,F1,1,,,,,
2026-07-14,2026-07-14,CM,NSE,STK,10285,INE193B01039,AYMSYNTEX,EQ,,,,,AYM SYNTEX LIMITED,232.97,257.99,232.96,241.31,239.5,234.46,,241.33,,,120204,29998527.98,4388,F1,1,,,,,
2026-07-14,2026-07-14,CM,NSE,STK,20905,INE02IJ01035,AZAD,EQ,,,,,AZAD ENGINEERING LIMITED,2369.0,2411.0,2296.8,2392.6,2380.0,2378.5,,2392.7,,,529057,1254885918.8,45241,F1,1,,,,,
2026-07-14,2026-07-14,CM,NSE,STK,762613,INE489D01011,BNALTD,EQ,,,,,B & A LTD.,350.0,375.0,350.0,374.95,374.95,340.0,,360.0,,,186,67598.85,36,F1,1,,,,,
2026-07-14,2026-07-14,CM,NSE,STK,12153,INE01EE01011,BBTCL,EQ,,,,,B&B TRIPLEWALL CONT LTD,213.38,214.0,209.59,211.72,210.8,214.45,,211.74,,,2817,597335.89,154,F1,1,,,,,
2026-07-14,2026-07-14,CM,NSE,STK,11226,INE116D01028,BAGFILMS,EQ,,,,,B.A.G FILMS AND MEDIA LTD,4.56,4.56,4.37,4.47,4.49,4.52,,4.46,,,106615,474952.0,201,F1,1,,,,,
2026-07-14,2026-07-14,CM,NSE,STK,759420,INE17CQ01015,BAGDIGITAL,SM,,,,,B.A.G.CONVERGENCE LIMITED,109.8,109.8,104.0,104.0,104.0,104.05,,104.0,,,4800,508560.0,3,F1,1600,,,,,
2026-07-14,2026-07-14,CM,NSE,STK,13290,INE350H01032,BLKASHYAP,EQ,,,,,B.L.KASHYAP & SON LTD,59.47,61.0,58.06,59.02,58.81,59.46,,59.01,,,947866,56410641.55,5095,F1,1,,,,,
2026-07-14,2026-07-14,CM,NSE,STK,25116,INE01FR01028,STYLEBAAZA,BE,,,,,BAAZAR STYLE RETAIL LTD,303.0,310.0,295.1,299.05,297.05,307.05,,299.05,,,122597,37012590.3,816,F1,1,,,,,
2026-07-14,2026-07-14,CM,NSE,STK,20141,INE0QW501012,BABAFP,SM,,,,,BABA FOOD PROCESSING,23.05,24.0,23.05,23.95,24.0,22.65,,23.95,,,4800,113600.0,3,F1,1600,,,,,
2026-07-14,2026-07-14,CM,NSE,STK,17735,INE878I01022,BAFNAPH,BE,,,,,BAFNA PHARMACEUTICALS LTD,212.87,212.87,212.87,212.87,212.87,208.7,,215.9,,,906,192860.22,10,F1,1,,,,,
2026-07-14,2026-07-14,CM,NSE,STK,763363,INE2OVN25015,BAGMANE,RR,,,,,BAGMANE PRIME OFFICE REIT,103.69,103.69,103.3,103.49,103.5,103.49,,103.49,,,2135244,220945798.84,13177,F1,1,,,,,
2026-07-14,2026-07-14,CM,NSE,STK,12989,INE029Q01017,BAHETI,SM,,,,,BAHETI RECYCLING IND LTD,720.0,720.0,705.0,710.0,710.0,710.3,,710.0,,,19500,13905525.0,45,F1,375,,,,,
2026-07-14,2026-07-14,CM,NSE,STK,13794,INE020D01022,BAIDFIN,EQ,,,,,BAID FINSERV LIMITED,10.21,10.6,10.12,10.39,10.28,10.28,,10.39,,,54273,561016.84,135,F1,1,,,,,
2026-07-14,2026-07-14,CM,NSE,STK,16669,INE917I01010,BAJAJ-AUTO,EQ,,,,,BAJAJ AUTO LIMITED,10212.5,10374.0,10145.5,10166.0,10170.0,10381.0,,10166.0,,,802768,8212268312.0,109743,F1,1,,,,,
2026-07-14,2026-07-14,CM,NSE,STK,19531,INE933K01021,BAJAJCON,EQ,,,,,BAJAJ CONSUMER CARE LTD,650.0,651.95,580.0,590.5,590.9,660.45,,590.55,,,4375429,2626077625.6,100136,F1,1,,,,,
2026-07-14,2026-07-14,CM,NSE,STK,15034,INE193E01025,BAJAJELEC,EQ,,,,,BAJAJ ELECT.LTD,334.85,335.95,328.0,328.95,329.5,336.55,,328.95,,,106240,35137786.25,3018,F1,1,,,,,
2026-07-14,2026-07-14,CM,NSE,STK,317,INE296A01032,BAJFINANCE,EQ,,,,,BAJAJ FINANCE LIMITED,1007.0,1022.0,995.2,1006.6,1007.0,1022.6,,1006.6,,,6458393,6487900432.5,138561,F1,1,,,,,
2026-07-14,2026-07-14,CM,NSE,STK,16675,INE918I01026,BAJAJFINSV,EQ,,,,,BAJAJ FINSERV LTD.,1884.4,1899.0,1861.0,1869.2,1864.6,1908.1,,1869.2,,,1811978,3396346534.2,74269,F1,1,,,,,
2026-07-14,2026-07-14,CM,NSE,STK,6863,INE411U01027,BAJAJHCARE,EQ,,,,,BAJAJ HEALTHCARE LIMITED,343.15,350.0,335.55,347.55,346.35,343.15,,347.55,,,202918,69724488.1,6795,F1,1,,,,,
2026-07-14,2026-07-14,CM,NSE,STK,308,INE306A01021,BAJAJHIND,EQ,,,,,BAJAJ HINDUSTHAN SUGAR LT,17.63,17.82,17.39,17.5,17.5,17.7,,17.5,,,3158266,55393408.14,5982,F1,1,,,,,
2026-07-14,2026-07-14,CM,NSE,STK,305,INE118A01012,BAJAJHLDNG,EQ,,,,,BAJAJ HOLDINGS & INVS LTD,10635.0,10714.0,10459.0,10486.0,10478.0,10752.0,,10486.0,,,29082,307416170.0,7760,F1,1,,,,,
2026-07-14,2026-07-14,CM,NSE,STK,25270,INE377Y01014,BAJAJHFL,EQ,,,,,BAJAJ HOUSING FINANCE LTD,88.02,88.09,86.95,87.32,87.15,88.57,,87.32,,,2502256,218477810.8,22808,F1,1,,,,,
2026-07-14,2026-07-14,CM,NSE,STK,762563,INE704G01024,BAJAJST,EQ,,,,,BAJAJ STEEL INDS. LTD.,405.0,405.0,388.0,389.85,388.2,403.75,,390.15,,,9840,3872589.3,717,F1,1,,,,,
2026-07-14,2026-07-14,CM,NSE,STK,20531,INE0KQN01018,BAJEL,EQ,,,,,BAJEL PROJECTS LIMITED,191.4,193.8,181.22,182.15,182.98,191.2,,182.15,,,296253,54637131.67,3666,F1,1,,,,,
2026-07-14,2026-07-14,CM,NSE,STK,13441,INE083D01012,BALPHARMA,EQ,,,,,BAL PHARMA LTD.,78.0,93.8,78.0,91.02,91.0,79.17,,91.02,,,543763,48742023.84,7564,F1,1,,,,,
2026-07-14,2026-07-14,CM,NSE,STK,14501,INE050E01027,BALAMINES,EQ,,,,,BALAJI AMINES LIMITED,2330.0,2336.6,2260.0,2311.5,2315.0,2340.9,,2311.6,,,154286,354050920.3,16041,F1,1,,,,,
2026-07-14,2026-07-14,CM,NSE,STK,9158,INE794B01026,BALAJITELE,EQ,,,,,BALAJI TELEFILMS LIMITED.,91.97,92.9,90.74,91.64,92.5,91.89,,91.64,,,206430,19070494.28,1629,F1,1,,,,,
2026-07-14,2026-07-14,CM,NSE,STK,11314,INE618N01022,BALAXI,BE,,,,,BALAXI PHARMA LTD,24.04,24.45,23.5,24.13,24.0,24.04,,24.13,,,28651,686595.93,123,F1,1,,,,,
2026-07-14,2026-07-14,CM,NSE,STK,335,INE787D01026,BALKRISIND,EQ,,,,,BALKRISHNA IND. LTD,2224.0,2234.7,2142.8,2165.0,2159.0,2216.1,,2165.1,,,136470,296772719.9,20068,F1,1,,,,,
2026-07-14,2026-07-14,CM,NSE,STK,10181,INE875R01011,BALKRISHNA,EQ,,,,,BALKRISHNA PAPER MILLS L,18.13,18.47,18.02,18.03,18.2,18.03,,18.03,,,2939,53103.73,32,F1,1,,,,,
2026-07-14,2026-07-14,CM,NSE,STK,338,INE164A01016,BALMLAWRIE,EQ,,,,,BALMER LAWRIE & CO LTD,177.0,181.0,176.3,176.59,176.99,179.34,,176.61,,,82717,14677768.57,1770,F1,1,,,,,
2026-07-14,2026-07-14,CM,NSE,STK,762603,INE525F01025,BLIL,EQ,,,,,BALMER LAWRIE INVSTS. L,70.3,70.82,69.96,70.28,70.3,70.05,,70.28,,,38235,2683379.15,643,F1,1,,,,,
2026-07-14,2026-07-14,CM,NSE,STK,341,INE119A01028,BALRAMCHIN,EQ,,,,,BALRAMPUR CHINI MILLS LTD,587.8,601.8,586.0,596.3,595.4,584.85,,596.3,,,1114421,663782001.45,34038,F1,1,,,,,
2026-07-14,2026-07-14,CM,NSE,STK,23607,INE011E01029,BALUFORGE,EQ,,,,,BALU FORGE INDUSTRIES LTD,464.0,464.8,445.5,447.3,448.85,467.5,,447.3,,,688762,311056246.9,18414,F1,1,,,,,
2026-07-14,2026-07-14,CM,NSE,STK,347,INE655B01011,BANARBEADS,EQ,,,,,BANARAS BEADS LTD,117.0,119.0,114.6,115.95,116.0,117.9,,115.93,,,5943,693716.98,273,F1,1,,,,,
2026-07-14,2026-07-14,CM,NSE,STK,13880,INE213C01025,BANCOINDIA,EQ,,,,,BANCO PRODUCTS (I) LTD,672.0,675.0,655.7,657.4,657.0,674.85,,657.4,,,138471,91539869.95,7107,F1,1,,,,,
2026-07-14,2026-07-14,CM,NSE,STK,2263,INE545U01014,BANDHANBNK,EQ,,,,,BANDHAN BANK LIMITED,208.0,210.6,206.4,207.87,207.9,213.15,,207.87,,,5837526,1218065513.97,36210,F1,1,,,,,
2026-07-14,2026-07-14,CM,NSE,STK,760325,INF194KB1KJ7,GOLDBND,EQ,,,,,BANDHANAMC - GOLDBND,140.0,141.01,140.0,140.63,140.76,141.48,,140.63,,,11518,1619786.97,114,F1,1,,,,,
2026-07-14,2026-07-14,CM,NSE,STK,18783,INF194KA1U07,IDFNIFTYET,EQ,,,,,BANDHANAMC - IDFNIFTYET,266.78,266.84,264.79,264.79,264.79,266.61,,264.79,,,406,107964.55,30,F1,1,,,,,
2026-07-14,2026-07-14,CM,NSE,STK,760328,INF194KB1KI9,SILVERBND,EQ,,,,,BANDHANAMC - SILVERBND,216.93,219.0,216.42,218.28,218.08,217.82,,218.28,,,22970,5010908.75,196,F1,1,,,,,
2026-07-14,2026-07-14,CM,NSE,STK,15303,INE863I01016,BANG,EQ,,,,,BANG OVERSEAS LTD.,28.56,29.24,28.12,28.42,28.2,28.93,,28.43,,,34952,996261.23,517,F1,1,,,,,
2026-07-14,2026-07-14,CM,NSE,STK,4668,INE028A01039,BANKBARODA,EQ,,,,,BANK OF BARODA,249.8,251.15,245.7,246.6,246.65,250.65,,246.6,,,9026197,2231754938.7,50250,F1,1,,,,,
2026-07-14,2026-07-14,CM,NSE,STK,4745,INE084A01016,BANKINDIA,EQ,,,,,BANK OF INDIA,144.89,146.13,141.35,141.87,141.98,145.59,,141.87,,,7245592,1035673356.39,38385,F1,1,,,,,
2026-07-14,2026-07-14,CM,NSE,STK,11377,INE457A01014,MAHABANK,EQ,,,,,BANK OF MAHARASHTRA,82.0,82.15,79.35,79.47,79.49,82.56,,79.47,,,27947281,2242193149.44,90384,F1,1,,,,,
2026-07-14,2026-07-14,CM,NSE,STK,828,INE862Y01015,BANKA,BE,,,,,BANKA BIOLOO LIMITED,91.55,93.85,90.16,91.84,92.0,92.01,,91.84,,,1527,142129.35,21,F1,1,,,,,
2026-07-14,2026-07-14,CM,NSE,STK,12037,INE186H01022,BASML,BE,,,,,BANNARI AM SPIN MILL LTD.,27.19,27.19,26.09,26.89,26.95,26.86,,26.72,,,32130,860693.52,93,F1,1,,,,,
2026-07-14,2026-07-14,CM,NSE,STK,350,INE459A01010,BANARISUG,EQ,,,,,BANNARI AMMAN SUGARS LTD,3528.9,3543.0,3466.3,3479.5,3475.0,3505.1,,3479.5,,,182,635994.4,55,F1,1,,,,,
2026-07-14,2026-07-14,CM,NSE,STK,24386,INE0B9K01025,BANSALWIRE,EQ,,,,,BANSAL WIRE INDUSTRIES L,330.0,330.05,312.8,315.0,315.0,329.4,,315.0,,,185693,59002780.15,5426,F1,1,,,,,
2026-07-14,2026-07-14,CM,NSE,STK,14511,INE629D01020,BANSWRAS,EQ,,,,,BANSWARA SYNTEX LIMITED,120.35,127.45,118.81,122.29,123.0,119.11,,122.3,,,104404,12857263.41,2387,F1,1,,,,,
2026-07-14,2026-07-14,CM,NSE,STK,15073,INE139I01011,BVCL,EQ,,,,,BARAK VALLEY CEM. LTD.,41.66,41.66,40.25,41.53,41.5,41.74,,41.48,,,18285,752002.83,228,F1,1,,,,,
2026-07-14,2026-07-14,CM,NSE,STK,29176,INE0QX401014,BARFLEX,SM,,,,,BARFLEX POLYFILMS LIMITED,55.5,55.5,55.5,55.5,55.5,54.0,,55.5,,,2000,111000.0,1,F1,2000,,,,,
2026-07-14,2026-07-14,CM,NSE,STK,24117,INF251K01TL6,BBNPNBETF,EQ,,,,,BARODABNP - BBNPNBETF,57.6,58.35,57.03,58.04,58.04,58.38,,58.05,,,383,22163.43,20,F1,1,,,,,
2026-07-14,2026-07-14,CM,NSE,STK,20547,INF251K01SU9,BBNPPGOLD,EQ,,,,,BARODABNP - BBNPPGOLD,137.25,138.0,135.6,135.95,136.0,136.6,,135.9,,,145231,19795568.1,111,F1,1,,,,,
2026-07-14,2026-07-14,CM,NSE,STK,368,INE373A01013,BASF,EQ,,,,,BASF INDIA LTD,3533.7,3680.0,3493.0,3613.6,3603.6,3523.1,,3613.9,,,30219,109050062.4,7105,F1,1,,,,,
2026-07-14,2026-07-14,CM,NSE,STK,18442,INE0OCC01013,BASILIC,SM,,,,,BASILIC FLY STUDIO LTD,204.95,204.95,200.0,201.15,202.3,202.95,,201.15,,,7800,1572855.0,19,F1,300,,,,,
2026-07-14,2026-07-14,CM,NSE,STK,371,INE176A01028,BATAINDIA,EQ,,,,,BATA INDIA LTD,690.1,694.55,679.05,683.25,683.25,695.6,,683.25,,,116169,79637124.9,8168,F1,1,,,,,
2026-07-14,2026-07-14,CM,NSE,STK,762568,INE177C01022,BATLIBOI,EQ,,,,,BATLIBOI LTD.,83.11,85.0,83.0,83.18,84.47,83.76,,83.19,,,15895,1330035.02,487,F1,1,,,,,
2026-07-14,2026-07-14,CM,NSE,STK,22574,INE0JFJ01011,BAWEJA,ST,,,,,BAWEJA STUDIOS LIMITED,28.0,29.0,26.8,28.0,28.0,28.2,,28.0,,,21600,596440.0,26,F1,800,,,,,
2026-07-14,2026-07-14,CM,NSE,STK,17927,INE462A01022,BAYERCROP,EQ,,,,,BAYER CROPSCIENCE LTD,4105.0,4105.0,4051.7,4077.0,4078.2,4099.8,,4076.9,,,21493,87616384.7,4849,F1,1,,,,,
2026-07-14,2026-07-14,CM,NSE,STK,2513,INE412G01024,BCLIND,EQ,,,,,BCL INDUSTRIES LIMITED,37.62,40.0,37.23,37.79,37.9,37.16,,37.79,,,17216432,659043341.42,41091,F1,1,,,,,
2026-07-14,2026-07-14,CM,NSE,STK,761494,INE00SW01015,BCPL,EQ,,,,,BCPL RAILWAY INFRA LTD,71.0,72.3,69.5,70.54,70.88,71.03,,70.54,,,10479,739988.3,280,F1,1,,,,,
2026-07-14,2026-07-14,CM,NSE,STK,23925,INE639X01027,BEACON,ST,,,,,BEACON TRUSTEESHIP LTD,94.7,98.0,89.6,96.65,98.0,93.5,,96.65,,,23000,2167100.0,19,F1,1000,,,,,
2026-07-14,2026-07-14,CM,NSE,STK,17933,INE520H01022,BEARDSELL,EQ,,,,,BEARDSELL LIMITED,29.5,29.5,28.88,29.02,29.25,29.48,,29.02,,,5370,156520.53,79,F1,1,,,,,
2026-07-14,2026-07-14,CM,NSE,STK,20196,INE844K01012,BEDMUTHA,EQ,,,,,BEDMUTHA INDUST LTD,109.0,109.99,106.0,106.73,107.0,109.98,,106.73,,,4716,502640.54,51,F1,1,,,,,
2026-07-14,2026-07-14,CM,NSE,STK,762573,INE213D01015,BEEKAY,EQ,,,,,BEEKAY STEEL INDS. LTD.,414.0,414.0,401.05,404.95,404.95,401.5,,405.3,,,514,207687.7,22,F1,1,,,,,
2026-07-14,2026-07-14,CM,NSE,STK,757938,INE344T01014,BELLACASA,EQ,,,,,BELLA CASA FASH AND RET L,245.0,252.45,245.0,250.3,249.4,255.25,,250.3,,,6535,1626307.95,251,F1,1,,,,,
2026-07-14,2026-07-14,CM,NSE,STK,757102,INE894V01022,BELRISE,EQ,,,,,BELRISE INDUSTRIES LTD,236.0,236.0,229.07,232.34,231.94,236.56,,232.34,,,3697204,857856957.37,29580,F1,1,,,,,
2026-07-14,2026-07-14,CM,NSE,STK,15067,INE0N7W01012,BLAL,EQ,,,,,BEML LAND ASSETS LIMITED,185.52,185.6,183.0,184.02,184.0,184.6,,184.02,,,4118,757469.73,119,F1,1,,,,,
2026-07-14,2026-07-14,CM,NSE,STK,395,INE258A01024,BEML,EQ,,,,,BEML LIMITED,1882.0,1882.0,1835.0,1855.5,1852.0,1885.9,,1855.5,,,166243,308576572.1,10809,F1,1,,,,,
2026-07-14,2026-07-14,CM,NSE,STK,762578,INE083K01017,BENGALASM,EQ,,,,,BENGAL & ASSAM CO. LTD.,6342.5,6350.5,6250.5,6326.0,6349.5,6384.0,,6323.5,,,106,670819.0,49,F1,1,,,,,
2026-07-14,2026-07-14,CM,NSE,STK,404,INE463A01038,BERGEPAINT,EQ,,,,,BERGER PAINTS (I) LTD,486.3,495.0,484.35,489.1,488.85,492.95,,489.1,,,220547,108089765.5,10161,F1,1,,,,,
2026-07-14,2026-07-14,CM,NSE,STK,2306,INE052T01021,BESTAGRO,EQ,,,,,BEST AGROLIFE LIMITED,15.61,15.68,15.35,15.46,15.65,15.61,,15.47,,,274933,4257234.68,1013,F1,1,,,,,
2026-07-14,2026-07-14,CM,NSE,STK,759842,INE351Y01019,BETA,EQ,,,,,BETA DRUGS LIMITED,2361.9,2370.0,2272.0,2310.2,2306.0,2347.8,,2310.2,,,22065,50970372.8,3693,F1,1,,,,,
2026-07-14,2026-07-14,CM,NSE,STK,5662,INE0HQI01014,BEWLTD,SM,,,,,BEW ENGINEERING LIMITED,58.8,60.75,58.8,60.05,60.0,60.05,,60.05,,,17000,1019925.0,17,F1,500,,,,,
2026-07-14,2026-07-14,CM,NSE,STK,21113,INE878K01010,BFINVEST,EQ,,,,,BF INVESTMENT LIMITED,520.0,529.8,485.8,488.45,488.95,535.25,,488.45,,,554272,279898965.95,16382,F1,1,,,,,
2026-07-14,2026-07-14,CM,NSE,STK,14567,INE243D01012,BFUTILITIE,EQ,,,,,BF UTILITIES LIMITED,662.0,684.45,630.0,633.95,633.9,672.55,,634.0,,,541279,356247143.85,19108,F1,1,,,,,
2026-07-14,2026-07-14,CM,NSE,STK,21986,INF0QA701714,BANKBETF,EQ,,,,,BFAM - BANKBETF,58.97,58.97,58.3,58.35,58.4,58.97,,58.35,,,7673,448610.66,263,F1,1,,,,,
2026-07-14,2026-07-14,CM,NSE,STK,23915,INF0QA701854,LIQUIDBETF,EQ,,,,,BFAM - LIQUIDBETF,1090.1,1090.11,1090.09,1090.09,1090.1,1089.96,,1090.09,,,228215,248776558.28,311,F1,1,,,,,
2026-07-14,2026-07-14,CM,NSE,STK,21959,INF0QA701722,NIFTYBETF,EQ,,,,,BFAM - NIFTYBETF,248.0,248.24,246.54,246.59,246.6,248.25,,246.59,,,713,176127.71,48,F1,1,,,,,
2026-07-14,2026-07-14,CM,NSE,STK,15193,INE661I01014,BGRENERGY,BE,,,,,BGR ENERGY SYSTEMS LTD,306.5,306.5,291.0,301.2,302.0,299.25,,301.2,,,42835,12910644.65,456,F1,1,,,,,
2026-07-14,2026-07-14,CM,NSE,STK,758228,INE0ZRC01017,BHADORA,ST,,,,,BHADORA INDUSTRIES LTD,92.25,92.25,92.0,92.25,92.25,92.25,,92.25,,,10800,996000.0,8,F1,1200,,,,,
2026-07-14,2026-07-14,CM,NSE,STK,13427,INE354C01027,BHAGERIA,BE,,,,,BHAGERIA INDUSTRIES LTD,209.25,214.12,201.0,207.53,208.0,210.44,,207.53,,,11731,2438731.84,395,F1,1,,,,,
2026-07-14,2026-07-14,CM,NSE,STK,6164,INE414D01027,BHAGCHEM,EQ,,,,,BHAGIRADHA CHEM & INDS L,292.45,294.5,281.1,283.8,289.9,293.85,,283.75,,,79294,22631149.85,2412,F1,1,,,,,
2026-07-14,2026-07-14,CM,NSE,STK,20799,INE458B01036,BHAGYANGR,BE,,,,,BHAGYANAGAR INDIA LIMITED,363.75,374.4,357.0,365.75,367.0,375.35,,365.8,,,83230,30335506.5,1599,F1,1,,,,,
2026-07-14,2026-07-14,CM,NSE,STK,19560,INE474E01029,BHANDARI,BE,,,,,BHANDARI HOSIERY EXP LTD,3.0,3.0,2.91,2.91,2.91,2.94,,2.91,,,145753,427678.47,135,F1,1,,,,,
2026-07-14,2026-07-14,CM,NSE,STK,419,INE922A01025,BEPL,EQ,,,,,BHANSALI ENG. POLYMERS LT,107.4,108.41,106.09,106.8,106.92,108.1,,106.8,,,843963,90506812.25,7175,F1,1,,,,,
2026-07-14,2026-07-14,CM,NSE,STK,13761,INE464A01036,BBL,EQ,,,,,BHARAT BIJLEE LTD,2787.0,2789.0,2709.0,2715.3,2722.9,2773.3,,2715.2,,,43370,118915661.8,5077,F1,1,,,,,
2026-07-14,2026-07-14,CM,NSE,STK,760726,INE05XR01022,BHARATCOAL,EQ,,,,,BHARAT COKING COAL LTD,37.53,37.7,36.75,36.84,36.85,37.53,,36.84,,,8082782,299699038.67,18246,F1,1,,,,,
2026-07-14,2026-07-14,CM,NSE,STK,2144,INE171Z01026,BDL,EQ,,,,,BHARAT DYNAMICS LIMITED,1299.9,1299.9,1265.1,1277.8,1276.5,1302.8,,1277.8,,,1278174,1629212932.3,46600,F1,1,,,,,
2026-07-14,2026-07-14,CM,NSE,STK,383,INE263A01024,BEL,EQ,,,,,BHARAT ELECTRONICS LTD,409.35,411.25,405.7,410.1,409.85,410.8,,410.1,,,10652838,4354795476.3,125536,F1,1,,,,,
2026-07-14,2026-07-14,CM,NSE,STK,422,INE465A01025,BHARATFORG,EQ,,,,,BHARAT FORGE LTD,2137.4,2149.0,2098.1,2119.7,2115.0,2145.6,,2119.6,,,568854,1204267551.0,30967,F1,1,,,,,
2026-07-14,2026-07-14,CM,NSE,STK,9397,INE561C01019,BHARATGEAR,BE,,,,,BHARAT GEARS LTD,123.31,124.87,121.7,123.6,124.0,123.31,,123.65,,,11558,1428457.17,183,F1,1,,,,,
2026-07-14,2026-07-14,CM,NSE,STK,526,INE029A01011,BPCL,EQ,,,,,BHARAT PETROLEUM CORP  LT,302.95,307.2,302.05,305.35,305.5,307.55,,305.35,,,9995741,3043412172.6,80898,F1,1,,,,,
2026-07-14,2026-07-14,CM,NSE,STK,3834,INE838B01021,BHARATRAS,EQ,,,,,BHARAT RASAYAN LTD,1382.0,1382.0,1341.6,1350.8,1364.0,1377.1,,1350.6,,,5563,7544959.0,941,F1,1,,,,,
2026-07-14,2026-07-14,CM,NSE,STK,21683,INE727S01012,BRNL,EQ,,,,,BHARAT ROAD NETWORK LTD,17.66,18.35,17.66,18.11,18.28,18.11,,18.1,,,15122,272766.65,206,F1,1,,,,,
2026-07-14,2026-07-14,CM,NSE,STK,30244,INE415D01024,BHARATSE,EQ,,,,,BHARAT SEATS LIMITED,258.43,258.8,240.8,243.07,246.94,254.62,,243.1,,,519452,128554561.5,12849,F1,1,,,,,
2026-07-14,2026-07-14,CM,NSE,STK,16123,INE316L01019,BHARATWIRE,EQ,,,,,BHARAT WIRE ROPES LTD.,215.64,215.64,205.26,206.7,206.01,215.07,,206.71,,,264535,55383397.36,4471,F1,1,,,,,
2026-07-14,2026-07-14,CM,NSE,STK,10604,INE397D01024,BHARTIARTL,EQ,,,,,BHARTI AIRTEL LIMITED,1885.0,1941.1,1885.0,1936.5,1934.0,1901.8,,1936.5,,,6964062,13446192088.7,182694,F1,1,,,,,
2026-07-14,2026-07-14,CM,NSE,STK,23489,INE343G01021,BHARTIHEXA,EQ,,,,,BHARTI HEXACOM LIMITED,1579.6,1629.0,1568.5,1621.8,1628.1,1587.4,,1621.8,,,448852,722370916.4,28468,F1,1,,,,,
2026-07-14,2026-07-14,CM,NSE,STK,7848,INE828A01016,BIL,EQ,,,,,BHARTIYA INTERNATIONAL,743.35,743.35,715.1,721.9,723.65,719.55,,721.9,,,1900,1377297.3,171,F1,1,,,,,
2026-07-14,2026-07-14,CM,NSE,STK,438,INE257A01026,BHEL,EQ,,,,,BHEL,408.15,409.0,401.0,403.9,402.4,409.1,,403.9,,,12494044,5055389872.55,175293,F1,1,,,,,
2026-07-14,2026-07-14,CM,NSE,STK,762621,INE274K01012,BTTL,BE,,,,,BHILWARA TECHNICAL TEXT L,58.23,58.23,55.3,55.35,55.5,57.0,,55.17,,,10246,570882.99,88,F1,1,,,,,
2026-07-14,2026-07-14,CM,NSE,STK,18431,INE412U01025,BIGBLOC,EQ,,,,,BIGBLOC CONSTRUCTION LTD,46.52,47.8,46.52,47.24,47.4,47.05,,47.26,,,18869,887662.25,414,F1,1,,,,,
2026-07-14,2026-07-14,CM,NSE,STK,11966,INE00E101023,BIKAJI,EQ,,,,,BIKAJI FOODS INTERN LTD,645.0,647.9,628.5,636.15,638.1,643.45,,636.15,,,238851,151274174.9,11510,F1,1,,,,,
2026-07-14,2026-07-14,CM,NSE,STK,25527,INE0SQH01013,BIKEWO,ST,,,,,BIKEWO GREEN TECH LIMITED,55.9,55.95,53.6,54.1,53.65,53.3,,54.1,,,70000,3890500.0,34,F1,2000,,,,,
2026-07-14,2026-07-14,CM,NSE,STK,13622,INE071A01013,BILVYAPAR,BE,,,,,BIL VYAPAR LIMITED,4.28,4.28,4.19,4.22,4.23,4.16,,4.22,,,8300,34980.43,34,F1,1,,,,,
2026-07-14,2026-07-14,CM,NSE,STK,762583,INE986A01012,BI,EQ,,,,,BILCARE LTD.,64.45,64.45,63.1,63.88,64.0,64.01,,63.9,,,1214,77531.88,28,F1,1,,,,,
2026-07-14,2026-07-14,CM,NSE,STK,759806,INE0HOQ01053,GROWW,EQ,,,,,BILLIONBRAINS GARAGE VN L,208.85,210.28,202.0,203.79,203.8,208.18,,203.79,,,31398724,6493156587.13,226781,F1,1,,,,,
2026-07-14,2026-07-14,CM,NSE,STK,762588,INE469A01019,BIMETAL,EQ,,,,,BIMETAL BEARINGS LTD.,695.0,700.0,683.5,687.25,687.0,714.85,,686.5,,,1308,906628.25,125,F1,1,,,,,
2026-07-14,2026-07-14,CM,NSE,STK,763598,INE1BKA01015,BMLL,SM,,,,,BIO MEDICA LABORATORIES L,136.0,137.15,136.0,136.9,136.85,139.5,,136.9,,,11000,1504950.0,7,F1,1000,,,,,
2026-07-14,2026-07-14,CM,NSE,STK,13043,INE376G01013,BIOCON,BL,,,,,BIOCON LIMITED.,400.0,400.0,400.0,400.0,400.0,281.05,,400.0,,,45983509,18393403600.0,23,F1,999999999,,,,,
2026-07-14,2026-07-14,CM,NSE,STK,11373,INE376G01013,BIOCON,EQ,,,,,BIOCON LIMITED.,427.35,444.5,422.2,437.3,437.0,410.95,,437.3,,,43015136,18771358005.65,402779,F1,1,,,,,
2026-07-14,2026-07-14,CM,NSE,STK,4136,INE829A01014,BIOFILCHEM,EQ,,,,,BIOFIL CHEM & PHARMA LTD,34.04,34.68,33.21,33.28,33.21,33.71,,33.28,,,6425,215397.25,121,F1,1,,,,,
2026-07-14,2026-07-14,CM,NSE,STK,760942,INE0XW001014,BIOPOL,SM,,,,,BIOPOL CHEMICALS LIMITED,96.0,98.0,92.0,96.6,96.0,94.7,,96.6,,,43200,4158060.0,21,F1,1200,,,,,
2026-07-14,2026-07-14,CM,NSE,STK,6815,INE800A01015,BIRLACABLE,BE,,,,,BIRLA CABLE LIMITED,192.0,196.0,185.05,190.13,192.5,192.66,,190.18,,,31733,6040633.46,492,F1,1,,,,,
2026-07-14,2026-07-14,CM,NSE,STK,480,INE340A01012,BIRLACORPN,EQ,,,,,BIRLA CORPORATION LTD,980.0,991.25,958.0,967.05,966.0,981.95,,967.05,,,126466,123317144.4,8238,F1,1,,,,,
2026-07-14,2026-07-14,CM,NSE,STK,762593,INE372E01025,BIRLAPREC,EQ,,,,,BIRLA PRECISION TECH L,37.17,37.94,35.67,37.1,37.02,37.17,,37.13,,,10839,403787.97,191,F1,1,,,,,
2026-07-14,2026-07-14,CM,NSE,STK,1455,INE557A01011,BIRLANU,EQ,,,,,BIRLANU LIMITED,1302.9,1310.2,1260.3,1266.8,1267.5,1301.0,,1266.9,,,17955,22925864.4,1759,F1,1,,,,,
2026-07-14,2026-07-14,CM,NSE,STK,24404,INF209KC1134,ABGSEC,EQ,,,,,BIRLASLAMC - ABGSEC,114.0,115.09,113.95,115.08,115.08,114.0,,115.08,,,775,88853.95,13,F1,1,,,,,
2026-07-14,2026-07-14,CM,NSE,STK,760247,INF209KC1670,ABSL10BANK,EQ,,,,,BIRLASLAMC - ABSL10BANK,173.25,173.25,171.57,172.74,172.74,174.4,,172.74,,,2934,506345.72,21,F1,1,,,,,
2026-07-14,2026-07-14,CM,NSE,STK,13987,INF209KB17D5,ABSLBANETF,EQ,,,,,BIRLASLAMC - ABSLBANETF,58.95,59.42,58.73,58.79,58.74,59.5,,58.79,,,17975,1058737.96,297,F1,1,,,,,
2026-07-14,2026-07-14,CM,NSE,STK,14518,INF209KB18T9,ABSLLIQUID,EQ,,,,,BIRLASLAMC - ABSLLIQUID,1000.0,1000.01,999.99,999.99,1000.0,1000.01,,999.99,,,888,887997.77,16,F1,1,,,,,
2026-07-14,2026-07-14,CM,NSE,STK,761066,INF209KC1662,ABSLMSCIN,EQ,,,,,BIRLASLAMC - ABSLMSCIN,29.73,29.79,29.36,29.68,29.79,29.59,,29.68,,,327,9631.66,14,F1,1,,,,,
2026-07-14,2026-07-14,CM,NSE,STK,7339,INF209KB16D7,ABSLNN50ET,EQ,,,,,BIRLASLAMC - ABSLNN50ET,75.15,75.6,74.97,75.31,75.3,75.73,,75.3,,,4802,361843.59,150,F1,1,,,,,
2026-07-14,2026-07-14,CM,NSE,STK,5957,INF209KB10E8,BSLSENETFG,EQ,,,,,BIRLASLAMC - BSLSENETFG,76.15,78.78,76.15,77.48,77.44,78.11,,77.48,,,1702,132247.45,111,F1,1,,,,,
2026-07-14,2026-07-14,CM,NSE,STK,24847,INF209KC1142,GSEC10ABSL,EQ,,,,,BIRLASLAMC - GSEC10ABSL,112.9,113.0,112.9,113.0,113.0,113.5,,113.0,,,9,1016.5,2,F1,1,,,,,
2026-07-14,2026-07-14,CM,NSE,STK,6297,INF209KB10C2,HEALTHY,EQ,,,,,BIRLASLAMC - HEALTHY,17.0,17.17,16.76,16.87,16.88,16.83,,16.87,,,632264,10691438.31,928,F1,1,,,,,
2026-07-14,2026-07-14,CM,NSE,STK,10693,INF209KB14K7,MOMENTUM,EQ,,,,,BIRLASLAMC - MOMENTUM,30.94,31.48,30.04,30.98,30.97,30.94,,30.98,,,169162,5236928.05,189,F1,1,,,,,
2026-07-14,2026-07-14,CM,NSE,STK,10690,INF209KB15K4,NIFTYQLITY,EQ,,,,,BIRLASLAMC - NIFTYQLITY,20.76,21.28,20.76,20.94,21.01,21.07,,20.94,,,14576,305459.63,200,F1,1,,,,,
2026-07-14,2026-07-14,CM,NSE,STK,8003,INF209KB19F6,SILVER,EQ,,,,,BIRLASLAMC - SILVER,217.39,217.98,214.45,217.02,217.5,216.73,,217.02,,,730023,158238795.41,8478,F1,1,,,,,
2026-07-14,2026-07-14,CM,NSE,STK,6462,INF209KB11D8,TECH,EQ,,,,,BIRLASLAMC - TECH,31.99,31.99,31.36,31.44,31.37,31.66,,31.43,,,103693,3282757.34,248,F1,1,,,,,
2026-07-14,2026-07-14,CM,NSE,STK,23806,INF209KB19Z4,ABSLPSE,EQ,,,,,BIRLASLAMC-ABSLPSE,10.35,10.39,10.24,10.25,10.39,10.34,,10.25,,,101255,1039793.75,329,F1,1,,,,,
2026-07-14,2026-07-14,CM,NSE,STK,6994,INE836A01035,BSOFT,EQ,,,,,BIRLASOFT LIMITED,300.8,304.25,287.35,289.05,288.65,299.3,,289.1,,,2325558,684151704.95,39546,F1,1,,,,,
2026-07-14,2026-07-14,CM,NSE,STK,3435,INE676A01027,BBOX,EQ,,,,,BLACK BOX LIMITED,904.0,904.0,859.55,869.4,869.7,898.75,,869.4,,,507553,443542587.95,21194,F1,1,,,,,
2026-07-14,2026-07-14,CM,NSE,STK,762601,INE761G01016,BLACKROSE,BE,,,,,BLACK ROSE INDS. LTD.,107.69,107.69,104.6,104.82,105.38,106.98,,104.82,,,8938,943529.19,182,F1,1,,,,,
2026-07-14,2026-07-14,CM,NSE,STK,27144,INE0UIZ01018,BLACKBUCK,EQ,,,,,BLACKBUCK LIMITED,580.4,585.8,573.0,584.45,585.7,583.35,,584.45,,,328423,191047704.9,12549,F1,1,,,,,
2026-07-14,2026-07-14,CM,NSE,STK,8132,INE791A01024,BLBLIMITED,EQ,,,,,BLB LIMITED,16.05,16.33,15.25,15.39,15.3,16.05,,15.4,,,70094,1092641.88,431,F1,1,,,,,
2026-07-14,2026-07-14,CM,NSE,STK,19269,INE416D01022,BLISSGVS,BE,,,,,BLISS GVS PHARMA LTD,529.0,530.0,515.0,521.1,521.0,524.1,,521.25,,,110831,57784045.75,1917,F1,1,,,,,
2026-07-14,2026-07-14,CM,NSE,STK,22566,INE0NLT01010,BLSE,EQ,,,,,BLS E-SERVICES LIMITED,264.9,278.99,263.05,271.29,271.2,265.57,,271.27,,,1627683,445438803.67,23350,F1,1,,,,,
2026-07-14,2026-07-14,CM,NSE,STK,17279,INE153T01027,BLS,EQ,,,,,BLS INTL SERVS LTD,240.0,240.6,232.85,233.4,234.0,239.5,,233.4,,,1246650,293643987.8,20789,F1,1,,,,,
2026-07-14,2026-07-14,CM,NSE,STK,8650,INE657B01025,BLUECHIP,BE,,,,,BLUE CHIP INDIA LIMITED,2.21,2.21,2.21,2.21,2.21,2.25,,2.21,,,6,13.26,2,F1,1,,,,,
2026-07-14,2026-07-14,CM,NSE,STK,8552,INE472B01011,BLUECOAST,BE,,,,,BLUE COAST HOTELS LIMITED,28.56,28.56,27.14,28.39,28.39,28.56,,28.39,,,586,16020.92,9,F1,1,,,,,
2026-07-14,2026-07-14,CM,NSE,STK,495,INE233B01017,BLUEDART,EQ,,,,,BLUE DART EXPRESS LTD,4903.1,4956.0,4885.0,4903.6,4885.0,4945.6,,4903.4,,,4015,19721689.0,1148,F1,1,,,,,
2026-07-14,2026-07-14,CM,NSE,STK,19686,INE0KBH01020,BLUEJET,EQ,,,,,BLUE JET HEALTHCARE LTD,601.15,624.8,601.15,605.5,605.0,606.3,,605.5,,,900065,551256750.1,23788,F1,1,,,,,
2026-07-14,2026-07-14,CM,NSE,STK,23410,INE0SAK01011,BLUEPEBBLE,SM,,,,,BLUE PEBBLE LIMITED,69.2,70.0,69.2,70.0,70.0,72.0,,70.0,,,2000,138760.0,4,F1,400,,,,,
2026-07-14,2026-07-14,CM,NSE,STK,8311,INE472A01039,BLUESTARCO,EQ,,,,,BLUE STAR LIMITED,1716.1,1753.8,1701.1,1746.2,1745.0,1716.1,,1746.2,,,866904,1502336085.1,58586,F1,1,,,,,
2026-07-14,2026-07-14,CM,NSE,STK,758185,INE0X3M01010,BLUEWATER,ST,,,,,BLUE WATER LOGISTICS LTD,379.15,398.1,379.15,394.05,392.0,379.15,,394.05,,,16000,6299950.0,16,F1,1000,,,,,
2026-07-14,2026-07-14,CM,NSE,STK,759291,INE304W01038,BLUESTONE,EQ,,,,,BLUESTONE JEWEL LFSTL LTD,590.5,612.8,575.6,607.3,609.0,588.8,,607.15,,,607214,365099078.6,27149,F1,1,,,,,
2026-07-14,2026-07-14,CM,NSE,STK,757520,INE0U4101014,BLUSPRING,EQ,,,,,BLUSPRING ENTERPRISES LTD,116.01,118.68,112.04,113.16,112.1,116.8,,113.17,,,467100,53721800.64,5896,F1,1,,,,,
2026-07-14,2026-07-14,CM,NSE,STK,759256,INE965W01036,BMWVENTLTD,EQ,,,,,BMW VENTURES LIMITED,58.01,59.37,57.5,58.52,58.46,58.57,,58.52,,,84595,4948209.68,1407,F1,1,,,,,
2026-07-14,2026-07-14,CM,NSE,STK,762611,INE00HZ01011,BNAGROCHEM,BE,,,,,BN AGROCHEM LTD.,281.1,285.0,272.05,281.6,281.8,284.0,,281.7,,,11313,3203391.0,82,F1,1,,,,,
2026-07-14,2026-07-14,CM,NSE,STK,25021,INE338D01028,BODALCHEM,BE,,,,,BODAL CHEMICALS LTD,59.98,60.5,58.2,60.18,60.4,59.24,,60.18,,,218252,13161123.29,473,F1,1,,,,,
2026-07-14,2026-07-14,CM,NSE,STK,14150,INE0EEJ01023,BTML,EQ,,,,,BODHI TREE MULTIMEDIA LTD,6.55,6.6,6.0,6.24,6.31,6.38,,6.24,,,518779,3236969.58,1147,F1,1,,,,,
2026-07-14,2026-07-14,CM,NSE,STK,11640,INE802W01023,BOHRAIND,EQ,,,,,BOHRA INDUSTRIES LIMITED,14.38,14.38,13.37,13.52,13.99,13.75,,13.52,,,11396,157170.5,40,F1,1,,,,,
2026-07-14,2026-07-14,CM,NSE,STK,380,INE050A01025,BBTC,EQ,,,,,BOMBAY BURMAH TRADING COR,1510.0,1519.5,1494.0,1497.4,1497.0,1514.0,,1497.4,,,14764,22175632.0,1951,F1,1,,,,,
2026-07-14,2026-07-14,CM,NSE,STK,513,INE032A01023,BOMDYEING,EQ,,,,,BOMBAY DYEING & MFG. CO L,127.5,128.68,124.59,125.0,124.8,129.13,,125.01,,,387286,48823754.99,4350,F1,1,,,,,
2026-07-14,2026-07-14,CM,NSE,STK,6052,INE0I3Y01014,BMETRICS,SM,,,,,BOMBAY METRICS S C LTD,33.3,35.5,33.3,35.3,35.3,35.5,,35.3,,,8800,310480.0,4,F1,800,,,,,
2026-07-14,2026-07-14,CM,NSE,STK,812,INE032Z01020,BSHSL,BE,,,,,BOMBAY SUPER HYBRID SEEDS,89.68,89.68,86.0,86.75,86.45,86.65,,87.85,,,1242,108047.8,35,F1,1,,,,,
2026-07-14,2026-07-14,CM,NSE,STK,31128,INE053F07538,810IRFC27,N2,,,,,BOND 8.10% PA TAX FREE S2,1071.68,1071.68,1071.68,1071.68,1071.68,1075.0,,1071.9,,,9,9645.12,1,F1,1,,,,,
2026-07-14,2026-07-14,CM,NSE,STK,31040,INE906B07CB9,830NHAI27,N2,,,,,BOND 8.30% PA TAX FREE S2,1080.0,1080.0,1080.0,1080.0,1080.0,1079.62,,1080.0,,,480,518400.0,5,F1,1,,,,,
2026-07-14,2026-07-14,CM,NSE,STK,30984,INE020B07HP8,846REC28,N6,,,,,BOND 8.46% TAX FREE S2A,1110.1,1110.1,1110.0,1110.0,1110.0,1119.0,,1110.0,,,2,2220.1,2,F1,1,,,,,
2026-07-14,2026-07-14,CM,NSE,STK,603,INE053F07686,865IRFC29,,,,,,BOND 8.65% PA TF TI-SIIB,1105.0,1105.0,1104.0,1104.88,1105.0,1101.82,,1104.88,,,504,556860.0,9,F1,1,,,,,
2026-07-14,2026-07-14,CM,NSE,STK,30990,INE020B07HS2,871REC28,N9,,,,,BOND 8.71% TAX FREE S2B,1114.5,1115.5,1112.0,1114.99,1115.0,1114.0,,1114.99,,,2337,2601486.5,30,F1,1,,,,,
2026-07-14,2026-07-14,CM,NSE,STK,1999,INE053F07744,888IRFC29,NE,,,,,BOND 8.88% PA TF TII-SIIB,1150.0,1150.0,1144.99,1144.99,1145.0,1110.0,,1144.99,,,13,14938.98,4,F1,1,,,,,
2026-07-14,2026-07-14,CM,NSE,STK,31970,INE557F07132,901NHB34,N6,,,,,BOND 9.01%PA TF TR-I S 3B,6292.0,6292.0,6292.0,6292.0,6292.0,6285.0,,6292.0,,,22,138424.0,3,F1,1,,,,,
2026-07-14,2026-07-14,CM,NSE,STK,2953,INE020B07IH3,886REC34,NG,,,,,BOND8.86% PA TF TR II S3B,1275.0,1275.0,1275.0,1275.0,1275.0,1270.0,,1275.0,,,9,11475.0,1,F1,1,,,,,
2026-07-14,2026-07-14,CM,NSE,STK,2947,INE020B07IG5,888REC29,NF,,,,,BOND8.88% PA TF TR II S2B,1130.25,1145.0,1130.25,1145.0,1145.0,1150.0,,1145.0,,,225,256150.0,2,F1,1,,,,,
2026-07-14,2026-07-14,CM,NSE,STK,761056,INE0B9A01018,BONLON,EQ,,,,,BONLON INDUSTRIES LIMITED,41.2,42.81,40.6,41.31,41.47,41.5,,41.31,,,7424,308788.19,105,F1,1,,,,,
2026-07-14,2026-07-14,CM,NSE,STK,757919,INE16SF01016,BORANA,EQ,,,,,BORANA WEAVES LIMITED,303.0,307.45,300.5,302.25,301.6,307.15,,302.25,,,20298,6132981.25,506,F1,1,,,,,
2026-07-14,2026-07-14,CM,NSE,STK,19401,INE02PY01013,BOROLTD,EQ,,,,,BOROSIL LIMITED,264.0,264.0,248.1,249.67,248.1,256.97,,249.75,,,338337,86316511.45,8008,F1,1,,,,,
2026-07-14,2026-07-14,CM,NSE,STK,3149,INE666D01022,BORORENEW,EQ,,,,,BOROSIL RENEWABLES LTD,640.0,643.95,629.15,634.6,637.8,647.3,,634.6,,,475754,302762932.65,13164,F1,1,,,,,
2026-07-14,2026-07-14,CM,NSE,STK,24014,INE02L001032,BOROSCI,EQ,,,,,BOROSIL SCIENTIFIC LTD,161.14,166.77,161.14,162.71,163.0,162.75,,162.71,,,104859,17122498.4,2286,F1,1,,,,,
2026-07-14,2026-07-14,CM,NSE,STK,4491,INE782A01015,BOSCH-HCIL,EQ,,,,,BOSCH HOME COMFRT IND LTD,1337.1,1338.5,1310.0,1319.9,1315.0,1337.1,,1320.0,,,28518,37678132.3,2062,F1,1,,,,,
2026-07-14,2026-07-14,CM,NSE,STK,2181,INE323A01026,BOSCHLTD,EQ,,,,,BOSCH LIMITED,41600.0,41860.0,41400.0,41460.0,41470.0,41695.0,,41460.0,,,11517,478690900.0,5224,F1,1,,,,,
2026-07-14,2026-07-14,CM,NSE,STK,530,INE110A01019,BPL,EQ,,,,,BPL LTD,56.7,59.0,56.7,57.41,57.66,58.27,,57.42,,,31058,1798453.56,696,F1,1,,,,,
2026-07-14,2026-07-14,CM,NSE,STK,24905,INE0R4Z01018,BRACEPORT,SM,,,,,BRACE PORT LOGISTICS LTD,59.0,62.9,59.0,62.9,62.9,59.0,,62.9,,,4800,292640.0,3,F1,1600,,,,,
2026-07-14,2026-07-14,CM,NSE,STK,24814,INE02RE01045,FIRSTCRY,EQ,,,,,BRAINBEES SOLUTIONS LTD,215.45,219.94,212.76,214.83,215.2,215.89,,214.78,,,940752,202884668.31,21496,F1,1,,,,,
2026-07-14,2026-07-14,CM,NSE,STK,7780,INE977Y01011,BCONCEPTS,EQ,,,,,BRAND CONCEPTS LIMITED,218.98,218.99,195.75,197.99,203.9,214.89,,197.88,,,19758,3995117.42,940,F1,1,,,,,
2026-07-14,2026-07-14,CM,NSE,STK,760975,INE0XUD01014,BRANDMAN,ST,,,,,BRANDMAN RETAIL LIMITED,184.25,185.0,177.25,182.7,182.7,186.25,,182.7,,,9600,1736720.0,12,F1,800,,,,,
2026-07-14,2026-07-14,CM,NSE,STK,15184,INE791I01019,BRIGADE,EQ,,,,,BRIGADE ENTER. LTD,564.05,576.0,555.2,556.25,557.5,569.7,,556.25,,,385871,217471347.3,17416,F1,1,,,,,
2026-07-14,2026-07-14,CM,NSE,STK,757794,INE03NU01014,BRIGHOTEL,EQ,,,,,BRIGADE HOTEL VENTURE LTD,63.99,64.39,63.11,63.32,63.18,64.01,,63.32,,,44644,2841922.67,1462,F1,1,,,,,
2026-07-14,2026-07-14,CM,NSE,STK,8833,INE425B01027,BCG,EQ,,,,,BRIGHTCOM GROUP LIMITED,9.8,9.84,9.6,9.63,9.65,9.8,,9.63,,,2485083,24017445.56,2950,F1,1,,,,,
2026-07-14,2026-07-14,CM,NSE,STK,547,INE216A01030,BRITANNIA,EQ,,,,,BRITANNIA INDUSTRIES LTD,5244.0,5347.5,5235.5,5283.5,5281.0,5348.5,,5283.5,,,326899,1728696387.5,37418,F1,1,,,,,
2026-07-14,2026-07-14,CM,NSE,STK,2203,INE0FDU25010,BIRET,RR,,,,,BROOKFIELD INDIA RET,339.98,342.0,338.22,340.04,340.0,340.29,,340.04,,,520796,177193373.61,4402,F1,1,,,,,
2026-07-14,2026-07-14,CM,NSE,STK,25140,INE650L01011,BROOKS,BE,,,,,BROOKS LAB LIMITED,68.55,70.8,68.5,69.29,70.1,69.85,,70.17,,,16504,1153192.2,125,F1,1,,,,,
2026-07-14,2026-07-14,CM,NSE,STK,19585,INE118H01025,BSE,EQ,,,,,BSE LIMITED,3802.0,3867.5,3765.0,3792.7,3799.5,3804.2,,3792.7,,,2788229,10647025215.6,118634,F1,1,,,,,
2026-07-14,2026-07-14,CM,NSE,STK,559,INE594B01012,BSL,EQ,,,,,BSL LTD,127.0,130.89,127.0,127.69,127.89,128.39,,127.69,,,3180,407899.78,245,F1,1,,,,,
2026-07-14,2026-07-14,CM,NSE,STK,2716,INE295F01017,BUTTERFLY,EQ,,,,,BTRFLY GANDHI APPL LTD,780.0,788.95,753.05,756.4,759.5,780.2,,756.4,,,133752,103138494.9,5238,F1,1,,,,,
2026-07-14,2026-07-14,CM,NSE,STK,24701,INE0SZ301012,BULKCORP,SM,,,,,BULKCORP INTERNATIONAL L,55.05,55.95,55.05,55.95,55.95,56.9,,55.95,,,2400,133200.0,2,F1,1200,,,,,
2026-07-14,2026-07-14,CM,NSE,STK,760854,INE0SMX01019,CKKRETAIL,SM,,,,,C K K RETAIL MART LIMITED,130.25,135.95,130.25,135.95,135.95,136.5,,135.95,,,1600,212960.0,2,F1,800,,,,,
2026-07-14,2026-07-14,CM,NSE,STK,18372,INE0QBU01012,CPS,SM,,,,,C P S SHAPERS LIMITED,990.0,990.0,990.0,990.0,990.0,1015.15,,990.0,,,8550,8464500.0,3,F1,150,,,,,
2026-07-14,2026-07-14,CM,NSE,STK,7227,INE0BV301023,MAPMYINDIA,EQ,,,,,C.E. INFO SYSTEMS LIMITED,1178.0,1231.95,1173.0,1178.9,1179.0,1184.9,,1178.85,,,1168847,1395534508.7,54755,F1,1,,,,,
2026-07-14,2026-07-14,CM,NSE,STK,27274,INE0U7V01015,C2C,SM,,,,,C2C ADVANCED SYSTEMS LTD,382.35,391.95,381.55,383.65,383.3,382.35,,383.65,,,41700,16069027.5,220,F1,150,,,,,
2026-07-14,2026-07-14,CM,NSE,STK,21824,INE090Y01013,CADSYS,ST,,,,,CADSYS (INDIA) LIMITED,69.0,69.0,69.0,69.0,69.0,67.0,,69.0,,,500,34500.0,1,F1,500,,,,,
2026-07-14,2026-07-14,CM,NSE,STK,8400,INE526B01014,CALSOFT,BE,,,,,CALIFORNIA SOFTWARE CO LT,23.32,23.32,21.91,21.91,21.91,23.06,,21.9,,,158499,3503207.18,320,F1,1,,,,,
2026-07-14,2026-07-14,CM,NSE,STK,14218,INE627H01017,CTE,EQ,,,,,CAMBRIDGE TECH ENTER LTD,32.0,32.0,30.11,30.38,30.15,30.39,,30.38,,,5571,171418.66,61,F1,1,,,,,
2026-07-14,2026-07-14,CM,NSE,STK,6216,INE052I01032,CAMLINFINE,EQ,,,,,CAMLIN FINE SCIENCES LTD,125.0,125.89,122.01,123.09,123.65,126.15,,123.09,,,618263,76350872.3,6896,F1,1,,,,,
2026-07-14,2026-07-14,CM,NSE,STK,9362,INE278Y01022,CAMPUS,EQ,,,,,CAMPUS ACTIVEWEAR LIMITED,228.9,229.5,226.0,227.68,227.7,229.41,,227.68,,,280992,63918755.01,8212,F1,1,,,,,
2026-07-14,2026-07-14,CM,NSE,STK,583,INE477A01020,CANFINHOME,EQ,,,,,CAN FIN HOMES LTD,931.2,931.2,895.25,898.05,898.0,933.25,,898.05,,,170881,154576746.3,11954,F1,1,,,,,
2026-07-14,2026-07-14,CM,NSE,STK,10794,INE476A01022,CANBK,EQ,,,,,CANARA BANK,128.0,128.9,125.32,125.74,125.8,129.33,,125.74,,,18692217,2360916882.52,97725,F1,1,,,,,
2026-07-14,2026-07-14,CM,NSE,STK,759477,INE01TY01017,CANHLIFE,EQ,,,,,CANARA HSBC LIFE INS CO L,146.99,149.1,144.4,146.89,147.24,147.3,,146.88,,,3515163,517771683.15,27853,F1,1,,,,,
2026-07-14,2026-07-14,CM,NSE,STK,759311,INE218I01013,CRAMC,EQ,,,,,CANARA ROBECO AMC LIMITED,265.16,266.34,259.21,265.36,265.97,265.16,,265.35,,,594273,156643532.9,17195,F1,1,,,,,
2026-07-14,2026-07-14,CM,NSE,STK,19368,INE0QG301017,CANARYS,SM,,,,,CANARYS AUTOMATIONS LTD,19.55,19.55,18.6,18.9,18.8,18.85,,18.9,,,60000,1133600.0,15,F1,4000,,,,,
2026-07-14,2026-07-14,CM,NSE,STK,20160,INE068L01024,CANTABIL,EQ,,,,,CANTABIL RETAIL LTD,255.1,268.15,253.21,262.52,260.5,255.96,,262.52,,,816632,214078482.9,17204,F1,1,,,,,
2026-07-14,2026-07-14,CM,NSE,STK,21749,INE264T01014,CAPACITE,EQ,,,,,CAPACITE INFRAPROJECT LTD,233.05,233.1,226.0,227.45,228.0,233.05,,227.45,,,436304,99776224.35,6916,F1,1,,,,,
2026-07-14,2026-07-14,CM,NSE,STK,759867,INE0ILV01024,CAPILLARY,EQ,,,,,CAPILLARY TECHNO INDIA L,508.0,509.0,500.1,505.3,503.0,504.05,,505.3,,,146603,73702895.5,1750,F1,1,,,,,
2026-07-14,2026-07-14,CM,NSE,STK,756015,INE345H01024,CIFL,EQ,,,,,CAPITAL INDIA FINANCE LTD,22.24,22.57,21.91,22.02,22.0,22.24,,22.03,,,55054,1216671.58,225,F1,1,,,,,
2026-07-14,2026-07-14,CM,NSE,STK,29157,INE0Z8Z23013,CAPINVIT,IV,,,,,CAPITAL INFRA TRUST,73.99,74.47,73.6,73.82,73.61,73.99,,73.82,,,763549,56419794.08,6133,F1,1,,,,,
2026-07-14,2026-07-14,CM,NSE,STK,22675,INE646H01017,CAPITALSFB,EQ,,,,,CAPITAL SMALL FIN BANK L,299.35,300.0,292.65,296.6,296.3,298.55,,296.55,,,30371,9007209.25,811,F1,1,,,,,
2026-07-14,2026-07-14,CM,NSE,STK,19447,INE707C01018,CAPTRUST,EQ,,,,,CAPITAL TRUST LIMITED,12.65,12.77,12.62,12.64,12.64,12.65,,12.64,,,5891,74572.92,49,F1,1,,,,,
2026-07-14,2026-07-14,CM,NSE,STK,3906,INE475E01026,CAPLIPOINT,EQ,,,,,CAPLIN POINT LAB LTD.,2629.0,2680.0,2597.0,2658.4,2660.0,2616.1,,2658.4,,,132461,351745751.0,16841,F1,1,,,,,
2026-07-14,2026-07-14,CM,NSE,STK,20329,INE180C01042,CGCL,EQ,,,,,CAPRI GLOBAL CAPITAL LTD,257.7,260.0,251.51,257.32,255.21,256.65,,257.32,,,2328908,596697919.47,29843,F1,1,,,,,
2026-07-14,2026-07-14,CM,NSE,STK,595,INE120A01034,CARBORUNIV,EQ,,,,,CARBORUNDUM UNIVERSAL LTD,1050.0,1082.9,1048.0,1066.2,1075.0,1073.0,,1066.1,,,133523,141830180.7,17503,F1,1,,,,,
2026-07-14,2026-07-14,CM,NSE,STK,29113,INE752H01013,CARERATING,EQ,,,,,CARE RATINGS LIMITED,1684.6,1689.6,1650.4,1656.3,1656.7,1676.8,,1656.3,,,32407,54092467.2,5879,F1,1,,,,,
2026-07-14,2026-07-14,CM,NSE,STK,758941,INE0P6P01016,CPEDU,EQ,,,,,CAREER POINT EDUTECH LTD,193.83,195.8,190.0,191.15,192.4,194.09,,191.16,,,3394,653333.93,143,F1,1,,,,,
2026-07-14,2026-07-14,CM,NSE,STK,28879,INE0V7W01012,CARRARO,EQ,,,,,CARRARO INDIA LIMITED,567.0,570.95,555.8,558.2,558.0,564.4,,558.25,,,62318,34909567.0,3421,F1,1,,,,,
2026-07-14,2026-07-14,CM,NSE,STK,5407,INE290S01011,CARTRADE,EQ,,,,,CARTRADE TECH LIMITED,2793.0,3081.5,2793.0,2895.0,2898.0,2799.3,,2895.0,,,3742773,11076440686.2,230290,F1,1,,,,,
2026-07-14,2026-07-14,CM,NSE,STK,1879,INE482D01024,CARYSIL,EQ,,,,,CARYSIL LIMITED,1187.0,1187.0,1152.3,1167.6,1168.0,1183.6,,1167.6,,,34587,40326687.3,3442,F1,1,,,,,
2026-07-14,2026-07-14,CM,NSE,STK,758156,INE0WL201014,CUDML,ST,,,,,CASH UR DRIVE MARKETING L,167.05,167.05,166.25,166.25,166.25,175.0,,166.25,,,4000,666550.0,4,F1,1000,,,,,
2026-07-14,2026-07-14,CM,NSE,STK,1250,INE172A01027,CASTROLIND,EQ,,,,,CASTROL INDIA LIMITED,183.58,184.2,183.41,183.58,183.54,183.58,,183.58,,,738220,135516499.94,13608,F1,1,,,,,
2026-07-14,2026-07-14,CM,NSE,STK,11452,INE421D01022,CCL,EQ,,,,,CCL PRODUCTS (I) LTD,1229.7,1240.0,1218.8,1229.5,1230.8,1229.7,,1229.5,,,192786,237279889.6,19632,F1,1,,,,,
2026-07-14,2026-07-14,CM,NSE,STK,15254,INE482A01020,CEATLTD,EQ,,,,,CEAT LIMITED,3807.1,3819.9,3693.1,3719.8,3715.0,3867.7,,3719.8,,,135424,506607582.1,19533,F1,1,,,,,
2026-07-14,2026-07-14,CM,NSE,STK,757690,INE11J101017,CEDAAR,ST,,,,,CEDAAR TEXTILE LIMITED,19.45,20.1,19.4,20.1,20.1,20.35,,20.1,,,6000,117150.0,6,F1,1000,,,,,
2026-07-14,2026-07-14,CM,NSE,STK,24742,INE0AG901020,CEIGALL,EQ,,,,,CEIGALL INDIA LIMITED,360.2,366.9,357.0,358.75,359.0,364.1,,358.75,,,194515,70119971.9,10600,F1,1,,,,,
2026-07-14,2026-07-14,CM,NSE,STK,761037,INE016Q01014,CEINSYS,EQ,,,,,CEINSYS TECH LIMITED,936.5,946.95,910.5,915.95,910.5,939.75,,915.95,,,44412,40915260.8,2843,F1,1,,,,,
2026-07-14,2026-07-14,CM,NSE,STK,13162,INE185H01016,CELEBRITY,EQ,,,,,CELEBRITY FASHIONS LTD,7.52,7.71,7.25,7.33,7.32,7.49,,7.33,,,16534,120838.48,116,F1,1,,,,,
2026-07-14,2026-07-14,CM,NSE,STK,16950,INE0O0001013,CELLPOINT,SM,,,,,CELL POINT (INDIA) LTD,15.8,15.8,15.8,15.8,15.8,15.8,,15.8,,,1200,18960.0,1,F1,1200,,,,,
2026-07-14,2026-07-14,CM,NSE,STK,18811,INE0OMO01025,CELLECOR,ST,,,,,CELLECOR GADGETS LIMITED,37.05,37.05,37.0,37.05,37.05,38.0,,37.05,,,12000,444300.0,4,F1,3000,,,,,
2026-07-14,2026-07-14,CM,NSE,STK,19795,INE0LMW01024,CELLO,EQ,,,,,CELLO WORLD LIMITED,365.95,369.8,363.45,365.65,365.4,365.95,,365.6,,,106927,39085823.95,7341,F1,1,,,,,
2026-07-14,2026-07-14,CM,NSE,STK,5622,INE686A01026,CEMPRO,EQ,,,,,CEMINDIA PROJECTS LIMITED,1599.0,1647.3,1557.7,1596.6,1599.0,1583.7,,1596.7,,,694804,1114630674.6,36337,F1,1,,,,,
2026-07-14,2026-07-14,CM,NSE,STK,14894,INE483A01010,CENTRALBK,EQ,,,,,CENTRAL BANK OF INDIA,32.61,33.09,32.14,32.23,32.31,32.72,,32.23,,,17781168,577390202.89,25259,F1,1,,,,,
2026-07-14,2026-07-14,CM,NSE,STK,21174,INE736A01011,CDSL,EQ,,,,,CENTRAL DEPO SER (I) LTD,1435.0,1445.8,1421.0,1428.5,1425.0,1444.5,,1428.5,,,1855465,2658072756.6,61168,F1,1,,,,,
2026-07-14,2026-07-14,CM,NSE,STK,761581,INE05HV01027,CMPDI,EQ,,,,,CENTRAL MINE P N D INST L,261.0,272.98,257.43,271.07,271.8,261.68,,271.13,,,6375990,1686437010.98,71143,F1,1,,,,,
2026-07-14,2026-07-14,CM,NSE,STK,2454,INE660C01027,CENTRUM,EQ,,,,,CENTRUM CAPITAL LIMITED,25.23,25.53,24.19,24.34,24.4,25.36,,24.34,,,271243,6689628.85,1590,F1,1,,,,,
2026-07-14,2026-07-14,CM,NSE,STK,14982,INE320B01020,CENTUM,EQ,,,,,CENTUM ELECTRONICS LTD,3731.0,3731.0,3582.0,3622.6,3629.0,3741.1,,3622.6,,,33397,121265979.3,8791,F1,1,,,,,
2026-07-14,2026-07-14,CM,NSE,STK,619,INE485A01015,CENTENKA,EQ,,,,,CENTURY ENKA LTD,531.95,536.0,521.7,529.75,531.0,529.65,,529.75,,,23593,12496056.95,1098,F1,1,,,,,
2026-07-14,2026-07-14,CM,NSE,STK,11511,INE281A01026,CENTEXT,EQ,,,,,CENTURY EXTRUSIONS LTD,19.0,19.17,18.76,18.94,19.05,19.02,,18.94,,,35242,666023.27,330,F1,1,,,,,
2026-07-14,2026-07-14,CM,NSE,STK,13305,INE348B01021,CENTURYPLY,EQ,,,,,CENTURY PLYBOARDS (I) LTD,781.5,788.85,776.1,781.65,782.9,789.45,,781.65,,,20856,16301751.9,3975,F1,1,,,,,
2026-07-14,2026-07-14,CM,NSE,STK,15039,INE739E01017,CERA,EQ,,,,,CERA SANITARYWARE LTD,6175.0,6193.5,6032.0,6136.0,6130.0,6147.5,,6136.0,,,8626,52609258.0,2735,F1,1,,,,,
2026-07-14,2026-07-14,CM,NSE,STK,29016,INE345B01019,CEREBRAINT,BZ,,,,,CEREBRA INT TECH LTD,3.2,3.2,3.04,3.07,3.05,3.18,,3.07,,,44320,136476.19,119,F1,1,,,,,
2026-07-14,2026-07-14,CM,NSE,STK,628,INE486A01021,CESC,EQ,,,,,CESC LTD,161.9,162.8,159.03,159.16,159.2,161.92,,159.16,,,1588907,254271810.6,17211,F1,1,,,,,
2026-07-14,2026-07-14,CM,NSE,STK,760,INE067A01029,CGPOWER,EQ,,,,,CG POWER AND IND SOL LTD,905.5,915.0,893.7,913.85,913.95,905.5,,913.85,,,3241089,2937159683.15,75066,F1,1,,,,,
2026-07-14,2026-07-14,CM,NSE,STK,8546,INE427F01016,CHALET,EQ,,,,,CHALET HOTELS LIMITED,840.8,856.0,834.5,854.2,852.0,847.75,,854.2,,,167009,142126051.55,10321,F1,1,,,,,
2026-07-14,2026-07-14,CM,NSE,STK,3482,INE419D01026,CLSEL,EQ,,,,,CHAMAN LAL SETIA EXP LTD,286.5,286.5,279.65,280.8,282.0,287.0,,280.8,,,30551,8633076.1,1767,F1,1,,,,,
2026-07-14,2026-07-14,CM,NSE,STK,13731,INE06PV01010,CMNL,SM,,,,,CHAMAN METALLICS LIMITED,97.95,102.0,97.95,99.0,99.0,97.95,,99.0,,,3750,372300.0,5,F1,750,,,,,
2026-07-14,2026-07-14,CM,NSE,STK,637,INE085A01013,CHAMBLFERT,EQ,,,,,CHAMBAL FERTILIZERS LTD,456.0,456.0,447.25,454.2,455.2,456.25,,454.15,,,444845,200613313.3,15198,F1,1,,,,,
2026-07-14,2026-07-14,CM,NSE,STK,29541,INE11HG01018,CHAMUNDA,SM,,,,,CHAMUNDA ELECTRICAL LTD,44.95,44.95,43.9,43.9,43.9,43.55,,43.9,,,15000,664950.0,5,F1,3000,,,,,
2026-07-14,2026-07-14,CM,NSE,STK,29633,INE0B2N01016,CHANDAN,SM,,,,,CHANDAN HEALTHCARE LTD,249.0,249.0,241.0,243.4,241.0,250.35,,243.4,,,11200,2753880.0,14,F1,800,,,,,
2026-07-14,2026-07-14,CM,NSE,STK,18654,INE0PT101017,CHAVDA,SM,,,,,CHAVDA INFRA LIMITED,109.5,113.8,104.9,105.8,105.8,104.45,,105.8,,,212000,23005200.0,204,F1,1000,,,,,
2026-07-14,2026-07-14,CM,NSE,STK,757991,INE0TGX01019,CHEMBONDCH,BE,,,,,CHEMBOND CHEMICAL LIMITED,255.28,268.04,255.28,267.2,268.04,255.28,,269.46,,,30903,8242367.34,383,F1,1,,,,,
2026-07-14,2026-07-14,CM,NSE,STK,14620,INE995D01025,CHEMBOND,BE,,,,,CHEMBOND MATERIALTECH LTD,176.62,187.69,176.62,179.99,185.0,184.91,,180.38,,,4278,778273.07,74,F1,1,,,,,
2026-07-14,2026-07-14,CM,NSE,STK,276,INE03YM01018,CHEMCON,BE,,,,,CHEMCON SPECIAL CHEM LTD,185.0,187.0,181.5,183.56,183.1,184.16,,183.67,,,8374,1543365.17,118,F1,1,,,,,
2026-07-14,2026-07-14,CM,NSE,STK,2815,INE783X01023,CHEMFAB,BE,,,,,CHEMFAB ALKALIS LIMITED,373.75,379.45,370.0,370.9,375.0,372.05,,370.9,,,1558,582265.2,41,F1,1,,,,,
2026-07-14,2026-07-14,CM,NSE,STK,5449,INE488A01050,CHEMPLASTS,EQ,,,,,CHEMPLAST SANMAR LIMITED,200.23,200.23,194.9,195.98,195.13,199.31,,195.98,,,226203,44454338.54,5030,F1,1,,,,,
2026-07-14,2026-07-14,CM,NSE,STK,2049,INE178A01016,CHENNPETRO,EQ,,,,,CHENNAI PETROLEUM CORP LT,1164.7,1164.7,1103.2,1110.9,1113.9,1157.9,,1110.9,,,1122447,1257472033.7,41028,F1,1,,,,,
2026-07-14,2026-07-14,CM,NSE,STK,9879,INE974B01016,CHEVIOT,EQ,,,,,CHEVIOT COMPANY LIMITED,1135.1,1135.7,1113.0,1114.6,1113.0,1123.4,,1114.6,,,2560,2878591.6,217,F1,1,,,,,
2026-07-14,2026-07-14,CM,NSE,STK,8866,INE102B01014,CHOICEIN,EQ,,,,,CHOICE INTERNATIONAL LTD,818.0,818.7,808.5,810.8,810.0,820.15,,810.8,,,676638,549684145.05,9784,F1,1,,,,,
2026-07-14,2026-07-14,CM,NSE,STK,759610,INF2KCX01012,CHOICEGOLD,EQ,,,,,CHOICEAMC - CHOICEGOLD,138.0,140.19,138.0,139.5,139.8,140.26,,139.48,,,4131,576992.56,105,F1,1,,,,,
2026-07-14,2026-07-14,CM,NSE,STK,21740,INE149A01033,CHOLAHLDNG,EQ,,,,,CHOLAMANDALAM FIN HOL LTD,1635.0,1640.0,1578.1,1586.7,1592.4,1648.2,,1586.6,,,213907,342056938.4,26723,F1,1,,,,,
2026-07-14,2026-07-14,CM,NSE,STK,685,INE121A01024,CHOLAFIN,EQ,,,,,CHOLAMANDALAM IN & FIN CO,1792.2,1792.4,1742.7,1771.5,1774.9,1810.9,,1771.5,,,1288807,2273780841.5,53021,F1,1,,,,,
2026-07-14,2026-07-14,CM,NSE,STK,14937,INE536H01010,CIEINDIA,EQ,,,,,CIE AUTOMOTIVE INDIA LTD,469.3,469.3,457.05,458.55,460.0,469.4,,458.55,,,92696,42688903.75,8016,F1,1,,,,,
2026-07-14,2026-07-14,CM,NSE,STK,27161,INE704H01022,CINELINE,EQ,,,,,CINELINE INDIA LIMITED,78.5,79.65,76.0,76.37,76.06,77.86,,76.39,,,23091,1775960.2,389,F1,1,,,,,
2026-07-14,2026-07-14,CM,NSE,STK,8024,INE039B01026,CINEVISTA,EQ,,,,,CINEVISTA LIMITED,15.7,15.7,15.32,15.44,15.45,15.73,,15.52,,,7994,123653.66,54,F1,1,,,,,
2026-07-14,2026-07-14,CM,NSE,STK,694,INE059A01026,CIPLA,EQ,,,,,CIPLA LTD,1426.7,1454.5,1425.3,1438.1,1436.0,1426.7,,1438.1,,,1221695,1765672525.1,63463,F1,1,,,,,
2026-07-14,2026-07-14,CM,NSE,STK,763149,INE2Q7823014,CITIUSINVT,IV,,,,,CITIUS TRANSNET INV TRUST,110.75,110.79,108.68,109.96,110.0,109.67,,109.96,,,100922,11113295.82,844,F1,1,,,,,
2026-07-14,2026-07-14,CM,NSE,STK,5701,INE491A01021,CUB,EQ,,,,,CITY UNION BANK LTD,224.0,225.55,220.06,221.3,220.3,225.13,,221.3,,,1175916,261165328.31,29138,F1,1,,,,,
2026-07-14,2026-07-14,CM,NSE,STK,20233,INE201M01029,CLEDUCATE,BE,,,,,CL EDUCATE LIMITED,55.75,60.8,55.75,59.0,59.0,58.0,,59.0,,,9850,574637.8,96,F1,1,,,,,
2026-07-14,2026-07-14,CM,NSE,STK,758739,INE0UQ601012,CLASSICEIL,ST,,,,,CLASSIC ELECTRODE (IND) L,56.5,58.15,56.5,58.15,58.15,55.4,,58.15,,,24000,1388960.0,14,F1,1600,,,,,
2026-07-14,2026-07-14,CM,NSE,STK,754695,INE1QGM01024,CLAYCRAFT,SM,,,,,CLAY CRAFT INDIA LIMITED,174.05,183.0,174.0,177.6,177.0,174.05,,177.6,,,79800,14222130.0,106,F1,600,,,,,
2026-07-14,2026-07-14,CM,NSE,STK,760183,INE647U01026,CLEANMAX,EQ,,,,,CLEAN MAX ENVIRO EN SOL L,1305.9,1322.6,1266.1,1273.4,1275.1,1305.7,,1273.4,,,81496,103980907.9,9269,F1,1,,,,,
2026-07-14,2026-07-14,CM,NSE,STK,5049,INE227W01023,CLEAN,EQ,,,,,CLEAN SCIENCE & TECH LTD,766.5,766.5,752.95,758.05,756.75,772.0,,758.05,,,266031,201525282.55,16401,F1,1,,,,,
2026-07-14,2026-07-14,CM,NSE,STK,760143,INE1EF801010,CSSL,SM,,,,,CLEAR SECURED SERVICES L,100.95,102.0,100.95,102.0,102.0,101.05,,102.0,,,4000,405950.0,4,F1,1000,,,,,
2026-07-14,2026-07-14,CM,NSE,STK,30893,INE00WV01027,CMRGREEN,EQ,,,,,CMR GREEN TECHNOLOGIES L,229.0,229.05,224.25,224.75,225.15,229.3,,224.75,,,594807,134521570.0,8093,F1,1,,,,,
2026-07-14,2026-07-14,CM,NSE,STK,7603,INE925R01014,CMSINFO,EQ,,,,,CMS INFO SYSTEMS LIMITED,273.35,273.35,260.25,266.85,266.55,273.6,,266.8,,,1156883,306495384.25,38443,F1,1,,,,,
2026-07-14,2026-07-14,CM,NSE,STK,20374,INE522F01014,COALINDIA,EQ,,,,,COAL INDIA LTD,429.95,436.5,428.05,430.6,430.0,430.2,,430.6,,,6155516,2662076960.4,91131,F1,1,,,,,
2026-07-14,2026-07-14,CM,NSE,STK,6006,INE377E01024,COASTCORP,EQ,,,,,COASTAL CORPORATION LTD,52.45,52.45,50.2,50.6,50.52,51.85,,50.6,,,56158,2862771.6,775,F1,1,,,,,
2026-07-14,2026-07-14,CM,NSE,STK,21508,INE704P01025,COCHINSHIP,EQ,,,,,COCHIN SHIPYARD LIMITED,1408.0,1418.0,1382.6,1390.8,1391.0,1411.8,,1390.8,,,1384716,1929698859.9,42636,F1,1,,,,,
2026-07-14,2026-07-14,CM,NSE,STK,11169,INE335K01011,COFFEEDAY,BE,,,,,COFFEE DAY ENTERPRISE LTD,32.37,32.39,31.5,31.74,31.97,32.07,,31.73,,,286385,9110899.87,837,F1,1,,,,,
2026-07-14,2026-07-14,CM,NSE,STK,11543,INE591G01025,COFORGE,EQ,,,,,COFORGE LIMITED,1545.0,1569.0,1530.7,1534.5,1534.0,1540.9,,1534.4,,,2837341,4400701591.7,73284,F1,1,,,,,
2026-07-14,2026-07-14,CM,NSE,STK,17945,INE03QK01018,COHANCE,EQ,,,,,COHANCE LIFESCIENCES LTD,447.3,452.0,436.0,438.8,436.4,449.75,,438.95,,,313127,138036442.5,21329,F1,1,,,,,
2026-07-14,2026-07-14,CM,NSE,STK,15141,INE259A01022,COLPAL,EQ,,,,,COLGATE PALMOLIVE LTD.,2026.0,2033.5,2002.6,2008.7,2008.7,2025.0,,2008.7,,,180202,362463167.7,12714,F1,1,,,,,
2026-07-14,2026-07-14,CM,NSE,STK,762628,INE819A01049,COMFINTE,EQ,,,,,COMFORT INTECH LTD.,5.66,5.88,5.21,5.58,5.6,5.72,,5.58,,,519024,2861958.04,1021,F1,1,,,,,
2026-07-14,2026-07-14,CM,NSE,STK,21578,INE073V01015,COMSYN,EQ,,,,,COMMERCIAL SYN BAGS LTD,197.0,197.0,193.19,194.16,194.46,195.3,,194.16,,,206839,40274876.88,1081,F1,1,,,,,
2026-07-14,2026-07-14,CM,NSE,STK,19670,INE070C01037,COMPINFO,BZ,,,,,COMPUAGE INFOCOM LTD,1.13,1.23,1.13,1.16,1.16,1.18,,1.16,,,11041,13238.83,26,F1,1,,,,,
2026-07-14,2026-07-14,CM,NSE,STK,31138,INE453B01029,COMPUSOFT,EQ,,,,,COMPUCOM SOFTWARE LTD,13.18,13.45,13.05,13.08,13.11,13.17,,13.08,,,17002,223751.13,208,F1,1,,,,,
2026-07-14,2026-07-14,CM,NSE,STK,342,INE596I01020,CAMS,EQ,,,,,COMPUTER AGE MNGT SER LTD,777.0,780.55,763.0,766.45,766.0,785.75,,766.45,,,995206,767955171.9,41979,F1,1,,,,,
2026-07-14,2026-07-14,CM,NSE,STK,18060,INE338H01029,CONCORDBIO,EQ,,,,,CONCORD BIOTECH LIMITED,1351.0,1351.0,1315.0,1327.6,1333.5,1351.7,,1327.6,,,108621,144136882.0,11152,F1,1,,,,,
2026-07-14,2026-07-14,CM,NSE,STK,28764,INE037Z01029,CEWATER,EQ,,,,,CONCORD ENVIRO SYSTEMS L,330.0,331.75,316.0,318.75,317.7,332.7,,318.8,,,206805,66512713.4,6550,F1,1,,,,,
2026-07-14,2026-07-14,CM,NSE,STK,10238,INE552D01024,CONFIPET,EQ,,,,,CONFIDENCE PETRO IND LTD.,75.35,75.35,72.57,73.62,74.2,75.35,,73.65,,,1652325,121614539.25,9670,F1,1,,,,,
2026-07-14,2026-07-14,CM,NSE,STK,758453,INE0EAS01014,CONNPLEX,SM,,,,,CONNPLEX CINEMAS LIMITED,198.0,198.25,196.1,196.2,196.2,198.6,,196.2,,,11200,2209760.0,14,F1,800,,,,,
2026-07-14,2026-07-14,CM,NSE,STK,14992,INE429I01024,CCCL,EQ,,,,,CONS. CONST. CONSORT LTD,17.3,17.64,17.0,17.07,17.11,17.4,,17.07,,,220275,3801583.0,820,F1,1,,,,,
2026-07-14,2026-07-14,CM,NSE,STK,11731,INE025A01027,CONSOFINVT,EQ,,,,,CONSO. FIN. & HOLD. LTD.,253.47,282.68,249.61,277.52,278.0,259.72,,277.52,,,120007,32935591.91,1524,F1,1,,,,,
2026-07-14,2026-07-14,CM,NSE,STK,4749,INE111A01025,CONCOR,EQ,,,,,CONTAINER CORP OF IND LTD,468.1,496.0,468.1,493.15,492.65,463.95,,493.15,,,14171169,6929309625.05,167345,F1,1,,,,,
2026-07-14,2026-07-14,CM,NSE,STK,17477,INE663B01015,CONTROLPR,EQ,,,,,CONTROL PRINT LIMITED,654.0,654.0,641.95,645.7,650.2,652.1,,645.7,,,18965,12265185.9,1202,F1,1,,,,,
2026-07-14,2026-07-14,CM,NSE,STK,8567,INE0HS001028,COOLCAPS,ST,,,,,COOL CAPS INDUSTRIES LTD,23.0,23.0,21.9,21.9,21.9,22.9,,21.9,,,91250,2006125.0,51,F1,1250,,,,,
2026-07-14,2026-07-14,CM,NSE,STK,4007,INE558D01021,CORALFINAC,EQ,,,,,CORAL INDIA FIN & HOUS LT,34.5,34.5,32.8,32.82,33.25,33.33,,32.72,,,7146,236877.73,197,F1,1,,,,,
2026-07-14,2026-07-14,CM,NSE,STK,15275,INE792I01017,CORDSCABLE,BE,,,,,CORDS CABLE INDUS LTD.,204.85,207.0,202.3,202.92,202.61,205.83,,202.92,,,7902,1610779.66,148,F1,1,,,,,
2026-07-14,2026-07-14,CM,NSE,STK,739,INE169A01031,COROMANDEL,EQ,,,,,COROMANDEL INTERNTL. LTD,2056.9,2075.4,2035.1,2071.6,2074.2,2060.1,,2071.6,,,142797,293486828.8,21401,F1,1,,,,,
2026-07-14,2026-07-14,CM,NSE,STK,760254,INE02ZQ01018,CORONA,EQ,,,,,CORONA REMEDIES LIMITED,2075.0,2118.9,2043.0,2047.2,2049.0,2054.1,,2047.2,,,39829,82563965.8,5634,F1,1,,,,,
2026-07-14,2026-07-14,CM,NSE,STK,742,INE757A01017,COSMOFIRST,EQ,,,,,COSMO FIRST LIMITED,830.0,830.45,813.2,817.55,823.0,828.5,,817.55,,,38792,31834709.35,1775,F1,1,,,,,
2026-07-14,2026-07-14,CM,NSE,STK,6385,INE652F01027,CCHHL,EQ,,,,,COUNTRY CLUB HOSP HOL LTD,13.1,13.24,12.66,12.88,13.05,13.08,,12.88,,,7640,99161.42,144,F1,1,,,,,
2026-07-14,2026-07-14,CM,NSE,STK,16986,INE695B01025,COUNCODOS,EQ,,,,,COUNTRY CONDO S LIMITED,6.45,7.65,6.4,7.14,7.12,6.38,,7.12,,,2532290,18554862.35,3823,F1,1,,,,,
2026-07-14,2026-07-14,CM,NSE,STK,20090,INE521J01018,CPCAP,BE,,,,,CP CAPITAL LIMITED,110.0,113.0,110.0,111.97,110.8,111.33,,111.97,,,15929,1782824.15,88,F1,1,,,,,
2026-07-14,2026-07-14,CM,NSE,STK,2328,INF457M01133,CPSEETF,EQ,,,,,CPSE ETF,96.78,97.12,95.5,96.55,96.52,96.78,,96.55,,,1415256,136582104.71,7107,F1,1,,,,,
2026-07-14,2026-07-14,CM,NSE,STK,2854,INE00LO01017,CRAFTSMAN,EQ,,,,,CRAFTSMAN AUTOMATION LTD,9292.0,9345.0,9071.0,9158.0,9158.0,9333.0,,9158.0,,,48761,447802964.5,12662,F1,1,,,,,
2026-07-14,2026-07-14,CM,NSE,STK,16419,INE0OFK01019,CRAYONS,SM,,,,,CRAYONS ADVERTISING LTD,28.8,28.8,27.45,28.7,28.7,28.85,,28.7,,,8000,225000.0,8,F1,1000,,,,,
2026-07-14,2026-07-14,CM,NSE,STK,9384,INE230B01021,CREATIVEYE,EQ,,,,,CREATIVE EYE LIMITED,5.9,6.28,5.75,6.02,5.78,6.0,,6.03,,,10108,60680.94,67,F1,1,,,,,
2026-07-14,2026-07-14,CM,NSE,STK,23468,INE0R7401011,CGRAPHICS,SM,,,,,CREATIVE GRAPHICS S IND L,136.05,139.0,132.0,133.75,133.0,136.55,,133.75,,,51200,6973600.0,49,F1,800,,,,,
2026-07-14,2026-07-14,CM,NSE,STK,11155,INE985W01018,CNL,EQ,,,,,CREATIVE NEWTECH LIMITED,934.0,958.2,882.6,895.6,890.4,938.8,,895.65,,,173818,159382222.75,10500,F1,1,,,,,
2026-07-14,2026-07-14,CM,NSE,STK,4421,INE741K01010,CREDITACC,EQ,,,,,CREDITACCESS GRAMEEN LTD,1530.0,1533.2,1464.7,1469.3,1473.4,1540.2,,1469.3,,,343181,507072368.5,28849,F1,1,,,,,
2026-07-14,2026-07-14,CM,NSE,STK,20878,INE220Q01020,MUFTI,EQ,,,,,CREDO BRANDS MARKETING L,85.98,87.29,85.5,85.79,85.5,87.16,,85.79,,,43854,3769990.76,897,F1,1,,,,,
2026-07-14,2026-07-14,CM,NSE,STK,13900,INE559D01011,CREST,EQ,,,,,CREST VENTURES LIMITED,375.7,375.7,361.05,369.65,372.0,369.85,,369.65,,,5035,1859498.15,120,F1,1,,,,,
2026-07-14,2026-07-14,CM,NSE,STK,757,INE007A01025,CRISIL,EQ,,,,,CRISIL LTD,4072.0,4080.0,4030.0,4053.7,4060.0,4071.5,,4053.7,,,27367,110948921.4,6845,F1,1,,,,,
2026-07-14,2026-07-14,CM,NSE,STK,757850,INE0S4R01014,CRIZAC,EQ,,,,,CRIZAC LIMITED,203.1,203.1,191.85,194.29,194.5,198.92,,194.29,,,476318,92722291.71,11696,F1,1,,,,,
2026-07-14,2026-07-14,CM,NSE,STK,17094,INE299U01018,CROMPTON,EQ,,,,,CROMPT GREA CON ELEC LTD,261.95,263.75,257.05,261.0,260.7,261.8,,261.0,,,3432777,894269849.4,30979,F1,1,,,,,
2026-07-14,2026-07-14,CM,NSE,STK,18260,INE00NH01017,CLSL,SM,,,,,CROP LIFE SCIENCE LIMITED,47.05,48.0,47.05,47.25,47.25,47.0,,47.25,,,10000,474600.0,5,F1,2000,,,,,
2026-07-14,2026-07-14,CM,NSE,STK,8083,INE491V01019,CROWN,EQ,,,,,CROWN LIFTERS LIMITED,115.97,115.97,112.25,114.29,114.5,113.88,,114.29,,,2873,325614.02,68,F1,1,,,,,
2026-07-14,2026-07-14,CM,NSE,STK,14966,INE679A01013,CSBBANK,EQ,,,,,CSB BANK LIMITED,363.7,363.7,351.85,356.6,356.2,362.95,,356.6,,,315837,112677611.7,18722,F1,1,,,,,
2026-07-14,2026-07-14,CM,NSE,STK,10350,INE718F01018,CSLFINANCE,EQ,,,,,CSL FINANCE LIMITED,225.1,226.5,220.8,221.16,220.9,226.14,,221.26,,,6318,1407769.04,285,F1,1,,,,,
2026-07-14,2026-07-14,CM,NSE,STK,763754,INE0ZK601013,CSM,BE,,,,,CSM TECHNOLOGIES LIMITED,98.0,99.4,97.02,97.54,97.55,99.4,,97.55,,,528079,52026967.57,1402,F1,1,,,,,
2026-07-14,2026-07-14,CM,NSE,STK,15078,INE0NR623014,CUBEINVIT,IV,,,,,CUBE HIGHWAYS TRUST,153.4,153.4,153.4,153.4,153.4,157.0,,153.4,,,25000,3835000.0,1,F1,25000,,,,,
2026-07-14,2026-07-14,CM,NSE,STK,4064,INE144D01012,CUBEXTUB,EQ,,,,,CUBEX TUBINGS LTD,81.3,81.39,79.1,79.42,79.22,80.72,,79.44,,,28600,2286034.88,708,F1,1,,,,,
2026-07-14,2026-07-14,CM,NSE,STK,1901,INE298A01020,CUMMINSIND,EQ,,,,,CUMMINS INDIA LTD,5537.5,5555.0,5480.0,5493.5,5505.0,5555.0,,5493.5,,,356814,1961359700.5,41145,F1,1,,,,,
2026-07-14,2026-07-14,CM,NSE,STK,18520,INE509F01029,CUPID,EQ,,,,,CUPID LIMITED,207.9,217.99,207.76,216.77,217.4,206.83,,216.78,,,61486978,13157721911.6,273430,F1,1,,,,,
2026-07-14,2026-07-14,CM,NSE,STK,30189,INE117B01020,CURAA,EQ,,,,,CURA TECHNOLOGIES LIMITED,77.0,81.0,74.1,74.96,74.1,73.81,,74.96,,,1304,102505.66,45,F1,1,,,,,
2026-07-14,2026-07-14,CM,NSE,STK,759825,INE1BZN01016,CURIS,SM,,,,,CURIS LIFESCIENCES LTD,100.0,100.0,100.0,100.0,100.0,100.95,,100.0,,,1000,100000.0,1,F1,1000,,,,,
2026-07-14,2026-07-14,CM,NSE,STK,11845,INE278G01037,CYBERMEDIA,BE,,,,,CYBER MEDIA (INDIA) LTD.,16.5,16.5,15.62,16.23,16.23,16.27,,16.64,,,494,7987.26,22,F1,1,,,,,
2026-07-14,2026-07-14,CM,NSE,STK,11447,INE075Z01011,CMRSL,SM,,,,,CYBER MEDIA RES & SER LTD,66.0,66.0,66.0,66.0,66.0,64.5,,66.0,,,1600,105600.0,1,F1,800,,,,,
2026-07-14,2026-07-14,CM,NSE,STK,6054,INE214A01019,CYBERTECH,BE,,,,,CYBERTECH SYSTEMS & SOFTW,143.9,144.0,138.11,140.94,141.0,141.39,,140.69,,,12383,1749646.52,196,F1,1,,,,,
2026-07-14,2026-07-14,CM,NSE,STK,17187,INE055S01018,CYIENTDLM,EQ,,,,,CYIENT DLM LIMITED,528.2,538.0,521.55,532.65,529.2,525.65,,532.65,,,297321,157399071.55,10727,F1,1,,,,,
2026-07-14,2026-07-14,CM,NSE,STK,5748,INE136B01020,CYIENT,EQ,,,,,CYIENT LIMITED,870.0,870.0,845.05,852.75,849.4,867.4,,852.65,,,188584,160954377.5,16443,F1,1,,,,,
2026-07-14,2026-07-14,CM,NSE,STK,16902,INE864X01013,DPWIRES,BE,,,,,D P WIRES LIMITED,177.0,180.0,175.0,176.14,176.0,176.98,,176.15,,,6577,1167110.8,157,F1,1,,,,,
2026-07-14,2026-07-14,CM,NSE,STK,17851,INE250K01012,DLINKINDIA,EQ,,,,,D-LINK INDIA LTD,484.05,487.6,466.35,469.2,470.0,488.75,,469.2,,,301484,142500003.45,7499,F1,1,,,,,
2026-07-14,2026-07-14,CM,NSE,STK,936,INE266Y01019,DPABHUSHAN,EQ,,,,,D. P. ABHUSHAN LIMITED,1156.1,1183.0,1156.1,1172.05,1176.0,1161.45,,1172.15,,,23215,27126599.2,1967,F1,1,,,,,
2026-07-14,2026-07-14,CM,NSE,STK,17881,INE950I01011,DBCORP,EQ,,,,,D.B.CORP LTD,203.0,210.0,200.38,206.07,206.3,202.39,,206.07,,,324225,66680340.14,6139,F1,1,,,,,
2026-07-14,2026-07-14,CM,NSE,STK,772,INE016A01026,DABUR,EQ,,,,,DABUR INDIA LTD,437.9,440.45,432.1,434.45,432.85,438.9,,434.45,,,1427118,621465759.9,22168,F1,1,,,,,
2026-07-14,2026-07-14,CM,NSE,STK,762636,INE928C01010,DAICHI,BE,,,,,DAI-ICHI KARKARIA LTD.,320.0,320.0,311.0,317.35,317.95,321.5,,318.1,,,407,127977.75,48,F1,1,,,,,
2026-07-14,2026-07-14,CM,NSE,STK,8075,INE00R701025,DALBHARAT,EQ,,,,,DALMIA BHARAT LIMITED,1755.0,1773.1,1731.8,1761.7,1760.2,1757.1,,1761.7,,,212804,375009759.5,21925,F1,1,,,,,
2026-07-14,2026-07-14,CM,NSE,STK,781,INE495A01022,DALMIASUG,EQ,,,,,DALMIA BHARAT SUG IN LTD,367.0,373.0,358.65,364.0,363.7,366.05,,364.0,,,159107,58090780.5,4460,F1,1,,,,,
2026-07-14,2026-07-14,CM,NSE,STK,28662,INE284H01025,DAMCAPITAL,EQ,,,,,DAM CAPITAL ADVISORS LTD,160.91,160.97,156.28,157.05,157.0,161.97,,157.06,,,320904,50742954.09,4006,F1,1,,,,,
2026-07-14,2026-07-14,CM,NSE,STK,17569,INE497D01022,DAMODARIND,BE,,,,,DAMODAR INDUSTRIES LTD,30.2,31.04,29.5,30.48,30.49,30.1,,30.48,,,5865,176646.03,22,F1,1,,,,,
2026-07-14,2026-07-14,CM,NSE,STK,1110,INE688Y01022,DANGEE,EQ,,,,,DANGEE DUMS LIMITED,3.18,3.26,3.15,3.19,3.19,3.2,,3.19,,,51272,165141.76,67,F1,1,,,,,
2026-07-14,2026-07-14,CM,NSE,STK,25927,INE0YU901016,DANISH,SM,,,,,DANISH POWER LIMITED,898.75,898.75,867.0,872.7,880.1,898.75,,872.7,,,39750,35049202.5,152,F1,150,,,,,
2026-07-14,2026-07-14,CM,NSE,STK,757107,INE04Q901010,DCCL,SM,,,,,DAR CREDIT & CAPITAL LTD,45.15,45.15,43.0,44.3,45.0,45.15,,44.3,,,40000,1782500.0,13,F1,2000,,,,,
2026-07-14,2026-07-14,CM,NSE,STK,7358,INE0IX101010,DATAPATTNS,EQ,,,,,DATA PATTERNS INDIA LTD,4255.0,4285.9,4161.0,4214.5,4224.0,4270.3,,4214.5,,,460480,1932788117.6,53642,F1,1,,,,,
2026-07-14,2026-07-14,CM,NSE,STK,11423,INE365B01017,DATAMATICS,EQ,,,,,DATAMATICS GLOBAL SER LTD,897.2,897.35,852.6,860.55,859.0,896.3,,860.5,,,153993,133630923.25,12262,F1,1,,,,,
2026-07-14,2026-07-14,CM,NSE,STK,21794,INE179G01029,DAVANGERE,EQ,,,,,DAVANGERE SUGAR COMPANY L,3.54,3.7,3.43,3.48,3.46,3.49,,3.48,,,13214913,46822462.21,3027,F1,1,,,,,
2026-07-14,2026-07-14,CM,NSE,STK,31111,INE921B01025,DBSTOCKBRO,BE,,,,,DB (INT) STOCK BROKERS,39.6,40.69,38.95,40.0,40.0,41.0,,40.0,,,107409,4293228.62,131,F1,1,,,,,
2026-07-14,2026-07-14,CM,NSE,STK,11566,INE0A1101019,DCI,EQ,,,,,DC INFOTECH AND COMUN LTD,277.0,287.0,274.7,279.9,283.0,277.7,,279.9,,,4746,1332956.9,362,F1,1,,,,,
2026-07-14,2026-07-14,CM,NSE,STK,13725,INE503A01015,DCBBANK,EQ,,,,,DCB BANK LIMITED,191.11,191.55,185.55,187.38,187.0,192.24,,187.38,,,1101456,207731728.7,33300,F1,1,,,,,
2026-07-14,2026-07-14,CM,NSE,STK,761737,INE04Q907181,1275DCCL28,N0,,,,,DCCL 12.75% 2028,9580.0,9580.0,9580.0,9580.0,9580.0,9580.4,,9580.0,,,40,383200.0,5,F1,1,,,,,
2026-07-14,2026-07-14,CM,NSE,STK,23520,INE0S8401018,DCG,SM,,,,,DCG CABLES & WIRES LTD,51.0,53.45,51.0,53.45,53.45,50.65,,53.45,,,12000,629220.0,10,F1,1200,,,,,
2026-07-14,2026-07-14,CM,NSE,STK,8704,INE891B01012,DCMFINSERV,BE,,,,,DCM FINANCIAL SERVICES LT,5.13,5.4,5.13,5.34,5.34,5.38,,5.34,,,4800,25631.98,19,F1,1,,,,,
2026-07-14,2026-07-14,CM,NSE,STK,7323,INE498A01018,DCM,BE,,,,,DCM LIMITED,95.26,100.82,94.6,98.37,99.0,96.02,,98.34,,,13453,1330326.2,90,F1,1,,,,,
2026-07-14,2026-07-14,CM,NSE,STK,11041,INE08KP01019,DCMNVL,BE,,,,,DCM NOUVELLE LIMITED,150.49,151.0,146.15,147.56,147.3,148.0,,147.56,,,5120,757627.27,31,F1,1,,,,,
2026-07-14,2026-07-14,CM,NSE,STK,760893,INE0OFM01015,DSFCL,BE,,,,,DCM SHRIRAM FINE CHEM LTD,23.25,24.6,23.25,23.5,23.5,23.44,,23.35,,,98913,2341793.7,178,F1,1,,,,,
2026-07-14,2026-07-14,CM,NSE,STK,7325,INE843D01027,DCMSRIND,EQ,,,,,DCM SHRIRAM IND LTD,41.0,42.9,40.76,40.99,40.93,41.53,,40.98,,,149690,6272056.76,1173,F1,1,,,,,
2026-07-14,2026-07-14,CM,NSE,STK,760898,INE0OU201013,DCMSIL,BE,,,,,DCM SHRIRAM INTERNATNL L,79.9,79.9,79.9,79.9,79.9,78.34,,80.36,,,6829,545637.1,24,F1,1,,,,,
2026-07-14,2026-07-14,CM,NSE,STK,811,INE499A01024,DCMSHRIRAM,EQ,,,,,DCM SHRIRAM LIMITED,1036.0,1052.4,1025.1,1028.3,1027.0,1035.8,,1028.3,,,40681,42253997.4,5258,F1,1,,,,,
2026-07-14,2026-07-14,CM,NSE,STK,817,INE500A01029,DCW,EQ,,,,,DCW LTD,49.0,49.11,46.75,47.21,47.49,49.11,,47.21,,,945637,45120124.79,4451,F1,1,,,,,
2026-07-14,2026-07-14,CM,NSE,STK,11895,INE0KL801015,DCXINDIA,EQ,,,,,DCX SYSTEMS LIMITED,194.99,195.8,191.9,193.47,193.6,196.21,,193.47,,,1008180,195024577.14,8176,F1,1,,,,,
2026-07-14,2026-07-14,CM,NSE,STK,29098,INE0HR601026,DDEVPLSTIK,EQ,,,,,DDEV PLASTIKS IND LTD,292.65,302.4,290.05,292.2,290.25,294.15,,292.2,,,233464,68989915.35,7852,F1,1,,,,,
2026-07-14,2026-07-14,CM,NSE,STK,15449,INE0JWV01011,DENEERS,SM,,,,,DE NEERS TOOLS LIMITED,166.0,187.4,165.0,183.25,187.4,172.7,,183.25,,,58800,10098960.0,84,F1,600,,,,,
2026-07-14,2026-07-14,CM,NSE,STK,4279,INE244A01016,DENORA,EQ,,,,,DE NORA INDIA LIMITED,884.8,904.9,876.05,901.15,901.0,883.2,,901.1,,,5702,5101461.25,720,F1,1,,,,,
2026-07-14,2026-07-14,CM,NSE,STK,14838,INE583C01021,DECCANCE,EQ,,,,,DECCAN CEMENTS LIMITED,575.95,578.05,566.15,568.65,568.2,577.55,,568.7,,,2948,1681799.9,244,F1,1,,,,,
2026-07-14,2026-07-14,CM,NSE,STK,762638,INE945F01025,DECNGOLD,EQ,,,,,DECCAN GOLD MINES LTD.,198.61,206.19,196.81,200.9,200.9,199.32,,200.95,,,1736040,352009084.05,18196,F1,1,,,,,
2026-07-14,2026-07-14,CM,NSE,STK,25421,INE0S7C01019,DECCANTRAN,SM,,,,,DECCAN TRANSCON LEASING L,21.0,21.0,21.0,21.0,21.0,21.0,,21.0,,,1200,25200.0,1,F1,1200,,,,,
2026-07-14,2026-07-14,CM,NSE,STK,24156,INE841L01016,DEEDEV,BE,,,,,DEE DEVELOPMENT ENG LTD,672.65,705.0,661.0,691.6,687.0,672.65,,691.45,,,104744,72425977.5,1572,F1,1,,,,,
2026-07-14,2026-07-14,CM,NSE,STK,22802,INE586O01011,DEEM,ST,,,,,DEEM ROLL TECH LIMITED,52.3,52.3,52.25,52.25,52.25,54.95,,52.25,,,2000,104550.0,2,F1,1000,,,,,
2026-07-14,2026-07-14,CM,NSE,STK,3292,INE0FHS01024,DEEPINDS,EQ,,,,,DEEP INDUSTRIES LIMITED,467.2,473.65,459.05,465.6,465.0,462.7,,465.6,,,148589,69266609.6,6789,F1,1,,,,,
2026-07-14,2026-07-14,CM,NSE,STK,25894,INE0OPA01027,DBEIL,BE,,,,,DEEPAK BUILDERS & ENG I L,8.36,8.38,7.95,8.17,8.1,8.12,,8.15,,,83425,671548.18,273,F1,1,,,,,
2026-07-14,2026-07-14,CM,NSE,STK,827,INE501A01019,DEEPAKFERT,EQ,,,,,DEEPAK FERTILIZERS & PETR,1510.9,1572.6,1500.2,1542.0,1540.0,1513.4,,1542.0,,,354675,544911068.5,23799,F1,1,,,,,
2026-07-14,2026-07-14,CM,NSE,STK,19943,INE288B01029,DEEPAKNTR,EQ,,,,,DEEPAK NITRITE LTD,1663.9,1707.9,1646.7,1669.3,1670.0,1667.2,,1669.2,,,314981,529975698.2,30567,F1,1,,,,,
2026-07-14,2026-07-14,CM,NSE,STK,22527,INE0SK801018,DELAPLEX,SM,,,,,DELAPLEX LIMITED,100.25,101.0,99.6,99.6,99.6,102.0,,99.6,,,4200,422250.0,4,F1,600,,,,,
2026-07-14,2026-07-14,CM,NSE,STK,9599,INE148O01028,DELHIVERY,EQ,,,,,DELHIVERY LIMITED,510.0,517.85,505.05,512.1,511.05,512.3,,512.1,,,2962078,1518683937.2,53087,F1,1,,,,,
2026-07-14,2026-07-14,CM,NSE,STK,24395,INE726L01027,DELPHIFX,BE,,,,,DELPHI WORLD MONEY LTD,9.11,9.11,8.42,8.43,8.42,8.86,,8.4,,,159260,1361786.3,215,F1,1,,,,,
2026-07-14,2026-07-14,CM,NSE,STK,29095,INE0XRN01019,DELTIC,ST,,,,,DELTA AUTOCORP LIMITED,35.2,35.2,32.8,34.0,34.7,34.0,,34.0,,,18000,624700.0,7,F1,1000,,,,,
2026-07-14,2026-07-14,CM,NSE,STK,15044,INE124G01033,DELTACORP,EQ,,,,,DELTA CORP LIMITED,64.94,69.2,64.15,66.25,65.31,64.74,,66.24,,,4456642,294829995.53,20949,F1,1,,,,,
2026-07-14,2026-07-14,CM,NSE,STK,1214,INE393A01011,DELTAMAGNT,EQ,,,,,DELTA MANUFACTURING LTD,59.39,61.24,58.12,58.28,58.29,59.56,,59.03,,,847,49876.85,23,F1,1,,,,,
2026-07-14,2026-07-14,CM,NSE,STK,17722,INE947J01015,DEN,EQ,,,,,DEN NETWORKS LTD,30.1,30.99,30.0,30.3,30.39,30.1,,30.3,,,912233,27712333.4,4418,F1,1,,,,,
2026-07-14,2026-07-14,CM,NSE,STK,29256,INE0R4L01018,DENTA,EQ,,,,,DENTA WATER N INFRA SOL L,343.7,343.7,334.0,335.4,336.45,345.95,,335.3,,,189614,63879077.75,5047,F1,1,,,,,
2026-07-14,2026-07-14,CM,NSE,STK,759079,INE0VOV01021,DEVX,EQ,,,,,DEV ACCELERATOR LIMITED,34.99,35.0,34.0,34.9,34.8,34.9,,34.9,,,122972,4282715.46,574,F1,1,,,,,
2026-07-14,2026-07-14,CM,NSE,STK,8146,INE060X01034,DEVIT,EQ,,,,,DEV INFO TECHNOLOGY LTD,28.08,29.48,27.7,27.89,28.0,28.08,,27.89,,,68042,1944554.81,1218,F1,1,,,,,
2026-07-14,2026-07-14,CM,NSE,STK,5373,INE872J01023,DEVYANI,EQ,,,,,DEVYANI INTERNATIONAL LTD,113.25,113.8,111.11,111.35,111.4,113.94,,111.35,,,989475,110743739.41,9515,F1,1,,,,,
2026-07-14,2026-07-14,CM,NSE,STK,10895,INE0I3401014,DBOL,BE,,,,,DHAMPUR BIO ORGANICS LTD,119.99,122.08,114.01,118.16,117.9,116.27,,118.15,,,144476,17187696.59,996,F1,1,,,,,
2026-07-14,2026-07-14,CM,NSE,STK,857,INE041A01016,DHAMPURSUG,EQ,,,,,DHAMPUR SUGAR MILLS LTD.,144.47,147.0,143.4,144.47,144.05,143.97,,144.47,,,212633,30845429.61,2965,F1,1,,,,,
2026-07-14,2026-07-14,CM,NSE,STK,11359,INE680A01011,DHANBANK,EQ,,,,,DHANLAXMI BANK LIMITED,34.85,34.9,33.7,34.0,33.99,34.85,,34.0,,,1084060,36952167.61,4078,F1,1,,,,,
2026-07-14,2026-07-14,CM,NSE,STK,24409,INE435G01025,DHANUKA,EQ,,,,,DHANUKA AGRITECH LTD,1045.5,1045.5,1019.0,1022.6,1020.0,1043.6,,1022.6,,,27856,28657665.7,2227,F1,1,,,,,
2026-07-14,2026-07-14,CM,NSE,STK,760492,INE2HJL01019,DHARARAIL,ST,,,,,DHARA RAIL PROJECTS LTD,134.0,134.0,133.05,133.05,133.05,138.95,,133.05,,,2000,267050.0,2,F1,1000,,,,,
2026-07-14,2026-07-14,CM,NSE,STK,759203,INE278R01034,DHARAN,BZ,,,,,DHARAN INFRA-EPC LIMITED,0.16,0.16,0.15,0.15,0.16,0.15,,0.15,,,38654870,6148652.93,1133,F1,1,,,,,
2026-07-14,2026-07-14,CM,NSE,STK,24747,INE0YRN01025,DHARIWAL,SM,,,,,DHARIWALCORP LIMITED,33.5,33.5,33.5,33.5,33.5,32.15,,33.5,,,3000,100500.0,1,F1,3000,,,,,
2026-07-14,2026-07-14,CM,NSE,STK,13001,INE00OQ01016,DHARMAJ,EQ,,,,,DHARMAJ CROP GUARD LTD,256.2,260.7,256.2,258.55,260.0,256.2,,258.5,,,15443,3994680.3,1609,F1,1,,,,,
2026-07-14,2026-07-14,CM,NSE,STK,6860,INE506Z01015,DHRUV,BE,,,,,DHRUV CONSULTANCY SER LTD,26.9,27.8,26.9,26.9,26.9,26.92,,26.53,,,5634,151806.15,18,F1,1,,,,,
2026-07-14,2026-07-14,CM,NSE,STK,22233,INE320L01011,DHUNINV,EQ,,,,,DHUNSERI INVESTMENTS LTD,998.9,1003.9,960.3,966.45,976.45,996.75,,970.9,,,1011,994518.1,98,F1,1,,,,,
2026-07-14,2026-07-14,CM,NSE,STK,6227,INE341R01014,DTIL,EQ,,,,,DHUNSERI TEA & IND. LTD.,139.9,141.35,137.01,139.17,140.9,136.96,,139.17,,,1207,167698.95,78,F1,1,,,,,
2026-07-14,2026-07-14,CM,NSE,STK,15214,INE477B01010,DVL,EQ,,,,,DHUNSERI VENTURES LIMITED,243.78,244.79,238.2,238.34,239.94,243.78,,238.33,,,15134,3653280.78,419,F1,1,,,,,
2026-07-14,2026-07-14,CM,NSE,STK,18644,INE591D01014,DIAMINESQ,EQ,,,,,DIAMINES & CHEMICALS LTD,268.19,278.59,268.1,271.51,270.4,270.61,,271.69,,,4941,1349826.09,264,F1,1,,,,,
2026-07-14,2026-07-14,CM,NSE,STK,18543,INE989C01038,DIACABS,EQ,,,,,DIAMOND POWER INFRA LTD,226.1,230.95,222.27,224.97,224.11,227.46,,224.98,,,3307812,750919786.27,32226,F1,1,,,,,
2026-07-14,2026-07-14,CM,NSE,STK,703,INE303A01010,DICIND,EQ,,,,,DIC INDIA LIMITED,522.15,526.05,511.5,518.05,518.6,524.15,,518.05,,,569,297022.3,49,F1,1,,,,,
2026-07-14,2026-07-14,CM,NSE,STK,25672,INE184O01015,DIFFNKG,EQ,,,,,DIFFUSION ENGINEERS LTD,392.0,402.65,386.0,392.55,388.0,396.05,,392.55,,,56829,22429976.55,2712,F1,1,,,,,
2026-07-14,2026-07-14,CM,NSE,STK,10346,INE03JI01017,DGCONTENT,EQ,,,,,DIGICONTENT LIMITED,26.74,27.0,25.61,26.07,25.95,26.0,,26.04,,,16689,440986.83,97,F1,1,,,,,
2026-07-14,2026-07-14,CM,NSE,STK,21247,INE0PSC01024,DIGIDRIVE,EQ,,,,,DIGIDRIVE DISTRIBUTORS L,18.51,18.99,18.51,18.75,18.95,18.98,,18.69,,,11153,210238.21,96,F1,1,,,,,
2026-07-14,2026-07-14,CM,NSE,STK,19138,INE0QJ901011,DIGIKORE,SM,,,,,DIGIKORE STUDIOS LIMITED,50.25,53.9,48.65,50.4,50.0,51.15,,50.4,,,145600,7575380.0,193,F1,400,,,,,
2026-07-14,2026-07-14,CM,NSE,STK,16687,INE927C01020,DIGISPICE,BE,,,,,DIGISPICE TECHNOLOGIES LT,18.7,19.44,18.21,19.23,19.23,19.07,,19.23,,,164003,3124923.18,419,F1,1,,,,,
2026-07-14,2026-07-14,CM,NSE,STK,757515,INE0U4701011,DIGITIDE,EQ,,,,,DIGITIDE SOLUTIONS LTD,106.5,106.5,101.5,102.71,103.0,106.71,,102.69,,,326183,33875918.58,3184,F1,1,,,,,
2026-07-14,2026-07-14,CM,NSE,STK,6127,INE731U01028,DIGJAMLMTD,EQ,,,,,DIGJAM LTD,44.09,44.72,42.52,43.38,43.05,44.09,,43.38,,,6369,276364.66,64,F1,1,,,,,
2026-07-14,2026-07-14,CM,NSE,STK,641,INE016M01021,DNAMEDIA,EQ,,,,,DILIGENT MEDIA CORP LTD.,2.83,2.89,2.75,2.77,2.79,2.83,,2.77,,,16384,45889.33,160,F1,1,,,,,
2026-07-14,2026-07-14,CM,NSE,STK,18086,INE917M01012,DBL,EQ,,,,,DILIP BUILDCON LIMITED,418.0,418.9,410.0,411.6,412.9,418.15,,411.6,,,74393,30679352.85,3543,F1,1,,,,,
2026-07-14,2026-07-14,CM,NSE,STK,762643,INE131C01011,DISAQ,EQ,,,,,DISA INDIA LTD.,12180.0,12246.0,11730.0,12025.0,12000.0,12264.0,,12020.0,,,327,3938801.0,291,F1,1,,,,,
2026-07-14,2026-07-14,CM,NSE,STK,14540,INE836F01026,DISHTV,BE,,,,,DISH TV INDIA LTD.,2.97,2.98,2.94,2.97,2.98,2.97,,2.97,,,513925,1518833.75,771,F1,1,,,,,
2026-07-14,2026-07-14,CM,NSE,STK,21704,INE385W01011,DCAL,EQ,,,,,DISHMAN CARBO AMCIS LTD,196.01,196.01,192.01,194.94,195.9,196.93,,194.94,,,202834,39326641.02,3552,F1,1,,,,,
2026-07-14,2026-07-14,CM,NSE,STK,14479,INE753U01022,DIVGIITTS,EQ,,,,,DIVGI TORQTRANSFER SYST L,958.0,969.8,941.05,949.8,951.0,959.35,,949.65,,,30505,29087472.65,2971,F1,1,,,,,
2026-07-14,2026-07-14,CM,NSE,STK,10940,INE361B01024,DIVISLAB,EQ,,,,,DIVI S LABORATORIES LTD,6960.0,7208.5,6909.0,7188.5,7196.0,6938.5,,7188.5,,,1093244,7748756671.0,84227,F1,1,,,,,
2026-07-14,2026-07-14,CM,NSE,STK,30262,INE0NA501011,DIVINEHIRA,ST,,,,,DIVINE HIRA JEWELLERS LTD,105.65,111.5,105.4,111.4,111.4,110.9,,111.4,,,28800,3120120.0,24,F1,1200,,,,,
2026-07-14,2026-07-14,CM,NSE,STK,24286,INE0SCO01019,DPEL,SM,,,,,DIVINE POWER ENERGY LTD,592.45,593.9,583.5,588.45,590.5,587.2,,588.45,,,46000,27074950.0,84,F1,500,,,,,
2026-07-14,2026-07-14,CM,NSE,STK,21690,INE935N01020,DIXON,EQ,,,,,DIXON TECHNO (INDIA) LTD,13390.0,13435.0,13180.0,13365.0,13342.0,13490.0,,13365.0,,,396507,5288865380.0,56958,F1,1,,,,,
2026-07-14,2026-07-14,CM,NSE,STK,12749,INE0B1K01014,DJML,EQ,,,,,DJ MEDIAPRINT & LOG LTD,107.71,109.2,100.62,100.95,100.75,111.8,,100.99,,,134108,13949064.69,2589,F1,1,,,,,
2026-07-14,2026-07-14,CM,NSE,STK,14732,INE271C01023,DLF,EQ,,,,,DLF LIMITED,678.0,681.6,665.4,671.45,672.9,682.35,,671.45,,,2589578,1737207264.6,39632,F1,1,,,,,
2026-07-14,2026-07-14,CM,NSE,STK,6973,INE505A01010,DMCC,EQ,,,,,DMCC SPECIALITY CHEMICALS,260.2,265.5,255.35,258.3,256.0,263.15,,258.4,,,13724,3588861.8,517,F1,1,,,,,
2026-07-14,2026-07-14,CM,NSE,STK,4822,INE021O01019,DODLA,EQ,,,,,DODLA DAIRY LIMITED,1100.1,1124.1,1086.1,1093.6,1106.9,1110.6,,1093.6,,,8540,9365860.0,2028,F1,1,,,,,
2026-07-14,2026-07-14,CM,NSE,STK,12124,INE966A01022,DOLATALGO,EQ,,,,,DOLAT ALGOTECH LIMITED,72.9,73.9,71.65,72.15,72.0,73.27,,72.15,,,47281,3424356.44,1074,F1,1,,,,,
2026-07-14,2026-07-14,CM,NSE,STK,20560,INE325C01035,DOLLAR,EQ,,,,,DOLLAR INDUSTRIES LIMITED,266.1,267.35,261.25,262.55,262.3,268.9,,262.55,,,180358,47601943.25,6946,F1,1,,,,,
2026-07-14,2026-07-14,CM,NSE,STK,13323,INE0JHH01011,DOLLEX,SM,,,,,DOLLEX AGROTECH LIMITED,29.05,30.7,29.05,30.0,30.0,28.75,,30.0,,,24000,717600.0,6,F1,4000,,,,,
2026-07-14,2026-07-14,CM,NSE,STK,18139,INE920A01037,DOLPHIN,EQ,,,,,DOLPHIN OFF ENT (IND) L,395.9,405.0,386.55,396.55,395.1,393.95,,396.55,,,9345,3701798.45,452,F1,1,,,,,
2026-07-14,2026-07-14,CM,NSE,STK,20551,INE321T01012,DOMS,EQ,,,,,DOMS INDUSTRIES LIMITED,2369.0,2369.0,2288.0,2295.0,2290.1,2359.5,,2295.0,,,67545,155790753.8,7233,F1,1,,,,,
2026-07-14,2026-07-14,CM,NSE,STK,13839,INE668D01028,DONEAR,EQ,,,,,DONEAR IND. LIMITED,85.71,86.84,84.92,86.29,85.1,85.71,,86.27,,,11906,1019887.67,553,F1,1,,,,,
2026-07-14,2026-07-14,CM,NSE,STK,15423,INE360C01024,DPSCLTD,BE,,,,,DPSC LIMITED,7.27,7.49,7.1,7.34,7.38,7.46,,7.34,,,99574,726607.37,471,F1,1,,,,,
2026-07-14,2026-07-14,CM,NSE,STK,29452,INE943P01029,AGARWALEYE,EQ,,,,,DR AGARWALS HEALTH CARE L,497.05,505.0,485.5,490.7,487.0,497.85,,490.8,,,94197,46523581.3,11311,F1,1,,,,,
2026-07-14,2026-07-14,CM,NSE,STK,762648,INE934C01018,DRAGARWQ,EQ,,,,,DR. AGARWAL'S EYE HOSP L,4960.5,5069.5,4950.0,5008.5,5025.0,4997.0,,5010.5,,,357,1786817.0,149,F1,1,,,,,
2026-07-14,2026-07-14,CM,NSE,STK,11654,INE600L01024,LALPATHLAB,EQ,,,,,DR. LAL PATH LABS LTD.,1734.0,1752.0,1717.4,1744.6,1744.0,1725.1,,1744.6,,,286027,497968704.7,28811,F1,1,,,,,
2026-07-14,2026-07-14,CM,NSE,STK,881,INE089A01031,DRREDDY,EQ,,,,,DR. REDDY S LABORATORIES,1234.5,1248.0,1231.2,1246.2,1245.8,1234.5,,1246.2,,,1984818,2468742897.2,75080,F1,1,,,,,
2026-07-14,2026-07-14,CM,NSE,STK,2645,INE03RS01027,DRCSYSTEMS,EQ,,,,,DRC SYSTEMS INDIA LIMITED,13.97,13.97,13.62,13.66,13.75,13.81,,13.66,,,23123,317082.22,170,F1,1,,,,,
2026-07-14,2026-07-14,CM,NSE,STK,10859,INE0JS101016,DREAMFOLKS,EQ,,,,,DREAMFOLKS SERVICES LTD,69.15,71.12,68.5,68.68,68.56,69.95,,68.68,,,38276,2663533.66,1107,F1,1,,,,,
2026-07-14,2026-07-14,CM,NSE,STK,11271,INE506A01018,DREDGECORP,EQ,,,,,DREDGING CORP OF INDIA,1042.8,1042.8,1021.2,1024.7,1023.4,1042.8,,1024.7,,,70023,71962282.7,3788,F1,1,,,,,
2026-07-14,2026-07-14,CM,NSE,STK,17383,INE0P7201019,DRONE,ST,,,,,DRONE DESTINATION LIMITED,39.65,39.7,38.1,38.9,39.0,39.75,,38.9,,,13000,505750.0,21,F1,500,,,,,
2026-07-14,2026-07-14,CM,NSE,STK,778,INE055C01020,KEEPLEARN,EQ,,,,,DSJ KEEP LEARNING LTD,1.87,1.92,1.71,1.88,1.89,1.87,,1.89,,,47239,86351.42,84,F1,1,,,,,
2026-07-14,2026-07-14,CM,NSE,STK,1927,INF740KA1EU7,LIQUIDETF,EQ,,,,,DSP LIQUID ETF,1000.0,1000.01,999.99,999.99,999.99,1000.0,,999.99,,,161481,161480813.26,218,F1,1,,,,,
2026-07-14,2026-07-14,CM,NSE,STK,761364,INF740KA1YH2,BANK10ADD,EQ,,,,,DSPAMC - BANK10ADD,17.4,17.77,17.21,17.51,17.68,17.44,,17.51,,,113339,1968318.6,129,F1,1,,,,,
2026-07-14,2026-07-14,CM,NSE,STK,13644,INF740KA1RX3,BANKADD,EQ,,,,,DSPAMC - DSPBANK,59.18,59.2,58.68,58.77,58.81,59.53,,58.77,,,21475,1264748.03,154,F1,1,,,,,
2026-07-14,2026-07-14,CM,NSE,STK,15356,INF740KA1SW3,GOLDADD,EQ,,,,,DSPAMC - DSPGOLD,136.39,136.86,136.13,136.29,136.3,137.43,,136.29,,,225647,30765772.98,1009,F1,1,,,,,
2026-07-14,2026-07-14,CM,NSE,STK,17207,INF740KA1SX1,ITADD,EQ,,,,,DSPAMC - DSPIT,30.85,30.98,29.83,30.33,29.83,30.7,,30.34,,,16808,514465.72,179,F1,1,,,,,
2026-07-14,2026-07-14,CM,NSE,STK,6606,INF740KA1QK2,EQUAL50ADD,EQ,,,,,DSPAMC - DSPNEWETF,341.97,342.0,339.0,339.54,340.88,342.53,,339.54,,,76289,25927292.22,325,F1,1,,,,,
2026-07-14,2026-07-14,CM,NSE,STK,7451,INF740KA1CL0,NIFTYADD,EQ,,,,,DSPAMC - DSPNIFTY,251.92,254.09,251.92,252.9,253.02,254.46,,252.9,,,5068,1282529.69,195,F1,1,,,,,
2026-07-14,2026-07-14,CM,NSE,STK,17616,INF740KA1SY9,PSUBANKADD,EQ,,,,,DSPAMC - DSPPSBKETF,85.15,85.17,83.95,84.27,84.58,85.35,,84.27,,,32237,2715311.33,311,F1,1,,,,,
2026-07-14,2026-07-14,CM,NSE,STK,17576,INF740KA1TA7,PVTBANKADD,EQ,,,,,DSPAMC - DSPPVBKETF,28.6,28.6,28.2,28.28,28.39,28.6,,28.28,,,161721,4580868.22,232,F1,1,,,,,
2026-07-14,2026-07-14,CM,NSE,STK,7456,INF740KA1ZF3,MIDQ50ADD,EQ,,,,,DSPAMC - DSPQ50ETF,24.84,24.85,24.72,24.82,24.83,24.93,,24.82,,,10918,270659.19,82,F1,1,,,,,
2026-07-14,2026-07-14,CM,NSE,STK,17613,INF740KA1SZ6,SENSEXADD,EQ,,,,,DSPAMC - DSPSENXETF,79.77,79.77,79.24,79.37,79.36,79.9,,79.29,,,629,49866.5,16,F1,1,,,,,
2026-07-14,2026-07-14,CM,NSE,STK,10761,INF740KA1RE3,SILVERADD,EQ,,,,,DSPAMC - DSPSILVETF,207.64,210.46,207.4,209.34,209.79,209.08,,209.34,,,171209,35773696.81,2289,F1,1,,,,,
2026-07-14,2026-07-14,CM,NSE,STK,759368,INF740KA1WU9,FLEXIADD,EQ,,,,,DSPAMC - FLEXIADD,9.94,9.96,9.84,9.89,9.91,9.94,,9.89,,,110435,1093320.79,263,F1,1,,,,,
2026-07-14,2026-07-14,CM,NSE,STK,763530,INF740KA1ZA4,FMCGADD,EQ,,,,,DSPAMC - FMCGADD,49.13,49.13,48.73,48.75,48.76,49.03,,48.75,,,3790,184998.92,34,F1,1,,,,,
2026-07-14,2026-07-14,CM,NSE,STK,22592,INF740KA1ZG1,HEALTHADD,EQ,,,,,DSPAMC - HEALTHADD,16.45,16.67,16.45,16.57,16.65,16.45,,16.57,,,102298,1697027.62,93,F1,1,,,,,
2026-07-14,2026-07-14,CM,NSE,STK,23407,INF740KA1UM0,LIQUIDADD,EQ,,,,,DSPAMC - LIQUIDADD,1135.52,1135.54,1135.5,1135.52,1135.52,1135.37,,1135.52,,,249798,283652526.59,372,F1,1,,,,,
2026-07-14,2026-07-14,CM,NSE,STK,760356,INF740KA1WW5,MIDCAPADD,EQ,,,,,DSPAMC - MIDCAPADD,23.67,23.67,23.0,23.17,23.6,23.67,,23.17,,,32287,746191.07,118,F1,1,,,,,
2026-07-14,2026-07-14,CM,NSE,STK,759978,INF740KA1WV7,MSCIADD,EQ,,,,,DSPAMC - MSCIADD,29.45,29.45,29.43,29.43,29.43,29.67,,29.51,,,21,618.43,3,F1,1,,,,,
2026-07-14,2026-07-14,CM,NSE,STK,29464,INF740KA1VE5,NEXT30ADD,EQ,,,,,DSPAMC - NEXT30ADD,42.22,42.24,41.91,41.96,41.95,42.32,,41.96,,,1991,83796.93,54,F1,1,,,,,
2026-07-14,2026-07-14,CM,NSE,STK,760599,INF740KA1XU7,NEXT50ADD,EQ,,,,,DSPAMC - NEXT50ADD,74.04,74.04,71.61,72.12,72.24,72.59,,72.04,,,23724,1709712.64,46,F1,1,,,,,
2026-07-14,2026-07-14,CM,NSE,STK,760359,INF740KA1WX3,SMALLADD,EQ,,,,,DSPAMC - SMALLADD,18.34,18.34,17.99,18.01,18.09,18.25,,18.01,,,254979,4593687.09,990,F1,1,,,,,
2026-07-14,2026-07-14,CM,NSE,STK,25171,INF740KA1UR9,TOP10ADD,EQ,,,,,DSPAMC - TOP10ADD,87.83,87.99,87.19,87.64,87.99,87.83,,87.64,,,123792,10835757.63,609,F1,1,,,,,
2026-07-14,2026-07-14,CM,NSE,STK,13766,INE0LZO01015,DUCOL,SM,,,,,DUCOL ORGS AND COLOURS LT,107.25,107.25,107.25,107.25,107.25,107.3,,107.25,,,800,85800.0,1,F1,800,,,,,
2026-07-14,2026-07-14,CM,NSE,STK,28952,INE741L01018,DUCON,EQ,,,,,DUCON INFRATECHNOLOGIES L,3.1,3.27,3.02,3.03,3.09,3.07,,3.03,,,362612,1124719.09,443,F1,1,,,,,
2026-07-14,2026-07-14,CM,NSE,STK,5466,INE0HPK01020,DUGLOBAL,ST,,,,,DUDIGITAL GLOBAL LIMITED,31.4,31.4,30.45,30.45,30.45,32.05,,30.45,,,15000,459125.0,6,F1,2500,,,,,
2026-07-14,2026-07-14,CM,NSE,STK,24167,INE0OUW01013,DURLAX,ST,,,,,DURLAX TOP SURFACE LTD,48.5,49.0,47.0,49.0,49.0,48.5,,49.0,,,30000,1443800.0,14,F1,2000,,,,,
2026-07-14,2026-07-14,CM,NSE,STK,11667,INE366A01041,DWARKESH,EQ,,,,,DWARIKESH SUGAR IND LTD,44.0,44.8,43.56,43.86,43.79,43.84,,43.86,,,581359,25595595.52,2755,F1,1,,,,,
2026-07-14,2026-07-14,CM,NSE,STK,25690,INE417B01040,DSSL,EQ,,,,,DYNACONS SYS & SOLN LTD,1299.0,1300.0,1256.0,1268.3,1274.6,1287.2,,1268.4,,,27900,35546328.6,2999,F1,1,,,,,
2026-07-14,2026-07-14,CM,NSE,STK,4525,INE221B01012,DYNAMATECH,EQ,,,,,DYNAMATIC TECHNOLOGIES,10382.0,10472.0,10242.0,10336.0,10322.0,10408.0,,10336.0,,,5002,51595134.0,2026,F1,1,,,,,
2026-07-14,2026-07-14,CM,NSE,STK,10417,INE600Y01019,DYCL,EQ,,,,,DYNAMIC CABLES LIMITED,364.7,409.1,352.3,390.85,392.2,369.65,,390.7,,,9520977,3767693876.75,161120,F1,1,,,,,
2026-07-14,2026-07-14,CM,NSE,STK,6082,INE0DZ701010,DYNAMIC,ST,,,,,DYNAMIC SRVCS & SEC LTD,158.6,163.0,157.0,162.95,162.9,163.9,,162.95,,,9500,1522575.0,11,F1,500,,,,,
2026-07-14,2026-07-14,CM,NSE,STK,21314,INE256H01015,DYNPRO,EQ,,,,,DYNEMIC PRODUCTS LIMITED,232.91,234.28,229.05,231.0,230.3,233.88,,230.99,,,6161,1433773.47,329,F1,1,,,,,
2026-07-14,2026-07-14,CM,NSE,STK,19267,INE0KFF01017,EFACTOR,SM,,,,,E FACTOR EXPERIENCES LTD,160.0,160.0,160.0,160.0,160.0,160.0,,160.0,,,800,128000.0,1,F1,400,,,,,
2026-07-14,2026-07-14,CM,NSE,STK,760534,INE1CEJ01017,E2ERAIL,ST,,,,,E TO E TRANS INFRA LTD,277.3,283.5,265.0,271.45,271.95,276.6,,271.45,,,42400,11621720.0,47,F1,800,,,,,
2026-07-14,2026-07-14,CM,NSE,STK,8937,INE255Z01027,E2E,EQ,,,,,E2E NETWORKS LIMITED,386.95,405.0,380.0,394.6,396.6,386.95,,394.6,,,1171985,462905555.95,22883,F1,1,,,,,
2026-07-14,2026-07-14,CM,NSE,STK,9769,INE962C01035,EASTSILK,BE,,,,,EASTERN SILK INDUSTRIES L,48.74,48.74,48.74,48.74,48.74,48.74,,49.12,,,20,974.8,1,F1,1,,,,,
2026-07-14,2026-07-14,CM,NSE,STK,2792,INE07O001026,EASEMYTRIP,EQ,,,,,EASY TRIP PLANNERS LTD,6.85,7.04,6.85,6.96,6.98,7.04,,6.96,,,7435154,51808852.62,6847,F1,1,,,,,
2026-07-14,2026-07-14,CM,NSE,STK,759974,INE528S07110,888ECL28,N1,,,,,ECL 8.88% 2028 SR V,983.0,983.0,972.5,981.0,981.0,972.0,,981.0,,,151,148134.5,4,F1,1,,,,,
2026-07-14,2026-07-14,CM,NSE,STK,15179,INE738I01010,ECLERX,EQ,,,,,ECLERX SERVICES LTD,1658.4,1723.0,1620.0,1718.3,1723.0,1662.9,,1718.2,,,551894,930554401.1,43030,F1,1,,,,,
2026-07-14,2026-07-14,CM,NSE,STK,759964,INE0VBS01016,ECOLINE,ST,,,,,ECOLINE EXIM LIMITED,200.0,200.0,199.9,199.9,199.9,200.0,,199.9,,,3000,599900.0,2,F1,1000,,,,,
2026-07-14,2026-07-14,CM,NSE,STK,25062,INE06HJ01020,ECOSMOBLTY,BE,,,,,ECOS (INDIA) MOB & HOSP L,127.05,130.0,127.05,128.16,128.4,128.73,,128.16,,,17389,2236525.4,247,F1,1,,,,,
2026-07-14,2026-07-14,CM,NSE,STK,7196,INF754K01OB1,BBETF0432,EQ,,,,,EDELAMC - BBETF0432,1354.38,1354.38,1343.01,1348.57,1345.95,1347.65,,1348.51,,,3404,4595333.62,130,F1,1,,,,,
2026-07-14,2026-07-14,CM,NSE,STK,25258,INF754K01TE4,EBANKNIFTY,EQ,,,,,EDELAMC - EBANKNIFTY,58.38,58.41,57.79,58.11,58.11,58.71,,58.11,,,712,41345.06,21,F1,1,,,,,
2026-07-14,2026-07-14,CM,NSE,STK,16253,INF754K01KO2,EBBETF0430,EQ,,,,,EDELAMC - EBBETF0430,1614.0,1614.0,1597.0,1609.28,1609.35,1605.11,,1609.33,,,4787,7702622.94,302,F1,1,,,,,
2026-07-14,2026-07-14,CM,NSE,STK,22239,INF754K01LE1,EBBETF0431,EQ,,,,,EDELAMC - EBBETF0431,1448.37,1448.37,1428.03,1432.4,1437.98,1437.36,,1432.4,,,55176,79071185.05,254,F1,1,,,,,
2026-07-14,2026-07-14,CM,NSE,STK,13139,INF754K01QX0,EBBETF0433,EQ,,,,,EDELAMC - EBBETF0433,1316.23,1316.23,1307.01,1307.97,1307.32,1316.14,,1307.97,,,2284,2993899.09,119,F1,1,,,,,
2026-07-14,2026-07-14,CM,NSE,STK,29019,INF754K01TX4,ECAPINSURE,EQ,,,,,EDELAMC - ECAPINSURE,24.94,24.94,24.35,24.55,24.64,24.64,,24.55,,,11632,284856.68,232,F1,1,,,,,
2026-07-14,2026-07-14,CM,NSE,STK,19933,INF754K01SE6,EGOLD,EQ,,,,,EDELAMC - EGOLD,141.4,141.4,140.05,140.5,140.55,141.7,,140.5,,,24677,3467516.45,406,F1,1,,,,,
2026-07-14,2026-07-14,CM,NSE,STK,759466,INF754K01VW2,ELIQUID,EQ,,,,,EDELAMC - ELIQUID,1039.22,1039.24,1039.22,1039.23,1039.24,1039.08,,1039.23,,,24981,25960974.82,12,F1,1,,,,,
2026-07-14,2026-07-14,CM,NSE,STK,758952,INF754K01VV4,ELM250,EQ,,,,,EDELAMC - ELM250,16.92,16.92,16.52,16.57,16.61,16.59,,16.57,,,26115,433473.15,94,F1,1,,,,,
2026-07-14,2026-07-14,CM,NSE,STK,25996,INF754K01TF1,EMULTIMQ,EQ,,,,,EDELAMC - EMULTIMQ,41.37,41.37,41.06,41.27,41.3,41.6,,41.27,,,23394,964775.99,222,F1,1,,,,,
2026-07-14,2026-07-14,CM,NSE,STK,763540,INF754K01XF3,ENEXT50,EQ,,,,,EDELAMC - ENEXT50,71.0,71.76,71.0,71.63,71.63,71.86,,71.63,,,288,20493.69,9,F1,1,,,,,
2026-07-14,2026-07-14,CM,NSE,STK,759998,INF754K01VX0,ENIFTY,EQ,,,,,EDELAMC - ENIFTY,24.96,24.96,24.15,24.17,24.19,24.36,,24.17,,,61701,1491400.22,52,F1,1,,,,,
2026-07-14,2026-07-14,CM,NSE,STK,759995,INF754K01VY8,ESENSEX,EQ,,,,,EDELAMC - ESENSEX,77.79,77.79,77.5,77.75,77.79,77.79,,77.75,,,121,9391.69,13,F1,1,,,,,
2026-07-14,2026-07-14,CM,NSE,STK,20257,INF754K01SF3,ESILVER,EQ,,,,,EDELAMC - ESILVER,214.47,218.06,214.47,217.72,217.45,216.57,,217.72,,,535708,116621768.76,1962,F1,1,,,,,
2026-07-14,2026-07-14,CM,NSE,STK,15119,INE532F01054,EDELWEISS,EQ,,,,,EDELWEISS FIN SERV LTD,123.5,123.5,119.15,119.54,119.26,123.93,,119.55,,,1588683,191136287.2,13553,F1,1,,,,,
2026-07-14,2026-07-14,CM,NSE,STK,758675,INE886D01026,EFCIL,EQ,,,,,EFC (I) LIMITED,193.0,199.0,192.0,197.51,198.5,195.34,,197.42,,,215767,42209059.79,3332,F1,1,,,,,
2026-07-14,2026-07-14,CM,NSE,STK,24438,INE0U9101019,EFFWA,ST,,,,,EFFWA INFRA & RESEARCH L,370.0,383.25,370.0,380.0,380.0,370.35,,380.0,,,3200,1212840.0,8,F1,400,,,,,
2026-07-14,2026-07-14,CM,NSE,STK,910,INE066A01021,EICHERMOT,EQ,,,,,EICHER MOTORS LTD,7257.0,7313.0,7140.0,7279.5,7259.0,7296.5,,7279.5,,,458624,3327523982.0,53319,F1,1,,,,,
2026-07-14,2026-07-14,CM,NSE,STK,916,INE126A01031,EIDPARRY,EQ,,,,,EID PARRY INDIA LTD,780.05,780.95,764.55,779.0,780.0,784.7,,779.0,,,390315,302326168.15,17058,F1,1,,,,,
2026-07-14,2026-07-14,CM,NSE,STK,15399,INE276C01014,EIHAHOTELS,EQ,,,,,EIH ASSOCIATED HOTELS LTD,328.4,330.9,323.05,329.45,330.0,326.25,,329.3,,,22728,7472617.6,1166,F1,1,,,,,
2026-07-14,2026-07-14,CM,NSE,STK,919,INE230A01023,EIHOTEL,EQ,,,,,EIH LIMITED,333.65,340.9,332.1,336.8,336.5,337.05,,336.85,,,260018,87943747.1,10583,F1,1,,,,,
2026-07-14,2026-07-14,CM,NSE,STK,4040,INE158B01016,EIMCOELECO,EQ,,,,,EIMCO ELECON (INDIA) LTD,1799.9,1799.9,1750.7,1765.9,1770.0,1792.0,,1765.9,,,23304,41229069.3,2937,F1,1,,,,,
2026-07-14,2026-07-14,CM,NSE,STK,762653,INE280B01018,ELANTAS,EQ,,,,,ELANTAS BECK INDIA LTD.,9529.0,9543.0,9408.0,9522.0,9421.0,9461.0,,9521.0,,,493,4673219.0,242,F1,1,,,,,
2026-07-14,2026-07-14,CM,NSE,STK,762658,INE927X01018,ELCIDIN,EQ,,,,,ELCID INVESTMENTS LTD.,113990.0,114555.0,112075.0,112075.0,112075.0,113985.0,,112790.0,,,5,564810.0,5,F1,1,,,,,
2026-07-14,2026-07-14,CM,NSE,STK,8953,INE668G01021,ELDEHSG,EQ,,,,,ELDECO HSG & IND LTD.,795.9,795.9,788.0,788.6,788.6,788.05,,788.6,,,29,22868.3,3,F1,1,,,,,
2026-07-14,2026-07-14,CM,NSE,STK,13643,INE205B01031,ELECON,EQ,,,,,ELECON ENG. CO. LTD,501.0,503.3,483.6,486.55,486.0,502.0,,486.6,,,402233,197322664.25,14164,F1,1,,,,,
2026-07-14,2026-07-14,CM,NSE,STK,20899,INE0Q1W01012,EFORCE,SM,,,,,ELECTRO FORCE (INDIA) LTD,22.35,23.4,22.35,23.35,23.4,22.35,,23.35,,,9600,222120.0,8,F1,1200,,,,,
2026-07-14,2026-07-14,CM,NSE,STK,11530,INE02YR01019,EMIL,EQ,,,,,ELECTRONICS MART IND LTD,130.01,132.8,127.4,132.01,132.32,131.82,,132.01,,,662505,86157827.66,12484,F1,1,,,,,
2026-07-14,2026-07-14,CM,NSE,STK,928,INE086A01029,ELECTCAST,EQ,,,,,ELECTROSTEEL CASTINGS LTD,77.0,77.88,75.77,76.02,76.1,77.81,,76.02,,,1207840,92485099.91,7945,F1,1,,,,,
2026-07-14,2026-07-14,CM,NSE,STK,4469,INE822G01016,ELECTHERM,EQ,,,,,ELECTROTHERM (I) LTD.,1115.0,1115.0,1080.0,1082.8,1082.0,1099.6,,1082.8,,,6421,7017934.3,783,F1,1,,,,,
2026-07-14,2026-07-14,CM,NSE,STK,29595,INE0R9101015,ELGNZ,SM,,,,,ELEGANZ INTERIORS LIMITED,84.15,91.8,84.15,91.0,91.8,85.8,,91.0,,,36000,3173000.0,34,F1,1000,,,,,
2026-07-14,2026-07-14,CM,NSE,STK,937,INE285A01027,ELGIEQUIP,EQ,,,,,ELGI EQUIPMENTS LTD,568.0,578.45,565.4,576.65,572.0,573.2,,576.65,,,176276,100923766.5,12260,F1,1,,,,,
2026-07-14,2026-07-14,CM,NSE,STK,24924,INE819L01012,ELGIRUBCO,EQ,,,,,ELGI RUBBER CO. LTD,55.25,57.6,55.25,57.15,57.6,57.34,,57.15,,,31001,1765224.78,767,F1,1,,,,,
2026-07-14,2026-07-14,CM,NSE,STK,13423,INE050401020,ELIN,EQ,,,,,ELIN ELECTRONICS LIMITED,99.44,104.38,98.49,101.36,103.35,99.35,,101.4,,,342934,34553483.79,3018,F1,1,,,,,
2026-07-14,2026-07-14,CM,NSE,STK,762663,INE669R01026,ELITECON,EQ,,,,,ELITECON INTERNATIONAL L,19.94,20.71,17.75,18.47,18.0,19.98,,18.44,,,9401111,180564792.13,19803,F1,1,,,,,
2026-07-14,2026-07-14,CM,NSE,STK,758563,INE236E01022,ELLEN,EQ,,,,,ELLENBARRIE INDUS GASES L,296.3,296.95,284.6,286.15,285.0,296.05,,286.15,,,220064,63660105.7,5570,F1,1,,,,,
2026-07-14,2026-07-14,CM,NSE,STK,4471,INE579B01039,ELPROINTL,EQ,,,,,ELPRO INTERNATIONAL LTD,171.2,174.4,171.2,174.15,174.33,173.81,,174.19,,,18314,3186597.07,130,F1,1,,,,,
2026-07-14,2026-07-14,CM,NSE,STK,13517,INE548C01032,EMAMILTD,EQ,,,,,EMAMI LIMITED,427.25,427.8,418.0,420.95,418.5,427.25,,420.95,,,1273497,537517987.0,7222,F1,1,,,,,
2026-07-14,2026-07-14,CM,NSE,STK,10074,INE830C01026,EMAMIPAP,EQ,,,,,EMAMI PAPER MILLS LIMITED,87.0,89.0,87.0,88.34,88.03,88.44,,88.31,,,13861,1225067.04,324,F1,1,,,,,
2026-07-14,2026-07-14,CM,NSE,STK,19281,INE778K01012,EMAMIREAL,BE,,,,,EMAMI REALTY LIMITED,78.99,79.95,76.25,79.12,79.38,79.21,,79.12,,,2749,215854.66,55,F1,1,,,,,
2026-07-14,2026-07-14,CM,NSE,STK,14450,INE069I01010,EMBDL,EQ,,,,,EMBASSY DEVELOPMENTS LTD,66.45,66.93,64.11,64.79,64.5,66.93,,64.79,,,1985395,128910187.57,9628,F1,1,,,,,
2026-07-14,2026-07-14,CM,NSE,STK,9383,INE041025011,EMBASSY,RR,,,,,EMBASSY OFFICE PARKS REIT,444.4,447.9,441.01,442.81,442.36,443.45,,442.82,,,209903,93101323.28,17179,F1,1,,,,,
2026-07-14,2026-07-14,CM,NSE,STK,24398,INE168P01015,EMCURE,EQ,,,,,EMCURE PHARMACEUTICALS L,1789.7,1840.0,1786.1,1810.1,1810.0,1793.3,,1810.1,,,138088,250489949.8,12482,F1,1,,,,,
2026-07-14,2026-07-14,CM,NSE,STK,27629,INE0RHD01013,ETML,SM,,,,,EMERALD TYRE MANUF LTD,82.5,82.5,80.4,80.45,80.4,82.5,,80.45,,,10800,883440.0,8,F1,1200,,,,,
2026-07-14,2026-07-14,CM,NSE,STK,13421,INE296H01011,EMKAY,EQ,,,,,EMKAY GLOBAL FIN SERV LTD,263.9,263.9,258.3,259.75,260.0,264.75,,259.8,,,24285,6314960.45,954,F1,1,,,,,
2026-07-14,2026-07-14,CM,NSE,STK,10253,INE332S01011,EMKAYTOOLS,SM,,,,,EMKAY TAP & CUT. TOOL LTD,92.95,96.8,85.5,92.0,92.0,94.8,,92.0,,,6000,538102.5,39,F1,150,,,,,
2026-07-14,2026-07-14,CM,NSE,STK,758591,INE0PXC01024,ETL,SM,,,,,EMKAY TOOLS LIMITED,985.0,985.0,950.0,950.0,950.0,987.5,,950.0,,,900,866400.0,5,F1,150,,,,,
2026-07-14,2026-07-14,CM,NSE,STK,18146,INE753K01015,EMMBI,BE,,,,,EMMBI INDUSTRIES LIMITED,91.67,92.8,90.1,91.54,92.3,91.67,,91.54,,,4322,395450.72,42,F1,1,,,,,
2026-07-14,2026-07-14,CM,NSE,STK,759728,INE1C6T01020,EMMVEE,EQ,,,,,EMMVEE PHOTOVOLTAIC PWR L,337.95,347.3,333.0,334.15,334.2,339.2,,334.15,,,2680086,910108107.85,38614,F1,1,,,,,
2026-07-14,2026-07-14,CM,NSE,STK,762673,INE507F01023,EMPOWER,BE,,,,,EMPOWER INDIA LTD.,2.23,2.29,2.2,2.24,2.25,2.19,,2.24,,,4188050,9376800.48,1646,F1,1,,,,,
2026-07-14,2026-07-14,CM,NSE,STK,18593,INE0OV601013,EMSLIMITED,EQ,,,,,EMS LIMITED,445.0,449.9,427.05,429.55,430.3,441.15,,429.55,,,985942,429700587.7,18497,F1,1,,,,,
2026-07-14,2026-07-14,CM,NSE,STK,9756,INE01QM01018,EMUDHRA,EQ,,,,,EMUDHRA LIMITED,454.7,465.0,453.0,458.7,460.7,456.15,,458.7,,,169797,78157550.0,6404,F1,1,,,,,
2026-07-14,2026-07-14,CM,NSE,STK,760321,INE433T01015,ENCOMPAS,SM,,,,,ENCOMPASS DESIGN INDIA L,251.0,255.15,245.0,246.4,245.0,248.5,,246.4,,,10000,2491360.0,21,F1,400,,,,,
2026-07-14,2026-07-14,CM,NSE,STK,18822,INE913H01037,ENDURANCE,EQ,,,,,ENDURANCE TECHNO. LTD.,2671.0,2690.0,2621.0,2681.1,2661.2,2698.2,,2681.1,,,105883,281433138.3,15966,F1,1,,,,,
2026-07-14,2026-07-14,CM,NSE,STK,15049,INE306C01019,ENERGYDEV,EQ,,,,,ENERGY DEVE. CO.LTD,17.37,17.49,16.72,17.0,17.01,17.2,,17.0,,,33155,563802.35,178,F1,1,,,,,
2026-07-14,2026-07-14,CM,NSE,STK,23745,INE0S1L01013,EMMIL,SM,,,,,ENERGY MISSION MACH IND L,125.0,131.0,125.0,131.0,131.0,127.0,,131.0,,,3500,443650.0,11,F1,250,,,,,
2026-07-14,2026-07-14,CM,NSE,STK,23224,INE0S3X01014,ENFUSE,SM,,,,,ENFUSE SOLUTIONS LIMITED,172.0,172.45,169.0,171.0,171.0,170.2,,171.0,,,2400,410670.0,4,F1,600,,,,,
2026-07-14,2026-07-14,CM,NSE,STK,4907,INE510A01028,ENGINERSIN,EQ,,,,,ENGINEERS INDIA LTD,235.0,235.48,226.24,228.68,229.0,236.66,,228.68,,,3320512,759063533.61,37970,F1,1,,,,,
2026-07-14,2026-07-14,CM,NSE,STK,23233,INE0R9I01021,ENSER,ST,,,,,ENSER COMMUNICATIONS LTD,13.95,13.95,13.95,13.95,13.95,14.0,,13.95,,,5000,69750.0,1,F1,5000,,,,,
2026-07-14,2026-07-14,CM,NSE,STK,22717,INE010601016,ENTERO,EQ,,,,,ENTERO HEALTHCARE SOLU L,1248.4,1250.0,1219.5,1241.6,1248.0,1241.8,,1241.7,,,81441,101289754.0,10060,F1,1,,,,,
2026-07-14,2026-07-14,CM,NSE,STK,13192,INE265F01028,ENIL,EQ,,,,,ENTERTAIN NET. IND. LTD.,107.16,107.48,105.4,106.31,106.0,105.98,,106.31,,,211957,22456662.11,1221,F1,1,,,,,
2026-07-14,2026-07-14,CM,NSE,STK,27213,INE0LLY01014,EIEL,EQ,,,,,ENVIRO INFRA ENGINEERS L,234.9,235.64,226.62,227.5,227.25,235.89,,227.49,,,1560108,357492538.07,18943,F1,1,,,,,
2026-07-14,2026-07-14,CM,NSE,STK,25412,INE0SUH01015,ENVIRO,SM,,,,,ENVIROTECH SYSTEMS LTD,84.0,85.0,82.0,85.0,85.0,85.0,,85.0,,,15000,1257050.0,14,F1,1000,,,,,
2026-07-14,2026-07-14,CM,NSE,STK,22463,INE0G5901015,EPACK,EQ,,,,,EPACK DURABLE LIMITED,240.86,241.54,236.0,237.29,236.9,241.8,,237.3,,,359973,85705979.15,6318,F1,1,,,,,
2026-07-14,2026-07-14,CM,NSE,STK,759251,INE0MLS01022,EPACKPEB,EQ,,,,,EPACK PREFAB TECHN LTD,278.0,281.08,266.0,275.75,275.5,278.32,,275.79,,,842455,230693886.57,15906,F1,1,,,,,
2026-07-14,2026-07-14,CM,NSE,STK,5382,INE071N01016,EPIGRAL,EQ,,,,,EPIGRAL LIMITED,1069.0,1070.0,1033.1,1048.0,1051.8,1068.5,,1048.0,,,67074,70074133.1,4648,F1,1,,,,,
2026-07-14,2026-07-14,CM,NSE,STK,981,INE255A01020,EPL,EQ,,,,,EPL LIMITED,235.1,236.8,232.89,234.78,234.98,236.83,,234.77,,,224417,52681307.42,7395,F1,1,,,,,
2026-07-14,2026-07-14,CM,NSE,STK,758346,INE11HF01010,EEPL,SM,,,,,EPPELTONE ENGINEERS LTD,112.3,115.7,112.3,115.7,115.7,111.95,,115.7,,,9000,1023800.0,8,F1,1000,,,,,
2026-07-14,2026-07-14,CM,NSE,STK,761217,INE1KEC01023,EPWINDIA,ST,,,,,EPW INDIA LIMITED,282.0,282.05,276.0,280.0,280.0,277.85,,280.0,,,14400,4014060.0,12,F1,1200,,,,,
2026-07-14,2026-07-14,CM,NSE,STK,3553,INE217G01035,EQUIPPP,BE,,,,,EQUIPPP SOC IMP TECH LTD,24.21,24.74,23.21,24.48,24.36,24.21,,24.49,,,57527,1397869.94,73,F1,1,,,,,
2026-07-14,2026-07-14,CM,NSE,STK,913,INE063P01018,EQUITASBNK,EQ,,,,,EQUITAS SMALL FIN BNK LTD,83.38,83.38,79.55,79.94,80.09,83.07,,79.94,,,2820502,227802363.24,14663,F1,1,,,,,
2026-07-14,2026-07-14,CM,NSE,STK,21154,INE406M01024,ERIS,EQ,,,,,ERIS LIFESCIENCES LIMITED,1454.9,1473.2,1426.8,1453.1,1441.6,1449.9,,1452.9,,,65995,95897021.2,12186,F1,1,,,,,
2026-07-14,2026-07-14,CM,NSE,STK,955,INE284A01012,ESABINDIA,EQ,,,,,ESAB INDIA LTD,5693.0,5707.5,5622.0,5651.0,5663.0,5687.5,,5650.5,,,2492,14052227.0,788,F1,1,,,,,
2026-07-14,2026-07-14,CM,NSE,STK,19878,INE818W01011,ESAFSFB,EQ,,,,,ESAF SMALL FINANCE BANK L,35.35,35.58,34.53,35.04,35.13,35.43,,35.04,,,1085000,38020390.24,3584,F1,1,,,,,
2026-07-14,2026-07-14,CM,NSE,STK,22767,INE0RQZ01017,ESCONET,ST,,,,,ESCONET TECHNOLOGIES LTD,127.05,127.05,125.0,127.05,127.05,121.0,,127.05,,,38800,4915300.0,72,F1,400,,,,,
2026-07-14,2026-07-14,CM,NSE,STK,958,INE042A01014,ESCORTS,EQ,,,,,ESCORTS KUBOTA LIMITED,2958.0,2968.0,2919.7,2928.4,2930.5,2969.7,,2928.4,,,45372,133059365.4,5399,F1,1,,,,,
2026-07-14,2026-07-14,CM,NSE,STK,24678,INE0SBP01018,ESPRIT,SM,,,,,ESPRIT STONES LIMITED,57.1,59.5,57.1,57.25,57.25,57.45,,57.25,,,9600,557600.0,6,F1,1600,,,,,
2026-07-14,2026-07-14,CM,NSE,STK,25634,INE122M01019,ESSARSHPNG,EQ,,,,,ESSAR SHIPPING LTD,22.38,22.38,18.61,20.17,20.15,22.24,,20.17,,,2630073,52230115.29,10183,F1,1,,,,,
2026-07-14,2026-07-14,CM,NSE,STK,17087,INE0ITO01014,ESFL,ST,,,,,ESSEN SPECIALITY FILMS L,111.55,116.4,111.55,114.0,114.0,112.1,,114.0,,,5040,575172.0,14,F1,360,,,,,
2026-07-14,2026-07-14,CM,NSE,STK,24265,INE778B01029,ESTER,EQ,,,,,ESTER INDUSTRIES LTD,89.92,90.0,86.72,88.55,87.35,89.92,,88.55,,,53982,4792519.94,1410,F1,1,,,,,
2026-07-14,2026-07-14,CM,NSE,STK,5097,INE758T01015,ETERNAL,EQ,,,,,ETERNAL LIMITED,283.05,287.9,278.55,286.15,286.0,285.2,,286.15,,,42966836,12157758905.3,151895,F1,1,,,,,
2026-07-14,2026-07-14,CM,NSE,STK,9750,INE04TZ01018,ETHOSLTD,EQ,,,,,ETHOS LIMITED,2649.0,2713.0,2594.5,2645.7,2685.0,2649.0,,2644.8,,,36160,95784915.5,6303,F1,1,,,,,
2026-07-14,2026-07-14,CM,NSE,STK,25162,INE0KCE01017,EUREKAFORB,EQ,,,,,EUREKA FORBES LIMITED,459.8,474.05,458.15,469.0,467.05,459.8,,468.95,,,339445,158588231.3,12595,F1,1,,,,,
2026-07-14,2026-07-14,CM,NSE,STK,6042,INE546V01010,EIFFL,BE,,,,,EURO (I) FRESH FOODS LTD,335.25,335.25,315.45,334.3,335.0,331.95,,334.3,,,7955,2614343.95,92,F1,1,,,,,
2026-07-14,2026-07-14,CM,NSE,STK,757953,INE505V01016,EUROBOND,EQ,,,,,EURO PANEL PRODUCTS LTD,166.0,169.75,160.0,163.06,163.0,168.16,,163.14,,,13459,2196633.83,669,F1,1,,,,,
2026-07-14,2026-07-14,CM,NSE,STK,759797,INE198501012,EUROPRATIK,EQ,,,,,EURO PRATIK SALES LIMITED,310.0,313.85,305.55,311.75,309.0,312.4,,311.75,,,114337,35323431.25,2934,F1,1,,,,,
2026-07-14,2026-07-14,CM,NSE,STK,8886,INE022C01012,EUROTEXIND,BE,,,,,EUROTEX IND & EXPORTS LTD,14.51,14.51,14.51,14.51,14.51,14.51,,14.29,,,313,4541.63,2,F1,1,,,,,
2026-07-14,2026-07-14,CM,NSE,STK,11782,INE128A01029,EVEREADY,EQ,,,,,EVEREADY INDS. IND.  LTD.,351.45,358.0,345.0,346.3,346.9,354.25,,346.3,,,168352,59193791.5,7519,F1,1,,,,,
2026-07-14,2026-07-14,CM,NSE,STK,6017,INE295A01018,EVERESTIND,BE,,,,,EVEREST INDUSTRIES LTD,513.0,534.9,513.0,521.3,519.0,513.4,,521.3,,,23436,12288759.6,312,F1,1,,,,,
2026-07-14,2026-07-14,CM,NSE,STK,13091,INE184H01027,EKC,EQ,,,,,EVEREST KANTO CYLINDERLTD,114.06,115.39,113.25,114.54,114.9,115.53,,114.51,,,101740,11613097.99,1414,F1,1,,,,,
2026-07-14,2026-07-14,CM,NSE,STK,11471,INE369A01029,EXCELINDUS,EQ,,,,,EXCEL INDUSTRIES LTD,911.45,911.45,887.6,890.85,890.0,911.4,,890.85,,,14145,12666961.05,639,F1,1,,,,,
2026-07-14,2026-07-14,CM,NSE,STK,25327,INE0Y4801011,EXCELLENT,ST,,,,,EXCELLENT WIRES N PACK L,205.0,205.0,200.0,202.55,202.55,204.9,,202.55,,,6400,1292160.0,4,F1,1600,,,,,
2026-07-14,2026-07-14,CM,NSE,STK,760007,INE606N01019,EXCELSOFT,EQ,,,,,EXCELSOFT TECHNOLOGIES L,79.93,80.09,78.5,78.77,78.7,79.93,,78.77,,,209919,16648331.49,1698,F1,1,,,,,
2026-07-14,2026-07-14,CM,NSE,STK,22947,INE777F01014,EXICOM,EQ,,,,,EXICOM TELE SYSTEMS LTD,167.0,168.34,161.2,163.06,162.0,168.35,,163.02,,,1174422,193376282.27,10547,F1,1,,,,,
2026-07-14,2026-07-14,CM,NSE,STK,676,INE302A01020,EXIDEIND,EQ,,,,,EXIDE INDUSTRIES LTD,421.0,424.0,417.8,419.45,418.25,423.4,,419.45,,,1745862,733676404.05,26326,F1,1,,,,,
2026-07-14,2026-07-14,CM,NSE,STK,760422,INE19I001020,EXIMROUTES,SM,,,,,EXIM ROUTES LIMITED,108.0,110.0,108.0,110.0,110.0,108.0,,110.0,,,199200,21910400.0,5,F1,800,,,,,
2026-07-14,2026-07-14,CM,NSE,STK,17486,INE201K01015,EXPLEOSOL,EQ,,,,,EXPLEO SOLUTIONS LIMITED,822.0,831.0,801.2,803.15,804.0,823.05,,803.25,,,15304,12464899.75,1443,F1,1,,,,,
2026-07-14,2026-07-14,CM,NSE,STK,5352,INE0GFE01026,EXXARO,EQ,,,,,EXXARO TILES LIMITED,6.52,6.75,6.52,6.53,6.53,6.55,,6.53,,,167529,1103436.32,393,F1,1,,,,,
2026-07-14,2026-07-14,CM,NSE,STK,760125,INE0HF201011,FABTECH,EQ,,,,,FABTECH TECHNOLOGIES LTD,158.9,159.8,155.22,158.1,158.86,158.27,,158.1,,,302022,47362945.44,2986,F1,1,,,,,
2026-07-14,2026-07-14,CM,NSE,STK,1008,INE188A01015,FACT,EQ,,,,,FACT LTD,852.0,855.85,841.0,844.35,842.0,855.85,,844.45,,,55501,46960780.95,4992,F1,1,,,,,
2026-07-14,2026-07-14,CM,NSE,STK,1619,INE0DNW01011,FAIRCHEMOR,BE,,,,,FAIRCHEM ORGANICS LIMITED,692.1,725.0,681.0,707.65,706.45,692.1,,707.65,,,7415,5243445.2,270,F1,1,,,,,
2026-07-14,2026-07-14,CM,NSE,STK,24150,INE0PQK01013,FALCONTECH,SM,,,,,FALCON TECHNOPROJ IND LTD,11.2,11.45,11.2,11.45,11.45,11.55,,11.45,,,8400,94500.0,7,F1,1200,,,,,
2026-07-14,2026-07-14,CM,NSE,STK,12000,INE963C01033,FAZE3Q,EQ,,,,,FAZE THREE LIMITED,593.9,594.8,570.0,577.55,570.0,593.9,,578.35,,,23974,13941709.15,1067,F1,1,,,,,
2026-07-14,2026-07-14,CM,NSE,STK,12002,INE512B01022,FCSSOFT,BE,,,,,FCS SOFTWARE SOLN. LTD.,1.59,1.64,1.58,1.64,1.64,1.57,,1.64,,,1488278,2426282.59,1051,F1,1,,,,,
2026-07-14,2026-07-14,CM,NSE,STK,4898,INE258B01022,FDC,EQ,,,,,FDC LIMITED,428.0,431.85,420.35,421.65,423.75,428.0,,421.65,,,81286,34491824.85,8755,F1,1,,,,,
2026-07-14,2026-07-14,CM,NSE,STK,20322,INE007N01010,FEDFINA,EQ,,,,,FEDBANK FINANCIAL SER L,158.22,158.22,154.0,154.85,155.13,157.25,,154.84,,,797593,123906000.31,9308,F1,1,,,,,
2026-07-14,2026-07-14,CM,NSE,STK,762675,INE417D01020,FEDDERSHOL,EQ,,,,,FEDDERS HOLDING LTD.,44.8,45.0,43.95,44.69,45.0,44.21,,44.69,,,379541,16905601.99,2137,F1,1,,,,,
2026-07-14,2026-07-14,CM,NSE,STK,1023,INE171A01029,FEDERALBNK,EQ,,,,,FEDERAL BANK LTD,331.0,332.8,326.15,327.5,328.5,332.5,,327.5,,,3477293,1139921465.85,53772,F1,1,,,,,
2026-07-14,2026-07-14,CM,NSE,STK,1190,INE529A01010,FMGOETZE,EQ,,,,,FEDERAL-MOGUL GOETZE (IND,474.8,485.6,463.0,468.65,469.0,471.25,,468.65,,,149856,70985028.25,3759,F1,1,,,,,
2026-07-14,2026-07-14,CM,NSE,STK,573,INE901X01013,FELIX,SM,,,,,FELIX INDUSTRIES LTD.,186.65,187.9,181.5,185.1,187.6,183.95,,185.1,,,62500,11527900.0,78,F1,500,,,,,
2026-07-14,2026-07-14,CM,NSE,STK,762680,INE225B01021,FERMENTA,EQ,,,,,FERMENTA BIOTECH LTD.,442.05,479.45,437.0,450.1,458.0,445.05,,450.2,,,891989,410923639.65,27875,F1,1,,,,,
2026-07-14,2026-07-14,CM,NSE,STK,8159,INE296C01020,FIBERWEB,EQ,,,,,FIBERWEB INDIA LIMITED,31.0,31.48,30.4,30.92,30.9,31.23,,30.92,,,11881,365844.54,109,F1,1,,,,,
2026-07-14,2026-07-14,CM,NSE,STK,9858,INE0LQQ01019,FIDEL,SM,,,,,FIDEL SOFTECH LIMITED,141.05,158.4,139.0,155.65,158.4,146.9,,155.65,,,14000,2086350.0,14,F1,1000,,,,,
2026-07-14,2026-07-14,CM,NSE,STK,13710,INE737H01014,FIEMIND,EQ,,,,,FIEM INDUSTRIES LIMITED,2236.8,2236.8,2205.1,2218.5,2229.0,2236.8,,2218.5,,,23590,52367174.2,5400,F1,1,,,,,
2026-07-14,2026-07-14,CM,NSE,STK,23651,INE185E01021,FILATFASH,BE,,,,,FILATEX FASHIONS LIMITED,0.19,0.2,0.18,0.19,0.19,0.19,,0.19,,,15124174,2855696.77,2253,F1,1,,,,,
2026-07-14,2026-07-14,CM,NSE,STK,24532,INE816B01035,FILATEX,EQ,,,,,FILATEX INDIA LTD,64.0,64.0,60.51,61.69,61.3,64.38,,61.69,,,2863533,177469226.76,13784,F1,1,,,,,
2026-07-14,2026-07-14,CM,NSE,STK,759776,INE0EDU01014,FINBUD,SM,,,,,FINBUD FINANCIAL SERV LTD,123.9,126.75,120.25,124.9,126.75,120.8,,124.9,,,27000,3352550.0,26,F1,1000,,,,,
2026-07-14,2026-07-14,CM,NSE,STK,3744,INE686Y01026,FINEORG,EQ,,,,,FINE ORGANIC IND. LTD.,5050.0,5055.0,4950.0,4984.0,4965.0,5024.0,,4984.0,,,8593,42829332.0,1734,F1,1,,,,,
2026-07-14,2026-07-14,CM,NSE,STK,6198,INE045J01034,FCL,EQ,,,,,FINEOTEX CHEMICAL LIMITED,36.2,36.94,35.13,35.69,35.87,36.18,,35.7,,,6788597,243216704.92,17599,F1,1,,,,,
2026-07-14,2026-07-14,CM,NSE,STK,759239,INE734I01027,FINKURVE,EQ,,,,,FINKURVE FINANCIAL SERV L,65.2,66.3,64.0,65.88,64.02,65.73,,65.88,,,46556,3061666.74,464,F1,1,,,,,
2026-07-14,2026-07-14,CM,NSE,STK,6579,INE02NC01014,FINOPB,EQ,,,,,FINO PAYMENTS BANK LTD,164.8,189.47,163.65,176.4,175.39,161.33,,176.42,,,50668801,9096771116.92,282261,F1,1,,,,,
2026-07-14,2026-07-14,CM,NSE,STK,1038,INE235A01022,FINCABLES,EQ,,,,,FINOLEX CABLES LTD,1050.0,1052.9,1027.7,1032.7,1032.1,1058.4,,1032.7,,,236877,245526816.0,15165,F1,1,,,,,
2026-07-14,2026-07-14,CM,NSE,STK,1041,INE183A01024,FINPIPE,EQ,,,,,FINOLEX INDUSTRIES LTD,168.8,168.81,166.02,166.51,166.42,168.56,,166.51,,,761398,127140705.64,14537,F1,1,,,,,
2026-07-14,2026-07-14,CM,NSE,STK,14304,INE684F01012,FSL,EQ,,,,,FIRSTSOURCE SOLU. LTD.,264.0,274.01,262.86,264.15,263.55,265.06,,264.15,,,3347876,896214564.63,65302,F1,1,,,,,
2026-07-14,2026-07-14,CM,NSE,STK,757658,INE771F01041,FISCHER,EQ,,,,,FISCHER MEDICAL VENTURE L,38.27,38.43,37.45,37.98,37.55,38.27,,37.98,,,1937650,73806345.56,3363,F1,1,,,,,
2026-07-14,2026-07-14,CM,NSE,STK,12032,INE128S01021,FIVESTAR,EQ,,,,,FIVE-STAR BUS FIN LTD,542.0,549.9,541.25,547.0,547.8,544.1,,547.0,,,552337,300629429.95,14468,F1,1,,,,,
2026-07-14,2026-07-14,CM,NSE,STK,20372,INE00Y201027,FLAIR,EQ,,,,,FLAIR WRITING INDUST LTD,261.1,265.2,258.65,261.8,262.4,264.15,,261.8,,,187384,49030699.35,2709,F1,1,,,,,
2026-07-14,2026-07-14,CM,NSE,STK,25516,INE060J01017,FLEXITUFF,BE,,,,,FLEXITUFF VENTURES INT L,5.13,5.19,4.9,5.09,5.09,5.06,,4.95,,,7899,39758.36,39,F1,1,,,,,
2026-07-14,2026-07-14,CM,NSE,STK,758208,INE0VCK01011,FLYSBS,SM,,,,,FLYSBS AVIATION LIMITED,471.45,471.45,460.0,460.6,460.1,471.45,,460.6,,,29600,13712200.0,98,F1,200,,,,,
2026-07-14,2026-07-14,CM,NSE,STK,6839,INE593W01028,FOCUS,BE,,,,,FOCUS LIGHTG & FIXTRS LTD,82.5,82.5,80.05,80.44,80.2,82.09,,80.44,,,3938,320031.49,134,F1,1,,,,,
2026-07-14,2026-07-14,CM,NSE,STK,22517,INE0Q4701019,FONEBOX,SM,,,,,FONEBOX RETAIL LIMITED,73.0,73.0,73.0,73.0,73.0,74.25,,73.0,,,1000,73000.0,1,F1,1000,,,,,
2026-07-14,2026-07-14,CM,NSE,STK,6673,INE976E01023,FOODSIN,EQ,,,,,FOODS & INNS LIMITED,61.43,63.84,60.49,61.24,61.8,61.1,,61.24,,,117528,7231797.8,1264,F1,1,,,,,
2026-07-14,2026-07-14,CM,NSE,STK,24914,INE0U2501017,FORCAS,SM,,,,,FORCAS STUDIO LIMITED,131.0,135.95,130.5,132.3,130.5,134.95,,132.3,,,97600,12939440.0,60,F1,1600,,,,,
2026-07-14,2026-07-14,CM,NSE,STK,11573,INE451A01017,FORCEMOT,EQ,,,,,FORCE MOTORS LIMITED,17895.0,17896.0,17620.0,17660.0,17642.0,17963.0,,17660.0,,,56254,996976294.0,16268,F1,1,,,,,
2026-07-14,2026-07-14,CM,NSE,STK,14592,INE061F01013,FORTIS,EQ,,,,,FORTIS HEALTHCARE LTD,963.5,972.5,960.05,969.75,972.0,963.5,,969.75,,,870920,839714618.9,21150,F1,1,,,,,
2026-07-14,2026-07-14,CM,NSE,STK,1073,INE519A01011,FOSECOIND,EQ,,,,,FOSECO INDIA LTD,5126.0,5220.0,5115.0,5135.0,5139.0,5189.0,,5135.0,,,1432,7379696.0,395,F1,1,,,,,
2026-07-14,2026-07-14,CM,NSE,STK,760961,INE212S01015,FRACTAL,EQ,,,,,FRACTAL ANALYTICS LIMITED,848.5,858.45,826.6,833.7,836.0,854.0,,833.65,,,307661,259489917.3,21616,F1,1,,,,,
2026-07-14,2026-07-14,CM,NSE,STK,25868,INE0SFW01015,FRESHARA,SM,,,,,FRESHARA AGRO EXPORTS LTD,323.85,323.85,313.0,314.65,314.0,323.55,,314.65,,,61200,19489770.0,83,F1,600,,,,,
2026-07-14,2026-07-14,CM,NSE,STK,11504,INE385O01018,FROG,ST,,,,,FROG INNOVATIONS LIMITED,173.75,173.75,162.3,167.0,167.0,168.65,,167.0,,,32800,5417560.0,44,F1,400,,,,,
2026-07-14,2026-07-14,CM,NSE,STK,762685,INE572D01014,FRONTSP,EQ,,,,,FRONTIER SPRINGS LTD.,1429.5,1434.9,1402.2,1409.2,1420.0,1429.5,,1409.3,,,8443,11930345.1,1555,F1,1,,,,,
2026-07-14,2026-07-14,CM,NSE,STK,6545,INE388Y01029,NYKAA,EQ,,,,,FSN E COMMERCE VENTURES,327.25,329.6,322.4,324.45,323.75,328.4,,324.45,,,5358871,1747992803.6,89462,F1,1,,,,,
2026-07-14,2026-07-14,CM,NSE,STK,759876,INE12UR01024,UTLSOLAR,EQ,,,,,FUJIYAMA POWER SYSTEMS L,400.0,400.0,381.05,383.3,381.05,401.1,,383.4,,,824482,318409705.4,15170,F1,1,,,,,
2026-07-14,2026-07-14,CM,NSE,STK,11932,INE139R01012,FUSION,EQ,,,,,FUSION FINANCE LIMITED,237.14,237.5,229.12,230.09,230.64,237.14,,230.09,,,556918,129401590.29,8992,F1,1,,,,,
2026-07-14,2026-07-14,CM,NSE,STK,14868,INE452O01016,FLFL,BZ,,,,,FUT LIFESTYLE FASH LTD,1.35,1.35,1.27,1.29,1.28,1.32,,1.29,,,18122,23218.97,39,F1,1,,,,,
2026-07-14,2026-07-14,CM,NSE,STK,13812,INE623B01027,FEL,BZ,,,,,FUTURE ENTERPRISES LTD,0.38,0.38,0.38,0.38,0.38,0.37,,0.49,,,30922,11750.36,48,F1,1,,,,,
2026-07-14,2026-07-14,CM,NSE,STK,30491,IN9623B01058,FELDVR,BZ,,,,,FUTURE ENTERPRISES LTD,2.42,2.5,2.35,2.47,2.47,2.47,,2.46,,,1148,2824.64,14,F1,1,,,,,
2026-07-14,2026-07-14,CM,NSE,STK,21021,INE360L01017,FMNL,BE,,,,,FUTURE MKT NETWORKS LTD,9.97,10.09,9.9,9.95,9.95,10.0,,9.95,,,8441,84088.47,50,F1,1,,,,,
2026-07-14,2026-07-14,CM,NSE,STK,1168,INE075D01018,GMBREW,EQ,,,,,G M BREWERIES LTD,917.0,927.45,908.05,913.2,914.75,916.95,,913.45,,,56019,51412884.75,3220,F1,1,,,,,
2026-07-14,2026-07-14,CM,NSE,STK,5054,INE201P01022,GRINFRA,EQ,,,,,G R INFRAPROJECTS LIMITED,900.0,907.25,887.55,905.0,900.0,905.1,,905.0,,,14398,12952507.45,1823,F1,1,,,,,
2026-07-14,2026-07-14,CM,NSE,STK,1135,INE586X01012,GTECJAINX,BE,,,,,G-TEC JAINX EDUCATION LTD,25.33,25.84,25.33,25.5,25.5,25.84,,25.5,,,4330,110258.94,29,F1,1,,,,,
2026-07-14,2026-07-14,CM,NSE,STK,1085,INE524A01029,GABRIEL,EQ,,,,,GABRIEL INDIA LTD,1250.5,1263.0,1238.2,1248.6,1253.0,1265.0,,1248.6,,,195635,244417297.9,13160,F1,1,,,,,
2026-07-14,2026-07-14,CM,NSE,STK,17888,INE224E01028,GATECH,EQ,,,,,GACM TECHNOLOGIES LIMITED,0.48,0.49,0.47,0.47,0.48,0.48,,0.47,,,2952597,1419209.57,759,F1,1,,,,,
2026-07-14,2026-07-14,CM,NSE,STK,17,INE224E01036,GATECHDVR,EQ,,,,,GACM TECHNOLOGIES LIMITED,0.45,0.45,0.42,0.43,0.43,0.44,,0.43,,,376147,164047.71,146,F1,1,,,,,
2026-07-14,2026-07-14,CM,NSE,STK,4717,INE129A01019,GAIL,EQ,,,,,GAIL (INDIA) LTD,172.3,172.9,170.95,171.51,171.5,173.12,,171.51,,,5005945,860393576.2,28930,F1,1,,,,,
2026-07-14,2026-07-14,CM,NSE,STK,25134,INE0RE001014,GALAPREC,EQ,,,,,GALA PRECISION ENG LTD,1150.0,1159.2,1130.3,1139.6,1147.0,1156.8,,1139.7,,,22834,26096336.4,3021,F1,1,,,,,
2026-07-14,2026-07-14,CM,NSE,STK,1315,INE600K01018,GALAXYSURF,EQ,,,,,GALAXY SURFACTANTS LTD,1999.9,2020.0,1951.0,1959.0,1952.2,1981.3,,1959.0,,,14373,28445966.4,1603,F1,1,,,,,
2026-07-14,2026-07-14,CM,NSE,STK,13337,INE297H01019,GALLANTT,EQ,,,,,GALLANTT ISPAT LIMITED,714.0,727.0,675.0,686.05,680.0,700.95,,686.05,,,188662,133448068.25,10796,F1,1,,,,,
2026-07-14,2026-07-14,CM,NSE,STK,20303,INE717W01049,GANDHAR,EQ,,,,,GANDHAR OIL REFINE IND L,204.0,206.4,201.31,203.27,202.89,206.12,,203.28,,,461951,94016336.53,6192,F1,1,,,,,
2026-07-14,2026-07-14,CM,NSE,STK,14116,INE524B01027,GANDHITUBE,EQ,,,,,GANDHI SPL. TUBES LTD,863.65,879.8,855.1,866.4,862.0,860.8,,866.4,,,5140,4455674.25,411,F1,1,,,,,
2026-07-14,2026-07-14,CM,NSE,STK,5614,INE388A01029,GANESHBE,EQ,,,,,GANESH BENZOPLAST LIMITED,97.2,98.68,95.2,96.54,96.0,98.17,,96.52,,,76521,7398761.96,1705,F1,1,,,,,
2026-07-14,2026-07-14,CM,NSE,STK,759012,INE652V01016,GANESHCP,EQ,,,,,GANESH CONSUMER PRODUCT L,189.1,189.1,182.45,184.41,183.0,189.23,,184.4,,,72243,13374933.81,1583,F1,1,,,,,
2026-07-14,2026-07-14,CM,NSE,STK,24439,INE0R8C01018,GGBL,SM,,,,,GANESH GREEN BHARAT LTD,262.0,263.35,259.2,260.8,260.25,263.8,,260.8,,,20100,5267700.0,50,F1,300,,,,,
2026-07-14,2026-07-14,CM,NSE,STK,14339,INE460C01014,GANESHHOU,EQ,,,,,GANESH HOUSING LIMITED,870.0,871.0,845.5,857.3,853.0,872.9,,857.3,,,33782,28938968.2,3321,F1,1,,,,,
2026-07-14,2026-07-14,CM,NSE,STK,27351,INE0TVT01024,GANESHIN,ST,,,,,GANESH INFRAWORLD LIMITED,92.2,93.0,90.6,90.8,90.6,92.2,,90.8,,,32800,3000800.0,26,F1,800,,,,,
2026-07-14,2026-07-14,CM,NSE,STK,6944,INE845D01014,GANECOS,EQ,,,,,GANESHA ECOSPHERE LIMITED,1112.0,1155.0,1111.05,1122.95,1123.0,1122.65,,1123.05,,,98070,111233792.4,6524,F1,1,,,,,
2026-07-14,2026-07-14,CM,NSE,STK,757525,INE0ZI101018,GANGABATH,SM,,,,,GANGA BATH FITTINGS LTD,20.9,21.95,20.9,21.95,21.95,21.85,,21.95,,,6000,128550.0,2,F1,3000,,,,,
2026-07-14,2026-07-14,CM,NSE,STK,4959,INE691Z01023,GANGAFORGE,BE,,,,,GANGA FORGING LIMITED,2.04,2.09,2.0,2.0,2.0,2.1,,2.0,,,482434,968260.02,828,F1,1,,,,,
2026-07-14,2026-07-14,CM,NSE,STK,764055,INE691Z20015,GANGAFO-RE,BE,,,,,GANGA FORGING LTD,0.11,0.11,0.11,0.11,0.11,0.18,,0.11,,,3588792,394767.12,786,F1,1,,,,,
2026-07-14,2026-07-14,CM,NSE,STK,21399,INE335W01016,GANGESSECU,EQ,,,,,GANGES SECURITIES LIMITED,118.5,118.5,118.49,118.49,118.49,117.26,,119.71,,,149,17655.36,8,F1,1,,,,,
2026-07-14,2026-07-14,CM,NSE,STK,5475,INE382Z01011,GRSE,EQ,,,,,GARDEN REACH SHIP&ENG LTD,2620.0,2639.0,2611.0,2616.6,2614.0,2640.6,,2616.5,,,212911,558107526.9,16177,F1,1,,,,,
2026-07-14,2026-07-14,CM,NSE,STK,25800,INE0JVO01026,GARUDA,EQ,,,,,GARUDA CONSTRUCT N ENG L,182.85,184.62,179.11,183.4,183.0,183.04,,183.39,,,231994,42169548.37,4541,F1,1,,,,,
2026-07-14,2026-07-14,CM,NSE,STK,7982,INE291A01017,GRWRHITECH,EQ,,,,,GARWARE HI-TECH FILMS LTD,7041.0,7060.0,6922.0,7037.0,7030.0,7041.0,,7037.0,,,34884,244152372.0,7278,F1,1,,,,,
2026-07-14,2026-07-14,CM,NSE,STK,1100,INE276A01018,GARFIBRES,EQ,,,,,GARWARE TECH FIBRES LTD,738.1,773.25,721.0,755.15,759.8,739.4,,755.15,,,105954,80401309.85,9623,F1,1,,,,,
2026-07-14,2026-07-14,CM,NSE,STK,8510,INE079J01017,GATEWAY,EQ,,,,,GATEWAY DISTRIPARKS LTD,59.92,60.41,59.17,59.76,59.65,59.95,,59.76,,,645590,38687916.29,5958,F1,1,,,,,
2026-07-14,2026-07-14,CM,NSE,STK,760179,INE0P8B01020,GAUDIUMIVF,BE,,,,,GAUDIUM IVF N WOMEN H L,131.9,136.52,123.52,133.41,136.52,130.02,,133.46,,,705439,93797090.55,3066,F1,1,,,,,
2026-07-14,2026-07-14,CM,NSE,STK,3693,INE287Z01012,GAYAHWS,EQ,,,,,GAYATRI HIGHWAYS LIMITED,1.89,1.9,1.8,1.87,1.89,1.87,,1.9,,,237052,436366.53,359,F1,1,,,,,
2026-07-14,2026-07-14,CM,NSE,STK,25027,INE336H01023,GAYAPROJ,BE,,,,,GAYATRI PROJECTS LTD,22.0,22.99,21.21,21.69,22.35,21.95,,21.72,,,778707,17412892.36,1568,F1,1,,,,,
2026-07-14,2026-07-14,CM,NSE,STK,7862,INE878A01011,GVPIL,EQ,,,,,GE POWER INDIA LIMITED,811.8,812.5,780.0,790.1,790.5,808.3,,790.1,,,213565,169129000.2,9645,F1,1,,,,,
2026-07-14,2026-07-14,CM,NSE,STK,16783,INE200A01026,GVT&D,EQ,,,,,GE VERNOVA T&D INDIA LTD,4475.0,4520.0,4391.0,4498.6,4519.0,4525.6,,4498.6,,,926021,4133865133.1,81496,F1,1,,,,,
2026-07-14,2026-07-14,CM,NSE,STK,13662,INE916G01016,GEECEE,BE,,,,,GEECEE VENTURES LIMITED,342.7,358.1,341.9,345.35,345.35,342.7,,345.35,,,3280,1158780.55,38,F1,1,,,,,
2026-07-14,2026-07-14,CM,NSE,STK,17922,INE669X01032,GEEKAYWIRE,EQ,,,,,GEEKAY WIRES LIMITED,24.76,25.18,24.37,24.5,24.37,24.76,,24.5,,,21972,543026.08,415,F1,1,,,,,
2026-07-14,2026-07-14,CM,NSE,STK,759461,INE06XZ01023,GEMAROMA,EQ,,,,,GEM AROMATICS LIMITED,197.0,201.99,189.1,189.99,190.2,197.28,,190.01,,,275113,53182824.58,3518,F1,1,,,,,
2026-07-14,2026-07-14,CM,NSE,STK,277,INE481Y01014,GICRE,EQ,,,,,GENERAL INS CORP OF INDIA,364.5,366.85,361.65,365.2,364.85,364.85,,365.2,,,981384,358283645.65,13026,F1,1,,,,,
2026-07-14,2026-07-14,CM,NSE,STK,2188,INE854S01022,GENCON,EQ,,,,,GENERIC ENG CONS PROJ LTD,41.3,41.59,40.52,40.86,41.55,41.35,,40.87,,,309651,12683985.23,1772,F1,1,,,,,
2026-07-14,2026-07-14,CM,NSE,STK,10905,INE727B01026,GENESYS,EQ,,,,,GENESYS INTL CORPN LTD,343.4,343.45,332.3,334.6,333.55,343.75,,334.6,,,144744,48844474.8,4120,F1,1,,,,,
2026-07-14,2026-07-14,CM,NSE,STK,6600,INE949P01018,GENUSPAPER,EQ,,,,,GENUS P&B LIMITED,11.9,11.9,11.51,11.57,11.53,11.83,,11.57,,,26358,308117.12,256,F1,1,,,,,
2026-07-14,2026-07-14,CM,NSE,STK,11905,INE955D01029,GENUSPOWER,EQ,,,,,GENUS POWER INFRASTRU LTD,314.65,316.85,311.0,312.6,312.35,317.65,,312.6,,,1170831,367183312.05,15841,F1,1,,,,,
2026-07-14,2026-07-14,CM,NSE,STK,31942,INE1W0N01014,GENXAI,SM,,,,,GENXAI ANALYTICS LIMITED,80.0,80.0,74.0,75.3,75.0,81.4,,75.3,,,153600,11869800.0,113,F1,1200,,,,,
2026-07-14,2026-07-14,CM,NSE,STK,11896,INE007B01023,GEOJITFSL,EQ,,,,,GEOJIT FINANCIAL SER L,81.07,82.8,80.0,80.73,80.75,82.03,,80.72,,,341464,27715933.14,4747,F1,1,,,,,
2026-07-14,2026-07-14,CM,NSE,STK,1289,INE538A01037,GFLLIMITED,EQ,,,,,GFL LIMITED,46.75,46.75,43.94,44.6,44.6,46.41,,44.6,,,52674,2363975.52,610,F1,1,,,,,
2026-07-14,2026-07-14,CM,NSE,STK,1127,INE539A01019,GHCL,EQ,,,,,GHCL LIMITED,445.5,445.5,433.0,436.4,433.65,445.7,,436.35,,,110374,48256450.7,5053,F1,1,,,,,
2026-07-14,2026-07-14,CM,NSE,STK,16696,INE0PA801013,GHCLTEXTIL,EQ,,,,,GHCL TEXTILES LIMITED,110.0,110.53,107.25,107.97,107.45,109.77,,107.97,,,499654,54387812.68,4504,F1,1,,,,,
2026-07-14,2026-07-14,CM,NSE,STK,1139,INE289B01019,GICHSGFIN,EQ,,,,,GIC HOUSING FINANCE LTD,151.5,151.69,144.99,148.72,149.18,151.76,,148.72,,,171240,25405945.32,3214,F1,1,,,,,
2026-07-14,2026-07-14,CM,NSE,STK,17839,INE047B01011,GILLANDERS,EQ,,,,,GILLANDERS ARBUTHNOT LTD,91.18,91.18,88.31,88.34,88.51,89.33,,89.07,,,2496,223417.99,72,F1,1,,,,,
2026-07-14,2026-07-14,CM,NSE,STK,1576,INE322A01010,GILLETTE,EQ,,,,,GILLETTE INDIA LTD,7850.0,7909.0,7805.5,7831.5,7837.0,7880.5,,7831.5,,,7989,62750575.0,3066,F1,1,,,,,
2026-07-14,2026-07-14,CM,NSE,STK,9294,INE424C01010,GINNIFILA,BE,,,,,GINNIFILAMENTS LTD.,52.44,53.5,50.2,51.13,51.72,52.44,,51.16,,,57993,3036458.05,214,F1,1,,,,,
2026-07-14,2026-07-14,CM,NSE,STK,2365,INE614Z01017,GIRIRAJ,SM,,,,,GIRIRAJ CIVIL DEVP LTD,128.0,131.0,128.0,131.0,131.0,131.3,,131.0,,,4250,549812.5,13,F1,250,,,,,
2026-07-14,2026-07-14,CM,NSE,STK,759048,INE1AG301022,GKENERGY,EQ,,,,,GK ENERGY LIMITED,144.0,144.0,139.25,140.87,140.8,143.23,,140.87,,,464661,65389398.08,5480,F1,1,,,,,
2026-07-14,2026-07-14,CM,NSE,STK,17357,INE528A01020,GKWLIMITED,EQ,,,,,GKW LIMITED,1795.0,1795.0,1727.1,1761.4,1769.0,1780.0,,1761.4,,,33,57601.3,13,F1,1,,,,,
2026-07-14,2026-07-14,CM,NSE,STK,1186,INE068V01023,GLAND,EQ,,,,,GLAND PHARMA LIMITED,2461.1,2514.6,2457.0,2488.3,2475.6,2461.2,,2488.3,,,492111,1224663560.4,34952,F1,1,,,,,
2026-07-14,2026-07-14,CM,NSE,STK,1153,INE159A01016,GLAXO,EQ,,,,,GLAXOSMITHKLINE PHARMA LT,2420.5,2527.0,2418.3,2463.4,2470.1,2420.5,,2463.4,,,186910,463931484.5,20561,F1,1,,,,,
2026-07-14,2026-07-14,CM,NSE,STK,7406,INE935A01035,GLENMARK,EQ,,,,,GLENMARK PHARMACEUTICALS,2309.0,2326.1,2293.0,2305.1,2304.0,2301.3,,2305.1,,,706821,1635028649.2,25949,F1,1,,,,,
2026-07-14,2026-07-14,CM,NSE,STK,1415,INE291W01037,GLOBAL,EQ,,,,,GLOBAL EDUCATION LIMITED,102.0,102.5,100.02,102.15,102.48,101.96,,102.15,,,22727,2308522.4,251,F1,1,,,,,
2026-07-14,2026-07-14,CM,NSE,STK,11956,INE474Q01031,MEDANTA,EQ,,,,,GLOBAL HEALTH LIMITED,1330.0,1341.8,1316.4,1320.9,1322.7,1328.1,,1320.9,,,73159,97064211.9,9745,F1,1,,,,,
2026-07-14,2026-07-14,CM,NSE,STK,14599,INE0JSX01015,GSLSU,EQ,,,,,GLOBAL SURFACES LIMITED,35.95,37.0,34.0,34.8,34.08,36.47,,34.84,,,271697,9625208.84,1973,F1,1,,,,,
2026-07-14,2026-07-14,CM,NSE,STK,13735,INE792H01019,GLOBALVECT,EQ,,,,,GLOBAL VEC HELICORP LTD,153.0,158.02,153.0,154.39,155.0,158.42,,154.39,,,10163,1572042.01,455,F1,1,,,,,
2026-07-14,2026-07-14,CM,NSE,STK,24934,INE0URU01010,GLOBALE,BE,,,,,GLOBALE TESSILE LIMITED,10.8,11.4,10.6,11.3,11.3,11.02,,11.65,,,1619,18432.7,12,F1,1,,,,,
2026-07-14,2026-07-14,CM,NSE,STK,758573,INE0V3U01015,GLOBECIVIL,BE,,,,,GLOBE CIVIL PROJECTS LTD,41.0,42.0,40.4,41.55,41.55,41.0,,41.55,,,23093,961223.35,91,F1,1,,,,,
2026-07-14,2026-07-14,CM,NSE,STK,393,INE581X01021,GLOBE,EQ,,,,,GLOBE ENTERPRISE (I) LTD,2.11,2.16,2.11,2.15,2.16,2.15,,2.15,,,114480,245425.56,129,F1,1,,,,,
2026-07-14,2026-07-14,CM,NSE,STK,761025,INE947T01022,GICL,EQ,,,,,GLOBE INTL CARRIERS LTD,18.35,18.35,17.14,17.21,17.14,18.04,,17.21,,,236000,4111690.66,512,F1,1,,,,,
2026-07-14,2026-07-14,CM,NSE,STK,9768,INE00WS01056,GSTL,ST,,,,,GLOBESECURE TECHNO LTD,14.8,14.8,14.75,14.75,14.75,14.75,,14.75,,,6000,88550.0,5,F1,1000,,,,,
2026-07-14,2026-07-14,CM,NSE,STK,17424,INE615I01010,GLOBUSSPR,EQ,,,,,GLOBUS SPIRITS LTD,938.0,957.1,927.35,937.4,939.15,936.55,,937.35,,,90491,85466441.05,5248,F1,1,,,,,
2026-07-14,2026-07-14,CM,NSE,STK,23590,INE350Z01018,GLOSTERLTD,EQ,,,,,GLOSTER LIMITED,650.0,677.0,650.0,656.6,655.2,677.4,,656.75,,,1354,899061.3,184,F1,1,,,,,
2026-07-14,2026-07-14,CM,NSE,STK,760118,INE0TQE01026,GLOTTIS,BE,,,,,GLOTTIS LIMITED,67.04,67.5,66.07,67.01,67.01,67.04,,66.84,,,28945,1939895.7,214,F1,1,,,,,
2026-07-14,2026-07-14,CM,NSE,STK,1570,INE541A01023,GMMPFAUDLR,EQ,,,,,GMM PFAUDLER LIMITED,773.0,790.0,765.55,787.9,787.7,774.0,,787.85,,,81309,63466938.9,4347,F1,1,,,,,
2026-07-14,2026-07-14,CM,NSE,STK,13528,INE776C01039,GMRAIRPORT,EQ,,,,,GMR AIRPORTS LIMITED,113.63,114.15,112.29,113.38,113.53,114.68,,113.38,,,13560314,1534146937.71,51983,F1,1,,,,,
2026-07-14,2026-07-14,CM,NSE,STK,8529,INE0CU601026,GMRP&UI,EQ,,,,,GMR POW AND URBAN INFRA L,99.7,100.55,98.9,99.93,100.13,99.87,,99.93,,,667413,66652635.7,6138,F1,1,,,,,
2026-07-14,2026-07-14,CM,NSE,STK,18571,INE934S01014,GNA,EQ,,,,,GNA AXLES LIMITED,529.05,562.0,526.55,555.7,560.0,529.25,,555.75,,,1495245,815600126.2,40068,F1,1,,,,,
2026-07-14,2026-07-14,CM,NSE,STK,757862,INE18JU01028,EBGNG,EQ,,,,,GNG ELECTRONICS LIMITED,585.95,613.85,582.05,586.95,586.0,608.55,,586.95,,,613917,363594534.15,17291,F1,1,,,,,
2026-07-14,2026-07-14,CM,NSE,STK,23799,INE03JT01014,GODIGIT,EQ,,,,,GO DIGIT GENERAL INS LTD,301.05,310.15,299.0,307.8,306.05,303.3,,307.8,,,315392,95909527.6,10285,F1,1,,,,,
2026-07-14,2026-07-14,CM,NSE,STK,6964,INE0BJS01011,GOCOLORS,EQ,,,,,GO FASHION INDIA LTD,341.9,344.7,337.05,342.9,341.2,343.9,,342.9,,,137480,46825687.8,2774,F1,1,,,,,
2026-07-14,2026-07-14,CM,NSE,STK,14687,INE426D01013,GOACARBON,EQ,,,,,GOA CARBON LIMITED,412.05,417.05,408.05,411.1,410.9,412.05,,411.1,,,14378,5907200.3,637,F1,1,,,,,
2026-07-14,2026-07-14,CM,NSE,STK,3963,INE077F01035,GOCLCORP,EQ,,,,,GOCL CORPORATION LIMITED,402.3,407.8,396.0,403.4,407.0,402.95,,403.4,,,47526,19046443.85,1759,F1,1,,,,,
2026-07-14,2026-07-14,CM,NSE,STK,25941,INE497S01012,GODAVARIB,EQ,,,,,GODAVARI BIOREFINERIES L,266.9,271.0,259.0,263.15,264.05,266.2,,263.1,,,134328,35474944.45,3913,F1,1,,,,,
2026-07-14,2026-07-14,CM,NSE,STK,13409,INE177H01039,GPIL,EQ,,,,,GODAWARI POW & ISP LTD,256.0,256.2,249.3,251.85,251.5,256.35,,251.85,,,1282955,323252192.3,23635,F1,1,,,,,
2026-07-14,2026-07-14,CM,NSE,STK,1181,INE260B01028,GODFRYPHLP,EQ,,,,,GODFREY PHILLIPS INDIA LT,2084.1,2096.0,2062.6,2070.5,2070.0,2091.8,,2070.6,,,133148,275981284.9,12983,F1,1,,,,,
2026-07-14,2026-07-14,CM,NSE,STK,144,INE850D01014,GODREJAGRO,EQ,,,,,GODREJ AGROVET LIMITED,565.4,566.9,559.15,561.1,560.9,565.4,,561.15,,,52403,29503769.65,3087,F1,1,,,,,
2026-07-14,2026-07-14,CM,NSE,STK,10099,INE102D01028,GODREJCP,EQ,,,,,GODREJ CONSUMER PRODUCTS,1047.6,1072.3,1040.5,1061.6,1061.4,1068.7,,1061.6,,,668384,710111988.1,28163,F1,1,,,,,
2026-07-14,2026-07-14,CM,NSE,STK,10925,INE233A01035,GODREJIND,EQ,,,,,GODREJ INDUSTRIES LTD,1369.0,1375.5,1332.5,1336.7,1342.6,1382.4,,1336.9,,,189505,255107562.3,16713,F1,1,,,,,
2026-07-14,2026-07-14,CM,NSE,STK,17875,INE484J01027,GODREJPROP,EQ,,,,,GODREJ PROPERTIES LTD,2145.0,2158.4,2101.0,2107.4,2101.0,2162.6,,2107.4,,,936136,1984100213.8,74951,F1,1,,,,,
2026-07-14,2026-07-14,CM,NSE,STK,27127,IN0020240134,692GS2039,GS,,,,,GOI LOAN   6.92% 2039,99.26,99.37,99.15,99.37,99.37,99.26,,99.37,,,9548,947954.76,4,F1,1,,,,,
2026-07-14,2026-07-14,CM,NSE,STK,27819,IN0020240175,698GR2054,GS,,,,,GOI LOAN   6.98% 2054,96.15,96.15,95.0,96.15,96.15,93.0,,96.15,,,6078,583558.0,5,F1,1,,,,,
2026-07-14,2026-07-14,CM,NSE,STK,27170,IN0020240142,709GS2074,GS,,,,,GOI LOAN   7.09% 2074,96.4,96.4,95.8,96.2,96.27,96.4,,96.2,,,13139,1264383.97,21,F1,1,,,,,
2026-07-14,2026-07-14,CM,NSE,STK,6695,IN0020210186,574GS2026,GS,,,,,GOI LOAN  5.74% 2026,100.15,100.15,100.1,100.1,100.1,100.01,,100.05,,,3950,395448.4,12,F1,1,,,,,
2026-07-14,2026-07-14,CM,NSE,STK,757983,IN0020250067,601GS2030,GS,,,,,GOI LOAN  6.01% 2030,99.46,99.46,99.46,99.46,99.46,99.46,,99.46,,,200,19892.0,2,F1,1,,,,,
2026-07-14,2026-07-14,CM,NSE,STK,5012,IN0020210095,610GS2031,GS,,,,,GOI LOAN  6.10% 2031,99.75,99.75,99.75,99.75,99.75,100.0,,99.75,,,1,99.75,1,F1,1,,,,,
2026-07-14,2026-07-14,CM,NSE,STK,756890,IN0020250026,633GS2035,GS,,,,,GOI LOAN  6.33% 2035,98.2,98.4,98.0,98.4,98.4,99.0,,98.4,,,12000,1180000.2,3,F1,1,,,,,
2026-07-14,2026-07-14,CM,NSE,STK,761020,IN0020250141,636GS2031,GS,,,,,GOI LOAN  6.36% 2031,100.7,100.7,100.7,100.7,100.7,100.7,,100.7,,,100,10070.0,1,F1,1,,,,,
2026-07-14,2026-07-14,CM,NSE,STK,759396,IN0020250091,648GS2035,GS,,,,,GOI LOAN  6.48% 2035,100.0,100.0,98.01,98.5,98.5,99.0,,98.5,,,681,67751.0,6,F1,1,,,,,
2026-07-14,2026-07-14,CM,NSE,STK,5577,IN0020210152,667GS2035,GS,,,,,GOI LOAN  6.67% 2035,108.99,108.99,108.99,108.99,108.99,114.72,,105.5,,,6000,653940.0,2,F1,1,,,,,
2026-07-14,2026-07-14,CM,NSE,STK,760623,IN0020250133,668GS2033,GS,,,,,GOI LOAN  6.68% 2033,101.95,101.95,101.8,101.8,101.8,102.0,,101.8,,,301,30641.95,4,F1,1,,,,,
2026-07-14,2026-07-14,CM,NSE,STK,757847,IN0020250042,668GS2040,GS,,,,,GOI LOAN  6.68% 2040,99.0,99.0,98.85,98.85,98.85,98.98,,98.85,,,2500,247275.0,3,F1,1,,,,,
2026-07-14,2026-07-14,CM,NSE,STK,2317,IN0020200401,676GS2061,GS,,,,,GOI LOAN  6.76% 2061,93.71,93.71,93.0,93.21,93.24,94.05,,93.21,,,61579,5737639.1,32,F1,1,,,,,
2026-07-14,2026-07-14,CM,NSE,STK,22438,IN0020200187,68GS2060,GS,,,,,GOI LOAN  6.8% 2060,92.01,92.01,92.0,92.0,92.0,93.74,,92.0,,,200,18400.01,3,F1,1,,,,,
2026-07-14,2026-07-14,CM,NSE,STK,756014,IN0020250018,690GS2065,GS,,,,,GOI LOAN  6.90% 2065,94.75,94.75,94.63,94.63,94.63,94.75,,94.63,,,1020,96642.8,3,F1,1,,,,,
2026-07-14,2026-07-14,CM,NSE,STK,763340,IN0020260025,694GS2036,GS,,,,,GOI LOAN  6.94% 2036,103.0,103.0,102.5,102.5,102.5,102.34,,102.5,,,10350,1060967.5,4,F1,1,,,,,
2026-07-14,2026-07-14,CM,NSE,STK,6817,IN0020210202,695GS2061,GS,,,,,GOI LOAN  6.95% 2061,95.0,95.0,95.0,95.0,95.0,95.0,,95.0,,,3000,285000.0,1,F1,1,,,,,
2026-07-14,2026-07-14,CM,NSE,STK,6696,IN0020210194,699GS2051,GS,,,,,GOI LOAN  6.99% 2051,98.5,98.5,98.5,98.5,98.5,97.0,,98.5,,,33,3250.5,2,F1,1,,,,,
2026-07-14,2026-07-14,CM,NSE,STK,23854,IN0020240043,702GS2027,GS,,,,,GOI LOAN  7.02% 2027,101.9,101.9,101.9,101.9,101.9,101.0,,101.9,,,357,36378.3,1,F1,1,,,,,
2026-07-14,2026-07-14,CM,NSE,STK,23919,IN0020240050,704GS2029,GS,,,,,GOI LOAN  7.04% 2029,102.75,102.75,102.75,102.75,102.75,102.9,,102.75,,,800,82200.0,1,F1,1,,,,,
2026-07-14,2026-07-14,CM,NSE,STK,14970,IN0020230010,706GS2028,GS,,,,,GOI LOAN  7.06% 2028,102.5,102.5,102.31,102.31,102.31,102.99,,102.16,,,1600,163905.0,3,F1,1,,,,,
2026-07-14,2026-07-14,CM,NSE,STK,24949,IN0020240118,709GS2054,GS,,,,,GOI LOAN  7.09% 2054,99.95,99.95,99.1,99.7,99.7,99.94,,99.7,,,25985,2593017.06,28,F1,1,,,,,
2026-07-14,2026-07-14,CM,NSE,STK,18025,IN0020230085,718GS2033,GS,,,,,GOI LOAN  7.18% 2033,106.5,106.5,104.37,105.03,104.37,105.6,,105.03,,,1000,105612.0,4,F1,1,,,,,
2026-07-14,2026-07-14,CM,NSE,STK,17398,IN0020230077,718GS2037,GS,,,,,GOI LOAN  7.18% 2037,105.3,105.9,105.1,105.58,105.34,106.0,,105.58,,,188978,19919091.74,91,F1,1,,,,,
2026-07-14,2026-07-14,CM,NSE,STK,23518,IN0020240027,723GS2039,GS,,,,,GOI LOAN  7.23% 2039,104.4,104.4,104.4,104.4,104.4,104.4,,104.4,,,4999,521895.6,2,F1,1,,,,,
2026-07-14,2026-07-14,CM,NSE,STK,758674,IN0020250075,724GS2055,GS,,,,,GOI LOAN  7.24% 2055,101.8,101.8,101.4,101.47,101.4,101.8,,101.4,,,100069,10171051.7,40,F1,1,,,,,
2026-07-14,2026-07-14,CM,NSE,STK,16733,IN0020230044,725GS2063,GS,,,,,GOI LOAN  7.25% 2063,98.0,98.14,97.68,97.73,97.68,98.07,,97.73,,,258230,25299243.97,65,F1,1,,,,,
2026-07-14,2026-07-14,CM,NSE,STK,10722,IN0020220060,726GS2032,GS,,,,,GOI LOAN  7.26% 2032,106.0,106.0,106.0,106.0,106.0,107.4,,106.0,,,110,11660.0,1,F1,1,,,,,
2026-07-14,2026-07-14,CM,NSE,STK,16865,IN0020230051,73GS2053,GS,,,,,GOI LOAN  7.3% 2053,100.5,100.5,99.81,99.95,99.95,99.95,,99.95,,,10805,1079871.94,8,F1,1,,,,,
2026-07-14,2026-07-14,CM,NSE,STK,20136,IN0020230135,732GS2030,GS,,,,,GOI LOAN  7.32% 2030,104.54,105.0,104.54,104.54,105.0,104.55,,104.54,,,7793,814747.86,5,F1,1,,,,,
2026-07-14,2026-07-14,CM,NSE,STK,19685,IN0020230119,733GS2026,GS,,,,,GOI LOAN  7.33% 2026,101.26,101.26,101.25,101.25,101.25,101.24,,101.25,,,304,30780.04,3,F1,1,,,,,
2026-07-14,2026-07-14,CM,NSE,STK,23558,IN0020240035,734GS2064,GS,,,,,GOI LOAN  7.34% 2064,99.9,99.98,99.7,99.79,99.8,99.94,,99.79,,,107136,10692668.95,60,F1,1,,,,,
2026-07-14,2026-07-14,CM,NSE,STK,19566,IN0020230101,737GS2028,GS,,,,,GOI LOAN  7.37% 2028,103.5,103.8,103.5,103.8,103.8,103.99,,103.8,,,4450,460590.0,4,F1,1,,,,,
2026-07-14,2026-07-14,CM,NSE,STK,10981,IN0020220094,74GS2062,GS,,,,,GOI LOAN  7.4% 2062,102.7,102.7,101.11,102.0,102.0,102.49,,102.0,,,46,4672.79,9,F1,1,,,,,
2026-07-14,2026-07-14,CM,NSE,STK,13194,IN0020220102,741GS2036,GS,,,,,GOI LOAN  7.41% 2036,105.65,105.65,104.4,104.4,104.4,105.65,,104.4,,,12312,1286595.1,15,F1,1,,,,,
2026-07-14,2026-07-14,CM,NSE,STK,760649,IN0020250117,743GS2076,GS,,,,,GOI LOAN  7.43% 2076,104.45,104.45,103.1,103.1,103.1,104.2,,103.1,,,973,101359.85,2,F1,1,,,,,
2026-07-14,2026-07-14,CM,NSE,STK,19808,IN0020230127,746GS2073,GS,,,,,GOI LOAN  7.46% 2073,101.5,101.5,101.2,101.2,101.2,101.7,,101.2,,,6180,626765.0,7,F1,1,,,,,
2026-07-14,2026-07-14,CM,NSE,STK,763146,IN0020260017,750GS2056,GS,,,,,GOI LOAN  7.50% 2056,102.7,102.7,102.7,102.7,102.7,102.7,,102.7,,,150,15405.0,1,F1,1,,,,,
2026-07-14,2026-07-14,CM,NSE,STK,9585,IN0020220029,754GS2036,GS,,,,,GOI LOAN  7.54% 2036,106.83,106.83,106.4,106.47,106.4,106.81,,106.46,,,281694,30018284.82,184,F1,1,,,,,
2026-07-14,2026-07-14,CM,NSE,STK,763489,IN0020260033,771GS2066,GS,,,,,GOI LOAN  7.71% 2066,104.95,105.75,104.0,105.25,105.75,104.95,,105.25,,,29607,3115400.68,29,F1,1,,,,,
2026-07-14,2026-07-14,CM,NSE,STK,6833,IN0020010081,1018GS2026,GS,,,,,GOI LOAN 10.18% 2026,104.12,104.12,104.12,104.12,104.12,103.5,,104.12,,,52,5414.24,3,F1,1,,,,,
2026-07-14,2026-07-14,CM,NSE,STK,18973,IN0020200096,619GS2034,GS,,,,,GOI LOAN 6.19% 2034,98.75,98.75,98.75,98.75,98.75,98.75,,98.75,,,1999,197401.25,1,F1,1,,,,,
2026-07-14,2026-07-14,CM,NSE,STK,9047,IN0020220011,710GS2029,GS,,,,,GOI LOAN 7.10% 2029,103.3,103.9,103.3,103.5,103.5,103.31,,103.5,,,7307,755879.52,9,F1,1,,,,,
2026-07-14,2026-07-14,CM,NSE,STK,8027,IN0020180454,726GS2029,GS,,,,,GOI LOAN 7.26% 2029,100.31,100.55,100.31,100.55,100.55,104.24,,100.55,,,20,2008.6,2,F1,1,,,,,
2026-07-14,2026-07-14,CM,NSE,STK,9913,IN0020220037,738GS2027,GS,,,,,GOI LOAN 7.38% 2027,101.7,102.0,101.45,101.62,101.79,101.96,,101.62,,,254171,25875738.55,47,F1,1,,,,,
2026-07-14,2026-07-14,CM,NSE,STK,6874,IN0020050012,74GS2035,GS,,,,,GOI LOAN 7.40% 2035,105.95,105.95,105.95,105.95,105.95,105.95,,105.95,,,45,4767.75,1,F1,1,,,,,
2026-07-14,2026-07-14,CM,NSE,STK,9604,IN0020190032,772GS2049,GS,,,,,GOI LOAN 7.72% 2049,111.0,111.0,111.0,111.0,111.0,111.49,,111.0,,,47,5217.0,2,F1,1,,,,,
2026-07-14,2026-07-14,CM,NSE,STK,7136,IN0020150077,772GS2055,GS,,,,,GOI LOAN 7.72% 2055,106.4,108.0,103.6,103.6,103.6,103.15,,103.6,,,101,10759.2,5,F1,1,,,,,
2026-07-14,2026-07-14,CM,NSE,STK,6883,IN0020060045,833GS2036,GS,,,,,GOI LOAN 8.33% 2036,108.5,108.5,108.5,108.5,108.5,108.9,,108.5,,,4,434.0,1,F1,1,,,,,
2026-07-14,2026-07-14,CM,NSE,STK,7011,IN0020110055,897GS2030,GS,,,,,GOI LOAN 8.97% 2030,110.59,110.59,108.32,109.47,109.48,109.97,,109.47,,,25642,2787499.68,97,F1,1,,,,,
2026-07-14,2026-07-14,CM,NSE,STK,7039,IN0020130053,92GS2030,GS,,,,,GOI LOAN 9.20% 2030,112.2,114.88,112.2,114.88,114.88,114.97,,114.88,,,6572,754721.14,5,F1,1,,,,,
2026-07-14,2026-07-14,CM,NSE,STK,753787,IN002026Y113,182D171226,TB,,,,,GOI TBILL 182D-17/12/26,96.76,96.76,96.76,96.76,96.76,97.0,,96.76,,,200,19352.0,1,F1,100,,,,,
2026-07-14,2026-07-14,CM,NSE,STK,761054,IN002025Y461,182D210826,TB,,,,,GOI TBILL 182D-21/08/26,98.77,99.0,98.77,99.0,99.0,98.75,,99.0,,,400,39554.0,2,F1,100,,,,,
2026-07-14,2026-07-14,CM,NSE,STK,763783,IN002026Z136,364D010727,TB,,,,,GOI TBILL 364D-01/07/27,94.5,94.5,94.5,94.5,94.5,93.66,,94.02,,,1200,113400.0,1,F1,100,,,,,
2026-07-14,2026-07-14,CM,NSE,STK,759433,IN002025Z286,364D081026,TB,,,,,GOI TBILL 364D-08/10/26,98.01,98.68,98.0,98.68,98.68,98.55,,98.68,,,12100,1189998.0,5,F1,100,,,,,
2026-07-14,2026-07-14,CM,NSE,STK,761481,IN002025Z500,364D190327,TB,,,,,GOI TBILL 364D-19/03/27,96.29,96.29,96.29,96.29,96.29,95.75,,96.29,,,3000,288870.0,1,F1,100,,,,,
2026-07-14,2026-07-14,CM,NSE,STK,759047,IN002025Z260,364D240926,TB,,,,,GOI TBILL 364D-24/09/26,98.17,98.5,98.17,98.5,98.5,97.25,,98.5,,,2000,196670.0,2,F1,100,,,,,
2026-07-14,2026-07-14,CM,NSE,STK,760166,IN002025Z476,364D250227,TB,,,,,GOI TBILL 364D-25/02/27,96.29,96.29,96.29,96.29,96.29,94.47,,96.29,,,100,9629.0,1,F1,100,,,,,
2026-07-14,2026-07-14,CM,NSE,STK,757977,IN002025Z187,364D300726,TB,,,,,GOI TBILL 364D-30/07/26,99.6,99.6,99.6,99.6,99.6,99.25,,99.6,,,200,19920.0,1,F1,100,,,,,
2026-07-14,2026-07-14,CM,NSE,STK,764047,IN002026X149,91D081026,TB,,,,,GOI TBILL 91D-08/10/26,98.1,98.1,98.1,98.1,98.1,98.5,,98.1,,,100,9810.0,1,F1,100,,,,,
2026-07-14,2026-07-14,CM,NSE,STK,763525,IN002026X073,91D200826,TB,,,,,GOI TBILL 91D-20/08/26,99.27,99.27,99.27,99.27,99.27,99.05,,99.27,,,200,19854.0,2,F1,100,,,,,
2026-07-14,2026-07-14,CM,NSE,STK,763624,IN002026X081,91D280826,TB,,,,,GOI TBILL 91D-28/08/26,99.12,99.12,99.11,99.11,99.11,99.11,,99.11,,,500,49558.0,3,F1,100,,,,,
2026-07-14,2026-07-14,CM,NSE,STK,11778,INE887G01027,GOKEX,EQ,,,,,GOKALDAS EXPORTS LTD.,853.95,855.1,839.0,841.75,843.3,856.8,,841.7,,,358398,303056377.5,13803,F1,1,,,,,
2026-07-14,2026-07-14,CM,NSE,STK,14480,INE314T01033,GOKULAGRO,EQ,,,,,GOKUL AGRO RESOURCES LTD,215.97,220.61,213.27,213.98,213.95,215.4,,213.98,,,850434,184443868.89,21523,F1,1,,,,,
2026-07-14,2026-07-14,CM,NSE,STK,16705,INE020J01029,GOKUL,EQ,,,,,GOKUL REFOILS & SOLV LTD,41.86,42.24,41.0,41.04,41.0,41.53,,41.04,,,140438,5847790.05,612,F1,1,,,,,
2026-07-14,2026-07-14,CM,NSE,STK,11619,INE973A01010,GOLDENTOBC,BZ,,,,,GOLDEN TOBACCO LIMITED,25.1,26.69,24.8,26.32,26.69,26.08,,26.1,,,2070,53367.18,53,F1,1,,,,,
2026-07-14,2026-07-14,CM,NSE,STK,11971,INE025B01025,GOLDIAM,EQ,,,,,GOLDIAM INTERNATIONAL LTD,367.6,370.0,352.4,359.5,356.6,374.55,,359.55,,,1124569,403707809.0,19089,F1,1,,,,,
2026-07-14,2026-07-14,CM,NSE,STK,1,INE405Y01021,GOLDSTAR,SM,,,,,GOLDSTAR POWER LIMITED,7.55,7.65,7.55,7.65,7.65,7.65,,7.65,,,45000,342000.0,4,F1,11250,,,,,
2026-07-14,2026-07-14,CM,NSE,STK,6125,INE127I01024,GOODLUCK,EQ,,,,,GOODLUCK INDIA LIMITED,1625.0,1640.9,1575.0,1579.5,1585.6,1629.4,,1579.6,,,122209,195874718.8,12861,F1,1,,,,,
2026-07-14,2026-07-14,CM,NSE,STK,1205,INE533A01012,GOODYEAR,EQ,,,,,GOODYEAR INDIA LIMITED,798.0,798.4,781.15,791.9,791.95,786.3,,788.75,,,7286,5761565.9,550,F1,1,,,,,
2026-07-14,2026-07-14,CM,NSE,STK,23066,INE0L9R01028,GOPAL,EQ,,,,,GOPAL SNACKS LIMITED,267.0,268.0,261.5,263.1,265.8,267.2,,263.2,,,53321,14082003.45,2814,F1,1,,,,,
2026-07-14,2026-07-14,CM,NSE,STK,11787,INE705X01026,GOYALALUM,EQ,,,,,GOYAL ALUMINIUMS LIMITED,6.61,6.8,6.61,6.7,6.69,6.63,,6.7,,,48914,328412.41,290,F1,1,,,,,
2026-07-14,2026-07-14,CM,NSE,STK,24113,INE0S7E01015,GPECO,ST,,,,,GP ECO SOLUTIONS INDIA L,435.0,435.0,420.0,433.9,432.0,433.3,,433.9,,,18000,7728470.0,65,F1,200,,,,,
2026-07-14,2026-07-14,CM,NSE,STK,11584,INE586G01017,GULFPETRO,BE,,,,,GP PETROLEUMS LIMITED,39.49,39.49,38.17,38.5,38.5,39.49,,38.5,,,43673,1683560.74,112,F1,1,,,,,
2026-07-14,2026-07-14,CM,NSE,STK,22846,INE486R01017,GPTHEALTH,EQ,,,,,GPT HEALTHCARE LIMITED,156.0,158.96,153.9,154.1,153.9,156.8,,154.11,,,39227,6070800.33,893,F1,1,,,,,
2026-07-14,2026-07-14,CM,NSE,STK,17685,INE390G01014,GPTINFRA,EQ,,,,,GPT INFRAPROJECTS LTD,121.24,122.38,119.0,119.2,119.05,122.48,,119.26,,,67094,8063332.8,1615,F1,1,,,,,
2026-07-14,2026-07-14,CM,NSE,STK,763301,INE361K01017,GRADIENTE,BE,,,,,GRADIENTE INFOTAINMENT L,3.77,3.77,3.65,3.7,3.74,3.63,,3.7,,,591847,2200928.01,402,F1,1,,,,,
2026-07-14,2026-07-14,CM,NSE,STK,30289,INE12E301017,GCHOTELS,ST,,,,,GRAND CONTINENT HOTELS L,114.0,116.85,114.0,116.1,116.1,116.9,,116.1,,,8400,967740.0,11,F1,600,,,,,
2026-07-14,2026-07-14,CM,NSE,STK,762695,INE926B01016,GRANDOAK,EQ,,,,,GRAND OAK CANYONS DIST L,41.45,43.8,41.4,42.28,42.8,43.49,,42.28,,,7917,333028.82,137,F1,1,,,,,
2026-07-14,2026-07-14,CM,NSE,STK,11872,INE101D01020,GRANULES,EQ,,,,,GRANULES INDIA LIMITED,890.95,904.3,885.15,895.1,896.0,897.65,,895.1,,,896774,801829829.45,44472,F1,1,,,,,
2026-07-14,2026-07-14,CM,NSE,STK,592,INE371A01025,GRAPHITE,EQ,,,,,GRAPHITE INDIA LTD,626.55,641.0,618.2,621.0,621.0,626.5,,621.0,,,728577,457509774.35,22765,F1,1,,,,,
2026-07-14,2026-07-14,CM,NSE,STK,1232,INE047A01021,GRASIM,EQ,,,,,GRASIM INDUSTRIES LTD,3138.0,3153.5,3093.1,3113.3,3108.0,3144.3,,3113.3,,,1058130,3292835157.9,73796,F1,1,,,,,
2026-07-14,2026-07-14,CM,NSE,STK,5200,INE266D01021,GRAUWEIL,EQ,,,,,GRAUER & WEIL IND LTD,80.33,80.33,76.65,78.57,78.5,79.89,,78.56,,,294316,23038305.65,3720,F1,1,,,,,
2026-07-14,2026-07-14,CM,NSE,STK,762700,INE214F01026,GRAVISSHO,EQ,,,,,GRAVISS HOSPITALITY LTD.,29.26,30.9,29.26,29.32,29.32,30.8,,29.6,,,599,17812.88,16,F1,1,,,,,
2026-07-14,2026-07-14,CM,NSE,STK,20534,INE024L01027,GRAVITA,EQ,,,,,GRAVITA INDIA LIMITED,1845.9,1846.9,1789.3,1811.9,1816.1,1846.0,,1811.8,,,206428,374264859.8,16500,F1,1,,,,,
2026-07-14,2026-07-14,CM,NSE,STK,1235,INE224A01026,GREAVESCOT,EQ,,,,,GREAVES COTTON LTD.,260.1,271.9,256.7,262.66,263.0,262.17,,262.66,,,3914083,1035841007.36,53413,F1,1,,,,,
2026-07-14,2026-07-14,CM,NSE,STK,17092,INE0O7P01015,GREENCHEF,SM,,,,,GREENCHEF APPLIANCES LTD,49.0,49.0,48.35,48.6,48.6,50.55,,48.6,,,9600,466800.0,12,F1,800,,,,,
2026-07-14,2026-07-14,CM,NSE,STK,6848,INE544R01021,GREENLAM,EQ,,,,,GREENLAM INDUSTRIES LTD.,262.6,262.6,249.9,251.15,254.3,260.95,,251.15,,,68933,17458915.75,2172,F1,1,,,,,
2026-07-14,2026-07-14,CM,NSE,STK,759427,INE0PLX01017,GREENLEAF,ST,,,,,GREENLEAF ENVIROTECH LTD,119.9,119.9,112.0,115.0,115.0,115.6,,115.0,,,22000,2569900.0,19,F1,1000,,,,,
2026-07-14,2026-07-14,CM,NSE,STK,13810,INE08ZM01014,GREENPANEL,EQ,,,,,GREENPANEL INDUSTRIES LTD,195.1,199.2,194.15,197.08,197.25,196.07,,197.07,,,77546,15288150.58,2222,F1,1,,,,,
2026-07-14,2026-07-14,CM,NSE,STK,3987,INE461C01038,GREENPLY,EQ,,,,,GREENPLY INDUSTRIES LTD,315.8,315.8,310.9,312.2,312.8,317.0,,312.2,,,74654,23371961.05,2459,F1,1,,,,,
2026-07-14,2026-07-14,CM,NSE,STK,758986,INE199P01028,GCSL,EQ,,,,,GRETEX CORPORATE SERVICES,509.5,518.45,502.35,510.65,509.55,511.4,,510.65,,,574257,292633178.9,6227,F1,1,,,,,
2026-07-14,2026-07-14,CM,NSE,STK,23562,INE0PC901019,BIRDYS,ST,,,,,GRILL SPLENDOUR SER LTD,94.1,94.1,94.1,94.1,94.1,91.0,,94.1,,,1200,112920.0,1,F1,1200,,,,,
2026-07-14,2026-07-14,CM,NSE,STK,13560,INE536A01023,GRINDWELL,EQ,,,,,GRINDWELL NORTON LIMITED,2012.5,2034.1,1971.0,2001.1,2001.2,2034.3,,2001.1,,,44486,88902884.1,8525,F1,1,,,,,
2026-07-14,2026-07-14,CM,NSE,STK,10871,INE192H01020,GRMOVER,EQ,,,,,GRM OVERSEAS LIMITED,94.56,97.66,93.15,94.0,93.64,94.73,,94.01,,,1283920,122463159.86,119840,F1,1,,,,,
2026-07-14,2026-07-14,CM,NSE,STK,760971,INE1TY801010,GJL,ST,,,,,GROVER JEWELLS LIMITED,175.05,183.8,175.05,183.5,183.5,175.05,,183.5,,,13600,2489560.0,8,F1,800,,,,,
2026-07-14,2026-07-14,CM,NSE,STK,760051,INF666M01MM4,GROWWCAPM,EQ,,,,,GROWWAMC - GROWWCAPM,11.73,11.79,11.55,11.58,11.6,11.68,,11.58,,,787517,9148295.84,600,F1,1,,,,,
2026-07-14,2026-07-14,CM,NSE,STK,760673,INF666M01NP5,GROWWCHEM,EQ,,,,,GROWWAMC - GROWWCHEM,29.44,29.94,29.39,29.68,29.75,29.76,,29.68,,,73778,2177255.98,253,F1,1,,,,,
2026-07-14,2026-07-14,CM,NSE,STK,25758,INF666M01IO8,GROWWDEFNC,EQ,,,,,GROWWAMC - GROWWDEFNC,94.91,94.91,92.5,93.25,93.1,94.41,,93.25,,,188273,17525867.69,2508,F1,1,,,,,
2026-07-14,2026-07-14,CM,NSE,STK,24798,INF666M01IH2,GROWWEV,EQ,,,,,GROWWAMC - GROWWEV,31.34,31.34,30.81,31.04,31.0,31.2,,31.04,,,333813,10377468.35,1480,F1,1,,,,,
2026-07-14,2026-07-14,CM,NSE,STK,25872,INF666M01OE7,GROWWGOLD,EQ,,,,,GROWWAMC - GROWWGOLD,14.17,14.17,13.69,13.72,13.75,13.83,,13.72,,,1989955,27331234.49,3774,F1,1,,,,,
2026-07-14,2026-07-14,CM,NSE,STK,760874,INF666M01OD9,GROWWHOSPI,EQ,,,,,GROWWAMC - GROWWHOSPI,54.01,54.55,53.81,54.16,54.4,54.14,,54.16,,,1317289,71164027.23,1013,F1,1,,,,,
2026-07-14,2026-07-14,CM,NSE,STK,25447,INF666M01IP5,GROWWLIQID,EQ,,,,,GROWWAMC - GROWWLIQID,109.88,109.9,109.88,109.89,109.89,109.88,,109.89,,,147386,16196752.12,195,F1,1,,,,,
2026-07-14,2026-07-14,CM,NSE,STK,758300,INF666M01LB9,GROWWLOVOL,EQ,,,,,GROWWAMC - GROWWLOVOL,10.58,10.58,10.17,10.28,10.35,10.37,,10.28,,,68162,701630.34,119,F1,1,,,,,
2026-07-14,2026-07-14,CM,NSE,STK,759719,INF666M01MV5,GROWWMC150,EQ,,,,,GROWWAMC - GROWWMC150,231.0,232.5,226.7,231.56,231.64,231.35,,231.56,,,1255,290509.0,39,F1,1,,,,,
2026-07-14,2026-07-14,CM,NSE,STK,760438,INF666M01NI0,GROWWMETAL,EQ,,,,,GROWWAMC - GROWWMETAL,12.33,12.33,11.66,12.04,12.04,12.03,,12.04,,,415382,5015344.21,1842,F1,1,,,,,
2026-07-14,2026-07-14,CM,NSE,STK,756086,INF666M01KJ4,GROWWMOM50,EQ,,,,,GROWWAMC - GROWWMOM50,10.72,10.75,10.58,10.72,10.75,10.67,,10.72,,,436890,4675088.47,436,F1,1,,,,,
2026-07-14,2026-07-14,CM,NSE,STK,29872,INF666M01JV1,GROWWN200,EQ,,,,,GROWWAMC - GROWWN200,11.65,11.65,11.24,11.29,11.33,11.39,,11.29,,,44000,496286.73,227,F1,1,,,,,
2026-07-14,2026-07-14,CM,NSE,STK,757814,INF666M01LI4,GROWWNET,EQ,,,,,GROWWAMC - GROWWNET,10.04,10.15,9.87,9.93,10.0,10.05,,9.93,,,471227,4690226.89,885,F1,1,,,,,
2026-07-14,2026-07-14,CM,NSE,STK,758697,INF666M01LL8,GROWWNIFTY,EQ,,,,,GROWWAMC - GROWWNIFTY,9.76,10.0,9.57,9.73,9.78,9.76,,9.73,,,520738,5071340.0,4822,F1,1,,,,,
2026-07-14,2026-07-14,CM,NSE,STK,759458,INF666M01LZ8,GROWWNXT50,EQ,,,,,GROWWAMC - GROWWNXT50,72.5,72.5,71.5,71.84,72.09,72.58,,71.84,,,4580,328997.29,92,F1,1,,,,,
2026-07-14,2026-07-14,CM,NSE,STK,758165,INF666M01LM6,GROWWPOWER,EQ,,,,,GROWWAMC - GROWWPOWER,11.76,11.86,11.71,11.82,11.8,11.75,,11.82,,,1882397,22214660.55,2492,F1,1,,,,,
2026-07-14,2026-07-14,CM,NSE,STK,760976,INF666M01NQ3,GROWWPSE,EQ,,,,,GROWWAMC - GROWWPSE,98.3,99.96,98.3,99.58,99.78,99.71,,99.58,,,350,34741.69,45,F1,1,,,,,
2026-07-14,2026-07-14,CM,NSE,STK,761514,INF666M01OG2,GROWWPSUBK,EQ,,,,,GROWWAMC - GROWWPSUBK,84.44,84.44,83.31,83.81,84.0,84.64,,83.81,,,2845,238365.21,78,F1,1,,,,,
2026-07-14,2026-07-14,CM,NSE,STK,29527,INF666M01JJ6,GROWWRAIL,EQ,,,,,GROWWAMC - GROWWRAIL,28.89,29.09,28.82,28.88,28.83,28.88,,28.88,,,347032,10038427.45,2019,F1,1,,,,,
2026-07-14,2026-07-14,CM,NSE,STK,759428,INF666M01MN2,GROWWRLTY,EQ,,,,,GROWWAMC - GROWWRLTY,10.5,10.5,10.25,10.3,10.35,10.5,,10.3,,,375348,3871160.49,770,F1,1,,,,,
2026-07-14,2026-07-14,CM,NSE,STK,759522,INF666M01MO0,GROWWSC250,EQ,,,,,GROWWAMC - GROWWSC250,10.71,10.71,10.32,10.36,10.4,10.45,,10.36,,,146969,1525146.73,570,F1,1,,,,,
2026-07-14,2026-07-14,CM,NSE,STK,756827,INF666M01OF4,GROWWSLVR,EQ,,,,,GROWWAMC - GROWWSLVR,21.48,21.48,21.02,21.31,21.35,21.26,,21.31,,,989979,21063916.0,3130,F1,1,,,,,
2026-07-14,2026-07-14,CM,NSE,STK,763572,INF666M01OT5,PVTBKGROWW,EQ,,,,,GROWWAMC - PVTBKGROWW,27.69,28.38,27.65,28.1,27.98,28.26,,28.1,,,14147,396006.12,153,F1,1,,,,,
2026-07-14,2026-07-14,CM,NSE,STK,751745,INF666M01PG9,SMALLGROWW,EQ,,,,,GROWWAMC - SMALLGROWW,47.03,48.18,47.0,47.21,47.3,47.74,,47.21,,,6787,320821.33,120,F1,1,,,,,
2026-07-14,2026-07-14,CM,NSE,STK,6543,INE137I01015,GRPLTD,EQ,,,,,GRP LIMITED,1890.4,1910.7,1860.0,1882.5,1888.0,1901.8,,1882.3,,,1780,3353041.9,521,F1,1,,,,,
2026-07-14,2026-07-14,CM,NSE,STK,23888,INE0SQY01018,GSMFOILS,SM,,,,,GSM FOILS LIMITED,268.0,268.0,255.2,259.6,263.55,267.35,,259.6,,,45000,11765050.0,87,F1,500,,,,,
2026-07-14,2026-07-14,CM,NSE,STK,762239,INE713R01022,GSPCROP,EQ,,,,,GSP CROP SCIENCE LIMITED,438.7,449.85,430.0,440.2,440.1,431.95,,440.2,,,402151,177282149.75,8786,F1,1,,,,,
2026-07-14,2026-07-14,CM,NSE,STK,15351,INE871H01011,GSS,BE,,,,,GSS INFOTECH LIMITED,12.67,12.67,12.35,12.58,12.61,12.68,,12.58,,,5194,65128.75,37,F1,1,,,,,
2026-07-14,2026-07-14,CM,NSE,STK,13745,INE221H01019,GTLINFRA,EQ,,,,,GTL INFRA.LTD,1.31,1.32,1.27,1.28,1.29,1.31,,1.28,,,54789868,70421578.73,12975,F1,1,,,,,
2026-07-14,2026-07-14,CM,NSE,STK,1162,INE043A01012,GTL,EQ,,,,,GTL LTD,7.39,7.39,7.16,7.22,7.21,7.28,,7.22,,,191435,1387916.26,629,F1,1,,,,,
2026-07-14,2026-07-14,CM,NSE,STK,21195,INE869I01013,GTPL,EQ,,,,,GTPL HATHWAY LIMITED,60.22,64.0,60.22,62.6,63.15,60.22,,62.6,,,61964,3843687.14,1272,F1,1,,,,,
2026-07-14,2026-07-14,CM,NSE,STK,11606,INE742B01025,GUFICBIO,EQ,,,,,GUFIC BIOSCIENCES LTD.,401.5,404.9,394.3,399.3,399.9,400.25,,399.25,,,106670,42657332.8,3578,F1,1,,,,,
2026-07-14,2026-07-14,CM,NSE,STK,1145,INE162A01010,GIPCL,EQ,,,,,GUJ IND POW CO. LTD,166.0,167.75,164.0,166.31,166.9,166.81,,166.31,,,317312,52665411.12,5802,F1,1,,,,,
2026-07-14,2026-07-14,CM,NSE,STK,1174,INE113A01013,GNFC,EQ,,,,,GUJ NAR VAL FER & CHEM L,500.0,502.25,492.5,493.85,493.0,502.65,,493.85,,,339308,168254589.35,10051,F1,1,,,,,
2026-07-14,2026-07-14,CM,NSE,STK,1247,INE026A01025,GSFC,EQ,,,,,GUJ STATE FERT & CHEM LTD,161.49,161.69,159.0,159.32,159.53,161.7,,159.32,,,313612,50163131.63,5363,F1,1,,,,,
2026-07-14,2026-07-14,CM,NSE,STK,14677,INE826C01016,GUJAPOLLO,EQ,,,,,GUJ. APOLLO IND. LTD.,370.0,370.0,360.1,362.35,366.0,371.05,,362.35,,,1882,683993.5,148,F1,1,,,,,
2026-07-14,2026-07-14,CM,NSE,STK,1267,INE186A01019,GUJALKALI,EQ,,,,,GUJARAT ALKALIES & CHEM,608.0,608.0,598.0,600.75,600.2,610.5,,600.75,,,27572,16584579.15,1975,F1,1,,,,,
2026-07-14,2026-07-14,CM,NSE,STK,8828,INE036B01030,GAEL,EQ,,,,,GUJARAT AMBUJA EXPORTS LT,149.99,152.84,146.05,150.36,150.75,149.09,,150.36,,,908611,136128638.39,14378,F1,1,,,,,
2026-07-14,2026-07-14,CM,NSE,STK,10603,INE844O01030,GUJENERGY,BE,,,,,GUJARAT ENERGY LIMITED,286.9,289.0,279.0,284.95,284.7,286.95,,284.95,,,1855760,528833892.35,23245,F1,1,,,,,
2026-07-14,2026-07-14,CM,NSE,STK,13750,INE09N301011,FLUOROCHEM,EQ,,,,,GUJARAT FLUOROCHEM LTD,3880.0,3972.9,3839.0,3923.9,3946.0,3899.3,,3923.8,,,117131,457543124.4,15842,F1,1,,,,,
2026-07-14,2026-07-14,CM,NSE,STK,761197,INE0V0W01025,GKSL,EQ,,,,,GUJARAT KIDNEY N SUP SP L,134.97,140.49,130.6,132.74,132.0,133.9,,132.74,,,1727783,233957621.37,11944,F1,1,,,,,
2026-07-14,2026-07-14,CM,NSE,STK,8412,INE540A01017,GLFL,BE,,,,,GUJARAT LEASE FINANCING L,5.68,5.7,5.68,5.7,5.7,5.79,,5.7,,,558,3170.06,7,F1,1,,,,,
2026-07-14,2026-07-14,CM,NSE,STK,5204,INE131A01031,GMDCLTD,EQ,,,,,GUJARAT MINERAL DEV CORP,587.0,598.9,584.55,586.0,586.1,589.55,,586.0,,,731862,432262789.7,20133,F1,1,,,,,
2026-07-14,2026-07-14,CM,NSE,STK,762690,INE207H01018,GNRL,EQ,,,,,GUJARAT NATURAL RES L,100.4,101.1,96.7,97.45,96.7,101.12,,97.41,,,105282,10344909.58,2521,F1,1,,,,,
2026-07-14,2026-07-14,CM,NSE,STK,19731,INE517F01014,GPPL,EQ,,,,,GUJARAT PIPAVAV PORT LTD,155.1,155.5,151.0,151.18,151.3,155.56,,151.19,,,1165089,177501903.68,16246,F1,1,,,,,
2026-07-14,2026-07-14,CM,NSE,STK,4548,INE610B01024,GUJRAFFIA,EQ,,,,,GUJARAT RAFFIA INDUST LTD,38.11,39.68,38.0,39.63,39.68,38.0,,39.55,,,1734,67616.06,29,F1,1,,,,,
2026-07-14,2026-07-14,CM,NSE,STK,29731,INE942C01045,GUJTHEM,EQ,,,,,GUJARAT THEMIS BIOSYN LTD,381.9,382.0,370.95,371.9,372.15,381.95,,371.9,,,41412,15488149.85,1527,F1,1,,,,,
2026-07-14,2026-07-14,CM,NSE,STK,4391,INE635Q01029,GULFOILLUB,EQ,,,,,GULF OIL LUB. IND. LTD.,1038.8,1046.9,1029.0,1033.5,1035.0,1044.6,,1033.4,,,40537,42047334.3,7293,F1,1,,,,,
2026-07-14,2026-07-14,CM,NSE,STK,6286,INE255D01024,GULPOLY,EQ,,,,,GULSHAN POLYOLS LIMITED,191.6,192.98,185.2,186.29,186.25,192.17,,186.31,,,110351,20802741.25,1952,F1,1,,,,,
2026-07-14,2026-07-14,CM,NSE,STK,13229,INE251H01024,GVKPIL,BE,,,,,GVK POW. & INFRA LTD.,2.44,2.49,2.41,2.49,2.49,2.45,,2.49,,,698495,1719771.46,628,F1,1,,,,,
2026-07-14,2026-07-14,CM,NSE,STK,10865,INE382T01030,GVPTECH,EQ,,,,,GVP INFOTECH LIMITED,6.92,6.92,6.38,6.66,6.67,6.8,,6.66,,,91559,615459.44,255,F1,1,,,,,
2026-07-14,2026-07-14,CM,NSE,STK,764050,INE724A01017,GYFTR,EQ,,,,,GYFTR LIMITED,167.0,170.0,164.2,165.68,164.2,164.52,,165.79,,,36595,6145654.82,1098,F1,1,,,,,
2026-07-14,2026-07-14,CM,NSE,STK,762712,INE640B01021,HBESD,EQ,,,,,H B ESTATE DEVELOPERS L,75.1,76.95,72.8,73.01,73.01,75.0,,73.43,,,731,54417.5,22,F1,1,,,,,
2026-07-14,2026-07-14,CM,NSE,STK,1672,INE926X01010,HGINFRA,EQ,,,,,H.G.INFRA ENGINEERING LTD,567.95,568.45,555.3,557.65,556.5,568.05,,557.65,,,68827,38541009.6,3071,F1,1,,,,,
2026-07-14,2026-07-14,CM,NSE,STK,760715,INE115S01010,HALDER,EQ,,,,,HALDER VENTURE LIMITED,227.44,234.0,225.27,227.97,228.2,227.74,,228.97,,,26486,6055517.95,253,F1,1,,,,,
2026-07-14,2026-07-14,CM,NSE,STK,762708,INE506D01020,HALDYNGL,BE,,,,,HALDYN GLASS LTD.,120.6,122.75,119.0,120.77,121.0,122.95,,120.3,,,20454,2483153.44,142,F1,1,,,,,
2026-07-14,2026-07-14,CM,NSE,STK,21551,INE320X01016,HALEOSLABS,EQ,,,,,HALEOS LABS LIMITED,1554.3,1613.5,1553.0,1592.0,1590.8,1587.3,,1585.3,,,612,974444.4,120,F1,1,,,,,
2026-07-14,2026-07-14,CM,NSE,STK,13592,INE596H01014,HGM,EQ,,,,,HANDSON GBL MNGMNT LTD,51.26,51.5,49.41,50.65,50.8,51.26,,50.33,,,1371,68848.21,30,F1,1,,,,,
2026-07-14,2026-07-14,CM,NSE,STK,48,INE419U01012,HAPPSTMNDS,EQ,,,,,HAPPIEST MINDS TECHNO LTD,409.55,419.7,388.2,392.8,390.0,407.55,,392.8,,,3112937,1257582097.35,54866,F1,1,,,,,
2026-07-14,2026-07-14,CM,NSE,STK,20854,INE330T01021,HAPPYFORGE,EQ,,,,,HAPPY FORGINGS LIMITED,1568.5,1596.0,1562.2,1591.9,1593.0,1593.0,,1591.9,,,50081,79169925.2,7953,F1,1,,,,,
2026-07-14,2026-07-14,CM,NSE,STK,8962,INE626Z01029,HARDWYN,EQ,,,,,HARDWYN INDIA LIMITED,24.09,24.22,19.3,19.46,19.3,24.12,,19.46,,,16912391,352518876.33,57235,F1,1,,,,,
2026-07-14,2026-07-14,CM,NSE,STK,8968,INE00EV01017,HARIOMPIPE,EQ,,,,,HARIOM PIPE INDUSTRIES L,385.8,428.9,382.0,400.45,397.4,381.95,,400.45,,,5609157,2332210730.45,98888,F1,1,,,,,
2026-07-14,2026-07-14,CM,NSE,STK,1313,INE544A01019,HARRMALAYA,EQ,,,,,HARRISON MALAYALAM LTD,222.99,230.0,221.47,226.48,228.1,221.24,,226.39,,,78538,17783286.0,1703,F1,1,,,,,
2026-07-14,2026-07-14,CM,NSE,STK,11162,INE0JUS01029,HARSHA,EQ,,,,,HARSHA ENGINEERS INT LTD,422.8,425.7,414.35,416.55,416.0,422.45,,416.55,,,145984,61274367.7,5385,F1,1,,,,,
2026-07-14,2026-07-14,CM,NSE,STK,18154,INE982F01036,HATHWAY,EQ,,,,,HATHWAY CABLE & DATACOM,11.31,11.82,11.25,11.28,11.3,11.24,,11.28,,,4936513,56657756.7,6281,F1,1,,,,,
2026-07-14,2026-07-14,CM,NSE,STK,3892,INE473B01035,HATSUN,EQ,,,,,HATSUN AGRO PRODUCT LTD.,907.3,952.1,907.3,933.5,930.0,901.9,,933.7,,,93129,86803030.75,7178,F1,1,,,,,
2026-07-14,2026-07-14,CM,NSE,STK,9819,INE176B01034,HAVELLS,EQ,,,,,HAVELLS INDIA LIMITED,1178.5,1190.0,1167.3,1187.3,1189.0,1178.8,,1187.3,,,1122208,1322135906.5,36655,F1,1,,,,,
2026-07-14,2026-07-14,CM,NSE,STK,4444,INE979B01015,HAWKINCOOK,EQ,,,,,HAWKINS COOKERS LTD,9035.0,9035.0,8866.0,8977.0,9000.0,8957.0,,8977.0,,,1612,14468883.5,575,F1,1,,,,,
2026-07-14,2026-07-14,CM,NSE,STK,4118,INE550B01022,HBSL,BE,,,,,HB STOCKHOLDINGS LIMITED,49.99,50.89,48.71,49.99,49.99,49.39,,48.44,,,1631,80537.19,90,F1,1,,,,,
2026-07-14,2026-07-14,CM,NSE,STK,13966,INE292B01021,HBLENGINE,EQ,,,,,HBL ENGINEERING LTD,762.0,765.9,742.0,743.3,743.6,766.2,,743.3,,,964470,721802431.1,32886,F1,1,,,,,
2026-07-14,2026-07-14,CM,NSE,STK,1327,INE236A01020,HCL-INSYS,EQ,,,,,HCL INFOSYSTEMS LTD,11.92,11.97,11.8,11.86,11.9,11.97,,11.86,,,137765,1636772.69,519,F1,1,,,,,
2026-07-14,2026-07-14,CM,NSE,STK,7229,INE860A01027,HCLTECH,EQ,,,,,HCL TECHNOLOGIES LTD,1200.0,1209.1,1164.0,1166.7,1164.6,1221.2,,1166.7,,,9754723,11554260552.2,226006,F1,1,,,,,
2026-07-14,2026-07-14,CM,NSE,STK,757772,INE756I01012,HDBFS,EQ,,,,,HDB FINANCIAL SERVICES L,748.7,754.75,740.0,743.9,744.8,756.25,,743.9,,,292518,218105684.1,13729,F1,1,,,,,
2026-07-14,2026-07-14,CM,NSE,STK,4244,INE127D01025,HDFCAMC,EQ,,,,,HDFC AMC LIMITED,2735.0,2741.9,2642.0,2659.8,2662.7,2749.0,,2659.8,,,1148370,3060371824.6,52113,F1,1,,,,,
2026-07-14,2026-07-14,CM,NSE,STK,1333,INE040A01034,HDFCBANK,EQ,,,,,HDFC BANK LTD,811.4,818.4,807.0,809.4,809.0,817.95,,809.4,,,25605395,20789113493.0,292714,F1,1,,,,,
2026-07-14,2026-07-14,CM,NSE,STK,19543,INF179KC1981,HDFCGOLD,EQ,,,,,HDFC GOLD ETF,119.95,120.43,119.02,119.92,120.06,120.73,,119.92,,,1787189,214423356.75,9775,F1,1,,,,,
2026-07-14,2026-07-14,CM,NSE,STK,467,INE795G01014,HDFCLIFE,EQ,,,,,HDFC LIFE INS CO LTD,570.0,572.0,553.25,555.2,556.35,573.4,,555.15,,,6752588,3765385481.8,99011,F1,1,,,,,
2026-07-14,2026-07-14,CM,NSE,STK,14230,INF179KC1EZ4,HDFCBSE500,EQ,,,,,HDFCAMC - HDFCBSE500,37.32,40.0,37.12,37.43,37.33,37.78,,37.43,,,1977287,73685999.69,460,F1,1,,,,,
2026-07-14,2026-07-14,CM,NSE,STK,11241,INF179KC1DJ0,HDFCGROWTH,EQ,,,,,HDFCAMC - HDFCGROWTH,115.8,115.85,114.72,114.84,115.39,115.46,,114.93,,,24168,2778716.96,180,F1,1,,,,,
2026-07-14,2026-07-14,CM,NSE,STK,18279,INF179KC1JG3,HDFCLIQUID,EQ,,,,,HDFCAMC - HDFCLIQUID,1065.55,1069.2,1065.55,1069.19,1069.2,1069.04,,1069.19,,,41738,44626248.15,36,F1,1,,,,,
2026-07-14,2026-07-14,CM,NSE,STK,11547,INF179KC1HU8,HDFCLOWVOL,EQ,,,,,HDFCAMC - HDFCLOWVOL,20.54,20.64,20.27,20.36,20.4,20.64,,20.36,,,3550,72704.94,59,F1,1,,,,,
2026-07-14,2026-07-14,CM,NSE,STK,14236,INF179KC1HT0,HDFCMID150,EQ,,,,,HDFCAMC - HDFCMID150,23.49,23.49,23.26,23.31,23.33,23.47,,23.3,,,1029965,24045669.35,1589,F1,1,,,,,
2026-07-14,2026-07-14,CM,NSE,STK,11538,INF179KC1HV6,HDFCMOMENT,EQ,,,,,HDFCAMC - HDFCMOMENT,30.92,31.09,30.71,30.91,30.84,30.88,,30.91,,,86739,2680358.75,532,F1,1,,,,,
2026-07-14,2026-07-14,CM,NSE,STK,10619,INF179KC1HS2,HDFCNEXT50,EQ,,,,,HDFCAMC - HDFCNEXT50,75.33,75.33,72.3,73.23,73.35,73.5,,73.24,,,153677,11243240.05,701,F1,1,,,,,
2026-07-14,2026-07-14,CM,NSE,STK,10633,INF179KC1HR4,HDFCNIF100,EQ,,,,,HDFCAMC - HDFCNIF100,25.8,26.44,25.8,26.29,26.3,26.11,,26.28,,,23700,615422.01,287,F1,1,,,,,
2026-07-14,2026-07-14,CM,NSE,STK,22433,INF179KC1HY0,HDFCNIFBAN,EQ,,,,,HDFCAMC - HDFCNIFBAN,59.68,59.68,58.99,59.12,59.14,59.72,,59.11,,,1468005,87020848.07,751,F1,1,,,,,
2026-07-14,2026-07-14,CM,NSE,STK,12101,INF179KC1IA8,HDFCNIFIT,EQ,,,,,HDFCAMC - HDFCNIFIT,31.68,31.68,30.58,30.6,30.58,30.91,,30.6,,,167420,5155922.49,390,F1,1,,,,,
2026-07-14,2026-07-14,CM,NSE,STK,11591,INF179KC1965,HDFCNIFTY,EQ,,,,,HDFCAMC - HDFCNIFTY,279.08,279.08,270.2,270.46,270.21,272.28,,270.46,,,39059,10577993.19,963,F1,1,,,,,
2026-07-14,2026-07-14,CM,NSE,STK,12108,INF179KC1HZ7,HDFCPVTBAN,EQ,,,,,HDFCAMC - HDFCPVTBAN,28.81,28.81,28.3,28.43,28.7,28.7,,28.43,,,186532,5310965.41,348,F1,1,,,,,
2026-07-14,2026-07-14,CM,NSE,STK,11255,INF179KC1DL6,HDFCQUAL,EQ,,,,,HDFCAMC - HDFCQUAL,57.21,57.59,56.74,56.92,57.59,57.21,,56.93,,,8576,488204.04,108,F1,1,,,,,
2026-07-14,2026-07-14,CM,NSE,STK,11593,INF179KC1HX2,HDFCSENSEX,EQ,,,,,HDFCAMC - HDFCSENSEX,87.11,87.83,87.11,87.42,87.55,87.91,,87.42,,,30758,2690769.12,522,F1,1,,,,,
2026-07-14,2026-07-14,CM,NSE,STK,10876,INF179KC1DI2,HDFCSILVER,EQ,,,,,HDFCAMC - HDFCSILVER,206.16,208.95,205.5,208.06,208.34,207.6,,208.06,,,1925920,399992033.1,10524,F1,1,,,,,
2026-07-14,2026-07-14,CM,NSE,STK,14233,INF179KC1FB2,HDFCSML250,EQ,,,,,HDFCAMC - HDFCSML250,183.8,184.13,180.5,180.71,180.63,183.23,,180.71,,,1361019,246670472.04,13151,F1,1,,,,,
2026-07-14,2026-07-14,CM,NSE,STK,11260,INF179KC1DK8,HDFCVALUE,EQ,,,,,HDFCAMC - HDFCVALUE,127.58,127.84,126.5,127.06,126.51,127.84,,127.06,,,1946,246582.87,59,F1,1,,,,,
2026-07-14,2026-07-14,CM,NSE,STK,22595,INF179KC1HW4,HDFCPSUBK,EQ,,,,,HDFCAMC HDFCPSUBK,85.53,85.53,83.75,84.1,84.67,85.53,,84.1,,,165980,14012196.94,468,F1,1,,,,,
2026-07-14,2026-07-14,CM,NSE,STK,19205,INE759V01019,HEADSUP,EQ,,,,,HEADS UP VENTURES LIMITED,6.8,7.05,6.51,6.61,6.56,6.91,,6.65,,,9170,61820.44,118,F1,1,,,,,
2026-07-14,2026-07-14,CM,NSE,STK,20063,INE019J01013,HEALTHX,EQ,,,,,HEALTH X PLATFORM LIMITED,339.35,347.85,332.25,334.35,335.95,337.6,,334.35,,,8476,2865792.15,290,F1,1,,,,,
2026-07-14,2026-07-14,CM,NSE,STK,15555,INE075I01017,HCG,EQ,,,,,HEALTHCARE GLOB. ENT. LTD,675.0,688.2,665.4,686.35,685.6,678.85,,686.35,,,128109,87488044.95,12154,F1,1,,,,,
2026-07-14,2026-07-14,CM,NSE,STK,7425,INE558R01013,HECPROJECT,EQ,,,,,HEC INFRA PROJECTS LTD,128.0,129.96,124.35,128.56,127.5,128.69,,128.56,,,7226,919899.31,337,F1,1,,,,,
2026-07-14,2026-07-14,CM,NSE,STK,1336,INE545A01024,HEG,EQ,,,,,HEG LTD,574.0,579.7,565.0,566.45,566.2,575.4,,566.45,,,1339401,764564829.6,30955,F1,1,,,,,
2026-07-14,2026-07-14,CM,NSE,STK,2316,INE578A01017,HEIDELBERG,EQ,,,,,HEIDELBERGCEMENT (I) LTD,156.45,157.9,156.45,157.41,156.72,157.08,,157.41,,,43258,6798047.65,1047,F1,1,,,,,
2026-07-14,2026-07-14,CM,NSE,STK,701,INE0AJG01018,HEMIPROP,EQ,,,,,HEMISPHERE PROP IND LTD,138.5,139.48,136.28,136.76,136.62,139.8,,136.76,,,216055,29739309.34,2021,F1,1,,,,,
2026-07-14,2026-07-14,CM,NSE,STK,2614,INE694N01015,HERANBA,EQ,,,,,HERANBA INDUSTRIES LTD,182.0,185.9,179.9,180.72,182.0,183.25,,180.71,,,37065,6753867.29,1223,F1,1,,,,,
2026-07-14,2026-07-14,CM,NSE,STK,4598,INE978A01027,HERITGFOOD,EQ,,,,,HERITAGE FOODS LTD,337.0,337.0,332.55,333.45,333.5,337.05,,333.45,,,152463,50927633.5,4355,F1,1,,,,,
2026-07-14,2026-07-14,CM,NSE,STK,1348,INE158A01026,HEROMOTOCO,EQ,,,,,HERO MOTOCORP LIMITED,4922.0,4958.0,4865.2,4878.3,4877.5,4952.1,,4878.4,,,680383,3338283916.4,60780,F1,1,,,,,
2026-07-14,2026-07-14,CM,NSE,STK,7048,INE782E01017,HESTERBIO,EQ,,,,,HESTER BIOSCIENCES LTD,2630.0,2660.0,2341.0,2386.8,2363.5,2545.0,,2387.6,,,290142,727007689.2,30379,F1,1,,,,,
2026-07-14,2026-07-14,CM,NSE,STK,27008,INE750M01017,HEXATRADEX,EQ,,,,,HEXA TRADEX LIMITED,161.0,164.0,159.01,160.35,161.49,161.35,,160.41,,,3392,547297.88,79,F1,1,,,,,
2026-07-14,2026-07-14,CM,NSE,STK,750089,INE0JUI01012,HEXAGON,EQ,,,,,HEXAGON NUTRITION LIMITED,76.6,78.25,75.0,76.07,75.97,76.16,,76.06,,,2991167,229045274.34,15678,F1,1,,,,,
2026-07-14,2026-07-14,CM,NSE,STK,29666,INE093A01041,HEXT,EQ,,,,,HEXAWARE TECHNOLOGIES LTD,564.9,578.9,548.95,558.65,558.85,566.2,,558.65,,,685284,385244597.95,29101,F1,1,,,,,
2026-07-14,2026-07-14,CM,NSE,STK,21951,INE548A01028,HFCL,EQ,,,,,HFCL LIMITED,211.95,214.55,206.1,212.78,211.94,214.63,,212.75,,,12863408,2707707656.84,69437,F1,1,,,,,
2026-07-14,2026-07-14,CM,NSE,STK,18794,INE0PIC01017,HIGREEN,SM,,,,,HI GREEN CARBON LIMITED,138.0,141.95,137.95,141.1,141.95,138.0,,141.1,,,24800,3458880.0,30,F1,800,,,,,
2026-07-14,2026-07-14,CM,NSE,STK,2868,INE106T01025,HITECH,EQ,,,,,HI-TECH PIPES LIMITED,88.98,89.11,86.55,86.92,86.98,89.12,,86.92,,,369570,32407455.06,3129,F1,1,,,,,
2026-07-14,2026-07-14,CM,NSE,STK,759104,INE00RL01028,HILINFRA,BE,,,,,HIGHWAY INFRASTRUCTURE L,45.12,45.5,45.0,45.1,45.3,45.3,,45.1,,,24579,1109683.03,285,F1,1,,,,,
2026-07-14,2026-07-14,CM,NSE,STK,9668,INE475B01022,HIKAL,EQ,,,,,HIKAL LIMITED,243.8,244.03,236.1,237.22,237.88,245.69,,237.22,,,365108,87440061.55,7501,F1,1,,,,,
2026-07-14,2026-07-14,CM,NSE,STK,14631,INE788H01017,HILTON,BE,,,,,HILTON METAL FORGING LTD,22.38,22.55,21.8,22.02,22.0,22.3,,22.02,,,90509,2011086.65,169,F1,1,,,,,
2026-07-14,2026-07-14,CM,NSE,STK,14334,INE019C01026,HSCL,EQ,,,,,HIMADRI SPECIALITY CHEM L,662.5,674.7,660.05,671.4,671.4,663.1,,671.4,,,5549481,3711843738.3,52162,F1,1,,,,,
2026-07-14,2026-07-14,CM,NSE,STK,1360,INE049A01027,HIMATSEIDE,EQ,,,,,HIMATSINGKA SEIDE LTD,90.0,92.27,86.75,87.28,87.05,89.11,,87.28,,,1258031,112733238.02,12285,F1,1,,,,,
2026-07-14,2026-07-14,CM,NSE,STK,13890,INE835D01023,HIRECT,EQ,,,,,HIND RECTIFIER LIMITED,1045.0,1069.1,1029.1,1062.4,1060.0,1052.7,,1062.3,,,42432,44476118.8,3210,F1,1,,,,,
2026-07-14,2026-07-14,CM,NSE,STK,1363,INE038A01020,HINDALCO,EQ,,,,,HINDALCO  INDUSTRIES  LTD,964.0,998.0,964.0,974.3,972.0,966.85,,974.3,,,8061017,7923937035.55,154868,F1,1,,,,,
2026-07-14,2026-07-14,CM,NSE,STK,4924,INE642Y01029,HINDCON,BE,,,,,HINDCON CHEMICALS LIMITED,21.4,21.98,20.65,21.68,21.79,21.4,,21.68,,,21822,466726.02,123,F1,1,,,,,
2026-07-14,2026-07-14,CM,NSE,STK,11796,INE05X901010,HPIL,EQ,,,,,HINDPRAKASH INDUSTRY LTD,125.4,125.4,121.0,124.39,124.4,121.14,,124.39,,,469,58677.38,13,F1,1,,,,,
2026-07-14,2026-07-14,CM,NSE,STK,14712,INE170I01016,HGS,EQ,,,,,HINDUJA GLOBAL SOLS. LTD.,415.1,477.6,415.1,453.6,451.8,417.4,,453.6,,,1688542,782512673.4,43954,F1,1,,,,,
2026-07-14,2026-07-14,CM,NSE,STK,2303,INE066F01020,HAL,EQ,,,,,HINDUSTAN AERONAUTICS LTD,4510.1,4510.1,4392.0,4442.4,4429.7,4511.3,,4442.4,,,770894,3417651314.5,46890,F1,1,,,,,
2026-07-14,2026-07-14,CM,NSE,STK,1372,INE310C01029,HINDCOMPOS,EQ,,,,,HINDUSTAN COMPOSITES LTD.,437.6,487.6,437.6,448.85,448.0,437.3,,448.85,,,81396,37847036.3,4357,F1,1,,,,,
2026-07-14,2026-07-14,CM,NSE,STK,1375,INE549A01026,HCC,EQ,,,,,HINDUSTAN CONSTRUCTION CO,23.6,23.66,22.98,23.03,23.1,23.77,,23.03,,,15974168,370199644.96,20505,F1,1,,,,,
2026-07-14,2026-07-14,CM,NSE,STK,17939,INE531E01026,HINDCOPPER,EQ,,,,,HINDUSTAN COPPER LTD,495.0,507.65,489.0,491.65,491.55,497.95,,491.65,,,4759971,2367619172.6,66791,F1,1,,,,,
2026-07-14,2026-07-14,CM,NSE,STK,12173,INE254N01026,HNDFDS,EQ,,,,,HINDUSTAN FOODS LIMITED,568.45,572.0,556.0,557.8,557.0,571.3,,557.8,,,47899,26931095.6,4397,F1,1,,,,,
2026-07-14,2026-07-14,CM,NSE,STK,19211,INE871K01015,HMVL,EQ,,,,,HINDUSTAN MEDIA VENT LTD,90.56,90.56,88.21,89.77,90.49,89.27,,89.77,,,47215,4212313.8,1495,F1,1,,,,,
2026-07-14,2026-07-14,CM,NSE,STK,1403,INE345A01011,HINDOILEXP,EQ,,,,,HINDUSTAN OIL EXPLORATION,156.0,161.2,152.15,156.04,156.15,154.34,,156.05,,,1465384,229959491.07,14654,F1,1,,,,,
2026-07-14,2026-07-14,CM,NSE,STK,1406,INE094A01015,HINDPETRO,EQ,,,,,HINDUSTAN PETROLEUM CORP,384.7,387.8,381.65,386.0,385.9,391.6,,386.0,,,8994389,3463151180.95,116091,F1,1,,,,,
2026-07-14,2026-07-14,CM,NSE,STK,1394,INE030A01027,HINDUNILVR,EQ,,,,,HINDUSTAN UNILEVER LTD.,2125.0,2145.0,2116.1,2120.2,2118.0,2130.6,,2120.2,,,2681897,5705748578.4,123426,F1,1,,,,,
2026-07-14,2026-07-14,CM,NSE,STK,1424,INE267A01025,HINDZINC,EQ,,,,,HINDUSTAN ZINC LIMITED,529.95,536.5,526.25,527.9,528.05,532.6,,527.9,,,3181142,1684345888.55,39148,F1,1,,,,,
2026-07-14,2026-07-14,CM,NSE,STK,15883,INE05AN01011,HINDWAREAP,EQ,,,,,HINDWARE HME INOVATON LTD,246.0,248.8,238.95,242.4,241.55,247.85,,242.4,,,83877,20308576.15,4074,F1,1,,,,,
2026-07-14,2026-07-14,CM,NSE,STK,19322,INE598C01011,HISARMETAL,EQ,,,,,HISAR METAL IND. LIMITED,156.0,157.0,153.05,154.2,154.2,157.03,,154.21,,,776,119877.79,24,F1,1,,,,,
2026-07-14,2026-07-14,CM,NSE,STK,18457,INE07Y701011,POWERINDIA,EQ,,,,,HITACHI ENERGY INDIA LTD,31550.0,32585.0,31300.0,32490.0,32460.0,31915.0,,32490.0,,,87083,2794733810.0,30801,F1,1,,,,,
2026-07-14,2026-07-14,CM,NSE,STK,15165,INE120D01012,HITECHCORP,BE,,,,,HITECH CORPORATION LTD,319.65,320.0,311.05,319.0,317.6,326.15,,319.0,,,58078,18300007.6,226,F1,1,,,,,
2026-07-14,2026-07-14,CM,NSE,STK,2289,INE461D01028,HLEGLAS,EQ,,,,,HLE GLASCOAT LIMITED,407.55,408.2,384.5,393.55,390.5,409.25,,393.65,,,173914,69158789.05,5302,F1,1,,,,,
2026-07-14,2026-07-14,CM,NSE,STK,1448,INE102A01024,HLVLTD,EQ,,,,,HLV LIMITED,7.45,7.58,7.45,7.49,7.5,7.49,,7.49,,,123141,924917.15,441,F1,1,,,,,
2026-07-14,2026-07-14,CM,NSE,STK,17053,INE0ECP01024,HMAAGRO,EQ,,,,,HMA AGRO INDUSTRIES LTD,21.8,22.2,21.7,21.78,21.9,21.88,,21.78,,,196631,4292841.14,846,F1,1,,,,,
2026-07-14,2026-07-14,CM,NSE,STK,763705,INE2T2Q07345,850HMDA32,N0,,,,,HMDA 8.50% 2032 STRPP C,101924.66,101924.66,101924.66,101924.66,101924.66,101881.37,,101924.66,,,100,10192466.0,1,F1,1,,,,,
2026-07-14,2026-07-14,CM,NSE,STK,19698,INE262A01018,HMT,BZ,,,,,HMT LTD -,64.19,64.85,63.11,64.21,64.24,64.19,,64.21,,,4412,281729.4,68,F1,1,,,,,
2026-07-14,2026-07-14,CM,NSE,STK,23826,INE0S6S01017,HOACFOODS,ST,,,,,HOAC FOODS INDIA LIMITED,680.0,689.95,670.0,689.95,689.95,700.0,,689.95,,,4500,3048000.0,9,F1,375,,,,,
2026-07-14,2026-07-14,CM,NSE,STK,18649,INE0LXA01019,HOLMARC,SM,,,,,HOLMARC OPTO MECHATRO L,110.2,110.2,107.0,107.0,107.0,110.0,,107.0,,,3000,325650.0,4,F1,750,,,,,
2026-07-14,2026-07-14,CM,NSE,STK,2056,INE481N01025,HOMEFIRST,EQ,,,,,HOME FIRST FIN CO IND LTD,1265.0,1268.4,1221.1,1223.1,1225.0,1261.0,,1223.0,,,160522,199460554.2,15646,F1,1,,,,,
2026-07-14,2026-07-14,CM,NSE,STK,13526,INE0N7F01017,HOMESFY,SM,,,,,HOMESFY REALTY LIMITED,117.0,117.0,117.0,117.0,117.0,117.0,,117.0,,,300,35100.0,1,F1,300,,,,,
2026-07-14,2026-07-14,CM,NSE,STK,19813,INE0J5401028,HONASA,EQ,,,,,HONASA CONSUMER LIMITED,470.75,491.35,470.75,474.4,473.1,472.25,,474.45,,,1539009,738589215.1,41611,F1,1,,,,,
2026-07-14,2026-07-14,CM,NSE,STK,3138,INE634A01018,HONDAPOWER,EQ,,,,,HONDA I POWER PRODUCT LTD,2142.4,2143.5,2110.0,2119.5,2121.7,2143.5,,2120.7,,,2264,4805478.7,491,F1,1,,,,,
2026-07-14,2026-07-14,CM,NSE,STK,3417,INE671A01010,HONAUT,EQ,,,,,HONEYWELL AUTOMATION IND,38200.0,38370.0,37950.0,38060.0,37960.0,38215.0,,38060.0,,,3189,121537480.0,1407,F1,1,,,,,
2026-07-14,2026-07-14,CM,NSE,STK,17920,INE191I01012,HDIL,BZ,,,,,HOUSING DEV & INFRA LTD,1.73,1.76,1.68,1.7,1.71,1.7,,1.7,,,181203,311659.55,202,F1,1,,,,,
2026-07-14,2026-07-14,CM,NSE,STK,7376,INE0GSL01024,HPAL,EQ,,,,,HP ADHESIVES LIMITED,34.79,35.19,34.61,34.85,35.1,34.45,,34.86,,,15109,526169.05,243,F1,1,,,,,
2026-07-14,2026-07-14,CM,NSE,STK,29875,INE0VA601019,HPTL,SM,,,,,HP TELECOM INDIA LIMITED,285.6,294.0,285.6,294.0,294.0,280.0,,294.0,,,10800,3152520.0,16,F1,600,,,,,
2026-07-14,2026-07-14,CM,NSE,STK,18679,INE495S01016,HPL,EQ,,,,,HPL ELECTRIC & POWER LTD,349.65,350.6,343.8,345.5,345.0,351.05,,345.55,,,87182,30176337.25,2275,F1,1,,,,,
2026-07-14,2026-07-14,CM,NSE,STK,21107,INE0R3501012,HRHNEXT,SM,,,,,HRH NEXT SERVICES LIMITED,28.65,28.65,28.65,28.65,28.65,27.3,,28.65,,,1500,42975.0,1,F1,1500,,,,,
2026-07-14,2026-07-14,CM,NSE,STK,761506,INF336L01RX2,HSBCGOLD,EQ,,,,,HSBCAMC - HSBCGOLD,124.22,129.8,121.55,125.62,124.0,123.61,,125.54,,,1437,176134.16,45,F1,1,,,,,
2026-07-14,2026-07-14,CM,NSE,STK,20825,INE031A01017,HUDCO,EQ,,,,,HSG & URBAN DEV CORPN LTD,208.8,209.0,206.03,207.85,207.45,210.24,,207.86,,,1384175,287228932.67,18294,F1,1,,,,,
2026-07-14,2026-07-14,CM,NSE,STK,11979,INE501G01024,HTMEDIA,EQ,,,,,HT MEDIA LIMITED,25.52,27.75,25.52,27.16,27.18,25.81,,27.13,,,1045025,28009075.46,4134,F1,1,,,,,
2026-07-14,2026-07-14,CM,NSE,STK,14203,INE703H01016,HUBTOWN,EQ,,,,,HUBTOWN LIMITED,210.17,210.5,202.96,205.77,206.05,210.17,,205.77,,,701882,144889797.03,6471,F1,1,,,,,
2026-07-14,2026-07-14,CM,NSE,STK,2562,INE275B01026,HUHTAMAKI,EQ,,,,,HUHTAMAKI INDIA LIMITED,219.7,221.49,215.0,215.78,215.39,221.53,,215.77,,,110634,24207117.65,2679,F1,1,,,,,
2026-07-14,2026-07-14,CM,NSE,STK,25708,INE0TO501019,HVAX,SM,,,,,HVAX TECHNOLOGIES LIMITED,709.95,711.1,705.0,709.95,709.95,677.25,,709.95,,,2700,1917645.0,15,F1,150,,,,,
2026-07-14,2026-07-14,CM,NSE,STK,12814,INE965B01022,HYBRIDFIN,BE,,,,,HYBRID FINANCIAL SERVICE,18.45,18.98,18.3,18.79,18.79,18.36,,18.9,,,8849,164211.11,54,F1,1,,,,,
2026-07-14,2026-07-14,CM,NSE,STK,25844,INE0V6F01027,HYUNDAI,EQ,,,,,HYUNDAI MOTOR INDIA LTD,1968.0,1994.7,1948.2,1959.7,1958.9,1994.4,,1959.7,,,351452,691062403.4,24670,F1,1,,,,,
2026-07-14,2026-07-14,CM,NSE,STK,14086,INE204A01010,IGPL,EQ,,,,,I G PETROCHEMICALS LTD,435.0,443.75,424.7,437.3,441.0,434.25,,437.3,,,25745,11196252.35,1373,F1,1,,,,,
2026-07-14,2026-07-14,CM,NSE,STK,21348,INE0O7401018,IBLFL,SM,,,,,IBL FINANCE LIMITED,60.6,60.6,60.6,60.6,60.6,57.75,,60.6,,,12000,727200.0,5,F1,2000,,,,,
2026-07-14,2026-07-14,CM,NSE,STK,764067,INE0XE501015,ICELCO,ST,,,,,IC ELECTRICALS COMPANY L,162.5,165.55,159.4,159.4,159.4,167.75,,159.4,,,261600,42217620.0,168,F1,1200,,,,,
2026-07-14,2026-07-14,CM,NSE,STK,6977,INE613B01010,ICDSLTD,EQ,,,,,ICDS LTD,40.0,41.5,40.0,41.5,41.5,40.0,,39.88,,,8,329.0,4,F1,1,,,,,
2026-07-14,2026-07-14,CM,NSE,STK,489,INE520Y01019,ICEMAKE,EQ,,,,,ICE MAKE REFRIGERAT LTD,764.65,791.0,756.05,786.25,782.0,764.65,,786.25,,,35084,27292184.65,2188,F1,1,,,,,
2026-07-14,2026-07-14,CM,NSE,STK,4963,INE090A01021,ICICIBANK,EQ,,,,,ICICI BANK LTD.,1400.0,1411.8,1392.0,1407.7,1406.4,1409.5,,1407.7,,,14133017,19847483412.5,172884,F1,1,,,,,
2026-07-14,2026-07-14,CM,NSE,STK,21770,INE765G01017,ICICIGI,EQ,,,,,ICICI LOMBARD GIC LIMITED,1785.1,1800.0,1748.5,1788.1,1800.0,1787.3,,1788.1,,,1081265,1911094369.9,32247,F1,1,,,,,
2026-07-14,2026-07-14,CM,NSE,STK,21254,INF109KC19U5,LOWVOLIETF,EQ,,,,,ICICI PR NIF LW VL 30 ETF,22.56,22.56,21.97,21.99,21.97,22.12,,21.99,,,479665,10574793.76,1012,F1,1,,,,,
2026-07-14,2026-07-14,CM,NSE,STK,18652,INE726G01019,ICICIPRULI,EQ,,,,,ICICI PRU LIFE INS CO LTD,520.25,520.25,500.05,503.95,504.0,519.7,,503.95,,,1254279,634646560.95,40319,F1,1,,,,,
2026-07-14,2026-07-14,CM,NSE,STK,17702,INF109KC10W0,MIDSELIETF,EQ,,,,,ICICI PRUD MIDCAP SEL ETF,19.43,19.44,19.2,19.3,19.36,19.44,,19.3,,,347803,6707787.03,671,F1,1,,,,,
2026-07-14,2026-07-14,CM,NSE,STK,30392,INF109KC16V9,NIF100IETF,EQ,,,,,ICICI PRUD NIFTY 100 ETF,27.86,28.07,27.86,27.96,28.0,28.07,,27.96,,,42313,1183763.53,1279,F1,1,,,,,
2026-07-14,2026-07-14,CM,NSE,STK,29553,INF109K012R6,NIFTYIETF,EQ,,,,,ICICI PRUD NIFTY ETF,276.1,276.1,271.66,271.91,271.9,274.07,,271.91,,,361433,98475770.8,12508,F1,1,,,,,
2026-07-14,2026-07-14,CM,NSE,STK,4378,INF346A01034,SENSEXIETF,EQ,,,,,ICICI PRUD SENSEX ETF,882.15,889.42,882.15,884.71,884.05,889.94,,884.64,,,6769,5996781.27,429,F1,1,,,,,
2026-07-14,2026-07-14,CM,NSE,STK,760407,INE346A01027,ICICIAMC,EQ,,,,,ICICI PRUDENTIAL AMC LTD,3251.1,3287.7,3090.7,3165.8,3164.0,3205.6,,3165.8,,,1118987,3531637520.1,111697,F1,1,,,,,
2026-07-14,2026-07-14,CM,NSE,STK,19679,INF109KC1NT3,GOLDIETF,EQ,,,,,ICICI PRUDENTIAL GOLD ETF,124.09,124.09,119.51,120.19,120.25,121.07,,120.19,,,2824722,339599421.59,26686,F1,1,,,,,
2026-07-14,2026-07-14,CM,NSE,STK,17475,INF109KC11V0,NV20IETF,EQ,,,,,ICICI PRUDENTIAL NV20 ETF,13.81,13.85,13.7,13.75,13.8,13.81,,13.75,,,260511,3582490.37,1682,F1,1,,,,,
2026-07-14,2026-07-14,CM,NSE,STK,522,INF109KB15Y7,ICICIB22,EQ,,,,,ICICIPRAMC - BHARATIWIN,117.9,117.9,115.87,116.23,116.19,117.23,,116.23,,,309570,35977983.85,3528,F1,1,,,,,
2026-07-14,2026-07-14,CM,NSE,STK,30139,INF109K1A021,CASHIETF,EQ,,,,,ICICIPRAMC - CASHIETF,1070.56,1071.92,1069.36,1070.71,1070.72,1070.56,,1070.71,,,488106,522618471.29,131,F1,1,,,,,
2026-07-14,2026-07-14,CM,NSE,STK,755881,INF109K1A153,EVIETF,EQ,,,,,ICICIPRAMC - EVIETF,31.79,32.12,31.05,31.19,31.62,31.49,,31.19,,,257400,8023184.63,618,F1,1,,,,,
2026-07-14,2026-07-14,CM,NSE,STK,3001,INF109KC1V59,BSE500IETF,EQ,,,,,ICICIPRAMC - ICICI500,39.37,39.37,39.05,39.17,39.18,39.37,,39.18,,,41866,1640198.24,1023,F1,1,,,,,
2026-07-14,2026-07-14,CM,NSE,STK,8342,INF109KC14A8,GSEC5IETF,EQ,,,,,ICICIPRAMC - ICICI5GSEC,66.26,66.43,65.65,65.92,65.65,66.02,,65.92,,,8192,541305.73,29,F1,1,,,,,
2026-07-14,2026-07-14,CM,NSE,STK,22344,INF109KC17V7,ALPL30IETF,EQ,,,,,ICICIPRAMC - ICICIALPLV,27.65,27.69,27.44,27.56,27.64,27.7,,27.56,,,220129,6072633.31,743,F1,1,,,,,
2026-07-14,2026-07-14,CM,NSE,STK,7844,INF109KC10V2,AUTOIETF,EQ,,,,,ICICIPRAMC - ICICIAUTO,28.56,28.56,27.41,27.49,27.51,27.87,,27.49,,,831491,22879251.21,2871,F1,1,,,,,
2026-07-14,2026-07-14,CM,NSE,STK,11386,INF109KC18U7,PVTBANIETF,EQ,,,,,ICICIPRAMC - ICICIBANKP,29.15,29.15,28.1,28.19,28.19,28.44,,28.19,,,3393882,95692042.3,1717,F1,1,,,,,
2026-07-14,2026-07-14,CM,NSE,STK,13198,INF109KC19O8,COMMOIETF,EQ,,,,,ICICIPRAMC - ICICICOMMO,100.09,100.93,99.96,100.3,100.5,100.02,,100.3,,,29090,2916224.55,476,F1,1,,,,,
2026-07-14,2026-07-14,CM,NSE,STK,6446,INF109KC1V42,CONSUMIETF,EQ,,,,,ICICIPRAMC - ICICICONSU,120.25,120.7,119.5,120.0,120.1,120.78,,120.0,,,4321,519655.83,198,F1,1,,,,,
2026-07-14,2026-07-14,CM,NSE,STK,5306,INF109KC19V3,FMCGIETF,EQ,,,,,ICICIPRAMC - ICICIFMCG,52.48,52.75,52.1,52.15,52.13,52.48,,52.15,,,1077910,56423595.54,3674,F1,1,,,,,
2026-07-14,2026-07-14,CM,NSE,STK,10723,INF109KC16E5,INFRAIETF,EQ,,,,,ICICIPRAMC - ICICIINFRA,96.41,96.59,95.64,96.3,96.59,96.59,,96.3,,,54288,5224039.18,2748,F1,1,,,,,
2026-07-14,2026-07-14,CM,NSE,STK,4838,INF109KC1KT9,LIQUIDIETF,EQ,,,,,ICICIPRAMC - ICICILIQ,999.99,1000.01,999.99,999.99,1000.0,999.99,,999.99,,,431508,431507861.21,210,F1,1,,,,,
2026-07-14,2026-07-14,CM,NSE,STK,17152,INF109KC11W8,MIDCAPIETF,EQ,,,,,ICICIPRAMC - ICICIM150,24.6,24.6,23.77,23.85,23.87,24.0,,23.85,,,697044,16624036.74,2421,F1,1,,,,,
2026-07-14,2026-07-14,CM,NSE,STK,10585,INF109KC17C7,MOM30IETF,EQ,,,,,ICICIPRAMC - ICICIMOM30,31.05,31.3,30.97,31.15,31.17,31.08,,31.15,,,641637,19962178.08,1365,F1,1,,,,,
2026-07-14,2026-07-14,CM,NSE,STK,4529,INF109KC1NS5,NEXT50IETF,EQ,,,,,ICICIPRAMC - ICICINXT50,76.05,76.06,75.16,75.77,75.81,76.05,,75.77,,,691286,52260179.29,4582,F1,1,,,,,
2026-07-14,2026-07-14,CM,NSE,STK,3626,INF109KC1Q72,HEALTHIETF,EQ,,,,,ICICIPRAMC - ICICIPHARM,167.01,169.22,166.12,168.33,168.65,167.01,,168.33,,,159937,26936623.91,1360,F1,1,,,,,
2026-07-14,2026-07-14,CM,NSE,STK,17808,INF109KC18V5,QUAL30IETF,EQ,,,,,ICICIPRAMC - ICICIQTY30,21.29,21.29,20.6,20.66,20.6,20.87,,20.66,,,41989,869942.33,238,F1,1,,,,,
2026-07-14,2026-07-14,CM,NSE,STK,7942,INF109KC1Y56,SILVERIETF,EQ,,,,,ICICIPRAMC - ICICISILVE,221.91,221.91,214.68,216.88,217.26,216.5,,216.88,,,1864154,403497857.78,14558,F1,1,,,,,
2026-07-14,2026-07-14,CM,NSE,STK,22365,INF109KC16I6,ITIETF,EQ,,,,,ICICIPRAMC - ICICITECH,32.94,32.94,31.5,31.77,31.5,32.14,,31.77,,,778022,24985420.92,1769,F1,1,,,,,
2026-07-14,2026-07-14,CM,NSE,STK,11037,INF109KC15I8,BANKIETF,EQ,,,,,ICICIPRAMC - IPRU5008,59.56,59.56,58.81,58.96,58.87,59.56,,58.96,,,481436,28453011.25,1898,F1,1,,,,,
2026-07-14,2026-07-14,CM,NSE,STK,24861,INF109KC19W1,METALIETF,EQ,,,,,ICICIPRAMC - METALIETF,12.93,12.93,12.67,12.77,12.8,12.68,,12.77,,,6649459,84954716.64,7364,F1,1,,,,,
2026-07-14,2026-07-14,CM,NSE,STK,24533,INF109KC18W3,OILIETF,EQ,,,,,ICICIPRAMC - OILIETF,11.31,11.35,11.24,11.25,11.26,11.33,,11.25,,,944446,10649362.94,2282,F1,1,,,,,
2026-07-14,2026-07-14,CM,NSE,STK,14584,INF109KC10S8,PSUBNKIETF,EQ,,,,,ICICIPRAMC - PSUBANKICI,85.85,85.85,84.12,84.52,85.25,85.77,,84.52,,,249401,21111104.39,1357,F1,1,,,,,
2026-07-14,2026-07-14,CM,NSE,STK,754612,INF109K1A476,SMALLIETF,EQ,,,,,ICICIPRAMC - SMALLIETF,18.1,18.14,17.95,18.0,18.05,18.21,,18.0,,,28638,516540.86,101,F1,1,,,,,
2026-07-14,2026-07-14,CM,NSE,STK,757781,INF109K1A344,TOP15IETF,EQ,,,,,ICICIPRAMC - TOP15IETF,9.86,9.92,9.76,9.79,9.76,9.86,,9.79,,,35255,345163.21,193,F1,1,,,,,
2026-07-14,2026-07-14,CM,NSE,STK,25851,INF109KC16X5,VAL30IETF,EQ,,,,,ICICIPRAMC - VAL30IETF,15.37,15.37,15.21,15.24,15.26,15.38,,15.24,,,104351,1591459.45,638,F1,1,,,,,
2026-07-14,2026-07-14,CM,NSE,STK,12578,INF109KC17L8,FINIETF,EQ,,,,,ICICIPRAMC-ICICIFIN,32.96,33.0,32.47,32.62,32.99,33.02,,32.62,,,322063,10498682.28,2125,F1,1,,,,,
2026-07-14,2026-07-14,CM,NSE,STK,14523,INE725G01011,ICRA,EQ,,,,,ICRA LIMITED,5290.0,5319.5,5233.5,5249.5,5249.0,5284.0,,5249.5,,,33747,178194689.0,6665,F1,1,,,,,
2026-07-14,2026-07-14,CM,NSE,STK,1476,INE008A01015,IDBI,EQ,,,,,IDBI BANK LIMITED,85.0,88.49,84.64,86.54,86.48,84.07,,86.54,,,52823029,4584228601.03,147471,F1,1,,,,,
2026-07-14,2026-07-14,CM,NSE,STK,17142,INE349Y01013,IDEAFORGE,BE,,,,,IDEAFORGE TECHNO LTD,918.0,918.0,870.15,903.2,906.0,907.5,,903.15,,,187809,168511329.55,6724,F1,1,,,,,
2026-07-14,2026-07-14,CM,NSE,STK,11184,INE092T01019,IDFCFIRSTB,EQ,,,,,IDFC FIRST BANK LIMITED,79.91,80.09,78.9,79.27,79.3,80.58,,79.27,,,13422071,1065322754.17,53465,F1,1,,,,,
2026-07-14,2026-07-14,CM,NSE,STK,9300,INE076C01018,IFBAGRO,BE,,,,,IFB AGRO INDUSTRIES LTD,1024.0,1024.0,966.8,984.45,997.0,1005.45,,984.6,,,7949,7869034.05,425,F1,1,,,,,
2026-07-14,2026-07-14,CM,NSE,STK,1485,INE559A01017,IFBIND,EQ,,,,,IFB INDUSTRIES LTD,1424.7,1473.0,1375.2,1384.1,1380.0,1423.4,,1384.1,,,224313,320122885.4,20219,F1,1,,,,,
2026-07-14,2026-07-14,CM,NSE,STK,1491,INE039A01010,IFCI,EQ,,,,,IFCI LTD,76.0,76.49,74.3,74.52,74.44,76.46,,74.52,,,14409046,1082309837.66,41169,F1,1,,,,,
2026-07-14,2026-07-14,CM,NSE,STK,436,INE133Y01011,IFGLEXPOR,EQ,,,,,IFGL REFRACTORIES LIMITED,224.51,230.85,212.0,214.86,217.0,223.52,,214.86,,,75355,16726221.63,2349,F1,1,,,,,
2026-07-14,2026-07-14,CM,NSE,STK,760656,INE01XO07025,1225IFL28,N0,,,,,IFL 12.25% 2028,7500.0,7500.0,7500.0,7500.0,7500.0,7500.0,,7500.0,,,1,7500.0,1,F1,1,,,,,
2026-07-14,2026-07-14,CM,NSE,STK,634,INE188B01013,IGARASHI,EQ,,,,,IGARASHI MOTORS INDIA LTD,468.45,472.65,462.1,464.0,463.0,475.45,,464.0,,,41835,19485518.7,2008,F1,1,,,,,
2026-07-14,2026-07-14,CM,NSE,STK,761118,INE530B07633,865IIFL31,Y6,,,,,IIFL 8.65% TR I SR III,985.0,986.0,985.0,986.0,986.0,989.0,,986.0,,,130,128150.0,2,F1,1,,,,,
2026-07-14,2026-07-14,CM,NSE,STK,761119,INE530B07617,870IIFL28,Y7,,,,,IIFL 8.70% TR I SR IV,1024.28,1024.28,1024.28,1024.28,1024.28,1023.06,,1024.28,,,79,80918.12,1,F1,1,,,,,
2026-07-14,2026-07-14,CM,NSE,STK,761121,INE530B07609,9IIFL31,Y9,,,,,IIFL 9.00% TR I SR VI,1004.0,1004.0,1000.0,1000.0,1000.0,990.1,,1000.0,,,310,311200.0,4,F1,1,,,,,
2026-07-14,2026-07-14,CM,NSE,STK,13072,INE489L01022,IIFLCAPS,EQ,,,,,IIFL CAPITAL SERVICES LTD,338.0,338.8,337.0,338.1,338.35,337.15,,338.1,,,106279,35886966.3,5441,F1,1,,,,,
2026-07-14,2026-07-14,CM,NSE,STK,11809,INE530B01024,IIFL,EQ,,,,,IIFL FINANCE LIMITED,554.9,554.9,539.1,541.5,541.5,556.9,,541.5,,,1091269,594685250.65,40279,F1,1,,,,,
2026-07-14,2026-07-14,CM,NSE,STK,16822,INE0LOJ01019,IKIO,EQ,,,,,IKIO TECHNOLOGIES LIMITED,203.81,230.0,200.0,214.04,212.8,204.81,,214.05,,,6824996,1498471772.18,85950,F1,1,,,,,
2026-07-14,2026-07-14,CM,NSE,STK,9380,INE369I01014,IL&FSENGG,BZ,,,,,IL&FS ENG AND CONS CO LTD,28.55,28.55,27.5,27.74,28.2,28.65,,27.85,,,44341,1241089.95,36,F1,1,,,,,
2026-07-14,2026-07-14,CM,NSE,STK,6711,INE050B01023,IVC,EQ,,,,,IL&FS INVESTMENT MANAGERS,8.15,8.16,8.06,8.12,8.16,8.14,,8.1,,,103380,838078.28,552,F1,1,,,,,
2026-07-14,2026-07-14,CM,NSE,STK,9381,INE975G01012,IL&FSTRANS,BZ,,,,,IL&FS TRANS NET LTD,2.22,2.22,2.12,2.19,2.2,2.18,,2.19,,,25821,56197.32,56,F1,1,,,,,
2026-07-14,2026-07-14,CM,NSE,STK,7672,INE172N01012,IMAGICAA,EQ,,,,,IMAGICAAWORLD ENT LTD,47.49,49.14,46.56,47.01,47.0,47.15,,47.01,,,663131,31570004.99,3625,F1,1,,,,,
2026-07-14,2026-07-14,CM,NSE,STK,17507,INE452L01012,INCREDIBLE,EQ,,,,,INCREDIBLE INDUSTRIES LTD,33.01,33.99,32.72,33.98,33.98,33.32,,33.98,,,525,17240.63,17,F1,1,,,,,
2026-07-14,2026-07-14,CM,NSE,STK,12009,INE547E01014,IMPAL,EQ,,,,,IND MOTOR PART & ACC LTD,1134.8,1151.4,1120.3,1144.9,1136.5,1153.5,,1144.8,,,4203,4771508.0,606,F1,1,,,,,
2026-07-14,2026-07-14,CM,NSE,STK,4870,INE915B01019,INDSWFTLAB,EQ,,,,,IND SWIFT LABORATORIES LT,235.4,235.47,227.0,229.86,230.0,237.7,,229.82,,,780003,180205670.57,10315,F1,1,,,,,
2026-07-14,2026-07-14,CM,NSE,STK,21957,INE611L01021,INDTERRAIN,EQ,,,,,IND TERRAIN FASHIONS LTD,31.5,31.89,30.15,30.94,30.94,31.8,,30.94,,,16615,513352.1,234,F1,1,,,,,
2026-07-14,2026-07-14,CM,NSE,STK,16933,INE841B01017,INDBANK,EQ,,,,,INDBANK MERCH BANK,33.75,33.79,33.13,33.28,33.15,33.32,,33.28,,,18769,627290.01,388,F1,1,,,,,
2026-07-14,2026-07-14,CM,NSE,STK,29678,INE0O9T01021,BAJAJINDEF,EQ,,,,,INDEF MANUFACTURING LTD,247.8,247.8,240.85,243.4,244.95,247.85,,243.4,,,13640,3320220.85,664,F1,1,,,,,
2026-07-14,2026-07-14,CM,NSE,STK,23693,INE065X01017,INDGN,EQ,,,,,INDEGENE LIMITED,516.0,520.0,505.55,506.85,507.8,511.55,,506.9,,,106624,54485686.75,8198,F1,1,,,,,
2026-07-14,2026-07-14,CM,NSE,STK,1521,INE560A01023,INDIAGLYCO,EQ,,,,,INDIA GLYCOLS LTD,1090.0,1116.55,1071.0,1102.65,1100.0,1088.2,,1102.65,,,269893,297052003.05,13350,F1,1,,,,,
2026-07-14,2026-07-14,CM,NSE,STK,4747,INE092B01025,INDNIPPON,EQ,,,,,INDIA NIPPON ELECT  LTD,1240.1,1242.7,1203.0,1209.6,1214.9,1236.1,,1209.7,,,76377,93148606.4,7451,F1,1,,,,,
2026-07-14,2026-07-14,CM,NSE,STK,4934,INE0D6701023,IPL,EQ,,,,,INDIA PESTICIDES LIMITED,157.9,157.9,153.82,155.26,155.74,156.76,,155.27,,,124079,19266029.88,1842,F1,1,,,,,
2026-07-14,2026-07-14,CM,NSE,STK,20556,INE922K01024,INDIASHLTR,EQ,,,,,INDIA SHELTER FIN CORP L,823.15,823.15,810.9,815.95,817.0,823.15,,815.9,,,82849,67557179.35,12350,F1,1,,,,,
2026-07-14,2026-07-14,CM,NSE,STK,19299,INE353K01014,ITDC,EQ,,,,,INDIA TOUR. DEV. CO. LTD.,700.0,704.7,680.15,683.45,685.55,704.4,,683.45,,,384003,264511970.2,13254,F1,1,,,,,
2026-07-14,2026-07-14,CM,NSE,STK,25003,INE126M01010,IBULLSLTD,BE,,,,,INDIABULLS LIMITED,30.93,32.5,30.6,30.9,31.23,31.1,,30.91,,,12388994,392764734.7,12989,F1,1,,,,,
2026-07-14,2026-07-14,CM,NSE,STK,10726,INE933S01016,INDIAMART,EQ,,,,,INDIAMART INTERMESH LTD,1958.0,1958.0,1903.0,1921.0,1927.0,1952.6,,1921.0,,,76073,145904953.5,9051,F1,1,,,,,
2026-07-14,2026-07-14,CM,NSE,STK,14309,INE562A01011,INDIANB,EQ,,,,,INDIAN BANK,840.0,846.0,824.5,833.45,834.15,842.55,,833.45,,,1613902,1343377629.9,42241,F1,1,,,,,
2026-07-14,2026-07-14,CM,NSE,STK,4422,INE061A01014,INDIANCARD,EQ,,,,,INDIAN CARD CLOTHING CO.,237.9,249.65,221.25,224.41,221.52,229.9,,224.59,,,13370,3114688.86,491,F1,1,,,,,
2026-07-14,2026-07-14,CM,NSE,STK,23789,INE0RRU01016,IEML,SM,,,,,INDIAN EMULSIFIERS LTD,41.55,43.45,41.55,41.75,41.55,43.05,,41.75,,,17500,737450.0,25,F1,500,,,,,
2026-07-14,2026-07-14,CM,NSE,STK,220,INE022Q01020,IEX,EQ,,,,,INDIAN ENERGY EXC LTD,118.3,118.57,116.26,117.07,117.09,118.8,,117.07,,,4801175,562855995.82,29849,F1,1,,,,,
2026-07-14,2026-07-14,CM,NSE,STK,1530,INE323C01030,INDIANHUME,EQ,,,,,INDIAN HUME PIPE CO. LTD.,411.6,415.0,402.4,414.4,414.85,411.55,,414.4,,,380290,156163762.55,13290,F1,1,,,,,
2026-07-14,2026-07-14,CM,NSE,STK,19235,INE919H01018,IMFA,EQ,,,,,INDIAN METALS & FERRO,1400.0,1452.5,1390.0,1419.2,1424.0,1399.9,,1419.2,,,168764,241690752.1,12801,F1,1,,,,,
2026-07-14,2026-07-14,CM,NSE,STK,1624,INE242A01010,IOC,EQ,,,,,INDIAN OIL CORP LTD,137.99,138.69,136.7,137.05,137.01,139.95,,137.05,,,14151551,1943715147.29,75987,F1,1,,,,,
2026-07-14,2026-07-14,CM,NSE,STK,9348,INE565A01014,IOB,EQ,,,,,INDIAN OVERSEAS BANK,33.95,34.2,33.56,33.68,33.73,34.15,,33.68,,,2480783,83724127.47,10783,F1,1,,,,,
2026-07-14,2026-07-14,CM,NSE,STK,25033,INE0DHF01018,IPHL,SM,,,,,INDIAN PHOSPHATE LIMITED,56.0,56.0,56.0,56.0,56.0,55.4,,56.0,,,3600,201600.0,3,F1,1200,,,,,
2026-07-14,2026-07-14,CM,NSE,STK,13611,INE335Y01020,IRCTC,EQ,,,,,INDIAN RAIL TOUR CORP LTD,500.1,501.4,496.05,496.95,497.0,502.05,,496.95,,,1122129,558450083.6,35581,F1,1,,,,,
2026-07-14,2026-07-14,CM,NSE,STK,2029,INE053F01010,IRFC,EQ,,,,,INDIAN RAILWAY FIN CORP L,89.5,89.6,88.51,88.71,88.69,89.75,,88.71,,,6693634,594748547.01,45475,F1,1,,,,,
2026-07-14,2026-07-14,CM,NSE,STK,20261,INE202E01016,IREDA,EQ,,,,,INDIAN RENEWABLE ENERGY,123.6,124.19,121.5,122.08,122.1,124.81,,122.08,,,5424746,663241424.09,30962,F1,1,,,,,
2026-07-14,2026-07-14,CM,NSE,STK,762727,INE586E01020,IWP,EQ,,,,,INDIAN WOOD PRODUCTS CO L,32.76,33.88,32.36,32.68,33.52,33.43,,32.69,,,3122,102390.61,50,F1,1,,,,,
2026-07-14,2026-07-14,CM,NSE,STK,2048,INE09VQ01012,INDIGOPNTS,EQ,,,,,INDIGO PAINTS LIMITED,1039.9,1049.9,1020.2,1037.7,1039.1,1050.5,,1037.7,,,116848,120924704.3,13335,F1,1,,,,,
2026-07-14,2026-07-14,CM,NSE,STK,20988,INE219X23014,INDIGRID,IV,,,,,INDIGRID INFRASTRUCT TRST,179.89,179.89,177.63,177.83,178.0,179.52,,177.83,,,746857,133311393.29,8248,F1,1,,,,,
2026-07-14,2026-07-14,CM,NSE,STK,757845,INE06ST01018,INDIQUBE,EQ,,,,,INDIQUBE SPACES LIMITED,174.54,176.39,170.61,174.99,175.0,175.05,,174.99,,,34514,6031744.84,876,F1,1,,,,,
2026-07-14,2026-07-14,CM,NSE,STK,9120,INE760F01028,INDOAMIN,BE,,,,,INDO AMINES LIMITED,126.48,127.0,124.0,124.75,125.4,124.52,,124.83,,,22627,2830182.99,207,F1,1,,,,,
2026-07-14,2026-07-14,CM,NSE,STK,8614,INE803D01021,INDOBORAX,EQ,,,,,INDO BORAX & CHEMICAL LTD,479.0,494.0,478.0,486.7,488.5,472.65,,486.7,,,452199,220094186.9,12829,F1,1,,,,,
2026-07-14,2026-07-14,CM,NSE,STK,11987,INE483B01026,ICIL,EQ,,,,,INDO COUNT INDUSTRIES LTD,413.4,421.15,402.0,403.1,404.0,412.3,,403.05,,,371311,152750018.8,14299,F1,1,,,,,
2026-07-14,2026-07-14,CM,NSE,STK,29025,INE622H01018,INDOFARM,EQ,,,,,INDO FARM EQUIPMENT LTD,157.2,158.3,153.14,154.62,155.0,158.9,,154.63,,,128960,20033046.87,2468,F1,1,,,,,
2026-07-14,2026-07-14,CM,NSE,STK,10993,INE156A01020,INDORAMA,EQ,,,,,INDO RAMA SYNTHETICS LTD,49.27,49.35,46.2,47.15,47.05,49.43,,47.18,,,87296,4160202.21,1183,F1,1,,,,,
2026-07-14,2026-07-14,CM,NSE,STK,13278,INE332H01014,INDOTECH,BE,,,,,INDO TECH TRANSFORM LTD.,3394.0,3550.0,3242.3,3472.6,3450.0,3396.4,,3471.9,,,30818,104682005.4,1610,F1,1,,,,,
2026-07-14,2026-07-14,CM,NSE,STK,25608,INE337M01021,INDOTHAI,EQ,,,,,INDO THAI SEC LTD,217.99,219.17,214.35,216.15,217.0,216.93,,216.15,,,737195,159124101.76,3315,F1,1,,,,,
2026-07-14,2026-07-14,CM,NSE,STK,25503,INE250Z01010,INDOUS,EQ,,,,,INDO US BIOTECH LTD,91.19,91.19,88.5,89.85,90.17,89.72,,89.83,,,6170,553321.95,403,F1,1,,,,,
2026-07-14,2026-07-14,CM,NSE,STK,6782,INE567A01028,NIPPOBATRY,EQ,,,,,INDO-NATIONAL LIMITED,339.85,344.95,332.6,338.25,343.9,338.4,,338.3,,,4118,1394520.2,298,F1,1,,,,,
2026-07-14,2026-07-14,CM,NSE,STK,11677,INE873D01024,INDOCO,EQ,,,,,INDOCO REMEDIES LTD.,259.02,260.91,245.0,248.53,248.2,259.02,,248.5,,,205653,51499035.77,6559,F1,1,,,,,
2026-07-14,2026-07-14,CM,NSE,STK,757801,INE05J901018,IGCL,EQ,,,,,INDOGULF CROPSCIENCES LTD,74.5,75.39,72.99,74.73,75.0,75.42,,74.7,,,118641,8815701.31,1648,F1,1,,,,,
2026-07-14,2026-07-14,CM,NSE,STK,19955,INE866K01023,WAAREEINDO,EQ,,,,,INDOSOLAR LIMITED,398.9,399.9,385.25,388.25,391.5,398.9,,388.25,,,24835,9709115.0,1260,F1,1,,,,,
2026-07-14,2026-07-14,CM,NSE,STK,3088,INE896L01010,INDOSTAR,EQ,,,,,INDOSTAR CAPITAL FIN LTD,269.0,269.0,261.0,263.25,264.0,269.35,,263.3,,,54133,14279145.4,1293,F1,1,,,,,
2026-07-14,2026-07-14,CM,NSE,STK,14956,INE227G01018,INDOWIND,BE,,,,,INDOWIND ENERGY LTD,9.3,9.7,9.06,9.4,9.47,9.31,,9.45,,,96709,913465.28,272,F1,1,,,,,
2026-07-14,2026-07-14,CM,NSE,STK,11262,INE203G01027,IGL,EQ,,,,,INDRAPRASTHA GAS LTD,152.2,153.25,151.54,151.79,151.89,153.07,,151.79,,,912225,138908948.84,14160,F1,1,,,,,
2026-07-14,2026-07-14,CM,NSE,STK,4751,INE681B01017,INDRAMEDCO,EQ,,,,,INDRAPRASTHA MEDICAL CORP,376.7,380.2,368.3,373.9,375.7,378.9,,373.9,,,92762,34727156.8,3868,F1,1,,,,,
2026-07-14,2026-07-14,CM,NSE,STK,23036,INE0NHL23019,INDUSINVIT,IV,,,,,INDUS INFRA TRUST,128.49,129.0,127.5,127.95,128.08,128.27,,127.96,,,181956,23327803.4,5043,F1,1,,,,,
2026-07-14,2026-07-14,CM,NSE,STK,29135,INE121J01017,INDUSTOWER,EQ,,,,,INDUS TOWERS LIMITED,406.0,409.85,403.3,405.25,405.85,409.55,,405.25,,,3968907,1612694377.5,54899,F1,1,,,,,
2026-07-14,2026-07-14,CM,NSE,STK,5258,INE095A01012,INDUSINDBK,EQ,,,,,INDUSIND BANK LIMITED,1008.9,1009.0,994.1,997.35,997.4,1012.9,,997.35,,,767488,767095472.95,29549,F1,1,,,,,
2026-07-14,2026-07-14,CM,NSE,STK,762717,INE620D01011,INDPRUD,EQ,,,,,INDUSTRIAL & PRU INV CO L,6550.0,6677.0,6550.0,6600.0,6600.0,6548.0,,6600.0,,,30,198074.0,11,F1,1,,,,,
2026-07-14,2026-07-14,CM,NSE,STK,19525,INE886A01014,IITL,EQ,,,,,INDUSTRIAL INV TRUST LTD,125.0,127.58,120.65,122.48,123.25,125.35,,122.52,,,103607,12896338.77,1351,F1,1,,,,,
2026-07-14,2026-07-14,CM,NSE,STK,15036,INE0MRE01011,INFINIUM,SM,,,,,INFINIUM PHARMACHEM LTD,214.5,214.5,205.25,209.7,208.15,207.25,,209.7,,,5000,1052850.0,10,F1,500,,,,,
2026-07-14,2026-07-14,CM,NSE,STK,757602,INE0MYZ01012,INFLUX,SM,,,,,INFLUX HEALTHTECH LIMITED,305.0,305.0,293.0,294.95,293.5,305.0,,294.95,,,9600,2861910.0,16,F1,600,,,,,
2026-07-14,2026-07-14,CM,NSE,STK,13751,INE663F01032,NAUKRI,EQ,,,,,INFO EDGE (I) LTD,1190.7,1199.85,1175.75,1187.95,1185.55,1191.05,,1189.05,,,712150,844510604.05,30008,F1,1,,,,,
2026-07-14,2026-07-14,CM,NSE,STK,11027,INE344S01016,INFOBEAN,EQ,,,,,INFOBEANS TECHNO. LTD.,167.85,168.0,162.41,163.61,165.5,167.85,,163.6,,,296610,48888481.54,3866,F1,1,,,,,
2026-07-14,2026-07-14,CM,NSE,STK,16588,INE0NNZ01013,INFOLLION,SM,,,,,INFOLLION RESEARCH SER L,172.3,198.0,172.3,183.55,183.55,172.25,,183.55,,,31600,5777740.0,69,F1,400,,,,,
2026-07-14,2026-07-14,CM,NSE,STK,13693,INE669A01022,INFOMEDIA,EQ,,,,,INFOMEDIA PRESS LIMITED,5.54,5.83,5.54,5.58,5.73,5.71,,5.58,,,8548,48121.99,64,F1,1,,,,,
2026-07-14,2026-07-14,CM,NSE,STK,1594,INE009A01021,INFY,EQ,,,,,INFOSYS LIMITED,1107.8,1113.5,1090.0,1092.9,1092.1,1102.6,,1092.9,,,14819413,16290905496.6,264399,F1,1,,,,,
2026-07-14,2026-07-14,CM,NSE,STK,1597,INE177A01018,INGERRAND,EQ,,,,,INGERSOLL-RAND INDIA LTD,4440.0,4440.0,4368.3,4391.8,4380.3,4444.4,,4391.8,,,4743,20815697.6,1120,F1,1,,,,,
2026-07-14,2026-07-14,CM,NSE,STK,25323,INE0S1D01010,INNOMET,ST,,,,,INNOMET ADVANCED MATERI L,163.75,163.75,163.75,163.75,163.75,160.55,,163.75,,,42600,6975750.0,22,F1,600,,,,,
2026-07-14,2026-07-14,CM,NSE,STK,21062,INE0DUT01020,INNOVACAP,EQ,,,,,INNOVA CAPTAB LIMITED,1006.75,1006.75,985.2,993.55,985.2,1000.1,,993.55,,,24590,24462177.9,2786,F1,1,,,,,
2026-07-14,2026-07-14,CM,NSE,STK,27754,INE403Y01018,INNOVANA,EQ,,,,,INNOVANA THINKLABS LTD,331.7,332.0,315.35,319.15,320.0,331.7,,319.15,,,2953,975735.15,91,F1,1,,,,,
2026-07-14,2026-07-14,CM,NSE,STK,27266,INE070Y01023,ITTL,ST,,,,,INNOVATIVE TYRE & TUBE LT,73.5,73.5,73.5,73.5,73.5,73.5,,73.5,,,210,15435.0,2,F1,105,,,,,
2026-07-14,2026-07-14,CM,NSE,STK,761528,INE0ADB01012,INNOVISION,EQ,,,,,INNOVISION LIMITED,290.0,297.75,288.2,290.1,290.3,290.45,,290.25,,,35989,10502211.9,1464,F1,1,,,,,
2026-07-14,2026-07-14,CM,NSE,STK,12188,INE510W01014,INOXGREEN,EQ,,,,,INOX GREEN ENERGY SER LTD,189.9,189.94,183.46,185.95,185.98,190.58,,185.95,,,1542657,287012197.57,12220,F1,1,,,,,
2026-07-14,2026-07-14,CM,NSE,STK,20607,INE616N01034,INOXINDIA,EQ,,,,,INOX INDIA LIMITED,1900.0,1900.0,1820.0,1851.8,1852.0,1890.7,,1851.7,,,221284,408844948.5,16826,F1,1,,,,,
2026-07-14,2026-07-14,CM,NSE,STK,7852,INE066P01011,INOXWIND,EQ,,,,,INOX WIND LIMITED,80.8,80.87,78.8,79.05,78.96,81.09,,79.05,,,10276009,817461560.48,45178,F1,1,,,,,
2026-07-14,2026-07-14,CM,NSE,STK,14657,INE070I01018,INSECTICID,EQ,,,,,INSECTICIDES (I) LTD,665.75,669.0,650.0,658.2,655.0,665.75,,658.2,,,20995,13835178.8,1503,F1,1,,,,,
2026-07-14,2026-07-14,CM,NSE,STK,761099,INE0LGX01024,INA,EQ,,,,,INSOLATION ENERGY LIMITED,119.7,123.79,117.0,117.48,117.45,120.52,,117.47,,,2051617,246573901.86,15901,F1,1,,,,,
2026-07-14,2026-07-14,CM,NSE,STK,13734,INE020G01017,INSPIRISYS,BE,,,,,INSPIRISYS SOLUTIONS LTD,103.0,103.6,100.0,101.97,101.97,102.87,,101.97,,,1593,161486.62,29,F1,1,,,,,
2026-07-14,2026-07-14,CM,NSE,STK,30327,INE418N01035,ESSENTIA,BE,,,,,INTEGRA ESSENTIA LIMITED,1.23,1.23,1.2,1.21,1.21,1.2,,1.21,,,1136864,1379130.64,543,F1,1,,,,,
2026-07-14,2026-07-14,CM,NSE,STK,5926,INE306R01017,INTELLECT,EQ,,,,,INTELLECT DESIGN ARENA,777.0,781.95,751.95,757.8,758.6,778.3,,757.8,,,565957,431738674.05,21110,F1,1,,,,,
2026-07-14,2026-07-14,CM,NSE,STK,20071,INE781A01025,INTENTECH,EQ,,,,,INTENSE TECHNOLOGIES LTD,97.48,97.51,94.21,94.87,94.6,96.99,,95.05,,,19647,1881772.61,280,F1,1,,,,,
2026-07-14,2026-07-14,CM,NSE,STK,24909,INE00M901018,INTERARCH,EQ,,,,,INTERARCH BLDNG SOLTN LTD,1842.9,1842.9,1805.4,1812.6,1814.0,1834.5,,1812.6,,,28264,51399945.8,4507,F1,1,,,,,
2026-07-14,2026-07-14,CM,NSE,STK,11195,INE646L01027,INDIGO,EQ,,,,,INTERGLOBE AVIATION LTD,5119.0,5131.5,5064.5,5108.0,5110.0,5229.5,,5108.0,,,1504890,7672458193.5,101847,F1,1,,,,,
2026-07-14,2026-07-14,CM,NSE,STK,5606,INE575C01027,INTLCONV,EQ,,,,,INTL CONVEYORS LIMITED,80.7,81.09,79.0,80.28,80.25,79.81,,80.28,,,23739,1900662.5,371,F1,1,,,,,
2026-07-14,2026-07-14,CM,NSE,STK,28378,INE0Q9301021,IGIL,EQ,,,,,INTL GEMOLOGICAL INST LTD,346.1,346.25,340.15,343.75,343.0,346.1,,343.75,,,294313,100877963.85,11224,F1,1,,,,,
2026-07-14,2026-07-14,CM,NSE,STK,18479,INE566K01011,ISFT,EQ,,,,,INTRASOFT TECH. LTD,79.2,79.5,76.25,78.63,78.65,77.65,,78.63,,,8575,673831.38,126,F1,1,,,,,
2026-07-14,2026-07-14,CM,NSE,STK,24870,INE878H01024,INVENTURE,EQ,,,,,INVENTURE GRO & SEC LTD,0.93,0.93,0.9,0.9,0.91,0.92,,0.9,,,804211,731883.88,374,F1,1,,,,,
2026-07-14,2026-07-14,CM,NSE,STK,28125,INE115Q01022,IKS,EQ,,,,,INVENTURUS KNOWLEDGE SO L,1890.1,1905.0,1875.0,1879.4,1881.0,1903.4,,1879.4,,,69884,132018331.9,7588,F1,1,,,,,
2026-07-14,2026-07-14,CM,NSE,STK,18292,INF205KA1BP1,IVZINGOLD,EQ,,,,,INVESCO INDIA GOLD ETF,122.4,122.65,121.75,122.0,122.1,123.0,,122.0,,,15903,1941363.6,132,F1,1,,,,,
2026-07-14,2026-07-14,CM,NSE,STK,24217,INF205K01DA9,IVZINNIFTY,EQ,,,,,INVESCO INDIA NIFTY ETF,2760.0,2760.0,2748.15,2748.15,2748.15,2766.11,,2748.15,,,32,88139.99,7,F1,1,,,,,
2026-07-14,2026-07-14,CM,NSE,STK,762722,INE155E01016,INVPRECQ,EQ,,,,,INVESTMENT & PREC CAST L,793.15,818.95,793.15,807.65,815.0,802.1,,806.65,,,4325,3512062.15,223,F1,1,,,,,
2026-07-14,2026-07-14,CM,NSE,STK,760142,INE0XJ501010,INVICTA,ST,,,,,INVICTA DIAGNOSTIC LTD,67.5,67.5,67.5,67.5,67.5,68.5,,67.5,,,1600,108000.0,1,F1,1600,,,,,
2026-07-14,2026-07-14,CM,NSE,STK,20413,INE485C01029,IOLCP,EQ,,,,,IOL CHEM AND PHARMA LTD,168.8,179.0,165.9,173.78,174.5,169.09,,173.77,,,9033619,1579417794.94,58131,F1,1,,,,,
2026-07-14,2026-07-14,CM,NSE,STK,1630,INE570A01022,IONEXCHANG,EQ,,,,,ION EXCHANGE (INDIA) LTD,449.0,449.8,438.05,440.55,441.25,451.7,,440.55,,,535776,237274954.2,20649,F1,1,,,,,
2026-07-14,2026-07-14,CM,NSE,STK,1633,INE571A01038,IPCALAB,EQ,,,,,IPCA LABORATORIES LTD,1823.0,1850.5,1812.3,1840.4,1827.0,1823.3,,1840.4,,,241497,444336237.0,28408,F1,1,,,,,
2026-07-14,2026-07-14,CM,NSE,STK,15313,INE821I01022,IRB,EQ,,,,,IRB INFRA DEV LTD.,20.33,20.33,20.09,20.19,20.21,20.32,,20.19,,,6931815,139780737.91,15141,F1,1,,,,,
2026-07-14,2026-07-14,CM,NSE,STK,20817,INE183W23014,IRBINVIT,IV,,,,,IRB INVIT FUND,61.97,62.0,61.51,61.57,61.56,61.77,,61.57,,,344597,21271407.3,3502,F1,1,,,,,
2026-07-14,2026-07-14,CM,NSE,STK,4986,INE962Y01021,IRCON,EQ,,,,,IRCON INTERNATIONAL LTD,130.5,131.15,129.0,129.52,129.4,131.81,,129.53,,,1237453,160458198.58,13947,F1,1,,,,,
2026-07-14,2026-07-14,CM,NSE,STK,2275,INE01GN01025,IRISDOREME,EQ,,,,,IRIS CLOTHINGS LIMITED,43.82,44.89,43.01,43.82,43.9,43.82,,43.82,,,215100,9479272.1,1776,F1,1,,,,,
2026-07-14,2026-07-14,CM,NSE,STK,6489,INE864K01010,IRIS,EQ,,,,,IRIS REGTECH SOLUTION LTD,257.9,259.65,250.5,255.25,254.1,257.95,,255.25,,,18743,4756947.0,653,F1,1,,,,,
2026-07-14,2026-07-14,CM,NSE,STK,19597,INE07U701015,IRMENERGY,EQ,,,,,IRM ENERGY LIMITED,266.0,266.95,263.1,265.15,265.8,266.0,,265.15,,,63752,16875864.2,1394,F1,1,,,,,
2026-07-14,2026-07-14,CM,NSE,STK,761208,INE413U07442,925ISF28,N0,,,,,ISF 9.25% 2028,9759.0,9759.0,9759.0,9759.0,9759.0,9746.5,,9759.0,,,8,78072.0,1,F1,1,,,,,
2026-07-14,2026-07-14,CM,NSE,STK,757708,INE413U07426,950ISF27C,N0,,,,,ISF 9.50% 2027,10000.0,10000.0,10000.0,10000.0,10000.0,10000.0,,10000.0,,,1,10000.0,1,F1,1,,,,,
2026-07-14,2026-07-14,CM,NSE,STK,759100,INE413U07434,965ISF28,N0,,,,,ISF 9.65% 2028,99200.0,99200.0,99200.0,99200.0,99200.0,99490.0,,99200.0,,,2,198400.0,2,F1,1,,,,,
2026-07-14,2026-07-14,CM,NSE,STK,757890,INE413U07418,975ISF28,N0,,,,,ISF 9.75% NCD 2028,98958.29,98958.29,98958.29,98958.29,98958.29,98000.0,,98958.29,,,1,98958.29,1,F1,1,,,,,
2026-07-14,2026-07-14,CM,NSE,STK,3329,INE858B01029,ISGEC,EQ,,,,,ISGEC HEAVY ENG LTD,899.0,903.2,885.8,896.7,897.0,899.75,,896.55,,,22331,19965281.85,2398,F1,1,,,,,
2026-07-14,2026-07-14,CM,NSE,STK,30249,INE561M01018,ISHANCH,EQ,,,,,ISHAN DYES N CHEMICALS L,56.4,56.4,54.01,54.39,55.29,55.36,,54.37,,,10327,563669.55,106,F1,1,,,,,
2026-07-14,2026-07-14,CM,NSE,STK,10995,INE0LCW01025,ISHAN,SM,,,,,ISHAN INTERNATIONAL LTD,0.55,0.55,0.5,0.5,0.5,0.55,,0.5,,,2112000,1068000.0,31,F1,48000,,,,,
2026-07-14,2026-07-14,CM,NSE,STK,29251,INE379A01028,ITCHOTELS,EQ,,,,,ITC HOTELS LIMITED,186.0,186.55,180.75,182.07,182.1,186.5,,182.07,,,3004017,547933265.68,36846,F1,1,,,,,
2026-07-14,2026-07-14,CM,NSE,STK,1660,INE154A01025,ITC,EQ,,,,,ITC LTD,279.25,280.65,275.0,275.55,275.3,279.65,,275.55,,,15018851,4156098836.8,319838,F1,1,,,,,
2026-07-14,2026-07-14,CM,NSE,STK,1675,INE248A01017,ITI,EQ,,,,,ITI LTD,290.55,292.15,285.1,286.55,286.5,290.55,,286.55,,,203182,58576834.05,5651,F1,1,,,,,
2026-07-14,2026-07-14,CM,NSE,STK,759041,INE056801025,IVALUE,EQ,,,,,IVALUE INFOSOLUTIONS LTD,310.65,313.15,303.75,307.6,308.15,309.1,,307.6,,,238562,73605475.5,8492,F1,1,,,,,
2026-07-14,2026-07-14,CM,NSE,STK,8857,INE043C01018,IVP,BE,,,,,IVP LIMITED,164.75,166.0,161.11,162.81,163.48,162.55,,162.81,,,3749,613193.42,115,F1,1,,,,,
2026-07-14,2026-07-14,CM,NSE,STK,757644,INE1AII01014,IWARE,ST,,,,,IWARE SUPPLYCHAIN SER LTD,443.85,466.0,422.0,466.0,466.0,443.85,,466.0,,,107400,48653130.0,151,F1,600,,,,,
2026-07-14,2026-07-14,CM,NSE,STK,14174,INE848A01014,IZMO,EQ,,,,,IZMO LIMITED,1059.9,1113.3,1051.3,1072.3,1084.0,1060.3,,1072.3,,,461227,508997382.3,10705,F1,1,,,,,
2026-07-14,2026-07-14,CM,NSE,STK,5633,INE168A01041,J&KBANK,EQ,,,,,J & K BANK LTD.,181.75,182.2,176.73,177.4,178.2,182.6,,177.39,,,3442411,614960804.62,29309,F1,1,,,,,
2026-07-14,2026-07-14,CM,NSE,STK,1726,INE572A01036,JBCHEPHARM,EQ,,,,,J B CHEMICALS AND PHARMA,2460.0,2491.0,2449.1,2487.6,2491.0,2460.0,,2487.6,,,837560,2077691562.8,39607,F1,1,,,,,
2026-07-14,2026-07-14,CM,NSE,STK,23056,INE0MB501011,JGCHEM,EQ,,,,,J.G.CHEMICALS LIMITED,453.05,456.0,437.65,445.85,446.9,454.35,,445.85,,,77580,34479305.75,2515,F1,1,,,,,
2026-07-14,2026-07-14,CM,NSE,STK,13211,INE199G01027,JAGRAN,EQ,,,,,JAGRAN PRAKASHAN LIMITED,63.9,64.14,63.3,63.39,63.44,63.9,,63.39,,,134116,8530014.96,1891,F1,1,,,,,
2026-07-14,2026-07-14,CM,NSE,STK,4410,INE048B01035,JAGSNPHARM,EQ,,,,,JAGSONPAL PHARMACEUTICALS,229.0,229.91,224.92,225.73,225.05,230.06,,225.74,,,35898,8137646.48,1553,F1,1,,,,,
2026-07-14,2026-07-14,CM,NSE,STK,14076,INE091G01026,JAIBALAJI,BE,,,,,JAI BALAJI INDUSTRIES LTD,66.38,66.6,65.5,65.74,65.72,66.38,,65.75,,,79147,5222381.32,459,F1,1,,,,,
2026-07-14,2026-07-14,CM,NSE,STK,5143,INE070D01027,JAICORPLTD,EQ,,,,,JAI CORP LIMITED,110.9,111.49,108.97,109.53,109.79,111.66,,109.53,,,379650,41782411.96,3175,F1,1,,,,,
2026-07-14,2026-07-14,CM,NSE,STK,25684,IN9175A01010,JISLDVREQS,EQ,,,,,JAIN DVR EQUITY SHARES,23.0,23.48,22.66,22.71,22.75,23.27,,22.71,,,39895,917583.95,159,F1,1,,,,,
2026-07-14,2026-07-14,CM,NSE,STK,10397,INE175A01038,JISLJALEQS,EQ,,,,,JAIN IRRIGATION SYSTEMS,32.0,32.0,31.12,31.27,31.15,32.23,,31.27,,,2664120,83643840.12,7099,F1,1,,,,,
2026-07-14,2026-07-14,CM,NSE,STK,759244,INE0YD401026,JAINREC,EQ,,,,,JAIN RESOURCE RECYCLING L,337.9,339.85,320.6,330.0,330.0,338.5,,330.0,,,2316325,761660125.95,44635,F1,1,,,,,
2026-07-14,2026-07-14,CM,NSE,STK,6012,INE02KC01010,JAINAM,SM,,,,,JAINAM FER ALLOYS (I) LTD,241.0,241.0,241.0,241.0,241.0,250.0,,241.0,,,3000,723000.0,2,F1,500,,,,,
2026-07-14,2026-07-14,CM,NSE,STK,758303,INE0XIL01012,JAINIK,SM,,,,,JAINIK POWER CABLES LTD,143.0,146.7,143.0,146.7,146.7,145.0,,146.7,,,2400,347640.0,2,F1,1200,,,,,
2026-07-14,2026-07-14,CM,NSE,STK,11763,INE351F01018,JPPOWER,EQ,,,,,JAIPRAKASH POWER VEN. LTD,16.8,17.03,16.65,16.66,16.66,16.79,,16.66,,,47062728,790445511.49,32143,F1,1,,,,,
2026-07-14,2026-07-14,CM,NSE,STK,20930,INE349X01015,JALAN,ST,,,,,JALAN TRANSOLU. INDIA LTD,1.85,1.85,1.85,1.85,1.85,1.85,,1.85,,,3000,5550.0,1,F1,3000,,,,,
2026-07-14,2026-07-14,CM,NSE,STK,20778,INE039C01032,JAMNAAUTO,EQ,,,,,JAMNA AUTO IND LTD,134.05,134.81,129.52,130.03,129.55,135.36,,130.03,,,1524308,200529281.43,15409,F1,1,,,,,
2026-07-14,2026-07-14,CM,NSE,STK,22663,INE953L01027,JSFB,EQ,,,,,JANA SMALL FIN BANK LTD,486.9,492.2,481.05,489.95,492.0,486.75,,489.95,,,692361,337375186.55,17139,F1,1,,,,,
2026-07-14,2026-07-14,CM,NSE,STK,759951,INE00YJ01010,JARO,EQ,,,,,JARO INS OF TEC MG N RE L,530.0,530.0,497.0,498.5,497.5,524.9,,498.5,,,123684,62960947.15,3830,F1,1,,,,,
2026-07-14,2026-07-14,CM,NSE,STK,13982,INE039O01029,JASH,EQ,,,,,JASH ENGINEERING LIMITED,541.95,542.35,530.9,532.4,535.9,544.4,,532.4,,,108295,57847549.15,3706,F1,1,,,,,
2026-07-14,2026-07-14,CM,NSE,STK,25037,INE0SMY01017,JAYBEE,SM,,,,,JAY BEE LAMINATIONS LTD,100.6,102.95,99.5,99.8,100.0,101.5,,99.8,,,16500,1673125.0,27,F1,500,,,,,
2026-07-14,2026-07-14,CM,NSE,STK,1708,INE571B01036,JAYBARMARU,EQ,,,,,JAY BHARAT MARUTI LTD,195.42,207.0,194.0,199.18,200.0,197.15,,199.15,,,2204261,447520497.26,20155,F1,1,,,,,
2026-07-14,2026-07-14,CM,NSE,STK,10889,INE0J6801010,KORE,SM,,,,,JAY JALARAM TECHNO LTD,145.0,148.0,143.0,148.0,148.0,142.0,,148.0,,,2500,362500.0,6,F1,250,,,,,
2026-07-14,2026-07-14,CM,NSE,STK,4041,INE785A01026,JAYAGROGN,EQ,,,,,JAYANT AGRO ORGANICS LTD,224.8,224.8,217.56,222.06,221.5,222.95,,222.01,,,5047,1120227.99,225,F1,1,,,,,
2026-07-14,2026-07-14,CM,NSE,STK,2331,INE854B01010,JAYNECOIND,EQ,,,,,JAYASWAL NECO INDUSTR LTD,93.6,93.78,90.02,90.43,90.05,93.93,,90.43,,,3339602,305478314.6,21708,F1,1,,,,,
2026-07-14,2026-07-14,CM,NSE,STK,759159,INE1AE401014,JAYESH,SM,,,,,JAYESH LOGISTICS LIMITED,138.0,138.0,130.0,132.7,134.9,141.0,,132.7,,,10000,1334800.0,9,F1,1000,,,,,
2026-07-14,2026-07-14,CM,NSE,STK,760073,INE903A01025,JAYKAY,EQ,,,,,JAYKAY ENTERPRISES LTD,184.0,184.0,170.15,171.48,172.9,183.53,,171.51,,,473561,82505202.89,7104,F1,1,,,,,
2026-07-14,2026-07-14,CM,NSE,STK,1720,INE364A01020,JAYSREETEA,EQ,,,,,JAYSHREE TEA & INDUSTRIES,84.41,84.99,83.01,83.23,83.4,84.54,,83.23,,,18277,1530844.53,378,F1,1,,,,,
2026-07-14,2026-07-14,CM,NSE,STK,11655,INE927D01051,JBMA,EQ,,,,,JBM AUTO LIMITED,692.05,692.05,679.55,684.1,680.0,696.55,,684.2,,,296208,202836583.4,12080,F1,1,,,,,
2026-07-14,2026-07-14,CM,NSE,STK,758115,INE0J5801029,JSLL,EQ,,,,,JEENA SIKHO LIFECARE LTD,577.05,583.5,565.2,567.65,567.95,580.45,,567.65,,,283759,162392933.9,9726,F1,1,,,,,
2026-07-14,2026-07-14,CM,NSE,STK,7211,INE982V01025,JETFREIGHT,EQ,,,,,JET FREIGHT LOGISTICS LTD,22.7,24.1,22.01,23.7,23.7,22.64,,23.7,,,633629,14783238.37,2034,F1,1,,,,,
2026-07-14,2026-07-14,CM,NSE,STK,25150,INE0RXB01022,JEYYAM,ST,,,,,JEYYAM GLOBAL FOODS LTD,21.7,23.55,21.6,23.55,23.55,22.45,,23.55,,,76000,1739900.0,36,F1,2000,,,,,
2026-07-14,2026-07-14,CM,NSE,STK,13720,INE544H01014,JHS,EQ,,,,,JHS SVEND. LAB. LTD,7.53,7.55,7.41,7.44,7.44,7.53,,7.44,,,20915,156403.24,110,F1,1,,,,,
2026-07-14,2026-07-14,CM,NSE,STK,24145,INE03DD01011,RETAIL,EQ,,,,,JHS SVENDGAARD RETAIL V L,17.62,17.97,17.48,17.83,17.75,17.57,,17.83,,,3962,69931.5,42,F1,1,,,,,
2026-07-14,2026-07-14,CM,NSE,STK,31507,INE147P01019,JPOLYINVST,EQ,,,,,JIND POL INV & FIN CO LTD,1116.0,1139.0,1092.7,1105.4,1111.8,1117.5,,1104.9,,,7761,8651362.3,786,F1,1,,,,,
2026-07-14,2026-07-14,CM,NSE,STK,13875,INE742C01031,JINDRILL,EQ,,,,,JINDAL DRILLING IND. LTD,638.95,643.5,620.0,626.2,621.8,625.55,,626.4,,,585468,367112960.3,13521,F1,1,,,,,
2026-07-14,2026-07-14,CM,NSE,STK,11743,INE796G01012,JINDALPHOT,EQ,,,,,JINDAL PHOTO LIMITED,1189.5,1210.0,1152.2,1163.7,1162.0,1189.5,,1163.7,,,4074,4829623.3,648,F1,1,,,,,
2026-07-14,2026-07-14,CM,NSE,STK,1756,INE197D01010,JINDALPOLY,EQ,,,,,JINDAL POLY FILMS LIMITED,687.6,687.6,666.6,672.4,673.5,687.6,,672.9,,,13782,9331927.2,1121,F1,1,,,,,
2026-07-14,2026-07-14,CM,NSE,STK,3024,INE324A01032,JINDALSAW,EQ,,,,,JINDAL SAW LIMITED,265.7,273.1,253.15,258.85,260.0,268.6,,258.85,,,4361079,1144243016.5,64933,F1,1,,,,,
2026-07-14,2026-07-14,CM,NSE,STK,11236,INE220G01021,JSL,EQ,,,,,JINDAL STAINLESS LIMITED,705.0,723.0,700.0,721.8,721.0,703.35,,721.8,,,534904,383354680.95,23520,F1,1,,,,,
2026-07-14,2026-07-14,CM,NSE,STK,6733,INE749A01030,JINDALSTEL,EQ,,,,,JINDAL STEEL LIMITED,1026.7,1049.9,1025.0,1040.1,1040.0,1028.8,,1040.1,,,2286094,2377368460.5,55056,F1,1,,,,,
2026-07-14,2026-07-14,CM,NSE,STK,20642,INE247D01039,JINDWORLD,EQ,,,,,JINDAL WORLDWIDE LTD,30.15,30.15,29.6,29.9,29.76,29.77,,29.9,,,403771,12051482.24,2645,F1,1,,,,,
2026-07-14,2026-07-14,CM,NSE,STK,759206,INE1FF001016,JKIPL,BE,,,,,JINKUSHAL INDUSTRIES LTD,100.03,102.0,96.3,99.08,99.0,99.54,,99.14,,,6888,685720.35,92,F1,1,,,,,
2026-07-14,2026-07-14,CM,NSE,STK,18143,INE758E01017,JIOFIN,EQ,,,,,JIO FIN SERVICES LTD,239.7,239.89,235.2,235.97,236.06,241.41,,235.97,,,10014430,2373305690.79,77063,F1,1,,,,,
2026-07-14,2026-07-14,CM,NSE,STK,19691,INE863T01013,JITFINFRA,EQ,,,,,JITF INFRALOGISTICS LTD,378.2,393.35,366.3,393.35,393.35,357.6,,393.35,,,460302,179264167.7,5934,F1,1,,,,,
2026-07-14,2026-07-14,CM,NSE,STK,13270,INE823G01014,JKCEMENT,EQ,,,,,JK CEMENT LIMITED,5380.0,5384.0,5302.0,5353.0,5354.0,5361.5,,5353.0,,,20115,107537215.0,7283,F1,1,,,,,
2026-07-14,2026-07-14,CM,NSE,STK,13491,INE786A01032,JKLAKSHMI,EQ,,,,,JK LAKSHMI CEMENT LTD,567.0,567.4,560.2,561.6,562.7,564.15,,561.6,,,112233,63135445.05,8229,F1,1,,,,,
2026-07-14,2026-07-14,CM,NSE,STK,11860,INE789E01012,JKPAPER,EQ,,,,,JK PAPER LIMITED,364.95,373.0,364.95,368.95,367.4,369.05,,368.95,,,336723,124211341.6,12982,F1,1,,,,,
2026-07-14,2026-07-14,CM,NSE,STK,14435,INE573A01042,JKTYRE,EQ,,,,,JK TYRE & INDUSTRIES LTD,403.95,409.1,400.25,401.95,401.2,410.1,,401.95,,,1064873,429434332.2,20164,F1,1,,,,,
2026-07-14,2026-07-14,CM,NSE,STK,15266,INE576I01022,JKIL,EQ,,,,,JKUMAR INFR.LTD.,508.2,508.2,495.0,496.95,495.0,506.25,,497.0,,,55473,27834725.15,3162,F1,1,,,,,
2026-07-14,2026-07-14,CM,NSE,STK,13637,INE780C01023,JMFINANCIL,EQ,,,,,JM FINANCIAL LIMITED,126.41,126.99,122.51,122.96,122.9,127.26,,122.96,,,1978064,244974056.41,17858,F1,1,,,,,
2026-07-14,2026-07-14,CM,NSE,STK,23621,INE0OAF01028,JNKINDIA,EQ,,,,,JNK INDIA LIMITED,507.4,536.9,493.45,529.7,532.0,504.95,,529.7,,,1033205,537736799.05,23558,F1,1,,,,,
2026-07-14,2026-07-14,CM,NSE,STK,16931,INE839G01010,JOCIL,BE,,,,,JOCIL LIMITED,144.0,151.0,143.0,148.78,145.0,144.04,,148.78,,,3589,528140.78,26,F1,1,,,,,
2026-07-14,2026-07-14,CM,NSE,STK,762623,INE515A01019,COCKERILL,EQ,,,,,JOHN COCKERILL INDIA LTD.,9653.0,9800.0,9426.0,9552.0,9497.0,9602.5,,9541.5,,,12183,117490914.5,3948,F1,1,,,,,
2026-07-14,2026-07-14,CM,NSE,STK,758460,INE718I01012,JSWCEMENT,EQ,,,,,JSW CEMENT LIMITED,137.93,138.5,136.0,136.75,136.65,138.29,,136.75,,,2154689,295533579.54,11660,F1,1,,,,,
2026-07-14,2026-07-14,CM,NSE,STK,1467,INE133A01011,JSWDULUX,EQ,,,,,JSW DULUX LIMITED,2937.0,2966.4,2878.0,2889.9,2895.5,2942.1,,2889.9,,,13335,38644021.6,3362,F1,1,,,,,
2026-07-14,2026-07-14,CM,NSE,STK,17869,INE121E01018,JSWENERGY,EQ,,,,,JSW ENERGY LIMITED,557.0,564.0,550.65,557.25,557.5,553.65,,557.25,,,2818707,1571526049.7,49710,F1,1,,,,,
2026-07-14,2026-07-14,CM,NSE,STK,11880,INE824G01012,JSWHL,EQ,,,,,JSW HOLDINGS LIMITED,11420.0,11420.0,11191.0,11212.0,11248.0,11420.0,,11211.0,,,2153,24226967.0,1223,F1,1,,,,,
2026-07-14,2026-07-14,CM,NSE,STK,19020,INE880J01026,JSWINFRA,EQ,,,,,JSW INFRASTRUCTURE LTD,350.95,350.95,340.6,347.25,343.85,351.2,,347.2,,,4268837,1474659828.9,48799,F1,1,,,,,
2026-07-14,2026-07-14,CM,NSE,STK,11723,INE019A01038,JSWSTEEL,EQ,,,,,JSW STEEL LIMITED,1225.1,1254.8,1225.1,1247.7,1246.6,1237.4,,1247.7,,,1042163,1298180704.0,51704,F1,1,,,,,
2026-07-14,2026-07-14,CM,NSE,STK,3237,INE643A01035,JTEKTINDIA,EQ,,,,,JTEKT INDIA LIMITED,144.09,144.49,140.8,141.3,141.44,144.09,,141.29,,,98576,13965971.51,1713,F1,1,,,,,
2026-07-14,2026-07-14,CM,NSE,STK,7287,INE391J01032,JTLIND,EQ,,,,,JTL INDUSTRIES LIMITED,77.71,79.4,77.61,78.07,78.0,78.24,,78.07,,,2592883,203624754.08,10520,F1,1,,,,,
2026-07-14,2026-07-14,CM,NSE,STK,29590,INE03CC01015,JUBLCPL,EQ,,,,,JUBILANT AGRI N CON PRO L,2053.9,2071.0,1992.0,1999.1,2005.0,2051.3,,1999.1,,,4595,9234984.4,840,F1,1,,,,,
2026-07-14,2026-07-14,CM,NSE,STK,18096,INE797F01020,JUBLFOOD,EQ,,,,,JUBILANT FOODWORKS LTD,429.0,433.7,419.5,421.5,420.5,431.4,,421.45,,,1952000,829527826.9,35981,F1,1,,,,,
2026-07-14,2026-07-14,CM,NSE,STK,2783,INE0BY001018,JUBLINGREA,EQ,,,,,JUBILANT INGREVIA LIMITED,732.95,741.75,716.1,724.05,717.2,733.2,,724.2,,,445465,323747089.25,18327,F1,1,,,,,
2026-07-14,2026-07-14,CM,NSE,STK,3637,INE700A01033,JUBLPHARMA,EQ,,,,,JUBILANT PHARMOVA LTD,973.55,982.0,967.8,974.45,978.0,972.7,,974.45,,,56096,54800304.9,10786,F1,1,,,,,
2026-07-14,2026-07-14,CM,NSE,STK,7109,INE412C01023,JMA,EQ,,,,,JULLUNDUR MOT AGENCY LTD,89.09,90.99,88.0,88.41,88.92,89.1,,88.41,,,11574,1026523.36,121,F1,1,,,,,
2026-07-14,2026-07-14,CM,NSE,STK,22824,INE696F01016,JUNIPER,EQ,,,,,JUNIPER HOTELS LIMITED,199.0,200.7,196.5,196.82,197.75,199.95,,196.82,,,49067,9735384.89,1029,F1,1,,,,,
2026-07-14,2026-07-14,CM,NSE,STK,18553,INE682M01012,JLHL,EQ,,,,,JUPITER LIFE LINE HOSP L,1470.0,1489.0,1451.1,1483.5,1485.0,1463.7,,1483.5,,,22100,32657187.0,1631,F1,1,,,,,
2026-07-14,2026-07-14,CM,NSE,STK,20224,INE209L01016,JWL,EQ,,,,,JUPITER WAGONS LIMITED,258.1,258.55,254.0,255.15,255.1,259.65,,255.15,,,601326,153793073.2,13202,F1,1,,,,,
2026-07-14,2026-07-14,CM,NSE,STK,29962,INE599M01018,JUSTDIAL,EQ,,,,,JUSTDIAL LTD.,712.4,809.0,712.0,790.15,803.0,676.85,,790.15,,,42569366,32473304628.55,669246,F1,1,,,,,
2026-07-14,2026-07-14,CM,NSE,STK,15146,INE668F01031,JYOTHYLAB,EQ,,,,,JYOTHY LABS LIMITED,200.65,201.97,198.42,199.94,200.08,200.66,,199.94,,,682610,136569407.56,10324,F1,1,,,,,
2026-07-14,2026-07-14,CM,NSE,STK,21334,INE980O01024,JYOTICNC,EQ,,,,,JYOTI CNC AUTOMATION LTD,780.2,808.95,775.0,782.8,787.0,784.9,,782.8,,,1442191,1144887710.95,38532,F1,1,,,,,
2026-07-14,2026-07-14,CM,NSE,STK,758221,INE1M3T01017,JYOTIGLOBL,SM,,,,,JYOTI GLOBAL PLAST LTD,42.0,42.0,42.0,42.0,42.0,41.0,,42.0,,,4000,168000.0,2,F1,2000,,,,,
2026-07-14,2026-07-14,CM,NSE,STK,1802,INE197A01024,JYOTISTRUC,EQ,,,,,JYOTI STRUCTURES LTD,11.45,11.6,11.36,11.41,11.41,11.45,,11.41,,,3312868,37992989.12,3718,F1,1,,,,,
2026-07-14,2026-07-14,CM,NSE,STK,14667,INE157H01023,KMSUGAR,EQ,,,,,K M SUGAR MILLS LTD,27.68,28.22,27.61,27.72,27.61,27.96,,27.72,,,76646,2137697.36,474,F1,1,,,,,
2026-07-14,2026-07-14,CM,NSE,STK,27079,INE127T01021,KPEL,EQ,,,,,K.P. ENERGY LIMITED,328.7,329.4,322.15,323.15,324.5,329.75,,323.2,,,107926,35041908.4,4123,F1,1,,,,,
2026-07-14,2026-07-14,CM,NSE,STK,23462,INE0DEZ01013,K2INFRA,ST,,,,,K2 INFRAGEN LIMITED,60.0,61.05,59.55,60.35,60.0,60.6,,60.35,,,12000,721350.0,18,F1,600,,,,,
2026-07-14,2026-07-14,CM,NSE,STK,1805,INE900B01029,KABRAEXTRU,EQ,,,,,KABRA EXTRUSION TECHNIK L,315.1,340.0,306.0,317.75,318.65,315.65,,317.75,,,500077,163904677.9,16635,F1,1,,,,,
2026-07-14,2026-07-14,CM,NSE,STK,29192,INE0XOW01017,KKJEWELS,SM,,,,,KABRA JEWELS LIMITED,104.0,104.0,103.1,103.5,103.1,104.0,,103.5,,,4000,414150.0,4,F1,1000,,,,,
2026-07-14,2026-07-14,CM,NSE,STK,1808,INE217B01036,KAJARIACER,EQ,,,,,KAJARIA CERAMICS LTD,1243.6,1271.5,1230.7,1234.5,1238.5,1236.4,,1234.5,,,353134,439782125.2,23990,F1,1,,,,,
2026-07-14,2026-07-14,CM,NSE,STK,8945,INE437B01014,KAKATCEM,BE,,,,,KAKATIYA CEM SUGAR &IND L,116.08,120.18,116.0,119.66,116.3,116.08,,119.59,,,1253,149166.55,25,F1,1,,,,,
2026-07-14,2026-07-14,CM,NSE,STK,25443,INE0T0L01014,KALANA,SM,,,,,KALANA ISPAT LIMITED,18.5,18.5,18.5,18.5,18.5,18.5,,18.5,,,10000,185000.0,5,F1,2000,,,,,
2026-07-14,2026-07-14,CM,NSE,STK,758558,INE227J01012,KALPATARU,EQ,,,,,KALPATARU LIMITED,284.9,287.7,279.05,281.1,280.0,284.9,,281.1,,,62483,17581430.85,2810,F1,1,,,,,
2026-07-14,2026-07-14,CM,NSE,STK,1814,INE220B01022,KPIL,EQ,,,,,KALPATARU PROJECT INT LTD,1341.7,1344.5,1292.1,1299.2,1300.0,1341.7,,1299.2,,,193629,252444719.7,26519,F1,1,,,,,
2026-07-14,2026-07-14,CM,NSE,STK,2955,INE303R01014,KALYANKJIL,EQ,,,,,KALYAN JEWELLERS IND LTD,515.55,535.0,507.3,529.75,531.0,510.65,,529.75,,,95814205,50367378301.0,670397,F1,1,,,,,
2026-07-14,2026-07-14,CM,NSE,STK,15156,INE314G01014,KALYANIFRG,EQ,,,,,KALYANI FORGE LIMITED,617.0,620.0,615.0,619.15,615.1,613.05,,619.15,,,243,150380.2,46,F1,1,,,,,
2026-07-14,2026-07-14,CM,NSE,STK,21119,INE029L01018,KICL,EQ,,,,,KALYANI INVEST CO LTD,5660.5,5749.5,5551.0,5572.0,5625.0,5679.5,,5573.5,,,2717,15362616.0,764,F1,1,,,,,
2026-07-14,2026-07-14,CM,NSE,STK,18889,INE907A01026,KSL,EQ,,,,,KALYANI STEELS LIMITED,959.05,976.6,921.1,926.15,925.0,972.3,,926.15,,,97190,91664133.5,5714,F1,1,,,,,
2026-07-14,2026-07-14,CM,NSE,STK,762732,INE411F01010,KAMAHOLD,EQ,,,,,KAMA HOLDINGS LTD.,2563.1,2573.9,2525.0,2542.6,2556.0,2554.6,,2541.3,,,1612,4117395.2,408,F1,1,,,,,
2026-07-14,2026-07-14,CM,NSE,STK,1826,INE967C01018,KAMATHOTEL,EQ,,,,,KAMAT HOTELS (I) LTD,185.0,186.0,182.0,183.1,183.75,186.65,,183.26,,,17046,3140942.41,605,F1,1,,,,,
2026-07-14,2026-07-14,CM,NSE,STK,13461,INE390H01020,KAMDHENU,BE,,,,,KAMDHENU LIMITED,31.75,33.0,31.05,31.46,31.61,32.05,,31.46,,,375576,11862996.27,636,F1,1,,,,,
2026-07-14,2026-07-14,CM,NSE,STK,13814,INE0BTI01037,KAMOPAINTS,EQ,,,,,KAMDHENU VENTURES LIMITED,4.9,4.95,4.69,4.71,4.74,4.8,,4.71,,,735128,3501355.92,1254,F1,1,,,,,
2026-07-14,2026-07-14,CM,NSE,STK,25786,INE879E01037,KANANIIND,EQ,,,,,KANANI INDUSTRIES LTD,1.53,1.6,1.51,1.52,1.53,1.54,,1.52,,,66633,103117.91,153,F1,1,,,,,
2026-07-14,2026-07-14,CM,NSE,STK,762740,INE081G01019,KANCHI,BE,,,,,KANCHI KARPOORAM LTD.,355.55,372.0,355.55,364.25,366.0,364.05,,361.55,,,153,55127.4,19,F1,1,,,,,
2026-07-14,2026-07-14,CM,NSE,STK,11208,INE0MOT01016,KANDARP,SM,,,,,KANDARP DG SMART BPO LTD,105.5,105.5,105.5,105.5,105.5,105.0,,105.5,,,1000,105500.0,1,F1,1000,,,,,
2026-07-14,2026-07-14,CM,NSE,STK,9805,INE138C01024,KANORICHEM,BE,,,,,KANORIACHEMICALS-,133.35,139.0,131.5,132.63,135.99,133.36,,132.63,,,13267,1803916.03,190,F1,1,,,,,
2026-07-14,2026-07-14,CM,NSE,STK,1782,INE694E01014,KANPRPLA,EQ,,,,,KANPUR PLASTIPACK LIMITED,202.0,209.5,195.11,196.06,196.0,202.94,,196.06,,,7814,1566644.51,617,F1,1,,,,,
2026-07-14,2026-07-14,CM,NSE,STK,1196,INE531A01024,KANSAINER,EQ,,,,,KANSAI NEROLAC PAINTS LTD,202.89,204.12,195.0,197.03,197.6,202.32,,197.06,,,217611,43269870.46,5545,F1,1,,,,,
2026-07-14,2026-07-14,CM,NSE,STK,18967,INE542Z01028,KAPSTON,EQ,,,,,KAPSTON SERVICES LIMITED,413.7,419.95,406.15,414.15,415.0,413.7,,414.15,,,18760,7795846.15,1063,F1,1,,,,,
2026-07-14,2026-07-14,CM,NSE,STK,24385,INE725L01011,KARMAENG,EQ,,,,,KARMA ENERGY LIMITED,40.8,40.8,38.6,38.69,38.61,39.98,,38.69,,,5653,220394.06,66,F1,1,,,,,
2026-07-14,2026-07-14,CM,NSE,STK,8054,INE614B01018,KTKBANK,EQ,,,,,KARNATAKA BANK LIMITED,278.1,278.1,273.1,274.15,274.5,278.95,,274.15,,,1184808,325723439.6,17423,F1,1,,,,,
2026-07-14,2026-07-14,CM,NSE,STK,19465,INE0MGA01012,KARNIKA,SM,,,,,KARNIKA INDUSTRIES LTD,124.95,125.75,122.05,123.75,123.9,123.05,,123.75,,,104000,12880500.0,96,F1,1000,,,,,
2026-07-14,2026-07-14,CM,NSE,STK,1838,INE036D01028,KARURVYSYA,EQ,,,,,KARUR VYSYA BANK LTD,309.0,309.3,299.0,299.55,299.6,308.4,,299.6,,,1694808,513134425.05,33709,F1,1,,,,,
2026-07-14,2026-07-14,CM,NSE,STK,24528,INE0SVY01018,KATARIA,SM,,,,,KATARIA INDUSTRIES LTD,102.0,103.9,99.0,99.0,99.0,100.7,,99.0,,,10200,1032450.0,17,F1,600,,,,,
2026-07-14,2026-07-14,CM,NSE,STK,15140,INE234I01028,KAUSHALYA,BE,,,,,KAUSHALYA INFRA DEV LTD.,933.65,933.65,933.65,933.65,933.65,982.75,,933.65,,,473,441616.45,59,F1,1,,,,,
2026-07-14,2026-07-14,CM,NSE,STK,21186,INE0Q2V01012,KLL,SM,,,,,KAUSHALYA LOGISTICS LTD,31.2,31.2,30.05,30.6,30.6,31.8,,30.6,,,8800,268960.0,10,F1,800,,,,,
2026-07-14,2026-07-14,CM,NSE,STK,14972,INE455I01029,KSCL,EQ,,,,,KAVERI SEED CO. LTD.,868.35,873.9,850.0,851.5,852.0,864.35,,851.5,,,44559,38107048.0,2084,F1,1,,,,,
2026-07-14,2026-07-14,CM,NSE,STK,15244,INE641C01019,KAVDEFENCE,EQ,,,,,KAVVERI DFS & WIR TEC LTD,61.0,61.9,58.71,60.2,60.1,61.67,,60.19,,,114776,6908192.99,2023,F1,1,,,,,
2026-07-14,2026-07-14,CM,NSE,STK,21185,INE0RCG01017,KCEIL,ST,,,,,KAY CEE ENERGY & INFRA L,87.5,87.6,85.0,86.0,86.0,88.05,,86.0,,,13500,1160375.0,25,F1,500,,,,,
2026-07-14,2026-07-14,CM,NSE,STK,10276,INE587G01015,KAYA,EQ,,,,,KAYA LIMITED,238.25,248.86,238.25,242.1,242.1,243.06,,242.1,,,4326,1047198.49,140,F1,1,,,,,
2026-07-14,2026-07-14,CM,NSE,STK,12092,INE918Z01012,KAYNES,EQ,,,,,KAYNES TECHNOLOGY IND LTD,3295.0,3330.0,3275.0,3288.4,3296.1,3319.5,,3288.4,,,521969,1719296851.2,38934,F1,1,,,,,
2026-07-14,2026-07-14,CM,NSE,STK,758868,INE13ZD01013,KAYTEX,SM,,,,,KAYTEX FABRICS LIMITED,60.2,61.6,58.3,59.1,58.3,60.5,,59.1,,,8800,526920.0,10,F1,800,,,,,
2026-07-14,2026-07-14,CM,NSE,STK,10293,INE0J1E01027,KCK,SM,,,,,KCK INDUSTRIES LTD,16.65,16.8,15.85,15.95,15.9,16.0,,15.95,,,1070000,17199250.0,154,F1,2500,,,,,
2026-07-14,2026-07-14,CM,NSE,STK,1841,INE805C01028,KCP,EQ,,,,,KCP LTD,173.51,175.46,170.0,171.57,171.9,174.04,,171.57,,,121463,21041903.23,3481,F1,1,,,,,
2026-07-14,2026-07-14,CM,NSE,STK,4809,INE790B01024,KCPSUGIND,EQ,,,,,KCP SUGAR IND CORP LTD.,21.97,22.08,21.55,21.64,21.57,21.97,,21.64,,,130378,2839102.67,487,F1,1,,,,,
2026-07-14,2026-07-14,CM,NSE,STK,14908,INE291D01011,KDDL,EQ,,,,,KDDL LIMITED,3275.5,3357.6,3248.9,3265.6,3269.0,3363.2,,3265.0,,,13011,42724146.6,2241,F1,1,,,,,
2026-07-14,2026-07-14,CM,NSE,STK,13260,INE389H01022,KEC,EQ,,,,,KEC INTL. LIMITED,494.0,494.65,488.35,489.9,490.4,495.85,,489.9,,,518996,254696368.75,16399,F1,1,,,,,
2026-07-14,2026-07-14,CM,NSE,STK,13310,INE878B01027,KEI,EQ,,,,,KEI INDUSTRIES LTD.,5062.0,5142.5,4998.0,5120.5,5100.0,5112.0,,5120.5,,,299911,1519043675.5,39899,F1,1,,,,,
2026-07-14,2026-07-14,CM,NSE,STK,13430,INE164B01030,KELLTONTEC,EQ,,,,,KELLTON TECH SOL LTD,15.53,15.54,15.01,15.08,15.05,15.45,,15.09,,,1436036,21756142.15,3436,F1,1,,,,,
2026-07-14,2026-07-14,CM,NSE,STK,29547,INE15DO01012,KEN,SM,,,,,KEN ENTERPRISES LIMITED,35.25,35.5,34.7,34.7,34.7,35.3,,34.7,,,13200,462840.0,10,F1,1200,,,,,
2026-07-14,2026-07-14,CM,NSE,STK,11841,INE717A01029,KENNAMET,EQ,,,,,KENNAMETAL INDIA LIMITED,2730.1,2855.0,2725.0,2822.0,2800.0,2769.1,,2824.1,,,12250,34327472.7,2388,F1,1,,,,,
2026-07-14,2026-07-14,CM,NSE,STK,13121,INE202H01019,KERNEX,EQ,,,,,KERNEX MICROSYS(I) LTD,2249.0,2249.0,2160.0,2192.9,2183.0,2233.4,,2192.7,,,207006,457240815.9,16331,F1,1,,,,,
2026-07-14,2026-07-14,CM,NSE,STK,4981,INE087A01019,KESORAMIND,BE,,,,,KESORAM INDUSTRIES LTD,10.35,10.77,10.35,10.77,10.77,10.56,,10.79,,,257148,2722531.74,254,F1,1,,,,,
2026-07-14,2026-07-14,CM,NSE,STK,13381,INE401H01017,KKCL,EQ,,,,,KEWAL KIRAN CLOTHING LTD,501.55,506.0,491.25,493.9,501.4,504.05,,493.9,,,42136,21111909.0,1336,F1,1,,,,,
2026-07-14,2026-07-14,CM,NSE,STK,4157,INE681C01015,KEYFINSERV,EQ,,,,,KEYNOTE FIN SERV LTD.,260.66,268.9,258.0,262.97,258.0,259.37,,262.92,,,788,207310.08,78,F1,1,,,,,
2026-07-14,2026-07-14,CM,NSE,STK,12219,INE263M01029,RUSTOMJEE,EQ,,,,,KEYSTONE REALTORS LIMITED,420.35,422.4,414.0,419.35,417.0,419.3,,419.45,,,23723,9929258.5,1515,F1,1,,,,,
2026-07-14,2026-07-14,CM,NSE,STK,13359,INE138Y01010,KFINTECH,EQ,,,,,KFIN TECHNOLOGIES LIMITED,928.0,928.0,893.55,898.25,895.0,925.85,,898.25,,,1158303,1051820892.95,31076,F1,1,,,,,
2026-07-14,2026-07-14,CM,NSE,STK,433,INE834I01025,KHADIM,BE,,,,,KHADIM INDIA LIMITED,99.98,102.38,99.0,100.79,101.0,101.34,,100.82,,,10007,1001829.63,517,F1,1,,,,,
2026-07-14,2026-07-14,CM,NSE,STK,9582,INE731C01018,KHAITANLTD,BE,,,,,KHAITAN (INDIA)LTD.,130.6,134.0,130.01,131.11,131.11,132.9,,131.11,,,695,91384.94,15,F1,1,,,,,
2026-07-14,2026-07-14,CM,NSE,STK,902,INE745B01028,KHAICHEM,BE,,,,,KHAITAN CHEM & FERT LTD,51.92,52.8,49.91,50.24,50.4,51.92,,50.22,,,130612,6595290.38,824,F1,1,,,,,
2026-07-14,2026-07-14,CM,NSE,STK,9641,INE060B01014,KHANDSE,EQ,,,,,KHANDWALA SECURITIES LTD,17.82,17.82,16.7,17.33,17.39,17.47,,17.32,,,1772,30586.08,60,F1,1,,,,,
2026-07-14,2026-07-14,CM,NSE,STK,9570,INE00UG01014,KHFM,SM,,,,,KHFM HOS FAC MANA SER LTD,51.95,51.95,48.25,49.4,49.5,51.85,,49.4,,,31000,1530857.5,19,F1,1550,,,,,
2026-07-14,2026-07-14,CM,NSE,STK,762747,INE338F01015,KLBRENG-B,EQ,,,,,KILBURN ENGINEERING LTD.,458.0,464.4,453.0,457.2,457.65,454.9,,457.1,,,59020,27062660.95,2751,F1,1,,,,,
2026-07-14,2026-07-14,CM,NSE,STK,19941,INE729D01010,KILITCH,BE,,,,,KILITCH DRUGS INDIA LTD,179.0,179.75,171.11,175.34,175.95,179.71,,174.7,,,23278,4073119.88,324,F1,1,,,,,
2026-07-14,2026-07-14,CM,NSE,STK,18944,INE473D01015,KINGFA,EQ,,,,,KINGFA SCI & TEC IND LTD.,5141.0,5141.0,4987.0,5056.0,5016.0,5117.0,,5053.0,,,4895,24694393.0,1753,F1,1,,,,,
2026-07-14,2026-07-14,CM,NSE,STK,19126,INE880L01014,KIOCL,EQ,,,,,KIOCL LIMITED,384.6,392.9,378.5,379.3,380.0,386.5,,379.3,,,96848,37243400.05,3523,F1,1,,,,,
2026-07-14,2026-07-14,CM,NSE,STK,762742,INE555P01013,KIRANVYPAR,EQ,,,,,KIRAN VYAPAR LTD.,188.01,193.0,188.0,192.25,192.3,194.04,,192.25,,,1142,216850.21,28,F1,1,,,,,
2026-07-14,2026-07-14,CM,NSE,STK,16639,INE415I01015,KIRIINDUS,EQ,,,,,KIRI INDUSTRIES LIMITED,400.05,409.45,397.45,399.1,399.65,402.2,,399.1,,,174990,70377496.3,4665,F1,1,,,,,
2026-07-14,2026-07-14,CM,NSE,STK,18581,INE732A01036,KIRLOSBROS,EQ,,,,,KIRLOSKAR BROTHERS LTD,1945.0,1964.0,1885.0,1929.9,1945.0,1950.0,,1929.6,,,92515,177754314.0,15038,F1,1,,,,,
2026-07-14,2026-07-14,CM,NSE,STK,18224,INE134B01017,KECL,BE,,,,,KIRLOSKAR ELECTRIC CO LTD,116.91,119.7,113.0,118.33,117.57,116.91,,118.32,,,89692,10493713.26,535,F1,1,,,,,
2026-07-14,2026-07-14,CM,NSE,STK,14466,INE884B01025,KIRLFER,EQ,,,,,KIRLOSKAR FERROUS IND LTD,470.0,472.0,460.0,462.1,462.2,472.55,,462.2,,,43673,20339806.75,3385,F1,1,,,,,
2026-07-14,2026-07-14,CM,NSE,STK,19025,INE250A01039,KIRLOSIND,EQ,,,,,KIRLOSKAR INDUSTRIES LTD,4109.0,4109.0,3901.1,3939.4,3941.2,4110.9,,3939.4,,,15849,63018050.0,3098,F1,1,,,,,
2026-07-14,2026-07-14,CM,NSE,STK,20936,INE146L01010,KIRLOSENG,EQ,,,,,KIRLOSKAR OIL ENG LTD,2435.0,2435.0,2345.6,2362.3,2365.1,2436.2,,2362.3,,,401445,951775721.9,36769,F1,1,,,,,
2026-07-14,2026-07-14,CM,NSE,STK,15180,INE811A01020,KIRLPNU,EQ,,,,,KIRLOSKAR PNEUMATIC COM L,1769.9,1770.0,1727.4,1749.9,1758.0,1768.8,,1749.8,,,57100,99590259.3,8048,F1,1,,,,,
2026-07-14,2026-07-14,CM,NSE,STK,28899,INE602G01020,KITEX,EQ,,,,,KITEX GARMENTS LTD,153.0,153.32,150.2,150.71,150.3,152.88,,150.71,,,369554,55775419.67,4082,F1,1,,,,,
2026-07-14,2026-07-14,CM,NSE,STK,760923,INE0KNW01016,KNAGRI,EQ,,,,,KN AGRI RESOURCES LIMITED,207.42,208.0,200.25,202.7,200.6,206.9,,202.7,,,10883,2214652.09,324,F1,1,,,,,
2026-07-14,2026-07-14,CM,NSE,STK,763839,INE17QZ01016,KNACK,EQ,,,,,KNACK PACKAGING LIMITED,204.95,209.84,197.65,205.06,205.7,205.29,,205.13,,,3760155,767119797.16,33809,F1,1,,,,,
2026-07-14,2026-07-14,CM,NSE,STK,27084,INE0CJD01029,KMEW,EQ,,,,,KNOWLEDGE MARINE & EN W L,2396.0,2396.0,2330.1,2341.9,2375.0,2425.4,,2341.6,,,57547,135335201.8,9327,F1,1,,,,,
2026-07-14,2026-07-14,CM,NSE,STK,758431,INE1JAR25012,KRT,RR,,,,,KNOWLEDGE REALTY TRUST,116.49,116.49,115.17,115.46,115.34,115.76,,115.46,,,181596,21012528.19,3016,F1,1,,,,,
2026-07-14,2026-07-14,CM,NSE,STK,15283,INE634I01029,KNRCON,EQ,,,,,KNR CONSTRU LTD.,128.22,128.49,125.15,125.46,125.5,129.02,,125.46,,,660749,83362149.1,7889,F1,1,,,,,
2026-07-14,2026-07-14,CM,NSE,STK,18751,INE0Q7P01013,KODYTECH,SM,,,,,KODY TECHNOLAB LIMITED,1262.95,1321.0,1240.0,1258.1,1254.8,1263.2,,1258.1,,,37800,48899650.0,273,F1,100,,,,,
2026-07-14,2026-07-14,CM,NSE,STK,3009,INE080B01012,KOHINOOR,EQ,,,,,KOHINOOR FOODS LIMITED,23.83,24.5,23.8,24.03,23.91,24.32,,24.03,,,110023,2658850.29,2142,F1,1,,,,,
2026-07-14,2026-07-14,CM,NSE,STK,16827,INE760A01029,KOKUYOCMLN,EQ,,,,,KOKUYO CAMLIN LIMITED,87.16,87.76,86.22,87.31,87.47,86.73,,87.3,,,22614,1969821.78,406,F1,1,,,,,
2026-07-14,2026-07-14,CM,NSE,STK,15124,INE094I01018,KOLTEPATIL,EQ,,,,,KOLTE PATIL DEV. LTD.,393.45,402.5,378.1,383.4,381.6,387.5,,383.4,,,267302,103588413.1,9184,F1,1,,,,,
2026-07-14,2026-07-14,CM,NSE,STK,22475,INE0QEI01011,KONSTELEC,ST,,,,,KONSTELEC ENGINEERS LTD,61.6,61.6,61.6,61.6,61.6,58.7,,61.6,,,2000,123200.0,2,F1,1000,,,,,
2026-07-14,2026-07-14,CM,NSE,STK,19287,INE0KZ301010,KONTOR,SM,,,,,KONTOR SPACE LIMITED,59.6,59.6,59.6,59.6,59.6,64.9,,59.6,,,1200,71520.0,2,F1,600,,,,,
2026-07-14,2026-07-14,CM,NSE,STK,4951,INE082A01010,KOPRAN,BE,,,,,KOPRAN LTD,203.0,216.0,202.99,207.28,207.5,206.66,,207.29,,,256151,53796651.86,1844,F1,1,,,,,
2026-07-14,2026-07-14,CM,NSE,STK,16758,INE0O4R01018,KDL,SM,,,,,KORE DIGITAL LIMITED,116.25,121.9,112.1,113.1,112.8,116.2,,113.1,,,11850,1368375.0,70,F1,150,,,,,
2026-07-14,2026-07-14,CM,NSE,STK,14858,INF174KA1HJ8,GOLD1,EQ,,,,,KOTAK GOLD ETF,118.0,118.0,115.73,117.09,117.18,118.08,,117.09,,,2075692,243317343.17,8441,F1,1,,,,,
2026-07-14,2026-07-14,CM,NSE,STK,1922,INE237A01036,KOTAKBANK,EQ,,,,,KOTAK MAHINDRA BANK LTD,383.5,383.5,376.1,378.65,378.1,384.65,,378.65,,,16237528,6142703946.15,169778,F1,1,,,,,
2026-07-14,2026-07-14,CM,NSE,STK,18102,INF174K014P6,NIFTY1,EQ,,,,,KOTAK NIFTY ETF,275.06,275.06,266.26,266.77,266.88,268.36,,266.77,,,77976,20832155.34,1303,F1,1,,,,,
2026-07-14,2026-07-14,CM,NSE,STK,15061,INF174KA1A86,PSUBANK,EQ,,,,,KOTAK PSU BANK,86.76,86.76,82.66,83.36,83.99,84.65,,83.36,,,458651,38329608.37,709,F1,1,,,,,
2026-07-14,2026-07-14,CM,NSE,STK,759885,INF174KA1XV0,CHEMICAL,EQ,,,,,KOTAKMAMC - CHEMICAL,29.99,29.99,29.41,29.66,29.8,29.64,,29.66,,,482800,14290616.98,760,F1,1,,,,,
2026-07-14,2026-07-14,CM,NSE,STK,7412,INF174KA1IA5,ALPHA,EQ,,,,,KOTAKMAMC - KOTAKALPHA,52.74,52.74,51.3,51.57,51.55,51.88,,51.57,,,737505,38033779.32,2070,F1,1,,,,,
2026-07-14,2026-07-14,CM,NSE,STK,10512,INF174KA1ZF8,CONS,EQ,,,,,KOTAKMAMC - KOTAKCONS,12.01,12.01,11.9,11.94,11.93,11.96,,11.94,,,186815,2232983.25,125,F1,1,,,,,
2026-07-14,2026-07-14,CM,NSE,STK,2627,INF174KA1GC5,IT,EQ,,,,,KOTAKMAMC - KOTAKIT,31.34,32.55,31.34,31.81,31.95,32.15,,31.81,,,2733169,88180251.36,1428,F1,1,,,,,
2026-07-14,2026-07-14,CM,NSE,STK,13950,INF174KA1LV5,LIQUID1,EQ,,,,,KOTAKMAMC - KOTAKLIQ,1113.2,1113.39,1113.2,1113.38,1113.37,1113.22,,1113.38,,,834707,929345980.52,417,F1,1,,,,,
2026-07-14,2026-07-14,CM,NSE,STK,8632,INF174KA1IY5,LOWVOL1,EQ,,,,,KOTAKMAMC - KOTAKLOVOL,21.12,21.12,20.7,20.92,20.73,21.15,,20.92,,,1181166,24822489.46,210,F1,1,,,,,
2026-07-14,2026-07-14,CM,NSE,STK,8077,INF174KA1ZC5,MIDCAP,EQ,,,,,KOTAKMAMC - KOTAKMID50,18.5,18.51,18.25,18.33,18.38,18.44,,18.33,,,240664,4416687.12,817,F1,1,,,,,
2026-07-14,2026-07-14,CM,NSE,STK,10676,INF174KA1JF2,MNC,EQ,,,,,KOTAKMAMC - KOTAKMNC,33.4,33.57,33.1,33.24,33.57,33.37,,33.24,,,32385,1076146.47,286,F1,1,,,,,
2026-07-14,2026-07-14,CM,NSE,STK,13082,INF174KA1ZD3,SILVER1,EQ,,,,,KOTAKMAMC - KOTAKSILVE,20.49,21.19,20.49,21.08,21.11,21.02,,21.08,,,2521983,53079044.15,3585,F1,1,,,,,
2026-07-14,2026-07-14,CM,NSE,STK,11457,INF174KA1ZE1,NV20,EQ,,,,,KOTAKMAMC - KTKNV20ETF,14.18,14.2,14.04,14.06,14.07,14.18,,14.06,,,27702,390090.43,186,F1,1,,,,,
2026-07-14,2026-07-14,CM,NSE,STK,30469,INF174KA1VW2,MID150,EQ,,,,,KOTAKMAMC - MID150,23.49,23.5,23.3,23.35,23.3,23.56,,23.35,,,13530,316785.09,161,F1,1,,,,,
2026-07-14,2026-07-14,CM,NSE,STK,759488,INF174KA1XS6,MOMENTUM30,EQ,,,,,KOTAKMAMC - MOMENTUM30,30.52,30.79,30.47,30.65,30.65,30.58,,30.65,,,27044,830330.84,86,F1,1,,,,,
2026-07-14,2026-07-14,CM,NSE,STK,29758,INF174KA1VD2,MSCIINDIA,EQ,,,,,KOTAKMAMC - MSCIINDIA,29.95,29.95,29.58,29.71,29.83,29.95,,29.71,,,4291,127604.95,92,F1,1,,,,,
2026-07-14,2026-07-14,CM,NSE,STK,760709,INF174KA1YO3,NEXT50ETF,EQ,,,,,KOTAKMAMC - NEXT50ETF,71.98,73.98,71.73,72.17,73.98,72.24,,72.17,,,28774,2072571.61,96,F1,1,,,,,
2026-07-14,2026-07-14,CM,NSE,STK,29944,INF174KA1UW4,NIFTY100EW,EQ,,,,,KOTAKMAMC - NIFTY100EW,35.6,35.67,34.56,34.84,34.64,34.88,,34.84,,,21682,754011.43,210,F1,1,,,,,
2026-07-14,2026-07-14,CM,NSE,STK,757946,INF174KA1WT6,QUALITY30,EQ,,,,,KOTAKMAMC - QUALITY30,20.36,20.42,20.28,20.28,20.28,20.38,,20.28,,,7313,148562.6,25,F1,1,,,,,
2026-07-14,2026-07-14,CM,NSE,STK,5851,INF174KA1ZB7,BANKNIFTY1,EQ,,,,,KOTAKMAMC-KOTAKBKETF,60.26,60.26,59.55,59.77,59.7,60.25,,59.77,,,1208119,72197531.75,806,F1,1,,,,,
2026-07-14,2026-07-14,CM,NSE,STK,762752,INE972A01020,KOTIC,EQ,,,,,KOTHARI INDUSTRIAL CORP L,175.14,180.0,167.3,176.4,176.5,175.14,,176.1,,,31402,5407824.81,1493,F1,1,,,,,
2026-07-14,2026-07-14,CM,NSE,STK,4594,INE720A01015,KOTHARIPET,EQ,,,,,KOTHARI PETROCHEM LTD,130.0,131.7,129.27,130.61,130.89,130.79,,130.61,,,25081,3268408.34,717,F1,1,,,,,
2026-07-14,2026-07-14,CM,NSE,STK,5528,INE823A01017,KOTHARIPRO,EQ,,,,,KOTHARI PRODUCTS LTD,69.0,70.91,67.95,68.84,68.0,68.99,,68.76,,,9389,648405.51,448,F1,1,,,,,
2026-07-14,2026-07-14,CM,NSE,STK,11647,INE419A01022,KOTARISUG,EQ,,,,,KOTHARI SUG & CHEM LTD.,25.31,26.24,25.31,25.51,25.6,25.83,,25.51,,,20895,534488.48,227,F1,1,,,,,
2026-07-14,2026-07-14,CM,NSE,STK,761337,INE0J0B01017,KOTYARK,BE,,,,,KOTYARK INDUSTRIES LTD,34.0,34.79,33.5,34.34,34.5,34.41,,34.47,,,78970,2689518.01,328,F1,1,,,,,
2026-07-14,2026-07-14,CM,NSE,STK,5192,INE177F01017,KOVAI,EQ,,,,,KOVAI MEDICAL CENTER & HO,6048.0,6057.0,5845.0,5862.0,5846.0,5995.5,,5862.5,,,5765,34041231.5,1487,F1,1,,,,,
2026-07-14,2026-07-14,CM,NSE,STK,5108,INE542W01025,KPIGREEN,EQ,,,,,KPI GREEN ENERGY LIMITED,401.0,402.45,398.1,399.3,398.8,401.35,,399.35,,,250419,100167671.15,8781,F1,1,,,,,
2026-07-14,2026-07-14,CM,NSE,STK,9683,INE04I401011,KPITTECH,EQ,,,,,KPIT TECHNOLOGIES LIMITED,573.45,576.6,552.5,555.6,554.95,573.45,,555.6,,,3059510,1718992276.55,62355,F1,1,,,,,
2026-07-14,2026-07-14,CM,NSE,STK,14912,INE930H01031,KPRMILL,EQ,,,,,KPR MILL LTD.,1107.0,1125.0,1089.1,1116.3,1119.0,1107.2,,1116.3,,,240727,267643676.0,20655,F1,1,,,,,
2026-07-14,2026-07-14,CM,NSE,STK,10577,INE001B01026,KRBL,EQ,,,,,KRBL LIMITED,362.0,363.15,351.6,352.75,352.9,364.3,,352.75,,,608913,216758786.5,12921,F1,1,,,,,
2026-07-14,2026-07-14,CM,NSE,STK,1937,INE268B01013,KREBSBIO,EQ,,,,,KREBS BIOCHEMICALS & IND,55.6,56.09,54.0,54.72,54.34,54.92,,54.73,,,4625,253868.59,309,F1,1,,,,,
2026-07-14,2026-07-14,CM,NSE,STK,11488,INE524L01026,KRIDHANINF,BE,,,,,KRIDHAN INFRA LIMITED,2.8,2.8,2.59,2.59,2.7,2.72,,2.6,,,62480,165075.85,57,F1,1,,,,,
2026-07-14,2026-07-14,CM,NSE,STK,12847,INE506W01020,KRISHANA,EQ,,,,,KRISHANA PHOSCHEM LIMITED,137.85,138.2,133.05,136.2,137.35,139.0,,136.2,,,792981,107620175.25,6661,F1,1,,,,,
2026-07-14,2026-07-14,CM,NSE,STK,16133,INE0NR701018,KRISHCA,SM,,,,,KRISHCA STRAPPING SLTN L,163.05,164.05,163.05,164.0,164.0,165.5,,164.0,,,2000,327550.0,4,F1,500,,,,,
2026-07-14,2026-07-14,CM,NSE,STK,756782,INE0GGO01015,KRISHIVAL,EQ,,,,,KRISHIVAL FOODS LIMITED,402.45,402.7,401.85,402.4,402.65,399.75,,402.4,,,2987,1201776.7,66,F1,1,,,,,
2026-07-14,2026-07-14,CM,NSE,STK,761192,INE0J5601015,KRISHNADEF,EQ,,,,,KRISHNA DEF AND ALD IND L,1295.7,1304.8,1276.1,1278.8,1279.0,1304.8,,1278.8,,,54794,70372372.4,5295,F1,1,,,,,
2026-07-14,2026-07-14,CM,NSE,STK,4847,INE967H01025,KIMS,EQ,,,,,KRISHNA INST OF MED SCI L,805.05,812.0,795.05,806.7,807.0,800.95,,806.7,,,426096,341784972.45,16319,F1,1,,,,,
2026-07-14,2026-07-14,CM,NSE,STK,6420,INE479D01038,KRITI,BE,,,,,KRITI INDUSTRIES IND LTD,69.29,69.79,68.42,69.19,69.48,68.95,,69.18,,,2279,156579.28,34,F1,1,,,,,
2026-07-14,2026-07-14,CM,NSE,STK,11440,INE798K01010,KRITINUT,BE,,,,,KRITI NUTRIENTS LIMITED,78.0,79.3,78.0,78.93,79.3,77.54,,78.93,,,7269,573365.09,66,F1,1,,,,,
2026-07-14,2026-07-14,CM,NSE,STK,9288,INE00Z501029,KRITIKA,EQ,,,,,KRITIKA WIRES LIMITED,5.96,5.96,5.68,5.74,5.73,5.81,,5.74,,,83656,483466.87,395,F1,1,,,,,
2026-07-14,2026-07-14,CM,NSE,STK,760627,INE1MTV01019,KRMAYURVED,ST,,,,,KRM AYURVEDA LIMITED,255.1,255.1,249.0,251.8,251.8,257.8,,251.8,,,23000,5789900.0,19,F1,1000,,,,,
2026-07-14,2026-07-14,CM,NSE,STK,25645,INE0Q3J01015,KRN,BE,,,,,KRN HEAT EXCHANGE N REF L,1215.1,1259.0,1208.0,1224.3,1226.3,1224.4,,1224.4,,,99312,122242326.6,8587,F1,1,,,,,
2026-07-14,2026-07-14,CM,NSE,STK,24025,INE0ATZ01017,KRONOX,EQ,,,,,KRONOX LAB SCIENCES LTD,150.7,150.7,145.02,146.41,147.0,150.7,,146.42,,,51923,7635773.8,1520,F1,1,,,,,
2026-07-14,2026-07-14,CM,NSE,STK,25252,INE0O6601022,KROSS,EQ,,,,,KROSS LIMITED,185.05,187.89,183.77,184.56,184.6,185.46,,184.56,,,168130,31206437.55,2407,F1,1,,,,,
2026-07-14,2026-07-14,CM,NSE,STK,5359,INE08LI01020,KRSNAA,EQ,,,,,KRSNAA DIAGNOSTICS LTD,565.0,565.0,540.0,545.4,549.0,563.15,,545.45,,,50427,27648665.4,3648,F1,1,,,,,
2026-07-14,2026-07-14,CM,NSE,STK,23175,INE0QN801017,KRYSTAL,EQ,,,,,KRYSTAL INTEGRATED SER L,600.3,604.4,600.0,600.2,600.0,600.6,,600.2,,,13012,7816408.35,330,F1,1,,,,,
2026-07-14,2026-07-14,CM,NSE,STK,1949,INE999A01023,KSB,EQ,,,,,KSB LIMITED,943.15,947.4,920.25,922.25,922.0,943.15,,922.25,,,59219,54935693.7,7258,F1,1,,,,,
2026-07-14,2026-07-14,CM,NSE,STK,760433,INE987S01020,KSHINTL,EQ,,,,,KSH INTERNATIONAL LIMITED,870.0,893.75,858.1,867.85,869.0,875.5,,867.9,,,209038,182533391.3,12229,F1,1,,,,,
2026-07-14,2026-07-14,CM,NSE,STK,10412,INE013801027,KSHITIJPOL,BE,,,,,KSHITIJ POLYLINE LIMITED,2.89,3.19,2.89,2.89,2.95,3.04,,2.89,,,8232464,24704302.18,6180,F1,1,,,,,
2026-07-14,2026-07-14,CM,NSE,STK,11060,INE0D6I01023,KSOLVES,EQ,,,,,KSOLVES INDIA LIMITED,298.95,303.6,294.6,295.85,294.6,301.15,,295.85,,,36862,10989721.3,1639,F1,1,,,,,
2026-07-14,2026-07-14,CM,NSE,STK,759987,INE1SPP01016,KSR,EQ,,,,,KSR FOOTWEAR LIMITED,27.6,29.89,27.6,27.69,28.19,28.7,,27.69,,,17402,493019.21,398,F1,1,,,,,
2026-07-14,2026-07-14,CM,NSE,STK,13870,INE529I01021,KUANTUM,EQ,,,,,KUANTUM PAPERS LIMITED,77.32,78.0,75.32,76.97,76.89,76.94,,76.97,,,70263,5353293.64,726,F1,1,,,,,
2026-07-14,2026-07-14,CM,NSE,STK,18708,INE0OWX01025,KEL,SM,,,,,KUNDAN EDIFICE LIMITED,79.4,79.4,79.4,79.4,79.4,79.4,,79.4,,,1200,95280.0,1,F1,1200,,,,,
2026-07-14,2026-07-14,CM,NSE,STK,762757,INE552U01010,KPL,EQ,,,,,KWALITY PHARMACEUTICALS L,2689.9,2689.9,2606.5,2640.1,2660.0,2654.9,,2639.7,,,7581,19927062.0,1605,F1,1,,,,,
2026-07-14,2026-07-14,CM,NSE,STK,760946,INE2KCE01013,KWIL,EQ,,,,,KWALITY WALL'S (INDIA) L,32.4,32.64,31.76,31.81,31.86,32.46,,31.81,,,5958287,191274742.36,14993,F1,1,,,,,
2026-07-14,2026-07-14,CM,NSE,STK,24948,INE498L01015,LTF,EQ,,,,,L&T FINANCE LIMITED,322.95,322.95,309.4,315.3,315.0,324.7,,315.3,,,11571839,3628214557.1,84099,F1,1,,,,,
2026-07-14,2026-07-14,CM,NSE,STK,18564,INE010V01017,LTTS,EQ,,,,,L&T TECHNOLOGY SER. LTD.,3313.8,3352.4,3266.5,3293.1,3289.0,3297.7,,3293.1,,,160245,529264126.4,21343,F1,1,,,,,
2026-07-14,2026-07-14,CM,NSE,STK,14423,INE059D01020,LAOPALA,EQ,,,,,LA OPALA RG LIMITED,182.21,183.43,178.6,181.8,182.0,182.21,,181.8,,,106093,19127974.08,3642,F1,1,,,,,
2026-07-14,2026-07-14,CM,NSE,STK,5865,INE548Z01017,LAGNAM,EQ,,,,,LAGNAM SPINTEX LIMITED,81.99,81.99,78.6,80.1,79.2,81.99,,80.1,,,1643,131982.79,66,F1,1,,,,,
2026-07-14,2026-07-14,CM,NSE,STK,7902,INE850E01012,LFIC,EQ,,,,,LAKSHMI FIN IND CORP LTD,142.1,142.1,142.1,142.1,142.1,142.19,,142.1,,,10,1421.0,2,F1,1,,,,,
2026-07-14,2026-07-14,CM,NSE,STK,4774,INE651C01018,LAKPRE,BZ,,,,,LAKSHMI PRE SCRE LTD,5.83,5.83,5.29,5.29,5.29,5.56,,5.25,,,6454,34193.67,23,F1,1,,,,,
2026-07-14,2026-07-14,CM,NSE,STK,25863,INE0VZS01015,LAKSHYA,ST,,,,,LAKSHYA POWERTECH LIMITED,106.5,106.5,106.5,106.5,106.5,105.0,,106.5,,,800,85200.0,1,F1,800,,,,,
2026-07-14,2026-07-14,CM,NSE,STK,6407,INE112F01022,LAMBODHARA,EQ,,,,,LAMBODHARA TEXTILES LTD.,113.4,116.35,111.21,113.92,113.9,113.81,,113.92,,,39452,4516814.28,296,F1,1,,,,,
2026-07-14,2026-07-14,CM,NSE,STK,27225,INE0R0201012,LAMOSAIC,ST,,,,,LAMOSAIC INDIA LIMITED,44.3,47.65,43.75,47.05,46.3,45.7,,47.05,,,63600,2902290.0,46,F1,600,,,,,
2026-07-14,2026-07-14,CM,NSE,STK,23027,INE572G01025,LANCORHOL,EQ,,,,,LANCOR HOLDINGS LIMITED,28.4,28.4,26.56,26.89,26.56,28.07,,26.91,,,72899,2002944.94,521,F1,1,,,,,
2026-07-14,2026-07-14,CM,NSE,STK,13276,INE559R01029,LANDMARK,EQ,,,,,LANDMARK CARS LIMITED,418.4,507.45,416.5,496.4,507.45,422.9,,497.1,,,9852212,4747254545.3,178986,F1,1,,,,,
2026-07-14,2026-07-14,CM,NSE,STK,16863,INE197J01017,LPDC,EQ,,,,,LANDMARK PR.DEV.CO.LTD,6.46,6.69,6.45,6.45,6.45,6.46,,6.46,,,16393,107242.44,61,F1,1,,,,,
2026-07-14,2026-07-14,CM,NSE,STK,17376,INE688J01023,LANDSMILL,EQ,,,,,LANDSMILL GREEN LIMITED,0.75,0.8,0.74,0.75,0.75,0.75,,0.75,,,2986706,2274176.7,852,F1,1,,,,,
2026-07-14,2026-07-14,CM,NSE,STK,11483,INE018A01030,LT,EQ,,,,,LARSEN & TOUBRO LTD.,3892.0,3897.9,3843.0,3848.7,3845.7,3928.5,,3848.7,,,2409089,9298463500.4,159864,F1,1,,,,,
2026-07-14,2026-07-14,CM,NSE,STK,21713,INE670X01014,LASA,EQ,,,,,LASA SUPERGENERICS LTD,7.49,7.49,7.27,7.33,7.29,7.32,,7.33,,,14600,107033.0,73,F1,1,,,,,
2026-07-14,2026-07-14,CM,NSE,STK,6818,INE0I7C01011,LATENTVIEW,EQ,,,,,LATENT VIEW ANALYTICS LTD,303.0,303.85,297.2,300.25,300.4,303.6,,300.25,,,418070,125863417.1,10676,F1,1,,,,,
2026-07-14,2026-07-14,CM,NSE,STK,15848,INE262Z01023,LATTEYS,BE,,,,,LATTEYS INDUSTRIES LTD,21.22,21.22,19.91,20.42,20.33,20.73,,20.42,,,30109,608451.55,141,F1,1,,,,,
2026-07-14,2026-07-14,CM,NSE,STK,19234,INE947Q01028,LAURUSLABS,EQ,,,,,LAURUS LABS LIMITED,1557.0,1573.5,1549.5,1560.7,1559.7,1558.6,,1560.7,,,1288969,2013763372.2,41065,F1,1,,,,,
2026-07-14,2026-07-14,CM,NSE,STK,6568,INE801V01019,LAXMICOT,EQ,,,,,LAXMI COTSPIN LIMITED,15.3,15.8,14.76,15.07,15.07,15.17,,15.07,,,9660,148422.77,109,F1,1,,,,,
2026-07-14,2026-07-14,CM,NSE,STK,29171,INE0WO601020,LAXMIDENTL,EQ,,,,,LAXMI DENTAL LIMITED,221.94,226.58,219.1,221.22,222.4,221.94,,221.21,,,70568,15742545.58,2800,F1,1,,,,,
2026-07-14,2026-07-14,CM,NSE,STK,19876,INE258Y01016,LGHL,EQ,,,,,LAXMI GOLDORNA HOUSE LTD,207.15,214.0,207.15,209.83,209.19,211.34,,209.83,,,20235,4270434.65,348,F1,1,,,,,
2026-07-14,2026-07-14,CM,NSE,STK,758865,INE06WU01026,LAXMIINDIA,BE,,,,,LAXMI INDIA FINANCE LTD,109.0,109.45,106.0,106.47,106.98,108.49,,106.48,,,23887,2553825.1,207,F1,1,,,,,
2026-07-14,2026-07-14,CM,NSE,STK,2841,INE576O01020,LXCHEM,EQ,,,,,LAXMI ORGANIC INDUS LTD,165.98,170.4,162.0,166.73,165.8,164.2,,166.76,,,2550259,424539707.88,25644,F1,1,,,,,
2026-07-14,2026-07-14,CM,NSE,STK,7529,INE938A01021,LCCINFOTEC,EQ,,,,,LCC INFOTECH LTD,4.43,4.55,4.3,4.32,4.44,4.45,,4.38,,,31964,141521.64,107,F1,1,,,,,
2026-07-14,2026-07-14,CM,NSE,STK,760300,INE0G1L01025,LEMERITE,EQ,,,,,LE MERITE EXPORTS LIMITED,22.25,23.36,22.25,22.9,23.1,22.92,,22.9,,,548242,12482653.91,1463,F1,1,,,,,
2026-07-14,2026-07-14,CM,NSE,STK,24067,INE0HV901016,IXIGO,EQ,,,,,LE TRAVENUES TECHNOLOGY L,209.4,211.78,206.09,206.93,207.0,210.43,,206.93,,,1019067,211811182.42,17977,F1,1,,,,,
2026-07-14,2026-07-14,CM,NSE,STK,14204,INE0H4B01011,LRRPL,SM,,,,,LEAD REC AND RUB PROD LTD,92.0,92.0,92.0,92.0,92.0,88.0,,92.0,,,1500,138000.0,1,F1,1500,,,,,
2026-07-14,2026-07-14,CM,NSE,STK,757014,INE0AQ201015,THELEELA,EQ,,,,,LEELA PALACES HOTEL LTD,500.0,500.95,488.05,493.6,498.0,501.2,,493.4,,,192342,94755551.8,10914,F1,1,,,,,
2026-07-14,2026-07-14,CM,NSE,STK,2606,INE970X01018,LEMONTREE,EQ,,,,,LEMON TREE HOTELS LTD,117.05,117.05,114.5,114.86,114.83,117.74,,114.86,,,2152404,248360087.37,28877,F1,1,,,,,
2026-07-14,2026-07-14,CM,NSE,STK,759605,INE956O01016,LENSKART,EQ,,,,,LENSKART SOLUTIONS LTD,535.0,548.0,533.15,537.9,537.5,539.15,,537.9,,,2570962,1383917074.15,75185,F1,1,,,,,
2026-07-14,2026-07-14,CM,NSE,STK,14459,INE500X01013,LEXUS,EQ,,,,,LEXUS GRANITO (INDIA) LTD,14.16,14.49,13.9,13.99,13.9,14.32,,13.99,,,9050,127720.37,62,F1,1,,,,,
2026-07-14,2026-07-14,CM,NSE,STK,18321,INE337A01034,LGBBROSLTD,EQ,,,,,LG BALAKRISHNAN & BROS,1584.3,1584.3,1529.0,1552.8,1553.3,1584.3,,1552.9,,,25490,39575992.8,3530,F1,1,,,,,
2026-07-14,2026-07-14,CM,NSE,STK,760213,INE324D01010,LGEINDIA,EQ,,,,,LG ELECTRONICS INDIA LTD,1536.0,1543.3,1520.2,1527.3,1523.6,1543.5,,1527.3,,,265580,407676306.5,22590,F1,1,,,,,
2026-07-14,2026-07-14,CM,NSE,STK,11082,INE908V01012,LIBAS,EQ,,,,,LIBAS CONSU PRODUCTS LTD,11.1,11.22,10.8,10.86,11.0,11.1,,10.86,,,13497,147670.84,90,F1,1,,,,,
2026-07-14,2026-07-14,CM,NSE,STK,1994,INE557B01019,LIBERTSHOE,EQ,,,,,LIBERTY SHOES LTD,265.95,267.5,262.1,265.05,266.0,267.6,,265.05,,,20403,5398997.7,700,F1,1,,,,,
2026-07-14,2026-07-14,CM,NSE,STK,1997,INE115A01026,LICHSGFIN,EQ,,,,,LIC HOUSING FINANCE LTD,549.5,553.7,543.35,549.6,549.4,551.9,,549.6,,,1622604,890878816.4,29290,F1,1,,,,,
2026-07-14,2026-07-14,CM,NSE,STK,25640,INF767K01SM1,LICMFGOLD,EQ,,,,,LIC MF - LIC GOLD ETF,127.45,127.45,126.15,126.7,126.8,127.8,,126.7,,,35733,4530280.1,446,F1,1,,,,,
2026-07-14,2026-07-14,CM,NSE,STK,11319,INF767K01OS7,LICNETFN50,EQ,,,,,LICNAMC - LICNFENGP,270.26,270.76,268.82,269.7,269.7,271.0,,269.7,,,489,131981.77,19,F1,1,,,,,
2026-07-14,2026-07-14,CM,NSE,STK,11441,INF767K01OT5,LICNETFSEN,EQ,,,,,LICNAMC - LICNFESGP,867.53,872.33,867.53,872.33,872.33,872.1,,872.33,,,2,1739.86,2,F1,1,,,,,
2026-07-14,2026-07-14,CM,NSE,STK,15229,INF767K01PC8,LICNFNHGP,EQ,,,,,LICNAMC - LICNFNHGP,276.23,276.23,275.41,275.41,275.41,276.47,,275.41,,,10,2758.93,7,F1,1,,,,,
2026-07-14,2026-07-14,CM,NSE,STK,6062,INF767K01MV5,LICNETFGSC,EQ,,,,,LICNAMC - LICNMFET,29.52,29.99,29.42,29.71,29.99,29.48,,29.71,,,8698,256937.15,71,F1,1,,,,,
2026-07-14,2026-07-14,CM,NSE,STK,22722,INF767K01RN1,LICNMID100,EQ,,,,,LICNAMC - LICNMID100,63.19,63.44,62.49,63.16,63.23,63.19,,63.06,,,10337,648266.42,78,F1,1,,,,,
2026-07-14,2026-07-14,CM,NSE,STK,9480,INE0J1Y01017,LICI,EQ,,,,,LIFE INSURA CORP OF INDIA,439.8,442.75,431.8,435.4,433.0,441.3,,435.35,,,3063959,1339963778.5,36562,F1,1,,,,,
2026-07-14,2026-07-14,CM,NSE,STK,578,INE060901027,LIKHITHA,EQ,,,,,LIKHITHA INFRASTRUC LTD,251.75,251.75,240.65,243.1,242.0,245.55,,243.05,,,38807,9488185.95,623,F1,1,,,,,
2026-07-14,2026-07-14,CM,NSE,STK,6951,INE802B01027,LINC,EQ,,,,,LINC LIMITED,112.99,113.19,108.35,108.72,108.36,113.73,,108.73,,,25225,2777695.84,726,F1,1,,,,,
2026-07-14,2026-07-14,CM,NSE,STK,11596,INE405C01035,LINCOLN,EQ,,,,,LINCOLN PHARMA LTD,605.05,609.9,602.4,606.95,605.35,610.45,,606.95,,,31646,19149867.45,947,F1,1,,,,,
2026-07-14,2026-07-14,CM,NSE,STK,1627,INE473A01011,LINDEINDIA,EQ,,,,,LINDE INDIA LIMITED,7113.5,7251.0,7060.5,7081.5,7090.0,7114.0,,7081.5,,,24453,174729957.5,8138,F1,1,,,,,
2026-07-14,2026-07-14,CM,NSE,STK,17801,INE093R01011,LLOYDSENGG,EQ,,,,,LLOYDS ENGG WORK LIMITED,90.5,90.56,87.21,87.63,88.1,90.82,,87.63,,,7359911,651329409.43,26579,F1,1,,,,,
2026-07-14,2026-07-14,CM,NSE,STK,25807,INE080I01025,LLOYDSENT,EQ,,,,,LLOYDS ENTERPRISES LTD,78.0,80.5,76.96,77.82,78.0,78.87,,77.82,,,12396021,979641068.21,29647,F1,1,,,,,
2026-07-14,2026-07-14,CM,NSE,STK,11476,INE0DTQ01028,LLOYDS,ST,,,,,LLOYDS LUXURIES LIMITED,71.5,71.5,71.05,71.05,71.05,71.05,,71.05,,,3000,213600.0,2,F1,1000,,,,,
2026-07-14,2026-07-14,CM,NSE,STK,17313,INE281B01032,LLOYDSME,EQ,,,,,LLOYDS METALS N ENERGY L,1824.0,1837.0,1800.1,1825.5,1830.0,1827.1,,1825.5,,,318736,581978694.6,14685,F1,1,,,,,
2026-07-14,2026-07-14,CM,NSE,STK,1979,INE269B01029,LMW,EQ,,,,,LMW LIMITED,16326.0,16326.0,16025.0,16122.0,16125.0,16326.0,,16122.0,,,1477,23840811.0,651,F1,1,,,,,
2026-07-14,2026-07-14,CM,NSE,STK,3220,INE670K01029,LODHA,EQ,,,,,LODHA DEVELOPERS LIMITED,1185.0,1188.85,1144.2,1147.25,1147.95,1198.65,,1148.0,,,2379703,2751707238.8,68635,F1,1,,,,,
2026-07-14,2026-07-14,CM,NSE,STK,13439,INE397H01017,LOKESHMACH,BE,,,,,LOKESH MACHINES LTD,317.3,317.3,317.3,317.3,317.3,323.75,,316.2,,,2903,921121.9,35,F1,1,,,,,
2026-07-14,2026-07-14,CM,NSE,STK,18232,INE846D01012,LORDSCHLO,EQ,,,,,LORDS CHLORO ALKALI LTD,137.23,139.89,135.49,137.75,139.33,135.4,,137.74,,,9674,1328190.72,464,F1,1,,,,,
2026-07-14,2026-07-14,CM,NSE,STK,14924,INE740X01023,LAL,EQ,,,,,LORENZINI APPARELS LTD,9.08,9.08,8.55,8.83,8.78,8.79,,8.83,,,116721,1048558.9,154,F1,1,,,,,
2026-07-14,2026-07-14,CM,NSE,STK,16807,INE947I01017,LOTUSEYE,EQ,,,,,LOTUS EYE HOSP & INST L,125.1,127.8,122.0,122.97,123.0,124.38,,122.96,,,9200,1141770.91,303,F1,1,,,,,
2026-07-14,2026-07-14,CM,NSE,STK,22415,INE597L01014,LOVABLE,EQ,,,,,LOVABLE LINGERIE LTD,78.0,78.24,75.65,76.63,76.0,78.3,,76.64,,,9674,743340.55,438,F1,1,,,,,
2026-07-14,2026-07-14,CM,NSE,STK,10590,INE970D01010,LOYALTEX,EQ,,,,,LOYAL TEXTILE MILLS LTD,210.0,210.0,197.0,197.15,197.01,210.0,,197.15,,,277,55980.12,25,F1,1,,,,,
2026-07-14,2026-07-14,CM,NSE,STK,13816,INE818H01020,LTFOODS,EQ,,,,,LT FOODS LIMITED,381.9,384.1,376.3,380.65,380.0,384.85,,380.65,,,440266,167331672.05,25896,F1,1,,,,,
2026-07-14,2026-07-14,CM,NSE,STK,17818,INE214T01019,LTM,EQ,,,,,LTM LIMITED,4128.4,4213.5,4050.1,4062.8,4060.5,4124.3,,4062.7,,,653945,2697919744.1,55247,F1,1,,,,,
2026-07-14,2026-07-14,CM,NSE,STK,14014,INE872H01027,LUMAXTECH,EQ,,,,,LUMAX AUTO TECH LTD,1468.0,1510.0,1428.0,1492.4,1478.5,1461.8,,1492.4,,,166683,245187750.2,18284,F1,1,,,,,
2026-07-14,2026-07-14,CM,NSE,STK,2018,INE162B01018,LUMAXIND,EQ,,,,,LUMAX INDUSTRIES LTD,5403.0,5429.0,5320.0,5376.0,5326.0,5403.0,,5376.0,,,5457,29359205.5,1583,F1,1,,,,,
2026-07-14,2026-07-14,CM,NSE,STK,10440,INE326A01037,LUPIN,EQ,,,,,LUPIN LIMITED,2495.0,2508.8,2465.4,2469.2,2475.0,2492.6,,2469.2,,,811541,2015221441.0,42477,F1,1,,,,,
2026-07-14,2026-07-14,CM,NSE,STK,11301,INE150G01020,LUXIND,EQ,,,,,LUX INDUSTRIES LIMITED,1309.0,1313.8,1286.2,1297.5,1297.0,1309.0,,1297.4,,,34053,44173729.2,2026,F1,1,,,,,
2026-07-14,2026-07-14,CM,NSE,STK,7248,INE933A01014,LYKALABS,BE,,,,,LYKA LABS LTD.,71.0,71.5,69.0,70.08,69.01,69.58,,70.07,,,5059,356172.53,63,F1,1,,,,,
2026-07-14,2026-07-14,CM,NSE,STK,758150,INE08N601015,MBEL,EQ,,,,,M AND B ENGINEERING LTD,339.0,339.95,328.0,330.8,330.45,337.7,,330.75,,,150438,50182738.9,8813,F1,1,,,,,
2026-07-14,2026-07-14,CM,NSE,STK,16736,INE964W01021,MKPL,EQ,,,,,M K PROTEINS LIMITED,4.56,4.63,4.45,4.52,4.53,4.6,,4.52,,,192561,868385.34,531,F1,1,,,,,
2026-07-14,2026-07-14,CM,NSE,STK,22360,INE813V01022,MCL,EQ,,,,,M TEK COPPER LIMITED,55.0,55.45,54.0,54.36,54.22,54.83,,54.36,,,13274,724445.99,652,F1,1,,,,,
2026-07-14,2026-07-14,CM,NSE,STK,13285,INE774D01024,M&MFIN,EQ,,,,,M&M FIN. SERVICES LTD,330.45,330.85,321.25,325.1,325.05,332.7,,325.1,,,1491337,484158717.3,32494,F1,1,,,,,
2026-07-14,2026-07-14,CM,NSE,STK,22976,INE0SGC01015,MVKAGRO,SM,,,,,M.V.K. AGRO FOOD PROD LTD,376.5,376.5,365.0,365.5,365.0,382.75,,365.5,,,3000,1105800.0,9,F1,300,,,,,
2026-07-14,2026-07-14,CM,NSE,STK,15017,INE215I01027,MAANALU,EQ,,,,,MAAN ALUMINIUM LIMITED,121.5,123.19,117.5,117.91,117.75,122.07,,117.96,,,94378,11254298.89,1336,F1,1,,,,,
2026-07-14,2026-07-14,CM,NSE,STK,762782,INE435D01014,MCCHRLS-B,EQ,,,,,MAC CHARLES (INDIA) LTD.,733.8,733.8,705.0,707.35,712.0,709.0,,708.4,,,5,3567.8,4,F1,1,,,,,
2026-07-14,2026-07-14,CM,NSE,STK,24545,INE0R0J01010,MACOBSTECH,SM,,,,,MACOBS TECHNOLOGIES LTD,231.0,231.0,231.0,231.0,231.0,219.6,,231.0,,,800,184800.0,1,F1,800,,,,,
2026-07-14,2026-07-14,CM,NSE,STK,22347,INE155Z01011,MACPOWER,EQ,,,,,MACPOWER CNC MACHINES LTD,1350.0,1380.0,1303.2,1326.3,1331.0,1347.0,,1326.3,,,11572,15342035.3,1517,F1,1,,,,,
2026-07-14,2026-07-14,CM,NSE,STK,762767,INE631R01026,MADHAVIPL,EQ,,,,,MADHAV INFRA PROJECTS L,8.5,8.5,8.16,8.41,8.43,8.42,,8.42,,,109098,908431.89,514,F1,1,,,,,
2026-07-14,2026-07-14,CM,NSE,STK,15151,INE925C01016,MADHAV,EQ,,,,,MADHAV MARBLE & GRANITE,36.5,36.5,35.11,35.54,35.5,35.22,,35.54,,,2722,96132.54,52,F1,1,,,,,
2026-07-14,2026-07-14,CM,NSE,STK,13668,INE378D01032,MADHUCON,BE,,,,,MADHUCON PROJECTS LTD.,5.8,6.08,5.65,5.82,5.72,5.8,,5.82,,,10753,62557.24,43,F1,1,,,,,
2026-07-14,2026-07-14,CM,NSE,STK,18738,INE0P6701019,MADHUSUDAN,ST,,,,,MADHUSUDAN MASALA LIMITED,257.0,257.0,239.9,239.9,239.9,252.5,,239.9,,,58000,14295100.0,52,F1,1000,,,,,
2026-07-14,2026-07-14,CM,NSE,STK,12686,INE900L01028,MBAPL,EQ,,,,,MADHYA BHARAT AGRO P. LTD,132.0,132.0,122.4,124.0,123.9,132.85,,124.0,,,1613245,204576990.85,20634,F1,1,,,,,
2026-07-14,2026-07-14,CM,NSE,STK,4911,INE414A01015,MADRASFERT,EQ,,,,,MADRAS FERTILISERS LTD,68.14,68.47,67.1,67.24,67.1,68.47,,67.24,,,42820,2888485.58,601,F1,1,,,,,
2026-07-14,2026-07-14,CM,NSE,STK,762772,INE270B01035,MAFATIND,EQ,,,,,MAFATLAL INDUSTRIES LTD.,135.0,137.04,134.6,135.0,134.6,136.84,,135.01,,,40283,5473137.15,584,F1,1,,,,,
2026-07-14,2026-07-14,CM,NSE,STK,21392,INE347W01011,MAGADSUGAR,EQ,,,,,MAGADH SUGAR & ENERGY LTD,521.0,525.5,515.55,520.05,520.5,517.9,,520.15,,,13168,6837548.7,889,F1,1,,,,,
2026-07-14,2026-07-14,CM,NSE,STK,29482,INE613C01026,MCLOUD,EQ,,,,,MAGELLANIC CLOUD LIMITED,29.36,29.6,28.5,28.81,28.9,29.61,,28.81,,,3224401,93551474.15,7721,F1,1,,,,,
2026-07-14,2026-07-14,CM,NSE,STK,14957,INE387I01016,MAGNUM,EQ,,,,,MAGNUM VENTURES LTD.,19.2,19.98,19.2,19.47,19.69,19.6,,19.47,,,2878,56093.09,68,F1,1,,,,,
2026-07-14,2026-07-14,CM,NSE,STK,17091,INE0O1S01012,MAGSON,ST,,,,,MAGSON RETAIL AND DIST L,179.0,181.0,179.0,181.0,181.0,182.0,,181.0,,,4000,720000.0,3,F1,1000,,,,,
2026-07-14,2026-07-14,CM,NSE,STK,5239,INE843B01013,MAHAPEXLTD,EQ,,,,,MAHA RASHTRA APEX COPR. L,45.45,46.5,44.0,45.03,45.4,44.19,,45.03,,,2821,126839.3,131,F1,1,,,,,
2026-07-14,2026-07-14,CM,NSE,STK,24937,INE0US801024,MFML,EQ,,,,,MAHALAXMI FABRIC MILLS LT,19.5,19.88,17.9,18.96,19.17,19.88,,18.97,,,9008,170559.23,230,F1,1,,,,,
2026-07-14,2026-07-14,CM,NSE,STK,7886,INE112D01035,MHLXMIRU,EQ,,,,,MAHALAXMI RUBTECH LIMITED,137.42,138.01,134.5,136.28,135.5,136.42,,136.19,,,11666,1586900.55,276,F1,1,,,,,
2026-07-14,2026-07-14,CM,NSE,STK,17527,INE451L01014,MAHASTEEL,EQ,,,,,MAHAMAYA STEEL INDS LTD,882.6,889.4,838.0,857.25,838.05,881.65,,857.0,,,7415,6384056.95,452,F1,1,,,,,
2026-07-14,2026-07-14,CM,NSE,STK,17534,INE002S01010,MGL,EQ,,,,,MAHANAGAR GAS LTD.,1104.9,1137.9,1096.5,1123.3,1119.0,1114.4,,1123.3,,,132508,148445121.3,10937,F1,1,,,,,
2026-07-14,2026-07-14,CM,NSE,STK,2294,INE153A01019,MTNL,EQ,,,,,MAHANAGAR TELEPHONE NIGAM,29.19,29.25,28.51,28.68,28.6,29.31,,28.66,,,613148,17718450.68,2927,F1,1,,,,,
2026-07-14,2026-07-14,CM,NSE,STK,2085,INE288A01013,MAHSCOOTER,EQ,,,,,MAHARASHTRA SCOOTERS LTD,13250.0,13250.0,13030.0,13060.0,13033.0,13250.0,,13060.0,,,764,10001956.0,479,F1,1,,,,,
2026-07-14,2026-07-14,CM,NSE,STK,2088,INE271B01025,MAHSEAMLES,EQ,,,,,MAHARASHTRA SEAMLESS LTD,588.1,596.6,585.9,589.1,590.0,591.85,,589.1,,,63817,37600266.0,4998,F1,1,,,,,
2026-07-14,2026-07-14,CM,NSE,STK,758688,INE632Q01018,MRIL,ST,,,,,MAHENDRA REALTO & INFRA L,70.0,70.0,68.85,69.4,70.0,70.0,,69.4,,,8000,556320.0,4,F1,1600,,,,,
2026-07-14,2026-07-14,CM,NSE,STK,9577,INE263W01010,MAHESHWARI,BE,,,,,MAHESHWARI LOGISTICS LTD.,72.64,74.0,72.64,73.0,73.0,73.0,,73.0,,,18301,1344198.82,51,F1,1,,,,,
2026-07-14,2026-07-14,CM,NSE,STK,2839,INE961Y01015,MAHICKRA,SM,,,,,MAHICKRA CHEMICAL LIMITED,249.9,249.9,238.1,248.75,248.75,240.0,,248.75,,,3000,739125.0,4,F1,750,,,,,
2026-07-14,2026-07-14,CM,NSE,STK,2031,INE101A01026,M&M,EQ,,,,,MAHINDRA & MAHINDRA LTD,3121.0,3130.0,3082.2,3093.3,3092.0,3160.4,,3093.3,,,2376410,7369384954.8,117253,F1,1,,,,,
2026-07-14,2026-07-14,CM,NSE,STK,17603,INE215D01010,MAHEPC,EQ,,,,,MAHINDRA EPC IRRIG LTD,120.5,124.0,118.05,123.0,122.5,120.73,,122.97,,,84552,10287766.34,1510,F1,1,,,,,
2026-07-14,2026-07-14,CM,NSE,STK,17333,INE998I01010,MHRIL,EQ,,,,,MAHINDRA HOLIDAYS LTD,231.52,232.0,224.71,225.44,227.4,231.68,,225.42,,,94044,21388737.0,3440,F1,1,,,,,
2026-07-14,2026-07-14,CM,NSE,STK,8050,INE813A01018,MAHLIFE,EQ,,,,,MAHINDRA LIFESPACE DEVLTD,379.95,380.8,371.0,372.4,373.6,378.6,,372.4,,,123267,46223153.05,7083,F1,1,,,,,
2026-07-14,2026-07-14,CM,NSE,STK,385,INE766P01016,MAHLOG,EQ,,,,,MAHINDRA LOGISTIC LIMITED,382.0,399.2,381.3,393.7,395.0,382.75,,393.7,,,238557,93941020.05,6408,F1,1,,,,,
2026-07-14,2026-07-14,CM,NSE,STK,24538,INE683C01011,MAITHANALL,EQ,,,,,MAITHAN ALLOYS LTD,1034.2,1038.0,1002.9,1007.1,1004.0,1034.8,,1007.1,,,36450,37007432.8,2108,F1,1,,,,,
2026-07-14,2026-07-14,CM,NSE,STK,19809,INE0PLQ01011,MAITREYA,SM,,,,,MAITREYA MEDICARE LIMITED,122.65,131.4,122.0,125.65,123.55,126.75,,125.65,,,6400,797240.0,16,F1,400,,,,,
2026-07-14,2026-07-14,CM,NSE,STK,762777,INE201B01022,MAJESAUT,EQ,,,,,MAJESTIC AUTO LTD.,363.95,390.0,358.0,367.8,370.8,357.75,,368.35,,,34588,12850661.25,873,F1,1,,,,,
2026-07-14,2026-07-14,CM,NSE,STK,11218,INE0CDK01019,MAKS,SM,,,,,MAKS ENERGY SOL INDIA LTD,20.8,20.9,20.8,20.9,20.9,21.85,,20.9,,,3000,62550.0,2,F1,1500,,,,,
2026-07-14,2026-07-14,CM,NSE,STK,7965,INE389C01015,MALLCOM,EQ,,,,,MALLCOM (INDIA) LIMITED,1108.0,1108.0,1060.0,1066.9,1070.0,1088.2,,1066.9,,,3326,3603150.7,468,F1,1,,,,,
2026-07-14,2026-07-14,CM,NSE,STK,13352,INE383H01017,MALUPAPER,EQ,,,,,MALU PAPER MILLS LIMITED,31.0,32.0,30.67,31.13,31.3,30.61,,31.13,,,12562,391284.95,63,F1,1,,,,,
2026-07-14,2026-07-14,CM,NSE,STK,28687,INE0TO701015,MAMATA,EQ,,,,,MAMATA MACHINERY LIMITED,383.0,388.8,379.2,380.45,380.1,387.7,,380.45,,,31241,11931052.4,1437,F1,1,,,,,
2026-07-14,2026-07-14,CM,NSE,STK,7413,INE830Q01018,MANAKCOAT,EQ,,,,,MAN COAT METAL & IND LTD,127.9,130.7,125.26,129.14,129.5,126.26,,129.14,,,2198213,280392021.71,12585,F1,1,,,,,
2026-07-14,2026-07-14,CM,NSE,STK,11884,INE993A01026,MANINDS,EQ,,,,,MAN INDUSTRIES (I) LTD.,563.05,563.05,550.1,556.1,555.5,562.45,,556.15,,,185739,103284325.3,4571,F1,1,,,,,
2026-07-14,2026-07-14,CM,NSE,STK,18226,INE949H01023,MANINFRA,EQ,,,,,MAN INFRA LTD,104.9,104.91,102.45,102.7,102.9,105.09,,102.69,,,782105,80770049.94,3627,F1,1,,,,,
2026-07-14,2026-07-14,CM,NSE,STK,7420,INE859Q01017,MANAKALUCO,EQ,,,,,MANAK ALUMINIUM CO. LTD.,37.6,41.9,36.21,36.56,36.51,37.32,,36.57,,,626585,24256306.42,2949,F1,1,,,,,
2026-07-14,2026-07-14,CM,NSE,STK,15199,INE015D01022,MANAKSIA,EQ,,,,,MANAKSIA LTD.,57.72,60.99,57.15,57.59,57.8,58.44,,57.58,,,45721,2691795.55,429,F1,1,,,,,
2026-07-14,2026-07-14,CM,NSE,STK,7482,INE824Q01011,MANAKSTEEL,BE,,,,,MANAKSIA STEELS LTD,79.4,79.4,74.95,75.02,75.07,77.23,,75.05,,,15344,1168416.47,81,F1,1,,,,,
2026-07-14,2026-07-14,CM,NSE,STK,13796,INE201A01024,MANALIPETC,EQ,,,,,MANALI PETROCHEMICALS LT,64.7,64.7,62.9,63.15,63.01,65.27,,63.15,,,185844,11870355.03,2136,F1,1,,,,,
2026-07-14,2026-07-14,CM,NSE,STK,19061,INE522D01027,MANAPPURAM,EQ,,,,,MANAPPURAM FINANCE LTD,325.55,331.8,322.75,328.1,327.35,331.75,,328.1,,,2265971,741074868.65,22426,F1,1,,,,,
2026-07-14,2026-07-14,CM,NSE,STK,759354,INE0U4H01011,MPEL,ST,,,,,MANAS POLYMER N ENERGIE L,39.75,40.05,38.95,40.0,40.05,41.0,,40.0,,,116800,4655520.0,7,F1,1600,,,,,
2026-07-14,2026-07-14,CM,NSE,STK,25597,INE939X01013,MANBA,EQ,,,,,MANBA FINANCE LIMITED,136.0,137.46,134.1,135.05,134.81,136.79,,135.05,,,82250,11142299.97,755,F1,1,,,,,
2026-07-14,2026-07-14,CM,NSE,STK,24823,INE545L01039,MANCREDIT,EQ,,,,,MANGAL CREDIT N FINCORP L,245.7,251.0,237.25,242.0,238.5,240.64,,242.0,,,331421,81324162.13,2406,F1,1,,,,,
2026-07-14,2026-07-14,CM,NSE,STK,758750,INE0PKD01011,MEIL,BE,,,,,MANGAL ELECTRICAL IND L,298.0,301.95,296.6,297.25,298.9,299.7,,297.2,,,9207,2740532.25,239,F1,1,,,,,
2026-07-14,2026-07-14,CM,NSE,STK,19134,INE00C401011,MAL,SM,,,,,MANGALAM ALLOYS LIMITED,32.05,32.6,31.8,31.8,31.8,31.1,,31.8,,,19200,617040.0,12,F1,1600,,,,,
2026-07-14,2026-07-14,CM,NSE,STK,2106,INE347A01017,MANGLMCEM,EQ,,,,,MANGALAM CEMENT LTD,962.2,974.9,954.1,962.5,957.7,965.4,,962.45,,,39656,38309555.05,1472,F1,1,,,,,
2026-07-14,2026-07-14,CM,NSE,STK,11817,INE584F01014,MANGALAM,EQ,,,,,MANGALAM DRUG & CHEM LTD,27.55,28.48,27.16,27.42,27.17,27.97,,27.51,,,22436,614448.63,175,F1,1,,,,,
2026-07-14,2026-07-14,CM,NSE,STK,1598,INE0APB01032,MGEL,BE,,,,,MANGALAM GLOBAL ENT LTD,17.19,17.19,16.02,16.51,16.24,16.86,,16.51,,,197898,3253556.97,290,F1,1,,,,,
2026-07-14,2026-07-14,CM,NSE,STK,6428,INE370D01013,MANORG,BE,,,,,MANGALAM ORGANICS LIMITED,515.55,528.5,515.55,521.4,525.0,528.4,,521.4,,,1716,894284.0,38,F1,1,,,,,
2026-07-14,2026-07-14,CM,NSE,STK,759169,INE0JYY01029,MWL,EQ,,,,,MANGALAM WORLDWIDE LTD,36.5,38.0,35.6,36.7,36.95,37.05,,36.7,,,2179458,80609267.7,4947,F1,1,,,,,
2026-07-14,2026-07-14,CM,NSE,STK,24629,INE0R3101011,MIEL,SM,,,,,MANGLAM INFRA & ENG LTD,12.75,12.75,12.75,12.75,12.75,13.1,,12.75,,,2000,25500.0,1,F1,2000,,,,,
2026-07-14,2026-07-14,CM,NSE,STK,760174,INE1ERK01013,MANILAM,SM,,,,,MANILAM INDUSTRIES IND L,54.0,54.4,54.0,54.4,54.4,53.3,,54.4,,,8000,434400.0,3,F1,2000,,,,,
2026-07-14,2026-07-14,CM,NSE,STK,15380,INE634S01028,MANKIND,EQ,,,,,MANKIND PHARMA LIMITED,2491.1,2545.3,2491.1,2531.1,2526.3,2507.5,,2531.1,,,247728,625087909.0,15837,F1,1,,,,,
2026-07-14,2026-07-14,CM,NSE,STK,19015,INE0KNT01012,MVGJL,EQ,,,,,MANOJ VAIBHAV GEM N JEW L,165.56,172.99,164.1,165.52,166.44,165.14,,165.56,,,121422,20401641.1,3374,F1,1,,,,,
2026-07-14,2026-07-14,CM,NSE,STK,13753,INE784W01015,MANOMAY,EQ,,,,,MANOMAY TEX INDIA LTD,179.89,179.89,171.55,173.2,171.55,175.28,,173.46,,,4945,865381.45,424,F1,1,,,,,
2026-07-14,2026-07-14,CM,NSE,STK,10227,INE00VM01036,MANORAMA,EQ,,,,,MANORAMA INDUSTRIES LTD,1627.3,1641.7,1573.3,1577.6,1580.0,1627.3,,1577.6,,,206151,331948669.2,11630,F1,1,,,,,
2026-07-14,2026-07-14,CM,NSE,STK,13575,INE867A01022,MANUGRAPH,BE,,,,,MANUGRAPH INDIA LIMITED,14.98,14.98,14.35,14.49,14.43,14.88,,14.49,,,4289,62415.4,23,F1,1,,,,,
2026-07-14,2026-07-14,CM,NSE,STK,7040,INE882A01013,MARALOVER,BE,,,,,MARAL OVERSEAS LTD,54.16,54.7,53.05,54.54,54.5,53.63,,54.54,,,3864,209521.89,44,F1,1,,,,,
2026-07-14,2026-07-14,CM,NSE,STK,18659,INE182D01020,MARATHON,EQ,,,,,MARATHON NXTGEN REALT LTD,410.1,411.45,392.65,395.65,394.0,412.15,,395.65,,,53507,21349452.2,2210,F1,1,,,,,
2026-07-14,2026-07-14,CM,NSE,STK,760456,INE0TD401015,MARC,ST,,,,,MARC TECHNOCRATS LIMITED,87.65,92.0,87.65,92.0,92.0,92.25,,92.0,,,9600,859140.0,7,F1,1200,,,,,
2026-07-14,2026-07-14,CM,NSE,STK,4067,INE196A01026,MARICO,EQ,,,,,MARICO LIMITED,842.55,850.95,841.45,848.25,846.5,846.75,,848.25,,,1441052,1221947390.1,68064,F1,1,,,,,
2026-07-14,2026-07-14,CM,NSE,STK,1328,INE01JE01028,MARINE,EQ,,,,,MARINE ELECTRICAL (I) LTD,250.9,261.3,244.1,255.2,254.6,252.95,,255.2,,,804704,203176981.95,16171,F1,1,,,,,
2026-07-14,2026-07-14,CM,NSE,STK,760204,INE0FW001016,MARKOLINES,EQ,,,,,MARKOLINES PAVEMENT TEC L,169.5,171.6,167.65,168.21,168.32,169.02,,168.21,,,336564,57195880.1,2922,F1,1,,,,,
2026-07-14,2026-07-14,CM,NSE,STK,10579,INE750C01026,MARKSANS,EQ,,,,,MARKSANS PHARMA LIMITED,268.95,275.3,267.7,270.95,270.95,269.3,,270.95,,,1442959,392585483.55,23188,F1,1,,,,,
2026-07-14,2026-07-14,CM,NSE,STK,761386,INE415B01044,MARSONS,EQ,,,,,MARSONS LIMITED,119.39,119.84,111.99,113.19,113.89,119.51,,113.2,,,937208,108927449.25,9060,F1,1,,,,,
2026-07-14,2026-07-14,CM,NSE,STK,761042,INE0X7G01013,MARUSHIKA,SM,,,,,MARUSHIKA TECHNOLOGY LTD,88.6,88.6,88.5,88.5,88.5,88.75,,88.5,,,2400,212520.0,2,F1,1200,,,,,
2026-07-14,2026-07-14,CM,NSE,STK,10999,INE585B01010,MARUTI,EQ,,,,,MARUTI SUZUKI INDIA LTD.,13619.0,13690.0,13470.0,13489.0,13480.0,13695.0,,13490.0,,,368645,4988488791.0,59969,F1,1,,,,,
2026-07-14,2026-07-14,CM,NSE,STK,2133,INE575Z01010,MDL,ST,,,,,MARVEL DECOR LIMITED,70.5,72.0,70.0,70.8,70.05,69.85,,70.8,,,44000,3103550.0,21,F1,1000,,,,,
2026-07-14,2026-07-14,CM,NSE,STK,199,INE348L01012,MASFIN,EQ,,,,,MAS FINANCIAL SERV LTD,330.55,332.95,316.4,318.55,320.2,330.55,,318.55,,,82271,26395643.45,5229,F1,1,,,,,
2026-07-14,2026-07-14,CM,NSE,STK,18731,INE885F01015,MASKINVEST,BE,,,,,MASK INVESTMENTS LIMITED,155.0,155.0,147.25,155.0,155.0,155.0,,155.0,,,145,21435.37,7,F1,1,,,,,
2026-07-14,2026-07-14,CM,NSE,STK,24278,INE0SH001010,MASON,SM,,,,,MASON INFRATECH LIMITED,129.95,130.0,124.1,124.65,124.1,129.05,,124.65,,,15000,1900275.0,28,F1,500,,,,,
2026-07-14,2026-07-14,CM,NSE,STK,2124,INE759A01021,MASTEK,EQ,,,,,MASTEK LTD,1758.0,1759.3,1706.6,1719.5,1722.2,1749.8,,1719.6,,,66615,115048036.1,10379,F1,1,,,,,
2026-07-14,2026-07-14,CM,NSE,STK,19011,INE0OJM01017,MASTER,SM,,,,,MASTER COMPONENTS LIMITED,410.3,434.0,410.3,434.0,434.0,419.3,,434.0,,,1000,422150.0,2,F1,500,,,,,
2026-07-14,2026-07-14,CM,NSE,STK,27047,INE677D01037,MASTERTR,EQ,,,,,MASTER TRUST LIMITED,91.6,94.97,89.78,93.07,93.0,91.82,,93.07,,,1383616,127872236.91,7352,F1,1,,,,,
2026-07-14,2026-07-14,CM,NSE,STK,21726,INE866R01028,MATRIMONY,EQ,,,,,MATRIMONY.COM LIMITED,431.4,435.15,425.75,426.45,427.0,430.6,,426.45,,,9730,4158806.4,438,F1,1,,,,,
2026-07-14,2026-07-14,CM,NSE,STK,759945,INE132901013,MGSL,SM,,,,,MATRIX GEO SOLUTIONS LTD,64.0,64.0,61.5,61.5,61.5,65.05,,61.5,,,9600,605400.0,8,F1,1200,,,,,
2026-07-14,2026-07-14,CM,NSE,STK,17026,INE636A01039,MAWANASUG,BE,,,,,MAWANA SUGARS LIMITED,114.4,115.5,112.15,114.59,113.21,112.15,,114.59,,,89681,10209059.41,389,F1,1,,,,,
2026-07-14,2026-07-14,CM,NSE,STK,19646,INE03EI01018,MAXESTATES,EQ,,,,,MAX ESTATES LIMITED,446.0,446.0,424.4,431.3,432.5,445.05,,431.3,,,105689,45505864.5,3200,F1,1,,,,,
2026-07-14,2026-07-14,CM,NSE,STK,2142,INE180A01020,MFSL,EQ,,,,,MAX FINANCIAL SERV LTD,1625.0,1625.0,1588.5,1611.6,1613.9,1631.8,,1611.6,,,559352,896001297.4,49595,F1,1,,,,,
2026-07-14,2026-07-14,CM,NSE,STK,22377,INE027H01010,MAXHEALTH,EQ,,,,,MAX HEALTHCARE INS LTD,1096.5,1120.7,1089.0,1092.9,1090.1,1106.2,,1092.9,,,2223510,2449620436.3,64879,F1,1,,,,,
2026-07-14,2026-07-14,CM,NSE,STK,22428,INE0CG601016,MAXIND,EQ,,,,,MAX INDIA LIMITED,165.0,169.78,161.0,161.6,162.0,167.44,,161.6,,,31463,5140160.02,777,F1,1,,,,,
2026-07-14,2026-07-14,CM,NSE,STK,29657,INE10A501018,MAXVOLT,ST,,,,,MAXVOLT ENERGY INDUS L,368.7,380.15,362.1,379.45,377.05,362.05,,379.45,,,66000,24821280.0,147,F1,400,,,,,
2026-07-14,2026-07-14,CM,NSE,STK,28906,INE040D01038,MAYURUNIQ,EQ,,,,,MAYUR UNIQUOTERS LTD,861.95,869.0,814.05,818.8,821.8,855.15,,818.8,,,76813,63679898.15,5129,F1,1,,,,,
2026-07-14,2026-07-14,CM,NSE,STK,509,INE249Z01020,MAZDOCK,EQ,,,,,MAZAGON DOCK SHIPBUIL LTD,2378.1,2388.0,2351.1,2359.9,2360.0,2402.6,,2359.9,,,701588,1657801283.2,35090,F1,1,,,,,
2026-07-14,2026-07-14,CM,NSE,STK,18870,INE885E01042,MAZDA,BE,,,,,MAZDA LIMITED,243.85,244.8,231.1,233.81,236.0,239.77,,233.82,,,13921,3275491.03,205,F1,1,,,,,
2026-07-14,2026-07-14,CM,NSE,STK,18033,INE912H01013,MBLINFRA,BE,,,,,MBL INFRASTRUCTURE LTD,25.01,26.23,25.01,25.52,25.5,25.67,,25.52,,,52740,1337689.9,83,F1,1,,,,,
2026-07-14,2026-07-14,CM,NSE,STK,11944,INE942G01012,MCLEODRUSS,BE,,,,,MCLEOD RUSSEL INDIA LTD.,57.24,57.24,54.5,55.13,55.7,57.24,,55.17,,,157547,8698987.74,522,F1,1,,,,,
2026-07-14,2026-07-14,CM,NSE,STK,14574,INE0O4M01019,MCON,SM,,,,,MCON RASAYAN INDIA LTD,44.1,44.1,41.95,41.95,41.95,44.1,,41.95,,,8000,342250.0,8,F1,1000,,,,,
2026-07-14,2026-07-14,CM,NSE,STK,21705,INE456Z01021,MEDIASSIST,EQ,,,,,MEDI ASSIST HEALTH SER L,365.55,368.2,356.1,359.25,359.25,365.55,,359.2,,,55915,20139170.15,1934,F1,1,,,,,
2026-07-14,2026-07-14,CM,NSE,STK,762805,INE200D01020,MMWL,BE,,,,,MEDIA MATRIX WORLDWIDE L,13.26,13.55,13.26,13.26,13.26,13.24,,13.26,,,5484,72993.53,16,F1,1,,,,,
2026-07-14,2026-07-14,CM,NSE,STK,6278,INE646B01010,MEDICAMEQ,EQ,,,,,MEDICAMEN BIOTECH LIMITED,238.1,239.05,230.1,233.1,233.0,237.65,,233.1,,,9677,2263156.7,420,F1,1,,,,,
2026-07-14,2026-07-14,CM,NSE,STK,24239,INE0PE401018,MEDIORG,SM,,,,,MEDICAMEN ORGANICS LTD,23.5,23.5,23.35,23.35,23.35,23.35,,23.35,,,12000,281100.0,3,F1,2000,,,,,
2026-07-14,2026-07-14,CM,NSE,STK,9667,INE630Y01024,MEDICO,EQ,,,,,MEDICO REMEDIES LIMITED,39.49,39.74,38.73,38.82,39.0,39.17,,38.82,,,30966,1205734.37,296,F1,1,,,,,
2026-07-14,2026-07-14,CM,NSE,STK,758423,INE0UOY01019,MEDISTEP,SM,,,,,MEDISTEP HEALTHCARE LTD,19.0,19.0,19.0,19.0,19.0,18.5,,19.0,,,6000,114000.0,2,F1,3000,,,,,
2026-07-14,2026-07-14,CM,NSE,STK,7254,INE804L01022,MEDPLUS,EQ,,,,,MEDPLUS HEALTH SERV LTD,816.0,822.55,810.3,814.3,810.3,821.75,,814.3,,,41780,34067142.9,6520,F1,1,,,,,
2026-07-14,2026-07-14,CM,NSE,STK,760229,INE0VDM01015,MEESHO,EQ,,,,,MEESHO LIMITED,189.75,190.88,187.55,188.81,188.24,189.76,,188.84,,,4514736,853238336.53,43650,F1,1,,,,,
2026-07-14,2026-07-14,CM,NSE,STK,10971,INE0G1D01014,MEGAFLEX,SM,,,,,MEGA FLEX PLASTICS LTD,99.75,99.75,99.75,99.75,99.75,105.0,,99.75,,,1000,99750.0,1,F1,1000,,,,,
2026-07-14,2026-07-14,CM,NSE,STK,8153,INE00EM01016,MEGASTAR,EQ,,,,,MEGASTAR FOODS LIMITED,367.4,372.95,356.6,368.0,370.0,366.45,,368.05,,,29629,10853255.6,859,F1,1,,,,,
2026-07-14,2026-07-14,CM,NSE,STK,22560,INE531R01010,MEGATHERM,SM,,,,,MEGATHERM INDUCTION LTD,229.55,229.55,217.1,220.2,219.5,225.65,,220.2,,,12400,2745420.0,28,F1,400,,,,,
2026-07-14,2026-07-14,CM,NSE,STK,5394,INE0CT101020,MOL,EQ,,,,,MEGHMANI ORGANICS LIMITED,49.01,49.49,46.85,47.02,47.08,48.8,,47.03,,,694041,32918934.17,3011,F1,1,,,,,
2026-07-14,2026-07-14,CM,NSE,STK,6971,INE071D01033,MENONBE,BE,,,,,MENON BEARINGS LIMITED,179.6,181.0,172.0,178.67,177.05,179.6,,178.75,,,36083,6405796.56,373,F1,1,,,,,
2026-07-14,2026-07-14,CM,NSE,STK,762787,INE650G01029,MENNPIS,EQ,,,,,MENON PISTONS LTD.,74.31,74.31,71.0,71.58,73.0,73.94,,71.57,,,52896,3812044.19,957,F1,1,,,,,
2026-07-14,2026-07-14,CM,NSE,STK,25882,INE776I01010,MEP,BZ,,,,,MEP INFRA. DEVELOPERS LTD,0.64,0.64,0.62,0.62,0.62,0.63,,0.62,,,198410,123300.71,83,F1,1,,,,,
2026-07-14,2026-07-14,CM,NSE,STK,762792,INE689O01013,MERCANTILE,EQ,,,,,MERCANTILE VENTURES LTD.,25.7,25.9,24.5,24.56,25.55,25.07,,24.75,,,3651,91504.49,45,F1,1,,,,,
2026-07-14,2026-07-14,CM,NSE,STK,763665,INE763M01028,MERCURYEV,BE,,,,,MERCURY EV-TECH LIMITED,35.05,37.3,34.75,36.54,36.75,35.93,,36.5,,,150225,5428473.87,477,F1,1,,,,,
2026-07-14,2026-07-14,CM,NSE,STK,7242,INE317I01021,METROBRAND,EQ,,,,,METRO BRANDS LIMITED,1071.3,1076.5,1046.0,1050.6,1055.8,1072.6,,1050.6,,,10927,11540071.2,2490,F1,1,,,,,
2026-07-14,2026-07-14,CM,NSE,STK,762797,INE085D01033,METROGLOBL,EQ,,,,,METROGLOBAL LTD.,132.2,134.5,130.15,132.87,130.15,135.09,,131.93,,,2198,291813.33,91,F1,1,,,,,
2026-07-14,2026-07-14,CM,NSE,STK,9581,INE112L01020,METROPOLIS,EQ,,,,,METROPOLIS HEALTHCARE LTD,564.0,564.7,551.15,559.2,557.0,564.7,,559.2,,,165976,92910013.95,15860,F1,1,,,,,
2026-07-14,2026-07-14,CM,NSE,STK,7165,INE287C01037,MICEL,BE,,,,,MIC ELECTRONICS LTD,37.75,37.99,37.15,37.46,37.9,37.48,,37.45,,,268972,10057998.96,1161,F1,1,,,,,
2026-07-14,2026-07-14,CM,NSE,STK,19887,INE0PZK01014,MICROPRO,SM,,,,,MICROPRO SOFTWARE SOL L,19.5,19.5,19.2,19.2,19.2,18.8,,19.2,,,3200,61920.0,2,F1,1600,,,,,
2026-07-14,2026-07-14,CM,NSE,STK,759517,INE0XAD01024,MIDWESTLTD,EQ,,,,,MIDWEST LIMITED,1311.3,1324.9,1295.0,1302.8,1301.9,1324.8,,1302.7,,,10242,13407719.0,1055,F1,1,,,,,
2026-07-14,2026-07-14,CM,NSE,STK,159,INE376Y01016,MILTON,SM,,,,,MILTON INDUSTRIES LIMITED,39.95,39.95,36.15,36.95,36.95,38.05,,36.95,,,8800,334400.0,4,F1,2200,,,,,
2026-07-14,2026-07-14,CM,NSE,STK,25897,INE842C01021,MINDACORP,EQ,,,,,MINDA CORPORATION LTD,697.0,697.15,669.9,674.65,677.4,704.35,,674.65,,,356044,241624465.5,20801,F1,1,,,,,
2026-07-14,2026-07-14,CM,NSE,STK,22308,INE0CCU25019,MINDSPACE,RR,,,,,MINDSPACE BUSINESS P REIT,490.0,493.0,489.2,491.59,491.8,488.97,,491.59,,,103087,50630816.6,4847,F1,1,,,,,
2026-07-14,2026-07-14,CM,NSE,STK,18049,INE110B01017,MINDTECK,EQ,,,,,MINDTECK (INDIA) LIMITED,209.0,211.07,205.21,205.88,205.5,209.81,,205.89,,,70821,14647659.74,1672,F1,1,,,,,
2026-07-14,2026-07-14,CM,NSE,STK,19640,INF769K01KU7,ALPHAETF,EQ,,,,,MIRAEAMC - ALPHAETF,26.07,26.36,26.07,26.3,26.33,26.36,,26.3,,,292617,7680184.5,701,F1,1,,,,,
2026-07-14,2026-07-14,CM,NSE,STK,17419,INF769K01KR3,BANKETF,EQ,,,,,MIRAEAMC - BANKETF,607.14,607.14,584.0,585.4,585.4,592.34,,585.4,,,7206,4223072.11,315,F1,1,,,,,
2026-07-14,2026-07-14,CM,NSE,STK,25725,INF769K01LZ4,BANKPSU,EQ,,,,,MIRAEAMC - BANKPSU,85.25,85.25,83.66,83.81,83.75,85.4,,83.81,,,6220,522332.88,184,F1,1,,,,,
2026-07-14,2026-07-14,CM,NSE,STK,28969,INF769K01NS5,CONSUMER,EQ,,,,,MIRAEAMC - CONSUMER,11.75,11.77,11.66,11.7,11.69,11.82,,11.7,,,892679,10448868.59,902,F1,1,,,,,
2026-07-14,2026-07-14,CM,NSE,STK,761046,INF769K01QC2,DEFENCE,EQ,,,,,MIRAEAMC - DEFENCE,79.44,79.44,77.11,77.87,77.77,78.54,,77.87,,,272945,21230091.04,896,F1,1,,,,,
2026-07-14,2026-07-14,CM,NSE,STK,760412,INF769K01PY8,DIVIDEND,EQ,,,,,MIRAEAMC - DIVIDEND,35.13,35.25,34.96,35.04,35.03,35.2,,35.04,,,9719,340591.25,71,F1,1,,,,,
2026-07-14,2026-07-14,CM,NSE,STK,759780,INF769K01PR2,ENERGY,EQ,,,,,MIRAEAMC - ENERGY,39.32,39.44,39.17,39.34,39.41,39.31,,39.33,,,110689,4351788.38,661,F1,1,,,,,
2026-07-14,2026-07-14,CM,NSE,STK,30121,INF769K01OA1,EQUAL200,EQ,,,,,MIRAEAMC - EQUAL200,13.75,13.77,13.68,13.74,13.74,13.8,,13.74,,,11059,151680.08,42,F1,1,,,,,
2026-07-14,2026-07-14,CM,NSE,STK,757142,INF769K01OO2,EQUAL50,EQ,,,,,MIRAEAMC - EQUAL50,330.77,330.84,328.42,329.06,329.01,331.56,,329.06,,,6161,2030904.94,39,F1,1,,,,,
2026-07-14,2026-07-14,CM,NSE,STK,24461,INF769K01LQ3,EVINDIA,EQ,,,,,MIRAEAMC - EVINDIA,32.23,32.23,31.05,31.13,31.1,31.45,,31.13,,,448914,13973697.42,1973,F1,1,,,,,
2026-07-14,2026-07-14,CM,NSE,STK,760986,INF769K01QA6,HEALTHCARE,EQ,,,,,MIRAEAMC - HEALTHCARE,21.17,21.37,21.13,21.27,21.3,21.16,,21.27,,,46241,984273.93,195,F1,1,,,,,
2026-07-14,2026-07-14,CM,NSE,STK,761030,INF769K01QB4,INFRA,EQ,,,,,MIRAEAMC - INFRA,12.25,12.3,12.2,12.25,12.3,12.29,,12.25,,,16819,205726.24,159,F1,1,,,,,
2026-07-14,2026-07-14,CM,NSE,STK,758595,INF769K01PB6,INTERNET,EQ,,,,,MIRAEAMC - INTERNET,13.6,13.6,13.4,13.44,13.45,13.54,,13.44,,,109569,1470056.93,165,F1,1,,,,,
2026-07-14,2026-07-14,CM,NSE,STK,19633,INF769K01KV5,ITETF,EQ,,,,,MIRAEAMC - ITETF,30.69,30.95,30.29,30.32,30.38,30.66,,30.32,,,567687,17365912.51,987,F1,1,,,,,
2026-07-14,2026-07-14,CM,NSE,STK,17572,INF769K01KS1,LIQUID,EQ,,,,,MIRAEAMC - LIQUID,1000.0,1000.0,999.99,999.99,1000.0,999.99,,999.99,,,325312,325311843.69,206,F1,1,,,,,
2026-07-14,2026-07-14,CM,NSE,STK,27075,INF769K01MY5,LIQUIDPLUS,EQ,,,,,MIRAEAMC - LIQUIDPLUS,1094.25,1094.27,1094.25,1094.25,1094.25,1094.11,,1094.25,,,92383,101090352.06,225,F1,1,,,,,
2026-07-14,2026-07-14,CM,NSE,STK,1200,INF769K01GS9,ESG,EQ,,,,,MIRAEAMC - MAESGETF,42.04,42.35,41.37,41.43,41.52,41.65,,41.43,,,122151,5061523.04,89,F1,1,,,,,
2026-07-14,2026-07-14,CM,NSE,STK,3507,INF769K01HF4,MAFANG,EQ,,,,,MIRAEAMC - MAFANG,197.11,197.11,196.8,197.11,197.11,196.58,,197.11,,,652097,128517566.63,9560,F1,1,,,,,
2026-07-14,2026-07-14,CM,NSE,STK,5220,INF769K01HI8,BFSI,EQ,,,,,MIRAEAMC - MAFSETF,27.75,27.75,27.51,27.57,27.58,27.84,,27.57,,,236453,6523685.82,923,F1,1,,,,,
2026-07-14,2026-07-14,CM,NSE,STK,14286,INF769K01JP9,GOLDETF,EQ,,,,,MIRAEAMC - MAGOLDETF,136.45,137.02,136.03,136.59,136.62,137.7,,136.59,,,888739,121417751.12,4524,F1,1,,,,,
2026-07-14,2026-07-14,CM,NSE,STK,14938,INF769K01KF8,GSEC10YEAR,EQ,,,,,MIRAEAMC - MAGS813ETF,30.39,30.59,30.3,30.3,30.3,30.42,,30.3,,,5184,157533.93,16,F1,1,,,,,
2026-07-14,2026-07-14,CM,NSE,STK,7074,INF769K01HS7,MAHKTECH,EQ,,,,,MIRAEAMC - MAHKTECH,23.13,23.13,22.9,23.11,23.13,23.11,,23.11,,,861248,19894354.28,4531,F1,1,,,,,
2026-07-14,2026-07-14,CM,NSE,STK,8413,INF769K01IC9,MIDCAPETF,EQ,,,,,MIRAEAMC - MAM150ETF,24.22,24.22,23.49,23.53,23.54,23.63,,23.53,,,1232102,29009804.23,4540,F1,1,,,,,
2026-07-14,2026-07-14,CM,NSE,STK,7979,INF769K01IB1,MAKEINDIA,EQ,,,,,MIRAEAMC - MAMFGETF,157.4,161.7,157.4,161.27,161.33,161.44,,161.27,,,18963,3057598.27,284,F1,1,,,,,
2026-07-14,2026-07-14,CM,NSE,STK,6353,INF769K01EG9,NIFTYETF,EQ,,,,,MIRAEAMC - MAN50ETF,262.82,262.82,260.53,261.49,261.18,262.82,,261.49,,,152572,39903837.25,886,F1,1,,,,,
2026-07-14,2026-07-14,CM,NSE,STK,14786,INF769K01JU9,LOWVOL,EQ,,,,,MIRAEAMC - MANV30F,206.46,206.46,205.13,205.2,205.2,205.75,,205.2,,,40,8230.47,6,F1,1,,,,,
2026-07-14,2026-07-14,CM,NSE,STK,17181,INF769K01FN2,NEXT50,EQ,,,,,MIRAEAMC - MANXT50,741.56,741.95,737.34,740.39,741.2,743.98,,740.32,,,15589,11528297.92,825,F1,1,,,,,
2026-07-14,2026-07-14,CM,NSE,STK,16777,INF769K01KG6,SILVERAG,EQ,,,,,MIRAEAMC - MASILVER,212.5,212.51,209.54,211.56,211.69,211.24,,211.56,,,330555,69832574.08,2577,F1,1,,,,,
2026-07-14,2026-07-14,CM,NSE,STK,5782,INF769K01HP3,MASPTOP50,EQ,,,,,MIRAEAMC - MASPTOP50,79.52,79.53,79.26,79.53,79.53,79.11,,79.53,,,368026,29265737.41,3655,F1,1,,,,,
2026-07-14,2026-07-14,CM,NSE,STK,25744,INF769K01LY7,METAL,EQ,,,,,MIRAEAMC - METAL,12.99,13.04,12.71,12.82,12.8,12.73,,12.82,,,2399630,30735363.5,3282,F1,1,,,,,
2026-07-14,2026-07-14,CM,NSE,STK,23855,INF769K01LJ8,MIDSMALL,EQ,,,,,MIRAEAMC - MIDSMALL,50.61,51.06,50.57,50.68,50.83,51.0,,50.68,,,255726,12968515.89,957,F1,1,,,,,
2026-07-14,2026-07-14,CM,NSE,STK,25080,INF769K01LX9,MULTICAP,EQ,,,,,MIRAEAMC - MULTICAP,17.03,17.03,16.6,16.61,16.64,16.7,,16.61,,,151529,2520024.84,411,F1,1,,,,,
2026-07-14,2026-07-14,CM,NSE,STK,30109,INF769K01ON4,SELECTIPO,EQ,,,,,MIRAEAMC - SELECTIPO,47.14,47.14,46.42,46.47,46.53,47.0,,46.47,,,83712,3897273.71,136,F1,1,,,,,
2026-07-14,2026-07-14,CM,NSE,STK,19224,INF769K01KT9,SENSEXETF,EQ,,,,,MIRAEAMC - SENSEXETF,79.55,79.81,79.3,79.46,79.4,79.85,,79.46,,,22423,1782256.7,294,F1,1,,,,,
2026-07-14,2026-07-14,CM,NSE,STK,759814,INF769K01PQ4,SMALL250,EQ,,,,,MIRAEAMC - SMALL250,18.66,18.66,17.96,17.99,18.02,18.21,,17.99,,,544631,9811355.06,1993,F1,1,,,,,
2026-07-14,2026-07-14,CM,NSE,STK,22832,INF769K01LC3,SMALLCAP,EQ,,,,,MIRAEAMC - SMALLCAP,47.68,47.68,46.93,47.05,47.16,47.56,,47.04,,,2426236,114185007.6,3928,F1,1,,,,,
2026-07-14,2026-07-14,CM,NSE,STK,760415,INF769K01PZ5,TOP20,EQ,,,,,MIRAEAMC - TOP20,8.81,8.99,8.72,8.72,8.73,8.81,,8.72,,,76549,669346.94,149,F1,1,,,,,
2026-07-14,2026-07-14,CM,NSE,STK,761511,INF769K01QV2,VALUE,EQ,,,,,MIRAEAMC - VALUE,16.38,16.38,16.04,16.08,16.08,16.19,,16.08,,,21099,339278.29,168,F1,1,,,,,
2026-07-14,2026-07-14,CM,NSE,STK,4394,INE771A01026,MIRZAINT,EQ,,,,,MIRZA INTERNATIONAL LIMIT,38.0,39.0,37.31,37.61,37.9,37.9,,37.64,,,452834,17220225.08,1646,F1,1,,,,,
2026-07-14,2026-07-14,CM,NSE,STK,2463,INE099Z01011,MIDHANI,EQ,,,,,MISHRA DHATU NIGAM LTD,410.0,424.6,406.6,416.7,418.8,412.35,,416.7,,,755807,315204360.95,19444,F1,1,,,,,
2026-07-14,2026-07-14,CM,NSE,STK,8475,INE828O01033,MITCON,BE,,,,,MITCON CON & ENG SER LTD,75.0,77.76,75.0,75.19,75.0,78.0,,75.19,,,913,70227.22,16,F1,1,,,,,
2026-07-14,2026-07-14,CM,NSE,STK,18562,INE997Y01027,MITTAL,EQ,,,,,MITTAL LIFE STYLE LIMITED,0.93,0.94,0.9,0.93,0.93,0.92,,0.93,,,461052,423898.36,237,F1,1,,,,,
2026-07-14,2026-07-14,CM,NSE,STK,13844,INE227C01017,MMFL,EQ,,,,,MM FORGINGS LTD,523.0,534.0,511.05,516.3,516.0,516.4,,516.3,,,136997,71538736.45,6840,F1,1,,,,,
2026-07-14,2026-07-14,CM,NSE,STK,16395,INE511Y01018,MMP,EQ,,,,,MMP INDUSTRIES LIMITED,282.85,285.45,279.1,281.0,280.5,281.7,,281.0,,,20980,5928294.95,973,F1,1,,,,,
2026-07-14,2026-07-14,CM,NSE,STK,17957,INE123F01029,MMTC,EQ,,,,,MMTC LIMITED,64.55,64.8,63.95,64.19,64.09,64.95,,64.19,,,1217455,78295939.39,7028,F1,1,,,,,
2026-07-14,2026-07-14,CM,NSE,STK,760199,INE1YNB01019,MOBILISE,ST,,,,,MOBILISE APP LAB LIMITED,110.0,117.8,110.0,117.65,117.8,112.2,,117.65,,,27200,3159440.0,10,F1,1600,,,,,
2026-07-14,2026-07-14,CM,NSE,STK,2241,INE794W01014,MODTHREAD,EQ,,,,,MODERN THREADS INDIA LTD,46.31,50.0,45.01,48.08,45.01,47.5,,48.08,,,1816,85666.95,40,F1,1,,,,,
2026-07-14,2026-07-14,CM,NSE,STK,760280,INE537F01012,MODINATUR,BE,,,,,MODI NATURALS LIMITED,404.0,416.85,397.05,412.15,416.85,404.65,,412.15,,,1799,732709.3,40,F1,1,,,,,
2026-07-14,2026-07-14,CM,NSE,STK,2229,INE832A01018,MODIRUBBER,EQ,,,,,MODI RUBBER LTD,132.81,132.81,127.2,129.93,127.44,130.19,,129.93,,,2513,324086.47,70,F1,1,,,,,
2026-07-14,2026-07-14,CM,NSE,STK,759752,INE0L0L01012,MODIS,EQ,,,,,MODIS NAVNIRMAN LTD,350.05,351.95,345.65,347.45,345.7,348.8,,347.9,,,5366,1874401.9,214,F1,1,,,,,
2026-07-14,2026-07-14,CM,NSE,STK,3325,INE737D01021,MODISONLTD,BE,,,,,MODISON LIMITED,292.1,295.7,286.0,288.65,290.0,296.7,,288.7,,,38003,10983388.1,684,F1,1,,,,,
2026-07-14,2026-07-14,CM,NSE,STK,760395,INE01WN07136,875MOF27,N0,,,,,MOF 8.75% 2027 TR 2,106286.73,106286.73,106286.73,106286.73,106286.73,100000.0,,106286.73,,,1,106286.73,1,F1,1,,,,,
2026-07-14,2026-07-14,CM,NSE,STK,1426,INE450S01011,MHHL,SM,,,,,MOHINI HEALTH&HYGIENE LTD,35.4,35.4,35.4,35.4,35.4,33.95,,35.4,,,3000,106200.0,2,F1,1500,,,,,
2026-07-14,2026-07-14,CM,NSE,STK,29423,INE954E01012,MOHITIND,EQ,,,,,MOHIT INDUSTRIES LTD,23.39,23.39,22.86,22.86,22.86,22.89,,23.06,,,1545,35610.47,21,F1,1,,,,,
2026-07-14,2026-07-14,CM,NSE,STK,20830,INE490G01020,MOIL,EQ,,,,,MOIL LIMITED,276.8,281.3,273.1,273.85,273.7,276.4,,273.85,,,349178,96631116.55,12042,F1,1,,,,,
2026-07-14,2026-07-14,CM,NSE,STK,3586,INE514Y01020,MOKSH,EQ,,,,,MOKSH ORNAMENTS LIMITED,11.5,11.56,11.27,11.44,11.5,11.57,,11.44,,,448597,5153246.57,234,F1,1,,,,,
2026-07-14,2026-07-14,CM,NSE,STK,6713,INE893J01029,MOLDTKPAC,EQ,,,,,MOLD-TEK PACKAGING LTD,679.0,696.0,667.0,672.75,671.75,677.3,,672.75,,,103699,70415473.15,9519,F1,1,,,,,
2026-07-14,2026-07-14,CM,NSE,STK,17625,INE835B01035,MOLDTECH,EQ,,,,,MOLD-TEK TECHNOLOGIES LTD,126.16,128.09,124.0,125.02,125.25,126.97,,125.03,,,13774,1739326.37,563,F1,1,,,,,
2026-07-14,2026-07-14,CM,NSE,STK,7679,INE903D01011,MONARCH,EQ,,,,,MONARCH NETWORTH CAP LTD,363.75,366.6,358.1,360.35,361.0,363.5,,360.35,,,35444,12808327.2,1704,F1,1,,,,,
2026-07-14,2026-07-14,CM,NSE,STK,759381,INE296Q01012,MONEYBOXX,EQ,,,,,MONEYBOXX FINANCE LIMITED,62.5,62.5,59.87,60.55,60.99,60.81,,60.53,,,9320,563867.1,227,F1,1,,,,,
2026-07-14,2026-07-14,CM,NSE,STK,18392,INE0OIP01012,MONOPHARMA,SM,,,,,MONO PHARMACARE LIMITED,10.3,10.3,10.25,10.25,10.25,10.6,,10.25,,,4000,41100.0,2,F1,2000,,,,,
2026-07-14,2026-07-14,CM,NSE,STK,756958,INE1DV401010,MONOLITH,SM,,,,,MONOLITHISCH INDIA LTD,737.0,766.65,736.95,762.15,766.05,730.9,,762.15,,,23250,17564450.0,88,F1,250,,,,,
2026-07-14,2026-07-14,CM,NSE,STK,5938,INE950M01013,MONTECARLO,EQ,,,,,MONTE CARLO FASHIONS LTD.,538.25,543.1,531.0,535.45,533.05,537.25,,535.45,,,32672,17543830.95,3599,F1,1,,,,,
2026-07-14,2026-07-14,CM,NSE,STK,25876,INE161G01027,MORARJEE,BZ,,,,,MORARJEE TEXTILES LIMITED,10.13,10.74,10.12,10.74,10.74,10.23,,10.16,,,29303,311008.7,44,F1,1,,,,,
2026-07-14,2026-07-14,CM,NSE,STK,2259,INE083A01026,MOREPENLAB,EQ,,,,,MOREPEN LAB. LTD,61.8,63.68,61.51,62.56,62.25,62.29,,62.56,,,10096836,633523868.48,28513,F1,1,,,,,
2026-07-14,2026-07-14,CM,NSE,STK,15057,INE0N7S01028,MOS,ST,,,,,MOS UTILITY LIMITED,15.2,15.25,14.4,14.55,14.4,15.15,,14.55,,,160000,2361800.0,31,F1,4000,,,,,
2026-07-14,2026-07-14,CM,NSE,STK,29459,INE935B01025,MOSCHIP,EQ,,,,,MOSCHIP TECHNOLOGIES LTD,232.8,245.5,227.05,240.83,240.69,232.83,,240.83,,,11197952,2675580931.38,95990,F1,1,,,,,
2026-07-14,2026-07-14,CM,NSE,STK,8596,INE0FS801015,MSUMI,EQ,,,,,MOTHERSON SUMI WRNG IND L,40.2,40.2,38.75,39.61,39.65,40.54,,39.61,,,17017512,669458783.37,45444,F1,1,,,,,
2026-07-14,2026-07-14,CM,NSE,STK,21423,INF247L01023,MOM100,EQ,,,,,MOTILAL OS MIDCAP100 ETF,68.35,68.45,67.56,67.85,67.61,68.0,,67.83,,,307408,20819805.74,2120,F1,1,,,,,
2026-07-14,2026-07-14,CM,NSE,STK,22739,INF247L01AP3,MON100,EQ,,,,,MOTILAL OS NASDAQ100 ETF,333.24,333.24,332.37,333.24,333.24,332.37,,333.24,,,1262927,420780162.54,17668,F1,1,,,,,
2026-07-14,2026-07-14,CM,NSE,STK,14947,INE338I01027,MOTILALOFS,EQ,,,,,MOTILAL OSWAL FIN LTD,979.9,989.75,963.55,967.0,965.6,982.85,,967.0,,,717834,699224261.8,30644,F1,1,,,,,
2026-07-14,2026-07-14,CM,NSE,STK,19289,INF247L01536,MOM50,EQ,,,,,MOTILAL OSWAL M50 ETF,252.83,265.12,251.1,253.32,251.87,252.83,,253.51,,,3248,818278.36,112,F1,1,,,,,
2026-07-14,2026-07-14,CM,NSE,STK,1507,INF247L01AK4,MOGSEC,EQ,,,,,MOTILALAMC - G5,65.0,65.8,65.0,65.07,65.0,65.14,,64.83,,,2041,132937.25,48,F1,1,,,,,
2026-07-14,2026-07-14,CM,NSE,STK,757669,INF247L01FR8,MOALPHA50,EQ,,,,,MOTILALAMC - MOALPHA50,55.02,55.02,53.45,53.8,53.81,53.94,,53.8,,,2524,135273.94,40,F1,1,,,,,
2026-07-14,2026-07-14,CM,NSE,STK,761693,INF247L01GV8,MOBANK10,EQ,,,,,MOTILALAMC - MOBANK10,17.8,17.8,17.11,17.3,17.36,17.44,,17.3,,,57367,992714.56,78,F1,1,,,,,
2026-07-14,2026-07-14,CM,NSE,STK,30065,INF247L01EV3,MOCAPITAL,EQ,,,,,MOTILALAMC - MOCAPITAL,55.8,55.89,55.0,55.13,55.34,55.59,,55.13,,,473638,26229775.85,2475,F1,1,,,,,
2026-07-14,2026-07-14,CM,NSE,STK,24944,INF247L01DJ0,MODEFENCE,EQ,,,,,MOTILALAMC - MODEFENCE,103.9,103.9,101.58,102.21,102.24,103.48,,102.22,,,1430841,146171047.87,8477,F1,1,,,,,
2026-07-14,2026-07-14,CM,NSE,STK,759374,INF247L01GH7,MOENERGY,EQ,,,,,MOTILALAMC - MOENERGY,39.52,39.59,39.1,39.28,39.59,39.38,,39.28,,,126203,4955460.21,698,F1,1,,,,,
2026-07-14,2026-07-14,CM,NSE,STK,757791,INF247L01FY4,MOGOLD,EQ,,,,,MOTILALAMC - MOGOLD,139.95,139.95,138.8,139.05,139.25,140.2,,139.05,,,13002,1808516.3,383,F1,1,,,,,
2026-07-14,2026-07-14,CM,NSE,STK,10508,INF247L01BB1,MOHEALTH,EQ,,,,,MOTILALAMC - MOHEALTH,50.74,51.18,50.26,50.87,50.95,50.74,,50.87,,,77269,3929018.9,585,F1,1,,,,,
2026-07-14,2026-07-14,CM,NSE,STK,757031,INF247L01FL1,MOINFRA,EQ,,,,,MOTILALAMC - MOINFRA,61.26,61.67,61.13,61.53,61.6,61.59,,61.53,,,1497,91941.23,51,F1,1,,,,,
2026-07-14,2026-07-14,CM,NSE,STK,759891,INF247L01GI5,MOIPO,EQ,,,,,MOTILALAMC - MOIPO,47.5,47.5,46.44,46.65,46.63,46.95,,46.65,,,2190,101923.46,30,F1,1,,,,,
2026-07-14,2026-07-14,CM,NSE,STK,8654,INF247L01BL0,MOLOWVOL,EQ,,,,,MOTILALAMC - MOLOWVOL,37.0,37.01,36.79,36.83,36.83,36.87,,36.83,,,3525,129798.34,30,F1,1,,,,,
2026-07-14,2026-07-14,CM,NSE,STK,25606,INF247L01DK8,MOMENTUM50,EQ,,,,,MOTILALAMC - MOMENTUM50,52.81,53.06,52.52,52.81,52.75,52.81,,52.81,,,288056,15216267.43,1183,F1,1,,,,,
2026-07-14,2026-07-14,CM,NSE,STK,757099,INF247L01FK3,MOMGF,EQ,,,,,MOTILALAMC - MOMGF,158.37,158.38,158.28,158.38,158.38,158.61,,158.38,,,445,70458.53,9,F1,1,,,,,
2026-07-14,2026-07-14,CM,NSE,STK,757817,INF247L01FQ0,MOMIDMTM,EQ,,,,,MOTILALAMC - MOMIDMTM,62.49,63.77,62.49,63.48,63.4,63.77,,63.48,,,68039,4319675.11,275,F1,1,,,,,
2026-07-14,2026-07-14,CM,NSE,STK,760054,INF247L01GK1,MOMNC,EQ,,,,,MOTILALAMC - MOMNC,32.15,32.28,32.15,32.15,32.15,32.38,,32.15,,,1329,42764.08,13,F1,1,,,,,
2026-07-14,2026-07-14,CM,NSE,STK,8182,INF247L01BK2,MOMOMENTUM,EQ,,,,,MOTILALAMC - MOMOMENTUM,61.88,62.25,61.6,62.01,62.0,61.9,,62.04,,,59047,3652996.11,353,F1,1,,,,,
2026-07-14,2026-07-14,CM,NSE,STK,756900,INF247L01FC0,MON50EQUAL,EQ,,,,,MOTILALAMC - MON50EQUAL,34.27,34.33,32.89,33.15,34.33,33.56,,33.15,,,11872,395071.8,99,F1,1,,,,,
2026-07-14,2026-07-14,CM,NSE,STK,757167,INF247L01FD8,MONEXT50,EQ,,,,,MOTILALAMC - MONEXT50,71.68,71.87,71.3,71.56,71.6,72.08,,71.56,,,3239,231873.76,50,F1,1,,,,,
2026-07-14,2026-07-14,CM,NSE,STK,759371,INF247L01GG9,MONIFTY100,EQ,,,,,MOTILALAMC - MONIFTY100,25.42,25.42,25.19,25.25,25.26,25.42,,25.25,,,14420,364370.77,67,F1,1,,,,,
2026-07-14,2026-07-14,CM,NSE,STK,19237,INF247L01BU1,MONIFTY500,EQ,,,,,MOTILALAMC - MONIFTY500,23.93,23.97,23.71,23.77,23.78,23.91,,23.77,,,211757,5033879.28,1125,F1,1,,,,,
2026-07-14,2026-07-14,CM,NSE,STK,7422,INF247L01AU3,MONQ50,EQ,,,,,MOTILALAMC - MONQ50,144.48,144.48,144.48,144.48,144.48,146.41,,144.48,,,27868,4026368.64,819,F1,1,,,,,
2026-07-14,2026-07-14,CM,NSE,STK,757431,INF247L01FO5,MOPSE,EQ,,,,,MOTILALAMC - MOPSE,101.02,101.02,100.49,100.49,100.49,101.02,,100.49,,,83,8352.97,6,F1,1,,,,,
2026-07-14,2026-07-14,CM,NSE,STK,10822,INF247L01BH8,MOQUALITY,EQ,,,,,MOTILALAMC - MOQUALITY,201.13,201.13,199.53,200.37,200.41,201.81,,200.37,,,543,108750.62,20,F1,1,,,,,
2026-07-14,2026-07-14,CM,NSE,STK,23184,INF247L01CI4,MOREALTY,EQ,,,,,MOTILALAMC - MOREALTY,91.57,93.4,91.5,91.73,91.59,93.44,,91.73,,,777405,71563302.94,4291,F1,1,,,,,
2026-07-14,2026-07-14,CM,NSE,STK,760001,INF247L01GJ3,MOSERVICE,EQ,,,,,MOTILALAMC - MOSERVICE,31.45,31.45,31.09,31.2,31.12,31.43,,31.2,,,6316,196813.12,54,F1,1,,,,,
2026-07-14,2026-07-14,CM,NSE,STK,758457,INF247L01FZ1,MOSILVER,EQ,,,,,MOTILALAMC - MOSILVER,213.39,219.79,213.24,215.16,219.79,214.46,,215.16,,,100695,21623046.59,1781,F1,1,,,,,
2026-07-14,2026-07-14,CM,NSE,STK,23181,INF247L01CH6,MOSMALL250,EQ,,,,,MOTILALAMC - MOSMALL250,18.26,18.26,18.04,18.05,18.07,18.25,,18.05,,,939761,16992845.04,3358,F1,1,,,,,
2026-07-14,2026-07-14,CM,NSE,STK,757443,INF247L01FP2,MOTOUR,EQ,,,,,MOTILALAMC - MOTOUR,80.15,80.38,79.51,79.8,80.29,80.94,,79.8,,,22633,1808869.05,295,F1,1,,,,,
2026-07-14,2026-07-14,CM,NSE,STK,10825,INF247L01BE5,MOVALUE,EQ,,,,,MOTILALAMC - MOVALUE,114.22,114.22,113.04,113.24,113.3,114.48,,113.22,,,61484,6976163.21,816,F1,1,,,,,
2026-07-14,2026-07-14,CM,NSE,STK,20788,INE0FRK01020,MOTISONS,EQ,,,,,MOTISONS JEWELLERS LTD,14.24,14.45,13.87,14.11,14.1,14.25,,14.11,,,21917664,309163653.62,13735,F1,1,,,,,
2026-07-14,2026-07-14,CM,NSE,STK,8793,INE861B01023,MOTOGENFIN,BE,,,,,MOTOR & GENERAL FINANCE L,28.99,28.99,27.11,28.15,28.15,28.4,,28.25,,,5853,161472.76,37,F1,1,,,,,
2026-07-14,2026-07-14,CM,NSE,STK,757813,INE0XM301010,MMEL,ST,,,,,MOVING MEDIA ENTER LTD,30.25,33.3,30.25,30.25,30.25,31.8,,30.25,,,30000,942500.0,10,F1,2000,,,,,
2026-07-14,2026-07-14,CM,NSE,STK,4503,INE356A01018,MPHASIS,EQ,,,,,MPHASIS LIMITED,2400.0,2422.3,2359.2,2372.3,2363.0,2390.4,,2372.3,,,366125,874936817.5,25449,F1,1,,,,,
2026-07-14,2026-07-14,CM,NSE,STK,10578,INE943D01017,MPSLTD,EQ,,,,,MPS LIMITED,2012.0,2022.7,1990.0,2009.5,2014.0,2020.7,,2009.6,,,7073,14177038.3,1012,F1,1,,,,,
2026-07-14,2026-07-14,CM,NSE,STK,2277,INE883A01011,MRF,EQ,,,,,MRF LTD,131280.0,131630.0,130115.0,131025.0,131100.0,131285.0,,131025.0,,,6575,860544195.0,3641,F1,1,,,,,
2026-07-14,2026-07-14,CM,NSE,STK,2283,INE103A01014,MRPL,EQ,,,,,MRPL,164.75,164.79,156.28,156.96,157.6,164.74,,156.96,,,9144831,1455614569.47,51974,F1,1,,,,,
2026-07-14,2026-07-14,CM,NSE,STK,1628,INE495P01020,BECTORFOOD,EQ,,,,,MRS BECTORS FOOD SPE LTD,170.5,170.9,166.26,167.25,167.0,170.35,,167.25,,,745773,125116532.22,19684,F1,1,,,,,
2026-07-14,2026-07-14,CM,NSE,STK,11919,INE752G01015,MSPL,EQ,,,,,MSP STEEL & POWER LTD.,39.34,39.53,38.56,38.73,38.74,39.67,,38.73,,,501499,19553005.92,3106,F1,1,,,,,
2026-07-14,2026-07-14,CM,NSE,STK,9356,INE255X01014,MSTCLTD,EQ,,,,,MSTC LIMITED,654.5,666.0,641.1,653.0,652.0,656.65,,653.0,,,301448,197515937.8,8993,F1,1,,,,,
2026-07-14,2026-07-14,CM,NSE,STK,31413,INE472M01018,MTEDUCARE,BE,,,,,MT EDUCARE LTD,1.87,1.92,1.8,1.89,1.9,1.83,,1.91,,,30119,55283.18,43,F1,1,,,,,
2026-07-14,2026-07-14,CM,NSE,STK,2715,INE864I01014,MTARTECH,BE,,,,,MTAR TECHNOLOGIES LIMITED,6409.0,6409.0,6409.0,6409.0,6409.0,6746.0,,6409.0,,,115905,742835145.0,10486,F1,1,,,,,
2026-07-14,2026-07-14,CM,NSE,STK,19783,INE08KJ01020,MUFIN,EQ,,,,,MUFIN GREEN FINANCE LTD,129.76,129.9,127.2,128.21,127.6,129.74,,128.22,,,574720,73667474.35,4722,F1,1,,,,,
2026-07-14,2026-07-14,CM,NSE,STK,11325,INE304A01026,MUKANDLTD,EQ,,,,,MUKAND LTD.,135.0,137.95,134.0,136.72,136.99,135.85,,136.72,,,96390,13153935.87,1610,F1,1,,,,,
2026-07-14,2026-07-14,CM,NSE,STK,22980,INE0CG401037,MUKKA,EQ,,,,,MUKKA PROTEINS LIMITED,24.35,24.48,23.32,23.46,23.35,24.0,,23.46,,,263581,6226826.08,1086,F1,1,,,,,
2026-07-14,2026-07-14,CM,NSE,STK,8691,INE374B01019,MUKTAARTS,BE,,,,,MUKTA ARTS LIMITED,54.5,54.5,51.85,53.48,53.48,54.5,,53.48,,,2688,142098.79,26,F1,1,,,,,
2026-07-14,2026-07-14,CM,NSE,STK,31181,INE745G01043,MCX,EQ,,,,,MULTI COMMODITY EXCHANGE,2780.0,2899.0,2779.0,2891.3,2899.0,2782.1,,2891.4,,,3673525,10555422640.8,166000,F1,1,,,,,
2026-07-14,2026-07-14,CM,NSE,STK,759419,INE1K8Y01018,MUNISH,ST,,,,,MUNISH FORGE LIMITED,69.0,72.45,68.0,69.15,69.1,69.0,,69.15,,,445200,30755460.0,184,F1,1200,,,,,
2026-07-14,2026-07-14,CM,NSE,STK,13511,INE672B01032,MUNJALAU,EQ,,,,,MUNJAL AUTO IND. LTD.,104.8,105.5,102.07,104.13,104.05,105.69,,104.13,,,531540,54944404.3,4899,F1,1,,,,,
2026-07-14,2026-07-14,CM,NSE,STK,2307,INE577A01027,MUNJALSHOW,EQ,,,,,MUNJAL SHOWA LTD,135.5,135.5,133.01,133.65,133.5,134.48,,133.59,,,24507,3273967.24,567,F1,1,,,,,
2026-07-14,2026-07-14,CM,NSE,STK,2313,INE692B01014,MURUDCERA,EQ,,,,,MURUDESHWAR CERAMICS LTD,31.01,32.0,31.01,31.64,31.69,31.43,,31.6,,,2593,82111.25,57,F1,1,,,,,
2026-07-14,2026-07-14,CM,NSE,STK,19877,INE919I01024,RADIOCITY,EQ,,,,,MUSIC BROADCAST LIMITED,5.95,6.14,5.95,6.04,6.07,6.07,,6.04,,,47633,287254.26,106,F1,1,,,,,
2026-07-14,2026-07-14,CM,NSE,STK,10415,INE296G01013,MUTHOOTCAP,EQ,,,,,MUTHOOT CAP SERV LTD,224.5,225.41,220.0,222.12,221.0,225.55,,222.12,,,6680,1478947.63,362,F1,1,,,,,
2026-07-14,2026-07-14,CM,NSE,STK,23650,INE414G01012,MUTHOOTFIN,EQ,,,,,MUTHOOT FINANCE LIMITED,3036.1,3036.1,2976.3,3016.4,3017.8,3058.5,,3016.4,,,691484,2076938400.3,39988,F1,1,,,,,
2026-07-14,2026-07-14,CM,NSE,STK,20831,INE046W01019,MUTHOOTMF,EQ,,,,,MUTHOOT MICROFIN LIMITED,245.7,245.75,238.14,239.01,239.19,246.31,,239.01,,,628293,151118528.85,10216,F1,1,,,,,
2026-07-14,2026-07-14,CM,NSE,STK,763206,INE0JYY07026,10MWL29,N0,,,,,MWL 10% 2029,98000.0,99060.55,98000.0,99060.55,99060.55,98500.0,,99060.55,,,3,295060.55,3,F1,1,,,,,
2026-07-14,2026-07-14,CM,NSE,STK,25208,INE0RVQ01016,MYMUDRA,SM,,,,,MY MUDRA FINCORP LIMITED,69.05,69.75,66.1,66.75,66.1,69.8,,66.75,,,22800,1558200.0,19,F1,1200,,,,,
2026-07-14,2026-07-14,CM,NSE,STK,20314,INE740D01017,NRAIL,EQ,,,,,N R AGARWAL INDS LTD,459.0,459.0,437.2,437.65,437.2,447.25,,437.7,,,874,385404.15,138,F1,1,,,,,
2026-07-14,2026-07-14,CM,NSE,STK,757492,INE104101014,NRVANDANA,ST,,,,,N R VANDANA TEX IND LTD,72.0,72.0,71.0,71.1,71.0,70.4,,71.1,,,147000,10452150.0,15,F1,3000,,,,,
2026-07-14,2026-07-14,CM,NSE,STK,19111,INE365I01020,NBIFIN,EQ,,,,,N.B.I. IND. FIN. CO. LTD,2260.1,2288.4,2160.1,2184.2,2180.0,2260.1,,2184.2,,,885,1949929.1,154,F1,1,,,,,
2026-07-14,2026-07-14,CM,NSE,STK,20425,INE295D01020,NACLIND,EQ,,,,,NACL INDUSTRIES LIMITED,241.54,241.54,204.0,215.63,216.0,243.02,,215.63,,,3894769,865556442.34,56127,F1,1,,,,,
2026-07-14,2026-07-14,CM,NSE,STK,18371,INE756C01015,NDGL,EQ,,,,,NAGA DHUNSERI GROUP LTD,2850.1,2850.1,2817.1,2819.0,2820.0,2904.7,,2819.0,,,16,45507.4,11,F1,1,,,,,
2026-07-14,2026-07-14,CM,NSE,STK,14943,INE245I01016,NAGREEKCAP,BE,,,,,NAGREEKA CAP & INFR.LTD,23.31,24.25,23.31,24.04,24.05,24.29,,24.03,,,611,14741.05,23,F1,1,,,,,
2026-07-14,2026-07-14,CM,NSE,STK,14702,INE123B01028,NAGREEKEXP,EQ,,,,,NAGREEKA EXPORTS LTD.,23.3,24.89,23.3,23.75,23.85,24.37,,23.72,,,11559,274202.76,153,F1,1,,,,,
2026-07-14,2026-07-14,CM,NSE,STK,15360,INE049I01012,NAHARCAP,EQ,,,,,NAHAR CAP & FIN.,252.0,256.02,243.2,251.07,251.0,250.65,,251.07,,,1271,319124.56,57,F1,1,,,,,
2026-07-14,2026-07-14,CM,NSE,STK,13106,INE289A01011,NAHARINDUS,EQ,,,,,NAHAR INDS ENT LTD,117.01,117.78,116.25,116.26,116.27,117.75,,116.26,,,3380,394982.78,188,F1,1,,,,,
2026-07-14,2026-07-14,CM,NSE,STK,14445,INE308A01027,NAHARPOLY,EQ,,,,,NAHAR POLY FILMS LIMITED,251.05,255.75,251.0,251.8,251.05,253.7,,251.8,,,5708,1443153.8,475,F1,1,,,,,
2026-07-14,2026-07-14,CM,NSE,STK,14443,INE290A01027,NAHARSPING,BE,,,,,NAHAR SPINNING MILLS LTD.,271.2,276.0,265.75,274.0,274.0,271.2,,274.05,,,10182,2785395.7,178,F1,1,,,,,
2026-07-14,2026-07-14,CM,NSE,STK,5404,INE236Y01012,NGIL,BE,,,,,NAKODA GROUP OF IND. LTD,40.0,40.7,39.0,40.44,40.44,39.24,,40.43,,,28864,1151403.24,28,F1,1,,,,,
2026-07-14,2026-07-14,CM,NSE,STK,11239,INE023A01030,NSIL,EQ,,,,,NALWA SONS INVESTMENT LTD,5450.5,5500.0,5410.0,5444.5,5452.0,5492.5,,5443.5,,,1131,6158523.0,262,F1,1,,,,,
2026-07-14,2026-07-14,CM,NSE,STK,23379,INE0RJM01010,NAMAN,SM,,,,,NAMAN INDUSTRE PRXIMA LTD,46.9,46.9,44.8,46.65,46.65,47.15,,46.65,,,6400,290800.0,8,F1,800,,,,,
2026-07-14,2026-07-14,CM,NSE,STK,25170,INE08NZ01012,NAMOEWASTE,ST,,,,,NAMO EWASTE MANAGEMENT L,290.7,290.7,289.0,289.0,289.0,285.0,,289.0,,,26400,7665120.0,31,F1,800,,,,,
2026-07-14,2026-07-14,CM,NSE,STK,31258,INE875G01048,NDL,EQ,,,,,NANDAN DENIM LIMITED,2.37,2.39,2.35,2.36,2.38,2.39,,2.36,,,609020,1439193.55,816,F1,1,,,,,
2026-07-14,2026-07-14,CM,NSE,STK,5516,INE696V01013,JAIPURKURT,EQ,,,,,NANDANI CREATION LIMITED,28.6,28.6,27.55,28.0,27.91,28.5,,28.0,,,787,22058.08,74,F1,1,,,,,
2026-07-14,2026-07-14,CM,NSE,STK,11840,INE410P01011,NH,EQ,,,,,NARAYANA HRUDAYALAYA LTD.,2037.0,2039.5,1995.0,2007.2,2015.0,2037.8,,2007.3,,,185540,373851716.4,21824,F1,1,,,,,
2026-07-14,2026-07-14,CM,NSE,STK,11627,INE117Z01011,NARMADA,EQ,,,,,NARMADA AGROBASE LIMITED,34.49,34.73,33.76,34.2,34.0,34.36,,34.19,,,202647,6905146.54,1838,F1,1,,,,,
2026-07-14,2026-07-14,CM,NSE,STK,3918,INE987B01026,NATCOPHARM,EQ,,,,,NATCO PHARMA LTD.,978.9,983.5,966.5,972.25,972.0,979.95,,972.25,,,299826,291508345.4,18567,F1,1,,,,,
2026-07-14,2026-07-14,CM,NSE,STK,11065,INE448G01010,NATHBIOGEN,EQ,,,,,NATH BIO-GENES (I) LTD,165.0,165.5,161.62,162.11,162.0,164.98,,162.15,,,8667,1408871.32,289,F1,1,,,,,
2026-07-14,2026-07-14,CM,NSE,STK,6364,INE139A01034,NATIONALUM,EQ,,,,,NATIONAL ALUMINIUM CO LTD,357.3,366.9,357.2,364.9,364.05,355.2,,364.9,,,11143777,4052857667.95,104827,F1,1,,,,,
2026-07-14,2026-07-14,CM,NSE,STK,13925,INE870D01012,NFL,EQ,,,,,NATIONAL FERT. LTD,73.63,73.93,72.67,73.03,72.81,73.63,,73.03,,,474350,34653397.8,2772,F1,1,,,,,
2026-07-14,2026-07-14,CM,NSE,STK,6531,INE0H7R23014,NHIT,IV,,,,,NATIONAL HIGHW INFRA TRUS,166.0,169.0,166.0,169.0,169.0,166.0,,169.0,,,1900000,318137500.0,8,F1,25000,,,,,
2026-07-14,2026-07-14,CM,NSE,STK,762807,INE166R01015,NATIONSTD,EQ,,,,,NATIONAL STAND (INDIA) L,482.2,482.2,482.2,482.2,482.2,507.5,,485.1,,,3640,1755208.0,215,F1,1,,,,,
2026-07-14,2026-07-14,CM,NSE,STK,29583,INE936B01015,NATCAPSUQ,EQ,,,,,NATURAL CAPSULES LIMITED,145.11,146.8,143.4,143.51,143.4,143.68,,143.51,,,606,87495.44,40,F1,1,,,,,
2026-07-14,2026-07-14,CM,NSE,STK,4014,INE725A01030,NAVA,EQ,,,,,NAVA LIMITED,603.9,604.1,590.0,594.9,594.0,602.65,,594.9,,,207715,123657568.05,6292,F1,1,,,,,
2026-07-14,2026-07-14,CM,NSE,STK,14672,INE048G01026,NAVINFLUOR,EQ,,,,,NAVIN FLUORINE INT. LTD,7630.5,7729.5,7561.5,7586.0,7595.0,7637.0,,7586.0,,,97764,744322278.0,24847,F1,1,,,,,
2026-07-14,2026-07-14,CM,NSE,STK,10557,INE278M01019,NAVKARCORP,EQ,,,,,NAVKAR CORPORATION LTD.,109.5,112.45,109.1,109.75,109.95,109.95,,109.76,,,437772,48372981.29,5004,F1,1,,,,,
2026-07-14,2026-07-14,CM,NSE,STK,29149,INE268H01044,NAVKARURB,BE,,,,,NAVKAR URBANSTRUCTURE LTD,1.01,1.03,1.0,1.02,1.03,0.99,,1.02,,,642751,653180.46,229,F1,1,,,,,
2026-07-14,2026-07-14,CM,NSE,STK,2385,INE060A01024,NAVNETEDUL,EQ,,,,,NAVNEET EDUCATION LTD,151.45,154.5,148.1,148.52,148.6,150.53,,148.54,,,279411,42360639.42,6373,F1,1,,,,,
2026-07-14,2026-07-14,CM,NSE,STK,2987,INE418L01047,NAZARA,EQ,,,,,NAZARA TECHNOLOGIES LTD,307.3,309.15,302.75,303.95,305.0,307.3,,303.95,,,1364680,415321012.25,13027,F1,1,,,,,
2026-07-14,2026-07-14,CM,NSE,STK,31415,INE095N01031,NBCC,EQ,,,,,NBCC (INDIA) LIMITED,100.8,100.8,97.82,98.15,98.19,101.49,,98.15,,,11842618,1171455175.31,41526,F1,1,,,,,
2026-07-14,2026-07-14,CM,NSE,STK,2319,INE868B01028,NCC,EQ,,,,,NCC LIMITED,143.0,143.9,140.82,141.73,141.5,144.45,,141.74,,,1480322,210918864.34,19018,F1,1,,,,,
2026-07-14,2026-07-14,CM,NSE,STK,14490,INE732C01016,NCLIND,EQ,,,,,NCL INDUSTRIES LIMITED,184.17,188.0,181.1,182.99,183.0,185.9,,182.99,,,45314,8339364.85,919,F1,1,,,,,
2026-07-14,2026-07-14,CM,NSE,STK,14547,INE353A01023,NDLVENTURE,EQ,,,,,NDL VENTURES LIMITED,132.98,132.98,130.81,131.09,132.49,132.08,,131.07,,,4521,595880.01,116,F1,1,,,,,
2026-07-14,2026-07-14,CM,NSE,STK,22255,INE07OG01012,NDRAUTO,EQ,,,,,NDR AUTO COMPONENTS LTD,863.25,863.25,820.0,822.65,824.15,846.8,,822.65,,,19704,16315791.05,2013,F1,1,,,,,
2026-07-14,2026-07-14,CM,NSE,STK,11427,INE155G01029,NDTV,EQ,,,,,NDTV LTD,82.4,85.0,81.22,82.04,82.1,82.29,,82.03,,,388777,32149003.78,3803,F1,1,,,,,
2026-07-14,2026-07-14,CM,NSE,STK,11930,INE023H01027,NECLIFE,BE,,,,,NECTAR LIFESCIENCES LTD.,11.3,11.3,11.04,11.19,11.2,11.09,,11.14,,,62917,705257.81,282,F1,1,,,,,
2026-07-14,2026-07-14,CM,NSE,STK,762812,INE605D01012,NEAGI,EQ,,,,,NEELAMALAI AGRO INDS. L,3101.0,3101.0,3055.0,3057.1,3057.1,3101.0,,3075.0,,,18,55112.7,9,F1,1,,,,,
2026-07-14,2026-07-14,CM,NSE,STK,14761,INE189I01024,NELCAST,EQ,,,,,NELCAST LIMITED,136.4,136.99,130.76,132.21,132.5,135.08,,132.21,,,131910,17656753.14,2718,F1,1,,,,,
2026-07-14,2026-07-14,CM,NSE,STK,2388,INE045B01015,NELCO,EQ,,,,,NELCO LTD,901.0,910.95,891.0,894.2,895.25,901.4,,894.2,,,149494,134342387.8,7173,F1,1,,,,,
2026-07-14,2026-07-14,CM,NSE,STK,760931,INE21UM01018,NEOCHEM,ST,,,,,NEOCHEM BIO SOLUTIONS LTD,89.3,93.45,89.25,91.85,91.7,92.35,,91.85,,,28800,2604480.0,13,F1,1200,,,,,
2026-07-14,2026-07-14,CM,NSE,STK,9917,INE136S01016,NEOGEN,EQ,,,,,NEOGEN CHEMICALS LIMITED,2145.5,2175.0,2085.1,2147.2,2125.0,2150.0,,2147.2,,,113733,241598255.9,17178,F1,1,,,,,
2026-07-14,2026-07-14,CM,NSE,STK,24353,INE0SUN01013,NEPHROCARE,ST,,,,,NEPHRO CARE INDIA LIMITED,67.9,68.95,64.55,66.05,65.35,67.9,,66.05,,,20800,1381640.0,39,F1,400,,,,,
2026-07-14,2026-07-14,CM,NSE,STK,760346,INE428V01029,NEPHROPLUS,EQ,,,,,NEPHROCARE HEALTH SERV L,649.9,661.0,638.2,646.45,647.0,640.9,,646.3,,,133425,86734362.0,13094,F1,1,,,,,
2026-07-14,2026-07-14,CM,NSE,STK,757493,INE156901014,NEPTUNE,SM,,,,,NEPTUNE PETROCHEMICALS L,180.0,180.0,180.0,180.0,180.0,180.0,,180.0,,,2500,450000.0,5,F1,500,,,,,
2026-07-14,2026-07-14,CM,NSE,STK,15409,INE317F01035,NESCO,EQ,,,,,NESCO LTD.,1085.0,1085.3,1072.0,1075.2,1079.1,1085.6,,1075.2,,,47651,51280305.9,3816,F1,1,,,,,
2026-07-14,2026-07-14,CM,NSE,STK,17963,INE239A01024,NESTLEIND,EQ,,,,,NESTLE INDIA LIMITED,1418.5,1448.7,1418.5,1427.1,1422.0,1427.0,,1427.0,,,1841895,2637204623.9,75497,F1,1,,,,,
2026-07-14,2026-07-14,CM,NSE,STK,20409,INE518X01015,CBAZAAR,ST,,,,,NET AVENUE TECHNOLOGIES L,6.05,6.3,6.05,6.25,6.25,6.2,,6.25,,,24000,148800.0,3,F1,8000,,,,,
2026-07-14,2026-07-14,CM,NSE,STK,17433,INE0NT901020,NETWEB,EQ,,,,,NETWEB TECH INDIA LTD,4389.8,4485.0,4361.9,4398.1,4395.1,4400.0,,4398.1,,,1347378,5959432893.4,106196,F1,1,,,,,
2026-07-14,2026-07-14,CM,NSE,STK,756324,INE0FFK01017,NPST,EQ,,,,,NETWORK PEOPLE SRV TECH L,1579.0,1597.8,1539.0,1571.8,1565.0,1594.6,,1571.7,,,14304,22356729.0,2157,F1,1,,,,,
2026-07-14,2026-07-14,CM,NSE,STK,14111,INE870H01013,NETWORK18,EQ,,,,,NETWORK18 MEDIA & INV LTD,31.78,32.72,31.37,31.96,32.1,31.79,,31.96,,,3961543,127179448.29,8487,F1,1,,,,,
2026-07-14,2026-07-14,CM,NSE,STK,30554,INE333I01044,NEUEON,BE,,,,,NEUEON CORPORATION LTD,12.29,12.93,12.29,12.29,12.29,12.93,,12.29,,,130620,1607652.05,163,F1,1,,,,,
2026-07-14,2026-07-14,CM,NSE,STK,2406,INE794A01010,NEULANDLAB,EQ,,,,,NEULAND LAB LTD.,18998.0,19046.0,18738.0,18999.0,19001.0,19019.0,,18999.0,,,16957,321013652.0,7911,F1,1,,,,,
2026-07-14,2026-07-14,CM,NSE,STK,1164,INE619B01017,NEWGEN,EQ,,,,,NEWGEN SOFTWARE TECH LTD,592.5,603.8,551.35,554.4,552.5,590.5,,554.4,,,8371127,4731450754.75,144504,F1,1,,,,,
2026-07-14,2026-07-14,CM,NSE,STK,19161,INE0PW501021,NEWJAISA,ST,,,,,NEWJAISA TECHNOLOGIES LTD,17.55,17.55,17.2,17.2,17.2,17.55,,17.2,,,4500,77925.0,3,F1,1500,,,,,
2026-07-14,2026-07-14,CM,NSE,STK,28801,INE0TP801012,NMSTEEL,SM,,,,,NEWMALAYALAM STEEL LTD,24.45,24.45,24.45,24.45,24.45,24.5,,24.45,,,1600,39120.0,1,F1,1600,,,,,
2026-07-14,2026-07-14,CM,NSE,STK,9867,INE747B01016,NEXTMEDIA,EQ,,,,,NEXT MEDIAWORKS LIMITED,3.95,4.24,3.9,3.97,3.98,3.96,,3.97,,,22020,90041.89,52,F1,1,,,,,
2026-07-14,2026-07-14,CM,NSE,STK,15815,INE0NDH25011,NXST,RR,,,,,NEXUS SELECT TRUST,164.92,165.1,164.31,164.88,164.87,164.07,,164.88,,,90792,14974425.08,2250,F1,1,,,,,
2026-07-14,2026-07-14,CM,NSE,STK,763536,INE0T1501010,NFPSAMPOOR,SM,,,,,NFP SAMPOORNA FOODS LTD,24.0,24.9,24.0,24.2,24.15,23.85,,24.2,,,36000,877300.0,17,F1,2000,,,,,
2026-07-14,2026-07-14,CM,NSE,STK,10277,INE887E01022,NGLFINE,EQ,,,,,NGL FINE CHEM LIMITED,3198.0,3198.0,3108.1,3130.8,3121.0,3160.9,,3130.4,,,3013,9458109.8,801,F1,1,,,,,
2026-07-14,2026-07-14,CM,NSE,STK,17400,INE848E01016,NHPC,EQ,,,,,NHPC LTD,78.73,79.3,78.3,78.77,78.8,79.46,,78.77,,,7050747,555225056.35,33594,F1,1,,,,,
2026-07-14,2026-07-14,CM,NSE,STK,29487,INE149O01018,NIBE,EQ,,,,,NIBE LIMITED,1589.0,1618.0,1553.5,1593.5,1595.0,1594.4,,1593.6,,,97737,155090923.1,7241,F1,1,,,,,
2026-07-14,2026-07-14,CM,NSE,STK,17747,INE342G01023,NIITMTS,EQ,,,,,NIIT LEARNING SYSTEMS LTD,256.38,256.38,237.48,240.78,241.0,255.11,,240.78,,,443527,108040815.87,14797,F1,1,,,,,
2026-07-14,2026-07-14,CM,NSE,STK,11522,INE161A01038,NIITLTD,EQ,,,,,NIIT LIMITED,99.3,99.6,96.55,97.28,96.55,99.6,,97.28,,,443930,43356987.49,4231,F1,1,,,,,
2026-07-14,2026-07-14,CM,NSE,STK,758178,INE0FLF01015,NIKITA,SM,,,,,NIKITA GRENTEC RECYCL LTD,81.35,81.35,79.2,80.3,80.3,81.35,,80.3,,,4800,384120.0,4,F1,1200,,,,,
2026-07-14,2026-07-14,CM,NSE,STK,9253,INE937C01029,NILAINFRA,EQ,,,,,NILA INFRASTRUCTURES LTD,7.36,7.38,7.21,7.24,7.21,7.27,,7.24,,,78917,574842.15,346,F1,1,,,,,
2026-07-14,2026-07-14,CM,NSE,STK,7411,INE00S901012,NILASPACES,EQ,,,,,NILA SPACES LIMITED,12.49,12.82,12.24,12.45,12.59,12.44,,12.44,,,446331,5562040.37,978,F1,1,,,,,
2026-07-14,2026-07-14,CM,NSE,STK,762817,INE445D01013,NILE,EQ,,,,,NILE LTD.,2018.9,2018.9,1912.0,1936.2,1930.6,1981.3,,1935.7,,,4357,8534049.2,938,F1,1,,,,,
2026-07-14,2026-07-14,CM,NSE,STK,2421,INE310A01015,NILKAMAL,EQ,,,,,NILKAMAL LIMITED,1335.1,1393.7,1315.7,1332.5,1321.0,1350.1,,1332.5,,,36201,48990629.6,3460,F1,1,,,,,
2026-07-14,2026-07-14,CM,NSE,STK,761723,INE875B01015,NIMBSPROJ,BE,,,,,NIMBUS PROJECTS LIMITED,205.0,205.0,193.8,202.88,203.0,204.0,,202.88,,,514,104187.3,9,F1,1,,,,,
2026-07-14,2026-07-14,CM,NSE,STK,14197,INE395U01014,NINSYS,BE,,,,,NINTEC SYSTEMS LIMITED,860.0,875.0,844.0,868.55,874.0,869.75,,868.55,,,2335,2019409.3,142,F1,1,,,,,
2026-07-14,2026-07-14,CM,NSE,STK,11439,INF204KB15I9,BANKBEES,EQ,,,,,NIP IND ETF BANK BEES,600.0,600.0,592.8,594.18,594.2,600.74,,594.17,,,1194431,710831799.61,10041,F1,1,,,,,
2026-07-14,2026-07-14,CM,NSE,STK,2435,INF204KA1LD7,CONSUMBEES,EQ,,,,,NIP IND ETF CONSUMPTION,129.5,129.64,128.42,129.05,128.9,129.65,,129.05,,,51968,6709714.44,709,F1,1,,,,,
2026-07-14,2026-07-14,CM,NSE,STK,2636,INF204KA1MS3,DIVOPPBEES,EQ,,,,,NIP IND ETF DIV OPP,77.8,77.8,76.15,76.3,76.38,76.92,,76.3,,,30082,2299683.9,824,F1,1,,,,,
2026-07-14,2026-07-14,CM,NSE,STK,9847,INF204KB18I3,NV20BEES,EQ,,,,,NIP IND ETF ETF NV20,142.3,142.3,140.66,141.11,141.5,142.31,,141.11,,,37403,5285127.82,326,F1,1,,,,,
2026-07-14,2026-07-14,CM,NSE,STK,14428,INF204KB17I5,GOLDBEES,EQ,,,,,NIP IND ETF GOLD BEES,116.4,116.48,115.26,115.98,116.0,116.95,,115.98,,,20985804,2436383835.61,85548,F1,1,,,,,
2026-07-14,2026-07-14,CM,NSE,STK,18284,INF204KB19I1,HNGSNGBEES,EQ,,,,,NIP IND ETF HANGSENG BEES,481.0,481.9,470.0,478.69,477.79,481.9,,478.7,,,61665,29579949.45,3570,F1,1,,,,,
2026-07-14,2026-07-14,CM,NSE,STK,20072,INF732E01268,INFRABEES,EQ,,,,,NIP IND ETF INFRA BEES,965.0,967.69,960.62,965.85,964.5,969.35,,965.58,,,4984,4812801.3,440,F1,1,,,,,
2026-07-14,2026-07-14,CM,NSE,STK,19084,INF204KB15V2,ITBEES,EQ,,,,,NIP IND ETF IT,32.96,32.96,31.71,31.85,31.8,32.16,,31.85,,,19093885,612502274.05,23446,F1,1,,,,,
2026-07-14,2026-07-14,CM,NSE,STK,10939,INF732E01045,JUNIORBEES,EQ,,,,,NIP IND ETF JUNIOR BEES,779.0,779.0,772.0,776.39,776.08,779.19,,776.39,,,297157,230217605.57,8350,F1,1,,,,,
2026-07-14,2026-07-14,CM,NSE,STK,11006,INF732E01037,LIQUIDBEES,EQ,,,,,NIP IND ETF LIQUID BEES,1000.0,1005.0,999.11,1000.0,1000.0,999.99,,1000.0,,,2981014,2981034763.81,4212,F1,1,,,,,
2026-07-14,2026-07-14,CM,NSE,STK,17700,INF204KB1882,LTGILTBEES,EQ,,,,,NIP IND ETF LONGTERM GILT,29.95,29.98,29.77,29.8,29.84,29.95,,29.8,,,1221747,36476082.74,701,F1,1,,,,,
2026-07-14,2026-07-14,CM,NSE,STK,8506,INF204KB1V68,MID150BEES,EQ,,,,,NIP IND ETF MIDCAP 150,239.99,239.99,237.8,238.53,238.62,239.34,,238.53,,,408288,97327118.54,5981,F1,1,,,,,
2026-07-14,2026-07-14,CM,NSE,STK,29577,INF204K014N5,NIF100BEES,EQ,,,,,NIP IND ETF NIFTY 100,267.4,268.49,266.0,266.47,268.49,268.89,,266.47,,,23077,6151149.23,572,F1,1,,,,,
2026-07-14,2026-07-14,CM,NSE,STK,10576,INF204KB14I2,NIFTYBEES,EQ,,,,,NIP IND ETF NIFTY BEES,274.58,274.58,271.0,273.35,273.45,275.3,,273.35,,,5310906,1454080587.28,39863,F1,1,,,,,
2026-07-14,2026-07-14,CM,NSE,STK,15032,INF204KB16I7,PSUBNKBEES,EQ,,,,,NIP IND ETF PSU BANK BEES,92.23,94.67,92.23,92.78,93.0,94.6,,92.78,,,1902767,177108773.05,7658,F1,1,,,,,
2026-07-14,2026-07-14,CM,NSE,STK,17044,INF732E01128,SHARIABEES,EQ,,,,,NIP IND ETF SHARIAH BEES,454.02,458.37,454.02,455.25,458.37,456.87,,455.28,,,8596,3918248.12,489,F1,1,,,,,
2026-07-14,2026-07-14,CM,NSE,STK,357,INE298J01013,NAM-INDIA,EQ,,,,,NIPPON L I A M LTD,1215.0,1215.0,1183.3,1192.7,1190.1,1215.3,,1192.7,,,527315,630031132.5,31028,F1,1,,,,,
2026-07-14,2026-07-14,CM,NSE,STK,757725,INF204KC1FU1,LIQGRWBEES,EQ,,,,,NIPPONAMC - LIQGRWBEES,1047.45,1047.47,1047.44,1047.44,1047.44,1047.32,,1047.44,,,92371,96754411.13,166,F1,1,,,,,
2026-07-14,2026-07-14,CM,NSE,STK,758667,INF204KC1GH6,MANUFGBEES,EQ,,,,,NIPPONAMC - MANUFGBEES,159.19,159.57,158.31,159.27,159.45,159.84,,159.27,,,1873,297575.92,52,F1,1,,,,,
2026-07-14,2026-07-14,CM,NSE,STK,7880,INF204KC1337,AUTOBEES,EQ,,,,,NIPPONAMC - NETFAUTO,276.06,277.9,274.1,274.52,274.95,278.85,,274.52,,,184308,50699768.94,3189,F1,1,,,,,
2026-07-14,2026-07-14,CM,NSE,STK,4973,INF204KC1089,PHARMABEES,EQ,,,,,NIPPONAMC - NETFPHARMA,25.73,26.96,25.73,26.59,26.57,26.39,,26.59,,,5943934,157999891.4,9684,F1,1,,,,,
2026-07-14,2026-07-14,CM,NSE,STK,8080,INF204KC1402,SILVERBEES,EQ,,,,,NIPPONAMC - NETFSILVER,205.84,208.9,205.11,208.01,208.46,207.46,,208.01,,,16814708,3490924612.88,55418,F1,1,,,,,
2026-07-14,2026-07-14,CM,NSE,STK,757455,INF204KC1EZ3,SNXT30BEES,EQ,,,,,NIPPONAMC - SNXT30BEES,42.1,42.13,41.78,41.98,41.97,42.22,,41.98,,,1429,59988.76,47,F1,1,,,,,
2026-07-14,2026-07-14,CM,NSE,STK,261,INE368I01016,NIRAJ,BE,,,,,NIRAJ CEMENT STRUC LTD,29.69,29.99,28.23,29.64,29.79,29.19,,29.64,,,29942,882439.46,82,F1,1,,,,,
2026-07-14,2026-07-14,CM,NSE,STK,18840,INE326T01011,NIRAJISPAT,EQ,,,,,NIRAJ ISPAT IND LTD,194.0,194.0,194.0,194.0,194.0,194.0,,194.0,,,10,1940.0,1,F1,1,,,,,
2026-07-14,2026-07-14,CM,NSE,STK,2433,INE910A01012,NIRLON,EQ,,,,,NIRLON LTD,629.2,657.0,624.5,647.95,649.7,629.2,,647.95,,,66699,43231070.9,2945,F1,1,,,,,
2026-07-14,2026-07-14,CM,NSE,STK,14722,INE0OK701014,NIRMAN,SM,,,,,NIRMAN AGRI GENTICS LTD,42.3,43.0,41.15,41.85,41.9,42.4,,41.85,,,7200,302490.0,18,F1,300,,,,,
2026-07-14,2026-07-14,CM,NSE,STK,13300,INE858F01012,NITCO,EQ,,,,,NITCO LIMITED,105.1,106.52,103.58,104.06,104.0,107.06,,104.06,,,279148,29224141.83,3668,F1,1,,,,,
2026-07-14,2026-07-14,CM,NSE,STK,13175,INE229H01012,NITINSPIN,EQ,,,,,NITIN SPINNERS LIMITED,562.9,565.05,550.0,554.7,555.0,563.3,,554.7,,,37108,20614407.65,1817,F1,1,,,,,
2026-07-14,2026-07-14,CM,NSE,STK,3247,INE439T01012,NITIRAJ,EQ,,,,,NITIRAJ ENGINEERS LTD,187.39,194.6,178.99,192.73,190.0,182.12,,192.73,,,7251,1381492.23,227,F1,1,,,,,
2026-07-14,2026-07-14,CM,NSE,STK,762824,INE265B01019,NITTAGELA,EQ,,,,,NITTA GELATIN INDIA LTD.,1938.0,1978.9,1820.2,1893.2,1900.0,1929.2,,1893.1,,,44856,84038068.7,5215,F1,1,,,,,
2026-07-14,2026-07-14,CM,NSE,STK,27097,INE995S01015,NIVABUPA,EQ,,,,,NIVA BUPA HEALTH INS CO L,88.75,88.98,85.76,86.17,86.31,88.09,,86.17,,,6230847,541007367.52,20697,F1,1,,,,,
2026-07-14,2026-07-14,CM,NSE,STK,2439,INE542C01019,NKIND,EQ,,,,,NK INDUSTRIES LTD,64.8,64.8,62.65,63.83,64.2,65.0,,63.83,,,428,27353.86,19,F1,1,,,,,
2026-07-14,2026-07-14,CM,NSE,STK,8585,INE589A01014,NLCINDIA,EQ,,,,,NLC INDIA LIMITED,303.3,306.35,299.95,303.6,303.2,304.65,,303.6,,,2015101,610466879.2,22513,F1,1,,,,,
2026-07-14,2026-07-14,CM,NSE,STK,761076,INE579F24065,805NMC30,N2,,,,,NMC 8.05% 2030 SR STRPP B,126.0,126.0,126.0,126.0,126.0,126.0,,126.0,,,10,1260.0,1,F1,1,,,,,
2026-07-14,2026-07-14,CM,NSE,STK,761077,INE579F24032,805NMC31,N3,,,,,NMC 8.05% 2031 SR STRPP C,126.0,126.0,126.0,126.0,126.0,126.0,,126.0,,,10,1260.0,1,F1,1,,,,,
2026-07-14,2026-07-14,CM,NSE,STK,761079,INE579F24040,805NMC33,N5,,,,,NMC 8.05% 2033 SR STRPP E,126.0,126.0,126.0,126.0,126.0,126.0,,126.0,,,10,1260.0,1,F1,1,,,,,
2026-07-14,2026-07-14,CM,NSE,STK,761081,INE579F24073,805NMC35,N7,,,,,NMC 8.05% 2035 SR STRPP G,126.0,126.0,126.0,126.0,126.0,126.4,,126.0,,,9,1134.0,2,F1,1,,,,,
2026-07-14,2026-07-14,CM,NSE,STK,15332,INE584A01023,NMDC,EQ,,,,,NMDC LTD.,84.0,85.95,83.82,84.99,84.86,84.13,,84.99,,,24646208,2095944744.15,90188,F1,1,,,,,
2026-07-14,2026-07-14,CM,NSE,STK,14180,INE0NNS01018,NSLNISP,EQ,,,,,NMDC STEEL LIMITED,43.15,43.39,42.82,43.09,43.08,43.15,,43.09,,,1823744,78528707.46,8353,F1,1,,,,,
2026-07-14,2026-07-14,CM,NSE,STK,2442,INE163A01018,NOCIL,EQ,,,,,NOCIL LIMITED,170.0,171.5,167.39,168.39,168.7,171.44,,168.39,,,291351,49340692.09,4343,F1,1,,,,,
2026-07-14,2026-07-14,CM,NSE,STK,11214,INE781B01015,NOIDATOLL,BE,,,,,NOIDA TOLL BRIDGE CO LTD,4.81,4.81,4.67,4.7,4.7,4.78,,4.7,,,41488,196444.17,140,F1,1,,,,,
2026-07-14,2026-07-14,CM,NSE,STK,4160,INE369C01017,NORBTEAEXP,EQ,,,,,NORBEN TEA & EXPORTS LTD,71.35,71.7,68.43,68.94,70.98,71.35,,68.94,,,332,23216.61,23,F1,1,,,,,
2026-07-14,2026-07-14,CM,NSE,STK,13533,INE553C01016,NECCLTD,BE,,,,,NORTH EAST CARRY CORP LTD,15.53,15.77,15.3,15.72,15.5,15.49,,15.4,,,23213,359174.51,115,F1,1,,,,,
2026-07-14,2026-07-14,CM,NSE,STK,25426,INE850M01015,NORTHARC,EQ,,,,,NORTHERN ARC CAPITAL LTD,325.5,328.25,315.15,318.9,319.0,324.95,,318.9,,,628665,201225583.4,17277,F1,1,,,,,
2026-07-14,2026-07-14,CM,NSE,STK,22478,INE02H701025,NOVAAGRI,BE,,,,,NOVA AGRITECH LIMITED,23.8,23.8,22.25,22.45,22.35,23.13,,22.46,,,101794,2317477.56,448,F1,1,,,,,
2026-07-14,2026-07-14,CM,NSE,STK,9007,INE234A01025,NOVARTIND,EQ,,,,,NOVARTIS INDIA LIMITED,1668.0,1723.0,1586.1,1617.6,1625.0,1664.8,,1617.6,,,94029,156452200.0,9321,F1,1,,,,,
2026-07-14,2026-07-14,CM,NSE,STK,7553,INE349A01021,NRBBEARING,EQ,,,,,NRB BEARING LIMITED,424.95,429.7,416.1,421.8,420.0,424.1,,421.8,,,229895,97151788.7,6116,F1,1,,,,,
2026-07-14,2026-07-14,CM,NSE,STK,29733,INE047O01014,NIBL,EQ,,,,,NRB INDUS. BEARINGS LTD.,31.62,33.95,30.64,33.25,33.68,31.62,,33.27,,,124626,4094192.86,11349,F1,1,,,,,
2026-07-14,2026-07-14,CM,NSE,STK,27176,INE0ONG01011,NTPCGREEN,EQ,,,,,NTPC GREEN ENERGY LIMITED,94.39,96.25,93.74,94.15,94.08,94.55,,94.15,,,2322074,220316300.28,32174,F1,1,,,,,
2026-07-14,2026-07-14,CM,NSE,STK,11630,INE733E01010,NTPC,EQ,,,,,NTPC LTD,348.5,353.95,347.5,348.15,348.75,351.75,,348.15,,,8579646,3004126246.8,121616,F1,1,,,,,
2026-07-14,2026-07-14,CM,NSE,STK,10791,INE096B01018,NUCLEUS,EQ,,,,,NUCLEUS SOFTWARE EXPORTS,771.0,784.0,757.35,762.75,758.0,773.4,,762.75,,,26915,20710384.95,1982,F1,1,,,,,
2026-07-14,2026-07-14,CM,NSE,STK,13680,INE0JM501013,NRL,BE,,,,,NUPUR RECYCLERS LIMITED,107.99,110.0,103.0,109.68,108.02,105.3,,109.68,,,173336,18662317.6,1078,F1,1,,,,,
2026-07-14,2026-07-14,CM,NSE,STK,2350,INE0DSF01015,NURECA,EQ,,,,,NURECA LIMITED,245.57,294.68,244.9,275.07,272.98,245.57,,275.01,,,504015,143278048.41,11559,F1,1,,,,,
2026-07-14,2026-07-14,CM,NSE,STK,18721,INE531F01023,NUVAMA,EQ,,,,,NUVAMA WEALTH MANAGE LTD,1898.4,1965.0,1885.2,1933.9,1928.0,1919.7,,1934.0,,,466429,902860083.7,35897,F1,1,,,,,
2026-07-14,2026-07-14,CM,NSE,STK,5426,INE118D01016,NUVOCO,EQ,,,,,NUVOCO VISTAS CORP LTD,341.95,358.8,334.0,341.4,338.5,316.55,,341.4,,,21133756,7259882068.7,253900,F1,1,,,,,
2026-07-14,2026-07-14,CM,NSE,STK,20242,INE093I01010,OBEROIRLTY,EQ,,,,,OBEROI REALTY LIMITED,1926.6,1947.9,1902.0,1916.5,1910.0,1925.2,,1916.5,,,698324,1339135211.8,30487,F1,1,,,,,
2026-07-14,2026-07-14,CM,NSE,STK,25923,INE0YHV01011,OBSCP,SM,,,,,OBSC PERFECTION LIMITED,660.0,660.0,632.0,634.1,632.0,652.0,,634.1,,,20400,13027500.0,51,F1,400,,,,,
2026-07-14,2026-07-14,CM,NSE,STK,25920,INE0PK601023,OCCLLTD,BE,,,,,OCCL LIMITED,126.51,133.0,126.51,131.5,130.25,128.3,,131.49,,,31442,4100624.26,297,F1,1,,,,,
2026-07-14,2026-07-14,CM,NSE,STK,27575,INE054301028,ODIGMA,BE,,,,,ODIGMA CONSULTANCY SOL L,23.01,23.49,23.0,23.04,23.02,23.0,,23.04,,,4613,106753.91,155,F1,1,,,,,
2026-07-14,2026-07-14,CM,NSE,STK,2475,INE213A01029,ONGC,EQ,,,,,OIL AND NATURAL GAS CORP.,252.0,252.0,247.3,248.9,248.01,248.45,,248.9,,,16299949,4057356229.59,123905,F1,1,,,,,
2026-07-14,2026-07-14,CM,NSE,STK,8109,INE591A01010,OILCOUNTUB,BE,,,,,OIL COUNTRY TUBULAR LTD.,56.98,56.98,52.0,53.42,53.5,54.5,,53.43,,,44093,2338863.63,150,F1,1,,,,,
2026-07-14,2026-07-14,CM,NSE,STK,17438,INE274J01014,OIL,EQ,,,,,OIL INDIA LTD,435.9,442.3,434.55,441.1,440.45,431.05,,441.1,,,5996484,2634182924.2,63692,F1,1,,,,,
2026-07-14,2026-07-14,CM,NSE,STK,24777,INE0LXG01040,OLAELEC,EQ,,,,,OLA ELECTRIC MOBILITY LTD,40.15,40.35,39.13,39.47,39.3,40.32,,39.47,,,36360238,1448540367.26,71964,F1,1,,,,,
2026-07-14,2026-07-14,CM,NSE,STK,10637,INE260D01016,OLECTRA,EQ,,,,,OLECTRA GREENTECH LIMITED,1392.6,1397.2,1372.0,1378.2,1373.9,1401.2,,1378.2,,,283029,391752980.9,14987,F1,1,,,,,
2026-07-14,2026-07-14,CM,NSE,STK,759412,INE1BZC01019,OMFREIGHT,BE,,,,,OM FREIGHT FORWARDERS LTD,93.99,95.0,90.75,91.38,90.75,93.99,,91.38,,,8289,761955.6,129,F1,1,,,,,
2026-07-14,2026-07-14,CM,NSE,STK,24231,INE239D01028,OMINFRAL,EQ,,,,,OM INFRA LIMITED,91.44,91.44,89.0,89.95,89.7,91.15,,89.96,,,63588,5721921.21,1685,F1,1,,,,,
2026-07-14,2026-07-14,CM,NSE,STK,762432,INE25E901019,OMPOWER,EQ,,,,,OM POWER TRANSMISSION LTD,176.55,176.55,168.08,172.73,172.99,175.58,,172.71,,,175759,30179051.98,2581,F1,1,,,,,
2026-07-14,2026-07-14,CM,NSE,STK,14125,INE090B01011,OMAXAUTO,BE,,,,,OMAX AUTOS LTD,255.0,255.0,245.6,248.98,250.0,254.36,,249.19,,,51669,12897966.59,641,F1,1,,,,,
2026-07-14,2026-07-14,CM,NSE,STK,14853,INE800H01010,OMAXE,EQ,,,,,OMAXE LIMITED,90.53,98.37,90.02,97.52,97.15,90.77,,97.52,,,6367876,613513188.32,40707,F1,1,,,,,
2026-07-14,2026-07-14,CM,NSE,STK,120,INE338Y01016,OMFURN,ST,,,,,OMFURN INDIA LIMITED,54.5,54.5,54.5,54.5,54.5,53.95,,54.5,,,1200,65400.0,1,F1,1200,,,,,
2026-07-14,2026-07-14,CM,NSE,STK,760865,INE0UH301010,OMNI,EQ,,,,,OMNITECH ENGINEERING LTD,548.0,562.0,538.2,550.75,548.0,547.65,,550.65,,,383284,211772609.9,22444,F1,1,,,,,
2026-07-14,2026-07-14,CM,NSE,STK,19703,INE00ER01015,ONDOOR,ST,,,,,ON DOOR CONCEPTS LIMITED,200.0,200.0,194.0,196.9,196.9,200.0,,196.9,,,5100,998220.0,11,F1,300,,,,,
2026-07-14,2026-07-14,CM,NSE,STK,6705,INE982J01020,PAYTM,EQ,,,,,ONE 97 COMMUNICATIONS LTD,1377.5,1393.4,1364.0,1381.4,1385.0,1386.5,,1381.4,,,4078216,5628090347.5,84471,F1,1,,,,,
2026-07-14,2026-07-14,CM,NSE,STK,28046,INE0HLU01028,MOBIKWIK,EQ,,,,,ONE MOBIKWIK SYSTEMS LTD,223.0,232.8,223.0,230.31,230.71,225.29,,230.3,,,6011126,1376315022.65,60625,F1,1,,,,,
2026-07-14,2026-07-14,CM,NSE,STK,9939,INE840Y01029,ONEPOINT,EQ,,,,,ONE POINT ONE SOL LTD,55.35,57.0,54.35,56.35,56.21,55.46,,56.35,,,1465259,81837221.16,7550,F1,1,,,,,
2026-07-14,2026-07-14,CM,NSE,STK,19433,INE0OPS01011,OLIL,ST,,,,,ONECLICK LOGISTICS IND L,424.0,434.0,424.0,434.0,434.0,421.0,,434.0,,,3600,1530400.0,6,F1,400,,,,,
2026-07-14,2026-07-14,CM,NSE,STK,25496,INE912L01015,ONELIFECAP,BE,,,,,ONELIFE CAP ADVISORS LTD,39.0,39.0,37.0,37.01,37.01,38.02,,37.01,,,21878,818710.93,99,F1,1,,,,,
2026-07-14,2026-07-14,CM,NSE,STK,763294,INE12F801023,KISSHT,EQ,,,,,ONEMI TECHNOLOGY SOL LTD,322.45,330.75,321.35,324.1,325.0,324.85,,324.1,,,2346895,764304979.15,30441,F1,1,,,,,
2026-07-14,2026-07-14,CM,NSE,STK,29224,INE013P01021,ONESOURCE,EQ,,,,,ONESOURCE SPECL PHARMA L,1681.2,1693.9,1616.9,1648.1,1650.0,1673.0,,1648.1,,,336968,556886545.0,24933,F1,1,,,,,
2026-07-14,2026-07-14,CM,NSE,STK,6853,INE831A01028,ONIDA,BE,,,,,ONIDA ELECTRONICS LIMITED,41.25,41.45,39.2,40.16,40.45,40.85,,40.16,,,180490,7295753.55,362,F1,1,,,,,
2026-07-14,2026-07-14,CM,NSE,STK,15282,INE809I01019,ONMOBILE,BE,,,,,ONMOBILE GLOBAL LTD.,69.81,71.13,68.16,69.41,68.65,71.14,,69.39,,,55170,3823100.27,438,F1,1,,,,,
2026-07-14,2026-07-14,CM,NSE,STK,2481,INE229A01017,ONWARDTEC,EQ,,,,,ONWARD TECHNOLOGIES LTD,289.75,299.8,279.55,284.65,284.1,290.45,,284.8,,,87237,25452411.05,2846,F1,1,,,,,
2026-07-14,2026-07-14,CM,NSE,STK,27143,INE0WVU01018,ONYX,ST,,,,,ONYX BIOTEC LIMITED,36.85,36.85,36.85,36.85,36.85,38.25,,36.85,,,2000,73700.0,1,F1,2000,,,,,
2026-07-14,2026-07-14,CM,NSE,STK,21469,INE350C01017,OPTIEMUS,EQ,,,,,OPTIEMUS INFRACOM LTD,575.0,591.0,565.0,566.3,565.5,579.9,,566.3,,,229333,132495291.2,12242,F1,1,,,,,
2026-07-14,2026-07-14,CM,NSE,STK,758900,INE15B101011,OPTIVALUE,SM,,,,,OPTIVALUE TEK CONSULT LTD,90.05,91.75,89.15,90.55,90.5,91.3,,90.55,,,27200,2464880.0,17,F1,1600,,,,,
2026-07-14,2026-07-14,CM,NSE,STK,10738,INE881D01027,OFSS,EQ,,,,,ORACLE FIN SERV SOFT LTD.,11740.0,11886.0,11607.0,11646.0,11650.0,11746.0,,11646.0,,,243706,2855282483.0,35161,F1,1,,,,,
2026-07-14,2026-07-14,CM,NSE,STK,31479,INE231G01010,ORBTEXP,BE,,,,,ORBIT EXPORTS LIMITED,236.9,238.8,234.5,237.23,238.5,235.68,,237.41,,,13198,3126907.53,225,F1,1,,,,,
2026-07-14,2026-07-14,CM,NSE,STK,29492,INE215B01022,ORCHASP,EQ,,,,,ORCHASP LIMITED,1.93,1.95,1.83,1.84,1.84,1.94,,1.84,,,226507,424288.22,279,F1,1,,,,,
2026-07-14,2026-07-14,CM,NSE,STK,926,INE191A01027,ORCHPHARMA,EQ,,,,,ORCHID PHARMA LIMITED,1007.4,1106.95,1006.2,1052.95,1056.0,1007.4,,1052.9,,,785905,832184568.7,51976,F1,1,,,,,
2026-07-14,2026-07-14,CM,NSE,STK,17882,INE0OUT01019,ORIANA,SM,,,,,ORIANA POWER LIMITED,1513.9,1521.0,1492.0,1498.45,1500.0,1504.9,,1498.45,,,26625,40164776.25,244,F1,75,,,,,
2026-07-14,2026-07-14,CM,NSE,STK,10159,INE730A01022,ORICONENT,EQ,,,,,ORICON ENTERPRISES LTD,56.3,58.25,56.2,57.8,58.25,56.33,,57.78,,,69389,3969622.58,826,F1,1,,,,,
2026-07-14,2026-07-14,CM,NSE,STK,14278,INE607D01018,ORIENTBELL,EQ,,,,,ORIENT BELL LIMITED,318.15,324.8,318.15,320.1,319.0,321.45,,319.95,,,2745,882077.35,164,F1,1,,,,,
2026-07-14,2026-07-14,CM,NSE,STK,30089,INE876N01018,ORIENTCEM,EQ,,,,,ORIENT CEMENT LTD.,136.92,137.95,135.41,136.37,135.61,136.89,,136.37,,,153543,20920819.9,1615,F1,1,,,,,
2026-07-14,2026-07-14,CM,NSE,STK,13111,INE569C01020,ORIENTCER,EQ,,,,,ORIENT CERATECH LIMITED,41.4,43.37,40.52,42.0,42.0,41.48,,41.99,,,84003,3503779.42,807,F1,1,,,,,
2026-07-14,2026-07-14,CM,NSE,STK,2972,INE142Z01019,ORIENTELEC,EQ,,,,,ORIENT ELECTRIC LIMITED,176.8,177.0,173.11,174.05,174.18,175.94,,174.04,,,91876,16063841.7,2247,F1,1,,,,,
2026-07-14,2026-07-14,CM,NSE,STK,20110,INE999K01014,GREENPOWER,EQ,,,,,ORIENT GREEN POWER CO LTD,10.14,10.18,9.96,9.99,10.01,10.14,,9.99,,,1935425,19425715.14,4019,F1,1,,,,,
2026-07-14,2026-07-14,CM,NSE,STK,2493,INE750A01020,ORIENTHOT,EQ,,,,,ORIENT HOTELS LTD,132.96,138.53,132.67,133.98,134.35,133.41,,133.96,,,415749,56102096.69,5409,F1,1,,,,,
2026-07-14,2026-07-14,CM,NSE,STK,2496,INE592A01026,ORIENTPPR,EQ,,,,,ORIENT PAPER AND INDS LTD,16.65,16.94,16.6,16.86,16.93,16.72,,16.86,,,128910,2160473.43,561,F1,1,,,,,
2026-07-14,2026-07-14,CM,NSE,STK,18208,INE609C01024,ORIENTLTD,EQ,,,,,ORIENT PRESS LIMITED,73.0,74.39,71.05,71.46,71.05,73.74,,71.46,,,2075,149145.95,57,F1,1,,,,,
2026-07-14,2026-07-14,CM,NSE,STK,24961,INE0PPK01015,ORIENTTECH,EQ,,,,,ORIENT TECHNOLOGIES LTD,258.6,298.6,256.21,280.8,280.4,258.8,,280.8,,,17335944,5008689697.08,211965,F1,1,,,,,
2026-07-14,2026-07-14,CM,NSE,STK,10768,INE959C01023,OAL,EQ,,,,,ORIENTAL AROMATICS LTD,353.3,358.85,347.25,352.65,348.15,355.2,,352.45,,,18483,6529753.15,1355,F1,1,,,,,
2026-07-14,2026-07-14,CM,NSE,STK,14346,INE998H01012,ORIENTALTL,EQ,,,,,ORIENTAL TRIMEX LTD,5.48,5.7,5.21,5.43,5.47,5.48,,5.43,,,191414,1045896.41,392,F1,1,,,,,
2026-07-14,2026-07-14,CM,NSE,STK,8797,INE426Z01016,OBCL,EQ,,,,,ORISSA BENGAL CARRIER LTD,53.0,53.49,51.7,52.25,53.0,53.62,,52.25,,,9667,506887.58,158,F1,1,,,,,
2026-07-14,2026-07-14,CM,NSE,STK,19931,INE725E01024,ORISSAMINE,EQ,,,,,ORISSA MIN DEV CO LTD,3784.3,3842.9,3699.1,3734.9,3720.0,3784.3,,3734.9,,,7091,26691292.1,1673,F1,1,,,,,
2026-07-14,2026-07-14,CM,NSE,STK,759569,INE16NZ01023,ORKLAINDIA,EQ,,,,,ORKLA INDIA LIMITED,590.95,594.45,579.0,590.2,593.0,590.95,,590.15,,,112336,65926655.15,8290,F1,1,,,,,
2026-07-14,2026-07-14,CM,NSE,STK,13321,INE849L01019,ORTEL,BZ,,,,,ORTEL COMMUNICATIONS LTD,1.73,1.73,1.66,1.71,1.71,1.65,,1.71,,,6918,11879.57,18,F1,1,,,,,
2026-07-14,2026-07-14,CM,NSE,STK,2980,INE749B01020,ORTINGLOBE,BE,,,,,ORTIN GLOBAL LIMITED,16.76,16.76,15.7,15.99,15.98,16.0,,15.99,,,1236,20280.2,26,F1,1,,,,,
2026-07-14,2026-07-14,CM,NSE,STK,25386,INE0RMF01018,OSELDEVICE,SM,,,,,OSEL DEVICES LIMITED,448.0,450.0,434.0,443.0,442.0,448.0,,443.0,,,16000,7091570.0,44,F1,200,,,,,
2026-07-14,2026-07-14,CM,NSE,STK,12643,INE06IR01021,OSIAHYPER,BE,,,,,OSIA HYPER RETAIL LIMITED,3.21,3.21,3.03,3.08,3.1,3.18,,3.08,,,307679,954172.29,378,F1,1,,,,,
2026-07-14,2026-07-14,CM,NSE,STK,5362,INE142A01012,OSWALAGRO,BE,,,,,OSWAL AGRO MILLS LTD,41.2,41.4,40.4,40.64,40.99,40.96,,40.68,,,17468,714280.7,94,F1,1,,,,,
2026-07-14,2026-07-14,CM,NSE,STK,471,INE143A01010,OSWALGREEN,EQ,,,,,OSWAL GREENTECH LIMITED,22.36,22.59,21.78,21.88,21.82,22.47,,21.88,,,93807,2064851.2,693,F1,1,,,,,
2026-07-14,2026-07-14,CM,NSE,STK,756802,INE0BYP01024,OSWALPUMPS,EQ,,,,,OSWAL PUMPS LIMITED,406.05,406.05,400.0,401.25,400.0,408.0,,401.3,,,273985,110218221.6,5407,F1,1,,,,,
2026-07-14,2026-07-14,CM,NSE,STK,22914,INE0R8M01017,OWAIS,ST,,,,,OWAIS METAL & MINERAL,102.95,107.0,100.75,105.4,106.6,105.7,,105.4,,,12500,1291025.0,65,F1,100,,,,,
2026-07-14,2026-07-14,CM,NSE,STK,25312,INE953R01016,PNGJL,EQ,,,,,P N GADGIL JEWELLERS LTD,594.95,602.95,590.1,593.3,593.0,598.35,,593.3,,,273934,163140254.05,11275,F1,1,,,,,
2026-07-14,2026-07-14,CM,NSE,STK,2535,INE179A01014,PGHH,EQ,,,,,P&G HYGIENE & HEALTH CARE,8950.0,8950.0,8868.0,8877.0,8875.0,8906.0,,8875.5,,,4658,41437461.5,1430,F1,1,,,,,
2026-07-14,2026-07-14,CM,NSE,STK,759342,INE0S3G01027,PACEDIGITK,EQ,,,,,PACE DIGITEK LIMITED,211.0,211.99,203.0,204.5,204.8,212.24,,204.5,,,1943991,403204442.03,15838,F1,1,,,,,
2026-07-14,2026-07-14,CM,NSE,STK,14413,INE761H01022,PAGEIND,EQ,,,,,PAGE INDUSTRIES LTD,40000.0,40630.0,39675.0,40530.0,40540.0,39955.0,,40530.0,,,24622,992546930.0,10259,F1,1,,,,,
2026-07-14,2026-07-14,CM,NSE,STK,25468,INE420C01059,PAISALO,EQ,,,,,PAISALO DIGITAL LIMITED,71.95,73.6,71.48,72.45,72.41,72.3,,72.45,,,10037118,730885330.81,26623,F1,1,,,,,
2026-07-14,2026-07-14,CM,NSE,STK,17197,INE551D01018,PAKKA,EQ,,,,,PAKKA LIMITED,74.3,75.6,72.73,73.82,74.8,73.72,,73.95,,,41481,3044992.14,816,F1,1,,,,,
2026-07-14,2026-07-14,CM,NSE,STK,21383,INE471W01019,PALASHSECU,EQ,,,,,PALASH SECURITIES LTD,93.5,94.45,91.01,91.01,91.01,90.36,,91.0,,,423,39450.81,43,F1,1,,,,,
2026-07-14,2026-07-14,CM,NSE,STK,17059,INE218G01033,PALREDTEC,BE,,,,,PALRED TECHNOLOGIES LTD,52.63,52.63,52.63,52.63,52.63,53.7,,52.63,,,646,33998.98,10,F1,1,,,,,
2026-07-14,2026-07-14,CM,NSE,STK,4055,INE922B01023,PANACEABIO,EQ,,,,,PANACEA BIOTEC LTD,546.8,546.8,534.0,537.55,537.0,542.5,,537.55,,,60416,32480122.45,2434,F1,1,,,,,
2026-07-14,2026-07-14,CM,NSE,STK,16292,INE895W01019,PANACHE,EQ,,,,,PANACHE DIGILIFE LIMITED,459.0,459.0,442.1,447.95,452.0,448.9,,447.95,,,7414,3328530.05,383,F1,1,,,,,
2026-07-14,2026-07-14,CM,NSE,STK,25392,INE305C01029,PANAMAPET,EQ,,,,,PANAMA PETROCHEM LTD,419.2,423.95,409.3,417.1,420.0,419.2,,417.05,,,88453,36685719.7,2764,F1,1,,,,,
2026-07-14,2026-07-14,CM,NSE,STK,6141,INE697V01011,PANSARI,EQ,,,,,PANSARI DEVELOPERS LTD,358.9,365.0,355.0,363.4,363.0,358.85,,363.4,,,2844,1023169.7,154,F1,1,,,,,
2026-07-14,2026-07-14,CM,NSE,STK,5631,INE04LG01015,PAR,EQ,,,,,PAR DRUGS AND CHEM LTD,91.68,93.8,90.6,91.35,91.32,91.68,,91.35,,,4465,411522.0,40,F1,1,,,,,
2026-07-14,2026-07-14,CM,NSE,STK,9741,INE088F01024,PARADEEP,EQ,,,,,PARADEEP PHOSPHATES LTD,142.6,143.8,140.12,141.48,141.55,143.38,,141.49,,,2341900,332387939.23,24636,F1,1,,,,,
2026-07-14,2026-07-14,CM,NSE,STK,17130,INE883N01014,PARAGMILK,EQ,,,,,PARAG MILK FOODS LTD.,227.6,232.34,222.4,224.04,223.01,229.46,,224.0,,,389452,87989421.36,5375,F1,1,,,,,
2026-07-14,2026-07-14,CM,NSE,STK,19779,INE0N4G01012,PARAGON,SM,,,,,PARAGON FINE S.C. LTD.,49.25,49.25,49.25,49.25,49.25,48.5,,49.25,,,1200,59100.0,1,F1,1200,,,,,
2026-07-14,2026-07-14,CM,NSE,STK,13951,INE074B01023,PARACABLES,EQ,,,,,PARAMOUNT COMM LTD,65.78,66.0,64.85,65.2,65.65,65.99,,65.2,,,907198,59254717.13,5365,F1,1,,,,,
2026-07-14,2026-07-14,CM,NSE,STK,25720,INE0TG801013,PARAMOUNT,ST,,,,,PARAMOUNT DYE TEC LIMITED,36.05,36.05,36.05,36.05,36.05,36.4,,36.05,,,1200,43260.0,1,F1,1200,,,,,
2026-07-14,2026-07-14,CM,NSE,STK,1353,INE749Y01014,PARAMPARA,SM,,,,,PARAMPARA DAIRY DLGHT LTD,12.45,12.45,12.4,12.4,12.4,11.9,,12.4,,,16000,198800.0,2,F1,8000,,,,,
2026-07-14,2026-07-14,CM,NSE,STK,5911,INE045601023,PARAS,EQ,,,,,PARAS DEF AND SPCE TECH L,1216.0,1228.6,1195.1,1202.3,1201.4,1224.5,,1202.3,,,891412,1074482862.4,32681,F1,1,,,,,
2026-07-14,2026-07-14,CM,NSE,STK,3972,INE162C01024,PARASPETRO,EQ,,,,,PARAS PETROFILS LTD.,2.05,2.09,2.02,2.04,2.06,2.03,,2.04,,,108519,223266.47,168,F1,1,,,,,
2026-07-14,2026-07-14,CM,NSE,STK,5460,INE00U801010,PARIN,SM,,,,,PARIN ENTERPRISES LIMITED,728.75,734.0,700.75,724.8,725.0,728.2,,724.8,,,5000,3631687.5,15,F1,250,,,,,
2026-07-14,2026-07-14,CM,NSE,STK,760351,INE119201023,PARKHOSPS,EQ,,,,,PARK MEDI WORLD LIMITED,291.9,292.0,285.0,286.55,287.0,290.45,,286.5,,,355311,102185840.85,7726,F1,1,,,,,
2026-07-14,2026-07-14,CM,NSE,STK,22649,INE988S01028,PARKHOTELS,EQ,,,,,PARKHOTELS,130.9,134.79,129.0,132.17,132.1,131.26,,132.17,,,433229,57286951.96,3908,F1,1,,,,,
2026-07-14,2026-07-14,CM,NSE,STK,13795,INE561H01026,PARSVNATH,BE,,,,,PARSVNATH DEVELOPER LTD,2.26,2.26,2.26,2.26,2.26,2.3,,2.25,,,80067,180951.42,132,F1,1,,,,,
2026-07-14,2026-07-14,CM,NSE,STK,758220,INE1H7V01011,PARTH,ST,,,,,PARTH ELEC & ENG LTD,435.0,445.0,435.0,438.0,438.0,425.0,,438.0,,,4000,1758360.0,10,F1,400,,,,,
2026-07-14,2026-07-14,CM,NSE,STK,2599,INE06ZX01015,PARTYCRUS,SM,,,,,PARTY CRUISERS LIMITED,85.0,85.0,85.0,85.0,85.0,84.4,,85.0,,,2000,170000.0,2,F1,1000,,,,,
2026-07-14,2026-07-14,CM,NSE,STK,757955,INE124Y01028,PASHUPATI,EQ,,,,,PASHUPATI COTSPIN LIMITED,87.9,88.65,86.22,87.52,88.55,86.95,,87.54,,,57856,5030228.96,2835,F1,1,,,,,
2026-07-14,2026-07-14,CM,NSE,STK,6048,INE818B01023,PASUPTAC,BE,,,,,PASUPATI ACRYLON LIMITED,63.48,63.48,60.01,60.41,60.41,62.04,,60.41,,,71444,4347064.55,337,F1,1,,,,,
2026-07-14,2026-07-14,CM,NSE,STK,17029,INE619A01035,PATANJALI,EQ,,,,,PATANJALI FOODS LIMITED,408.85,409.55,405.85,407.55,407.0,408.85,,407.55,,,2782224,1133394190.55,63966,F1,1,,,,,
2026-07-14,2026-07-14,CM,NSE,STK,11699,INE244B01030,PATELENG,EQ,,,,,PATEL ENGINEERING LTD.,31.21,31.49,30.55,30.61,30.63,31.53,,30.61,,,3436885,106169405.07,9787,F1,1,,,,,
2026-07-14,2026-07-14,CM,NSE,STK,15223,INE529D01014,PATINTLOG,BE,,,,,PATEL INT. LOG. LTD,15.49,15.49,15.25,15.29,15.35,15.52,,15.27,,,16881,258141.25,102,F1,1,,,,,
2026-07-14,2026-07-14,CM,NSE,STK,759439,INE0R8B01010,PATELRMART,EQ,,,,,PATEL RETAIL LIMITED,228.9,230.2,223.28,225.27,224.2,227.18,,225.26,,,68894,15548367.72,1673,F1,1,,,,,
2026-07-14,2026-07-14,CM,NSE,STK,756966,INE17GV01016,PATILAUTOM,ST,,,,,PATIL AUTOMATION LIMITED,188.0,197.0,188.0,191.05,192.95,192.0,,191.05,,,27600,5348970.0,38,F1,600,,,,,
2026-07-14,2026-07-14,CM,NSE,STK,762834,INE291E01019,PML,EQ,,,,,PAUL MERCHANTS LTD.,480.1,480.1,475.0,480.0,480.0,477.05,,479.95,,,485,232721.55,23,F1,1,,,,,
2026-07-14,2026-07-14,CM,NSE,STK,759969,INE111F01024,PAUSHAKLTD,EQ,,,,,PAUSHAK LIMITED,571.0,577.95,542.4,550.7,547.5,571.15,,550.5,,,28608,15864484.0,1575,F1,1,,,,,
2026-07-14,2026-07-14,CM,NSE,STK,16201,INE07S101038,PAVNAIND,BE,,,,,PAVNA INDUSTRIES LIMITED,16.5,17.44,16.5,17.32,17.34,16.67,,17.32,,,34293,589811.92,93,F1,1,,,,,
2026-07-14,2026-07-14,CM,NSE,STK,6656,INE417T01026,POLICYBZR,EQ,,,,,PB FINTECH LIMITED,1582.0,1591.8,1555.0,1566.9,1570.0,1594.6,,1566.9,,,968474,1517717399.9,46676,F1,1,,,,,
2026-07-14,2026-07-14,CM,NSE,STK,29124,INE785M01021,PCJEWELLER,EQ,,,,,PC JEWELLER LTD,9.94,10.13,9.78,9.86,9.8,9.92,,9.86,,,375453742,3735359600.92,177247,F1,1,,,,,
2026-07-14,2026-07-14,CM,NSE,STK,2649,INE602A01031,PCBL,EQ,,,,,PCBL CHEMICAL LIMITED,321.85,325.5,317.6,318.9,319.0,323.55,,318.9,,,653458,209360849.0,13746,F1,1,,,,,
2026-07-14,2026-07-14,CM,NSE,STK,5264,INE111Q01021,PDSL,EQ,,,,,PDS LIMITED,390.0,418.5,375.0,382.25,380.5,359.35,,382.25,,,9246576,3689498642.65,152106,F1,1,,,,,
2026-07-14,2026-07-14,CM,NSE,STK,14260,INE940H01022,PGIL,EQ,,,,,PEARL GLOBAL IND LIMITED,2045.0,2046.0,1990.4,1997.3,1999.0,2049.4,,1997.3,,,33285,67108040.6,6259,F1,1,,,,,
2026-07-14,2026-07-14,CM,NSE,STK,8188,INE844A01013,PEARLPOLY,BE,,,,,PEARL POLYMERS LTD,18.0,18.0,17.32,17.35,17.35,18.1,,17.36,,,11329,196682.57,28,F1,1,,,,,
2026-07-14,2026-07-14,CM,NSE,STK,25408,INE0VG601013,PELATRO,SM,,,,,PELATRO LIMITED,252.0,252.0,250.0,250.4,250.4,251.85,,250.4,,,10800,2707635.0,17,F1,300,,,,,
2026-07-14,2026-07-14,CM,NSE,STK,5358,INE138A01028,PENINLAND,BE,,,,,PENINSULA LAND LIMITED,18.9,18.9,18.87,18.87,18.87,19.25,,18.73,,,36639,692234.43,117,F1,1,,,,,
2026-07-14,2026-07-14,CM,NSE,STK,20621,INE932A01024,PENIND,EQ,,,,,PENNAR INDUSTRIES LTD,174.0,185.0,171.38,172.63,172.46,172.34,,172.64,,,3973488,713146944.9,40204,F1,1,,,,,
2026-07-14,2026-07-14,CM,NSE,STK,17132,INE0ORS01017,PENTAGON,SM,,,,,PENTAGON RUBBER LIMITED,52.65,52.65,52.65,52.65,52.65,54.0,,52.65,,,1000,52650.0,1,F1,1000,,,,,
2026-07-14,2026-07-14,CM,NSE,STK,18365,INE262H01021,PERSISTENT,EQ,,,,,PERSISTENT SYSTEMS LTD,5189.9,5257.0,5111.1,5129.1,5125.0,5192.4,,5129.1,,,567112,2936157649.8,50904,F1,1,,,,,
2026-07-14,2026-07-14,CM,NSE,STK,24290,INE998U01015,PCCL,SM,,,,,PETRO CARBON AND CHEMI L,245.0,251.0,245.0,251.0,251.0,253.95,,251.0,,,8400,2070240.0,20,F1,400,,,,,
2026-07-14,2026-07-14,CM,NSE,STK,11351,INE347G01014,PETRONET,EQ,,,,,PETRONET LNG LIMITED,277.85,278.15,275.3,276.05,276.0,278.95,,276.05,,,1207948,333874681.35,28284,F1,1,,,,,
2026-07-14,2026-07-14,CM,NSE,STK,760801,INE134E07DP0,7PFCL31,N3,,,,,PFCL 7.00% 2031 SR I,994.0,994.0,994.0,994.0,994.0,994.0,,994.0,,,50,49700.0,1,F1,1,,,,,
2026-07-14,2026-07-14,CM,NSE,STK,760810,INE134E07DU0,730PFCL41,NC,,,,,PFCL 7.30% 2041 SR IV,991.93,996.0,991.93,996.0,996.0,991.93,,996.0,,,20,19879.3,2,F1,1,,,,,
2026-07-14,2026-07-14,CM,NSE,STK,2643,INE182A01018,PFIZER,EQ,,,,,PFIZER LTD,4736.3,4747.0,4655.9,4664.6,4665.0,4736.3,,4664.8,,,39243,184060882.4,9261,F1,1,,,,,
2026-07-14,2026-07-14,CM,NSE,STK,25358,INE457L01029,PGEL,EQ,,,,,PG ELECTROPLAST LTD,590.4,603.0,583.0,601.1,602.1,595.85,,601.05,,,2938064,1753460753.05,39040,F1,1,,,,,
2026-07-14,2026-07-14,CM,NSE,STK,11612,INE0MLZ01019,PHANTOMFX,SM,,,,,PHANTOM DIGITAL EFF LTD,186.0,191.95,186.0,189.65,191.0,187.75,,189.65,,,11700,2212545.0,37,F1,300,,,,,
2026-07-14,2026-07-14,CM,NSE,STK,25513,INE0FPO01018,PHOGLOBAL,SM,,,,,PHOENIX OVERSEAS LIMITED,16.2,16.2,15.9,16.15,16.15,16.2,,16.15,,,8000,128600.0,4,F1,2000,,,,,
2026-07-14,2026-07-14,CM,NSE,STK,759723,INE0LP301011,PWL,EQ,,,,,PHYSICSWALLAH LIMITED,141.0,146.44,140.62,142.56,142.49,142.62,,142.61,,,7593287,1094625277.85,43409,F1,1,,,,,
2026-07-14,2026-07-14,CM,NSE,STK,24184,INE603J01030,PIIND,EQ,,,,,PI INDUSTRIES LTD,2571.4,2571.5,2527.0,2537.2,2541.8,2569.0,,2537.2,,,371827,943382228.7,28553,F1,1,,,,,
2026-07-14,2026-07-14,CM,NSE,STK,757754,INE546C01010,PICCADIL,EQ,,,,,PICCADILY AGRO INDUSTRI L,716.65,738.75,710.1,716.55,717.05,718.9,,716.55,,,386031,278904887.75,20361,F1,1,,,,,
2026-07-14,2026-07-14,CM,NSE,STK,24791,INE0YAL01017,PPSL,ST,,,,,PICTUREPOST STUDIOS LTD,2.4,2.55,2.35,2.5,2.55,2.45,,2.5,,,933000,2240850.0,201,F1,3000,,,,,
2026-07-14,2026-07-14,CM,NSE,STK,2664,INE318A01026,PIDILITIND,EQ,,,,,PIDILITE INDUSTRIES LTD,1565.0,1572.9,1547.4,1555.4,1557.0,1580.7,,1555.4,,,1040498,1617641195.8,46317,F1,1,,,,,
2026-07-14,2026-07-14,CM,NSE,STK,30838,INE600A01035,PILITA,BE,,,,,PIL ITALICA LIFESTYLE LTD,9.3,9.3,9.0,9.0,9.0,9.09,,9.0,,,37144,336494.17,75,F1,1,,,,,
2026-07-14,2026-07-14,CM,NSE,STK,11445,INE417C01014,PILANIINVS,EQ,,,,,PILANI INV & IND COR LTD,4421.2,4438.8,4351.1,4362.4,4398.0,4459.4,,4362.5,,,2169,9519164.5,375,F1,1,,,,,
2026-07-14,2026-07-14,CM,NSE,STK,759820,INE15B701018,PINELABS,EQ,,,,,PINE LABS LIMITED,154.74,157.84,152.84,156.92,157.2,155.14,,156.92,,,17542322,2735135661.56,60207,F1,1,,,,,
2026-07-14,2026-07-14,CM,NSE,STK,13463,INE156C01018,PIONEEREMB,EQ,,,,,PIONEER EMBROIDERIES LTD,23.62,23.62,22.5,22.75,22.66,23.42,,22.75,,,1655,37601.05,54,F1,1,,,,,
2026-07-14,2026-07-14,CM,NSE,STK,762829,INE746D01014,PIONRINV,EQ,,,,,PIONEER INVESTCORP LTD.,80.1,82.4,78.75,79.18,79.0,81.34,,79.17,,,3723,297575.47,118,F1,1,,,,,
2026-07-14,2026-07-14,CM,NSE,STK,759551,INE202B01038,PIRAMALFIN,EQ,,,,,PIRAMAL FINANCE LIMITED,2180.0,2202.0,2142.7,2152.9,2143.0,2172.8,,2153.0,,,217480,472365759.9,24942,F1,1,,,,,
2026-07-14,2026-07-14,CM,NSE,STK,11571,INE0DK501011,PPLPHARMA,EQ,,,,,PIRAMAL PHARMA LIMITED,173.63,174.77,171.01,171.93,171.92,173.63,,171.93,,,2716698,469577445.21,26714,F1,1,,,,,
2026-07-14,2026-07-14,CM,NSE,STK,14134,INE450D01021,PITTIENG,EQ,,,,,PITTI ENGINEERING LIMITED,970.1,974.75,950.1,958.4,958.5,973.55,,958.45,,,30130,29047714.35,1524,F1,1,,,,,
2026-07-14,2026-07-14,CM,NSE,STK,9087,INE751B01018,PIXTRANS,EQ,,,,,PIX TRANSMISSIONS LIMITED,1853.4,1859.6,1817.0,1837.2,1835.0,1853.4,,1837.2,,,9528,17457413.5,1224,F1,1,,,,,
2026-07-14,2026-07-14,CM,NSE,STK,19492,INE0PXD01014,PLADAINFO,SM,,,,,PLADA INFOTECH SERVICES L,11.4,11.4,11.4,11.4,11.4,12.0,,11.4,,,3000,34200.0,1,F1,3000,,,,,
2026-07-14,2026-07-14,CM,NSE,STK,13920,INE083C01022,PLASTIBLEN,EQ,,,,,PLASTIBLENDS INDIA LTD,207.0,216.29,198.1,199.82,198.51,195.79,,199.82,,,1105978,230478052.1,14086,F1,1,,,,,
2026-07-14,2026-07-14,CM,NSE,STK,22930,INE0PT501018,PLATIND,EQ,,,,,PLATINUM INDUSTRIES LTD,228.48,230.11,225.1,227.74,228.2,231.08,,227.74,,,46606,10592546.84,1146,F1,1,,,,,
2026-07-14,2026-07-14,CM,NSE,STK,19461,INE0INJ01017,PLAZACABLE,BE,,,,,PLAZA WIRES LIMITED,43.63,43.9,42.8,43.04,43.0,43.63,,43.04,,,15997,691792.46,191,F1,1,,,,,
2026-07-14,2026-07-14,CM,NSE,STK,8736,INE859A01011,PNBGILTS,EQ,,,,,PNB GILTS LIMITED,89.01,89.08,87.21,88.35,88.7,89.19,,88.35,,,320126,28199675.71,2387,F1,1,,,,,
2026-07-14,2026-07-14,CM,NSE,STK,18908,INE572E01012,PNBHOUSING,EQ,,,,,PNB HOUSING FIN LTD.,1116.4,1116.4,1079.2,1095.5,1097.0,1122.3,,1095.5,,,714193,780529351.2,36745,F1,1,,,,,
2026-07-14,2026-07-14,CM,NSE,STK,9385,INE195J01029,PNCINFRA,EQ,,,,,PNC INFRATECH LTD.,247.0,251.88,242.75,244.53,243.3,247.46,,244.51,,,546066,134100246.36,12806,F1,1,,,,,
2026-07-14,2026-07-14,CM,NSE,STK,760242,INE1RDG01013,PNGSREVA,EQ,,,,,PNGS REVA DIAMOND JEWEL L,412.95,412.95,402.6,408.55,407.25,406.85,,408.45,,,35541,14487696.5,2099,F1,1,,,,,
2026-07-14,2026-07-14,CM,NSE,STK,19036,INE371C01013,PODDARMENT,EQ,,,,,PODDAR PIGMENTS LIMITED,235.5,244.96,235.0,235.52,235.51,240.33,,235.52,,,2403,567500.59,75,F1,1,,,,,
2026-07-14,2026-07-14,CM,NSE,STK,17651,INE637C01025,POKARNA,EQ,,,,,POKARNA LIMITED,997.0,1023.9,997.0,1019.1,1010.0,1011.5,,1019.0,,,31682,32223613.1,3880,F1,1,,,,,
2026-07-14,2026-07-14,CM,NSE,STK,25718,INE205C01021,POLYMED,EQ,,,,,POLY MEDICURE LIMITED,1645.1,1669.2,1622.5,1664.4,1668.0,1651.6,,1664.4,,,90000,147909497.0,10536,F1,1,,,,,
2026-07-14,2026-07-14,CM,NSE,STK,9590,INE455K01017,POLYCAB,EQ,,,,,POLYCAB INDIA LIMITED,9304.5,9564.0,9228.0,9532.5,9530.0,9306.5,,9532.5,,,464552,4389373839.0,50560,F1,1,,,,,
2026-07-14,2026-07-14,CM,NSE,STK,2687,INE633B01018,POLYPLEX,EQ,,,,,POLYPLEX CORPORATION LTD,1090.0,1090.0,1056.35,1062.7,1070.0,1092.75,,1062.8,,,64414,68975840.85,4930,F1,1,,,,,
2026-07-14,2026-07-14,CM,NSE,STK,22711,INE517M01028,POLYSIL,SM,,,,,POLYSIL IRRIGATION SYST L,112.0,112.15,110.0,111.0,111.0,114.6,,111.0,,,20000,2214725.0,22,F1,500,,,,,
2026-07-14,2026-07-14,CM,NSE,STK,14385,INE063E01053,POCL,EQ,,,,,PONDY OXIDES & CHEM LTD,1437.0,1437.0,1385.0,1392.5,1391.0,1437.0,,1392.5,,,132012,186054635.1,8250,F1,1,,,,,
2026-07-14,2026-07-14,CM,NSE,STK,10661,INE838E01017,PONNIERODE,EQ,,,,,PONNIE SUGARS (ERODE) LTD,329.55,335.0,322.25,325.3,324.1,329.55,,325.35,,,8919,2930860.15,585,F1,1,,,,,
2026-07-14,2026-07-14,CM,NSE,STK,11403,INE511C01022,POONAWALLA,EQ,,,,,POONAWALLA FINCORP LTD,481.0,482.65,466.05,469.25,468.3,485.1,,469.25,,,767204,361017903.6,17488,F1,1,,,,,
2026-07-14,2026-07-14,CM,NSE,STK,23142,INE772T01024,PVSL,EQ,,,,,POPULAR VEHICLES N SER L,93.95,94.0,92.16,93.64,93.4,93.95,,93.62,,,10386,969221.53,418,F1,1,,,,,
2026-07-14,2026-07-14,CM,NSE,STK,24867,INE0S3H01017,POSITRON,ST,,,,,POSITRON ENERGY LIMITED,183.45,183.5,180.05,180.05,180.05,183.8,,180.05,,,1500,273165.0,5,F1,300,,,,,
2026-07-14,2026-07-14,CM,NSE,STK,14299,INE134E01011,PFC,EQ,,,,,POWER FIN CORP LTD.,405.0,409.95,400.15,409.15,409.4,405.1,,409.15,,,4321273,1758986379.85,71384,F1,1,,,,,
2026-07-14,2026-07-14,CM,NSE,STK,14977,INE752E01010,POWERGRID,EQ,,,,,POWER GRID CORP. LTD.,282.35,286.95,282.3,286.15,285.6,286.0,,286.15,,,7596298,2161138387.4,87960,F1,1,,,,,
2026-07-14,2026-07-14,CM,NSE,STK,15716,INE557Z01018,PIGL,EQ,,,,,POWER INSTRUMENT (G) LTD,114.41,114.47,109.1,110.08,109.11,114.77,,110.16,,,51110,5698460.04,674,F1,1,,,,,
2026-07-14,2026-07-14,CM,NSE,STK,10473,INE211R01019,POWERMECH,EQ,,,,,POWER MECH PROJECTS LTD.,2665.0,2665.0,2584.1,2590.3,2588.1,2666.2,,2590.1,,,51788,135088642.1,8783,F1,1,,,,,
2026-07-14,2026-07-14,CM,NSE,STK,3494,INE0GGX23010,PGINVIT,IV,,,,,POWERGRID INFRA. INVITS,96.97,97.05,96.9,96.95,96.95,96.97,,96.95,,,1135656,110106285.84,6921,F1,1,,,,,
2026-07-14,2026-07-14,CM,NSE,STK,761680,INE921L01032,POWERICA,EQ,,,,,POWERICA LIMITED,581.95,590.0,566.0,567.6,567.3,574.35,,567.5,,,472087,272695400.95,14275,F1,1,,,,,
2026-07-14,2026-07-14,CM,NSE,STK,15209,INE095I01015,PPAP,EQ,,,,,PPAP AUTOMOTIVE LIMITED,367.99,369.3,334.93,338.02,336.5,372.14,,338.04,,,529664,185090071.1,17175,F1,1,,,,,
2026-07-14,2026-07-14,CM,NSE,STK,30134,INE0I0M01023,PRABHA,EQ,,,,,PRABHA ENERGY LIMITED,148.52,151.99,148.52,150.23,150.99,150.46,,150.23,,,7145,1072471.99,136,F1,1,,,,,
2026-07-14,2026-07-14,CM,NSE,STK,762842,INE770A01010,PRADPME,BE,,,,,PRADEEP METALS LTD.,508.95,509.75,490.0,490.65,492.0,503.95,,490.85,,,17888,8816637.9,150,F1,1,,,,,
2026-07-14,2026-07-14,CM,NSE,STK,2705,INE074A01025,PRAJIND,EQ,,,,,PRAJ INDUSTRIES LTD,357.35,357.35,349.1,351.7,351.3,357.35,,351.7,,,461718,162662779.05,12606,F1,1,,,,,
2026-07-14,2026-07-14,CM,NSE,STK,13941,INE505C01016,PRAENG,EQ,,,,,PRAJAY ENG. SYN. LTD.,19.03,19.69,18.9,18.98,19.29,19.41,,18.98,,,26017,498875.5,169,F1,1,,,,,
2026-07-14,2026-07-14,CM,NSE,STK,2708,INE603A01013,PRAKASH,EQ,,,,,PRAKASH INDUSTRIES LTD,128.5,129.5,127.15,127.58,127.88,128.61,,127.58,,,203949,26109128.12,2248,F1,1,,,,,
2026-07-14,2026-07-14,CM,NSE,STK,10299,INE050001010,PPL,BE,,,,,PRAKASH PIPES LIMITED,274.0,274.0,259.45,266.6,268.95,273.05,,266.45,,,30776,8256736.1,470,F1,1,,,,,
2026-07-14,2026-07-14,CM,NSE,STK,19599,INE696K01024,PRAKASHSTL,EQ,,,,,PRAKASH STEELAGE LTD,4.15,4.15,4.05,4.08,4.08,4.12,,4.08,,,92356,378300.67,340,F1,1,,,,,
2026-07-14,2026-07-14,CM,NSE,STK,18514,INE0O7A01017,PRAMARA,SM,,,,,PRAMARA PROMOTIONS LTD,137.0,142.0,135.0,136.2,135.0,137.6,,136.2,,,34000,4703200.0,57,F1,500,,,,,
2026-07-14,2026-07-14,CM,NSE,STK,25818,INE0VJG01014,PRANIK,SM,,,,,PRANIK LOGISTICS LIMITED,43.25,44.0,42.1,43.0,43.6,43.25,,43.0,,,102400,4404720.0,6,F1,1600,,,,,
2026-07-14,2026-07-14,CM,NSE,STK,21840,INE393P01035,DIAMONDYD,EQ,,,,,PRATAAP SNACKS LIMITED,1193.6,1200.9,1185.7,1195.8,1191.2,1197.1,,1195.8,,,7808,9327563.8,950,F1,1,,,,,
2026-07-14,2026-07-14,CM,NSE,STK,23113,INE0QA601016,PRATHAM,SM,,,,,PRATHAM EPC PROJECTS LTD,118.0,119.0,115.0,116.1,115.15,116.8,,116.1,,,4400,516540.0,11,F1,400,,,,,
2026-07-14,2026-07-14,CM,NSE,STK,762844,INE722B01019,PRAVEG,EQ,,,,,PRAVEG LTD.,242.9,242.9,232.1,236.87,232.1,238.15,,237.14,,,55027,13061039.56,1675,F1,1,,,,,
2026-07-14,2026-07-14,CM,NSE,STK,1216,INE546Y01022,PRAXIS,BE,,,,,PRAXIS HOME RETAIL LTD,7.31,7.58,7.28,7.3,7.28,7.46,,7.3,,,20028,146722.85,56,F1,1,,,,,
2026-07-14,2026-07-14,CM,NSE,STK,12603,INE484I01029,PRECAM,EQ,,,,,PRECISION CAMSHAFTS LTD.,148.04,148.49,143.3,144.35,143.3,148.04,,144.36,,,93676,13589833.55,1881,F1,1,,,,,
2026-07-14,2026-07-14,CM,NSE,STK,7950,INE0HKW01018,PRECISION,SM,,,,,PRECISION METALIKS LTD,6.5,6.5,6.2,6.2,6.2,6.5,,6.2,,,36000,225800.0,15,F1,2000,,,,,
2026-07-14,2026-07-14,CM,NSE,STK,2717,INE372C01037,PRECWIRE,EQ,,,,,PRECISION WIRES INDIA LTD,385.0,385.85,378.0,379.2,380.05,387.15,,379.25,,,132355,50478009.75,7648,F1,1,,,,,
2026-07-14,2026-07-14,CM,NSE,STK,2711,INE283A01014,PRECOT,EQ,,,,,PRECOT LIMITED,797.95,836.0,794.05,795.0,794.45,796.5,,795.0,,,6229,5041052.75,375,F1,1,,,,,
2026-07-14,2026-07-14,CM,NSE,STK,762849,INE001E01012,PREMCO,EQ,,,,,PREMCO GLOBAL LTD.,372.0,374.0,365.0,370.35,370.0,373.6,,370.4,,,353,130317.15,49,F1,1,,,,,
2026-07-14,2026-07-14,CM,NSE,STK,25049,INE0BS701011,PREMIERENE,EQ,,,,,PREMIER ENERGIES LIMITED,1105.0,1110.0,1088.0,1100.9,1101.0,1109.5,,1100.9,,,1330092,1460764393.3,35487,F1,1,,,,,
2026-07-14,2026-07-14,CM,NSE,STK,17397,INE863B01029,PREMEXPLN,EQ,,,,,PREMIER EXPLOSIVES LTD,669.0,679.0,661.0,668.0,669.5,670.95,,668.05,,,410157,274377884.85,8517,F1,1,,,,,
2026-07-14,2026-07-14,CM,NSE,STK,6248,INE342A01018,PREMIER,BE,,,,,PREMIER LIMITED,3.01,3.01,2.85,2.96,2.96,2.91,,2.96,,,22672,65430.89,48,F1,1,,,,,
2026-07-14,2026-07-14,CM,NSE,STK,3908,INE309M01020,PREMIERPOL,EQ,,,,,PREMIER POLYFILM LTD,65.59,66.7,62.76,63.41,63.57,65.6,,63.4,,,78501,5020482.85,955,F1,1,,,,,
2026-07-14,2026-07-14,CM,NSE,STK,23764,INE0CFG01012,PRLIND,SM,,,,,PREMIER ROADLINES LIMITED,47.0,47.75,45.2,46.15,46.0,47.25,,46.15,,,22000,1022750.0,21,F1,1000,,,,,
2026-07-14,2026-07-14,CM,NSE,STK,20498,INE0R1601012,PRESSTONIC,SM,,,,,PRESSTONIC ENGINEERING L,26.1,26.1,25.0,25.65,25.35,26.1,,25.65,,,44000,1126960.0,43,F1,800,,,,,
2026-07-14,2026-07-14,CM,NSE,STK,20302,INE811K01011,PRESTIGE,EQ,,,,,PRESTIGE ESTATE LTD,1715.0,1729.9,1684.0,1693.6,1689.7,1724.3,,1693.6,,,872609,1482021978.3,55341,F1,1,,,,,
2026-07-14,2026-07-14,CM,NSE,STK,19631,INE726V01018,PRICOLLTD,EQ,,,,,PRICOL LIMITED,621.8,622.25,612.0,616.6,615.25,621.15,,616.6,,,544280,335285383.3,18202,F1,1,,,,,
2026-07-14,2026-07-14,CM,NSE,STK,759075,INE0CQA01020,PRIMECAB,ST,,,,,PRIME CABLE INDUSTRIES L,172.95,172.95,172.45,172.95,172.95,164.75,,172.95,,,32000,5532880.0,20,F1,1600,,,,,
2026-07-14,2026-07-14,CM,NSE,STK,13500,INE367G01038,PFOCUS,BE,,,,,PRIME FOCUS LIMITED,267.1,277.85,261.6,274.09,272.7,269.52,,274.03,,,734997,200280545.64,4514,F1,1,,,,,
2026-07-14,2026-07-14,CM,NSE,STK,11864,INE032B01021,PRIMESECU,EQ,,,,,PRIME SECURITIES LIMITED,269.95,274.15,269.95,271.25,270.0,274.15,,271.25,,,5228,1418542.4,303,F1,1,,,,,
2026-07-14,2026-07-14,CM,NSE,STK,756925,INE607A01022,PRIMO,EQ,,,,,PRIMO CHEMICALS LIMITED,23.6,24.13,23.5,23.76,23.89,23.8,,23.76,,,39835,942194.08,199,F1,1,,,,,
2026-07-14,2026-07-14,CM,NSE,STK,16045,INE689W01016,PRINCEPIPE,EQ,,,,,PRINCE PIPES FITTINGS LTD,270.0,270.0,263.5,267.3,267.95,270.6,,267.3,,,143449,38254996.15,3671,F1,1,,,,,
2026-07-14,2026-07-14,CM,NSE,STK,2739,INE010A01011,PRSMJOHNSN,EQ,,,,,PRISM JOHNSON LIMITED,112.8,112.8,111.0,111.96,111.52,112.57,,111.97,,,113183,12655246.33,3605,F1,1,,,,,
2026-07-14,2026-07-14,CM,NSE,STK,8310,INE974Z01015,PRITI,BE,,,,,PRITI INTERNATIONAL LTD,39.98,40.75,38.5,40.08,38.72,39.48,,40.08,,,9271,369801.87,88,F1,1,,,,,
2026-07-14,2026-07-14,CM,NSE,STK,5296,INE583R01029,PRITIKAUTO,BE,,,,,PRITIKA AUTO INDUS LTD,20.1,20.17,18.6,18.88,19.0,19.25,,18.88,,,675185,13180943.23,987,F1,1,,,,,
2026-07-14,2026-07-14,CM,NSE,STK,9342,INE392B01011,PNC,EQ,,,,,PRITISH NANDY COMMUNICATI,20.9,21.0,19.05,19.79,19.67,20.4,,19.88,,,133206,2630216.39,608,F1,1,,,,,
2026-07-14,2026-07-14,CM,NSE,STK,8825,INE959A01019,PRIVISCL,EQ,,,,,PRIVI SPECIALITY CHE LTD,3678.0,3755.9,3657.6,3682.0,3674.0,3621.8,,3682.0,,,79818,294760914.3,12505,F1,1,,,,,
2026-07-14,2026-07-14,CM,NSE,STK,24511,INE0V9N01017,PRIZOR,ST,,,,,PRIZOR VIZTECH LIMITED,800.9,802.5,800.9,802.5,802.5,817.2,,802.5,,,16000,12819040.0,30,F1,400,,,,,
2026-07-14,2026-07-14,CM,NSE,STK,757806,INE0VJT01017,PROFX,SM,,,,,PRO FX TECH LIMITED,74.55,76.0,74.55,76.0,76.0,74.55,,76.0,,,3200,240880.0,2,F1,1600,,,,,
2026-07-14,2026-07-14,CM,NSE,STK,940,INE199A01012,PGHL,EQ,,,,,PROCTER & GAMBLE HEALTH L,6870.0,6950.0,6810.5,6918.5,6900.0,6867.0,,6918.5,,,42343,291115512.0,6626,F1,1,,,,,
2026-07-14,2026-07-14,CM,NSE,STK,19352,INE994V01012,PROLIFE,SM,,,,,PROLIFE INDUSTRIES LTD,75.6,75.6,75.6,75.6,75.6,79.55,,75.6,,,1000,75600.0,2,F1,500,,,,,
2026-07-14,2026-07-14,CM,NSE,STK,758173,INE0BX301013,PROSTARM,EQ,,,,,PROSTARM INFO SYSTEMS LTD,130.5,130.86,129.0,129.86,130.0,131.23,,129.86,,,72943,9484891.13,1299,F1,1,,,,,
2026-07-14,2026-07-14,CM,NSE,STK,29472,INE004A01022,PROTEAN,EQ,,,,,PROTEAN EGOV TECHNO LTD,599.0,602.95,586.0,589.8,590.85,599.05,,589.8,,,185925,110336138.6,8564,F1,1,,,,,
2026-07-14,2026-07-14,CM,NSE,STK,16483,INE0ONE01016,PROV,SM,,,,,PROVENTUS AGROCOM LIMITED,1634.95,1634.95,1634.95,1634.95,1634.95,1635.0,,1634.95,,,160,261592.0,2,F1,80,,,,,
2026-07-14,2026-07-14,CM,NSE,STK,28859,INE195N01013,PROZONER,EQ,,,,,PROZONE REALTY LIMITED,44.19,44.19,42.1,42.58,42.25,43.98,,42.6,,,168392,7232987.91,1071,F1,1,,,,,
2026-07-14,2026-07-14,CM,NSE,STK,9553,INE00F201020,PRUDENT,EQ,,,,,PRUDENT CORP ADV SER LTD,3076.9,3084.9,2955.0,2981.7,2980.0,3069.7,,2981.7,,,17484,52265218.3,5419,F1,1,,,,,
2026-07-14,2026-07-14,CM,NSE,STK,20528,INE024D01016,PRUDMOULI,BE,,,,,PRUDENTIAL SUGAR CORPORAT,14.78,15.58,14.16,14.43,14.5,14.85,,14.36,,,14094,211718.54,45,F1,1,,,,,
2026-07-14,2026-07-14,CM,NSE,STK,20877,INE488V01015,PSPPROJECT,EQ,,,,,PSP PROJECTS LIMITED,1071.2,1108.5,1062.9,1069.4,1071.5,1066.0,,1069.4,,,153745,166633274.0,9467,F1,1,,,,,
2026-07-14,2026-07-14,CM,NSE,STK,22602,INE560K01014,PFS,EQ,,,,,PTC INDIA FIN SERV LTD,31.0,31.04,30.3,30.57,30.32,31.03,,30.57,,,316086,9700938.13,1187,F1,1,,,,,
2026-07-14,2026-07-14,CM,NSE,STK,11355,INE877F01012,PTC,EQ,,,,,PTC INDIA LIMITED,170.76,174.5,169.5,173.75,173.19,170.76,,173.75,,,659531,113351827.1,9760,F1,1,,,,,
2026-07-14,2026-07-14,CM,NSE,STK,16682,INE596F01018,PTCIL,EQ,,,,,PTC INDUSTRIES LIMITED,17501.0,17750.0,17380.0,17532.0,17432.0,17687.0,,17531.0,,,11795,207421311.0,4704,F1,1,,,,,
2026-07-14,2026-07-14,CM,NSE,STK,14101,INE034D01049,PTL,EQ,,,,,PTL ENTERPRISES LTD,40.01,40.37,39.53,39.65,39.79,40.13,,39.65,,,26646,1061350.42,600,F1,1,,,,,
2026-07-14,2026-07-14,CM,NSE,STK,15377,INE865T01018,PDMJEPAPER,EQ,,,,,PUDUMJEE PAPER PRO. LTD,85.0,85.8,84.01,84.36,84.6,85.61,,84.38,,,36534,3096577.16,716,F1,1,,,,,
2026-07-14,2026-07-14,CM,NSE,STK,507,INE335X01014,PULZ,SM,,,,,PULZ ELECTRONICS LIMITED,23.35,24.0,23.35,23.9,24.0,24.45,,23.9,,,6000,142300.0,3,F1,2000,,,,,
2026-07-14,2026-07-14,CM,NSE,STK,21001,INE608A01012,PSB,EQ,,,,,PUNJAB & SIND BANK,24.98,25.04,24.7,24.81,24.87,25.08,,24.8,,,576104,14302977.6,2392,F1,1,,,,,
2026-07-14,2026-07-14,CM,NSE,STK,4344,INE277B01014,PUNJABCHEM,EQ,,,,,PUNJAB CHEM & CROP PROT L,1159.0,1200.1,1144.9,1159.6,1163.0,1158.9,,1159.6,,,23849,27835503.4,2193,F1,1,,,,,
2026-07-14,2026-07-14,CM,NSE,STK,10666,INE160A01022,PNB,EQ,,,,,PUNJAB NATIONAL BANK,106.0,106.3,104.6,105.0,104.9,106.34,,105.0,,,9414016,989321337.24,31631,F1,1,,,,,
2026-07-14,2026-07-14,CM,NSE,STK,14922,INE323I01011,PURVA,EQ,,,,,PURAVANKARA LIMITED,247.9,256.34,232.0,235.08,234.59,248.4,,235.09,,,1934985,473014971.11,32288,F1,1,,,,,
2026-07-14,2026-07-14,CM,NSE,STK,28044,INE0P5R01014,PURPLEUTED,ST,,,,,PURPLE UNITED SALES LTD,430.65,432.0,413.25,426.0,426.0,435.0,,426.0,,,16500,6883775.0,63,F1,250,,,,,
2026-07-14,2026-07-14,CM,NSE,STK,22942,INE0R6C01012,PURVFLEXI,ST,,,,,PURV FLEXIPACK LIMITED,49.5,49.9,48.0,48.0,48.0,48.0,,48.0,,,6400,313840.0,7,F1,800,,,,,
2026-07-14,2026-07-14,CM,NSE,STK,757683,INE154801018,PUSHPA,SM,,,,,PUSHPA JEWELLERS LIMITED,114.7,117.0,111.1,112.65,111.15,112.45,,112.65,,,64000,7385600.0,47,F1,1000,,,,,
2026-07-14,2026-07-14,CM,NSE,STK,4010,INE362A01016,PVP,EQ,,,,,PVP VENTURES LIMITED,29.47,29.53,28.7,29.07,29.02,29.49,,29.07,,,145591,4233310.17,1419,F1,1,,,,,
2026-07-14,2026-07-14,CM,NSE,STK,13147,INE191H01014,PVRINOX,EQ,,,,,PVR INOX LIMITED,1014.05,1025.0,1003.55,1011.45,1006.85,1020.55,,1011.55,,,169921,171962543.55,15122,F1,1,,,,,
2026-07-14,2026-07-14,CM,NSE,STK,18250,INE0MIS01010,PYRAMID,EQ,,,,,PYRAMID TECHNOPLAST LTD,164.7,165.96,162.25,164.62,165.0,163.53,,164.62,,,29540,4841033.24,1415,F1,1,,,,,
2026-07-14,2026-07-14,CM,NSE,STK,763594,INE1G2W01011,QLINE,SM,,,,,Q-LINE BIOTECH LIMITED,538.0,544.85,536.15,539.0,538.2,543.45,,539.0,,,39600,21396040.0,86,F1,400,,,,,
2026-07-14,2026-07-14,CM,NSE,STK,751607,INE0FMW01018,QMSMEDI,EQ,,,,,QMS MEDICAL ALLIED S LTD,107.97,110.0,105.01,107.89,108.4,108.95,,107.89,,,12363,1324018.84,840,F1,1,,,,,
2026-07-14,2026-07-14,CM,NSE,STK,29087,INE0LRY01011,QUADFUTURE,EQ,,,,,QUADRANT FUTURE TEK LTD,433.7,433.7,420.0,422.5,422.0,435.25,,422.5,,,184209,78298582.0,5467,F1,1,,,,,
2026-07-14,2026-07-14,CM,NSE,STK,29713,INE0SII01026,QPOWER,BE,,,,,QUALITY POWER ELEC EQUP L,1215.0,1215.0,1180.0,1194.9,1191.1,1217.4,,1194.7,,,71367,85231717.0,3585,F1,1,,,,,
2026-07-14,2026-07-14,CM,NSE,STK,15330,INF082J01408,QGOLDHALF,EQ,,,,,QUANTUM GOLD FUND,116.32,116.7,116.12,116.21,116.22,117.21,,116.21,,,80620,9378988.87,923,F1,1,,,,,
2026-07-14,2026-07-14,CM,NSE,STK,16819,INF082J01499,QNIFTY,EQ,,,,,QUANTUM NIFTY 50 ETF,266.0,266.0,264.6,264.61,264.8,266.3,,264.6,,,606,160574.33,69,F1,1,,,,,
2026-07-14,2026-07-14,CM,NSE,STK,17704,INE615P01015,QUESS,EQ,,,,,QUESS CORP LIMITED,293.7,301.95,291.2,292.55,295.05,297.75,,292.55,,,184530,54752019.85,5259,F1,1,,,,,
2026-07-14,2026-07-14,CM,NSE,STK,23793,INE0TNW01017,QUESTLAB,SM,,,,,QUEST LABORATORIES LTD,89.1,92.65,89.1,89.15,89.15,91.2,,89.15,,,10800,980520.0,9,F1,1200,,,,,
2026-07-14,2026-07-14,CM,NSE,STK,13131,INE306L01010,QUICKHEAL,BE,,,,,QUICK HEAL TECH LTD,167.99,169.9,165.55,168.35,169.39,168.04,,168.2,,,43807,7382870.66,611,F1,1,,,,,
2026-07-14,2026-07-14,CM,NSE,STK,15285,INE0K4D01020,QUICKTOUCH,SM,,,,,QUICKTOUCH TECHNOLOGIES L,24.3,24.3,24.3,24.3,24.3,23.2,,24.3,,,500,12150.0,1,F1,500,,,,,
2026-07-14,2026-07-14,CM,NSE,STK,762854,INE641R01017,QUINT,EQ,,,,,QUINT DIGITAL LTD.,41.99,41.99,39.3,39.5,39.5,39.37,,39.5,,,538,21476.48,14,F1,1,,,,,
2026-07-14,2026-07-14,CM,NSE,STK,23043,INE0NQ801033,RKSWAMY,EQ,,,,,R K SWAMY LIMITED,101.5,105.6,101.5,102.19,102.0,101.58,,102.19,,,28266,2902632.34,636,F1,1,,,,,
2026-07-14,2026-07-14,CM,NSE,STK,757834,INE219Y01026,RMDRIP,EQ,,,,,R M DRIP & SPRINK SYS LTD,18.84,19.81,18.57,19.78,19.81,18.87,,19.79,,,2152813,41345087.95,3486,F1,1,,,,,
2026-07-14,2026-07-14,CM,NSE,STK,762864,INE951M01037,RRIL,EQ,,,,,R R I L LTD.,17.9,17.9,17.15,17.56,17.3,17.68,,17.56,,,4013,70144.07,62,F1,1,,,,,
2026-07-14,2026-07-14,CM,NSE,STK,18566,INE777K01022,RRKABEL,EQ,,,,,R R KABEL LIMITED,2378.0,2382.7,2318.0,2345.3,2330.0,2374.8,,2345.3,,,419751,985720618.0,27838,F1,1,,,,,
2026-07-14,2026-07-14,CM,NSE,STK,762869,INE616F01022,RSDFIN,EQ,,,,,R S D FINANCE LTD.,80.0,80.0,80.0,80.0,80.0,80.0,,75.0,,,3,240.0,1,F1,1,,,,,
2026-07-14,2026-07-14,CM,NSE,STK,13414,INE411H01032,RSYSTEMS,EQ,,,,,R SYS INTERNATIONAL LTD,250.9,256.0,248.21,252.96,252.7,250.28,,252.96,,,745297,187613138.47,14588,F1,1,,,,,
2026-07-14,2026-07-14,CM,NSE,STK,758981,INE012Q01039,RNBDENIMS,EQ,,,,,R&B DENIMS LIMITED,9.98,10.1,9.85,9.9,9.94,9.97,,9.9,,,202544,2017801.0,572,F1,1,,,,,
2026-07-14,2026-07-14,CM,NSE,STK,8426,INE165B01029,RSSOFTWARE,BE,,,,,R. S. SOFTWARE (INDIA) LI,34.53,34.53,34.0,34.0,34.0,34.36,,33.77,,,2801,95956.46,24,F1,1,,,,,
2026-07-14,2026-07-14,CM,NSE,STK,20760,INE324L01013,RPPINFRA,EQ,,,,,R.P.P INFRA PROJECTS LTD,66.0,67.0,64.49,64.72,64.82,66.37,,64.72,,,20366,1334000.14,483,F1,1,,,,,
2026-07-14,2026-07-14,CM,NSE,STK,762244,INE2PB023011,RIIT,IV,,,,,RAAJMARG INFRA INVEST T,117.14,117.14,116.2,116.48,116.46,116.53,,116.48,,,94082,10956308.53,3236,F1,1,,,,,
2026-07-14,2026-07-14,CM,NSE,STK,15391,INE084Q01012,RACE,EQ,,,,,RACE ECO CHAIN LIMITED,112.0,113.95,110.51,112.44,112.44,110.5,,110.91,,,4223,474177.28,237,F1,1,,,,,
2026-07-14,2026-07-14,CM,NSE,STK,9854,INE02OY01016,RILINFRA,SM,,,,,RACHANA INFRA LTD,39.55,39.65,38.75,38.8,38.75,39.5,,38.8,,,7800,305475.0,41,F1,100,,,,,
2026-07-14,2026-07-14,CM,NSE,STK,27171,INE704B01017,RACLGEAR,EQ,,,,,RACL GEARTECH LIMITED,1300.4,1348.0,1272.0,1328.7,1325.0,1300.4,,1328.7,,,21063,27639867.2,2707,F1,1,,,,,
2026-07-14,2026-07-14,CM,NSE,STK,10932,INE874F01027,RADAAN,EQ,,,,,RADAAN MEDIAWORKS (I) LTD,3.0,3.0,2.91,2.91,2.91,2.94,,2.91,,,11676,34379.32,57,F1,1,,,,,
2026-07-14,2026-07-14,CM,NSE,STK,10343,INE583V01021,RADHIKAJWE,EQ,,,,,RADHIKA JEWELTECH LIMITED,63.18,70.98,63.0,66.62,65.8,63.36,,66.62,,,10593360,720960054.79,60261,F1,1,,,,,
2026-07-14,2026-07-14,CM,NSE,STK,13580,INE855R01021,RADIANTCMS,EQ,,,,,RADIANT CASH MGMT SER LTD,38.3,38.3,36.8,37.0,37.0,37.83,,37.0,,,145169,5421894.03,1370,F1,1,,,,,
2026-07-14,2026-07-14,CM,NSE,STK,10990,INE944F01028,RADICO,EQ,,,,,RADICO KHAITAN LTD,4059.9,4123.5,4029.3,4051.2,4059.0,4045.4,,4051.1,,,367386,1496023007.5,57818,F1,1,,,,,
2026-07-14,2026-07-14,CM,NSE,STK,23445,INE430U01019,RADIOWALLA,ST,,,,,RADIOWALLA NETWORK LTD,24.5,25.85,24.0,25.85,25.85,24.65,,25.85,,,155200,3814480.0,14,F1,1600,,,,,
2026-07-14,2026-07-14,CM,NSE,STK,24735,INE912T01018,RPEL,EQ,,,,,RAGHAV PRODUCTIVITY ENH L,1326.4,1326.4,1255.0,1263.3,1260.0,1316.4,,1263.5,,,64523,82554626.5,6467,F1,1,,,,,
2026-07-14,2026-07-14,CM,NSE,STK,9552,INE415G01027,RVNL,EQ,,,,,RAIL VIKAS NIGAM LIMITED,229.4,230.21,226.11,227.31,227.14,231.54,,227.31,,,3628384,826811959.1,34280,F1,1,,,,,
2026-07-14,2026-07-14,CM,NSE,STK,2431,INE0DD101019,RAILTEL,EQ,,,,,RAILTEL CORP OF IND LTD,306.0,308.15,303.0,303.6,303.5,309.0,,303.6,,,349911,106656929.2,10421,F1,1,,,,,
2026-07-14,2026-07-14,CM,NSE,STK,15337,INE855B01025,RAIN,EQ,,,,,RAIN INDUSTRIES LIMITED,212.5,213.41,204.16,205.46,206.5,213.41,,205.46,,,4648554,967161797.7,39552,F1,1,,,,,
2026-07-14,2026-07-14,CM,NSE,STK,9408,INE961O01016,RAINBOW,EQ,,,,,RAINBOW CHILDRENS MED LTD,1483.1,1493.0,1455.1,1484.1,1486.5,1483.4,,1484.1,,,101392,149371782.6,13558,F1,1,,,,,
2026-07-14,2026-07-14,CM,NSE,STK,359,INE294G01026,ROML,EQ,,,,,RAJ OIL MILLS LIMITED,44.94,44.94,44.5,44.9,44.9,44.94,,44.9,,,278,12462.0,17,F1,1,,,,,
2026-07-14,2026-07-14,CM,NSE,STK,8428,INE533D01032,RAJRILTD,BE,,,,,RAJ RAYON INDUSTRIES LTD,21.99,21.99,21.56,21.57,21.94,21.96,,21.6,,,3821,82782.83,53,F1,1,,,,,
2026-07-14,2026-07-14,CM,NSE,STK,14403,INE952H01027,RAJTV,EQ,,,,,RAJ TV NETWORK LTD,11.8,12.04,11.7,11.74,11.99,12.0,,11.73,,,30528,361822.41,182,F1,1,,,,,
2026-07-14,2026-07-14,CM,NSE,STK,762859,INE296E01026,RAJPALAYAM,EQ,,,,,RAJAPALAYAM MILLS LTD.,825.0,839.0,821.05,829.95,829.95,822.55,,829.95,,,354,293959.95,15,F1,1,,,,,
2026-07-14,2026-07-14,CM,NSE,STK,181,INE610C01014,ARENTERP,EQ,,,,,RAJDARSHAN INDUSTRIES LTD,36.5,36.55,34.0,34.4,34.0,36.9,,34.41,,,683,24113.41,45,F1,1,,,,,
2026-07-14,2026-07-14,CM,NSE,STK,760461,INE343B01030,RAJESHEXPO,BZ,,,,,RAJESH EXPORTS LTD,90.01,92.0,89.0,90.0,89.8,91.66,,90.0,,,111248,10030175.12,1472,F1,1,,,,,
2026-07-14,2026-07-14,CM,NSE,STK,19681,INE0BZQ01011,RCDL,SM,,,,,RAJGOR CASTOR DERIVATI L,25.1,25.1,25.1,25.1,25.1,25.1,,25.1,,,3000,75300.0,1,F1,3000,,,,,
2026-07-14,2026-07-14,CM,NSE,STK,2168,INE00KV01022,RAJMET,EQ,,,,,RAJNANDINI METAL LIMITED,3.5,3.59,3.5,3.54,3.53,3.59,,3.54,,,264804,936643.71,540,F1,1,,,,,
2026-07-14,2026-07-14,CM,NSE,STK,757052,INE535F01024,RAJOOENG,BE,,,,,RAJOO ENGINEERS LIMITED,50.9,50.9,49.0,50.19,50.25,50.28,,50.16,,,139165,6978910.71,1096,F1,1,,,,,
2026-07-14,2026-07-14,CM,NSE,STK,27269,INE0VHU01019,RAJPUTANA,SM,,,,,RAJPUTANA BIODIESEL LTD,194.05,195.5,193.95,194.0,194.0,194.0,,194.0,,,7000,1360300.0,11,F1,500,,,,,
2026-07-14,2026-07-14,CM,NSE,STK,24707,INE0PCU01012,RAJINDLTD,SM,,,,,RAJPUTANA INDUSTRIES LTD,78.4,78.4,77.0,78.25,78.25,76.45,,78.25,,,7500,583575.0,5,F1,1500,,,,,
2026-07-14,2026-07-14,CM,NSE,STK,761439,INE313L01016,RSL,EQ,,,,,RAJPUTANA STAINLESS LTD,128.75,132.0,128.05,128.8,129.0,128.82,,128.8,,,47665,6137815.71,716,F1,1,,,,,
2026-07-14,2026-07-14,CM,NSE,STK,18962,INE451D01029,RAJRATAN,EQ,,,,,RAJRATAN GLOBAL WIRE LTD,481.0,484.7,471.75,477.15,478.0,480.8,,477.0,,,54044,25771481.55,4153,F1,1,,,,,
2026-07-14,2026-07-14,CM,NSE,STK,6913,INE760W01023,RPPL,EQ,,,,,RAJSHREE POLYPACK LTD,22.45,22.77,21.61,21.88,22.3,22.57,,21.88,,,126973,2816563.71,1432,F1,1,,,,,
2026-07-14,2026-07-14,CM,NSE,STK,2809,INE562B01019,RAJSREESUG,EQ,,,,,RAJSHREE SUGAR & CHEMICAL,31.5,31.8,30.5,30.97,30.89,31.88,,30.97,,,51108,1578440.56,324,F1,1,,,,,
2026-07-14,2026-07-14,CM,NSE,STK,2816,INE613A01020,RALLIS,EQ,,,,,RALLIS INDIA LTD,230.0,231.66,228.29,230.82,231.1,230.66,,230.83,,,342926,78970213.0,12460,F1,1,,,,,
2026-07-14,2026-07-14,CM,NSE,STK,10485,INE207E01023,RAMRAT,EQ,,,,,RAM RATNA WIRES LIMITED,424.0,430.0,416.95,419.2,420.0,423.95,,419.25,,,96757,40872860.15,4076,F1,1,,,,,
2026-07-14,2026-07-14,CM,NSE,STK,10568,INE809A01032,RAMAPHO,EQ,,,,,RAMA PHOSPHATES LIMITED,125.71,126.86,122.35,123.3,124.59,125.71,,123.39,,,13858,1725236.96,425,F1,1,,,,,
2026-07-14,2026-07-14,CM,NSE,STK,10304,INE230R01035,RAMASTEEL,BE,,,,,RAMA STEEL TUBES LIMITED,4.57,4.57,4.45,4.5,4.51,4.52,,4.5,,,1236929,5566644.04,2776,F1,1,,,,,
2026-07-14,2026-07-14,CM,NSE,STK,757777,INE14W901010,RTL,SM,,,,,RAMA TELECOM LIMITED,84.6,86.65,84.6,85.0,85.0,83.55,,85.0,,,14000,1198100.0,7,F1,2000,,,,,
2026-07-14,2026-07-14,CM,NSE,STK,4587,INE614A01028,RAMCOIND,EQ,,,,,RAMCO INDUSTRIES LIMITED,371.05,375.0,362.5,365.45,366.95,372.0,,365.45,,,200101,73525316.8,4904,F1,1,,,,,
2026-07-14,2026-07-14,CM,NSE,STK,7851,INE246B01019,RAMCOSYS,EQ,,,,,RAMCO SYSTEMS LTD.,890.0,905.0,802.8,816.65,826.9,886.15,,816.7,,,1892166,1606942871.0,48995,F1,1,,,,,
2026-07-14,2026-07-14,CM,NSE,STK,23568,INE0RJH01010,RBS,ST,,,,,RAMDEVBABA SOLVENT LTD,77.6,77.6,77.6,77.6,77.6,77.5,,77.6,,,800,62080.0,1,F1,800,,,,,
2026-07-14,2026-07-14,CM,NSE,STK,11411,INE399G01023,RKFORGE,EQ,,,,,RAMKRISHNA FORGINGS LTD,562.0,563.0,550.05,553.85,553.5,565.5,,553.85,,,251775,139960608.3,9198,F1,1,,,,,
2026-07-14,2026-07-14,CM,NSE,STK,20134,INE874I01013,RAMKY,EQ,,,,,RAMKY INFRA LTD,407.95,413.45,397.85,399.2,400.0,403.8,,399.2,,,71592,28997942.6,1954,F1,1,,,,,
2026-07-14,2026-07-14,CM,NSE,STK,2837,INE625B01014,RANASUG,EQ,,,,,RANA SUGARS LTD.,12.03,12.16,11.88,11.97,12.02,12.1,,11.97,,,93281,1120066.34,432,F1,1,,,,,
2026-07-14,2026-07-14,CM,NSE,STK,11975,INE050H01012,RML,EQ,,,,,RANE (MADRAS) LIMITED,1257.4,1267.4,1227.1,1238.9,1239.9,1254.3,,1238.8,,,23797,29614361.6,3034,F1,1,,,,,
2026-07-14,2026-07-14,CM,NSE,STK,2844,INE384A01010,RANEHOLDIN,EQ,,,,,RANE HOLDINGS LIMITED,1750.0,1766.2,1721.1,1753.5,1745.4,1760.0,,1753.5,,,9847,17164951.2,1587,F1,1,,,,,
2026-07-14,2026-07-14,CM,NSE,STK,25610,INE0MVO01012,RAPPID,SM,,,,,RAPPID VALVES (INDIA) LTD,307.35,320.0,303.0,317.35,320.0,307.35,,317.35,,,27600,8664450.0,38,F1,600,,,,,
2026-07-14,2026-07-14,CM,NSE,STK,22670,INE0J1F01024,RPTECH,EQ,,,,,RASHI PERIPHERALS LIMITED,775.0,794.45,758.15,777.7,778.0,778.35,,777.7,,,394579,307185741.6,22133,F1,1,,,,,
2026-07-14,2026-07-14,CM,NSE,STK,2866,INE027A01015,RCF,EQ,,,,,RASHTRIYA CHEMICALS & FER,130.0,130.3,128.12,128.47,128.3,130.82,,128.47,,,800475,103264125.89,9877,F1,1,,,,,
2026-07-14,2026-07-14,CM,NSE,STK,7177,INE0CLI01024,RATEGAIN,EQ,,,,,RATEGAIN TRAVEL TECHN LTD,946.7,958.0,933.0,952.25,953.45,946.7,,952.25,,,365388,347520845.75,14462,F1,1,,,,,
2026-07-14,2026-07-14,CM,NSE,STK,13451,INE703B01027,RATNAMANI,EQ,,,,,RATNAMANI MET & TUB LTD.,2674.0,2674.0,2572.0,2586.7,2625.0,2656.8,,2586.7,,,14918,38926264.9,5022,F1,1,,,,,
2026-07-14,2026-07-14,CM,NSE,STK,18423,INE05CZ01011,RATNAVEER,EQ,,,,,RATNAVEER PRECISION ENG L,176.5,179.49,174.25,175.99,174.8,179.73,,175.99,,,979515,172647052.7,5799,F1,1,,,,,
2026-07-14,2026-07-14,CM,NSE,STK,27297,INE834M01019,RTNINDIA,EQ,,,,,RATTANINDIA ENT LIMITED,33.42,33.64,32.45,32.59,32.57,33.42,,32.59,,,1161046,38163616.04,5781,F1,1,,,,,
2026-07-14,2026-07-14,CM,NSE,STK,17520,INE399K01017,RTNPOWER,EQ,,,,,RATTANINDIA POWER LIMITED,9.04,9.05,8.86,8.88,8.88,9.02,,8.88,,,7759970,69166468.47,8748,F1,1,,,,,
2026-07-14,2026-07-14,CM,NSE,STK,20950,INE722J01012,RKDL,EQ,,,,,RAVI KUMAR DIST. LTD.,18.67,19.44,18.67,18.86,18.99,18.67,,18.96,,,3580,67841.58,80,F1,1,,,,,
2026-07-14,2026-07-14,CM,NSE,STK,1565,INE09E501017,RVHL,EQ,,,,,RAVINDER HEIGHTS LIMITED,44.89,50.02,44.72,45.79,46.0,44.81,,45.75,,,31041,1460569.59,497,F1,1,,,,,
2026-07-14,2026-07-14,CM,NSE,STK,24596,INE206N01018,RELTD,EQ,,,,,RAVINDRA ENERGY LIMITED,174.0,175.01,170.68,173.6,174.16,174.71,,173.6,,,290839,50309785.49,4453,F1,1,,,,,
2026-07-14,2026-07-14,CM,NSE,STK,25073,INE02ID01020,RAYMONDLSL,EQ,,,,,RAYMOND LIFESTYLE LIMITED,742.9,748.75,723.7,732.0,732.0,742.35,,732.0,,,112806,82483301.0,6023,F1,1,,,,,
2026-07-14,2026-07-14,CM,NSE,STK,2859,INE301A01014,RAYMOND,EQ,,,,,RAYMOND LTD,625.45,646.0,613.55,619.1,616.5,625.5,,619.1,,,740270,466311262.25,15169,F1,1,,,,,
2026-07-14,2026-07-14,CM,NSE,STK,758551,INE1SY401010,RAYMONDREL,EQ,,,,,RAYMOND REALTY LIMITED,722.0,726.0,700.0,704.05,707.0,722.75,,704.05,,,515287,366364081.2,11904,F1,1,,,,,
2026-07-14,2026-07-14,CM,NSE,STK,18391,INE976G01028,RBLBANK,EQ,,,,,RBL BANK LIMITED,379.4,381.05,374.6,377.95,376.95,380.6,,377.95,,,6595796,2494428328.5,43343,F1,1,,,,,
2026-07-14,2026-07-14,CM,NSE,STK,13570,INE0NA301016,RBMINFRA,SM,,,,,RBM INFRACON LIMITED,273.5,273.7,265.0,266.75,268.85,269.85,,266.75,,,15600,4176670.0,70,F1,200,,,,,
2026-07-14,2026-07-14,CM,NSE,STK,20874,INE0PEQ01016,RBZJEWEL,EQ,,,,,RBZ JEWELLERS LIMITED,154.9,165.44,152.79,153.8,154.2,155.5,,153.81,,,595961,95627200.43,12015,F1,1,,,,,
2026-07-14,2026-07-14,CM,NSE,STK,29561,INE10QL01011,READYMIX,SM,,,,,READYMIX CONSTRU MACHI L,107.9,118.0,102.0,103.9,103.9,104.45,,103.9,,,16000,1714550.0,15,F1,1000,,,,,
2026-07-14,2026-07-14,CM,NSE,STK,15355,INE020B01018,RECLTD,EQ,,,,,REC LIMITED,348.0,353.6,346.85,352.45,352.95,351.05,,352.45,,,3710161,1296752390.15,40887,F1,1,,,,,
2026-07-14,2026-07-14,CM,NSE,STK,14255,INE891D01026,REDINGTON,EQ,,,,,REDINGTON LIMITED,282.05,283.9,278.45,282.7,280.85,283.3,,282.7,,,2533665,713490673.55,29440,F1,1,,,,,
2026-07-14,2026-07-14,CM,NSE,STK,17859,INE0LXT01019,REDTAPE,EQ,,,,,REDTAPE LIMITED,136.46,136.87,133.15,133.57,133.9,136.46,,133.58,,,190484,25552577.92,4739,F1,1,,,,,
2026-07-14,2026-07-14,CM,NSE,STK,17764,INE056I01025,REFEX,EQ,,,,,REFEX INDUSTRIES LIMITED,337.0,340.0,332.0,335.75,336.0,338.45,,335.75,,,424810,142355402.5,6627,F1,1,,,,,
2026-07-14,2026-07-14,CM,NSE,STK,23718,INE0TNX01015,REFRACTORY,SM,,,,,REFRACTORY SHAPES LIMITED,25.55,26.05,25.25,26.05,26.05,26.05,,26.05,,,27000,695350.0,12,F1,1000,,,,,
2026-07-14,2026-07-14,CM,NSE,STK,758682,INE0MHO01029,REGAAL,BE,,,,,REGAAL RESOURCES LIMITED,81.7,83.5,80.02,80.89,81.0,81.33,,80.89,,,42414,3444162.05,307,F1,1,,,,,
2026-07-14,2026-07-14,CM,NSE,STK,4130,INE277C01012,REGENCERAM,EQ,,,,,REGENCY CERAMICS LTD.,40.7,40.7,39.01,40.0,40.0,39.29,,39.84,,,169,6756.6,14,F1,1,,,,,
2026-07-14,2026-07-14,CM,NSE,STK,24225,INE131B01039,RELAXO,EQ,,,,,RELAXO FOOT LTD.,400.0,400.0,387.2,389.15,387.5,398.85,,389.2,,,149132,58460493.65,6818,F1,1,,,,,
2026-07-14,2026-07-14,CM,NSE,STK,3172,INF204KC1030,GILT5YBEES,EQ,,,,,RELCAPAMC - NETFGILT5Y,65.9,65.9,65.68,65.8,65.81,65.9,,65.8,,,345544,22724263.78,470,F1,1,,,,,
2026-07-14,2026-07-14,CM,NSE,STK,24378,INE375Y01018,RELIABLE,EQ,,,,,RELIABLE DATA SERVICE LTD,149.0,149.0,142.64,145.78,146.99,144.42,,145.78,,,59610,8624838.17,623,F1,1,,,,,
2026-07-14,2026-07-14,CM,NSE,STK,9652,INE750D01016,RELCHEMQ,EQ,,,,,RELIANCE CHEMOTEX IND LTD,130.71,134.43,128.01,130.74,130.88,130.71,,130.65,,,2880,375277.38,100,F1,1,,,,,
2026-07-14,2026-07-14,CM,NSE,STK,13188,INE330H01018,RCOM,BE,,,,,RELIANCE COMMUNICATIONS L,0.88,0.88,0.85,0.86,0.87,0.87,,0.86,,,3474739,2993363.72,1580,F1,1,,,,,
2026-07-14,2026-07-14,CM,NSE,STK,759204,INE217K01011,RHFL,BZ,,,,,RELIANCE HOME FINANCE LTD,1.99,2.05,1.92,2.01,2.0,2.01,,2.01,,,680775,1357668.67,759,F1,1,,,,,
2026-07-14,2026-07-14,CM,NSE,STK,2912,INE046A01015,RIIL,EQ,,,,,RELIANCE INDUSTRIAL INFRA,792.8,794.6,778.0,782.2,784.0,795.2,,782.15,,,64083,50384479.3,3171,F1,1,,,,,
2026-07-14,2026-07-14,CM,NSE,STK,2885,INE002A01018,RELIANCE,EQ,,,,,RELIANCE INDUSTRIES LTD,1290.0,1308.0,1286.9,1293.0,1295.0,1296.9,,1293.0,,,13511284,17521220474.2,231407,F1,1,,,,,
2026-07-14,2026-07-14,CM,NSE,STK,15259,INE614G01033,RPOWER,EQ,,,,,RELIANCE POWER LTD.,24.77,25.07,24.45,24.52,24.53,24.98,,24.52,,,20841983,513428578.29,33629,F1,1,,,,,
2026-07-14,2026-07-14,CM,NSE,STK,15068,INE621H01010,RELIGARE,EQ,,,,,RELIGARE ENTER. LTD.,268.15,269.9,262.0,262.25,263.3,268.15,,262.25,,,535462,142268915.0,6998,F1,1,,,,,
2026-07-14,2026-07-14,CM,NSE,STK,3965,INE474C01023,REMSONSIND,EQ,,,,,REMSONS INDUSTRIES LTD,77.53,79.83,75.75,76.15,75.9,78.54,,76.15,,,174488,13434119.26,2524,F1,1,,,,,
2026-07-14,2026-07-14,CM,NSE,STK,16154,INE0O5T01011,REMUS,SM,,,,,REMUS PHARMACEUTICALS L,725.0,729.95,710.5,717.9,710.65,730.1,,717.9,,,4900,3528805.0,49,F1,100,,,,,
2026-07-14,2026-07-14,CM,NSE,STK,15129,INE722H01024,RGL,EQ,,,,,RENAISSANCE GLOBAL LTD,118.83,120.96,117.8,118.97,119.3,119.43,,118.97,,,178785,21255104.72,1872,F1,1,,,,,
2026-07-14,2026-07-14,CM,NSE,STK,758157,INE0VZX01015,RNPL,SM,,,,,RENOL POLYCHEM LIMITED,85.45,85.45,85.45,85.45,85.45,83.9,,85.45,,,2400,205080.0,2,F1,1200,,,,,
2026-07-14,2026-07-14,CM,NSE,STK,29598,INE612J01015,REPCOHOME,EQ,,,,,REPCO HOME FINANCE LTD,421.7,421.7,405.0,409.85,410.0,419.7,,409.85,,,138986,56953028.1,5529,F1,1,,,,,
2026-07-14,2026-07-14,CM,NSE,STK,13126,INE461B01014,REPRO,EQ,,,,,REPRO INDIA LIMITED,369.95,375.95,363.1,366.35,364.05,369.7,,366.4,,,9465,3504782.55,464,F1,1,,,,,
2026-07-14,2026-07-14,CM,NSE,STK,20323,INE688D01026,RESPONIND,EQ,,,,,RESPONSIVE INDUSTRIES LTD,187.35,187.35,182.7,183.39,185.99,188.1,,183.39,,,47104,8699649.96,987,F1,1,,,,,
2026-07-14,2026-07-14,CM,NSE,STK,1494,INE07T201019,RBA,EQ,,,,,RESTAURANT BRAND ASIA LTD,72.5,72.5,70.2,70.63,70.47,72.57,,70.63,,,2832739,201208227.98,12297,F1,1,,,,,
2026-07-14,2026-07-14,CM,NSE,STK,25157,INE0DAB01012,RVTH,EQ,,,,,REVATHI EQUIPMENT INDIA L,714.8,715.0,704.0,707.75,704.3,714.8,,707.75,,,182,128951.2,16,F1,1,,,,,
2026-07-14,2026-07-14,CM,NSE,STK,763468,INE0V2V01015,RFBL,ST,,,,,RFBL FLEXI PACK LIMITED,85.0,85.0,85.0,85.0,85.0,89.45,,85.0,,,3000,255000.0,1,F1,3000,,,,,
2026-07-14,2026-07-14,CM,NSE,STK,759062,INE0KKN01029,RHETAN,EQ,,,,,RHETAN TMT LIMITED,26.98,27.4,26.5,27.13,27.12,26.58,,27.13,,,14709917,395183676.24,14057,F1,1,,,,,
2026-07-14,2026-07-14,CM,NSE,STK,31163,INE743M01012,RHIM,EQ,,,,,RHI MAGNESITA INDIA LTD,412.8,415.1,401.5,403.75,404.0,413.2,,403.75,,,858588,350024446.55,18392,F1,1,,,,,
2026-07-14,2026-07-14,CM,NSE,STK,8212,INE0J1P01015,RICHA,ST,,,,,RICHA INFO SYSTEMS LTD,94.0,94.5,93.0,93.0,93.0,93.0,,93.0,,,9000,839500.0,6,F1,1000,,,,,
2026-07-14,2026-07-14,CM,NSE,STK,2909,INE209B01025,RICOAUTO,EQ,,,,,RICO AUTO INDUSTRIES LTD,131.46,131.46,126.05,126.72,126.48,131.46,,126.72,,,1129364,144226650.53,9193,F1,1,,,,,
2026-07-14,2026-07-14,CM,NSE,STK,18417,INE0N2P01017,RISHABH,EQ,,,,,RISHABH INSTRUMENTS LTD,662.1,670.0,648.15,653.15,657.85,659.9,,653.05,,,99825,65703663.9,4847,F1,1,,,,,
2026-07-14,2026-07-14,CM,NSE,STK,8944,INE01EG01016,RITCO,EQ,,,,,RITCO LOGISTICS LIMITED,264.05,279.0,260.25,265.45,264.5,263.6,,265.45,,,231180,62062676.25,3897,F1,1,,,,,
2026-07-14,2026-07-14,CM,NSE,STK,3761,INE320J01015,RITES,EQ,,,,,RITES LIMITED,226.0,226.0,221.0,222.15,221.1,226.65,,222.15,,,694207,154718401.69,12775,F1,1,,,,,
2026-07-14,2026-07-14,CM,NSE,STK,1547,INE786W01010,RKEC,EQ,,,,,RKEC PROJECTS LIMITED,27.98,28.27,26.26,27.0,27.89,27.61,,27.0,,,7951,219483.63,112,F1,1,,,,,
2026-07-14,2026-07-14,CM,NSE,STK,762346,INE655V01019,RMC,EQ,,,,,RMC SWITCHGEARS LIMITED,294.55,297.1,288.7,291.4,291.8,294.5,,291.35,,,21270,6234385.85,784,F1,1,,,,,
2026-07-14,2026-07-14,CM,NSE,STK,24589,INE0SA001017,RNFI,SM,,,,,RNFI SERVICES LIMITED,249.35,251.25,247.0,250.7,250.7,248.5,,250.7,,,6000,1496610.0,10,F1,600,,,,,
2026-07-14,2026-07-14,CM,NSE,STK,15157,INE508K01013,RHL,EQ,,,,,ROBUST HOTELS LIMITED,176.0,176.0,173.05,174.98,174.99,173.91,,174.98,,,13654,2389867.8,48,F1,1,,,,,
2026-07-14,2026-07-14,CM,NSE,STK,760033,IN90PTR01010,ROCKPP,E1,,,,,ROCKINGDCE RS.5 PPD UP,59.95,60.0,59.95,60.0,60.0,52.0,,60.0,,,2000,119950.0,2,F1,1000,,,,,
2026-07-14,2026-07-14,CM,NSE,STK,20289,INE0PTR01012,ROCKINGDCE,SM,,,,,ROCKINGDEALS CIRCU ECO L,180.0,180.0,174.0,179.8,179.8,180.0,,179.8,,,3000,532050.0,7,F1,250,,,,,
2026-07-14,2026-07-14,CM,NSE,STK,5279,INE645S01024,ROLEXRINGS,EQ,,,,,ROLEX RINGS LIMITED,143.8,147.44,142.09,146.63,147.15,143.96,,146.63,,,981432,143495447.19,8915,F1,1,,,,,
2026-07-14,2026-07-14,CM,NSE,STK,19108,INE927A01040,ROLLT,BE,,,,,ROLLATAINERS LIMITED,2.11,2.33,2.11,2.33,2.33,2.22,,2.33,,,575749,1312894.76,236,F1,1,,,,,
2026-07-14,2026-07-14,CM,NSE,STK,19410,INE02A801020,ROSSARI,EQ,,,,,ROSSARI BIOTECH LIMITED,530.0,542.0,523.15,527.45,530.0,528.5,,527.35,,,99837,53271081.45,3919,F1,1,,,,,
2026-07-14,2026-07-14,CM,NSE,STK,28913,INE847C01020,ROSSELLIND,EQ,,,,,ROSSELL INDIA LIMITED,57.99,58.0,55.3,57.76,57.9,56.84,,57.76,,,13316,758042.79,313,F1,1,,,,,
2026-07-14,2026-07-14,CM,NSE,STK,27353,INE0OJW01016,ROSSTECH,EQ,,,,,ROSSELL TECHSYS LIMITED,1025.3,1049.3,1015.0,1036.6,1032.0,1025.25,,1036.6,,,129356,133848785.85,8808,F1,1,,,,,
2026-07-14,2026-07-14,CM,NSE,STK,9049,INE535D01037,ROTO,EQ,,,,,ROTO PUMPS LIMITED,68.65,68.75,66.96,67.56,67.35,68.32,,67.56,,,546108,36813660.49,3612,F1,1,,,,,
2026-07-14,2026-07-14,CM,NSE,STK,128,INE450U01017,ROUTE,EQ,,,,,ROUTE MOBILE LIMITED,589.0,597.65,564.1,569.4,567.85,582.85,,569.45,,,1024850,599467136.8,26647,F1,1,,,,,
2026-07-14,2026-07-14,CM,NSE,STK,20170,INE0PDJ01013,ROXHITECH,ST,,,,,ROX HI TECH LIMITED,37.55,37.55,35.7,35.7,35.7,37.55,,35.7,,,16000,582720.0,10,F1,1600,,,,,
2026-07-14,2026-07-14,CM,NSE,STK,29727,INE0EO401019,ROYALARC,SM,,,,,ROYAL ARC ELECTRODES LTD,147.0,147.0,147.0,147.0,147.0,147.0,,147.0,,,1200,176400.0,1,F1,1200,,,,,
2026-07-14,2026-07-14,CM,NSE,STK,13182,INE283H01019,ROHLTD,EQ,,,,,ROYAL ORCHID HOTELS LTD,324.9,327.25,318.4,321.85,321.5,325.3,,321.85,,,16022,5160085.85,726,F1,1,,,,,
2026-07-14,2026-07-14,CM,NSE,STK,16725,INE105J01010,RPGLIFE,EQ,,,,,RPG LIFE SCIENCES LTD,2805.0,2861.9,2735.0,2740.2,2740.0,2822.9,,2740.2,,,20009,55477784.1,3508,F1,1,,,,,
2026-07-14,2026-07-14,CM,NSE,STK,8119,INE425Y01011,RPSGVENT,EQ,,,,,RPSG VENTURES LIMITED,907.0,909.7,885.0,896.35,897.0,907.0,,896.35,,,12768,11417408.65,715,F1,1,,,,,
2026-07-14,2026-07-14,CM,NSE,STK,7292,INE611A01016,RSWM,BE,,,,,RSWM LIMITED,200.05,211.78,200.05,206.68,206.0,201.7,,206.68,,,149743,31344823.81,1024,F1,1,,,,,
2026-07-14,2026-07-14,CM,NSE,STK,24730,INE642C01025,RUBFILA,EQ,,,,,RUBFILA INTERNATIONAL LTD,75.85,75.85,73.0,73.16,73.0,74.16,,73.16,,,12963,957460.13,366,F1,1,,,,,
2026-07-14,2026-07-14,CM,NSE,STK,759316,INE506V01022,RUBICON,EQ,,,,,RUBICON RESEARCH LIMITED,1443.0,1527.0,1434.8,1491.3,1491.0,1438.2,,1491.4,,,615599,922204432.2,32651,F1,1,,,,,
2026-07-14,2026-07-14,CM,NSE,STK,4566,INE413B01023,RUCHINFRA,EQ,,,,,RUCHI INFRASTRUCTURE LTD,5.84,6.0,5.7,5.79,5.8,5.79,,5.77,,,30740,179417.6,185,F1,1,,,,,
2026-07-14,2026-07-14,CM,NSE,STK,13821,INE803H01014,RUCHIRA,EQ,,,,,RUCHIRA PAPERS LIMITED,104.87,104.98,102.63,103.71,104.25,104.93,,103.71,,,23962,2491678.59,526,F1,1,,,,,
2026-07-14,2026-07-14,CM,NSE,STK,760401,INE027T01023,RUDRA,BE,,,,,RUDRA GLOBAL INFRA PROD L,17.35,17.36,17.07,17.21,17.17,17.35,,17.21,,,14792,254415.43,51,F1,1,,,,,
2026-07-14,2026-07-14,CM,NSE,STK,1486,INE364Z01019,REPL,BE,,,,,RUDRABHISHEK ENTERP LTD,66.8,66.8,63.66,66.0,66.0,66.46,,66.0,,,1193,78315.72,23,F1,1,,,,,
2026-07-14,2026-07-14,CM,NSE,STK,23830,INE0R7301013,RULKA,SM,,,,,RULKA ELECTRICALS LIMITED,116.0,116.0,115.1,115.15,115.15,117.9,,115.15,,,1800,208035.0,6,F1,300,,,,,
2026-07-14,2026-07-14,CM,NSE,STK,25724,INE895B01021,RUPA,EQ,,,,,RUPA & COMPANY LTD,170.11,171.0,167.77,169.13,168.2,172.02,,169.08,,,95836,16213802.82,1905,F1,1,,,,,
2026-07-14,2026-07-14,CM,NSE,STK,24595,INE573K01025,RUSHIL,EQ,,,,,RUSHIL DECOR LIMITED,15.83,15.96,15.25,15.39,15.28,15.8,,15.39,,,263616,4096122.29,1176,F1,1,,,,,
2026-07-14,2026-07-14,CM,NSE,STK,24674,INE0BSN01013,SATECH,SM,,,,,S A TECH SOFTWARE INDIA L,35.0,35.3,34.6,34.6,34.6,35.5,,34.6,,,4000,139550.0,4,F1,1000,,,,,
2026-07-14,2026-07-14,CM,NSE,STK,20698,INE807K01035,SCHAND,EQ,,,,,S CHAND AND COMPANY LTD,152.49,152.49,148.25,149.79,149.0,152.11,,149.8,,,12424,1861345.35,429,F1,1,,,,,
2026-07-14,2026-07-14,CM,NSE,STK,25528,INE0X6F01017,SDREAMS,SM,,,,,S D RETAIL LIMITED,91.0,91.0,91.0,91.0,91.0,90.25,,91.0,,,2000,182000.0,2,F1,1000,,,,,
2026-07-14,2026-07-14,CM,NSE,STK,11212,INE500L01026,SHK,EQ,,,,,S H KELKAR AND CO. LTD.,129.0,130.99,128.11,128.91,128.83,130.2,,128.91,,,210765,27265616.78,4077,F1,1,,,,,
2026-07-14,2026-07-14,CM,NSE,STK,20542,INE0F3301020,SJLOGISTIC,SM,,,,,S J LOGISTICS (INDIA) LTD,336.7,339.65,322.5,325.9,329.65,339.5,,325.9,,,50500,16667225.0,136,F1,250,,,,,
2026-07-14,2026-07-14,CM,NSE,STK,2951,INE902B01017,S&SPOWER,EQ,,,,,S&S POWER SWITCHGEARS LTD,358.0,372.4,346.0,365.0,362.0,361.0,,365.0,,,1056,377583.85,90,F1,1,,,,,
2026-07-14,2026-07-14,CM,NSE,STK,18252,INE212I01016,SPAL,EQ,,,,,S. P. APPARELS LIMITED,1129.0,1199.0,1108.1,1121.6,1116.0,1124.8,,1121.6,,,185476,213613716.8,13136,F1,1,,,,,
2026-07-14,2026-07-14,CM,NSE,STK,11637,INE658G01014,SALSTEEL,BE,,,,,S.A.L. STEEL LTD.,57.7,57.9,55.1,56.43,56.0,57.07,,56.43,,,56840,3195581.39,385,F1,1,,,,,
2026-07-14,2026-07-14,CM,NSE,STK,19112,INE0PSK01027,SAAKSHI,ST,,,,,SAAKSHI MEDTEC N PANELS L,290.1,293.4,290.0,293.4,293.4,302.4,,293.4,,,4800,1396110.0,7,F1,600,,,,,
2026-07-14,2026-07-14,CM,NSE,STK,759057,INE13B501022,SAATVIKGL,EQ,,,,,SAATVIK GREEN ENERGY LTD,450.0,483.3,445.55,465.9,466.9,449.25,,465.9,,,834895,394448009.65,25764,F1,1,,,,,
2026-07-14,2026-07-14,CM,NSE,STK,18497,INE860T01019,SABEVENTS,EQ,,,,,SAB EVENTS & GOVERNANCE,8.74,8.74,8.31,8.31,8.31,8.74,,8.31,,,4690,38974.33,16,F1,1,,,,,
2026-07-14,2026-07-14,CM,NSE,STK,10982,INE0DZ101013,SABAR,SM,,,,,SABAR FLEX INDIA LIMITED,4.15,4.15,4.15,4.15,4.15,4.35,,4.15,,,45000,186750.0,8,F1,5000,,,,,
2026-07-14,2026-07-14,CM,NSE,STK,757409,INE1ARD01016,SACHEEROME,SM,,,,,SACHEEROME LIMITED,423.35,440.0,420.85,432.45,433.0,415.75,,432.45,,,29100,12650040.0,90,F1,300,,,,,
2026-07-14,2026-07-14,CM,NSE,STK,13236,INE226H01026,SADBHAV,EQ,,,,,SADBHAV ENGINEERING LTD,8.89,8.89,8.27,8.33,8.31,8.4,,8.33,,,209369,1778564.95,437,F1,1,,,,,
2026-07-14,2026-07-14,CM,NSE,STK,10622,INE764L01010,SADBHIN,BE,,,,,SADBHAV INFRA PROJ LTD.,2.62,2.78,2.61,2.68,2.69,2.65,,2.68,,,83831,223710.54,107,F1,1,,,,,
2026-07-14,2026-07-14,CM,NSE,STK,15349,INE888C01040,SADHNANIQ,BE,,,,,SADHANA NITROCHEM LIMITED,2.64,2.64,2.64,2.64,2.64,2.69,,2.63,,,530335,1400084.4,245,F1,1,,,,,
2026-07-14,2026-07-14,CM,NSE,STK,22897,INE0K5H01010,SADHAV,SM,,,,,SADHAV SHIPPING LIMITED,113.5,118.0,113.0,117.6,118.0,114.85,,117.6,,,63000,7388490.0,25,F1,600,,,,,
2026-07-14,2026-07-14,CM,NSE,STK,13035,INE429E01023,SAFARI,EQ,,,,,SAFARI IND (INDIA) LTD,1667.8,1685.1,1645.1,1665.8,1665.0,1683.5,,1665.7,,,19631,32665485.9,3279,F1,1,,,,,
2026-07-14,2026-07-14,CM,NSE,STK,757583,INE17D601016,SAFEENTP,SM,,,,,SAFE ENTER RETAIL FIX LTD,276.9,276.9,270.0,270.6,270.0,277.25,,270.6,,,24000,6526700.0,35,F1,500,,,,,
2026-07-14,2026-07-14,CM,NSE,STK,14068,INE229C01021,SAGCEM,EQ,,,,,SAGAR CEMENTS LIMITED,178.91,178.91,175.56,175.75,175.56,178.73,,175.73,,,19555,3451252.4,603,F1,1,,,,,
2026-07-14,2026-07-14,CM,NSE,STK,8175,INE976T01013,SAGARDEEP,EQ,,,,,SAGARDEEP ALLOYS LIMITED,24.9,24.9,23.65,23.77,23.77,24.03,,23.77,,,2733,65249.78,50,F1,1,,,,,
2026-07-14,2026-07-14,CM,NSE,STK,27052,INE0W2G01015,SAGILITY,EQ,,,,,SAGILITY LIMITED,41.8,42.38,41.34,41.79,41.85,42.03,,41.8,,,13973679,584873845.1,28903,F1,1,,,,,
2026-07-14,2026-07-14,CM,NSE,STK,24478,INE0P4701011,SAHAJSOLAR,SM,,,,,SAHAJ SOLAR LIMITED,123.0,124.5,121.35,121.35,121.35,122.2,,121.35,,,4800,593680.0,12,F1,400,,,,,
2026-07-14,2026-07-14,CM,NSE,STK,16711,INE0LEX01011,SAHANA,SM,,,,,SAHANA SYSTEM LIMITED,948.0,964.0,930.0,932.9,930.0,928.6,,932.9,,,52625,49955287.5,227,F1,125,,,,,
2026-07-14,2026-07-14,CM,NSE,STK,25671,INE0RBQ01018,SAHASRA,ST,,,,,SAHASRA ELECTRONIC SOLU L,301.9,301.9,301.9,301.9,301.9,296.0,,301.9,,,43200,13042080.0,48,F1,400,,,,,
2026-07-14,2026-07-14,CM,NSE,STK,14900,INE280H01015,SAHYADRI,EQ,,,,,SAHYADRI INDUSTRIES LTD,296.0,296.0,279.1,283.05,281.8,278.65,,283.1,,,4016,1151937.8,236,F1,1,,,,,
2026-07-14,2026-07-14,CM,NSE,STK,27839,INE570L01029,SAILIFE,EQ,,,,,SAI LIFE SCIENCES LIMITED,1268.0,1292.0,1259.6,1268.8,1276.0,1272.1,,1268.8,,,400032,510566618.2,29030,F1,1,,,,,
2026-07-14,2026-07-14,CM,NSE,STK,761675,INE0H9F01037,SAIPARENT,EQ,,,,,SAI PARENTERALS LIMITED,582.0,587.0,576.3,583.35,585.0,586.15,,583.3,,,79187,46004214.2,4593,F1,1,,,,,
2026-07-14,2026-07-14,CM,NSE,STK,18755,INE438K01021,KALAMANDIR,EQ,,,,,SAI SILKS (KALAMANDIR) L,101.77,101.77,98.94,99.22,99.0,101.85,,99.22,,,681632,68018592.99,7616,F1,1,,,,,
2026-07-14,2026-07-14,CM,NSE,STK,25712,INE00MT01022,SAJHOTELS,SM,,,,,SAJ HOTELS LIMITED,27.25,32.7,27.25,32.6,32.7,27.25,,32.6,,,130000,3983300.0,51,F1,2000,,,,,
2026-07-14,2026-07-14,CM,NSE,STK,9539,INE732S01012,SAKAR,EQ,,,,,SAKAR HEALTHCARE LIMITED,874.95,944.4,857.25,904.45,919.9,863.5,,904.45,,,798161,724431630.55,34006,F1,1,,,,,
2026-07-14,2026-07-14,CM,NSE,STK,11794,INE667G01023,SAKSOFT,EQ,,,,,SAKSOFT LIMITED,184.38,184.8,177.06,178.58,179.5,185.02,,178.57,,,1847978,332959512.59,15811,F1,1,,,,,
2026-07-14,2026-07-14,CM,NSE,STK,2969,INE623A01011,SAKHTISUG,EQ,,,,,SAKTHI SUGARS LTD,16.79,17.49,16.6,17.18,17.19,16.67,,17.18,,,124781,2124045.35,646,F1,1,,,,,
2026-07-14,2026-07-14,CM,NSE,STK,13255,INE190H01024,SAKUMA,BE,,,,,SAKUMA EXPORTS LIMITED,1.77,1.82,1.77,1.8,1.82,1.77,,1.8,,,626771,1127686.61,664,F1,1,,,,,
2026-07-14,2026-07-14,CM,NSE,STK,21362,INE170V01027,SALASAR,EQ,,,,,SALASAR TECHNO ENGG. LTD.,6.17,6.17,6.06,6.07,6.06,6.14,,6.07,,,2042767,12452197.8,2204,F1,1,,,,,
2026-07-14,2026-07-14,CM,NSE,STK,17351,INE498E01010,SALONA,EQ,,,,,SALONA COTSPIN LTD.,253.0,259.9,251.05,255.0,255.0,255.4,,255.0,,,69,17577.55,10,F1,1,,,,,
2026-07-14,2026-07-14,CM,NSE,STK,11399,INE457F01013,SALZERELEC,EQ,,,,,SALZER ELECTRONICS LTD,611.7,615.75,597.95,600.2,598.0,614.8,,600.2,,,32144,19423419.8,1696,F1,1,,,,,
2026-07-14,2026-07-14,CM,NSE,STK,4127,INE699B01027,SAMBHAAV,EQ,,,,,SAMBHAAV MEDIA LTD,6.49,6.49,6.2,6.2,6.2,6.37,,6.2,,,55154,351911.53,104,F1,1,,,,,
2026-07-14,2026-07-14,CM,NSE,STK,757767,INE12NJ01018,SAMBHV,EQ,,,,,SAMBHV STEEL TUBES LTD,121.0,123.03,118.5,122.21,122.5,120.92,,122.21,,,1665668,201056209.61,8683,F1,1,,,,,
2026-07-14,2026-07-14,CM,NSE,STK,21096,INE0PZA01015,SAIFL,SM,,,,,SAMEERA AGRO AND INFRA L,5.05,5.15,5.05,5.1,5.1,5.05,,5.1,,,96000,490000.0,19,F1,4000,,,,,
2026-07-14,2026-07-14,CM,NSE,STK,18614,INE08U801020,SAMHI,EQ,,,,,SAMHI HOTELS LIMITED,177.0,177.0,172.2,175.63,174.77,178.06,,175.55,,,639314,111721155.24,10380,F1,1,,,,,
2026-07-14,2026-07-14,CM,NSE,STK,30125,INE148I01020,SAMMAANCAP,EQ,,,,,SAMMAAN CAPITAL LIMITED,163.65,163.94,159.89,160.49,160.39,164.91,,160.49,,,6269658,1012932717.54,25426,F1,1,,,,,
2026-07-14,2026-07-14,CM,NSE,STK,27303,INE735M01018,SAMPANN,EQ,,,,,SAMPANN UTPADAN INDIA LTD,27.65,28.68,27.65,27.68,27.65,28.36,,27.69,,,12594,350210.55,281,F1,1,,,,,
2026-07-14,2026-07-14,CM,NSE,STK,4204,INE775A01035,MOTHERSON,EQ,,,,,SAMVRDHNA MTHRSN INTL LTD,143.25,143.55,141.29,142.06,142.5,144.06,,142.06,,,12934232,1837156028.78,54256,F1,1,,,,,
2026-07-14,2026-07-14,CM,NSE,STK,28805,INE0JPD01013,SANATHAN,EQ,,,,,SANATHAN TEXTILES LIMITED,444.7,444.7,436.5,440.0,440.0,443.75,,440.0,,,10271,4513261.65,626,F1,1,,,,,
2026-07-14,2026-07-14,CM,NSE,STK,2988,INE583B01015,SANDESH,EQ,,,,,SANDESH LTD,975.4,1003.0,975.4,987.95,985.1,994.5,,984.65,,,273,270912.4,54,F1,1,,,,,
2026-07-14,2026-07-14,CM,NSE,STK,2397,INE278H01035,SANDHAR,EQ,,,,,SANDHAR TECHNOLOGIES LTD,665.8,665.8,617.0,620.0,620.0,667.1,,619.95,,,461826,291725921.75,17635,F1,1,,,,,
2026-07-14,2026-07-14,CM,NSE,STK,18359,INE149K01016,SANDUMA,EQ,,,,,SANDUR MANG & IRON ORES L,202.0,205.0,198.84,199.38,199.7,203.25,,199.38,,,556380,111936266.0,9292,F1,1,,,,,
2026-07-14,2026-07-14,CM,NSE,STK,4184,INE495C01010,SANGAMIND,EQ,,,,,SANGAM (INDIA) LTD,630.0,650.0,617.7,624.95,624.9,622.55,,625.15,,,602757,382422936.2,22523,F1,1,,,,,
2026-07-14,2026-07-14,CM,NSE,STK,18035,INE0OVI01010,SANGANI,SM,,,,,SANGANI HOSPITALS LIMITED,44.5,45.0,44.5,45.0,45.0,45.0,,45.0,,,64500,2871000.0,7,F1,1500,,,,,
2026-07-14,2026-07-14,CM,NSE,STK,14058,INE989A01032,SANGHVIMOV,EQ,,,,,SANGHVI MOVERS LTD,437.9,441.2,424.0,430.8,432.45,436.7,,431.0,,,417728,180372396.35,11598,F1,1,,,,,
2026-07-14,2026-07-14,CM,NSE,STK,11033,INE753W01010,SANGINITA,BE,,,,,SANGINITA CHEMICALS LTD,52.63,52.64,52.63,52.64,52.64,51.61,,52.64,,,206537,10870581.58,228,F1,1,,,,,
2026-07-14,2026-07-14,CM,NSE,STK,25222,INE0UOS01011,SANOFICONR,EQ,,,,,SANOFI CONS HEALTHC IND L,4577.0,4598.8,4550.0,4558.8,4551.3,4588.0,,4558.7,,,1190,5430035.6,459,F1,1,,,,,
2026-07-14,2026-07-14,CM,NSE,STK,1442,INE058A01010,SANOFI,EQ,,,,,SANOFI INDIA LIMITED,3343.0,3375.8,3340.0,3362.2,3370.0,3343.7,,3362.1,,,13364,44916042.8,4883,F1,1,,,,,
2026-07-14,2026-07-14,CM,NSE,STK,5751,INE953O01021,SANSERA,EQ,,,,,SANSERA ENGINEERING LTD,3265.0,3276.9,3193.2,3238.6,3249.9,3281.2,,3238.5,,,131804,425881407.6,14976,F1,1,,,,,
2026-07-14,2026-07-14,CM,NSE,STK,24582,INE08NE01025,SANSTAR,EQ,,,,,SANSTAR LIMITED,113.33,113.33,111.0,111.44,111.3,113.52,,111.43,,,173497,19397556.53,2598,F1,1,,,,,
2026-07-14,2026-07-14,CM,NSE,STK,46,INE890C01046,SANWARIA,BZ,,,,,SANWARIA CONSUMER LIMITED,0.19,0.2,0.19,0.19,0.2,0.19,,0.19,,,358241,70117.09,134,F1,1,,,,,
2026-07-14,2026-07-14,CM,NSE,STK,6718,INE806T01020,SAPPHIRE,EQ,,,,,SAPPHIRE FOODS INDIA LTD,184.2,186.8,180.1,181.9,181.5,186.97,,181.9,,,548413,99916446.23,10787,F1,1,,,,,
2026-07-14,2026-07-14,CM,NSE,STK,19863,INE0PUC01020,SARTELE,SM,,,,,SAR TELEVENTURE LIMITED,129.9,131.0,122.5,123.45,125.0,128.95,,123.45,,,94500,11900325.0,172,F1,500,,,,,
2026-07-14,2026-07-14,CM,NSE,STK,762985,INE967G01019,ZSARACOM,EQ,,,,,SARASWATI COMM (INDIA) L,13249.0,13249.0,12500.0,12646.0,12749.5,13168.5,,12647.5,,,74,942591.0,66,F1,1,,,,,
2026-07-14,2026-07-14,CM,NSE,STK,24856,INE0PQ101010,SSDL,EQ,,,,,SARASWATI SAREE DEPOT LTD,56.0,56.0,54.67,54.82,54.7,55.45,,54.82,,,17773,979154.17,482,F1,1,,,,,
2026-07-14,2026-07-14,CM,NSE,STK,17758,INE385C01021,SARDAEN,EQ,,,,,SARDA ENERGY & MIN LTD,503.15,504.95,490.9,492.55,493.0,500.05,,492.55,,,207579,103099790.6,12057,F1,1,,,,,
2026-07-14,2026-07-14,CM,NSE,STK,4892,INE979A01025,SAREGAMA,EQ,,,,,SAREGAMA INDIA LIMITED,498.95,499.7,481.65,483.5,483.45,498.5,,483.5,,,451661,220776781.05,15002,F1,1,,,,,
2026-07-14,2026-07-14,CM,NSE,STK,14043,INE453D01025,SARLAPOLY,EQ,,,,,SARLA PERF. FIBERS LTD,105.75,105.75,102.0,102.56,102.65,105.95,,102.56,,,29021,3017519.49,510,F1,1,,,,,
2026-07-14,2026-07-14,CM,NSE,STK,18506,INE0PCL01011,SAROJA,SM,,,,,SAROJA PHARMA INDUS IND L,29.95,29.95,29.95,29.95,29.95,31.35,,29.95,,,6400,191680.0,4,F1,1600,,,,,
2026-07-14,2026-07-14,CM,NSE,STK,6843,INE017W01010,SMLT,EQ,,,,,SARTHAK METALS LIMITED,68.55,69.85,67.01,68.58,68.7,67.76,,68.57,,,3886,266456.75,81,F1,1,,,,,
2026-07-14,2026-07-14,CM,NSE,STK,12950,INE324X01026,SARVESHWAR,BE,,,,,SARVESHWAR FOODS LIMITED,3.55,3.61,3.55,3.57,3.6,3.6,,3.57,,,593475,2124328.08,910,F1,1,,,,,
2026-07-14,2026-07-14,CM,NSE,STK,11983,INE231F01020,SASKEN,EQ,,,,,SASKEN TECHNOLOGIES LTD,2093.5,2109.9,2013.6,2024.1,2045.0,2076.0,,2024.1,,,14821,30315459.6,1925,F1,1,,,,,
2026-07-14,2026-07-14,CM,NSE,STK,29154,INE0NB801022,SATKARTAR,ST,,,,,SAT KARTAR LIFE LIMITED,133.0,134.95,131.5,132.5,132.5,135.0,,132.5,,,178400,23647600.0,19,F1,800,,,,,
2026-07-14,2026-07-14,CM,NSE,STK,24697,INE0RFP01011,SSEGL,SM,,,,,SATHLOKHAR SYN E&C GLOB L,334.95,335.05,322.0,324.65,326.0,329.95,,324.65,,,15400,5043250.0,65,F1,200,,,,,
2026-07-14,2026-07-14,CM,NSE,STK,11045,INE170E01023,SATIA,EQ,,,,,SATIA INDUSTRIES LIMITED,54.63,55.5,54.0,54.92,55.38,55.39,,54.92,,,39056,2133842.64,812,F1,1,,,,,
2026-07-14,2026-07-14,CM,NSE,STK,10453,INE836B01017,SATIN,EQ,,,,,SATIN CREDIT NET LTD,268.5,270.5,261.2,264.66,263.89,267.19,,264.65,,,788816,210076842.88,13462,F1,1,,,,,
2026-07-14,2026-07-14,CM,NSE,STK,758960,INE14DW01018,SATTVAENGG,SM,,,,,SATTVA ENGINEERING CSTN L,76.3,76.3,75.0,75.0,75.0,76.5,,75.0,,,11200,844240.0,7,F1,1600,,,,,
2026-07-14,2026-07-14,CM,NSE,STK,3018,INE626A01014,SAURASHCEM,EQ,,,,,SAURASHTRA CEMENT LIMITED,54.86,55.3,53.46,53.75,53.5,54.43,,53.75,,,128696,7007092.27,1088,F1,1,,,,,
2026-07-14,2026-07-14,CM,NSE,STK,3021,INE035D01020,SOTL,EQ,,,,,SAVITA OIL TECHNOLO. LTD,599.95,599.95,576.0,579.55,582.0,597.45,,579.55,,,183111,107013595.3,7766,F1,1,,,,,
2026-07-14,2026-07-14,CM,NSE,STK,758444,INE10VS01016,SAWALIYA,SM,,,,,SAWALIYA FOOD PRODUCTS L,302.0,302.0,297.0,298.15,297.0,300.6,,298.15,,,13800,4130400.0,13,F1,600,,,,,
2026-07-14,2026-07-14,CM,NSE,STK,762879,INE318C01014,SAYAJIHOTL,EQ,,,,,SAYAJI HOTELS LTD.,312.0,312.0,310.0,310.0,310.0,310.0,,310.0,,,11,3412.0,3,F1,1,,,,,
2026-07-14,2026-07-14,CM,NSE,STK,6792,INE04AK01028,SBC,EQ,,,,,SBC EXPORTS LIMITED,42.28,42.53,42.24,42.29,42.3,42.17,,42.29,,,9102396,385793363.12,4425,F1,1,,,,,
2026-07-14,2026-07-14,CM,NSE,STK,18026,INE423Y01016,SBFC,EQ,,,,,SBFC FINANCE LIMITED,92.0,92.53,91.15,92.11,92.1,92.9,,92.11,,,839747,77172105.37,7326,F1,1,,,,,
2026-07-14,2026-07-14,CM,NSE,STK,17971,INE018E01016,SBICARD,EQ,,,,,SBI CARDS & PAY SER LTD,616.0,641.8,612.65,638.85,640.95,618.7,,638.85,,,7092271,4475390688.6,88702,F1,1,,,,,
2026-07-14,2026-07-14,CM,NSE,STK,21808,INE123W01016,SBILIFE,EQ,,,,,SBI LIFE INSURANCE CO LTD,1842.0,1852.6,1829.6,1840.3,1830.0,1855.9,,1840.3,,,1035413,1904121949.8,58332,F1,1,,,,,
2026-07-14,2026-07-14,CM,NSE,STK,17272,INF200KA16D8,SETFGOLD,EQ,,,,,SBI-ETF GOLD,120.0,120.15,118.55,119.63,119.7,120.67,,119.63,,,2847176,340823357.78,14009,F1,1,,,,,
2026-07-14,2026-07-14,CM,NSE,STK,10176,INF200KA1FS1,SETFNIF50,EQ,,,,,SBI-ETF NIFTY 50,258.0,261.0,258.0,258.39,258.34,260.49,,258.39,,,381714,98788012.85,6497,F1,1,,,,,
2026-07-14,2026-07-14,CM,NSE,STK,7361,INF200KA1580,SETFNIFBK,EQ,,,,,SBI-ETF NIFTY BANK,596.41,596.41,588.01,590.21,588.86,596.41,,590.21,,,29117,17189871.7,830,F1,1,,,,,
2026-07-14,2026-07-14,CM,NSE,STK,7353,INF200KA1598,SETFNN50,EQ,,,,,SBI-ETF NIFTY NEXT 50,756.02,773.28,756.02,768.88,772.0,773.32,,768.88,,,21862,16788447.08,988,F1,1,,,,,
2026-07-14,2026-07-14,CM,NSE,STK,19705,INF200KA13Z8,LIQUIDSBI,EQ,,,,,SBIAMC - LIQUIDSBI,999.99,1000.0,999.99,1000.0,1000.0,999.99,,1000.0,,,3798,3797971.76,37,F1,1,,,,,
2026-07-14,2026-07-14,CM,NSE,STK,30290,INF200KB1712,SBIBPB,EQ,,,,,SBIAMC - SBIBPB,49.2,49.2,48.0,48.25,48.64,48.99,,48.25,,,66043,3188454.28,633,F1,1,,,,,
2026-07-14,2026-07-14,CM,NSE,STK,5168,INF200KA1X17,SBIETFCON,EQ,,,,,SBIAMC - SBIETFCON,120.92,120.92,119.46,119.59,119.7,120.13,,119.59,,,2549,305464.95,75,F1,1,,,,,
2026-07-14,2026-07-14,CM,NSE,STK,740,INF200KA1S14,SBIETFIT,EQ,,,,,SBIAMC - SBIETFIT,322.92,324.55,317.1,317.93,317.1,321.32,,317.93,,,22198,7110811.47,305,F1,1,,,,,
2026-07-14,2026-07-14,CM,NSE,STK,722,INF200KA1S22,SBIETFPB,EQ,,,,,SBIAMC - SBIETFPB,289.9,292.0,283.37,285.29,292.0,287.84,,285.29,,,1966,560880.02,90,F1,1,,,,,
2026-07-14,2026-07-14,CM,NSE,STK,7218,INF200KA1WX6,SBIETFQLTY,EQ,,,,,SBIAMC - SBIETFQLTY,217.12,219.26,217.12,218.86,219.2,219.32,,218.86,,,1130,246355.15,43,F1,1,,,,,
2026-07-14,2026-07-14,CM,NSE,STK,758496,INF200KB1969,SBILIQETF,EQ,,,,,SBIAMC - SBILIQETF,1047.35,1047.37,1047.35,1047.36,1047.37,1047.21,,1047.36,,,25904,27130880.58,59,F1,1,,,,,
2026-07-14,2026-07-14,CM,NSE,STK,761095,INF200KB1AJ0,SBIMIDMOM,EQ,,,,,SBIAMC - SBIMIDMOM,62.7,63.29,62.49,62.85,62.6,62.97,,62.85,,,23363,1465911.03,144,F1,1,,,,,
2026-07-14,2026-07-14,CM,NSE,STK,24524,INF200KB1282,SBINEQWETF,EQ,,,,,SBIAMC - SBINEQWETF,33.48,33.61,32.87,32.96,33.61,33.31,,32.96,,,33766,1116372.87,253,F1,1,,,,,
2026-07-14,2026-07-14,CM,NSE,STK,761741,INF200KB1AK8,SBINMID150,EQ,,,,,SBIAMC - SBINMID150,23.37,23.37,22.98,23.13,23.13,23.26,,23.13,,,12542,290146.29,113,F1,1,,,,,
2026-07-14,2026-07-14,CM,NSE,STK,24366,INF200KB1217,SBISILVER,EQ,,,,,SBIAMC - SBISILVER,210.02,214.05,210.02,213.03,212.95,212.71,,213.03,,,731891,155772903.19,5565,F1,1,,,,,
2026-07-14,2026-07-14,CM,NSE,STK,763543,INF200KB1AY9,SBISMLETF,EQ,,,,,SBIAMC - SBISMLETF,18.33,18.39,17.94,18.02,18.0,18.24,,18.03,,,34433,621459.44,222,F1,1,,,,,
2026-07-14,2026-07-14,CM,NSE,STK,763546,INF200KB1AX1,SBIVALETF,EQ,,,,,SBIAMC - SBIVALETF,14.93,14.93,14.78,14.82,14.83,14.89,,14.82,,,7110,105640.72,74,F1,1,,,,,
2026-07-14,2026-07-14,CM,NSE,STK,17395,INF200KA1JT1,SETF10GILT,EQ,,,,,SBIAMC - SETF10GILT,265.99,266.25,264.21,264.98,264.89,265.24,,264.98,,,652,173214.63,29,F1,1,,,,,
2026-07-14,2026-07-14,CM,NSE,STK,762884,INE099G01011,SCANSTL,EQ,,,,,SCAN STEELS LTD.,50.84,51.99,48.41,48.79,48.8,50.02,,48.79,,,344792,17396886.79,2492,F1,1,,,,,
2026-07-14,2026-07-14,CM,NSE,STK,1011,INE513A01022,SCHAEFFLER,EQ,,,,,SCHAEFFLER INDIA LIMITED,4136.6,4176.0,4099.3,4139.2,4150.0,4134.7,,4139.2,,,23951,99095146.7,6737,F1,1,,,,,
2026-07-14,2026-07-14,CM,NSE,STK,31234,INE839M01018,SCHNEIDER,EQ,,,,,SCHNEIDER ELECTRIC INFRA,1380.0,1384.9,1333.0,1335.9,1336.0,1378.3,,1335.9,,,273978,370051520.1,24672,F1,1,,,,,
2026-07-14,2026-07-14,CM,NSE,STK,757458,INE148I07YA9,9SCL27,N2,,,,,SCL 9.00% 2027 SR I,1065.0,1065.0,1060.2,1060.2,1060.2,1070.0,,1060.2,,,24,25483.2,4,F1,1,,,,,
2026-07-14,2026-07-14,CM,NSE,STK,757608,INE148I07WZ0,975SCL35,N0,,,,,SCL 9.75% 2035 SR II,99817.52,99817.52,99817.52,99817.52,99817.52,99817.52,,99817.52,,,3,299452.56,1,F1,1,,,,,
2026-07-14,2026-07-14,CM,NSE,STK,757478,INE090501011,SCODATUBES,EQ,,,,,SCODA TUBES LIMITED,154.51,154.51,151.21,153.43,153.4,154.51,,153.43,,,108559,16587851.79,1619,F1,1,,,,,
2026-07-14,2026-07-14,CM,NSE,STK,20599,IN1020200086,690AP27,SG,,,,,SDL AP 6.90% 2027,100.75,100.75,100.75,100.75,100.75,100.62,,100.75,,,1500,151125.0,1,F1,100,,,,,
2026-07-14,2026-07-14,CM,NSE,STK,762421,IN3520260016,737CG31,SG,,,,,SDL CG 7.37% 2031,97.0,97.0,97.0,97.0,97.0,93.1,,97.0,,,100,9700.0,1,F1,100,,,,,
2026-07-14,2026-07-14,CM,NSE,STK,25360,IN2220240286,713MH37,SG,,,,,SDL MH 7.13% 2037,93.0,93.0,93.0,93.0,93.0,94.05,,93.0,,,100,9300.0,1,F1,100,,,,,
2026-07-14,2026-07-14,CM,NSE,STK,22492,IN3120230401,76TN31,SG,,,,,SDL TN 7.6% 2031,100.4,100.4,100.4,100.4,100.4,100.4,,100.4,,,100,10040.0,1,F1,100,,,,,
2026-07-14,2026-07-14,CM,NSE,STK,15106,IN4520230017,761TS44,SG,,,,,SDL TS 7.61% 2044,97.0,97.0,97.0,97.0,97.0,100.76,,97.0,,,100,9700.0,1,F1,100,,,,,
2026-07-14,2026-07-14,CM,NSE,STK,20643,INE027E07972,935LTF29,N5,,,,,SE RE NCD 9.35% SR.V OP2,1091.0,1110.0,1091.0,1110.0,1110.0,1090.0,,1110.0,,,100,109271.0,2,F1,1,,,,,
2026-07-14,2026-07-14,CM,NSE,STK,2616,INE497B01018,SEAMECLTD,EQ,,,,,SEAMEC LIMITED,1423.3,1440.5,1418.0,1426.9,1421.0,1441.2,,1427.0,,,16741,23924187.6,2272,F1,1,,,,,
2026-07-14,2026-07-14,CM,NSE,STK,7666,INE477L07AP4,IIFLHFZC27,NB,,,,,SEC RE NCD 0% SR.V,1423.5,1423.5,1423.5,1423.5,1423.5,1413.5,,1423.5,,,42,59787.0,2,F1,1,,,,,
2026-07-14,2026-07-14,CM,NSE,STK,6207,INE530B07187,IIFLZC26,NN,,,,,SEC RE NCD 0% SR.VII,1473.5,1473.5,1473.0,1473.0,1473.0,1473.39,,1473.0,,,383,564310.5,14,F1,1,,,,,
2026-07-14,2026-07-14,CM,NSE,STK,7674,INE477L07AS8,IIFLHF29,NE,,,,,SEC RE NCD 0% SR.VIII,1343.5,1343.5,1250.55,1340.0,1340.0,1343.85,,1340.0,,,25,33070.25,4,F1,1,,,,,
2026-07-14,2026-07-14,CM,NSE,STK,12465,INE741K07496,10CAGL27,N5,,,,,SEC RE NCD 10% SR. V,1011.0,1014.0,1011.0,1014.0,1014.0,1010.0,,1014.0,,,38,38442.0,2,F1,1,,,,,
2026-07-14,2026-07-14,CM,NSE,STK,20779,INE413U07269,1003ISFL28,N4,,,,,SEC RE NCD 10.03% SR 5,1011.0,1015.0,1010.0,1015.0,1015.0,1010.0,,1015.0,,,257,259788.47,8,F1,1,,,,,
2026-07-14,2026-07-14,CM,NSE,STK,19776,INE148I07QD9,980SCL33C,ND,,,,,SEC RE NCD 10.03% SR X,663.1,663.1,663.1,663.1,663.1,828.75,,663.1,,,1,663.1,1,F1,1,,,,,
2026-07-14,2026-07-14,CM,NSE,STK,18906,INE148I07PV3,888SCL25E,N4,,,,,SEC RE NCD 10.25% SR XII,770.4,770.4,770.4,770.4,770.4,910.0,,770.4,,,1,770.4,1,F1,1,,,,,
2026-07-14,2026-07-14,CM,NSE,STK,25916,INE583D07513,1040UCL27B,N1,,,,,SEC RE NCD 10.40% SR III,981.5,982.0,981.5,982.0,982.0,1000.0,,982.0,,,5,4908.0,3,F1,1,,,,,
2026-07-14,2026-07-14,CM,NSE,STK,18879,INE148I07PS9,957SCL30,BX,,,,,SEC RE NCD 10.50% SR IX,660.4,660.4,660.4,660.4,660.4,913.87,,660.4,,,1,660.4,1,F1,1,,,,,
2026-07-14,2026-07-14,CM,NSE,STK,15249,INE244L07556,1003SFIL28,NX,,,,,SEC RE NCD 10.50% SR.VII,550.0,550.0,499.0,519.4,499.0,575.0,,519.4,,,5,2597.0,2,F1,1,,,,,
2026-07-14,2026-07-14,CM,NSE,STK,23123,INE342T07460,1065NFL27,NC,,,,,SEC RE NCD 10.65% SR.IV,1018.97,1018.97,1018.97,1018.97,1018.97,1018.99,,1024.0,,,1,1018.97,1,F1,1,,,,,
2026-07-14,2026-07-14,CM,NSE,STK,23319,INE148I07SR5,1075SCFL34,Z6,,,,,SEC RE NCD 10.75% SR XI,1065.0,1065.0,1065.0,1065.0,1065.0,1057.52,,1065.0,,,70,74550.0,1,F1,1,,,,,
2026-07-14,2026-07-14,CM,NSE,STK,18902,INE148I07PT7,1075SCL33A,N2,,,,,SEC RE NCD 10.75% SR XI,822.0,822.0,822.0,822.0,822.0,915.0,,822.0,,,1,822.0,1,F1,1,,,,,
2026-07-14,2026-07-14,CM,NSE,STK,11658,INE0H7R07017,79NHIT35,N1,,,,,SEC RE NCD 7.90% STRPP A,310.4,310.6,310.0,310.31,310.6,307.05,,310.31,,,4,1241.34,4,F1,1,,,,,
2026-07-14,2026-07-14,CM,NSE,STK,11665,INE0H7R07025,79NHIT40,N2,,,,,SEC RE NCD 7.90% STRPP B,308.66,308.66,305.02,306.65,306.65,308.66,,307.1,,,282,86245.83,6,F1,1,,,,,
2026-07-14,2026-07-14,CM,NSE,STK,11669,INE0H7R07033,79NHIT47,N3,,,,,SEC RE NCD 7.90% STRPP C,413.83,413.85,410.05,410.05,410.05,413.83,,410.05,,,1622,670096.6,7,F1,1,,,,,
2026-07-14,2026-07-14,CM,NSE,STK,3476,INE219X07280,797IGT31,NL,,,,,SEC RE NCD 7.97% SR.VI,1038.99,1038.99,1038.99,1038.99,1038.99,1038.99,,1038.99,,,5,5194.95,1,F1,1,,,,,
2026-07-14,2026-07-14,CM,NSE,STK,7648,INE477L07AN9,820IIFL27,N9,,,,,SEC RE NCD 8.20% SR.III,991.11,998.0,990.0,998.0,998.0,990.0,,998.0,,,1036,1025851.25,12,F1,1,,,,,
2026-07-14,2026-07-14,CM,NSE,STK,3464,INE219X07264,82IGT31,NJ,,,,,SEC RE NCD 8.20% SR.V,1027.99,1028.0,1027.99,1027.99,1028.0,1029.0,,1027.99,,,100,102799.47,2,F1,1,,,,,
2026-07-14,2026-07-14,CM,NSE,STK,6197,INE530B07161,842IIFL26,NL,,,,,SEC RE NCD 8.42% SR.V,997.0,1008.99,996.1,1008.99,1008.99,995.0,,999.9,,,599,602530.53,7,F1,1,,,,,
2026-07-14,2026-07-14,CM,NSE,STK,17039,INE530B07385,865IFL28,NZ,,,,,SEC RE NCD 8.65% SR.V,982.5,982.69,981.0,982.69,982.69,981.2,,985.35,,,701,687908.69,7,F1,1,,,,,
2026-07-14,2026-07-14,CM,NSE,STK,13852,INE530B07310,865IIFL28,NS,,,,,SEC RE NCD 8.65% SR.V,1000.0,1000.0,985.0,991.16,991.16,991.0,,991.16,,,496,488961.79,8,F1,1,,,,,
2026-07-14,2026-07-14,CM,NSE,STK,6200,INE530B07179,875IIFL26,NM,,,,,SEC RE NCD 8.75% SR.VI,1055.87,1055.87,1055.86,1055.86,1055.86,1055.86,,1055.86,,,18,19005.57,2,F1,1,,,,,
2026-07-14,2026-07-14,CM,NSE,STK,7777,INE148I07LE8,889SCFL27,YC,,,,,SEC RE NCD 8.89% SR.VIII,990.0,996.46,990.0,996.46,996.46,990.0,,996.46,,,30,29732.3,6,F1,1,,,,,
2026-07-14,2026-07-14,CM,NSE,STK,5857,INE148I07KP6,975SCL28,NT,,,,,SEC RE NCD 8.89% SR.VIII,996.52,996.52,996.52,996.52,996.52,1001.46,,996.52,,,18,17937.36,4,F1,1,,,,,
2026-07-14,2026-07-14,CM,NSE,STK,23706,INE338I07164,897MOFSL29,N4,,,,,SEC RE NCD 8.97% SR V,1033.5,1033.5,1030.0,1030.0,1030.0,1033.25,,1030.0,,,315,324642.5,6,F1,1,,,,,
2026-07-14,2026-07-14,CM,NSE,STK,17041,INE530B07377,9IIFL28,Y0,,,,,SEC RE NCD 9% SR.VI,981.0,981.0,975.0,977.66,980.0,980.0,,977.66,,,1005,982437.7,21,F1,1,,,,,
2026-07-14,2026-07-14,CM,NSE,STK,13854,INE530B07260,9IIFL28A,NT,,,,,SEC RE NCD 9% SR.VI,1021.0,1021.0,1017.5,1021.0,1021.0,1027.55,,1021.0,,,500,509791.0,6,F1,1,,,,,
2026-07-14,2026-07-14,CM,NSE,STK,23702,INE338I07149,91MOFSL27,N2,,,,,SEC RE NCD 9.10% SR III,1016.0,1016.0,1016.0,1016.0,1016.0,1016.0,,1016.0,,,5,5080.0,1,F1,1,,,,,
2026-07-14,2026-07-14,CM,NSE,STK,25537,INE148I07UI0,925SCL26F,N1,,,,,SEC RE NCD 9.25% SR II,950.0,990.0,950.0,990.0,990.0,990.0,,990.0,,,16,15440.0,4,F1,1,,,,,
2026-07-14,2026-07-14,CM,NSE,STK,5855,INE148I07KN1,889SCL26,NS,,,,,SEC RE NCD 9.25% SR.VII,1066.0,1066.0,1066.0,1066.0,1066.0,1061.0,,1066.0,,,75,79950.0,4,F1,1,,,,,
2026-07-14,2026-07-14,CM,NSE,STK,25283,INE423A07310,932AEL27,N3,,,,,SEC RE NCD 9.32% SR III,1035.0,1040.0,1035.0,1039.37,1040.0,1025.0,,1039.37,,,195,202309.5,9,F1,1,,,,,
2026-07-14,2026-07-14,CM,NSE,STK,25552,INE148I07UC3,948SCL27D,N1,,,,,SEC RE NCD 9.48% SR V,1010.0,1010.0,1010.0,1010.0,1010.0,1010.0,,1010.0,,,5,5050.0,1,F1,1,,,,,
2026-07-14,2026-07-14,CM,NSE,STK,11854,INE148I07MV0,915SCL27A,ZL,,,,,SEC RE NCD 9.55% SR.VII,1035.35,1035.35,1035.35,1035.35,1035.35,1031.45,,1035.35,,,1,1035.35,1,F1,1,,,,,
2026-07-14,2026-07-14,CM,NSE,STK,20769,INE413U07236,957ISFL26,N2,,,,,SEC RE NCD 9.57% SR 3,1002.0,1002.0,1001.0,1002.0,1002.0,1000.09,,1002.0,,,147,147293.0,12,F1,1,,,,,
2026-07-14,2026-07-14,CM,NSE,STK,24137,INE413U07327,957IIFLS27,,,,,,SEC RE NCD 9.57% SR III,996.47,996.47,996.47,996.47,996.47,996.47,,996.47,,,52,51816.44,2,F1,1,,,,,
2026-07-14,2026-07-14,CM,NSE,STK,25287,INE423A07328,965AEL27,N4,,,,,SEC RE NCD 9.65% SR IV,1080.5,1089.0,1080.5,1088.95,1089.0,1080.2,,1088.95,,,82,89235.0,4,F1,1,,,,,
2026-07-14,2026-07-14,CM,NSE,STK,18487,INE741K07579,970CAGL28,ND,,,,,SEC RE NCD 9.70% SR VII,1034.97,1034.97,1034.97,1034.97,1034.97,1034.97,,1034.97,,,86,89007.42,2,F1,1,,,,,
2026-07-14,2026-07-14,CM,NSE,STK,17952,INE121A07RD1,CIFC26A,N9,,,,,SEC RE NCD SR 4,1251.0,1251.0,1251.0,1251.0,1251.0,1251.0,,1251.0,,,30,37530.0,1,F1,1,,,,,
2026-07-14,2026-07-14,CM,NSE,STK,14228,INE00QS24035,IMC1,N3,,,,,SEC RE NCGB 8.25% STRPP D,256.05,256.05,256.05,256.05,256.05,256.05,,256.05,,,5,1280.25,1,F1,1,,,,,
2026-07-14,2026-07-14,CM,NSE,STK,7975,INE804IA7014,1015ECL29,NR,,,,,SEC RED NCD 10.15% SR. VI,1020.0,1020.0,1011.0,1011.0,1011.0,1010.08,,1022.9,,,1104,1116576.58,13,F1,1,,,,,
2026-07-14,2026-07-14,CM,NSE,STK,16870,INE033L07GS6,81TCHF28,N8,,,,,SEC RED NCD 8.10% SR.IV,1010.0,1024.9,1001.0,1001.5,1001.0,1015.0,,1001.5,,,604,610214.69,16,F1,1,,,,,
2026-07-14,2026-07-14,CM,NSE,STK,16874,INE033L07GU2,84TCHF28,,,,,,SEC RED NCD 8.40% SR.V,1040.1,1042.5,1040.0,1040.0,1040.0,1075.0,,1040.0,,,520,541019.5,12,F1,1,,,,,
2026-07-14,2026-07-14,CM,NSE,STK,18624,INE148I07GJ7,865SCL26,N8,,,,,SEC RED NCD 8.65% SR. V,1000.9,1000.9,1000.0,1000.0,1000.0,1005.0,,1000.0,,,118,118078.3,3,F1,1,,,,,
2026-07-14,2026-07-14,CM,NSE,STK,17159,INE721A07PK7,875SFL27,ZF,,,,,SEC RED NCD 8.75% SR.III,1012.0,1012.0,1001.0,1011.99,1011.99,1011.0,,1011.99,,,103,104218.99,6,F1,1,,,,,
2026-07-14,2026-07-14,CM,NSE,STK,18626,INE148I07GK5,885SCL26,N9,,,,,SEC RED NCD 8.85% SR. VI,1057.5,1065.8,1057.5,1065.8,1065.8,1057.5,,1065.8,,,181,192494.8,3,F1,1,,,,,
2026-07-14,2026-07-14,CM,NSE,STK,498,INE721A07NU1,903SFL28,YI,,,,,SEC RED NCD 9.03% SR. II,1040.0,1040.0,1040.0,1040.0,1040.0,1039.0,,1040.0,,,30,31200.0,3,F1,1,,,,,
2026-07-14,2026-07-14,CM,NSE,STK,8625,INE721A07ON4,957ICCL25,YW,,,,,SEC RED NCD 9.30% SR. II,1054.0,1054.0,1054.0,1054.0,1054.0,1054.0,,1054.0,,,10,10540.0,1,F1,1,,,,,
2026-07-14,2026-07-14,CM,NSE,STK,1001,INE721A07NX5,94SFL28,YL,,,,,SEC RED NCD 9.40% SR. V,1045.0,1046.5,1044.0,1044.0,1044.0,1043.46,,1044.0,,,1290,1348110.0,8,F1,1,,,,,
2026-07-14,2026-07-14,CM,NSE,STK,4288,INE804I078Y8,943ECL28,NJ,,,,,SEC RED NCD 9.43% SR. VI,1000.01,1001.0,1000.01,1001.0,1001.0,1001.15,,1003.0,,,10,10005.05,2,F1,1,,,,,
2026-07-14,2026-07-14,CM,NSE,STK,8642,INE721A07OQ7,97SFL29,YZ,,,,,SEC RED NCD 9.70% SR. V,1081.3,1083.75,1081.3,1083.75,1083.75,1110.0,,1083.75,,,2,2165.05,2,F1,1,,,,,
2026-07-14,2026-07-14,CM,NSE,STK,4292,INE804I079Y6,985ECL28,NK,,,,,SEC RED NCD 9.85% SR. VII,1072.01,1076.0,1072.01,1076.0,1076.0,1085.0,,1081.5,,,1263,1357427.91,2,F1,1,,,,,
2026-07-14,2026-07-14,CM,NSE,STK,18630,INE148I07GN9,SCLZC26,NB,,,,,SEC RED NCD SR. VII,2312.97,2312.97,2312.97,2312.97,2312.97,2307.8,,2308.99,,,20,46259.4,1,F1,1,,,,,
2026-07-14,2026-07-14,CM,NSE,STK,12941,INE721A07PH3,SFLZC26A,ZC,,,,,SEC RED NCD SR.X,1888.79,1888.79,1880.0,1881.66,1880.6,1889.91,,1881.66,,,39,73384.74,5,F1,1,,,,,
2026-07-14,2026-07-14,CM,NSE,STK,19496,INE0BTM01013,SECMARK,EQ,,,,,SECMARK CONSULTANCY LTD,129.8,129.8,121.2,127.74,127.95,124.13,,127.74,,,1848,231165.66,39,F1,1,,,,,
2026-07-14,2026-07-14,CM,NSE,STK,11058,INE650K01021,SECURKLOUD,EQ,,,,,SECUREKLOUD TECH LIMITED,18.7,18.89,18.19,18.59,18.6,18.88,,18.6,,,14626,270200.63,102,F1,1,,,,,
2026-07-14,2026-07-14,CM,NSE,STK,761153,INE00XB01019,SEDEMAC,EQ,,,,,SEDEMAC MECHATRONICS LTD,2699.0,2752.0,2689.1,2717.2,2702.1,2719.6,,2717.1,,,39211,107073660.4,6310,F1,1,,,,,
2026-07-14,2026-07-14,CM,NSE,STK,7094,INE955I01044,SEJALLTD,BE,,,,,SEJAL GLASS LIMITED,774.95,774.95,708.5,712.65,725.9,745.75,,712.7,,,13998,10069296.8,319,F1,1,,,,,
2026-07-14,2026-07-14,CM,NSE,STK,6262,INE105I01020,SELMC,EQ,,,,,SEL MANUFACTURING CO LTD,29.16,30.0,28.49,28.86,28.8,29.02,,28.91,,,3162,91734.79,85,F1,1,,,,,
2026-07-14,2026-07-14,CM,NSE,STK,757982,INE0IJF01013,SELLOWRAP,SM,,,,,SELLOWRAP INDUSTRIES LTD,68.0,68.0,67.0,67.0,67.0,71.0,,67.0,,,19200,1295920.0,12,F1,1600,,,,,
2026-07-14,2026-07-14,CM,NSE,STK,11964,INE617A01013,SEMAC,BE,,,,,SEMAC CONSTRUCTION LTD,329.0,334.15,320.0,332.3,332.3,328.85,,331.05,,,104,34024.2,17,F1,1,,,,,
2026-07-14,2026-07-14,CM,NSE,STK,17271,INE602W01027,SENCO,EQ,,,,,SENCO GOLD LIMITED,383.1,390.4,374.5,377.85,376.1,381.0,,377.85,,,2601503,996547296.4,43951,F1,1,,,,,
2026-07-14,2026-07-14,CM,NSE,STK,28888,INE0RB801010,SENORES,EQ,,,,,SENORES PHARMACEUTICALS L,1420.0,1460.4,1420.0,1451.8,1460.0,1435.5,,1451.7,,,219895,318036551.1,15742,F1,1,,,,,
2026-07-14,2026-07-14,CM,NSE,STK,15308,INE964H01014,SEPC,EQ,,,,,SEPC LIMITED,6.5,6.51,6.31,6.33,6.34,6.49,,6.33,,,15735066,100064895.62,14928,F1,1,,,,,
2026-07-14,2026-07-14,CM,NSE,STK,20715,INE027E07BC8,865LTF26,NN,,,,,SERENCD 8.65% SR.VI OP12,1048.5,1048.5,1045.0,1045.54,1045.0,1047.11,,1045.54,,,230,240504.71,20,F1,1,,,,,
2026-07-14,2026-07-14,CM,NSE,STK,20655,INE027E07998,898LTF29,N7,,,,,SERENCD 8.98% SR.VI OP2,1069.0,1090.0,1062.1,1090.0,1090.0,1068.0,,1089.95,,,289,309467.71,10,F1,1,,,,,
2026-07-14,2026-07-14,CM,NSE,STK,20687,INE027E07AL1,905LTF27,NF,,,,,SERENCD 9.05% SR.VI OPII,1043.0,1043.0,1043.0,1043.0,1043.0,1029.53,,1043.0,,,1,1043.0,1,F1,1,,,,,
2026-07-14,2026-07-14,CM,NSE,STK,21197,INE306N07LM5,865TCAPS27,N8,,,,,SERENCD8.65%SR.IIICIII&IV,1082.0,1090.0,1079.0,1090.0,1090.0,1082.8,,1090.0,,,453,490298.83,13,F1,1,,,,,
2026-07-14,2026-07-14,CM,NSE,STK,4930,INE244L07168,96SFIL24A,NB,,,,,SERENCD8.84%SRVICIII&IV,980.0,980.0,980.0,980.0,980.0,984.0,,980.0,,,1,980.0,1,F1,1,,,,,
2026-07-14,2026-07-14,CM,NSE,STK,17399,INE0P1Q01015,SERVICE,SM,,,,,SERVICE CARE LIMITED,57.0,57.1,56.0,56.0,56.0,57.5,,56.0,,,12000,682200.0,6,F1,2000,,,,,
2026-07-14,2026-07-14,CM,NSE,STK,5507,INE782X01033,SERVOTECH,EQ,,,,,SERVOTECH REN POW SYS LTD,96.9,97.0,95.34,95.58,95.8,97.25,,95.58,,,453231,43481747.26,4634,F1,1,,,,,
2026-07-14,2026-07-14,CM,NSE,STK,759934,INE04VU01023,STYL,EQ,,,,,SESHAASAI TECHNOLOGIES L,375.05,400.0,371.05,391.75,392.0,367.8,,391.8,,,1006460,389266027.8,22069,F1,1,,,,,
2026-07-14,2026-07-14,CM,NSE,STK,3066,INE630A01024,SESHAPAPER,EQ,,,,,SESHASAYEE PAPER & BOARDS,221.63,224.09,215.05,216.23,216.3,220.85,,216.24,,,70516,15353316.5,1678,F1,1,,,,,
2026-07-14,2026-07-14,CM,NSE,STK,17518,INE878E01021,SETCO,BE,,,,,SETCO AUTOMOTIVE LTD,17.77,19.3,17.77,18.62,18.3,18.7,,18.53,,,99617,1816654.65,278,F1,1,,,,,
2026-07-14,2026-07-14,CM,NSE,STK,18024,INE023M01027,SETUINFRA,BZ,,,,,SETUBANDHAN INFRA LTD,0.46,0.46,0.42,0.43,0.43,0.44,,0.43,,,97882,44365.79,32,F1,1,,,,,
2026-07-14,2026-07-14,CM,NSE,STK,10836,INE573R01012,SEYAIND,BE,,,,,SEYA INDUSTRIES LIMITED,13.37,13.37,12.86,12.98,12.98,13.12,,12.95,,,7556,98403.19,38,F1,1,,,,,
2026-07-14,2026-07-14,CM,NSE,STK,758853,INE618R01015,SGFIN,EQ,,,,,SG FINSERVE LIMITED,619.0,669.0,584.15,603.45,606.0,617.05,,603.45,,,4964388,3114740772.65,151927,F1,1,,,,,
2026-07-14,2026-07-14,CM,NSE,STK,758889,INE385F01024,SGMART,EQ,,,,,SG MART LIMITED,627.7,681.95,606.25,654.15,656.9,622.7,,650.9,,,2265959,1493992607.3,61133,F1,1,,,,,
2026-07-14,2026-07-14,CM,NSE,STK,761469,INE12UN01015,SHADOWFAX,EQ,,,,,SHADOWFAX TECHNOLOGIES L,222.1,224.0,204.5,208.7,207.7,222.61,,208.71,,,3721885,780738531.03,50138,F1,1,,,,,
2026-07-14,2026-07-14,CM,NSE,STK,11856,INE640C01011,SHAHALLOYS,EQ,,,,,SHAH ALLOYS LIMITED,71.58,75.8,71.58,73.81,73.7,71.93,,73.81,,,33591,2499807.43,333,F1,1,,,,,
2026-07-14,2026-07-14,CM,NSE,STK,20296,INE482J01021,SHAH,EQ,,,,,SHAH METACORP LIMITED,4.67,4.69,4.57,4.66,4.65,4.64,,4.66,,,1828847,8510487.68,548,F1,1,,,,,
2026-07-14,2026-07-14,CM,NSE,STK,8727,INE151G01028,SHAILY,EQ,,,,,SHAILY ENG PLASTICS LTD,2735.1,2752.4,2690.0,2709.4,2715.0,2754.1,,2709.4,,,148481,403447214.1,14889,F1,1,,,,,
2026-07-14,2026-07-14,CM,NSE,STK,25574,INE908D01010,SHAKTIPUMP,EQ,,,,,SHAKTI PUMPS (I) LTD,570.0,571.1,550.0,555.55,554.0,573.15,,555.6,,,701057,392398801.25,19615,F1,1,,,,,
2026-07-14,2026-07-14,CM,NSE,STK,714,INE597J01018,SHALBY,EQ,,,,,SHALBY LIMITED,171.9,171.98,165.0,165.81,165.5,170.77,,165.81,,,90873,15244007.76,2318,F1,1,,,,,
2026-07-14,2026-07-14,CM,NSE,STK,761688,INE861D01011,SAHLIBHFI,EQ,,,,,SHALIBHADRA FINANCE LTD,78.39,81.05,77.5,77.77,77.6,78.0,,77.78,,,18565,1466064.25,163,F1,1,,,,,
2026-07-14,2026-07-14,CM,NSE,STK,15342,INE849C01026,SHALPAINTS,EQ,,,,,SHALIM PAINTS LTD,52.9,53.11,51.0,51.9,53.0,52.95,,51.91,,,108437,5670291.33,990,F1,1,,,,,
2026-07-14,2026-07-14,CM,NSE,STK,25737,INE01NE01012,SRD,EQ,,,,,SHANKAR LAL RAMPAL LTD,41.48,41.48,38.8,39.97,39.89,40.63,,39.97,,,124353,4939428.34,387,F1,1,,,,,
2026-07-14,2026-07-14,CM,NSE,STK,20321,INE274V01019,SHANKARA,EQ,,,,,SHANKARA BLDG PRODUCT LTD,137.0,139.65,134.3,134.6,134.5,136.79,,134.62,,,195389,26512291.66,1507,F1,1,,,,,
2026-07-14,2026-07-14,CM,NSE,STK,760594,INE24OJ01011,BUILDPRO,EQ,,,,,SHANKARA BUILDPRO LIMITED,1300.0,1300.0,1251.3,1272.6,1271.0,1298.4,,1272.4,,,53094,67890229.8,5517,F1,1,,,,,
2026-07-14,2026-07-14,CM,NSE,STK,3078,INE631A01022,SHANTIGEAR,EQ,,,,,SHANTHI GEARS LTD,438.3,446.05,437.15,440.15,439.05,443.5,,440.15,,,5796,2555942.5,572,F1,1,,,,,
2026-07-14,2026-07-14,CM,NSE,STK,762889,INE440T01028,SEIL,EQ,,,,,SHANTI EDU INITIATIVES L,213.66,215.46,204.02,205.21,205.5,213.56,,205.28,,,428409,89260718.08,3708,F1,1,,,,,
2026-07-14,2026-07-14,CM,NSE,STK,758002,INE06ZD01017,SHANTIGOLD,EQ,,,,,SHANTI GOLD INTERNATION L,211.55,215.24,211.0,213.97,214.7,212.82,,213.96,,,396344,84442835.83,5622,F1,1,,,,,
2026-07-14,2026-07-14,CM,NSE,STK,5650,INE933X01016,SHANTI,EQ,,,,,SHANTI OVERSEAS INDIA LTD,7.13,7.23,6.74,7.14,7.16,7.08,,7.14,,,56693,398912.8,125,F1,1,,,,,
2026-07-14,2026-07-14,CM,NSE,STK,762904,INE220Z01013,SHINDL,EQ,,,,,SHARAT INDUSTRIES LTD.,157.23,166.0,156.39,162.83,163.75,159.13,,162.88,,,125885,19985801.26,797,F1,1,,,,,
2026-07-14,2026-07-14,CM,NSE,STK,4992,INE221J01015,SHARDACROP,EQ,,,,,SHARDA CROPCHEM LTD.,915.0,915.0,893.3,906.45,904.1,911.15,,906.45,,,189371,171277029.4,8609,F1,1,,,,,
2026-07-14,2026-07-14,CM,NSE,STK,10530,INE597I01028,SHARDAMOTR,EQ,,,,,SHARDA MOTOR INDS LTD,874.1,874.1,852.85,856.3,856.0,871.9,,856.35,,,21058,18073829.65,2417,F1,1,,,,,
2026-07-14,2026-07-14,CM,NSE,STK,762894,INE037B01020,SHARDUL,EQ,,,,,SHARDUL SECURITIES LTD.,44.35,44.35,44.35,44.35,44.35,40.32,,44.43,,,13218,586218.3,26,F1,1,,,,,
2026-07-14,2026-07-14,CM,NSE,STK,104,INE932X01026,SHAREINDIA,EQ,,,,,SHARE IND. SECURITIES LTD,178.47,180.5,175.05,177.76,177.35,179.04,,177.76,,,1599392,284237037.32,10701,F1,1,,,,,
2026-07-14,2026-07-14,CM,NSE,STK,19469,INE460Q01014,SCML,SM,,,,,SHARP CHUCKS N MACHINES L,79.0,79.0,78.0,78.0,78.0,77.15,,78.0,,,10000,787500.0,8,F1,1000,,,,,
2026-07-14,2026-07-14,CM,NSE,STK,759410,INE0YJV01017,SHEEL,ST,,,,,SHEEL BIOTECH LIMITED,69.0,72.45,69.0,72.45,72.45,69.0,,72.45,,,28000,2021200.0,8,F1,2000,,,,,
2026-07-14,2026-07-14,CM,NSE,STK,19184,INE916U01025,SFL,EQ,,,,,SHEELA FOAM LIMITED,812.1,819.05,781.1,808.95,805.0,806.95,,808.95,,,308831,249193589.8,21456,F1,1,,,,,
2026-07-14,2026-07-14,CM,NSE,STK,12072,INE501Y01019,SCPL,EQ,,,,,SHEETAL COOL PRODUCTS LTD,497.9,499.9,479.05,483.45,480.1,495.6,,483.4,,,31103,15072627.6,1062,F1,1,,,,,
2026-07-14,2026-07-14,CM,NSE,STK,20415,INE04VX01019,SHEETAL,SM,,,,,SHEETAL UNIVERSAL LIMITED,296.0,296.0,294.9,294.9,294.9,295.0,,294.9,,,1500,443450.0,3,F1,500,,,,,
2026-07-14,2026-07-14,CM,NSE,STK,21099,INE268L01046,SHEKHAWATI,BE,,,,,SHEKHAWATI INDUSTRIES LTD,13.2,13.5,13.01,13.16,13.48,13.41,,13.16,,,16202,213451.91,79,F1,1,,,,,
2026-07-14,2026-07-14,CM,NSE,STK,5072,INE363M01019,SHEMAROO,BE,,,,,SHEMAROO ENTER. LTD.,127.99,129.25,125.0,125.0,125.0,128.0,,125.19,,,12232,1541512.81,35,F1,1,,,,,
2026-07-14,2026-07-14,CM,NSE,STK,14176,INE0MM001019,SHERA,ST,,,,,SHERA ENERGY LIMITED,155.5,160.5,155.0,159.25,158.5,158.2,,159.25,,,20000,3167650.0,18,F1,1000,,,,,
2026-07-14,2026-07-14,CM,NSE,STK,8394,INE03KJ01013,SHIGAN,SM,,,,,SHIGAN QUANTUM TECH LTD,62.2,63.9,62.2,63.9,63.9,62.5,,63.9,,,4500,282600.0,3,F1,1500,,,,,
2026-07-14,2026-07-14,CM,NSE,STK,759847,INE024F01011,SHILCTECH,EQ,,,,,SHILCHAR TECHNOLOGIES LTD,4480.0,4493.8,4383.7,4403.6,4400.0,4494.6,,4404.2,,,9982,44188125.4,3093,F1,1,,,,,
2026-07-14,2026-07-14,CM,NSE,STK,17752,INE790G01031,SHILPAMED,EQ,,,,,SHILPA MEDICARE LTD,630.0,650.0,622.0,624.25,625.0,630.2,,624.25,,,955072,608548852.1,25470,F1,1,,,,,
2026-07-14,2026-07-14,CM,NSE,STK,23127,INE0PB301013,SCILAL,EQ,,,,,SHIPPING CORP OF ILA LTD,43.2,43.3,42.45,42.63,42.73,43.37,,42.63,,,189238,8109050.65,1197,F1,1,,,,,
2026-07-14,2026-07-14,CM,NSE,STK,3048,INE109A01011,SCI,EQ,,,,,SHIPPING CORP OF INDIA LT,285.0,289.35,282.5,285.2,283.65,286.2,,285.3,,,1991879,569159015.05,23269,F1,1,,,,,
2026-07-14,2026-07-14,CM,NSE,STK,759747,INE719F01016,SHIVAUM,EQ,,,,,SHIV AUM STEELS LIMITED,426.1,431.95,406.0,410.0,410.0,419.8,,410.0,,,2143,891217.4,89,F1,1,,,,,
2026-07-14,2026-07-14,CM,NSE,STK,1503,INE644Y01017,SHIVAMILLS,BE,,,,,SHIVA MILLS LIMITED,59.32,61.6,59.32,61.6,61.6,59.61,,61.6,,,176,10449.85,3,F1,1,,,,,
2026-07-14,2026-07-14,CM,NSE,STK,804,INE705C01020,SHIVATEX,EQ,,,,,SHIVA TEXYARN LIMITED,149.82,153.5,148.15,148.65,148.65,149.82,,148.65,,,1529,231616.77,28,F1,1,,,,,
2026-07-14,2026-07-14,CM,NSE,STK,24249,INE0T7B01010,SPCL,SM,,,,,SHIVALIC POWER CONTROL L,69.05,71.05,68.7,70.45,70.95,69.3,,70.45,,,7800,544500.0,13,F1,600,,,,,
2026-07-14,2026-07-14,CM,NSE,STK,4656,INE386D01027,SBCL,EQ,,,,,SHIVALIK BIMETAL CON. LTD,730.0,746.55,710.55,739.35,740.0,732.75,,739.3,,,285825,209605816.65,15777,F1,1,,,,,
2026-07-14,2026-07-14,CM,NSE,STK,7026,INE788J01021,SHIVALIK,BE,,,,,SHIVALIK RASAYAN LIMITED,214.8,217.75,211.5,215.8,216.35,215.26,,215.8,,,20951,4480501.91,287,F1,1,,,,,
2026-07-14,2026-07-14,CM,NSE,STK,13757,INE637H01024,SHIVAMAUTO,BE,,,,,SHIVAM AUTO.LTD,18.49,18.49,18.49,18.49,18.49,18.86,,18.49,,,5816,107537.84,16,F1,1,,,,,
2026-07-14,2026-07-14,CM,NSE,STK,758744,INE1DLF01018,SHIVASHRIT,SM,,,,,SHIVASHRIT FOODS LIMITED,120.5,120.5,116.05,120.0,120.0,117.0,,120.0,,,29000,3468950.0,10,F1,1000,,,,,
2026-07-14,2026-07-14,CM,NSE,STK,11813,INE498B01024,SHOPERSTOP,EQ,,,,,SHOPPERS STOP LIMITED,372.45,380.0,363.0,375.0,380.0,372.45,,375.0,,,195132,72469056.9,5439,F1,1,,,,,
2026-07-14,2026-07-14,CM,NSE,STK,708,INE715Y01031,SHRADHA,EQ,,,,,SHRADHA REALTY LIMITED,28.4,35.54,28.4,35.54,35.54,29.62,,35.54,,,594430,20191736.11,1776,F1,1,,,,,
2026-07-14,2026-07-14,CM,NSE,STK,10588,INE712K01011,SHREEPUSHK,EQ,,,,,SHRE PUSH CHEM & FERT LTD,413.0,418.9,400.05,405.4,405.6,417.6,,405.4,,,58058,23568074.9,2358,F1,1,,,,,
2026-07-14,2026-07-14,CM,NSE,STK,762874,INE185C01017,SAPPL,EQ,,,,,SHREE AJIT PULP & PAPER L,311.0,311.0,300.0,300.35,300.0,301.95,,300.4,,,425,129127.8,25,F1,1,,,,,
2026-07-14,2026-07-14,CM,NSE,STK,3103,INE070A01015,SHREECEM,EQ,,,,,SHREE CEMENT LIMITED,26290.0,26335.0,26015.0,26280.0,26285.0,26420.0,,26280.0,,,10021,262696205.0,4920,F1,1,,,,,
2026-07-14,2026-07-14,CM,NSE,STK,3099,INE232A01011,SHREDIGCEM,EQ,,,,,SHREE DIGVIJAY CEM CO LTD,73.8,74.19,72.33,72.8,72.6,73.03,,72.79,,,48249,3517185.51,732,F1,1,,,,,
2026-07-14,2026-07-14,CM,NSE,STK,23074,INE0S4Y01010,SHREEKARNI,SM,,,,,SHREE KARNI FABCOM LTD,405.0,411.9,405.0,407.5,407.5,410.0,,407.5,,,1200,488085.0,7,F1,150,,,,,
2026-07-14,2026-07-14,CM,NSE,STK,20603,INE02S501018,SHREEOSFM,SM,,,,,SHREE OSFM E-MOBILITY LTD,60.4,60.4,59.2,59.2,59.2,60.45,,59.2,,,4000,240400.0,4,F1,1000,,,,,
2026-07-14,2026-07-14,CM,NSE,STK,760188,INE19GK01015,SRTL,EQ,,,,,SHREE RAM TWISTEX LIMITED,40.9,41.0,40.01,40.7,40.55,40.72,,40.7,,,41370,1677306.32,550,F1,1,,,,,
2026-07-14,2026-07-14,CM,NSE,STK,7627,INE879A01019,SHREERAMA,EQ,,,,,SHREE RAMA MULTI TECH LTD,43.09,43.14,42.3,42.42,42.3,43.01,,42.43,,,32373,1382003.82,324,F1,1,,,,,
2026-07-14,2026-07-14,CM,NSE,STK,13565,INE278B01020,RAMANEWS,EQ,,,,,SHREE RAMA NEWSPRINT LTD,29.12,29.8,28.51,29.23,28.9,29.12,,29.17,,,3986,115823.9,56,F1,1,,,,,
2026-07-14,2026-07-14,CM,NSE,STK,12026,INE087H01022,RENUKA,EQ,,,,,SHREE RENUKA SUGARS LTD,22.96,23.25,22.61,22.72,22.66,23.07,,22.72,,,2889180,66065398.06,6005,F1,1,,,,,
2026-07-14,2026-07-14,CM,NSE,STK,25203,INE0S2G01011,BALAJEE,EQ,,,,,SHREE TIRUPATI BALAJEE L,29.0,29.28,28.5,28.86,28.94,28.84,,28.88,,,34128,988402.33,202,F1,1,,,,,
2026-07-14,2026-07-14,CM,NSE,STK,15126,INE00CE01017,SVLL,BE,,,,,SHREE VASU LOGISTICS LTD,702.9,708.0,676.0,683.4,677.0,676.3,,683.4,,,19111,13092718.7,202,F1,1,,,,,
2026-07-14,2026-07-14,CM,NSE,STK,762159,INE0K3301012,SHREEDHAR,ST,,,,,SHREEDHAR SPINNERS LTD,73.5,75.7,73.5,75.7,75.7,72.1,,75.7,,,188000,14196100.0,50,F1,2000,,,,,
2026-07-14,2026-07-14,CM,NSE,STK,759805,INE1FL101016,SHETHJI,ST,,,,,SHREEJI GLOBAL FMCG LTD,151.0,151.0,150.4,150.4,150.4,150.65,,150.4,,,2000,301400.0,2,F1,1000,,,,,
2026-07-14,2026-07-14,CM,NSE,STK,759448,INE1B6101010,SHREEJISPG,EQ,,,,,SHREEJI SHIPPING GLOBAL L,575.95,578.5,566.5,575.3,575.25,570.7,,575.3,,,1910760,1097375989.1,10009,F1,1,,,,,
2026-07-14,2026-07-14,CM,NSE,STK,14305,INE00IK01029,OSWALSEEDS,EQ,,,,,SHREEOSWAL S AND CHE LTD,10.98,11.15,10.35,10.84,10.87,10.79,,10.84,,,160705,1706827.65,215,F1,1,,,,,
2026-07-14,2026-07-14,CM,NSE,STK,760252,INE632X01030,SHRENIK,BZ,,,,,SHRENIK LIMITED,0.35,0.36,0.34,0.35,0.36,0.35,,0.35,,,351586,123905.17,198,F1,1,,,,,
2026-07-14,2026-07-14,CM,NSE,STK,3126,INE231C01019,SHREYANIND,EQ,,,,,SHREYANS INDUSTRIES LTD,137.0,137.98,135.21,136.43,137.62,137.98,,136.39,,,3642,497935.55,88,F1,1,,,,,
2026-07-14,2026-07-14,CM,NSE,STK,756409,INE0DM401012,SHRIAHIMSA,ST,,,,,SHRI AHIMSA NATURALS LTD,388.1,401.8,368.0,389.9,389.9,386.0,,389.9,,,23400,9013200.0,39,F1,600,,,,,
2026-07-14,2026-07-14,CM,NSE,STK,762899,INE402H01015,SHBAJRG,EQ,,,,,SHRI BAJRANG ALLIANCE L,187.5,190.0,183.01,183.83,184.96,187.62,,184.01,,,4299,802614.65,111,F1,1,,,,,
2026-07-14,2026-07-14,CM,NSE,STK,758568,INE0NON01025,SHKSIL,SM,,,,,SHRI HARE-KRI SPO IRON L,38.0,38.0,38.0,38.0,38.0,37.95,,38.0,,,8000,304000.0,4,F1,2000,,,,,
2026-07-14,2026-07-14,CM,NSE,STK,762909,INE997I01012,SHRIKRISH,EQ,,,,,SHRI KRISHNA DEVCON LTD.,40.1,41.9,38.56,38.85,39.48,39.39,,38.89,,,41499,1663290.02,294,F1,1,,,,,
2026-07-14,2026-07-14,CM,NSE,STK,759093,INE1B3L01017,SHRINGARMS,EQ,,,,,SHRINGAR HOU OF MANGALS L,232.22,232.8,226.55,227.79,227.0,231.09,,227.74,,,720664,165431736.94,5798,F1,1,,,,,
2026-07-14,2026-07-14,CM,NSE,STK,24374,INF680P01422,LIQUIDSHRI,EQ,,,,,SHRIRAM - LIQUIDSHRI,1112.85,1112.87,1112.85,1112.86,1112.87,1112.7,,1112.86,,,3645,4056371.55,23,F1,1,,,,,
2026-07-14,2026-07-14,CM,NSE,STK,4306,INE721A01047,SHRIRAMFIN,EQ,,,,,SHRIRAM FINANCE LIMITED,1040.0,1042.3,1007.0,1013.9,1012.1,1048.1,,1013.9,,,6517181,6637929181.5,149041,F1,1,,,,,
2026-07-14,2026-07-14,CM,NSE,STK,7200,INE217L01019,SHRIRAMPPS,EQ,,,,,SHRIRAM PROPERTIES LTD,88.97,92.0,87.25,87.45,87.64,89.36,,87.45,,,1011961,89897422.23,8710,F1,1,,,,,
2026-07-14,2026-07-14,CM,NSE,STK,25240,INE0UL701015,SHUBHSHREE,SM,,,,,SHUBHSHREE BIOFUELS ENE L,331.0,331.0,331.0,331.0,331.0,341.0,,331.0,,,600,198600.0,2,F1,300,,,,,
2026-07-14,2026-07-14,CM,NSE,STK,10192,INE979R01011,SHYAMCENT,BE,,,,,SHYAM CENTURY FERROUS LTD,5.89,5.89,5.71,5.71,5.73,5.79,,5.72,,,47694,276586.56,165,F1,1,,,,,
2026-07-14,2026-07-14,CM,NSE,STK,761213,INE1CRP01016,SHYAMDHANI,ST,,,,,SHYAM DHANI INDUSTRIES L,60.0,60.0,60.0,60.0,60.0,60.0,,60.0,,,4000,240000.0,2,F1,2000,,,,,
2026-07-14,2026-07-14,CM,NSE,STK,4693,INE810G01011,SHYAMMETL,EQ,,,,,SHYAM METALICS AND ENGY L,1038.05,1046.0,1020.2,1035.95,1034.0,1029.35,,1035.9,,,678610,702506890.6,22762,F1,1,,,,,
2026-07-14,2026-07-14,CM,NSE,STK,13741,INE635A01023,SHYAMTEL,BE,,,,,SHYAM TELECOM LIMITED,16.5,16.82,16.49,16.52,16.52,16.82,,16.84,,,11168,184403.56,29,F1,1,,,,,
2026-07-14,2026-07-14,CM,NSE,STK,16875,INE176J01011,SICAGEN,EQ,,,,,SICAGEN INDIA LIMITED,52.34,53.25,51.06,51.88,51.85,52.61,,51.87,,,16421,849143.79,146,F1,1,,,,,
2026-07-14,2026-07-14,CM,NSE,STK,19434,INE075B01020,SICALLOG,EQ,,,,,SICAL LOGISTICS LIMITED,87.0,89.55,85.61,85.75,85.65,88.32,,85.77,,,14253,1238588.39,262,F1,1,,,,,
2026-07-14,2026-07-14,CM,NSE,STK,759053,INE0SVO01019,SIDDHICOTS,SM,,,,,SIDDHI COTSPIN LIMITED,29.1,29.5,28.1,28.5,28.5,29.0,,28.5,,,7200,208080.0,6,F1,1200,,,,,
2026-07-14,2026-07-14,CM,NSE,STK,756871,INE1NPP01017,ENRIN,EQ,,,,,SIEMENS ENERGY INDIA LTD,3379.0,3475.0,3344.3,3389.6,3385.0,3404.3,,3389.4,,,313888,1060011258.1,38448,F1,1,,,,,
2026-07-14,2026-07-14,CM,NSE,STK,3150,INE003A01024,SIEMENS,EQ,,,,,SIEMENS LTD,3450.0,3525.0,3437.0,3510.3,3513.0,3477.8,,3510.3,,,224121,779442657.1,27081,F1,1,,,,,
2026-07-14,2026-07-14,CM,NSE,STK,6664,INE0D0K01022,SIGACHI,BE,,,,,SIGACHI INDUSTRIES LTD,23.58,23.58,23.58,23.58,23.58,23.12,,23.53,,,247142,5827608.36,283,F1,1,,,,,
2026-07-14,2026-07-14,CM,NSE,STK,14793,INE933B01012,SIGMAADV,EQ,,,,,SIGMA ADVANCED SYSTEM LTD,604.0,606.3,569.3,573.65,578.0,582.95,,573.65,,,528379,310119383.9,10866,F1,1,,,,,
2026-07-14,2026-07-14,CM,NSE,STK,16658,INE0A0S01028,SIGMA,EQ,,,,,SIGMA SOLVE LIMITED,37.5,38.5,37.5,37.68,37.8,38.02,,37.68,,,25938,985860.17,421,F1,1,,,,,
2026-07-14,2026-07-14,CM,NSE,STK,18743,INE903U01023,SIGNATURE,EQ,,,,,SIGNATUREGLOBAL INDIA LTD,842.25,843.95,816.6,822.55,822.3,846.5,,822.55,,,392537,323613999.65,8655,F1,1,,,,,
2026-07-14,2026-07-14,CM,NSE,STK,4522,INE529F01035,SIGIND,EQ,,,,,SIGNET INDUSTRIES LIMITED,48.0,48.0,45.4,45.79,46.34,47.47,,45.81,,,39816,1827399.02,342,F1,1,,,,,
2026-07-14,2026-07-14,CM,NSE,STK,23150,INE0RDE01010,SIGNORIA,ST,,,,,SIGNORIA CREATION LIMITED,157.2,157.2,152.5,156.45,156.5,149.75,,156.45,,,40000,6251600.0,31,F1,1000,,,,,
2026-07-14,2026-07-14,CM,NSE,STK,22656,INE0KGZ01021,SIGNPOST,EQ,,,,,SIGNPOST INDIA LIMITED,325.0,336.8,316.9,322.05,321.65,321.15,,322.0,,,312540,102808080.9,10544,F1,1,,,,,
2026-07-14,2026-07-14,CM,NSE,STK,762914,INE438E01032,SIKA,EQ,,,,,SIKA INTERPLANT SYSTEMS L,1200.8,1209.6,1171.6,1180.6,1179.0,1200.8,,1180.7,,,19727,23355033.6,1937,F1,1,,,,,
2026-07-14,2026-07-14,CM,NSE,STK,6218,INE112X01025,SIKKO,EQ,,,,,SIKKO INDUSTRIES LIMITED,4.07,4.07,3.92,3.93,3.93,4.03,,3.93,,,215795,856341.39,428,F1,1,,,,,
2026-07-14,2026-07-14,CM,NSE,STK,4105,INE923A01015,SILINV,EQ,,,,,SIL INVESTMENTS LIMITED,421.0,425.0,414.85,418.9,415.0,420.85,,418.9,,,1532,640483.9,111,F1,1,,,,,
2026-07-14,2026-07-14,CM,NSE,STK,2492,INE01II01013,SILGO,EQ,,,,,SILGO RETAIL LIMITED,73.45,75.82,73.45,74.74,75.15,74.4,,74.74,,,94395,7077907.97,1000,F1,1,,,,,
2026-07-14,2026-07-14,CM,NSE,STK,23739,INE0STN01015,SILKFLEX,ST,,,,,SILKFLEX POLYMERS INDIA L,208.05,208.05,207.25,207.25,207.25,217.9,,207.25,,,3000,623300.0,3,F1,1000,,,,,
2026-07-14,2026-07-14,CM,NSE,STK,19097,INE203Y01012,SILLYMONKS,EQ,,,,,SILLY MONKS ENTERTAIN LTD,16.01,17.49,16.01,16.77,16.96,16.02,,16.77,,,3396,56965.41,125,F1,1,,,,,
2026-07-14,2026-07-14,CM,NSE,STK,9422,INE625X01026,SILVERTUC,EQ,,,,,SILVER TOUCH TECHNO LTD,189.0,197.48,188.8,195.14,197.48,188.08,,195.25,,,954458,186667954.84,6561,F1,1,,,,,
2026-07-14,2026-07-14,CM,NSE,STK,758836,INE748T01016,SIMBHALS,BZ,,,,,SIMBHAOLI SUGARS LTD.,7.2,7.2,6.95,6.99,6.95,7.17,,6.99,,,4557,32109.36,57,F1,1,,,,,
2026-07-14,2026-07-14,CM,NSE,STK,763375,INE1K4J01018,SIMCA,SM,,,,,SIMCA ADVERTISING LIMITED,192.5,194.1,191.0,193.15,193.95,191.3,,193.15,,,57600,11095620.0,79,F1,600,,,,,
2026-07-14,2026-07-14,CM,NSE,STK,3162,INE059B01024,SIMPLEXINF,EQ,,,,,SIMPLEX INFRASTRUCTURES L,273.7,273.7,260.0,262.9,263.25,265.15,,262.9,,,74299,19520494.95,1394,F1,1,,,,,
2026-07-14,2026-07-14,CM,NSE,STK,23480,INE985A01022,SINCLAIR,EQ,,,,,SINCLAIRS HOTELS LIMITED,77.91,78.0,76.2,76.54,76.54,76.93,,76.54,,,9626,737929.79,152,F1,1,,,,,
2026-07-14,2026-07-14,CM,NSE,STK,16859,INE325D01025,SINDHUTRAD,EQ,,,,,SINDHU TRADE LINKS LTD,25.45,25.83,24.8,25.24,25.45,25.79,,25.24,,,463171,11689874.78,5707,F1,1,,,,,
2026-07-14,2026-07-14,CM,NSE,STK,761420,INE638A01035,SINGERIND,EQ,,,,,SINGER INDIA LIMITED,67.99,68.0,66.06,66.36,66.1,67.54,,66.4,,,36800,2459919.72,693,F1,1,,,,,
2026-07-14,2026-07-14,CM,NSE,STK,381,INE129Z01016,SINTERCOM,EQ,,,,,SINTERCOM INDIA LIMITED,76.88,78.98,76.0,77.0,77.2,76.5,,77.0,,,247491,19057604.51,46,F1,1,,,,,
2026-07-14,2026-07-14,CM,NSE,STK,11050,INE792Z01011,SIRCA,EQ,,,,,SIRCA PAINT INDIA LIMITED,404.0,405.0,396.0,397.75,396.0,402.6,,397.75,,,165596,66061431.3,2361,F1,1,,,,,
2026-07-14,2026-07-14,CM,NSE,STK,21501,INE285J01028,SIS,EQ,,,,,SIS LIMITED,435.7,442.95,432.35,434.6,435.5,434.55,,434.6,,,161379,70497677.1,5660,F1,1,,,,,
2026-07-14,2026-07-14,CM,NSE,STK,29210,INE965H01011,SITINET,BZ,,,,,SITI NETWORKS LIMITED,0.33,0.33,0.31,0.31,0.31,0.32,,0.31,,,323990,103224.59,167,F1,1,,,,,
2026-07-14,2026-07-14,CM,NSE,STK,14096,INE076B01028,SIYSIL,EQ,,,,,SIYARAM SILK MILLS LTD,647.95,655.0,636.5,647.3,647.75,649.6,,647.3,,,64345,41480797.6,3074,F1,1,,,,,
2026-07-14,2026-07-14,CM,NSE,STK,6643,INE284S01014,SJS,EQ,,,,,SJS ENTERPRISES LIMITED,2160.0,2175.0,2129.0,2159.2,2160.0,2154.6,,2159.2,,,61367,132055168.3,8751,F1,1,,,,,
2026-07-14,2026-07-14,CM,NSE,STK,18883,INE002L01015,SJVN,EQ,,,,,SJVN LTD,70.21,70.98,70.05,70.38,70.38,70.57,,70.38,,,1720449,121201219.5,11847,F1,1,,,,,
2026-07-14,2026-07-14,CM,NSE,STK,760101,INE2J8701016,SKFINDUS,EQ,,,,,SKF IND (INDUSTRIAL) LTD,2772.5,2830.8,2691.0,2738.4,2740.0,2751.3,,2738.4,,,66039,182569824.9,15029,F1,1,,,,,
2026-07-14,2026-07-14,CM,NSE,STK,3186,INE640A01023,SKFINDIA,EQ,,,,,SKF INDIA LTD,1574.1,1574.1,1538.0,1567.1,1568.7,1574.1,,1567.1,,,26735,41489080.3,3603,F1,1,,,,,
2026-07-14,2026-07-14,CM,NSE,STK,9428,INE439E01022,SKIPPER,EQ,,,,,SKIPPER LIMITED,550.1,564.8,547.05,552.25,555.0,556.0,,552.25,,,384667,213061596.1,12667,F1,1,,,,,
2026-07-14,2026-07-14,CM,NSE,STK,4732,INE411D01023,SKMEGGPROD,EQ,,,,,SKM EGG PROD EXPORT(I) LT,362.0,370.0,350.0,352.25,352.3,360.9,,352.25,,,978579,350906964.55,22899,F1,1,,,,,
2026-07-14,2026-07-14,CM,NSE,STK,10325,INE0KZA01016,SKP,SM,,,,,SKP BEARING INDUSTRI. LTD,152.0,154.0,150.25,154.0,154.0,148.5,,154.0,,,7500,1143225.0,14,F1,500,,,,,
2026-07-14,2026-07-14,CM,NSE,STK,13631,INE01IU01018,SKYGOLD,EQ,,,,,SKY GOLD AND DIAMONDS LTD,620.0,644.35,616.0,618.0,619.7,623.2,,618.0,,,831484,522492614.4,19844,F1,1,,,,,
2026-07-14,2026-07-14,CM,NSE,STK,23692,INE0SMA01017,SLONE,ST,,,,,SLONE INFOSYSTEMS LIMITED,121.6,131.5,121.6,127.0,127.0,127.0,,127.0,,,4400,558780.0,10,F1,400,,,,,
2026-07-14,2026-07-14,CM,NSE,STK,757622,INE14GK01016,SMARTEN,ST,,,,,SMARTEN POWER SYSTEMS LTD,62.4,62.4,59.8,59.8,59.8,60.95,,59.8,,,9600,578160.0,8,F1,1200,,,,,
2026-07-14,2026-07-14,CM,NSE,STK,9893,INE178C01020,SMARTLINK,BE,,,,,SMARTLINK HOLDINGS LTD,186.8,191.0,185.0,186.8,187.0,185.64,,186.76,,,6431,1202908.73,93,F1,1,,,,,
2026-07-14,2026-07-14,CM,NSE,STK,757965,INE0NAZ01010,SMARTWORKS,EQ,,,,,SMARTWORKS COWORKING SP L,476.45,478.0,465.0,470.35,465.0,474.3,,470.35,,,56836,26767333.6,4067,F1,1,,,,,
2026-07-14,2026-07-14,CM,NSE,STK,2320,INE103C01036,SMCGLOBAL,EQ,,,,,SMC GLOBAL SECURITIES LTD,76.01,80.9,75.52,79.45,79.4,76.54,,79.45,,,2380954,189851533.91,15649,F1,1,,,,,
2026-07-14,2026-07-14,CM,NSE,STK,3387,INE294B01019,SMLMAH,EQ,,,,,SML MAHINDRA LIMITED,4199.0,4239.9,4060.0,4087.3,4080.0,4200.7,,4087.3,,,96919,401472593.3,11042,F1,1,,,,,
2026-07-14,2026-07-14,CM,NSE,STK,14329,INE812G01025,SMSPHARMA,EQ,,,,,SMS PHARMACEUTICALS LTD.,396.05,410.5,396.05,399.25,398.15,399.8,,399.25,,,411138,166076026.9,8480,F1,1,,,,,
2026-07-14,2026-07-14,CM,NSE,STK,758949,INE1OIC01018,SNEHAA,ST,,,,,SNEHAA ORGANICS LIMITED,47.5,47.95,46.55,47.95,47.95,47.95,,47.95,,,5000,236050.0,4,F1,1000,,,,,
2026-07-14,2026-07-14,CM,NSE,STK,4843,INE734N01019,SNOWMAN,EQ,,,,,SNOWMAN LOGISTICS LTD.,36.37,36.96,35.7,36.15,35.9,36.55,,36.15,,,136522,4936343.12,1283,F1,1,,,,,
2026-07-14,2026-07-14,CM,NSE,STK,13826,INE671H01015,SOBHA,EQ,,,,,SOBHA LIMITED,1505.0,1515.0,1478.0,1490.6,1485.0,1517.6,,1490.6,,,158334,235917031.2,13244,F1,1,,,,,
2026-07-14,2026-07-14,CM,NSE,STK,8268,INE728Z01015,SOFTTECH,BE,,,,,SOFTTECH ENGINEERS LTD,403.0,430.0,403.0,425.0,425.0,414.65,,400.15,,,414,168672.8,14,F1,1,,,,,
2026-07-14,2026-07-14,CM,NSE,STK,13332,INE343H01029,SOLARINDS,EQ,,,,,SOLAR INDUSTRIES (I) LTD,18119.0,18318.0,17958.0,18287.0,18231.0,18156.0,,18287.0,,,95137,1730411172.0,21517,F1,1,,,,,
2026-07-14,2026-07-14,CM,NSE,STK,3672,INE624Z01016,SOLARA,EQ,,,,,SOLARA ACTIVE PHA SCI LTD,588.7,588.7,564.6,576.2,575.0,585.4,,576.2,,,160998,92529029.35,7273,F1,1,,,,,
2026-07-14,2026-07-14,CM,NSE,STK,759929,INE0TY101024,SOLARWORLD,EQ,,,,,SOLARWORLD ENERGY SOL LTD,211.91,212.3,206.25,208.87,208.2,213.9,,208.87,,,164810,34406531.41,2872,F1,1,,,,,
2026-07-14,2026-07-14,CM,NSE,STK,759397,INE880Y01017,SOLEX,EQ,,,,,SOLEX ENERGY LIMITED,1007.0,1020.0,993.9,996.8,997.0,1006.9,,996.8,,,24291,24397976.2,2326,F1,1,,,,,
2026-07-14,2026-07-14,CM,NSE,STK,1338,INE480C01038,SDBL,EQ,,,,,SOM DIST & BREW LTD,67.4,67.75,66.1,66.76,66.99,67.26,,66.76,,,449733,30078918.68,4340,F1,1,,,,,
2026-07-14,2026-07-14,CM,NSE,STK,4201,INE314C01013,SOMATEX,EQ,,,,,SOMA TEXTILES & INDUST LT,113.0,116.79,108.4,110.81,111.4,114.06,,110.47,,,14880,1667304.43,392,F1,1,,,,,
2026-07-14,2026-07-14,CM,NSE,STK,3880,INE355A01028,SOMANYCERA,EQ,,,,,SOMANY CERAMICS LIMITED,535.0,550.65,527.05,535.2,538.0,536.85,,535.15,,,120911,65158555.3,6070,F1,1,,,,,
2026-07-14,2026-07-14,CM,NSE,STK,17794,INE323J01019,SOMICONVEY,EQ,,,,,SOMI CONVEYOR BELT. LTD.,99.0,99.0,96.03,96.42,96.8,98.05,,96.4,,,23300,2261356.45,489,F1,1,,,,,
2026-07-14,2026-07-14,CM,NSE,STK,4684,INE073K01018,SONACOMS,EQ,,,,,SONA BLW PRECISION FRGS L,674.0,674.0,660.1,666.8,667.35,670.85,,666.8,,,873477,581146348.95,21936,F1,1,,,,,
2026-07-14,2026-07-14,CM,NSE,STK,23055,INE0Q6H01012,SONAMAC,ST,,,,,SONA MACHINERY LIMITED,32.2,32.2,32.2,32.2,32.2,31.9,,32.2,,,1000,32200.0,1,F1,1000,,,,,
2026-07-14,2026-07-14,CM,NSE,STK,762919,INE321M01017,SONAL,EQ,,,,,SONAL MERCANTILE LTD.,90.5,90.5,90.2,90.22,90.2,90.5,,91.55,,,91,8210.3,7,F1,1,,,,,
2026-07-14,2026-07-14,CM,NSE,STK,8806,INE00LM01029,SONAMLTD,EQ,,,,,SONAM LIMITED,54.6,57.3,53.84,56.02,56.33,53.98,,56.02,,,128236,7224947.49,820,F1,1,,,,,
2026-07-14,2026-07-14,CM,NSE,STK,6596,INE269A01021,SONATSOFTW,EQ,,,,,SONATA SOFTWARE LTD,316.0,321.0,302.9,307.75,307.45,316.05,,307.75,,,6346403,1980538111.0,75427,F1,1,,,,,
2026-07-14,2026-07-14,CM,NSE,STK,9463,INE0JZA01018,SONUINFRA,ST,,,,,SONU INFRATECH LIMITED,42.05,43.0,41.4,43.0,43.0,43.3,,43.0,,,6000,253125.0,4,F1,1500,,,,,
2026-07-14,2026-07-14,CM,NSE,STK,9678,INE980Y01015,SOUTHWEST,EQ,,,,,SOUTH WEST PINNACLE LTD,223.65,224.28,220.05,222.04,222.02,224.03,,222.04,,,67176,14898694.48,1556,F1,1,,,,,
2026-07-14,2026-07-14,CM,NSE,STK,8521,INE0JW501011,SPRL,SM,,,,,SP REFRACTORIES LIMITED,111.0,111.0,108.0,108.0,108.0,111.0,,108.0,,,2400,263200.0,3,F1,800,,,,,
2026-07-14,2026-07-14,CM,NSE,STK,19372,INE970N01027,SPCENET,EQ,,,,,SPACENET ENTERS IND LTD,3.84,3.84,3.61,3.63,3.63,3.8,,3.63,,,1158862,4214010.31,912,F1,1,,,,,
2026-07-14,2026-07-14,CM,NSE,STK,758420,IN9572J01019,SSFLPP,E1,,,,,SPANDANA RS.5 PPD UP,169.4,169.4,158.7,162.85,162.0,166.95,,162.85,,,4067,658580.75,139,F1,1,,,,,
2026-07-14,2026-07-14,CM,NSE,STK,11435,INE572J01011,SPANDANA,EQ,,,,,SPANDANA SPHOORTY FIN LTD,305.85,307.65,301.5,303.05,303.8,305.3,,303.05,,,254869,77423981.2,5871,F1,1,,,,,
2026-07-14,2026-07-14,CM,NSE,STK,27107,INE247M01014,SPECIALITY,EQ,,,,,SPECIALITY REST LTD,123.5,134.8,123.4,131.11,131.5,124.05,,131.1,,,138882,18227945.18,2554,F1,1,,,,,
2026-07-14,2026-07-14,CM,NSE,STK,30455,INE01EO01010,SPECTRUM,EQ,,,,,SPECTRUM ELECTRIC IND LTD,2041.0,2066.6,1940.9,2012.4,2035.0,2005.5,,2012.4,,,17417,35118215.7,2405,F1,1,,,,,
2026-07-14,2026-07-14,CM,NSE,STK,16883,INE0OL001018,SPECTSTM,ST,,,,,SPECTRUM TALENT MGMT LTD,59.85,59.85,58.05,59.45,59.45,57.05,,59.45,,,4000,236640.0,5,F1,800,,,,,
2026-07-14,2026-07-14,CM,NSE,STK,8163,INE020801028,SPENCERS,EQ,,,,,SPENCER S RETAIL LIMITED,35.32,35.39,34.7,34.77,34.75,35.39,,34.78,,,20384,714399.86,260,F1,1,,,,,
2026-07-14,2026-07-14,CM,NSE,STK,3252,INE147A01011,SPIC,EQ,,,,,SPIC LTD,68.01,68.09,66.17,66.74,67.1,68.11,,66.74,,,357743,23981375.37,3201,F1,1,,,,,
2026-07-14,2026-07-14,CM,NSE,STK,11935,INE978G01016,SPLIL,EQ,,,,,SPL INDUSTRIES LIMITED,31.12,33.29,30.21,32.34,32.12,31.12,,32.34,,,15984,509909.84,118,F1,1,,,,,
2026-07-14,2026-07-14,CM,NSE,STK,3321,INE937A01023,SPMLINFRA,EQ,,,,,SPML INFRA LIMITED,192.9,197.88,189.29,191.52,191.8,192.16,,191.52,,,249134,48314221.73,3766,F1,1,,,,,
2026-07-14,2026-07-14,CM,NSE,STK,10733,INE885H01029,SPORTKING,EQ,,,,,SPORTKING INDIA LIMITED,194.07,209.9,192.9,196.85,196.6,192.53,,196.85,,,3518062,711484424.46,48261,F1,1,,,,,
2026-07-14,2026-07-14,CM,NSE,STK,17186,INE526E01018,SHRIPISTON,EQ,,,,,SPR AUTO TECHNOLOGIES LTD,4150.0,4205.0,4112.5,4188.3,4198.0,4185.1,,4188.3,,,34742,144353459.9,9565,F1,1,,,,,
2026-07-14,2026-07-14,CM,NSE,STK,757865,INE19QH01010,SPUNWEB,SM,,,,,SPUNWEB NONWOVEN LIMITED,105.95,105.95,103.05,103.05,103.05,105.5,,103.05,,,2400,250800.0,2,F1,1200,,,,,
2026-07-14,2026-07-14,CM,NSE,STK,14582,INE917H01012,SRHHYPOLTD,EQ,,,,,SREE RAYALSEEMA HHP LTD.,496.0,498.9,490.4,492.0,494.6,495.5,,491.9,,,2450,1210453.3,206,F1,1,,,,,
2026-07-14,2026-07-14,CM,NSE,STK,31837,INE099F01013,SREEL,EQ,,,,,SREELEATHERS LIMITED,209.0,212.0,209.0,210.33,211.5,211.76,,210.33,,,1957,411492.35,95,F1,1,,,,,
2026-07-14,2026-07-14,CM,NSE,STK,3273,INE647A01010,SRF,EQ,,,,,SRF LTD,2729.4,2759.9,2716.0,2744.9,2740.1,2741.6,,2745.3,,,397057,1084425213.3,38246,F1,1,,,,,
2026-07-14,2026-07-14,CM,NSE,STK,18119,INE559N01010,SRGHFL,EQ,,,,,SRG HOUSING FINANCE L,305.1,311.0,301.0,309.5,305.0,305.1,,309.5,,,2748,846890.35,85,F1,1,,,,,
2026-07-14,2026-07-14,CM,NSE,STK,7457,INE293B01029,HAVISHA,EQ,,,,,SRI HAVISHA HOSP & INFR L,1.24,1.27,1.13,1.19,1.22,1.21,,1.19,,,80148,96017.24,201,F1,1,,,,,
2026-07-14,2026-07-14,CM,NSE,STK,758145,INE0V9Q01010,LOTUSDEV,EQ,,,,,SRI LOTUS DEVLPRS N RTY L,144.8,144.8,140.55,142.54,141.5,144.46,,142.56,,,246215,35044447.73,3346,F1,1,,,,,
2026-07-14,2026-07-14,CM,NSE,STK,761393,INE0TPJ01019,SPCON,SM,,,,,SRINIBAS PRADHAN CONST L,135.0,135.0,135.0,135.0,135.0,135.0,,135.0,,,1200,162000.0,1,F1,1200,,,,,
2026-07-14,2026-07-14,CM,NSE,STK,18059,INE0ON201012,SSFL,ST,,,,,SRIVARI SPICES N FOODS L,260.5,267.0,247.5,266.5,267.0,260.5,,266.5,,,30500,7682475.0,55,F1,500,,,,,
2026-07-14,2026-07-14,CM,NSE,STK,14416,INE0NPI01014,SRIVASAVI,ST,,,,,SRIVASAVI ADHESIVE TAPE L,85.0,88.0,85.0,86.7,86.7,83.85,,86.7,,,12000,1037200.0,12,F1,1000,,,,,
2026-07-14,2026-07-14,CM,NSE,STK,23402,INE0R6Z01013,SRM,EQ,,,,,SRM CONTRACTORS LIMITED,501.0,501.7,484.0,486.6,488.0,498.55,,486.6,,,43850,21460990.65,1734,F1,1,,,,,
2026-07-14,2026-07-14,CM,NSE,STK,29204,INE0RYC01010,STALLION,EQ,,,,,STALLION IND FLUOROCHEM L,208.1,211.36,200.9,203.13,204.1,209.88,,203.15,,,2096559,429576702.15,21932,F1,1,,,,,
2026-07-14,2026-07-14,CM,NSE,STK,29075,INE0M4D01010,SETL,EQ,,,,,STANDARD ENGNG TCNLGY LTD,280.0,280.05,263.7,273.85,273.6,277.55,,273.8,,,1343982,358998172.6,10433,F1,1,,,,,
2026-07-14,2026-07-14,CM,NSE,STK,11297,INE173A01025,SIL,EQ,,,,,STANDARD INDUSTRIES LTD.,16.47,16.55,16.08,16.4,16.45,16.31,,16.4,,,12341,201075.98,136,F1,1,,,,,
2026-07-14,2026-07-14,CM,NSE,STK,24226,INE01A001028,STANLEY,EQ,,,,,STANLEY LIFESTYLES LTD,158.05,160.89,155.0,157.68,158.0,159.29,,157.66,,,126295,19882021.02,2545,F1,1,,,,,
2026-07-14,2026-07-14,CM,NSE,STK,21091,INE460H01021,STARCEMENT,EQ,,,,,STAR CEMENT LIMITED,205.28,206.29,204.31,205.53,205.65,206.31,,205.53,,,100923,20707231.94,1832,F1,1,,,,,
2026-07-14,2026-07-14,CM,NSE,STK,7083,INE575P01011,STARHEALTH,EQ,,,,,STAR HEALTH & AL INS CO L,597.5,623.9,592.75,597.35,600.0,599.75,,597.35,,,1347333,814224590.05,41647,F1,1,,,,,
2026-07-14,2026-07-14,CM,NSE,STK,3291,INE733A01018,STARPAPER,EQ,,,,,STAR PAPER MILLS LTD,141.43,141.95,138.2,139.19,138.2,141.43,,139.19,,,1853,258371.01,85,F1,1,,,,,
2026-07-14,2026-07-14,CM,NSE,STK,9305,INE992I01013,STARTECK,EQ,,,,,STARTECK FINANCE LIMITED,275.1,278.9,270.15,272.7,272.5,271.35,,274.0,,,6375,1757745.25,327,F1,1,,,,,
2026-07-14,2026-07-14,CM,NSE,STK,3045,INE062A01020,SBIN,EQ,,,,,STATE BANK OF INDIA,1033.3,1033.7,1011.4,1015.4,1012.7,1037.0,,1015.4,,,11562326,11784550655.3,203315,F1,1,,,,,
2026-07-14,2026-07-14,CM,NSE,STK,2963,INE114A01011,SAIL,EQ,,,,,STEEL AUTHORITY OF INDIA,166.08,168.75,165.55,166.45,166.49,167.01,,166.45,,,11647636,1942898083.47,50132,F1,1,,,,,
2026-07-14,2026-07-14,CM,NSE,STK,10406,INE395H01011,STEELCITY,EQ,,,,,STEEL CITY SECURITIES LTD,77.23,77.9,76.25,76.96,77.06,77.23,,76.96,,,1760,135737.86,89,F1,1,,,,,
2026-07-14,2026-07-14,CM,NSE,STK,21339,INE503B01021,STEELXIND,EQ,,,,,STEEL EXCHANGE INDIA LTD,12.28,12.28,12.09,12.2,12.12,12.12,,12.2,,,1029214,12515901.45,1828,F1,1,,,,,
2026-07-14,2026-07-14,CM,NSE,STK,11829,INE802C01033,SSWL,EQ,,,,,STEEL STRIPS WHEELS LTD.,255.1,257.8,249.0,250.44,251.47,253.26,,250.44,,,540346,136527529.44,8980,F1,1,,,,,
2026-07-14,2026-07-14,CM,NSE,STK,6803,INE124E01038,STEELCAS,EQ,,,,,STEELCAST LIMITED,309.35,317.0,295.05,299.3,299.0,309.3,,299.3,,,139189,41997616.5,5563,F1,1,,,,,
2026-07-14,2026-07-14,CM,NSE,STK,21484,INE577L01016,STEL,EQ,,,,,STEL HOLDINGS LIMITED,570.0,570.0,555.0,555.85,557.05,553.95,,555.9,,,880,490776.1,137,F1,1,,,,,
2026-07-14,2026-07-14,CM,NSE,STK,6188,INE334A01023,STERTOOLS,BE,,,,,STERLING TOOLS LIMITED,240.0,248.0,239.4,242.82,243.0,243.73,,242.28,,,18565,4513020.19,259,F1,1,,,,,
2026-07-14,2026-07-14,CM,NSE,STK,9313,INE089C01029,STLTECH,BE,,,,,STERLITE TECHNOLOGIES LTD,500.0,539.9,492.25,533.85,528.65,518.15,,533.8,,,3593223,1839347735.3,47172,F1,1,,,,,
2026-07-14,2026-07-14,CM,NSE,STK,13367,INE353H01010,SGL,EQ,,,,,STL GLOBAL LIMITED,10.01,10.84,9.8,10.51,10.35,10.01,,10.51,,,23284,240163.79,149,F1,1,,,,,
2026-07-14,2026-07-14,CM,NSE,STK,758978,INE1VXE01018,STLNETWORK,BE,,,,,STL NETWORKS LIMITED,25.31,25.39,24.85,24.93,25.0,25.31,,24.93,,,379020,9483120.62,1351,F1,1,,,,,
2026-07-14,2026-07-14,CM,NSE,STK,2107,INE00IN01015,STOVEKRAFT,EQ,,,,,STOVE KRAFT LIMITED,787.0,793.7,767.2,772.05,768.0,791.15,,772.0,,,93383,72516531.4,5156,F1,1,,,,,
2026-07-14,2026-07-14,CM,NSE,STK,761091,INE1XWN01017,STRIDERS,SM,,,,,STRIDERS IMPEX LIMITED,59.9,59.9,56.35,56.35,56.35,56.5,,56.35,,,3200,186000.0,2,F1,1600,,,,,
2026-07-14,2026-07-14,CM,NSE,STK,7374,INE939A01011,STAR,EQ,,,,,STRIDES PHARMA SCI LTD,1075.7,1083.4,1066.0,1071.1,1072.8,1074.0,,1070.9,,,62944,67544344.0,6435,F1,1,,,,,
2026-07-14,2026-07-14,CM,NSE,STK,12489,INE00M201021,SWSOLAR,EQ,,,,,STRLNG & WIL REN ENE LTD,239.0,250.0,235.11,242.07,241.9,236.96,,242.07,,,3560172,867350625.95,41093,F1,1,,,,,
2026-07-14,2026-07-14,CM,NSE,STK,759587,INE00Q601028,STUDDS,EQ,,,,,STUDDS ACCESSORIES LTD,461.95,463.85,447.0,448.55,449.0,459.65,,448.6,,,61940,27933797.5,2569,F1,1,,,,,
2026-07-14,2026-07-14,CM,NSE,STK,758530,INE17VO01028,STUDIOLSD,ST,,,,,STUDIO LSD LIMITED,8.9,9.2,8.8,9.2,9.2,8.8,,9.2,,,46000,419600.0,22,F1,2000,,,,,
2026-07-14,2026-07-14,CM,NSE,STK,5186,INE239C01020,STYLAMIND,EQ,,,,,STYLAM INDUSTRIES LIMITED,3221.0,3322.0,3208.0,3306.3,3299.0,3245.5,,3306.4,,,18033,58960893.2,5413,F1,1,,,,,
2026-07-14,2026-07-14,CM,NSE,STK,19,INE189B01011,STYRENIX,EQ,,,,,STYRENIX PERFORMANCE LTD,2315.2,2315.2,2251.0,2264.3,2283.0,2317.7,,2264.2,,,27196,61939035.2,2154,F1,1,,,,,
2026-07-14,2026-07-14,CM,NSE,STK,760112,INE0RYR01018,SUBAHOTELS,SM,,,,,SUBA HOTELS LIMITED,113.95,115.9,111.05,111.65,111.05,113.95,,111.65,,,52800,5996580.0,37,F1,1200,,,,,
2026-07-14,2026-07-14,CM,NSE,STK,959,INE754A01055,SUBEXLTD,BE,,,,,SUBEX LTD,13.21,13.97,13.2,13.36,13.47,13.53,,13.35,,,1205590,16174039.49,1469,F1,1,,,,,
2026-07-14,2026-07-14,CM,NSE,STK,3324,INE287B01021,SUBROS,EQ,,,,,SUBROS LIMITED,817.4,820.85,805.25,811.35,807.25,821.75,,811.35,,,39841,32304355.75,2498,F1,1,,,,,
2026-07-14,2026-07-14,CM,NSE,STK,3327,INE659A01023,SUDARSCHEM,EQ,,,,,SUDARSHAN CHEMICAL INDS L,1030.05,1078.7,1030.05,1066.2,1064.0,1038.05,,1066.25,,,607651,648719632.05,28081,F1,1,,,,,
2026-07-14,2026-07-14,CM,NSE,STK,715,INE492A01029,SUDARCOLOR,EQ,,,,,SUDARSHAN COLORNT IND LTD,386.0,391.0,376.0,378.2,377.0,381.25,,378.2,,,14288,5468973.95,859,F1,1,,,,,
2026-07-14,2026-07-14,CM,NSE,STK,760039,INE0QPI01025,SUDEEPPHRM,EQ,,,,,SUDEEP PHARMA LIMITED,845.0,847.55,832.2,837.45,838.75,847.55,,837.45,,,61269,51366370.3,4664,F1,1,,,,,
2026-07-14,2026-07-14,CM,NSE,STK,11804,INE450E01029,SUKHJITS,EQ,,,,,SUKHJIT STARCH & CHEM LTD,173.7,173.7,169.51,171.06,171.25,169.4,,171.07,,,2613,446354.86,154,F1,1,,,,,
2026-07-14,2026-07-14,CM,NSE,STK,13218,INE142Q01026,SULA,EQ,,,,,SULA VINEYARDS LIMITED,150.98,152.7,148.1,148.63,148.5,150.98,,148.64,,,188916,28298724.52,4249,F1,1,,,,,
2026-07-14,2026-07-14,CM,NSE,STK,20790,INE235C01036,SUMEETINDS,EQ,,,,,SUMEET IND LIMITED,32.72,33.56,31.81,32.72,32.96,32.63,,32.72,,,8864084,290944288.41,13255,F1,1,,,,,
2026-07-14,2026-07-14,CM,NSE,STK,754145,INE235C20010,SUMEET-RE,BE,,,,,SUMEET INDUSTRIES LTD,2.59,2.68,2.4,2.5,2.5,2.47,,2.5,,,23074947,57950935.36,2550,F1,1,,,,,
2026-07-14,2026-07-14,CM,NSE,STK,11141,INE748Z01013,SUMIT,BE,,,,,SUMIT WOODS LIMITED,47.0,47.88,46.11,47.81,47.87,46.91,,47.81,,,75066,3570514.6,67,F1,1,,,,,
2026-07-14,2026-07-14,CM,NSE,STK,17105,INE258G01013,SUMICHEM,EQ,,,,,SUMITOMO CHEM INDIA LTD,530.95,539.5,517.7,535.2,539.0,531.9,,535.3,,,713045,376015259.9,16607,F1,1,,,,,
2026-07-14,2026-07-14,CM,NSE,STK,21275,INE519C01017,SUMMITSEC,EQ,,,,,SUMMIT SECURITIES LTD,1572.4,1578.0,1530.0,1534.9,1535.4,1572.0,,1534.9,,,2160,3340505.9,403,F1,1,,,,,
2026-07-14,2026-07-14,CM,NSE,STK,14788,INE232I01014,SPARC,EQ,,,,,SUN PHARMA ADV.RES.CO.LTD,259.35,259.35,247.0,247.83,248.29,259.42,,247.84,,,1942047,487015497.91,28146,F1,1,,,,,
2026-07-14,2026-07-14,CM,NSE,STK,3351,INE044A01036,SUNPHARMA,EQ,,,,,SUN PHARMACEUTICAL IND L,1910.0,1950.8,1910.0,1942.6,1944.8,1921.4,,1941.7,,,2822124,5477408226.4,126942,F1,1,,,,,
2026-07-14,2026-07-14,CM,NSE,STK,13404,INE424H01027,SUNTV,EQ,,,,,SUN TV NETWORK LIMITED,500.0,500.05,488.3,493.85,493.95,499.5,,493.85,,,383258,188033161.9,12238,F1,1,,,,,
2026-07-14,2026-07-14,CM,NSE,STK,20956,INE0Q3R01026,SUNCLAY,EQ,,,,,SUNDARAM CLAYTON LIMITED,1373.3,1398.5,1371.4,1382.2,1380.0,1393.3,,1382.1,,,3196,4415904.6,392,F1,1,,,,,
2026-07-14,2026-07-14,CM,NSE,STK,3339,INE660A01013,SUNDARMFIN,EQ,,,,,SUNDARAM FINANCE LTD,4501.0,4509.7,4405.0,4461.1,4456.5,4529.1,,4460.9,,,53381,237528373.6,13088,F1,1,,,,,
2026-07-14,2026-07-14,CM,NSE,STK,18931,INE108E01023,SUNDARAM,EQ,,,,,SUNDARAM MULTI PAP LTD,1.28,1.28,1.24,1.25,1.26,1.27,,1.25,,,340065,428353.47,191,F1,1,,,,,
2026-07-14,2026-07-14,CM,NSE,STK,9848,INE073D01013,SUNDRMBRAK,BE,,,,,SUNDARAMBRAKE LININGS LTD,816.0,856.9,816.0,854.65,856.9,816.1,,854.6,,,8167,6941234.95,222,F1,1,,,,,
2026-07-14,2026-07-14,CM,NSE,STK,3345,INE387A01021,SUNDRMFAST,EQ,,,,,SUNDRAM FASTENERS LTD,960.95,962.4,952.55,959.75,960.0,960.95,,959.75,,,52269,50103050.2,5697,F1,1,,,,,
2026-07-14,2026-07-14,CM,NSE,STK,761205,INE0CTB01014,SOCL,ST,,,,,SUNDREX OIL COMPANY LTD,29.0,29.0,29.0,29.0,29.0,28.0,,29.0,,,4800,139200.0,1,F1,1600,,,,,
2026-07-14,2026-07-14,CM,NSE,STK,1663,INE209A01019,SUNDROP,EQ,,,,,SUNDROP BRANDS LIMITED,640.0,645.0,634.6,643.7,645.0,637.35,,643.7,,,11994,7683065.75,249,F1,1,,,,,
2026-07-14,2026-07-14,CM,NSE,STK,3348,INE947A01014,SUNFLAG,EQ,,,,,SUNFLAG IRON AND STEEL CO,344.7,347.65,337.2,339.65,339.6,344.05,,339.65,,,117453,40247819.8,3200,F1,1,,,,,
2026-07-14,2026-07-14,CM,NSE,STK,18267,INE0O3O01017,SEL,ST,,,,,SUNGARNER ENERGIES LTD,229.0,240.45,229.0,240.3,240.45,229.0,,240.3,,,10000,2389730.0,31,F1,200,,,,,
2026-07-14,2026-07-14,CM,NSE,STK,24872,INE0U2N01013,SUNLITE,ST,,,,,SUNLITE RECYCLING IND LTD,454.0,458.0,445.0,447.5,447.5,454.0,,447.5,,,7500,3377925.0,25,F1,300,,,,,
2026-07-14,2026-07-14,CM,NSE,STK,757766,INE0SGZ01016,SUNTECH,ST,,,,,SUNTECH INFRA SOLUTIONS L,30.55,30.8,30.55,30.6,30.6,30.05,,30.6,,,8000,245200.0,5,F1,1600,,,,,
2026-07-14,2026-07-14,CM,NSE,STK,17641,INE805D01034,SUNTECK,EQ,,,,,SUNTECK REALTY LIMITED,323.0,323.65,309.45,312.8,313.0,323.95,,312.75,,,397746,124516302.45,11158,F1,1,,,,,
2026-07-14,2026-07-14,CM,NSE,STK,8931,INE662A01027,SUPERSPIN,BE,,,,,SUPER SPINNING MILLS LTD,5.1,5.1,5.1,5.1,5.1,5.0,,5.0,,,148,754.8,3,F1,1,,,,,
2026-07-14,2026-07-14,CM,NSE,STK,20616,INE712B01010,SUPERHOUSE,EQ,,,,,SUPERHOUSE LIMITED,155.0,156.45,151.0,151.96,151.1,157.2,,151.96,,,4701,717938.47,173,F1,1,,,,,
2026-07-14,2026-07-14,CM,NSE,STK,11689,INE399C01030,SUPRAJIT,EQ,,,,,SUPRAJIT ENGINEERING LTD,497.75,497.75,485.6,487.85,486.95,497.75,,487.85,,,86328,42249077.2,5267,F1,1,,,,,
2026-07-14,2026-07-14,CM,NSE,STK,758997,INE319Z01021,SUPREMEENG,BZ,,,,,SUPREME ENGINEERING LTD,1.68,1.68,1.68,1.68,1.68,1.65,,1.68,,,29997,50394.96,23,F1,1,,,,,
2026-07-14,2026-07-14,CM,NSE,STK,28069,INE0U6N01014,SFML,SM,,,,,SUPREME FACILITY MGMT LTD,24.4,24.4,24.2,24.35,24.35,23.0,,24.35,,,6400,155520.0,4,F1,1600,,,,,
2026-07-14,2026-07-14,CM,NSE,STK,29439,INE822E01011,SUPREME,EQ,,,,,SUPREME HOLDIN N HOSP I L,46.5,50.99,46.5,46.94,47.48,47.35,,46.94,,,21795,1028774.74,615,F1,1,,,,,
2026-07-14,2026-07-14,CM,NSE,STK,3363,INE195A01028,SUPREMEIND,EQ,,,,,SUPREME INDUSTRIES LTD,3285.0,3436.8,3275.1,3427.5,3430.0,3334.6,,3427.5,,,273774,931016737.6,25663,F1,1,,,,,
2026-07-14,2026-07-14,CM,NSE,STK,15002,INE550H01011,SUPREMEINF,EQ,,,,,SUPREME INFRA. LTD.,80.9,80.9,75.6,76.04,75.6,79.14,,76.05,,,56203,4377751.21,1293,F1,1,,,,,
2026-07-14,2026-07-14,CM,NSE,STK,9617,INE663A01033,SPLPETRO,EQ,,,,,SUPREME PETROCHEM LIMITED,727.95,730.15,720.1,725.65,730.0,734.75,,725.7,,,20694,14982369.3,2324,F1,1,,,,,
2026-07-14,2026-07-14,CM,NSE,STK,21074,INE0QHG01026,SUPREMEPWR,ST,,,,,SUPREME POWER EQUIPMENT L,218.0,220.0,214.05,220.0,220.0,219.7,,220.0,,,22500,4883525.0,42,F1,500,,,,,
2026-07-14,2026-07-14,CM,NSE,STK,7390,INE07RO01027,SUPRIYA,EQ,,,,,SUPRIYA LIFESCIENCE LTD,846.0,875.0,838.0,870.7,869.0,845.0,,870.7,,,344442,296253117.2,16629,F1,1,,,,,
2026-07-14,2026-07-14,CM,NSE,STK,20822,INE843S01025,SURAJEST,EQ,,,,,SURAJ ESTATE DEVELOPERS L,206.27,206.3,200.73,202.86,204.0,207.3,,202.78,,,27179,5501782.75,953,F1,1,,,,,
2026-07-14,2026-07-14,CM,NSE,STK,24966,INE713C01016,SURAJLTD,EQ,,,,,SURAJ LIMITED,227.0,227.0,223.0,226.87,226.87,221.79,,226.87,,,287,64901.68,18,F1,1,,,,,
2026-07-14,2026-07-14,CM,NSE,STK,27334,INE877V01027,SURAKSHA,EQ,,,,,SURAKSHA DIAGNOSTIC LTD,262.3,265.05,257.0,259.95,259.0,260.95,,259.95,,,28706,7471394.4,1297,F1,1,,,,,
2026-07-14,2026-07-14,CM,NSE,STK,21077,INE272L01022,SURANASOL,EQ,,,,,SURANA SOLAR LIMITED,25.69,27.0,25.03,25.8,26.99,25.19,,25.81,,,46265,1182784.01,391,F1,1,,,,,
2026-07-14,2026-07-14,CM,NSE,STK,10700,INE130B01031,SURANAT&P,EQ,,,,,SURANA TELECOM AND POW LT,18.52,18.75,18.16,18.33,18.47,18.58,,18.33,,,70099,1289001.44,629,F1,1,,,,,
2026-07-14,2026-07-14,CM,NSE,STK,14139,INE05ST01028,SBGLP,EQ,,,,,SURATWWALA BUS GROUP LTD,25.2,25.39,24.4,24.87,25.29,25.2,,24.87,,,5678,141488.96,146,F1,1,,,,,
2026-07-14,2026-07-14,CM,NSE,STK,3375,INE335A01020,SURYAROSNI,EQ,,,,,SURYA ROSHNI LTD,251.45,252.3,247.25,247.95,248.5,251.45,,247.95,,,287817,71631443.55,5400,F1,1,,,,,
2026-07-14,2026-07-14,CM,NSE,STK,11852,INE713B01026,SURYALAXMI,EQ,,,,,SURYALAKSHMI COT MIL LTD,60.4,61.75,58.2,59.14,59.1,60.03,,58.84,,,2155,128768.4,63,F1,1,,,,,
2026-07-14,2026-07-14,CM,NSE,STK,762924,INE132C01027,SURYALA,EQ,,,,,SURYALATA SPINNING MILL L,432.4,439.0,432.25,435.85,432.55,438.1,,435.85,,,589,254939.95,29,F1,1,,,,,
2026-07-14,2026-07-14,CM,NSE,STK,2970,INE428Q01011,SURYODAY,EQ,,,,,SURYODAY SMALL FIN BK LTD,190.0,192.9,186.0,187.27,187.55,191.57,,187.26,,,444818,84266189.2,6865,F1,1,,,,,
2026-07-14,2026-07-14,CM,NSE,STK,13804,INE645H01027,SUTLEJTEX,BE,,,,,SUTLEJ TEXT & INDUS LTD,38.47,38.47,37.6,37.86,38.4,37.8,,37.8,,,11836,449643.66,62,F1,1,,,,,
2026-07-14,2026-07-14,CM,NSE,STK,11233,INE495B01038,SUVEN,EQ,,,,,SUVEN LIFE SCIENCES LTD,361.35,365.6,345.0,348.2,349.0,359.55,,348.2,,,762731,266623024.95,15511,F1,1,,,,,
2026-07-14,2026-07-14,CM,NSE,STK,2998,INE018401013,SUVIDHAA,EQ,,,,,SUVIDHAA INFOSERVE LTD,2.54,2.6,2.46,2.57,2.58,2.54,,2.57,,,41387,105584.99,154,F1,1,,,,,
2026-07-14,2026-07-14,CM,NSE,STK,24851,INE442P01014,SUYOG,EQ,,,,,SUYOG TELEMATICS LIMITED,878.45,894.95,853.6,867.25,857.0,873.75,,867.25,,,52713,45944821.5,4223,F1,1,,,,,
2026-07-14,2026-07-14,CM,NSE,STK,12018,INE040H01021,SUZLON,EQ,,,,,SUZLON ENERGY LIMITED,52.95,52.99,52.33,52.47,52.43,53.17,,52.47,,,40748106,2142108510.6,80937,F1,1,,,,,
2026-07-14,2026-07-14,CM,NSE,STK,5023,INE308E01029,SVPGLOB,BE,,,,,SVP GLOBAL TEXTILES LTD,3.94,3.94,3.78,3.87,3.87,3.78,,3.87,,,21848,84643.52,42,F1,1,,,,,
2026-07-14,2026-07-14,CM,NSE,STK,27095,INE665A01038,SWANCORP,EQ,,,,,SWAN CORP LIMITED,321.85,321.85,314.15,315.55,314.8,323.45,,315.55,,,468505,148348100.8,8040,F1,1,,,,,
2026-07-14,2026-07-14,CM,NSE,STK,29164,INE542F01020,SWANDEF,BE,,,,,SWAN DEFENCE N HEVY IND L,2244.6,2250.0,2164.0,2207.6,2220.0,2254.6,,2207.7,,,5918,13051517.9,495,F1,1,,,,,
2026-07-14,2026-07-14,CM,NSE,STK,3384,INE277A01016,SWARAJENG,EQ,,,,,SWARAJ ENGINES LTD,3760.0,3787.9,3750.0,3757.0,3751.5,3789.6,,3757.0,,,4408,16581922.4,908,F1,1,,,,,
2026-07-14,2026-07-14,CM,NSE,STK,8608,INE0GMR01016,SWARAJ,SM,,,,,SWARAJ SUITING LIMITED,345.55,364.45,342.5,363.2,362.0,342.65,,363.2,,,308000,109138300.0,300,F1,500,,,,,
2026-07-14,2026-07-14,CM,NSE,STK,11497,INE0DGC01025,SWASTIK,ST,,,,,SWASTIK PIPE LIMITED,15.55,15.55,15.55,15.55,15.55,14.85,,15.55,,,8400,130620.0,5,F1,1200,,,,,
2026-07-14,2026-07-14,CM,NSE,STK,11909,INE409B01013,SWELECTES,EQ,,,,,SWELECT ENERGY SYS LTD,641.5,642.0,625.1,631.2,628.0,640.85,,631.2,,,13987,8843503.55,1309,F1,1,,,,,
2026-07-14,2026-07-14,CM,NSE,STK,27066,INE00H001014,SWIGGY,EQ,,,,,SWIGGY LIMITED,266.33,266.33,257.74,258.8,258.7,266.77,,258.8,,,11711658,3049061603.93,68960,F1,1,,,,,
2026-07-14,2026-07-14,CM,NSE,STK,24190,INE225D01027,SYMPHONY,EQ,,,,,SYMPHONY LIMITED,732.0,732.0,708.0,710.8,717.5,732.45,,710.75,,,133757,95955173.9,8811,F1,1,,,,,
2026-07-14,2026-07-14,CM,NSE,STK,11992,INE312C01025,SYNCOMF,EQ,,,,,SYNCOM FORMU (I) LTD,14.01,14.06,13.7,13.74,13.75,13.94,,13.74,,,1200178,16578483.01,3056,F1,1,,,,,
2026-07-14,2026-07-14,CM,NSE,STK,5114,INE00QT01015,SGIL,EQ,,,,,SYNERGY GREEN IND. LTD,590.15,599.0,590.0,595.3,595.0,590.45,,595.3,,,6879,4084582.25,196,F1,1,,,,,
2026-07-14,2026-07-14,CM,NSE,STK,10243,INE398R01022,SYNGENE,EQ,,,,,SYNGENE INTERNATIONAL LTD,421.0,432.0,416.5,419.45,419.0,420.35,,419.45,,,1810422,765432525.3,73657,F1,1,,,,,
2026-07-14,2026-07-14,CM,NSE,STK,17206,INE0BTR01012,SYNOPTICS,ST,,,,,SYNOPTICS TECHNOLOGIES L,78.0,82.0,77.9,77.9,77.9,82.0,,77.9,,,8400,669030.0,10,F1,600,,,,,
2026-07-14,2026-07-14,CM,NSE,STK,10793,INE0DYJ01015,SYRMA,EQ,,,,,SYRMA SGS TECHNOLOGY LTD,1425.0,1446.3,1404.8,1421.8,1420.0,1431.7,,1421.4,,,528531,751663136.7,24243,F1,1,,,,,
2026-07-14,2026-07-14,CM,NSE,STK,14506,INE0O7R01011,SYSTANGO,SM,,,,,SYSTANGO TECHNOLOGIES LTD,220.4,234.0,219.0,223.35,223.0,220.4,,223.35,,,30000,6770820.0,72,F1,400,,,,,
2026-07-14,2026-07-14,CM,NSE,STK,759358,INE356B01024,SYSTMTXC,BE,,,,,SYSTEMATIX CORP SERVICE L,64.21,64.21,62.0,62.59,63.0,63.9,,62.59,,,4239,265416.49,103,F1,1,,,,,
2026-07-14,2026-07-14,CM,NSE,STK,14314,INE592B01024,TTL,EQ,,,,,T T LIMITED,6.61,6.79,6.6,6.64,6.66,6.74,,6.64,,,46977,311064.37,92,F1,1,,,,,
2026-07-14,2026-07-14,CM,NSE,STK,762929,INE524T01011,TAALTECH,EQ,,,,,TAAL TECH LTD.,4140.0,4140.0,3925.0,3982.6,3994.0,4078.0,,3986.3,,,3100,12528370.0,570,F1,1,,,,,
2026-07-14,2026-07-14,CM,NSE,STK,23438,INE0SOY01013,TAC,SM,,,,,TAC INFOSEC LIMITED,459.05,459.05,459.05,459.05,459.05,437.2,,459.05,,,10400,4774120.0,38,F1,200,,,,,
2026-07-14,2026-07-14,CM,NSE,STK,3396,INE123C01018,TAINWALCHM,EQ,,,,,TAINWALA CHEMICAL AND PLA,243.98,257.0,220.8,225.99,224.23,232.0,,225.91,,,234075,56961714.12,4265,F1,1,,,,,
2026-07-14,2026-07-14,CM,NSE,STK,9354,INE586B01026,TAJGVK,EQ,,,,,TAJ GVK HOTELS & RESORTS,366.8,367.15,357.0,358.7,359.95,366.8,,358.7,,,65550,23597606.45,1880,F1,1,,,,,
2026-07-14,2026-07-14,CM,NSE,STK,14920,INE142I01023,TAKE,BE,,,,,TAKE SOLUTIONS LTD,22.4,22.9,21.28,21.49,21.28,22.4,,21.49,,,309252,6709559.55,1032,F1,1,,,,,
2026-07-14,2026-07-14,CM,NSE,STK,13648,INE187D01029,TALBROAUTO,EQ,,,,,TALBROS AUTO. COMP. LTD,402.05,402.1,384.75,389.3,387.1,403.95,,389.3,,,173835,67996062.6,7822,F1,1,,,,,
2026-07-14,2026-07-14,CM,NSE,STK,762937,INE864J01012,TAMBOLIIN,BE,,,,,TAMBOLI INDUSTRIES LTD.,220.0,231.0,216.0,220.42,220.0,220.53,,220.54,,,11306,2487086.2,63,F1,1,,,,,
2026-07-14,2026-07-14,CM,NSE,STK,10945,INE668A01016,TMB,EQ,,,,,TAMILNAD MERCA BANK LTD,799.0,800.95,777.15,780.35,783.0,801.1,,780.3,,,98226,77267587.8,8823,F1,1,,,,,
2026-07-14,2026-07-14,CM,NSE,STK,3980,INE107A01015,TNPL,EQ,,,,,TAMILNADU NEWSPRT & PAPER,145.9,146.24,143.5,143.83,144.8,145.32,,143.83,,,33267,4807488.16,927,F1,1,,,,,
2026-07-14,2026-07-14,CM,NSE,STK,3509,INE148A01019,TNPETRO,EQ,,,,,TAMILNADU PETROPRODUCTS L,96.79,97.77,95.01,95.4,95.1,97.77,,95.39,,,65800,6332570.84,831,F1,1,,,,,
2026-07-14,2026-07-14,CM,NSE,STK,3512,INE141D01018,TNTELE,EQ,,,,,TAMILNADU TELECOMMUNICATI,9.45,9.55,9.1,9.22,9.35,9.46,,9.21,,,13620,126360.5,103,F1,1,,,,,
2026-07-14,2026-07-14,CM,NSE,STK,756338,INE0Z7N01017,TANKUP,ST,,,,,TANKUP ENGINEERS LIMITED,1102.0,1102.0,1100.0,1102.0,1102.0,1080.4,,1102.0,,,1500,1652500.0,6,F1,250,,,,,
2026-07-14,2026-07-14,CM,NSE,STK,13976,INE483C01032,TANLA,EQ,,,,,TANLA PLATFORMS LIMITED,569.55,570.25,546.0,549.05,547.35,569.55,,549.05,,,769641,425657790.9,23691,F1,1,,,,,
2026-07-14,2026-07-14,CM,NSE,STK,23512,INE555Z01020,TARACHAND,EQ,,,,,TARA CHAND INFRA SOLN LTD,57.0,57.0,55.3,55.97,55.55,56.01,,55.97,,,73926,4132941.58,1250,F1,1,,,,,
2026-07-14,2026-07-14,CM,NSE,STK,18827,INE747K01017,TARAPUR,EQ,,,,,TARAPUR TRANSFORMERS LTD,18.01,18.27,17.6,17.72,17.6,17.96,,17.74,,,14918,265812.49,126,F1,1,,,,,
2026-07-14,2026-07-14,CM,NSE,STK,1581,INE0EK901012,TARC,EQ,,,,,TARC LIMITED,122.8,123.85,121.0,121.62,121.55,123.72,,121.61,,,340295,41617090.06,2731,F1,1,,,,,
2026-07-14,2026-07-14,CM,NSE,STK,14771,INE924H01018,TARMAT,EQ,,,,,TARMAT LIMITED,49.0,49.39,48.05,49.23,49.3,48.98,,49.87,,,2185,106777.68,36,F1,1,,,,,
2026-07-14,2026-07-14,CM,NSE,STK,6943,INE144Z01023,TARSONS,EQ,,,,,TARSONS PRODUCTS LIMITED,314.85,320.55,307.0,308.75,308.0,315.9,,308.75,,,186677,58229347.5,5020,F1,1,,,,,
2026-07-14,2026-07-14,CM,NSE,STK,20092,INE488B01017,TASTYBITE,EQ,,,,,TASTY BITE EATABLES LTD,9044.5,9119.0,8715.5,9072.5,9068.0,8962.5,,9072.5,,,6181,55034062.0,1436,F1,1,,,,,
2026-07-14,2026-07-14,CM,NSE,STK,759265,INE976I01016,TATACAP,EQ,,,,,TATA CAPITAL LIMITED,360.8,360.8,353.55,355.9,356.0,360.95,,355.9,,,791479,281899860.3,17905,F1,1,,,,,
2026-07-14,2026-07-14,CM,NSE,STK,3405,INE092A01019,TATACHEM,EQ,,,,,TATA CHEMICALS LTD,714.35,714.45,699.0,702.25,702.5,714.4,,702.25,,,263653,185522355.8,9777,F1,1,,,,,
2026-07-14,2026-07-14,CM,NSE,STK,3721,INE151A01013,TATACOMM,EQ,,,,,TATA COMMUNICATIONS LTD,1838.9,1852.9,1831.0,1848.6,1850.0,1835.4,,1848.6,,,112339,207289540.5,11023,F1,1,,,,,
2026-07-14,2026-07-14,CM,NSE,STK,11536,INE467B01029,TCS,EQ,,,,,TATA CONSULTANCY SERV LT,2182.9,2228.0,2179.0,2200.6,2197.0,2181.5,,2200.6,,,9546290,21005660491.1,272515,F1,1,,,,,
2026-07-14,2026-07-14,CM,NSE,STK,3432,INE192A01025,TATACONSUM,EQ,,,,,TATA CONSUMER PRODUCT LTD,1089.8,1110.2,1089.8,1097.6,1096.0,1098.6,,1097.6,,,1581478,1735849517.4,49288,F1,1,,,,,
2026-07-14,2026-07-14,CM,NSE,STK,3411,INE670A01012,TATAELXSI,EQ,,,,,TATA ELXSI LIMITED,3823.6,3840.0,3681.1,3697.3,3710.0,3823.6,,3697.4,,,552431,2061157904.5,45658,F1,1,,,,,
2026-07-14,2026-07-14,CM,NSE,STK,1621,INE672A01026,TATAINVEST,EQ,,,,,TATA INVESTMENT CORP LTD,685.2,685.4,666.05,668.55,669.55,686.5,,668.55,,,228088,153515713.05,11287,F1,1,,,,,
2026-07-14,2026-07-14,CM,NSE,STK,759782,INE1TAE01010,TMCV,EQ,,,,,TATA MOTORS LIMITED,418.3,421.4,414.0,417.4,417.2,420.75,,417.4,,,8267709,3454176511.05,136889,F1,1,,,,,
2026-07-14,2026-07-14,CM,NSE,STK,3456,INE155A01022,TMPV,EQ,,,,,TATA MOTORS PASS VEH LTD,340.05,340.75,332.55,333.35,333.2,342.25,,333.35,,,8043834,2695782198.35,105350,F1,1,,,,,
2026-07-14,2026-07-14,CM,NSE,STK,3426,INE245A01021,TATAPOWER,EQ,,,,,TATA POWER CO LTD,377.85,379.0,374.55,377.7,377.5,377.85,,377.7,,,3224890,1215649728.55,44883,F1,1,,,,,
2026-07-14,2026-07-14,CM,NSE,STK,3499,INE081A01020,TATASTEEL,EQ,,,,,TATA STEEL LIMITED,186.7,190.35,186.7,188.27,188.74,187.11,,188.27,,,24096425,4545777942.27,132593,F1,1,,,,,
2026-07-14,2026-07-14,CM,NSE,STK,20293,INE142M01025,TATATECH,EQ,,,,,TATA TECHNOLOGIES LIMITED,760.8,769.7,744.15,756.55,755.3,760.8,,756.55,,,1418801,1075624227.5,42975,F1,1,,,,,
2026-07-14,2026-07-14,CM,NSE,STK,8954,INE517B01013,TTML,EQ,,,,,TATA TELESERV(MAHARASTRA),41.11,41.28,40.5,40.61,40.52,41.12,,40.61,,,976307,39777664.93,7104,F1,1,,,,,
2026-07-14,2026-07-14,CM,NSE,STK,7838,INF277K015R5,NETF,EQ,,,,,TATAAML - NETF,265.6,265.6,260.4,261.81,261.75,262.97,,261.81,,,862,226079.14,101,F1,1,,,,,
2026-07-14,2026-07-14,CM,NSE,STK,12978,INF277K010X4,NPBET,EQ,,,,,TATAAML - NPBET,292.17,292.17,287.84,290.51,291.0,292.17,,290.51,,,2146,622275.9,23,F1,1,,,,,
2026-07-14,2026-07-14,CM,NSE,STK,8882,INF277KA1364,TNIDETF,EQ,,,,,TATAAML - TNIDETF,85.6,85.69,83.63,84.49,84.55,85.18,,84.49,,,76238,6475315.5,581,F1,1,,,,,
2026-07-14,2026-07-14,CM,NSE,STK,21401,INF277KA1976,TATAGOLD,EQ,,,,,TATAAML-TATAGOLD,13.68,13.75,13.4,13.64,13.65,13.75,,13.64,,,45615222,622890120.7,58699,F1,1,,,,,
2026-07-14,2026-07-14,CM,NSE,STK,21428,INF277KA1984,TATSILV,EQ,,,,,TATAAML-TATSILV,20.9,21.34,20.87,21.13,21.17,21.08,,21.13,,,32474602,684766753.62,41023,F1,1,,,,,
2026-07-14,2026-07-14,CM,NSE,STK,5162,INE0GK401011,TATVA,EQ,,,,,TATVA CHIN PHARM CHEM LTD,1391.5,1426.2,1370.2,1412.1,1411.0,1391.4,,1412.2,,,101524,142560015.0,8961,F1,1,,,,,
2026-07-14,2026-07-14,CM,NSE,STK,759756,INE0XWS01018,TAURIAN,SM,,,,,TAURIAN MPS LIMITED,355.5,359.0,352.5,354.7,352.5,360.25,,354.7,,,13600,4838240.0,17,F1,800,,,,,
2026-07-14,2026-07-14,CM,NSE,STK,11748,INE053F07819,725IRFC35,NH,,,,,TAX FREE  7.25% SR. 104,1189.01,1189.01,1189.01,1189.01,1189.01,1416.0,,1189.01,,,4,4756.04,1,F1,1,,,,,
2026-07-14,2026-07-14,CM,NSE,STK,11754,INE053F07835,753IRFC30,NJ,,,,,TAX FREE  7.53% SR. 103 A,1133.49,1133.49,1130.0,1130.31,1130.0,1132.66,,1130.31,,,11,12433.49,3,F1,1,,,,,
2026-07-14,2026-07-14,CM,NSE,STK,15168,INE053F07900,764IRFC31,NO,,,,,TAX FREE  7.64% SR. 108A,1137.01,1137.01,1137.01,1137.01,1137.01,1137.01,,1137.01,,,50,56850.5,1,F1,1,,,,,
2026-07-14,2026-07-14,CM,NSE,STK,14529,INE906B07EP5,769NHAI31,NE,,,,,TAX FREE 7.69% SR. IIB,1144.99,1144.99,1144.99,1144.99,1144.99,1145.0,,1144.99,,,1,1144.99,1,F1,1,,,,,
2026-07-14,2026-07-14,CM,NSE,STK,12003,INE906B07EJ8,76NHAI31,,,,,,TAX FREE7.60% SR.IIB,1105.0,1105.0,1105.0,1105.0,1105.0,1101.8,,1105.0,,,100,110500.0,1,F1,1,,,,,
2026-07-14,2026-07-14,CM,NSE,STK,24019,INE0N2D01013,TBI,SM,,,,,TBI CORN LIMITED,62.65,63.35,61.75,62.6,63.0,61.55,,62.6,,,16800,1052730.0,28,F1,600,,,,,
2026-07-14,2026-07-14,CM,NSE,STK,23740,INE673O01025,TBOTEK,EQ,,,,,TBO TEK LIMITED,1498.4,1498.4,1435.6,1443.5,1445.0,1504.1,,1443.5,,,107142,155898731.0,9763,F1,1,,,,,
2026-07-14,2026-07-14,CM,NSE,STK,761814,INE887D01016,TCC,EQ,,,,,TCC CONCEPT LIMITED,335.0,335.0,315.1,316.75,315.4,335.9,,317.05,,,18327,5924223.7,1268,F1,1,,,,,
2026-07-14,2026-07-14,CM,NSE,STK,19223,INE586V01016,TCIEXP,EQ,,,,,TCI EXPRESS LIMITED,560.0,569.9,550.05,554.7,552.0,565.85,,554.75,,,62270,34929545.5,2736,F1,1,,,,,
2026-07-14,2026-07-14,CM,NSE,STK,8722,INE911B01018,TCIFINANCE,BE,,,,,TCIFINANCELTD-ROLL SETT,16.0,16.0,15.2,15.85,15.94,15.92,,15.85,,,30888,480190.08,151,F1,1,,,,,
2026-07-14,2026-07-14,CM,NSE,STK,184,INE822C01015,TCPLPACK,EQ,,,,,TCPL PACKAGING LIMITED,2979.5,3250.0,2940.1,3216.9,3249.0,3006.6,,3215.9,,,41594,130834611.3,3927,F1,1,,,,,
2026-07-14,2026-07-14,CM,NSE,STK,25178,INE419M01027,TDPOWERSYS,EQ,,,,,TD POWER SYSTEMS LTD.,1145.0,1147.0,1121.6,1125.0,1129.0,1152.2,,1125.0,,,527762,595692623.4,30868,F1,1,,,,,
2026-07-14,2026-07-14,CM,NSE,STK,10717,INE289C01025,TEAMGTY,EQ,,,,,TEAM INDIA GUARANTY LTD,236.9,236.9,213.1,220.93,223.5,231.19,,221.82,,,2434,541964.37,193,F1,1,,,,,
2026-07-14,2026-07-14,CM,NSE,STK,12716,INE985S01024,TEAMLEASE,EQ,,,,,TEAMLEASE SERVICES LTD.,1394.0,1444.0,1382.2,1397.8,1390.0,1394.0,,1397.8,,,45556,64159053.6,4180,F1,1,,,,,
2026-07-14,2026-07-14,CM,NSE,STK,16996,INE065J01024,TPHQ,EQ,,,,,TEAMO PRODUCTIONS HQ LTD,0.45,0.46,0.44,0.44,0.45,0.45,,0.44,,,766665,343454.12,301,F1,1,,,,,
2026-07-14,2026-07-14,CM,NSE,STK,763568,INE2OL601013,TEAMTECH,SM,,,,,TEAMTECH FORMWORK SOL LTD,118.55,120.15,116.05,117.55,116.55,118.5,,117.55,,,64000,7592600.0,30,F1,2000,,,,,
2026-07-14,2026-07-14,CM,NSE,STK,13538,INE669C01036,TECHM,EQ,,,,,TECH MAHINDRA LIMITED,1509.0,1519.9,1480.0,1484.3,1484.4,1504.5,,1484.3,,,2011058,3015391012.8,90865,F1,1,,,,,
2026-07-14,2026-07-14,CM,NSE,STK,759141,INE0Y5H01014,TECHD,ST,,,,,TECHD CYBERSECURITY LTD,602.15,602.15,596.05,602.15,602.15,573.5,,602.15,,,45900,27622980.0,87,F1,300,,,,,
2026-07-14,2026-07-14,CM,NSE,STK,25652,INE0JQS01019,TECHERA,SM,,,,,TECHERA ENGINEER (IND) L,152.4,161.9,152.4,159.3,160.0,154.7,,159.3,,,53600,8406560.0,63,F1,800,,,,,
2026-07-14,2026-07-14,CM,NSE,STK,6445,INE285K01026,TECHNOE,EQ,,,,,TECHNO ELEC & ENG CO. LTD,1036.8,1051.0,1035.0,1039.8,1040.0,1057.8,,1039.8,,,106763,111217961.6,5874,F1,1,,,,,
2026-07-14,2026-07-14,CM,NSE,STK,14223,INE545H01011,TIIL,EQ,,,,,TECHNOCRAFT IND LTD,2441.1,2499.0,2436.7,2467.0,2489.0,2465.4,,2466.5,,,2661,6535258.1,789,F1,1,,,,,
2026-07-14,2026-07-14,CM,NSE,STK,762939,INE314H01012,TECHNVISN,EQ,,,,,TECHNVISION VENTURES LTD.,3507.5,3531.7,3400.0,3449.3,3450.0,3479.8,,3449.6,,,478,1656283.4,163,F1,1,,,,,
2026-07-14,2026-07-14,CM,NSE,STK,3453,INE014B01011,TECILCHEM,EQ,,,,,TECIL CHEMICALS,9.36,9.9,8.8,9.3,9.3,9.36,,9.3,,,6451,59659.92,51,F1,1,,,,,
2026-07-14,2026-07-14,CM,NSE,STK,23526,INE0K6601012,TGL,SM,,,,,TEERTH GOPICON LIMITED,22.6,22.6,22.6,22.6,22.6,21.55,,22.6,,,18600,420360.0,29,F1,200,,,,,
2026-07-14,2026-07-14,CM,NSE,STK,7105,INE011K01018,TEGA,EQ,,,,,TEGA INDUSTRIES LIMITED,1705.0,1707.0,1662.0,1668.5,1662.0,1707.9,,1668.5,,,40205,67867550.5,4300,F1,1,,,,,
2026-07-14,2026-07-14,CM,NSE,STK,763828,INE0R1301019,TEJA,ST,,,,,TEJA ENGINEERING IND L,550.55,550.55,540.0,545.75,542.0,524.35,,545.75,,,15000,8244750.0,24,F1,600,,,,,
2026-07-14,2026-07-14,CM,NSE,STK,21131,INE010J01012,TEJASNET,EQ,,,,,TEJAS NETWORKS LIMITED,553.0,554.5,541.5,543.25,542.9,556.25,,543.25,,,922527,503321626.95,21379,F1,1,,,,,
2026-07-14,2026-07-14,CM,NSE,STK,3275,INE869Y01010,TEMBO,EQ,,,,,TEMBO GLOBAL IND LTD,552.5,562.2,545.05,546.9,547.0,552.95,,546.9,,,85210,46836906.65,2376,F1,1,,,,,
2026-07-14,2026-07-14,CM,NSE,STK,759880,INE19RI01016,TENNIND,EQ,,,,,TENNECO CLEAN AIR INDIA L,583.25,584.0,566.85,569.15,569.85,584.1,,569.15,,,335866,191996446.85,18720,F1,1,,,,,
2026-07-14,2026-07-14,CM,NSE,STK,19292,INE482B01010,TERASOFT,EQ,,,,,TERA SOFTWARE LIMITED,397.95,406.6,395.5,398.15,398.0,397.75,,398.05,,,12870,5144757.1,551,F1,1,,,,,
2026-07-14,2026-07-14,CM,NSE,STK,11549,INE435C01024,TEXINFRA,EQ,,,,,TEXMACO INFRA & HOLDG LTD,113.01,115.76,113.01,114.11,114.0,114.0,,114.11,,,81626,9340491.84,1143,F1,1,,,,,
2026-07-14,2026-07-14,CM,NSE,STK,21828,INE621L01012,TEXRAIL,EQ,,,,,TEXMACO RAIL & ENG. LTD.,116.9,116.9,114.55,115.04,115.0,117.19,,115.04,,,1165039,134456982.71,9034,F1,1,,,,,
2026-07-14,2026-07-14,CM,NSE,STK,18214,INE141K01013,TEXMOPIPES,EQ,,,,,TEXMO PIPE & PRODUCTS LTD,45.9,45.9,43.5,43.57,43.5,44.07,,43.57,,,22687,1007756.89,776,F1,1,,,,,
2026-07-14,2026-07-14,CM,NSE,STK,14607,INE797H01018,TGBHOTELS,EQ,,,,,TGB BANQUETS&HOTELS LTD,8.73,8.95,8.55,8.79,8.87,8.72,,8.78,,,7081,61438.18,94,F1,1,,,,,
2026-07-14,2026-07-14,CM,NSE,STK,22777,INE0QJL01014,TCL,SM,,,,,THAAI CASTING LIMITED,115.55,115.55,112.5,113.3,113.3,115.75,,113.3,,,20000,2288720.0,13,F1,800,,,,,
2026-07-14,2026-07-14,CM,NSE,STK,762947,INE077P01034,THACKER,BE,,,,,THACKER & CO. LTD.,1045.0,1045.0,1030.0,1030.0,1030.0,1034.0,,1045.0,,,13,13458.8,6,F1,1,,,,,
2026-07-14,2026-07-14,CM,NSE,STK,762949,INE403F01017,THAKDEV,EQ,,,,,THAKKERS DEVELOPERS LTD.,132.0,133.6,131.35,133.6,133.6,127.28,,133.6,,,344,45612.25,10,F1,1,,,,,
2026-07-14,2026-07-14,CM,NSE,STK,18118,INE085J01014,THANGAMAYL,EQ,,,,,THANGAMAYIL JEWELLERY LTD,6220.0,6555.0,6180.5,6459.0,6420.0,6233.0,,6458.5,,,314025,2007977721.5,49222,F1,1,,,,,
2026-07-14,2026-07-14,CM,NSE,STK,9014,INE294Z01018,ANUP,EQ,,,,,THE ANUP ENGINEERING LTD,2189.0,2211.3,2124.0,2175.8,2193.0,2178.9,,2175.7,,,31747,68835878.5,7133,F1,1,,,,,
2026-07-14,2026-07-14,CM,NSE,STK,7930,INE319B01014,BYKE,BE,,,,,THE BYKE HOSPITALITY LTD,33.05,33.43,32.72,33.19,33.1,33.66,,33.25,,,18606,612919.45,50,F1,1,,,,,
2026-07-14,2026-07-14,CM,NSE,STK,13776,INE017A01032,GESHIP,EQ,,,,,THE GE SHPG.LTD,1408.9,1459.0,1404.4,1418.8,1418.0,1402.0,,1418.8,,,561382,801374157.7,38418,F1,1,,,,,
2026-07-14,2026-07-14,CM,NSE,STK,17770,INE646C01018,GROBTEA,EQ,,,,,THE GROB TEA COMPANY LTD,910.0,910.0,885.3,909.35,910.0,911.2,,909.35,,,94,85081.1,21,F1,1,,,,,
2026-07-14,2026-07-14,CM,NSE,STK,8568,INE127B01011,HITECHGEAR,BE,,,,,THE HI-TECH GEARS LIMITED,640.85,645.5,631.0,631.3,631.0,640.85,,631.3,,,4352,2781000.5,92,F1,1,,,,,
2026-07-14,2026-07-14,CM,NSE,STK,1515,INE383A01012,INDIACEM,EQ,,,,,THE INDIA CEMENTS LIMITED,381.65,381.65,374.1,376.95,376.7,381.65,,376.95,,,76576,28870842.0,3935,F1,1,,,,,
2026-07-14,2026-07-14,CM,NSE,STK,1512,INE053A01029,INDHOTEL,EQ,,,,,THE INDIAN HOTELS CO. LTD,736.8,737.0,726.35,733.3,734.0,738.55,,733.3,,,1604337,1176830286.4,33113,F1,1,,,,,
2026-07-14,2026-07-14,CM,NSE,STK,21427,INE924D01017,THEINVEST,EQ,,,,,THE INVEST TRUST OF IND L,97.2,97.89,95.0,95.39,95.01,98.18,,95.38,,,4166,401754.05,230,F1,1,,,,,
2026-07-14,2026-07-14,CM,NSE,STK,399,INE470Y01017,NIACL,EQ,,,,,THE NEW INDIA ASSU CO LTD,181.83,182.5,176.5,177.24,176.97,181.82,,177.25,,,772219,137760942.77,11854,F1,1,,,,,
2026-07-14,2026-07-14,CM,NSE,STK,10321,INE431F01018,PKTEA,EQ,,,,,THE P K TEA PROD CO LTD,713.1,722.0,713.1,718.85,718.0,729.0,,718.85,,,47,33852.45,19,F1,1,,,,,
2026-07-14,2026-07-14,CM,NSE,STK,14552,INE211B01039,PHOENIXLTD,EQ,,,,,THE PHOENIX MILLS LTD,2143.0,2169.8,2118.0,2132.5,2120.1,2154.0,,2132.5,,,982204,2099739158.0,68499,F1,1,,,,,
2026-07-14,2026-07-14,CM,NSE,STK,2043,INE331A01037,RAMCOCEM,EQ,,,,,THE RAMCO CEMENTS LIMITED,938.2,939.8,923.0,928.45,923.0,938.2,,928.4,,,36574,33999167.75,3570,F1,1,,,,,
2026-07-14,2026-07-14,CM,NSE,STK,10123,INE301D01026,RUBYMILLS,BE,,,,,THE RUBY MILLS LTD,384.0,387.0,365.2,382.95,382.0,381.1,,382.8,,,43847,16637377.1,354,F1,1,,,,,
2026-07-14,2026-07-14,CM,NSE,STK,5948,INE683A01023,SOUTHBANK,EQ,,,,,THE SOUTH INDIAN BANK LTD,45.8,46.22,45.2,45.33,45.3,45.88,,45.33,,,11111427,506617285.11,28179,F1,1,,,,,
2026-07-14,2026-07-14,CM,NSE,STK,10948,INE655A01013,STCINDIA,EQ,,,,,THE STATE TRADING CORPN,122.9,123.15,120.5,121.16,120.74,123.0,,121.16,,,23030,2805157.59,651,F1,1,,,,,
2026-07-14,2026-07-14,CM,NSE,STK,19578,INE071E01023,UGARSUGAR,EQ,,,,,THE UGAR SUGAR WORKS LTD,40.36,40.88,39.31,39.71,39.83,40.31,,39.73,,,81001,3231814.07,1236,F1,1,,,,,
2026-07-14,2026-07-14,CM,NSE,STK,20481,INE215F01023,WIPL,EQ,,,,,THE WESTERN INDIA PLY LTD,168.0,174.55,165.0,172.71,174.0,172.97,,172.71,,,7271,1220676.63,109,F1,1,,,,,
2026-07-14,2026-07-14,CM,NSE,STK,19279,INE121N01019,THEJO,EQ,,,,,THEJO ENGINEERING LIMITED,1877.8,1890.9,1861.0,1869.5,1883.0,1885.6,,1869.5,,,3271,6115177.4,379,F1,1,,,,,
2026-07-14,2026-07-14,CM,NSE,STK,14485,INE083B01024,THEMISMED,EQ,,,,,THEMIS MEDICARE LTD.,116.38,121.0,113.61,116.88,117.0,116.17,,116.87,,,163138,19182166.76,4752,F1,1,,,,,
2026-07-14,2026-07-14,CM,NSE,STK,3475,INE152A01029,THERMAX,EQ,,,,,THERMAX LTD,4638.5,4653.0,4358.5,4379.5,4380.5,4663.5,,4379.5,,,449617,1987515999.5,51623,F1,1,,,,,
2026-07-14,2026-07-14,CM,NSE,STK,25651,INE0SHE01019,THESL,ST,,,,,THINKING HATS ENTER SOL L,17.3,17.3,17.3,17.3,17.3,16.5,,17.3,,,36000,622800.0,8,F1,3000,,,,,
2026-07-14,2026-07-14,CM,NSE,STK,3496,INE338A01024,TIRUMALCHM,EQ,,,,,THIRUMALAI CHEMICALS LTD,164.1,169.63,162.0,162.93,163.0,164.39,,162.93,,,472196,77269694.39,4424,F1,1,,,,,
2026-07-14,2026-07-14,CM,NSE,STK,3481,INE332A01027,THOMASCOOK,EQ,,,,,THOMAS COOK (INDIA) LTD,104.4,104.55,101.74,102.41,102.79,104.43,,102.41,,,704647,72499223.41,3770,F1,1,,,,,
2026-07-14,2026-07-14,CM,NSE,STK,31017,INE480M01011,THOMASCOTT,EQ,,,,,THOMAS SCOTT (INDIA) LTD,336.45,336.45,318.5,320.85,322.4,334.8,,321.05,,,22594,7332623.9,1218,F1,1,,,,,
2026-07-14,2026-07-14,CM,NSE,STK,17032,INE594H01019,THYROCARE,EQ,,,,,THYROCARE TECH LTD,506.05,544.4,506.05,540.45,538.0,510.15,,540.5,,,750928,400455653.45,27100,F1,1,,,,,
2026-07-14,2026-07-14,CM,NSE,STK,759179,INE906O01029,TIGERLOGS,BE,,,,,TIGER LOGISTICS (INDIA) L,32.51,33.9,32.51,32.72,32.72,33.0,,32.73,,,10165,336067.85,81,F1,1,,,,,
2026-07-14,2026-07-14,CM,NSE,STK,25482,INE440L01017,TIJARIA,EQ,,,,,TIJARIA POLYPIPES LTD,4.48,4.53,4.11,4.23,4.24,4.37,,4.24,,,39413,170768.79,126,F1,1,,,,,
2026-07-14,2026-07-14,CM,NSE,STK,3484,INE806C01018,TIL,EQ,,,,,TIL LTD,215.0,217.05,208.2,209.28,209.4,214.93,,209.28,,,119620,25369727.35,2542,F1,1,,,,,
2026-07-14,2026-07-14,CM,NSE,STK,19196,INE133E01013,TI,EQ,,,,,TILAKNAGAR INDUSTRIES LTD,450.0,453.45,443.65,445.65,446.5,450.95,,445.7,,,163084,73115184.1,7451,F1,1,,,,,
2026-07-14,2026-07-14,CM,NSE,STK,14707,INE508G01029,TIMETECHNO,EQ,,,,,TIME TECHNOPLAST LTD.,185.99,189.0,180.6,181.11,181.0,187.1,,181.12,,,2830333,524412077.22,22313,F1,1,,,,,
2026-07-14,2026-07-14,CM,NSE,STK,7800,INE0IJY01014,TIMESCAN,SM,,,,,TIMESCAN LOGISTICS IND L,44.55,44.55,44.55,44.55,44.55,42.45,,44.55,,,2000,89100.0,1,F1,2000,,,,,
2026-07-14,2026-07-14,CM,NSE,STK,762954,INE064A01026,TIMEX,EQ,,,,,TIMEX GROUP INDIA LTD.,574.0,574.0,540.9,547.4,547.0,576.75,,547.35,,,370421,205038369.6,19234,F1,1,,,,,
2026-07-14,2026-07-14,CM,NSE,STK,14198,INE325A01013,TIMKEN,EQ,,,,,TIMKEN INDIA LTD.,3193.4,3200.0,3140.0,3144.8,3147.5,3175.4,,3144.7,,,58475,184760910.0,15679,F1,1,,,,,
2026-07-14,2026-07-14,CM,NSE,STK,756020,INE015C01016,TINNARUBR,EQ,,,,,TINNA RUBBER AND INFR LTD,999.0,1018.0,972.5,981.2,996.0,996.2,,981.2,,,62127,61279170.85,4497,F1,1,,,,,
2026-07-14,2026-07-14,CM,NSE,STK,11374,INE0LQS01015,TIPSFILMS,EQ,,,,,TIPS FILMS LIMITED,329.95,332.95,322.4,325.65,325.55,329.95,,325.6,,,2400,790183.55,115,F1,1,,,,,
2026-07-14,2026-07-14,CM,NSE,STK,9117,INE716B01029,TIPSMUSIC,EQ,,,,,TIPS MUSIC LIMITED,716.0,724.75,699.0,703.8,704.6,713.75,,703.85,,,149425,105802139.55,8782,F1,1,,,,,
2026-07-14,2026-07-14,CM,NSE,STK,22282,INE319Y01024,TIRUPATIFL,EQ,,,,,TIRUPATI FORGE LIMITED,68.5,70.79,68.0,68.39,69.3,69.07,,68.39,,,524283,36387651.66,3351,F1,1,,,,,
2026-07-14,2026-07-14,CM,NSE,STK,15414,INE615H01020,TITAGARH,EQ,,,,,TITAGARH RAIL SYSTEMS LTD,852.0,868.4,834.55,858.7,856.0,849.3,,858.65,,,684248,583620817.75,32742,F1,1,,,,,
2026-07-14,2026-07-14,CM,NSE,STK,3506,INE280A01028,TITAN,EQ,,,,,TITAN COMPANY LIMITED,4579.8,4600.0,4554.0,4573.7,4571.6,4601.5,,4573.7,,,631158,2888732876.1,57274,F1,1,,,,,
2026-07-14,2026-07-14,CM,NSE,STK,9710,INE932C01012,TOKYOPLAST,BE,,,,,TOKYO PLAST  INTL LTD.,84.0,88.26,84.0,85.0,85.0,84.06,,85.0,,,1062,92056.36,17,F1,1,,,,,
2026-07-14,2026-07-14,CM,NSE,STK,25262,INE0RWQ01014,TOLINS,EQ,,,,,TOLINS TYRES LIMITED,104.0,105.14,102.16,103.33,103.02,104.04,,103.31,,,38273,3947712.49,936,F1,1,,,,,
2026-07-14,2026-07-14,CM,NSE,STK,3518,INE685A01028,TORNTPHARM,EQ,,,,,TORRENT PHARMACEUTICALS L,4940.0,5010.0,4916.4,4973.5,4974.0,4951.1,,4973.5,,,794164,3957455838.8,66586,F1,1,,,,,
2026-07-14,2026-07-14,CM,NSE,STK,13786,INE813H01021,TORNTPOWER,EQ,,,,,TORRENT POWER LTD,1450.0,1474.0,1435.0,1465.3,1465.0,1441.9,,1465.3,,,384797,562120639.4,24901,F1,1,,,,,
2026-07-14,2026-07-14,CM,NSE,STK,22423,INE336X01012,TOTAL,EQ,,,,,TOTAL TRANSPORT SYS LTD,54.0,54.89,53.0,53.01,53.0,54.0,,53.01,,,542,28855.03,33,F1,1,,,,,
2026-07-14,2026-07-14,CM,NSE,STK,16908,INE486Y01013,TOUCHWOOD,EQ,,,,,TOUCHWOOD ENTERTAIN LTD.,70.39,71.65,67.8,68.41,67.81,70.32,,68.41,,,874,60368.98,73,F1,1,,,,,
2026-07-14,2026-07-14,CM,NSE,STK,3466,INE305A01023,TFCILTD,EQ,,,,,TOURISM FINANCE CORP. OF,80.48,83.13,78.51,80.53,80.4,80.81,,80.53,,,11591061,936275960.08,22835,F1,1,,,,,
2026-07-14,2026-07-14,CM,NSE,STK,9219,INE413G01022,TPLPLASTEH,EQ,,,,,TPL PLASTECH LIMITED,82.73,83.69,80.0,80.5,80.0,82.73,,80.49,,,126986,10370107.83,2787,F1,1,,,,,
2026-07-14,2026-07-14,CM,NSE,STK,11582,INE0HMF01019,TRACXN,EQ,,,,,TRACXN TECHNOLOGIES LTD,30.45,30.56,29.62,29.76,29.7,30.45,,29.76,,,84132,2524286.49,891,F1,1,,,,,
2026-07-14,2026-07-14,CM,NSE,STK,15174,INE763I01026,TARIL,EQ,,,,,TRANS & RECTI. LTD,347.0,348.05,335.8,337.0,336.9,347.3,,337.0,,,1482824,503578551.55,24085,F1,1,,,,,
2026-07-14,2026-07-14,CM,NSE,STK,17795,INE0O3901029,TREL,EQ,,,,,TRANSINDIA REAL ESTATE L,25.54,25.99,25.19,25.26,25.3,25.5,,25.26,,,37419,951633.11,441,F1,1,,,,,
2026-07-14,2026-07-14,CM,NSE,STK,3531,INE687A01016,TRANSPEK,EQ,,,,,TRANSPEK INDUSTRY LTD,980.9,986.7,952.3,967.45,975.3,973.2,,967.25,,,5130,4992691.45,591,F1,1,,,,,
2026-07-14,2026-07-14,CM,NSE,STK,10580,INE688A01022,TCI,EQ,,,,,TRANSPORT CORPN OF INDIA,941.9,941.9,917.0,925.8,920.2,934.4,,925.75,,,57162,53205609.0,3023,F1,1,,,,,
2026-07-14,2026-07-14,CM,NSE,STK,28714,INE454P01035,TRANSRAILL,EQ,,,,,TRANSRAIL LIGHTING LTD,500.0,503.65,497.1,498.6,500.1,506.4,,498.65,,,282496,141108140.5,9373,F1,1,,,,,
2026-07-14,2026-07-14,CM,NSE,STK,19801,INE0NVI01020,TRANSTEEL,SM,,,,,TRANSTEEL SEATING TECH L,114.2,119.7,114.2,119.0,119.0,114.05,,119.0,,,33000,3846750.0,31,F1,1000,,,,,
2026-07-14,2026-07-14,CM,NSE,STK,14319,INE804H01012,TFL,EQ,,,,,TRANSWARRANTY FIN. LTD.,11.35,11.67,10.55,11.17,11.34,11.35,,11.17,,,21159,231963.48,120,F1,1,,,,,
2026-07-14,2026-07-14,CM,NSE,STK,8619,INE757B01015,TRANSWORLD,BE,,,,,TRANSWORLD SHIP LINES LTD,161.9,161.9,156.0,157.04,157.04,159.01,,157.04,,,2501,396589.37,49,F1,1,,,,,
2026-07-14,2026-07-14,CM,NSE,STK,757545,INE103V01028,TRAVELFOOD,EQ,,,,,TRAVEL FOOD SERVICES LTD,1335.0,1335.0,1293.0,1319.9,1320.0,1337.8,,1319.7,,,32796,42975173.9,3224,F1,1,,,,,
2026-07-14,2026-07-14,CM,NSE,STK,25082,INE040M01013,TREEHOUSE,EQ,,,,,TREE HOUSE EDU LTD,6.7,6.7,6.4,6.46,6.46,6.47,,6.46,,,21903,144676.26,86,F1,1,,,,,
2026-07-14,2026-07-14,CM,NSE,STK,7518,INE00CA01015,TREJHARA,EQ,,,,,TREJHARA SOLUTIONS LTD,142.1,142.5,133.83,135.34,137.85,141.24,,135.39,,,7918,1091504.9,295,F1,1,,,,,
2026-07-14,2026-07-14,CM,NSE,STK,1964,INE849A01020,TRENT,EQ,,,,,TRENT LTD,2900.0,2900.0,2855.2,2869.1,2866.3,2900.1,,2869.1,,,784332,2251636427.6,65278,F1,1,,,,,
2026-07-14,2026-07-14,CM,NSE,STK,17987,INE391D01019,TRF,EQ,,,,,TRF LIMITED,241.0,276.3,236.0,252.43,253.0,240.63,,252.51,,,186458,47920487.35,5284,F1,1,,,,,
2026-07-14,2026-07-14,CM,NSE,STK,27037,INE760L01018,TBZ,EQ,,,,,TRIB BHIMJI ZAVERI LTD,225.11,264.95,222.85,259.97,261.0,225.11,,259.99,,,17278323,4374362101.59,195595,F1,1,,,,,
2026-07-14,2026-07-14,CM,NSE,STK,9685,INE064C01022,TRIDENT,EQ,,,,,TRIDENT LIMITED,25.7,25.74,25.21,25.28,25.25,25.74,,25.28,,,3278339,83287431.86,12249,F1,1,,,,,
2026-07-14,2026-07-14,CM,NSE,STK,21093,INE0QD201012,TECHLABS,ST,,,,,TRIDENT TECHLABS LIMITED,161.1,161.1,146.5,154.55,153.95,153.45,,154.55,,,117625,18369843.75,352,F1,125,,,,,
2026-07-14,2026-07-14,CM,NSE,STK,17215,INE0LWY01029,TRIDHYA,ST,,,,,TRIDHYA TECH LIMITED,10.15,10.5,10.15,10.5,10.5,10.15,,10.5,,,6000,61950.0,2,F1,3000,,,,,
2026-07-14,2026-07-14,CM,NSE,STK,5428,INE948A01012,TRIGYN,EQ,,,,,TRIGYN TECHNOLOGIES LTD,59.95,60.89,56.5,56.95,56.51,58.89,,56.95,,,67448,3984515.22,1342,F1,1,,,,,
2026-07-14,2026-07-14,CM,NSE,STK,13081,INE256C01024,TRIVENI,EQ,,,,,TRIVENI ENGG. & INDS. LTD,477.9,490.1,471.5,472.25,471.55,477.15,,472.25,,,864740,412904107.2,26083,F1,1,,,,,
2026-07-14,2026-07-14,CM,NSE,STK,25584,INE152M01016,TRITURBINE,EQ,,,,,TRIVENI TURBINE LIMITED,616.65,616.65,597.2,607.65,607.95,616.7,,607.65,,,705061,426885683.3,26413,F1,1,,,,,
2026-07-14,2026-07-14,CM,NSE,STK,24645,INE0SYV01018,TROM,ST,,,,,TROM INDUSTRIES LIMITED,60.5,61.0,60.5,60.5,60.5,63.65,,60.5,,,7200,435900.0,12,F1,600,,,,,
2026-07-14,2026-07-14,CM,NSE,STK,759210,INE0MWH01014,TRUALT,EQ,,,,,TRUALT BIOENERGY LIMITED,432.0,443.7,421.95,425.65,425.25,435.45,,425.65,,,223187,95866206.8,8702,F1,1,,,,,
2026-07-14,2026-07-14,CM,NSE,STK,9378,INE615R01029,TRU,EQ,,,,,TRUCAP FINANCE LIMITED,5.2,5.28,5.14,5.15,5.2,5.2,,5.15,,,71563,371413.57,164,F1,1,,,,,
2026-07-14,2026-07-14,CM,NSE,STK,23417,INE0SWN01019,TRUST,SM,,,,,TRUST FINTECH LIMITED,30.3,30.3,28.05,28.5,28.5,29.4,,28.5,,,6000,173070.0,9,F1,600,,,,,
2026-07-14,2026-07-14,CM,NSE,STK,757858,INE16VK01010,TSC,SM,,,,,TSC INDIA LIMITED,27.2,27.2,27.2,27.2,27.2,28.2,,27.2,,,2000,54400.0,1,F1,2000,,,,,
2026-07-14,2026-07-14,CM,NSE,STK,2183,INE202Z01029,TSFINV,EQ,,,,,TSF INVESTMENTS LIMITED,480.0,493.45,474.0,475.05,474.45,480.75,,475.05,,,50810,24189393.7,2782,F1,1,,,,,
2026-07-14,2026-07-14,CM,NSE,STK,27408,INE1C3207073,935TSI29,N0,,,,,TSI 9.35% 29 SR I-C,101444.25,101444.25,101444.25,101444.25,101444.25,102781.92,,101444.25,,,1,101444.25,1,F1,1,,,,,
2026-07-14,2026-07-14,CM,NSE,STK,27421,INE1C3207081,935TSIIC28,N0,,,,,TSIIC 9.35% 2028 SR I- B,102198.33,102198.33,101776.05,102198.33,102198.33,102300.0,,102198.33,,,18,1839147.66,8,F1,1,,,,,
2026-07-14,2026-07-14,CM,NSE,STK,11369,INE910C01018,TTKHLTCARE,EQ,,,,,TTK HEALTHCARE LIMITED,1012.0,1040.0,965.0,989.0,990.0,993.3,,988.95,,,39037,39098578.05,2336,F1,1,,,,,
2026-07-14,2026-07-14,CM,NSE,STK,3546,INE690A01028,TTKPRESTIG,EQ,,,,,TTK PRESTIGE LTD,668.0,673.65,658.05,664.7,667.4,665.65,,664.75,,,69429,46260904.9,5897,F1,1,,,,,
2026-07-14,2026-07-14,CM,NSE,STK,312,INE974X01010,TIINDIA,EQ,,,,,TUBE INVEST OF INDIA LTD,2910.9,2929.0,2821.6,2916.1,2923.5,2921.1,,2915.5,,,211161,607486205.1,26109,F1,1,,,,,
2026-07-14,2026-07-14,CM,NSE,STK,24520,INE0OXV01027,TUNWAL,SM,,,,,TUNWAL E-MOTORS LIMITED,26.05,27.0,25.85,25.85,25.85,25.9,,25.85,,,142000,3708400.0,49,F1,2000,,,,,
2026-07-14,2026-07-14,CM,NSE,STK,756090,INE0OC301013,TURTLEMINT,EQ,,,,,TURTLEMINT FINTECH SOLS L,136.0,140.9,135.52,136.91,136.65,136.18,,136.92,,,798316,110143625.48,18239,F1,1,,,,,
2026-07-14,2026-07-14,CM,NSE,STK,11275,INE038F01029,TVTODAY,EQ,,,,,TV TODAY NETWORK LTD,121.67,123.5,119.1,119.99,119.1,121.24,,119.99,,,22651,2754743.49,585,F1,1,,,,,
2026-07-14,2026-07-14,CM,NSE,STK,18504,INE871L01013,TVVISION,EQ,,,,,TV VISION LIMITED,5.09,5.09,4.93,5.04,5.04,4.93,,5.04,,,5089,25463.9,27,F1,1,,,,,
2026-07-14,2026-07-14,CM,NSE,STK,11265,INE236G01019,TVSELECT,EQ,,,,,TVS ELECTRONICS LTD,511.0,538.3,506.05,515.0,513.0,513.8,,515.0,,,261569,136886866.75,11592,F1,1,,,,,
2026-07-14,2026-07-14,CM,NSE,STK,29008,INE105A01035,TVSHLTD,EQ,,,,,TVS HOLDINGS LIMITED,14040.0,14203.0,14001.0,14060.0,14048.0,14210.0,,14057.0,,,1792,25190914.0,756,F1,1,,,,,
2026-07-14,2026-07-14,CM,NSE,STK,758598,INE1JNC23012,TVSINVIT,IV,,,,,TVS INFRASTRUCTURE TRUST,116.95,116.95,116.95,116.95,116.95,116.95,,116.95,,,200000,23390000.0,1,F1,25000,,,,,
2026-07-14,2026-07-14,CM,NSE,STK,8479,INE494B01023,TVSMOTOR,EQ,,,,,TVS MOTOR COMPANY  LTD,3640.0,3655.0,3589.7,3608.4,3607.7,3676.9,,3608.4,,,636848,2296268485.6,44385,F1,1,,,,,
2026-07-14,2026-07-14,CM,NSE,STK,761141,INE494B04019,TVSMNCRPS,P1,,,,,TVS MOTOR COMPANY LIMITED,10.35,10.45,10.35,10.4,10.4,10.4,,10.4,,,101178,1050197.85,213,F1,1,,,,,
2026-07-14,2026-07-14,CM,NSE,STK,14245,INE421C01016,TVSSRICHAK,EQ,,,,,TVS SRICHAKRA LIMITED,4159.7,4167.8,4080.0,4136.1,4145.0,4159.7,,4138.6,,,1873,7717284.4,615,F1,1,,,,,
2026-07-14,2026-07-14,CM,NSE,STK,18151,INE395N01027,TVSSCS,EQ,,,,,TVS SUPPLY CHAIN SOL L,138.05,140.5,137.63,139.48,139.0,138.03,,139.49,,,460299,63978739.63,6176,F1,1,,,,,
2026-07-14,2026-07-14,CM,NSE,STK,19501,INE388G01026,TICL,EQ,,,,,TWAMEV CONS AND INFRA LTD,12.75,12.91,11.69,11.82,11.69,12.3,,11.83,,,1058095,13219147.47,1467,F1,1,,,,,
2026-07-14,2026-07-14,CM,NSE,STK,25626,INE152C01025,UYFINCORP,EQ,,,,,U. Y. FINCORP LIMITED,16.9,16.9,15.62,16.43,16.51,16.7,,16.43,,,432593,7104435.54,517,F1,1,,,,,
2026-07-14,2026-07-14,CM,NSE,STK,3570,INE139B01016,UCAL,EQ,,,,,UCAL LIMITED,119.54,122.64,117.1,117.99,118.0,119.54,,117.98,,,7092,844696.51,280,F1,1,,,,,
2026-07-14,2026-07-14,CM,NSE,STK,756000,INE583D07604,1015UCL27,NF,,,,,UCL 10.15% SR III,999.0,999.0,999.0,999.0,999.0,999.0,,999.0,,,22,21978.0,3,F1,1,,,,,
2026-07-14,2026-07-14,CM,NSE,STK,755998,INE583D07570,1039UCL26,NE,,,,,UCL 10.39% SR II,1017.99,1017.99,1017.99,1017.99,1017.99,1015.2,,1017.99,,,18,18323.82,3,F1,1,,,,,
2026-07-14,2026-07-14,CM,NSE,STK,11223,INE691A01018,UCOBANK,EQ,,,,,UCO BANK,26.47,26.47,26.02,26.19,26.15,26.47,,26.19,,,4091193,107165460.91,11312,F1,1,,,,,
2026-07-14,2026-07-14,CM,NSE,STK,14871,INE0N0Y01013,USK,EQ,,,,,UDAYSHIVAKUMAR INFRA LTD,22.4,22.89,22.0,22.13,22.1,22.4,,22.14,,,17466,388686.05,108,F1,1,,,,,
2026-07-14,2026-07-14,CM,NSE,STK,1053,INE516A01017,UFLEX,EQ,,,,,UFLEX LIMITED,453.55,455.85,442.0,444.95,442.35,453.55,,444.9,,,25282,11313685.0,1132,F1,1,,,,,
2026-07-14,2026-07-14,CM,NSE,STK,9039,INE527H01019,UFO,EQ,,,,,UFO MOVIEZ INDIA LTD.,70.36,70.36,68.43,69.32,69.3,70.52,,69.32,,,55062,3804989.23,967,F1,1,,,,,
2026-07-14,2026-07-14,CM,NSE,STK,5313,INE583D01011,UGROCAP,EQ,,,,,UGRO CAPITAL LIMITED,97.43,98.48,95.24,95.63,96.0,97.83,,95.66,,,178673,17245156.6,3465,F1,1,,,,,
2026-07-14,2026-07-14,CM,NSE,STK,23507,INE899L01030,UEL,EQ,,,,,UJAAS ENERGY LIMITED,130.85,130.85,127.05,127.36,127.1,128.36,,127.36,,,2450,314254.47,135,F1,1,,,,,
2026-07-14,2026-07-14,CM,NSE,STK,15228,INE551W01018,UJJIVANSFB,EQ,,,,,UJJIVAN SMALL FINANC BANK,66.21,67.45,64.78,65.14,65.11,66.87,,65.14,,,22162531,1456449926.93,75956,F1,1,,,,,
2026-07-14,2026-07-14,CM,NSE,STK,5945,INE00F301010,UWCSL,SM,,,,,ULTRA WIRING CONN SYS LTD,100.95,100.95,100.95,100.95,100.95,101.9,,100.95,,,3000,302850.0,2,F1,1000,,,,,
2026-07-14,2026-07-14,CM,NSE,STK,762961,INE405A01021,ULTRAMAR,EQ,,,,,ULTRAMARINE & PIGMENTS L,387.25,393.9,373.55,387.15,388.0,395.45,,387.0,,,28788,11121816.05,4566,F1,1,,,,,
2026-07-14,2026-07-14,CM,NSE,STK,11532,INE481G01011,ULTRACEMCO,EQ,,,,,ULTRATECH CEMENT LIMITED,11462.0,11543.0,11355.0,11496.0,11455.0,11571.0,,11496.0,,,404659,4637583097.0,49243,F1,1,,,,,
2026-07-14,2026-07-14,CM,NSE,STK,13349,INE067901012,UMA,SM,,,,,UMA CONVERTER LIMITED,17.15,17.15,17.05,17.05,17.05,17.7,,17.05,,,8000,136800.0,2,F1,4000,,,,,
2026-07-14,2026-07-14,CM,NSE,STK,8845,INE0GIU01018,UMAEXPORTS,BE,,,,,UMA EXPORTS LIMITED,21.22,22.0,21.22,21.78,21.74,21.65,,21.61,,,22856,496460.37,84,F1,1,,,,,
2026-07-14,2026-07-14,CM,NSE,STK,8998,INE398B01018,UMIYA-MRO,EQ,,,,,UMIYA BUILDCON LIMITED,89.99,91.15,88.0,89.57,89.85,89.99,,89.57,,,14018,1247766.37,464,F1,1,,,,,
2026-07-14,2026-07-14,CM,NSE,STK,3579,INE351A01035,UNICHEMLAB,EQ,,,,,UNICHEM LABORATORIES LTD,588.0,622.65,575.0,581.35,579.0,596.95,,581.4,,,360603,214927785.55,15892,F1,1,,,,,
2026-07-14,2026-07-14,CM,NSE,STK,24809,INE00U401027,UNIECOM,EQ,,,,,UNICOMMERCE ESOLUTIONS L,88.79,88.79,85.61,86.19,86.16,88.16,,86.19,,,370810,32152981.54,3701,F1,1,,,,,
2026-07-14,2026-07-14,CM,NSE,STK,18582,INE0PRF01011,UNIHEALTH,SM,,,,,UNIHEALTH HOSPITALS LTD,725.9,740.0,711.5,716.8,713.05,739.95,,716.8,,,11000,7937725.0,21,F1,500,,,,,
2026-07-14,2026-07-14,CM,NSE,STK,7797,INE481Z01011,UNIINFO,BE,,,,,UNIINFO TELECOM SERVI LTD,11.65,12.35,11.54,11.8,11.54,12.14,,11.8,,,3195,37425.76,32,F1,1,,,,,
2026-07-14,2026-07-14,CM,NSE,STK,28960,INE0U3I01011,UNIMECH,EQ,,,,,UNIMECH AEROSPACE N MFG L,1153.7,1223.2,1153.7,1202.4,1199.5,1173.8,,1202.4,,,155983,186730072.3,12954,F1,1,,,,,
2026-07-14,2026-07-14,CM,NSE,STK,10753,INE692A01016,UNIONBANK,EQ,,,,,UNION BANK OF INDIA,170.0,171.42,167.18,170.67,170.85,170.39,,170.66,,,15703329,2662328688.02,65858,F1,1,,,,,
2026-07-14,2026-07-14,CM,NSE,STK,29687,INF582M01KS4,UNIONGOLD,EQ,,,,,UNIONAMC - UNIONGOLD,138.65,139.25,137.1,137.55,137.6,138.25,,137.55,,,2425,333576.35,48,F1,1,,,,,
2026-07-14,2026-07-14,CM,NSE,STK,13057,INE244O01017,UNIPARTS,EQ,,,,,UNIPARTS INDIA LIMITED,690.0,693.85,675.05,678.75,684.0,694.8,,678.6,,,134143,91542017.15,5398,F1,1,,,,,
2026-07-14,2026-07-14,CM,NSE,STK,11293,INE037A01022,UNIENTER,EQ,,,,,UNIPHOS ENTERPRISES LTD,110.75,110.75,107.0,107.93,107.9,108.03,,107.95,,,20759,2243690.81,225,F1,1,,,,,
2026-07-14,2026-07-14,CM,NSE,STK,3594,INE694A01020,UNITECH,EQ,,,,,UNITECH LTD,4.55,4.61,4.55,4.55,4.57,4.59,,4.55,,,1640408,7485065.27,1349,F1,1,,,,,
2026-07-14,2026-07-14,CM,NSE,STK,16713,INE686F01025,UBL,EQ,,,,,UNITED BREWERIES LTD,1334.4,1366.7,1330.4,1348.7,1343.2,1334.4,,1350.8,,,118413,160240573.0,13039,F1,1,,,,,
2026-07-14,2026-07-14,CM,NSE,STK,204,INE961D01019,UNIDT,BE,,,,,UNITED DRILLING TOOLS LTD,234.98,234.98,217.0,224.11,228.5,226.12,,224.25,,,4701,1055239.86,71,F1,1,,,,,
2026-07-14,2026-07-14,CM,NSE,STK,3127,INE382M01027,UFBL,EQ,,,,,UNITED FOODBRANDS LIMITED,759.0,759.0,726.05,739.95,750.0,741.4,,740.0,,,82583,61059335.1,5296,F1,1,,,,,
2026-07-14,2026-07-14,CM,NSE,STK,25938,INE0SMR01011,UHTL,ST,,,,,UNITED HEAT TRANSFER LTD,105.05,109.25,105.05,106.0,106.0,107.15,,106.0,,,164000,17451000.0,51,F1,2000,,,,,
2026-07-14,2026-07-14,CM,NSE,STK,17999,INE458F01011,UNITEDTEA,EQ,,,,,UNITED NILGIRI TEA LTD,461.3,475.9,461.3,467.4,467.0,469.0,,467.4,,,6403,2989539.65,119,F1,1,,,,,
2026-07-14,2026-07-14,CM,NSE,STK,7564,INE368U01029,UNITEDPOLY,BE,,,,,UNITED POLYFAB GUJ. LTD.,31.49,32.0,30.2,31.07,31.4,31.48,,31.08,,,9671,299050.5,67,F1,1,,,,,
2026-07-14,2026-07-14,CM,NSE,STK,10447,INE854D01024,UNITDSPR,EQ,,,,,UNITED SPIRITS LIMITED,1373.0,1390.6,1367.1,1386.3,1387.0,1373.4,,1386.3,,,565373,781252532.8,33300,F1,1,,,,,
2026-07-14,2026-07-14,CM,NSE,STK,18979,INE562X01013,UNIVASTU,BE,,,,,UNIVASTU INDIA LIMITED,104.49,109.0,100.0,108.36,108.9,104.49,,108.36,,,176387,18820966.53,1278,F1,1,,,,,
2026-07-14,2026-07-14,CM,NSE,STK,3607,INE279A01012,UNIVCABLES,EQ,,,,,UNIVERSAL CABLES LTD,1174.5,1223.8,1130.0,1212.0,1218.9,1164.2,,1212.3,,,157422,186925831.1,11124,F1,1,,,,,
2026-07-14,2026-07-14,CM,NSE,STK,17661,INE03V001013,UNIVPHOTO,BE,,,,,UNIVERSUS IMAGINGS LTD,370.0,385.95,370.0,385.2,383.0,367.6,,385.2,,,1273,489049.6,48,F1,1,,,,,
2026-07-14,2026-07-14,CM,NSE,STK,14154,INE405E01023,UNOMINDA,EQ,,,,,UNO MINDA LIMITED,1152.3,1152.3,1119.0,1137.0,1140.1,1152.3,,1136.9,,,980807,1107430964.4,37938,F1,1,,,,,
2026-07-14,2026-07-14,CM,NSE,STK,18636,INE148I08256,915SCL26,NE,,,,,UNS RED NCD 9.15% SR.IX,1060.5,1060.5,1060.5,1060.5,1060.5,1066.0,,1060.5,,,1,1060.5,1,F1,1,,,,,
2026-07-14,2026-07-14,CM,NSE,STK,2871,INE530B08094,10IIFL28A,NE,,,,,UNSE RE NCD 10% SR.I,1025.0,1025.0,1021.0,1021.0,1021.0,1025.0,,1021.0,,,500,511700.0,2,F1,1,,,,,
2026-07-14,2026-07-14,CM,NSE,STK,2877,INE530B08102,96IIFL28A,NF,,,,,UNSE RE NCD 9.6% SR.II,1002.5,1002.94,1002.13,1002.94,1002.94,1002.27,,1002.94,,,449,450126.43,10,F1,1,,,,,
2026-07-14,2026-07-14,CM,NSE,STK,5212,INE477L08147,10IIFL28,N4,,,,,UNSEC RE NCD 10% SR.I,1082.0,1082.0,1080.11,1081.5,1082.0,1081.2,,1081.5,,,36,38945.11,8,F1,1,,,,,
2026-07-14,2026-07-14,CM,NSE,STK,5214,INE477L08154,96IIFL28,N5,,,,,UNSEC RE NCD 9.60% SR.II,1002.0,1002.0,1001.0,1002.0,1002.0,1002.0,,1001.5,,,120,120140.0,5,F1,1,,,,,
2026-07-14,2026-07-14,CM,NSE,STK,19047,INE866I08295,105IIFL29,N7,,,,,UNSEC RED NCD 10.5% SR.VI,1040.2,1040.2,1040.2,1040.2,1040.2,1098.99,,1040.2,,,50,52010.0,1,F1,1,,,,,
2026-07-14,2026-07-14,CM,NSE,STK,21229,INE306N08342,885TCAPS29,NC,,,,,UNSERENCD8.85%SRIVCIII&IV,1080.0,1080.0,1080.0,1080.0,1080.0,1080.35,,1080.0,,,10,10800.0,1,F1,1,,,,,
2026-07-14,2026-07-14,CM,NSE,STK,21225,INE306N08292,910TCAP28,,,,,,UNSERENCD9.1%SRIIICIII&IV,1108.0,1108.0,1103.1,1104.99,1105.0,1108.6,,1104.99,,,872,963859.1,11,F1,1,,,,,
2026-07-14,2026-07-14,CM,NSE,STK,19113,INE851I01011,UDS,EQ,,,,,UPDATER SERVICES LIMITED,196.2,196.2,190.0,190.5,190.39,196.44,,190.55,,,72226,13883076.74,1735,F1,1,,,,,
2026-07-14,2026-07-14,CM,NSE,STK,11287,INE628A01036,UPL,EQ,,,,,UPL LIMITED,591.7,594.8,583.95,593.15,594.8,591.75,,593.15,,,1068690,630524324.25,24571,F1,1,,,,,
2026-07-14,2026-07-14,CM,NSE,STK,10610,INE0CBM01019,USASEEDS,SM,,,,,UPSURGE SEEDS OF AGRI LTD,88.35,88.35,88.35,88.35,88.35,93.0,,88.35,,,428,37813.8,1,F1,428,,,,,
2026-07-14,2026-07-14,CM,NSE,STK,17081,INE568Z01015,URAVIDEF,BE,,,,,URAVI DEFENCE &TECH LTD,118.86,118.86,114.0,116.79,115.9,118.86,,116.79,,,5339,620317.88,120,F1,1,,,,,
2026-07-14,2026-07-14,CM,NSE,STK,759084,INE0CAZ01013,URBANCO,EQ,,,,,URBAN COMPANY LIMITED,133.5,136.99,131.23,132.01,131.23,133.07,,132.01,,,2461616,328765818.55,30567,F1,1,,,,,
2026-07-14,2026-07-14,CM,NSE,STK,16888,INE0O0201019,URBAN,SM,,,,,URBAN ENVIRO WASTE MGMT L,125.0,132.55,123.3,131.8,132.5,126.05,,131.8,,,36800,4770720.0,43,F1,800,,,,,
2026-07-14,2026-07-14,CM,NSE,STK,20203,INE550C01020,URJA,EQ,,,,,URJA GLOBAL LIMITED,9.58,10.0,9.4,9.54,9.44,9.62,,9.54,,,808675,7662047.65,2721,F1,1,,,,,
2026-07-14,2026-07-14,CM,NSE,STK,25952,INE0LS001014,USHAFIN,SM,,,,,USHA FINANCIAL SERVICES L,32.85,32.85,32.8,32.8,32.8,34.35,,32.8,,,3200,105040.0,2,F1,1600,,,,,
2026-07-14,2026-07-14,CM,NSE,STK,19142,INE240C01028,UMESLTD,EQ,,,,,USHA MARTIN EDU & SOL LTD,5.97,5.97,5.53,5.82,5.85,5.82,,5.82,,,62858,356903.71,103,F1,1,,,,,
2026-07-14,2026-07-14,CM,NSE,STK,8840,INE228A01035,USHAMART,EQ,,,,,USHA MARTIN LTD.,512.65,516.8,493.3,497.1,496.55,510.15,,497.1,,,618554,310098915.3,15908,F1,1,,,,,
2026-07-14,2026-07-14,CM,NSE,STK,4214,INE00NI01015,UCL,ST,,,,,USHANTI COLOUR CHEM LTD,186.35,186.35,186.35,186.35,186.35,190.15,,186.35,,,2000,372700.0,1,F1,2000,,,,,
2026-07-14,2026-07-14,CM,NSE,STK,527,INE094J01016,UTIAMC,EQ,,,,,UTI ASSET MNGMT CO LTD,980.1,989.05,971.2,985.8,985.0,1028.0,,985.8,,,512685,503125649.85,18033,F1,1,,,,,
2026-07-14,2026-07-14,CM,NSE,STK,22440,INF789F1AUV1,BANKBETA,EQ,,,,,UTIAMC-BANKBETA,60.33,60.33,59.23,59.36,59.46,60.15,,59.36,,,1194041,70880063.65,699,F1,1,,,,,
2026-07-14,2026-07-14,CM,NSE,STK,22524,INF789F1AZF3,GILT10BETA,EQ,,,,,UTIAMC-GILT10BETA,26.8,26.85,26.31,26.85,26.85,26.94,,26.85,,,916,24347.25,11,F1,1,,,,,
2026-07-14,2026-07-14,CM,NSE,STK,22488,INF789F1AZD8,ITBETA,EQ,,,,,UTIAMC-ITBETA,305.48,307.9,300.85,300.91,301.29,304.85,,300.91,,,2004,611135.92,21,F1,1,,,,,
2026-07-14,2026-07-14,CM,NSE,STK,18347,INF789F1AYX9,MIDCAPBETA,EQ,,,,,UTIAMC-MIDCAPBETA,232.6,233.96,232.0,233.26,233.27,235.23,,233.29,,,11082,2572478.93,45,F1,1,,,,,
2026-07-14,2026-07-14,CM,NSE,STK,21478,INF789F1AUW9,NEXT50BETA,EQ,,,,,UTIAMC-NEXT50BETA,77.78,77.92,77.18,77.68,77.28,77.78,,77.68,,,366440,28374854.67,524,F1,1,,,,,
2026-07-14,2026-07-14,CM,NSE,STK,10511,INF789F1AZC0,NIFTYBETA,EQ,,,,,UTIAMC-NIFTYBETA,274.97,274.97,265.68,266.21,266.27,268.27,,266.21,,,17289,4611262.35,393,F1,1,,,,,
2026-07-14,2026-07-14,CM,NSE,STK,10515,INF789FB1X58,SENSEXBETA,EQ,,,,,UTIAMC-SENSEXBETA,859.9,859.9,842.11,851.46,854.0,858.67,,851.5,,,1100,938297.21,183,F1,1,,,,,
2026-07-14,2026-07-14,CM,NSE,STK,15085,INF789F1AYK6,SILVERBETA,EQ,,,,,UTIAMC-SILVERBETA,204.27,210.77,204.27,210.1,209.87,209.51,,210.1,,,683576,143344844.12,3666,F1,1,,,,,
2026-07-14,2026-07-14,CM,NSE,STK,9168,INF789F1AUU3,SNXT50BETA,EQ,,,,,UTIAMC-SNXT50BETA,94.2,94.69,93.06,93.65,93.97,94.12,,93.65,,,1236,115933.03,85,F1,1,,,,,
2026-07-14,2026-07-14,CM,NSE,STK,14535,INF789F1AUX7,GOLDBETA,EQ,,,,,UTIAMC-UTIGOLDBETA,118.3,118.55,117.6,118.05,118.3,119.1,,118.05,,,213418,25214376.35,2456,F1,1,,,,,
2026-07-14,2026-07-14,CM,NSE,STK,751580,INE1V1R01014,UTKAL,SM,,,,,UTKAL SPEC INDUS INDIA L,26.1,26.1,25.0,26.1,26.1,24.9,,26.1,,,208000,5393800.0,77,F1,2000,,,,,
2026-07-14,2026-07-14,CM,NSE,STK,17358,INE735W01017,UTKARSHBNK,EQ,,,,,UTKARSH SMALL FIN BANK L,15.06,15.7,14.95,14.98,15.0,15.2,,14.98,,,15564560,238491139.93,24526,F1,1,,,,,
2026-07-14,2026-07-14,CM,NSE,STK,24729,INE06IJ01010,UTSSAV,ST,,,,,UTSSAV CZ GOLD JEWELS LTD,500.75,500.75,500.75,500.75,500.75,476.95,,500.75,,,47400,23735550.0,52,F1,600,,,,,
2026-07-14,2026-07-14,CM,NSE,STK,13376,INE786F01031,UTTAMSUGAR,EQ,,,,,UTTAM SUGAR MILLS LTD.,237.25,242.0,232.0,234.06,234.0,237.25,,234.06,,,90158,21224822.95,2111,F1,1,,,,,
2026-07-14,2026-07-14,CM,NSE,STK,3188,INE0GXK01018,VMARCIND,SM,,,,,V MARC INDIA LIMITED,276.05,289.0,276.0,283.8,286.0,275.45,,283.8,,,550500,155680650.0,330,F1,1500,,,,,
2026-07-14,2026-07-14,CM,NSE,STK,23018,INE0QQM01017,VR,SM,,,,,V R INFRASPACE LIMITED,98.0,98.0,98.0,98.0,98.0,100.9,,98.0,,,8000,784000.0,1,F1,400,,,,,
2026-07-14,2026-07-14,CM,NSE,STK,15362,INE951I01027,VGUARD,EQ,,,,,V-GUARD IND LTD.,304.3,305.0,300.25,300.95,301.4,304.3,,300.95,,,160642,48447601.2,7208,F1,1,,,,,
2026-07-14,2026-07-14,CM,NSE,STK,14766,INE945H01021,V2RETAIL,EQ,,,,,V2 RETAIL LIMITED,224.19,224.19,218.6,220.79,221.2,223.1,,220.79,,,763008,168567875.37,19898,F1,1,,,,,
2026-07-14,2026-07-14,CM,NSE,STK,20188,INE956G01038,WABAG,EQ,,,,,VA TECH WABAG LTD,2190.0,2191.0,2110.1,2120.0,2120.0,2205.7,,2119.9,,,570657,1222982380.5,34776,F1,1,,,,,
2026-07-14,2026-07-14,CM,NSE,STK,24196,INE694D01016,VADILALIND,EQ,,,,,VADILAL INDUSTRIES LTD,6401.0,6874.0,6376.0,6806.5,6796.5,6428.5,,6806.0,,,53534,358725366.5,11599,F1,1,,,,,
2026-07-14,2026-07-14,CM,NSE,STK,11364,INE884A01027,VAIBHAVGBL,EQ,,,,,VAIBHAV GLOBAL LIMITED,255.1,258.84,250.0,251.17,250.75,255.88,,251.14,,,330773,83768729.66,6454,F1,1,,,,,
2026-07-14,2026-07-14,CM,NSE,STK,8259,INE0JR301013,MADHAVBAUG,SM,,,,,VAIDYA SANE AYUR LAB LTD,187.95,196.5,187.95,196.4,196.5,187.9,,196.4,,,10000,1917400.0,15,F1,400,,,,,
2026-07-14,2026-07-14,CM,NSE,STK,16621,INE972X01022,VAISHALI,BE,,,,,VAISHALI PHARMA LIMITED,8.0,8.15,7.9,8.04,7.96,7.93,,8.04,,,86268,688447.31,193,F1,1,,,,,
2026-07-14,2026-07-14,CM,NSE,STK,13342,INE051B01021,VAKRANGEE,EQ,,,,,VAKRANGEE LIMITED,6.13,6.13,5.99,6.02,6.01,6.12,,6.02,,,1150034,6950493.22,1336,F1,1,,,,,
2026-07-14,2026-07-14,CM,NSE,STK,19220,INE0JWS01017,VALIANTLAB,BE,,,,,VALIANT LABORATORIES LTD,63.5,64.5,61.51,63.4,63.8,63.75,,63.4,,,11512,724225.44,70,F1,1,,,,,
2026-07-14,2026-07-14,CM,NSE,STK,334,INE565V01010,VALIANTORG,BE,,,,,VALIANT ORGANICS LIMITED,277.95,277.95,274.0,274.2,277.0,276.6,,274.55,,,5433,1494847.35,116,F1,1,,,,,
2026-07-14,2026-07-14,CM,NSE,STK,18128,INE879I01012,DBREALTY,BE,,,,,VALOR ESTATE LIMITED,119.49,124.0,116.0,122.51,122.55,119.42,,122.46,,,752557,91037490.32,2739,F1,1,,,,,
2026-07-14,2026-07-14,CM,NSE,STK,763304,INE1E7Y01018,VALUE360,SM,,,,,VALUE 360 COMMUNICATION L,85.15,85.15,80.0,80.4,81.0,84.45,,80.4,,,58800,4767660.0,37,F1,1200,,,,,
2026-07-14,2026-07-14,CM,NSE,STK,13403,INE116G01013,VARDHACRLC,BE,,,,,VARDHAMAN ACRYLICS LTD,43.81,44.84,43.5,43.98,43.99,44.29,,43.98,,,13799,610313.98,182,F1,1,,,,,
2026-07-14,2026-07-14,CM,NSE,STK,11892,INE701A01023,VHL,EQ,,,,,VARDHMAN HOLDINGS LIMITED,3511.0,3564.0,3511.0,3524.9,3528.7,3517.5,,3524.9,,,256,908602.4,43,F1,1,,,,,
2026-07-14,2026-07-14,CM,NSE,STK,3646,INE835A01029,VARDMNPOLY,EQ,,,,,VARDHMAN POLYTEX LTD.,6.6,6.77,6.41,6.59,6.63,6.66,,6.59,,,62375,411331.09,232,F1,1,,,,,
2026-07-14,2026-07-14,CM,NSE,STK,27067,INE050M01012,VSSL,EQ,,,,,VARDHMAN SPC STEEL LTD,296.6,299.0,287.8,295.6,296.0,295.2,,295.6,,,133305,39187666.05,4787,F1,1,,,,,
2026-07-14,2026-07-14,CM,NSE,STK,2073,INE825A01020,VTL,EQ,,,,,VARDHMAN TEXTILES LIMITED,648.0,659.0,640.05,643.55,646.0,650.65,,643.55,,,169892,110291934.0,9848,F1,1,,,,,
2026-07-14,2026-07-14,CM,NSE,STK,3857,INE665L01035,VARROC,EQ,,,,,VARROC ENGINEERING LTD.,657.7,672.1,652.0,666.7,662.5,659.85,,666.75,,,103240,68434857.55,7690,F1,1,,,,,
2026-07-14,2026-07-14,CM,NSE,STK,18921,INE200M01039,VBL,EQ,,,,,VARUN BEVERAGES LIMITED,468.0,474.3,465.5,470.25,470.95,469.1,,470.25,,,7372887,3461886409.65,83022,F1,1,,,,,
2026-07-14,2026-07-14,CM,NSE,STK,13771,INE273D01027,VGL,EQ,,,,,VARVEE GLOBAL LIMITED,62.44,63.95,62.0,62.26,62.0,63.28,,62.26,,,16159,1016787.97,520,F1,1,,,,,
2026-07-14,2026-07-14,CM,NSE,STK,16454,INE0N5801013,DENTALKART,SM,,,,,VASA DENTICITY LIMITED,370.05,376.0,370.0,376.0,376.0,371.35,,376.0,,,11500,4291987.5,28,F1,250,,,,,
2026-07-14,2026-07-14,CM,NSE,STK,18114,INE893I01013,VASCONEQ,BE,,,,,VASCON ENGINEERS LTD,32.39,32.39,31.5,32.21,32.24,32.38,,32.23,,,111596,3559600.64,560,F1,1,,,,,
2026-07-14,2026-07-14,CM,NSE,STK,25340,INE590L01019,VASWANI,EQ,,,,,VASWANI IND LTD,54.59,54.59,53.21,53.32,53.5,53.8,,53.3,,,11670,624899.77,181,F1,1,,,,,
2026-07-14,2026-07-14,CM,NSE,STK,9020,INE098201036,VCL,EQ,,,,,VAXTEX COTFAB LIMITED,1.26,1.3,1.24,1.25,1.24,1.26,,1.25,,,138441,174912.06,209,F1,1,,,,,
2026-07-14,2026-07-14,CM,NSE,STK,760045,INE04HY07369,11VCCL27,N0,,,,,VCCL 11% 2027 SR A,97168.36,97168.36,97168.36,97168.36,97168.36,97911.51,,97168.36,,,1,97168.36,1,F1,1,,,,,
2026-07-14,2026-07-14,CM,NSE,STK,760049,INE04HY07377,115VCCL28,N0,,,,,VCCL 11.5% 2028 SR C,98200.0,98200.0,98100.0,98100.0,98100.0,98800.0,,98100.0,,,2,196300.0,2,F1,1,,,,,
2026-07-14,2026-07-14,CM,NSE,STK,25054,INE0U2M01015,VDEAL,SM,,,,,VDEAL SYSTEM LIMITED,156.55,157.5,156.55,157.5,157.5,159.75,,157.5,,,1200,188430.0,2,F1,600,,,,,
2026-07-14,2026-07-14,CM,NSE,STK,8167,INE825V01034,MANYAVAR,EQ,,,,,VEDANT FASHIONS LIMITED,397.0,400.15,391.5,397.6,397.5,398.95,,397.6,,,156784,62234197.95,8952,F1,1,,,,,
2026-07-14,2026-07-14,CM,NSE,STK,750174,INE1CDF01017,VAML,EQ,,,,,VEDANTA ALUMINIUM METAL L,447.05,461.4,445.5,454.7,453.95,450.95,,454.7,,,11803068,5375932133.85,172152,F1,1,,,,,
2026-07-14,2026-07-14,CM,NSE,STK,750290,INE1CLE01013,VISL,EQ,,,,,VEDANTA IRON AND STEEL L,36.9,37.27,34.75,35.07,35.23,36.41,,35.07,,,83305485,2996568871.77,125856,F1,1,,,,,
2026-07-14,2026-07-14,CM,NSE,STK,3063,INE205A01025,VEDL,EQ,,,,,VEDANTA LIMITED,269.65,270.95,266.2,267.7,267.55,269.65,,267.7,,,11000576,2947154189.6,104631,F1,1,,,,,
2026-07-14,2026-07-14,CM,NSE,STK,750368,INE704J01044,VOGL,EQ,,,,,VEDANTA OIL AND GAS LTD,39.11,39.49,37.28,37.82,37.93,38.97,,37.82,,,50184285,1906389695.3,90531,F1,1,,,,,
2026-07-14,2026-07-14,CM,NSE,STK,750518,INE694L01019,VEDPOWER,EQ,,,,,VEDANTA POWER LIMITED,41.41,41.41,40.0,40.04,40.08,41.43,,40.04,,,30277448,1228841743.15,79573,F1,1,,,,,
2026-07-14,2026-07-14,CM,NSE,STK,14019,INE484C01030,VEEDOL,EQ,,,,,VEEDOL CORPORATION LTD,1433.9,1459.9,1426.1,1435.4,1436.0,1449.9,,1435.5,,,11023,15883640.8,1161,F1,1,,,,,
2026-07-14,2026-07-14,CM,NSE,STK,762969,INE232E01013,VELJAN,BE,,,,,VELJAN DENISON LTD.,1721.1,1776.8,1702.0,1754.8,1764.0,1692.2,,1763.0,,,1653,2930481.5,153,F1,1,,,,,
2026-07-14,2026-07-14,CM,NSE,STK,3757,INE398A01010,VENKEYS,EQ,,,,,VENKY S (INDIA) LIMITED,1520.0,1534.9,1492.0,1502.4,1501.6,1510.1,,1502.3,,,44070,66655304.1,4754,F1,1,,,,,
2026-07-14,2026-07-14,CM,NSE,STK,28847,INE781S01027,VENTIVE,EQ,,,,,VENTIVE HOSPITALITY LTD,624.05,624.85,613.0,615.8,616.95,621.8,,615.8,,,19167,11825854.25,926,F1,1,,,,,
2026-07-14,2026-07-14,CM,NSE,STK,9592,INE0JA001018,VENUSPIPES,EQ,,,,,VENUS PIPES & TUBES LTD,1787.0,1819.0,1758.0,1770.9,1779.0,1797.9,,1770.9,,,57174,101768317.5,5443,F1,1,,,,,
2026-07-14,2026-07-14,CM,NSE,STK,13856,INE411B01019,VENUSREM,BE,,,,,VENUS REMEDIES LIMITED,1818.0,1895.6,1818.0,1895.6,1895.6,1805.4,,1904.7,,,65314,123096595.5,1950,F1,1,,,,,
2026-07-14,2026-07-14,CM,NSE,STK,8890,INE0IQ001011,VERANDA,EQ,,,,,VERANDA LEARNING SOL LTD,230.81,234.5,227.57,229.82,230.99,231.86,,229.82,,,164195,37814518.71,3049,F1,1,,,,,
2026-07-14,2026-07-14,CM,NSE,STK,14491,INE0NLB01018,VERTEXPLUS,SM,,,,,VERTEXPLUS TECHNOLOGIES L,48.3,48.3,48.3,48.3,48.3,48.3,,48.3,,,600,28980.0,1,F1,600,,,,,
2026-07-14,2026-07-14,CM,NSE,STK,10757,INE0KXY23015,VERTIS,IV,,,,,VERTIS INFRASTRUCTURE TST,110.05,110.5,110.05,110.5,110.5,110.0,,110.5,,,625000,68842500.0,4,F1,25000,,,,,
2026-07-14,2026-07-14,CM,NSE,STK,18865,INE188Y01031,VERTOZ,BE,,,,,VERTOZ LIMITED,39.24,40.0,38.01,39.04,39.27,38.31,,39.04,,,43305,1693309.88,272,F1,1,,,,,
2026-07-14,2026-07-14,CM,NSE,STK,3676,INE386A01023,VESUVIUS,EQ,,,,,VESUVIUS INDIA LTD,472.0,472.0,464.05,464.85,465.0,472.65,,464.85,,,49519,23074982.7,1723,F1,1,,,,,
2026-07-14,2026-07-14,CM,NSE,STK,8660,INE918N01018,VETO,BE,,,,,VETO SWITCHGEAR CABLE LTD,123.22,128.74,120.56,128.3,128.74,122.61,,128.29,,,62267,7857657.23,425,F1,1,,,,,
2026-07-14,2026-07-14,CM,NSE,STK,14316,INE0MO401019,VIAZ,SM,,,,,VIAZ TYRES LIMITED,62.4,62.4,62.4,62.4,62.4,61.3,,62.4,,,2000,124800.0,1,F1,2000,,,,,
2026-07-14,2026-07-14,CM,NSE,STK,22730,INE0QTF01015,VSTL,EQ,,,,,VIBHOR STEEL TUBES LTD,112.52,114.9,111.41,112.24,112.0,112.52,,112.24,,,10640,1203587.42,274,F1,1,,,,,
2026-07-14,2026-07-14,CM,NSE,STK,23386,INE048C01025,VHLTD,BE,,,,,VICEROY HOTELS LIMITED,132.97,132.97,127.0,127.09,127.0,129.0,,127.15,,,3485,447562.89,53,F1,1,,,,,
2026-07-14,2026-07-14,CM,NSE,STK,760694,INE0F8901022,VICTORYEV,ST,,,,,VICTORY ELEC VEHICL INT L,17.5,17.5,16.35,16.45,16.45,17.15,,16.45,,,21000,349500.0,7,F1,3000,,,,,
2026-07-14,2026-07-14,CM,NSE,STK,13536,INE632C01026,VIDHIING,EQ,,,,,VIDHI SPCLTY F INGRDNTS L,292.1,325.0,292.1,313.0,320.0,297.55,,313.0,,,173116,54258745.8,3380,F1,1,,,,,
2026-07-14,2026-07-14,CM,NSE,STK,760224,INE14UN01029,VIDYAWIRES,EQ,,,,,VIDYA WIRES LIMITED,97.0,97.0,94.5,95.19,95.12,96.35,,95.18,,,537406,51095238.09,4879,F1,1,,,,,
2026-07-14,2026-07-14,CM,NSE,STK,758908,INE1DM601016,VIGOR,ST,,,,,VIGOR PLAST INDIA LIMITED,102.25,104.45,100.5,104.45,104.45,105.75,,104.45,,,12800,1315040.0,8,F1,1600,,,,,
2026-07-14,2026-07-14,CM,NSE,STK,5585,INE043W01024,VIJAYA,EQ,,,,,VIJAYA DIAGNOSTIC CEN LTD,1385.3,1391.0,1364.4,1382.6,1375.2,1388.8,,1382.5,,,173750,239788695.1,14986,F1,1,,,,,
2026-07-14,2026-07-14,CM,NSE,STK,760121,INE0WL901019,VIJAYPD,SM,,,,,VIJAYPD CEUTICAL LIMITED,75.75,76.75,74.5,76.75,76.75,73.0,,76.75,,,8000,605500.0,4,F1,2000,,,,,
2026-07-14,2026-07-14,CM,NSE,STK,17695,INE159N01027,VIJIFIN,BE,,,,,VIJI FINANCE LIMITED,7.95,7.95,7.95,7.95,7.95,7.8,,8.0,,,134784,1071532.8,85,F1,1,,,,,
2026-07-14,2026-07-14,CM,NSE,STK,25756,INE806A01020,VIKASECO,EQ,,,,,VIKAS ECOTECH LIMITED,1.22,1.23,1.18,1.19,1.2,1.22,,1.19,,,1674284,2018993.25,854,F1,1,,,,,
2026-07-14,2026-07-14,CM,NSE,STK,9931,INE161L01027,VIKASLIFE,EQ,,,,,VIKAS LIFECARE LIMITED,1.41,1.42,1.39,1.39,1.4,1.4,,1.39,,,1405759,1971483.72,9337,F1,1,,,,,
2026-07-14,2026-07-14,CM,NSE,STK,759453,INE078V01014,VIKRAMSOLR,EQ,,,,,VIKRAM SOLAR LIMITED,195.05,195.05,190.05,191.35,192.0,195.24,,191.35,,,1870294,358584096.31,19573,F1,1,,,,,
2026-07-14,2026-07-14,CM,NSE,STK,758973,INE01R501028,VIKRAN,EQ,,,,,VIKRAN ENGINEERING LTD,74.6,75.0,73.05,73.35,73.23,75.09,,73.35,,,1939751,142972591.3,9135,F1,1,,,,,
2026-07-14,2026-07-14,CM,NSE,STK,23909,INE0AZY01017,VILAS,SM,,,,,VILAS TRANSCORE LIMITED,383.0,390.0,364.5,382.0,380.05,381.6,,382.0,,,39000,14835450.0,111,F1,250,,,,,
2026-07-14,2026-07-14,CM,NSE,STK,16954,INE0L4V01013,VILINBIO,SM,,,,,VILIN BIO MED LIMITED,44.25,44.25,44.25,44.25,44.25,46.5,,44.25,,,4000,177000.0,1,F1,4000,,,,,
2026-07-14,2026-07-14,CM,NSE,STK,13101,INE579C01029,VIMTALABS,EQ,,,,,VIMTA LABS LIMITED,555.0,562.95,547.15,553.05,553.0,556.3,,553.05,,,118919,65971362.5,6366,F1,1,,,,,
2026-07-14,2026-07-14,CM,NSE,STK,17364,INE410B01037,VINATIORGA,EQ,,,,,VINATI ORGANICS LTD,1341.8,1341.8,1310.5,1314.7,1324.9,1334.6,,1314.7,,,26735,35325602.0,3531,F1,1,,,,,
2026-07-14,2026-07-14,CM,NSE,STK,3694,INE707A01012,VINDHYATEL,EQ,,,,,VINDHYA TELELINKS LTD,1951.0,1951.0,1885.0,1908.9,1909.9,1951.7,,1909.2,,,46284,88631779.1,3240,F1,1,,,,,
2026-07-14,2026-07-14,CM,NSE,STK,3809,INE505Y01010,VINEETLAB,BE,,,,,VINEET LABORATORIES LTD,34.7,35.19,32.35,34.63,34.7,33.79,,34.51,,,42825,1445959.81,191,F1,1,,,,,
2026-07-14,2026-07-14,CM,NSE,STK,763824,INE27V201011,VMOBILE,ST,,,,,VINIT MOBILE LIMITED,114.05,114.05,114.05,114.05,114.05,120.05,,114.05,,,800,91240.0,1,F1,800,,,,,
2026-07-14,2026-07-14,CM,NSE,STK,12490,INE01KI01027,VINNY,EQ,,,,,VINNY OVERSEAS LIMITED,1.06,1.08,1.05,1.06,1.06,1.06,,1.06,,,97783,103843.5,142,F1,1,,,,,
2026-07-14,2026-07-14,CM,NSE,STK,17905,INE0OSJ01014,VINSYS,ST,,,,,VINSYS IT SERVICES IND LT,503.0,506.4,500.05,500.05,500.05,503.0,,500.05,,,2500,1259125.0,10,F1,250,,,,,
2026-07-14,2026-07-14,CM,NSE,STK,25835,INE498Q01014,VINCOFE,EQ,,,,,VINTAGE COFFEE N BVRGS L,165.78,165.78,157.76,160.11,160.6,165.41,,160.11,,,1949660,313513419.41,14494,F1,1,,,,,
2026-07-14,2026-07-14,CM,NSE,STK,19206,INE0OLS01010,VINYAS,SM,,,,,VINYAS INNOVATIVE TECH L,1314.4,1335.0,1300.0,1312.1,1310.05,1314.35,,1312.1,,,11800,15491055.0,66,F1,100,,,,,
2026-07-14,2026-07-14,CM,NSE,STK,16821,INE250B01029,VINYLINDIA,EQ,,,,,VINYL CHEMICALS (I) LTD.,253.5,255.3,248.1,251.0,254.35,253.5,,251.35,,,9824,2470243.3,380,F1,1,,,,,
2026-07-14,2026-07-14,CM,NSE,STK,14847,INE450G01024,VIPCLOTHNG,BE,,,,,VIP CLOTHING LIMITED,23.66,23.73,22.55,23.0,22.99,23.66,,23.0,,,92926,2132120.5,241,F1,1,,,,,
2026-07-14,2026-07-14,CM,NSE,STK,3703,INE054A01027,VIPIND,EQ,,,,,VIP INDUSTRIES LTD,300.4,301.0,291.55,294.0,294.4,300.25,,294.0,,,283127,83347967.15,5188,F1,1,,,,,
2026-07-14,2026-07-14,CM,NSE,STK,8437,INE946H01037,VIPULLTD,BE,,,,,VIPUL LIMITED,18.19,18.6,17.05,17.7,17.78,17.81,,17.67,,,1642523,30049821.87,3327,F1,1,,,,,
2026-07-14,2026-07-14,CM,NSE,STK,15295,INE539B01017,VIRINCHI,EQ,,,,,VIRINCHI LIMITED,15.9,16.44,15.55,15.79,15.89,15.97,,15.79,,,62651,1002055.86,179,F1,1,,,,,
2026-07-14,2026-07-14,CM,NSE,STK,757060,INE0VRH01015,VGINFOTECH,SM,,,,,VIRTUAL GALAXY INFOTECH L,138.0,149.0,138.0,146.6,148.0,139.5,,146.6,,,54000,7778650.0,53,F1,1000,,,,,
2026-07-14,2026-07-14,CM,NSE,STK,761916,INE0I0T01010,VOEPL,EQ,,,,,VIRTUOSO OPTOELECTRONIC L,447.0,459.95,435.0,439.1,437.3,437.35,,439.1,,,52739,23533823.15,2213,F1,1,,,,,
2026-07-14,2026-07-14,CM,NSE,STK,13298,INE286H01012,VISACHROME,BE,,,,,VISA CHROME LIMITED,41.03,41.03,40.0,40.24,40.21,41.03,,40.48,,,3484,140356.33,29,F1,1,,,,,
2026-07-14,2026-07-14,CM,NSE,STK,29877,INE370E01029,VIVIDHA,EQ,,,,,VISAGAR POLYTEX LTD,0.52,0.52,0.51,0.51,0.51,0.52,,0.5,,,125162,64090.22,117,F1,1,,,,,
2026-07-14,2026-07-14,CM,NSE,STK,4221,INE392A01021,VISAKAIND,EQ,,,,,VISAKA INDUSTRIES LIMITED,84.9,85.95,83.3,84.01,83.61,85.55,,84.01,,,163786,13850776.42,2353,F1,1,,,,,
2026-07-14,2026-07-14,CM,NSE,STK,27969,INE01EA01019,VMM,EQ,,,,,VISHAL MEGA MART LIMITED,116.15,116.77,113.83,114.28,114.0,116.21,,114.28,,,16165170,1852556689.1,61436,F1,1,,,,,
2026-07-14,2026-07-14,CM,NSE,STK,6908,INE270I01022,VISHNU,EQ,,,,,VISHNU CHEMICALS LIMITED,598.8,614.45,596.25,612.15,612.35,601.8,,612.15,,,79370,48018159.8,3917,F1,1,,,,,
2026-07-14,2026-07-14,CM,NSE,STK,18343,INE0AE001013,VPRPL,BE,,,,,VISHNU PRAKASH R PUNGLI L,26.54,26.54,26.45,26.5,26.5,26.54,,26.52,,,87142,2307365.39,259,F1,1,,,,,
2026-07-14,2026-07-14,CM,NSE,STK,13702,INE430N01022,VISHWARAJ,EQ,,,,,VISHWARAJ SUGAR IND LTD,5.49,5.5,5.4,5.4,5.42,5.42,,5.41,,,73930,400827.27,244,F1,1,,,,,
2026-07-14,2026-07-14,CM,NSE,STK,23373,INE0S2E01016,VISHWAS,ST,,,,,VISHWAS AGRI SEEDS LTD,47.75,48.0,47.75,48.0,48.0,50.25,,48.0,,,4800,230000.0,3,F1,1600,,,,,
2026-07-14,2026-07-14,CM,NSE,STK,25231,INE0TR001017,VIESL,SM,,,,,VISION INFRA EQUIP SOL L,308.0,312.3,308.0,312.3,312.3,306.8,,312.3,,,8800,2740560.0,9,F1,800,,,,,
2026-07-14,2026-07-14,CM,NSE,STK,761150,INE0L4K01016,VITAL,BE,,,,,VITAL CHEMTECH LIMITED,52.85,52.85,52.85,52.85,52.85,53.92,,52.85,,,50,2642.5,1,F1,1,,,,,
2026-07-14,2026-07-14,CM,NSE,STK,763637,INE0MEG01014,VIVIANA,BE,,,,,VIVIANA POWER TECH LTD,790.95,799.0,776.0,780.1,776.0,792.75,,780.1,,,11430,8974185.9,347,F1,1,,,,,
2026-07-14,2026-07-14,CM,NSE,STK,761771,INE24H301028,VIVIDEL,ST,,,,,VIVID ELECTROMECH LIMITED,1304.45,1304.45,1290.0,1304.45,1304.45,1242.35,,1304.45,,,29040,37853964.0,99,F1,240,,,,,
2026-07-14,2026-07-14,CM,NSE,STK,11968,INE526G01021,VIVIMEDLAB,BE,,,,,VIVIMED LABS LIMITED,5.15,5.4,5.15,5.25,5.3,5.36,,5.25,,,75409,394615.98,134,F1,1,,,,,
2026-07-14,2026-07-14,CM,NSE,STK,14296,INE807F01027,VIYASH,EQ,,,,,VIYASH SCIENTIFIC LIMITED,282.9,283.35,278.0,278.9,278.4,284.35,,278.9,,,771203,216035191.55,14074,F1,1,,,,,
2026-07-14,2026-07-14,CM,NSE,STK,18021,INE03HW01020,VLEGOV,BE,,,,,VL E GOV AND IT SOL LTD,11.99,12.27,11.97,12.27,12.27,11.69,,12.27,,,155312,1901067.89,314,F1,1,,,,,
2026-07-14,2026-07-14,CM,NSE,STK,3715,INE709A01018,VLSFINANCE,EQ,,,,,VLS FINANCE LTD,259.0,259.0,252.4,254.45,255.0,255.55,,254.45,,,6294,1602442.0,255,F1,1,,,,,
2026-07-14,2026-07-14,CM,NSE,STK,29284,INE665J01013,VMART,EQ,,,,,VMART RETAIL LTD,765.0,767.65,742.05,749.9,748.25,767.9,,749.9,,,191957,144013881.0,8185,F1,1,,,,,
2026-07-14,2026-07-14,CM,NSE,STK,759153,INE0SJA01013,VMSTMT,BE,,,,,VMS TMT LIMITED,45.99,45.99,43.85,44.86,45.45,45.99,,44.86,,,36377,1625835.11,215,F1,1,,,,,
2026-07-14,2026-07-14,CM,NSE,STK,14366,INE669E01016,IDEA,EQ,,,,,VODAFONE IDEA LIMITED,13.93,14.16,13.74,13.83,13.87,13.96,,13.83,,,290140997,4036712438.48,447016,F1,1,,,,,
2026-07-14,2026-07-14,CM,NSE,STK,29658,INE241X01014,VOLERCAR,SM,,,,,VOLER CAR LIMITED,222.05,222.05,221.5,221.5,221.5,227.6,,221.5,,,1600,354840.0,2,F1,800,,,,,
2026-07-14,2026-07-14,CM,NSE,STK,13577,INE540H01012,VOLTAMP,EQ,,,,,VOLTAMP TRANSFORMERS LTD,9438.0,9494.0,9270.0,9300.0,9318.0,9471.0,,9300.0,,,48618,452808583.0,14883,F1,1,,,,,
2026-07-14,2026-07-14,CM,NSE,STK,3718,INE226A01021,VOLTAS,EQ,,,,,VOLTAS LTD,1346.7,1363.2,1329.1,1358.9,1359.9,1349.5,,1358.9,,,676554,914506784.8,31359,F1,1,,,,,
2026-07-14,2026-07-14,CM,NSE,STK,24321,INE0S2V01010,VRAJ,EQ,,,,,VRAJ IRON AND STEEL LTD,119.55,141.8,119.55,133.26,133.01,119.55,,133.22,,,607292,81611122.72,9415,F1,1,,,,,
2026-07-14,2026-07-14,CM,NSE,STK,8696,INE366I01010,VRLLOG,EQ,,,,,VRL LOGISTICS LIMITED,232.69,232.69,229.0,230.01,230.0,230.97,,230.02,,,53223,12263199.52,2779,F1,1,,,,,
2026-07-14,2026-07-14,CM,NSE,STK,3724,INE710A01016,VSTIND,EQ,,,,,VST INDUSTRIES LTD,240.95,240.95,236.7,237.95,238.15,241.05,,237.95,,,327055,77859475.0,5361,F1,1,,,,,
2026-07-14,2026-07-14,CM,NSE,STK,24292,INE764D01017,VSTTILLERS,EQ,,,,,VST TILLERS TRACTORS LTD,4649.7,4649.7,4567.1,4577.8,4573.4,4673.0,,4578.1,,,4435,20365030.1,1485,F1,1,,,,,
2026-07-14,2026-07-14,CM,NSE,STK,762978,INE765D01022,WPIL,EQ,,,,,W P I L LTD.,464.1,468.9,456.0,460.0,461.0,461.75,,459.9,,,16425,7570060.55,1208,F1,1,,,,,
2026-07-14,2026-07-14,CM,NSE,STK,14828,INE100D01014,WSI,EQ,,,,,W.S.INDUSTRIES (I) LTD.,66.0,66.32,62.25,63.85,62.6,65.67,,63.84,,,54871,3539151.82,1740,F1,1,,,,,
2026-07-14,2026-07-14,CM,NSE,STK,25907,INE377N01017,WAAREEENER,EQ,,,,,WAAREE ENERGIES LIMITED,2847.9,2854.2,2809.3,2820.1,2810.0,2880.2,,2820.1,,,791107,2235542310.7,44337,F1,1,,,,,
2026-07-14,2026-07-14,CM,NSE,STK,756038,INE299N01021,WAAREERTL,EQ,,,,,WAAREE RENEWABLE TECH LTD,1000.0,1002.0,987.9,994.9,995.0,1007.2,,994.8,,,126937,126139130.4,8242,F1,1,,,,,
2026-07-14,2026-07-14,CM,NSE,STK,760259,INE0E7301029,WAKEFIT,EQ,,,,,WAKEFIT INNOVATIONS LTD,133.87,133.87,129.3,130.16,130.3,133.04,,130.16,,,347663,45395696.47,6623,F1,1,,,,,
2026-07-14,2026-07-14,CM,NSE,STK,3736,INE711A01022,WALCHANNAG,EQ,,,,,WALCHANDNAGAR INDUSTRIES,255.85,255.85,246.8,249.5,249.0,256.85,,249.55,,,944018,235957773.75,11448,F1,1,,,,,
2026-07-14,2026-07-14,CM,NSE,STK,5013,INE0G2G01015,WALPAR,SM,,,,,WALPAR NUTRITIONS LIMITED,34.5,34.5,34.5,34.5,34.5,34.5,,34.5,,,2000,69000.0,1,F1,2000,,,,,
2026-07-14,2026-07-14,CM,NSE,STK,14063,INE107F01022,WANBURY,EQ,,,,,WANBURY LIMITED,301.7,349.95,300.0,336.0,339.8,300.45,,336.0,,,7640235,2578647550.75,142535,F1,1,,,,,
2026-07-14,2026-07-14,CM,NSE,STK,762163,INE0LZF01013,CORDELIA,EQ,,,,,WATERWAYS LEISURE TOUR L,850.05,854.2,810.2,823.55,817.5,854.45,,823.5,,,434765,363392670.95,14000,F1,1,,,,,
2026-07-14,2026-07-14,CM,NSE,STK,759215,INE0A3007065,1075WCA28,N0,,,,,WCAPL 10.75% 2028,9995.0,9995.0,9995.0,9995.0,9995.0,9995.0,,9995.0,,,18,179910.0,3,F1,1,,,,,
2026-07-14,2026-07-14,CM,NSE,STK,9865,INE082W01014,WEWIN,BE,,,,,WE WIN LIMITED,46.99,47.5,46.7,46.71,46.7,47.82,,46.71,,,1171,55151.9,7,F1,1,,,,,
2026-07-14,2026-07-14,CM,NSE,STK,760482,INF2F0001370,TWCGOLDETF,EQ,,,,,WEALTH - TWCGOLDETF,140.5,140.63,139.67,140.21,140.32,140.77,,140.21,,,1220,171032.88,133,F1,1,,,,,
2026-07-14,2026-07-14,CM,NSE,STK,1923,INE658T01017,WEALTH,EQ,,,,,WEALTH FRST PORT. MG. LTD,958.5,969.5,935.0,942.7,935.0,958.5,,940.8,,,1376,1302551.0,203,F1,1,,,,,
2026-07-14,2026-07-14,CM,NSE,STK,14602,INE855C01023,WEBELSOLAR,EQ,,,,,WEBSOL ENERGY SYSTEM LTD,99.38,99.53,97.75,98.32,98.94,99.67,,98.32,,,1077217,106139700.29,8420,F1,1,,,,,
2026-07-14,2026-07-14,CM,NSE,STK,3748,INE080A01014,WEIZMANIND,EQ,,,,,WEIZMANN LTD,82.0,82.0,78.0,78.91,78.9,80.13,,78.92,,,5084,408180.6,214,F1,1,,,,,
2026-07-14,2026-07-14,CM,NSE,STK,11821,INE191B01025,WELCORP,EQ,,,,,WELSPUN CORP LIMITED,1637.2,1694.8,1635.0,1683.4,1686.0,1619.9,,1683.4,,,4340435,7264776617.5,138117,F1,1,,,,,
2026-07-14,2026-07-14,CM,NSE,STK,11626,INE625G01013,WELENT,EQ,,,,,WELSPUN ENTERPRISES LTD.,627.0,630.0,611.0,618.7,620.1,614.95,,618.7,,,580412,359440283.65,15999,F1,1,,,,,
2026-07-14,2026-07-14,CM,NSE,STK,19804,INE389K01018,WELINV,BE,,,,,WELSPUN INV & COMM LTD,1718.0,1796.0,1710.2,1794.6,1795.0,1710.9,,1794.6,,,299,535830.2,17,F1,1,,,,,
2026-07-14,2026-07-14,CM,NSE,STK,11253,INE192B01031,WELSPUNLIV,EQ,,,,,WELSPUN LIVING LIMITED,174.14,174.3,163.65,164.54,164.65,174.14,,164.54,,,3843713,646056444.07,35713,F1,1,,,,,
2026-07-14,2026-07-14,CM,NSE,STK,762971,INE731F01037,WELSPLSOL,EQ,,,,,WELSPUN SPECIALTY SOL L,52.22,53.99,51.5,53.16,53.9,52.19,,53.15,,,348319,18356152.22,1926,F1,1,,,,,
2026-07-14,2026-07-14,CM,NSE,STK,4235,INE274C01019,WENDT,EQ,,,,,WENDT (INDIA) LIMITED,7800.0,7900.0,7707.0,7826.5,7838.0,7819.5,,7826.5,,,4249,33117487.0,1543,F1,1,,,,,
2026-07-14,2026-07-14,CM,NSE,STK,3799,INE976A01021,WSTCSTPAPR,EQ,,,,,WEST COAST PAPER MILLS LT,534.85,540.3,528.0,528.5,528.0,535.15,,528.45,,,51564,27460471.15,2581,F1,1,,,,,
2026-07-14,2026-07-14,CM,NSE,STK,25403,INE0CJF01024,WCIL,EQ,,,,,WESTERN CARRIERS (IND) L,96.47,96.75,95.05,95.48,95.7,96.47,,95.48,,,28355,2714375.65,892,F1,1,,,,,
2026-07-14,2026-07-14,CM,NSE,STK,11580,INE274F01020,WESTLIFE,EQ,,,,,WESTLIFE FOODWORLD LTD,499.25,499.35,480.5,482.15,480.5,499.25,,482.15,,,45358,21978531.5,6709,F1,1,,,,,
2026-07-14,2026-07-14,CM,NSE,STK,759434,INE085001019,WEWORK,EQ,,,,,WEWORK INDIA MANAGEMENT L,742.0,742.0,710.0,713.6,710.0,741.05,,713.6,,,234699,169123204.55,14480,F1,1,,,,,
2026-07-14,2026-07-14,CM,NSE,STK,3766,INE715A01015,WHEELS,EQ,,,,,WHEELS INDIA LTD,1496.9,1496.9,1454.5,1469.5,1477.8,1489.6,,1469.5,,,77685,113753421.5,6901,F1,1,,,,,
2026-07-14,2026-07-14,CM,NSE,STK,18011,INE716A01013,WHIRLPOOL,EQ,,,,,WHIRLPOOL OF INDIA LTD,791.0,792.0,780.0,782.75,782.75,790.35,,782.8,,,153574,120372483.3,10707,F1,1,,,,,
2026-07-14,2026-07-14,CM,NSE,STK,3772,INE210A01017,WILLAMAGOR,EQ,,,,,WILLIAMSON MAGOR,26.4,26.97,25.76,26.13,25.9,25.51,,26.01,,,2352,62631.31,31,F1,1,,,,,
2026-07-14,2026-07-14,CM,NSE,STK,5366,INE0H5O01029,WINDLAS,EQ,,,,,WINDLAS BIOTECH LIMITED,857.85,870.0,844.2,851.05,849.4,852.25,,851.05,,,47670,40841270.65,2923,F1,1,,,,,
2026-07-14,2026-07-14,CM,NSE,STK,24969,INE052A01021,WINDMACHIN,EQ,,,,,WINDSOR MACHINES LIMITED,311.25,315.65,307.05,309.75,310.5,312.8,,309.75,,,37225,11569826.45,1001,F1,1,,,,,
2026-07-14,2026-07-14,CM,NSE,STK,24173,INE0S9101013,WINNY,SM,,,,,WINNY IMMIGRA & EDU SER L,37.25,37.25,37.25,37.25,37.25,39.2,,37.25,,,500,18625.0,1,F1,500,,,,,
2026-07-14,2026-07-14,CM,NSE,STK,23714,INE0S3D01016,WINSOL,SM,,,,,WINSOL ENGINEERS LIMITED,118.95,119.8,118.0,119.0,119.0,119.15,,119.0,,,7600,904320.0,14,F1,400,,,,,
2026-07-14,2026-07-14,CM,NSE,STK,14757,INE784B01035,WINSOME,BZ,,,,,WINSOME YARNS LIMITED,2.02,2.09,2.02,2.09,2.09,2.05,,2.09,,,71729,148500.56,36,F1,1,,,,,
2026-07-14,2026-07-14,CM,NSE,STK,3787,INE075A01022,WIPRO,EQ,,,,,WIPRO LTD,178.5,180.5,176.71,177.14,176.8,178.43,,177.14,,,14461463,2576654026.67,102905,F1,1,,,,,
2026-07-14,2026-07-14,CM,NSE,STK,22725,INE623Y01011,WTICAB,SM,,,,,WISE TRAVEL INDIA LIMITED,126.15,135.3,126.15,134.65,135.0,126.15,,134.65,,,43000,5677600.0,79,F1,500,,,,,
2026-07-14,2026-07-14,CM,NSE,STK,7506,INE049B01025,WOCKPHARMA,EQ,,,,,WOCKHARDT LIMITED,1847.0,1857.0,1800.5,1850.7,1853.5,1854.5,,1850.7,,,627668,1149135022.8,27350,F1,1,,,,,
2026-07-14,2026-07-14,CM,NSE,STK,25605,INE0OO201011,WOL3D,ST,,,,,WOL 3D INDIA LIMITED,118.0,118.0,115.0,118.0,118.0,118.0,,118.0,,,8000,934000.0,8,F1,1000,,,,,
2026-07-14,2026-07-14,CM,NSE,STK,19627,INE0Q9601016,WOMANCART,SM,,,,,WOMANCART LIMITED,109.95,109.95,104.9,106.4,107.0,106.75,,106.4,,,15600,1662280.0,34,F1,400,,,,,
2026-07-14,2026-07-14,CM,NSE,STK,7835,INE02WG01024,WEL,EQ,,,,,WONDER ELECTRICALS LTD,101.31,103.0,101.25,101.39,101.26,101.75,,101.39,,,53369,5431624.86,562,F1,1,,,,,
2026-07-14,2026-07-14,CM,NSE,STK,3002,INE066O01014,WONDERLA,EQ,,,,,WONDERLA HOLIDAYS LTD.,472.0,477.8,468.1,470.25,470.0,472.45,,470.25,,,29766,14014551.2,1861,F1,1,,,,,
2026-07-14,2026-07-14,CM,NSE,STK,22277,INE196Y01018,WORTHPERI,EQ,,,,,WORTH PERIPHERALS LIMITED,134.7,148.0,133.6,143.23,143.87,134.63,,143.23,,,118413,16946547.07,923,F1,1,,,,,
2026-07-14,2026-07-14,CM,NSE,STK,11705,INE692G01013,XCHANGING,EQ,,,,,XCHANGING SOLUTIONS LTD,65.05,66.39,64.64,65.0,65.14,66.04,,65.0,,,106954,6980087.96,1273,F1,1,,,,,
2026-07-14,2026-07-14,CM,NSE,STK,8477,INE01P501012,XELPMOC,EQ,,,,,XELPMOC DESIGN & TECH LTD,82.5,84.99,81.0,82.62,83.94,83.4,,82.63,,,7939,655668.9,181,F1,1,,,,,
2026-07-14,2026-07-14,CM,NSE,STK,11407,INE445C01015,XPROINDIA,EQ,,,,,XPRO INDIA LIMITED,1419.0,1437.8,1394.9,1400.5,1396.0,1426.4,,1400.6,,,22988,32479247.7,2634,F1,1,,,,,
2026-07-14,2026-07-14,CM,NSE,STK,25235,INE547B01028,XTGLOBAL,EQ,,,,,XTGLOBAL INFOTECH LIMITED,28.55,29.39,28.46,29.21,29.39,28.55,,29.19,,,37602,1080651.68,616,F1,1,,,,,
2026-07-14,2026-07-14,CM,NSE,STK,760873,INE0U0J01015,YAAP,ST,,,,,YAAP DIGITAL LIMITED,146.0,146.0,142.5,142.85,142.8,149.75,,142.85,,,37000,5314000.0,37,F1,1000,,,,,
2026-07-14,2026-07-14,CM,NSE,STK,23451,INE0TO601017,YASHOPTICS,SM,,,,,YASH OPTICS & LENS LTD,119.5,120.0,119.5,119.5,119.5,119.05,,119.5,,,2400,287200.0,3,F1,800,,,,,
2026-07-14,2026-07-14,CM,NSE,STK,18131,INE616Z01012,YASHO,EQ,,,,,YASHO INDUSTRIES LIMITED,2972.5,3120.0,2945.5,3091.0,3119.5,2972.5,,3091.0,,,20193,61649806.3,2986,F1,1,,,,,
2026-07-14,2026-07-14,CM,NSE,STK,17738,INE0JO301016,YATHARTH,EQ,,,,,YATHARTH HOSP & TRA C S L,840.0,843.45,806.35,829.2,827.0,845.45,,829.2,,,971620,797476011.7,19765,F1,1,,,,,
2026-07-14,2026-07-14,CM,NSE,STK,18760,INE0JR601024,YATRA,EQ,,,,,YATRA ONLINE LIMITED,113.2,114.0,109.78,110.31,110.25,114.12,,110.32,,,1143839,127174107.12,9136,F1,1,,,,,
2026-07-14,2026-07-14,CM,NSE,STK,11915,INE528G01035,YESBANK,EQ,,,,,YES BANK LIMITED,23.75,23.85,23.5,23.61,23.64,23.78,,23.61,,,61791520,1460496208.79,65521,F1,1,,,,,
2026-07-14,2026-07-14,CM,NSE,STK,18040,INE09FA01019,YUDIZ,SM,,,,,YUDIZ SOLUTIONS LIMITED,24.45,24.45,24.45,24.45,24.45,24.35,,24.45,,,800,19560.0,1,F1,800,,,,,
2026-07-14,2026-07-14,CM,NSE,STK,5501,INE384C01016,YUKEN,EQ,,,,,YUKEN INDIA LIMITED,766.35,770.2,750.0,751.6,750.0,766.9,,752.35,,,8379,6352859.15,356,F1,1,,,,,
2026-07-14,2026-07-14,CM,NSE,STK,4229,INE116C01012,ZFSTEERING,EQ,,,,,Z F STEERING GEAR (I) LTD,667.0,700.65,666.7,687.7,682.95,670.7,,687.75,,,6348,4336546.35,519,F1,1,,,,,
2026-07-14,2026-07-14,CM,NSE,STK,23976,INE0ISZ01012,ZTECH,SM,,,,,Z-TECH (INDIA) LIMITED,590.0,592.0,570.0,572.4,573.0,589.6,,572.4,,,17700,10259760.0,52,F1,300,,,,,
2026-07-14,2026-07-14,CM,NSE,STK,18608,INE07K301024,ZAGGLE,EQ,,,,,ZAGGLE PREPA OCEAN SER L,217.8,217.8,211.86,212.74,212.98,217.8,,212.74,,,730579,155916614.21,10394,F1,1,,,,,
2026-07-14,2026-07-14,CM,NSE,STK,17766,INE0PPS01018,ZEAL,SM,,,,,ZEAL GLOBAL SERVICES LTD,65.0,66.0,65.0,65.6,65.6,68.65,,65.6,,,3000,195990.0,5,F1,600,,,,,
2026-07-14,2026-07-14,CM,NSE,STK,3812,INE256A01028,ZEEL,EQ,,,,,ZEE ENTERTAINMENT ENT LTD,101.4,105.79,99.7,103.12,103.23,101.33,,103.12,,,36573941,3793252471.31,108412,F1,1,,,,,
2026-07-14,2026-07-14,CM,NSE,STK,20856,INE565L01011,ZEELEARN,BE,,,,,ZEE LEARN LIMITED,8.83,9.25,8.76,8.89,8.99,9.01,,8.88,,,328195,2949978.06,383,F1,1,,,,,
2026-07-14,2026-07-14,CM,NSE,STK,14003,INE966H01019,ZEEMEDIA,EQ,,,,,ZEE MEDIA CORPORATION LTD,8.3,8.48,8.21,8.25,8.26,8.31,,8.25,,,628179,5223358.33,1180,F1,1,,,,,
2026-07-14,2026-07-14,CM,NSE,STK,7508,INE251B01027,ZENTEC,EQ,,,,,ZEN TECHNOLOGIES LIMITED,1824.0,1827.5,1788.0,1802.7,1795.0,1831.1,,1802.7,,,274592,494025245.4,15689,F1,1,,,,,
2026-07-14,2026-07-14,CM,NSE,STK,22803,INE0QWN01013,ZENITHDRUG,SM,,,,,ZENITH DRUGS LIMITED,52.45,52.45,52.45,52.45,52.45,52.5,,52.45,,,1600,83920.0,2,F1,800,,,,,
2026-07-14,2026-07-14,CM,NSE,STK,4176,INE058B01018,ZENITHEXPO,EQ,,,,,ZENITH EXPORTS LTD,201.0,201.0,199.39,199.39,199.4,201.0,,199.39,,,96,19178.99,12,F1,1,,,,,
2026-07-14,2026-07-14,CM,NSE,STK,14562,INE318D01020,ZENITHSTL,EQ,,,,,ZENITH STEEL PIP IND LTD,5.59,5.63,5.27,5.52,5.5,5.51,,5.52,,,41529,228427.28,169,F1,1,,,,,
2026-07-14,2026-07-14,CM,NSE,STK,1076,INE520A01027,ZENSARTECH,EQ,,,,,ZENSAR TECHNOLOGIES  LTD,545.55,558.0,523.1,527.9,526.95,540.2,,527.9,,,12932690,6999788653.85,170434,F1,1,,,,,
2026-07-14,2026-07-14,CM,NSE,STK,22901,INF0R8F01042,GOLDCASE,EQ,,,,,ZERODHAAMC - GOLDCASE,22.3,22.3,21.97,22.06,22.12,22.26,,22.06,,,8755790,193453150.2,11991,F1,1,,,,,
2026-07-14,2026-07-14,CM,NSE,STK,21750,INF0R8F01034,LIQUIDCASE,EQ,,,,,ZERODHAAMC - LIQUIDCASE,114.98,115.0,114.98,114.99,115.0,114.97,,114.99,,,12846685,1477228421.72,12393,F1,1,,,,,
2026-07-14,2026-07-14,CM,NSE,STK,758705,INF0R8F01133,LTGILTCASE,EQ,,,,,ZERODHAAMC - LTGILTCASE,30.53,30.7,29.92,30.39,30.37,30.53,,30.39,,,190134,5779465.06,182,F1,1,,,,,
2026-07-14,2026-07-14,CM,NSE,STK,24077,INF0R8F01059,MID150CASE,EQ,,,,,ZERODHAAMC - MID150CASE,11.85,11.85,11.41,11.57,11.59,11.62,,11.57,,,927781,10743683.96,3324,F1,1,,,,,
2026-07-14,2026-07-14,CM,NSE,STK,759302,INF0R8F01166,NIFTYCASE,EQ,,,,,ZERODHAAMC - NIFTYCASE,9.69,9.76,9.61,9.62,9.62,9.69,,9.62,,,747308,7215247.29,1586,F1,1,,,,,
2026-07-14,2026-07-14,CM,NSE,STK,30274,INF0R8F01091,SILVERCASE,EQ,,,,,ZERODHAAMC - SILVERCASE,22.2,22.2,21.6,22.02,22.04,21.99,,22.02,,,7325644,161082752.71,6716,F1,1,,,,,
2026-07-14,2026-07-14,CM,NSE,STK,758955,INF0R8F01141,SML100CASE,EQ,,,,,ZERODHAAMC - SML100CASE,11.3,11.3,10.89,10.91,10.9,11.08,,10.9,,,1883171,20597035.95,2081,F1,1,,,,,
2026-07-14,2026-07-14,CM,NSE,STK,24081,INF0R8F01067,TOP100CASE,EQ,,,,,ZERODHAAMC - TOP100CASE,10.4,10.64,10.4,10.52,10.56,10.57,,10.52,,,363214,3828090.48,1023,F1,1,,,,,
2026-07-14,2026-07-14,CM,NSE,STK,16915,INE342J01019,ZFCVINDIA,EQ,,,,,ZF COM VE CTR SYS IND LTD,2322.0,2340.4,2301.0,2313.2,2312.0,2321.3,,2313.4,,,95634,221142849.9,11811,F1,1,,,,,
2026-07-14,2026-07-14,CM,NSE,STK,12412,INE518E01015,ZIMLAB,BE,,,,,ZIM LABORATORIES LIMITED,118.2,118.2,118.2,118.2,118.2,115.89,,118.3,,,23749,2807131.8,46,F1,1,,,,,
2026-07-14,2026-07-14,CM,NSE,STK,3821,INE206B01013,ZODIACLOTH,EQ,,,,,ZODIAC CLOTHING CO. LTD.,79.17,79.83,76.12,78.74,78.98,78.72,,78.74,,,2588,201925.96,121,F1,1,,,,,
2026-07-14,2026-07-14,CM,NSE,STK,7138,INE761Y01019,ZODIAC,BE,,,,,ZODIAC ENERGY LIMITED,272.0,272.8,265.15,266.25,266.15,273.8,,266.25,,,7461,1998695.85,217,F1,1,,,,,
2026-07-14,2026-07-14,CM,NSE,STK,11394,INE358U01012,ZOTA,EQ,,,,,ZOTA HEALTH CARE LIMITED,1425.0,1431.9,1382.2,1385.8,1383.3,1437.2,,1385.8,,,48140,67722778.0,2801,F1,1,,,,,
2026-07-14,2026-07-14,CM,NSE,STK,29050,INE840M01016,ZUARI,EQ,,,,,ZUARI AGRO CHEMICALS LTD,235.9,236.99,232.8,235.58,236.0,236.75,,235.57,,,54637,12825100.15,1421,F1,1,,,,,
2026-07-14,2026-07-14,CM,NSE,STK,3827,INE217A01012,ZUARIIND,EQ,,,,,ZUARI INDUSTRIES LIMITED,266.05,271.35,264.4,267.35,268.65,268.95,,267.35,,,42364,11378164.8,1416,F1,1,,,,,
2026-07-14,2026-07-14,CM,NSE,STK,7929,INE010B01027,ZYDUSLIFE,EQ,,,,,ZYDUS LIFESCIENCES LTD,1127.2,1151.7,1126.6,1133.6,1134.4,1131.3,,1133.6,,,1125219,1281644593.4,29586,F1,1,,,,,
2026-07-14,2026-07-14,CM,NSE,STK,17635,INE768C01028,ZYDUSWELL,EQ,,,,,ZYDUS WELLNESS LIMITED,592.0,592.0,574.75,575.9,578.0,592.65,,575.95,,,178704,103855031.55,8169,F1,1,,,,,
