TradDt,BizDt,Sgmt,Src,FinInstrmTp,FinInstrmId,ISIN,TckrSymb,SctySrs,XpryDt,FininstrmActlXpryDt,StrkPric,OptnTp,FinInstrmNm,OpnPric,HghPric,LwPric,ClsPric,LastPric,PrvsClsgPric,UndrlygPric,SttlmPric,OpnIntrst,ChngInOpnIntrst,TtlTradgVol,TtlTrfVal,TtlNbOfTxsExctd,SsnId,NewBrdLotQty,Rmks,Rsvd1,Rsvd2,Rsvd3,Rsvd4
2026-07-15,2026-07-15,CM,NSE,STK,19078,IN0020200104,SGBJUN28,GB,,,,,2.5%GOLDBONDS2028SR-III,14169.98,14169.98,14025.0,14053.8,14090.0,14051.8,,14053.8,,,33,465186.91,25,F1,1,,,,,
2026-07-15,2026-07-15,CM,NSE,STK,1342,IN0020200286,SGBN28VIII,GB,,,,,2.5%GOLDBONDS2028SR-VIII,14068.0,14144.69,14040.47,14053.49,14040.47,14066.64,,14053.49,,,17,239467.48,11,F1,1,,,,,
2026-07-15,2026-07-15,CM,NSE,STK,3742,IN0020210053,SGBMAY29I,GB,,,,,2.5%GOLDBONDS2029SR-I,14075.0,14290.0,14025.0,14184.23,14290.0,14054.57,,14174.5,,,403,5691689.83,103,F1,1,,,,,
2026-07-15,2026-07-15,CM,NSE,STK,3743,IN0020210061,SGBJUN29II,GB,,,,,2.5%GOLDBONDS2029SR-II,14051.01,14139.99,14040.0,14066.84,14040.0,14046.05,,14061.43,,,192,2702764.72,62,F1,1,,,,,
2026-07-15,2026-07-15,CM,NSE,STK,3800,IN0020210087,SGBJU29III,GB,,,,,2.5%GOLDBONDS2029SR-III,14066.72,14100.0,14040.0,14058.63,14040.0,14046.66,,14058.63,,,86,1209595.86,39,F1,1,,,,,
2026-07-15,2026-07-15,CM,NSE,STK,5575,IN0020210145,SGBSEP29VI,GB,,,,,2.5%GOLDBONDS2029SR-VI,14087.0,14270.0,14070.01,14150.0,14150.0,14087.75,,14120.0,,,85,1203134.17,30,F1,1,,,,,
2026-07-15,2026-07-15,CM,NSE,STK,6518,IN0020210178,SGBNV29VII,GB,,,,,2.5%GOLDBONDS2029SR-VII,14100.0,14197.99,14050.0,14050.0,14050.0,14030.01,,14066.33,,,48,677899.59,23,F1,1,,,,,
2026-07-15,2026-07-15,CM,NSE,STK,5960,IN0020180249,SGBOCT26,GB,,,,,2.50%GOLDBONDS2026SR-II,14380.0,14380.0,14380.0,14380.0,14380.0,14380.0,,14380.0,,,1,14380.0,1,F1,1,,,,,
2026-07-15,2026-07-15,CM,NSE,STK,6355,IN0020180314,SGBNOV26,GB,,,,,2.50%GOLDBONDS2026SR-III,14260.0,14300.0,13906.11,14098.0,14098.0,14260.0,,14098.0,,,14,197332.44,7,F1,1,,,,,
2026-07-15,2026-07-15,CM,NSE,STK,7654,IN0020180389,SGBDEC26,GB,,,,,2.50%GOLDBONDS2026SR-IV,14250.0,14250.0,14250.0,14250.0,14250.0,14250.0,,14250.0,,,1,14250.0,1,F1,1,,,,,
2026-07-15,2026-07-15,CM,NSE,STK,10261,IN0020190073,SGBJUN27,GB,,,,,2.50%GOLDBONDS2027SR-I,13980.0,13980.0,13980.0,13980.0,13980.0,14149.98,,13980.0,,,2,27960.0,1,F1,1,,,,,
2026-07-15,2026-07-15,CM,NSE,STK,11154,IN0020190081,SGBJUL27,GB,,,,,2.50%GOLDBONDS2027SR-II,14150.0,14150.0,13951.11,14049.0,14049.0,14150.0,,14049.0,,,3,42150.11,3,F1,1,,,,,
2026-07-15,2026-07-15,CM,NSE,STK,12904,IN0020190107,SGBAUG27,GB,,,,,2.50%GOLDBONDS2027SR-III,14188.0,14480.0,14188.0,14189.0,14189.0,14188.0,,14120.0,,,29,413048.0,17,F1,1,,,,,
2026-07-15,2026-07-15,CM,NSE,STK,13209,IN0020190115,SGBSEP27,GB,,,,,2.50%GOLDBONDS2027SR-IV,14015.16,14049.0,14015.16,14035.0,14021.01,13983.23,,14035.0,,,4,56100.33,4,F1,1,,,,,
2026-07-15,2026-07-15,CM,NSE,STK,13981,IN0020190370,SGBOCT27,GB,,,,,2.50%GOLDBONDS2027SR-V,14020.01,14140.0,14020.01,14140.0,14140.0,14020.0,,14140.0,,,30,421779.53,10,F1,1,,,,,
2026-07-15,2026-07-15,CM,NSE,STK,8766,IN0020180561,SGBFEB27,GB,,,,,2.50%GOLDBONDS2027SR-VI,14099.99,14099.99,14099.99,14099.99,14099.99,14099.99,,14099.99,,,1,14099.99,1,F1,1,,,,,
2026-07-15,2026-07-15,CM,NSE,STK,15432,IN0020190461,SGBDC27VII,GB,,,,,2.50%GOLDBONDS2027SR-VII,14202.0,14202.0,14011.16,14113.22,14120.25,14128.27,,14113.22,,,22,311365.41,4,F1,1,,,,,
2026-07-15,2026-07-15,CM,NSE,STK,18862,IN0020200062,SGBAPR28I,GB,,,,,2.50%GOLDBONDS2028SR-I,14128.0,14174.99,14030.01,14060.45,14099.0,14042.95,,14063.18,,,87,1229478.06,28,F1,1,,,,,
2026-07-15,2026-07-15,CM,NSE,STK,18972,IN0020200088,SGBMAY28,GB,,,,,2.50%GOLDBONDS2028SR-II,14139.0,14139.0,14027.1,14040.3,14040.19,14007.31,,14038.75,,,60,842981.33,21,F1,1,,,,,
2026-07-15,2026-07-15,CM,NSE,STK,22242,IN0020200146,SGBJUL28IV,GB,,,,,2.50%GOLDBONDS2028SR-IV,14005.01,14099.99,14003.74,14035.0,14035.0,14003.74,,14016.08,,,1462,20534542.17,202,F1,1,,,,,
2026-07-15,2026-07-15,CM,NSE,STK,17664,IN0020190545,SGBFEB28IX,GB,,,,,2.50%GOLDBONDS2028SR-IX,14100.0,14100.0,14100.0,14100.0,14100.0,14041.77,,14100.0,,,6,84600.0,2,F1,1,,,,,
2026-07-15,2026-07-15,CM,NSE,STK,22385,IN0020200161,SGBAUG28V,GB,,,,,2.50%GOLDBONDS2028SR-V,14151.77,14199.99,14060.0,14116.11,14120.0,14081.37,,14116.11,,,547,7725713.95,129,F1,1,,,,,
2026-07-15,2026-07-15,CM,NSE,STK,149,IN0020200195,SGBSEP28VI,GB,,,,,2.50%GOLDBONDS2028SR-VI,14100.0,14200.0,14055.0,14091.53,14098.0,14098.0,,14081.61,,,307,4327184.89,37,F1,1,,,,,
2026-07-15,2026-07-15,CM,NSE,STK,834,IN0020200203,SGBOC28VII,GB,,,,,2.50%GOLDBONDS2028SR-VII,14079.99,14100.0,14025.0,14062.5,14100.0,14073.59,,14062.5,,,51,717815.54,16,F1,1,,,,,
2026-07-15,2026-07-15,CM,NSE,STK,17110,IN0020190537,SGBJ28VIII,GB,,,,,2.50%GOLDBONDS2028SR-VIII,14075.0,14145.0,14075.0,14145.0,14145.0,14010.42,,14086.5,,,3,42295.0,2,F1,1,,,,,
2026-07-15,2026-07-15,CM,NSE,STK,5113,IN0020210111,SGBJUL29IV,GB,,,,,2.50%GOLDBONDS2029SR-IV,14102.0,14150.0,14079.61,14089.5,14080.0,14079.61,,14077.26,,,109,1536878.31,25,F1,1,,,,,
2026-07-15,2026-07-15,CM,NSE,STK,1920,IN0020200377,SGBJAN29IX,GB,,,,,2.50%GOLDBONDS2029SR-IX,14062.5,14100.0,14040.0,14067.94,14075.0,14001.88,,14063.27,,,187,2629696.51,43,F1,1,,,,,
2026-07-15,2026-07-15,CM,NSE,STK,5455,IN0020210129,SGBAUG29V,GB,,,,,2.50%GOLDBONDS2029SR-V,14249.0,14250.0,14150.0,14174.22,14200.0,14098.36,,14174.22,,,201,2848232.65,46,F1,1,,,,,
2026-07-15,2026-07-15,CM,NSE,STK,7098,IN0020210228,SGBD29VIII,GB,,,,,2.50%GOLDBONDS2029SR-VIII,14087.74,14215.01,14061.0,14148.04,14177.0,14076.87,,14143.03,,,79,1116394.81,37,F1,1,,,,,
2026-07-15,2026-07-15,CM,NSE,STK,2003,IN0020200385,SGBJAN29X,GB,,,,,2.50%GOLDBONDS2029SR-X,14120.5,14135.0,14052.77,14066.11,14052.77,14080.06,,14066.11,,,26,366452.52,10,F1,1,,,,,
2026-07-15,2026-07-15,CM,NSE,STK,2200,IN0020200393,SGBFEB29XI,GB,,,,,2.50%GOLDBONDS2029SR-XI,14199.0,14199.0,14099.99,14099.99,14099.99,14065.0,,14099.99,,,23,324622.97,7,F1,1,,,,,
2026-07-15,2026-07-15,CM,NSE,STK,2810,IN0020200427,SGBMR29XII,GB,,,,,2.50%GOLDBONDS2029SR-XII,14190.0,14190.0,14050.0,14066.2,14050.0,14023.31,,14066.2,,,78,1099975.21,19,F1,1,,,,,
2026-07-15,2026-07-15,CM,NSE,STK,10232,IN0020220045,SGBJUN30,GB,,,,,2.50%GOLDBONDS2030SR-I,14190.69,14285.99,14190.69,14285.98,14285.98,14190.69,,14286.05,,,110,1570050.57,20,F1,1,,,,,
2026-07-15,2026-07-15,CM,NSE,STK,11192,IN0020220078,SGBAUG30,GB,,,,,2.50%GOLDBONDS2030SR-II,14140.02,14393.99,14140.02,14210.1,14210.1,14139.64,,14206.8,,,92,1309158.0,33,F1,1,,,,,
2026-07-15,2026-07-15,CM,NSE,STK,13642,IN0020220110,SGBDE30III,GB,,,,,2.50%GOLDBONDS2030SR-III,14252.0,14295.39,14205.5,14231.21,14205.5,14198.32,,14185.56,,,162,2304097.33,31,F1,1,,,,,
2026-07-15,2026-07-15,CM,NSE,STK,7879,IN0020210236,SGBJAN30IX,GB,,,,,2.50%GOLDBONDS2030SR-IX,14061.01,14200.0,14061.01,14123.16,14113.0,14119.99,,14123.16,,,104,1472162.74,33,F1,1,,,,,
2026-07-15,2026-07-15,CM,NSE,STK,8401,IN0020210319,SGBMAR30X,GB,,,,,2.50%GOLDBONDS2030SR-X,14250.0,14250.0,14152.05,14152.05,14152.05,14248.4,,14152.05,,,51,726652.05,14,F1,1,,,,,
2026-07-15,2026-07-15,CM,NSE,STK,17202,IN0020230069,SGBJUN31I,GB,,,,,2.50%GOLDBONDS2031SR-I,14474.0,14475.0,14299.99,14354.54,14351.0,14373.47,,14355.85,,,682,9818346.45,132,F1,1,,,,,
2026-07-15,2026-07-15,CM,NSE,STK,19456,IN0020230093,SGBSEP31II,GB,,,,,2.50%GOLDBONDS2031SR-II,14375.0,14484.99,14320.0,14399.37,14399.0,14389.21,,14418.06,,,786,11335069.85,136,F1,1,,,,,
2026-07-15,2026-07-15,CM,NSE,STK,22476,IN0020230168,SGBDE31III,GB,,,,,2.50%GOLDBONDS2031SR-III,14501.0,14620.0,14499.0,14518.89,14521.05,14499.48,,14512.33,,,951,13837465.55,182,F1,1,,,,,
2026-07-15,2026-07-15,CM,NSE,STK,14598,IN0020220169,SGBMAR31IV,GB,,,,,2.50%GOLDBONDS2031SR-IV,13962.45,14569.99,13962.45,14333.33,14305.0,14320.47,,14333.33,,,114,1634182.92,44,F1,1,,,,,
2026-07-15,2026-07-15,CM,NSE,STK,22886,IN0020230184,SGBFEB32IV,GB,,,,,2.50%GOLDBONDS2032SR-IV,14630.01,14758.96,14600.0,14623.27,14601.01,14625.26,,14624.72,,,972,14253114.98,209,F1,1,,,,,
2026-07-15,2026-07-15,CM,NSE,STK,16921,INE144J01027,20MICRONS,EQ,,,,,20 MICRONS LTD,205.0,207.79,202.96,204.43,204.11,205.3,,204.4,,,144897,29693474.46,2877,F1,1,,,,,
2026-07-15,2026-07-15,CM,NSE,STK,4,INE253B01015,21STCENMGM,EQ,,,,,21ST CENTURY MGMT SERVICE,32.4,32.48,31.51,32.48,32.48,31.85,,32.53,,,4406,142820.47,37,F1,1,,,,,
2026-07-15,2026-07-15,CM,NSE,STK,13061,INE466L01038,360ONE,EQ,,,,,360 ONE WAM LIMITED,1104.2,1119.8,1092.5,1098.6,1102.0,1098.8,,1098.6,,,649100,716798090.5,43296,F1,1,,,,,
2026-07-15,2026-07-15,CM,NSE,STK,30105,INF579M01BB5,GOLD360,EQ,,,,,360ONEAMC - GOLD360,137.3,139.0,137.2,137.3,137.35,137.25,,137.3,,,7993,1099628.85,142,F1,1,,,,,
2026-07-15,2026-07-15,CM,NSE,STK,763602,INF579M01BP5,MSCI360,EQ,,,,,360ONEAMC - MSCI360,10.2,10.2,10.12,10.12,10.12,10.18,,10.12,,,9826,99752.53,32,F1,1,,,,,
2026-07-15,2026-07-15,CM,NSE,STK,756150,INF579M01BC3,SILVER360,EQ,,,,,360ONEAMC - SILVER360,216.0,217.43,214.12,215.03,215.2,214.1,,215.03,,,11664,2508756.16,289,F1,1,,,,,
2026-07-15,2026-07-15,CM,NSE,STK,762518,INE994E01018,3BBLACKBIO,EQ,,,,,3B BLACKBIO DX LTD.,1182.0,1280.0,1182.0,1270.2,1279.9,1182.6,,1270.7,,,47232,59048732.5,4809,F1,1,,,,,
2026-07-15,2026-07-15,CM,NSE,STK,6232,INE748C01038,3IINFOLTD,EQ,,,,,3I INFOTECH LIMITED,18.26,18.44,18.03,18.07,18.1,18.19,,18.07,,,224434,4068393.62,963,F1,1,,,,,
2026-07-15,2026-07-15,CM,NSE,STK,474,INE470A01017,3MINDIA,EQ,,,,,3M INDIA LIMITED,36700.0,36880.0,35800.0,35930.0,35975.0,36540.0,,35930.0,,,9149,331543035.0,3955,F1,1,,,,,
2026-07-15,2026-07-15,CM,NSE,STK,2595,INE105C01023,3PLAND,EQ,,,,,3P LAND HOLDINGS LIMITED,32.0,33.0,31.5,31.92,32.63,31.84,,31.9,,,4201,133283.11,75,F1,1,,,,,
2026-07-15,2026-07-15,CM,NSE,STK,445,INE618L01018,5PAISA,EQ,,,,,5PAISA CAPITAL LIMITED,389.8,400.0,386.9,390.85,392.0,384.95,,390.8,,,114226,44893734.8,3597,F1,1,,,,,
2026-07-15,2026-07-15,CM,NSE,STK,11868,INE111B01023,63MOONS,EQ,,,,,63 MOONS TECHNOLOGIES LTD,729.75,745.0,716.45,719.75,721.1,721.8,,719.7,,,184851,134845927.55,6830,F1,1,,,,,
2026-07-15,2026-07-15,CM,NSE,STK,29323,INE053F07579,734IRFC28,N4,,,,,7.34 NCD 19FEB28 TR1 SR2,1081.05,1081.05,1081.0,1081.0,1081.0,1078.0,,1081.0,,,2,2162.05,2,F1,1,,,,,
2026-07-15,2026-07-15,CM,NSE,STK,19926,INE020B07JU4,743REC35,NH,,,,,7.43% TAX FREE TRI SR3B,1173.1,1190.05,1173.1,1190.05,1190.05,1190.0,,1190.05,,,2,2363.15,2,F1,1,,,,,
2026-07-15,2026-07-15,CM,NSE,STK,20034,INE261F07032,764NABAR31,N2,,,,,7.64% TAX FREE TRI SRIIB,1105.0,1110.0,1104.0,1109.81,1109.99,1104.64,,1109.81,,,1905,2110134.55,16,F1,1,,,,,
2026-07-15,2026-07-15,CM,NSE,STK,19928,INE031A07AO5,764HUDCO31,N8,,,,,7.64% TAX FREETRI SR2B,1116.0,1116.0,1113.0,1113.0,1113.0,1110.01,,1111.2,,,54,60189.0,4,F1,1,,,,,
2026-07-15,2026-07-15,CM,NSE,STK,19924,INE020B07GH7,812REC27,NI,,,,,8.12/8.32% TAX FREE NCD,1018.0,1018.0,1018.0,1018.0,1018.0,1018.0,,1018.0,,,135,137430.0,2,F1,1,,,,,
2026-07-15,2026-07-15,CM,NSE,STK,31240,INE031A07840,82HUDCO27,N2,,,,,8.20 NCD05MAR27 FV 1000,1043.0,1043.0,1042.75,1042.75,1042.75,1042.51,,1042.75,,,1000,1042925.0,10,F1,1,,,,,
2026-07-15,2026-07-15,CM,NSE,STK,192,INE906B07DF8,875NHAI29,N6,,,,,8.75% TAX FREE TR I S IIB,1107.0,1107.0,1103.1,1104.16,1104.16,1104.18,,1104.16,,,280,309395.42,11,F1,1,,,,,
2026-07-15,2026-07-15,CM,NSE,STK,19968,INE031A07949,876HUDCO28,ND,,,,,8.76% TAX FREETRI SR2B,1143.0,1144.0,1142.97,1142.97,1142.97,1141.47,,1142.98,,,650,742996.0,10,F1,1,,,,,
2026-07-15,2026-07-15,CM,NSE,STK,31768,INE733E07JJ9,891NTPC33,N6,,,,,8.91%S-R-NCD SERIES 3B,1279.0,1279.0,1270.0,1270.0,1270.0,1278.0,,1270.0,,,70,89350.0,2,F1,1,,,,,
2026-07-15,2026-07-15,CM,NSE,STK,31487,INE848E07567,892NHPC33,N6,,,,,8.92% SEC RED BOND S3B,1245.0,1245.0,1245.0,1245.0,1245.0,1244.0,,1245.0,,,185,230325.0,2,F1,1,,,,,
2026-07-15,2026-07-15,CM,NSE,STK,20028,INE134E07463,892PFCL33,N8,,,,,8.92% TAX FREE NCD,1270.0,1275.0,1270.0,1274.0,1274.0,1274.0,,1274.0,,,14,17838.0,3,F1,1,,,,,
2026-07-15,2026-07-15,CM,NSE,STK,759130,INE08PH01015,ABCOTS,EQ,,,,,A B COTSPIN INDIA LIMITED,212.0,212.0,206.01,206.63,207.15,208.01,,206.65,,,20378,4212955.01,550,F1,1,,,,,
2026-07-15,2026-07-15,CM,NSE,STK,27020,INE00YB01025,ABINFRA,EQ,,,,,A B INFRABUILD LIMITED,10.24,10.3,10.02,10.09,10.15,10.2,,10.09,,,841221,8541159.3,1336,F1,1,,,,,
2026-07-15,2026-07-15,CM,NSE,STK,762528,INE850B01026,ABMKNO,EQ,,,,,A B M KNOWLEDGEWARE LTD.,209.9,210.0,204.0,210.0,210.0,208.87,,210.0,,,5209,1084995.81,73,F1,1,,,,,
2026-07-15,2026-07-15,CM,NSE,STK,762533,INE366C01021,ACSTECH,EQ,,,,,A C S TECHNOLOGIES LTD.,46.5,46.5,43.05,43.26,43.05,45.31,,43.31,,,293412,13063965.51,924,F1,1,,,,,
2026-07-15,2026-07-15,CM,NSE,STK,762538,INE701G01012,AKCAPIT,EQ,,,,,A K CAPITAL SERVICES LTD.,1835.0,1850.0,1761.9,1770.8,1761.9,1767.9,,1771.1,,,5625,10034384.9,915,F1,1,,,,,
2026-07-15,2026-07-15,CM,NSE,STK,20906,INE619I01012,A2ZINFRA,EQ,,,,,A2Z INFRA ENGINEERING LTD,14.46,14.46,13.18,13.6,13.63,14.01,,13.6,,,602501,8127702.52,1364,F1,1,,,,,
2026-07-15,2026-07-15,CM,NSE,STK,12533,INE0D0U01013,AAATECH,EQ,,,,,AAA TECHNOLOGIES LIMITED,95.96,95.96,93.3,93.38,93.3,94.84,,93.41,,,7289,684855.22,320,F1,1,,,,,
2026-07-15,2026-07-15,CM,NSE,STK,23729,INE883F01010,AADHARHFC,EQ,,,,,AADHAR HOUSING FINANCE L,519.0,521.95,512.0,513.75,512.0,518.95,,513.7,,,240740,124246218.7,18839,F1,1,,,,,
2026-07-15,2026-07-15,CM,NSE,STK,757579,INE1GYP01013,AAKAAR,SM,,,,,AAKAAR MEDICAL TECHNO LTD,70.95,71.9,70.15,70.2,70.2,70.95,,70.2,,,9600,677760.0,6,F1,1600,,,,,
2026-07-15,2026-07-15,CM,NSE,STK,235,INE087Z01024,AAKASH,EQ,,,,,AAKASH EXPLORATION SER L,9.2,9.49,9.14,9.16,9.16,9.18,,9.16,,,74915,694412.36,287,F1,1,,,,,
2026-07-15,2026-07-15,CM,NSE,STK,758120,INE124401014,AARADHYA,SM,,,,,AARADHYA DISPOSAL INDUS L,85.95,85.95,75.0,75.05,75.05,76.0,,75.05,,,28800,2244840.0,21,F1,1200,,,,,
2026-07-15,2026-07-15,CM,NSE,STK,5248,INE198H01019,AAREYDRUGS,BE,,,,,AAREY DRUGS & PHARM LTD,77.97,77.97,77.97,77.97,77.97,79.56,,80.45,,,7345,572689.65,29,F1,1,,,,,
2026-07-15,2026-07-15,CM,NSE,STK,761821,INE750R01016,AARNAV,EQ,,,,,AARNAV FASHIONS LIMITED,26.5,26.5,25.62,26.13,26.1,26.14,,26.15,,,13788,359609.05,178,F1,1,,,,,
2026-07-15,2026-07-15,CM,NSE,STK,1030,INE721Z01010,AARON,EQ,,,,,AARON INDUSTRIES LIMITED,116.21,117.8,114.0,116.48,117.5,116.32,,116.48,,,9913,1150150.08,393,F1,1,,,,,
2026-07-15,2026-07-15,CM,NSE,STK,17164,INE01C001026,AARTECH,BE,,,,,AARTECH SOLONICS LIMITED,47.5,49.49,47.5,49.07,49.4,47.47,,49.09,,,25202,1227346.63,115,F1,1,,,,,
2026-07-15,2026-07-15,CM,NSE,STK,4481,INE767A01016,AARTIDRUGS,EQ,,,,,AARTI DRUGS LTD.,408.0,427.9,405.5,421.6,423.0,405.7,,421.5,,,665505,279371503.0,19389,F1,1,,,,,
2026-07-15,2026-07-15,CM,NSE,STK,7,INE769A01020,AARTIIND,EQ,,,,,AARTI INDUSTRIES LTD,486.55,510.9,483.45,500.7,500.0,483.05,,500.7,,,4186186,2109850977.3,80374,F1,1,,,,,
2026-07-15,2026-07-15,CM,NSE,STK,13868,INE0LRU01027,AARTIPHARM,EQ,,,,,AARTI PHARMALABS LIMITED,711.0,730.9,709.0,718.25,718.95,709.75,,718.25,,,194690,140938388.4,19398,F1,1,,,,,
2026-07-15,2026-07-15,CM,NSE,STK,19233,INE09EO01013,AARTISURF,EQ,,,,,AARTI SURFACTANTS LIMITED,380.1,391.5,380.05,387.4,386.0,378.9,,387.4,,,6962,2695099.0,499,F1,1,,,,,
2026-07-15,2026-07-15,CM,NSE,STK,19073,INE754X01016,AARVI,EQ,,,,,AARVI ENCON LIMITED,150.74,150.74,146.01,147.1,147.8,150.74,,147.1,,,10905,1615623.93,362,F1,1,,,,,
2026-07-15,2026-07-15,CM,NSE,STK,763801,INE2FMX01012,AASTHA,BE,,,,,AASTHA SPINTEX LIMITED,128.68,132.74,128.68,128.68,128.68,135.45,,128.68,,,226561,29214777.1,908,F1,1,,,,,
2026-07-15,2026-07-15,CM,NSE,STK,5385,INE216P01012,AAVAS,EQ,,,,,AAVAS FINANCIERS LIMITED,1454.9,1510.1,1440.0,1500.9,1501.0,1447.5,,1500.9,,,67799,101091670.8,11291,F1,1,,,,,
2026-07-15,2026-07-15,CM,NSE,STK,7759,INE421A01028,ABAN,BE,,,,,ABAN OFFSHORE LTD.,15.0,15.55,15.0,15.43,15.26,14.81,,15.43,,,58638,902877.95,392,F1,1,,,,,
2026-07-15,2026-07-15,CM,NSE,STK,762526,INE365O01028,ABANSENT,BE,,,,,ABANS ENTERPRISES LTD.,28.74,28.74,27.5,27.89,28.01,27.9,,28.42,,,1812,50688.6,30,F1,1,,,,,
2026-07-15,2026-07-15,CM,NSE,STK,13288,INE00ZE01026,AFSL,EQ,,,,,ABANS FINANCIAL SRVCS LTD,201.95,201.95,201.0,201.09,201.02,201.03,,201.09,,,3278,659769.46,67,F1,1,,,,,
2026-07-15,2026-07-15,CM,NSE,STK,13,INE117A01022,ABB,EQ,,,,,ABB INDIA LIMITED,6940.0,7270.0,6926.5,7204.5,7230.0,6892.0,,7204.5,,,763817,5476088335.5,61478,F1,1,,,,,
2026-07-15,2026-07-15,CM,NSE,STK,17903,INE358A01014,ABBOTINDIA,EQ,,,,,ABBOTT INDIA LIMITED,27500.0,27750.0,27365.0,27640.0,27730.0,27500.0,,27640.0,,,8698,239576775.0,3302,F1,1,,,,,
2026-07-15,2026-07-15,CM,NSE,STK,755941,INE860H07IQ0,8ABCL26,N2,,,,,ABCL 8% SR I,1060.5,1060.8,1060.3,1060.55,1060.8,1060.8,,1060.55,,,30,31816.0,5,F1,1,,,,,
2026-07-15,2026-07-15,CM,NSE,STK,27284,INE0UYG01015,ABHAPOWER,SM,,,,,ABHA POWER N STEEL LTD,25.5,26.0,25.5,26.0,26.0,25.95,,26.0,,,8000,206400.0,5,F1,1600,,,,,
2026-07-15,2026-07-15,CM,NSE,STK,4654,INE0CAJ01017,AILIMITED,ST,,,,,ABHISHEK INTEGRATIONS LTD,39.05,39.05,38.0,38.0,38.0,37.2,,38.0,,,6000,231075.0,4,F1,1500,,,,,
2026-07-15,2026-07-15,CM,NSE,STK,5549,INE251C01025,ABMINTLLTD,EQ,,,,,ABM INTERNATIONAL LTD,41.42,42.0,39.3,39.3,39.3,41.42,,39.3,,,187,7737.79,10,F1,1,,,,,
2026-07-15,2026-07-15,CM,NSE,STK,23786,INE0QRV01016,ABSMARINE,ST,,,,,ABS MARINE SERVICES LTD,231.3,231.3,219.75,223.85,226.0,231.3,,223.85,,,52500,11781575.0,95,F1,500,,,,,
2026-07-15,2026-07-15,CM,NSE,STK,22,INE012A01025,ACC,EQ,,,,,ACC LIMITED,1372.0,1394.0,1360.7,1383.2,1386.1,1361.9,,1383.2,,,156374,216228765.6,15391,F1,1,,,,,
2026-07-15,2026-07-15,CM,NSE,STK,7053,INE793A01012,ACCELYA,EQ,,,,,ACCELYA SOLN INDIA LTD,1101.1,1120.0,1101.1,1111.4,1110.2,1108.8,,1111.4,,,4723,5250308.4,736,F1,1,,,,,
2026-07-15,2026-07-15,CM,NSE,STK,20488,INE0Q5D01013,ACCENTMIC,SM,,,,,ACCENT MICROCELL LIMITED,519.0,524.0,514.75,521.5,520.0,516.6,,521.5,,,63000,32792925.0,91,F1,500,,,,,
2026-07-15,2026-07-15,CM,NSE,STK,21218,INE113X01015,ACCORD,ST,,,,,ACCORD SYNERGY LIMITED,210.0,210.65,210.0,210.65,210.65,206.55,,210.65,,,36000,7578200.0,12,F1,2000,,,,,
2026-07-15,2026-07-15,CM,NSE,STK,757024,INE0T8T01010,ACCPL,ST,,,,,ACCRETION PHARMA LIMITED,156.15,163.95,155.65,160.65,163.95,157.1,,160.65,,,18000,2856060.0,11,F1,1200,,,,,
2026-07-15,2026-07-15,CM,NSE,STK,1472,INE648Z01023,ACCURACY,BE,,,,,ACCURACY SHIPPING LIMITED,5.24,5.24,4.91,5.09,5.1,5.15,,5.09,,,50777,256278.41,162,F1,1,,,,,
2026-07-15,2026-07-15,CM,NSE,STK,11779,INE543V01017,ACEINTEG,EQ,,,,,ACE INTEGRATED SOLU. LTD.,20.7,21.4,20.31,20.47,20.36,21.0,,20.47,,,2048,42614.12,34,F1,1,,,,,
2026-07-15,2026-07-15,CM,NSE,STK,761112,INE1J6M01010,ACETEC,SM,,,,,ACETECH E-COMMERCE LTD,125.85,125.85,120.5,120.5,120.5,125.85,,120.5,,,51600,6237060.0,5,F1,1200,,,,,
2026-07-15,2026-07-15,CM,NSE,STK,27061,INE622W01025,ACMESOLAR,EQ,,,,,ACME SOLAR HOLDINGS LTD,387.4,393.4,383.5,392.15,389.85,384.6,,392.15,,,1967707,765697927.8,38580,F1,1,,,,,
2026-07-15,2026-07-15,CM,NSE,STK,13587,INE731H01025,ACE,EQ,,,,,ACTION CONST EQUIP LTD,975.0,1007.7,972.8,1004.4,1006.0,964.4,,1004.4,,,417965,416896460.9,19123,F1,1,,,,,
2026-07-15,2026-07-15,CM,NSE,STK,5578,INE00FF01025,ACUTAAS,EQ,,,,,ACUTAAS CHEMICALS LIMITED,3485.0,3581.0,3484.0,3546.9,3555.0,3459.7,,3546.9,,,191332,678141921.4,19019,F1,1,,,,,
2026-07-15,2026-07-15,CM,NSE,STK,10217,INE931S01010,ADANIENSOL,EQ,,,,,ADANI ENERGY SOLUTION LTD,1700.0,1704.3,1666.4,1678.0,1680.0,1690.3,,1678.0,,,1169341,1968680542.2,41294,F1,1,,,,,
2026-07-15,2026-07-15,CM,NSE,STK,25,INE423A01024,ADANIENT,EQ,,,,,ADANI ENTERPRISES LIMITED,3195.0,3199.9,3142.3,3150.6,3157.9,3188.9,,3150.6,,,1035101,3277979939.8,39531,F1,1,,,,,
2026-07-15,2026-07-15,CM,NSE,STK,3563,INE364U01010,ADANIGREEN,EQ,,,,,ADANI GREEN ENERGY LTD,1604.5,1610.3,1547.0,1555.4,1564.8,1604.5,,1555.4,,,2364540,3715968680.3,58536,F1,1,,,,,
2026-07-15,2026-07-15,CM,NSE,STK,15083,INE742F01042,ADANIPORTS,EQ,,,,,ADANI PORT & SEZ LTD,1826.0,1838.0,1817.2,1829.1,1832.8,1821.9,,1829.1,,,917984,1680067207.3,58277,F1,1,,,,,
2026-07-15,2026-07-15,CM,NSE,STK,17388,INE814H01029,ADANIPOWER,EQ,,,,,ADANI POWER LTD,227.55,228.4,218.05,218.97,219.7,226.17,,218.97,,,36262411,8027181309.24,151009,F1,1,,,,,
2026-07-15,2026-07-15,CM,NSE,STK,6066,INE399L01023,ATGL,EQ,,,,,ADANI TOTAL GAS LIMITED,725.75,728.7,711.5,715.4,714.45,721.6,,715.4,,,1241088,892520304.5,23942,F1,1,,,,,
2026-07-15,2026-07-15,CM,NSE,STK,22468,INE0RDH01021,ADDICTIVE,SM,,,,,ADDICTIVE LEARNING TECH L,42.25,42.25,41.5,41.5,41.5,42.05,,41.5,,,2000,83375.0,4,F1,500,,,,,
2026-07-15,2026-07-15,CM,NSE,STK,19761,INE982B01027,ADFFOODS,EQ,,,,,ADF FOODS LIMITED,314.0,316.6,304.1,305.0,304.9,312.55,,305.0,,,128018,39556233.25,3770,F1,1,,,,,
2026-07-15,2026-07-15,CM,NSE,STK,763156,INE20PL01012,ADISOFT,SM,,,,,ADISOFT TECHNOLOGIES LTD,195.6,196.25,189.6,193.8,193.8,198.15,,193.8,,,38400,7403520.0,44,F1,800,,,,,
2026-07-15,2026-07-15,CM,NSE,STK,6018,INE404A01024,ABSLAMC,EQ,,,,,ADIT BIRL SUN LIF AMC LTD,1143.6,1161.7,1140.3,1149.1,1150.0,1143.6,,1149.1,,,209635,240899003.0,20723,F1,1,,,,,
2026-07-15,2026-07-15,CM,NSE,STK,21614,INE674K01013,ABCAPITAL,EQ,,,,,ADITYA BIRLA CAPITAL LTD.,403.0,408.45,402.2,404.3,403.75,399.25,,404.3,,,1844455,747452246.0,32422,F1,1,,,,,
2026-07-15,2026-07-15,CM,NSE,STK,30108,INE647O01011,ABFRL,EQ,,,,,ADITYA BIRLA FASHION & RT,59.25,59.7,58.91,59.26,59.11,58.93,,59.26,,,2340905,138820514.63,8212,F1,1,,,,,
2026-07-15,2026-07-15,CM,NSE,STK,756843,INE14LE01019,ABLBL,EQ,,,,,ADITYA BIRLA LIFES BRAN L,97.64,97.68,96.6,96.92,96.92,97.24,,96.92,,,282631,27420675.89,4353,F1,1,,,,,
2026-07-15,2026-07-15,CM,NSE,STK,15239,INE865C01022,BIRLAMONEY,EQ,,,,,ADITYA BIRLA MONEY LTD,148.0,148.0,141.06,142.8,143.2,157.06,,142.81,,,670752,96848634.11,10098,F1,1,,,,,
2026-07-15,2026-07-15,CM,NSE,STK,625,INE055A01016,ABREL,EQ,,,,,ADITYA BIRLA REAL EST LTD,1422.8,1445.9,1415.5,1426.6,1432.8,1422.5,,1426.5,,,80740,115213651.7,7153,F1,1,,,,,
2026-07-15,2026-07-15,CM,NSE,STK,758858,INE819V01029,CPPLUS,EQ,,,,,ADITYA INFOTECH LIMITED,3650.1,3749.5,3650.1,3719.3,3737.0,3622.8,,3719.5,,,251129,930259652.2,24957,F1,1,,,,,
2026-07-15,2026-07-15,CM,NSE,STK,25248,INE01YQ01013,AUSL,SM,,,,,ADITYA ULTRA STEEL LTD,25.9,25.9,25.9,25.9,25.9,27.25,,25.9,,,4000,103600.0,2,F1,2000,,,,,
2026-07-15,2026-07-15,CM,NSE,STK,25984,INE679V01027,AVL,EQ,,,,,ADITYA VISION LIMITED,640.0,642.1,625.0,630.9,631.6,635.45,,630.9,,,73358,46440634.8,7239,F1,1,,,,,
2026-07-15,2026-07-15,CM,NSE,STK,23804,INF209KB18D3,BSLGOLDETF,EQ,,,,,ADITYBIRLA SL GOLD ETF-GR,126.42,126.42,123.53,123.73,123.75,123.34,,123.73,,,396994,49143698.9,2056,F1,1,,,,,
2026-07-15,2026-07-15,CM,NSE,STK,24781,INF209KB19D1,BSLNIFTY,EQ,,,,,ADITYBIRLA SL NIF ETF-GR,27.8,28.85,27.8,28.2,28.27,28.15,,28.2,,,514295,14510138.72,3944,F1,1,,,,,
2026-07-15,2026-07-15,CM,NSE,STK,34,INE045A01017,ADOR,EQ,,,,,ADOR WELDING LTD,1344.0,1375.0,1316.2,1362.3,1374.7,1316.1,,1362.5,,,119798,160921394.6,8892,F1,1,,,,,
2026-07-15,2026-07-15,CM,NSE,STK,4953,INE737B01033,ADROITINFO,EQ,,,,,ADROIT INFOTECH LIMITED,8.92,9.07,8.62,8.87,8.87,8.93,,8.88,,,4223,37614.06,63,F1,1,,,,,
2026-07-15,2026-07-15,CM,NSE,STK,760657,INE0ALI01010,ADVAIT,EQ,,,,,ADVAIT ENRGY TRANSITION L,2132.1,2185.0,2103.2,2119.2,2132.8,2132.1,,2119.2,,,34728,74500981.1,5378,F1,1,,,,,
2026-07-15,2026-07-15,CM,NSE,STK,759402,INE1B0W01010,ADVANCE,EQ,,,,,ADVANCE AGROLIFE LIMITED,110.15,114.4,109.7,112.6,112.9,110.15,,112.55,,,216737,24417315.93,2807,F1,1,,,,,
2026-07-15,2026-07-15,CM,NSE,STK,18039,INE837H01020,ADVENZYMES,EQ,,,,,ADVANCED ENZYME TECH LTD,325.45,335.4,325.0,327.55,329.9,324.15,,327.55,,,100259,32942073.0,3614,F1,1,,,,,
2026-07-15,2026-07-15,CM,NSE,STK,14745,INE199C01026,ADVANIHOTR,EQ,,,,,ADVANI HOT.& RES.(I) LTD,52.41,53.5,51.9,52.08,52.01,52.41,,52.08,,,26258,1371344.14,557,F1,1,,,,,
2026-07-15,2026-07-15,CM,NSE,STK,759769,INE28GN01010,ADVENTHTL,EQ,,,,,ADVENT HOTELS INTERNATI L,150.0,150.79,144.0,145.6,145.0,149.13,,145.62,,,176559,26201785.46,3586,F1,1,,,,,
2026-07-15,2026-07-15,CM,NSE,STK,762227,INE1SJO01012,RAMBHAJO,EQ,,,,,ADVIT JEWELS LIMITED,204.0,222.0,192.43,209.43,208.7,196.89,,209.49,,,2708932,570286623.93,24780,F1,1,,,,,
2026-07-15,2026-07-15,CM,NSE,STK,40,INE208C01025,AEGISLOG,EQ,,,,,AEGIS LOGISTICS LIMITED,1231.1,1336.0,1231.1,1321.1,1314.0,1222.5,,1321.1,,,2961973,3860785836.8,88407,F1,1,,,,,
2026-07-15,2026-07-15,CM,NSE,STK,757336,INE0INX01018,AEGISVOPAK,EQ,,,,,AEGIS VOPAK TERMINALS LTD,282.0,289.9,279.14,281.95,281.19,280.64,,281.94,,,1967293,560692290.51,28422,F1,1,,,,,
2026-07-15,2026-07-15,CM,NSE,STK,761340,INE423A07484,860AEL28,NH,,,,,AEL 8.60% 2028 SR I,1030.0,1030.0,1030.0,1030.0,1030.0,1040.0,,1030.0,,,7,7210.0,1,F1,1,,,,,
2026-07-15,2026-07-15,CM,NSE,STK,761345,INE423A07518,862AEL31,NM,,,,,AEL 8.62% 2031 SR VI,1010.0,1010.0,1010.0,1010.0,1010.0,1004.0,,1010.0,,,15,15150.0,1,F1,1,,,,,
2026-07-15,2026-07-15,CM,NSE,STK,761343,INE423A07534,875AEL29,NK,,,,,AEL 8.75% 2029 SR IV,1041.0,1041.0,1041.0,1041.0,1041.0,1041.5,,1038.0,,,10,10410.0,1,F1,1,,,,,
2026-07-15,2026-07-15,CM,NSE,STK,757871,INE423A07427,885AEL28,NB,,,,,AEL 8.85% 2028 SR III,1000.01,1022.93,1000.01,1022.93,1022.93,1022.94,,1022.93,,,9,9023.01,2,F1,1,,,,,
2026-07-15,2026-07-15,CM,NSE,STK,761346,INE423A07526,890AEL31,NN,,,,,AEL 8.90% 2031 SR VII,1042.0,1042.5,1042.0,1042.5,1042.5,1042.5,,1042.5,,,100,104203.0,5,F1,1,,,,,
2026-07-15,2026-07-15,CM,NSE,STK,757872,INE423A07435,915AEL28,NC,,,,,AEL 9.15% 2028 SR IV,1020.0,1020.0,1020.0,1020.0,1020.0,1022.94,,1020.0,,,20,20400.0,1,F1,1,,,,,
2026-07-15,2026-07-15,CM,NSE,STK,757875,INE423A07393,930AEL30,NF,,,,,AEL 9.3% 2030 SR VII,1043.99,1044.0,1019.0,1021.2,1021.2,1026.0,,1021.2,,,293,303310.9,7,F1,1,,,,,
2026-07-15,2026-07-15,CM,NSE,STK,760234,INE947N01017,AEQUS,EQ,,,,,AEQUS LIMITED,244.0,246.9,240.25,241.09,240.6,242.58,,241.08,,,3323560,808964772.14,27808,F1,1,,,,,
2026-07-15,2026-07-15,CM,NSE,STK,12015,INE065D01027,AEROENTER,EQ,,,,,AEROFLEX ENTERPRISES LTD,120.5,123.17,119.67,120.55,122.85,121.19,,120.55,,,760764,92387425.45,3768,F1,1,,,,,
2026-07-15,2026-07-15,CM,NSE,STK,18268,INE024001021,AEROFLEX,EQ,,,,,AEROFLEX INDUSTRIES LTD,413.0,426.65,411.7,421.15,422.0,410.9,,421.15,,,920485,386557028.55,13288,F1,1,,,,,
2026-07-15,2026-07-15,CM,NSE,STK,13689,INE035801013,AERONEU,EQ,,,,,AEROFLEX NEU LIMITED,90.0,90.0,87.0,87.52,88.33,87.17,,87.52,,,42138,3719446.78,518,F1,1,,,,,
2026-07-15,2026-07-15,CM,NSE,STK,24830,INE0TSF01011,AESTHETIK,SM,,,,,AESTHETIK ENGINEERS LTD,75.0,75.0,75.0,75.0,75.0,74.0,,75.0,,,1000,75000.0,1,F1,1000,,,,,
2026-07-15,2026-07-15,CM,NSE,STK,9810,INE0BWX01014,AETHER,EQ,,,,,AETHER INDUSTRIES LIMITED,1445.0,1484.0,1430.9,1477.2,1484.0,1439.9,,1477.1,,,174852,256233333.5,17677,F1,1,,,,,
2026-07-15,2026-07-15,CM,NSE,STK,25977,INE101I01011,AFCONS,EQ,,,,,AFCONS INFRASTRUCTURE LTD,292.5,295.15,291.2,292.2,292.5,292.7,,292.2,,,262994,77045079.9,7342,F1,1,,,,,
2026-07-15,2026-07-15,CM,NSE,STK,11343,INE00WC01027,AFFLE,EQ,,,,,AFFLE 3I LIMITED,1510.1,1524.0,1491.3,1500.6,1507.0,1517.0,,1500.6,,,177085,267090256.8,15894,F1,1,,,,,
2026-07-15,2026-07-15,CM,NSE,STK,25857,INE692Z01013,AFFORDABLE,BE,,,,,AFFORD ROBO & AUTO LTD,200.63,200.63,195.0,200.63,200.63,191.08,,200.63,,,42022,8399791.81,364,F1,1,,,,,
2026-07-15,2026-07-15,CM,NSE,STK,760459,INE916Y07065,1150AFIL28,N0,,,,,AFIL 11.50% 2028 SR 05,9765.0,9765.0,9765.0,9765.0,9765.0,9765.0,,9765.0,,,10,97650.0,2,F1,1,,,,,
2026-07-15,2026-07-15,CM,NSE,STK,760641,INE916Y07073,1150AFIL29,N0,,,,,AFIL 11.50% 2029,9166.0,9200.0,9166.0,9200.0,9200.0,9135.0,,9200.0,,,3,27533.0,3,F1,1,,,,,
2026-07-15,2026-07-15,CM,NSE,STK,759098,INE916Y07040,12AFIL27A,N0,,,,,AFIL 12% 2027,10056.0,10056.0,10056.0,10056.0,10056.0,9800.0,,10056.0,,,9,90504.0,1,F1,1,,,,,
2026-07-15,2026-07-15,CM,NSE,STK,759283,INE916Y07057,12AFIL28,N0,,,,,AFIL 12% 2028,9957.46,9957.46,9957.46,9957.46,9957.46,9957.46,,9957.46,,,7,69702.22,3,F1,1,,,,,
2026-07-15,2026-07-15,CM,NSE,STK,14267,INE0MLA01012,AGARWALFT,ST,,,,,AGARWAL FLOAT GLASS I LTD,41.5,41.5,39.45,39.45,39.45,41.5,,39.45,,,3000,121425.0,2,F1,1500,,,,,
2026-07-15,2026-07-15,CM,NSE,STK,3389,INE204E01012,AGARIND,EQ,,,,,AGARWAL INDS CORP LTD.,526.0,534.95,513.0,516.65,515.0,527.0,,516.65,,,24627,12824224.95,1542,F1,1,,,,,
2026-07-15,2026-07-15,CM,NSE,STK,27309,INE0P8X01016,AGARWALTUF,SM,,,,,AGARWAL TOUGH GLASS IND L,146.6,147.65,144.7,145.2,145.45,146.6,,145.2,,,72000,10459560.0,27,F1,1200,,,,,
2026-07-15,2026-07-15,CM,NSE,STK,1412,INE415A01038,AGI,EQ,,,,,AGI GREENPAC LIMITED,684.0,697.7,681.0,694.75,695.95,683.35,,694.7,,,66225,45985808.45,3348,F1,1,,,,,
2026-07-15,2026-07-15,CM,NSE,STK,24445,INE976R01033,AGIIL,EQ,,,,,AGI INFRA LIMITED,344.3,348.9,336.15,337.3,338.75,343.35,,337.3,,,1620971,560116626.15,9461,F1,1,,,,,
2026-07-15,2026-07-15,CM,NSE,STK,11076,INE449G01018,AGRITECH,BE,,,,,AGRI-TECH (INDIA) LIMITED,111.18,114.95,111.18,113.76,113.79,111.17,,113.76,,,2296,258226.16,56,F1,1,,,,,
2026-07-15,2026-07-15,CM,NSE,STK,9046,INE740V01019,AGROPHOS,EQ,,,,,AGRO PHOS INDIA LIMITED,30.0,30.27,29.16,29.49,29.5,29.77,,29.49,,,5921,175340.82,94,F1,1,,,,,
2026-07-15,2026-07-15,CM,NSE,STK,2004,INE00PV01013,AHLADA,EQ,,,,,AHLADA ENGINEERS LIMITED,38.48,39.19,37.9,38.59,38.3,38.48,,38.59,,,2574,99113.64,57,F1,1,,,,,
2026-07-15,2026-07-15,CM,NSE,STK,17833,INE758C01029,AHLUCONT,EQ,,,,,AHLUWALIA CONT IND LTD,851.45,875.0,834.9,869.5,870.0,843.85,,869.45,,,68960,59278524.3,8274,F1,1,,,,,
2026-07-15,2026-07-15,CM,NSE,STK,13086,INE212H01026,AIAENG,EQ,,,,,AIA ENGINEERING LIMITED,4778.5,4912.5,4778.5,4828.5,4833.5,4760.0,,4828.5,,,166287,809257033.5,19789,F1,1,,,,,
2026-07-15,2026-07-15,CM,NSE,STK,23984,INE0RUV01018,AIMTRON,SM,,,,,AIMTRON ELECTRONICS LTD,1395.0,1420.0,1379.0,1389.4,1385.0,1386.4,,1389.4,,,28800,40309690.0,135,F1,200,,,,,
2026-07-15,2026-07-15,CM,NSE,STK,9878,INE805A01014,GOLDTECH,BE,,,,,AION-TECH SOLUTIONS LTD,60.08,62.7,59.0,59.56,60.4,61.31,,59.79,,,31629,1914165.57,250,F1,1,,,,,
2026-07-15,2026-07-15,CM,NSE,STK,9897,INE645W01026,AIRAN,EQ,,,,,AIRAN LIMITED,15.94,15.94,15.59,15.62,15.6,15.6,,15.62,,,46824,735288.05,175,F1,1,,,,,
2026-07-15,2026-07-15,CM,NSE,STK,6068,INE801L01010,AIROLAM,EQ,,,,,AIRO LAM LIMITED,89.0,89.45,87.03,88.15,88.49,87.03,,88.15,,,1293,114031.02,46,F1,1,,,,,
2026-07-15,2026-07-15,CM,NSE,STK,8124,INE031B01049,AJANTPHARM,EQ,,,,,AJANTA PHARMA LIMITED,3421.0,3465.9,3400.0,3454.2,3454.9,3408.8,,3454.1,,,49219,169546051.2,9433,F1,1,,,,,
2026-07-15,2026-07-15,CM,NSE,STK,29624,INE274Y01021,AJAXENGG,EQ,,,,,AJAX ENGINEERING LIMITED,611.0,619.4,601.95,615.2,616.3,607.95,,615.3,,,129522,79279373.35,6577,F1,1,,,,,
2026-07-15,2026-07-15,CM,NSE,STK,17307,INE298G01035,AJMERA,EQ,,,,,AJMERA REALTY & INF I LTD,136.0,138.0,134.21,135.55,135.4,135.4,,135.53,,,420076,57159829.64,6239,F1,1,,,,,
2026-07-15,2026-07-15,CM,NSE,STK,3403,INE820Y01021,AJOONI,EQ,,,,,AJOONI BIOTECH LIMITED,3.7,4.39,3.7,4.16,4.11,3.7,,4.16,,,1986486,8152095.12,1673,F1,1,,,,,
2026-07-15,2026-07-15,CM,NSE,STK,21132,INE0PCY01014,AKANKSHA,ST,,,,,AKANKSHA POWER N INFRA L,94.0,95.0,92.15,92.15,92.15,97.0,,92.15,,,8000,744500.0,8,F1,1000,,,,,
2026-07-15,2026-07-15,CM,NSE,STK,13510,INE737W01013,AKASH,EQ,,,,,AKASH INFRA-PROJECTS LTD,27.0,27.2,26.54,27.0,27.0,26.94,,27.0,,,3591,96259.78,40,F1,1,,,,,
2026-07-15,2026-07-15,CM,NSE,STK,2176,INE00Y801016,AKG,EQ,,,,,AKG EXIM LIMITED,10.66,11.0,10.35,10.46,10.58,10.74,,10.46,,,44125,464402.98,176,F1,1,,,,,
2026-07-15,2026-07-15,CM,NSE,STK,14890,INE642Z01026,AKI,EQ,,,,,AKI INDIA LIMITED,4.74,4.74,4.57,4.6,4.6,4.65,,4.6,,,116524,539657.67,292,F1,1,,,,,
2026-07-15,2026-07-15,CM,NSE,STK,24307,INE0PMR01017,AKIKO,ST,,,,,AKIKO GLOBAL SERVICES L,285.0,298.5,285.0,292.05,298.5,285.0,,292.05,,,24800,7217320.0,28,F1,800,,,,,
2026-07-15,2026-07-15,CM,NSE,STK,24160,INE916Y01027,AFIL,BE,,,,,AKME FINTRADE (INDIA) LTD,9.42,9.68,9.11,9.23,9.28,9.42,,9.23,,,379848,3523659.63,446,F1,1,,,,,
2026-07-15,2026-07-15,CM,NSE,STK,8595,INE523B01011,AKSHOPTFBR,BE,,,,,AKSH OPTIFIBRE  LTD,6.0,6.0,5.88,5.88,5.88,6.0,,5.9,,,211134,1246466.27,141,F1,1,,,,,
2026-07-15,2026-07-15,CM,NSE,STK,9558,INE256Z01025,AKSHAR,EQ,,,,,AKSHAR SPINTEX LIMITED,0.43,0.44,0.42,0.43,0.44,0.43,,0.43,,,398280,171543.01,365,F1,1,,,,,
2026-07-15,2026-07-15,CM,NSE,STK,20194,INE542B01011,AKSHARCHEM,BE,,,,,AKSHARCHEM INDIA LIMITED,235.0,235.0,224.21,234.85,234.8,235.0,,234.85,,,629,146907.62,36,F1,1,,,,,
2026-07-15,2026-07-15,CM,NSE,STK,24715,INE09XN01023,AKUMS,EQ,,,,,AKUMS DRUGS AND PHARMA L,695.0,704.75,683.0,692.1,690.2,686.95,,692.05,,,291139,202026657.4,19597,F1,1,,,,,
2026-07-15,2026-07-15,CM,NSE,STK,9921,INE914E01040,ALANKIT,EQ,,,,,ALANKIT LIMITED,8.02,8.2,7.95,8.04,8.02,8.01,,8.03,,,93694,752464.19,437,F1,1,,,,,
2026-07-15,2026-07-15,CM,NSE,STK,17256,INE155C01010,ALBERTDAVD,EQ,,,,,ALBERT DAVID LIMITED,701.3,708.95,693.05,697.25,697.0,696.8,,697.25,,,2070,1447677.25,90,F1,1,,,,,
2026-07-15,2026-07-15,CM,NSE,STK,18763,INE448V01019,ALCODIS,ST,,,,,ALCOKRAFT DISTILLERIE LTD,70.05,70.05,70.05,70.05,70.05,70.05,,70.05,,,625,43781.25,1,F1,625,,,,,
2026-07-15,2026-07-15,CM,NSE,STK,79,INE426A01027,ALEMBICLTD,EQ,,,,,ALEMBIC LIMITED,88.97,90.22,88.92,89.48,89.8,88.97,,89.49,,,277553,24791191.9,3000,F1,1,,,,,
2026-07-15,2026-07-15,CM,NSE,STK,25328,INE901L01018,APLLTD,EQ,,,,,ALEMBIC PHARMA LTD,817.1,853.95,817.1,850.05,852.5,821.15,,850.05,,,207604,175387798.75,17966,F1,1,,,,,
2026-07-15,2026-07-15,CM,NSE,STK,761270,INE598D01035,ALGOQUANT,EQ,,,,,ALGOQUANT FINTECH LIMITED,60.79,61.99,59.95,60.78,60.77,60.51,,60.76,,,1043073,63055371.45,2203,F1,1,,,,,
2026-07-15,2026-07-15,CM,NSE,STK,13656,INE062D01024,ALICON,EQ,,,,,ALICON CASTALLOY LIMITED,636.95,648.95,632.0,637.8,636.05,641.15,,637.85,,,4535,2908332.65,475,F1,1,,,,,
2026-07-15,2026-07-15,CM,NSE,STK,5265,INE03Q201024,ALIVUS,EQ,,,,,ALIVUS LIFE SCIENCES LTD,1167.0,1180.0,1162.1,1168.4,1172.0,1161.2,,1168.4,,,46128,53978869.1,5570,F1,1,,,,,
2026-07-15,2026-07-15,CM,NSE,STK,16963,INE773I01017,ALKALI,BE,,,,,ALKALI METALS LTD,85.72,87.0,83.07,86.35,87.0,84.07,,86.35,,,6074,523431.58,114,F1,1,,,,,
2026-07-15,2026-07-15,CM,NSE,STK,11703,INE540L01014,ALKEM,EQ,,,,,ALKEM LABORATORIES LTD.,5645.0,5706.5,5574.0,5659.0,5664.0,5601.5,,5659.0,,,213207,1205780486.5,16166,F1,1,,,,,
2026-07-15,2026-07-15,CM,NSE,STK,4487,INE150B01039,ALKYLAMINE,EQ,,,,,ALKYL AMINES CHEM. LTD,1868.0,1929.3,1858.0,1900.7,1918.0,1868.1,,1900.7,,,78216,148677746.7,10913,F1,1,,,,,
2026-07-15,2026-07-15,CM,NSE,STK,13212,INE0M2X01012,ALLETEC,ST,,,,,ALL E TECHNOLOGIES LTD,140.05,143.7,140.0,143.1,143.0,140.75,,143.1,,,7200,1025820.0,17,F1,400,,,,,
2026-07-15,2026-07-15,CM,NSE,STK,758448,INE0GV601021,ALLTIME,EQ,,,,,ALL TIME PLASTICS LIMITED,237.2,244.99,236.0,240.19,241.4,233.69,,240.19,,,85444,20562896.35,1867,F1,1,,,,,
2026-07-15,2026-07-15,CM,NSE,STK,763786,INE1YPB01014,AGL,BE,,,,,ALLCARGO GLOBAL LIMITED,13.9,14.63,13.9,13.9,13.9,14.63,,13.9,,,8086905,112824975.28,9237,F1,1,,,,,
2026-07-15,2026-07-15,CM,NSE,STK,13501,INE418H01029,ALLCARGO,EQ,,,,,ALLCARGO LOGISTICS LTD,7.99,8.15,7.95,8.02,8.02,7.96,,8.02,,,2383384,19167170.78,3990,F1,1,,,,,
2026-07-15,2026-07-15,CM,NSE,STK,17778,INE0NN701020,ATL,EQ,,,,,ALLCARGO TERMINALS LTD,23.85,23.99,23.32,23.5,23.5,23.39,,23.5,,,96155,2271992.44,759,F1,1,,,,,
2026-07-15,2026-07-15,CM,NSE,STK,11798,INE835G01018,ALLDIGI,EQ,,,,,ALLDIGI TECH LIMITED,816.35,822.75,810.0,820.15,822.75,816.35,,820.15,,,1786,1458542.45,208,F1,1,,,,,
2026-07-15,2026-07-15,CM,NSE,STK,24308,INE552Z01027,ABDL,EQ,,,,,ALLIED BLEND N DISTILS L,625.0,628.7,611.0,620.45,618.9,622.25,,620.45,,,524540,323610018.7,22262,F1,1,,,,,
2026-07-15,2026-07-15,CM,NSE,STK,14813,INE102I01027,ADSL,EQ,,,,,ALLIED DIGITAL SERV. LTD,123.79,124.3,120.32,121.45,121.99,123.1,,121.45,,,100009,12209627.36,1976,F1,1,,,,,
2026-07-15,2026-07-15,CM,NSE,STK,16719,INE326B01035,ALMONDZ,EQ,,,,,ALMONDZ GLOBAL SEC LTD,13.0,13.45,13.0,13.18,13.1,13.23,,13.18,,,79485,1057286.56,140,F1,1,,,,,
2026-07-15,2026-07-15,CM,NSE,STK,17675,INE270A01029,ALOKINDS,EQ,,,,,ALOK INDUSTRIES LIMITED,12.7,12.75,12.49,12.54,12.55,12.56,,12.54,,,3367817,42497744.92,5652,F1,1,,,,,
2026-07-15,2026-07-15,CM,NSE,STK,14848,INE385I01010,ALPA,EQ,,,,,ALPA LABORATORIES LTD,73.49,73.49,70.5,71.66,71.7,71.66,,71.66,,,22271,1608804.69,453,F1,1,,,,,
2026-07-15,2026-07-15,CM,NSE,STK,22688,INE0R4701017,ALPEXSOLAR,SM,,,,,ALPEX SOLAR LIMITED,809.9,919.95,809.9,888.0,889.95,801.25,,888.0,,,198300,173757645.0,1499,F1,100,,,,,
2026-07-15,2026-07-15,CM,NSE,STK,14597,INE137C01018,ALPHAGEO,EQ,,,,,ALPHAGEO (INDIA) LIMITED,200.5,203.0,197.01,199.67,199.0,200.33,,199.66,,,1267,251956.41,93,F1,1,,,,,
2026-07-15,2026-07-15,CM,NSE,STK,23474,INE0STM01017,ALUWIND,SM,,,,,ALUWIND INFRA-TECH LTD,45.5,46.5,45.1,46.5,46.5,47.5,,46.5,,,4500,205650.0,3,F1,1500,,,,,
2026-07-15,2026-07-15,CM,NSE,STK,760740,INE121R01077,AMAGI,EQ,,,,,AMAGI MEDIA LABS LIMITED,581.65,582.2,557.9,561.35,560.75,574.95,,561.4,,,186739,106625535.65,9564,F1,1,,,,,
2026-07-15,2026-07-15,CM,NSE,STK,758910,INE084K01015,AMANTA,BE,,,,,AMANTA HEALTHCARE LIMITED,168.64,168.64,168.64,168.64,168.64,172.08,,169.45,,,19666,3316474.24,128,F1,1,,,,,
2026-07-15,2026-07-15,CM,NSE,STK,100,INE885A01032,ARE&M,EQ,,,,,AMARA RAJA ENERGY MOB LTD,895.0,911.8,892.3,900.85,899.0,894.9,,900.75,,,720054,650455466.55,40454,F1,1,,,,,
2026-07-15,2026-07-15,CM,NSE,STK,763256,INE293601014,AMBAAUTO,SM,,,,,AMBA AUTO SALES AND SER L,89.75,92.0,85.0,86.95,85.8,89.75,,86.95,,,142000,12365450.0,98,F1,1000,,,,,
2026-07-15,2026-07-15,CM,NSE,STK,762543,INE432A01017,AMBALALSA,EQ,,,,,AMBALAL SARABHAI ENT L,32.48,32.48,31.03,31.18,31.03,31.33,,31.19,,,35652,1131009.34,297,F1,1,,,,,
2026-07-15,2026-07-15,CM,NSE,STK,1185,INE371P01015,AMBER,EQ,,,,,AMBER ENTERPRISES (I) LTD,7831.5,7908.5,7807.0,7850.5,7881.5,7786.5,,7851.0,,,173146,1359853852.5,19615,F1,1,,,,,
2026-07-15,2026-07-15,CM,NSE,STK,11496,INE792B01012,AMBICAAGAR,EQ,,,,,AMBICA AGAR & AROMAINDLTD,24.55,25.39,24.55,25.23,25.23,24.58,,25.23,,,12434,312426.02,46,F1,1,,,,,
2026-07-15,2026-07-15,CM,NSE,STK,15234,INE540G01014,AMBIKCO,EQ,,,,,AMBIKA COTTON MILL LTD.,1734.1,1769.9,1726.1,1750.8,1759.8,1729.5,,1750.9,,,7910,13872928.2,1535,F1,1,,,,,
2026-07-15,2026-07-15,CM,NSE,STK,1270,INE079A01024,AMBUJACEM,EQ,,,,,AMBUJA CEMENTS LTD,430.0,439.9,430.0,435.25,436.0,429.8,,435.25,,,2405317,1049508099.2,29354,F1,1,,,,,
2026-07-15,2026-07-15,CM,NSE,STK,14398,INE005I01014,AMDIND,EQ,,,,,AMD INDUSTRIES LIMITED,46.42,46.42,44.58,45.0,45.8,45.5,,45.0,,,3803,172681.37,139,F1,1,,,,,
2026-07-15,2026-07-15,CM,NSE,STK,10898,INE0KT901015,AMEYA,SM,,,,,AMEYA PRECISION ENG LTD,110.0,111.0,110.0,111.0,111.0,111.75,,111.0,,,2000,221000.0,2,F1,1000,,,,,
2026-07-15,2026-07-15,CM,NSE,STK,19867,INE275D01022,AMNPLST,EQ,,,,,AMINES & PLASTICIZERS LTD,202.01,207.19,202.01,203.6,203.89,205.27,,203.37,,,2316,472124.5,127,F1,1,,,,,
2026-07-15,2026-07-15,CM,NSE,STK,761670,INE05TO01019,AMIRCHAND,EQ,,,,,AMIR CHAND JAG KUM (E) L,172.0,177.79,166.76,170.68,172.45,171.48,,170.69,,,757087,131154493.01,7822,F1,1,,,,,
2026-07-15,2026-07-15,CM,NSE,STK,2598,INE606A01024,AMJLAND,EQ,,,,,AMJ LAND HOLDINGS LIMITED,37.9,38.6,37.28,38.28,38.29,37.28,,38.28,,,6742,256096.07,105,F1,1,,,,,
2026-07-15,2026-07-15,CM,NSE,STK,17547,INE098F01031,AMRUTANJAN,EQ,,,,,AMRUTAJAN HEALTH LTD,536.15,542.95,529.0,533.95,533.05,536.1,,534.0,,,39591,21167453.4,1591,F1,1,,,,,
2026-07-15,2026-07-15,CM,NSE,STK,759956,INE549H01021,ARSSBL,EQ,,,,,ANAND RATHI SH N STK BR L,569.95,572.35,545.45,556.05,556.0,581.25,,556.05,,,1057760,594002256.15,23238,F1,1,,,,,
2026-07-15,2026-07-15,CM,NSE,STK,7145,INE463V01026,ANANDRATHI,EQ,,,,,ANAND RATHI WEALTH LTD,2090.0,2109.0,2071.0,2081.8,2090.0,2080.8,,2081.8,,,234910,490219585.8,13545,F1,1,,,,,
2026-07-15,2026-07-15,CM,NSE,STK,13620,INE242C01024,ANANTRAJ,EQ,,,,,ANANT RAJ LIMITED,565.0,584.6,565.0,573.2,575.0,573.65,,573.2,,,1138367,656794345.65,24313,F1,1,,,,,
2026-07-15,2026-07-15,CM,NSE,STK,759363,INE1UA823019,ANANTAM,IV,,,,,ANANTAM HIGHWAYS TRUST,105.45,105.49,103.9,104.87,105.43,103.94,,104.49,,,9259,965356.11,115,F1,1,,,,,
2026-07-15,2026-07-15,CM,NSE,STK,15420,INE666E01020,ACL,EQ,,,,,ANDHRA CEMENTS LIMITED,49.01,49.99,49.01,49.19,49.16,49.35,,49.18,,,6413,317137.78,120,F1,1,,,,,
2026-07-15,2026-07-15,CM,NSE,STK,166,INE435A01051,ANDHRAPAP,EQ,,,,,ANDHRA PAPER LIMITED,61.45,63.5,61.31,62.35,62.39,61.41,,62.35,,,48849,3060289.43,612,F1,1,,,,,
2026-07-15,2026-07-15,CM,NSE,STK,136,INE715B01021,ANDHRSUGAR,EQ,,,,,ANDHRA SUGARS LTD,86.8,87.7,84.72,85.17,85.0,86.3,,85.17,,,281365,24197941.06,2805,F1,1,,,,,
2026-07-15,2026-07-15,CM,NSE,STK,324,INE732I01021,ANGELONE,EQ,,,,,ANGEL ONE LIMITED,335.25,346.3,334.25,343.4,344.0,333.55,,343.4,,,9546333,3254548379.6,65969,F1,1,,,,,
2026-07-15,2026-07-15,CM,NSE,STK,16661,INE087B01017,ANIKINDS,BE,,,,,ANIK INDUSTRIES LTD,43.06,43.78,41.11,43.23,42.96,43.06,,43.17,,,16489,696546.01,91,F1,1,,,,,
2026-07-15,2026-07-15,CM,NSE,STK,20453,INE071F01012,APCL,EQ,,,,,ANJANI PORTLAND CEM LTD,102.11,105.99,102.1,103.52,103.99,103.59,,103.52,,,4128,426761.66,121,F1,1,,,,,
2026-07-15,2026-07-15,CM,NSE,STK,25878,INE106I01010,ANKITMETAL,BZ,,,,,ANKIT MET & POW LTD,1.44,1.49,1.44,1.49,1.49,1.44,,1.48,,,7497,10797.18,11,F1,1,,,,,
2026-07-15,2026-07-15,CM,NSE,STK,758968,INE0Y8W01025,AHCL,EQ,,,,,ANLON HEALTHCARE LIMITED,15.12,15.29,15.11,15.16,15.13,15.05,,15.16,,,2584237,39252423.12,2883,F1,1,,,,,
2026-07-15,2026-07-15,CM,NSE,STK,13664,INE0LR101013,ANLON,ST,,,,,ANLON TECHNOLOGY SOL LTD,639.0,639.95,620.0,621.0,621.0,639.95,,621.0,,,6000,3755200.0,12,F1,400,,,,,
2026-07-15,2026-07-15,CM,NSE,STK,3727,INE02AR01019,ANMOL,EQ,,,,,ANMOL INDIA LIMITED,10.99,11.0,10.75,10.94,10.85,10.94,,10.93,,,8223,89870.48,85,F1,1,,,,,
2026-07-15,2026-07-15,CM,NSE,STK,11198,INE0MGM01017,ANNAPURNA,SM,,,,,ANNAPURNA SWADISHT LTD,134.0,135.4,131.5,134.7,135.1,133.25,,134.7,,,21250,2850650.0,51,F1,250,,,,,
2026-07-15,2026-07-15,CM,NSE,STK,758740,INE0VTV01012,ANONDITA,SM,,,,,ANONDITA MEDICARE LIMITED,1194.95,1267.95,1175.0,1182.65,1185.0,1183.35,,1182.65,,,95000,115645210.0,349,F1,200,,,,,
2026-07-15,2026-07-15,CM,NSE,STK,19677,INE436A01026,ANSALAPI,BZ,,,,,ANSAL PROP & INFRA LTD,2.68,2.68,2.68,2.68,2.68,2.63,,2.92,,,217,581.56,8,F1,1,,,,,
2026-07-15,2026-07-15,CM,NSE,STK,5194,INE414B01021,ANTGRAPHIC,EQ,,,,,ANTARCTICA LTD,0.78,0.79,0.77,0.77,0.78,0.78,,0.77,,,137015,106211.81,132,F1,1,,,,,
2026-07-15,2026-07-15,CM,NSE,STK,13598,INE818A01017,ANTELOPUS,EQ,,,,,ANTELOPUS SELAN ENRGY LTD,860.0,865.1,817.55,827.3,827.95,860.55,,827.3,,,86245,71908777.6,4071,F1,1,,,,,
2026-07-15,2026-07-15,CM,NSE,STK,757885,INE0CZ201020,ANTHEM,EQ,,,,,ANTHEM BIOSCIENCES LTD,754.0,759.6,747.05,750.8,749.0,749.95,,750.8,,,1278238,961296419.4,57998,F1,1,,,,,
2026-07-15,2026-07-15,CM,NSE,STK,1797,INE01BK01022,AWHCL,EQ,,,,,ANTONY WASTE HDG CELL LTD,460.25,463.4,453.1,456.8,456.2,458.35,,456.8,,,47819,21934145.45,1946,F1,1,,,,,
2026-07-15,2026-07-15,CM,NSE,STK,28314,INE489G01022,ANUHPHR,EQ,,,,,ANUH PHARMA LIMITED,80.5,80.87,79.8,80.13,79.9,79.88,,80.13,,,16884,1353814.72,340,F1,1,,,,,
2026-07-15,2026-07-15,CM,NSE,STK,2829,INE930P01018,ANURAS,EQ,,,,,ANUPAM RASAYAN INDIA LTD,1269.1,1286.4,1257.8,1267.8,1270.0,1263.8,,1267.8,,,593884,754397395.9,21252,F1,1,,,,,
2026-07-15,2026-07-15,CM,NSE,STK,28983,INE0SI601032,ANYA,SM,,,,,ANYA POLYTECH & FERTI LTD,15.8,15.8,15.8,15.8,15.8,15.6,,15.8,,,5000,79000.0,1,F1,5000,,,,,
2026-07-15,2026-07-15,CM,NSE,STK,758904,INF1J2R01114,AONEGOLD,EQ,,,,,AONEAMC - AONEGOLD,13.38,13.38,13.1,13.16,13.18,13.12,,13.16,,,176086,2320202.34,1068,F1,1,,,,,
2026-07-15,2026-07-15,CM,NSE,STK,30472,INF1J2R01056,AONELIQUID,EQ,,,,,AONEAMC - AONELIQUID,1068.19,1068.19,1068.17,1068.17,1068.19,1068.03,,1068.17,,,4551,4861281.08,77,F1,1,,,,,
2026-07-15,2026-07-15,CM,NSE,STK,757096,INF1J2R01064,AONENIFTY,EQ,,,,,AONEAMC - AONENIFTY,10.15,10.15,9.9,9.91,9.95,9.91,,9.91,,,204828,2037385.67,933,F1,1,,,,,
2026-07-15,2026-07-15,CM,NSE,STK,760193,INF1J2R01171,AONESILVER,EQ,,,,,AONEAMC - AONESILVER,8.33,8.45,8.16,8.35,8.36,8.29,,8.35,,,513408,4285037.54,1179,F1,1,,,,,
2026-07-15,2026-07-15,CM,NSE,STK,759992,INF1J2R01148,AONETMMQ50,EQ,,,,,AONEAMC - AONETMMQ50,10.16,10.21,10.06,10.16,10.16,10.11,,10.16,,,63400,644787.83,242,F1,1,,,,,
2026-07-15,2026-07-15,CM,NSE,STK,29975,INF1J2R01015,AONETOTAL,EQ,,,,,AONEAMC - AONETOTAL,11.9,11.94,11.8,11.85,11.87,11.81,,11.85,,,193531,2298897.06,1160,F1,1,,,,,
2026-07-15,2026-07-15,CM,NSE,STK,11491,INE372A01015,APARINDS,EQ,,,,,APAR INDUSTRIES LTD.,13665.0,14265.0,13665.0,14136.0,14149.0,13595.0,,14136.0,,,129751,1834402606.0,31454,F1,1,,,,,
2026-07-15,2026-07-15,CM,NSE,STK,154,INE116A01032,APCOTEXIND,EQ,,,,,APCOTEX INDUSTRIES LIMITE,536.0,552.4,516.0,521.35,519.75,527.9,,521.4,,,251323,134708407.5,7604,F1,1,,,,,
2026-07-15,2026-07-15,CM,NSE,STK,27291,INE0T4V01015,APEXECO,ST,,,,,APEX ECOTECH LIMITED,275.0,276.0,273.95,273.95,273.95,272.0,,273.95,,,2400,659960.0,3,F1,800,,,,,
2026-07-15,2026-07-15,CM,NSE,STK,21623,INE346W01013,APEX,EQ,,,,,APEX FROZEN FOODS LIMITED,403.8,417.9,403.7,408.05,407.0,401.75,,408.05,,,332379,137027952.4,10253,F1,1,,,,,
2026-07-15,2026-07-15,CM,NSE,STK,25780,INE702C01027,APLAPOLLO,EQ,,,,,APL APOLLO TUBES LTD,1804.0,1826.0,1795.0,1817.2,1817.2,1799.0,,1817.2,,,257930,468040925.1,23757,F1,1,,,,,
2026-07-15,2026-07-15,CM,NSE,STK,757180,INE0TLC07093,930APMD28,N0,,,,,APMD 9.30% 2028 STRPP B,101533.01,101533.01,101533.01,101533.01,101533.01,102411.0,,101533.01,,,2,203066.02,2,F1,1,,,,,
2026-07-15,2026-07-15,CM,NSE,STK,757186,INE0TLC07051,930APMD31,N0,,,,,APMD 9.30% 2031 STRPP E,103500.0,103500.0,103500.0,103500.0,103500.0,104900.0,,103500.0,,,5,517500.0,2,F1,1,,,,,
2026-07-15,2026-07-15,CM,NSE,STK,157,INE437A01024,APOLLOHOSP,EQ,,,,,APOLLO HOSPITALS ENTER. L,8948.5,9009.0,8905.0,8934.0,8915.0,8900.5,,8934.0,,,501832,4494480721.0,57649,F1,1,,,,,
2026-07-15,2026-07-15,CM,NSE,STK,1134,INE713T01028,APOLLO,EQ,,,,,APOLLO MICRO SYSTEMS LTD,405.95,409.9,401.8,404.75,405.0,405.9,,404.75,,,6061908,2458096443.3,52984,F1,1,,,,,
2026-07-15,2026-07-15,CM,NSE,STK,14361,INE126J01016,APOLLOPIPE,EQ,,,,,APOLLO PIPES LIMITED,510.0,519.0,509.0,513.05,512.35,508.85,,513.05,,,85372,43873652.4,2717,F1,1,,,,,
2026-07-15,2026-07-15,CM,NSE,STK,6302,INE451F01024,APOLSINHOT,EQ,,,,,APOLLO SINDOORI HOTEL LTD,1202.0,1440.0,1202.0,1369.2,1336.5,1200.0,,1369.2,,,60940,85040158.2,3248,F1,1,,,,,
2026-07-15,2026-07-15,CM,NSE,STK,163,INE438A01022,APOLLOTYRE,EQ,,,,,APOLLO TYRES LTD,428.4,434.9,424.6,427.0,427.5,425.85,,427.0,,,1493654,642538239.6,34733,F1,1,,,,,
2026-07-15,2026-07-15,CM,NSE,STK,24638,INE0LQG01010,APRAMEYA,SM,,,,,APRAMEYA ENGINEERING LTD,151.05,154.55,149.95,149.95,149.95,151.05,,149.95,,,2500,380275.0,5,F1,500,,,,,
2026-07-15,2026-07-15,CM,NSE,STK,760364,INE0M2307321,915APSBC27,N0,,,,,APSBC 9.15% 2027 STRPP B,101600.0,101600.0,101600.0,101600.0,101600.0,101600.0,,101600.0,,,1,101600.0,1,F1,1,,,,,
2026-07-15,2026-07-15,CM,NSE,STK,760366,INE0M2307370,915APSBC28,N0,,,,,APSBC 9.15% 2028 STRPP C,102333.29,102333.29,102333.29,102333.29,102333.29,102002.88,,102333.29,,,1,102333.29,1,F1,1,,,,,
2026-07-15,2026-07-15,CM,NSE,STK,760376,INE0M2307404,915APSBC33,N0,,,,,APSBC 9.15% 2033 STRPP H,103800.0,103800.0,103800.0,103800.0,103800.0,103782.88,,103800.0,,,19,1972200.0,3,F1,1,,,,,
2026-07-15,2026-07-15,CM,NSE,STK,760378,INE0M2307412,915APSBC34,N0,,,,,APSBC 9.15% 2034 STRPP I,103973.29,103973.29,103973.29,103973.29,103973.29,104072.88,,103973.29,,,20,2079465.8,2,F1,1,,,,,
2026-07-15,2026-07-15,CM,NSE,STK,760380,INE0M2307396,915APSBC35,N0,,,,,APSBC 9.15% 2035 STRPP J,104458.22,104458.22,104458.22,104458.22,104458.22,104398.98,,104458.22,,,100,10445822.0,1,F1,1,,,,,
2026-07-15,2026-07-15,CM,NSE,STK,761435,INE1OOJ01011,APSISAERO,ST,,,,,APSIS AEROCOM LIMITED,386.2,386.2,386.2,386.2,386.2,378.65,,386.2,,,2400,926880.0,2,F1,1200,,,,,
2026-07-15,2026-07-15,CM,NSE,STK,14074,INE266F01018,APTECHT,BE,,,,,APTECH LIMITED,98.5,99.5,96.0,96.88,97.39,98.37,,96.89,,,44702,4344260.61,608,F1,1,,,,,
2026-07-15,2026-07-15,CM,NSE,STK,5435,INE852O01025,APTUS,EQ,,,,,APTUS VALUE HSG FIN I LTD,291.0,297.0,289.8,295.6,295.3,290.15,,295.6,,,973819,286348896.05,19061,F1,1,,,,,
2026-07-15,2026-07-15,CM,NSE,STK,23365,INE416A01051,AQYLON,EQ,,,,,AQYLON NEXUS LIMITED,37.9,39.08,36.46,36.7,36.46,38.37,,36.68,,,1039220,38400444.21,3932,F1,1,,,,,
2026-07-15,2026-07-15,CM,NSE,STK,19253,INE08NJ01024,ARABIAN,SM,,,,,ARABIAN PETROLEUM LIMITED,69.0,69.0,67.25,67.25,67.25,69.0,,67.25,,,4000,272500.0,2,F1,2000,,,,,
2026-07-15,2026-07-15,CM,NSE,STK,758673,INE0YDV01010,ARCIIL,ST,,,,,ARC INSULATION & INSU LTD,41.7,41.7,39.8,40.55,41.1,41.85,,40.55,,,18000,727800.0,16,F1,1000,,,,,
2026-07-15,2026-07-15,CM,NSE,STK,12024,INE128X01021,ACI,EQ,,,,,ARCHEAN CHEMICAL IND LTD,537.7,551.0,534.6,543.8,543.0,534.95,,543.8,,,1502876,808359402.9,22913,F1,1,,,,,
2026-07-15,2026-07-15,CM,NSE,STK,245,INE0CHO01012,ADL,EQ,,,,,ARCHIDPLY DECOR LIMITED,71.16,74.0,67.6,69.99,70.0,70.81,,69.99,,,3866,270607.61,84,F1,1,,,,,
2026-07-15,2026-07-15,CM,NSE,STK,16795,INE877I01016,ARCHIDPLY,EQ,,,,,ARCHIDPLY IND. LTD,84.75,84.75,81.05,81.82,81.5,82.22,,81.82,,,10113,827949.68,114,F1,1,,,,,
2026-07-15,2026-07-15,CM,NSE,STK,5688,INE731A01020,ARCHIES,EQ,,,,,ARCHIES LTD,14.17,14.47,14.02,14.15,14.18,14.18,,14.09,,,13001,184606.5,65,F1,1,,,,,
2026-07-15,2026-07-15,CM,NSE,STK,758700,INE784R01023,ARFIN,EQ,,,,,ARFIN INDIA LIMITED,85.5,88.72,85.5,86.56,86.04,86.37,,86.57,,,2237930,194053932.42,6254,F1,1,,,,,
2026-07-15,2026-07-15,CM,NSE,STK,13092,INE0L2Y01011,ARHAM,SM,,,,,ARHAM TECHNOLOGIES LTD,136.05,140.95,136.05,137.5,138.0,138.0,,137.5,,,20000,2753700.0,16,F1,1000,,,,,
2026-07-15,2026-07-15,CM,NSE,STK,15204,INE298I01015,ARIES,EQ,,,,,ARIES AGRO LTD.,340.8,348.55,340.8,345.4,347.0,341.3,,345.35,,,10638,3672295.7,394,F1,1,,,,,
2026-07-15,2026-07-15,CM,NSE,STK,3813,INE420B01036,ARIHANTCAP,EQ,,,,,ARIHANT CAPITAL MKTS LTD,72.8,73.88,71.7,71.96,72.0,72.27,,71.96,,,123494,8927467.17,1166,F1,1,,,,,
2026-07-15,2026-07-15,CM,NSE,STK,13885,INE413D01011,ARIHANT,EQ,,,,,ARIHANT FOUN & HOU LTD,808.7,809.0,764.0,797.55,804.1,808.45,,797.85,,,9748,7644370.25,910,F1,1,,,,,
2026-07-15,2026-07-15,CM,NSE,STK,20159,INE643K01018,ARIHANTSUP,EQ,,,,,ARIHANT SUPERSTRUCT LTD,262.1,267.05,262.05,265.9,265.2,264.7,,265.9,,,44887,11935688.6,185,F1,1,,,,,
2026-07-15,2026-07-15,CM,NSE,STK,757614,INE0H9P01028,ARIS,EQ,,,,,ARISINFRA SOLUTIONS LTD,107.93,108.9,106.5,106.78,107.35,107.14,,106.77,,,90129,9679254.26,1794,F1,1,,,,,
2026-07-15,2026-07-15,CM,NSE,STK,13931,INE082101010,ARISTO,ST,,,,,ARISTO BIO T AND LIFESC L,104.8,104.8,104.8,104.8,104.8,99.85,,104.8,,,800,83840.0,1,F1,800,,,,,
2026-07-15,2026-07-15,CM,NSE,STK,25398,INE0QRL01017,ARKADE,EQ,,,,,ARKADE DEVELOPERS LIMITED,140.4,141.32,137.51,138.74,138.25,138.96,,138.73,,,304522,42478052.55,3177,F1,1,,,,,
2026-07-15,2026-07-15,CM,NSE,STK,17263,INE109C01017,ARMANFIN,EQ,,,,,ARMAN FIN SERV LTD,1959.0,2069.2,1959.0,1995.4,1995.0,1958.6,,1995.4,,,147527,297878263.7,12607,F1,1,,,,,
2026-07-15,2026-07-15,CM,NSE,STK,760752,INE0TZX01019,ARMOUR,ST,,,,,ARMOUR SECURITY (INDIA) L,18.9,18.9,18.9,18.9,18.9,18.35,,18.9,,,2000,37800.0,1,F1,2000,,,,,
2026-07-15,2026-07-15,CM,NSE,STK,14557,INE210C01013,AROGRANITE,EQ,,,,,ARO GRANITE IND. LTD.,25.86,25.86,25.15,25.71,25.77,25.86,,25.83,,,2450,62794.42,60,F1,1,,,,,
2026-07-15,2026-07-15,CM,NSE,STK,9264,INE570D01018,ARROWGREEN,BE,,,,,ARROW GREENTECH LIMITED,660.0,693.9,660.0,686.35,690.0,673.3,,686.35,,,32221,21936235.2,409,F1,1,,,,,
2026-07-15,2026-07-15,CM,NSE,STK,29015,INE968D01022,ARSHIYA,BZ,,,,,ARSHIYA LIMITED,1.0,1.08,1.0,1.05,1.06,1.03,,1.05,,,231222,240197.26,108,F1,1,,,,,
2026-07-15,2026-07-15,CM,NSE,STK,6156,INE738V01013,ARTNIRMAN,EQ,,,,,ART NIRMAN LIMITED,39.81,40.71,39.02,40.71,40.71,39.81,,40.71,,,703,27736.57,8,F1,1,,,,,
2026-07-15,2026-07-15,CM,NSE,STK,761330,INE757T01025,AEPL,EQ,,,,,ARTEMIS ELECTRICALS & P L,16.75,16.75,14.44,15.56,15.6,16.04,,15.54,,,13604,211938.43,153,F1,1,,,,,
2026-07-15,2026-07-15,CM,NSE,STK,16913,INE025R01021,ARTEMISMED,EQ,,,,,ARTEMIS MED SERVICE LTD,271.05,279.8,271.05,276.2,278.75,271.0,,276.2,,,147534,40792940.85,4222,F1,1,,,,,
2026-07-15,2026-07-15,CM,NSE,STK,2814,INE006Z01016,ARVEE,EQ,,,,,ARVEE LABORATORIES I LTD,159.0,164.25,157.19,161.1,157.52,159.0,,161.1,,,202,32687.86,22,F1,1,,,,,
2026-07-15,2026-07-15,CM,NSE,STK,9111,INE955V01021,ARVINDFASN,EQ,,,,,ARVIND FASHIONS LIMITED,473.3,476.45,464.0,473.5,473.5,473.3,,473.5,,,173989,82044076.1,13852,F1,1,,,,,
2026-07-15,2026-07-15,CM,NSE,STK,193,INE034A01011,ARVIND,EQ,,,,,ARVIND LIMITED,542.05,549.95,538.55,541.0,538.55,540.45,,541.0,,,350309,190650010.5,20145,F1,1,,,,,
2026-07-15,2026-07-15,CM,NSE,STK,10457,INE034S01021,ARVSMART,EQ,,,,,ARVIND SMARTSPACES LTD,609.0,613.8,601.15,604.9,601.95,609.8,,604.9,,,13587,8255740.6,634,F1,1,,,,,
2026-07-15,2026-07-15,CM,NSE,STK,5378,INE439A01020,ASAHIINDIA,EQ,,,,,ASAHI INDIA GLASS LIMITED,920.0,940.1,910.7,917.5,921.4,923.1,,917.55,,,191478,177612706.7,14630,F1,1,,,,,
2026-07-15,2026-07-15,CM,NSE,STK,25088,INE228I01012,ASAHISONG,EQ,,,,,ASAHI SONGWON COLOR LTD,284.55,288.45,273.75,275.35,274.1,284.55,,275.35,,,11457,3196516.25,1044,F1,1,,,,,
2026-07-15,2026-07-15,CM,NSE,STK,15030,INE08KD01015,ASCOM,ST,,,,,ASCOM LEASIN & INVEST LTD,264.0,264.0,264.0,264.0,264.0,259.35,,264.0,,,500,132000.0,1,F1,500,,,,,
2026-07-15,2026-07-15,CM,NSE,STK,24711,INE0LAA01017,ASHALOG,SM,,,,,ASHAPURA LOGISTICS LTD,55.4,56.0,54.5,55.5,54.5,54.9,,55.5,,,45000,2499200.0,16,F1,1000,,,,,
2026-07-15,2026-07-15,CM,NSE,STK,203,INE348A01023,ASHAPURMIN,EQ,,,,,ASHAPURA MINECHEM LTD,694.95,714.4,693.1,700.35,699.55,691.65,,700.35,,,388824,273372943.3,14157,F1,1,,,,,
2026-07-15,2026-07-15,CM,NSE,STK,24403,INE365D01021,ASHIANA,EQ,,,,,ASHIANA HOUSING LTD,379.9,383.95,377.05,377.35,377.2,377.95,,377.3,,,15767,5990320.45,1150,F1,1,,,,,
2026-07-15,2026-07-15,CM,NSE,STK,762548,INE094B01013,ASHIKA,EQ,,,,,ASHIKA CREDIT CAPITAL L,398.8,410.0,392.2,398.25,403.1,397.6,,398.45,,,240960,95920033.05,1454,F1,1,,,,,
2026-07-15,2026-07-15,CM,NSE,STK,206,INE440A01010,ASHIMASYN,EQ,,,,,ASHIMA LTD,14.85,15.2,14.3,14.47,14.46,14.76,,14.48,,,74849,1101949.91,544,F1,1,,,,,
2026-07-15,2026-07-15,CM,NSE,STK,212,INE208A01029,ASHOKLEY,EQ,,,,,ASHOK LEYLAND LTD,155.99,157.87,155.75,156.52,156.4,155.19,,156.52,,,11779297,1847798928.61,54572,F1,1,,,,,
2026-07-15,2026-07-15,CM,NSE,STK,20182,INE442H01029,ASHOKA,EQ,,,,,ASHOKA BUILDCON LTD,128.55,129.1,127.32,128.22,127.6,128.46,,128.2,,,480010,61608873.37,6073,F1,1,,,,,
2026-07-15,2026-07-15,CM,NSE,STK,16943,INE760Y01011,ASHOKAMET,EQ,,,,,ASHOKA METCAST LIMITED,14.47,14.74,14.3,14.4,14.4,14.47,,14.4,,,5764,83163.19,89,F1,1,,,,,
2026-07-15,2026-07-15,CM,NSE,STK,760418,INE1A6Q01010,ASHWINI,SM,,,,,ASHWINI CONTAINER MOVER L,200.55,204.0,199.05,200.3,202.0,200.55,,200.3,,,29000,5844400.0,29,F1,1000,,,,,
2026-07-15,2026-07-15,CM,NSE,STK,7030,INE276G01015,ASIANENE,EQ,,,,,ASIAN ENERGY SERVICES LTD,358.0,371.8,347.1,366.9,370.0,353.55,,366.75,,,363011,131219074.4,12595,F1,1,,,,,
2026-07-15,2026-07-15,CM,NSE,STK,14889,INE022I01019,ASIANTILES,EQ,,,,,ASIAN GRANITO IND. LTD.,49.26,49.49,47.97,48.18,48.24,48.86,,48.18,,,369140,17968212.68,2397,F1,1,,,,,
2026-07-15,2026-07-15,CM,NSE,STK,19438,INE926K01017,AHLEAST,EQ,,,,,ASIAN HOTELS (EAST) LTD,146.22,146.4,143.55,143.55,143.55,144.77,,143.35,,,188,27192.94,15,F1,1,,,,,
2026-07-15,2026-07-15,CM,NSE,STK,18422,INE363A01022,ASIANHOTNR,EQ,,,,,ASIAN HOTELS (NORTH) LTD,307.65,315.05,303.15,305.4,309.0,308.15,,305.4,,,19325,5961320.7,587,F1,1,,,,,
2026-07-15,2026-07-15,CM,NSE,STK,19370,INE915K01010,AHLWEST,BE,,,,,ASIAN HOTELS (WEST) LTD,575.0,575.0,571.0,575.0,575.0,568.55,,575.0,,,505,290021.0,13,F1,1,,,,,
2026-07-15,2026-07-15,CM,NSE,STK,236,INE021A01026,ASIANPAINT,EQ,,,,,ASIAN PAINTS LIMITED,2644.9,2684.0,2644.9,2670.0,2670.6,2641.0,,2670.0,,,809114,2160536081.3,52335,F1,1,,,,,
2026-07-15,2026-07-15,CM,NSE,STK,762553,INE194D01017,ASTAR,EQ,,,,,ASIAN STAR CO. LTD.,638.9,638.9,638.9,638.9,638.9,600.0,,638.9,,,21,13416.9,1,F1,1,,,,,
2026-07-15,2026-07-15,CM,NSE,STK,20152,INE491J01022,ASKAUTOLTD,EQ,,,,,ASK AUTOMOTIVE LIMITED,466.5,475.65,466.5,472.85,473.0,465.8,,472.85,,,94313,44552349.0,6315,F1,1,,,,,
2026-07-15,2026-07-15,CM,NSE,STK,17270,INE991I01015,ASPINWALL,EQ,,,,,ASPINWALL & CO LTD,262.0,272.0,257.8,267.35,267.0,257.14,,267.35,,,17725,4729246.33,484,F1,1,,,,,
2026-07-15,2026-07-15,CM,NSE,STK,23396,INE0S7801010,ASPIRE,SM,,,,,ASPIRE & INNOVATIVE ADV L,13.5,13.5,13.5,13.5,13.5,13.5,,13.5,,,2000,27000.0,1,F1,2000,,,,,
2026-07-15,2026-07-15,CM,NSE,STK,17598,INE073G01016,ASALCBR,EQ,,,,,ASSO ALCOHOLS & BREW LTD,817.95,839.85,810.1,825.05,824.0,805.1,,825.0,,,26737,22130871.7,2330,F1,1,,,,,
2026-07-15,2026-07-15,CM,NSE,STK,17728,INE563J01010,ASTEC,EQ,,,,,ASTEC LIFESCIENCES LTD,682.45,708.95,678.0,682.7,681.05,682.45,,682.7,,,53085,36680289.6,2442,F1,1,,,,,
2026-07-15,2026-07-15,CM,NSE,STK,1508,INE914M01019,ASTERDM,EQ,,,,,ASTER DM HEALTHCARE LTD.,815.0,826.0,807.85,824.6,825.0,813.2,,824.6,,,470326,385284684.1,26557,F1,1,,,,,
2026-07-15,2026-07-15,CM,NSE,STK,11618,INE386C01029,ASTRAMICRO,EQ,,,,,ASTRA MICROWAVE LTD,1739.0,1800.0,1729.0,1750.9,1740.0,1720.0,,1750.6,,,409484,722989623.6,24646,F1,1,,,,,
2026-07-15,2026-07-15,CM,NSE,STK,14418,INE006I01046,ASTRAL,EQ,,,,,ASTRAL LIMITED,1364.6,1365.1,1346.7,1359.8,1359.0,1358.5,,1359.8,,,361185,489655426.2,18854,F1,1,,,,,
2026-07-15,2026-07-15,CM,NSE,STK,5610,INE203A01020,ASTRAZEN,EQ,,,,,ASTRAZENECA PHARMA IND LT,8299.0,8300.0,8178.0,8228.5,8191.0,8198.5,,8229.0,,,8724,71969823.0,2583,F1,1,,,,,
2026-07-15,2026-07-15,CM,NSE,STK,880,INE646X01014,ASTRON,BE,,,,,ASTRON PAPER BORD MIL LTD,3.65,3.78,3.65,3.75,3.75,3.72,,3.75,,,4041,15135.59,25,F1,1,,,,,
2026-07-15,2026-07-15,CM,NSE,STK,15649,INE0ALR01029,ATALREAL,EQ,,,,,ATAL REALTECH LIMITED,29.0,30.5,28.65,30.21,30.5,28.99,,30.21,,,8677808,254879172.59,6051,F1,1,,,,,
2026-07-15,2026-07-15,CM,NSE,STK,15404,INE09KD01013,ATAM,EQ,,,,,ATAM VALVES LIMITED,67.1,68.99,67.1,67.98,68.99,67.91,,67.99,,,7010,477253.16,261,F1,1,,,,,
2026-07-15,2026-07-15,CM,NSE,STK,756405,INE0V0Q01019,ATCENERGY,ST,,,,,ATC ENERGIES SYSTEM LTD,23.5,23.5,23.4,23.4,23.4,23.05,,23.4,,,4800,112680.0,4,F1,1200,,,,,
2026-07-15,2026-07-15,CM,NSE,STK,757645,INE0LEZ01016,ATHERENERG,EQ,,,,,ATHER ENERGY LIMITED,1225.0,1318.9,1225.0,1296.4,1299.0,1201.8,,1296.5,,,17106822,22083546593.6,411866,F1,1,,,,,
2026-07-15,2026-07-15,CM,NSE,STK,760953,IN90NN701011,ATLPP,E1,,,,,ATL RE.0.50 PPD UP,9.1,9.35,8.51,8.8,8.8,9.1,,9.09,,,3021,26944.14,23,F1,1,,,,,
2026-07-15,2026-07-15,CM,NSE,STK,759007,INE0Z4F01028,ATLANTAELE,EQ,,,,,ATLANTA ELECTRICALS LTD,1750.0,1813.0,1732.0,1741.4,1740.0,1729.4,,1741.4,,,103178,181433326.8,8296,F1,1,,,,,
2026-07-15,2026-07-15,CM,NSE,STK,13585,INE285H01022,ATLANTAA,EQ,,,,,ATLANTAA LIMITED,38.9,39.58,37.61,37.94,38.48,39.12,,37.94,,,42331,1622361.02,635,F1,1,,,,,
2026-07-15,2026-07-15,CM,NSE,STK,4568,INE446A01025,ATLASCYCLE,EQ,,,,,ATLAS CYCLE (HARYANA) LTD,96.15,103.5,96.12,97.7,97.6,96.42,,97.71,,,17069,1684647.83,430,F1,1,,,,,
2026-07-15,2026-07-15,CM,NSE,STK,22788,INE05DH01017,ATMASTCO,ST,,,,,ATMASTCO LIMITED,160.0,164.35,157.0,159.6,160.0,158.15,,159.6,,,8400,1344480.0,18,F1,400,,,,,
2026-07-15,2026-07-15,CM,NSE,STK,30023,INE951D01028,ATULAUTO,EQ,,,,,ATUL AUTO LIMITED,480.5,488.8,477.55,479.4,481.7,475.85,,479.4,,,47496,22903619.8,2628,F1,1,,,,,
2026-07-15,2026-07-15,CM,NSE,STK,263,INE100A01010,ATUL,EQ,,,,,ATUL LTD,6072.0,6230.0,6072.0,6110.0,6100.0,6072.0,,6110.0,,,24713,151232577.5,6314,F1,1,,,,,
2026-07-15,2026-07-15,CM,NSE,STK,21238,INE949L01017,AUBANK,EQ,,,,,AU SMALL FINANCE BANK LTD,1042.9,1052.7,1036.9,1040.6,1037.9,1038.3,,1040.6,,,464281,484843315.1,31197,F1,1,,,,,
2026-07-15,2026-07-15,CM,NSE,STK,12022,INE132H01018,AURIONPRO,EQ,,,,,AURIONPRO SOLN LTD,875.4,875.45,854.0,858.35,859.0,871.05,,858.35,,,77808,66979832.7,4051,F1,1,,,,,
2026-07-15,2026-07-15,CM,NSE,STK,15869,INE0NUL01018,AUROIMPEX,SM,,,,,AURO IMPEX & CHEMICALS L,25.7,25.7,24.65,24.65,24.65,24.85,,24.65,,,3200,80560.0,2,F1,1600,,,,,
2026-07-15,2026-07-15,CM,NSE,STK,275,INE406A01037,AUROPHARMA,EQ,,,,,AUROBINDO PHARMA LTD,1553.7,1565.7,1546.0,1550.2,1548.0,1552.8,,1550.2,,,327039,508192532.8,15600,F1,1,,,,,
2026-07-15,2026-07-15,CM,NSE,STK,10310,INE898S01029,AURUM,EQ,,,,,AURUM PROPTECH LIMITED,241.02,264.64,237.51,250.82,253.0,239.64,,250.82,,,3194252,813432066.14,39657,F1,1,,,,,
2026-07-15,2026-07-15,CM,NSE,STK,31468,INE142K01011,AURUS,EQ,,,,,AURUS GEM CORP LIMITED,4.39,4.57,4.3,4.41,4.43,4.41,,4.43,,,32859,143948.55,373,F1,1,,,,,
2026-07-15,2026-07-15,CM,NSE,STK,9035,INE218C01016,AUSOMENT,BE,,,,,AUSOM ENTERPRISE LIMITED,122.72,127.65,122.5,125.24,127.35,123.33,,125.25,,,5627,703158.07,55,F1,1,,,,,
2026-07-15,2026-07-15,CM,NSE,STK,21451,INE0P0001010,APS,SM,,,,,AUSTRALIAN PREM SOLAR I L,295.35,302.55,292.0,293.45,292.25,294.6,,293.45,,,11250,3337137.5,43,F1,250,,,,,
2026-07-15,2026-07-15,CM,NSE,STK,23553,INE206F01022,AIIL,EQ,,,,,AUTHUM INVEST & INFRA LTD,508.9,513.7,500.05,501.95,503.5,511.05,,501.95,,,107686,54527742.65,6623,F1,1,,,,,
2026-07-15,2026-07-15,CM,NSE,STK,14110,INE718H01014,AUTOIND,BE,,,,,AUTOLINE INDUSTRIES LTD,99.0,99.0,94.0,94.45,94.0,96.46,,94.45,,,80659,7701785.44,660,F1,1,,,,,
2026-07-15,2026-07-15,CM,NSE,STK,278,INE449A01011,AUTOAXLES,EQ,,,,,AUTOMOTIVE AXLES LIMITED,1776.8,1829.9,1774.8,1818.8,1829.0,1775.8,,1818.6,,,9330,16831649.1,693,F1,1,,,,,
2026-07-15,2026-07-15,CM,NSE,STK,10634,INE900C01027,ASAL,EQ,,,,,AUTOMOTIVE STAMPINGS & AS,512.9,539.8,512.45,523.3,520.0,510.4,,523.3,,,35620,18767428.5,2182,F1,1,,,,,
2026-07-15,2026-07-15,CM,NSE,STK,21410,INE349W01017,AVADHSUGAR,BE,,,,,AVADH SUG & ENERGY LTD,539.3,550.0,528.0,532.3,536.8,539.3,,532.45,,,29875,16184214.35,351,F1,1,,,,,
2026-07-15,2026-07-15,CM,NSE,STK,15058,INE0LCL01028,AVALON,EQ,,,,,AVALON TECHNOLOGIES LTD,1759.9,1797.9,1668.6,1679.8,1680.0,1748.1,,1679.8,,,433875,743929396.4,37236,F1,1,,,,,
2026-07-15,2026-07-15,CM,NSE,STK,760736,INE1KU201016,AVANA,ST,,,,,AVANA ELECTROSYSTEMS LTD,144.9,147.1,134.15,139.1,139.1,140.25,,139.1,,,28000,3997300.0,14,F1,2000,,,,,
2026-07-15,2026-07-15,CM,NSE,STK,24610,INE005B01027,AVANTEL,EQ,,,,,AVANTEL LIMITED,181.0,182.02,176.0,177.38,176.9,180.24,,177.38,,,2094737,374097696.22,14873,F1,1,,,,,
2026-07-15,2026-07-15,CM,NSE,STK,7936,INE871C01038,AVANTIFEED,EQ,,,,,AVANTI FEEDS LIMITED,939.7,998.8,939.7,989.2,990.2,935.45,,989.2,,,1543468,1516956570.15,52188,F1,1,,,,,
2026-07-15,2026-07-15,CM,NSE,STK,19913,INE192R01011,DMART,EQ,,,,,AVENUE SUPERMARTS LIMITED,3919.6,3941.8,3886.7,3929.3,3930.0,3915.9,,3929.3,,,346726,1358667382.5,41947,F1,1,,,,,
2026-07-15,2026-07-15,CM,NSE,STK,16249,INE483S01020,CCAVENUE,EQ,,,,,AVENUESAI LIMITED,18.0,18.16,17.7,17.77,17.82,17.82,,17.77,,,10798466,193480555.24,12156,F1,1,,,,,
2026-07-15,2026-07-15,CM,NSE,STK,15638,INE680Z01018,AVG,BE,,,,,AVG LOGISTICS LIMITED,207.42,207.42,201.96,205.97,207.4,207.42,,205.94,,,20864,4284011.21,131,F1,1,,,,,
2026-07-15,2026-07-15,CM,NSE,STK,25520,INE0TFB01017,AVIANSH,SM,,,,,AVI ANSH TEXTILE LIMITED,102.75,102.75,102.0,102.1,102.1,102.5,,102.1,,,3000,306850.0,3,F1,1000,,,,,
2026-07-15,2026-07-15,CM,NSE,STK,755092,INE0V9I01017,AVIENCE,SM,,,,,AVIENCE BIOMEDICALS LTD,280.0,286.0,271.0,273.75,273.0,280.35,,273.75,,,27600,7734960.0,46,F1,600,,,,,
2026-07-15,2026-07-15,CM,NSE,STK,14069,INE855F01042,ASMS,BE,,,,,AVIO SMART MRKT STACK LTD,7.11,7.2,7.1,7.16,7.18,7.1,,7.14,,,137321,980563.96,261,F1,1,,,,,
2026-07-15,2026-07-15,CM,NSE,STK,13557,INE323B01024,AVONMORE,EQ,,,,,AVONMORE CAP&MGT SERV LTD,10.25,10.28,9.69,9.8,9.87,10.05,,9.8,,,302871,2985734.51,586,F1,1,,,,,
2026-07-15,2026-07-15,CM,NSE,STK,23159,INE0R9401019,AVPINFRA,SM,,,,,AVP INFRACON LIMITED,56.2,56.85,54.95,55.25,55.1,56.2,,55.25,,,130400,7248280.0,138,F1,800,,,,,
2026-07-15,2026-07-15,CM,NSE,STK,8827,INE652Z01025,AVROIND,EQ,,,,,AVRO INDIA LIMITED,10.02,10.02,9.31,9.45,9.4,9.89,,9.46,,,414492,3931427.58,1961,F1,1,,,,,
2026-07-15,2026-07-15,CM,NSE,STK,14008,INE488D01021,AVTNPL,EQ,,,,,AVT NATURAL PRODUCTS LTD,70.4,71.72,70.11,70.89,71.35,71.3,,70.89,,,35411,2506013.35,682,F1,1,,,,,
2026-07-15,2026-07-15,CM,NSE,STK,23864,INE108V01019,AWFIS,EQ,,,,,AWFIS SPACE SOLUTIONS LTD,291.95,298.4,287.95,292.2,292.25,290.45,,292.25,,,304826,89491310.15,8777,F1,1,,,,,
2026-07-15,2026-07-15,CM,NSE,STK,8110,INE699H01024,AWL,EQ,,,,,AWL AGRI BUSINESS LIMITED,189.0,190.0,185.57,188.94,188.5,189.27,,188.94,,,2190015,412355254.42,26269,F1,1,,,,,
2026-07-15,2026-07-15,CM,NSE,STK,5900,INE238A01034,AXISBANK,EQ,,,,,AXIS BANK LIMITED,1328.0,1348.0,1303.3,1312.3,1311.9,1317.6,,1312.3,,,9442403,12529492617.2,184887,F1,1,,,,,
2026-07-15,2026-07-15,CM,NSE,STK,1044,INF846K01X63,BNKETFAXIS,EQ,,,,,AXISAMC-BNKETFAXIS,593.25,599.11,592.98,594.64,594.58,592.98,,594.64,,,481,286998.17,34,F1,1,,,,,
2026-07-15,2026-07-15,CM,NSE,STK,5732,INF846K016C7,CONSUMAXIS,EQ,,,,,AXISAMC-CONSUMAXIS,120.2,120.46,119.52,119.52,119.52,119.85,,119.28,,,637,76469.49,19,F1,1,,,,,
2026-07-15,2026-07-15,CM,NSE,STK,20532,INF846K01W80,GOLDAXIS,EQ,,,,,AXISAMC-GOLDAXIS,119.77,119.77,116.85,117.24,117.31,116.85,,117.24,,,240201,28205434.39,2390,F1,1,,,,,
2026-07-15,2026-07-15,CM,NSE,STK,3608,INF846K01Z12,HEALTHAXIS,EQ,,,,,AXISAMC-HEALTHAXIS,167.16,169.0,166.61,168.03,169.0,167.11,,168.06,,,3017,507032.73,138,F1,1,,,,,
2026-07-15,2026-07-15,CM,NSE,STK,3010,INF846K01Y96,ITAXIS,EQ,,,,,AXISAMC-ITAXIS,311.64,316.01,311.35,313.56,313.31,315.7,,313.56,,,14391,4516959.69,136,F1,1,,,,,
2026-07-15,2026-07-15,CM,NSE,STK,21252,INF846K01W98,NIFTYAXIS,EQ,,,,,AXISAMC-NIFTYAXIS,265.52,267.61,265.52,265.78,265.77,265.52,,265.78,,,6937,1851302.08,137,F1,1,,,,,
2026-07-15,2026-07-15,CM,NSE,STK,14742,INF846K010Q0,SENSEXAXIS,EQ,,,,,AXISAMC-SENSEXAXIS,80.0,80.66,79.75,80.06,80.23,79.95,,80.06,,,648,51879.72,37,F1,1,,,,,
2026-07-15,2026-07-15,CM,NSE,STK,11193,INF846K011K1,SILVERAXIS,EQ,,,,,AXISAMC-SILVERAXIS,221.44,221.44,216.18,217.06,217.45,216.04,,217.06,,,117009,25431352.46,3537,F1,1,,,,,
2026-07-15,2026-07-15,CM,NSE,STK,30155,INF846KA1119,VALUEAXIS,EQ,,,,,AXISAMC-VALUEAXIS,32.97,32.97,32.52,32.64,32.85,32.66,,32.64,,,37476,1226152.89,280,F1,1,,,,,
2026-07-15,2026-07-15,CM,NSE,STK,9436,INE555B01013,AXISCADES,EQ,,,,,AXISCADES TECH LTD,1629.0,1652.6,1595.6,1610.7,1605.0,1638.1,,1610.6,,,103288,166980671.5,7176,F1,1,,,,,
2026-07-15,2026-07-15,CM,NSE,STK,9902,INE02EZ01022,AXITA,EQ,,,,,AXITA COTTON LIMITED,7.55,7.56,7.48,7.5,7.48,7.53,,7.5,,,90788,682541.88,536,F1,1,,,,,
2026-07-15,2026-07-15,CM,NSE,STK,760981,INE501X01029,AYE,EQ,,,,,AYE FINANCE LIMITED,169.86,170.0,163.69,165.03,166.44,168.71,,165.03,,,692450,115031426.7,8590,F1,1,,,,,
2026-07-15,2026-07-15,CM,NSE,STK,10285,INE193B01039,AYMSYNTEX,EQ,,,,,AYM SYNTEX LIMITED,241.29,246.28,232.0,236.72,238.0,241.31,,236.81,,,26306,6328852.28,1343,F1,1,,,,,
2026-07-15,2026-07-15,CM,NSE,STK,20905,INE02IJ01035,AZAD,EQ,,,,,AZAD ENGINEERING LIMITED,2400.0,2435.0,2333.0,2351.8,2362.0,2392.6,,2351.0,,,465080,1111105226.8,26999,F1,1,,,,,
2026-07-15,2026-07-15,CM,NSE,STK,762613,INE489D01011,BNALTD,EQ,,,,,B & A LTD.,378.7,449.9,358.1,449.65,449.9,374.95,,441.1,,,10365,4622828.65,241,F1,1,,,,,
2026-07-15,2026-07-15,CM,NSE,STK,12153,INE01EE01011,BBTCL,EQ,,,,,B&B TRIPLEWALL CONT LTD,211.72,219.73,208.0,209.85,210.6,211.72,,209.6,,,3771,803596.63,209,F1,1,,,,,
2026-07-15,2026-07-15,CM,NSE,STK,11226,INE116D01028,BAGFILMS,EQ,,,,,B.A.G FILMS AND MEDIA LTD,4.4,4.56,4.4,4.51,4.52,4.47,,4.51,,,72551,328399.43,127,F1,1,,,,,
2026-07-15,2026-07-15,CM,NSE,STK,759420,INE17CQ01015,BAGDIGITAL,SM,,,,,B.A.G.CONVERGENCE LIMITED,106.0,108.8,106.0,108.8,108.8,104.0,,108.8,,,8000,860560.0,4,F1,1600,,,,,
2026-07-15,2026-07-15,CM,NSE,STK,13290,INE350H01032,BLKASHYAP,EQ,,,,,B.L.KASHYAP & SON LTD,59.3,62.4,57.53,60.93,60.3,59.02,,60.93,,,2579077,157240306.01,16719,F1,1,,,,,
2026-07-15,2026-07-15,CM,NSE,STK,25116,INE01FR01028,STYLEBAAZA,BE,,,,,BAAZAR STYLE RETAIL LTD,300.0,305.9,294.0,300.3,300.0,299.05,,300.3,,,100061,30080994.6,642,F1,1,,,,,
2026-07-15,2026-07-15,CM,NSE,STK,20141,INE0QW501012,BABAFP,SM,,,,,BABA FOOD PROCESSING,24.0,24.0,24.0,24.0,24.0,23.95,,24.0,,,1600,38400.0,1,F1,1600,,,,,
2026-07-15,2026-07-15,CM,NSE,STK,17735,INE878I01022,BAFNAPH,BE,,,,,BAFNA PHARMACEUTICALS LTD,217.12,217.12,217.12,217.12,217.12,212.87,,220.2,,,2933,636812.96,13,F1,1,,,,,
2026-07-15,2026-07-15,CM,NSE,STK,763363,INE2OVN25015,BAGMANE,RR,,,,,BAGMANE PRIME OFFICE REIT,103.75,104.25,103.52,104.1,104.1,103.49,,104.1,,,615248,63975864.18,8296,F1,1,,,,,
2026-07-15,2026-07-15,CM,NSE,STK,12989,INE029Q01017,BAHETI,SM,,,,,BAHETI RECYCLING IND LTD,715.0,717.0,710.0,711.65,710.0,710.0,,711.65,,,13875,9896325.0,26,F1,375,,,,,
2026-07-15,2026-07-15,CM,NSE,STK,13794,INE020D01022,BAIDFIN,EQ,,,,,BAID FINSERV LIMITED,10.2,10.48,10.16,10.26,10.31,10.39,,10.26,,,29801,306089.89,96,F1,1,,,,,
2026-07-15,2026-07-15,CM,NSE,STK,16669,INE917I01010,BAJAJ-AUTO,EQ,,,,,BAJAJ AUTO LIMITED,10200.0,10369.0,10200.0,10323.0,10311.0,10166.0,,10323.0,,,451477,4652731823.0,65140,F1,1,,,,,
2026-07-15,2026-07-15,CM,NSE,STK,19531,INE933K01021,BAJAJCON,EQ,,,,,BAJAJ CONSUMER CARE LTD,593.5,595.9,555.45,568.45,566.85,590.5,,568.4,,,1817199,1043459528.35,45427,F1,1,,,,,
2026-07-15,2026-07-15,CM,NSE,STK,15034,INE193E01025,BAJAJELEC,EQ,,,,,BAJAJ ELECT.LTD,329.0,332.35,327.1,330.05,331.8,328.95,,330.0,,,67215,22168967.6,2050,F1,1,,,,,
2026-07-15,2026-07-15,CM,NSE,STK,317,INE296A01032,BAJFINANCE,EQ,,,,,BAJAJ FINANCE LIMITED,1006.6,1037.3,1006.6,1021.3,1020.9,1006.6,,1021.3,,,5538356,5674720686.7,159723,F1,1,,,,,
2026-07-15,2026-07-15,CM,NSE,STK,16675,INE918I01026,BAJAJFINSV,EQ,,,,,BAJAJ FINSERV LTD.,1875.0,1892.6,1843.4,1849.6,1850.8,1869.2,,1849.6,,,595343,1111585832.0,45351,F1,1,,,,,
2026-07-15,2026-07-15,CM,NSE,STK,6863,INE411U01027,BAJAJHCARE,EQ,,,,,BAJAJ HEALTHCARE LIMITED,348.8,369.0,344.8,363.55,368.2,347.55,,363.65,,,426043,152613259.05,10421,F1,1,,,,,
2026-07-15,2026-07-15,CM,NSE,STK,308,INE306A01021,BAJAJHIND,EQ,,,,,BAJAJ HINDUSTHAN SUGAR LT,17.46,17.57,17.0,17.18,17.17,17.5,,17.18,,,3259004,56296507.63,7029,F1,1,,,,,
2026-07-15,2026-07-15,CM,NSE,STK,305,INE118A01012,BAJAJHLDNG,EQ,,,,,BAJAJ HOLDINGS & INVS LTD,10480.0,10577.0,10458.0,10531.0,10508.0,10486.0,,10531.0,,,42422,445889789.0,7710,F1,1,,,,,
2026-07-15,2026-07-15,CM,NSE,STK,25270,INE377Y01014,BAJAJHFL,EQ,,,,,BAJAJ HOUSING FINANCE LTD,87.34,87.88,87.2,87.46,87.43,87.32,,87.46,,,2023921,177161929.25,20891,F1,1,,,,,
2026-07-15,2026-07-15,CM,NSE,STK,762563,INE704G01024,BAJAJST,EQ,,,,,BAJAJ STEEL INDS. LTD.,392.65,411.6,392.65,404.25,406.0,389.85,,403.15,,,21554,8689994.05,1537,F1,1,,,,,
2026-07-15,2026-07-15,CM,NSE,STK,20531,INE0KQN01018,BAJEL,EQ,,,,,BAJEL PROJECTS LIMITED,182.15,185.45,181.6,182.15,182.0,182.15,,182.18,,,141134,25895531.15,2447,F1,1,,,,,
2026-07-15,2026-07-15,CM,NSE,STK,13441,INE083D01012,BALPHARMA,EQ,,,,,BAL PHARMA LTD.,90.4,92.2,87.0,87.64,87.31,91.02,,87.64,,,77779,6921145.89,1690,F1,1,,,,,
2026-07-15,2026-07-15,CM,NSE,STK,14501,INE050E01027,BALAMINES,EQ,,,,,BALAJI AMINES LIMITED,2335.0,2375.8,2300.0,2314.2,2309.0,2311.5,,2314.3,,,150557,352540143.9,14322,F1,1,,,,,
2026-07-15,2026-07-15,CM,NSE,STK,30030,INE0PQ601019,BALAJIPHOS,SM,,,,,BALAJI PHOSPHATES LIMITED,90.0,90.0,90.0,90.0,90.0,92.0,,90.0,,,21000,1890000.0,9,F1,1000,,,,,
2026-07-15,2026-07-15,CM,NSE,STK,9158,INE794B01026,BALAJITELE,EQ,,,,,BALAJI TELEFILMS LIMITED.,91.5,92.4,90.55,91.42,90.6,91.64,,91.41,,,131222,12027196.28,2060,F1,1,,,,,
2026-07-15,2026-07-15,CM,NSE,STK,11314,INE618N01022,BALAXI,BE,,,,,BALAXI PHARMA LTD,24.2,24.5,24.0,24.1,24.15,24.13,,24.1,,,9948,241087.75,81,F1,1,,,,,
2026-07-15,2026-07-15,CM,NSE,STK,335,INE787D01026,BALKRISIND,EQ,,,,,BALKRISHNA IND. LTD,2169.0,2189.8,2122.2,2130.9,2137.0,2165.0,,2131.7,,,99364,213241445.3,11947,F1,1,,,,,
2026-07-15,2026-07-15,CM,NSE,STK,10181,INE875R01011,BALKRISHNA,EQ,,,,,BALKRISHNA PAPER MILLS L,18.2,18.49,18.12,18.12,18.12,18.03,,18.14,,,2062,37595.66,22,F1,1,,,,,
2026-07-15,2026-07-15,CM,NSE,STK,338,INE164A01016,BALMLAWRIE,EQ,,,,,BALMER LAWRIE & CO LTD,177.68,181.64,177.31,180.46,180.98,176.59,,180.46,,,135798,24481498.2,2801,F1,1,,,,,
2026-07-15,2026-07-15,CM,NSE,STK,762603,INE525F01025,BLIL,EQ,,,,,BALMER LAWRIE INVSTS. L,70.89,70.89,70.25,70.37,70.5,70.28,,70.38,,,27919,1968582.65,523,F1,1,,,,,
2026-07-15,2026-07-15,CM,NSE,STK,341,INE119A01028,BALRAMCHIN,EQ,,,,,BALRAMPUR CHINI MILLS LTD,593.35,597.0,582.3,589.85,588.35,596.3,,589.85,,,420851,248060103.2,15143,F1,1,,,,,
2026-07-15,2026-07-15,CM,NSE,STK,23607,INE011E01029,BALUFORGE,EQ,,,,,BALU FORGE INDUSTRIES LTD,451.0,454.9,446.75,450.8,451.8,447.3,,450.8,,,1034111,464535037.3,9954,F1,1,,,,,
2026-07-15,2026-07-15,CM,NSE,STK,347,INE655B01011,BANARBEADS,EQ,,,,,BANARAS BEADS LTD,114.1,122.9,114.1,117.38,115.65,115.95,,117.39,,,18448,2200216.28,462,F1,1,,,,,
2026-07-15,2026-07-15,CM,NSE,STK,13880,INE213C01025,BANCOINDIA,EQ,,,,,BANCO PRODUCTS (I) LTD,657.85,674.75,657.85,666.2,667.25,657.4,,666.15,,,101694,67988949.65,6190,F1,1,,,,,
2026-07-15,2026-07-15,CM,NSE,STK,2263,INE545U01014,BANDHANBNK,EQ,,,,,BANDHAN BANK LIMITED,208.75,220.76,208.51,216.52,216.52,207.87,,216.52,,,23750005,5161806062.33,110540,F1,1,,,,,
2026-07-15,2026-07-15,CM,NSE,STK,760325,INF194KB1KJ7,GOLDBND,EQ,,,,,BANDHANAMC - GOLDBND,140.65,143.19,140.45,140.79,140.66,140.63,,140.79,,,17640,2483414.4,133,F1,1,,,,,
2026-07-15,2026-07-15,CM,NSE,STK,18783,INF194KA1U07,IDFNIFTYET,EQ,,,,,BANDHANAMC - IDFNIFTYET,265.37,267.64,264.74,266.09,266.09,264.79,,266.09,,,2245,599737.99,42,F1,1,,,,,
2026-07-15,2026-07-15,CM,NSE,STK,760328,INF194KB1KI9,SILVERBND,EQ,,,,,BANDHANAMC - SILVERBND,215.3,220.6,215.3,219.01,219.49,218.28,,219.01,,,18194,3992584.71,237,F1,1,,,,,
2026-07-15,2026-07-15,CM,NSE,STK,15303,INE863I01016,BANG,EQ,,,,,BANG OVERSEAS LTD.,28.89,29.5,28.45,28.94,29.25,28.42,,28.96,,,39581,1146860.41,597,F1,1,,,,,
2026-07-15,2026-07-15,CM,NSE,STK,4668,INE028A01039,BANKBARODA,EQ,,,,,BANK OF BARODA,248.0,250.4,246.95,248.15,247.6,246.6,,248.15,,,8127491,2018945218.9,50213,F1,1,,,,,
2026-07-15,2026-07-15,CM,NSE,STK,4745,INE084A01016,BANKINDIA,EQ,,,,,BANK OF INDIA,142.7,147.48,142.56,145.21,144.9,141.87,,145.21,,,14148660,2057257424.07,51635,F1,1,,,,,
2026-07-15,2026-07-15,CM,NSE,STK,11377,INE457A01014,MAHABANK,EQ,,,,,BANK OF MAHARASHTRA,80.0,81.68,79.86,80.1,80.01,79.47,,80.1,,,13776867,1113113275.38,52462,F1,1,,,,,
2026-07-15,2026-07-15,CM,NSE,STK,828,INE862Y01015,BANKA,BE,,,,,BANKA BIOLOO LIMITED,92.0,92.0,87.3,89.51,89.51,91.84,,89.51,,,998,88258.07,18,F1,1,,,,,
2026-07-15,2026-07-15,CM,NSE,STK,12037,INE186H01022,BASML,BE,,,,,BANNARI AM SPIN MILL LTD.,26.5,27.64,25.55,26.69,26.75,26.89,,26.68,,,131255,3529162.53,402,F1,1,,,,,
2026-07-15,2026-07-15,CM,NSE,STK,350,INE459A01010,BANARISUG,EQ,,,,,BANNARI AMMAN SUGARS LTD,3507.9,3510.0,3475.0,3485.0,3510.0,3479.5,,3485.0,,,356,1238381.3,47,F1,1,,,,,
2026-07-15,2026-07-15,CM,NSE,STK,24386,INE0B9K01025,BANSALWIRE,EQ,,,,,BANSAL WIRE INDUSTRIES L,313.3,328.9,313.3,319.25,319.8,315.0,,319.25,,,95599,30713473.65,3516,F1,1,,,,,
2026-07-15,2026-07-15,CM,NSE,STK,14511,INE629D01020,BANSWRAS,EQ,,,,,BANSWARA SYNTEX LIMITED,124.5,129.7,124.0,126.39,127.02,122.29,,126.43,,,104510,13196603.55,1413,F1,1,,,,,
2026-07-15,2026-07-15,CM,NSE,STK,15073,INE139I01011,BVCL,EQ,,,,,BARAK VALLEY CEM. LTD.,41.33,42.2,41.05,41.54,41.84,41.53,,41.54,,,7265,302006.55,117,F1,1,,,,,
2026-07-15,2026-07-15,CM,NSE,STK,29176,INE0QX401014,BARFLEX,SM,,,,,BARFLEX POLYFILMS LIMITED,55.5,55.5,55.5,55.5,55.5,55.5,,55.5,,,2000,111000.0,1,F1,2000,,,,,
2026-07-15,2026-07-15,CM,NSE,STK,24117,INF251K01TL6,BBNPNBETF,EQ,,,,,BARODABNP - BBNPNBETF,58.62,58.62,58.04,58.4,58.4,58.04,,58.4,,,122,7126.29,12,F1,1,,,,,
2026-07-15,2026-07-15,CM,NSE,STK,20547,INF251K01SU9,BBNPPGOLD,EQ,,,,,BARODABNP - BBNPPGOLD,136.85,139.0,136.0,136.5,136.35,135.95,,136.5,,,108988,14882499.3,224,F1,1,,,,,
2026-07-15,2026-07-15,CM,NSE,STK,368,INE373A01013,BASF,EQ,,,,,BASF INDIA LTD,3613.6,3709.6,3588.1,3700.5,3703.0,3613.6,,3700.4,,,19750,72899831.4,3479,F1,1,,,,,
2026-07-15,2026-07-15,CM,NSE,STK,18442,INE0OCC01013,BASILIC,SM,,,,,BASILIC FLY STUDIO LTD,202.3,203.7,200.0,200.6,200.8,201.15,,200.6,,,8700,1750815.0,27,F1,300,,,,,
2026-07-15,2026-07-15,CM,NSE,STK,371,INE176A01028,BATAINDIA,EQ,,,,,BATA INDIA LTD,686.55,692.15,675.0,679.4,681.0,683.25,,679.4,,,128034,87502799.85,7224,F1,1,,,,,
2026-07-15,2026-07-15,CM,NSE,STK,762568,INE177C01022,BATLIBOI,EQ,,,,,BATLIBOI LTD.,83.21,84.5,83.21,83.76,83.71,83.18,,83.77,,,3837,321991.99,157,F1,1,,,,,
2026-07-15,2026-07-15,CM,NSE,STK,22574,INE0JFJ01011,BAWEJA,ST,,,,,BAWEJA STUDIOS LIMITED,28.35,28.9,27.25,28.75,28.75,28.0,,28.75,,,5600,159080.0,6,F1,800,,,,,
2026-07-15,2026-07-15,CM,NSE,STK,17927,INE462A01022,BAYERCROP,EQ,,,,,BAYER CROPSCIENCE LTD,4100.0,4126.8,4090.1,4111.2,4118.0,4077.0,,4111.2,,,13438,55209981.2,2730,F1,1,,,,,
2026-07-15,2026-07-15,CM,NSE,STK,2513,INE412G01024,BCLIND,EQ,,,,,BCL INDUSTRIES LIMITED,38.0,38.25,35.75,36.07,36.0,37.79,,36.08,,,3082064,112662362.34,9014,F1,1,,,,,
2026-07-15,2026-07-15,CM,NSE,STK,761494,INE00SW01015,BCPL,EQ,,,,,BCPL RAILWAY INFRA LTD,70.98,71.98,70.0,70.73,70.52,70.54,,70.74,,,5384,381960.74,197,F1,1,,,,,
2026-07-15,2026-07-15,CM,NSE,STK,23925,INE639X01027,BEACON,ST,,,,,BEACON TRUSTEESHIP LTD,93.25,95.0,92.0,95.0,95.0,96.65,,95.0,,,8000,740900.0,8,F1,1000,,,,,
2026-07-15,2026-07-15,CM,NSE,STK,17933,INE520H01022,BEARDSELL,EQ,,,,,BEARDSELL LIMITED,29.25,29.25,28.22,28.55,28.8,29.02,,28.55,,,10972,316708.37,132,F1,1,,,,,
2026-07-15,2026-07-15,CM,NSE,STK,20196,INE844K01012,BEDMUTHA,EQ,,,,,BEDMUTHA INDUST LTD,107.38,107.5,107.38,107.5,107.5,106.73,,107.5,,,172,18488.72,6,F1,1,,,,,
2026-07-15,2026-07-15,CM,NSE,STK,762573,INE213D01015,BEEKAY,EQ,,,,,BEEKAY STEEL INDS. LTD.,408.95,411.0,401.05,404.95,404.95,404.95,,404.95,,,306,122816.4,11,F1,1,,,,,
2026-07-15,2026-07-15,CM,NSE,STK,757938,INE344T01014,BELLACASA,EQ,,,,,BELLA CASA FASH AND RET L,250.3,255.15,240.0,243.85,242.05,250.3,,243.85,,,11396,2812829.9,674,F1,1,,,,,
2026-07-15,2026-07-15,CM,NSE,STK,757102,INE894V01022,BELRISE,EQ,,,,,BELRISE INDUSTRIES LTD,236.59,239.7,233.2,235.01,234.8,232.34,,235.01,,,5990312,1417456303.85,56343,F1,1,,,,,
2026-07-15,2026-07-15,CM,NSE,STK,15067,INE0N7W01012,BLAL,EQ,,,,,BEML LAND ASSETS LIMITED,182.08,186.32,181.95,182.23,183.4,184.02,,182.23,,,9357,1707999.81,263,F1,1,,,,,
2026-07-15,2026-07-15,CM,NSE,STK,395,INE258A01024,BEML,EQ,,,,,BEML LIMITED,1859.0,1866.5,1830.5,1845.0,1840.1,1855.5,,1844.9,,,114970,212545458.0,8608,F1,1,,,,,
2026-07-15,2026-07-15,CM,NSE,STK,762578,INE083K01017,BENGALASM,EQ,,,,,BENGAL & ASSAM CO. LTD.,6201.5,6300.0,6201.5,6272.5,6272.5,6326.0,,6262.0,,,148,925605.0,63,F1,1,,,,,
2026-07-15,2026-07-15,CM,NSE,STK,404,INE463A01038,BERGEPAINT,EQ,,,,,BERGER PAINTS (I) LTD,489.85,496.35,489.4,491.7,490.25,489.1,,491.7,,,124360,61270994.85,9452,F1,1,,,,,
2026-07-15,2026-07-15,CM,NSE,STK,2306,INE052T01021,BESTAGRO,EQ,,,,,BEST AGROLIFE LIMITED,15.77,15.77,15.27,15.37,15.31,15.46,,15.37,,,208415,3217746.74,1400,F1,1,,,,,
2026-07-15,2026-07-15,CM,NSE,STK,759842,INE351Y01019,BETA,EQ,,,,,BETA DRUGS LIMITED,2354.7,2362.7,2277.1,2305.0,2310.0,2310.2,,2305.0,,,18575,43026564.7,2731,F1,1,,,,,
2026-07-15,2026-07-15,CM,NSE,STK,5662,INE0HQI01014,BEWLTD,SM,,,,,BEW ENGINEERING LIMITED,60.05,61.85,56.65,61.15,61.2,60.05,,61.15,,,61000,3618750.0,81,F1,500,,,,,
2026-07-15,2026-07-15,CM,NSE,STK,21113,INE878K01010,BFINVEST,EQ,,,,,BF INVESTMENT LIMITED,490.75,493.8,473.6,476.5,478.0,488.45,,476.5,,,192972,93111061.4,7063,F1,1,,,,,
2026-07-15,2026-07-15,CM,NSE,STK,14567,INE243D01012,BFUTILITIE,EQ,,,,,BF UTILITIES LIMITED,638.8,647.2,617.6,623.45,629.0,633.95,,623.6,,,177810,112380269.55,7193,F1,1,,,,,
2026-07-15,2026-07-15,CM,NSE,STK,21986,INF0QA701714,BANKBETF,EQ,,,,,BFAM - BANKBETF,58.35,59.0,58.35,58.6,58.62,58.35,,58.6,,,3258,191361.35,191,F1,1,,,,,
2026-07-15,2026-07-15,CM,NSE,STK,23915,INF0QA701854,LIQUIDBETF,EQ,,,,,BFAM - LIQUIDBETF,1090.22,1090.23,1090.21,1090.22,1090.22,1090.09,,1090.22,,,153462,167307518.23,98,F1,1,,,,,
2026-07-15,2026-07-15,CM,NSE,STK,21959,INF0QA701722,NIFTYBETF,EQ,,,,,BFAM - NIFTYBETF,247.74,248.95,246.74,247.06,247.02,246.59,,247.06,,,4813,1189894.65,62,F1,1,,,,,
2026-07-15,2026-07-15,CM,NSE,STK,15193,INE661I01014,BGRENERGY,BE,,,,,BGR ENERGY SYSTEMS LTD,295.7,305.0,295.7,297.9,297.75,301.2,,297.95,,,25586,7682570.65,283,F1,1,,,,,
2026-07-15,2026-07-15,CM,NSE,STK,758228,INE0ZRC01017,BHADORA,ST,,,,,BHADORA INDUSTRIES LTD,94.0,94.0,89.65,89.9,90.0,92.25,,89.9,,,24000,2194260.0,19,F1,1200,,,,,
2026-07-15,2026-07-15,CM,NSE,STK,13427,INE354C01027,BHAGERIA,BE,,,,,BHAGERIA INDUSTRIES LTD,205.0,211.0,205.0,207.13,206.1,207.53,,207.13,,,12241,2533089.13,198,F1,1,,,,,
2026-07-15,2026-07-15,CM,NSE,STK,6164,INE414D01027,BHAGCHEM,EQ,,,,,BHAGIRADHA CHEM & INDS L,285.4,289.6,277.95,280.1,277.95,283.8,,280.1,,,129469,36936351.15,3461,F1,1,,,,,
2026-07-15,2026-07-15,CM,NSE,STK,20799,INE458B01036,BHAGYANGR,BE,,,,,BHAGYANAGAR INDIA LIMITED,365.75,378.2,363.0,372.7,369.95,365.75,,372.6,,,46862,17363268.35,819,F1,1,,,,,
2026-07-15,2026-07-15,CM,NSE,STK,19560,INE474E01029,BHANDARI,BE,,,,,BHANDARI HOSIERY EXP LTD,2.91,2.96,2.9,2.94,2.95,2.91,,2.94,,,154907,454842.99,172,F1,1,,,,,
2026-07-15,2026-07-15,CM,NSE,STK,419,INE922A01025,BEPL,EQ,,,,,BHANSALI ENG. POLYMERS LT,107.0,109.2,106.15,106.41,106.88,106.8,,106.41,,,769689,82764586.07,7014,F1,1,,,,,
2026-07-15,2026-07-15,CM,NSE,STK,13761,INE464A01036,BBL,EQ,,,,,BHARAT BIJLEE LTD,2690.0,2710.0,2671.1,2689.2,2700.0,2715.3,,2689.2,,,37991,102147020.3,4220,F1,1,,,,,
2026-07-15,2026-07-15,CM,NSE,STK,760726,INE05XR01022,BHARATCOAL,EQ,,,,,BHARAT COKING COAL LTD,36.97,37.24,36.7,36.79,36.76,36.84,,36.79,,,7099886,262394659.08,14454,F1,1,,,,,
2026-07-15,2026-07-15,CM,NSE,STK,2144,INE171Z01026,BDL,EQ,,,,,BHARAT DYNAMICS LIMITED,1276.5,1297.4,1268.0,1271.2,1271.9,1277.8,,1271.2,,,998987,1279218094.5,33147,F1,1,,,,,
2026-07-15,2026-07-15,CM,NSE,STK,383,INE263A01024,BEL,EQ,,,,,BHARAT ELECTRONICS LTD,409.0,414.3,408.4,410.95,411.1,410.1,,410.95,,,9115088,3748372246.8,109183,F1,1,,,,,
2026-07-15,2026-07-15,CM,NSE,STK,422,INE465A01025,BHARATFORG,EQ,,,,,BHARAT FORGE LTD,2124.0,2152.4,2095.5,2100.4,2097.0,2119.7,,2100.4,,,719809,1521176446.3,35008,F1,1,,,,,
2026-07-15,2026-07-15,CM,NSE,STK,9397,INE561C01019,BHARATGEAR,BE,,,,,BHARAT GEARS LTD,124.0,124.48,122.0,122.2,122.94,123.6,,122.25,,,10365,1270949.78,117,F1,1,,,,,
2026-07-15,2026-07-15,CM,NSE,STK,526,INE029A01011,BPCL,EQ,,,,,BHARAT PETROLEUM CORP  LT,306.0,311.15,306.0,309.6,310.0,305.35,,309.65,,,9056446,2803126534.2,76830,F1,1,,,,,
2026-07-15,2026-07-15,CM,NSE,STK,3834,INE838B01021,BHARATRAS,EQ,,,,,BHARAT RASAYAN LTD,1357.5,1379.9,1351.1,1359.8,1355.5,1350.8,,1360.1,,,3487,4748069.2,700,F1,1,,,,,
2026-07-15,2026-07-15,CM,NSE,STK,21683,INE727S01012,BRNL,EQ,,,,,BHARAT ROAD NETWORK LTD,18.11,18.47,17.67,18.03,18.18,18.11,,18.03,,,24688,444796.32,260,F1,1,,,,,
2026-07-15,2026-07-15,CM,NSE,STK,30244,INE415D01024,BHARATSE,EQ,,,,,BHARAT SEATS LIMITED,244.0,252.84,240.6,243.7,247.5,243.07,,243.69,,,352273,86734856.98,9506,F1,1,,,,,
2026-07-15,2026-07-15,CM,NSE,STK,16123,INE316L01019,BHARATWIRE,EQ,,,,,BHARAT WIRE ROPES LTD.,208.35,213.14,205.8,206.85,206.28,206.7,,206.86,,,197777,41335414.92,3580,F1,1,,,,,
2026-07-15,2026-07-15,CM,NSE,STK,10604,INE397D01024,BHARTIARTL,EQ,,,,,BHARTI AIRTEL LIMITED,1953.7,1953.7,1916.6,1918.3,1920.0,1936.5,,1918.3,,,5763065,11126809423.0,122179,F1,1,,,,,
2026-07-15,2026-07-15,CM,NSE,STK,23489,INE343G01021,BHARTIHEXA,EQ,,,,,BHARTI HEXACOM LIMITED,1634.0,1647.3,1600.1,1639.8,1626.7,1621.8,,1639.8,,,219802,358254165.7,19607,F1,1,,,,,
2026-07-15,2026-07-15,CM,NSE,STK,7848,INE828A01016,BIL,EQ,,,,,BHARTIYA INTERNATIONAL,740.5,740.5,692.1,717.05,701.5,721.9,,717.05,,,5488,3896132.7,340,F1,1,,,,,
2026-07-15,2026-07-15,CM,NSE,STK,438,INE257A01026,BHEL,EQ,,,,,BHEL,405.2,424.0,402.5,417.95,424.0,403.9,,417.95,,,19808847,8151007446.85,195865,F1,1,,,,,
2026-07-15,2026-07-15,CM,NSE,STK,762621,INE274K01012,BTTL,BE,,,,,BHILWARA TECHNICAL TEXT L,55.04,55.04,52.59,53.58,53.3,55.35,,53.37,,,22584,1198078.99,106,F1,1,,,,,
2026-07-15,2026-07-15,CM,NSE,STK,18431,INE412U01025,BIGBLOC,EQ,,,,,BIGBLOC CONSTRUCTION LTD,47.01,47.94,46.83,47.43,47.48,47.24,,47.43,,,27758,1316186.39,470,F1,1,,,,,
2026-07-15,2026-07-15,CM,NSE,STK,11966,INE00E101023,BIKAJI,EQ,,,,,BIKAJI FOODS INTERN LTD,640.0,640.0,631.0,635.4,635.0,636.15,,635.4,,,80706,51281893.1,10571,F1,1,,,,,
2026-07-15,2026-07-15,CM,NSE,STK,25527,INE0SQH01013,BIKEWO,ST,,,,,BIKEWO GREEN TECH LIMITED,53.65,55.0,51.4,51.4,51.4,54.1,,51.4,,,68000,3555800.0,31,F1,2000,,,,,
2026-07-15,2026-07-15,CM,NSE,STK,13622,INE071A01013,BILVYAPAR,BE,,,,,BIL VYAPAR LIMITED,4.02,4.19,4.02,4.13,4.15,4.22,,4.13,,,2790,11301.43,32,F1,1,,,,,
2026-07-15,2026-07-15,CM,NSE,STK,762583,INE986A01012,BI,EQ,,,,,BILCARE LTD.,63.0,63.99,62.0,62.87,62.99,63.88,,63.42,,,3889,245059.93,125,F1,1,,,,,
2026-07-15,2026-07-15,CM,NSE,STK,759806,INE0HOQ01053,GROWW,EQ,,,,,BILLIONBRAINS GARAGE VN L,205.0,219.62,201.67,216.33,216.95,203.79,,216.33,,,153577738,32649642067.82,628489,F1,1,,,,,
2026-07-15,2026-07-15,CM,NSE,STK,762588,INE469A01019,BIMETAL,EQ,,,,,BIMETAL BEARINGS LTD.,680.5,695.8,676.1,684.85,685.0,687.25,,684.75,,,1412,963852.9,104,F1,1,,,,,
2026-07-15,2026-07-15,CM,NSE,STK,763598,INE1BKA01015,BMLL,SM,,,,,BIO MEDICA LABORATORIES L,135.05,135.05,135.0,135.0,135.0,136.9,,135.0,,,18000,2430050.0,7,F1,1000,,,,,
2026-07-15,2026-07-15,CM,NSE,STK,11373,INE376G01013,BIOCON,EQ,,,,,BIOCON LIMITED.,438.0,441.25,431.1,434.6,433.65,437.3,,434.6,,,10227698,4451690679.25,84348,F1,1,,,,,
2026-07-15,2026-07-15,CM,NSE,STK,4136,INE829A01014,BIOFILCHEM,EQ,,,,,BIOFIL CHEM & PHARMA LTD,33.4,34.4,33.28,33.88,33.68,33.28,,33.88,,,4970,167874.1,69,F1,1,,,,,
2026-07-15,2026-07-15,CM,NSE,STK,760942,INE0XW001014,BIOPOL,SM,,,,,BIOPOL CHEMICALS LIMITED,98.0,98.0,91.05,95.0,95.0,96.6,,95.0,,,27600,2592120.0,21,F1,1200,,,,,
2026-07-15,2026-07-15,CM,NSE,STK,6815,INE800A01015,BIRLACABLE,BE,,,,,BIRLA CABLE LIMITED,194.97,194.97,188.0,188.6,188.41,190.13,,188.44,,,21437,4085121.04,342,F1,1,,,,,
2026-07-15,2026-07-15,CM,NSE,STK,480,INE340A01012,BIRLACORPN,EQ,,,,,BIRLA CORPORATION LTD,967.05,1051.95,967.05,1018.9,1023.95,967.05,,1018.95,,,706116,725673040.0,33041,F1,1,,,,,
2026-07-15,2026-07-15,CM,NSE,STK,762593,INE372E01025,BIRLAPREC,EQ,,,,,BIRLA PRECISION TECH L,36.95,37.38,35.65,35.76,35.7,37.1,,35.76,,,64486,2336198.97,694,F1,1,,,,,
2026-07-15,2026-07-15,CM,NSE,STK,1455,INE557A01011,BIRLANU,EQ,,,,,BIRLANU LIMITED,1267.1,1299.9,1246.7,1259.1,1265.1,1266.8,,1259.1,,,25513,32180867.9,2445,F1,1,,,,,
2026-07-15,2026-07-15,CM,NSE,STK,24404,INF209KC1134,ABGSEC,EQ,,,,,BIRLASLAMC - ABGSEC,116.23,116.23,114.01,114.04,114.04,115.08,,114.04,,,667,76241.58,15,F1,1,,,,,
2026-07-15,2026-07-15,CM,NSE,STK,760247,INF209KC1670,ABSL10BANK,EQ,,,,,BIRLASLAMC - ABSL10BANK,174.46,179.99,169.13,173.83,170.3,172.74,,173.84,,,83849,14558161.26,75,F1,1,,,,,
2026-07-15,2026-07-15,CM,NSE,STK,13987,INF209KB17D5,ABSLBANETF,EQ,,,,,BIRLASLAMC - ABSLBANETF,59.0,59.59,58.94,59.12,59.23,58.79,,59.12,,,123970,7372449.34,269,F1,1,,,,,
2026-07-15,2026-07-15,CM,NSE,STK,14518,INF209KB18T9,ABSLLIQUID,EQ,,,,,BIRLASLAMC - ABSLLIQUID,1000.0,1000.01,999.99,1000.0,1000.0,999.99,,1000.0,,,1689,1688996.65,19,F1,1,,,,,
2026-07-15,2026-07-15,CM,NSE,STK,761066,INF209KC1662,ABSLMSCIN,EQ,,,,,BIRLASLAMC - ABSLMSCIN,29.82,29.82,29.5,29.5,29.5,29.68,,29.5,,,12361,365168.89,28,F1,1,,,,,
2026-07-15,2026-07-15,CM,NSE,STK,7339,INF209KB16D7,ABSLNN50ET,EQ,,,,,BIRLASLAMC - ABSLNN50ET,75.89,76.15,75.63,75.65,76.0,75.31,,75.65,,,26914,2040779.14,184,F1,1,,,,,
2026-07-15,2026-07-15,CM,NSE,STK,5957,INF209KB10E8,BSLSENETFG,EQ,,,,,BIRLASLAMC - BSLSENETFG,79.41,79.41,77.42,77.55,77.88,77.48,,77.55,,,1861,144809.17,114,F1,1,,,,,
2026-07-15,2026-07-15,CM,NSE,STK,24847,INF209KC1142,GSEC10ABSL,EQ,,,,,BIRLASLAMC - GSEC10ABSL,113.16,113.16,112.0,112.0,112.0,113.0,,112.61,,,227,25425.16,3,F1,1,,,,,
2026-07-15,2026-07-15,CM,NSE,STK,6297,INF209KB10C2,HEALTHY,EQ,,,,,BIRLASLAMC - HEALTHY,17.0,17.05,16.9,16.94,16.9,16.87,,16.94,,,245469,4170107.76,897,F1,1,,,,,
2026-07-15,2026-07-15,CM,NSE,STK,10693,INF209KB14K7,MOMENTUM,EQ,,,,,BIRLASLAMC - MOMENTUM,30.2,31.29,30.2,31.03,31.22,30.98,,31.03,,,17143,533131.77,154,F1,1,,,,,
2026-07-15,2026-07-15,CM,NSE,STK,10690,INF209KB15K4,NIFTYQLITY,EQ,,,,,BIRLASLAMC - NIFTYQLITY,20.94,21.05,20.82,20.93,20.9,20.94,,20.95,,,25354,529447.98,176,F1,1,,,,,
2026-07-15,2026-07-15,CM,NSE,STK,8003,INF209KB19F6,SILVER,EQ,,,,,BIRLASLAMC - SILVER,218.15,219.24,217.02,217.96,217.48,217.02,,217.96,,,562813,122780452.34,6355,F1,1,,,,,
2026-07-15,2026-07-15,CM,NSE,STK,6462,INF209KB11D8,TECH,EQ,,,,,BIRLASLAMC - TECH,31.0,31.62,30.81,31.08,30.81,31.44,,31.08,,,39031,1216308.23,183,F1,1,,,,,
2026-07-15,2026-07-15,CM,NSE,STK,23806,INF209KB19Z4,ABSLPSE,EQ,,,,,BIRLASLAMC-ABSLPSE,10.17,10.38,10.13,10.26,10.35,10.25,,10.26,,,129756,1333593.62,289,F1,1,,,,,
2026-07-15,2026-07-15,CM,NSE,STK,6994,INE836A01035,BSOFT,EQ,,,,,BIRLASOFT LIMITED,288.65,289.0,284.1,285.45,285.5,289.05,,285.45,,,1396415,398946289.7,29043,F1,1,,,,,
2026-07-15,2026-07-15,CM,NSE,STK,3435,INE676A01027,BBOX,EQ,,,,,BLACK BOX LIMITED,869.4,898.9,865.0,872.5,872.95,869.4,,872.55,,,213913,187477057.35,16704,F1,1,,,,,
2026-07-15,2026-07-15,CM,NSE,STK,762601,INE761G01016,BLACKROSE,BE,,,,,BLACK ROSE INDS. LTD.,101.66,105.95,100.0,102.02,103.6,104.82,,102.03,,,59481,6029009.23,367,F1,1,,,,,
2026-07-15,2026-07-15,CM,NSE,STK,27144,INE0UIZ01018,BLACKBUCK,EQ,,,,,BLACKBUCK LIMITED,584.45,590.0,576.05,578.85,580.0,584.45,,578.85,,,296200,171924540.05,14034,F1,1,,,,,
2026-07-15,2026-07-15,CM,NSE,STK,8132,INE791A01024,BLBLIMITED,EQ,,,,,BLB LIMITED,15.4,15.98,15.4,15.76,15.7,15.39,,15.77,,,22205,350488.28,176,F1,1,,,,,
2026-07-15,2026-07-15,CM,NSE,STK,19269,INE416D01022,BLISSGVS,BE,,,,,BLISS GVS PHARMA LTD,527.5,527.5,507.0,514.5,515.0,521.1,,514.4,,,118050,60766350.35,2119,F1,1,,,,,
2026-07-15,2026-07-15,CM,NSE,STK,22566,INE0NLT01010,BLSE,EQ,,,,,BLS E-SERVICES LIMITED,272.64,277.3,267.37,274.37,272.15,271.29,,274.37,,,1081856,296768760.5,9933,F1,1,,,,,
2026-07-15,2026-07-15,CM,NSE,STK,17279,INE153T01027,BLS,EQ,,,,,BLS INTL SERVS LTD,235.1,238.0,231.6,235.9,236.0,233.4,,235.9,,,825126,194484463.35,16670,F1,1,,,,,
2026-07-15,2026-07-15,CM,NSE,STK,8650,INE657B01025,BLUECHIP,BE,,,,,BLUE CHIP INDIA LIMITED,2.17,2.17,2.17,2.17,2.17,2.21,,2.39,,,544,1180.48,7,F1,1,,,,,
2026-07-15,2026-07-15,CM,NSE,STK,8552,INE472B01011,BLUECOAST,BE,,,,,BLUE COAST HOTELS LIMITED,28.39,29.77,27.0,29.39,29.39,28.39,,29.39,,,1156,31951.51,26,F1,1,,,,,
2026-07-15,2026-07-15,CM,NSE,STK,495,INE233B01017,BLUEDART,EQ,,,,,BLUE DART EXPRESS LTD,4900.0,4963.8,4900.0,4919.6,4902.0,4903.6,,4919.4,,,5702,28096480.2,1528,F1,1,,,,,
2026-07-15,2026-07-15,CM,NSE,STK,19686,INE0KBH01020,BLUEJET,EQ,,,,,BLUE JET HEALTHCARE LTD,614.0,614.6,596.0,598.55,600.0,605.5,,598.55,,,341498,205590262.8,8389,F1,1,,,,,
2026-07-15,2026-07-15,CM,NSE,STK,23410,INE0SAK01011,BLUEPEBBLE,SM,,,,,BLUE PEBBLE LIMITED,73.5,73.5,72.0,72.0,72.0,70.0,,72.0,,,1200,87600.0,3,F1,400,,,,,
2026-07-15,2026-07-15,CM,NSE,STK,8311,INE472A01039,BLUESTARCO,EQ,,,,,BLUE STAR LIMITED,1753.0,1763.2,1738.3,1753.9,1750.0,1746.2,,1753.9,,,247095,433134364.9,20826,F1,1,,,,,
2026-07-15,2026-07-15,CM,NSE,STK,758185,INE0X3M01010,BLUEWATER,ST,,,,,BLUE WATER LOGISTICS LTD,390.0,413.75,390.0,413.75,413.75,394.05,,413.75,,,20000,8122450.0,19,F1,1000,,,,,
2026-07-15,2026-07-15,CM,NSE,STK,759291,INE304W01038,BLUESTONE,EQ,,,,,BLUESTONE JEWEL LFSTL LTD,608.8,640.25,604.55,626.3,625.0,607.3,,626.35,,,894993,562397576.9,34783,F1,1,,,,,
2026-07-15,2026-07-15,CM,NSE,STK,757520,INE0U4101014,BLUSPRING,EQ,,,,,BLUSPRING ENTERPRISES LTD,116.0,119.0,112.05,116.67,116.25,113.16,,116.66,,,715678,83479360.52,10990,F1,1,,,,,
2026-07-15,2026-07-15,CM,NSE,STK,759256,INE965W01036,BMWVENTLTD,EQ,,,,,BMW VENTURES LIMITED,58.0,59.81,58.0,58.07,58.25,58.52,,58.07,,,82743,4820186.77,2747,F1,1,,,,,
2026-07-15,2026-07-15,CM,NSE,STK,762611,INE00HZ01011,BNAGROCHEM,BE,,,,,BN AGROCHEM LTD.,281.8,288.7,272.45,276.3,280.0,281.6,,276.3,,,3535,988123.05,44,F1,1,,,,,
2026-07-15,2026-07-15,CM,NSE,STK,25021,INE338D01028,BODALCHEM,BE,,,,,BODAL CHEMICALS LTD,60.18,61.78,58.65,61.11,61.03,60.18,,61.12,,,79819,4799235.35,344,F1,1,,,,,
2026-07-15,2026-07-15,CM,NSE,STK,14150,INE0EEJ01023,BTML,EQ,,,,,BODHI TREE MULTIMEDIA LTD,6.24,6.43,6.14,6.31,6.17,6.24,,6.3,,,110069,695801.68,257,F1,1,,,,,
2026-07-15,2026-07-15,CM,NSE,STK,11640,INE802W01023,BOHRAIND,EQ,,,,,BOHRA INDUSTRIES LIMITED,14.17,14.17,13.08,13.55,13.25,13.52,,13.55,,,12787,171384.69,60,F1,1,,,,,
2026-07-15,2026-07-15,CM,NSE,STK,380,INE050A01025,BBTC,EQ,,,,,BOMBAY BURMAH TRADING COR,1501.0,1510.0,1492.0,1500.6,1499.8,1497.4,,1500.6,,,25627,38408616.8,2621,F1,1,,,,,
2026-07-15,2026-07-15,CM,NSE,STK,513,INE032A01023,BOMDYEING,EQ,,,,,BOMBAY DYEING & MFG. CO L,125.75,127.0,124.28,124.94,124.94,125.0,,124.94,,,281451,35314311.21,3667,F1,1,,,,,
2026-07-15,2026-07-15,CM,NSE,STK,812,INE032Z01020,BSHSL,BE,,,,,BOMBAY SUPER HYBRID SEEDS,89.0,89.5,86.1,87.48,87.48,86.75,,89.0,,,1667,147295.52,39,F1,1,,,,,
2026-07-15,2026-07-15,CM,NSE,STK,31040,INE906B07CB9,830NHAI27,N2,,,,,BOND 8.30% PA TAX FREE S2,1076.25,1089.0,1076.25,1080.0,1080.0,1080.0,,1084.48,,,119,128217.5,5,F1,1,,,,,
2026-07-15,2026-07-15,CM,NSE,STK,30984,INE020B07HP8,846REC28,N6,,,,,BOND 8.46% TAX FREE S2A,1110.0,1110.3,1110.0,1110.3,1110.3,1110.0,,1110.3,,,21,23313.3,2,F1,1,,,,,
2026-07-15,2026-07-15,CM,NSE,STK,603,INE053F07686,865IRFC29,,,,,,BOND 8.65% PA TF TI-SIIB,1104.88,1105.0,1104.0,1104.98,1104.98,1104.88,,1103.49,,,500,552452.78,8,F1,1,,,,,
2026-07-15,2026-07-15,CM,NSE,STK,30990,INE020B07HS2,871REC28,N9,,,,,BOND 8.71% TAX FREE S2B,1117.45,1117.45,1114.99,1114.99,1114.99,1114.99,,1114.99,,,497,554683.63,15,F1,1,,,,,
2026-07-15,2026-07-15,CM,NSE,STK,1999,INE053F07744,888IRFC29,NE,,,,,BOND 8.88% PA TF TII-SIIB,1145.0,1145.0,1111.0,1125.0,1125.0,1144.99,,1125.0,,,359,407049.0,5,F1,1,,,,,
2026-07-15,2026-07-15,CM,NSE,STK,31970,INE557F07132,901NHB34,N6,,,,,BOND 9.01%PA TF TR-I S 3B,6292.0,6292.0,6285.0,6285.0,6285.0,6292.0,,6285.0,,,15,94310.0,2,F1,1,,,,,
2026-07-15,2026-07-15,CM,NSE,STK,2933,INE020B07ID2,863REC29,NC,,,,,BOND8.63% PA TF TR II S2A,1130.1,1130.1,1130.0,1130.0,1130.0,1129.0,,1130.0,,,46,51982.3,2,F1,1,,,,,
2026-07-15,2026-07-15,CM,NSE,STK,761056,INE0B9A01018,BONLON,EQ,,,,,BONLON INDUSTRIES LIMITED,41.31,42.31,40.5,41.48,41.17,41.31,,41.48,,,5087,211887.17,76,F1,1,,,,,
2026-07-15,2026-07-15,CM,NSE,STK,757919,INE16SF01016,BORANA,EQ,,,,,BORANA WEAVES LIMITED,304.4,308.9,301.2,303.05,301.2,302.25,,303.0,,,21615,6600301.65,352,F1,1,,,,,
2026-07-15,2026-07-15,CM,NSE,STK,19401,INE02PY01013,BOROLTD,EQ,,,,,BOROSIL LIMITED,247.15,249.0,243.01,244.19,243.11,249.67,,244.19,,,54636,13466487.83,1371,F1,1,,,,,
2026-07-15,2026-07-15,CM,NSE,STK,3149,INE666D01022,BORORENEW,EQ,,,,,BOROSIL RENEWABLES LTD,634.6,638.4,605.35,620.5,623.65,634.6,,620.5,,,873416,540092676.9,20776,F1,1,,,,,
2026-07-15,2026-07-15,CM,NSE,STK,24014,INE02L001032,BOROSCI,EQ,,,,,BOROSIL SCIENTIFIC LTD,164.34,164.75,158.82,159.99,159.01,162.71,,159.99,,,59074,9525691.6,1258,F1,1,,,,,
2026-07-15,2026-07-15,CM,NSE,STK,4491,INE782A01015,BOSCH-HCIL,EQ,,,,,BOSCH HOME COMFRT IND LTD,1334.0,1344.9,1321.1,1329.5,1330.0,1319.9,,1329.5,,,54152,71959359.9,1612,F1,1,,,,,
2026-07-15,2026-07-15,CM,NSE,STK,2181,INE323A01026,BOSCHLTD,EQ,,,,,BOSCH LIMITED,41470.0,42040.0,41365.0,41445.0,41485.0,41460.0,,41445.0,,,17566,731899765.0,8402,F1,1,,,,,
2026-07-15,2026-07-15,CM,NSE,STK,530,INE110A01019,BPL,EQ,,,,,BPL LTD,57.7,58.5,56.56,57.03,57.4,57.41,,57.02,,,40000,2299700.46,1136,F1,1,,,,,
2026-07-15,2026-07-15,CM,NSE,STK,24905,INE0R4Z01018,BRACEPORT,SM,,,,,BRACE PORT LOGISTICS LTD,62.1,64.0,60.05,60.05,60.05,62.9,,60.05,,,6400,393920.0,4,F1,1600,,,,,
2026-07-15,2026-07-15,CM,NSE,STK,24814,INE02RE01045,FIRSTCRY,EQ,,,,,BRAINBEES SOLUTIONS LTD,215.6,222.3,211.55,212.62,212.7,214.83,,212.62,,,1860615,402932829.78,23848,F1,1,,,,,
2026-07-15,2026-07-15,CM,NSE,STK,7780,INE977Y01011,BCONCEPTS,EQ,,,,,BRAND CONCEPTS LIMITED,197.0,214.0,195.46,208.92,214.0,197.99,,208.73,,,22161,4516633.06,1023,F1,1,,,,,
2026-07-15,2026-07-15,CM,NSE,STK,760975,INE0XUD01014,BRANDMAN,ST,,,,,BRANDMAN RETAIL LIMITED,182.7,188.0,182.5,188.0,188.0,182.7,,188.0,,,12000,2218280.0,13,F1,800,,,,,
2026-07-15,2026-07-15,CM,NSE,STK,15184,INE791I01019,BRIGADE,EQ,,,,,BRIGADE ENTER. LTD,556.3,566.5,556.3,560.8,564.0,556.25,,560.75,,,335715,188510398.3,16045,F1,1,,,,,
2026-07-15,2026-07-15,CM,NSE,STK,757794,INE03NU01014,BRIGHOTEL,EQ,,,,,BRIGADE HOTEL VENTURE LTD,63.96,65.0,62.5,62.67,62.55,63.32,,62.67,,,229056,14506666.62,2036,F1,1,,,,,
2026-07-15,2026-07-15,CM,NSE,STK,8833,INE425B01027,BCG,EQ,,,,,BRIGHTCOM GROUP LIMITED,9.65,10.18,9.6,9.81,9.83,9.63,,9.81,,,10332185,102324418.68,12563,F1,1,,,,,
2026-07-15,2026-07-15,CM,NSE,STK,547,INE216A01030,BRITANNIA,EQ,,,,,BRITANNIA INDUSTRIES LTD,5311.5,5345.0,5274.0,5315.5,5317.5,5283.5,,5315.5,,,208524,1107463968.0,21900,F1,1,,,,,
2026-07-15,2026-07-15,CM,NSE,STK,2203,INE0FDU25010,BIRET,RR,,,,,BROOKFIELD INDIA RET,341.7,345.0,339.26,340.17,340.2,340.04,,340.17,,,390078,133161613.17,4883,F1,1,,,,,
2026-07-15,2026-07-15,CM,NSE,STK,25140,INE650L01011,BROOKS,BE,,,,,BROOKS LAB LIMITED,69.3,70.83,68.0,69.12,69.0,69.29,,69.9,,,20479,1430035.57,101,F1,1,,,,,
2026-07-15,2026-07-15,CM,NSE,STK,19585,INE118H01025,BSE,EQ,,,,,BSE LIMITED,3800.0,3830.4,3737.3,3754.4,3753.1,3792.7,,3754.4,,,2339145,8817732365.6,105534,F1,1,,,,,
2026-07-15,2026-07-15,CM,NSE,STK,559,INE594B01012,BSL,EQ,,,,,BSL LTD,129.5,129.5,126.22,126.53,126.5,127.69,,126.53,,,2429,308239.29,120,F1,1,,,,,
2026-07-15,2026-07-15,CM,NSE,STK,2716,INE295F01017,BUTTERFLY,EQ,,,,,BTRFLY GANDHI APPL LTD,769.8,777.0,752.8,767.9,768.95,756.4,,767.55,,,54945,42063098.15,3364,F1,1,,,,,
2026-07-15,2026-07-15,CM,NSE,STK,24701,INE0SZ301012,BULKCORP,SM,,,,,BULKCORP INTERNATIONAL L,55.0,55.0,55.0,55.0,55.0,55.95,,55.0,,,1200,66000.0,1,F1,1200,,,,,
2026-07-15,2026-07-15,CM,NSE,STK,760854,INE0SMX01019,CKKRETAIL,SM,,,,,C K K RETAIL MART LIMITED,131.5,131.5,131.0,131.15,131.0,135.95,,131.15,,,5600,735360.0,6,F1,800,,,,,
2026-07-15,2026-07-15,CM,NSE,STK,18372,INE0QBU01012,CPS,SM,,,,,C P S SHAPERS LIMITED,1039.0,1039.5,1039.0,1039.5,1039.5,990.0,,1039.5,,,750,779475.0,4,F1,150,,,,,
2026-07-15,2026-07-15,CM,NSE,STK,7227,INE0BV301023,MAPMYINDIA,EQ,,,,,C.E. INFO SYSTEMS LIMITED,1180.0,1193.15,1153.3,1175.8,1174.2,1178.9,,1175.8,,,486282,570561656.6,28124,F1,1,,,,,
2026-07-15,2026-07-15,CM,NSE,STK,27274,INE0U7V01015,C2C,SM,,,,,C2C ADVANCED SYSTEMS LTD,384.0,389.85,380.3,382.95,381.0,383.65,,382.95,,,39150,15072495.0,226,F1,150,,,,,
2026-07-15,2026-07-15,CM,NSE,STK,21824,INE090Y01013,CADSYS,ST,,,,,CADSYS (INDIA) LIMITED,65.55,65.55,65.55,65.55,65.55,69.0,,65.55,,,500,32775.0,1,F1,500,,,,,
2026-07-15,2026-07-15,CM,NSE,STK,8400,INE526B01014,CALSOFT,BE,,,,,CALIFORNIA SOFTWARE CO LT,21.01,22.98,20.82,22.43,22.68,21.91,,22.39,,,121389,2628921.98,465,F1,1,,,,,
2026-07-15,2026-07-15,CM,NSE,STK,14218,INE627H01017,CTE,EQ,,,,,CAMBRIDGE TECH ENTER LTD,30.15,31.38,30.15,30.99,31.0,30.38,,31.15,,,3436,105526.07,23,F1,1,,,,,
2026-07-15,2026-07-15,CM,NSE,STK,6216,INE052I01032,CAMLINFINE,EQ,,,,,CAMLIN FINE SCIENCES LTD,124.36,128.0,123.21,124.85,125.9,123.09,,124.87,,,664826,83820627.07,6721,F1,1,,,,,
2026-07-15,2026-07-15,CM,NSE,STK,9362,INE278Y01022,CAMPUS,EQ,,,,,CAMPUS ACTIVEWEAR LIMITED,228.3,228.3,225.0,225.22,225.25,227.68,,225.23,,,186700,42239082.57,5515,F1,1,,,,,
2026-07-15,2026-07-15,CM,NSE,STK,583,INE477A01020,CANFINHOME,EQ,,,,,CAN FIN HOMES LTD,904.0,912.95,900.4,904.9,908.0,898.05,,904.9,,,143755,130489010.55,9573,F1,1,,,,,
2026-07-15,2026-07-15,CM,NSE,STK,10794,INE476A01022,CANBK,EQ,,,,,CANARA BANK,126.5,128.2,126.1,126.47,126.49,125.74,,126.47,,,24325901,3089286712.0,81023,F1,1,,,,,
2026-07-15,2026-07-15,CM,NSE,STK,759477,INE01TY01017,CANHLIFE,EQ,,,,,CANARA HSBC LIFE INS CO L,147.9,154.58,146.22,153.1,152.0,146.89,,153.1,,,3078395,461297902.19,29619,F1,1,,,,,
2026-07-15,2026-07-15,CM,NSE,STK,759311,INE218I01013,CRAMC,EQ,,,,,CANARA ROBECO AMC LIMITED,269.88,269.88,261.5,263.91,263.7,265.36,,263.92,,,542501,143371253.56,13344,F1,1,,,,,
2026-07-15,2026-07-15,CM,NSE,STK,19368,INE0QG301017,CANARYS,SM,,,,,CANARYS AUTOMATIONS LTD,18.8,19.2,18.75,18.8,18.75,18.9,,18.8,,,48000,906400.0,12,F1,4000,,,,,
2026-07-15,2026-07-15,CM,NSE,STK,20160,INE068L01024,CANTABIL,EQ,,,,,CANTABIL RETAIL LTD,264.55,267.18,255.1,257.52,257.45,262.52,,257.31,,,166797,43310815.8,3953,F1,1,,,,,
2026-07-15,2026-07-15,CM,NSE,STK,21749,INE264T01014,CAPACITE,EQ,,,,,CAPACITE INFRAPROJECT LTD,240.0,247.75,224.0,225.0,225.9,227.45,,225.0,,,4047136,947688172.15,49151,F1,1,,,,,
2026-07-15,2026-07-15,CM,NSE,STK,759867,INE0ILV01024,CAPILLARY,EQ,,,,,CAPILLARY TECHNO INDIA L,508.7,508.7,494.55,496.9,497.0,505.3,,496.9,,,206714,103735927.3,2044,F1,1,,,,,
2026-07-15,2026-07-15,CM,NSE,STK,756015,INE345H01024,CIFL,EQ,,,,,CAPITAL INDIA FINANCE LTD,21.91,22.47,21.6,21.64,21.62,22.02,,21.64,,,60378,1327263.19,228,F1,1,,,,,
2026-07-15,2026-07-15,CM,NSE,STK,29157,INE0Z8Z23013,CAPINVIT,IV,,,,,CAPITAL INFRA TRUST,73.82,74.15,73.2,73.62,73.23,73.82,,73.62,,,476009,35053678.56,9396,F1,1,,,,,
2026-07-15,2026-07-15,CM,NSE,STK,22675,INE646H01017,CAPITALSFB,EQ,,,,,CAPITAL SMALL FIN BANK L,296.6,301.65,293.05,296.6,298.0,296.6,,296.6,,,35841,10660359.15,1058,F1,1,,,,,
2026-07-15,2026-07-15,CM,NSE,STK,19447,INE707C01018,CAPTRUST,EQ,,,,,CAPITAL TRUST LIMITED,12.7,12.74,12.61,12.63,12.63,12.64,,12.57,,,4828,61072.05,48,F1,1,,,,,
2026-07-15,2026-07-15,CM,NSE,STK,3906,INE475E01026,CAPLIPOINT,EQ,,,,,CAPLIN POINT LAB LTD.,2668.1,2699.0,2626.0,2648.1,2637.8,2658.4,,2648.2,,,93049,247638163.4,11657,F1,1,,,,,
2026-07-15,2026-07-15,CM,NSE,STK,20329,INE180C01042,CGCL,EQ,,,,,CAPRI GLOBAL CAPITAL LTD,257.04,262.0,255.6,258.21,258.24,257.32,,258.2,,,1962353,506632172.75,15779,F1,1,,,,,
2026-07-15,2026-07-15,CM,NSE,STK,595,INE120A01034,CARBORUNIV,EQ,,,,,CARBORUNDUM UNIVERSAL LTD,1075.1,1088.8,1073.0,1081.8,1085.0,1066.2,,1081.8,,,74800,80762679.8,11195,F1,1,,,,,
2026-07-15,2026-07-15,CM,NSE,STK,29113,INE752H01013,CARERATING,EQ,,,,,CARE RATINGS LIMITED,1669.1,1700.0,1657.3,1666.2,1668.0,1656.3,,1666.2,,,25395,42593752.5,3395,F1,1,,,,,
2026-07-15,2026-07-15,CM,NSE,STK,758941,INE0P6P01016,CPEDU,EQ,,,,,CAREER POINT EDUTECH LTD,193.41,193.8,185.0,188.56,193.0,191.15,,188.56,,,3148,606344.71,96,F1,1,,,,,
2026-07-15,2026-07-15,CM,NSE,STK,28879,INE0V7W01012,CARRARO,EQ,,,,,CARRARO INDIA LIMITED,560.1,570.0,559.05,563.45,561.5,558.2,,563.45,,,71816,40538178.75,4333,F1,1,,,,,
2026-07-15,2026-07-15,CM,NSE,STK,5407,INE290S01011,CARTRADE,EQ,,,,,CARTRADE TECH LIMITED,2915.0,2921.7,2790.1,2808.2,2825.0,2895.0,,2808.2,,,449746,1284080009.2,37807,F1,1,,,,,
2026-07-15,2026-07-15,CM,NSE,STK,1879,INE482D01024,CARYSIL,EQ,,,,,CARYSIL LIMITED,1210.0,1280.9,1192.6,1205.1,1200.0,1167.6,,1205.1,,,1241051,1541667766.1,64327,F1,1,,,,,
2026-07-15,2026-07-15,CM,NSE,STK,1250,INE172A01027,CASTROLIND,EQ,,,,,CASTROL INDIA LIMITED,183.54,184.14,183.5,183.82,184.08,183.58,,183.83,,,827262,151921076.2,10448,F1,1,,,,,
2026-07-15,2026-07-15,CM,NSE,STK,11452,INE421D01022,CCL,EQ,,,,,CCL PRODUCTS (I) LTD,1229.5,1240.0,1211.4,1223.0,1225.3,1229.5,,1223.0,,,145875,178418354.0,18378,F1,1,,,,,
2026-07-15,2026-07-15,CM,NSE,STK,15254,INE482A01020,CEATLTD,EQ,,,,,CEAT LIMITED,3737.0,3816.0,3684.1,3789.1,3790.0,3719.8,,3789.4,,,176249,662366073.3,23767,F1,1,,,,,
2026-07-15,2026-07-15,CM,NSE,STK,757690,INE11J101017,CEDAAR,ST,,,,,CEDAAR TEXTILE LIMITED,20.1,20.1,19.15,20.0,20.0,20.1,,20.0,,,8000,155150.0,7,F1,1000,,,,,
2026-07-15,2026-07-15,CM,NSE,STK,24742,INE0AG901020,CEIGALL,EQ,,,,,CEIGALL INDIA LIMITED,359.05,364.8,353.85,361.55,362.4,358.75,,361.6,,,222842,79948055.05,8552,F1,1,,,,,
2026-07-15,2026-07-15,CM,NSE,STK,761037,INE016Q01014,CEINSYS,EQ,,,,,CEINSYS TECH LIMITED,923.3,933.0,911.0,913.95,913.0,915.95,,913.95,,,35742,32927679.3,2275,F1,1,,,,,
2026-07-15,2026-07-15,CM,NSE,STK,13162,INE185H01016,CELEBRITY,EQ,,,,,CELEBRITY FASHIONS LTD,7.15,7.57,7.15,7.19,7.31,7.33,,7.19,,,32404,234509.21,157,F1,1,,,,,
2026-07-15,2026-07-15,CM,NSE,STK,18811,INE0OMO01025,CELLECOR,ST,,,,,CELLECOR GADGETS LIMITED,37.05,38.25,37.0,37.45,37.45,37.05,,37.45,,,75000,2817000.0,25,F1,3000,,,,,
2026-07-15,2026-07-15,CM,NSE,STK,19795,INE0LMW01024,CELLO,EQ,,,,,CELLO WORLD LIMITED,365.65,368.85,362.4,363.7,363.8,365.65,,363.7,,,89622,32698536.0,8139,F1,1,,,,,
2026-07-15,2026-07-15,CM,NSE,STK,5622,INE686A01026,CEMPRO,EQ,,,,,CEMINDIA PROJECTS LIMITED,1610.0,1623.7,1532.0,1601.4,1601.0,1596.6,,1601.2,,,672139,1056862091.9,24778,F1,1,,,,,
2026-07-15,2026-07-15,CM,NSE,STK,14894,INE483A01010,CENTRALBK,EQ,,,,,CENTRAL BANK OF INDIA,32.41,32.95,32.36,32.72,32.74,32.23,,32.72,,,11518453,376699912.31,19107,F1,1,,,,,
2026-07-15,2026-07-15,CM,NSE,STK,21174,INE736A01011,CDSL,EQ,,,,,CENTRAL DEPO SER (I) LTD,1429.9,1448.6,1424.3,1440.1,1440.0,1428.5,,1440.1,,,1645779,2366412856.8,46173,F1,1,,,,,
2026-07-15,2026-07-15,CM,NSE,STK,761581,INE05HV01027,CMPDI,EQ,,,,,CENTRAL MINE P N D INST L,272.9,277.0,262.8,264.58,263.85,271.07,,264.59,,,5013588,1356640259.05,43829,F1,1,,,,,
2026-07-15,2026-07-15,CM,NSE,STK,2454,INE660C01027,CENTRUM,EQ,,,,,CENTRUM CAPITAL LIMITED,24.42,25.3,24.3,24.45,24.37,24.34,,24.45,,,290408,7212720.16,1324,F1,1,,,,,
2026-07-15,2026-07-15,CM,NSE,STK,14982,INE320B01020,CENTUM,EQ,,,,,CENTUM ELECTRONICS LTD,3623.0,3715.0,3623.0,3652.5,3660.0,3622.6,,3652.3,,,31867,117004171.4,5875,F1,1,,,,,
2026-07-15,2026-07-15,CM,NSE,STK,619,INE485A01015,CENTENKA,EQ,,,,,CENTURY ENKA LTD,533.7,622.0,515.0,549.85,550.7,529.75,,549.85,,,1825914,1057401739.3,60585,F1,1,,,,,
2026-07-15,2026-07-15,CM,NSE,STK,11511,INE281A01026,CENTEXT,EQ,,,,,CENTURY EXTRUSIONS LTD,19.0,19.16,18.75,18.96,19.0,18.94,,18.97,,,16303,307869.83,261,F1,1,,,,,
2026-07-15,2026-07-15,CM,NSE,STK,13305,INE348B01021,CENTURYPLY,EQ,,,,,CENTURY PLYBOARDS (I) LTD,781.65,813.7,781.65,795.6,791.1,781.65,,795.6,,,151723,121502251.25,10421,F1,1,,,,,
2026-07-15,2026-07-15,CM,NSE,STK,15039,INE739E01017,CERA,EQ,,,,,CERA SANITARYWARE LTD,6136.0,6230.0,6081.0,6107.0,6125.0,6136.0,,6107.0,,,7935,48724657.5,2660,F1,1,,,,,
2026-07-15,2026-07-15,CM,NSE,STK,29016,INE345B01019,CEREBRAINT,BZ,,,,,CEREBRA INT TECH LTD,3.1,3.14,3.01,3.1,3.1,3.07,,3.1,,,68207,210597.01,149,F1,1,,,,,
2026-07-15,2026-07-15,CM,NSE,STK,628,INE486A01021,CESC,EQ,,,,,CESC LTD,159.16,164.0,158.93,163.54,163.74,159.16,,163.54,,,1886510,306246489.72,20490,F1,1,,,,,
2026-07-15,2026-07-15,CM,NSE,STK,760,INE067A01029,CGPOWER,EQ,,,,,CG POWER AND IND SOL LTD,918.4,937.85,915.1,929.15,930.15,913.85,,929.15,,,4646962,4312626060.15,71737,F1,1,,,,,
2026-07-15,2026-07-15,CM,NSE,STK,8546,INE427F01016,CHALET,EQ,,,,,CHALET HOTELS LIMITED,855.95,863.0,845.0,860.45,860.0,854.2,,860.45,,,138550,118637773.35,11260,F1,1,,,,,
2026-07-15,2026-07-15,CM,NSE,STK,3482,INE419D01026,CLSEL,EQ,,,,,CHAMAN LAL SETIA EXP LTD,282.45,282.45,276.95,279.45,278.55,280.8,,279.45,,,35149,9810927.45,1469,F1,1,,,,,
2026-07-15,2026-07-15,CM,NSE,STK,13731,INE06PV01010,CMNL,SM,,,,,CHAMAN METALLICS LIMITED,98.75,103.0,98.75,102.0,102.0,99.0,,102.0,,,4500,453000.0,5,F1,750,,,,,
2026-07-15,2026-07-15,CM,NSE,STK,637,INE085A01013,CHAMBLFERT,EQ,,,,,CHAMBAL FERTILIZERS LTD,455.0,458.0,450.3,453.75,453.3,454.2,,453.75,,,350576,159122529.85,13124,F1,1,,,,,
2026-07-15,2026-07-15,CM,NSE,STK,29541,INE11HG01018,CHAMUNDA,SM,,,,,CHAMUNDA ELECTRICAL LTD,44.15,44.75,44.15,44.75,44.75,43.9,,44.75,,,6000,266700.0,2,F1,3000,,,,,
2026-07-15,2026-07-15,CM,NSE,STK,29633,INE0B2N01016,CHANDAN,SM,,,,,CHANDAN HEALTHCARE LTD,247.0,248.6,240.0,245.7,245.0,243.4,,245.7,,,26400,6464720.0,30,F1,800,,,,,
2026-07-15,2026-07-15,CM,NSE,STK,18654,INE0PT101017,CHAVDA,SM,,,,,CHAVDA INFRA LIMITED,106.6,107.9,102.0,104.05,104.0,105.8,,104.05,,,72000,7587500.0,57,F1,1000,,,,,
2026-07-15,2026-07-15,CM,NSE,STK,757991,INE0TGX01019,CHEMBONDCH,BE,,,,,CHEMBOND CHEMICAL LIMITED,275.0,279.8,256.5,262.54,262.5,267.2,,262.5,,,12045,3242187.73,237,F1,1,,,,,
2026-07-15,2026-07-15,CM,NSE,STK,14620,INE995D01025,CHEMBOND,BE,,,,,CHEMBOND MATERIALTECH LTD,179.1,184.98,179.1,180.43,180.4,179.99,,180.41,,,2705,487329.85,78,F1,1,,,,,
2026-07-15,2026-07-15,CM,NSE,STK,276,INE03YM01018,CHEMCON,BE,,,,,CHEMCON SPECIAL CHEM LTD,187.0,187.0,182.4,183.45,183.5,183.56,,183.45,,,6171,1132373.18,138,F1,1,,,,,
2026-07-15,2026-07-15,CM,NSE,STK,2815,INE783X01023,CHEMFAB,BE,,,,,CHEMFAB ALKALIS LIMITED,375.0,379.45,352.45,362.05,379.0,370.9,,362.05,,,5413,1975349.85,62,F1,1,,,,,
2026-07-15,2026-07-15,CM,NSE,STK,5449,INE488A01050,CHEMPLASTS,EQ,,,,,CHEMPLAST SANMAR LIMITED,198.0,198.0,193.51,195.8,195.99,195.98,,195.8,,,161388,31611076.47,5392,F1,1,,,,,
2026-07-15,2026-07-15,CM,NSE,STK,2049,INE178A01016,CHENNPETRO,EQ,,,,,CHENNAI PETROLEUM CORP LT,1116.0,1177.8,1099.0,1157.2,1161.9,1110.9,,1157.2,,,1526284,1757176904.2,48337,F1,1,,,,,
2026-07-15,2026-07-15,CM,NSE,STK,24628,INE0U1T01012,CHETANA,ST,,,,,CHETANA EDUCATION LIMITED,46.1,46.5,46.05,46.5,46.5,44.3,,46.5,,,65600,3025840.0,20,F1,1600,,,,,
2026-07-15,2026-07-15,CM,NSE,STK,9879,INE974B01016,CHEVIOT,EQ,,,,,CHEVIOT COMPANY LIMITED,1123.9,1139.0,1119.5,1130.1,1138.9,1114.6,,1130.1,,,1185,1334066.0,188,F1,1,,,,,
2026-07-15,2026-07-15,CM,NSE,STK,8866,INE102B01014,CHOICEIN,EQ,,,,,CHOICE INTERNATIONAL LTD,814.0,818.9,807.1,817.65,816.75,810.8,,817.7,,,586810,478031841.05,8849,F1,1,,,,,
2026-07-15,2026-07-15,CM,NSE,STK,759610,INF2KCX01012,CHOICEGOLD,EQ,,,,,CHOICEAMC - CHOICEGOLD,139.51,140.4,139.28,139.58,139.88,139.5,,139.58,,,5886,821727.66,114,F1,1,,,,,
2026-07-15,2026-07-15,CM,NSE,STK,21740,INE149A01033,CHOLAHLDNG,EQ,,,,,CHOLAMANDALAM FIN HOL LTD,1594.7,1620.5,1576.1,1598.8,1607.9,1586.7,,1598.8,,,216795,346025706.2,17520,F1,1,,,,,
2026-07-15,2026-07-15,CM,NSE,STK,685,INE121A01024,CHOLAFIN,EQ,,,,,CHOLAMANDALAM IN & FIN CO,1779.5,1828.1,1779.5,1803.9,1803.3,1771.5,,1803.9,,,1510352,2737381261.7,55156,F1,1,,,,,
2026-07-15,2026-07-15,CM,NSE,STK,14937,INE536H01010,CIEINDIA,EQ,,,,,CIE AUTOMOTIVE INDIA LTD,459.9,470.4,456.95,461.1,463.75,458.55,,461.1,,,166845,77492459.05,8378,F1,1,,,,,
2026-07-15,2026-07-15,CM,NSE,STK,27161,INE704H01022,CINELINE,EQ,,,,,CINELINE INDIA LIMITED,78.69,78.69,76.37,76.52,76.5,76.37,,76.52,,,3133,240257.16,142,F1,1,,,,,
2026-07-15,2026-07-15,CM,NSE,STK,8024,INE039B01026,CINEVISTA,EQ,,,,,CINEVISTA LIMITED,15.75,15.75,15.02,15.15,15.13,15.44,,15.15,,,18955,288531.44,148,F1,1,,,,,
2026-07-15,2026-07-15,CM,NSE,STK,694,INE059A01026,CIPLA,EQ,,,,,CIPLA LTD,1447.0,1453.0,1433.0,1438.0,1433.0,1438.1,,1438.0,,,924453,1334524309.3,47194,F1,1,,,,,
2026-07-15,2026-07-15,CM,NSE,STK,763149,INE2Q7823014,CITIUSINVT,IV,,,,,CITIUS TRANSNET INV TRUST,110.7,110.99,109.51,110.31,109.58,109.96,,110.31,,,125708,13872159.1,777,F1,1,,,,,
2026-07-15,2026-07-15,CM,NSE,STK,5701,INE491A01021,CUB,EQ,,,,,CITY UNION BANK LTD,220.21,224.75,217.63,220.21,220.5,221.3,,220.21,,,2595607,574710810.35,44376,F1,1,,,,,
2026-07-15,2026-07-15,CM,NSE,STK,20233,INE201M01029,CLEDUCATE,BE,,,,,CL EDUCATE LIMITED,59.01,60.5,58.0,58.0,58.5,59.0,,58.0,,,35392,2066593.77,90,F1,1,,,,,
2026-07-15,2026-07-15,CM,NSE,STK,758739,INE0UQ601012,CLASSICEIL,ST,,,,,CLASSIC ELECTRODE (IND) L,61.0,61.05,61.0,61.05,61.05,58.15,,61.05,,,20800,1269760.0,10,F1,1600,,,,,
2026-07-15,2026-07-15,CM,NSE,STK,754695,INE1QGM01024,CLAYCRAFT,SM,,,,,CLAY CRAFT INDIA LIMITED,177.6,178.9,172.75,173.95,173.1,177.6,,173.95,,,33600,5897310.0,54,F1,600,,,,,
2026-07-15,2026-07-15,CM,NSE,STK,760183,INE647U01026,CLEANMAX,EQ,,,,,CLEAN MAX ENVIRO EN SOL L,1286.3,1298.1,1255.0,1265.5,1280.0,1273.4,,1265.6,,,50155,63986367.6,5582,F1,1,,,,,
2026-07-15,2026-07-15,CM,NSE,STK,5049,INE227W01023,CLEAN,EQ,,,,,CLEAN SCIENCE & TECH LTD,758.05,784.0,756.1,770.4,772.0,758.05,,770.55,,,191908,147948078.75,13791,F1,1,,,,,
2026-07-15,2026-07-15,CM,NSE,STK,760143,INE1EF801010,CSSL,SM,,,,,CLEAR SECURED SERVICES L,101.5,101.9,101.0,101.9,101.9,102.0,,101.9,,,4000,406300.0,4,F1,1000,,,,,
2026-07-15,2026-07-15,CM,NSE,STK,30893,INE00WV01027,CMRGREEN,EQ,,,,,CMR GREEN TECHNOLOGIES L,226.0,227.2,220.65,222.0,222.3,224.75,,222.0,,,709800,158648283.8,8793,F1,1,,,,,
2026-07-15,2026-07-15,CM,NSE,STK,7603,INE925R01014,CMSINFO,EQ,,,,,CMS INFO SYSTEMS LIMITED,268.8,270.8,265.8,270.1,270.3,266.85,,270.1,,,426051,114569327.5,9225,F1,1,,,,,
2026-07-15,2026-07-15,CM,NSE,STK,20374,INE522F01014,COALINDIA,EQ,,,,,COAL INDIA LTD,430.55,432.95,426.6,427.55,427.4,430.6,,427.55,,,5624520,2407007587.1,70143,F1,1,,,,,
2026-07-15,2026-07-15,CM,NSE,STK,6006,INE377E01024,COASTCORP,EQ,,,,,COASTAL CORPORATION LTD,50.3,53.2,49.6,52.48,51.51,50.6,,52.48,,,202558,10451384.07,1414,F1,1,,,,,
2026-07-15,2026-07-15,CM,NSE,STK,21508,INE704P01025,COCHINSHIP,EQ,,,,,COCHIN SHIPYARD LIMITED,1397.5,1413.0,1391.2,1411.2,1411.0,1390.8,,1411.2,,,712988,1001319858.4,32353,F1,1,,,,,
2026-07-15,2026-07-15,CM,NSE,STK,11169,INE335K01011,COFFEEDAY,BE,,,,,COFFEE DAY ENTERPRISE LTD,31.74,32.25,31.51,31.84,31.98,31.74,,31.82,,,263954,8406558.38,757,F1,1,,,,,
2026-07-15,2026-07-15,CM,NSE,STK,11543,INE591G01025,COFORGE,EQ,,,,,COFORGE LIMITED,1520.0,1559.2,1504.0,1533.2,1534.2,1534.5,,1533.2,,,2948151,4547274633.1,98773,F1,1,,,,,
2026-07-15,2026-07-15,CM,NSE,STK,17945,INE03QK01018,COHANCE,EQ,,,,,COHANCE LIFESCIENCES LTD,439.65,442.45,430.1,434.75,433.6,438.8,,434.7,,,282954,123066665.4,13492,F1,1,,,,,
2026-07-15,2026-07-15,CM,NSE,STK,15141,INE259A01022,COLPAL,EQ,,,,,COLGATE PALMOLIVE LTD.,2014.0,2021.9,1996.8,2011.8,2011.9,2008.7,,2011.8,,,121471,244435837.8,15489,F1,1,,,,,
2026-07-15,2026-07-15,CM,NSE,STK,762628,INE819A01049,COMFINTE,EQ,,,,,COMFORT INTECH LTD.,5.4,5.75,5.4,5.6,5.62,5.58,,5.6,,,231340,1291998.69,427,F1,1,,,,,
2026-07-15,2026-07-15,CM,NSE,STK,21578,INE073V01015,COMSYN,EQ,,,,,COMMERCIAL SYN BAGS LTD,193.08,197.0,190.0,191.29,190.31,194.16,,191.28,,,308268,59001333.64,1586,F1,1,,,,,
2026-07-15,2026-07-15,CM,NSE,STK,19516,INE597Z01014,COMMITTED,ST,,,,,COMMITTED CARGO CARE LTD,321.1,330.0,321.1,330.0,330.0,338.0,,330.0,,,2400,777800.0,3,F1,800,,,,,
2026-07-15,2026-07-15,CM,NSE,STK,19670,INE070C01037,COMPINFO,BZ,,,,,COMPUAGE INFOCOM LTD,1.16,1.21,1.16,1.2,1.21,1.16,,1.2,,,16610,19992.49,23,F1,1,,,,,
2026-07-15,2026-07-15,CM,NSE,STK,31138,INE453B01029,COMPUSOFT,EQ,,,,,COMPUCOM SOFTWARE LTD,13.08,13.25,12.93,12.94,12.95,13.08,,12.94,,,18560,242115.24,204,F1,1,,,,,
2026-07-15,2026-07-15,CM,NSE,STK,342,INE596I01020,CAMS,EQ,,,,,COMPUTER AGE MNGT SER LTD,765.0,774.8,760.3,764.8,764.6,766.45,,764.8,,,636795,488487361.65,43178,F1,1,,,,,
2026-07-15,2026-07-15,CM,NSE,STK,18060,INE338H01029,CONCORDBIO,EQ,,,,,CONCORD BIOTECH LIMITED,1342.5,1365.0,1331.1,1338.9,1344.2,1327.6,,1338.9,,,86381,116275933.5,8602,F1,1,,,,,
2026-07-15,2026-07-15,CM,NSE,STK,28764,INE037Z01029,CEWATER,EQ,,,,,CONCORD ENVIRO SYSTEMS L,320.0,323.3,316.1,319.45,320.7,318.75,,319.45,,,135336,43242358.7,4761,F1,1,,,,,
2026-07-15,2026-07-15,CM,NSE,STK,10238,INE552D01024,CONFIPET,EQ,,,,,CONFIDENCE PETRO IND LTD.,73.62,76.0,73.01,75.35,75.75,73.62,,75.34,,,1230780,91838675.7,6215,F1,1,,,,,
2026-07-15,2026-07-15,CM,NSE,STK,758453,INE0EAS01014,CONNPLEX,SM,,,,,CONNPLEX CINEMAS LIMITED,197.5,200.75,194.0,194.15,194.0,196.2,,194.15,,,17600,3467320.0,22,F1,800,,,,,
2026-07-15,2026-07-15,CM,NSE,STK,14992,INE429I01024,CCCL,EQ,,,,,CONS. CONST. CONSORT LTD,16.91,17.25,16.91,16.99,17.0,17.07,,17.0,,,172653,2938150.76,460,F1,1,,,,,
2026-07-15,2026-07-15,CM,NSE,STK,11731,INE025A01027,CONSOFINVT,EQ,,,,,CONSO. FIN. & HOLD. LTD.,285.0,287.0,270.0,272.42,274.0,277.52,,272.42,,,13665,3808810.78,497,F1,1,,,,,
2026-07-15,2026-07-15,CM,NSE,STK,4749,INE111A01025,CONCOR,EQ,,,,,CONTAINER CORP OF IND LTD,493.0,496.9,488.75,492.9,492.25,493.15,,492.9,,,2000945,986613204.4,34679,F1,1,,,,,
2026-07-15,2026-07-15,CM,NSE,STK,17477,INE663B01015,CONTROLPR,EQ,,,,,CONTROL PRINT LIMITED,650.0,660.4,640.25,643.05,645.0,645.7,,643.05,,,12502,8103649.0,1269,F1,1,,,,,
2026-07-15,2026-07-15,CM,NSE,STK,8567,INE0HS001028,COOLCAPS,ST,,,,,COOL CAPS INDUSTRIES LTD,21.9,21.9,21.2,21.4,21.45,21.9,,21.4,,,66250,1422312.5,32,F1,1250,,,,,
2026-07-15,2026-07-15,CM,NSE,STK,4007,INE558D01021,CORALFINAC,EQ,,,,,CORAL INDIA FIN & HOUS LT,33.0,33.65,32.26,32.57,32.87,32.82,,32.46,,,1646,53731.86,124,F1,1,,,,,
2026-07-15,2026-07-15,CM,NSE,STK,15275,INE792I01017,CORDSCABLE,BE,,,,,CORDS CABLE INDUS LTD.,200.06,206.0,199.21,201.13,200.0,202.92,,201.15,,,11431,2308847.78,149,F1,1,,,,,
2026-07-15,2026-07-15,CM,NSE,STK,739,INE169A01031,COROMANDEL,EQ,,,,,COROMANDEL INTERNTL. LTD,2074.9,2102.9,2046.3,2056.1,2058.0,2071.6,,2056.1,,,139167,288911358.3,18720,F1,1,,,,,
2026-07-15,2026-07-15,CM,NSE,STK,760254,INE02ZQ01018,CORONA,EQ,,,,,CORONA REMEDIES LIMITED,2070.0,2097.0,2053.1,2063.4,2060.0,2047.2,,2063.5,,,26295,54410719.3,6130,F1,1,,,,,
2026-07-15,2026-07-15,CM,NSE,STK,742,INE757A01017,COSMOFIRST,EQ,,,,,COSMO FIRST LIMITED,828.0,830.0,819.35,827.15,828.0,817.55,,827.1,,,23374,19318550.6,1393,F1,1,,,,,
2026-07-15,2026-07-15,CM,NSE,STK,6385,INE652F01027,CCHHL,EQ,,,,,COUNTRY CLUB HOSP HOL LTD,12.86,13.15,12.73,13.11,13.14,12.88,,13.1,,,8055,104384.83,107,F1,1,,,,,
2026-07-15,2026-07-15,CM,NSE,STK,16986,INE695B01025,COUNCODOS,EQ,,,,,COUNTRY CONDO S LIMITED,7.18,7.85,7.14,7.36,7.29,7.14,,7.36,,,1000691,7504829.63,1457,F1,1,,,,,
2026-07-15,2026-07-15,CM,NSE,STK,20090,INE521J01018,CPCAP,BE,,,,,CP CAPITAL LIMITED,111.0,113.7,110.25,110.99,110.99,111.97,,110.96,,,23947,2677485.84,65,F1,1,,,,,
2026-07-15,2026-07-15,CM,NSE,STK,2328,INF457M01133,CPSEETF,EQ,,,,,CPSE ETF,96.0,97.85,95.6,95.91,95.95,96.55,,95.91,,,671223,64541974.88,7436,F1,1,,,,,
2026-07-15,2026-07-15,CM,NSE,STK,2854,INE00LO01017,CRAFTSMAN,EQ,,,,,CRAFTSMAN AUTOMATION LTD,9200.0,9289.0,9100.0,9230.5,9236.0,9158.0,,9230.5,,,36515,335355846.0,9832,F1,1,,,,,
2026-07-15,2026-07-15,CM,NSE,STK,9384,INE230B01021,CREATIVEYE,EQ,,,,,CREATIVE EYE LIMITED,6.15,6.15,5.78,5.86,6.07,6.02,,5.86,,,10236,60331.56,85,F1,1,,,,,
2026-07-15,2026-07-15,CM,NSE,STK,23468,INE0R7401011,CGRAPHICS,SM,,,,,CREATIVE GRAPHICS S IND L,134.0,137.35,134.0,136.35,136.0,133.75,,136.35,,,14400,1961840.0,18,F1,800,,,,,
2026-07-15,2026-07-15,CM,NSE,STK,11155,INE985W01018,CNL,EQ,,,,,CREATIVE NEWTECH LIMITED,906.0,924.4,876.85,903.95,903.65,895.6,,903.95,,,98232,88627366.9,5929,F1,1,,,,,
2026-07-15,2026-07-15,CM,NSE,STK,4421,INE741K01010,CREDITACC,EQ,,,,,CREDITACCESS GRAMEEN LTD,1471.0,1501.8,1471.0,1477.5,1488.0,1469.3,,1477.4,,,262983,389821394.0,19231,F1,1,,,,,
2026-07-15,2026-07-15,CM,NSE,STK,20878,INE220Q01020,MUFTI,EQ,,,,,CREDO BRANDS MARKETING L,85.05,89.45,85.05,87.0,86.56,85.79,,87.0,,,155179,13575904.23,2259,F1,1,,,,,
2026-07-15,2026-07-15,CM,NSE,STK,13900,INE559D01011,CREST,EQ,,,,,CREST VENTURES LIMITED,367.6,369.0,361.0,365.45,365.0,369.65,,365.45,,,9400,3433078.7,151,F1,1,,,,,
2026-07-15,2026-07-15,CM,NSE,STK,757,INE007A01025,CRISIL,EQ,,,,,CRISIL LTD,4062.0,4220.0,4052.3,4209.9,4200.0,4053.7,,4209.9,,,84727,353710278.1,14186,F1,1,,,,,
2026-07-15,2026-07-15,CM,NSE,STK,757850,INE0S4R01014,CRIZAC,EQ,,,,,CRIZAC LIMITED,196.0,199.12,192.94,193.26,193.0,194.29,,193.26,,,265500,51744713.33,8143,F1,1,,,,,
2026-07-15,2026-07-15,CM,NSE,STK,17094,INE299U01018,CROMPTON,EQ,,,,,CROMPT GREA CON ELEC LTD,261.0,262.45,257.85,259.55,259.85,261.0,,259.55,,,2178136,568457881.55,30055,F1,1,,,,,
2026-07-15,2026-07-15,CM,NSE,STK,18260,INE00NH01017,CLSL,SM,,,,,CROP LIFE SCIENCE LIMITED,51.5,55.1,51.5,52.95,52.95,47.25,,52.95,,,74000,3935100.0,27,F1,2000,,,,,
2026-07-15,2026-07-15,CM,NSE,STK,8083,INE491V01019,CROWN,EQ,,,,,CROWN LIFTERS LIMITED,114.9,116.9,112.05,113.71,113.0,114.29,,113.71,,,6353,724720.65,113,F1,1,,,,,
2026-07-15,2026-07-15,CM,NSE,STK,14966,INE679A01013,CSBBANK,EQ,,,,,CSB BANK LIMITED,358.0,376.55,358.0,365.7,368.25,356.6,,365.7,,,809428,298241945.75,24643,F1,1,,,,,
2026-07-15,2026-07-15,CM,NSE,STK,10350,INE718F01018,CSLFINANCE,EQ,,,,,CSL FINANCE LIMITED,223.59,225.87,216.3,217.87,218.35,221.16,,217.88,,,36184,7955591.07,876,F1,1,,,,,
2026-07-15,2026-07-15,CM,NSE,STK,763754,INE0ZK601013,CSM,BE,,,,,CSM TECHNOLOGIES LIMITED,99.9,102.41,97.25,101.1,100.0,97.54,,100.63,,,313033,31707404.76,1483,F1,1,,,,,
2026-07-15,2026-07-15,CM,NSE,STK,15078,INE0NR623014,CUBEINVIT,IV,,,,,CUBE HIGHWAYS TRUST,153.4,154.0,153.4,154.0,154.0,153.4,,154.0,,,125000,19190000.0,5,F1,25000,,,,,
2026-07-15,2026-07-15,CM,NSE,STK,4064,INE144D01012,CUBEXTUB,EQ,,,,,CUBEX TUBINGS LTD,81.01,81.01,78.3,79.89,79.67,79.42,,79.89,,,25574,2043898.56,844,F1,1,,,,,
2026-07-15,2026-07-15,CM,NSE,STK,1901,INE298A01020,CUMMINSIND,EQ,,,,,CUMMINS INDIA LTD,5515.0,5601.5,5512.0,5549.5,5560.5,5493.5,,5549.5,,,522110,2902044680.5,46221,F1,1,,,,,
2026-07-15,2026-07-15,CM,NSE,STK,18520,INE509F01029,CUPID,EQ,,,,,CUPID LIMITED,219.39,223.0,213.75,219.66,219.6,216.77,,219.66,,,45298666,9958557238.52,225577,F1,1,,,,,
2026-07-15,2026-07-15,CM,NSE,STK,30189,INE117B01020,CURAA,EQ,,,,,CURA TECHNOLOGIES LIMITED,74.59,77.4,74.25,74.3,74.3,74.96,,74.3,,,457,34141.21,16,F1,1,,,,,
2026-07-15,2026-07-15,CM,NSE,STK,759825,INE1BZN01016,CURIS,SM,,,,,CURIS LIFESCIENCES LTD,101.5,102.2,100.05,102.2,102.2,100.0,,102.2,,,22000,2222150.0,12,F1,1000,,,,,
2026-07-15,2026-07-15,CM,NSE,STK,758964,INE1CRQ01014,CURRENT,SM,,,,,CURRENT INFRAPROJECTS LTD,102.9,103.5,101.0,101.0,101.0,102.95,,101.0,,,4800,491840.0,3,F1,1600,,,,,
2026-07-15,2026-07-15,CM,NSE,STK,11845,INE278G01037,CYBERMEDIA,BE,,,,,CYBER MEDIA (INDIA) LTD.,15.52,16.19,15.52,16.0,16.0,16.23,,16.0,,,1507,24044.91,11,F1,1,,,,,
2026-07-15,2026-07-15,CM,NSE,STK,6054,INE214A01019,CYBERTECH,BE,,,,,CYBERTECH SYSTEMS & SOFTW,142.0,143.49,139.3,143.05,143.15,140.94,,143.18,,,21825,3080415.34,181,F1,1,,,,,
2026-07-15,2026-07-15,CM,NSE,STK,17187,INE055S01018,CYIENTDLM,EQ,,,,,CYIENT DLM LIMITED,535.0,542.85,529.5,538.5,542.65,532.65,,538.5,,,195358,104672424.75,6303,F1,1,,,,,
2026-07-15,2026-07-15,CM,NSE,STK,5748,INE136B01020,CYIENT,EQ,,,,,CYIENT LIMITED,850.0,852.0,836.0,839.45,839.0,852.75,,839.45,,,200141,168584743.2,14418,F1,1,,,,,
2026-07-15,2026-07-15,CM,NSE,STK,16902,INE864X01013,DPWIRES,BE,,,,,D P WIRES LIMITED,176.0,179.82,174.15,174.59,174.24,176.14,,174.59,,,14058,2474275.37,195,F1,1,,,,,
2026-07-15,2026-07-15,CM,NSE,STK,17851,INE250K01012,DLINKINDIA,EQ,,,,,D-LINK INDIA LTD,469.2,473.9,461.3,466.8,466.0,469.2,,466.8,,,135606,63508445.35,4131,F1,1,,,,,
2026-07-15,2026-07-15,CM,NSE,STK,936,INE266Y01019,DPABHUSHAN,EQ,,,,,D. P. ABHUSHAN LIMITED,1189.0,1357.0,1171.95,1307.2,1295.0,1172.05,,1307.2,,,638940,834808869.3,44007,F1,1,,,,,
2026-07-15,2026-07-15,CM,NSE,STK,17881,INE950I01011,DBCORP,EQ,,,,,D.B.CORP LTD,208.0,211.9,205.5,208.47,208.01,206.07,,208.46,,,245640,51354714.69,4500,F1,1,,,,,
2026-07-15,2026-07-15,CM,NSE,STK,772,INE016A01026,DABUR,EQ,,,,,DABUR INDIA LTD,434.0,437.6,430.05,431.3,430.7,434.45,,431.3,,,1001738,433564944.75,25201,F1,1,,,,,
2026-07-15,2026-07-15,CM,NSE,STK,762636,INE928C01010,DAICHI,BE,,,,,DAI-ICHI KARKARIA LTD.,317.35,324.45,312.0,313.3,316.5,317.35,,316.1,,,236,73935.15,47,F1,1,,,,,
2026-07-15,2026-07-15,CM,NSE,STK,8075,INE00R701025,DALBHARAT,EQ,,,,,DALMIA BHARAT LIMITED,1772.0,1832.9,1762.9,1824.7,1828.0,1761.7,,1824.7,,,565574,1026468004.7,29473,F1,1,,,,,
2026-07-15,2026-07-15,CM,NSE,STK,781,INE495A01022,DALMIASUG,EQ,,,,,DALMIA BHARAT SUG IN LTD,365.8,367.3,356.0,357.5,356.25,364.0,,357.5,,,80531,29071032.0,2055,F1,1,,,,,
2026-07-15,2026-07-15,CM,NSE,STK,28662,INE284H01025,DAMCAPITAL,EQ,,,,,DAM CAPITAL ADVISORS LTD,157.4,171.0,157.4,169.45,169.8,157.05,,169.44,,,3706716,618621743.58,46095,F1,1,,,,,
2026-07-15,2026-07-15,CM,NSE,STK,17569,INE497D01022,DAMODARIND,BE,,,,,DAMODAR INDUSTRIES LTD,30.49,31.0,29.15,30.2,30.2,30.48,,30.2,,,4456,132117.95,40,F1,1,,,,,
2026-07-15,2026-07-15,CM,NSE,STK,1110,INE688Y01022,DANGEE,EQ,,,,,DANGEE DUMS LIMITED,3.29,3.29,3.12,3.13,3.18,3.19,,3.13,,,34978,110898.02,106,F1,1,,,,,
2026-07-15,2026-07-15,CM,NSE,STK,25927,INE0YU901016,DANISH,SM,,,,,DANISH POWER LIMITED,895.0,911.75,882.6,902.0,904.0,872.7,,902.0,,,12750,11473440.0,71,F1,150,,,,,
2026-07-15,2026-07-15,CM,NSE,STK,757107,INE04Q901010,DCCL,SM,,,,,DAR CREDIT & CAPITAL LTD,45.5,45.5,45.5,45.5,45.5,44.3,,45.5,,,6000,273000.0,1,F1,2000,,,,,
2026-07-15,2026-07-15,CM,NSE,STK,7358,INE0IX101010,DATAPATTNS,EQ,,,,,DATA PATTERNS INDIA LTD,4230.0,4269.9,4165.0,4189.7,4190.0,4214.5,,4189.7,,,363126,1531489841.0,34010,F1,1,,,,,
2026-07-15,2026-07-15,CM,NSE,STK,11423,INE365B01017,DATAMATICS,EQ,,,,,DATAMATICS GLOBAL SER LTD,867.9,873.95,850.6,853.5,857.0,860.55,,853.5,,,99526,85627105.25,7144,F1,1,,,,,
2026-07-15,2026-07-15,CM,NSE,STK,21794,INE179G01029,DAVANGERE,EQ,,,,,DAVANGERE SUGAR COMPANY L,3.46,3.52,3.46,3.48,3.5,3.48,,3.48,,,3255811,11361776.4,1302,F1,1,,,,,
2026-07-15,2026-07-15,CM,NSE,STK,31111,INE921B01025,DBSTOCKBRO,BE,,,,,DB (INT) STOCK BROKERS,40.0,40.0,38.0,38.56,38.89,40.0,,38.56,,,7635,292378.78,135,F1,1,,,,,
2026-07-15,2026-07-15,CM,NSE,STK,11566,INE0A1101019,DCI,EQ,,,,,DC INFOTECH AND COMUN LTD,279.2,285.0,270.0,271.8,273.0,279.9,,271.8,,,3387,930214.4,285,F1,1,,,,,
2026-07-15,2026-07-15,CM,NSE,STK,13725,INE503A01015,DCBBANK,EQ,,,,,DCB BANK LIMITED,187.38,192.39,187.38,190.3,189.7,187.38,,190.29,,,1119478,213089843.01,31182,F1,1,,,,,
2026-07-15,2026-07-15,CM,NSE,STK,761737,INE04Q907181,1275DCCL28,N0,,,,,DCCL 12.75% 2028,9585.0,9585.0,9585.0,9585.0,9585.0,9580.0,,9585.0,,,3,28755.0,2,F1,1,,,,,
2026-07-15,2026-07-15,CM,NSE,STK,23520,INE0S8401018,DCG,SM,,,,,DCG CABLES & WIRES LTD,54.7,54.8,53.05,53.05,53.05,53.45,,53.05,,,14400,780960.0,10,F1,1200,,,,,
2026-07-15,2026-07-15,CM,NSE,STK,8704,INE891B01012,DCMFINSERV,BE,,,,,DCM FINANCIAL SERVICES LT,5.34,5.36,5.11,5.35,5.35,5.34,,5.35,,,9696,50257.58,53,F1,1,,,,,
2026-07-15,2026-07-15,CM,NSE,STK,7323,INE498A01018,DCM,BE,,,,,DCM LIMITED,99.5,100.0,97.0,99.0,99.0,98.37,,99.0,,,7559,747521.52,64,F1,1,,,,,
2026-07-15,2026-07-15,CM,NSE,STK,11041,INE08KP01019,DCMNVL,BE,,,,,DCM NOUVELLE LIMITED,147.0,150.0,146.0,146.0,146.0,147.56,,146.0,,,5033,737994.8,13,F1,1,,,,,
2026-07-15,2026-07-15,CM,NSE,STK,760893,INE0OFM01015,DSFCL,BE,,,,,DCM SHRIRAM FINE CHEM LTD,23.5,23.97,23.31,23.53,23.84,23.5,,23.67,,,80327,1894043.11,171,F1,1,,,,,
2026-07-15,2026-07-15,CM,NSE,STK,7325,INE843D01027,DCMSRIND,EQ,,,,,DCM SHRIRAM IND LTD,41.0,41.82,39.89,40.35,40.91,40.99,,40.33,,,78997,3201570.18,906,F1,1,,,,,
2026-07-15,2026-07-15,CM,NSE,STK,760898,INE0OU201013,DCMSIL,BE,,,,,DCM SHRIRAM INTERNATNL L,81.49,81.49,81.49,81.49,81.49,79.9,,81.96,,,35802,2917504.98,37,F1,1,,,,,
2026-07-15,2026-07-15,CM,NSE,STK,811,INE499A01024,DCMSHRIRAM,EQ,,,,,DCM SHRIRAM LIMITED,1032.4,1041.2,1023.9,1027.6,1028.5,1028.3,,1027.6,,,39100,40345391.4,4322,F1,1,,,,,
2026-07-15,2026-07-15,CM,NSE,STK,817,INE500A01029,DCW,EQ,,,,,DCW LTD,47.49,48.03,46.35,46.86,47.17,47.21,,46.86,,,682241,32108291.95,4173,F1,1,,,,,
2026-07-15,2026-07-15,CM,NSE,STK,11895,INE0KL801015,DCXINDIA,EQ,,,,,DCX SYSTEMS LIMITED,193.59,197.11,191.36,192.87,192.94,193.47,,192.89,,,487433,94455298.81,5750,F1,1,,,,,
2026-07-15,2026-07-15,CM,NSE,STK,29098,INE0HR601026,DDEVPLSTIK,EQ,,,,,DDEV PLASTIKS IND LTD,294.85,295.0,286.35,291.35,293.35,292.2,,291.35,,,97352,28366672.25,3162,F1,1,,,,,
2026-07-15,2026-07-15,CM,NSE,STK,15449,INE0JWV01011,DENEERS,SM,,,,,DE NEERS TOOLS LIMITED,185.0,195.0,184.85,195.0,195.0,183.25,,195.0,,,13800,2630130.0,22,F1,600,,,,,
2026-07-15,2026-07-15,CM,NSE,STK,4279,INE244A01016,DENORA,EQ,,,,,DE NORA INDIA LIMITED,881.0,925.0,881.0,920.25,925.0,901.15,,919.75,,,8551,7810866.45,1176,F1,1,,,,,
2026-07-15,2026-07-15,CM,NSE,STK,14838,INE583C01021,DECCANCE,EQ,,,,,DECCAN CEMENTS LIMITED,569.0,574.65,564.35,568.8,566.3,568.65,,568.8,,,9493,5401083.25,654,F1,1,,,,,
2026-07-15,2026-07-15,CM,NSE,STK,762638,INE945F01025,DECNGOLD,EQ,,,,,DECCAN GOLD MINES LTD.,201.6,205.86,198.5,200.09,198.97,200.9,,200.11,,,1610626,325535954.2,15801,F1,1,,,,,
2026-07-15,2026-07-15,CM,NSE,STK,25421,INE0S7C01019,DECCANTRAN,SM,,,,,DECCAN TRANSCON LEASING L,21.0,21.0,21.0,21.0,21.0,21.0,,21.0,,,1200,25200.0,1,F1,1200,,,,,
2026-07-15,2026-07-15,CM,NSE,STK,24156,INE841L01016,DEEDEV,BE,,,,,DEE DEVELOPMENT ENG LTD,685.0,726.15,685.0,719.35,721.0,691.6,,719.8,,,120677,86707746.15,2866,F1,1,,,,,
2026-07-15,2026-07-15,CM,NSE,STK,22802,INE586O01011,DEEM,ST,,,,,DEEM ROLL TECH LIMITED,52.25,52.25,52.25,52.25,52.25,52.25,,52.25,,,2000,104500.0,1,F1,1000,,,,,
2026-07-15,2026-07-15,CM,NSE,STK,3292,INE0FHS01024,DEEPINDS,EQ,,,,,DEEP INDUSTRIES LIMITED,470.0,470.0,456.3,458.75,460.0,465.6,,458.75,,,65301,30080001.45,2988,F1,1,,,,,
2026-07-15,2026-07-15,CM,NSE,STK,25894,INE0OPA01027,DBEIL,BE,,,,,DEEPAK BUILDERS & ENG I L,8.17,8.38,7.85,8.08,8.02,8.17,,8.02,,,176313,1410104.29,395,F1,1,,,,,
2026-07-15,2026-07-15,CM,NSE,STK,827,INE501A01019,DEEPAKFERT,EQ,,,,,DEEPAK FERTILIZERS & PETR,1550.0,1583.7,1531.1,1548.8,1553.0,1542.0,,1548.5,,,297228,463004171.8,16551,F1,1,,,,,
2026-07-15,2026-07-15,CM,NSE,STK,19943,INE288B01029,DEEPAKNTR,EQ,,,,,DEEPAK NITRITE LTD,1678.0,1740.0,1669.3,1697.0,1700.0,1669.3,,1696.6,,,450134,771328502.2,36107,F1,1,,,,,
2026-07-15,2026-07-15,CM,NSE,STK,22527,INE0SK801018,DELAPLEX,SM,,,,,DELAPLEX LIMITED,100.0,101.0,97.0,98.05,97.0,99.6,,98.05,,,9600,954210.0,14,F1,600,,,,,
2026-07-15,2026-07-15,CM,NSE,STK,9599,INE148O01028,DELHIVERY,EQ,,,,,DELHIVERY LIMITED,517.3,517.55,494.5,498.35,498.3,512.1,,498.35,,,6403446,3216894908.65,89697,F1,1,,,,,
2026-07-15,2026-07-15,CM,NSE,STK,24395,INE726L01027,DELPHIFX,BE,,,,,DELPHI WORLD MONEY LTD,8.44,8.49,8.01,8.01,8.01,8.43,,7.99,,,286864,2299379.54,236,F1,1,,,,,
2026-07-15,2026-07-15,CM,NSE,STK,29095,INE0XRN01019,DELTIC,ST,,,,,DELTA AUTOCORP LIMITED,34.0,34.55,34.0,34.55,34.55,34.0,,34.55,,,2000,68550.0,2,F1,1000,,,,,
2026-07-15,2026-07-15,CM,NSE,STK,15044,INE124G01033,DELTACORP,EQ,,,,,DELTA CORP LIMITED,65.99,65.99,64.4,64.96,64.98,66.25,,64.97,,,1817322,117930037.87,9673,F1,1,,,,,
2026-07-15,2026-07-15,CM,NSE,STK,1214,INE393A01011,DELTAMAGNT,EQ,,,,,DELTA MANUFACTURING LTD,58.6,60.29,58.0,58.98,59.97,58.28,,58.98,,,2730,159561.35,56,F1,1,,,,,
2026-07-15,2026-07-15,CM,NSE,STK,17722,INE947J01015,DEN,EQ,,,,,DEN NETWORKS LTD,29.55,29.55,28.8,28.94,28.96,30.3,,28.94,,,1174703,34147523.86,4253,F1,1,,,,,
2026-07-15,2026-07-15,CM,NSE,STK,29256,INE0R4L01018,DENTA,EQ,,,,,DENTA WATER N INFRA SOL L,336.45,346.8,333.05,335.85,337.0,335.4,,335.85,,,241708,81992976.4,6690,F1,1,,,,,
2026-07-15,2026-07-15,CM,NSE,STK,759079,INE0VOV01021,DEVX,EQ,,,,,DEV ACCELERATOR LIMITED,35.0,35.15,33.9,34.66,34.5,34.9,,34.66,,,211418,7339732.28,856,F1,1,,,,,
2026-07-15,2026-07-15,CM,NSE,STK,8146,INE060X01034,DEVIT,EQ,,,,,DEV INFO TECHNOLOGY LTD,28.02,29.0,27.87,28.77,29.0,27.89,,28.76,,,20329,578012.15,536,F1,1,,,,,
2026-07-15,2026-07-15,CM,NSE,STK,5373,INE872J01023,DEVYANI,EQ,,,,,DEVYANI INTERNATIONAL LTD,111.58,111.9,110.38,111.03,110.95,111.35,,111.03,,,1029638,114469948.15,9664,F1,1,,,,,
2026-07-15,2026-07-15,CM,NSE,STK,10895,INE0I3401014,DBOL,BE,,,,,DHAMPUR BIO ORGANICS LTD,120.9,120.9,112.26,112.6,112.3,118.16,,112.58,,,125147,14389266.84,911,F1,1,,,,,
2026-07-15,2026-07-15,CM,NSE,STK,857,INE041A01016,DHAMPURSUG,EQ,,,,,DHAMPUR SUGAR MILLS LTD.,144.47,144.99,142.05,142.72,142.5,144.47,,142.72,,,116894,16727548.1,1843,F1,1,,,,,
2026-07-15,2026-07-15,CM,NSE,STK,11359,INE680A01011,DHANBANK,EQ,,,,,DHANLAXMI BANK LIMITED,34.03,34.35,33.47,33.89,34.15,34.0,,33.91,,,1010911,34329795.96,3636,F1,1,,,,,
2026-07-15,2026-07-15,CM,NSE,STK,27723,INE0V9V01010,DHANLAXMI,SM,,,,,DHANLAXMI CROP SCIENCE L,25.0,25.0,25.0,25.0,25.0,25.0,,25.0,,,2000,50000.0,1,F1,2000,,,,,
2026-07-15,2026-07-15,CM,NSE,STK,24409,INE435G01025,DHANUKA,EQ,,,,,DHANUKA AGRITECH LTD,1026.0,1042.0,1022.6,1034.6,1033.9,1022.6,,1034.7,,,33213,34235994.6,2074,F1,1,,,,,
2026-07-15,2026-07-15,CM,NSE,STK,760492,INE2HJL01019,DHARARAIL,ST,,,,,DHARA RAIL PROJECTS LTD,135.0,137.9,133.05,133.05,133.05,133.05,,133.05,,,3000,405950.0,3,F1,1000,,,,,
2026-07-15,2026-07-15,CM,NSE,STK,759203,INE278R01034,DHARAN,BZ,,,,,DHARAN INFRA-EPC LIMITED,0.16,0.16,0.15,0.15,0.16,0.15,,0.15,,,6223066,959608.7,938,F1,1,,,,,
2026-07-15,2026-07-15,CM,NSE,STK,24747,INE0YRN01025,DHARIWAL,SM,,,,,DHARIWALCORP LIMITED,32.0,32.0,31.7,31.7,31.7,33.5,,31.7,,,30000,955800.0,9,F1,3000,,,,,
2026-07-15,2026-07-15,CM,NSE,STK,13001,INE00OQ01016,DHARMAJ,EQ,,,,,DHARMAJ CROP GUARD LTD,256.05,261.0,256.05,259.95,260.0,258.55,,259.85,,,15861,4122427.6,1234,F1,1,,,,,
2026-07-15,2026-07-15,CM,NSE,STK,6860,INE506Z01015,DHRUV,BE,,,,,DHRUV CONSULTANCY SER LTD,26.9,27.39,25.7,27.19,27.39,26.9,,27.19,,,3683,96107.48,25,F1,1,,,,,
2026-07-15,2026-07-15,CM,NSE,STK,22233,INE320L01011,DHUNINV,EQ,,,,,DHUNSERI INVESTMENTS LTD,971.25,999.9,941.0,947.65,945.0,966.45,,947.65,,,3562,3430931.25,179,F1,1,,,,,
2026-07-15,2026-07-15,CM,NSE,STK,6227,INE341R01014,DTIL,EQ,,,,,DHUNSERI TEA & IND. LTD.,139.99,141.49,135.96,136.84,136.9,139.17,,136.84,,,18328,2526379.92,175,F1,1,,,,,
2026-07-15,2026-07-15,CM,NSE,STK,15214,INE477B01010,DVL,EQ,,,,,DHUNSERI VENTURES LIMITED,239.7,240.01,235.22,236.69,236.55,238.34,,236.69,,,13044,3104223.23,284,F1,1,,,,,
2026-07-15,2026-07-15,CM,NSE,STK,18644,INE591D01014,DIAMINESQ,EQ,,,,,DIAMINES & CHEMICALS LTD,270.16,275.0,263.75,265.69,264.71,271.51,,266.34,,,2701,729312.33,160,F1,1,,,,,
2026-07-15,2026-07-15,CM,NSE,STK,18543,INE989C01038,DIACABS,EQ,,,,,DIAMOND POWER INFRA LTD,226.0,230.5,224.85,226.49,225.0,224.97,,226.49,,,2460943,559206877.27,23735,F1,1,,,,,
2026-07-15,2026-07-15,CM,NSE,STK,703,INE303A01010,DICIND,EQ,,,,,DIC INDIA LIMITED,509.0,527.0,506.0,511.85,508.1,518.05,,511.85,,,1619,836515.6,189,F1,1,,,,,
2026-07-15,2026-07-15,CM,NSE,STK,25672,INE184O01015,DIFFNKG,EQ,,,,,DIFFUSION ENGINEERS LTD,392.7,398.0,388.2,391.4,390.0,392.55,,391.3,,,44428,17472805.85,2407,F1,1,,,,,
2026-07-15,2026-07-15,CM,NSE,STK,10346,INE03JI01017,DGCONTENT,EQ,,,,,DIGICONTENT LIMITED,26.82,27.1,26.15,26.36,26.49,26.07,,26.36,,,27913,745274.5,160,F1,1,,,,,
2026-07-15,2026-07-15,CM,NSE,STK,21247,INE0PSC01024,DIGIDRIVE,EQ,,,,,DIGIDRIVE DISTRIBUTORS L,18.95,18.95,18.0,18.36,18.36,18.75,,18.36,,,18292,337217.72,132,F1,1,,,,,
2026-07-15,2026-07-15,CM,NSE,STK,19138,INE0QJ901011,DIGIKORE,SM,,,,,DIGIKORE STUDIOS LIMITED,51.0,51.65,49.1,50.65,50.7,50.4,,50.65,,,56800,2878380.0,82,F1,400,,,,,
2026-07-15,2026-07-15,CM,NSE,STK,16687,INE927C01020,DIGISPICE,BE,,,,,DIGISPICE TECHNOLOGIES LT,19.23,19.36,18.55,19.13,19.01,19.23,,19.17,,,61676,1172191.3,205,F1,1,,,,,
2026-07-15,2026-07-15,CM,NSE,STK,757515,INE0U4701011,DIGITIDE,EQ,,,,,DIGITIDE SOLUTIONS LTD,103.09,108.0,103.0,103.62,104.2,102.71,,103.62,,,269800,28187812.17,3474,F1,1,,,,,
2026-07-15,2026-07-15,CM,NSE,STK,6127,INE731U01028,DIGJAMLMTD,EQ,,,,,DIGJAM LTD,44.24,52.05,43.75,46.87,46.21,43.38,,46.58,,,262466,13151671.38,2009,F1,1,,,,,
2026-07-15,2026-07-15,CM,NSE,STK,641,INE016M01021,DNAMEDIA,EQ,,,,,DILIGENT MEDIA CORP LTD.,2.8,2.88,2.8,2.85,2.86,2.77,,2.85,,,30829,87594.3,138,F1,1,,,,,
2026-07-15,2026-07-15,CM,NSE,STK,18086,INE917M01012,DBL,EQ,,,,,DILIP BUILDCON LIMITED,413.9,415.05,409.05,411.25,412.0,411.6,,411.25,,,70675,29115960.6,2982,F1,1,,,,,
2026-07-15,2026-07-15,CM,NSE,STK,762643,INE131C01011,DISAQ,EQ,,,,,DISA INDIA LTD.,12090.0,12239.0,11823.0,11848.0,11824.0,12025.0,,11848.0,,,708,8520096.0,581,F1,1,,,,,
2026-07-15,2026-07-15,CM,NSE,STK,14540,INE836F01026,DISHTV,BE,,,,,DISH TV INDIA LTD.,2.97,2.97,2.93,2.93,2.96,2.97,,2.93,,,671072,1974962.03,888,F1,1,,,,,
2026-07-15,2026-07-15,CM,NSE,STK,21704,INE385W01011,DCAL,EQ,,,,,DISHMAN CARBO AMCIS LTD,195.89,202.85,192.27,193.07,192.93,194.94,,193.07,,,440085,86835414.48,7819,F1,1,,,,,
2026-07-15,2026-07-15,CM,NSE,STK,14479,INE753U01022,DIVGIITTS,EQ,,,,,DIVGI TORQTRANSFER SYST L,965.0,1003.0,950.6,966.2,962.95,949.8,,965.95,,,106492,104084356.3,7916,F1,1,,,,,
2026-07-15,2026-07-15,CM,NSE,STK,10940,INE361B01024,DIVISLAB,EQ,,,,,DIVI S LABORATORIES LTD,7260.0,7330.0,7234.0,7273.0,7300.0,7188.5,,7273.5,,,726479,5293794573.0,75658,F1,1,,,,,
2026-07-15,2026-07-15,CM,NSE,STK,30262,INE0NA501011,DIVINEHIRA,ST,,,,,DIVINE HIRA JEWELLERS LTD,112.45,114.5,106.5,112.9,112.9,111.4,,112.9,,,14400,1590180.0,11,F1,1200,,,,,
2026-07-15,2026-07-15,CM,NSE,STK,24286,INE0SCO01019,DPEL,SM,,,,,DIVINE POWER ENERGY LTD,590.0,593.75,585.0,590.05,592.0,588.45,,590.05,,,37500,22070350.0,69,F1,500,,,,,
2026-07-15,2026-07-15,CM,NSE,STK,25680,INE0QYI01019,DIVYADHAN,ST,,,,,DIVYADHAN RECYCLING IND L,53.5,53.75,53.5,53.75,53.75,52.7,,53.75,,,10000,537000.0,4,F1,2000,,,,,
2026-07-15,2026-07-15,CM,NSE,STK,21690,INE935N01020,DIXON,EQ,,,,,DIXON TECHNO (INDIA) LTD,13580.0,13725.0,13431.0,13651.0,13701.0,13365.0,,13652.0,,,447702,6084655905.0,61929,F1,1,,,,,
2026-07-15,2026-07-15,CM,NSE,STK,12749,INE0B1K01014,DJML,EQ,,,,,DJ MEDIAPRINT & LOG LTD,100.8,102.71,96.27,101.01,98.5,100.95,,101.05,,,392675,39607944.01,4540,F1,1,,,,,
2026-07-15,2026-07-15,CM,NSE,STK,14732,INE271C01023,DLF,EQ,,,,,DLF LIMITED,671.5,681.4,655.45,657.75,659.0,671.45,,657.75,,,5657410,3785209542.0,85344,F1,1,,,,,
2026-07-15,2026-07-15,CM,NSE,STK,6973,INE505A01010,DMCC,EQ,,,,,DMCC SPECIALITY CHEMICALS,256.15,263.1,256.15,259.3,261.85,258.3,,259.3,,,29317,7621791.0,961,F1,1,,,,,
2026-07-15,2026-07-15,CM,NSE,STK,22533,INE0OGG01015,DHTL,SM,,,,,DOCMODE HEALTH TECH LTD,35.0,38.6,35.0,38.6,38.6,36.8,,38.6,,,2400,86880.0,3,F1,800,,,,,
2026-07-15,2026-07-15,CM,NSE,STK,4822,INE021O01019,DODLA,EQ,,,,,DODLA DAIRY LIMITED,1100.0,1100.0,1079.7,1085.9,1080.3,1093.6,,1085.9,,,10785,11716346.8,2105,F1,1,,,,,
2026-07-15,2026-07-15,CM,NSE,STK,12124,INE966A01022,DOLATALGO,EQ,,,,,DOLAT ALGOTECH LIMITED,72.0,73.9,69.96,70.52,70.56,72.15,,70.52,,,190170,13579433.08,2950,F1,1,,,,,
2026-07-15,2026-07-15,CM,NSE,STK,20560,INE325C01035,DOLLAR,EQ,,,,,DOLLAR INDUSTRIES LIMITED,262.95,265.6,261.0,263.6,262.1,262.55,,263.6,,,102795,27089970.65,3166,F1,1,,,,,
2026-07-15,2026-07-15,CM,NSE,STK,13323,INE0JHH01011,DOLLEX,SM,,,,,DOLLEX AGROTECH LIMITED,30.25,30.25,28.25,29.1,29.4,30.0,,29.1,,,80000,2350000.0,17,F1,4000,,,,,
2026-07-15,2026-07-15,CM,NSE,STK,18139,INE920A01037,DOLPHIN,EQ,,,,,DOLPHIN OFF ENT (IND) L,396.55,399.5,375.6,380.75,384.0,396.55,,380.75,,,11610,4467971.9,776,F1,1,,,,,
2026-07-15,2026-07-15,CM,NSE,STK,20551,INE321T01012,DOMS,EQ,,,,,DOMS INDUSTRIES LIMITED,2299.9,2348.0,2282.6,2292.9,2290.0,2295.0,,2293.0,,,29882,68892722.8,6035,F1,1,,,,,
2026-07-15,2026-07-15,CM,NSE,STK,13839,INE668D01028,DONEAR,EQ,,,,,DONEAR IND. LIMITED,85.12,86.49,84.52,85.29,84.9,86.29,,85.29,,,10512,897404.04,294,F1,1,,,,,
2026-07-15,2026-07-15,CM,NSE,STK,15423,INE360C01024,DPSCLTD,BE,,,,,DPSC LIMITED,7.25,7.55,7.25,7.43,7.5,7.34,,7.43,,,70727,522434.09,365,F1,1,,,,,
2026-07-15,2026-07-15,CM,NSE,STK,29452,INE943P01029,AGARWALEYE,EQ,,,,,DR AGARWALS HEALTH CARE L,490.7,500.0,489.05,493.75,493.1,490.7,,493.75,,,57651,28400221.2,8170,F1,1,,,,,
2026-07-15,2026-07-15,CM,NSE,STK,762648,INE934C01018,DRAGARWQ,EQ,,,,,DR. AGARWAL'S EYE HOSP L,4960.0,5175.5,4960.0,5084.0,5099.5,5008.5,,5082.5,,,657,3351214.0,273,F1,1,,,,,
2026-07-15,2026-07-15,CM,NSE,STK,11654,INE600L01024,LALPATHLAB,EQ,,,,,DR. LAL PATH LABS LTD.,1746.7,1784.0,1718.0,1723.3,1725.0,1744.6,,1723.3,,,309031,541621573.5,25744,F1,1,,,,,
2026-07-15,2026-07-15,CM,NSE,STK,881,INE089A01031,DRREDDY,EQ,,,,,DR. REDDY S LABORATORIES,1249.1,1249.1,1226.4,1229.5,1229.6,1246.2,,1229.5,,,1685660,2077780255.1,55061,F1,1,,,,,
2026-07-15,2026-07-15,CM,NSE,STK,2645,INE03RS01027,DRCSYSTEMS,EQ,,,,,DRC SYSTEMS INDIA LIMITED,13.52,14.1,13.46,13.73,13.76,13.66,,13.71,,,47971,658241.07,229,F1,1,,,,,
2026-07-15,2026-07-15,CM,NSE,STK,10859,INE0JS101016,DREAMFOLKS,EQ,,,,,DREAMFOLKS SERVICES LTD,70.05,70.4,67.57,68.18,68.29,68.68,,68.19,,,35424,2419294.94,955,F1,1,,,,,
2026-07-15,2026-07-15,CM,NSE,STK,11271,INE506A01018,DREDGECORP,EQ,,,,,DREDGING CORP OF INDIA,1039.4,1066.7,1021.5,1030.6,1032.7,1024.7,,1030.6,,,111690,116387696.4,6815,F1,1,,,,,
2026-07-15,2026-07-15,CM,NSE,STK,17383,INE0P7201019,DRONE,ST,,,,,DRONE DESTINATION LIMITED,38.1,40.4,37.8,38.75,38.75,38.9,,38.75,,,35000,1361625.0,52,F1,500,,,,,
2026-07-15,2026-07-15,CM,NSE,STK,778,INE055C01020,KEEPLEARN,EQ,,,,,DSJ KEEP LEARNING LTD,1.9,1.94,1.81,1.87,1.89,1.88,,1.84,,,24387,45358.14,51,F1,1,,,,,
2026-07-15,2026-07-15,CM,NSE,STK,1927,INF740KA1EU7,LIQUIDETF,EQ,,,,,DSP LIQUID ETF,1000.01,1000.01,999.99,1000.0,1000.0,999.99,,1000.0,,,76715,76715057.04,192,F1,1,,,,,
2026-07-15,2026-07-15,CM,NSE,STK,761364,INF740KA1YH2,BANK10ADD,EQ,,,,,DSPAMC - BANK10ADD,17.39,17.49,17.13,17.37,17.34,17.51,,17.37,,,573480,9959747.7,581,F1,1,,,,,
2026-07-15,2026-07-15,CM,NSE,STK,13644,INF740KA1RX3,BANKADD,EQ,,,,,DSPAMC - DSPBANK,59.13,59.47,58.85,59.02,59.16,58.77,,59.02,,,7953,470724.14,86,F1,1,,,,,
2026-07-15,2026-07-15,CM,NSE,STK,15356,INF740KA1SW3,GOLDADD,EQ,,,,,DSPAMC - DSPGOLD,136.65,137.21,136.55,136.84,136.9,136.29,,136.84,,,315935,43219223.76,1677,F1,1,,,,,
2026-07-15,2026-07-15,CM,NSE,STK,17207,INF740KA1SX1,ITADD,EQ,,,,,DSPAMC - DSPIT,30.52,30.52,29.97,30.17,30.33,30.33,,30.17,,,42341,1277540.46,80,F1,1,,,,,
2026-07-15,2026-07-15,CM,NSE,STK,6606,INF740KA1QK2,EQUAL50ADD,EQ,,,,,DSPAMC - DSPNEWETF,339.56,341.97,338.9,339.37,339.25,339.54,,339.39,,,7368,2503900.28,176,F1,1,,,,,
2026-07-15,2026-07-15,CM,NSE,STK,7451,INF740KA1CL0,NIFTYADD,EQ,,,,,DSPAMC - DSPNIFTY,252.9,254.77,252.88,253.04,252.91,252.9,,253.04,,,5836,1483140.63,1630,F1,1,,,,,
2026-07-15,2026-07-15,CM,NSE,STK,17616,INF740KA1SY9,PSUBANKADD,EQ,,,,,DSPAMC - DSPPSBKETF,84.51,85.41,84.0,84.8,84.0,84.27,,84.81,,,65194,5540027.19,212,F1,1,,,,,
2026-07-15,2026-07-15,CM,NSE,STK,17576,INF740KA1TA7,PVTBANKADD,EQ,,,,,DSPAMC - DSPPVBKETF,28.51,28.99,28.34,28.49,28.99,28.28,,28.49,,,130061,3715643.25,159,F1,1,,,,,
2026-07-15,2026-07-15,CM,NSE,STK,7456,INF740KA1ZF3,MIDQ50ADD,EQ,,,,,DSPAMC - DSPQ50ETF,24.85,24.98,24.82,24.85,24.94,24.82,,24.85,,,13037,324399.54,75,F1,1,,,,,
2026-07-15,2026-07-15,CM,NSE,STK,17613,INF740KA1SZ6,SENSEXADD,EQ,,,,,DSPAMC - DSPSENXETF,79.76,80.09,79.25,79.36,79.65,79.37,,79.4,,,5815,463722.42,23,F1,1,,,,,
2026-07-15,2026-07-15,CM,NSE,STK,10761,INF740KA1RE3,SILVERADD,EQ,,,,,DSPAMC - DSPSILVETF,210.76,211.68,209.37,210.34,210.17,209.34,,210.34,,,437631,92140617.46,3622,F1,1,,,,,
2026-07-15,2026-07-15,CM,NSE,STK,759368,INF740KA1WU9,FLEXIADD,EQ,,,,,DSPAMC - FLEXIADD,9.87,9.94,9.84,9.89,9.9,9.89,,9.89,,,49655,489959.0,178,F1,1,,,,,
2026-07-15,2026-07-15,CM,NSE,STK,763530,INF740KA1ZA4,FMCGADD,EQ,,,,,DSPAMC - FMCGADD,48.79,48.79,48.44,48.51,48.49,48.75,,48.51,,,7193,349092.53,36,F1,1,,,,,
2026-07-15,2026-07-15,CM,NSE,STK,22592,INF740KA1ZG1,HEALTHADD,EQ,,,,,DSPAMC - HEALTHADD,16.73,16.9,16.62,16.62,16.62,16.57,,16.63,,,150246,2519972.11,98,F1,1,,,,,
2026-07-15,2026-07-15,CM,NSE,STK,23407,INF740KA1UM0,LIQUIDADD,EQ,,,,,DSPAMC - LIQUIDADD,1135.67,1135.69,1135.67,1135.68,1135.69,1135.52,,1135.69,,,265198,301179998.59,702,F1,1,,,,,
2026-07-15,2026-07-15,CM,NSE,STK,760356,INF740KA1WW5,MIDCAPADD,EQ,,,,,DSPAMC - MIDCAPADD,23.2,23.29,23.14,23.22,23.22,23.17,,23.22,,,2043,47448.37,25,F1,1,,,,,
2026-07-15,2026-07-15,CM,NSE,STK,759978,INF740KA1WV7,MSCIADD,EQ,,,,,DSPAMC - MSCIADD,29.66,29.69,29.5,29.5,29.5,29.43,,29.5,,,916,27075.09,8,F1,1,,,,,
2026-07-15,2026-07-15,CM,NSE,STK,29464,INF740KA1VE5,NEXT30ADD,EQ,,,,,DSPAMC - NEXT30ADD,42.21,42.38,41.98,42.13,42.14,41.96,,42.13,,,1278,53908.71,46,F1,1,,,,,
2026-07-15,2026-07-15,CM,NSE,STK,760599,INF740KA1XU7,NEXT50ADD,EQ,,,,,DSPAMC - NEXT50ADD,72.77,72.88,72.2,72.26,72.27,72.12,,72.26,,,2177,157949.91,28,F1,1,,,,,
2026-07-15,2026-07-15,CM,NSE,STK,760359,INF740KA1WX3,SMALLADD,EQ,,,,,DSPAMC - SMALLADD,18.09,18.28,18.09,18.21,18.22,18.01,,18.21,,,64282,1168332.18,101,F1,1,,,,,
2026-07-15,2026-07-15,CM,NSE,STK,25171,INF740KA1UR9,TOP10ADD,EQ,,,,,DSPAMC - TOP10ADD,87.6,87.93,87.0,87.14,87.07,87.64,,87.14,,,114727,10004891.39,415,F1,1,,,,,
2026-07-15,2026-07-15,CM,NSE,STK,13766,INE0LZO01015,DUCOL,SM,,,,,DUCOL ORGS AND COLOURS LT,106.15,111.0,106.15,106.2,106.2,107.25,,106.2,,,3200,347400.0,4,F1,800,,,,,
2026-07-15,2026-07-15,CM,NSE,STK,28952,INE741L01018,DUCON,EQ,,,,,DUCON INFRATECHNOLOGIES L,3.03,3.09,3.01,3.03,3.05,3.03,,3.05,,,157229,477955.13,351,F1,1,,,,,
2026-07-15,2026-07-15,CM,NSE,STK,5466,INE0HPK01020,DUGLOBAL,ST,,,,,DUDIGITAL GLOBAL LIMITED,29.4,29.45,29.4,29.4,29.45,30.45,,29.4,,,17500,514875.0,7,F1,2500,,,,,
2026-07-15,2026-07-15,CM,NSE,STK,24167,INE0OUW01013,DURLAX,ST,,,,,DURLAX TOP SURFACE LTD,47.5,49.0,47.5,49.0,49.0,49.0,,49.0,,,10000,480900.0,4,F1,2000,,,,,
2026-07-15,2026-07-15,CM,NSE,STK,11667,INE366A01041,DWARKESH,EQ,,,,,DWARIKESH SUGAR IND LTD,44.5,44.5,42.92,43.31,43.9,43.86,,43.3,,,580533,25209472.71,2584,F1,1,,,,,
2026-07-15,2026-07-15,CM,NSE,STK,25690,INE417B01040,DSSL,EQ,,,,,DYNACONS SYS & SOLN LTD,1275.9,1288.0,1244.2,1251.0,1248.1,1268.3,,1251.1,,,24637,31068895.0,2213,F1,1,,,,,
2026-07-15,2026-07-15,CM,NSE,STK,4525,INE221B01012,DYNAMATECH,EQ,,,,,DYNAMATIC TECHNOLOGIES,10330.0,10470.0,10202.0,10262.0,10254.0,10336.0,,10262.0,,,7261,75283424.0,2730,F1,1,,,,,
2026-07-15,2026-07-15,CM,NSE,STK,10417,INE600Y01019,DYCL,EQ,,,,,DYNAMIC CABLES LIMITED,395.9,403.7,383.35,387.4,385.5,390.85,,387.4,,,765157,300892395.45,19100,F1,1,,,,,
2026-07-15,2026-07-15,CM,NSE,STK,6082,INE0DZ701010,DYNAMIC,ST,,,,,DYNAMIC SRVCS & SEC LTD,162.7,162.9,158.0,158.0,158.0,162.95,,158.0,,,2500,401300.0,5,F1,500,,,,,
2026-07-15,2026-07-15,CM,NSE,STK,21314,INE256H01015,DYNPRO,EQ,,,,,DYNEMIC PRODUCTS LIMITED,231.2,236.0,231.2,233.43,232.4,231.0,,233.43,,,6972,1632487.65,280,F1,1,,,,,
2026-07-15,2026-07-15,CM,NSE,STK,19267,INE0KFF01017,EFACTOR,SM,,,,,E FACTOR EXPERIENCES LTD,159.95,159.95,159.95,159.95,159.95,160.0,,159.95,,,400,63980.0,1,F1,400,,,,,
2026-07-15,2026-07-15,CM,NSE,STK,760534,INE1CEJ01017,E2ERAIL,ST,,,,,E TO E TRANS INFRA LTD,273.0,275.75,266.65,269.0,269.0,271.45,,269.0,,,25600,6956200.0,20,F1,800,,,,,
2026-07-15,2026-07-15,CM,NSE,STK,8937,INE255Z01027,E2E,EQ,,,,,E2E NETWORKS LIMITED,397.9,414.3,397.55,410.9,412.5,394.6,,410.9,,,2148139,883399595.15,22002,F1,1,,,,,
2026-07-15,2026-07-15,CM,NSE,STK,9769,INE962C01035,EASTSILK,BE,,,,,EASTERN SILK INDUSTRIES L,48.74,48.74,48.7,48.7,48.7,48.74,,48.7,,,47,2289.34,4,F1,1,,,,,
2026-07-15,2026-07-15,CM,NSE,STK,2792,INE07O001026,EASEMYTRIP,EQ,,,,,EASY TRIP PLANNERS LTD,7.0,7.03,6.79,6.8,6.81,6.96,,6.8,,,40644728,277926295.03,12928,F1,1,,,,,
2026-07-15,2026-07-15,CM,NSE,STK,759975,INE528S07128,925ECL28,N2,,,,,ECL 9.25% 2028 SR VI,995.0,995.0,995.0,995.0,995.0,991.01,,995.05,,,1,995.0,1,F1,1,,,,,
2026-07-15,2026-07-15,CM,NSE,STK,15179,INE738I01010,ECLERX,EQ,,,,,ECLERX SERVICES LTD,1715.0,1747.0,1666.1,1713.7,1717.0,1718.3,,1713.7,,,474652,813259967.8,48029,F1,1,,,,,
2026-07-15,2026-07-15,CM,NSE,STK,759964,INE0VBS01016,ECOLINE,ST,,,,,ECOLINE EXIM LIMITED,202.0,206.0,200.0,200.0,200.0,199.9,,200.0,,,20000,4052000.0,18,F1,1000,,,,,
2026-07-15,2026-07-15,CM,NSE,STK,25062,INE06HJ01020,ECOSMOBLTY,BE,,,,,ECOS (INDIA) MOB & HOSP L,129.95,134.56,126.55,134.56,134.56,128.16,,136.0,,,72436,9675112.2,286,F1,1,,,,,
2026-07-15,2026-07-15,CM,NSE,STK,7196,INF754K01OB1,BBETF0432,EQ,,,,,EDELAMC - BBETF0432,1347.96,1352.39,1344.61,1346.41,1345.0,1348.57,,1346.41,,,1400,1884609.66,58,F1,1,,,,,
2026-07-15,2026-07-15,CM,NSE,STK,25258,INF754K01TE4,EBANKNIFTY,EQ,,,,,EDELAMC - EBANKNIFTY,58.11,58.75,58.0,58.41,58.41,58.11,,58.41,,,2486,144405.18,19,F1,1,,,,,
2026-07-15,2026-07-15,CM,NSE,STK,16253,INF754K01KO2,EBBETF0430,EQ,,,,,EDELAMC - EBBETF0430,1613.98,1613.98,1604.5,1606.72,1606.0,1609.28,,1606.74,,,4492,7219187.53,301,F1,1,,,,,
2026-07-15,2026-07-15,CM,NSE,STK,22239,INF754K01LE1,EBBETF0431,EQ,,,,,EDELAMC - EBBETF0431,1428.11,1436.97,1428.11,1433.31,1436.39,1432.4,,1433.31,,,4756,6818740.46,140,F1,1,,,,,
2026-07-15,2026-07-15,CM,NSE,STK,13139,INF754K01QX0,EBBETF0433,EQ,,,,,EDELAMC - EBBETF0433,1313.7,1313.8,1309.1,1313.07,1313.1,1307.97,,1313.07,,,1580,2074899.61,71,F1,1,,,,,
2026-07-15,2026-07-15,CM,NSE,STK,29019,INF754K01TX4,ECAPINSURE,EQ,,,,,EDELAMC - ECAPINSURE,24.55,24.84,24.46,24.64,24.66,24.55,,24.64,,,77032,1897769.77,183,F1,1,,,,,
2026-07-15,2026-07-15,CM,NSE,STK,19933,INF754K01SE6,EGOLD,EQ,,,,,EDELAMC - EGOLD,140.85,141.35,140.45,140.85,141.2,140.5,,140.85,,,22800,3211665.0,262,F1,1,,,,,
2026-07-15,2026-07-15,CM,NSE,STK,759466,INF754K01VW2,ELIQUID,EQ,,,,,EDELAMC - ELIQUID,1039.38,1039.38,1039.36,1039.38,1039.38,1039.23,,1039.38,,,7505,7800449.2,13,F1,1,,,,,
2026-07-15,2026-07-15,CM,NSE,STK,758952,INF754K01VV4,ELM250,EQ,,,,,EDELAMC - ELM250,16.6,16.75,16.54,16.54,16.54,16.57,,16.54,,,11561,192333.56,111,F1,1,,,,,
2026-07-15,2026-07-15,CM,NSE,STK,25996,INF754K01TF1,EMULTIMQ,EQ,,,,,EDELAMC - EMULTIMQ,40.85,41.7,40.85,41.37,41.05,41.27,,41.37,,,20756,860491.35,155,F1,1,,,,,
2026-07-15,2026-07-15,CM,NSE,STK,763540,INF754K01XF3,ENEXT50,EQ,,,,,EDELAMC - ENEXT50,71.98,72.01,71.97,72.0,72.0,71.63,,72.0,,,62,4463.05,5,F1,1,,,,,
2026-07-15,2026-07-15,CM,NSE,STK,759998,INF754K01VX0,ENIFTY,EQ,,,,,EDELAMC - ENIFTY,23.56,24.41,23.56,24.23,24.24,24.17,,24.23,,,767,18632.43,50,F1,1,,,,,
2026-07-15,2026-07-15,CM,NSE,STK,759995,INF754K01VY8,ESENSEX,EQ,,,,,EDELAMC - ESENSEX,77.75,78.17,77.4,77.4,77.4,77.75,,77.4,,,294,22816.28,12,F1,1,,,,,
2026-07-15,2026-07-15,CM,NSE,STK,20257,INF754K01SF3,ESILVER,EQ,,,,,EDELAMC - ESILVER,217.72,219.57,217.19,218.48,218.6,217.72,,218.48,,,375162,81967665.25,2551,F1,1,,,,,
2026-07-15,2026-07-15,CM,NSE,STK,15119,INE532F01054,EDELWEISS,EQ,,,,,EDELWEISS FIN SERV LTD,119.88,121.49,118.64,119.01,119.3,119.54,,119.01,,,1371437,164358565.69,13935,F1,1,,,,,
2026-07-15,2026-07-15,CM,NSE,STK,758675,INE886D01026,EFCIL,EQ,,,,,EFC (I) LIMITED,198.5,203.5,193.1,194.0,193.78,197.51,,194.07,,,208336,41225821.03,4276,F1,1,,,,,
2026-07-15,2026-07-15,CM,NSE,STK,24438,INE0U9101019,EFFWA,ST,,,,,EFFWA INFRA & RESEARCH L,381.0,381.0,365.0,376.0,376.0,380.0,,376.0,,,6400,2395540.0,14,F1,400,,,,,
2026-07-15,2026-07-15,CM,NSE,STK,910,INE066A01021,EICHERMOT,EQ,,,,,EICHER MOTORS LTD,7285.0,7428.0,7285.0,7404.5,7396.0,7279.5,,7404.5,,,758954,5606001044.5,56522,F1,1,,,,,
2026-07-15,2026-07-15,CM,NSE,STK,916,INE126A01031,EIDPARRY,EQ,,,,,EID PARRY INDIA LTD,781.8,785.55,772.0,778.65,780.0,779.0,,778.65,,,257822,200910968.55,19780,F1,1,,,,,
2026-07-15,2026-07-15,CM,NSE,STK,15399,INE276C01014,EIHAHOTELS,EQ,,,,,EIH ASSOCIATED HOTELS LTD,329.45,331.0,325.4,327.55,327.05,329.45,,327.55,,,16662,5464356.9,860,F1,1,,,,,
2026-07-15,2026-07-15,CM,NSE,STK,919,INE230A01023,EIHOTEL,EQ,,,,,EIH LIMITED,334.9,340.75,333.7,339.0,338.45,336.8,,339.0,,,214531,72608770.6,11330,F1,1,,,,,
2026-07-15,2026-07-15,CM,NSE,STK,4040,INE158B01016,EIMCOELECO,EQ,,,,,EIMCO ELECON (INDIA) LTD,1803.0,1908.9,1787.0,1887.7,1888.0,1765.9,,1887.7,,,150002,280659917.0,14393,F1,1,,,,,
2026-07-15,2026-07-15,CM,NSE,STK,762653,INE280B01018,ELANTAS,EQ,,,,,ELANTAS BECK INDIA LTD.,9509.0,9568.0,9306.0,9383.0,9432.0,9522.0,,9384.0,,,1381,12981838.0,457,F1,1,,,,,
2026-07-15,2026-07-15,CM,NSE,STK,762658,INE927X01018,ELCIDIN,EQ,,,,,ELCID INVESTMENTS LTD.,112075.0,113950.0,111000.0,111455.0,111455.0,112075.0,,111670.0,,,17,1904420.0,17,F1,1,,,,,
2026-07-15,2026-07-15,CM,NSE,STK,8953,INE668G01021,ELDEHSG,EQ,,,,,ELDECO HSG & IND LTD.,800.0,800.05,777.75,780.95,780.95,788.6,,780.95,,,193,152293.55,33,F1,1,,,,,
2026-07-15,2026-07-15,CM,NSE,STK,13643,INE205B01031,ELECON,EQ,,,,,ELECON ENG. CO. LTD,485.0,491.35,473.1,478.0,478.0,486.55,,478.0,,,951016,455630791.2,23666,F1,1,,,,,
2026-07-15,2026-07-15,CM,NSE,STK,20899,INE0Q1W01012,EFORCE,SM,,,,,ELECTRO FORCE (INDIA) LTD,23.05,25.6,23.05,23.6,23.6,23.35,,23.6,,,46800,1173360.0,38,F1,1200,,,,,
2026-07-15,2026-07-15,CM,NSE,STK,11530,INE02YR01019,EMIL,EQ,,,,,ELECTRONICS MART IND LTD,132.4,136.0,130.29,131.62,131.55,132.01,,131.61,,,1018028,135253916.22,24669,F1,1,,,,,
2026-07-15,2026-07-15,CM,NSE,STK,928,INE086A01029,ELECTCAST,EQ,,,,,ELECTROSTEEL CASTINGS LTD,76.31,77.77,75.9,76.28,76.11,76.02,,76.28,,,830175,63670833.48,7012,F1,1,,,,,
2026-07-15,2026-07-15,CM,NSE,STK,4469,INE822G01016,ELECTHERM,EQ,,,,,ELECTROTHERM (I) LTD.,1083.3,1097.9,1070.0,1077.9,1081.0,1082.8,,1077.9,,,9774,10563387.3,885,F1,1,,,,,
2026-07-15,2026-07-15,CM,NSE,STK,29595,INE0R9101015,ELGNZ,SM,,,,,ELEGANZ INTERIORS LIMITED,93.9,94.9,90.7,94.05,94.9,91.0,,94.05,,,48000,4478650.0,44,F1,1000,,,,,
2026-07-15,2026-07-15,CM,NSE,STK,937,INE285A01027,ELGIEQUIP,EQ,,,,,ELGI EQUIPMENTS LTD,576.35,583.95,569.15,571.0,572.7,576.65,,571.05,,,274955,158348387.05,15240,F1,1,,,,,
2026-07-15,2026-07-15,CM,NSE,STK,24924,INE819L01012,ELGIRUBCO,EQ,,,,,ELGI RUBBER CO. LTD,57.0,58.29,56.33,57.68,57.3,57.15,,57.68,,,21747,1246277.72,653,F1,1,,,,,
2026-07-15,2026-07-15,CM,NSE,STK,13423,INE050401020,ELIN,EQ,,,,,ELIN ELECTRONICS LIMITED,103.0,117.5,102.0,114.7,115.4,101.36,,114.7,,,7716808,874236189.37,60869,F1,1,,,,,
2026-07-15,2026-07-15,CM,NSE,STK,762663,INE669R01026,ELITECON,EQ,,,,,ELITECON INTERNATIONAL L,18.55,18.74,17.8,17.97,17.95,18.47,,17.97,,,2710217,49245792.76,10064,F1,1,,,,,
2026-07-15,2026-07-15,CM,NSE,STK,758563,INE236E01022,ELLEN,EQ,,,,,ELLENBARRIE INDUS GASES L,289.9,305.0,288.0,294.45,295.6,286.15,,294.45,,,432418,128411264.6,11096,F1,1,,,,,
2026-07-15,2026-07-15,CM,NSE,STK,4471,INE579B01039,ELPROINTL,EQ,,,,,ELPRO INTERNATIONAL LTD,174.15,176.37,172.2,173.52,174.37,174.15,,173.55,,,43516,7579965.07,232,F1,1,,,,,
2026-07-15,2026-07-15,CM,NSE,STK,29229,INE0ZOL01023,EMAPARTNER,SM,,,,,EMA PARTNERS INDIA LTD,81.8,83.4,81.8,83.4,83.4,81.6,,83.4,,,3000,248200.0,3,F1,1000,,,,,
2026-07-15,2026-07-15,CM,NSE,STK,13517,INE548C01032,EMAMILTD,EQ,,,,,EMAMI LIMITED,420.7,422.0,410.15,411.35,411.15,420.95,,411.35,,,385312,159445311.4,16996,F1,1,,,,,
2026-07-15,2026-07-15,CM,NSE,STK,10074,INE830C01026,EMAMIPAP,EQ,,,,,EMAMI PAPER MILLS LIMITED,88.14,93.0,88.0,90.05,88.44,88.34,,90.06,,,54951,4998642.86,927,F1,1,,,,,
2026-07-15,2026-07-15,CM,NSE,STK,19281,INE778K01012,EMAMIREAL,BE,,,,,EMAMI REALTY LIMITED,79.38,79.99,77.2,79.07,79.79,79.12,,79.07,,,4284,340688.76,77,F1,1,,,,,
2026-07-15,2026-07-15,CM,NSE,STK,14450,INE069I01010,EMBDL,EQ,,,,,EMBASSY DEVELOPMENTS LTD,64.5,65.63,63.01,63.31,63.48,64.79,,63.31,,,1548846,99144762.41,9994,F1,1,,,,,
2026-07-15,2026-07-15,CM,NSE,STK,9383,INE041025011,EMBASSY,RR,,,,,EMBASSY OFFICE PARKS REIT,441.5,444.98,440.1,443.88,443.31,442.81,,443.88,,,200917,88791338.25,22119,F1,1,,,,,
2026-07-15,2026-07-15,CM,NSE,STK,24398,INE168P01015,EMCURE,EQ,,,,,EMCURE PHARMACEUTICALS L,1818.7,1822.0,1785.5,1790.3,1791.9,1810.1,,1790.3,,,95679,171784328.9,10736,F1,1,,,,,
2026-07-15,2026-07-15,CM,NSE,STK,27629,INE0RHD01013,ETML,SM,,,,,EMERALD TYRE MANUF LTD,81.15,81.9,80.6,80.85,80.6,80.45,,80.85,,,12000,974100.0,10,F1,1200,,,,,
2026-07-15,2026-07-15,CM,NSE,STK,13421,INE296H01011,EMKAY,EQ,,,,,EMKAY GLOBAL FIN SERV LTD,263.6,270.65,259.4,261.0,260.05,259.75,,261.0,,,22236,5846187.55,704,F1,1,,,,,
2026-07-15,2026-07-15,CM,NSE,STK,10253,INE332S01011,EMKAYTOOLS,SM,,,,,EMKAY TAP & CUT. TOOL LTD,92.0,92.0,92.0,92.0,92.0,92.0,,92.0,,,150,13800.0,1,F1,150,,,,,
2026-07-15,2026-07-15,CM,NSE,STK,758591,INE0PXC01024,ETL,SM,,,,,EMKAY TOOLS LIMITED,970.05,970.05,970.05,970.05,970.05,950.0,,970.05,,,300,291015.0,1,F1,150,,,,,
2026-07-15,2026-07-15,CM,NSE,STK,18146,INE753K01015,EMMBI,BE,,,,,EMMBI INDUSTRIES LIMITED,91.54,94.0,89.0,90.03,90.02,91.54,,90.03,,,2633,242302.4,33,F1,1,,,,,
2026-07-15,2026-07-15,CM,NSE,STK,759728,INE1C6T01020,EMMVEE,EQ,,,,,EMMVEE PHOTOVOLTAIC PWR L,336.0,341.9,332.0,337.8,340.5,334.15,,337.8,,,1907188,641281098.3,22044,F1,1,,,,,
2026-07-15,2026-07-15,CM,NSE,STK,762673,INE507F01023,EMPOWER,BE,,,,,EMPOWER INDIA LTD.,2.27,2.31,2.25,2.26,2.31,2.24,,2.26,,,3143096,7120508.89,1645,F1,1,,,,,
2026-07-15,2026-07-15,CM,NSE,STK,18593,INE0OV601013,EMSLIMITED,EQ,,,,,EMS LIMITED,431.8,445.8,429.1,440.35,441.4,429.55,,440.35,,,887561,390058366.1,17886,F1,1,,,,,
2026-07-15,2026-07-15,CM,NSE,STK,9756,INE01QM01018,EMUDHRA,EQ,,,,,EMUDHRA LIMITED,461.0,463.85,449.55,454.45,455.8,458.7,,454.45,,,93371,42608550.45,4696,F1,1,,,,,
2026-07-15,2026-07-15,CM,NSE,STK,760321,INE433T01015,ENCOMPAS,SM,,,,,ENCOMPASS DESIGN INDIA L,245.0,250.15,245.0,248.95,248.95,246.4,,248.95,,,15200,3779780.0,10,F1,400,,,,,
2026-07-15,2026-07-15,CM,NSE,STK,18822,INE913H01037,ENDURANCE,EQ,,,,,ENDURANCE TECHNO. LTD.,2700.0,2765.0,2666.0,2746.2,2746.5,2681.1,,2746.1,,,313707,851546885.8,23297,F1,1,,,,,
2026-07-15,2026-07-15,CM,NSE,STK,15049,INE306C01019,ENERGYDEV,EQ,,,,,ENERGY DEVE. CO.LTD,17.4,17.4,16.87,17.01,17.14,17.0,,17.01,,,30154,513169.51,175,F1,1,,,,,
2026-07-15,2026-07-15,CM,NSE,STK,23745,INE0S1L01013,EMMIL,SM,,,,,ENERGY MISSION MACH IND L,134.65,134.65,131.0,134.0,134.0,131.0,,134.0,,,39500,5179075.0,10,F1,250,,,,,
2026-07-15,2026-07-15,CM,NSE,STK,23224,INE0S3X01014,ENFUSE,SM,,,,,ENFUSE SOLUTIONS LIMITED,166.05,167.0,164.5,167.0,167.0,171.0,,167.0,,,7800,1288560.0,12,F1,600,,,,,
2026-07-15,2026-07-15,CM,NSE,STK,4907,INE510A01028,ENGINERSIN,EQ,,,,,ENGINEERS INDIA LTD,229.0,232.39,228.74,230.34,230.8,228.68,,230.34,,,1467847,338479661.87,18263,F1,1,,,,,
2026-07-15,2026-07-15,CM,NSE,STK,23233,INE0R9I01021,ENSER,ST,,,,,ENSER COMMUNICATIONS LTD,13.95,14.0,13.3,13.3,13.3,13.95,,13.3,,,65000,885500.0,12,F1,5000,,,,,
2026-07-15,2026-07-15,CM,NSE,STK,22717,INE010601016,ENTERO,EQ,,,,,ENTERO HEALTHCARE SOLU L,1240.0,1250.0,1220.0,1231.1,1230.0,1241.6,,1231.1,,,51750,63969129.4,7856,F1,1,,,,,
2026-07-15,2026-07-15,CM,NSE,STK,13192,INE265F01028,ENIL,EQ,,,,,ENTERTAIN NET. IND. LTD.,109.0,109.0,105.5,105.52,105.52,106.31,,105.52,,,26679,2839365.59,804,F1,1,,,,,
2026-07-15,2026-07-15,CM,NSE,STK,27213,INE0LLY01014,EIEL,EQ,,,,,ENVIRO INFRA ENGINEERS L,229.0,233.6,227.05,228.24,229.0,227.5,,228.24,,,1562685,359887370.19,16888,F1,1,,,,,
2026-07-15,2026-07-15,CM,NSE,STK,25412,INE0SUH01015,ENVIRO,SM,,,,,ENVIROTECH SYSTEMS LTD,82.55,82.6,81.35,81.95,82.6,85.0,,81.95,,,9000,740000.0,9,F1,1000,,,,,
2026-07-15,2026-07-15,CM,NSE,STK,22463,INE0G5901015,EPACK,EQ,,,,,EPACK DURABLE LIMITED,237.0,251.8,235.41,247.0,247.0,237.29,,247.0,,,1984264,489521043.32,24963,F1,1,,,,,
2026-07-15,2026-07-15,CM,NSE,STK,759251,INE0MLS01022,EPACKPEB,EQ,,,,,EPACK PREFAB TECHN LTD,278.54,278.54,253.0,256.59,254.98,275.75,,256.61,,,1224670,322597937.04,23609,F1,1,,,,,
2026-07-15,2026-07-15,CM,NSE,STK,5382,INE071N01016,EPIGRAL,EQ,,,,,EPIGRAL LIMITED,1057.0,1069.5,1048.0,1052.3,1051.2,1048.0,,1052.3,,,25456,26928281.3,2156,F1,1,,,,,
2026-07-15,2026-07-15,CM,NSE,STK,981,INE255A01020,EPL,EQ,,,,,EPL LIMITED,234.8,240.6,234.8,238.23,238.11,234.78,,238.22,,,358407,85448242.47,8227,F1,1,,,,,
2026-07-15,2026-07-15,CM,NSE,STK,758346,INE11HF01010,EEPL,SM,,,,,EPPELTONE ENGINEERS LTD,118.0,118.0,115.0,115.0,115.0,115.7,,115.0,,,8000,931050.0,8,F1,1000,,,,,
2026-07-15,2026-07-15,CM,NSE,STK,761217,INE1KEC01023,EPWINDIA,ST,,,,,EPW INDIA LIMITED,282.0,282.0,266.0,270.0,270.0,280.0,,270.0,,,20400,5504580.0,17,F1,1200,,,,,
2026-07-15,2026-07-15,CM,NSE,STK,3553,INE217G01035,EQUIPPP,BE,,,,,EQUIPPP SOC IMP TECH LTD,24.48,24.97,23.51,23.63,23.53,24.48,,23.64,,,10062,242821.14,57,F1,1,,,,,
2026-07-15,2026-07-15,CM,NSE,STK,913,INE063P01018,EQUITASBNK,EQ,,,,,EQUITAS SMALL FIN BNK LTD,80.49,83.9,79.28,79.89,80.0,79.94,,79.9,,,5774156,473238767.02,27492,F1,1,,,,,
2026-07-15,2026-07-15,CM,NSE,STK,21154,INE406M01024,ERIS,EQ,,,,,ERIS LIFESCIENCES LIMITED,1445.0,1465.0,1436.1,1459.7,1460.0,1453.1,,1459.7,,,146869,213403478.2,22152,F1,1,,,,,
2026-07-15,2026-07-15,CM,NSE,STK,955,INE284A01012,ESABINDIA,EQ,,,,,ESAB INDIA LTD,5649.0,5714.5,5623.0,5643.5,5642.0,5651.0,,5643.5,,,1409,7974341.0,656,F1,1,,,,,
2026-07-15,2026-07-15,CM,NSE,STK,19878,INE818W01011,ESAFSFB,EQ,,,,,ESAF SMALL FINANCE BANK L,35.13,36.8,35.13,35.81,35.94,35.04,,35.81,,,1591206,57229788.5,4841,F1,1,,,,,
2026-07-15,2026-07-15,CM,NSE,STK,22767,INE0RQZ01017,ESCONET,ST,,,,,ESCONET TECHNOLOGIES LTD,125.4,126.7,122.0,123.0,123.0,127.05,,123.0,,,11200,1388340.0,25,F1,400,,,,,
2026-07-15,2026-07-15,CM,NSE,STK,958,INE042A01014,ESCORTS,EQ,,,,,ESCORTS KUBOTA LIMITED,2928.9,2958.0,2910.0,2918.9,2915.5,2928.4,,2918.9,,,67720,198170972.6,7956,F1,1,,,,,
2026-07-15,2026-07-15,CM,NSE,STK,24678,INE0SBP01018,ESPRIT,SM,,,,,ESPRIT STONES LIMITED,59.0,61.45,58.0,58.0,58.0,57.25,,58.0,,,24000,1433440.0,13,F1,1600,,,,,
2026-07-15,2026-07-15,CM,NSE,STK,25634,INE122M01019,ESSARSHPNG,EQ,,,,,ESSAR SHIPPING LTD,20.5,20.9,19.95,20.26,20.25,20.17,,20.26,,,329563,6739999.85,1478,F1,1,,,,,
2026-07-15,2026-07-15,CM,NSE,STK,17087,INE0ITO01014,ESFL,ST,,,,,ESSEN SPECIALITY FILMS L,110.8,114.0,108.3,114.0,114.0,114.0,,114.0,,,11880,1325304.0,27,F1,360,,,,,
2026-07-15,2026-07-15,CM,NSE,STK,24265,INE778B01029,ESTER,EQ,,,,,ESTER INDUSTRIES LTD,88.0,90.48,87.9,88.6,89.59,88.55,,88.6,,,35565,3163974.81,837,F1,1,,,,,
2026-07-15,2026-07-15,CM,NSE,STK,5097,INE758T01015,ETERNAL,EQ,,,,,ETERNAL LIMITED,285.0,296.45,283.05,294.8,294.15,286.15,,294.8,,,45125835,13203819563.5,145248,F1,1,,,,,
2026-07-15,2026-07-15,CM,NSE,STK,9750,INE04TZ01018,ETHOSLTD,EQ,,,,,ETHOS LIMITED,2665.0,2694.8,2610.1,2644.9,2625.8,2645.7,,2645.3,,,35409,93873542.4,7216,F1,1,,,,,
2026-07-15,2026-07-15,CM,NSE,STK,25162,INE0KCE01017,EUREKAFORB,EQ,,,,,EUREKA FORBES LIMITED,472.7,477.65,460.5,466.05,463.0,469.0,,466.05,,,184325,86269985.9,8761,F1,1,,,,,
2026-07-15,2026-07-15,CM,NSE,STK,6042,INE546V01010,EIFFL,BE,,,,,EURO (I) FRESH FOODS LTD,334.0,334.0,329.2,329.25,329.2,334.3,,329.25,,,3749,1237489.0,81,F1,1,,,,,
2026-07-15,2026-07-15,CM,NSE,STK,757953,INE505V01016,EUROBOND,EQ,,,,,EURO PANEL PRODUCTS LTD,168.0,168.0,163.85,164.07,163.86,163.06,,164.21,,,4135,686694.92,207,F1,1,,,,,
2026-07-15,2026-07-15,CM,NSE,STK,759797,INE198501012,EUROPRATIK,EQ,,,,,EURO PRATIK SALES LIMITED,309.0,313.45,302.0,305.1,304.0,311.75,,305.1,,,134444,41363757.85,4253,F1,1,,,,,
2026-07-15,2026-07-15,CM,NSE,STK,8886,INE022C01012,EUROTEXIND,BE,,,,,EUROTEX IND & EXPORTS LTD,14.51,14.51,13.8,13.9,14.22,14.51,,13.91,,,7807,108063.51,22,F1,1,,,,,
2026-07-15,2026-07-15,CM,NSE,STK,11782,INE128A01029,EVEREADY,EQ,,,,,EVEREADY INDS. IND.  LTD.,351.75,355.35,347.95,352.35,354.5,346.3,,352.35,,,121985,42952448.2,3732,F1,1,,,,,
2026-07-15,2026-07-15,CM,NSE,STK,6017,INE295A01018,EVERESTIND,BE,,,,,EVEREST INDUSTRIES LTD,527.0,529.0,510.0,513.2,515.0,521.3,,513.2,,,6055,3114508.9,139,F1,1,,,,,
2026-07-15,2026-07-15,CM,NSE,STK,13091,INE184H01027,EKC,EQ,,,,,EVEREST KANTO CYLINDERLTD,114.55,114.88,113.2,114.11,114.38,114.54,,114.1,,,140689,16039505.03,1559,F1,1,,,,,
2026-07-15,2026-07-15,CM,NSE,STK,11471,INE369A01029,EXCELINDUS,EQ,,,,,EXCEL INDUSTRIES LTD,893.0,905.9,889.05,895.3,891.7,890.85,,895.15,,,2490,2232687.3,256,F1,1,,,,,
2026-07-15,2026-07-15,CM,NSE,STK,25327,INE0Y4801011,EXCELLENT,ST,,,,,EXCELLENT WIRES N PACK L,206.95,209.5,206.95,208.3,209.5,202.55,,208.3,,,12800,2666240.0,7,F1,1600,,,,,
2026-07-15,2026-07-15,CM,NSE,STK,760007,INE606N01019,EXCELSOFT,EQ,,,,,EXCELSOFT TECHNOLOGIES L,79.2,81.03,77.88,78.42,78.2,78.77,,78.42,,,466549,37154504.52,3709,F1,1,,,,,
2026-07-15,2026-07-15,CM,NSE,STK,22947,INE777F01014,EXICOM,EQ,,,,,EXICOM TELE SYSTEMS LTD,163.19,169.38,163.19,164.26,164.0,163.06,,164.25,,,1317547,219102642.74,10804,F1,1,,,,,
2026-07-15,2026-07-15,CM,NSE,STK,676,INE302A01020,EXIDEIND,EQ,,,,,EXIDE INDUSTRIES LTD,418.8,426.5,418.1,419.2,420.0,419.45,,419.2,,,1659642,699934184.2,26421,F1,1,,,,,
2026-07-15,2026-07-15,CM,NSE,STK,760422,INE19I001020,EXIMROUTES,SM,,,,,EXIM ROUTES LIMITED,110.0,111.0,110.0,111.0,111.0,110.0,,111.0,,,4000,441600.0,5,F1,800,,,,,
2026-07-15,2026-07-15,CM,NSE,STK,17486,INE201K01015,EXPLEOSOL,EQ,,,,,EXPLEO SOLUTIONS LIMITED,801.5,808.55,794.8,800.95,799.55,803.15,,800.95,,,11106,8898922.75,1517,F1,1,,,,,
2026-07-15,2026-07-15,CM,NSE,STK,5352,INE0GFE01026,EXXARO,EQ,,,,,EXXARO TILES LIMITED,6.6,6.63,6.0,6.35,6.42,6.53,,6.35,,,591123,3698712.85,1049,F1,1,,,,,
2026-07-15,2026-07-15,CM,NSE,STK,760125,INE0HF201011,FABTECH,EQ,,,,,FABTECH TECHNOLOGIES LTD,159.0,161.79,157.0,157.92,157.83,158.1,,157.92,,,119417,19026041.21,2386,F1,1,,,,,
2026-07-15,2026-07-15,CM,NSE,STK,1008,INE188A01015,FACT,EQ,,,,,FACT LTD,848.8,865.25,840.0,848.6,844.0,844.35,,848.65,,,265334,226417952.45,19432,F1,1,,,,,
2026-07-15,2026-07-15,CM,NSE,STK,1619,INE0DNW01011,FAIRCHEMOR,BE,,,,,FAIRCHEM ORGANICS LIMITED,706.45,706.45,672.3,677.75,684.5,707.65,,677.8,,,6527,4506455.9,944,F1,1,,,,,
2026-07-15,2026-07-15,CM,NSE,STK,24150,INE0PQK01013,FALCONTECH,SM,,,,,FALCON TECHNOPROJ IND LTD,11.2,11.8,11.2,11.8,11.8,11.45,,11.8,,,3600,41040.0,3,F1,1200,,,,,
2026-07-15,2026-07-15,CM,NSE,STK,12000,INE963C01033,FAZE3Q,EQ,,,,,FAZE THREE LIMITED,576.0,581.15,555.1,568.1,570.0,577.55,,567.45,,,24567,13925455.4,1561,F1,1,,,,,
2026-07-15,2026-07-15,CM,NSE,STK,12002,INE512B01022,FCSSOFT,BE,,,,,FCS SOFTWARE SOLN. LTD.,1.7,1.72,1.6,1.62,1.62,1.64,,1.62,,,2749288,4657208.89,1788,F1,1,,,,,
2026-07-15,2026-07-15,CM,NSE,STK,4898,INE258B01022,FDC,EQ,,,,,FDC LIMITED,423.0,426.95,421.8,424.1,424.8,421.65,,424.1,,,52937,22441240.8,4362,F1,1,,,,,
2026-07-15,2026-07-15,CM,NSE,STK,20322,INE007N01010,FEDFINA,EQ,,,,,FEDBANK FINANCIAL SER L,156.44,174.4,156.0,163.55,166.5,154.85,,163.59,,,20106668,3324377928.52,141152,F1,1,,,,,
2026-07-15,2026-07-15,CM,NSE,STK,762675,INE417D01020,FEDDERSHOL,EQ,,,,,FEDDERS HOLDING LTD.,45.0,52.4,43.59,44.77,44.5,44.69,,44.77,,,14193883,679985104.49,56695,F1,1,,,,,
2026-07-15,2026-07-15,CM,NSE,STK,1023,INE171A01029,FEDERALBNK,EQ,,,,,FEDERAL BANK LTD,328.5,330.7,325.6,327.55,327.3,327.5,,327.55,,,2909042,953864653.9,40293,F1,1,,,,,
2026-07-15,2026-07-15,CM,NSE,STK,1190,INE529A01010,FMGOETZE,EQ,,,,,FEDERAL-MOGUL GOETZE (IND,474.6,503.5,470.0,488.65,490.0,468.65,,488.65,,,308411,152249169.65,9012,F1,1,,,,,
2026-07-15,2026-07-15,CM,NSE,STK,573,INE901X01013,FELIX,SM,,,,,FELIX INDUSTRIES LTD.,185.05,202.0,183.6,191.5,193.0,185.1,,191.5,,,124000,24003150.0,180,F1,500,,,,,
2026-07-15,2026-07-15,CM,NSE,STK,762680,INE225B01021,FERMENTA,EQ,,,,,FERMENTA BIOTECH LTD.,453.9,465.1,446.7,455.1,456.0,450.1,,455.2,,,223427,101704506.3,6895,F1,1,,,,,
2026-07-15,2026-07-15,CM,NSE,STK,8159,INE296C01020,FIBERWEB,EQ,,,,,FIBERWEB INDIA LIMITED,30.7,31.48,30.7,31.05,31.05,30.92,,31.08,,,3018,94061.14,40,F1,1,,,,,
2026-07-15,2026-07-15,CM,NSE,STK,9858,INE0LQQ01019,FIDEL,SM,,,,,FIDEL SOFTECH LIMITED,155.65,156.0,151.0,156.0,156.0,155.65,,156.0,,,5000,764650.0,5,F1,1000,,,,,
2026-07-15,2026-07-15,CM,NSE,STK,13710,INE737H01014,FIEMIND,EQ,,,,,FIEM INDUSTRIES LIMITED,2218.5,2268.8,2211.1,2262.8,2265.0,2218.5,,2263.1,,,35906,80825445.8,7979,F1,1,,,,,
2026-07-15,2026-07-15,CM,NSE,STK,23651,INE185E01021,FILATFASH,BE,,,,,FILATEX FASHIONS LIMITED,0.19,0.2,0.18,0.19,0.2,0.19,,0.19,,,10992920,2107670.27,1875,F1,1,,,,,
2026-07-15,2026-07-15,CM,NSE,STK,24532,INE816B01035,FILATEX,EQ,,,,,FILATEX INDIA LTD,63.75,72.45,62.93,70.34,70.4,61.69,,70.36,,,32639059,2236708390.44,107089,F1,1,,,,,
2026-07-15,2026-07-15,CM,NSE,STK,759776,INE0EDU01014,FINBUD,SM,,,,,FINBUD FINANCIAL SERV LTD,127.0,127.7,124.0,127.15,127.0,124.9,,127.15,,,25000,3147750.0,24,F1,1000,,,,,
2026-07-15,2026-07-15,CM,NSE,STK,3744,INE686Y01026,FINEORG,EQ,,,,,FINE ORGANIC IND. LTD.,4993.0,5152.5,4991.5,5118.5,5120.5,4984.0,,5118.5,,,11644,59442562.5,2604,F1,1,,,,,
2026-07-15,2026-07-15,CM,NSE,STK,6198,INE045J01034,FCL,EQ,,,,,FINEOTEX CHEMICAL LIMITED,35.98,39.25,35.71,38.94,38.8,35.69,,38.96,,,21447550,820956313.49,35692,F1,1,,,,,
2026-07-15,2026-07-15,CM,NSE,STK,759239,INE734I01027,FINKURVE,EQ,,,,,FINKURVE FINANCIAL SERV L,67.27,67.27,64.02,64.31,64.02,65.88,,64.36,,,11049,717301.51,372,F1,1,,,,,
2026-07-15,2026-07-15,CM,NSE,STK,6579,INE02NC01014,FINOPB,EQ,,,,,FINO PAYMENTS BANK LTD,178.9,185.5,168.3,170.77,169.4,176.4,,170.78,,,15698915,2758281498.12,99794,F1,1,,,,,
2026-07-15,2026-07-15,CM,NSE,STK,1038,INE235A01022,FINCABLES,EQ,,,,,FINOLEX CABLES LTD,1038.0,1051.2,1032.0,1037.8,1032.0,1032.7,,1037.7,,,144627,150265578.8,9820,F1,1,,,,,
2026-07-15,2026-07-15,CM,NSE,STK,1041,INE183A01024,FINPIPE,EQ,,,,,FINOLEX INDUSTRIES LTD,166.88,169.0,165.7,166.56,166.45,166.51,,166.56,,,273436,45689072.59,10214,F1,1,,,,,
2026-07-15,2026-07-15,CM,NSE,STK,14304,INE684F01012,FSL,EQ,,,,,FIRSTSOURCE SOLU. LTD.,263.0,267.22,259.58,261.84,262.4,264.15,,261.83,,,967091,254635060.36,18420,F1,1,,,,,
2026-07-15,2026-07-15,CM,NSE,STK,757658,INE771F01041,FISCHER,EQ,,,,,FISCHER MEDICAL VENTURE L,38.3,39.1,37.56,38.62,38.68,37.98,,38.62,,,2339258,89338166.22,6497,F1,1,,,,,
2026-07-15,2026-07-15,CM,NSE,STK,12032,INE128S01021,FIVESTAR,EQ,,,,,FIVE-STAR BUS FIN LTD,550.0,559.8,538.45,541.6,543.0,547.0,,541.6,,,852734,466782043.95,38079,F1,1,,,,,
2026-07-15,2026-07-15,CM,NSE,STK,20372,INE00Y201027,FLAIR,EQ,,,,,FLAIR WRITING INDUST LTD,262.3,265.8,259.5,260.75,261.0,261.8,,260.7,,,98021,25681248.2,1517,F1,1,,,,,
2026-07-15,2026-07-15,CM,NSE,STK,25516,INE060J01017,FLEXITUFF,BE,,,,,FLEXITUFF VENTURES INT L,5.0,5.28,5.0,5.1,5.1,5.09,,5.1,,,12603,64078.44,46,F1,1,,,,,
2026-07-15,2026-07-15,CM,NSE,STK,758208,INE0VCK01011,FLYSBS,SM,,,,,FLYSBS AVIATION LIMITED,465.0,472.85,465.0,467.4,466.5,460.6,,467.4,,,16800,7875130.0,58,F1,200,,,,,
2026-07-15,2026-07-15,CM,NSE,STK,760331,INE0SQZ01015,FWSTC,SM,,,,,FLYWINGS SIMULAT T C LTD,209.25,209.25,190.0,190.0,190.0,195.0,,190.0,,,3600,707580.0,6,F1,600,,,,,
2026-07-15,2026-07-15,CM,NSE,STK,6839,INE593W01028,FOCUS,BE,,,,,FOCUS LIGHTG & FIXTRS LTD,81.9,81.9,76.5,78.95,78.61,80.44,,78.95,,,15129,1198154.22,158,F1,1,,,,,
2026-07-15,2026-07-15,CM,NSE,STK,6673,INE976E01023,FOODSIN,EQ,,,,,FOODS & INNS LIMITED,61.15,61.5,59.35,60.2,60.05,61.24,,60.22,,,116774,7101335.35,841,F1,1,,,,,
2026-07-15,2026-07-15,CM,NSE,STK,24914,INE0U2501017,FORCAS,SM,,,,,FORCAS STUDIO LIMITED,133.0,135.75,129.15,134.35,135.0,132.3,,134.35,,,96000,12734880.0,59,F1,1600,,,,,
2026-07-15,2026-07-15,CM,NSE,STK,11573,INE451A01017,FORCEMOT,EQ,,,,,FORCE MOTORS LIMITED,17775.0,18540.0,17748.0,18431.0,18471.0,17660.0,,18431.0,,,125250,2282025131.0,35754,F1,1,,,,,
2026-07-15,2026-07-15,CM,NSE,STK,14592,INE061F01013,FORTIS,EQ,,,,,FORTIS HEALTHCARE LTD,978.8,988.25,972.15,976.15,975.7,969.75,,976.15,,,1163956,1140294975.15,45937,F1,1,,,,,
2026-07-15,2026-07-15,CM,NSE,STK,1073,INE519A01011,FOSECOIND,EQ,,,,,FOSECO INDIA LTD,5150.5,5221.5,5116.0,5134.0,5140.0,5135.0,,5134.0,,,854,4402799.5,340,F1,1,,,,,
2026-07-15,2026-07-15,CM,NSE,STK,760961,INE212S01015,FRACTAL,EQ,,,,,FRACTAL ANALYTICS LIMITED,835.7,900.0,832.2,887.35,889.5,833.7,,887.3,,,527376,459616465.45,27662,F1,1,,,,,
2026-07-15,2026-07-15,CM,NSE,STK,25868,INE0SFW01015,FRESHARA,SM,,,,,FRESHARA AGRO EXPORTS LTD,322.0,329.5,313.0,316.85,315.6,314.65,,316.85,,,84000,27013710.0,111,F1,600,,,,,
2026-07-15,2026-07-15,CM,NSE,STK,11504,INE385O01018,FROG,ST,,,,,FROG INNOVATIONS LIMITED,167.5,172.35,163.85,167.5,169.0,167.0,,167.5,,,33200,5556200.0,47,F1,400,,,,,
2026-07-15,2026-07-15,CM,NSE,STK,762685,INE572D01014,FRONTSP,EQ,,,,,FRONTIER SPRINGS LTD.,1419.7,1439.2,1415.0,1428.2,1432.1,1409.2,,1427.9,,,9637,13745007.8,1246,F1,1,,,,,
2026-07-15,2026-07-15,CM,NSE,STK,6545,INE388Y01029,NYKAA,EQ,,,,,FSN E COMMERCE VENTURES,325.25,330.0,321.55,329.1,328.75,324.45,,329.1,,,5131827,1673114933.45,50869,F1,1,,,,,
2026-07-15,2026-07-15,CM,NSE,STK,759876,INE12UR01024,UTLSOLAR,EQ,,,,,FUJIYAMA POWER SYSTEMS L,386.9,402.45,364.15,364.4,364.15,383.3,,364.45,,,1616159,610136645.95,18018,F1,1,,,,,
2026-07-15,2026-07-15,CM,NSE,STK,11932,INE139R01012,FUSION,EQ,,,,,FUSION FINANCE LIMITED,231.5,237.48,226.1,228.12,227.5,230.09,,228.12,,,508782,117861053.01,9774,F1,1,,,,,
2026-07-15,2026-07-15,CM,NSE,STK,14868,INE452O01016,FLFL,BZ,,,,,FUT LIFESTYLE FASH LTD,1.3,1.31,1.25,1.27,1.28,1.29,,1.27,,,55919,71215.21,61,F1,1,,,,,
2026-07-15,2026-07-15,CM,NSE,STK,13812,INE623B01027,FEL,BZ,,,,,FUTURE ENTERPRISES LTD,0.39,0.39,0.37,0.37,0.37,0.38,,0.37,,,200146,75767.04,113,F1,1,,,,,
2026-07-15,2026-07-15,CM,NSE,STK,30491,IN9623B01058,FELDVR,BZ,,,,,FUTURE ENTERPRISES LTD,2.57,2.57,2.36,2.4,2.37,2.47,,2.46,,,741,1794.48,21,F1,1,,,,,
2026-07-15,2026-07-15,CM,NSE,STK,21021,INE360L01017,FMNL,BE,,,,,FUTURE MKT NETWORKS LTD,9.53,10.18,9.53,9.81,9.82,9.95,,9.81,,,11698,114559.35,113,F1,1,,,,,
2026-07-15,2026-07-15,CM,NSE,STK,1168,INE075D01018,GMBREW,EQ,,,,,G M BREWERIES LTD,922.9,922.9,909.0,909.6,910.0,913.2,,909.6,,,36913,33717675.15,2142,F1,1,,,,,
2026-07-15,2026-07-15,CM,NSE,STK,5054,INE201P01022,GRINFRA,EQ,,,,,G R INFRAPROJECTS LIMITED,911.7,911.7,893.85,899.0,899.15,905.0,,899.05,,,6465,5825149.55,840,F1,1,,,,,
2026-07-15,2026-07-15,CM,NSE,STK,1135,INE586X01012,GTECJAINX,BE,,,,,G-TEC JAINX EDUCATION LTD,25.5,26.01,25.0,26.01,26.01,25.5,,26.01,,,6645,170657.43,33,F1,1,,,,,
2026-07-15,2026-07-15,CM,NSE,STK,1085,INE524A01029,GABRIEL,EQ,,,,,GABRIEL INDIA LTD,1260.0,1365.0,1255.7,1354.5,1362.4,1248.6,,1354.5,,,2277567,3039456132.5,100252,F1,1,,,,,
2026-07-15,2026-07-15,CM,NSE,STK,17888,INE224E01028,GATECH,EQ,,,,,GACM TECHNOLOGIES LIMITED,0.47,0.51,0.47,0.49,0.5,0.47,,0.49,,,12987337,6347375.43,845,F1,1,,,,,
2026-07-15,2026-07-15,CM,NSE,STK,17,INE224E01036,GATECHDVR,EQ,,,,,GACM TECHNOLOGIES LIMITED,0.44,0.45,0.43,0.43,0.44,0.43,,0.43,,,171475,75418.69,115,F1,1,,,,,
2026-07-15,2026-07-15,CM,NSE,STK,4717,INE129A01019,GAIL,EQ,,,,,GAIL (INDIA) LTD,170.81,174.95,170.5,173.15,173.01,171.51,,173.15,,,5667626,984134361.29,39582,F1,1,,,,,
2026-07-15,2026-07-15,CM,NSE,STK,25244,INE0QTE01018,GAJANAND,SM,,,,,GAJANAND INTERNATIONAL L,8.5,8.65,8.5,8.65,8.65,8.1,,8.65,,,6000,51450.0,2,F1,3000,,,,,
2026-07-15,2026-07-15,CM,NSE,STK,25134,INE0RE001014,GALAPREC,EQ,,,,,GALA PRECISION ENG LTD,1140.0,1207.9,1128.1,1173.0,1173.2,1139.6,,1172.9,,,90926,107293667.5,7052,F1,1,,,,,
2026-07-15,2026-07-15,CM,NSE,STK,1315,INE600K01018,GALAXYSURF,EQ,,,,,GALAXY SURFACTANTS LTD,1959.0,1985.0,1947.2,1962.2,1967.0,1959.0,,1962.3,,,6156,12077064.5,931,F1,1,,,,,
2026-07-15,2026-07-15,CM,NSE,STK,13337,INE297H01019,GALLANTT,EQ,,,,,GALLANTT ISPAT LIMITED,693.45,700.45,683.55,688.95,690.0,686.05,,689.0,,,43483,30041076.25,3756,F1,1,,,,,
2026-07-15,2026-07-15,CM,NSE,STK,20303,INE717W01049,GANDHAR,EQ,,,,,GANDHAR OIL REFINE IND L,204.0,209.51,203.74,206.82,207.85,203.27,,206.85,,,601959,124557814.55,7374,F1,1,,,,,
2026-07-15,2026-07-15,CM,NSE,STK,14116,INE524B01027,GANDHITUBE,EQ,,,,,GANDHI SPL. TUBES LTD,869.0,880.0,861.05,871.1,874.0,866.4,,870.55,,,4552,3964657.15,500,F1,1,,,,,
2026-07-15,2026-07-15,CM,NSE,STK,5614,INE388A01029,GANESHBE,EQ,,,,,GANESH BENZOPLAST LIMITED,96.85,106.78,96.43,103.86,103.61,96.54,,103.87,,,1309872,136387504.62,16081,F1,1,,,,,
2026-07-15,2026-07-15,CM,NSE,STK,759012,INE652V01016,GANESHCP,EQ,,,,,GANESH CONSUMER PRODUCT L,183.2,188.53,180.0,182.39,182.5,184.41,,182.4,,,52597,9642995.58,1473,F1,1,,,,,
2026-07-15,2026-07-15,CM,NSE,STK,24439,INE0R8C01018,GGBL,SM,,,,,GANESH GREEN BHARAT LTD,258.2,262.8,257.0,258.7,259.6,260.8,,258.7,,,25200,6527430.0,78,F1,300,,,,,
2026-07-15,2026-07-15,CM,NSE,STK,14339,INE460C01014,GANESHHOU,EQ,,,,,GANESH HOUSING LIMITED,857.3,870.0,845.0,847.95,845.0,857.3,,847.9,,,21992,18732779.8,2048,F1,1,,,,,
2026-07-15,2026-07-15,CM,NSE,STK,27351,INE0TVT01024,GANESHIN,ST,,,,,GANESH INFRAWORLD LIMITED,92.0,92.0,91.5,91.55,92.0,90.8,,91.55,,,11200,1026360.0,5,F1,800,,,,,
2026-07-15,2026-07-15,CM,NSE,STK,6944,INE845D01014,GANECOS,EQ,,,,,GANESHA ECOSPHERE LIMITED,1133.4,1199.0,1119.0,1188.3,1196.0,1122.95,,1188.2,,,361036,418672994.7,17274,F1,1,,,,,
2026-07-15,2026-07-15,CM,NSE,STK,757525,INE0ZI101018,GANGABATH,SM,,,,,GANGA BATH FITTINGS LTD,21.6,21.6,21.6,21.6,21.6,21.95,,21.6,,,3000,64800.0,1,F1,3000,,,,,
2026-07-15,2026-07-15,CM,NSE,STK,4959,INE691Z01023,GANGAFORGE,BE,,,,,GANGA FORGING LIMITED,2.0,2.1,1.9,1.98,2.0,2.0,,1.98,,,550062,1084469.48,366,F1,1,,,,,
2026-07-15,2026-07-15,CM,NSE,STK,764055,INE691Z20015,GANGAFO-RE,BE,,,,,GANGA FORGING LTD,0.09,0.09,0.09,0.09,0.09,0.11,,0.09,,,2437395,219365.55,620,F1,1,,,,,
2026-07-15,2026-07-15,CM,NSE,STK,21399,INE335W01016,GANGESSECU,EQ,,,,,GANGES SECURITIES LIMITED,117.0,119.39,116.6,117.07,118.74,118.49,,117.07,,,347,40729.86,20,F1,1,,,,,
2026-07-15,2026-07-15,CM,NSE,STK,5475,INE382Z01011,GRSE,EQ,,,,,GARDEN REACH SHIP&ENG LTD,2630.1,2653.0,2608.0,2620.2,2622.6,2616.6,,2620.3,,,259911,683734194.9,16506,F1,1,,,,,
2026-07-15,2026-07-15,CM,NSE,STK,25800,INE0JVO01026,GARUDA,EQ,,,,,GARUDA CONSTRUCT N ENG L,183.6,184.89,179.0,179.7,179.95,183.4,,179.71,,,290779,52771812.48,5516,F1,1,,,,,
2026-07-15,2026-07-15,CM,NSE,STK,7982,INE291A01017,GRWRHITECH,EQ,,,,,GARWARE HI-TECH FILMS LTD,7056.0,7155.0,6962.5,6991.0,6966.0,7037.0,,6991.0,,,24123,170478124.0,4655,F1,1,,,,,
2026-07-15,2026-07-15,CM,NSE,STK,1100,INE276A01018,GARFIBRES,EQ,,,,,GARWARE TECH FIBRES LTD,759.8,779.9,751.85,770.15,772.5,755.15,,770.15,,,82525,63669231.4,7158,F1,1,,,,,
2026-07-15,2026-07-15,CM,NSE,STK,8510,INE079J01017,GATEWAY,EQ,,,,,GATEWAY DISTRIPARKS LTD,60.0,60.2,58.91,59.2,59.14,59.76,,59.19,,,741660,44305675.44,5666,F1,1,,,,,
2026-07-15,2026-07-15,CM,NSE,STK,760179,INE0P8B01020,GAUDIUMIVF,BE,,,,,GAUDIUM IVF N WOMEN H L,130.0,133.4,128.5,130.84,131.09,133.41,,130.83,,,217504,28459431.94,1628,F1,1,,,,,
2026-07-15,2026-07-15,CM,NSE,STK,3693,INE287Z01012,GAYAHWS,EQ,,,,,GAYATRI HIGHWAYS LIMITED,1.89,1.95,1.85,1.92,1.93,1.87,,1.92,,,161592,309690.85,286,F1,1,,,,,
2026-07-15,2026-07-15,CM,NSE,STK,25027,INE336H01023,GAYAPROJ,BE,,,,,GAYATRI PROJECTS LTD,22.33,22.35,21.61,21.78,21.75,21.69,,21.78,,,188596,4137594.85,891,F1,1,,,,,
2026-07-15,2026-07-15,CM,NSE,STK,14055,INE0LVM01018,GRCL,ST,,,,,GAYATRI RUBB AND CHEM LTD,616.65,622.0,616.65,622.0,622.0,629.2,,622.0,,,500,309662.5,2,F1,250,,,,,
2026-07-15,2026-07-15,CM,NSE,STK,7862,INE878A01011,GVPIL,EQ,,,,,GE POWER INDIA LIMITED,805.0,829.6,805.0,829.6,829.6,790.1,,829.7,,,39266,32397006.2,738,F1,1,,,,,
2026-07-15,2026-07-15,CM,NSE,STK,16783,INE200A01026,GVT&D,EQ,,,,,GE VERNOVA T&D INDIA LTD,4560.1,4718.9,4560.1,4696.4,4702.7,4498.6,,4696.3,,,518679,2411734013.2,46551,F1,1,,,,,
2026-07-15,2026-07-15,CM,NSE,STK,13662,INE916G01016,GEECEE,BE,,,,,GEECEE VENTURES LIMITED,343.75,358.7,342.8,343.0,342.8,345.35,,344.0,,,2199,762407.3,44,F1,1,,,,,
2026-07-15,2026-07-15,CM,NSE,STK,17922,INE669X01032,GEEKAYWIRE,EQ,,,,,GEEKAY WIRES LIMITED,25.0,25.12,24.2,24.34,24.2,24.5,,24.34,,,38675,951548.88,275,F1,1,,,,,
2026-07-15,2026-07-15,CM,NSE,STK,759461,INE06XZ01023,GEMAROMA,EQ,,,,,GEM AROMATICS LIMITED,190.0,196.83,188.8,192.25,194.5,189.99,,192.27,,,193132,37291022.32,3130,F1,1,,,,,
2026-07-15,2026-07-15,CM,NSE,STK,277,INE481Y01014,GICRE,EQ,,,,,GENERAL INS CORP OF INDIA,365.0,370.75,364.15,367.0,366.4,365.2,,367.0,,,901335,332145759.55,13224,F1,1,,,,,
2026-07-15,2026-07-15,CM,NSE,STK,2188,INE854S01022,GENCON,EQ,,,,,GENERIC ENG CONS PROJ LTD,41.0,42.44,40.61,40.99,41.7,40.86,,41.0,,,236756,9719494.66,1033,F1,1,,,,,
2026-07-15,2026-07-15,CM,NSE,STK,10905,INE727B01026,GENESYS,EQ,,,,,GENESYS INTL CORPN LTD,334.05,341.55,326.05,328.75,331.65,334.6,,328.75,,,174460,57960917.0,4697,F1,1,,,,,
2026-07-15,2026-07-15,CM,NSE,STK,6600,INE949P01018,GENUSPAPER,EQ,,,,,GENUS P&B LIMITED,11.6,11.8,11.45,11.72,11.6,11.57,,11.72,,,53090,621245.25,310,F1,1,,,,,
2026-07-15,2026-07-15,CM,NSE,STK,11905,INE955D01029,GENUSPOWER,EQ,,,,,GENUS POWER INFRASTRU LTD,315.0,318.0,312.0,315.6,316.5,312.6,,315.65,,,1358796,428867527.7,16164,F1,1,,,,,
2026-07-15,2026-07-15,CM,NSE,STK,31942,INE1W0N01014,GENXAI,SM,,,,,GENXAI ANALYTICS LIMITED,73.9,85.0,73.9,83.0,84.5,75.3,,83.0,,,175200,14114220.0,123,F1,1200,,,,,
2026-07-15,2026-07-15,CM,NSE,STK,11896,INE007B01023,GEOJITFSL,EQ,,,,,GEOJIT FINANCIAL SER L,80.73,82.49,80.11,81.84,81.15,80.73,,81.84,,,425468,34741150.09,5470,F1,1,,,,,
2026-07-15,2026-07-15,CM,NSE,STK,1289,INE538A01037,GFLLIMITED,EQ,,,,,GFL LIMITED,45.95,45.95,44.6,45.15,45.0,44.6,,45.15,,,33575,1521132.61,386,F1,1,,,,,
2026-07-15,2026-07-15,CM,NSE,STK,1127,INE539A01019,GHCL,EQ,,,,,GHCL LIMITED,436.4,442.0,435.5,436.55,436.0,436.4,,436.5,,,139055,60979661.3,3486,F1,1,,,,,
2026-07-15,2026-07-15,CM,NSE,STK,16696,INE0PA801013,GHCLTEXTIL,EQ,,,,,GHCL TEXTILES LIMITED,107.8,116.5,107.8,112.33,112.95,107.97,,112.33,,,1435772,162975181.39,16116,F1,1,,,,,
2026-07-15,2026-07-15,CM,NSE,STK,1139,INE289B01019,GICHSGFIN,EQ,,,,,GIC HOUSING FINANCE LTD,148.0,150.9,148.0,149.9,149.53,148.72,,149.9,,,69809,10408277.53,1314,F1,1,,,,,
2026-07-15,2026-07-15,CM,NSE,STK,17839,INE047B01011,GILLANDERS,EQ,,,,,GILLANDERS ARBUTHNOT LTD,87.9,90.35,87.9,89.83,89.85,88.34,,89.83,,,2257,202026.33,53,F1,1,,,,,
2026-07-15,2026-07-15,CM,NSE,STK,1576,INE322A01010,GILLETTE,EQ,,,,,GILLETTE INDIA LTD,7830.0,7925.0,7770.0,7819.0,7810.0,7831.5,,7819.0,,,8628,67752389.0,3126,F1,1,,,,,
2026-07-15,2026-07-15,CM,NSE,STK,9294,INE424C01010,GINNIFILA,BE,,,,,GINNIFILAMENTS LTD.,52.25,52.25,50.01,51.06,51.8,51.13,,51.04,,,34888,1786342.4,166,F1,1,,,,,
2026-07-15,2026-07-15,CM,NSE,STK,2365,INE614Z01017,GIRIRAJ,SM,,,,,GIRIRAJ CIVIL DEVP LTD,131.0,131.0,128.0,129.35,129.35,131.0,,129.35,,,4000,516375.0,16,F1,250,,,,,
2026-07-15,2026-07-15,CM,NSE,STK,759048,INE1AG301022,GKENERGY,EQ,,,,,GK ENERGY LIMITED,140.92,143.19,140.08,141.25,141.31,140.87,,141.25,,,304325,43018862.73,4211,F1,1,,,,,
2026-07-15,2026-07-15,CM,NSE,STK,17357,INE528A01020,GKWLIMITED,EQ,,,,,GKW LIMITED,1795.0,1795.0,1655.0,1695.4,1700.0,1761.4,,1695.4,,,1375,2346390.6,77,F1,1,,,,,
2026-07-15,2026-07-15,CM,NSE,STK,1186,INE068V01023,GLAND,EQ,,,,,GLAND PHARMA LIMITED,2500.0,2524.8,2451.6,2465.1,2470.0,2488.3,,2465.1,,,325204,806548129.9,24551,F1,1,,,,,
2026-07-15,2026-07-15,CM,NSE,STK,1153,INE159A01016,GLAXO,EQ,,,,,GLAXOSMITHKLINE PHARMA LT,2476.0,2500.9,2451.2,2483.7,2480.0,2463.4,,2483.8,,,49110,121565078.7,8072,F1,1,,,,,
2026-07-15,2026-07-15,CM,NSE,STK,7406,INE935A01035,GLENMARK,EQ,,,,,GLENMARK PHARMACEUTICALS,2316.0,2318.9,2285.6,2297.4,2304.2,2305.1,,2297.4,,,491365,1131486261.8,21154,F1,1,,,,,
2026-07-15,2026-07-15,CM,NSE,STK,1415,INE291W01037,GLOBAL,EQ,,,,,GLOBAL EDUCATION LIMITED,99.6,105.98,99.6,102.29,103.25,102.15,,102.29,,,43492,4521452.37,567,F1,1,,,,,
2026-07-15,2026-07-15,CM,NSE,STK,11956,INE474Q01031,MEDANTA,EQ,,,,,GLOBAL HEALTH LIMITED,1321.0,1345.6,1320.1,1338.5,1336.1,1320.9,,1338.5,,,99693,133221556.5,15885,F1,1,,,,,
2026-07-15,2026-07-15,CM,NSE,STK,17170,INE0PS501019,GLOBALPET,ST,,,,,GLOBAL PET INDUSTRIES LTD,152.0,152.0,149.15,149.45,149.15,157.0,,149.45,,,3000,450225.0,4,F1,750,,,,,
2026-07-15,2026-07-15,CM,NSE,STK,14599,INE0JSX01015,GSLSU,EQ,,,,,GLOBAL SURFACES LIMITED,34.8,35.44,31.32,31.32,31.32,34.8,,31.33,,,506876,16413282.24,3151,F1,1,,,,,
2026-07-15,2026-07-15,CM,NSE,STK,13735,INE792H01019,GLOBALVECT,EQ,,,,,GLOBAL VEC HELICORP LTD,156.39,157.88,153.05,154.33,154.8,154.39,,154.36,,,4609,715675.31,276,F1,1,,,,,
2026-07-15,2026-07-15,CM,NSE,STK,24934,INE0URU01010,GLOBALE,BE,,,,,GLOBALE TESSILE LIMITED,11.3,11.3,10.9,11.25,11.25,11.3,,11.25,,,3144,34789.47,20,F1,1,,,,,
2026-07-15,2026-07-15,CM,NSE,STK,758573,INE0V3U01015,GLOBECIVIL,BE,,,,,GLOBE CIVIL PROJECTS LTD,41.55,42.47,40.6,41.3,41.65,41.55,,41.3,,,18671,771048.23,113,F1,1,,,,,
2026-07-15,2026-07-15,CM,NSE,STK,393,INE581X01021,GLOBE,EQ,,,,,GLOBE ENTERPRISE (I) LTD,2.14,2.21,2.12,2.17,2.19,2.15,,2.17,,,401565,869557.24,224,F1,1,,,,,
2026-07-15,2026-07-15,CM,NSE,STK,761025,INE947T01022,GICL,EQ,,,,,GLOBE INTL CARRIERS LTD,17.0,17.63,16.46,16.75,16.9,17.21,,16.75,,,198400,3377736.12,528,F1,1,,,,,
2026-07-15,2026-07-15,CM,NSE,STK,9768,INE00WS01056,GSTL,ST,,,,,GLOBESECURE TECHNO LTD,15.45,15.45,15.45,15.45,15.45,14.75,,15.45,,,5000,77250.0,4,F1,1000,,,,,
2026-07-15,2026-07-15,CM,NSE,STK,17424,INE615I01010,GLOBUSSPR,EQ,,,,,GLOBUS SPIRITS LTD,943.4,973.4,937.55,957.35,958.0,937.4,,957.35,,,174121,166655530.15,8760,F1,1,,,,,
2026-07-15,2026-07-15,CM,NSE,STK,23590,INE350Z01018,GLOSTERLTD,EQ,,,,,GLOSTER LIMITED,674.7,674.7,657.0,657.5,657.5,656.6,,657.4,,,788,525496.25,96,F1,1,,,,,
2026-07-15,2026-07-15,CM,NSE,STK,760118,INE0TQE01026,GLOTTIS,BE,,,,,GLOTTIS LIMITED,65.01,67.2,65.01,67.03,67.2,67.01,,67.03,,,48109,3215829.08,275,F1,1,,,,,
2026-07-15,2026-07-15,CM,NSE,STK,1570,INE541A01023,GMMPFAUDLR,EQ,,,,,GMM PFAUDLER LIMITED,786.0,797.95,768.55,788.5,792.0,787.9,,788.45,,,198544,154115588.3,5859,F1,1,,,,,
2026-07-15,2026-07-15,CM,NSE,STK,13528,INE776C01039,GMRAIRPORT,EQ,,,,,GMR AIRPORTS LIMITED,113.5,114.5,111.37,111.82,112.0,113.38,,111.82,,,17318514,1955646820.59,34236,F1,1,,,,,
2026-07-15,2026-07-15,CM,NSE,STK,8529,INE0CU601026,GMRP&UI,EQ,,,,,GMR POW AND URBAN INFRA L,99.98,101.2,99.21,99.46,99.78,99.93,,99.46,,,690553,69122132.84,6130,F1,1,,,,,
2026-07-15,2026-07-15,CM,NSE,STK,18571,INE934S01014,GNA,EQ,,,,,GNA AXLES LIMITED,565.0,578.0,545.4,549.9,549.0,555.7,,549.9,,,733630,413278634.8,20871,F1,1,,,,,
2026-07-15,2026-07-15,CM,NSE,STK,757862,INE18JU01028,EBGNG,EQ,,,,,GNG ELECTRONICS LIMITED,595.9,599.8,567.15,572.15,573.0,586.95,,572.1,,,395480,229090266.0,15044,F1,1,,,,,
2026-07-15,2026-07-15,CM,NSE,STK,23799,INE03JT01014,GODIGIT,EQ,,,,,GO DIGIT GENERAL INS LTD,307.8,308.35,297.2,298.65,299.0,307.8,,298.65,,,261233,78738806.2,8234,F1,1,,,,,
2026-07-15,2026-07-15,CM,NSE,STK,6964,INE0BJS01011,GOCOLORS,EQ,,,,,GO FASHION INDIA LTD,345.8,365.05,339.05,355.15,360.0,342.9,,355.05,,,720679,252146020.5,10127,F1,1,,,,,
2026-07-15,2026-07-15,CM,NSE,STK,14687,INE426D01013,GOACARBON,EQ,,,,,GOA CARBON LIMITED,408.4,416.0,374.8,379.0,379.9,411.1,,379.0,,,94835,36936922.75,3381,F1,1,,,,,
2026-07-15,2026-07-15,CM,NSE,STK,3963,INE077F01035,GOCLCORP,EQ,,,,,GOCL CORPORATION LIMITED,406.0,413.7,401.0,403.25,402.7,403.4,,403.25,,,79602,32525913.5,2640,F1,1,,,,,
2026-07-15,2026-07-15,CM,NSE,STK,25941,INE497S01012,GODAVARIB,EQ,,,,,GODAVARI BIOREFINERIES L,263.15,269.5,262.3,263.3,264.9,263.15,,263.4,,,111380,29583237.1,2645,F1,1,,,,,
2026-07-15,2026-07-15,CM,NSE,STK,13409,INE177H01039,GPIL,EQ,,,,,GODAWARI POW & ISP LTD,252.0,255.9,250.0,253.5,255.45,251.85,,253.5,,,641902,161858583.05,10122,F1,1,,,,,
2026-07-15,2026-07-15,CM,NSE,STK,1181,INE260B01028,GODFRYPHLP,EQ,,,,,GODFREY PHILLIPS INDIA LT,2070.5,2095.0,2069.6,2085.0,2094.0,2070.5,,2085.0,,,90140,187820808.2,10052,F1,1,,,,,
2026-07-15,2026-07-15,CM,NSE,STK,144,INE850D01014,GODREJAGRO,EQ,,,,,GODREJ AGROVET LIMITED,560.0,580.0,560.0,576.4,579.0,561.1,,576.3,,,154649,88367435.6,5635,F1,1,,,,,
2026-07-15,2026-07-15,CM,NSE,STK,10099,INE102D01028,GODREJCP,EQ,,,,,GODREJ CONSUMER PRODUCTS,1061.6,1065.0,1049.4,1052.7,1051.5,1061.6,,1052.7,,,600220,633021607.4,27874,F1,1,,,,,
2026-07-15,2026-07-15,CM,NSE,STK,10925,INE233A01035,GODREJIND,EQ,,,,,GODREJ INDUSTRIES LTD,1334.8,1389.2,1334.8,1379.4,1384.0,1336.7,,1379.4,,,327087,449171589.0,24825,F1,1,,,,,
2026-07-15,2026-07-15,CM,NSE,STK,17875,INE484J01027,GODREJPROP,EQ,,,,,GODREJ PROPERTIES LTD,2108.6,2132.8,2090.0,2104.4,2107.4,2107.4,,2104.4,,,622796,1314938608.9,33280,F1,1,,,,,
2026-07-15,2026-07-15,CM,NSE,STK,28530,IN0020240183,675GS2029,GS,,,,,GOI LOAN   6.75% 2029,99.95,99.95,99.95,99.95,99.95,99.9,,99.95,,,100,9995.0,1,F1,1,,,,,
2026-07-15,2026-07-15,CM,NSE,STK,28894,IN0020240191,679GS2031,GS,,,,,GOI LOAN   6.79% 2031,99.31,100.0,99.31,100.0,100.0,101.4,,100.0,,,1000,99655.0,4,F1,1,,,,,
2026-07-15,2026-07-15,CM,NSE,STK,24705,IN0020240100,697GR2034,GS,,,,,GOI LOAN   6.97% 2034,101.85,101.85,101.85,101.85,101.85,97.0,,101.85,,,500,50925.0,1,F1,1,,,,,
2026-07-15,2026-07-15,CM,NSE,STK,27819,IN0020240175,698GR2054,GS,,,,,GOI LOAN   6.98% 2054,95.95,95.95,95.95,95.95,95.95,96.15,,95.95,,,3,287.85,1,F1,1,,,,,
2026-07-15,2026-07-15,CM,NSE,STK,27170,IN0020240142,709GS2074,GS,,,,,GOI LOAN   7.09% 2074,96.6,96.6,95.31,96.2,96.2,96.2,,96.21,,,25503,2446144.74,35,F1,1,,,,,
2026-07-15,2026-07-15,CM,NSE,STK,6695,IN0020210186,574GS2026,GS,,,,,GOI LOAN  5.74% 2026,100.13,100.13,100.05,100.05,100.05,100.1,,100.05,,,3150,315248.5,19,F1,1,,,,,
2026-07-15,2026-07-15,CM,NSE,STK,757983,IN0020250067,601GS2030,GS,,,,,GOI LOAN  6.01% 2030,99.45,101.2,99.45,100.98,100.98,99.46,,100.98,,,201,20144.2,3,F1,1,,,,,
2026-07-15,2026-07-15,CM,NSE,STK,5012,IN0020210095,610GS2031,GS,,,,,GOI LOAN  6.10% 2031,100.75,100.75,100.75,100.75,100.75,99.75,,100.75,,,1,100.75,1,F1,1,,,,,
2026-07-15,2026-07-15,CM,NSE,STK,757994,IN0020250059,628GS2032,GS,,,,,GOI LOAN  6.28% 2032,99.0,99.0,99.0,99.0,99.0,99.0,,99.0,,,100,9900.0,1,F1,1,,,,,
2026-07-15,2026-07-15,CM,NSE,STK,761020,IN0020250141,636GS2031,GS,,,,,GOI LOAN  6.36% 2031,100.7,100.7,100.26,100.6,100.6,100.7,,100.6,,,1000,100606.0,4,F1,1,,,,,
2026-07-15,2026-07-15,CM,NSE,STK,5577,IN0020210152,667GS2035,GS,,,,,GOI LOAN  6.67% 2035,103.55,103.55,103.55,103.55,103.55,108.99,,103.55,,,6000,621300.0,9,F1,1,,,,,
2026-07-15,2026-07-15,CM,NSE,STK,956,IN0020200252,667GS2050,GS,,,,,GOI LOAN  6.67% 2050,91.16,94.3,91.16,94.3,94.3,93.0,,94.3,,,18,1674.64,6,F1,1,,,,,
2026-07-15,2026-07-15,CM,NSE,STK,760623,IN0020250133,668GS2033,GS,,,,,GOI LOAN  6.68% 2033,101.8,102.0,101.8,102.0,102.0,101.8,,102.0,,,298,30376.2,3,F1,1,,,,,
2026-07-15,2026-07-15,CM,NSE,STK,757847,IN0020250042,668GS2040,GS,,,,,GOI LOAN  6.68% 2040,98.4,99.0,98.4,99.0,99.0,98.85,,99.0,,,23640,2338133.3,9,F1,1,,,,,
2026-07-15,2026-07-15,CM,NSE,STK,2317,IN0020200401,676GS2061,GS,,,,,GOI LOAN  6.76% 2061,92.7,93.25,92.7,93.25,93.25,93.21,,93.25,,,2719,253541.25,13,F1,1,,,,,
2026-07-15,2026-07-15,CM,NSE,STK,22438,IN0020200187,68GS2060,GS,,,,,GOI LOAN  6.8% 2060,91.1,91.1,91.0,91.04,91.0,92.0,,91.04,,,254,23125.11,5,F1,1,,,,,
2026-07-15,2026-07-15,CM,NSE,STK,756014,IN0020250018,690GS2065,GS,,,,,GOI LOAN  6.90% 2065,94.0,94.46,93.94,94.0,94.0,94.63,,94.0,,,46782,4399927.29,52,F1,1,,,,,
2026-07-15,2026-07-15,CM,NSE,STK,6817,IN0020210202,695GS2061,GS,,,,,GOI LOAN  6.95% 2061,93.5,95.0,93.0,93.56,93.56,95.0,,94.28,,,2037,190983.6,6,F1,1,,,,,
2026-07-15,2026-07-15,CM,NSE,STK,6696,IN0020210194,699GS2051,GS,,,,,GOI LOAN  6.99% 2051,95.5,98.1,95.5,98.1,98.1,98.5,,98.1,,,5,485.3,3,F1,1,,,,,
2026-07-15,2026-07-15,CM,NSE,STK,23919,IN0020240050,704GS2029,GS,,,,,GOI LOAN  7.04% 2029,102.6,102.75,102.0,102.0,102.0,102.75,,102.0,,,5650,580000.0,5,F1,1,,,,,
2026-07-15,2026-07-15,CM,NSE,STK,14970,IN0020230010,706GS2028,GS,,,,,GOI LOAN  7.06% 2028,102.41,102.98,102.41,102.98,102.98,102.31,,102.98,,,250,25631.0,2,F1,1,,,,,
2026-07-15,2026-07-15,CM,NSE,STK,24949,IN0020240118,709GS2054,GS,,,,,GOI LOAN  7.09% 2054,99.7,99.95,99.65,99.71,99.7,99.7,,99.71,,,14630,1459363.6,13,F1,1,,,,,
2026-07-15,2026-07-15,CM,NSE,STK,15050,IN0020230036,717GS2030,GS,,,,,GOI LOAN  7.17% 2030,104.37,104.37,104.29,104.3,104.3,103.2,,104.3,,,316,32964.78,4,F1,1,,,,,
2026-07-15,2026-07-15,CM,NSE,STK,18025,IN0020230085,718GS2033,GS,,,,,GOI LOAN  7.18% 2033,105.25,105.25,105.25,105.25,105.25,105.03,,105.25,,,200,21050.0,1,F1,1,,,,,
2026-07-15,2026-07-15,CM,NSE,STK,17398,IN0020230077,718GS2037,GS,,,,,GOI LOAN  7.18% 2037,106.0,106.0,105.4,105.92,105.92,105.58,,105.92,,,19051,2011024.74,9,F1,1,,,,,
2026-07-15,2026-07-15,CM,NSE,STK,23518,IN0020240027,723GS2039,GS,,,,,GOI LOAN  7.23% 2039,104.4,104.4,104.4,104.4,104.4,104.4,,104.4,,,100,10440.0,1,F1,1,,,,,
2026-07-15,2026-07-15,CM,NSE,STK,758674,IN0020250075,724GS2055,GS,,,,,GOI LOAN  7.24% 2055,101.47,101.8,101.3,101.49,101.49,101.47,,101.49,,,45630,4631630.71,30,F1,1,,,,,
2026-07-15,2026-07-15,CM,NSE,STK,16733,IN0020230044,725GS2063,GS,,,,,GOI LOAN  7.25% 2063,97.79,98.0,97.73,97.98,97.98,97.73,,97.98,,,98184,9599133.24,61,F1,1,,,,,
2026-07-15,2026-07-15,CM,NSE,STK,10722,IN0020220060,726GS2032,GS,,,,,GOI LOAN  7.26% 2032,106.0,106.0,106.0,106.0,106.0,106.0,,106.0,,,100,10600.0,1,F1,1,,,,,
2026-07-15,2026-07-15,CM,NSE,STK,14051,IN0020220151,726GS2033,GS,,,,,GOI LOAN  7.26% 2033,106.3,106.3,105.35,105.35,105.35,106.2,,105.35,,,5094,536742.2,2,F1,1,,,,,
2026-07-15,2026-07-15,CM,NSE,STK,16865,IN0020230051,73GS2053,GS,,,,,GOI LOAN  7.3% 2053,99.96,99.98,99.95,99.98,99.98,99.95,,99.98,,,2239,223805.22,4,F1,1,,,,,
2026-07-15,2026-07-15,CM,NSE,STK,19685,IN0020230119,733GS2026,GS,,,,,GOI LOAN  7.33% 2026,102.0,102.0,101.26,101.26,101.26,101.25,,101.26,,,198,20122.0,2,F1,1,,,,,
2026-07-15,2026-07-15,CM,NSE,STK,23558,IN0020240035,734GS2064,GS,,,,,GOI LOAN  7.34% 2064,100.0,100.0,99.8,99.8,99.8,99.79,,99.89,,,41288,4120773.4,25,F1,1,,,,,
2026-07-15,2026-07-15,CM,NSE,STK,10931,IN0020220086,736GS2052,GS,,,,,GOI LOAN  7.36% 2052,102.5,102.5,101.0,102.4,102.4,101.47,,102.4,,,450,45953.1,10,F1,1,,,,,
2026-07-15,2026-07-15,CM,NSE,STK,19566,IN0020230101,737GS2028,GS,,,,,GOI LOAN  7.37% 2028,103.8,104.49,103.5,104.39,104.49,103.8,,104.39,,,5181,541070.36,10,F1,1,,,,,
2026-07-15,2026-07-15,CM,NSE,STK,10981,IN0020220094,74GS2062,GS,,,,,GOI LOAN  7.4% 2062,101.8,101.8,100.22,100.39,100.22,102.0,,100.39,,,1139,115936.25,5,F1,1,,,,,
2026-07-15,2026-07-15,CM,NSE,STK,13194,IN0020220102,741GS2036,GS,,,,,GOI LOAN  7.41% 2036,105.0,105.5,105.0,105.2,105.2,104.4,,105.6,,,15000,1576865.0,21,F1,1,,,,,
2026-07-15,2026-07-15,CM,NSE,STK,760649,IN0020250117,743GS2076,GS,,,,,GOI LOAN  7.43% 2076,103.6,103.6,103.3,103.3,103.3,103.1,,103.3,,,950,98360.0,2,F1,1,,,,,
2026-07-15,2026-07-15,CM,NSE,STK,19808,IN0020230127,746GS2073,GS,,,,,GOI LOAN  7.46% 2073,101.2,101.7,101.2,101.7,101.7,101.2,,101.7,,,756,76535.2,5,F1,1,,,,,
2026-07-15,2026-07-15,CM,NSE,STK,763146,IN0020260017,750GS2056,GS,,,,,GOI LOAN  7.50% 2056,101.0,101.0,101.0,101.0,101.0,102.7,,101.0,,,100,10100.0,1,F1,1,,,,,
2026-07-15,2026-07-15,CM,NSE,STK,9585,IN0020220029,754GS2036,GS,,,,,GOI LOAN  7.54% 2036,106.8,106.8,106.42,106.47,106.42,106.47,,106.47,,,664566,70792664.46,202,F1,1,,,,,
2026-07-15,2026-07-15,CM,NSE,STK,763489,IN0020260033,771GS2066,GS,,,,,GOI LOAN  7.71% 2066,104.5,105.15,104.5,105.15,105.15,105.25,,104.5,,,112,11776.15,4,F1,1,,,,,
2026-07-15,2026-07-15,CM,NSE,STK,6833,IN0020010081,1018GS2026,GS,,,,,GOI LOAN 10.18% 2026,104.15,104.15,104.15,104.15,104.15,104.12,,104.15,,,15,1562.25,3,F1,1,,,,,
2026-07-15,2026-07-15,CM,NSE,STK,9913,IN0020220037,738GS2027,GS,,,,,GOI LOAN 7.38% 2027,101.65,101.85,101.65,101.85,101.85,101.62,,101.73,,,17703,1800603.4,13,F1,1,,,,,
2026-07-15,2026-07-15,CM,NSE,STK,6898,IN0020070036,826GS2027,GS,,,,,GOI LOAN 8.26% 2027,106.2,106.2,106.2,106.2,106.2,104.7,,106.2,,,1,106.2,1,F1,1,,,,,
2026-07-15,2026-07-15,CM,NSE,STK,6883,IN0020060045,833GS2036,GS,,,,,GOI LOAN 8.33% 2036,108.58,108.58,108.58,108.58,108.58,108.5,,108.58,,,4,434.32,1,F1,1,,,,,
2026-07-15,2026-07-15,CM,NSE,STK,7011,IN0020110055,897GS2030,GS,,,,,GOI LOAN 8.97% 2030,109.0,111.0,109.0,110.5,110.5,109.47,,110.5,,,5017,549357.4,17,F1,1,,,,,
2026-07-15,2026-07-15,CM,NSE,STK,7039,IN0020130053,92GS2030,GS,,,,,GOI LOAN 9.20% 2030,116.0,116.0,116.0,116.0,116.0,114.88,,115.43,,,1,116.0,1,F1,1,,,,,
2026-07-15,2026-07-15,CM,NSE,STK,753787,IN002026Y113,182D171226,TB,,,,,GOI TBILL 182D-17/12/26,97.43,97.43,97.43,97.43,97.43,96.76,,97.43,,,200,19486.0,1,F1,100,,,,,
2026-07-15,2026-07-15,CM,NSE,STK,761687,IN002026Z011,364D080427,TB,,,,,GOI TBILL 364D-08/04/27,96.01,96.01,96.01,96.01,96.01,95.0,,96.01,,,2800,268828.0,1,F1,100,,,,,
2026-07-15,2026-07-15,CM,NSE,STK,760299,IN002025Z377,364D101226,TB,,,,,GOI TBILL 364D-10/12/26,97.51,97.51,97.51,97.51,97.51,96.95,,97.51,,,1000,97510.0,1,F1,100,,,,,
2026-07-15,2026-07-15,CM,NSE,STK,762431,IN002026Z029,364D150427,TB,,,,,GOI TBILL 364D-15/04/27,95.91,95.91,95.91,95.91,95.91,95.0,,95.91,,,3000,287730.0,1,F1,100,,,,,
2026-07-15,2026-07-15,CM,NSE,STK,763079,IN002026Z037,364D220427,TB,,,,,GOI TBILL 364D-22/04/27,95.81,95.81,95.81,95.81,95.81,94.74,,95.81,,,2600,249106.0,1,F1,100,,,,,
2026-07-15,2026-07-15,CM,NSE,STK,757718,IN002025Z179,364D230726,TB,,,,,GOI TBILL 364D-23/07/26,99.35,99.35,99.35,99.35,99.35,99.35,,99.35,,,9100,904085.0,3,F1,100,,,,,
2026-07-15,2026-07-15,CM,NSE,STK,760761,IN002025Z435,364D280127,TB,,,,,GOI TBILL 364D-28/01/27,96.75,96.75,96.75,96.75,96.75,94.45,,96.75,,,100,9675.0,1,F1,100,,,,,
2026-07-15,2026-07-15,CM,NSE,STK,764047,IN002026X149,91D081026,TB,,,,,GOI TBILL 91D-08/10/26,98.01,98.25,98.01,98.25,98.25,98.1,,98.25,,,300,29451.0,3,F1,100,,,,,
2026-07-15,2026-07-15,CM,NSE,STK,763525,IN002026X073,91D200826,TB,,,,,GOI TBILL 91D-20/08/26,99.31,99.8,98.79,99.0,99.0,99.27,,99.0,,,1900,188949.0,9,F1,100,,,,,
2026-07-15,2026-07-15,CM,NSE,STK,763624,IN002026X081,91D280826,TB,,,,,GOI TBILL 91D-28/08/26,99.19,99.24,99.19,99.24,99.24,99.11,,99.24,,,1900,188475.0,3,F1,100,,,,,
2026-07-15,2026-07-15,CM,NSE,STK,763203,IN002026X040,91D300726,TB,,,,,GOI TBILL 91D-30/07/26,99.75,99.75,99.75,99.75,99.75,99.27,,99.75,,,100,9975.0,1,F1,100,,,,,
2026-07-15,2026-07-15,CM,NSE,STK,11778,INE887G01027,GOKEX,EQ,,,,,GOKALDAS EXPORTS LTD.,845.85,866.8,829.1,831.9,832.0,841.75,,831.9,,,572116,482404324.35,22143,F1,1,,,,,
2026-07-15,2026-07-15,CM,NSE,STK,14480,INE314T01033,GOKULAGRO,EQ,,,,,GOKUL AGRO RESOURCES LTD,216.69,218.95,212.51,215.23,215.0,213.98,,215.23,,,465341,100775971.04,9881,F1,1,,,,,
2026-07-15,2026-07-15,CM,NSE,STK,16705,INE020J01029,GOKUL,EQ,,,,,GOKUL REFOILS & SOLV LTD,41.0,41.79,40.2,40.75,40.87,41.04,,40.75,,,138450,5735634.63,455,F1,1,,,,,
2026-07-15,2026-07-15,CM,NSE,STK,11619,INE973A01010,GOLDENTOBC,BZ,,,,,GOLDEN TOBACCO LIMITED,25.79,26.97,25.21,25.51,25.51,26.32,,25.51,,,5097,131423.59,37,F1,1,,,,,
2026-07-15,2026-07-15,CM,NSE,STK,11971,INE025B01025,GOLDIAM,EQ,,,,,GOLDIAM INTERNATIONAL LTD,361.2,362.0,345.1,357.45,357.9,359.5,,357.45,,,1254536,441778527.7,23487,F1,1,,,,,
2026-07-15,2026-07-15,CM,NSE,STK,1,INE405Y01021,GOLDSTAR,SM,,,,,GOLDSTAR POWER LIMITED,7.5,7.55,7.5,7.5,7.5,7.65,,7.5,,,33750,253687.5,3,F1,11250,,,,,
2026-07-15,2026-07-15,CM,NSE,STK,6125,INE127I01024,GOODLUCK,EQ,,,,,GOODLUCK INDIA LIMITED,1590.5,1596.3,1551.8,1573.0,1560.0,1579.5,,1573.1,,,72052,113930844.5,6346,F1,1,,,,,
2026-07-15,2026-07-15,CM,NSE,STK,1205,INE533A01012,GOODYEAR,EQ,,,,,GOODYEAR INDIA LIMITED,791.9,827.9,790.3,811.5,814.0,791.9,,811.5,,,21103,17131889.8,1518,F1,1,,,,,
2026-07-15,2026-07-15,CM,NSE,STK,23066,INE0L9R01028,GOPAL,EQ,,,,,GOPAL SNACKS LIMITED,263.5,264.0,258.05,261.65,264.0,263.1,,261.7,,,70973,18484300.9,4444,F1,1,,,,,
2026-07-15,2026-07-15,CM,NSE,STK,11787,INE705X01026,GOYALALUM,EQ,,,,,GOYAL ALUMINIUMS LIMITED,6.7,6.79,6.62,6.69,6.66,6.7,,6.69,,,35145,235603.24,273,F1,1,,,,,
2026-07-15,2026-07-15,CM,NSE,STK,19356,INE0QFE01017,GOYALSALT,SM,,,,,GOYAL SALT LIMITED,115.05,115.05,115.05,115.05,115.05,115.65,,115.05,,,600,69030.0,1,F1,600,,,,,
2026-07-15,2026-07-15,CM,NSE,STK,24113,INE0S7E01015,GPECO,ST,,,,,GP ECO SOLUTIONS INDIA L,430.8,433.95,418.0,420.45,421.0,433.9,,420.45,,,25600,10841280.0,82,F1,200,,,,,
2026-07-15,2026-07-15,CM,NSE,STK,11584,INE586G01017,GULFPETRO,BE,,,,,GP PETROLEUMS LIMITED,38.69,39.24,38.5,38.51,38.5,38.5,,38.51,,,17668,681412.42,83,F1,1,,,,,
2026-07-15,2026-07-15,CM,NSE,STK,22846,INE486R01017,GPTHEALTH,EQ,,,,,GPT HEALTHCARE LIMITED,154.1,157.43,151.05,152.21,152.64,154.1,,152.2,,,50100,7675135.87,1103,F1,1,,,,,
2026-07-15,2026-07-15,CM,NSE,STK,17685,INE390G01014,GPTINFRA,EQ,,,,,GPT INFRAPROJECTS LTD,119.1,121.7,119.0,120.56,120.11,119.2,,120.55,,,90131,10844840.63,2203,F1,1,,,,,
2026-07-15,2026-07-15,CM,NSE,STK,763301,INE361K01017,GRADIENTE,BE,,,,,GRADIENTE INFOTAINMENT L,3.59,3.68,3.52,3.62,3.55,3.7,,3.62,,,490899,1758990.53,281,F1,1,,,,,
2026-07-15,2026-07-15,CM,NSE,STK,30289,INE12E301017,GCHOTELS,ST,,,,,GRAND CONTINENT HOTELS L,114.1,118.7,111.7,114.95,114.95,116.1,,114.95,,,18000,2063490.0,28,F1,600,,,,,
2026-07-15,2026-07-15,CM,NSE,STK,762695,INE926B01016,GRANDOAK,EQ,,,,,GRAND OAK CANYONS DIST L,42.2,43.7,40.17,41.06,41.68,42.28,,40.98,,,11063,459500.96,168,F1,1,,,,,
2026-07-15,2026-07-15,CM,NSE,STK,11872,INE101D01020,GRANULES,EQ,,,,,GRANULES INDIA LIMITED,899.0,904.1,892.0,898.05,898.6,895.1,,898.05,,,710913,637829037.4,23991,F1,1,,,,,
2026-07-15,2026-07-15,CM,NSE,STK,20454,INE0POU01017,GRAPHISAD,SM,,,,,GRAPHISADS LIMITED,28.7,28.8,27.95,27.95,27.95,27.5,,27.95,,,4800,136140.0,4,F1,1200,,,,,
2026-07-15,2026-07-15,CM,NSE,STK,592,INE371A01025,GRAPHITE,EQ,,,,,GRAPHITE INDIA LTD,624.05,633.6,620.4,625.1,623.7,621.0,,625.1,,,607026,380374477.3,17679,F1,1,,,,,
2026-07-15,2026-07-15,CM,NSE,STK,1232,INE047A01021,GRASIM,EQ,,,,,GRASIM INDUSTRIES LTD,3120.0,3150.0,3080.0,3086.1,3083.0,3113.3,,3086.1,,,726262,2258573661.6,41305,F1,1,,,,,
2026-07-15,2026-07-15,CM,NSE,STK,5200,INE266D01021,GRAUWEIL,EQ,,,,,GRAUER & WEIL IND LTD,78.01,80.1,78.0,79.44,79.77,78.57,,79.44,,,440355,34881372.84,2967,F1,1,,,,,
2026-07-15,2026-07-15,CM,NSE,STK,762700,INE214F01026,GRAVISSHO,EQ,,,,,GRAVISS HOSPITALITY LTD.,29.36,30.9,29.36,29.8,30.35,29.32,,29.8,,,2598,77664.83,25,F1,1,,,,,
2026-07-15,2026-07-15,CM,NSE,STK,20534,INE024L01027,GRAVITA,EQ,,,,,GRAVITA INDIA LIMITED,1817.3,1849.5,1816.7,1840.2,1840.0,1811.9,,1840.2,,,221066,405561123.8,15715,F1,1,,,,,
2026-07-15,2026-07-15,CM,NSE,STK,1235,INE224A01026,GREAVESCOT,EQ,,,,,GREAVES COTTON LTD.,260.0,265.39,256.1,257.68,258.3,262.66,,257.68,,,2005918,523050947.02,25035,F1,1,,,,,
2026-07-15,2026-07-15,CM,NSE,STK,17092,INE0O7P01015,GREENCHEF,SM,,,,,GREENCHEF APPLIANCES LTD,48.0,48.05,46.5,46.65,46.5,48.6,,46.65,,,8800,415560.0,10,F1,800,,,,,
2026-07-15,2026-07-15,CM,NSE,STK,6848,INE544R01021,GREENLAM,EQ,,,,,GREENLAM INDUSTRIES LTD.,253.3,256.9,249.55,252.45,252.5,251.15,,252.45,,,142807,36200459.35,2448,F1,1,,,,,
2026-07-15,2026-07-15,CM,NSE,STK,759427,INE0PLX01017,GREENLEAF,ST,,,,,GREENLEAF ENVIROTECH LTD,109.35,114.3,109.3,110.45,109.3,115.0,,110.45,,,19000,2114000.0,19,F1,1000,,,,,
2026-07-15,2026-07-15,CM,NSE,STK,13810,INE08ZM01014,GREENPANEL,EQ,,,,,GREENPANEL INDUSTRIES LTD,197.08,209.05,197.0,202.06,202.6,197.08,,202.06,,,601987,122818421.14,10927,F1,1,,,,,
2026-07-15,2026-07-15,CM,NSE,STK,3987,INE461C01038,GREENPLY,EQ,,,,,GREENPLY INDUSTRIES LTD,312.8,321.4,312.05,316.25,318.75,312.2,,316.25,,,75961,24096621.3,2826,F1,1,,,,,
2026-07-15,2026-07-15,CM,NSE,STK,758986,INE199P01028,GCSL,EQ,,,,,GRETEX CORPORATE SERVICES,513.0,518.5,500.1,502.95,501.3,510.65,,502.95,,,1515380,767087070.9,7777,F1,1,,,,,
2026-07-15,2026-07-15,CM,NSE,STK,18741,INE985P01012,GRETEX,SM,,,,,GRETEX INDUSTRIES LTD.,304.0,304.0,304.0,304.0,304.0,291.5,,304.0,,,15750,4788000.0,21,F1,750,,,,,
2026-07-15,2026-07-15,CM,NSE,STK,23562,INE0PC901019,BIRDYS,ST,,,,,GRILL SPLENDOUR SER LTD,89.4,89.4,89.4,89.4,89.4,94.1,,89.4,,,1200,107280.0,1,F1,1200,,,,,
2026-07-15,2026-07-15,CM,NSE,STK,13560,INE536A01023,GRINDWELL,EQ,,,,,GRINDWELL NORTON LIMITED,2002.5,2079.7,2002.5,2045.9,2064.0,2001.1,,2046.4,,,45758,94087072.2,9387,F1,1,,,,,
2026-07-15,2026-07-15,CM,NSE,STK,10871,INE192H01020,GRMOVER,EQ,,,,,GRM OVERSEAS LIMITED,94.2,94.36,91.15,92.28,92.0,94.0,,92.28,,,1607335,148075110.2,41633,F1,1,,,,,
2026-07-15,2026-07-15,CM,NSE,STK,760971,INE1TY801010,GJL,ST,,,,,GROVER JEWELLS LIMITED,177.0,177.0,174.35,174.35,174.35,183.5,,174.35,,,4800,841880.0,6,F1,800,,,,,
2026-07-15,2026-07-15,CM,NSE,STK,760051,INF666M01MM4,GROWWCAPM,EQ,,,,,GROWWAMC - GROWWCAPM,11.68,11.71,11.58,11.68,11.65,11.58,,11.68,,,336789,3928515.45,479,F1,1,,,,,
2026-07-15,2026-07-15,CM,NSE,STK,760673,INF666M01NP5,GROWWCHEM,EQ,,,,,GROWWAMC - GROWWCHEM,29.94,30.07,29.44,29.95,29.86,29.68,,29.95,,,84695,2534637.87,193,F1,1,,,,,
2026-07-15,2026-07-15,CM,NSE,STK,25758,INF666M01IO8,GROWWDEFNC,EQ,,,,,GROWWAMC - GROWWDEFNC,93.26,94.13,92.9,93.56,93.99,93.25,,93.56,,,225962,21158262.96,1937,F1,1,,,,,
2026-07-15,2026-07-15,CM,NSE,STK,24798,INF666M01IH2,GROWWEV,EQ,,,,,GROWWAMC - GROWWEV,31.0,31.33,30.95,31.17,31.16,31.04,,31.17,,,155437,4843797.17,1213,F1,1,,,,,
2026-07-15,2026-07-15,CM,NSE,STK,25872,INF666M01OE7,GROWWGOLD,EQ,,,,,GROWWAMC - GROWWGOLD,13.75,13.81,13.73,13.75,13.74,13.72,,13.75,,,1074852,14801988.65,2479,F1,1,,,,,
2026-07-15,2026-07-15,CM,NSE,STK,760874,INF666M01OD9,GROWWHOSPI,EQ,,,,,GROWWAMC - GROWWHOSPI,54.56,55.49,54.26,54.46,54.49,54.16,,54.46,,,1122239,61147324.26,1116,F1,1,,,,,
2026-07-15,2026-07-15,CM,NSE,STK,25447,INF666M01IP5,GROWWLIQID,EQ,,,,,GROWWAMC - GROWWLIQID,109.91,109.92,109.91,109.91,109.92,109.89,,109.91,,,712125,78269801.85,231,F1,1,,,,,
2026-07-15,2026-07-15,CM,NSE,STK,758300,INF666M01LB9,GROWWLOVOL,EQ,,,,,GROWWAMC - GROWWLOVOL,10.46,10.46,10.11,10.39,10.41,10.28,,10.39,,,13948,144993.33,90,F1,1,,,,,
2026-07-15,2026-07-15,CM,NSE,STK,759719,INF666M01MV5,GROWWMC150,EQ,,,,,GROWWAMC - GROWWMC150,231.56,233.4,231.06,231.34,232.97,231.56,,231.34,,,2295,535061.85,41,F1,1,,,,,
2026-07-15,2026-07-15,CM,NSE,STK,760438,INF666M01NI0,GROWWMETAL,EQ,,,,,GROWWAMC - GROWWMETAL,11.91,12.47,11.91,11.99,11.98,12.04,,11.99,,,428213,5151199.08,2135,F1,1,,,,,
2026-07-15,2026-07-15,CM,NSE,STK,756086,INF666M01KJ4,GROWWMOM50,EQ,,,,,GROWWAMC - GROWWMOM50,10.75,10.9,10.67,10.71,10.67,10.72,,10.71,,,380372,4087817.82,390,F1,1,,,,,
2026-07-15,2026-07-15,CM,NSE,STK,29872,INF666M01JV1,GROWWN200,EQ,,,,,GROWWAMC - GROWWN200,11.29,11.41,11.27,11.35,11.28,11.29,,11.35,,,62909,713956.05,210,F1,1,,,,,
2026-07-15,2026-07-15,CM,NSE,STK,757814,INF666M01LI4,GROWWNET,EQ,,,,,GROWWAMC - GROWWNET,10.13,11.0,9.97,10.14,10.16,9.93,,10.14,,,508065,5169707.39,615,F1,1,,,,,
2026-07-15,2026-07-15,CM,NSE,STK,758697,INF666M01LL8,GROWWNIFTY,EQ,,,,,GROWWAMC - GROWWNIFTY,9.73,9.83,9.65,9.73,9.73,9.73,,9.73,,,433192,4225299.91,4736,F1,1,,,,,
2026-07-15,2026-07-15,CM,NSE,STK,759458,INF666M01LZ8,GROWWNXT50,EQ,,,,,GROWWAMC - GROWWNXT50,71.99,72.69,71.99,72.07,72.16,71.84,,72.07,,,1571,113645.14,64,F1,1,,,,,
2026-07-15,2026-07-15,CM,NSE,STK,758165,INF666M01LM6,GROWWPOWER,EQ,,,,,GROWWAMC - GROWWPOWER,11.92,11.92,11.77,11.84,11.83,11.82,,11.84,,,1433626,16981782.62,2144,F1,1,,,,,
2026-07-15,2026-07-15,CM,NSE,STK,760976,INF666M01NQ3,GROWWPSE,EQ,,,,,GROWWAMC - GROWWPSE,100.07,100.07,98.94,98.95,99.72,99.58,,98.95,,,3740,370285.1,47,F1,1,,,,,
2026-07-15,2026-07-15,CM,NSE,STK,761514,INF666M01OG2,GROWWPSUBK,EQ,,,,,GROWWAMC - GROWWPSUBK,84.37,84.79,83.84,83.85,83.9,83.81,,83.85,,,6666,561647.44,82,F1,1,,,,,
2026-07-15,2026-07-15,CM,NSE,STK,29527,INF666M01JJ6,GROWWRAIL,EQ,,,,,GROWWAMC - GROWWRAIL,28.91,29.25,28.88,29.06,29.25,28.88,,29.06,,,321131,9342531.58,1723,F1,1,,,,,
2026-07-15,2026-07-15,CM,NSE,STK,759428,INF666M01MN2,GROWWRLTY,EQ,,,,,GROWWAMC - GROWWRLTY,10.04,10.45,10.04,10.21,10.28,10.3,,10.21,,,400049,4136817.81,501,F1,1,,,,,
2026-07-15,2026-07-15,CM,NSE,STK,759522,INF666M01MO0,GROWWSC250,EQ,,,,,GROWWAMC - GROWWSC250,10.48,10.48,10.31,10.42,10.48,10.36,,10.42,,,68961,720292.56,385,F1,1,,,,,
2026-07-15,2026-07-15,CM,NSE,STK,756827,INF666M01OF4,GROWWSLVR,EQ,,,,,GROWWAMC - GROWWSLVR,21.51,21.54,21.31,21.36,21.44,21.31,,21.36,,,1189121,25529052.1,1782,F1,1,,,,,
2026-07-15,2026-07-15,CM,NSE,STK,763572,INF666M01OT5,PVTBKGROWW,EQ,,,,,GROWWAMC - PVTBKGROWW,28.15,28.4,27.98,27.99,28.02,28.1,,27.99,,,10529,295689.22,80,F1,1,,,,,
2026-07-15,2026-07-15,CM,NSE,STK,751745,INF666M01PG9,SMALLGROWW,EQ,,,,,GROWWAMC - SMALLGROWW,47.5,47.79,47.38,47.63,47.63,47.21,,47.63,,,97129,4636652.08,115,F1,1,,,,,
2026-07-15,2026-07-15,CM,NSE,STK,6543,INE137I01015,GRPLTD,EQ,,,,,GRP LIMITED,1882.0,1910.0,1856.4,1900.7,1900.1,1882.5,,1900.7,,,1661,3154650.6,429,F1,1,,,,,
2026-07-15,2026-07-15,CM,NSE,STK,23888,INE0SQY01018,GSMFOILS,SM,,,,,GSM FOILS LIMITED,259.6,261.0,255.55,260.45,261.0,259.6,,260.45,,,13000,3356250.0,24,F1,500,,,,,
2026-07-15,2026-07-15,CM,NSE,STK,762239,INE713R01022,GSPCROP,EQ,,,,,GSP CROP SCIENCE LIMITED,447.0,489.8,443.15,456.95,456.0,440.2,,456.95,,,1239461,586475544.65,29228,F1,1,,,,,
2026-07-15,2026-07-15,CM,NSE,STK,15351,INE871H01011,GSS,BE,,,,,GSS INFOTECH LIMITED,12.55,12.75,12.43,12.51,12.45,12.58,,12.48,,,6878,86632.93,46,F1,1,,,,,
2026-07-15,2026-07-15,CM,NSE,STK,13745,INE221H01019,GTLINFRA,EQ,,,,,GTL INFRA.LTD,1.28,1.31,1.27,1.28,1.29,1.28,,1.28,,,41385551,53320321.84,12425,F1,1,,,,,
2026-07-15,2026-07-15,CM,NSE,STK,1162,INE043A01012,GTL,EQ,,,,,GTL LTD,7.3,7.32,7.13,7.19,7.25,7.22,,7.19,,,164551,1186604.74,522,F1,1,,,,,
2026-07-15,2026-07-15,CM,NSE,STK,21195,INE869I01013,GTPL,EQ,,,,,GTPL HATHWAY LIMITED,63.97,65.7,62.0,65.14,65.3,62.6,,65.12,,,218805,14060426.63,3021,F1,1,,,,,
2026-07-15,2026-07-15,CM,NSE,STK,11606,INE742B01025,GUFICBIO,EQ,,,,,GUFIC BIOSCIENCES LTD.,400.95,403.9,394.65,396.6,394.9,399.3,,396.55,,,78004,31158446.8,2480,F1,1,,,,,
2026-07-15,2026-07-15,CM,NSE,STK,1145,INE162A01010,GIPCL,EQ,,,,,GUJ IND POW CO. LTD,165.0,167.4,164.02,164.75,164.5,166.31,,164.73,,,280667,46372013.01,4073,F1,1,,,,,
2026-07-15,2026-07-15,CM,NSE,STK,1174,INE113A01013,GNFC,EQ,,,,,GUJ NAR VAL FER & CHEM L,494.4,505.9,494.0,498.55,498.5,493.85,,498.55,,,276385,138261740.3,8903,F1,1,,,,,
2026-07-15,2026-07-15,CM,NSE,STK,1247,INE026A01025,GSFC,EQ,,,,,GUJ STATE FERT & CHEM LTD,159.78,162.39,158.87,159.76,159.75,159.32,,159.75,,,404926,64821710.56,7080,F1,1,,,,,
2026-07-15,2026-07-15,CM,NSE,STK,14677,INE826C01016,GUJAPOLLO,EQ,,,,,GUJ. APOLLO IND. LTD.,362.5,363.9,354.55,355.55,354.75,362.35,,355.55,,,8519,3050339.2,513,F1,1,,,,,
2026-07-15,2026-07-15,CM,NSE,STK,1267,INE186A01019,GUJALKALI,EQ,,,,,GUJARAT ALKALIES & CHEM,605.0,606.0,591.2,594.45,601.0,600.75,,594.55,,,25256,15123245.15,1336,F1,1,,,,,
2026-07-15,2026-07-15,CM,NSE,STK,8828,INE036B01030,GAEL,EQ,,,,,GUJARAT AMBUJA EXPORTS LT,150.73,152.08,148.55,149.4,149.23,150.36,,149.41,,,547358,82051773.57,12953,F1,1,,,,,
2026-07-15,2026-07-15,CM,NSE,STK,10603,INE844O01030,GUJENERGY,BE,,,,,GUJARAT ENERGY LIMITED,284.8,287.15,284.2,285.65,286.0,284.95,,285.65,,,253505,72437944.9,8958,F1,1,,,,,
2026-07-15,2026-07-15,CM,NSE,STK,13750,INE09N301011,FLUOROCHEM,EQ,,,,,GUJARAT FLUOROCHEM LTD,3923.9,4148.9,3923.9,4131.6,4120.0,3923.9,,4131.6,,,541467,2195025743.2,56990,F1,1,,,,,
2026-07-15,2026-07-15,CM,NSE,STK,761197,INE0V0W01025,GKSL,EQ,,,,,GUJARAT KIDNEY N SUP SP L,132.51,134.5,131.0,131.43,131.87,132.74,,131.43,,,87129,11572103.08,2055,F1,1,,,,,
2026-07-15,2026-07-15,CM,NSE,STK,8412,INE540A01017,GLFL,BE,,,,,GUJARAT LEASE FINANCING L,5.59,5.6,5.59,5.6,5.6,5.7,,6.09,,,637,3561.98,9,F1,1,,,,,
2026-07-15,2026-07-15,CM,NSE,STK,5204,INE131A01031,GMDCLTD,EQ,,,,,GUJARAT MINERAL DEV CORP,588.0,602.8,588.0,596.1,596.0,586.0,,596.05,,,1250224,745093172.3,28242,F1,1,,,,,
2026-07-15,2026-07-15,CM,NSE,STK,762690,INE207H01018,GNRL,EQ,,,,,GUJARAT NATURAL RES L,97.16,100.0,96.7,98.42,100.0,97.45,,98.41,,,178115,17598929.64,3707,F1,1,,,,,
2026-07-15,2026-07-15,CM,NSE,STK,19731,INE517F01014,GPPL,EQ,,,,,GUJARAT PIPAVAV PORT LTD,152.15,153.02,150.5,151.34,151.2,151.18,,151.34,,,1609613,243731198.97,13674,F1,1,,,,,
2026-07-15,2026-07-15,CM,NSE,STK,4548,INE610B01024,GUJRAFFIA,EQ,,,,,GUJARAT RAFFIA INDUST LTD,40.48,40.48,39.31,39.75,39.83,39.63,,39.75,,,2214,88154.79,48,F1,1,,,,,
2026-07-15,2026-07-15,CM,NSE,STK,29731,INE942C01045,GUJTHEM,EQ,,,,,GUJARAT THEMIS BIOSYN LTD,372.05,381.0,363.9,372.05,373.0,371.9,,372.05,,,77876,29104568.55,3992,F1,1,,,,,
2026-07-15,2026-07-15,CM,NSE,STK,4391,INE635Q01029,GULFOILLUB,EQ,,,,,GULF OIL LUB. IND. LTD.,1042.9,1043.9,1013.9,1026.3,1017.0,1033.5,,1026.3,,,86770,89792153.4,12961,F1,1,,,,,
2026-07-15,2026-07-15,CM,NSE,STK,6286,INE255D01024,GULPOLY,EQ,,,,,GULSHAN POLYOLS LIMITED,188.0,188.89,180.0,181.7,182.64,186.29,,181.7,,,151873,27892608.06,2307,F1,1,,,,,
2026-07-15,2026-07-15,CM,NSE,STK,759264,INE1CCX01012,GURUNANAK,ST,,,,,GURUNANAK AGRICULTUR IN L,42.6,42.6,42.6,42.6,42.6,42.6,,42.6,,,6400,272640.0,1,F1,1600,,,,,
2026-07-15,2026-07-15,CM,NSE,STK,13229,INE251H01024,GVKPIL,BE,,,,,GVK POW. & INFRA LTD.,2.52,2.53,2.5,2.52,2.53,2.49,,2.52,,,449908,1136569.99,733,F1,1,,,,,
2026-07-15,2026-07-15,CM,NSE,STK,10865,INE382T01030,GVPTECH,EQ,,,,,GVP INFOTECH LIMITED,6.66,6.85,6.66,6.78,6.78,6.66,,6.78,,,23410,158422.35,169,F1,1,,,,,
2026-07-15,2026-07-15,CM,NSE,STK,764050,INE724A01017,GYFTR,EQ,,,,,GYFTR LIMITED,166.5,167.53,163.1,163.32,164.4,165.68,,163.24,,,31632,5228580.84,730,F1,1,,,,,
2026-07-15,2026-07-15,CM,NSE,STK,762712,INE640B01021,HBESD,EQ,,,,,H B ESTATE DEVELOPERS L,74.5,75.59,74.5,74.5,74.5,73.01,,74.5,,,541,40425.7,11,F1,1,,,,,
2026-07-15,2026-07-15,CM,NSE,STK,1672,INE926X01010,HGINFRA,EQ,,,,,H.G.INFRA ENGINEERING LTD,556.2,562.2,553.25,556.3,555.0,557.65,,556.35,,,43163,24051624.45,2554,F1,1,,,,,
2026-07-15,2026-07-15,CM,NSE,STK,760715,INE115S01010,HALDER,EQ,,,,,HALDER VENTURE LIMITED,229.72,231.0,226.88,230.52,230.96,227.97,,230.66,,,26247,6020045.87,211,F1,1,,,,,
2026-07-15,2026-07-15,CM,NSE,STK,762708,INE506D01020,HALDYNGL,BE,,,,,HALDYN GLASS LTD.,121.0,126.5,120.0,124.09,124.3,120.77,,124.09,,,43337,5376804.51,239,F1,1,,,,,
2026-07-15,2026-07-15,CM,NSE,STK,21551,INE320X01016,HALEOSLABS,EQ,,,,,HALEOS LABS LIMITED,1646.8,1647.7,1571.4,1623.6,1612.1,1592.0,,1623.6,,,841,1355627.3,147,F1,1,,,,,
2026-07-15,2026-07-15,CM,NSE,STK,13592,INE596H01014,HGM,EQ,,,,,HANDSON GBL MNGMNT LTD,51.66,51.66,49.2,49.92,49.44,50.65,,49.92,,,1878,93924.13,56,F1,1,,,,,
2026-07-15,2026-07-15,CM,NSE,STK,48,INE419U01012,HAPPSTMNDS,EQ,,,,,HAPPIEST MINDS TECHNO LTD,391.0,395.75,383.2,384.15,383.25,392.8,,384.15,,,1447365,562296045.9,32901,F1,1,,,,,
2026-07-15,2026-07-15,CM,NSE,STK,20854,INE330T01021,HAPPYFORGE,EQ,,,,,HAPPY FORGINGS LIMITED,1610.3,1636.5,1593.3,1617.4,1613.0,1591.9,,1617.4,,,76398,123810188.2,13219,F1,1,,,,,
2026-07-15,2026-07-15,CM,NSE,STK,8962,INE626Z01029,HARDWYN,EQ,,,,,HARDWYN INDIA LIMITED,19.5,20.14,15.57,15.57,15.57,19.46,,15.57,,,25410172,417572030.21,42972,F1,1,,,,,
2026-07-15,2026-07-15,CM,NSE,STK,8968,INE00EV01017,HARIOMPIPE,EQ,,,,,HARIOM PIPE INDUSTRIES L,401.9,417.35,398.3,408.35,407.0,400.45,,408.35,,,686375,279342171.65,14053,F1,1,,,,,
2026-07-15,2026-07-15,CM,NSE,STK,1313,INE544A01019,HARRMALAYA,EQ,,,,,HARRISON MALAYALAM LTD,229.8,229.8,215.27,219.19,218.2,226.48,,219.18,,,39312,8720241.86,1080,F1,1,,,,,
2026-07-15,2026-07-15,CM,NSE,STK,11162,INE0JUS01029,HARSHA,EQ,,,,,HARSHA ENGINEERS INT LTD,418.05,428.55,416.0,424.65,426.0,416.55,,424.65,,,132623,56365660.55,4013,F1,1,,,,,
2026-07-15,2026-07-15,CM,NSE,STK,18154,INE982F01036,HATHWAY,EQ,,,,,HATHWAY CABLE & DATACOM,11.37,11.42,11.12,11.21,11.22,11.28,,11.21,,,1668661,18796678.11,2369,F1,1,,,,,
2026-07-15,2026-07-15,CM,NSE,STK,3892,INE473B01035,HATSUN,EQ,,,,,HATSUN AGRO PRODUCT LTD.,938.55,941.95,924.0,932.55,932.0,933.5,,932.5,,,16134,15055235.95,2166,F1,1,,,,,
2026-07-15,2026-07-15,CM,NSE,STK,9819,INE176B01034,HAVELLS,EQ,,,,,HAVELLS INDIA LIMITED,1188.5,1195.6,1172.0,1177.4,1177.5,1187.3,,1177.4,,,969323,1147703815.2,40547,F1,1,,,,,
2026-07-15,2026-07-15,CM,NSE,STK,4444,INE979B01015,HAWKINCOOK,EQ,,,,,HAWKINS COOKERS LTD,8989.5,8989.5,8915.5,8963.0,8950.0,8977.0,,8962.5,,,613,5486888.5,412,F1,1,,,,,
2026-07-15,2026-07-15,CM,NSE,STK,4118,INE550B01022,HBSL,BE,,,,,HB STOCKHOLDINGS LIMITED,49.99,51.0,47.7,49.44,49.44,49.99,,49.44,,,2853,140342.56,54,F1,1,,,,,
2026-07-15,2026-07-15,CM,NSE,STK,13966,INE292B01021,HBLENGINE,EQ,,,,,HBL ENGINEERING LTD,747.0,759.45,745.0,754.95,754.5,743.3,,754.95,,,740053,558443300.6,24287,F1,1,,,,,
2026-07-15,2026-07-15,CM,NSE,STK,1327,INE236A01020,HCL-INSYS,EQ,,,,,HCL INFOSYSTEMS LTD,12.1,12.1,11.76,11.94,11.99,11.86,,11.94,,,68072,815281.89,459,F1,1,,,,,
2026-07-15,2026-07-15,CM,NSE,STK,7229,INE860A01027,HCLTECH,EQ,,,,,HCL TECHNOLOGIES LTD,1157.0,1181.6,1144.5,1168.0,1166.9,1166.7,,1168.0,,,3253196,3799904436.1,112527,F1,1,,,,,
2026-07-15,2026-07-15,CM,NSE,STK,757772,INE756I01012,HDBFS,EQ,,,,,HDB FINANCIAL SERVICES L,748.5,758.0,744.05,751.7,755.2,743.9,,751.7,,,406750,305547654.25,17658,F1,1,,,,,
2026-07-15,2026-07-15,CM,NSE,STK,4244,INE127D01025,HDFCAMC,EQ,,,,,HDFC AMC LIMITED,2681.7,2767.3,2673.7,2729.2,2724.0,2659.8,,2729.4,,,1658894,4503530921.2,70384,F1,1,,,,,
2026-07-15,2026-07-15,CM,NSE,STK,1333,INE040A01034,HDFCBANK,EQ,,,,,HDFC BANK LTD,811.0,819.7,809.7,815.45,815.0,809.4,,815.45,,,21488739,17523229835.8,250860,F1,1,,,,,
2026-07-15,2026-07-15,CM,NSE,STK,19543,INF179KC1981,HDFCGOLD,EQ,,,,,HDFC GOLD ETF,121.0,121.0,119.92,120.35,120.33,119.92,,120.35,,,5107847,614477678.13,11495,F1,1,,,,,
2026-07-15,2026-07-15,CM,NSE,STK,467,INE795G01014,HDFCLIFE,EQ,,,,,HDFC LIFE INS CO LTD,558.5,575.35,558.0,568.75,567.2,555.2,,568.75,,,4422146,2512810153.65,82566,F1,1,,,,,
2026-07-15,2026-07-15,CM,NSE,STK,14230,INF179KC1EZ4,HDFCBSE500,EQ,,,,,HDFCAMC - HDFCBSE500,37.43,38.49,37.21,37.41,38.49,37.43,,37.41,,,828014,30961097.71,347,F1,1,,,,,
2026-07-15,2026-07-15,CM,NSE,STK,11241,INF179KC1DJ0,HDFCGROWTH,EQ,,,,,HDFCAMC - HDFCGROWTH,115.11,115.43,114.75,115.03,115.16,114.84,,115.03,,,4179,480886.41,123,F1,1,,,,,
2026-07-15,2026-07-15,CM,NSE,STK,18279,INF179KC1JG3,HDFCLIQUID,EQ,,,,,HDFCAMC - HDFCLIQUID,1069.34,1069.34,1069.32,1069.33,1069.32,1069.19,,1069.33,,,47238,50513442.88,56,F1,1,,,,,
2026-07-15,2026-07-15,CM,NSE,STK,11547,INF179KC1HU8,HDFCLOWVOL,EQ,,,,,HDFCAMC - HDFCLOWVOL,20.56,20.65,20.47,20.49,20.57,20.36,,20.49,,,3648,74852.42,27,F1,1,,,,,
2026-07-15,2026-07-15,CM,NSE,STK,14236,INF179KC1HT0,HDFCMID150,EQ,,,,,HDFCAMC - HDFCMID150,23.49,23.52,23.3,23.41,23.4,23.31,,23.41,,,232813,5457131.51,1267,F1,1,,,,,
2026-07-15,2026-07-15,CM,NSE,STK,11538,INF179KC1HV6,HDFCMOMENT,EQ,,,,,HDFCAMC - HDFCMOMENT,31.09,31.15,30.81,30.84,30.9,30.91,,30.84,,,211430,6548325.36,509,F1,1,,,,,
2026-07-15,2026-07-15,CM,NSE,STK,10619,INF179KC1HS2,HDFCNEXT50,EQ,,,,,HDFCAMC - HDFCNEXT50,73.41,73.95,72.83,73.61,72.9,73.23,,73.61,,,330918,24378408.3,673,F1,1,,,,,
2026-07-15,2026-07-15,CM,NSE,STK,10633,INF179KC1HR4,HDFCNIF100,EQ,,,,,HDFCAMC - HDFCNIF100,26.29,26.58,25.9,25.98,26.01,26.29,,25.98,,,46315,1205973.32,592,F1,1,,,,,
2026-07-15,2026-07-15,CM,NSE,STK,22433,INF179KC1HY0,HDFCNIFBAN,EQ,,,,,HDFCAMC - HDFCNIFBAN,59.42,59.82,59.18,59.44,59.54,59.12,,59.44,,,140995,8416077.52,435,F1,1,,,,,
2026-07-15,2026-07-15,CM,NSE,STK,12101,INF179KC1IA8,HDFCNIFIT,EQ,,,,,HDFCAMC - HDFCNIFIT,30.24,30.64,30.23,30.45,30.51,30.6,,30.45,,,61016,1858267.8,304,F1,1,,,,,
2026-07-15,2026-07-15,CM,NSE,STK,11591,INF179KC1965,HDFCNIFTY,EQ,,,,,HDFCAMC - HDFCNIFTY,263.69,272.28,263.69,270.9,271.22,270.46,,270.91,,,25698,6975852.74,700,F1,1,,,,,
2026-07-15,2026-07-15,CM,NSE,STK,12108,INF179KC1HZ7,HDFCPVTBAN,EQ,,,,,HDFCAMC - HDFCPVTBAN,28.37,28.81,28.37,28.47,28.57,28.43,,28.47,,,270931,7760220.4,344,F1,1,,,,,
2026-07-15,2026-07-15,CM,NSE,STK,11255,INF179KC1DL6,HDFCQUAL,EQ,,,,,HDFCAMC - HDFCQUAL,56.9,57.15,56.78,56.92,56.85,56.92,,56.92,,,8119,462517.42,122,F1,1,,,,,
2026-07-15,2026-07-15,CM,NSE,STK,11593,INF179KC1HX2,HDFCSENSEX,EQ,,,,,HDFCAMC - HDFCSENSEX,89.6,89.6,87.1,87.45,87.32,87.42,,87.47,,,22488,1972572.63,432,F1,1,,,,,
2026-07-15,2026-07-15,CM,NSE,STK,10876,INF179KC1DI2,HDFCSILVER,EQ,,,,,HDFCAMC - HDFCSILVER,210.99,210.99,208.0,209.16,208.75,208.06,,209.16,,,3234351,676405979.74,11726,F1,1,,,,,
2026-07-15,2026-07-15,CM,NSE,STK,14233,INF179KC1FB2,HDFCSML250,EQ,,,,,HDFCAMC - HDFCSML250,180.86,182.9,180.85,181.97,181.8,180.71,,181.97,,,1543693,281192974.27,6721,F1,1,,,,,
2026-07-15,2026-07-15,CM,NSE,STK,11260,INF179KC1DK8,HDFCVALUE,EQ,,,,,HDFCAMC - HDFCVALUE,127.65,127.73,126.55,127.0,127.0,127.06,,127.0,,,1616,205564.89,57,F1,1,,,,,
2026-07-15,2026-07-15,CM,NSE,STK,22595,INF179KC1HW4,HDFCPSUBK,EQ,,,,,HDFCAMC HDFCPSUBK,84.5,85.57,84.0,84.78,84.89,84.1,,84.78,,,484305,41236856.97,459,F1,1,,,,,
2026-07-15,2026-07-15,CM,NSE,STK,19205,INE759V01019,HEADSUP,EQ,,,,,HEADS UP VENTURES LIMITED,6.61,6.85,6.61,6.76,6.84,6.61,,6.76,,,14611,99073.42,52,F1,1,,,,,
2026-07-15,2026-07-15,CM,NSE,STK,20063,INE019J01013,HEALTHX,EQ,,,,,HEALTH X PLATFORM LIMITED,341.8,346.05,325.0,330.5,330.0,334.35,,330.55,,,11275,3812228.55,457,F1,1,,,,,
2026-07-15,2026-07-15,CM,NSE,STK,15555,INE075I01017,HCG,EQ,,,,,HEALTHCARE GLOB. ENT. LTD,688.0,688.0,644.0,646.85,647.0,686.35,,646.9,,,1272119,831052925.2,18075,F1,1,,,,,
2026-07-15,2026-07-15,CM,NSE,STK,7425,INE558R01013,HECPROJECT,EQ,,,,,HEC INFRA PROJECTS LTD,126.77,129.98,122.0,123.57,123.1,128.56,,123.57,,,11448,1440631.82,345,F1,1,,,,,
2026-07-15,2026-07-15,CM,NSE,STK,1336,INE545A01024,HEG,EQ,,,,,HEG LTD,565.0,589.9,564.5,585.6,586.45,566.45,,585.6,,,2684592,1562364535.3,50354,F1,1,,,,,
2026-07-15,2026-07-15,CM,NSE,STK,2316,INE578A01017,HEIDELBERG,EQ,,,,,HEIDELBERGCEMENT (I) LTD,158.2,163.68,157.47,161.94,161.99,157.41,,161.95,,,252781,40886570.47,4041,F1,1,,,,,
2026-07-15,2026-07-15,CM,NSE,STK,701,INE0AJG01018,HEMIPROP,EQ,,,,,HEMISPHERE PROP IND LTD,138.0,138.38,136.1,136.78,137.48,136.76,,136.76,,,167839,23026240.06,1592,F1,1,,,,,
2026-07-15,2026-07-15,CM,NSE,STK,2614,INE694N01015,HERANBA,EQ,,,,,HERANBA INDUSTRIES LTD,180.06,184.2,179.9,180.56,180.21,180.72,,180.57,,,22241,4038669.59,739,F1,1,,,,,
2026-07-15,2026-07-15,CM,NSE,STK,4598,INE978A01027,HERITGFOOD,EQ,,,,,HERITAGE FOODS LTD,331.9,338.35,331.9,334.85,334.35,333.45,,334.85,,,273616,91814738.15,6879,F1,1,,,,,
2026-07-15,2026-07-15,CM,NSE,STK,1348,INE158A01026,HEROMOTOCO,EQ,,,,,HERO MOTOCORP LIMITED,4914.9,4958.0,4868.0,4876.2,4880.7,4878.3,,4876.2,,,596432,2930310326.5,69438,F1,1,,,,,
2026-07-15,2026-07-15,CM,NSE,STK,7048,INE782E01017,HESTERBIO,EQ,,,,,HESTER BIOSCIENCES LTD,2330.0,2550.0,2330.0,2412.2,2400.1,2386.8,,2412.2,,,96836,237280245.7,9503,F1,1,,,,,
2026-07-15,2026-07-15,CM,NSE,STK,27008,INE750M01017,HEXATRADEX,EQ,,,,,HEXA TRADEX LIMITED,160.2,162.95,160.2,160.6,160.6,160.35,,160.6,,,519,83555.2,26,F1,1,,,,,
2026-07-15,2026-07-15,CM,NSE,STK,750089,INE0JUI01012,HEXAGON,EQ,,,,,HEXAGON NUTRITION LIMITED,77.02,77.49,73.05,74.97,74.25,76.07,,74.97,,,2147027,160396238.04,12207,F1,1,,,,,
2026-07-15,2026-07-15,CM,NSE,STK,29666,INE093A01041,HEXT,EQ,,,,,HEXAWARE TECHNOLOGIES LTD,555.9,569.0,551.9,564.4,558.0,558.65,,564.35,,,353948,198765158.0,16157,F1,1,,,,,
2026-07-15,2026-07-15,CM,NSE,STK,21951,INE548A01028,HFCL,EQ,,,,,HFCL LIMITED,214.3,223.41,214.3,223.08,223.41,212.78,,223.07,,,32151413,7159580147.11,79255,F1,1,,,,,
2026-07-15,2026-07-15,CM,NSE,STK,18794,INE0PIC01017,HIGREEN,SM,,,,,HI GREEN CARBON LIMITED,139.2,141.95,137.15,138.7,137.15,141.1,,138.7,,,31200,4352600.0,36,F1,800,,,,,
2026-07-15,2026-07-15,CM,NSE,STK,2868,INE106T01025,HITECH,EQ,,,,,HI-TECH PIPES LIMITED,87.62,88.8,87.0,88.1,88.15,86.92,,88.09,,,329743,29050609.51,2776,F1,1,,,,,
2026-07-15,2026-07-15,CM,NSE,STK,759104,INE00RL01028,HILINFRA,BE,,,,,HIGHWAY INFRASTRUCTURE L,44.97,45.8,44.8,45.07,45.4,45.1,,45.07,,,28544,1288370.8,365,F1,1,,,,,
2026-07-15,2026-07-15,CM,NSE,STK,9668,INE475B01022,HIKAL,EQ,,,,,HIKAL LIMITED,238.6,248.7,237.23,240.8,240.98,237.22,,240.82,,,617604,150149902.35,11044,F1,1,,,,,
2026-07-15,2026-07-15,CM,NSE,STK,14631,INE788H01017,HILTON,BE,,,,,HILTON METAL FORGING LTD,22.0,23.11,21.91,22.8,22.99,22.02,,22.81,,,54431,1230894.84,287,F1,1,,,,,
2026-07-15,2026-07-15,CM,NSE,STK,14334,INE019C01026,HSCL,EQ,,,,,HIMADRI SPECIALITY CHEM L,676.0,684.5,674.0,681.55,680.4,671.4,,681.55,,,6528408,4445807036.9,49635,F1,1,,,,,
2026-07-15,2026-07-15,CM,NSE,STK,1360,INE049A01027,HIMATSEIDE,EQ,,,,,HIMATSINGKA SEIDE LTD,87.89,89.09,86.2,86.97,86.95,87.28,,86.95,,,536197,47050409.13,4818,F1,1,,,,,
2026-07-15,2026-07-15,CM,NSE,STK,13890,INE835D01023,HIRECT,EQ,,,,,HIND RECTIFIER LIMITED,1065.5,1274.8,1045.0,1273.6,1274.8,1062.4,,1273.5,,,1163210,1444712933.6,44076,F1,1,,,,,
2026-07-15,2026-07-15,CM,NSE,STK,1363,INE038A01020,HINDALCO,EQ,,,,,HINDALCO  INDUSTRIES  LTD,972.0,976.0,953.0,955.8,953.5,974.3,,955.8,,,5279138,5074937097.25,167029,F1,1,,,,,
2026-07-15,2026-07-15,CM,NSE,STK,4924,INE642Y01029,HINDCON,BE,,,,,HINDCON CHEMICALS LIMITED,21.7,21.7,21.01,21.53,21.45,21.68,,21.53,,,4974,105656.76,79,F1,1,,,,,
2026-07-15,2026-07-15,CM,NSE,STK,11796,INE05X901010,HPIL,EQ,,,,,HINDPRAKASH INDUSTRY LTD,124.3,126.9,120.1,125.0,125.0,124.39,,123.9,,,681,84417.07,58,F1,1,,,,,
2026-07-15,2026-07-15,CM,NSE,STK,14712,INE170I01016,HGS,EQ,,,,,HINDUJA GLOBAL SOLS. LTD.,452.0,453.0,435.0,445.8,440.0,453.6,,445.8,,,251421,111493590.95,6803,F1,1,,,,,
2026-07-15,2026-07-15,CM,NSE,STK,2303,INE066F01020,HAL,EQ,,,,,HINDUSTAN AERONAUTICS LTD,4444.4,4486.6,4414.6,4420.5,4420.0,4442.4,,4420.5,,,440343,1954824388.0,37054,F1,1,,,,,
2026-07-15,2026-07-15,CM,NSE,STK,1372,INE310C01029,HINDCOMPOS,EQ,,,,,HINDUSTAN COMPOSITES LTD.,452.0,464.45,448.85,450.25,448.85,448.85,,450.25,,,4475,2038843.75,318,F1,1,,,,,
2026-07-15,2026-07-15,CM,NSE,STK,1375,INE549A01026,HCC,EQ,,,,,HINDUSTAN CONSTRUCTION CO,23.17,23.54,23.05,23.2,23.27,23.03,,23.2,,,18698030,435286102.03,20120,F1,1,,,,,
2026-07-15,2026-07-15,CM,NSE,STK,17939,INE531E01026,HINDCOPPER,EQ,,,,,HINDUSTAN COPPER LTD,494.0,498.6,490.2,491.15,491.2,491.65,,491.15,,,1756305,867684209.2,31399,F1,1,,,,,
2026-07-15,2026-07-15,CM,NSE,STK,12173,INE254N01026,HNDFDS,EQ,,,,,HINDUSTAN FOODS LIMITED,557.8,568.75,555.65,560.65,559.0,557.8,,560.65,,,65046,36523991.1,4046,F1,1,,,,,
2026-07-15,2026-07-15,CM,NSE,STK,19211,INE871K01015,HMVL,EQ,,,,,HINDUSTAN MEDIA VENT LTD,91.8,92.0,85.71,89.07,92.0,89.77,,89.05,,,77758,6887680.03,1252,F1,1,,,,,
2026-07-15,2026-07-15,CM,NSE,STK,1403,INE345A01011,HINDOILEXP,EQ,,,,,HINDUSTAN OIL EXPLORATION,156.99,160.5,154.41,159.64,160.31,156.04,,159.65,,,728272,114951905.24,6774,F1,1,,,,,
2026-07-15,2026-07-15,CM,NSE,STK,1406,INE094A01015,HINDPETRO,EQ,,,,,HINDUSTAN PETROLEUM CORP,386.85,395.9,386.8,394.4,393.55,386.0,,394.4,,,4460216,1756705237.7,43983,F1,1,,,,,
2026-07-15,2026-07-15,CM,NSE,STK,1394,INE030A01027,HINDUNILVR,EQ,,,,,HINDUSTAN UNILEVER LTD.,2121.0,2128.5,2091.0,2102.6,2102.8,2120.2,,2102.6,,,2029614,4265378793.1,65065,F1,1,,,,,
2026-07-15,2026-07-15,CM,NSE,STK,1424,INE267A01025,HINDZINC,EQ,,,,,HINDUSTAN ZINC LIMITED,532.0,536.5,527.15,527.75,527.8,527.9,,527.75,,,3173632,1689759585.1,42809,F1,1,,,,,
2026-07-15,2026-07-15,CM,NSE,STK,15883,INE05AN01011,HINDWAREAP,EQ,,,,,HINDWARE HME INOVATON LTD,244.9,247.9,241.6,246.35,247.0,242.4,,246.35,,,34877,8577674.6,2052,F1,1,,,,,
2026-07-15,2026-07-15,CM,NSE,STK,19322,INE598C01011,HISARMETAL,EQ,,,,,HISAR METAL IND. LIMITED,154.23,155.1,154.2,154.2,154.2,154.2,,154.2,,,444,68467.42,10,F1,1,,,,,
2026-07-15,2026-07-15,CM,NSE,STK,18457,INE07Y701011,POWERINDIA,EQ,,,,,HITACHI ENERGY INDIA LTD,32695.0,34080.0,32650.0,33980.0,33935.0,32490.0,,33980.0,,,161755,5428247415.0,50679,F1,1,,,,,
2026-07-15,2026-07-15,CM,NSE,STK,15165,INE120D01012,HITECHCORP,BE,,,,,HITECH CORPORATION LTD,315.0,323.9,315.0,318.25,318.1,319.0,,318.95,,,10975,3494659.05,112,F1,1,,,,,
2026-07-15,2026-07-15,CM,NSE,STK,2289,INE461D01028,HLEGLAS,EQ,,,,,HLE GLASCOAT LIMITED,394.0,423.8,392.3,418.65,418.8,393.55,,418.65,,,602549,250729432.05,18436,F1,1,,,,,
2026-07-15,2026-07-15,CM,NSE,STK,1448,INE102A01024,HLVLTD,EQ,,,,,HLV LIMITED,7.5,7.74,7.4,7.45,7.53,7.49,,7.46,,,165227,1241875.37,636,F1,1,,,,,
2026-07-15,2026-07-15,CM,NSE,STK,17053,INE0ECP01024,HMAAGRO,EQ,,,,,HMA AGRO INDUSTRIES LTD,21.81,22.0,21.7,21.73,21.75,21.78,,21.73,,,159567,3479732.35,716,F1,1,,,,,
2026-07-15,2026-07-15,CM,NSE,STK,763691,INE2T2Q07212,850HMDA43,N0,,,,,HMDA 8.50% 2043 STRPP N,102887.95,102887.95,102887.95,102887.95,102887.95,100000.0,,102887.95,,,100,10288795.0,1,F1,1,,,,,
2026-07-15,2026-07-15,CM,NSE,STK,19698,INE262A01018,HMT,BZ,,,,,HMT LTD -,63.11,64.9,63.0,63.24,63.08,64.21,,63.24,,,3841,243398.9,92,F1,1,,,,,
2026-07-15,2026-07-15,CM,NSE,STK,23826,INE0S6S01017,HOACFOODS,ST,,,,,HOAC FOODS INDIA LIMITED,689.95,689.95,689.95,689.95,689.95,689.95,,689.95,,,375,258731.25,1,F1,375,,,,,
2026-07-15,2026-07-15,CM,NSE,STK,2056,INE481N01025,HOMEFIRST,EQ,,,,,HOME FIRST FIN CO IND LTD,1225.0,1250.6,1214.6,1247.1,1241.8,1223.1,,1247.1,,,107069,132842772.2,12173,F1,1,,,,,
2026-07-15,2026-07-15,CM,NSE,STK,19813,INE0J5401028,HONASA,EQ,,,,,HONASA CONSUMER LIMITED,474.4,480.0,468.65,470.75,469.55,474.4,,470.75,,,635041,300672041.45,29143,F1,1,,,,,
2026-07-15,2026-07-15,CM,NSE,STK,3138,INE634A01018,HONDAPOWER,EQ,,,,,HONDA I POWER PRODUCT LTD,2140.0,2141.9,2100.0,2107.2,2100.0,2119.5,,2106.7,,,2761,5847540.5,611,F1,1,,,,,
2026-07-15,2026-07-15,CM,NSE,STK,3417,INE671A01010,HONAUT,EQ,,,,,HONEYWELL AUTOMATION IND,38450.0,39705.0,38125.0,39540.0,39420.0,38060.0,,39540.0,,,4486,175805700.0,2295,F1,1,,,,,
2026-07-15,2026-07-15,CM,NSE,STK,17920,INE191I01012,HDIL,BZ,,,,,HOUSING DEV & INFRA LTD,1.71,1.74,1.68,1.7,1.69,1.7,,1.7,,,105292,179483.06,150,F1,1,,,,,
2026-07-15,2026-07-15,CM,NSE,STK,7376,INE0GSL01024,HPAL,EQ,,,,,HP ADHESIVES LIMITED,34.9,34.97,34.05,34.44,34.56,34.85,,34.44,,,28874,993567.37,507,F1,1,,,,,
2026-07-15,2026-07-15,CM,NSE,STK,29875,INE0VA601019,HPTL,SM,,,,,HP TELECOM INDIA LIMITED,294.0,295.0,293.0,295.0,295.0,294.0,,295.0,,,3000,883200.0,5,F1,600,,,,,
2026-07-15,2026-07-15,CM,NSE,STK,18679,INE495S01016,HPL,EQ,,,,,HPL ELECTRIC & POWER LTD,347.0,350.5,345.0,345.75,347.95,345.5,,345.75,,,77325,26886337.3,6240,F1,1,,,,,
2026-07-15,2026-07-15,CM,NSE,STK,21107,INE0R3501012,HRHNEXT,SM,,,,,HRH NEXT SERVICES LIMITED,28.65,28.65,27.55,27.55,27.55,28.65,,27.55,,,3000,84300.0,2,F1,1500,,,,,
2026-07-15,2026-07-15,CM,NSE,STK,761506,INF336L01RX2,HSBCGOLD,EQ,,,,,HSBCAMC - HSBCGOLD,126.0,126.8,119.1,122.65,122.3,125.62,,122.65,,,95761,11756584.81,322,F1,1,,,,,
2026-07-15,2026-07-15,CM,NSE,STK,20825,INE031A01017,HUDCO,EQ,,,,,HSG & URBAN DEV CORPN LTD,207.99,209.07,204.51,204.92,205.12,207.85,,204.93,,,1653081,341245733.8,15933,F1,1,,,,,
2026-07-15,2026-07-15,CM,NSE,STK,11979,INE501G01024,HTMEDIA,EQ,,,,,HT MEDIA LIMITED,27.2,27.7,27.02,27.41,27.41,27.16,,27.41,,,349213,9552666.68,1204,F1,1,,,,,
2026-07-15,2026-07-15,CM,NSE,STK,14203,INE703H01016,HUBTOWN,EQ,,,,,HUBTOWN LIMITED,206.0,210.68,202.95,204.2,204.61,205.77,,204.19,,,273867,56175529.64,4260,F1,1,,,,,
2026-07-15,2026-07-15,CM,NSE,STK,2562,INE275B01026,HUHTAMAKI,EQ,,,,,HUHTAMAKI INDIA LIMITED,216.95,223.05,215.82,222.29,222.9,215.78,,222.29,,,179266,39654510.93,3147,F1,1,,,,,
2026-07-15,2026-07-15,CM,NSE,STK,25708,INE0TO501019,HVAX,SM,,,,,HVAX TECHNOLOGIES LIMITED,709.0,709.0,709.0,709.0,709.0,709.95,,709.0,,,300,212700.0,2,F1,150,,,,,
2026-07-15,2026-07-15,CM,NSE,STK,12814,INE965B01022,HYBRIDFIN,BE,,,,,HYBRID FINANCIAL SERVICE,18.62,19.0,18.11,18.47,18.12,18.79,,18.53,,,7817,142954.86,51,F1,1,,,,,
2026-07-15,2026-07-15,CM,NSE,STK,25844,INE0V6F01027,HYUNDAI,EQ,,,,,HYUNDAI MOTOR INDIA LTD,1995.0,2044.0,1980.7,2002.9,2004.0,1959.7,,2002.9,,,1834296,3717085674.2,84953,F1,1,,,,,
2026-07-15,2026-07-15,CM,NSE,STK,14086,INE204A01010,IGPL,EQ,,,,,I G PETROCHEMICALS LTD,430.7,443.5,430.7,436.05,436.0,437.3,,436.0,,,9794,4285980.2,725,F1,1,,,,,
2026-07-15,2026-07-15,CM,NSE,STK,21348,INE0O7401018,IBLFL,SM,,,,,IBL FINANCE LIMITED,60.0,60.0,60.0,60.0,60.0,60.6,,60.0,,,2000,120000.0,1,F1,2000,,,,,
2026-07-15,2026-07-15,CM,NSE,STK,764067,INE0XE501015,ICELCO,ST,,,,,IC ELECTRICALS COMPANY L,153.1,166.75,151.45,164.05,165.5,159.4,,164.05,,,528000,81841380.0,274,F1,1200,,,,,
2026-07-15,2026-07-15,CM,NSE,STK,6977,INE613B01010,ICDSLTD,EQ,,,,,ICDS LTD,42.0,42.0,38.47,39.32,38.47,41.5,,39.47,,,876,35711.88,38,F1,1,,,,,
2026-07-15,2026-07-15,CM,NSE,STK,489,INE520Y01019,ICEMAKE,EQ,,,,,ICE MAKE REFRIGERAT LTD,790.5,805.0,783.15,788.15,788.0,786.25,,788.15,,,24410,19358290.5,1936,F1,1,,,,,
2026-07-15,2026-07-15,CM,NSE,STK,4963,INE090A01021,ICICIBANK,EQ,,,,,ICICI BANK LTD.,1412.9,1428.0,1409.2,1416.2,1411.1,1407.7,,1416.2,,,12961648,18380061223.5,203709,F1,1,,,,,
2026-07-15,2026-07-15,CM,NSE,STK,21770,INE765G01017,ICICIGI,EQ,,,,,ICICI LOMBARD GIC LIMITED,1800.0,1821.9,1790.9,1814.6,1815.0,1788.1,,1814.5,,,637190,1154176105.1,38451,F1,1,,,,,
2026-07-15,2026-07-15,CM,NSE,STK,21254,INF109KC19U5,LOWVOLIETF,EQ,,,,,ICICI PR NIF LW VL 30 ETF,22.31,22.31,21.74,22.08,22.08,21.99,,22.08,,,1588136,35050603.2,986,F1,1,,,,,
2026-07-15,2026-07-15,CM,NSE,STK,18652,INE726G01019,ICICIPRULI,EQ,,,,,ICICI PRU LIFE INS CO LTD,506.7,531.95,502.6,525.15,523.0,503.95,,525.15,,,7283643,3812313772.75,104708,F1,1,,,,,
2026-07-15,2026-07-15,CM,NSE,STK,17702,INF109KC10W0,MIDSELIETF,EQ,,,,,ICICI PRUD MIDCAP SEL ETF,19.44,19.45,19.29,19.33,19.37,19.3,,19.33,,,274991,5322597.96,546,F1,1,,,,,
2026-07-15,2026-07-15,CM,NSE,STK,30392,INF109KC16V9,NIF100IETF,EQ,,,,,ICICI PRUD NIFTY 100 ETF,27.26,28.65,27.26,27.97,28.0,27.96,,27.97,,,59042,1656864.42,1409,F1,1,,,,,
2026-07-15,2026-07-15,CM,NSE,STK,29553,INF109K012R6,NIFTYIETF,EQ,,,,,ICICI PRUD NIFTY ETF,273.72,273.92,271.51,272.27,272.42,271.91,,272.28,,,350623,95754724.15,13659,F1,1,,,,,
2026-07-15,2026-07-15,CM,NSE,STK,4378,INF346A01034,SENSEXIETF,EQ,,,,,ICICI PRUD SENSEX ETF,886.77,891.88,882.0,885.29,888.0,884.71,,885.19,,,6846,6081971.76,431,F1,1,,,,,
2026-07-15,2026-07-15,CM,NSE,STK,760407,INE346A01027,ICICIAMC,EQ,,,,,ICICI PRUDENTIAL AMC LTD,3170.0,3174.8,3070.2,3147.5,3149.9,3165.8,,3147.5,,,950084,2958535616.5,68288,F1,1,,,,,
2026-07-15,2026-07-15,CM,NSE,STK,19679,INF109KC1NT3,GOLDIETF,EQ,,,,,ICICI PRUDENTIAL GOLD ETF,121.65,121.65,117.18,120.58,120.65,120.19,,120.58,,,2193078,264623112.27,26273,F1,1,,,,,
2026-07-15,2026-07-15,CM,NSE,STK,17475,INF109KC11V0,NV20IETF,EQ,,,,,ICICI PRUDENTIAL NV20 ETF,14.05,14.05,13.6,13.76,13.8,13.75,,13.76,,,136927,1885471.34,1329,F1,1,,,,,
2026-07-15,2026-07-15,CM,NSE,STK,522,INF109KB15Y7,ICICIB22,EQ,,,,,ICICIPRAMC - BHARATIWIN,116.26,116.97,115.53,115.74,115.76,116.23,,115.74,,,322204,37369437.75,3448,F1,1,,,,,
2026-07-15,2026-07-15,CM,NSE,STK,30139,INF109K1A021,CASHIETF,EQ,,,,,ICICIPRAMC - CASHIETF,1071.0,1071.96,1070.7,1070.86,1070.85,1070.71,,1070.86,,,125826,134742844.69,482,F1,1,,,,,
2026-07-15,2026-07-15,CM,NSE,STK,755881,INF109K1A153,EVIETF,EQ,,,,,ICICIPRAMC - EVIETF,31.25,31.5,31.19,31.39,31.5,31.19,,31.39,,,141718,4444688.09,491,F1,1,,,,,
2026-07-15,2026-07-15,CM,NSE,STK,13143,INF109KC18O0,GSEC10IETF,EQ,,,,,ICICIPRAMC - ICICI10GS,265.09,265.62,261.94,262.14,261.94,265.0,,262.14,,,334,87561.03,4,F1,1,,,,,
2026-07-15,2026-07-15,CM,NSE,STK,3001,INF109KC1V59,BSE500IETF,EQ,,,,,ICICIPRAMC - ICICI500,39.17,39.45,39.17,39.28,39.3,39.17,,39.28,,,165254,6497396.13,1171,F1,1,,,,,
2026-07-15,2026-07-15,CM,NSE,STK,8342,INF109KC14A8,GSEC5IETF,EQ,,,,,ICICIPRAMC - ICICI5GSEC,66.19,68.0,65.8,66.07,68.0,65.92,,66.07,,,12799,845893.27,34,F1,1,,,,,
2026-07-15,2026-07-15,CM,NSE,STK,22344,INF109KC17V7,ALPL30IETF,EQ,,,,,ICICIPRAMC - ICICIALPLV,27.59,27.76,27.58,27.69,27.69,27.56,,27.69,,,904620,25039006.11,679,F1,1,,,,,
2026-07-15,2026-07-15,CM,NSE,STK,7844,INF109KC10V2,AUTOIETF,EQ,,,,,ICICIPRAMC - ICICIAUTO,27.69,27.78,27.44,27.59,27.58,27.49,,27.59,,,180158,4980132.95,1189,F1,1,,,,,
2026-07-15,2026-07-15,CM,NSE,STK,11386,INF109KC18U7,PVTBANIETF,EQ,,,,,ICICIPRAMC - ICICIBANKP,28.3,28.56,28.19,28.31,28.28,28.19,,28.31,,,8032201,228470991.65,2180,F1,1,,,,,
2026-07-15,2026-07-15,CM,NSE,STK,13198,INF109KC19O8,COMMOIETF,EQ,,,,,ICICIPRAMC - ICICICOMMO,100.3,101.1,99.84,99.98,100.1,100.3,,99.98,,,25674,2577056.46,444,F1,1,,,,,
2026-07-15,2026-07-15,CM,NSE,STK,6446,INF109KC1V42,CONSUMIETF,EQ,,,,,ICICIPRAMC - ICICICONSU,120.52,121.0,120.22,120.62,120.93,120.0,,120.62,,,6110,737209.11,208,F1,1,,,,,
2026-07-15,2026-07-15,CM,NSE,STK,5306,INF109KC19V3,FMCGIETF,EQ,,,,,ICICIPRAMC - ICICIFMCG,52.16,52.32,51.77,51.91,51.99,52.15,,51.91,,,1085710,56435858.35,3857,F1,1,,,,,
2026-07-15,2026-07-15,CM,NSE,STK,10723,INF109KC16E5,INFRAIETF,EQ,,,,,ICICIPRAMC - ICICIINFRA,96.5,97.0,96.0,96.17,96.0,96.3,,96.17,,,140725,13552195.34,1168,F1,1,,,,,
2026-07-15,2026-07-15,CM,NSE,STK,4838,INF109KC1KT9,LIQUIDIETF,EQ,,,,,ICICIPRAMC - ICICILIQ,999.99,1000.01,999.99,999.99,1000.0,999.99,,999.99,,,394062,394061856.2,193,F1,1,,,,,
2026-07-15,2026-07-15,CM,NSE,STK,17152,INF109KC11W8,MIDCAPIETF,EQ,,,,,ICICIPRAMC - ICICIM150,23.85,24.03,23.84,23.96,24.0,23.85,,23.96,,,1085490,26033844.28,2203,F1,1,,,,,
2026-07-15,2026-07-15,CM,NSE,STK,10585,INF109KC17C7,MOM30IETF,EQ,,,,,ICICIPRAMC - ICICIMOM30,31.21,31.41,31.03,31.13,31.2,31.15,,31.15,,,724810,22625866.64,1510,F1,1,,,,,
2026-07-15,2026-07-15,CM,NSE,STK,4529,INF109KC1NS5,NEXT50IETF,EQ,,,,,ICICIPRAMC - ICICINXT50,76.24,76.35,75.79,75.9,75.97,75.77,,75.9,,,552225,42034677.16,3775,F1,1,,,,,
2026-07-15,2026-07-15,CM,NSE,STK,3626,INF109KC1Q72,HEALTHIETF,EQ,,,,,ICICIPRAMC - ICICIPHARM,169.31,170.5,168.0,169.6,168.0,168.33,,169.6,,,117122,19887884.0,1259,F1,1,,,,,
2026-07-15,2026-07-15,CM,NSE,STK,17808,INF109KC18V5,QUAL30IETF,EQ,,,,,ICICIPRAMC - ICICIQTY30,20.66,20.79,20.59,20.65,20.59,20.66,,20.65,,,283544,5855772.03,252,F1,1,,,,,
2026-07-15,2026-07-15,CM,NSE,STK,7942,INF109KC1Y56,SILVERIETF,EQ,,,,,ICICIPRAMC - ICICISILVE,219.9,219.9,216.96,217.82,218.0,216.88,,217.83,,,2474422,539147634.82,15760,F1,1,,,,,
2026-07-15,2026-07-15,CM,NSE,STK,22365,INF109KC16I6,ITIETF,EQ,,,,,ICICIPRAMC - ICICITECH,31.77,31.89,31.34,31.66,31.7,31.77,,31.65,,,777751,24650328.46,1357,F1,1,,,,,
2026-07-15,2026-07-15,CM,NSE,STK,11037,INF109KC15I8,BANKIETF,EQ,,,,,ICICIPRAMC - IPRU5008,59.41,59.63,58.97,59.21,59.2,58.96,,59.21,,,225064,13356376.69,1014,F1,1,,,,,
2026-07-15,2026-07-15,CM,NSE,STK,24861,INF109KC19W1,METALIETF,EQ,,,,,ICICIPRAMC - METALIETF,12.93,12.93,12.63,12.64,12.66,12.77,,12.64,,,4656740,59267446.02,8432,F1,1,,,,,
2026-07-15,2026-07-15,CM,NSE,STK,24533,INF109KC18W3,OILIETF,EQ,,,,,ICICIPRAMC - OILIETF,11.26,11.38,11.26,11.33,11.33,11.25,,11.33,,,1298230,14732677.24,1728,F1,1,,,,,
2026-07-15,2026-07-15,CM,NSE,STK,14584,INF109KC10S8,PSUBNKIETF,EQ,,,,,ICICIPRAMC - PSUBANKICI,84.77,85.8,84.57,85.02,85.1,84.52,,85.02,,,128414,10941385.59,731,F1,1,,,,,
2026-07-15,2026-07-15,CM,NSE,STK,754612,INF109K1A476,SMALLIETF,EQ,,,,,ICICIPRAMC - SMALLIETF,18.13,18.19,18.04,18.09,18.15,18.0,,18.09,,,23173,419845.49,56,F1,1,,,,,
2026-07-15,2026-07-15,CM,NSE,STK,757781,INF109K1A344,TOP15IETF,EQ,,,,,ICICIPRAMC - TOP15IETF,9.81,10.0,9.75,9.86,10.0,9.79,,9.86,,,44324,435011.52,252,F1,1,,,,,
2026-07-15,2026-07-15,CM,NSE,STK,25851,INF109KC16X5,VAL30IETF,EQ,,,,,ICICIPRAMC - VAL30IETF,15.24,15.37,15.2,15.21,15.33,15.24,,15.21,,,983520,14987115.59,1258,F1,1,,,,,
2026-07-15,2026-07-15,CM,NSE,STK,12578,INF109KC17L8,FINIETF,EQ,,,,,ICICIPRAMC-ICICIFIN,32.91,33.09,32.68,32.81,32.9,32.62,,32.81,,,697715,23005905.01,1069,F1,1,,,,,
2026-07-15,2026-07-15,CM,NSE,STK,14523,INE725G01011,ICRA,EQ,,,,,ICRA LIMITED,5275.5,5325.0,5233.0,5241.0,5240.0,5249.5,,5241.0,,,36364,192474968.0,6787,F1,1,,,,,
2026-07-15,2026-07-15,CM,NSE,STK,1476,INE008A01015,IDBI,EQ,,,,,IDBI BANK LIMITED,87.5,89.94,85.52,86.23,85.95,86.54,,86.23,,,47957138,4214327786.92,119898,F1,1,,,,,
2026-07-15,2026-07-15,CM,NSE,STK,17142,INE349Y01013,IDEAFORGE,BE,,,,,IDEAFORGE TECHNO LTD,905.0,915.0,874.0,877.75,877.85,903.2,,877.75,,,212238,189606701.3,6360,F1,1,,,,,
2026-07-15,2026-07-15,CM,NSE,STK,24950,INE0T9I01011,IDEALTECHO,SM,,,,,IDEAL TECHNOPLAST IND LTD,185.0,185.0,165.0,165.0,165.0,185.0,,165.0,,,1500,267500.0,3,F1,500,,,,,
2026-07-15,2026-07-15,CM,NSE,STK,28574,INE0TD101011,IDENTICAL,SM,,,,,IDENTICAL BRAINS STUDIO L,18.0,18.75,17.5,17.5,17.5,17.5,,17.5,,,6000,108500.0,3,F1,2000,,,,,
2026-07-15,2026-07-15,CM,NSE,STK,11184,INE092T01019,IDFCFIRSTB,EQ,,,,,IDFC FIRST BANK LIMITED,79.42,80.47,79.26,79.47,79.43,79.27,,79.47,,,9684988,772987557.68,56410,F1,1,,,,,
2026-07-15,2026-07-15,CM,NSE,STK,9300,INE076C01018,IFBAGRO,BE,,,,,IFB AGRO INDUSTRIES LTD,971.1,996.0,940.05,982.3,980.0,984.45,,982.3,,,4872,4717303.55,266,F1,1,,,,,
2026-07-15,2026-07-15,CM,NSE,STK,1485,INE559A01017,IFBIND,EQ,,,,,IFB INDUSTRIES LTD,1381.0,1406.2,1373.0,1376.2,1376.1,1384.1,,1376.2,,,60519,83916578.4,8644,F1,1,,,,,
2026-07-15,2026-07-15,CM,NSE,STK,1491,INE039A01010,IFCI,EQ,,,,,IFCI LTD,74.52,75.84,73.75,74.14,74.16,74.52,,74.13,,,12434952,929495721.87,34798,F1,1,,,,,
2026-07-15,2026-07-15,CM,NSE,STK,436,INE133Y01011,IFGLEXPOR,EQ,,,,,IFGL REFRACTORIES LIMITED,215.5,225.89,215.5,221.79,220.4,214.86,,221.69,,,37960,8450082.93,1612,F1,1,,,,,
2026-07-15,2026-07-15,CM,NSE,STK,634,INE188B01013,IGARASHI,EQ,,,,,IGARASHI MOTORS INDIA LTD,466.0,481.2,464.0,465.9,466.0,464.0,,465.9,,,70204,33137773.0,2643,F1,1,,,,,
2026-07-15,2026-07-15,CM,NSE,STK,761116,INE530B07658,837IIFL28,Y4,,,,,IIFL 8.37% TR I SR I,988.8,988.8,988.8,988.8,988.8,988.5,,989.65,,,30,29664.0,1,F1,1,,,,,
2026-07-15,2026-07-15,CM,NSE,STK,761118,INE530B07633,865IIFL31,Y6,,,,,IIFL 8.65% TR I SR III,990.0,990.0,990.0,990.0,990.0,986.0,,990.0,,,49,48510.0,1,F1,1,,,,,
2026-07-15,2026-07-15,CM,NSE,STK,761120,INE530B07575,885IIFL29,Y8,,,,,IIFL 8.85% TR I SR V,1025.0,1025.0,1025.0,1025.0,1025.0,1034.0,,1025.0,,,10,10250.0,1,F1,1,,,,,
2026-07-15,2026-07-15,CM,NSE,STK,761121,INE530B07609,9IIFL31,Y9,,,,,IIFL 9.00% TR I SR VI,1008.0,1008.0,1008.0,1008.0,1008.0,1000.0,,990.1,,,68,68544.0,1,F1,1,,,,,
2026-07-15,2026-07-15,CM,NSE,STK,13072,INE489L01022,IIFLCAPS,EQ,,,,,IIFL CAPITAL SERVICES LTD,337.6,339.9,337.55,338.15,338.3,338.1,,338.15,,,140304,47494850.7,6395,F1,1,,,,,
2026-07-15,2026-07-15,CM,NSE,STK,11809,INE530B01024,IIFL,EQ,,,,,IIFL FINANCE LIMITED,543.0,546.95,537.6,543.6,544.75,541.5,,543.6,,,1333321,724101242.85,47367,F1,1,,,,,
2026-07-15,2026-07-15,CM,NSE,STK,761122,INE530B07583,IIFL060326,YA,,,,,IIFL TR I SR VII,996.0,996.0,996.0,996.0,996.0,996.0,,996.0,,,50,49800.0,1,F1,1,,,,,
2026-07-15,2026-07-15,CM,NSE,STK,16822,INE0LOJ01019,IKIO,EQ,,,,,IKIO TECHNOLOGIES LIMITED,214.67,222.4,208.41,215.66,214.8,214.04,,215.68,,,1148251,247329988.5,19915,F1,1,,,,,
2026-07-15,2026-07-15,CM,NSE,STK,9380,INE369I01014,IL&FSENGG,BZ,,,,,IL&FS ENG AND CONS CO LTD,28.0,29.03,26.51,28.45,28.45,27.74,,28.37,,,24181,687803.39,72,F1,1,,,,,
2026-07-15,2026-07-15,CM,NSE,STK,6711,INE050B01023,IVC,EQ,,,,,IL&FS INVESTMENT MANAGERS,8.16,8.9,8.08,8.36,8.4,8.12,,8.36,,,466903,3945241.81,1505,F1,1,,,,,
2026-07-15,2026-07-15,CM,NSE,STK,9381,INE975G01012,IL&FSTRANS,BZ,,,,,IL&FS TRANS NET LTD,2.2,2.2,2.09,2.12,2.18,2.19,,2.12,,,20750,44769.58,73,F1,1,,,,,
2026-07-15,2026-07-15,CM,NSE,STK,7672,INE172N01012,IMAGICAA,EQ,,,,,IMAGICAAWORLD ENT LTD,47.1,48.51,47.1,48.14,48.25,47.01,,48.14,,,556922,26742518.38,2494,F1,1,,,,,
2026-07-15,2026-07-15,CM,NSE,STK,17507,INE452L01012,INCREDIBLE,EQ,,,,,INCREDIBLE INDUSTRIES LTD,34.0,34.0,33.19,33.5,33.5,33.98,,33.78,,,1148,38826.98,25,F1,1,,,,,
2026-07-15,2026-07-15,CM,NSE,STK,12009,INE547E01014,IMPAL,EQ,,,,,IND MOTOR PART & ACC LTD,1140.0,1152.5,1111.4,1119.2,1119.0,1144.9,,1118.5,,,4776,5378369.1,614,F1,1,,,,,
2026-07-15,2026-07-15,CM,NSE,STK,4870,INE915B01019,INDSWFTLAB,EQ,,,,,IND SWIFT LABORATORIES LT,230.0,233.79,220.02,226.82,227.3,229.86,,226.81,,,619285,140401700.1,8432,F1,1,,,,,
2026-07-15,2026-07-15,CM,NSE,STK,21957,INE611L01021,INDTERRAIN,EQ,,,,,IND TERRAIN FASHIONS LTD,31.43,31.95,30.12,30.22,30.3,30.94,,30.22,,,26700,814432.52,148,F1,1,,,,,
2026-07-15,2026-07-15,CM,NSE,STK,16933,INE841B01017,INDBANK,EQ,,,,,INDBANK MERCH BANK,33.32,33.69,33.15,33.28,33.18,33.28,,33.28,,,14137,472851.46,226,F1,1,,,,,
2026-07-15,2026-07-15,CM,NSE,STK,29678,INE0O9T01021,BAJAJINDEF,EQ,,,,,INDEF MANUFACTURING LTD,245.45,247.8,239.8,242.1,241.0,243.4,,242.05,,,19068,4630925.3,569,F1,1,,,,,
2026-07-15,2026-07-15,CM,NSE,STK,23693,INE065X01017,INDGN,EQ,,,,,INDEGENE LIMITED,505.65,515.5,505.65,511.0,510.3,506.85,,510.75,,,87535,44811831.85,6173,F1,1,,,,,
2026-07-15,2026-07-15,CM,NSE,STK,1521,INE560A01023,INDIAGLYCO,EQ,,,,,INDIA GLYCOLS LTD,1110.0,1170.4,1100.0,1137.35,1135.0,1102.65,,1137.4,,,708863,815410841.45,34096,F1,1,,,,,
2026-07-15,2026-07-15,CM,NSE,STK,4747,INE092B01025,INDNIPPON,EQ,,,,,INDIA NIPPON ELECT  LTD,1215.0,1227.4,1167.3,1173.0,1175.9,1209.6,,1173.1,,,43669,51922911.2,4123,F1,1,,,,,
2026-07-15,2026-07-15,CM,NSE,STK,4934,INE0D6701023,IPL,EQ,,,,,INDIA PESTICIDES LIMITED,155.5,158.9,155.5,156.17,156.59,155.26,,156.16,,,86907,13671601.53,1384,F1,1,,,,,
2026-07-15,2026-07-15,CM,NSE,STK,20556,INE922K01024,INDIASHLTR,EQ,,,,,INDIA SHELTER FIN CORP L,815.05,823.05,810.3,815.2,817.1,815.95,,815.2,,,87261,71167347.85,10563,F1,1,,,,,
2026-07-15,2026-07-15,CM,NSE,STK,19299,INE353K01014,ITDC,EQ,,,,,INDIA TOUR. DEV. CO. LTD.,685.55,820.0,685.15,793.9,773.0,683.45,,793.85,,,16519795,12798210963.85,358318,F1,1,,,,,
2026-07-15,2026-07-15,CM,NSE,STK,25003,INE126M01010,IBULLSLTD,BE,,,,,INDIABULLS LIMITED,31.5,31.9,30.2,31.59,31.6,30.9,,31.59,,,4921383,153691907.37,5053,F1,1,,,,,
2026-07-15,2026-07-15,CM,NSE,STK,10726,INE933S01016,INDIAMART,EQ,,,,,INDIAMART INTERMESH LTD,1920.0,1959.9,1913.0,1944.9,1933.0,1921.0,,1944.9,,,95900,186080143.1,17271,F1,1,,,,,
2026-07-15,2026-07-15,CM,NSE,STK,14309,INE562A01011,INDIANB,EQ,,,,,INDIAN BANK,835.15,849.75,827.2,830.55,829.9,833.45,,830.55,,,2550503,2142359163.05,62650,F1,1,,,,,
2026-07-15,2026-07-15,CM,NSE,STK,4422,INE061A01014,INDIANCARD,EQ,,,,,INDIAN CARD CLOTHING CO.,224.0,229.38,217.0,217.12,218.97,224.41,,217.04,,,5017,1108475.81,173,F1,1,,,,,
2026-07-15,2026-07-15,CM,NSE,STK,23789,INE0RRU01016,IEML,SM,,,,,INDIAN EMULSIFIERS LTD,41.65,41.65,39.7,40.5,40.6,41.75,,40.5,,,85500,3426650.0,108,F1,500,,,,,
2026-07-15,2026-07-15,CM,NSE,STK,220,INE022Q01020,IEX,EQ,,,,,INDIAN ENERGY EXC LTD,117.5,120.7,117.5,118.89,118.83,117.07,,118.9,,,5109783,610484051.59,34587,F1,1,,,,,
2026-07-15,2026-07-15,CM,NSE,STK,1530,INE323C01030,INDIANHUME,EQ,,,,,INDIAN HUME PIPE CO. LTD.,412.35,432.0,411.55,414.3,414.0,414.4,,414.3,,,340405,143563271.5,9741,F1,1,,,,,
2026-07-15,2026-07-15,CM,NSE,STK,19235,INE919H01018,IMFA,EQ,,,,,INDIAN METALS & FERRO,1425.0,1437.8,1382.6,1388.1,1391.0,1419.2,,1388.2,,,57084,80013544.0,5343,F1,1,,,,,
2026-07-15,2026-07-15,CM,NSE,STK,1624,INE242A01010,IOC,EQ,,,,,INDIAN OIL CORP LTD,137.9,140.5,137.16,140.24,140.01,137.05,,140.24,,,21309498,2973888107.09,90248,F1,1,,,,,
2026-07-15,2026-07-15,CM,NSE,STK,9348,INE565A01014,IOB,EQ,,,,,INDIAN OVERSEAS BANK,33.75,34.16,33.62,33.78,33.83,33.68,,33.78,,,2217846,75050696.72,10759,F1,1,,,,,
2026-07-15,2026-07-15,CM,NSE,STK,25033,INE0DHF01018,IPHL,SM,,,,,INDIAN PHOSPHATE LIMITED,55.0,55.0,54.1,54.1,54.1,56.0,,54.1,,,6000,327420.0,5,F1,1200,,,,,
2026-07-15,2026-07-15,CM,NSE,STK,13611,INE335Y01020,IRCTC,EQ,,,,,INDIAN RAIL TOUR CORP LTD,497.5,504.75,496.9,503.3,502.7,496.95,,503.3,,,975081,488731515.9,26161,F1,1,,,,,
2026-07-15,2026-07-15,CM,NSE,STK,2029,INE053F01010,IRFC,EQ,,,,,INDIAN RAILWAY FIN CORP L,88.8,90.0,88.6,88.87,88.76,88.71,,88.87,,,7302377,650939080.97,35779,F1,1,,,,,
2026-07-15,2026-07-15,CM,NSE,STK,20261,INE202E01016,IREDA,EQ,,,,,INDIAN RENEWABLE ENERGY,121.98,123.47,121.07,121.36,121.2,122.08,,121.36,,,3752247,457774596.48,23648,F1,1,,,,,
2026-07-15,2026-07-15,CM,NSE,STK,762727,INE586E01020,IWP,EQ,,,,,INDIAN WOOD PRODUCTS CO L,32.68,33.8,32.68,32.9,32.87,32.68,,32.91,,,3008,99283.89,33,F1,1,,,,,
2026-07-15,2026-07-15,CM,NSE,STK,2048,INE09VQ01012,INDIGOPNTS,EQ,,,,,INDIGO PAINTS LIMITED,1036.8,1090.0,1030.1,1084.4,1075.3,1037.7,,1084.4,,,85395,91853260.0,7338,F1,1,,,,,
2026-07-15,2026-07-15,CM,NSE,STK,20988,INE219X23014,INDIGRID,IV,,,,,INDIGRID INFRASTRUCT TRST,177.98,178.88,177.83,178.49,178.49,177.83,,178.5,,,327920,58515148.23,3562,F1,1,,,,,
2026-07-15,2026-07-15,CM,NSE,STK,757845,INE06ST01018,INDIQUBE,EQ,,,,,INDIQUBE SPACES LIMITED,177.85,177.85,170.84,171.28,172.25,174.99,,171.33,,,20046,3472319.02,1093,F1,1,,,,,
2026-07-15,2026-07-15,CM,NSE,STK,9120,INE760F01028,INDOAMIN,BE,,,,,INDO AMINES LIMITED,125.37,127.2,125.0,126.01,126.9,124.75,,125.94,,,29265,3695935.48,201,F1,1,,,,,
2026-07-15,2026-07-15,CM,NSE,STK,8614,INE803D01021,INDOBORAX,EQ,,,,,INDO BORAX & CHEMICAL LTD,491.05,499.0,445.0,450.65,458.5,486.7,,450.75,,,651508,306611912.1,24308,F1,1,,,,,
2026-07-15,2026-07-15,CM,NSE,STK,11987,INE483B01026,ICIL,EQ,,,,,INDO COUNT INDUSTRIES LTD,405.2,420.0,393.0,398.8,398.0,403.1,,398.75,,,645498,259954309.25,18733,F1,1,,,,,
2026-07-15,2026-07-15,CM,NSE,STK,29025,INE622H01018,INDOFARM,EQ,,,,,INDO FARM EQUIPMENT LTD,155.69,172.0,155.14,162.29,161.25,154.62,,162.27,,,1315435,217302749.29,16331,F1,1,,,,,
2026-07-15,2026-07-15,CM,NSE,STK,10993,INE156A01020,INDORAMA,EQ,,,,,INDO RAMA SYNTHETICS LTD,47.25,52.5,47.25,51.81,51.36,47.15,,51.81,,,669197,34037200.25,4235,F1,1,,,,,
2026-07-15,2026-07-15,CM,NSE,STK,13278,INE332H01014,INDOTECH,BE,,,,,INDO TECH TRANSFORM LTD.,3480.0,3499.0,3350.0,3359.8,3350.0,3472.6,,3358.9,,,11132,37807428.1,1412,F1,1,,,,,
2026-07-15,2026-07-15,CM,NSE,STK,25608,INE337M01021,INDOTHAI,EQ,,,,,INDO THAI SEC LTD,217.0,222.25,212.42,215.48,214.78,216.15,,215.47,,,2051164,444483927.04,9977,F1,1,,,,,
2026-07-15,2026-07-15,CM,NSE,STK,25503,INE250Z01010,INDOUS,EQ,,,,,INDO US BIOTECH LTD,89.85,89.85,86.11,87.04,87.0,89.85,,87.04,,,30319,2651517.98,438,F1,1,,,,,
2026-07-15,2026-07-15,CM,NSE,STK,6782,INE567A01028,NIPPOBATRY,EQ,,,,,INDO-NATIONAL LIMITED,347.1,347.1,327.0,332.15,333.65,338.25,,332.15,,,4487,1499390.65,452,F1,1,,,,,
2026-07-15,2026-07-15,CM,NSE,STK,11677,INE873D01024,INDOCO,EQ,,,,,INDOCO REMEDIES LTD.,250.52,257.5,248.5,249.57,250.5,248.53,,249.52,,,98323,24862138.09,6233,F1,1,,,,,
2026-07-15,2026-07-15,CM,NSE,STK,757801,INE05J901018,IGCL,EQ,,,,,INDOGULF CROPSCIENCES LTD,74.79,76.72,72.11,72.74,72.11,74.73,,72.74,,,136886,10190842.36,1836,F1,1,,,,,
2026-07-15,2026-07-15,CM,NSE,STK,19955,INE866K01023,WAAREEINDO,EQ,,,,,INDOSOLAR LIMITED,388.5,394.5,385.55,387.0,388.7,388.25,,387.0,,,14710,5715120.4,796,F1,1,,,,,
2026-07-15,2026-07-15,CM,NSE,STK,3088,INE896L01010,INDOSTAR,EQ,,,,,INDOSTAR CAPITAL FIN LTD,263.05,273.0,262.65,270.95,273.0,263.25,,270.95,,,155197,41760355.45,3104,F1,1,,,,,
2026-07-15,2026-07-15,CM,NSE,STK,14956,INE227G01018,INDOWIND,BE,,,,,INDOWIND ENERGY LTD,9.47,9.5,9.2,9.32,9.36,9.4,,9.42,,,56129,524022.89,283,F1,1,,,,,
2026-07-15,2026-07-15,CM,NSE,STK,11262,INE203G01027,IGL,EQ,,,,,INDRAPRASTHA GAS LTD,152.0,152.35,151.4,151.56,151.5,151.79,,151.55,,,672868,102191778.81,22778,F1,1,,,,,
2026-07-15,2026-07-15,CM,NSE,STK,4751,INE681B01017,INDRAMEDCO,EQ,,,,,INDRAPRASTHA MEDICAL CORP,375.45,381.95,375.35,376.9,375.9,373.9,,376.9,,,90031,34044210.05,3532,F1,1,,,,,
2026-07-15,2026-07-15,CM,NSE,STK,23036,INE0NHL23019,INDUSINVIT,IV,,,,,INDUS INFRA TRUST,128.4,129.5,127.76,128.26,128.3,127.95,,128.26,,,92924,11930447.34,1354,F1,1,,,,,
2026-07-15,2026-07-15,CM,NSE,STK,29135,INE121J01017,INDUSTOWER,EQ,,,,,INDUS TOWERS LIMITED,405.5,410.8,404.15,406.9,408.95,405.25,,406.95,,,6262528,2553281112.3,62317,F1,1,,,,,
2026-07-15,2026-07-15,CM,NSE,STK,5258,INE095A01012,INDUSINDBK,EQ,,,,,INDUSIND BANK LIMITED,998.4,1022.85,992.0,1009.7,1014.0,997.35,,1009.65,,,1491258,1510374417.1,50156,F1,1,,,,,
2026-07-15,2026-07-15,CM,NSE,STK,762717,INE620D01011,INDPRUD,EQ,,,,,INDUSTRIAL & PRU INV CO L,6598.0,6598.0,6598.0,6598.0,6598.0,6600.0,,6599.0,,,2,13196.0,1,F1,1,,,,,
2026-07-15,2026-07-15,CM,NSE,STK,19525,INE886A01014,IITL,EQ,,,,,INDUSTRIAL INV TRUST LTD,124.1,130.0,122.76,127.18,130.0,122.48,,127.02,,,93956,11781592.2,1027,F1,1,,,,,
2026-07-15,2026-07-15,CM,NSE,STK,15036,INE0MRE01011,INFINIUM,SM,,,,,INFINIUM PHARMACHEM LTD,212.5,212.5,212.5,212.5,212.5,209.7,,212.5,,,500,106250.0,1,F1,500,,,,,
2026-07-15,2026-07-15,CM,NSE,STK,757602,INE0MYZ01012,INFLUX,SM,,,,,INFLUX HEALTHTECH LIMITED,295.0,295.0,291.0,291.75,291.0,294.95,,291.75,,,3600,1054200.0,6,F1,600,,,,,
2026-07-15,2026-07-15,CM,NSE,STK,13751,INE663F01032,NAUKRI,EQ,,,,,INFO EDGE (I) LTD,1187.5,1205.9,1175.0,1185.95,1186.7,1187.95,,1185.95,,,1057048,1257395492.1,40181,F1,1,,,,,
2026-07-15,2026-07-15,CM,NSE,STK,11027,INE344S01016,INFOBEAN,EQ,,,,,INFOBEANS TECHNO. LTD.,163.51,174.79,162.1,167.77,167.5,163.61,,167.77,,,1076890,183244840.33,13617,F1,1,,,,,
2026-07-15,2026-07-15,CM,NSE,STK,16588,INE0NNZ01013,INFOLLION,SM,,,,,INFOLLION RESEARCH SER L,184.0,189.0,177.15,179.05,177.6,183.55,,179.05,,,14000,2563220.0,32,F1,400,,,,,
2026-07-15,2026-07-15,CM,NSE,STK,13693,INE669A01022,INFOMEDIA,EQ,,,,,INFOMEDIA PRESS LIMITED,5.71,5.71,5.43,5.6,5.62,5.58,,5.59,,,23300,128465.99,63,F1,1,,,,,
2026-07-15,2026-07-15,CM,NSE,STK,1594,INE009A01021,INFY,EQ,,,,,INFOSYS LIMITED,1079.0,1088.1,1073.0,1076.3,1077.4,1092.9,,1076.3,,,8501933,9176560288.4,175275,F1,1,,,,,
2026-07-15,2026-07-15,CM,NSE,STK,1597,INE177A01018,INGERRAND,EQ,,,,,INGERSOLL-RAND INDIA LTD,4391.8,4443.9,4360.0,4429.8,4430.0,4391.8,,4428.5,,,8814,38970585.8,1739,F1,1,,,,,
2026-07-15,2026-07-15,CM,NSE,STK,25323,INE0S1D01010,INNOMET,ST,,,,,INNOMET ADVANCED MATERI L,167.0,167.0,167.0,167.0,167.0,163.75,,167.0,,,14400,2404800.0,8,F1,600,,,,,
2026-07-15,2026-07-15,CM,NSE,STK,21062,INE0DUT01020,INNOVACAP,EQ,,,,,INNOVA CAPTAB LIMITED,1000.0,1034.85,987.0,991.45,1000.0,993.55,,991.45,,,70262,70922977.6,9066,F1,1,,,,,
2026-07-15,2026-07-15,CM,NSE,STK,27754,INE403Y01018,INNOVANA,EQ,,,,,INNOVANA THINKLABS LTD,329.0,345.0,319.55,335.0,330.0,319.15,,335.0,,,6954,2313588.0,789,F1,1,,,,,
2026-07-15,2026-07-15,CM,NSE,STK,27266,INE070Y01023,ITTL,ST,,,,,INNOVATIVE TYRE & TUBE LT,72.05,72.05,72.05,72.05,72.05,73.5,,72.05,,,105,7565.25,1,F1,105,,,,,
2026-07-15,2026-07-15,CM,NSE,STK,761528,INE0ADB01012,INNOVISION,EQ,,,,,INNOVISION LIMITED,299.9,302.0,290.0,292.8,293.05,290.1,,292.85,,,63486,18809356.25,2233,F1,1,,,,,
2026-07-15,2026-07-15,CM,NSE,STK,12188,INE510W01014,INOXGREEN,EQ,,,,,INOX GREEN ENERGY SER LTD,186.88,196.43,186.8,191.31,192.3,185.95,,191.3,,,1969306,379167985.92,22035,F1,1,,,,,
2026-07-15,2026-07-15,CM,NSE,STK,20607,INE616N01034,INOXINDIA,EQ,,,,,INOX INDIA LIMITED,1883.9,1979.6,1857.4,1964.4,1970.0,1851.8,,1964.2,,,446595,857017061.3,33215,F1,1,,,,,
2026-07-15,2026-07-15,CM,NSE,STK,7852,INE066P01011,INOXWIND,EQ,,,,,INOX WIND LIMITED,79.37,80.84,79.0,79.98,80.07,79.05,,79.98,,,6941702,554952161.28,28686,F1,1,,,,,
2026-07-15,2026-07-15,CM,NSE,STK,14657,INE070I01018,INSECTICID,EQ,,,,,INSECTICIDES (I) LTD,658.2,675.0,657.15,669.75,674.05,658.2,,669.55,,,14731,9847289.7,945,F1,1,,,,,
2026-07-15,2026-07-15,CM,NSE,STK,761099,INE0LGX01024,INA,EQ,,,,,INSOLATION ENERGY LIMITED,118.42,118.9,116.31,117.87,118.5,117.48,,117.88,,,742299,87361488.75,6000,F1,1,,,,,
2026-07-15,2026-07-15,CM,NSE,STK,13734,INE020G01017,INSPIRISYS,BE,,,,,INSPIRISYS SOLUTIONS LTD,102.99,102.99,99.0,99.09,101.96,101.97,,99.09,,,1412,140850.55,35,F1,1,,,,,
2026-07-15,2026-07-15,CM,NSE,STK,30327,INE418N01035,ESSENTIA,BE,,,,,INTEGRA ESSENTIA LIMITED,1.2,1.22,1.16,1.17,1.17,1.21,,1.17,,,2068818,2456232.41,942,F1,1,,,,,
2026-07-15,2026-07-15,CM,NSE,STK,5926,INE306R01017,INTELLECT,EQ,,,,,INTELLECT DESIGN ARENA,763.25,766.9,750.0,755.4,758.0,757.8,,755.4,,,281101,213185862.55,12272,F1,1,,,,,
2026-07-15,2026-07-15,CM,NSE,STK,20071,INE781A01025,INTENTECH,EQ,,,,,INTENSE TECHNOLOGIES LTD,96.3,96.32,92.1,92.61,93.0,94.87,,92.65,,,82638,7743591.92,1427,F1,1,,,,,
2026-07-15,2026-07-15,CM,NSE,STK,24909,INE00M901018,INTERARCH,EQ,,,,,INTERARCH BLDNG SOLTN LTD,1830.0,1862.5,1816.3,1852.5,1860.0,1812.6,,1852.2,,,44641,82338736.0,5230,F1,1,,,,,
2026-07-15,2026-07-15,CM,NSE,STK,11195,INE646L01027,INDIGO,EQ,,,,,INTERGLOBE AVIATION LTD,5125.0,5226.5,5125.0,5171.0,5171.0,5108.0,,5171.0,,,737971,3827624140.0,55030,F1,1,,,,,
2026-07-15,2026-07-15,CM,NSE,STK,22770,INE0OPC01015,INM,SM,,,,,INTERIORS & MORE LIMITED,171.85,176.95,171.85,176.95,176.95,171.85,,176.95,,,1800,315420.0,3,F1,600,,,,,
2026-07-15,2026-07-15,CM,NSE,STK,5606,INE575C01027,INTLCONV,EQ,,,,,INTL CONVEYORS LIMITED,80.25,81.0,79.0,79.29,79.0,80.28,,79.29,,,26444,2107204.09,532,F1,1,,,,,
2026-07-15,2026-07-15,CM,NSE,STK,28378,INE0Q9301021,IGIL,EQ,,,,,INTL GEMOLOGICAL INST LTD,343.9,357.7,343.65,353.2,353.5,343.75,,353.2,,,513351,181430503.75,15211,F1,1,,,,,
2026-07-15,2026-07-15,CM,NSE,STK,18479,INE566K01011,ISFT,EQ,,,,,INTRASOFT TECH. LTD,78.0,78.99,76.62,78.59,78.87,78.63,,78.59,,,23059,1798279.67,100,F1,1,,,,,
2026-07-15,2026-07-15,CM,NSE,STK,24870,INE878H01024,INVENTURE,EQ,,,,,INVENTURE GRO & SEC LTD,0.9,0.97,0.9,0.91,0.92,0.9,,0.91,,,2476663,2300910.85,501,F1,1,,,,,
2026-07-15,2026-07-15,CM,NSE,STK,28125,INE115Q01022,IKS,EQ,,,,,INVENTURUS KNOWLEDGE SO L,1875.0,1908.0,1869.0,1876.3,1869.0,1879.4,,1876.4,,,75415,142675821.1,7595,F1,1,,,,,
2026-07-15,2026-07-15,CM,NSE,STK,18292,INF205KA1BP1,IVZINGOLD,EQ,,,,,INVESCO INDIA GOLD ETF,122.9,122.95,122.15,122.5,122.6,122.0,,122.5,,,8882,1087117.6,102,F1,1,,,,,
2026-07-15,2026-07-15,CM,NSE,STK,24217,INF205K01DA9,IVZINNIFTY,EQ,,,,,INVESCO INDIA NIFTY ETF,2766.79,2766.79,2752.48,2759.67,2759.67,2748.15,,2759.67,,,6,16562.08,6,F1,1,,,,,
2026-07-15,2026-07-15,CM,NSE,STK,762722,INE155E01016,INVPRECQ,EQ,,,,,INVESTMENT & PREC CAST L,813.45,821.95,798.0,815.6,812.05,807.65,,815.7,,,2505,2042810.0,192,F1,1,,,,,
2026-07-15,2026-07-15,CM,NSE,STK,760142,INE0XJ501010,INVICTA,ST,,,,,INVICTA DIAGNOSTIC LTD,68.0,68.0,68.0,68.0,68.0,67.5,,68.0,,,1600,108800.0,1,F1,1600,,,,,
2026-07-15,2026-07-15,CM,NSE,STK,20413,INE485C01029,IOLCP,EQ,,,,,IOL CHEM AND PHARMA LTD,177.39,179.6,163.65,165.7,166.14,173.78,,165.71,,,6220468,1067307038.32,49594,F1,1,,,,,
2026-07-15,2026-07-15,CM,NSE,STK,1630,INE570A01022,IONEXCHANG,EQ,,,,,ION EXCHANGE (INDIA) LTD,445.0,455.9,440.35,444.2,441.9,440.55,,444.2,,,712038,319371386.4,23062,F1,1,,,,,
2026-07-15,2026-07-15,CM,NSE,STK,1633,INE571A01038,IPCALAB,EQ,,,,,IPCA LABORATORIES LTD,1840.0,1881.4,1820.5,1878.0,1880.0,1840.4,,1878.0,,,291486,544795444.4,30647,F1,1,,,,,
2026-07-15,2026-07-15,CM,NSE,STK,15313,INE821I01022,IRB,EQ,,,,,IRB INFRA DEV LTD.,20.25,20.25,20.05,20.09,20.1,20.19,,20.09,,,5592672,112689230.19,15296,F1,1,,,,,
2026-07-15,2026-07-15,CM,NSE,STK,20817,INE183W23014,IRBINVIT,IV,,,,,IRB INVIT FUND,61.76,62.1,61.6,61.84,61.9,61.57,,61.85,,,400844,24805702.75,2982,F1,1,,,,,
2026-07-15,2026-07-15,CM,NSE,STK,4986,INE962Y01021,IRCON,EQ,,,,,IRCON INTERNATIONAL LTD,129.52,134.55,129.52,130.42,130.2,129.52,,130.42,,,1634012,214888433.36,14505,F1,1,,,,,
2026-07-15,2026-07-15,CM,NSE,STK,1391,INE202E07138,880IREDA29,N5,,,,,IREDA 8.80NCDTR I SR II B,1115.0,1115.0,1115.0,1115.0,1115.0,1110.0,,1117.0,,,81,90315.0,2,F1,1,,,,,
2026-07-15,2026-07-15,CM,NSE,STK,2275,INE01GN01025,IRISDOREME,EQ,,,,,IRIS CLOTHINGS LIMITED,44.15,46.79,43.2,45.52,45.25,43.82,,45.52,,,1891488,86163567.56,7621,F1,1,,,,,
2026-07-15,2026-07-15,CM,NSE,STK,6489,INE864K01010,IRIS,EQ,,,,,IRIS REGTECH SOLUTION LTD,256.0,256.95,251.0,252.5,252.25,255.25,,252.5,,,13419,3411659.6,524,F1,1,,,,,
2026-07-15,2026-07-15,CM,NSE,STK,19597,INE07U701015,IRMENERGY,EQ,,,,,IRM ENERGY LIMITED,261.0,266.4,260.3,261.75,265.0,265.15,,261.9,,,44803,11784459.9,1306,F1,1,,,,,
2026-07-15,2026-07-15,CM,NSE,STK,760901,INE413U07459,920ISF28B,N0,,,,,ISF 9.20% 2028 SR A,9860.29,9860.29,9860.29,9860.29,9860.29,9860.29,,9860.29,,,1,9860.29,1,F1,1,,,,,
2026-07-15,2026-07-15,CM,NSE,STK,761208,INE413U07442,925ISF28,N0,,,,,ISF 9.25% 2028,9771.24,9771.24,9771.24,9771.24,9771.24,9759.0,,9771.24,,,63,615588.12,2,F1,1,,,,,
2026-07-15,2026-07-15,CM,NSE,STK,759100,INE413U07434,965ISF28,N0,,,,,ISF 9.65% 2028,99450.0,99450.0,99450.0,99450.0,99450.0,99200.0,,99450.0,,,1,99450.0,1,F1,1,,,,,
2026-07-15,2026-07-15,CM,NSE,STK,3329,INE858B01029,ISGEC,EQ,,,,,ISGEC HEAVY ENG LTD,905.0,906.2,890.1,892.7,892.65,896.7,,892.7,,,21745,19496593.9,2907,F1,1,,,,,
2026-07-15,2026-07-15,CM,NSE,STK,30249,INE561M01018,ISHANCH,EQ,,,,,ISHAN DYES N CHEMICALS L,55.29,55.29,54.01,54.09,54.53,54.39,,54.1,,,3551,193107.5,41,F1,1,,,,,
2026-07-15,2026-07-15,CM,NSE,STK,10995,INE0LCW01025,ISHAN,SM,,,,,ISHAN INTERNATIONAL LTD,0.5,0.55,0.5,0.5,0.5,0.5,,0.5,,,432000,220800.0,8,F1,48000,,,,,
2026-07-15,2026-07-15,CM,NSE,STK,22645,INE0R7R01018,ITALIANE,SM,,,,,ITALIAN EDIBLES LIMITED,35.0,35.0,35.0,35.0,35.0,36.0,,35.0,,,2000,70000.0,1,F1,2000,,,,,
2026-07-15,2026-07-15,CM,NSE,STK,29251,INE379A01028,ITCHOTELS,EQ,,,,,ITC HOTELS LIMITED,182.5,184.4,182.01,183.49,183.36,182.07,,183.49,,,1977067,362473225.45,29205,F1,1,,,,,
2026-07-15,2026-07-15,CM,NSE,STK,1660,INE154A01025,ITC,EQ,,,,,ITC LTD,276.65,277.7,275.3,276.65,276.7,275.55,,276.65,,,8523722,2358249749.85,217400,F1,1,,,,,
2026-07-15,2026-07-15,CM,NSE,STK,1675,INE248A01017,ITI,EQ,,,,,ITI LTD,290.8,296.95,283.45,284.5,284.75,286.55,,284.5,,,1101114,319807329.45,24183,F1,1,,,,,
2026-07-15,2026-07-15,CM,NSE,STK,759041,INE056801025,IVALUE,EQ,,,,,IVALUE INFOSOLUTIONS LTD,306.0,318.0,306.0,313.15,313.45,307.6,,313.15,,,317217,99499766.55,6685,F1,1,,,,,
2026-07-15,2026-07-15,CM,NSE,STK,8857,INE043C01018,IVP,BE,,,,,IVP LIMITED,164.8,164.8,158.12,161.7,161.7,162.81,,161.7,,,3455,557553.95,85,F1,1,,,,,
2026-07-15,2026-07-15,CM,NSE,STK,757644,INE1AII01014,IWARE,ST,,,,,IWARE SUPPLYCHAIN SER LTD,466.0,489.3,466.0,489.3,489.3,466.0,,489.3,,,36600,17602800.0,50,F1,600,,,,,
2026-07-15,2026-07-15,CM,NSE,STK,14174,INE848A01014,IZMO,EQ,,,,,IZMO LIMITED,1078.1,1125.0,1050.5,1066.2,1073.5,1072.3,,1066.6,,,133180,146218071.7,7077,F1,1,,,,,
2026-07-15,2026-07-15,CM,NSE,STK,5633,INE168A01041,J&KBANK,EQ,,,,,J & K BANK LTD.,179.2,188.39,178.99,182.63,183.8,177.4,,182.63,,,11185388,2056177905.21,72740,F1,1,,,,,
2026-07-15,2026-07-15,CM,NSE,STK,1726,INE572A01036,JBCHEPHARM,EQ,,,,,J B CHEMICALS AND PHARMA,2491.0,2510.0,2441.3,2506.0,2509.0,2487.6,,2506.0,,,717650,1787591727.0,39196,F1,1,,,,,
2026-07-15,2026-07-15,CM,NSE,STK,23056,INE0MB501011,JGCHEM,EQ,,,,,J.G.CHEMICALS LIMITED,451.35,451.35,436.5,443.8,445.0,445.85,,443.75,,,51012,22584845.1,1967,F1,1,,,,,
2026-07-15,2026-07-15,CM,NSE,STK,13211,INE199G01027,JAGRAN,EQ,,,,,JAGRAN PRAKASHAN LIMITED,63.4,64.24,63.25,63.33,63.26,63.39,,63.33,,,246000,15669739.46,2621,F1,1,,,,,
2026-07-15,2026-07-15,CM,NSE,STK,4410,INE048B01035,JAGSNPHARM,EQ,,,,,JAGSONPAL PHARMACEUTICALS,225.6,232.0,222.71,224.31,223.84,225.73,,224.31,,,60823,13765603.45,2115,F1,1,,,,,
2026-07-15,2026-07-15,CM,NSE,STK,14076,INE091G01026,JAIBALAJI,BE,,,,,JAI BALAJI INDUSTRIES LTD,66.45,66.45,64.23,65.43,65.9,65.74,,65.58,,,111388,7259902.42,506,F1,1,,,,,
2026-07-15,2026-07-15,CM,NSE,STK,5143,INE070D01027,JAICORPLTD,EQ,,,,,JAI CORP LIMITED,109.81,110.64,108.29,108.65,108.45,109.53,,108.65,,,255064,27862692.65,2925,F1,1,,,,,
2026-07-15,2026-07-15,CM,NSE,STK,25684,IN9175A01010,JISLDVREQS,EQ,,,,,JAIN DVR EQUITY SHARES,22.76,23.09,22.3,22.53,22.9,22.71,,22.53,,,17619,397578.73,117,F1,1,,,,,
2026-07-15,2026-07-15,CM,NSE,STK,10397,INE175A01038,JISLJALEQS,EQ,,,,,JAIN IRRIGATION SYSTEMS,31.35,31.6,30.67,31.2,31.21,31.27,,31.2,,,1988262,61850587.76,8462,F1,1,,,,,
2026-07-15,2026-07-15,CM,NSE,STK,759244,INE0YD401026,JAINREC,EQ,,,,,JAIN RESOURCE RECYCLING L,325.0,349.5,320.7,341.4,349.5,330.0,,341.6,,,2858070,948777901.4,43828,F1,1,,,,,
2026-07-15,2026-07-15,CM,NSE,STK,6012,INE02KC01010,JAINAM,SM,,,,,JAINAM FER ALLOYS (I) LTD,235.1,247.95,235.1,247.95,247.95,241.0,,247.95,,,1500,365500.0,2,F1,500,,,,,
2026-07-15,2026-07-15,CM,NSE,STK,11763,INE351F01018,JPPOWER,EQ,,,,,JAIPRAKASH POWER VEN. LTD,16.75,17.2,16.7,16.75,16.78,16.66,,16.75,,,45986591,776654085.55,28699,F1,1,,,,,
2026-07-15,2026-07-15,CM,NSE,STK,20778,INE039C01032,JAMNAAUTO,EQ,,,,,JAMNA AUTO IND LTD,130.67,133.29,130.01,131.43,131.6,130.03,,131.43,,,1576209,207335415.65,18728,F1,1,,,,,
2026-07-15,2026-07-15,CM,NSE,STK,22663,INE953L01027,JSFB,EQ,,,,,JANA SMALL FIN BANK LTD,494.4,502.0,483.1,488.9,492.65,489.95,,488.9,,,1196637,591900493.3,26669,F1,1,,,,,
2026-07-15,2026-07-15,CM,NSE,STK,759951,INE00YJ01010,JARO,EQ,,,,,JARO INS OF TEC MG N RE L,500.0,506.45,495.9,498.25,498.5,498.5,,498.2,,,109130,54390998.0,2315,F1,1,,,,,
2026-07-15,2026-07-15,CM,NSE,STK,13982,INE039O01029,JASH,EQ,,,,,JASH ENGINEERING LIMITED,532.0,539.85,520.05,522.0,520.3,532.4,,522.0,,,96346,50851740.8,3957,F1,1,,,,,
2026-07-15,2026-07-15,CM,NSE,STK,25037,INE0SMY01017,JAYBEE,SM,,,,,JAY BEE LAMINATIONS LTD,100.0,104.85,100.0,102.85,103.0,99.8,,102.85,,,28000,2907500.0,40,F1,500,,,,,
2026-07-15,2026-07-15,CM,NSE,STK,1708,INE571B01036,JAYBARMARU,EQ,,,,,JAY BHARAT MARUTI LTD,200.0,206.47,189.23,189.23,189.23,199.18,,189.19,,,1062384,209102250.92,13144,F1,1,,,,,
2026-07-15,2026-07-15,CM,NSE,STK,10889,INE0J6801010,KORE,SM,,,,,JAY JALARAM TECHNO LTD,148.0,162.8,148.0,152.6,152.6,148.0,,152.6,,,7250,1137825.0,26,F1,250,,,,,
2026-07-15,2026-07-15,CM,NSE,STK,4041,INE785A01026,JAYAGROGN,EQ,,,,,JAYANT AGRO ORGANICS LTD,220.0,222.11,216.0,221.07,222.11,222.06,,221.07,,,5018,1098234.82,319,F1,1,,,,,
2026-07-15,2026-07-15,CM,NSE,STK,2331,INE854B01010,JAYNECOIND,EQ,,,,,JAYASWAL NECO INDUSTR LTD,90.99,94.25,90.6,91.67,91.88,90.43,,91.67,,,5696215,529045399.64,26041,F1,1,,,,,
2026-07-15,2026-07-15,CM,NSE,STK,759159,INE1AE401014,JAYESH,SM,,,,,JAYESH LOGISTICS LIMITED,132.1,140.0,130.0,131.0,131.0,132.7,,131.0,,,10000,1339050.0,9,F1,1000,,,,,
2026-07-15,2026-07-15,CM,NSE,STK,760073,INE903A01025,JAYKAY,EQ,,,,,JAYKAY ENTERPRISES LTD,172.85,176.25,171.48,173.72,173.15,171.48,,173.72,,,299795,52086717.75,4211,F1,1,,,,,
2026-07-15,2026-07-15,CM,NSE,STK,1720,INE364A01020,JAYSREETEA,EQ,,,,,JAYSHREE TEA & INDUSTRIES,83.9,84.47,82.01,82.94,82.8,83.23,,82.95,,,24699,2053090.29,466,F1,1,,,,,
2026-07-15,2026-07-15,CM,NSE,STK,11655,INE927D01051,JBMA,EQ,,,,,JBM AUTO LIMITED,683.95,694.35,678.3,681.2,682.3,684.1,,680.95,,,324875,223084009.9,11632,F1,1,,,,,
2026-07-15,2026-07-15,CM,NSE,STK,758115,INE0J5801029,JSLL,EQ,,,,,JEENA SIKHO LIFECARE LTD,566.0,587.0,566.0,581.65,581.2,567.65,,581.65,,,366579,212001899.0,10301,F1,1,,,,,
2026-07-15,2026-07-15,CM,NSE,STK,7211,INE982V01025,JETFREIGHT,EQ,,,,,JET FREIGHT LOGISTICS LTD,24.19,24.89,23.41,24.1,24.26,23.7,,24.1,,,374024,9033447.98,1536,F1,1,,,,,
2026-07-15,2026-07-15,CM,NSE,STK,25150,INE0RXB01022,JEYYAM,ST,,,,,JEYYAM GLOBAL FOODS LTD,24.6,24.7,24.55,24.7,24.7,23.55,,24.7,,,72000,1777000.0,29,F1,2000,,,,,
2026-07-15,2026-07-15,CM,NSE,STK,13720,INE544H01014,JHS,EQ,,,,,JHS SVEND. LAB. LTD,7.59,7.69,7.26,7.4,7.33,7.44,,7.4,,,71795,533243.2,293,F1,1,,,,,
2026-07-15,2026-07-15,CM,NSE,STK,24145,INE03DD01011,RETAIL,EQ,,,,,JHS SVENDGAARD RETAIL V L,17.7,17.96,17.16,17.45,17.79,17.83,,17.52,,,3944,68923.04,72,F1,1,,,,,
2026-07-15,2026-07-15,CM,NSE,STK,31507,INE147P01019,JPOLYINVST,EQ,,,,,JIND POL INV & FIN CO LTD,1113.5,1113.5,1090.1,1094.2,1091.0,1105.4,,1094.6,,,2629,2895502.6,466,F1,1,,,,,
2026-07-15,2026-07-15,CM,NSE,STK,13875,INE742C01031,JINDRILL,EQ,,,,,JINDAL DRILLING IND. LTD,623.9,624.0,601.6,604.95,607.0,626.2,,604.95,,,288218,175324880.5,7287,F1,1,,,,,
2026-07-15,2026-07-15,CM,NSE,STK,11743,INE796G01012,JINDALPHOT,EQ,,,,,JINDAL PHOTO LIMITED,1165.0,1189.0,1152.3,1156.0,1162.0,1163.7,,1156.2,,,1833,2145086.5,271,F1,1,,,,,
2026-07-15,2026-07-15,CM,NSE,STK,1756,INE197D01010,JINDALPOLY,EQ,,,,,JINDAL POLY FILMS LIMITED,677.6,687.0,667.2,675.6,670.1,672.4,,675.8,,,11917,8043720.7,1060,F1,1,,,,,
2026-07-15,2026-07-15,CM,NSE,STK,3024,INE324A01032,JINDALSAW,EQ,,,,,JINDAL SAW LIMITED,253.0,257.5,249.1,255.55,256.0,258.85,,255.6,,,3364262,854203024.9,44629,F1,1,,,,,
2026-07-15,2026-07-15,CM,NSE,STK,11236,INE220G01021,JSL,EQ,,,,,JINDAL STAINLESS LIMITED,721.0,731.8,718.0,724.25,725.8,721.8,,724.25,,,470218,341629111.05,31913,F1,1,,,,,
2026-07-15,2026-07-15,CM,NSE,STK,6733,INE749A01030,JINDALSTEL,EQ,,,,,JINDAL STEEL LIMITED,1045.7,1050.5,1037.9,1042.2,1043.0,1040.1,,1042.2,,,1751517,1829359967.1,60732,F1,1,,,,,
2026-07-15,2026-07-15,CM,NSE,STK,20642,INE247D01039,JINDWORLD,EQ,,,,,JINDAL WORLDWIDE LTD,29.65,30.58,29.65,30.1,30.19,29.9,,30.1,,,448414,13564622.26,2711,F1,1,,,,,
2026-07-15,2026-07-15,CM,NSE,STK,759206,INE1FF001016,JKIPL,BE,,,,,JINKUSHAL INDUSTRIES LTD,99.0,100.69,97.2,97.64,99.25,99.08,,97.72,,,4814,476724.23,72,F1,1,,,,,
2026-07-15,2026-07-15,CM,NSE,STK,18143,INE758E01017,JIOFIN,EQ,,,,,JIO FIN SERVICES LTD,237.2,238.5,235.35,236.59,236.72,235.97,,236.58,,,9708543,2302112398.75,85582,F1,1,,,,,
2026-07-15,2026-07-15,CM,NSE,STK,19691,INE863T01013,JITFINFRA,EQ,,,,,JITF INFRALOGISTICS LTD,407.7,410.15,373.7,373.7,373.7,393.35,,373.65,,,166480,64013428.35,4486,F1,1,,,,,
2026-07-15,2026-07-15,CM,NSE,STK,13270,INE823G01014,JKCEMENT,EQ,,,,,JK CEMENT LIMITED,5380.0,5498.5,5340.5,5424.5,5428.5,5353.0,,5424.5,,,45342,246045702.0,10380,F1,1,,,,,
2026-07-15,2026-07-15,CM,NSE,STK,13491,INE786A01032,JKLAKSHMI,EQ,,,,,JK LAKSHMI CEMENT LTD,562.7,596.1,561.0,579.15,579.1,561.6,,579.2,,,470435,274272477.5,22460,F1,1,,,,,
2026-07-15,2026-07-15,CM,NSE,STK,11860,INE789E01012,JKPAPER,EQ,,,,,JK PAPER LIMITED,372.95,380.0,369.4,374.8,374.6,368.95,,374.8,,,455147,171196425.65,15495,F1,1,,,,,
2026-07-15,2026-07-15,CM,NSE,STK,14435,INE573A01042,JKTYRE,EQ,,,,,JK TYRE & INDUSTRIES LTD,403.45,413.0,401.95,412.0,412.0,401.95,,412.0,,,983997,402972706.0,19788,F1,1,,,,,
2026-07-15,2026-07-15,CM,NSE,STK,15266,INE576I01022,JKIL,EQ,,,,,JKUMAR INFR.LTD.,498.95,500.0,491.1,493.1,493.0,496.95,,493.1,,,52021,25742186.1,1856,F1,1,,,,,
2026-07-15,2026-07-15,CM,NSE,STK,13637,INE780C01023,JMFINANCIL,EQ,,,,,JM FINANCIAL LIMITED,124.0,127.9,123.12,125.26,125.4,122.96,,125.26,,,1657914,209041072.12,17156,F1,1,,,,,
2026-07-15,2026-07-15,CM,NSE,STK,23621,INE0OAF01028,JNKINDIA,EQ,,,,,JNK INDIA LIMITED,542.0,558.0,530.05,545.95,544.8,529.7,,545.9,,,1174784,641695100.1,24991,F1,1,,,,,
2026-07-15,2026-07-15,CM,NSE,STK,16931,INE839G01010,JOCIL,BE,,,,,JOCIL LIMITED,148.05,149.88,146.8,148.0,148.0,148.78,,148.0,,,1564,232266.32,21,F1,1,,,,,
2026-07-15,2026-07-15,CM,NSE,STK,762623,INE515A01019,COCKERILL,EQ,,,,,JOHN COCKERILL INDIA LTD.,9618.0,9719.5,9395.5,9441.0,9425.0,9552.0,,9441.0,,,4936,46970244.0,1711,F1,1,,,,,
2026-07-15,2026-07-15,CM,NSE,STK,758460,INE718I01012,JSWCEMENT,EQ,,,,,JSW CEMENT LIMITED,136.85,141.2,136.85,139.45,139.35,136.75,,139.45,,,2647814,370387480.59,23592,F1,1,,,,,
2026-07-15,2026-07-15,CM,NSE,STK,1467,INE133A01011,JSWDULUX,EQ,,,,,JSW DULUX LIMITED,2924.0,2968.9,2886.1,2948.1,2941.0,2889.9,,2948.2,,,14073,41304676.2,2971,F1,1,,,,,
2026-07-15,2026-07-15,CM,NSE,STK,17869,INE121E01018,JSWENERGY,EQ,,,,,JSW ENERGY LIMITED,557.0,558.55,548.1,549.9,550.4,557.25,,549.85,,,2799933,1548281362.55,72855,F1,1,,,,,
2026-07-15,2026-07-15,CM,NSE,STK,11880,INE824G01012,JSWHL,EQ,,,,,JSW HOLDINGS LIMITED,11400.0,11400.0,11130.0,11165.0,11140.0,11212.0,,11163.0,,,3237,36289670.0,1220,F1,1,,,,,
2026-07-15,2026-07-15,CM,NSE,STK,19020,INE880J01026,JSWINFRA,EQ,,,,,JSW INFRASTRUCTURE LTD,345.5,345.5,336.05,337.35,337.2,347.25,,337.35,,,1616806,550059597.75,27365,F1,1,,,,,
2026-07-15,2026-07-15,CM,NSE,STK,11723,INE019A01038,JSWSTEEL,EQ,,,,,JSW STEEL LIMITED,1249.6,1252.6,1224.9,1226.9,1229.7,1247.7,,1226.9,,,836306,1032466432.8,37422,F1,1,,,,,
2026-07-15,2026-07-15,CM,NSE,STK,3237,INE643A01035,JTEKTINDIA,EQ,,,,,JTEKT INDIA LIMITED,140.61,143.92,140.0,141.19,141.9,141.3,,141.18,,,149436,21123775.72,2533,F1,1,,,,,
2026-07-15,2026-07-15,CM,NSE,STK,7287,INE391J01032,JTLIND,EQ,,,,,JTL INDUSTRIES LIMITED,78.0,79.0,77.0,77.27,78.0,78.07,,77.27,,,736201,57271961.14,5635,F1,1,,,,,
2026-07-15,2026-07-15,CM,NSE,STK,29590,INE03CC01015,JUBLCPL,EQ,,,,,JUBILANT AGRI N CON PRO L,1990.2,2040.0,1964.1,1984.2,1998.5,1999.1,,1984.3,,,5161,10303915.0,917,F1,1,,,,,
2026-07-15,2026-07-15,CM,NSE,STK,18096,INE797F01020,JUBLFOOD,EQ,,,,,JUBILANT FOODWORKS LTD,424.45,431.25,420.5,429.05,429.0,421.5,,429.05,,,1706508,729532034.85,38423,F1,1,,,,,
2026-07-15,2026-07-15,CM,NSE,STK,2783,INE0BY001018,JUBLINGREA,EQ,,,,,JUBILANT INGREVIA LIMITED,730.0,747.0,728.0,736.7,734.0,724.05,,736.7,,,443946,328458449.9,17486,F1,1,,,,,
2026-07-15,2026-07-15,CM,NSE,STK,3637,INE700A01033,JUBLPHARMA,EQ,,,,,JUBILANT PHARMOVA LTD,979.3,1041.0,976.25,1028.4,1020.0,974.45,,1028.35,,,709490,722019575.85,41410,F1,1,,,,,
2026-07-15,2026-07-15,CM,NSE,STK,7109,INE412C01023,JMA,EQ,,,,,JULLUNDUR MOT AGENCY LTD,90.14,90.14,88.06,89.48,89.59,88.41,,89.48,,,2356,210246.62,112,F1,1,,,,,
2026-07-15,2026-07-15,CM,NSE,STK,22824,INE696F01016,JUNIPER,EQ,,,,,JUNIPER HOTELS LIMITED,197.6,199.9,195.42,196.36,197.5,196.82,,196.37,,,68452,13454196.83,1407,F1,1,,,,,
2026-07-15,2026-07-15,CM,NSE,STK,18553,INE682M01012,JLHL,EQ,,,,,JUPITER LIFE LINE HOSP L,1490.0,1507.9,1483.5,1499.8,1500.0,1483.5,,1499.8,,,49583,74337229.9,4529,F1,1,,,,,
2026-07-15,2026-07-15,CM,NSE,STK,20224,INE209L01016,JWL,EQ,,,,,JUPITER WAGONS LIMITED,254.3,263.3,254.3,255.75,256.1,255.15,,255.75,,,826987,213816256.2,16138,F1,1,,,,,
2026-07-15,2026-07-15,CM,NSE,STK,29962,INE599M01018,JUSTDIAL,EQ,,,,,JUSTDIAL LTD.,800.0,838.3,782.0,804.05,786.0,790.15,,804.0,,,23598076,19296083499.95,384164,F1,1,,,,,
2026-07-15,2026-07-15,CM,NSE,STK,15146,INE668F01031,JYOTHYLAB,EQ,,,,,JYOTHY LABS LIMITED,200.1,202.94,199.25,200.28,200.45,199.94,,200.29,,,457226,91942955.77,14562,F1,1,,,,,
2026-07-15,2026-07-15,CM,NSE,STK,21334,INE980O01024,JYOTICNC,EQ,,,,,JYOTI CNC AUTOMATION LTD,788.9,820.0,787.9,807.2,808.0,782.8,,807.2,,,1411896,1137289957.85,41508,F1,1,,,,,
2026-07-15,2026-07-15,CM,NSE,STK,758221,INE1M3T01017,JYOTIGLOBL,SM,,,,,JYOTI GLOBAL PLAST LTD,42.9,42.9,42.9,42.9,42.9,42.0,,42.9,,,4000,171600.0,2,F1,2000,,,,,
2026-07-15,2026-07-15,CM,NSE,STK,1802,INE197A01024,JYOTISTRUC,EQ,,,,,JYOTI STRUCTURES LTD,11.47,11.58,11.3,11.33,11.35,11.41,,11.33,,,3307587,37771058.51,2474,F1,1,,,,,
2026-07-15,2026-07-15,CM,NSE,STK,14667,INE157H01023,KMSUGAR,EQ,,,,,K M SUGAR MILLS LTD,27.86,28.09,27.51,27.91,28.05,27.72,,27.89,,,114035,3179661.35,595,F1,1,,,,,
2026-07-15,2026-07-15,CM,NSE,STK,27079,INE127T01021,KPEL,EQ,,,,,K.P. ENERGY LIMITED,324.05,330.95,322.0,323.5,324.1,323.15,,323.5,,,133858,43640923.75,4064,F1,1,,,,,
2026-07-15,2026-07-15,CM,NSE,STK,23462,INE0DEZ01013,K2INFRA,ST,,,,,K2 INFRAGEN LIMITED,60.0,60.0,57.35,57.8,58.0,60.35,,57.8,,,45000,2619360.0,61,F1,600,,,,,
2026-07-15,2026-07-15,CM,NSE,STK,1805,INE900B01029,KABRAEXTRU,EQ,,,,,KABRA EXTRUSION TECHNIK L,319.7,330.0,315.95,324.05,322.0,317.75,,324.05,,,135009,43780045.05,4345,F1,1,,,,,
2026-07-15,2026-07-15,CM,NSE,STK,29192,INE0XOW01017,KKJEWELS,SM,,,,,KABRA JEWELS LIMITED,104.0,104.9,103.1,104.0,104.0,103.5,,104.0,,,9000,934800.0,9,F1,1000,,,,,
2026-07-15,2026-07-15,CM,NSE,STK,1808,INE217B01036,KAJARIACER,EQ,,,,,KAJARIA CERAMICS LTD,1240.0,1250.0,1225.5,1237.0,1237.9,1234.5,,1237.0,,,512686,635881163.1,28871,F1,1,,,,,
2026-07-15,2026-07-15,CM,NSE,STK,8945,INE437B01014,KAKATCEM,BE,,,,,KAKATIYA CEM SUGAR &IND L,119.66,121.65,116.0,120.39,120.39,119.66,,120.39,,,1459,174953.94,48,F1,1,,,,,
2026-07-15,2026-07-15,CM,NSE,STK,25443,INE0T0L01014,KALANA,SM,,,,,KALANA ISPAT LIMITED,18.5,20.0,18.0,19.8,20.0,18.5,,19.8,,,16000,304500.0,8,F1,2000,,,,,
2026-07-15,2026-07-15,CM,NSE,STK,758558,INE227J01012,KALPATARU,EQ,,,,,KALPATARU LIMITED,281.5,283.15,277.85,279.55,277.85,281.1,,279.55,,,49799,13958339.0,2730,F1,1,,,,,
2026-07-15,2026-07-15,CM,NSE,STK,1814,INE220B01022,KPIL,EQ,,,,,KALPATARU PROJECT INT LTD,1302.4,1317.9,1295.4,1297.9,1296.2,1299.2,,1297.9,,,85722,111750308.6,11030,F1,1,,,,,
2026-07-15,2026-07-15,CM,NSE,STK,2955,INE303R01014,KALYANKJIL,EQ,,,,,KALYAN JEWELLERS IND LTD,534.0,551.0,518.3,548.1,544.6,529.75,,548.15,,,63633358,34283217165.65,437085,F1,1,,,,,
2026-07-15,2026-07-15,CM,NSE,STK,15156,INE314G01014,KALYANIFRG,EQ,,,,,KALYANI FORGE LIMITED,630.0,639.4,621.0,623.1,627.35,619.15,,623.1,,,466,292193.35,95,F1,1,,,,,
2026-07-15,2026-07-15,CM,NSE,STK,21119,INE029L01018,KICL,EQ,,,,,KALYANI INVEST CO LTD,5626.0,5646.5,5450.0,5471.5,5450.5,5572.0,,5472.0,,,1650,9121612.5,454,F1,1,,,,,
2026-07-15,2026-07-15,CM,NSE,STK,18889,INE907A01026,KSL,EQ,,,,,KALYANI STEELS LIMITED,933.55,944.0,896.0,903.1,914.8,926.15,,903.05,,,64152,58652421.25,4402,F1,1,,,,,
2026-07-15,2026-07-15,CM,NSE,STK,762732,INE411F01010,KAMAHOLD,EQ,,,,,KAMA HOLDINGS LTD.,2556.2,2597.4,2542.3,2551.6,2569.0,2542.6,,2551.6,,,1291,3315696.5,287,F1,1,,,,,
2026-07-15,2026-07-15,CM,NSE,STK,1826,INE967C01018,KAMATHOTEL,EQ,,,,,KAMAT HOTELS (I) LTD,182.76,187.35,179.2,180.4,179.23,183.1,,180.37,,,36865,6723923.86,1134,F1,1,,,,,
2026-07-15,2026-07-15,CM,NSE,STK,13461,INE390H01020,KAMDHENU,BE,,,,,KAMDHENU LIMITED,31.4,32.6,31.01,31.77,31.75,31.46,,31.73,,,839273,26708175.78,819,F1,1,,,,,
2026-07-15,2026-07-15,CM,NSE,STK,13814,INE0BTI01037,KAMOPAINTS,EQ,,,,,KAMDHENU VENTURES LIMITED,4.74,4.83,4.58,4.6,4.6,4.71,,4.6,,,445637,2078492.5,1075,F1,1,,,,,
2026-07-15,2026-07-15,CM,NSE,STK,25786,INE879E01037,KANANIIND,EQ,,,,,KANANI INDUSTRIES LTD,1.56,1.58,1.54,1.55,1.56,1.52,,1.55,,,168420,261913.09,181,F1,1,,,,,
2026-07-15,2026-07-15,CM,NSE,STK,762740,INE081G01019,KANCHI,BE,,,,,KANCHI KARPOORAM LTD.,364.2,373.0,364.0,371.85,373.0,364.25,,371.7,,,850,315660.95,42,F1,1,,,,,
2026-07-15,2026-07-15,CM,NSE,STK,11208,INE0MOT01016,KANDARP,SM,,,,,KANDARP DG SMART BPO LTD,103.0,103.75,103.0,103.75,103.75,105.5,,103.75,,,2000,206750.0,2,F1,1000,,,,,
2026-07-15,2026-07-15,CM,NSE,STK,9805,INE138C01024,KANORICHEM,BE,,,,,KANORIACHEMICALS-,133.0,135.0,126.05,130.02,131.7,132.63,,130.02,,,13939,1818653.0,120,F1,1,,,,,
2026-07-15,2026-07-15,CM,NSE,STK,1782,INE694E01014,KANPRPLA,EQ,,,,,KANPUR PLASTIPACK LIMITED,195.48,203.0,195.48,196.11,196.0,196.06,,196.11,,,2856,565943.74,209,F1,1,,,,,
2026-07-15,2026-07-15,CM,NSE,STK,1196,INE531A01024,KANSAINER,EQ,,,,,KANSAI NEROLAC PAINTS LTD,197.04,204.03,197.04,202.93,203.0,197.03,,202.93,,,225971,45598642.66,6007,F1,1,,,,,
2026-07-15,2026-07-15,CM,NSE,STK,18967,INE542Z01028,KAPSTON,EQ,,,,,KAPSTON SERVICES LIMITED,420.0,425.0,413.0,415.55,418.95,414.15,,415.55,,,18723,7794847.05,930,F1,1,,,,,
2026-07-15,2026-07-15,CM,NSE,STK,24385,INE725L01011,KARMAENG,EQ,,,,,KARMA ENERGY LIMITED,40.57,40.57,37.73,37.99,37.82,38.69,,37.97,,,7570,293307.63,143,F1,1,,,,,
2026-07-15,2026-07-15,CM,NSE,STK,8054,INE614B01018,KTKBANK,EQ,,,,,KARNATAKA BANK LIMITED,276.0,280.0,273.0,274.95,275.2,274.15,,274.95,,,1376619,381037049.8,20881,F1,1,,,,,
2026-07-15,2026-07-15,CM,NSE,STK,19465,INE0MGA01012,KARNIKA,SM,,,,,KARNIKA INDUSTRIES LTD,127.65,128.8,124.0,125.3,124.0,123.75,,125.3,,,103000,12991550.0,92,F1,1000,,,,,
2026-07-15,2026-07-15,CM,NSE,STK,1838,INE036D01028,KARURVYSYA,EQ,,,,,KARUR VYSYA BANK LTD,302.5,308.6,301.05,305.4,306.8,299.55,,305.4,,,2108877,645109177.15,46589,F1,1,,,,,
2026-07-15,2026-07-15,CM,NSE,STK,24528,INE0SVY01018,KATARIA,SM,,,,,KATARIA INDUSTRIES LTD,99.1,99.1,97.1,98.0,98.0,99.0,,98.0,,,15000,1471920.0,17,F1,600,,,,,
2026-07-15,2026-07-15,CM,NSE,STK,15140,INE234I01028,KAUSHALYA,BE,,,,,KAUSHALYA INFRA DEV LTD.,905.05,968.95,887.0,940.75,940.0,933.65,,941.45,,,2702,2486160.35,238,F1,1,,,,,
2026-07-15,2026-07-15,CM,NSE,STK,21186,INE0Q2V01012,KLL,SM,,,,,KAUSHALYA LOGISTICS LTD,30.5,31.0,27.0,27.85,27.0,30.6,,27.85,,,104800,3047040.0,106,F1,800,,,,,
2026-07-15,2026-07-15,CM,NSE,STK,14972,INE455I01029,KSCL,EQ,,,,,KAVERI SEED CO. LTD.,851.5,864.7,841.6,845.55,850.0,851.5,,845.55,,,42998,36486429.75,2297,F1,1,,,,,
2026-07-15,2026-07-15,CM,NSE,STK,15244,INE641C01019,KAVDEFENCE,EQ,,,,,KAVVERI DFS & WIR TEC LTD,61.2,61.2,59.68,59.86,60.1,60.2,,59.85,,,63767,3843319.52,850,F1,1,,,,,
2026-07-15,2026-07-15,CM,NSE,STK,21185,INE0RCG01017,KCEIL,ST,,,,,KAY CEE ENERGY & INFRA L,88.8,90.3,86.25,89.85,90.3,86.0,,89.85,,,19500,1727400.0,32,F1,500,,,,,
2026-07-15,2026-07-15,CM,NSE,STK,10276,INE587G01015,KAYA,EQ,,,,,KAYA LIMITED,246.92,250.0,236.53,239.04,241.8,242.1,,239.01,,,21500,5165246.04,827,F1,1,,,,,
2026-07-15,2026-07-15,CM,NSE,STK,12092,INE918Z01012,KAYNES,EQ,,,,,KAYNES TECHNOLOGY IND LTD,3307.0,3345.0,3300.5,3337.2,3344.0,3288.4,,3337.2,,,496703,1653172656.5,29870,F1,1,,,,,
2026-07-15,2026-07-15,CM,NSE,STK,758868,INE13ZD01013,KAYTEX,SM,,,,,KAYTEX FABRICS LIMITED,59.1,60.6,59.1,60.6,60.6,59.1,,60.6,,,5600,336520.0,7,F1,800,,,,,
2026-07-15,2026-07-15,CM,NSE,STK,10293,INE0J1E01027,KCK,SM,,,,,KCK INDUSTRIES LTD,16.1,16.75,15.95,15.95,15.95,15.95,,15.95,,,315000,5061500.0,73,F1,2500,,,,,
2026-07-15,2026-07-15,CM,NSE,STK,1841,INE805C01028,KCP,EQ,,,,,KCP LTD,171.01,174.0,170.3,171.23,170.35,171.57,,171.23,,,46940,8075251.0,1186,F1,1,,,,,
2026-07-15,2026-07-15,CM,NSE,STK,4809,INE790B01024,KCPSUGIND,EQ,,,,,KCP SUGAR IND CORP LTD.,21.95,21.95,21.52,21.7,21.79,21.64,,21.7,,,62908,1362783.55,371,F1,1,,,,,
2026-07-15,2026-07-15,CM,NSE,STK,14908,INE291D01011,KDDL,EQ,,,,,KDDL LIMITED,3315.0,3315.0,3215.1,3227.9,3225.0,3265.6,,3227.9,,,14524,47178627.0,2488,F1,1,,,,,
2026-07-15,2026-07-15,CM,NSE,STK,13260,INE389H01022,KEC,EQ,,,,,KEC INTL. LIMITED,504.0,514.4,502.05,507.5,508.0,489.9,,507.5,,,4609992,2345325910.5,66664,F1,1,,,,,
2026-07-15,2026-07-15,CM,NSE,STK,13310,INE878B01027,KEI,EQ,,,,,KEI INDUSTRIES LTD.,5120.0,5185.0,5032.0,5092.5,5101.0,5120.5,,5093.0,,,346133,1758098537.0,43349,F1,1,,,,,
2026-07-15,2026-07-15,CM,NSE,STK,13430,INE164B01030,KELLTONTEC,EQ,,,,,KELLTON TECH SOL LTD,15.08,15.14,14.79,14.93,14.97,15.08,,14.93,,,1713964,25639407.59,3107,F1,1,,,,,
2026-07-15,2026-07-15,CM,NSE,STK,29547,INE15DO01012,KEN,SM,,,,,KEN ENTERPRISES LIMITED,34.35,34.35,34.05,34.05,34.05,34.7,,34.05,,,4800,164160.0,4,F1,1200,,,,,
2026-07-15,2026-07-15,CM,NSE,STK,11841,INE717A01029,KENNAMET,EQ,,,,,KENNAMETAL INDIA LIMITED,2839.9,2899.0,2813.0,2848.8,2840.0,2822.0,,2848.8,,,34375,98417499.0,5370,F1,1,,,,,
2026-07-15,2026-07-15,CM,NSE,STK,13121,INE202H01019,KERNEX,EQ,,,,,KERNEX MICROSYS(I) LTD,2206.0,2222.0,2175.4,2195.1,2181.8,2192.9,,2195.1,,,79203,174186035.2,5571,F1,1,,,,,
2026-07-15,2026-07-15,CM,NSE,STK,4981,INE087A01019,KESORAMIND,BE,,,,,KESORAM INDUSTRIES LTD,10.98,10.98,10.98,10.98,10.98,10.77,,11.0,,,125734,1380559.32,142,F1,1,,,,,
2026-07-15,2026-07-15,CM,NSE,STK,13381,INE401H01017,KKCL,EQ,,,,,KEWAL KIRAN CLOTHING LTD,498.2,507.95,492.0,501.4,501.0,493.9,,501.4,,,39532,19783998.9,1573,F1,1,,,,,
2026-07-15,2026-07-15,CM,NSE,STK,4157,INE681C01015,KEYFINSERV,EQ,,,,,KEYNOTE FIN SERV LTD.,262.97,267.99,256.52,265.99,266.0,262.97,,265.99,,,853,222771.11,46,F1,1,,,,,
2026-07-15,2026-07-15,CM,NSE,STK,12219,INE263M01029,RUSTOMJEE,EQ,,,,,KEYSTONE REALTORS LIMITED,424.85,424.85,413.55,416.4,419.5,419.35,,416.4,,,41575,17395641.5,2332,F1,1,,,,,
2026-07-15,2026-07-15,CM,NSE,STK,13359,INE138Y01010,KFINTECH,EQ,,,,,KFIN TECHNOLOGIES LIMITED,888.0,912.8,884.0,893.95,894.5,898.25,,893.95,,,858718,772495775.85,27596,F1,1,,,,,
2026-07-15,2026-07-15,CM,NSE,STK,433,INE834I01025,KHADIM,BE,,,,,KHADIM INDIA LIMITED,101.0,101.99,95.9,96.59,99.0,100.79,,96.6,,,98893,9683086.42,698,F1,1,,,,,
2026-07-15,2026-07-15,CM,NSE,STK,9582,INE731C01018,KHAITANLTD,BE,,,,,KHAITAN (INDIA)LTD.,131.11,131.11,127.2,130.0,130.0,131.11,,129.65,,,1133,146885.61,23,F1,1,,,,,
2026-07-15,2026-07-15,CM,NSE,STK,902,INE745B01028,KHAICHEM,BE,,,,,KHAITAN CHEM & FERT LTD,51.3,51.3,48.0,48.3,48.8,50.24,,48.33,,,175558,8643082.71,837,F1,1,,,,,
2026-07-15,2026-07-15,CM,NSE,STK,9641,INE060B01014,KHANDSE,EQ,,,,,KHANDWALA SECURITIES LTD,17.32,17.51,16.96,17.0,17.0,17.33,,17.29,,,8010,137633.65,60,F1,1,,,,,
2026-07-15,2026-07-15,CM,NSE,STK,9570,INE00UG01014,KHFM,SM,,,,,KHFM HOS FAC MANA SER LTD,49.0,50.3,47.5,50.3,50.3,49.4,,50.3,,,26350,1293010.0,11,F1,1550,,,,,
2026-07-15,2026-07-15,CM,NSE,STK,762747,INE338F01015,KLBRENG-B,EQ,,,,,KILBURN ENGINEERING LTD.,458.5,459.9,444.1,452.4,451.15,457.2,,452.4,,,76274,34529911.65,3221,F1,1,,,,,
2026-07-15,2026-07-15,CM,NSE,STK,19941,INE729D01010,KILITCH,BE,,,,,KILITCH DRUGS INDIA LTD,172.5,180.99,168.0,180.44,180.99,175.34,,180.53,,,42595,7525358.47,380,F1,1,,,,,
2026-07-15,2026-07-15,CM,NSE,STK,18944,INE473D01015,KINGFA,EQ,,,,,KINGFA SCI & TEC IND LTD.,5060.0,5111.5,5011.0,5074.5,5052.0,5056.0,,5074.5,,,2476,12556395.0,794,F1,1,,,,,
2026-07-15,2026-07-15,CM,NSE,STK,19126,INE880L01014,KIOCL,EQ,,,,,KIOCL LIMITED,380.4,384.0,377.0,378.8,378.0,379.3,,378.75,,,54157,20603550.3,1988,F1,1,,,,,
2026-07-15,2026-07-15,CM,NSE,STK,762742,INE555P01013,KIRANVYPAR,EQ,,,,,KIRAN VYAPAR LTD.,188.4,192.0,188.2,188.4,188.2,192.25,,188.4,,,366,70030.28,15,F1,1,,,,,
2026-07-15,2026-07-15,CM,NSE,STK,16639,INE415I01015,KIRIINDUS,EQ,,,,,KIRI INDUSTRIES LIMITED,401.9,402.75,393.9,396.8,397.0,399.1,,396.8,,,109419,43539401.8,2874,F1,1,,,,,
2026-07-15,2026-07-15,CM,NSE,STK,18581,INE732A01036,KIRLOSBROS,EQ,,,,,KIRLOSKAR BROTHERS LTD,1968.1,2007.6,1905.7,1925.5,1925.0,1929.9,,1925.5,,,323114,626623793.4,28329,F1,1,,,,,
2026-07-15,2026-07-15,CM,NSE,STK,18224,INE134B01017,KECL,BE,,,,,KIRLOSKAR ELECTRIC CO LTD,118.32,118.33,115.1,115.74,115.21,118.33,,116.07,,,43810,5084421.19,384,F1,1,,,,,
2026-07-15,2026-07-15,CM,NSE,STK,14466,INE884B01025,KIRLFER,EQ,,,,,KIRLOSKAR FERROUS IND LTD,463.9,466.45,458.0,460.55,460.0,462.1,,460.5,,,40691,18755347.5,2161,F1,1,,,,,
2026-07-15,2026-07-15,CM,NSE,STK,19025,INE250A01039,KIRLOSIND,EQ,,,,,KIRLOSKAR INDUSTRIES LTD,3976.9,4049.9,3925.1,3956.4,3927.6,3939.4,,3955.5,,,8660,34541224.5,2136,F1,1,,,,,
2026-07-15,2026-07-15,CM,NSE,STK,20936,INE146L01010,KIRLOSENG,EQ,,,,,KIRLOSKAR OIL ENG LTD,2383.0,2434.7,2371.0,2414.2,2419.8,2362.3,,2413.9,,,247981,596596743.8,19691,F1,1,,,,,
2026-07-15,2026-07-15,CM,NSE,STK,15180,INE811A01020,KIRLPNU,EQ,,,,,KIRLOSKAR PNEUMATIC COM L,1755.0,1781.8,1747.3,1761.7,1770.0,1749.9,,1761.8,,,90707,159757552.2,15892,F1,1,,,,,
2026-07-15,2026-07-15,CM,NSE,STK,28899,INE602G01020,KITEX,EQ,,,,,KITEX GARMENTS LTD,151.0,153.5,151.0,151.64,151.9,150.71,,151.64,,,362847,55189913.02,4056,F1,1,,,,,
2026-07-15,2026-07-15,CM,NSE,STK,760923,INE0KNW01016,KNAGRI,EQ,,,,,KN AGRI RESOURCES LIMITED,203.9,206.7,194.1,195.37,197.0,202.7,,195.37,,,12410,2459234.57,353,F1,1,,,,,
2026-07-15,2026-07-15,CM,NSE,STK,763839,INE17QZ01016,KNACK,EQ,,,,,KNACK PACKAGING LIMITED,205.99,209.63,200.31,202.11,202.1,205.06,,202.05,,,1750106,357667829.51,19468,F1,1,,,,,
2026-07-15,2026-07-15,CM,NSE,STK,27084,INE0CJD01029,KMEW,EQ,,,,,KNOWLEDGE MARINE & EN W L,2348.7,2540.0,2344.9,2448.5,2465.0,2341.9,,2448.3,,,216652,536549074.9,25777,F1,1,,,,,
2026-07-15,2026-07-15,CM,NSE,STK,758431,INE1JAR25012,KRT,RR,,,,,KNOWLEDGE REALTY TRUST,115.64,116.99,115.46,116.54,116.7,115.46,,116.52,,,162671,18883221.22,2001,F1,1,,,,,
2026-07-15,2026-07-15,CM,NSE,STK,15283,INE634I01029,KNRCON,EQ,,,,,KNR CONSTRU LTD.,125.71,127.25,123.27,123.82,124.0,125.46,,123.83,,,690385,86257181.6,6983,F1,1,,,,,
2026-07-15,2026-07-15,CM,NSE,STK,18751,INE0Q7P01013,KODYTECH,SM,,,,,KODY TECHNOLAB LIMITED,1271.0,1295.0,1250.25,1287.45,1295.0,1258.1,,1287.45,,,13300,16953550.0,123,F1,100,,,,,
2026-07-15,2026-07-15,CM,NSE,STK,3009,INE080B01012,KOHINOOR,EQ,,,,,KOHINOOR FOODS LIMITED,24.44,24.44,23.97,24.15,24.16,24.03,,24.16,,,130428,3151792.76,1792,F1,1,,,,,
2026-07-15,2026-07-15,CM,NSE,STK,16827,INE760A01029,KOKUYOCMLN,EQ,,,,,KOKUYO CAMLIN LIMITED,86.35,87.57,86.3,86.48,86.3,87.31,,86.48,,,9469,821301.37,211,F1,1,,,,,
2026-07-15,2026-07-15,CM,NSE,STK,15124,INE094I01018,KOLTEPATIL,EQ,,,,,KOLTE PATIL DEV. LTD.,385.7,390.9,383.45,387.35,388.0,383.4,,387.35,,,64572,25068312.95,4406,F1,1,,,,,
2026-07-15,2026-07-15,CM,NSE,STK,22475,INE0QEI01011,KONSTELEC,ST,,,,,KONSTELEC ENGINEERS LTD,64.65,64.65,64.65,64.65,64.65,61.6,,64.65,,,6000,387900.0,6,F1,1000,,,,,
2026-07-15,2026-07-15,CM,NSE,STK,4951,INE082A01010,KOPRAN,BE,,,,,KOPRAN LTD,208.0,212.0,203.0,204.0,204.0,207.28,,204.0,,,99890,20697860.13,832,F1,1,,,,,
2026-07-15,2026-07-15,CM,NSE,STK,16758,INE0O4R01018,KDL,SM,,,,,KORE DIGITAL LIMITED,116.8,118.75,114.3,117.3,117.2,113.1,,117.3,,,20100,2365477.5,77,F1,150,,,,,
2026-07-15,2026-07-15,CM,NSE,STK,14858,INF174KA1HJ8,GOLD1,EQ,,,,,KOTAK GOLD ETF,116.62,119.0,116.62,117.54,117.53,117.09,,117.54,,,756365,88906846.08,5738,F1,1,,,,,
2026-07-15,2026-07-15,CM,NSE,STK,1922,INE237A01036,KOTAKBANK,EQ,,,,,KOTAK MAHINDRA BANK LTD,379.35,382.8,376.25,378.4,378.45,378.65,,378.4,,,8082156,3061162333.2,93507,F1,1,,,,,
2026-07-15,2026-07-15,CM,NSE,STK,18102,INF174K014P6,NIFTY1,EQ,,,,,KOTAK NIFTY ETF,266.78,268.5,266.45,266.66,266.46,266.77,,266.66,,,177036,47448040.33,1208,F1,1,,,,,
2026-07-15,2026-07-15,CM,NSE,STK,15061,INF174KA1A86,PSUBANK,EQ,,,,,KOTAK PSU BANK,83.99,84.62,83.26,83.9,84.03,83.36,,83.9,,,1791241,150534210.08,1597,F1,1,,,,,
2026-07-15,2026-07-15,CM,NSE,STK,759885,INF174KA1XV0,CHEMICAL,EQ,,,,,KOTAKMAMC - CHEMICAL,29.77,30.13,29.77,29.94,30.0,29.66,,29.94,,,1085805,32521816.37,758,F1,1,,,,,
2026-07-15,2026-07-15,CM,NSE,STK,7412,INF174KA1IA5,ALPHA,EQ,,,,,KOTAKMAMC - KOTAKALPHA,51.65,52.3,51.65,51.93,51.8,51.57,,51.93,,,716730,37304439.91,1908,F1,1,,,,,
2026-07-15,2026-07-15,CM,NSE,STK,10512,INF174KA1ZF8,CONS,EQ,,,,,KOTAKMAMC - KOTAKCONS,12.03,12.03,11.92,11.98,11.93,11.94,,11.98,,,23414,280759.89,82,F1,1,,,,,
2026-07-15,2026-07-15,CM,NSE,STK,2627,INF174KA1GC5,IT,EQ,,,,,KOTAKMAMC - KOTAKIT,31.91,31.91,31.34,31.64,31.8,31.81,,31.64,,,492764,15601572.11,1053,F1,1,,,,,
2026-07-15,2026-07-15,CM,NSE,STK,13950,INF174KA1LV5,LIQUID1,EQ,,,,,KOTAKMAMC - KOTAKLIQ,1113.0,1113.54,1113.0,1113.52,1113.53,1113.38,,1113.52,,,592858,660164190.44,3611,F1,1,,,,,
2026-07-15,2026-07-15,CM,NSE,STK,8632,INF174KA1IY5,LOWVOL1,EQ,,,,,KOTAKMAMC - KOTAKLOVOL,21.03,21.34,20.98,21.16,21.34,20.92,,21.16,,,218378,4604384.05,113,F1,1,,,,,
2026-07-15,2026-07-15,CM,NSE,STK,8077,INF174KA1ZC5,MIDCAP,EQ,,,,,KOTAKMAMC - KOTAKMID50,18.35,18.54,18.34,18.42,18.36,18.33,,18.42,,,456373,8415227.32,665,F1,1,,,,,
2026-07-15,2026-07-15,CM,NSE,STK,10676,INF174KA1JF2,MNC,EQ,,,,,KOTAKMAMC - KOTAKMNC,33.36,33.5,33.0,33.28,33.27,33.24,,33.28,,,69618,2320677.98,255,F1,1,,,,,
2026-07-15,2026-07-15,CM,NSE,STK,13082,INF174KA1ZD3,SILVER1,EQ,,,,,KOTAKMAMC - KOTAKSILVE,21.6,21.6,21.08,21.18,21.23,21.08,,21.18,,,1788225,37927141.98,3500,F1,1,,,,,
2026-07-15,2026-07-15,CM,NSE,STK,11457,INF174KA1ZE1,NV20,EQ,,,,,KOTAKMAMC - KTKNV20ETF,14.05,14.2,14.05,14.05,14.05,14.06,,14.05,,,118282,1668089.61,212,F1,1,,,,,
2026-07-15,2026-07-15,CM,NSE,STK,30469,INF174KA1VW2,MID150,EQ,,,,,KOTAKMAMC - MID150,22.76,23.6,22.76,23.45,23.51,23.35,,23.45,,,672648,15808212.25,224,F1,1,,,,,
2026-07-15,2026-07-15,CM,NSE,STK,759488,INF174KA1XS6,MOMENTUM30,EQ,,,,,KOTAKMAMC - MOMENTUM30,30.8,30.87,30.52,30.52,30.56,30.65,,30.52,,,61333,1874824.55,71,F1,1,,,,,
2026-07-15,2026-07-15,CM,NSE,STK,29758,INF174KA1VD2,MSCIINDIA,EQ,,,,,KOTAKMAMC - MSCIINDIA,29.86,29.99,29.73,29.78,29.84,29.71,,29.78,,,3485,103990.82,75,F1,1,,,,,
2026-07-15,2026-07-15,CM,NSE,STK,760709,INF174KA1YO3,NEXT50ETF,EQ,,,,,KOTAKMAMC - NEXT50ETF,73.61,73.61,72.41,72.58,72.42,72.17,,72.58,,,4760,345614.48,65,F1,1,,,,,
2026-07-15,2026-07-15,CM,NSE,STK,29944,INF174KA1UW4,NIFTY100EW,EQ,,,,,KOTAKMAMC - NIFTY100EW,34.83,34.95,34.68,34.8,34.9,34.84,,34.8,,,29881,1041676.36,164,F1,1,,,,,
2026-07-15,2026-07-15,CM,NSE,STK,757946,INF174KA1WT6,QUALITY30,EQ,,,,,KOTAKMAMC - QUALITY30,20.31,20.39,19.95,20.2,20.22,20.28,,20.2,,,257010,5209422.96,48,F1,1,,,,,
2026-07-15,2026-07-15,CM,NSE,STK,5851,INF174KA1ZB7,BANKNIFTY1,EQ,,,,,KOTAKMAMC-KOTAKBKETF,59.77,60.39,55.0,60.03,60.04,59.77,,60.03,,,213622,12819509.85,841,F1,1,,,,,
2026-07-15,2026-07-15,CM,NSE,STK,762752,INE972A01020,KOTIC,EQ,,,,,KOTHARI INDUSTRIAL CORP L,177.31,179.8,173.62,177.06,179.8,176.4,,177.39,,,11502,2027679.71,554,F1,1,,,,,
2026-07-15,2026-07-15,CM,NSE,STK,4594,INE720A01015,KOTHARIPET,EQ,,,,,KOTHARI PETROCHEM LTD,132.0,133.49,129.56,131.3,131.0,130.61,,131.3,,,33116,4358113.5,751,F1,1,,,,,
2026-07-15,2026-07-15,CM,NSE,STK,5528,INE823A01017,KOTHARIPRO,EQ,,,,,KOTHARI PRODUCTS LTD,68.84,70.49,66.5,67.87,67.83,68.84,,67.87,,,9538,648243.2,132,F1,1,,,,,
2026-07-15,2026-07-15,CM,NSE,STK,11647,INE419A01022,KOTARISUG,EQ,,,,,KOTHARI SUG & CHEM LTD.,25.51,26.04,25.38,25.44,25.42,25.51,,25.44,,,18846,482883.69,160,F1,1,,,,,
2026-07-15,2026-07-15,CM,NSE,STK,761337,INE0J0B01017,KOTYARK,BE,,,,,KOTYARK INDUSTRIES LTD,34.33,36.0,33.31,34.47,36.0,34.34,,34.39,,,69080,2350043.55,312,F1,1,,,,,
2026-07-15,2026-07-15,CM,NSE,STK,5192,INE177F01017,KOVAI,EQ,,,,,KOVAI MEDICAL CENTER & HO,5892.0,6017.0,5843.0,5986.0,5990.0,5862.0,,5985.5,,,4705,28120513.0,1729,F1,1,,,,,
2026-07-15,2026-07-15,CM,NSE,STK,5108,INE542W01025,KPIGREEN,EQ,,,,,KPI GREEN ENERGY LIMITED,404.0,411.0,400.2,404.8,405.0,399.3,,404.8,,,611356,248815526.7,19099,F1,1,,,,,
2026-07-15,2026-07-15,CM,NSE,STK,9683,INE04I401011,KPITTECH,EQ,,,,,KPIT TECHNOLOGIES LIMITED,553.0,555.7,543.0,551.6,553.0,555.6,,551.6,,,3117204,1711363108.25,65125,F1,1,,,,,
2026-07-15,2026-07-15,CM,NSE,STK,14912,INE930H01031,KPRMILL,EQ,,,,,KPR MILL LTD.,1124.3,1164.5,1119.1,1139.8,1141.0,1116.3,,1139.8,,,584087,669832927.0,38214,F1,1,,,,,
2026-07-15,2026-07-15,CM,NSE,STK,10577,INE001B01026,KRBL,EQ,,,,,KRBL LIMITED,353.9,360.0,353.75,359.1,359.0,352.75,,359.1,,,361613,129445917.3,8377,F1,1,,,,,
2026-07-15,2026-07-15,CM,NSE,STK,1937,INE268B01013,KREBSBIO,EQ,,,,,KREBS BIOCHEMICALS & IND,54.6,56.0,54.34,55.12,54.61,54.72,,55.11,,,2483,136590.47,44,F1,1,,,,,
2026-07-15,2026-07-15,CM,NSE,STK,11488,INE524L01026,KRIDHANINF,BE,,,,,KRIDHAN INFRA LIMITED,2.7,2.71,2.64,2.71,2.71,2.59,,2.74,,,16455,44332.72,27,F1,1,,,,,
2026-07-15,2026-07-15,CM,NSE,STK,12847,INE506W01020,KRISHANA,EQ,,,,,KRISHANA PHOSCHEM LIMITED,137.6,138.5,135.5,137.4,137.0,136.2,,137.4,,,345124,47373227.85,3329,F1,1,,,,,
2026-07-15,2026-07-15,CM,NSE,STK,16133,INE0NR701018,KRISHCA,SM,,,,,KRISHCA STRAPPING SLTN L,164.35,175.5,164.35,174.9,174.9,164.0,,174.9,,,24500,4194200.0,39,F1,500,,,,,
2026-07-15,2026-07-15,CM,NSE,STK,756782,INE0GGO01015,KRISHIVAL,EQ,,,,,KRISHIVAL FOODS LIMITED,402.0,403.2,398.25,399.65,399.3,402.4,,399.65,,,5879,2357119.45,137,F1,1,,,,,
2026-07-15,2026-07-15,CM,NSE,STK,761192,INE0J5601015,KRISHNADEF,EQ,,,,,KRISHNA DEF AND ALD IND L,1282.5,1349.9,1280.6,1289.6,1290.0,1278.8,,1289.6,,,180748,237364546.0,15998,F1,1,,,,,
2026-07-15,2026-07-15,CM,NSE,STK,4847,INE967H01025,KIMS,EQ,,,,,KRISHNA INST OF MED SCI L,814.9,824.1,804.85,807.95,810.3,806.7,,807.95,,,263387,214599998.9,12086,F1,1,,,,,
2026-07-15,2026-07-15,CM,NSE,STK,6420,INE479D01038,KRITI,BE,,,,,KRITI INDUSTRIES IND LTD,69.18,69.2,67.05,67.78,68.89,69.19,,67.77,,,8344,567576.37,121,F1,1,,,,,
2026-07-15,2026-07-15,CM,NSE,STK,11440,INE798K01010,KRITINUT,BE,,,,,KRITI NUTRIENTS LIMITED,78.93,79.8,78.0,78.49,78.95,78.93,,78.79,,,2806,220684.58,32,F1,1,,,,,
2026-07-15,2026-07-15,CM,NSE,STK,9288,INE00Z501029,KRITIKA,EQ,,,,,KRITIKA WIRES LIMITED,5.88,5.88,5.62,5.65,5.7,5.74,,5.65,,,146660,838904.56,351,F1,1,,,,,
2026-07-15,2026-07-15,CM,NSE,STK,760627,INE1MTV01019,KRMAYURVED,ST,,,,,KRM AYURVEDA LIMITED,251.8,251.8,244.55,245.1,245.1,251.8,,245.1,,,11000,2717850.0,11,F1,1000,,,,,
2026-07-15,2026-07-15,CM,NSE,STK,25645,INE0Q3J01015,KRN,BE,,,,,KRN HEAT EXCHANGE N REF L,1239.0,1285.5,1221.6,1285.5,1285.5,1224.3,,1288.3,,,195887,249687273.9,7086,F1,1,,,,,
2026-07-15,2026-07-15,CM,NSE,STK,24025,INE0ATZ01017,KRONOX,EQ,,,,,KRONOX LAB SCIENCES LTD,147.59,175.0,147.0,153.32,152.9,146.41,,153.3,,,2199716,355781086.83,27509,F1,1,,,,,
2026-07-15,2026-07-15,CM,NSE,STK,25252,INE0O6601022,KROSS,EQ,,,,,KROSS LIMITED,185.8,188.89,185.6,186.21,185.94,184.56,,186.21,,,174292,32575128.21,2579,F1,1,,,,,
2026-07-15,2026-07-15,CM,NSE,STK,5359,INE08LI01020,KRSNAA,EQ,,,,,KRSNAA DIAGNOSTICS LTD,545.45,550.85,545.0,549.05,550.85,545.4,,549.05,,,31545,17294099.4,2260,F1,1,,,,,
2026-07-15,2026-07-15,CM,NSE,STK,23175,INE0QN801017,KRYSTAL,EQ,,,,,KRYSTAL INTEGRATED SER L,605.0,606.95,600.1,600.5,601.0,600.2,,600.5,,,4970,2987560.7,221,F1,1,,,,,
2026-07-15,2026-07-15,CM,NSE,STK,1949,INE999A01023,KSB,EQ,,,,,KSB LIMITED,933.0,938.7,909.05,917.75,910.0,922.25,,917.8,,,143427,132737823.5,9834,F1,1,,,,,
2026-07-15,2026-07-15,CM,NSE,STK,760433,INE987S01020,KSHINTL,EQ,,,,,KSH INTERNATIONAL LIMITED,876.6,887.0,862.6,882.05,885.0,867.85,,882.15,,,226567,198489738.9,12982,F1,1,,,,,
2026-07-15,2026-07-15,CM,NSE,STK,10412,INE013801027,KSHITIJPOL,BE,,,,,KSHITIJ POLYLINE LIMITED,2.75,2.88,2.75,2.75,2.75,2.89,,2.75,,,1747100,4822236.27,1598,F1,1,,,,,
2026-07-15,2026-07-15,CM,NSE,STK,11060,INE0D6I01023,KSOLVES,EQ,,,,,KSOLVES INDIA LIMITED,299.6,345.0,291.55,316.65,319.8,295.85,,316.65,,,2461922,807398921.1,64701,F1,1,,,,,
2026-07-15,2026-07-15,CM,NSE,STK,759987,INE1SPP01016,KSR,EQ,,,,,KSR FOOTWEAR LIMITED,28.1,29.07,26.51,29.07,29.07,27.69,,29.33,,,22293,633578.32,107,F1,1,,,,,
2026-07-15,2026-07-15,CM,NSE,STK,13870,INE529I01021,KUANTUM,EQ,,,,,KUANTUM PAPERS LIMITED,77.35,77.79,75.44,76.53,76.68,76.97,,76.53,,,44034,3363951.97,633,F1,1,,,,,
2026-07-15,2026-07-15,CM,NSE,STK,764116,INE0ISX01025,KUSUMGAR,EQ,,,,,KUSUMGAR LIMITED,569.0,625.9,568.15,602.8,611.0,419.0,,602.9,,,23809462,14263814609.15,364643,F1,1,,,,,
2026-07-15,2026-07-15,CM,NSE,STK,762757,INE552U01010,KPL,EQ,,,,,KWALITY PHARMACEUTICALS L,2650.0,2771.9,2649.7,2706.5,2710.0,2640.1,,2706.5,,,31108,84320098.5,4451,F1,1,,,,,
2026-07-15,2026-07-15,CM,NSE,STK,760946,INE2KCE01013,KWIL,EQ,,,,,KWALITY WALL'S (INDIA) L,32.14,33.18,32.06,32.88,33.06,31.81,,32.88,,,9599123,313585322.99,24273,F1,1,,,,,
2026-07-15,2026-07-15,CM,NSE,STK,24948,INE498L01015,LTF,EQ,,,,,L&T FINANCE LIMITED,317.9,320.7,311.0,312.4,312.7,315.3,,312.4,,,3577429,1124808745.1,38032,F1,1,,,,,
2026-07-15,2026-07-15,CM,NSE,STK,18564,INE010V01017,LTTS,EQ,,,,,L&T TECHNOLOGY SER. LTD.,3350.2,3600.0,3262.0,3508.3,3507.0,3293.1,,3508.4,,,2194120,7652926297.5,178144,F1,1,,,,,
2026-07-15,2026-07-15,CM,NSE,STK,14423,INE059D01020,LAOPALA,EQ,,,,,LA OPALA RG LIMITED,180.1,194.8,180.1,187.28,187.8,181.8,,187.28,,,410139,76692962.01,7254,F1,1,,,,,
2026-07-15,2026-07-15,CM,NSE,STK,5865,INE548Z01017,LAGNAM,EQ,,,,,LAGNAM SPINTEX LIMITED,80.1,82.5,78.35,81.56,81.6,80.1,,81.56,,,2281,184112.53,78,F1,1,,,,,
2026-07-15,2026-07-15,CM,NSE,STK,762762,INE515C01023,LAHOTIOV,EQ,,,,,LAHOTI OVERSEAS LTD.,43.81,43.81,42.43,42.43,42.43,43.81,,43.92,,,559,23758.53,14,F1,1,,,,,
2026-07-15,2026-07-15,CM,NSE,STK,7902,INE850E01012,LFIC,EQ,,,,,LAKSHMI FIN IND CORP LTD,140.5,143.6,140.0,142.0,142.0,142.1,,142.0,,,335,46995.6,14,F1,1,,,,,
2026-07-15,2026-07-15,CM,NSE,STK,4774,INE651C01018,LAKPRE,BZ,,,,,LAKSHMI PRE SCRE LTD,5.4,5.4,5.03,5.03,5.03,5.29,,5.03,,,3277,16560.39,15,F1,1,,,,,
2026-07-15,2026-07-15,CM,NSE,STK,25863,INE0VZS01015,LAKSHYA,ST,,,,,LAKSHYA POWERTECH LIMITED,105.95,105.95,105.95,105.95,105.95,106.5,,105.95,,,1600,169520.0,2,F1,800,,,,,
2026-07-15,2026-07-15,CM,NSE,STK,6407,INE112F01022,LAMBODHARA,EQ,,,,,LAMBODHARA TEXTILES LTD.,114.03,117.4,114.03,114.65,115.45,113.92,,114.65,,,16627,1924787.63,214,F1,1,,,,,
2026-07-15,2026-07-15,CM,NSE,STK,27225,INE0R0201012,LAMOSAIC,ST,,,,,LAMOSAIC INDIA LIMITED,45.75,47.9,45.15,47.3,47.35,47.05,,47.3,,,13200,618870.0,16,F1,600,,,,,
2026-07-15,2026-07-15,CM,NSE,STK,23027,INE572G01025,LANCORHOL,EQ,,,,,LANCOR HOLDINGS LIMITED,27.44,28.0,26.91,27.17,27.01,26.89,,27.17,,,42138,1152062.1,305,F1,1,,,,,
2026-07-15,2026-07-15,CM,NSE,STK,13276,INE559R01029,LANDMARK,EQ,,,,,LANDMARK CARS LIMITED,529.0,566.95,501.35,514.25,507.0,496.4,,514.35,,,30089896,16468617107.65,423129,F1,1,,,,,
2026-07-15,2026-07-15,CM,NSE,STK,16863,INE197J01017,LPDC,EQ,,,,,LANDMARK PR.DEV.CO.LTD,6.71,6.71,6.4,6.5,6.52,6.45,,6.5,,,18096,117809.19,93,F1,1,,,,,
2026-07-15,2026-07-15,CM,NSE,STK,17376,INE688J01023,LANDSMILL,EQ,,,,,LANDSMILL GREEN LIMITED,0.75,0.79,0.75,0.75,0.76,0.75,,0.75,,,2383742,1819772.58,833,F1,1,,,,,
2026-07-15,2026-07-15,CM,NSE,STK,11483,INE018A01030,LT,EQ,,,,,LARSEN & TOUBRO LTD.,3868.0,3868.0,3778.6,3783.9,3793.0,3848.7,,3783.9,,,3602201,13718726469.7,192356,F1,1,,,,,
2026-07-15,2026-07-15,CM,NSE,STK,21713,INE670X01014,LASA,EQ,,,,,LASA SUPERGENERICS LTD,7.3,7.47,7.2,7.26,7.25,7.33,,7.26,,,6306,45949.5,56,F1,1,,,,,
2026-07-15,2026-07-15,CM,NSE,STK,6818,INE0I7C01011,LATENTVIEW,EQ,,,,,LATENT VIEW ANALYTICS LTD,300.0,304.25,297.0,299.9,300.0,300.25,,299.9,,,301309,90568688.8,9149,F1,1,,,,,
2026-07-15,2026-07-15,CM,NSE,STK,15848,INE262Z01023,LATTEYS,BE,,,,,LATTEYS INDUSTRIES LTD,20.01,20.49,19.62,19.96,20.0,20.42,,19.96,,,40936,816949.69,208,F1,1,,,,,
2026-07-15,2026-07-15,CM,NSE,STK,19234,INE947Q01028,LAURUSLABS,EQ,,,,,LAURUS LABS LIMITED,1565.8,1579.1,1549.5,1554.3,1559.0,1560.7,,1554.3,,,1430478,2235285641.3,45286,F1,1,,,,,
2026-07-15,2026-07-15,CM,NSE,STK,6568,INE801V01019,LAXMICOT,EQ,,,,,LAXMI COTSPIN LIMITED,15.07,16.49,15.07,15.52,15.53,15.07,,15.52,,,59318,942770.03,387,F1,1,,,,,
2026-07-15,2026-07-15,CM,NSE,STK,29171,INE0WO601020,LAXMIDENTL,EQ,,,,,LAXMI DENTAL LIMITED,223.1,224.95,219.76,222.81,223.0,221.22,,222.81,,,59283,13188718.67,2968,F1,1,,,,,
2026-07-15,2026-07-15,CM,NSE,STK,19876,INE258Y01016,LGHL,EQ,,,,,LAXMI GOLDORNA HOUSE LTD,215.98,216.0,198.0,203.24,200.0,209.83,,203.24,,,20168,4248330.61,363,F1,1,,,,,
2026-07-15,2026-07-15,CM,NSE,STK,758865,INE06WU01026,LAXMIINDIA,BE,,,,,LAXMI INDIA FINANCE LTD,106.98,108.94,106.25,106.67,106.47,106.47,,106.7,,,23763,2554142.51,149,F1,1,,,,,
2026-07-15,2026-07-15,CM,NSE,STK,2841,INE576O01020,LXCHEM,EQ,,,,,LAXMI ORGANIC INDUS LTD,168.05,172.32,165.12,168.82,168.2,166.73,,168.82,,,1790270,302773258.72,17180,F1,1,,,,,
2026-07-15,2026-07-15,CM,NSE,STK,7529,INE938A01021,LCCINFOTEC,EQ,,,,,LCC INFOTECH LTD,4.46,4.53,4.32,4.53,4.53,4.32,,4.53,,,26181,118494.34,44,F1,1,,,,,
2026-07-15,2026-07-15,CM,NSE,STK,760300,INE0G1L01025,LEMERITE,EQ,,,,,LE MERITE EXPORTS LIMITED,23.1,23.19,21.76,22.04,21.98,22.9,,22.04,,,493935,10929611.22,1022,F1,1,,,,,
2026-07-15,2026-07-15,CM,NSE,STK,24067,INE0HV901016,IXIGO,EQ,,,,,LE TRAVENUES TECHNOLOGY L,207.0,208.65,202.83,205.09,206.0,206.93,,205.09,,,1011769,207361845.02,19684,F1,1,,,,,
2026-07-15,2026-07-15,CM,NSE,STK,14204,INE0H4B01011,LRRPL,SM,,,,,LEAD REC AND RUB PROD LTD,90.0,90.5,88.0,90.5,90.5,92.0,,90.5,,,16500,1481100.0,9,F1,1500,,,,,
2026-07-15,2026-07-15,CM,NSE,STK,757014,INE0AQ201015,THELEELA,EQ,,,,,LEELA PALACES HOTEL LTD,497.85,499.45,482.0,485.85,487.0,493.6,,485.8,,,329881,160857847.25,17873,F1,1,,,,,
2026-07-15,2026-07-15,CM,NSE,STK,2606,INE970X01018,LEMONTREE,EQ,,,,,LEMON TREE HOTELS LTD,115.1,116.28,112.81,113.75,113.87,114.86,,113.76,,,2466130,283180364.58,47198,F1,1,,,,,
2026-07-15,2026-07-15,CM,NSE,STK,759605,INE956O01016,LENSKART,EQ,,,,,LENSKART SOLUTIONS LTD,538.6,547.05,534.55,544.35,544.0,537.9,,544.35,,,2735706,1480886204.05,55050,F1,1,,,,,
2026-07-15,2026-07-15,CM,NSE,STK,14459,INE500X01013,LEXUS,EQ,,,,,LEXUS GRANITO (INDIA) LTD,13.99,14.37,13.25,13.54,13.47,13.99,,13.54,,,13077,180244.62,91,F1,1,,,,,
2026-07-15,2026-07-15,CM,NSE,STK,18321,INE337A01034,LGBBROSLTD,EQ,,,,,LG BALAKRISHNAN & BROS,1553.1,1577.7,1547.7,1554.2,1556.0,1552.8,,1554.2,,,23104,36037571.1,2175,F1,1,,,,,
2026-07-15,2026-07-15,CM,NSE,STK,760213,INE324D01010,LGEINDIA,EQ,,,,,LG ELECTRONICS INDIA LTD,1525.2,1562.0,1513.9,1556.7,1557.9,1527.3,,1556.7,,,293232,453025825.4,19474,F1,1,,,,,
2026-07-15,2026-07-15,CM,NSE,STK,11082,INE908V01012,LIBAS,EQ,,,,,LIBAS CONSU PRODUCTS LTD,11.2,11.2,10.7,10.76,10.93,10.86,,10.76,,,21218,228579.73,86,F1,1,,,,,
2026-07-15,2026-07-15,CM,NSE,STK,1994,INE557B01019,LIBERTSHOE,EQ,,,,,LIBERTY SHOES LTD,270.0,271.7,258.1,261.45,259.95,265.05,,261.45,,,24355,6429367.05,944,F1,1,,,,,
2026-07-15,2026-07-15,CM,NSE,STK,1997,INE115A01026,LICHSGFIN,EQ,,,,,LIC HOUSING FINANCE LTD,552.0,563.0,549.2,550.15,550.0,549.6,,550.15,,,1624750,900675164.85,33519,F1,1,,,,,
2026-07-15,2026-07-15,CM,NSE,STK,25640,INF767K01SM1,LICMFGOLD,EQ,,,,,LIC MF - LIC GOLD ETF,126.7,127.55,126.55,126.9,127.3,126.7,,126.9,,,32168,4091300.75,365,F1,1,,,,,
2026-07-15,2026-07-15,CM,NSE,STK,11319,INF767K01OS7,LICNETFN50,EQ,,,,,LICNAMC - LICNFENGP,269.8,271.07,268.72,269.03,269.03,269.7,,269.67,,,156,42158.28,24,F1,1,,,,,
2026-07-15,2026-07-15,CM,NSE,STK,11441,INF767K01OT5,LICNETFSEN,EQ,,,,,LICNAMC - LICNFESGP,877.45,877.45,867.6,868.16,868.16,872.33,,870.49,,,15,13031.38,7,F1,1,,,,,
2026-07-15,2026-07-15,CM,NSE,STK,15229,INF767K01PC8,LICNFNHGP,EQ,,,,,LICNAMC - LICNFNHGP,276.78,276.78,275.41,275.98,275.98,275.41,,275.98,,,13,3587.71,4,F1,1,,,,,
2026-07-15,2026-07-15,CM,NSE,STK,6062,INF767K01MV5,LICNETFGSC,EQ,,,,,LICNAMC - LICNMFET,29.65,29.65,29.41,29.44,29.46,29.71,,29.44,,,20075,592012.14,85,F1,1,,,,,
2026-07-15,2026-07-15,CM,NSE,STK,22722,INF767K01RN1,LICNMID100,EQ,,,,,LICNAMC - LICNMID100,63.17,63.72,63.17,63.5,63.51,63.16,,63.5,,,1825,115785.67,42,F1,1,,,,,
2026-07-15,2026-07-15,CM,NSE,STK,9480,INE0J1Y01017,LICI,EQ,,,,,LIFE INSURA CORP OF INDIA,437.5,447.4,436.8,439.75,439.6,435.4,,439.75,,,3963134,1754622913.5,55950,F1,1,,,,,
2026-07-15,2026-07-15,CM,NSE,STK,578,INE060901027,LIKHITHA,EQ,,,,,LIKHITHA INFRASTRUC LTD,249.95,249.95,239.6,240.95,241.3,243.1,,240.95,,,24273,5874476.5,547,F1,1,,,,,
2026-07-15,2026-07-15,CM,NSE,STK,6951,INE802B01027,LINC,EQ,,,,,LINC LIMITED,108.72,111.33,106.89,107.65,107.4,108.72,,107.65,,,22016,2399344.77,413,F1,1,,,,,
2026-07-15,2026-07-15,CM,NSE,STK,11596,INE405C01035,LINCOLN,EQ,,,,,LINCOLN PHARMA LTD,606.0,612.4,588.75,603.6,602.05,606.95,,603.5,,,26350,15896406.85,1503,F1,1,,,,,
2026-07-15,2026-07-15,CM,NSE,STK,1627,INE473A01011,LINDEINDIA,EQ,,,,,LINDE INDIA LIMITED,7108.0,7181.0,6999.5,7028.0,7010.0,7081.5,,7028.5,,,15343,108428997.0,4905,F1,1,,,,,
2026-07-15,2026-07-15,CM,NSE,STK,17801,INE093R01011,LLOYDSENGG,EQ,,,,,LLOYDS ENGG WORK LIMITED,88.0,90.18,86.31,89.06,88.83,87.63,,89.06,,,9579703,847049152.51,35077,F1,1,,,,,
2026-07-15,2026-07-15,CM,NSE,STK,25807,INE080I01025,LLOYDSENT,EQ,,,,,LLOYDS ENTERPRISES LTD,78.2,80.5,77.4,79.71,79.65,77.82,,79.71,,,13819866,1092945514.55,34077,F1,1,,,,,
2026-07-15,2026-07-15,CM,NSE,STK,11476,INE0DTQ01028,LLOYDS,ST,,,,,LLOYDS LUXURIES LIMITED,73.5,74.6,73.5,74.5,74.5,71.05,,74.5,,,7000,519650.0,7,F1,1000,,,,,
2026-07-15,2026-07-15,CM,NSE,STK,17313,INE281B01032,LLOYDSME,EQ,,,,,LLOYDS METALS N ENERGY L,1831.9,1875.0,1810.9,1866.1,1866.0,1825.5,,1866.0,,,792357,1465700396.2,22636,F1,1,,,,,
2026-07-15,2026-07-15,CM,NSE,STK,1979,INE269B01029,LMW,EQ,,,,,LMW LIMITED,16235.0,16691.0,16005.0,16364.0,16436.0,16122.0,,16369.0,,,4650,76245649.0,2057,F1,1,,,,,
2026-07-15,2026-07-15,CM,NSE,STK,3220,INE670K01029,LODHA,EQ,,,,,LODHA DEVELOPERS LIMITED,1145.0,1178.9,1145.0,1162.4,1165.05,1147.25,,1162.4,,,1703105,1983277703.3,53376,F1,1,,,,,
2026-07-15,2026-07-15,CM,NSE,STK,13439,INE397H01017,LOKESHMACH,BE,,,,,LOKESH MACHINES LTD,311.0,317.1,311.0,317.1,317.1,317.3,,316.8,,,16097,5040634.65,181,F1,1,,,,,
2026-07-15,2026-07-15,CM,NSE,STK,18232,INE846D01012,LORDSCHLO,EQ,,,,,LORDS CHLORO ALKALI LTD,139.99,141.01,136.35,137.76,136.85,137.75,,137.76,,,6818,946935.37,258,F1,1,,,,,
2026-07-15,2026-07-15,CM,NSE,STK,14924,INE740X01023,LAL,EQ,,,,,LORENZINI APPARELS LTD,8.99,9.09,8.73,8.83,8.82,8.83,,8.84,,,12787,113505.94,91,F1,1,,,,,
2026-07-15,2026-07-15,CM,NSE,STK,16807,INE947I01017,LOTUSEYE,EQ,,,,,LOTUS EYE HOSP & INST L,123.5,123.55,118.0,120.11,121.98,122.97,,120.11,,,30781,3685297.17,667,F1,1,,,,,
2026-07-15,2026-07-15,CM,NSE,STK,22415,INE597L01014,LOVABLE,EQ,,,,,LOVABLE LINGERIE LTD,76.15,77.79,76.15,76.7,76.62,76.63,,76.7,,,10349,796350.1,313,F1,1,,,,,
2026-07-15,2026-07-15,CM,NSE,STK,10590,INE970D01010,LOYALTEX,EQ,,,,,LOYAL TEXTILE MILLS LTD,210.0,215.0,195.0,202.1,202.4,197.15,,202.49,,,1259,262892.54,82,F1,1,,,,,
2026-07-15,2026-07-15,CM,NSE,STK,13816,INE818H01020,LTFOODS,EQ,,,,,LT FOODS LIMITED,380.05,389.85,377.0,386.65,386.7,380.65,,386.65,,,915697,351641784.75,42228,F1,1,,,,,
2026-07-15,2026-07-15,CM,NSE,STK,17818,INE214T01019,LTM,EQ,,,,,LTM LIMITED,4040.0,4098.8,4006.2,4050.6,4052.0,4062.8,,4050.6,,,458200,1860072945.5,45305,F1,1,,,,,
2026-07-15,2026-07-15,CM,NSE,STK,14014,INE872H01027,LUMAXTECH,EQ,,,,,LUMAX AUTO TECH LTD,1488.1,1495.8,1458.3,1462.6,1461.0,1492.4,,1462.6,,,95927,141296291.8,10915,F1,1,,,,,
2026-07-15,2026-07-15,CM,NSE,STK,2018,INE162B01018,LUMAXIND,EQ,,,,,LUMAX INDUSTRIES LTD,5363.5,5458.5,5341.0,5418.5,5383.0,5376.0,,5418.0,,,10071,54487735.5,2135,F1,1,,,,,
2026-07-15,2026-07-15,CM,NSE,STK,10440,INE326A01037,LUPIN,EQ,,,,,LUPIN LIMITED,2480.0,2509.9,2477.5,2493.0,2494.2,2469.2,,2493.0,,,821069,2049062969.9,52372,F1,1,,,,,
2026-07-15,2026-07-15,CM,NSE,STK,11301,INE150G01020,LUXIND,EQ,,,,,LUX INDUSTRIES LIMITED,1300.0,1320.0,1280.8,1286.2,1284.0,1297.5,,1286.2,,,21667,28117607.1,1824,F1,1,,,,,
2026-07-15,2026-07-15,CM,NSE,STK,7248,INE933A01014,LYKALABS,BE,,,,,LYKA LABS LTD.,69.5,71.35,69.01,69.73,69.35,70.08,,69.72,,,2876,201641.67,56,F1,1,,,,,
2026-07-15,2026-07-15,CM,NSE,STK,758150,INE08N601015,MBEL,EQ,,,,,M AND B ENGINEERING LTD,333.2,339.0,330.0,333.75,338.0,330.8,,333.75,,,156625,52433483.55,8514,F1,1,,,,,
2026-07-15,2026-07-15,CM,NSE,STK,16736,INE964W01021,MKPL,EQ,,,,,M K PROTEINS LIMITED,4.52,4.63,4.42,4.5,4.5,4.52,,4.5,,,90641,407834.79,331,F1,1,,,,,
2026-07-15,2026-07-15,CM,NSE,STK,22360,INE813V01022,MCL,EQ,,,,,M TEK COPPER LIMITED,54.0,55.5,53.61,53.97,54.08,54.36,,53.97,,,30760,1663299.37,637,F1,1,,,,,
2026-07-15,2026-07-15,CM,NSE,STK,13285,INE774D01024,M&MFIN,EQ,,,,,M&M FIN. SERVICES LTD,327.0,332.6,322.6,324.95,325.2,325.1,,324.95,,,975867,319418655.0,23953,F1,1,,,,,
2026-07-15,2026-07-15,CM,NSE,STK,22976,INE0SGC01015,MVKAGRO,SM,,,,,M.V.K. AGRO FOOD PROD LTD,381.9,383.0,362.5,369.4,363.0,365.5,,369.4,,,21600,7989720.0,31,F1,300,,,,,
2026-07-15,2026-07-15,CM,NSE,STK,15017,INE215I01027,MAANALU,EQ,,,,,MAAN ALUMINIUM LIMITED,120.0,121.38,117.81,118.32,118.03,117.91,,118.32,,,44342,5283324.87,852,F1,1,,,,,
2026-07-15,2026-07-15,CM,NSE,STK,762782,INE435D01014,MCCHRLS-B,EQ,,,,,MAC CHARLES (INDIA) LTD.,693.25,704.0,693.25,704.0,704.0,707.35,,706.95,,,16,11113.5,3,F1,1,,,,,
2026-07-15,2026-07-15,CM,NSE,STK,24545,INE0R0J01010,MACOBSTECH,SM,,,,,MACOBS TECHNOLOGIES LTD,225.0,229.7,215.5,215.5,215.5,231.0,,215.5,,,35200,7942880.0,19,F1,800,,,,,
2026-07-15,2026-07-15,CM,NSE,STK,22347,INE155Z01011,MACPOWER,EQ,,,,,MACPOWER CNC MACHINES LTD,1335.0,1341.2,1290.8,1321.8,1300.0,1326.3,,1321.8,,,10437,13735723.1,1519,F1,1,,,,,
2026-07-15,2026-07-15,CM,NSE,STK,762767,INE631R01026,MADHAVIPL,EQ,,,,,MADHAV INFRA PROJECTS L,8.23,8.4,8.23,8.3,8.28,8.41,,8.3,,,83973,697821.72,272,F1,1,,,,,
2026-07-15,2026-07-15,CM,NSE,STK,15151,INE925C01016,MADHAV,EQ,,,,,MADHAV MARBLE & GRANITE,35.6,36.5,33.6,34.54,34.11,35.54,,34.56,,,7611,264157.24,98,F1,1,,,,,
2026-07-15,2026-07-15,CM,NSE,STK,13668,INE378D01032,MADHUCON,BE,,,,,MADHUCON PROJECTS LTD.,6.0,6.0,5.53,5.57,5.76,5.82,,5.57,,,87760,489424.37,184,F1,1,,,,,
2026-07-15,2026-07-15,CM,NSE,STK,18738,INE0P6701019,MADHUSUDAN,ST,,,,,MADHUSUDAN MASALA LIMITED,246.9,250.0,241.5,248.3,250.0,239.9,,248.3,,,37000,9153750.0,36,F1,1000,,,,,
2026-07-15,2026-07-15,CM,NSE,STK,12686,INE900L01028,MBAPL,EQ,,,,,MADHYA BHARAT AGRO P. LTD,125.0,127.85,121.8,126.55,126.35,124.0,,126.55,,,962815,121280411.75,10635,F1,1,,,,,
2026-07-15,2026-07-15,CM,NSE,STK,4911,INE414A01015,MADRASFERT,EQ,,,,,MADRAS FERTILISERS LTD,67.98,70.8,67.51,70.18,70.02,67.24,,70.18,,,244996,17121524.75,2522,F1,1,,,,,
2026-07-15,2026-07-15,CM,NSE,STK,762772,INE270B01035,MAFATIND,EQ,,,,,MAFATLAL INDUSTRIES LTD.,135.96,136.48,133.83,135.2,135.0,135.0,,135.11,,,66716,9010577.1,898,F1,1,,,,,
2026-07-15,2026-07-15,CM,NSE,STK,21392,INE347W01011,MAGADSUGAR,EQ,,,,,MAGADH SUGAR & ENERGY LTD,522.65,522.65,510.0,516.5,520.0,520.05,,516.45,,,17827,9197938.3,998,F1,1,,,,,
2026-07-15,2026-07-15,CM,NSE,STK,29482,INE613C01026,MCLOUD,EQ,,,,,MAGELLANIC CLOUD LIMITED,29.0,29.7,28.51,29.48,29.42,28.81,,29.48,,,4182070,122025156.65,9492,F1,1,,,,,
2026-07-15,2026-07-15,CM,NSE,STK,14957,INE387I01016,MAGNUM,EQ,,,,,MAGNUM VENTURES LTD.,19.51,19.74,18.82,19.04,19.2,19.47,,19.04,,,61033,1173778.9,140,F1,1,,,,,
2026-07-15,2026-07-15,CM,NSE,STK,5239,INE843B01013,MAHAPEXLTD,EQ,,,,,MAHA RASHTRA APEX COPR. L,45.9,45.9,44.05,44.51,44.5,45.03,,44.52,,,5969,265236.23,82,F1,1,,,,,
2026-07-15,2026-07-15,CM,NSE,STK,24937,INE0US801024,MFML,EQ,,,,,MAHALAXMI FABRIC MILLS LT,18.41,19.98,18.1,19.08,19.4,18.96,,19.09,,,7717,147171.7,104,F1,1,,,,,
2026-07-15,2026-07-15,CM,NSE,STK,7886,INE112D01035,MHLXMIRU,EQ,,,,,MAHALAXMI RUBTECH LIMITED,137.32,138.99,136.64,138.03,137.8,136.28,,138.03,,,9761,1347554.56,211,F1,1,,,,,
2026-07-15,2026-07-15,CM,NSE,STK,17527,INE451L01014,MAHASTEEL,EQ,,,,,MAHAMAYA STEEL INDS LTD,847.0,879.8,814.4,869.8,870.0,857.25,,869.65,,,6529,5439277.1,341,F1,1,,,,,
2026-07-15,2026-07-15,CM,NSE,STK,17534,INE002S01010,MGL,EQ,,,,,MAHANAGAR GAS LTD.,1126.5,1127.5,1102.6,1106.4,1105.9,1123.3,,1106.4,,,56138,62658671.1,5915,F1,1,,,,,
2026-07-15,2026-07-15,CM,NSE,STK,2294,INE153A01019,MTNL,EQ,,,,,MAHANAGAR TELEPHONE NIGAM,29.0,29.03,28.28,28.42,28.7,28.68,,28.42,,,736529,21113373.17,2877,F1,1,,,,,
2026-07-15,2026-07-15,CM,NSE,STK,2085,INE288A01013,MAHSCOOTER,EQ,,,,,MAHARASHTRA SCOOTERS LTD,13060.0,13163.0,13001.0,13035.0,13015.0,13060.0,,13035.0,,,1017,13276897.0,623,F1,1,,,,,
2026-07-15,2026-07-15,CM,NSE,STK,2088,INE271B01025,MAHSEAMLES,EQ,,,,,MAHARASHTRA SEAMLESS LTD,585.1,593.2,585.1,588.75,588.0,589.1,,588.75,,,52880,31182766.85,4915,F1,1,,,,,
2026-07-15,2026-07-15,CM,NSE,STK,758688,INE632Q01018,MRIL,ST,,,,,MAHENDRA REALTO & INFRA L,71.0,72.85,71.0,72.25,72.85,69.4,,72.25,,,16000,1156320.0,8,F1,1600,,,,,
2026-07-15,2026-07-15,CM,NSE,STK,9577,INE263W01010,MAHESHWARI,BE,,,,,MAHESHWARI LOGISTICS LTD.,73.0,75.0,70.02,73.23,73.0,73.0,,73.23,,,17832,1303676.93,55,F1,1,,,,,
2026-07-15,2026-07-15,CM,NSE,STK,2839,INE961Y01015,MAHICKRA,SM,,,,,MAHICKRA CHEMICAL LIMITED,242.05,252.45,242.05,252.45,252.45,248.75,,252.45,,,2250,558337.5,3,F1,750,,,,,
2026-07-15,2026-07-15,CM,NSE,STK,2031,INE101A01026,M&M,EQ,,,,,MAHINDRA & MAHINDRA LTD,3088.8,3119.9,3079.4,3082.9,3088.0,3093.3,,3082.9,,,2377390,7360123237.4,144028,F1,1,,,,,
2026-07-15,2026-07-15,CM,NSE,STK,17603,INE215D01010,MAHEPC,EQ,,,,,MAHINDRA EPC IRRIG LTD,123.19,124.74,120.51,121.59,121.15,123.0,,121.56,,,83100,10202016.76,1754,F1,1,,,,,
2026-07-15,2026-07-15,CM,NSE,STK,17333,INE998I01010,MHRIL,EQ,,,,,MAHINDRA HOLIDAYS LTD,228.0,230.4,225.46,225.94,225.51,225.44,,225.94,,,163371,37135792.95,3708,F1,1,,,,,
2026-07-15,2026-07-15,CM,NSE,STK,8050,INE813A01018,MAHLIFE,EQ,,,,,MAHINDRA LIFESPACE DEVLTD,372.4,377.45,370.0,371.65,373.0,372.4,,371.7,,,73012,27253233.05,5284,F1,1,,,,,
2026-07-15,2026-07-15,CM,NSE,STK,385,INE766P01016,MAHLOG,EQ,,,,,MAHINDRA LOGISTIC LIMITED,393.7,399.0,385.1,388.4,392.45,393.7,,388.4,,,100517,39333633.25,3429,F1,1,,,,,
2026-07-15,2026-07-15,CM,NSE,STK,24538,INE683C01011,MAITHANALL,EQ,,,,,MAITHAN ALLOYS LTD,1017.4,1022.7,1007.2,1009.8,1008.0,1007.1,,1009.6,,,22660,22989383.7,1136,F1,1,,,,,
2026-07-15,2026-07-15,CM,NSE,STK,19809,INE0PLQ01011,MAITREYA,SM,,,,,MAITREYA MEDICARE LIMITED,129.5,129.5,123.0,123.0,123.0,125.65,,123.0,,,2800,348020.0,6,F1,400,,,,,
2026-07-15,2026-07-15,CM,NSE,STK,762777,INE201B01022,MAJESAUT,EQ,,,,,MAJESTIC AUTO LTD.,377.95,389.5,372.2,386.65,389.0,367.8,,386.6,,,15156,5783849.05,530,F1,1,,,,,
2026-07-15,2026-07-15,CM,NSE,STK,11218,INE0CDK01019,MAKS,SM,,,,,MAKS ENERGY SOL INDIA LTD,19.9,19.9,19.9,19.9,19.9,20.9,,19.9,,,3000,59700.0,2,F1,1500,,,,,
2026-07-15,2026-07-15,CM,NSE,STK,7965,INE389C01015,MALLCOM,EQ,,,,,MALLCOM (INDIA) LIMITED,1060.1,1099.0,1060.1,1088.1,1092.0,1066.9,,1088.0,,,2289,2473389.1,373,F1,1,,,,,
2026-07-15,2026-07-15,CM,NSE,STK,13352,INE383H01017,MALUPAPER,EQ,,,,,MALU PAPER MILLS LIMITED,31.0,31.0,30.35,30.65,30.48,31.13,,30.66,,,3510,107535.67,63,F1,1,,,,,
2026-07-15,2026-07-15,CM,NSE,STK,28687,INE0TO701015,MAMATA,EQ,,,,,MAMATA MACHINERY LIMITED,383.3,387.0,378.55,381.7,383.0,380.45,,381.65,,,34573,13241465.95,1241,F1,1,,,,,
2026-07-15,2026-07-15,CM,NSE,STK,7413,INE830Q01018,MANAKCOAT,EQ,,,,,MAN COAT METAL & IND LTD,127.0,127.0,118.56,119.56,119.0,129.14,,119.57,,,1491017,181341918.36,19190,F1,1,,,,,
2026-07-15,2026-07-15,CM,NSE,STK,11884,INE993A01026,MANINDS,EQ,,,,,MAN INDUSTRIES (I) LTD.,559.4,569.8,548.9,552.05,553.0,556.1,,552.05,,,198788,110885813.4,6703,F1,1,,,,,
2026-07-15,2026-07-15,CM,NSE,STK,18226,INE949H01023,MANINFRA,EQ,,,,,MAN INFRA LTD,103.72,103.75,102.1,102.57,102.85,102.7,,102.56,,,419476,43119223.73,2812,F1,1,,,,,
2026-07-15,2026-07-15,CM,NSE,STK,7420,INE859Q01017,MANAKALUCO,EQ,,,,,MANAK ALUMINIUM CO. LTD.,36.5,37.39,36.5,36.71,36.79,36.56,,36.76,,,35680,1313919.56,449,F1,1,,,,,
2026-07-15,2026-07-15,CM,NSE,STK,15199,INE015D01022,MANAKSIA,EQ,,,,,MANAKSIA LTD.,58.88,58.88,57.0,57.03,57.01,57.59,,57.07,,,34385,1974895.16,501,F1,1,,,,,
2026-07-15,2026-07-15,CM,NSE,STK,7482,INE824Q01011,MANAKSTEEL,BE,,,,,MANAKSIA STEELS LTD,75.07,78.77,75.07,78.41,78.5,75.02,,78.41,,,39565,3065582.97,138,F1,1,,,,,
2026-07-15,2026-07-15,CM,NSE,STK,13796,INE201A01024,MANALIPETC,EQ,,,,,MANALI PETROCHEMICALS LT,63.49,65.2,62.8,63.59,63.99,63.15,,63.59,,,167185,10666068.04,1810,F1,1,,,,,
2026-07-15,2026-07-15,CM,NSE,STK,19061,INE522D01027,MANAPPURAM,EQ,,,,,MANAPPURAM FINANCE LTD,333.0,335.8,326.65,328.6,328.6,328.1,,328.6,,,1372071,453866803.0,19949,F1,1,,,,,
2026-07-15,2026-07-15,CM,NSE,STK,759354,INE0U4H01011,MPEL,ST,,,,,MANAS POLYMER N ENERGIE L,41.0,41.65,40.4,40.55,41.05,40.0,,40.55,,,49600,2014320.0,11,F1,1600,,,,,
2026-07-15,2026-07-15,CM,NSE,STK,25597,INE939X01013,MANBA,EQ,,,,,MANBA FINANCE LIMITED,133.94,137.75,133.94,135.92,135.0,135.05,,135.79,,,64022,8715889.92,694,F1,1,,,,,
2026-07-15,2026-07-15,CM,NSE,STK,24823,INE545L01039,MANCREDIT,EQ,,,,,MANGAL CREDIT N FINCORP L,239.0,241.17,231.56,233.01,231.56,242.0,,233.01,,,204787,48446924.93,2115,F1,1,,,,,
2026-07-15,2026-07-15,CM,NSE,STK,758750,INE0PKD01011,MEIL,BE,,,,,MANGAL ELECTRICAL IND L,297.6,303.0,295.5,298.5,300.0,297.25,,298.4,,,11224,3366700.9,356,F1,1,,,,,
2026-07-15,2026-07-15,CM,NSE,STK,19134,INE00C401011,MAL,SM,,,,,MANGALAM ALLOYS LIMITED,31.6,32.95,31.6,32.95,32.95,31.8,,32.95,,,8000,259120.0,3,F1,1600,,,,,
2026-07-15,2026-07-15,CM,NSE,STK,2106,INE347A01017,MANGLMCEM,EQ,,,,,MANGALAM CEMENT LTD,950.1,1009.0,950.1,984.55,980.0,962.5,,984.6,,,144349,142417160.9,4738,F1,1,,,,,
2026-07-15,2026-07-15,CM,NSE,STK,11817,INE584F01014,MANGALAM,EQ,,,,,MANGALAM DRUG & CHEM LTD,28.19,28.79,27.56,27.93,28.0,27.42,,27.93,,,14725,411833.43,123,F1,1,,,,,
2026-07-15,2026-07-15,CM,NSE,STK,1598,INE0APB01032,MGEL,BE,,,,,MANGALAM GLOBAL ENT LTD,16.79,16.84,15.72,16.49,16.49,16.51,,16.47,,,114656,1888031.1,225,F1,1,,,,,
2026-07-15,2026-07-15,CM,NSE,STK,6428,INE370D01013,MANORG,BE,,,,,MANGALAM ORGANICS LIMITED,528.9,547.45,522.0,547.45,547.45,521.4,,547.7,,,5591,3051514.65,108,F1,1,,,,,
2026-07-15,2026-07-15,CM,NSE,STK,759169,INE0JYY01029,MWL,EQ,,,,,MANGALAM WORLDWIDE LTD,36.3,37.35,36.3,36.85,36.8,36.7,,36.85,,,365981,13517623.25,808,F1,1,,,,,
2026-07-15,2026-07-15,CM,NSE,STK,15380,INE634S01028,MANKIND,EQ,,,,,MANKIND PHARMA LIMITED,2531.1,2639.0,2531.1,2543.1,2540.0,2531.1,,2543.1,,,1273173,3295078044.5,69482,F1,1,,,,,
2026-07-15,2026-07-15,CM,NSE,STK,19015,INE0KNT01012,MVGJL,EQ,,,,,MANOJ VAIBHAV GEM N JEW L,165.75,167.9,162.69,164.17,165.7,165.52,,164.17,,,58857,9726135.96,2424,F1,1,,,,,
2026-07-15,2026-07-15,CM,NSE,STK,13753,INE784W01015,MANOMAY,EQ,,,,,MANOMAY TEX INDIA LTD,175.55,184.28,170.6,181.72,181.99,173.2,,181.72,,,11076,1977644.33,386,F1,1,,,,,
2026-07-15,2026-07-15,CM,NSE,STK,10227,INE00VM01036,MANORAMA,EQ,,,,,MANORAMA INDUSTRIES LTD,1605.1,1623.9,1583.0,1608.2,1610.0,1577.6,,1608.2,,,173230,278732697.8,11484,F1,1,,,,,
2026-07-15,2026-07-15,CM,NSE,STK,13575,INE867A01022,MANUGRAPH,BE,,,,,MANUGRAPH INDIA LIMITED,14.49,14.7,14.0,14.4,14.4,14.49,,14.4,,,5499,79479.61,33,F1,1,,,,,
2026-07-15,2026-07-15,CM,NSE,STK,7040,INE882A01013,MARALOVER,BE,,,,,MARAL OVERSEAS LTD,54.54,57.26,52.61,57.15,57.26,54.54,,57.33,,,16843,945017.46,80,F1,1,,,,,
2026-07-15,2026-07-15,CM,NSE,STK,18659,INE182D01020,MARATHON,EQ,,,,,MARATHON NXTGEN REALT LTD,396.4,400.35,393.55,396.3,394.65,395.65,,396.3,,,57572,22854991.4,1428,F1,1,,,,,
2026-07-15,2026-07-15,CM,NSE,STK,760456,INE0TD401015,MARC,ST,,,,,MARC TECHNOCRATS LIMITED,87.4,88.0,87.4,87.55,87.55,92.0,,87.55,,,6000,525300.0,5,F1,1200,,,,,
2026-07-15,2026-07-15,CM,NSE,STK,18773,INE0QP001012,MARCO,SM,,,,,MARCO CABLE & CONDUCTOR L,32.5,32.5,31.5,31.5,31.5,33.45,,31.5,,,4500,143550.0,3,F1,1500,,,,,
2026-07-15,2026-07-15,CM,NSE,STK,4067,INE196A01026,MARICO,EQ,,,,,MARICO LIMITED,850.0,851.65,841.1,844.45,842.6,848.25,,844.45,,,1449908,1227495081.0,63946,F1,1,,,,,
2026-07-15,2026-07-15,CM,NSE,STK,1328,INE01JE01028,MARINE,EQ,,,,,MARINE ELECTRICAL (I) LTD,255.0,264.55,252.2,255.95,255.1,255.2,,255.95,,,646564,166988582.6,15322,F1,1,,,,,
2026-07-15,2026-07-15,CM,NSE,STK,760204,INE0FW001016,MARKOLINES,EQ,,,,,MARKOLINES PAVEMENT TEC L,168.35,169.99,167.1,168.12,167.68,168.21,,168.12,,,92077,15525263.74,1025,F1,1,,,,,
2026-07-15,2026-07-15,CM,NSE,STK,10579,INE750C01026,MARKSANS,EQ,,,,,MARKSANS PHARMA LIMITED,270.95,280.0,270.3,275.75,276.3,270.95,,275.75,,,1713848,472157684.8,26020,F1,1,,,,,
2026-07-15,2026-07-15,CM,NSE,STK,761386,INE415B01044,MARSONS,EQ,,,,,MARSONS LIMITED,114.7,118.18,112.5,113.04,113.5,113.19,,113.06,,,751744,86643823.45,6936,F1,1,,,,,
2026-07-15,2026-07-15,CM,NSE,STK,761042,INE0X7G01013,MARUSHIKA,SM,,,,,MARUSHIKA TECHNOLOGY LTD,85.05,85.05,85.0,85.0,85.0,88.5,,85.0,,,2400,204060.0,2,F1,1200,,,,,
2026-07-15,2026-07-15,CM,NSE,STK,10999,INE585B01010,MARUTI,EQ,,,,,MARUTI SUZUKI INDIA LTD.,13503.0,13606.0,13435.0,13583.0,13568.0,13489.0,,13583.0,,,456369,6176284738.0,66062,F1,1,,,,,
2026-07-15,2026-07-15,CM,NSE,STK,199,INE348L01012,MASFIN,EQ,,,,,MAS FINANCIAL SERV LTD,320.2,325.0,318.55,323.55,324.0,318.55,,323.55,,,56054,18069486.9,2950,F1,1,,,,,
2026-07-15,2026-07-15,CM,NSE,STK,18731,INE885F01015,MASKINVEST,BE,,,,,MASK INVESTMENTS LIMITED,155.0,155.0,147.5,149.03,149.03,155.0,,149.03,,,235,34714.61,11,F1,1,,,,,
2026-07-15,2026-07-15,CM,NSE,STK,24278,INE0SH001010,MASON,SM,,,,,MASON INFRATECH LIMITED,125.0,126.0,118.5,122.0,122.0,124.65,,122.0,,,15000,1835625.0,30,F1,500,,,,,
2026-07-15,2026-07-15,CM,NSE,STK,2124,INE759A01021,MASTEK,EQ,,,,,MASTEK LTD,1715.0,1718.0,1677.9,1688.1,1692.0,1719.5,,1688.1,,,36723,62127685.2,7141,F1,1,,,,,
2026-07-15,2026-07-15,CM,NSE,STK,19011,INE0OJM01017,MASTER,SM,,,,,MASTER COMPONENTS LIMITED,434.0,448.0,434.0,440.05,440.05,434.0,,440.05,,,4000,1764525.0,8,F1,500,,,,,
2026-07-15,2026-07-15,CM,NSE,STK,27047,INE677D01037,MASTERTR,EQ,,,,,MASTER TRUST LIMITED,93.4,94.3,89.15,90.31,90.26,93.07,,90.31,,,692517,63829592.51,5996,F1,1,,,,,
2026-07-15,2026-07-15,CM,NSE,STK,21726,INE866R01028,MATRIMONY,EQ,,,,,MATRIMONY.COM LIMITED,430.0,467.8,420.3,445.2,441.2,426.45,,445.05,,,79007,35867463.85,3310,F1,1,,,,,
2026-07-15,2026-07-15,CM,NSE,STK,759945,INE132901013,MGSL,SM,,,,,MATRIX GEO SOLUTIONS LTD,63.35,63.6,61.5,61.5,61.5,61.5,,61.5,,,10800,672960.0,7,F1,1200,,,,,
2026-07-15,2026-07-15,CM,NSE,STK,17026,INE636A01039,MAWANASUG,BE,,,,,MAWANA SUGARS LIMITED,114.59,115.1,112.5,113.8,113.3,114.59,,113.8,,,32891,3745537.36,196,F1,1,,,,,
2026-07-15,2026-07-15,CM,NSE,STK,19646,INE03EI01018,MAXESTATES,EQ,,,,,MAX ESTATES LIMITED,434.95,437.5,427.0,427.55,427.0,431.3,,427.6,,,50900,21984153.4,2316,F1,1,,,,,
2026-07-15,2026-07-15,CM,NSE,STK,2142,INE180A01020,MFSL,EQ,,,,,MAX FINANCIAL SERV LTD,1625.0,1637.4,1586.3,1611.1,1612.0,1611.6,,1611.1,,,383229,616784372.6,29315,F1,1,,,,,
2026-07-15,2026-07-15,CM,NSE,STK,22377,INE027H01010,MAXHEALTH,EQ,,,,,MAX HEALTHCARE INS LTD,1092.9,1111.9,1086.2,1102.7,1106.0,1092.9,,1102.7,,,2718551,2983223470.8,67556,F1,1,,,,,
2026-07-15,2026-07-15,CM,NSE,STK,22428,INE0CG601016,MAXIND,EQ,,,,,MAX INDIA LIMITED,159.99,172.52,158.89,168.63,167.2,161.6,,168.63,,,150107,24532439.39,2141,F1,1,,,,,
2026-07-15,2026-07-15,CM,NSE,STK,29657,INE10A501018,MAXVOLT,ST,,,,,MAXVOLT ENERGY INDUS L,365.0,386.9,365.0,374.1,385.0,379.45,,374.1,,,39600,14787020.0,74,F1,400,,,,,
2026-07-15,2026-07-15,CM,NSE,STK,757587,INE0ZTO01018,MAYASHEEL,SM,,,,,MAYASHEEL VENTURES LTD,39.0,39.45,39.0,39.45,39.45,39.0,,39.45,,,6000,235350.0,2,F1,3000,,,,,
2026-07-15,2026-07-15,CM,NSE,STK,28906,INE040D01038,MAYURUNIQ,EQ,,,,,MAYUR UNIQUOTERS LTD,825.35,837.4,801.35,812.35,819.6,818.8,,812.3,,,57960,47596270.7,4400,F1,1,,,,,
2026-07-15,2026-07-15,CM,NSE,STK,509,INE249Z01020,MAZDOCK,EQ,,,,,MAZAGON DOCK SHIPBUIL LTD,2365.1,2403.0,2358.3,2369.4,2369.0,2359.9,,2369.4,,,472032,1122060062.4,25155,F1,1,,,,,
2026-07-15,2026-07-15,CM,NSE,STK,18870,INE885E01042,MAZDA,BE,,,,,MAZDA LIMITED,233.25,243.8,232.99,238.72,239.0,233.81,,238.73,,,8388,2010900.22,202,F1,1,,,,,
2026-07-15,2026-07-15,CM,NSE,STK,18033,INE912H01013,MBLINFRA,BE,,,,,MBL INFRASTRUCTURE LTD,25.8,26.1,25.0,25.5,25.5,25.52,,25.5,,,30134,769840.11,80,F1,1,,,,,
2026-07-15,2026-07-15,CM,NSE,STK,11944,INE942G01012,MCLEODRUSS,BE,,,,,MCLEOD RUSSEL INDIA LTD.,54.5,55.18,52.61,53.16,53.5,55.13,,53.18,,,149030,8005853.6,481,F1,1,,,,,
2026-07-15,2026-07-15,CM,NSE,STK,14574,INE0O4M01019,MCON,SM,,,,,MCON RASAYAN INDIA LTD,41.5,43.0,41.5,43.0,43.0,41.95,,43.0,,,2000,84500.0,2,F1,1000,,,,,
2026-07-15,2026-07-15,CM,NSE,STK,21705,INE456Z01021,MEDIASSIST,EQ,,,,,MEDI ASSIST HEALTH SER L,359.25,363.6,353.05,355.85,355.1,359.25,,355.85,,,61025,21830703.15,2400,F1,1,,,,,
2026-07-15,2026-07-15,CM,NSE,STK,762805,INE200D01020,MMWL,BE,,,,,MEDIA MATRIX WORLDWIDE L,13.01,13.78,13.01,13.32,13.32,13.26,,13.26,,,13981,188805.62,55,F1,1,,,,,
2026-07-15,2026-07-15,CM,NSE,STK,6278,INE646B01010,MEDICAMEQ,EQ,,,,,MEDICAMEN BIOTECH LIMITED,236.6,239.75,234.65,236.85,235.1,233.1,,236.85,,,12203,2886561.8,653,F1,1,,,,,
2026-07-15,2026-07-15,CM,NSE,STK,24239,INE0PE401018,MEDIORG,SM,,,,,MEDICAMEN ORGANICS LTD,23.35,23.35,23.0,23.0,23.0,23.35,,23.0,,,4000,92700.0,2,F1,2000,,,,,
2026-07-15,2026-07-15,CM,NSE,STK,9667,INE630Y01024,MEDICO,EQ,,,,,MEDICO REMEDIES LIMITED,39.44,39.44,38.55,38.96,39.06,38.82,,38.92,,,23085,896703.13,358,F1,1,,,,,
2026-07-15,2026-07-15,CM,NSE,STK,758423,INE0UOY01019,MEDISTEP,SM,,,,,MEDISTEP HEALTHCARE LTD,18.5,18.5,18.5,18.5,18.5,19.0,,18.5,,,3000,55500.0,1,F1,3000,,,,,
2026-07-15,2026-07-15,CM,NSE,STK,7254,INE804L01022,MEDPLUS,EQ,,,,,MEDPLUS HEALTH SERV LTD,814.3,816.75,797.95,806.95,806.85,814.3,,806.95,,,130211,105059661.45,9073,F1,1,,,,,
2026-07-15,2026-07-15,CM,NSE,STK,760229,INE0VDM01015,MEESHO,EQ,,,,,MEESHO LIMITED,188.52,190.65,185.45,189.24,189.99,188.81,,189.24,,,10506591,1984092920.97,78494,F1,1,,,,,
2026-07-15,2026-07-15,CM,NSE,STK,10971,INE0G1D01014,MEGAFLEX,SM,,,,,MEGA FLEX PLASTICS LTD,99.75,100.0,99.75,100.0,100.0,99.75,,100.0,,,2000,199750.0,2,F1,1000,,,,,
2026-07-15,2026-07-15,CM,NSE,STK,8153,INE00EM01016,MEGASTAR,EQ,,,,,MEGASTAR FOODS LIMITED,368.0,371.9,340.25,345.8,340.75,368.0,,345.85,,,20440,7304028.95,765,F1,1,,,,,
2026-07-15,2026-07-15,CM,NSE,STK,22560,INE531R01010,MEGATHERM,SM,,,,,MEGATHERM INDUCTION LTD,220.0,223.0,220.0,222.15,222.15,220.2,,222.15,,,4400,977800.0,11,F1,400,,,,,
2026-07-15,2026-07-15,CM,NSE,STK,5394,INE0CT101020,MOL,EQ,,,,,MEGHMANI ORGANICS LIMITED,47.29,47.45,46.13,46.7,46.78,47.02,,46.7,,,270356,12663784.21,1576,F1,1,,,,,
2026-07-15,2026-07-15,CM,NSE,STK,6971,INE071D01033,MENONBE,BE,,,,,MENON BEARINGS LIMITED,181.8,182.67,176.1,181.12,181.6,178.67,,181.0,,,37514,6758130.66,337,F1,1,,,,,
2026-07-15,2026-07-15,CM,NSE,STK,762787,INE650G01029,MENNPIS,EQ,,,,,MENON PISTONS LTD.,72.65,73.99,71.0,71.42,71.54,71.58,,71.42,,,61216,4412180.02,934,F1,1,,,,,
2026-07-15,2026-07-15,CM,NSE,STK,25882,INE776I01010,MEP,BZ,,,,,MEP INFRA. DEVELOPERS LTD,0.61,0.61,0.61,0.61,0.61,0.62,,0.62,,,102250,62372.5,69,F1,1,,,,,
2026-07-15,2026-07-15,CM,NSE,STK,762792,INE689O01013,MERCANTILE,EQ,,,,,MERCANTILE VENTURES LTD.,25.4,25.8,23.72,24.34,23.72,24.56,,24.34,,,4599,115525.83,30,F1,1,,,,,
2026-07-15,2026-07-15,CM,NSE,STK,763665,INE763M01028,MERCURYEV,BE,,,,,MERCURY EV-TECH LIMITED,36.48,37.99,35.1,35.93,35.9,36.54,,35.94,,,104402,3785186.45,514,F1,1,,,,,
2026-07-15,2026-07-15,CM,NSE,STK,7242,INE317I01021,METROBRAND,EQ,,,,,METRO BRANDS LIMITED,1049.0,1064.0,1018.6,1033.4,1040.0,1050.6,,1033.4,,,43420,45032591.9,3972,F1,1,,,,,
2026-07-15,2026-07-15,CM,NSE,STK,762797,INE085D01033,METROGLOBL,EQ,,,,,METROGLOBAL LTD.,132.87,134.0,129.0,130.95,132.0,132.87,,130.95,,,4429,579903.16,110,F1,1,,,,,
2026-07-15,2026-07-15,CM,NSE,STK,9581,INE112L01020,METROPOLIS,EQ,,,,,METROPOLIS HEALTHCARE LTD,563.0,585.4,559.7,571.65,574.25,559.2,,571.65,,,702141,404469972.15,33561,F1,1,,,,,
2026-07-15,2026-07-15,CM,NSE,STK,7165,INE287C01037,MICEL,BE,,,,,MIC ELECTRONICS LTD,38.0,38.0,36.26,37.86,37.9,37.46,,37.86,,,181796,6805791.93,1353,F1,1,,,,,
2026-07-15,2026-07-15,CM,NSE,STK,19887,INE0PZK01014,MICROPRO,SM,,,,,MICROPRO SOFTWARE SOL L,19.2,20.2,18.8,20.2,20.2,19.2,,20.2,,,4800,93120.0,3,F1,1600,,,,,
2026-07-15,2026-07-15,CM,NSE,STK,759517,INE0XAD01024,MIDWESTLTD,EQ,,,,,MIDWEST LIMITED,1314.0,1330.3,1296.5,1304.1,1310.8,1302.8,,1304.0,,,7396,9680354.9,953,F1,1,,,,,
2026-07-15,2026-07-15,CM,NSE,STK,25897,INE842C01021,MINDACORP,EQ,,,,,MINDA CORPORATION LTD,677.1,685.55,672.1,675.3,680.0,674.65,,675.3,,,264015,179120831.0,17437,F1,1,,,,,
2026-07-15,2026-07-15,CM,NSE,STK,22308,INE0CCU25019,MINDSPACE,RR,,,,,MINDSPACE BUSINESS P REIT,492.0,494.0,491.0,492.69,492.74,491.59,,492.69,,,61207,30157813.18,3649,F1,1,,,,,
2026-07-15,2026-07-15,CM,NSE,STK,18049,INE110B01017,MINDTECK,EQ,,,,,MINDTECK (INDIA) LIMITED,208.14,209.7,205.21,206.68,206.0,205.88,,206.67,,,56701,11781730.09,1104,F1,1,,,,,
2026-07-15,2026-07-15,CM,NSE,STK,19640,INF769K01KU7,ALPHAETF,EQ,,,,,MIRAEAMC - ALPHAETF,26.58,26.59,26.22,26.3,26.36,26.3,,26.3,,,237604,6264201.54,766,F1,1,,,,,
2026-07-15,2026-07-15,CM,NSE,STK,17419,INF769K01KR3,BANKETF,EQ,,,,,MIRAEAMC - BANKETF,587.68,592.19,586.66,588.13,589.18,585.4,,588.13,,,6483,3827663.82,223,F1,1,,,,,
2026-07-15,2026-07-15,CM,NSE,STK,25725,INF769K01LZ4,BANKPSU,EQ,,,,,MIRAEAMC - BANKPSU,84.86,85.21,84.45,84.78,84.83,83.81,,84.78,,,7949,674010.29,53,F1,1,,,,,
2026-07-15,2026-07-15,CM,NSE,STK,28969,INF769K01NS5,CONSUMER,EQ,,,,,MIRAEAMC - CONSUMER,11.76,11.82,11.72,11.78,11.81,11.7,,11.78,,,445688,5254098.29,308,F1,1,,,,,
2026-07-15,2026-07-15,CM,NSE,STK,761046,INF769K01QC2,DEFENCE,EQ,,,,,MIRAEAMC - DEFENCE,78.26,78.61,77.62,77.84,77.81,77.87,,77.84,,,195232,15217416.23,565,F1,1,,,,,
2026-07-15,2026-07-15,CM,NSE,STK,760412,INF769K01PY8,DIVIDEND,EQ,,,,,MIRAEAMC - DIVIDEND,34.62,35.14,34.62,35.0,34.98,35.04,,35.0,,,45849,1605062.57,59,F1,1,,,,,
2026-07-15,2026-07-15,CM,NSE,STK,759780,INF769K01PR2,ENERGY,EQ,,,,,MIRAEAMC - ENERGY,39.57,39.64,39.4,39.57,39.64,39.34,,39.49,,,408953,16158351.92,699,F1,1,,,,,
2026-07-15,2026-07-15,CM,NSE,STK,30121,INF769K01OA1,EQUAL200,EQ,,,,,MIRAEAMC - EQUAL200,13.8,13.84,13.73,13.79,13.79,13.74,,13.79,,,7859,108381.06,33,F1,1,,,,,
2026-07-15,2026-07-15,CM,NSE,STK,757142,INF769K01OO2,EQUAL50,EQ,,,,,MIRAEAMC - EQUAL50,330.83,330.93,328.31,328.7,329.45,329.06,,328.7,,,2046,675819.76,23,F1,1,,,,,
2026-07-15,2026-07-15,CM,NSE,STK,24461,INF769K01LQ3,EVINDIA,EQ,,,,,MIRAEAMC - EVINDIA,31.28,31.49,31.17,31.34,31.41,31.13,,31.34,,,132092,4142855.22,1325,F1,1,,,,,
2026-07-15,2026-07-15,CM,NSE,STK,760986,INF769K01QA6,HEALTHCARE,EQ,,,,,MIRAEAMC - HEALTHCARE,21.27,21.49,21.27,21.41,21.43,21.27,,21.41,,,49839,1068465.25,160,F1,1,,,,,
2026-07-15,2026-07-15,CM,NSE,STK,761030,INF769K01QB4,INFRA,EQ,,,,,MIRAEAMC - INFRA,12.27,12.36,12.25,12.28,12.3,12.25,,12.28,,,29544,363500.51,131,F1,1,,,,,
2026-07-15,2026-07-15,CM,NSE,STK,758595,INF769K01PB6,INTERNET,EQ,,,,,MIRAEAMC - INTERNET,13.48,13.69,13.48,13.66,13.68,13.44,,13.66,,,216676,2949460.2,203,F1,1,,,,,
2026-07-15,2026-07-15,CM,NSE,STK,19633,INF769K01KV5,ITETF,EQ,,,,,MIRAEAMC - ITETF,30.32,30.37,29.87,30.14,30.14,30.32,,30.14,,,275029,8293848.61,750,F1,1,,,,,
2026-07-15,2026-07-15,CM,NSE,STK,17572,INF769K01KS1,LIQUID,EQ,,,,,MIRAEAMC - LIQUID,999.99,1000.0,999.99,999.99,999.99,999.99,,999.99,,,691133,691126585.39,215,F1,1,,,,,
2026-07-15,2026-07-15,CM,NSE,STK,27075,INF769K01MY5,LIQUIDPLUS,EQ,,,,,MIRAEAMC - LIQUIDPLUS,1100.0,1127.08,1094.3,1094.4,1094.39,1094.25,,1094.4,,,179307,196234011.5,209,F1,1,,,,,
2026-07-15,2026-07-15,CM,NSE,STK,1200,INF769K01GS9,ESG,EQ,,,,,MIRAEAMC - MAESGETF,41.71,41.84,41.49,41.59,41.6,41.43,,41.61,,,3286,137085.69,49,F1,1,,,,,
2026-07-15,2026-07-15,CM,NSE,STK,3507,INF769K01HF4,MAFANG,EQ,,,,,MIRAEAMC - MAFANG,196.41,196.41,196.41,196.41,196.41,197.11,,196.41,,,76432,15012009.12,390,F1,1,,,,,
2026-07-15,2026-07-15,CM,NSE,STK,5220,INF769K01HI8,BFSI,EQ,,,,,MIRAEAMC - MAFSETF,27.55,27.96,27.55,27.7,27.75,27.57,,27.7,,,159898,4441340.45,614,F1,1,,,,,
2026-07-15,2026-07-15,CM,NSE,STK,14286,INF769K01JP9,GOLDETF,EQ,,,,,MIRAEAMC - MAGOLDETF,140.0,140.0,136.61,136.93,136.8,136.59,,136.93,,,461269,63170177.27,4434,F1,1,,,,,
2026-07-15,2026-07-15,CM,NSE,STK,14938,INF769K01KF8,GSEC10YEAR,EQ,,,,,MIRAEAMC - MAGS813ETF,30.45,30.55,30.34,30.49,30.49,30.3,,30.49,,,41,1249.79,12,F1,1,,,,,
2026-07-15,2026-07-15,CM,NSE,STK,7074,INF769K01HS7,MAHKTECH,EQ,,,,,MIRAEAMC - MAHKTECH,22.99,22.99,22.99,22.99,22.99,23.11,,22.99,,,177952,4091116.48,333,F1,1,,,,,
2026-07-15,2026-07-15,CM,NSE,STK,8413,INF769K01IC9,MIDCAPETF,EQ,,,,,MIRAEAMC - MAM150ETF,23.53,23.71,23.52,23.61,23.66,23.53,,23.61,,,2562256,60583316.98,4993,F1,1,,,,,
2026-07-15,2026-07-15,CM,NSE,STK,7979,INF769K01IB1,MAKEINDIA,EQ,,,,,MIRAEAMC - MAMFGETF,162.49,162.57,161.61,161.97,162.0,161.27,,161.97,,,11779,1910518.31,229,F1,1,,,,,
2026-07-15,2026-07-15,CM,NSE,STK,6353,INF769K01EG9,NIFTYETF,EQ,,,,,MIRAEAMC - MAN50ETF,261.57,263.19,261.24,261.92,261.96,261.49,,261.92,,,384167,100820149.0,870,F1,1,,,,,
2026-07-15,2026-07-15,CM,NSE,STK,14786,INF769K01JU9,LOWVOL,EQ,,,,,MIRAEAMC - MANV30F,205.0,206.48,205.0,205.69,205.69,205.2,,205.35,,,68,14004.71,4,F1,1,,,,,
2026-07-15,2026-07-15,CM,NSE,STK,17181,INF769K01FN2,NEXT50,EQ,,,,,MIRAEAMC - MANXT50,744.1,746.99,740.11,742.45,742.64,740.39,,742.46,,,11563,8598213.83,452,F1,1,,,,,
2026-07-15,2026-07-15,CM,NSE,STK,16777,INF769K01KG6,SILVERAG,EQ,,,,,MIRAEAMC - MASILVER,213.5,213.89,211.6,212.53,212.88,211.56,,212.53,,,115218,24514485.88,2240,F1,1,,,,,
2026-07-15,2026-07-15,CM,NSE,STK,5782,INF769K01HP3,MASPTOP50,EQ,,,,,MIRAEAMC - MASPTOP50,79.02,79.02,79.02,79.02,79.02,79.53,,79.02,,,30450,2406159.0,157,F1,1,,,,,
2026-07-15,2026-07-15,CM,NSE,STK,25744,INF769K01LY7,METAL,EQ,,,,,MIRAEAMC - METAL,12.49,12.87,12.49,12.68,12.67,12.82,,12.68,,,1760026,22403475.32,4182,F1,1,,,,,
2026-07-15,2026-07-15,CM,NSE,STK,23855,INF769K01LJ8,MIDSMALL,EQ,,,,,MIRAEAMC - MIDSMALL,51.0,51.15,50.83,50.94,51.04,50.68,,50.94,,,247611,12637690.88,953,F1,1,,,,,
2026-07-15,2026-07-15,CM,NSE,STK,25080,INF769K01LX9,MULTICAP,EQ,,,,,MIRAEAMC - MULTICAP,16.7,16.76,16.61,16.66,16.7,16.61,,16.66,,,197421,3297061.65,426,F1,1,,,,,
2026-07-15,2026-07-15,CM,NSE,STK,30109,INF769K01ON4,SELECTIPO,EQ,,,,,MIRAEAMC - SELECTIPO,46.72,47.07,46.69,46.99,46.89,46.47,,46.99,,,87937,4131398.6,107,F1,1,,,,,
2026-07-15,2026-07-15,CM,NSE,STK,19224,INF769K01KT9,SENSEXETF,EQ,,,,,MIRAEAMC - SENSEXETF,79.84,79.99,79.36,79.49,79.5,79.46,,79.49,,,14453,1151544.25,210,F1,1,,,,,
2026-07-15,2026-07-15,CM,NSE,STK,759814,INF769K01PQ4,SMALL250,EQ,,,,,MIRAEAMC - SMALL250,17.63,18.21,17.63,18.12,18.15,17.99,,18.12,,,415402,7527066.77,676,F1,1,,,,,
2026-07-15,2026-07-15,CM,NSE,STK,22832,INF769K01LC3,SMALLCAP,EQ,,,,,MIRAEAMC - SMALLCAP,47.25,47.55,47.19,47.43,47.39,47.05,,47.43,,,1462055,69290792.14,2341,F1,1,,,,,
2026-07-15,2026-07-15,CM,NSE,STK,760415,INF769K01PZ5,TOP20,EQ,,,,,MIRAEAMC - TOP20,8.74,8.79,8.72,8.75,8.75,8.72,,8.75,,,11027,96551.47,140,F1,1,,,,,
2026-07-15,2026-07-15,CM,NSE,STK,761511,INF769K01QV2,VALUE,EQ,,,,,MIRAEAMC - VALUE,16.18,16.18,16.05,16.06,16.07,16.08,,16.06,,,3979,63959.5,58,F1,1,,,,,
2026-07-15,2026-07-15,CM,NSE,STK,4394,INE771A01026,MIRZAINT,EQ,,,,,MIRZA INTERNATIONAL LIMIT,38.25,39.04,37.3,37.42,37.4,37.61,,37.42,,,271431,10262419.43,1454,F1,1,,,,,
2026-07-15,2026-07-15,CM,NSE,STK,2463,INE099Z01011,MIDHANI,EQ,,,,,MISHRA DHATU NIGAM LTD,414.85,428.15,413.0,413.95,414.9,416.7,,413.95,,,485278,204069097.75,13269,F1,1,,,,,
2026-07-15,2026-07-15,CM,NSE,STK,8475,INE828O01033,MITCON,BE,,,,,MITCON CON & ENG SER LTD,75.2,77.8,71.45,72.4,77.7,75.19,,72.4,,,2248,164931.15,37,F1,1,,,,,
2026-07-15,2026-07-15,CM,NSE,STK,18562,INE997Y01027,MITTAL,EQ,,,,,MITTAL LIFE STYLE LIMITED,0.93,0.96,0.93,0.93,0.93,0.93,,0.93,,,494881,466306.82,242,F1,1,,,,,
2026-07-15,2026-07-15,CM,NSE,STK,13844,INE227C01017,MMFL,EQ,,,,,MM FORGINGS LTD,524.5,525.15,514.0,520.5,523.2,516.3,,520.5,,,83500,43492881.7,3252,F1,1,,,,,
2026-07-15,2026-07-15,CM,NSE,STK,16395,INE511Y01018,MMP,EQ,,,,,MMP INDUSTRIES LIMITED,283.0,293.6,276.1,280.05,276.1,281.0,,280.05,,,61934,17631912.15,1389,F1,1,,,,,
2026-07-15,2026-07-15,CM,NSE,STK,17957,INE123F01029,MMTC,EQ,,,,,MMTC LIMITED,64.19,65.62,64.19,64.55,64.51,64.19,,64.55,,,1494198,96820590.42,8734,F1,1,,,,,
2026-07-15,2026-07-15,CM,NSE,STK,760199,INE1YNB01019,MOBILISE,ST,,,,,MOBILISE APP LAB LIMITED,113.0,113.0,113.0,113.0,113.0,117.65,,113.0,,,33600,3796800.0,2,F1,1600,,,,,
2026-07-15,2026-07-15,CM,NSE,STK,2241,INE794W01014,MODTHREAD,EQ,,,,,MODERN THREADS INDIA LTD,49.8,49.8,45.56,45.8,45.77,48.08,,45.78,,,622,28504.64,21,F1,1,,,,,
2026-07-15,2026-07-15,CM,NSE,STK,760280,INE537F01012,MODINATUR,BE,,,,,MODI NATURALS LIMITED,412.0,420.0,405.05,410.55,419.0,412.15,,410.55,,,2695,1126830.15,49,F1,1,,,,,
2026-07-15,2026-07-15,CM,NSE,STK,2229,INE832A01018,MODIRUBBER,EQ,,,,,MODI RUBBER LTD,130.8,131.0,127.55,128.06,127.55,129.93,,128.07,,,1016,131582.02,36,F1,1,,,,,
2026-07-15,2026-07-15,CM,NSE,STK,759752,INE0L0L01012,MODIS,EQ,,,,,MODIS NAVNIRMAN LTD,347.25,348.5,344.1,345.15,345.0,347.45,,345.15,,,3404,1178360.55,98,F1,1,,,,,
2026-07-15,2026-07-15,CM,NSE,STK,3325,INE737D01021,MODISONLTD,BE,,,,,MODISON LIMITED,287.65,293.55,286.8,288.05,288.75,288.65,,288.25,,,24514,7099007.2,800,F1,1,,,,,
2026-07-15,2026-07-15,CM,NSE,STK,1426,INE450S01011,MHHL,SM,,,,,MOHINI HEALTH&HYGIENE LTD,36.85,36.85,36.85,36.85,36.85,35.4,,36.85,,,1500,55275.0,1,F1,1500,,,,,
2026-07-15,2026-07-15,CM,NSE,STK,29423,INE954E01012,MOHITIND,EQ,,,,,MOHIT INDUSTRIES LTD,23.0,24.8,22.36,22.78,23.4,22.86,,22.8,,,23206,524980.04,96,F1,1,,,,,
2026-07-15,2026-07-15,CM,NSE,STK,20830,INE490G01020,MOIL,EQ,,,,,MOIL LIMITED,274.0,275.15,272.1,274.1,273.8,273.85,,274.1,,,169365,46389403.9,4887,F1,1,,,,,
2026-07-15,2026-07-15,CM,NSE,STK,3586,INE514Y01020,MOKSH,EQ,,,,,MOKSH ORNAMENTS LIMITED,11.44,11.5,11.22,11.48,11.49,11.44,,11.48,,,49247,562801.95,176,F1,1,,,,,
2026-07-15,2026-07-15,CM,NSE,STK,6713,INE893J01029,MOLDTKPAC,EQ,,,,,MOLD-TEK PACKAGING LTD,673.0,692.75,671.05,686.05,685.0,672.75,,686.05,,,39825,27096668.3,2034,F1,1,,,,,
2026-07-15,2026-07-15,CM,NSE,STK,17625,INE835B01035,MOLDTECH,EQ,,,,,MOLD-TEK TECHNOLOGIES LTD,124.3,127.79,124.3,126.08,127.5,125.02,,126.06,,,13714,1729814.42,419,F1,1,,,,,
2026-07-15,2026-07-15,CM,NSE,STK,7679,INE903D01011,MONARCH,EQ,,,,,MONARCH NETWORTH CAP LTD,361.0,364.9,355.5,358.55,357.0,360.35,,358.55,,,43916,15759033.55,1607,F1,1,,,,,
2026-07-15,2026-07-15,CM,NSE,STK,759381,INE296Q01012,MONEYBOXX,EQ,,,,,MONEYBOXX FINANCE LIMITED,62.59,62.59,58.2,60.7,62.2,60.55,,60.66,,,20945,1269065.97,296,F1,1,,,,,
2026-07-15,2026-07-15,CM,NSE,STK,756958,INE1DV401010,MONOLITH,SM,,,,,MONOLITHISCH INDIA LTD,752.05,794.0,752.05,766.15,767.0,762.15,,766.15,,,36500,28298662.5,120,F1,250,,,,,
2026-07-15,2026-07-15,CM,NSE,STK,5938,INE950M01013,MONTECARLO,EQ,,,,,MONTE CARLO FASHIONS LTD.,535.1,544.0,535.1,539.95,541.9,535.45,,539.9,,,17058,9201479.4,1210,F1,1,,,,,
2026-07-15,2026-07-15,CM,NSE,STK,25876,INE161G01027,MORARJEE,BZ,,,,,MORARJEE TEXTILES LIMITED,11.27,11.27,11.0,11.27,11.27,10.74,,10.9,,,15439,173912.55,38,F1,1,,,,,
2026-07-15,2026-07-15,CM,NSE,STK,2259,INE083A01026,MOREPENLAB,EQ,,,,,MOREPEN LAB. LTD,62.92,64.58,60.76,61.24,61.65,62.56,,61.25,,,10976573,688877048.4,25836,F1,1,,,,,
2026-07-15,2026-07-15,CM,NSE,STK,15057,INE0N7S01028,MOS,ST,,,,,MOS UTILITY LIMITED,14.0,14.0,13.85,13.85,13.85,14.55,,13.85,,,84000,1167800.0,21,F1,4000,,,,,
2026-07-15,2026-07-15,CM,NSE,STK,29459,INE935B01025,MOSCHIP,EQ,,,,,MOSCHIP TECHNOLOGIES LTD,243.38,251.5,241.5,247.98,248.2,240.83,,247.96,,,11592774,2872696668.08,93306,F1,1,,,,,
2026-07-15,2026-07-15,CM,NSE,STK,8596,INE0FS801015,MSUMI,EQ,,,,,MOTHERSON SUMI WRNG IND L,39.84,40.15,39.45,39.63,39.67,39.61,,39.63,,,4622604,183832652.95,17058,F1,1,,,,,
2026-07-15,2026-07-15,CM,NSE,STK,21423,INF247L01023,MOM100,EQ,,,,,MOTILAL OS MIDCAP100 ETF,68.23,68.23,67.75,67.97,68.0,67.85,,67.97,,,253552,17249650.83,1941,F1,1,,,,,
2026-07-15,2026-07-15,CM,NSE,STK,22739,INF247L01AP3,MON100,EQ,,,,,MOTILAL OS NASDAQ100 ETF,328.05,328.05,328.05,328.05,328.05,333.24,,328.05,,,97520,31991436.0,1039,F1,1,,,,,
2026-07-15,2026-07-15,CM,NSE,STK,14947,INE338I01027,MOTILALOFS,EQ,,,,,MOTILAL OSWAL FIN LTD,970.6,983.0,962.55,967.45,967.45,967.0,,967.5,,,471746,458892338.95,22458,F1,1,,,,,
2026-07-15,2026-07-15,CM,NSE,STK,19289,INF247L01536,MOM50,EQ,,,,,MOTILAL OSWAL M50 ETF,254.4,254.4,251.53,252.78,253.5,253.32,,252.72,,,2557,645316.1,119,F1,1,,,,,
2026-07-15,2026-07-15,CM,NSE,STK,1507,INF247L01AK4,MOGSEC,EQ,,,,,MOTILALAMC - G5,66.37,66.37,64.78,65.26,65.2,65.07,,65.13,,,1282,83620.13,129,F1,1,,,,,
2026-07-15,2026-07-15,CM,NSE,STK,757669,INF247L01FR8,MOALPHA50,EQ,,,,,MOTILALAMC - MOALPHA50,54.28,54.95,54.1,54.18,54.19,53.8,,54.18,,,86841,4712371.95,73,F1,1,,,,,
2026-07-15,2026-07-15,CM,NSE,STK,761693,INF247L01GV8,MOBANK10,EQ,,,,,MOTILALAMC - MOBANK10,17.38,17.5,17.32,17.41,17.42,17.3,,17.41,,,16588,288383.09,57,F1,1,,,,,
2026-07-15,2026-07-15,CM,NSE,STK,30065,INF247L01EV3,MOCAPITAL,EQ,,,,,MOTILALAMC - MOCAPITAL,55.67,56.0,55.18,55.61,55.39,55.13,,55.61,,,523827,29105012.69,1992,F1,1,,,,,
2026-07-15,2026-07-15,CM,NSE,STK,24944,INF247L01DJ0,MODEFENCE,EQ,,,,,MOTILALAMC - MODEFENCE,103.03,103.49,102.0,102.28,102.56,102.21,,102.28,,,1481564,152074157.78,5711,F1,1,,,,,
2026-07-15,2026-07-15,CM,NSE,STK,759374,INF247L01GH7,MOENERGY,EQ,,,,,MOTILALAMC - MOENERGY,39.27,39.74,39.25,39.57,39.55,39.28,,39.57,,,78844,3114710.55,522,F1,1,,,,,
2026-07-15,2026-07-15,CM,NSE,STK,757791,INF247L01FY4,MOGOLD,EQ,,,,,MOTILALAMC - MOGOLD,139.4,140.0,139.1,139.5,139.9,139.05,,139.5,,,14861,2073338.55,345,F1,1,,,,,
2026-07-15,2026-07-15,CM,NSE,STK,10508,INF247L01BB1,MOHEALTH,EQ,,,,,MOTILALAMC - MOHEALTH,50.87,51.27,50.5,51.12,50.84,50.87,,51.12,,,40695,2080363.73,464,F1,1,,,,,
2026-07-15,2026-07-15,CM,NSE,STK,757031,INF247L01FL1,MOINFRA,EQ,,,,,MOTILALAMC - MOINFRA,61.69,61.77,61.01,61.16,61.2,61.53,,61.16,,,2519,154767.5,63,F1,1,,,,,
2026-07-15,2026-07-15,CM,NSE,STK,759891,INF247L01GI5,MOIPO,EQ,,,,,MOTILALAMC - MOIPO,46.91,47.18,46.82,46.98,47.18,46.65,,46.98,,,8789,413119.51,30,F1,1,,,,,
2026-07-15,2026-07-15,CM,NSE,STK,8654,INF247L01BL0,MOLOWVOL,EQ,,,,,MOTILALAMC - MOLOWVOL,36.85,37.15,36.8,36.98,36.98,36.83,,36.98,,,50528,1861568.39,32,F1,1,,,,,
2026-07-15,2026-07-15,CM,NSE,STK,25606,INF247L01DK8,MOMENTUM50,EQ,,,,,MOTILALAMC - MOMENTUM50,53.14,53.36,52.84,53.12,53.1,52.81,,53.12,,,367290,19519678.22,1183,F1,1,,,,,
2026-07-15,2026-07-15,CM,NSE,STK,757099,INF247L01FK3,MOMGF,EQ,,,,,MOTILALAMC - MOMGF,159.38,159.38,158.88,159.22,159.22,158.38,,159.22,,,927,147400.32,9,F1,1,,,,,
2026-07-15,2026-07-15,CM,NSE,STK,757817,INF247L01FQ0,MOMIDMTM,EQ,,,,,MOTILALAMC - MOMIDMTM,63.87,64.17,63.7,63.75,63.7,63.48,,63.75,,,47405,3027375.16,204,F1,1,,,,,
2026-07-15,2026-07-15,CM,NSE,STK,760054,INF247L01GK1,MOMNC,EQ,,,,,MOTILALAMC - MOMNC,32.32,32.46,32.32,32.45,32.45,32.15,,32.45,,,1589,51405.51,13,F1,1,,,,,
2026-07-15,2026-07-15,CM,NSE,STK,8182,INF247L01BK2,MOMOMENTUM,EQ,,,,,MOTILALAMC - MOMOMENTUM,62.3,62.47,61.43,61.88,61.72,62.01,,61.88,,,27636,1718365.48,373,F1,1,,,,,
2026-07-15,2026-07-15,CM,NSE,STK,756900,INF247L01FC0,MON50EQUAL,EQ,,,,,MOTILALAMC - MON50EQUAL,33.81,33.81,32.98,33.12,33.12,33.15,,33.12,,,2130,70514.17,49,F1,1,,,,,
2026-07-15,2026-07-15,CM,NSE,STK,757167,INF247L01FD8,MONEXT50,EQ,,,,,MOTILALAMC - MONEXT50,72.27,72.35,71.6,71.89,71.6,71.56,,71.89,,,4425,319148.06,58,F1,1,,,,,
2026-07-15,2026-07-15,CM,NSE,STK,759371,INF247L01GG9,MONIFTY100,EQ,,,,,MOTILALAMC - MONIFTY100,25.44,25.5,25.23,25.44,25.28,25.25,,25.44,,,20113,511278.38,26,F1,1,,,,,
2026-07-15,2026-07-15,CM,NSE,STK,19237,INF247L01BU1,MONIFTY500,EQ,,,,,MOTILALAMC - MONIFTY500,23.96,23.96,23.73,23.76,23.84,23.77,,23.77,,,427098,10195234.33,1075,F1,1,,,,,
2026-07-15,2026-07-15,CM,NSE,STK,7422,INF247L01AU3,MONQ50,EQ,,,,,MOTILALAMC - MONQ50,142.71,142.71,142.71,142.71,142.71,144.48,,142.71,,,18679,2665680.09,144,F1,1,,,,,
2026-07-15,2026-07-15,CM,NSE,STK,757431,INF247L01FO5,MOPSE,EQ,,,,,MOTILALAMC - MOPSE,101.15,101.15,100.55,100.56,100.6,100.49,,100.56,,,215,21644.31,14,F1,1,,,,,
2026-07-15,2026-07-15,CM,NSE,STK,10822,INF247L01BH8,MOQUALITY,EQ,,,,,MOTILALAMC - MOQUALITY,201.45,201.52,200.07,200.34,200.34,200.37,,200.34,,,1776,357088.49,11,F1,1,,,,,
2026-07-15,2026-07-15,CM,NSE,STK,23184,INF247L01CI4,MOREALTY,EQ,,,,,MOTILALAMC - MOREALTY,92.72,93.03,91.14,91.36,91.42,91.73,,91.36,,,728929,67059069.66,2657,F1,1,,,,,
2026-07-15,2026-07-15,CM,NSE,STK,760001,INF247L01GJ3,MOSERVICE,EQ,,,,,MOTILALAMC - MOSERVICE,31.34,31.49,31.17,31.38,31.39,31.2,,31.38,,,5456,171053.04,23,F1,1,,,,,
2026-07-15,2026-07-15,CM,NSE,STK,758457,INF247L01FZ1,MOSILVER,EQ,,,,,MOTILALAMC - MOSILVER,217.36,217.36,214.82,215.69,215.87,215.16,,215.69,,,121461,26266464.22,2133,F1,1,,,,,
2026-07-15,2026-07-15,CM,NSE,STK,23181,INF247L01CH6,MOSMALL250,EQ,,,,,MOTILALAMC - MOSMALL250,18.17,18.32,18.08,18.22,18.29,18.05,,18.22,,,3439079,62756755.31,2012,F1,1,,,,,
2026-07-15,2026-07-15,CM,NSE,STK,757443,INF247L01FP2,MOTOUR,EQ,,,,,MOTILALAMC - MOTOUR,80.37,80.64,80.11,80.33,80.4,79.8,,80.33,,,21589,1736678.43,152,F1,1,,,,,
2026-07-15,2026-07-15,CM,NSE,STK,10825,INF247L01BE5,MOVALUE,EQ,,,,,MOTILALAMC - MOVALUE,113.8,114.35,113.25,113.89,113.91,113.24,,113.9,,,55114,6279039.15,661,F1,1,,,,,
2026-07-15,2026-07-15,CM,NSE,STK,20788,INE0FRK01020,MOTISONS,EQ,,,,,MOTISONS JEWELLERS LTD,14.17,14.3,13.8,13.98,13.98,14.11,,13.98,,,14269276,200498253.25,9491,F1,1,,,,,
2026-07-15,2026-07-15,CM,NSE,STK,8793,INE861B01023,MOTOGENFIN,BE,,,,,MOTOR & GENERAL FINANCE L,27.02,28.04,27.02,27.52,27.51,28.15,,27.52,,,7543,205122.05,27,F1,1,,,,,
2026-07-15,2026-07-15,CM,NSE,STK,757813,INE0XM301010,MMEL,ST,,,,,MOVING MEDIA ENTER LTD,30.25,31.65,30.25,31.35,31.35,30.25,,31.35,,,8000,249800.0,3,F1,2000,,,,,
2026-07-15,2026-07-15,CM,NSE,STK,4503,INE356A01018,MPHASIS,EQ,,,,,MPHASIS LIMITED,2350.0,2368.9,2324.0,2339.2,2343.8,2372.3,,2339.2,,,245735,576708302.5,21202,F1,1,,,,,
2026-07-15,2026-07-15,CM,NSE,STK,10578,INE943D01017,MPSLTD,EQ,,,,,MPS LIMITED,2001.0,2050.1,1984.9,2005.9,1993.0,2009.5,,2006.2,,,14268,28910859.5,1710,F1,1,,,,,
2026-07-15,2026-07-15,CM,NSE,STK,2277,INE883A01011,MRF,EQ,,,,,MRF LTD,131420.0,133250.0,131140.0,131675.0,131875.0,131025.0,,131675.0,,,6685,884030045.0,4930,F1,1,,,,,
2026-07-15,2026-07-15,CM,NSE,STK,2283,INE103A01014,MRPL,EQ,,,,,MRPL,158.0,162.3,156.15,157.47,157.0,156.96,,157.48,,,6112450,974046896.23,34200,F1,1,,,,,
2026-07-15,2026-07-15,CM,NSE,STK,1628,INE495P01020,BECTORFOOD,EQ,,,,,MRS BECTORS FOOD SPE LTD,167.0,171.9,165.0,168.97,170.0,167.25,,168.98,,,6039700,1017802847.74,43683,F1,1,,,,,
2026-07-15,2026-07-15,CM,NSE,STK,11919,INE752G01015,MSPL,EQ,,,,,MSP STEEL & POWER LTD.,38.72,39.29,36.8,37.04,37.0,38.73,,37.04,,,922723,34882581.74,5433,F1,1,,,,,
2026-07-15,2026-07-15,CM,NSE,STK,9356,INE255X01014,MSTCLTD,EQ,,,,,MSTC LIMITED,660.0,688.8,650.0,654.75,655.05,653.0,,654.7,,,450522,301438313.15,12931,F1,1,,,,,
2026-07-15,2026-07-15,CM,NSE,STK,31413,INE472M01018,MTEDUCARE,BE,,,,,MT EDUCARE LTD,1.89,1.98,1.84,1.91,1.92,1.89,,1.91,,,52453,102906.57,46,F1,1,,,,,
2026-07-15,2026-07-15,CM,NSE,STK,2715,INE864I01014,MTARTECH,BE,,,,,MTAR TECHNOLOGIES LIMITED,6330.0,6729.0,6330.0,6698.5,6700.0,6409.0,,6698.5,,,159683,1057605760.0,21850,F1,1,,,,,
2026-07-15,2026-07-15,CM,NSE,STK,19783,INE08KJ01020,MUFIN,EQ,,,,,MUFIN GREEN FINANCE LTD,129.5,129.8,127.0,129.26,128.3,128.21,,129.33,,,754976,97104747.49,8689,F1,1,,,,,
2026-07-15,2026-07-15,CM,NSE,STK,11325,INE304A01026,MUKANDLTD,EQ,,,,,MUKAND LTD.,137.74,144.0,135.5,141.65,140.69,136.72,,141.63,,,801796,113236851.32,6077,F1,1,,,,,
2026-07-15,2026-07-15,CM,NSE,STK,22980,INE0CG401037,MUKKA,EQ,,,,,MUKKA PROTEINS LIMITED,23.4,23.75,23.2,23.33,23.35,23.46,,23.33,,,153393,3588371.21,812,F1,1,,,,,
2026-07-15,2026-07-15,CM,NSE,STK,8691,INE374B01019,MUKTAARTS,BE,,,,,MUKTA ARTS LIMITED,52.5,54.99,51.0,51.21,51.0,53.48,,51.21,,,8423,435676.36,40,F1,1,,,,,
2026-07-15,2026-07-15,CM,NSE,STK,31181,INE745G01043,MCX,EQ,,,,,MULTI COMMODITY EXCHANGE,2921.0,2942.1,2881.6,2892.6,2898.0,2891.3,,2892.6,,,1703478,4948065405.1,111579,F1,1,,,,,
2026-07-15,2026-07-15,CM,NSE,STK,759419,INE1K8Y01018,MUNISH,ST,,,,,MUNISH FORGE LIMITED,69.0,69.25,69.0,69.25,69.25,69.15,,69.25,,,4800,331500.0,3,F1,1200,,,,,
2026-07-15,2026-07-15,CM,NSE,STK,13511,INE672B01032,MUNJALAU,EQ,,,,,MUNJAL AUTO IND. LTD.,104.15,109.5,103.11,106.65,106.0,104.13,,106.65,,,950022,101221777.27,9090,F1,1,,,,,
2026-07-15,2026-07-15,CM,NSE,STK,2307,INE577A01027,MUNJALSHOW,EQ,,,,,MUNJAL SHOWA LTD,134.5,139.0,133.02,136.11,135.98,133.65,,136.07,,,64325,8762911.49,1277,F1,1,,,,,
2026-07-15,2026-07-15,CM,NSE,STK,2313,INE692B01014,MURUDCERA,EQ,,,,,MURUDESHWAR CERAMICS LTD,31.6,31.64,31.06,31.25,31.39,31.64,,31.25,,,13979,436892.05,151,F1,1,,,,,
2026-07-15,2026-07-15,CM,NSE,STK,19877,INE919I01024,RADIOCITY,EQ,,,,,MUSIC BROADCAST LIMITED,6.2,6.2,5.96,6.04,6.07,6.04,,6.04,,,22973,138746.14,83,F1,1,,,,,
2026-07-15,2026-07-15,CM,NSE,STK,10415,INE296G01013,MUTHOOTCAP,EQ,,,,,MUTHOOT CAP SERV LTD,225.0,231.4,222.01,228.71,226.2,222.12,,228.64,,,17164,3897046.41,622,F1,1,,,,,
2026-07-15,2026-07-15,CM,NSE,STK,23650,INE414G01012,MUTHOOTFIN,EQ,,,,,MUTHOOT FINANCE LIMITED,3039.0,3070.0,2984.2,3016.2,3011.0,3016.4,,3016.2,,,962072,2902762896.2,44470,F1,1,,,,,
2026-07-15,2026-07-15,CM,NSE,STK,20831,INE046W01019,MUTHOOTMF,EQ,,,,,MUTHOOT MICROFIN LIMITED,239.01,250.05,238.28,245.54,246.8,239.01,,245.57,,,820993,202297614.72,12099,F1,1,,,,,
2026-07-15,2026-07-15,CM,NSE,STK,25208,INE0RVQ01016,MYMUDRA,SM,,,,,MY MUDRA FINCORP LIMITED,64.4,67.9,63.0,67.9,67.9,66.75,,67.9,,,14400,935940.0,12,F1,1200,,,,,
2026-07-15,2026-07-15,CM,NSE,STK,20314,INE740D01017,NRAIL,EQ,,,,,N R AGARWAL INDS LTD,438.0,453.05,437.05,443.85,447.9,437.65,,443.85,,,1770,786793.0,207,F1,1,,,,,
2026-07-15,2026-07-15,CM,NSE,STK,757492,INE104101014,NRVANDANA,ST,,,,,N R VANDANA TEX IND LTD,71.2,71.2,71.2,71.2,71.2,71.1,,71.2,,,6000,427200.0,1,F1,3000,,,,,
2026-07-15,2026-07-15,CM,NSE,STK,19111,INE365I01020,NBIFIN,EQ,,,,,N.B.I. IND. FIN. CO. LTD,2184.2,2260.0,2184.2,2241.1,2259.0,2184.2,,2241.1,,,494,1103717.8,104,F1,1,,,,,
2026-07-15,2026-07-15,CM,NSE,STK,20425,INE295D01020,NACLIND,EQ,,,,,NACL INDUSTRIES LIMITED,223.0,226.22,216.41,222.96,222.79,215.63,,222.94,,,1716627,380683109.15,26185,F1,1,,,,,
2026-07-15,2026-07-15,CM,NSE,STK,18371,INE756C01015,NDGL,EQ,,,,,NAGA DHUNSERI GROUP LTD,2850.0,2929.0,2776.0,2783.1,2776.0,2819.0,,2783.1,,,46,129942.5,25,F1,1,,,,,
2026-07-15,2026-07-15,CM,NSE,STK,14943,INE245I01016,NAGREEKCAP,BE,,,,,NAGREEKA CAP & INFR.LTD,24.05,24.2,23.1,23.93,23.93,24.04,,23.93,,,3386,80208.2,22,F1,1,,,,,
2026-07-15,2026-07-15,CM,NSE,STK,14702,INE123B01028,NAGREEKEXP,EQ,,,,,NAGREEKA EXPORTS LTD.,23.5,24.6,23.31,24.05,23.82,23.75,,24.05,,,4253,102045.07,69,F1,1,,,,,
2026-07-15,2026-07-15,CM,NSE,STK,15360,INE049I01012,NAHARCAP,EQ,,,,,NAHAR CAP & FIN.,247.26,255.9,247.25,250.02,252.9,251.07,,249.77,,,1747,439197.91,51,F1,1,,,,,
2026-07-15,2026-07-15,CM,NSE,STK,13106,INE289A01011,NAHARINDUS,EQ,,,,,NAHAR INDS ENT LTD,117.97,119.02,115.5,116.87,117.55,116.26,,116.75,,,8500,993893.52,382,F1,1,,,,,
2026-07-15,2026-07-15,CM,NSE,STK,14445,INE308A01027,NAHARPOLY,EQ,,,,,NAHAR POLY FILMS LIMITED,252.9,254.35,248.55,250.35,250.1,251.8,,250.35,,,4646,1167552.15,245,F1,1,,,,,
2026-07-15,2026-07-15,CM,NSE,STK,14443,INE290A01027,NAHARSPING,BE,,,,,NAHAR SPINNING MILLS LTD.,274.0,279.0,274.0,276.05,276.9,274.0,,276.05,,,11838,3264964.0,158,F1,1,,,,,
2026-07-15,2026-07-15,CM,NSE,STK,5404,INE236Y01012,NGIL,BE,,,,,NAKODA GROUP OF IND. LTD,40.0,40.44,39.03,39.05,39.05,40.44,,39.05,,,10675,424840.55,34,F1,1,,,,,
2026-07-15,2026-07-15,CM,NSE,STK,11239,INE023A01030,NSIL,EQ,,,,,NALWA SONS INVESTMENT LTD,5495.0,5547.0,5355.0,5466.0,5495.0,5444.5,,5466.0,,,1767,9662291.0,497,F1,1,,,,,
2026-07-15,2026-07-15,CM,NSE,STK,23379,INE0RJM01010,NAMAN,SM,,,,,NAMAN INDUSTRE PRXIMA LTD,44.85,45.25,44.85,45.0,45.0,46.65,,45.0,,,4800,216280.0,5,F1,800,,,,,
2026-07-15,2026-07-15,CM,NSE,STK,25170,INE08NZ01012,NAMOEWASTE,ST,,,,,NAMO EWASTE MANAGEMENT L,287.0,287.0,284.0,287.0,287.0,289.0,,287.0,,,16800,4787400.0,19,F1,800,,,,,
2026-07-15,2026-07-15,CM,NSE,STK,31258,INE875G01048,NDL,EQ,,,,,NANDAN DENIM LIMITED,2.39,2.44,2.35,2.38,2.36,2.36,,2.38,,,831107,1977641.46,1087,F1,1,,,,,
2026-07-15,2026-07-15,CM,NSE,STK,5516,INE696V01013,JAIPURKURT,EQ,,,,,NANDANI CREATION LIMITED,28.59,28.59,27.55,27.71,27.71,28.0,,27.71,,,4715,132442.44,45,F1,1,,,,,
2026-07-15,2026-07-15,CM,NSE,STK,11840,INE410P01011,NH,EQ,,,,,NARAYANA HRUDAYALAYA LTD.,2017.0,2044.9,2001.5,2037.4,2036.0,2007.2,,2037.4,,,120756,245400636.5,12497,F1,1,,,,,
2026-07-15,2026-07-15,CM,NSE,STK,11627,INE117Z01011,NARMADA,EQ,,,,,NARMADA AGROBASE LIMITED,33.91,35.7,33.91,35.43,35.43,34.2,,35.42,,,322396,11250345.11,2284,F1,1,,,,,
2026-07-15,2026-07-15,CM,NSE,STK,3918,INE987B01026,NATCOPHARM,EQ,,,,,NATCO PHARMA LTD.,974.5,977.85,964.05,969.75,970.9,972.25,,969.75,,,265824,257878165.5,15774,F1,1,,,,,
2026-07-15,2026-07-15,CM,NSE,STK,11065,INE448G01010,NATHBIOGEN,EQ,,,,,NATH BIO-GENES (I) LTD,161.06,163.48,159.61,160.62,160.4,162.11,,160.7,,,9752,1576646.54,304,F1,1,,,,,
2026-07-15,2026-07-15,CM,NSE,STK,6364,INE139A01034,NATIONALUM,EQ,,,,,NATIONAL ALUMINIUM CO LTD,366.7,368.5,359.8,361.5,362.0,364.9,,361.5,,,7471482,2704687722.4,106882,F1,1,,,,,
2026-07-15,2026-07-15,CM,NSE,STK,13925,INE870D01012,NFL,EQ,,,,,NATIONAL FERT. LTD,73.2,74.57,72.89,73.79,73.72,73.03,,73.79,,,1202659,88589244.74,7628,F1,1,,,,,
2026-07-15,2026-07-15,CM,NSE,STK,6531,INE0H7R23014,NHIT,IV,,,,,NATIONAL HIGHW INFRA TRUS,166.0,166.0,166.0,166.0,166.0,169.0,,166.0,,,100000,16600000.0,1,F1,25000,,,,,
2026-07-15,2026-07-15,CM,NSE,STK,762807,INE166R01015,NATIONSTD,EQ,,,,,NATIONAL STAND (INDIA) L,458.1,458.1,458.1,458.1,458.1,482.2,,458.6,,,2305,1055920.5,196,F1,1,,,,,
2026-07-15,2026-07-15,CM,NSE,STK,29583,INE936B01015,NATCAPSUQ,EQ,,,,,NATURAL CAPSULES LIMITED,147.3,148.0,140.4,142.2,142.05,143.51,,142.2,,,4605,659311.77,181,F1,1,,,,,
2026-07-15,2026-07-15,CM,NSE,STK,4014,INE725A01030,NAVA,EQ,,,,,NAVA LIMITED,595.0,595.8,588.55,593.15,593.4,594.9,,593.15,,,113751,67422998.05,6914,F1,1,,,,,
2026-07-15,2026-07-15,CM,NSE,STK,14672,INE048G01026,NAVINFLUOR,EQ,,,,,NAVIN FLUORINE INT. LTD,7580.0,7681.0,7580.0,7618.0,7668.0,7586.0,,7617.5,,,87587,668097602.0,11921,F1,1,,,,,
2026-07-15,2026-07-15,CM,NSE,STK,10557,INE278M01019,NAVKARCORP,EQ,,,,,NAVKAR CORPORATION LTD.,110.96,120.95,110.94,116.09,117.0,109.75,,116.07,,,5167971,604648766.29,34918,F1,1,,,,,
2026-07-15,2026-07-15,CM,NSE,STK,29149,INE268H01044,NAVKARURB,BE,,,,,NAVKAR URBANSTRUCTURE LTD,1.06,1.07,0.98,1.06,1.07,1.02,,1.06,,,1286961,1373007.07,315,F1,1,,,,,
2026-07-15,2026-07-15,CM,NSE,STK,2385,INE060A01024,NAVNETEDUL,EQ,,,,,NAVNEET EDUCATION LTD,149.5,153.9,149.26,150.45,149.9,148.52,,150.44,,,282672,42654113.32,4289,F1,1,,,,,
2026-07-15,2026-07-15,CM,NSE,STK,2987,INE418L01047,NAZARA,EQ,,,,,NAZARA TECHNOLOGIES LTD,304.95,315.0,303.0,310.1,311.0,303.95,,310.1,,,5108077,1586718575.4,34062,F1,1,,,,,
2026-07-15,2026-07-15,CM,NSE,STK,31415,INE095N01031,NBCC,EQ,,,,,NBCC (INDIA) LIMITED,98.92,99.69,97.5,97.82,97.96,98.15,,97.82,,,6248606,616073065.0,24013,F1,1,,,,,
2026-07-15,2026-07-15,CM,NSE,STK,2319,INE868B01028,NCC,EQ,,,,,NCC LIMITED,142.25,143.55,141.9,142.3,142.09,141.73,,142.29,,,1171857,167386775.88,14564,F1,1,,,,,
2026-07-15,2026-07-15,CM,NSE,STK,14490,INE732C01016,NCLIND,EQ,,,,,NCL INDUSTRIES LIMITED,183.35,189.59,183.35,187.81,186.5,182.99,,187.81,,,49777,9336306.07,1371,F1,1,,,,,
2026-07-15,2026-07-15,CM,NSE,STK,14547,INE353A01023,NDLVENTURE,EQ,,,,,NDL VENTURES LIMITED,131.5,131.59,130.3,131.23,131.19,131.09,,131.23,,,4180,547846.81,138,F1,1,,,,,
2026-07-15,2026-07-15,CM,NSE,STK,22255,INE07OG01012,NDRAUTO,EQ,,,,,NDR AUTO COMPONENTS LTD,822.35,839.0,812.2,821.0,820.4,822.65,,821.95,,,7149,5907725.8,910,F1,1,,,,,
2026-07-15,2026-07-15,CM,NSE,STK,22680,INE0Q7Q23015,NDRINVIT,IV,,,,,NDR INVIT TRUST,135.05,135.05,135.05,135.05,135.05,139.5,,135.05,,,25000,3376250.0,1,F1,25000,,,,,
2026-07-15,2026-07-15,CM,NSE,STK,11427,INE155G01029,NDTV,EQ,,,,,NDTV LTD,82.89,82.89,80.71,81.4,82.3,82.04,,81.4,,,177337,14533871.84,1547,F1,1,,,,,
2026-07-15,2026-07-15,CM,NSE,STK,11930,INE023H01027,NECLIFE,BE,,,,,NECTAR LIFESCIENCES LTD.,11.19,11.33,10.76,10.86,10.9,11.19,,10.86,,,142320,1565975.09,426,F1,1,,,,,
2026-07-15,2026-07-15,CM,NSE,STK,762812,INE605D01012,NEAGI,EQ,,,,,NEELAMALAI AGRO INDS. L,3200.0,3200.0,3200.0,3200.0,3200.0,3057.1,,3124.0,,,10,32000.0,1,F1,1,,,,,
2026-07-15,2026-07-15,CM,NSE,STK,14761,INE189I01024,NELCAST,EQ,,,,,NELCAST LIMITED,133.13,135.85,130.53,132.02,132.0,132.21,,132.02,,,120717,16060812.97,2453,F1,1,,,,,
2026-07-15,2026-07-15,CM,NSE,STK,2388,INE045B01015,NELCO,EQ,,,,,NELCO LTD,898.0,916.95,858.0,862.55,864.9,894.2,,862.55,,,158751,139830484.3,7908,F1,1,,,,,
2026-07-15,2026-07-15,CM,NSE,STK,760931,INE21UM01018,NEOCHEM,ST,,,,,NEOCHEM BIO SOLUTIONS LTD,93.4,93.7,92.5,93.0,93.0,91.85,,93.0,,,9600,895380.0,6,F1,1200,,,,,
2026-07-15,2026-07-15,CM,NSE,STK,9917,INE136S01016,NEOGEN,EQ,,,,,NEOGEN CHEMICALS LIMITED,2147.0,2310.1,2132.7,2272.2,2274.0,2147.2,,2272.5,,,266093,604351941.8,33787,F1,1,,,,,
2026-07-15,2026-07-15,CM,NSE,STK,24353,INE0SUN01013,NEPHROCARE,ST,,,,,NEPHRO CARE INDIA LIMITED,63.4,67.4,62.75,65.95,65.95,66.05,,65.95,,,26800,1721740.0,56,F1,400,,,,,
2026-07-15,2026-07-15,CM,NSE,STK,760346,INE428V01029,NEPHROPLUS,EQ,,,,,NEPHROCARE HEALTH SERV L,647.0,655.1,634.0,636.45,636.85,646.45,,636.45,,,151617,97402695.85,12067,F1,1,,,,,
2026-07-15,2026-07-15,CM,NSE,STK,15409,INE317F01035,NESCO,EQ,,,,,NESCO LTD.,1075.0,1100.0,1075.0,1091.3,1096.0,1075.2,,1091.3,,,38911,42430383.7,4937,F1,1,,,,,
2026-07-15,2026-07-15,CM,NSE,STK,17963,INE239A01024,NESTLEIND,EQ,,,,,NESTLE INDIA LIMITED,1431.8,1442.0,1419.6,1424.4,1425.3,1427.1,,1424.4,,,1328750,1899710743.8,43250,F1,1,,,,,
2026-07-15,2026-07-15,CM,NSE,STK,20409,INE518X01015,CBAZAAR,ST,,,,,NET AVENUE TECHNOLOGIES L,6.5,6.5,6.2,6.2,6.2,6.25,,6.2,,,16000,101600.0,2,F1,8000,,,,,
2026-07-15,2026-07-15,CM,NSE,STK,17433,INE0NT901020,NETWEB,EQ,,,,,NETWEB TECH INDIA LTD,4422.0,4495.0,4358.0,4371.4,4370.4,4398.1,,4371.5,,,902264,3987416911.5,72559,F1,1,,,,,
2026-07-15,2026-07-15,CM,NSE,STK,756324,INE0FFK01017,NPST,EQ,,,,,NETWORK PEOPLE SRV TECH L,1569.9,1623.6,1562.4,1599.6,1596.9,1571.8,,1599.6,,,11280,18054344.0,1646,F1,1,,,,,
2026-07-15,2026-07-15,CM,NSE,STK,14111,INE870H01013,NETWORK18,EQ,,,,,NETWORK18 MEDIA & INV LTD,32.02,32.25,31.56,31.76,31.73,31.96,,31.76,,,2731698,86977148.28,7633,F1,1,,,,,
2026-07-15,2026-07-15,CM,NSE,STK,30554,INE333I01044,NEUEON,BE,,,,,NEUEON CORPORATION LTD,11.71,12.9,11.71,12.9,12.9,12.29,,12.99,,,85236,1070758.5,184,F1,1,,,,,
2026-07-15,2026-07-15,CM,NSE,STK,2406,INE794A01010,NEULANDLAB,EQ,,,,,NEULAND LAB LTD.,19095.0,19350.0,18944.0,19114.0,19055.0,18999.0,,19114.0,,,21178,406111289.0,9333,F1,1,,,,,
2026-07-15,2026-07-15,CM,NSE,STK,1164,INE619B01017,NEWGEN,EQ,,,,,NEWGEN SOFTWARE TECH LTD,554.9,575.35,539.15,557.7,558.7,554.4,,557.85,,,6927932,3880035533.75,117293,F1,1,,,,,
2026-07-15,2026-07-15,CM,NSE,STK,19161,INE0PW501021,NEWJAISA,ST,,,,,NEWJAISA TECHNOLOGIES LTD,16.9,16.9,16.9,16.9,16.9,17.2,,16.9,,,3000,50700.0,2,F1,1500,,,,,
2026-07-15,2026-07-15,CM,NSE,STK,9867,INE747B01016,NEXTMEDIA,EQ,,,,,NEXT MEDIAWORKS LIMITED,3.9,4.04,3.82,4.03,4.03,3.97,,4.03,,,15482,60438.66,39,F1,1,,,,,
2026-07-15,2026-07-15,CM,NSE,STK,15815,INE0NDH25011,NXST,RR,,,,,NEXUS SELECT TRUST,164.1,165.4,164.1,165.0,164.95,164.88,,165.0,,,180093,29704658.06,7452,F1,1,,,,,
2026-07-15,2026-07-15,CM,NSE,STK,763536,INE0T1501010,NFPSAMPOOR,SM,,,,,NFP SAMPOORNA FOODS LTD,24.2,24.2,23.0,23.05,23.0,24.2,,23.05,,,42000,978500.0,20,F1,2000,,,,,
2026-07-15,2026-07-15,CM,NSE,STK,10277,INE887E01022,NGLFINE,EQ,,,,,NGL FINE CHEM LIMITED,3130.8,3184.4,3130.8,3165.5,3173.0,3130.8,,3165.5,,,4189,13248149.7,1260,F1,1,,,,,
2026-07-15,2026-07-15,CM,NSE,STK,1765,INE557F07181,893NHB29,N6,,,,,NHB 8.93 NCD TR II SR 2 B,5545.0,5545.0,5545.0,5545.0,5545.0,5545.0,,5545.0,,,2,11090.0,1,F1,1,,,,,
2026-07-15,2026-07-15,CM,NSE,STK,17400,INE848E01016,NHPC,EQ,,,,,NHPC LTD,78.75,79.55,78.42,79.09,79.01,78.77,,79.09,,,6393098,505760325.13,25948,F1,1,,,,,
2026-07-15,2026-07-15,CM,NSE,STK,29487,INE149O01018,NIBE,EQ,,,,,NIBE LIMITED,1595.1,1637.9,1560.0,1569.6,1564.0,1593.5,,1569.9,,,98965,158214650.2,6543,F1,1,,,,,
2026-07-15,2026-07-15,CM,NSE,STK,17747,INE342G01023,NIITMTS,EQ,,,,,NIIT LEARNING SYSTEMS LTD,241.75,248.9,235.1,236.77,237.3,240.78,,236.78,,,213106,50761328.0,8341,F1,1,,,,,
2026-07-15,2026-07-15,CM,NSE,STK,11522,INE161A01038,NIITLTD,EQ,,,,,NIIT LIMITED,97.7,98.16,95.0,95.96,96.18,97.28,,95.96,,,410009,39566296.76,3557,F1,1,,,,,
2026-07-15,2026-07-15,CM,NSE,STK,758178,INE0FLF01015,NIKITA,SM,,,,,NIKITA GRENTEC RECYCL LTD,80.25,80.25,79.1,79.1,79.1,80.3,,79.1,,,6000,478620.0,5,F1,1200,,,,,
2026-07-15,2026-07-15,CM,NSE,STK,9253,INE937C01029,NILAINFRA,EQ,,,,,NILA INFRASTRUCTURES LTD,7.25,7.36,7.1,7.13,7.15,7.24,,7.12,,,83674,603642.98,350,F1,1,,,,,
2026-07-15,2026-07-15,CM,NSE,STK,7411,INE00S901012,NILASPACES,EQ,,,,,NILA SPACES LIMITED,12.57,12.74,12.26,12.3,12.35,12.45,,12.3,,,215928,2667950.03,718,F1,1,,,,,
2026-07-15,2026-07-15,CM,NSE,STK,762817,INE445D01013,NILE,EQ,,,,,NILE LTD.,1988.0,1988.0,1891.2,1900.4,1891.2,1936.2,,1902.8,,,2472,4780906.8,476,F1,1,,,,,
2026-07-15,2026-07-15,CM,NSE,STK,2421,INE310A01015,NILKAMAL,EQ,,,,,NILKAMAL LIMITED,1338.0,1409.0,1331.7,1365.5,1354.0,1332.5,,1364.7,,,43566,60108355.7,4939,F1,1,,,,,
2026-07-15,2026-07-15,CM,NSE,STK,761723,INE875B01015,NIMBSPROJ,BE,,,,,NIMBUS PROJECTS LIMITED,200.0,200.0,195.0,200.0,200.0,202.88,,200.0,,,305,60500.0,7,F1,1,,,,,
2026-07-15,2026-07-15,CM,NSE,STK,14197,INE395U01014,NINSYS,BE,,,,,NINTEC SYSTEMS LIMITED,884.2,888.85,853.55,875.5,876.0,868.55,,874.95,,,3847,3354315.3,176,F1,1,,,,,
2026-07-15,2026-07-15,CM,NSE,STK,11439,INF204KB15I9,BANKBEES,EQ,,,,,NIP IND ETF BANK BEES,594.32,601.0,594.32,597.57,598.29,594.18,,597.57,,,784482,469293102.03,6027,F1,1,,,,,
2026-07-15,2026-07-15,CM,NSE,STK,2435,INF204KA1LD7,CONSUMBEES,EQ,,,,,NIP IND ETF CONSUMPTION,129.56,129.93,129.09,129.33,129.35,129.05,,129.33,,,44603,5777084.28,683,F1,1,,,,,
2026-07-15,2026-07-15,CM,NSE,STK,2636,INF204KA1MS3,DIVOPPBEES,EQ,,,,,NIP IND ETF DIV OPP,76.3,76.66,76.06,76.34,76.48,76.3,,76.34,,,23512,1796505.71,616,F1,1,,,,,
2026-07-15,2026-07-15,CM,NSE,STK,9847,INF204KB18I3,NV20BEES,EQ,,,,,NIP IND ETF ETF NV20,140.61,142.03,139.45,140.62,139.45,141.11,,140.62,,,82173,11585945.63,304,F1,1,,,,,
2026-07-15,2026-07-15,CM,NSE,STK,14428,INF204KB17I5,GOLDBEES,EQ,,,,,NIP IND ETF GOLD BEES,116.75,116.75,115.98,116.39,116.41,115.98,,116.39,,,14714944,1713508793.49,67032,F1,1,,,,,
2026-07-15,2026-07-15,CM,NSE,STK,18284,INF204KB19I1,HNGSNGBEES,EQ,,,,,NIP IND ETF HANGSENG BEES,483.1,483.78,478.69,481.63,482.29,478.69,,481.61,,,90001,43357145.83,3208,F1,1,,,,,
2026-07-15,2026-07-15,CM,NSE,STK,20072,INF732E01268,INFRABEES,EQ,,,,,NIP IND ETF INFRA BEES,966.75,972.88,960.85,963.1,965.0,965.85,,962.95,,,4306,4160721.16,488,F1,1,,,,,
2026-07-15,2026-07-15,CM,NSE,STK,19084,INF204KB15V2,ITBEES,EQ,,,,,NIP IND ETF IT,31.7,31.9,31.18,31.66,31.71,31.85,,31.66,,,15598050,493924195.34,17481,F1,1,,,,,
2026-07-15,2026-07-15,CM,NSE,STK,10939,INF732E01045,JUNIORBEES,EQ,,,,,NIP IND ETF JUNIOR BEES,782.28,782.5,776.0,778.84,779.5,776.39,,778.81,,,267168,208425823.86,8120,F1,1,,,,,
2026-07-15,2026-07-15,CM,NSE,STK,11006,INF732E01037,LIQUIDBEES,EQ,,,,,NIP IND ETF LIQUID BEES,1000.0,1000.01,999.11,1000.0,1000.01,1000.0,,1000.0,,,3646592,3646612549.35,3844,F1,1,,,,,
2026-07-15,2026-07-15,CM,NSE,STK,17700,INF204KB1882,LTGILTBEES,EQ,,,,,NIP IND ETF LONGTERM GILT,30.29,30.29,29.86,29.88,29.88,29.8,,29.88,,,419304,12534775.12,437,F1,1,,,,,
2026-07-15,2026-07-15,CM,NSE,STK,8506,INF204KB1V68,MID150BEES,EQ,,,,,NIP IND ETF MIDCAP 150,238.65,239.9,237.01,239.12,239.2,238.53,,239.1,,,388460,92994114.74,6037,F1,1,,,,,
2026-07-15,2026-07-15,CM,NSE,STK,29577,INF204K014N5,NIF100BEES,EQ,,,,,NIP IND ETF NIFTY 100,266.15,267.88,265.5,266.73,266.76,266.47,,266.73,,,33664,8983940.17,944,F1,1,,,,,
2026-07-15,2026-07-15,CM,NSE,STK,10576,INF204KB14I2,NIFTYBEES,EQ,,,,,NIP IND ETF NIFTY BEES,274.99,275.2,273.0,273.66,273.7,273.35,,273.66,,,3990132,1095020108.31,34506,F1,1,,,,,
2026-07-15,2026-07-15,CM,NSE,STK,15032,INF204KB16I7,PSUBNKBEES,EQ,,,,,NIP IND ETF PSU BANK BEES,94.5,94.55,92.82,93.71,93.85,92.78,,93.71,,,1684205,158249195.2,6061,F1,1,,,,,
2026-07-15,2026-07-15,CM,NSE,STK,17044,INF732E01128,SHARIABEES,EQ,,,,,NIP IND ETF SHARIAH BEES,455.25,455.72,452.46,454.0,454.41,455.25,,454.01,,,4688,2129367.79,353,F1,1,,,,,
2026-07-15,2026-07-15,CM,NSE,STK,357,INE298J01013,NAM-INDIA,EQ,,,,,NIPPON L I A M LTD,1193.7,1214.8,1188.9,1196.3,1192.1,1192.7,,1196.3,,,691047,828092409.9,27199,F1,1,,,,,
2026-07-15,2026-07-15,CM,NSE,STK,757725,INF204KC1FU1,LIQGRWBEES,EQ,,,,,NIPPONAMC - LIQGRWBEES,1047.6,1047.6,1047.58,1047.59,1047.6,1047.44,,1047.59,,,30347,31791431.77,123,F1,1,,,,,
2026-07-15,2026-07-15,CM,NSE,STK,758667,INF204KC1GH6,MANUFGBEES,EQ,,,,,NIPPONAMC - MANUFGBEES,160.11,160.41,159.55,160.13,160.35,159.27,,160.13,,,2621,419800.32,55,F1,1,,,,,
2026-07-15,2026-07-15,CM,NSE,STK,7880,INF204KC1337,AUTOBEES,EQ,,,,,NIPPONAMC - NETFAUTO,275.99,277.25,274.52,275.37,275.3,274.52,,275.37,,,122907,33915733.14,2934,F1,1,,,,,
2026-07-15,2026-07-15,CM,NSE,STK,4973,INF204KC1089,PHARMABEES,EQ,,,,,NIPPONAMC - NETFPHARMA,25.92,26.85,25.0,26.75,26.81,26.59,,26.75,,,6700062,179267975.67,9247,F1,1,,,,,
2026-07-15,2026-07-15,CM,NSE,STK,8080,INF204KC1402,SILVERBEES,EQ,,,,,NIPPONAMC - NETFSILVER,209.71,210.14,207.8,208.66,208.92,208.01,,208.66,,,17714572,3703436294.83,56966,F1,1,,,,,
2026-07-15,2026-07-15,CM,NSE,STK,757455,INF204KC1EZ3,SNXT30BEES,EQ,,,,,NIPPONAMC - SNXT30BEES,42.18,42.5,41.85,41.96,42.5,41.98,,41.96,,,3936,165716.33,64,F1,1,,,,,
2026-07-15,2026-07-15,CM,NSE,STK,261,INE368I01016,NIRAJ,BE,,,,,NIRAJ CEMENT STRUC LTD,29.02,29.85,29.0,29.52,29.77,29.64,,29.52,,,25613,751064.71,65,F1,1,,,,,
2026-07-15,2026-07-15,CM,NSE,STK,18840,INE326T01011,NIRAJISPAT,EQ,,,,,NIRAJ ISPAT IND LTD,194.0,194.0,188.0,188.1,188.1,194.0,,188.1,,,10,1892.8,6,F1,1,,,,,
2026-07-15,2026-07-15,CM,NSE,STK,2433,INE910A01012,NIRLON,EQ,,,,,NIRLON LTD,655.0,657.0,638.0,642.85,640.0,647.95,,642.85,,,8406,5436194.85,576,F1,1,,,,,
2026-07-15,2026-07-15,CM,NSE,STK,14722,INE0OK701014,NIRMAN,SM,,,,,NIRMAN AGRI GENTICS LTD,40.1,41.2,38.1,40.55,40.9,41.85,,40.55,,,54000,2157300.0,119,F1,300,,,,,
2026-07-15,2026-07-15,CM,NSE,STK,13300,INE858F01012,NITCO,EQ,,,,,NITCO LIMITED,104.1,106.3,102.63,104.19,104.0,104.06,,104.19,,,221881,23127211.46,3029,F1,1,,,,,
2026-07-15,2026-07-15,CM,NSE,STK,13175,INE229H01012,NITINSPIN,EQ,,,,,NITIN SPINNERS LIMITED,558.0,574.45,550.55,554.55,558.8,554.7,,554.85,,,126814,71308138.3,4952,F1,1,,,,,
2026-07-15,2026-07-15,CM,NSE,STK,3247,INE439T01012,NITIRAJ,EQ,,,,,NITIRAJ ENGINEERS LTD,195.0,209.9,188.0,205.91,204.4,192.73,,205.91,,,22300,4503992.52,674,F1,1,,,,,
2026-07-15,2026-07-15,CM,NSE,STK,762824,INE265B01019,NITTAGELA,EQ,,,,,NITTA GELATIN INDIA LTD.,1937.0,1937.0,1855.0,1881.4,1901.5,1893.2,,1881.4,,,16935,32016109.9,1928,F1,1,,,,,
2026-07-15,2026-07-15,CM,NSE,STK,27097,INE995S01015,NIVABUPA,EQ,,,,,NIVA BUPA HEALTH INS CO L,86.7,88.89,86.22,88.36,88.45,86.17,,88.36,,,2276871,199041543.85,15544,F1,1,,,,,
2026-07-15,2026-07-15,CM,NSE,STK,2439,INE542C01019,NKIND,EQ,,,,,NK INDUSTRIES LTD,63.9,64.0,63.0,63.89,64.0,63.83,,63.89,,,191,12113.8,9,F1,1,,,,,
2026-07-15,2026-07-15,CM,NSE,STK,8585,INE589A01014,NLCINDIA,EQ,,,,,NLC INDIA LIMITED,302.3,306.4,300.6,302.3,302.5,303.6,,302.3,,,1529476,465290619.8,18436,F1,1,,,,,
2026-07-15,2026-07-15,CM,NSE,STK,761076,INE579F24065,805NMC30,N2,,,,,NMC 8.05% 2030 SR STRPP B,126.0,126.0,126.0,126.0,126.0,126.0,,126.0,,,10,1260.0,1,F1,1,,,,,
2026-07-15,2026-07-15,CM,NSE,STK,761078,INE579F24057,805NMC32,N4,,,,,NMC 8.05% 2032 SR STRPP D,129.0,129.0,129.0,129.0,129.0,129.0,,129.0,,,1,129.0,1,F1,1,,,,,
2026-07-15,2026-07-15,CM,NSE,STK,761082,INE579F24107,805NMC36,N8,,,,,NMC 8.05% 2036 SR STRPP H,126.0,126.0,126.0,126.0,126.0,126.0,,126.0,,,10,1260.0,1,F1,1,,,,,
2026-07-15,2026-07-15,CM,NSE,STK,15332,INE584A01023,NMDC,EQ,,,,,NMDC LTD.,84.99,85.62,84.62,84.89,84.76,84.99,,84.89,,,11975753,1018706203.27,72066,F1,1,,,,,
2026-07-15,2026-07-15,CM,NSE,STK,14180,INE0NNS01018,NSLNISP,EQ,,,,,NMDC STEEL LIMITED,43.2,43.58,42.81,43.29,43.31,43.09,,43.29,,,3345928,144136349.91,11642,F1,1,,,,,
2026-07-15,2026-07-15,CM,NSE,STK,2442,INE163A01018,NOCIL,EQ,,,,,NOCIL LIMITED,168.0,171.0,165.5,166.67,166.4,168.39,,166.67,,,529942,88729169.91,6659,F1,1,,,,,
2026-07-15,2026-07-15,CM,NSE,STK,11214,INE781B01015,NOIDATOLL,BE,,,,,NOIDA TOLL BRIDGE CO LTD,4.72,4.8,4.6,4.69,4.72,4.7,,4.68,,,40974,193437.95,132,F1,1,,,,,
2026-07-15,2026-07-15,CM,NSE,STK,4160,INE369C01017,NORBTEAEXP,EQ,,,,,NORBEN TEA & EXPORTS LTD,68.94,72.25,68.94,70.01,70.0,68.94,,70.01,,,1251,88023.49,23,F1,1,,,,,
2026-07-15,2026-07-15,CM,NSE,STK,13533,INE553C01016,NECCLTD,BE,,,,,NORTH EAST CARRY CORP LTD,15.79,15.83,15.36,15.5,15.76,15.72,,15.5,,,31855,495214.48,109,F1,1,,,,,
2026-07-15,2026-07-15,CM,NSE,STK,25426,INE850M01015,NORTHARC,EQ,,,,,NORTHERN ARC CAPITAL LTD,321.0,327.3,312.35,317.1,318.0,318.9,,317.1,,,713950,227581216.5,18268,F1,1,,,,,
2026-07-15,2026-07-15,CM,NSE,STK,22478,INE02H701025,NOVAAGRI,BE,,,,,NOVA AGRITECH LIMITED,22.99,22.99,21.89,22.07,22.18,22.45,,22.07,,,124169,2746963.17,510,F1,1,,,,,
2026-07-15,2026-07-15,CM,NSE,STK,9007,INE234A01025,NOVARTIND,EQ,,,,,NOVARTIS INDIA LIMITED,1638.8,1647.4,1506.3,1538.6,1565.0,1617.6,,1538.8,,,52790,82524577.5,5956,F1,1,,,,,
2026-07-15,2026-07-15,CM,NSE,STK,7553,INE349A01021,NRBBEARING,EQ,,,,,NRB BEARING LIMITED,424.4,430.05,418.0,423.25,423.65,421.8,,423.25,,,212950,90185256.15,5683,F1,1,,,,,
2026-07-15,2026-07-15,CM,NSE,STK,29733,INE047O01014,NIBL,EQ,,,,,NRB INDUS. BEARINGS LTD.,33.1,34.68,32.41,33.22,33.45,33.25,,33.22,,,81726,2769807.87,12519,F1,1,,,,,
2026-07-15,2026-07-15,CM,NSE,STK,27176,INE0ONG01011,NTPCGREEN,EQ,,,,,NTPC GREEN ENERGY LIMITED,94.15,95.0,92.68,92.98,93.0,94.15,,92.98,,,2875348,268725953.17,22732,F1,1,,,,,
2026-07-15,2026-07-15,CM,NSE,STK,11630,INE733E01010,NTPC,EQ,,,,,NTPC LTD,347.5,348.45,343.05,344.35,344.2,348.15,,344.35,,,11352533,3924586431.7,103020,F1,1,,,,,
2026-07-15,2026-07-15,CM,NSE,STK,10791,INE096B01018,NUCLEUS,EQ,,,,,NUCLEUS SOFTWARE EXPORTS,762.95,773.7,753.7,762.35,757.15,762.75,,762.3,,,25663,19607467.1,1906,F1,1,,,,,
2026-07-15,2026-07-15,CM,NSE,STK,13680,INE0JM501013,NRL,BE,,,,,NUPUR RECYCLERS LIMITED,110.39,114.0,106.0,110.11,110.0,109.68,,110.11,,,151243,16685621.76,725,F1,1,,,,,
2026-07-15,2026-07-15,CM,NSE,STK,2350,INE0DSF01015,NURECA,EQ,,,,,NURECA LIMITED,272.0,287.5,269.15,271.4,269.15,275.07,,271.39,,,85935,23810510.24,2813,F1,1,,,,,
2026-07-15,2026-07-15,CM,NSE,STK,18721,INE531F01023,NUVAMA,EQ,,,,,NUVAMA WEALTH MANAGE LTD,1935.3,1955.0,1910.2,1919.3,1913.0,1933.9,,1919.3,,,251997,485384218.6,17996,F1,1,,,,,
2026-07-15,2026-07-15,CM,NSE,STK,5426,INE118D01016,NUVOCO,EQ,,,,,NUVOCO VISTAS CORP LTD,348.85,398.0,348.85,377.25,376.4,341.4,,377.25,,,50549487,19321811884.0,463666,F1,1,,,,,
2026-07-15,2026-07-15,CM,NSE,STK,20242,INE093I01010,OBEROIRLTY,EQ,,,,,OBEROI REALTY LIMITED,1920.5,1937.2,1885.0,1887.7,1885.2,1916.5,,1887.6,,,297705,565908784.0,28101,F1,1,,,,,
2026-07-15,2026-07-15,CM,NSE,STK,25923,INE0YHV01011,OBSCP,SM,,,,,OBSC PERFECTION LIMITED,654.0,664.0,622.95,655.0,658.0,634.1,,655.0,,,55600,35622360.0,128,F1,400,,,,,
2026-07-15,2026-07-15,CM,NSE,STK,25920,INE0PK601023,OCCLLTD,BE,,,,,OCCL LIMITED,134.5,138.07,132.81,138.02,138.07,131.5,,138.02,,,122657,16798119.95,595,F1,1,,,,,
2026-07-15,2026-07-15,CM,NSE,STK,27575,INE054301028,ODIGMA,BE,,,,,ODIGMA CONSULTANCY SOL L,23.48,23.48,22.9,23.11,23.12,23.04,,23.1,,,8739,202485.46,208,F1,1,,,,,
2026-07-15,2026-07-15,CM,NSE,STK,2475,INE213A01029,ONGC,EQ,,,,,OIL AND NATURAL GAS CORP.,249.42,249.45,246.3,247.18,247.1,248.9,,247.17,,,13302251,3294370350.59,87326,F1,1,,,,,
2026-07-15,2026-07-15,CM,NSE,STK,8109,INE591A01010,OILCOUNTUB,BE,,,,,OIL COUNTRY TUBULAR LTD.,52.79,53.79,51.49,52.91,52.7,53.42,,52.98,,,16209,851807.72,97,F1,1,,,,,
2026-07-15,2026-07-15,CM,NSE,STK,17438,INE274J01014,OIL,EQ,,,,,OIL INDIA LTD,441.0,441.8,430.0,437.2,435.45,441.1,,437.2,,,2909888,1269311312.55,34306,F1,1,,,,,
2026-07-15,2026-07-15,CM,NSE,STK,24777,INE0LXG01040,OLAELEC,EQ,,,,,OLA ELECTRIC MOBILITY LTD,39.67,41.75,39.43,40.65,40.72,39.47,,40.65,,,91849006,3753399183.49,148427,F1,1,,,,,
2026-07-15,2026-07-15,CM,NSE,STK,10637,INE260D01016,OLECTRA,EQ,,,,,OLECTRA GREENTECH LIMITED,1383.3,1398.0,1371.2,1388.1,1390.7,1378.2,,1388.0,,,278134,385689091.3,13738,F1,1,,,,,
2026-07-15,2026-07-15,CM,NSE,STK,759412,INE1BZC01019,OMFREIGHT,BE,,,,,OM FREIGHT FORWARDERS LTD,91.5,93.98,90.0,93.29,93.1,91.38,,93.42,,,12606,1153584.47,143,F1,1,,,,,
2026-07-15,2026-07-15,CM,NSE,STK,24231,INE239D01028,OMINFRAL,EQ,,,,,OM INFRA LIMITED,89.0,90.9,86.51,87.73,88.03,89.95,,87.77,,,73170,6486634.7,1905,F1,1,,,,,
2026-07-15,2026-07-15,CM,NSE,STK,762432,INE25E901019,OMPOWER,EQ,,,,,OM POWER TRANSMISSION LTD,173.55,175.0,171.5,173.9,174.0,172.73,,173.9,,,142037,24597414.65,1553,F1,1,,,,,
2026-07-15,2026-07-15,CM,NSE,STK,14125,INE090B01011,OMAXAUTO,BE,,,,,OMAX AUTOS LTD,248.98,250.0,236.54,237.76,239.85,248.98,,237.88,,,27632,6726029.65,444,F1,1,,,,,
2026-07-15,2026-07-15,CM,NSE,STK,14853,INE800H01010,OMAXE,EQ,,,,,OMAXE LIMITED,99.5,101.0,96.28,96.94,96.32,97.52,,96.94,,,1924874,188291392.21,12679,F1,1,,,,,
2026-07-15,2026-07-15,CM,NSE,STK,120,INE338Y01016,OMFURN,ST,,,,,OMFURN INDIA LIMITED,55.7,57.2,55.7,56.0,56.0,54.5,,56.0,,,24000,1356540.0,15,F1,1200,,,,,
2026-07-15,2026-07-15,CM,NSE,STK,760865,INE0UH301010,OMNI,EQ,,,,,OMNITECH ENGINEERING LTD,553.5,576.0,546.05,561.85,562.0,550.75,,561.85,,,485346,272924634.5,24572,F1,1,,,,,
2026-07-15,2026-07-15,CM,NSE,STK,19703,INE00ER01015,ONDOOR,ST,,,,,ON DOOR CONCEPTS LIMITED,192.0,199.45,187.2,199.45,199.45,196.9,,199.45,,,5700,1095840.0,16,F1,300,,,,,
2026-07-15,2026-07-15,CM,NSE,STK,6705,INE982J01020,PAYTM,EQ,,,,,ONE 97 COMMUNICATIONS LTD,1385.0,1407.0,1352.6,1368.0,1388.7,1381.4,,1368.0,,,2680362,3679489774.0,65510,F1,1,,,,,
2026-07-15,2026-07-15,CM,NSE,STK,28046,INE0HLU01028,MOBIKWIK,EQ,,,,,ONE MOBIKWIK SYSTEMS LTD,231.6,238.8,221.85,224.59,227.0,230.31,,224.6,,,4560413,1050671071.6,38466,F1,1,,,,,
2026-07-15,2026-07-15,CM,NSE,STK,9939,INE840Y01029,ONEPOINT,EQ,,,,,ONE POINT ONE SOL LTD,56.7,57.0,54.2,55.39,54.5,56.35,,55.37,,,922543,51088318.84,4147,F1,1,,,,,
2026-07-15,2026-07-15,CM,NSE,STK,19433,INE0OPS01011,OLIL,ST,,,,,ONECLICK LOGISTICS IND L,427.0,430.0,423.0,424.0,424.0,434.0,,424.0,,,3200,1365200.0,7,F1,400,,,,,
2026-07-15,2026-07-15,CM,NSE,STK,25496,INE912L01015,ONELIFECAP,BE,,,,,ONELIFE CAP ADVISORS LTD,38.45,38.5,37.0,37.57,37.79,37.01,,37.57,,,6560,246691.98,60,F1,1,,,,,
2026-07-15,2026-07-15,CM,NSE,STK,763294,INE12F801023,KISSHT,EQ,,,,,ONEMI TECHNOLOGY SOL LTD,325.6,329.95,318.3,321.15,320.0,324.1,,321.1,,,970878,313864490.95,16462,F1,1,,,,,
2026-07-15,2026-07-15,CM,NSE,STK,29224,INE013P01021,ONESOURCE,EQ,,,,,ONESOURCE SPECL PHARMA L,1667.8,1667.9,1628.4,1640.0,1628.4,1648.1,,1640.0,,,108906,178863765.3,9078,F1,1,,,,,
2026-07-15,2026-07-15,CM,NSE,STK,6853,INE831A01028,ONIDA,BE,,,,,ONIDA ELECTRONICS LIMITED,40.45,40.45,38.81,39.02,39.0,40.16,,39.02,,,271682,10749492.29,534,F1,1,,,,,
2026-07-15,2026-07-15,CM,NSE,STK,15282,INE809I01019,ONMOBILE,BE,,,,,ONMOBILE GLOBAL LTD.,69.5,70.1,65.94,66.38,66.12,69.41,,66.41,,,85925,5808762.81,669,F1,1,,,,,
2026-07-15,2026-07-15,CM,NSE,STK,2481,INE229A01017,ONWARDTEC,EQ,,,,,ONWARD TECHNOLOGIES LTD,282.0,289.95,277.5,283.6,283.0,284.65,,283.6,,,68247,19325347.55,2853,F1,1,,,,,
2026-07-15,2026-07-15,CM,NSE,STK,27143,INE0WVU01018,ONYX,ST,,,,,ONYX BIOTEC LIMITED,38.6,38.6,37.7,37.7,37.7,36.85,,37.7,,,4000,152600.0,2,F1,2000,,,,,
2026-07-15,2026-07-15,CM,NSE,STK,21469,INE350C01017,OPTIEMUS,EQ,,,,,OPTIEMUS INFRACOM LTD,570.85,576.0,555.0,565.85,566.0,566.3,,565.9,,,114384,64660668.55,6386,F1,1,,,,,
2026-07-15,2026-07-15,CM,NSE,STK,758900,INE15B101011,OPTIVALUE,SM,,,,,OPTIVALUE TEK CONSULT LTD,91.0,97.5,90.6,95.1,95.8,90.55,,95.1,,,160000,15029520.0,84,F1,1600,,,,,
2026-07-15,2026-07-15,CM,NSE,STK,10738,INE881D01027,OFSS,EQ,,,,,ORACLE FIN SERV SOFT LTD.,11650.0,11800.0,11553.0,11625.0,11668.0,11646.0,,11625.0,,,247577,2893027528.0,40864,F1,1,,,,,
2026-07-15,2026-07-15,CM,NSE,STK,31479,INE231G01010,ORBTEXP,BE,,,,,ORBIT EXPORTS LIMITED,232.5,237.23,229.01,234.13,237.23,237.23,,234.47,,,4878,1136073.01,77,F1,1,,,,,
2026-07-15,2026-07-15,CM,NSE,STK,29492,INE215B01022,ORCHASP,EQ,,,,,ORCHASP LIMITED,1.88,1.9,1.74,1.76,1.77,1.84,,1.76,,,1134364,2006867.91,785,F1,1,,,,,
2026-07-15,2026-07-15,CM,NSE,STK,926,INE191A01027,ORCHPHARMA,EQ,,,,,ORCHID PHARMA LIMITED,1062.7,1114.85,1055.0,1101.4,1105.0,1052.95,,1101.35,,,320974,350400977.9,24933,F1,1,,,,,
2026-07-15,2026-07-15,CM,NSE,STK,17882,INE0OUT01019,ORIANA,SM,,,,,ORIANA POWER LIMITED,1492.0,1509.85,1475.0,1478.25,1476.0,1498.45,,1478.25,,,41100,61076880.0,429,F1,75,,,,,
2026-07-15,2026-07-15,CM,NSE,STK,10159,INE730A01022,ORICONENT,EQ,,,,,ORICON ENTERPRISES LTD,56.5,58.48,56.5,57.67,57.12,57.8,,57.67,,,44389,2548336.01,544,F1,1,,,,,
2026-07-15,2026-07-15,CM,NSE,STK,14278,INE607D01018,ORIENTBELL,EQ,,,,,ORIENT BELL LIMITED,321.05,322.45,312.15,315.8,315.6,320.1,,315.8,,,9620,3040442.75,427,F1,1,,,,,
2026-07-15,2026-07-15,CM,NSE,STK,30089,INE876N01018,ORIENTCEM,EQ,,,,,ORIENT CEMENT LTD.,136.5,138.81,136.38,137.28,137.31,136.37,,137.28,,,166324,22897883.69,1886,F1,1,,,,,
2026-07-15,2026-07-15,CM,NSE,STK,13111,INE569C01020,ORIENTCER,EQ,,,,,ORIENT CERATECH LIMITED,41.4,42.78,41.4,42.19,42.4,42.0,,42.19,,,27636,1166047.47,382,F1,1,,,,,
2026-07-15,2026-07-15,CM,NSE,STK,2972,INE142Z01019,ORIENTELEC,EQ,,,,,ORIENT ELECTRIC LIMITED,174.05,182.05,172.2,174.04,173.5,174.05,,174.04,,,642250,112960348.75,9685,F1,1,,,,,
2026-07-15,2026-07-15,CM,NSE,STK,20110,INE999K01014,GREENPOWER,EQ,,,,,ORIENT GREEN POWER CO LTD,10.02,10.1,9.96,10.01,10.04,9.99,,10.01,,,1430682,14338771.67,3060,F1,1,,,,,
2026-07-15,2026-07-15,CM,NSE,STK,2493,INE750A01020,ORIENTHOT,EQ,,,,,ORIENT HOTELS LTD,134.37,137.0,124.45,129.41,130.0,133.98,,129.42,,,1430968,185315762.46,17371,F1,1,,,,,
2026-07-15,2026-07-15,CM,NSE,STK,2496,INE592A01026,ORIENTPPR,EQ,,,,,ORIENT PAPER AND INDS LTD,16.93,17.06,16.8,16.91,16.87,16.86,,16.92,,,84882,1437026.72,807,F1,1,,,,,
2026-07-15,2026-07-15,CM,NSE,STK,18208,INE609C01024,ORIENTLTD,EQ,,,,,ORIENT PRESS LIMITED,70.5,73.4,68.65,71.12,71.0,71.46,,71.09,,,1425,100924.53,70,F1,1,,,,,
2026-07-15,2026-07-15,CM,NSE,STK,24961,INE0PPK01015,ORIENTTECH,EQ,,,,,ORIENT TECHNOLOGIES LTD,286.33,303.4,277.01,284.0,282.0,280.8,,283.99,,,7083509,2068295843.71,86724,F1,1,,,,,
2026-07-15,2026-07-15,CM,NSE,STK,10768,INE959C01023,OAL,EQ,,,,,ORIENTAL AROMATICS LTD,354.4,372.0,336.55,366.55,365.0,352.65,,366.55,,,48906,17822860.8,2333,F1,1,,,,,
2026-07-15,2026-07-15,CM,NSE,STK,14346,INE998H01012,ORIENTALTL,EQ,,,,,ORIENTAL TRIMEX LTD,5.45,5.8,5.27,5.49,5.49,5.43,,5.5,,,89724,487398.57,319,F1,1,,,,,
2026-07-15,2026-07-15,CM,NSE,STK,8797,INE426Z01016,OBCL,EQ,,,,,ORISSA BENGAL CARRIER LTD,53.0,53.44,52.07,53.24,52.6,52.25,,53.24,,,5733,303911.37,54,F1,1,,,,,
2026-07-15,2026-07-15,CM,NSE,STK,19931,INE725E01024,ORISSAMINE,EQ,,,,,ORISSA MIN DEV CO LTD,3754.0,3773.7,3703.0,3734.9,3730.2,3734.9,,3734.9,,,3233,12083946.8,852,F1,1,,,,,
2026-07-15,2026-07-15,CM,NSE,STK,759569,INE16NZ01023,ORKLAINDIA,EQ,,,,,ORKLA INDIA LIMITED,590.2,598.05,585.0,588.95,588.0,590.2,,588.95,,,93435,55147108.65,5387,F1,1,,,,,
2026-07-15,2026-07-15,CM,NSE,STK,13321,INE849L01019,ORTEL,BZ,,,,,ORTEL COMMUNICATIONS LTD,1.71,1.78,1.63,1.74,1.75,1.71,,1.74,,,13807,23814.65,34,F1,1,,,,,
2026-07-15,2026-07-15,CM,NSE,STK,2980,INE749B01020,ORTINGLOBE,BE,,,,,ORTIN GLOBAL LIMITED,15.99,15.99,15.2,15.31,15.5,15.99,,15.33,,,22280,343158.99,104,F1,1,,,,,
2026-07-15,2026-07-15,CM,NSE,STK,25386,INE0RMF01018,OSELDEVICE,SM,,,,,OSEL DEVICES LIMITED,443.05,451.0,437.35,439.95,441.0,443.0,,439.95,,,14600,6498930.0,64,F1,200,,,,,
2026-07-15,2026-07-15,CM,NSE,STK,12643,INE06IR01021,OSIAHYPER,BE,,,,,OSIA HYPER RETAIL LIMITED,3.07,3.17,3.06,3.11,3.15,3.08,,3.11,,,206419,640917.89,278,F1,1,,,,,
2026-07-15,2026-07-15,CM,NSE,STK,5362,INE142A01012,OSWALAGRO,BE,,,,,OSWAL AGRO MILLS LTD,40.51,41.0,40.18,40.38,40.5,40.64,,40.37,,,12106,488470.13,81,F1,1,,,,,
2026-07-15,2026-07-15,CM,NSE,STK,471,INE143A01010,OSWALGREEN,EQ,,,,,OSWAL GREENTECH LIMITED,22.19,22.19,21.69,21.98,21.93,21.88,,22.01,,,73110,1607394.48,626,F1,1,,,,,
2026-07-15,2026-07-15,CM,NSE,STK,756802,INE0BYP01024,OSWALPUMPS,EQ,,,,,OSWAL PUMPS LIMITED,402.0,408.25,402.0,405.8,405.6,401.25,,405.8,,,366270,148791812.95,5068,F1,1,,,,,
2026-07-15,2026-07-15,CM,NSE,STK,22914,INE0R8M01017,OWAIS,ST,,,,,OWAIS METAL & MINERAL,103.05,105.7,102.5,104.0,104.0,105.4,,104.0,,,3700,383520.0,20,F1,100,,,,,
2026-07-15,2026-07-15,CM,NSE,STK,25312,INE953R01016,PNGJL,EQ,,,,,P N GADGIL JEWELLERS LTD,594.9,604.55,591.4,595.45,596.65,593.3,,595.5,,,269203,160908229.4,10335,F1,1,,,,,
2026-07-15,2026-07-15,CM,NSE,STK,29665,INE0XUS01012,PSRAJ,ST,,,,,P S RAJ STEELS LIMITED,410.0,410.0,401.2,401.2,401.2,411.5,,401.2,,,1000,405600.0,2,F1,500,,,,,
2026-07-15,2026-07-15,CM,NSE,STK,2535,INE179A01014,PGHH,EQ,,,,,P&G HYGIENE & HEALTH CARE,8900.0,8900.0,8808.5,8822.0,8825.0,8877.0,,8822.0,,,6843,60445028.0,2001,F1,1,,,,,
2026-07-15,2026-07-15,CM,NSE,STK,759342,INE0S3G01027,PACEDIGITK,EQ,,,,,PACE DIGITEK LIMITED,206.2,210.15,206.2,207.78,208.0,204.5,,207.77,,,1128649,235051241.71,10752,F1,1,,,,,
2026-07-15,2026-07-15,CM,NSE,STK,14413,INE761H01022,PAGEIND,EQ,,,,,PAGE INDUSTRIES LTD,40600.0,40980.0,40105.0,40395.0,40500.0,40530.0,,40395.0,,,24410,986797715.0,8909,F1,1,,,,,
2026-07-15,2026-07-15,CM,NSE,STK,25468,INE420C01059,PAISALO,EQ,,,,,PAISALO DIGITAL LIMITED,72.99,74.2,70.52,72.03,71.9,72.45,,72.04,,,25924110,1891933584.18,44132,F1,1,,,,,
2026-07-15,2026-07-15,CM,NSE,STK,17197,INE551D01018,PAKKA,EQ,,,,,PAKKA LIMITED,75.25,75.25,72.5,72.93,72.75,73.82,,72.93,,,33917,2478387.33,1171,F1,1,,,,,
2026-07-15,2026-07-15,CM,NSE,STK,21383,INE471W01019,PALASHSECU,EQ,,,,,PALASH SECURITIES LTD,93.39,93.39,89.32,89.45,89.89,91.01,,89.69,,,1017,92833.16,230,F1,1,,,,,
2026-07-15,2026-07-15,CM,NSE,STK,17059,INE218G01033,PALREDTEC,BE,,,,,PALRED TECHNOLOGIES LTD,51.58,51.58,51.58,51.58,51.58,52.63,,53.35,,,365,18826.7,12,F1,1,,,,,
2026-07-15,2026-07-15,CM,NSE,STK,4055,INE922B01023,PANACEABIO,EQ,,,,,PANACEA BIOTEC LTD,544.0,550.7,537.1,538.3,539.55,537.55,,538.3,,,64755,35139424.5,2714,F1,1,,,,,
2026-07-15,2026-07-15,CM,NSE,STK,16292,INE895W01019,PANACHE,EQ,,,,,PANACHE DIGILIFE LIMITED,448.5,451.45,435.2,439.4,439.95,447.95,,439.4,,,15244,6750099.0,521,F1,1,,,,,
2026-07-15,2026-07-15,CM,NSE,STK,25392,INE305C01029,PANAMAPET,EQ,,,,,PANAMA PETROCHEM LTD,420.65,434.95,420.65,424.7,426.0,417.1,,424.7,,,168243,72125817.2,3859,F1,1,,,,,
2026-07-15,2026-07-15,CM,NSE,STK,6141,INE697V01011,PANSARI,EQ,,,,,PANSARI DEVELOPERS LTD,356.1,364.4,350.0,362.65,362.4,363.4,,362.65,,,7105,2535805.4,462,F1,1,,,,,
2026-07-15,2026-07-15,CM,NSE,STK,5631,INE04LG01015,PAR,EQ,,,,,PAR DRUGS AND CHEM LTD,93.85,107.9,89.36,102.26,102.51,91.35,,102.26,,,257652,26535171.8,3443,F1,1,,,,,
2026-07-15,2026-07-15,CM,NSE,STK,9741,INE088F01024,PARADEEP,EQ,,,,,PARADEEP PHOSPHATES LTD,142.0,143.6,140.6,141.66,141.0,141.48,,141.65,,,3366970,478036606.36,57140,F1,1,,,,,
2026-07-15,2026-07-15,CM,NSE,STK,17130,INE883N01014,PARAGMILK,EQ,,,,,PARAG MILK FOODS LTD.,225.9,227.79,223.41,223.99,224.3,224.04,,223.99,,,233805,52635869.88,4889,F1,1,,,,,
2026-07-15,2026-07-15,CM,NSE,STK,13951,INE074B01023,PARACABLES,EQ,,,,,PARAMOUNT COMM LTD,66.66,67.5,64.95,65.32,65.7,65.2,,65.31,,,1019894,67526792.46,6086,F1,1,,,,,
2026-07-15,2026-07-15,CM,NSE,STK,25720,INE0TG801013,PARAMOUNT,ST,,,,,PARAMOUNT DYE TEC LIMITED,36.25,36.25,36.25,36.25,36.25,36.05,,36.25,,,3600,130500.0,2,F1,1200,,,,,
2026-07-15,2026-07-15,CM,NSE,STK,5911,INE045601023,PARAS,EQ,,,,,PARAS DEF AND SPCE TECH L,1218.0,1239.5,1206.1,1216.9,1214.4,1202.3,,1216.9,,,1070038,1308931273.2,34269,F1,1,,,,,
2026-07-15,2026-07-15,CM,NSE,STK,3972,INE162C01024,PARASPETRO,EQ,,,,,PARAS PETROFILS LTD.,2.18,2.18,2.0,2.04,2.06,2.04,,2.04,,,349862,719285.24,276,F1,1,,,,,
2026-07-15,2026-07-15,CM,NSE,STK,5460,INE00U801010,PARIN,SM,,,,,PARIN ENTERPRISES LIMITED,693.05,727.0,692.0,724.95,725.0,724.8,,724.95,,,11500,8058237.5,12,F1,250,,,,,
2026-07-15,2026-07-15,CM,NSE,STK,760351,INE119201023,PARKHOSPS,EQ,,,,,PARK MEDI WORLD LIMITED,287.8,294.75,287.25,291.05,291.0,286.55,,291.05,,,1280268,374163759.0,16895,F1,1,,,,,
2026-07-15,2026-07-15,CM,NSE,STK,22649,INE988S01028,PARKHOTELS,EQ,,,,,PARKHOTELS,132.17,134.42,129.21,129.67,130.0,132.17,,129.68,,,213509,28004782.71,2625,F1,1,,,,,
2026-07-15,2026-07-15,CM,NSE,STK,13795,INE561H01026,PARSVNATH,BE,,,,,PARSVNATH DEVELOPER LTD,2.22,2.22,2.22,2.22,2.22,2.26,,2.22,,,171869,381549.18,138,F1,1,,,,,
2026-07-15,2026-07-15,CM,NSE,STK,758220,INE1H7V01011,PARTH,ST,,,,,PARTH ELEC & ENG LTD,438.0,438.0,416.1,416.85,416.1,438.0,,416.85,,,9600,4012620.0,13,F1,400,,,,,
2026-07-15,2026-07-15,CM,NSE,STK,2599,INE06ZX01015,PARTYCRUS,SM,,,,,PARTY CRUISERS LIMITED,85.0,85.0,84.0,84.0,84.0,85.0,,84.0,,,4000,339000.0,3,F1,1000,,,,,
2026-07-15,2026-07-15,CM,NSE,STK,757955,INE124Y01028,PASHUPATI,EQ,,,,,PASHUPATI COTSPIN LIMITED,88.94,89.85,86.5,87.03,86.6,87.52,,87.04,,,36857,3220867.94,1299,F1,1,,,,,
2026-07-15,2026-07-15,CM,NSE,STK,6048,INE818B01023,PASUPTAC,BE,,,,,PASUPATI ACRYLON LIMITED,61.23,61.25,59.3,59.75,60.14,60.41,,59.6,,,41075,2462611.2,251,F1,1,,,,,
2026-07-15,2026-07-15,CM,NSE,STK,17029,INE619A01035,PATANJALI,EQ,,,,,PATANJALI FOODS LIMITED,407.5,408.75,328.2,347.9,347.5,407.55,,347.95,,,81422871,28578838967.55,556745,F1,1,,,,,
2026-07-15,2026-07-15,CM,NSE,STK,758732,INE244B07243,1025PATE28,N0,,,,,PATE 10.25% 2028,99600.0,99600.0,99600.0,99600.0,99600.0,99455.55,,99600.0,,,1,99600.0,1,F1,1,,,,,
2026-07-15,2026-07-15,CM,NSE,STK,11699,INE244B01030,PATELENG,EQ,,,,,PATEL ENGINEERING LTD.,30.61,31.78,30.61,30.99,31.0,30.61,,30.99,,,3443810,107188209.57,10424,F1,1,,,,,
2026-07-15,2026-07-15,CM,NSE,STK,15223,INE529D01014,PATINTLOG,BE,,,,,PATEL INT. LOG. LTD,15.29,15.29,14.8,14.82,15.09,15.29,,14.84,,,39179,588263.41,201,F1,1,,,,,
2026-07-15,2026-07-15,CM,NSE,STK,759439,INE0R8B01010,PATELRMART,EQ,,,,,PATEL RETAIL LIMITED,227.08,228.19,224.0,224.65,224.0,225.27,,224.62,,,79435,17950163.55,2136,F1,1,,,,,
2026-07-15,2026-07-15,CM,NSE,STK,756966,INE17GV01016,PATILAUTOM,ST,,,,,PATIL AUTOMATION LIMITED,187.2,191.0,187.2,190.05,190.0,191.05,,190.05,,,30000,5705190.0,31,F1,600,,,,,
2026-07-15,2026-07-15,CM,NSE,STK,762834,INE291E01019,PML,EQ,,,,,PAUL MERCHANTS LTD.,480.0,485.0,475.0,482.45,477.05,480.0,,481.85,,,202,96752.3,27,F1,1,,,,,
2026-07-15,2026-07-15,CM,NSE,STK,759969,INE111F01024,PAUSHAKLTD,EQ,,,,,PAUSHAK LIMITED,548.0,574.9,548.0,566.0,562.0,550.7,,565.7,,,25203,14148181.55,1554,F1,1,,,,,
2026-07-15,2026-07-15,CM,NSE,STK,16201,INE07S101038,PAVNAIND,BE,,,,,PAVNA INDUSTRIES LIMITED,17.68,17.68,16.98,17.0,17.0,17.32,,17.0,,,62276,1067636.45,110,F1,1,,,,,
2026-07-15,2026-07-15,CM,NSE,STK,6656,INE417T01026,POLICYBZR,EQ,,,,,PB FINTECH LIMITED,1575.0,1620.9,1571.6,1610.8,1614.0,1566.9,,1610.8,,,1935512,3114136041.0,48138,F1,1,,,,,
2026-07-15,2026-07-15,CM,NSE,STK,29124,INE785M01021,PCJEWELLER,EQ,,,,,PC JEWELLER LTD,10.02,10.85,9.85,10.57,10.61,9.86,,10.57,,,937979234,9860159617.08,429586,F1,1,,,,,
2026-07-15,2026-07-15,CM,NSE,STK,2649,INE602A01031,PCBL,EQ,,,,,PCBL CHEMICAL LIMITED,320.0,323.75,314.5,317.0,317.85,318.9,,317.0,,,506540,161642371.35,11270,F1,1,,,,,
2026-07-15,2026-07-15,CM,NSE,STK,5264,INE111Q01021,PDSL,EQ,,,,,PDS LIMITED,395.0,404.9,374.0,377.2,374.5,382.25,,377.2,,,1713238,664221496.15,37460,F1,1,,,,,
2026-07-15,2026-07-15,CM,NSE,STK,14260,INE940H01022,PGIL,EQ,,,,,PEARL GLOBAL IND LIMITED,1998.7,2050.0,1963.0,2038.6,2040.0,1997.3,,2038.6,,,147437,297179282.0,20441,F1,1,,,,,
2026-07-15,2026-07-15,CM,NSE,STK,8188,INE844A01013,PEARLPOLY,BE,,,,,PEARL POLYMERS LTD,18.2,18.2,16.83,17.49,17.49,17.35,,17.41,,,5596,95482.05,47,F1,1,,,,,
2026-07-15,2026-07-15,CM,NSE,STK,25408,INE0VG601013,PELATRO,SM,,,,,PELATRO LIMITED,252.0,252.3,250.2,252.0,252.0,250.4,,252.0,,,8100,2039595.0,20,F1,300,,,,,
2026-07-15,2026-07-15,CM,NSE,STK,5358,INE138A01028,PENINLAND,BE,,,,,PENINSULA LAND LIMITED,18.9,18.9,18.5,18.5,18.5,18.87,,18.36,,,173716,3254292.0,124,F1,1,,,,,
2026-07-15,2026-07-15,CM,NSE,STK,20621,INE932A01024,PENIND,EQ,,,,,PENNAR INDUSTRIES LTD,174.2,175.18,168.53,169.47,169.3,172.63,,169.47,,,448155,76629334.76,6196,F1,1,,,,,
2026-07-15,2026-07-15,CM,NSE,STK,17132,INE0ORS01017,PENTAGON,SM,,,,,PENTAGON RUBBER LIMITED,52.65,53.95,52.0,53.15,53.95,52.65,,53.15,,,8000,422200.0,8,F1,1000,,,,,
2026-07-15,2026-07-15,CM,NSE,STK,758121,INE925S01012,PERFECT,SZ,,,,,PERFECT INFRAENGINEER LTD,3.05,3.05,3.05,3.05,3.05,2.95,,3.05,,,6000,18300.0,2,F1,3000,,,,,
2026-07-15,2026-07-15,CM,NSE,STK,18365,INE262H01021,PERSISTENT,EQ,,,,,PERSISTENT SYSTEMS LTD,5080.0,5172.9,5012.9,5075.8,5080.8,5129.1,,5075.8,,,516067,2627607124.6,42848,F1,1,,,,,
2026-07-15,2026-07-15,CM,NSE,STK,24290,INE998U01015,PCCL,SM,,,,,PETRO CARBON AND CHEMI L,252.0,252.1,252.0,252.0,252.0,251.0,,252.0,,,3600,907240.0,9,F1,400,,,,,
2026-07-15,2026-07-15,CM,NSE,STK,11351,INE347G01014,PETRONET,EQ,,,,,PETRONET LNG LIMITED,276.05,280.95,276.05,278.4,279.0,276.05,,278.4,,,2220213,620944304.85,23655,F1,1,,,,,
2026-07-15,2026-07-15,CM,NSE,STK,760824,INE134E07DJ3,PFCL41A,NE,,,,,PFCL 0% 2041 SR V,955.0,955.0,955.0,955.0,955.0,955.0,,955.0,,,10,9550.0,1,F1,1,,,,,
2026-07-15,2026-07-15,CM,NSE,STK,760801,INE134E07DP0,7PFCL31,N3,,,,,PFCL 7.00% 2031 SR I,994.0,994.0,994.0,994.0,994.0,994.0,,994.0,,,220,218680.0,4,F1,1,,,,,
2026-07-15,2026-07-15,CM,NSE,STK,760804,INE134E07DO3,720PFCL36,N6,,,,,PFCL 7.20% 2036 SR II,1020.95,1020.95,1020.95,1020.95,1020.95,1021.0,,1020.95,,,95,96990.25,3,F1,1,,,,,
2026-07-15,2026-07-15,CM,NSE,STK,760810,INE134E07DU0,730PFCL41,NC,,,,,PFCL 7.30% 2041 SR IV,996.0,996.0,975.0,975.0,975.0,996.0,,975.0,,,140,138810.0,4,F1,1,,,,,
2026-07-15,2026-07-15,CM,NSE,STK,2643,INE182A01018,PFIZER,EQ,,,,,PFIZER LTD,4688.9,4770.0,4684.0,4704.5,4710.0,4664.6,,4704.6,,,19916,93939413.5,6329,F1,1,,,,,
2026-07-15,2026-07-15,CM,NSE,STK,25358,INE457L01029,PGEL,EQ,,,,,PG ELECTROPLAST LTD,603.4,610.5,593.5,599.75,599.0,601.1,,599.75,,,2088442,1256020477.6,35001,F1,1,,,,,
2026-07-15,2026-07-15,CM,NSE,STK,11612,INE0MLZ01019,PHANTOMFX,SM,,,,,PHANTOM DIGITAL EFF LTD,193.0,193.0,186.95,187.25,187.5,189.65,,187.25,,,13800,2608965.0,39,F1,300,,,,,
2026-07-15,2026-07-15,CM,NSE,STK,759723,INE0LP301011,PWL,EQ,,,,,PHYSICSWALLAH LIMITED,143.9,143.99,136.18,136.87,137.55,142.56,,136.87,,,6439461,894887929.03,38744,F1,1,,,,,
2026-07-15,2026-07-15,CM,NSE,STK,24184,INE603J01030,PIIND,EQ,,,,,PI INDUSTRIES LTD,2556.0,2635.0,2548.6,2619.3,2634.9,2537.2,,2619.5,,,200162,521277374.5,15364,F1,1,,,,,
2026-07-15,2026-07-15,CM,NSE,STK,757754,INE546C01010,PICCADIL,EQ,,,,,PICCADILY AGRO INDUSTRI L,716.55,734.65,716.55,727.65,726.95,716.55,,727.7,,,212256,154331156.9,11789,F1,1,,,,,
2026-07-15,2026-07-15,CM,NSE,STK,24791,INE0YAL01017,PPSL,ST,,,,,PICTUREPOST STUDIOS LTD,2.55,2.6,2.4,2.4,2.4,2.5,,2.4,,,465000,1140900.0,83,F1,3000,,,,,
2026-07-15,2026-07-15,CM,NSE,STK,2664,INE318A01026,PIDILITIND,EQ,,,,,PIDILITE INDUSTRIES LTD,1570.0,1597.3,1566.0,1568.8,1566.0,1555.4,,1568.8,,,1092354,1727856733.4,53326,F1,1,,,,,
2026-07-15,2026-07-15,CM,NSE,STK,30838,INE600A01035,PILITA,BE,,,,,PIL ITALICA LIFESTYLE LTD,9.3,9.3,8.74,9.06,9.05,9.0,,9.06,,,44376,406613.37,81,F1,1,,,,,
2026-07-15,2026-07-15,CM,NSE,STK,11445,INE417C01014,PILANIINVS,EQ,,,,,PILANI INV & IND COR LTD,4396.1,4420.2,4360.0,4361.4,4360.0,4362.4,,4361.5,,,1152,5054842.8,119,F1,1,,,,,
2026-07-15,2026-07-15,CM,NSE,STK,759820,INE15B701018,PINELABS,EQ,,,,,PINE LABS LIMITED,157.62,163.99,156.14,157.25,157.75,156.92,,157.25,,,25173173,4031354337.39,102766,F1,1,,,,,
2026-07-15,2026-07-15,CM,NSE,STK,13463,INE156C01018,PIONEEREMB,EQ,,,,,PIONEER EMBROIDERIES LTD,22.67,23.22,22.45,22.54,22.54,22.75,,22.57,,,2262,51305.8,68,F1,1,,,,,
2026-07-15,2026-07-15,CM,NSE,STK,762829,INE746D01014,PIONRINV,EQ,,,,,PIONEER INVESTCORP LTD.,78.2,81.04,77.01,78.08,78.0,79.18,,78.11,,,5800,454942.26,84,F1,1,,,,,
2026-07-15,2026-07-15,CM,NSE,STK,759551,INE202B01038,PIRAMALFIN,EQ,,,,,PIRAMAL FINANCE LIMITED,2174.7,2201.0,2153.2,2170.0,2168.0,2152.9,,2170.0,,,1180757,2578176501.8,34451,F1,1,,,,,
2026-07-15,2026-07-15,CM,NSE,STK,11571,INE0DK501011,PPLPHARMA,EQ,,,,,PIRAMAL PHARMA LIMITED,172.75,174.33,170.61,171.66,171.81,171.93,,171.66,,,2109729,363484268.4,21578,F1,1,,,,,
2026-07-15,2026-07-15,CM,NSE,STK,14134,INE450D01021,PITTIENG,EQ,,,,,PITTI ENGINEERING LIMITED,965.3,966.6,949.1,954.6,949.1,958.4,,954.65,,,15901,15258762.15,3133,F1,1,,,,,
2026-07-15,2026-07-15,CM,NSE,STK,9087,INE751B01018,PIXTRANS,EQ,,,,,PIX TRANSMISSIONS LIMITED,1846.3,1922.5,1824.5,1911.8,1920.0,1837.2,,1911.8,,,95300,180092692.7,8419,F1,1,,,,,
2026-07-15,2026-07-15,CM,NSE,STK,13920,INE083C01022,PLASTIBLEN,EQ,,,,,PLASTIBLENDS INDIA LTD,198.0,201.78,192.3,196.77,197.85,199.82,,196.77,,,171480,33591916.63,3550,F1,1,,,,,
2026-07-15,2026-07-15,CM,NSE,STK,22930,INE0PT501018,PLATIND,EQ,,,,,PLATINUM INDUSTRIES LTD,227.74,230.7,225.0,226.27,226.01,227.74,,226.3,,,34838,7918867.5,1389,F1,1,,,,,
2026-07-15,2026-07-15,CM,NSE,STK,19461,INE0INJ01017,PLAZACABLE,BE,,,,,PLAZA WIRES LIMITED,42.6,43.48,42.5,42.57,42.55,43.04,,42.57,,,24995,1069446.51,245,F1,1,,,,,
2026-07-15,2026-07-15,CM,NSE,STK,8736,INE859A01011,PNBGILTS,EQ,,,,,PNB GILTS LIMITED,88.5,88.82,87.14,87.6,87.95,88.35,,87.59,,,255673,22484374.91,2192,F1,1,,,,,
2026-07-15,2026-07-15,CM,NSE,STK,18908,INE572E01012,PNBHOUSING,EQ,,,,,PNB HOUSING FIN LTD.,1097.9,1119.8,1097.4,1104.1,1104.5,1095.5,,1104.1,,,509486,564107979.9,28351,F1,1,,,,,
2026-07-15,2026-07-15,CM,NSE,STK,9385,INE195J01029,PNCINFRA,EQ,,,,,PNC INFRATECH LTD.,244.53,246.43,240.58,244.9,244.8,244.53,,244.9,,,401162,97649263.45,10695,F1,1,,,,,
2026-07-15,2026-07-15,CM,NSE,STK,760242,INE1RDG01013,PNGSREVA,EQ,,,,,PNGS REVA DIAMOND JEWEL L,407.2,413.0,400.0,405.3,406.9,408.55,,405.25,,,51499,20891857.65,1853,F1,1,,,,,
2026-07-15,2026-07-15,CM,NSE,STK,19036,INE371C01013,PODDARMENT,EQ,,,,,PODDAR PIGMENTS LIMITED,238.0,241.94,234.82,235.92,235.07,235.52,,235.92,,,715,169020.92,31,F1,1,,,,,
2026-07-15,2026-07-15,CM,NSE,STK,17651,INE637C01025,POKARNA,EQ,,,,,POKARNA LIMITED,1020.7,1027.5,997.0,1003.2,1000.0,1019.1,,1003.2,,,24091,24330972.5,2065,F1,1,,,,,
2026-07-15,2026-07-15,CM,NSE,STK,25718,INE205C01021,POLYMED,EQ,,,,,POLY MEDICURE LIMITED,1673.0,1734.9,1664.1,1715.6,1729.0,1664.4,,1715.6,,,146464,248693836.9,9812,F1,1,,,,,
2026-07-15,2026-07-15,CM,NSE,STK,9590,INE455K01017,POLYCAB,EQ,,,,,POLYCAB INDIA LIMITED,9514.0,9632.5,9292.0,9324.5,9300.0,9532.5,,9324.5,,,414572,3901458515.0,52517,F1,1,,,,,
2026-07-15,2026-07-15,CM,NSE,STK,2687,INE633B01018,POLYPLEX,EQ,,,,,POLYPLEX CORPORATION LTD,1062.7,1077.5,1051.5,1069.5,1066.05,1062.7,,1069.5,,,55073,58460903.45,3445,F1,1,,,,,
2026-07-15,2026-07-15,CM,NSE,STK,22711,INE517M01028,POLYSIL,SM,,,,,POLYSIL IRRIGATION SYST L,114.5,114.5,111.0,111.5,114.5,111.0,,111.5,,,7500,846325.0,10,F1,500,,,,,
2026-07-15,2026-07-15,CM,NSE,STK,14385,INE063E01053,POCL,EQ,,,,,PONDY OXIDES & CHEM LTD,1397.0,1431.8,1390.4,1402.9,1413.2,1392.5,,1402.9,,,224876,317668713.6,14377,F1,1,,,,,
2026-07-15,2026-07-15,CM,NSE,STK,10661,INE838E01017,PONNIERODE,EQ,,,,,PONNIE SUGARS (ERODE) LTD,330.2,333.85,321.0,321.4,322.9,325.3,,321.35,,,4938,1602309.8,440,F1,1,,,,,
2026-07-15,2026-07-15,CM,NSE,STK,11403,INE511C01022,POONAWALLA,EQ,,,,,POONAWALLA FINCORP LTD,470.95,483.45,470.95,475.55,475.0,469.25,,475.55,,,866281,414138118.8,18672,F1,1,,,,,
2026-07-15,2026-07-15,CM,NSE,STK,23142,INE772T01024,PVSL,EQ,,,,,POPULAR VEHICLES N SER L,94.78,104.0,92.26,98.41,98.1,93.64,,98.41,,,231621,23162844.55,3919,F1,1,,,,,
2026-07-15,2026-07-15,CM,NSE,STK,24867,INE0S3H01017,POSITRON,ST,,,,,POSITRON ENERGY LIMITED,180.05,189.05,180.05,184.8,183.0,180.05,,184.8,,,6000,1110990.0,19,F1,300,,,,,
2026-07-15,2026-07-15,CM,NSE,STK,14299,INE134E01011,PFC,EQ,,,,,POWER FIN CORP LTD.,412.75,412.85,404.65,405.65,405.25,409.15,,405.65,,,6011087,2451068553.8,68111,F1,1,,,,,
2026-07-15,2026-07-15,CM,NSE,STK,14977,INE752E01010,POWERGRID,EQ,,,,,POWER GRID CORP. LTD.,285.9,286.8,278.9,280.7,280.8,286.15,,280.7,,,9907688,2790124824.9,84190,F1,1,,,,,
2026-07-15,2026-07-15,CM,NSE,STK,15716,INE557Z01018,PIGL,EQ,,,,,POWER INSTRUMENT (G) LTD,110.87,119.46,107.93,115.11,115.43,110.08,,115.13,,,304501,34961227.57,3608,F1,1,,,,,
2026-07-15,2026-07-15,CM,NSE,STK,10473,INE211R01019,POWERMECH,EQ,,,,,POWER MECH PROJECTS LTD.,2592.1,2620.8,2548.6,2565.7,2572.0,2590.3,,2565.6,,,52581,135205961.2,9546,F1,1,,,,,
2026-07-15,2026-07-15,CM,NSE,STK,3494,INE0GGX23010,PGINVIT,IV,,,,,POWERGRID INFRA. INVITS,97.07,97.3,96.81,96.89,96.95,96.95,,96.89,,,1271750,123332160.04,5645,F1,1,,,,,
2026-07-15,2026-07-15,CM,NSE,STK,761680,INE921L01032,POWERICA,EQ,,,,,POWERICA LIMITED,569.9,579.9,565.3,574.25,577.95,567.6,,574.3,,,261319,149747226.9,8301,F1,1,,,,,
2026-07-15,2026-07-15,CM,NSE,STK,15213,INE095I01015,PPAP,BE,,,,,PPAP AUTOMOTIVE LIMITED,338.02,345.0,321.12,328.54,325.0,338.02,,329.96,,,75155,24780889.6,983,F1,1,,,,,
2026-07-15,2026-07-15,CM,NSE,STK,30134,INE0I0M01023,PRABHA,EQ,,,,,PRABHA ENERGY LIMITED,150.25,152.99,148.0,148.73,148.0,150.23,,148.73,,,10160,1519171.3,233,F1,1,,,,,
2026-07-15,2026-07-15,CM,NSE,STK,762842,INE770A01010,PRADPME,BE,,,,,PRADEEP METALS LTD.,481.1,502.0,481.1,499.75,501.9,490.65,,499.45,,,5920,2940283.65,67,F1,1,,,,,
2026-07-15,2026-07-15,CM,NSE,STK,2705,INE074A01025,PRAJIND,EQ,,,,,PRAJ INDUSTRIES LTD,353.0,358.8,351.45,352.75,352.05,351.7,,352.75,,,373531,132500214.95,15303,F1,1,,,,,
2026-07-15,2026-07-15,CM,NSE,STK,13941,INE505C01016,PRAENG,EQ,,,,,PRAJAY ENG. SYN. LTD.,19.29,19.59,18.9,19.14,19.01,18.98,,19.17,,,11665,223502.57,65,F1,1,,,,,
2026-07-15,2026-07-15,CM,NSE,STK,2708,INE603A01013,PRAKASH,EQ,,,,,PRAKASH INDUSTRIES LTD,128.99,129.99,126.32,127.64,127.06,127.58,,127.64,,,246746,31614350.3,2683,F1,1,,,,,
2026-07-15,2026-07-15,CM,NSE,STK,10299,INE050001010,PPL,BE,,,,,PRAKASH PIPES LIMITED,266.3,275.0,261.0,269.6,269.5,266.6,,270.45,,,19013,5087829.6,345,F1,1,,,,,
2026-07-15,2026-07-15,CM,NSE,STK,19599,INE696K01024,PRAKASHSTL,EQ,,,,,PRAKASH STEELAGE LTD,4.08,4.14,4.02,4.05,4.05,4.08,,4.05,,,119263,484396.55,309,F1,1,,,,,
2026-07-15,2026-07-15,CM,NSE,STK,18514,INE0O7A01017,PRAMARA,SM,,,,,PRAMARA PROMOTIONS LTD,138.6,141.75,136.25,138.7,138.05,136.2,,138.7,,,39500,5490300.0,42,F1,500,,,,,
2026-07-15,2026-07-15,CM,NSE,STK,25818,INE0VJG01014,PRANIK,SM,,,,,PRANIK LOGISTICS LIMITED,42.35,45.0,42.35,45.0,45.0,43.0,,45.0,,,51200,2299760.0,2,F1,1600,,,,,
2026-07-15,2026-07-15,CM,NSE,STK,21840,INE393P01035,DIAMONDYD,EQ,,,,,PRATAAP SNACKS LIMITED,1198.6,1198.7,1171.8,1181.3,1180.0,1195.8,,1181.3,,,8882,10517589.0,809,F1,1,,,,,
2026-07-15,2026-07-15,CM,NSE,STK,23113,INE0QA601016,PRATHAM,SM,,,,,PRATHAM EPC PROJECTS LTD,116.1,120.0,116.1,120.0,120.0,116.1,,120.0,,,3600,428840.0,6,F1,400,,,,,
2026-07-15,2026-07-15,CM,NSE,STK,762844,INE722B01019,PRAVEG,EQ,,,,,PRAVEG LTD.,236.68,256.0,236.68,252.73,253.99,236.87,,252.61,,,125961,31380392.45,4376,F1,1,,,,,
2026-07-15,2026-07-15,CM,NSE,STK,1216,INE546Y01022,PRAXIS,BE,,,,,PRAXIS HOME RETAIL LTD,7.28,7.5,7.1,7.41,7.42,7.3,,7.41,,,25835,190721.43,56,F1,1,,,,,
2026-07-15,2026-07-15,CM,NSE,STK,12603,INE484I01029,PRECAM,EQ,,,,,PRECISION CAMSHAFTS LTD.,144.89,146.5,142.31,142.87,143.9,144.35,,142.88,,,94615,13614416.43,1708,F1,1,,,,,
2026-07-15,2026-07-15,CM,NSE,STK,7950,INE0HKW01018,PRECISION,SM,,,,,PRECISION METALIKS LTD,6.2,6.5,6.2,6.4,6.4,6.2,,6.4,,,52000,333500.0,18,F1,2000,,,,,
2026-07-15,2026-07-15,CM,NSE,STK,2717,INE372C01037,PRECWIRE,EQ,,,,,PRECISION WIRES INDIA LTD,384.0,388.15,380.0,383.75,385.1,379.2,,383.75,,,112230,43143817.75,5062,F1,1,,,,,
2026-07-15,2026-07-15,CM,NSE,STK,2711,INE283A01014,PRECOT,EQ,,,,,PRECOT LIMITED,795.05,827.95,795.05,818.45,821.4,795.0,,818.45,,,3369,2747310.25,315,F1,1,,,,,
2026-07-15,2026-07-15,CM,NSE,STK,762849,INE001E01012,PREMCO,EQ,,,,,PREMCO GLOBAL LTD.,370.35,374.7,365.3,368.95,374.7,370.35,,372.5,,,384,140881.8,39,F1,1,,,,,
2026-07-15,2026-07-15,CM,NSE,STK,25049,INE0BS701011,PREMIERENE,EQ,,,,,PREMIER ENERGIES LIMITED,1105.0,1111.0,1087.5,1090.7,1089.0,1100.9,,1090.7,,,922550,1013880586.5,27115,F1,1,,,,,
2026-07-15,2026-07-15,CM,NSE,STK,17397,INE863B01029,PREMEXPLN,EQ,,,,,PREMIER EXPLOSIVES LTD,669.2,679.8,667.0,671.5,670.0,668.0,,671.55,,,362258,243181451.3,6069,F1,1,,,,,
2026-07-15,2026-07-15,CM,NSE,STK,6248,INE342A01018,PREMIER,BE,,,,,PREMIER LIMITED,2.97,2.97,2.83,2.9,2.9,2.96,,2.96,,,2283,6560.82,32,F1,1,,,,,
2026-07-15,2026-07-15,CM,NSE,STK,3908,INE309M01020,PREMIERPOL,EQ,,,,,PREMIER POLYFILM LTD,64.77,67.54,63.62,67.2,67.0,63.41,,67.2,,,415090,27529176.2,3047,F1,1,,,,,
2026-07-15,2026-07-15,CM,NSE,STK,23764,INE0CFG01012,PRLIND,SM,,,,,PREMIER ROADLINES LIMITED,46.1,46.2,46.0,46.0,46.0,46.15,,46.0,,,5000,230400.0,5,F1,1000,,,,,
2026-07-15,2026-07-15,CM,NSE,STK,20498,INE0R1601012,PRESSTONIC,SM,,,,,PRESSTONIC ENGINEERING L,26.8,27.6,25.6,25.7,25.8,25.65,,25.7,,,53600,1421480.0,56,F1,800,,,,,
2026-07-15,2026-07-15,CM,NSE,STK,20302,INE811K01011,PRESTIGE,EQ,,,,,PRESTIGE ESTATE LTD,1699.1,1716.0,1682.7,1686.0,1685.0,1693.6,,1686.0,,,335239,568134996.7,18260,F1,1,,,,,
2026-07-15,2026-07-15,CM,NSE,STK,19631,INE726V01018,PRICOLLTD,EQ,,,,,PRICOL LIMITED,617.0,625.4,614.4,618.35,617.0,616.6,,618.35,,,287696,178478129.4,15253,F1,1,,,,,
2026-07-15,2026-07-15,CM,NSE,STK,759075,INE0CQA01020,PRIMECAB,ST,,,,,PRIME CABLE INDUSTRIES L,181.55,181.55,181.55,181.55,181.55,172.95,,181.55,,,12800,2323840.0,7,F1,1600,,,,,
2026-07-15,2026-07-15,CM,NSE,STK,13500,INE367G01038,PFOCUS,BE,,,,,PRIME FOCUS LIMITED,273.7,278.0,262.5,264.78,269.0,274.09,,264.77,,,200756,54062251.24,1994,F1,1,,,,,
2026-07-15,2026-07-15,CM,NSE,STK,11864,INE032B01021,PRIMESECU,EQ,,,,,PRIME SECURITIES LIMITED,280.6,284.95,268.65,275.8,277.0,271.25,,275.8,,,81469,22680209.7,1593,F1,1,,,,,
2026-07-15,2026-07-15,CM,NSE,STK,756925,INE607A01022,PRIMO,EQ,,,,,PRIMO CHEMICALS LIMITED,23.76,24.49,23.25,23.87,23.74,23.76,,23.86,,,145551,3457501.24,788,F1,1,,,,,
2026-07-15,2026-07-15,CM,NSE,STK,16045,INE689W01016,PRINCEPIPE,EQ,,,,,PRINCE PIPES FITTINGS LTD,265.4,274.85,265.4,271.05,269.5,267.3,,271.05,,,153434,41578630.9,4847,F1,1,,,,,
2026-07-15,2026-07-15,CM,NSE,STK,2739,INE010A01011,PRSMJOHNSN,EQ,,,,,PRISM JOHNSON LIMITED,112.7,113.1,111.9,112.3,112.0,111.96,,112.25,,,72273,8129498.88,2075,F1,1,,,,,
2026-07-15,2026-07-15,CM,NSE,STK,8310,INE974Z01015,PRITI,BE,,,,,PRITI INTERNATIONAL LTD,39.99,40.4,39.0,39.56,40.0,40.08,,39.56,,,6348,250511.06,65,F1,1,,,,,
2026-07-15,2026-07-15,CM,NSE,STK,5296,INE583R01029,PRITIKAUTO,BE,,,,,PRITIKA AUTO INDUS LTD,18.52,18.88,17.94,17.98,17.94,18.88,,17.97,,,212600,3860348.51,659,F1,1,,,,,
2026-07-15,2026-07-15,CM,NSE,STK,9342,INE392B01011,PNC,EQ,,,,,PRITISH NANDY COMMUNICATI,20.15,20.99,19.08,20.37,20.64,19.79,,20.35,,,147219,2947699.01,825,F1,1,,,,,
2026-07-15,2026-07-15,CM,NSE,STK,8825,INE959A01019,PRIVISCL,EQ,,,,,PRIVI SPECIALITY CHE LTD,3700.5,3711.0,3660.0,3693.1,3710.0,3682.0,,3693.1,,,23987,88400086.3,4125,F1,1,,,,,
2026-07-15,2026-07-15,CM,NSE,STK,24511,INE0V9N01017,PRIZOR,ST,,,,,PRIZOR VIZTECH LIMITED,803.0,805.0,802.5,805.0,805.0,802.5,,805.0,,,9600,7710400.0,17,F1,400,,,,,
2026-07-15,2026-07-15,CM,NSE,STK,940,INE199A01012,PGHL,EQ,,,,,PROCTER & GAMBLE HEALTH L,6975.0,6975.0,6842.0,6867.0,6849.0,6918.5,,6868.0,,,22518,155521748.5,5124,F1,1,,,,,
2026-07-15,2026-07-15,CM,NSE,STK,758173,INE0BX301013,PROSTARM,EQ,,,,,PROSTARM INFO SYSTEMS LTD,130.01,130.31,128.24,129.09,128.88,129.86,,129.08,,,99851,12913389.72,1555,F1,1,,,,,
2026-07-15,2026-07-15,CM,NSE,STK,29472,INE004A01022,PROTEAN,EQ,,,,,PROTEAN EGOV TECHNO LTD,589.8,601.0,587.0,591.05,593.0,589.8,,591.05,,,164934,97889495.95,5474,F1,1,,,,,
2026-07-15,2026-07-15,CM,NSE,STK,16483,INE0ONE01016,PROV,SM,,,,,PROVENTUS AGROCOM LIMITED,1650.0,1650.0,1640.0,1640.0,1640.0,1634.95,,1640.0,,,160,263200.0,2,F1,80,,,,,
2026-07-15,2026-07-15,CM,NSE,STK,28859,INE195N01013,PROZONER,EQ,,,,,PROZONE REALTY LIMITED,42.58,43.59,41.81,42.2,42.01,42.58,,42.2,,,134470,5703454.73,1388,F1,1,,,,,
2026-07-15,2026-07-15,CM,NSE,STK,9553,INE00F201020,PRUDENT,EQ,,,,,PRUDENT CORP ADV SER LTD,2981.0,3011.9,2914.8,2926.6,2940.0,2981.7,,2926.6,,,19381,57318543.1,7421,F1,1,,,,,
2026-07-15,2026-07-15,CM,NSE,STK,20528,INE024D01016,PRUDMOULI,BE,,,,,PRUDENTIAL SUGAR CORPORAT,14.49,14.79,14.01,14.11,14.11,14.43,,14.11,,,3000,43370.8,12,F1,1,,,,,
2026-07-15,2026-07-15,CM,NSE,STK,20877,INE488V01015,PSPPROJECT,EQ,,,,,PSP PROJECTS LIMITED,1074.7,1104.9,1059.2,1081.4,1078.0,1069.4,,1081.5,,,170516,184376179.3,7761,F1,1,,,,,
2026-07-15,2026-07-15,CM,NSE,STK,22602,INE560K01014,PFS,EQ,,,,,PTC INDIA FIN SERV LTD,30.5,30.75,30.1,30.18,30.17,30.57,,30.18,,,320283,9726661.37,1675,F1,1,,,,,
2026-07-15,2026-07-15,CM,NSE,STK,11355,INE877F01012,PTC,EQ,,,,,PTC INDIA LIMITED,173.78,174.42,172.04,173.32,173.1,173.75,,173.32,,,400645,69482739.26,7312,F1,1,,,,,
2026-07-15,2026-07-15,CM,NSE,STK,16682,INE596F01018,PTCIL,EQ,,,,,PTC INDUSTRIES LIMITED,17520.0,17701.0,17500.0,17591.0,17591.0,17532.0,,17591.0,,,7384,130013538.0,2582,F1,1,,,,,
2026-07-15,2026-07-15,CM,NSE,STK,14101,INE034D01049,PTL,EQ,,,,,PTL ENTERPRISES LTD,40.47,40.47,39.57,39.76,39.86,39.65,,39.77,,,23064,919476.81,655,F1,1,,,,,
2026-07-15,2026-07-15,CM,NSE,STK,15377,INE865T01018,PDMJEPAPER,EQ,,,,,PUDUMJEE PAPER PRO. LTD,84.36,85.58,83.11,84.02,84.48,84.36,,83.99,,,50110,4228080.24,1041,F1,1,,,,,
2026-07-15,2026-07-15,CM,NSE,STK,507,INE335X01014,PULZ,SM,,,,,PULZ ELECTRONICS LIMITED,24.9,24.9,24.9,24.9,24.9,23.9,,24.9,,,2000,49800.0,1,F1,2000,,,,,
2026-07-15,2026-07-15,CM,NSE,STK,21001,INE608A01012,PSB,EQ,,,,,PUNJAB & SIND BANK,24.8,25.12,24.42,24.61,24.74,24.81,,24.61,,,1351288,33521744.66,3629,F1,1,,,,,
2026-07-15,2026-07-15,CM,NSE,STK,4344,INE277B01014,PUNJABCHEM,EQ,,,,,PUNJAB CHEM & CROP PROT L,1161.8,1185.0,1142.4,1153.0,1155.0,1159.6,,1153.0,,,9272,10753603.2,1190,F1,1,,,,,
2026-07-15,2026-07-15,CM,NSE,STK,10666,INE160A01022,PNB,EQ,,,,,PUNJAB NATIONAL BANK,105.5,106.93,104.88,105.71,105.72,105.0,,105.71,,,11898610,1261128262.61,39791,F1,1,,,,,
2026-07-15,2026-07-15,CM,NSE,STK,14922,INE323I01011,PURVA,EQ,,,,,PURAVANKARA LIMITED,236.49,241.07,230.5,233.05,232.35,235.08,,233.03,,,482982,113771829.37,11525,F1,1,,,,,
2026-07-15,2026-07-15,CM,NSE,STK,28044,INE0P5R01014,PURPLEUTED,ST,,,,,PURPLE UNITED SALES LTD,427.0,427.5,409.0,422.95,422.95,426.0,,422.95,,,10000,4186737.5,34,F1,250,,,,,
2026-07-15,2026-07-15,CM,NSE,STK,22942,INE0R6C01012,PURVFLEXI,ST,,,,,PURV FLEXIPACK LIMITED,49.7,49.7,48.0,48.0,48.0,48.0,,48.0,,,2400,117360.0,3,F1,800,,,,,
2026-07-15,2026-07-15,CM,NSE,STK,757683,INE154801018,PUSHPA,SM,,,,,PUSHPA JEWELLERS LIMITED,113.2,118.5,113.2,118.2,118.5,112.65,,118.2,,,85000,9947300.0,63,F1,1000,,,,,
2026-07-15,2026-07-15,CM,NSE,STK,4010,INE362A01016,PVP,EQ,,,,,PVP VENTURES LIMITED,28.75,29.89,28.75,29.12,29.1,29.07,,29.11,,,196426,5737180.06,940,F1,1,,,,,
2026-07-15,2026-07-15,CM,NSE,STK,13147,INE191H01014,PVRINOX,EQ,,,,,PVR INOX LIMITED,1004.15,1024.7,1000.4,1007.0,1011.0,1011.45,,1007.0,,,232250,234840730.7,16874,F1,1,,,,,
2026-07-15,2026-07-15,CM,NSE,STK,18250,INE0MIS01010,PYRAMID,EQ,,,,,PYRAMID TECHNOPLAST LTD,164.62,167.78,164.21,165.04,166.0,164.62,,165.02,,,16901,2802016.09,840,F1,1,,,,,
2026-07-15,2026-07-15,CM,NSE,STK,763594,INE1G2W01011,QLINE,SM,,,,,Q-LINE BIOTECH LIMITED,546.0,562.5,543.0,552.4,553.1,539.0,,552.4,,,120000,66441940.0,269,F1,400,,,,,
2026-07-15,2026-07-15,CM,NSE,STK,751607,INE0FMW01018,QMSMEDI,EQ,,,,,QMS MEDICAL ALLIED S LTD,108.4,113.5,105.6,112.14,111.49,107.89,,112.14,,,34128,3781278.01,688,F1,1,,,,,
2026-07-15,2026-07-15,CM,NSE,STK,29087,INE0LRY01011,QUADFUTURE,EQ,,,,,QUADRANT FUTURE TEK LTD,426.7,443.2,422.05,423.9,423.8,422.5,,423.9,,,343704,148880776.15,9454,F1,1,,,,,
2026-07-15,2026-07-15,CM,NSE,STK,29713,INE0SII01026,QPOWER,BE,,,,,QUALITY POWER ELEC EQUP L,1182.0,1240.0,1175.0,1216.2,1212.0,1194.9,,1216.2,,,86018,103807146.5,4295,F1,1,,,,,
2026-07-15,2026-07-15,CM,NSE,STK,15330,INF082J01408,QGOLDHALF,EQ,,,,,QUANTUM GOLD FUND,116.52,117.38,116.24,116.67,116.7,116.21,,116.67,,,163895,19123065.28,677,F1,1,,,,,
2026-07-15,2026-07-15,CM,NSE,STK,16819,INF082J01499,QNIFTY,EQ,,,,,QUANTUM NIFTY 50 ETF,264.61,266.8,264.5,264.8,264.8,264.61,,264.8,,,668,177634.96,45,F1,1,,,,,
2026-07-15,2026-07-15,CM,NSE,STK,17704,INE615P01015,QUESS,EQ,,,,,QUESS CORP LIMITED,292.55,303.35,290.75,293.35,294.9,292.55,,293.35,,,262390,78089515.55,9795,F1,1,,,,,
2026-07-15,2026-07-15,CM,NSE,STK,23793,INE0TNW01017,QUESTLAB,SM,,,,,QUEST LABORATORIES LTD,86.0,90.5,86.0,89.7,90.0,89.15,,89.7,,,12000,1070460.0,10,F1,1200,,,,,
2026-07-15,2026-07-15,CM,NSE,STK,13131,INE306L01010,QUICKHEAL,BE,,,,,QUICK HEAL TECH LTD,168.35,169.0,162.0,164.01,166.47,168.35,,164.27,,,65947,10933329.88,942,F1,1,,,,,
2026-07-15,2026-07-15,CM,NSE,STK,15285,INE0K4D01020,QUICKTOUCH,SM,,,,,QUICKTOUCH TECHNOLOGIES L,23.1,23.35,23.1,23.35,23.35,24.3,,23.35,,,3500,81450.0,4,F1,500,,,,,
2026-07-15,2026-07-15,CM,NSE,STK,762854,INE641R01017,QUINT,EQ,,,,,QUINT DIGITAL LTD.,40.29,40.29,38.16,39.19,39.05,39.5,,39.35,,,3300,132183.45,32,F1,1,,,,,
2026-07-15,2026-07-15,CM,NSE,STK,23043,INE0NQ801033,RKSWAMY,EQ,,,,,R K SWAMY LIMITED,101.0,107.0,100.8,102.03,102.6,102.19,,102.03,,,19036,1952177.99,411,F1,1,,,,,
2026-07-15,2026-07-15,CM,NSE,STK,757834,INE219Y01026,RMDRIP,EQ,,,,,R M DRIP & SPRINK SYS LTD,20.49,20.49,19.62,19.74,19.88,19.78,,19.74,,,1371456,27605425.94,1889,F1,1,,,,,
2026-07-15,2026-07-15,CM,NSE,STK,762864,INE951M01037,RRIL,EQ,,,,,R R I L LTD.,17.88,17.88,17.01,17.26,17.47,17.56,,17.21,,,9406,162347.41,58,F1,1,,,,,
2026-07-15,2026-07-15,CM,NSE,STK,18566,INE777K01022,RRKABEL,EQ,,,,,R R KABEL LIMITED,2355.9,2382.8,2284.0,2291.3,2309.0,2345.3,,2291.3,,,393579,910260576.6,29337,F1,1,,,,,
2026-07-15,2026-07-15,CM,NSE,STK,13414,INE411H01032,RSYSTEMS,EQ,,,,,R SYS INTERNATIONAL LTD,252.0,253.46,248.0,248.65,248.5,252.96,,248.61,,,473691,118586101.84,9229,F1,1,,,,,
2026-07-15,2026-07-15,CM,NSE,STK,758981,INE012Q01039,RNBDENIMS,EQ,,,,,R&B DENIMS LIMITED,10.24,10.24,9.81,9.87,9.9,9.9,,9.87,,,247384,2453790.18,704,F1,1,,,,,
2026-07-15,2026-07-15,CM,NSE,STK,8426,INE165B01029,RSSOFTWARE,BE,,,,,R. S. SOFTWARE (INDIA) LI,34.0,34.5,33.83,33.85,33.85,34.0,,33.83,,,6555,222700.0,31,F1,1,,,,,
2026-07-15,2026-07-15,CM,NSE,STK,20760,INE324L01013,RPPINFRA,EQ,,,,,R.P.P INFRA PROJECTS LTD,65.7,66.01,64.51,64.92,65.0,64.72,,64.9,,,14392,935961.13,361,F1,1,,,,,
2026-07-15,2026-07-15,CM,NSE,STK,762244,INE2PB023011,RIIT,IV,,,,,RAAJMARG INFRA INVEST T,117.99,117.99,116.3,116.36,116.3,116.48,,116.36,,,105304,12278927.38,2521,F1,1,,,,,
2026-07-15,2026-07-15,CM,NSE,STK,15391,INE084Q01012,RACE,EQ,,,,,RACE ECO CHAIN LIMITED,113.56,113.56,109.61,112.17,110.52,112.44,,111.95,,,4526,506731.1,180,F1,1,,,,,
2026-07-15,2026-07-15,CM,NSE,STK,9854,INE02OY01016,RILINFRA,SM,,,,,RACHANA INFRA LTD,38.6,39.9,38.6,39.15,39.3,38.8,,39.15,,,8800,346055.0,60,F1,100,,,,,
2026-07-15,2026-07-15,CM,NSE,STK,27171,INE704B01017,RACLGEAR,EQ,,,,,RACL GEARTECH LIMITED,1328.7,1415.0,1328.7,1354.4,1350.2,1328.7,,1354.6,,,87099,120178478.4,9180,F1,1,,,,,
2026-07-15,2026-07-15,CM,NSE,STK,10932,INE874F01027,RADAAN,EQ,,,,,RADAAN MEDIAWORKS (I) LTD,2.91,3.04,2.91,3.02,3.04,2.91,,3.02,,,6086,17886.03,65,F1,1,,,,,
2026-07-15,2026-07-15,CM,NSE,STK,10343,INE583V01021,RADHIKAJWE,EQ,,,,,RADHIKA JEWELTECH LIMITED,66.05,69.6,65.0,66.62,66.5,66.62,,66.62,,,2310189,156472388.2,19425,F1,1,,,,,
2026-07-15,2026-07-15,CM,NSE,STK,13580,INE855R01021,RADIANTCMS,EQ,,,,,RADIANT CASH MGMT SER LTD,37.7,38.5,37.05,37.93,38.19,37.0,,37.94,,,95711,3609660.36,1161,F1,1,,,,,
2026-07-15,2026-07-15,CM,NSE,STK,10990,INE944F01028,RADICO,EQ,,,,,RADICO KHAITAN LTD,4076.7,4122.0,4052.1,4090.0,4105.0,4051.2,,4090.3,,,253488,1034436580.9,45001,F1,1,,,,,
2026-07-15,2026-07-15,CM,NSE,STK,23445,INE430U01019,RADIOWALLA,ST,,,,,RADIOWALLA NETWORK LTD,27.05,27.1,25.85,27.1,27.1,25.85,,27.1,,,11200,299440.0,7,F1,1600,,,,,
2026-07-15,2026-07-15,CM,NSE,STK,24735,INE912T01018,RPEL,EQ,,,,,RAGHAV PRODUCTIVITY ENH L,1263.3,1291.9,1255.0,1265.0,1268.0,1263.3,,1264.9,,,40458,51401426.5,4457,F1,1,,,,,
2026-07-15,2026-07-15,CM,NSE,STK,9552,INE415G01027,RVNL,EQ,,,,,RAIL VIKAS NIGAM LIMITED,227.3,232.2,226.5,226.97,227.4,227.31,,226.97,,,4735208,1082703551.71,36853,F1,1,,,,,
2026-07-15,2026-07-15,CM,NSE,STK,2431,INE0DD101019,RAILTEL,EQ,,,,,RAILTEL CORP OF IND LTD,303.5,311.8,301.5,302.2,302.5,303.6,,302.2,,,598499,182862194.15,16488,F1,1,,,,,
2026-07-15,2026-07-15,CM,NSE,STK,15337,INE855B01025,RAIN,EQ,,,,,RAIN INDUSTRIES LIMITED,206.4,212.9,206.15,208.71,209.25,205.46,,208.71,,,3236408,678569107.58,22216,F1,1,,,,,
2026-07-15,2026-07-15,CM,NSE,STK,9408,INE961O01016,RAINBOW,EQ,,,,,RAINBOW CHILDRENS MED LTD,1497.0,1508.0,1466.4,1501.6,1501.0,1484.1,,1501.5,,,71630,106965060.6,9921,F1,1,,,,,
2026-07-15,2026-07-15,CM,NSE,STK,359,INE294G01026,ROML,EQ,,,,,RAJ OIL MILLS LIMITED,44.54,45.0,44.11,44.68,44.69,44.9,,44.68,,,8835,393620.12,184,F1,1,,,,,
2026-07-15,2026-07-15,CM,NSE,STK,8428,INE533D01032,RAJRILTD,BE,,,,,RAJ RAYON INDUSTRIES LTD,21.57,21.83,21.15,21.49,21.55,21.57,,21.49,,,9883,210739.22,76,F1,1,,,,,
2026-07-15,2026-07-15,CM,NSE,STK,14403,INE952H01027,RAJTV,EQ,,,,,RAJ TV NETWORK LTD,11.69,11.93,11.6,11.82,11.93,11.74,,11.83,,,25058,296314.8,299,F1,1,,,,,
2026-07-15,2026-07-15,CM,NSE,STK,762859,INE296E01026,RAJPALAYAM,EQ,,,,,RAJAPALAYAM MILLS LTD.,834.05,860.0,827.0,829.8,830.0,829.95,,829.8,,,1868,1562109.95,42,F1,1,,,,,
2026-07-15,2026-07-15,CM,NSE,STK,181,INE610C01014,ARENTERP,EQ,,,,,RAJDARSHAN INDUSTRIES LTD,35.6,36.0,33.5,34.8,34.55,34.4,,34.46,,,1500,52222.38,66,F1,1,,,,,
2026-07-15,2026-07-15,CM,NSE,STK,760461,INE343B01030,RAJESHEXPO,BZ,,,,,RAJESH EXPORTS LTD,90.0,90.99,87.5,87.83,87.9,90.0,,87.82,,,154799,13674743.58,2369,F1,1,,,,,
2026-07-15,2026-07-15,CM,NSE,STK,19681,INE0BZQ01011,RCDL,SM,,,,,RAJGOR CASTOR DERIVATI L,25.0,25.0,25.0,25.0,25.0,25.1,,25.0,,,3000,75000.0,1,F1,3000,,,,,
2026-07-15,2026-07-15,CM,NSE,STK,2168,INE00KV01022,RAJMET,EQ,,,,,RAJNANDINI METAL LIMITED,3.58,3.61,3.5,3.51,3.53,3.54,,3.51,,,208693,736196.56,561,F1,1,,,,,
2026-07-15,2026-07-15,CM,NSE,STK,757052,INE535F01024,RAJOOENG,BE,,,,,RAJOO ENGINEERS LIMITED,50.69,51.0,49.4,50.25,50.45,50.19,,50.21,,,205757,10325305.91,1235,F1,1,,,,,
2026-07-15,2026-07-15,CM,NSE,STK,27269,INE0VHU01019,RAJPUTANA,SM,,,,,RAJPUTANA BIODIESEL LTD,196.5,196.5,193.0,193.0,193.0,194.0,,193.0,,,1000,194750.0,2,F1,500,,,,,
2026-07-15,2026-07-15,CM,NSE,STK,24707,INE0PCU01012,RAJINDLTD,SM,,,,,RAJPUTANA INDUSTRIES LTD,78.9,81.25,75.55,75.6,75.55,78.25,,75.6,,,27000,2131275.0,16,F1,1500,,,,,
2026-07-15,2026-07-15,CM,NSE,STK,761439,INE313L01016,RSL,EQ,,,,,RAJPUTANA STAINLESS LTD,129.02,129.79,127.2,127.77,127.84,128.8,,127.77,,,127990,16357581.16,1207,F1,1,,,,,
2026-07-15,2026-07-15,CM,NSE,STK,18962,INE451D01029,RAJRATAN,EQ,,,,,RAJRATAN GLOBAL WIRE LTD,477.5,489.0,468.6,485.2,486.7,477.15,,485.15,,,75043,35979293.75,4103,F1,1,,,,,
2026-07-15,2026-07-15,CM,NSE,STK,6913,INE760W01023,RPPL,EQ,,,,,RAJSHREE POLYPACK LTD,22.59,23.05,22.0,22.52,22.69,21.88,,22.52,,,180863,4079548.81,1958,F1,1,,,,,
2026-07-15,2026-07-15,CM,NSE,STK,2809,INE562B01019,RAJSREESUG,EQ,,,,,RAJSHREE SUGAR & CHEMICAL,30.55,31.78,30.55,30.93,30.8,30.97,,30.93,,,12006,375598.77,133,F1,1,,,,,
2026-07-15,2026-07-15,CM,NSE,STK,2816,INE613A01020,RALLIS,EQ,,,,,RALLIS INDIA LTD,230.82,247.89,229.9,238.29,238.7,230.82,,238.29,,,3288421,789345395.51,56363,F1,1,,,,,
2026-07-15,2026-07-15,CM,NSE,STK,10485,INE207E01023,RAMRAT,EQ,,,,,RAM RATNA WIRES LIMITED,421.0,427.3,416.5,419.15,419.0,419.2,,419.15,,,37209,15650120.3,1459,F1,1,,,,,
2026-07-15,2026-07-15,CM,NSE,STK,10568,INE809A01032,RAMAPHO,EQ,,,,,RAMA PHOSPHATES LIMITED,124.61,126.47,120.48,122.59,121.73,123.3,,122.58,,,24648,3036918.56,736,F1,1,,,,,
2026-07-15,2026-07-15,CM,NSE,STK,10304,INE230R01035,RAMASTEEL,BE,,,,,RAMA STEEL TUBES LIMITED,4.5,4.55,4.45,4.46,4.48,4.5,,4.46,,,1669169,7500887.44,3256,F1,1,,,,,
2026-07-15,2026-07-15,CM,NSE,STK,4587,INE614A01028,RAMCOIND,EQ,,,,,RAMCO INDUSTRIES LIMITED,367.45,374.8,365.0,366.85,369.0,365.45,,366.8,,,173909,64263577.6,4540,F1,1,,,,,
2026-07-15,2026-07-15,CM,NSE,STK,7851,INE246B01019,RAMCOSYS,EQ,,,,,RAMCO SYSTEMS LTD.,836.6,849.9,805.7,815.45,820.0,816.65,,815.45,,,1269976,1051190503.65,29573,F1,1,,,,,
2026-07-15,2026-07-15,CM,NSE,STK,23568,INE0RJH01010,RBS,ST,,,,,RAMDEVBABA SOLVENT LTD,77.6,77.6,77.6,77.6,77.6,77.6,,77.6,,,800,62080.0,1,F1,800,,,,,
2026-07-15,2026-07-15,CM,NSE,STK,11411,INE399G01023,RKFORGE,EQ,,,,,RAMKRISHNA FORGINGS LTD,560.0,575.0,555.3,563.5,573.0,553.85,,563.55,,,2738250,1538634764.2,58994,F1,1,,,,,
2026-07-15,2026-07-15,CM,NSE,STK,20134,INE874I01013,RAMKY,EQ,,,,,RAMKY INFRA LTD,401.15,405.45,396.0,396.85,398.9,399.2,,396.85,,,33983,13552141.7,1139,F1,1,,,,,
2026-07-15,2026-07-15,CM,NSE,STK,2837,INE625B01014,RANASUG,EQ,,,,,RANA SUGARS LTD.,11.97,12.09,11.85,11.93,11.98,11.97,,11.93,,,123329,1475425.01,492,F1,1,,,,,
2026-07-15,2026-07-15,CM,NSE,STK,11975,INE050H01012,RML,EQ,,,,,RANE (MADRAS) LIMITED,1230.1,1270.0,1230.1,1251.3,1246.0,1238.9,,1251.4,,,18778,23492863.9,1962,F1,1,,,,,
2026-07-15,2026-07-15,CM,NSE,STK,2844,INE384A01010,RANEHOLDIN,EQ,,,,,RANE HOLDINGS LIMITED,1735.0,1788.9,1730.0,1748.6,1730.0,1753.5,,1748.6,,,9456,16520415.1,1225,F1,1,,,,,
2026-07-15,2026-07-15,CM,NSE,STK,25610,INE0MVO01012,RAPPID,SM,,,,,RAPPID VALVES (INDIA) LTD,320.0,328.95,318.0,320.0,318.0,317.35,,320.0,,,17400,5586780.0,22,F1,600,,,,,
2026-07-15,2026-07-15,CM,NSE,STK,22670,INE0J1F01024,RPTECH,EQ,,,,,RASHI PERIPHERALS LIMITED,778.0,806.85,769.25,775.75,784.5,777.7,,775.55,,,523202,412696977.4,23745,F1,1,,,,,
2026-07-15,2026-07-15,CM,NSE,STK,2866,INE027A01015,RCF,EQ,,,,,RASHTRIYA CHEMICALS & FER,128.75,131.77,128.54,130.47,129.81,128.47,,130.47,,,1658624,216054274.3,16885,F1,1,,,,,
2026-07-15,2026-07-15,CM,NSE,STK,7177,INE0CLI01024,RATEGAIN,EQ,,,,,RATEGAIN TRAVEL TECHN LTD,960.0,997.25,955.8,977.2,980.0,952.25,,977.2,,,1234367,1205547669.3,38526,F1,1,,,,,
2026-07-15,2026-07-15,CM,NSE,STK,13451,INE703B01027,RATNAMANI,EQ,,,,,RATNAMANI MET & TUB LTD.,2590.0,2644.4,2586.9,2603.6,2624.0,2586.7,,2603.8,,,11442,29825002.1,4258,F1,1,,,,,
2026-07-15,2026-07-15,CM,NSE,STK,18423,INE05CZ01011,RATNAVEER,EQ,,,,,RATNAVEER PRECISION ENG L,176.0,177.6,174.37,175.27,175.01,175.99,,175.27,,,373743,65728735.04,3406,F1,1,,,,,
2026-07-15,2026-07-15,CM,NSE,STK,27297,INE834M01019,RTNINDIA,EQ,,,,,RATTANINDIA ENT LIMITED,32.79,33.19,32.32,32.45,32.6,32.59,,32.45,,,794961,25996324.83,4652,F1,1,,,,,
2026-07-15,2026-07-15,CM,NSE,STK,17520,INE399K01017,RTNPOWER,EQ,,,,,RATTANINDIA POWER LIMITED,8.89,8.94,8.82,8.84,8.86,8.88,,8.84,,,7856987,69673053.53,8531,F1,1,,,,,
2026-07-15,2026-07-15,CM,NSE,STK,20950,INE722J01012,RKDL,EQ,,,,,RAVI KUMAR DIST. LTD.,18.51,19.3,18.51,18.97,18.8,18.86,,18.92,,,13737,259283.06,132,F1,1,,,,,
2026-07-15,2026-07-15,CM,NSE,STK,1565,INE09E501017,RVHL,EQ,,,,,RAVINDER HEIGHTS LIMITED,46.43,46.48,44.5,44.67,45.77,45.79,,44.63,,,7406,334702.39,205,F1,1,,,,,
2026-07-15,2026-07-15,CM,NSE,STK,24596,INE206N01018,RELTD,EQ,,,,,RAVINDRA ENERGY LIMITED,173.0,176.68,170.0,174.94,174.7,173.6,,174.93,,,464931,80465863.28,6494,F1,1,,,,,
2026-07-15,2026-07-15,CM,NSE,STK,25073,INE02ID01020,RAYMONDLSL,EQ,,,,,RAYMOND LIFESTYLE LIMITED,732.0,741.4,727.95,732.05,730.85,732.0,,732.05,,,53026,38856598.0,2975,F1,1,,,,,
2026-07-15,2026-07-15,CM,NSE,STK,2859,INE301A01014,RAYMOND,EQ,,,,,RAYMOND LTD,625.0,625.05,600.4,609.3,608.75,619.1,,609.25,,,467830,285867232.25,12040,F1,1,,,,,
2026-07-15,2026-07-15,CM,NSE,STK,758551,INE1SY401010,RAYMONDREL,EQ,,,,,RAYMOND REALTY LIMITED,711.5,732.0,707.8,713.65,714.95,704.05,,713.65,,,763195,548739888.9,19562,F1,1,,,,,
2026-07-15,2026-07-15,CM,NSE,STK,18391,INE976G01028,RBLBANK,EQ,,,,,RBL BANK LIMITED,378.0,382.35,372.1,372.8,372.85,377.95,,372.8,,,3536899,1336192998.4,43857,F1,1,,,,,
2026-07-15,2026-07-15,CM,NSE,STK,13570,INE0NA301016,RBMINFRA,SM,,,,,RBM INFRACON LIMITED,272.95,273.0,262.75,264.9,266.85,266.75,,264.9,,,20400,5415910.0,93,F1,200,,,,,
2026-07-15,2026-07-15,CM,NSE,STK,20874,INE0PEQ01016,RBZJEWEL,EQ,,,,,RBZ JEWELLERS LIMITED,155.04,158.0,149.49,150.8,150.15,153.8,,150.82,,,166972,25644039.37,3827,F1,1,,,,,
2026-07-15,2026-07-15,CM,NSE,STK,29561,INE10QL01011,READYMIX,SM,,,,,READYMIX CONSTRU MACHI L,96.0,110.0,96.0,106.7,106.75,103.9,,106.7,,,23000,2439550.0,22,F1,1000,,,,,
2026-07-15,2026-07-15,CM,NSE,STK,15355,INE020B01018,RECLTD,EQ,,,,,REC LIMITED,354.0,356.45,350.55,351.7,351.5,352.45,,351.7,,,3884183,1373251659.75,41415,F1,1,,,,,
2026-07-15,2026-07-15,CM,NSE,STK,14255,INE891D01026,REDINGTON,EQ,,,,,REDINGTON LIMITED,285.1,288.2,280.25,282.3,281.75,282.7,,282.3,,,2010596,570989938.8,34106,F1,1,,,,,
2026-07-15,2026-07-15,CM,NSE,STK,17859,INE0LXT01019,REDTAPE,EQ,,,,,REDTAPE LIMITED,133.57,135.35,132.1,132.61,133.25,133.57,,132.62,,,177020,23661264.67,3406,F1,1,,,,,
2026-07-15,2026-07-15,CM,NSE,STK,17764,INE056I01025,REFEX,EQ,,,,,REFEX INDUSTRIES LIMITED,337.7,340.4,320.9,322.1,321.6,335.75,,322.1,,,1062017,348033881.0,13795,F1,1,,,,,
2026-07-15,2026-07-15,CM,NSE,STK,23718,INE0TNX01015,REFRACTORY,SM,,,,,REFRACTORY SHAPES LIMITED,27.0,27.35,26.5,27.35,27.35,26.05,,27.35,,,13000,353700.0,13,F1,1000,,,,,
2026-07-15,2026-07-15,CM,NSE,STK,758682,INE0MHO01029,REGAAL,BE,,,,,REGAAL RESOURCES LIMITED,80.51,81.9,77.0,78.01,78.96,80.89,,78.02,,,82720,6514883.7,440,F1,1,,,,,
2026-07-15,2026-07-15,CM,NSE,STK,4130,INE277C01012,REGENCERAM,EQ,,,,,REGENCY CERAMICS LTD.,40.5,41.35,39.6,40.1,39.82,40.0,,40.17,,,12040,485304.58,55,F1,1,,,,,
2026-07-15,2026-07-15,CM,NSE,STK,24225,INE131B01039,RELAXO,EQ,,,,,RELAXO FOOT LTD.,390.95,393.85,376.1,377.65,376.1,389.15,,377.65,,,208161,79525457.5,9161,F1,1,,,,,
2026-07-15,2026-07-15,CM,NSE,STK,3172,INF204KC1030,GILT5YBEES,EQ,,,,,RELCAPAMC - NETFGILT5Y,67.44,67.44,65.77,66.02,66.2,65.8,,66.02,,,217376,14325363.53,584,F1,1,,,,,
2026-07-15,2026-07-15,CM,NSE,STK,24378,INE375Y01018,RELIABLE,EQ,,,,,RELIABLE DATA SERVICE LTD,150.0,150.89,143.81,148.42,149.3,145.78,,148.4,,,27760,4109753.01,491,F1,1,,,,,
2026-07-15,2026-07-15,CM,NSE,STK,9652,INE750D01016,RELCHEMQ,EQ,,,,,RELIANCE CHEMOTEX IND LTD,128.5,131.8,128.5,130.11,130.1,130.74,,130.11,,,1935,251643.43,45,F1,1,,,,,
2026-07-15,2026-07-15,CM,NSE,STK,13188,INE330H01018,RCOM,BE,,,,,RELIANCE COMMUNICATIONS L,0.86,0.87,0.86,0.86,0.87,0.86,,0.86,,,1685458,1455631.19,1379,F1,1,,,,,
2026-07-15,2026-07-15,CM,NSE,STK,759204,INE217K01011,RHFL,BZ,,,,,RELIANCE HOME FINANCE LTD,2.03,2.05,1.98,2.01,2.03,2.01,,2.01,,,361402,728834.59,549,F1,1,,,,,
2026-07-15,2026-07-15,CM,NSE,STK,2912,INE046A01015,RIIL,EQ,,,,,RELIANCE INDUSTRIAL INFRA,785.0,789.8,778.0,785.4,782.75,782.2,,785.35,,,60246,47263241.1,2863,F1,1,,,,,
2026-07-15,2026-07-15,CM,NSE,STK,2885,INE002A01018,RELIANCE,EQ,,,,,RELIANCE INDUSTRIES LTD,1294.1,1310.9,1294.1,1295.5,1296.0,1293.0,,1295.5,,,9577965,12453701323.8,189291,F1,1,,,,,
2026-07-15,2026-07-15,CM,NSE,STK,15259,INE614G01033,RPOWER,EQ,,,,,RELIANCE POWER LTD.,24.61,24.74,24.25,24.33,24.38,24.52,,24.33,,,19348886,473784040.61,27094,F1,1,,,,,
2026-07-15,2026-07-15,CM,NSE,STK,15068,INE621H01010,RELIGARE,EQ,,,,,RELIGARE ENTER. LTD.,260.6,268.8,260.6,267.85,268.4,262.25,,267.85,,,759870,202557472.85,11719,F1,1,,,,,
2026-07-15,2026-07-15,CM,NSE,STK,3965,INE474C01023,REMSONSIND,EQ,,,,,REMSONS INDUSTRIES LTD,76.0,78.5,75.23,77.82,78.49,76.15,,77.82,,,246102,18860819.65,2785,F1,1,,,,,
2026-07-15,2026-07-15,CM,NSE,STK,16154,INE0O5T01011,REMUS,SM,,,,,REMUS PHARMACEUTICALS L,705.0,740.0,705.0,739.55,740.0,717.9,,739.55,,,11000,8100815.0,73,F1,100,,,,,
2026-07-15,2026-07-15,CM,NSE,STK,15129,INE722H01024,RGL,EQ,,,,,RENAISSANCE GLOBAL LTD,119.5,121.0,118.25,120.09,120.4,118.97,,120.09,,,124637,14941558.81,1101,F1,1,,,,,
2026-07-15,2026-07-15,CM,NSE,STK,758157,INE0VZX01015,RNPL,SM,,,,,RENOL POLYCHEM LIMITED,83.0,83.0,81.2,81.2,81.2,85.45,,81.2,,,3600,294480.0,3,F1,1200,,,,,
2026-07-15,2026-07-15,CM,NSE,STK,29598,INE612J01015,REPCOHOME,EQ,,,,,REPCO HOME FINANCE LTD,409.85,415.0,406.0,408.25,406.85,409.85,,408.25,,,43661,17923295.25,2042,F1,1,,,,,
2026-07-15,2026-07-15,CM,NSE,STK,13126,INE461B01014,REPRO,EQ,,,,,REPRO INDIA LIMITED,368.8,374.7,365.05,370.15,370.0,366.35,,370.15,,,5799,2138752.55,272,F1,1,,,,,
2026-07-15,2026-07-15,CM,NSE,STK,20323,INE688D01026,RESPONIND,EQ,,,,,RESPONSIVE INDUSTRIES LTD,184.39,192.0,183.21,190.53,190.18,183.39,,190.42,,,117826,22168109.67,2093,F1,1,,,,,
2026-07-15,2026-07-15,CM,NSE,STK,1494,INE07T201019,RBA,EQ,,,,,RESTAURANT BRAND ASIA LTD,70.63,71.48,69.75,70.19,70.0,70.63,,70.2,,,1946989,137536884.13,9361,F1,1,,,,,
2026-07-15,2026-07-15,CM,NSE,STK,25157,INE0DAB01012,RVTH,EQ,,,,,REVATHI EQUIPMENT INDIA L,718.0,735.0,705.0,733.8,734.9,707.75,,733.8,,,712,511517.2,78,F1,1,,,,,
2026-07-15,2026-07-15,CM,NSE,STK,763468,INE0V2V01015,RFBL,ST,,,,,RFBL FLEXI PACK LIMITED,80.75,80.75,80.75,80.75,80.75,85.0,,80.75,,,6000,484500.0,2,F1,3000,,,,,
2026-07-15,2026-07-15,CM,NSE,STK,759062,INE0KKN01029,RHETAN,EQ,,,,,RHETAN TMT LIMITED,27.5,30.75,27.4,30.15,30.29,27.13,,30.15,,,24834439,746012650.46,52707,F1,1,,,,,
2026-07-15,2026-07-15,CM,NSE,STK,31163,INE743M01012,RHIM,EQ,,,,,RHI MAGNESITA INDIA LTD,406.3,414.6,403.4,406.0,404.8,403.75,,406.0,,,582501,238314403.4,11502,F1,1,,,,,
2026-07-15,2026-07-15,CM,NSE,STK,8212,INE0J1P01015,RICHA,ST,,,,,RICHA INFO SYSTEMS LTD,91.7,91.7,91.7,91.7,91.7,93.0,,91.7,,,1000,91700.0,1,F1,1000,,,,,
2026-07-15,2026-07-15,CM,NSE,STK,2909,INE209B01025,RICOAUTO,EQ,,,,,RICO AUTO INDUSTRIES LTD,127.5,129.69,124.34,125.88,125.52,126.72,,125.89,,,971823,123572325.16,8980,F1,1,,,,,
2026-07-15,2026-07-15,CM,NSE,STK,18417,INE0N2P01017,RISHABH,EQ,,,,,RISHABH INSTRUMENTS LTD,655.0,662.45,634.3,644.5,646.95,653.15,,644.5,,,217976,141923179.85,11053,F1,1,,,,,
2026-07-15,2026-07-15,CM,NSE,STK,8944,INE01EG01016,RITCO,EQ,,,,,RITCO LOGISTICS LIMITED,266.0,272.8,260.35,270.8,270.0,265.45,,270.8,,,48196,12909410.35,1582,F1,1,,,,,
2026-07-15,2026-07-15,CM,NSE,STK,3761,INE320J01015,RITES,EQ,,,,,RITES LIMITED,221.0,227.64,220.0,223.2,223.03,222.15,,223.19,,,932715,208486095.04,14428,F1,1,,,,,
2026-07-15,2026-07-15,CM,NSE,STK,1547,INE786W01010,RKEC,EQ,,,,,RKEC PROJECTS LIMITED,27.8,27.8,26.57,26.76,26.57,27.0,,26.76,,,16566,450526.94,154,F1,1,,,,,
2026-07-15,2026-07-15,CM,NSE,STK,762346,INE655V01019,RMC,EQ,,,,,RMC SWITCHGEARS LIMITED,291.95,307.85,290.0,297.15,296.0,291.4,,297.15,,,48958,14561851.35,1789,F1,1,,,,,
2026-07-15,2026-07-15,CM,NSE,STK,24589,INE0SA001017,RNFI,SM,,,,,RNFI SERVICES LIMITED,252.9,254.0,244.0,245.35,244.0,250.7,,245.35,,,18600,4650870.0,26,F1,600,,,,,
2026-07-15,2026-07-15,CM,NSE,STK,15157,INE508K01013,RHL,EQ,,,,,ROBUST HOTELS LIMITED,174.98,183.5,172.3,179.21,179.88,174.98,,179.21,,,52283,9307529.45,207,F1,1,,,,,
2026-07-15,2026-07-15,CM,NSE,STK,20289,INE0PTR01012,ROCKINGDCE,SM,,,,,ROCKINGDEALS CIRCU ECO L,178.0,178.0,178.0,178.0,178.0,179.8,,178.0,,,250,44500.0,1,F1,250,,,,,
2026-07-15,2026-07-15,CM,NSE,STK,5279,INE645S01024,ROLEXRINGS,EQ,,,,,ROLEX RINGS LIMITED,147.35,161.9,145.0,155.3,156.49,146.63,,155.3,,,9978759,1558596886.23,82079,F1,1,,,,,
2026-07-15,2026-07-15,CM,NSE,STK,19108,INE927A01040,ROLLT,BE,,,,,ROLLATAINERS LIMITED,2.3,2.44,2.3,2.4,2.4,2.33,,2.4,,,355425,861191.71,208,F1,1,,,,,
2026-07-15,2026-07-15,CM,NSE,STK,19410,INE02A801020,ROSSARI,EQ,,,,,ROSSARI BIOTECH LIMITED,527.5,545.85,527.5,535.75,537.3,527.45,,535.6,,,92147,49472554.75,3651,F1,1,,,,,
2026-07-15,2026-07-15,CM,NSE,STK,28913,INE847C01020,ROSSELLIND,EQ,,,,,ROSSELL INDIA LIMITED,57.75,57.76,56.14,56.83,57.0,57.76,,56.83,,,23176,1318921.78,411,F1,1,,,,,
2026-07-15,2026-07-15,CM,NSE,STK,27353,INE0OJW01016,ROSSTECH,EQ,,,,,ROSSELL TECHSYS LIMITED,1045.0,1045.15,990.0,1000.3,1005.0,1036.6,,1000.3,,,140364,141575745.0,9460,F1,1,,,,,
2026-07-15,2026-07-15,CM,NSE,STK,9049,INE535D01037,ROTO,EQ,,,,,ROTO PUMPS LIMITED,67.87,68.62,67.0,67.31,67.0,67.56,,67.32,,,368496,24974900.55,3024,F1,1,,,,,
2026-07-15,2026-07-15,CM,NSE,STK,128,INE450U01017,ROUTE,EQ,,,,,ROUTE MOBILE LIMITED,573.9,596.8,567.0,577.85,576.8,569.4,,577.85,,,651893,380179129.75,16113,F1,1,,,,,
2026-07-15,2026-07-15,CM,NSE,STK,20170,INE0PDJ01013,ROXHITECH,ST,,,,,ROX HI TECH LIMITED,36.15,36.5,33.95,34.3,34.3,35.7,,34.3,,,62400,2164800.0,31,F1,1600,,,,,
2026-07-15,2026-07-15,CM,NSE,STK,29727,INE0EO401019,ROYALARC,SM,,,,,ROYAL ARC ELECTRODES LTD,145.0,145.0,145.0,145.0,145.0,147.0,,145.0,,,1200,174000.0,1,F1,1200,,,,,
2026-07-15,2026-07-15,CM,NSE,STK,13182,INE283H01019,ROHLTD,EQ,,,,,ROYAL ORCHID HOTELS LTD,325.35,336.1,319.6,323.2,322.5,321.85,,323.2,,,17307,5641057.95,919,F1,1,,,,,
2026-07-15,2026-07-15,CM,NSE,STK,16725,INE105J01010,RPGLIFE,EQ,,,,,RPG LIFE SCIENCES LTD,2775.0,2993.8,2722.5,2978.1,2965.2,2740.2,,2978.0,,,146433,427450181.6,14566,F1,1,,,,,
2026-07-15,2026-07-15,CM,NSE,STK,8119,INE425Y01011,RPSGVENT,EQ,,,,,RPSG VENTURES LIMITED,896.0,901.9,890.15,895.1,895.0,896.35,,895.1,,,6238,5580326.8,718,F1,1,,,,,
2026-07-15,2026-07-15,CM,NSE,STK,7292,INE611A01016,RSWM,BE,,,,,RSWM LIMITED,207.0,216.0,207.0,210.73,213.28,206.68,,210.76,,,73262,15467507.71,460,F1,1,,,,,
2026-07-15,2026-07-15,CM,NSE,STK,24730,INE642C01025,RUBFILA,EQ,,,,,RUBFILA INTERNATIONAL LTD,73.16,74.97,73.16,73.62,73.61,73.16,,73.62,,,6626,486716.58,168,F1,1,,,,,
2026-07-15,2026-07-15,CM,NSE,STK,759316,INE506V01022,RUBICON,EQ,,,,,RUBICON RESEARCH LIMITED,1496.7,1504.8,1438.1,1451.1,1450.0,1491.3,,1451.2,,,171146,249268042.8,14247,F1,1,,,,,
2026-07-15,2026-07-15,CM,NSE,STK,4566,INE413B01023,RUCHINFRA,EQ,,,,,RUCHI INFRASTRUCTURE LTD,5.79,5.86,5.72,5.79,5.75,5.79,,5.79,,,10311,59734.39,115,F1,1,,,,,
2026-07-15,2026-07-15,CM,NSE,STK,13821,INE803H01014,RUCHIRA,EQ,,,,,RUCHIRA PAPERS LIMITED,102.5,104.85,102.5,103.54,103.3,103.71,,103.61,,,13609,1411184.57,484,F1,1,,,,,
2026-07-15,2026-07-15,CM,NSE,STK,760401,INE027T01023,RUDRA,BE,,,,,RUDRA GLOBAL INFRA PROD L,17.01,17.45,17.01,17.38,17.38,17.21,,17.38,,,10881,188859.55,42,F1,1,,,,,
2026-07-15,2026-07-15,CM,NSE,STK,1486,INE364Z01019,REPL,BE,,,,,RUDRABHISHEK ENTERP LTD,64.7,66.97,62.75,64.9,64.99,66.0,,64.9,,,4385,281019.57,42,F1,1,,,,,
2026-07-15,2026-07-15,CM,NSE,STK,23830,INE0R7301013,RULKA,SM,,,,,RULKA ELECTRICALS LIMITED,119.0,119.0,108.0,108.4,109.0,115.15,,108.4,,,7800,872805.0,23,F1,300,,,,,
2026-07-15,2026-07-15,CM,NSE,STK,25724,INE895B01021,RUPA,EQ,,,,,RUPA & COMPANY LTD,168.2,170.86,167.05,167.97,168.0,169.13,,167.97,,,91776,15463130.1,1790,F1,1,,,,,
2026-07-15,2026-07-15,CM,NSE,STK,24595,INE573K01025,RUSHIL,EQ,,,,,RUSHIL DECOR LIMITED,15.7,15.78,15.19,15.33,15.28,15.39,,15.36,,,346010,5334013.77,1261,F1,1,,,,,
2026-07-15,2026-07-15,CM,NSE,STK,24674,INE0BSN01013,SATECH,SM,,,,,S A TECH SOFTWARE INDIA L,34.6,34.6,33.6,33.8,33.8,34.6,,33.8,,,14000,473750.0,12,F1,1000,,,,,
2026-07-15,2026-07-15,CM,NSE,STK,20698,INE807K01035,SCHAND,EQ,,,,,S CHAND AND COMPANY LTD,149.79,150.0,146.0,148.22,148.0,149.79,,148.23,,,31847,4719688.94,1562,F1,1,,,,,
2026-07-15,2026-07-15,CM,NSE,STK,25528,INE0X6F01017,SDREAMS,SM,,,,,S D RETAIL LIMITED,90.0,90.0,90.0,90.0,90.0,91.0,,90.0,,,3000,270000.0,2,F1,1000,,,,,
2026-07-15,2026-07-15,CM,NSE,STK,11212,INE500L01026,SHK,EQ,,,,,S H KELKAR AND CO. LTD.,129.95,131.98,129.35,130.04,130.0,128.91,,130.03,,,204363,26652482.04,3799,F1,1,,,,,
2026-07-15,2026-07-15,CM,NSE,STK,20542,INE0F3301020,SJLOGISTIC,SM,,,,,S J LOGISTICS (INDIA) LTD,330.8,339.0,326.55,332.5,333.1,325.9,,332.5,,,35250,11728900.0,112,F1,250,,,,,
2026-07-15,2026-07-15,CM,NSE,STK,2951,INE902B01017,S&SPOWER,EQ,,,,,S&S POWER SWITCHGEARS LTD,369.4,369.4,346.75,348.4,347.1,365.0,,348.8,,,3040,1073039.65,217,F1,1,,,,,
2026-07-15,2026-07-15,CM,NSE,STK,18252,INE212I01016,SPAL,EQ,,,,,S. P. APPARELS LIMITED,1125.0,1139.8,1070.2,1076.7,1079.0,1121.6,,1076.6,,,151703,166263680.6,12723,F1,1,,,,,
2026-07-15,2026-07-15,CM,NSE,STK,11637,INE658G01014,SALSTEEL,BE,,,,,S.A.L. STEEL LTD.,56.43,57.0,55.0,55.37,55.7,56.43,,55.37,,,60864,3402136.22,247,F1,1,,,,,
2026-07-15,2026-07-15,CM,NSE,STK,19112,INE0PSK01027,SAAKSHI,ST,,,,,SAAKSHI MEDTEC N PANELS L,298.8,300.0,294.8,300.0,300.0,293.4,,300.0,,,12000,3585900.0,13,F1,600,,,,,
2026-07-15,2026-07-15,CM,NSE,STK,759057,INE13B501022,SAATVIKGL,EQ,,,,,SAATVIK GREEN ENERGY LTD,470.0,485.55,468.1,470.95,470.0,465.9,,470.95,,,315807,151097504.9,10973,F1,1,,,,,
2026-07-15,2026-07-15,CM,NSE,STK,18497,INE860T01019,SABEVENTS,EQ,,,,,SAB EVENTS & GOVERNANCE,7.9,8.31,7.9,7.9,7.9,8.31,,7.9,,,6108,48766.37,30,F1,1,,,,,
2026-07-15,2026-07-15,CM,NSE,STK,10982,INE0DZ101013,SABAR,SM,,,,,SABAR FLEX INDIA LIMITED,3.95,4.35,3.95,4.3,4.3,4.15,,4.3,,,130000,529750.0,17,F1,5000,,,,,
2026-07-15,2026-07-15,CM,NSE,STK,757409,INE1ARD01016,SACHEEROME,SM,,,,,SACHEEROME LIMITED,440.0,445.45,435.05,439.9,440.0,432.45,,439.9,,,18000,7933440.0,47,F1,300,,,,,
2026-07-15,2026-07-15,CM,NSE,STK,13236,INE226H01026,SADBHAV,EQ,,,,,SADBHAV ENGINEERING LTD,8.5,8.5,8.13,8.18,8.27,8.33,,8.18,,,124194,1036192.7,332,F1,1,,,,,
2026-07-15,2026-07-15,CM,NSE,STK,10622,INE764L01010,SADBHIN,BE,,,,,SADBHAV INFRA PROJ LTD.,2.66,2.67,2.62,2.63,2.65,2.68,,2.63,,,77304,204090.12,123,F1,1,,,,,
2026-07-15,2026-07-15,CM,NSE,STK,15349,INE888C01040,SADHNANIQ,BE,,,,,SADHANA NITROCHEM LIMITED,2.59,2.69,2.59,2.69,2.69,2.64,,2.68,,,1879246,4981349.38,325,F1,1,,,,,
2026-07-15,2026-07-15,CM,NSE,STK,22897,INE0K5H01010,SADHAV,SM,,,,,SADHAV SHIPPING LIMITED,115.05,115.6,113.0,113.25,113.3,117.6,,113.25,,,19200,2182650.0,27,F1,600,,,,,
2026-07-15,2026-07-15,CM,NSE,STK,13035,INE429E01023,SAFARI,EQ,,,,,SAFARI IND (INDIA) LTD,1665.8,1676.9,1635.2,1642.2,1644.9,1665.8,,1642.2,,,23388,38539534.2,3510,F1,1,,,,,
2026-07-15,2026-07-15,CM,NSE,STK,757583,INE17D601016,SAFEENTP,SM,,,,,SAFE ENTER RETAIL FIX LTD,272.05,275.0,268.0,271.8,274.9,270.6,,271.8,,,22000,5980450.0,35,F1,500,,,,,
2026-07-15,2026-07-15,CM,NSE,STK,14068,INE229C01021,SAGCEM,EQ,,,,,SAGAR CEMENTS LIMITED,175.99,180.0,174.3,178.15,180.0,175.75,,178.15,,,60133,10637096.14,1360,F1,1,,,,,
2026-07-15,2026-07-15,CM,NSE,STK,8175,INE976T01013,SAGARDEEP,EQ,,,,,SAGARDEEP ALLOYS LIMITED,24.6,25.0,24.2,24.74,24.25,23.77,,24.74,,,9163,227012.55,79,F1,1,,,,,
2026-07-15,2026-07-15,CM,NSE,STK,27052,INE0W2G01015,SAGILITY,EQ,,,,,SAGILITY LIMITED,41.9,42.99,41.55,42.07,42.12,41.79,,42.07,,,19516302,827565565.95,35497,F1,1,,,,,
2026-07-15,2026-07-15,CM,NSE,STK,24478,INE0P4701011,SAHAJSOLAR,SM,,,,,SAHAJ SOLAR LIMITED,124.0,128.0,124.0,125.0,125.0,121.35,,125.0,,,8400,1060240.0,20,F1,400,,,,,
2026-07-15,2026-07-15,CM,NSE,STK,16711,INE0LEX01011,SAHANA,SM,,,,,SAHANA SYSTEM LIMITED,954.0,954.0,911.0,923.95,917.0,932.9,,923.95,,,18750,17434325.0,64,F1,125,,,,,
2026-07-15,2026-07-15,CM,NSE,STK,25671,INE0RBQ01018,SAHASRA,ST,,,,,SAHASRA ELECTRONIC SOLU L,306.9,306.9,306.9,306.9,306.9,301.9,,306.9,,,18400,5646960.0,22,F1,400,,,,,
2026-07-15,2026-07-15,CM,NSE,STK,14900,INE280H01015,SAHYADRI,EQ,,,,,SAHYADRI INDUSTRIES LTD,285.5,291.6,280.0,287.4,287.75,283.05,,287.4,,,3378,958914.0,124,F1,1,,,,,
2026-07-15,2026-07-15,CM,NSE,STK,27839,INE570L01029,SAILIFE,EQ,,,,,SAI LIFE SCIENCES LIMITED,1275.0,1277.6,1258.3,1263.2,1263.1,1268.8,,1263.2,,,161967,205178745.8,12227,F1,1,,,,,
2026-07-15,2026-07-15,CM,NSE,STK,761675,INE0H9F01037,SAIPARENT,EQ,,,,,SAI PARENTERALS LIMITED,585.0,587.85,555.9,566.85,568.0,583.35,,566.8,,,150761,86298130.6,5076,F1,1,,,,,
2026-07-15,2026-07-15,CM,NSE,STK,18755,INE438K01021,KALAMANDIR,EQ,,,,,SAI SILKS (KALAMANDIR) L,100.0,102.5,94.5,96.95,97.11,99.22,,96.94,,,2753110,270768095.99,26789,F1,1,,,,,
2026-07-15,2026-07-15,CM,NSE,STK,25712,INE00MT01022,SAJHOTELS,SM,,,,,SAJ HOTELS LIMITED,33.05,39.1,31.05,39.1,39.1,32.6,,39.1,,,204000,7524600.0,75,F1,2000,,,,,
2026-07-15,2026-07-15,CM,NSE,STK,9539,INE732S01012,SAKAR,EQ,,,,,SAKAR HEALTHCARE LIMITED,939.7,939.7,910.2,916.95,912.6,904.45,,916.95,,,156784,144367644.7,10140,F1,1,,,,,
2026-07-15,2026-07-15,CM,NSE,STK,11794,INE667G01023,SAKSOFT,EQ,,,,,SAKSOFT LIMITED,177.0,189.99,173.9,179.96,178.87,178.58,,179.96,,,4546822,828104455.63,37096,F1,1,,,,,
2026-07-15,2026-07-15,CM,NSE,STK,2969,INE623A01011,SAKHTISUG,EQ,,,,,SAKTHI SUGARS LTD,17.26,17.29,16.6,16.78,16.75,17.18,,16.78,,,45646,774241.58,303,F1,1,,,,,
2026-07-15,2026-07-15,CM,NSE,STK,13255,INE190H01024,SAKUMA,BE,,,,,SAKUMA EXPORTS LIMITED,1.77,1.81,1.73,1.74,1.74,1.8,,1.74,,,651477,1143174.65,834,F1,1,,,,,
2026-07-15,2026-07-15,CM,NSE,STK,21362,INE170V01027,SALASAR,EQ,,,,,SALASAR TECHNO ENGG. LTD.,6.1,6.12,6.04,6.05,6.07,6.07,,6.05,,,2256987,13702406.4,2266,F1,1,,,,,
2026-07-15,2026-07-15,CM,NSE,STK,17351,INE498E01010,SALONA,EQ,,,,,SALONA COTSPIN LTD.,251.4,255.0,246.05,255.0,255.0,255.0,,252.5,,,1159,292358.0,47,F1,1,,,,,
2026-07-15,2026-07-15,CM,NSE,STK,11399,INE457F01013,SALZERELEC,EQ,,,,,SALZER ELECTRONICS LTD,606.0,613.5,601.25,604.2,607.0,600.2,,604.2,,,27385,16577545.1,1384,F1,1,,,,,
2026-07-15,2026-07-15,CM,NSE,STK,4127,INE699B01027,SAMBHAAV,EQ,,,,,SAMBHAAV MEDIA LTD,6.2,6.38,5.63,6.09,6.08,6.2,,6.09,,,114897,685996.73,192,F1,1,,,,,
2026-07-15,2026-07-15,CM,NSE,STK,757767,INE12NJ01018,SAMBHV,EQ,,,,,SAMBHV STEEL TUBES LTD,122.55,127.7,118.6,120.54,119.9,122.21,,120.64,,,3302508,410769654.05,17324,F1,1,,,,,
2026-07-15,2026-07-15,CM,NSE,STK,21096,INE0PZA01015,SAIFL,SM,,,,,SAMEERA AGRO AND INFRA L,5.3,5.3,5.1,5.15,5.15,5.1,,5.15,,,208000,1080600.0,46,F1,4000,,,,,
2026-07-15,2026-07-15,CM,NSE,STK,18614,INE08U801020,SAMHI,EQ,,,,,SAMHI HOTELS LIMITED,174.8,177.98,173.5,174.24,173.75,175.63,,174.23,,,504296,88730791.34,7195,F1,1,,,,,
2026-07-15,2026-07-15,CM,NSE,STK,30125,INE148I01020,SAMMAANCAP,EQ,,,,,SAMMAAN CAPITAL LIMITED,161.0,164.8,159.88,163.53,163.6,160.49,,163.53,,,11725307,1907519394.6,33675,F1,1,,,,,
2026-07-15,2026-07-15,CM,NSE,STK,27303,INE735M01018,SAMPANN,EQ,,,,,SAMPANN UTPADAN INDIA LTD,28.5,28.5,26.95,27.08,27.0,27.68,,27.08,,,22032,598654.3,389,F1,1,,,,,
2026-07-15,2026-07-15,CM,NSE,STK,4204,INE775A01035,MOTHERSON,EQ,,,,,SAMVRDHNA MTHRSN INTL LTD,142.91,144.35,141.62,142.11,141.62,142.06,,142.11,,,14174935,2018887324.51,66215,F1,1,,,,,
2026-07-15,2026-07-15,CM,NSE,STK,28805,INE0JPD01013,SANATHAN,EQ,,,,,SANATHAN TEXTILES LIMITED,445.8,454.95,435.0,449.5,448.3,440.0,,449.6,,,95662,42277576.4,3221,F1,1,,,,,
2026-07-15,2026-07-15,CM,NSE,STK,2988,INE583B01015,SANDESH,EQ,,,,,SANDESH LTD,985.1,989.0,980.05,982.15,987.0,987.95,,982.15,,,323,317638.9,40,F1,1,,,,,
2026-07-15,2026-07-15,CM,NSE,STK,2397,INE278H01035,SANDHAR,EQ,,,,,SANDHAR TECHNOLOGIES LTD,620.0,629.55,611.0,624.55,628.5,620.0,,624.5,,,239407,148747433.4,9723,F1,1,,,,,
2026-07-15,2026-07-15,CM,NSE,STK,18359,INE149K01016,SANDUMA,EQ,,,,,SANDUR MANG & IRON ORES L,200.48,202.56,199.49,200.32,200.6,199.38,,200.31,,,431824,86761899.27,7190,F1,1,,,,,
2026-07-15,2026-07-15,CM,NSE,STK,4184,INE495C01010,SANGAMIND,EQ,,,,,SANGAM (INDIA) LTD,620.0,645.0,620.0,629.4,627.65,624.95,,629.35,,,169401,107746089.15,5950,F1,1,,,,,
2026-07-15,2026-07-15,CM,NSE,STK,18035,INE0OVI01010,SANGANI,SM,,,,,SANGANI HOSPITALS LIMITED,44.75,44.9,44.75,44.9,44.9,45.0,,44.9,,,63000,2820900.0,6,F1,1500,,,,,
2026-07-15,2026-07-15,CM,NSE,STK,14058,INE989A01032,SANGHVIMOV,EQ,,,,,SANGHVI MOVERS LTD,429.65,439.15,422.8,435.4,437.0,430.8,,435.4,,,363717,157296368.9,9643,F1,1,,,,,
2026-07-15,2026-07-15,CM,NSE,STK,11033,INE753W01010,SANGINITA,BE,,,,,SANGINITA CHEMICALS LTD,53.69,53.69,53.69,53.69,53.69,52.64,,53.69,,,46250,2483162.5,85,F1,1,,,,,
2026-07-15,2026-07-15,CM,NSE,STK,25222,INE0UOS01011,SANOFICONR,EQ,,,,,SANOFI CONS HEALTHC IND L,4557.7,4595.9,4512.0,4523.6,4525.0,4558.8,,4523.5,,,2506,11351909.5,802,F1,1,,,,,
2026-07-15,2026-07-15,CM,NSE,STK,1442,INE058A01010,SANOFI,EQ,,,,,SANOFI INDIA LIMITED,3362.2,3398.5,3348.2,3377.0,3371.0,3362.2,,3376.9,,,14873,50192801.8,4011,F1,1,,,,,
2026-07-15,2026-07-15,CM,NSE,STK,5751,INE953O01021,SANSERA,EQ,,,,,SANSERA ENGINEERING LTD,3264.8,3331.0,3228.9,3254.8,3256.9,3238.6,,3254.8,,,130799,428370565.9,23386,F1,1,,,,,
2026-07-15,2026-07-15,CM,NSE,STK,24582,INE08NE01025,SANSTAR,EQ,,,,,SANSTAR LIMITED,112.0,113.28,109.31,109.89,109.7,111.44,,109.92,,,165728,18333501.65,3239,F1,1,,,,,
2026-07-15,2026-07-15,CM,NSE,STK,46,INE890C01046,SANWARIA,BZ,,,,,SANWARIA CONSUMER LIMITED,0.2,0.2,0.19,0.19,0.2,0.19,,0.19,,,519527,102395.12,154,F1,1,,,,,
2026-07-15,2026-07-15,CM,NSE,STK,6718,INE806T01020,SAPPHIRE,EQ,,,,,SAPPHIRE FOODS INDIA LTD,184.36,184.58,180.97,182.06,182.0,181.9,,182.06,,,325627,59176542.75,7914,F1,1,,,,,
2026-07-15,2026-07-15,CM,NSE,STK,19863,INE0PUC01020,SARTELE,SM,,,,,SAR TELEVENTURE LIMITED,124.5,126.8,120.0,121.45,121.75,123.45,,121.45,,,106500,13051225.0,173,F1,500,,,,,
2026-07-15,2026-07-15,CM,NSE,STK,762985,INE967G01019,ZSARACOM,EQ,,,,,SARASWATI COMM (INDIA) L,12799.0,12830.0,12640.0,12670.0,12700.0,12646.0,,12670.0,,,22,279648.0,16,F1,1,,,,,
2026-07-15,2026-07-15,CM,NSE,STK,24856,INE0PQ101010,SSDL,EQ,,,,,SARASWATI SAREE DEPOT LTD,55.99,55.99,53.16,54.05,54.49,54.82,,54.09,,,21265,1157567.02,541,F1,1,,,,,
2026-07-15,2026-07-15,CM,NSE,STK,17758,INE385C01021,SARDAEN,EQ,,,,,SARDA ENERGY & MIN LTD,493.95,498.95,492.6,495.85,496.7,492.55,,495.85,,,166881,82782992.9,10381,F1,1,,,,,
2026-07-15,2026-07-15,CM,NSE,STK,4892,INE979A01025,SAREGAMA,EQ,,,,,SAREGAMA INDIA LIMITED,487.6,499.0,483.5,490.6,489.0,483.5,,490.65,,,693616,341084072.65,16187,F1,1,,,,,
2026-07-15,2026-07-15,CM,NSE,STK,14043,INE453D01025,SARLAPOLY,EQ,,,,,SARLA PERF. FIBERS LTD,103.8,104.0,97.15,98.57,98.2,102.56,,98.6,,,369082,36829177.44,6241,F1,1,,,,,
2026-07-15,2026-07-15,CM,NSE,STK,6843,INE017W01010,SMLT,EQ,,,,,SARTHAK METALS LIMITED,69.0,69.0,67.0,67.47,67.99,68.58,,67.48,,,5776,391738.53,131,F1,1,,,,,
2026-07-15,2026-07-15,CM,NSE,STK,12950,INE324X01026,SARVESHWAR,BE,,,,,SARVESHWAR FOODS LIMITED,3.61,3.61,3.55,3.56,3.57,3.57,,3.56,,,416123,1487422.76,884,F1,1,,,,,
2026-07-15,2026-07-15,CM,NSE,STK,11983,INE231F01020,SASKEN,EQ,,,,,SASKEN TECHNOLOGIES LTD,2012.1,2079.3,1988.5,2000.2,1999.0,2024.1,,2000.2,,,13184,26567527.6,2268,F1,1,,,,,
2026-07-15,2026-07-15,CM,NSE,STK,29154,INE0NB801022,SATKARTAR,ST,,,,,SAT KARTAR LIFE LIMITED,132.5,132.9,130.0,132.1,132.5,132.5,,132.1,,,76800,10128160.0,38,F1,800,,,,,
2026-07-15,2026-07-15,CM,NSE,STK,24697,INE0RFP01011,SSEGL,SM,,,,,SATHLOKHAR SYN E&C GLOB L,326.1,329.25,310.0,311.35,311.0,324.65,,311.35,,,43000,13585830.0,169,F1,200,,,,,
2026-07-15,2026-07-15,CM,NSE,STK,24507,INE0RPM01017,SATIPOLY,ST,,,,,SATI POLY PLAST LIMITED,37.25,37.25,36.5,36.5,36.5,35.6,,36.5,,,1000,36875.0,2,F1,500,,,,,
2026-07-15,2026-07-15,CM,NSE,STK,11045,INE170E01023,SATIA,EQ,,,,,SATIA INDUSTRIES LIMITED,55.33,56.04,54.66,55.04,54.89,54.92,,55.04,,,45910,2540529.25,755,F1,1,,,,,
2026-07-15,2026-07-15,CM,NSE,STK,10453,INE836B01017,SATIN,EQ,,,,,SATIN CREDIT NET LTD,265.0,268.6,256.61,258.57,258.05,264.66,,258.57,,,360048,94137403.99,7957,F1,1,,,,,
2026-07-15,2026-07-15,CM,NSE,STK,758960,INE14DW01018,SATTVAENGG,SM,,,,,SATTVA ENGINEERING CSTN L,75.25,82.0,75.25,78.1,78.1,75.0,,78.1,,,78400,6202720.0,49,F1,1600,,,,,
2026-07-15,2026-07-15,CM,NSE,STK,3018,INE626A01014,SAURASHCEM,EQ,,,,,SAURASHTRA CEMENT LIMITED,53.96,56.84,53.96,55.59,55.74,53.75,,55.59,,,251419,13893704.4,3313,F1,1,,,,,
2026-07-15,2026-07-15,CM,NSE,STK,3021,INE035D01020,SOTL,EQ,,,,,SAVITA OIL TECHNOLO. LTD,595.9,608.85,587.25,596.6,594.5,579.55,,596.6,,,241053,144227479.35,9611,F1,1,,,,,
2026-07-15,2026-07-15,CM,NSE,STK,757704,INE0UCN01017,SAVY,SM,,,,,SAVY INFRA AND LOGI LTD,118.05,122.0,118.05,120.6,120.0,126.5,,120.6,,,15600,1870560.0,12,F1,1200,,,,,
2026-07-15,2026-07-15,CM,NSE,STK,758444,INE10VS01016,SAWALIYA,SM,,,,,SAWALIYA FOOD PRODUCTS L,300.0,300.0,295.95,296.0,296.0,298.15,,296.0,,,9000,2676000.0,11,F1,600,,,,,
2026-07-15,2026-07-15,CM,NSE,STK,762879,INE318C01014,SAYAJIHOTL,EQ,,,,,SAYAJI HOTELS LTD.,310.0,310.0,310.0,310.0,310.0,310.0,,304.25,,,1,310.0,1,F1,1,,,,,
2026-07-15,2026-07-15,CM,NSE,STK,6792,INE04AK01028,SBC,EQ,,,,,SBC EXPORTS LIMITED,42.3,42.59,42.12,42.16,42.13,42.29,,42.16,,,9624591,406949589.37,4194,F1,1,,,,,
2026-07-15,2026-07-15,CM,NSE,STK,18026,INE423Y01016,SBFC,EQ,,,,,SBFC FINANCE LIMITED,92.9,93.39,91.87,93.17,93.2,92.11,,93.17,,,914973,84904302.65,8703,F1,1,,,,,
2026-07-15,2026-07-15,CM,NSE,STK,17971,INE018E01016,SBICARD,EQ,,,,,SBI CARDS & PAY SER LTD,643.5,653.55,638.55,640.35,641.1,638.85,,640.35,,,2428051,1569659262.0,52683,F1,1,,,,,
2026-07-15,2026-07-15,CM,NSE,STK,21808,INE123W01016,SBILIFE,EQ,,,,,SBI LIFE INSURANCE CO LTD,1842.5,1880.6,1838.0,1866.4,1865.3,1840.3,,1866.4,,,895874,1670814752.0,78669,F1,1,,,,,
2026-07-15,2026-07-15,CM,NSE,STK,17272,INF200KA16D8,SETFGOLD,EQ,,,,,SBI-ETF GOLD,121.12,121.13,119.69,120.11,120.15,119.63,,120.11,,,3107454,373334639.24,12816,F1,1,,,,,
2026-07-15,2026-07-15,CM,NSE,STK,10176,INF200KA1FS1,SETFNIF50,EQ,,,,,SBI-ETF NIFTY 50,261.4,261.4,258.0,258.6,258.96,258.39,,258.59,,,617739,160219223.74,6388,F1,1,,,,,
2026-07-15,2026-07-15,CM,NSE,STK,7361,INF200KA1580,SETFNIFBK,EQ,,,,,SBI-ETF NIFTY BANK,592.78,596.63,590.28,592.6,592.01,590.21,,592.6,,,13440,7987723.92,466,F1,1,,,,,
2026-07-15,2026-07-15,CM,NSE,STK,7353,INF200KA1598,SETFNN50,EQ,,,,,SBI-ETF NIFTY NEXT 50,773.5,774.86,768.87,770.15,769.0,768.88,,770.15,,,33883,26160673.21,1251,F1,1,,,,,
2026-07-15,2026-07-15,CM,NSE,STK,19705,INF200KA13Z8,LIQUIDSBI,EQ,,,,,SBIAMC - LIQUIDSBI,999.99,1000.01,999.99,1000.0,1000.01,1000.0,,1000.0,,,3929,3928964.83,18,F1,1,,,,,
2026-07-15,2026-07-15,CM,NSE,STK,30290,INF200KB1712,SBIBPB,EQ,,,,,SBIAMC - SBIBPB,49.45,49.45,47.75,48.6,48.53,48.25,,48.6,,,63907,3112653.36,405,F1,1,,,,,
2026-07-15,2026-07-15,CM,NSE,STK,5168,INF200KA1X17,SBIETFCON,EQ,,,,,SBIAMC - SBIETFCON,121.48,121.48,119.67,119.84,120.0,119.59,,119.84,,,1732,208377.41,88,F1,1,,,,,
2026-07-15,2026-07-15,CM,NSE,STK,740,INF200KA1S14,SBIETFIT,EQ,,,,,SBIAMC - SBIETFIT,317.93,318.4,313.33,316.05,316.53,317.93,,316.05,,,17419,5509854.95,196,F1,1,,,,,
2026-07-15,2026-07-15,CM,NSE,STK,722,INF200KA1S22,SBIETFPB,EQ,,,,,SBIAMC - SBIETFPB,290.0,290.0,285.12,287.02,285.25,285.29,,287.02,,,18288,5252864.09,84,F1,1,,,,,
2026-07-15,2026-07-15,CM,NSE,STK,7218,INF200KA1WX6,SBIETFQLTY,EQ,,,,,SBIAMC - SBIETFQLTY,218.86,219.49,216.89,217.85,217.9,218.86,,217.85,,,10668,2323848.18,77,F1,1,,,,,
2026-07-15,2026-07-15,CM,NSE,STK,758496,INF200KB1969,SBILIQETF,EQ,,,,,SBIAMC - SBILIQETF,1047.49,1047.51,1047.49,1047.49,1047.51,1047.36,,1047.49,,,150159,157290224.13,87,F1,1,,,,,
2026-07-15,2026-07-15,CM,NSE,STK,761095,INF200KB1AJ0,SBIMIDMOM,EQ,,,,,SBIAMC - SBIMIDMOM,63.29,63.29,62.82,62.98,62.84,62.85,,62.98,,,51646,3259421.49,92,F1,1,,,,,
2026-07-15,2026-07-15,CM,NSE,STK,24524,INF200KB1282,SBINEQWETF,EQ,,,,,SBIAMC - SBINEQWETF,32.97,33.28,32.97,33.09,33.21,32.96,,33.09,,,20684,685609.71,152,F1,1,,,,,
2026-07-15,2026-07-15,CM,NSE,STK,761741,INF200KB1AK8,SBINMID150,EQ,,,,,SBIAMC - SBINMID150,23.39,23.54,23.12,23.23,23.25,23.13,,23.23,,,8139,189548.49,102,F1,1,,,,,
2026-07-15,2026-07-15,CM,NSE,STK,24366,INF200KB1217,SBISILVER,EQ,,,,,SBIAMC - SBISILVER,214.9,215.28,213.0,214.02,214.35,213.03,,214.01,,,903899,193509579.64,5833,F1,1,,,,,
2026-07-15,2026-07-15,CM,NSE,STK,763543,INF200KB1AY9,SBISMLETF,EQ,,,,,SBIAMC - SBISMLETF,18.2,18.25,17.93,18.15,18.12,18.02,,18.15,,,51432,931708.78,137,F1,1,,,,,
2026-07-15,2026-07-15,CM,NSE,STK,763546,INF200KB1AX1,SBIVALETF,EQ,,,,,SBIAMC - SBIVALETF,14.83,14.9,14.8,14.8,14.8,14.82,,14.8,,,2836,42102.72,37,F1,1,,,,,
2026-07-15,2026-07-15,CM,NSE,STK,17395,INF200KA1JT1,SETF10GILT,EQ,,,,,SBIAMC - SETF10GILT,263.25,266.0,263.25,264.82,264.46,264.98,,264.82,,,1209,320100.91,35,F1,1,,,,,
2026-07-15,2026-07-15,CM,NSE,STK,762884,INE099G01011,SCANSTL,EQ,,,,,SCAN STEELS LTD.,48.51,51.39,48.51,49.33,49.47,48.79,,49.31,,,209707,10526340.03,2195,F1,1,,,,,
2026-07-15,2026-07-15,CM,NSE,STK,1011,INE513A01022,SCHAEFFLER,EQ,,,,,SCHAEFFLER INDIA LIMITED,4142.5,4155.2,4100.1,4119.3,4124.6,4139.2,,4119.3,,,41846,172476520.1,7102,F1,1,,,,,
2026-07-15,2026-07-15,CM,NSE,STK,31234,INE839M01018,SCHNEIDER,EQ,,,,,SCHNEIDER ELECTRIC INFRA,1337.0,1375.0,1337.0,1360.3,1360.0,1335.9,,1360.3,,,210427,285803127.5,25761,F1,1,,,,,
2026-07-15,2026-07-15,CM,NSE,STK,757460,INE148I07XG8,865SCL27,N4,,,,,SCL 8.65% 2027 SR II,987.89,987.89,987.89,987.89,987.89,987.89,,987.89,,,50,49394.5,2,F1,1,,,,,
2026-07-15,2026-07-15,CM,NSE,STK,30238,INE148I07WU1,902SCL28,N1,,,,,SCL 9.02% SR V,822.0,990.0,822.0,990.0,990.0,990.0,,990.0,,,52,47784.0,2,F1,1,,,,,
2026-07-15,2026-07-15,CM,NSE,STK,757469,INE148I07XL8,965SCL30,ND,,,,,SCL 9.65% 2030 SR VII,1060.0,1060.0,1060.0,1060.0,1060.0,1060.0,,1064.0,,,100,106000.0,1,F1,1,,,,,
2026-07-15,2026-07-15,CM,NSE,STK,757497,INE148I07XY1,995SCL2035,NM,,,,,SCL 9.95% 2035 SR XII,1090.0,1090.0,1090.0,1090.0,1090.0,1090.0,,1090.0,,,10,10900.0,1,F1,1,,,,,
2026-07-15,2026-07-15,CM,NSE,STK,757478,INE090501011,SCODATUBES,EQ,,,,,SCODA TUBES LIMITED,153.43,154.99,147.16,149.64,149.0,153.43,,149.62,,,181816,27272814.99,2497,F1,1,,,,,
2026-07-15,2026-07-15,CM,NSE,STK,25095,IN1020240496,725AP37,SG,,,,,SDL AP 7.25% 2037,97.0,97.0,97.0,97.0,97.0,98.0,,97.0,,,300,29100.0,1,F1,100,,,,,
2026-07-15,2026-07-15,CM,NSE,STK,24096,IN1520240012,723GJ27,SG,,,,,SDL GJ 7.23% 2027,98.0,98.0,98.0,98.0,98.0,100.0,,98.0,,,100,9800.0,1,F1,100,,,,,
2026-07-15,2026-07-15,CM,NSE,STK,15319,IN2820230034,747PN43,SG,,,,,SDL PN 7.47% 2043,97.0,97.0,97.0,97.0,97.0,97.55,,97.0,,,100,9700.0,1,F1,100,,,,,
2026-07-15,2026-07-15,CM,NSE,STK,21548,IN3120230377,756TN54,SG,,,,,SDL TN 7.56% 2054,97.0,97.0,97.0,97.0,97.0,96.6,,97.0,,,300,29100.0,1,F1,100,,,,,
2026-07-15,2026-07-15,CM,NSE,STK,2616,INE497B01018,SEAMECLTD,EQ,,,,,SEAMEC LIMITED,1445.0,1494.0,1416.0,1430.2,1450.0,1426.9,,1430.2,,,92719,134428153.0,9209,F1,1,,,,,
2026-07-15,2026-07-15,CM,NSE,STK,6207,INE530B07187,IIFLZC26,NN,,,,,SEC RE NCD 0% SR.VII,1473.0,1473.0,1473.0,1473.0,1473.0,1473.0,,1473.0,,,109,160557.0,3,F1,1,,,,,
2026-07-15,2026-07-15,CM,NSE,STK,17043,INE530B07369,IIFLZC28B,Y1,,,,,SEC RE NCD 0% SR.VII,1270.0,1270.0,1240.2,1265.8,1265.8,1270.0,,1265.8,,,140,176474.0,5,F1,1,,,,,
2026-07-15,2026-07-15,CM,NSE,STK,12465,INE741K07496,10CAGL27,N5,,,,,SEC RE NCD 10% SR. V,1015.0,1015.0,1015.0,1015.0,1015.0,1014.0,,1015.0,,,90,91350.0,4,F1,1,,,,,
2026-07-15,2026-07-15,CM,NSE,STK,24139,INE413U07293,10IIFLSF27,NB,,,,,SEC RE NCD 10.00% SR IV,1000.0,1000.0,1000.0,1000.0,1000.0,1000.0,,1000.0,,,848,848000.0,2,F1,1,,,,,
2026-07-15,2026-07-15,CM,NSE,STK,20779,INE413U07269,1003ISFL28,N4,,,,,SEC RE NCD 10.03% SR 5,1015.0,1015.0,1003.0,1003.0,1003.0,1015.0,,1003.0,,,320,322440.0,12,F1,1,,,,,
2026-07-15,2026-07-15,CM,NSE,STK,25914,INE583D07521,1025UCL26A,N1,,,,,SEC RE NCD 10.25% SR II,996.01,998.25,993.01,993.3,993.01,1005.05,,993.64,,,118,117529.72,6,F1,1,,,,,
2026-07-15,2026-07-15,CM,NSE,STK,20130,INE148I07RB1,965SCL25F,NZ,,,,,SEC RE NCD 10.25% SR XII,866.9,915.6,866.9,915.6,915.6,763.0,,915.6,,,12,10695.0,2,F1,1,,,,,
2026-07-15,2026-07-15,CM,NSE,STK,25916,INE583D07513,1040UCL27B,N1,,,,,SEC RE NCD 10.40% SR III,1006.99,1006.99,1006.99,1006.99,1006.99,982.0,,999.0,,,14,14097.86,2,F1,1,,,,,
2026-07-15,2026-07-15,CM,NSE,STK,20784,INE413U07251,1050ISFL28,N5,,,,,SEC RE NCD 10.50% SR 6,1055.0,1055.0,1055.0,1055.0,1055.0,1050.0,,1055.0,,,15,15825.0,1,F1,1,,,,,
2026-07-15,2026-07-15,CM,NSE,STK,23123,INE342T07460,1065NFL27,NC,,,,,SEC RE NCD 10.65% SR.IV,1007.05,1007.05,1007.05,1007.05,1007.05,1018.97,,1007.05,,,5,5035.25,2,F1,1,,,,,
2026-07-15,2026-07-15,CM,NSE,STK,23319,INE148I07SR5,1075SCFL34,Z6,,,,,SEC RE NCD 10.75% SR XI,1060.0,1060.0,1060.0,1060.0,1060.0,1065.0,,1060.0,,,5,5300.0,1,F1,1,,,,,
2026-07-15,2026-07-15,CM,NSE,STK,11658,INE0H7R07017,79NHIT35,N1,,,,,SEC RE NCD 7.90% STRPP A,313.87,313.87,308.01,308.93,309.0,310.31,,308.93,,,64,19926.99,6,F1,1,,,,,
2026-07-15,2026-07-15,CM,NSE,STK,11665,INE0H7R07025,79NHIT40,N2,,,,,SEC RE NCD 7.90% STRPP B,306.02,307.25,306.02,307.25,307.25,306.65,,307.46,,,2,613.27,2,F1,1,,,,,
2026-07-15,2026-07-15,CM,NSE,STK,11669,INE0H7R07033,79NHIT47,N3,,,,,SEC RE NCD 7.90% STRPP C,415.0,416.99,412.55,416.95,416.99,410.05,,416.95,,,846,351206.76,11,F1,1,,,,,
2026-07-15,2026-07-15,CM,NSE,STK,3464,INE219X07264,82IGT31,NJ,,,,,SEC RE NCD 8.20% SR.V,1028.0,1028.0,1028.0,1028.0,1028.0,1027.99,,1028.0,,,2,2056.0,1,F1,1,,,,,
2026-07-15,2026-07-15,CM,NSE,STK,15374,INE121A07QY9,840CIFCL28,N4,,,,,SEC RE NCD 8.40% SR.V,1028.0,1028.0,1028.0,1028.0,1028.0,1018.97,,1028.0,,,10,10280.0,1,F1,1,,,,,
2026-07-15,2026-07-15,CM,NSE,STK,6197,INE530B07161,842IIFL26,NL,,,,,SEC RE NCD 8.42% SR.V,998.5,999.0,998.5,999.0,999.0,1008.99,,999.0,,,135,134860.0,5,F1,1,,,,,
2026-07-15,2026-07-15,CM,NSE,STK,7668,INE477L07AQ2,843IHFL29,NC,,,,,SEC RE NCD 8.43% SR.VI,1000.0,1000.0,1000.0,1000.0,1000.0,993.0,,987.5,,,1,1000.0,1,F1,1,,,,,
2026-07-15,2026-07-15,CM,NSE,STK,20435,INE121A07RO8,850CIFCL26,NE,,,,,SEC RE NCD 8.50% SR 3,1050.01,1050.01,1050.0,1050.0,1050.0,1040.0,,1050.0,,,38,39900.3,2,F1,1,,,,,
2026-07-15,2026-07-15,CM,NSE,STK,13852,INE530B07310,865IIFL28,NS,,,,,SEC RE NCD 8.65% SR.V,991.2,991.2,991.0,991.0,991.0,991.16,,991.0,,,605,599556.0,8,F1,1,,,,,
2026-07-15,2026-07-15,CM,NSE,STK,7777,INE148I07LE8,889SCFL27,YC,,,,,SEC RE NCD 8.89% SR.VIII,996.29,996.29,996.29,996.29,996.29,996.46,,996.29,,,20,19925.8,5,F1,1,,,,,
2026-07-15,2026-07-15,CM,NSE,STK,5857,INE148I07KP6,975SCL28,NT,,,,,SEC RE NCD 8.89% SR.VIII,996.77,996.77,996.77,996.77,996.77,996.52,,996.77,,,23,22925.71,1,F1,1,,,,,
2026-07-15,2026-07-15,CM,NSE,STK,23706,INE338I07164,897MOFSL29,N4,,,,,SEC RE NCD 8.97% SR V,1030.0,1030.0,1030.0,1030.0,1030.0,1030.0,,1030.0,,,45,46350.0,1,F1,1,,,,,
2026-07-15,2026-07-15,CM,NSE,STK,23702,INE338I07149,91MOFSL27,N2,,,,,SEC RE NCD 9.10% SR III,1020.0,1020.2,1020.0,1020.0,1020.0,1016.0,,1020.0,,,66,67321.8,5,F1,1,,,,,
2026-07-15,2026-07-15,CM,NSE,STK,25277,INE423A07351,925AEL26,N1,,,,,SEC RE NCD 9.25% SR I,1072.0,1072.0,1072.0,1072.0,1072.0,1069.5,,1073.42,,,400,428800.0,3,F1,1,,,,,
2026-07-15,2026-07-15,CM,NSE,STK,5855,INE148I07KN1,889SCL26,NS,,,,,SEC RE NCD 9.25% SR.VII,1066.0,1066.0,1066.0,1066.0,1066.0,1066.0,,1066.0,,,64,68224.0,2,F1,1,,,,,
2026-07-15,2026-07-15,CM,NSE,STK,23708,INE338I07107,935MOFSL29,N5,,,,,SEC RE NCD 9.35% SR VI,1030.0,1030.0,988.0,988.0,988.0,1040.0,,988.0,,,100,100900.0,2,F1,1,,,,,
2026-07-15,2026-07-15,CM,NSE,STK,25552,INE148I07UC3,948SCL27D,N1,,,,,SEC RE NCD 9.48% SR V,1010.0,1010.0,980.0,980.0,980.0,1010.0,,980.0,,,33,32430.0,5,F1,1,,,,,
2026-07-15,2026-07-15,CM,NSE,STK,11361,INE148I07ME6,915SCL27,Z7,,,,,SEC RE NCD 9.55% SR.VII,1063.84,1063.84,1063.84,1063.84,1063.84,1062.0,,1063.84,,,28,29787.52,1,F1,1,,,,,
2026-07-15,2026-07-15,CM,NSE,STK,24137,INE413U07327,957IIFLS27,,,,,,SEC RE NCD 9.57% SR III,1009.99,1012.0,1009.99,1012.0,1012.0,996.47,,1012.0,,,59,59607.5,2,F1,1,,,,,
2026-07-15,2026-07-15,CM,NSE,STK,25534,INE148I07US9,965SCL26F,N1,,,,,SEC RE NCD 9.65% SR I,1073.9,1073.9,1073.9,1073.9,1073.9,1071.8,,1073.9,,,4,4295.6,1,F1,1,,,,,
2026-07-15,2026-07-15,CM,NSE,STK,25287,INE423A07328,965AEL27,N4,,,,,SEC RE NCD 9.65% SR IV,1060.0,1088.0,1060.0,1088.0,1088.0,1088.95,,1088.0,,,650,699045.5,19,F1,1,,,,,
2026-07-15,2026-07-15,CM,NSE,STK,18487,INE741K07579,970CAGL28,ND,,,,,SEC RE NCD 9.70% SR VII,1035.0,1035.0,1020.0,1020.66,1020.0,1034.97,,1019.82,,,466,478515.0,18,F1,1,,,,,
2026-07-15,2026-07-15,CM,NSE,STK,25296,INE423A07344,99AEL29,N7,,,,,SEC RE NCD 9.90% SR VII,1107.0,1110.0,1101.0,1107.12,1102.0,1090.1,,1107.12,,,1164,1290532.0,17,F1,1,,,,,
2026-07-15,2026-07-15,CM,NSE,STK,22553,INE121A07RS9,CIF27,NM,,,,,SEC RE NCD SR 4,1000.0,1000.0,1000.0,1000.0,1000.0,1209.0,,1000.0,,,10,10000.0,1,F1,1,,,,,
2026-07-15,2026-07-15,CM,NSE,STK,25280,INE423A07369,AEL120924,N2,,,,,SEC RE NCD SR II,1172.51,1175.14,1172.51,1175.12,1175.14,1155.14,,1175.12,,,40,46978.9,3,F1,1,,,,,
2026-07-15,2026-07-15,CM,NSE,STK,25556,INE148I07UA7,SCL25924D,N1,,,,,SEC RE NCD SR VI,1193.0,1193.0,1193.0,1193.0,1193.0,1193.0,,1193.0,,,100,119300.0,1,F1,1,,,,,
2026-07-15,2026-07-15,CM,NSE,STK,14224,INE00QS24027,IMC1,N2,,,,,SEC RE NCGB 8.25% STRPP C,254.0,254.0,254.0,254.0,254.0,254.53,,254.0,,,10,2540.0,1,F1,1,,,,,
2026-07-15,2026-07-15,CM,NSE,STK,14228,INE00QS24035,IMC1,N3,,,,,SEC RE NCGB 8.25% STRPP D,256.05,256.05,256.05,256.05,256.05,256.05,,256.05,,,10,2560.5,1,F1,1,,,,,
2026-07-15,2026-07-15,CM,NSE,STK,7975,INE804IA7014,1015ECL29,NR,,,,,SEC RED NCD 10.15% SR. VI,1020.0,1020.0,1015.0,1015.0,1015.0,1011.0,,1015.0,,,616,625963.86,19,F1,1,,,,,
2026-07-15,2026-07-15,CM,NSE,STK,16870,INE033L07GS6,81TCHF28,N8,,,,,SEC RED NCD 8.10% SR.IV,1028.0,1028.0,1006.0,1006.0,1006.0,1001.5,,1005.93,,,70,71609.5,3,F1,1,,,,,
2026-07-15,2026-07-15,CM,NSE,STK,17159,INE721A07PK7,875SFL27,ZF,,,,,SEC RED NCD 8.75% SR.III,1010.0,1010.0,1010.0,1010.0,1010.0,1011.99,,1010.0,,,340,343400.0,4,F1,1,,,,,
2026-07-15,2026-07-15,CM,NSE,STK,18628,INE148I07GL3,9SCL26BA,,,,,,SEC RED NCD 9.0% SR. VI,1067.0,1067.0,1060.0,1060.0,1060.0,1057.2,,1060.51,,,208,220584.0,4,F1,1,,,,,
2026-07-15,2026-07-15,CM,NSE,STK,6149,INE721A07OC7,930SFL28,YP,,,,,SEC RED NCD 9.30% SR. II,1056.0,1056.0,1056.0,1056.0,1056.0,1056.0,,1056.0,,,15,15840.0,1,F1,1,,,,,
2026-07-15,2026-07-15,CM,NSE,STK,8625,INE721A07ON4,957ICCL25,YW,,,,,SEC RED NCD 9.30% SR. II,1060.0,1060.0,1060.0,1060.0,1060.0,1054.0,,1060.0,,,78,82680.0,5,F1,1,,,,,
2026-07-15,2026-07-15,CM,NSE,STK,1001,INE721A07NX5,94SFL28,YL,,,,,SEC RED NCD 9.40% SR. V,1046.5,1046.5,1043.0,1043.0,1043.0,1044.0,,1043.0,,,320,334170.0,6,F1,1,,,,,
2026-07-15,2026-07-15,CM,NSE,STK,6168,INE721A07OF0,97SFL28,YS,,,,,SEC RED NCD 9.70% SR. V,1074.01,1094.0,1061.0,1094.0,1094.0,1090.0,,1094.0,,,1090,1178633.9,19,F1,1,,,,,
2026-07-15,2026-07-15,CM,NSE,STK,18630,INE148I07GN9,SCLZC26,NB,,,,,SEC RED NCD SR. VII,2312.0,2312.0,2308.68,2308.68,2308.68,2312.97,,2308.68,,,60,138686.8,2,F1,1,,,,,
2026-07-15,2026-07-15,CM,NSE,STK,19496,INE0BTM01013,SECMARK,EQ,,,,,SECMARK CONSULTANCY LTD,126.0,128.8,124.9,127.72,127.75,127.74,,127.72,,,255,32164.25,27,F1,1,,,,,
2026-07-15,2026-07-15,CM,NSE,STK,11058,INE650K01021,SECURKLOUD,EQ,,,,,SECUREKLOUD TECH LIMITED,19.25,19.25,17.35,18.05,18.68,18.59,,18.05,,,17989,326029.66,127,F1,1,,,,,
2026-07-15,2026-07-15,CM,NSE,STK,761153,INE00XB01019,SEDEMAC,EQ,,,,,SEDEMAC MECHATRONICS LTD,2703.7,2728.9,2609.1,2622.4,2617.0,2717.2,,2622.4,,,104170,276592916.9,13267,F1,1,,,,,
2026-07-15,2026-07-15,CM,NSE,STK,7094,INE955I01044,SEJALLTD,BE,,,,,SEJAL GLASS LIMITED,735.0,735.0,711.8,716.25,724.85,712.65,,726.15,,,15016,10835169.7,76,F1,1,,,,,
2026-07-15,2026-07-15,CM,NSE,STK,6262,INE105I01020,SELMC,EQ,,,,,SEL MANUFACTURING CO LTD,29.5,29.5,28.62,28.92,28.92,28.86,,28.9,,,2070,60411.68,62,F1,1,,,,,
2026-07-15,2026-07-15,CM,NSE,STK,757982,INE0IJF01013,SELLOWRAP,SM,,,,,SELLOWRAP INDUSTRIES LTD,70.5,70.5,70.5,70.5,70.5,67.0,,70.5,,,1600,112800.0,1,F1,1600,,,,,
2026-07-15,2026-07-15,CM,NSE,STK,11964,INE617A01013,SEMAC,BE,,,,,SEMAC CONSTRUCTION LTD,332.0,332.2,317.1,326.65,326.65,332.3,,326.65,,,34,10987.25,10,F1,1,,,,,
2026-07-15,2026-07-15,CM,NSE,STK,17271,INE602W01027,SENCO,EQ,,,,,SENCO GOLD LIMITED,381.6,381.65,367.4,373.2,372.7,377.85,,373.2,,,1164432,435602581.1,22124,F1,1,,,,,
2026-07-15,2026-07-15,CM,NSE,STK,28888,INE0RB801010,SENORES,EQ,,,,,SENORES PHARMACEUTICALS L,1468.6,1485.0,1453.5,1480.9,1470.0,1451.8,,1480.9,,,174532,257512046.1,13077,F1,1,,,,,
2026-07-15,2026-07-15,CM,NSE,STK,15308,INE964H01014,SEPC,EQ,,,,,SEPC LIMITED,6.35,6.41,6.16,6.21,6.21,6.33,,6.21,,,16754728,104200324.34,8453,F1,1,,,,,
2026-07-15,2026-07-15,CM,NSE,STK,20715,INE027E07BC8,865LTF26,NN,,,,,SERENCD 8.65% SR.VI OP12,1050.0,1050.0,1050.0,1050.0,1050.0,1045.54,,1050.0,,,83,87150.0,1,F1,1,,,,,
2026-07-15,2026-07-15,CM,NSE,STK,20691,INE027E07AN7,87LTF27,NH,,,,,SERENCD 8.70% SR.VII OPII,1020.0,1020.0,1015.0,1017.0,1020.0,1049.5,,1017.0,,,15,15285.0,3,F1,1,,,,,
2026-07-15,2026-07-15,CM,NSE,STK,20687,INE027E07AL1,905LTF27,NF,,,,,SERENCD 9.05% SR.VI OPII,1039.0,1039.0,1035.95,1035.99,1036.0,1043.0,,1035.99,,,529,548100.5,11,F1,1,,,,,
2026-07-15,2026-07-15,CM,NSE,STK,4930,INE244L07168,96SFIL24A,NB,,,,,SERENCD8.84%SRVICIII&IV,999.9,999.9,999.9,999.9,999.9,980.0,,999.9,,,1,999.9,1,F1,1,,,,,
2026-07-15,2026-07-15,CM,NSE,STK,4942,INE244L07184,92SFIL28,ND,,,,,SERENCD9.20%SRVIICIII&IV,1048.8,1048.8,1048.8,1048.8,1048.8,1038.2,,1048.8,,,120,125856.0,1,F1,1,,,,,
2026-07-15,2026-07-15,CM,NSE,STK,17399,INE0P1Q01015,SERVICE,SM,,,,,SERVICE CARE LIMITED,57.7,57.8,56.0,56.0,56.0,56.0,,56.0,,,14000,796900.0,7,F1,2000,,,,,
2026-07-15,2026-07-15,CM,NSE,STK,5507,INE782X01033,SERVOTECH,EQ,,,,,SERVOTECH REN POW SYS LTD,95.7,97.1,95.15,95.76,95.5,95.58,,95.76,,,360019,34654834.19,3645,F1,1,,,,,
2026-07-15,2026-07-15,CM,NSE,STK,759934,INE04VU01023,STYL,EQ,,,,,SESHAASAI TECHNOLOGIES L,397.25,407.15,389.55,400.4,402.25,391.75,,400.4,,,371458,148896415.45,11464,F1,1,,,,,
2026-07-15,2026-07-15,CM,NSE,STK,3066,INE630A01024,SESHAPAPER,EQ,,,,,SESHASAYEE PAPER & BOARDS,216.7,222.19,216.0,218.09,217.85,216.23,,218.19,,,21407,4698707.49,700,F1,1,,,,,
2026-07-15,2026-07-15,CM,NSE,STK,17518,INE878E01021,SETCO,BE,,,,,SETCO AUTOMOTIVE LTD,18.25,18.25,18.25,18.25,18.25,18.62,,17.95,,,33960,619770.0,87,F1,1,,,,,
2026-07-15,2026-07-15,CM,NSE,STK,18024,INE023M01027,SETUINFRA,BZ,,,,,SETUBANDHAN INFRA LTD,0.41,0.45,0.41,0.43,0.44,0.43,,0.43,,,99948,42995.73,39,F1,1,,,,,
2026-07-15,2026-07-15,CM,NSE,STK,10836,INE573R01012,SEYAIND,BE,,,,,SEYA INDUSTRIES LIMITED,13.1,13.1,12.98,13.0,13.0,12.98,,13.0,,,2479,32416.36,21,F1,1,,,,,
2026-07-15,2026-07-15,CM,NSE,STK,758853,INE618R01015,SGFIN,EQ,,,,,SG FINSERVE LIMITED,625.0,674.45,618.05,625.65,632.5,603.45,,625.65,,,4301424,2791488796.8,100386,F1,1,,,,,
2026-07-15,2026-07-15,CM,NSE,STK,758889,INE385F01024,SGMART,EQ,,,,,SG MART LIMITED,675.0,675.0,621.45,643.0,644.0,654.15,,643.0,,,1266513,811324054.85,38456,F1,1,,,,,
2026-07-15,2026-07-15,CM,NSE,STK,761469,INE12UN01015,SHADOWFAX,EQ,,,,,SHADOWFAX TECHNOLOGIES L,209.8,212.3,203.49,205.63,204.8,208.7,,205.62,,,1642065,341990374.18,47166,F1,1,,,,,
2026-07-15,2026-07-15,CM,NSE,STK,11856,INE640C01011,SHAHALLOYS,EQ,,,,,SHAH ALLOYS LIMITED,73.71,74.69,71.7,72.59,72.55,73.81,,72.59,,,7525,551006.08,99,F1,1,,,,,
2026-07-15,2026-07-15,CM,NSE,STK,20296,INE482J01021,SHAH,EQ,,,,,SHAH METACORP LIMITED,4.68,4.7,4.57,4.63,4.64,4.66,,4.63,,,479391,2219107.33,551,F1,1,,,,,
2026-07-15,2026-07-15,CM,NSE,STK,8727,INE151G01028,SHAILY,EQ,,,,,SHAILY ENG PLASTICS LTD,2715.0,2748.5,2680.0,2693.5,2688.0,2709.4,,2693.6,,,62082,168652460.7,9263,F1,1,,,,,
2026-07-15,2026-07-15,CM,NSE,STK,25574,INE908D01010,SHAKTIPUMP,EQ,,,,,SHAKTI PUMPS (I) LTD,556.35,564.0,554.95,556.5,557.65,555.55,,556.5,,,372736,208543292.9,10707,F1,1,,,,,
2026-07-15,2026-07-15,CM,NSE,STK,714,INE597J01018,SHALBY,EQ,,,,,SHALBY LIMITED,165.81,170.48,165.41,168.23,169.0,165.81,,168.2,,,44323,7449918.6,1342,F1,1,,,,,
2026-07-15,2026-07-15,CM,NSE,STK,761688,INE861D01011,SAHLIBHFI,EQ,,,,,SHALIBHADRA FINANCE LTD,78.0,79.0,76.94,78.31,78.43,77.77,,77.53,,,2591,201523.9,96,F1,1,,,,,
2026-07-15,2026-07-15,CM,NSE,STK,15342,INE849C01026,SHALPAINTS,EQ,,,,,SHALIM PAINTS LTD,52.0,52.45,50.2,50.95,51.25,51.9,,50.96,,,63811,3277343.45,849,F1,1,,,,,
2026-07-15,2026-07-15,CM,NSE,STK,25737,INE01NE01012,SRD,EQ,,,,,SHANKAR LAL RAMPAL LTD,41.0,41.0,39.02,39.22,39.21,39.97,,39.22,,,52859,2074840.38,232,F1,1,,,,,
2026-07-15,2026-07-15,CM,NSE,STK,20321,INE274V01019,SHANKARA,EQ,,,,,SHANKARA BLDG PRODUCT LTD,134.6,139.48,134.6,137.03,137.0,134.6,,137.03,,,79480,10923268.0,1069,F1,1,,,,,
2026-07-15,2026-07-15,CM,NSE,STK,760594,INE24OJ01011,BUILDPRO,EQ,,,,,SHANKARA BUILDPRO LIMITED,1298.0,1318.9,1255.3,1268.6,1265.0,1272.6,,1268.6,,,329094,424087436.8,11907,F1,1,,,,,
2026-07-15,2026-07-15,CM,NSE,STK,3078,INE631A01022,SHANTIGEAR,EQ,,,,,SHANTHI GEARS LTD,440.15,443.85,436.0,438.6,438.9,440.15,,438.6,,,7693,3385158.15,627,F1,1,,,,,
2026-07-15,2026-07-15,CM,NSE,STK,762889,INE440T01028,SEIL,EQ,,,,,SHANTI EDU INITIATIVES L,204.31,209.51,203.29,206.6,205.55,205.21,,206.58,,,96547,19909715.65,2360,F1,1,,,,,
2026-07-15,2026-07-15,CM,NSE,STK,758002,INE06ZD01017,SHANTIGOLD,EQ,,,,,SHANTI GOLD INTERNATION L,215.0,217.89,212.59,213.55,213.8,213.97,,213.54,,,309727,66650346.67,4016,F1,1,,,,,
2026-07-15,2026-07-15,CM,NSE,STK,5650,INE933X01016,SHANTI,EQ,,,,,SHANTI OVERSEAS INDIA LTD,7.27,7.27,6.82,6.98,7.0,7.14,,6.98,,,6493,45075.68,59,F1,1,,,,,
2026-07-15,2026-07-15,CM,NSE,STK,762904,INE220Z01013,SHINDL,EQ,,,,,SHARAT INDUSTRIES LTD.,163.32,165.0,153.85,159.85,155.01,162.83,,159.83,,,186816,30184394.54,1313,F1,1,,,,,
2026-07-15,2026-07-15,CM,NSE,STK,4992,INE221J01015,SHARDACROP,EQ,,,,,SHARDA CROPCHEM LTD.,907.8,936.95,907.0,908.55,912.0,906.45,,908.6,,,164409,151412610.0,10769,F1,1,,,,,
2026-07-15,2026-07-15,CM,NSE,STK,10530,INE597I01028,SHARDAMOTR,EQ,,,,,SHARDA MOTOR INDS LTD,861.0,866.3,843.1,845.8,848.15,856.3,,845.45,,,25531,21766699.45,2500,F1,1,,,,,
2026-07-15,2026-07-15,CM,NSE,STK,762894,INE037B01020,SHARDUL,EQ,,,,,SHARDUL SECURITIES LTD.,46.56,46.56,46.56,46.56,46.56,44.35,,46.72,,,2543,118402.08,11,F1,1,,,,,
2026-07-15,2026-07-15,CM,NSE,STK,104,INE932X01026,SHAREINDIA,EQ,,,,,SHARE IND. SECURITIES LTD,179.47,181.28,170.42,174.51,175.0,177.76,,174.51,,,1352403,239471312.88,9068,F1,1,,,,,
2026-07-15,2026-07-15,CM,NSE,STK,19469,INE460Q01014,SCML,SM,,,,,SHARP CHUCKS N MACHINES L,81.75,81.9,80.95,81.9,81.9,78.0,,81.9,,,8000,651650.0,6,F1,1000,,,,,
2026-07-15,2026-07-15,CM,NSE,STK,759410,INE0YJV01017,SHEEL,ST,,,,,SHEEL BIOTECH LIMITED,72.0,72.0,72.0,72.0,72.0,72.45,,72.0,,,6000,432000.0,3,F1,2000,,,,,
2026-07-15,2026-07-15,CM,NSE,STK,19184,INE916U01025,SFL,EQ,,,,,SHEELA FOAM LIMITED,806.1,808.6,777.0,782.85,782.1,808.95,,782.85,,,172508,136790989.85,10407,F1,1,,,,,
2026-07-15,2026-07-15,CM,NSE,STK,12072,INE501Y01019,SCPL,EQ,,,,,SHEETAL COOL PRODUCTS LTD,477.25,485.4,464.0,477.05,470.55,483.45,,477.05,,,31794,14972111.95,1360,F1,1,,,,,
2026-07-15,2026-07-15,CM,NSE,STK,20415,INE04VX01019,SHEETAL,SM,,,,,SHEETAL UNIVERSAL LIMITED,295.0,296.0,295.0,296.0,296.0,294.9,,296.0,,,7000,2069475.0,12,F1,500,,,,,
2026-07-15,2026-07-15,CM,NSE,STK,21099,INE268L01046,SHEKHAWATI,BE,,,,,SHEKHAWATI INDUSTRIES LTD,13.48,13.48,13.0,13.24,13.36,13.16,,13.24,,,13794,179980.39,70,F1,1,,,,,
2026-07-15,2026-07-15,CM,NSE,STK,5072,INE363M01019,SHEMAROO,BE,,,,,SHEMAROO ENTER. LTD.,122.5,127.79,122.5,123.7,124.99,125.0,,123.53,,,2722,338445.55,30,F1,1,,,,,
2026-07-15,2026-07-15,CM,NSE,STK,14176,INE0MM001019,SHERA,ST,,,,,SHERA ENERGY LIMITED,159.3,162.0,154.25,155.45,157.2,159.25,,155.45,,,28000,4418200.0,25,F1,1000,,,,,
2026-07-15,2026-07-15,CM,NSE,STK,8394,INE03KJ01013,SHIGAN,SM,,,,,SHIGAN QUANTUM TECH LTD,60.35,62.7,60.35,60.9,61.3,63.9,,60.9,,,12000,733350.0,8,F1,1500,,,,,
2026-07-15,2026-07-15,CM,NSE,STK,759847,INE024F01011,SHILCTECH,EQ,,,,,SHILCHAR TECHNOLOGIES LTD,4403.6,4516.7,4388.1,4499.2,4515.0,4403.6,,4500.2,,,10460,46769565.0,3226,F1,1,,,,,
2026-07-15,2026-07-15,CM,NSE,STK,17752,INE790G01031,SHILPAMED,EQ,,,,,SHILPA MEDICARE LTD,629.9,648.0,628.05,645.75,645.75,624.25,,645.75,,,741076,474514068.85,22002,F1,1,,,,,
2026-07-15,2026-07-15,CM,NSE,STK,23127,INE0PB301013,SCILAL,EQ,,,,,SHIPPING CORP OF ILA LTD,42.48,43.08,42.05,42.2,42.05,42.63,,42.2,,,185947,7883081.41,1337,F1,1,,,,,
2026-07-15,2026-07-15,CM,NSE,STK,3048,INE109A01011,SCI,EQ,,,,,SHIPPING CORP OF INDIA LT,284.7,290.0,282.9,287.65,288.55,285.2,,287.65,,,1860149,533635845.95,22639,F1,1,,,,,
2026-07-15,2026-07-15,CM,NSE,STK,759747,INE719F01016,SHIVAUM,EQ,,,,,SHIV AUM STEELS LIMITED,424.95,426.0,390.0,409.35,391.0,410.0,,409.35,,,440295,180536821.85,748,F1,1,,,,,
2026-07-15,2026-07-15,CM,NSE,STK,1503,INE644Y01017,SHIVAMILLS,BE,,,,,SHIVA MILLS LIMITED,58.59,61.58,58.59,60.79,60.0,61.6,,60.79,,,56,3388.17,9,F1,1,,,,,
2026-07-15,2026-07-15,CM,NSE,STK,804,INE705C01020,SHIVATEX,EQ,,,,,SHIVA TEXYARN LIMITED,149.06,151.85,147.25,148.01,148.01,148.65,,148.0,,,4253,634243.19,52,F1,1,,,,,
2026-07-15,2026-07-15,CM,NSE,STK,24249,INE0T7B01010,SPCL,SM,,,,,SHIVALIC POWER CONTROL L,70.5,72.05,69.5,71.5,70.2,70.45,,71.5,,,28800,2064780.0,40,F1,600,,,,,
2026-07-15,2026-07-15,CM,NSE,STK,4656,INE386D01027,SBCL,EQ,,,,,SHIVALIK BIMETAL CON. LTD,743.05,749.6,713.15,717.05,721.0,739.35,,717.05,,,206363,150701383.05,11010,F1,1,,,,,
2026-07-15,2026-07-15,CM,NSE,STK,7026,INE788J01021,SHIVALIK,BE,,,,,SHIVALIK RASAYAN LIMITED,215.95,217.7,212.51,214.89,215.0,215.8,,214.89,,,9784,2103187.18,156,F1,1,,,,,
2026-07-15,2026-07-15,CM,NSE,STK,13757,INE637H01024,SHIVAMAUTO,BE,,,,,SHIVAM AUTO.LTD,18.13,18.13,18.13,18.13,18.13,18.49,,18.46,,,20494,371556.22,37,F1,1,,,,,
2026-07-15,2026-07-15,CM,NSE,STK,758744,INE1DLF01018,SHIVASHRIT,SM,,,,,SHIVASHRIT FOODS LIMITED,117.25,119.95,117.25,119.95,119.95,120.0,,119.95,,,3000,355200.0,3,F1,1000,,,,,
2026-07-15,2026-07-15,CM,NSE,STK,11813,INE498B01024,SHOPERSTOP,EQ,,,,,SHOPPERS STOP LIMITED,372.2,399.8,372.2,393.45,395.0,375.0,,393.45,,,370577,145011554.15,13887,F1,1,,,,,
2026-07-15,2026-07-15,CM,NSE,STK,708,INE715Y01031,SHRADHA,EQ,,,,,SHRADHA REALTY LIMITED,40.9,42.64,39.1,40.74,40.58,35.54,,40.74,,,1453227,60256631.38,5700,F1,1,,,,,
2026-07-15,2026-07-15,CM,NSE,STK,10588,INE712K01011,SHREEPUSHK,EQ,,,,,SHRE PUSH CHEM & FERT LTD,408.2,410.4,389.8,393.0,391.2,405.4,,393.0,,,56182,22238816.85,3102,F1,1,,,,,
2026-07-15,2026-07-15,CM,NSE,STK,762874,INE185C01017,SAPPL,EQ,,,,,SHREE AJIT PULP & PAPER L,310.9,310.9,295.3,305.95,305.95,300.35,,305.95,,,149,44567.0,15,F1,1,,,,,
2026-07-15,2026-07-15,CM,NSE,STK,3103,INE070A01015,SHREECEM,EQ,,,,,SHREE CEMENT LIMITED,26285.0,27045.0,26285.0,26925.0,26940.0,26280.0,,26925.0,,,17102,459103510.0,7610,F1,1,,,,,
2026-07-15,2026-07-15,CM,NSE,STK,3099,INE232A01011,SHREDIGCEM,EQ,,,,,SHREE DIGVIJAY CEM CO LTD,73.5,74.98,72.7,73.67,73.84,72.8,,73.67,,,90960,6714560.5,998,F1,1,,,,,
2026-07-15,2026-07-15,CM,NSE,STK,23074,INE0S4Y01010,SHREEKARNI,SM,,,,,SHREE KARNI FABCOM LTD,407.5,418.0,402.1,402.55,403.0,407.5,,402.55,,,2250,911587.5,13,F1,150,,,,,
2026-07-15,2026-07-15,CM,NSE,STK,20603,INE02S501018,SHREEOSFM,SM,,,,,SHREE OSFM E-MOBILITY LTD,56.6,58.0,56.6,58.0,58.0,59.2,,58.0,,,2000,114600.0,2,F1,1000,,,,,
2026-07-15,2026-07-15,CM,NSE,STK,760188,INE19GK01015,SRTL,EQ,,,,,SHREE RAM TWISTEX LIMITED,40.5,42.2,40.22,41.13,41.3,40.7,,41.19,,,137967,5721371.35,1456,F1,1,,,,,
2026-07-15,2026-07-15,CM,NSE,STK,7627,INE879A01019,SHREERAMA,EQ,,,,,SHREE RAMA MULTI TECH LTD,42.95,43.09,42.0,42.37,42.39,42.42,,42.37,,,28525,1214325.7,296,F1,1,,,,,
2026-07-15,2026-07-15,CM,NSE,STK,13565,INE278B01020,RAMANEWS,EQ,,,,,SHREE RAMA NEWSPRINT LTD,29.23,29.9,28.32,28.95,28.76,29.23,,28.96,,,32039,933996.04,188,F1,1,,,,,
2026-07-15,2026-07-15,CM,NSE,STK,12026,INE087H01022,RENUKA,EQ,,,,,SHREE RENUKA SUGARS LTD,22.8,22.81,22.49,22.55,22.58,22.72,,22.55,,,2138676,48382594.27,5182,F1,1,,,,,
2026-07-15,2026-07-15,CM,NSE,STK,25203,INE0S2G01011,BALAJEE,EQ,,,,,SHREE TIRUPATI BALAJEE L,28.45,29.45,28.45,28.99,28.81,28.86,,28.99,,,7733,222931.0,120,F1,1,,,,,
2026-07-15,2026-07-15,CM,NSE,STK,15126,INE00CE01017,SVLL,BE,,,,,SHREE VASU LOGISTICS LTD,677.0,705.0,651.0,679.1,679.1,683.4,,679.1,,,95910,63710834.1,268,F1,1,,,,,
2026-07-15,2026-07-15,CM,NSE,STK,762112,INE0K3301012,SHREEDHAR,SM,,,,,SHREEDHAR SPINNERS LTD,77.25,87.55,77.25,82.0,82.0,75.7,,82.0,,,132000,10818900.0,60,F1,2000,,,,,
2026-07-15,2026-07-15,CM,NSE,STK,759805,INE1FL101016,SHETHJI,ST,,,,,SHREEJI GLOBAL FMCG LTD,150.4,151.0,149.9,150.15,151.0,150.4,,150.15,,,20000,3002000.0,14,F1,1000,,,,,
2026-07-15,2026-07-15,CM,NSE,STK,759448,INE1B6101010,SHREEJISPG,EQ,,,,,SHREEJI SHIPPING GLOBAL L,577.1,593.35,576.85,587.35,587.0,575.3,,587.35,,,1969822,1154555967.25,20950,F1,1,,,,,
2026-07-15,2026-07-15,CM,NSE,STK,14305,INE00IK01029,OSWALSEEDS,EQ,,,,,SHREEOSWAL S AND CHE LTD,11.04,11.17,10.62,10.76,10.7,10.84,,10.76,,,13373,144031.56,130,F1,1,,,,,
2026-07-15,2026-07-15,CM,NSE,STK,760252,INE632X01030,SHRENIK,BZ,,,,,SHRENIK LIMITED,0.36,0.36,0.35,0.35,0.35,0.35,,0.35,,,205937,72961.75,125,F1,1,,,,,
2026-07-15,2026-07-15,CM,NSE,STK,3126,INE231C01019,SHREYANIND,EQ,,,,,SHREYANS INDUSTRIES LTD,136.25,141.98,136.25,138.67,139.99,136.43,,138.55,,,1161,159939.07,50,F1,1,,,,,
2026-07-15,2026-07-15,CM,NSE,STK,756409,INE0DM401012,SHRIAHIMSA,ST,,,,,SHRI AHIMSA NATURALS LTD,395.0,395.0,380.0,388.0,388.0,389.9,,388.0,,,10800,4180860.0,18,F1,600,,,,,
2026-07-15,2026-07-15,CM,NSE,STK,762899,INE402H01015,SHBAJRG,EQ,,,,,SHRI BAJRANG ALLIANCE L,182.0,185.2,181.23,182.11,182.0,183.83,,182.11,,,2704,492646.73,55,F1,1,,,,,
2026-07-15,2026-07-15,CM,NSE,STK,758568,INE0NON01025,SHKSIL,SM,,,,,SHRI HARE-KRI SPO IRON L,38.0,39.0,38.0,39.0,39.0,38.0,,39.0,,,4000,154000.0,2,F1,2000,,,,,
2026-07-15,2026-07-15,CM,NSE,STK,760223,INE1V4601019,SHRIKANHA,ST,,,,,SHRI KANHA STAINLESS LTD,25.4,25.4,24.5,24.5,24.5,24.5,,24.5,,,4800,119040.0,3,F1,1600,,,,,
2026-07-15,2026-07-15,CM,NSE,STK,762909,INE997I01012,SHRIKRISH,EQ,,,,,SHRI KRISHNA DEVCON LTD.,38.46,41.6,38.46,40.59,40.46,38.85,,40.59,,,19478,781703.66,133,F1,1,,,,,
2026-07-15,2026-07-15,CM,NSE,STK,17684,INE0OMF01015,SHRITECH,SM,,,,,SHRI TECHTEX LIMITED,61.45,61.45,61.45,61.45,61.45,63.0,,61.45,,,2000,122900.0,1,F1,2000,,,,,
2026-07-15,2026-07-15,CM,NSE,STK,759093,INE1B3L01017,SHRINGARMS,EQ,,,,,SHRINGAR HOU OF MANGALS L,228.9,229.93,224.0,224.68,224.71,227.79,,224.68,,,581368,131823416.27,4061,F1,1,,,,,
2026-07-15,2026-07-15,CM,NSE,STK,24374,INF680P01422,LIQUIDSHRI,EQ,,,,,SHRIRAM - LIQUIDSHRI,1112.98,1113.0,1112.98,1112.98,1112.98,1112.86,,1112.98,,,1823,2028969.02,22,F1,1,,,,,
2026-07-15,2026-07-15,CM,NSE,STK,4306,INE721A01047,SHRIRAMFIN,EQ,,,,,SHRIRAM FINANCE LIMITED,1028.0,1049.0,1025.2,1033.8,1033.0,1013.9,,1033.8,,,7089054,7364068477.6,116650,F1,1,,,,,
2026-07-15,2026-07-15,CM,NSE,STK,7200,INE217L01019,SHRIRAMPPS,EQ,,,,,SHRIRAM PROPERTIES LTD,87.87,88.74,86.79,87.25,87.45,87.45,,87.25,,,371017,32502444.76,2808,F1,1,,,,,
2026-07-15,2026-07-15,CM,NSE,STK,25240,INE0UL701015,SHUBHSHREE,SM,,,,,SHUBHSHREE BIOFUELS ENE L,335.0,341.0,335.0,341.0,341.0,331.0,,341.0,,,600,202800.0,2,F1,300,,,,,
2026-07-15,2026-07-15,CM,NSE,STK,10192,INE979R01011,SHYAMCENT,BE,,,,,SHYAM CENTURY FERROUS LTD,5.72,5.8,5.47,5.62,5.74,5.71,,5.62,,,45340,257167.3,140,F1,1,,,,,
2026-07-15,2026-07-15,CM,NSE,STK,761213,INE1CRP01016,SHYAMDHANI,ST,,,,,SHYAM DHANI INDUSTRIES L,60.0,60.0,58.15,58.15,58.15,60.0,,58.15,,,8000,472400.0,4,F1,2000,,,,,
2026-07-15,2026-07-15,CM,NSE,STK,4693,INE810G01011,SHYAMMETL,EQ,,,,,SHYAM METALICS AND ENGY L,1035.95,1049.0,1022.0,1033.75,1034.5,1035.95,,1033.75,,,602596,625519337.9,18046,F1,1,,,,,
2026-07-15,2026-07-15,CM,NSE,STK,13741,INE635A01023,SHYAMTEL,BE,,,,,SHYAM TELECOM LIMITED,16.19,16.51,16.19,16.51,16.51,16.52,,16.51,,,4733,76659.27,21,F1,1,,,,,
2026-07-15,2026-07-15,CM,NSE,STK,16875,INE176J01011,SICAGEN,EQ,,,,,SICAGEN INDIA LIMITED,51.88,52.95,51.25,51.5,51.52,51.88,,51.45,,,4710,244168.86,71,F1,1,,,,,
2026-07-15,2026-07-15,CM,NSE,STK,19434,INE075B01020,SICALLOG,EQ,,,,,SICAL LOGISTICS LIMITED,88.5,90.03,87.47,90.03,90.03,85.75,,90.03,,,41079,3685563.35,120,F1,1,,,,,
2026-07-15,2026-07-15,CM,NSE,STK,759053,INE0SVO01019,SIDDHICOTS,SM,,,,,SIDDHI COTSPIN LIMITED,28.75,28.8,28.75,28.8,28.8,28.5,,28.8,,,4800,138060.0,4,F1,1200,,,,,
2026-07-15,2026-07-15,CM,NSE,STK,3148,INE0A1E01018,SIDDHIKA,SM,,,,,SIDDHIKA COATINGS LIMITED,213.15,213.15,213.15,213.15,213.15,213.15,,213.15,,,2000,426300.0,3,F1,500,,,,,
2026-07-15,2026-07-15,CM,NSE,STK,756871,INE1NPP01017,ENRIN,EQ,,,,,SIEMENS ENERGY INDIA LTD,3400.0,3508.0,3396.1,3497.4,3507.0,3389.6,,3497.4,,,318220,1104079217.0,31593,F1,1,,,,,
2026-07-15,2026-07-15,CM,NSE,STK,3150,INE003A01024,SIEMENS,EQ,,,,,SIEMENS LTD,3531.0,3608.0,3527.8,3571.8,3577.0,3510.3,,3571.7,,,315307,1126427504.3,27103,F1,1,,,,,
2026-07-15,2026-07-15,CM,NSE,STK,6664,INE0D0K01022,SIGACHI,BE,,,,,SIGACHI INDUSTRIES LTD,24.05,24.05,24.05,24.05,24.05,23.58,,24.0,,,166322,4000044.1,266,F1,1,,,,,
2026-07-15,2026-07-15,CM,NSE,STK,14793,INE933B01012,SIGMAADV,EQ,,,,,SIGMA ADVANCED SYSTEM LTD,584.75,595.8,552.0,559.85,561.9,573.65,,559.85,,,456026,260649454.1,11979,F1,1,,,,,
2026-07-15,2026-07-15,CM,NSE,STK,16658,INE0A0S01028,SIGMA,EQ,,,,,SIGMA SOLVE LIMITED,38.39,38.39,37.68,37.9,37.68,37.68,,37.91,,,18320,696121.5,394,F1,1,,,,,
2026-07-15,2026-07-15,CM,NSE,STK,18743,INE903U01023,SIGNATURE,EQ,,,,,SIGNATUREGLOBAL INDIA LTD,825.0,898.0,825.0,841.7,837.0,822.55,,841.65,,,6455817,5585942874.55,148175,F1,1,,,,,
2026-07-15,2026-07-15,CM,NSE,STK,4522,INE529F01035,SIGIND,EQ,,,,,SIGNET INDUSTRIES LIMITED,47.39,47.39,45.0,45.58,45.25,45.79,,45.58,,,9044,412798.07,225,F1,1,,,,,
2026-07-15,2026-07-15,CM,NSE,STK,23150,INE0RDE01010,SIGNORIA,ST,,,,,SIGNORIA CREATION LIMITED,155.0,155.0,148.65,148.65,148.65,156.45,,148.65,,,12000,1796950.0,12,F1,1000,,,,,
2026-07-15,2026-07-15,CM,NSE,STK,22656,INE0KGZ01021,SIGNPOST,EQ,,,,,SIGNPOST INDIA LIMITED,323.5,326.8,318.0,321.05,320.0,322.05,,321.05,,,123994,39849588.45,4243,F1,1,,,,,
2026-07-15,2026-07-15,CM,NSE,STK,762914,INE438E01032,SIKA,EQ,,,,,SIKA INTERPLANT SYSTEMS L,1180.7,1218.0,1175.1,1188.0,1186.5,1180.6,,1188.4,,,26930,32221103.4,2875,F1,1,,,,,
2026-07-15,2026-07-15,CM,NSE,STK,6218,INE112X01025,SIKKO,EQ,,,,,SIKKO INDUSTRIES LIMITED,3.95,4.03,3.9,3.92,3.94,3.93,,3.92,,,295508,1168680.14,417,F1,1,,,,,
2026-07-15,2026-07-15,CM,NSE,STK,4105,INE923A01015,SILINV,EQ,,,,,SIL INVESTMENTS LIMITED,415.0,426.45,415.0,421.8,420.1,418.9,,421.8,,,1246,526779.75,153,F1,1,,,,,
2026-07-15,2026-07-15,CM,NSE,STK,2492,INE01II01013,SILGO,EQ,,,,,SILGO RETAIL LIMITED,74.74,76.0,74.28,75.09,76.0,74.74,,75.09,,,168348,12629781.26,1017,F1,1,,,,,
2026-07-15,2026-07-15,CM,NSE,STK,23739,INE0STN01015,SILKFLEX,ST,,,,,SILKFLEX POLYMERS INDIA L,217.0,217.0,202.0,210.0,210.0,207.25,,210.0,,,13000,2730150.0,13,F1,1000,,,,,
2026-07-15,2026-07-15,CM,NSE,STK,757679,INE0SN801015,SILKY,SM,,,,,SILKY OVERSEAS LIMITED,101.5,102.8,90.0,91.5,91.0,108.4,,91.5,,,44000,4137880.0,54,F1,800,,,,,
2026-07-15,2026-07-15,CM,NSE,STK,19097,INE203Y01012,SILLYMONKS,EQ,,,,,SILLY MONKS ENTERTAIN LTD,16.99,16.99,16.02,16.16,16.16,16.77,,16.16,,,7837,128235.63,167,F1,1,,,,,
2026-07-15,2026-07-15,CM,NSE,STK,9422,INE625X01026,SILVERTUC,EQ,,,,,SILVER TOUCH TECHNO LTD,197.0,204.89,196.5,198.26,199.6,195.14,,198.27,,,610943,123685007.76,5718,F1,1,,,,,
2026-07-15,2026-07-15,CM,NSE,STK,758836,INE748T01016,SIMBHALS,BZ,,,,,SIMBHAOLI SUGARS LTD.,7.25,7.25,6.86,6.9,6.9,6.99,,6.92,,,9931,69291.8,43,F1,1,,,,,
2026-07-15,2026-07-15,CM,NSE,STK,763375,INE1K4J01018,SIMCA,SM,,,,,SIMCA ADVERTISING LIMITED,193.0,196.9,187.2,192.85,193.9,193.15,,192.85,,,60600,11685480.0,83,F1,600,,,,,
2026-07-15,2026-07-15,CM,NSE,STK,3162,INE059B01024,SIMPLEXINF,EQ,,,,,SIMPLEX INFRASTRUCTURES L,265.0,266.4,256.5,261.6,258.6,262.9,,261.6,,,43755,11439051.2,978,F1,1,,,,,
2026-07-15,2026-07-15,CM,NSE,STK,23480,INE985A01022,SINCLAIR,EQ,,,,,SINCLAIRS HOTELS LIMITED,77.26,77.26,75.51,76.2,76.0,76.54,,76.19,,,14262,1092297.72,305,F1,1,,,,,
2026-07-15,2026-07-15,CM,NSE,STK,16859,INE325D01025,SINDHUTRAD,EQ,,,,,SINDHU TRADE LINKS LTD,25.09,25.5,24.75,25.07,25.08,25.24,,25.07,,,321220,8094412.44,908,F1,1,,,,,
2026-07-15,2026-07-15,CM,NSE,STK,761420,INE638A01035,SINGERIND,EQ,,,,,SINGER INDIA LIMITED,66.52,68.0,65.76,66.55,65.76,66.36,,66.57,,,47954,3209142.73,566,F1,1,,,,,
2026-07-15,2026-07-15,CM,NSE,STK,381,INE129Z01016,SINTERCOM,EQ,,,,,SINTERCOM INDIA LIMITED,79.7,79.7,77.0,78.48,78.4,77.0,,78.48,,,215310,16661926.76,466,F1,1,,,,,
2026-07-15,2026-07-15,CM,NSE,STK,11050,INE792Z01011,SIRCA,EQ,,,,,SIRCA PAINT INDIA LIMITED,397.75,398.9,391.0,393.35,392.95,397.75,,393.35,,,226675,89220294.55,3317,F1,1,,,,,
2026-07-15,2026-07-15,CM,NSE,STK,21501,INE285J01028,SIS,EQ,,,,,SIS LIMITED,436.95,445.35,435.75,438.8,439.4,434.6,,438.8,,,164646,72458036.85,7720,F1,1,,,,,
2026-07-15,2026-07-15,CM,NSE,STK,29210,INE965H01011,SITINET,BZ,,,,,SITI NETWORKS LIMITED,0.32,0.32,0.31,0.32,0.32,0.31,,0.32,,,284882,90028.52,154,F1,1,,,,,
2026-07-15,2026-07-15,CM,NSE,STK,14096,INE076B01028,SIYSIL,EQ,,,,,SIYARAM SILK MILLS LTD,650.5,656.1,636.1,639.4,644.8,647.3,,639.4,,,34607,22309909.4,2156,F1,1,,,,,
2026-07-15,2026-07-15,CM,NSE,STK,6643,INE284S01014,SJS,EQ,,,,,SJS ENTERPRISES LIMITED,2164.4,2185.0,2160.0,2171.3,2179.0,2159.2,,2171.3,,,22179,48139515.3,3431,F1,1,,,,,
2026-07-15,2026-07-15,CM,NSE,STK,18883,INE002L01015,SJVN,EQ,,,,,SJVN LTD,70.3,70.69,69.86,70.03,70.0,70.38,,70.03,,,1437138,100911951.87,12466,F1,1,,,,,
2026-07-15,2026-07-15,CM,NSE,STK,760101,INE2J8701016,SKFINDUS,EQ,,,,,SKF IND (INDUSTRIAL) LTD,2730.0,2820.3,2730.0,2748.4,2735.0,2738.4,,2748.4,,,23340,64592400.9,6315,F1,1,,,,,
2026-07-15,2026-07-15,CM,NSE,STK,3186,INE640A01023,SKFINDIA,EQ,,,,,SKF INDIA LTD,1567.1,1574.6,1517.0,1527.8,1529.5,1567.1,,1527.8,,,44538,68296234.2,6616,F1,1,,,,,
2026-07-15,2026-07-15,CM,NSE,STK,9428,INE439E01022,SKIPPER,EQ,,,,,SKIPPER LIMITED,557.85,574.5,532.95,545.15,546.5,552.25,,545.15,,,1187420,658716188.15,30481,F1,1,,,,,
2026-07-15,2026-07-15,CM,NSE,STK,4732,INE411D01023,SKMEGGPROD,EQ,,,,,SKM EGG PROD EXPORT(I) LT,352.95,358.7,330.1,334.25,334.7,352.25,,334.25,,,750665,257025128.55,16261,F1,1,,,,,
2026-07-15,2026-07-15,CM,NSE,STK,10325,INE0KZA01016,SKP,SM,,,,,SKP BEARING INDUSTRI. LTD,151.2,151.2,151.2,151.2,151.2,154.0,,151.2,,,500,75600.0,1,F1,500,,,,,
2026-07-15,2026-07-15,CM,NSE,STK,13631,INE01IU01018,SKYGOLD,EQ,,,,,SKY GOLD AND DIAMONDS LTD,622.0,646.0,622.0,629.8,630.7,618.0,,629.8,,,655142,415666432.45,15932,F1,1,,,,,
2026-07-15,2026-07-15,CM,NSE,STK,23692,INE0SMA01017,SLONE,ST,,,,,SLONE INFOSYSTEMS LIMITED,121.55,128.0,120.65,120.7,120.7,127.0,,120.7,,,7200,883740.0,18,F1,400,,,,,
2026-07-15,2026-07-15,CM,NSE,STK,757622,INE14GK01016,SMARTEN,ST,,,,,SMARTEN POWER SYSTEMS LTD,60.1,61.9,60.1,61.9,61.9,59.8,,61.9,,,2400,146400.0,2,F1,1200,,,,,
2026-07-15,2026-07-15,CM,NSE,STK,9893,INE178C01020,SMARTLINK,BE,,,,,SMARTLINK HOLDINGS LTD,186.9,196.14,186.9,196.14,196.14,186.8,,196.14,,,27404,5354059.42,290,F1,1,,,,,
2026-07-15,2026-07-15,CM,NSE,STK,757965,INE0NAZ01010,SMARTWORKS,EQ,,,,,SMARTWORKS COWORKING SP L,473.85,473.85,459.9,464.1,463.0,470.35,,464.15,,,33286,15486943.3,1493,F1,1,,,,,
2026-07-15,2026-07-15,CM,NSE,STK,2320,INE103C01036,SMCGLOBAL,EQ,,,,,SMC GLOBAL SECURITIES LTD,79.5,80.74,78.97,80.09,80.0,79.45,,80.09,,,591562,47301276.53,3024,F1,1,,,,,
2026-07-15,2026-07-15,CM,NSE,STK,3387,INE294B01019,SMLMAH,EQ,,,,,SML MAHINDRA LIMITED,4085.0,4182.0,4069.6,4142.7,4140.0,4087.3,,4142.6,,,58922,243380230.4,7493,F1,1,,,,,
2026-07-15,2026-07-15,CM,NSE,STK,14329,INE812G01025,SMSPHARMA,EQ,,,,,SMS PHARMACEUTICALS LTD.,401.1,402.6,390.1,392.45,393.95,399.25,,392.6,,,128764,50921774.0,3987,F1,1,,,,,
2026-07-15,2026-07-15,CM,NSE,STK,758949,INE1OIC01018,SNEHAA,ST,,,,,SNEHAA ORGANICS LIMITED,47.95,49.8,47.95,49.8,49.8,47.95,,49.8,,,5000,245450.0,5,F1,1000,,,,,
2026-07-15,2026-07-15,CM,NSE,STK,4843,INE734N01019,SNOWMAN,EQ,,,,,SNOWMAN LOGISTICS LTD.,36.85,38.59,36.06,38.07,38.49,36.15,,38.06,,,618354,23195673.03,3824,F1,1,,,,,
2026-07-15,2026-07-15,CM,NSE,STK,13826,INE671H01015,SOBHA,EQ,,,,,SOBHA LIMITED,1495.0,1510.9,1483.0,1490.1,1495.0,1490.6,,1490.1,,,108128,162249346.0,9420,F1,1,,,,,
2026-07-15,2026-07-15,CM,NSE,STK,8268,INE728Z01015,SOFTTECH,BE,,,,,SOFTTECH ENGINEERS LTD,432.0,432.0,412.0,412.0,412.0,425.0,,406.6,,,1144,483122.7,21,F1,1,,,,,
2026-07-15,2026-07-15,CM,NSE,STK,13332,INE343H01029,SOLARINDS,EQ,,,,,SOLAR INDUSTRIES (I) LTD,18287.0,18698.0,18246.0,18285.0,18313.0,18287.0,,18285.0,,,99542,1835092238.0,25082,F1,1,,,,,
2026-07-15,2026-07-15,CM,NSE,STK,3672,INE624Z01016,SOLARA,EQ,,,,,SOLARA ACTIVE PHA SCI LTD,576.2,588.35,573.5,577.6,578.2,576.2,,577.6,,,78911,45609821.3,5259,F1,1,,,,,
2026-07-15,2026-07-15,CM,NSE,STK,759929,INE0TY101024,SOLARWORLD,EQ,,,,,SOLARWORLD ENERGY SOL LTD,208.87,211.78,206.3,207.66,208.5,208.87,,207.66,,,322239,67029116.93,2324,F1,1,,,,,
2026-07-15,2026-07-15,CM,NSE,STK,759397,INE880Y01017,SOLEX,EQ,,,,,SOLEX ENERGY LIMITED,1003.0,1019.9,991.5,995.0,994.5,996.8,,995.0,,,41547,41743959.6,4159,F1,1,,,,,
2026-07-15,2026-07-15,CM,NSE,STK,1338,INE480C01038,SDBL,EQ,,,,,SOM DIST & BREW LTD,67.29,67.4,65.5,65.8,65.94,66.76,,65.81,,,467755,31026502.52,4251,F1,1,,,,,
2026-07-15,2026-07-15,CM,NSE,STK,4201,INE314C01013,SOMATEX,EQ,,,,,SOMA TEXTILES & INDUST LT,113.25,113.77,106.35,108.05,106.5,110.81,,108.09,,,19286,2139645.73,428,F1,1,,,,,
2026-07-15,2026-07-15,CM,NSE,STK,3880,INE355A01028,SOMANYCERA,EQ,,,,,SOMANY CERAMICS LIMITED,535.2,536.8,525.25,528.75,526.5,535.2,,528.75,,,132599,70603838.15,3265,F1,1,,,,,
2026-07-15,2026-07-15,CM,NSE,STK,17794,INE323J01019,SOMICONVEY,EQ,,,,,SOMI CONVEYOR BELT. LTD.,97.96,99.0,97.25,98.59,99.0,96.42,,98.59,,,11503,1127755.64,242,F1,1,,,,,
2026-07-15,2026-07-15,CM,NSE,STK,4684,INE073K01018,SONACOMS,EQ,,,,,SONA BLW PRECISION FRGS L,675.05,676.0,663.3,669.2,667.05,666.8,,669.2,,,2257584,1517299504.55,39602,F1,1,,,,,
2026-07-15,2026-07-15,CM,NSE,STK,23055,INE0Q6H01012,SONAMAC,ST,,,,,SONA MACHINERY LIMITED,33.55,33.55,32.6,32.6,32.6,32.2,,32.6,,,3000,99700.0,3,F1,1000,,,,,
2026-07-15,2026-07-15,CM,NSE,STK,762919,INE321M01017,SONAL,EQ,,,,,SONAL MERCANTILE LTD.,94.73,94.73,86.67,93.0,86.67,90.22,,93.12,,,115,10697.72,8,F1,1,,,,,
2026-07-15,2026-07-15,CM,NSE,STK,8806,INE00LM01029,SONAMLTD,EQ,,,,,SONAM LIMITED,56.0,60.0,54.71,58.11,58.69,56.02,,58.11,,,273406,15990233.28,1727,F1,1,,,,,
2026-07-15,2026-07-15,CM,NSE,STK,6596,INE269A01021,SONATSOFTW,EQ,,,,,SONATA SOFTWARE LTD,307.35,307.35,299.9,300.75,301.0,307.75,,300.8,,,1257836,380954215.05,17836,F1,1,,,,,
2026-07-15,2026-07-15,CM,NSE,STK,9463,INE0JZA01018,SONUINFRA,ST,,,,,SONU INFRATECH LIMITED,42.9,42.9,42.9,42.9,42.9,43.0,,42.9,,,1500,64350.0,1,F1,1500,,,,,
2026-07-15,2026-07-15,CM,NSE,STK,14993,INE0O2D01012,SOTAC,SM,,,,,SOTAC PHARMACEUTICALS LTD,95.1,95.1,95.1,95.1,95.1,100.0,,95.1,,,2400,228240.0,2,F1,1200,,,,,
2026-07-15,2026-07-15,CM,NSE,STK,9678,INE980Y01015,SOUTHWEST,EQ,,,,,SOUTH WEST PINNACLE LTD,222.01,228.77,220.88,224.75,225.3,222.04,,224.76,,,92801,20910161.6,2714,F1,1,,,,,
2026-07-15,2026-07-15,CM,NSE,STK,8521,INE0JW501011,SPRL,SM,,,,,SP REFRACTORIES LIMITED,102.6,102.6,102.6,102.6,102.6,108.0,,102.6,,,800,82080.0,1,F1,800,,,,,
2026-07-15,2026-07-15,CM,NSE,STK,19372,INE970N01027,SPCENET,EQ,,,,,SPACENET ENTERS IND LTD,3.59,3.81,3.58,3.81,3.81,3.63,,3.81,,,583757,2215361.99,380,F1,1,,,,,
2026-07-15,2026-07-15,CM,NSE,STK,758420,IN9572J01019,SSFLPP,E1,,,,,SPANDANA RS.5 PPD UP,166.0,166.0,161.45,164.05,165.0,162.85,,164.05,,,8032,1317317.85,178,F1,1,,,,,
2026-07-15,2026-07-15,CM,NSE,STK,11435,INE572J01011,SPANDANA,EQ,,,,,SPANDANA SPHOORTY FIN LTD,304.9,311.8,302.9,303.8,304.8,303.05,,303.8,,,248890,76289240.65,7375,F1,1,,,,,
2026-07-15,2026-07-15,CM,NSE,STK,760138,INE1CW901027,SPEB,ST,,,,,SPEB ADHESIVES LIMITED,90.0,90.0,88.0,89.0,88.0,90.0,,89.0,,,4000,356000.0,2,F1,2000,,,,,
2026-07-15,2026-07-15,CM,NSE,STK,27107,INE247M01014,SPECIALITY,EQ,,,,,SPECIALITY REST LTD,131.51,136.5,127.0,131.49,133.55,131.11,,131.49,,,71298,9362020.44,1800,F1,1,,,,,
2026-07-15,2026-07-15,CM,NSE,STK,30455,INE01EO01010,SPECTRUM,EQ,,,,,SPECTRUM ELECTRIC IND LTD,2015.0,2040.7,1987.2,2010.3,2027.0,2012.4,,2010.3,,,10739,21610175.6,917,F1,1,,,,,
2026-07-15,2026-07-15,CM,NSE,STK,16883,INE0OL001018,SPECTSTM,ST,,,,,SPECTRUM TALENT MGMT LTD,59.45,59.95,58.05,59.9,59.95,59.45,,59.9,,,4800,285320.0,6,F1,800,,,,,
2026-07-15,2026-07-15,CM,NSE,STK,8163,INE020801028,SPENCERS,EQ,,,,,SPENCER S RETAIL LIMITED,35.37,35.67,34.35,34.57,34.89,34.77,,34.58,,,33389,1165724.33,327,F1,1,,,,,
2026-07-15,2026-07-15,CM,NSE,STK,3252,INE147A01011,SPIC,EQ,,,,,SPIC LTD,67.07,67.5,66.67,67.12,67.19,66.74,,67.12,,,239227,16052676.23,1984,F1,1,,,,,
2026-07-15,2026-07-15,CM,NSE,STK,11935,INE978G01016,SPLIL,EQ,,,,,SPL INDUSTRIES LIMITED,33.5,35.39,32.34,33.66,33.45,32.34,,33.65,,,26322,893189.04,312,F1,1,,,,,
2026-07-15,2026-07-15,CM,NSE,STK,3321,INE937A01023,SPMLINFRA,EQ,,,,,SPML INFRA LIMITED,193.0,204.5,193.0,203.11,203.5,191.52,,203.12,,,574206,115414814.12,7337,F1,1,,,,,
2026-07-15,2026-07-15,CM,NSE,STK,10733,INE885H01029,SPORTKING,EQ,,,,,SPORTKING INDIA LIMITED,199.0,200.84,193.93,195.8,196.01,196.85,,195.79,,,426727,84269328.9,8079,F1,1,,,,,
2026-07-15,2026-07-15,CM,NSE,STK,17186,INE526E01018,SHRIPISTON,EQ,,,,,SPR AUTO TECHNOLOGIES LTD,4218.5,4311.9,4163.2,4175.6,4180.0,4188.3,,4175.5,,,26876,113565827.5,8231,F1,1,,,,,
2026-07-15,2026-07-15,CM,NSE,STK,757865,INE19QH01010,SPUNWEB,SM,,,,,SPUNWEB NONWOVEN LIMITED,106.0,106.0,106.0,106.0,106.0,103.05,,106.0,,,1200,127200.0,1,F1,1200,,,,,
2026-07-15,2026-07-15,CM,NSE,STK,14582,INE917H01012,SRHHYPOLTD,EQ,,,,,SREE RAYALSEEMA HHP LTD.,492.0,495.5,484.05,488.6,488.4,492.0,,488.6,,,4265,2095738.9,187,F1,1,,,,,
2026-07-15,2026-07-15,CM,NSE,STK,31837,INE099F01013,SREEL,EQ,,,,,SREELEATHERS LIMITED,210.33,214.89,207.11,211.6,214.8,210.33,,211.6,,,3608,757931.8,129,F1,1,,,,,
2026-07-15,2026-07-15,CM,NSE,STK,3273,INE647A01010,SRF,EQ,,,,,SRF LTD,2738.0,2819.0,2738.0,2775.6,2779.5,2744.9,,2775.6,,,339745,947883642.6,28140,F1,1,,,,,
2026-07-15,2026-07-15,CM,NSE,STK,18119,INE559N01010,SRGHFL,EQ,,,,,SRG HOUSING FINANCE L,309.5,318.0,309.5,313.5,317.0,309.5,,313.5,,,1632,511532.4,129,F1,1,,,,,
2026-07-15,2026-07-15,CM,NSE,STK,7457,INE293B01029,HAVISHA,EQ,,,,,SRI HAVISHA HOSP & INFR L,1.25,1.3,1.2,1.26,1.3,1.19,,1.26,,,119172,148279.71,149,F1,1,,,,,
2026-07-15,2026-07-15,CM,NSE,STK,758145,INE0V9Q01010,LOTUSDEV,EQ,,,,,SRI LOTUS DEVLPRS N RTY L,140.7,144.78,140.7,142.01,142.2,142.54,,142.04,,,278374,39800784.26,4645,F1,1,,,,,
2026-07-15,2026-07-15,CM,NSE,STK,761393,INE0TPJ01019,SPCON,SM,,,,,SRINIBAS PRADHAN CONST L,141.5,141.5,141.5,141.5,141.5,135.0,,141.5,,,1200,169800.0,1,F1,1200,,,,,
2026-07-15,2026-07-15,CM,NSE,STK,18059,INE0ON201012,SSFL,ST,,,,,SRIVARI SPICES N FOODS L,268.15,279.8,253.5,273.25,279.8,266.5,,273.25,,,28500,7614000.0,47,F1,500,,,,,
2026-07-15,2026-07-15,CM,NSE,STK,14416,INE0NPI01014,SRIVASAVI,ST,,,,,SRIVASAVI ADHESIVE TAPE L,88.0,91.0,88.0,91.0,91.0,86.7,,91.0,,,23000,2081500.0,22,F1,1000,,,,,
2026-07-15,2026-07-15,CM,NSE,STK,23402,INE0R6Z01013,SRM,EQ,,,,,SRM CONTRACTORS LIMITED,490.0,497.9,484.1,490.05,488.9,486.6,,490.05,,,46165,22684602.2,1805,F1,1,,,,,
2026-07-15,2026-07-15,CM,NSE,STK,29204,INE0RYC01010,STALLION,EQ,,,,,STALLION IND FLUOROCHEM L,204.26,214.5,204.26,210.56,212.0,203.13,,210.55,,,4764841,1004920966.58,45646,F1,1,,,,,
2026-07-15,2026-07-15,CM,NSE,STK,29075,INE0M4D01010,SETL,EQ,,,,,STANDARD ENGNG TCNLGY LTD,276.95,287.5,271.5,285.5,286.45,273.85,,285.5,,,1174344,333613636.25,9745,F1,1,,,,,
2026-07-15,2026-07-15,CM,NSE,STK,11297,INE173A01025,SIL,EQ,,,,,STANDARD INDUSTRIES LTD.,16.48,16.75,15.91,16.0,16.0,16.4,,16.0,,,87144,1407722.17,466,F1,1,,,,,
2026-07-15,2026-07-15,CM,NSE,STK,24226,INE01A001028,STANLEY,EQ,,,,,STANLEY LIFESTYLES LTD,158.03,158.55,155.2,155.79,155.75,157.68,,155.79,,,78517,12284925.12,1805,F1,1,,,,,
2026-07-15,2026-07-15,CM,NSE,STK,21091,INE460H01021,STARCEMENT,EQ,,,,,STAR CEMENT LIMITED,205.53,208.99,204.8,206.36,206.0,205.53,,206.74,,,314682,65137678.8,7010,F1,1,,,,,
2026-07-15,2026-07-15,CM,NSE,STK,7083,INE575P01011,STARHEALTH,EQ,,,,,STAR HEALTH & AL INS CO L,597.85,603.0,594.0,595.55,597.0,597.35,,595.55,,,199386,119304757.3,12873,F1,1,,,,,
2026-07-15,2026-07-15,CM,NSE,STK,3291,INE733A01018,STARPAPER,EQ,,,,,STAR PAPER MILLS LTD,142.0,142.0,138.41,139.21,140.0,139.19,,138.73,,,2460,343155.8,81,F1,1,,,,,
2026-07-15,2026-07-15,CM,NSE,STK,9305,INE992I01013,STARTECK,EQ,,,,,STARTECK FINANCE LIMITED,273.7,274.95,270.05,271.95,270.1,272.7,,271.95,,,7072,1938234.2,261,F1,1,,,,,
2026-07-15,2026-07-15,CM,NSE,STK,3045,INE062A01020,SBIN,EQ,,,,,STATE BANK OF INDIA,1015.5,1036.0,1013.7,1030.1,1030.8,1015.4,,1030.1,,,14275394,14676967357.4,164713,F1,1,,,,,
2026-07-15,2026-07-15,CM,NSE,STK,2963,INE114A01011,SAIL,EQ,,,,,STEEL AUTHORITY OF INDIA,167.01,168.29,163.8,164.64,164.6,166.45,,164.63,,,9947032,1648408060.01,43339,F1,1,,,,,
2026-07-15,2026-07-15,CM,NSE,STK,10406,INE395H01011,STEELCITY,EQ,,,,,STEEL CITY SECURITIES LTD,76.05,78.46,76.05,76.53,76.34,76.96,,76.53,,,5159,398286.42,98,F1,1,,,,,
2026-07-15,2026-07-15,CM,NSE,STK,21339,INE503B01021,STEELXIND,EQ,,,,,STEEL EXCHANGE INDIA LTD,12.32,12.33,12.0,12.08,12.2,12.2,,12.08,,,1475141,17906193.39,2623,F1,1,,,,,
2026-07-15,2026-07-15,CM,NSE,STK,11829,INE802C01033,SSWL,EQ,,,,,STEEL STRIPS WHEELS LTD.,254.0,283.0,250.64,262.56,265.0,250.44,,262.55,,,18947492,5101429225.93,202463,F1,1,,,,,
2026-07-15,2026-07-15,CM,NSE,STK,6803,INE124E01038,STEELCAS,EQ,,,,,STEELCAST LIMITED,299.0,308.0,298.7,306.85,308.0,299.3,,306.8,,,67426,20507938.85,2561,F1,1,,,,,
2026-07-15,2026-07-15,CM,NSE,STK,21484,INE577L01016,STEL,EQ,,,,,STEL HOLDINGS LIMITED,561.0,564.9,555.0,558.45,555.0,555.85,,558.05,,,959,536749.15,97,F1,1,,,,,
2026-07-15,2026-07-15,CM,NSE,STK,6188,INE334A01023,STERTOOLS,BE,,,,,STERLING TOOLS LIMITED,243.0,253.0,240.79,251.46,252.5,242.82,,251.46,,,43465,10812648.18,527,F1,1,,,,,
2026-07-15,2026-07-15,CM,NSE,STK,9313,INE089C01029,STLTECH,BE,,,,,STERLITE TECHNOLOGIES LTD,523.9,545.0,509.7,540.05,540.0,533.85,,540.0,,,2101351,1118938526.7,25147,F1,1,,,,,
2026-07-15,2026-07-15,CM,NSE,STK,13367,INE353H01010,SGL,EQ,,,,,STL GLOBAL LIMITED,10.98,10.98,10.15,10.28,10.48,10.51,,10.25,,,8330,87570.49,101,F1,1,,,,,
2026-07-15,2026-07-15,CM,NSE,STK,758978,INE1VXE01018,STLNETWORK,BE,,,,,STL NETWORKS LIMITED,24.9,25.38,24.55,24.84,25.14,24.93,,24.83,,,547803,13639116.62,1108,F1,1,,,,,
2026-07-15,2026-07-15,CM,NSE,STK,2107,INE00IN01015,STOVEKRAFT,EQ,,,,,STOVE KRAFT LIMITED,770.0,776.75,758.2,765.75,759.9,772.05,,765.9,,,158590,122148006.75,6799,F1,1,,,,,
2026-07-15,2026-07-15,CM,NSE,STK,761091,INE1XWN01017,STRIDERS,SM,,,,,STRIDERS IMPEX LIMITED,56.85,56.85,56.85,56.85,56.85,56.35,,56.85,,,1600,90960.0,1,F1,1600,,,,,
2026-07-15,2026-07-15,CM,NSE,STK,7374,INE939A01011,STAR,EQ,,,,,STRIDES PHARMA SCI LTD,1071.9,1077.7,1053.0,1059.6,1062.0,1071.1,,1059.6,,,67827,72204236.9,6951,F1,1,,,,,
2026-07-15,2026-07-15,CM,NSE,STK,12489,INE00M201021,SWSOLAR,EQ,,,,,STRLNG & WIL REN ENE LTD,244.18,244.22,238.42,239.41,239.44,242.07,,239.42,,,1162884,280482510.22,14609,F1,1,,,,,
2026-07-15,2026-07-15,CM,NSE,STK,759587,INE00Q601028,STUDDS,EQ,,,,,STUDDS ACCESSORIES LTD,450.75,453.85,445.25,447.2,448.0,448.55,,447.2,,,40395,18118328.2,1568,F1,1,,,,,
2026-07-15,2026-07-15,CM,NSE,STK,758530,INE17VO01028,STUDIOLSD,ST,,,,,STUDIO LSD LIMITED,9.2,9.25,9.0,9.0,9.0,9.2,,9.0,,,12000,110100.0,6,F1,2000,,,,,
2026-07-15,2026-07-15,CM,NSE,STK,5186,INE239C01020,STYLAMIND,EQ,,,,,STYLAM INDUSTRIES LIMITED,3300.0,3410.1,3231.1,3263.2,3267.8,3306.3,,3263.2,,,42253,140302768.8,8560,F1,1,,,,,
2026-07-15,2026-07-15,CM,NSE,STK,19,INE189B01011,STYRENIX,EQ,,,,,STYRENIX PERFORMANCE LTD,2264.0,2322.8,2226.0,2248.3,2249.8,2264.3,,2248.4,,,43459,99369451.0,2581,F1,1,,,,,
2026-07-15,2026-07-15,CM,NSE,STK,760112,INE0RYR01018,SUBAHOTELS,SM,,,,,SUBA HOTELS LIMITED,114.0,114.9,110.5,113.0,113.0,111.65,,113.0,,,40800,4598820.0,34,F1,1200,,,,,
2026-07-15,2026-07-15,CM,NSE,STK,959,INE754A01055,SUBEXLTD,BE,,,,,SUBEX LTD,13.3,13.74,13.25,13.35,13.49,13.36,,13.36,,,1060701,14288657.33,2970,F1,1,,,,,
2026-07-15,2026-07-15,CM,NSE,STK,3324,INE287B01021,SUBROS,EQ,,,,,SUBROS LIMITED,812.5,820.45,804.3,814.0,806.0,811.35,,813.95,,,46796,38066416.3,3197,F1,1,,,,,
2026-07-15,2026-07-15,CM,NSE,STK,3327,INE659A01023,SUDARSCHEM,EQ,,,,,SUDARSHAN CHEMICAL INDS L,1070.95,1085.0,1067.55,1069.5,1070.45,1066.2,,1069.45,,,265615,285901485.1,16421,F1,1,,,,,
2026-07-15,2026-07-15,CM,NSE,STK,715,INE492A01029,SUDARCOLOR,EQ,,,,,SUDARSHAN COLORNT IND LTD,375.0,384.9,368.5,372.85,372.65,378.2,,373.25,,,5992,2260387.2,879,F1,1,,,,,
2026-07-15,2026-07-15,CM,NSE,STK,760039,INE0QPI01025,SUDEEPPHRM,EQ,,,,,SUDEEP PHARMA LIMITED,845.0,875.0,837.45,847.65,849.0,837.45,,847.7,,,172199,147570210.6,14634,F1,1,,,,,
2026-07-15,2026-07-15,CM,NSE,STK,11804,INE450E01029,SUKHJITS,EQ,,,,,SUKHJIT STARCH & CHEM LTD,173.17,173.89,163.0,164.76,164.0,171.06,,164.79,,,18949,3167070.49,783,F1,1,,,,,
2026-07-15,2026-07-15,CM,NSE,STK,13218,INE142Q01026,SULA,EQ,,,,,SULA VINEYARDS LIMITED,148.79,149.89,148.0,148.69,148.86,148.63,,148.7,,,100000,14901030.46,2446,F1,1,,,,,
2026-07-15,2026-07-15,CM,NSE,STK,20790,INE235C01036,SUMEETINDS,EQ,,,,,SUMEET IND LIMITED,32.72,33.38,32.41,32.98,33.25,32.72,,32.99,,,7937671,261488504.01,7358,F1,1,,,,,
2026-07-15,2026-07-15,CM,NSE,STK,754145,INE235C20010,SUMEET-RE,BE,,,,,SUMEET INDUSTRIES LTD,2.54,2.7,2.26,2.33,2.64,2.5,,2.33,,,52105044,124552804.63,3291,F1,1,,,,,
2026-07-15,2026-07-15,CM,NSE,STK,11141,INE748Z01013,SUMIT,BE,,,,,SUMIT WOODS LIMITED,48.0,50.15,47.0,49.94,50.13,47.81,,49.94,,,161168,8010616.45,286,F1,1,,,,,
2026-07-15,2026-07-15,CM,NSE,STK,17105,INE258G01013,SUMICHEM,EQ,,,,,SUMITOMO CHEM INDIA LTD,539.0,546.85,535.05,539.9,540.15,535.2,,539.9,,,686147,370876481.05,18867,F1,1,,,,,
2026-07-15,2026-07-15,CM,NSE,STK,21275,INE519C01017,SUMMITSEC,EQ,,,,,SUMMIT SECURITIES LTD,1553.4,1560.0,1500.0,1505.4,1509.0,1534.9,,1505.4,,,5840,8885136.3,801,F1,1,,,,,
2026-07-15,2026-07-15,CM,NSE,STK,14788,INE232I01014,SPARC,EQ,,,,,SUN PHARMA ADV.RES.CO.LTD,248.5,256.9,247.82,251.04,252.9,247.83,,251.04,,,1481284,374534465.35,23808,F1,1,,,,,
2026-07-15,2026-07-15,CM,NSE,STK,3351,INE044A01036,SUNPHARMA,EQ,,,,,SUN PHARMACEUTICAL IND L,1955.0,1962.7,1943.3,1951.5,1953.4,1942.6,,1951.5,,,2283494,4461765356.0,118819,F1,1,,,,,
2026-07-15,2026-07-15,CM,NSE,STK,13404,INE424H01027,SUNTV,EQ,,,,,SUN TV NETWORK LIMITED,495.0,500.25,493.0,495.35,493.35,493.85,,495.35,,,146022,72573918.45,8480,F1,1,,,,,
2026-07-15,2026-07-15,CM,NSE,STK,20956,INE0Q3R01026,SUNCLAY,EQ,,,,,SUNDARAM CLAYTON LIMITED,1370.0,1404.6,1369.5,1392.5,1390.0,1382.2,,1392.5,,,3682,5127840.4,498,F1,1,,,,,
2026-07-15,2026-07-15,CM,NSE,STK,3339,INE660A01013,SUNDARMFIN,EQ,,,,,SUNDARAM FINANCE LTD,4488.0,4519.0,4445.0,4505.9,4518.0,4461.1,,4505.9,,,59137,265921273.9,15316,F1,1,,,,,
2026-07-15,2026-07-15,CM,NSE,STK,18931,INE108E01023,SUNDARAM,EQ,,,,,SUNDARAM MULTI PAP LTD,1.26,1.29,1.25,1.26,1.27,1.25,,1.26,,,278202,352905.54,253,F1,1,,,,,
2026-07-15,2026-07-15,CM,NSE,STK,9848,INE073D01013,SUNDRMBRAK,BE,,,,,SUNDARAMBRAKE LININGS LTD,856.0,856.0,826.0,840.8,840.8,854.65,,831.0,,,1726,1440590.65,51,F1,1,,,,,
2026-07-15,2026-07-15,CM,NSE,STK,3345,INE387A01021,SUNDRMFAST,EQ,,,,,SUNDRAM FASTENERS LTD,960.25,966.4,956.85,960.0,962.0,959.75,,960.0,,,38645,37114765.3,3626,F1,1,,,,,
2026-07-15,2026-07-15,CM,NSE,STK,1663,INE209A01019,SUNDROP,EQ,,,,,SUNDROP BRANDS LIMITED,643.7,643.7,633.0,636.2,636.0,643.7,,636.15,,,14804,9415183.55,477,F1,1,,,,,
2026-07-15,2026-07-15,CM,NSE,STK,3348,INE947A01014,SUNFLAG,EQ,,,,,SUNFLAG IRON AND STEEL CO,342.0,348.95,336.8,347.05,348.05,339.65,,347.05,,,133178,45730787.95,3234,F1,1,,,,,
2026-07-15,2026-07-15,CM,NSE,STK,18267,INE0O3O01017,SEL,ST,,,,,SUNGARNER ENERGIES LTD,252.3,252.3,234.0,234.05,234.0,240.3,,234.05,,,5000,1243820.0,14,F1,200,,,,,
2026-07-15,2026-07-15,CM,NSE,STK,24872,INE0U2N01013,SUNLITE,ST,,,,,SUNLITE RECYCLING IND LTD,447.5,447.5,433.05,439.2,440.0,447.5,,439.2,,,12300,5385870.0,40,F1,300,,,,,
2026-07-15,2026-07-15,CM,NSE,STK,757766,INE0SGZ01016,SUNTECH,ST,,,,,SUNTECH INFRA SOLUTIONS L,30.6,32.1,30.6,31.85,32.1,30.6,,31.85,,,64000,2007440.0,21,F1,1600,,,,,
2026-07-15,2026-07-15,CM,NSE,STK,17641,INE805D01034,SUNTECK,EQ,,,,,SUNTECK REALTY LIMITED,312.8,318.9,311.2,313.5,314.3,312.8,,313.5,,,179073,56217713.0,6164,F1,1,,,,,
2026-07-15,2026-07-15,CM,NSE,STK,8931,INE662A01027,SUPERSPIN,BE,,,,,SUPER SPINNING MILLS LTD,5.1,5.1,5.1,5.1,5.1,5.1,,5.06,,,66,336.6,7,F1,1,,,,,
2026-07-15,2026-07-15,CM,NSE,STK,20616,INE712B01010,SUPERHOUSE,EQ,,,,,SUPERHOUSE LIMITED,154.0,154.99,152.0,154.47,154.7,151.96,,154.47,,,2033,312294.96,122,F1,1,,,,,
2026-07-15,2026-07-15,CM,NSE,STK,11689,INE399C01030,SUPRAJIT,EQ,,,,,SUPRAJIT ENGINEERING LTD,486.3,500.05,486.3,495.15,493.7,487.85,,495.15,,,113180,56035666.75,6478,F1,1,,,,,
2026-07-15,2026-07-15,CM,NSE,STK,758997,INE319Z01021,SUPREMEENG,BZ,,,,,SUPREME ENGINEERING LTD,1.71,1.71,1.71,1.71,1.71,1.68,,1.71,,,39459,67474.89,34,F1,1,,,,,
2026-07-15,2026-07-15,CM,NSE,STK,28069,INE0U6N01014,SFML,SM,,,,,SUPREME FACILITY MGMT LTD,24.0,24.25,23.5,23.5,23.5,24.35,,23.5,,,6400,152880.0,4,F1,1600,,,,,
2026-07-15,2026-07-15,CM,NSE,STK,29439,INE822E01011,SUPREME,EQ,,,,,SUPREME HOLDIN N HOSP I L,46.01,47.79,46.01,47.21,46.51,46.94,,47.21,,,19176,903929.77,265,F1,1,,,,,
2026-07-15,2026-07-15,CM,NSE,STK,3363,INE195A01028,SUPREMEIND,EQ,,,,,SUPREME INDUSTRIES LTD,3430.0,3478.0,3409.8,3457.8,3450.0,3427.5,,3457.8,,,329173,1136889410.7,34795,F1,1,,,,,
2026-07-15,2026-07-15,CM,NSE,STK,15002,INE550H01011,SUPREMEINF,EQ,,,,,SUPREME INFRA. LTD.,76.9,80.99,74.72,80.17,80.99,76.04,,80.05,,,55787,4374679.22,2402,F1,1,,,,,
2026-07-15,2026-07-15,CM,NSE,STK,9617,INE663A01033,SPLPETRO,EQ,,,,,SUPREME PETROCHEM LIMITED,731.05,731.05,712.0,717.65,719.05,725.65,,717.65,,,43982,31558342.9,3278,F1,1,,,,,
2026-07-15,2026-07-15,CM,NSE,STK,21074,INE0QHG01026,SUPREMEPWR,ST,,,,,SUPREME POWER EQUIPMENT L,220.0,223.0,210.0,211.5,212.0,220.0,,211.5,,,59000,12606775.0,89,F1,500,,,,,
2026-07-15,2026-07-15,CM,NSE,STK,7390,INE07RO01027,SUPRIYA,EQ,,,,,SUPRIYA LIFESCIENCE LTD,872.9,874.1,850.0,852.4,858.4,870.7,,852.4,,,116682,100169017.7,6577,F1,1,,,,,
2026-07-15,2026-07-15,CM,NSE,STK,20822,INE843S01025,SURAJEST,EQ,,,,,SURAJ ESTATE DEVELOPERS L,204.0,204.86,198.0,198.92,198.1,202.86,,198.93,,,66992,13446627.82,1482,F1,1,,,,,
2026-07-15,2026-07-15,CM,NSE,STK,24966,INE713C01016,SURAJLTD,EQ,,,,,SURAJ LIMITED,226.0,226.0,220.05,224.97,225.94,226.87,,229.99,,,135,29855.3,25,F1,1,,,,,
2026-07-15,2026-07-15,CM,NSE,STK,27334,INE877V01027,SURAKSHA,EQ,,,,,SURAKSHA DIAGNOSTIC LTD,261.8,264.25,259.1,261.4,260.35,259.95,,261.35,,,13979,3653374.65,840,F1,1,,,,,
2026-07-15,2026-07-15,CM,NSE,STK,21077,INE272L01022,SURANASOL,EQ,,,,,SURANA SOLAR LIMITED,26.23,26.29,24.85,25.45,25.63,25.8,,25.46,,,39041,998907.51,505,F1,1,,,,,
2026-07-15,2026-07-15,CM,NSE,STK,10700,INE130B01031,SURANAT&P,EQ,,,,,SURANA TELECOM AND POW LT,18.3,18.65,18.1,18.12,18.1,18.33,,18.12,,,35212,642465.76,414,F1,1,,,,,
2026-07-15,2026-07-15,CM,NSE,STK,8513,INE01ZJ01015,SURANI,SM,,,,,SURANI STEEL TUBES LTD.,101.8,101.8,101.8,101.8,101.8,101.9,,101.8,,,1000,101800.0,3,F1,200,,,,,
2026-07-15,2026-07-15,CM,NSE,STK,14139,INE05ST01028,SBGLP,EQ,,,,,SURATWWALA BUS GROUP LTD,24.7,25.68,24.16,25.09,24.42,24.87,,25.02,,,16181,406241.42,106,F1,1,,,,,
2026-07-15,2026-07-15,CM,NSE,STK,3375,INE335A01020,SURYAROSNI,EQ,,,,,SURYA ROSHNI LTD,248.2,249.9,244.5,245.75,246.0,247.95,,245.75,,,306703,75675159.9,6523,F1,1,,,,,
2026-07-15,2026-07-15,CM,NSE,STK,11852,INE713B01026,SURYALAXMI,EQ,,,,,SURYALAKSHMI COT MIL LTD,59.0,59.55,57.0,58.09,57.0,59.14,,58.77,,,2120,123441.68,66,F1,1,,,,,
2026-07-15,2026-07-15,CM,NSE,STK,762924,INE132C01027,SURYALA,EQ,,,,,SURYALATA SPINNING MILL L,448.4,448.4,432.25,435.0,435.0,435.85,,434.9,,,984,432897.3,41,F1,1,,,,,
2026-07-15,2026-07-15,CM,NSE,STK,2970,INE428Q01011,SURYODAY,EQ,,,,,SURYODAY SMALL FIN BK LTD,186.0,193.38,186.0,189.21,190.45,187.27,,189.2,,,365758,69847451.68,5438,F1,1,,,,,
2026-07-15,2026-07-15,CM,NSE,STK,13804,INE645H01027,SUTLEJTEX,BE,,,,,SUTLEJ TEXT & INDUS LTD,37.86,38.35,36.55,37.01,37.01,37.86,,37.01,,,29358,1099398.56,156,F1,1,,,,,
2026-07-15,2026-07-15,CM,NSE,STK,11233,INE495B01038,SUVEN,EQ,,,,,SUVEN LIFE SCIENCES LTD,342.1,367.0,342.1,356.1,356.0,348.2,,356.1,,,709341,251886910.5,14722,F1,1,,,,,
2026-07-15,2026-07-15,CM,NSE,STK,2998,INE018401013,SUVIDHAA,EQ,,,,,SUVIDHAA INFOSERVE LTD,2.58,2.59,2.5,2.54,2.58,2.57,,2.55,,,142778,361911.65,189,F1,1,,,,,
2026-07-15,2026-07-15,CM,NSE,STK,24851,INE442P01014,SUYOG,EQ,,,,,SUYOG TELEMATICS LIMITED,874.45,880.0,865.05,873.05,874.0,867.25,,873.05,,,19127,16767548.6,1272,F1,1,,,,,
2026-07-15,2026-07-15,CM,NSE,STK,12018,INE040H01021,SUZLON,EQ,,,,,SUZLON ENERGY LIMITED,52.47,53.49,52.31,52.42,52.54,52.47,,52.42,,,45977388,2425388154.41,82389,F1,1,,,,,
2026-07-15,2026-07-15,CM,NSE,STK,5023,INE308E01029,SVPGLOB,BE,,,,,SVP GLOBAL TEXTILES LTD,3.88,4.05,3.83,3.88,3.99,3.87,,3.88,,,108968,433731.36,61,F1,1,,,,,
2026-07-15,2026-07-15,CM,NSE,STK,27095,INE665A01038,SWANCORP,EQ,,,,,SWAN CORP LIMITED,316.55,319.65,314.1,314.85,314.9,315.55,,314.85,,,400649,126782382.25,8133,F1,1,,,,,
2026-07-15,2026-07-15,CM,NSE,STK,29164,INE542F01020,SWANDEF,BE,,,,,SWAN DEFENCE N HEVY IND L,2213.0,2287.0,2181.4,2243.5,2215.5,2207.6,,2243.4,,,5070,11325796.5,404,F1,1,,,,,
2026-07-15,2026-07-15,CM,NSE,STK,3384,INE277A01016,SWARAJENG,EQ,,,,,SWARAJ ENGINES LTD,3750.0,3815.6,3729.0,3769.2,3790.0,3757.0,,3769.1,,,10551,39828144.1,1939,F1,1,,,,,
2026-07-15,2026-07-15,CM,NSE,STK,8608,INE0GMR01016,SWARAJ,SM,,,,,SWARAJ SUITING LIMITED,360.0,364.35,342.0,362.7,358.5,363.2,,362.7,,,192000,68592825.0,166,F1,500,,,,,
2026-07-15,2026-07-15,CM,NSE,STK,11497,INE0DGC01025,SWASTIK,ST,,,,,SWASTIK PIPE LIMITED,15.7,16.3,15.7,16.3,16.3,15.55,,16.3,,,9600,155760.0,8,F1,1200,,,,,
2026-07-15,2026-07-15,CM,NSE,STK,11909,INE409B01013,SWELECTES,EQ,,,,,SWELECT ENERGY SYS LTD,635.0,658.0,631.2,641.65,647.95,631.2,,641.6,,,26907,17432932.5,2113,F1,1,,,,,
2026-07-15,2026-07-15,CM,NSE,STK,27066,INE00H001014,SWIGGY,EQ,,,,,SWIGGY LIMITED,259.05,271.5,257.24,270.09,270.8,258.8,,270.09,,,26122051,6905477780.09,123797,F1,1,,,,,
2026-07-15,2026-07-15,CM,NSE,STK,24190,INE225D01027,SYMPHONY,EQ,,,,,SYMPHONY LIMITED,710.8,723.8,701.05,702.7,702.4,710.8,,702.7,,,152234,107778258.3,6662,F1,1,,,,,
2026-07-15,2026-07-15,CM,NSE,STK,11992,INE312C01025,SYNCOMF,EQ,,,,,SYNCOM FORMU (I) LTD,13.8,13.99,13.75,13.83,13.88,13.74,,13.83,,,1289027,17880032.26,3259,F1,1,,,,,
2026-07-15,2026-07-15,CM,NSE,STK,5114,INE00QT01015,SGIL,EQ,,,,,SYNERGY GREEN IND. LTD,571.3,609.9,571.3,596.45,603.0,595.3,,596.45,,,9917,5944295.15,297,F1,1,,,,,
2026-07-15,2026-07-15,CM,NSE,STK,10243,INE398R01022,SYNGENE,EQ,,,,,SYNGENE INTERNATIONAL LTD,420.0,423.45,417.95,420.5,420.0,419.45,,420.5,,,376645,158443223.5,21430,F1,1,,,,,
2026-07-15,2026-07-15,CM,NSE,STK,17206,INE0BTR01012,SYNOPTICS,ST,,,,,SYNOPTICS TECHNOLOGIES L,76.0,76.0,74.05,76.0,76.0,77.9,,76.0,,,3000,224490.0,5,F1,600,,,,,
2026-07-15,2026-07-15,CM,NSE,STK,10793,INE0DYJ01015,SYRMA,EQ,,,,,SYRMA SGS TECHNOLOGY LTD,1421.0,1448.0,1396.9,1404.6,1410.0,1421.8,,1404.6,,,629631,893101072.1,26558,F1,1,,,,,
2026-07-15,2026-07-15,CM,NSE,STK,14506,INE0O7R01011,SYSTANGO,SM,,,,,SYSTANGO TECHNOLOGIES LTD,228.0,228.0,224.0,226.9,227.4,223.35,,226.9,,,8800,1985560.0,20,F1,400,,,,,
2026-07-15,2026-07-15,CM,NSE,STK,759358,INE356B01024,SYSTMTXC,BE,,,,,SYSTEMATIX CORP SERVICE L,62.59,63.98,61.6,62.72,63.66,62.59,,62.73,,,2588,162524.59,48,F1,1,,,,,
2026-07-15,2026-07-15,CM,NSE,STK,14314,INE592B01024,TTL,EQ,,,,,T T LIMITED,6.61,6.8,6.53,6.63,6.63,6.64,,6.63,,,220364,1465539.81,91,F1,1,,,,,
2026-07-15,2026-07-15,CM,NSE,STK,762929,INE524T01011,TAALTECH,EQ,,,,,TAAL TECH LTD.,4034.9,4180.0,3971.2,4079.9,4095.0,3982.6,,4079.8,,,3246,13310780.7,643,F1,1,,,,,
2026-07-15,2026-07-15,CM,NSE,STK,23438,INE0SOY01013,TAC,SM,,,,,TAC INFOSEC LIMITED,482.0,482.0,482.0,482.0,482.0,459.05,,482.0,,,11000,5302000.0,28,F1,200,,,,,
2026-07-15,2026-07-15,CM,NSE,STK,3396,INE123C01018,TAINWALCHM,EQ,,,,,TAINWALA CHEMICAL AND PLA,226.0,227.4,211.5,216.54,220.5,225.99,,216.54,,,33478,7292008.2,1024,F1,1,,,,,
2026-07-15,2026-07-15,CM,NSE,STK,9354,INE586B01026,TAJGVK,EQ,,,,,TAJ GVK HOTELS & RESORTS,359.95,364.0,355.35,360.4,358.1,358.7,,360.4,,,70470,25378965.1,2703,F1,1,,,,,
2026-07-15,2026-07-15,CM,NSE,STK,14920,INE142I01023,TAKE,BE,,,,,TAKE SOLUTIONS LTD,21.19,21.19,20.42,20.74,20.73,21.49,,20.74,,,388177,8065877.02,795,F1,1,,,,,
2026-07-15,2026-07-15,CM,NSE,STK,13648,INE187D01029,TALBROAUTO,EQ,,,,,TALBROS AUTO. COMP. LTD,392.9,403.0,389.85,393.95,394.9,389.3,,393.95,,,132639,52574699.25,5484,F1,1,,,,,
2026-07-15,2026-07-15,CM,NSE,STK,762937,INE864J01012,TAMBOLIIN,BE,,,,,TAMBOLI INDUSTRIES LTD.,221.0,222.0,217.0,221.34,221.34,220.42,,221.34,,,746,165096.0,13,F1,1,,,,,
2026-07-15,2026-07-15,CM,NSE,STK,10945,INE668A01016,TMB,EQ,,,,,TAMILNAD MERCA BANK LTD,798.0,819.7,792.35,815.75,816.0,780.35,,815.7,,,404554,328327692.75,23443,F1,1,,,,,
2026-07-15,2026-07-15,CM,NSE,STK,3980,INE107A01015,TNPL,EQ,,,,,TAMILNADU NEWSPRT & PAPER,144.25,145.95,141.96,143.75,143.73,143.83,,143.73,,,50490,7283741.54,1103,F1,1,,,,,
2026-07-15,2026-07-15,CM,NSE,STK,3509,INE148A01019,TNPETRO,EQ,,,,,TAMILNADU PETROPRODUCTS L,95.6,96.79,94.85,95.05,94.85,95.4,,95.06,,,47619,4539544.47,605,F1,1,,,,,
2026-07-15,2026-07-15,CM,NSE,STK,3512,INE141D01018,TNTELE,EQ,,,,,TAMILNADU TELECOMMUNICATI,9.4,9.97,9.01,9.32,9.35,9.22,,9.3,,,71016,676980.35,197,F1,1,,,,,
2026-07-15,2026-07-15,CM,NSE,STK,756338,INE0Z7N01017,TANKUP,ST,,,,,TANKUP ENGINEERS LIMITED,1122.95,1122.95,1120.0,1120.0,1120.0,1102.0,,1120.0,,,500,560737.5,2,F1,250,,,,,
2026-07-15,2026-07-15,CM,NSE,STK,13976,INE483C01032,TANLA,EQ,,,,,TANLA PLATFORMS LIMITED,545.0,572.6,542.5,563.95,565.2,549.05,,563.95,,,861982,485447579.15,25073,F1,1,,,,,
2026-07-15,2026-07-15,CM,NSE,STK,23512,INE555Z01020,TARACHAND,EQ,,,,,TARA CHAND INFRA SOLN LTD,55.97,57.3,55.41,57.05,57.3,55.97,,57.05,,,62398,3513950.25,836,F1,1,,,,,
2026-07-15,2026-07-15,CM,NSE,STK,18827,INE747K01017,TARAPUR,EQ,,,,,TARAPUR TRANSFORMERS LTD,17.73,18.19,17.62,17.98,18.0,17.72,,18.06,,,3527,63191.34,53,F1,1,,,,,
2026-07-15,2026-07-15,CM,NSE,STK,1581,INE0EK901012,TARC,EQ,,,,,TARC LIMITED,121.75,122.76,120.0,120.66,120.27,121.62,,120.7,,,480002,58092024.43,3591,F1,1,,,,,
2026-07-15,2026-07-15,CM,NSE,STK,14771,INE924H01018,TARMAT,EQ,,,,,TARMAT LIMITED,49.7,49.95,47.3,48.18,48.07,49.23,,48.29,,,8081,391977.03,148,F1,1,,,,,
2026-07-15,2026-07-15,CM,NSE,STK,6943,INE144Z01023,TARSONS,EQ,,,,,TARSONS PRODUCTS LIMITED,308.0,312.3,296.1,298.25,299.95,308.75,,298.2,,,91862,27937949.35,2733,F1,1,,,,,
2026-07-15,2026-07-15,CM,NSE,STK,20092,INE488B01017,TASTYBITE,EQ,,,,,TASTY BITE EATABLES LTD,9148.0,9300.0,9005.0,9112.5,9005.0,9072.5,,9112.5,,,3974,36310554.0,1221,F1,1,,,,,
2026-07-15,2026-07-15,CM,NSE,STK,759265,INE976I01016,TATACAP,EQ,,,,,TATA CAPITAL LIMITED,356.6,361.0,356.0,357.6,357.85,355.9,,357.6,,,971496,348442124.6,21833,F1,1,,,,,
2026-07-15,2026-07-15,CM,NSE,STK,3405,INE092A01019,TATACHEM,EQ,,,,,TATA CHEMICALS LTD,702.0,708.8,694.0,698.4,698.0,702.25,,698.4,,,278849,195183291.85,11231,F1,1,,,,,
2026-07-15,2026-07-15,CM,NSE,STK,3721,INE151A01013,TATACOMM,EQ,,,,,TATA COMMUNICATIONS LTD,1852.9,1863.9,1825.0,1855.7,1855.0,1848.6,,1855.7,,,144266,266575550.6,15404,F1,1,,,,,
2026-07-15,2026-07-15,CM,NSE,STK,11536,INE467B01029,TCS,EQ,,,,,TATA CONSULTANCY SERV LT,2174.1,2202.9,2145.4,2189.2,2187.0,2200.6,,2189.2,,,5426489,11854245157.3,196320,F1,1,,,,,
2026-07-15,2026-07-15,CM,NSE,STK,3432,INE192A01025,TATACONSUM,EQ,,,,,TATA CONSUMER PRODUCT LTD,1095.5,1101.9,1081.1,1085.5,1084.0,1097.6,,1085.5,,,1154409,1255534442.4,44526,F1,1,,,,,
2026-07-15,2026-07-15,CM,NSE,STK,3411,INE670A01012,TATAELXSI,EQ,,,,,TATA ELXSI LIMITED,3533.0,3549.8,3469.7,3520.4,3533.0,3697.3,,3520.4,,,1771347,6226766799.0,109647,F1,1,,,,,
2026-07-15,2026-07-15,CM,NSE,STK,1621,INE672A01026,TATAINVEST,EQ,,,,,TATA INVESTMENT CORP LTD,670.0,676.7,666.2,672.75,673.0,668.55,,672.7,,,183541,123222012.15,9416,F1,1,,,,,
2026-07-15,2026-07-15,CM,NSE,STK,759782,INE1TAE01010,TMCV,EQ,,,,,TATA MOTORS LIMITED,420.0,430.45,419.55,423.55,422.0,417.4,,423.55,,,9207848,3911843188.2,113971,F1,1,,,,,
2026-07-15,2026-07-15,CM,NSE,STK,3456,INE155A01022,TMPV,EQ,,,,,TATA MOTORS PASS VEH LTD,335.0,335.1,330.8,333.0,334.1,333.35,,333.0,,,7144390,2379722782.55,82393,F1,1,,,,,
2026-07-15,2026-07-15,CM,NSE,STK,3426,INE245A01021,TATAPOWER,EQ,,,,,TATA POWER CO LTD,377.7,385.0,377.3,380.9,380.55,377.7,,380.9,,,5743594,2192408693.6,80689,F1,1,,,,,
2026-07-15,2026-07-15,CM,NSE,STK,3499,INE081A01020,TATASTEEL,EQ,,,,,TATA STEEL LIMITED,188.74,189.33,184.81,185.26,185.16,188.27,,185.26,,,24924570,4657489374.81,104572,F1,1,,,,,
2026-07-15,2026-07-15,CM,NSE,STK,20293,INE142M01025,TATATECH,EQ,,,,,TATA TECHNOLOGIES LIMITED,750.05,767.75,746.9,758.95,753.55,756.55,,758.95,,,813588,616806353.9,30472,F1,1,,,,,
2026-07-15,2026-07-15,CM,NSE,STK,8954,INE517B01013,TTML,EQ,,,,,TATA TELESERV(MAHARASTRA),40.62,40.95,40.3,40.67,40.37,40.61,,40.67,,,836411,34057445.7,5621,F1,1,,,,,
2026-07-15,2026-07-15,CM,NSE,STK,7838,INF277K015R5,NETF,EQ,,,,,TATAAML - NETF,263.9,263.9,260.16,261.67,262.77,261.81,,261.49,,,2534,663520.2,132,F1,1,,,,,
2026-07-15,2026-07-15,CM,NSE,STK,12978,INF277K010X4,NPBET,EQ,,,,,TATAAML - NPBET,292.92,292.92,288.34,289.43,289.43,290.51,,289.43,,,1513,438646.84,29,F1,1,,,,,
2026-07-15,2026-07-15,CM,NSE,STK,8882,INF277KA1364,TNIDETF,EQ,,,,,TATAAML - TNIDETF,84.5,85.3,84.21,84.84,84.63,84.49,,84.84,,,158120,13417919.65,526,F1,1,,,,,
2026-07-15,2026-07-15,CM,NSE,STK,21401,INF277KA1976,TATAGOLD,EQ,,,,,TATAAML-TATAGOLD,13.68,13.8,13.64,13.68,13.7,13.64,,13.68,,,39217678,536932774.51,55670,F1,1,,,,,
2026-07-15,2026-07-15,CM,NSE,STK,21428,INF277KA1984,TATSILV,EQ,,,,,TATAAML-TATSILV,20.8,21.4,20.8,21.2,21.22,21.13,,21.2,,,39059844,829892390.89,39351,F1,1,,,,,
2026-07-15,2026-07-15,CM,NSE,STK,5162,INE0GK401011,TATVA,EQ,,,,,TATVA CHIN PHARM CHEM LTD,1419.2,1425.0,1375.0,1385.4,1384.0,1412.1,,1385.4,,,60769,84849771.9,5959,F1,1,,,,,
2026-07-15,2026-07-15,CM,NSE,STK,759756,INE0XWS01018,TAURIAN,SM,,,,,TAURIAN MPS LIMITED,357.95,363.0,349.0,349.75,349.1,354.7,,349.75,,,39200,13985080.0,46,F1,800,,,,,
2026-07-15,2026-07-15,CM,NSE,STK,11754,INE053F07835,753IRFC30,NJ,,,,,TAX FREE  7.53% SR. 103 A,1128.0,1134.24,1128.0,1134.24,1134.24,1130.31,,1134.24,,,13,14702.72,3,F1,1,,,,,
2026-07-15,2026-07-15,CM,NSE,STK,15168,INE053F07900,764IRFC31,NO,,,,,TAX FREE  7.64% SR. 108A,1135.0,1141.0,1135.0,1139.41,1138.0,1137.01,,1137.52,,,287,326579.0,3,F1,1,,,,,
2026-07-15,2026-07-15,CM,NSE,STK,14529,INE906B07EP5,769NHAI31,NE,,,,,TAX FREE 7.69% SR. IIB,1142.4,1148.99,1142.4,1148.99,1148.99,1144.99,,1148.99,,,2120,2427983.32,5,F1,1,,,,,
2026-07-15,2026-07-15,CM,NSE,STK,12003,INE906B07EJ8,76NHAI31,,,,,,TAX FREE7.60% SR.IIB,1110.0,1110.0,1104.0,1104.35,1105.5,1105.0,,1104.35,,,1000,1106837.5,12,F1,1,,,,,
2026-07-15,2026-07-15,CM,NSE,STK,29111,INE020B07GX4,738REC27TF,N2,,,,,TAXFREE SEC NCD TR1 S2,1071.99,1071.99,1065.07,1065.07,1065.07,1067.65,,1065.05,,,539,574284.13,7,F1,1,,,,,
2026-07-15,2026-07-15,CM,NSE,STK,24019,INE0N2D01013,TBI,SM,,,,,TBI CORN LIMITED,63.95,64.3,61.8,62.05,62.0,62.6,,62.05,,,15600,981960.0,24,F1,600,,,,,
2026-07-15,2026-07-15,CM,NSE,STK,23740,INE673O01025,TBOTEK,EQ,,,,,TBO TEK LIMITED,1451.0,1472.0,1443.5,1457.6,1454.6,1443.5,,1457.6,,,43357,63318004.4,5020,F1,1,,,,,
2026-07-15,2026-07-15,CM,NSE,STK,761814,INE887D01016,TCC,EQ,,,,,TCC CONCEPT LIMITED,317.1,325.0,304.1,307.95,308.0,316.75,,307.95,,,17545,5471756.75,1379,F1,1,,,,,
2026-07-15,2026-07-15,CM,NSE,STK,19223,INE586V01016,TCIEXP,EQ,,,,,TCI EXPRESS LIMITED,557.0,566.95,555.1,563.0,565.0,554.7,,562.85,,,37747,21203243.5,1562,F1,1,,,,,
2026-07-15,2026-07-15,CM,NSE,STK,8722,INE911B01018,TCIFINANCE,BE,,,,,TCIFINANCELTD-ROLL SETT,15.5,16.4,15.16,15.35,15.23,15.85,,15.41,,,15252,239162.66,143,F1,1,,,,,
2026-07-15,2026-07-15,CM,NSE,STK,184,INE822C01015,TCPLPACK,EQ,,,,,TCPL PACKAGING LIMITED,3269.8,3400.0,3225.2,3284.4,3225.2,3216.9,,3284.9,,,25265,84067974.7,4463,F1,1,,,,,
2026-07-15,2026-07-15,CM,NSE,STK,25178,INE419M01027,TDPOWERSYS,EQ,,,,,TD POWER SYSTEMS LTD.,1131.0,1182.0,1130.8,1174.2,1172.0,1125.0,,1174.2,,,728357,847364714.0,37760,F1,1,,,,,
2026-07-15,2026-07-15,CM,NSE,STK,10717,INE289C01025,TEAMGTY,EQ,,,,,TEAM INDIA GUARANTY LTD,228.5,228.7,216.5,226.95,226.67,220.93,,226.97,,,5586,1246601.6,233,F1,1,,,,,
2026-07-15,2026-07-15,CM,NSE,STK,12716,INE985S01024,TEAMLEASE,EQ,,,,,TEAMLEASE SERVICES LTD.,1422.0,1422.0,1393.6,1402.0,1400.0,1397.8,,1401.9,,,18620,26179052.0,2874,F1,1,,,,,
2026-07-15,2026-07-15,CM,NSE,STK,16996,INE065J01024,TPHQ,EQ,,,,,TEAMO PRODUCTIONS HQ LTD,0.45,0.46,0.44,0.45,0.46,0.44,,0.45,,,1287207,582181.02,274,F1,1,,,,,
2026-07-15,2026-07-15,CM,NSE,STK,763568,INE2OL601013,TEAMTECH,SM,,,,,TEAMTECH FORMWORK SOL LTD,117.0,118.95,115.0,115.6,115.05,117.55,,115.6,,,162000,18990800.0,68,F1,2000,,,,,
2026-07-15,2026-07-15,CM,NSE,STK,13538,INE669C01036,TECHM,EQ,,,,,TECH MAHINDRA LIMITED,1465.2,1507.0,1453.0,1498.7,1502.1,1484.3,,1498.7,,,1834279,2730659016.9,81783,F1,1,,,,,
2026-07-15,2026-07-15,CM,NSE,STK,759141,INE0Y5H01014,TECHD,ST,,,,,TECHD CYBERSECURITY LTD,632.25,632.25,632.25,632.25,632.25,602.15,,632.25,,,12600,7966350.0,31,F1,300,,,,,
2026-07-15,2026-07-15,CM,NSE,STK,25652,INE0JQS01019,TECHERA,SM,,,,,TECHERA ENGINEER (IND) L,160.05,167.25,154.2,163.6,165.0,159.3,,163.6,,,142400,23047840.0,138,F1,800,,,,,
2026-07-15,2026-07-15,CM,NSE,STK,6445,INE285K01026,TECHNOE,EQ,,,,,TECHNO ELEC & ENG CO. LTD,1043.6,1055.0,1040.0,1048.5,1048.0,1039.8,,1048.5,,,77470,81285720.4,7026,F1,1,,,,,
2026-07-15,2026-07-15,CM,NSE,STK,14223,INE545H01011,TIIL,EQ,,,,,TECHNOCRAFT IND LTD,2476.7,2498.0,2448.0,2488.5,2495.0,2467.0,,2488.5,,,3990,9868865.5,969,F1,1,,,,,
2026-07-15,2026-07-15,CM,NSE,STK,762939,INE314H01012,TECHNVISN,EQ,,,,,TECHNVISION VENTURES LTD.,3409.6,3596.0,3353.3,3404.1,3400.0,3449.3,,3405.6,,,486,1661149.4,152,F1,1,,,,,
2026-07-15,2026-07-15,CM,NSE,STK,3453,INE014B01011,TECILCHEM,EQ,,,,,TECIL CHEMICALS,9.6,9.6,9.05,9.49,9.49,9.3,,9.49,,,2140,20234.94,21,F1,1,,,,,
2026-07-15,2026-07-15,CM,NSE,STK,23526,INE0K6601012,TGL,SM,,,,,TEERTH GOPICON LIMITED,23.7,23.7,23.0,23.7,23.7,22.6,,23.7,,,62800,1487610.0,75,F1,200,,,,,
2026-07-15,2026-07-15,CM,NSE,STK,7105,INE011K01018,TEGA,EQ,,,,,TEGA INDUSTRIES LIMITED,1679.9,1679.9,1620.0,1627.2,1625.1,1668.5,,1627.2,,,74942,122737040.9,7723,F1,1,,,,,
2026-07-15,2026-07-15,CM,NSE,STK,763828,INE0R1301019,TEJA,ST,,,,,TEJA ENGINEERING IND L,551.2,560.0,523.0,560.0,560.0,545.75,,560.0,,,12600,6751470.0,21,F1,600,,,,,
2026-07-15,2026-07-15,CM,NSE,STK,21131,INE010J01012,TEJASNET,EQ,,,,,TEJAS NETWORKS LIMITED,555.0,581.9,547.05,550.1,550.5,543.25,,550.1,,,6925833,3907901523.15,116983,F1,1,,,,,
2026-07-15,2026-07-15,CM,NSE,STK,3275,INE869Y01010,TEMBO,EQ,,,,,TEMBO GLOBAL IND LTD,546.9,555.0,539.35,547.15,549.0,546.9,,547.15,,,147580,80881200.0,3049,F1,1,,,,,
2026-07-15,2026-07-15,CM,NSE,STK,759880,INE19RI01016,TENNIND,EQ,,,,,TENNECO CLEAN AIR INDIA L,574.0,574.0,561.35,564.55,564.0,569.15,,564.55,,,234295,132594931.8,12853,F1,1,,,,,
2026-07-15,2026-07-15,CM,NSE,STK,19292,INE482B01010,TERASOFT,EQ,,,,,TERA SOFTWARE LIMITED,400.55,410.0,399.9,404.85,406.2,398.15,,404.85,,,5843,2367133.4,399,F1,1,,,,,
2026-07-15,2026-07-15,CM,NSE,STK,11549,INE435C01024,TEXINFRA,EQ,,,,,TEXMACO INFRA & HOLDG LTD,114.0,114.57,113.15,114.02,114.15,114.11,,114.02,,,74556,8503334.69,590,F1,1,,,,,
2026-07-15,2026-07-15,CM,NSE,STK,21828,INE621L01012,TEXRAIL,EQ,,,,,TEXMACO RAIL & ENG. LTD.,115.43,120.9,115.15,118.55,118.43,115.04,,118.54,,,3618902,430002679.62,25430,F1,1,,,,,
2026-07-15,2026-07-15,CM,NSE,STK,18214,INE141K01013,TEXMOPIPES,EQ,,,,,TEXMO PIPE & PRODUCTS LTD,44.44,44.7,43.5,43.6,43.62,43.57,,43.6,,,13430,588765.79,289,F1,1,,,,,
2026-07-15,2026-07-15,CM,NSE,STK,14607,INE797H01018,TGBHOTELS,EQ,,,,,TGB BANQUETS&HOTELS LTD,8.79,9.07,8.56,8.91,8.99,8.79,,8.91,,,39275,348537.95,170,F1,1,,,,,
2026-07-15,2026-07-15,CM,NSE,STK,22777,INE0QJL01014,TCL,SM,,,,,THAAI CASTING LIMITED,114.0,114.0,114.0,114.0,114.0,113.3,,114.0,,,800,91200.0,1,F1,800,,,,,
2026-07-15,2026-07-15,CM,NSE,STK,762947,INE077P01034,THACKER,BE,,,,,THACKER & CO. LTD.,1025.0,1025.0,1025.0,1025.0,1025.0,1030.0,,1027.5,,,2,2050.0,2,F1,1,,,,,
2026-07-15,2026-07-15,CM,NSE,STK,762949,INE403F01017,THAKDEV,EQ,,,,,THAKKERS DEVELOPERS LTD.,139.8,139.8,138.4,138.4,138.4,133.6,,142.45,,,101,14118.4,8,F1,1,,,,,
2026-07-15,2026-07-15,CM,NSE,STK,18118,INE085J01014,THANGAMAYL,EQ,,,,,THANGAMAYIL JEWELLERY LTD,6435.0,6689.5,6430.0,6617.0,6618.0,6459.0,,6616.5,,,227756,1505644127.5,40808,F1,1,,,,,
2026-07-15,2026-07-15,CM,NSE,STK,9014,INE294Z01018,ANUP,EQ,,,,,THE ANUP ENGINEERING LTD,2157.3,2220.0,2157.3,2180.8,2183.0,2175.8,,2180.7,,,9949,21763672.7,2138,F1,1,,,,,
2026-07-15,2026-07-15,CM,NSE,STK,7930,INE319B01014,BYKE,BE,,,,,THE BYKE HOSPITALITY LTD,33.59,33.98,32.65,33.48,33.11,33.19,,33.48,,,15636,522204.08,62,F1,1,,,,,
2026-07-15,2026-07-15,CM,NSE,STK,13776,INE017A01032,GESHIP,EQ,,,,,THE GE SHPG.LTD,1430.0,1431.9,1386.0,1393.2,1393.2,1418.8,,1393.2,,,331436,464204036.7,24068,F1,1,,,,,
2026-07-15,2026-07-15,CM,NSE,STK,17770,INE646C01018,GROBTEA,EQ,,,,,THE GROB TEA COMPANY LTD,893.9,934.4,886.5,922.6,925.0,909.35,,922.6,,,156,141977.25,36,F1,1,,,,,
2026-07-15,2026-07-15,CM,NSE,STK,8568,INE127B01011,HITECHGEAR,BE,,,,,THE HI-TECH GEARS LIMITED,638.0,639.95,620.05,627.0,629.95,631.3,,627.0,,,1254,787134.65,71,F1,1,,,,,
2026-07-15,2026-07-15,CM,NSE,STK,1515,INE383A01012,INDIACEM,EQ,,,,,THE INDIA CEMENTS LIMITED,378.0,392.3,374.9,388.9,387.4,376.95,,388.9,,,415403,160538638.8,16608,F1,1,,,,,
2026-07-15,2026-07-15,CM,NSE,STK,1512,INE053A01029,INDHOTEL,EQ,,,,,THE INDIAN HOTELS CO. LTD,731.0,746.85,731.0,743.2,742.75,733.3,,743.2,,,1514872,1123316893.85,50829,F1,1,,,,,
2026-07-15,2026-07-15,CM,NSE,STK,21427,INE924D01017,THEINVEST,EQ,,,,,THE INVEST TRUST OF IND L,96.0,98.7,96.0,96.15,96.05,95.39,,96.15,,,3099,300534.31,67,F1,1,,,,,
2026-07-15,2026-07-15,CM,NSE,STK,399,INE470Y01017,NIACL,EQ,,,,,THE NEW INDIA ASSU CO LTD,177.95,182.9,177.18,180.05,179.99,177.24,,180.06,,,838144,151222980.1,11673,F1,1,,,,,
2026-07-15,2026-07-15,CM,NSE,STK,10321,INE431F01018,PKTEA,EQ,,,,,THE P K TEA PROD CO LTD,719.0,727.0,718.85,727.0,727.0,718.85,,727.0,,,53,38185.55,8,F1,1,,,,,
2026-07-15,2026-07-15,CM,NSE,STK,14552,INE211B01039,PHOENIXLTD,EQ,,,,,THE PHOENIX MILLS LTD,2133.7,2149.0,2121.0,2132.4,2126.1,2132.5,,2132.6,,,342573,730738397.9,24737,F1,1,,,,,
2026-07-15,2026-07-15,CM,NSE,STK,2043,INE331A01037,RAMCOCEM,EQ,,,,,THE RAMCO CEMENTS LIMITED,931.1,953.0,923.0,933.3,933.1,928.45,,933.3,,,204767,193030614.35,16865,F1,1,,,,,
2026-07-15,2026-07-15,CM,NSE,STK,10123,INE301D01026,RUBYMILLS,BE,,,,,THE RUBY MILLS LTD,390.0,397.1,382.0,385.35,390.0,382.95,,385.35,,,19402,7573328.65,363,F1,1,,,,,
2026-07-15,2026-07-15,CM,NSE,STK,5948,INE683A01023,SOUTHBANK,EQ,,,,,THE SOUTH INDIAN BANK LTD,45.79,46.22,44.99,45.52,45.58,45.33,,45.52,,,11975201,547065281.67,28030,F1,1,,,,,
2026-07-15,2026-07-15,CM,NSE,STK,10948,INE655A01013,STCINDIA,EQ,,,,,THE STATE TRADING CORPN,122.78,124.4,120.77,121.15,121.79,121.16,,121.14,,,33266,4068919.17,992,F1,1,,,,,
2026-07-15,2026-07-15,CM,NSE,STK,19578,INE071E01023,UGARSUGAR,EQ,,,,,THE UGAR SUGAR WORKS LTD,40.43,40.43,38.72,39.27,39.13,39.71,,39.27,,,84895,3341315.02,1774,F1,1,,,,,
2026-07-15,2026-07-15,CM,NSE,STK,20481,INE215F01023,WIPL,EQ,,,,,THE WESTERN INDIA PLY LTD,174.5,175.0,167.2,167.99,168.0,172.71,,167.99,,,10511,1796812.2,131,F1,1,,,,,
2026-07-15,2026-07-15,CM,NSE,STK,19279,INE121N01019,THEJO,EQ,,,,,THEJO ENGINEERING LIMITED,1869.0,1891.9,1862.8,1866.2,1865.0,1869.5,,1866.2,,,2242,4190832.3,271,F1,1,,,,,
2026-07-15,2026-07-15,CM,NSE,STK,14485,INE083B01024,THEMISMED,EQ,,,,,THEMIS MEDICARE LTD.,116.73,119.77,115.0,115.55,115.94,116.88,,115.56,,,55458,6505870.28,2591,F1,1,,,,,
2026-07-15,2026-07-15,CM,NSE,STK,3475,INE152A01029,THERMAX,EQ,,,,,THERMAX LTD,4383.0,4574.0,4383.0,4548.0,4550.0,4379.5,,4548.5,,,359795,1618926157.0,45371,F1,1,,,,,
2026-07-15,2026-07-15,CM,NSE,STK,25651,INE0SHE01019,THESL,ST,,,,,THINKING HATS ENTER SOL L,18.15,18.15,18.15,18.15,18.15,17.3,,18.15,,,63000,1143450.0,16,F1,3000,,,,,
2026-07-15,2026-07-15,CM,NSE,STK,3496,INE338A01024,TIRUMALCHM,EQ,,,,,THIRUMALAI CHEMICALS LTD,163.6,169.2,163.6,166.39,166.5,162.93,,166.39,,,936086,155234148.64,8685,F1,1,,,,,
2026-07-15,2026-07-15,CM,NSE,STK,3481,INE332A01027,THOMASCOOK,EQ,,,,,THOMAS COOK (INDIA) LTD,102.9,106.7,102.9,103.55,103.99,102.41,,103.55,,,980089,102696281.87,11355,F1,1,,,,,
2026-07-15,2026-07-15,CM,NSE,STK,31017,INE480M01011,THOMASCOTT,EQ,,,,,THOMAS SCOTT (INDIA) LTD,322.75,328.8,319.0,320.7,320.75,320.85,,320.65,,,14489,4676172.0,861,F1,1,,,,,
2026-07-15,2026-07-15,CM,NSE,STK,17032,INE594H01019,THYROCARE,EQ,,,,,THYROCARE TECH LTD,539.65,547.15,528.05,530.25,529.9,540.45,,530.25,,,336409,180370759.05,19382,F1,1,,,,,
2026-07-15,2026-07-15,CM,NSE,STK,759179,INE906O01029,TIGERLOGS,BE,,,,,TIGER LOGISTICS (INDIA) L,32.72,33.34,32.0,32.9,32.98,32.72,,32.98,,,13454,442355.65,110,F1,1,,,,,
2026-07-15,2026-07-15,CM,NSE,STK,25482,INE440L01017,TIJARIA,EQ,,,,,TIJARIA POLYPIPES LTD,4.48,4.48,4.23,4.27,4.25,4.23,,4.3,,,14485,61976.13,70,F1,1,,,,,
2026-07-15,2026-07-15,CM,NSE,STK,3484,INE806C01018,TIL,EQ,,,,,TIL LTD,210.01,218.61,209.8,214.09,214.8,209.28,,214.09,,,118955,25563220.43,2168,F1,1,,,,,
2026-07-15,2026-07-15,CM,NSE,STK,19196,INE133E01013,TI,EQ,,,,,TILAKNAGAR INDUSTRIES LTD,446.95,449.85,440.35,441.7,442.05,445.65,,441.7,,,170559,75865430.4,10867,F1,1,,,,,
2026-07-15,2026-07-15,CM,NSE,STK,14707,INE508G01029,TIMETECHNO,EQ,,,,,TIME TECHNOPLAST LTD.,182.0,196.7,182.0,195.12,195.5,181.11,,195.12,,,7404130,1417938706.93,57921,F1,1,,,,,
2026-07-15,2026-07-15,CM,NSE,STK,7800,INE0IJY01014,TIMESCAN,SM,,,,,TIMESCAN LOGISTICS IND L,44.55,44.55,44.55,44.55,44.55,44.55,,44.55,,,2000,89100.0,1,F1,2000,,,,,
2026-07-15,2026-07-15,CM,NSE,STK,762954,INE064A01026,TIMEX,EQ,,,,,TIMEX GROUP INDIA LTD.,552.0,562.4,543.6,555.75,557.75,547.4,,555.65,,,187354,103770699.25,10709,F1,1,,,,,
2026-07-15,2026-07-15,CM,NSE,STK,14198,INE325A01013,TIMKEN,EQ,,,,,TIMKEN INDIA LTD.,3140.0,3204.4,3140.0,3176.0,3189.5,3144.8,,3176.0,,,29113,92544731.5,8739,F1,1,,,,,
2026-07-15,2026-07-15,CM,NSE,STK,756020,INE015C01016,TINNARUBR,EQ,,,,,TINNA RUBBER AND INFR LTD,995.85,1008.8,978.65,981.1,979.25,981.2,,981.1,,,21293,21084276.25,2060,F1,1,,,,,
2026-07-15,2026-07-15,CM,NSE,STK,11374,INE0LQS01015,TIPSFILMS,EQ,,,,,TIPS FILMS LIMITED,331.9,331.95,326.35,329.5,331.0,325.65,,328.9,,,1907,628252.95,111,F1,1,,,,,
2026-07-15,2026-07-15,CM,NSE,STK,9117,INE716B01029,TIPSMUSIC,EQ,,,,,TIPS MUSIC LIMITED,705.0,705.0,652.5,665.5,666.0,703.8,,665.4,,,817440,544367858.05,39805,F1,1,,,,,
2026-07-15,2026-07-15,CM,NSE,STK,22282,INE319Y01024,TIRUPATIFL,EQ,,,,,TIRUPATI FORGE LIMITED,69.5,70.4,66.25,68.99,68.9,68.39,,68.99,,,521065,35932061.38,2886,F1,1,,,,,
2026-07-15,2026-07-15,CM,NSE,STK,15414,INE615H01020,TITAGARH,EQ,,,,,TITAGARH RAIL SYSTEMS LTD,858.0,889.8,857.95,879.1,878.9,858.7,,879.1,,,718924,632489747.7,28795,F1,1,,,,,
2026-07-15,2026-07-15,CM,NSE,STK,3506,INE280A01028,TITAN,EQ,,,,,TITAN COMPANY LIMITED,4573.7,4607.0,4565.1,4579.4,4587.2,4573.7,,4579.3,,,619451,2842708502.3,44828,F1,1,,,,,
2026-07-15,2026-07-15,CM,NSE,STK,9710,INE932C01012,TOKYOPLAST,BE,,,,,TOKYO PLAST  INTL LTD.,85.0,86.8,84.5,85.5,85.5,85.0,,85.5,,,294,25181.2,18,F1,1,,,,,
2026-07-15,2026-07-15,CM,NSE,STK,25262,INE0RWQ01014,TOLINS,EQ,,,,,TOLINS TYRES LIMITED,103.0,104.86,102.16,103.19,103.2,103.33,,103.09,,,58514,6046886.34,1208,F1,1,,,,,
2026-07-15,2026-07-15,CM,NSE,STK,3518,INE685A01028,TORNTPHARM,EQ,,,,,TORRENT PHARMACEUTICALS L,4975.0,5033.4,4918.1,5017.8,4986.0,4973.5,,5017.8,,,778853,3882733596.5,76142,F1,1,,,,,
2026-07-15,2026-07-15,CM,NSE,STK,13786,INE813H01021,TORNTPOWER,EQ,,,,,TORRENT POWER LTD,1456.0,1467.5,1431.0,1441.1,1435.0,1465.3,,1441.1,,,198999,286854866.7,14377,F1,1,,,,,
2026-07-15,2026-07-15,CM,NSE,STK,22423,INE336X01012,TOTAL,EQ,,,,,TOTAL TRANSPORT SYS LTD,53.01,54.5,53.0,53.5,53.5,53.01,,53.5,,,55,2936.24,10,F1,1,,,,,
2026-07-15,2026-07-15,CM,NSE,STK,16908,INE486Y01013,TOUCHWOOD,EQ,,,,,TOUCHWOOD ENTERTAIN LTD.,68.75,69.39,67.81,68.47,67.85,68.41,,68.47,,,351,24173.12,19,F1,1,,,,,
2026-07-15,2026-07-15,CM,NSE,STK,3466,INE305A01023,TFCILTD,EQ,,,,,TOURISM FINANCE CORP. OF,80.11,85.5,80.0,83.8,83.75,80.53,,83.8,,,9252153,776606996.62,25387,F1,1,,,,,
2026-07-15,2026-07-15,CM,NSE,STK,9219,INE413G01022,TPLPLASTEH,EQ,,,,,TPL PLASTECH LIMITED,79.5,82.99,79.0,81.39,82.5,80.5,,81.39,,,133638,10933742.38,2502,F1,1,,,,,
2026-07-15,2026-07-15,CM,NSE,STK,11582,INE0HMF01019,TRACXN,EQ,,,,,TRACXN TECHNOLOGIES LTD,29.99,30.59,29.7,29.96,30.08,29.76,,29.96,,,72020,2154918.72,1490,F1,1,,,,,
2026-07-15,2026-07-15,CM,NSE,STK,15174,INE763I01026,TARIL,EQ,,,,,TRANS & RECTI. LTD,338.0,341.0,334.05,337.25,338.15,337.0,,337.25,,,973646,328960027.5,13648,F1,1,,,,,
2026-07-15,2026-07-15,CM,NSE,STK,17795,INE0O3901029,TREL,EQ,,,,,TRANSINDIA REAL ESTATE L,25.37,25.45,24.8,24.97,24.9,25.26,,24.97,,,46330,1160665.79,528,F1,1,,,,,
2026-07-15,2026-07-15,CM,NSE,STK,3531,INE687A01016,TRANSPEK,EQ,,,,,TRANSPEK INDUSTRY LTD,999.6,999.6,965.0,969.2,966.3,967.45,,968.05,,,4345,4232452.45,541,F1,1,,,,,
2026-07-15,2026-07-15,CM,NSE,STK,10580,INE688A01022,TCI,EQ,,,,,TRANSPORT CORPN OF INDIA,920.2,934.35,916.6,930.15,926.05,925.8,,930.15,,,27373,25347864.45,3051,F1,1,,,,,
2026-07-15,2026-07-15,CM,NSE,STK,28714,INE454P01035,TRANSRAILL,EQ,,,,,TRANSRAIL LIGHTING LTD,498.6,504.75,496.8,499.0,499.9,498.6,,499.0,,,192398,96331927.85,7592,F1,1,,,,,
2026-07-15,2026-07-15,CM,NSE,STK,19801,INE0NVI01020,TRANSTEEL,SM,,,,,TRANSTEEL SEATING TECH L,122.9,122.9,118.0,120.8,121.0,119.0,,120.8,,,63000,7602300.0,32,F1,1000,,,,,
2026-07-15,2026-07-15,CM,NSE,STK,14319,INE804H01012,TFL,EQ,,,,,TRANSWARRANTY FIN. LTD.,11.17,11.58,10.82,11.01,11.01,11.17,,11.01,,,3170,35193.34,47,F1,1,,,,,
2026-07-15,2026-07-15,CM,NSE,STK,8619,INE757B01015,TRANSWORLD,BE,,,,,TRANSWORLD SHIP LINES LTD,160.9,160.9,156.1,159.57,159.7,157.04,,159.5,,,2906,462629.57,48,F1,1,,,,,
2026-07-15,2026-07-15,CM,NSE,STK,757545,INE103V01028,TRAVELFOOD,EQ,,,,,TRAVEL FOOD SERVICES LTD,1319.9,1326.7,1294.0,1295.0,1294.0,1319.9,,1295.0,,,21486,27954617.4,5175,F1,1,,,,,
2026-07-15,2026-07-15,CM,NSE,STK,25082,INE040M01013,TREEHOUSE,EQ,,,,,TREE HOUSE EDU LTD,6.29,6.5,6.03,6.33,6.19,6.46,,6.33,,,43932,277735.53,151,F1,1,,,,,
2026-07-15,2026-07-15,CM,NSE,STK,7518,INE00CA01015,TREJHARA,EQ,,,,,TREJHARA SOLUTIONS LTD,142.0,142.0,133.0,133.61,133.01,135.34,,133.62,,,14439,1951479.68,343,F1,1,,,,,
2026-07-15,2026-07-15,CM,NSE,STK,1964,INE849A01020,TRENT,EQ,,,,,TRENT LTD,2875.0,2897.4,2857.4,2867.7,2870.9,2869.1,,2867.7,,,1034561,2973979950.9,77301,F1,1,,,,,
2026-07-15,2026-07-15,CM,NSE,STK,17987,INE391D01019,TRF,EQ,,,,,TRF LIMITED,254.11,259.0,253.82,255.39,255.0,252.43,,255.3,,,42385,10884022.76,1399,F1,1,,,,,
2026-07-15,2026-07-15,CM,NSE,STK,27037,INE760L01018,TBZ,EQ,,,,,TRIB BHIMJI ZAVERI LTD,263.4,274.99,256.0,262.09,260.0,259.97,,262.1,,,8586056,2279907398.41,104358,F1,1,,,,,
2026-07-15,2026-07-15,CM,NSE,STK,9685,INE064C01022,TRIDENT,EQ,,,,,TRIDENT LIMITED,25.36,25.81,25.25,25.32,25.35,25.28,,25.32,,,3210313,81867526.14,9638,F1,1,,,,,
2026-07-15,2026-07-15,CM,NSE,STK,21093,INE0QD201012,TECHLABS,ST,,,,,TRIDENT TECHLABS LIMITED,147.5,154.9,146.85,146.85,146.85,154.55,,146.85,,,35000,5213600.0,127,F1,125,,,,,
2026-07-15,2026-07-15,CM,NSE,STK,5428,INE948A01012,TRIGYN,EQ,,,,,TRIGYN TECHNOLOGIES LTD,58.0,59.0,56.52,58.16,59.0,56.95,,58.21,,,30915,1781633.71,552,F1,1,,,,,
2026-07-15,2026-07-15,CM,NSE,STK,13081,INE256C01024,TRIVENI,EQ,,,,,TRIVENI ENGG. & INDS. LTD,474.2,478.4,458.25,461.3,461.85,472.25,,461.3,,,377213,176668272.65,12084,F1,1,,,,,
2026-07-15,2026-07-15,CM,NSE,STK,25584,INE152M01016,TRITURBINE,EQ,,,,,TRIVENI TURBINE LIMITED,608.6,643.0,608.6,639.25,642.0,607.65,,639.25,,,2034539,1281790490.65,61695,F1,1,,,,,
2026-07-15,2026-07-15,CM,NSE,STK,759210,INE0MWH01014,TRUALT,EQ,,,,,TRUALT BIOENERGY LIMITED,426.0,432.5,425.1,427.8,425.1,425.65,,427.8,,,86273,37031394.45,4276,F1,1,,,,,
2026-07-15,2026-07-15,CM,NSE,STK,9378,INE615R01029,TRU,EQ,,,,,TRUCAP FINANCE LIMITED,5.34,5.34,5.02,5.08,5.07,5.15,,5.08,,,51728,265303.32,212,F1,1,,,,,
2026-07-15,2026-07-15,CM,NSE,STK,23417,INE0SWN01019,TRUST,SM,,,,,TRUST FINTECH LIMITED,29.55,29.55,28.0,28.0,28.0,28.5,,28.0,,,3000,85620.0,5,F1,600,,,,,
2026-07-15,2026-07-15,CM,NSE,STK,757858,INE16VK01010,TSC,SM,,,,,TSC INDIA LIMITED,27.2,27.2,27.2,27.2,27.2,27.2,,27.2,,,2000,54400.0,1,F1,2000,,,,,
2026-07-15,2026-07-15,CM,NSE,STK,2183,INE202Z01029,TSFINV,EQ,,,,,TSF INVESTMENTS LIMITED,481.0,490.0,476.1,479.25,476.1,475.05,,479.25,,,103306,49836404.85,5294,F1,1,,,,,
2026-07-15,2026-07-15,CM,NSE,STK,27408,INE1C3207073,935TSI29,N0,,,,,TSI 9.35% 29 SR I-C,101500.0,101500.0,101500.0,101500.0,101500.0,101444.25,,101500.0,,,5,507500.0,2,F1,1,,,,,
2026-07-15,2026-07-15,CM,NSE,STK,27448,INE1C3207065,935TSI30,N0,,,,,TSI 9.35% 30 SR I-D,103000.0,104059.86,103000.0,104059.86,104059.86,103906.16,,104059.86,,,90,9353190.2,4,F1,1,,,,,
2026-07-15,2026-07-15,CM,NSE,STK,11369,INE910C01018,TTKHLTCARE,EQ,,,,,TTK HEALTHCARE LIMITED,996.9,1009.0,990.25,995.3,992.0,989.0,,995.35,,,15016,15001598.5,742,F1,1,,,,,
2026-07-15,2026-07-15,CM,NSE,STK,3546,INE690A01028,TTKPRESTIG,EQ,,,,,TTK PRESTIGE LTD,668.0,676.55,660.0,669.4,665.75,664.7,,669.35,,,63081,42196305.65,3472,F1,1,,,,,
2026-07-15,2026-07-15,CM,NSE,STK,312,INE974X01010,TIINDIA,EQ,,,,,TUBE INVEST OF INDIA LTD,2940.0,2969.6,2915.5,2939.7,2943.6,2916.1,,2939.7,,,113668,334271151.1,18689,F1,1,,,,,
2026-07-15,2026-07-15,CM,NSE,STK,24520,INE0OXV01027,TUNWAL,SM,,,,,TUNWAL E-MOTORS LIMITED,26.0,26.15,25.6,25.8,25.8,25.85,,25.8,,,88000,2277300.0,37,F1,2000,,,,,
2026-07-15,2026-07-15,CM,NSE,STK,756090,INE0OC301013,TURTLEMINT,EQ,,,,,TURTLEMINT FINTECH SOLS L,137.02,141.79,136.2,138.12,139.0,136.91,,138.13,,,907329,126417569.32,9904,F1,1,,,,,
2026-07-15,2026-07-15,CM,NSE,STK,11275,INE038F01029,TVTODAY,EQ,,,,,TV TODAY NETWORK LTD,119.1,125.65,119.1,121.91,122.0,119.99,,121.9,,,70077,8603079.08,1922,F1,1,,,,,
2026-07-15,2026-07-15,CM,NSE,STK,18504,INE871L01013,TVVISION,EQ,,,,,TV VISION LIMITED,5.04,5.09,4.76,4.82,4.78,5.04,,4.82,,,13401,65100.39,91,F1,1,,,,,
2026-07-15,2026-07-15,CM,NSE,STK,11265,INE236G01019,TVSELECT,EQ,,,,,TVS ELECTRONICS LTD,520.0,524.4,510.05,517.9,515.1,515.0,,517.8,,,75000,38883047.75,3614,F1,1,,,,,
2026-07-15,2026-07-15,CM,NSE,STK,29008,INE105A01035,TVSHLTD,EQ,,,,,TVS HOLDINGS LIMITED,14003.0,14279.0,13940.0,14000.0,14000.0,14060.0,,14000.0,,,16077,226175481.0,1114,F1,1,,,,,
2026-07-15,2026-07-15,CM,NSE,STK,758598,INE1JNC23012,TVSINVIT,IV,,,,,TVS INFRASTRUCTURE TRUST,116.05,116.05,116.05,116.05,116.05,116.95,,116.05,,,100000,11605000.0,1,F1,25000,,,,,
2026-07-15,2026-07-15,CM,NSE,STK,8479,INE494B01023,TVSMOTOR,EQ,,,,,TVS MOTOR COMPANY  LTD,3607.7,3650.9,3582.5,3612.3,3621.8,3608.4,,3612.3,,,709493,2561363349.7,55754,F1,1,,,,,
2026-07-15,2026-07-15,CM,NSE,STK,761141,INE494B04019,TVSMNCRPS,P1,,,,,TVS MOTOR COMPANY LIMITED,10.35,10.45,10.35,10.45,10.45,10.4,,10.45,,,2806602,29321485.6,871,F1,1,,,,,
2026-07-15,2026-07-15,CM,NSE,STK,14245,INE421C01016,TVSSRICHAK,EQ,,,,,TVS SRICHAKRA LIMITED,4162.2,4248.0,4133.5,4211.9,4220.0,4136.1,,4208.3,,,2756,11550914.3,629,F1,1,,,,,
2026-07-15,2026-07-15,CM,NSE,STK,18151,INE395N01027,TVSSCS,EQ,,,,,TVS SUPPLY CHAIN SOL L,140.3,141.99,138.3,138.59,138.9,139.48,,138.58,,,278439,38987004.79,3628,F1,1,,,,,
2026-07-15,2026-07-15,CM,NSE,STK,19501,INE388G01026,TICL,EQ,,,,,TWAMEV CONS AND INFRA LTD,11.7,12.08,11.23,11.23,11.23,11.82,,11.23,,,529068,6107413.88,882,F1,1,,,,,
2026-07-15,2026-07-15,CM,NSE,STK,25626,INE152C01025,UYFINCORP,EQ,,,,,U. Y. FINCORP LIMITED,16.69,17.1,15.9,16.58,16.65,16.43,,16.58,,,492382,8187733.39,772,F1,1,,,,,
2026-07-15,2026-07-15,CM,NSE,STK,3570,INE139B01016,UCAL,EQ,,,,,UCAL LIMITED,116.19,119.5,116.19,118.88,119.49,117.99,,118.88,,,4522,534707.13,129,F1,1,,,,,
2026-07-15,2026-07-15,CM,NSE,STK,755996,INE583D07562,10UCL26,ND,,,,,UCL 10.00% SR I,995.0,996.0,993.02,994.68,993.02,1025.0,,994.68,,,43,42789.26,5,F1,1,,,,,
2026-07-15,2026-07-15,CM,NSE,STK,756004,INE583D07596,1050UCL28,NH,,,,,UCL 10.50% SR V,1003.61,1015.0,1000.0,1000.6,1000.6,1015.01,,1007.8,,,821,821788.6,12,F1,1,,,,,
2026-07-15,2026-07-15,CM,NSE,STK,11223,INE691A01018,UCOBANK,EQ,,,,,UCO BANK,26.19,26.74,26.08,26.24,26.25,26.19,,26.24,,,6430063,169429851.65,18060,F1,1,,,,,
2026-07-15,2026-07-15,CM,NSE,STK,14871,INE0N0Y01013,USK,EQ,,,,,UDAYSHIVAKUMAR INFRA LTD,21.85,23.0,21.85,22.29,22.4,22.13,,22.29,,,20774,466172.8,149,F1,1,,,,,
2026-07-15,2026-07-15,CM,NSE,STK,1053,INE516A01017,UFLEX,EQ,,,,,UFLEX LIMITED,447.0,453.65,435.4,440.3,442.0,444.95,,440.3,,,37709,16718399.75,1172,F1,1,,,,,
2026-07-15,2026-07-15,CM,NSE,STK,9039,INE527H01019,UFO,EQ,,,,,UFO MOVIEZ INDIA LTD.,69.35,70.0,68.7,69.0,68.9,69.32,,69.0,,,40262,2790404.56,1037,F1,1,,,,,
2026-07-15,2026-07-15,CM,NSE,STK,5313,INE583D01011,UGROCAP,EQ,,,,,UGRO CAPITAL LIMITED,97.95,98.01,96.0,97.77,97.37,95.63,,97.77,,,143385,14005181.8,2435,F1,1,,,,,
2026-07-15,2026-07-15,CM,NSE,STK,23507,INE899L01030,UEL,EQ,,,,,UJAAS ENERGY LIMITED,129.7,131.8,126.0,127.6,129.34,127.36,,127.52,,,3828,495628.12,248,F1,1,,,,,
2026-07-15,2026-07-15,CM,NSE,STK,15228,INE551W01018,UJJIVANSFB,EQ,,,,,UJJIVAN SMALL FINANC BANK,65.35,66.74,64.5,65.51,65.42,65.14,,65.51,,,14595011,963154236.05,55584,F1,1,,,,,
2026-07-15,2026-07-15,CM,NSE,STK,762961,INE405A01021,ULTRAMAR,EQ,,,,,ULTRAMARINE & PIGMENTS L,390.4,390.95,384.0,386.9,385.65,387.15,,386.95,,,8136,3141054.6,1397,F1,1,,,,,
2026-07-15,2026-07-15,CM,NSE,STK,11532,INE481G01011,ULTRACEMCO,EQ,,,,,ULTRATECH CEMENT LIMITED,11504.0,11855.0,11504.0,11812.0,11830.0,11496.0,,11812.0,,,379635,4467864136.0,60570,F1,1,,,,,
2026-07-15,2026-07-15,CM,NSE,STK,8845,INE0GIU01018,UMAEXPORTS,BE,,,,,UMA EXPORTS LIMITED,21.32,22.0,21.32,21.85,21.9,21.78,,21.85,,,8178,178083.14,59,F1,1,,,,,
2026-07-15,2026-07-15,CM,NSE,STK,8998,INE398B01018,UMIYA-MRO,EQ,,,,,UMIYA BUILDCON LIMITED,90.97,91.58,88.5,88.9,88.5,89.57,,88.86,,,21087,1880215.76,556,F1,1,,,,,
2026-07-15,2026-07-15,CM,NSE,STK,16894,INE033L08270,TCHF30,NB,,,,,UN SE RE NCD 8.55% SR.VI,1040.0,1040.0,1032.0,1032.0,1032.0,1040.0,,1032.0,,,6,6216.0,2,F1,1,,,,,
2026-07-15,2026-07-15,CM,NSE,STK,3579,INE351A01035,UNICHEMLAB,EQ,,,,,UNICHEM LABORATORIES LTD,584.0,609.6,578.55,595.1,596.0,581.35,,595.1,,,226258,135157957.35,9549,F1,1,,,,,
2026-07-15,2026-07-15,CM,NSE,STK,24809,INE00U401027,UNIECOM,EQ,,,,,UNICOMMERCE ESOLUTIONS L,87.0,87.29,85.6,85.94,85.97,86.19,,85.94,,,237003,20456693.65,3468,F1,1,,,,,
2026-07-15,2026-07-15,CM,NSE,STK,18582,INE0PRF01011,UNIHEALTH,SM,,,,,UNIHEALTH HOSPITALS LTD,716.05,723.75,703.3,706.7,709.0,716.8,,706.7,,,8000,5707425.0,16,F1,500,,,,,
2026-07-15,2026-07-15,CM,NSE,STK,7797,INE481Z01011,UNIINFO,BE,,,,,UNIINFO TELECOM SERVI LTD,11.68,12.25,11.54,12.1,12.1,11.8,,12.1,,,694,8217.92,19,F1,1,,,,,
2026-07-15,2026-07-15,CM,NSE,STK,25633,INE0B2801011,UNILEX,SM,,,,,UNILEX COLOURS AND CHEM L,27.05,27.05,27.0,27.0,27.0,28.0,,27.0,,,3200,86480.0,2,F1,1600,,,,,
2026-07-15,2026-07-15,CM,NSE,STK,28960,INE0U3I01011,UNIMECH,EQ,,,,,UNIMECH AEROSPACE N MFG L,1202.6,1224.9,1201.6,1206.5,1209.0,1202.4,,1206.4,,,78419,95008901.4,6610,F1,1,,,,,
2026-07-15,2026-07-15,CM,NSE,STK,10753,INE692A01016,UNIONBANK,EQ,,,,,UNION BANK OF INDIA,171.21,177.49,168.7,172.38,172.3,170.67,,172.38,,,60853488,10577875818.62,205063,F1,1,,,,,
2026-07-15,2026-07-15,CM,NSE,STK,29687,INF582M01KS4,UNIONGOLD,EQ,,,,,UNIONAMC - UNIONGOLD,138.55,138.9,137.65,137.75,138.15,137.55,,137.75,,,4978,686143.7,49,F1,1,,,,,
2026-07-15,2026-07-15,CM,NSE,STK,13057,INE244O01017,UNIPARTS,EQ,,,,,UNIPARTS INDIA LIMITED,680.05,715.5,680.05,695.05,690.5,678.75,,695.15,,,268125,188484816.15,11067,F1,1,,,,,
2026-07-15,2026-07-15,CM,NSE,STK,11293,INE037A01022,UNIENTER,EQ,,,,,UNIPHOS ENTERPRISES LTD,109.7,110.5,106.13,107.73,108.38,107.93,,107.69,,,73170,7928619.33,682,F1,1,,,,,
2026-07-15,2026-07-15,CM,NSE,STK,3594,INE694A01020,UNITECH,EQ,,,,,UNITECH LTD,4.57,4.63,4.55,4.56,4.56,4.55,,4.56,,,1753957,8036070.23,1266,F1,1,,,,,
2026-07-15,2026-07-15,CM,NSE,STK,16713,INE686F01025,UBL,EQ,,,,,UNITED BREWERIES LTD,1352.0,1362.7,1347.2,1357.3,1362.0,1348.7,,1357.3,,,101007,136786650.0,12659,F1,1,,,,,
2026-07-15,2026-07-15,CM,NSE,STK,204,INE961D01019,UNIDT,BE,,,,,UNITED DRILLING TOOLS LTD,229.7,229.7,218.51,227.91,229.3,224.11,,227.92,,,4150,936036.36,91,F1,1,,,,,
2026-07-15,2026-07-15,CM,NSE,STK,3127,INE382M01027,UFBL,EQ,,,,,UNITED FOODBRANDS LIMITED,741.0,750.0,731.05,739.1,737.85,739.95,,739.15,,,39841,29462087.85,2714,F1,1,,,,,
2026-07-15,2026-07-15,CM,NSE,STK,25938,INE0SMR01011,UHTL,ST,,,,,UNITED HEAT TRANSFER LTD,108.1,108.1,104.0,104.0,104.0,106.0,,104.0,,,66000,6974900.0,24,F1,2000,,,,,
2026-07-15,2026-07-15,CM,NSE,STK,17999,INE458F01011,UNITEDTEA,EQ,,,,,UNITED NILGIRI TEA LTD,469.0,472.7,465.95,469.35,470.0,467.4,,469.35,,,9134,4264743.05,108,F1,1,,,,,
2026-07-15,2026-07-15,CM,NSE,STK,7564,INE368U01029,UNITEDPOLY,BE,,,,,UNITED POLYFAB GUJ. LTD.,30.99,31.59,29.52,29.99,31.59,31.07,,30.01,,,146187,4355621.75,302,F1,1,,,,,
2026-07-15,2026-07-15,CM,NSE,STK,10447,INE854D01024,UNITDSPR,EQ,,,,,UNITED SPIRITS LIMITED,1393.5,1394.9,1370.5,1373.4,1373.0,1386.3,,1373.4,,,967379,1336646567.9,41794,F1,1,,,,,
2026-07-15,2026-07-15,CM,NSE,STK,18979,INE562X01013,UNIVASTU,BE,,,,,UNIVASTU INDIA LIMITED,109.99,113.77,106.0,112.88,112.33,108.36,,112.88,,,240485,26943430.61,1060,F1,1,,,,,
2026-07-15,2026-07-15,CM,NSE,STK,3607,INE279A01012,UNIVCABLES,EQ,,,,,UNIVERSAL CABLES LTD,1224.9,1243.0,1175.0,1202.3,1200.0,1212.0,,1202.3,,,114108,138288849.5,9733,F1,1,,,,,
2026-07-15,2026-07-15,CM,NSE,STK,17661,INE03V001013,UNIVPHOTO,BE,,,,,UNIVERSUS IMAGINGS LTD,401.0,404.45,385.0,402.05,404.4,385.2,,402.95,,,1710,684762.4,62,F1,1,,,,,
2026-07-15,2026-07-15,CM,NSE,STK,14154,INE405E01023,UNOMINDA,EQ,,,,,UNO MINDA LIMITED,1145.0,1171.0,1140.2,1157.7,1157.7,1137.0,,1157.7,,,723132,835969497.6,25571,F1,1,,,,,
2026-07-15,2026-07-15,CM,NSE,STK,18636,INE148I08256,915SCL26,NE,,,,,UNS RED NCD 9.15% SR.IX,1058.02,1058.02,1058.02,1058.02,1058.02,1060.5,,1067.97,,,48,50784.96,1,F1,1,,,,,
2026-07-15,2026-07-15,CM,NSE,STK,18638,INE148I08272,SCLZC26A,NF,,,,,UNS RED NCD SR. X,2360.0,2360.0,2360.0,2360.0,2360.0,2261.0,,2360.0,,,200,472000.0,2,F1,1,,,,,
2026-07-15,2026-07-15,CM,NSE,STK,2883,INE530B08110,IIFLZC28,NG,,,,,UNSE RE NCD 0% SR.III,1643.6,1655.55,1643.6,1655.55,1655.55,1643.6,,1655.55,,,45,74281.25,3,F1,1,,,,,
2026-07-15,2026-07-15,CM,NSE,STK,2877,INE530B08102,96IIFL28A,NF,,,,,UNSE RE NCD 9.6% SR.II,1002.95,1010.0,996.0,1004.0,1004.0,1002.94,,1004.0,,,1416,1420866.29,28,F1,1,,,,,
2026-07-15,2026-07-15,CM,NSE,STK,5212,INE477L08147,10IIFL28,N4,,,,,UNSEC RE NCD 10% SR.I,1081.0,1087.5,1081.0,1087.5,1087.5,1081.5,,1087.5,,,565,610852.5,4,F1,1,,,,,
2026-07-15,2026-07-15,CM,NSE,STK,5214,INE477L08154,96IIFL28,N5,,,,,UNSEC RE NCD 9.60% SR.II,1000.6,1004.0,1000.6,1003.53,1003.79,1002.0,,1003.53,,,891,893831.7,15,F1,1,,,,,
2026-07-15,2026-07-15,CM,NSE,STK,21225,INE306N08292,910TCAP28,,,,,,UNSERENCD9.1%SRIIICIII&IV,1144.0,1144.0,1101.0,1106.99,1106.99,1104.99,,1106.99,,,337,374405.68,15,F1,1,,,,,
2026-07-15,2026-07-15,CM,NSE,STK,19113,INE851I01011,UDS,EQ,,,,,UPDATER SERVICES LIMITED,190.5,193.39,190.2,191.29,191.6,190.5,,191.28,,,69930,13402206.5,1521,F1,1,,,,,
2026-07-15,2026-07-15,CM,NSE,STK,11287,INE628A01036,UPL,EQ,,,,,UPL LIMITED,597.0,608.0,584.05,597.3,599.0,593.15,,597.3,,,2709031,1619956990.05,53965,F1,1,,,,,
2026-07-15,2026-07-15,CM,NSE,STK,17081,INE568Z01015,URAVIDEF,BE,,,,,URAVI DEFENCE &TECH LTD,117.99,119.96,114.0,118.1,118.1,116.79,,118.1,,,3024,357745.01,66,F1,1,,,,,
2026-07-15,2026-07-15,CM,NSE,STK,759084,INE0CAZ01013,URBANCO,EQ,,,,,URBAN COMPANY LIMITED,132.08,134.75,131.3,133.94,133.11,132.01,,133.94,,,1616640,215401231.97,17454,F1,1,,,,,
2026-07-15,2026-07-15,CM,NSE,STK,16888,INE0O0201019,URBAN,SM,,,,,URBAN ENVIRO WASTE MGMT L,133.0,137.9,133.0,134.0,134.0,131.8,,134.0,,,10400,1401080.0,11,F1,800,,,,,
2026-07-15,2026-07-15,CM,NSE,STK,20203,INE550C01020,URJA,EQ,,,,,URJA GLOBAL LIMITED,9.5,9.64,9.41,9.47,9.5,9.54,,9.47,,,680681,6453033.06,2957,F1,1,,,,,
2026-07-15,2026-07-15,CM,NSE,STK,25952,INE0LS001014,USHAFIN,SM,,,,,USHA FINANCIAL SERVICES L,33.0,34.5,33.0,34.5,34.5,32.8,,34.5,,,17600,603920.0,10,F1,1600,,,,,
2026-07-15,2026-07-15,CM,NSE,STK,19142,INE240C01028,UMESLTD,EQ,,,,,USHA MARTIN EDU & SOL LTD,5.85,5.99,5.68,5.75,5.96,5.82,,5.75,,,15355,89628.49,60,F1,1,,,,,
2026-07-15,2026-07-15,CM,NSE,STK,8840,INE228A01035,USHAMART,EQ,,,,,USHA MARTIN LTD.,500.0,505.0,495.05,497.15,496.0,497.1,,497.15,,,147135,73490564.5,7431,F1,1,,,,,
2026-07-15,2026-07-15,CM,NSE,STK,4214,INE00NI01015,UCL,ST,,,,,USHANTI COLOUR CHEM LTD,182.65,182.65,182.65,182.65,182.65,186.35,,182.65,,,2000,365300.0,1,F1,2000,,,,,
2026-07-15,2026-07-15,CM,NSE,STK,527,INE094J01016,UTIAMC,EQ,,,,,UTI ASSET MNGMT CO LTD,976.0,980.1,963.0,968.75,969.9,985.8,,968.85,,,420049,408097269.05,33271,F1,1,,,,,
2026-07-15,2026-07-15,CM,NSE,STK,22440,INF789F1AUV1,BANKBETA,EQ,,,,,UTIAMC-BANKBETA,59.67,60.1,59.46,59.67,59.6,59.36,,59.67,,,145026,8693414.9,410,F1,1,,,,,
2026-07-15,2026-07-15,CM,NSE,STK,22524,INF789F1AZF3,GILT10BETA,EQ,,,,,UTIAMC-GILT10BETA,26.82,26.82,26.76,26.79,26.79,26.85,,26.79,,,143,3828.04,13,F1,1,,,,,
2026-07-15,2026-07-15,CM,NSE,STK,22521,INF789F1AZE6,GILT5BETA,EQ,,,,,UTIAMC-GILT5BETA,66.1,66.61,65.21,66.61,66.61,66.0,,66.61,,,181,11914.98,9,F1,1,,,,,
2026-07-15,2026-07-15,CM,NSE,STK,22488,INF789F1AZD8,ITBETA,EQ,,,,,UTIAMC-ITBETA,300.91,302.31,299.28,300.5,300.39,300.91,,300.5,,,970,290579.91,22,F1,1,,,,,
2026-07-15,2026-07-15,CM,NSE,STK,18347,INF789F1AYX9,MIDCAPBETA,EQ,,,,,UTIAMC-MIDCAPBETA,233.27,235.0,233.15,234.32,234.38,233.26,,234.32,,,512,119849.32,34,F1,1,,,,,
2026-07-15,2026-07-15,CM,NSE,STK,21478,INF789F1AUW9,NEXT50BETA,EQ,,,,,UTIAMC-NEXT50BETA,75.73,78.25,75.73,77.96,78.05,77.68,,77.96,,,473652,36968007.51,610,F1,1,,,,,
2026-07-15,2026-07-15,CM,NSE,STK,10511,INF789F1AZC0,NIFTYBETA,EQ,,,,,UTIAMC-NIFTYBETA,266.88,268.19,266.0,266.42,266.21,266.21,,266.42,,,26997,7223869.45,388,F1,1,,,,,
2026-07-15,2026-07-15,CM,NSE,STK,10515,INF789FB1X58,SENSEXBETA,EQ,,,,,UTIAMC-SENSEXBETA,851.46,860.69,845.05,850.21,845.05,851.46,,850.21,,,1205,1031630.39,134,F1,1,,,,,
2026-07-15,2026-07-15,CM,NSE,STK,15085,INF789F1AYK6,SILVERBETA,EQ,,,,,UTIAMC-SILVERBETA,211.53,212.18,209.92,210.64,211.24,210.1,,210.64,,,539467,113795284.71,3040,F1,1,,,,,
2026-07-15,2026-07-15,CM,NSE,STK,9168,INF789F1AUU3,SNXT50BETA,EQ,,,,,UTIAMC-SNXT50BETA,93.97,94.5,93.4,93.65,93.4,93.65,,93.57,,,2902,272857.45,73,F1,1,,,,,
2026-07-15,2026-07-15,CM,NSE,STK,14535,INF789F1AUX7,GOLDBETA,EQ,,,,,UTIAMC-UTIGOLDBETA,121.0,121.0,118.1,118.55,118.6,118.05,,118.55,,,237335,28136591.75,2342,F1,1,,,,,
2026-07-15,2026-07-15,CM,NSE,STK,751580,INE1V1R01014,UTKAL,SM,,,,,UTKAL SPEC INDUS INDIA L,27.25,27.4,27.05,27.4,27.4,26.1,,27.4,,,88000,2406800.0,37,F1,2000,,,,,
2026-07-15,2026-07-15,CM,NSE,STK,17358,INE735W01017,UTKARSHBNK,EQ,,,,,UTKARSH SMALL FIN BANK L,14.98,15.31,14.84,14.97,14.95,14.98,,14.97,,,5755444,86800270.73,8069,F1,1,,,,,
2026-07-15,2026-07-15,CM,NSE,STK,24729,INE06IJ01010,UTSSAV,ST,,,,,UTSSAV CZ GOLD JEWELS LTD,512.0,525.75,500.75,525.75,525.75,500.75,,525.75,,,85200,44341230.0,87,F1,600,,,,,
2026-07-15,2026-07-15,CM,NSE,STK,13376,INE786F01031,UTTAMSUGAR,EQ,,,,,UTTAM SUGAR MILLS LTD.,234.12,235.79,230.95,231.26,231.8,234.06,,231.25,,,59092,13764116.42,1292,F1,1,,,,,
2026-07-15,2026-07-15,CM,NSE,STK,3188,INE0GXK01018,VMARCIND,SM,,,,,V MARC INDIA LIMITED,284.0,298.9,277.1,286.95,284.1,283.8,,286.95,,,580500,168515475.0,361,F1,1500,,,,,
2026-07-15,2026-07-15,CM,NSE,STK,23018,INE0QQM01017,VR,SM,,,,,V R INFRASPACE LIMITED,102.9,102.9,102.9,102.9,102.9,98.0,,102.9,,,800,82320.0,2,F1,400,,,,,
2026-07-15,2026-07-15,CM,NSE,STK,15362,INE951I01027,VGUARD,EQ,,,,,V-GUARD IND LTD.,303.05,306.1,300.7,304.0,304.0,300.95,,304.0,,,187683,57030853.3,6078,F1,1,,,,,
2026-07-15,2026-07-15,CM,NSE,STK,24609,INE0QXL01015,VLINFRA,ST,,,,,V.L.INFRAPROJECTS LIMITED,25.6,25.6,25.15,25.15,25.15,26.4,,25.15,,,6000,152100.0,4,F1,1500,,,,,
2026-07-15,2026-07-15,CM,NSE,STK,14766,INE945H01021,V2RETAIL,EQ,,,,,V2 RETAIL LIMITED,221.2,223.79,218.11,219.95,220.7,220.79,,219.95,,,575857,127004077.85,14610,F1,1,,,,,
2026-07-15,2026-07-15,CM,NSE,STK,20188,INE956G01038,WABAG,EQ,,,,,VA TECH WABAG LTD,2130.6,2178.0,2080.1,2100.3,2100.0,2120.0,,2100.3,,,698954,1486142408.5,45652,F1,1,,,,,
2026-07-15,2026-07-15,CM,NSE,STK,24196,INE694D01016,VADILALIND,EQ,,,,,VADILAL INDUSTRIES LTD,6812.5,6997.0,6572.5,6639.5,6590.5,6806.5,,6638.5,,,39152,267743630.0,9127,F1,1,,,,,
2026-07-15,2026-07-15,CM,NSE,STK,11364,INE884A01027,VAIBHAVGBL,EQ,,,,,VAIBHAV GLOBAL LIMITED,252.6,261.8,250.6,253.13,253.21,251.17,,253.1,,,393132,100789767.0,8153,F1,1,,,,,
2026-07-15,2026-07-15,CM,NSE,STK,8259,INE0JR301013,MADHAVBAUG,SM,,,,,VAIDYA SANE AYUR LAB LTD,223.95,223.95,200.0,204.9,204.9,196.4,,204.9,,,3600,741860.0,8,F1,400,,,,,
2026-07-15,2026-07-15,CM,NSE,STK,16621,INE972X01022,VAISHALI,BE,,,,,VAISHALI PHARMA LIMITED,8.2,8.2,7.64,7.76,7.84,8.04,,7.76,,,76970,596802.65,208,F1,1,,,,,
2026-07-15,2026-07-15,CM,NSE,STK,13342,INE051B01021,VAKRANGEE,EQ,,,,,VAKRANGEE LIMITED,6.0,6.08,5.99,6.02,6.04,6.02,,6.02,,,1133031,6821261.66,1301,F1,1,,,,,
2026-07-15,2026-07-15,CM,NSE,STK,19220,INE0JWS01017,VALIANTLAB,BE,,,,,VALIANT LABORATORIES LTD,63.8,64.44,62.75,63.67,63.74,63.4,,63.67,,,8691,553362.9,55,F1,1,,,,,
2026-07-15,2026-07-15,CM,NSE,STK,334,INE565V01010,VALIANTORG,BE,,,,,VALIANT ORGANICS LIMITED,273.05,278.45,273.05,275.65,277.45,274.2,,275.65,,,3223,888210.05,73,F1,1,,,,,
2026-07-15,2026-07-15,CM,NSE,STK,18128,INE879I01012,DBREALTY,BE,,,,,VALOR ESTATE LIMITED,120.5,125.99,116.39,116.87,117.9,122.51,,116.88,,,540453,64854551.0,2023,F1,1,,,,,
2026-07-15,2026-07-15,CM,NSE,STK,763304,INE1E7Y01018,VALUE360,SM,,,,,VALUE 360 COMMUNICATION L,81.6,83.5,81.05,81.1,81.1,80.4,,81.1,,,6000,490020.0,5,F1,1200,,,,,
2026-07-15,2026-07-15,CM,NSE,STK,13403,INE116G01013,VARDHACRLC,BE,,,,,VARDHAMAN ACRYLICS LTD,43.77,44.8,43.25,44.47,43.76,43.98,,44.47,,,23855,1057751.0,172,F1,1,,,,,
2026-07-15,2026-07-15,CM,NSE,STK,11892,INE701A01023,VHL,EQ,,,,,VARDHMAN HOLDINGS LIMITED,3524.0,3595.9,3500.0,3543.4,3586.0,3524.9,,3543.4,,,459,1632358.9,141,F1,1,,,,,
2026-07-15,2026-07-15,CM,NSE,STK,3646,INE835A01029,VARDMNPOLY,EQ,,,,,VARDHMAN POLYTEX LTD.,6.42,6.62,6.06,6.26,6.25,6.59,,6.26,,,583974,3678981.21,877,F1,1,,,,,
2026-07-15,2026-07-15,CM,NSE,STK,27067,INE050M01012,VSSL,EQ,,,,,VARDHMAN SPC STEEL LTD,297.0,297.95,289.1,296.1,296.9,295.6,,296.05,,,47973,14113215.25,1996,F1,1,,,,,
2026-07-15,2026-07-15,CM,NSE,STK,2073,INE825A01020,VTL,EQ,,,,,VARDHMAN TEXTILES LIMITED,647.05,651.45,634.0,635.95,635.2,643.55,,635.9,,,109273,70194833.5,6336,F1,1,,,,,
2026-07-15,2026-07-15,CM,NSE,STK,3857,INE665L01035,VARROC,EQ,,,,,VARROC ENGINEERING LTD.,666.6,676.0,657.95,660.55,659.95,666.7,,661.9,,,110547,73596405.3,8965,F1,1,,,,,
2026-07-15,2026-07-15,CM,NSE,STK,18921,INE200M01039,VBL,EQ,,,,,VARUN BEVERAGES LIMITED,471.25,472.7,463.25,464.2,464.6,470.25,,464.2,,,5070265,2364560562.85,69089,F1,1,,,,,
2026-07-15,2026-07-15,CM,NSE,STK,13771,INE273D01027,VGL,EQ,,,,,VARVEE GLOBAL LIMITED,62.26,63.78,61.62,62.0,61.7,62.26,,62.0,,,21743,1360604.67,417,F1,1,,,,,
2026-07-15,2026-07-15,CM,NSE,STK,16454,INE0N5801013,DENTALKART,SM,,,,,VASA DENTICITY LIMITED,380.5,395.0,379.85,388.25,390.0,376.0,,388.25,,,21750,8432087.5,57,F1,250,,,,,
2026-07-15,2026-07-15,CM,NSE,STK,18114,INE893I01013,VASCONEQ,BE,,,,,VASCON ENGINEERS LTD,31.95,32.91,31.95,32.53,32.59,32.21,,32.53,,,145530,4732086.98,540,F1,1,,,,,
2026-07-15,2026-07-15,CM,NSE,STK,25340,INE590L01019,VASWANI,EQ,,,,,VASWANI IND LTD,54.42,54.68,53.34,54.11,53.6,53.32,,54.12,,,9437,510140.3,254,F1,1,,,,,
2026-07-15,2026-07-15,CM,NSE,STK,9020,INE098201036,VCL,EQ,,,,,VAXTEX COTFAB LIMITED,1.28,1.28,1.23,1.24,1.23,1.25,,1.24,,,142634,178524.51,129,F1,1,,,,,
2026-07-15,2026-07-15,CM,NSE,STK,757413,INE04HY07294,1025VCCL28,N0,,,,,VCCL 10.25% 2028,97965.98,98242.89,97965.98,98242.89,98242.89,97979.89,,98242.89,,,13,1275243.32,5,F1,1,,,,,
2026-07-15,2026-07-15,CM,NSE,STK,25812,INE04HY07179,12VCCL27A,N0,,,,,VCCL 12% 2027 SR C,99999.99,99999.99,99999.99,99999.99,99999.99,99000.01,,99999.99,,,5,499999.95,1,F1,1,,,,,
2026-07-15,2026-07-15,CM,NSE,STK,759281,INE04HY07344,12VCCL28,N0,,,,,VCCL 12% 2028,99500.0,99500.0,99500.0,99500.0,99500.0,99000.0,,99500.0,,,1,99500.0,1,F1,1,,,,,
2026-07-15,2026-07-15,CM,NSE,STK,760558,INE04HY08011,125VCCL31,N0,,,,,VCCL 12.5% 2031,97000.0,97000.0,97000.0,97000.0,97000.0,96500.0,,97000.0,,,2,194000.0,2,F1,1,,,,,
2026-07-15,2026-07-15,CM,NSE,STK,29274,INE04HY07203,12VCCL29A,N0,,,,,VCCL12% 2029,99000.0,99000.0,98010.0,98010.0,98010.0,99998.0,,98010.0,,,2,197010.0,2,F1,1,,,,,
2026-07-15,2026-07-15,CM,NSE,STK,25054,INE0U2M01015,VDEAL,SM,,,,,VDEAL SYSTEM LIMITED,157.6,158.5,157.6,158.5,158.5,157.5,,158.5,,,1800,284220.0,3,F1,600,,,,,
2026-07-15,2026-07-15,CM,NSE,STK,8167,INE825V01034,MANYAVAR,EQ,,,,,VEDANT FASHIONS LIMITED,401.0,402.0,394.0,398.8,396.4,397.6,,398.8,,,194680,77651711.8,13244,F1,1,,,,,
2026-07-15,2026-07-15,CM,NSE,STK,750174,INE1CDF01017,VAML,EQ,,,,,VEDANTA ALUMINIUM METAL L,454.5,459.7,448.0,449.6,451.0,454.7,,449.6,,,9885157,4486741638.85,127716,F1,1,,,,,
2026-07-15,2026-07-15,CM,NSE,STK,750290,INE1CLE01013,VISL,EQ,,,,,VEDANTA IRON AND STEEL L,34.88,34.98,33.32,33.37,33.32,35.07,,33.37,,,43884246,1483702007.21,84992,F1,1,,,,,
2026-07-15,2026-07-15,CM,NSE,STK,3063,INE205A01025,VEDL,EQ,,,,,VEDANTA LIMITED,268.0,271.3,260.1,260.55,260.55,267.7,,260.55,,,21696090,5721947382.1,177706,F1,1,,,,,
2026-07-15,2026-07-15,CM,NSE,STK,750368,INE704J01044,VOGL,EQ,,,,,VEDANTA OIL AND GAS LTD,38.0,38.59,36.5,36.69,36.65,37.82,,36.69,,,48608395,1807546764.27,105546,F1,1,,,,,
2026-07-15,2026-07-15,CM,NSE,STK,750518,INE694L01019,VEDPOWER,EQ,,,,,VEDANTA POWER LIMITED,40.3,40.72,39.1,39.18,39.34,40.04,,39.19,,,26638228,1057339528.81,65463,F1,1,,,,,
2026-07-15,2026-07-15,CM,NSE,STK,14019,INE484C01030,VEEDOL,EQ,,,,,VEEDOL CORPORATION LTD,1439.0,1454.0,1439.0,1445.4,1448.3,1435.4,,1445.4,,,8438,12216766.7,862,F1,1,,,,,
2026-07-15,2026-07-15,CM,NSE,STK,762969,INE232E01013,VELJAN,BE,,,,,VELJAN DENISON LTD.,1760.0,1842.5,1760.0,1836.6,1830.0,1754.8,,1840.1,,,1628,2967434.2,142,F1,1,,,,,
2026-07-15,2026-07-15,CM,NSE,STK,14595,INE0I3H01019,VELS,ST,,,,,VELS FILM INTERNATIONAL L,73.0,73.0,73.0,73.0,73.0,69.85,,73.0,,,1200,87600.0,1,F1,1200,,,,,
2026-07-15,2026-07-15,CM,NSE,STK,3757,INE398A01010,VENKEYS,EQ,,,,,VENKY S (INDIA) LIMITED,1508.0,1512.8,1481.5,1498.1,1504.0,1502.4,,1498.2,,,25109,37650017.9,2577,F1,1,,,,,
2026-07-15,2026-07-15,CM,NSE,STK,28847,INE781S01027,VENTIVE,EQ,,,,,VENTIVE HOSPITALITY LTD,623.95,624.0,612.7,617.0,619.8,615.8,,616.85,,,14647,9064076.5,949,F1,1,,,,,
2026-07-15,2026-07-15,CM,NSE,STK,9592,INE0JA001018,VENUSPIPES,EQ,,,,,VENUS PIPES & TUBES LTD,1772.0,1804.9,1755.0,1767.7,1789.0,1770.9,,1767.5,,,67834,120496321.4,6664,F1,1,,,,,
2026-07-15,2026-07-15,CM,NSE,STK,13856,INE411B01019,VENUSREM,BE,,,,,VENUS REMEDIES LIMITED,1959.0,1959.0,1821.6,1843.8,1849.0,1895.6,,1845.8,,,44238,83356588.7,2309,F1,1,,,,,
2026-07-15,2026-07-15,CM,NSE,STK,8890,INE0IQ001011,VERANDA,EQ,,,,,VERANDA LEARNING SOL LTD,231.35,233.0,227.1,228.92,231.0,229.82,,228.92,,,131094,30218545.32,3311,F1,1,,,,,
2026-07-15,2026-07-15,CM,NSE,STK,23775,INE0SRI01019,VERITAAS,SM,,,,,VERITAAS ADVERTISING LTD,38.15,38.15,38.15,38.15,38.15,40.15,,38.15,,,3600,137340.0,3,F1,1200,,,,,
2026-07-15,2026-07-15,CM,NSE,STK,18865,INE188Y01031,VERTOZ,BE,,,,,VERTOZ LIMITED,38.21,39.78,37.09,37.53,37.1,39.04,,37.53,,,106921,4045783.8,389,F1,1,,,,,
2026-07-15,2026-07-15,CM,NSE,STK,3676,INE386A01023,VESUVIUS,EQ,,,,,VESUVIUS INDIA LTD,465.0,480.0,463.1,466.5,467.8,464.85,,466.5,,,290939,136378821.4,6350,F1,1,,,,,
2026-07-15,2026-07-15,CM,NSE,STK,8660,INE918N01018,VETO,BE,,,,,VETO SWITCHGEAR CABLE LTD,129.0,134.0,128.3,131.4,130.75,128.3,,131.4,,,33432,4390691.42,419,F1,1,,,,,
2026-07-15,2026-07-15,CM,NSE,STK,22730,INE0QTF01015,VSTL,EQ,,,,,VIBHOR STEEL TUBES LTD,113.89,113.9,112.4,112.96,112.51,112.24,,112.92,,,7165,809961.01,326,F1,1,,,,,
2026-07-15,2026-07-15,CM,NSE,STK,23386,INE048C01025,VHLTD,BE,,,,,VICEROY HOTELS LIMITED,129.59,131.0,127.6,130.0,130.0,127.09,,130.09,,,5225,675706.88,123,F1,1,,,,,
2026-07-15,2026-07-15,CM,NSE,STK,760694,INE0F8901022,VICTORYEV,ST,,,,,VICTORY ELEC VEHICL INT L,16.45,17.05,16.3,16.9,16.9,16.45,,16.9,,,27000,450300.0,9,F1,3000,,,,,
2026-07-15,2026-07-15,CM,NSE,STK,13536,INE632C01026,VIDHIING,EQ,,,,,VIDHI SPCLTY F INGRDNTS L,315.0,324.35,309.0,313.05,317.0,313.0,,313.05,,,87304,27532177.2,2156,F1,1,,,,,
2026-07-15,2026-07-15,CM,NSE,STK,760224,INE14UN01029,VIDYAWIRES,EQ,,,,,VIDYA WIRES LIMITED,95.12,96.4,93.91,94.14,94.0,95.19,,94.13,,,553913,52716401.84,4589,F1,1,,,,,
2026-07-15,2026-07-15,CM,NSE,STK,758908,INE1DM601016,VIGOR,ST,,,,,VIGOR PLAST INDIA LIMITED,105.1,109.65,100.2,109.0,109.65,104.45,,109.0,,,84800,9096080.0,50,F1,1600,,,,,
2026-07-15,2026-07-15,CM,NSE,STK,5585,INE043W01024,VIJAYA,EQ,,,,,VIJAYA DIAGNOSTIC CEN LTD,1382.0,1402.0,1375.8,1389.4,1390.0,1382.6,,1389.4,,,115636,160732831.0,12186,F1,1,,,,,
2026-07-15,2026-07-15,CM,NSE,STK,760121,INE0WL901019,VIJAYPD,SM,,,,,VIJAYPD CEUTICAL LIMITED,76.75,78.0,76.75,78.0,78.0,76.75,,78.0,,,8000,617000.0,4,F1,2000,,,,,
2026-07-15,2026-07-15,CM,NSE,STK,17695,INE159N01027,VIJIFIN,BE,,,,,VIJI FINANCE LIMITED,8.1,8.1,8.1,8.1,8.1,7.95,,8.16,,,72485,587128.5,50,F1,1,,,,,
2026-07-15,2026-07-15,CM,NSE,STK,25756,INE806A01020,VIKASECO,EQ,,,,,VIKAS ECOTECH LIMITED,1.19,1.21,1.19,1.19,1.2,1.19,,1.19,,,2003526,2393428.82,1028,F1,1,,,,,
2026-07-15,2026-07-15,CM,NSE,STK,9931,INE161L01027,VIKASLIFE,EQ,,,,,VIKAS LIFECARE LIMITED,1.39,1.45,1.36,1.38,1.38,1.39,,1.38,,,4736001,6602561.25,11042,F1,1,,,,,
2026-07-15,2026-07-15,CM,NSE,STK,759453,INE078V01014,VIKRAMSOLR,EQ,,,,,VIKRAM SOLAR LIMITED,192.04,197.2,192.04,193.83,193.6,191.35,,193.83,,,1688905,328978772.79,15566,F1,1,,,,,
2026-07-15,2026-07-15,CM,NSE,STK,758973,INE01R501028,VIKRAN,EQ,,,,,VIKRAN ENGINEERING LTD,73.63,74.2,72.38,73.24,73.25,73.35,,73.25,,,1437897,105541137.45,6662,F1,1,,,,,
2026-07-15,2026-07-15,CM,NSE,STK,23909,INE0AZY01017,VILAS,SM,,,,,VILAS TRANSCORE LIMITED,383.9,387.3,370.0,372.05,372.0,382.0,,372.05,,,20500,7694637.5,69,F1,250,,,,,
2026-07-15,2026-07-15,CM,NSE,STK,13101,INE579C01029,VIMTALABS,EQ,,,,,VIMTA LABS LIMITED,555.5,598.0,555.5,572.75,574.0,553.05,,572.8,,,605816,353496521.1,20946,F1,1,,,,,
2026-07-15,2026-07-15,CM,NSE,STK,17364,INE410B01037,VINATIORGA,EQ,,,,,VINATI ORGANICS LTD,1320.0,1329.2,1309.2,1313.9,1320.0,1314.7,,1314.0,,,23294,30699161.4,3383,F1,1,,,,,
2026-07-15,2026-07-15,CM,NSE,STK,3694,INE707A01012,VINDHYATEL,EQ,,,,,VINDHYA TELELINKS LTD,1930.4,1976.0,1830.0,1899.3,1905.5,1908.9,,1899.3,,,40102,75848537.0,4501,F1,1,,,,,
2026-07-15,2026-07-15,CM,NSE,STK,3809,INE505Y01010,VINEETLAB,BE,,,,,VINEET LABORATORIES LTD,33.2,36.36,33.2,36.33,36.34,34.63,,36.33,,,120016,4306807.46,329,F1,1,,,,,
2026-07-15,2026-07-15,CM,NSE,STK,763824,INE27V201011,VMOBILE,ST,,,,,VINIT MOBILE LIMITED,108.35,108.35,108.35,108.35,108.35,114.05,,108.35,,,4000,433400.0,5,F1,800,,,,,
2026-07-15,2026-07-15,CM,NSE,STK,12490,INE01KI01027,VINNY,EQ,,,,,VINNY OVERSEAS LIMITED,1.06,1.1,1.06,1.06,1.07,1.06,,1.06,,,376479,404360.73,151,F1,1,,,,,
2026-07-15,2026-07-15,CM,NSE,STK,17905,INE0OSJ01014,VINSYS,ST,,,,,VINSYS IT SERVICES IND LT,502.0,507.0,501.0,503.0,503.0,500.05,,503.0,,,3000,1509700.0,11,F1,250,,,,,
2026-07-15,2026-07-15,CM,NSE,STK,25835,INE498Q01014,VINCOFE,EQ,,,,,VINTAGE COFFEE N BVRGS L,161.0,165.4,158.4,158.79,158.5,160.11,,158.79,,,1535272,247804665.73,10692,F1,1,,,,,
2026-07-15,2026-07-15,CM,NSE,STK,19206,INE0OLS01010,VINYAS,SM,,,,,VINYAS INNOVATIVE TECH L,1313.0,1316.0,1300.0,1300.0,1300.0,1312.1,,1300.0,,,2800,3664895.0,25,F1,100,,,,,
2026-07-15,2026-07-15,CM,NSE,STK,16821,INE250B01029,VINYLINDIA,EQ,,,,,VINYL CHEMICALS (I) LTD.,252.2,253.9,250.05,252.05,252.2,251.0,,252.05,,,8358,2101783.2,334,F1,1,,,,,
2026-07-15,2026-07-15,CM,NSE,STK,14847,INE450G01024,VIPCLOTHNG,BE,,,,,VIP CLOTHING LIMITED,22.94,23.08,22.23,22.43,22.25,23.0,,22.43,,,167662,3799632.39,384,F1,1,,,,,
2026-07-15,2026-07-15,CM,NSE,STK,3703,INE054A01027,VIPIND,EQ,,,,,VIP INDUSTRIES LTD,295.3,305.95,294.25,303.8,303.75,294.0,,303.8,,,237417,71666281.8,4371,F1,1,,,,,
2026-07-15,2026-07-15,CM,NSE,STK,8437,INE946H01037,VIPULLTD,BE,,,,,VIPUL LIMITED,17.7,18.2,16.82,17.32,17.3,17.7,,17.33,,,5223218,92103248.43,11249,F1,1,,,,,
2026-07-15,2026-07-15,CM,NSE,STK,15295,INE539B01017,VIRINCHI,EQ,,,,,VIRINCHI LIMITED,15.8,15.95,15.3,15.4,15.64,15.79,,15.41,,,53783,840291.51,366,F1,1,,,,,
2026-07-15,2026-07-15,CM,NSE,STK,757060,INE0VRH01015,VGINFOTECH,SM,,,,,VIRTUAL GALAXY INFOTECH L,146.6,151.4,144.95,147.55,145.5,146.6,,147.55,,,69000,10221000.0,67,F1,1000,,,,,
2026-07-15,2026-07-15,CM,NSE,STK,761916,INE0I0T01010,VOEPL,EQ,,,,,VIRTUOSO OPTOELECTRONIC L,442.35,461.4,439.2,456.15,455.4,439.1,,455.95,,,32956,14975542.6,1344,F1,1,,,,,
2026-07-15,2026-07-15,CM,NSE,STK,13298,INE286H01012,VISACHROME,BE,,,,,VISA CHROME LIMITED,40.99,41.99,39.69,39.95,39.96,40.24,,39.95,,,35938,1455095.15,104,F1,1,,,,,
2026-07-15,2026-07-15,CM,NSE,STK,29877,INE370E01029,VIVIDHA,EQ,,,,,VISAGAR POLYTEX LTD,0.52,0.52,0.51,0.51,0.51,0.51,,0.51,,,138779,71966.64,126,F1,1,,,,,
2026-07-15,2026-07-15,CM,NSE,STK,4221,INE392A01021,VISAKAIND,EQ,,,,,VISAKA INDUSTRIES LIMITED,84.99,87.9,83.0,83.57,83.3,84.01,,83.58,,,299047,25556558.44,3502,F1,1,,,,,
2026-07-15,2026-07-15,CM,NSE,STK,27969,INE01EA01019,VMM,EQ,,,,,VISHAL MEGA MART LIMITED,114.39,115.29,113.32,113.94,113.95,114.28,,113.94,,,10034825,1144996745.58,46863,F1,1,,,,,
2026-07-15,2026-07-15,CM,NSE,STK,6908,INE270I01022,VISHNU,EQ,,,,,VISHNU CHEMICALS LIMITED,612.15,630.0,611.35,625.6,625.5,612.15,,625.6,,,143038,88856540.3,4644,F1,1,,,,,
2026-07-15,2026-07-15,CM,NSE,STK,18343,INE0AE001013,VPRPL,BE,,,,,VISHNU PRAKASH R PUNGLI L,26.5,26.5,26.31,26.31,26.31,26.5,,26.26,,,64098,1694979.04,293,F1,1,,,,,
2026-07-15,2026-07-15,CM,NSE,STK,19300,INE0PQ001012,VISHNUINFR,SM,,,,,VISHNUSURYA PROJ N INFR L,160.0,160.0,160.0,160.0,160.0,158.5,,160.0,,,2000,320000.0,2,F1,500,,,,,
2026-07-15,2026-07-15,CM,NSE,STK,13702,INE430N01022,VISHWARAJ,EQ,,,,,VISHWARAJ SUGAR IND LTD,5.47,5.48,5.38,5.41,5.44,5.4,,5.41,,,130249,705061.62,284,F1,1,,,,,
2026-07-15,2026-07-15,CM,NSE,STK,25231,INE0TR001017,VIESL,SM,,,,,VISION INFRA EQUIP SOL L,312.3,312.3,308.5,308.5,308.5,312.3,,308.5,,,6400,1985520.0,7,F1,800,,,,,
2026-07-15,2026-07-15,CM,NSE,STK,763637,INE0MEG01014,VIVIANA,BE,,,,,VIVIANA POWER TECH LTD,788.0,788.8,764.9,769.45,775.0,780.1,,769.45,,,7432,5760855.05,310,F1,1,,,,,
2026-07-15,2026-07-15,CM,NSE,STK,761771,INE24H301028,VIVIDEL,ST,,,,,VIVID ELECTROMECH LIMITED,1358.0,1358.0,1296.0,1316.65,1320.0,1304.45,,1316.65,,,18240,24150912.0,70,F1,240,,,,,
2026-07-15,2026-07-15,CM,NSE,STK,11968,INE526G01021,VIVIMEDLAB,BE,,,,,VIVIMED LABS LIMITED,5.35,5.35,5.1,5.22,5.22,5.25,,5.22,,,46591,241963.32,152,F1,1,,,,,
2026-07-15,2026-07-15,CM,NSE,STK,14296,INE807F01027,VIYASH,EQ,,,,,VIYASH SCIENTIFIC LIMITED,279.7,282.6,276.3,280.45,280.95,278.9,,280.45,,,927366,259350105.55,18750,F1,1,,,,,
2026-07-15,2026-07-15,CM,NSE,STK,18021,INE03HW01020,VLEGOV,BE,,,,,VL E GOV AND IT SOL LTD,12.4,12.4,11.66,12.05,12.0,12.27,,12.05,,,181157,2172345.53,405,F1,1,,,,,
2026-07-15,2026-07-15,CM,NSE,STK,3715,INE709A01018,VLSFINANCE,EQ,,,,,VLS FINANCE LTD,255.55,255.8,251.0,252.25,252.1,254.45,,252.35,,,12165,3085756.7,1120,F1,1,,,,,
2026-07-15,2026-07-15,CM,NSE,STK,29284,INE665J01013,VMART,EQ,,,,,VMART RETAIL LTD,754.0,763.7,741.5,747.7,750.0,749.9,,747.7,,,67566,50802767.6,5793,F1,1,,,,,
2026-07-15,2026-07-15,CM,NSE,STK,759153,INE0SJA01013,VMSTMT,BE,,,,,VMS TMT LIMITED,44.05,45.49,44.05,44.86,44.51,44.86,,44.96,,,16803,756234.29,119,F1,1,,,,,
2026-07-15,2026-07-15,CM,NSE,STK,14366,INE669E01016,IDEA,EQ,,,,,VODAFONE IDEA LIMITED,13.9,14.05,13.51,13.67,13.79,13.83,,13.67,,,323250383,4437915989.66,418953,F1,1,,,,,
2026-07-15,2026-07-15,CM,NSE,STK,29658,INE241X01014,VOLERCAR,SM,,,,,VOLER CAR LIMITED,218.1,229.3,217.0,217.6,217.6,221.5,,217.6,,,12800,2810840.0,16,F1,800,,,,,
2026-07-15,2026-07-15,CM,NSE,STK,13577,INE540H01012,VOLTAMP,EQ,,,,,VOLTAMP TRANSFORMERS LTD,9394.0,9463.0,9279.0,9410.0,9435.0,9300.0,,9410.0,,,59366,557260401.0,12480,F1,1,,,,,
2026-07-15,2026-07-15,CM,NSE,STK,3718,INE226A01021,VOLTAS,EQ,,,,,VOLTAS LTD,1361.9,1384.2,1350.1,1377.4,1377.9,1358.9,,1377.4,,,671247,922333718.6,25040,F1,1,,,,,
2026-07-15,2026-07-15,CM,NSE,STK,24321,INE0S2V01010,VRAJ,EQ,,,,,VRAJ IRON AND STEEL LTD,140.0,148.5,140.0,144.73,146.0,133.26,,144.71,,,719494,102878483.82,7248,F1,1,,,,,
2026-07-15,2026-07-15,CM,NSE,STK,8696,INE366I01010,VRLLOG,EQ,,,,,VRL LOGISTICS LIMITED,231.0,233.79,229.2,230.14,230.45,230.01,,230.14,,,60281,13942785.48,3083,F1,1,,,,,
2026-07-15,2026-07-15,CM,NSE,STK,3724,INE710A01016,VSTIND,EQ,,,,,VST INDUSTRIES LTD,237.0,238.85,232.0,232.85,232.7,237.95,,232.85,,,384540,90327176.85,6825,F1,1,,,,,
2026-07-15,2026-07-15,CM,NSE,STK,24292,INE764D01017,VSTTILLERS,EQ,,,,,VST TILLERS TRACTORS LTD,4623.5,4625.9,4572.1,4607.8,4619.9,4577.8,,4606.7,,,2156,9918935.4,731,F1,1,,,,,
2026-07-15,2026-07-15,CM,NSE,STK,762978,INE765D01022,WPIL,EQ,,,,,W P I L LTD.,460.35,470.55,454.0,458.6,465.0,460.0,,458.75,,,42598,19799457.9,1751,F1,1,,,,,
2026-07-15,2026-07-15,CM,NSE,STK,14828,INE100D01014,WSI,EQ,,,,,W.S.INDUSTRIES (I) LTD.,63.88,64.18,62.61,63.1,62.75,63.85,,63.1,,,9189,582990.33,231,F1,1,,,,,
2026-07-15,2026-07-15,CM,NSE,STK,25907,INE377N01017,WAAREEENER,EQ,,,,,WAAREE ENERGIES LIMITED,2825.0,2847.6,2806.3,2812.8,2814.0,2820.1,,2812.9,,,365892,1033838144.8,24342,F1,1,,,,,
2026-07-15,2026-07-15,CM,NSE,STK,756038,INE299N01021,WAAREERTL,EQ,,,,,WAAREE RENEWABLE TECH LTD,993.5,1007.0,990.3,993.9,996.0,994.9,,993.9,,,108751,108464607.0,7721,F1,1,,,,,
2026-07-15,2026-07-15,CM,NSE,STK,760259,INE0E7301029,WAKEFIT,EQ,,,,,WAKEFIT INNOVATIONS LTD,130.16,133.0,128.1,130.52,131.0,130.16,,130.52,,,276408,36180546.9,5446,F1,1,,,,,
2026-07-15,2026-07-15,CM,NSE,STK,3736,INE711A01022,WALCHANNAG,EQ,,,,,WALCHANDNAGAR INDUSTRIES,250.4,255.15,246.95,248.2,247.55,249.5,,248.2,,,619859,155382027.5,8228,F1,1,,,,,
2026-07-15,2026-07-15,CM,NSE,STK,14063,INE107F01022,WANBURY,EQ,,,,,WANBURY LIMITED,343.4,358.85,338.05,344.75,341.05,336.0,,344.75,,,2207892,771264083.4,41620,F1,1,,,,,
2026-07-15,2026-07-15,CM,NSE,STK,762163,INE0LZF01013,CORDELIA,EQ,,,,,WATERWAYS LEISURE TOUR L,827.0,835.95,802.1,808.85,807.0,823.55,,808.95,,,216302,177712658.95,7890,F1,1,,,,,
2026-07-15,2026-07-15,CM,NSE,STK,9865,INE082W01014,WEWIN,BE,,,,,WE WIN LIMITED,48.0,48.0,46.18,46.18,46.18,46.71,,45.75,,,1258,60298.4,8,F1,1,,,,,
2026-07-15,2026-07-15,CM,NSE,STK,760482,INF2F0001370,TWCGOLDETF,EQ,,,,,WEALTH - TWCGOLDETF,142.0,142.0,139.88,140.57,140.06,140.21,,140.57,,,6095,858028.88,208,F1,1,,,,,
2026-07-15,2026-07-15,CM,NSE,STK,1923,INE658T01017,WEALTH,EQ,,,,,WEALTH FRST PORT. MG. LTD,942.0,963.85,942.0,952.15,953.8,942.7,,952.15,,,903,860877.55,183,F1,1,,,,,
2026-07-15,2026-07-15,CM,NSE,STK,14602,INE855C01023,WEBELSOLAR,EQ,,,,,WEBSOL ENERGY SYSTEM LTD,98.8,100.48,98.0,98.22,98.57,98.32,,98.21,,,1109669,109650432.1,7225,F1,1,,,,,
2026-07-15,2026-07-15,CM,NSE,STK,3748,INE080A01014,WEIZMANIND,EQ,,,,,WEIZMANN LTD,81.01,82.68,78.21,79.06,78.36,78.91,,79.1,,,4202,339117.17,155,F1,1,,,,,
2026-07-15,2026-07-15,CM,NSE,STK,11821,INE191B01025,WELCORP,EQ,,,,,WELSPUN CORP LIMITED,1693.0,1698.8,1664.4,1680.1,1678.0,1683.4,,1680.1,,,1407359,2369692650.8,34786,F1,1,,,,,
2026-07-15,2026-07-15,CM,NSE,STK,11626,INE625G01013,WELENT,EQ,,,,,WELSPUN ENTERPRISES LTD.,622.25,633.4,620.0,625.85,626.0,618.7,,625.8,,,219286,137421286.8,6923,F1,1,,,,,
2026-07-15,2026-07-15,CM,NSE,STK,19804,INE389K01018,WELINV,BE,,,,,WELSPUN INV & COMM LTD,1710.1,1834.1,1710.1,1825.0,1825.0,1794.6,,1825.0,,,278,494718.5,22,F1,1,,,,,
2026-07-15,2026-07-15,CM,NSE,STK,11253,INE192B01031,WELSPUNLIV,EQ,,,,,WELSPUN LIVING LIMITED,165.43,171.1,164.92,165.89,165.7,164.54,,165.91,,,2417414,404739539.95,25619,F1,1,,,,,
2026-07-15,2026-07-15,CM,NSE,STK,762971,INE731F01037,WELSPLSOL,EQ,,,,,WELSPUN SPECIALTY SOL L,53.78,55.75,53.0,53.64,53.93,53.16,,53.64,,,1116167,60794311.07,4994,F1,1,,,,,
2026-07-15,2026-07-15,CM,NSE,STK,4235,INE274C01019,WENDT,EQ,,,,,WENDT (INDIA) LIMITED,7802.0,7876.0,7751.0,7778.5,7770.0,7826.5,,7778.0,,,5059,39406080.0,1436,F1,1,,,,,
2026-07-15,2026-07-15,CM,NSE,STK,3799,INE976A01021,WSTCSTPAPR,EQ,,,,,WEST COAST PAPER MILLS LT,528.5,544.35,528.0,531.5,530.2,528.5,,531.5,,,121650,65179271.65,4904,F1,1,,,,,
2026-07-15,2026-07-15,CM,NSE,STK,25403,INE0CJF01024,WCIL,EQ,,,,,WESTERN CARRIERS (IND) L,95.75,97.8,94.9,95.28,95.69,95.48,,95.27,,,39609,3785625.52,528,F1,1,,,,,
2026-07-15,2026-07-15,CM,NSE,STK,11580,INE274F01020,WESTLIFE,EQ,,,,,WESTLIFE FOODWORLD LTD,484.9,488.7,473.0,475.65,473.0,482.15,,475.7,,,23996,11485175.9,3435,F1,1,,,,,
2026-07-15,2026-07-15,CM,NSE,STK,759434,INE085001019,WEWORK,EQ,,,,,WEWORK INDIA MANAGEMENT L,715.0,732.15,708.55,720.7,724.0,713.6,,720.7,,,218368,157311904.6,13728,F1,1,,,,,
2026-07-15,2026-07-15,CM,NSE,STK,3766,INE715A01015,WHEELS,EQ,,,,,WHEELS INDIA LTD,1475.0,1510.0,1466.1,1477.6,1485.1,1469.5,,1477.6,,,47529,70499266.4,4309,F1,1,,,,,
2026-07-15,2026-07-15,CM,NSE,STK,18011,INE716A01013,WHIRLPOOL,EQ,,,,,WHIRLPOOL OF INDIA LTD,783.3,784.95,775.5,777.05,776.55,782.75,,777.0,,,100567,78398276.8,8853,F1,1,,,,,
2026-07-15,2026-07-15,CM,NSE,STK,3772,INE210A01017,WILLAMAGOR,EQ,,,,,WILLIAMSON MAGOR,26.89,26.89,25.7,26.66,26.73,26.13,,26.66,,,166,4400.19,37,F1,1,,,,,
2026-07-15,2026-07-15,CM,NSE,STK,5366,INE0H5O01029,WINDLAS,EQ,,,,,WINDLAS BIOTECH LIMITED,852.0,859.5,831.4,840.15,838.45,851.05,,840.15,,,84991,71404740.25,3228,F1,1,,,,,
2026-07-15,2026-07-15,CM,NSE,STK,24969,INE052A01021,WINDMACHIN,EQ,,,,,WINDSOR MACHINES LIMITED,312.05,315.85,308.35,311.7,311.0,309.75,,311.7,,,20444,6375244.7,935,F1,1,,,,,
2026-07-15,2026-07-15,CM,NSE,STK,24173,INE0S9101013,WINNY,SM,,,,,WINNY IMMIGRA & EDU SER L,35.7,35.7,35.7,35.7,35.7,37.25,,35.7,,,1000,35700.0,1,F1,500,,,,,
2026-07-15,2026-07-15,CM,NSE,STK,23714,INE0S3D01016,WINSOL,SM,,,,,WINSOL ENGINEERS LIMITED,121.0,121.45,119.0,119.0,119.0,119.0,,119.0,,,5600,670880.0,13,F1,400,,,,,
2026-07-15,2026-07-15,CM,NSE,STK,14757,INE784B01035,WINSOME,BZ,,,,,WINSOME YARNS LIMITED,2.13,2.13,2.13,2.13,2.13,2.09,,2.06,,,58187,123938.31,9,F1,1,,,,,
2026-07-15,2026-07-15,CM,NSE,STK,3787,INE075A01022,WIPRO,EQ,,,,,WIPRO LTD,175.12,176.6,174.49,174.65,174.66,177.14,,174.65,,,10398720,1824350981.13,85262,F1,1,,,,,
2026-07-15,2026-07-15,CM,NSE,STK,22725,INE623Y01011,WTICAB,SM,,,,,WISE TRAVEL INDIA LIMITED,135.0,140.0,130.95,136.4,134.3,134.65,,136.4,,,43500,5953975.0,77,F1,500,,,,,
2026-07-15,2026-07-15,CM,NSE,STK,7506,INE049B01025,WOCKPHARMA,EQ,,,,,WOCKHARDT LIMITED,1854.4,1904.8,1845.0,1890.2,1899.0,1850.7,,1890.3,,,1076394,2028593612.8,45863,F1,1,,,,,
2026-07-15,2026-07-15,CM,NSE,STK,25605,INE0OO201011,WOL3D,ST,,,,,WOL 3D INDIA LIMITED,121.8,123.9,121.0,123.35,121.7,118.0,,123.35,,,18000,2217200.0,18,F1,1000,,,,,
2026-07-15,2026-07-15,CM,NSE,STK,19627,INE0Q9601016,WOMANCART,SM,,,,,WOMANCART LIMITED,110.0,110.0,103.55,104.3,104.0,106.4,,104.3,,,32400,3406960.0,65,F1,400,,,,,
2026-07-15,2026-07-15,CM,NSE,STK,7835,INE02WG01024,WEL,EQ,,,,,WONDER ELECTRICALS LTD,102.01,102.67,101.25,101.28,101.25,101.39,,101.28,,,30100,3051707.31,284,F1,1,,,,,
2026-07-15,2026-07-15,CM,NSE,STK,3002,INE066O01014,WONDERLA,EQ,,,,,WONDERLA HOLIDAYS LTD.,474.0,474.0,468.0,470.15,468.35,470.25,,470.15,,,23466,11037427.0,1441,F1,1,,,,,
2026-07-15,2026-07-15,CM,NSE,STK,22277,INE196Y01018,WORTHPERI,EQ,,,,,WORTH PERIPHERALS LIMITED,145.35,153.5,141.25,143.12,142.94,143.23,,142.97,,,65566,9703670.89,925,F1,1,,,,,
2026-07-15,2026-07-15,CM,NSE,STK,11705,INE692G01013,XCHANGING,EQ,,,,,XCHANGING SOLUTIONS LTD,65.32,65.74,64.09,65.0,65.25,65.0,,64.99,,,75760,4925986.96,1137,F1,1,,,,,
2026-07-15,2026-07-15,CM,NSE,STK,8477,INE01P501012,XELPMOC,EQ,,,,,XELPMOC DESIGN & TECH LTD,83.94,85.87,81.0,81.31,82.49,82.62,,81.31,,,7992,654320.79,149,F1,1,,,,,
2026-07-15,2026-07-15,CM,NSE,STK,11407,INE445C01015,XPROINDIA,EQ,,,,,XPRO INDIA LIMITED,1400.5,1440.8,1385.0,1393.2,1393.0,1400.5,,1393.2,,,22740,31948292.3,2709,F1,1,,,,,
2026-07-15,2026-07-15,CM,NSE,STK,25235,INE547B01028,XTGLOBAL,EQ,,,,,XTGLOBAL INFOTECH LIMITED,29.5,29.5,28.11,28.4,28.11,29.21,,28.4,,,18684,533282.33,218,F1,1,,,,,
2026-07-15,2026-07-15,CM,NSE,STK,760873,INE0U0J01015,YAAP,ST,,,,,YAAP DIGITAL LIMITED,143.75,149.95,143.75,149.95,149.95,142.85,,149.95,,,45000,6641200.0,37,F1,1000,,,,,
2026-07-15,2026-07-15,CM,NSE,STK,23451,INE0TO601017,YASHOPTICS,SM,,,,,YASH OPTICS & LENS LTD,116.45,118.0,115.0,117.35,117.35,119.5,,117.35,,,9600,1116160.0,12,F1,800,,,,,
2026-07-15,2026-07-15,CM,NSE,STK,18131,INE616Z01012,YASHO,EQ,,,,,YASHO INDUSTRIES LIMITED,3119.0,3149.0,2979.0,2996.5,2999.9,3091.0,,2996.1,,,12970,39547590.8,2583,F1,1,,,,,
2026-07-15,2026-07-15,CM,NSE,STK,17738,INE0JO301016,YATHARTH,EQ,,,,,YATHARTH HOSP & TRA C S L,823.45,845.85,823.45,841.3,843.0,829.2,,841.35,,,131229,110427662.55,6574,F1,1,,,,,
2026-07-15,2026-07-15,CM,NSE,STK,18760,INE0JR601024,YATRA,EQ,,,,,YATRA ONLINE LIMITED,110.4,112.9,110.23,111.1,110.5,110.31,,111.04,,,753365,84043937.43,7897,F1,1,,,,,
2026-07-15,2026-07-15,CM,NSE,STK,11915,INE528G01035,YESBANK,EQ,,,,,YES BANK LIMITED,23.69,23.82,23.52,23.6,23.57,23.61,,23.6,,,44964825,1064418772.71,61221,F1,1,,,,,
2026-07-15,2026-07-15,CM,NSE,STK,5501,INE384C01016,YUKEN,EQ,,,,,YUKEN INDIA LIMITED,741.5,766.95,741.5,752.35,751.0,751.6,,751.25,,,9705,7333210.65,515,F1,1,,,,,
2026-07-15,2026-07-15,CM,NSE,STK,4229,INE116C01012,ZFSTEERING,EQ,,,,,Z F STEERING GEAR (I) LTD,699.0,699.0,668.0,686.05,686.0,687.7,,686.05,,,14496,9865065.1,815,F1,1,,,,,
2026-07-15,2026-07-15,CM,NSE,STK,23976,INE0ISZ01012,ZTECH,SM,,,,,Z-TECH (INDIA) LIMITED,568.0,603.9,545.0,560.75,560.05,572.4,,560.75,,,21300,12118470.0,68,F1,300,,,,,
2026-07-15,2026-07-15,CM,NSE,STK,18608,INE07K301024,ZAGGLE,EQ,,,,,ZAGGLE PREPA OCEAN SER L,214.55,216.3,211.6,211.96,211.64,212.74,,211.97,,,381065,81352817.81,5565,F1,1,,,,,
2026-07-15,2026-07-15,CM,NSE,STK,3812,INE256A01028,ZEEL,EQ,,,,,ZEE ENTERTAINMENT ENT LTD,103.6,103.85,101.06,101.85,101.64,103.12,,101.85,,,11579584,1186578886.02,35627,F1,1,,,,,
2026-07-15,2026-07-15,CM,NSE,STK,20856,INE565L01011,ZEELEARN,BE,,,,,ZEE LEARN LIMITED,8.8,9.05,8.78,8.8,8.82,8.89,,8.8,,,260636,2321214.72,372,F1,1,,,,,
2026-07-15,2026-07-15,CM,NSE,STK,14003,INE966H01019,ZEEMEDIA,EQ,,,,,ZEE MEDIA CORPORATION LTD,8.25,8.35,8.05,8.12,8.15,8.25,,8.12,,,1155818,9454908.52,1908,F1,1,,,,,
2026-07-15,2026-07-15,CM,NSE,STK,7508,INE251B01027,ZENTEC,EQ,,,,,ZEN TECHNOLOGIES LIMITED,1806.0,1843.0,1806.0,1823.1,1823.0,1802.7,,1823.1,,,234329,428032053.5,13585,F1,1,,,,,
2026-07-15,2026-07-15,CM,NSE,STK,4176,INE058B01018,ZENITHEXPO,EQ,,,,,ZENITH EXPORTS LTD,199.5,208.37,199.5,208.36,208.37,199.39,,208.36,,,331,67175.65,15,F1,1,,,,,
2026-07-15,2026-07-15,CM,NSE,STK,14562,INE318D01020,ZENITHSTL,EQ,,,,,ZENITH STEEL PIP IND LTD,5.61,5.62,5.48,5.49,5.55,5.52,,5.49,,,26337,146506.28,124,F1,1,,,,,
2026-07-15,2026-07-15,CM,NSE,STK,1076,INE520A01027,ZENSARTECH,EQ,,,,,ZENSAR TECHNOLOGIES  LTD,526.9,527.9,509.0,513.1,516.8,527.9,,513.1,,,3541765,1826763643.85,51443,F1,1,,,,,
2026-07-15,2026-07-15,CM,NSE,STK,22901,INF0R8F01042,GOLDCASE,EQ,,,,,ZERODHAAMC - GOLDCASE,22.37,22.37,22.06,22.16,22.16,22.06,,22.16,,,5906225,130909327.6,10674,F1,1,,,,,
2026-07-15,2026-07-15,CM,NSE,STK,21750,INF0R8F01034,LIQUIDCASE,EQ,,,,,ZERODHAAMC - LIQUIDCASE,115.01,115.01,114.99,115.0,115.0,114.99,,115.0,,,12440897,1430684038.83,15282,F1,1,,,,,
2026-07-15,2026-07-15,CM,NSE,STK,758705,INF0R8F01133,LTGILTCASE,EQ,,,,,ZERODHAAMC - LTGILTCASE,30.6,30.6,30.3,30.45,30.42,30.39,,30.45,,,23062,701989.43,167,F1,1,,,,,
2026-07-15,2026-07-15,CM,NSE,STK,24077,INF0R8F01059,MID150CASE,EQ,,,,,ZERODHAAMC - MID150CASE,11.85,11.85,11.6,11.63,11.65,11.57,,11.63,,,845274,9843877.66,3027,F1,1,,,,,
2026-07-15,2026-07-15,CM,NSE,STK,759302,INF0R8F01166,NIFTYCASE,EQ,,,,,ZERODHAAMC - NIFTYCASE,9.86,9.86,9.62,9.64,9.62,9.62,,9.64,,,284877,2755872.05,1109,F1,1,,,,,
2026-07-15,2026-07-15,CM,NSE,STK,30274,INF0R8F01091,SILVERCASE,EQ,,,,,ZERODHAAMC - SILVERCASE,21.46,22.57,21.46,22.13,22.15,22.02,,22.13,,,6361713,140799248.55,6343,F1,1,,,,,
2026-07-15,2026-07-15,CM,NSE,STK,758955,INF0R8F01141,SML100CASE,EQ,,,,,ZERODHAAMC - SML100CASE,10.97,11.06,10.92,10.97,10.98,10.91,,10.97,,,1037261,11420565.21,1146,F1,1,,,,,
2026-07-15,2026-07-15,CM,NSE,STK,24081,INF0R8F01067,TOP100CASE,EQ,,,,,ZERODHAAMC - TOP100CASE,10.7,10.7,10.5,10.5,10.52,10.52,,10.5,,,1831494,19286425.35,1005,F1,1,,,,,
2026-07-15,2026-07-15,CM,NSE,STK,16915,INE342J01019,ZFCVINDIA,EQ,,,,,ZF COM VE CTR SYS IND LTD,2313.0,2386.0,2301.3,2358.6,2358.0,2313.2,,2358.6,,,348210,821496836.0,29488,F1,1,,,,,
2026-07-15,2026-07-15,CM,NSE,STK,12412,INE518E01015,ZIMLAB,BE,,,,,ZIM LABORATORIES LIMITED,120.56,120.56,120.56,120.56,120.56,118.2,,120.65,,,9923,1196316.88,32,F1,1,,,,,
2026-07-15,2026-07-15,CM,NSE,STK,3821,INE206B01013,ZODIACLOTH,EQ,,,,,ZODIAC CLOTHING CO. LTD.,78.0,90.0,77.15,84.77,80.5,78.74,,84.73,,,163820,13867551.06,633,F1,1,,,,,
2026-07-15,2026-07-15,CM,NSE,STK,7138,INE761Y01019,ZODIAC,BE,,,,,ZODIAC ENERGY LIMITED,268.7,269.9,261.0,264.95,265.0,266.25,,265.0,,,4373,1161771.55,190,F1,1,,,,,
2026-07-15,2026-07-15,CM,NSE,STK,11394,INE358U01012,ZOTA,EQ,,,,,ZOTA HEALTH CARE LIMITED,1390.0,1403.8,1359.9,1364.8,1371.0,1385.8,,1364.8,,,44509,61334495.9,2895,F1,1,,,,,
2026-07-15,2026-07-15,CM,NSE,STK,29050,INE840M01016,ZUARI,EQ,,,,,ZUARI AGRO CHEMICALS LTD,236.0,244.16,235.25,235.75,235.8,235.58,,235.75,,,152488,36395918.38,3020,F1,1,,,,,
2026-07-15,2026-07-15,CM,NSE,STK,3827,INE217A01012,ZUARIIND,EQ,,,,,ZUARI INDUSTRIES LIMITED,267.35,270.3,265.7,266.8,267.95,267.35,,266.8,,,14416,3857043.5,861,F1,1,,,,,
2026-07-15,2026-07-15,CM,NSE,STK,7929,INE010B01027,ZYDUSLIFE,EQ,,,,,ZYDUS LIFESCIENCES LTD,1145.1,1169.7,1134.8,1156.9,1160.5,1133.6,,1156.6,,,2033795,2355915238.6,50480,F1,1,,,,,
2026-07-15,2026-07-15,CM,NSE,STK,17635,INE768C01028,ZYDUSWELL,EQ,,,,,ZYDUS WELLNESS LIMITED,578.0,587.0,573.25,576.05,576.2,575.9,,576.15,,,126185,73300928.4,6710,F1,1,,,,,
