TradDt,BizDt,Sgmt,Src,FinInstrmTp,FinInstrmId,ISIN,TckrSymb,SctySrs,XpryDt,FininstrmActlXpryDt,StrkPric,OptnTp,FinInstrmNm,OpnPric,HghPric,LwPric,ClsPric,LastPric,PrvsClsgPric,UndrlygPric,SttlmPric,OpnIntrst,ChngInOpnIntrst,TtlTradgVol,TtlTrfVal,TtlNbOfTxsExctd,SsnId,NewBrdLotQty,Rmks,Rsvd1,Rsvd2,Rsvd3,Rsvd4
2026-06-30,2026-06-30,CM,NSE,STK,19078,IN0020200104,SGBJUN28,GB,,,,,2.5%GOLDBONDS2028SR-III,14000.0,14098.9,13921.04,14069.99,14069.99,14150.0,,14069.99,,,134,1880531.77,24,F1,1,,,,,
2026-06-30,2026-06-30,CM,NSE,STK,1342,IN0020200286,SGBN28VIII,GB,,,,,2.5%GOLDBONDS2028SR-VIII,14398.0,14398.0,13920.0,14047.77,14075.0,14140.27,,14044.09,,,133,1865027.74,55,F1,1,,,,,
2026-06-30,2026-06-30,CM,NSE,STK,3742,IN0020210053,SGBMAY29I,GB,,,,,2.5%GOLDBONDS2029SR-I,13800.89,14100.0,13800.89,14054.14,14065.0,14154.76,,14052.7,,,1303,18245504.8,241,F1,1,,,,,
2026-06-30,2026-06-30,CM,NSE,STK,3743,IN0020210061,SGBJUN29II,GB,,,,,2.5%GOLDBONDS2029SR-II,14000.0,14140.0,13925.0,14096.51,14140.0,14142.2,,14096.51,,,182,2549055.66,69,F1,1,,,,,
2026-06-30,2026-06-30,CM,NSE,STK,3800,IN0020210087,SGBJU29III,GB,,,,,2.5%GOLDBONDS2029SR-III,13954.0,14138.0,13953.0,14138.0,14138.0,14255.05,,14129.0,,,69,970759.64,27,F1,1,,,,,
2026-06-30,2026-06-30,CM,NSE,STK,5575,IN0020210145,SGBSEP29VI,GB,,,,,2.5%GOLDBONDS2029SR-VI,14000.0,14145.0,13990.0,14079.73,14080.0,14158.26,,14078.27,,,203,2856167.25,56,F1,1,,,,,
2026-06-30,2026-06-30,CM,NSE,STK,6518,IN0020210178,SGBNV29VII,GB,,,,,2.5%GOLDBONDS2029SR-VII,13999.0,14100.99,13915.02,14091.74,14100.99,14154.99,,14105.91,,,138,1936102.3,59,F1,1,,,,,
2026-06-30,2026-06-30,CM,NSE,STK,5960,IN0020180249,SGBOCT26,GB,,,,,2.50%GOLDBONDS2026SR-II,14100.0,14100.0,14100.0,14100.0,14100.0,14126.21,,14100.0,,,6,84600.0,1,F1,1,,,,,
2026-06-30,2026-06-30,CM,NSE,STK,6355,IN0020180314,SGBNOV26,GB,,,,,2.50%GOLDBONDS2026SR-III,14000.0,14350.0,13901.0,13901.0,13901.0,14357.14,,13901.0,,,17,237459.0,13,F1,1,,,,,
2026-06-30,2026-06-30,CM,NSE,STK,7654,IN0020180389,SGBDEC26,GB,,,,,2.50%GOLDBONDS2026SR-IV,14025.0,14100.0,14025.0,14067.2,14058.0,14030.0,,14067.2,,,65,914705.0,7,F1,1,,,,,
2026-06-30,2026-06-30,CM,NSE,STK,10261,IN0020190073,SGBJUN27,GB,,,,,2.50%GOLDBONDS2027SR-I,14000.0,14000.0,13903.0,14000.0,14000.0,14103.33,,14000.0,,,21,293086.0,5,F1,1,,,,,
2026-06-30,2026-06-30,CM,NSE,STK,11154,IN0020190081,SGBJUL27,GB,,,,,2.50%GOLDBONDS2027SR-II,13901.0,14000.0,13901.0,13938.5,14000.0,14195.0,,13938.5,,,8,111508.0,5,F1,1,,,,,
2026-06-30,2026-06-30,CM,NSE,STK,12904,IN0020190107,SGBAUG27,GB,,,,,2.50%GOLDBONDS2027SR-III,14096.2,14096.2,13911.0,14076.52,14085.0,14196.2,,14079.31,,,108,1516145.73,37,F1,1,,,,,
2026-06-30,2026-06-30,CM,NSE,STK,13209,IN0020190115,SGBSEP27,GB,,,,,2.50%GOLDBONDS2027SR-IV,13925.0,14060.0,13925.0,14030.0,14030.0,14199.99,,14030.0,,,118,1648904.7,18,F1,1,,,,,
2026-06-30,2026-06-30,CM,NSE,STK,8308,IN0020180462,SGBJAN27,GB,,,,,2.50%GOLDBONDS2027SR-V,14000.0,14100.03,14000.0,14041.0,14041.0,14014.49,,14041.0,,,74,1041908.12,13,F1,1,,,,,
2026-06-30,2026-06-30,CM,NSE,STK,13981,IN0020190370,SGBOCT27,GB,,,,,2.50%GOLDBONDS2027SR-V,13900.0,14099.0,13900.0,14001.0,14099.0,14149.9,,14001.0,,,49,684078.07,13,F1,1,,,,,
2026-06-30,2026-06-30,CM,NSE,STK,8766,IN0020180561,SGBFEB27,GB,,,,,2.50%GOLDBONDS2027SR-VI,14174.0,14174.0,13980.0,13980.0,13980.0,14175.0,,13980.0,,,4,56428.0,4,F1,1,,,,,
2026-06-30,2026-06-30,CM,NSE,STK,14252,IN0020190388,SGBOCT27VI,GB,,,,,2.50%GOLDBONDS2027SR-VI,13999.97,13999.98,13999.97,13999.98,13999.98,14149.0,,13999.99,,,2,27999.95,2,F1,1,,,,,
2026-06-30,2026-06-30,CM,NSE,STK,15432,IN0020190461,SGBDC27VII,GB,,,,,2.50%GOLDBONDS2027SR-VII,13851.01,14069.99,13801.0,14016.0,14016.0,14149.0,,14016.0,,,108,1505825.05,12,F1,1,,,,,
2026-06-30,2026-06-30,CM,NSE,STK,18862,IN0020200062,SGBAPR28I,GB,,,,,2.50%GOLDBONDS2028SR-I,14000.0,14120.64,13862.0,14119.66,14120.0,14162.77,,14110.5,,,184,2574999.76,46,F1,1,,,,,
2026-06-30,2026-06-30,CM,NSE,STK,18972,IN0020200088,SGBMAY28,GB,,,,,2.50%GOLDBONDS2028SR-II,13950.0,14073.99,13950.0,14015.14,14015.14,14164.99,,14033.55,,,561,7840025.91,64,F1,1,,,,,
2026-06-30,2026-06-30,CM,NSE,STK,22242,IN0020200146,SGBJUL28IV,GB,,,,,2.50%GOLDBONDS2028SR-IV,14090.0,14100.0,13950.01,14060.0,14060.0,14165.7,,14056.61,,,335,4710548.37,36,F1,1,,,,,
2026-06-30,2026-06-30,CM,NSE,STK,17664,IN0020190545,SGBFEB28IX,GB,,,,,2.50%GOLDBONDS2028SR-IX,14000.0,14125.66,13930.0,14125.0,14125.0,14200.0,,14125.0,,,26,365252.6,11,F1,1,,,,,
2026-06-30,2026-06-30,CM,NSE,STK,22385,IN0020200161,SGBAUG28V,GB,,,,,2.50%GOLDBONDS2028SR-V,14071.0,14140.0,13955.0,14082.28,14099.0,14163.48,,14079.42,,,1560,21864448.05,248,F1,1,,,,,
2026-06-30,2026-06-30,CM,NSE,STK,149,IN0020200195,SGBSEP28VI,GB,,,,,2.50%GOLDBONDS2028SR-VI,13915.0,14120.0,13915.0,14067.35,14055.03,14153.07,,14067.35,,,173,2425358.5,35,F1,1,,,,,
2026-06-30,2026-06-30,CM,NSE,STK,834,IN0020200203,SGBOC28VII,GB,,,,,2.50%GOLDBONDS2028SR-VII,13995.0,14060.0,13942.01,14036.11,14036.0,14128.83,,14036.11,,,134,1876023.82,34,F1,1,,,,,
2026-06-30,2026-06-30,CM,NSE,STK,17110,IN0020190537,SGBJ28VIII,GB,,,,,2.50%GOLDBONDS2028SR-VIII,14000.0,14125.0,14000.0,14100.0,14100.0,14150.01,,14100.0,,,12,168423.0,7,F1,1,,,,,
2026-06-30,2026-06-30,CM,NSE,STK,18451,IN0020190552,SGBMAR28X,GB,,,,,2.50%GOLDBONDS2028SR-X,14000.0,14125.0,13951.68,14072.01,14084.44,14200.0,,14072.01,,,39,546896.13,16,F1,1,,,,,
2026-06-30,2026-06-30,CM,NSE,STK,5113,IN0020210111,SGBJUL29IV,GB,,,,,2.50%GOLDBONDS2029SR-IV,14043.0,14179.58,13991.1,14174.24,14179.58,14176.29,,14144.43,,,439,6155510.58,93,F1,1,,,,,
2026-06-30,2026-06-30,CM,NSE,STK,1920,IN0020200377,SGBJAN29IX,GB,,,,,2.50%GOLDBONDS2029SR-IX,14000.0,14150.0,13921.0,14102.75,14063.0,14174.01,,14102.42,,,343,4822948.73,90,F1,1,,,,,
2026-06-30,2026-06-30,CM,NSE,STK,5455,IN0020210129,SGBAUG29V,GB,,,,,2.50%GOLDBONDS2029SR-V,14199.99,14199.99,13956.01,14076.75,14070.0,14262.6,,14078.22,,,152,2145499.03,45,F1,1,,,,,
2026-06-30,2026-06-30,CM,NSE,STK,7098,IN0020210228,SGBD29VIII,GB,,,,,2.50%GOLDBONDS2029SR-VIII,14120.0,14150.0,14040.58,14115.0,14115.0,14188.79,,14115.0,,,125,1760138.57,56,F1,1,,,,,
2026-06-30,2026-06-30,CM,NSE,STK,2003,IN0020200385,SGBJAN29X,GB,,,,,2.50%GOLDBONDS2029SR-X,14000.0,14130.0,14000.0,14130.0,14130.0,14168.0,,14106.67,,,304,4283840.59,35,F1,1,,,,,
2026-06-30,2026-06-30,CM,NSE,STK,2200,IN0020200393,SGBFEB29XI,GB,,,,,2.50%GOLDBONDS2029SR-XI,14120.0,14160.0,13965.0,14121.77,14160.0,14150.5,,14121.77,,,116,1630632.84,22,F1,1,,,,,
2026-06-30,2026-06-30,CM,NSE,STK,2810,IN0020200427,SGBMR29XII,GB,,,,,2.50%GOLDBONDS2029SR-XII,14100.0,14169.99,13999.99,14070.04,14070.0,14188.41,,14070.04,,,527,7409148.74,104,F1,1,,,,,
2026-06-30,2026-06-30,CM,NSE,STK,10232,IN0020220045,SGBJUN30,GB,,,,,2.50%GOLDBONDS2030SR-I,14198.0,14394.99,14198.0,14294.52,14280.0,14504.63,,14294.52,,,120,1712910.67,37,F1,1,,,,,
2026-06-30,2026-06-30,CM,NSE,STK,11192,IN0020220078,SGBAUG30,GB,,,,,2.50%GOLDBONDS2030SR-II,14398.9,14490.0,14201.01,14312.73,14305.08,14415.0,,14316.02,,,433,6194588.21,122,F1,1,,,,,
2026-06-30,2026-06-30,CM,NSE,STK,13642,IN0020220110,SGBDE30III,GB,,,,,2.50%GOLDBONDS2030SR-III,14299.0,14350.0,14200.0,14310.99,14349.99,14400.43,,14304.22,,,165,2356675.84,69,F1,1,,,,,
2026-06-30,2026-06-30,CM,NSE,STK,7879,IN0020210236,SGBJAN30IX,GB,,,,,2.50%GOLDBONDS2030SR-IX,14299.99,14309.99,14200.0,14283.0,14283.0,14316.29,,14283.0,,,50,712871.32,20,F1,1,,,,,
2026-06-30,2026-06-30,CM,NSE,STK,8401,IN0020210319,SGBMAR30X,GB,,,,,2.50%GOLDBONDS2030SR-X,14250.2,14298.0,14009.0,14199.35,14196.13,14225.69,,14196.0,,,27,382885.77,13,F1,1,,,,,
2026-06-30,2026-06-30,CM,NSE,STK,17202,IN0020230069,SGBJUN31I,GB,,,,,2.50%GOLDBONDS2031SR-I,14551.0,14580.0,14365.0,14529.18,14500.0,14624.53,,14507.25,,,225,3267257.06,85,F1,1,,,,,
2026-06-30,2026-06-30,CM,NSE,STK,19456,IN0020230093,SGBSEP31II,GB,,,,,2.50%GOLDBONDS2031SR-II,14550.0,14590.0,14451.0,14582.28,14589.99,14613.29,,14581.64,,,430,6249555.97,120,F1,1,,,,,
2026-06-30,2026-06-30,CM,NSE,STK,22476,IN0020230168,SGBDE31III,GB,,,,,2.50%GOLDBONDS2031SR-III,14549.0,14650.0,14236.56,14571.64,14562.0,14631.65,,14571.08,,,1629,23668600.61,318,F1,1,,,,,
2026-06-30,2026-06-30,CM,NSE,STK,14598,IN0020220169,SGBMAR31IV,GB,,,,,2.50%GOLDBONDS2031SR-IV,14473.99,14510.0,14225.01,14508.26,14510.0,14545.0,,14508.26,,,322,4652590.92,77,F1,1,,,,,
2026-06-30,2026-06-30,CM,NSE,STK,22886,IN0020230184,SGBFEB32IV,GB,,,,,2.50%GOLDBONDS2032SR-IV,14700.0,14839.97,14426.56,14739.55,14797.99,14817.66,,14739.57,,,1848,27221587.92,436,F1,1,,,,,
2026-06-30,2026-06-30,CM,NSE,STK,16921,INE144J01027,20MICRONS,EQ,,,,,20 MICRONS LTD,197.86,205.9,197.11,201.41,203.0,197.42,,201.4,,,227121,45835616.24,5789,F1,1,,,,,
2026-06-30,2026-06-30,CM,NSE,STK,4,INE253B01015,21STCENMGM,EQ,,,,,21ST CENTURY MGMT SERVICE,33.19,33.19,32.06,32.39,32.08,32.6,,32.62,,,849,27521.03,39,F1,1,,,,,
2026-06-30,2026-06-30,CM,NSE,STK,13061,INE466L01038,360ONE,EQ,,,,,360 ONE WAM LIMITED,1083.1,1107.0,1066.1,1074.6,1068.0,1089.8,,1074.6,,,1408657,1528954122.8,51224,F1,1,,,,,
2026-06-30,2026-06-30,CM,NSE,STK,30105,INF579M01BB5,GOLD360,EQ,,,,,360ONEAMC - GOLD360,137.4,137.55,135.2,137.2,137.45,137.6,,137.2,,,54619,7463739.9,458,F1,1,,,,,
2026-06-30,2026-06-30,CM,NSE,STK,763602,INF579M01BP5,MSCI360,EQ,,,,,360ONEAMC - MSCI360,10.0,10.04,9.95,9.97,9.95,10.0,,9.97,,,878,8761.33,20,F1,1,,,,,
2026-06-30,2026-06-30,CM,NSE,STK,756150,INF579M01BC3,SILVER360,EQ,,,,,360ONEAMC - SILVER360,212.44,219.99,212.44,218.56,219.3,214.59,,218.56,,,25648,5578963.79,636,F1,1,,,,,
2026-06-30,2026-06-30,CM,NSE,STK,762518,INE994E01018,3BBLACKBIO,EQ,,,,,3B BLACKBIO DX LTD.,1178.3,1184.9,1164.1,1168.8,1164.1,1173.8,,1168.8,,,4171,4881490.8,555,F1,1,,,,,
2026-06-30,2026-06-30,CM,NSE,STK,6232,INE748C01038,3IINFOLTD,EQ,,,,,3I INFOTECH LIMITED,17.2,17.42,17.12,17.17,17.16,17.24,,17.17,,,151583,2608761.65,547,F1,1,,,,,
2026-06-30,2026-06-30,CM,NSE,STK,474,INE470A01017,3MINDIA,EQ,,,,,3M INDIA LIMITED,33050.0,34250.0,32605.0,32900.0,33000.0,32710.0,,32900.0,,,7444,248342960.0,3967,F1,1,,,,,
2026-06-30,2026-06-30,CM,NSE,STK,2595,INE105C01023,3PLAND,EQ,,,,,3P LAND HOLDINGS LIMITED,33.0,33.75,31.36,31.56,32.23,31.79,,31.56,,,3683,119464.51,67,F1,1,,,,,
2026-06-30,2026-06-30,CM,NSE,STK,445,INE618L01018,5PAISA,EQ,,,,,5PAISA CAPITAL LIMITED,351.4,356.9,351.0,355.95,356.75,351.05,,355.95,,,34009,12063454.2,1155,F1,1,,,,,
2026-06-30,2026-06-30,CM,NSE,STK,11868,INE111B01023,63MOONS,EQ,,,,,63 MOONS TECHNOLOGIES LTD,655.0,665.0,651.25,654.75,653.6,656.65,,654.7,,,66098,43425695.8,2222,F1,1,,,,,
2026-06-30,2026-06-30,CM,NSE,STK,20052,INE787H07156,740IIFCL33,N1,,,,,7.40% TAX FREETRI SRIII,1134.1,1134.1,1134.1,1134.1,1134.1,1125.01,,1140.46,,,1000,1134100.0,1,F1,1,,,,,
2026-06-30,2026-06-30,CM,NSE,STK,19926,INE020B07JU4,743REC35,NH,,,,,7.43% TAX FREE TRI SR3B,1190.0,1190.0,1190.0,1190.0,1190.0,1190.0,,1190.0,,,215,255850.0,2,F1,1,,,,,
2026-06-30,2026-06-30,CM,NSE,STK,29312,INE031A07865,751HUDCO28,N5,,,,,7.51 NCD 16FEB28 TR1 SR2,1055.12,1055.13,1055.11,1055.13,1055.13,1055.0,,1055.13,,,30,31653.6,3,F1,1,,,,,
2026-06-30,2026-06-30,CM,NSE,STK,20034,INE261F07032,764NABAR31,N2,,,,,7.64% TAX FREE TRI SRIIB,1096.5,1098.0,1096.0,1097.98,1097.99,1104.0,,1097.98,,,305,334502.3,10,F1,1,,,,,
2026-06-30,2026-06-30,CM,NSE,STK,19928,INE031A07AO5,764HUDCO31,N8,,,,,7.64% TAX FREETRI SR2B,1102.6,1102.6,1102.6,1102.6,1102.6,1119.0,,1105.2,,,3,3307.8,1,F1,1,,,,,
2026-06-30,2026-06-30,CM,NSE,STK,19930,INE031A07AT4,769HUDCO31,N9,,,,,7.69% TAX FREETRII SR2B,1121.0,1121.0,1121.0,1121.0,1121.0,1120.9,,1121.14,,,96,107616.0,5,F1,1,,,,,
2026-06-30,2026-06-30,CM,NSE,STK,20030,INE202E07229,774IREDA31,N7,,,,,7.74% TAX FREE NCD,1120.0,1120.0,1118.0,1118.0,1118.0,1114.45,,1118.0,,,271,303146.0,4,F1,1,,,,,
2026-06-30,2026-06-30,CM,NSE,STK,19924,INE020B07GH7,812REC27,NI,,,,,8.12/8.32% TAX FREE NCD,1017.95,1018.0,1017.95,1018.0,1018.0,1016.0,,1018.0,,,352,358335.95,10,F1,1,,,,,
2026-06-30,2026-06-30,CM,NSE,STK,31240,INE031A07840,82HUDCO27,N2,,,,,8.20 NCD05MAR27 FV 1000,1037.21,1037.45,1037.1,1037.45,1037.45,1044.5,,1037.45,,,1202,1246663.4,8,F1,1,,,,,
2026-06-30,2026-06-30,CM,NSE,STK,20026,INE134E07455,867PFCL33,N7,,,,,8.67% TAX FREE NCD,1280.0,1280.0,1280.0,1280.0,1280.0,1274.78,,1280.0,,,23437,29999360.0,4,F1,1,,,,,
2026-06-30,2026-06-30,CM,NSE,STK,31766,INE733E07JI1,873NTPC28,N5,,,,,8.73%S-R-NCD SERIES 2B,1108.7,1109.01,1108.7,1109.01,1109.01,1106.07,,1108.86,,,11,12197.56,4,F1,1,,,,,
2026-06-30,2026-06-30,CM,NSE,STK,192,INE906B07DF8,875NHAI29,N6,,,,,8.75% TAX FREE TR I S IIB,1106.99,1106.99,1100.2,1102.99,1102.99,1105.87,,1102.99,,,94,103761.63,6,F1,1,,,,,
2026-06-30,2026-06-30,CM,NSE,STK,19968,INE031A07949,876HUDCO28,ND,,,,,8.76% TAX FREETRI SR2B,1122.0,1134.9,1121.5,1125.4,1125.0,1123.0,,1125.4,,,1693,1905870.35,24,F1,1,,,,,
2026-06-30,2026-06-30,CM,NSE,STK,20058,INE787H07370,891IIFCL34,N4,,,,,8.91% TAX FREE NCD,1247.68,1249.0,1247.68,1249.0,1249.0,1247.68,,1249.0,,,401,500816.0,5,F1,1,,,,,
2026-06-30,2026-06-30,CM,NSE,STK,31768,INE733E07JJ9,891NTPC33,N6,,,,,8.91%S-R-NCD SERIES 3B,1267.05,1276.0,1267.05,1276.0,1276.0,1267.05,,1276.0,,,72,91648.25,2,F1,1,,,,,
2026-06-30,2026-06-30,CM,NSE,STK,31487,INE848E07567,892NHPC33,N6,,,,,8.92% SEC RED BOND S3B,1240.0,1240.0,1240.0,1240.0,1240.0,1240.0,,1240.0,,,185,229400.0,6,F1,1,,,,,
2026-06-30,2026-06-30,CM,NSE,STK,20028,INE134E07463,892PFCL33,N8,,,,,8.92% TAX FREE NCD,1274.5,1274.5,1274.5,1274.5,1274.5,1271.0,,1274.5,,,20,25490.0,1,F1,1,,,,,
2026-06-30,2026-06-30,CM,NSE,STK,19970,INE031A07AB2,901HUDCO34,NE,,,,,9.01% TAX FREETRII SR3B,1270.0,1275.0,1270.0,1271.87,1275.0,1270.0,,1271.87,,,221,280820.0,7,F1,1,,,,,
2026-06-30,2026-06-30,CM,NSE,STK,759130,INE08PH01015,ABCOTS,EQ,,,,,A B COTSPIN INDIA LIMITED,222.33,226.98,220.5,221.08,220.79,223.01,,221.08,,,26163,5809971.55,714,F1,1,,,,,
2026-06-30,2026-06-30,CM,NSE,STK,27020,INE00YB01025,ABINFRA,EQ,,,,,A B INFRABUILD LIMITED,11.72,12.12,11.41,11.59,11.5,11.7,,11.59,,,2960361,34815682.23,3043,F1,1,,,,,
2026-06-30,2026-06-30,CM,NSE,STK,762528,INE850B01026,ABMKNO,EQ,,,,,A B M KNOWLEDGEWARE LTD.,199.0,205.0,199.0,205.0,205.0,199.0,,205.0,,,153,30604.0,5,F1,1,,,,,
2026-06-30,2026-06-30,CM,NSE,STK,762533,INE366C01021,ACSTECH,EQ,,,,,A C S TECHNOLOGIES LTD.,46.49,46.49,43.0,43.71,43.57,44.73,,43.73,,,354274,15919263.78,1064,F1,1,,,,,
2026-06-30,2026-06-30,CM,NSE,STK,762538,INE701G01012,AKCAPIT,EQ,,,,,A K CAPITAL SERVICES LTD.,1776.0,1810.0,1742.0,1774.1,1750.1,1777.1,,1774.2,,,2960,5242757.9,323,F1,1,,,,,
2026-06-30,2026-06-30,CM,NSE,STK,20906,INE619I01012,A2ZINFRA,EQ,,,,,A2Z INFRA ENGINEERING LTD,13.65,13.93,13.31,13.43,13.6,13.75,,13.43,,,175649,2370567.09,477,F1,1,,,,,
2026-06-30,2026-06-30,CM,NSE,STK,12533,INE0D0U01013,AAATECH,EQ,,,,,AAA TECHNOLOGIES LIMITED,94.0,98.1,93.99,97.76,98.0,94.19,,97.75,,,27749,2679863.59,910,F1,1,,,,,
2026-06-30,2026-06-30,CM,NSE,STK,23729,INE883F01010,AADHARHFC,EQ,,,,,AADHAR HOUSING FINANCE L,519.9,521.5,513.45,515.6,515.0,518.75,,515.6,,,249335,128818259.95,10750,F1,1,,,,,
2026-06-30,2026-06-30,CM,NSE,STK,757579,INE1GYP01013,AAKAAR,SM,,,,,AAKAAR MEDICAL TECHNO LTD,72.05,72.05,71.1,71.7,72.0,74.1,,71.7,,,6400,459440.0,4,F1,1600,,,,,
2026-06-30,2026-06-30,CM,NSE,STK,235,INE087Z01024,AAKASH,EQ,,,,,AAKASH EXPLORATION SER L,8.61,8.89,8.55,8.61,8.6,8.71,,8.61,,,162519,1399825.91,364,F1,1,,,,,
2026-06-30,2026-06-30,CM,NSE,STK,5248,INE198H01019,AAREYDRUGS,BE,,,,,AAREY DRUGS & PHARM LTD,90.16,90.17,90.16,90.16,90.16,92.0,,90.83,,,9857,888778.03,24,F1,1,,,,,
2026-06-30,2026-06-30,CM,NSE,STK,761821,INE750R01016,AARNAV,EQ,,,,,AARNAV FASHIONS LIMITED,25.0,25.49,24.36,25.18,25.39,24.62,,25.18,,,213366,5258751.61,541,F1,1,,,,,
2026-06-30,2026-06-30,CM,NSE,STK,1030,INE721Z01010,AARON,EQ,,,,,AARON INDUSTRIES LIMITED,117.38,119.97,115.1,117.32,117.6,117.38,,117.32,,,8877,1035960.66,273,F1,1,,,,,
2026-06-30,2026-06-30,CM,NSE,STK,17145,INE01C001026,AARTECH,EQ,,,,,AARTECH SOLONICS LIMITED,47.75,48.79,47.47,47.66,47.47,48.03,,47.66,,,23208,1116670.73,868,F1,1,,,,,
2026-06-30,2026-06-30,CM,NSE,STK,4481,INE767A01016,AARTIDRUGS,EQ,,,,,AARTI DRUGS LTD.,373.9,390.85,369.0,377.9,378.0,373.45,,377.9,,,469785,179514841.75,10532,F1,1,,,,,
2026-06-30,2026-06-30,CM,NSE,STK,7,INE769A01020,AARTIIND,EQ,,,,,AARTI INDUSTRIES LTD,457.0,462.55,454.5,458.3,462.0,457.2,,458.3,,,477975,219097737.3,14866,F1,1,,,,,
2026-06-30,2026-06-30,CM,NSE,STK,13868,INE0LRU01027,AARTIPHARM,EQ,,,,,AARTI PHARMALABS LIMITED,676.9,694.45,673.0,680.05,679.0,675.3,,680.05,,,252619,173260671.95,12548,F1,1,,,,,
2026-06-30,2026-06-30,CM,NSE,STK,19233,INE09EO01013,AARTISURF,EQ,,,,,AARTI SURFACTANTS LIMITED,375.15,384.75,368.0,379.05,373.7,370.5,,378.45,,,14745,5561151.65,644,F1,1,,,,,
2026-06-30,2026-06-30,CM,NSE,STK,19073,INE754X01016,AARVI,EQ,,,,,AARVI ENCON LIMITED,140.27,149.9,140.27,145.43,145.94,140.32,,145.43,,,31986,4665902.49,623,F1,1,,,,,
2026-06-30,2026-06-30,CM,NSE,STK,5385,INE216P01012,AAVAS,EQ,,,,,AAVAS FINANCIERS LIMITED,1487.9,1530.0,1483.1,1520.8,1530.0,1483.8,,1520.8,,,154482,232282077.7,19590,F1,1,,,,,
2026-06-30,2026-06-30,CM,NSE,STK,762526,INE365O01028,ABANSENT,BE,,,,,ABANS ENTERPRISES LTD.,28.8,28.8,26.61,28.72,28.75,27.54,,28.63,,,15632,445713.87,83,F1,1,,,,,
2026-06-30,2026-06-30,CM,NSE,STK,13288,INE00ZE01026,AFSL,EQ,,,,,ABANS FINANCIAL SRVCS LTD,201.0,201.1,201.0,201.0,201.0,201.04,,201.0,,,3105,624155.5,50,F1,1,,,,,
2026-06-30,2026-06-30,CM,NSE,STK,13,INE117A01022,ABB,EQ,,,,,ABB INDIA LIMITED,7070.0,7100.0,6993.0,7031.0,7024.5,7128.0,,7031.0,,,367996,2593176277.0,47584,F1,1,,,,,
2026-06-30,2026-06-30,CM,NSE,STK,17903,INE358A01014,ABBOTINDIA,EQ,,,,,ABBOTT INDIA LIMITED,25480.0,25560.0,25200.0,25440.0,25470.0,25295.0,,25440.0,,,10622,269576445.0,4660,F1,1,,,,,
2026-06-30,2026-06-30,CM,NSE,STK,755943,INE860H07IS6,81ABCL33,N4,,,,,ABCL 8.1% SR VI,1067.5,1067.5,1067.5,1067.5,1067.5,1050.0,,1053.75,,,22,23485.0,1,F1,1,,,,,
2026-06-30,2026-06-30,CM,NSE,STK,27284,INE0UYG01015,ABHAPOWER,SM,,,,,ABHA POWER N STEEL LTD,27.1,27.1,27.0,27.0,27.0,27.05,,27.0,,,4800,129920.0,3,F1,1600,,,,,
2026-06-30,2026-06-30,CM,NSE,STK,5549,INE251C01025,ABMINTLLTD,EQ,,,,,ABM INTERNATIONAL LTD,42.94,42.94,41.0,41.0,41.0,41.94,,41.0,,,51,2140.46,7,F1,1,,,,,
2026-06-30,2026-06-30,CM,NSE,STK,23786,INE0QRV01016,ABSMARINE,ST,,,,,ABS MARINE SERVICES LTD,235.5,238.0,231.0,231.95,233.0,236.35,,231.95,,,29500,6906400.0,49,F1,500,,,,,
2026-06-30,2026-06-30,CM,NSE,STK,22,INE012A01025,ACC,EQ,,,,,ACC LIMITED,1333.9,1334.6,1322.0,1327.2,1328.0,1333.4,,1328.0,,,257423,341893313.7,12677,F1,1,,,,,
2026-06-30,2026-06-30,CM,NSE,STK,7053,INE793A01012,ACCELYA,EQ,,,,,ACCELYA SOLN INDIA LTD,1106.2,1107.2,1096.2,1098.1,1097.0,1100.4,,1098.0,,,4531,4992560.7,643,F1,1,,,,,
2026-06-30,2026-06-30,CM,NSE,STK,20488,INE0Q5D01013,ACCENTMIC,SM,,,,,ACCENT MICROCELL LIMITED,483.0,497.45,483.0,485.25,485.5,483.7,,485.25,,,24000,11776075.0,47,F1,500,,,,,
2026-06-30,2026-06-30,CM,NSE,STK,21218,INE113X01015,ACCORD,ST,,,,,ACCORD SYNERGY LIMITED,146.85,146.85,146.85,146.85,146.85,139.9,,146.85,,,4000,587400.0,2,F1,2000,,,,,
2026-06-30,2026-06-30,CM,NSE,STK,757024,INE0T8T01010,ACCPL,ST,,,,,ACCRETION PHARMA LIMITED,159.0,163.1,159.0,163.05,163.05,155.35,,163.05,,,51600,8397240.0,38,F1,1200,,,,,
2026-06-30,2026-06-30,CM,NSE,STK,1465,INE648Z01023,ACCURACY,EQ,,,,,ACCURACY SHIPPING LIMITED,5.3,5.49,5.3,5.31,5.33,5.4,,5.31,,,95337,509028.22,333,F1,1,,,,,
2026-06-30,2026-06-30,CM,NSE,STK,11779,INE543V01017,ACEINTEG,EQ,,,,,ACE INTEGRATED SOLU. LTD.,20.94,24.29,20.21,22.78,22.94,21.04,,22.78,,,57091,1309000.42,412,F1,1,,,,,
2026-06-30,2026-06-30,CM,NSE,STK,761112,INE1J6M01010,ACETEC,SM,,,,,ACETECH E-COMMERCE LTD,121.0,137.7,121.0,123.3,123.3,120.0,,123.3,,,12000,1514700.0,9,F1,1200,,,,,
2026-06-30,2026-06-30,CM,NSE,STK,27061,INE622W01025,ACMESOLAR,EQ,,,,,ACME SOLAR HOLDINGS LTD,379.0,384.2,374.1,380.55,380.15,379.25,,380.55,,,1925753,730740750.55,41925,F1,1,,,,,
2026-06-30,2026-06-30,CM,NSE,STK,13587,INE731H01025,ACE,EQ,,,,,ACTION CONST EQUIP LTD,990.1,1028.75,985.3,1024.0,1028.0,985.15,,1024.0,,,498014,505923289.35,29719,F1,1,,,,,
2026-06-30,2026-06-30,CM,NSE,STK,30464,INE0KLO01025,ACTIVEINFR,SM,,,,,ACTIVE INFRASTRUCTURES L,178.5,178.5,178.5,178.5,178.5,178.5,,178.5,,,600,107100.0,1,F1,600,,,,,
2026-06-30,2026-06-30,CM,NSE,STK,5578,INE00FF01025,ACUTAAS,EQ,,,,,ACUTAAS CHEMICALS LIMITED,3585.0,3585.0,3442.0,3526.2,3526.0,3568.2,,3526.2,,,327647,1145571412.5,39166,F1,1,,,,,
2026-06-30,2026-06-30,CM,NSE,STK,10217,INE931S01010,ADANIENSOL,EQ,,,,,ADANI ENERGY SOLUTION LTD,1494.0,1499.2,1471.0,1491.4,1492.9,1486.4,,1491.4,,,2175583,3233403495.7,47447,F1,1,,,,,
2026-06-30,2026-06-30,CM,NSE,STK,25,INE423A01024,ADANIENT,EQ,,,,,ADANI ENTERPRISES LIMITED,2980.0,3054.6,2969.0,3036.0,3040.0,2962.5,,3036.0,,,2099291,6334159095.0,64972,F1,1,,,,,
2026-06-30,2026-06-30,CM,NSE,STK,3563,INE364U01010,ADANIGREEN,EQ,,,,,ADANI GREEN ENERGY LTD,1504.0,1508.5,1484.0,1492.2,1492.0,1502.5,,1492.2,,,2679140,4003295651.2,53223,F1,1,,,,,
2026-06-30,2026-06-30,CM,NSE,STK,15083,INE742F01042,ADANIPORTS,EQ,,,,,ADANI PORT & SEZ LTD,1786.9,1816.3,1782.6,1810.2,1810.1,1776.1,,1810.2,,,2230098,4015194835.9,79177,F1,1,,,,,
2026-06-30,2026-06-30,CM,NSE,STK,17388,INE814H01029,ADANIPOWER,EQ,,,,,ADANI POWER LTD,228.0,228.32,221.69,223.77,224.27,227.05,,223.77,,,22697791,5082280428.09,126845,F1,1,,,,,
2026-06-30,2026-06-30,CM,NSE,STK,6066,INE399L01023,ATGL,EQ,,,,,ADANI TOTAL GAS LIMITED,731.0,738.1,718.0,731.55,728.0,731.65,,731.6,,,1994118,1449524794.7,31637,F1,1,,,,,
2026-06-30,2026-06-30,CM,NSE,STK,22468,INE0RDH01021,ADDICTIVE,SM,,,,,ADDICTIVE LEARNING TECH L,38.85,40.0,38.85,38.85,38.85,40.85,,38.85,,,44500,1729400.0,59,F1,500,,,,,
2026-06-30,2026-06-30,CM,NSE,STK,19761,INE982B01027,ADFFOODS,EQ,,,,,ADF FOODS LIMITED,306.45,315.0,305.0,310.7,310.0,305.05,,310.7,,,161470,50074939.55,4157,F1,1,,,,,
2026-06-30,2026-06-30,CM,NSE,STK,763156,INE20PL01012,ADISOFT,SM,,,,,ADISOFT TECHNOLOGIES LTD,194.15,194.3,187.0,188.05,187.0,192.2,,188.05,,,37600,7181320.0,44,F1,800,,,,,
2026-06-30,2026-06-30,CM,NSE,STK,6018,INE404A01024,ABSLAMC,EQ,,,,,ADIT BIRL SUN LIF AMC LTD,1134.0,1169.3,1122.9,1154.7,1165.6,1170.8,,1154.6,,,342084,391310303.2,24319,F1,1,,,,,
2026-06-30,2026-06-30,CM,NSE,STK,21614,INE674K01013,ABCAPITAL,EQ,,,,,ADITYA BIRLA CAPITAL LTD.,387.9,395.8,386.0,391.95,392.7,385.3,,391.95,,,4754319,1865007822.45,60862,F1,1,,,,,
2026-06-30,2026-06-30,CM,NSE,STK,30108,INE647O01011,ABFRL,EQ,,,,,ADITYA BIRLA FASHION & RT,59.01,59.3,57.88,58.06,58.16,58.8,,58.05,,,2484277,145066007.36,12582,F1,1,,,,,
2026-06-30,2026-06-30,CM,NSE,STK,756843,INE14LE01019,ABLBL,EQ,,,,,ADITYA BIRLA LIFES BRAN L,96.24,97.29,96.0,96.22,96.3,96.38,,96.22,,,458314,44220784.74,6272,F1,1,,,,,
2026-06-30,2026-06-30,CM,NSE,STK,15239,INE865C01022,BIRLAMONEY,EQ,,,,,ADITYA BIRLA MONEY LTD,138.7,142.79,138.7,141.66,141.11,138.42,,141.72,,,29370,4149359.41,599,F1,1,,,,,
2026-06-30,2026-06-30,CM,NSE,STK,625,INE055A01016,ABREL,EQ,,,,,ADITYA BIRLA REAL EST LTD,1325.0,1347.8,1307.0,1323.6,1320.0,1315.0,,1323.6,,,127038,168580547.5,11902,F1,1,,,,,
2026-06-30,2026-06-30,CM,NSE,STK,758858,INE819V01029,CPPLUS,EQ,,,,,ADITYA INFOTECH LIMITED,3772.9,3787.0,3637.0,3647.0,3650.0,3714.0,,3647.1,,,282765,1046126563.5,28629,F1,1,,,,,
2026-06-30,2026-06-30,CM,NSE,STK,25248,INE01YQ01013,AUSL,SM,,,,,ADITYA ULTRA STEEL LTD,23.55,23.55,23.55,23.55,23.55,22.45,,23.55,,,4000,94200.0,2,F1,2000,,,,,
2026-06-30,2026-06-30,CM,NSE,STK,25984,INE679V01027,AVL,EQ,,,,,ADITYA VISION LIMITED,668.55,678.0,652.75,658.15,658.6,668.55,,658.1,,,150763,100139932.4,10687,F1,1,,,,,
2026-06-30,2026-06-30,CM,NSE,STK,23804,INF209KB18D3,BSLGOLDETF,EQ,,,,,ADITYBIRLA SL GOLD ETF-GR,122.74,123.8,121.77,123.4,123.35,123.75,,123.4,,,113767,13964562.19,2403,F1,1,,,,,
2026-06-30,2026-06-30,CM,NSE,STK,24781,INF209KB19D1,BSLNIFTY,EQ,,,,,ADITYBIRLA SL NIF ETF-GR,28.15,28.15,27.89,28.04,28.12,28.04,,28.04,,,1026768,28766334.51,3707,F1,1,,,,,
2026-06-30,2026-06-30,CM,NSE,STK,34,INE045A01017,ADOR,EQ,,,,,ADOR WELDING LTD,1260.0,1279.7,1243.0,1269.2,1261.5,1251.2,,1269.1,,,30283,38277299.1,2590,F1,1,,,,,
2026-06-30,2026-06-30,CM,NSE,STK,4953,INE737B01033,ADROITINFO,EQ,,,,,ADROIT INFOTECH LIMITED,9.18,9.27,8.89,9.19,9.19,8.92,,9.18,,,16994,154305.92,97,F1,1,,,,,
2026-06-30,2026-06-30,CM,NSE,STK,760657,INE0ALI01010,ADVAIT,EQ,,,,,ADVAIT ENRGY TRANSITION L,2258.0,2318.3,2255.0,2299.6,2302.5,2258.9,,2298.6,,,21177,48544379.7,3211,F1,1,,,,,
2026-06-30,2026-06-30,CM,NSE,STK,759402,INE1B0W01010,ADVANCE,EQ,,,,,ADVANCE AGROLIFE LIMITED,109.0,109.99,106.21,107.6,107.2,108.96,,107.61,,,281181,30566341.21,1650,F1,1,,,,,
2026-06-30,2026-06-30,CM,NSE,STK,18039,INE837H01020,ADVENZYMES,EQ,,,,,ADVANCED ENZYME TECH LTD,324.8,336.9,297.0,307.5,307.6,321.1,,307.5,,,2179786,669316002.6,30523,F1,1,,,,,
2026-06-30,2026-06-30,CM,NSE,STK,14745,INE199C01026,ADVANIHOTR,EQ,,,,,ADVANI HOT.& RES.(I) LTD,53.0,54.21,52.99,53.19,53.31,52.82,,53.19,,,21366,1141727.82,673,F1,1,,,,,
2026-06-30,2026-06-30,CM,NSE,STK,759769,INE28GN01010,ADVENTHTL,EQ,,,,,ADVENT HOTELS INTERNATI L,142.45,143.9,139.4,141.85,141.25,141.85,,141.84,,,108775,15413973.3,2637,F1,1,,,,,
2026-06-30,2026-06-30,CM,NSE,STK,40,INE208C01025,AEGISLOG,EQ,,,,,AEGIS LOGISTICS LIMITED,1166.1,1195.95,1128.0,1173.95,1177.05,1174.1,,1173.85,,,2085874,2409960008.3,61125,F1,1,,,,,
2026-06-30,2026-06-30,CM,NSE,STK,757336,INE0INX01018,AEGISVOPAK,EQ,,,,,AEGIS VOPAK TERMINALS LTD,234.0,235.64,232.96,234.69,234.78,232.77,,234.69,,,241961,56690398.58,5309,F1,1,,,,,
2026-06-30,2026-06-30,CM,NSE,STK,761340,INE423A07484,860AEL28,NH,,,,,AEL 8.60% 2028 SR I,1012.0,1049.0,1005.0,1049.0,1049.0,1042.0,,1029.5,,,157,160401.0,14,F1,1,,,,,
2026-06-30,2026-06-30,CM,NSE,STK,761343,INE423A07534,875AEL29,NK,,,,,AEL 8.75% 2029 SR IV,1035.0,1035.1,1035.0,1035.0,1035.0,1033.59,,1035.0,,,91,94187.0,3,F1,1,,,,,
2026-06-30,2026-06-30,CM,NSE,STK,757871,INE423A07427,885AEL28,NB,,,,,AEL 8.85% 2028 SR III,1010.07,1010.07,1010.07,1010.07,1010.07,1017.0,,1010.07,,,10,10100.7,1,F1,1,,,,,
2026-06-30,2026-06-30,CM,NSE,STK,761346,INE423A07526,890AEL31,NN,,,,,AEL 8.90% 2031 SR VII,1041.5,1041.5,1040.0,1040.0,1040.0,1039.99,,1040.0,,,878,914162.33,13,F1,1,,,,,
2026-06-30,2026-06-30,CM,NSE,STK,757872,INE423A07435,915AEL28,NC,,,,,AEL 9.15% 2028 SR IV,1092.0,1092.0,1090.0,1090.0,1090.0,1092.0,,1090.0,,,210,229300.0,6,F1,1,,,,,
2026-06-30,2026-06-30,CM,NSE,STK,760234,INE947N01017,AEQUS,EQ,,,,,AEQUS LIMITED,242.0,246.9,232.0,234.65,235.0,239.55,,234.65,,,4878636,1164061632.29,45085,F1,1,,,,,
2026-06-30,2026-06-30,CM,NSE,STK,12015,INE065D01027,AEROENTER,EQ,,,,,AEROFLEX ENTERPRISES LTD,142.86,144.69,138.88,141.25,141.5,142.3,,141.25,,,1364075,193157047.22,11616,F1,1,,,,,
2026-06-30,2026-06-30,CM,NSE,STK,18268,INE024001021,AEROFLEX,EQ,,,,,AEROFLEX INDUSTRIES LTD,472.0,478.6,466.75,471.6,472.2,469.0,,471.6,,,672157,317399536.25,10717,F1,1,,,,,
2026-06-30,2026-06-30,CM,NSE,STK,13689,INE035801013,AERONEU,EQ,,,,,AEROFLEX NEU LIMITED,105.5,105.5,100.51,103.98,103.0,100.2,,103.93,,,120138,12459395.84,1011,F1,1,,,,,
2026-06-30,2026-06-30,CM,NSE,STK,25065,INE0WL801011,AERON,SM,,,,,AERON COMPOSITE LIMITED,80.1,80.1,72.2,76.5,76.5,79.55,,76.5,,,26000,2016700.0,25,F1,1000,,,,,
2026-06-30,2026-06-30,CM,NSE,STK,24830,INE0TSF01011,AESTHETIK,SM,,,,,AESTHETIK ENGINEERS LTD,73.95,74.0,70.3,71.15,74.0,73.95,,71.15,,,14000,998350.0,13,F1,1000,,,,,
2026-06-30,2026-06-30,CM,NSE,STK,9810,INE0BWX01014,AETHER,EQ,,,,,AETHER INDUSTRIES LIMITED,1345.0,1368.5,1325.1,1359.1,1361.0,1342.2,,1359.0,,,278645,376959689.5,27217,F1,1,,,,,
2026-06-30,2026-06-30,CM,NSE,STK,25977,INE101I01011,AFCONS,EQ,,,,,AFCONS INFRASTRUCTURE LTD,316.1,318.0,310.3,312.25,312.3,315.85,,312.25,,,541307,169471523.85,10580,F1,1,,,,,
2026-06-30,2026-06-30,CM,NSE,STK,11343,INE00WC01027,AFFLE,EQ,,,,,AFFLE 3I LIMITED,1410.0,1429.3,1405.1,1419.5,1422.6,1399.5,,1418.9,,,112335,159385254.2,10365,F1,1,,,,,
2026-06-30,2026-06-30,CM,NSE,STK,25857,INE692Z01013,AFFORDABLE,BE,,,,,AFFORD ROBO & AUTO LTD,167.0,172.47,166.05,169.24,169.7,167.89,,169.27,,,7074,1191568.1,174,F1,1,,,,,
2026-06-30,2026-06-30,CM,NSE,STK,759446,INE916Y07032,12AFIL27,N0,,,,,AFIL 12% 2027 SR 1,9800.0,9800.0,9800.0,9800.0,9800.0,9800.0,,9800.0,,,5,49000.0,1,F1,1,,,,,
2026-06-30,2026-06-30,CM,NSE,STK,759283,INE916Y07057,12AFIL28,N0,,,,,AFIL 12% 2028,9800.0,9950.0,9800.0,9839.73,9839.73,10000.0,,9839.73,,,90,884407.61,8,F1,1,,,,,
2026-06-30,2026-06-30,CM,NSE,STK,14267,INE0MLA01012,AGARWALFT,ST,,,,,AGARWAL FLOAT GLASS I LTD,40.5,40.5,40.4,40.4,40.4,40.0,,40.4,,,3000,121350.0,2,F1,1500,,,,,
2026-06-30,2026-06-30,CM,NSE,STK,3389,INE204E01012,AGARIND,EQ,,,,,AGARWAL INDS CORP LTD.,536.3,545.0,523.2,534.9,530.6,533.85,,534.9,,,33036,17634391.55,1635,F1,1,,,,,
2026-06-30,2026-06-30,CM,NSE,STK,27309,INE0P8X01016,AGARWALTUF,SM,,,,,AGARWAL TOUGH GLASS IND L,130.0,130.95,127.1,128.9,128.4,131.9,,128.9,,,102000,13177080.0,41,F1,1200,,,,,
2026-06-30,2026-06-30,CM,NSE,STK,1412,INE415A01038,AGI,EQ,,,,,AGI GREENPAC LIMITED,692.5,696.0,685.85,689.3,690.0,684.8,,689.3,,,48863,33729251.55,5297,F1,1,,,,,
2026-06-30,2026-06-30,CM,NSE,STK,24445,INE976R01033,AGIIL,EQ,,,,,AGI INFRA LIMITED,367.7,372.35,363.5,365.15,366.85,366.25,,365.15,,,1946944,713827691.8,8320,F1,1,,,,,
2026-06-30,2026-06-30,CM,NSE,STK,10491,INE0LF301013,AGNI,SM,,,,,AGNI GREEN POWER LTD,18.5,18.5,18.5,18.5,18.5,17.9,,18.5,,,5000,92500.0,2,F1,2500,,,,,
2026-06-30,2026-06-30,CM,NSE,STK,11076,INE449G01018,AGRITECH,BE,,,,,AGRI-TECH (INDIA) LIMITED,114.9,117.0,108.2,116.49,116.5,112.35,,115.55,,,2400,272656.67,68,F1,1,,,,,
2026-06-30,2026-06-30,CM,NSE,STK,9046,INE740V01019,AGROPHOS,EQ,,,,,AGRO PHOS INDIA LIMITED,31.3,31.3,30.51,30.68,30.85,30.37,,30.68,,,5926,182316.81,97,F1,1,,,,,
2026-06-30,2026-06-30,CM,NSE,STK,2004,INE00PV01013,AHLADA,EQ,,,,,AHLADA ENGINEERS LIMITED,40.0,40.76,38.25,39.13,38.5,39.56,,39.13,,,15186,595238.71,95,F1,1,,,,,
2026-06-30,2026-06-30,CM,NSE,STK,17833,INE758C01029,AHLUCONT,EQ,,,,,AHLUWALIA CONT IND LTD,871.1,875.95,850.05,855.8,857.9,871.05,,855.9,,,15057,12920892.65,2135,F1,1,,,,,
2026-06-30,2026-06-30,CM,NSE,STK,13086,INE212H01026,AIAENG,EQ,,,,,AIA ENGINEERING LIMITED,4976.0,5180.0,4912.1,5081.4,5052.0,4951.4,,5081.6,,,205842,1037270985.3,34502,F1,1,,,,,
2026-06-30,2026-06-30,CM,NSE,STK,23984,INE0RUV01018,AIMTRON,SM,,,,,AIMTRON ELECTRONICS LTD,1253.0,1253.0,1212.15,1231.6,1228.0,1251.8,,1231.6,,,45000,55414900.0,205,F1,200,,,,,
2026-06-30,2026-06-30,CM,NSE,STK,9874,INE805A01014,GOLDTECH,EQ,,,,,AION-TECH SOLUTIONS LTD,58.0,58.0,54.0,55.01,55.38,58.38,,55.01,,,186857,10410253.86,2310,F1,1,,,,,
2026-06-30,2026-06-30,CM,NSE,STK,9897,INE645W01026,AIRAN,EQ,,,,,AIRAN LIMITED,16.45,16.64,16.1,16.35,16.14,16.3,,16.34,,,43267,703603.81,244,F1,1,,,,,
2026-06-30,2026-06-30,CM,NSE,STK,6068,INE801L01010,AIROLAM,EQ,,,,,AIRO LAM LIMITED,97.9,98.0,93.0,94.52,93.69,96.03,,94.52,,,4042,386836.62,116,F1,1,,,,,
2026-06-30,2026-06-30,CM,NSE,STK,8124,INE031B01049,AJANTPHARM,EQ,,,,,AJANTA PHARMA LIMITED,3332.0,3433.9,3268.0,3422.7,3422.5,3384.2,,3422.7,,,166869,562342705.6,29957,F1,1,,,,,
2026-06-30,2026-06-30,CM,NSE,STK,29624,INE274Y01021,AJAXENGG,EQ,,,,,AJAX ENGINEERING LIMITED,543.0,544.3,529.7,541.75,544.0,541.4,,541.75,,,23830,12779869.25,2156,F1,1,,,,,
2026-06-30,2026-06-30,CM,NSE,STK,17307,INE298G01035,AJMERA,EQ,,,,,AJMERA REALTY & INF I LTD,129.94,134.75,127.96,130.0,129.62,128.88,,130.01,,,651356,85396195.46,9703,F1,1,,,,,
2026-06-30,2026-06-30,CM,NSE,STK,3403,INE820Y01021,AJOONI,EQ,,,,,AJOONI BIOTECH LIMITED,3.8,3.8,3.62,3.67,3.64,3.64,,3.67,,,600977,2248059.29,670,F1,1,,,,,
2026-06-30,2026-06-30,CM,NSE,STK,21132,INE0PCY01014,AKANKSHA,ST,,,,,AKANKSHA POWER N INFRA L,85.0,88.0,84.05,86.0,86.0,87.6,,86.0,,,35000,3013050.0,16,F1,1000,,,,,
2026-06-30,2026-06-30,CM,NSE,STK,13510,INE737W01013,AKASH,EQ,,,,,AKASH INFRA-PROJECTS LTD,27.0,27.0,26.24,26.37,26.37,26.89,,26.37,,,4945,130554.24,70,F1,1,,,,,
2026-06-30,2026-06-30,CM,NSE,STK,2176,INE00Y801016,AKG,EQ,,,,,AKG EXIM LIMITED,10.7,10.98,10.7,10.91,10.77,10.74,,10.91,,,2239,24199.16,29,F1,1,,,,,
2026-06-30,2026-06-30,CM,NSE,STK,14890,INE642Z01026,AKI,EQ,,,,,AKI INDIA LIMITED,4.69,4.85,4.66,4.7,4.69,4.69,,4.72,,,50578,238037.24,245,F1,1,,,,,
2026-06-30,2026-06-30,CM,NSE,STK,24307,INE0PMR01017,AKIKO,ST,,,,,AKIKO GLOBAL SERVICES L,283.0,283.0,283.0,283.0,283.0,286.0,,283.0,,,1600,452800.0,1,F1,800,,,,,
2026-06-30,2026-06-30,CM,NSE,STK,24160,INE916Y01027,AFIL,BE,,,,,AKME FINTRADE (INDIA) LTD,10.36,10.85,10.27,10.74,10.75,10.4,,10.74,,,1442427,15344401.49,510,F1,1,,,,,
2026-06-30,2026-06-30,CM,NSE,STK,8595,INE523B01011,AKSHOPTFBR,BE,,,,,AKSH OPTIFIBRE  LTD,6.99,6.99,6.99,6.99,6.99,7.13,,7.04,,,19172,134012.28,57,F1,1,,,,,
2026-06-30,2026-06-30,CM,NSE,STK,9558,INE256Z01025,AKSHAR,EQ,,,,,AKSHAR SPINTEX LIMITED,0.45,0.45,0.43,0.43,0.44,0.44,,0.43,,,191169,83252.5,213,F1,1,,,,,
2026-06-30,2026-06-30,CM,NSE,STK,20178,INE542B01011,AKSHARCHEM,EQ,,,,,AKSHARCHEM INDIA LIMITED,234.3,244.89,224.52,242.43,243.65,234.38,,242.43,,,11640,2766085.52,1311,F1,1,,,,,
2026-06-30,2026-06-30,CM,NSE,STK,24715,INE09XN01023,AKUMS,EQ,,,,,AKUMS DRUGS AND PHARMA L,629.0,642.9,622.0,623.15,623.0,624.65,,623.15,,,337173,211600713.95,14070,F1,1,,,,,
2026-06-30,2026-06-30,CM,NSE,STK,9921,INE914E01040,ALANKIT,EQ,,,,,ALANKIT LIMITED,8.4,8.4,8.15,8.16,8.19,8.12,,8.15,,,76280,629702.38,384,F1,1,,,,,
2026-06-30,2026-06-30,CM,NSE,STK,17256,INE155C01010,ALBERTDAVD,EQ,,,,,ALBERT DAVID LIMITED,707.7,708.0,697.6,699.25,700.0,697.75,,699.25,,,1147,802993.8,71,F1,1,,,,,
2026-06-30,2026-06-30,CM,NSE,STK,18763,INE448V01019,ALCODIS,ST,,,,,ALCOKRAFT DISTILLERIE LTD,68.5,68.5,68.5,68.5,68.5,72.0,,68.5,,,625,42812.5,1,F1,625,,,,,
2026-06-30,2026-06-30,CM,NSE,STK,79,INE426A01027,ALEMBICLTD,EQ,,,,,ALEMBIC LIMITED,90.6,92.4,90.39,91.58,91.8,90.4,,91.57,,,206773,18943667.31,1834,F1,1,,,,,
2026-06-30,2026-06-30,CM,NSE,STK,25328,INE901L01018,APLLTD,EQ,,,,,ALEMBIC PHARMA LTD,788.2,832.05,784.15,822.75,824.8,786.65,,822.75,,,919045,737036278.6,24456,F1,1,,,,,
2026-06-30,2026-06-30,CM,NSE,STK,761270,INE598D01035,ALGOQUANT,EQ,,,,,ALGOQUANT FINTECH LIMITED,55.99,57.0,54.81,56.11,56.85,55.76,,56.12,,,1022065,56898504.8,3368,F1,1,,,,,
2026-06-30,2026-06-30,CM,NSE,STK,13656,INE062D01024,ALICON,EQ,,,,,ALICON CASTALLOY LIMITED,631.0,682.0,630.0,661.5,657.2,632.3,,661.35,,,34579,22996585.15,2755,F1,1,,,,,
2026-06-30,2026-06-30,CM,NSE,STK,5265,INE03Q201024,ALIVUS,EQ,,,,,ALIVUS LIFE SCIENCES LTD,1132.8,1176.9,1123.9,1156.5,1157.5,1119.5,,1156.5,,,254919,293997260.9,22853,F1,1,,,,,
2026-06-30,2026-06-30,CM,NSE,STK,16963,INE773I01017,ALKALI,BE,,,,,ALKALI METALS LTD,84.0,84.0,82.32,82.63,83.95,83.9,,82.63,,,4014,333828.49,44,F1,1,,,,,
2026-06-30,2026-06-30,CM,NSE,STK,11703,INE540L01014,ALKEM,EQ,,,,,ALKEM LABORATORIES LTD.,5416.5,5608.0,5416.5,5570.0,5599.0,5416.5,,5570.0,,,340712,1883246763.0,43486,F1,1,,,,,
2026-06-30,2026-06-30,CM,NSE,STK,4487,INE150B01039,ALKYLAMINE,EQ,,,,,ALKYL AMINES CHEM. LTD,1677.3,1730.0,1661.3,1713.4,1704.4,1677.3,,1713.4,,,58021,98843204.8,11400,F1,1,,,,,
2026-06-30,2026-06-30,CM,NSE,STK,13212,INE0M2X01012,ALLETEC,ST,,,,,ALL E TECHNOLOGIES LTD,137.0,139.1,136.8,137.9,137.0,139.8,,137.9,,,15200,2101500.0,20,F1,400,,,,,
2026-06-30,2026-06-30,CM,NSE,STK,758448,INE0GV601021,ALLTIME,EQ,,,,,ALL TIME PLASTICS LIMITED,232.92,237.5,232.19,236.02,235.5,234.38,,236.02,,,21265,4999624.69,612,F1,1,,,,,
2026-06-30,2026-06-30,CM,NSE,STK,13501,INE418H01029,ALLCARGO,EQ,,,,,ALLCARGO LOGISTICS LTD,8.1,8.18,8.0,8.09,8.13,8.09,,8.09,,,3029781,24501599.66,4216,F1,1,,,,,
2026-06-30,2026-06-30,CM,NSE,STK,17778,INE0NN701020,ATL,EQ,,,,,ALLCARGO TERMINALS LTD,24.65,25.0,23.71,23.83,23.85,23.89,,23.84,,,168658,4059549.31,638,F1,1,,,,,
2026-06-30,2026-06-30,CM,NSE,STK,11798,INE835G01018,ALLDIGI,EQ,,,,,ALLDIGI TECH LIMITED,805.8,805.8,792.0,798.95,798.0,801.7,,798.95,,,2649,2116798.35,351,F1,1,,,,,
2026-06-30,2026-06-30,CM,NSE,STK,24308,INE552Z01027,ABDL,EQ,,,,,ALLIED BLEND N DISTILS L,664.95,675.45,650.3,667.9,668.0,659.5,,667.85,,,486920,323596942.95,31899,F1,1,,,,,
2026-06-30,2026-06-30,CM,NSE,STK,14813,INE102I01027,ADSL,EQ,,,,,ALLIED DIGITAL SERV. LTD,124.95,132.0,123.5,127.63,127.11,124.45,,127.64,,,453097,58143777.71,6979,F1,1,,,,,
2026-06-30,2026-06-30,CM,NSE,STK,16719,INE326B01035,ALMONDZ,EQ,,,,,ALMONDZ GLOBAL SEC LTD,12.88,13.05,12.8,12.9,12.87,12.76,,12.9,,,79265,1023673.55,203,F1,1,,,,,
2026-06-30,2026-06-30,CM,NSE,STK,17675,INE270A01029,ALOKINDS,EQ,,,,,ALOK INDUSTRIES LIMITED,12.68,12.8,12.6,12.71,12.79,12.62,,12.71,,,2362608,30032615.66,4631,F1,1,,,,,
2026-06-30,2026-06-30,CM,NSE,STK,14848,INE385I01010,ALPA,EQ,,,,,ALPA LABORATORIES LTD,68.9,68.9,67.26,67.55,67.41,68.02,,67.55,,,6085,412822.64,106,F1,1,,,,,
2026-06-30,2026-06-30,CM,NSE,STK,22688,INE0R4701017,ALPEXSOLAR,SM,,,,,ALPEX SOLAR LIMITED,888.75,905.0,880.5,885.65,886.95,888.75,,885.65,,,29100,25826295.0,220,F1,100,,,,,
2026-06-30,2026-06-30,CM,NSE,STK,14597,INE137C01018,ALPHAGEO,EQ,,,,,ALPHAGEO (INDIA) LIMITED,201.0,203.9,190.0,199.18,200.0,198.97,,199.26,,,7522,1472986.47,271,F1,1,,,,,
2026-06-30,2026-06-30,CM,NSE,STK,23474,INE0STM01017,ALUWIND,SM,,,,,ALUWIND INFRA-TECH LTD,48.0,49.0,46.0,47.5,47.4,47.0,,47.5,,,181500,8568075.0,39,F1,1500,,,,,
2026-06-30,2026-06-30,CM,NSE,STK,760740,INE121R01077,AMAGI,EQ,,,,,AMAGI MEDIA LABS LIMITED,558.0,565.2,541.0,560.55,561.1,554.45,,560.55,,,428084,237764984.3,14648,F1,1,,,,,
2026-06-30,2026-06-30,CM,NSE,STK,758910,INE084K01015,AMANTA,BE,,,,,AMANTA HEALTHCARE LIMITED,161.0,164.84,157.0,161.0,161.49,160.81,,160.99,,,44086,7076413.01,282,F1,1,,,,,
2026-06-30,2026-06-30,CM,NSE,STK,100,INE885A01032,ARE&M,EQ,,,,,AMARA RAJA ENERGY MOB LTD,827.9,852.9,825.4,841.95,843.0,822.35,,841.95,,,643968,543063758.65,40192,F1,1,,,,,
2026-06-30,2026-06-30,CM,NSE,STK,763256,INE293601014,AMBAAUTO,SM,,,,,AMBA AUTO SALES AND SER L,83.0,86.8,82.0,83.0,83.5,81.9,,83.0,,,12000,998400.0,12,F1,1000,,,,,
2026-06-30,2026-06-30,CM,NSE,STK,762543,INE432A01017,AMBALALSA,EQ,,,,,AMBALAL SARABHAI ENT L,31.4,33.29,31.4,32.75,33.29,31.41,,32.72,,,65680,2123202.98,374,F1,1,,,,,
2026-06-30,2026-06-30,CM,NSE,STK,4083,INE00C501018,AMBANIORGO,SM,,,,,AMBANI ORGOCHEM LIMITED,115.05,118.0,115.05,118.0,118.0,115.05,,118.0,,,2000,233050.0,2,F1,1000,,,,,
2026-06-30,2026-06-30,CM,NSE,STK,1185,INE371P01015,AMBER,EQ,,,,,AMBER ENTERPRISES (I) LTD,7442.5,7575.0,7406.0,7530.0,7540.5,7413.0,,7530.0,,,217681,1631383714.5,23846,F1,1,,,,,
2026-06-30,2026-06-30,CM,NSE,STK,11496,INE792B01012,AMBICAAGAR,EQ,,,,,AMBICA AGAR & AROMAINDLTD,24.89,26.4,24.15,25.33,25.46,24.89,,25.33,,,16135,415187.29,100,F1,1,,,,,
2026-06-30,2026-06-30,CM,NSE,STK,15234,INE540G01014,AMBIKCO,EQ,,,,,AMBIKA COTTON MILL LTD.,1704.3,1782.4,1697.3,1759.8,1736.9,1702.6,,1760.1,,,24873,43770397.1,2326,F1,1,,,,,
2026-06-30,2026-06-30,CM,NSE,STK,1270,INE079A01024,AMBUJACEM,EQ,,,,,AMBUJA CEMENTS LTD,425.0,425.85,419.65,421.85,422.8,424.25,,421.85,,,3012504,1272902639.85,35347,F1,1,,,,,
2026-06-30,2026-06-30,CM,NSE,STK,14398,INE005I01014,AMDIND,EQ,,,,,AMD INDUSTRIES LIMITED,46.28,46.28,43.5,44.03,44.45,44.71,,44.04,,,14508,643564.48,133,F1,1,,,,,
2026-06-30,2026-06-30,CM,NSE,STK,10898,INE0KT901015,AMEYA,SM,,,,,AMEYA PRECISION ENG LTD,107.0,107.0,105.75,105.9,105.9,106.0,,105.9,,,3000,318650.0,3,F1,1000,,,,,
2026-06-30,2026-06-30,CM,NSE,STK,11939,INE0MTP01013,AMIABLE,SM,,,,,AMIABLE LOGISTICS (I) LTD,84.0,84.0,75.0,80.95,80.95,84.95,,80.95,,,4800,383920.0,3,F1,1600,,,,,
2026-06-30,2026-06-30,CM,NSE,STK,19867,INE275D01022,AMNPLST,EQ,,,,,AMINES & PLASTICIZERS LTD,187.0,194.18,186.95,188.39,191.0,187.62,,188.39,,,5660,1071950.29,215,F1,1,,,,,
2026-06-30,2026-06-30,CM,NSE,STK,761670,INE05TO01019,AMIRCHAND,EQ,,,,,AMIR CHAND JAG KUM (E) L,129.0,140.23,127.99,139.21,139.55,127.49,,139.19,,,2892421,398675326.48,14928,F1,1,,,,,
2026-06-30,2026-06-30,CM,NSE,STK,2598,INE606A01024,AMJLAND,EQ,,,,,AMJ LAND HOLDINGS LIMITED,38.3,38.3,36.4,37.47,37.03,37.24,,37.5,,,5340,200155.36,122,F1,1,,,,,
2026-06-30,2026-06-30,CM,NSE,STK,17547,INE098F01031,AMRUTANJAN,EQ,,,,,AMRUTAJAN HEALTH LTD,538.1,553.95,538.1,547.95,545.0,539.85,,547.95,,,21861,11975208.25,1295,F1,1,,,,,
2026-06-30,2026-06-30,CM,NSE,STK,759956,INE549H01021,ARSSBL,EQ,,,,,ANAND RATHI SH N STK BR L,536.0,564.0,534.0,554.25,556.95,533.7,,554.3,,,403177,223259110.25,10734,F1,1,,,,,
2026-06-30,2026-06-30,CM,NSE,STK,7145,INE463V01026,ANANDRATHI,EQ,,,,,ANAND RATHI WEALTH LTD,2008.9,2032.7,1957.0,1976.7,1980.0,1988.7,,1976.6,,,549710,1089864408.9,28609,F1,1,,,,,
2026-06-30,2026-06-30,CM,NSE,STK,13620,INE242C01024,ANANTRAJ,EQ,,,,,ANANT RAJ LIMITED,514.05,523.0,511.25,521.25,523.0,513.75,,521.3,,,851082,439942719.45,19294,F1,1,,,,,
2026-06-30,2026-06-30,CM,NSE,STK,759363,INE1UA823019,ANANTAM,IV,,,,,ANANTAM HIGHWAYS TRUST,105.24,105.41,103.9,104.1,104.0,105.24,,104.1,,,60956,6356921.31,196,F1,1,,,,,
2026-06-30,2026-06-30,CM,NSE,STK,758427,INE0VG001016,AMCL,SM,,,,,ANB METAL CAST LIMITED,431.0,431.0,399.0,401.55,400.1,437.7,,401.55,,,63600,26147580.0,106,F1,400,,,,,
2026-06-30,2026-06-30,CM,NSE,STK,15420,INE666E01020,ACL,EQ,,,,,ANDHRA CEMENTS LIMITED,53.8,53.8,52.26,52.48,52.85,52.75,,52.44,,,11417,600963.9,256,F1,1,,,,,
2026-06-30,2026-06-30,CM,NSE,STK,166,INE435A01051,ANDHRAPAP,EQ,,,,,ANDHRA PAPER LIMITED,62.05,63.99,62.05,62.96,63.1,62.05,,62.96,,,61622,3892568.33,1663,F1,1,,,,,
2026-06-30,2026-06-30,CM,NSE,STK,136,INE715B01021,ANDHRSUGAR,EQ,,,,,ANDHRA SUGARS LTD,77.99,82.66,77.49,78.34,78.39,77.91,,78.35,,,688956,54828584.34,6725,F1,1,,,,,
2026-06-30,2026-06-30,CM,NSE,STK,324,INE732I01021,ANGELONE,EQ,,,,,ANGEL ONE LIMITED,329.75,333.5,328.15,330.65,329.5,328.75,,330.65,,,4561949,1507946987.7,42181,F1,1,,,,,
2026-06-30,2026-06-30,CM,NSE,STK,482,INE635Y01015,AISL,SM,,,,,ANI INTEGRATED SERV LTD.,54.95,54.95,54.95,54.95,54.95,54.95,,54.95,,,600,32970.0,1,F1,600,,,,,
2026-06-30,2026-06-30,CM,NSE,STK,16661,INE087B01017,ANIKINDS,BE,,,,,ANIK INDUSTRIES LTD,44.28,45.89,42.56,45.74,45.79,44.5,,45.74,,,5734,251290.3,85,F1,1,,,,,
2026-06-30,2026-06-30,CM,NSE,STK,20453,INE071F01012,APCL,EQ,,,,,ANJANI PORTLAND CEM LTD,106.1,109.0,103.55,107.95,109.0,107.13,,107.92,,,6574,700858.6,176,F1,1,,,,,
2026-06-30,2026-06-30,CM,NSE,STK,25878,INE106I01010,ANKITMETAL,BZ,,,,,ANKIT MET & POW LTD,1.42,1.49,1.4,1.47,1.48,1.45,,1.47,,,18213,26586.95,49,F1,1,,,,,
2026-06-30,2026-06-30,CM,NSE,STK,758968,INE0Y8W01025,AHCL,EQ,,,,,ANLON HEALTHCARE LIMITED,16.37,16.5,15.89,15.99,16.0,16.14,,15.99,,,3489328,56417401.71,5436,F1,1,,,,,
2026-06-30,2026-06-30,CM,NSE,STK,13664,INE0LR101013,ANLON,ST,,,,,ANLON TECHNOLOGY SOL LTD,675.0,675.0,641.25,641.25,641.25,675.0,,641.25,,,11600,7488420.0,22,F1,400,,,,,
2026-06-30,2026-06-30,CM,NSE,STK,3727,INE02AR01019,ANMOL,EQ,,,,,ANMOL INDIA LIMITED,11.01,11.28,11.01,11.21,11.23,11.1,,11.21,,,25404,284157.68,149,F1,1,,,,,
2026-06-30,2026-06-30,CM,NSE,STK,11198,INE0MGM01017,ANNAPURNA,SM,,,,,ANNAPURNA SWADISHT LTD,130.0,134.0,128.5,129.3,129.0,128.55,,129.3,,,63000,8176600.0,99,F1,250,,,,,
2026-06-30,2026-06-30,CM,NSE,STK,758740,INE0VTV01012,ANONDITA,SM,,,,,ANONDITA MEDICARE LIMITED,1151.0,1161.0,1130.3,1148.65,1150.0,1166.25,,1148.65,,,70200,81079500.0,92,F1,200,,,,,
2026-06-30,2026-06-30,CM,NSE,STK,19677,INE436A01026,ANSALAPI,BZ,,,,,ANSAL PROP & INFRA LTD,2.9,2.99,2.89,2.93,2.99,2.94,,2.93,,,3664,10721.33,13,F1,1,,,,,
2026-06-30,2026-06-30,CM,NSE,STK,5194,INE414B01021,ANTGRAPHIC,EQ,,,,,ANTARCTICA LTD,0.82,0.84,0.8,0.81,0.82,0.82,,0.81,,,170204,139294.91,152,F1,1,,,,,
2026-06-30,2026-06-30,CM,NSE,STK,13598,INE818A01017,ANTELOPUS,EQ,,,,,ANTELOPUS SELAN ENRGY LTD,810.0,820.05,790.55,794.3,792.0,808.9,,794.3,,,52135,41934113.55,3316,F1,1,,,,,
2026-06-30,2026-06-30,CM,NSE,STK,757885,INE0CZ201020,ANTHEM,EQ,,,,,ANTHEM BIOSCIENCES LTD,775.0,777.0,764.05,770.55,768.9,775.0,,770.45,,,490723,379390741.9,23064,F1,1,,,,,
2026-06-30,2026-06-30,CM,NSE,STK,1797,INE01BK01022,AWHCL,EQ,,,,,ANTONY WASTE HDG CELL LTD,470.5,476.0,467.0,468.5,470.25,470.5,,468.5,,,41532,19522192.4,1641,F1,1,,,,,
2026-06-30,2026-06-30,CM,NSE,STK,28314,INE489G01022,ANUHPHR,EQ,,,,,ANUH PHARMA LIMITED,80.5,81.79,79.71,81.23,81.0,79.87,,81.22,,,65274,5286226.41,1179,F1,1,,,,,
2026-06-30,2026-06-30,CM,NSE,STK,2829,INE930P01018,ANURAS,EQ,,,,,ANUPAM RASAYAN INDIA LTD,1282.8,1282.8,1258.1,1264.4,1262.4,1274.6,,1264.4,,,256213,326315659.2,4667,F1,1,,,,,
2026-06-30,2026-06-30,CM,NSE,STK,28983,INE0SI601032,ANYA,SM,,,,,ANYA POLYTECH & FERTI LTD,17.55,17.55,16.55,16.7,17.0,17.35,,16.7,,,60000,1017250.0,11,F1,5000,,,,,
2026-06-30,2026-06-30,CM,NSE,STK,758904,INF1J2R01114,AONEGOLD,EQ,,,,,AONEAMC - AONEGOLD,13.12,13.16,12.95,13.1,13.12,13.14,,13.1,,,546602,7141123.08,1548,F1,1,,,,,
2026-06-30,2026-06-30,CM,NSE,STK,30472,INF1J2R01056,AONELIQUID,EQ,,,,,AONEAMC - AONELIQUID,1066.04,1066.04,1066.02,1066.03,1066.04,1065.89,,1066.03,,,36004,38381591.75,154,F1,1,,,,,
2026-06-30,2026-06-30,CM,NSE,STK,757096,INF1J2R01064,AONENIFTY,EQ,,,,,AONEAMC - AONENIFTY,9.85,9.95,9.83,9.84,9.87,9.85,,9.84,,,244078,2405354.05,1008,F1,1,,,,,
2026-06-30,2026-06-30,CM,NSE,STK,760193,INF1J2R01171,AONESILVER,EQ,,,,,AONEAMC - AONESILVER,8.3,8.57,8.23,8.49,8.54,8.33,,8.49,,,466810,3941579.62,1278,F1,1,,,,,
2026-06-30,2026-06-30,CM,NSE,STK,759992,INF1J2R01148,AONETMMQ50,EQ,,,,,AONEAMC - AONETMMQ50,10.23,10.25,10.09,10.14,10.25,10.18,,10.14,,,27476,278445.99,233,F1,1,,,,,
2026-06-30,2026-06-30,CM,NSE,STK,29975,INF1J2R01015,AONETOTAL,EQ,,,,,AONEAMC - AONETOTAL,11.9,11.9,11.65,11.69,11.69,11.7,,11.69,,,152705,1789224.77,1088,F1,1,,,,,
2026-06-30,2026-06-30,CM,NSE,STK,11491,INE372A01015,APARINDS,EQ,,,,,APAR INDUSTRIES LTD.,16081.0,16125.0,15655.0,15695.0,15700.0,15986.0,,15695.0,,,125242,1989803594.0,32756,F1,1,,,,,
2026-06-30,2026-06-30,CM,NSE,STK,154,INE116A01032,APCOTEXIND,EQ,,,,,APCOTEX INDUSTRIES LIMITE,499.0,513.0,494.6,507.9,513.0,496.45,,507.8,,,40683,20473845.0,2397,F1,1,,,,,
2026-06-30,2026-06-30,CM,NSE,STK,27291,INE0T4V01015,APEXECO,ST,,,,,APEX ECOTECH LIMITED,277.95,278.25,272.0,274.7,274.7,265.0,,274.7,,,36800,10173360.0,39,F1,800,,,,,
2026-06-30,2026-06-30,CM,NSE,STK,21623,INE346W01013,APEX,EQ,,,,,APEX FROZEN FOODS LIMITED,397.9,408.0,391.55,404.0,403.7,395.4,,404.0,,,158945,63637210.35,5377,F1,1,,,,,
2026-06-30,2026-06-30,CM,NSE,STK,25780,INE702C01027,APLAPOLLO,EQ,,,,,APL APOLLO TUBES LTD,1780.6,1799.1,1768.2,1788.7,1792.0,1787.5,,1788.7,,,890251,1591171969.1,45309,F1,1,,,,,
2026-06-30,2026-06-30,CM,NSE,STK,757184,INE0TLC07077,930APMD30,N0,,,,,APMD 9.30% 2030 STRPP D,104325.89,104325.89,104325.89,104325.89,104325.89,104330.41,,104325.89,,,1,104325.89,1,F1,1,,,,,
2026-06-30,2026-06-30,CM,NSE,STK,757186,INE0TLC07051,930APMD31,N0,,,,,APMD 9.30% 2031 STRPP E,103875.9,103875.9,103875.89,103875.89,103875.89,103400.0,,103875.89,,,11,1142634.81,2,F1,1,,,,,
2026-06-30,2026-06-30,CM,NSE,STK,157,INE437A01024,APOLLOHOSP,EQ,,,,,APOLLO HOSPITALS ENTER. L,8654.5,8770.0,8649.0,8682.0,8668.5,8655.0,,8682.0,,,491231,4274121717.5,53201,F1,1,,,,,
2026-06-30,2026-06-30,CM,NSE,STK,1134,INE713T01028,APOLLO,EQ,,,,,APOLLO MICRO SYSTEMS LTD,409.5,429.75,409.25,424.75,424.05,407.15,,424.75,,,23073789,9744945460.65,212607,F1,1,,,,,
2026-06-30,2026-06-30,CM,NSE,STK,14361,INE126J01016,APOLLOPIPE,EQ,,,,,APOLLO PIPES LIMITED,474.45,495.5,470.0,489.9,487.1,471.15,,489.9,,,166162,80575491.15,5996,F1,1,,,,,
2026-06-30,2026-06-30,CM,NSE,STK,6302,INE451F01024,APOLSINHOT,EQ,,,,,APOLLO SINDOORI HOTEL LTD,1290.2,1293.0,1255.7,1263.0,1262.2,1254.1,,1263.0,,,651,827354.8,87,F1,1,,,,,
2026-06-30,2026-06-30,CM,NSE,STK,163,INE438A01022,APOLLOTYRE,EQ,,,,,APOLLO TYRES LTD,428.75,431.5,423.15,430.2,430.0,420.65,,430.2,,,744125,319112319.35,27035,F1,1,,,,,
2026-06-30,2026-06-30,CM,NSE,STK,24638,INE0LQG01010,APRAMEYA,SM,,,,,APRAMEYA ENGINEERING LTD,151.0,155.0,150.5,155.0,155.0,150.4,,155.0,,,2000,303875.0,4,F1,500,,,,,
2026-06-30,2026-06-30,CM,NSE,STK,760376,INE0M2307404,915APSBC33,N0,,,,,APSBC 9.15% 2033 STRPP H,103325.0,103325.0,103325.0,103325.0,103325.0,103200.0,,103325.0,,,3,309975.0,1,F1,1,,,,,
2026-06-30,2026-06-30,CM,NSE,STK,761435,INE1OOJ01011,APSISAERO,ST,,,,,APSIS AEROCOM LIMITED,330.05,330.05,330.05,330.05,330.05,323.6,,330.05,,,8400,2772420.0,7,F1,1200,,,,,
2026-06-30,2026-06-30,CM,NSE,STK,14074,INE266F01018,APTECHT,BE,,,,,APTECH LIMITED,103.89,106.5,103.4,103.61,103.8,103.4,,103.56,,,56574,5888893.9,534,F1,1,,,,,
2026-06-30,2026-06-30,CM,NSE,STK,5435,INE852O01025,APTUS,EQ,,,,,APTUS VALUE HSG FIN I LTD,269.1,281.9,267.65,278.85,281.0,267.15,,278.85,,,3365672,930203717.35,63375,F1,1,,,,,
2026-06-30,2026-06-30,CM,NSE,STK,23365,INE416A01051,AQYLON,EQ,,,,,AQYLON NEXUS LIMITED,40.39,41.67,38.16,41.2,41.0,39.69,,41.19,,,2231695,89242951.4,4926,F1,1,,,,,
2026-06-30,2026-06-30,CM,NSE,STK,19253,INE08NJ01024,ARABIAN,SM,,,,,ARABIAN PETROLEUM LIMITED,66.05,66.05,66.05,66.05,66.05,68.0,,66.05,,,10000,660500.0,4,F1,2000,,,,,
2026-06-30,2026-06-30,CM,NSE,STK,758673,INE0YDV01010,ARCIIL,ST,,,,,ARC INSULATION & INSU LTD,40.3,42.15,40.15,42.1,42.1,40.15,,42.1,,,14000,584350.0,14,F1,1000,,,,,
2026-06-30,2026-06-30,CM,NSE,STK,12024,INE128X01021,ACI,EQ,,,,,ARCHEAN CHEMICAL IND LTD,525.0,525.0,515.3,522.3,522.1,521.35,,522.3,,,97480,50754382.9,8077,F1,1,,,,,
2026-06-30,2026-06-30,CM,NSE,STK,245,INE0CHO01012,ADL,EQ,,,,,ARCHIDPLY DECOR LIMITED,69.9,71.5,67.1,70.36,71.4,68.05,,70.36,,,837,58483.85,29,F1,1,,,,,
2026-06-30,2026-06-30,CM,NSE,STK,16795,INE877I01016,ARCHIDPLY,EQ,,,,,ARCHIDPLY IND. LTD,79.0,86.08,79.0,81.96,82.95,80.34,,81.96,,,2434,198561.36,91,F1,1,,,,,
2026-06-30,2026-06-30,CM,NSE,STK,5688,INE731A01020,ARCHIES,EQ,,,,,ARCHIES LTD,14.18,14.49,14.01,14.27,14.27,14.18,,14.27,,,3404,48229.68,37,F1,1,,,,,
2026-06-30,2026-06-30,CM,NSE,STK,758700,INE784R01023,ARFIN,EQ,,,,,ARFIN INDIA LIMITED,83.9,86.95,83.03,85.8,85.8,83.27,,85.79,,,2165988,184569751.44,9489,F1,1,,,,,
2026-06-30,2026-06-30,CM,NSE,STK,13092,INE0L2Y01011,ARHAM,SM,,,,,ARHAM TECHNOLOGIES LTD,140.0,140.0,140.0,140.0,140.0,140.0,,140.0,,,2000,280000.0,1,F1,1000,,,,,
2026-06-30,2026-06-30,CM,NSE,STK,15204,INE298I01015,ARIES,EQ,,,,,ARIES AGRO LTD.,335.9,338.45,334.1,335.65,336.5,336.0,,335.6,,,8208,2755369.25,433,F1,1,,,,,
2026-06-30,2026-06-30,CM,NSE,STK,13340,INE0NCC01015,ARIHANTACA,SM,,,,,ARIHANT ACADEMY LIMITED,469.0,469.0,469.0,469.0,469.0,469.0,,469.0,,,800,375200.0,2,F1,400,,,,,
2026-06-30,2026-06-30,CM,NSE,STK,3813,INE420B01036,ARIHANTCAP,EQ,,,,,ARIHANT CAPITAL MKTS LTD,69.33,70.59,67.91,68.26,68.12,68.82,,68.26,,,208014,14221531.78,1180,F1,1,,,,,
2026-06-30,2026-06-30,CM,NSE,STK,13885,INE413D01011,ARIHANT,EQ,,,,,ARIHANT FOUN & HOU LTD,848.9,878.0,819.05,844.5,878.0,850.85,,845.6,,,1967,1661718.2,348,F1,1,,,,,
2026-06-30,2026-06-30,CM,NSE,STK,20159,INE643K01018,ARIHANTSUP,EQ,,,,,ARIHANT SUPERSTRUCT LTD,251.45,259.0,249.05,255.6,255.0,251.45,,255.6,,,22010,5626561.35,187,F1,1,,,,,
2026-06-30,2026-06-30,CM,NSE,STK,757614,INE0H9P01028,ARIS,EQ,,,,,ARISINFRA SOLUTIONS LTD,113.58,113.97,105.2,106.08,105.9,113.26,,106.09,,,712947,77617587.52,6657,F1,1,,,,,
2026-06-30,2026-06-30,CM,NSE,STK,13931,INE082101010,ARISTO,ST,,,,,ARISTO BIO T AND LIFESC L,95.7,95.7,95.7,95.7,95.7,95.7,,95.7,,,1600,153120.0,2,F1,800,,,,,
2026-06-30,2026-06-30,CM,NSE,STK,25398,INE0QRL01017,ARKADE,EQ,,,,,ARKADE DEVELOPERS LIMITED,124.39,125.4,122.88,124.13,123.5,123.4,,124.12,,,198402,24611369.91,2877,F1,1,,,,,
2026-06-30,2026-06-30,CM,NSE,STK,17263,INE109C01017,ARMANFIN,EQ,,,,,ARMAN FIN SERV LTD,1663.7,1718.0,1662.1,1694.0,1688.0,1672.1,,1694.1,,,18237,30884358.4,2206,F1,1,,,,,
2026-06-30,2026-06-30,CM,NSE,STK,760749,INE0TZX01019,ARMOUR,SM,,,,,ARMOUR SECURITY (INDIA) L,19.95,19.95,19.0,19.0,19.0,20.0,,19.0,,,4000,77900.0,2,F1,2000,,,,,
2026-06-30,2026-06-30,CM,NSE,STK,14557,INE210C01013,AROGRANITE,EQ,,,,,ARO GRANITE IND. LTD.,25.7,26.48,25.25,25.75,25.85,25.79,,25.75,,,8397,216572.05,86,F1,1,,,,,
2026-06-30,2026-06-30,CM,NSE,STK,9264,INE570D01018,ARROWGREEN,BE,,,,,ARROW GREENTECH LIMITED,592.0,600.0,585.2,597.75,593.0,594.15,,597.7,,,11067,6566028.15,363,F1,1,,,,,
2026-06-30,2026-06-30,CM,NSE,STK,29015,INE968D01022,ARSHIYA,BZ,,,,,ARSHIYA LIMITED,1.1,1.11,1.05,1.09,1.1,1.08,,1.09,,,206537,227109.15,45,F1,1,,,,,
2026-06-30,2026-06-30,CM,NSE,STK,6156,INE738V01013,ARTNIRMAN,EQ,,,,,ART NIRMAN LIMITED,40.5,41.85,40.5,41.83,41.83,39.88,,41.83,,,304,12647.01,5,F1,1,,,,,
2026-06-30,2026-06-30,CM,NSE,STK,761330,INE757T01025,AEPL,EQ,,,,,ARTEMIS ELECTRICALS & P L,16.38,17.35,16.01,16.91,16.71,16.06,,17.0,,,38178,643084.92,157,F1,1,,,,,
2026-06-30,2026-06-30,CM,NSE,STK,16913,INE025R01021,ARTEMISMED,EQ,,,,,ARTEMIS MED SERVICE LTD,261.15,267.45,261.15,264.95,264.7,262.6,,264.95,,,74754,19797263.65,2337,F1,1,,,,,
2026-06-30,2026-06-30,CM,NSE,STK,2814,INE006Z01016,ARVEE,EQ,,,,,ARVEE LABORATORIES I LTD,164.75,167.0,164.75,165.55,165.42,164.75,,165.55,,,511,84583.36,23,F1,1,,,,,
2026-06-30,2026-06-30,CM,NSE,STK,9111,INE955V01021,ARVINDFASN,EQ,,,,,ARVIND FASHIONS LIMITED,466.2,474.45,458.0,470.95,469.05,465.05,,470.95,,,229591,107218778.65,11777,F1,1,,,,,
2026-06-30,2026-06-30,CM,NSE,STK,193,INE034A01011,ARVIND,EQ,,,,,ARVIND LIMITED,556.2,600.0,552.25,587.1,583.0,549.5,,587.1,,,5470123,3207028363.2,141468,F1,1,,,,,
2026-06-30,2026-06-30,CM,NSE,STK,19587,INE0P4T01013,ARVINDPORT,ST,,,,,ARVIND PORT AND INFRA LTD,30.7,30.95,28.95,30.95,30.95,30.4,,30.95,,,9000,271575.0,5,F1,1500,,,,,
2026-06-30,2026-06-30,CM,NSE,STK,10457,INE034S01021,ARVSMART,EQ,,,,,ARVIND SMARTSPACES LTD,592.9,604.0,591.95,600.65,601.95,596.15,,600.65,,,22781,13628807.3,1076,F1,1,,,,,
2026-06-30,2026-06-30,CM,NSE,STK,5378,INE439A01020,ASAHIINDIA,EQ,,,,,ASAHI INDIA GLASS LIMITED,844.0,860.15,841.0,850.2,854.9,838.8,,850.2,,,123052,104744961.75,11097,F1,1,,,,,
2026-06-30,2026-06-30,CM,NSE,STK,25088,INE228I01012,ASAHISONG,EQ,,,,,ASAHI SONGWON COLOR LTD,249.83,259.02,249.83,251.44,251.0,249.42,,251.44,,,5460,1388197.95,502,F1,1,,,,,
2026-06-30,2026-06-30,CM,NSE,STK,15030,INE08KD01015,ASCOM,ST,,,,,ASCOM LEASIN & INVEST LTD,259.35,259.35,259.35,259.35,259.35,273.0,,259.35,,,3000,778050.0,6,F1,500,,,,,
2026-06-30,2026-06-30,CM,NSE,STK,24711,INE0LAA01017,ASHALOG,SM,,,,,ASHAPURA LOGISTICS LTD,55.7,55.7,55.7,55.7,55.7,54.0,,55.7,,,1000,55700.0,1,F1,1000,,,,,
2026-06-30,2026-06-30,CM,NSE,STK,203,INE348A01023,ASHAPURMIN,EQ,,,,,ASHAPURA MINECHEM LTD,673.95,673.95,659.6,661.1,662.0,672.05,,661.1,,,206946,137586864.75,8191,F1,1,,,,,
2026-06-30,2026-06-30,CM,NSE,STK,24403,INE365D01021,ASHIANA,EQ,,,,,ASHIANA HOUSING LTD,384.0,403.4,380.35,395.95,393.65,386.6,,396.05,,,126920,49710741.25,3590,F1,1,,,,,
2026-06-30,2026-06-30,CM,NSE,STK,762548,INE094B01013,ASHIKA,EQ,,,,,ASHIKA CREDIT CAPITAL L,376.8,388.25,375.8,381.75,383.5,374.0,,381.85,,,113529,43278120.85,1694,F1,1,,,,,
2026-06-30,2026-06-30,CM,NSE,STK,206,INE440A01010,ASHIMASYN,EQ,,,,,ASHIMA LTD,14.8,15.0,14.7,14.79,14.84,14.83,,14.79,,,41972,625275.64,140,F1,1,,,,,
2026-06-30,2026-06-30,CM,NSE,STK,212,INE208A01029,ASHOKLEY,EQ,,,,,ASHOK LEYLAND LTD,159.06,159.87,155.76,157.7,157.8,157.36,,157.7,,,21647894,3419371444.4,102882,F1,1,,,,,
2026-06-30,2026-06-30,CM,NSE,STK,20182,INE442H01029,ASHOKA,EQ,,,,,ASHOKA BUILDCON LTD,132.7,132.9,129.73,130.56,130.9,132.18,,130.56,,,711049,92910758.49,7244,F1,1,,,,,
2026-06-30,2026-06-30,CM,NSE,STK,16943,INE760Y01011,ASHOKAMET,EQ,,,,,ASHOKA METCAST LIMITED,15.12,15.33,14.62,14.85,15.33,15.05,,14.87,,,8701,129280.68,125,F1,1,,,,,
2026-06-30,2026-06-30,CM,NSE,STK,760418,INE1A6Q01010,ASHWINI,SM,,,,,ASHWINI CONTAINER MOVER L,170.0,174.0,170.0,170.75,170.5,170.0,,170.75,,,11000,1890500.0,11,F1,1000,,,,,
2026-06-30,2026-06-30,CM,NSE,STK,7030,INE276G01015,ASIANENE,EQ,,,,,ASIAN ENERGY SERVICES LTD,368.5,368.5,357.1,358.65,359.0,365.65,,358.65,,,156005,56163353.8,5654,F1,1,,,,,
2026-06-30,2026-06-30,CM,NSE,STK,14889,INE022I01019,ASIANTILES,EQ,,,,,ASIAN GRANITO IND. LTD.,55.61,55.61,52.07,54.1,54.3,55.61,,54.1,,,2555372,137858279.27,12155,F1,1,,,,,
2026-06-30,2026-06-30,CM,NSE,STK,19438,INE926K01017,AHLEAST,EQ,,,,,ASIAN HOTELS (EAST) LTD,148.25,148.98,144.3,144.63,144.3,146.63,,144.6,,,4344,633675.82,135,F1,1,,,,,
2026-06-30,2026-06-30,CM,NSE,STK,18422,INE363A01022,ASIANHOTNR,EQ,,,,,ASIAN HOTELS (NORTH) LTD,297.1,297.65,287.1,290.3,289.15,289.35,,290.3,,,7427,2168854.9,1165,F1,1,,,,,
2026-06-30,2026-06-30,CM,NSE,STK,19370,INE915K01010,AHLWEST,BE,,,,,ASIAN HOTELS (WEST) LTD,560.1,561.0,560.05,560.25,560.25,586.95,,560.25,,,63,35293.15,6,F1,1,,,,,
2026-06-30,2026-06-30,CM,NSE,STK,236,INE021A01026,ASIANPAINT,EQ,,,,,ASIAN PAINTS LIMITED,2658.0,2672.1,2630.3,2635.7,2640.0,2656.9,,2635.7,,,1821479,4829694186.8,78738,F1,1,,,,,
2026-06-30,2026-06-30,CM,NSE,STK,762553,INE194D01017,ASTAR,EQ,,,,,ASIAN STAR CO. LTD.,611.1,639.9,610.0,639.9,639.9,620.0,,637.75,,,84,51647.25,10,F1,1,,,,,
2026-06-30,2026-06-30,CM,NSE,STK,20152,INE491J01022,ASKAUTOLTD,EQ,,,,,ASK AUTOMOTIVE LIMITED,459.8,461.1,445.0,449.25,451.6,460.6,,449.25,,,182809,82792149.6,9112,F1,1,,,,,
2026-06-30,2026-06-30,CM,NSE,STK,17270,INE991I01015,ASPINWALL,EQ,,,,,ASPINWALL & CO LTD,255.9,255.9,244.1,247.1,247.0,251.57,,247.1,,,893,221929.36,40,F1,1,,,,,
2026-06-30,2026-06-30,CM,NSE,STK,23396,INE0S7801010,ASPIRE,SM,,,,,ASPIRE & INNOVATIVE ADV L,14.4,15.0,14.4,15.0,15.0,15.15,,15.0,,,6000,87700.0,3,F1,2000,,,,,
2026-06-30,2026-06-30,CM,NSE,STK,17598,INE073G01016,ASALCBR,EQ,,,,,ASSO ALCOHOLS & BREW LTD,858.05,880.0,848.0,876.7,879.0,857.4,,876.55,,,27301,23740059.05,1832,F1,1,,,,,
2026-06-30,2026-06-30,CM,NSE,STK,17728,INE563J01010,ASTEC,EQ,,,,,ASTEC LIFESCIENCES LTD,710.1,725.0,703.4,711.25,706.5,712.7,,711.25,,,20569,14622766.25,1780,F1,1,,,,,
2026-06-30,2026-06-30,CM,NSE,STK,1508,INE914M01019,ASTERDM,EQ,,,,,ASTER DM HEALTHCARE LTD.,773.9,793.95,767.35,784.45,783.0,765.7,,784.45,,,910727,715181480.55,35835,F1,1,,,,,
2026-06-30,2026-06-30,CM,NSE,STK,11618,INE386C01029,ASTRAMICRO,EQ,,,,,ASTRA MICROWAVE LTD,1737.9,1778.9,1725.0,1761.6,1766.7,1727.3,,1761.6,,,925878,1632041561.4,40832,F1,1,,,,,
2026-06-30,2026-06-30,CM,NSE,STK,14418,INE006I01046,ASTRAL,EQ,,,,,ASTRAL LIMITED,1381.6,1387.0,1329.0,1335.6,1331.3,1368.0,,1335.6,,,1726032,2326514555.7,129881,F1,1,,,,,
2026-06-30,2026-06-30,CM,NSE,STK,5610,INE203A01020,ASTRAZEN,EQ,,,,,ASTRAZENECA PHARMA IND LT,8060.0,8282.0,8060.0,8226.5,8226.0,8058.0,,8226.0,,,5638,46331994.5,1573,F1,1,,,,,
2026-06-30,2026-06-30,CM,NSE,STK,880,INE646X01014,ASTRON,BE,,,,,ASTRON PAPER BORD MIL LTD,3.96,3.96,3.81,3.85,3.88,3.88,,3.86,,,3698,14288.82,36,F1,1,,,,,
2026-06-30,2026-06-30,CM,NSE,STK,15649,INE0ALR01029,ATALREAL,EQ,,,,,ATAL REALTECH LIMITED,28.49,28.7,27.69,28.19,28.2,28.35,,28.19,,,8397572,236705802.76,6782,F1,1,,,,,
2026-06-30,2026-06-30,CM,NSE,STK,15404,INE09KD01013,ATAM,EQ,,,,,ATAM VALVES LIMITED,69.36,70.99,66.99,68.05,68.02,69.36,,68.07,,,9994,679823.89,242,F1,1,,,,,
2026-06-30,2026-06-30,CM,NSE,STK,756405,INE0V0Q01019,ATCENERGY,ST,,,,,ATC ENERGIES SYSTEM LTD,24.0,24.5,24.0,24.5,24.5,24.25,,24.5,,,4800,115800.0,4,F1,1200,,,,,
2026-06-30,2026-06-30,CM,NSE,STK,757645,INE0LEZ01016,ATHERENERG,EQ,,,,,ATHER ENERGY LIMITED,1092.95,1147.4,1069.0,1140.55,1110.0,1083.75,,1140.55,,,11196926,12569238874.25,281100,F1,1,,,,,
2026-06-30,2026-06-30,CM,NSE,STK,760953,IN90NN701011,ATLPP,E1,,,,,ATL RE.0.50 PPD UP,9.0,9.37,8.91,8.93,8.93,8.85,,8.93,,,275,2467.45,8,F1,1,,,,,
2026-06-30,2026-06-30,CM,NSE,STK,759007,INE0Z4F01028,ATLANTAELE,EQ,,,,,ATLANTA ELECTRICALS LTD,1803.0,1856.1,1790.0,1814.0,1815.0,1788.6,,1814.1,,,41934,76518154.3,5235,F1,1,,,,,
2026-06-30,2026-06-30,CM,NSE,STK,13585,INE285H01022,ATLANTAA,EQ,,,,,ATLANTAA LIMITED,39.88,39.88,38.5,38.65,38.53,39.1,,38.66,,,27376,1063154.0,546,F1,1,,,,,
2026-06-30,2026-06-30,CM,NSE,STK,4568,INE446A01025,ATLASCYCLE,EQ,,,,,ATLAS CYCLE (HARYANA) LTD,98.89,99.8,98.11,99.37,99.68,98.89,,99.38,,,4707,465975.35,85,F1,1,,,,,
2026-06-30,2026-06-30,CM,NSE,STK,22788,INE05DH01017,ATMASTCO,ST,,,,,ATMASTCO LIMITED,171.0,175.0,162.45,168.15,169.0,170.55,,168.15,,,27200,4549680.0,60,F1,400,,,,,
2026-06-30,2026-06-30,CM,NSE,STK,30023,INE951D01028,ATULAUTO,EQ,,,,,ATUL AUTO LIMITED,485.0,495.4,480.2,481.8,482.0,474.85,,481.75,,,294619,143216331.45,11229,F1,1,,,,,
2026-06-30,2026-06-30,CM,NSE,STK,263,INE100A01010,ATUL,EQ,,,,,ATUL LTD,6608.5,6630.0,6435.0,6464.5,6435.0,6608.5,,6465.0,,,24085,156444495.0,4628,F1,1,,,,,
2026-06-30,2026-06-30,CM,NSE,STK,21238,INE949L01017,AUBANK,EQ,,,,,AU SMALL FINANCE BANK LTD,1035.0,1043.8,1023.85,1037.05,1035.55,1030.45,,1037.05,,,1997809,2068394770.25,58492,F1,1,,,,,
2026-06-30,2026-06-30,CM,NSE,STK,1607,INE925Y01036,AURIGROW,EQ,,,,,AURI GROW INDIA LIMITED,0.3,0.3,0.29,0.29,0.29,0.3,,0.29,,,9096411,2643151.63,1307,F1,1,,,,,
2026-06-30,2026-06-30,CM,NSE,STK,12022,INE132H01018,AURIONPRO,EQ,,,,,AURIONPRO SOLN LTD,872.9,888.6,853.05,857.2,860.0,869.6,,857.15,,,117399,102240724.5,5397,F1,1,,,,,
2026-06-30,2026-06-30,CM,NSE,STK,15869,INE0NUL01018,AUROIMPEX,SM,,,,,AURO IMPEX & CHEMICALS L,24.75,26.95,24.75,26.95,26.95,25.75,,26.95,,,6400,165440.0,3,F1,1600,,,,,
2026-06-30,2026-06-30,CM,NSE,STK,275,INE406A01037,AUROPHARMA,EQ,,,,,AUROBINDO PHARMA LTD,1551.0,1588.9,1547.5,1578.7,1574.0,1547.5,,1578.7,,,3230823,5088482993.2,95049,F1,1,,,,,
2026-06-30,2026-06-30,CM,NSE,STK,10310,INE898S01029,AURUM,EQ,,,,,AURUM PROPTECH LIMITED,224.99,234.8,223.1,225.67,223.1,224.06,,225.62,,,430452,98637829.73,8035,F1,1,,,,,
2026-06-30,2026-06-30,CM,NSE,STK,9035,INE218C01016,AUSOMENT,BE,,,,,AUSOM ENTERPRISE LIMITED,114.48,116.0,112.26,114.82,114.82,114.48,,114.82,,,3651,413209.52,31,F1,1,,,,,
2026-06-30,2026-06-30,CM,NSE,STK,21451,INE0P0001010,APS,SM,,,,,AUSTRALIAN PREM SOLAR I L,302.0,302.0,294.0,296.4,295.5,302.0,,296.4,,,9000,2665525.0,34,F1,250,,,,,
2026-06-30,2026-06-30,CM,NSE,STK,23553,INE206F01022,AIIL,EQ,,,,,AUTHUM INVEST & INFRA LTD,521.9,529.6,515.35,524.35,524.1,518.05,,524.35,,,210239,110035852.4,10584,F1,1,,,,,
2026-06-30,2026-06-30,CM,NSE,STK,14110,INE718H01014,AUTOIND,BE,,,,,AUTOLINE INDUSTRIES LTD,84.96,84.97,80.73,81.5,82.35,84.97,,81.5,,,120384,9820102.3,432,F1,1,,,,,
2026-06-30,2026-06-30,CM,NSE,STK,278,INE449A01011,AUTOAXLES,EQ,,,,,AUTOMOTIVE AXLES LIMITED,1767.6,1800.0,1745.8,1769.2,1785.0,1767.6,,1769.2,,,13681,24132914.9,1372,F1,1,,,,,
2026-06-30,2026-06-30,CM,NSE,STK,10634,INE900C01027,ASAL,EQ,,,,,AUTOMOTIVE STAMPINGS & AS,508.95,539.65,508.05,520.05,520.0,508.45,,520.1,,,42905,22575016.1,2626,F1,1,,,,,
2026-06-30,2026-06-30,CM,NSE,STK,21410,INE349W01017,AVADHSUGAR,BE,,,,,AVADH SUG & ENERGY LTD,469.1,479.0,461.25,463.6,463.55,466.8,,463.6,,,12473,5828516.75,138,F1,1,,,,,
2026-06-30,2026-06-30,CM,NSE,STK,15058,INE0LCL01028,AVALON,EQ,,,,,AVALON TECHNOLOGIES LTD,1798.0,1838.5,1788.0,1801.9,1803.0,1784.7,,1801.9,,,361945,655791795.7,35806,F1,1,,,,,
2026-06-30,2026-06-30,CM,NSE,STK,760736,INE1KU201016,AVANA,ST,,,,,AVANA ELECTROSYSTEMS LTD,121.0,121.0,117.0,117.55,117.0,120.95,,117.55,,,12000,1424600.0,6,F1,2000,,,,,
2026-06-30,2026-06-30,CM,NSE,STK,24610,INE005B01027,AVANTEL,EQ,,,,,AVANTEL LIMITED,171.8,181.31,171.76,179.12,179.9,171.76,,179.12,,,4042259,720283190.05,33195,F1,1,,,,,
2026-06-30,2026-06-30,CM,NSE,STK,7936,INE871C01038,AVANTIFEED,EQ,,,,,AVANTI FEEDS LIMITED,940.4,944.0,920.9,932.4,933.0,934.9,,932.4,,,512352,477461645.1,22093,F1,1,,,,,
2026-06-30,2026-06-30,CM,NSE,STK,20503,INE617I01024,AVATAR,ST,,,,,AVATAR INDUSTRIES LIMITED,177.35,177.35,177.35,177.35,177.35,168.95,,177.35,,,2000,354700.0,1,F1,2000,,,,,
2026-06-30,2026-06-30,CM,NSE,STK,19913,INE192R01011,DMART,EQ,,,,,AVENUE SUPERMARTS LIMITED,4357.9,4402.0,4312.5,4380.7,4364.1,4357.0,,4380.7,,,379455,1659432472.2,36786,F1,1,,,,,
2026-06-30,2026-06-30,CM,NSE,STK,16249,INE483S01020,CCAVENUE,EQ,,,,,AVENUESAI LIMITED,16.98,17.06,16.4,16.49,16.46,16.79,,16.49,,,13092351,217266271.56,15773,F1,1,,,,,
2026-06-30,2026-06-30,CM,NSE,STK,15589,INE680Z01018,AVG,EQ,,,,,AVG LOGISTICS LIMITED,181.12,206.19,181.01,202.68,202.56,178.73,,202.68,,,938929,187587492.36,15936,F1,1,,,,,
2026-06-30,2026-06-30,CM,NSE,STK,25520,INE0TFB01017,AVIANSH,SM,,,,,AVI ANSH TEXTILE LIMITED,108.0,108.0,107.05,107.05,107.05,109.0,,107.05,,,2000,215050.0,2,F1,1000,,,,,
2026-06-30,2026-06-30,CM,NSE,STK,755219,INE0V9I01017,AVIENCE,ST,,,,,AVIENCE BIOMEDICALS LTD,374.55,374.55,374.55,374.55,374.55,394.25,,374.55,,,3600,1348380.0,6,F1,600,,,,,
2026-06-30,2026-06-30,CM,NSE,STK,14069,INE855F01042,ASMS,BE,,,,,AVIO SMART MRKT STACK LTD,7.05,7.21,7.01,7.12,7.15,7.14,,7.12,,,162474,1155900.58,387,F1,1,,,,,
2026-06-30,2026-06-30,CM,NSE,STK,13557,INE323B01024,AVONMORE,EQ,,,,,AVONMORE CAP&MGT SERV LTD,10.46,10.46,10.02,10.25,10.29,10.17,,10.26,,,112604,1149038.27,288,F1,1,,,,,
2026-06-30,2026-06-30,CM,NSE,STK,23159,INE0R9401019,AVPINFRA,SM,,,,,AVP INFRACON LIMITED,67.0,68.55,66.8,67.3,67.7,67.65,,67.3,,,28800,1937840.0,25,F1,800,,,,,
2026-06-30,2026-06-30,CM,NSE,STK,8827,INE652Z01025,AVROIND,EQ,,,,,AVRO INDIA LIMITED,10.35,10.6,10.06,10.35,10.43,10.18,,10.34,,,169102,1748890.59,742,F1,1,,,,,
2026-06-30,2026-06-30,CM,NSE,STK,14008,INE488D01021,AVTNPL,EQ,,,,,AVT NATURAL PRODUCTS LTD,71.7,71.7,69.6,70.86,70.35,71.16,,70.86,,,38038,2684149.65,713,F1,1,,,,,
2026-06-30,2026-06-30,CM,NSE,STK,23864,INE108V01019,AWFIS,EQ,,,,,AWFIS SPACE SOLUTIONS LTD,293.75,304.4,290.55,302.4,302.95,294.3,,302.4,,,211346,62876864.3,4038,F1,1,,,,,
2026-06-30,2026-06-30,CM,NSE,STK,8110,INE699H01024,AWL,EQ,,,,,AWL AGRI BUSINESS LIMITED,183.0,184.2,179.71,183.61,183.66,182.67,,183.6,,,1645958,299836778.55,22371,F1,1,,,,,
2026-06-30,2026-06-30,CM,NSE,STK,5900,INE238A01034,AXISBANK,EQ,,,,,AXIS BANK LIMITED,1357.7,1375.0,1343.6,1345.7,1351.5,1356.8,,1345.7,,,7781221,10545061317.5,162496,F1,1,,,,,
2026-06-30,2026-06-30,CM,NSE,STK,20532,INF846K01W80,AXISGOLD,EQ,,,,,AXIS MF - AXIS GOLD ETF,117.36,117.36,115.1,116.78,117.0,117.36,,116.78,,,2099195,243239788.48,7963,F1,1,,,,,
2026-06-30,2026-06-30,CM,NSE,STK,1044,INF846K01X63,AXISBNKETF,EQ,,,,,AXISAMC - AXISBNKETF,595.38,598.44,592.23,594.69,595.52,595.38,,594.69,,,5278,3138762.51,41,F1,1,,,,,
2026-06-30,2026-06-30,CM,NSE,STK,5732,INF846K016C7,AXISCETF,EQ,,,,,AXISAMC - AXISCETF,117.84,120.19,117.84,118.26,118.4,118.77,,118.26,,,1309,156007.83,42,F1,1,,,,,
2026-06-30,2026-06-30,CM,NSE,STK,3608,INF846K01Z12,AXISHCETF,EQ,,,,,AXISAMC - AXISHCETF,167.83,167.83,164.0,164.75,164.44,163.74,,164.75,,,1724,283885.89,74,F1,1,,,,,
2026-06-30,2026-06-30,CM,NSE,STK,11193,INF846K011K1,AXISILVER,EQ,,,,,AXISAMC - AXISILVER,217.93,222.75,214.88,221.08,221.87,216.43,,221.08,,,412329,90630925.28,9182,F1,1,,,,,
2026-06-30,2026-06-30,CM,NSE,STK,21252,INF846K01W98,AXISNIFTY,EQ,,,,,AXISAMC - AXISNIFTY,264.44,265.32,263.38,263.77,263.97,264.44,,263.77,,,6496,1714504.36,384,F1,1,,,,,
2026-06-30,2026-06-30,CM,NSE,STK,3010,INF846K01Y96,AXISTECETF,EQ,,,,,AXISAMC - AXISTECETF,296.01,296.16,289.0,289.66,292.51,297.28,,289.66,,,9724,2831579.25,201,F1,1,,,,,
2026-06-30,2026-06-30,CM,NSE,STK,30155,INF846KA1119,AXISVALUE,EQ,,,,,AXISAMC - AXISVALUE,33.18,33.38,32.82,32.89,32.83,32.87,,32.9,,,49100,1621121.39,332,F1,1,,,,,
2026-06-30,2026-06-30,CM,NSE,STK,14742,INF846K010Q0,AXSENSEX,EQ,,,,,AXISAMC - AXSENSEX,80.18,80.18,78.31,79.38,79.47,79.35,,79.38,,,2862,226694.77,64,F1,1,,,,,
2026-06-30,2026-06-30,CM,NSE,STK,9436,INE555B01013,AXISCADES,EQ,,,,,AXISCADES TECH LTD,1740.0,1784.0,1662.0,1703.4,1716.0,1699.1,,1688.6,,,1589144,2724617667.9,34792,F1,1,,,,,
2026-06-30,2026-06-30,CM,NSE,STK,9902,INE02EZ01022,AXITA,EQ,,,,,AXITA COTTON LIMITED,7.62,7.71,7.46,7.53,7.57,7.53,,7.53,,,631711,4792321.67,1213,F1,1,,,,,
2026-06-30,2026-06-30,CM,NSE,STK,760981,INE501X01029,AYE,EQ,,,,,AYE FINANCE LIMITED,178.4,182.0,171.65,173.7,177.5,176.6,,173.69,,,1352695,238819831.76,57742,F1,1,,,,,
2026-06-30,2026-06-30,CM,NSE,STK,10285,INE193B01039,AYMSYNTEX,EQ,,,,,AYM SYNTEX LIMITED,219.79,237.7,216.61,234.86,237.7,216.95,,235.25,,,68026,15721003.13,2507,F1,1,,,,,
2026-06-30,2026-06-30,CM,NSE,STK,20905,INE02IJ01035,AZAD,EQ,,,,,AZAD ENGINEERING LIMITED,1994.9,2063.5,1986.3,2055.3,2055.0,1984.0,,2055.3,,,364819,738701736.3,22324,F1,1,,,,,
2026-06-30,2026-06-30,CM,NSE,STK,762613,INE489D01011,BNALTD,EQ,,,,,B & A LTD.,335.0,335.05,335.0,335.05,335.05,335.3,,340.7,,,25,8375.6,3,F1,1,,,,,
2026-06-30,2026-06-30,CM,NSE,STK,12153,INE01EE01011,BBTCL,EQ,,,,,B&B TRIPLEWALL CONT LTD,219.0,222.0,213.6,221.42,222.0,216.06,,221.42,,,11544,2528763.36,264,F1,1,,,,,
2026-06-30,2026-06-30,CM,NSE,STK,11226,INE116D01028,BAGFILMS,EQ,,,,,B.A.G FILMS AND MEDIA LTD,4.45,4.63,4.45,4.53,4.6,4.5,,4.54,,,42418,192760.59,196,F1,1,,,,,
2026-06-30,2026-06-30,CM,NSE,STK,759420,INE17CQ01015,BAGDIGITAL,SM,,,,,B.A.G.CONVERGENCE LIMITED,109.0,109.0,109.0,109.0,109.0,111.7,,109.0,,,3200,348800.0,2,F1,1600,,,,,
2026-06-30,2026-06-30,CM,NSE,STK,13290,INE350H01032,BLKASHYAP,EQ,,,,,B.L.KASHYAP & SON LTD,54.85,54.9,53.81,54.61,54.7,54.64,,54.62,,,167005,9096806.66,1556,F1,1,,,,,
2026-06-30,2026-06-30,CM,NSE,STK,25116,INE01FR01028,STYLEBAAZA,BE,,,,,BAAZAR STYLE RETAIL LTD,252.7,279.2,252.7,279.2,279.2,265.95,,279.2,,,858406,219122156.8,1057,F1,1,,,,,
2026-06-30,2026-06-30,CM,NSE,STK,20141,INE0QW501012,BABAFP,SM,,,,,BABA FOOD PROCESSING,25.0,25.0,25.0,25.0,25.0,25.0,,25.0,,,3200,80000.0,2,F1,1600,,,,,
2026-06-30,2026-06-30,CM,NSE,STK,17735,INE878I01022,BAFNAPH,BE,,,,,BAFNA PHARMACEUTICALS LTD,212.0,214.63,204.41,214.63,214.63,204.41,,215.5,,,26326,5601970.79,260,F1,1,,,,,
2026-06-30,2026-06-30,CM,NSE,STK,763363,INE2OVN25015,BAGMANE,RR,,,,,BAGMANE PRIME OFFICE REIT,103.19,104.75,102.63,103.79,103.45,102.93,,103.79,,,1662281,172821647.23,19604,F1,1,,,,,
2026-06-30,2026-06-30,CM,NSE,STK,12989,INE029Q01017,BAHETI,SM,,,,,BAHETI RECYCLING IND LTD,719.0,727.0,708.0,723.95,724.0,709.95,,723.95,,,39000,27931500.0,87,F1,375,,,,,
2026-06-30,2026-06-30,CM,NSE,STK,13794,INE020D01022,BAIDFIN,EQ,,,,,BAID FINSERV LIMITED,9.99,10.1,9.81,9.94,9.91,9.99,,9.94,,,34696,345968.88,123,F1,1,,,,,
2026-06-30,2026-06-30,CM,NSE,STK,16669,INE917I01010,BAJAJ-AUTO,EQ,,,,,BAJAJ AUTO LIMITED,9665.0,9750.0,9501.0,9716.0,9692.0,9630.0,,9716.0,,,430959,4161560385.0,68474,F1,1,,,,,
2026-06-30,2026-06-30,CM,NSE,STK,19531,INE933K01021,BAJAJCON,EQ,,,,,BAJAJ CONSUMER CARE LTD,602.5,605.3,594.5,599.0,600.9,597.15,,599.0,,,405339,243160302.25,11117,F1,1,,,,,
2026-06-30,2026-06-30,CM,NSE,STK,15034,INE193E01025,BAJAJELEC,EQ,,,,,BAJAJ ELECT.LTD,316.0,323.0,314.45,319.5,320.0,317.1,,319.5,,,82568,26331356.4,3855,F1,1,,,,,
2026-06-30,2026-06-30,CM,NSE,STK,317,INE296A01032,BAJFINANCE,EQ,,,,,BAJAJ FINANCE LIMITED,986.9,1010.95,977.7,1004.75,1007.0,982.05,,1004.75,,,12445420,12440731055.4,261356,F1,1,,,,,
2026-06-30,2026-06-30,CM,NSE,STK,16675,INE918I01026,BAJAJFINSV,EQ,,,,,BAJAJ FINSERV LTD.,1760.0,1799.0,1754.2,1780.2,1770.0,1759.3,,1780.3,,,1234164,2195405988.0,54978,F1,1,,,,,
2026-06-30,2026-06-30,CM,NSE,STK,6863,INE411U01027,BAJAJHCARE,EQ,,,,,BAJAJ HEALTHCARE LIMITED,357.6,364.6,346.9,351.45,350.0,352.65,,351.45,,,1907336,675582862.4,27414,F1,1,,,,,
2026-06-30,2026-06-30,CM,NSE,STK,308,INE306A01021,BAJAJHIND,EQ,,,,,BAJAJ HINDUSTHAN SUGAR LT,18.05,18.08,17.47,17.65,17.72,18.01,,17.65,,,7158610,126526225.24,11058,F1,1,,,,,
2026-06-30,2026-06-30,CM,NSE,STK,305,INE118A01012,BAJAJHLDNG,EQ,,,,,BAJAJ HOLDINGS & INVS LTD,10545.0,10670.0,10385.0,10603.0,10626.0,10592.0,,10603.0,,,92118,972496077.0,15058,F1,1,,,,,
2026-06-30,2026-06-30,CM,NSE,STK,25270,INE377Y01014,BAJAJHFL,EQ,,,,,BAJAJ HOUSING FINANCE LTD,87.1,88.06,86.3,87.5,87.6,86.79,,87.5,,,3524800,307319103.01,25353,F1,1,,,,,
2026-06-30,2026-06-30,CM,NSE,STK,762563,INE704G01024,BAJAJST,EQ,,,,,BAJAJ STEEL INDS. LTD.,408.75,418.85,405.05,410.55,418.85,405.8,,410.95,,,11864,4890246.85,570,F1,1,,,,,
2026-06-30,2026-06-30,CM,NSE,STK,20531,INE0KQN01018,BAJEL,EQ,,,,,BAJEL PROJECTS LIMITED,194.19,195.26,192.0,193.02,194.0,192.37,,193.02,,,87537,16915530.89,1492,F1,1,,,,,
2026-06-30,2026-06-30,CM,NSE,STK,13441,INE083D01012,BALPHARMA,EQ,,,,,BAL PHARMA LTD.,79.2,81.0,78.2,79.55,78.5,79.32,,79.58,,,47443,3799981.41,951,F1,1,,,,,
2026-06-30,2026-06-30,CM,NSE,STK,14501,INE050E01027,BALAMINES,EQ,,,,,BALAJI AMINES LIMITED,1900.0,2057.8,1900.0,2035.9,2050.0,1892.2,,2035.6,,,251446,502994982.4,24422,F1,1,,,,,
2026-06-30,2026-06-30,CM,NSE,STK,30030,INE0PQ601019,BALAJIPHOS,SM,,,,,BALAJI PHOSPHATES LIMITED,91.8,91.8,91.8,91.8,91.8,94.25,,91.8,,,1000,91800.0,1,F1,1000,,,,,
2026-06-30,2026-06-30,CM,NSE,STK,9158,INE794B01026,BALAJITELE,EQ,,,,,BALAJI TELEFILMS LIMITED.,86.75,89.09,86.75,88.26,88.48,86.61,,88.25,,,73606,6488666.1,927,F1,1,,,,,
2026-06-30,2026-06-30,CM,NSE,STK,11314,INE618N01022,BALAXI,BE,,,,,BALAXI PHARMA LTD,23.7,24.08,23.0,23.91,23.99,23.59,,23.91,,,50689,1196770.46,181,F1,1,,,,,
2026-06-30,2026-06-30,CM,NSE,STK,335,INE787D01026,BALKRISIND,EQ,,,,,BALKRISHNA IND. LTD,2200.0,2208.0,2142.6,2180.4,2178.0,2167.6,,2180.5,,,102008,222633832.0,19894,F1,1,,,,,
2026-06-30,2026-06-30,CM,NSE,STK,10181,INE875R01011,BALKRISHNA,EQ,,,,,BALKRISHNA PAPER MILLS L,18.57,19.0,18.17,18.91,18.99,18.57,,18.91,,,13009,243175.07,84,F1,1,,,,,
2026-06-30,2026-06-30,CM,NSE,STK,338,INE164A01016,BALMLAWRIE,EQ,,,,,BALMER LAWRIE & CO LTD,184.05,184.98,181.3,182.34,183.0,182.91,,182.33,,,61899,11279984.69,1912,F1,1,,,,,
2026-06-30,2026-06-30,CM,NSE,STK,762603,INE525F01025,BLIL,EQ,,,,,BALMER LAWRIE INVSTS. L,71.75,71.75,71.25,71.44,71.33,71.67,,71.44,,,101319,7249010.88,684,F1,1,,,,,
2026-06-30,2026-06-30,CM,NSE,STK,341,INE119A01028,BALRAMCHIN,EQ,,,,,BALRAMPUR CHINI MILLS LTD,527.5,565.0,527.5,554.95,559.7,527.1,,555.0,,,906822,495721626.5,25813,F1,1,,,,,
2026-06-30,2026-06-30,CM,NSE,STK,23607,INE011E01029,BALUFORGE,EQ,,,,,BALU FORGE INDUSTRIES LTD,459.0,469.0,454.2,466.6,465.2,456.15,,466.65,,,433371,200984649.95,11882,F1,1,,,,,
2026-06-30,2026-06-30,CM,NSE,STK,347,INE655B01011,BANARBEADS,EQ,,,,,BANARAS BEADS LTD,103.9,103.9,100.0,100.71,100.79,101.01,,100.71,,,1507,152523.36,59,F1,1,,,,,
2026-06-30,2026-06-30,CM,NSE,STK,13880,INE213C01025,BANCOINDIA,EQ,,,,,BANCO PRODUCTS (I) LTD,656.45,681.0,656.45,670.35,669.0,653.35,,670.35,,,232758,156521251.7,9056,F1,1,,,,,
2026-06-30,2026-06-30,CM,NSE,STK,2263,INE545U01014,BANDHANBNK,EQ,,,,,BANDHAN BANK LIMITED,199.85,205.18,199.61,204.18,204.0,202.33,,204.18,,,11101201,2255910779.68,54695,F1,1,,,,,
2026-06-30,2026-06-30,CM,NSE,STK,760325,INF194KB1KJ7,GOLDBND,EQ,,,,,BANDHANAMC - GOLDBND,140.21,140.72,137.41,140.3,140.64,140.96,,140.29,,,44128,6157435.18,392,F1,1,,,,,
2026-06-30,2026-06-30,CM,NSE,STK,18783,INF194KA1U07,IDFNIFTYET,EQ,,,,,BANDHANAMC - IDFNIFTYET,265.18,265.18,262.65,263.64,263.68,264.48,,263.64,,,2966,781127.15,32,F1,1,,,,,
2026-06-30,2026-06-30,CM,NSE,STK,760328,INF194KB1KI9,SILVERBND,EQ,,,,,BANDHANAMC - SILVERBND,219.33,224.66,216.89,222.94,223.84,218.24,,222.84,,,71773,15865446.07,826,F1,1,,,,,
2026-06-30,2026-06-30,CM,NSE,STK,15303,INE863I01016,BANG,EQ,,,,,BANG OVERSEAS LTD.,27.7,30.9,27.1,29.35,29.38,27.58,,29.35,,,432217,12554653.05,2976,F1,1,,,,,
2026-06-30,2026-06-30,CM,NSE,STK,4668,INE028A01039,BANKBARODA,EQ,,,,,BANK OF BARODA,273.8,276.0,271.9,272.4,273.3,272.8,,272.4,,,11512561,3148965061.95,64892,F1,1,,,,,
2026-06-30,2026-06-30,CM,NSE,STK,4745,INE084A01016,BANKINDIA,EQ,,,,,BANK OF INDIA,143.0,143.5,140.1,140.4,140.75,142.55,,140.4,,,7187490,1013997614.35,38635,F1,1,,,,,
2026-06-30,2026-06-30,CM,NSE,STK,11377,INE457A01014,MAHABANK,EQ,,,,,BANK OF MAHARASHTRA,93.65,93.65,90.61,91.44,91.3,93.85,,91.44,,,18305341,1677142026.96,74123,F1,1,,,,,
2026-06-30,2026-06-30,CM,NSE,STK,828,INE862Y01015,BANKA,BE,,,,,BANKA BIOLOO LIMITED,89.55,94.5,89.0,94.36,94.5,90.0,,94.36,,,6764,638066.34,43,F1,1,,,,,
2026-06-30,2026-06-30,CM,NSE,STK,12034,INE186H01022,BASML,EQ,,,,,BANNARI AM SPIN MILL LTD.,27.5,29.25,27.11,28.05,28.05,27.46,,28.05,,,393820,11157847.29,2915,F1,1,,,,,
2026-06-30,2026-06-30,CM,NSE,STK,350,INE459A01010,BANARISUG,EQ,,,,,BANNARI AMMAN SUGARS LTD,3429.1,3459.9,3425.0,3429.1,3426.0,3429.9,,3429.1,,,1002,3453806.4,69,F1,1,,,,,
2026-06-30,2026-06-30,CM,NSE,STK,24386,INE0B9K01025,BANSALWIRE,EQ,,,,,BANSAL WIRE INDUSTRIES L,334.0,349.9,334.0,340.35,339.7,333.8,,340.35,,,534405,183384122.9,11725,F1,1,,,,,
2026-06-30,2026-06-30,CM,NSE,STK,14511,INE629D01020,BANSWRAS,EQ,,,,,BANSWARA SYNTEX LIMITED,130.25,135.8,130.2,134.08,134.45,131.79,,134.02,,,27215,3635661.83,504,F1,1,,,,,
2026-06-30,2026-06-30,CM,NSE,STK,15073,INE139I01011,BVCL,EQ,,,,,BARAK VALLEY CEM. LTD.,41.7,41.75,40.85,41.06,41.06,41.63,,41.06,,,10359,430053.15,67,F1,1,,,,,
2026-06-30,2026-06-30,CM,NSE,STK,29176,INE0QX401014,BARFLEX,SM,,,,,BARFLEX POLYFILMS LIMITED,58.45,58.45,55.2,55.5,55.5,57.6,,55.5,,,16000,907400.0,8,F1,2000,,,,,
2026-06-30,2026-06-30,CM,NSE,STK,24117,INF251K01TL6,BBNPNBETF,EQ,,,,,BARODABNP - BBNPNBETF,58.0,59.0,57.2,58.23,58.23,58.37,,58.2,,,494,28691.51,18,F1,1,,,,,
2026-06-30,2026-06-30,CM,NSE,STK,20547,INF251K01SU9,BBNPPGOLD,EQ,,,,,BARODABNP - BBNPPGOLD,134.05,136.25,131.3,135.6,136.25,135.4,,135.6,,,91609,12304726.25,122,F1,1,,,,,
2026-06-30,2026-06-30,CM,NSE,STK,368,INE373A01013,BASF,EQ,,,,,BASF INDIA LTD,3647.0,3664.4,3589.0,3603.8,3590.1,3636.4,,3603.8,,,13951,50438988.4,3005,F1,1,,,,,
2026-06-30,2026-06-30,CM,NSE,STK,18442,INE0OCC01013,BASILIC,SM,,,,,BASILIC FLY STUDIO LTD,203.5,204.9,200.75,201.8,203.5,200.7,,201.8,,,20700,4204770.0,41,F1,300,,,,,
2026-06-30,2026-06-30,CM,NSE,STK,371,INE176A01028,BATAINDIA,EQ,,,,,BATA INDIA LTD,696.3,698.95,681.25,683.95,685.0,696.3,,683.95,,,239558,164097695.5,12238,F1,1,,,,,
2026-06-30,2026-06-30,CM,NSE,STK,762568,INE177C01022,BATLIBOI,EQ,,,,,BATLIBOI LTD.,84.69,84.69,82.5,82.84,82.55,84.69,,82.92,,,10957,910569.73,221,F1,1,,,,,
2026-06-30,2026-06-30,CM,NSE,STK,22574,INE0JFJ01011,BAWEJA,ST,,,,,BAWEJA STUDIOS LIMITED,28.7,29.9,28.65,29.9,29.9,29.9,,29.9,,,5600,162600.0,7,F1,800,,,,,
2026-06-30,2026-06-30,CM,NSE,STK,17927,INE462A01022,BAYERCROP,EQ,,,,,BAYER CROPSCIENCE LTD,4110.0,4174.8,4076.3,4146.5,4150.0,4066.5,,4146.5,,,35483,146864623.2,7720,F1,1,,,,,
2026-06-30,2026-06-30,CM,NSE,STK,2513,INE412G01024,BCLIND,EQ,,,,,BCL INDUSTRIES LIMITED,33.87,34.85,33.76,33.84,33.8,33.8,,33.84,,,880913,30118434.26,4277,F1,1,,,,,
2026-06-30,2026-06-30,CM,NSE,STK,761494,INE00SW01015,BCPL,EQ,,,,,BCPL RAILWAY INFRA LTD,73.44,73.8,72.15,73.39,73.8,73.45,,73.39,,,7834,569944.89,499,F1,1,,,,,
2026-06-30,2026-06-30,CM,NSE,STK,23925,INE639X01027,BEACON,ST,,,,,BEACON TRUSTEESHIP LTD,90.0,92.9,90.0,92.9,92.9,90.0,,92.9,,,5000,458600.0,4,F1,1000,,,,,
2026-06-30,2026-06-30,CM,NSE,STK,17933,INE520H01022,BEARDSELL,EQ,,,,,BEARDSELL LIMITED,30.41,31.0,28.95,29.13,28.95,29.91,,29.13,,,26444,787866.23,233,F1,1,,,,,
2026-06-30,2026-06-30,CM,NSE,STK,20196,INE844K01012,BEDMUTHA,EQ,,,,,BEDMUTHA INDUST LTD,107.2,109.0,107.2,107.91,107.6,107.33,,107.91,,,238,25674.95,9,F1,1,,,,,
2026-06-30,2026-06-30,CM,NSE,STK,762573,INE213D01015,BEEKAY,EQ,,,,,BEEKAY STEEL INDS. LTD.,406.0,415.0,398.0,409.05,412.4,399.85,,403.0,,,53616,21809315.85,215,F1,1,,,,,
2026-06-30,2026-06-30,CM,NSE,STK,757938,INE344T01014,BELLACASA,EQ,,,,,BELLA CASA FASH AND RET L,260.0,278.97,260.0,274.83,275.5,258.38,,274.78,,,30525,8157056.52,975,F1,1,,,,,
2026-06-30,2026-06-30,CM,NSE,STK,757102,INE894V01022,BELRISE,EQ,,,,,BELRISE INDUSTRIES LTD,241.48,245.89,237.01,238.57,238.68,240.46,,238.49,,,2779028,663783553.56,31721,F1,1,,,,,
2026-06-30,2026-06-30,CM,NSE,STK,15067,INE0N7W01012,BLAL,EQ,,,,,BEML LAND ASSETS LIMITED,180.59,183.6,178.0,180.42,183.6,180.59,,180.57,,,15737,2833996.69,572,F1,1,,,,,
2026-06-30,2026-06-30,CM,NSE,STK,395,INE258A01024,BEML,EQ,,,,,BEML LIMITED,1719.5,1770.0,1713.1,1760.4,1763.2,1709.2,,1760.4,,,388331,679416026.3,28374,F1,1,,,,,
2026-06-30,2026-06-30,CM,NSE,STK,762578,INE083K01017,BENGALASM,EQ,,,,,BENGAL & ASSAM CO. LTD.,6297.5,6469.5,6251.0,6314.0,6310.5,6258.0,,6314.0,,,208,1320298.0,105,F1,1,,,,,
2026-06-30,2026-06-30,CM,NSE,STK,404,INE463A01038,BERGEPAINT,EQ,,,,,BERGER PAINTS (I) LTD,522.0,526.35,508.75,510.1,510.95,518.3,,510.1,,,506186,260534286.1,20467,F1,1,,,,,
2026-06-30,2026-06-30,CM,NSE,STK,2306,INE052T01021,BESTAGRO,EQ,,,,,BEST AGROLIFE LIMITED,15.21,16.27,15.04,15.43,15.4,14.81,,15.43,,,5458179,84841126.38,12838,F1,1,,,,,
2026-06-30,2026-06-30,CM,NSE,STK,759842,INE351Y01019,BETA,EQ,,,,,BETA DRUGS LIMITED,2195.0,2240.0,2107.2,2184.7,2198.0,2163.1,,2184.7,,,27004,59271584.7,3135,F1,1,,,,,
2026-06-30,2026-06-30,CM,NSE,STK,5662,INE0HQI01014,BEWLTD,SM,,,,,BEW ENGINEERING LIMITED,61.75,64.1,57.5,59.55,59.5,61.7,,59.55,,,58000,3473025.0,90,F1,500,,,,,
2026-06-30,2026-06-30,CM,NSE,STK,21113,INE878K01010,BFINVEST,EQ,,,,,BF INVESTMENT LIMITED,449.3,450.85,445.6,446.7,446.2,446.85,,446.7,,,14166,6335261.7,655,F1,1,,,,,
2026-06-30,2026-06-30,CM,NSE,STK,14567,INE243D01012,BFUTILITIE,EQ,,,,,BF UTILITIES LIMITED,609.65,619.9,603.0,608.5,608.15,605.1,,608.5,,,46352,28227618.1,2430,F1,1,,,,,
2026-06-30,2026-06-30,CM,NSE,STK,21986,INF0QA701714,BANKBETF,EQ,,,,,BFAM - BANKBETF,58.7,58.82,58.37,58.54,58.7,58.66,,58.54,,,27957,1635111.03,167,F1,1,,,,,
2026-06-30,2026-06-30,CM,NSE,STK,23915,INF0QA701854,LIQUIDBETF,EQ,,,,,BFAM - LIQUIDBETF,1088.06,1088.08,1088.06,1088.07,1088.08,1087.93,,1088.07,,,162877,177222119.13,144,F1,1,,,,,
2026-06-30,2026-06-30,CM,NSE,STK,21959,INF0QA701722,NIFTYBETF,EQ,,,,,BFAM - NIFTYBETF,246.1,246.74,244.7,245.31,245.27,246.1,,245.31,,,1299,318895.32,67,F1,1,,,,,
2026-06-30,2026-06-30,CM,NSE,STK,15193,INE661I01014,BGRENERGY,BE,,,,,BGR ENERGY SYSTEMS LTD,305.0,314.0,300.7,308.95,311.0,303.45,,308.95,,,39262,12117431.55,471,F1,1,,,,,
2026-06-30,2026-06-30,CM,NSE,STK,758225,INE0ZRC01017,BHADORA,SM,,,,,BHADORA INDUSTRIES LTD,85.0,92.0,85.0,88.95,88.2,83.75,,88.95,,,34800,3094020.0,24,F1,1200,,,,,
2026-06-30,2026-06-30,CM,NSE,STK,13427,INE354C01027,BHAGERIA,BE,,,,,BHAGERIA INDUSTRIES LTD,197.78,216.5,197.78,211.01,216.5,208.18,,210.95,,,87243,18061316.44,462,F1,1,,,,,
2026-06-30,2026-06-30,CM,NSE,STK,6164,INE414D01027,BHAGCHEM,EQ,,,,,BHAGIRADHA CHEM & INDS L,283.5,293.99,280.16,291.05,292.0,282.5,,291.07,,,214474,61881329.2,2889,F1,1,,,,,
2026-06-30,2026-06-30,CM,NSE,STK,20799,INE458B01036,BHAGYANGR,BE,,,,,BHAGYANAGAR INDIA LIMITED,407.0,432.3,405.55,431.85,432.0,411.75,,431.75,,,179911,76801813.0,2604,F1,1,,,,,
2026-06-30,2026-06-30,CM,NSE,STK,19560,INE474E01029,BHANDARI,BE,,,,,BHANDARI HOSIERY EXP LTD,2.98,3.04,2.83,2.94,2.93,2.97,,2.93,,,236200,689439.62,253,F1,1,,,,,
2026-06-30,2026-06-30,CM,NSE,STK,419,INE922A01025,BEPL,EQ,,,,,BHANSALI ENG. POLYMERS LT,99.1,100.45,98.97,99.42,99.51,98.88,,99.42,,,416467,41479081.32,4631,F1,1,,,,,
2026-06-30,2026-06-30,CM,NSE,STK,13761,INE464A01036,BBL,EQ,,,,,BHARAT BIJLEE LTD,2797.0,2918.0,2794.4,2884.9,2880.0,2784.5,,2885.0,,,37730,108262063.8,4272,F1,1,,,,,
2026-06-30,2026-06-30,CM,NSE,STK,760726,INE05XR01022,BHARATCOAL,EQ,,,,,BHARAT COKING COAL LTD,39.68,40.09,39.23,39.33,39.48,39.47,,39.33,,,11695958,462283652.61,22354,F1,1,,,,,
2026-06-30,2026-06-30,CM,NSE,STK,2144,INE171Z01026,BDL,EQ,,,,,BHARAT DYNAMICS LIMITED,1335.1,1388.8,1335.1,1368.4,1377.7,1335.1,,1368.4,,,1879246,2580198471.9,59146,F1,1,,,,,
2026-06-30,2026-06-30,CM,NSE,STK,383,INE263A01024,BEL,EQ,,,,,BHARAT ELECTRONICS LTD,413.5,414.45,408.5,411.8,412.6,411.6,,411.8,,,14611849,6015341555.6,139266,F1,1,,,,,
2026-06-30,2026-06-30,CM,NSE,STK,422,INE465A01025,BHARATFORG,EQ,,,,,BHARAT FORGE LTD,2114.1,2166.1,2056.1,2144.1,2150.1,2170.9,,2144.2,,,2138525,4546083341.7,94460,F1,1,,,,,
2026-06-30,2026-06-30,CM,NSE,STK,426,INE561C01019,BHARATGEAR,EQ,,,,,BHARAT GEARS LTD.,126.3,134.18,126.22,132.29,132.2,126.07,,132.29,,,75086,9807066.32,1739,F1,1,,,,,
2026-06-30,2026-06-30,CM,NSE,STK,526,INE029A01011,BPCL,EQ,,,,,BHARAT PETROLEUM CORP  LT,301.2,304.45,299.9,303.55,304.25,300.8,,303.55,,,4259519,1289881575.0,48150,F1,1,,,,,
2026-06-30,2026-06-30,CM,NSE,STK,3834,INE838B01021,BHARATRAS,EQ,,,,,BHARAT RASAYAN LTD,1351.2,1369.8,1336.2,1352.1,1356.0,1345.2,,1352.2,,,6707,9077527.1,1103,F1,1,,,,,
2026-06-30,2026-06-30,CM,NSE,STK,21683,INE727S01012,BRNL,EQ,,,,,BHARAT ROAD NETWORK LTD,18.99,18.99,18.31,18.45,18.4,18.5,,18.45,,,15667,289777.94,175,F1,1,,,,,
2026-06-30,2026-06-30,CM,NSE,STK,30244,INE415D01024,BHARATSE,EQ,,,,,BHARAT SEATS LIMITED,186.2,194.77,186.0,189.87,189.0,187.45,,189.87,,,207710,39551646.66,4127,F1,1,,,,,
2026-06-30,2026-06-30,CM,NSE,STK,16123,INE316L01019,BHARATWIRE,EQ,,,,,BHARAT WIRE ROPES LTD.,201.73,203.39,199.66,200.33,201.0,201.53,,200.37,,,81851,16483485.55,1917,F1,1,,,,,
2026-06-30,2026-06-30,CM,NSE,STK,10604,INE397D01024,BHARTIARTL,EQ,,,,,BHARTI AIRTEL LIMITED,1853.0,1876.6,1843.2,1852.0,1855.0,1841.1,,1852.0,,,7233634,13451218056.1,158915,F1,1,,,,,
2026-06-30,2026-06-30,CM,NSE,STK,23489,INE343G01021,BHARTIHEXA,EQ,,,,,BHARTI HEXACOM LIMITED,1455.0,1492.8,1455.0,1483.0,1487.0,1440.1,,1482.8,,,297222,439557934.4,25720,F1,1,,,,,
2026-06-30,2026-06-30,CM,NSE,STK,7848,INE828A01016,BIL,EQ,,,,,BHARTIYA INTERNATIONAL,776.0,779.7,749.0,771.2,778.0,776.25,,771.2,,,4744,3640428.95,365,F1,1,,,,,
2026-06-30,2026-06-30,CM,NSE,STK,438,INE257A01026,BHEL,EQ,,,,,BHEL,414.55,420.0,411.75,414.1,418.0,413.75,,414.1,,,18542296,7695646517.1,118190,F1,1,,,,,
2026-06-30,2026-06-30,CM,NSE,STK,762618,INE274K01012,BTTL,EQ,,,,,BHILWARA TECHNICAL TEXT L,44.49,47.6,42.55,45.93,44.0,45.83,,45.91,,,65377,2963321.49,678,F1,1,,,,,
2026-06-30,2026-06-30,CM,NSE,STK,18431,INE412U01025,BIGBLOC,EQ,,,,,BIGBLOC CONSTRUCTION LTD,49.56,50.5,48.74,49.38,49.8,49.56,,49.4,,,61070,3019440.08,902,F1,1,,,,,
2026-06-30,2026-06-30,CM,NSE,STK,11966,INE00E101023,BIKAJI,EQ,,,,,BIKAJI FOODS INTERN LTD,646.8,655.0,637.6,650.75,655.0,642.6,,650.75,,,176617,114012117.05,18116,F1,1,,,,,
2026-06-30,2026-06-30,CM,NSE,STK,25527,INE0SQH01013,BIKEWO,ST,,,,,BIKEWO GREEN TECH LIMITED,37.8,37.8,36.7,37.8,37.8,36.0,,37.8,,,40000,1509600.0,19,F1,2000,,,,,
2026-06-30,2026-06-30,CM,NSE,STK,13622,INE071A01013,BILVYAPAR,BE,,,,,BIL VYAPAR LIMITED,4.29,4.29,4.12,4.13,4.12,4.12,,4.13,,,1383,5871.17,20,F1,1,,,,,
2026-06-30,2026-06-30,CM,NSE,STK,762583,INE986A01012,BI,EQ,,,,,BILCARE LTD.,56.26,65.0,56.25,62.31,63.5,56.18,,62.52,,,34394,2149118.69,933,F1,1,,,,,
2026-06-30,2026-06-30,CM,NSE,STK,759806,INE0HOQ01053,GROWW,EQ,,,,,BILLIONBRAINS GARAGE VN L,202.93,207.01,200.82,202.07,202.0,202.92,,202.07,,,50480864,10356203948.19,195400,F1,1,,,,,
2026-06-30,2026-06-30,CM,NSE,STK,762588,INE469A01019,BIMETAL,EQ,,,,,BIMETAL BEARINGS LTD.,650.0,652.0,636.0,640.8,640.15,644.15,,640.8,,,331,213901.8,39,F1,1,,,,,
2026-06-30,2026-06-30,CM,NSE,STK,763598,INE1BKA01015,BMLL,SM,,,,,BIO MEDICA LABORATORIES L,139.0,147.0,139.0,143.35,144.0,140.6,,143.35,,,23000,3307500.0,23,F1,1000,,,,,
2026-06-30,2026-06-30,CM,NSE,STK,11373,INE376G01013,BIOCON,EQ,,,,,BIOCON LIMITED.,416.15,421.1,411.2,418.3,417.65,415.25,,418.3,,,6045593,2515687082.25,54943,F1,1,,,,,
2026-06-30,2026-06-30,CM,NSE,STK,4136,INE829A01014,BIOFILCHEM,EQ,,,,,BIOFIL CHEM & PHARMA LTD,35.6,35.79,34.9,34.94,34.9,35.04,,34.94,,,7445,261120.65,135,F1,1,,,,,
2026-06-30,2026-06-30,CM,NSE,STK,760942,INE0XW001014,BIOPOL,SM,,,,,BIOPOL CHEMICALS LIMITED,96.5,96.5,93.0,94.45,95.9,95.8,,94.45,,,8400,791400.0,7,F1,1200,,,,,
2026-06-30,2026-06-30,CM,NSE,STK,6815,INE800A01015,BIRLACABLE,BE,,,,,BIRLA CABLE LIMITED,202.0,208.0,201.01,202.12,202.0,201.06,,202.23,,,28485,5804349.42,503,F1,1,,,,,
2026-06-30,2026-06-30,CM,NSE,STK,480,INE340A01012,BIRLACORPN,EQ,,,,,BIRLA CORPORATION LTD,989.95,994.65,975.85,982.5,980.7,987.65,,982.5,,,16341,16050438.85,2368,F1,1,,,,,
2026-06-30,2026-06-30,CM,NSE,STK,762593,INE372E01025,BIRLAPREC,EQ,,,,,BIRLA PRECISION TECH L,38.5,38.5,37.2,37.49,37.4,37.58,,37.35,,,22953,867881.0,807,F1,1,,,,,
2026-06-30,2026-06-30,CM,NSE,STK,1455,INE557A01011,BIRLANU,EQ,,,,,BIRLANU LIMITED,1375.1,1419.4,1375.1,1381.6,1380.1,1379.8,,1381.6,,,6152,8533070.7,830,F1,1,,,,,
2026-06-30,2026-06-30,CM,NSE,STK,24404,INF209KC1134,ABGSEC,EQ,,,,,BIRLASLAMC - ABGSEC,114.82,114.82,113.5,113.5,113.5,113.68,,113.5,,,93,10586.9,4,F1,1,,,,,
2026-06-30,2026-06-30,CM,NSE,STK,760247,INF209KC1670,ABSL10BANK,EQ,,,,,BIRLASLAMC - ABSL10BANK,172.92,172.98,171.51,171.9,171.51,172.25,,171.9,,,965878,166428566.04,118,F1,1,,,,,
2026-06-30,2026-06-30,CM,NSE,STK,13987,INF209KB17D5,ABSLBANETF,EQ,,,,,BIRLASLAMC - ABSLBANETF,59.18,59.34,58.86,59.06,59.3,59.07,,59.06,,,97538,5765374.76,300,F1,1,,,,,
2026-06-30,2026-06-30,CM,NSE,STK,14518,INF209KB18T9,ABSLLIQUID,EQ,,,,,BIRLASLAMC - ABSLLIQUID,999.99,1000.01,999.99,1000.01,1000.01,999.99,,1000.01,,,3451,3451004.99,19,F1,1,,,,,
2026-06-30,2026-06-30,CM,NSE,STK,761066,INF209KC1662,ABSLMSCIN,EQ,,,,,BIRLASLAMC - ABSLMSCIN,29.6,30.37,29.01,29.21,29.01,29.13,,29.2,,,4683,137148.18,34,F1,1,,,,,
2026-06-30,2026-06-30,CM,NSE,STK,7339,INF209KB16D7,ABSLNN50ET,EQ,,,,,BIRLASLAMC - ABSLNN50ET,75.05,75.53,74.72,75.37,75.5,75.05,,75.37,,,4867,366675.5,152,F1,1,,,,,
2026-06-30,2026-06-30,CM,NSE,STK,5957,INF209KB10E8,BSLSENETFG,EQ,,,,,BIRLASLAMC - BSLSENETFG,78.39,78.39,76.86,77.02,76.86,77.27,,77.02,,,604,46677.17,80,F1,1,,,,,
2026-06-30,2026-06-30,CM,NSE,STK,24847,INF209KC1142,GSEC10ABSL,EQ,,,,,BIRLASLAMC - GSEC10ABSL,112.0,112.0,112.0,112.0,112.0,112.36,,112.0,,,86,9632.0,5,F1,1,,,,,
2026-06-30,2026-06-30,CM,NSE,STK,6297,INF209KB10C2,HEALTHY,EQ,,,,,BIRLASLAMC - HEALTHY,16.16,16.77,16.16,16.61,16.6,16.58,,16.61,,,1108875,18428727.17,1013,F1,1,,,,,
2026-06-30,2026-06-30,CM,NSE,STK,10693,INF209KB14K7,MOMENTUM,EQ,,,,,BIRLASLAMC - MOMENTUM,31.68,31.68,31.1,31.25,31.21,31.81,,31.27,,,107972,3372757.51,350,F1,1,,,,,
2026-06-30,2026-06-30,CM,NSE,STK,10690,INF209KB15K4,NIFTYQLITY,EQ,,,,,BIRLASLAMC - NIFTYQLITY,20.68,20.68,20.37,20.42,20.45,20.58,,20.42,,,92156,1884640.58,393,F1,1,,,,,
2026-06-30,2026-06-30,CM,NSE,STK,8003,INF209KB19F6,SILVER,EQ,,,,,BIRLASLAMC - SILVER,213.55,223.55,213.55,222.02,222.89,217.55,,222.03,,,1379804,304634830.0,15325,F1,1,,,,,
2026-06-30,2026-06-30,CM,NSE,STK,6462,INF209KB11D8,TECH,EQ,,,,,BIRLASLAMC - TECH,29.6,29.99,28.65,29.01,29.98,29.6,,29.19,,,160390,4656742.15,507,F1,1,,,,,
2026-06-30,2026-06-30,CM,NSE,STK,23806,INF209KB19Z4,ABSLPSE,EQ,,,,,BIRLASLAMC-ABSLPSE,10.56,10.56,10.25,10.34,10.39,10.35,,10.34,,,47067,486762.21,329,F1,1,,,,,
2026-06-30,2026-06-30,CM,NSE,STK,6994,INE836A01035,BSOFT,EQ,,,,,BIRLASOFT LIMITED,299.35,299.85,285.0,286.3,286.6,299.1,,286.3,,,2680611,769683440.3,46341,F1,1,,,,,
2026-06-30,2026-06-30,CM,NSE,STK,3435,INE676A01027,BBOX,EQ,,,,,BLACK BOX LIMITED,933.0,956.0,926.6,947.2,950.1,932.2,,947.2,,,185789,175378549.4,10060,F1,1,,,,,
2026-06-30,2026-06-30,CM,NSE,STK,762601,INE761G01016,BLACKROSE,BE,,,,,BLACK ROSE INDS. LTD.,115.0,119.0,113.66,117.72,119.0,119.64,,117.34,,,67510,7700415.42,453,F1,1,,,,,
2026-06-30,2026-06-30,CM,NSE,STK,27144,INE0UIZ01018,BLACKBUCK,EQ,,,,,BLACKBUCK LIMITED,545.0,548.0,527.0,530.8,530.0,547.8,,530.8,,,484087,258667826.65,21172,F1,1,,,,,
2026-06-30,2026-06-30,CM,NSE,STK,8132,INE791A01024,BLBLIMITED,EQ,,,,,BLB LIMITED,15.05,15.83,14.41,15.53,15.52,15.05,,15.53,,,68339,1032301.01,286,F1,1,,,,,
2026-06-30,2026-06-30,CM,NSE,STK,19265,INE416D01022,BLISSGVS,EQ,,,,,BLISS GVS PHARMA LTD,538.0,553.0,530.0,539.6,539.05,529.9,,539.6,,,1324201,717056698.4,23431,F1,1,,,,,
2026-06-30,2026-06-30,CM,NSE,STK,22566,INE0NLT01010,BLSE,EQ,,,,,BLS E-SERVICES LIMITED,234.7,237.0,230.21,233.25,233.0,232.88,,233.24,,,193462,45159705.33,2613,F1,1,,,,,
2026-06-30,2026-06-30,CM,NSE,STK,17279,INE153T01027,BLS,EQ,,,,,BLS INTL SERVS LTD,256.95,258.2,249.25,250.6,250.55,255.25,,250.6,,,1456880,366875705.05,29864,F1,1,,,,,
2026-06-30,2026-06-30,CM,NSE,STK,8552,INE472B01011,BLUECOAST,BE,,,,,BLUE COAST HOTELS LIMITED,28.16,28.98,26.76,28.98,28.98,28.16,,28.98,,,1424,38161.06,30,F1,1,,,,,
2026-06-30,2026-06-30,CM,NSE,STK,495,INE233B01017,BLUEDART,EQ,,,,,BLUE DART EXPRESS LTD,4862.5,4935.0,4831.1,4864.8,4833.0,4874.1,,4864.4,,,20905,102139005.1,4783,F1,1,,,,,
2026-06-30,2026-06-30,CM,NSE,STK,19686,INE0KBH01020,BLUEJET,EQ,,,,,BLUE JET HEALTHCARE LTD,516.0,528.95,516.0,525.2,524.8,516.3,,525.15,,,269286,140862740.55,9935,F1,1,,,,,
2026-06-30,2026-06-30,CM,NSE,STK,23410,INE0SAK01011,BLUEPEBBLE,SM,,,,,BLUE PEBBLE LIMITED,76.0,80.0,76.0,77.5,79.0,76.0,,77.5,,,8800,677200.0,16,F1,400,,,,,
2026-06-30,2026-06-30,CM,NSE,STK,8311,INE472A01039,BLUESTARCO,EQ,,,,,BLUE STAR LIMITED,1639.1,1651.3,1620.0,1628.3,1620.0,1635.5,,1628.3,,,319805,523316692.0,27076,F1,1,,,,,
2026-06-30,2026-06-30,CM,NSE,STK,758185,INE0X3M01010,BLUEWATER,ST,,,,,BLUE WATER LOGISTICS LTD,372.55,377.9,360.9,377.75,377.9,359.95,,377.75,,,116000,43672450.0,62,F1,1000,,,,,
2026-06-30,2026-06-30,CM,NSE,STK,759291,INE304W01038,BLUESTONE,EQ,,,,,BLUESTONE JEWEL LFSTL LTD,535.0,550.5,535.0,545.85,545.0,538.45,,545.85,,,372295,202758490.7,13183,F1,1,,,,,
2026-06-30,2026-06-30,CM,NSE,STK,757520,INE0U4101014,BLUSPRING,EQ,,,,,BLUSPRING ENTERPRISES LTD,110.87,112.38,107.1,111.02,109.5,110.87,,111.02,,,311646,34032773.13,3950,F1,1,,,,,
2026-06-30,2026-06-30,CM,NSE,STK,759256,INE965W01036,BMWVENTLTD,EQ,,,,,BMW VENTURES LIMITED,58.68,58.68,56.7,57.21,57.2,58.68,,57.21,,,50226,2877946.22,864,F1,1,,,,,
2026-06-30,2026-06-30,CM,NSE,STK,762611,INE00HZ01011,BNAGROCHEM,BE,,,,,BN AGROCHEM LTD.,294.5,301.2,276.95,298.1,290.0,286.9,,297.75,,,6090,1783258.0,130,F1,1,,,,,
2026-06-30,2026-06-30,CM,NSE,STK,25021,INE338D01028,BODALCHEM,BE,,,,,BODAL CHEMICALS LTD,64.73,64.73,62.0,62.55,62.45,64.59,,62.58,,,113755,7200077.5,814,F1,1,,,,,
2026-06-30,2026-06-30,CM,NSE,STK,14150,INE0EEJ01023,BTML,EQ,,,,,BODHI TREE MULTIMEDIA LTD,6.1,6.17,6.02,6.09,6.11,6.08,,6.09,,,52183,318117.85,102,F1,1,,,,,
2026-06-30,2026-06-30,CM,NSE,STK,11640,INE802W01023,BOHRAIND,EQ,,,,,BOHRA INDUSTRIES LIMITED,14.02,14.65,13.32,13.32,13.32,14.02,,13.32,,,37319,502119.08,116,F1,1,,,,,
2026-06-30,2026-06-30,CM,NSE,STK,380,INE050A01025,BBTC,EQ,,,,,BOMBAY BURMAH TRADING COR,1546.0,1555.5,1530.0,1535.2,1537.4,1546.3,,1535.3,,,19151,29403682.8,3714,F1,1,,,,,
2026-06-30,2026-06-30,CM,NSE,STK,513,INE032A01023,BOMDYEING,EQ,,,,,BOMBAY DYEING & MFG. CO L,129.5,133.39,129.35,132.71,132.8,129.22,,132.71,,,649777,85561030.0,7130,F1,1,,,,,
2026-06-30,2026-06-30,CM,NSE,STK,6052,INE0I3Y01014,BMETRICS,SM,,,,,BOMBAY METRICS S C LTD,36.0,36.0,36.0,36.0,36.0,36.0,,36.0,,,1600,57600.0,1,F1,800,,,,,
2026-06-30,2026-06-30,CM,NSE,STK,812,INE032Z01020,BSHSL,BE,,,,,BOMBAY SUPER HYBRID SEEDS,92.0,92.95,90.1,90.8,92.5,92.24,,90.8,,,2095,192181.79,60,F1,1,,,,,
2026-06-30,2026-06-30,CM,NSE,STK,29650,INE031A07881,719HUDCO28,N7,,,,,BOND 7.19% PA TAX FREE S2,1054.0,1054.0,1054.0,1054.0,1054.0,1054.0,,1054.0,,,10,10540.0,1,F1,1,,,,,
2026-06-30,2026-06-30,CM,NSE,STK,31040,INE906B07CB9,830NHAI27,N2,,,,,BOND 8.30% PA TAX FREE S2,1073.01,1075.0,1073.0,1073.3,1073.3,1075.0,,1073.3,,,738,791964.64,11,F1,1,,,,,
2026-06-30,2026-06-30,CM,NSE,STK,31966,INE557F07090,863NHB29,N2,,,,,BOND 8.63%PA TF TR-I S 2A,5540.1,5560.0,5540.0,5560.0,5560.0,5549.16,,5560.0,,,300,1664010.0,3,F1,1,,,,,
2026-06-30,2026-06-30,CM,NSE,STK,603,INE053F07686,865IRFC29,,,,,,BOND 8.65% PA TF TI-SIIB,1099.0,1099.0,1099.0,1099.0,1099.0,1099.0,,1099.0,,,5,5495.0,1,F1,1,,,,,
2026-06-30,2026-06-30,CM,NSE,STK,30990,INE020B07HS2,871REC28,N9,,,,,BOND 8.71% TAX FREE S2B,1116.0,1117.0,1112.51,1115.0,1115.0,1116.0,,1115.99,,,1602,1786820.5,21,F1,1,,,,,
2026-06-30,2026-06-30,CM,NSE,STK,1999,INE053F07744,888IRFC29,NE,,,,,BOND 8.88% PA TF TII-SIIB,1110.0,1115.0,1110.0,1112.5,1112.0,1114.97,,1112.5,,,50,55682.68,9,F1,1,,,,,
2026-06-30,2026-06-30,CM,NSE,STK,31970,INE557F07132,901NHB34,N6,,,,,BOND 9.01%PA TF TR-I S 3B,6300.0,6300.0,6251.0,6260.0,6260.0,6261.0,,6260.0,,,148,929661.0,9,F1,1,,,,,
2026-06-30,2026-06-30,CM,NSE,STK,761056,INE0B9A01018,BONLON,EQ,,,,,BONLON INDUSTRIES LIMITED,43.0,43.0,40.55,41.62,41.2,41.87,,41.4,,,8110,333423.91,69,F1,1,,,,,
2026-06-30,2026-06-30,CM,NSE,STK,757919,INE16SF01016,BORANA,EQ,,,,,BORANA WEAVES LIMITED,310.95,310.95,300.0,301.0,300.0,308.65,,301.0,,,21405,6485805.15,687,F1,1,,,,,
2026-06-30,2026-06-30,CM,NSE,STK,19401,INE02PY01013,BOROLTD,EQ,,,,,BOROSIL LIMITED,235.82,238.0,232.6,233.23,233.99,234.25,,233.23,,,47437,11146951.98,1621,F1,1,,,,,
2026-06-30,2026-06-30,CM,NSE,STK,3149,INE666D01022,BORORENEW,EQ,,,,,BOROSIL RENEWABLES LTD,609.0,613.85,600.0,602.25,602.7,605.15,,602.25,,,298411,181114563.05,11757,F1,1,,,,,
2026-06-30,2026-06-30,CM,NSE,STK,24014,INE02L001032,BOROSCI,EQ,,,,,BOROSIL SCIENTIFIC LTD,175.0,179.59,170.0,173.52,173.14,173.29,,173.58,,,697507,122113360.01,9719,F1,1,,,,,
2026-06-30,2026-06-30,CM,NSE,STK,4491,INE782A01015,BOSCH-HCIL,EQ,,,,,BOSCH HOME COMFRT IND LTD,1353.9,1378.0,1345.0,1362.2,1373.0,1353.9,,1362.1,,,33818,46112799.6,1691,F1,1,,,,,
2026-06-30,2026-06-30,CM,NSE,STK,2181,INE323A01026,BOSCHLTD,EQ,,,,,BOSCH LIMITED,40200.0,40720.0,39750.0,39900.0,40000.0,39885.0,,39900.0,,,32837,1314758055.0,15526,F1,1,,,,,
2026-06-30,2026-06-30,CM,NSE,STK,25119,INE0QNI01012,BOSS,SM,,,,,BOSS PACKAGING SOLU LTD,35.15,35.15,35.15,35.15,35.15,34.0,,35.15,,,2000,70300.0,1,F1,2000,,,,,
2026-06-30,2026-06-30,CM,NSE,STK,530,INE110A01019,BPL,EQ,,,,,BPL LTD,54.76,56.35,54.76,55.29,55.56,54.73,,55.26,,,27313,1513236.67,419,F1,1,,,,,
2026-06-30,2026-06-30,CM,NSE,STK,24814,INE02RE01045,FIRSTCRY,EQ,,,,,BRAINBEES SOLUTIONS LTD,221.99,226.7,221.0,223.29,224.75,221.36,,223.29,,,1187927,265599676.31,18657,F1,1,,,,,
2026-06-30,2026-06-30,CM,NSE,STK,7780,INE977Y01011,BCONCEPTS,EQ,,,,,BRAND CONCEPTS LIMITED,184.91,184.91,175.87,181.23,182.0,180.02,,181.24,,,16582,2986911.37,549,F1,1,,,,,
2026-06-30,2026-06-30,CM,NSE,STK,760975,INE0XUD01014,BRANDMAN,ST,,,,,BRANDMAN RETAIL LIMITED,167.45,171.0,163.2,169.8,170.0,165.0,,169.8,,,16800,2829120.0,21,F1,800,,,,,
2026-06-30,2026-06-30,CM,NSE,STK,15184,INE791I01019,BRIGADE,EQ,,,,,BRIGADE ENTER. LTD,501.2,503.7,493.05,500.65,500.0,501.9,,500.65,,,548036,273396188.45,21829,F1,1,,,,,
2026-06-30,2026-06-30,CM,NSE,STK,757794,INE03NU01014,BRIGHOTEL,EQ,,,,,BRIGADE HOTEL VENTURE LTD,63.64,64.5,62.5,63.04,63.02,63.22,,63.04,,,175698,11077360.71,2293,F1,1,,,,,
2026-06-30,2026-06-30,CM,NSE,STK,8833,INE425B01027,BCG,EQ,,,,,BRIGHTCOM GROUP LIMITED,9.83,9.94,9.77,9.81,9.87,9.83,,9.81,,,3051281,29953799.04,3361,F1,1,,,,,
2026-06-30,2026-06-30,CM,NSE,STK,547,INE216A01030,BRITANNIA,EQ,,,,,BRITANNIA INDUSTRIES LTD,5112.0,5176.0,5075.5,5146.5,5156.0,5102.0,,5146.5,,,326609,1679397075.5,40737,F1,1,,,,,
2026-06-30,2026-06-30,CM,NSE,STK,2203,INE0FDU25010,BIRET,RR,,,,,BROOKFIELD INDIA RET,324.0,332.81,324.0,331.04,329.93,323.99,,331.05,,,597271,196163047.22,15261,F1,1,,,,,
2026-06-30,2026-06-30,CM,NSE,STK,25140,INE650L01011,BROOKS,BE,,,,,BROOKS LAB LIMITED,69.59,71.49,66.45,68.86,68.86,69.93,,68.86,,,19928,1364285.17,130,F1,1,,,,,
2026-06-30,2026-06-30,CM,NSE,STK,19585,INE118H01025,BSE,EQ,,,,,BSE LIMITED,3900.0,3924.1,3855.0,3865.6,3870.1,3859.9,,3865.6,,,2520360,9803922824.3,124043,F1,1,,,,,
2026-06-30,2026-06-30,CM,NSE,STK,559,INE594B01012,BSL,EQ,,,,,BSL LTD,126.67,147.85,124.26,136.67,136.0,125.42,,136.68,,,116908,16443383.43,2173,F1,1,,,,,
2026-06-30,2026-06-30,CM,NSE,STK,2716,INE295F01017,BUTTERFLY,EQ,,,,,BTRFLY GANDHI APPL LTD,643.45,661.45,638.0,639.4,638.8,643.45,,639.4,,,19141,12318443.1,1498,F1,1,,,,,
2026-06-30,2026-06-30,CM,NSE,STK,24701,INE0SZ301012,BULKCORP,SM,,,,,BULKCORP INTERNATIONAL L,48.0,48.3,48.0,48.3,48.3,46.0,,48.3,,,2400,115560.0,2,F1,1200,,,,,
2026-06-30,2026-06-30,CM,NSE,STK,7227,INE0BV301023,MAPMYINDIA,EQ,,,,,C.E. INFO SYSTEMS LIMITED,826.8,829.2,808.0,809.75,812.0,817.95,,809.75,,,271200,220676593.75,12259,F1,1,,,,,
2026-06-30,2026-06-30,CM,NSE,STK,27274,INE0U7V01015,C2C,SM,,,,,C2C ADVANCED SYSTEMS LTD,396.85,404.0,394.95,400.25,401.95,398.35,,400.25,,,146550,58605277.5,245,F1,150,,,,,
2026-06-30,2026-06-30,CM,NSE,STK,8400,INE526B01014,CALSOFT,BE,,,,,CALIFORNIA SOFTWARE CO LT,23.3,23.99,22.71,22.9,23.0,23.48,,22.9,,,98601,2272963.89,298,F1,1,,,,,
2026-06-30,2026-06-30,CM,NSE,STK,14218,INE627H01017,CTE,EQ,,,,,CAMBRIDGE TECH ENTER LTD,30.51,31.85,30.51,31.44,31.12,31.02,,31.44,,,6068,191018.04,54,F1,1,,,,,
2026-06-30,2026-06-30,CM,NSE,STK,6216,INE052I01032,CAMLINFINE,EQ,,,,,CAMLIN FINE SCIENCES LTD,129.5,136.9,129.15,133.38,133.62,129.58,,133.37,,,1064786,142462256.07,11916,F1,1,,,,,
2026-06-30,2026-06-30,CM,NSE,STK,9362,INE278Y01022,CAMPUS,EQ,,,,,CAMPUS ACTIVEWEAR LIMITED,233.0,236.55,232.3,235.25,234.5,232.35,,235.25,,,305154,71487668.25,13352,F1,1,,,,,
2026-06-30,2026-06-30,CM,NSE,STK,583,INE477A01020,CANFINHOME,EQ,,,,,CAN FIN HOMES LTD,845.65,893.9,845.65,867.95,867.2,837.3,,868.0,,,1683384,1477638771.7,60934,F1,1,,,,,
2026-06-30,2026-06-30,CM,NSE,STK,10794,INE476A01022,CANBK,EQ,,,,,CANARA BANK,126.9,127.13,124.61,125.52,125.94,125.86,,125.5,,,44899446,5639166902.95,106924,F1,1,,,,,
2026-06-30,2026-06-30,CM,NSE,STK,759477,INE01TY01017,CANHLIFE,EQ,,,,,CANARA HSBC LIFE INS CO L,138.86,140.39,134.51,139.86,139.1,139.1,,139.86,,,871113,119687380.14,24222,F1,1,,,,,
2026-06-30,2026-06-30,CM,NSE,STK,759311,INE218I01013,CRAMC,EQ,,,,,CANARA ROBECO AMC LIMITED,246.95,250.99,246.5,246.94,246.85,246.91,,246.94,,,133163,32969780.07,5918,F1,1,,,,,
2026-06-30,2026-06-30,CM,NSE,STK,19368,INE0QG301017,CANARYS,SM,,,,,CANARYS AUTOMATIONS LTD,20.55,20.7,19.6,19.8,19.9,20.85,,19.8,,,216000,4340800.0,51,F1,4000,,,,,
2026-06-30,2026-06-30,CM,NSE,STK,20160,INE068L01024,CANTABIL,EQ,,,,,CANTABIL RETAIL LTD,238.75,240.7,235.41,239.37,240.47,239.75,,239.35,,,70370,16771657.31,1579,F1,1,,,,,
2026-06-30,2026-06-30,CM,NSE,STK,21749,INE264T01014,CAPACITE,EQ,,,,,CAPACITE INFRAPROJECT LTD,256.85,261.7,252.39,253.73,255.0,256.48,,253.73,,,286248,73644358.73,8474,F1,1,,,,,
2026-06-30,2026-06-30,CM,NSE,STK,759867,INE0ILV01024,CAPILLARY,EQ,,,,,CAPILLARY TECHNO INDIA L,509.4,516.2,504.55,513.4,513.0,509.4,,513.35,,,119693,61376697.05,1610,F1,1,,,,,
2026-06-30,2026-06-30,CM,NSE,STK,756015,INE345H01024,CIFL,EQ,,,,,CAPITAL INDIA FINANCE LTD,23.98,24.84,23.31,23.43,23.4,23.48,,23.44,,,163071,3874877.45,1046,F1,1,,,,,
2026-06-30,2026-06-30,CM,NSE,STK,29157,INE0Z8Z23013,CAPINVIT,IV,,,,,CAPITAL INFRA TRUST,74.44,74.44,73.51,73.8,73.8,73.58,,73.8,,,495689,36578404.73,8428,F1,1,,,,,
2026-06-30,2026-06-30,CM,NSE,STK,22675,INE646H01017,CAPITALSFB,EQ,,,,,CAPITAL SMALL FIN BANK L,280.25,283.9,273.05,277.7,281.0,281.1,,277.65,,,34487,9557913.5,1070,F1,1,,,,,
2026-06-30,2026-06-30,CM,NSE,STK,19451,INE707C01018,CAPTRUST,BE,,,,,CAPITAL TRUST LIMITED,12.7,13.0,12.18,12.43,12.44,12.69,,12.37,,,13474,169104.06,97,F1,1,,,,,
2026-06-30,2026-06-30,CM,NSE,STK,3906,INE475E01026,CAPLIPOINT,EQ,,,,,CAPLIN POINT LAB LTD.,2578.7,2675.0,2567.2,2626.0,2625.0,2557.9,,2625.9,,,390700,1030657421.6,36653,F1,1,,,,,
2026-06-30,2026-06-30,CM,NSE,STK,20329,INE180C01042,CGCL,EQ,,,,,CAPRI GLOBAL CAPITAL LTD,217.11,231.36,216.32,227.66,227.4,216.62,,227.66,,,18630315,4224904651.58,134693,F1,1,,,,,
2026-06-30,2026-06-30,CM,NSE,STK,595,INE120A01034,CARBORUNIV,EQ,,,,,CARBORUNDUM UNIVERSAL LTD,1201.0,1208.1,1172.7,1178.2,1176.8,1191.9,,1178.2,,,145242,171476991.2,12859,F1,1,,,,,
2026-06-30,2026-06-30,CM,NSE,STK,29113,INE752H01013,CARERATING,EQ,,,,,CARE RATINGS LIMITED,1680.0,1680.0,1636.0,1650.4,1663.0,1672.2,,1650.4,,,26681,44056266.0,3338,F1,1,,,,,
2026-06-30,2026-06-30,CM,NSE,STK,758941,INE0P6P01016,CPEDU,EQ,,,,,CAREER POINT EDUTECH LTD,208.5,212.45,201.5,203.97,203.75,210.69,,203.97,,,9096,1872203.45,373,F1,1,,,,,
2026-06-30,2026-06-30,CM,NSE,STK,28879,INE0V7W01012,CARRARO,EQ,,,,,CARRARO INDIA LIMITED,550.7,558.0,532.0,534.0,534.0,550.4,,534.0,,,194449,105005202.95,9376,F1,1,,,,,
2026-06-30,2026-06-30,CM,NSE,STK,5407,INE290S01011,CARTRADE,EQ,,,,,CARTRADE TECH LIMITED,2665.0,2700.0,2584.2,2693.0,2645.0,2658.6,,2693.0,,,533539,1424357832.0,36798,F1,1,,,,,
2026-06-30,2026-06-30,CM,NSE,STK,1879,INE482D01024,CARYSIL,EQ,,,,,CARYSIL LIMITED,1181.5,1209.5,1179.3,1198.2,1196.0,1188.1,,1198.1,,,65365,78388296.9,4747,F1,1,,,,,
2026-06-30,2026-06-30,CM,NSE,STK,758156,INE0WL201014,CUDML,ST,,,,,CASH UR DRIVE MARKETING L,186.9,187.8,183.9,184.8,186.0,183.75,,184.8,,,22000,4100350.0,21,F1,1000,,,,,
2026-06-30,2026-06-30,CM,NSE,STK,1250,INE172A01027,CASTROLIND,EQ,,,,,CASTROL INDIA LIMITED,185.1,185.66,184.2,184.43,184.25,185.1,,184.43,,,988700,182735486.49,13800,F1,1,,,,,
2026-06-30,2026-06-30,CM,NSE,STK,11452,INE421D01022,CCL,EQ,,,,,CCL PRODUCTS (I) LTD,1159.6,1192.0,1159.6,1181.2,1180.1,1164.8,,1181.2,,,115786,136516511.5,10442,F1,1,,,,,
2026-06-30,2026-06-30,CM,NSE,STK,15254,INE482A01020,CEATLTD,EQ,,,,,CEAT LIMITED,3395.3,3492.8,3395.3,3482.6,3452.0,3394.4,,3482.5,,,64875,224126974.0,9511,F1,1,,,,,
2026-06-30,2026-06-30,CM,NSE,STK,757687,INE11J101017,CEDAAR,SM,,,,,CEDAAR TEXTILE LIMITED,20.2,20.2,19.95,20.0,20.0,20.25,,20.0,,,9000,180750.0,9,F1,1000,,,,,
2026-06-30,2026-06-30,CM,NSE,STK,24742,INE0AG901020,CEIGALL,EQ,,,,,CEIGALL INDIA LIMITED,399.0,405.7,389.1,391.85,390.1,395.95,,391.85,,,976672,388384236.15,19746,F1,1,,,,,
2026-06-30,2026-06-30,CM,NSE,STK,761037,INE016Q01014,CEINSYS,EQ,,,,,CEINSYS TECH LIMITED,917.1,924.25,903.0,905.75,904.2,921.55,,905.7,,,41776,38160038.4,2278,F1,1,,,,,
2026-06-30,2026-06-30,CM,NSE,STK,13162,INE185H01016,CELEBRITY,EQ,,,,,CELEBRITY FASHIONS LTD,7.8,7.8,7.51,7.69,7.69,7.59,,7.69,,,7069,54314.11,77,F1,1,,,,,
2026-06-30,2026-06-30,CM,NSE,STK,18811,INE0OMO01025,CELLECOR,ST,,,,,CELLECOR GADGETS LIMITED,34.75,37.2,34.5,36.95,37.2,35.7,,36.95,,,546000,19951200.0,54,F1,3000,,,,,
2026-06-30,2026-06-30,CM,NSE,STK,19795,INE0LMW01024,CELLO,EQ,,,,,CELLO WORLD LIMITED,374.35,376.05,369.0,370.1,370.0,374.05,,370.1,,,125940,46773344.35,5619,F1,1,,,,,
2026-06-30,2026-06-30,CM,NSE,STK,5622,INE686A01026,CEMPRO,EQ,,,,,CEMINDIA PROJECTS LIMITED,1256.6,1315.4,1245.9,1298.7,1299.4,1252.8,,1298.7,,,574763,741241776.6,19487,F1,1,,,,,
2026-06-30,2026-06-30,CM,NSE,STK,14894,INE483A01010,CENTRALBK,EQ,,,,,CENTRAL BANK OF INDIA,32.92,32.99,32.41,32.53,32.5,33.62,,32.53,,,12279962,400413021.31,24350,F1,1,,,,,
2026-06-30,2026-06-30,CM,NSE,STK,21174,INE736A01011,CDSL,EQ,,,,,CENTRAL DEPO SER (I) LTD,1301.8,1318.2,1300.0,1305.5,1303.9,1297.9,,1305.5,,,1186187,1552793882.1,34173,F1,1,,,,,
2026-06-30,2026-06-30,CM,NSE,STK,761581,INE05HV01027,CMPDI,EQ,,,,,CENTRAL MINE P N D INST L,245.0,250.28,241.21,247.91,248.65,243.75,,247.9,,,1970483,486206937.04,21354,F1,1,,,,,
2026-06-30,2026-06-30,CM,NSE,STK,2454,INE660C01027,CENTRUM,EQ,,,,,CENTRUM CAPITAL LIMITED,21.77,21.95,21.55,21.75,21.7,21.62,,21.73,,,81556,1771220.55,361,F1,1,,,,,
2026-06-30,2026-06-30,CM,NSE,STK,14982,INE320B01020,CENTUM,EQ,,,,,CENTUM ELECTRONICS LTD,3700.0,3916.0,3683.7,3784.0,3772.0,3680.2,,3784.0,,,94520,362687803.3,18086,F1,1,,,,,
2026-06-30,2026-06-30,CM,NSE,STK,619,INE485A01015,CENTENKA,EQ,,,,,CENTURY ENKA LTD,511.05,533.0,511.05,520.05,520.0,513.35,,520.0,,,40557,21218473.1,1570,F1,1,,,,,
2026-06-30,2026-06-30,CM,NSE,STK,11511,INE281A01026,CENTEXT,EQ,,,,,CENTURY EXTRUSIONS LTD,19.0,19.39,19.0,19.19,19.12,19.17,,19.19,,,33980,652818.05,306,F1,1,,,,,
2026-06-30,2026-06-30,CM,NSE,STK,13305,INE348B01021,CENTURYPLY,EQ,,,,,CENTURY PLYBOARDS (I) LTD,744.8,752.0,735.0,748.95,745.15,740.9,,748.95,,,17981,13381267.05,3154,F1,1,,,,,
2026-06-30,2026-06-30,CM,NSE,STK,15039,INE739E01017,CERA,EQ,,,,,CERA SANITARYWARE LTD,6462.5,6473.5,6335.0,6451.5,6450.5,6463.5,,6451.5,,,7256,46554358.5,2337,F1,1,,,,,
2026-06-30,2026-06-30,CM,NSE,STK,29016,INE345B01019,CEREBRAINT,BZ,,,,,CEREBRA INT TECH LTD,3.4,3.63,3.36,3.37,3.45,3.53,,3.37,,,187344,639090.18,244,F1,1,,,,,
2026-06-30,2026-06-30,CM,NSE,STK,628,INE486A01021,CESC,EQ,,,,,CESC LTD,164.79,169.91,164.79,168.81,168.88,164.48,,168.82,,,1816596,306260745.73,27410,F1,1,,,,,
2026-06-30,2026-06-30,CM,NSE,STK,760,INE067A01029,CGPOWER,EQ,,,,,CG POWER AND IND SOL LTD,963.1,969.0,949.3,952.15,950.8,956.25,,952.15,,,3299400,3161124750.7,69821,F1,1,,,,,
2026-06-30,2026-06-30,CM,NSE,STK,8546,INE427F01016,CHALET,EQ,,,,,CHALET HOTELS LIMITED,814.7,820.0,806.1,814.9,820.0,813.5,,814.9,,,128116,104362406.0,6019,F1,1,,,,,
2026-06-30,2026-06-30,CM,NSE,STK,3482,INE419D01026,CLSEL,EQ,,,,,CHAMAN LAL SETIA EXP LTD,291.1,293.8,281.0,286.15,285.6,291.1,,286.15,,,92557,26514853.35,2442,F1,1,,,,,
2026-06-30,2026-06-30,CM,NSE,STK,13731,INE06PV01010,CMNL,SM,,,,,CHAMAN METALLICS LIMITED,100.45,104.0,93.25,103.5,100.0,100.3,,103.5,,,21000,2116687.5,18,F1,750,,,,,
2026-06-30,2026-06-30,CM,NSE,STK,637,INE085A01013,CHAMBLFERT,EQ,,,,,CHAMBAL FERTILIZERS LTD,474.15,474.15,466.8,467.95,468.5,474.25,,468.0,,,268662,125988824.25,11671,F1,1,,,,,
2026-06-30,2026-06-30,CM,NSE,STK,29541,INE11HG01018,CHAMUNDA,SM,,,,,CHAMUNDA ELECTRICAL LTD,43.95,44.25,42.15,43.95,43.95,42.95,,43.95,,,12000,522900.0,4,F1,3000,,,,,
2026-06-30,2026-06-30,CM,NSE,STK,29633,INE0B2N01016,CHANDAN,SM,,,,,CHANDAN HEALTHCARE LTD,268.95,281.9,264.45,278.65,281.9,261.2,,278.65,,,134400,36763640.0,157,F1,800,,,,,
2026-06-30,2026-06-30,CM,NSE,STK,18654,INE0PT101017,CHAVDA,SM,,,,,CHAVDA INFRA LIMITED,87.45,87.45,85.7,87.0,87.0,89.35,,87.0,,,16000,1388100.0,16,F1,1000,,,,,
2026-06-30,2026-06-30,CM,NSE,STK,757991,INE0TGX01019,CHEMBONDCH,BE,,,,,CHEMBOND CHEMICAL LIMITED,215.0,228.0,209.6,217.73,222.0,217.17,,217.98,,,15186,3346657.3,150,F1,1,,,,,
2026-06-30,2026-06-30,CM,NSE,STK,14620,INE995D01025,CHEMBOND,BE,,,,,CHEMBOND MATERIALTECH LTD,191.0,191.0,186.0,188.97,189.97,186.01,,188.97,,,3679,691864.72,77,F1,1,,,,,
2026-06-30,2026-06-30,CM,NSE,STK,276,INE03YM01018,CHEMCON,BE,,,,,CHEMCON SPECIAL CHEM LTD,186.55,194.0,180.25,186.18,189.0,188.99,,186.21,,,21327,3934870.48,521,F1,1,,,,,
2026-06-30,2026-06-30,CM,NSE,STK,2815,INE783X01023,CHEMFAB,BE,,,,,CHEMFAB ALKALIS LIMITED,377.75,380.0,361.0,369.2,370.0,371.75,,369.2,,,1357,498270.75,38,F1,1,,,,,
2026-06-30,2026-06-30,CM,NSE,STK,5449,INE488A01050,CHEMPLASTS,EQ,,,,,CHEMPLAST SANMAR LIMITED,199.6,200.99,196.4,198.04,197.5,200.22,,198.05,,,154495,30612053.97,3474,F1,1,,,,,
2026-06-30,2026-06-30,CM,NSE,STK,2049,INE178A01016,CHENNPETRO,EQ,,,,,CHENNAI PETROLEUM CORP LT,1159.0,1172.0,1141.0,1156.3,1154.0,1153.8,,1156.3,,,704680,814895373.7,26627,F1,1,,,,,
2026-06-30,2026-06-30,CM,NSE,STK,24628,INE0U1T01012,CHETANA,ST,,,,,CHETANA EDUCATION LIMITED,48.0,49.7,45.6,46.75,45.6,48.0,,46.75,,,104000,4869280.0,12,F1,1600,,,,,
2026-06-30,2026-06-30,CM,NSE,STK,9879,INE974B01016,CHEVIOT,EQ,,,,,CHEVIOT COMPANY LIMITED,1124.0,1124.0,1103.0,1108.4,1112.0,1118.8,,1108.5,,,806,894296.8,132,F1,1,,,,,
2026-06-30,2026-06-30,CM,NSE,STK,8866,INE102B01014,CHOICEIN,EQ,,,,,CHOICE INTERNATIONAL LTD,753.05,760.0,749.5,753.2,753.0,745.2,,753.25,,,901308,679677417.55,14179,F1,1,,,,,
2026-06-30,2026-06-30,CM,NSE,STK,759610,INF2KCX01012,CHOICEGOLD,EQ,,,,,CHOICEAMC - CHOICEGOLD,138.88,139.71,137.06,139.25,139.7,139.26,,139.26,,,35340,4924521.71,247,F1,1,,,,,
2026-06-30,2026-06-30,CM,NSE,STK,21740,INE149A01033,CHOLAHLDNG,EQ,,,,,CHOLAMANDALAM FIN HOL LTD,1635.2,1668.8,1625.0,1656.9,1646.5,1646.6,,1663.1,,,124289,204964592.9,19084,F1,1,,,,,
2026-06-30,2026-06-30,CM,NSE,STK,685,INE121A01024,CHOLAFIN,EQ,,,,,CHOLAMANDALAM IN & FIN CO,1782.7,1804.0,1770.0,1789.8,1797.2,1774.0,,1789.8,,,1364890,2445542004.8,65489,F1,1,,,,,
2026-06-30,2026-06-30,CM,NSE,STK,14937,INE536H01010,CIEINDIA,EQ,,,,,CIE AUTOMOTIVE INDIA LTD,461.2,469.0,456.05,457.8,457.9,458.9,,457.8,,,238680,110256404.4,13572,F1,1,,,,,
2026-06-30,2026-06-30,CM,NSE,STK,27161,INE704H01022,CINELINE,EQ,,,,,CINELINE INDIA LIMITED,77.06,80.8,77.06,80.61,80.8,76.97,,80.56,,,14051,1113890.18,182,F1,1,,,,,
2026-06-30,2026-06-30,CM,NSE,STK,8024,INE039B01026,CINEVISTA,EQ,,,,,CINEVISTA LIMITED,18.6,18.6,16.95,17.45,17.44,18.31,,17.53,,,143908,2524366.69,652,F1,1,,,,,
2026-06-30,2026-06-30,CM,NSE,STK,694,INE059A01026,CIPLA,EQ,,,,,CIPLA LTD,1455.7,1480.8,1448.7,1465.4,1468.0,1454.1,,1465.4,,,2818077,4132146002.0,92848,F1,1,,,,,
2026-06-30,2026-06-30,CM,NSE,STK,763149,INE2Q7823014,CITIUSINVT,IV,,,,,CITIUS TRANSNET INV TRUST,106.91,107.4,106.08,107.24,106.52,106.91,,107.24,,,133509,14270490.65,661,F1,1,,,,,
2026-06-30,2026-06-30,CM,NSE,STK,5701,INE491A01021,CUB,EQ,,,,,CITY UNION BANK LTD,202.95,209.5,202.5,208.6,208.15,201.5,,208.6,,,3818201,793116095.45,78162,F1,1,,,,,
2026-06-30,2026-06-30,CM,NSE,STK,20233,INE201M01029,CLEDUCATE,BE,,,,,CL EDUCATE LIMITED,50.97,50.97,50.97,50.97,50.97,49.98,,50.08,,,15017,765416.49,41,F1,1,,,,,
2026-06-30,2026-06-30,CM,NSE,STK,758739,INE0UQ601012,CLASSICEIL,ST,,,,,CLASSIC ELECTRODE (IND) L,46.7,47.4,45.75,47.2,47.2,45.55,,47.2,,,32000,1488640.0,18,F1,1600,,,,,
2026-06-30,2026-06-30,CM,NSE,STK,754815,INE1QGM01024,CLAYCRAFT,ST,,,,,CLAY CRAFT INDIA LIMITED,194.1,198.9,190.0,190.5,191.65,200.0,,190.5,,,475800,91575330.0,507,F1,600,,,,,
2026-06-30,2026-06-30,CM,NSE,STK,760183,INE647U01026,CLEANMAX,EQ,,,,,CLEAN MAX ENVIRO EN SOL L,1312.0,1374.8,1306.9,1365.7,1373.9,1300.5,,1365.7,,,243480,328583328.7,21093,F1,1,,,,,
2026-06-30,2026-06-30,CM,NSE,STK,5049,INE227W01023,CLEAN,EQ,,,,,CLEAN SCIENCE & TECH LTD,770.9,774.75,758.55,760.5,762.0,767.8,,760.6,,,167428,127807037.8,9488,F1,1,,,,,
2026-06-30,2026-06-30,CM,NSE,STK,760143,INE1EF801010,CSSL,SM,,,,,CLEAR SECURED SERVICES L,98.0,99.75,98.0,99.5,99.5,96.5,,99.5,,,7000,693650.0,6,F1,1000,,,,,
2026-06-30,2026-06-30,CM,NSE,STK,30893,INE00WV01027,CMRGREEN,EQ,,,,,CMR GREEN TECHNOLOGIES L,255.78,263.0,243.1,250.7,251.0,254.79,,250.75,,,6347303,1625862340.47,65942,F1,1,,,,,
2026-06-30,2026-06-30,CM,NSE,STK,7603,INE925R01014,CMSINFO,EQ,,,,,CMS INFO SYSTEMS LIMITED,295.0,295.0,279.55,280.6,279.9,294.25,,280.6,,,680810,194402642.05,26138,F1,1,,,,,
2026-06-30,2026-06-30,CM,NSE,STK,20374,INE522F01014,COALINDIA,EQ,,,,,COAL INDIA LTD,445.6,446.85,437.95,439.05,439.95,444.85,,439.05,,,4363382,1922340546.7,69707,F1,1,,,,,
2026-06-30,2026-06-30,CM,NSE,STK,6006,INE377E01024,COASTCORP,EQ,,,,,COASTAL CORPORATION LTD,49.82,49.82,48.4,48.87,49.2,49.34,,48.87,,,86755,4263168.12,1050,F1,1,,,,,
2026-06-30,2026-06-30,CM,NSE,STK,21508,INE704P01025,COCHINSHIP,EQ,,,,,COCHIN SHIPYARD LIMITED,1434.0,1519.0,1430.9,1507.9,1514.0,1427.6,,1507.8,,,2885327,4303391227.5,93291,F1,1,,,,,
2026-06-30,2026-06-30,CM,NSE,STK,11169,INE335K01011,COFFEEDAY,BE,,,,,COFFEE DAY ENTERPRISE LTD,32.81,32.81,31.17,31.59,32.15,32.81,,31.61,,,771013,24520629.48,1749,F1,1,,,,,
2026-06-30,2026-06-30,CM,NSE,STK,11543,INE591G01025,COFORGE,EQ,,,,,COFORGE LIMITED,1496.9,1502.9,1457.7,1465.7,1470.0,1491.4,,1465.7,,,4539593,6717336532.2,103820,F1,1,,,,,
2026-06-30,2026-06-30,CM,NSE,STK,17945,INE03QK01018,COHANCE,EQ,,,,,COHANCE LIFESCIENCES LTD,454.75,464.85,450.5,456.15,454.0,450.15,,456.1,,,782324,357366556.55,26162,F1,1,,,,,
2026-06-30,2026-06-30,CM,NSE,STK,15141,INE259A01022,COLPAL,EQ,,,,,COLGATE PALMOLIVE LTD.,2000.0,2005.0,1980.1,1997.9,2000.5,1999.2,,1997.9,,,479375,955948840.4,24545,F1,1,,,,,
2026-06-30,2026-06-30,CM,NSE,STK,762628,INE819A01049,COMFINTE,EQ,,,,,COMFORT INTECH LTD.,5.97,5.97,5.8,5.84,5.89,5.83,,5.84,,,77618,452696.76,257,F1,1,,,,,
2026-06-30,2026-06-30,CM,NSE,STK,21578,INE073V01015,COMSYN,EQ,,,,,COMMERCIAL SYN BAGS LTD,164.95,164.95,161.0,161.3,161.0,163.61,,161.3,,,9908,1603047.68,214,F1,1,,,,,
2026-06-30,2026-06-30,CM,NSE,STK,19516,INE597Z01014,COMMITTED,ST,,,,,COMMITTED CARGO CARE LTD,321.0,325.0,320.0,325.0,325.0,321.0,,325.0,,,10400,3363200.0,7,F1,800,,,,,
2026-06-30,2026-06-30,CM,NSE,STK,19670,INE070C01037,COMPINFO,BZ,,,,,COMPUAGE INFOCOM LTD,1.25,1.32,1.22,1.26,1.28,1.26,,1.26,,,38991,49167.45,44,F1,1,,,,,
2026-06-30,2026-06-30,CM,NSE,STK,31138,INE453B01029,COMPUSOFT,EQ,,,,,COMPUCOM SOFTWARE LTD,13.19,13.4,13.12,13.28,13.36,13.21,,13.28,,,16402,218187.11,88,F1,1,,,,,
2026-06-30,2026-06-30,CM,NSE,STK,342,INE596I01020,CAMS,EQ,,,,,COMPUTER AGE MNGT SER LTD,784.1,801.9,784.1,796.85,797.65,788.65,,796.85,,,1582304,1257992118.85,81333,F1,1,,,,,
2026-06-30,2026-06-30,CM,NSE,STK,18060,INE338H01029,CONCORDBIO,EQ,,,,,CONCORD BIOTECH LIMITED,1275.6,1294.5,1266.0,1280.2,1281.9,1261.9,,1279.6,,,82391,105615331.7,10653,F1,1,,,,,
2026-06-30,2026-06-30,CM,NSE,STK,28764,INE037Z01029,CEWATER,EQ,,,,,CONCORD ENVIRO SYSTEMS L,336.2,356.25,333.5,336.7,336.5,334.55,,336.6,,,159185,54724134.25,7052,F1,1,,,,,
2026-06-30,2026-06-30,CM,NSE,STK,10238,INE552D01024,CONFIPET,EQ,,,,,CONFIDENCE PETRO IND LTD.,71.6,74.7,70.3,73.14,73.87,71.47,,73.14,,,6762907,494880648.19,19411,F1,1,,,,,
2026-06-30,2026-06-30,CM,NSE,STK,758453,INE0EAS01014,CONNPLEX,SM,,,,,CONNPLEX CINEMAS LIMITED,195.0,202.25,188.4,198.75,198.0,196.45,,198.75,,,288000,56647040.0,121,F1,800,,,,,
2026-06-30,2026-06-30,CM,NSE,STK,14992,INE429I01024,CCCL,EQ,,,,,CONS. CONST. CONSORT LTD,17.37,17.89,16.85,17.31,17.18,16.89,,17.27,,,358840,6184978.94,854,F1,1,,,,,
2026-06-30,2026-06-30,CM,NSE,STK,11731,INE025A01027,CONSOFINVT,EQ,,,,,CONSO. FIN. & HOLD. LTD.,225.4,225.48,223.0,223.1,224.92,225.48,,223.1,,,2547,569567.33,108,F1,1,,,,,
2026-06-30,2026-06-30,CM,NSE,STK,4749,INE111A01025,CONCOR,EQ,,,,,CONTAINER CORP OF IND LTD,473.0,478.95,468.35,475.25,477.25,471.0,,475.25,,,1229797,582890734.2,20977,F1,1,,,,,
2026-06-30,2026-06-30,CM,NSE,STK,2531,INE340Z01019,CONTI,SM,,,,,CONTINENTAL SEED CHEM LTD,12.9,12.9,12.05,12.05,12.05,12.3,,12.05,,,9999,123654.3,3,F1,3333,,,,,
2026-06-30,2026-06-30,CM,NSE,STK,17477,INE663B01015,CONTROLPR,EQ,,,,,CONTROL PRINT LIMITED,626.25,629.35,616.8,621.7,619.5,617.35,,622.0,,,17586,10950012.65,2167,F1,1,,,,,
2026-06-30,2026-06-30,CM,NSE,STK,8567,INE0HS001028,COOLCAPS,ST,,,,,COOL CAPS INDUSTRIES LTD,25.35,25.35,23.75,23.75,23.75,25.0,,23.75,,,91250,2194687.5,54,F1,1250,,,,,
2026-06-30,2026-06-30,CM,NSE,STK,4007,INE558D01021,CORALFINAC,EQ,,,,,CORAL INDIA FIN & HOUS LT,31.2,32.3,31.2,31.31,31.57,31.74,,31.32,,,4019,126638.77,94,F1,1,,,,,
2026-06-30,2026-06-30,CM,NSE,STK,15275,INE792I01017,CORDSCABLE,BE,,,,,CORDS CABLE INDUS LTD.,211.9,213.99,206.01,211.2,213.75,207.39,,211.32,,,12927,2702424.34,201,F1,1,,,,,
2026-06-30,2026-06-30,CM,NSE,STK,739,INE169A01031,COROMANDEL,EQ,,,,,COROMANDEL INTERNTL. LTD,1919.9,2023.9,1918.0,2005.0,2015.2,1913.9,,2005.2,,,627136,1246714104.5,69916,F1,1,,,,,
2026-06-30,2026-06-30,CM,NSE,STK,760254,INE02ZQ01018,CORONA,EQ,,,,,CORONA REMEDIES LIMITED,1970.0,2000.0,1957.1,1967.3,1968.7,1968.8,,1967.2,,,21258,41967370.2,3654,F1,1,,,,,
2026-06-30,2026-06-30,CM,NSE,STK,742,INE757A01017,COSMOFIRST,EQ,,,,,COSMO FIRST LIMITED,799.9,807.0,781.55,788.25,790.8,792.75,,788.25,,,52651,41875641.75,2529,F1,1,,,,,
2026-06-30,2026-06-30,CM,NSE,STK,6385,INE652F01027,CCHHL,EQ,,,,,COUNTRY CLUB HOSP HOL LTD,13.03,13.03,12.51,12.56,12.51,13.03,,12.56,,,27614,350330.98,142,F1,1,,,,,
2026-06-30,2026-06-30,CM,NSE,STK,16986,INE695B01025,COUNCODOS,EQ,,,,,COUNTRY CONDO S LIMITED,4.62,4.94,4.62,4.8,4.81,4.82,,4.8,,,29457,140909.85,132,F1,1,,,,,
2026-06-30,2026-06-30,CM,NSE,STK,20090,INE521J01018,CPCAP,BE,,,,,CP CAPITAL LIMITED,103.25,106.85,103.25,106.1,105.6,105.83,,106.1,,,9242,963419.0,62,F1,1,,,,,
2026-06-30,2026-06-30,CM,NSE,STK,2328,INF457M01133,CPSEETF,EQ,,,,,CPSE ETF,101.84,101.84,96.18,96.94,97.15,96.99,,96.94,,,711590,68933366.82,7657,F1,1,,,,,
2026-06-30,2026-06-30,CM,NSE,STK,2854,INE00LO01017,CRAFTSMAN,EQ,,,,,CRAFTSMAN AUTOMATION LTD,9402.5,9520.0,9255.0,9460.0,9450.0,9388.0,,9460.0,,,85170,804994314.0,14894,F1,1,,,,,
2026-06-30,2026-06-30,CM,NSE,STK,16419,INE0OFK01019,CRAYONS,SM,,,,,CRAYONS ADVERTISING LTD,28.85,28.85,28.65,28.65,28.65,27.5,,28.65,,,6000,172300.0,4,F1,1000,,,,,
2026-06-30,2026-06-30,CM,NSE,STK,9384,INE230B01021,CREATIVEYE,EQ,,,,,CREATIVE EYE LIMITED,6.18,6.4,5.88,6.19,6.3,6.32,,6.19,,,6563,40203.47,83,F1,1,,,,,
2026-06-30,2026-06-30,CM,NSE,STK,23468,INE0R7401011,CGRAPHICS,SM,,,,,CREATIVE GRAPHICS S IND L,144.0,146.0,142.0,145.4,145.8,144.2,,145.4,,,25600,3706680.0,30,F1,800,,,,,
2026-06-30,2026-06-30,CM,NSE,STK,11155,INE985W01018,CNL,EQ,,,,,CREATIVE NEWTECH LIMITED,735.05,738.15,722.5,730.25,727.75,738.15,,730.25,,,10834,7895810.75,572,F1,1,,,,,
2026-06-30,2026-06-30,CM,NSE,STK,4421,INE741K01010,CREDITACC,EQ,,,,,CREDITACCESS GRAMEEN LTD,1438.8,1496.0,1432.1,1489.5,1489.1,1431.7,,1489.5,,,509666,754781006.5,40112,F1,1,,,,,
2026-06-30,2026-06-30,CM,NSE,STK,20878,INE220Q01020,MUFTI,EQ,,,,,CREDO BRANDS MARKETING L,86.5,87.72,85.0,85.16,85.1,86.91,,85.16,,,122209,10469684.78,2045,F1,1,,,,,
2026-06-30,2026-06-30,CM,NSE,STK,13900,INE559D01011,CREST,EQ,,,,,CREST VENTURES LIMITED,386.0,391.95,374.15,377.8,379.95,379.95,,377.8,,,2419,927132.7,162,F1,1,,,,,
2026-06-30,2026-06-30,CM,NSE,STK,757,INE007A01025,CRISIL,EQ,,,,,CRISIL LTD,4111.1,4140.0,4061.8,4079.0,4100.0,4076.3,,4079.0,,,53081,216786245.9,8150,F1,1,,,,,
2026-06-30,2026-06-30,CM,NSE,STK,757850,INE0S4R01014,CRIZAC,EQ,,,,,CRIZAC LIMITED,198.45,205.18,198.02,203.44,203.66,197.73,,203.44,,,172139,34952481.56,4451,F1,1,,,,,
2026-06-30,2026-06-30,CM,NSE,STK,17094,INE299U01018,CROMPTON,EQ,,,,,CROMPT GREA CON ELEC LTD,276.25,277.45,270.25,274.75,274.6,273.5,,274.75,,,3171260,868655127.05,35370,F1,1,,,,,
2026-06-30,2026-06-30,CM,NSE,STK,8083,INE491V01019,CROWN,EQ,,,,,CROWN LIFTERS LIMITED,114.9,114.9,110.15,111.89,112.5,111.83,,111.89,,,4170,467154.86,110,F1,1,,,,,
2026-06-30,2026-06-30,CM,NSE,STK,14966,INE679A01013,CSBBANK,EQ,,,,,CSB BANK LIMITED,330.95,340.95,329.55,339.85,339.35,328.85,,339.8,,,406869,136757597.35,12871,F1,1,,,,,
2026-06-30,2026-06-30,CM,NSE,STK,10350,INE718F01018,CSLFINANCE,EQ,,,,,CSL FINANCE LIMITED,250.0,253.66,228.3,228.93,228.5,229.46,,228.93,,,96116,23320285.92,1923,F1,1,,,,,
2026-06-30,2026-06-30,CM,NSE,STK,15078,INE0NR623014,CUBEINVIT,IV,,,,,CUBE HIGHWAYS TRUST,155.07,155.07,154.08,155.0,155.0,152.0,,155.0,,,100000,15478750.0,4,F1,25000,,,,,
2026-06-30,2026-06-30,CM,NSE,STK,4064,INE144D01012,CUBEXTUB,EQ,,,,,CUBEX TUBINGS LTD,83.11,84.94,79.6,80.76,80.98,83.11,,80.76,,,132392,10733749.46,2357,F1,1,,,,,
2026-06-30,2026-06-30,CM,NSE,STK,1901,INE298A01020,CUMMINSIND,EQ,,,,,CUMMINS INDIA LTD,5582.5,5699.0,5547.0,5659.5,5693.0,5541.5,,5659.5,,,646570,3646638149.0,58652,F1,1,,,,,
2026-06-30,2026-06-30,CM,NSE,STK,18520,INE509F01029,CUPID,EQ,,,,,CUPID LIMITED,189.75,191.0,186.0,189.93,190.0,188.4,,189.93,,,21752495,4128847851.04,98221,F1,1,,,,,
2026-06-30,2026-06-30,CM,NSE,STK,30189,INE117B01020,CURAA,EQ,,,,,CURA TECHNOLOGIES LIMITED,88.0,88.01,76.0,82.97,83.8,84.4,,82.99,,,3112,248620.37,63,F1,1,,,,,
2026-06-30,2026-06-30,CM,NSE,STK,759825,INE1BZN01016,CURIS,SM,,,,,CURIS LIFESCIENCES LTD,101.55,101.55,101.5,101.5,101.5,102.0,,101.5,,,2000,203050.0,2,F1,1000,,,,,
2026-06-30,2026-06-30,CM,NSE,STK,758964,INE1CRQ01014,CURRENT,SM,,,,,CURRENT INFRAPROJECTS LTD,105.3,105.3,104.9,105.05,104.9,110.0,,105.05,,,9600,1008640.0,6,F1,1600,,,,,
2026-06-30,2026-06-30,CM,NSE,STK,11845,INE278G01037,CYBERMEDIA,BE,,,,,CYBER MEDIA (INDIA) LTD.,16.08,16.6,16.0,16.34,16.58,16.0,,16.34,,,2732,44380.03,20,F1,1,,,,,
2026-06-30,2026-06-30,CM,NSE,STK,6054,INE214A01019,CYBERTECH,BE,,,,,CYBERTECH SYSTEMS & SOFTW,145.0,149.95,145.0,146.73,147.5,147.18,,146.69,,,8609,1269392.5,177,F1,1,,,,,
2026-06-30,2026-06-30,CM,NSE,STK,17187,INE055S01018,CYIENTDLM,EQ,,,,,CYIENT DLM LIMITED,459.1,472.0,454.65,460.3,464.0,461.25,,460.3,,,155061,71613451.05,6128,F1,1,,,,,
2026-06-30,2026-06-30,CM,NSE,STK,5748,INE136B01020,CYIENT,EQ,,,,,CYIENT LIMITED,877.0,877.3,856.35,871.95,873.8,881.55,,871.75,,,223387,193327893.95,15877,F1,1,,,,,
2026-06-30,2026-06-30,CM,NSE,STK,16900,INE864X01013,DPWIRES,EQ,,,,,D P WIRES LIMITED,202.62,204.0,196.5,199.27,198.2,201.62,,199.25,,,41694,8312067.2,1359,F1,1,,,,,
2026-06-30,2026-06-30,CM,NSE,STK,17851,INE250K01012,DLINKINDIA,EQ,,,,,D-LINK INDIA LTD,521.9,522.5,512.85,514.65,516.7,518.5,,514.65,,,135894,70274935.4,3237,F1,1,,,,,
2026-06-30,2026-06-30,CM,NSE,STK,936,INE266Y01019,DPABHUSHAN,EQ,,,,,D. P. ABHUSHAN LIMITED,955.25,963.95,930.05,935.65,935.0,951.2,,935.65,,,15378,14490784.8,1256,F1,1,,,,,
2026-06-30,2026-06-30,CM,NSE,STK,17881,INE950I01011,DBCORP,EQ,,,,,D.B.CORP LTD,193.99,194.96,188.11,190.75,190.02,193.61,,190.75,,,121002,23033036.56,3777,F1,1,,,,,
2026-06-30,2026-06-30,CM,NSE,STK,772,INE016A01026,DABUR,EQ,,,,,DABUR INDIA LTD,426.8,426.85,421.6,422.2,422.1,426.3,,422.2,,,1799370,761909378.05,41079,F1,1,,,,,
2026-06-30,2026-06-30,CM,NSE,STK,762636,INE928C01010,DAICHI,BE,,,,,DAI-ICHI KARKARIA LTD.,329.0,329.0,302.0,319.53,321.9,315.74,,319.97,,,1782,550789.95,55,F1,1,,,,,
2026-06-30,2026-06-30,CM,NSE,STK,8075,INE00R701025,DALBHARAT,EQ,,,,,DALMIA BHARAT LIMITED,1714.0,1720.1,1693.6,1700.6,1700.1,1700.5,,1700.6,,,210017,358046724.4,15418,F1,1,,,,,
2026-06-30,2026-06-30,CM,NSE,STK,781,INE495A01022,DALMIASUG,EQ,,,,,DALMIA BHARAT SUG IN LTD,325.0,330.7,322.4,325.75,325.15,326.2,,325.75,,,38846,12638934.05,1984,F1,1,,,,,
2026-06-30,2026-06-30,CM,NSE,STK,28662,INE284H01025,DAMCAPITAL,EQ,,,,,DAM CAPITAL ADVISORS LTD,148.47,149.59,146.1,147.04,147.8,148.22,,147.04,,,179985,26538887.72,2437,F1,1,,,,,
2026-06-30,2026-06-30,CM,NSE,STK,17541,INE497D01022,DAMODARIND,EQ,,,,,DAMODAR INDUSTRIES LTD,31.19,31.19,29.5,29.89,30.34,30.1,,30.3,,,1840,55327.21,112,F1,1,,,,,
2026-06-30,2026-06-30,CM,NSE,STK,1110,INE688Y01022,DANGEE,EQ,,,,,DANGEE DUMS LIMITED,3.37,3.37,3.21,3.28,3.3,3.22,,3.28,,,52595,172951.04,88,F1,1,,,,,
2026-06-30,2026-06-30,CM,NSE,STK,25927,INE0YU901016,DANISH,SM,,,,,DANISH POWER LIMITED,1020.0,1060.0,1016.05,1025.75,1028.0,1025.5,,1025.75,,,28650,29759910.0,149,F1,150,,,,,
2026-06-30,2026-06-30,CM,NSE,STK,7358,INE0IX101010,DATAPATTNS,EQ,,,,,DATA PATTERNS INDIA LTD,4500.0,4539.1,4432.1,4501.8,4525.0,4472.1,,4502.1,,,577539,2590116849.5,49698,F1,1,,,,,
2026-06-30,2026-06-30,CM,NSE,STK,11423,INE365B01017,DATAMATICS,EQ,,,,,DATAMATICS GLOBAL SER LTD,787.85,829.25,781.05,808.1,814.0,787.05,,808.1,,,109775,89028272.4,6406,F1,1,,,,,
2026-06-30,2026-06-30,CM,NSE,STK,21794,INE179G01029,DAVANGERE,EQ,,,,,DAVANGERE SUGAR COMPANY L,3.6,3.61,3.56,3.57,3.6,3.59,,3.57,,,2126509,7602569.6,1281,F1,1,,,,,
2026-06-30,2026-06-30,CM,NSE,STK,31107,INE921B01025,DBSTOCKBRO,EQ,,,,,DB (INT) STOCK BROKERS,31.2,34.69,31.2,33.64,33.0,32.0,,33.62,,,9235,308742.24,117,F1,1,,,,,
2026-06-30,2026-06-30,CM,NSE,STK,11568,INE0A1101019,DCI,BE,,,,,DC INFOTECH AND COMUN LTD,265.5,273.25,265.0,267.7,267.05,269.45,,266.85,,,7338,1958717.45,98,F1,1,,,,,
2026-06-30,2026-06-30,CM,NSE,STK,13725,INE503A01015,DCBBANK,EQ,,,,,DCB BANK LIMITED,188.0,190.04,184.51,185.2,185.82,187.87,,185.21,,,601559,112488770.45,9371,F1,1,,,,,
2026-06-30,2026-06-30,CM,NSE,STK,23520,INE0S8401018,DCG,SM,,,,,DCG CABLES & WIRES LTD,56.0,56.0,53.0,53.95,53.55,54.6,,53.95,,,50400,2722440.0,37,F1,1200,,,,,
2026-06-30,2026-06-30,CM,NSE,STK,8704,INE891B01012,DCMFINSERV,BE,,,,,DCM FINANCIAL SERVICES LT,5.5,5.5,5.48,5.48,5.48,5.48,,5.5,,,4680,25728.88,20,F1,1,,,,,
2026-06-30,2026-06-30,CM,NSE,STK,7323,INE498A01018,DCM,BE,,,,,DCM LIMITED,96.9,100.0,96.01,99.3,99.5,96.09,,99.17,,,6522,642647.21,69,F1,1,,,,,
2026-06-30,2026-06-30,CM,NSE,STK,11041,INE08KP01019,DCMNVL,BE,,,,,DCM NOUVELLE LIMITED,147.7,153.8,146.2,146.35,146.35,147.7,,150.63,,,1449,212736.5,23,F1,1,,,,,
2026-06-30,2026-06-30,CM,NSE,STK,760893,INE0OFM01015,DSFCL,BE,,,,,DCM SHRIRAM FINE CHEM LTD,24.1,24.19,23.51,24.0,24.04,23.97,,23.97,,,94312,2261505.47,184,F1,1,,,,,
2026-06-30,2026-06-30,CM,NSE,STK,7325,INE843D01027,DCMSRIND,EQ,,,,,DCM SHRIRAM IND LTD,38.6,38.6,37.0,37.72,37.53,37.25,,37.7,,,64584,2423007.63,461,F1,1,,,,,
2026-06-30,2026-06-30,CM,NSE,STK,760898,INE0OU201013,DCMSIL,BE,,,,,DCM SHRIRAM INTERNATNL L,71.57,74.48,71.57,73.98,73.98,73.03,,73.0,,,52469,3848503.21,126,F1,1,,,,,
2026-06-30,2026-06-30,CM,NSE,STK,811,INE499A01024,DCMSHRIRAM,EQ,,,,,DCM SHRIRAM LIMITED,1025.0,1035.1,1002.0,1005.8,1027.0,1027.3,,1005.8,,,51742,52498116.6,5513,F1,1,,,,,
2026-06-30,2026-06-30,CM,NSE,STK,817,INE500A01029,DCW,EQ,,,,,DCW LTD,47.19,47.56,46.75,47.44,47.49,47.17,,47.44,,,655564,31004298.15,2630,F1,1,,,,,
2026-06-30,2026-06-30,CM,NSE,STK,11895,INE0KL801015,DCXINDIA,EQ,,,,,DCX SYSTEMS LIMITED,195.0,202.5,194.01,198.72,198.75,194.23,,198.72,,,1684468,336346437.92,16576,F1,1,,,,,
2026-06-30,2026-06-30,CM,NSE,STK,29098,INE0HR601026,DDEVPLSTIK,EQ,,,,,DDEV PLASTIKS IND LTD,270.72,275.7,267.91,271.64,271.6,268.86,,271.64,,,73214,19889254.67,2113,F1,1,,,,,
2026-06-30,2026-06-30,CM,NSE,STK,15449,INE0JWV01011,DENEERS,SM,,,,,DE NEERS TOOLS LIMITED,190.2,194.0,184.0,191.25,191.0,192.25,,191.25,,,21000,3981630.0,34,F1,600,,,,,
2026-06-30,2026-06-30,CM,NSE,STK,4279,INE244A01016,DENORA,EQ,,,,,DE NORA INDIA LIMITED,903.7,921.95,885.05,903.05,890.0,903.7,,903.0,,,6140,5549739.75,747,F1,1,,,,,
2026-06-30,2026-06-30,CM,NSE,STK,14838,INE583C01021,DECCANCE,EQ,,,,,DECCAN CEMENTS LIMITED,598.8,613.9,596.0,598.05,596.2,598.8,,598.05,,,13238,7987283.9,533,F1,1,,,,,
2026-06-30,2026-06-30,CM,NSE,STK,762638,INE945F01025,DECNGOLD,EQ,,,,,DECCAN GOLD MINES LTD.,199.5,204.79,196.17,198.22,197.4,195.52,,198.21,,,2469605,495970824.76,19469,F1,1,,,,,
2026-06-30,2026-06-30,CM,NSE,STK,25421,INE0S7C01019,DECCANTRAN,SM,,,,,DECCAN TRANSCON LEASING L,21.1,21.1,21.1,21.1,21.1,21.1,,21.1,,,1200,25320.0,1,F1,1200,,,,,
2026-06-30,2026-06-30,CM,NSE,STK,24156,INE841L01016,DEEDEV,BE,,,,,DEE DEVELOPMENT ENG LTD,652.6,670.0,640.9,643.4,645.0,666.9,,643.7,,,112951,73551619.75,2357,F1,1,,,,,
2026-06-30,2026-06-30,CM,NSE,STK,3292,INE0FHS01024,DEEPINDS,EQ,,,,,DEEP INDUSTRIES LIMITED,465.0,465.8,453.0,454.55,454.5,462.1,,454.55,,,125410,57309782.3,3347,F1,1,,,,,
2026-06-30,2026-06-30,CM,NSE,STK,25894,INE0OPA01027,DBEIL,BE,,,,,DEEPAK BUILDERS & ENG I L,8.29,8.29,7.95,8.03,8.09,8.32,,8.03,,,304653,2446000.24,768,F1,1,,,,,
2026-06-30,2026-06-30,CM,NSE,STK,827,INE501A01019,DEEPAKFERT,EQ,,,,,DEEPAK FERTILIZERS & PETR,1555.0,1572.9,1552.5,1558.1,1560.0,1544.5,,1558.1,,,80394,125391345.0,10197,F1,1,,,,,
2026-06-30,2026-06-30,CM,NSE,STK,19943,INE288B01029,DEEPAKNTR,EQ,,,,,DEEPAK NITRITE LTD,1565.0,1576.1,1541.1,1546.4,1552.0,1563.7,,1546.5,,,104910,163110555.7,13371,F1,1,,,,,
2026-06-30,2026-06-30,CM,NSE,STK,22527,INE0SK801018,DELAPLEX,SM,,,,,DELAPLEX LIMITED,100.7,100.7,98.3,98.3,98.3,100.2,,98.3,,,1800,179820.0,3,F1,600,,,,,
2026-06-30,2026-06-30,CM,NSE,STK,9599,INE148O01028,DELHIVERY,EQ,,,,,DELHIVERY LIMITED,465.45,474.2,463.55,472.05,470.35,463.55,,472.05,,,3202117,1503266095.95,48727,F1,1,,,,,
2026-06-30,2026-06-30,CM,NSE,STK,24391,INE726L01027,DELPHIFX,EQ,,,,,DELPHI WORLD MONEY LTD,8.1,8.53,8.1,8.16,8.2,8.22,,8.16,,,81478,666841.22,184,F1,1,,,,,
2026-06-30,2026-06-30,CM,NSE,STK,29095,INE0XRN01019,DELTIC,ST,,,,,DELTA AUTOCORP LIMITED,34.0,34.9,33.0,33.1,33.0,33.4,,33.1,,,31000,1041250.0,19,F1,1000,,,,,
2026-06-30,2026-06-30,CM,NSE,STK,15044,INE124G01033,DELTACORP,EQ,,,,,DELTA CORP LIMITED,63.8,64.42,63.1,63.7,63.59,63.52,,63.69,,,897571,57144992.98,5260,F1,1,,,,,
2026-06-30,2026-06-30,CM,NSE,STK,1214,INE393A01011,DELTAMAGNT,EQ,,,,,DELTA MANUFACTURING LTD,62.4,62.4,59.6,60.73,60.55,61.63,,60.46,,,2920,176381.9,66,F1,1,,,,,
2026-06-30,2026-06-30,CM,NSE,STK,17722,INE947J01015,DEN,EQ,,,,,DEN NETWORKS LTD,29.35,29.74,28.7,29.19,29.3,29.34,,29.19,,,1458209,42432259.26,4262,F1,1,,,,,
2026-06-30,2026-06-30,CM,NSE,STK,29256,INE0R4L01018,DENTA,EQ,,,,,DENTA WATER N INFRA SOL L,335.65,343.25,328.35,331.45,329.0,335.65,,331.4,,,360542,120933116.45,7634,F1,1,,,,,
2026-06-30,2026-06-30,CM,NSE,STK,759079,INE0VOV01021,DEVX,EQ,,,,,DEV ACCELERATOR LIMITED,34.75,36.47,34.75,35.74,35.5,35.48,,35.74,,,100806,3619295.99,527,F1,1,,,,,
2026-06-30,2026-06-30,CM,NSE,STK,8146,INE060X01034,DEVIT,EQ,,,,,DEV INFO TECHNOLOGY LTD,25.5,30.2,25.07,28.51,28.8,25.63,,28.52,,,540377,15426245.5,4230,F1,1,,,,,
2026-06-30,2026-06-30,CM,NSE,STK,5373,INE872J01023,DEVYANI,EQ,,,,,DEVYANI INTERNATIONAL LTD,111.43,113.73,110.7,111.37,111.15,111.01,,111.37,,,2068243,231677239.2,17872,F1,1,,,,,
2026-06-30,2026-06-30,CM,NSE,STK,10895,INE0I3401014,DBOL,BE,,,,,DHAMPUR BIO ORGANICS LTD,114.5,115.99,110.15,111.56,111.36,114.57,,111.5,,,46943,5267671.39,285,F1,1,,,,,
2026-06-30,2026-06-30,CM,NSE,STK,857,INE041A01016,DHAMPURSUG,EQ,,,,,DHAMPUR SUGAR MILLS LTD.,138.4,140.79,135.8,139.14,138.16,137.63,,139.14,,,133865,18479476.53,2986,F1,1,,,,,
2026-06-30,2026-06-30,CM,NSE,STK,11359,INE680A01011,DHANBANK,EQ,,,,,DHANLAXMI BANK LIMITED,31.7,32.0,31.46,31.57,31.53,31.59,,31.57,,,482828,15274835.65,1903,F1,1,,,,,
2026-06-30,2026-06-30,CM,NSE,STK,27723,INE0V9V01010,DHANLAXMI,SM,,,,,DHANLAXMI CROP SCIENCE L,31.0,31.0,30.95,30.95,30.95,30.0,,30.95,,,6000,185800.0,3,F1,2000,,,,,
2026-06-30,2026-06-30,CM,NSE,STK,24418,INE0M3I01029,DHANSA,ST,,,,,DHANSA LABS LIMITED,23.1,23.1,23.1,23.1,23.1,22.0,,23.1,,,14000,323400.0,7,F1,2000,,,,,
2026-06-30,2026-06-30,CM,NSE,STK,24409,INE435G01025,DHANUKA,EQ,,,,,DHANUKA AGRITECH LTD,1055.1,1064.9,1043.4,1055.2,1055.5,1055.1,,1055.1,,,15420,16270330.1,2256,F1,1,,,,,
2026-06-30,2026-06-30,CM,NSE,STK,18769,INE704V01015,DIRL,SM,,,,,DHANUKA INFRA REALTY LTD,11.2,11.2,11.2,11.2,11.2,11.75,,11.2,,,6000,67200.0,1,F1,6000,,,,,
2026-06-30,2026-06-30,CM,NSE,STK,760489,INE2HJL01019,DHARARAIL,SM,,,,,DHARA RAIL PROJECTS LTD,159.95,159.95,158.05,158.95,158.95,158.0,,158.95,,,12000,1908400.0,12,F1,1000,,,,,
2026-06-30,2026-06-30,CM,NSE,STK,759203,INE278R01034,DHARAN,BZ,,,,,DHARAN INFRA-EPC LIMITED,0.16,0.16,0.15,0.16,0.16,0.15,,0.16,,,26351282,4211838.51,588,F1,1,,,,,
2026-06-30,2026-06-30,CM,NSE,STK,24747,INE0YRN01025,DHARIWAL,SM,,,,,DHARIWALCORP LIMITED,35.0,36.9,33.5,36.5,36.4,36.1,,36.5,,,162000,5796150.0,30,F1,3000,,,,,
2026-06-30,2026-06-30,CM,NSE,STK,13001,INE00OQ01016,DHARMAJ,EQ,,,,,DHARMAJ CROP GUARD LTD,263.2,267.4,257.05,265.25,267.0,261.1,,265.25,,,18377,4826327.6,1049,F1,1,,,,,
2026-06-30,2026-06-30,CM,NSE,STK,6860,INE506Z01015,DHRUV,BE,,,,,DHRUV CONSULTANCY SER LTD,28.0,28.32,27.25,27.47,27.5,28.34,,27.47,,,2051,56361.9,19,F1,1,,,,,
2026-06-30,2026-06-30,CM,NSE,STK,22233,INE320L01011,DHUNINV,EQ,,,,,DHUNSERI INVESTMENTS LTD,836.0,865.95,835.0,863.65,860.0,859.4,,862.45,,,636,543693.2,80,F1,1,,,,,
2026-06-30,2026-06-30,CM,NSE,STK,6227,INE341R01014,DTIL,EQ,,,,,DHUNSERI TEA & IND. LTD.,140.0,140.1,136.0,138.39,138.0,136.91,,138.41,,,4042,557142.76,171,F1,1,,,,,
2026-06-30,2026-06-30,CM,NSE,STK,15214,INE477B01010,DVL,EQ,,,,,DHUNSERI VENTURES LIMITED,236.0,236.99,231.61,233.79,234.0,235.1,,233.79,,,5182,1216704.2,201,F1,1,,,,,
2026-06-30,2026-06-30,CM,NSE,STK,18644,INE591D01014,DIAMINESQ,EQ,,,,,DIAMINES & CHEMICALS LTD,239.89,245.0,236.0,240.45,238.0,239.89,,240.45,,,6422,1541525.11,67,F1,1,,,,,
2026-06-30,2026-06-30,CM,NSE,STK,18543,INE989C01038,DIACABS,EQ,,,,,DIAMOND POWER INFRA LTD,211.0,215.4,206.48,209.34,209.5,208.54,,209.33,,,5770440,1210820860.83,33696,F1,1,,,,,
2026-06-30,2026-06-30,CM,NSE,STK,703,INE303A01010,DICIND,EQ,,,,,DIC INDIA LIMITED,505.0,524.9,503.2,513.8,510.0,501.8,,513.8,,,3471,1770713.25,155,F1,1,,,,,
2026-06-30,2026-06-30,CM,NSE,STK,25672,INE184O01015,DIFFNKG,EQ,,,,,DIFFUSION ENGINEERS LTD,421.55,436.2,413.8,424.2,427.7,415.3,,424.2,,,534011,226944873.95,14332,F1,1,,,,,
2026-06-30,2026-06-30,CM,NSE,STK,10346,INE03JI01017,DGCONTENT,EQ,,,,,DIGICONTENT LIMITED,27.5,27.5,26.21,27.1,27.1,26.58,,27.1,,,3999,108160.65,27,F1,1,,,,,
2026-06-30,2026-06-30,CM,NSE,STK,21247,INE0PSC01024,DIGIDRIVE,EQ,,,,,DIGIDRIVE DISTRIBUTORS L,18.15,19.0,18.11,18.92,18.6,18.19,,18.92,,,11205,209764.71,94,F1,1,,,,,
2026-06-30,2026-06-30,CM,NSE,STK,19138,INE0QJ901011,DIGIKORE,SM,,,,,DIGIKORE STUDIOS LIMITED,52.35,57.0,45.2,55.0,55.0,53.4,,55.0,,,324800,16785680.0,504,F1,400,,,,,
2026-06-30,2026-06-30,CM,NSE,STK,16687,INE927C01020,DIGISPICE,BE,,,,,DIGISPICE TECHNOLOGIES LT,19.56,20.0,19.02,19.81,19.85,19.56,,19.81,,,79853,1573056.95,204,F1,1,,,,,
2026-06-30,2026-06-30,CM,NSE,STK,757515,INE0U4701011,DIGITIDE,EQ,,,,,DIGITIDE SOLUTIONS LTD,85.01,85.78,84.0,84.89,84.99,85.01,,84.89,,,90305,7669063.16,1313,F1,1,,,,,
2026-06-30,2026-06-30,CM,NSE,STK,6127,INE731U01028,DIGJAMLMTD,EQ,,,,,DIGJAM LTD,46.5,49.0,45.33,46.0,45.9,46.88,,46.0,,,31990,1473659.23,93,F1,1,,,,,
2026-06-30,2026-06-30,CM,NSE,STK,641,INE016M01021,DNAMEDIA,EQ,,,,,DILIGENT MEDIA CORP LTD.,2.7,2.79,2.68,2.72,2.72,2.72,,2.72,,,26732,72930.43,128,F1,1,,,,,
2026-06-30,2026-06-30,CM,NSE,STK,18086,INE917M01012,DBL,EQ,,,,,DILIP BUILDCON LIMITED,467.0,467.0,447.55,448.5,449.0,463.85,,448.45,,,105773,47974831.55,5128,F1,1,,,,,
2026-06-30,2026-06-30,CM,NSE,STK,762643,INE131C01011,DISAQ,EQ,,,,,DISA INDIA LTD.,12480.0,12480.0,11800.0,11878.0,11800.0,11944.0,,11888.0,,,283,3400943.0,245,F1,1,,,,,
2026-06-30,2026-06-30,CM,NSE,STK,14540,INE836F01026,DISHTV,BE,,,,,DISH TV INDIA LTD.,3.07,3.1,3.02,3.02,3.05,3.06,,3.02,,,3614189,11078396.72,977,F1,1,,,,,
2026-06-30,2026-06-30,CM,NSE,STK,21704,INE385W01011,DCAL,EQ,,,,,DISHMAN CARBO AMCIS LTD,168.57,177.92,168.57,175.37,175.0,168.57,,175.36,,,436128,76345057.13,7376,F1,1,,,,,
2026-06-30,2026-06-30,CM,NSE,STK,14479,INE753U01022,DIVGIITTS,EQ,,,,,DIVGI TORQTRANSFER SYST L,881.0,1015.0,881.0,987.55,1005.0,873.35,,987.65,,,6111203,6008625812.2,159192,F1,1,,,,,
2026-06-30,2026-06-30,CM,NSE,STK,10940,INE361B01024,DIVISLAB,EQ,,,,,DIVI S LABORATORIES LTD,6560.5,6646.5,6536.0,6579.0,6599.0,6557.5,,6579.0,,,577958,3803231225.5,42896,F1,1,,,,,
2026-06-30,2026-06-30,CM,NSE,STK,30262,INE0NA501011,DIVINEHIRA,ST,,,,,DIVINE HIRA JEWELLERS LTD,328.0,340.8,313.55,338.35,340.0,325.5,,338.35,,,24800,8223520.0,52,F1,400,,,,,
2026-06-30,2026-06-30,CM,NSE,STK,24286,INE0SCO01019,DPEL,SM,,,,,DIVINE POWER ENERGY LTD,476.0,479.75,464.25,472.0,472.0,474.0,,472.0,,,22500,10583150.0,39,F1,500,,,,,
2026-06-30,2026-06-30,CM,NSE,STK,25680,INE0QYI01019,DIVYADHAN,ST,,,,,DIVYADHAN RECYCLING IND L,52.75,52.75,52.75,52.75,52.75,50.25,,52.75,,,14000,738500.0,6,F1,2000,,,,,
2026-06-30,2026-06-30,CM,NSE,STK,21690,INE935N01020,DIXON,EQ,,,,,DIXON TECHNO (INDIA) LTD,11894.0,12210.0,11800.0,11920.0,11911.0,11805.0,,11920.0,,,549203,6567772525.0,77776,F1,1,,,,,
2026-06-30,2026-06-30,CM,NSE,STK,12749,INE0B1K01014,DJML,EQ,,,,,DJ MEDIAPRINT & LOG LTD,117.49,117.99,113.41,115.26,114.15,115.39,,115.48,,,566761,65839601.76,7716,F1,1,,,,,
2026-06-30,2026-06-30,CM,NSE,STK,14732,INE271C01023,DLF,EQ,,,,,DLF LIMITED,614.3,625.5,608.65,620.05,619.95,614.75,,620.05,,,3349530,2069953511.5,52565,F1,1,,,,,
2026-06-30,2026-06-30,CM,NSE,STK,6973,INE505A01010,DMCC,EQ,,,,,DMCC SPECIALITY CHEMICALS,262.0,263.3,251.6,254.0,253.0,261.4,,253.95,,,37190,9533404.4,1286,F1,1,,,,,
2026-06-30,2026-06-30,CM,NSE,STK,4822,INE021O01019,DODLA,EQ,,,,,DODLA DAIRY LIMITED,1126.1,1128.9,1110.3,1122.7,1127.9,1121.3,,1122.7,,,4399,4923615.0,1070,F1,1,,,,,
2026-06-30,2026-06-30,CM,NSE,STK,12124,INE966A01022,DOLATALGO,EQ,,,,,DOLAT ALGOTECH LIMITED,72.01,73.2,71.4,72.48,72.9,72.17,,72.48,,,74219,5363684.18,1943,F1,1,,,,,
2026-06-30,2026-06-30,CM,NSE,STK,20560,INE325C01035,DOLLAR,EQ,,,,,DOLLAR INDUSTRIES LIMITED,272.4,272.65,266.8,267.35,266.8,272.65,,267.35,,,132921,35755353.7,3467,F1,1,,,,,
2026-06-30,2026-06-30,CM,NSE,STK,18139,INE920A01037,DOLPHIN,EQ,,,,,DOLPHIN OFF ENT (IND) L,373.25,375.0,369.05,371.45,373.0,368.55,,371.45,,,2172,808127.5,205,F1,1,,,,,
2026-06-30,2026-06-30,CM,NSE,STK,20551,INE321T01012,DOMS,EQ,,,,,DOMS INDUSTRIES LIMITED,2231.1,2347.0,2231.1,2309.6,2308.4,2231.1,,2309.7,,,198099,457394757.6,23714,F1,1,,,,,
2026-06-30,2026-06-30,CM,NSE,STK,13839,INE668D01028,DONEAR,EQ,,,,,DONEAR IND. LIMITED,88.06,89.29,85.5,85.85,86.3,87.02,,85.86,,,35870,3108301.21,661,F1,1,,,,,
2026-06-30,2026-06-30,CM,NSE,STK,15423,INE360C01024,DPSCLTD,BE,,,,,DPSC LIMITED,7.6,7.6,7.3,7.41,7.42,7.31,,7.41,,,104632,775365.35,357,F1,1,,,,,
2026-06-30,2026-06-30,CM,NSE,STK,29452,INE943P01029,AGARWALEYE,EQ,,,,,DR AGARWALS HEALTH CARE L,474.15,482.05,472.1,478.95,479.0,474.15,,478.95,,,29461,14093982.6,2064,F1,1,,,,,
2026-06-30,2026-06-30,CM,NSE,STK,762648,INE934C01018,DRAGARWQ,EQ,,,,,DR. AGARWAL'S EYE HOSP L,5016.0,5096.0,4983.7,5094.2,5096.0,5004.0,,5094.6,,,1255,6324940.0,401,F1,1,,,,,
2026-06-30,2026-06-30,CM,NSE,STK,11654,INE600L01024,LALPATHLAB,EQ,,,,,DR. LAL PATH LABS LTD.,1649.9,1671.5,1630.9,1646.2,1640.1,1647.0,,1646.2,,,426427,703128750.4,35231,F1,1,,,,,
2026-06-30,2026-06-30,CM,NSE,STK,881,INE089A01031,DRREDDY,EQ,,,,,DR. REDDY S LABORATORIES,1375.0,1375.0,1347.1,1357.1,1361.0,1375.7,,1357.1,,,2446438,3327081771.1,80649,F1,1,,,,,
2026-06-30,2026-06-30,CM,NSE,STK,2645,INE03RS01027,DRCSYSTEMS,EQ,,,,,DRC SYSTEMS INDIA LIMITED,14.13,14.5,14.0,14.36,14.32,14.02,,14.41,,,18324,263518.22,126,F1,1,,,,,
2026-06-30,2026-06-30,CM,NSE,STK,10859,INE0JS101016,DREAMFOLKS,EQ,,,,,DREAMFOLKS SERVICES LTD,66.5,68.67,66.31,67.93,68.0,66.49,,67.94,,,59505,4019317.01,1322,F1,1,,,,,
2026-06-30,2026-06-30,CM,NSE,STK,11271,INE506A01018,DREDGECORP,EQ,,,,,DREDGING CORP OF INDIA,1071.0,1119.8,1067.0,1097.0,1100.0,1067.1,,1097.2,,,296056,324549448.6,13205,F1,1,,,,,
2026-06-30,2026-06-30,CM,NSE,STK,17383,INE0P7201019,DRONE,ST,,,,,DRONE DESTINATION LIMITED,40.9,42.6,39.25,40.7,41.0,40.9,,40.7,,,36000,1460750.0,41,F1,500,,,,,
2026-06-30,2026-06-30,CM,NSE,STK,778,INE055C01020,KEEPLEARN,EQ,,,,,DSJ KEEP LEARNING LTD,2.0,2.0,1.85,1.9,1.91,1.92,,1.93,,,30955,58559.82,67,F1,1,,,,,
2026-06-30,2026-06-30,CM,NSE,STK,1927,INF740KA1EU7,LIQUIDETF,EQ,,,,,DSP LIQUID ETF,1000.0,1000.01,999.99,1000.0,1000.0,999.99,,1000.0,,,128060,128059884.84,297,F1,1,,,,,
2026-06-30,2026-06-30,CM,NSE,STK,761364,INF740KA1YH2,BANK10ADD,EQ,,,,,DSPAMC - BANK10ADD,17.33,17.33,17.17,17.2,17.2,17.29,,17.19,,,7931,136806.55,74,F1,1,,,,,
2026-06-30,2026-06-30,CM,NSE,STK,13644,INF740KA1RX3,BANKADD,EQ,,,,,DSPAMC - DSPBANK,59.38,59.38,58.79,58.96,59.06,59.08,,58.96,,,46352,2733514.63,118,F1,1,,,,,
2026-06-30,2026-06-30,CM,NSE,STK,15356,INF740KA1SW3,GOLDADD,EQ,,,,,DSPAMC - DSPGOLD,136.43,138.8,134.46,136.17,136.0,136.77,,136.17,,,439285,59680845.25,5323,F1,1,,,,,
2026-06-30,2026-06-30,CM,NSE,STK,17207,INF740KA1SX1,ITADD,EQ,,,,,DSPAMC - DSPIT,28.59,28.59,27.8,27.94,28.39,28.69,,27.95,,,863799,24296848.67,868,F1,1,,,,,
2026-06-30,2026-06-30,CM,NSE,STK,6606,INF740KA1QK2,EQUAL50ADD,EQ,,,,,DSPAMC - DSPNEWETF,338.66,338.71,336.62,337.63,338.5,338.66,,337.63,,,7496,2530494.5,239,F1,1,,,,,
2026-06-30,2026-06-30,CM,NSE,STK,7451,INF740KA1CL0,NIFTYADD,EQ,,,,,DSPAMC - DSPNIFTY,253.05,253.05,250.61,251.57,251.7,251.8,,251.57,,,116338,29232329.17,272,F1,1,,,,,
2026-06-30,2026-06-30,CM,NSE,STK,17616,INF740KA1SY9,PSUBANKADD,EQ,,,,,DSPAMC - DSPPSBKETF,86.78,86.87,85.7,86.0,85.7,86.79,,86.0,,,34080,2942586.43,336,F1,1,,,,,
2026-06-30,2026-06-30,CM,NSE,STK,17576,INF740KA1TA7,PVTBANKADD,EQ,,,,,DSPAMC - DSPPVBKETF,29.0,29.1,28.32,28.42,28.35,29.02,,28.42,,,870592,24794066.32,952,F1,1,,,,,
2026-06-30,2026-06-30,CM,NSE,STK,7456,INF740KA1QL0,MIDQ50ADD,EQ,,,,,DSPAMC - DSPQ50ETF,246.45,247.0,244.61,246.56,246.83,246.57,,246.56,,,2515,618672.23,147,F1,1,,,,,
2026-06-30,2026-06-30,CM,NSE,STK,17613,INF740KA1SZ6,SENSEXADD,EQ,,,,,DSPAMC - DSPSENXETF,78.86,79.06,78.43,78.58,79.05,78.86,,78.58,,,1047,82442.89,24,F1,1,,,,,
2026-06-30,2026-06-30,CM,NSE,STK,10761,INF740KA1RE3,SILVERADD,EQ,,,,,DSPAMC - DSPSILVETF,214.85,216.0,207.66,214.5,215.28,209.61,,214.48,,,313903,66940480.84,5465,F1,1,,,,,
2026-06-30,2026-06-30,CM,NSE,STK,759368,INF740KA1WU9,FLEXIADD,EQ,,,,,DSPAMC - FLEXIADD,9.63,9.63,9.55,9.58,9.6,9.64,,9.58,,,50577,484760.65,328,F1,1,,,,,
2026-06-30,2026-06-30,CM,NSE,STK,763530,INF740KA1ZA4,FMCGADD,EQ,,,,,DSPAMC - FMCGADD,49.12,49.16,48.91,49.0,49.02,49.22,,49.0,,,1611,78963.9,35,F1,1,,,,,
2026-06-30,2026-06-30,CM,NSE,STK,22592,INF740KA1UF4,HEALTHADD,EQ,,,,,DSPAMC - HEALTHADD,163.04,163.79,162.17,162.61,163.06,162.88,,162.96,,,17366,2827179.15,172,F1,1,,,,,
2026-06-30,2026-06-30,CM,NSE,STK,23407,INF740KA1UM0,LIQUIDADD,EQ,,,,,DSPAMC - LIQUIDADD,1133.4,1133.42,1133.4,1133.4,1133.41,1133.25,,1133.4,,,476241,539775839.93,1647,F1,1,,,,,
2026-06-30,2026-06-30,CM,NSE,STK,760356,INF740KA1WW5,MIDCAPADD,EQ,,,,,DSPAMC - MIDCAPADD,22.67,22.91,22.61,22.86,22.86,22.74,,22.86,,,37595,857814.59,43,F1,1,,,,,
2026-06-30,2026-06-30,CM,NSE,STK,759978,INF740KA1WV7,MSCIADD,EQ,,,,,DSPAMC - MSCIADD,29.12,29.26,29.06,29.22,29.22,29.25,,29.22,,,491,14283.36,7,F1,1,,,,,
2026-06-30,2026-06-30,CM,NSE,STK,29464,INF740KA1VE5,NEXT30ADD,EQ,,,,,DSPAMC - NEXT30ADD,41.82,42.03,41.63,41.83,41.84,41.74,,41.83,,,2436,101898.05,60,F1,1,,,,,
2026-06-30,2026-06-30,CM,NSE,STK,760599,INF740KA1XU7,NEXT50ADD,EQ,,,,,DSPAMC - NEXT50ADD,71.93,72.13,71.5,71.9,71.98,71.93,,71.92,,,1767,126987.43,31,F1,1,,,,,
2026-06-30,2026-06-30,CM,NSE,STK,760359,INF740KA1WX3,SMALLADD,EQ,,,,,DSPAMC - SMALLADD,17.81,17.85,17.65,17.84,17.73,17.73,,17.83,,,307885,5488756.43,106,F1,1,,,,,
2026-06-30,2026-06-30,CM,NSE,STK,25171,INF740KA1UR9,TOP10ADD,EQ,,,,,DSPAMC - TOP10ADD,87.73,87.73,86.5,86.72,86.89,87.58,,86.7,,,315544,27406908.39,716,F1,1,,,,,
2026-06-30,2026-06-30,CM,NSE,STK,13766,INE0LZO01015,DUCOL,SM,,,,,DUCOL ORGS AND COLOURS LT,106.0,106.0,104.1,106.0,106.0,106.0,,106.0,,,16800,1779280.0,12,F1,800,,,,,
2026-06-30,2026-06-30,CM,NSE,STK,28956,INE741L01018,DUCON,BE,,,,,DUCON INFRATECHNOLOGIES L,3.28,3.34,3.18,3.2,3.2,3.34,,3.2,,,338971,1092146.03,341,F1,1,,,,,
2026-06-30,2026-06-30,CM,NSE,STK,5466,INE0HPK01020,DUGLOBAL,ST,,,,,DUDIGITAL GLOBAL LIMITED,36.1,36.1,34.4,34.4,34.4,36.2,,34.4,,,30000,1037750.0,12,F1,2500,,,,,
2026-06-30,2026-06-30,CM,NSE,STK,24167,INE0OUW01013,DURLAX,ST,,,,,DURLAX TOP SURFACE LTD,48.95,48.95,47.5,47.8,48.55,48.65,,47.8,,,16000,768000.0,8,F1,2000,,,,,
2026-06-30,2026-06-30,CM,NSE,STK,11667,INE366A01041,DWARKESH,EQ,,,,,DWARIKESH SUGAR IND LTD,43.5,44.0,42.71,43.31,43.25,43.49,,43.31,,,457209,19781341.24,2603,F1,1,,,,,
2026-06-30,2026-06-30,CM,NSE,STK,25690,INE417B01040,DSSL,EQ,,,,,DYNACONS SYS & SOLN LTD,1330.0,1386.5,1330.0,1363.9,1364.0,1320.5,,1364.2,,,37200,50595907.4,2877,F1,1,,,,,
2026-06-30,2026-06-30,CM,NSE,STK,4525,INE221B01012,DYNAMATECH,EQ,,,,,DYNAMATIC TECHNOLOGIES,10012.0,10482.0,10012.0,10393.0,10441.0,9940.0,,10393.0,,,15167,156483179.0,6470,F1,1,,,,,
2026-06-30,2026-06-30,CM,NSE,STK,10417,INE600Y01019,DYCL,EQ,,,,,DYNAMIC CABLES LIMITED,371.85,375.2,366.25,367.75,368.3,369.6,,367.75,,,237154,87793238.35,7542,F1,1,,,,,
2026-06-30,2026-06-30,CM,NSE,STK,6082,INE0DZ701010,DYNAMIC,ST,,,,,DYNAMIC SRVCS & SEC LTD,170.0,172.4,163.3,168.95,168.95,171.85,,168.95,,,5500,916725.0,11,F1,500,,,,,
2026-06-30,2026-06-30,CM,NSE,STK,21314,INE256H01015,DYNPRO,EQ,,,,,DYNEMIC PRODUCTS LIMITED,234.05,242.0,228.1,237.85,234.0,232.1,,237.8,,,10201,2385126.95,457,F1,1,,,,,
2026-06-30,2026-06-30,CM,NSE,STK,19267,INE0KFF01017,EFACTOR,SM,,,,,E FACTOR EXPERIENCES LTD,183.8,183.8,183.8,183.8,183.8,174.1,,183.8,,,1600,294080.0,4,F1,400,,,,,
2026-06-30,2026-06-30,CM,NSE,STK,760534,INE1CEJ01017,E2ERAIL,ST,,,,,E TO E TRANS INFRA LTD,273.0,277.75,264.5,269.9,269.95,273.0,,269.9,,,23200,6243520.0,26,F1,800,,,,,
2026-06-30,2026-06-30,CM,NSE,STK,8937,INE255Z01027,E2E,EQ,,,,,E2E NETWORKS LIMITED,398.0,410.4,391.9,396.3,398.0,395.4,,396.3,,,986293,395689961.9,20206,F1,1,,,,,
2026-06-30,2026-06-30,CM,NSE,STK,9769,INE962C01035,EASTSILK,BE,,,,,EASTERN SILK INDUSTRIES L,48.01,49.0,48.01,49.0,49.0,48.0,,48.64,,,392,19109.0,2,F1,1,,,,,
2026-06-30,2026-06-30,CM,NSE,STK,2792,INE07O001026,EASEMYTRIP,EQ,,,,,EASY TRIP PLANNERS LTD,6.98,7.12,6.89,6.9,6.91,7.0,,6.9,,,45156396,314277723.61,16061,F1,1,,,,,
2026-06-30,2026-06-30,CM,NSE,STK,759974,INE528S07110,888ECL28,N1,,,,,ECL 8.88% 2028 SR V,980.0,984.0,975.0,984.0,984.0,980.0,,984.0,,,229,223686.5,7,F1,1,,,,,
2026-06-30,2026-06-30,CM,NSE,STK,759975,INE528S07128,925ECL28,N2,,,,,ECL 9.25% 2028 SR VI,968.56,968.56,968.56,968.56,968.56,993.4,,968.56,,,50,48428.0,1,F1,1,,,,,
2026-06-30,2026-06-30,CM,NSE,STK,15179,INE738I01010,ECLERX,EQ,,,,,ECLERX SERVICES LTD,1359.9,1373.8,1320.0,1324.9,1323.7,1345.3,,1324.8,,,283014,377940841.6,28250,F1,1,,,,,
2026-06-30,2026-06-30,CM,NSE,STK,759964,INE0VBS01016,ECOLINE,ST,,,,,ECOLINE EXIM LIMITED,205.2,205.2,193.9,200.0,200.0,204.1,,200.0,,,49000,9824450.0,14,F1,1000,,,,,
2026-06-30,2026-06-30,CM,NSE,STK,25062,INE06HJ01020,ECOSMOBLTY,BE,,,,,ECOS (INDIA) MOB & HOSP L,131.14,132.0,127.4,130.18,130.65,131.14,,130.46,,,19297,2492029.05,272,F1,1,,,,,
2026-06-30,2026-06-30,CM,NSE,STK,7196,INF754K01OB1,BBETF0432,EQ,,,,,EDELAMC - BBETF0432,1343.77,1354.0,1343.77,1351.46,1346.0,1351.36,,1351.24,,,1769,2391255.56,77,F1,1,,,,,
2026-06-30,2026-06-30,CM,NSE,STK,25258,INF754K01TE4,EBANKNIFTY,EQ,,,,,EDELAMC - EBANKNIFTY,58.31,58.49,58.09,58.21,58.21,58.36,,58.21,,,865,50442.83,18,F1,1,,,,,
2026-06-30,2026-06-30,CM,NSE,STK,16253,INF754K01KO2,EBBETF0430,EQ,,,,,EDELAMC - EBBETF0430,1611.0,1611.0,1600.38,1605.43,1606.09,1605.73,,1605.43,,,19459,31217040.56,374,F1,1,,,,,
2026-06-30,2026-06-30,CM,NSE,STK,22239,INF754K01LE1,EBBETF0431,EQ,,,,,EDELAMC - EBBETF0431,1428.66,1438.41,1428.66,1432.68,1436.94,1432.35,,1432.68,,,7934,11373294.8,141,F1,1,,,,,
2026-06-30,2026-06-30,CM,NSE,STK,13139,INF754K01QX0,EBBETF0433,EQ,,,,,EDELAMC - EBBETF0433,1307.96,1311.98,1303.01,1309.45,1311.98,1308.09,,1309.46,,,1413,1849970.29,140,F1,1,,,,,
2026-06-30,2026-06-30,CM,NSE,STK,29019,INF754K01TX4,ECAPINSURE,EQ,,,,,EDELAMC - ECAPINSURE,24.36,24.59,24.1,24.18,24.26,24.24,,24.18,,,16029,388050.85,183,F1,1,,,,,
2026-06-30,2026-06-30,CM,NSE,STK,19933,INF754K01SE6,EGOLD,EQ,,,,,EDELAMC - EGOLD,139.35,140.6,138.25,140.3,140.3,140.2,,140.3,,,109103,15269333.75,489,F1,1,,,,,
2026-06-30,2026-06-30,CM,NSE,STK,759466,INF754K01VW2,ELIQUID,EQ,,,,,EDELAMC - ELIQUID,1037.3,1037.3,1037.21,1037.21,1037.23,1037.08,,1037.21,,,11368,11791012.3,15,F1,1,,,,,
2026-06-30,2026-06-30,CM,NSE,STK,758952,INF754K01VV4,ELM250,EQ,,,,,EDELAMC - ELM250,16.37,16.52,16.3,16.42,16.37,16.37,,16.42,,,23367,384076.46,110,F1,1,,,,,
2026-06-30,2026-06-30,CM,NSE,STK,25996,INF754K01TF1,EMULTIMQ,EQ,,,,,EDELAMC - EMULTIMQ,41.98,41.98,41.45,41.79,41.79,41.16,,41.79,,,53122,2214423.33,161,F1,1,,,,,
2026-06-30,2026-06-30,CM,NSE,STK,763540,INF754K01XF3,ENEXT50,EQ,,,,,EDELAMC - ENEXT50,70.64,71.73,70.64,71.03,71.03,70.88,,71.14,,,246,17442.47,9,F1,1,,,,,
2026-06-30,2026-06-30,CM,NSE,STK,759998,INF754K01VX0,ENIFTY,EQ,,,,,EDELAMC - ENIFTY,24.67,24.67,23.96,24.02,24.06,24.07,,24.02,,,66634,1602488.1,45,F1,1,,,,,
2026-06-30,2026-06-30,CM,NSE,STK,759995,INF754K01VY8,ESENSEX,EQ,,,,,EDELAMC - ESENSEX,78.41,78.41,76.52,77.1,77.1,76.86,,77.1,,,289,22132.59,8,F1,1,,,,,
2026-06-30,2026-06-30,CM,NSE,STK,20257,INF754K01SF3,ESILVER,EQ,,,,,EDELAMC - ESILVER,217.49,224.0,216.41,222.97,223.29,217.48,,222.97,,,489030,108897351.47,6060,F1,1,,,,,
2026-06-30,2026-06-30,CM,NSE,STK,15119,INE532F01054,EDELWEISS,EQ,,,,,EDELWEISS FIN SERV LTD,121.5,122.8,119.34,120.81,121.39,120.89,,120.8,,,2238110,270958670.92,20671,F1,1,,,,,
2026-06-30,2026-06-30,CM,NSE,STK,758675,INE886D01026,EFCIL,EQ,,,,,EFC (I) LIMITED,185.0,189.9,183.01,188.3,188.5,184.74,,188.31,,,199407,37362404.46,3249,F1,1,,,,,
2026-06-30,2026-06-30,CM,NSE,STK,24438,INE0U9101019,EFFWA,ST,,,,,EFFWA INFRA & RESEARCH L,363.5,380.7,363.5,377.45,379.0,363.5,,377.45,,,29200,11009080.0,66,F1,400,,,,,
2026-06-30,2026-06-30,CM,NSE,STK,910,INE066A01021,EICHERMOT,EQ,,,,,EICHER MOTORS LTD,7392.0,7392.5,6942.5,7073.5,7101.0,7426.0,,7073.5,,,2474671,17558905868.5,211294,F1,1,,,,,
2026-06-30,2026-06-30,CM,NSE,STK,916,INE126A01031,EIDPARRY,EQ,,,,,EID PARRY INDIA LTD,714.0,723.55,707.45,713.95,712.0,714.0,,713.9,,,346018,247801599.4,12977,F1,1,,,,,
2026-06-30,2026-06-30,CM,NSE,STK,15399,INE276C01014,EIHAHOTELS,EQ,,,,,EIH ASSOCIATED HOTELS LTD,325.35,325.35,320.7,324.0,324.0,323.95,,324.0,,,3277,1062053.4,269,F1,1,,,,,
2026-06-30,2026-06-30,CM,NSE,STK,919,INE230A01023,EIHOTEL,EQ,,,,,EIH LIMITED,320.0,324.6,320.0,320.3,321.75,320.9,,320.3,,,85927,27602527.65,4870,F1,1,,,,,
2026-06-30,2026-06-30,CM,NSE,STK,4040,INE158B01016,EIMCOELECO,EQ,,,,,EIMCO ELECON (INDIA) LTD,1670.9,1762.5,1669.9,1753.2,1753.3,1663.1,,1753.0,,,26820,46351027.4,2546,F1,1,,,,,
2026-06-30,2026-06-30,CM,NSE,STK,762653,INE280B01018,ELANTAS,EQ,,,,,ELANTAS BECK INDIA LTD.,10719.0,10850.0,10600.0,10724.0,10650.0,10619.5,,10721.5,,,1107,11884030.5,758,F1,1,,,,,
2026-06-30,2026-06-30,CM,NSE,STK,762658,INE927X01018,ELCIDIN,EQ,,,,,ELCID INVESTMENTS LTD.,112700.0,113900.0,112000.0,113500.0,113500.0,113500.0,,113500.0,,,9,1014430.0,9,F1,1,,,,,
2026-06-30,2026-06-30,CM,NSE,STK,8953,INE668G01021,ELDEHSG,EQ,,,,,ELDECO HSG & IND LTD.,802.0,819.8,802.0,805.7,815.0,805.3,,812.2,,,202,163315.85,17,F1,1,,,,,
2026-06-30,2026-06-30,CM,NSE,STK,13643,INE205B01031,ELECON,EQ,,,,,ELECON ENG. CO. LTD,525.35,539.9,523.0,533.8,534.5,522.8,,533.8,,,303235,161548738.35,17690,F1,1,,,,,
2026-06-30,2026-06-30,CM,NSE,STK,20899,INE0Q1W01012,EFORCE,SM,,,,,ELECTRO FORCE (INDIA) LTD,21.6,21.8,21.6,21.8,21.8,21.6,,21.8,,,3600,78000.0,3,F1,1200,,,,,
2026-06-30,2026-06-30,CM,NSE,STK,11530,INE02YR01019,EMIL,EQ,,,,,ELECTRONICS MART IND LTD,116.76,123.0,116.41,121.73,122.0,116.31,,121.74,,,2871786,345643266.62,21095,F1,1,,,,,
2026-06-30,2026-06-30,CM,NSE,STK,928,INE086A01029,ELECTCAST,EQ,,,,,ELECTROSTEEL CASTINGS LTD,77.0,82.96,76.2,79.68,78.9,76.7,,79.81,,,2563291,201337046.16,18026,F1,1,,,,,
2026-06-30,2026-06-30,CM,NSE,STK,4469,INE822G01016,ELECTHERM,EQ,,,,,ELECTROTHERM (I) LTD.,1165.5,1185.5,1073.2,1097.9,1103.95,1165.5,,1097.9,,,65490,72882515.0,6046,F1,1,,,,,
2026-06-30,2026-06-30,CM,NSE,STK,29595,INE0R9101015,ELGNZ,SM,,,,,ELEGANZ INTERIORS LIMITED,69.1,69.1,68.15,68.5,68.65,70.75,,68.5,,,32000,2201850.0,29,F1,1000,,,,,
2026-06-30,2026-06-30,CM,NSE,STK,937,INE285A01027,ELGIEQUIP,EQ,,,,,ELGI EQUIPMENTS LTD,614.9,614.9,596.35,598.1,597.95,608.3,,598.1,,,386471,233053893.4,22467,F1,1,,,,,
2026-06-30,2026-06-30,CM,NSE,STK,24924,INE819L01012,ELGIRUBCO,EQ,,,,,ELGI RUBBER CO. LTD,47.0,47.78,44.02,44.63,45.0,45.79,,44.63,,,81957,3751455.34,750,F1,1,,,,,
2026-06-30,2026-06-30,CM,NSE,STK,13423,INE050401020,ELIN,EQ,,,,,ELIN ELECTRONICS LIMITED,99.9,103.81,98.71,102.17,102.45,98.43,,102.21,,,99324,10087418.27,1745,F1,1,,,,,
2026-06-30,2026-06-30,CM,NSE,STK,762663,INE669R01026,ELITECON,EQ,,,,,ELITECON INTERNATIONAL L,27.21,27.34,26.45,26.7,26.7,27.22,,26.7,,,1098180,29544276.95,4135,F1,1,,,,,
2026-06-30,2026-06-30,CM,NSE,STK,758563,INE236E01022,ELLEN,EQ,,,,,ELLENBARRIE INDUS GASES L,262.0,265.95,260.8,264.85,263.5,261.7,,264.8,,,131768,34750643.5,2599,F1,1,,,,,
2026-06-30,2026-06-30,CM,NSE,STK,4471,INE579B01039,ELPROINTL,EQ,,,,,ELPRO INTERNATIONAL LTD,174.0,174.0,171.5,172.42,172.1,171.74,,172.42,,,87707,15146617.13,548,F1,1,,,,,
2026-06-30,2026-06-30,CM,NSE,STK,29229,INE0ZOL01023,EMAPARTNER,SM,,,,,EMA PARTNERS INDIA LTD,87.4,87.4,80.05,82.35,80.35,86.6,,82.35,,,90000,7419650.0,68,F1,1000,,,,,
2026-06-30,2026-06-30,CM,NSE,STK,13517,INE548C01032,EMAMILTD,EQ,,,,,EMAMI LIMITED,406.75,408.45,400.05,404.3,404.65,408.55,,404.3,,,344706,139060411.8,15185,F1,1,,,,,
2026-06-30,2026-06-30,CM,NSE,STK,10074,INE830C01026,EMAMIPAP,EQ,,,,,EMAMI PAPER MILLS LIMITED,85.82,89.89,85.82,87.22,86.74,85.78,,87.22,,,39874,3497171.0,606,F1,1,,,,,
2026-06-30,2026-06-30,CM,NSE,STK,19281,INE778K01012,EMAMIREAL,BE,,,,,EMAMI REALTY LIMITED,82.1,86.0,81.5,84.99,85.0,84.79,,84.99,,,6206,519956.2,94,F1,1,,,,,
2026-06-30,2026-06-30,CM,NSE,STK,14450,INE069I01010,EMBDL,EQ,,,,,EMBASSY DEVELOPMENTS LTD,61.66,62.45,60.46,62.12,62.0,61.67,,62.12,,,3418245,210124493.38,14554,F1,1,,,,,
2026-06-30,2026-06-30,CM,NSE,STK,9383,INE041025011,EMBASSY,RR,,,,,EMBASSY OFFICE PARKS REIT,433.99,445.0,432.28,438.04,439.0,432.28,,438.04,,,606051,267430478.68,12636,F1,1,,,,,
2026-06-30,2026-06-30,CM,NSE,STK,24398,INE168P01015,EMCURE,EQ,,,,,EMCURE PHARMACEUTICALS L,1860.0,1871.3,1831.5,1836.0,1832.6,1849.5,,1836.0,,,175197,322994287.8,19604,F1,1,,,,,
2026-06-30,2026-06-30,CM,NSE,STK,27629,INE0RHD01013,ETML,SM,,,,,EMERALD TYRE MANUF LTD,88.25,88.25,88.0,88.0,88.0,89.0,,88.0,,,4800,422700.0,4,F1,1200,,,,,
2026-06-30,2026-06-30,CM,NSE,STK,13421,INE296H01011,EMKAY,EQ,,,,,EMKAY GLOBAL FIN SERV LTD,279.8,279.8,269.3,270.54,270.21,274.15,,270.49,,,33373,9065714.73,1038,F1,1,,,,,
2026-06-30,2026-06-30,CM,NSE,STK,10253,INE332S01011,EMKAYTOOLS,SM,,,,,EMKAY TAP & CUT. TOOL LTD,93.65,96.8,91.75,95.95,95.95,93.65,,95.95,,,600,56722.5,4,F1,150,,,,,
2026-06-30,2026-06-30,CM,NSE,STK,758591,INE0PXC01024,ETL,SM,,,,,EMKAY TOOLS LIMITED,1011.0,1011.0,1011.0,1011.0,1011.0,1011.0,,1011.0,,,150,151650.0,1,F1,150,,,,,
2026-06-30,2026-06-30,CM,NSE,STK,18142,INE753K01015,EMMBI,EQ,,,,,EMMBI INDUSTRIES LIMITED,93.0,103.0,93.0,97.55,97.06,93.47,,97.55,,,78677,7844055.2,1778,F1,1,,,,,
2026-06-30,2026-06-30,CM,NSE,STK,759728,INE1C6T01020,EMMVEE,EQ,,,,,EMMVEE PHOTOVOLTAIC PWR L,333.0,344.5,330.85,343.0,344.5,332.35,,343.0,,,2586303,878642460.15,38060,F1,1,,,,,
2026-06-30,2026-06-30,CM,NSE,STK,762673,INE507F01023,EMPOWER,BE,,,,,EMPOWER INDIA LTD.,2.41,2.48,2.39,2.46,2.48,2.37,,2.46,,,8423909,20741102.78,4538,F1,1,,,,,
2026-06-30,2026-06-30,CM,NSE,STK,18593,INE0OV601013,EMSLIMITED,EQ,,,,,EMS LIMITED,408.5,421.35,405.5,411.3,411.65,412.2,,411.3,,,423099,174672105.95,8853,F1,1,,,,,
2026-06-30,2026-06-30,CM,NSE,STK,9756,INE01QM01018,EMUDHRA,EQ,,,,,EMUDHRA LIMITED,446.9,448.95,437.35,446.0,441.35,442.6,,446.0,,,47885,21204153.05,2659,F1,1,,,,,
2026-06-30,2026-06-30,CM,NSE,STK,760321,INE433T01015,ENCOMPAS,SM,,,,,ENCOMPASS DESIGN INDIA L,243.9,243.9,237.0,239.1,243.75,239.85,,239.1,,,11600,2778720.0,18,F1,400,,,,,
2026-06-30,2026-06-30,CM,NSE,STK,18822,INE913H01037,ENDURANCE,EQ,,,,,ENDURANCE TECHNO. LTD.,2665.9,2680.7,2590.9,2673.6,2675.0,2663.2,,2673.6,,,111850,295686967.5,18505,F1,1,,,,,
2026-06-30,2026-06-30,CM,NSE,STK,15049,INE306C01019,ENERGYDEV,EQ,,,,,ENERGY DEVE. CO.LTD,16.3,16.49,16.0,16.26,16.11,16.14,,16.2,,,15619,253446.8,170,F1,1,,,,,
2026-06-30,2026-06-30,CM,NSE,STK,23745,INE0S1L01013,EMMIL,SM,,,,,ENERGY MISSION MACH IND L,127.95,134.0,125.0,129.65,129.65,125.0,,129.65,,,14250,1820475.0,31,F1,250,,,,,
2026-06-30,2026-06-30,CM,NSE,STK,23224,INE0S3X01014,ENFUSE,SM,,,,,ENFUSE SOLUTIONS LIMITED,167.0,167.0,159.95,159.95,159.95,163.85,,159.95,,,7200,1156170.0,8,F1,600,,,,,
2026-06-30,2026-06-30,CM,NSE,STK,4907,INE510A01028,ENGINERSIN,EQ,,,,,ENGINEERS INDIA LTD,245.8,246.4,239.21,240.61,240.0,244.47,,240.61,,,2043294,493890556.56,29191,F1,1,,,,,
2026-06-30,2026-06-30,CM,NSE,STK,23233,INE0R9I01021,ENSER,ST,,,,,ENSER COMMUNICATIONS LTD,14.15,15.1,14.15,14.5,14.2,14.8,,14.5,,,20000,291500.0,4,F1,5000,,,,,
2026-06-30,2026-06-30,CM,NSE,STK,22717,INE010601016,ENTERO,EQ,,,,,ENTERO HEALTHCARE SOLU L,1200.1,1210.5,1180.8,1190.0,1189.0,1200.1,,1190.0,,,56892,67964784.5,5512,F1,1,,,,,
2026-06-30,2026-06-30,CM,NSE,STK,13192,INE265F01028,ENIL,EQ,,,,,ENTERTAIN NET. IND. LTD.,106.02,107.46,104.2,105.15,105.15,106.02,,105.15,,,9796,1034020.89,216,F1,1,,,,,
2026-06-30,2026-06-30,CM,NSE,STK,27213,INE0LLY01014,EIEL,EQ,,,,,ENVIRO INFRA ENGINEERS L,221.22,226.99,220.44,223.73,223.2,219.46,,223.72,,,2102657,470539653.06,23440,F1,1,,,,,
2026-06-30,2026-06-30,CM,NSE,STK,25412,INE0SUH01015,ENVIRO,SM,,,,,ENVIROTECH SYSTEMS LTD,79.45,79.45,73.0,74.5,73.1,76.7,,74.5,,,28000,2105750.0,28,F1,1000,,,,,
2026-06-30,2026-06-30,CM,NSE,STK,22463,INE0G5901015,EPACK,EQ,,,,,EPACK DURABLE LIMITED,232.9,235.0,227.5,232.7,235.0,231.69,,232.69,,,557625,128670395.48,7375,F1,1,,,,,
2026-06-30,2026-06-30,CM,NSE,STK,759251,INE0MLS01022,EPACKPEB,EQ,,,,,EPACK PREFAB TECHN LTD,235.86,249.0,234.16,243.92,244.0,233.34,,243.92,,,1191805,288110490.08,15816,F1,1,,,,,
2026-06-30,2026-06-30,CM,NSE,STK,5382,INE071N01016,EPIGRAL,EQ,,,,,EPIGRAL LIMITED,1115.0,1126.3,1075.3,1084.1,1086.9,1113.1,,1084.2,,,28203,30826654.8,2991,F1,1,,,,,
2026-06-30,2026-06-30,CM,NSE,STK,981,INE255A01020,EPL,EQ,,,,,EPL LIMITED,226.4,227.26,223.15,224.8,225.0,225.57,,224.8,,,219011,49321244.91,6713,F1,1,,,,,
2026-06-30,2026-06-30,CM,NSE,STK,758346,INE11HF01010,EEPL,SM,,,,,EPPELTONE ENGINEERS LTD,91.2,94.7,91.05,94.7,94.65,91.1,,94.7,,,28000,2588350.0,17,F1,1000,,,,,
2026-06-30,2026-06-30,CM,NSE,STK,761217,INE1KEC01023,EPWINDIA,ST,,,,,EPW INDIA LIMITED,208.0,210.9,192.0,210.9,210.9,200.9,,210.9,,,30000,6058200.0,22,F1,1200,,,,,
2026-06-30,2026-06-30,CM,NSE,STK,3553,INE217G01035,EQUIPPP,BE,,,,,EQUIPPP SOC IMP TECH LTD,20.81,21.89,20.5,20.55,20.55,21.31,,21.87,,,1707,35424.79,20,F1,1,,,,,
2026-06-30,2026-06-30,CM,NSE,STK,913,INE063P01018,EQUITASBNK,EQ,,,,,EQUITAS SMALL FIN BNK LTD,74.99,75.99,73.85,75.41,75.9,74.6,,75.42,,,2756353,207462171.98,20185,F1,1,,,,,
2026-06-30,2026-06-30,CM,NSE,STK,21154,INE406M01024,ERIS,EQ,,,,,ERIS LIFESCIENCES LIMITED,1401.4,1447.9,1401.0,1433.5,1430.0,1405.7,,1433.5,,,45596,65125536.8,6293,F1,1,,,,,
2026-06-30,2026-06-30,CM,NSE,STK,955,INE284A01012,ESABINDIA,EQ,,,,,ESAB INDIA LTD,5750.0,5767.5,5680.0,5718.5,5750.0,5755.0,,5718.0,,,1890,10805182.0,660,F1,1,,,,,
2026-06-30,2026-06-30,CM,NSE,STK,19878,INE818W01011,ESAFSFB,EQ,,,,,ESAF SMALL FINANCE BANK L,32.7,33.85,32.4,33.5,33.26,32.54,,33.5,,,624301,20639194.97,2495,F1,1,,,,,
2026-06-30,2026-06-30,CM,NSE,STK,22767,INE0RQZ01017,ESCONET,ST,,,,,ESCONET TECHNOLOGIES LTD,142.8,142.8,136.0,140.0,140.0,136.0,,140.0,,,46800,6620780.0,93,F1,400,,,,,
2026-06-30,2026-06-30,CM,NSE,STK,958,INE042A01014,ESCORTS,EQ,,,,,ESCORTS KUBOTA LIMITED,2928.4,2970.0,2918.5,2935.9,2960.0,2897.2,,2935.7,,,80017,234679799.5,12668,F1,1,,,,,
2026-06-30,2026-06-30,CM,NSE,STK,25634,INE122M01019,ESSARSHPNG,EQ,,,,,ESSAR SHIPPING LTD,23.16,23.38,23.03,23.11,23.08,23.16,,23.09,,,45683,1057235.73,310,F1,1,,,,,
2026-06-30,2026-06-30,CM,NSE,STK,17087,INE0ITO01014,ESFL,ST,,,,,ESSEN SPECIALITY FILMS L,116.8,117.7,115.55,116.6,116.6,115.5,,116.6,,,10440,1214874.0,22,F1,360,,,,,
2026-06-30,2026-06-30,CM,NSE,STK,24265,INE778B01029,ESTER,EQ,,,,,ESTER INDUSTRIES LTD,89.86,91.7,87.92,89.86,89.85,89.87,,89.86,,,48378,4341554.47,1418,F1,1,,,,,
2026-06-30,2026-06-30,CM,NSE,STK,5097,INE758T01015,ETERNAL,EQ,,,,,ETERNAL LIMITED,260.2,266.7,257.3,264.6,265.2,259.4,,264.6,,,32940948,8649557240.65,153714,F1,1,,,,,
2026-06-30,2026-06-30,CM,NSE,STK,9750,INE04TZ01018,ETHOSLTD,EQ,,,,,ETHOS LIMITED,2457.2,2471.0,2410.0,2448.8,2435.4,2437.6,,2449.2,,,10001,24379622.9,1830,F1,1,,,,,
2026-06-30,2026-06-30,CM,NSE,STK,25162,INE0KCE01017,EUREKAFORB,EQ,,,,,EUREKA FORBES LIMITED,444.0,459.95,444.0,458.5,457.1,443.6,,458.45,,,348055,156893871.25,13847,F1,1,,,,,
2026-06-30,2026-06-30,CM,NSE,STK,6042,INE546V01010,EIFFL,BE,,,,,EURO (I) FRESH FOODS LTD,326.5,332.65,320.0,322.79,321.0,321.36,,322.79,,,6082,1960773.35,201,F1,1,,,,,
2026-06-30,2026-06-30,CM,NSE,STK,757953,INE505V01016,EUROBOND,EQ,,,,,EURO PANEL PRODUCTS LTD,171.0,171.0,165.01,166.8,165.6,167.19,,166.88,,,1822,306451.56,149,F1,1,,,,,
2026-06-30,2026-06-30,CM,NSE,STK,759797,INE198501012,EUROPRATIK,EQ,,,,,EURO PRATIK SALES LIMITED,280.05,290.95,280.0,281.6,280.0,282.65,,281.6,,,206667,58519914.9,4597,F1,1,,,,,
2026-06-30,2026-06-30,CM,NSE,STK,8886,INE022C01012,EUROTEXIND,BE,,,,,EUROTEX IND & EXPORTS LTD,17.16,17.49,16.23,16.23,16.23,17.08,,16.34,,,8819,143538.43,17,F1,1,,,,,
2026-06-30,2026-06-30,CM,NSE,STK,11782,INE128A01029,EVEREADY,EQ,,,,,EVEREADY INDS. IND.  LTD.,367.0,378.4,364.85,367.5,369.4,366.05,,367.45,,,256814,95435840.55,5884,F1,1,,,,,
2026-06-30,2026-06-30,CM,NSE,STK,993,INE295A01018,EVERESTIND,EQ,,,,,EVEREST INDUSTRIES LTD,480.0,526.8,465.1,512.85,515.0,473.1,,512.8,,,235687,119871174.75,8925,F1,1,,,,,
2026-06-30,2026-06-30,CM,NSE,STK,13091,INE184H01027,EKC,EQ,,,,,EVEREST KANTO CYLINDERLTD,118.0,118.88,116.0,116.79,117.1,117.21,,116.79,,,135968,15904366.74,1833,F1,1,,,,,
2026-06-30,2026-06-30,CM,NSE,STK,11471,INE369A01029,EXCELINDUS,EQ,,,,,EXCEL INDUSTRIES LTD,907.7,915.0,904.45,909.75,907.0,903.3,,909.75,,,5328,4839024.85,267,F1,1,,,,,
2026-06-30,2026-06-30,CM,NSE,STK,25327,INE0Y4801011,EXCELLENT,ST,,,,,EXCELLENT WIRES N PACK L,192.2,196.0,192.2,196.0,196.0,196.1,,196.0,,,11200,2176960.0,7,F1,1600,,,,,
2026-06-30,2026-06-30,CM,NSE,STK,760007,INE606N01019,EXCELSOFT,EQ,,,,,EXCELSOFT TECHNOLOGIES L,75.36,75.74,73.55,74.67,75.0,75.36,,74.66,,,304229,22666625.18,3020,F1,1,,,,,
2026-06-30,2026-06-30,CM,NSE,STK,22947,INE777F01014,EXICOM,EQ,,,,,EXICOM TELE SYSTEMS LTD,159.49,172.0,157.39,170.83,171.0,155.78,,170.83,,,7379378,1234653214.55,52556,F1,1,,,,,
2026-06-30,2026-06-30,CM,NSE,STK,676,INE302A01020,EXIDEIND,EQ,,,,,EXIDE INDUSTRIES LTD,387.0,395.5,385.55,387.6,388.0,386.55,,387.6,,,3845468,1505907633.0,50635,F1,1,,,,,
2026-06-30,2026-06-30,CM,NSE,STK,760422,INE19I001020,EXIMROUTES,SM,,,,,EXIM ROUTES LIMITED,107.0,110.0,103.0,105.2,110.0,106.0,,105.2,,,15200,1604880.0,15,F1,800,,,,,
2026-06-30,2026-06-30,CM,NSE,STK,17486,INE201K01015,EXPLEOSOL,EQ,,,,,EXPLEO SOLUTIONS LIMITED,810.0,814.95,792.05,799.35,800.0,806.35,,799.35,,,9491,7606433.15,983,F1,1,,,,,
2026-06-30,2026-06-30,CM,NSE,STK,5352,INE0GFE01026,EXXARO,EQ,,,,,EXXARO TILES LIMITED,6.73,6.78,6.57,6.69,6.7,6.62,,6.69,,,179213,1192868.64,410,F1,1,,,,,
2026-06-30,2026-06-30,CM,NSE,STK,760125,INE0HF201011,FABTECH,EQ,,,,,FABTECH TECHNOLOGIES LTD,156.17,159.99,154.5,156.29,156.0,156.63,,156.29,,,176712,27757074.59,2637,F1,1,,,,,
2026-06-30,2026-06-30,CM,NSE,STK,1008,INE188A01015,FACT,EQ,,,,,FACT LTD,875.0,877.75,853.2,872.8,873.0,869.6,,872.8,,,253815,219671634.55,14496,F1,1,,,,,
2026-06-30,2026-06-30,CM,NSE,STK,1614,INE0DNW01011,FAIRCHEMOR,EQ,,,,,FAIRCHEM ORGANICS LIMITED,653.3,680.85,639.15,670.25,669.0,643.65,,670.3,,,35926,24056954.9,2298,F1,1,,,,,
2026-06-30,2026-06-30,CM,NSE,STK,24150,INE0PQK01013,FALCONTECH,SM,,,,,FALCON TECHNOPROJ IND LTD,11.35,11.65,11.0,11.6,11.65,11.3,,11.6,,,14400,164760.0,12,F1,1200,,,,,
2026-06-30,2026-06-30,CM,NSE,STK,12000,INE963C01033,FAZE3Q,EQ,,,,,FAZE THREE LIMITED,601.95,617.1,586.95,598.95,602.9,604.25,,599.35,,,14122,8428571.85,882,F1,1,,,,,
2026-06-30,2026-06-30,CM,NSE,STK,12002,INE512B01022,FCSSOFT,BE,,,,,FCS SOFTWARE SOLN. LTD.,1.52,1.53,1.5,1.51,1.51,1.51,,1.53,,,823044,1246398.03,528,F1,1,,,,,
2026-06-30,2026-06-30,CM,NSE,STK,4898,INE258B01022,FDC,EQ,,,,,FDC LIMITED,418.45,432.0,416.3,423.85,425.5,420.7,,423.8,,,488814,208037312.2,18458,F1,1,,,,,
2026-06-30,2026-06-30,CM,NSE,STK,20322,INE007N01010,FEDFINA,EQ,,,,,FEDBANK FINANCIAL SER L,145.16,149.55,144.33,148.71,148.95,147.1,,148.7,,,1821217,268249814.23,17175,F1,1,,,,,
2026-06-30,2026-06-30,CM,NSE,STK,762675,INE417D01020,FEDDERSHOL,EQ,,,,,FEDDERS HOLDING LTD.,41.61,41.89,39.5,40.27,39.75,41.0,,40.28,,,187499,7625880.29,1185,F1,1,,,,,
2026-06-30,2026-06-30,CM,NSE,STK,1023,INE171A01029,FEDERALBNK,EQ,,,,,FEDERAL BANK LTD,324.8,331.8,323.7,330.05,329.05,324.05,,330.05,,,15572784,5125953434.2,133663,F1,1,,,,,
2026-06-30,2026-06-30,CM,NSE,STK,1190,INE529A01010,FMGOETZE,EQ,,,,,FEDERAL-MOGUL GOETZE (IND,450.0,455.25,440.2,444.15,445.9,449.55,,444.15,,,31671,14150946.85,1680,F1,1,,,,,
2026-06-30,2026-06-30,CM,NSE,STK,573,INE901X01013,FELIX,SM,,,,,FELIX INDUSTRIES LTD.,184.0,188.6,184.0,185.75,184.5,183.35,,185.75,,,44500,8284700.0,55,F1,500,,,,,
2026-06-30,2026-06-30,CM,NSE,STK,762680,INE225B01021,FERMENTA,EQ,,,,,FERMENTA BIOTECH LTD.,356.0,369.0,351.5,355.8,356.5,357.85,,355.75,,,69736,25126582.0,2127,F1,1,,,,,
2026-06-30,2026-06-30,CM,NSE,STK,8159,INE296C01020,FIBERWEB,EQ,,,,,FIBERWEB INDIA LIMITED,30.38,31.19,29.0,30.36,30.12,30.38,,30.37,,,14565,439005.65,112,F1,1,,,,,
2026-06-30,2026-06-30,CM,NSE,STK,9858,INE0LQQ01019,FIDEL,SM,,,,,FIDEL SOFTECH LIMITED,130.0,147.9,130.0,143.6,143.6,154.95,,143.6,,,6000,854150.0,6,F1,1000,,,,,
2026-06-30,2026-06-30,CM,NSE,STK,13710,INE737H01014,FIEMIND,EQ,,,,,FIEM INDUSTRIES LIMITED,2231.4,2271.1,2231.4,2261.3,2268.0,2244.8,,2261.3,,,20715,46771668.5,4393,F1,1,,,,,
2026-06-30,2026-06-30,CM,NSE,STK,23651,INE185E01021,FILATFASH,BE,,,,,FILATEX FASHIONS LIMITED,0.19,0.2,0.18,0.18,0.18,0.19,,0.18,,,93941982,17052597.96,5150,F1,1,,,,,
2026-06-30,2026-06-30,CM,NSE,STK,24532,INE816B01035,FILATEX,EQ,,,,,FILATEX INDIA LTD,51.61,52.99,51.57,51.91,52.99,51.73,,51.91,,,327007,17000804.21,3303,F1,1,,,,,
2026-06-30,2026-06-30,CM,NSE,STK,759776,INE0EDU01014,FINBUD,SM,,,,,FINBUD FINANCIAL SERV LTD,126.85,126.85,116.15,120.75,116.15,126.85,,120.75,,,26000,3207600.0,26,F1,1000,,,,,
2026-06-30,2026-06-30,CM,NSE,STK,3744,INE686Y01026,FINEORG,EQ,,,,,FINE ORGANIC IND. LTD.,5365.0,5407.0,5210.0,5295.8,5249.3,5334.1,,5294.2,,,19911,106556254.7,5774,F1,1,,,,,
2026-06-30,2026-06-30,CM,NSE,STK,6198,INE045J01034,FCL,EQ,,,,,FINEOTEX CHEMICAL LIMITED,38.98,39.67,38.5,38.8,39.0,38.26,,38.8,,,6035278,235094795.6,14600,F1,1,,,,,
2026-06-30,2026-06-30,CM,NSE,STK,759239,INE734I01027,FINKURVE,EQ,,,,,FINKURVE FINANCIAL SERV L,64.0,66.79,63.65,65.26,64.25,64.54,,65.26,,,87510,5756170.52,447,F1,1,,,,,
2026-06-30,2026-06-30,CM,NSE,STK,6579,INE02NC01014,FINOPB,EQ,,,,,FINO PAYMENTS BANK LTD,146.65,146.67,142.1,143.29,143.9,145.64,,143.29,,,111561,16081279.11,2058,F1,1,,,,,
2026-06-30,2026-06-30,CM,NSE,STK,1038,INE235A01022,FINCABLES,EQ,,,,,FINOLEX CABLES LTD,1185.0,1186.1,1152.5,1169.4,1168.9,1179.2,,1169.4,,,364635,426629142.2,25059,F1,1,,,,,
2026-06-30,2026-06-30,CM,NSE,STK,1041,INE183A01024,FINPIPE,EQ,,,,,FINOLEX INDUSTRIES LTD,175.45,176.9,173.68,174.87,176.9,174.52,,174.87,,,437012,76598685.58,10556,F1,1,,,,,
2026-06-30,2026-06-30,CM,NSE,STK,14304,INE684F01012,FSL,EQ,,,,,FIRSTSOURCE SOLU. LTD.,235.6,236.9,227.2,228.45,228.1,235.35,,228.45,,,1594824,367318396.15,28979,F1,1,,,,,
2026-06-30,2026-06-30,CM,NSE,STK,757658,INE771F01041,FISCHER,EQ,,,,,FISCHER MEDICAL VENTURE L,38.9,42.11,38.52,41.72,41.51,38.29,,41.72,,,9859221,393503735.5,20287,F1,1,,,,,
2026-06-30,2026-06-30,CM,NSE,STK,12032,INE128S01021,FIVESTAR,EQ,,,,,FIVE-STAR BUS FIN LTD,487.3,512.5,485.2,505.1,502.3,487.25,,505.05,,,1170943,589636645.2,31310,F1,1,,,,,
2026-06-30,2026-06-30,CM,NSE,STK,20372,INE00Y201027,FLAIR,EQ,,,,,FLAIR WRITING INDUST LTD,264.45,265.85,259.05,260.0,260.0,264.45,,260.0,,,321741,84050374.45,8031,F1,1,,,,,
2026-06-30,2026-06-30,CM,NSE,STK,25516,INE060J01017,FLEXITUFF,BE,,,,,FLEXITUFF VENTURES INT L,5.86,5.86,5.48,5.6,5.5,5.76,,5.62,,,21812,122064.26,87,F1,1,,,,,
2026-06-30,2026-06-30,CM,NSE,STK,758208,INE0VCK01011,FLYSBS,SM,,,,,FLYSBS AVIATION LIMITED,479.0,481.0,460.05,475.6,476.0,481.5,,475.6,,,21600,10258770.0,89,F1,200,,,,,
2026-06-30,2026-06-30,CM,NSE,STK,760331,INE0SQZ01015,FWSTC,SM,,,,,FLYWINGS SIMULAT T C LTD,188.5,188.5,187.0,187.5,187.5,182.95,,187.5,,,12000,2260200.0,4,F1,600,,,,,
2026-06-30,2026-06-30,CM,NSE,STK,7385,INE0I7D01019,FOCE,SM,,,,,FOCE INDIA LIMITED,605.0,618.0,605.0,618.0,618.0,603.0,,618.0,,,5520,3349440.0,6,F1,240,,,,,
2026-06-30,2026-06-30,CM,NSE,STK,6836,INE593W01028,FOCUS,EQ,,,,,FOCUS LIGHTG & FIXTRS LTD,90.1,92.67,87.51,89.63,89.46,90.01,,89.63,,,144973,13131464.61,3138,F1,1,,,,,
2026-06-30,2026-06-30,CM,NSE,STK,6673,INE976E01023,FOODSIN,EQ,,,,,FOODS & INNS LIMITED,54.06,55.23,53.87,54.43,54.15,54.14,,54.43,,,70079,3818098.35,1865,F1,1,,,,,
2026-06-30,2026-06-30,CM,NSE,STK,24914,INE0U2501017,FORCAS,SM,,,,,FORCAS STUDIO LIMITED,94.9,95.0,94.0,94.5,94.5,94.9,,94.5,,,22400,2117280.0,9,F1,1600,,,,,
2026-06-30,2026-06-30,CM,NSE,STK,11573,INE451A01017,FORCEMOT,EQ,,,,,FORCE MOTORS LIMITED,17945.0,18671.0,17730.0,18580.0,18599.0,17825.0,,18579.0,,,159755,2915337050.0,36076,F1,1,,,,,
2026-06-30,2026-06-30,CM,NSE,STK,14592,INE061F01013,FORTIS,EQ,,,,,FORTIS HEALTHCARE LTD,956.6,964.9,948.6,956.95,957.05,950.4,,956.95,,,1619767,1550932194.85,53056,F1,1,,,,,
2026-06-30,2026-06-30,CM,NSE,STK,1073,INE519A01011,FOSECOIND,EQ,,,,,FOSECO INDIA LTD,5360.9,5370.0,5293.1,5331.1,5313.2,5323.4,,5331.3,,,5807,31039429.0,1155,F1,1,,,,,
2026-06-30,2026-06-30,CM,NSE,STK,760961,INE212S01015,FRACTAL,EQ,,,,,FRACTAL ANALYTICS LIMITED,893.0,904.8,881.1,887.2,889.0,890.8,,887.4,,,275373,245755276.8,23519,F1,1,,,,,
2026-06-30,2026-06-30,CM,NSE,STK,18179,INF090I01VX3,FICRF3GP,MF,,,,,FRANTEMAMC - FICRF3GP,225.9,225.9,225.9,225.9,225.9,251.0,,225.9,,,37,8358.3,1,F1,1,,,,,
2026-06-30,2026-06-30,CM,NSE,STK,25868,INE0SFW01015,FRESHARA,SM,,,,,FRESHARA AGRO EXPORTS LTD,236.0,240.0,228.2,230.9,228.2,236.0,,230.9,,,12600,2966580.0,17,F1,600,,,,,
2026-06-30,2026-06-30,CM,NSE,STK,11504,INE385O01018,FROG,ST,,,,,FROG INNOVATIONS LIMITED,166.5,175.9,163.0,164.3,163.0,167.55,,164.3,,,36800,6298220.0,79,F1,400,,,,,
2026-06-30,2026-06-30,CM,NSE,STK,762685,INE572D01014,FRONTSP,EQ,,,,,FRONTIER SPRINGS LTD.,1420.0,1428.2,1378.7,1384.4,1388.0,1407.8,,1384.6,,,21571,30191053.7,2084,F1,1,,,,,
2026-06-30,2026-06-30,CM,NSE,STK,6545,INE388Y01029,NYKAA,EQ,,,,,FSN E COMMERCE VENTURES,304.3,312.9,301.5,310.85,312.6,302.05,,310.85,,,10077069,3115667005.05,84314,F1,1,,,,,
2026-06-30,2026-06-30,CM,NSE,STK,759876,INE12UR01024,UTLSOLAR,EQ,,,,,FUJIYAMA POWER SYSTEMS L,317.0,323.1,314.9,323.1,323.1,307.75,,323.05,,,553966,178305917.2,5421,F1,1,,,,,
2026-06-30,2026-06-30,CM,NSE,STK,11932,INE139R01012,FUSION,EQ,,,,,FUSION FINANCE LIMITED,187.45,195.98,187.32,190.2,189.55,185.74,,190.2,,,953117,182803746.34,11301,F1,1,,,,,
2026-06-30,2026-06-30,CM,NSE,STK,14868,INE452O01016,FLFL,BZ,,,,,FUT LIFESTYLE FASH LTD,1.36,1.46,1.36,1.4,1.4,1.41,,1.4,,,24849,34643.22,53,F1,1,,,,,
2026-06-30,2026-06-30,CM,NSE,STK,13812,INE623B01027,FEL,BZ,,,,,FUTURE ENTERPRISES LTD,0.4,0.41,0.4,0.4,0.4,0.4,,0.4,,,66232,26895.43,64,F1,1,,,,,
2026-06-30,2026-06-30,CM,NSE,STK,30491,IN9623B01058,FELDVR,BZ,,,,,FUTURE ENTERPRISES LTD,2.3,2.49,2.28,2.43,2.49,2.38,,2.57,,,1328,3117.13,23,F1,1,,,,,
2026-06-30,2026-06-30,CM,NSE,STK,21021,INE360L01017,FMNL,BE,,,,,FUTURE MKT NETWORKS LTD,10.92,11.21,10.4,10.74,10.9,10.92,,10.77,,,19805,209064.18,111,F1,1,,,,,
2026-06-30,2026-06-30,CM,NSE,STK,1168,INE075D01018,GMBREW,EQ,,,,,G M BREWERIES LTD,944.9,964.55,942.0,956.2,962.0,941.5,,956.2,,,60834,58075853.9,3405,F1,1,,,,,
2026-06-30,2026-06-30,CM,NSE,STK,5054,INE201P01022,GRINFRA,EQ,,,,,G R INFRAPROJECTS LIMITED,926.95,941.65,911.6,916.4,920.0,924.0,,915.95,,,20135,18577793.75,1931,F1,1,,,,,
2026-06-30,2026-06-30,CM,NSE,STK,1135,INE586X01012,GTECJAINX,BE,,,,,G-TEC JAINX EDUCATION LTD,30.5,30.5,30.19,30.19,30.19,30.8,,30.19,,,17484,528929.75,44,F1,1,,,,,
2026-06-30,2026-06-30,CM,NSE,STK,1085,INE524A01029,GABRIEL,EQ,,,,,GABRIEL INDIA LTD,1276.0,1278.8,1235.0,1239.3,1237.1,1275.2,,1239.3,,,277141,346350231.9,19992,F1,1,,,,,
2026-06-30,2026-06-30,CM,NSE,STK,17888,INE224E01028,GATECH,EQ,,,,,GACM TECHNOLOGIES LIMITED,0.5,0.5,0.45,0.48,0.49,0.49,,0.48,,,8278961,3959607.36,1163,F1,1,,,,,
2026-06-30,2026-06-30,CM,NSE,STK,17,INE224E01036,GATECHDVR,EQ,,,,,GACM TECHNOLOGIES LIMITED,0.46,0.46,0.43,0.43,0.44,0.44,,0.43,,,547309,240486.43,200,F1,1,,,,,
2026-06-30,2026-06-30,CM,NSE,STK,4717,INE129A01019,GAIL,EQ,,,,,GAIL (INDIA) LTD,172.95,175.61,172.21,173.46,172.41,172.22,,173.49,,,10139334,1761646086.74,55818,F1,1,,,,,
2026-06-30,2026-06-30,CM,NSE,STK,25134,INE0RE001014,GALAPREC,EQ,,,,,GALA PRECISION ENG LTD,1070.0,1139.9,1070.0,1107.05,1132.0,1066.3,,1107.45,,,94613,105234304.6,8046,F1,1,,,,,
2026-06-30,2026-06-30,CM,NSE,STK,759089,INE09A801015,GML,SM,,,,,GALAXY MEDICARE LIMITED,19.6,19.6,18.1,18.1,18.1,18.7,,18.1,,,8000,150900.0,4,F1,2000,,,,,
2026-06-30,2026-06-30,CM,NSE,STK,1315,INE600K01018,GALAXYSURF,EQ,,,,,GALAXY SURFACTANTS LTD,1966.0,1988.0,1952.6,1962.4,1980.0,1973.1,,1962.5,,,7441,14652794.8,1073,F1,1,,,,,
2026-06-30,2026-06-30,CM,NSE,STK,13337,INE297H01019,GALLANTT,EQ,,,,,GALLANTT ISPAT LIMITED,692.9,698.8,689.1,692.05,690.0,685.6,,692.0,,,38190,26483367.9,1791,F1,1,,,,,
2026-06-30,2026-06-30,CM,NSE,STK,20303,INE717W01049,GANDHAR,EQ,,,,,GANDHAR OIL REFINE IND L,179.1,184.4,178.2,183.45,183.74,179.16,,183.45,,,599884,108857952.11,7196,F1,1,,,,,
2026-06-30,2026-06-30,CM,NSE,STK,14116,INE524B01027,GANDHITUBE,EQ,,,,,GANDHI SPL. TUBES LTD,861.95,861.95,852.7,859.1,857.1,854.35,,859.1,,,3092,2654523.5,204,F1,1,,,,,
2026-06-30,2026-06-30,CM,NSE,STK,5614,INE388A01029,GANESHBE,EQ,,,,,GANESH BENZOPLAST LIMITED,103.73,104.15,101.75,103.25,102.25,103.26,,103.25,,,128505,13209313.75,1636,F1,1,,,,,
2026-06-30,2026-06-30,CM,NSE,STK,759012,INE652V01016,GANESHCP,EQ,,,,,GANESH CONSUMER PRODUCT L,193.5,195.32,191.08,191.9,191.65,193.55,,191.9,,,99831,19236193.89,1367,F1,1,,,,,
2026-06-30,2026-06-30,CM,NSE,STK,24439,INE0R8C01018,GGBL,SM,,,,,GANESH GREEN BHARAT LTD,284.0,287.0,281.1,285.3,284.55,282.5,,285.3,,,18300,5192430.0,57,F1,300,,,,,
2026-06-30,2026-06-30,CM,NSE,STK,14339,INE460C01014,GANESHHOU,EQ,,,,,GANESH HOUSING LIMITED,757.65,774.4,757.1,764.0,768.9,765.3,,764.0,,,52992,40499064.3,4197,F1,1,,,,,
2026-06-30,2026-06-30,CM,NSE,STK,27351,INE0TVT01024,GANESHIN,ST,,,,,GANESH INFRAWORLD LIMITED,99.9,99.9,97.0,97.35,97.0,99.8,,97.35,,,36000,3546560.0,34,F1,800,,,,,
2026-06-30,2026-06-30,CM,NSE,STK,6944,INE845D01014,GANECOS,EQ,,,,,GANESHA ECOSPHERE LIMITED,882.0,914.4,869.35,903.95,900.1,902.65,,903.95,,,447917,397669553.6,29252,F1,1,,,,,
2026-06-30,2026-06-30,CM,NSE,STK,757525,INE0ZI101018,GANGABATH,SM,,,,,GANGA BATH FITTINGS LTD,22.5,22.5,22.0,22.5,22.5,22.65,,22.5,,,12000,268350.0,4,F1,3000,,,,,
2026-06-30,2026-06-30,CM,NSE,STK,4957,INE691Z01023,GANGAFORGE,EQ,,,,,GANGA FORGING LIMITED,2.41,2.49,2.4,2.45,2.45,2.4,,2.45,,,148820,363188.44,196,F1,1,,,,,
2026-06-30,2026-06-30,CM,NSE,STK,21399,INE335W01016,GANGESSECU,EQ,,,,,GANGES SECURITIES LIMITED,124.0,124.0,117.0,118.16,117.2,119.89,,118.16,,,843,100170.71,58,F1,1,,,,,
2026-06-30,2026-06-30,CM,NSE,STK,5475,INE382Z01011,GRSE,EQ,,,,,GARDEN REACH SHIP&ENG LTD,2679.8,2748.0,2656.2,2726.2,2724.2,2677.8,,2726.2,,,950291,2563633283.2,47671,F1,1,,,,,
2026-06-30,2026-06-30,CM,NSE,STK,25800,INE0JVO01026,GARUDA,EQ,,,,,GARUDA CONSTRUCT N ENG L,177.0,180.29,176.31,178.5,178.5,176.39,,178.48,,,327468,58415156.64,6220,F1,1,,,,,
2026-06-30,2026-06-30,CM,NSE,STK,7982,INE291A01017,GRWRHITECH,EQ,,,,,GARWARE HI-TECH FILMS LTD,6621.5,6980.0,6621.5,6677.5,6695.5,6621.5,,6677.5,,,78114,530425957.0,16110,F1,1,,,,,
2026-06-30,2026-06-30,CM,NSE,STK,1100,INE276A01018,GARFIBRES,EQ,,,,,GARWARE TECH FIBRES LTD,747.0,768.95,736.65,765.65,765.1,749.5,,765.65,,,91830,69510744.2,14119,F1,1,,,,,
2026-06-30,2026-06-30,CM,NSE,STK,8510,INE079J01017,GATEWAY,EQ,,,,,GATEWAY DISTRIPARKS LTD,57.0,59.45,57.0,57.85,58.0,56.87,,57.85,,,1320810,77136705.34,8321,F1,1,,,,,
2026-06-30,2026-06-30,CM,NSE,STK,760179,INE0P8B01020,GAUDIUMIVF,BE,,,,,GAUDIUM IVF N WOMEN H L,113.01,113.01,113.01,113.01,113.01,110.8,,112.95,,,47943,5418038.43,191,F1,1,,,,,
2026-06-30,2026-06-30,CM,NSE,STK,3693,INE287Z01012,GAYAHWS,EQ,,,,,GAYATRI HIGHWAYS LIMITED,2.14,2.14,2.0,2.03,2.02,2.03,,2.03,,,326608,673189.89,320,F1,1,,,,,
2026-06-30,2026-06-30,CM,NSE,STK,25027,INE336H01023,GAYAPROJ,BE,,,,,GAYATRI PROJECTS LTD,21.76,21.76,20.76,21.36,21.45,21.74,,21.32,,,322770,6845157.81,1055,F1,1,,,,,
2026-06-30,2026-06-30,CM,NSE,STK,7862,INE878A01011,GVPIL,EQ,,,,,GE POWER INDIA LIMITED,931.0,965.0,902.0,910.95,911.5,937.9,,910.95,,,488435,453528256.3,15705,F1,1,,,,,
2026-06-30,2026-06-30,CM,NSE,STK,16783,INE200A01026,GVT&D,EQ,,,,,GE VERNOVA T&D INDIA LTD,4979.5,5073.5,4890.5,4944.0,4973.0,4956.5,,4944.0,,,781411,3887531178.5,86080,F1,1,,,,,
2026-06-30,2026-06-30,CM,NSE,STK,13658,INE916G01016,GEECEE,EQ,,,,,GEECEE VENTURES LIMITED,331.0,349.35,331.0,345.65,349.2,332.25,,345.65,,,3719,1264552.55,176,F1,1,,,,,
2026-06-30,2026-06-30,CM,NSE,STK,17922,INE669X01032,GEEKAYWIRE,EQ,,,,,GEEKAY WIRES LIMITED,25.52,26.18,25.52,25.61,25.61,25.52,,25.61,,,30453,780246.92,178,F1,1,,,,,
2026-06-30,2026-06-30,CM,NSE,STK,759461,INE06XZ01023,GEMAROMA,EQ,,,,,GEM AROMATICS LIMITED,194.39,196.0,179.99,183.53,187.0,193.43,,183.53,,,133517,24960730.25,1954,F1,1,,,,,
2026-06-30,2026-06-30,CM,NSE,STK,277,INE481Y01014,GICRE,EQ,,,,,GENERAL INS CORP OF INDIA,364.05,366.45,357.85,363.5,362.6,364.05,,363.5,,,1153195,418092540.2,32580,F1,1,,,,,
2026-06-30,2026-06-30,CM,NSE,STK,2188,INE854S01022,GENCON,EQ,,,,,GENERIC ENG CONS PROJ LTD,44.85,44.85,42.87,43.97,43.02,43.98,,43.96,,,275965,12046304.7,984,F1,1,,,,,
2026-06-30,2026-06-30,CM,NSE,STK,10905,INE727B01026,GENESYS,EQ,,,,,GENESYS INTL CORPN LTD,323.6,329.05,317.1,319.4,319.95,323.3,,319.4,,,299353,96571454.4,7728,F1,1,,,,,
2026-06-30,2026-06-30,CM,NSE,STK,6600,INE949P01018,GENUSPAPER,EQ,,,,,GENUS P&B LIMITED,11.96,12.2,11.8,11.9,11.86,11.98,,11.9,,,65280,780666.58,214,F1,1,,,,,
2026-06-30,2026-06-30,CM,NSE,STK,12383,INE955D01029,GENUSPOWER,BL,,,,,GENUS POWER INFRASTRU LTD,290.0,290.0,290.0,290.0,290.0,253.85,,290.0,,,10344827,2999999830.0,4,F1,999999999,,,,,
2026-06-30,2026-06-30,CM,NSE,STK,11905,INE955D01029,GENUSPOWER,EQ,,,,,GENUS POWER INFRASTRU LTD,295.5,302.3,282.1,299.4,300.05,318.45,,299.4,,,55548232,16196989754.6,352791,F1,1,,,,,
2026-06-30,2026-06-30,CM,NSE,STK,31942,INE1W0N01014,GENXAI,SM,,,,,GENXAI ANALYTICS LIMITED,91.0,98.4,90.0,93.3,93.0,91.1,,93.3,,,92400,8673180.0,75,F1,1200,,,,,
2026-06-30,2026-06-30,CM,NSE,STK,11896,INE007B01023,GEOJITFSL,EQ,,,,,GEOJIT FINANCIAL SER L,77.17,78.54,77.0,77.63,77.0,77.17,,77.62,,,171518,13332995.67,2316,F1,1,,,,,
2026-06-30,2026-06-30,CM,NSE,STK,1289,INE538A01037,GFLLIMITED,EQ,,,,,GFL LIMITED,46.73,46.73,45.51,45.99,46.0,45.69,,45.99,,,19493,895401.31,232,F1,1,,,,,
2026-06-30,2026-06-30,CM,NSE,STK,1127,INE539A01019,GHCL,EQ,,,,,GHCL LIMITED,430.0,437.45,426.8,436.55,436.95,430.0,,436.55,,,116054,50389306.85,5207,F1,1,,,,,
2026-06-30,2026-06-30,CM,NSE,STK,16696,INE0PA801013,GHCLTEXTIL,EQ,,,,,GHCL TEXTILES LIMITED,94.88,101.8,94.88,99.63,99.15,94.91,,99.63,,,1214997,120627444.37,9200,F1,1,,,,,
2026-06-30,2026-06-30,CM,NSE,STK,1139,INE289B01019,GICHSGFIN,EQ,,,,,GIC HOUSING FINANCE LTD,154.35,154.54,150.0,152.46,153.5,154.39,,152.44,,,187771,28526768.15,2115,F1,1,,,,,
2026-06-30,2026-06-30,CM,NSE,STK,17839,INE047B01011,GILLANDERS,EQ,,,,,GILLANDERS ARBUTHNOT LTD,92.0,92.94,90.04,91.07,91.07,92.78,,91.42,,,1899,174923.15,34,F1,1,,,,,
2026-06-30,2026-06-30,CM,NSE,STK,1576,INE322A01010,GILLETTE,EQ,,,,,GILLETTE INDIA LTD,7623.0,7709.0,7524.5,7679.5,7700.0,7561.0,,7679.0,,,38820,297178918.0,6869,F1,1,,,,,
2026-06-30,2026-06-30,CM,NSE,STK,1142,INE424C01010,GINNIFILA,EQ,,,,,GINNI FILAMENTS LTD,48.02,51.75,48.02,50.13,49.78,47.89,,50.18,,,232864,11659593.58,2959,F1,1,,,,,
2026-06-30,2026-06-30,CM,NSE,STK,2365,INE614Z01017,GIRIRAJ,SM,,,,,GIRIRAJ CIVIL DEVP LTD,130.0,130.0,128.0,128.7,128.7,128.95,,128.7,,,8250,1060250.0,27,F1,250,,,,,
2026-06-30,2026-06-30,CM,NSE,STK,759048,INE1AG301022,GKENERGY,EQ,,,,,GK ENERGY LIMITED,140.05,144.0,140.01,141.57,142.0,140.05,,141.57,,,364469,51869438.96,8686,F1,1,,,,,
2026-06-30,2026-06-30,CM,NSE,STK,17357,INE528A01020,GKWLIMITED,EQ,,,,,GKW LIMITED,1782.0,1782.0,1739.9,1750.0,1750.0,1747.0,,1750.0,,,634,1106139.5,99,F1,1,,,,,
2026-06-30,2026-06-30,CM,NSE,STK,1186,INE068V01023,GLAND,EQ,,,,,GLAND PHARMA LIMITED,2390.0,2528.3,2384.8,2495.0,2472.5,2373.0,,2493.4,,,2296284,5691455702.4,132683,F1,1,,,,,
2026-06-30,2026-06-30,CM,NSE,STK,1153,INE159A01016,GLAXO,EQ,,,,,GLAXOSMITHKLINE PHARMA LT,2365.6,2460.9,2335.4,2450.3,2450.1,2354.4,,2450.3,,,218133,529259067.8,30526,F1,1,,,,,
2026-06-30,2026-06-30,CM,NSE,STK,7406,INE935A01035,GLENMARK,EQ,,,,,GLENMARK PHARMACEUTICALS,2186.7,2220.0,2184.5,2204.3,2207.0,2186.6,,2204.3,,,830485,1831133019.6,44834,F1,1,,,,,
2026-06-30,2026-06-30,CM,NSE,STK,1415,INE291W01037,GLOBAL,EQ,,,,,GLOBAL EDUCATION LIMITED,103.32,105.04,103.1,103.95,103.1,104.78,,103.95,,,30568,3183690.1,503,F1,1,,,,,
2026-06-30,2026-06-30,CM,NSE,STK,11956,INE474Q01031,MEDANTA,EQ,,,,,GLOBAL HEALTH LIMITED,1304.7,1328.0,1304.7,1313.8,1313.0,1304.7,,1313.8,,,158633,209172621.7,13054,F1,1,,,,,
2026-06-30,2026-06-30,CM,NSE,STK,14599,INE0JSX01015,GSLSU,EQ,,,,,GLOBAL SURFACES LIMITED,43.2,45.01,41.51,42.13,42.45,43.03,,42.13,,,66780,2835244.06,1421,F1,1,,,,,
2026-06-30,2026-06-30,CM,NSE,STK,13735,INE792H01019,GLOBALVECT,EQ,,,,,GLOBAL VEC HELICORP LTD,167.95,167.95,163.0,164.12,164.22,166.08,,164.12,,,6480,1066692.59,193,F1,1,,,,,
2026-06-30,2026-06-30,CM,NSE,STK,24934,INE0URU01010,GLOBALE,BE,,,,,GLOBALE TESSILE LIMITED,12.79,12.79,11.91,12.54,12.54,12.49,,12.61,,,595,7245.51,19,F1,1,,,,,
2026-06-30,2026-06-30,CM,NSE,STK,758573,INE0V3U01015,GLOBECIVIL,BE,,,,,GLOBE CIVIL PROJECTS LTD,42.98,44.27,41.0,41.15,41.9,42.95,,41.17,,,41358,1721583.29,218,F1,1,,,,,
2026-06-30,2026-06-30,CM,NSE,STK,393,INE581X01021,GLOBE,EQ,,,,,GLOBE ENTERPRISE (I) LTD,2.23,2.23,2.16,2.21,2.22,2.21,,2.21,,,118150,260107.39,179,F1,1,,,,,
2026-06-30,2026-06-30,CM,NSE,STK,761025,INE947T01022,GICL,EQ,,,,,GLOBE INTL CARRIERS LTD,16.34,18.04,16.34,18.04,18.04,17.19,,18.04,,,881490,15127805.26,1077,F1,1,,,,,
2026-06-30,2026-06-30,CM,NSE,STK,9768,INE00WS01056,GSTL,ST,,,,,GLOBESECURE TECHNO LTD,18.0,18.0,17.9,17.9,17.9,18.25,,17.9,,,12000,215300.0,8,F1,1000,,,,,
2026-06-30,2026-06-30,CM,NSE,STK,17424,INE615I01010,GLOBUSSPR,EQ,,,,,GLOBUS SPIRITS LTD,865.0,914.8,865.0,901.45,903.4,863.85,,901.35,,,149169,133999888.85,7616,F1,1,,,,,
2026-06-30,2026-06-30,CM,NSE,STK,23590,INE350Z01018,GLOSTERLTD,EQ,,,,,GLOSTER LIMITED,724.0,735.0,724.0,731.85,733.0,723.55,,731.6,,,6299,4597934.55,472,F1,1,,,,,
2026-06-30,2026-06-30,CM,NSE,STK,760118,INE0TQE01026,GLOTTIS,BE,,,,,GLOTTIS LIMITED,66.0,67.0,65.67,66.5,67.0,66.72,,66.49,,,51891,3430862.0,1160,F1,1,,,,,
2026-06-30,2026-06-30,CM,NSE,STK,1570,INE541A01023,GMMPFAUDLR,EQ,,,,,GMM PFAUDLER LIMITED,792.95,805.7,787.0,789.55,794.0,792.75,,789.55,,,66041,52726084.25,3523,F1,1,,,,,
2026-06-30,2026-06-30,CM,NSE,STK,13528,INE776C01039,GMRAIRPORT,EQ,,,,,GMR AIRPORTS LIMITED,110.0,113.36,109.75,112.09,112.49,109.42,,112.09,,,37519820,4212213525.64,107039,F1,1,,,,,
2026-06-30,2026-06-30,CM,NSE,STK,8529,INE0CU601026,GMRP&UI,EQ,,,,,GMR POW AND URBAN INFRA L,99.22,99.89,98.68,99.07,99.21,99.06,,99.08,,,532945,52848286.6,4119,F1,1,,,,,
2026-06-30,2026-06-30,CM,NSE,STK,18571,INE934S01014,GNA,EQ,,,,,GNA AXLES LIMITED,431.25,444.95,430.5,441.25,441.0,431.25,,441.2,,,137948,60522854.2,4404,F1,1,,,,,
2026-06-30,2026-06-30,CM,NSE,STK,757862,INE18JU01028,EBGNG,EQ,,,,,GNG ELECTRONICS LIMITED,582.85,625.95,572.0,625.45,625.95,569.05,,625.35,,,1828659,1119748138.15,34098,F1,1,,,,,
2026-06-30,2026-06-30,CM,NSE,STK,23799,INE03JT01014,GODIGIT,EQ,,,,,GO DIGIT GENERAL INS LTD,320.95,328.0,314.6,322.75,321.0,319.75,,322.75,,,979215,316045567.5,30300,F1,1,,,,,
2026-06-30,2026-06-30,CM,NSE,STK,6964,INE0BJS01011,GOCOLORS,EQ,,,,,GO FASHION INDIA LTD,387.0,404.6,380.5,393.65,390.0,387.1,,393.45,,,1300770,511359923.55,16583,F1,1,,,,,
2026-06-30,2026-06-30,CM,NSE,STK,14687,INE426D01013,GOACARBON,EQ,,,,,GOA CARBON LIMITED,395.2,401.8,387.0,390.2,390.0,394.1,,390.2,,,4251,1673293.1,346,F1,1,,,,,
2026-06-30,2026-06-30,CM,NSE,STK,3963,INE077F01035,GOCLCORP,EQ,,,,,GOCL CORPORATION LIMITED,401.1,410.0,400.05,408.45,408.55,403.35,,408.45,,,38213,15519107.6,1869,F1,1,,,,,
2026-06-30,2026-06-30,CM,NSE,STK,25941,INE497S01012,GODAVARIB,EQ,,,,,GODAVARI BIOREFINERIES L,281.0,289.0,278.0,287.9,287.0,277.15,,288.0,,,100740,28629608.65,3417,F1,1,,,,,
2026-06-30,2026-06-30,CM,NSE,STK,13409,INE177H01039,GPIL,EQ,,,,,GODAWARI POW & ISP LTD,263.55,264.45,254.9,255.65,255.75,262.0,,255.65,,,1646404,424227283.55,25066,F1,1,,,,,
2026-06-30,2026-06-30,CM,NSE,STK,1181,INE260B01028,GODFRYPHLP,EQ,,,,,GODFREY PHILLIPS INDIA LT,2210.0,2221.7,2150.0,2173.1,2174.1,2193.3,,2173.2,,,304526,662661744.9,21097,F1,1,,,,,
2026-06-30,2026-06-30,CM,NSE,STK,144,INE850D01014,GODREJAGRO,EQ,,,,,GODREJ AGROVET LIMITED,557.0,562.5,554.0,556.5,560.1,557.65,,556.55,,,63829,35555816.2,5980,F1,1,,,,,
2026-06-30,2026-06-30,CM,NSE,STK,10099,INE102D01028,GODREJCP,EQ,,,,,GODREJ CONSUMER PRODUCTS,1022.0,1027.2,1006.5,1010.0,1016.1,1021.9,,1010.0,,,1035474,1048869392.0,28916,F1,1,,,,,
2026-06-30,2026-06-30,CM,NSE,STK,10925,INE233A01035,GODREJIND,EQ,,,,,GODREJ INDUSTRIES LTD,1155.0,1178.5,1143.3,1174.7,1177.0,1153.5,,1174.7,,,142444,166864996.5,11640,F1,1,,,,,
2026-06-30,2026-06-30,CM,NSE,STK,17875,INE484J01027,GODREJPROP,EQ,,,,,GODREJ PROPERTIES LTD,1845.0,1887.6,1830.2,1866.6,1867.0,1830.1,,1866.6,,,844824,1577228246.9,36493,F1,1,,,,,
2026-06-30,2026-06-30,CM,NSE,STK,28530,IN0020240183,675GS2029,GS,,,,,GOI LOAN   6.75% 2029,99.8,99.8,99.8,99.8,99.8,99.61,,99.8,,,40,3992.0,1,F1,1,,,,,
2026-06-30,2026-06-30,CM,NSE,STK,28894,IN0020240191,679GS2031,GS,,,,,GOI LOAN   6.79% 2031,101.0,101.0,101.0,101.0,101.0,104.5,,101.0,,,2366,238966.0,5,F1,1,,,,,
2026-06-30,2026-06-30,CM,NSE,STK,27127,IN0020240134,692GS2039,GS,,,,,GOI LOAN   6.92% 2039,98.5,101.95,98.5,101.14,101.95,97.1,,101.14,,,635,63146.65,6,F1,1,,,,,
2026-06-30,2026-06-30,CM,NSE,STK,24705,IN0020240100,697GR2034,GS,,,,,GOI LOAN   6.97% 2034,97.46,97.46,95.51,96.25,96.25,97.46,,96.25,,,250,24146.5,3,F1,1,,,,,
2026-06-30,2026-06-30,CM,NSE,STK,27819,IN0020240175,698GR2054,GS,,,,,GOI LOAN   6.98% 2054,92.0,92.0,91.8,91.8,91.8,91.0,,91.8,,,100,9182.0,2,F1,1,,,,,
2026-06-30,2026-06-30,CM,NSE,STK,27170,IN0020240142,709GS2074,GS,,,,,GOI LOAN   7.09% 2074,95.53,96.05,95.53,95.74,96.0,95.5,,95.74,,,154481,14789947.05,41,F1,1,,,,,
2026-06-30,2026-06-30,CM,NSE,STK,6695,IN0020210186,574GS2026,GS,,,,,GOI LOAN  5.74% 2026,100.05,100.05,99.26,99.93,99.5,99.93,,99.93,,,2506,250441.98,10,F1,1,,,,,
2026-06-30,2026-06-30,CM,NSE,STK,1341,IN0020200294,585GS2030,GS,,,,,GOI LOAN  5.85% 2030,96.26,96.26,96.26,96.26,96.26,95.9,,96.26,,,1500,144390.0,2,F1,1,,,,,
2026-06-30,2026-06-30,CM,NSE,STK,757753,IN0020250034,591GS2028,GS,,,,,GOI LOAN  5.91% 2028,102.21,102.21,98.5,100.35,98.5,98.41,,100.35,,,2,200.71,2,F1,1,,,,,
2026-06-30,2026-06-30,CM,NSE,STK,760622,IN0020250125,603GS2029,GS,,,,,GOI LOAN  6.03% 2029,101.5,101.75,101.5,101.7,101.7,101.7,,101.7,,,3448,350651.6,5,F1,1,,,,,
2026-06-30,2026-06-30,CM,NSE,STK,5012,IN0020210095,610GS2031,GS,,,,,GOI LOAN  6.10% 2031,103.99,103.99,103.99,103.99,103.99,104.0,,103.99,,,1,103.99,1,F1,1,,,,,
2026-06-30,2026-06-30,CM,NSE,STK,756890,IN0020250026,633GS2035,GS,,,,,GOI LOAN  6.33% 2035,100.0,102.9,98.0,98.0,98.0,98.0,,98.0,,,10380,1038273.0,5,F1,1,,,,,
2026-06-30,2026-06-30,CM,NSE,STK,761020,IN0020250141,636GS2031,GS,,,,,GOI LOAN  6.36% 2031,102.15,102.15,101.5,101.5,101.5,100.01,,101.5,,,200,20365.0,2,F1,1,,,,,
2026-06-30,2026-06-30,CM,NSE,STK,759396,IN0020250091,648GS2035,GS,,,,,GOI LOAN  6.48% 2035,101.0,101.0,99.99,99.99,99.99,99.3,,99.99,,,202,20200.0,3,F1,1,,,,,
2026-06-30,2026-06-30,CM,NSE,STK,956,IN0020200252,667GS2050,GS,,,,,GOI LOAN  6.67% 2050,92.8,92.8,92.8,92.8,92.8,92.8,,92.8,,,50,4640.0,1,F1,1,,,,,
2026-06-30,2026-06-30,CM,NSE,STK,757847,IN0020250042,668GS2040,GS,,,,,GOI LOAN  6.68% 2040,97.56,99.0,97.56,99.0,99.0,99.0,,99.0,,,300,29556.0,3,F1,1,,,,,
2026-06-30,2026-06-30,CM,NSE,STK,2317,IN0020200401,676GS2061,GS,,,,,GOI LOAN  6.76% 2061,93.09,93.75,92.75,93.66,93.74,93.04,,93.66,,,148967,13882639.72,73,F1,1,,,,,
2026-06-30,2026-06-30,CM,NSE,STK,25736,IN0020240126,679GS2034,GS,,,,,GOI LOAN  6.79% 2034,100.67,100.67,100.67,100.67,100.67,100.67,,100.67,,,10,1006.7,1,F1,1,,,,,
2026-06-30,2026-06-30,CM,NSE,STK,756014,IN0020250018,690GS2065,GS,,,,,GOI LOAN  6.90% 2065,94.4,95.07,94.4,94.8,94.8,94.25,,94.8,,,289466,27380056.93,44,F1,1,,,,,
2026-06-30,2026-06-30,CM,NSE,STK,763340,IN0020260025,694GS2036,GS,,,,,GOI LOAN  6.94% 2036,102.1,102.1,101.4,101.97,101.97,100.26,,101.97,,,116,11815.65,4,F1,1,,,,,
2026-06-30,2026-06-30,CM,NSE,STK,6817,IN0020210202,695GS2061,GS,,,,,GOI LOAN  6.95% 2061,94.5,94.5,94.0,94.0,94.0,94.0,,94.0,,,20,1885.0,2,F1,1,,,,,
2026-06-30,2026-06-30,CM,NSE,STK,6696,IN0020210194,699GS2051,GS,,,,,GOI LOAN  6.99% 2051,97.35,97.35,95.4,95.4,95.4,96.2,,95.54,,,1101,105037.35,3,F1,1,,,,,
2026-06-30,2026-06-30,CM,NSE,STK,23919,IN0020240050,704GS2029,GS,,,,,GOI LOAN  7.04% 2029,101.4,101.4,100.76,100.76,100.76,100.83,,100.76,,,1000,100824.0,2,F1,1,,,,,
2026-06-30,2026-06-30,CM,NSE,STK,14970,IN0020230010,706GS2028,GS,,,,,GOI LOAN  7.06% 2028,102.04,102.3,102.03,102.3,102.3,102.4,,102.3,,,4500,459685.0,4,F1,1,,,,,
2026-06-30,2026-06-30,CM,NSE,STK,24949,IN0020240118,709GS2054,GS,,,,,GOI LOAN  7.09% 2054,99.86,100.5,99.5,100.37,100.5,99.63,,100.37,,,8200,819765.5,11,F1,1,,,,,
2026-06-30,2026-06-30,CM,NSE,STK,23463,IN0020240019,71GS2034,GS,,,,,GOI LOAN  7.1% 2034,101.55,101.55,101.55,101.55,101.55,101.55,,101.55,,,100,10155.0,1,F1,1,,,,,
2026-06-30,2026-06-30,CM,NSE,STK,15050,IN0020230036,717GS2030,GS,,,,,GOI LOAN  7.17% 2030,103.0,103.7,102.99,103.7,103.7,103.9,,103.7,,,1979,204095.79,6,F1,1,,,,,
2026-06-30,2026-06-30,CM,NSE,STK,758674,IN0020250075,724GS2055,GS,,,,,GOI LOAN  7.24% 2055,102.49,102.49,101.01,101.6,101.6,102.49,,101.6,,,11728,1191977.29,17,F1,1,,,,,
2026-06-30,2026-06-30,CM,NSE,STK,16733,IN0020230044,725GS2063,GS,,,,,GOI LOAN  7.25% 2063,97.8,98.09,97.59,97.94,97.91,97.58,,97.94,,,81137,7937048.88,64,F1,1,,,,,
2026-06-30,2026-06-30,CM,NSE,STK,16865,IN0020230051,73GS2053,GS,,,,,GOI LOAN  7.3% 2053,99.54,100.05,99.5,100.01,100.0,99.49,,100.01,,,25026,2496990.45,10,F1,1,,,,,
2026-06-30,2026-06-30,CM,NSE,STK,20136,IN0020230135,732GS2030,GS,,,,,GOI LOAN  7.32% 2030,102.5,103.5,102.5,102.52,102.52,102.5,,102.52,,,204,20912.11,5,F1,1,,,,,
2026-06-30,2026-06-30,CM,NSE,STK,19685,IN0020230119,733GS2026,GS,,,,,GOI LOAN  7.33% 2026,101.03,101.03,101.03,101.03,101.03,101.0,,104.0,,,8,808.24,1,F1,1,,,,,
2026-06-30,2026-06-30,CM,NSE,STK,23558,IN0020240035,734GS2064,GS,,,,,GOI LOAN  7.34% 2064,99.4,100.3,99.4,100.3,100.3,99.77,,100.3,,,46161,4620549.55,40,F1,1,,,,,
2026-06-30,2026-06-30,CM,NSE,STK,10931,IN0020220086,736GS2052,GS,,,,,GOI LOAN  7.36% 2052,101.2,101.2,101.2,101.2,101.2,100.0,,101.2,,,283,28639.6,2,F1,1,,,,,
2026-06-30,2026-06-30,CM,NSE,STK,19566,IN0020230101,737GS2028,GS,,,,,GOI LOAN  7.37% 2028,103.21,104.0,103.21,104.0,104.0,103.21,,104.0,,,40588,4201541.2,5,F1,1,,,,,
2026-06-30,2026-06-30,CM,NSE,STK,10981,IN0020220094,74GS2062,GS,,,,,GOI LOAN  7.4% 2062,102.6,104.0,102.6,102.6,102.6,108.0,,102.6,,,224,23016.0,3,F1,1,,,,,
2026-06-30,2026-06-30,CM,NSE,STK,760649,IN0020250117,743GS2076,GS,,,,,GOI LOAN  7.43% 2076,103.5,103.5,103.5,103.5,103.5,103.0,,103.5,,,17932,1855962.0,5,F1,1,,,,,
2026-06-30,2026-06-30,CM,NSE,STK,19808,IN0020230127,746GS2073,GS,,,,,GOI LOAN  7.46% 2073,100.9,100.9,100.8,100.9,100.9,100.0,,100.9,,,15350,1548788.0,13,F1,1,,,,,
2026-06-30,2026-06-30,CM,NSE,STK,763146,IN0020260017,750GS2056,GS,,,,,GOI LOAN  7.50% 2056,101.0,101.02,101.0,101.02,101.02,101.0,,101.02,,,301,30403.02,3,F1,1,,,,,
2026-06-30,2026-06-30,CM,NSE,STK,9585,IN0020220029,754GS2036,GS,,,,,GOI LOAN  7.54% 2036,105.49,106.1,105.48,105.89,105.9,105.49,,105.89,,,434500,45987305.25,160,F1,1,,,,,
2026-06-30,2026-06-30,CM,NSE,STK,763489,IN0020260033,771GS2066,GS,,,,,GOI LOAN  7.71% 2066,105.0,105.1,105.0,105.0,105.0,103.9,,105.88,,,700,73500.1,5,F1,1,,,,,
2026-06-30,2026-06-30,CM,NSE,STK,6833,IN0020010081,1018GS2026,GS,,,,,GOI LOAN 10.18% 2026,103.13,103.13,103.13,103.13,103.13,103.13,,102.94,,,5,515.65,1,F1,1,,,,,
2026-06-30,2026-06-30,CM,NSE,STK,13472,IN0020190362,645GS2029,GS,,,,,GOI LOAN 6.45% 2029,100.06,100.06,100.06,100.06,100.06,101.45,,100.06,,,1000,100060.0,1,F1,1,,,,,
2026-06-30,2026-06-30,CM,NSE,STK,7184,IN0020160068,706GS2046,GS,,,,,GOI LOAN 7.06% 2046,105.0,105.0,105.0,105.0,105.0,104.99,,105.0,,,1,105.0,1,F1,1,,,,,
2026-06-30,2026-06-30,CM,NSE,STK,9047,IN0020220011,710GS2029,GS,,,,,GOI LOAN 7.10% 2029,102.9,103.19,102.9,103.03,103.02,102.9,,103.03,,,13826,1423205.26,10,F1,1,,,,,
2026-06-30,2026-06-30,CM,NSE,STK,7208,IN0020170174,717GS2028,GS,,,,,GOI LOAN 7.17% 2028,104.6,104.6,104.6,104.6,104.6,104.98,,104.6,,,220,23012.0,1,F1,1,,,,,
2026-06-30,2026-06-30,CM,NSE,STK,9913,IN0020220037,738GS2027,GS,,,,,GOI LOAN 7.38% 2027,101.72,101.72,101.5,101.7,101.7,101.74,,101.82,,,9500,965129.0,18,F1,1,,,,,
2026-06-30,2026-06-30,CM,NSE,STK,6874,IN0020050012,74GS2035,GS,,,,,GOI LOAN 7.40% 2035,104.0,104.75,104.0,104.75,104.75,103.36,,104.75,,,2000,208750.0,2,F1,1,,,,,
2026-06-30,2026-06-30,CM,NSE,STK,10046,IN0020190065,757GS2033,GS,,,,,GOI LOAN 7.57% 2033,103.5,103.6,103.5,103.6,103.6,103.69,,103.6,,,10964,1135274.0,7,F1,1,,,,,
2026-06-30,2026-06-30,CM,NSE,STK,9604,IN0020190032,772GS2049,GS,,,,,GOI LOAN 7.72% 2049,110.47,110.47,110.47,110.47,110.47,107.78,,110.47,,,54,5965.38,3,F1,1,,,,,
2026-06-30,2026-06-30,CM,NSE,STK,7011,IN0020110055,897GS2030,GS,,,,,GOI LOAN 8.97% 2030,111.57,111.57,109.0,109.0,109.0,111.57,,109.0,,,2051,227545.07,2,F1,1,,,,,
2026-06-30,2026-06-30,CM,NSE,STK,7039,IN0020130053,92GS2030,GS,,,,,GOI LOAN 9.20% 2030,113.0,113.91,113.0,113.91,113.91,113.49,,113.91,,,21356,2424816.88,16,F1,1,,,,,
2026-06-30,2026-06-30,CM,NSE,STK,760100,IN002025Z369,364D031226,TB,,,,,GOI TBILL 364D-03/12/26,97.35,97.35,97.35,97.35,97.35,97.25,,97.35,,,4500,438075.0,2,F1,100,,,,,
2026-06-30,2026-06-30,CM,NSE,STK,757673,IN002025Z153,364D090726,TB,,,,,GOI TBILL 364D-09/07/26,99.5,99.5,99.5,99.5,99.5,99.6,,99.5,,,100,9950.0,1,F1,100,,,,,
2026-06-30,2026-06-30,CM,NSE,STK,753799,IN002026Z110,364D170627,TB,,,,,GOI TBILL 364D-17/06/27,93.77,93.77,93.77,93.77,93.77,94.01,,93.77,,,400,37508.0,1,F1,100,,,,,
2026-06-30,2026-06-30,CM,NSE,STK,758589,IN002025Z211,364D200826,TB,,,,,GOI TBILL 364D-20/08/26,98.7,98.7,98.7,98.7,98.7,98.9,,98.7,,,4000,394800.0,1,F1,100,,,,,
2026-06-30,2026-06-30,CM,NSE,STK,758835,IN002025Z302,364D231026,TB,,,,,GOI TBILL 364D-23/10/26,97.42,97.42,97.42,97.42,97.42,96.3,,97.42,,,100,9742.0,1,F1,100,,,,,
2026-06-30,2026-06-30,CM,NSE,STK,761685,IN002026X016,91D090726,TB,,,,,GOI TBILL 91D-09/07/26,99.81,99.81,99.81,99.81,99.81,99.7,,99.52,,,100,9981.0,1,F1,100,,,,,
2026-06-30,2026-06-30,CM,NSE,STK,763372,IN002026X065,91D130826,TB,,,,,GOI TBILL 91D-13/08/26,99.16,99.2,99.15,99.15,99.15,99.1,,99.15,,,1800,178521.0,7,F1,100,,,,,
2026-06-30,2026-06-30,CM,NSE,STK,753772,IN002026X115,91D170926,TB,,,,,GOI TBILL 91D-17/09/26,98.08,98.08,98.08,98.08,98.08,98.29,,98.08,,,100,9808.0,1,F1,100,,,,,
2026-06-30,2026-06-30,CM,NSE,STK,763525,IN002026X073,91D200826,TB,,,,,GOI TBILL 91D-20/08/26,99.01,99.01,99.0,99.0,99.0,99.19,,99.0,,,400,39602.0,4,F1,100,,,,,
2026-06-30,2026-06-30,CM,NSE,STK,763077,IN002026X032,91D230726,TB,,,,,GOI TBILL 91D-23/07/26,98.98,98.98,98.98,98.98,98.98,99.52,,98.98,,,500,49490.0,1,F1,100,,,,,
2026-06-30,2026-06-30,CM,NSE,STK,11778,INE887G01027,GOKEX,EQ,,,,,GOKALDAS EXPORTS LTD.,852.0,879.95,847.6,873.25,870.1,849.8,,873.3,,,858305,742704434.6,31052,F1,1,,,,,
2026-06-30,2026-06-30,CM,NSE,STK,14480,INE314T01033,GOKULAGRO,EQ,,,,,GOKUL AGRO RESOURCES LTD,211.0,213.7,206.85,207.32,207.9,212.63,,207.31,,,206317,43099531.76,4769,F1,1,,,,,
2026-06-30,2026-06-30,CM,NSE,STK,16705,INE020J01029,GOKUL,EQ,,,,,GOKUL REFOILS & SOLV LTD,41.3,42.96,41.2,41.25,41.2,41.94,,41.25,,,177237,7408639.71,742,F1,1,,,,,
2026-06-30,2026-06-30,CM,NSE,STK,11619,INE973A01010,GOLDENTOBC,BZ,,,,,GOLDEN TOBACCO LIMITED,24.71,26.68,24.71,25.33,25.01,25.88,,25.33,,,1968,48898.89,32,F1,1,,,,,
2026-06-30,2026-06-30,CM,NSE,STK,11971,INE025B01025,GOLDIAM,EQ,,,,,GOLDIAM INTERNATIONAL LTD,442.35,446.55,424.6,444.15,444.65,452.65,,444.1,,,1560429,682936425.5,34152,F1,1,,,,,
2026-06-30,2026-06-30,CM,NSE,STK,1,INE405Y01021,GOLDSTAR,SM,,,,,GOLDSTAR POWER LIMITED,8.5,8.5,8.5,8.5,8.5,8.2,,8.5,,,22500,191250.0,2,F1,11250,,,,,
2026-06-30,2026-06-30,CM,NSE,STK,6125,INE127I01024,GOODLUCK,EQ,,,,,GOODLUCK INDIA LIMITED,1504.0,1525.0,1475.1,1487.0,1479.0,1474.6,,1487.1,,,290313,434305403.1,13345,F1,1,,,,,
2026-06-30,2026-06-30,CM,NSE,STK,1205,INE533A01012,GOODYEAR,EQ,,,,,GOODYEAR INDIA LIMITED,767.7,767.7,752.55,755.4,753.1,755.9,,755.7,,,5072,3834932.65,297,F1,1,,,,,
2026-06-30,2026-06-30,CM,NSE,STK,23066,INE0L9R01028,GOPAL,EQ,,,,,GOPAL SNACKS LIMITED,278.4,280.1,273.85,274.85,276.0,276.45,,274.85,,,63745,17566158.85,1505,F1,1,,,,,
2026-06-30,2026-06-30,CM,NSE,STK,11787,INE705X01026,GOYALALUM,EQ,,,,,GOYAL ALUMINIUMS LIMITED,7.1,7.1,6.75,6.87,6.94,6.93,,6.87,,,84460,581128.15,386,F1,1,,,,,
2026-06-30,2026-06-30,CM,NSE,STK,19356,INE0QFE01017,GOYALSALT,SM,,,,,GOYAL SALT LIMITED,122.5,122.5,122.5,122.5,122.5,118.65,,122.5,,,600,73500.0,1,F1,600,,,,,
2026-06-30,2026-06-30,CM,NSE,STK,24113,INE0S7E01015,GPECO,ST,,,,,GP ECO SOLUTIONS INDIA L,426.1,439.9,420.0,430.15,431.9,434.35,,430.15,,,33600,14397000.0,85,F1,200,,,,,
2026-06-30,2026-06-30,CM,NSE,STK,11584,INE586G01017,GULFPETRO,BE,,,,,GP PETROLEUMS LIMITED,38.99,38.99,38.15,38.29,38.15,39.37,,38.19,,,17097,656296.94,161,F1,1,,,,,
2026-06-30,2026-06-30,CM,NSE,STK,22846,INE486R01017,GPTHEALTH,EQ,,,,,GPT HEALTHCARE LIMITED,147.0,149.79,145.0,148.51,148.4,146.68,,148.44,,,147311,21818998.12,1502,F1,1,,,,,
2026-06-30,2026-06-30,CM,NSE,STK,17685,INE390G01014,GPTINFRA,EQ,,,,,GPT INFRAPROJECTS LTD,132.43,137.0,130.91,133.38,132.8,132.76,,133.41,,,274414,36983414.07,6175,F1,1,,,,,
2026-06-30,2026-06-30,CM,NSE,STK,763299,INE361K01017,GRADIENTE,EQ,,,,,GRADIENTE INFOTAINMENT L,2.78,2.86,2.76,2.76,2.76,2.9,,2.76,,,1084963,3004504.21,285,F1,1,,,,,
2026-06-30,2026-06-30,CM,NSE,STK,30289,INE12E301017,GCHOTELS,ST,,,,,GRAND CONTINENT HOTELS L,117.3,129.6,117.3,124.65,124.8,123.45,,124.65,,,36000,4362510.0,41,F1,600,,,,,
2026-06-30,2026-06-30,CM,NSE,STK,762695,INE926B01016,GRANDOAK,EQ,,,,,GRAND OAK CANYONS DIST L,41.49,41.49,41.49,41.49,41.49,43.67,,41.49,,,2665,110570.85,39,F1,1,,,,,
2026-06-30,2026-06-30,CM,NSE,STK,11872,INE101D01020,GRANULES,EQ,,,,,GRANULES INDIA LIMITED,797.95,817.7,792.75,813.25,811.55,794.8,,813.25,,,1560172,1254188011.85,34105,F1,1,,,,,
2026-06-30,2026-06-30,CM,NSE,STK,20454,INE0POU01017,GRAPHISAD,SM,,,,,GRAPHISADS LIMITED,29.0,29.0,28.5,29.0,29.0,28.0,,29.0,,,4800,138600.0,4,F1,1200,,,,,
2026-06-30,2026-06-30,CM,NSE,STK,592,INE371A01025,GRAPHITE,EQ,,,,,GRAPHITE INDIA LTD,615.0,618.45,606.45,613.4,615.0,614.55,,613.4,,,544432,333567979.5,14193,F1,1,,,,,
2026-06-30,2026-06-30,CM,NSE,STK,1232,INE047A01021,GRASIM,EQ,,,,,GRASIM INDUSTRIES LTD,3085.0,3128.9,3080.5,3100.0,3104.0,3080.2,,3100.0,,,868872,2699106550.1,59049,F1,1,,,,,
2026-06-30,2026-06-30,CM,NSE,STK,5200,INE266D01021,GRAUWEIL,EQ,,,,,GRAUER & WEIL IND LTD,73.84,78.9,72.0,77.67,78.0,73.11,,77.67,,,1045761,80001051.5,7639,F1,1,,,,,
2026-06-30,2026-06-30,CM,NSE,STK,762700,INE214F01026,GRAVISSHO,EQ,,,,,GRAVISS HOSPITALITY LTD.,28.98,29.99,28.7,29.02,29.0,28.99,,29.08,,,2053,59524.41,12,F1,1,,,,,
2026-06-30,2026-06-30,CM,NSE,STK,20534,INE024L01027,GRAVITA,EQ,,,,,GRAVITA INDIA LIMITED,1663.6,1682.0,1619.8,1630.2,1637.0,1663.6,,1630.3,,,136595,225546279.4,15298,F1,1,,,,,
2026-06-30,2026-06-30,CM,NSE,STK,1235,INE224A01026,GREAVESCOT,EQ,,,,,GREAVES COTTON LTD.,210.6,222.9,210.45,219.98,220.0,209.56,,219.99,,,5080746,1113846934.24,43156,F1,1,,,,,
2026-06-30,2026-06-30,CM,NSE,STK,6848,INE544R01021,GREENLAM,EQ,,,,,GREENLAM INDUSTRIES LTD.,257.11,260.9,254.55,258.24,258.0,259.71,,258.23,,,39842,10261318.25,1271,F1,1,,,,,
2026-06-30,2026-06-30,CM,NSE,STK,759427,INE0PLX01017,GREENLEAF,ST,,,,,GREENLEAF ENVIROTECH LTD,80.75,84.95,80.0,83.7,84.95,80.95,,83.7,,,33000,2687750.0,26,F1,1000,,,,,
2026-06-30,2026-06-30,CM,NSE,STK,13810,INE08ZM01014,GREENPANEL,EQ,,,,,GREENPANEL INDUSTRIES LTD,192.5,194.4,189.4,191.01,191.9,192.32,,191.01,,,56033,10766593.95,1480,F1,1,,,,,
2026-06-30,2026-06-30,CM,NSE,STK,3987,INE461C01038,GREENPLY,EQ,,,,,GREENPLY INDUSTRIES LTD,302.15,305.7,294.0,296.64,298.0,300.7,,296.62,,,135236,40224796.02,2883,F1,1,,,,,
2026-06-30,2026-06-30,CM,NSE,STK,758986,INE199P01028,GCSL,EQ,,,,,GRETEX CORPORATE SERVICES,419.55,435.0,418.55,430.75,429.0,420.6,,430.75,,,494331,212374767.15,4708,F1,1,,,,,
2026-06-30,2026-06-30,CM,NSE,STK,18742,INE985P01012,GRETEX,ST,,,,,GRETEX INDUSTRIES LTD.,275.0,278.0,275.0,278.0,278.0,265.0,,278.0,,,18750,5158500.0,13,F1,750,,,,,
2026-06-30,2026-06-30,CM,NSE,STK,13560,INE536A01023,GRINDWELL,EQ,,,,,GRINDWELL NORTON LIMITED,2146.8,2200.0,2130.1,2166.1,2149.3,2146.8,,2166.2,,,51096,111043871.9,8110,F1,1,,,,,
2026-06-30,2026-06-30,CM,NSE,STK,10871,INE192H01020,GRMOVER,EQ,,,,,GRM OVERSEAS LIMITED,90.7,91.43,89.57,90.71,90.94,90.11,,90.71,,,741501,66980613.73,15469,F1,1,,,,,
2026-06-30,2026-06-30,CM,NSE,STK,760971,INE1TY801010,GJL,ST,,,,,GROVER JEWELLS LIMITED,210.5,210.5,205.2,205.2,205.2,216.0,,205.2,,,6400,1318800.0,8,F1,800,,,,,
2026-06-30,2026-06-30,CM,NSE,STK,760051,INF666M01MM4,GROWWCAPM,EQ,,,,,GROWWAMC - GROWWCAPM,11.59,11.59,11.49,11.5,11.51,11.53,,11.5,,,245333,2826800.02,559,F1,1,,,,,
2026-06-30,2026-06-30,CM,NSE,STK,760673,INF666M01NP5,GROWWCHEM,EQ,,,,,GROWWAMC - GROWWCHEM,29.04,29.72,29.04,29.61,29.47,29.24,,29.61,,,28678,845643.35,219,F1,1,,,,,
2026-06-30,2026-06-30,CM,NSE,STK,25758,INF666M01IO8,GROWWDEFNC,EQ,,,,,GROWWAMC - GROWWDEFNC,94.15,98.0,93.01,95.97,95.24,94.15,,95.97,,,218599,20774496.56,2399,F1,1,,,,,
2026-06-30,2026-06-30,CM,NSE,STK,24798,INF666M01IH2,GROWWEV,EQ,,,,,GROWWAMC - GROWWEV,31.5,31.84,30.83,30.96,31.01,31.24,,30.96,,,325400,10102223.11,1625,F1,1,,,,,
2026-06-30,2026-06-30,CM,NSE,STK,25872,INF666M01OE7,GROWWGOLD,EQ,,,,,GROWWAMC - GROWWGOLD,13.77,13.77,13.51,13.71,13.75,13.77,,13.71,,,1717244,23446819.44,3036,F1,1,,,,,
2026-06-30,2026-06-30,CM,NSE,STK,760874,INF666M01OD9,GROWWHOSPI,EQ,,,,,GROWWAMC - GROWWHOSPI,53.52,54.23,53.41,53.74,54.1,53.44,,53.74,,,513553,27655397.09,1709,F1,1,,,,,
2026-06-30,2026-06-30,CM,NSE,STK,25447,INF666M01IP5,GROWWLIQID,EQ,,,,,GROWWAMC - GROWWLIQID,109.69,109.7,109.69,109.69,109.69,109.68,,109.69,,,110445,12115374.48,210,F1,1,,,,,
2026-06-30,2026-06-30,CM,NSE,STK,758300,INF666M01LB9,GROWWLOVOL,EQ,,,,,GROWWAMC - GROWWLOVOL,10.27,10.27,9.85,10.01,10.17,10.07,,10.01,,,308543,3104566.34,618,F1,1,,,,,
2026-06-30,2026-06-30,CM,NSE,STK,759719,INF666M01MV5,GROWWMC150,EQ,,,,,GROWWAMC - GROWWMC150,228.0,231.9,225.75,228.58,228.78,228.02,,228.58,,,321,73215.78,25,F1,1,,,,,
2026-06-30,2026-06-30,CM,NSE,STK,760438,INF666M01NI0,GROWWMETAL,EQ,,,,,GROWWAMC - GROWWMETAL,12.21,12.21,11.79,11.91,11.9,11.97,,11.91,,,800025,9491833.32,2000,F1,1,,,,,
2026-06-30,2026-06-30,CM,NSE,STK,756086,INF666M01KJ4,GROWWMOM50,EQ,,,,,GROWWAMC - GROWWMOM50,10.83,11.05,10.71,10.76,10.8,10.94,,10.76,,,195965,2115982.52,689,F1,1,,,,,
2026-06-30,2026-06-30,CM,NSE,STK,29872,INF666M01JV1,GROWWN200,EQ,,,,,GROWWAMC - GROWWN200,11.37,11.37,11.13,11.14,11.14,11.24,,11.14,,,47699,532519.08,264,F1,1,,,,,
2026-06-30,2026-06-30,CM,NSE,STK,757814,INF666M01LI4,GROWWNET,EQ,,,,,GROWWAMC - GROWWNET,9.24,9.39,9.19,9.26,9.38,9.28,,9.26,,,407499,3793507.95,381,F1,1,,,,,
2026-06-30,2026-06-30,CM,NSE,STK,758697,INF666M01LL8,GROWWNIFTY,EQ,,,,,GROWWAMC - GROWWNIFTY,9.43,9.88,9.43,9.63,9.65,9.68,,9.63,,,570060,5507599.65,3920,F1,1,,,,,
2026-06-30,2026-06-30,CM,NSE,STK,759458,INF666M01LZ8,GROWWNXT50,EQ,,,,,GROWWAMC - GROWWNXT50,71.25,72.68,71.2,71.52,71.94,71.92,,71.52,,,5312,380566.35,85,F1,1,,,,,
2026-06-30,2026-06-30,CM,NSE,STK,758165,INF666M01LM6,GROWWPOWER,EQ,,,,,GROWWAMC - GROWWPOWER,12.27,12.27,12.15,12.19,12.19,12.21,,12.19,,,875117,10672444.62,1910,F1,1,,,,,
2026-06-30,2026-06-30,CM,NSE,STK,760976,INF666M01NQ3,GROWWPSE,EQ,,,,,GROWWAMC - GROWWPSE,100.06,100.68,98.35,99.55,98.35,100.19,,99.55,,,7981,796046.33,75,F1,1,,,,,
2026-06-30,2026-06-30,CM,NSE,STK,761514,INF666M01OG2,GROWWPSUBK,EQ,,,,,GROWWAMC - GROWWPSUBK,85.41,86.55,84.3,85.11,85.57,85.41,,85.11,,,13050,1115804.2,141,F1,1,,,,,
2026-06-30,2026-06-30,CM,NSE,STK,29527,INF666M01JJ6,GROWWRAIL,EQ,,,,,GROWWAMC - GROWWRAIL,29.06,29.36,29.01,29.17,29.2,29.05,,29.18,,,300240,8750591.05,1844,F1,1,,,,,
2026-06-30,2026-06-30,CM,NSE,STK,759428,INF666M01MN2,GROWWRLTY,EQ,,,,,GROWWAMC - GROWWRLTY,9.33,9.34,9.12,9.3,9.24,9.17,,9.3,,,296092,2744970.05,440,F1,1,,,,,
2026-06-30,2026-06-30,CM,NSE,STK,759522,INF666M01MO0,GROWWSC250,EQ,,,,,GROWWAMC - GROWWSC250,10.16,10.34,10.05,10.21,10.26,10.16,,10.21,,,81627,833165.51,429,F1,1,,,,,
2026-06-30,2026-06-30,CM,NSE,STK,756827,INF666M01OF4,GROWWSLVR,EQ,,,,,GROWWAMC - GROWWSLVR,21.25,21.96,21.22,21.85,21.85,21.31,,21.85,,,1948323,42203061.96,2697,F1,1,,,,,
2026-06-30,2026-06-30,CM,NSE,STK,763572,INF666M01OT5,PVTBKGROWW,EQ,,,,,GROWWAMC - PVTBKGROWW,28.16,28.2,28.01,28.05,28.11,28.17,,28.05,,,20596,579486.66,161,F1,1,,,,,
2026-06-30,2026-06-30,CM,NSE,STK,751745,INF666M01PG9,SMALLGROWW,EQ,,,,,GROWWAMC - SMALLGROWW,46.04,46.62,45.5,45.98,46.05,46.11,,45.98,,,20506,943152.59,179,F1,1,,,,,
2026-06-30,2026-06-30,CM,NSE,STK,6543,INE137I01015,GRPLTD,EQ,,,,,GRP LIMITED,1899.6,1939.0,1850.1,1890.7,1865.0,1899.6,,1890.6,,,2138,4060014.9,577,F1,1,,,,,
2026-06-30,2026-06-30,CM,NSE,STK,23888,INE0SQY01018,GSMFOILS,SM,,,,,GSM FOILS LIMITED,225.05,229.8,224.1,229.65,229.8,228.9,,229.65,,,21500,4889975.0,41,F1,500,,,,,
2026-06-30,2026-06-30,CM,NSE,STK,762239,INE713R01022,GSPCROP,EQ,,,,,GSP CROP SCIENCE LIMITED,394.6,413.05,382.0,390.35,391.0,387.3,,390.4,,,706210,282538807.25,19401,F1,1,,,,,
2026-06-30,2026-06-30,CM,NSE,STK,15351,INE871H01011,GSS,BE,,,,,GSS INFOTECH LIMITED,12.95,12.95,12.3,12.9,12.9,12.7,,12.58,,,4816,61538.52,35,F1,1,,,,,
2026-06-30,2026-06-30,CM,NSE,STK,13745,INE221H01019,GTLINFRA,EQ,,,,,GTL INFRA.LTD,1.37,1.42,1.36,1.38,1.39,1.36,,1.38,,,63038113,87500115.01,13016,F1,1,,,,,
2026-06-30,2026-06-30,CM,NSE,STK,1162,INE043A01012,GTL,EQ,,,,,GTL LTD,7.7,7.83,7.59,7.72,7.7,7.6,,7.72,,,251991,1943827.82,843,F1,1,,,,,
2026-06-30,2026-06-30,CM,NSE,STK,21195,INE869I01013,GTPL,EQ,,,,,GTPL HATHWAY LIMITED,61.47,61.47,59.89,61.11,61.0,60.28,,61.08,,,13963,850258.05,437,F1,1,,,,,
2026-06-30,2026-06-30,CM,NSE,STK,11606,INE742B01025,GUFICBIO,EQ,,,,,GUFIC BIOSCIENCES LTD.,394.0,448.0,387.5,407.05,405.1,386.3,,407.05,,,8345734,3579302932.6,136627,F1,1,,,,,
2026-06-30,2026-06-30,CM,NSE,STK,1145,INE162A01010,GIPCL,EQ,,,,,GUJ IND POW CO. LTD,162.7,163.79,160.0,160.53,162.07,162.78,,160.58,,,174741,28281111.89,2529,F1,1,,,,,
2026-06-30,2026-06-30,CM,NSE,STK,1174,INE113A01013,GNFC,EQ,,,,,GUJ NAR VAL FER & CHEM L,548.4,551.9,540.0,543.4,542.4,546.45,,543.4,,,252370,137369706.2,11666,F1,1,,,,,
2026-06-30,2026-06-30,CM,NSE,STK,1247,INE026A01025,GSFC,EQ,,,,,GUJ STATE FERT & CHEM LTD,162.79,163.35,161.5,161.84,162.01,162.18,,161.84,,,301523,48882668.9,4424,F1,1,,,,,
2026-06-30,2026-06-30,CM,NSE,STK,14677,INE826C01016,GUJAPOLLO,EQ,,,,,GUJ. APOLLO IND. LTD.,360.15,361.0,353.3,355.95,355.0,360.15,,355.0,,,17864,6397831.4,285,F1,1,,,,,
2026-06-30,2026-06-30,CM,NSE,STK,1267,INE186A01019,GUJALKALI,EQ,,,,,GUJARAT ALKALIES & CHEM,608.2,620.3,607.1,614.45,610.5,608.2,,614.4,,,33830,20758196.55,1642,F1,1,,,,,
2026-06-30,2026-06-30,CM,NSE,STK,8828,INE036B01030,GAEL,EQ,,,,,GUJARAT AMBUJA EXPORTS LT,161.45,167.4,160.07,165.33,165.11,161.87,,165.33,,,1066861,175485288.19,14350,F1,1,,,,,
2026-06-30,2026-06-30,CM,NSE,STK,13750,INE09N301011,FLUOROCHEM,EQ,,,,,GUJARAT FLUOROCHEM LTD,3869.9,3990.0,3869.9,3964.0,3987.0,3872.3,,3963.9,,,157857,624262434.9,22328,F1,1,,,,,
2026-06-30,2026-06-30,CM,NSE,STK,10599,INE844O01030,GUJGASLTD,EQ,,,,,GUJARAT GAS LIMITED,336.0,336.25,325.3,327.05,329.9,335.3,,327.05,,,1750950,575863123.2,45244,F1,1,,,,,
2026-06-30,2026-06-30,CM,NSE,STK,761197,INE0V0W01025,GKSL,EQ,,,,,GUJARAT KIDNEY N SUP SP L,129.33,133.9,128.65,129.4,129.4,129.33,,129.46,,,458272,60013047.07,4072,F1,1,,,,,
2026-06-30,2026-06-30,CM,NSE,STK,8412,INE540A01017,GLFL,BE,,,,,GUJARAT LEASE FINANCING L,6.25,6.25,6.25,6.25,6.25,6.37,,6.62,,,302,1887.5,4,F1,1,,,,,
2026-06-30,2026-06-30,CM,NSE,STK,5204,INE131A01031,GMDCLTD,EQ,,,,,GUJARAT MINERAL DEV CORP,580.4,587.3,571.75,583.95,585.5,578.4,,583.9,,,1007996,584158813.25,23998,F1,1,,,,,
2026-06-30,2026-06-30,CM,NSE,STK,762690,INE207H01018,GNRL,EQ,,,,,GUJARAT NATURAL RES L,112.61,113.59,105.37,106.91,107.0,113.65,,106.94,,,967009,104617447.98,19141,F1,1,,,,,
2026-06-30,2026-06-30,CM,NSE,STK,19731,INE517F01014,GPPL,EQ,,,,,GUJARAT PIPAVAV PORT LTD,152.9,152.9,150.56,151.1,151.34,152.0,,151.1,,,1362442,205976899.86,15253,F1,1,,,,,
2026-06-30,2026-06-30,CM,NSE,STK,4548,INE610B01024,GUJRAFFIA,EQ,,,,,GUJARAT RAFFIA INDUST LTD,41.75,41.75,40.03,40.8,40.43,40.08,,40.52,,,11985,489098.61,83,F1,1,,,,,
2026-06-30,2026-06-30,CM,NSE,STK,29731,INE942C01045,GUJTHEM,EQ,,,,,GUJARAT THEMIS BIOSYN LTD,390.0,401.0,388.2,397.5,396.15,384.2,,397.5,,,138031,54716578.15,3427,F1,1,,,,,
2026-06-30,2026-06-30,CM,NSE,STK,4391,INE635Q01029,GULFOILLUB,EQ,,,,,GULF OIL LUB. IND. LTD.,1089.9,1104.15,1053.25,1061.75,1066.0,1093.35,,1061.75,,,193765,211011695.6,8797,F1,1,,,,,
2026-06-30,2026-06-30,CM,NSE,STK,6286,INE255D01024,GULPOLY,EQ,,,,,GULSHAN POLYOLS LIMITED,191.23,193.0,187.46,188.13,188.0,191.23,,188.14,,,143239,27239360.55,2664,F1,1,,,,,
2026-06-30,2026-06-30,CM,NSE,STK,759264,INE1CCX01012,GURUNANAK,ST,,,,,GURUNANAK AGRICULTUR IN L,35.25,35.25,35.25,35.25,35.25,35.25,,35.25,,,3200,112800.0,2,F1,1600,,,,,
2026-06-30,2026-06-30,CM,NSE,STK,13229,INE251H01024,GVKPIL,BE,,,,,GVK POW. & INFRA LTD.,2.69,2.71,2.65,2.67,2.69,2.66,,2.67,,,675177,1808788.41,835,F1,1,,,,,
2026-06-30,2026-06-30,CM,NSE,STK,10865,INE382T01030,GVPTECH,EQ,,,,,GVP INFOTECH LIMITED,7.28,7.28,6.95,7.08,7.01,7.1,,7.08,,,60968,435243.96,320,F1,1,,,,,
2026-06-30,2026-06-30,CM,NSE,STK,762712,INE640B01021,HBESD,EQ,,,,,H B ESTATE DEVELOPERS L,76.0,82.6,75.9,81.2,82.59,76.18,,81.22,,,32954,2526458.13,130,F1,1,,,,,
2026-06-30,2026-06-30,CM,NSE,STK,1672,INE926X01010,HGINFRA,EQ,,,,,H.G.INFRA ENGINEERING LTD,585.8,585.8,567.2,570.65,570.0,580.9,,570.65,,,76491,43847055.85,3641,F1,1,,,,,
2026-06-30,2026-06-30,CM,NSE,STK,760715,INE115S01010,HALDER,EQ,,,,,HALDER VENTURE LIMITED,245.98,245.98,231.33,237.63,239.9,237.96,,237.63,,,29006,6871141.12,310,F1,1,,,,,
2026-06-30,2026-06-30,CM,NSE,STK,762708,INE506D01020,HALDYNGL,BE,,,,,HALDYN GLASS LTD.,115.19,115.79,110.74,113.15,115.0,115.19,,113.16,,,38507,4340042.96,2230,F1,1,,,,,
2026-06-30,2026-06-30,CM,NSE,STK,21551,INE320X01016,HALEOSLABS,EQ,,,,,HALEOS LABS LIMITED,1361.6,1475.0,1356.5,1455.6,1470.0,1356.4,,1454.6,,,4813,6916232.0,609,F1,1,,,,,
2026-06-30,2026-06-30,CM,NSE,STK,13592,INE596H01014,HGM,EQ,,,,,HANDSON GBL MNGMNT LTD,51.52,52.99,51.52,52.05,51.52,51.85,,52.05,,,1790,93310.06,44,F1,1,,,,,
2026-06-30,2026-06-30,CM,NSE,STK,48,INE419U01012,HAPPSTMNDS,EQ,,,,,HAPPIEST MINDS TECHNO LTD,340.0,343.5,335.2,341.05,341.65,337.65,,341.05,,,470521,159871947.8,15434,F1,1,,,,,
2026-06-30,2026-06-30,CM,NSE,STK,20854,INE330T01021,HAPPYFORGE,EQ,,,,,HAPPY FORGINGS LIMITED,1532.4,1552.0,1520.1,1537.8,1531.2,1528.0,,1537.8,,,59808,92123614.4,9718,F1,1,,,,,
2026-06-30,2026-06-30,CM,NSE,STK,757668,INE0TLP01015,WHITEFORCE,ST,,,,,HAPPY SQUARE OUTSOURC S L,45.0,45.0,42.4,42.4,42.4,44.6,,42.4,,,4800,207680.0,3,F1,1600,,,,,
2026-06-30,2026-06-30,CM,NSE,STK,8962,INE626Z01029,HARDWYN,EQ,,,,,HARDWYN INDIA LIMITED,24.57,24.77,23.66,24.05,23.97,24.52,,24.04,,,4946732,120358207.34,6178,F1,1,,,,,
2026-06-30,2026-06-30,CM,NSE,STK,8968,INE00EV01017,HARIOMPIPE,EQ,,,,,HARIOM PIPE INDUSTRIES L,391.45,404.0,385.1,402.8,403.15,389.85,,402.85,,,274068,108114442.75,6837,F1,1,,,,,
2026-06-30,2026-06-30,CM,NSE,STK,1313,INE544A01019,HARRMALAYA,EQ,,,,,HARRISON MALAYALAM LTD,200.0,202.8,198.8,199.79,201.27,199.55,,199.8,,,3808,761642.61,209,F1,1,,,,,
2026-06-30,2026-06-30,CM,NSE,STK,11162,INE0JUS01029,HARSHA,EQ,,,,,HARSHA ENGINEERS INT LTD,414.0,433.2,413.0,419.7,420.0,409.85,,419.75,,,318655,134856751.6,8264,F1,1,,,,,
2026-06-30,2026-06-30,CM,NSE,STK,18154,INE982F01036,HATHWAY,EQ,,,,,HATHWAY CABLE & DATACOM,11.14,11.25,11.05,11.15,11.24,11.14,,11.15,,,1967735,21934313.57,2608,F1,1,,,,,
2026-06-30,2026-06-30,CM,NSE,STK,3892,INE473B01035,HATSUN,EQ,,,,,HATSUN AGRO PRODUCT LTD.,921.05,929.9,917.0,919.25,919.0,926.8,,919.25,,,25339,23382941.65,1808,F1,1,,,,,
2026-06-30,2026-06-30,CM,NSE,STK,9819,INE176B01034,HAVELLS,EQ,,,,,HAVELLS INDIA LIMITED,1161.8,1164.4,1140.3,1159.3,1157.9,1156.1,,1159.3,,,986708,1140243818.2,36117,F1,1,,,,,
2026-06-30,2026-06-30,CM,NSE,STK,4444,INE979B01015,HAWKINCOOK,EQ,,,,,HAWKINS COOKERS LTD,8040.5,8300.0,8040.5,8286.0,8270.5,8156.5,,8285.5,,,1501,12328695.5,557,F1,1,,,,,
2026-06-30,2026-06-30,CM,NSE,STK,4118,INE550B01022,HBSL,BE,,,,,HB STOCKHOLDINGS LIMITED,51.6,51.6,50.2,50.69,50.6,50.13,,50.58,,,4207,212357.51,54,F1,1,,,,,
2026-06-30,2026-06-30,CM,NSE,STK,13966,INE292B01021,HBLENGINE,EQ,,,,,HBL ENGINEERING LTD,797.0,819.0,786.55,812.25,818.7,792.8,,812.2,,,1585263,1272657427.95,42819,F1,1,,,,,
2026-06-30,2026-06-30,CM,NSE,STK,1327,INE236A01020,HCL-INSYS,EQ,,,,,HCL INFOSYSTEMS LTD,12.24,12.54,11.9,11.96,12.09,12.23,,11.96,,,349597,4205186.69,1145,F1,1,,,,,
2026-06-30,2026-06-30,CM,NSE,STK,7229,INE860A01027,HCLTECH,EQ,,,,,HCL TECHNOLOGIES LTD,1102.5,1105.7,1068.6,1071.8,1072.0,1102.4,,1071.8,,,3794233,4094623302.0,129291,F1,1,,,,,
2026-06-30,2026-06-30,CM,NSE,STK,757772,INE756I01012,HDBFS,EQ,,,,,HDB FINANCIAL SERVICES L,750.0,759.8,740.2,750.8,750.5,752.25,,750.8,,,829047,625013098.35,33439,F1,1,,,,,
2026-06-30,2026-06-30,CM,NSE,STK,4244,INE127D01025,HDFCAMC,EQ,,,,,HDFC AMC LIMITED,2625.8,2669.6,2605.6,2653.2,2654.9,2606.6,,2653.2,,,753577,1994257474.8,36174,F1,1,,,,,
2026-06-30,2026-06-30,CM,NSE,STK,1333,INE040A01034,HDFCBANK,EQ,,,,,HDFC BANK LTD,806.1,806.1,792.75,797.95,800.45,798.9,,797.95,,,45778356,36561096124.85,507833,F1,1,,,,,
2026-06-30,2026-06-30,CM,NSE,STK,19543,INF179KC1981,HDFCGOLD,EQ,,,,,HDFC GOLD ETF,117.33,120.25,117.32,119.76,119.79,120.34,,119.76,,,2880134,343751051.36,13859,F1,1,,,,,
2026-06-30,2026-06-30,CM,NSE,STK,467,INE795G01014,HDFCLIFE,EQ,,,,,HDFC LIFE INS CO LTD,583.7,584.95,571.15,575.85,574.85,583.25,,575.85,,,3716670,2143559167.55,51249,F1,1,,,,,
2026-06-30,2026-06-30,CM,NSE,STK,14230,INF179KC1EZ4,HDFCBSE500,EQ,,,,,HDFCAMC - HDFCBSE500,36.88,38.1,36.5,37.04,37.5,37.01,,37.04,,,1273105,46932937.16,410,F1,1,,,,,
2026-06-30,2026-06-30,CM,NSE,STK,11241,INF179KC1DJ0,HDFCGROWTH,EQ,,,,,HDFCAMC - HDFCGROWTH,111.32,113.5,110.34,110.82,113.5,111.31,,110.83,,,17923,1986412.18,216,F1,1,,,,,
2026-06-30,2026-06-30,CM,NSE,STK,18279,INF179KC1JG3,HDFCLIQUID,EQ,,,,,HDFCAMC - HDFCLIQUID,1067.16,1067.18,1067.16,1067.16,1067.16,1067.01,,1067.16,,,17711,18900582.34,69,F1,1,,,,,
2026-06-30,2026-06-30,CM,NSE,STK,11547,INF179KC1HU8,HDFCLOWVOL,EQ,,,,,HDFCAMC - HDFCLOWVOL,20.69,20.69,20.15,20.22,20.22,20.19,,20.22,,,2998,60660.29,58,F1,1,,,,,
2026-06-30,2026-06-30,CM,NSE,STK,14236,INF179KC1HT0,HDFCMID150,EQ,,,,,HDFCAMC - HDFCMID150,23.02,23.15,22.91,23.09,23.11,23.03,,23.09,,,274104,6313412.95,1223,F1,1,,,,,
2026-06-30,2026-06-30,CM,NSE,STK,11538,INF179KC1HV6,HDFCMOMENT,EQ,,,,,HDFCAMC - HDFCMOMENT,31.43,31.58,31.01,31.22,31.49,31.73,,31.22,,,261620,8160351.65,940,F1,1,,,,,
2026-06-30,2026-06-30,CM,NSE,STK,10619,INF179KC1HS2,HDFCNEXT50,EQ,,,,,HDFCAMC - HDFCNEXT50,74.34,74.34,72.46,72.95,73.0,72.88,,72.95,,,159457,11640974.69,730,F1,1,,,,,
2026-06-30,2026-06-30,CM,NSE,STK,10633,INF179KC1HR4,HDFCNIF100,EQ,,,,,HDFCAMC - HDFCNIF100,25.72,25.9,25.51,25.75,25.54,25.71,,25.75,,,28148,726488.29,264,F1,1,,,,,
2026-06-30,2026-06-30,CM,NSE,STK,22433,INF179KC1HY0,HDFCNIFBAN,EQ,,,,,HDFCAMC - HDFCNIFBAN,59.48,59.67,59.16,59.3,59.44,59.37,,59.29,,,192682,11434285.35,526,F1,1,,,,,
2026-06-30,2026-06-30,CM,NSE,STK,12101,INF179KC1IA8,HDFCNIFIT,EQ,,,,,HDFCAMC - HDFCNIFIT,29.24,29.24,28.02,28.11,28.4,28.85,,28.11,,,509226,14395887.05,1009,F1,1,,,,,
2026-06-30,2026-06-30,CM,NSE,STK,11591,INF179KC1965,HDFCNIFTY,EQ,,,,,HDFCAMC - HDFCNIFTY,275.83,275.83,268.19,268.74,269.5,269.11,,268.74,,,152172,40937505.64,878,F1,1,,,,,
2026-06-30,2026-06-30,CM,NSE,STK,12108,INF179KC1HZ7,HDFCPVTBAN,EQ,,,,,HDFCAMC - HDFCPVTBAN,28.8,28.8,28.32,28.36,28.32,28.51,,28.36,,,110655,3154446.48,320,F1,1,,,,,
2026-06-30,2026-06-30,CM,NSE,STK,11255,INF179KC1DL6,HDFCQUAL,EQ,,,,,HDFCAMC - HDFCQUAL,56.0,56.18,55.8,55.95,56.0,56.12,,55.95,,,6955,389269.73,107,F1,1,,,,,
2026-06-30,2026-06-30,CM,NSE,STK,11593,INF179KC1HX2,HDFCSENSEX,EQ,,,,,HDFCAMC - HDFCSENSEX,87.2,87.78,86.42,86.62,86.81,87.2,,86.63,,,27652,2399603.56,574,F1,1,,,,,
2026-06-30,2026-06-30,CM,NSE,STK,10876,INF179KC1DI2,HDFCSILVER,EQ,,,,,HDFCAMC - HDFCSILVER,207.98,214.52,206.89,213.25,213.3,208.3,,213.25,,,2732181,578180512.0,18302,F1,1,,,,,
2026-06-30,2026-06-30,CM,NSE,STK,14233,INF179KC1FB2,HDFCSML250,EQ,,,,,HDFCAMC - HDFCSML250,177.19,179.07,177.11,178.66,178.75,177.18,,178.66,,,1284651,229194592.68,6398,F1,1,,,,,
2026-06-30,2026-06-30,CM,NSE,STK,11260,INF179KC1DK8,HDFCVALUE,EQ,,,,,HDFCAMC - HDFCVALUE,126.2,126.33,125.26,125.58,125.26,126.56,,125.58,,,4612,580284.74,79,F1,1,,,,,
2026-06-30,2026-06-30,CM,NSE,STK,22595,INF179KC1HW4,HDFCPSUBK,EQ,,,,,HDFCAMC HDFCPSUBK,85.96,88.15,85.96,86.21,86.0,86.76,,86.21,,,189400,16364103.84,529,F1,1,,,,,
2026-06-30,2026-06-30,CM,NSE,STK,19205,INE759V01019,HEADSUP,EQ,,,,,HEADS UP VENTURES LIMITED,7.03,7.19,6.86,6.95,6.95,7.03,,6.96,,,10636,74157.01,168,F1,1,,,,,
2026-06-30,2026-06-30,CM,NSE,STK,20063,INE019J01013,HEALTHX,EQ,,,,,HEALTH X PLATFORM LIMITED,319.75,319.75,303.6,307.45,304.85,318.25,,307.3,,,12595,3917615.05,377,F1,1,,,,,
2026-06-30,2026-06-30,CM,NSE,STK,15555,INE075I01017,HCG,EQ,,,,,HEALTHCARE GLOB. ENT. LTD,595.65,635.0,595.65,627.1,623.9,595.05,,627.35,,,344064,212721282.95,17119,F1,1,,,,,
2026-06-30,2026-06-30,CM,NSE,STK,7425,INE558R01013,HECPROJECT,EQ,,,,,HEC INFRA PROJECTS LTD,130.8,130.8,125.05,126.85,125.8,126.83,,126.85,,,6145,788734.7,364,F1,1,,,,,
2026-06-30,2026-06-30,CM,NSE,STK,1336,INE545A01024,HEG,EQ,,,,,HEG LTD,520.75,524.25,511.55,516.7,517.0,517.2,,516.7,,,1016501,525238108.95,24989,F1,1,,,,,
2026-06-30,2026-06-30,CM,NSE,STK,2316,INE578A01017,HEIDELBERG,EQ,,,,,HEIDELBERGCEMENT (I) LTD,153.2,154.54,152.17,152.81,152.2,153.2,,152.8,,,48067,7357554.48,1077,F1,1,,,,,
2026-06-30,2026-06-30,CM,NSE,STK,701,INE0AJG01018,HEMIPROP,EQ,,,,,HEMISPHERE PROP IND LTD,140.0,140.53,138.11,138.67,138.52,138.51,,138.65,,,426712,59322557.05,3436,F1,1,,,,,
2026-06-30,2026-06-30,CM,NSE,STK,2614,INE694N01015,HERANBA,EQ,,,,,HERANBA INDUSTRIES LTD,181.5,183.89,178.5,179.49,179.9,180.57,,179.49,,,29479,5305795.57,982,F1,1,,,,,
2026-06-30,2026-06-30,CM,NSE,STK,4598,INE978A01027,HERITGFOOD,EQ,,,,,HERITAGE FOODS LTD,330.85,334.5,326.4,328.25,327.2,330.3,,328.25,,,173811,57484209.85,4067,F1,1,,,,,
2026-06-30,2026-06-30,CM,NSE,STK,1348,INE158A01026,HEROMOTOCO,EQ,,,,,HERO MOTOCORP LIMITED,4815.5,4840.0,4671.5,4794.3,4799.0,4813.6,,4794.3,,,1121686,5353306892.5,101078,F1,1,,,,,
2026-06-30,2026-06-30,CM,NSE,STK,7048,INE782E01017,HESTERBIO,EQ,,,,,HESTER BIOSCIENCES LTD,2194.5,2220.4,2151.5,2165.9,2151.5,2198.6,,2165.5,,,2593,5646724.8,485,F1,1,,,,,
2026-06-30,2026-06-30,CM,NSE,STK,27008,INE750M01017,HEXATRADEX,EQ,,,,,HEXA TRADEX LIMITED,163.99,165.0,157.0,158.3,160.94,162.0,,158.3,,,5720,911095.22,146,F1,1,,,,,
2026-06-30,2026-06-30,CM,NSE,STK,750089,INE0JUI01012,HEXAGON,EQ,,,,,HEXAGON NUTRITION LIMITED,66.5,66.9,61.4,63.41,63.2,65.56,,63.43,,,3794018,243823456.91,17102,F1,1,,,,,
2026-06-30,2026-06-30,CM,NSE,STK,29666,INE093A01041,HEXT,EQ,,,,,HEXAWARE TECHNOLOGIES LTD,520.6,522.8,505.45,514.85,517.0,519.4,,514.85,,,1231363,633330112.3,29615,F1,1,,,,,
2026-06-30,2026-06-30,CM,NSE,STK,21951,INE548A01028,HFCL,EQ,,,,,HFCL LIMITED,213.0,219.96,209.12,212.85,212.1,210.93,,212.85,,,26600842,5694174612.94,121939,F1,1,,,,,
2026-06-30,2026-06-30,CM,NSE,STK,18794,INE0PIC01017,HIGREEN,SM,,,,,HI GREEN CARBON LIMITED,139.05,140.75,137.05,137.05,137.05,143.75,,137.05,,,21600,3001720.0,27,F1,800,,,,,
2026-06-30,2026-06-30,CM,NSE,STK,2868,INE106T01025,HITECH,EQ,,,,,HI-TECH PIPES LIMITED,91.65,91.65,87.7,87.99,87.73,90.45,,87.99,,,1154071,102554931.87,6863,F1,1,,,,,
2026-06-30,2026-06-30,CM,NSE,STK,759104,INE00RL01028,HILINFRA,BE,,,,,HIGHWAY INFRASTRUCTURE L,47.4,47.4,45.91,46.4,46.5,46.79,,46.4,,,24460,1136810.64,310,F1,1,,,,,
2026-06-30,2026-06-30,CM,NSE,STK,9668,INE475B01022,HIKAL,EQ,,,,,HIKAL LIMITED,214.95,225.0,214.9,221.38,221.1,214.93,,221.37,,,553161,122803269.88,9070,F1,1,,,,,
2026-06-30,2026-06-30,CM,NSE,STK,14631,INE788H01017,HILTON,BE,,,,,HILTON METAL FORGING LTD,23.1,23.74,22.5,23.06,23.0,23.1,,23.05,,,60913,1402248.36,218,F1,1,,,,,
2026-06-30,2026-06-30,CM,NSE,STK,14334,INE019C01026,HSCL,EQ,,,,,HIMADRI SPECIALITY CHEM L,677.95,693.3,669.55,679.2,677.35,675.5,,679.2,,,13229737,8984695210.05,86483,F1,1,,,,,
2026-06-30,2026-06-30,CM,NSE,STK,1360,INE049A01027,HIMATSEIDE,EQ,,,,,HIMATSINGKA SEIDE LTD,87.49,93.0,85.98,91.83,92.3,86.65,,91.83,,,2887733,261156870.73,17937,F1,1,,,,,
2026-06-30,2026-06-30,CM,NSE,STK,13890,INE835D01023,HIRECT,EQ,,,,,HIND RECTIFIER LIMITED,1130.0,1164.0,1128.9,1159.2,1161.0,1130.0,,1159.2,,,55973,64272387.3,4174,F1,1,,,,,
2026-06-30,2026-06-30,CM,NSE,STK,1363,INE038A01020,HINDALCO,EQ,,,,,HINDALCO  INDUSTRIES  LTD,957.0,966.6,948.8,956.6,959.0,963.8,,956.6,,,8514541,8152655307.0,127078,F1,1,,,,,
2026-06-30,2026-06-30,CM,NSE,STK,4924,INE642Y01029,HINDCON,BE,,,,,HINDCON CHEMICALS LIMITED,20.19,21.19,20.0,21.0,21.0,20.19,,21.0,,,31414,645171.68,191,F1,1,,,,,
2026-06-30,2026-06-30,CM,NSE,STK,11796,INE05X901010,HPIL,EQ,,,,,HINDPRAKASH INDUSTRY LTD,126.01,127.0,126.01,126.09,126.01,126.0,,126.09,,,39,4916.33,7,F1,1,,,,,
2026-06-30,2026-06-30,CM,NSE,STK,14712,INE170I01016,HGS,EQ,,,,,HINDUJA GLOBAL SOLS. LTD.,415.05,419.7,410.3,412.8,412.0,415.75,,412.8,,,11046,4567073.2,961,F1,1,,,,,
2026-06-30,2026-06-30,CM,NSE,STK,2303,INE066F01020,HAL,EQ,,,,,HINDUSTAN AERONAUTICS LTD,4356.3,4423.5,4326.1,4381.2,4377.7,4342.8,,4381.5,,,803535,3525524860.4,60407,F1,1,,,,,
2026-06-30,2026-06-30,CM,NSE,STK,1372,INE310C01029,HINDCOMPOS,EQ,,,,,HINDUSTAN COMPOSITES LTD.,417.9,424.25,411.0,420.55,424.0,416.1,,420.55,,,3063,1284122.15,173,F1,1,,,,,
2026-06-30,2026-06-30,CM,NSE,STK,1375,INE549A01026,HCC,EQ,,,,,HINDUSTAN CONSTRUCTION CO,25.8,25.98,25.38,25.65,25.6,25.69,,25.65,,,24349780,625126103.31,24195,F1,1,,,,,
2026-06-30,2026-06-30,CM,NSE,STK,17939,INE531E01026,HINDCOPPER,EQ,,,,,HINDUSTAN COPPER LTD,497.05,505.0,493.7,501.1,502.4,496.2,,501.1,,,2873572,1435156592.95,53288,F1,1,,,,,
2026-06-30,2026-06-30,CM,NSE,STK,12173,INE254N01026,HNDFDS,EQ,,,,,HINDUSTAN FOODS LIMITED,550.95,560.95,546.85,556.0,560.0,550.95,,556.0,,,59053,32883182.45,3153,F1,1,,,,,
2026-06-30,2026-06-30,CM,NSE,STK,19211,INE871K01015,HMVL,EQ,,,,,HINDUSTAN MEDIA VENT LTD,87.0,87.1,85.05,86.38,86.0,86.88,,86.36,,,21805,1877676.31,771,F1,1,,,,,
2026-06-30,2026-06-30,CM,NSE,STK,1403,INE345A01011,HINDOILEXP,EQ,,,,,HINDUSTAN OIL EXPLORATION,160.0,162.98,158.52,160.87,161.75,159.7,,160.94,,,382693,61306127.56,3874,F1,1,,,,,
2026-06-30,2026-06-30,CM,NSE,STK,1406,INE094A01015,HINDPETRO,EQ,,,,,HINDUSTAN PETROLEUM CORP,393.15,395.95,389.6,394.45,394.05,389.6,,394.45,,,5216033,2051841434.05,79156,F1,1,,,,,
2026-06-30,2026-06-30,CM,NSE,STK,1394,INE030A01027,HINDUNILVR,EQ,,,,,HINDUSTAN UNILEVER LTD.,2151.0,2151.3,2114.2,2118.2,2123.3,2151.3,,2118.2,,,2364422,5016749090.3,126760,F1,1,,,,,
2026-06-30,2026-06-30,CM,NSE,STK,1424,INE267A01025,HINDZINC,EQ,,,,,HINDUSTAN ZINC LIMITED,525.4,535.0,517.35,533.15,533.9,525.5,,533.15,,,4929851,2606947375.4,82761,F1,1,,,,,
2026-06-30,2026-06-30,CM,NSE,STK,15883,INE05AN01011,HINDWAREAP,EQ,,,,,HINDWARE HME INOVATON LTD,255.79,261.9,250.25,260.18,261.5,254.5,,260.11,,,127646,32852588.65,4245,F1,1,,,,,
2026-06-30,2026-06-30,CM,NSE,STK,19322,INE598C01011,HISARMETAL,EQ,,,,,HISAR METAL IND. LIMITED,152.98,155.0,151.2,154.01,155.0,153.03,,154.01,,,1122,171701.8,32,F1,1,,,,,
2026-06-30,2026-06-30,CM,NSE,STK,18457,INE07Y701011,POWERINDIA,EQ,,,,,HITACHI ENERGY INDIA LTD,34750.0,35195.0,34380.0,34920.0,35030.0,34975.0,,34920.0,,,140852,4904577625.0,43896,F1,1,,,,,
2026-06-30,2026-06-30,CM,NSE,STK,15165,INE120D01012,HITECHCORP,BE,,,,,HITECH CORPORATION LTD,314.0,323.2,314.0,315.64,315.25,313.71,,315.69,,,4919,1556074.46,92,F1,1,,,,,
2026-06-30,2026-06-30,CM,NSE,STK,2289,INE461D01028,HLEGLAS,EQ,,,,,HLE GLASCOAT LIMITED,378.3,384.9,378.05,382.55,382.0,375.3,,382.55,,,61486,23472913.8,2667,F1,1,,,,,
2026-06-30,2026-06-30,CM,NSE,STK,1448,INE102A01024,HLVLTD,EQ,,,,,HLV LIMITED,7.71,7.86,7.63,7.69,7.64,7.71,,7.69,,,179317,1384531.52,494,F1,1,,,,,
2026-06-30,2026-06-30,CM,NSE,STK,17053,INE0ECP01024,HMAAGRO,EQ,,,,,HMA AGRO INDUSTRIES LTD,21.92,22.01,21.5,21.92,22.01,21.92,,21.86,,,498575,10902880.04,1153,F1,1,,,,,
2026-06-30,2026-06-30,CM,NSE,STK,19698,INE262A01018,HMT,BZ,,,,,HMT LTD -,66.19,69.0,65.56,67.87,68.69,66.21,,68.02,,,17764,1200261.18,156,F1,1,,,,,
2026-06-30,2026-06-30,CM,NSE,STK,23826,INE0S6S01017,HOACFOODS,ST,,,,,HOAC FOODS INDIA LIMITED,700.0,715.0,700.0,705.35,715.0,700.0,,705.35,,,3375,2368875.0,9,F1,375,,,,,
2026-06-30,2026-06-30,CM,NSE,STK,18649,INE0LXA01019,HOLMARC,SM,,,,,HOLMARC OPTO MECHATRO L,100.0,100.0,95.0,95.0,95.0,99.75,,95.0,,,1500,146250.0,2,F1,750,,,,,
2026-06-30,2026-06-30,CM,NSE,STK,2056,INE481N01025,HOMEFIRST,EQ,,,,,HOME FIRST FIN CO IND LTD,1171.0,1174.6,1135.3,1139.4,1140.0,1167.9,,1139.3,,,118999,136651982.8,10646,F1,1,,,,,
2026-06-30,2026-06-30,CM,NSE,STK,19813,INE0J5401028,HONASA,EQ,,,,,HONASA CONSUMER LIMITED,444.45,464.7,440.1,457.9,456.95,446.45,,457.9,,,3799186,1719371784.5,55002,F1,1,,,,,
2026-06-30,2026-06-30,CM,NSE,STK,3138,INE634A01018,HONDAPOWER,EQ,,,,,HONDA I POWER PRODUCT LTD,2162.7,2197.9,2162.7,2181.0,2171.1,2178.1,,2180.9,,,2590,5651468.8,563,F1,1,,,,,
2026-06-30,2026-06-30,CM,NSE,STK,3417,INE671A01010,HONAUT,EQ,,,,,HONEYWELL AUTOMATION IND,39000.0,39900.0,39000.0,39735.0,39900.0,39020.0,,39740.0,,,4431,175391195.0,2118,F1,1,,,,,
2026-06-30,2026-06-30,CM,NSE,STK,17920,INE191I01012,HDIL,BZ,,,,,HOUSING DEV & INFRA LTD,1.81,1.81,1.7,1.77,1.78,1.77,,1.77,,,158530,275810.54,192,F1,1,,,,,
2026-06-30,2026-06-30,CM,NSE,STK,7376,INE0GSL01024,HPAL,EQ,,,,,HP ADHESIVES LIMITED,35.21,35.68,35.05,35.17,35.05,35.22,,35.17,,,24431,861738.01,309,F1,1,,,,,
2026-06-30,2026-06-30,CM,NSE,STK,18679,INE495S01016,HPL,EQ,,,,,HPL ELECTRIC & POWER LTD,360.0,364.7,356.15,360.85,360.1,358.7,,360.85,,,136614,49102094.6,4170,F1,1,,,,,
2026-06-30,2026-06-30,CM,NSE,STK,761506,INF336L01RX2,HSBCGOLD,EQ,,,,,HSBCAMC - HSBCGOLD,122.7,122.92,121.0,121.85,121.82,122.79,,121.85,,,2749,334232.02,35,F1,1,,,,,
2026-06-30,2026-06-30,CM,NSE,STK,20825,INE031A01017,HUDCO,EQ,,,,,HSG & URBAN DEV CORPN LTD,207.96,208.97,204.0,205.02,205.7,207.96,,205.03,,,1350096,277905083.06,20183,F1,1,,,,,
2026-06-30,2026-06-30,CM,NSE,STK,11979,INE501G01024,HTMEDIA,EQ,,,,,HT MEDIA LIMITED,22.33,22.6,21.6,21.77,21.7,22.33,,21.77,,,68036,1488863.46,373,F1,1,,,,,
2026-06-30,2026-06-30,CM,NSE,STK,14203,INE703H01016,HUBTOWN,EQ,,,,,HUBTOWN LIMITED,206.0,209.0,203.8,207.63,209.0,205.25,,207.61,,,879513,182138376.24,6621,F1,1,,,,,
2026-06-30,2026-06-30,CM,NSE,STK,2562,INE275B01026,HUHTAMAKI,EQ,,,,,HUHTAMAKI INDIA LIMITED,195.0,198.4,194.31,197.18,196.18,195.15,,197.19,,,104969,20664328.63,2131,F1,1,,,,,
2026-06-30,2026-06-30,CM,NSE,STK,25708,INE0TO501019,HVAX,SM,,,,,HVAX TECHNOLOGIES LIMITED,621.3,628.5,621.3,625.2,625.05,640.0,,625.2,,,1350,843345.0,6,F1,150,,,,,
2026-06-30,2026-06-30,CM,NSE,STK,12814,INE965B01022,HYBRIDFIN,BE,,,,,HYBRID FINANCIAL SERVICE,20.79,20.79,19.76,19.76,19.76,20.79,,19.76,,,27171,538156.99,79,F1,1,,,,,
2026-06-30,2026-06-30,CM,NSE,STK,25844,INE0V6F01027,HYUNDAI,EQ,,,,,HYUNDAI MOTOR INDIA LTD,1901.0,1924.0,1882.3,1905.5,1905.5,1892.6,,1905.4,,,450903,860250634.2,25924,F1,1,,,,,
2026-06-30,2026-06-30,CM,NSE,STK,14086,INE204A01010,IGPL,EQ,,,,,I G PETROCHEMICALS LTD,447.5,465.0,447.3,456.3,456.95,447.5,,456.65,,,85160,39276909.8,5008,F1,1,,,,,
2026-06-30,2026-06-30,CM,NSE,STK,6977,INE613B01010,ICDSLTD,EQ,,,,,ICDS LTD,41.99,41.99,39.5,40.35,40.35,41.06,,40.35,,,774,31381.6,15,F1,1,,,,,
2026-06-30,2026-06-30,CM,NSE,STK,489,INE520Y01019,ICEMAKE,EQ,,,,,ICE MAKE REFRIGERAT LTD,761.95,802.5,755.5,795.9,798.8,761.2,,795.9,,,68507,54080268.3,4792,F1,1,,,,,
2026-06-30,2026-06-30,CM,NSE,STK,4963,INE090A01021,ICICIBANK,EQ,,,,,ICICI BANK LTD.,1402.0,1402.0,1366.1,1375.2,1379.9,1387.6,,1375.2,,,18398057,25350231179.7,238982,F1,1,,,,,
2026-06-30,2026-06-30,CM,NSE,STK,21770,INE765G01017,ICICIGI,EQ,,,,,ICICI LOMBARD GIC LIMITED,1775.0,1775.1,1733.4,1741.7,1733.6,1768.1,,1741.5,,,1825831,3195117570.1,45265,F1,1,,,,,
2026-06-30,2026-06-30,CM,NSE,STK,21254,INF109KC19U5,LOWVOLIETF,EQ,,,,,ICICI PR NIF LW VL 30 ETF,21.96,21.96,21.6,21.69,21.75,21.71,,21.69,,,490521,10641187.05,1076,F1,1,,,,,
2026-06-30,2026-06-30,CM,NSE,STK,18652,INE726G01019,ICICIPRULI,EQ,,,,,ICICI PRU LIFE INS CO LTD,490.65,492.4,480.9,487.95,491.0,489.5,,487.95,,,1715722,834770080.6,31664,F1,1,,,,,
2026-06-30,2026-06-30,CM,NSE,STK,17702,INF109KC10W0,MIDSELIETF,EQ,,,,,ICICI PRUD MIDCAP SEL ETF,18.51,19.15,18.51,18.94,18.87,18.82,,18.94,,,85262,1612916.13,653,F1,1,,,,,
2026-06-30,2026-06-30,CM,NSE,STK,30392,INF109KC16V9,NIF100IETF,EQ,,,,,ICICI PRUD NIFTY 100 ETF,27.91,27.91,27.72,27.81,27.91,27.91,,27.81,,,59687,1660932.59,1752,F1,1,,,,,
2026-06-30,2026-06-30,CM,NSE,STK,29553,INF109K012R6,NIFTYIETF,EQ,,,,,ICICI PRUD NIFTY ETF,274.5,274.5,269.82,270.19,270.9,270.83,,270.19,,,632351,171081675.82,21263,F1,1,,,,,
2026-06-30,2026-06-30,CM,NSE,STK,4378,INF346A01034,SENSEXIETF,EQ,,,,,ICICI PRUD SENSEX ETF,882.25,882.25,876.34,877.92,876.8,879.94,,877.47,,,7759,6816757.87,753,F1,1,,,,,
2026-06-30,2026-06-30,CM,NSE,STK,760407,INE346A01027,ICICIAMC,EQ,,,,,ICICI PRUDENTIAL AMC LTD,3295.0,3347.0,3255.0,3319.6,3298.0,3282.3,,3319.5,,,449683,1482519571.9,53205,F1,1,,,,,
2026-06-30,2026-06-30,CM,NSE,STK,19679,INF109KC1NT3,GOLDIETF,EQ,,,,,ICICI PRUDENTIAL GOLD ETF,119.65,120.64,117.64,120.1,120.24,120.66,,120.1,,,6505646,778592313.03,42381,F1,1,,,,,
2026-06-30,2026-06-30,CM,NSE,STK,17475,INF109KC11V0,NV20IETF,EQ,,,,,ICICI PRUDENTIAL NV20 ETF,13.98,13.98,13.55,13.61,13.61,13.74,,13.61,,,380034,5183245.66,1998,F1,1,,,,,
2026-06-30,2026-06-30,CM,NSE,STK,522,INF109KB15Y7,ICICIB22,EQ,,,,,ICICIPRAMC - BHARATIWIN,119.97,119.97,118.15,118.58,118.75,118.99,,118.58,,,387822,46038761.44,2978,F1,1,,,,,
2026-06-30,2026-06-30,CM,NSE,STK,30139,INF109K1A021,CASHIETF,EQ,,,,,ICICIPRAMC - CASHIETF,1068.7,1068.7,1068.68,1068.68,1068.7,1068.54,,1068.68,,,200064,213807767.69,234,F1,1,,,,,
2026-06-30,2026-06-30,CM,NSE,STK,755881,INF109K1A153,EVIETF,EQ,,,,,ICICIPRAMC - EVIETF,32.66,32.66,30.9,31.21,31.21,31.1,,31.21,,,156141,4880423.79,548,F1,1,,,,,
2026-06-30,2026-06-30,CM,NSE,STK,13143,INF109KC18O0,GSEC10IETF,EQ,,,,,ICICIPRAMC - ICICI10GS,263.1,263.1,261.3,261.3,261.3,263.27,,261.51,,,58,15239.24,4,F1,1,,,,,
2026-06-30,2026-06-30,CM,NSE,STK,3001,INF109KC1V59,BSE500IETF,EQ,,,,,ICICIPRAMC - ICICI500,38.9,39.38,38.72,38.87,38.94,38.9,,38.88,,,536205,20871437.11,1459,F1,1,,,,,
2026-06-30,2026-06-30,CM,NSE,STK,8342,INF109KC14A8,GSEC5IETF,EQ,,,,,ICICIPRAMC - ICICI5GSEC,66.34,69.14,65.63,66.91,69.14,66.14,,66.15,,,2947,195342.0,41,F1,1,,,,,
2026-06-30,2026-06-30,CM,NSE,STK,22344,INF109KC17V7,ALPL30IETF,EQ,,,,,ICICIPRAMC - ICICIALPLV,27.31,27.35,27.05,27.13,27.26,27.31,,27.13,,,377534,10257552.08,1025,F1,1,,,,,
2026-06-30,2026-06-30,CM,NSE,STK,7844,INF109KC10V2,AUTOIETF,EQ,,,,,ICICIPRAMC - ICICIAUTO,27.55,27.55,26.94,27.37,27.41,27.3,,27.37,,,785289,21494839.0,1976,F1,1,,,,,
2026-06-30,2026-06-30,CM,NSE,STK,11386,INF109KC18U7,PVTBANIETF,EQ,,,,,ICICIPRAMC - ICICIBANKP,28.35,28.6,28.16,28.24,28.3,28.36,,28.24,,,2225061,62936792.85,2088,F1,1,,,,,
2026-06-30,2026-06-30,CM,NSE,STK,13198,INF109KC19O8,COMMOIETF,EQ,,,,,ICICIPRAMC - ICICICOMMO,99.66,100.29,99.25,99.88,100.01,99.64,,99.88,,,34962,3487588.6,662,F1,1,,,,,
2026-06-30,2026-06-30,CM,NSE,STK,6446,INF109KC1V42,CONSUMIETF,EQ,,,,,ICICIPRAMC - ICICICONSU,118.71,120.1,118.3,119.32,120.1,118.79,,119.32,,,1825,217380.37,157,F1,1,,,,,
2026-06-30,2026-06-30,CM,NSE,STK,5306,INF109KC19V3,FMCGIETF,EQ,,,,,ICICIPRAMC - ICICIFMCG,52.51,52.98,52.27,52.35,52.45,52.6,,52.35,,,2851525,149342881.02,6884,F1,1,,,,,
2026-06-30,2026-06-30,CM,NSE,STK,10723,INF109KC16E5,INFRAIETF,EQ,,,,,ICICIPRAMC - ICICIINFRA,97.05,97.05,96.3,96.4,96.71,96.66,,96.4,,,181981,17566974.1,7950,F1,1,,,,,
2026-06-30,2026-06-30,CM,NSE,STK,4838,INF109KC1KT9,LIQUIDIETF,EQ,,,,,ICICIPRAMC - ICICILIQ,999.99,1000.01,999.99,999.99,999.99,999.99,,1000.0,,,551839,551838852.15,249,F1,1,,,,,
2026-06-30,2026-06-30,CM,NSE,STK,17152,INF109KC11W8,MIDCAPIETF,EQ,,,,,ICICIPRAMC - ICICIM150,23.47,23.64,23.41,23.5,23.57,23.46,,23.5,,,1454020,34216117.38,2866,F1,1,,,,,
2026-06-30,2026-06-30,CM,NSE,STK,10585,INF109KC17C7,MOM30IETF,EQ,,,,,ICICIPRAMC - ICICIMOM30,32.04,32.04,31.24,31.47,31.51,32.03,,31.47,,,1681011,52759579.15,2980,F1,1,,,,,
2026-06-30,2026-06-30,CM,NSE,STK,4529,INF109KC1NS5,NEXT50IETF,EQ,,,,,ICICIPRAMC - ICICINXT50,75.97,75.97,75.01,75.51,75.52,75.45,,75.51,,,765440,57807340.22,4170,F1,1,,,,,
2026-06-30,2026-06-30,CM,NSE,STK,3626,INF109KC1Q72,HEALTHIETF,EQ,,,,,ICICIPRAMC - ICICIPHARM,167.05,167.05,164.81,165.68,166.87,165.46,,165.71,,,159932,26534707.88,3365,F1,1,,,,,
2026-06-30,2026-06-30,CM,NSE,STK,17808,INF109KC18V5,QUAL30IETF,EQ,,,,,ICICIPRAMC - ICICIQTY30,20.57,20.6,20.15,20.23,20.6,20.57,,20.23,,,629185,12746314.91,770,F1,1,,,,,
2026-06-30,2026-06-30,CM,NSE,STK,7942,INF109KC1Y56,SILVERIETF,EQ,,,,,ICICIPRAMC - ICICISILVE,217.99,223.48,215.03,222.25,222.4,216.88,,222.26,,,6547501,1442154748.79,36077,F1,1,,,,,
2026-06-30,2026-06-30,CM,NSE,STK,22365,INF109KC16I6,ITIETF,EQ,,,,,ICICIPRAMC - ICICITECH,30.45,30.45,29.12,29.22,29.34,30.05,,29.22,,,2794824,82160357.13,4463,F1,1,,,,,
2026-06-30,2026-06-30,CM,NSE,STK,11037,INF109KC15I8,BANKIETF,EQ,,,,,ICICIPRAMC - IPRU5008,59.3,59.79,59.0,59.17,59.1,59.19,,59.17,,,922617,54704547.51,1669,F1,1,,,,,
2026-06-30,2026-06-30,CM,NSE,STK,24861,INF109KC19W1,METALIETF,EQ,,,,,ICICIPRAMC - METALIETF,12.74,12.74,12.5,12.56,12.61,12.59,,12.56,,,7584479,95202626.15,8840,F1,1,,,,,
2026-06-30,2026-06-30,CM,NSE,STK,24533,INF109KC18W3,OILIETF,EQ,,,,,ICICIPRAMC - OILIETF,11.75,11.75,11.13,11.21,11.21,11.19,,11.21,,,783906,8771030.53,2137,F1,1,,,,,
2026-06-30,2026-06-30,CM,NSE,STK,14584,INF109KC10S8,PSUBNKIETF,EQ,,,,,ICICIPRAMC - PSUBANKICI,87.18,87.38,86.24,86.39,86.33,86.9,,86.39,,,122146,10581449.39,931,F1,1,,,,,
2026-06-30,2026-06-30,CM,NSE,STK,754612,INF109K1A476,SMALLIETF,EQ,,,,,ICICIPRAMC - SMALLIETF,17.83,17.83,17.6,17.75,17.76,17.66,,17.75,,,39035,691535.31,90,F1,1,,,,,
2026-06-30,2026-06-30,CM,NSE,STK,757781,INF109K1A344,TOP15IETF,EQ,,,,,ICICIPRAMC - TOP15IETF,10.29,10.29,9.72,9.74,9.79,9.8,,9.74,,,139698,1362264.18,247,F1,1,,,,,
2026-06-30,2026-06-30,CM,NSE,STK,25851,INF109KC16X5,VAL30IETF,EQ,,,,,ICICIPRAMC - VAL30IETF,16.17,16.17,15.35,15.4,15.45,15.4,,15.4,,,825817,12714566.7,631,F1,1,,,,,
2026-06-30,2026-06-30,CM,NSE,STK,12578,INF109KC17L8,FINIETF,EQ,,,,,ICICIPRAMC-ICICIFIN,32.92,32.92,32.1,32.31,32.48,32.12,,32.31,,,487383,15749649.45,950,F1,1,,,,,
2026-06-30,2026-06-30,CM,NSE,STK,14523,INE725G01011,ICRA,EQ,,,,,ICRA LIMITED,5301.0,5367.5,5210.5,5242.0,5233.0,5284.0,,5242.0,,,8665,45793478.5,2090,F1,1,,,,,
2026-06-30,2026-06-30,CM,NSE,STK,1476,INE008A01015,IDBI,EQ,,,,,IDBI BANK LIMITED,86.0,86.25,82.9,83.53,83.42,85.96,,83.54,,,12501122,1056008987.92,26529,F1,1,,,,,
2026-06-30,2026-06-30,CM,NSE,STK,17142,INE349Y01013,IDEAFORGE,BE,,,,,IDEAFORGE TECHNO LTD,810.95,830.0,795.0,815.65,819.5,810.95,,815.6,,,143089,117240790.65,5058,F1,1,,,,,
2026-06-30,2026-06-30,CM,NSE,STK,24950,INE0T9I01011,IDEALTECHO,SM,,,,,IDEAL TECHNOPLAST IND LTD,192.0,192.0,190.0,190.0,190.0,190.0,,190.0,,,1000,191000.0,2,F1,500,,,,,
2026-06-30,2026-06-30,CM,NSE,STK,28590,INE0TD101011,IDENTICAL,ST,,,,,IDENTICAL BRAINS STUDIO L,16.35,17.1,16.3,17.1,17.1,17.05,,17.1,,,6000,99500.0,3,F1,2000,,,,,
2026-06-30,2026-06-30,CM,NSE,STK,11184,INE092T01019,IDFCFIRSTB,EQ,,,,,IDFC FIRST BANK LIMITED,78.39,79.73,78.13,79.49,79.3,78.2,,79.49,,,30193040,2386175664.74,83070,F1,1,,,,,
2026-06-30,2026-06-30,CM,NSE,STK,9300,INE076C01018,IFBAGRO,BE,,,,,IFB AGRO INDUSTRIES LTD,901.1,919.0,901.1,913.1,918.9,914.8,,913.2,,,3670,3353915.5,139,F1,1,,,,,
2026-06-30,2026-06-30,CM,NSE,STK,1485,INE559A01017,IFBIND,EQ,,,,,IFB INDUSTRIES LTD,1256.1,1304.6,1233.0,1287.7,1285.6,1243.7,,1287.9,,,100363,128673597.5,12420,F1,1,,,,,
2026-06-30,2026-06-30,CM,NSE,STK,1491,INE039A01010,IFCI,EQ,,,,,IFCI LTD,77.69,77.73,74.5,74.88,75.1,77.18,,74.88,,,26701157,2021800016.59,62909,F1,1,,,,,
2026-06-30,2026-06-30,CM,NSE,STK,436,INE133Y01011,IFGLEXPOR,EQ,,,,,IFGL REFRACTORIES LIMITED,179.27,182.85,177.43,180.39,180.0,178.0,,180.39,,,10900,1961847.05,411,F1,1,,,,,
2026-06-30,2026-06-30,CM,NSE,STK,759897,INE01XO07017,1225IFL27,N0,,,,,IFL 12.25% 2027,7514.48,8399.0,7514.48,8399.0,8399.0,7501.0,,8399.0,,,3,23427.96,3,F1,1,,,,,
2026-06-30,2026-06-30,CM,NSE,STK,760656,INE01XO07025,1225IFL28,N0,,,,,IFL 12.25% 2028,9499.0,9499.0,9499.0,9499.0,9499.0,8650.0,,9499.0,,,1,9499.0,1,F1,1,,,,,
2026-06-30,2026-06-30,CM,NSE,STK,634,INE188B01013,IGARASHI,EQ,,,,,IGARASHI MOTORS INDIA LTD,457.5,465.5,451.3,459.3,462.0,458.9,,459.3,,,135025,61724832.1,3910,F1,1,,,,,
2026-06-30,2026-06-30,CM,NSE,STK,761116,INE530B07658,837IIFL28,Y4,,,,,IIFL 8.37% TR I SR I,981.2,981.2,981.2,981.2,981.2,980.8,,984.85,,,1,981.2,1,F1,1,,,,,
2026-06-30,2026-06-30,CM,NSE,STK,13072,INE489L01022,IIFLCAPS,EQ,,,,,IIFL CAPITAL SERVICES LTD,337.9,339.35,334.1,338.15,338.75,337.65,,338.15,,,718537,242573495.55,7748,F1,1,,,,,
2026-06-30,2026-06-30,CM,NSE,STK,11809,INE530B01024,IIFL,EQ,,,,,IIFL FINANCE LIMITED,491.7,510.8,491.7,507.8,505.75,489.3,,507.8,,,1951219,984529727.35,43361,F1,1,,,,,
2026-06-30,2026-06-30,CM,NSE,STK,756142,INE530B07526,IIFL21425,NY,,,,,IIFL TR I SR IV,1090.0,1090.0,1090.0,1090.0,1090.0,1090.0,,1090.0,,,10,10900.0,1,F1,1,,,,,
2026-06-30,2026-06-30,CM,NSE,STK,761124,INE530B07641,IIFL06326,YC,,,,,IIFL TR I SR IX,975.1,991.0,975.1,991.0,991.0,1151.11,,967.75,,,60,58903.5,2,F1,1,,,,,
2026-06-30,2026-06-30,CM,NSE,STK,761122,INE530B07583,IIFL060326,YA,,,,,IIFL TR I SR VII,1000.0,1000.0,1000.0,1000.0,1000.0,997.13,,997.0,,,10,10000.0,1,F1,1,,,,,
2026-06-30,2026-06-30,CM,NSE,STK,16822,INE0LOJ01019,IKIO,EQ,,,,,IKIO TECHNOLOGIES LIMITED,152.41,154.99,150.3,151.85,152.44,152.35,,151.85,,,41224,6255680.95,1320,F1,1,,,,,
2026-06-30,2026-06-30,CM,NSE,STK,9380,INE369I01014,IL&FSENGG,BZ,,,,,IL&FS ENG AND CONS CO LTD,28.01,30.05,28.01,29.91,29.95,29.43,,29.91,,,9057,269714.79,67,F1,1,,,,,
2026-06-30,2026-06-30,CM,NSE,STK,6711,INE050B01023,IVC,EQ,,,,,IL&FS INVESTMENT MANAGERS,8.02,8.4,8.02,8.24,8.29,8.15,,8.24,,,179128,1481799.51,803,F1,1,,,,,
2026-06-30,2026-06-30,CM,NSE,STK,9381,INE975G01012,IL&FSTRANS,BZ,,,,,IL&FS TRANS NET LTD,2.28,2.33,2.18,2.19,2.2,2.28,,2.19,,,58335,129376.22,82,F1,1,,,,,
2026-06-30,2026-06-30,CM,NSE,STK,7672,INE172N01012,IMAGICAA,EQ,,,,,IMAGICAAWORLD ENT LTD,46.75,49.7,46.29,48.71,48.99,46.64,,48.71,,,2211120,107061239.94,10029,F1,1,,,,,
2026-06-30,2026-06-30,CM,NSE,STK,17507,INE452L01012,INCREDIBLE,EQ,,,,,INCREDIBLE INDUSTRIES LTD,32.3,33.88,32.2,32.47,32.2,33.24,,32.51,,,2973,96527.52,47,F1,1,,,,,
2026-06-30,2026-06-30,CM,NSE,STK,12009,INE547E01014,IMPAL,EQ,,,,,IND MOTOR PART & ACC LTD,1106.4,1115.0,1080.1,1102.1,1110.9,1097.6,,1102.1,,,2545,2795523.3,263,F1,1,,,,,
2026-06-30,2026-06-30,CM,NSE,STK,4870,INE915B01019,INDSWFTLAB,EQ,,,,,IND SWIFT LABORATORIES LT,206.0,208.25,201.21,203.53,204.2,205.27,,203.52,,,684200,139453091.06,7622,F1,1,,,,,
2026-06-30,2026-06-30,CM,NSE,STK,21957,INE611L01021,INDTERRAIN,EQ,,,,,IND TERRAIN FASHIONS LTD,33.78,33.78,32.4,32.65,32.5,33.02,,32.4,,,15400,503701.49,216,F1,1,,,,,
2026-06-30,2026-06-30,CM,NSE,STK,16933,INE841B01017,INDBANK,EQ,,,,,INDBANK MERCH BANK,33.5,33.75,33.21,33.37,33.21,33.42,,33.37,,,14921,500090.96,293,F1,1,,,,,
2026-06-30,2026-06-30,CM,NSE,STK,29678,INE0O9T01021,BAJAJINDEF,EQ,,,,,INDEF MANUFACTURING LTD,251.1,254.4,247.6,250.7,248.7,250.0,,250.7,,,24673,6182084.95,817,F1,1,,,,,
2026-06-30,2026-06-30,CM,NSE,STK,23693,INE065X01017,INDGN,EQ,,,,,INDEGENE LIMITED,516.85,528.0,515.6,525.4,525.5,516.85,,525.4,,,158479,83003299.3,12186,F1,1,,,,,
2026-06-30,2026-06-30,CM,NSE,STK,1521,INE560A01023,INDIAGLYCO,EQ,,,,,INDIA GLYCOLS LTD,989.0,1002.0,980.0,986.35,984.5,980.4,,986.3,,,75394,74744810.45,4683,F1,1,,,,,
2026-06-30,2026-06-30,CM,NSE,STK,4747,INE092B01025,INDNIPPON,EQ,,,,,INDIA NIPPON ELECT  LTD,969.7,1015.95,955.55,1001.4,1015.0,964.85,,1001.45,,,89370,88919786.25,5175,F1,1,,,,,
2026-06-30,2026-06-30,CM,NSE,STK,4934,INE0D6701023,IPL,EQ,,,,,INDIA PESTICIDES LIMITED,161.28,164.43,160.91,162.06,161.62,161.28,,162.05,,,143546,23317879.61,1908,F1,1,,,,,
2026-06-30,2026-06-30,CM,NSE,STK,20556,INE922K01024,INDIASHLTR,EQ,,,,,INDIA SHELTER FIN CORP L,773.0,789.0,761.8,769.35,773.9,766.85,,769.35,,,115447,89155367.25,12241,F1,1,,,,,
2026-06-30,2026-06-30,CM,NSE,STK,19299,INE353K01014,ITDC,EQ,,,,,INDIA TOUR. DEV. CO. LTD.,590.8,591.9,585.0,587.15,586.5,588.5,,587.15,,,24610,14454622.95,2272,F1,1,,,,,
2026-06-30,2026-06-30,CM,NSE,STK,25003,INE126M01010,IBULLSLTD,BE,,,,,INDIABULLS LIMITED,27.0,28.3,26.9,27.81,28.0,26.97,,27.81,,,7390205,206258605.49,7904,F1,1,,,,,
2026-06-30,2026-06-30,CM,NSE,STK,10726,INE933S01016,INDIAMART,EQ,,,,,INDIAMART INTERMESH LTD,1919.9,1932.0,1893.3,1906.4,1918.8,1927.3,,1906.2,,,108737,207603598.5,15082,F1,1,,,,,
2026-06-30,2026-06-30,CM,NSE,STK,14309,INE562A01011,INDIANB,EQ,,,,,INDIAN BANK,820.0,827.65,812.45,816.65,817.5,814.7,,816.65,,,4505538,3680928213.25,80460,F1,1,,,,,
2026-06-30,2026-06-30,CM,NSE,STK,4422,INE061A01014,INDIANCARD,EQ,,,,,INDIAN CARD CLOTHING CO.,225.0,225.0,220.0,221.68,220.0,225.12,,221.68,,,583,130063.79,37,F1,1,,,,,
2026-06-30,2026-06-30,CM,NSE,STK,23789,INE0RRU01016,IEML,SM,,,,,INDIAN EMULSIFIERS LTD,46.1,46.5,44.5,45.6,44.9,46.3,,45.6,,,39500,1792500.0,49,F1,500,,,,,
2026-06-30,2026-06-30,CM,NSE,STK,220,INE022Q01020,IEX,EQ,,,,,INDIAN ENERGY EXC LTD,125.2,125.6,123.55,125.13,125.09,124.81,,125.13,,,4459189,556372518.22,43234,F1,1,,,,,
2026-06-30,2026-06-30,CM,NSE,STK,1530,INE323C01030,INDIANHUME,EQ,,,,,INDIAN HUME PIPE CO. LTD.,334.4,334.4,326.0,329.15,331.75,332.8,,329.2,,,31171,10281882.35,1401,F1,1,,,,,
2026-06-30,2026-06-30,CM,NSE,STK,19235,INE919H01018,IMFA,EQ,,,,,INDIAN METALS & FERRO,1275.0,1291.9,1232.5,1266.0,1272.0,1315.0,,1265.9,,,338243,428885542.0,31889,F1,1,,,,,
2026-06-30,2026-06-30,CM,NSE,STK,1624,INE242A01010,IOC,EQ,,,,,INDIAN OIL CORP LTD,139.51,140.23,138.38,139.38,139.3,139.18,,139.38,,,19013315,2649960649.48,79494,F1,1,,,,,
2026-06-30,2026-06-30,CM,NSE,STK,9348,INE565A01014,IOB,EQ,,,,,INDIAN OVERSEAS BANK,34.15,34.4,33.97,34.09,34.2,34.01,,34.09,,,1891015,64523725.83,9190,F1,1,,,,,
2026-06-30,2026-06-30,CM,NSE,STK,25033,INE0DHF01018,IPHL,SM,,,,,INDIAN PHOSPHATE LIMITED,55.0,55.0,53.05,54.1,54.1,55.95,,54.1,,,7200,392100.0,6,F1,1200,,,,,
2026-06-30,2026-06-30,CM,NSE,STK,13611,INE335Y01020,IRCTC,EQ,,,,,INDIAN RAIL TOUR CORP LTD,505.0,508.55,501.0,502.9,502.4,503.85,,502.9,,,683811,344765502.95,25780,F1,1,,,,,
2026-06-30,2026-06-30,CM,NSE,STK,2029,INE053F01010,IRFC,EQ,,,,,INDIAN RAILWAY FIN CORP L,90.95,91.4,90.19,90.53,90.72,90.61,,90.53,,,21360621,1934506138.06,69552,F1,1,,,,,
2026-06-30,2026-06-30,CM,NSE,STK,20261,INE202E01016,IREDA,EQ,,,,,INDIAN RENEWABLE ENERGY,127.75,130.6,127.07,128.69,128.77,127.49,,128.69,,,6157760,794471922.62,32143,F1,1,,,,,
2026-06-30,2026-06-30,CM,NSE,STK,762727,INE586E01020,IWP,EQ,,,,,INDIAN WOOD PRODUCTS CO L,32.62,33.4,32.62,32.89,32.89,33.39,,33.03,,,3012,100119.25,44,F1,1,,,,,
2026-06-30,2026-06-30,CM,NSE,STK,2048,INE09VQ01012,INDIGOPNTS,EQ,,,,,INDIGO PAINTS LIMITED,1027.8,1028.8,1010.35,1015.25,1012.9,1020.6,,1015.25,,,20732,21075023.45,3808,F1,1,,,,,
2026-06-30,2026-06-30,CM,NSE,STK,20988,INE219X23014,INDIGRID,IV,,,,,INDIGRID INFRASTRUCT TRST,177.72,177.72,176.02,176.81,176.8,176.79,,176.81,,,709162,125391204.29,8395,F1,1,,,,,
2026-06-30,2026-06-30,CM,NSE,STK,757845,INE06ST01018,INDIQUBE,EQ,,,,,INDIQUBE SPACES LIMITED,167.53,169.97,166.51,169.35,168.43,166.27,,169.34,,,37959,6387986.09,481,F1,1,,,,,
2026-06-30,2026-06-30,CM,NSE,STK,9120,INE760F01028,INDOAMIN,BE,,,,,INDO AMINES LIMITED,133.0,136.3,130.05,132.44,132.0,132.06,,132.43,,,48612,6477783.5,337,F1,1,,,,,
2026-06-30,2026-06-30,CM,NSE,STK,8614,INE803D01021,INDOBORAX,EQ,,,,,INDO BORAX & CHEMICAL LTD,386.65,386.9,375.55,378.9,382.0,384.8,,379.0,,,54326,20665440.25,2239,F1,1,,,,,
2026-06-30,2026-06-30,CM,NSE,STK,11987,INE483B01026,ICIL,EQ,,,,,INDO COUNT INDUSTRIES LTD,423.35,446.05,420.55,438.25,442.2,424.9,,438.25,,,1315847,577096557.05,28939,F1,1,,,,,
2026-06-30,2026-06-30,CM,NSE,STK,29025,INE622H01018,INDOFARM,EQ,,,,,INDO FARM EQUIPMENT LTD,142.32,151.0,142.31,147.53,147.1,142.32,,147.5,,,311576,45916788.69,4984,F1,1,,,,,
2026-06-30,2026-06-30,CM,NSE,STK,10993,INE156A01020,INDORAMA,EQ,,,,,INDO RAMA SYNTHETICS LTD,44.92,44.92,44.1,44.32,44.1,44.88,,44.32,,,42393,1881267.75,581,F1,1,,,,,
2026-06-30,2026-06-30,CM,NSE,STK,13278,INE332H01014,INDOTECH,BE,,,,,INDO TECH TRANSFORM LTD.,3235.9,3235.9,3135.0,3235.9,3235.9,3081.9,,3235.7,,,205661,664297011.2,3650,F1,1,,,,,
2026-06-30,2026-06-30,CM,NSE,STK,25608,INE337M01021,INDOTHAI,EQ,,,,,INDO THAI SEC LTD,222.15,232.0,222.15,227.06,226.6,223.12,,227.06,,,592516,134187208.02,4010,F1,1,,,,,
2026-06-30,2026-06-30,CM,NSE,STK,25503,INE250Z01010,INDOUS,EQ,,,,,INDO US BIOTECH LTD,91.47,91.47,86.16,87.59,86.31,89.8,,87.57,,,39729,3510749.4,521,F1,1,,,,,
2026-06-30,2026-06-30,CM,NSE,STK,6782,INE567A01028,NIPPOBATRY,EQ,,,,,INDO-NATIONAL LIMITED,353.25,353.25,340.0,341.65,341.0,346.75,,341.55,,,3781,1303163.0,399,F1,1,,,,,
2026-06-30,2026-06-30,CM,NSE,STK,11677,INE873D01024,INDOCO,EQ,,,,,INDOCO REMEDIES LTD.,235.12,243.39,234.11,239.22,239.01,234.06,,239.21,,,101628,24292660.01,3123,F1,1,,,,,
2026-06-30,2026-06-30,CM,NSE,STK,757801,INE05J901018,IGCL,EQ,,,,,INDOGULF CROPSCIENCES LTD,61.29,62.36,59.23,61.92,62.14,59.56,,61.92,,,85642,5218434.32,871,F1,1,,,,,
2026-06-30,2026-06-30,CM,NSE,STK,19955,INE866K01023,WAAREEINDO,EQ,,,,,INDOSOLAR LIMITED,390.4,401.95,385.1,389.95,393.0,393.55,,389.95,,,55259,21652943.6,1553,F1,1,,,,,
2026-06-30,2026-06-30,CM,NSE,STK,3088,INE896L01010,INDOSTAR,EQ,,,,,INDOSTAR CAPITAL FIN LTD,253.39,256.19,249.69,251.79,252.4,254.96,,251.79,,,74146,18734395.74,1576,F1,1,,,,,
2026-06-30,2026-06-30,CM,NSE,STK,14956,INE227G01018,INDOWIND,BE,,,,,INDOWIND ENERGY LTD,9.14,9.52,9.0,9.49,9.52,9.07,,9.49,,,2406341,22211590.97,461,F1,1,,,,,
2026-06-30,2026-06-30,CM,NSE,STK,11262,INE203G01027,IGL,EQ,,,,,INDRAPRASTHA GAS LTD,165.0,168.9,164.15,164.78,165.0,165.45,,164.78,,,2150332,357773139.2,22965,F1,1,,,,,
2026-06-30,2026-06-30,CM,NSE,STK,4751,INE681B01017,INDRAMEDCO,EQ,,,,,INDRAPRASTHA MEDICAL CORP,381.95,391.0,378.9,388.05,388.0,380.15,,388.05,,,185923,71856965.7,5288,F1,1,,,,,
2026-06-30,2026-06-30,CM,NSE,STK,23036,INE0NHL23019,INDUSINVIT,IV,,,,,INDUS INFRA TRUST,125.63,126.58,125.51,126.11,126.15,125.49,,126.12,,,309554,39059186.25,7453,F1,1,,,,,
2026-06-30,2026-06-30,CM,NSE,STK,29135,INE121J01017,INDUSTOWER,EQ,,,,,INDUS TOWERS LIMITED,394.9,399.0,391.05,391.7,392.85,394.65,,391.7,,,6895600,2707823617.0,50122,F1,1,,,,,
2026-06-30,2026-06-30,CM,NSE,STK,5258,INE095A01012,INDUSINDBK,EQ,,,,,INDUSIND BANK LIMITED,916.45,933.1,916.45,924.2,922.25,915.4,,924.2,,,2515841,2329155259.9,95811,F1,1,,,,,
2026-06-30,2026-06-30,CM,NSE,STK,762717,INE620D01011,INDPRUD,EQ,,,,,INDUSTRIAL & PRU INV CO L,6525.0,6525.0,6525.0,6525.0,6525.0,6598.5,,6525.0,,,1,6525.0,1,F1,1,,,,,
2026-06-30,2026-06-30,CM,NSE,STK,19525,INE886A01014,IITL,EQ,,,,,INDUSTRIAL INV TRUST LTD,133.28,139.0,130.5,135.19,138.44,130.86,,135.18,,,93004,12528427.57,625,F1,1,,,,,
2026-06-30,2026-06-30,CM,NSE,STK,15036,INE0MRE01011,INFINIUM,SM,,,,,INFINIUM PHARMACHEM LTD,200.0,204.5,200.0,204.5,204.5,206.0,,204.5,,,2500,502250.0,5,F1,500,,,,,
2026-06-30,2026-06-30,CM,NSE,STK,757602,INE0MYZ01012,INFLUX,SM,,,,,INFLUX HEALTHTECH LIMITED,282.0,286.0,282.0,285.0,285.0,282.0,,285.0,,,24000,6815310.0,28,F1,600,,,,,
2026-06-30,2026-06-30,CM,NSE,STK,13751,INE663F01032,NAUKRI,EQ,,,,,INFO EDGE (I) LTD,993.5,995.95,970.0,978.0,980.5,986.8,,978.0,,,1437793,1406508673.85,46708,F1,1,,,,,
2026-06-30,2026-06-30,CM,NSE,STK,11027,INE344S01016,INFOBEAN,EQ,,,,,INFOBEANS TECHNO. LTD.,155.5,158.84,153.72,157.82,158.3,156.78,,157.82,,,217485,33859783.07,3704,F1,1,,,,,
2026-06-30,2026-06-30,CM,NSE,STK,16588,INE0NNZ01013,INFOLLION,SM,,,,,INFOLLION RESEARCH SER L,171.0,174.65,170.0,170.5,171.0,171.1,,170.5,,,10400,1781660.0,13,F1,400,,,,,
2026-06-30,2026-06-30,CM,NSE,STK,13693,INE669A01022,INFOMEDIA,EQ,,,,,INFOMEDIA PRESS LIMITED,5.83,5.83,5.52,5.69,5.75,5.66,,5.69,,,13601,77079.48,62,F1,1,,,,,
2026-06-30,2026-06-30,CM,NSE,STK,1594,INE009A01021,INFY,EQ,,,,,INFOSYS LIMITED,1030.0,1030.4,996.0,1000.4,1006.0,1036.7,,1000.4,,,24128263,24303960220.5,440240,F1,1,,,,,
2026-06-30,2026-06-30,CM,NSE,STK,1597,INE177A01018,INGERRAND,EQ,,,,,INGERSOLL-RAND INDIA LTD,4472.0,4524.0,4450.0,4500.8,4452.2,4468.2,,4500.0,,,5128,23004521.7,1319,F1,1,,,,,
2026-06-30,2026-06-30,CM,NSE,STK,25323,INE0S1D01010,INNOMET,ST,,,,,INNOMET ADVANCED MATERI L,134.6,134.6,134.6,134.6,134.6,132.0,,134.6,,,37200,5007120.0,18,F1,600,,,,,
2026-06-30,2026-06-30,CM,NSE,STK,21062,INE0DUT01020,INNOVACAP,EQ,,,,,INNOVA CAPTAB LIMITED,1003.4,1031.5,973.0,978.45,983.9,994.2,,978.4,,,62194,61813418.25,8292,F1,1,,,,,
2026-06-30,2026-06-30,CM,NSE,STK,27754,INE403Y01018,INNOVANA,EQ,,,,,INNOVANA THINKLABS LTD,322.15,330.0,311.0,326.35,327.55,322.1,,325.45,,,19296,6086566.5,276,F1,1,,,,,
2026-06-30,2026-06-30,CM,NSE,STK,27266,INE070Y01023,ITTL,ST,,,,,INNOVATIVE TYRE & TUBE LT,76.5,76.5,76.5,76.5,76.5,76.5,,76.5,,,105,8032.5,1,F1,105,,,,,
2026-06-30,2026-06-30,CM,NSE,STK,761528,INE0ADB01012,INNOVISION,EQ,,,,,INNOVISION LIMITED,286.9,286.9,280.0,281.65,282.65,282.65,,281.65,,,13360,3772624.85,1000,F1,1,,,,,
2026-06-30,2026-06-30,CM,NSE,STK,12188,INE510W01014,INOXGREEN,EQ,,,,,INOX GREEN ENERGY SER LTD,199.01,203.7,195.5,198.6,198.14,199.01,,198.61,,,2100235,420023461.42,19246,F1,1,,,,,
2026-06-30,2026-06-30,CM,NSE,STK,20607,INE616N01034,INOXINDIA,EQ,,,,,INOX INDIA LIMITED,1890.4,1975.6,1861.1,1958.4,1960.0,1868.8,,1958.6,,,493633,962182461.7,38910,F1,1,,,,,
2026-06-30,2026-06-30,CM,NSE,STK,7852,INE066P01011,INOXWIND,EQ,,,,,INOX WIND LIMITED,88.5,90.64,88.5,90.12,90.16,88.18,,90.12,,,9137337,819735457.79,32286,F1,1,,,,,
2026-06-30,2026-06-30,CM,NSE,STK,14657,INE070I01018,INSECTICID,EQ,,,,,INSECTICIDES (I) LTD,651.0,680.9,650.0,660.85,664.8,651.35,,660.85,,,18768,12427405.1,1390,F1,1,,,,,
2026-06-30,2026-06-30,CM,NSE,STK,761099,INE0LGX01024,INA,EQ,,,,,INSOLATION ENERGY LIMITED,113.5,118.23,113.5,116.2,115.3,113.57,,116.2,,,483373,56111836.11,4721,F1,1,,,,,
2026-06-30,2026-06-30,CM,NSE,STK,13734,INE020G01017,INSPIRISYS,BE,,,,,INSPIRISYS SOLUTIONS LTD,105.6,106.8,104.0,104.13,106.53,105.59,,104.13,,,10068,1050451.78,26,F1,1,,,,,
2026-06-30,2026-06-30,CM,NSE,STK,30327,INE418N01035,ESSENTIA,BE,,,,,INTEGRA ESSENTIA LIMITED,1.3,1.33,1.28,1.28,1.29,1.33,,1.28,,,2930140,3810114.93,949,F1,1,,,,,
2026-06-30,2026-06-30,CM,NSE,STK,11903,INE02EE01019,IPSL,SM,,,,,INTEGRATED PERSO SER LTD,275.0,275.0,275.0,275.0,275.0,259.0,,275.0,,,500,137500.0,1,F1,500,,,,,
2026-06-30,2026-06-30,CM,NSE,STK,757905,INE0YSH01017,INTEGRITY,ST,,,,,INTEGRITY INFRABUILD DE L,159.0,159.0,159.0,159.0,159.0,157.0,,159.0,,,1200,190800.0,1,F1,1200,,,,,
2026-06-30,2026-06-30,CM,NSE,STK,5926,INE306R01017,INTELLECT,EQ,,,,,INTELLECT DESIGN ARENA,734.0,734.0,707.1,717.25,721.0,727.1,,717.25,,,224713,161184877.05,13383,F1,1,,,,,
2026-06-30,2026-06-30,CM,NSE,STK,20071,INE781A01025,INTENTECH,EQ,,,,,INTENSE TECHNOLOGIES LTD,100.0,101.02,98.12,98.88,99.59,98.9,,98.88,,,20377,2025918.33,288,F1,1,,,,,
2026-06-30,2026-06-30,CM,NSE,STK,24909,INE00M901018,INTERARCH,EQ,,,,,INTERARCH BLDNG SOLTN LTD,1925.0,1943.0,1891.0,1929.0,1933.2,1912.7,,1929.0,,,41868,80289107.6,4677,F1,1,,,,,
2026-06-30,2026-06-30,CM,NSE,STK,11195,INE646L01027,INDIGO,EQ,,,,,INTERGLOBE AVIATION LTD,5320.0,5409.5,5318.4,5368.4,5341.5,5315.2,,5368.4,,,1064890,5710126400.1,86461,F1,1,,,,,
2026-06-30,2026-06-30,CM,NSE,STK,22770,INE0OPC01015,INM,SM,,,,,INTERIORS & MORE LIMITED,178.9,195.0,175.0,178.5,177.0,165.0,,178.5,,,76800,13960320.0,44,F1,600,,,,,
2026-06-30,2026-06-30,CM,NSE,STK,5606,INE575C01027,INTLCONV,EQ,,,,,INTL CONVEYORS LIMITED,80.0,81.58,79.07,79.94,79.1,80.98,,79.91,,,24665,1976032.34,718,F1,1,,,,,
2026-06-30,2026-06-30,CM,NSE,STK,28378,INE0Q9301021,IGIL,EQ,,,,,INTL GEMOLOGICAL INST LTD,350.3,361.5,346.5,355.15,355.0,350.3,,355.15,,,793168,280971206.45,30534,F1,1,,,,,
2026-06-30,2026-06-30,CM,NSE,STK,18479,INE566K01011,ISFT,EQ,,,,,INTRASOFT TECH. LTD,78.15,81.6,78.15,80.07,81.0,79.34,,80.2,,,1992,160092.09,65,F1,1,,,,,
2026-06-30,2026-06-30,CM,NSE,STK,24870,INE878H01024,INVENTURE,EQ,,,,,INVENTURE GRO & SEC LTD,0.94,0.95,0.93,0.93,0.94,0.93,,0.93,,,897960,840615.55,287,F1,1,,,,,
2026-06-30,2026-06-30,CM,NSE,STK,28125,INE115Q01022,IKS,EQ,,,,,INVENTURUS KNOWLEDGE SO L,1710.0,1710.0,1676.3,1679.4,1682.0,1699.6,,1679.4,,,71173,119822781.8,9456,F1,1,,,,,
2026-06-30,2026-06-30,CM,NSE,STK,18292,INF205KA1BP1,IVZINGOLD,EQ,,,,,INVESCO INDIA GOLD ETF,122.0,122.2,119.9,121.9,121.8,122.6,,121.9,,,21373,2594303.1,218,F1,1,,,,,
2026-06-30,2026-06-30,CM,NSE,STK,24217,INF205K01DA9,IVZINNIFTY,EQ,,,,,INVESCO INDIA NIFTY ETF,2732.63,2736.78,2729.6,2731.11,2729.6,2740.03,,2731.11,,,5,13668.42,4,F1,1,,,,,
2026-06-30,2026-06-30,CM,NSE,STK,762722,INE155E01016,INVPRECQ,EQ,,,,,INVESTMENT & PREC CAST L,839.8,859.4,835.75,847.45,835.75,832.95,,847.2,,,16371,13798512.6,475,F1,1,,,,,
2026-06-30,2026-06-30,CM,NSE,STK,760142,INE0XJ501010,INVICTA,ST,,,,,INVICTA DIAGNOSTIC LTD,66.0,68.0,66.0,67.0,67.0,68.8,,67.0,,,12800,863200.0,6,F1,1600,,,,,
2026-06-30,2026-06-30,CM,NSE,STK,20413,INE485C01029,IOLCP,EQ,,,,,IOL CHEM AND PHARMA LTD,144.0,147.2,141.5,145.29,145.44,142.33,,145.29,,,8739864,1266703197.21,48800,F1,1,,,,,
2026-06-30,2026-06-30,CM,NSE,STK,1630,INE570A01022,IONEXCHANG,EQ,,,,,ION EXCHANGE (INDIA) LTD,415.0,419.5,406.55,408.2,409.0,412.0,,408.2,,,488112,200885936.8,10233,F1,1,,,,,
2026-06-30,2026-06-30,CM,NSE,STK,1633,INE571A01038,IPCALAB,EQ,,,,,IPCA LABORATORIES LTD,1649.0,1736.0,1635.8,1701.0,1715.0,1647.2,,1701.0,,,919073,1561925393.9,52236,F1,1,,,,,
2026-06-30,2026-06-30,CM,NSE,STK,15313,INE821I01022,IRB,EQ,,,,,IRB INFRA DEV LTD.,21.65,21.77,21.35,21.42,21.38,21.63,,21.42,,,7281960,156360304.71,19423,F1,1,,,,,
2026-06-30,2026-06-30,CM,NSE,STK,20817,INE183W23014,IRBINVIT,IV,,,,,IRB INVIT FUND,60.51,61.04,60.4,60.49,60.44,60.78,,60.49,,,2258075,136641984.15,9938,F1,1,,,,,
2026-06-30,2026-06-30,CM,NSE,STK,4986,INE962Y01021,IRCON,EQ,,,,,IRCON INTERNATIONAL LTD,131.22,132.25,130.5,131.07,131.22,131.22,,131.07,,,1283171,168441470.97,15433,F1,1,,,,,
2026-06-30,2026-06-30,CM,NSE,STK,2275,INE01GN01025,IRISDOREME,EQ,,,,,IRIS CLOTHINGS LIMITED,39.44,42.89,38.51,41.67,41.75,39.44,,41.67,,,2524900,104816743.42,7264,F1,1,,,,,
2026-06-30,2026-06-30,CM,NSE,STK,6489,INE864K01010,IRIS,EQ,,,,,IRIS REGTECH SOLUTION LTD,269.0,272.15,260.1,263.45,262.95,267.0,,263.4,,,21035,5636706.75,503,F1,1,,,,,
2026-06-30,2026-06-30,CM,NSE,STK,19597,INE07U701015,IRMENERGY,EQ,,,,,IRM ENERGY LIMITED,263.7,265.8,261.1,262.35,261.55,262.8,,262.35,,,62514,16427630.2,2002,F1,1,,,,,
2026-06-30,2026-06-30,CM,NSE,STK,761208,INE413U07442,925ISF28,N0,,,,,ISF 9.25% 2028,9794.0,9794.0,9794.0,9794.0,9794.0,9785.0,,9794.0,,,15,146910.0,1,F1,1,,,,,
2026-06-30,2026-06-30,CM,NSE,STK,757708,INE413U07426,950ISF27C,N0,,,,,ISF 9.50% 2027,9956.18,9956.18,9956.18,9956.18,9956.18,9955.0,,9956.18,,,20,199123.6,4,F1,1,,,,,
2026-06-30,2026-06-30,CM,NSE,STK,757890,INE413U07418,975ISF28,N0,,,,,ISF 9.75% NCD 2028,99000.0,99000.0,99000.0,99000.0,99000.0,99172.8,,99000.0,,,1,99000.0,1,F1,1,,,,,
2026-06-30,2026-06-30,CM,NSE,STK,3329,INE858B01029,ISGEC,EQ,,,,,ISGEC HEAVY ENG LTD,933.7,933.7,915.0,924.05,922.05,923.7,,924.25,,,57853,53464781.3,2307,F1,1,,,,,
2026-06-30,2026-06-30,CM,NSE,STK,30249,INE561M01018,ISHANCH,EQ,,,,,ISHAN DYES N CHEMICALS L,59.7,59.7,56.15,57.37,56.15,57.84,,57.41,,,3621,209711.44,47,F1,1,,,,,
2026-06-30,2026-06-30,CM,NSE,STK,10995,INE0LCW01025,ISHAN,SM,,,,,ISHAN INTERNATIONAL LTD,0.55,0.6,0.55,0.6,0.6,0.6,,0.6,,,96000,55200.0,2,F1,48000,,,,,
2026-06-30,2026-06-30,CM,NSE,STK,22645,INE0R7R01018,ITALIANE,SM,,,,,ITALIAN EDIBLES LIMITED,40.35,40.35,36.0,36.0,36.0,36.8,,36.0,,,6000,232900.0,3,F1,2000,,,,,
2026-06-30,2026-06-30,CM,NSE,STK,29251,INE379A01028,ITCHOTELS,EQ,,,,,ITC HOTELS LIMITED,175.0,181.45,174.5,179.99,180.0,174.71,,180.0,,,4250619,762595429.66,46868,F1,1,,,,,
2026-06-30,2026-06-30,CM,NSE,STK,1660,INE154A01025,ITC,EQ,,,,,ITC LTD,291.5,291.6,285.5,286.95,287.3,290.7,,286.95,,,18180676,5227938463.7,433044,F1,1,,,,,
2026-06-30,2026-06-30,CM,NSE,STK,1675,INE248A01017,ITI,EQ,,,,,ITI LTD,296.75,300.45,296.75,297.7,298.75,296.1,,297.8,,,204863,61045880.05,5838,F1,1,,,,,
2026-06-30,2026-06-30,CM,NSE,STK,759041,INE056801025,IVALUE,EQ,,,,,IVALUE INFOSOLUTIONS LTD,275.02,277.53,256.21,265.54,264.0,273.23,,265.55,,,10485847,2740850697.84,41441,F1,1,,,,,
2026-06-30,2026-06-30,CM,NSE,STK,1681,INE043C01018,IVP,EQ,,,,,IVP LTD,158.65,161.0,157.21,158.63,158.5,161.55,,158.63,,,28789,4576975.08,562,F1,1,,,,,
2026-06-30,2026-06-30,CM,NSE,STK,757644,INE1AII01014,IWARE,ST,,,,,IWARE SUPPLYCHAIN SER LTD,351.0,365.0,351.0,363.85,364.0,351.0,,363.85,,,5400,1946310.0,9,F1,600,,,,,
2026-06-30,2026-06-30,CM,NSE,STK,14174,INE848A01014,IZMO,EQ,,,,,IZMO LIMITED,988.95,1019.65,980.05,1019.65,1019.65,971.1,,1019.8,,,83937,84522798.85,3507,F1,1,,,,,
2026-06-30,2026-06-30,CM,NSE,STK,5633,INE168A01041,J&KBANK,EQ,,,,,J & K BANK LTD.,159.9,161.75,153.54,154.74,154.45,159.64,,154.74,,,3388083,528475083.02,35080,F1,1,,,,,
2026-06-30,2026-06-30,CM,NSE,STK,1726,INE572A01036,JBCHEPHARM,EQ,,,,,J B CHEMICALS AND PHARMA,2309.0,2317.5,2273.5,2295.9,2304.8,2303.2,,2295.9,,,533954,1228919284.2,34040,F1,1,,,,,
2026-06-30,2026-06-30,CM,NSE,STK,23056,INE0MB501011,JGCHEM,EQ,,,,,J.G.CHEMICALS LIMITED,426.7,433.0,417.0,425.85,429.0,423.75,,425.85,,,48744,20672481.65,1771,F1,1,,,,,
2026-06-30,2026-06-30,CM,NSE,STK,13211,INE199G01027,JAGRAN,EQ,,,,,JAGRAN PRAKASHAN LIMITED,64.75,64.89,63.84,64.51,64.55,64.52,,64.51,,,185848,11975037.27,2673,F1,1,,,,,
2026-06-30,2026-06-30,CM,NSE,STK,4410,INE048B01035,JAGSNPHARM,EQ,,,,,JAGSONPAL PHARMACEUTICALS,243.69,264.5,233.19,238.1,239.8,230.38,,238.05,,,10200242,2599103095.86,96036,F1,1,,,,,
2026-06-30,2026-06-30,CM,NSE,STK,14076,INE091G01026,JAIBALAJI,BE,,,,,JAI BALAJI INDUSTRIES LTD,67.18,68.2,67.0,67.59,67.9,67.18,,67.63,,,216224,14663063.74,653,F1,1,,,,,
2026-06-30,2026-06-30,CM,NSE,STK,5143,INE070D01027,JAICORPLTD,EQ,,,,,JAI CORP LIMITED,114.43,115.0,112.71,114.24,114.25,113.74,,114.23,,,352389,40148178.19,3873,F1,1,,,,,
2026-06-30,2026-06-30,CM,NSE,STK,25684,IN9175A01010,JISLDVREQS,EQ,,,,,JAIN DVR EQUITY SHARES,24.35,25.69,23.21,24.21,24.2,23.59,,24.21,,,24062,589230.93,136,F1,1,,,,,
2026-06-30,2026-06-30,CM,NSE,STK,10397,INE175A01038,JISLJALEQS,EQ,,,,,JAIN IRRIGATION SYSTEMS,34.77,35.8,34.51,35.55,35.69,34.66,,35.55,,,2552349,90126326.16,6582,F1,1,,,,,
2026-06-30,2026-06-30,CM,NSE,STK,759244,INE0YD401026,JAINREC,EQ,,,,,JAIN RESOURCE RECYCLING L,347.0,358.9,345.8,348.65,348.3,343.9,,348.65,,,946994,332741375.05,23165,F1,1,,,,,
2026-06-30,2026-06-30,CM,NSE,STK,6012,INE02KC01010,JAINAM,SM,,,,,JAINAM FER ALLOYS (I) LTD,250.0,250.0,250.0,250.0,250.0,255.0,,250.0,,,2000,500000.0,2,F1,500,,,,,
2026-06-30,2026-06-30,CM,NSE,STK,758303,INE0XIL01012,JAINIK,SM,,,,,JAINIK POWER CABLES LTD,160.0,160.5,154.7,158.0,158.0,158.35,,158.0,,,58800,9243180.0,27,F1,1200,,,,,
2026-06-30,2026-06-30,CM,NSE,STK,11763,INE351F01018,JPPOWER,EQ,,,,,JAIPRAKASH POWER VEN. LTD,18.0,18.0,17.6,17.67,17.7,17.81,,17.67,,,47412104,839270946.89,29133,F1,1,,,,,
2026-06-30,2026-06-30,CM,NSE,STK,20778,INE039C01032,JAMNAAUTO,EQ,,,,,JAMNA AUTO IND LTD,132.86,133.87,130.94,131.37,131.85,132.86,,131.36,,,1540469,204178218.68,14769,F1,1,,,,,
2026-06-30,2026-06-30,CM,NSE,STK,22663,INE953L01027,JSFB,EQ,,,,,JANA SMALL FIN BANK LTD,468.75,471.8,463.35,468.75,467.0,466.2,,468.75,,,170634,79820738.35,3973,F1,1,,,,,
2026-06-30,2026-06-30,CM,NSE,STK,759951,INE00YJ01010,JARO,EQ,,,,,JARO INS OF TEC MG N RE L,502.55,504.5,490.15,496.55,496.0,501.55,,496.55,,,131730,65391407.7,3376,F1,1,,,,,
2026-06-30,2026-06-30,CM,NSE,STK,13982,INE039O01029,JASH,EQ,,,,,JASH ENGINEERING LIMITED,510.0,525.0,475.05,507.3,515.5,516.85,,507.15,,,1157968,583118841.0,30704,F1,1,,,,,
2026-06-30,2026-06-30,CM,NSE,STK,25040,INE0SMY01017,JAYBEE,ST,,,,,JAY BEE LAMINATIONS LTD,91.5,91.5,89.2,89.7,90.45,90.95,,89.7,,,12000,1084000.0,22,F1,500,,,,,
2026-06-30,2026-06-30,CM,NSE,STK,1708,INE571B01036,JAYBARMARU,EQ,,,,,JAY BHARAT MARUTI LTD,171.09,176.0,168.0,171.1,172.0,171.38,,171.15,,,669211,115041669.76,8603,F1,1,,,,,
2026-06-30,2026-06-30,CM,NSE,STK,10889,INE0J6801010,KORE,SM,,,,,JAY JALARAM TECHNO LTD,131.1,137.0,124.75,136.3,136.15,138.6,,136.3,,,27000,3506737.5,58,F1,250,,,,,
2026-06-30,2026-06-30,CM,NSE,STK,4041,INE785A01026,JAYAGROGN,EQ,,,,,JAYANT AGRO ORGANICS LTD,205.6,206.3,199.99,203.95,204.95,204.86,,203.94,,,6637,1350248.09,372,F1,1,,,,,
2026-06-30,2026-06-30,CM,NSE,STK,2331,INE854B01010,JAYNECOIND,EQ,,,,,JAYASWAL NECO INDUSTR LTD,84.85,86.2,84.47,84.95,85.0,84.66,,84.95,,,1625049,138404686.02,11617,F1,1,,,,,
2026-06-30,2026-06-30,CM,NSE,STK,760073,INE903A01025,JAYKAY,EQ,,,,,JAYKAY ENTERPRISES LTD,175.0,177.26,174.0,175.63,174.63,173.52,,175.47,,,60015,10554764.93,1689,F1,1,,,,,
2026-06-30,2026-06-30,CM,NSE,STK,1720,INE364A01020,JAYSREETEA,EQ,,,,,JAYSHREE TEA & INDUSTRIES,88.3,88.3,86.05,86.84,87.0,87.3,,86.84,,,16878,1462709.49,390,F1,1,,,,,
2026-06-30,2026-06-30,CM,NSE,STK,11655,INE927D01051,JBMA,EQ,,,,,JBM AUTO LIMITED,686.0,702.95,681.0,697.75,698.0,684.5,,697.75,,,707344,490629919.45,23275,F1,1,,,,,
2026-06-30,2026-06-30,CM,NSE,STK,758115,INE0J5801029,JSLL,EQ,,,,,JEENA SIKHO LIFECARE LTD,592.0,599.8,577.35,593.0,592.55,586.9,,593.0,,,841242,495418473.95,19475,F1,1,,,,,
2026-06-30,2026-06-30,CM,NSE,STK,7211,INE982V01025,JETFREIGHT,EQ,,,,,JET FREIGHT LOGISTICS LTD,22.4,22.4,21.32,21.62,21.75,21.72,,21.65,,,74864,1645371.24,279,F1,1,,,,,
2026-06-30,2026-06-30,CM,NSE,STK,25150,INE0RXB01022,JEYYAM,ST,,,,,JEYYAM GLOBAL FOODS LTD,27.2,27.2,26.95,26.95,26.95,27.1,,26.95,,,4000,108300.0,2,F1,2000,,,,,
2026-06-30,2026-06-30,CM,NSE,STK,10885,INE0LA901015,JFLLIFE,SM,,,,,JFL LIFE SCIENCES LIMITED,9.0,9.0,9.0,9.0,9.0,9.0,,9.0,,,18000,162000.0,2,F1,6000,,,,,
2026-06-30,2026-06-30,CM,NSE,STK,13720,INE544H01014,JHS,EQ,,,,,JHS SVEND. LAB. LTD,7.71,7.71,7.44,7.46,7.45,7.47,,7.46,,,60468,456335.42,156,F1,1,,,,,
2026-06-30,2026-06-30,CM,NSE,STK,24145,INE03DD01011,RETAIL,EQ,,,,,JHS SVENDGAARD RETAIL V L,17.3,17.89,17.3,17.41,17.32,17.3,,16.72,,,1220,21342.08,37,F1,1,,,,,
2026-06-30,2026-06-30,CM,NSE,STK,31507,INE147P01019,JPOLYINVST,EQ,,,,,JIND POL INV & FIN CO LTD,1116.9,1212.0,1115.0,1126.2,1134.0,1100.4,,1126.2,,,75525,88157322.9,6360,F1,1,,,,,
2026-06-30,2026-06-30,CM,NSE,STK,13875,INE742C01031,JINDRILL,EQ,,,,,JINDAL DRILLING IND. LTD,548.45,552.75,541.1,544.7,547.0,548.25,,544.7,,,70016,38161419.25,2931,F1,1,,,,,
2026-06-30,2026-06-30,CM,NSE,STK,11743,INE796G01012,JINDALPHOT,EQ,,,,,JINDAL PHOTO LIMITED,1201.0,1248.0,1191.0,1210.8,1219.9,1108.2,,1210.8,,,241458,295455590.7,13875,F1,1,,,,,
2026-06-30,2026-06-30,CM,NSE,STK,1756,INE197D01010,JINDALPOLY,EQ,,,,,JINDAL POLY FILMS LIMITED,644.95,654.05,620.0,621.85,623.8,638.15,,621.95,,,51385,32112908.2,2510,F1,1,,,,,
2026-06-30,2026-06-30,CM,NSE,STK,3024,INE324A01032,JINDALSAW,EQ,,,,,JINDAL SAW LIMITED,260.0,264.4,257.22,261.49,261.4,260.06,,261.5,,,1523485,398666465.89,28348,F1,1,,,,,
2026-06-30,2026-06-30,CM,NSE,STK,11236,INE220G01021,JSL,EQ,,,,,JINDAL STAINLESS LIMITED,684.0,706.5,683.15,692.65,695.4,683.15,,692.65,,,918505,638814571.9,43935,F1,1,,,,,
2026-06-30,2026-06-30,CM,NSE,STK,6733,INE749A01030,JINDALSTEL,EQ,,,,,JINDAL STEEL LIMITED,1068.8,1075.0,1054.4,1060.1,1059.9,1068.1,,1060.1,,,1062138,1128328983.4,41997,F1,1,,,,,
2026-06-30,2026-06-30,CM,NSE,STK,20642,INE247D01039,JINDWORLD,EQ,,,,,JINDAL WORLDWIDE LTD,30.33,30.62,29.8,30.02,30.1,30.32,,30.02,,,772015,23241117.57,3073,F1,1,,,,,
2026-06-30,2026-06-30,CM,NSE,STK,759206,INE1FF001016,JKIPL,BE,,,,,JINKUSHAL INDUSTRIES LTD,108.97,114.4,105.7,112.84,113.0,108.97,,112.72,,,24161,2698876.86,173,F1,1,,,,,
2026-06-30,2026-06-30,CM,NSE,STK,18143,INE758E01017,JIOFIN,EQ,,,,,JIO FIN SERVICES LTD,237.0,238.32,235.26,236.44,236.81,236.71,,236.44,,,9951114,2356787889.6,77320,F1,1,,,,,
2026-06-30,2026-06-30,CM,NSE,STK,19691,INE863T01013,JITFINFRA,EQ,,,,,JITF INFRALOGISTICS LTD,302.0,314.45,302.0,309.75,310.0,315.65,,309.75,,,27441,8489757.6,497,F1,1,,,,,
2026-06-30,2026-06-30,CM,NSE,STK,18558,INE0N5H01017,JIWANRAM,SM,,,,,JIWANRAM SHEODUTTRA IND L,5.95,5.95,5.65,5.65,5.65,5.85,,5.65,,,12000,69600.0,2,F1,6000,,,,,
2026-06-30,2026-06-30,CM,NSE,STK,13270,INE823G01014,JKCEMENT,EQ,,,,,JK CEMENT LIMITED,5335.0,5565.0,5310.0,5444.5,5425.0,5319.5,,5444.0,,,89276,489070299.5,22495,F1,1,,,,,
2026-06-30,2026-06-30,CM,NSE,STK,13491,INE786A01032,JKLAKSHMI,EQ,,,,,JK LAKSHMI CEMENT LTD,602.95,607.8,596.15,605.85,602.45,602.95,,605.8,,,179380,108345337.8,11908,F1,1,,,,,
2026-06-30,2026-06-30,CM,NSE,STK,11860,INE789E01012,JKPAPER,EQ,,,,,JK PAPER LIMITED,346.75,355.45,342.15,350.95,350.0,343.65,,351.0,,,434082,152235376.0,12277,F1,1,,,,,
2026-06-30,2026-06-30,CM,NSE,STK,14435,INE573A01042,JKTYRE,EQ,,,,,JK TYRE & INDUSTRIES LTD,390.05,395.4,388.0,394.05,393.2,388.6,,394.0,,,650235,255195185.75,14528,F1,1,,,,,
2026-06-30,2026-06-30,CM,NSE,STK,15266,INE576I01022,JKIL,EQ,,,,,JKUMAR INFR.LTD.,493.45,502.9,489.0,492.65,492.8,492.45,,492.6,,,71059,35108319.45,6184,F1,1,,,,,
2026-06-30,2026-06-30,CM,NSE,STK,13637,INE780C01023,JMFINANCIL,EQ,,,,,JM FINANCIAL LIMITED,124.2,124.6,121.4,122.31,122.2,123.6,,122.32,,,1711829,210306319.43,17656,F1,1,,,,,
2026-06-30,2026-06-30,CM,NSE,STK,23621,INE0OAF01028,JNKINDIA,EQ,,,,,JNK INDIA LIMITED,489.8,507.0,486.95,504.65,507.0,489.0,,504.7,,,617879,309188981.5,12458,F1,1,,,,,
2026-06-30,2026-06-30,CM,NSE,STK,16931,INE839G01010,JOCIL,BE,,,,,JOCIL LIMITED,145.0,147.7,140.0,145.02,145.0,145.0,,145.02,,,695,99475.37,21,F1,1,,,,,
2026-06-30,2026-06-30,CM,NSE,STK,762623,INE515A01019,COCKERILL,EQ,,,,,JOHN COCKERILL INDIA LTD.,8767.0,9296.5,8725.5,9209.0,9175.0,8740.0,,9208.0,,,20184,184370189.5,6691,F1,1,,,,,
2026-06-30,2026-06-30,CM,NSE,STK,758460,INE718I01012,JSWCEMENT,EQ,,,,,JSW CEMENT LIMITED,133.0,135.5,132.57,134.92,135.2,132.78,,134.92,,,2558890,343466054.41,21189,F1,1,,,,,
2026-06-30,2026-06-30,CM,NSE,STK,1467,INE133A01011,JSWDULUX,EQ,,,,,JSW DULUX LIMITED,3239.1,3306.3,3213.8,3228.1,3230.0,3262.9,,3227.8,,,19644,63849103.6,6169,F1,1,,,,,
2026-06-30,2026-06-30,CM,NSE,STK,17869,INE121E01018,JSWENERGY,EQ,,,,,JSW ENERGY LIMITED,588.0,588.3,573.75,583.15,581.55,586.25,,583.15,,,4361565,2534613724.65,56291,F1,1,,,,,
2026-06-30,2026-06-30,CM,NSE,STK,11880,INE824G01012,JSWHL,EQ,,,,,JSW HOLDINGS LIMITED,12049.0,12145.0,11974.0,12071.0,12140.0,12020.0,,12069.0,,,822,9902787.0,452,F1,1,,,,,
2026-06-30,2026-06-30,CM,NSE,STK,19020,INE880J01026,JSWINFRA,EQ,,,,,JSW INFRASTRUCTURE LTD,321.45,328.7,318.7,322.15,323.0,321.1,,322.15,,,4095135,1319352361.75,75092,F1,1,,,,,
2026-06-30,2026-06-30,CM,NSE,STK,11723,INE019A01038,JSWSTEEL,EQ,,,,,JSW STEEL LIMITED,1232.0,1238.7,1221.5,1226.4,1229.3,1232.4,,1226.4,,,1242580,1527821732.4,50219,F1,1,,,,,
2026-06-30,2026-06-30,CM,NSE,STK,3237,INE643A01035,JTEKTINDIA,EQ,,,,,JTEKT INDIA LIMITED,135.0,139.17,135.0,136.23,136.7,133.44,,136.23,,,229066,31232023.6,3394,F1,1,,,,,
2026-06-30,2026-06-30,CM,NSE,STK,7287,INE391J01032,JTLIND,EQ,,,,,JTL INDUSTRIES LIMITED,78.29,80.2,77.11,79.59,79.7,78.17,,79.58,,,1891704,149234885.25,8793,F1,1,,,,,
2026-06-30,2026-06-30,CM,NSE,STK,29590,INE03CC01015,JUBLCPL,EQ,,,,,JUBILANT AGRI N CON PRO L,2044.1,2078.0,2015.0,2032.0,2021.5,2015.5,,2032.0,,,13390,27475551.2,1437,F1,1,,,,,
2026-06-30,2026-06-30,CM,NSE,STK,18096,INE797F01020,JUBLFOOD,EQ,,,,,JUBILANT FOODWORKS LTD,420.0,421.55,413.65,417.6,417.5,417.7,,417.6,,,1896454,792086016.25,25792,F1,1,,,,,
2026-06-30,2026-06-30,CM,NSE,STK,2783,INE0BY001018,JUBLINGREA,EQ,,,,,JUBILANT INGREVIA LIMITED,614.25,614.25,600.0,608.2,608.05,610.95,,608.2,,,184536,112034605.8,13072,F1,1,,,,,
2026-06-30,2026-06-30,CM,NSE,STK,3637,INE700A01033,JUBLPHARMA,EQ,,,,,JUBILANT PHARMOVA LTD,960.0,980.0,951.85,970.9,971.1,954.25,,970.9,,,192144,185592658.5,11982,F1,1,,,,,
2026-06-30,2026-06-30,CM,NSE,STK,7109,INE412C01023,JMA,EQ,,,,,JULLUNDUR MOT AGENCY LTD,93.0,94.0,86.8,88.11,87.5,90.85,,88.11,,,35819,3184409.6,605,F1,1,,,,,
2026-06-30,2026-06-30,CM,NSE,STK,22824,INE696F01016,JUNIPER,EQ,,,,,JUNIPER HOTELS LIMITED,195.22,198.93,192.0,194.01,193.95,193.22,,194.0,,,74943,14537786.96,8036,F1,1,,,,,
2026-06-30,2026-06-30,CM,NSE,STK,18553,INE682M01012,JLHL,EQ,,,,,JUPITER LIFE LINE HOSP L,1385.3,1450.0,1385.3,1420.9,1420.0,1385.3,,1420.9,,,134191,190026251.9,8990,F1,1,,,,,
2026-06-30,2026-06-30,CM,NSE,STK,20224,INE209L01016,JWL,EQ,,,,,JUPITER WAGONS LIMITED,268.75,270.4,265.5,267.8,267.9,269.1,,267.8,,,1025589,274438552.65,24016,F1,1,,,,,
2026-06-30,2026-06-30,CM,NSE,STK,29962,INE599M01018,JUSTDIAL,EQ,,,,,JUSTDIAL LTD.,526.65,529.55,522.15,524.95,526.0,525.6,,524.95,,,151180,79534009.65,2578,F1,1,,,,,
2026-06-30,2026-06-30,CM,NSE,STK,15146,INE668F01031,JYOTHYLAB,EQ,,,,,JYOTHY LABS LIMITED,195.9,196.4,190.75,191.67,192.0,195.61,,191.67,,,1151900,221387002.83,25119,F1,1,,,,,
2026-06-30,2026-06-30,CM,NSE,STK,21334,INE980O01024,JYOTICNC,EQ,,,,,JYOTI CNC AUTOMATION LTD,790.0,791.1,765.0,775.1,773.9,785.45,,775.0,,,1500591,1165190245.7,39193,F1,1,,,,,
2026-06-30,2026-06-30,CM,NSE,STK,1802,INE197A01024,JYOTISTRUC,EQ,,,,,JYOTI STRUCTURES LTD,11.58,11.6,11.41,11.47,11.53,11.52,,11.47,,,2069285,23747630.41,2661,F1,1,,,,,
2026-06-30,2026-06-30,CM,NSE,STK,14667,INE157H01023,KMSUGAR,EQ,,,,,K M SUGAR MILLS LTD,26.0,26.09,25.77,25.97,25.99,25.88,,25.97,,,27669,718139.13,283,F1,1,,,,,
2026-06-30,2026-06-30,CM,NSE,STK,27079,INE127T01021,KPEL,EQ,,,,,K.P. ENERGY LIMITED,340.7,344.65,338.0,341.15,341.2,339.35,,341.15,,,131421,44782677.15,3228,F1,1,,,,,
2026-06-30,2026-06-30,CM,NSE,STK,23462,INE0DEZ01013,K2INFRA,ST,,,,,K2 INFRAGEN LIMITED,62.45,62.9,60.25,62.05,62.5,62.6,,62.05,,,10800,666810.0,18,F1,600,,,,,
2026-06-30,2026-06-30,CM,NSE,STK,1805,INE900B01029,KABRAEXTRU,EQ,,,,,KABRA EXTRUSION TECHNIK L,264.09,272.0,260.5,269.61,269.0,259.8,,269.69,,,151159,40363338.08,3172,F1,1,,,,,
2026-06-30,2026-06-30,CM,NSE,STK,29192,INE0XOW01017,KKJEWELS,SM,,,,,KABRA JEWELS LIMITED,102.3,109.95,99.75,107.75,109.95,101.0,,107.75,,,35000,3618300.0,28,F1,1000,,,,,
2026-06-30,2026-06-30,CM,NSE,STK,1808,INE217B01036,KAJARIACER,EQ,,,,,KAJARIA CERAMICS LTD,1201.0,1232.4,1196.3,1210.4,1211.2,1205.9,,1210.4,,,318456,386829554.7,22242,F1,1,,,,,
2026-06-30,2026-06-30,CM,NSE,STK,8945,INE437B01014,KAKATCEM,BE,,,,,KAKATIYA CEM SUGAR &IND L,118.43,123.0,118.43,120.98,118.5,119.48,,120.98,,,1187,143727.81,29,F1,1,,,,,
2026-06-30,2026-06-30,CM,NSE,STK,25443,INE0T0L01014,KALANA,SM,,,,,KALANA ISPAT LIMITED,19.2,19.35,19.2,19.35,19.35,19.5,,19.35,,,4000,77100.0,2,F1,2000,,,,,
2026-06-30,2026-06-30,CM,NSE,STK,758558,INE227J01012,KALPATARU,EQ,,,,,KALPATARU LIMITED,318.0,318.0,298.0,298.85,298.0,304.3,,298.85,,,117275,35357484.5,3671,F1,1,,,,,
2026-06-30,2026-06-30,CM,NSE,STK,1814,INE220B01022,KPIL,EQ,,,,,KALPATARU PROJECT INT LTD,1367.4,1405.2,1345.1,1370.1,1369.0,1346.1,,1370.1,,,610849,835993140.4,39173,F1,1,,,,,
2026-06-30,2026-06-30,CM,NSE,STK,2955,INE303R01014,KALYANKJIL,EQ,,,,,KALYAN JEWELLERS IND LTD,379.5,391.5,376.1,386.7,387.1,377.85,,386.7,,,7975729,3086769525.45,74460,F1,1,,,,,
2026-06-30,2026-06-30,CM,NSE,STK,15156,INE314G01014,KALYANIFRG,EQ,,,,,KALYANI FORGE LIMITED,607.4,615.0,606.9,611.65,614.0,606.9,,611.05,,,261,159391.45,41,F1,1,,,,,
2026-06-30,2026-06-30,CM,NSE,STK,21119,INE029L01018,KICL,EQ,,,,,KALYANI INVEST CO LTD,5397.5,5397.5,5223.5,5316.5,5305.0,5268.0,,5316.5,,,1684,8890268.5,331,F1,1,,,,,
2026-06-30,2026-06-30,CM,NSE,STK,18889,INE907A01026,KSL,EQ,,,,,KALYANI STEELS LIMITED,843.55,889.0,836.05,879.95,880.0,844.55,,879.95,,,123531,107438946.3,7406,F1,1,,,,,
2026-06-30,2026-06-30,CM,NSE,STK,762732,INE411F01010,KAMAHOLD,EQ,,,,,KAMA HOLDINGS LTD.,2564.8,2625.0,2554.3,2580.2,2572.0,2564.3,,2581.5,,,9196,23745724.8,825,F1,1,,,,,
2026-06-30,2026-06-30,CM,NSE,STK,1826,INE967C01018,KAMATHOTEL,EQ,,,,,KAMAT HOTELS (I) LTD,180.1,184.65,178.41,182.72,182.1,179.98,,182.72,,,34018,6157160.72,931,F1,1,,,,,
2026-06-30,2026-06-30,CM,NSE,STK,13461,INE390H01020,KAMDHENU,BE,,,,,KAMDHENU LIMITED,29.25,30.0,28.9,29.96,30.0,28.96,,29.95,,,829494,24458141.65,873,F1,1,,,,,
2026-06-30,2026-06-30,CM,NSE,STK,13814,INE0BTI01037,KAMOPAINTS,EQ,,,,,KAMDHENU VENTURES LIMITED,5.27,5.27,4.95,5.05,5.11,4.94,,5.05,,,172435,876124.96,448,F1,1,,,,,
2026-06-30,2026-06-30,CM,NSE,STK,25786,INE879E01037,KANANIIND,EQ,,,,,KANANI INDUSTRIES LTD,1.52,1.57,1.48,1.54,1.57,1.51,,1.55,,,129733,196607.08,229,F1,1,,,,,
2026-06-30,2026-06-30,CM,NSE,STK,762740,INE081G01019,KANCHI,BE,,,,,KANCHI KARPOORAM LTD.,365.95,377.95,365.95,369.05,369.0,365.95,,370.15,,,272,100993.85,17,F1,1,,,,,
2026-06-30,2026-06-30,CM,NSE,STK,11208,INE0MOT01016,KANDARP,SM,,,,,KANDARP DG SMART BPO LTD,100.0,100.0,100.0,100.0,100.0,100.0,,100.0,,,6000,600000.0,5,F1,1000,,,,,
2026-06-30,2026-06-30,CM,NSE,STK,9805,INE138C01024,KANORICHEM,BE,,,,,KANORIACHEMICALS-,130.6,136.25,128.03,134.03,134.5,131.32,,134.03,,,99347,13312974.36,338,F1,1,,,,,
2026-06-30,2026-06-30,CM,NSE,STK,1782,INE694E01014,KANPRPLA,EQ,,,,,KANPUR PLASTIPACK LIMITED,192.0,198.9,188.41,194.18,195.0,189.17,,194.18,,,17502,3396801.56,480,F1,1,,,,,
2026-06-30,2026-06-30,CM,NSE,STK,1196,INE531A01024,KANSAINER,EQ,,,,,KANSAI NEROLAC PAINTS LTD,205.07,206.22,202.21,204.06,204.0,204.9,,204.05,,,177283,36185900.8,5763,F1,1,,,,,
2026-06-30,2026-06-30,CM,NSE,STK,18967,INE542Z01028,KAPSTON,EQ,,,,,KAPSTON SERVICES LIMITED,358.15,370.4,358.15,368.55,367.4,360.25,,368.55,,,18040,6624491.0,757,F1,1,,,,,
2026-06-30,2026-06-30,CM,NSE,STK,24385,INE725L01011,KARMAENG,EQ,,,,,KARMA ENERGY LIMITED,42.6,42.7,41.4,41.59,41.4,41.47,,41.59,,,2949,123869.61,58,F1,1,,,,,
2026-06-30,2026-06-30,CM,NSE,STK,8054,INE614B01018,KTKBANK,EQ,,,,,KARNATAKA BANK LIMITED,269.0,274.7,266.35,273.4,273.0,268.6,,273.4,,,1411536,381884655.05,18170,F1,1,,,,,
2026-06-30,2026-06-30,CM,NSE,STK,19465,INE0MGA01012,KARNIKA,SM,,,,,KARNIKA INDUSTRIES LTD,126.05,126.8,124.5,126.8,126.8,125.0,,126.8,,,24000,3010050.0,23,F1,1000,,,,,
2026-06-30,2026-06-30,CM,NSE,STK,1838,INE036D01028,KARURVYSYA,EQ,,,,,KARUR VYSYA BANK LTD,299.8,300.8,294.2,296.1,295.5,298.85,,296.1,,,2814293,835986235.85,76849,F1,1,,,,,
2026-06-30,2026-06-30,CM,NSE,STK,24528,INE0SVY01018,KATARIA,SM,,,,,KATARIA INDUSTRIES LTD,97.15,97.15,97.05,97.05,97.05,99.0,,97.05,,,1200,116520.0,2,F1,600,,,,,
2026-06-30,2026-06-30,CM,NSE,STK,15136,INE234I01028,KAUSHALYA,EQ,,,,,KAUSHALYA INFRA DEV LTD.,892.0,892.0,862.0,883.0,883.0,875.45,,883.0,,,62,54331.8,25,F1,1,,,,,
2026-06-30,2026-06-30,CM,NSE,STK,14972,INE455I01029,KSCL,EQ,,,,,KAVERI SEED CO. LTD.,902.35,907.45,886.0,890.25,886.0,905.75,,890.3,,,62686,56073545.25,2637,F1,1,,,,,
2026-06-30,2026-06-30,CM,NSE,STK,15244,INE641C01019,KAVDEFENCE,EQ,,,,,KAVVERI DFS & WIR TEC LTD,64.0,66.09,62.5,63.58,64.33,64.29,,63.6,,,89874,5771161.63,1786,F1,1,,,,,
2026-06-30,2026-06-30,CM,NSE,STK,21185,INE0RCG01017,KCEIL,ST,,,,,KAY CEE ENERGY & INFRA L,75.8,80.25,75.8,80.25,80.25,76.45,,80.25,,,15000,1187900.0,26,F1,500,,,,,
2026-06-30,2026-06-30,CM,NSE,STK,10276,INE587G01015,KAYA,EQ,,,,,KAYA LIMITED,247.3,251.52,246.41,248.69,249.9,244.53,,248.69,,,3298,822523.64,179,F1,1,,,,,
2026-06-30,2026-06-30,CM,NSE,STK,12092,INE918Z01012,KAYNES,EQ,,,,,KAYNES TECHNOLOGY IND LTD,3175.0,3195.0,3110.0,3121.9,3130.0,3150.6,,3121.9,,,1018571,3208791284.4,60299,F1,1,,,,,
2026-06-30,2026-06-30,CM,NSE,STK,758868,INE13ZD01013,KAYTEX,SM,,,,,KAYTEX FABRICS LIMITED,60.35,67.25,60.0,61.2,61.2,60.35,,61.2,,,27200,1737840.0,32,F1,800,,,,,
2026-06-30,2026-06-30,CM,NSE,STK,10293,INE0J1E01027,KCK,SM,,,,,KCK INDUSTRIES LTD,13.5,13.5,13.0,13.25,13.25,13.15,,13.25,,,672500,8897750.0,60,F1,2500,,,,,
2026-06-30,2026-06-30,CM,NSE,STK,1841,INE805C01028,KCP,EQ,,,,,KCP LTD,169.82,171.16,168.05,169.49,169.16,169.82,,169.47,,,71186,12092611.39,2470,F1,1,,,,,
2026-06-30,2026-06-30,CM,NSE,STK,4809,INE790B01024,KCPSUGIND,EQ,,,,,KCP SUGAR IND CORP LTD.,21.9,22.33,21.86,22.07,22.13,22.08,,22.07,,,200987,4440804.55,573,F1,1,,,,,
2026-06-30,2026-06-30,CM,NSE,STK,14908,INE291D01011,KDDL,EQ,,,,,KDDL LIMITED,3142.9,3279.7,3142.9,3222.0,3250.0,3133.8,,3222.0,,,56189,181019312.2,8667,F1,1,,,,,
2026-06-30,2026-06-30,CM,NSE,STK,13260,INE389H01022,KEC,EQ,,,,,KEC INTL. LIMITED,537.0,551.0,517.7,521.5,522.5,515.4,,521.5,,,9577435,5096643696.25,162973,F1,1,,,,,
2026-06-30,2026-06-30,CM,NSE,STK,13310,INE878B01027,KEI,EQ,,,,,KEI INDUSTRIES LTD.,5390.0,5475.5,5261.0,5427.5,5385.0,5452.0,,5427.5,,,549555,2965468472.5,51513,F1,1,,,,,
2026-06-30,2026-06-30,CM,NSE,STK,13430,INE164B01030,KELLTONTEC,EQ,,,,,KELLTON TECH SOL LTD,15.3,15.39,14.98,15.32,15.33,15.31,,15.32,,,1122516,17032105.3,3545,F1,1,,,,,
2026-06-30,2026-06-30,CM,NSE,STK,29547,INE15DO01012,KEN,SM,,,,,KEN ENTERPRISES LIMITED,38.3,38.3,35.45,37.85,37.85,37.5,,37.85,,,8400,310020.0,7,F1,1200,,,,,
2026-06-30,2026-06-30,CM,NSE,STK,11841,INE717A01029,KENNAMET,EQ,,,,,KENNAMETAL INDIA LIMITED,3023.1,3146.5,2980.0,3060.3,3080.2,2986.0,,3060.4,,,10487,32163596.3,2844,F1,1,,,,,
2026-06-30,2026-06-30,CM,NSE,STK,13121,INE202H01019,KERNEX,EQ,,,,,KERNEX MICROSYS(I) LTD,2078.4,2194.0,2070.1,2159.9,2194.0,2056.2,,2160.1,,,241328,512446949.3,14663,F1,1,,,,,
2026-06-30,2026-06-30,CM,NSE,STK,4981,INE087A01019,KESORAMIND,BE,,,,,KESORAM INDUSTRIES LTD,11.36,11.37,11.36,11.37,11.37,11.35,,11.58,,,367172,4171883.77,259,F1,1,,,,,
2026-06-30,2026-06-30,CM,NSE,STK,13381,INE401H01017,KKCL,EQ,,,,,KEWAL KIRAN CLOTHING LTD,497.0,500.0,492.55,496.75,500.0,494.65,,496.75,,,16345,8132810.05,1056,F1,1,,,,,
2026-06-30,2026-06-30,CM,NSE,STK,4157,INE681C01015,KEYFINSERV,EQ,,,,,KEYNOTE FIN SERV LTD.,243.9,264.45,241.6,249.75,253.65,241.6,,249.75,,,8926,2268437.05,200,F1,1,,,,,
2026-06-30,2026-06-30,CM,NSE,STK,12219,INE263M01029,RUSTOMJEE,EQ,,,,,KEYSTONE REALTORS LIMITED,429.4,446.15,405.15,418.35,411.0,424.4,,418.2,,,1186039,507230265.75,26770,F1,1,,,,,
2026-06-30,2026-06-30,CM,NSE,STK,13359,INE138Y01010,KFINTECH,EQ,,,,,KFIN TECHNOLOGIES LIMITED,875.9,893.05,872.7,879.8,881.0,869.3,,879.8,,,1223319,1079842886.85,31220,F1,1,,,,,
2026-06-30,2026-06-30,CM,NSE,STK,433,INE834I01025,KHADIM,BE,,,,,KHADIM INDIA LIMITED,107.65,109.7,107.05,108.11,108.0,109.7,,109.93,,,13571,1462526.72,146,F1,1,,,,,
2026-06-30,2026-06-30,CM,NSE,STK,9582,INE731C01018,KHAITANLTD,BE,,,,,KHAITAN (INDIA)LTD.,137.0,138.0,132.0,136.3,137.0,134.92,,136.3,,,3387,460811.2,36,F1,1,,,,,
2026-06-30,2026-06-30,CM,NSE,STK,902,INE745B01028,KHAICHEM,BE,,,,,KHAITAN CHEM & FERT LTD,55.13,55.45,53.1,53.54,53.68,55.53,,53.54,,,92944,5028675.8,494,F1,1,,,,,
2026-06-30,2026-06-30,CM,NSE,STK,9641,INE060B01014,KHANDSE,EQ,,,,,KHANDWALA SECURITIES LTD,17.7,17.7,17.04,17.15,17.15,17.14,,17.06,,,703,12352.92,36,F1,1,,,,,
2026-06-30,2026-06-30,CM,NSE,STK,9570,INE00UG01014,KHFM,SM,,,,,KHFM HOS FAC MANA SER LTD,55.1,60.2,55.0,60.2,60.2,55.95,,60.2,,,12400,696182.5,8,F1,1550,,,,,
2026-06-30,2026-06-30,CM,NSE,STK,762747,INE338F01015,KLBRENG-B,EQ,,,,,KILBURN ENGINEERING LTD.,481.0,497.95,481.0,495.3,494.0,487.75,,495.3,,,36280,17867867.3,2305,F1,1,,,,,
2026-06-30,2026-06-30,CM,NSE,STK,19937,INE729D01010,KILITCH,EQ,,,,,KILITCH DRUGS INDIA LTD,183.55,199.99,183.55,194.73,194.35,186.35,,194.78,,,185666,36034150.34,4227,F1,1,,,,,
2026-06-30,2026-06-30,CM,NSE,STK,18944,INE473D01015,KINGFA,EQ,,,,,KINGFA SCI & TEC IND LTD.,4987.0,5244.5,4952.5,5162.5,5150.0,4987.0,,5162.5,,,10357,53085342.0,2135,F1,1,,,,,
2026-06-30,2026-06-30,CM,NSE,STK,19126,INE880L01014,KIOCL,EQ,,,,,KIOCL LIMITED,388.0,395.75,386.05,389.35,390.0,391.05,,389.35,,,98385,38427113.0,4078,F1,1,,,,,
2026-06-30,2026-06-30,CM,NSE,STK,762742,INE555P01013,KIRANVYPAR,EQ,,,,,KIRAN VYAPAR LTD.,194.94,195.0,189.0,189.67,189.0,192.66,,191.86,,,350,66991.93,34,F1,1,,,,,
2026-06-30,2026-06-30,CM,NSE,STK,16639,INE415I01015,KIRIINDUS,EQ,,,,,KIRI INDUSTRIES LIMITED,382.4,385.2,378.65,381.45,382.0,381.4,,381.45,,,106977,40757661.65,2891,F1,1,,,,,
2026-06-30,2026-06-30,CM,NSE,STK,18581,INE732A01036,KIRLOSBROS,EQ,,,,,KIRLOSKAR BROTHERS LTD,1950.5,2091.7,1950.5,2053.4,2045.0,1963.8,,2053.4,,,397068,817854521.0,34248,F1,1,,,,,
2026-06-30,2026-06-30,CM,NSE,STK,18224,INE134B01017,KECL,BE,,,,,KIRLOSKAR ELECTRIC CO LTD,117.3,117.3,117.3,117.3,117.3,115.0,,117.7,,,27312,3203697.6,76,F1,1,,,,,
2026-06-30,2026-06-30,CM,NSE,STK,14466,INE884B01025,KIRLFER,EQ,,,,,KIRLOSKAR FERROUS IND LTD,473.0,478.7,460.0,462.25,463.0,474.85,,462.25,,,77746,36220526.2,4930,F1,1,,,,,
2026-06-30,2026-06-30,CM,NSE,STK,19025,INE250A01039,KIRLOSIND,EQ,,,,,KIRLOSKAR INDUSTRIES LTD,4000.0,4016.1,3859.8,3915.1,3929.0,4009.3,,3914.9,,,16274,63709731.3,1952,F1,1,,,,,
2026-06-30,2026-06-30,CM,NSE,STK,20936,INE146L01010,KIRLOSENG,EQ,,,,,KIRLOSKAR OIL ENG LTD,2443.5,2462.7,2350.0,2364.0,2371.0,2441.1,,2364.0,,,777327,1841549089.3,56681,F1,1,,,,,
2026-06-30,2026-06-30,CM,NSE,STK,15180,INE811A01020,KIRLPNU,EQ,,,,,KIRLOSKAR PNEUMATIC COM L,1920.0,1972.4,1890.1,1953.0,1948.0,1905.7,,1953.1,,,278079,536634404.5,26158,F1,1,,,,,
2026-06-30,2026-06-30,CM,NSE,STK,28899,INE602G01020,KITEX,EQ,,,,,KITEX GARMENTS LTD,156.95,162.08,155.0,160.17,160.4,155.91,,160.17,,,920523,145788936.87,9096,F1,1,,,,,
2026-06-30,2026-06-30,CM,NSE,STK,17781,INE239T01016,KKVAPOW,SM,,,,,KKV AGRO POWERS LTD.,525.6,525.6,525.6,525.6,525.6,553.25,,525.6,,,342,179755.2,2,F1,171,,,,,
2026-06-30,2026-06-30,CM,NSE,STK,760923,INE0KNW01016,KNAGRI,EQ,,,,,KN AGRI RESOURCES LIMITED,212.9,212.9,207.45,211.97,211.98,210.57,,211.97,,,4612,970116.57,134,F1,1,,,,,
2026-06-30,2026-06-30,CM,NSE,STK,27084,INE0CJD01029,KMEW,EQ,,,,,KNOWLEDGE MARINE & EN W L,2243.9,2319.8,2234.1,2291.9,2296.0,2226.0,,2292.1,,,71052,161253520.8,9284,F1,1,,,,,
2026-06-30,2026-06-30,CM,NSE,STK,758431,INE1JAR25012,KRT,RR,,,,,KNOWLEDGE REALTY TRUST,115.98,116.69,115.27,115.45,115.51,115.67,,115.45,,,786152,91148823.13,7733,F1,1,,,,,
2026-06-30,2026-06-30,CM,NSE,STK,15283,INE634I01029,KNRCON,EQ,,,,,KNR CONSTRU LTD.,133.41,134.64,131.5,132.75,132.15,133.29,,132.75,,,492662,65536889.61,6073,F1,1,,,,,
2026-06-30,2026-06-30,CM,NSE,STK,18751,INE0Q7P01013,KODYTECH,SM,,,,,KODY TECHNOLAB LIMITED,1072.0,1119.9,1072.0,1086.8,1085.5,1070.8,,1086.8,,,12900,14146430.0,106,F1,100,,,,,
2026-06-30,2026-06-30,CM,NSE,STK,3009,INE080B01012,KOHINOOR,EQ,,,,,KOHINOOR FOODS LIMITED,25.27,25.85,25.02,25.38,25.19,25.26,,25.38,,,83376,2105158.79,2650,F1,1,,,,,
2026-06-30,2026-06-30,CM,NSE,STK,16827,INE760A01029,KOKUYOCMLN,EQ,,,,,KOKUYO CAMLIN LIMITED,88.34,89.76,87.2,87.79,87.36,87.98,,87.79,,,21523,1892706.24,488,F1,1,,,,,
2026-06-30,2026-06-30,CM,NSE,STK,15124,INE094I01018,KOLTEPATIL,EQ,,,,,KOLTE PATIL DEV. LTD.,361.0,369.95,361.0,364.5,362.9,360.6,,364.45,,,13529,4933206.8,494,F1,1,,,,,
2026-06-30,2026-06-30,CM,NSE,STK,22475,INE0QEI01011,KONSTELEC,ST,,,,,KONSTELEC ENGINEERS LTD,44.1,44.1,42.35,44.1,44.1,42.0,,44.1,,,6000,261900.0,6,F1,1000,,,,,
2026-06-30,2026-06-30,CM,NSE,STK,4951,INE082A01010,KOPRAN,BE,,,,,KOPRAN LTD,185.99,192.0,185.3,189.31,189.0,187.86,,189.34,,,73406,13963601.47,723,F1,1,,,,,
2026-06-30,2026-06-30,CM,NSE,STK,16758,INE0O4R01018,KDL,SM,,,,,KORE DIGITAL LIMITED,113.6,117.95,113.5,116.05,116.05,112.35,,116.05,,,13200,1526347.5,73,F1,150,,,,,
2026-06-30,2026-06-30,CM,NSE,STK,14858,INF174KA1HJ8,GOLD1,EQ,,,,,KOTAK GOLD ETF,117.51,117.51,115.01,117.06,117.23,117.51,,117.06,,,1313644,153145063.25,8385,F1,1,,,,,
2026-06-30,2026-06-30,CM,NSE,STK,1922,INE237A01036,KOTAKBANK,EQ,,,,,KOTAK MAHINDRA BANK LTD,395.5,397.0,389.9,392.25,396.0,395.5,,392.3,,,24824891,9747237077.95,161004,F1,1,,,,,
2026-06-30,2026-06-30,CM,NSE,STK,18102,INF174K014P6,NIFTY1,EQ,,,,,KOTAK NIFTY ETF,265.15,267.65,264.08,264.81,265.42,265.0,,264.81,,,43809,11602130.1,1103,F1,1,,,,,
2026-06-30,2026-06-30,CM,NSE,STK,15061,INF373I01023,PSUBANK,EQ,,,,,KOTAK PSU BANK,877.21,877.21,849.37,852.61,852.45,855.82,,852.6,,,9238,7889348.31,344,F1,1,,,,,
2026-06-30,2026-06-30,CM,NSE,STK,759885,INF174KA1XV0,CHEMICAL,EQ,,,,,KOTAKMAMC - CHEMICAL,29.55,29.78,29.3,29.63,29.65,29.25,,29.63,,,221717,6553135.26,843,F1,1,,,,,
2026-06-30,2026-06-30,CM,NSE,STK,7412,INF174KA1IA5,ALPHA,EQ,,,,,KOTAKMAMC - KOTAKALPHA,51.65,51.77,51.01,51.51,51.76,51.64,,51.51,,,797210,40930073.56,2038,F1,1,,,,,
2026-06-30,2026-06-30,CM,NSE,STK,10512,INF174KA1ZF8,CONS,EQ,,,,,KOTAKMAMC - KOTAKCONS,11.81,11.88,11.74,11.8,11.86,11.8,,11.8,,,17332,205193.9,87,F1,1,,,,,
2026-06-30,2026-06-30,CM,NSE,STK,2627,INF174KA1GC5,IT,EQ,,,,,KOTAKMAMC - KOTAKIT,30.34,30.35,29.1,29.19,29.4,30.05,,29.19,,,1886473,55505385.35,3478,F1,1,,,,,
2026-06-30,2026-06-30,CM,NSE,STK,13950,INF174KA1LV5,LIQUID1,EQ,,,,,KOTAKMAMC - KOTAKLIQ,1109.35,1112.95,1109.35,1111.25,1111.27,1111.1,,1111.25,,,1761879,1957893018.75,1831,F1,1,,,,,
2026-06-30,2026-06-30,CM,NSE,STK,8632,INF174KA1IY5,LOWVOL1,EQ,,,,,KOTAKMAMC - KOTAKLOVOL,20.93,20.93,20.58,20.67,20.61,20.59,,20.67,,,1061407,22011162.94,136,F1,1,,,,,
2026-06-30,2026-06-30,CM,NSE,STK,8077,INF174KA1ZC5,MIDCAP,EQ,,,,,KOTAKMAMC - KOTAKMID50,17.5,18.13,17.5,18.04,18.1,17.94,,18.04,,,322076,5777376.52,629,F1,1,,,,,
2026-06-30,2026-06-30,CM,NSE,STK,10676,INF174KA1JF2,MNC,EQ,,,,,KOTAKMAMC - KOTAKMNC,33.22,33.55,33.07,33.42,33.53,33.22,,33.42,,,128218,4275821.72,308,F1,1,,,,,
2026-06-30,2026-06-30,CM,NSE,STK,13082,INF174KA1ZD3,SILVER1,EQ,,,,,KOTAKMAMC - KOTAKSILVE,20.58,21.71,20.58,21.56,21.63,21.11,,21.56,,,6742877,144200935.32,5831,F1,1,,,,,
2026-06-30,2026-06-30,CM,NSE,STK,11457,INF174KA1ZE1,NV20,EQ,,,,,KOTAKMAMC - KTKNV20ETF,14.39,14.39,13.89,13.95,13.99,14.1,,13.95,,,71939,1004786.73,242,F1,1,,,,,
2026-06-30,2026-06-30,CM,NSE,STK,30469,INF174KA1VW2,MID150,EQ,,,,,KOTAKMAMC - MID150,22.99,23.24,22.95,23.14,23.1,22.99,,23.14,,,14756,341466.93,169,F1,1,,,,,
2026-06-30,2026-06-30,CM,NSE,STK,759488,INF174KA1XS6,MOMENTUM30,EQ,,,,,KOTAKMAMC - MOMENTUM30,30.81,30.96,30.5,30.52,30.93,30.94,,30.52,,,33132,1018178.07,95,F1,1,,,,,
2026-06-30,2026-06-30,CM,NSE,STK,29758,INF174KA1VD2,MSCIINDIA,EQ,,,,,KOTAKMAMC - MSCIINDIA,29.48,29.61,29.34,29.49,29.56,29.5,,29.49,,,3662,108204.27,60,F1,1,,,,,
2026-06-30,2026-06-30,CM,NSE,STK,760709,INF174KA1YO3,NEXT50ETF,EQ,,,,,KOTAKMAMC - NEXT50ETF,72.14,72.3,71.53,72.09,72.1,71.79,,72.09,,,5063,364729.44,69,F1,1,,,,,
2026-06-30,2026-06-30,CM,NSE,STK,29944,INF174KA1UW4,NIFTY100EW,EQ,,,,,KOTAKMAMC - NIFTY100EW,34.49,34.6,34.29,34.47,34.53,34.51,,34.47,,,16668,574511.94,159,F1,1,,,,,
2026-06-30,2026-06-30,CM,NSE,STK,757946,INF174KA1WT6,QUALITY30,EQ,,,,,KOTAKMAMC - QUALITY30,20.0,20.0,19.81,19.86,19.87,19.97,,19.86,,,7029,139691.97,34,F1,1,,,,,
2026-06-30,2026-06-30,CM,NSE,STK,5851,INF174KA1ZB7,BANKNIFTY1,EQ,,,,,KOTAKMAMC-KOTAKBKETF,61.53,61.53,59.7,59.89,59.9,60.03,,59.89,,,1410181,84719584.84,610,F1,1,,,,,
2026-06-30,2026-06-30,CM,NSE,STK,762752,INE972A01020,KOTIC,EQ,,,,,KOTHARI INDUSTRIAL CORP L,163.06,166.48,150.0,155.55,157.96,162.25,,155.61,,,22847,3671391.18,346,F1,1,,,,,
2026-06-30,2026-06-30,CM,NSE,STK,4594,INE720A01015,KOTHARIPET,EQ,,,,,KOTHARI PETROCHEM LTD,123.82,124.4,123.2,123.88,123.89,124.13,,123.88,,,20050,2479132.35,406,F1,1,,,,,
2026-06-30,2026-06-30,CM,NSE,STK,5528,INE823A01017,KOTHARIPRO,EQ,,,,,KOTHARI PRODUCTS LTD,70.5,71.88,69.5,71.28,71.5,69.45,,71.28,,,5342,380987.54,213,F1,1,,,,,
2026-06-30,2026-06-30,CM,NSE,STK,11647,INE419A01022,KOTARISUG,EQ,,,,,KOTHARI SUG & CHEM LTD.,24.88,25.25,24.21,24.74,24.7,24.76,,24.74,,,21417,530693.17,242,F1,1,,,,,
2026-06-30,2026-06-30,CM,NSE,STK,761337,INE0J0B01017,KOTYARK,BE,,,,,KOTYARK INDUSTRIES LTD,41.05,41.05,41.05,41.05,41.05,43.2,,41.05,,,35955,1475952.75,258,F1,1,,,,,
2026-06-30,2026-06-30,CM,NSE,STK,5192,INE177F01017,KOVAI,EQ,,,,,KOVAI MEDICAL CENTER & HO,6079.5,6079.5,5899.5,5998.5,6000.0,5951.5,,5998.5,,,9786,58484318.5,3141,F1,1,,,,,
2026-06-30,2026-06-30,CM,NSE,STK,5108,INE542W01025,KPIGREEN,EQ,,,,,KPI GREEN ENERGY LIMITED,395.55,404.7,395.55,398.05,397.05,395.55,,398.05,,,493159,197305747.15,13546,F1,1,,,,,
2026-06-30,2026-06-30,CM,NSE,STK,9683,INE04I401011,KPITTECH,EQ,,,,,KPIT TECHNOLOGIES LIMITED,712.5,716.0,669.35,671.55,670.5,712.2,,671.55,,,5466149,3727150897.85,127705,F1,1,,,,,
2026-06-30,2026-06-30,CM,NSE,STK,14912,INE930H01031,KPRMILL,EQ,,,,,KPR MILL LTD.,1132.0,1200.0,1113.75,1177.3,1184.0,1131.5,,1177.5,,,993802,1145982413.6,43671,F1,1,,,,,
2026-06-30,2026-06-30,CM,NSE,STK,10577,INE001B01026,KRBL,EQ,,,,,KRBL LIMITED,379.15,382.0,373.35,375.25,379.4,379.15,,375.25,,,221140,83490976.9,5484,F1,1,,,,,
2026-06-30,2026-06-30,CM,NSE,STK,1937,INE268B01013,KREBSBIO,EQ,,,,,KREBS BIOCHEMICALS & IND,61.9,64.5,59.1,60.13,60.79,60.28,,60.2,,,9872,605985.83,347,F1,1,,,,,
2026-06-30,2026-06-30,CM,NSE,STK,11488,INE524L01026,KRIDHANINF,BE,,,,,KRIDHAN INFRA LIMITED,2.8,2.86,2.73,2.76,2.75,2.85,,2.76,,,26752,75129.01,47,F1,1,,,,,
2026-06-30,2026-06-30,CM,NSE,STK,12847,INE506W01012,KRISHANA,EQ,,,,,KRISHANA PHOSCHEM LIMITED,682.1,698.4,678.0,688.0,687.1,682.1,,688.0,,,204834,140736967.95,7817,F1,1,,,,,
2026-06-30,2026-06-30,CM,NSE,STK,16133,INE0NR701018,KRISHCA,SM,,,,,KRISHCA STRAPPING SLTN L,173.15,174.0,171.8,172.0,172.0,172.7,,172.0,,,11000,1895275.0,10,F1,500,,,,,
2026-06-30,2026-06-30,CM,NSE,STK,756782,INE0GGO01015,KRISHIVAL,EQ,,,,,KRISHIVAL FOODS LIMITED,403.45,404.2,400.95,402.05,400.95,401.45,,402.1,,,2228,895782.35,99,F1,1,,,,,
2026-06-30,2026-06-30,CM,NSE,STK,760688,IN90GGO01013,KRISHPP,E1,,,,,KRISHIVAL RE.3.50 PPD UP,159.9,159.9,149.3,149.3,149.3,151.2,,153.0,,,126,19026.35,24,F1,1,,,,,
2026-06-30,2026-06-30,CM,NSE,STK,761192,INE0J5601015,KRISHNADEF,EQ,,,,,KRISHNA DEF AND ALD IND L,1265.1,1265.8,1170.0,1207.4,1205.0,1247.1,,1207.4,,,1568987,1891081826.8,28007,F1,1,,,,,
2026-06-30,2026-06-30,CM,NSE,STK,4847,INE967H01025,KIMS,EQ,,,,,KRISHNA INST OF MED SCI L,814.0,834.7,808.3,814.6,820.0,805.45,,814.6,,,1245700,1025089748.4,40356,F1,1,,,,,
2026-06-30,2026-06-30,CM,NSE,STK,6420,INE479D01038,KRITI,BE,,,,,KRITI INDUSTRIES IND LTD,68.53,71.0,68.0,70.99,70.99,69.03,,70.16,,,11381,790499.82,65,F1,1,,,,,
2026-06-30,2026-06-30,CM,NSE,STK,11440,INE798K01010,KRITINUT,BE,,,,,KRITI NUTRIENTS LIMITED,83.09,84.98,82.11,82.76,82.14,83.09,,82.77,,,8771,729355.77,53,F1,1,,,,,
2026-06-30,2026-06-30,CM,NSE,STK,9288,INE00Z501029,KRITIKA,EQ,,,,,KRITIKA WIRES LIMITED,5.84,5.84,5.72,5.75,5.8,5.79,,5.75,,,83519,482118.47,317,F1,1,,,,,
2026-06-30,2026-06-30,CM,NSE,STK,760627,INE1MTV01019,KRMAYURVED,ST,,,,,KRM AYURVEDA LIMITED,254.0,258.0,250.0,257.75,257.75,257.0,,257.75,,,47000,11929150.0,29,F1,1000,,,,,
2026-06-30,2026-06-30,CM,NSE,STK,25645,INE0Q3J01015,KRN,BE,,,,,KRN HEAT EXCHANGE N REF L,1239.0,1287.9,1238.0,1252.6,1258.0,1250.5,,1252.7,,,183841,231296186.7,11169,F1,1,,,,,
2026-06-30,2026-06-30,CM,NSE,STK,24025,INE0ATZ01017,KRONOX,EQ,,,,,KRONOX LAB SCIENCES LTD,153.61,153.61,148.82,149.96,150.0,152.1,,149.96,,,54223,8200143.69,1330,F1,1,,,,,
2026-06-30,2026-06-30,CM,NSE,STK,25252,INE0O6601022,KROSS,EQ,,,,,KROSS LIMITED,187.98,190.2,182.7,183.73,183.99,186.94,,183.73,,,418495,77125761.52,3213,F1,1,,,,,
2026-06-30,2026-06-30,CM,NSE,STK,5359,INE08LI01020,KRSNAA,EQ,,,,,KRSNAA DIAGNOSTICS LTD,540.0,551.75,534.0,543.8,546.5,537.05,,543.8,,,41776,22730074.55,4205,F1,1,,,,,
2026-06-30,2026-06-30,CM,NSE,STK,23175,INE0QN801017,KRYSTAL,EQ,,,,,KRYSTAL INTEGRATED SER L,600.3,605.9,600.0,600.05,600.05,600.25,,600.05,,,17955,10776586.1,273,F1,1,,,,,
2026-06-30,2026-06-30,CM,NSE,STK,1949,INE999A01023,KSB,EQ,,,,,KSB LIMITED,945.7,966.5,944.0,958.75,958.0,945.7,,958.65,,,113731,108810577.2,10043,F1,1,,,,,
2026-06-30,2026-06-30,CM,NSE,STK,760433,INE987S01020,KSHINTL,EQ,,,,,KSH INTERNATIONAL LIMITED,866.0,871.0,852.0,863.6,867.95,858.5,,863.6,,,225609,194203226.8,12191,F1,1,,,,,
2026-06-30,2026-06-30,CM,NSE,STK,10412,INE013801027,KSHITIJPOL,BE,,,,,KSHITIJ POLYLINE LIMITED,3.94,3.94,3.94,3.94,3.94,4.14,,3.94,,,327272,1289451.68,872,F1,1,,,,,
2026-06-30,2026-06-30,CM,NSE,STK,11060,INE0D6I01023,KSOLVES,EQ,,,,,KSOLVES INDIA LIMITED,282.65,288.1,282.0,286.3,285.2,284.1,,286.25,,,19014,5412739.3,1060,F1,1,,,,,
2026-06-30,2026-06-30,CM,NSE,STK,759987,INE1SPP01016,KSR,EQ,,,,,KSR FOOTWEAR LIMITED,31.12,32.2,31.01,31.57,31.01,31.11,,31.57,,,7167,226572.39,55,F1,1,,,,,
2026-06-30,2026-06-30,CM,NSE,STK,13870,INE529I01021,KUANTUM,EQ,,,,,KUANTUM PAPERS LIMITED,75.87,76.73,75.0,75.35,75.87,75.87,,75.35,,,53964,4086932.02,895,F1,1,,,,,
2026-06-30,2026-06-30,CM,NSE,STK,18708,INE0OWX01025,KEL,SM,,,,,KUNDAN EDIFICE LIMITED,79.0,79.9,79.0,79.9,79.9,78.75,,79.9,,,3600,286560.0,3,F1,1200,,,,,
2026-06-30,2026-06-30,CM,NSE,STK,762757,INE552U01010,KPL,EQ,,,,,KWALITY PHARMACEUTICALS L,2729.9,2890.3,2708.3,2802.3,2824.9,2705.2,,2802.3,,,89376,251263396.1,13943,F1,1,,,,,
2026-06-30,2026-06-30,CM,NSE,STK,760946,INE2KCE01013,KWIL,EQ,,,,,KWALITY WALL'S (INDIA) L,35.34,35.59,34.94,35.11,35.06,34.9,,35.11,,,6032877,212261386.03,57428,F1,1,,,,,
2026-06-30,2026-06-30,CM,NSE,STK,24948,INE498L01015,LTF,EQ,,,,,L&T FINANCE LIMITED,300.8,312.0,297.65,310.75,310.0,299.05,,310.75,,,10810310,3320288598.05,91870,F1,1,,,,,
2026-06-30,2026-06-30,CM,NSE,STK,18564,INE010V01017,LTTS,EQ,,,,,L&T TECHNOLOGY SER. LTD.,3150.0,3177.0,3090.0,3139.8,3140.0,3129.8,,3139.9,,,78841,246980522.7,18011,F1,1,,,,,
2026-06-30,2026-06-30,CM,NSE,STK,14423,INE059D01020,LAOPALA,EQ,,,,,LA OPALA RG LIMITED,176.8,181.44,176.79,180.5,180.0,176.79,,180.5,,,66648,11972477.54,3048,F1,1,,,,,
2026-06-30,2026-06-30,CM,NSE,STK,5865,INE548Z01017,LAGNAM,EQ,,,,,LAGNAM SPINTEX LIMITED,79.1,79.95,77.45,79.68,79.95,76.45,,79.68,,,4702,372526.53,75,F1,1,,,,,
2026-06-30,2026-06-30,CM,NSE,STK,762762,INE515C01023,LAHOTIOV,EQ,,,,,LAHOTI OVERSEAS LTD.,44.0,46.15,43.02,43.47,44.77,43.51,,43.74,,,7435,331389.3,66,F1,1,,,,,
2026-06-30,2026-06-30,CM,NSE,STK,4774,INE651C01018,LAKPRE,BZ,,,,,LAKSHMI PRE SCRE LTD,5.12,5.12,5.12,5.12,5.12,4.88,,5.12,,,3262,16701.44,13,F1,1,,,,,
2026-06-30,2026-06-30,CM,NSE,STK,25863,INE0VZS01015,LAKSHYA,ST,,,,,LAKSHYA POWERTECH LIMITED,110.0,110.0,110.0,110.0,110.0,114.0,,110.0,,,2400,264000.0,3,F1,800,,,,,
2026-06-30,2026-06-30,CM,NSE,STK,6407,INE112F01022,LAMBODHARA,EQ,,,,,LAMBODHARA TEXTILES LTD.,111.96,114.79,110.15,111.53,113.96,111.21,,111.62,,,6708,754572.38,277,F1,1,,,,,
2026-06-30,2026-06-30,CM,NSE,STK,27218,INE0R0201012,LAMOSAIC,SM,,,,,LAMOSAIC INDIA LIMITED,33.55,33.75,32.65,33.3,33.25,33.45,,33.3,,,232800,7796580.0,67,F1,600,,,,,
2026-06-30,2026-06-30,CM,NSE,STK,23027,INE572G01025,LANCORHOL,EQ,,,,,LANCOR HOLDINGS LIMITED,26.0,26.0,24.57,24.61,24.57,24.96,,24.61,,,10265,253041.37,62,F1,1,,,,,
2026-06-30,2026-06-30,CM,NSE,STK,13276,INE559R01029,LANDMARK,EQ,,,,,LANDMARK CARS LIMITED,437.5,443.0,429.55,437.65,434.0,434.0,,437.6,,,73052,31920755.2,2516,F1,1,,,,,
2026-06-30,2026-06-30,CM,NSE,STK,16863,INE197J01017,LPDC,EQ,,,,,LANDMARK PR.DEV.CO.LTD,6.4,6.95,6.27,6.42,6.41,6.43,,6.42,,,52566,350189.46,156,F1,1,,,,,
2026-06-30,2026-06-30,CM,NSE,STK,17376,INE688J01023,LANDSMILL,EQ,,,,,LANDSMILL GREEN LIMITED,0.84,0.85,0.83,0.84,0.85,0.84,,0.84,,,796728,670889.19,602,F1,1,,,,,
2026-06-30,2026-06-30,CM,NSE,STK,11483,INE018A01030,LT,EQ,,,,,LARSEN & TOUBRO LTD.,4183.0,4193.8,4134.1,4143.4,4143.8,4165.2,,4143.4,,,1539094,6399641006.6,102065,F1,1,,,,,
2026-06-30,2026-06-30,CM,NSE,STK,21713,INE670X01014,LASA,EQ,,,,,LASA SUPERGENERICS LTD,7.95,7.95,7.43,7.56,7.45,7.44,,7.56,,,11410,85912.51,98,F1,1,,,,,
2026-06-30,2026-06-30,CM,NSE,STK,6818,INE0I7C01011,LATENTVIEW,EQ,,,,,LATENT VIEW ANALYTICS LTD,280.1,280.95,267.3,270.8,271.9,279.9,,270.8,,,1388411,376264010.15,43801,F1,1,,,,,
2026-06-30,2026-06-30,CM,NSE,STK,15848,INE262Z01023,LATTEYS,BE,,,,,LATTEYS INDUSTRIES LTD,21.2,21.2,20.26,20.95,21.0,21.01,,20.95,,,84439,1756663.15,205,F1,1,,,,,
2026-06-30,2026-06-30,CM,NSE,STK,19234,INE947Q01028,LAURUSLABS,EQ,,,,,LAURUS LABS LIMITED,1500.3,1522.4,1485.0,1517.4,1518.0,1500.3,,1517.4,,,3274608,4918252412.8,78683,F1,1,,,,,
2026-06-30,2026-06-30,CM,NSE,STK,6568,INE801V01019,LAXMICOT,EQ,,,,,LAXMI COTSPIN LIMITED,14.72,15.98,14.0,14.31,14.45,14.71,,14.31,,,84293,1267492.08,458,F1,1,,,,,
2026-06-30,2026-06-30,CM,NSE,STK,29171,INE0WO601020,LAXMIDENTL,EQ,,,,,LAXMI DENTAL LIMITED,222.66,226.0,221.23,225.03,225.2,223.99,,225.04,,,92180,20653196.26,1971,F1,1,,,,,
2026-06-30,2026-06-30,CM,NSE,STK,19876,INE258Y01016,LGHL,EQ,,,,,LAXMI GOLDORNA HOUSE LTD,222.82,230.0,220.81,226.55,226.8,222.0,,226.55,,,42473,9600425.44,434,F1,1,,,,,
2026-06-30,2026-06-30,CM,NSE,STK,758865,INE06WU01026,LAXMIINDIA,BE,,,,,LAXMI INDIA FINANCE LTD,100.39,100.5,97.91,98.75,98.0,99.43,,98.82,,,44515,4411087.02,343,F1,1,,,,,
2026-06-30,2026-06-30,CM,NSE,STK,2841,INE576O01020,LXCHEM,EQ,,,,,LAXMI ORGANIC INDUS LTD,154.95,156.68,154.01,154.97,154.96,154.17,,154.97,,,340633,52966881.32,4309,F1,1,,,,,
2026-06-30,2026-06-30,CM,NSE,STK,7529,INE938A01021,LCCINFOTEC,EQ,,,,,LCC INFOTECH LTD,4.79,4.9,4.56,4.65,4.65,4.79,,4.65,,,208427,960188.39,154,F1,1,,,,,
2026-06-30,2026-06-30,CM,NSE,STK,760300,INE0G1L01025,LEMERITE,EQ,,,,,LE MERITE EXPORTS LIMITED,22.25,24.1,22.25,23.25,23.8,23.09,,23.25,,,585734,13559608.76,1265,F1,1,,,,,
2026-06-30,2026-06-30,CM,NSE,STK,24067,INE0HV901016,IXIGO,EQ,,,,,LE TRAVENUES TECHNOLOGY L,194.3,198.0,191.49,196.65,197.0,192.93,,196.66,,,863698,168780383.68,11257,F1,1,,,,,
2026-06-30,2026-06-30,CM,NSE,STK,14204,INE0H4B01011,LRRPL,SM,,,,,LEAD REC AND RUB PROD LTD,94.35,94.35,93.0,93.0,93.0,93.0,,93.0,,,12000,1126125.0,3,F1,1500,,,,,
2026-06-30,2026-06-30,CM,NSE,STK,757014,INE0AQ201015,THELEELA,EQ,,,,,LEELA PALACES HOTEL LTD,487.0,487.85,474.05,475.45,478.0,479.45,,475.45,,,614919,294866738.3,18188,F1,1,,,,,
2026-06-30,2026-06-30,CM,NSE,STK,2606,INE970X01018,LEMONTREE,EQ,,,,,LEMON TREE HOTELS LTD,116.22,117.19,115.2,116.65,117.0,116.22,,116.65,,,2802847,325914601.72,30510,F1,1,,,,,
2026-06-30,2026-06-30,CM,NSE,STK,759605,INE956O01016,LENSKART,EQ,,,,,LENSKART SOLUTIONS LTD,508.0,518.25,504.2,514.95,514.05,505.85,,514.95,,,4833163,2479679344.95,63645,F1,1,,,,,
2026-06-30,2026-06-30,CM,NSE,STK,14459,INE500X01013,LEXUS,EQ,,,,,LEXUS GRANITO (INDIA) LTD,13.34,14.01,12.74,13.83,13.71,12.75,,13.83,,,74895,1017233.84,380,F1,1,,,,,
2026-06-30,2026-06-30,CM,NSE,STK,18321,INE337A01034,LGBBROSLTD,EQ,,,,,LG BALAKRISHNAN & BROS,1593.5,1612.0,1581.1,1595.8,1599.0,1600.2,,1595.7,,,18422,29411275.9,2669,F1,1,,,,,
2026-06-30,2026-06-30,CM,NSE,STK,760213,INE324D01010,LGEINDIA,EQ,,,,,LG ELECTRONICS INDIA LTD,1570.0,1588.0,1544.0,1552.0,1547.0,1566.9,,1551.9,,,499937,779105753.5,32957,F1,1,,,,,
2026-06-30,2026-06-30,CM,NSE,STK,11082,INE908V01012,LIBAS,EQ,,,,,LIBAS CONSU PRODUCTS LTD,11.46,11.56,11.2,11.28,11.39,11.57,,11.28,,,21042,237260.69,121,F1,1,,,,,
2026-06-30,2026-06-30,CM,NSE,STK,1994,INE557B01019,LIBERTSHOE,EQ,,,,,LIBERTY SHOES LTD,276.0,277.99,268.11,269.27,268.23,273.64,,269.34,,,41303,11177154.51,738,F1,1,,,,,
2026-06-30,2026-06-30,CM,NSE,STK,1997,INE115A01026,LICHSGFIN,EQ,,,,,LIC HOUSING FINANCE LTD,564.0,566.0,552.7,564.0,565.9,560.75,,564.0,,,2564040,1440345170.85,39488,F1,1,,,,,
2026-06-30,2026-06-30,CM,NSE,STK,25640,INF767K01SM1,LICMFGOLD,EQ,,,,,LIC MF - LIC GOLD ETF,126.3,127.35,124.85,126.35,126.55,127.15,,126.35,,,47891,6037128.95,726,F1,1,,,,,
2026-06-30,2026-06-30,CM,NSE,STK,11319,INF767K01OS7,LICNETFN50,EQ,,,,,LICNAMC - LICNFENGP,261.93,268.9,261.93,267.0,267.0,268.65,,267.0,,,398,106791.5,23,F1,1,,,,,
2026-06-30,2026-06-30,CM,NSE,STK,11441,INF767K01OT5,LICNETFSEN,EQ,,,,,LICNAMC - LICNFESGP,862.25,862.25,862.25,862.25,862.25,863.27,,862.25,,,4,3449.0,1,F1,1,,,,,
2026-06-30,2026-06-30,CM,NSE,STK,15229,INF767K01PC8,LICNFNHGP,EQ,,,,,LICNAMC - LICNFNHGP,273.64,274.23,272.17,273.92,273.92,274.02,,273.92,,,102,27838.05,12,F1,1,,,,,
2026-06-30,2026-06-30,CM,NSE,STK,6062,INF767K01MV5,LICNETFGSC,EQ,,,,,LICNAMC - LICNMFET,29.32,29.44,29.32,29.39,29.4,29.32,,29.39,,,36411,1070580.21,93,F1,1,,,,,
2026-06-30,2026-06-30,CM,NSE,STK,22722,INF767K01RN1,LICNMID100,EQ,,,,,LICNAMC - LICNMID100,61.98,62.21,61.67,61.91,62.01,61.91,,61.96,,,197938,12277567.38,56,F1,1,,,,,
2026-06-30,2026-06-30,CM,NSE,STK,9480,INE0J1Y01017,LICI,EQ,,,,,LIFE INSURA CORP OF INDIA,433.4,436.25,428.25,431.65,433.05,431.25,,431.65,,,4056374,1753889928.0,43311,F1,1,,,,,
2026-06-30,2026-06-30,CM,NSE,STK,579,INE060901027,LIKHITHA,BE,,,,,LIKHITHA INFRASTRUC LTD,272.0,272.0,256.96,265.66,268.0,270.48,,265.54,,,155388,41287816.01,864,F1,1,,,,,
2026-06-30,2026-06-30,CM,NSE,STK,6951,INE802B01027,LINC,EQ,,,,,LINC LIMITED,115.16,117.3,109.25,112.0,112.39,115.94,,112.01,,,163117,18388569.1,4696,F1,1,,,,,
2026-06-30,2026-06-30,CM,NSE,STK,11596,INE405C01035,LINCOLN,EQ,,,,,LINCOLN PHARMA LTD,625.6,634.75,616.05,623.5,622.0,625.6,,623.5,,,20169,12546111.3,995,F1,1,,,,,
2026-06-30,2026-06-30,CM,NSE,STK,1627,INE473A01011,LINDEINDIA,EQ,,,,,LINDE INDIA LIMITED,7317.0,7379.0,7275.0,7311.0,7307.0,7297.0,,7311.0,,,27903,204211789.5,6861,F1,1,,,,,
2026-06-30,2026-06-30,CM,NSE,STK,17801,INE093R01011,LLOYDSENGG,EQ,,,,,LLOYDS ENGG WORK LIMITED,87.78,89.55,85.54,86.53,86.4,87.11,,86.53,,,11456815,1000499400.57,37768,F1,1,,,,,
2026-06-30,2026-06-30,CM,NSE,STK,25807,INE080I01025,LLOYDSENT,EQ,,,,,LLOYDS ENTERPRISES LTD,75.5,76.1,73.36,73.82,73.5,75.25,,73.82,,,2887403,215281429.63,14887,F1,1,,,,,
2026-06-30,2026-06-30,CM,NSE,STK,11476,INE0DTQ01028,LLOYDS,ST,,,,,LLOYDS LUXURIES LIMITED,72.55,72.55,72.55,72.55,72.55,72.55,,72.55,,,1000,72550.0,1,F1,1000,,,,,
2026-06-30,2026-06-30,CM,NSE,STK,17313,INE281B01032,LLOYDSME,EQ,,,,,LLOYDS METALS N ENERGY L,1820.0,1823.0,1788.2,1810.4,1812.0,1805.7,,1810.4,,,302196,545642479.4,20800,F1,1,,,,,
2026-06-30,2026-06-30,CM,NSE,STK,1979,INE269B01029,LMW,EQ,,,,,LMW LIMITED,16132.0,16147.0,15653.0,15720.0,15670.0,15973.0,,15721.0,,,2315,36650866.0,794,F1,1,,,,,
2026-06-30,2026-06-30,CM,NSE,STK,3220,INE670K01029,LODHA,EQ,,,,,LODHA DEVELOPERS LIMITED,947.0,966.0,938.45,955.25,956.9,939.55,,955.25,,,3588024,3412081894.45,42264,F1,1,,,,,
2026-06-30,2026-06-30,CM,NSE,STK,13439,INE397H01017,LOKESHMACH,BE,,,,,LOKESH MACHINES LTD,270.4,274.95,263.2,272.1,270.55,270.55,,272.0,,,14257,3864809.75,165,F1,1,,,,,
2026-06-30,2026-06-30,CM,NSE,STK,18232,INE846D01012,LORDSCHLO,EQ,,,,,LORDS CHLORO ALKALI LTD,135.6,135.6,133.12,133.79,134.9,134.12,,133.79,,,4557,609371.17,186,F1,1,,,,,
2026-06-30,2026-06-30,CM,NSE,STK,14924,INE740X01023,LAL,EQ,,,,,LORENZINI APPARELS LTD,8.77,9.07,8.28,8.66,8.73,9.11,,8.66,,,95297,814619.25,456,F1,1,,,,,
2026-06-30,2026-06-30,CM,NSE,STK,16807,INE947I01017,LOTUSEYE,EQ,,,,,LOTUS EYE HOSP & INST L,121.61,122.46,113.0,116.82,115.0,121.59,,116.82,,,9001,1067246.96,309,F1,1,,,,,
2026-06-30,2026-06-30,CM,NSE,STK,22415,INE597L01014,LOVABLE,EQ,,,,,LOVABLE LINGERIE LTD,77.51,81.8,77.51,80.27,80.0,77.22,,80.26,,,95820,7662577.59,1272,F1,1,,,,,
2026-06-30,2026-06-30,CM,NSE,STK,10605,INE970D01010,LOYALTEX,BE,,,,,LOYAL TEXTILE MILLS LTD,210.05,219.99,209.34,210.0,210.0,220.35,,210.0,,,729,153116.78,29,F1,1,,,,,
2026-06-30,2026-06-30,CM,NSE,STK,13816,INE818H01020,LTFOODS,EQ,,,,,LT FOODS LIMITED,376.75,377.0,366.25,367.0,366.6,374.95,,367.0,,,391347,145148189.65,13929,F1,1,,,,,
2026-06-30,2026-06-30,CM,NSE,STK,17818,INE214T01019,LTM,EQ,,,,,LTM LIMITED,3702.9,3702.9,3528.0,3538.0,3543.0,3686.1,,3538.0,,,850247,3042767854.8,71125,F1,1,,,,,
2026-06-30,2026-06-30,CM,NSE,STK,14014,INE872H01027,LUMAXTECH,EQ,,,,,LUMAX AUTO TECH LTD,1508.7,1557.8,1507.4,1533.6,1540.0,1503.2,,1533.5,,,147520,226249246.4,14723,F1,1,,,,,
2026-06-30,2026-06-30,CM,NSE,STK,2018,INE162B01018,LUMAXIND,EQ,,,,,LUMAX INDUSTRIES LTD,5198.5,5329.0,5141.5,5278.5,5278.0,5198.5,,5277.5,,,10919,57244650.0,2303,F1,1,,,,,
2026-06-30,2026-06-30,CM,NSE,STK,10440,INE326A01037,LUPIN,EQ,,,,,LUPIN LIMITED,2409.4,2440.8,2385.0,2419.0,2419.8,2409.3,,2419.0,,,1412728,3414491543.2,83899,F1,1,,,,,
2026-06-30,2026-06-30,CM,NSE,STK,11301,INE150G01020,LUXIND,EQ,,,,,LUX INDUSTRIES LIMITED,1212.0,1238.0,1212.0,1225.4,1233.0,1222.8,,1225.4,,,21054,25851333.4,1233,F1,1,,,,,
2026-06-30,2026-06-30,CM,NSE,STK,2028,INE933A01014,LYKALABS,EQ,,,,,LYKA LABS LTD,74.0,74.8,71.0,73.95,73.0,73.04,,74.04,,,60080,4406679.8,2174,F1,1,,,,,
2026-06-30,2026-06-30,CM,NSE,STK,31468,INE142K01011,LYPSAGEMS,EQ,,,,,LYPSA GEMS & JEWEL LTD,4.71,4.77,4.41,4.67,4.7,4.77,,4.67,,,62281,287950.95,472,F1,1,,,,,
2026-06-30,2026-06-30,CM,NSE,STK,758150,INE08N601015,MBEL,EQ,,,,,M AND B ENGINEERING LTD,311.0,314.0,304.0,310.65,312.8,308.35,,310.75,,,120750,37370768.5,4035,F1,1,,,,,
2026-06-30,2026-06-30,CM,NSE,STK,16736,INE964W01021,MKPL,EQ,,,,,M K PROTEINS LIMITED,4.8,4.81,4.66,4.71,4.77,4.76,,4.71,,,115494,547921.0,428,F1,1,,,,,
2026-06-30,2026-06-30,CM,NSE,STK,22360,INE813V01022,MCL,EQ,,,,,M TEK COPPER LIMITED,54.7,57.2,54.12,55.02,54.6,56.11,,55.02,,,49318,2728549.3,802,F1,1,,,,,
2026-06-30,2026-06-30,CM,NSE,STK,13285,INE774D01024,M&MFIN,EQ,,,,,M&M FIN. SERVICES LTD,317.7,321.65,311.0,315.8,317.0,315.4,,315.8,,,2719651,860507514.6,44244,F1,1,,,,,
2026-06-30,2026-06-30,CM,NSE,STK,22976,INE0SGC01015,MVKAGRO,SM,,,,,M.V.K. AGRO FOOD PROD LTD,371.0,373.95,358.0,365.6,366.9,374.85,,365.6,,,9300,3399345.0,30,F1,300,,,,,
2026-06-30,2026-06-30,CM,NSE,STK,15017,INE215I01027,MAANALU,EQ,,,,,MAAN ALUMINIUM LIMITED,123.6,123.75,120.5,121.23,122.0,122.83,,121.26,,,44491,5398956.54,897,F1,1,,,,,
2026-06-30,2026-06-30,CM,NSE,STK,762782,INE435D01014,MCCHRLS-B,EQ,,,,,MAC CHARLES (INDIA) LTD.,714.2,725.0,580.0,703.1,724.45,690.0,,702.1,,,516,345461.05,37,F1,1,,,,,
2026-06-30,2026-06-30,CM,NSE,STK,22347,INE155Z01011,MACPOWER,EQ,,,,,MACPOWER CNC MACHINES LTD,1341.7,1378.0,1303.15,1346.9,1360.0,1317.95,,1346.9,,,132025,177022627.05,10785,F1,1,,,,,
2026-06-30,2026-06-30,CM,NSE,STK,762767,INE631R01026,MADHAVIPL,EQ,,,,,MADHAV INFRA PROJECTS L,8.78,8.91,8.5,8.56,8.55,8.53,,8.57,,,188231,1638954.36,508,F1,1,,,,,
2026-06-30,2026-06-30,CM,NSE,STK,15151,INE925C01016,MADHAV,EQ,,,,,MADHAV MARBLE & GRANITE,36.0,37.0,35.7,36.47,35.7,35.94,,36.58,,,3537,128453.48,29,F1,1,,,,,
2026-06-30,2026-06-30,CM,NSE,STK,13668,INE378D01032,MADHUCON,BE,,,,,MADHUCON PROJECTS LTD.,6.09,6.35,6.04,6.04,6.04,6.06,,6.09,,,21255,130470.85,82,F1,1,,,,,
2026-06-30,2026-06-30,CM,NSE,STK,18728,INE0P6701019,MADHUSUDAN,SM,,,,,MADHUSUDAN MASALA LIMITED,212.5,232.0,205.0,214.6,215.0,214.75,,214.6,,,288000,62681100.0,204,F1,1000,,,,,
2026-06-30,2026-06-30,CM,NSE,STK,12686,INE900L01010,MBAPL,EQ,,,,,MADHYA BHARAT AGRO P. LTD,569.0,575.1,559.4,562.0,563.05,562.25,,562.0,,,151747,85794602.5,3636,F1,1,,,,,
2026-06-30,2026-06-30,CM,NSE,STK,4911,INE414A01015,MADRASFERT,EQ,,,,,MADRAS FERTILISERS LTD,67.11,68.29,67.1,67.42,67.2,67.0,,67.39,,,37618,2548384.65,795,F1,1,,,,,
2026-06-30,2026-06-30,CM,NSE,STK,762772,INE270B01035,MAFATIND,EQ,,,,,MAFATLAL INDUSTRIES LTD.,144.98,149.84,140.25,142.45,142.68,143.71,,142.45,,,88580,12858487.96,1710,F1,1,,,,,
2026-06-30,2026-06-30,CM,NSE,STK,21392,INE347W01011,MAGADSUGAR,EQ,,,,,MAGADH SUGAR & ENERGY LTD,455.0,465.85,453.05,461.65,463.9,450.5,,461.65,,,7870,3623432.35,366,F1,1,,,,,
2026-06-30,2026-06-30,CM,NSE,STK,29482,INE613C01026,MCLOUD,EQ,,,,,MAGELLANIC CLOUD LIMITED,28.6,31.45,27.97,30.5,30.55,28.48,,30.5,,,30799253,937469766.47,79764,F1,1,,,,,
2026-06-30,2026-06-30,CM,NSE,STK,14957,INE387I01016,MAGNUM,EQ,,,,,MAGNUM VENTURES LTD.,19.21,19.88,19.14,19.25,19.18,19.4,,19.25,,,4375,84394.98,62,F1,1,,,,,
2026-06-30,2026-06-30,CM,NSE,STK,17091,INE0O1S01012,MAGSON,ST,,,,,MAGSON RETAIL AND DIST L,170.0,170.0,170.0,170.0,170.0,170.0,,170.0,,,110000,18700000.0,29,F1,1000,,,,,
2026-06-30,2026-06-30,CM,NSE,STK,5239,INE843B01013,MAHAPEXLTD,EQ,,,,,MAHA RASHTRA APEX COPR. L,47.95,51.75,45.36,46.39,45.36,47.01,,46.61,,,115852,5577172.51,1200,F1,1,,,,,
2026-06-30,2026-06-30,CM,NSE,STK,24937,INE0US801024,MFML,EQ,,,,,MAHALAXMI FABRIC MILLS LT,23.33,23.33,20.9,21.24,21.07,23.33,,21.24,,,111253,2365120.37,3192,F1,1,,,,,
2026-06-30,2026-06-30,CM,NSE,STK,7886,INE112D01035,MHLXMIRU,EQ,,,,,MAHALAXMI RUBTECH LIMITED,117.7,121.13,115.55,121.13,121.13,110.12,,121.8,,,404266,48534375.5,1693,F1,1,,,,,
2026-06-30,2026-06-30,CM,NSE,STK,17527,INE451L01014,MAHASTEEL,EQ,,,,,MAHAMAYA STEEL INDS LTD,818.85,818.85,786.1,799.1,800.0,816.45,,799.3,,,1362,1094299.85,171,F1,1,,,,,
2026-06-30,2026-06-30,CM,NSE,STK,17534,INE002S01010,MGL,EQ,,,,,MAHANAGAR GAS LTD.,1154.5,1211.2,1153.2,1174.1,1179.0,1142.1,,1174.1,,,373161,439446839.9,26093,F1,1,,,,,
2026-06-30,2026-06-30,CM,NSE,STK,2294,INE153A01019,MTNL,EQ,,,,,MAHANAGAR TELEPHONE NIGAM,29.86,29.91,29.41,29.54,29.6,29.68,,29.54,,,818703,24236798.94,3040,F1,1,,,,,
2026-06-30,2026-06-30,CM,NSE,STK,2085,INE288A01013,MAHSCOOTER,EQ,,,,,MAHARASHTRA SCOOTERS LTD,12371.0,12580.0,12363.0,12501.0,12499.0,12384.0,,12501.0,,,3392,42365821.0,816,F1,1,,,,,
2026-06-30,2026-06-30,CM,NSE,STK,2088,INE271B01025,MAHSEAMLES,EQ,,,,,MAHARASHTRA SEAMLESS LTD,618.0,620.8,595.0,597.8,595.5,619.4,,597.8,,,625689,383482105.85,10833,F1,1,,,,,
2026-06-30,2026-06-30,CM,NSE,STK,758688,INE632Q01018,MRIL,ST,,,,,MAHENDRA REALTO & INFRA L,69.0,71.45,69.0,71.2,71.3,72.25,,71.2,,,60800,4294880.0,24,F1,1600,,,,,
2026-06-30,2026-06-30,CM,NSE,STK,9577,INE263W01010,MAHESHWARI,BE,,,,,MAHESHWARI LOGISTICS LTD.,73.99,75.5,71.15,74.73,74.0,72.33,,74.73,,,71641,5314186.76,168,F1,1,,,,,
2026-06-30,2026-06-30,CM,NSE,STK,2839,INE961Y01015,MAHICKRA,SM,,,,,MAHICKRA CHEMICAL LIMITED,250.0,287.0,250.0,273.85,255.0,248.8,,273.85,,,21000,5662350.0,26,F1,750,,,,,
2026-06-30,2026-06-30,CM,NSE,STK,2031,INE101A01026,M&M,EQ,,,,,MAHINDRA & MAHINDRA LTD,3105.0,3122.9,3061.8,3068.8,3076.2,3093.0,,3068.8,,,3882185,11982562688.5,156015,F1,1,,,,,
2026-06-30,2026-06-30,CM,NSE,STK,17603,INE215D01010,MAHEPC,EQ,,,,,MAHINDRA EPC IRRIG LTD,120.0,120.95,117.81,120.69,120.87,118.66,,120.7,,,30507,3652136.09,944,F1,1,,,,,
2026-06-30,2026-06-30,CM,NSE,STK,17333,INE998I01010,MHRIL,EQ,,,,,MAHINDRA HOLIDAYS LTD,240.59,242.0,236.42,238.06,239.0,240.8,,238.04,,,89707,21341296.45,1966,F1,1,,,,,
2026-06-30,2026-06-30,CM,NSE,STK,8050,INE813A01018,MAHLIFE,EQ,,,,,MAHINDRA LIFESPACE DEVLTD,369.85,372.15,365.3,366.45,368.0,367.05,,366.45,,,179066,65852110.1,17259,F1,1,,,,,
2026-06-30,2026-06-30,CM,NSE,STK,385,INE766P01016,MAHLOG,EQ,,,,,MAHINDRA LOGISTIC LIMITED,369.15,376.0,366.8,373.9,374.75,372.4,,373.9,,,112291,41823784.55,4955,F1,1,,,,,
2026-06-30,2026-06-30,CM,NSE,STK,24538,INE683C01011,MAITHANALL,EQ,,,,,MAITHAN ALLOYS LTD,1019.0,1037.0,1005.2,1032.5,1031.1,1003.5,,1032.1,,,38336,39214492.0,3626,F1,1,,,,,
2026-06-30,2026-06-30,CM,NSE,STK,19809,INE0PLQ01011,MAITREYA,SM,,,,,MAITREYA MEDICARE LIMITED,145.0,145.0,145.0,145.0,145.0,139.4,,145.0,,,400,58000.0,1,F1,400,,,,,
2026-06-30,2026-06-30,CM,NSE,STK,762777,INE201B01022,MAJESAUT,EQ,,,,,MAJESTIC AUTO LTD.,339.95,342.95,335.0,337.4,338.0,332.7,,337.4,,,593,200694.05,60,F1,1,,,,,
2026-06-30,2026-06-30,CM,NSE,STK,7965,INE389C01015,MALLCOM,EQ,,,,,MALLCOM (INDIA) LIMITED,1027.0,1049.0,1005.45,1034.2,1035.0,1011.7,,1034.2,,,2543,2622220.6,402,F1,1,,,,,
2026-06-30,2026-06-30,CM,NSE,STK,13352,INE383H01017,MALUPAPER,EQ,,,,,MALU PAPER MILLS LIMITED,31.0,32.0,30.82,31.41,31.69,30.95,,31.41,,,9084,288275.03,83,F1,1,,,,,
2026-06-30,2026-06-30,CM,NSE,STK,28687,INE0TO701015,MAMATA,EQ,,,,,MAMATA MACHINERY LIMITED,417.8,422.0,415.0,415.3,415.0,414.95,,415.3,,,33637,14022243.65,1194,F1,1,,,,,
2026-06-30,2026-06-30,CM,NSE,STK,7413,INE830Q01018,MANAKCOAT,EQ,,,,,MAN COAT METAL & IND LTD,108.72,114.25,106.59,112.93,114.25,108.72,,112.93,,,372433,41205690.49,3060,F1,1,,,,,
2026-06-30,2026-06-30,CM,NSE,STK,11884,INE993A01026,MANINDS,EQ,,,,,MAN INDUSTRIES (I) LTD.,580.6,587.7,575.75,581.65,582.0,574.4,,581.65,,,162683,94640879.45,5056,F1,1,,,,,
2026-06-30,2026-06-30,CM,NSE,STK,18226,INE949H01023,MANINFRA,EQ,,,,,MAN INFRA LTD,104.38,106.95,103.78,104.18,104.65,104.64,,104.19,,,1748340,184802669.05,6335,F1,1,,,,,
2026-06-30,2026-06-30,CM,NSE,STK,7420,INE859Q01017,MANAKALUCO,EQ,,,,,MANAK ALUMINIUM CO. LTD.,36.06,36.64,34.9,35.29,35.3,35.89,,35.29,,,85906,3069215.36,1182,F1,1,,,,,
2026-06-30,2026-06-30,CM,NSE,STK,15199,INE015D01022,MANAKSIA,EQ,,,,,MANAKSIA LTD.,59.48,59.48,57.85,58.08,57.9,59.48,,58.13,,,11276,659152.85,320,F1,1,,,,,
2026-06-30,2026-06-30,CM,NSE,STK,7482,INE824Q01011,MANAKSTEEL,BE,,,,,MANAKSIA STEELS LTD,72.78,76.22,70.0,73.82,73.0,72.76,,73.81,,,48650,3560456.55,332,F1,1,,,,,
2026-06-30,2026-06-30,CM,NSE,STK,13796,INE201A01024,MANALIPETC,EQ,,,,,MANALI PETROCHEMICALS LT,63.98,65.5,63.0,64.1,64.98,63.51,,64.1,,,199908,12840556.83,2171,F1,1,,,,,
2026-06-30,2026-06-30,CM,NSE,STK,19061,INE522D01027,MANAPPURAM,EQ,,,,,MANAPPURAM FINANCE LTD,315.0,327.2,313.0,324.2,323.35,315.45,,324.15,,,2694177,863791176.35,33347,F1,1,,,,,
2026-06-30,2026-06-30,CM,NSE,STK,759354,INE0U4H01011,MPEL,ST,,,,,MANAS POLYMER N ENERGIE L,43.1,43.1,42.85,42.85,42.85,45.1,,42.85,,,4800,206080.0,3,F1,1600,,,,,
2026-06-30,2026-06-30,CM,NSE,STK,21697,INE104Y01012,MANAV,SM,,,,,MANAV INFRA PROJECTS LTD,34.75,34.75,34.75,34.75,34.75,34.75,,34.75,,,4000,139000.0,1,F1,4000,,,,,
2026-06-30,2026-06-30,CM,NSE,STK,25597,INE939X01013,MANBA,EQ,,,,,MANBA FINANCE LIMITED,132.0,139.59,131.01,137.36,138.63,131.86,,137.39,,,147835,20060780.62,2717,F1,1,,,,,
2026-06-30,2026-06-30,CM,NSE,STK,24823,INE545L01039,MANCREDIT,EQ,,,,,MANGAL CREDIT N FINCORP L,242.54,246.0,241.9,242.73,242.38,240.14,,242.73,,,394542,96005105.76,1685,F1,1,,,,,
2026-06-30,2026-06-30,CM,NSE,STK,758750,INE0PKD01011,MEIL,BE,,,,,MANGAL ELECTRICAL IND L,300.0,303.8,296.35,300.75,301.8,299.9,,300.7,,,6508,1951632.4,207,F1,1,,,,,
2026-06-30,2026-06-30,CM,NSE,STK,19134,INE00C401011,MAL,SM,,,,,MANGALAM ALLOYS LIMITED,34.5,34.65,34.5,34.65,34.65,33.0,,34.65,,,35200,1218000.0,15,F1,1600,,,,,
2026-06-30,2026-06-30,CM,NSE,STK,2106,INE347A01017,MANGLMCEM,EQ,,,,,MANGALAM CEMENT LTD,903.15,923.2,900.0,913.25,909.95,912.2,,913.2,,,20074,18332897.95,1238,F1,1,,,,,
2026-06-30,2026-06-30,CM,NSE,STK,11817,INE584F01014,MANGALAM,EQ,,,,,MANGALAM DRUG & CHEM LTD,28.41,29.46,27.53,28.14,28.04,28.41,,28.15,,,30111,851847.52,225,F1,1,,,,,
2026-06-30,2026-06-30,CM,NSE,STK,1598,INE0APB01032,MGEL,BE,,,,,MANGALAM GLOBAL ENT LTD,15.7,16.07,15.7,15.91,15.95,16.0,,15.93,,,116839,1865736.6,228,F1,1,,,,,
2026-06-30,2026-06-30,CM,NSE,STK,6428,INE370D01013,MANORG,BE,,,,,MANGALAM ORGANICS LIMITED,545.0,555.0,518.3,553.75,555.0,545.45,,552.05,,,3636,1981533.4,87,F1,1,,,,,
2026-06-30,2026-06-30,CM,NSE,STK,759169,INE0JYY01011,MWL,EQ,,,,,MANGALAM WORLDWIDE LTD,369.0,378.6,369.0,375.75,375.5,368.95,,375.75,,,58174,21833265.55,1937,F1,1,,,,,
2026-06-30,2026-06-30,CM,NSE,STK,24629,INE0R3101011,MIEL,SM,,,,,MANGLAM INFRA & ENG LTD,13.4,13.4,12.95,13.0,12.95,13.4,,13.0,,,10000,130800.0,5,F1,2000,,,,,
2026-06-30,2026-06-30,CM,NSE,STK,760174,INE1ERK01013,MANILAM,SM,,,,,MANILAM INDUSTRIES IND L,54.0,54.0,54.0,54.0,54.0,55.4,,54.0,,,8000,432000.0,1,F1,2000,,,,,
2026-06-30,2026-06-30,CM,NSE,STK,15380,INE634S01028,MANKIND,EQ,,,,,MANKIND PHARMA LIMITED,2488.7,2555.5,2471.8,2545.6,2555.5,2486.0,,2545.7,,,754284,1912002285.1,72378,F1,1,,,,,
2026-06-30,2026-06-30,CM,NSE,STK,19015,INE0KNT01012,MVGJL,EQ,,,,,MANOJ VAIBHAV GEM N JEW L,142.0,146.99,142.0,145.56,145.05,141.77,,145.54,,,29293,4252208.09,1372,F1,1,,,,,
2026-06-30,2026-06-30,CM,NSE,STK,13753,INE784W01015,MANOMAY,EQ,,,,,MANOMAY TEX INDIA LTD,186.55,186.55,182.5,182.55,182.5,183.12,,182.55,,,1106,202446.46,55,F1,1,,,,,
2026-06-30,2026-06-30,CM,NSE,STK,10227,INE00VM01036,MANORAMA,EQ,,,,,MANORAMA INDUSTRIES LTD,1590.0,1672.0,1581.9,1655.3,1657.0,1587.1,,1655.3,,,476483,778876602.7,28288,F1,1,,,,,
2026-06-30,2026-06-30,CM,NSE,STK,13575,INE867A01022,MANUGRAPH,BE,,,,,MANUGRAPH INDIA LIMITED,15.82,15.82,15.16,15.68,15.7,15.82,,15.68,,,1292,19949.26,44,F1,1,,,,,
2026-06-30,2026-06-30,CM,NSE,STK,7040,INE882A01013,MARALOVER,BE,,,,,MARAL OVERSEAS LTD,56.1,56.1,53.45,55.39,55.55,54.0,,55.39,,,7166,393626.62,51,F1,1,,,,,
2026-06-30,2026-06-30,CM,NSE,STK,18659,INE182D01020,MARATHON,EQ,,,,,MARATHON NXTGEN REALT LTD,400.2,402.6,395.2,400.7,401.75,401.4,,400.7,,,65169,26090887.35,5181,F1,1,,,,,
2026-06-30,2026-06-30,CM,NSE,STK,760456,INE0TD401015,MARC,ST,,,,,MARC TECHNOCRATS LIMITED,95.1,95.1,87.1,87.35,87.1,91.65,,87.35,,,33600,2971020.0,14,F1,1200,,,,,
2026-06-30,2026-06-30,CM,NSE,STK,4067,INE196A01026,MARICO,EQ,,,,,MARICO LIMITED,840.0,841.7,828.8,836.25,837.95,839.95,,836.25,,,3911248,3269737185.0,76676,F1,1,,,,,
2026-06-30,2026-06-30,CM,NSE,STK,1328,INE01JE01028,MARINE,EQ,,,,,MARINE ELECTRICAL (I) LTD,277.0,285.45,274.05,283.55,283.9,273.0,,283.55,,,983073,276666293.0,15811,F1,1,,,,,
2026-06-30,2026-06-30,CM,NSE,STK,20410,INE0P1P01017,MARINETRAN,SM,,,,,MARINETRANS INDIA LIMITED,13.5,13.5,13.5,13.5,13.5,13.5,,13.5,,,12000,162000.0,3,F1,4000,,,,,
2026-06-30,2026-06-30,CM,NSE,STK,760204,INE0FW001016,MARKOLINES,EQ,,,,,MARKOLINES PAVEMENT TEC L,178.9,181.73,176.89,180.58,180.56,178.74,,180.58,,,449665,80709627.79,3725,F1,1,,,,,
2026-06-30,2026-06-30,CM,NSE,STK,10579,INE750C01026,MARKSANS,EQ,,,,,MARKSANS PHARMA LIMITED,264.7,277.0,264.0,272.81,276.0,263.4,,272.77,,,2578664,694471344.49,32115,F1,1,,,,,
2026-06-30,2026-06-30,CM,NSE,STK,761386,INE415B01044,MARSONS,EQ,,,,,MARSONS LIMITED,112.2,119.77,112.1,113.28,112.7,111.7,,113.28,,,1365516,158465665.1,10552,F1,1,,,,,
2026-06-30,2026-06-30,CM,NSE,STK,761042,INE0X7G01013,MARUSHIKA,SM,,,,,MARUSHIKA TECHNOLOGY LTD,100.0,101.0,100.0,101.0,101.0,98.2,,101.0,,,7200,724080.0,6,F1,1200,,,,,
2026-06-30,2026-06-30,CM,NSE,STK,10999,INE585B01010,MARUTI,EQ,,,,,MARUTI SUZUKI INDIA LTD.,13744.0,14201.0,13510.0,14115.0,14152.0,13412.0,,14115.0,,,1511415,21136105823.0,192999,F1,1,,,,,
2026-06-30,2026-06-30,CM,NSE,STK,2133,INE575Z01010,MDL,ST,,,,,MARVEL DECOR LIMITED,80.0,80.0,75.3,79.9,79.9,76.6,,79.9,,,5000,390400.0,4,F1,1000,,,,,
2026-06-30,2026-06-30,CM,NSE,STK,199,INE348L01012,MASFIN,EQ,,,,,MAS FINANCIAL SERV LTD,310.0,315.4,308.0,309.6,310.0,309.85,,309.6,,,90202,28090884.2,3336,F1,1,,,,,
2026-06-30,2026-06-30,CM,NSE,STK,18731,INE885F01015,MASKINVEST,BE,,,,,MASK INVESTMENTS LIMITED,153.87,153.87,148.0,149.35,153.87,146.55,,149.35,,,285,43733.09,12,F1,1,,,,,
2026-06-30,2026-06-30,CM,NSE,STK,24278,INE0SH001010,MASON,SM,,,,,MASON INFRATECH LIMITED,125.0,125.0,125.0,125.0,125.0,126.0,,125.0,,,4000,500000.0,2,F1,500,,,,,
2026-06-30,2026-06-30,CM,NSE,STK,2124,INE759A01021,MASTEK,EQ,,,,,MASTEK LTD,1563.0,1605.0,1542.0,1596.2,1586.9,1563.0,,1596.2,,,105674,165302548.5,4231,F1,1,,,,,
2026-06-30,2026-06-30,CM,NSE,STK,19011,INE0OJM01017,MASTER,SM,,,,,MASTER COMPONENTS LIMITED,347.0,363.0,347.0,363.0,363.0,346.05,,363.0,,,2000,717500.0,4,F1,500,,,,,
2026-06-30,2026-06-30,CM,NSE,STK,27047,INE677D01037,MASTERTR,EQ,,,,,MASTER TRUST LIMITED,75.55,75.88,74.81,75.29,75.21,75.52,,75.29,,,150409,11312115.24,1641,F1,1,,,,,
2026-06-30,2026-06-30,CM,NSE,STK,21726,INE866R01028,MATRIMONY,EQ,,,,,MATRIMONY.COM LIMITED,397.25,402.0,391.2,394.85,402.0,396.85,,394.9,,,8864,3512949.9,729,F1,1,,,,,
2026-06-30,2026-06-30,CM,NSE,STK,759945,INE132901013,MGSL,SM,,,,,MATRIX GEO SOLUTIONS LTD,67.0,67.05,61.2,62.8,61.55,65.3,,62.8,,,67200,4318320.0,31,F1,1200,,,,,
2026-06-30,2026-06-30,CM,NSE,STK,17026,INE636A01039,MAWANASUG,BE,,,,,MAWANA SUGARS LIMITED,101.95,101.95,97.2,99.26,99.6,101.29,,99.26,,,45600,4496406.69,392,F1,1,,,,,
2026-06-30,2026-06-30,CM,NSE,STK,19646,INE03EI01018,MAXESTATES,EQ,,,,,MAX ESTATES LIMITED,427.1,432.0,420.8,428.5,428.0,423.95,,428.5,,,23598,10051519.45,1670,F1,1,,,,,
2026-06-30,2026-06-30,CM,NSE,STK,2142,INE180A01020,MFSL,EQ,,,,,MAX FINANCIAL SERV LTD,1601.5,1604.3,1575.1,1584.0,1586.0,1601.5,,1584.0,,,626509,994485614.7,39092,F1,1,,,,,
2026-06-30,2026-06-30,CM,NSE,STK,22377,INE027H01010,MAXHEALTH,EQ,,,,,MAX HEALTHCARE INS LTD,1149.0,1153.65,1125.0,1129.25,1129.0,1149.9,,1129.25,,,2457312,2800623838.7,99137,F1,1,,,,,
2026-06-30,2026-06-30,CM,NSE,STK,22428,INE0CG601016,MAXIND,EQ,,,,,MAX INDIA LIMITED,161.74,162.97,157.61,158.39,158.72,162.4,,158.35,,,53164,8479022.01,1515,F1,1,,,,,
2026-06-30,2026-06-30,CM,NSE,STK,21691,INE0ECC01022,MAXPOSURE,SM,,,,,MAXPOSURE LIMITED,37.0,37.0,35.0,36.1,36.1,37.0,,36.1,,,4000,143100.0,4,F1,1000,,,,,
2026-06-30,2026-06-30,CM,NSE,STK,29657,INE10A501018,MAXVOLT,ST,,,,,MAXVOLT ENERGY INDUS L,378.95,393.25,378.95,393.25,393.25,374.55,,393.25,,,44000,17265300.0,95,F1,400,,,,,
2026-06-30,2026-06-30,CM,NSE,STK,757587,INE0ZTO01018,MAYASHEEL,SM,,,,,MAYASHEEL VENTURES LTD,38.0,39.5,38.0,39.5,39.5,38.95,,39.5,,,15000,586050.0,5,F1,3000,,,,,
2026-06-30,2026-06-30,CM,NSE,STK,28906,INE040D01038,MAYURUNIQ,EQ,,,,,MAYUR UNIQUOTERS LTD,835.0,876.0,835.0,860.8,864.8,816.1,,860.8,,,467762,401884615.4,24715,F1,1,,,,,
2026-06-30,2026-06-30,CM,NSE,STK,509,INE249Z01020,MAZDOCK,EQ,,,,,MAZAGON DOCK SHIPBUIL LTD,2459.0,2539.5,2452.0,2496.6,2488.0,2446.8,,2496.6,,,1520114,3803134295.6,55587,F1,1,,,,,
2026-06-30,2026-06-30,CM,NSE,STK,18866,INE885E01042,MAZDA,EQ,,,,,MAZDA LIMITED,230.6,237.77,228.45,233.48,231.3,230.81,,233.5,,,35939,8346611.05,1225,F1,1,,,,,
2026-06-30,2026-06-30,CM,NSE,STK,18033,INE912H01013,MBLINFRA,BE,,,,,MBL INFRASTRUCTURE LTD,26.0,26.4,25.06,25.85,26.27,26.0,,25.85,,,31865,823067.3,100,F1,1,,,,,
2026-06-30,2026-06-30,CM,NSE,STK,11944,INE942G01012,MCLEODRUSS,BE,,,,,MCLEOD RUSSEL INDIA LTD.,54.14,59.82,54.14,59.82,59.82,56.98,,59.93,,,589329,33836733.07,647,F1,1,,,,,
2026-06-30,2026-06-30,CM,NSE,STK,14574,INE0O4M01019,MCON,SM,,,,,MCON RASAYAN INDIA LTD,46.85,46.95,44.0,44.0,44.0,45.9,,44.0,,,21000,943600.0,14,F1,1000,,,,,
2026-06-30,2026-06-30,CM,NSE,STK,21705,INE456Z01021,MEDIASSIST,EQ,,,,,MEDI ASSIST HEALTH SER L,360.05,368.8,359.0,365.55,367.55,362.6,,365.55,,,56555,20578447.75,3685,F1,1,,,,,
2026-06-30,2026-06-30,CM,NSE,STK,762805,INE200D01020,MMWL,BE,,,,,MEDIA MATRIX WORLDWIDE L,13.28,13.79,13.18,13.58,13.7,13.28,,13.5,,,44147,591411.64,54,F1,1,,,,,
2026-06-30,2026-06-30,CM,NSE,STK,6278,INE646B01010,MEDICAMEQ,EQ,,,,,MEDICAMEN BIOTECH LIMITED,240.0,273.35,240.0,250.2,251.9,241.4,,250.2,,,184423,47516964.2,5577,F1,1,,,,,
2026-06-30,2026-06-30,CM,NSE,STK,9667,INE630Y01024,MEDICO,EQ,,,,,MEDICO REMEDIES LIMITED,40.67,40.69,36.55,38.61,38.79,40.27,,38.61,,,541527,21186976.24,1908,F1,1,,,,,
2026-06-30,2026-06-30,CM,NSE,STK,758423,INE0UOY01019,MEDISTEP,SM,,,,,MEDISTEP HEALTHCARE LTD,18.0,18.0,18.0,18.0,18.0,19.9,,18.0,,,3000,54000.0,1,F1,3000,,,,,
2026-06-30,2026-06-30,CM,NSE,STK,7254,INE804L01022,MEDPLUS,EQ,,,,,MEDPLUS HEALTH SERV LTD,805.8,837.8,798.15,810.75,808.65,801.55,,810.75,,,269804,220175387.65,24144,F1,1,,,,,
2026-06-30,2026-06-30,CM,NSE,STK,760229,INE0VDM01015,MEESHO,EQ,,,,,MEESHO LIMITED,192.11,195.48,188.6,192.4,192.21,194.21,,192.4,,,30894114,5943163128.03,122713,F1,1,,,,,
2026-06-30,2026-06-30,CM,NSE,STK,10971,INE0G1D01014,MEGAFLEX,SM,,,,,MEGA FLEX PLASTICS LTD,114.65,114.65,114.65,114.65,114.65,120.65,,114.65,,,1000,114650.0,1,F1,1000,,,,,
2026-06-30,2026-06-30,CM,NSE,STK,8153,INE00EM01016,MEGASTAR,EQ,,,,,MEGASTAR FOODS LIMITED,356.25,366.0,356.0,364.15,364.5,356.25,,364.15,,,71099,25815156.45,1784,F1,1,,,,,
2026-06-30,2026-06-30,CM,NSE,STK,22560,INE531R01010,MEGATHERM,SM,,,,,MEGATHERM INDUCTION LTD,204.3,211.9,204.3,210.7,210.7,206.75,,210.7,,,15200,3176960.0,35,F1,400,,,,,
2026-06-30,2026-06-30,CM,NSE,STK,5394,INE0CT101020,MOL,EQ,,,,,MEGHMANI ORGANICS LIMITED,48.3,49.9,48.3,48.7,48.85,48.26,,48.69,,,253586,12392179.4,2624,F1,1,,,,,
2026-06-30,2026-06-30,CM,NSE,STK,6971,INE071D01033,MENONBE,BE,,,,,MENON BEARINGS LIMITED,162.0,170.0,157.0,165.58,167.95,161.93,,165.54,,,114501,19063812.35,834,F1,1,,,,,
2026-06-30,2026-06-30,CM,NSE,STK,762787,INE650G01029,MENNPIS,EQ,,,,,MENON PISTONS LTD.,64.33,69.0,64.0,68.29,68.7,64.33,,68.3,,,66066,4418529.49,990,F1,1,,,,,
2026-06-30,2026-06-30,CM,NSE,STK,25882,INE776I01010,MEP,BZ,,,,,MEP INFRA. DEVELOPERS LTD,0.72,0.74,0.72,0.72,0.72,0.73,,0.72,,,72090,52068.48,70,F1,1,,,,,
2026-06-30,2026-06-30,CM,NSE,STK,762792,INE689O01013,MERCANTILE,EQ,,,,,MERCANTILE VENTURES LTD.,24.56,24.88,23.12,23.7,23.61,24.08,,23.77,,,870,20885.41,28,F1,1,,,,,
2026-06-30,2026-06-30,CM,NSE,STK,763665,INE763M01028,MERCURYEV,BE,,,,,MERCURY EV-TECH LIMITED,33.92,33.92,33.25,33.3,33.3,33.92,,33.25,,,42081,1408590.67,161,F1,1,,,,,
2026-06-30,2026-06-30,CM,NSE,STK,7242,INE317I01021,METROBRAND,EQ,,,,,METRO BRANDS LIMITED,1030.6,1039.9,1001.1,1004.8,1009.9,1025.8,,1004.8,,,178929,181512982.9,8175,F1,1,,,,,
2026-06-30,2026-06-30,CM,NSE,STK,762797,INE085D01033,METROGLOBL,EQ,,,,,METROGLOBAL LTD.,129.0,133.0,127.01,128.3,129.0,129.03,,128.3,,,817,105692.66,15,F1,1,,,,,
2026-06-30,2026-06-30,CM,NSE,STK,9581,INE112L01020,METROPOLIS,EQ,,,,,METROPOLIS HEALTHCARE LTD,523.45,548.65,523.45,540.15,540.0,523.8,,540.15,,,432142,234141747.55,31571,F1,1,,,,,
2026-06-30,2026-06-30,CM,NSE,STK,7169,INE287C01037,MICEL,EQ,,,,,MIC ELECTRONICS LTD,39.83,40.55,39.76,40.15,40.25,39.69,,40.15,,,443552,17835367.97,2517,F1,1,,,,,
2026-06-30,2026-06-30,CM,NSE,STK,759517,INE0XAD01024,MIDWESTLTD,EQ,,,,,MIDWEST LIMITED,1255.0,1285.0,1235.0,1251.4,1259.0,1245.3,,1251.3,,,16007,20104114.5,1510,F1,1,,,,,
2026-06-30,2026-06-30,CM,NSE,STK,159,INE376Y01016,MILTON,SM,,,,,MILTON INDUSTRIES LIMITED,39.9,39.9,39.9,39.9,39.9,38.0,,39.9,,,2200,87780.0,1,F1,2200,,,,,
2026-06-30,2026-06-30,CM,NSE,STK,25897,INE842C01021,MINDACORP,EQ,,,,,MINDA CORPORATION LTD,675.9,701.0,673.6,696.8,700.0,672.4,,696.85,,,912139,630617528.2,32214,F1,1,,,,,
2026-06-30,2026-06-30,CM,NSE,STK,22308,INE0CCU25019,MINDSPACE,RR,,,,,MINDSPACE BUSINESS P REIT,470.0,476.0,468.13,473.39,474.74,468.13,,473.4,,,287800,136385523.28,7373,F1,1,,,,,
2026-06-30,2026-06-30,CM,NSE,STK,18049,INE110B01017,MINDTECK,EQ,,,,,MINDTECK (INDIA) LIMITED,203.91,206.38,202.21,202.99,205.0,203.45,,203.02,,,34409,7023743.59,1065,F1,1,,,,,
2026-06-30,2026-06-30,CM,NSE,STK,19640,INF769K01KU7,ALPHAETF,EQ,,,,,MIRAEAMC - ALPHAETF,26.24,26.32,25.96,26.2,26.25,26.25,,26.2,,,171462,4485653.4,612,F1,1,,,,,
2026-06-30,2026-06-30,CM,NSE,STK,17419,INF769K01KR3,BANKETF,EQ,,,,,MIRAEAMC - BANKETF,589.78,589.78,585.55,586.87,588.14,588.53,,586.87,,,10609,6228683.26,173,F1,1,,,,,
2026-06-30,2026-06-30,CM,NSE,STK,25725,INF769K01LZ4,BANKPSU,EQ,,,,,MIRAEAMC - BANKPSU,86.3,86.65,85.6,85.67,85.98,86.53,,85.67,,,8147,701596.04,98,F1,1,,,,,
2026-06-30,2026-06-30,CM,NSE,STK,28969,INF769K01NS5,CONSUMER,EQ,,,,,MIRAEAMC - CONSUMER,11.32,11.48,11.27,11.41,11.41,11.32,,11.41,,,84084,957023.77,250,F1,1,,,,,
2026-06-30,2026-06-30,CM,NSE,STK,761046,INF769K01QC2,DEFENCE,EQ,,,,,MIRAEAMC - DEFENCE,79.79,79.79,77.07,79.11,79.26,77.84,,79.11,,,258877,20439155.52,690,F1,1,,,,,
2026-06-30,2026-06-30,CM,NSE,STK,760412,INF769K01PY8,DIVIDEND,EQ,,,,,MIRAEAMC - DIVIDEND,34.75,34.75,34.49,34.58,34.6,34.71,,34.59,,,6715,232028.42,92,F1,1,,,,,
2026-06-30,2026-06-30,CM,NSE,STK,759780,INF769K01PR2,ENERGY,EQ,,,,,MIRAEAMC - ENERGY,40.26,41.5,39.67,40.1,40.26,39.86,,40.08,,,296367,11839955.6,827,F1,1,,,,,
2026-06-30,2026-06-30,CM,NSE,STK,30121,INF769K01OA1,EQUAL200,EQ,,,,,MIRAEAMC - EQUAL200,13.49,13.59,13.49,13.51,13.55,13.5,,13.51,,,20054,271104.97,34,F1,1,,,,,
2026-06-30,2026-06-30,CM,NSE,STK,757142,INF769K01OO2,EQUAL50,EQ,,,,,MIRAEAMC - EQUAL50,327.86,327.86,325.91,326.41,326.41,327.86,,326.41,,,1547,504418.5,14,F1,1,,,,,
2026-06-30,2026-06-30,CM,NSE,STK,24461,INF769K01LQ3,EVINDIA,EQ,,,,,MIRAEAMC - EVINDIA,31.2,31.82,30.93,31.22,31.18,31.2,,31.22,,,237777,7422767.9,1254,F1,1,,,,,
2026-06-30,2026-06-30,CM,NSE,STK,760986,INF769K01QA6,HEALTHCARE,EQ,,,,,MIRAEAMC - HEALTHCARE,20.93,21.07,20.82,20.96,20.95,20.83,,20.95,,,99048,2076862.05,188,F1,1,,,,,
2026-06-30,2026-06-30,CM,NSE,STK,761030,INF769K01QB4,INFRA,EQ,,,,,MIRAEAMC - INFRA,12.55,12.55,12.27,12.31,12.35,12.25,,12.31,,,70492,868366.62,120,F1,1,,,,,
2026-06-30,2026-06-30,CM,NSE,STK,758595,INF769K01PB6,INTERNET,EQ,,,,,MIRAEAMC - INTERNET,12.55,12.64,12.45,12.57,12.62,12.49,,12.57,,,128349,1614209.17,161,F1,1,,,,,
2026-06-30,2026-06-30,CM,NSE,STK,19633,INF769K01KV5,ITETF,EQ,,,,,MIRAEAMC - ITETF,28.62,29.2,27.75,28.05,27.85,28.61,,28.04,,,1132784,31804671.52,3204,F1,1,,,,,
2026-06-30,2026-06-30,CM,NSE,STK,17572,INF769K01KS1,LIQUID,EQ,,,,,MIRAEAMC - LIQUID,999.99,1000.0,999.99,999.99,1000.0,999.99,,999.99,,,619215,619209327.74,233,F1,1,,,,,
2026-06-30,2026-06-30,CM,NSE,STK,27075,INF769K01MY5,LIQUIDPLUS,EQ,,,,,MIRAEAMC - LIQUIDPLUS,1092.15,1092.17,1092.15,1092.16,1092.17,1092.01,,1092.16,,,477085,521054827.89,270,F1,1,,,,,
2026-06-30,2026-06-30,CM,NSE,STK,1200,INF769K01GS9,ESG,EQ,,,,,MIRAEAMC - MAESGETF,40.97,41.11,40.78,40.79,41.03,40.97,,40.79,,,15291,624722.04,71,F1,1,,,,,
2026-06-30,2026-06-30,CM,NSE,STK,3507,INF769K01HF4,MAFANG,EQ,,,,,MIRAEAMC - MAFANG,183.1,183.1,183.1,183.1,183.1,185.08,,183.1,,,71171,13031410.1,436,F1,1,,,,,
2026-06-30,2026-06-30,CM,NSE,STK,5220,INF769K01HI8,BFSI,EQ,,,,,MIRAEAMC - MAFSETF,27.85,27.85,27.49,27.56,27.68,27.61,,27.56,,,582803,16089838.39,777,F1,1,,,,,
2026-06-30,2026-06-30,CM,NSE,STK,14286,INF769K01JP9,GOLDETF,EQ,,,,,MIRAEAMC - MAGOLDETF,136.3,136.86,134.65,136.34,136.02,136.44,,136.34,,,852833,116136727.64,6064,F1,1,,,,,
2026-06-30,2026-06-30,CM,NSE,STK,14938,INF769K01KF8,GSEC10YEAR,EQ,,,,,MIRAEAMC - MAGS813ETF,30.3,30.55,30.3,30.48,30.48,30.64,,30.43,,,2816,85374.08,18,F1,1,,,,,
2026-06-30,2026-06-30,CM,NSE,STK,7074,INF769K01HS7,MAHKTECH,EQ,,,,,MIRAEAMC - MAHKTECH,21.36,21.36,21.36,21.36,21.36,21.78,,21.36,,,170198,3635429.28,313,F1,1,,,,,
2026-06-30,2026-06-30,CM,NSE,STK,8413,INF769K01IC9,MIDCAPETF,EQ,,,,,MIRAEAMC - MAM150ETF,23.24,23.34,23.09,23.28,23.25,23.17,,23.28,,,1598385,37146838.01,7626,F1,1,,,,,
2026-06-30,2026-06-30,CM,NSE,STK,7979,INF769K01IB1,MAKEINDIA,EQ,,,,,MIRAEAMC - MAMFGETF,160.5,162.16,160.03,161.33,161.75,160.7,,161.33,,,15196,2448544.65,291,F1,1,,,,,
2026-06-30,2026-06-30,CM,NSE,STK,6353,INF769K01EG9,NIFTYETF,EQ,,,,,MIRAEAMC - MAN50ETF,260.3,260.99,259.0,259.4,259.59,260.3,,259.41,,,121819,31624609.81,5169,F1,1,,,,,
2026-06-30,2026-06-30,CM,NSE,STK,14786,INF769K01JU9,LOWVOL,EQ,,,,,MIRAEAMC - MANV30F,205.0,205.0,201.46,201.91,201.92,202.4,,201.91,,,3214,649355.59,17,F1,1,,,,,
2026-06-30,2026-06-30,CM,NSE,STK,17181,INF769K01FN2,NEXT50,EQ,,,,,MIRAEAMC - MANXT50,737.3,741.34,734.31,738.45,739.86,737.3,,738.46,,,34775,25647949.38,755,F1,1,,,,,
2026-06-30,2026-06-30,CM,NSE,STK,16777,INF769K01KG6,SILVERAG,EQ,,,,,MIRAEAMC - MASILVER,206.72,218.11,206.72,216.59,218.0,212.03,,216.58,,,310459,66985561.85,4762,F1,1,,,,,
2026-06-30,2026-06-30,CM,NSE,STK,5782,INF769K01HP3,MASPTOP50,EQ,,,,,MIRAEAMC - MASPTOP50,75.75,75.75,75.75,75.75,75.75,76.21,,75.75,,,45270,3429202.5,178,F1,1,,,,,
2026-06-30,2026-06-30,CM,NSE,STK,25744,INF769K01LY7,METAL,EQ,,,,,MIRAEAMC - METAL,12.69,12.69,12.55,12.63,12.65,12.65,,12.63,,,4775319,60306390.27,6851,F1,1,,,,,
2026-06-30,2026-06-30,CM,NSE,STK,23855,INF769K01LJ8,MIDSMALL,EQ,,,,,MIRAEAMC - MIDSMALL,50.69,51.0,50.42,50.78,51.0,50.68,,50.78,,,257152,13054069.39,662,F1,1,,,,,
2026-06-30,2026-06-30,CM,NSE,STK,25080,INF769K01LX9,MULTICAP,EQ,,,,,MIRAEAMC - MULTICAP,16.43,16.51,16.36,16.43,16.44,16.4,,16.43,,,113055,1858351.28,384,F1,1,,,,,
2026-06-30,2026-06-30,CM,NSE,STK,30109,INF769K01ON4,SELECTIPO,EQ,,,,,MIRAEAMC - SELECTIPO,44.87,45.26,44.69,45.2,45.24,44.79,,45.19,,,25057,1132521.13,79,F1,1,,,,,
2026-06-30,2026-06-30,CM,NSE,STK,19224,INF769K01KT9,SENSEXETF,EQ,,,,,MIRAEAMC - SENSEXETF,77.49,80.19,77.49,79.14,78.8,79.07,,79.14,,,26865,2123207.11,248,F1,1,,,,,
2026-06-30,2026-06-30,CM,NSE,STK,759814,INF769K01PQ4,SMALL250,EQ,,,,,MIRAEAMC - SMALL250,17.65,18.01,17.63,17.77,17.78,17.65,,17.77,,,221078,3924536.79,559,F1,1,,,,,
2026-06-30,2026-06-30,CM,NSE,STK,22832,INF769K01LC3,SMALLCAP,EQ,,,,,MIRAEAMC - SMALLCAP,46.22,46.59,46.02,46.37,46.37,46.21,,46.37,,,2269929,105148261.81,2775,F1,1,,,,,
2026-06-30,2026-06-30,CM,NSE,STK,760415,INF769K01PZ5,TOP20,EQ,,,,,MIRAEAMC - TOP20,8.65,8.7,8.59,8.62,8.7,8.63,,8.61,,,19055,164105.47,183,F1,1,,,,,
2026-06-30,2026-06-30,CM,NSE,STK,761511,INF769K01QV2,VALUE,EQ,,,,,MIRAEAMC - VALUE,16.25,16.25,16.14,16.19,16.22,16.19,,16.19,,,9908,160573.38,73,F1,1,,,,,
2026-06-30,2026-06-30,CM,NSE,STK,4394,INE771A01026,MIRZAINT,EQ,,,,,MIRZA INTERNATIONAL LIMIT,35.23,35.99,34.61,35.02,35.04,35.06,,35.02,,,178873,6267248.5,1236,F1,1,,,,,
2026-06-30,2026-06-30,CM,NSE,STK,2463,INE099Z01011,MIDHANI,EQ,,,,,MISHRA DHATU NIGAM LTD,417.7,424.95,415.7,418.45,419.8,414.6,,418.45,,,429485,180369128.05,10922,F1,1,,,,,
2026-06-30,2026-06-30,CM,NSE,STK,8475,INE828O01033,MITCON,BE,,,,,MITCON CON & ENG SER LTD,80.01,82.0,80.01,80.07,80.06,82.3,,80.07,,,470,37630.78,12,F1,1,,,,,
2026-06-30,2026-06-30,CM,NSE,STK,18562,INE997Y01027,MITTAL,EQ,,,,,MITTAL LIFE STYLE LIMITED,0.95,1.01,0.95,0.98,0.99,0.94,,0.98,,,679026,670065.9,304,F1,1,,,,,
2026-06-30,2026-06-30,CM,NSE,STK,13844,INE227C01017,MMFL,EQ,,,,,MM FORGINGS LTD,456.25,462.0,452.0,454.65,453.0,456.25,,454.65,,,25042,11453396.4,2011,F1,1,,,,,
2026-06-30,2026-06-30,CM,NSE,STK,16395,INE511Y01018,MMP,EQ,,,,,MMP INDUSTRIES LIMITED,279.0,282.0,272.55,280.0,279.75,273.3,,280.0,,,26928,7462102.75,1328,F1,1,,,,,
2026-06-30,2026-06-30,CM,NSE,STK,17957,INE123F01029,MMTC,EQ,,,,,MMTC LIMITED,67.0,69.18,66.53,68.05,68.11,66.75,,68.05,,,6672021,453045174.88,28263,F1,1,,,,,
2026-06-30,2026-06-30,CM,NSE,STK,760199,INE1YNB01019,MOBILISE,ST,,,,,MOBILISE APP LAB LIMITED,96.0,97.0,90.35,95.75,97.0,95.1,,95.75,,,27200,2584240.0,13,F1,1600,,,,,
2026-06-30,2026-06-30,CM,NSE,STK,2241,INE794W01014,MODTHREAD,EQ,,,,,MODERN THREADS INDIA LTD,48.61,50.99,46.26,49.77,47.83,46.61,,49.49,,,6091,304243.87,56,F1,1,,,,,
2026-06-30,2026-06-30,CM,NSE,STK,760280,INE537F01012,MODINATUR,BE,,,,,MODI NATURALS LIMITED,430.1,440.75,430.1,440.75,440.75,419.8,,440.7,,,4849,2128584.55,77,F1,1,,,,,
2026-06-30,2026-06-30,CM,NSE,STK,2229,INE832A01018,MODIRUBBER,EQ,,,,,MODI RUBBER LTD,130.0,131.0,127.2,129.6,129.6,129.08,,129.6,,,1436,185760.94,51,F1,1,,,,,
2026-06-30,2026-06-30,CM,NSE,STK,759752,INE0L0L01012,MODIS,EQ,,,,,MODIS NAVNIRMAN LTD,336.05,338.9,333.0,335.45,333.05,337.55,,335.45,,,41919,14141099.95,213,F1,1,,,,,
2026-06-30,2026-06-30,CM,NSE,STK,3325,INE737D01021,MODISONLTD,BE,,,,,MODISON LIMITED,308.15,319.8,292.75,297.65,299.0,308.15,,297.95,,,157845,46967324.75,1196,F1,1,,,,,
2026-06-30,2026-06-30,CM,NSE,STK,1426,INE450S01011,MHHL,SM,,,,,MOHINI HEALTH&HYGIENE LTD,35.95,36.5,35.95,36.5,36.5,35.35,,36.5,,,4500,163350.0,3,F1,1500,,,,,
2026-06-30,2026-06-30,CM,NSE,STK,29423,INE954E01012,MOHITIND,EQ,,,,,MOHIT INDUSTRIES LTD,24.1,25.0,22.25,23.39,23.3,24.47,,23.39,,,37080,871015.41,274,F1,1,,,,,
2026-06-30,2026-06-30,CM,NSE,STK,20830,INE490G01020,MOIL,EQ,,,,,MOIL LIMITED,281.05,281.1,277.8,278.1,278.75,280.05,,278.1,,,261302,72849955.95,6684,F1,1,,,,,
2026-06-30,2026-06-30,CM,NSE,STK,3586,INE514Y01020,MOKSH,EQ,,,,,MOKSH ORNAMENTS LIMITED,12.4,12.57,12.08,12.25,12.2,12.4,,12.25,,,31573,388389.48,103,F1,1,,,,,
2026-06-30,2026-06-30,CM,NSE,STK,6713,INE893J01029,MOLDTKPAC,EQ,,,,,MOLD-TEK PACKAGING LTD,717.75,742.0,709.9,719.35,720.0,707.75,,719.35,,,248854,181075111.15,16282,F1,1,,,,,
2026-06-30,2026-06-30,CM,NSE,STK,17625,INE835B01035,MOLDTECH,EQ,,,,,MOLD-TEK TECHNOLOGIES LTD,132.25,136.0,132.25,135.21,134.5,134.19,,135.21,,,49318,6630741.42,937,F1,1,,,,,
2026-06-30,2026-06-30,CM,NSE,STK,7679,INE903D01011,MONARCH,EQ,,,,,MONARCH NETWORTH CAP LTD,341.0,341.15,335.0,336.75,335.0,338.5,,336.7,,,22235,7498768.95,806,F1,1,,,,,
2026-06-30,2026-06-30,CM,NSE,STK,759381,INE296Q01012,MONEYBOXX,EQ,,,,,MONEYBOXX FINANCE LIMITED,65.67,71.8,52.05,66.86,69.88,64.71,,66.82,,,611587,35252049.61,5085,F1,1,,,,,
2026-06-30,2026-06-30,CM,NSE,STK,18392,INE0OIP01012,MONOPHARMA,SM,,,,,MONO PHARMACARE LIMITED,10.6,10.6,10.6,10.6,10.6,11.1,,10.6,,,2000,21200.0,1,F1,2000,,,,,
2026-06-30,2026-06-30,CM,NSE,STK,756958,INE1DV401010,MONOLITH,SM,,,,,MONOLITHISCH INDIA LTD,789.0,796.0,767.0,772.7,767.0,774.4,,772.7,,,41250,32432262.5,141,F1,250,,,,,
2026-06-30,2026-06-30,CM,NSE,STK,5938,INE950M01013,MONTECARLO,EQ,,,,,MONTE CARLO FASHIONS LTD.,549.5,559.0,547.55,552.65,552.5,551.35,,552.8,,,12579,6952967.85,1081,F1,1,,,,,
2026-06-30,2026-06-30,CM,NSE,STK,25876,INE161G01027,MORARJEE,BZ,,,,,MORARJEE TEXTILES LIMITED,8.42,8.42,8.42,8.42,8.42,8.83,,8.5,,,33,277.86,1,F1,1,,,,,
2026-06-30,2026-06-30,CM,NSE,STK,2259,INE083A01026,MOREPENLAB,EQ,,,,,MOREPEN LAB. LTD,55.45,60.5,55.05,59.12,59.65,54.66,,59.12,,,53543433,3152869507.87,125377,F1,1,,,,,
2026-06-30,2026-06-30,CM,NSE,STK,15057,INE0N7S01028,MOS,ST,,,,,MOS UTILITY LIMITED,13.0,13.0,13.0,13.0,13.0,12.4,,13.0,,,176000,2288000.0,29,F1,4000,,,,,
2026-06-30,2026-06-30,CM,NSE,STK,29459,INE935B01025,MOSCHIP,EQ,,,,,MOSCHIP TECHNOLOGIES LTD,203.0,208.2,202.31,206.49,206.95,201.78,,206.49,,,1440999,296522249.7,18225,F1,1,,,,,
2026-06-30,2026-06-30,CM,NSE,STK,8596,INE0FS801015,MSUMI,EQ,,,,,MOTHERSON SUMI WRNG IND L,40.05,40.48,39.47,40.12,40.1,39.86,,40.12,,,19299749,771586299.3,62255,F1,1,,,,,
2026-06-30,2026-06-30,CM,NSE,STK,21423,INF247L01023,MOM100,EQ,,,,,MOTILAL OS MIDCAP100 ETF,67.74,67.74,66.26,66.73,67.1,66.41,,66.73,,,265803,17723438.74,1897,F1,1,,,,,
2026-06-30,2026-06-30,CM,NSE,STK,22739,INF247L01AP3,MON100,EQ,,,,,MOTILAL OS NASDAQ100 ETF,325.72,325.72,325.72,325.72,325.72,324.22,,325.72,,,97609,31793203.48,1010,F1,1,,,,,
2026-06-30,2026-06-30,CM,NSE,STK,14947,INE338I01027,MOTILALOFS,EQ,,,,,MOTILAL OSWAL FIN LTD,950.05,959.3,948.0,951.3,952.05,947.65,,951.25,,,407951,388706142.7,17034,F1,1,,,,,
2026-06-30,2026-06-30,CM,NSE,STK,19289,INF247L01536,MOM50,EQ,,,,,MOTILAL OSWAL M50 ETF,248.56,251.45,248.56,249.51,251.45,249.9,,249.51,,,2140,534286.27,123,F1,1,,,,,
2026-06-30,2026-06-30,CM,NSE,STK,1507,INF247L01AK4,MOGSEC,EQ,,,,,MOTILALAMC - G5,64.81,64.89,64.69,64.88,64.88,64.81,,64.86,,,1576,102191.53,26,F1,1,,,,,
2026-06-30,2026-06-30,CM,NSE,STK,757669,INF247L01FR8,MOALPHA50,EQ,,,,,MOTILALAMC - MOALPHA50,53.12,53.65,53.07,53.56,53.62,53.43,,53.56,,,3309,176931.11,42,F1,1,,,,,
2026-06-30,2026-06-30,CM,NSE,STK,761693,INF247L01GV8,MOBANK10,EQ,,,,,MOTILALAMC - MOBANK10,17.69,17.69,17.01,17.1,17.28,17.13,,17.1,,,26997,463940.23,141,F1,1,,,,,
2026-06-30,2026-06-30,CM,NSE,STK,30065,INF247L01EV3,MOCAPITAL,EQ,,,,,MOTILALAMC - MOCAPITAL,55.34,55.34,54.25,54.63,54.75,54.8,,54.63,,,475995,26086742.79,2164,F1,1,,,,,
2026-06-30,2026-06-30,CM,NSE,STK,24944,INF247L01DJ0,MODEFENCE,EQ,,,,,MOTILALAMC - MODEFENCE,104.34,105.05,102.1,104.67,104.82,103.09,,104.67,,,1435901,149552462.34,8918,F1,1,,,,,
2026-06-30,2026-06-30,CM,NSE,STK,759374,INF247L01GH7,MOENERGY,EQ,,,,,MOTILALAMC - MOENERGY,40.86,40.87,39.69,39.88,39.99,40.08,,39.88,,,167938,6689254.12,823,F1,1,,,,,
2026-06-30,2026-06-30,CM,NSE,STK,757791,INF247L01FY4,MOGOLD,EQ,,,,,MOTILALAMC - MOGOLD,138.85,139.5,137.1,138.95,139.05,139.45,,139.0,,,23025,3181853.4,740,F1,1,,,,,
2026-06-30,2026-06-30,CM,NSE,STK,10508,INF247L01BB1,MOHEALTH,EQ,,,,,MOTILALAMC - MOHEALTH,50.62,50.62,49.16,50.03,50.1,49.63,,50.03,,,48412,2413881.92,556,F1,1,,,,,
2026-06-30,2026-06-30,CM,NSE,STK,757031,INF247L01FL1,MOINFRA,EQ,,,,,MOTILALAMC - MOINFRA,62.88,62.89,62.47,62.65,62.47,62.58,,62.65,,,1111,69595.74,35,F1,1,,,,,
2026-06-30,2026-06-30,CM,NSE,STK,759891,INF247L01GI5,MOIPO,EQ,,,,,MOTILALAMC - MOIPO,45.16,46.06,44.33,45.09,45.07,45.16,,45.09,,,2388,107763.53,85,F1,1,,,,,
2026-06-30,2026-06-30,CM,NSE,STK,8654,INF247L01BL0,MOLOWVOL,EQ,,,,,MOTILALAMC - MOLOWVOL,36.55,37.47,36.3,36.64,36.41,36.87,,36.64,,,2031,74418.09,60,F1,1,,,,,
2026-06-30,2026-06-30,CM,NSE,STK,25606,INF247L01DK8,MOMENTUM50,EQ,,,,,MOTILALAMC - MOMENTUM50,54.88,54.88,53.0,53.34,53.45,54.33,,53.34,,,1506341,80196954.81,3427,F1,1,,,,,
2026-06-30,2026-06-30,CM,NSE,STK,757099,INF247L01FK3,MOMGF,EQ,,,,,MOTILALAMC - MOMGF,157.65,159.36,156.83,157.59,157.59,158.82,,157.59,,,819,129843.74,14,F1,1,,,,,
2026-06-30,2026-06-30,CM,NSE,STK,757817,INF247L01FQ0,MOMIDMTM,EQ,,,,,MOTILALAMC - MOMIDMTM,65.97,65.97,63.26,64.07,64.19,64.98,,64.07,,,155344,9919321.79,512,F1,1,,,,,
2026-06-30,2026-06-30,CM,NSE,STK,760054,INF247L01GK1,MOMNC,EQ,,,,,MOTILALAMC - MOMNC,32.27,32.5,32.17,32.48,32.48,32.11,,32.48,,,664,21505.93,14,F1,1,,,,,
2026-06-30,2026-06-30,CM,NSE,STK,8182,INF247L01BK2,MOMOMENTUM,EQ,,,,,MOTILALAMC - MOMOMENTUM,63.35,63.35,62.17,62.52,62.6,63.76,,62.52,,,82679,5160178.5,691,F1,1,,,,,
2026-06-30,2026-06-30,CM,NSE,STK,756900,INF247L01FC0,MON50EQUAL,EQ,,,,,MOTILALAMC - MON50EQUAL,32.51,32.93,32.51,32.87,32.87,32.53,,32.87,,,1780,58333.36,27,F1,1,,,,,
2026-06-30,2026-06-30,CM,NSE,STK,757167,INF247L01FD8,MONEXT50,EQ,,,,,MOTILALAMC - MONEXT50,71.42,71.8,71.1,71.46,71.55,71.42,,71.46,,,3551,253415.59,54,F1,1,,,,,
2026-06-30,2026-06-30,CM,NSE,STK,759371,INF247L01GG9,MONIFTY100,EQ,,,,,MOTILALAMC - MONIFTY100,25.1,25.2,24.98,24.98,24.98,25.07,,24.98,,,16716,419869.84,59,F1,1,,,,,
2026-06-30,2026-06-30,CM,NSE,STK,19237,INF247L01BU1,MONIFTY500,EQ,,,,,MOTILALAMC - MONIFTY500,23.52,23.73,23.47,23.57,23.6,23.6,,23.57,,,189963,4478617.82,1089,F1,1,,,,,
2026-06-30,2026-06-30,CM,NSE,STK,7422,INF247L01AU3,MONQ50,EQ,,,,,MOTILALAMC - MONQ50,144.38,144.38,144.38,144.38,144.38,144.36,,144.38,,,16439,2373462.82,153,F1,1,,,,,
2026-06-30,2026-06-30,CM,NSE,STK,757431,INF247L01FO5,MOPSE,EQ,,,,,MOTILALAMC - MOPSE,101.1,101.63,101.0,101.53,101.47,101.02,,101.53,,,865,87778.88,23,F1,1,,,,,
2026-06-30,2026-06-30,CM,NSE,STK,10822,INF247L01BH8,MOQUALITY,EQ,,,,,MOTILALAMC - MOQUALITY,198.53,199.5,198.0,199.09,199.42,198.14,,199.09,,,368,73251.87,24,F1,1,,,,,
2026-06-30,2026-06-30,CM,NSE,STK,23184,INF247L01CI4,MOREALTY,EQ,,,,,MOTILALAMC - MOREALTY,81.86,83.21,81.61,82.75,82.85,81.66,,82.75,,,495624,40964987.57,2057,F1,1,,,,,
2026-06-30,2026-06-30,CM,NSE,STK,760001,INF247L01GJ3,MOSERVICE,EQ,,,,,MOTILALAMC - MOSERVICE,30.79,31.2,30.6,30.84,31.2,30.82,,30.84,,,2215,67990.71,23,F1,1,,,,,
2026-06-30,2026-06-30,CM,NSE,STK,758457,INF247L01FZ1,MOSILVER,EQ,,,,,MOTILALAMC - MOSILVER,214.99,221.37,214.18,220.08,220.01,214.99,,220.11,,,79254,17361682.86,4237,F1,1,,,,,
2026-06-30,2026-06-30,CM,NSE,STK,23181,INF247L01CH6,MOSMALL250,EQ,,,,,MOTILALAMC - MOSMALL250,17.79,17.89,17.65,17.82,17.79,17.62,,17.83,,,1482591,26318325.63,1964,F1,1,,,,,
2026-06-30,2026-06-30,CM,NSE,STK,757443,INF247L01FP2,MOTOUR,EQ,,,,,MOTILALAMC - MOTOUR,79.95,80.19,78.9,79.81,80.19,78.84,,79.81,,,43048,3429293.04,214,F1,1,,,,,
2026-06-30,2026-06-30,CM,NSE,STK,10825,INF247L01BE5,MOVALUE,EQ,,,,,MOTILALAMC - MOVALUE,115.39,115.39,113.83,114.58,114.79,114.46,,114.58,,,70165,8026346.73,866,F1,1,,,,,
2026-06-30,2026-06-30,CM,NSE,STK,20788,INE0FRK01020,MOTISONS,EQ,,,,,MOTISONS JEWELLERS LTD,14.08,14.22,13.74,14.05,14.06,13.98,,14.05,,,27704265,388992536.42,14475,F1,1,,,,,
2026-06-30,2026-06-30,CM,NSE,STK,8793,INE861B01023,MOTOGENFIN,BE,,,,,MOTOR & GENERAL FINANCE L,28.75,29.39,28.2,28.35,28.35,29.05,,28.45,,,13963,399930.75,54,F1,1,,,,,
2026-06-30,2026-06-30,CM,NSE,STK,757813,INE0XM301010,MMEL,ST,,,,,MOVING MEDIA ENTER LTD,33.0,33.5,33.0,33.5,33.3,34.2,,33.5,,,42000,1405600.0,3,F1,2000,,,,,
2026-06-30,2026-06-30,CM,NSE,STK,4503,INE356A01018,MPHASIS,EQ,,,,,MPHASIS LIMITED,2208.9,2219.3,2151.0,2161.6,2169.3,2207.8,,2161.6,,,416895,904485318.6,30869,F1,1,,,,,
2026-06-30,2026-06-30,CM,NSE,STK,10578,INE943D01017,MPSLTD,EQ,,,,,MPS LIMITED,1881.0,1899.9,1862.1,1888.5,1887.0,1883.8,,1888.6,,,8481,15969677.3,1329,F1,1,,,,,
2026-06-30,2026-06-30,CM,NSE,STK,2277,INE883A01011,MRF,EQ,,,,,MRF LTD,125065.0,128100.0,124455.0,127820.0,127150.0,124050.0,,127825.0,,,12076,1530180640.0,7125,F1,1,,,,,
2026-06-30,2026-06-30,CM,NSE,STK,2283,INE103A01014,MRPL,EQ,,,,,MRPL,149.98,151.49,148.01,149.05,149.14,149.19,,149.05,,,2651769,396117815.73,24361,F1,1,,,,,
2026-06-30,2026-06-30,CM,NSE,STK,1628,INE495P01020,BECTORFOOD,EQ,,,,,MRS BECTORS FOOD SPE LTD,181.51,182.06,177.95,179.37,179.0,179.93,,179.39,,,544390,98145308.07,19014,F1,1,,,,,
2026-06-30,2026-06-30,CM,NSE,STK,11919,INE752G01015,MSPL,EQ,,,,,MSP STEEL & POWER LTD.,41.2,41.56,40.21,40.66,40.4,41.25,,40.66,,,962450,39357966.29,2486,F1,1,,,,,
2026-06-30,2026-06-30,CM,NSE,STK,9356,INE255X01014,MSTCLTD,EQ,,,,,MSTC LIMITED,698.0,726.7,697.75,709.4,707.9,690.85,,709.4,,,1950531,1390423952.8,41577,F1,1,,,,,
2026-06-30,2026-06-30,CM,NSE,STK,31413,INE472M01018,MTEDUCARE,BE,,,,,MT EDUCARE LTD,2.49,2.53,2.29,2.42,2.5,2.41,,2.42,,,273107,642668.67,142,F1,1,,,,,
2026-06-30,2026-06-30,CM,NSE,STK,2715,INE864I01014,MTARTECH,BE,,,,,MTAR TECHNOLOGIES LIMITED,7199.5,7840.0,7199.5,7620.5,7635.0,7578.0,,7620.5,,,341231,2543856091.5,29813,F1,1,,,,,
2026-06-30,2026-06-30,CM,NSE,STK,19783,INE08KJ01020,MUFIN,EQ,,,,,MUFIN GREEN FINANCE LTD,128.0,135.0,126.32,133.86,134.0,127.37,,133.86,,,3905995,518834117.95,16681,F1,1,,,,,
2026-06-30,2026-06-30,CM,NSE,STK,11325,INE304A01026,MUKANDLTD,EQ,,,,,MUKAND LTD.,131.4,133.2,131.3,132.16,132.2,131.11,,132.16,,,38536,5093805.38,647,F1,1,,,,,
2026-06-30,2026-06-30,CM,NSE,STK,22980,INE0CG401037,MUKKA,EQ,,,,,MUKKA PROTEINS LIMITED,23.6,24.23,23.45,23.82,23.73,23.55,,23.82,,,141765,3364918.37,1218,F1,1,,,,,
2026-06-30,2026-06-30,CM,NSE,STK,8691,INE374B01019,MUKTAARTS,BE,,,,,MUKTA ARTS LIMITED,59.98,59.98,56.43,58.69,58.69,59.4,,58.05,,,14520,829488.17,109,F1,1,,,,,
2026-06-30,2026-06-30,CM,NSE,STK,31181,INE745G01043,MCX,EQ,,,,,MULTI COMMODITY EXCHANGE,2914.0,2934.5,2828.4,2837.2,2841.0,2914.5,,2837.2,,,3486024,9975898688.9,207136,F1,1,,,,,
2026-06-30,2026-06-30,CM,NSE,STK,759419,INE1K8Y01018,MUNISH,ST,,,,,MUNISH FORGE LIMITED,71.0,71.1,69.05,70.0,70.0,71.0,,70.0,,,90000,6304620.0,9,F1,1200,,,,,
2026-06-30,2026-06-30,CM,NSE,STK,13511,INE672B01032,MUNJALAU,EQ,,,,,MUNJAL AUTO IND. LTD.,92.99,94.18,92.24,92.74,92.68,92.62,,92.74,,,86422,8049334.84,1400,F1,1,,,,,
2026-06-30,2026-06-30,CM,NSE,STK,2307,INE577A01027,MUNJALSHOW,EQ,,,,,MUNJAL SHOWA LTD,126.88,128.5,126.88,128.06,127.5,126.88,,128.06,,,7192,918206.47,218,F1,1,,,,,
2026-06-30,2026-06-30,CM,NSE,STK,2313,INE692B01014,MURUDCERA,EQ,,,,,MURUDESHWAR CERAMICS LTD,32.0,32.69,31.71,32.1,32.0,32.16,,32.1,,,4842,155369.69,113,F1,1,,,,,
2026-06-30,2026-06-30,CM,NSE,STK,19877,INE919I01024,RADIOCITY,EQ,,,,,MUSIC BROADCAST LIMITED,6.11,6.33,6.06,6.11,6.11,6.11,,6.11,,,21583,131656.28,73,F1,1,,,,,
2026-06-30,2026-06-30,CM,NSE,STK,10415,INE296G01013,MUTHOOTCAP,EQ,,,,,MUTHOOT CAP SERV LTD,199.13,204.0,197.02,203.08,204.0,199.13,,203.08,,,12934,2603055.01,504,F1,1,,,,,
2026-06-30,2026-06-30,CM,NSE,STK,23650,INE414G01012,MUTHOOTFIN,EQ,,,,,MUTHOOT FINANCE LIMITED,3015.2,3028.6,2977.6,2997.3,2998.9,3021.2,,2997.3,,,674294,2023235463.6,41178,F1,1,,,,,
2026-06-30,2026-06-30,CM,NSE,STK,20831,INE046W01019,MUTHOOTMF,EQ,,,,,MUTHOOT MICROFIN LIMITED,208.0,216.0,208.0,214.37,214.1,207.67,,214.35,,,436936,93473752.83,6406,F1,1,,,,,
2026-06-30,2026-06-30,CM,NSE,STK,25208,INE0RVQ01016,MYMUDRA,SM,,,,,MY MUDRA FINCORP LIMITED,75.0,75.0,70.05,71.3,71.15,76.0,,71.3,,,50400,3679920.0,37,F1,1200,,,,,
2026-06-30,2026-06-30,CM,NSE,STK,20314,INE740D01017,NRAIL,EQ,,,,,N R AGARWAL INDS LTD,444.8,444.8,425.0,441.75,432.3,433.25,,441.75,,,4478,1953507.6,218,F1,1,,,,,
2026-06-30,2026-06-30,CM,NSE,STK,757492,INE104101014,NRVANDANA,ST,,,,,N R VANDANA TEX IND LTD,71.5,71.5,70.5,70.5,70.5,70.0,,70.5,,,12000,855000.0,3,F1,3000,,,,,
2026-06-30,2026-06-30,CM,NSE,STK,19111,INE365I01020,NBIFIN,EQ,,,,,N.B.I. IND. FIN. CO. LTD,1932.2,1939.0,1882.1,1889.7,1888.0,1922.5,,1889.7,,,216,412011.7,45,F1,1,,,,,
2026-06-30,2026-06-30,CM,NSE,STK,20425,INE295D01020,NACLIND,EQ,,,,,NACL INDUSTRIES LIMITED,205.0,238.7,201.04,220.76,221.19,202.13,,220.76,,,16908689,3817473590.39,145219,F1,1,,,,,
2026-06-30,2026-06-30,CM,NSE,STK,18371,INE756C01015,NDGL,EQ,,,,,NAGA DHUNSERI GROUP LTD,2566.1,2677.0,2500.0,2634.8,2631.0,2521.4,,2634.8,,,135,352843.3,45,F1,1,,,,,
2026-06-30,2026-06-30,CM,NSE,STK,14943,INE245I01016,NAGREEKCAP,BE,,,,,NAGREEKA CAP & INFR.LTD,24.25,24.91,24.15,24.4,24.4,24.86,,24.4,,,7567,185264.19,39,F1,1,,,,,
2026-06-30,2026-06-30,CM,NSE,STK,14702,INE123B01028,NAGREEKEXP,EQ,,,,,NAGREEKA EXPORTS LTD.,26.14,26.79,25.75,25.87,25.8,26.14,,26.0,,,3961,103143.68,79,F1,1,,,,,
2026-06-30,2026-06-30,CM,NSE,STK,15360,INE049I01012,NAHARCAP,EQ,,,,,NAHAR CAP & FIN.,248.0,254.0,248.0,249.7,249.5,248.0,,249.55,,,1827,456980.2,37,F1,1,,,,,
2026-06-30,2026-06-30,CM,NSE,STK,13106,INE289A01011,NAHARINDUS,EQ,,,,,NAHAR INDS ENT LTD,118.97,118.97,116.51,116.85,116.7,116.62,,116.88,,,3948,462446.46,176,F1,1,,,,,
2026-06-30,2026-06-30,CM,NSE,STK,14445,INE308A01027,NAHARPOLY,EQ,,,,,NAHAR POLY FILMS LIMITED,247.1,254.65,247.0,252.1,252.0,250.05,,252.1,,,2368,595697.85,122,F1,1,,,,,
2026-06-30,2026-06-30,CM,NSE,STK,14443,INE290A01027,NAHARSPING,BE,,,,,NAHAR SPINNING MILLS LTD.,257.0,262.65,255.0,258.35,258.15,256.0,,258.35,,,4529,1167018.05,75,F1,1,,,,,
2026-06-30,2026-06-30,CM,NSE,STK,5404,INE236Y01012,NGIL,BE,,,,,NAKODA GROUP OF IND. LTD,37.0,39.84,37.0,39.59,39.84,37.95,,39.59,,,43480,1675998.7,91,F1,1,,,,,
2026-06-30,2026-06-30,CM,NSE,STK,11239,INE023A01030,NSIL,EQ,,,,,NALWA SONS INVESTMENT LTD,5450.0,5559.0,5450.0,5496.5,5544.0,5457.5,,5492.5,,,871,4780950.0,251,F1,1,,,,,
2026-06-30,2026-06-30,CM,NSE,STK,23379,INE0RJM01010,NAMAN,SM,,,,,NAMAN INDUSTRE PRXIMA LTD,48.35,48.35,48.35,48.35,48.35,47.0,,48.35,,,800,38680.0,1,F1,800,,,,,
2026-06-30,2026-06-30,CM,NSE,STK,25170,INE08NZ01012,NAMOEWASTE,ST,,,,,NAMO EWASTE MANAGEMENT L,310.95,316.45,309.95,315.65,312.15,301.4,,315.65,,,162400,51256320.0,170,F1,800,,,,,
2026-06-30,2026-06-30,CM,NSE,STK,31258,INE875G01048,NDL,EQ,,,,,NANDAN DENIM LIMITED,2.39,2.44,2.37,2.41,2.44,2.35,,2.41,,,1214892,2913069.41,991,F1,1,,,,,
2026-06-30,2026-06-30,CM,NSE,STK,5516,INE696V01013,JAIPURKURT,EQ,,,,,NANDANI CREATION LIMITED,28.35,28.97,27.0,27.34,27.3,28.19,,27.34,,,5803,161171.61,117,F1,1,,,,,
2026-06-30,2026-06-30,CM,NSE,STK,11840,INE410P01011,NH,EQ,,,,,NARAYANA HRUDAYALAYA LTD.,1909.9,1979.6,1909.9,1971.7,1978.9,1902.9,,1971.7,,,310036,607762401.4,25738,F1,1,,,,,
2026-06-30,2026-06-30,CM,NSE,STK,11627,INE117Z01011,NARMADA,EQ,,,,,NARMADA AGROBASE LIMITED,40.0,42.0,38.19,40.09,40.0,39.96,,40.09,,,3777668,151672664.15,9530,F1,1,,,,,
2026-06-30,2026-06-30,CM,NSE,STK,3918,INE987B01026,NATCOPHARM,EQ,,,,,NATCO PHARMA LTD.,919.5,935.0,915.5,931.3,930.7,919.5,,931.3,,,633809,588475822.6,28972,F1,1,,,,,
2026-06-30,2026-06-30,CM,NSE,STK,11065,INE448G01010,NATHBIOGEN,EQ,,,,,NATH BIO-GENES (I) LTD,165.74,167.95,163.02,164.77,166.5,165.17,,164.66,,,8591,1424460.52,366,F1,1,,,,,
2026-06-30,2026-06-30,CM,NSE,STK,6364,INE139A01034,NATIONALUM,EQ,,,,,NATIONAL ALUMINIUM CO LTD,342.0,342.55,333.55,339.6,340.15,347.4,,339.6,,,12185447,4117322465.8,103256,F1,1,,,,,
2026-06-30,2026-06-30,CM,NSE,STK,13925,INE870D01012,NFL,EQ,,,,,NATIONAL FERT. LTD,74.7,75.18,74.35,74.63,74.8,74.44,,74.63,,,493017,36823947.25,3067,F1,1,,,,,
2026-06-30,2026-06-30,CM,NSE,STK,6531,INE0H7R23014,NHIT,IV,,,,,NATIONAL HIGHW INFRA TRUS,167.95,167.95,166.0,167.95,167.95,167.9,,167.95,,,1500000,249280000.0,9,F1,25000,,,,,
2026-06-30,2026-06-30,CM,NSE,STK,762807,INE166R01015,NATIONSTD,EQ,,,,,NATIONAL STAND (INDIA) L,1268.6,1300.0,1260.0,1272.3,1275.0,1287.9,,1272.3,,,53,67541.6,15,F1,1,,,,,
2026-06-30,2026-06-30,CM,NSE,STK,29583,INE936B01015,NATCAPSUQ,EQ,,,,,NATURAL CAPSULES LIMITED,155.0,156.0,146.2,148.86,148.05,151.56,,148.86,,,5982,892689.92,191,F1,1,,,,,
2026-06-30,2026-06-30,CM,NSE,STK,4014,INE725A01030,NAVA,EQ,,,,,NAVA LIMITED,600.2,619.0,600.2,606.45,608.8,599.15,,606.45,,,194474,118022805.75,9012,F1,1,,,,,
2026-06-30,2026-06-30,CM,NSE,STK,14672,INE048G01026,NAVINFLUOR,EQ,,,,,NAVIN FLUORINE INT. LTD,7509.5,7748.0,7509.5,7687.0,7710.0,7486.5,,7687.0,,,111882,857668719.5,18233,F1,1,,,,,
2026-06-30,2026-06-30,CM,NSE,STK,10557,INE278M01019,NAVKARCORP,EQ,,,,,NAVKAR CORPORATION LTD.,107.49,108.6,106.81,107.42,108.0,106.81,,107.41,,,207377,22326618.08,1662,F1,1,,,,,
2026-06-30,2026-06-30,CM,NSE,STK,29149,INE268H01044,NAVKARURB,BE,,,,,NAVKAR URBANSTRUCTURE LTD,1.05,1.05,1.0,1.0,1.0,1.05,,1.0,,,547804,551783.07,286,F1,1,,,,,
2026-06-30,2026-06-30,CM,NSE,STK,2385,INE060A01024,NAVNETEDUL,EQ,,,,,NAVNEET EDUCATION LTD,141.25,142.5,140.9,141.62,141.9,141.13,,141.62,,,110570,15628408.89,1110,F1,1,,,,,
2026-06-30,2026-06-30,CM,NSE,STK,2987,INE418L01047,NAZARA,EQ,,,,,NAZARA TECHNOLOGIES LTD,304.45,310.45,301.05,303.1,302.75,303.75,,303.1,,,3953683,1202701576.85,18548,F1,1,,,,,
2026-06-30,2026-06-30,CM,NSE,STK,31415,INE095N01031,NBCC,EQ,,,,,NBCC (INDIA) LIMITED,104.9,106.35,104.33,104.93,104.98,104.35,,104.93,,,18641839,1960459549.93,46219,F1,1,,,,,
2026-06-30,2026-06-30,CM,NSE,STK,2319,INE868B01028,NCC,EQ,,,,,NCC LIMITED,151.0,151.48,147.66,148.21,149.0,149.94,,148.13,,,1540445,229949494.79,19415,F1,1,,,,,
2026-06-30,2026-06-30,CM,NSE,STK,14490,INE732C01016,NCLIND,EQ,,,,,NCL INDUSTRIES LIMITED,193.23,194.5,192.33,192.53,192.5,194.2,,192.53,,,25554,4935698.58,1147,F1,1,,,,,
2026-06-30,2026-06-30,CM,NSE,STK,14547,INE353A01023,NDLVENTURE,EQ,,,,,NDL VENTURES LIMITED,129.08,134.79,129.08,131.59,131.5,130.15,,131.59,,,14344,1894273.87,225,F1,1,,,,,
2026-06-30,2026-06-30,CM,NSE,STK,22255,INE07OG01012,NDRAUTO,EQ,,,,,NDR AUTO COMPONENTS LTD,814.2,833.95,810.4,821.1,815.5,814.2,,821.05,,,16219,13342776.3,1373,F1,1,,,,,
2026-06-30,2026-06-30,CM,NSE,STK,22680,INE0Q7Q23015,NDRINVIT,IV,,,,,NDR INVIT TRUST,138.0,138.0,138.0,138.0,138.0,140.0,,138.0,,,1450000,200100000.0,4,F1,25000,,,,,
2026-06-30,2026-06-30,CM,NSE,STK,11427,INE155G01029,NDTV,EQ,,,,,NDTV LTD,80.55,80.87,79.87,80.39,80.7,80.37,,80.39,,,112620,9054955.28,1023,F1,1,,,,,
2026-06-30,2026-06-30,CM,NSE,STK,11930,INE023H01027,NECLIFE,BE,,,,,NECTAR LIFESCIENCES LTD.,11.85,11.85,11.33,11.57,11.68,11.67,,11.63,,,44232,515145.16,220,F1,1,,,,,
2026-06-30,2026-06-30,CM,NSE,STK,762812,INE605D01012,NEAGI,EQ,,,,,NEELAMALAI AGRO INDS. L,3100.5,3100.5,3100.0,3100.0,3100.0,3100.0,,3100.0,,,11,34102.5,2,F1,1,,,,,
2026-06-30,2026-06-30,CM,NSE,STK,14761,INE189I01024,NELCAST,EQ,,,,,NELCAST LIMITED,137.15,139.55,134.55,135.84,135.0,136.16,,135.84,,,121350,16664811.66,2380,F1,1,,,,,
2026-06-30,2026-06-30,CM,NSE,STK,2388,INE045B01015,NELCO,EQ,,,,,NELCO LTD,892.0,948.0,892.0,929.8,930.0,889.25,,929.75,,,502624,464163287.2,18912,F1,1,,,,,
2026-06-30,2026-06-30,CM,NSE,STK,760931,INE21UM01018,NEOCHEM,ST,,,,,NEOCHEM BIO SOLUTIONS LTD,94.3,97.95,93.9,97.95,97.95,98.8,,97.95,,,30000,2846460.0,24,F1,1200,,,,,
2026-06-30,2026-06-30,CM,NSE,STK,9917,INE136S01016,NEOGEN,EQ,,,,,NEOGEN CHEMICALS LIMITED,1929.7,2047.8,1926.2,2024.9,2030.0,1882.3,,2024.9,,,863175,1727201002.1,79207,F1,1,,,,,
2026-06-30,2026-06-30,CM,NSE,STK,24353,INE0SUN01013,NEPHROCARE,ST,,,,,NEPHRO CARE INDIA LIMITED,64.0,67.25,62.15,65.65,65.65,64.35,,65.65,,,14400,943200.0,25,F1,400,,,,,
2026-06-30,2026-06-30,CM,NSE,STK,760346,INE428V01029,NEPHROPLUS,EQ,,,,,NEPHROCARE HEALTH SERV L,656.0,690.2,648.1,677.35,677.35,658.2,,677.35,,,227604,152566097.8,16291,F1,1,,,,,
2026-06-30,2026-06-30,CM,NSE,STK,757493,INE156901014,NEPTUNE,SM,,,,,NEPTUNE PETROCHEMICALS L,187.0,187.0,187.0,187.0,187.0,186.0,,187.0,,,500,93500.0,1,F1,500,,,,,
2026-06-30,2026-06-30,CM,NSE,STK,15409,INE317F01035,NESCO,EQ,,,,,NESCO LTD.,1093.7,1098.4,1075.1,1078.4,1091.0,1093.7,,1078.4,,,43289,46800480.5,4925,F1,1,,,,,
2026-06-30,2026-06-30,CM,NSE,STK,17963,INE239A01024,NESTLEIND,EQ,,,,,NESTLE INDIA LIMITED,1387.3,1421.7,1387.3,1405.2,1413.8,1387.3,,1405.3,,,3178483,4468542379.2,100814,F1,1,,,,,
2026-06-30,2026-06-30,CM,NSE,STK,20406,INE518X01015,CBAZAAR,SM,,,,,NET AVENUE TECHNOLOGIES L,5.1,5.1,5.1,5.1,5.1,4.9,,5.1,,,56000,285600.0,6,F1,8000,,,,,
2026-06-30,2026-06-30,CM,NSE,STK,17433,INE0NT901020,NETWEB,EQ,,,,,NETWEB TECH INDIA LTD,4500.0,4588.0,4455.0,4538.2,4536.0,4454.8,,4538.3,,,1918815,8678002609.7,165388,F1,1,,,,,
2026-06-30,2026-06-30,CM,NSE,STK,756324,INE0FFK01017,NPST,EQ,,,,,NETWORK PEOPLE SRV TECH L,1585.0,1639.0,1543.1,1618.6,1611.1,1583.4,,1617.6,,,22404,35884907.0,2733,F1,1,,,,,
2026-06-30,2026-06-30,CM,NSE,STK,14111,INE870H01013,NETWORK18,EQ,,,,,NETWORK18 MEDIA & INV LTD,31.48,31.79,31.25,31.59,31.65,31.4,,31.59,,,2256830,71228024.95,5674,F1,1,,,,,
2026-06-30,2026-06-30,CM,NSE,STK,2406,INE794A01010,NEULANDLAB,EQ,,,,,NEULAND LAB LTD.,18120.0,18775.0,18027.0,18579.0,18724.0,18088.0,,18580.0,,,69045,1274736129.0,27583,F1,1,,,,,
2026-06-30,2026-06-30,CM,NSE,STK,1164,INE619B01017,NEWGEN,EQ,,,,,NEWGEN SOFTWARE TECH LTD,470.0,474.8,465.9,471.55,471.75,468.25,,471.55,,,392189,184541702.7,13532,F1,1,,,,,
2026-06-30,2026-06-30,CM,NSE,STK,19161,INE0PW501021,NEWJAISA,ST,,,,,NEWJAISA TECHNOLOGIES LTD,18.0,18.0,18.0,18.0,18.0,17.65,,18.0,,,54000,972000.0,9,F1,1500,,,,,
2026-06-30,2026-06-30,CM,NSE,STK,28801,INE0TP801012,NMSTEEL,SM,,,,,NEWMALAYALAM STEEL LTD,23.3,23.3,23.3,23.3,23.3,23.3,,23.3,,,1600,37280.0,1,F1,1600,,,,,
2026-06-30,2026-06-30,CM,NSE,STK,9867,INE747B01016,NEXTMEDIA,EQ,,,,,NEXT MEDIAWORKS LIMITED,3.81,4.02,3.81,3.97,4.0,3.98,,3.97,,,9046,35712.4,38,F1,1,,,,,
2026-06-30,2026-06-30,CM,NSE,STK,15815,INE0NDH25011,NXST,RR,,,,,NEXUS SELECT TRUST,164.4,164.4,163.05,163.24,163.45,163.11,,163.24,,,296032,48388787.99,4028,F1,1,,,,,
2026-06-30,2026-06-30,CM,NSE,STK,763536,INE0T1501010,NFPSAMPOOR,SM,,,,,NFP SAMPOORNA FOODS LTD,23.25,23.25,22.4,22.85,22.85,22.85,,22.85,,,56000,1277100.0,21,F1,2000,,,,,
2026-06-30,2026-06-30,CM,NSE,STK,10277,INE887E01022,NGLFINE,EQ,,,,,NGL FINE CHEM LIMITED,3104.7,3111.0,3018.2,3107.5,3110.0,3083.4,,3106.5,,,5847,17957264.9,1169,F1,1,,,,,
2026-06-30,2026-06-30,CM,NSE,STK,17400,INE848E01016,NHPC,EQ,,,,,NHPC LTD,81.0,81.58,80.21,81.33,81.4,81.57,,81.33,,,20939633,1698110005.07,91584,F1,1,,,,,
2026-06-30,2026-06-30,CM,NSE,STK,29487,INE149O01018,NIBE,EQ,,,,,NIBE LIMITED,1660.0,1674.9,1622.9,1663.9,1666.2,1642.1,,1663.7,,,87464,144383162.0,6694,F1,1,,,,,
2026-06-30,2026-06-30,CM,NSE,STK,6592,INE0J6L01013,NIDAN,SM,,,,,NIDAN LABS AND HEALTH LTD,13.4,13.5,13.1,13.1,13.1,13.25,,13.1,,,6000,79850.0,6,F1,1000,,,,,
2026-06-30,2026-06-30,CM,NSE,STK,17747,INE342G01023,NIITMTS,EQ,,,,,NIIT LEARNING SYSTEMS LTD,225.03,237.8,225.03,236.04,235.6,227.47,,236.04,,,188269,44033307.63,4172,F1,1,,,,,
2026-06-30,2026-06-30,CM,NSE,STK,11522,INE161A01038,NIITLTD,EQ,,,,,NIIT LIMITED,96.9,103.72,96.76,100.62,100.35,96.21,,100.62,,,2756754,279515105.27,21919,F1,1,,,,,
2026-06-30,2026-06-30,CM,NSE,STK,758178,INE0FLF01015,NIKITA,SM,,,,,NIKITA GRENTEC RECYCL LTD,88.0,93.55,88.0,93.55,93.55,91.6,,93.55,,,13200,1186800.0,11,F1,1200,,,,,
2026-06-30,2026-06-30,CM,NSE,STK,9253,INE937C01029,NILAINFRA,EQ,,,,,NILA INFRASTRUCTURES LTD,7.65,7.67,7.3,7.36,7.4,7.53,,7.36,,,265780,1980060.39,643,F1,1,,,,,
2026-06-30,2026-06-30,CM,NSE,STK,7411,INE00S901012,NILASPACES,EQ,,,,,NILA SPACES LIMITED,12.73,13.3,12.56,12.96,13.08,12.66,,12.94,,,509316,6618614.41,896,F1,1,,,,,
2026-06-30,2026-06-30,CM,NSE,STK,762817,INE445D01013,NILE,EQ,,,,,NILE LTD.,1774.8,1774.8,1714.9,1721.9,1715.0,1714.8,,1721.7,,,1786,3091293.8,285,F1,1,,,,,
2026-06-30,2026-06-30,CM,NSE,STK,2421,INE310A01015,NILKAMAL,EQ,,,,,NILKAMAL LIMITED,1271.4,1285.0,1258.1,1259.2,1258.7,1264.7,,1259.2,,,13401,17037754.8,558,F1,1,,,,,
2026-06-30,2026-06-30,CM,NSE,STK,761723,INE875B01015,NIMBSPROJ,BE,,,,,NIMBUS PROJECTS LIMITED,204.0,212.0,194.74,204.07,205.0,204.98,,204.07,,,4518,919944.53,40,F1,1,,,,,
2026-06-30,2026-06-30,CM,NSE,STK,14197,INE395U01014,NINSYS,BE,,,,,NINTEC SYSTEMS LIMITED,811.0,840.3,805.0,824.85,825.0,808.05,,824.65,,,7681,6316283.05,238,F1,1,,,,,
2026-06-30,2026-06-30,CM,NSE,STK,11439,INF204KB15I9,BANKBEES,EQ,,,,,NIP IND ETF BANK BEES,627.9,627.9,595.1,596.37,598.02,598.0,,596.44,,,579530,346222742.98,6512,F1,1,,,,,
2026-06-30,2026-06-30,CM,NSE,STK,2435,INF204KA1LD7,CONSUMBEES,EQ,,,,,NIP IND ETF CONSUMPTION,127.65,128.63,127.1,127.84,127.88,127.64,,127.84,,,54085,6917218.31,683,F1,1,,,,,
2026-06-30,2026-06-30,CM,NSE,STK,2636,INF204KA1MS3,DIVOPPBEES,EQ,,,,,NIP IND ETF DIV OPP,77.22,77.22,75.2,75.35,75.55,76.08,,75.35,,,51978,3923564.04,1054,F1,1,,,,,
2026-06-30,2026-06-30,CM,NSE,STK,9847,INF204KB18I3,NV20BEES,EQ,,,,,NIP IND ETF ETF NV20,140.98,140.98,139.2,139.44,139.79,140.95,,139.44,,,40463,5642298.14,320,F1,1,,,,,
2026-06-30,2026-06-30,CM,NSE,STK,14428,INF204KB17I5,GOLDBEES,EQ,,,,,NIP IND ETF GOLD BEES,116.9,116.9,114.25,115.97,116.01,116.43,,115.97,,,31398275,3627229532.55,110001,F1,1,,,,,
2026-06-30,2026-06-30,CM,NSE,STK,18284,INF204KB19I1,HNGSNGBEES,EQ,,,,,NIP IND ETF HANGSENG BEES,488.9,488.9,466.8,468.5,469.0,477.44,,468.51,,,158453,74554204.42,7276,F1,1,,,,,
2026-06-30,2026-06-30,CM,NSE,STK,20072,INF732E01268,INFRABEES,EQ,,,,,NIP IND ETF INFRA BEES,984.39,984.39,967.31,969.18,970.95,971.11,,969.2,,,3960,3845990.27,563,F1,1,,,,,
2026-06-30,2026-06-30,CM,NSE,STK,19084,INF204KB15V2,ITBEES,EQ,,,,,NIP IND ETF IT,30.6,30.6,29.12,29.2,29.3,30.02,,29.2,,,37932839,1116169796.48,60381,F1,1,,,,,
2026-06-30,2026-06-30,CM,NSE,STK,10939,INF732E01045,JUNIORBEES,EQ,,,,,NIP IND ETF JUNIOR BEES,778.5,778.5,770.85,773.98,774.7,772.96,,773.98,,,276959,214280524.7,7067,F1,1,,,,,
2026-06-30,2026-06-30,CM,NSE,STK,11006,INF732E01037,LIQUIDBEES,EQ,,,,,NIP IND ETF LIQUID BEES,1000.0,1000.01,999.99,1000.0,1000.01,1000.0,,1000.0,,,6804281,6804312650.92,7585,F1,1,,,,,
2026-06-30,2026-06-30,CM,NSE,STK,17700,INF204KB1882,LTGILTBEES,EQ,,,,,NIP IND ETF LONGTERM GILT,29.81,29.98,29.8,29.94,29.95,29.81,,29.94,,,943624,28217384.45,682,F1,1,,,,,
2026-06-30,2026-06-30,CM,NSE,STK,8506,INF204KB1V68,MID150BEES,EQ,,,,,NIP IND ETF MIDCAP 150,233.92,237.99,233.69,235.19,235.95,234.25,,235.19,,,556027,130699692.5,6937,F1,1,,,,,
2026-06-30,2026-06-30,CM,NSE,STK,29577,INF204K014N5,NIF100BEES,EQ,,,,,NIP IND ETF NIFTY 100,264.44,266.33,263.41,263.66,263.7,264.44,,263.66,,,26413,6975842.27,607,F1,1,,,,,
2026-06-30,2026-06-30,CM,NSE,STK,10576,INF204KB14I2,NIFTYBEES,EQ,,,,,NIP IND ETF NIFTY BEES,272.32,273.38,271.21,271.82,272.43,272.16,,271.82,,,5957726,1620075560.86,35934,F1,1,,,,,
2026-06-30,2026-06-30,CM,NSE,STK,15032,INF204KB16I7,PSUBNKBEES,EQ,,,,,NIP IND ETF PSU BANK BEES,95.02,96.46,95.0,95.09,95.35,95.52,,95.09,,,2329912,222204348.59,4871,F1,1,,,,,
2026-06-30,2026-06-30,CM,NSE,STK,17044,INF732E01128,SHARIABEES,EQ,,,,,NIP IND ETF SHARIAH BEES,449.16,450.05,440.11,443.07,441.12,449.16,,443.15,,,8578,3809516.56,667,F1,1,,,,,
2026-06-30,2026-06-30,CM,NSE,STK,357,INE298J01013,NAM-INDIA,EQ,,,,,NIPPON L I A M LTD,1167.0,1171.4,1155.4,1162.0,1158.8,1167.3,,1162.0,,,854959,994215936.8,35006,F1,1,,,,,
2026-06-30,2026-06-30,CM,NSE,STK,757725,INF204KC1FU1,LIQGRWBEES,EQ,,,,,NIPPONAMC - LIQGRWBEES,1045.56,1045.58,1045.56,1045.57,1045.58,1045.43,,1045.57,,,38500,40254298.37,159,F1,1,,,,,
2026-06-30,2026-06-30,CM,NSE,STK,758667,INF204KC1GH6,MANUFGBEES,EQ,,,,,NIPPONAMC - MANUFGBEES,157.58,161.58,157.58,159.16,159.01,158.73,,159.16,,,3309,526006.6,92,F1,1,,,,,
2026-06-30,2026-06-30,CM,NSE,STK,7880,INF204KC1337,AUTOBEES,EQ,,,,,NIPPONAMC - NETFAUTO,272.69,275.99,268.76,273.05,273.69,272.69,,273.05,,,245093,66749123.35,2642,F1,1,,,,,
2026-06-30,2026-06-30,CM,NSE,STK,4973,INF204KC1089,PHARMABEES,EQ,,,,,NIPPONAMC - NETFPHARMA,26.42,26.42,25.85,26.04,26.06,25.9,,26.04,,,7065077,183873531.31,10237,F1,1,,,,,
2026-06-30,2026-06-30,CM,NSE,STK,8080,INF204KC1402,SILVERBEES,EQ,,,,,NIPPONAMC - NETFSILVER,208.02,214.33,205.72,212.82,213.1,208.02,,212.82,,,33377698,7047571608.44,101335,F1,1,,,,,
2026-06-30,2026-06-30,CM,NSE,STK,757455,INF204KC1EZ3,SNXT30BEES,EQ,,,,,NIPPONAMC - SNXT30BEES,41.75,41.87,41.4,41.66,41.71,41.64,,41.66,,,2601,108227.76,60,F1,1,,,,,
2026-06-30,2026-06-30,CM,NSE,STK,261,INE368I01016,NIRAJ,BE,,,,,NIRAJ CEMENT STRUC LTD,30.09,30.55,29.66,29.69,29.66,30.14,,29.69,,,21424,638977.72,83,F1,1,,,,,
2026-06-30,2026-06-30,CM,NSE,STK,2433,INE910A01012,NIRLON,EQ,,,,,NIRLON LTD,620.15,623.95,618.05,620.25,620.0,619.7,,619.7,,,4514,2798925.7,171,F1,1,,,,,
2026-06-30,2026-06-30,CM,NSE,STK,14722,INE0OK701014,NIRMAN,SM,,,,,NIRMAN AGRI GENTICS LTD,43.3,44.35,43.0,43.2,43.1,43.25,,43.2,,,5700,246495.0,15,F1,300,,,,,
2026-06-30,2026-06-30,CM,NSE,STK,13300,INE858F01012,NITCO,EQ,,,,,NITCO LIMITED,107.4,108.68,105.52,107.89,107.5,107.03,,107.89,,,515400,55214564.13,6217,F1,1,,,,,
2026-06-30,2026-06-30,CM,NSE,STK,13175,INE229H01012,NITINSPIN,EQ,,,,,NITIN SPINNERS LIMITED,563.0,575.0,556.1,572.0,571.6,559.95,,572.0,,,114630,65014708.15,4495,F1,1,,,,,
2026-06-30,2026-06-30,CM,NSE,STK,3247,INE439T01012,NITIRAJ,EQ,,,,,NITIRAJ ENGINEERS LTD,182.7,191.5,182.7,186.49,184.0,185.03,,186.49,,,1000,186776.83,53,F1,1,,,,,
2026-06-30,2026-06-30,CM,NSE,STK,762824,INE265B01019,NITTAGELA,EQ,,,,,NITTA GELATIN INDIA LTD.,1655.2,1732.0,1640.0,1702.4,1677.0,1652.8,,1703.5,,,12235,20476121.1,1390,F1,1,,,,,
2026-06-30,2026-06-30,CM,NSE,STK,27097,INE995S01015,NIVABUPA,EQ,,,,,NIVA BUPA HEALTH INS CO L,84.75,85.29,84.13,84.57,84.87,84.62,,84.56,,,590108,49991513.07,7747,F1,1,,,,,
2026-06-30,2026-06-30,CM,NSE,STK,2439,INE542C01019,NKIND,EQ,,,,,NK INDUSTRIES LTD,61.0,61.32,61.0,61.05,61.05,62.0,,61.05,,,41,2504.69,8,F1,1,,,,,
2026-06-30,2026-06-30,CM,NSE,STK,8585,INE589A01014,NLCINDIA,EQ,,,,,NLC INDIA LIMITED,327.7,327.7,319.2,322.0,321.3,327.75,,322.0,,,2563969,826349191.15,41288,F1,1,,,,,
2026-06-30,2026-06-30,CM,NSE,STK,15332,INE584A01023,NMDC,EQ,,,,,NMDC LTD.,85.45,86.09,83.92,85.16,85.2,85.45,,85.16,,,41478341,3519018173.8,89338,F1,1,,,,,
2026-06-30,2026-06-30,CM,NSE,STK,14180,INE0NNS01018,NSLNISP,EQ,,,,,NMDC STEEL LIMITED,43.2,43.5,42.5,42.85,42.76,43.12,,42.85,,,3733032,160400943.86,17368,F1,1,,,,,
2026-06-30,2026-06-30,CM,NSE,STK,2442,INE163A01018,NOCIL,EQ,,,,,NOCIL LIMITED,184.0,184.99,179.46,179.81,180.3,182.56,,179.82,,,548860,99588595.17,7125,F1,1,,,,,
2026-06-30,2026-06-30,CM,NSE,STK,11214,INE781B01015,NOIDATOLL,BE,,,,,NOIDA TOLL BRIDGE CO LTD,4.73,4.85,4.66,4.74,4.73,4.73,,4.73,,,57559,272833.95,166,F1,1,,,,,
2026-06-30,2026-06-30,CM,NSE,STK,4160,INE369C01017,NORBTEAEXP,EQ,,,,,NORBEN TEA & EXPORTS LTD,71.91,74.0,67.25,68.88,68.9,70.5,,68.89,,,6444,447311.77,105,F1,1,,,,,
2026-06-30,2026-06-30,CM,NSE,STK,13522,INE553C01016,NECCLTD,EQ,,,,,NORTH EAST CARRY CORP LTD,15.9,17.75,15.9,17.18,17.32,15.86,,17.19,,,189642,3267110.6,1421,F1,1,,,,,
2026-06-30,2026-06-30,CM,NSE,STK,25426,INE850M01015,NORTHARC,EQ,,,,,NORTHERN ARC CAPITAL LTD,294.95,303.9,292.5,298.1,299.0,292.6,,298.1,,,535961,160117539.95,10675,F1,1,,,,,
2026-06-30,2026-06-30,CM,NSE,STK,22478,INE02H701025,NOVAAGRI,BE,,,,,NOVA AGRITECH LIMITED,24.32,24.99,24.1,24.35,24.5,24.47,,24.35,,,19348,474450.41,193,F1,1,,,,,
2026-06-30,2026-06-30,CM,NSE,STK,9007,INE234A01025,NOVARTIND,EQ,,,,,NOVARTIS INDIA LIMITED,1448.0,1467.9,1421.1,1434.4,1439.2,1440.0,,1434.5,,,4650,6735808.9,1018,F1,1,,,,,
2026-06-30,2026-06-30,CM,NSE,STK,7553,INE349A01021,NRBBEARING,EQ,,,,,NRB BEARING LIMITED,440.0,467.6,425.65,444.0,444.0,429.8,,444.05,,,3608310,1624428610.5,74660,F1,1,,,,,
2026-06-30,2026-06-30,CM,NSE,STK,29733,INE047O01014,NIBL,EQ,,,,,NRB INDUS. BEARINGS LTD.,30.39,30.43,29.8,29.89,29.99,30.2,,29.89,,,10334,310558.28,283,F1,1,,,,,
2026-06-30,2026-06-30,CM,NSE,STK,27176,INE0ONG01011,NTPCGREEN,EQ,,,,,NTPC GREEN ENERGY LIMITED,94.82,96.35,94.82,95.5,95.43,94.47,,95.5,,,1884189,180343337.7,22983,F1,1,,,,,
2026-06-30,2026-06-30,CM,NSE,STK,11630,INE733E01010,NTPC,EQ,,,,,NTPC LTD,354.75,358.35,352.9,356.65,357.75,356.1,,356.65,,,10291360,3659975989.05,110719,F1,1,,,,,
2026-06-30,2026-06-30,CM,NSE,STK,10791,INE096B01018,NUCLEUS,EQ,,,,,NUCLEUS SOFTWARE EXPORTS,764.25,764.25,752.0,755.7,755.0,758.0,,755.75,,,15228,11522208.7,861,F1,1,,,,,
2026-06-30,2026-06-30,CM,NSE,STK,13680,INE0JM501013,NRL,BE,,,,,NUPUR RECYCLERS LIMITED,84.74,84.95,81.55,83.7,83.99,83.91,,83.7,,,63557,5315267.04,222,F1,1,,,,,
2026-06-30,2026-06-30,CM,NSE,STK,2350,INE0DSF01015,NURECA,EQ,,,,,NURECA LIMITED,236.05,239.9,234.3,237.4,236.4,234.8,,237.4,,,5867,1386309.25,229,F1,1,,,,,
2026-06-30,2026-06-30,CM,NSE,STK,18721,INE531F01023,NUVAMA,EQ,,,,,NUVAMA WEALTH MANAGE LTD,1780.0,1825.0,1779.8,1806.4,1811.0,1771.2,,1806.4,,,966967,1746195866.9,47417,F1,1,,,,,
2026-06-30,2026-06-30,CM,NSE,STK,5426,INE118D01016,NUVOCO,EQ,,,,,NUVOCO VISTAS CORP LTD,303.2,305.25,301.35,303.05,303.5,304.15,,303.05,,,175824,53275954.25,15506,F1,1,,,,,
2026-06-30,2026-06-30,CM,NSE,STK,24298,INE0SF023016,NXT-INFRA,IV,,,,,NXT-INFRA TRUST,95.61,95.61,95.61,95.61,95.61,97.98,,95.61,,,500000,47805000.0,2,F1,25000,,,,,
2026-06-30,2026-06-30,CM,NSE,STK,20242,INE093I01010,OBEROIRLTY,EQ,,,,,OBEROI REALTY LIMITED,1771.8,1784.9,1746.1,1769.2,1767.0,1754.1,,1769.2,,,964898,1707026042.5,41273,F1,1,,,,,
2026-06-30,2026-06-30,CM,NSE,STK,25923,INE0YHV01011,OBSCP,SM,,,,,OBSC PERFECTION LIMITED,550.05,580.0,550.05,558.5,556.0,550.5,,558.5,,,75200,42450180.0,171,F1,400,,,,,
2026-06-30,2026-06-30,CM,NSE,STK,25920,INE0PK601023,OCCLLTD,BE,,,,,OCCL LIMITED,123.7,127.3,123.05,126.98,127.0,124.32,,126.96,,,17539,2182780.89,99,F1,1,,,,,
2026-06-30,2026-06-30,CM,NSE,STK,27575,INE054301028,ODIGMA,BE,,,,,ODIGMA CONSULTANCY SOL L,24.4,24.84,24.06,24.22,24.06,24.44,,24.22,,,8472,205486.22,223,F1,1,,,,,
2026-06-30,2026-06-30,CM,NSE,STK,2475,INE213A01029,ONGC,EQ,,,,,OIL AND NATURAL GAS CORP.,233.95,236.0,227.65,234.9,235.25,234.05,,234.9,,,24134402,5631166423.15,137986,F1,1,,,,,
2026-06-30,2026-06-30,CM,NSE,STK,8109,INE591A01010,OILCOUNTUB,BE,,,,,OIL COUNTRY TUBULAR LTD.,57.53,61.0,57.53,59.85,59.85,59.99,,59.59,,,9647,576071.84,98,F1,1,,,,,
2026-06-30,2026-06-30,CM,NSE,STK,17438,INE274J01014,OIL,EQ,,,,,OIL INDIA LTD,412.75,418.3,410.9,416.95,418.0,412.75,,416.95,,,4098623,1705235663.35,40765,F1,1,,,,,
2026-06-30,2026-06-30,CM,NSE,STK,24777,INE0LXG01040,OLAELEC,EQ,,,,,OLA ELECTRIC MOBILITY LTD,40.58,44.95,40.45,43.76,43.75,40.38,,43.76,,,453847143,19811293241.91,495978,F1,1,,,,,
2026-06-30,2026-06-30,CM,NSE,STK,10637,INE260D01016,OLECTRA,EQ,,,,,OLECTRA GREENTECH LIMITED,1481.2,1516.0,1451.6,1499.6,1498.0,1474.1,,1499.6,,,823835,1227480934.1,34033,F1,1,,,,,
2026-06-30,2026-06-30,CM,NSE,STK,759411,INE1BZC01019,OMFREIGHT,EQ,,,,,OM FREIGHT FORWARDERS LTD,94.1,100.9,92.11,95.28,95.0,95.29,,95.3,,,394920,37782599.35,1859,F1,1,,,,,
2026-06-30,2026-06-30,CM,NSE,STK,24231,INE239D01028,OMINFRAL,EQ,,,,,OM INFRA LIMITED,84.66,89.36,84.11,88.42,89.0,84.66,,88.42,,,91808,7961170.93,1806,F1,1,,,,,
2026-06-30,2026-06-30,CM,NSE,STK,762432,INE25E901019,OMPOWER,EQ,,,,,OM POWER TRANSMISSION LTD,182.0,182.29,179.0,180.22,179.7,180.45,,180.21,,,74917,13524325.62,1520,F1,1,,,,,
2026-06-30,2026-06-30,CM,NSE,STK,14125,INE090B01011,OMAXAUTO,BE,,,,,OMAX AUTOS LTD,216.43,225.25,212.0,222.91,224.0,216.43,,223.01,,,31579,6947065.72,616,F1,1,,,,,
2026-06-30,2026-06-30,CM,NSE,STK,14853,INE800H01010,OMAXE,EQ,,,,,OMAXE LIMITED,85.94,88.9,78.55,80.85,79.8,84.26,,80.85,,,10428455,868785146.74,48093,F1,1,,,,,
2026-06-30,2026-06-30,CM,NSE,STK,120,INE338Y01016,OMFURN,ST,,,,,OMFURN INDIA LIMITED,54.0,56.75,54.0,56.6,56.05,54.05,,56.6,,,15600,880260.0,12,F1,1200,,,,,
2026-06-30,2026-06-30,CM,NSE,STK,760865,INE0UH301010,OMNI,EQ,,,,,OMNITECH ENGINEERING LTD,500.8,545.0,496.2,536.35,540.0,499.4,,536.45,,,1371956,724536150.55,41303,F1,1,,,,,
2026-06-30,2026-06-30,CM,NSE,STK,19703,INE00ER01015,ONDOOR,ST,,,,,ON DOOR CONCEPTS LIMITED,195.0,203.45,192.0,202.6,202.6,194.25,,202.6,,,24300,4887000.0,28,F1,300,,,,,
2026-06-30,2026-06-30,CM,NSE,STK,6705,INE982J01020,PAYTM,EQ,,,,,ONE 97 COMMUNICATIONS LTD,1133.8,1159.2,1128.3,1141.5,1149.0,1133.1,,1141.5,,,2478029,2833109325.3,75434,F1,1,,,,,
2026-06-30,2026-06-30,CM,NSE,STK,28046,INE0HLU01028,MOBIKWIK,EQ,,,,,ONE MOBIKWIK SYSTEMS LTD,200.19,205.3,198.5,199.85,200.0,200.14,,199.84,,,1418413,286648740.95,12379,F1,1,,,,,
2026-06-30,2026-06-30,CM,NSE,STK,9939,INE840Y01029,ONEPOINT,EQ,,,,,ONE POINT ONE SOL LTD,57.28,57.49,56.8,57.1,57.0,57.08,,57.1,,,432371,24682592.47,1516,F1,1,,,,,
2026-06-30,2026-06-30,CM,NSE,STK,19433,INE0OPS01011,OLIL,ST,,,,,ONECLICK LOGISTICS IND L,422.0,425.0,420.0,423.0,424.5,423.0,,423.0,,,62800,26470980.0,35,F1,400,,,,,
2026-06-30,2026-06-30,CM,NSE,STK,25496,INE912L01015,ONELIFECAP,BE,,,,,ONELIFE CAP ADVISORS LTD,34.45,35.25,32.9,35.05,35.0,33.59,,35.06,,,35226,1202442.75,165,F1,1,,,,,
2026-06-30,2026-06-30,CM,NSE,STK,763294,INE12F801023,KISSHT,EQ,,,,,ONEMI TECHNOLOGY SOL LTD,274.2,282.95,273.6,279.5,278.9,274.2,,279.5,,,1366352,381543763.15,14465,F1,1,,,,,
2026-06-30,2026-06-30,CM,NSE,STK,29224,INE013P01021,ONESOURCE,EQ,,,,,ONESOURCE SPECL PHARMA L,1606.5,1660.0,1579.3,1647.8,1645.0,1598.7,,1647.9,,,130578,211367241.9,15806,F1,1,,,,,
2026-06-30,2026-06-30,CM,NSE,STK,6853,INE831A01028,ONIDA,BE,,,,,ONIDA ELECTRONICS LIMITED,38.9,42.0,38.68,40.12,40.8,40.1,,40.12,,,719481,28876733.36,998,F1,1,,,,,
2026-06-30,2026-06-30,CM,NSE,STK,15278,INE809I01019,ONMOBILE,EQ,,,,,ONMOBILE GLOBAL LTD.,60.49,62.3,59.41,61.45,61.15,60.22,,61.45,,,550737,33888070.19,4593,F1,1,,,,,
2026-06-30,2026-06-30,CM,NSE,STK,2481,INE229A01017,ONWARDTEC,EQ,,,,,ONWARD TECHNOLOGIES LTD,286.75,289.95,281.9,286.25,289.0,287.0,,286.3,,,108609,30929365.75,2315,F1,1,,,,,
2026-06-30,2026-06-30,CM,NSE,STK,27143,INE0WVU01018,ONYX,ST,,,,,ONYX BIOTEC LIMITED,40.8,40.8,40.7,40.8,40.8,38.9,,40.8,,,56000,2283900.0,18,F1,2000,,,,,
2026-06-30,2026-06-30,CM,NSE,STK,21469,INE350C01017,OPTIEMUS,EQ,,,,,OPTIEMUS INFRACOM LTD,470.15,479.4,461.05,464.7,464.55,469.75,,464.7,,,126347,59173764.35,5147,F1,1,,,,,
2026-06-30,2026-06-30,CM,NSE,STK,758900,INE15B101011,OPTIVALUE,SM,,,,,OPTIVALUE TEK CONSULT LTD,75.45,79.0,75.45,78.25,79.0,73.6,,78.25,,,11200,865280.0,7,F1,1600,,,,,
2026-06-30,2026-06-30,CM,NSE,STK,10738,INE881D01027,OFSS,EQ,,,,,ORACLE FIN SERV SOFT LTD.,10874.5,10950.0,10710.0,10775.5,10730.5,10874.5,,10775.5,,,264308,2859710588.0,42392,F1,1,,,,,
2026-06-30,2026-06-30,CM,NSE,STK,31479,INE231G01010,ORBTEXP,BE,,,,,ORBIT EXPORTS LIMITED,212.99,225.9,212.99,220.15,221.0,224.19,,219.9,,,14713,3190217.73,221,F1,1,,,,,
2026-06-30,2026-06-30,CM,NSE,STK,29492,INE215B01022,ORCHASP,EQ,,,,,ORCHASP LIMITED,2.0,2.04,1.96,1.99,2.0,1.98,,1.99,,,170157,339226.02,201,F1,1,,,,,
2026-06-30,2026-06-30,CM,NSE,STK,926,INE191A01027,ORCHPHARMA,EQ,,,,,ORCHID PHARMA LIMITED,951.1,998.35,951.1,972.8,969.95,950.8,,973.0,,,71803,70308738.0,4540,F1,1,,,,,
2026-06-30,2026-06-30,CM,NSE,STK,17882,INE0OUT01019,ORIANA,SM,,,,,ORIANA POWER LIMITED,1575.65,1597.95,1551.1,1559.05,1559.5,1558.8,,1559.05,,,29850,47034157.5,313,F1,75,,,,,
2026-06-30,2026-06-30,CM,NSE,STK,10159,INE730A01022,ORICONENT,EQ,,,,,ORICON ENTERPRISES LTD,55.3,55.66,52.8,53.73,53.15,55.33,,53.73,,,127643,6869751.74,1254,F1,1,,,,,
2026-06-30,2026-06-30,CM,NSE,STK,14278,INE607D01018,ORIENTBELL,EQ,,,,,ORIENT BELL LIMITED,322.95,330.0,320.2,324.95,325.0,323.35,,324.95,,,10079,3270303.35,620,F1,1,,,,,
2026-06-30,2026-06-30,CM,NSE,STK,30089,INE876N01018,ORIENTCEM,EQ,,,,,ORIENT CEMENT LTD.,133.5,134.5,132.62,133.77,134.5,133.79,,133.77,,,129149,17237343.5,1960,F1,1,,,,,
2026-06-30,2026-06-30,CM,NSE,STK,13111,INE569C01020,ORIENTCER,EQ,,,,,ORIENT CERATECH LIMITED,39.3,40.89,39.3,39.67,39.67,39.79,,39.67,,,16844,671522.36,453,F1,1,,,,,
2026-06-30,2026-06-30,CM,NSE,STK,2972,INE142Z01019,ORIENTELEC,EQ,,,,,ORIENT ELECTRIC LIMITED,176.0,177.0,169.57,175.46,175.4,175.4,,175.46,,,312053,54292004.0,5469,F1,1,,,,,
2026-06-30,2026-06-30,CM,NSE,STK,20110,INE999K01014,GREENPOWER,EQ,,,,,ORIENT GREEN POWER CO LTD,10.4,10.51,10.35,10.41,10.44,10.43,,10.41,,,1940503,20199471.38,3137,F1,1,,,,,
2026-06-30,2026-06-30,CM,NSE,STK,2493,INE750A01020,ORIENTHOT,EQ,,,,,ORIENT HOTELS LTD,140.89,141.95,139.0,140.88,141.45,141.13,,140.89,,,357746,50258601.48,2422,F1,1,,,,,
2026-06-30,2026-06-30,CM,NSE,STK,2496,INE592A01026,ORIENTPPR,EQ,,,,,ORIENT PAPER AND INDS LTD,16.9,17.07,16.57,16.78,16.9,16.82,,16.78,,,198034,3340277.94,705,F1,1,,,,,
2026-06-30,2026-06-30,CM,NSE,STK,18208,INE609C01024,ORIENTLTD,EQ,,,,,ORIENT PRESS LIMITED,70.5,71.39,68.41,68.67,68.67,71.47,,68.69,,,4776,330066.79,58,F1,1,,,,,
2026-06-30,2026-06-30,CM,NSE,STK,24961,INE0PPK01015,ORIENTTECH,EQ,,,,,ORIENT TECHNOLOGIES LTD,245.5,249.0,244.6,246.85,246.05,245.5,,246.85,,,48650,11985481.4,1839,F1,1,,,,,
2026-06-30,2026-06-30,CM,NSE,STK,10768,INE959C01023,OAL,EQ,,,,,ORIENTAL AROMATICS LTD,322.0,322.0,301.6,307.9,306.7,313.9,,307.9,,,76564,23493536.95,2990,F1,1,,,,,
2026-06-30,2026-06-30,CM,NSE,STK,14346,INE998H01012,ORIENTALTL,EQ,,,,,ORIENTAL TRIMEX LTD,5.64,5.8,5.25,5.68,5.7,5.71,,5.68,,,143141,800903.76,569,F1,1,,,,,
2026-06-30,2026-06-30,CM,NSE,STK,8797,INE426Z01016,OBCL,EQ,,,,,ORISSA BENGAL CARRIER LTD,55.75,58.95,55.75,56.85,56.8,55.75,,56.84,,,7770,438949.97,165,F1,1,,,,,
2026-06-30,2026-06-30,CM,NSE,STK,19931,INE725E01024,ORISSAMINE,EQ,,,,,ORISSA MIN DEV CO LTD,3869.0,4028.9,3869.0,4011.7,4001.0,3860.3,,4011.7,,,7349,29077192.8,1414,F1,1,,,,,
2026-06-30,2026-06-30,CM,NSE,STK,759569,INE16NZ01023,ORKLAINDIA,EQ,,,,,ORKLA INDIA LIMITED,619.0,620.0,608.5,613.3,611.0,616.85,,613.3,,,36543,22461650.05,3650,F1,1,,,,,
2026-06-30,2026-06-30,CM,NSE,STK,13321,INE849L01019,ORTEL,BZ,,,,,ORTEL COMMUNICATIONS LTD,1.53,1.6,1.53,1.6,1.6,1.53,,1.64,,,2592,4136.0,16,F1,1,,,,,
2026-06-30,2026-06-30,CM,NSE,STK,2980,INE749B01020,ORTINGLOBE,BE,,,,,ORTIN GLOBAL LIMITED,17.75,18.2,16.87,17.54,17.5,17.75,,17.46,,,14050,240390.0,54,F1,1,,,,,
2026-06-30,2026-06-30,CM,NSE,STK,25386,INE0RMF01018,OSELDEVICE,SM,,,,,OSEL DEVICES LIMITED,460.0,474.95,450.35,461.5,461.0,456.35,,461.5,,,13800,6392540.0,63,F1,200,,,,,
2026-06-30,2026-06-30,CM,NSE,STK,12643,INE06IR01021,OSIAHYPER,BE,,,,,OSIA HYPER RETAIL LIMITED,3.15,3.26,3.11,3.16,3.19,3.17,,3.16,,,413496,1307372.98,420,F1,1,,,,,
2026-06-30,2026-06-30,CM,NSE,STK,5362,INE142A01012,OSWALAGRO,BE,,,,,OSWAL AGRO MILLS LTD,42.0,42.18,41.42,41.88,41.8,41.73,,41.82,,,19575,819120.53,137,F1,1,,,,,
2026-06-30,2026-06-30,CM,NSE,STK,471,INE143A01010,OSWALGREEN,EQ,,,,,OSWAL GREENTECH LIMITED,24.4,24.4,22.7,22.78,22.75,22.61,,22.78,,,660721,15397221.21,1728,F1,1,,,,,
2026-06-30,2026-06-30,CM,NSE,STK,756802,INE0BYP01024,OSWALPUMPS,EQ,,,,,OSWAL PUMPS LIMITED,432.0,434.5,421.75,423.35,423.0,428.3,,423.35,,,334133,142249246.1,8848,F1,1,,,,,
2026-06-30,2026-06-30,CM,NSE,STK,22914,INE0R8M01017,OWAIS,ST,,,,,OWAIS METAL & MINERAL,117.4,118.4,113.3,114.05,113.3,118.6,,114.05,,,9700,1116160.0,63,F1,100,,,,,
2026-06-30,2026-06-30,CM,NSE,STK,25312,INE953R01016,PNGJL,EQ,,,,,P N GADGIL JEWELLERS LTD,530.0,539.05,527.3,536.1,536.8,529.0,,536.1,,,232128,124315782.2,3785,F1,1,,,,,
2026-06-30,2026-06-30,CM,NSE,STK,29665,INE0XUS01012,PSRAJ,ST,,,,,P S RAJ STEELS LIMITED,404.95,405.0,386.1,399.0,399.0,406.4,,399.0,,,29500,11807925.0,23,F1,500,,,,,
2026-06-30,2026-06-30,CM,NSE,STK,2535,INE179A01014,PGHH,EQ,,,,,P&G HYGIENE & HEALTH CARE,8896.0,9198.0,8830.0,9084.0,8906.5,8813.0,,9082.5,,,37919,342910655.5,7345,F1,1,,,,,
2026-06-30,2026-06-30,CM,NSE,STK,8735,INE0KN801013,PROPEQUITY,SM,,,,,P. E. ANALYTICS LIMITED,227.0,227.0,227.0,227.0,227.0,219.95,,227.0,,,600,136200.0,1,F1,600,,,,,
2026-06-30,2026-06-30,CM,NSE,STK,759342,INE0S3G01027,PACEDIGITK,EQ,,,,,PACE DIGITEK LIMITED,203.73,207.74,200.93,202.81,204.15,200.89,,202.82,,,2741586,559193275.15,21466,F1,1,,,,,
2026-06-30,2026-06-30,CM,NSE,STK,14413,INE761H01022,PAGEIND,EQ,,,,,PAGE INDUSTRIES LTD,40780.0,41740.0,40400.0,41370.0,41480.0,40405.0,,41375.0,,,43917,1803568315.0,16854,F1,1,,,,,
2026-06-30,2026-06-30,CM,NSE,STK,25468,INE420C01059,PAISALO,EQ,,,,,PAISALO DIGITAL LIMITED,60.9,61.0,58.11,59.1,58.78,60.32,,59.11,,,13108117,779437884.3,19711,F1,1,,,,,
2026-06-30,2026-06-30,CM,NSE,STK,17197,INE551D01018,PAKKA,EQ,,,,,PAKKA LIMITED,80.65,82.0,79.05,81.65,81.0,80.04,,81.64,,,42698,3466232.03,666,F1,1,,,,,
2026-06-30,2026-06-30,CM,NSE,STK,21383,INE471W01019,PALASHSECU,EQ,,,,,PALASH SECURITIES LTD,91.1,96.95,90.5,93.75,92.13,91.08,,93.71,,,743,68861.83,21,F1,1,,,,,
2026-06-30,2026-06-30,CM,NSE,STK,17059,INE218G01033,PALREDTEC,BE,,,,,PALRED TECHNOLOGIES LTD,59.05,60.2,59.05,60.2,60.2,59.02,,59.73,,,7577,454402.35,55,F1,1,,,,,
2026-06-30,2026-06-30,CM,NSE,STK,4055,INE922B01023,PANACEABIO,EQ,,,,,PANACEA BIOTEC LTD,556.8,578.15,550.15,565.85,568.2,553.75,,565.85,,,598146,337895134.25,17371,F1,1,,,,,
2026-06-30,2026-06-30,CM,NSE,STK,16292,INE895W01019,PANACHE,EQ,,,,,PANACHE DIGILIFE LIMITED,434.3,446.9,424.0,432.25,429.0,435.75,,432.25,,,8189,3584033.7,348,F1,1,,,,,
2026-06-30,2026-06-30,CM,NSE,STK,25392,INE305C01029,PANAMAPET,EQ,,,,,PANAMA PETROCHEM LTD,400.95,425.2,400.95,420.55,421.0,400.55,,420.55,,,400046,166587295.1,8639,F1,1,,,,,
2026-06-30,2026-06-30,CM,NSE,STK,6141,INE697V01011,PANSARI,EQ,,,,,PANSARI DEVELOPERS LTD,291.9,299.0,288.05,289.85,299.0,282.05,,289.85,,,975,282629.05,25,F1,1,,,,,
2026-06-30,2026-06-30,CM,NSE,STK,5631,INE04LG01015,PAR,EQ,,,,,PAR DRUGS AND CHEM LTD,88.64,90.0,87.77,89.79,89.8,87.77,,89.79,,,2658,235633.71,52,F1,1,,,,,
2026-06-30,2026-06-30,CM,NSE,STK,9741,INE088F01024,PARADEEP,EQ,,,,,PARADEEP PHOSPHATES LTD,134.64,136.76,133.85,136.03,136.04,134.52,,136.03,,,2205195,299068313.76,15174,F1,1,,,,,
2026-06-30,2026-06-30,CM,NSE,STK,17130,INE883N01014,PARAGMILK,EQ,,,,,PARAG MILK FOODS LTD.,232.69,235.22,231.0,233.56,234.5,230.84,,233.58,,,228463,53300535.93,3661,F1,1,,,,,
2026-06-30,2026-06-30,CM,NSE,STK,19779,INE0N4G01012,PARAGON,SM,,,,,PARAGON FINE S.C. LTD.,49.45,49.45,48.75,48.85,48.9,48.0,,48.85,,,4800,235140.0,4,F1,1200,,,,,
2026-06-30,2026-06-30,CM,NSE,STK,25069,INE0S2W01018,PARAMATRIX,SM,,,,,PARAMATRIX TECHNOLOGIES L,61.5,61.5,61.25,61.25,61.25,61.5,,61.25,,,2400,147300.0,2,F1,1200,,,,,
2026-06-30,2026-06-30,CM,NSE,STK,13951,INE074B01023,PARACABLES,EQ,,,,,PARAMOUNT COMM LTD,68.18,69.5,67.82,69.02,68.9,67.81,,69.01,,,1309904,89950024.39,6079,F1,1,,,,,
2026-06-30,2026-06-30,CM,NSE,STK,25720,INE0TG801013,PARAMOUNT,ST,,,,,PARAMOUNT DYE TEC LIMITED,36.9,36.9,36.9,36.9,36.9,37.05,,36.9,,,1200,44280.0,1,F1,1200,,,,,
2026-06-30,2026-06-30,CM,NSE,STK,25431,INE0Q6001012,PSFL,SM,,,,,PARAMOUNT SPECIALI FORG L,35.9,37.0,35.9,37.0,37.0,36.5,,37.0,,,20000,732000.0,9,F1,2000,,,,,
2026-06-30,2026-06-30,CM,NSE,STK,5911,INE045601023,PARAS,EQ,,,,,PARAS DEF AND SPCE TECH L,1193.7,1300.0,1193.7,1289.05,1292.0,1182.9,,1289.05,,,6387150,8059396074.5,191831,F1,1,,,,,
2026-06-30,2026-06-30,CM,NSE,STK,3972,INE162C01024,PARASPETRO,EQ,,,,,PARAS PETROFILS LTD.,2.05,2.1,1.99,2.04,2.09,2.02,,2.04,,,197065,396341.84,231,F1,1,,,,,
2026-06-30,2026-06-30,CM,NSE,STK,5460,INE00U801010,PARIN,SM,,,,,PARIN ENTERPRISES LIMITED,719.0,730.0,704.0,714.9,719.0,725.2,,714.9,,,10000,7153125.0,35,F1,250,,,,,
2026-06-30,2026-06-30,CM,NSE,STK,760351,INE119201023,PARKHOSPS,EQ,,,,,PARK MEDI WORLD LIMITED,290.8,303.7,289.25,299.3,299.15,289.7,,299.3,,,1899709,568647732.95,24096,F1,1,,,,,
2026-06-30,2026-06-30,CM,NSE,STK,22649,INE988S01028,PARKHOTELS,EQ,,,,,PARKHOTELS,120.41,121.48,119.07,119.95,119.8,119.54,,119.95,,,89666,10767697.47,1611,F1,1,,,,,
2026-06-30,2026-06-30,CM,NSE,STK,13795,INE561H01026,PARSVNATH,BE,,,,,PARSVNATH DEVELOPER LTD,2.71,2.71,2.71,2.71,2.71,2.76,,2.71,,,128286,347655.06,117,F1,1,,,,,
2026-06-30,2026-06-30,CM,NSE,STK,758220,INE1H7V01011,PARTH,ST,,,,,PARTH ELEC & ENG LTD,438.0,438.0,428.0,429.4,429.0,435.0,,429.4,,,10000,4308280.0,21,F1,400,,,,,
2026-06-30,2026-06-30,CM,NSE,STK,2599,INE06ZX01015,PARTYCRUS,SM,,,,,PARTY CRUISERS LIMITED,92.0,92.0,86.25,86.35,86.5,92.0,,86.35,,,7000,632750.0,3,F1,1000,,,,,
2026-06-30,2026-06-30,CM,NSE,STK,757955,INE124Y01028,PASHUPATI,EQ,,,,,PASHUPATI COTSPIN LIMITED,87.7,91.39,87.1,88.22,88.45,86.57,,88.23,,,207457,18473164.95,2407,F1,1,,,,,
2026-06-30,2026-06-30,CM,NSE,STK,6048,INE818B01023,PASUPTAC,BE,,,,,PASUPATI ACRYLON LIMITED,63.55,65.0,62.16,63.48,64.0,63.55,,63.42,,,57134,3625518.44,321,F1,1,,,,,
2026-06-30,2026-06-30,CM,NSE,STK,17029,INE619A01035,PATANJALI,EQ,,,,,PATANJALI FOODS LIMITED,413.0,413.4,406.35,411.05,409.0,412.6,,411.05,,,2820164,1157339170.8,63451,F1,1,,,,,
2026-06-30,2026-06-30,CM,NSE,STK,758732,INE244B07243,1025PATE28,N0,,,,,PATE 10.25% 2028,99000.0,99000.0,99000.0,99000.0,99000.0,99889.0,,99000.0,,,2,198000.0,2,F1,1,,,,,
2026-06-30,2026-06-30,CM,NSE,STK,11699,INE244B01030,PATELENG,EQ,,,,,PATEL ENGINEERING LTD.,34.9,35.75,34.36,34.93,34.88,34.52,,34.93,,,13079839,458081993.71,28493,F1,1,,,,,
2026-06-30,2026-06-30,CM,NSE,STK,15223,INE529D01014,PATINTLOG,BE,,,,,PATEL INT. LOG. LTD,15.38,15.93,15.38,15.38,15.38,16.18,,15.39,,,101479,1569001.72,330,F1,1,,,,,
2026-06-30,2026-06-30,CM,NSE,STK,759439,INE0R8B01010,PATELRMART,EQ,,,,,PATEL RETAIL LIMITED,211.5,219.66,210.0,216.05,216.6,211.69,,216.04,,,132494,28726454.06,2104,F1,1,,,,,
2026-06-30,2026-06-30,CM,NSE,STK,756966,INE17GV01016,PATILAUTOM,ST,,,,,PATIL AUTOMATION LIMITED,206.0,214.5,206.0,213.6,214.45,207.05,,213.6,,,29400,6213360.0,44,F1,600,,,,,
2026-06-30,2026-06-30,CM,NSE,STK,762834,INE291E01019,PML,EQ,,,,,PAUL MERCHANTS LTD.,482.0,501.0,482.0,500.5,495.0,490.8,,500.5,,,77,37894.35,17,F1,1,,,,,
2026-06-30,2026-06-30,CM,NSE,STK,759969,INE111F01024,PAUSHAKLTD,EQ,,,,,PAUSHAK LIMITED,493.15,508.25,490.4,496.95,506.0,487.1,,496.9,,,15142,7547554.35,864,F1,1,,,,,
2026-06-30,2026-06-30,CM,NSE,STK,16201,INE07S101038,PAVNAIND,BE,,,,,PAVNA INDUSTRIES LIMITED,18.21,18.21,17.55,17.74,17.72,18.22,,17.73,,,10906,196171.38,72,F1,1,,,,,
2026-06-30,2026-06-30,CM,NSE,STK,6656,INE417T01026,POLICYBZR,EQ,,,,,PB FINTECH LIMITED,1630.9,1657.7,1610.3,1628.6,1640.0,1623.1,,1628.6,,,1884876,3081539925.6,82135,F1,1,,,,,
2026-06-30,2026-06-30,CM,NSE,STK,29124,INE785M01021,PCJEWELLER,EQ,,,,,PC JEWELLER LTD,8.54,8.87,8.48,8.76,8.79,8.53,,8.76,,,43884303,382738009.71,20022,F1,1,,,,,
2026-06-30,2026-06-30,CM,NSE,STK,2649,INE602A01031,PCBL,EQ,,,,,PCBL CHEMICAL LIMITED,321.0,327.5,317.6,321.15,321.5,319.55,,321.15,,,1980181,641023695.6,29124,F1,1,,,,,
2026-06-30,2026-06-30,CM,NSE,STK,5264,INE111Q01021,PDSL,EQ,,,,,PDS LIMITED,349.7,371.7,348.5,365.4,364.0,350.1,,365.4,,,445003,162036739.55,12929,F1,1,,,,,
2026-06-30,2026-06-30,CM,NSE,STK,14260,INE940H01022,PGIL,EQ,,,,,PEARL GLOBAL IND LIMITED,2009.6,2049.8,1971.1,2015.6,2019.0,2003.7,,2015.6,,,104629,211064966.2,10500,F1,1,,,,,
2026-06-30,2026-06-30,CM,NSE,STK,8188,INE844A01013,PEARLPOLY,BE,,,,,PEARL POLYMERS LTD,18.5,19.19,17.7,18.58,18.75,18.5,,18.56,,,9240,172337.93,64,F1,1,,,,,
2026-06-30,2026-06-30,CM,NSE,STK,25408,INE0VG601013,PELATRO,SM,,,,,PELATRO LIMITED,284.0,287.0,273.05,287.0,287.0,284.0,,287.0,,,900,253215.0,3,F1,300,,,,,
2026-06-30,2026-06-30,CM,NSE,STK,5358,INE138A01028,PENINLAND,BE,,,,,PENINSULA LAND LIMITED,15.5,16.0,14.81,15.35,15.25,15.37,,15.35,,,134571,2088500.48,260,F1,1,,,,,
2026-06-30,2026-06-30,CM,NSE,STK,20621,INE932A01024,PENIND,EQ,,,,,PENNAR INDUSTRIES LTD,166.13,168.65,165.0,167.44,167.63,166.48,,167.43,,,526328,87922150.11,6800,F1,1,,,,,
2026-06-30,2026-06-30,CM,NSE,STK,17132,INE0ORS01017,PENTAGON,SM,,,,,PENTAGON RUBBER LIMITED,56.9,56.9,56.75,56.75,56.75,56.95,,56.75,,,5000,284350.0,5,F1,1000,,,,,
2026-06-30,2026-06-30,CM,NSE,STK,18365,INE262H01021,PERSISTENT,EQ,,,,,PERSISTENT SYSTEMS LTD,4331.0,4347.0,4244.5,4326.5,4326.0,4298.5,,4326.5,,,1513736,6513845463.5,97020,F1,1,,,,,
2026-06-30,2026-06-30,CM,NSE,STK,24290,INE998U01015,PCCL,SM,,,,,PETRO CARBON AND CHEMI L,237.2,245.95,233.0,236.5,239.45,242.5,,236.5,,,9600,2306320.0,24,F1,400,,,,,
2026-06-30,2026-06-30,CM,NSE,STK,11351,INE347G01014,PETRONET,EQ,,,,,PETRONET LNG LIMITED,281.25,282.0,278.1,280.8,281.0,281.25,,280.8,,,3356558,941697809.55,55468,F1,1,,,,,
2026-06-30,2026-06-30,CM,NSE,STK,760810,INE134E07DU0,730PFCL41,NC,,,,,PFCL 7.30% 2041 SR IV,975.0,992.22,975.0,992.22,992.22,975.0,,992.22,,,26,25367.22,3,F1,1,,,,,
2026-06-30,2026-06-30,CM,NSE,STK,2643,INE182A01018,PFIZER,EQ,,,,,PFIZER LTD,4439.8,4480.0,4412.0,4439.4,4450.0,4404.9,,4439.4,,,17693,78506686.9,6063,F1,1,,,,,
2026-06-30,2026-06-30,CM,NSE,STK,25358,INE457L01029,PGEL,EQ,,,,,PG ELECTROPLAST LTD,536.0,539.25,530.6,533.4,534.4,536.5,,533.4,,,1390418,742308442.85,19578,F1,1,,,,,
2026-06-30,2026-06-30,CM,NSE,STK,11612,INE0MLZ01019,PHANTOMFX,SM,,,,,PHANTOM DIGITAL EFF LTD,177.25,177.3,174.15,175.05,174.6,178.35,,175.05,,,9000,1581750.0,26,F1,300,,,,,
2026-06-30,2026-06-30,CM,NSE,STK,759723,INE0LP301011,PWL,EQ,,,,,PHYSICSWALLAH LIMITED,123.69,124.69,121.5,124.13,124.3,123.69,,124.13,,,4657246,573681699.61,23007,F1,1,,,,,
2026-06-30,2026-06-30,CM,NSE,STK,24184,INE603J01030,PIIND,EQ,,,,,PI INDUSTRIES LTD,2568.0,2587.9,2541.0,2555.1,2560.4,2559.8,,2555.1,,,489196,1254484194.0,38606,F1,1,,,,,
2026-06-30,2026-06-30,CM,NSE,STK,757754,INE546C01010,PICCADIL,EQ,,,,,PICCADILY AGRO INDUSTRI L,569.4,572.25,564.65,565.75,568.1,564.8,,565.75,,,61083,34674505.3,3293,F1,1,,,,,
2026-06-30,2026-06-30,CM,NSE,STK,24791,INE0YAL01017,PPSL,ST,,,,,PICTUREPOST STUDIOS LTD,3.6,3.6,3.6,3.6,3.6,3.75,,3.6,,,123000,442800.0,15,F1,3000,,,,,
2026-06-30,2026-06-30,CM,NSE,STK,2664,INE318A01026,PIDILITIND,EQ,,,,,PIDILITE INDUSTRIES LTD,1607.0,1610.3,1585.0,1592.7,1592.1,1599.6,,1592.7,,,1080720,1725424068.9,47972,F1,1,,,,,
2026-06-30,2026-06-30,CM,NSE,STK,30838,INE600A01035,PILITA,BE,,,,,PIL ITALICA LIFESTYLE LTD,9.0,9.28,8.93,9.25,9.2,8.84,,9.24,,,253210,2329302.09,297,F1,1,,,,,
2026-06-30,2026-06-30,CM,NSE,STK,11445,INE417C01014,PILANIINVS,EQ,,,,,PILANI INV & IND COR LTD,4352.4,4374.2,4340.2,4349.0,4369.0,4348.1,,4349.0,,,714,3108435.8,201,F1,1,,,,,
2026-06-30,2026-06-30,CM,NSE,STK,759820,INE15B701018,PINELABS,EQ,,,,,PINE LABS LIMITED,159.0,160.99,155.6,156.76,157.2,158.51,,156.76,,,10951562,1729948430.7,42387,F1,1,,,,,
2026-06-30,2026-06-30,CM,NSE,STK,13463,INE156C01018,PIONEEREMB,EQ,,,,,PIONEER EMBROIDERIES LTD,22.42,22.95,21.87,22.71,22.4,22.33,,22.71,,,10785,243297.38,45,F1,1,,,,,
2026-06-30,2026-06-30,CM,NSE,STK,762829,INE746D01014,PIONRINV,EQ,,,,,PIONEER INVESTCORP LTD.,88.12,89.95,85.1,89.48,89.49,88.11,,89.32,,,1239,108813.58,28,F1,1,,,,,
2026-06-30,2026-06-30,CM,NSE,STK,759551,INE202B01038,PIRAMALFIN,EQ,,,,,PIRAMAL FINANCE LIMITED,2144.9,2172.8,2112.9,2164.1,2168.1,2144.9,,2164.2,,,461009,991685150.1,37467,F1,1,,,,,
2026-06-30,2026-06-30,CM,NSE,STK,11571,INE0DK501011,PPLPHARMA,EQ,,,,,PIRAMAL PHARMA LIMITED,167.48,169.77,166.22,168.09,167.55,166.72,,168.09,,,4054434,682229439.35,36303,F1,1,,,,,
2026-06-30,2026-06-30,CM,NSE,STK,14134,INE450D01021,PITTIENG,EQ,,,,,PITTI ENGINEERING LIMITED,965.0,982.0,965.0,972.5,977.0,965.0,,972.55,,,19344,18847256.55,1649,F1,1,,,,,
2026-06-30,2026-06-30,CM,NSE,STK,9087,INE751B01018,PIXTRANS,EQ,,,,,PIX TRANSMISSIONS LIMITED,1832.2,1860.0,1808.0,1835.6,1821.1,1869.6,,1835.6,,,124224,227667458.1,9275,F1,1,,,,,
2026-06-30,2026-06-30,CM,NSE,STK,13920,INE083C01022,PLASTIBLEN,EQ,,,,,PLASTIBLENDS INDIA LTD,182.0,182.91,179.13,181.04,181.0,181.15,,181.03,,,20140,3647869.66,458,F1,1,,,,,
2026-06-30,2026-06-30,CM,NSE,STK,22930,INE0PT501018,PLATIND,EQ,,,,,PLATINUM INDUSTRIES LTD,224.51,225.59,220.6,225.06,225.45,221.84,,225.06,,,48321,10772118.78,1130,F1,1,,,,,
2026-06-30,2026-06-30,CM,NSE,STK,19461,INE0INJ01017,PLAZACABLE,BE,,,,,PLAZA WIRES LIMITED,45.5,46.9,44.1,45.58,45.7,46.02,,45.39,,,22993,1039760.77,198,F1,1,,,,,
2026-06-30,2026-06-30,CM,NSE,STK,8736,INE859A01011,PNBGILTS,EQ,,,,,PNB GILTS LIMITED,90.99,96.65,89.7,92.27,91.5,90.36,,92.27,,,2558842,237777667.04,16214,F1,1,,,,,
2026-06-30,2026-06-30,CM,NSE,STK,18908,INE572E01012,PNBHOUSING,EQ,,,,,PNB HOUSING FIN LTD.,1035.0,1051.5,1026.6,1038.4,1042.5,1034.0,,1038.4,,,1494613,1549410664.8,34029,F1,1,,,,,
2026-06-30,2026-06-30,CM,NSE,STK,9385,INE195J01029,PNCINFRA,EQ,,,,,PNC INFRATECH LTD.,225.0,228.78,224.32,228.27,228.04,226.37,,228.27,,,607761,138208722.56,20695,F1,1,,,,,
2026-06-30,2026-06-30,CM,NSE,STK,760242,INE1RDG01013,PNGSREVA,EQ,,,,,PNGS REVA DIAMOND JEWEL L,395.95,395.95,390.35,394.55,395.0,391.6,,394.6,,,21508,8467772.4,2054,F1,1,,,,,
2026-06-30,2026-06-30,CM,NSE,STK,19036,INE371C01013,PODDARMENT,EQ,,,,,PODDAR PIGMENTS LIMITED,243.0,250.55,243.0,248.8,250.55,240.7,,248.8,,,854,210551.1,37,F1,1,,,,,
2026-06-30,2026-06-30,CM,NSE,STK,17651,INE637C01025,POKARNA,EQ,,,,,POKARNA LIMITED,1062.75,1084.4,1030.0,1037.2,1030.8,1062.75,,1037.15,,,90619,95669229.75,3994,F1,1,,,,,
2026-06-30,2026-06-30,CM,NSE,STK,25718,INE205C01021,POLYMED,EQ,,,,,POLY MEDICURE LIMITED,1652.0,1698.0,1640.1,1687.4,1682.0,1652.6,,1687.4,,,114214,192198626.8,12175,F1,1,,,,,
2026-06-30,2026-06-30,CM,NSE,STK,9590,INE455K01017,POLYCAB,EQ,,,,,POLYCAB INDIA LIMITED,9710.0,10008.0,9597.0,9961.0,9970.0,9779.0,,9961.0,,,452560,4466852082.5,55894,F1,1,,,,,
2026-06-30,2026-06-30,CM,NSE,STK,2687,INE633B01018,POLYPLEX,EQ,,,,,POLYPLEX CORPORATION LTD,969.35,979.35,950.2,951.6,954.0,969.35,,951.6,,,83091,79829611.75,2799,F1,1,,,,,
2026-06-30,2026-06-30,CM,NSE,STK,22711,INE517M01028,POLYSIL,SM,,,,,POLYSIL IRRIGATION SYST L,130.05,135.0,130.0,131.9,130.2,135.0,,131.9,,,120000,15616350.0,25,F1,500,,,,,
2026-06-30,2026-06-30,CM,NSE,STK,14385,INE063E01053,POCL,EQ,,,,,PONDY OXIDES & CHEM LTD,1322.0,1392.9,1303.6,1374.9,1385.1,1304.4,,1374.9,,,583654,797952689.9,26745,F1,1,,,,,
2026-06-30,2026-06-30,CM,NSE,STK,10661,INE838E01017,PONNIERODE,EQ,,,,,PONNIE SUGARS (ERODE) LTD,310.95,313.7,307.5,309.7,308.15,311.55,,309.85,,,4338,1347619.3,275,F1,1,,,,,
2026-06-30,2026-06-30,CM,NSE,STK,11403,INE511C01022,POONAWALLA,EQ,,,,,POONAWALLA FINCORP LTD,432.0,442.5,432.0,441.05,441.25,428.45,,441.05,,,1409502,619018230.35,20473,F1,1,,,,,
2026-06-30,2026-06-30,CM,NSE,STK,23142,INE772T01024,PVSL,EQ,,,,,POPULAR VEHICLES N SER L,90.22,92.29,89.0,91.66,92.0,90.21,,91.64,,,16062,1465336.12,804,F1,1,,,,,
2026-06-30,2026-06-30,CM,NSE,STK,24867,INE0S3H01017,POSITRON,ST,,,,,POSITRON ENERGY LIMITED,179.0,179.0,176.2,179.0,179.0,183.95,,179.0,,,2700,481185.0,7,F1,300,,,,,
2026-06-30,2026-06-30,CM,NSE,STK,14299,INE134E01011,PFC,EQ,,,,,POWER FIN CORP LTD.,425.45,428.55,422.8,424.3,424.9,424.45,,424.3,,,7095981,3017884436.85,79256,F1,1,,,,,
2026-06-30,2026-06-30,CM,NSE,STK,14977,INE752E01010,POWERGRID,EQ,,,,,POWER GRID CORP. LTD.,287.2,288.9,284.45,286.3,286.4,286.25,,286.3,,,11985195,3434075518.05,96697,F1,1,,,,,
2026-06-30,2026-06-30,CM,NSE,STK,15716,INE557Z01018,PIGL,EQ,,,,,POWER INSTRUMENT (G) LTD,113.5,114.79,109.88,113.82,114.35,112.28,,113.85,,,38281,4286211.53,704,F1,1,,,,,
2026-06-30,2026-06-30,CM,NSE,STK,10473,INE211R01019,POWERMECH,EQ,,,,,POWER MECH PROJECTS LTD.,2721.0,2775.0,2720.0,2763.0,2770.0,2720.0,,2763.2,,,48504,133418329.7,5853,F1,1,,,,,
2026-06-30,2026-06-30,CM,NSE,STK,3494,INE0GGX23010,PGINVIT,IV,,,,,POWERGRID INFRA. INVITS,93.85,93.92,93.7,93.79,93.8,93.78,,93.79,,,1501149,140803853.58,5467,F1,1,,,,,
2026-06-30,2026-06-30,CM,NSE,STK,761680,INE921L01032,POWERICA,EQ,,,,,POWERICA LIMITED,615.0,634.4,601.35,616.75,616.0,627.25,,616.75,,,452487,278197955.55,21174,F1,1,,,,,
2026-06-30,2026-06-30,CM,NSE,STK,15209,INE095I01015,PPAP,EQ,,,,,PPAP AUTOMOTIVE LIMITED,239.85,244.79,235.26,236.7,236.05,235.9,,236.61,,,33530,8070282.54,1061,F1,1,,,,,
2026-06-30,2026-06-30,CM,NSE,STK,30134,INE0I0M01023,PRABHA,EQ,,,,,PRABHA ENERGY LIMITED,154.9,155.0,153.25,153.6,153.25,153.32,,153.6,,,10410,1600648.35,191,F1,1,,,,,
2026-06-30,2026-06-30,CM,NSE,STK,762839,INE770A01010,PRADPME,EQ,,,,,PRADEEP METALS LTD.,580.0,580.0,548.25,553.7,558.95,590.3,,553.7,,,65955,37093715.2,3220,F1,1,,,,,
2026-06-30,2026-06-30,CM,NSE,STK,2705,INE074A01025,PRAJIND,EQ,,,,,PRAJ INDUSTRIES LTD,347.4,355.9,346.25,350.9,350.0,346.4,,350.9,,,806012,283536672.4,21071,F1,1,,,,,
2026-06-30,2026-06-30,CM,NSE,STK,13941,INE505C01016,PRAENG,EQ,,,,,PRAJAY ENG. SYN. LTD.,20.5,20.9,18.99,19.33,19.55,20.49,,19.34,,,136346,2695798.27,346,F1,1,,,,,
2026-06-30,2026-06-30,CM,NSE,STK,2708,INE603A01013,PRAKASH,EQ,,,,,PRAKASH INDUSTRIES LTD,139.71,141.65,138.75,139.27,139.0,139.74,,139.28,,,243825,34119779.9,3497,F1,1,,,,,
2026-06-30,2026-06-30,CM,NSE,STK,10297,INE050001010,PPL,EQ,,,,,PRAKASH PIPES LIMITED,310.92,334.4,310.0,323.58,327.5,305.67,,323.56,,,2647640,861969108.86,43476,F1,1,,,,,
2026-06-30,2026-06-30,CM,NSE,STK,19599,INE696K01024,PRAKASHSTL,EQ,,,,,PRAKASH STEELAGE LTD,4.24,4.24,4.02,4.16,4.18,4.17,,4.16,,,148927,608576.48,369,F1,1,,,,,
2026-06-30,2026-06-30,CM,NSE,STK,18514,INE0O7A01017,PRAMARA,SM,,,,,PRAMARA PROMOTIONS LTD,133.0,137.4,132.0,135.15,134.05,130.9,,135.15,,,40500,5515150.0,46,F1,500,,,,,
2026-06-30,2026-06-30,CM,NSE,STK,25818,INE0VJG01014,PRANIK,SM,,,,,PRANIK LOGISTICS LIMITED,47.05,48.55,47.05,47.5,47.5,51.0,,47.5,,,8000,382160.0,5,F1,1600,,,,,
2026-06-30,2026-06-30,CM,NSE,STK,21840,INE393P01035,DIAMONDYD,EQ,,,,,PRATAAP SNACKS LIMITED,1117.0,1158.0,1116.0,1150.6,1158.0,1115.9,,1150.4,,,33451,38098947.7,1457,F1,1,,,,,
2026-06-30,2026-06-30,CM,NSE,STK,23113,INE0QA601016,PRATHAM,SM,,,,,PRATHAM EPC PROJECTS LTD,111.0,114.8,110.0,113.55,113.8,113.0,,113.55,,,10400,1176000.0,19,F1,400,,,,,
2026-06-30,2026-06-30,CM,NSE,STK,762844,INE722B01019,PRAVEG,EQ,,,,,PRAVEG LTD.,246.45,249.2,237.0,239.6,237.5,247.25,,239.55,,,66065,15957023.0,1645,F1,1,,,,,
2026-06-30,2026-06-30,CM,NSE,STK,1216,INE546Y01022,PRAXIS,BE,,,,,PRAXIS HOME RETAIL LTD,8.3,8.39,8.0,8.25,8.25,8.3,,8.25,,,62857,515066.88,55,F1,1,,,,,
2026-06-30,2026-06-30,CM,NSE,STK,12603,INE484I01029,PRECAM,EQ,,,,,PRECISION CAMSHAFTS LTD.,148.48,152.38,148.48,149.03,148.75,148.33,,149.03,,,111857,16772298.32,1848,F1,1,,,,,
2026-06-30,2026-06-30,CM,NSE,STK,2717,INE372C01037,PRECWIRE,EQ,,,,,PRECISION WIRES INDIA LTD,403.8,412.25,398.4,401.7,405.9,400.95,,401.85,,,319485,129361240.0,12023,F1,1,,,,,
2026-06-30,2026-06-30,CM,NSE,STK,2711,INE283A01014,PRECOT,EQ,,,,,PRECOT LIMITED,713.85,745.8,713.85,745.8,745.8,710.3,,745.8,,,8456,6289046.3,161,F1,1,,,,,
2026-06-30,2026-06-30,CM,NSE,STK,762849,INE001E01012,PREMCO,EQ,,,,,PREMCO GLOBAL LTD.,366.0,369.0,356.0,357.7,362.35,364.0,,358.4,,,388,139623.6,85,F1,1,,,,,
2026-06-30,2026-06-30,CM,NSE,STK,25049,INE0BS701011,PREMIERENE,EQ,,,,,PREMIER ENERGIES LIMITED,1035.0,1055.6,1032.0,1051.0,1052.0,1029.3,,1051.0,,,1097545,1149671596.2,29646,F1,1,,,,,
2026-06-30,2026-06-30,CM,NSE,STK,17397,INE863B01029,PREMEXPLN,EQ,,,,,PREMIER EXPLOSIVES LTD,819.25,829.8,793.15,805.95,804.95,808.5,,805.95,,,1465018,1190074393.75,36399,F1,1,,,,,
2026-06-30,2026-06-30,CM,NSE,STK,6248,INE342A01018,PREMIER,BE,,,,,PREMIER LIMITED,3.01,3.01,2.86,2.9,2.9,3.01,,2.92,,,26924,78038.64,54,F1,1,,,,,
2026-06-30,2026-06-30,CM,NSE,STK,10401,INE309M01020,PREMIERPOL,BE,,,,,PREMIER POLYFILMS LTD,65.82,68.0,65.82,67.78,67.99,65.82,,67.81,,,123092,8277862.1,564,F1,1,,,,,
2026-06-30,2026-06-30,CM,NSE,STK,25898,INE0M1F01011,PREMIUM,SM,,,,,PREMIUM PLAST LIMITED,44.0,44.0,44.0,44.0,44.0,44.05,,44.0,,,3000,132000.0,1,F1,3000,,,,,
2026-06-30,2026-06-30,CM,NSE,STK,20498,INE0R1601012,PRESSTONIC,SM,,,,,PRESSTONIC ENGINEERING L,28.8,29.6,28.0,28.95,29.0,29.25,,28.95,,,68000,1941600.0,72,F1,800,,,,,
2026-06-30,2026-06-30,CM,NSE,STK,20302,INE811K01011,PRESTIGE,EQ,,,,,PRESTIGE ESTATE LTD,1548.1,1576.3,1540.3,1564.6,1551.6,1539.4,,1564.6,,,645307,1008493947.9,43630,F1,1,,,,,
2026-06-30,2026-06-30,CM,NSE,STK,19631,INE726V01018,PRICOLLTD,EQ,,,,,PRICOL LIMITED,597.0,614.65,587.05,602.3,602.0,583.25,,602.35,,,1905100,1146392652.95,48455,F1,1,,,,,
2026-06-30,2026-06-30,CM,NSE,STK,759075,INE0CQA01020,PRIMECAB,ST,,,,,PRIME CABLE INDUSTRIES L,122.4,122.6,116.0,117.05,116.0,122.1,,117.05,,,25600,3061440.0,16,F1,1600,,,,,
2026-06-30,2026-06-30,CM,NSE,STK,13500,INE367G01038,PFOCUS,BE,,,,,PRIME FOCUS LIMITED,208.75,221.01,208.75,221.01,221.01,210.49,,221.19,,,503422,110431437.6,1671,F1,1,,,,,
2026-06-30,2026-06-30,CM,NSE,STK,11864,INE032B01021,PRIMESECU,EQ,,,,,PRIME SECURITIES LIMITED,288.15,292.5,285.0,291.3,290.1,289.45,,291.25,,,38552,11206135.5,669,F1,1,,,,,
2026-06-30,2026-06-30,CM,NSE,STK,756925,INE607A01022,PRIMO,EQ,,,,,PRIMO CHEMICALS LIMITED,24.41,25.0,24.26,24.33,24.52,24.41,,24.34,,,91048,2241912.6,470,F1,1,,,,,
2026-06-30,2026-06-30,CM,NSE,STK,16045,INE689W01016,PRINCEPIPE,EQ,,,,,PRINCE PIPES FITTINGS LTD,287.55,288.25,283.55,287.15,287.0,285.3,,287.15,,,171727,49092530.1,7189,F1,1,,,,,
2026-06-30,2026-06-30,CM,NSE,STK,2739,INE010A01011,PRSMJOHNSN,EQ,,,,,PRISM JOHNSON LIMITED,117.5,117.99,117.45,117.55,117.57,117.55,,117.55,,,87388,10278003.88,1714,F1,1,,,,,
2026-06-30,2026-06-30,CM,NSE,STK,8310,INE974Z01015,PRITI,BE,,,,,PRITI INTERNATIONAL LTD,39.93,41.4,38.2,39.07,39.2,39.93,,39.07,,,3809,149645.95,82,F1,1,,,,,
2026-06-30,2026-06-30,CM,NSE,STK,5296,INE583R01029,PRITIKAUTO,BE,,,,,PRITIKA AUTO INDUS LTD,15.71,15.71,15.49,15.49,15.49,16.3,,15.49,,,156648,2432618.41,476,F1,1,,,,,
2026-06-30,2026-06-30,CM,NSE,STK,9342,INE392B01011,PNC,EQ,,,,,PRITISH NANDY COMMUNICATI,21.9,22.25,21.16,21.29,21.29,21.95,,21.29,,,429,9146.97,50,F1,1,,,,,
2026-06-30,2026-06-30,CM,NSE,STK,8825,INE959A01019,PRIVISCL,EQ,,,,,PRIVI SPECIALITY CHE LTD,3630.0,3688.0,3599.7,3672.2,3680.0,3598.2,,3672.2,,,67377,246973984.8,8553,F1,1,,,,,
2026-06-30,2026-06-30,CM,NSE,STK,24511,INE0V9N01017,PRIZOR,ST,,,,,PRIZOR VIZTECH LIMITED,870.65,870.65,870.65,870.65,870.65,888.4,,870.65,,,1600,1393040.0,4,F1,400,,,,,
2026-06-30,2026-06-30,CM,NSE,STK,940,INE199A01012,PGHL,EQ,,,,,PROCTER & GAMBLE HEALTH L,6252.5,6365.0,6235.0,6326.5,6315.5,6246.5,,6326.5,,,21150,133391559.5,4052,F1,1,,,,,
2026-06-30,2026-06-30,CM,NSE,STK,758173,INE0BX301013,PROSTARM,EQ,,,,,PROSTARM INFO SYSTEMS LTD,135.97,138.59,135.97,136.75,136.72,136.64,,136.75,,,62956,8623698.9,1203,F1,1,,,,,
2026-06-30,2026-06-30,CM,NSE,STK,29472,INE004A01022,PROTEAN,EQ,,,,,PROTEAN EGOV TECHNO LTD,593.0,599.8,585.1,591.35,594.75,591.15,,591.4,,,148076,87898987.8,5883,F1,1,,,,,
2026-06-30,2026-06-30,CM,NSE,STK,16483,INE0ONE01016,PROV,SM,,,,,PROVENTUS AGROCOM LIMITED,1600.0,1600.0,1600.0,1600.0,1600.0,1600.0,,1600.0,,,240,384000.0,2,F1,80,,,,,
2026-06-30,2026-06-30,CM,NSE,STK,28859,INE195N01013,PROZONER,EQ,,,,,PROZONE REALTY LIMITED,45.18,47.95,42.01,44.88,45.51,44.86,,44.92,,,2556203,114032333.09,3925,F1,1,,,,,
2026-06-30,2026-06-30,CM,NSE,STK,9553,INE00F201020,PRUDENT,EQ,,,,,PRUDENT CORP ADV SER LTD,2955.0,3007.0,2940.0,2994.2,3000.0,2955.0,,2993.8,,,17349,51675872.3,3411,F1,1,,,,,
2026-06-30,2026-06-30,CM,NSE,STK,20528,INE024D01016,PRUDMOULI,BE,,,,,PRUDENTIAL SUGAR CORPORAT,14.7,15.23,14.63,15.03,15.13,15.4,,15.05,,,7678,112962.67,43,F1,1,,,,,
2026-06-30,2026-06-30,CM,NSE,STK,20877,INE488V01015,PSPPROJECT,EQ,,,,,PSP PROJECTS LIMITED,974.4,1010.0,967.8,1000.8,1000.0,978.85,,1000.9,,,98379,97559201.6,4506,F1,1,,,,,
2026-06-30,2026-06-30,CM,NSE,STK,22602,INE560K01014,PFS,EQ,,,,,PTC INDIA FIN SERV LTD,31.39,31.64,31.02,31.34,31.27,31.38,,31.34,,,272728,8526628.23,1559,F1,1,,,,,
2026-06-30,2026-06-30,CM,NSE,STK,11355,INE877F01012,PTC,EQ,,,,,PTC INDIA LIMITED,182.5,182.77,180.21,180.98,181.0,181.89,,180.98,,,481889,87393478.88,7571,F1,1,,,,,
2026-06-30,2026-06-30,CM,NSE,STK,16682,INE596F01018,PTCIL,EQ,,,,,PTC INDUSTRIES LIMITED,17315.0,17469.0,17000.0,17149.0,17275.0,17193.0,,17149.0,,,9333,160923005.0,2936,F1,1,,,,,
2026-06-30,2026-06-30,CM,NSE,STK,14101,INE034D01049,PTL,EQ,,,,,PTL ENTERPRISES LTD,42.78,42.79,41.95,42.44,42.2,42.24,,42.44,,,23277,985774.54,707,F1,1,,,,,
2026-06-30,2026-06-30,CM,NSE,STK,15377,INE865T01018,PDMJEPAPER,EQ,,,,,PUDUMJEE PAPER PRO. LTD,82.59,85.5,82.5,84.2,84.46,82.48,,84.2,,,63112,5319604.36,1140,F1,1,,,,,
2026-06-30,2026-06-30,CM,NSE,STK,507,INE335X01014,PULZ,SM,,,,,PULZ ELECTRONICS LIMITED,25.35,25.35,23.8,23.8,23.8,24.8,,23.8,,,6000,145900.0,2,F1,2000,,,,,
2026-06-30,2026-06-30,CM,NSE,STK,21001,INE608A01012,PSB,EQ,,,,,PUNJAB & SIND BANK,24.4,24.69,24.1,24.24,24.29,24.35,,24.24,,,842998,20530108.24,2781,F1,1,,,,,
2026-06-30,2026-06-30,CM,NSE,STK,4344,INE277B01014,PUNJABCHEM,EQ,,,,,PUNJAB CHEM & CROP PROT L,1012.4,1120.0,1010.2,1075.7,1070.1,1020.7,,1075.7,,,77296,83684382.6,4690,F1,1,,,,,
2026-06-30,2026-06-30,CM,NSE,STK,10666,INE160A01022,PNB,EQ,,,,,PUNJAB NATIONAL BANK,107.06,107.69,106.23,106.69,106.75,106.96,,106.69,,,11179354,1194163175.36,42145,F1,1,,,,,
2026-06-30,2026-06-30,CM,NSE,STK,14922,INE323I01011,PURVA,EQ,,,,,PURAVANKARA LIMITED,215.3,215.99,213.1,215.31,215.7,214.46,,215.32,,,47753,10251385.22,1499,F1,1,,,,,
2026-06-30,2026-06-30,CM,NSE,STK,28044,INE0P5R01014,PURPLEUTED,ST,,,,,PURPLE UNITED SALES LTD,422.0,443.1,417.25,443.05,443.0,422.0,,443.05,,,11500,4987187.5,39,F1,250,,,,,
2026-06-30,2026-06-30,CM,NSE,STK,757683,INE154801018,PUSHPA,SM,,,,,PUSHPA JEWELLERS LIMITED,100.0,100.0,96.5,97.3,97.3,99.7,,97.3,,,21000,2077250.0,20,F1,1000,,,,,
2026-06-30,2026-06-30,CM,NSE,STK,4010,INE362A01016,PVP,EQ,,,,,PVP VENTURES LIMITED,28.24,30.0,28.02,29.66,29.59,28.66,,29.66,,,453316,13347926.27,1913,F1,1,,,,,
2026-06-30,2026-06-30,CM,NSE,STK,13147,INE191H01014,PVRINOX,EQ,,,,,PVR INOX LIMITED,965.95,972.05,959.0,961.65,970.0,961.4,,961.65,,,81025,78086042.2,9068,F1,1,,,,,
2026-06-30,2026-06-30,CM,NSE,STK,18250,INE0MIS01010,PYRAMID,EQ,,,,,PYRAMID TECHNOPLAST LTD,169.7,172.6,166.5,172.06,172.25,165.81,,172.06,,,22650,3836417.23,541,F1,1,,,,,
2026-06-30,2026-06-30,CM,NSE,STK,763594,INE1G2W01011,QLINE,SM,,,,,Q-LINE BIOTECH LIMITED,550.0,555.0,541.0,547.5,545.15,548.0,,547.5,,,95600,52411120.0,199,F1,400,,,,,
2026-06-30,2026-06-30,CM,NSE,STK,751607,INE0FMW01018,QMSMEDI,EQ,,,,,QMS MEDICAL ALLIED S LTD,103.8,104.9,101.25,101.9,102.5,100.25,,101.9,,,4973,511910.4,141,F1,1,,,,,
2026-06-30,2026-06-30,CM,NSE,STK,29087,INE0LRY01011,QUADFUTURE,EQ,,,,,QUADRANT FUTURE TEK LTD,446.2,454.8,421.85,432.55,433.8,445.65,,432.55,,,582960,254197558.35,12375,F1,1,,,,,
2026-06-30,2026-06-30,CM,NSE,STK,14613,INE0O1M01015,QFIL,SM,,,,,QUALITY FOILS (INDIA) LTD,53.65,58.0,53.65,58.0,58.0,56.45,,58.0,,,2000,111650.0,2,F1,1000,,,,,
2026-06-30,2026-06-30,CM,NSE,STK,29713,INE0SII01026,QPOWER,BE,,,,,QUALITY POWER ELEC EQUP L,1207.0,1235.0,1205.0,1223.4,1223.1,1207.4,,1223.6,,,96269,117518599.8,3801,F1,1,,,,,
2026-06-30,2026-06-30,CM,NSE,STK,15330,INF082J01408,QGOLDHALF,EQ,,,,,QUANTUM GOLD FUND,115.88,116.62,114.75,116.19,116.25,116.79,,116.19,,,198159,23006547.33,1285,F1,1,,,,,
2026-06-30,2026-06-30,CM,NSE,STK,16819,INF082J01499,QNIFTY,EQ,,,,,QUANTUM NIFTY 50 ETF,263.4,263.8,262.5,263.08,263.4,263.38,,263.08,,,3477,915450.38,62,F1,1,,,,,
2026-06-30,2026-06-30,CM,NSE,STK,17704,INE615P01015,QUESS,EQ,,,,,QUESS CORP LIMITED,247.94,270.0,240.59,267.61,267.7,247.94,,267.61,,,3937805,1036195804.24,49833,F1,1,,,,,
2026-06-30,2026-06-30,CM,NSE,STK,23793,INE0TNW01017,QUESTLAB,SM,,,,,QUEST LABORATORIES LTD,99.0,99.0,98.05,98.1,98.1,97.95,,98.1,,,15600,1538520.0,11,F1,1200,,,,,
2026-06-30,2026-06-30,CM,NSE,STK,13131,INE306L01010,QUICKHEAL,BE,,,,,QUICK HEAL TECH LTD,176.88,177.2,169.9,170.75,173.6,174.31,,170.91,,,49832,8625755.73,813,F1,1,,,,,
2026-06-30,2026-06-30,CM,NSE,STK,15285,INE0K4D01020,QUICKTOUCH,SM,,,,,QUICKTOUCH TECHNOLOGIES L,23.3,25.55,23.3,25.3,25.55,24.45,,25.3,,,5000,120450.0,8,F1,500,,,,,
2026-06-30,2026-06-30,CM,NSE,STK,762854,INE641R01017,QUINT,EQ,,,,,QUINT DIGITAL LTD.,41.9,42.99,41.0,41.37,41.0,40.52,,41.34,,,81,3374.99,12,F1,1,,,,,
2026-06-30,2026-06-30,CM,NSE,STK,24957,INE0KZF01015,QVCEL,SM,,,,,QVC EXPORTS LIMITED,24.1,24.1,22.3,22.35,22.35,23.0,,22.35,,,6400,145760.0,4,F1,1600,,,,,
2026-06-30,2026-06-30,CM,NSE,STK,23043,INE0NQ801033,RKSWAMY,EQ,,,,,R K SWAMY LIMITED,100.96,103.44,97.27,101.69,101.55,97.71,,101.7,,,47119,4782452.57,727,F1,1,,,,,
2026-06-30,2026-06-30,CM,NSE,STK,757834,INE219Y01026,RMDRIP,EQ,,,,,R M DRIP & SPRINK SYS LTD,19.65,20.64,19.15,20.42,20.4,19.67,,20.42,,,1873705,37713899.86,7322,F1,1,,,,,
2026-06-30,2026-06-30,CM,NSE,STK,762864,INE951M01037,RRIL,EQ,,,,,R R I L LTD.,18.0,18.48,16.52,17.4,17.25,18.01,,17.37,,,20018,345995.59,167,F1,1,,,,,
2026-06-30,2026-06-30,CM,NSE,STK,18566,INE777K01022,RRKABEL,EQ,,,,,R R KABEL LIMITED,2515.0,2519.0,2320.0,2395.2,2400.0,2502.3,,2395.2,,,2285178,5484739118.9,82022,F1,1,,,,,
2026-06-30,2026-06-30,CM,NSE,STK,762869,INE616F01022,RSDFIN,EQ,,,,,R S D FINANCE LTD.,80.0,80.0,79.0,80.0,80.0,79.61,,80.0,,,4,319.0,3,F1,1,,,,,
2026-06-30,2026-06-30,CM,NSE,STK,13414,INE411H01032,RSYSTEMS,EQ,,,,,R SYS INTERNATIONAL LTD,240.85,241.35,233.6,234.9,235.0,238.9,,234.9,,,312292,74177049.85,4388,F1,1,,,,,
2026-06-30,2026-06-30,CM,NSE,STK,758981,INE012Q01039,RNBDENIMS,EQ,,,,,R&B DENIMS LIMITED,10.9,10.99,10.63,10.77,10.84,10.71,,10.77,,,294499,3186537.84,622,F1,1,,,,,
2026-06-30,2026-06-30,CM,NSE,STK,8426,INE165B01029,RSSOFTWARE,BE,,,,,R. S. SOFTWARE (INDIA) LI,34.78,36.1,34.78,36.0,36.0,35.48,,35.64,,,31288,1113958.32,84,F1,1,,,,,
2026-06-30,2026-06-30,CM,NSE,STK,20760,INE324L01013,RPPINFRA,EQ,,,,,R.P.P INFRA PROJECTS LTD,64.9,65.3,63.23,64.66,65.3,63.22,,64.63,,,24720,1589494.53,447,F1,1,,,,,
2026-06-30,2026-06-30,CM,NSE,STK,762244,INE2PB023011,RIIT,IV,,,,,RAAJMARG INFRA INVEST T,115.15,115.15,113.75,114.56,114.88,114.49,,114.56,,,101566,11621545.26,1820,F1,1,,,,,
2026-06-30,2026-06-30,CM,NSE,STK,15396,INE084Q01012,RACE,BE,,,,,RACE ECO CHAIN LIMITED,112.98,112.98,108.02,111.48,111.48,111.78,,111.11,,,1788,195408.13,42,F1,1,,,,,
2026-06-30,2026-06-30,CM,NSE,STK,9854,INE02OY01016,RILINFRA,SM,,,,,RACHANA INFRA LTD,41.0,41.05,35.45,37.0,37.35,41.4,,37.0,,,57900,2187180.0,234,F1,100,,,,,
2026-06-30,2026-06-30,CM,NSE,STK,27171,INE704B01017,RACLGEAR,EQ,,,,,RACL GEARTECH LIMITED,1384.9,1410.0,1365.0,1403.2,1409.7,1380.8,,1403.2,,,31190,43599539.0,2808,F1,1,,,,,
2026-06-30,2026-06-30,CM,NSE,STK,10932,INE874F01027,RADAAN,EQ,,,,,RADAAN MEDIAWORKS (I) LTD,3.07,3.07,2.95,2.95,2.95,3.04,,2.96,,,13844,41529.25,86,F1,1,,,,,
2026-06-30,2026-06-30,CM,NSE,STK,10343,INE583V01021,RADHIKAJWE,EQ,,,,,RADHIKA JEWELTECH LIMITED,54.4,56.5,53.8,55.21,55.3,54.4,,55.21,,,279836,15479478.04,3228,F1,1,,,,,
2026-06-30,2026-06-30,CM,NSE,STK,13580,INE855R01021,RADIANTCMS,EQ,,,,,RADIANT CASH MGMT SER LTD,40.13,40.13,38.36,38.61,39.0,39.13,,38.61,,,133016,5170400.09,1030,F1,1,,,,,
2026-06-30,2026-06-30,CM,NSE,STK,10990,INE944F01028,RADICO,EQ,,,,,RADICO KHAITAN LTD,3875.0,3975.2,3855.8,3945.5,3935.0,3876.9,,3945.5,,,691271,2726085284.0,58537,F1,1,,,,,
2026-06-30,2026-06-30,CM,NSE,STK,23445,INE430U01019,RADIOWALLA,ST,,,,,RADIOWALLA NETWORK LTD,24.7,24.7,24.7,24.7,24.7,26.0,,24.7,,,4800,118560.0,3,F1,1600,,,,,
2026-06-30,2026-06-30,CM,NSE,STK,24735,INE912T01018,RPEL,EQ,,,,,RAGHAV PRODUCTIVITY ENH L,1159.1,1210.0,1156.05,1204.0,1207.0,1159.1,,1203.95,,,91680,109494216.5,7785,F1,1,,,,,
2026-06-30,2026-06-30,CM,NSE,STK,9552,INE415G01027,RVNL,EQ,,,,,RAIL VIKAS NIGAM LIMITED,238.0,238.88,235.3,235.83,236.05,237.51,,235.83,,,4559478,1080295652.32,37842,F1,1,,,,,
2026-06-30,2026-06-30,CM,NSE,STK,2431,INE0DD101019,RAILTEL,EQ,,,,,RAILTEL CORP OF IND LTD,308.5,311.9,307.15,307.95,308.4,306.2,,307.9,,,504484,155970064.05,12490,F1,1,,,,,
2026-06-30,2026-06-30,CM,NSE,STK,15337,INE855B01025,RAIN,EQ,,,,,RAIN INDUSTRIES LIMITED,184.4,186.51,180.45,181.82,181.0,184.74,,181.79,,,2476564,454911038.52,16576,F1,1,,,,,
2026-06-30,2026-06-30,CM,NSE,STK,9408,INE961O01016,RAINBOW,EQ,,,,,RAINBOW CHILDRENS MED LTD,1413.0,1430.0,1397.0,1414.2,1405.6,1405.5,,1414.2,,,139360,197397817.4,17083,F1,1,,,,,
2026-06-30,2026-06-30,CM,NSE,STK,359,INE294G01026,ROML,EQ,,,,,RAJ OIL MILLS LIMITED,46.0,46.79,45.02,45.99,45.99,46.0,,45.99,,,7895,358921.96,111,F1,1,,,,,
2026-06-30,2026-06-30,CM,NSE,STK,8428,INE533D01032,RAJRILTD,BE,,,,,RAJ RAYON INDUSTRIES LTD,24.26,24.26,23.41,24.25,24.26,23.79,,24.25,,,55990,1346845.6,286,F1,1,,,,,
2026-06-30,2026-06-30,CM,NSE,STK,14403,INE952H01027,RAJTV,EQ,,,,,RAJ TV NETWORK LTD,12.94,13.0,12.23,12.34,12.23,12.72,,12.32,,,38282,477441.95,189,F1,1,,,,,
2026-06-30,2026-06-30,CM,NSE,STK,762859,INE296E01026,RAJPALAYAM,EQ,,,,,RAJAPALAYAM MILLS LTD.,841.85,845.0,822.2,843.05,844.95,821.7,,843.0,,,2788,2334099.5,278,F1,1,,,,,
2026-06-30,2026-06-30,CM,NSE,STK,181,INE610C01014,ARENTERP,EQ,,,,,RAJDARSHAN INDUSTRIES LTD,34.52,37.0,34.52,35.25,35.25,35.51,,36.52,,,1201,42768.29,24,F1,1,,,,,
2026-06-30,2026-06-30,CM,NSE,STK,760461,INE343B01030,RAJESHEXPO,BZ,,,,,RAJESH EXPORTS LTD,87.57,96.77,87.57,91.82,92.0,92.17,,91.8,,,1816245,164363194.25,7897,F1,1,,,,,
2026-06-30,2026-06-30,CM,NSE,STK,19681,INE0BZQ01011,RCDL,SM,,,,,RAJGOR CASTOR DERIVATI L,25.7,25.7,25.5,25.65,25.65,25.65,,25.65,,,12000,307200.0,4,F1,3000,,,,,
2026-06-30,2026-06-30,CM,NSE,STK,2168,INE00KV01022,RAJMET,EQ,,,,,RAJNANDINI METAL LIMITED,3.61,3.78,3.61,3.71,3.7,3.67,,3.71,,,234210,865403.3,672,F1,1,,,,,
2026-06-30,2026-06-30,CM,NSE,STK,757049,INE535F01024,RAJOOENG,EQ,,,,,RAJOO ENGINEERS LIMITED,52.7,54.1,51.63,52.61,52.53,52.92,,52.63,,,509991,26945457.02,3613,F1,1,,,,,
2026-06-30,2026-06-30,CM,NSE,STK,24707,INE0PCU01012,RAJINDLTD,SM,,,,,RAJPUTANA INDUSTRIES LTD,69.0,69.0,68.75,68.85,68.75,70.0,,68.85,,,4500,309825.0,3,F1,1500,,,,,
2026-06-30,2026-06-30,CM,NSE,STK,761439,INE313L01016,RSL,EQ,,,,,RAJPUTANA STAINLESS LTD,128.0,131.19,127.71,129.02,129.89,128.62,,129.02,,,93919,12150441.9,1256,F1,1,,,,,
2026-06-30,2026-06-30,CM,NSE,STK,18962,INE451D01029,RAJRATAN,EQ,,,,,RAJRATAN GLOBAL WIRE LTD,433.5,444.55,426.85,441.4,442.8,434.0,,441.4,,,46816,20442595.25,2618,F1,1,,,,,
2026-06-30,2026-06-30,CM,NSE,STK,6913,INE760W01023,RPPL,EQ,,,,,RAJSHREE POLYPACK LTD,20.7,22.48,20.7,21.63,22.19,20.46,,21.63,,,269030,5870976.67,1548,F1,1,,,,,
2026-06-30,2026-06-30,CM,NSE,STK,2809,INE562B01019,RAJSREESUG,EQ,,,,,RAJSHREE SUGAR & CHEMICAL,31.8,31.8,31.01,31.22,31.1,31.21,,31.22,,,15629,490512.72,367,F1,1,,,,,
2026-06-30,2026-06-30,CM,NSE,STK,2816,INE613A01020,RALLIS,EQ,,,,,RALLIS INDIA LTD,224.5,226.5,222.03,222.53,222.3,224.59,,222.53,,,240740,53746224.46,7678,F1,1,,,,,
2026-06-30,2026-06-30,CM,NSE,STK,10485,INE207E01023,RAMRAT,EQ,,,,,RAM RATNA WIRES LIMITED,404.65,412.1,390.6,406.9,405.55,404.65,,406.9,,,138282,55328698.6,5031,F1,1,,,,,
2026-06-30,2026-06-30,CM,NSE,STK,10568,INE809A01032,RAMAPHO,EQ,,,,,RAMA PHOSPHATES LIMITED,129.0,129.29,126.2,126.64,126.22,126.34,,126.64,,,13735,1755365.1,269,F1,1,,,,,
2026-06-30,2026-06-30,CM,NSE,STK,10304,INE230R01035,RAMASTEEL,BE,,,,,RAMA STEEL TUBES LIMITED,4.45,4.48,4.25,4.46,4.48,4.42,,4.46,,,3791640,16761355.92,4668,F1,1,,,,,
2026-06-30,2026-06-30,CM,NSE,STK,757777,INE14W901010,RTL,SM,,,,,RAMA TELECOM LIMITED,88.0,91.5,84.0,88.5,88.5,88.95,,88.5,,,90000,7966100.0,22,F1,2000,,,,,
2026-06-30,2026-06-30,CM,NSE,STK,4587,INE614A01028,RAMCOIND,EQ,,,,,RAMCO INDUSTRIES LIMITED,335.6,345.0,334.25,338.85,338.9,331.25,,338.85,,,1366602,464175574.5,20265,F1,1,,,,,
2026-06-30,2026-06-30,CM,NSE,STK,7851,INE246B01019,RAMCOSYS,EQ,,,,,RAMCO SYSTEMS LTD.,825.05,868.7,792.05,836.05,832.0,793.2,,836.1,,,12377403,10317375345.4,227715,F1,1,,,,,
2026-06-30,2026-06-30,CM,NSE,STK,23568,INE0RJH01010,RBS,ST,,,,,RAMDEVBABA SOLVENT LTD,82.5,82.5,82.5,82.5,82.5,82.45,,82.5,,,800,66000.0,1,F1,800,,,,,
2026-06-30,2026-06-30,CM,NSE,STK,11411,INE399G01023,RKFORGE,EQ,,,,,RAMKRISHNA FORGINGS LTD,560.4,571.0,557.5,564.9,565.0,558.65,,564.9,,,116252,65657372.65,9688,F1,1,,,,,
2026-06-30,2026-06-30,CM,NSE,STK,20134,INE874I01013,RAMKY,EQ,,,,,RAMKY INFRA LTD,397.15,404.0,397.15,401.5,402.85,399.0,,401.5,,,36350,14544829.15,1201,F1,1,,,,,
2026-06-30,2026-06-30,CM,NSE,STK,2837,INE625B01014,RANASUG,EQ,,,,,RANA SUGARS LTD.,12.28,12.68,12.28,12.37,12.36,12.33,,12.37,,,126474,1573426.57,489,F1,1,,,,,
2026-06-30,2026-06-30,CM,NSE,STK,11975,INE050H01012,RML,EQ,,,,,RANE (MADRAS) LIMITED,1134.0,1180.0,1120.15,1155.85,1153.25,1125.8,,1155.85,,,141388,163541021.2,9139,F1,1,,,,,
2026-06-30,2026-06-30,CM,NSE,STK,2844,INE384A01010,RANEHOLDIN,EQ,,,,,RANE HOLDINGS LIMITED,1709.0,1759.3,1656.1,1666.2,1671.0,1708.0,,1666.4,,,35321,60147822.2,3482,F1,1,,,,,
2026-06-30,2026-06-30,CM,NSE,STK,25610,INE0MVO01012,RAPPID,SM,,,,,RAPPID VALVES (INDIA) LTD,270.0,274.9,266.5,266.5,266.5,267.6,,266.5,,,2400,647670.0,4,F1,600,,,,,
2026-06-30,2026-06-30,CM,NSE,STK,22670,INE0J1F01024,RPTECH,EQ,,,,,RASHI PERIPHERALS LIMITED,757.0,785.8,745.2,773.75,779.0,753.15,,773.65,,,883970,672321265.45,22492,F1,1,,,,,
2026-06-30,2026-06-30,CM,NSE,STK,2866,INE027A01015,RCF,EQ,,,,,RASHTRIYA CHEMICALS & FER,131.28,131.31,129.63,130.95,130.89,129.88,,130.95,,,699726,91384890.64,7179,F1,1,,,,,
2026-06-30,2026-06-30,CM,NSE,STK,7177,INE0CLI01024,RATEGAIN,EQ,,,,,RATEGAIN TRAVEL TECHN LTD,866.0,900.0,855.4,899.15,899.9,864.4,,899.15,,,762302,679077262.2,20678,F1,1,,,,,
2026-06-30,2026-06-30,CM,NSE,STK,13451,INE703B01027,RATNAMANI,EQ,,,,,RATNAMANI MET & TUB LTD.,2570.2,2596.0,2502.0,2510.0,2512.5,2570.2,,2510.0,,,75722,191582448.0,5671,F1,1,,,,,
2026-06-30,2026-06-30,CM,NSE,STK,18423,INE05CZ01011,RATNAVEER,EQ,,,,,RATNAVEER PRECISION ENG L,181.5,187.6,180.11,181.2,180.11,180.8,,181.2,,,2089058,383592114.59,11383,F1,1,,,,,
2026-06-30,2026-06-30,CM,NSE,STK,27297,INE834M01019,RTNINDIA,EQ,,,,,RATTANINDIA ENT LIMITED,33.0,33.69,32.92,33.36,33.6,32.88,,33.36,,,2446548,81350940.78,7915,F1,1,,,,,
2026-06-30,2026-06-30,CM,NSE,STK,17520,INE399K01017,RTNPOWER,EQ,,,,,RATTANINDIA POWER LIMITED,9.07,9.1,9.01,9.04,9.07,9.01,,9.04,,,7105991,64327963.46,7765,F1,1,,,,,
2026-06-30,2026-06-30,CM,NSE,STK,20950,INE722J01012,RKDL,EQ,,,,,RAVI KUMAR DIST. LTD.,19.3,19.3,18.37,18.41,18.4,18.69,,18.41,,,13189,247751.06,145,F1,1,,,,,
2026-06-30,2026-06-30,CM,NSE,STK,1565,INE09E501017,RVHL,EQ,,,,,RAVINDER HEIGHTS LIMITED,45.4,46.19,43.41,44.16,44.0,45.23,,44.16,,,46235,2059867.26,592,F1,1,,,,,
2026-06-30,2026-06-30,CM,NSE,STK,24596,INE206N01018,RELTD,EQ,,,,,RAVINDRA ENERGY LIMITED,163.8,168.7,161.3,165.28,164.38,162.98,,165.28,,,660425,109104862.89,9197,F1,1,,,,,
2026-06-30,2026-06-30,CM,NSE,STK,25073,INE02ID01020,RAYMONDLSL,EQ,,,,,RAYMOND LIFESTYLE LIMITED,786.0,795.6,782.0,785.5,785.5,786.65,,785.5,,,51999,40897739.3,4994,F1,1,,,,,
2026-06-30,2026-06-30,CM,NSE,STK,2859,INE301A01014,RAYMOND,EQ,,,,,RAYMOND LTD,584.7,589.45,578.8,581.8,582.3,583.4,,581.8,,,229560,133894356.5,5789,F1,1,,,,,
2026-06-30,2026-06-30,CM,NSE,STK,758551,INE1SY401010,RAYMONDREL,EQ,,,,,RAYMOND REALTY LIMITED,626.15,631.2,617.1,619.2,621.05,623.95,,619.2,,,178586,111112390.6,5149,F1,1,,,,,
2026-06-30,2026-06-30,CM,NSE,STK,18391,INE976G01028,RBLBANK,EQ,,,,,RBL BANK LIMITED,365.95,371.0,364.0,369.05,369.1,363.8,,369.05,,,4030616,1481757843.35,46196,F1,1,,,,,
2026-06-30,2026-06-30,CM,NSE,STK,13570,INE0NA301016,RBMINFRA,SM,,,,,RBM INFRACON LIMITED,275.05,280.0,266.25,274.4,274.95,275.05,,274.4,,,64600,17685580.0,130,F1,200,,,,,
2026-06-30,2026-06-30,CM,NSE,STK,20874,INE0PEQ01016,RBZJEWEL,EQ,,,,,RBZ JEWELLERS LIMITED,135.6,146.29,132.19,138.14,137.1,131.62,,138.13,,,345054,48277446.38,6966,F1,1,,,,,
2026-06-30,2026-06-30,CM,NSE,STK,29561,INE10QL01011,READYMIX,SM,,,,,READYMIX CONSTRU MACHI L,88.0,97.9,88.0,95.2,95.2,86.0,,95.2,,,27000,2515950.0,27,F1,1000,,,,,
2026-06-30,2026-06-30,CM,NSE,STK,15355,INE020B01018,RECLTD,EQ,,,,,REC LIMITED,364.95,367.8,362.5,363.8,363.05,364.95,,363.8,,,10340613,3773399891.45,86496,F1,1,,,,,
2026-06-30,2026-06-30,CM,NSE,STK,14255,INE891D01026,REDINGTON,EQ,,,,,REDINGTON LIMITED,277.0,279.0,271.98,276.18,276.5,275.52,,276.18,,,2453161,677035363.92,45502,F1,1,,,,,
2026-06-30,2026-06-30,CM,NSE,STK,17859,INE0LXT01019,REDTAPE,EQ,,,,,REDTAPE LIMITED,135.5,136.9,133.6,136.17,135.5,134.77,,136.16,,,210797,28564799.66,4268,F1,1,,,,,
2026-06-30,2026-06-30,CM,NSE,STK,17764,INE056I01025,REFEX,EQ,,,,,REFEX INDUSTRIES LIMITED,360.0,365.2,354.35,356.2,355.5,355.8,,356.2,,,840753,302419380.45,14603,F1,1,,,,,
2026-06-30,2026-06-30,CM,NSE,STK,23718,INE0TNX01015,REFRACTORY,SM,,,,,REFRACTORY SHAPES LIMITED,31.0,31.0,31.0,31.0,31.0,30.55,,31.0,,,4000,124000.0,4,F1,1000,,,,,
2026-06-30,2026-06-30,CM,NSE,STK,758682,INE0MHO01029,REGAAL,BE,,,,,REGAAL RESOURCES LIMITED,77.4,80.0,76.2,78.47,78.05,76.94,,78.24,,,37266,2922189.98,266,F1,1,,,,,
2026-06-30,2026-06-30,CM,NSE,STK,4130,INE277C01012,REGENCERAM,EQ,,,,,REGENCY CERAMICS LTD.,41.5,41.8,39.96,40.04,40.04,41.89,,41.26,,,146,5871.48,25,F1,1,,,,,
2026-06-30,2026-06-30,CM,NSE,STK,24225,INE131B01039,RELAXO,EQ,,,,,RELAXO FOOT LTD.,417.0,417.0,400.2,405.75,400.2,417.85,,405.75,,,717125,293900974.0,18818,F1,1,,,,,
2026-06-30,2026-06-30,CM,NSE,STK,3172,INF204KC1030,GILT5YBEES,EQ,,,,,RELCAPAMC - NETFGILT5Y,66.29,66.29,65.61,65.92,65.97,65.84,,65.92,,,233805,15406453.58,464,F1,1,,,,,
2026-06-30,2026-06-30,CM,NSE,STK,24378,INE375Y01018,RELIABLE,EQ,,,,,RELIABLE DATA SERVICE LTD,150.0,150.02,146.0,146.86,148.2,148.99,,146.85,,,8735,1285158.1,511,F1,1,,,,,
2026-06-30,2026-06-30,CM,NSE,STK,9652,INE750D01016,RELCHEMQ,EQ,,,,,RELIANCE CHEMOTEX IND LTD,134.05,137.0,133.03,133.42,135.0,134.7,,133.95,,,696,93604.8,39,F1,1,,,,,
2026-06-30,2026-06-30,CM,NSE,STK,13188,INE330H01018,RCOM,BE,,,,,RELIANCE COMMUNICATIONS L,0.89,0.91,0.88,0.9,0.91,0.87,,0.9,,,2477308,2216529.38,1688,F1,1,,,,,
2026-06-30,2026-06-30,CM,NSE,STK,759204,INE217K01011,RHFL,BZ,,,,,RELIANCE HOME FINANCE LTD,2.12,2.19,2.1,2.16,2.18,2.12,,2.16,,,435374,932689.73,621,F1,1,,,,,
2026-06-30,2026-06-30,CM,NSE,STK,2912,INE046A01015,RIIL,EQ,,,,,RELIANCE INDUSTRIAL INFRA,822.0,828.35,810.1,815.15,814.9,834.85,,815.15,,,88341,72425876.7,4615,F1,1,,,,,
2026-06-30,2026-06-30,CM,NSE,STK,2885,INE002A01018,RELIANCE,EQ,,,,,RELIANCE INDUSTRIES LTD,1306.9,1306.9,1290.0,1293.9,1294.5,1301.0,,1293.9,,,15695263,20327586926.9,213627,F1,1,,,,,
2026-06-30,2026-06-30,CM,NSE,STK,15259,INE614G01033,RPOWER,EQ,,,,,RELIANCE POWER LTD.,24.2,25.3,24.2,24.84,24.95,24.14,,24.84,,,42654691,1056021871.19,53350,F1,1,,,,,
2026-06-30,2026-06-30,CM,NSE,STK,15068,INE621H01010,RELIGARE,EQ,,,,,RELIGARE ENTER. LTD.,269.99,272.2,266.4,270.26,268.01,269.99,,270.27,,,605185,162753109.94,11091,F1,1,,,,,
2026-06-30,2026-06-30,CM,NSE,STK,3965,INE474C01023,REMSONSIND,EQ,,,,,REMSONS INDUSTRIES LTD,80.1,83.99,78.51,78.94,78.8,81.08,,78.95,,,225685,18049441.28,2889,F1,1,,,,,
2026-06-30,2026-06-30,CM,NSE,STK,16154,INE0O5T01011,REMUS,SM,,,,,REMUS PHARMACEUTICALS L,755.0,785.0,750.0,779.25,772.0,763.55,,779.25,,,3100,2372740.0,29,F1,100,,,,,
2026-06-30,2026-06-30,CM,NSE,STK,15129,INE722H01024,RGL,EQ,,,,,RENAISSANCE GLOBAL LTD,115.75,117.6,114.86,116.67,116.45,115.63,,116.67,,,221467,25814819.58,2045,F1,1,,,,,
2026-06-30,2026-06-30,CM,NSE,STK,758157,INE0VZX01015,RNPL,SM,,,,,RENOL POLYCHEM LIMITED,77.0,77.0,77.0,77.0,77.0,76.8,,77.0,,,1200,92400.0,1,F1,1200,,,,,
2026-06-30,2026-06-30,CM,NSE,STK,29598,INE612J01015,REPCOHOME,EQ,,,,,REPCO HOME FINANCE LTD,421.85,433.0,414.1,417.75,415.05,421.45,,417.75,,,135931,57086477.7,6869,F1,1,,,,,
2026-06-30,2026-06-30,CM,NSE,STK,13126,INE461B01014,REPRO,EQ,,,,,REPRO INDIA LIMITED,370.15,384.3,369.9,371.0,373.0,370.05,,371.0,,,5024,1870369.15,207,F1,1,,,,,
2026-06-30,2026-06-30,CM,NSE,STK,20323,INE688D01026,RESPONIND,EQ,,,,,RESPONSIVE INDUSTRIES LTD,194.58,200.51,194.36,195.49,195.0,194.74,,195.55,,,70418,13885937.14,2453,F1,1,,,,,
2026-06-30,2026-06-30,CM,NSE,STK,1494,INE07T201019,RBA,EQ,,,,,RESTAURANT BRAND ASIA LTD,79.95,79.95,78.8,79.18,79.0,79.79,,79.18,,,14534585,1156242288.91,14455,F1,1,,,,,
2026-06-30,2026-06-30,CM,NSE,STK,25157,INE0DAB01012,RVTH,EQ,,,,,REVATHI EQUIPMENT INDIA L,755.5,773.0,727.5,759.35,773.0,745.95,,759.25,,,925,694657.35,64,F1,1,,,,,
2026-06-30,2026-06-30,CM,NSE,STK,763465,INE0V2V01015,RFBL,SM,,,,,RFBL FLEXI PACK LIMITED,86.05,86.05,85.05,85.1,85.15,83.05,,85.1,,,54000,4598250.0,7,F1,3000,,,,,
2026-06-30,2026-06-30,CM,NSE,STK,759062,INE0KKN01029,RHETAN,EQ,,,,,RHETAN TMT LIMITED,27.0,27.29,26.11,26.32,26.3,26.35,,26.32,,,2908786,76850444.23,2897,F1,1,,,,,
2026-06-30,2026-06-30,CM,NSE,STK,31163,INE743M01012,RHIM,EQ,,,,,RHI MAGNESITA INDIA LTD,373.8,374.35,363.0,367.75,367.0,372.95,,367.75,,,207649,76263376.05,10447,F1,1,,,,,
2026-06-30,2026-06-30,CM,NSE,STK,8212,INE0J1P01015,RICHA,ST,,,,,RICHA INFO SYSTEMS LTD,90.0,93.0,86.55,92.0,91.0,91.0,,92.0,,,30000,2703550.0,8,F1,1000,,,,,
2026-06-30,2026-06-30,CM,NSE,STK,2909,INE209B01025,RICOAUTO,EQ,,,,,RICO AUTO INDUSTRIES LTD,133.51,139.7,132.12,135.36,135.4,132.99,,135.36,,,3211592,437660469.9,24091,F1,1,,,,,
2026-06-30,2026-06-30,CM,NSE,STK,18417,INE0N2P01017,RISHABH,EQ,,,,,RISHABH INSTRUMENTS LTD,582.0,585.05,568.1,572.05,575.6,579.85,,572.1,,,50247,28881212.0,3236,F1,1,,,,,
2026-06-30,2026-06-30,CM,NSE,STK,8944,INE01EG01016,RITCO,EQ,,,,,RITCO LOGISTICS LIMITED,261.95,263.0,254.0,256.65,254.05,259.6,,256.65,,,20419,5258417.75,730,F1,1,,,,,
2026-06-30,2026-06-30,CM,NSE,STK,11917,INE0MRA01019,RITEZONE,ST,,,,,RITE ZONE CHEMCON IND LTD,19.8,19.8,19.8,19.8,19.8,18.95,,19.8,,,3200,63360.0,2,F1,1600,,,,,
2026-06-30,2026-06-30,CM,NSE,STK,3761,INE320J01015,RITES,EQ,,,,,RITES LIMITED,208.8,210.0,203.44,204.51,204.01,206.11,,204.52,,,535827,110415972.61,12178,F1,1,,,,,
2026-06-30,2026-06-30,CM,NSE,STK,1547,INE786W01010,RKEC,EQ,,,,,RKEC PROJECTS LIMITED,27.44,27.5,24.51,25.65,25.5,26.64,,25.65,,,77135,1972861.1,530,F1,1,,,,,
2026-06-30,2026-06-30,CM,NSE,STK,762346,INE655V01019,RMC,EQ,,,,,RMC SWITCHGEARS LIMITED,314.25,329.7,308.0,310.35,310.9,312.05,,310.5,,,40504,12881968.85,1959,F1,1,,,,,
2026-06-30,2026-06-30,CM,NSE,STK,24589,INE0SA001017,RNFI,SM,,,,,RNFI SERVICES LIMITED,251.0,259.0,250.0,255.0,255.0,247.45,,255.0,,,27000,6882840.0,28,F1,600,,,,,
2026-06-30,2026-06-30,CM,NSE,STK,15157,INE508K01013,RHL,EQ,,,,,ROBUST HOTELS LIMITED,176.2,177.5,175.0,175.52,175.0,176.18,,175.52,,,2244,394256.63,59,F1,1,,,,,
2026-06-30,2026-06-30,CM,NSE,STK,760033,IN90PTR01010,ROCKPP,E1,,,,,ROCKINGDCE RS.5 PPD UP,52.0,53.0,52.0,52.0,52.0,51.95,,52.0,,,8000,417000.0,7,F1,1000,,,,,
2026-06-30,2026-06-30,CM,NSE,STK,20289,INE0PTR01012,ROCKINGDCE,SM,,,,,ROCKINGDEALS CIRCU ECO L,178.35,178.35,178.35,178.35,178.35,186.75,,178.35,,,750,133762.5,3,F1,250,,,,,
2026-06-30,2026-06-30,CM,NSE,STK,5279,INE645S01024,ROLEXRINGS,EQ,,,,,ROLEX RINGS LIMITED,148.75,150.0,148.21,149.58,149.35,147.71,,149.57,,,1053483,157243313.28,9879,F1,1,,,,,
2026-06-30,2026-06-30,CM,NSE,STK,19108,INE927A01040,ROLLT,BE,,,,,ROLLATAINERS LIMITED,2.78,2.78,2.78,2.78,2.78,2.92,,2.78,,,34750,96605.0,89,F1,1,,,,,
2026-06-30,2026-06-30,CM,NSE,STK,19410,INE02A801020,ROSSARI,EQ,,,,,ROSSARI BIOTECH LIMITED,529.9,529.9,519.3,525.35,525.65,523.0,,525.35,,,43545,22875653.55,3511,F1,1,,,,,
2026-06-30,2026-06-30,CM,NSE,STK,28913,INE847C01020,ROSSELLIND,EQ,,,,,ROSSELL INDIA LIMITED,58.66,59.0,56.95,57.64,57.6,56.94,,57.65,,,27573,1593105.18,511,F1,1,,,,,
2026-06-30,2026-06-30,CM,NSE,STK,27353,INE0OJW01016,ROSSTECH,EQ,,,,,ROSSELL TECHSYS LIMITED,941.5,983.9,939.0,969.4,973.0,929.1,,969.5,,,205958,198852531.7,10658,F1,1,,,,,
2026-06-30,2026-06-30,CM,NSE,STK,9049,INE535D01037,ROTO,EQ,,,,,ROTO PUMPS LIMITED,71.64,73.17,70.85,72.11,72.5,71.39,,72.13,,,2488429,178727547.81,10182,F1,1,,,,,
2026-06-30,2026-06-30,CM,NSE,STK,128,INE450U01017,ROUTE,EQ,,,,,ROUTE MOBILE LIMITED,518.65,524.3,517.5,519.0,518.0,517.8,,519.0,,,85773,44536209.3,3456,F1,1,,,,,
2026-06-30,2026-06-30,CM,NSE,STK,20170,INE0PDJ01013,ROXHITECH,ST,,,,,ROX HI TECH LIMITED,37.5,39.2,37.5,39.2,39.2,37.35,,39.2,,,46400,1803840.0,23,F1,1600,,,,,
2026-06-30,2026-06-30,CM,NSE,STK,29727,INE0EO401019,ROYALARC,SM,,,,,ROYAL ARC ELECTRODES LTD,146.1,146.1,146.0,146.05,146.0,149.0,,146.05,,,2400,350520.0,2,F1,1200,,,,,
2026-06-30,2026-06-30,CM,NSE,STK,13182,INE283H01019,ROHLTD,EQ,,,,,ROYAL ORCHID HOTELS LTD,333.0,336.9,330.2,333.0,333.8,332.05,,333.0,,,15935,5305738.9,423,F1,1,,,,,
2026-06-30,2026-06-30,CM,NSE,STK,16725,INE105J01010,RPGLIFE,EQ,,,,,RPG LIFE SCIENCES LTD,2286.3,2305.8,2262.6,2292.5,2294.0,2278.4,,2292.6,,,5147,11775879.5,745,F1,1,,,,,
2026-06-30,2026-06-30,CM,NSE,STK,8119,INE425Y01011,RPSGVENT,EQ,,,,,RPSG VENTURES LIMITED,862.0,868.9,843.0,849.45,851.9,862.0,,849.4,,,28698,24469834.0,1150,F1,1,,,,,
2026-06-30,2026-06-30,CM,NSE,STK,7292,INE611A01016,RSWM,BE,,,,,RSWM LIMITED,190.5,194.7,188.0,192.61,189.0,191.9,,192.65,,,9747,1866240.8,447,F1,1,,,,,
2026-06-30,2026-06-30,CM,NSE,STK,24730,INE642C01025,RUBFILA,EQ,,,,,RUBFILA INTERNATIONAL LTD,69.06,73.59,69.06,72.44,72.55,70.21,,72.44,,,19362,1390080.16,442,F1,1,,,,,
2026-06-30,2026-06-30,CM,NSE,STK,759316,INE506V01022,RUBICON,EQ,,,,,RUBICON RESEARCH LIMITED,1423.7,1436.5,1380.0,1402.9,1395.2,1419.6,,1402.8,,,267382,374660561.2,19915,F1,1,,,,,
2026-06-30,2026-06-30,CM,NSE,STK,4566,INE413B01023,RUCHINFRA,EQ,,,,,RUCHI INFRASTRUCTURE LTD,6.24,6.29,6.02,6.1,6.14,6.18,,6.1,,,73696,449592.2,141,F1,1,,,,,
2026-06-30,2026-06-30,CM,NSE,STK,13821,INE803H01014,RUCHIRA,EQ,,,,,RUCHIRA PAPERS LIMITED,110.85,112.95,110.4,112.0,112.9,109.8,,112.0,,,26218,2927564.97,514,F1,1,,,,,
2026-06-30,2026-06-30,CM,NSE,STK,760401,INE027T01023,RUDRA,BE,,,,,RUDRA GLOBAL INFRA PROD L,17.0,17.46,17.0,17.1,17.1,17.2,,17.13,,,23889,406893.44,77,F1,1,,,,,
2026-06-30,2026-06-30,CM,NSE,STK,1486,INE364Z01019,REPL,BE,,,,,RUDRABHISHEK ENTERP LTD,65.17,68.9,64.01,68.33,68.16,66.67,,68.33,,,5153,340568.1,69,F1,1,,,,,
2026-06-30,2026-06-30,CM,NSE,STK,23830,INE0R7301013,RULKA,SM,,,,,RULKA ELECTRICALS LIMITED,89.0,90.95,89.0,90.95,90.95,89.95,,90.95,,,600,53985.0,2,F1,300,,,,,
2026-06-30,2026-06-30,CM,NSE,STK,25724,INE895B01021,RUPA,EQ,,,,,RUPA & COMPANY LTD,168.95,171.0,168.0,169.02,169.7,168.58,,169.02,,,123276,20847210.79,2195,F1,1,,,,,
2026-06-30,2026-06-30,CM,NSE,STK,24595,INE573K01025,RUSHIL,EQ,,,,,RUSHIL DECOR LIMITED,16.6,17.51,16.48,16.89,16.95,16.48,,16.89,,,745588,12652403.74,1677,F1,1,,,,,
2026-06-30,2026-06-30,CM,NSE,STK,24674,INE0BSN01013,SATECH,SM,,,,,S A TECH SOFTWARE INDIA L,33.5,35.1,33.5,35.1,35.1,33.45,,35.1,,,11000,384250.0,11,F1,1000,,,,,
2026-06-30,2026-06-30,CM,NSE,STK,20698,INE807K01035,SCHAND,EQ,,,,,S CHAND AND COMPANY LTD,145.25,148.8,145.19,147.49,147.99,145.51,,147.49,,,17786,2608999.55,545,F1,1,,,,,
2026-06-30,2026-06-30,CM,NSE,STK,25528,INE0X6F01017,SDREAMS,SM,,,,,S D RETAIL LIMITED,90.9,95.0,90.9,93.0,93.0,87.05,,93.0,,,7000,645850.0,7,F1,1000,,,,,
2026-06-30,2026-06-30,CM,NSE,STK,11212,INE500L01026,SHK,EQ,,,,,S H KELKAR AND CO. LTD.,132.9,133.92,128.0,128.33,128.49,132.24,,128.28,,,398424,51535298.65,4627,F1,1,,,,,
2026-06-30,2026-06-30,CM,NSE,STK,20542,INE0F3301020,SJLOGISTIC,SM,,,,,S J LOGISTICS (INDIA) LTD,333.0,336.7,326.0,331.85,330.0,330.7,,331.85,,,20250,6683962.5,68,F1,250,,,,,
2026-06-30,2026-06-30,CM,NSE,STK,2951,INE902B01017,S&SPOWER,EQ,,,,,S&S POWER SWITCHGEARS LTD,370.75,379.4,363.45,368.55,368.0,370.75,,368.55,,,1158,428313.3,72,F1,1,,,,,
2026-06-30,2026-06-30,CM,NSE,STK,18252,INE212I01016,SPAL,EQ,,,,,S. P. APPARELS LIMITED,1052.75,1185.0,1017.85,1138.15,1134.3,1051.4,,1138.05,,,1266651,1452036526.55,53182,F1,1,,,,,
2026-06-30,2026-06-30,CM,NSE,STK,11637,INE658G01014,SALSTEEL,BE,,,,,S.A.L. STEEL LTD.,54.48,56.0,53.0,54.32,54.9,54.48,,54.27,,,63926,3523095.95,242,F1,1,,,,,
2026-06-30,2026-06-30,CM,NSE,STK,19093,INE0PSK01027,SAAKSHI,SM,,,,,SAAKSHI MEDTEC N PANELS L,324.5,331.0,314.0,315.0,314.0,325.5,,315.0,,,15000,4832070.0,24,F1,600,,,,,
2026-06-30,2026-06-30,CM,NSE,STK,759057,INE13B501022,SAATVIKGL,EQ,,,,,SAATVIK GREEN ENERGY LTD,465.05,470.05,458.1,464.95,464.0,462.4,,464.95,,,68415,31744529.7,2755,F1,1,,,,,
2026-06-30,2026-06-30,CM,NSE,STK,18501,INE860T01019,SABEVENTS,BE,,,,,SAB EVENTS & GOVERNANCE,8.45,8.91,8.08,8.2,8.21,8.49,,8.33,,,4267,36246.32,27,F1,1,,,,,
2026-06-30,2026-06-30,CM,NSE,STK,757409,INE1ARD01016,SACHEEROME,SM,,,,,SACHEEROME LIMITED,315.0,315.0,311.3,312.9,315.0,314.85,,312.9,,,50400,15786375.0,94,F1,300,,,,,
2026-06-30,2026-06-30,CM,NSE,STK,13236,INE226H01026,SADBHAV,EQ,,,,,SADBHAV ENGINEERING LTD,8.74,8.88,8.7,8.79,8.8,8.7,,8.79,,,71092,624661.21,227,F1,1,,,,,
2026-06-30,2026-06-30,CM,NSE,STK,10622,INE764L01010,SADBHIN,BE,,,,,SADBHAV INFRA PROJ LTD.,2.74,2.77,2.65,2.76,2.77,2.68,,2.76,,,79512,217816.56,103,F1,1,,,,,
2026-06-30,2026-06-30,CM,NSE,STK,15349,INE888C01040,SADHNANIQ,BE,,,,,SADHANA NITROCHEM LIMITED,2.87,2.87,2.87,2.87,2.87,2.92,,2.84,,,335882,963981.34,240,F1,1,,,,,
2026-06-30,2026-06-30,CM,NSE,STK,22897,INE0K5H01010,SADHAV,SM,,,,,SADHAV SHIPPING LIMITED,111.95,120.0,110.75,118.15,118.5,112.5,,118.15,,,18000,2089620.0,28,F1,600,,,,,
2026-06-30,2026-06-30,CM,NSE,STK,13035,INE429E01023,SAFARI,EQ,,,,,SAFARI IND (INDIA) LTD,1586.0,1616.0,1581.9,1594.0,1585.0,1586.6,,1594.0,,,126367,201489027.4,5915,F1,1,,,,,
2026-06-30,2026-06-30,CM,NSE,STK,757583,INE17D601016,SAFEENTP,SM,,,,,SAFE ENTER RETAIL FIX LTD,280.95,292.0,275.15,289.65,289.8,278.65,,289.65,,,198500,56649575.0,276,F1,500,,,,,
2026-06-30,2026-06-30,CM,NSE,STK,14068,INE229C01021,SAGCEM,EQ,,,,,SAGAR CEMENTS LIMITED,175.83,179.06,175.0,178.2,177.0,175.44,,178.2,,,39896,7093597.27,1005,F1,1,,,,,
2026-06-30,2026-06-30,CM,NSE,STK,8175,INE976T01013,SAGARDEEP,EQ,,,,,SAGARDEEP ALLOYS LIMITED,24.79,25.4,24.71,25.15,25.39,24.91,,25.15,,,673,16976.65,30,F1,1,,,,,
2026-06-30,2026-06-30,CM,NSE,STK,27052,INE0W2G01015,SAGILITY,EQ,,,,,SAGILITY LIMITED,39.5,39.99,39.2,39.4,39.39,39.41,,39.4,,,16005360,632904619.95,34160,F1,1,,,,,
2026-06-30,2026-06-30,CM,NSE,STK,24478,INE0P4701011,SAHAJSOLAR,SM,,,,,SAHAJ SOLAR LIMITED,128.1,133.3,128.1,132.65,133.0,132.0,,132.65,,,10000,1317500.0,21,F1,400,,,,,
2026-06-30,2026-06-30,CM,NSE,STK,16711,INE0LEX01011,SAHANA,SM,,,,,SAHANA SYSTEM LIMITED,873.05,904.0,873.05,890.7,891.0,877.45,,890.7,,,8250,7338487.5,57,F1,125,,,,,
2026-06-30,2026-06-30,CM,NSE,STK,25671,INE0RBQ01018,SAHASRA,ST,,,,,SAHASRA ELECTRONIC SOLU L,320.0,320.0,316.95,316.95,316.95,323.4,,316.95,,,6000,1905360.0,15,F1,400,,,,,
2026-06-30,2026-06-30,CM,NSE,STK,14900,INE280H01015,SAHYADRI,EQ,,,,,SAHYADRI INDUSTRIES LTD,273.8,285.0,273.8,282.7,284.0,273.8,,282.7,,,1998,555867.4,272,F1,1,,,,,
2026-06-30,2026-06-30,CM,NSE,STK,27839,INE570L01029,SAILIFE,EQ,,,,,SAI LIFE SCIENCES LIMITED,1252.0,1260.0,1230.3,1234.3,1242.7,1247.9,,1234.3,,,533103,666139857.2,25473,F1,1,,,,,
2026-06-30,2026-06-30,CM,NSE,STK,761675,INE0H9F01037,SAIPARENT,EQ,,,,,SAI PARENTERALS LIMITED,583.7,598.05,583.65,588.35,589.8,587.45,,588.35,,,435543,257010749.7,14653,F1,1,,,,,
2026-06-30,2026-06-30,CM,NSE,STK,18755,INE438K01021,KALAMANDIR,EQ,,,,,SAI SILKS (KALAMANDIR) L,111.01,112.04,108.96,109.47,109.32,111.1,,109.46,,,441533,48519421.73,3897,F1,1,,,,,
2026-06-30,2026-06-30,CM,NSE,STK,25712,INE00MT01022,SAJHOTELS,SM,,,,,SAJ HOTELS LIMITED,35.9,36.0,35.35,35.9,36.0,35.1,,35.9,,,32000,1141200.0,14,F1,2000,,,,,
2026-06-30,2026-06-30,CM,NSE,STK,9539,INE732S01012,SAKAR,EQ,,,,,SAKAR HEALTHCARE LIMITED,842.0,847.9,825.35,838.1,840.0,832.45,,838.1,,,86938,72933642.55,4920,F1,1,,,,,
2026-06-30,2026-06-30,CM,NSE,STK,11794,INE667G01023,SAKSOFT,EQ,,,,,SAKSOFT LIMITED,191.33,212.47,187.45,206.71,206.8,183.77,,206.71,,,127442086,26053282777.69,581797,F1,1,,,,,
2026-06-30,2026-06-30,CM,NSE,STK,2969,INE623A01011,SAKHTISUG,EQ,,,,,SAKTHI SUGARS LTD,16.61,17.4,16.52,16.97,16.95,16.63,,16.97,,,64114,1090895.88,370,F1,1,,,,,
2026-06-30,2026-06-30,CM,NSE,STK,13255,INE190H01024,SAKUMA,BE,,,,,SAKUMA EXPORTS LIMITED,1.86,1.89,1.79,1.81,1.83,1.86,,1.81,,,786554,1444968.87,900,F1,1,,,,,
2026-06-30,2026-06-30,CM,NSE,STK,21362,INE170V01027,SALASAR,EQ,,,,,SALASAR TECHNO ENGG. LTD.,6.14,6.17,5.8,5.92,6.0,6.09,,5.93,,,30723640,183714159.58,9045,F1,1,,,,,
2026-06-30,2026-06-30,CM,NSE,STK,17351,INE498E01010,SALONA,EQ,,,,,SALONA COTSPIN LTD.,257.0,270.35,255.3,258.85,258.0,256.6,,258.85,,,163,42150.6,32,F1,1,,,,,
2026-06-30,2026-06-30,CM,NSE,STK,11399,INE457F01013,SALZERELEC,EQ,,,,,SALZER ELECTRONICS LTD,628.35,640.95,626.3,636.85,640.0,628.35,,636.95,,,30124,19081449.05,1941,F1,1,,,,,
2026-06-30,2026-06-30,CM,NSE,STK,756848,INE124101010,SAMAY,SM,,,,,SAMAY PROJECT SERVICES L,46.0,46.0,46.0,46.0,46.0,46.5,,46.0,,,16000,736000.0,4,F1,4000,,,,,
2026-06-30,2026-06-30,CM,NSE,STK,4127,INE699B01027,SAMBHAAV,EQ,,,,,SAMBHAAV MEDIA LTD,6.27,6.61,6.27,6.29,6.29,6.35,,6.29,,,105623,668921.12,174,F1,1,,,,,
2026-06-30,2026-06-30,CM,NSE,STK,757767,INE12NJ01018,SAMBHV,EQ,,,,,SAMBHV STEEL TUBES LTD,110.55,114.8,107.88,108.46,108.25,110.55,,108.46,,,1638151,182446697.46,12164,F1,1,,,,,
2026-06-30,2026-06-30,CM,NSE,STK,21096,INE0PZA01015,SAIFL,SM,,,,,SAMEERA AGRO AND INFRA L,5.5,5.5,5.2,5.2,5.2,5.45,,5.2,,,624000,3278800.0,94,F1,4000,,,,,
2026-06-30,2026-06-30,CM,NSE,STK,18614,INE08U801020,SAMHI,EQ,,,,,SAMHI HOTELS LIMITED,176.48,179.03,172.52,174.76,174.18,176.44,,174.76,,,791499,137996207.29,6603,F1,1,,,,,
2026-06-30,2026-06-30,CM,NSE,STK,30125,INE148I01020,SAMMAANCAP,EQ,,,,,SAMMAAN CAPITAL LIMITED,170.0,178.05,169.4,173.62,174.0,167.64,,173.62,,,67228483,11670461126.3,124302,F1,1,,,,,
2026-06-30,2026-06-30,CM,NSE,STK,27303,INE735M01018,SAMPANN,EQ,,,,,SAMPANN UTPADAN INDIA LTD,28.89,28.9,27.61,27.97,28.34,28.21,,27.96,,,43884,1249088.17,734,F1,1,,,,,
2026-06-30,2026-06-30,CM,NSE,STK,4204,INE775A01035,MOTHERSON,EQ,,,,,SAMVRDHNA MTHRSN INTL LTD,148.94,150.5,146.5,148.11,148.5,150.56,,148.11,,,25616527,3808944400.53,97299,F1,1,,,,,
2026-06-30,2026-06-30,CM,NSE,STK,28805,INE0JPD01013,SANATHAN,EQ,,,,,SANATHAN TEXTILES LIMITED,449.0,452.45,445.2,446.3,447.0,447.95,,446.3,,,5395,2420812.95,341,F1,1,,,,,
2026-06-30,2026-06-30,CM,NSE,STK,2988,INE583B01015,SANDESH,EQ,,,,,SANDESH LTD,996.1,1009.4,988.0,990.3,990.1,1011.3,,990.3,,,111,110572.5,43,F1,1,,,,,
2026-06-30,2026-06-30,CM,NSE,STK,2397,INE278H01035,SANDHAR,EQ,,,,,SANDHAR TECHNOLOGIES LTD,674.0,723.1,674.0,716.9,719.0,674.05,,716.9,,,970733,675760307.1,21648,F1,1,,,,,
2026-06-30,2026-06-30,CM,NSE,STK,18359,INE149K01016,SANDUMA,EQ,,,,,SANDUR MANG & IRON ORES L,207.7,207.85,201.45,202.85,203.2,207.95,,202.9,,,1341172,272088842.37,13818,F1,1,,,,,
2026-06-30,2026-06-30,CM,NSE,STK,4184,INE495C01010,SANGAMIND,EQ,,,,,SANGAM (INDIA) LTD,532.85,548.6,529.45,544.25,543.0,532.35,,544.1,,,22938,12389796.85,1089,F1,1,,,,,
2026-06-30,2026-06-30,CM,NSE,STK,14058,INE989A01032,SANGHVIMOV,EQ,,,,,SANGHVI MOVERS LTD,422.0,443.35,420.3,438.4,439.95,421.95,,438.4,,,639085,278644234.95,14323,F1,1,,,,,
2026-06-30,2026-06-30,CM,NSE,STK,11033,INE753W01010,SANGINITA,BE,,,,,SANGINITA CHEMICALS LTD,43.24,43.24,43.22,43.22,43.22,42.4,,43.22,,,195854,8467880.82,301,F1,1,,,,,
2026-06-30,2026-06-30,CM,NSE,STK,25222,INE0UOS01011,SANOFICONR,EQ,,,,,SANOFI CONS HEALTHC IND L,4613.9,4628.9,4555.0,4597.0,4628.0,4608.0,,4597.1,,,28618,130993267.0,2036,F1,1,,,,,
2026-06-30,2026-06-30,CM,NSE,STK,1442,INE058A01010,SANOFI,EQ,,,,,SANOFI INDIA LIMITED,3389.0,3411.4,3360.5,3406.3,3407.9,3366.7,,3406.3,,,23307,79189471.6,6655,F1,1,,,,,
2026-06-30,2026-06-30,CM,NSE,STK,5751,INE953O01021,SANSERA,EQ,,,,,SANSERA ENGINEERING LTD,3140.5,3226.9,3140.5,3196.2,3196.0,3139.7,,3196.1,,,287199,919099129.2,29613,F1,1,,,,,
2026-06-30,2026-06-30,CM,NSE,STK,24582,INE08NE01025,SANSTAR,EQ,,,,,SANSTAR LIMITED,121.61,124.9,120.61,121.47,121.15,121.01,,121.47,,,428407,52454419.71,3930,F1,1,,,,,
2026-06-30,2026-06-30,CM,NSE,STK,46,INE890C01046,SANWARIA,BZ,,,,,SANWARIA CONSUMER LIMITED,0.21,0.22,0.2,0.21,0.22,0.21,,0.21,,,1032672,219514.47,206,F1,1,,,,,
2026-06-30,2026-06-30,CM,NSE,STK,6718,INE806T01020,SAPPHIRE,EQ,,,,,SAPPHIRE FOODS INDIA LTD,180.0,183.3,178.45,180.74,180.0,180.4,,180.75,,,193500,35106109.72,4870,F1,1,,,,,
2026-06-30,2026-06-30,CM,NSE,STK,19863,INE0PUC01020,SARTELE,SM,,,,,SAR TELEVENTURE LIMITED,130.0,142.65,128.0,142.65,142.65,129.7,,142.65,,,117000,16158950.0,196,F1,500,,,,,
2026-06-30,2026-06-30,CM,NSE,STK,762985,INE967G01019,ZSARACOM,EQ,,,,,SARASWATI COMM (INDIA) L,9400.0,9400.0,9115.0,9115.0,9115.0,9500.0,,9057.5,,,9,83530.0,5,F1,1,,,,,
2026-06-30,2026-06-30,CM,NSE,STK,24856,INE0PQ101010,SSDL,EQ,,,,,SARASWATI SAREE DEPOT LTD,58.8,58.8,56.15,57.19,57.5,57.39,,57.12,,,18775,1070998.84,768,F1,1,,,,,
2026-06-30,2026-06-30,CM,NSE,STK,17758,INE385C01021,SARDAEN,EQ,,,,,SARDA ENERGY & MIN LTD,506.55,511.5,494.85,496.3,495.0,505.5,,496.25,,,258113,129544704.2,10101,F1,1,,,,,
2026-06-30,2026-06-30,CM,NSE,STK,4892,INE979A01025,SAREGAMA,EQ,,,,,SAREGAMA INDIA LIMITED,496.0,498.05,489.0,492.8,492.65,498.9,,492.8,,,327193,161315674.3,9820,F1,1,,,,,
2026-06-30,2026-06-30,CM,NSE,STK,14043,INE453D01025,SARLAPOLY,EQ,,,,,SARLA PERF. FIBERS LTD,97.1,98.46,96.75,98.14,98.4,97.45,,98.14,,,31233,3052763.56,548,F1,1,,,,,
2026-06-30,2026-06-30,CM,NSE,STK,18506,INE0PCL01011,SAROJA,SM,,,,,SAROJA PHARMA INDUS IND L,33.0,33.0,33.0,33.0,33.0,33.0,,33.0,,,1600,52800.0,1,F1,1600,,,,,
2026-06-30,2026-06-30,CM,NSE,STK,6843,INE017W01010,SMLT,EQ,,,,,SARTHAK METALS LIMITED,70.59,70.59,67.85,68.24,67.85,68.56,,68.24,,,3449,238199.7,100,F1,1,,,,,
2026-06-30,2026-06-30,CM,NSE,STK,12950,INE324X01026,SARVESHWAR,BE,,,,,SARVESHWAR FOODS LIMITED,3.63,3.8,3.63,3.67,3.7,3.75,,3.68,,,1154041,4267857.25,1494,F1,1,,,,,
2026-06-30,2026-06-30,CM,NSE,STK,11983,INE231F01020,SASKEN,EQ,,,,,SASKEN TECHNOLOGIES LTD,2161.0,2236.3,2154.0,2161.6,2178.0,2187.5,,2161.6,,,38124,83139069.5,3953,F1,1,,,,,
2026-06-30,2026-06-30,CM,NSE,STK,29154,INE0NB801022,SATKARTAR,ST,,,,,SAT KARTAR LIFE LIMITED,146.15,148.5,142.8,146.0,146.0,145.0,,146.0,,,18400,2681800.0,23,F1,800,,,,,
2026-06-30,2026-06-30,CM,NSE,STK,24697,INE0RFP01011,SSEGL,SM,,,,,SATHLOKHAR SYN E&C GLOB L,316.0,329.0,314.0,315.3,316.4,317.4,,315.3,,,40400,12903870.0,146,F1,200,,,,,
2026-06-30,2026-06-30,CM,NSE,STK,24507,INE0RPM01017,SATIPOLY,ST,,,,,SATI POLY PLAST LIMITED,31.85,31.85,31.85,31.85,31.85,31.85,,31.85,,,3000,95550.0,1,F1,500,,,,,
2026-06-30,2026-06-30,CM,NSE,STK,11045,INE170E01023,SATIA,EQ,,,,,SATIA INDUSTRIES LIMITED,53.99,55.0,53.57,54.5,54.16,53.99,,54.49,,,86422,4688424.22,1062,F1,1,,,,,
2026-06-30,2026-06-30,CM,NSE,STK,10453,INE836B01017,SATIN,EQ,,,,,SATIN CREDIT NET LTD,237.96,248.2,234.42,245.9,246.0,235.89,,245.9,,,870050,212105220.1,13898,F1,1,,,,,
2026-06-30,2026-06-30,CM,NSE,STK,758960,INE14DW01018,SATTVAENGG,SM,,,,,SATTVA ENGINEERING CSTN L,78.9,79.55,76.1,76.35,76.1,76.65,,76.35,,,41600,3236080.0,26,F1,1600,,,,,
2026-06-30,2026-06-30,CM,NSE,STK,3018,INE626A01014,SAURASHCEM,EQ,,,,,SAURASHTRA CEMENT LIMITED,58.36,58.36,55.49,56.13,55.65,57.11,,56.14,,,86344,4858104.1,881,F1,1,,,,,
2026-06-30,2026-06-30,CM,NSE,STK,3021,INE035D01020,SOTL,EQ,,,,,SAVITA OIL TECHNOLO. LTD,505.0,525.7,505.0,513.5,515.0,503.8,,513.5,,,95476,49132468.95,4021,F1,1,,,,,
2026-06-30,2026-06-30,CM,NSE,STK,757704,INE0UCN01017,SAVY,SM,,,,,SAVY INFRA AND LOGI LTD,129.0,129.0,129.0,129.0,129.0,128.5,,129.0,,,1200,154800.0,1,F1,1200,,,,,
2026-06-30,2026-06-30,CM,NSE,STK,758444,INE10VS01016,SAWALIYA,SM,,,,,SAWALIYA FOOD PRODUCTS L,304.0,312.95,300.0,304.85,303.05,298.4,,304.85,,,45000,13709970.0,38,F1,600,,,,,
2026-06-30,2026-06-30,CM,NSE,STK,762879,INE318C01014,SAYAJIHOTL,EQ,,,,,SAYAJI HOTELS LTD.,330.0,330.0,308.0,308.0,308.0,315.4,,308.0,,,84,27275.05,15,F1,1,,,,,
2026-06-30,2026-06-30,CM,NSE,STK,6792,INE04AK01028,SBC,EQ,,,,,SBC EXPORTS LIMITED,42.2,42.2,41.29,41.38,41.4,41.75,,41.38,,,8408991,349207440.18,4732,F1,1,,,,,
2026-06-30,2026-06-30,CM,NSE,STK,18026,INE423Y01016,SBFC,EQ,,,,,SBFC FINANCE LIMITED,91.0,92.0,90.65,90.77,90.96,90.93,,90.77,,,657510,59858872.2,6307,F1,1,,,,,
2026-06-30,2026-06-30,CM,NSE,STK,17971,INE018E01016,SBICARD,EQ,,,,,SBI CARDS & PAY SER LTD,605.1,607.8,590.65,593.2,595.55,601.9,,593.2,,,1615381,962225624.2,33495,F1,1,,,,,
2026-06-30,2026-06-30,CM,NSE,STK,21808,INE123W01016,SBILIFE,EQ,,,,,SBI LIFE INSURANCE CO LTD,1747.5,1777.0,1738.0,1765.7,1777.0,1755.4,,1765.7,,,1456822,2565205763.1,58538,F1,1,,,,,
2026-06-30,2026-06-30,CM,NSE,STK,17272,INF200KA16D8,SETFGOLD,EQ,,,,,SBI-ETF GOLD,117.51,120.04,117.51,119.58,119.66,120.42,,119.58,,,4653867,554291462.35,15845,F1,1,,,,,
2026-06-30,2026-06-30,CM,NSE,STK,10176,INF200KA1FS1,SETFNIF50,EQ,,,,,SBI-ETF NIFTY 50,269.93,269.93,256.4,256.76,257.48,257.08,,256.76,,,1078129,277001589.8,9460,F1,1,,,,,
2026-06-30,2026-06-30,CM,NSE,STK,7361,INF200KA1580,SETFNIFBK,EQ,,,,,SBI-ETF NIFTY BANK,622.86,622.86,589.5,591.75,593.78,593.2,,591.76,,,101547,60104013.89,881,F1,1,,,,,
2026-06-30,2026-06-30,CM,NSE,STK,7353,INF200KA1598,SETFNN50,EQ,,,,,SBI-ETF NIFTY NEXT 50,769.29,774.0,763.67,765.1,767.0,766.01,,765.1,,,35904,27548104.13,1056,F1,1,,,,,
2026-06-30,2026-06-30,CM,NSE,STK,19705,INF200KA13Z8,LIQUIDSBI,EQ,,,,,SBIAMC - LIQUIDSBI,1000.0,1000.01,999.99,1000.01,1000.01,1000.01,,1000.01,,,7741,7741027.52,24,F1,1,,,,,
2026-06-30,2026-06-30,CM,NSE,STK,30290,INF200KB1712,SBIBPB,EQ,,,,,SBIAMC - SBIBPB,50.08,50.09,49.15,49.35,50.0,49.59,,49.35,,,48482,2399466.1,620,F1,1,,,,,
2026-06-30,2026-06-30,CM,NSE,STK,5168,INF200KA1X17,SBIETFCON,EQ,,,,,SBIAMC - SBIETFCON,119.77,120.49,117.3,118.94,117.3,118.58,,118.94,,,3888,461784.73,231,F1,1,,,,,
2026-06-30,2026-06-30,CM,NSE,STK,740,INF200KA1S14,SBIETFIT,EQ,,,,,SBIAMC - SBIETFIT,302.97,302.97,290.64,291.5,291.0,299.47,,291.5,,,25319,7430651.74,892,F1,1,,,,,
2026-06-30,2026-06-30,CM,NSE,STK,722,INF200KA1S22,SBIETFPB,EQ,,,,,SBIAMC - SBIETFPB,286.55,287.76,282.13,284.53,283.36,286.55,,284.53,,,3285,938316.39,358,F1,1,,,,,
2026-06-30,2026-06-30,CM,NSE,STK,7218,INF200KA1WX6,SBIETFQLTY,EQ,,,,,SBIAMC - SBIETFQLTY,214.22,214.31,212.69,213.57,213.57,214.37,,213.57,,,18676,3995713.5,55,F1,1,,,,,
2026-06-30,2026-06-30,CM,NSE,STK,758496,INF200KB1969,SBILIQETF,EQ,,,,,SBIAMC - SBILIQETF,1019.01,1045.28,1019.01,1045.27,1045.28,1045.14,,1045.27,,,119613,125027809.11,10049,F1,1,,,,,
2026-06-30,2026-06-30,CM,NSE,STK,761095,INF200KB1AJ0,SBIMIDMOM,EQ,,,,,SBIAMC - SBIMIDMOM,63.9,63.98,62.71,63.3,63.44,63.26,,63.3,,,42045,2657762.35,161,F1,1,,,,,
2026-06-30,2026-06-30,CM,NSE,STK,24524,INF200KB1282,SBINEQWETF,EQ,,,,,SBIAMC - SBINEQWETF,33.31,33.31,32.65,32.82,32.8,32.99,,32.82,,,183438,5992297.74,243,F1,1,,,,,
2026-06-30,2026-06-30,CM,NSE,STK,761741,INF200KB1AK8,SBINMID150,EQ,,,,,SBIAMC - SBINMID150,22.95,22.95,22.57,22.77,22.87,22.73,,22.77,,,17444,397030.51,121,F1,1,,,,,
2026-06-30,2026-06-30,CM,NSE,STK,24366,INF200KB1217,SBISILVER,EQ,,,,,SBIAMC - SBISILVER,216.15,219.6,211.91,218.5,218.62,213.16,,218.48,,,1351948,292379384.36,11847,F1,1,,,,,
2026-06-30,2026-06-30,CM,NSE,STK,763543,INF200KB1AY9,SBISMLETF,EQ,,,,,SBIAMC - SBISMLETF,18.07,18.07,17.55,17.76,17.8,17.77,,17.76,,,95987,1695906.5,189,F1,1,,,,,
2026-06-30,2026-06-30,CM,NSE,STK,763546,INF200KB1AX1,SBIVALETF,EQ,,,,,SBIAMC - SBIVALETF,15.76,15.76,14.9,14.91,14.9,15.01,,14.93,,,5454,81655.95,62,F1,1,,,,,
2026-06-30,2026-06-30,CM,NSE,STK,17395,INF200KA1JT1,SETF10GILT,EQ,,,,,SBIAMC - SETF10GILT,265.5,265.5,263.24,263.4,265.39,264.67,,263.4,,,5128,1352569.86,39,F1,1,,,,,
2026-06-30,2026-06-30,CM,NSE,STK,762884,INE099G01011,SCANSTL,EQ,,,,,SCAN STEELS LTD.,39.0,40.0,38.4,39.89,39.95,39.0,,39.9,,,18941,748529.65,271,F1,1,,,,,
2026-06-30,2026-06-30,CM,NSE,STK,1011,INE513A01022,SCHAEFFLER,EQ,,,,,SCHAEFFLER INDIA LIMITED,4107.3,4235.0,4070.1,4189.7,4191.0,4092.2,,4189.7,,,92652,388350318.2,23648,F1,1,,,,,
2026-06-30,2026-06-30,CM,NSE,STK,31234,INE839M01018,SCHNEIDER,EQ,,,,,SCHNEIDER ELECTRIC INFRA,1450.0,1450.0,1355.0,1360.2,1362.5,1453.6,,1360.2,,,634511,874806724.8,36624,F1,1,,,,,
2026-06-30,2026-06-30,CM,NSE,STK,757462,INE148I07XX3,SCL01825,N6,,,,,SCL 0% 2027 SR III,1066.8,1066.8,1066.8,1066.8,1066.8,1065.52,,1066.8,,,10,10668.0,1,F1,1,,,,,
2026-06-30,2026-06-30,CM,NSE,STK,760284,INE148I07YI2,879SCL30,N0,,,,,SCL 8.7923% 2030 SR I,98829.88,98829.88,98829.88,98829.88,98829.88,101999.99,,95886.59,,,2,197659.76,1,F1,1,,,,,
2026-06-30,2026-06-30,CM,NSE,STK,757466,INE148I07XK0,888SCL28,,,,,,SCL 8.88% 2028 SR V,999.98,999.98,999.98,999.98,999.98,999.73,,999.98,,,50,49999.0,1,F1,1,,,,,
2026-06-30,2026-06-30,CM,NSE,STK,25866,INE148I07UY7,925SCL26G,N0,,,,,SCL 9.25% 2026 II,105681.64,105681.64,105681.64,105681.64,105681.64,90000.0,,105681.64,,,1,105681.64,1,F1,1,,,,,
2026-06-30,2026-06-30,CM,NSE,STK,28901,INE148I07VL2,925SCL26W,N1,,,,,SCL 9.25% 2026 SR II,973.55,973.55,973.55,973.55,973.55,973.05,,973.55,,,1,973.55,1,F1,1,,,,,
2026-06-30,2026-06-30,CM,NSE,STK,757473,INE148I07XS3,925SCL30A,NH,,,,,SCL 9.25% 2030 SR IX,835.35,998.0,835.34,998.0,998.0,1008.0,,998.0,,,321,285549.83,3,F1,1,,,,,
2026-06-30,2026-06-30,CM,NSE,STK,757610,INE148I07XA1,945SCL28,N0,,,,,SCL 9.45% 2028 SR III,99926.85,99926.85,99926.85,99926.85,99926.85,100000.0,,99926.85,,,10,999268.5,1,F1,1,,,,,
2026-06-30,2026-06-30,CM,NSE,STK,757477,INE148I07XD5,945SCL32,NL,,,,,SCL 9.45% 2032 SR XI,988.0,990.0,975.0,990.0,990.0,980.0,,855.13,,,100,98422.0,3,F1,1,,,,,
2026-06-30,2026-06-30,CM,NSE,STK,30230,INE148I07WP1,971SCL30,N1,,,,,SCL 9.71% SR VIII,1026.17,1026.17,1026.17,1026.17,1026.17,1028.0,,1026.17,,,410,420729.7,3,F1,1,,,,,
2026-06-30,2026-06-30,CM,NSE,STK,757478,INE090501011,SCODATUBES,EQ,,,,,SCODA TUBES LIMITED,144.95,147.35,142.58,143.28,143.0,143.67,,143.28,,,233549,33890484.45,2294,F1,1,,,,,
2026-06-30,2026-06-30,CM,NSE,STK,20599,IN1020200086,690AP27,SG,,,,,SDL AP 6.90% 2027,100.0,100.0,100.0,100.0,100.0,104.71,,100.0,,,2200,220000.0,4,F1,100,,,,,
2026-06-30,2026-06-30,CM,NSE,STK,20744,IN1920230142,764KA39,SG,,,,,SDL KA 7.64% 2039,100.0,100.0,100.0,100.0,100.0,100.0,,100.0,,,200,20000.0,1,F1,100,,,,,
2026-06-30,2026-06-30,CM,NSE,STK,20643,INE027E07972,935LTF29,N5,,,,,SE RE NCD 9.35% SR.V OP2,1099.0,1099.0,1099.0,1099.0,1099.0,1071.31,,1099.0,,,16,17584.0,2,F1,1,,,,,
2026-06-30,2026-06-30,CM,NSE,STK,2616,INE497B01018,SEAMECLTD,EQ,,,,,SEAMEC LIMITED,1438.6,1460.9,1404.3,1420.4,1420.0,1450.9,,1420.3,,,50162,71418244.1,5351,F1,1,,,,,
2026-06-30,2026-06-30,CM,NSE,STK,17043,INE530B07369,IIFLZC28B,Y1,,,,,SEC RE NCD 0% SR.VII,1284.3,1284.3,1261.11,1282.19,1261.11,1260.0,,1287.13,,,11,14104.11,2,F1,1,,,,,
2026-06-30,2026-06-30,CM,NSE,STK,7674,INE477L07AS8,IIFLHF29,NE,,,,,SEC RE NCD 0% SR.VIII,1360.0,1470.0,1353.0,1470.0,1470.0,1465.0,,1470.0,,,8,11299.0,6,F1,1,,,,,
2026-06-30,2026-06-30,CM,NSE,STK,20771,INE413U07277,10ISFL26,N3,,,,,SEC RE NCD 10% SR 4,1044.8,1050.0,1044.8,1050.0,1050.0,1040.0,,1050.0,,,300,314012.0,3,F1,1,,,,,
2026-06-30,2026-06-30,CM,NSE,STK,12465,INE741K07496,10CAGL27,N5,,,,,SEC RE NCD 10% SR. V,1028.0,1028.0,1028.0,1028.0,1028.0,1025.0,,1024.06,,,12,12336.0,1,F1,1,,,,,
2026-06-30,2026-06-30,CM,NSE,STK,24141,INE413U07301,1003IIFL29,NC,,,,,SEC RE NCD 10.03% SR V,1044.0,1044.0,1004.7,1004.7,1004.7,1004.75,,1004.7,,,4,4097.4,2,F1,1,,,,,
2026-06-30,2026-06-30,CM,NSE,STK,25566,INE148I07UR1,1003SCL31A,N1,,,,,SEC RE NCD 10.03% SR X,1020.6,1020.6,1020.6,1020.6,1020.6,1020.6,,1020.6,,,50,51030.0,1,F1,1,,,,,
2026-06-30,2026-06-30,CM,NSE,STK,23323,INE148I07SQ7,1025SCL34,Z8,,,,,SEC RE NCD 10.25% SR XII,1035.0,1035.0,1035.0,1035.0,1035.0,1025.0,,1035.0,,,1,1035.0,1,F1,1,,,,,
2026-06-30,2026-06-30,CM,NSE,STK,21056,INE148I07RZ0,835SCL23B,YM,,,,,SEC RE NCD 10.25% SR XII,1000.0,1000.0,995.0,995.0,995.0,952.05,,995.0,,,100,99750.0,2,F1,1,,,,,
2026-06-30,2026-06-30,CM,NSE,STK,20130,INE148I07RB1,965SCL25F,NZ,,,,,SEC RE NCD 10.25% SR XII,1031.7,1031.7,775.0,870.0,870.0,859.9,,885.0,,,81,66900.4,5,F1,1,,,,,
2026-06-30,2026-06-30,CM,NSE,STK,17349,INE342T07387,1050NFL26,N7,,,,,SEC RE NCD 10.50% SR.IV,1006.8,1006.8,1004.0,1004.0,1004.0,1006.0,,999.5,,,17,17101.6,2,F1,1,,,,,
2026-06-30,2026-06-30,CM,NSE,STK,23123,INE342T07460,1065NFL27,NC,,,,,SEC RE NCD 10.65% SR.IV,1002.01,1002.01,1002.01,1002.01,1002.01,1004.1,,1002.01,,,34,34068.34,2,F1,1,,,,,
2026-06-30,2026-06-30,CM,NSE,STK,21042,INE148I07RW7,1075SCL33,YK,,,,,SEC RE NCD 10.75% SR XI,1043.81,1043.81,1043.81,1043.81,1043.81,1100.0,,1043.81,,,300,313143.0,1,F1,1,,,,,
2026-06-30,2026-06-30,CM,NSE,STK,25570,INE148I07UW1,1075SCL34C,N1,,,,,SEC RE NCD 10.75% SR XI,1136.0,1136.0,1136.0,1136.0,1136.0,1051.0,,1136.0,,,20,22720.0,1,F1,1,,,,,
2026-06-30,2026-06-30,CM,NSE,STK,23125,INE342T07445,1119NFL27,ND,,,,,SEC RE NCD 11.19% SR.V,1030.0,1034.0,1030.0,1034.0,1034.0,1005.0,,1034.0,,,3,3094.0,2,F1,1,,,,,
2026-06-30,2026-06-30,CM,NSE,STK,11658,INE0H7R07017,79NHIT35,N1,,,,,SEC RE NCD 7.90% STRPP A,309.0,313.4,309.0,311.0,311.0,310.69,,311.0,,,512,159244.4,6,F1,1,,,,,
2026-06-30,2026-06-30,CM,NSE,STK,11665,INE0H7R07025,79NHIT40,N2,,,,,SEC RE NCD 7.90% STRPP B,323.5,323.5,305.36,306.0,306.0,323.5,,306.0,,,72,22400.26,7,F1,1,,,,,
2026-06-30,2026-06-30,CM,NSE,STK,11669,INE0H7R07033,79NHIT47,N3,,,,,SEC RE NCD 7.90% STRPP C,411.01,411.01,411.0,411.0,411.0,411.08,,411.0,,,28,11508.02,3,F1,1,,,,,
2026-06-30,2026-06-30,CM,NSE,STK,3476,INE219X07280,797IGT31,NL,,,,,SEC RE NCD 7.97% SR.VI,1009.0,1009.0,1009.0,1009.0,1009.0,1017.0,,1009.0,,,250,252250.0,1,F1,1,,,,,
2026-06-30,2026-06-30,CM,NSE,STK,3464,INE219X07264,82IGT31,NJ,,,,,SEC RE NCD 8.20% SR.V,1017.05,1018.0,1017.0,1017.5,1017.5,1017.01,,1017.5,,,310,315334.5,7,F1,1,,,,,
2026-06-30,2026-06-30,CM,NSE,STK,17958,INE121A07RE9,84CIFCL28,,,,,,SEC RE NCD 8.40% SR 5,1079.9,1085.0,1079.9,1085.0,1085.0,1081.9,,1084.75,,,270,292469.0,7,F1,1,,,,,
2026-06-30,2026-06-30,CM,NSE,STK,15374,INE121A07QY9,840CIFCL28,N4,,,,,SEC RE NCD 8.40% SR.V,1035.0,1035.0,1035.0,1035.0,1035.0,1032.0,,1035.0,,,20,20700.0,1,F1,1,,,,,
2026-06-30,2026-06-30,CM,NSE,STK,6197,INE530B07161,842IIFL26,NL,,,,,SEC RE NCD 8.42% SR.V,997.0,999.9,997.0,999.9,999.9,997.0,,999.9,,,59,58825.9,3,F1,1,,,,,
2026-06-30,2026-06-30,CM,NSE,STK,7668,INE477L07AQ2,843IHFL29,NC,,,,,SEC RE NCD 8.43% SR.VI,994.0,994.0,994.0,994.0,994.0,994.99,,994.0,,,20,19880.0,2,F1,1,,,,,
2026-06-30,2026-06-30,CM,NSE,STK,13852,INE530B07310,865IIFL28,NS,,,,,SEC RE NCD 8.65% SR.V,994.8,997.25,987.25,991.97,987.25,988.01,,991.97,,,184,182544.27,12,F1,1,,,,,
2026-06-30,2026-06-30,CM,NSE,STK,5151,INE516Y07410,875PF26,N8,,,,,SEC RE NCD 8.75% SR.IV,1070.31,1070.31,1070.2,1070.2,1070.2,1076.0,,1070.2,,,10,10702.65,3,F1,1,,,,,
2026-06-30,2026-06-30,CM,NSE,STK,5857,INE148I07KP6,975SCL28,NT,,,,,SEC RE NCD 8.89% SR.VIII,992.61,992.61,992.11,992.11,992.11,990.0,,994.56,,,200,198423.5,4,F1,1,,,,,
2026-06-30,2026-06-30,CM,NSE,STK,5160,INE516Y07428,9PFL31A,,,,,,SEC RE NCD 9% SR.V,1160.0,1160.0,1160.0,1160.0,1160.0,1070.0,,1089.33,,,10,11600.0,1,F1,1,,,,,
2026-06-30,2026-06-30,CM,NSE,STK,17041,INE530B07377,9IIFL28,Y0,,,,,SEC RE NCD 9% SR.VI,1013.99,1013.99,1013.99,1013.99,1013.99,985.0,,983.0,,,20,20279.8,1,F1,1,,,,,
2026-06-30,2026-06-30,CM,NSE,STK,13854,INE530B07260,9IIFL28A,NT,,,,,SEC RE NCD 9% SR.VI,1028.0,1028.0,1028.0,1028.0,1028.0,1020.22,,1028.0,,,1,1028.0,1,F1,1,,,,,
2026-06-30,2026-06-30,CM,NSE,STK,23702,INE338I07149,91MOFSL27,N2,,,,,SEC RE NCD 9.10% SR III,1022.0,1022.0,1022.0,1022.0,1022.0,1018.0,,1021.5,,,30,30660.0,2,F1,1,,,,,
2026-06-30,2026-06-30,CM,NSE,STK,13497,INE148I07ND6,965SCL25C,N0,,,,,SEC RE NCD 9.39% SR.VIII,405.2,405.2,405.2,405.2,405.2,500.0,,405.2,,,2,810.4,1,F1,1,,,,,
2026-06-30,2026-06-30,CM,NSE,STK,17528,INE148I07OP8,948SCL26I,AX,,,,,SEC RE NCD 9.48% SR V,314.0,314.0,314.0,314.0,314.0,313.1,,314.0,,,31,9734.0,1,F1,1,,,,,
2026-06-30,2026-06-30,CM,NSE,STK,25552,INE148I07UC3,948SCL27D,N1,,,,,SEC RE NCD 9.48% SR V,970.0,992.0,970.0,989.0,989.0,940.5,,989.0,,,10,9801.0,3,F1,1,,,,,
2026-06-30,2026-06-30,CM,NSE,STK,25287,INE423A07328,965AEL27,N4,,,,,SEC RE NCD 9.65% SR IV,1088.8,1088.8,1086.0,1086.8,1086.0,1088.8,,1086.8,,,52,56514.0,2,F1,1,,,,,
2026-06-30,2026-06-30,CM,NSE,STK,18487,INE741K07579,970CAGL28,ND,,,,,SEC RE NCD 9.70% SR VII,1035.0,1038.0,1035.0,1038.0,1038.0,1038.0,,1038.0,,,295,306123.75,8,F1,1,,,,,
2026-06-30,2026-06-30,CM,NSE,STK,23958,INE148I07TG6,971SCL29A,ZN,,,,,SEC RE NCD 9.71% SR VIII,996.11,996.11,996.11,996.11,996.11,1000.86,,996.11,,,79,78692.69,1,F1,1,,,,,
2026-06-30,2026-06-30,CM,NSE,STK,23944,INE148I07TF8,99SCL27,ZH,,,,,SEC RE NCD 9.9% SR IV,1004.0,1004.0,1000.0,1000.0,1000.0,960.3,,1000.0,,,130,130416.0,3,F1,1,,,,,
2026-06-30,2026-06-30,CM,NSE,STK,20088,INE148I07QO6,SCLZC26E,NP,,,,,SEC RE NCD SR VI,1270.5,1275.09,1270.5,1275.09,1275.09,1270.06,,1275.09,,,19,24198.41,3,F1,1,,,,,
2026-06-30,2026-06-30,CM,NSE,STK,14219,INE00QS24043,IMC1,N1,,,,,SEC RE NCGB 8.25% STRPP B,245.05,255.0,245.05,254.0,254.0,255.2,,254.0,,,332,83881.1,7,F1,1,,,,,
2026-06-30,2026-06-30,CM,NSE,STK,14224,INE00QS24027,IMC1,N2,,,,,SEC RE NCGB 8.25% STRPP C,251.01,256.0,251.01,256.0,256.0,253.84,,256.0,,,84,21294.42,3,F1,1,,,,,
2026-06-30,2026-06-30,CM,NSE,STK,14228,INE00QS24035,IMC1,N3,,,,,SEC RE NCGB 8.25% STRPP D,246.01,254.89,246.01,254.89,254.89,257.1,,254.89,,,374,94469.12,8,F1,1,,,,,
2026-06-30,2026-06-30,CM,NSE,STK,17866,INE530L07228,10NIDO26,N6,,,,,SEC RED NCD 10% SR. VI,1090.0,1090.0,1088.0,1089.3,1090.0,1090.0,,1089.3,,,344,374929.0,18,F1,1,,,,,
2026-06-30,2026-06-30,CM,NSE,STK,7975,INE804IA7014,1015ECL29,NR,,,,,SEC RED NCD 10.15% SR. VI,1010.47,1015.99,1007.85,1007.85,1007.85,1012.43,,1007.48,,,580,585281.87,24,F1,1,,,,,
2026-06-30,2026-06-30,CM,NSE,STK,9975,INE511C07706,829PFL29,N6,,,,,SEC RED NCD 10.27% SR. VI,1270.0,1270.0,1270.0,1270.0,1270.0,1250.0,,1270.0,,,2,2540.0,1,F1,1,,,,,
2026-06-30,2026-06-30,CM,NSE,STK,7986,INE804IA7022,1060ECL29,NS,,,,,SEC RED NCD 10.6% SR. VII,1055.0,1055.0,1055.0,1055.0,1055.0,1079.0,,1055.0,,,50,52750.0,10,F1,1,,,,,
2026-06-30,2026-06-30,CM,NSE,STK,16870,INE033L07GS6,81TCHF28,N8,,,,,SEC RED NCD 8.10% SR.IV,1024.0,1024.0,1006.15,1006.15,1006.15,1024.0,,1006.15,,,51,51890.7,4,F1,1,,,,,
2026-06-30,2026-06-30,CM,NSE,STK,18628,INE148I07GL3,9SCL26BA,,,,,,SEC RED NCD 9.0% SR. VI,1055.25,1055.25,1055.25,1055.25,1055.25,1062.66,,1055.25,,,5,5276.25,2,F1,1,,,,,
2026-06-30,2026-06-30,CM,NSE,STK,1001,INE721A07NX5,94SFL28,YL,,,,,SEC RED NCD 9.40% SR. V,1045.0,1046.0,1045.0,1046.0,1046.0,1045.0,,1046.0,,,61,63756.0,4,F1,1,,,,,
2026-06-30,2026-06-30,CM,NSE,STK,4288,INE804I078Y8,943ECL28,NJ,,,,,SEC RED NCD 9.43% SR. VI,1000.0,1009.0,999.5,1009.0,1009.0,1000.0,,1009.5,,,101,101254.0,8,F1,1,,,,,
2026-06-30,2026-06-30,CM,NSE,STK,4292,INE804I079Y6,985ECL28,NK,,,,,SEC RED NCD 9.85% SR. VII,1089.8,1089.8,1071.0,1071.0,1071.0,1075.01,,1071.0,,,170,182258.0,2,F1,1,,,,,
2026-06-30,2026-06-30,CM,NSE,STK,18630,INE148I07GN9,SCLZC26,NB,,,,,SEC RED NCD SR. VII,2308.0,2308.0,2308.0,2308.0,2308.0,2242.5,,2308.0,,,15,34620.0,1,F1,1,,,,,
2026-06-30,2026-06-30,CM,NSE,STK,12941,INE721A07PH3,SFLZC26A,ZC,,,,,SEC RED NCD SR.X,1885.0,1885.0,1884.99,1885.0,1885.0,1885.0,,1885.0,,,1038,1956628.31,15,F1,1,,,,,
2026-06-30,2026-06-30,CM,NSE,STK,19496,INE0BTM01013,SECMARK,EQ,,,,,SECMARK CONSULTANCY LTD,127.79,127.8,121.31,124.97,123.0,125.67,,125.31,,,980,120825.19,33,F1,1,,,,,
2026-06-30,2026-06-30,CM,NSE,STK,11058,INE650K01021,SECURKLOUD,EQ,,,,,SECUREKLOUD TECH LIMITED,19.47,19.7,18.9,18.99,19.55,19.0,,19.09,,,10111,192570.11,69,F1,1,,,,,
2026-06-30,2026-06-30,CM,NSE,STK,761153,INE00XB01019,SEDEMAC,EQ,,,,,SEDEMAC MECHATRONICS LTD,2732.0,2914.9,2725.0,2895.1,2888.0,2716.8,,2894.3,,,208723,592297980.9,18552,F1,1,,,,,
2026-06-30,2026-06-30,CM,NSE,STK,7094,INE955I01044,SEJALLTD,BE,,,,,SEJAL GLASS LIMITED,731.95,760.0,715.6,758.5,758.0,728.5,,758.4,,,4317,3224455.6,147,F1,1,,,,,
2026-06-30,2026-06-30,CM,NSE,STK,6262,INE105I01020,SELMC,EQ,,,,,SEL MANUFACTURING CO LTD,28.34,29.87,28.34,29.08,29.0,29.23,,29.11,,,5548,160800.25,118,F1,1,,,,,
2026-06-30,2026-06-30,CM,NSE,STK,757982,INE0IJF01013,SELLOWRAP,SM,,,,,SELLOWRAP INDUSTRIES LTD,75.7,75.7,75.7,75.7,75.7,71.0,,75.7,,,1600,121120.0,1,F1,1600,,,,,
2026-06-30,2026-06-30,CM,NSE,STK,11964,INE617A01013,SEMAC,BE,,,,,SEMAC CONSTRUCTION LTD,325.05,337.95,325.05,337.85,337.85,340.5,,337.85,,,178,59248.1,11,F1,1,,,,,
2026-06-30,2026-06-30,CM,NSE,STK,17271,INE602W01027,SENCO,EQ,,,,,SENCO GOLD LIMITED,327.7,335.0,324.1,330.2,330.8,327.15,,330.2,,,440711,145495989.95,14540,F1,1,,,,,
2026-06-30,2026-06-30,CM,NSE,STK,28888,INE0RB801010,SENORES,EQ,,,,,SENORES PHARMACEUTICALS L,1329.0,1335.0,1308.4,1329.9,1333.9,1319.6,,1329.9,,,116513,154316339.5,7590,F1,1,,,,,
2026-06-30,2026-06-30,CM,NSE,STK,15308,INE964H01014,SEPC,EQ,,,,,SEPC LIMITED,6.46,6.62,6.31,6.45,6.48,6.43,,6.45,,,43539319,280616496.89,14139,F1,1,,,,,
2026-06-30,2026-06-30,CM,NSE,STK,21197,INE306N07LM5,865TCAPS27,N8,,,,,SERENCD8.65%SR.IIICIII&IV,1080.0,1080.0,1075.05,1075.56,1075.2,1075.15,,1075.56,,,708,762443.76,33,F1,1,,,,,
2026-06-30,2026-06-30,CM,NSE,STK,4942,INE244L07184,92SFIL28,ND,,,,,SERENCD9.20%SRVIICIII&IV,1045.5,1045.5,1030.2,1030.2,1030.2,1047.5,,1030.2,,,270,278949.6,4,F1,1,,,,,
2026-06-30,2026-06-30,CM,NSE,STK,5507,INE782X01033,SERVOTECH,EQ,,,,,SERVOTECH REN POW SYS LTD,97.0,103.3,97.0,101.12,101.65,95.7,,101.12,,,1990657,201647913.23,16567,F1,1,,,,,
2026-06-30,2026-06-30,CM,NSE,STK,759934,INE04VU01023,STYL,EQ,,,,,SESHAASAI TECHNOLOGIES L,314.1,319.0,306.9,309.95,309.8,312.05,,309.95,,,202181,63253632.0,5355,F1,1,,,,,
2026-06-30,2026-06-30,CM,NSE,STK,3066,INE630A01024,SESHAPAPER,EQ,,,,,SESHASAYEE PAPER & BOARDS,226.96,232.45,226.96,229.3,228.02,226.45,,229.28,,,37412,8585041.28,955,F1,1,,,,,
2026-06-30,2026-06-30,CM,NSE,STK,17518,INE878E01021,SETCO,BE,,,,,SETCO AUTOMOTIVE LTD,16.17,16.68,16.17,16.68,16.68,16.49,,16.77,,,90656,1473720.63,118,F1,1,,,,,
2026-06-30,2026-06-30,CM,NSE,STK,18024,INE023M01027,SETUINFRA,BZ,,,,,SETUBANDHAN INFRA LTD,0.44,0.46,0.42,0.45,0.46,0.44,,0.45,,,239441,105263.76,40,F1,1,,,,,
2026-06-30,2026-06-30,CM,NSE,STK,10836,INE573R01012,SEYAIND,BE,,,,,SEYA INDUSTRIES LIMITED,13.2,13.27,12.76,13.08,13.11,13.02,,13.04,,,3252,41554.8,23,F1,1,,,,,
2026-06-30,2026-06-30,CM,NSE,STK,758853,INE618R01015,SGFIN,EQ,,,,,SG FINSERVE LIMITED,605.35,621.35,601.8,617.35,620.0,602.35,,617.3,,,197619,121106216.55,6169,F1,1,,,,,
2026-06-30,2026-06-30,CM,NSE,STK,758889,INE385F01024,SGMART,EQ,,,,,SG MART LIMITED,583.0,598.0,575.65,590.95,590.0,588.2,,590.95,,,245518,144122905.15,8206,F1,1,,,,,
2026-06-30,2026-06-30,CM,NSE,STK,761469,INE12UN01015,SHADOWFAX,EQ,,,,,SHADOWFAX TECHNOLOGIES L,226.21,231.77,220.46,226.19,226.91,226.21,,226.19,,,2025259,455937255.94,35048,F1,1,,,,,
2026-06-30,2026-06-30,CM,NSE,STK,11856,INE640C01011,SHAHALLOYS,EQ,,,,,SHAH ALLOYS LIMITED,69.0,71.44,67.65,68.99,69.0,69.49,,68.99,,,7021,487907.04,87,F1,1,,,,,
2026-06-30,2026-06-30,CM,NSE,STK,20296,INE482J01021,SHAH,EQ,,,,,SHAH METACORP LIMITED,4.11,4.24,4.09,4.13,4.13,4.05,,4.13,,,2683033,11137691.81,1926,F1,1,,,,,
2026-06-30,2026-06-30,CM,NSE,STK,8727,INE151G01028,SHAILY,EQ,,,,,SHAILY ENG PLASTICS LTD,2900.0,2956.0,2882.1,2895.5,2900.0,2896.9,,2895.5,,,139478,406456920.8,15944,F1,1,,,,,
2026-06-30,2026-06-30,CM,NSE,STK,25574,INE908D01010,SHAKTIPUMP,EQ,,,,,SHAKTI PUMPS (I) LTD,592.5,594.0,580.6,583.55,583.5,589.7,,583.55,,,587441,344360863.65,13923,F1,1,,,,,
2026-06-30,2026-06-30,CM,NSE,STK,714,INE597J01018,SHALBY,EQ,,,,,SHALBY LIMITED,171.5,178.9,171.01,175.72,175.0,171.59,,175.71,,,184649,32574232.23,3240,F1,1,,,,,
2026-06-30,2026-06-30,CM,NSE,STK,761688,INE861D01011,SAHLIBHFI,EQ,,,,,SHALIBHADRA FINANCE LTD,79.91,81.8,77.1,80.42,79.27,79.91,,80.39,,,11983,952271.98,306,F1,1,,,,,
2026-06-30,2026-06-30,CM,NSE,STK,15342,INE849C01026,SHALPAINTS,EQ,,,,,SHALIM PAINTS LTD,51.99,51.99,50.42,50.61,50.5,51.16,,50.61,,,33180,1690757.14,453,F1,1,,,,,
2026-06-30,2026-06-30,CM,NSE,STK,25737,INE01NE01012,SRD,EQ,,,,,SHANKAR LAL RAMPAL LTD,41.49,41.49,39.21,39.91,39.25,40.13,,39.97,,,11349,453580.59,135,F1,1,,,,,
2026-06-30,2026-06-30,CM,NSE,STK,20337,INE274V01019,SHANKARA,BE,,,,,SHANKARA BLDG PRODUCT LTD,122.56,128.6,122.55,127.26,128.0,122.55,,127.26,,,1104305,140459442.38,333,F1,1,,,,,
2026-06-30,2026-06-30,CM,NSE,STK,760594,INE24OJ01011,BUILDPRO,EQ,,,,,SHANKARA BUILDPRO LIMITED,1020.1,1029.3,995.0,1019.7,1017.0,1015.6,,1019.8,,,15949,16156058.6,1205,F1,1,,,,,
2026-06-30,2026-06-30,CM,NSE,STK,19752,INE0Q9Q01017,SHANTHALA,SM,,,,,SHANTHALA FMCG PRODUCTS L,23.4,23.4,23.4,23.4,23.4,23.1,,23.4,,,1200,28080.0,1,F1,1200,,,,,
2026-06-30,2026-06-30,CM,NSE,STK,3078,INE631A01022,SHANTIGEAR,EQ,,,,,SHANTHI GEARS LTD,440.0,447.3,440.0,443.85,445.45,440.45,,443.85,,,10569,4694430.3,409,F1,1,,,,,
2026-06-30,2026-06-30,CM,NSE,STK,762889,INE440T01028,SEIL,EQ,,,,,SHANTI EDU INITIATIVES L,206.4,218.99,206.4,216.82,214.5,206.46,,216.72,,,759858,163605819.11,8285,F1,1,,,,,
2026-06-30,2026-06-30,CM,NSE,STK,758002,INE06ZD01017,SHANTIGOLD,EQ,,,,,SHANTI GOLD INTERNATION L,225.0,229.5,222.68,223.69,223.1,222.66,,223.69,,,1656222,374200749.95,9673,F1,1,,,,,
2026-06-30,2026-06-30,CM,NSE,STK,5650,INE933X01016,SHANTI,EQ,,,,,SHANTI OVERSEAS INDIA LTD,6.44,6.94,6.3,6.81,6.8,6.44,,6.81,,,116103,778593.47,149,F1,1,,,,,
2026-06-30,2026-06-30,CM,NSE,STK,762904,INE220Z01013,SHINDL,EQ,,,,,SHARAT INDUSTRIES LTD.,146.28,150.39,141.5,148.63,148.99,145.2,,148.85,,,150195,21966448.63,1069,F1,1,,,,,
2026-06-30,2026-06-30,CM,NSE,STK,4992,INE221J01015,SHARDACROP,EQ,,,,,SHARDA CROPCHEM LTD.,881.9,884.35,873.0,879.45,877.4,880.4,,879.45,,,76015,66846744.85,5732,F1,1,,,,,
2026-06-30,2026-06-30,CM,NSE,STK,10530,INE597I01028,SHARDAMOTR,EQ,,,,,SHARDA MOTOR INDS LTD,833.5,874.0,829.2,869.0,873.0,830.9,,869.0,,,78561,67577832.4,4970,F1,1,,,,,
2026-06-30,2026-06-30,CM,NSE,STK,762894,INE037B01020,SHARDUL,EQ,,,,,SHARDUL SECURITIES LTD.,29.4,29.4,26.75,27.57,26.75,28.83,,27.57,,,1056,29168.38,12,F1,1,,,,,
2026-06-30,2026-06-30,CM,NSE,STK,104,INE932X01026,SHAREINDIA,EQ,,,,,SHARE IND. SECURITIES LTD,134.5,136.9,134.2,134.46,135.18,134.4,,134.46,,,189026,25523101.98,1369,F1,1,,,,,
2026-06-30,2026-06-30,CM,NSE,STK,19469,INE460Q01014,SCML,SM,,,,,SHARP CHUCKS N MACHINES L,76.85,76.85,76.85,76.85,76.85,76.85,,76.85,,,1000,76850.0,1,F1,1000,,,,,
2026-06-30,2026-06-30,CM,NSE,STK,759410,INE0YJV01017,SHEEL,ST,,,,,SHEEL BIOTECH LIMITED,69.9,71.65,69.9,70.0,70.0,68.25,,70.0,,,52000,3713500.0,17,F1,2000,,,,,
2026-06-30,2026-06-30,CM,NSE,STK,19184,INE916U01025,SFL,EQ,,,,,SHEELA FOAM LIMITED,740.0,750.0,725.0,746.9,748.0,742.65,,746.85,,,124862,92373934.55,8454,F1,1,,,,,
2026-06-30,2026-06-30,CM,NSE,STK,12072,INE501Y01019,SCPL,EQ,,,,,SHEETAL COOL PRODUCTS LTD,484.4,500.0,469.15,477.0,475.0,486.85,,477.05,,,23752,11386121.6,824,F1,1,,,,,
2026-06-30,2026-06-30,CM,NSE,STK,20415,INE04VX01019,SHEETAL,SM,,,,,SHEETAL UNIVERSAL LIMITED,301.0,305.0,295.0,297.5,297.5,296.5,,297.5,,,10000,2966750.0,11,F1,500,,,,,
2026-06-30,2026-06-30,CM,NSE,STK,21099,INE268L01046,SHEKHAWATI,BE,,,,,SHEKHAWATI INDUSTRIES LTD,14.0,14.35,13.27,13.81,13.99,13.85,,13.81,,,8747,118757.84,48,F1,1,,,,,
2026-06-30,2026-06-30,CM,NSE,STK,5072,INE363M01019,SHEMAROO,BE,,,,,SHEMAROO ENTER. LTD.,133.0,133.0,127.25,127.7,127.25,131.0,,127.7,,,10323,1340686.6,60,F1,1,,,,,
2026-06-30,2026-06-30,CM,NSE,STK,14176,INE0MM001019,SHERA,ST,,,,,SHERA ENERGY LIMITED,162.05,162.5,159.0,159.65,160.0,163.75,,159.65,,,11000,1775050.0,11,F1,1000,,,,,
2026-06-30,2026-06-30,CM,NSE,STK,759847,INE024F01011,SHILCTECH,EQ,,,,,SHILCHAR TECHNOLOGIES LTD,4464.3,4631.7,4464.3,4571.8,4598.6,4464.3,,4571.6,,,20550,93994984.1,5753,F1,1,,,,,
2026-06-30,2026-06-30,CM,NSE,STK,17752,INE790G01031,SHILPAMED,EQ,,,,,SHILPA MEDICARE LTD,576.0,615.0,576.0,598.4,599.0,573.6,,598.4,,,3552560,2136594719.35,79475,F1,1,,,,,
2026-06-30,2026-06-30,CM,NSE,STK,23127,INE0PB301013,SCILAL,EQ,,,,,SHIPPING CORP OF ILA LTD,43.95,44.25,43.56,43.92,43.8,43.95,,43.92,,,208324,9145659.33,1349,F1,1,,,,,
2026-06-30,2026-06-30,CM,NSE,STK,3048,INE109A01011,SCI,EQ,,,,,SHIPPING CORP OF INDIA LT,308.5,310.85,303.4,305.3,306.45,307.3,,305.3,,,2824470,862020081.7,27552,F1,1,,,,,
2026-06-30,2026-06-30,CM,NSE,STK,759747,INE719F01016,SHIVAUM,EQ,,,,,SHIV AUM STEELS LIMITED,390.9,420.0,378.0,391.8,378.0,420.0,,391.8,,,387,154679.7,40,F1,1,,,,,
2026-06-30,2026-06-30,CM,NSE,STK,1503,INE644Y01017,SHIVAMILLS,BE,,,,,SHIVA MILLS LIMITED,62.59,62.59,58.2,62.44,62.44,59.61,,60.37,,,497,29184.32,6,F1,1,,,,,
2026-06-30,2026-06-30,CM,NSE,STK,804,INE705C01020,SHIVATEX,EQ,,,,,SHIVA TEXYARN LIMITED,146.15,149.5,145.13,145.85,147.0,148.73,,145.85,,,2453,359035.56,66,F1,1,,,,,
2026-06-30,2026-06-30,CM,NSE,STK,24249,INE0T7B01010,SPCL,SM,,,,,SHIVALIC POWER CONTROL L,72.0,72.0,69.15,69.65,70.0,70.5,,69.65,,,16200,1143390.0,25,F1,600,,,,,
2026-06-30,2026-06-30,CM,NSE,STK,4656,INE386D01027,SBCL,EQ,,,,,SHIVALIK BIMETAL CON. LTD,755.05,764.15,745.0,760.45,758.6,746.95,,760.45,,,451955,341836221.85,20351,F1,1,,,,,
2026-06-30,2026-06-30,CM,NSE,STK,7026,INE788J01021,SHIVALIK,BE,,,,,SHIVALIK RASAYAN LIMITED,233.4,234.65,230.5,234.65,234.65,223.5,,234.65,,,34707,8114555.4,294,F1,1,,,,,
2026-06-30,2026-06-30,CM,NSE,STK,13757,INE637H01024,SHIVAMAUTO,BE,,,,,SHIVAM AUTO.LTD,16.4,16.7,15.75,16.05,16.0,16.31,,16.03,,,36275,582334.61,214,F1,1,,,,,
2026-06-30,2026-06-30,CM,NSE,STK,758744,INE1DLF01018,SHIVASHRIT,SM,,,,,SHIVASHRIT FOODS LIMITED,125.9,125.9,125.9,125.9,125.9,125.2,,125.9,,,1000,125900.0,1,F1,1000,,,,,
2026-06-30,2026-06-30,CM,NSE,STK,11813,INE498B01024,SHOPERSTOP,EQ,,,,,SHOPPERS STOP LIMITED,362.9,365.95,355.6,357.2,356.05,365.2,,357.2,,,8213,2956107.25,912,F1,1,,,,,
2026-06-30,2026-06-30,CM,NSE,STK,708,INE715Y01031,SHRADHA,EQ,,,,,SHRADHA REALTY LIMITED,33.95,34.3,33.79,34.09,34.2,33.95,,34.09,,,4122,139958.2,46,F1,1,,,,,
2026-06-30,2026-06-30,CM,NSE,STK,10588,INE712K01011,SHREEPUSHK,EQ,,,,,SHRE PUSH CHEM & FERT LTD,405.85,410.0,400.0,407.5,406.6,407.9,,407.5,,,20957,8483509.55,1090,F1,1,,,,,
2026-06-30,2026-06-30,CM,NSE,STK,762874,INE185C01017,SAPPL,EQ,,,,,SHREE AJIT PULP & PAPER L,266.8,289.0,261.1,278.35,280.0,257.75,,278.75,,,2922,808991.75,89,F1,1,,,,,
2026-06-30,2026-06-30,CM,NSE,STK,3103,INE070A01015,SHREECEM,EQ,,,,,SHREE CEMENT LIMITED,25280.0,25385.0,25055.0,25250.0,25335.0,25145.0,,25250.0,,,30948,781195870.0,12653,F1,1,,,,,
2026-06-30,2026-06-30,CM,NSE,STK,3099,INE232A01011,SHREDIGCEM,EQ,,,,,SHREE DIGVIJAY CEM CO LTD,74.01,76.04,74.01,74.61,74.1,74.53,,74.61,,,25619,1908850.89,470,F1,1,,,,,
2026-06-30,2026-06-30,CM,NSE,STK,23074,INE0S4Y01010,SHREEKARNI,SM,,,,,SHREE KARNI FABCOM LTD,445.4,451.0,424.0,427.4,424.0,445.4,,427.4,,,12900,5609115.0,24,F1,150,,,,,
2026-06-30,2026-06-30,CM,NSE,STK,20603,INE02S501018,SHREEOSFM,SM,,,,,SHREE OSFM E-MOBILITY LTD,53.15,58.8,53.15,57.2,56.9,54.25,,57.2,,,11000,621000.0,11,F1,1000,,,,,
2026-06-30,2026-06-30,CM,NSE,STK,760188,INE19GK01015,SRTL,EQ,,,,,SHREE RAM TWISTEX LIMITED,39.9,40.23,39.32,40.06,40.0,40.1,,40.06,,,37992,1513843.59,436,F1,1,,,,,
2026-06-30,2026-06-30,CM,NSE,STK,7627,INE879A01019,SHREERAMA,EQ,,,,,SHREE RAMA MULTI TECH LTD,42.7,43.23,42.05,42.63,42.6,42.2,,42.63,,,28075,1193132.76,336,F1,1,,,,,
2026-06-30,2026-06-30,CM,NSE,STK,13565,INE278B01020,RAMANEWS,EQ,,,,,SHREE RAMA NEWSPRINT LTD,29.09,29.5,28.9,29.15,29.45,28.72,,29.15,,,11077,321567.99,46,F1,1,,,,,
2026-06-30,2026-06-30,CM,NSE,STK,12026,INE087H01022,RENUKA,EQ,,,,,SHREE RENUKA SUGARS LTD,22.39,22.49,22.05,22.13,22.22,22.26,,22.13,,,2428753,53884178.96,5443,F1,1,,,,,
2026-06-30,2026-06-30,CM,NSE,STK,25203,INE0S2G01011,BALAJEE,EQ,,,,,SHREE TIRUPATI BALAJEE L,28.95,29.4,28.53,28.86,28.75,28.9,,28.9,,,111944,3234353.74,158,F1,1,,,,,
2026-06-30,2026-06-30,CM,NSE,STK,15126,INE00CE01017,SVLL,BE,,,,,SHREE VASU LOGISTICS LTD,712.15,712.15,685.05,685.4,685.05,712.15,,685.4,,,442,303731.7,32,F1,1,,,,,
2026-06-30,2026-06-30,CM,NSE,STK,759805,INE1FL101016,SHETHJI,ST,,,,,SHREEJI GLOBAL FMCG LTD,161.8,162.0,160.0,161.0,161.0,157.6,,161.0,,,6000,967300.0,6,F1,1000,,,,,
2026-06-30,2026-06-30,CM,NSE,STK,759448,INE1B6101010,SHREEJISPG,EQ,,,,,SHREEJI SHIPPING GLOBAL L,481.0,495.0,481.0,491.3,490.4,480.85,,491.3,,,723226,353459093.6,4381,F1,1,,,,,
2026-06-30,2026-06-30,CM,NSE,STK,14305,INE00IK01029,OSWALSEEDS,EQ,,,,,SHREEOSWAL S AND CHE LTD,10.74,11.03,10.74,10.83,10.85,10.92,,10.83,,,36985,403173.91,120,F1,1,,,,,
2026-06-30,2026-06-30,CM,NSE,STK,5718,INE0GTI23014,SHREMINVIT,IV,,,,,SHREM INVIT,101.7,101.8,101.7,101.8,101.8,101.7,,101.8,,,75000,7631250.0,3,F1,25000,,,,,
2026-06-30,2026-06-30,CM,NSE,STK,760252,INE632X01030,SHRENIK,BZ,,,,,SHRENIK LIMITED,0.41,0.42,0.4,0.4,0.41,0.4,,0.4,,,406262,166737.64,148,F1,1,,,,,
2026-06-30,2026-06-30,CM,NSE,STK,3126,INE231C01019,SHREYANIND,EQ,,,,,SHREYANS INDUSTRIES LTD,139.39,140.93,133.0,135.06,135.0,138.01,,135.06,,,9553,1296582.66,162,F1,1,,,,,
2026-06-30,2026-06-30,CM,NSE,STK,756409,INE0DM401012,SHRIAHIMSA,ST,,,,,SHRI AHIMSA NATURALS LTD,430.0,433.5,427.5,430.0,430.0,432.55,,430.0,,,3600,1545630.0,6,F1,600,,,,,
2026-06-30,2026-06-30,CM,NSE,STK,762899,INE402H01015,SHBAJRG,EQ,,,,,SHRI BAJRANG ALLIANCE L,193.01,194.98,189.0,191.2,193.99,192.08,,191.2,,,3979,762674.12,89,F1,1,,,,,
2026-06-30,2026-06-30,CM,NSE,STK,760223,INE1V4601019,SHRIKANHA,ST,,,,,SHRI KANHA STAINLESS LTD,26.6,26.6,25.0,26.2,26.2,25.35,,26.2,,,9600,251520.0,5,F1,1600,,,,,
2026-06-30,2026-06-30,CM,NSE,STK,762909,INE997I01012,SHRIKRISH,EQ,,,,,SHRI KRISHNA DEVCON LTD.,40.33,43.9,38.0,42.86,43.29,40.53,,42.79,,,920,37746.62,28,F1,1,,,,,
2026-06-30,2026-06-30,CM,NSE,STK,17684,INE0OMF01015,SHRITECH,SM,,,,,SHRI TECHTEX LIMITED,65.0,65.0,65.0,65.0,65.0,65.0,,65.0,,,2000,130000.0,1,F1,2000,,,,,
2026-06-30,2026-06-30,CM,NSE,STK,759093,INE1B3L01017,SHRINGARMS,EQ,,,,,SHRINGAR HOU OF MANGALS L,221.0,222.35,218.0,219.48,219.0,219.68,,219.48,,,779831,172007827.0,4224,F1,1,,,,,
2026-06-30,2026-06-30,CM,NSE,STK,24374,INF680P01422,LIQUIDSHRI,EQ,,,,,SHRIRAM - LIQUIDSHRI,1110.86,1110.88,1110.86,1110.86,1110.86,1110.71,,1110.86,,,650,722061.42,10,F1,1,,,,,
2026-06-30,2026-06-30,CM,NSE,STK,4306,INE721A01047,SHRIRAMFIN,EQ,,,,,SHRIRAM FINANCE LIMITED,1032.65,1048.0,1030.25,1042.15,1046.0,1032.65,,1042.15,,,5218792,5436764051.05,139945,F1,1,,,,,
2026-06-30,2026-06-30,CM,NSE,STK,17186,INE526E01018,SHRIPISTON,EQ,,,,,SHRIRAM PIST. & RING LTD,4010.0,4217.9,3990.7,4187.4,4180.0,4008.9,,4187.1,,,152625,631954894.7,22052,F1,1,,,,,
2026-06-30,2026-06-30,CM,NSE,STK,7200,INE217L01019,SHRIRAMPPS,EQ,,,,,SHRIRAM PROPERTIES LTD,87.33,88.5,87.05,88.05,88.45,87.14,,88.05,,,298019,26168623.99,2584,F1,1,,,,,
2026-06-30,2026-06-30,CM,NSE,STK,6451,INE01Z401013,SHUBHLAXMI,SM,,,,,SHUBHLAXMI JEWEL ART LTD,25.0,25.95,24.9,24.95,24.9,26.2,,24.95,,,15000,375350.0,11,F1,1000,,,,,
2026-06-30,2026-06-30,CM,NSE,STK,25240,INE0UL701015,SHUBHSHREE,SM,,,,,SHUBHSHREE BIOFUELS ENE L,338.0,338.0,337.0,337.65,338.0,335.0,,337.65,,,1200,405300.0,3,F1,300,,,,,
2026-06-30,2026-06-30,CM,NSE,STK,10188,INE979R01011,SHYAMCENT,EQ,,,,,SHYAM CENTURY FERROUS LTD,5.51,6.06,5.43,5.94,5.97,5.51,,5.96,,,478316,2815705.2,955,F1,1,,,,,
2026-06-30,2026-06-30,CM,NSE,STK,761213,INE1CRP01016,SHYAMDHANI,ST,,,,,SHYAM DHANI INDUSTRIES L,64.0,64.0,64.0,64.0,64.0,64.05,,64.0,,,6000,384000.0,3,F1,2000,,,,,
2026-06-30,2026-06-30,CM,NSE,STK,4693,INE810G01011,SHYAMMETL,EQ,,,,,SHYAM METALICS AND ENGY L,950.1,967.55,943.25,950.0,948.8,952.05,,950.1,,,200291,190397149.2,9537,F1,1,,,,,
2026-06-30,2026-06-30,CM,NSE,STK,13741,INE635A01023,SHYAMTEL,BE,,,,,SHYAM TELECOM LIMITED,19.77,19.95,19.77,19.77,19.77,20.17,,19.96,,,321,6382.17,5,F1,1,,,,,
2026-06-30,2026-06-30,CM,NSE,STK,16875,INE176J01011,SICAGEN,EQ,,,,,SICAGEN INDIA LIMITED,54.29,54.29,52.25,52.57,52.49,52.86,,52.57,,,8565,451974.78,85,F1,1,,,,,
2026-06-30,2026-06-30,CM,NSE,STK,759053,INE0SVO01019,SIDDHICOTS,SM,,,,,SIDDHI COTSPIN LIMITED,29.1,29.8,29.0,29.8,29.8,29.0,,29.8,,,12000,350880.0,8,F1,1200,,,,,
2026-06-30,2026-06-30,CM,NSE,STK,3148,INE0A1E01018,SIDDHIKA,SM,,,,,SIDDHIKA COATINGS LIMITED,215.8,219.5,208.65,218.95,218.95,218.0,,218.95,,,3500,755925.0,6,F1,500,,,,,
2026-06-30,2026-06-30,CM,NSE,STK,756871,INE1NPP01017,ENRIN,EQ,,,,,SIEMENS ENERGY INDIA LTD,3588.2,3710.0,3588.2,3683.3,3710.0,3583.9,,3683.4,,,389424,1428092317.5,45129,F1,1,,,,,
2026-06-30,2026-06-30,CM,NSE,STK,3150,INE003A01024,SIEMENS,EQ,,,,,SIEMENS LTD,3600.4,3616.3,3576.7,3599.9,3602.2,3573.1,,3599.9,,,301665,1086251934.5,18460,F1,1,,,,,
2026-06-30,2026-06-30,CM,NSE,STK,6664,INE0D0K01022,SIGACHI,BE,,,,,SIGACHI INDUSTRIES LTD,23.83,23.83,23.83,23.83,23.83,24.31,,23.93,,,129641,3089345.03,303,F1,1,,,,,
2026-06-30,2026-06-30,CM,NSE,STK,14797,INE933B01012,SIGMAADV,BE,,,,,SIGMA ADVANCED SYSTEM LTD,555.1,555.1,555.1,555.1,555.1,584.3,,554.95,,,87799,48737224.9,1063,F1,1,,,,,
2026-06-30,2026-06-30,CM,NSE,STK,16658,INE0A0S01028,SIGMA,EQ,,,,,SIGMA SOLVE LIMITED,38.63,39.2,37.75,38.91,39.08,38.63,,38.91,,,64394,2479602.37,607,F1,1,,,,,
2026-06-30,2026-06-30,CM,NSE,STK,18743,INE903U01023,SIGNATURE,EQ,,,,,SIGNATUREGLOBAL INDIA LTD,741.0,748.3,731.95,739.1,744.8,740.4,,739.1,,,196500,144962518.95,4610,F1,1,,,,,
2026-06-30,2026-06-30,CM,NSE,STK,4522,INE529F01035,SIGIND,EQ,,,,,SIGNET INDUSTRIES LIMITED,48.0,48.7,47.0,48.16,48.48,47.1,,48.26,,,2584,123416.88,96,F1,1,,,,,
2026-06-30,2026-06-30,CM,NSE,STK,23150,INE0RDE01010,SIGNORIA,ST,,,,,SIGNORIA CREATION LIMITED,116.65,116.65,116.65,116.65,116.65,111.1,,116.65,,,3000,349950.0,3,F1,1000,,,,,
2026-06-30,2026-06-30,CM,NSE,STK,22656,INE0KGZ01021,SIGNPOST,EQ,,,,,SIGNPOST INDIA LIMITED,246.55,286.25,244.5,273.35,277.65,247.65,,273.35,,,10063752,2792757461.75,149241,F1,1,,,,,
2026-06-30,2026-06-30,CM,NSE,STK,762914,INE438E01032,SIKA,EQ,,,,,SIKA INTERPLANT SYSTEMS L,1058.95,1148.9,1051.05,1115.6,1116.75,1047.65,,1115.5,,,102684,114529603.75,7121,F1,1,,,,,
2026-06-30,2026-06-30,CM,NSE,STK,6218,INE112X01025,SIKKO,EQ,,,,,SIKKO INDUSTRIES LIMITED,3.88,3.88,3.77,3.79,3.8,3.79,,3.79,,,192647,732581.37,339,F1,1,,,,,
2026-06-30,2026-06-30,CM,NSE,STK,4105,INE923A01015,SILINV,EQ,,,,,SIL INVESTMENTS LIMITED,417.0,428.4,405.0,419.75,422.95,422.2,,419.2,,,735,306889.05,40,F1,1,,,,,
2026-06-30,2026-06-30,CM,NSE,STK,2492,INE01II01013,SILGO,EQ,,,,,SILGO RETAIL LIMITED,75.18,75.65,74.6,75.08,74.9,74.94,,75.08,,,85333,6404176.48,401,F1,1,,,,,
2026-06-30,2026-06-30,CM,NSE,STK,23739,INE0STN01015,SILKFLEX,ST,,,,,SILKFLEX POLYMERS INDIA L,202.0,214.0,199.6,214.0,214.0,210.0,,214.0,,,7000,1414950.0,6,F1,1000,,,,,
2026-06-30,2026-06-30,CM,NSE,STK,757679,INE0SN801015,SILKY,SM,,,,,SILKY OVERSEAS LIMITED,106.5,106.5,105.0,105.0,105.0,104.95,,105.0,,,1600,169200.0,2,F1,800,,,,,
2026-06-30,2026-06-30,CM,NSE,STK,19097,INE203Y01012,SILLYMONKS,EQ,,,,,SILLY MONKS ENTERTAIN LTD,16.78,16.78,15.83,16.15,16.11,16.21,,16.15,,,13045,209925.43,159,F1,1,,,,,
2026-06-30,2026-06-30,CM,NSE,STK,9422,INE625X01026,SILVERTUC,EQ,,,,,SILVER TOUCH TECHNO LTD,180.0,187.24,178.2,185.51,185.4,178.33,,185.5,,,494004,90264710.42,3958,F1,1,,,,,
2026-06-30,2026-06-30,CM,NSE,STK,758836,INE748T01016,SIMBHALS,BZ,,,,,SIMBHAOLI SUGARS LTD.,6.82,6.88,6.58,6.83,6.88,6.69,,6.83,,,4307,29089.79,64,F1,1,,,,,
2026-06-30,2026-06-30,CM,NSE,STK,763375,INE1K4J01018,SIMCA,SM,,,,,SIMCA ADVERTISING LIMITED,169.9,176.05,169.2,174.25,173.05,168.75,,174.25,,,102000,17610150.0,73,F1,600,,,,,
2026-06-30,2026-06-30,CM,NSE,STK,3162,INE059B01024,SIMPLEXINF,EQ,,,,,SIMPLEX INFRASTRUCTURES L,253.0,268.7,250.35,265.7,266.0,252.3,,265.7,,,184008,48024106.25,2298,F1,1,,,,,
2026-06-30,2026-06-30,CM,NSE,STK,23480,INE985A01022,SINCLAIR,EQ,,,,,SINCLAIRS HOTELS LIMITED,75.87,76.8,74.51,75.74,75.12,75.78,,75.74,,,14502,1096486.81,256,F1,1,,,,,
2026-06-30,2026-06-30,CM,NSE,STK,16859,INE325D01025,SINDHUTRAD,EQ,,,,,SINDHU TRADE LINKS LTD,24.51,25.2,24.44,24.82,24.93,24.67,,24.82,,,766382,18992892.17,1158,F1,1,,,,,
2026-06-30,2026-06-30,CM,NSE,STK,761420,INE638A01035,SINGERIND,EQ,,,,,SINGER INDIA LIMITED,72.96,73.37,70.16,70.5,70.44,72.74,,70.58,,,42151,3030240.71,761,F1,1,,,,,
2026-06-30,2026-06-30,CM,NSE,STK,381,INE129Z01016,SINTERCOM,EQ,,,,,SINTERCOM INDIA LIMITED,72.84,76.9,72.1,73.07,72.85,72.84,,73.07,,,78558,5775570.31,72,F1,1,,,,,
2026-06-30,2026-06-30,CM,NSE,STK,11050,INE792Z01011,SIRCA,EQ,,,,,SIRCA PAINT INDIA LIMITED,406.4,408.0,401.05,402.4,401.65,406.4,,402.4,,,210344,84908823.55,2628,F1,1,,,,,
2026-06-30,2026-06-30,CM,NSE,STK,21501,INE285J01028,SIS,EQ,,,,,SIS LIMITED,429.95,429.95,402.55,414.25,412.0,435.85,,414.3,,,543888,228923816.55,22723,F1,1,,,,,
2026-06-30,2026-06-30,CM,NSE,STK,29210,INE965H01011,SITINET,BZ,,,,,SITI NETWORKS LIMITED,0.35,0.35,0.33,0.34,0.34,0.34,,0.34,,,450540,156839.61,136,F1,1,,,,,
2026-06-30,2026-06-30,CM,NSE,STK,14096,INE076B01028,SIYSIL,EQ,,,,,SIYARAM SILK MILLS LTD,635.8,646.35,631.4,638.15,640.0,635.8,,638.15,,,32253,20661199.75,1919,F1,1,,,,,
2026-06-30,2026-06-30,CM,NSE,STK,6643,INE284S01014,SJS,EQ,,,,,SJS ENTERPRISES LIMITED,2230.0,2263.0,2200.0,2218.0,2228.0,2207.2,,2218.0,,,120306,268213891.8,17930,F1,1,,,,,
2026-06-30,2026-06-30,CM,NSE,STK,18883,INE002L01015,SJVN,EQ,,,,,SJVN LTD,73.0,74.58,72.6,73.15,73.0,71.79,,73.16,,,8697531,639784754.82,41950,F1,1,,,,,
2026-06-30,2026-06-30,CM,NSE,STK,760101,INE2J8701016,SKFINDUS,EQ,,,,,SKF IND (INDUSTRIAL) LTD,2850.0,2967.0,2840.0,2891.8,2896.0,2870.1,,2891.6,,,46732,135845799.5,7459,F1,1,,,,,
2026-06-30,2026-06-30,CM,NSE,STK,3186,INE640A01023,SKFINDIA,EQ,,,,,SKF INDIA LTD,1663.6,1682.1,1641.0,1672.5,1663.7,1655.7,,1672.5,,,42169,70139628.0,6070,F1,1,,,,,
2026-06-30,2026-06-30,CM,NSE,STK,9428,INE439E01022,SKIPPER,EQ,,,,,SKIPPER LIMITED,531.65,537.6,528.6,532.65,534.5,528.55,,532.65,,,278604,148386098.7,8949,F1,1,,,,,
2026-06-30,2026-06-30,CM,NSE,STK,4732,INE411D01023,SKMEGGPROD,EQ,,,,,SKM EGG PROD EXPORT(I) LT,303.01,309.86,290.0,293.02,295.5,304.05,,293.05,,,1152405,346000015.93,21598,F1,1,,,,,
2026-06-30,2026-06-30,CM,NSE,STK,10325,INE0KZA01016,SKP,SM,,,,,SKP BEARING INDUSTRI. LTD,155.0,159.0,155.0,155.0,155.0,153.0,,155.0,,,3500,547300.0,6,F1,500,,,,,
2026-06-30,2026-06-30,CM,NSE,STK,13631,INE01IU01018,SKYGOLD,EQ,,,,,SKY GOLD AND DIAMONDS LTD,514.6,539.8,510.35,532.55,532.0,512.1,,532.55,,,895533,472314447.4,18280,F1,1,,,,,
2026-06-30,2026-06-30,CM,NSE,STK,23692,INE0SMA01017,SLONE,ST,,,,,SLONE INFOSYSTEMS LIMITED,146.6,146.6,139.3,139.3,139.3,146.6,,139.3,,,4800,673880.0,10,F1,400,,,,,
2026-06-30,2026-06-30,CM,NSE,STK,757622,INE14GK01016,SMARTEN,ST,,,,,SMARTEN POWER SYSTEMS LTD,59.6,60.3,59.4,59.7,59.4,59.5,,59.7,,,15600,932760.0,12,F1,1200,,,,,
2026-06-30,2026-06-30,CM,NSE,STK,9893,INE178C01020,SMARTLINK,BE,,,,,SMARTLINK HOLDINGS LTD,171.67,180.25,171.67,180.02,180.25,171.67,,180.07,,,9233,1655199.05,104,F1,1,,,,,
2026-06-30,2026-06-30,CM,NSE,STK,757965,INE0NAZ01010,SMARTWORKS,EQ,,,,,SMARTWORKS COWORKING SP L,492.35,496.85,477.3,486.15,485.0,492.3,,486.1,,,89210,43046390.55,8259,F1,1,,,,,
2026-06-30,2026-06-30,CM,NSE,STK,2320,INE103C01036,SMCGLOBAL,EQ,,,,,SMC GLOBAL SECURITIES LTD,70.35,71.38,69.37,70.24,70.31,70.93,,70.24,,,516538,36258443.3,2996,F1,1,,,,,
2026-06-30,2026-06-30,CM,NSE,STK,3387,INE294B01019,SMLMAH,EQ,,,,,SML MAHINDRA LIMITED,4035.0,4134.8,3978.0,4098.0,4090.6,4027.2,,4097.9,,,68971,279435022.6,10718,F1,1,,,,,
2026-06-30,2026-06-30,CM,NSE,STK,14329,INE812G01025,SMSPHARMA,EQ,,,,,SMS PHARMACEUTICALS LTD.,380.7,428.85,380.0,412.55,411.6,380.7,,412.55,,,7823626,3251768817.0,124098,F1,1,,,,,
2026-06-30,2026-06-30,CM,NSE,STK,847,INE702Y01013,SMVD,SM,,,,,SMVD POLY PACK LIMITED,12.1,12.1,12.1,12.1,12.1,11.55,,12.1,,,4040,48884.0,1,F1,4040,,,,,
2026-06-30,2026-06-30,CM,NSE,STK,758949,INE1OIC01018,SNEHAA,ST,,,,,SNEHAA ORGANICS LIMITED,44.0,44.5,44.0,44.5,44.5,44.0,,44.5,,,3000,133000.0,3,F1,1000,,,,,
2026-06-30,2026-06-30,CM,NSE,STK,4843,INE734N01019,SNOWMAN,EQ,,,,,SNOWMAN LOGISTICS LTD.,36.86,37.2,36.53,36.91,36.8,36.74,,36.9,,,99493,3670985.95,1059,F1,1,,,,,
2026-06-30,2026-06-30,CM,NSE,STK,13826,INE671H01015,SOBHA,EQ,,,,,SOBHA LIMITED,1390.0,1404.0,1373.1,1378.5,1373.1,1387.3,,1378.5,,,114583,159157447.9,9518,F1,1,,,,,
2026-06-30,2026-06-30,CM,NSE,STK,8268,INE728Z01015,SOFTTECH,BE,,,,,SOFTTECH ENGINEERS LTD,435.95,444.65,435.95,444.65,444.65,435.95,,444.65,,,1035,456950.25,12,F1,1,,,,,
2026-06-30,2026-06-30,CM,NSE,STK,13332,INE343H01029,SOLARINDS,EQ,,,,,SOLAR INDUSTRIES (I) LTD,17870.0,18780.0,17825.0,18696.0,18685.0,17798.0,,18696.0,,,306107,5655993586.0,59997,F1,1,,,,,
2026-06-30,2026-06-30,CM,NSE,STK,3672,INE624Z01016,SOLARA,EQ,,,,,SOLARA ACTIVE PHA SCI LTD,571.8,580.8,564.1,575.7,576.1,571.7,,575.7,,,166524,95347444.05,7289,F1,1,,,,,
2026-06-30,2026-06-30,CM,NSE,STK,759929,INE0TY101024,SOLARWORLD,EQ,,,,,SOLARWORLD ENERGY SOL LTD,181.0,184.66,181.0,183.36,182.6,181.01,,183.32,,,110483,20223812.51,2152,F1,1,,,,,
2026-06-30,2026-06-30,CM,NSE,STK,759397,INE880Y01017,SOLEX,EQ,,,,,SOLEX ENERGY LIMITED,1104.0,1137.4,1090.7,1103.6,1104.0,1101.7,,1103.6,,,28785,32077237.5,2101,F1,1,,,,,
2026-06-30,2026-06-30,CM,NSE,STK,1338,INE480C01038,SDBL,EQ,,,,,SOM DIST & BREW LTD,67.0,69.19,66.85,67.78,67.92,67.23,,67.79,,,727781,49370933.74,6155,F1,1,,,,,
2026-06-30,2026-06-30,CM,NSE,STK,4201,INE314C01013,SOMATEX,EQ,,,,,SOMA TEXTILES & INDUST LT,91.0,93.93,87.51,88.33,88.81,91.15,,88.31,,,15557,1402655.08,383,F1,1,,,,,
2026-06-30,2026-06-30,CM,NSE,STK,3880,INE355A01028,SOMANYCERA,EQ,,,,,SOMANY CERAMICS LIMITED,520.4,549.35,514.2,533.85,534.9,517.65,,533.85,,,498227,266436552.2,19148,F1,1,,,,,
2026-06-30,2026-06-30,CM,NSE,STK,17794,INE323J01019,SOMICONVEY,EQ,,,,,SOMI CONVEYOR BELT. LTD.,108.55,108.55,104.26,105.19,106.45,106.85,,105.18,,,26359,2789539.5,423,F1,1,,,,,
2026-06-30,2026-06-30,CM,NSE,STK,4684,INE073K01018,SONACOMS,EQ,,,,,SONA BLW PRECISION FRGS L,618.55,623.7,608.3,619.9,621.0,620.75,,619.9,,,1987929,1227444942.75,47073,F1,1,,,,,
2026-06-30,2026-06-30,CM,NSE,STK,23055,INE0Q6H01012,SONAMAC,ST,,,,,SONA MACHINERY LIMITED,33.85,33.85,33.05,33.05,33.05,33.85,,33.05,,,5000,166250.0,5,F1,1000,,,,,
2026-06-30,2026-06-30,CM,NSE,STK,762919,INE321M01017,SONAL,EQ,,,,,SONAL MERCANTILE LTD.,93.0,93.0,90.5,93.0,93.0,93.05,,93.0,,,43,3981.5,5,F1,1,,,,,
2026-06-30,2026-06-30,CM,NSE,STK,8806,INE00LM01029,SONAMLTD,EQ,,,,,SONAM LIMITED,51.46,54.58,51.03,52.03,51.95,51.45,,52.03,,,133249,7106260.73,1499,F1,1,,,,,
2026-06-30,2026-06-30,CM,NSE,STK,6596,INE269A01021,SONATSOFTW,EQ,,,,,SONATA SOFTWARE LTD,277.0,278.9,266.1,267.65,267.1,275.2,,267.65,,,890841,239930793.85,18479,F1,1,,,,,
2026-06-30,2026-06-30,CM,NSE,STK,9463,INE0JZA01018,SONUINFRA,ST,,,,,SONU INFRATECH LIMITED,52.25,52.25,52.25,52.25,52.25,55.0,,52.25,,,3000,156750.0,2,F1,1500,,,,,
2026-06-30,2026-06-30,CM,NSE,STK,9678,INE980Y01015,SOUTHWEST,EQ,,,,,SOUTH WEST PINNACLE LTD,218.0,223.65,212.6,216.25,215.0,216.55,,216.25,,,343978,74625977.0,5784,F1,1,,,,,
2026-06-30,2026-06-30,CM,NSE,STK,8521,INE0JW501011,SPRL,SM,,,,,SP REFRACTORIES LIMITED,115.7,115.7,115.7,115.7,115.7,115.7,,115.7,,,2400,277680.0,3,F1,800,,,,,
2026-06-30,2026-06-30,CM,NSE,STK,19372,INE970N01027,SPCENET,EQ,,,,,SPACENET ENTERS IND LTD,3.68,3.72,3.48,3.51,3.51,3.66,,3.51,,,646872,2314012.13,619,F1,1,,,,,
2026-06-30,2026-06-30,CM,NSE,STK,758420,IN9572J01019,SSFLPP,E1,,,,,SPANDANA RS.5 PPD UP,124.0,129.0,122.7,123.95,124.0,124.0,,123.95,,,94026,11670015.65,358,F1,1,,,,,
2026-06-30,2026-06-30,CM,NSE,STK,11435,INE572J01011,SPANDANA,EQ,,,,,SPANDANA SPHOORTY FIN LTD,263.5,274.0,262.75,268.6,269.0,263.5,,268.6,,,244886,65856201.5,7542,F1,1,,,,,
2026-06-30,2026-06-30,CM,NSE,STK,760138,INE1CW901027,SPEB,ST,,,,,SPEB ADHESIVES LIMITED,89.0,89.0,89.0,89.0,89.0,89.0,,89.0,,,2000,178000.0,1,F1,2000,,,,,
2026-06-30,2026-06-30,CM,NSE,STK,27107,INE247M01014,SPECIALITY,EQ,,,,,SPECIALITY REST LTD,134.0,134.0,126.0,126.81,128.0,133.31,,126.8,,,65183,8380121.06,968,F1,1,,,,,
2026-06-30,2026-06-30,CM,NSE,STK,30455,INE01EO01010,SPECTRUM,EQ,,,,,SPECTRUM ELECTRIC IND LTD,1757.6,1904.8,1750.3,1860.7,1871.0,1753.5,,1860.2,,,37673,69848788.5,4339,F1,1,,,,,
2026-06-30,2026-06-30,CM,NSE,STK,16883,INE0OL001018,SPECTSTM,ST,,,,,SPECTRUM TALENT MGMT LTD,56.55,58.35,55.0,56.8,56.8,56.7,,56.8,,,24000,1359880.0,14,F1,800,,,,,
2026-06-30,2026-06-30,CM,NSE,STK,8163,INE020801028,SPENCERS,EQ,,,,,SPENCER S RETAIL LIMITED,35.7,35.88,35.02,35.41,35.4,35.36,,35.41,,,40787,1447582.37,686,F1,1,,,,,
2026-06-30,2026-06-30,CM,NSE,STK,3252,INE147A01011,SPIC,EQ,,,,,SPIC LTD,67.79,68.14,67.34,67.49,67.48,67.61,,67.49,,,274359,18569745.6,1585,F1,1,,,,,
2026-06-30,2026-06-30,CM,NSE,STK,11935,INE978G01016,SPLIL,EQ,,,,,SPL INDUSTRIES LIMITED,30.0,30.98,30.0,30.32,30.4,30.16,,30.32,,,3441,103858.26,37,F1,1,,,,,
2026-06-30,2026-06-30,CM,NSE,STK,3321,INE937A01023,SPMLINFRA,EQ,,,,,SPML INFRA LIMITED,197.69,198.88,194.5,196.82,196.9,197.68,,196.82,,,151712,29821882.0,2991,F1,1,,,,,
2026-06-30,2026-06-30,CM,NSE,STK,10733,INE885H01029,SPORTKING,EQ,,,,,SPORTKING INDIA LIMITED,175.0,178.84,171.82,174.26,174.99,174.76,,174.28,,,158821,27719879.98,3308,F1,1,,,,,
2026-06-30,2026-06-30,CM,NSE,STK,25306,INE0QR801013,SPPPOLY,SM,,,,,SPP POLYMER LIMITED,13.65,13.65,13.35,13.35,13.35,14.05,,13.35,,,10000,134700.0,5,F1,2000,,,,,
2026-06-30,2026-06-30,CM,NSE,STK,757865,INE19QH01010,SPUNWEB,SM,,,,,SPUNWEB NONWOVEN LIMITED,110.0,111.0,110.0,110.0,110.0,110.55,,110.0,,,3600,397200.0,3,F1,1200,,,,,
2026-06-30,2026-06-30,CM,NSE,STK,14582,INE917H01012,SRHHYPOLTD,EQ,,,,,SREE RAYALSEEMA HHP LTD.,486.05,489.0,480.2,485.05,488.0,482.55,,485.1,,,2110,1022464.95,178,F1,1,,,,,
2026-06-30,2026-06-30,CM,NSE,STK,31837,INE099F01013,SREEL,EQ,,,,,SREELEATHERS LIMITED,213.12,216.85,208.15,208.71,208.52,213.12,,208.7,,,6868,1442460.32,313,F1,1,,,,,
2026-06-30,2026-06-30,CM,NSE,STK,3273,INE647A01010,SRF,EQ,,,,,SRF LTD,2664.7,2781.5,2664.7,2739.0,2743.0,2664.7,,2739.0,,,773262,2118464219.6,46170,F1,1,,,,,
2026-06-30,2026-06-30,CM,NSE,STK,18119,INE559N01010,SRGHFL,EQ,,,,,SRG HOUSING FINANCE L,299.0,303.0,298.0,300.0,300.0,295.35,,300.0,,,1459,438004.7,40,F1,1,,,,,
2026-06-30,2026-06-30,CM,NSE,STK,7457,INE293B01029,HAVISHA,EQ,,,,,SRI HAVISHA HOSP & INFR L,1.31,1.31,1.25,1.29,1.31,1.29,,1.29,,,22237,28937.43,90,F1,1,,,,,
2026-06-30,2026-06-30,CM,NSE,STK,758145,INE0V9Q01010,LOTUSDEV,EQ,,,,,SRI LOTUS DEVLPRS N RTY L,153.5,153.5,147.01,148.44,148.41,152.32,,148.45,,,439617,65340345.0,3888,F1,1,,,,,
2026-06-30,2026-06-30,CM,NSE,STK,761393,INE0TPJ01019,SPCON,SM,,,,,SRINIBAS PRADHAN CONST L,130.75,130.75,130.75,130.75,130.75,124.5,,130.75,,,1200,156900.0,1,F1,1200,,,,,
2026-06-30,2026-06-30,CM,NSE,STK,18059,INE0ON201012,SSFL,ST,,,,,SRIVARI SPICES N FOODS L,280.45,280.45,280.45,280.45,280.45,267.1,,280.45,,,23000,6450350.0,26,F1,500,,,,,
2026-06-30,2026-06-30,CM,NSE,STK,14411,INE0NPI01014,SRIVASAVI,SM,,,,,SRIVASAVI ADHESIVE TAPE L,66.1,68.5,66.1,68.5,68.5,67.3,,68.5,,,4000,267600.0,4,F1,1000,,,,,
2026-06-30,2026-06-30,CM,NSE,STK,23402,INE0R6Z01013,SRM,EQ,,,,,SRM CONTRACTORS LIMITED,535.0,541.0,511.0,513.1,514.8,507.05,,513.1,,,469668,246768277.05,15546,F1,1,,,,,
2026-06-30,2026-06-30,CM,NSE,STK,29204,INE0RYC01010,STALLION,EQ,,,,,STALLION IND FLUOROCHEM L,179.0,186.75,179.0,184.24,184.45,178.88,,184.25,,,815055,150048276.12,10051,F1,1,,,,,
2026-06-30,2026-06-30,CM,NSE,STK,29075,INE0M4D01010,SETL,EQ,,,,,STANDARD ENGNG TCNLGY LTD,252.0,256.77,247.27,256.77,256.77,233.43,,256.77,,,1644923,417930979.12,8798,F1,1,,,,,
2026-06-30,2026-06-30,CM,NSE,STK,11297,INE173A01025,SIL,EQ,,,,,STANDARD INDUSTRIES LTD.,15.99,15.99,15.17,15.6,15.62,15.75,,15.6,,,8829,137144.32,177,F1,1,,,,,
2026-06-30,2026-06-30,CM,NSE,STK,24226,INE01A001028,STANLEY,EQ,,,,,STANLEY LIFESTYLES LTD,153.17,154.79,148.23,151.09,151.33,150.91,,151.08,,,225032,34077362.02,4581,F1,1,,,,,
2026-06-30,2026-06-30,CM,NSE,STK,21091,INE460H01021,STARCEMENT,EQ,,,,,STAR CEMENT LIMITED,207.5,209.43,207.23,207.72,207.77,208.53,,207.73,,,168518,35105122.26,3501,F1,1,,,,,
2026-06-30,2026-06-30,CM,NSE,STK,7083,INE575P01011,STARHEALTH,EQ,,,,,STAR HEALTH & AL INS CO L,585.5,594.0,576.0,588.95,589.0,584.75,,588.95,,,455943,267564509.2,19141,F1,1,,,,,
2026-06-30,2026-06-30,CM,NSE,STK,3291,INE733A01018,STARPAPER,EQ,,,,,STAR PAPER MILLS LTD,136.8,141.79,136.8,137.83,140.5,136.65,,137.83,,,19052,2671418.54,359,F1,1,,,,,
2026-06-30,2026-06-30,CM,NSE,STK,9305,INE992I01013,STARTECK,EQ,,,,,STARTECK FINANCE LIMITED,284.8,290.9,280.0,285.7,286.85,284.35,,284.4,,,7716,2197537.75,129,F1,1,,,,,
2026-06-30,2026-06-30,CM,NSE,STK,3045,INE062A01020,SBIN,EQ,,,,,STATE BANK OF INDIA,1040.0,1044.0,1025.05,1026.9,1029.9,1036.1,,1026.9,,,11161643,11542198969.75,180911,F1,1,,,,,
2026-06-30,2026-06-30,CM,NSE,STK,2963,INE114A01011,SAIL,EQ,,,,,STEEL AUTHORITY OF INDIA,174.5,175.4,171.34,173.49,173.39,175.23,,173.49,,,14838040,2570937553.66,93923,F1,1,,,,,
2026-06-30,2026-06-30,CM,NSE,STK,10406,INE395H01011,STEELCITY,EQ,,,,,STEEL CITY SECURITIES LTD,77.98,78.28,76.3,76.95,77.1,76.55,,76.95,,,1090,84023.44,91,F1,1,,,,,
2026-06-30,2026-06-30,CM,NSE,STK,21339,INE503B01021,STEELXIND,EQ,,,,,STEEL EXCHANGE INDIA LTD,12.6,12.76,12.48,12.53,12.52,12.6,,12.53,,,1934820,24388388.8,2885,F1,1,,,,,
2026-06-30,2026-06-30,CM,NSE,STK,11829,INE802C01033,SSWL,EQ,,,,,STEEL STRIPS WHEELS LTD.,229.52,232.31,227.55,230.68,230.33,229.51,,230.59,,,200132,46144542.25,5480,F1,1,,,,,
2026-06-30,2026-06-30,CM,NSE,STK,6803,INE124E01038,STEELCAS,EQ,,,,,STEELCAST LIMITED,298.7,310.55,298.7,303.55,305.5,300.35,,303.55,,,81355,24863628.25,1852,F1,1,,,,,
2026-06-30,2026-06-30,CM,NSE,STK,21484,INE577L01016,STEL,EQ,,,,,STEL HOLDINGS LIMITED,584.35,589.95,570.05,572.1,572.95,572.65,,572.1,,,4395,2534990.6,358,F1,1,,,,,
2026-06-30,2026-06-30,CM,NSE,STK,6188,INE334A01023,STERTOOLS,BE,,,,,STERLING TOOLS LIMITED,253.0,255.0,239.0,241.25,241.5,247.63,,241.14,,,31020,7615836.04,655,F1,1,,,,,
2026-06-30,2026-06-30,CM,NSE,STK,9313,INE089C01029,STLTECH,BE,,,,,STERLITE TECHNOLOGIES LTD,618.0,639.3,606.3,613.3,609.5,624.55,,613.35,,,1486866,924519006.8,27692,F1,1,,,,,
2026-06-30,2026-06-30,CM,NSE,STK,13367,INE353H01010,SGL,EQ,,,,,STL GLOBAL LIMITED,10.01,10.35,9.76,10.06,10.15,10.01,,10.05,,,16226,161609.51,92,F1,1,,,,,
2026-06-30,2026-06-30,CM,NSE,STK,758978,INE1VXE01018,STLNETWORK,BE,,,,,STL NETWORKS LIMITED,27.27,27.27,26.76,27.1,27.23,27.27,,27.1,,,503030,13598607.77,1075,F1,1,,,,,
2026-06-30,2026-06-30,CM,NSE,STK,2107,INE00IN01015,STOVEKRAFT,EQ,,,,,STOVE KRAFT LIMITED,789.7,793.95,762.55,775.5,775.0,778.75,,775.5,,,125574,97768894.15,8243,F1,1,,,,,
2026-06-30,2026-06-30,CM,NSE,STK,7374,INE939A01011,STAR,EQ,,,,,STRIDES PHARMA SCI LTD,1111.4,1115.7,1076.5,1092.9,1085.0,1103.4,,1092.9,,,201413,220674004.9,12753,F1,1,,,,,
2026-06-30,2026-06-30,CM,NSE,STK,12489,INE00M201021,SWSOLAR,EQ,,,,,STRLNG & WIL REN ENE LTD,254.0,256.65,242.15,244.4,242.8,244.35,,244.4,,,9125781,2274057173.26,76184,F1,1,,,,,
2026-06-30,2026-06-30,CM,NSE,STK,759587,INE00Q601028,STUDDS,EQ,,,,,STUDDS ACCESSORIES LTD,474.75,476.0,468.0,469.15,469.5,471.3,,469.25,,,53920,25360579.35,1283,F1,1,,,,,
2026-06-30,2026-06-30,CM,NSE,STK,758530,INE17VO01028,STUDIOLSD,ST,,,,,STUDIO LSD LIMITED,9.2,9.5,9.2,9.45,9.5,9.2,,9.45,,,10000,93400.0,5,F1,2000,,,,,
2026-06-30,2026-06-30,CM,NSE,STK,5186,INE239C01020,STYLAMIND,EQ,,,,,STYLAM INDUSTRIES LIMITED,3287.0,3319.0,3225.5,3248.3,3225.5,3287.7,,3248.4,,,17469,57052432.0,4904,F1,1,,,,,
2026-06-30,2026-06-30,CM,NSE,STK,19,INE189B01011,STYRENIX,EQ,,,,,STYRENIX PERFORMANCE LTD,2265.5,2320.0,2265.5,2297.8,2300.0,2274.0,,2297.3,,,11793,27093623.1,1897,F1,1,,,,,
2026-06-30,2026-06-30,CM,NSE,STK,760112,INE0RYR01018,SUBAHOTELS,SM,,,,,SUBA HOTELS LIMITED,114.3,117.5,114.3,115.5,115.35,115.25,,115.5,,,30000,3481920.0,24,F1,1200,,,,,
2026-06-30,2026-06-30,CM,NSE,STK,959,INE754A01055,SUBEXLTD,BE,,,,,SUBEX LTD,11.3,11.88,11.15,11.62,11.62,11.32,,11.63,,,1398999,16099069.49,1090,F1,1,,,,,
2026-06-30,2026-06-30,CM,NSE,STK,3324,INE287B01021,SUBROS,EQ,,,,,SUBROS LIMITED,822.0,847.65,810.0,842.4,844.1,815.6,,842.45,,,185774,155218798.2,11317,F1,1,,,,,
2026-06-30,2026-06-30,CM,NSE,STK,3327,INE659A01023,SUDARSCHEM,EQ,,,,,SUDARSHAN CHEMICAL INDS L,884.9,890.0,872.0,882.0,885.95,880.1,,881.95,,,70618,62155973.75,6778,F1,1,,,,,
2026-06-30,2026-06-30,CM,NSE,STK,715,INE492A01029,SUDARCOLOR,EQ,,,,,SUDARSHAN COLORNT IND LTD,356.35,363.95,351.55,352.6,351.75,355.35,,352.4,,,4238,1501929.1,188,F1,1,,,,,
2026-06-30,2026-06-30,CM,NSE,STK,760039,INE0QPI01025,SUDEEPPHRM,EQ,,,,,SUDEEP PHARMA LIMITED,833.9,850.0,815.2,848.5,848.1,821.1,,848.5,,,192273,162001670.35,12319,F1,1,,,,,
2026-06-30,2026-06-30,CM,NSE,STK,11804,INE450E01029,SUKHJITS,EQ,,,,,SUKHJIT STARCH & CHEM LTD,175.23,178.99,174.31,178.06,178.0,173.71,,178.05,,,8803,1555983.1,274,F1,1,,,,,
2026-06-30,2026-06-30,CM,NSE,STK,13218,INE142Q01026,SULA,EQ,,,,,SULA VINEYARDS LIMITED,154.26,154.48,152.78,153.26,153.71,153.15,,153.23,,,133121,20431889.4,3074,F1,1,,,,,
2026-06-30,2026-06-30,CM,NSE,STK,20790,INE235C01036,SUMEETINDS,EQ,,,,,SUMEET IND LIMITED,28.62,29.55,28.2,28.35,28.2,28.47,,28.35,,,7752044,223344889.83,7013,F1,1,,,,,
2026-06-30,2026-06-30,CM,NSE,STK,754145,INE235C20010,SUMEET-RE,BE,,,,,SUMEET INDUSTRIES LTD,2.81,3.1,2.42,2.5,2.45,2.77,,2.5,,,5343344,14042076.87,1797,F1,1,,,,,
2026-06-30,2026-06-30,CM,NSE,STK,11141,INE748Z01013,SUMIT,BE,,,,,SUMIT WOODS LIMITED,40.98,41.94,40.1,41.56,41.8,41.19,,41.56,,,21158,869813.31,93,F1,1,,,,,
2026-06-30,2026-06-30,CM,NSE,STK,17105,INE258G01013,SUMICHEM,EQ,,,,,SUMITOMO CHEM INDIA LTD,422.7,424.2,411.55,420.85,421.0,419.9,,420.9,,,285152,119460449.85,12465,F1,1,,,,,
2026-06-30,2026-06-30,CM,NSE,STK,21275,INE519C01017,SUMMITSEC,EQ,,,,,SUMMIT SECURITIES LTD,1521.0,1521.7,1500.1,1511.2,1510.5,1503.5,,1510.9,,,966,1459873.9,210,F1,1,,,,,
2026-06-30,2026-06-30,CM,NSE,STK,14788,INE232I01014,SPARC,EQ,,,,,SUN PHARMA ADV.RES.CO.LTD,232.49,237.4,232.34,234.75,235.0,231.19,,234.74,,,1210318,284437786.71,13016,F1,1,,,,,
2026-06-30,2026-06-30,CM,NSE,STK,3351,INE044A01036,SUNPHARMA,EQ,,,,,SUN PHARMACEUTICAL IND L,1885.0,1892.9,1859.4,1862.5,1867.8,1874.8,,1862.5,,,2352774,4402345118.2,86436,F1,1,,,,,
2026-06-30,2026-06-30,CM,NSE,STK,13404,INE424H01027,SUNTV,EQ,,,,,SUN TV NETWORK LIMITED,513.65,519.9,510.65,515.55,517.0,513.65,,515.55,,,206670,106529775.4,16770,F1,1,,,,,
2026-06-30,2026-06-30,CM,NSE,STK,20956,INE0Q3R01026,SUNCLAY,EQ,,,,,SUNDARAM CLAYTON LIMITED,1387.9,1408.5,1355.0,1357.4,1355.0,1386.8,,1357.7,,,4897,6755293.3,814,F1,1,,,,,
2026-06-30,2026-06-30,CM,NSE,STK,3339,INE660A01013,SUNDARMFIN,EQ,,,,,SUNDARAM FINANCE LTD,4558.6,4594.9,4476.7,4506.7,4571.0,4547.5,,4506.7,,,83076,375395683.4,12117,F1,1,,,,,
2026-06-30,2026-06-30,CM,NSE,STK,18931,INE108E01023,SUNDARAM,EQ,,,,,SUNDARAM MULTI PAP LTD,1.34,1.35,1.31,1.32,1.31,1.33,,1.32,,,233232,309256.33,243,F1,1,,,,,
2026-06-30,2026-06-30,CM,NSE,STK,9848,INE073D01013,SUNDRMBRAK,BE,,,,,SUNDARAMBRAKE LININGS LTD,805.95,846.2,792.0,826.25,826.0,805.95,,826.25,,,5618,4700124.6,129,F1,1,,,,,
2026-06-30,2026-06-30,CM,NSE,STK,3345,INE387A01021,SUNDRMFAST,EQ,,,,,SUNDRAM FASTENERS LTD,938.9,943.1,919.05,934.15,933.0,928.8,,934.15,,,271048,253159923.7,17657,F1,1,,,,,
2026-06-30,2026-06-30,CM,NSE,STK,761205,INE0CTB01014,SOCL,ST,,,,,SUNDREX OIL COMPANY LTD,25.0,25.0,24.5,24.5,24.5,25.5,,24.5,,,6400,158400.0,3,F1,1600,,,,,
2026-06-30,2026-06-30,CM,NSE,STK,1663,INE209A01019,SUNDROP,EQ,,,,,SUNDROP BRANDS LIMITED,650.0,650.95,638.0,638.1,638.0,646.1,,638.1,,,19116,12247678.0,288,F1,1,,,,,
2026-06-30,2026-06-30,CM,NSE,STK,3348,INE947A01014,SUNFLAG,EQ,,,,,SUNFLAG IRON AND STEEL CO,342.9,343.4,338.9,340.05,340.0,340.95,,340.05,,,59321,20221840.85,2348,F1,1,,,,,
2026-06-30,2026-06-30,CM,NSE,STK,18267,INE0O3O01017,SEL,ST,,,,,SUNGARNER ENERGIES LTD,181.0,181.0,180.0,180.0,180.0,181.0,,180.0,,,1000,180400.0,5,F1,200,,,,,
2026-06-30,2026-06-30,CM,NSE,STK,24872,INE0U2N01013,SUNLITE,ST,,,,,SUNLITE RECYCLING IND LTD,435.6,435.6,425.1,434.0,435.0,434.5,,434.0,,,7200,3112050.0,18,F1,300,,,,,
2026-06-30,2026-06-30,CM,NSE,STK,20213,INE0PLZ01012,SUNREST,SM,,,,,SUNREST LIFESCIENCE LTD,34.0,34.0,34.0,34.0,34.0,35.05,,34.0,,,1600,54400.0,1,F1,1600,,,,,
2026-06-30,2026-06-30,CM,NSE,STK,757766,INE0SGZ01016,SUNTECH,ST,,,,,SUNTECH INFRA SOLUTIONS L,38.0,38.0,36.5,36.5,36.5,36.3,,36.5,,,4800,177680.0,3,F1,1600,,,,,
2026-06-30,2026-06-30,CM,NSE,STK,17641,INE805D01034,SUNTECK,EQ,,,,,SUNTECK REALTY LIMITED,316.05,319.95,309.2,310.75,309.7,315.7,,310.75,,,205734,64586872.9,3840,F1,1,,,,,
2026-06-30,2026-06-30,CM,NSE,STK,8931,INE662A01027,SUPERSPIN,BE,,,,,SUPER SPINNING MILLS LTD,5.97,6.01,5.97,6.01,6.01,5.73,,6.01,,,63786,382656.94,84,F1,1,,,,,
2026-06-30,2026-06-30,CM,NSE,STK,20616,INE712B01010,SUPERHOUSE,EQ,,,,,SUPERHOUSE LIMITED,158.0,159.0,157.15,158.49,157.32,158.39,,158.49,,,1649,260689.08,46,F1,1,,,,,
2026-06-30,2026-06-30,CM,NSE,STK,11689,INE399C01030,SUPRAJIT,EQ,,,,,SUPRAJIT ENGINEERING LTD,460.4,469.3,457.4,460.9,460.25,459.35,,460.9,,,67729,31317226.95,4016,F1,1,,,,,
2026-06-30,2026-06-30,CM,NSE,STK,758997,INE319Z01021,SUPREMEENG,BZ,,,,,SUPREME ENGINEERING LTD,1.42,1.42,1.42,1.42,1.42,1.4,,1.42,,,177231,251668.02,37,F1,1,,,,,
2026-06-30,2026-06-30,CM,NSE,STK,29439,INE822E01011,SUPREME,EQ,,,,,SUPREME HOLDIN N HOSP I L,46.23,48.51,46.23,47.81,48.0,47.01,,47.81,,,10700,508732.11,122,F1,1,,,,,
2026-06-30,2026-06-30,CM,NSE,STK,3363,INE195A01028,SUPREMEIND,EQ,,,,,SUPREME INDUSTRIES LTD,3219.9,3219.9,3147.2,3157.8,3156.0,3194.0,,3157.8,,,358225,1134641873.7,41935,F1,1,,,,,
2026-06-30,2026-06-30,CM,NSE,STK,15002,INE550H01011,SUPREMEINF,EQ,,,,,SUPREME INFRA. LTD.,72.99,81.75,72.99,80.59,80.99,71.2,,80.56,,,954097,75935921.16,8385,F1,1,,,,,
2026-06-30,2026-06-30,CM,NSE,STK,9617,INE663A01033,SPLPETRO,EQ,,,,,SUPREME PETROCHEM LIMITED,737.85,738.0,709.25,713.95,717.0,731.05,,714.0,,,61831,44569400.7,3806,F1,1,,,,,
2026-06-30,2026-06-30,CM,NSE,STK,21074,INE0QHG01026,SUPREMEPWR,ST,,,,,SUPREME POWER EQUIPMENT L,250.0,254.55,247.8,248.85,249.25,250.0,,248.85,,,23000,5769825.0,42,F1,500,,,,,
2026-06-30,2026-06-30,CM,NSE,STK,7390,INE07RO01027,SUPRIYA,EQ,,,,,SUPRIYA LIFESCIENCE LTD,981.0,1043.2,964.55,1018.05,1018.9,970.75,,1018.0,,,1116775,1122774025.05,46860,F1,1,,,,,
2026-06-30,2026-06-30,CM,NSE,STK,20822,INE843S01025,SURAJEST,EQ,,,,,SURAJ ESTATE DEVELOPERS L,188.5,207.0,188.5,198.43,198.0,188.1,,198.43,,,257468,51170609.75,4624,F1,1,,,,,
2026-06-30,2026-06-30,CM,NSE,STK,24966,INE713C01016,SURAJLTD,EQ,,,,,SURAJ LIMITED,230.0,231.0,228.0,229.96,230.0,227.85,,229.96,,,283,65123.0,17,F1,1,,,,,
2026-06-30,2026-06-30,CM,NSE,STK,27334,INE877V01027,SURAKSHA,EQ,,,,,SURAKSHA DIAGNOSTIC LTD,272.15,273.95,271.5,272.95,272.0,273.3,,272.95,,,8564,2333134.15,419,F1,1,,,,,
2026-06-30,2026-06-30,CM,NSE,STK,21077,INE272L01022,SURANASOL,EQ,,,,,SURANA SOLAR LIMITED,26.71,27.21,26.71,26.97,26.95,26.92,,26.97,,,24504,660144.15,325,F1,1,,,,,
2026-06-30,2026-06-30,CM,NSE,STK,10700,INE130B01031,SURANAT&P,EQ,,,,,SURANA TELECOM AND POW LT,20.29,20.35,19.5,19.55,19.51,19.97,,19.55,,,43830,862804.35,374,F1,1,,,,,
2026-06-30,2026-06-30,CM,NSE,STK,8524,INE01ZJ01015,SURANI,ST,,,,,SURANI STEEL TUBES LTD.,102.95,107.9,102.55,107.0,107.0,107.9,,107.0,,,1000,104660.0,5,F1,200,,,,,
2026-06-30,2026-06-30,CM,NSE,STK,14139,INE05ST01028,SBGLP,EQ,,,,,SURATWWALA BUS GROUP LTD,25.25,25.64,24.31,25.01,25.24,25.23,,25.01,,,30637,764584.34,709,F1,1,,,,,
2026-06-30,2026-06-30,CM,NSE,STK,3375,INE335A01020,SURYAROSNI,EQ,,,,,SURYA ROSHNI LTD,258.1,260.11,254.41,258.73,258.56,257.8,,258.73,,,393611,101342938.36,7485,F1,1,,,,,
2026-06-30,2026-06-30,CM,NSE,STK,11852,INE713B01026,SURYALAXMI,EQ,,,,,SURYALAKSHMI COT MIL LTD,60.25,63.63,60.25,62.48,62.3,61.11,,62.48,,,7195,451477.37,86,F1,1,,,,,
2026-06-30,2026-06-30,CM,NSE,STK,762924,INE132C01027,SURYALA,EQ,,,,,SURYALATA SPINNING MILL L,445.0,448.0,442.25,448.0,447.95,446.85,,448.0,,,345,153697.75,18,F1,1,,,,,
2026-06-30,2026-06-30,CM,NSE,STK,2970,INE428Q01011,SURYODAY,EQ,,,,,SURYODAY SMALL FIN BK LTD,173.55,177.99,173.11,175.61,175.55,173.55,,175.61,,,377830,66424588.59,5476,F1,1,,,,,
2026-06-30,2026-06-30,CM,NSE,STK,21321,INE0R8O23017,SEITINVIT,IV,,,,,SUSTAINABLE ENERGY INFRA,123.0,123.0,123.0,123.0,123.0,123.0,,123.0,,,500000,61500000.0,1,F1,25000,,,,,
2026-06-30,2026-06-30,CM,NSE,STK,13801,INE645H01027,SUTLEJTEX,EQ,,,,,SUTLEJ TEXT & INDUS LTD,38.79,38.79,37.64,38.26,38.5,38.23,,38.26,,,28243,1077787.61,315,F1,1,,,,,
2026-06-30,2026-06-30,CM,NSE,STK,11233,INE495B01038,SUVEN,EQ,,,,,SUVEN LIFE SCIENCES LTD,280.0,286.8,276.0,280.65,280.95,277.0,,280.65,,,920283,258210584.9,17601,F1,1,,,,,
2026-06-30,2026-06-30,CM,NSE,STK,2998,INE018401013,SUVIDHAA,EQ,,,,,SUVIDHAA INFOSERVE LTD,2.72,2.9,2.65,2.69,2.7,2.73,,2.69,,,146454,400941.08,235,F1,1,,,,,
2026-06-30,2026-06-30,CM,NSE,STK,24851,INE442P01014,SUYOG,EQ,,,,,SUYOG TELEMATICS LIMITED,809.7,847.4,789.0,835.8,829.0,805.4,,836.05,,,82354,68315706.95,4562,F1,1,,,,,
2026-06-30,2026-06-30,CM,NSE,STK,12018,INE040H01021,SUZLON,EQ,,,,,SUZLON ENERGY LIMITED,57.46,59.1,57.31,58.9,58.9,57.21,,58.9,,,120994413,7054750100.3,137965,F1,1,,,,,
2026-06-30,2026-06-30,CM,NSE,STK,5023,INE308E01029,SVPGLOB,BE,,,,,SVP GLOBAL TEXTILES LTD,3.75,3.99,3.75,3.82,3.82,3.88,,3.82,,,10668,41315.02,31,F1,1,,,,,
2026-06-30,2026-06-30,CM,NSE,STK,27095,INE665A01038,SWANCORP,EQ,,,,,SWAN CORP LIMITED,314.0,316.5,312.5,313.45,314.0,311.55,,313.45,,,365990,115008539.25,7287,F1,1,,,,,
2026-06-30,2026-06-30,CM,NSE,STK,29164,INE542F01020,SWANDEF,BE,,,,,SWAN DEFENCE N HEVY IND L,2204.0,2240.0,2165.0,2197.1,2229.0,2203.8,,2197.4,,,7258,15909152.4,565,F1,1,,,,,
2026-06-30,2026-06-30,CM,NSE,STK,3384,INE277A01016,SWARAJENG,EQ,,,,,SWARAJ ENGINES LTD,3971.9,4015.0,3965.0,3997.6,4000.0,3961.0,,3997.5,,,24501,97901360.7,3224,F1,1,,,,,
2026-06-30,2026-06-30,CM,NSE,STK,8608,INE0GMR01016,SWARAJ,SM,,,,,SWARAJ SUITING LIMITED,272.0,279.0,272.0,277.5,277.5,275.4,,277.5,,,140500,38728800.0,125,F1,500,,,,,
2026-06-30,2026-06-30,CM,NSE,STK,11497,INE0DGC01025,SWASTIK,ST,,,,,SWASTIK PIPE LIMITED,16.2,16.2,16.2,16.2,16.2,17.05,,16.2,,,1200,19440.0,1,F1,1200,,,,,
2026-06-30,2026-06-30,CM,NSE,STK,11909,INE409B01013,SWELECTES,EQ,,,,,SWELECT ENERGY SYS LTD,648.0,652.95,610.0,647.9,647.0,633.55,,647.7,,,30805,19833637.6,1675,F1,1,,,,,
2026-06-30,2026-06-30,CM,NSE,STK,27066,INE00H001014,SWIGGY,EQ,,,,,SWIGGY LIMITED,240.0,241.75,235.75,239.35,240.0,238.75,,239.35,,,12859033,3074837125.4,92756,F1,1,,,,,
2026-06-30,2026-06-30,CM,NSE,STK,24267,INE01IH01015,SYLVANPLY,SM,,,,,SYLVAN PLYBOARD (INDIA) L,55.05,55.1,55.05,55.1,55.1,52.5,,55.1,,,10000,550900.0,5,F1,2000,,,,,
2026-06-30,2026-06-30,CM,NSE,STK,24190,INE225D01027,SYMPHONY,EQ,,,,,SYMPHONY LIMITED,694.05,694.95,680.0,681.15,680.0,690.6,,681.1,,,40680,27844652.85,2422,F1,1,,,,,
2026-06-30,2026-06-30,CM,NSE,STK,11992,INE312C01025,SYNCOMF,EQ,,,,,SYNCOM FORMU (I) LTD,13.9,14.5,13.9,14.26,14.37,13.92,,14.26,,,2680114,38149049.29,3919,F1,1,,,,,
2026-06-30,2026-06-30,CM,NSE,STK,5114,INE00QT01015,SGIL,EQ,,,,,SYNERGY GREEN IND. LTD,560.4,590.0,560.4,585.7,590.0,560.4,,585.7,,,6805,3940731.25,580,F1,1,,,,,
2026-06-30,2026-06-30,CM,NSE,STK,10243,INE398R01022,SYNGENE,EQ,,,,,SYNGENE INTERNATIONAL LTD,437.9,442.15,434.5,439.5,439.0,434.15,,439.5,,,727414,319365932.05,35257,F1,1,,,,,
2026-06-30,2026-06-30,CM,NSE,STK,10793,INE0DYJ01015,SYRMA,EQ,,,,,SYRMA SGS TECHNOLOGY LTD,1375.0,1413.7,1373.0,1396.3,1399.7,1368.3,,1396.3,,,981041,1371792598.8,51147,F1,1,,,,,
2026-06-30,2026-06-30,CM,NSE,STK,14506,INE0O7R01011,SYSTANGO,SM,,,,,SYSTANGO TECHNOLOGIES LTD,226.35,227.45,220.0,221.9,221.9,223.95,,221.9,,,15600,3482980.0,36,F1,400,,,,,
2026-06-30,2026-06-30,CM,NSE,STK,759358,INE356B01024,SYSTMTXC,BE,,,,,SYSTEMATIX CORP SERVICE L,65.89,65.89,60.81,63.96,62.01,63.04,,63.96,,,9174,571194.68,66,F1,1,,,,,
2026-06-30,2026-06-30,CM,NSE,STK,14314,INE592B01024,TTL,EQ,,,,,T T LIMITED,6.7,6.99,6.7,6.8,6.8,6.81,,6.8,,,67552,460153.65,93,F1,1,,,,,
2026-06-30,2026-06-30,CM,NSE,STK,762929,INE524T01011,TAALTECH,EQ,,,,,TAAL TECH LTD.,3181.9,3232.0,3050.0,3086.0,3113.9,3145.2,,3092.6,,,1233,3843581.6,381,F1,1,,,,,
2026-06-30,2026-06-30,CM,NSE,STK,23438,INE0SOY01013,TAC,SM,,,,,TAC INFOSEC LIMITED,398.0,407.0,387.0,390.6,391.9,395.0,,390.6,,,40400,16094130.0,167,F1,200,,,,,
2026-06-30,2026-06-30,CM,NSE,STK,3396,INE123C01018,TAINWALCHM,EQ,,,,,TAINWALA CHEMICAL AND PLA,195.31,205.0,194.0,203.19,203.9,195.2,,203.19,,,4417,889824.1,69,F1,1,,,,,
2026-06-30,2026-06-30,CM,NSE,STK,9354,INE586B01026,TAJGVK,EQ,,,,,TAJ GVK HOTELS & RESORTS,327.8,339.0,326.0,337.15,338.0,326.65,,337.15,,,66282,22129334.4,1737,F1,1,,,,,
2026-06-30,2026-06-30,CM,NSE,STK,14920,INE142I01023,TAKE,BE,,,,,TAKE SOLUTIONS LTD,26.0,26.3,25.29,25.29,25.29,26.62,,25.31,,,118315,3007465.79,342,F1,1,,,,,
2026-06-30,2026-06-30,CM,NSE,STK,13648,INE187D01029,TALBROAUTO,EQ,,,,,TALBROS AUTO. COMP. LTD,418.75,426.0,407.6,417.55,417.0,416.05,,417.55,,,404972,169458308.05,10992,F1,1,,,,,
2026-06-30,2026-06-30,CM,NSE,STK,762934,INE864J01012,TAMBOLIIN,EQ,,,,,TAMBOLI INDUSTRIES LTD.,225.0,229.01,218.0,222.43,223.7,223.0,,222.43,,,17415,3863105.69,414,F1,1,,,,,
2026-06-30,2026-06-30,CM,NSE,STK,10945,INE668A01016,TMB,EQ,,,,,TAMILNAD MERCA BANK LTD,743.25,746.95,729.1,733.45,737.0,736.95,,733.45,,,133047,97768053.55,7092,F1,1,,,,,
2026-06-30,2026-06-30,CM,NSE,STK,3980,INE107A01015,TNPL,EQ,,,,,TAMILNADU NEWSPRT & PAPER,145.6,150.65,143.5,147.1,146.82,145.16,,147.11,,,145354,21495689.68,2782,F1,1,,,,,
2026-06-30,2026-06-30,CM,NSE,STK,3509,INE148A01019,TNPETRO,EQ,,,,,TAMILNADU PETROPRODUCTS L,94.1,95.94,93.1,95.53,95.48,94.48,,95.53,,,101420,9613169.29,1574,F1,1,,,,,
2026-06-30,2026-06-30,CM,NSE,STK,3512,INE141D01018,TNTELE,EQ,,,,,TAMILNADU TELECOMMUNICATI,8.98,9.24,8.4,8.85,8.86,8.98,,8.81,,,24495,217459.34,129,F1,1,,,,,
2026-06-30,2026-06-30,CM,NSE,STK,756338,INE0Z7N01017,TANKUP,ST,,,,,TANKUP ENGINEERS LIMITED,1019.55,1019.55,1019.55,1019.55,1019.55,999.6,,1019.55,,,750,764662.5,3,F1,250,,,,,
2026-06-30,2026-06-30,CM,NSE,STK,13976,INE483C01032,TANLA,EQ,,,,,TANLA PLATFORMS LIMITED,530.6,551.0,528.5,530.1,531.5,530.35,,530.1,,,726422,392138677.1,20902,F1,1,,,,,
2026-06-30,2026-06-30,CM,NSE,STK,23512,INE555Z01020,TARACHAND,EQ,,,,,TARA CHAND INFRA SOLN LTD,56.8,56.8,55.5,56.01,56.0,56.33,,56.01,,,44215,2475355.31,770,F1,1,,,,,
2026-06-30,2026-06-30,CM,NSE,STK,18827,INE747K01017,TARAPUR,EQ,,,,,TARAPUR TRANSFORMERS LTD,18.97,18.97,17.76,17.96,18.27,18.12,,17.92,,,14850,269784.67,189,F1,1,,,,,
2026-06-30,2026-06-30,CM,NSE,STK,1581,INE0EK901012,TARC,EQ,,,,,TARC LIMITED,124.5,127.88,123.23,126.45,126.35,123.93,,126.45,,,437570,54762674.23,2924,F1,1,,,,,
2026-06-30,2026-06-30,CM,NSE,STK,14771,INE924H01018,TARMAT,EQ,,,,,TARMAT LIMITED,51.39,51.39,50.37,50.37,50.37,50.12,,50.4,,,455,23127.28,14,F1,1,,,,,
2026-06-30,2026-06-30,CM,NSE,STK,6943,INE144Z01023,TARSONS,EQ,,,,,TARSONS PRODUCTS LIMITED,260.07,274.45,259.99,267.99,269.49,260.07,,267.99,,,276529,74096668.37,6568,F1,1,,,,,
2026-06-30,2026-06-30,CM,NSE,STK,20092,INE488B01017,TASTYBITE,EQ,,,,,TASTY BITE EATABLES LTD,8549.0,8595.0,8423.5,8492.0,8588.0,8525.5,,8494.5,,,2041,17314372.0,422,F1,1,,,,,
2026-06-30,2026-06-30,CM,NSE,STK,759265,INE976I01016,TATACAP,EQ,,,,,TATA CAPITAL LIMITED,372.75,372.75,356.85,365.9,365.0,369.1,,365.9,,,2791900,1014847816.55,43801,F1,1,,,,,
2026-06-30,2026-06-30,CM,NSE,STK,3405,INE092A01019,TATACHEM,EQ,,,,,TATA CHEMICALS LTD,734.0,734.0,714.2,715.95,716.1,729.65,,715.95,,,383596,277005301.8,12858,F1,1,,,,,
2026-06-30,2026-06-30,CM,NSE,STK,3721,INE151A01013,TATACOMM,EQ,,,,,TATA COMMUNICATIONS LTD,1987.0,2002.2,1955.2,1970.6,1969.0,1993.4,,1970.7,,,579724,1142705294.7,25537,F1,1,,,,,
2026-06-30,2026-06-30,CM,NSE,STK,11536,INE467B01029,TCS,EQ,,,,,TATA CONSULTANCY SERV LT,2090.0,2104.3,2018.8,2031.5,2033.0,2097.9,,2031.6,,,6848411,13984786947.6,294008,F1,1,,,,,
2026-06-30,2026-06-30,CM,NSE,STK,3432,INE192A01025,TATACONSUM,EQ,,,,,TATA CONSUMER PRODUCT LTD,1089.0,1097.7,1065.1,1075.6,1073.0,1112.8,,1075.6,,,5430865,5858487735.1,126643,F1,1,,,,,
2026-06-30,2026-06-30,CM,NSE,STK,3411,INE670A01012,TATAELXSI,EQ,,,,,TATA ELXSI LIMITED,3990.0,3992.6,3813.8,3829.7,3825.7,3980.4,,3829.7,,,473952,1835613138.7,52820,F1,1,,,,,
2026-06-30,2026-06-30,CM,NSE,STK,1621,INE672A01026,TATAINVEST,EQ,,,,,TATA INVESTMENT CORP LTD,668.05,671.1,666.0,666.8,667.45,666.35,,666.8,,,200753,134088740.25,8904,F1,1,,,,,
2026-06-30,2026-06-30,CM,NSE,STK,759782,INE1TAE01010,TMCV,EQ,,,,,TATA MOTORS LIMITED,426.95,430.7,420.1,422.95,424.25,423.1,,422.95,,,7907379,3366400485.4,137129,F1,1,,,,,
2026-06-30,2026-06-30,CM,NSE,STK,3456,INE155A01022,TMPV,EQ,,,,,TATA MOTORS PASS VEH LTD,348.0,356.4,343.3,352.2,351.5,345.05,,352.2,,,17609242,6187671959.75,140657,F1,1,,,,,
2026-06-30,2026-06-30,CM,NSE,STK,3426,INE245A01021,TATAPOWER,EQ,,,,,TATA POWER CO LTD,387.55,389.35,384.0,385.5,386.7,386.5,,385.5,,,3527751,1361116256.1,50650,F1,1,,,,,
2026-06-30,2026-06-30,CM,NSE,STK,3499,INE081A01020,TATASTEEL,EQ,,,,,TATA STEEL LIMITED,189.5,190.4,187.05,188.06,188.73,189.57,,188.06,,,33686235,6342013503.46,192566,F1,1,,,,,
2026-06-30,2026-06-30,CM,NSE,STK,20293,INE142M01025,TATATECH,EQ,,,,,TATA TECHNOLOGIES LIMITED,716.0,718.5,682.0,684.1,683.0,715.0,,684.15,,,1382290,959234249.55,43531,F1,1,,,,,
2026-06-30,2026-06-30,CM,NSE,STK,8954,INE517B01013,TTML,EQ,,,,,TATA TELESERV(MAHARASTRA),42.49,43.45,41.91,42.81,42.6,42.01,,42.81,,,3335582,142397143.97,14840,F1,1,,,,,
2026-06-30,2026-06-30,CM,NSE,STK,7838,INF277K015R5,NETF,EQ,,,,,TATAAML - NETF,259.47,262.0,258.01,259.74,259.3,260.31,,259.74,,,1560,405035.79,119,F1,1,,,,,
2026-06-30,2026-06-30,CM,NSE,STK,12978,INF277K010X4,NPBET,EQ,,,,,TATAAML - NPBET,291.81,299.75,289.14,289.15,289.15,293.0,,289.15,,,428,124930.93,34,F1,1,,,,,
2026-06-30,2026-06-30,CM,NSE,STK,8882,INF277KA1364,TNIDETF,EQ,,,,,TATAAML - TNIDETF,80.4,80.45,79.01,79.45,79.11,80.01,,79.45,,,204991,16307405.21,589,F1,1,,,,,
2026-06-30,2026-06-30,CM,NSE,STK,21401,INF277KA1976,TATAGOLD,EQ,,,,,TATAAML-TATAGOLD,14.02,14.02,13.4,13.63,13.63,13.68,,13.63,,,62771096,851423282.39,72288,F1,1,,,,,
2026-06-30,2026-06-30,CM,NSE,STK,21428,INF277KA1984,TATSILV,EQ,,,,,TATAAML-TATSILV,21.0,21.78,20.99,21.64,21.65,21.14,,21.64,,,67472169,1449594123.06,60254,F1,1,,,,,
2026-06-30,2026-06-30,CM,NSE,STK,5162,INE0GK401011,TATVA,EQ,,,,,TATVA CHIN PHARM CHEM LTD,1190.0,1215.0,1180.0,1194.3,1185.6,1196.0,,1194.3,,,36621,43772193.8,3310,F1,1,,,,,
2026-06-30,2026-06-30,CM,NSE,STK,759756,INE0XWS01018,TAURIAN,SM,,,,,TAURIAN MPS LIMITED,305.0,306.5,294.5,298.1,297.2,299.5,,298.1,,,16800,5012360.0,19,F1,800,,,,,
2026-06-30,2026-06-30,CM,NSE,STK,11754,INE053F07835,753IRFC30,NJ,,,,,TAX FREE  7.53% SR. 103 A,1131.0,1131.0,1131.0,1131.0,1131.0,1122.0,,1131.0,,,1,1131.0,1,F1,1,,,,,
2026-06-30,2026-06-30,CM,NSE,STK,15168,INE053F07900,764IRFC31,NO,,,,,TAX FREE  7.64% SR. 108A,1135.0,1135.0,1133.0,1133.0,1133.0,1131.3,,1133.0,,,99,112177.0,3,F1,1,,,,,
2026-06-30,2026-06-30,CM,NSE,STK,14529,INE906B07EP5,769NHAI31,NE,,,,,TAX FREE 7.69% SR. IIB,1136.0,1139.98,1135.5,1136.56,1139.98,1135.5,,1136.56,,,1393,1582097.31,15,F1,1,,,,,
2026-06-30,2026-06-30,CM,NSE,STK,12003,INE906B07EJ8,76NHAI31,,,,,,TAX FREE7.60% SR.IIB,1100.0,1101.0,1096.27,1096.68,1096.27,1096.98,,1096.68,,,4592,5045799.64,36,F1,1,,,,,
2026-06-30,2026-06-30,CM,NSE,STK,24019,INE0N2D01013,TBI,SM,,,,,TBI CORN LIMITED,65.5,65.95,63.4,65.95,65.95,63.5,,65.95,,,24600,1593300.0,40,F1,600,,,,,
2026-06-30,2026-06-30,CM,NSE,STK,23740,INE673O01025,TBOTEK,EQ,,,,,TBO TEK LIMITED,1430.0,1449.9,1410.9,1429.7,1425.0,1439.9,,1429.7,,,79036,112741339.3,14985,F1,1,,,,,
2026-06-30,2026-06-30,CM,NSE,STK,761814,INE887D01016,TCC,EQ,,,,,TCC CONCEPT LIMITED,325.15,329.0,316.4,321.85,322.0,320.25,,321.9,,,7185,2324257.7,243,F1,1,,,,,
2026-06-30,2026-06-30,CM,NSE,STK,19223,INE586V01016,TCIEXP,EQ,,,,,TCI EXPRESS LIMITED,520.25,525.8,506.15,512.45,510.0,515.55,,512.45,,,150461,77891903.7,2692,F1,1,,,,,
2026-06-30,2026-06-30,CM,NSE,STK,8722,INE911B01018,TCIFINANCE,BE,,,,,TCIFINANCELTD-ROLL SETT,16.73,16.73,16.73,16.73,16.73,17.61,,16.71,,,9920,165961.6,55,F1,1,,,,,
2026-06-30,2026-06-30,CM,NSE,STK,184,INE822C01015,TCPLPACK,EQ,,,,,TCPL PACKAGING LIMITED,2974.6,3037.2,2950.0,2966.6,2989.1,2992.4,,2966.6,,,2029,6063955.9,535,F1,1,,,,,
2026-06-30,2026-06-30,CM,NSE,STK,25178,INE419M01027,TDPOWERSYS,EQ,,,,,TD POWER SYSTEMS LTD.,1244.0,1272.3,1214.4,1238.3,1235.6,1233.0,,1238.3,,,961639,1190525881.7,39315,F1,1,,,,,
2026-06-30,2026-06-30,CM,NSE,STK,10717,INE289C01025,TEAMGTY,EQ,,,,,TEAM INDIA GUARANTY LTD,229.1,239.85,229.1,239.25,239.85,239.9,,239.2,,,4,946.8,4,F1,1,,,,,
2026-06-30,2026-06-30,CM,NSE,STK,12716,INE985S01024,TEAMLEASE,EQ,,,,,TEAMLEASE SERVICES LTD.,1452.0,1454.0,1440.1,1445.1,1445.8,1447.2,,1445.1,,,51027,73739146.1,4775,F1,1,,,,,
2026-06-30,2026-06-30,CM,NSE,STK,16996,INE065J01024,TPHQ,EQ,,,,,TEAMO PRODUCTIONS HQ LTD,0.48,0.49,0.48,0.48,0.48,0.48,,0.48,,,783036,377088.77,269,F1,1,,,,,
2026-06-30,2026-06-30,CM,NSE,STK,763568,INE2OL601013,TEAMTECH,SM,,,,,TEAMTECH FORMWORK SOL LTD,106.0,112.0,104.0,107.9,107.0,106.35,,107.9,,,108000,11758100.0,53,F1,2000,,,,,
2026-06-30,2026-06-30,CM,NSE,STK,13538,INE669C01036,TECHM,EQ,,,,,TECH MAHINDRA LIMITED,1438.0,1443.8,1398.9,1404.7,1405.5,1433.8,,1404.7,,,2421536,3417235552.9,81224,F1,1,,,,,
2026-06-30,2026-06-30,CM,NSE,STK,759141,INE0Y5H01014,TECHD,ST,,,,,TECHD CYBERSECURITY LTD,605.0,605.0,594.0,596.5,599.0,610.25,,596.5,,,5400,3245160.0,18,F1,300,,,,,
2026-06-30,2026-06-30,CM,NSE,STK,25652,INE0JQS01019,TECHERA,SM,,,,,TECHERA ENGINEER (IND) L,160.0,162.5,151.9,152.15,151.9,159.85,,152.15,,,99200,15380360.0,122,F1,800,,,,,
2026-06-30,2026-06-30,CM,NSE,STK,6445,INE285K01026,TECHNOE,EQ,,,,,TECHNO ELEC & ENG CO. LTD,1095.0,1095.1,1050.0,1054.0,1059.8,1087.3,,1054.1,,,192693,205678305.6,12052,F1,1,,,,,
2026-06-30,2026-06-30,CM,NSE,STK,14223,INE545H01011,TIIL,EQ,,,,,TECHNOCRAFT IND LTD,2617.4,2646.8,2550.0,2564.9,2561.0,2617.4,,2565.5,,,6938,17996840.6,1420,F1,1,,,,,
2026-06-30,2026-06-30,CM,NSE,STK,762939,INE314H01012,TECHNVISN,EQ,,,,,TECHNVISION VENTURES LTD.,4500.0,4650.0,4359.0,4457.5,4400.0,4790.0,,4426.0,,,433,1949233.0,139,F1,1,,,,,
2026-06-30,2026-06-30,CM,NSE,STK,3453,INE014B01011,TECILCHEM,EQ,,,,,TECIL CHEMICALS,10.98,10.98,10.0,10.38,10.4,10.58,,10.38,,,2309,24052.05,63,F1,1,,,,,
2026-06-30,2026-06-30,CM,NSE,STK,23526,INE0K6601012,TGL,SM,,,,,TEERTH GOPICON LIMITED,16.5,16.5,15.55,15.55,15.55,16.35,,15.55,,,39800,620510.0,114,F1,200,,,,,
2026-06-30,2026-06-30,CM,NSE,STK,7105,INE011K01018,TEGA,EQ,,,,,TEGA INDUSTRIES LIMITED,1690.0,1704.9,1686.0,1696.8,1698.5,1704.9,,1696.8,,,28898,48983017.9,4145,F1,1,,,,,
2026-06-30,2026-06-30,CM,NSE,STK,29723,INE17WC01013,TEJASCARGO,SM,,,,,TEJAS CARGO INDIA LIMITED,390.0,390.0,390.0,390.0,390.0,390.0,,390.0,,,800,312000.0,2,F1,400,,,,,
2026-06-30,2026-06-30,CM,NSE,STK,21131,INE010J01012,TEJASNET,EQ,,,,,TEJAS NETWORKS LIMITED,605.7,642.0,604.35,612.5,610.5,603.55,,612.5,,,7317393,4557443813.8,116491,F1,1,,,,,
2026-06-30,2026-06-30,CM,NSE,STK,3275,INE869Y01010,TEMBO,EQ,,,,,TEMBO GLOBAL IND LTD,554.95,584.95,549.45,570.85,575.1,552.2,,570.85,,,404009,229761613.65,5720,F1,1,,,,,
2026-06-30,2026-06-30,CM,NSE,STK,759880,INE19RI01016,TENNIND,EQ,,,,,TENNECO CLEAN AIR INDIA L,585.0,599.25,576.0,592.4,593.0,580.55,,592.4,,,903906,534870914.95,33389,F1,1,,,,,
2026-06-30,2026-06-30,CM,NSE,STK,19292,INE482B01010,TERASOFT,EQ,,,,,TERA SOFTWARE LIMITED,409.5,414.9,405.1,413.6,413.0,411.5,,413.55,,,12032,4940799.85,428,F1,1,,,,,
2026-06-30,2026-06-30,CM,NSE,STK,11549,INE435C01024,TEXINFRA,EQ,,,,,TEXMACO INFRA & HOLDG LTD,108.9,111.0,106.5,108.82,108.1,108.6,,108.82,,,170083,18413727.97,1528,F1,1,,,,,
2026-06-30,2026-06-30,CM,NSE,STK,21828,INE621L01012,TEXRAIL,EQ,,,,,TEXMACO RAIL & ENG. LTD.,108.3,108.8,107.29,107.66,108.09,107.54,,107.66,,,974379,105121276.57,7500,F1,1,,,,,
2026-06-30,2026-06-30,CM,NSE,STK,18214,INE141K01013,TEXMOPIPES,EQ,,,,,TEXMO PIPE & PRODUCTS LTD,46.05,46.6,45.11,45.44,45.69,46.13,,45.48,,,23789,1089411.28,413,F1,1,,,,,
2026-06-30,2026-06-30,CM,NSE,STK,10741,INE733E07JS0,728NTPC30B,N9,,,,,TFB 7.28% 2030 SR. 2A,1116.1,1116.1,1116.1,1116.1,1116.1,1319.9,,1116.1,,,1142,1274586.2,1,F1,1,,,,,
2026-06-30,2026-06-30,CM,NSE,STK,10744,INE733E07JT8,737NTPC35C,,,,,,TFB 7.37% 2035 SR. 3A,1187.0,1187.0,1187.0,1187.0,1187.0,1407.0,,1187.0,,,96,113952.0,1,F1,1,,,,,
2026-06-30,2026-06-30,CM,NSE,STK,10751,INE733E07JW2,762NTPC35F,ND,,,,,TFB 7.62% 2035 SR. 3B,1204.0,1204.0,1204.0,1204.0,1204.0,1200.01,,1204.0,,,357,429828.0,3,F1,1,,,,,
2026-06-30,2026-06-30,CM,NSE,STK,14607,INE797H01018,TGBHOTELS,EQ,,,,,TGB BANQUETS&HOTELS LTD,9.05,9.05,8.8,9.03,9.05,9.05,,9.03,,,6203,55617.74,60,F1,1,,,,,
2026-06-30,2026-06-30,CM,NSE,STK,22777,INE0QJL01014,TCL,SM,,,,,THAAI CASTING LIMITED,104.0,104.0,98.0,100.2,100.0,98.95,,100.2,,,23200,2329720.0,22,F1,800,,,,,
2026-06-30,2026-06-30,CM,NSE,STK,762947,INE077P01034,THACKER,BE,,,,,THACKER & CO. LTD.,1189.9,1224.7,1124.5,1142.7,1178.0,1183.5,,1142.7,,,219,256403.1,32,F1,1,,,,,
2026-06-30,2026-06-30,CM,NSE,STK,18118,INE085J01014,THANGAMAYL,EQ,,,,,THANGAMAYIL JEWELLERY LTD,5950.0,6462.6,5938.0,6398.2,6410.0,5875.1,,6398.1,,,443898,2771118868.4,55991,F1,1,,,,,
2026-06-30,2026-06-30,CM,NSE,STK,9014,INE294Z01018,ANUP,EQ,,,,,THE ANUP ENGINEERING LTD,2301.0,2350.0,2301.0,2331.3,2345.0,2332.9,,2330.9,,,24303,56597610.7,3846,F1,1,,,,,
2026-06-30,2026-06-30,CM,NSE,STK,7930,INE319B01014,BYKE,BE,,,,,THE BYKE HOSPITALITY LTD,32.94,33.89,32.06,33.34,32.97,32.54,,33.4,,,24509,807206.35,114,F1,1,,,,,
2026-06-30,2026-06-30,CM,NSE,STK,13776,INE017A01032,GESHIP,EQ,,,,,THE GE SHPG.LTD,1524.8,1528.6,1456.0,1483.1,1482.0,1523.2,,1483.1,,,700262,1034987687.9,38245,F1,1,,,,,
2026-06-30,2026-06-30,CM,NSE,STK,17770,INE646C01018,GROBTEA,EQ,,,,,THE GROB TEA COMPANY LTD,903.5,937.0,903.0,905.95,905.15,915.0,,905.95,,,21,19018.4,11,F1,1,,,,,
2026-06-30,2026-06-30,CM,NSE,STK,8568,INE127B01011,HITECHGEAR,BE,,,,,THE HI-TECH GEARS LIMITED,662.0,672.0,645.0,655.7,645.05,661.9,,655.7,,,6218,4071470.8,95,F1,1,,,,,
2026-06-30,2026-06-30,CM,NSE,STK,1515,INE383A01012,INDIACEM,EQ,,,,,THE INDIA CEMENTS LIMITED,379.9,381.45,373.35,377.05,375.0,377.65,,377.05,,,104919,39589650.55,5795,F1,1,,,,,
2026-06-30,2026-06-30,CM,NSE,STK,1512,INE053A01029,INDHOTEL,EQ,,,,,THE INDIAN HOTELS CO. LTD,706.05,718.75,701.1,713.95,716.0,707.05,,713.95,,,5245577,3738241874.55,64166,F1,1,,,,,
2026-06-30,2026-06-30,CM,NSE,STK,21427,INE924D01017,THEINVEST,EQ,,,,,THE INVEST TRUST OF IND L,94.7,103.75,92.0,98.21,99.8,93.93,,98.2,,,23605,2301253.25,550,F1,1,,,,,
2026-06-30,2026-06-30,CM,NSE,STK,399,INE470Y01017,NIACL,EQ,,,,,THE NEW INDIA ASSU CO LTD,181.97,182.7,177.01,178.01,177.2,181.39,,178.0,,,2759629,492506760.43,24026,F1,1,,,,,
2026-06-30,2026-06-30,CM,NSE,STK,10321,INE431F01018,PKTEA,EQ,,,,,THE P K TEA PROD CO LTD,726.2,780.0,726.2,764.85,764.85,726.1,,764.85,,,107,81123.2,25,F1,1,,,,,
2026-06-30,2026-06-30,CM,NSE,STK,14552,INE211B01039,PHOENIXLTD,EQ,,,,,THE PHOENIX MILLS LTD,1928.1,1969.7,1912.1,1948.6,1964.0,1912.0,,1948.6,,,1027050,2003999442.4,69633,F1,1,,,,,
2026-06-30,2026-06-30,CM,NSE,STK,2043,INE331A01037,RAMCOCEM,EQ,,,,,THE RAMCO CEMENTS LIMITED,929.7,936.5,915.95,929.95,929.0,929.7,,929.95,,,510393,474316970.3,16799,F1,1,,,,,
2026-06-30,2026-06-30,CM,NSE,STK,10123,INE301D01026,RUBYMILLS,BE,,,,,THE RUBY MILLS LTD,329.9,329.9,321.1,325.0,328.0,325.45,,324.75,,,3696,1202543.4,99,F1,1,,,,,
2026-06-30,2026-06-30,CM,NSE,STK,5948,INE683A01023,SOUTHBANK,EQ,,,,,THE SOUTH INDIAN BANK LTD,45.8,46.33,45.5,45.63,45.6,45.84,,45.63,,,13306565,610028217.85,33394,F1,1,,,,,
2026-06-30,2026-06-30,CM,NSE,STK,10948,INE655A01013,STCINDIA,EQ,,,,,THE STATE TRADING CORPN,129.08,132.6,126.51,127.27,127.0,128.13,,127.27,,,143737,18524696.78,2646,F1,1,,,,,
2026-06-30,2026-06-30,CM,NSE,STK,19578,INE071E01023,UGARSUGAR,EQ,,,,,THE UGAR SUGAR WORKS LTD,40.45,41.8,40.45,40.91,41.27,40.79,,40.91,,,73990,3034176.29,672,F1,1,,,,,
2026-06-30,2026-06-30,CM,NSE,STK,20481,INE215F01023,WIPL,EQ,,,,,THE WESTERN INDIA PLY LTD,174.0,177.9,172.14,175.02,175.01,175.11,,175.02,,,1037,181293.02,40,F1,1,,,,,
2026-06-30,2026-06-30,CM,NSE,STK,19279,INE121N01019,THEJO,EQ,,,,,THEJO ENGINEERING LIMITED,1828.1,1948.0,1810.1,1918.6,1923.0,1823.9,,1918.6,,,42258,78849024.8,2828,F1,1,,,,,
2026-06-30,2026-06-30,CM,NSE,STK,14485,INE083B01024,THEMISMED,EQ,,,,,THEMIS MEDICARE LTD.,113.2,114.99,108.35,109.55,110.79,112.52,,109.54,,,266353,29548713.68,3287,F1,1,,,,,
2026-06-30,2026-06-30,CM,NSE,STK,3475,INE152A01029,THERMAX,EQ,,,,,THERMAX LTD,5125.1,5207.1,5031.4,5159.5,5159.0,5125.1,,5159.6,,,300942,1549775664.6,39903,F1,1,,,,,
2026-06-30,2026-06-30,CM,NSE,STK,25651,INE0SHE01019,THESL,ST,,,,,THINKING HATS ENTER SOL L,13.0,13.0,13.0,13.0,13.0,13.0,,13.0,,,36000,468000.0,10,F1,3000,,,,,
2026-06-30,2026-06-30,CM,NSE,STK,3496,INE338A01024,TIRUMALCHM,EQ,,,,,THIRUMALAI CHEMICALS LTD,160.7,176.61,160.7,166.84,166.95,159.7,,166.84,,,3298901,559364135.26,33903,F1,1,,,,,
2026-06-30,2026-06-30,CM,NSE,STK,3481,INE332A01027,THOMASCOOK,EQ,,,,,THOMAS COOK (INDIA) LTD,108.25,109.73,106.94,108.09,108.38,108.64,,108.08,,,683800,73604246.54,4665,F1,1,,,,,
2026-06-30,2026-06-30,CM,NSE,STK,31017,INE480M01011,THOMASCOTT,EQ,,,,,THOMAS SCOTT (INDIA) LTD,325.1,337.0,323.3,333.55,331.05,322.7,,333.6,,,69589,23113503.95,2258,F1,1,,,,,
2026-06-30,2026-06-30,CM,NSE,STK,17032,INE594H01019,THYROCARE,EQ,,,,,THYROCARE TECH LTD,525.9,554.9,524.6,549.3,549.25,524.4,,549.35,,,464077,252820296.45,17016,F1,1,,,,,
2026-06-30,2026-06-30,CM,NSE,STK,759179,INE906O01029,TIGERLOGS,BE,,,,,TIGER LOGISTICS (INDIA) L,36.0,38.35,35.05,37.05,37.4,36.58,,37.01,,,53576,1949066.84,234,F1,1,,,,,
2026-06-30,2026-06-30,CM,NSE,STK,25482,INE440L01017,TIJARIA,EQ,,,,,TIJARIA POLYPIPES LTD,4.62,4.62,4.26,4.48,4.48,4.41,,4.48,,,40739,181898.23,84,F1,1,,,,,
2026-06-30,2026-06-30,CM,NSE,STK,3484,INE806C01018,TIL,EQ,,,,,TIL LTD,211.5,211.5,200.81,204.71,202.8,210.54,,204.71,,,103917,21251979.75,1698,F1,1,,,,,
2026-06-30,2026-06-30,CM,NSE,STK,19196,INE133E01013,TI,EQ,,,,,TILAKNAGAR INDUSTRIES LTD,445.0,458.9,443.55,455.15,457.0,445.4,,455.1,,,1052781,476472632.0,23883,F1,1,,,,,
2026-06-30,2026-06-30,CM,NSE,STK,14707,INE508G01029,TIMETECHNO,EQ,,,,,TIME TECHNOPLAST LTD.,180.47,182.12,179.05,179.96,179.47,179.56,,179.94,,,2694250,486975846.88,12992,F1,1,,,,,
2026-06-30,2026-06-30,CM,NSE,STK,762954,INE064A01026,TIMEX,EQ,,,,,TIMEX GROUP INDIA LTD.,521.6,540.9,520.0,528.45,526.0,512.15,,528.55,,,1081544,574302954.7,34850,F1,1,,,,,
2026-06-30,2026-06-30,CM,NSE,STK,14198,INE325A01013,TIMKEN,EQ,,,,,TIMKEN INDIA LTD.,3494.9,3561.0,3470.2,3485.7,3470.2,3490.9,,3485.6,,,72584,254213446.0,11184,F1,1,,,,,
2026-06-30,2026-06-30,CM,NSE,STK,756020,INE015C01016,TINNARUBR,EQ,,,,,TINNA RUBBER AND INFR LTD,931.0,968.0,920.1,952.3,950.0,931.0,,952.35,,,64878,61606035.85,4999,F1,1,,,,,
2026-06-30,2026-06-30,CM,NSE,STK,11374,INE0LQS01015,TIPSFILMS,EQ,,,,,TIPS FILMS LIMITED,325.0,336.0,320.3,335.15,335.35,330.25,,335.15,,,2116,706715.35,125,F1,1,,,,,
2026-06-30,2026-06-30,CM,NSE,STK,9117,INE716B01029,TIPSMUSIC,EQ,,,,,TIPS MUSIC LIMITED,624.0,641.0,621.7,626.8,640.0,624.2,,626.85,,,247250,156783461.25,9865,F1,1,,,,,
2026-06-30,2026-06-30,CM,NSE,STK,22282,INE319Y01024,TIRUPATIFL,EQ,,,,,TIRUPATI FORGE LIMITED,59.9,66.8,58.0,64.07,64.25,57.98,,64.07,,,7185438,447172973.39,31120,F1,1,,,,,
2026-06-30,2026-06-30,CM,NSE,STK,15414,INE615H01020,TITAGARH,EQ,,,,,TITAGARH RAIL SYSTEMS LTD,879.3,885.0,869.1,880.7,885.0,878.35,,880.7,,,392300,344554102.0,14252,F1,1,,,,,
2026-06-30,2026-06-30,CM,NSE,STK,3506,INE280A01028,TITAN,EQ,,,,,TITAN COMPANY LIMITED,4277.5,4428.4,4275.0,4404.0,4423.1,4277.2,,4404.0,,,1243464,5449474754.7,107250,F1,1,,,,,
2026-06-30,2026-06-30,CM,NSE,STK,9710,INE932C01012,TOKYOPLAST,BE,,,,,TOKYO PLAST  INTL LTD.,85.1,86.5,84.9,84.9,84.9,86.5,,85.86,,,1609,136900.8,16,F1,1,,,,,
2026-06-30,2026-06-30,CM,NSE,STK,25262,INE0RWQ01014,TOLINS,EQ,,,,,TOLINS TYRES LIMITED,104.75,105.76,103.23,103.63,103.26,104.41,,103.63,,,42906,4460450.82,774,F1,1,,,,,
2026-06-30,2026-06-30,CM,NSE,STK,3518,INE685A01028,TORNTPHARM,EQ,,,,,TORRENT PHARMACEUTICALS L,4668.9,4679.7,4580.0,4620.1,4648.9,4657.6,,4620.1,,,466117,2161339010.5,39136,F1,1,,,,,
2026-06-30,2026-06-30,CM,NSE,STK,13786,INE813H01021,TORNTPOWER,EQ,,,,,TORRENT POWER LTD,1415.1,1430.0,1400.0,1414.9,1406.0,1418.0,,1414.9,,,403378,571640580.2,23339,F1,1,,,,,
2026-06-30,2026-06-30,CM,NSE,STK,22423,INE336X01012,TOTAL,EQ,,,,,TOTAL TRANSPORT SYS LTD,50.38,50.9,49.0,50.11,50.9,50.37,,50.11,,,2039,101379.97,62,F1,1,,,,,
2026-06-30,2026-06-30,CM,NSE,STK,16908,INE486Y01013,TOUCHWOOD,EQ,,,,,TOUCHWOOD ENTERTAIN LTD.,70.0,70.01,69.0,69.47,69.21,70.69,,69.47,,,807,55880.5,46,F1,1,,,,,
2026-06-30,2026-06-30,CM,NSE,STK,3466,INE305A01023,TFCILTD,EQ,,,,,TOURISM FINANCE CORP. OF,75.89,78.7,75.68,77.07,76.86,75.54,,77.07,,,2900515,223811904.28,7090,F1,1,,,,,
2026-06-30,2026-06-30,CM,NSE,STK,9219,INE413G01022,TPLPLASTEH,EQ,,,,,TPL PLASTECH LIMITED,71.0,75.0,70.6,73.15,72.55,70.7,,73.15,,,50968,3721087.58,923,F1,1,,,,,
2026-06-30,2026-06-30,CM,NSE,STK,11582,INE0HMF01019,TRACXN,EQ,,,,,TRACXN TECHNOLOGIES LTD,29.99,30.79,29.71,30.35,30.3,29.99,,30.35,,,95631,2888352.98,610,F1,1,,,,,
2026-06-30,2026-06-30,CM,NSE,STK,15174,INE763I01026,TARIL,EQ,,,,,TRANS & RECTI. LTD,335.0,356.8,328.5,351.35,354.7,332.8,,351.35,,,13460612,4691524506.55,137230,F1,1,,,,,
2026-06-30,2026-06-30,CM,NSE,STK,17795,INE0O3901029,TREL,EQ,,,,,TRANSINDIA REAL ESTATE L,25.72,26.83,25.72,26.35,26.11,26.19,,26.35,,,99699,2622322.82,1195,F1,1,,,,,
2026-06-30,2026-06-30,CM,NSE,STK,3531,INE687A01016,TRANSPEK,EQ,,,,,TRANSPEK INDUSTRY LTD,1001.2,1001.2,966.1,990.6,987.0,998.4,,990.0,,,5560,5457219.7,544,F1,1,,,,,
2026-06-30,2026-06-30,CM,NSE,STK,10580,INE688A01022,TCI,EQ,,,,,TRANSPORT CORPN OF INDIA,933.5,949.95,921.0,924.7,924.0,935.55,,924.65,,,30043,27997105.05,2593,F1,1,,,,,
2026-06-30,2026-06-30,CM,NSE,STK,28714,INE454P01035,TRANSRAILL,EQ,,,,,TRANSRAIL LIGHTING LTD,519.95,522.65,509.6,512.0,513.0,518.1,,512.0,,,318811,163775167.4,8956,F1,1,,,,,
2026-06-30,2026-06-30,CM,NSE,STK,19801,INE0NVI01020,TRANSTEEL,SM,,,,,TRANSTEEL SEATING TECH L,129.7,138.85,129.7,135.5,138.0,127.9,,135.5,,,149000,20112600.0,124,F1,1000,,,,,
2026-06-30,2026-06-30,CM,NSE,STK,14319,INE804H01012,TFL,EQ,,,,,TRANSWARRANTY FIN. LTD.,12.4,12.4,11.75,11.88,12.05,12.0,,11.89,,,12535,149284.1,69,F1,1,,,,,
2026-06-30,2026-06-30,CM,NSE,STK,8619,INE757B01015,TRANSWORLD,BE,,,,,TRANSWORLD SHIP LINES LTD,163.0,169.0,157.0,164.54,168.0,163.72,,165.14,,,12728,2053822.79,143,F1,1,,,,,
2026-06-30,2026-06-30,CM,NSE,STK,757545,INE103V01028,TRAVELFOOD,EQ,,,,,TRAVEL FOOD SERVICES LTD,1312.0,1334.2,1291.0,1323.4,1315.2,1313.9,,1323.3,,,28775,37697231.1,6345,F1,1,,,,,
2026-06-30,2026-06-30,CM,NSE,STK,25082,INE040M01013,TREEHOUSE,EQ,,,,,TREE HOUSE EDU LTD,6.88,7.18,6.64,6.94,6.95,6.6,,6.94,,,19077,133133.9,100,F1,1,,,,,
2026-06-30,2026-06-30,CM,NSE,STK,7518,INE00CA01015,TREJHARA,EQ,,,,,TREJHARA SOLUTIONS LTD,137.54,148.68,137.54,141.64,144.79,141.07,,142.01,,,23227,3337704.96,676,F1,1,,,,,
2026-06-30,2026-06-30,CM,NSE,STK,1964,INE849A01020,TRENT,EQ,,,,,TRENT LTD,3275.0,3295.0,3242.4,3282.6,3273.0,3258.3,,3282.5,,,1512736,4956974653.0,112203,F1,1,,,,,
2026-06-30,2026-06-30,CM,NSE,STK,17987,INE391D01019,TRF,EQ,,,,,TRF LIMITED,237.25,241.34,237.0,239.85,240.0,237.03,,239.84,,,4977,1190988.74,246,F1,1,,,,,
2026-06-30,2026-06-30,CM,NSE,STK,27037,INE760L01018,TBZ,EQ,,,,,TRIB BHIMJI ZAVERI LTD,188.24,199.0,188.0,195.12,194.9,189.19,,195.13,,,1135338,221738970.34,14384,F1,1,,,,,
2026-06-30,2026-06-30,CM,NSE,STK,9685,INE064C01022,TRIDENT,EQ,,,,,TRIDENT LIMITED,25.88,26.31,25.73,26.12,26.16,25.88,,26.12,,,4597206,119859588.32,12520,F1,1,,,,,
2026-06-30,2026-06-30,CM,NSE,STK,21093,INE0QD201012,TECHLABS,ST,,,,,TRIDENT TECHLABS LIMITED,112.3,115.0,107.2,112.55,112.5,112.35,,112.55,,,27000,3003393.75,123,F1,125,,,,,
2026-06-30,2026-06-30,CM,NSE,STK,17215,INE0LWY01029,TRIDHYA,ST,,,,,TRIDHYA TECH LIMITED,11.25,11.25,11.2,11.2,11.2,11.75,,11.2,,,6000,67350.0,2,F1,3000,,,,,
2026-06-30,2026-06-30,CM,NSE,STK,5428,INE948A01012,TRIGYN,EQ,,,,,TRIGYN TECHNOLOGIES LTD,51.49,51.95,50.75,51.23,51.0,50.8,,51.23,,,7278,374444.97,197,F1,1,,,,,
2026-06-30,2026-06-30,CM,NSE,STK,13081,INE256C01024,TRIVENI,EQ,,,,,TRIVENI ENGG. & INDS. LTD,409.65,424.95,409.65,422.55,423.0,412.3,,422.55,,,459724,192727081.35,11974,F1,1,,,,,
2026-06-30,2026-06-30,CM,NSE,STK,25584,INE152M01016,TRITURBINE,EQ,,,,,TRIVENI TURBINE LIMITED,683.2,699.0,680.15,689.75,686.6,687.4,,689.75,,,673122,466142375.95,28627,F1,1,,,,,
2026-06-30,2026-06-30,CM,NSE,STK,24645,INE0SYV01018,TROM,ST,,,,,TROM INDUSTRIES LIMITED,63.95,65.6,63.75,64.0,64.0,62.5,,64.0,,,7800,501780.0,11,F1,600,,,,,
2026-06-30,2026-06-30,CM,NSE,STK,759210,INE0MWH01014,TRUALT,EQ,,,,,TRUALT BIOENERGY LIMITED,459.9,461.9,451.5,453.45,453.0,459.7,,453.45,,,80444,36616559.1,3036,F1,1,,,,,
2026-06-30,2026-06-30,CM,NSE,STK,9378,INE615R01029,TRU,EQ,,,,,TRUCAP FINANCE LIMITED,4.96,5.3,4.96,5.13,5.22,5.16,,5.13,,,82518,421888.59,216,F1,1,,,,,
2026-06-30,2026-06-30,CM,NSE,STK,23417,INE0SWN01019,TRUST,SM,,,,,TRUST FINTECH LIMITED,30.75,31.75,30.75,31.7,31.7,29.45,,31.7,,,6000,187380.0,8,F1,600,,,,,
2026-06-30,2026-06-30,CM,NSE,STK,757858,INE16VK01010,TSC,SM,,,,,TSC INDIA LIMITED,29.9,29.9,28.7,28.7,28.7,27.8,,28.7,,,4000,117200.0,2,F1,2000,,,,,
2026-06-30,2026-06-30,CM,NSE,STK,2183,INE202Z01029,TSFINV,EQ,,,,,TSF INVESTMENTS LIMITED,450.0,451.0,431.55,440.15,440.0,443.95,,440.15,,,266769,116869650.35,10539,F1,1,,,,,
2026-06-30,2026-06-30,CM,NSE,STK,27421,INE1C3207081,935TSIIC28,N0,,,,,TSIIC 9.35% 2028 SR I- B,102500.0,102500.0,102500.0,102500.0,102500.0,102500.0,,102500.0,,,1,102500.0,1,F1,1,,,,,
2026-06-30,2026-06-30,CM,NSE,STK,11369,INE910C01018,TTKHLTCARE,EQ,,,,,TTK HEALTHCARE LIMITED,934.6,938.0,912.65,916.35,920.25,927.2,,916.3,,,4159,3834735.3,198,F1,1,,,,,
2026-06-30,2026-06-30,CM,NSE,STK,3546,INE690A01028,TTKPRESTIG,EQ,,,,,TTK PRESTIGE LTD,594.0,634.0,579.0,616.4,611.55,595.75,,616.4,,,657909,402442745.4,28256,F1,1,,,,,
2026-06-30,2026-06-30,CM,NSE,STK,312,INE974X01010,TIINDIA,EQ,,,,,TUBE INVEST OF INDIA LTD,3031.1,3066.8,2993.3,3029.3,3022.4,3022.3,,3029.4,,,316651,960090600.4,30591,F1,1,,,,,
2026-06-30,2026-06-30,CM,NSE,STK,24520,INE0OXV01027,TUNWAL,SM,,,,,TUNWAL E-MOTORS LIMITED,27.15,28.3,26.8,28.0,28.3,26.8,,28.0,,,126000,3484700.0,60,F1,2000,,,,,
2026-06-30,2026-06-30,CM,NSE,STK,756090,INE0OC301013,TURTLEMINT,EQ,,,,,TURTLEMINT FINTECH SOLS L,137.0,140.23,134.16,136.6,137.25,135.37,,136.59,,,1619750,222260312.9,21109,F1,1,,,,,
2026-06-30,2026-06-30,CM,NSE,STK,11275,INE038F01029,TVTODAY,EQ,,,,,TV TODAY NETWORK LTD,120.6,130.9,120.12,127.53,128.0,122.06,,127.54,,,171799,21912425.6,2459,F1,1,,,,,
2026-06-30,2026-06-30,CM,NSE,STK,18504,INE871L01013,TVVISION,EQ,,,,,TV VISION LIMITED,5.25,5.25,5.05,5.21,5.25,5.25,,5.21,,,14394,74332.87,52,F1,1,,,,,
2026-06-30,2026-06-30,CM,NSE,STK,11265,INE236G01019,TVSELECT,EQ,,,,,TVS ELECTRONICS LTD,508.5,518.0,501.0,511.5,507.0,508.5,,511.45,,,114466,58495396.25,4543,F1,1,,,,,
2026-06-30,2026-06-30,CM,NSE,STK,29008,INE105A01035,TVSHLTD,EQ,,,,,TVS HOLDINGS LIMITED,13420.0,13750.0,13420.0,13678.0,13750.0,13454.0,,13678.0,,,3728,50701112.0,2027,F1,1,,,,,
2026-06-30,2026-06-30,CM,NSE,STK,8479,INE494B01023,TVSMOTOR,EQ,,,,,TVS MOTOR COMPANY  LTD,3490.1,3509.8,3429.0,3460.6,3471.7,3456.8,,3460.7,,,1071980,3721725102.2,70854,F1,1,,,,,
2026-06-30,2026-06-30,CM,NSE,STK,761141,INE494B04019,TVSMNCRPS,P1,,,,,TVS MOTOR COMPANY LIMITED,10.35,10.4,10.3,10.35,10.35,10.35,,10.35,,,466895,4832659.25,275,F1,1,,,,,
2026-06-30,2026-06-30,CM,NSE,STK,14245,INE421C01016,TVSSRICHAK,EQ,,,,,TVS SRICHAKRA LIMITED,4120.3,4197.0,4096.1,4107.5,4100.0,4100.8,,4107.5,,,3585,14786582.2,857,F1,1,,,,,
2026-06-30,2026-06-30,CM,NSE,STK,18151,INE395N01027,TVSSCS,EQ,,,,,TVS SUPPLY CHAIN SOL L,132.3,135.95,132.3,134.46,134.5,131.81,,134.46,,,488811,65679066.47,5300,F1,1,,,,,
2026-06-30,2026-06-30,CM,NSE,STK,19501,INE388G01026,TICL,EQ,,,,,TWAMEV CONS AND INFRA LTD,15.36,15.83,14.6,14.6,14.6,15.36,,14.6,,,3971677,58488688.28,2385,F1,1,,,,,
2026-06-30,2026-06-30,CM,NSE,STK,25626,INE152C01025,UYFINCORP,EQ,,,,,U. Y. FINCORP LIMITED,13.95,14.25,13.95,14.13,14.07,13.99,,14.12,,,118395,1667046.82,176,F1,1,,,,,
2026-06-30,2026-06-30,CM,NSE,STK,3570,INE139B01016,UCAL,EQ,,,,,UCAL LIMITED,123.9,125.79,121.5,123.22,122.4,121.16,,123.22,,,54591,6785477.76,993,F1,1,,,,,
2026-06-30,2026-06-30,CM,NSE,STK,755996,INE583D07562,10UCL26,ND,,,,,UCL 10.00% SR I,1009.0,1009.0,1009.0,1009.0,1009.0,1009.99,,1009.0,,,60,60540.0,1,F1,1,,,,,
2026-06-30,2026-06-30,CM,NSE,STK,756004,INE583D07596,1050UCL28,NH,,,,,UCL 10.50% SR V,1020.0,1020.0,1020.0,1020.0,1020.0,1005.1,,1020.0,,,6,6120.0,2,F1,1,,,,,
2026-06-30,2026-06-30,CM,NSE,STK,11223,INE691A01018,UCOBANK,EQ,,,,,UCO BANK,27.08,27.24,26.76,26.99,27.2,26.79,,26.99,,,3981635,107338701.79,11635,F1,1,,,,,
2026-06-30,2026-06-30,CM,NSE,STK,14871,INE0N0Y01013,USK,EQ,,,,,UDAYSHIVAKUMAR INFRA LTD,23.6,23.69,22.66,23.17,23.03,23.08,,23.17,,,6138,142081.72,112,F1,1,,,,,
2026-06-30,2026-06-30,CM,NSE,STK,1053,INE516A01017,UFLEX,EQ,,,,,UFLEX LIMITED,420.05,424.7,417.15,419.9,421.85,418.65,,419.95,,,19052,7996902.55,1154,F1,1,,,,,
2026-06-30,2026-06-30,CM,NSE,STK,9039,INE527H01019,UFO,EQ,,,,,UFO MOVIEZ INDIA LTD.,72.2,72.2,69.59,70.41,70.61,71.0,,70.41,,,49461,3492080.21,1536,F1,1,,,,,
2026-06-30,2026-06-30,CM,NSE,STK,5313,INE583D01011,UGROCAP,EQ,,,,,UGRO CAPITAL LIMITED,97.21,97.9,96.41,97.01,96.9,97.21,,97.01,,,79854,7753106.1,867,F1,1,,,,,
2026-06-30,2026-06-30,CM,NSE,STK,23507,INE899L01030,UEL,EQ,,,,,UJAAS ENERGY LIMITED,131.21,132.97,128.11,129.82,130.23,131.21,,129.74,,,6115,795958.37,563,F1,1,,,,,
2026-06-30,2026-06-30,CM,NSE,STK,15228,INE551W01018,UJJIVANSFB,EQ,,,,,UJJIVAN SMALL FINANC BANK,57.01,59.58,56.69,59.05,58.6,56.91,,59.05,,,29586838,1734366163.06,70085,F1,1,,,,,
2026-06-30,2026-06-30,CM,NSE,STK,762961,INE405A01021,ULTRAMAR,EQ,,,,,ULTRAMARINE & PIGMENTS L,395.0,395.0,381.0,382.65,381.95,390.4,,382.8,,,8182,3152407.35,577,F1,1,,,,,
2026-06-30,2026-06-30,CM,NSE,STK,11532,INE481G01011,ULTRACEMCO,EQ,,,,,ULTRATECH CEMENT LIMITED,11317.0,11377.0,11219.0,11253.0,11281.0,11336.0,,11254.0,,,331714,3741464105.0,42454,F1,1,,,,,
2026-06-30,2026-06-30,CM,NSE,STK,8845,INE0GIU01018,UMAEXPORTS,BE,,,,,UMA EXPORTS LIMITED,22.39,22.68,22.11,22.25,22.3,22.39,,22.26,,,11071,246557.64,78,F1,1,,,,,
2026-06-30,2026-06-30,CM,NSE,STK,8998,INE398B01018,UMIYA-MRO,EQ,,,,,UMIYA BUILDCON LIMITED,90.7,91.99,89.96,91.29,91.5,90.68,,91.36,,,8030,730964.91,205,F1,1,,,,,
2026-06-30,2026-06-30,CM,NSE,STK,3579,INE351A01035,UNICHEMLAB,EQ,,,,,UNICHEM LABORATORIES LTD,452.2,466.4,447.85,461.7,460.5,452.2,,462.2,,,104115,47927154.5,4134,F1,1,,,,,
2026-06-30,2026-06-30,CM,NSE,STK,24809,INE00U401027,UNIECOM,EQ,,,,,UNICOMMERCE ESOLUTIONS L,88.45,89.24,87.1,87.62,87.75,87.45,,87.6,,,367613,32325845.15,3725,F1,1,,,,,
2026-06-30,2026-06-30,CM,NSE,STK,18591,INE0PRF01011,UNIHEALTH,ST,,,,,UNIHEALTH HOSPITALS LTD,605.0,629.5,605.0,628.45,628.45,599.55,,628.45,,,26500,16526200.0,48,F1,500,,,,,
2026-06-30,2026-06-30,CM,NSE,STK,7797,INE481Z01011,UNIINFO,BE,,,,,UNIINFO TELECOM SERVI LTD,12.0,12.0,11.45,11.96,11.98,12.0,,11.96,,,179,2107.01,12,F1,1,,,,,
2026-06-30,2026-06-30,CM,NSE,STK,25633,INE0B2801011,UNILEX,SM,,,,,UNILEX COLOURS AND CHEM L,27.0,28.0,27.0,27.35,27.35,27.85,,27.35,,,9600,263200.0,6,F1,1600,,,,,
2026-06-30,2026-06-30,CM,NSE,STK,28960,INE0U3I01011,UNIMECH,EQ,,,,,UNIMECH AEROSPACE N MFG L,1100.0,1200.5,1099.0,1171.65,1163.6,1091.4,,1171.7,,,305454,355994243.3,17615,F1,1,,,,,
2026-06-30,2026-06-30,CM,NSE,STK,10753,INE692A01016,UNIONBANK,EQ,,,,,UNION BANK OF INDIA,175.0,175.8,171.9,172.43,172.5,174.56,,172.43,,,12547240,2172468325.47,58297,F1,1,,,,,
2026-06-30,2026-06-30,CM,NSE,STK,29687,INF582M01KS4,UNIONGOLD,EQ,,,,,UNIONAMC - UNIONGOLD,138.0,138.0,135.75,137.4,136.9,136.95,,137.45,,,8229,1126239.2,78,F1,1,,,,,
2026-06-30,2026-06-30,CM,NSE,STK,13057,INE244O01017,UNIPARTS,EQ,,,,,UNIPARTS INDIA LIMITED,671.25,674.95,664.7,673.6,674.95,663.8,,673.55,,,64429,43211082.0,3173,F1,1,,,,,
2026-06-30,2026-06-30,CM,NSE,STK,11293,INE037A01022,UNIENTER,EQ,,,,,UNIPHOS ENTERPRISES LTD,110.0,110.75,104.01,107.96,109.6,107.97,,107.96,,,2497,267702.73,48,F1,1,,,,,
2026-06-30,2026-06-30,CM,NSE,STK,3594,INE694A01020,UNITECH,EQ,,,,,UNITECH LTD,4.78,4.78,4.64,4.72,4.69,4.72,,4.72,,,5233429,24621995.73,5616,F1,1,,,,,
2026-06-30,2026-06-30,CM,NSE,STK,16713,INE686F01025,UBL,EQ,,,,,UNITED BREWERIES LTD,1322.8,1346.8,1322.8,1337.0,1335.0,1322.8,,1337.0,,,150149,200865795.2,9773,F1,1,,,,,
2026-06-30,2026-06-30,CM,NSE,STK,204,INE961D01019,UNIDT,BE,,,,,UNITED DRILLING TOOLS LTD,213.0,213.0,204.15,209.46,211.49,211.84,,209.56,,,3805,795533.24,120,F1,1,,,,,
2026-06-30,2026-06-30,CM,NSE,STK,3127,INE382M01027,UFBL,EQ,,,,,UNITED FOODBRANDS LIMITED,623.55,659.25,623.55,637.45,623.55,656.35,,637.65,,,201604,127133931.95,3261,F1,1,,,,,
2026-06-30,2026-06-30,CM,NSE,STK,17999,INE458F01011,UNITEDTEA,EQ,,,,,UNITED NILGIRI TEA LTD,479.7,479.7,464.0,472.0,472.0,471.65,,472.0,,,424,199014.6,51,F1,1,,,,,
2026-06-30,2026-06-30,CM,NSE,STK,7564,INE368U01029,UNITEDPOLY,BE,,,,,UNITED POLYFAB GUJ. LTD.,33.15,33.15,31.0,32.11,32.15,32.14,,32.14,,,6606,210581.32,100,F1,1,,,,,
2026-06-30,2026-06-30,CM,NSE,STK,10447,INE854D01024,UNITDSPR,EQ,,,,,UNITED SPIRITS LIMITED,1348.3,1364.3,1330.2,1350.4,1355.1,1341.5,,1350.4,,,943978,1274121919.4,34812,F1,1,,,,,
2026-06-30,2026-06-30,CM,NSE,STK,18977,INE562X01013,UNIVASTU,EQ,,,,,UNIVASTU INDIA LIMITED,90.4,92.99,90.01,91.88,92.1,90.4,,91.88,,,119884,10959547.48,1069,F1,1,,,,,
2026-06-30,2026-06-30,CM,NSE,STK,3607,INE279A01012,UNIVCABLES,EQ,,,,,UNIVERSAL CABLES LTD,1223.0,1263.6,1203.0,1253.6,1255.0,1223.6,,1253.6,,,134381,166772592.3,7874,F1,1,,,,,
2026-06-30,2026-06-30,CM,NSE,STK,17661,INE03V001013,UNIVPHOTO,BE,,,,,UNIVERSUS IMAGINGS LTD,357.95,367.0,341.5,364.2,367.0,357.95,,364.2,,,447,158427.05,17,F1,1,,,,,
2026-06-30,2026-06-30,CM,NSE,STK,14154,INE405E01023,UNOMINDA,EQ,,,,,UNO MINDA LIMITED,1093.0,1108.4,1067.7,1087.8,1094.0,1091.3,,1087.8,,,1058272,1154627195.0,47551,F1,1,,,,,
2026-06-30,2026-06-30,CM,NSE,STK,18636,INE148I08256,915SCL26,NE,,,,,UNS RED NCD 9.15% SR.IX,1060.0,1060.5,1054.0,1054.25,1054.25,1000.01,,1057.13,,,316,334586.0,6,F1,1,,,,,
2026-06-30,2026-06-30,CM,NSE,STK,2871,INE530B08094,10IIFL28A,NE,,,,,UNSE RE NCD 10% SR.I,1025.05,1025.15,1025.0,1025.15,1025.15,1025.04,,1025.15,,,395,404905.3,7,F1,1,,,,,
2026-06-30,2026-06-30,CM,NSE,STK,2877,INE530B08102,96IIFL28A,NF,,,,,UNSE RE NCD 9.6% SR.II,1000.0,1002.0,1000.0,1001.01,1001.01,1000.74,,1000.79,,,221,221205.0,7,F1,1,,,,,
2026-06-30,2026-06-30,CM,NSE,STK,5217,INE477L08162,IIFLZC28C,N6,,,,,UNSEC RE NCD 0% SR.III,1561.0,1561.0,1561.0,1561.0,1561.0,1561.0,,1561.0,,,10,15610.0,1,F1,1,,,,,
2026-06-30,2026-06-30,CM,NSE,STK,5212,INE477L08147,10IIFL28,N4,,,,,UNSEC RE NCD 10% SR.I,1080.0,1081.64,1080.0,1081.64,1081.64,1080.0,,1081.64,,,755,815408.2,5,F1,1,,,,,
2026-06-30,2026-06-30,CM,NSE,STK,5214,INE477L08154,96IIFL28,N5,,,,,UNSEC RE NCD 9.60% SR.II,997.0,999.0,995.0,995.72,995.0,996.57,,997.45,,,2901,2889334.5,32,F1,1,,,,,
2026-06-30,2026-06-30,CM,NSE,STK,19047,INE866I08295,105IIFL29,N7,,,,,UNSEC RED NCD 10.5% SR.VI,1091.0,1091.0,1089.0,1089.0,1089.0,1019.0,,1089.0,,,315,343260.0,3,F1,1,,,,,
2026-06-30,2026-06-30,CM,NSE,STK,21225,INE306N08292,910TCAP28,,,,,,UNSERENCD9.1%SRIIICIII&IV,1115.0,1118.74,1115.0,1117.8,1117.8,1118.74,,1117.8,,,440,492091.1,4,F1,1,,,,,
2026-06-30,2026-06-30,CM,NSE,STK,19113,INE851I01011,UDS,EQ,,,,,UPDATER SERVICES LIMITED,185.2,188.7,182.04,187.94,186.1,185.18,,187.93,,,241602,45033626.17,3693,F1,1,,,,,
2026-06-30,2026-06-30,CM,NSE,STK,11287,INE628A01036,UPL,EQ,,,,,UPL LIMITED,574.0,579.85,564.85,571.2,571.5,568.4,,571.2,,,3979387,2268370021.2,51962,F1,1,,,,,
2026-06-30,2026-06-30,CM,NSE,STK,17071,INE568Z01015,URAVIDEF,EQ,,,,,URAVI DEFENCE &TECH LTD,116.01,123.8,110.55,118.32,122.0,116.01,,116.69,,,459568,53433947.47,2251,F1,1,,,,,
2026-06-30,2026-06-30,CM,NSE,STK,759084,INE0CAZ01013,URBANCO,EQ,,,,,URBAN COMPANY LIMITED,131.1,132.99,129.55,131.33,131.25,131.72,,131.33,,,1773717,233202852.81,16268,F1,1,,,,,
2026-06-30,2026-06-30,CM,NSE,STK,16888,INE0O0201019,URBAN,SM,,,,,URBAN ENVIRO WASTE MGMT L,123.75,127.5,123.75,127.35,127.4,123.75,,127.35,,,17600,2222520.0,22,F1,800,,,,,
2026-06-30,2026-06-30,CM,NSE,STK,20203,INE550C01020,URJA,EQ,,,,,URJA GLOBAL LIMITED,9.56,9.8,9.32,9.56,9.45,9.49,,9.56,,,2296859,22240067.4,3112,F1,1,,,,,
2026-06-30,2026-06-30,CM,NSE,STK,25952,INE0LS001014,USHAFIN,SM,,,,,USHA FINANCIAL SERVICES L,34.7,34.7,34.05,34.05,34.05,36.35,,34.05,,,3200,110000.0,2,F1,1600,,,,,
2026-06-30,2026-06-30,CM,NSE,STK,19142,INE240C01028,UMESLTD,EQ,,,,,USHA MARTIN EDU & SOL LTD,5.8,5.82,5.8,5.82,5.82,5.55,,6.01,,,39230,228073.84,37,F1,1,,,,,
2026-06-30,2026-06-30,CM,NSE,STK,8840,INE228A01035,USHAMART,EQ,,,,,USHA MARTIN LTD.,486.8,500.0,480.7,496.9,496.9,484.35,,496.9,,,1241965,615072340.7,36889,F1,1,,,,,
2026-06-30,2026-06-30,CM,NSE,STK,4214,INE00NI01015,UCL,ST,,,,,USHANTI COLOUR CHEM LTD,185.4,201.95,185.4,201.95,201.95,195.15,,201.95,,,170000,31591500.0,18,F1,2000,,,,,
2026-06-30,2026-06-30,CM,NSE,STK,527,INE094J01016,UTIAMC,EQ,,,,,UTI ASSET MNGMT CO LTD,931.9,946.3,927.55,935.1,938.2,926.9,,935.1,,,187282,175371317.65,13402,F1,1,,,,,
2026-06-30,2026-06-30,CM,NSE,STK,22440,INF789F1AUV1,BANKBETA,EQ,,,,,UTIAMC-BANKBETA,59.82,60.01,59.41,59.58,59.78,59.72,,59.58,,,665436,39707389.94,644,F1,1,,,,,
2026-06-30,2026-06-30,CM,NSE,STK,22524,INF789F1AZF3,GILT10BETA,EQ,,,,,UTIAMC-GILT10BETA,27.14,27.14,26.31,26.31,26.31,26.48,,26.31,,,2359,62815.86,28,F1,1,,,,,
2026-06-30,2026-06-30,CM,NSE,STK,22521,INF789F1AZE6,GILT5BETA,EQ,,,,,UTIAMC-GILT5BETA,66.61,66.61,65.29,66.03,66.03,66.57,,66.03,,,4655,308305.3,9,F1,1,,,,,
2026-06-30,2026-06-30,CM,NSE,STK,22488,INF789F1AZD8,ITBETA,EQ,,,,,UTIAMC-ITBETA,284.0,284.0,275.55,276.23,275.7,284.36,,276.24,,,4818,1346054.17,123,F1,1,,,,,
2026-06-30,2026-06-30,CM,NSE,STK,18347,INF789F1AYX9,MIDCAPBETA,EQ,,,,,UTIAMC-MIDCAPBETA,229.59,230.5,228.36,229.57,229.47,229.53,,229.57,,,4348,1000227.58,44,F1,1,,,,,
2026-06-30,2026-06-30,CM,NSE,STK,21478,INF789F1AUW9,NEXT50BETA,EQ,,,,,UTIAMC-NEXT50BETA,77.5,78.25,76.75,77.2,76.9,77.09,,77.2,,,50612,3911344.25,501,F1,1,,,,,
2026-06-30,2026-06-30,CM,NSE,STK,10511,INF789F1AZC0,NIFTYBETA,EQ,,,,,UTIAMC-NIFTYBETA,270.18,273.0,263.8,265.56,264.46,264.88,,265.56,,,231095,61162878.35,967,F1,1,,,,,
2026-06-30,2026-06-30,CM,NSE,STK,10515,INF789FB1X58,SENSEXBETA,EQ,,,,,UTIAMC-SENSEXBETA,849.46,851.6,837.0,845.05,840.0,846.92,,845.05,,,1187,1005311.1,189,F1,1,,,,,
2026-06-30,2026-06-30,CM,NSE,STK,15085,INF789F1AYK6,SILVERBETA,EQ,,,,,UTIAMC-SILVERBETA,210.68,216.42,208.79,215.03,215.68,210.68,,215.04,,,508726,108571649.99,9569,F1,1,,,,,
2026-06-30,2026-06-30,CM,NSE,STK,9168,INF789F1AUU3,SNXT50BETA,EQ,,,,,UTIAMC-SNXT50BETA,91.95,93.5,91.95,92.73,92.7,92.19,,92.69,,,2305,213431.21,78,F1,1,,,,,
2026-06-30,2026-06-30,CM,NSE,STK,14535,INF789F1AUX7,GOLDBETA,EQ,,,,,UTIAMC-UTIGOLDBETA,115.45,118.45,115.45,117.95,118.05,118.4,,117.95,,,260976,30644657.1,2768,F1,1,,,,,
2026-06-30,2026-06-30,CM,NSE,STK,751587,INE1V1R01014,UTKAL,ST,,,,,UTKAL SPEC INDUS INDIA L,41.8,41.8,41.8,41.8,41.8,43.95,,41.8,,,2000,83600.0,1,F1,2000,,,,,
2026-06-30,2026-06-30,CM,NSE,STK,17358,INE735W01017,UTKARSHBNK,EQ,,,,,UTKARSH SMALL FIN BANK L,14.29,14.6,14.2,14.29,14.3,14.29,,14.29,,,3341256,47966140.84,5143,F1,1,,,,,
2026-06-30,2026-06-30,CM,NSE,STK,24729,INE06IJ01010,UTSSAV,ST,,,,,UTSSAV CZ GOLD JEWELS LTD,429.0,442.0,418.0,440.0,440.0,427.45,,440.0,,,96000,41727660.0,85,F1,600,,,,,
2026-06-30,2026-06-30,CM,NSE,STK,13376,INE786F01031,UTTAMSUGAR,EQ,,,,,UTTAM SUGAR MILLS LTD.,228.15,229.7,223.81,228.55,229.7,228.72,,228.55,,,42250,9563773.66,1095,F1,1,,,,,
2026-06-30,2026-06-30,CM,NSE,STK,3188,INE0GXK01018,VMARCIND,SM,,,,,V MARC INDIA LIMITED,1550.0,1647.85,1550.0,1600.35,1610.0,1546.65,,1600.35,,,27750,44781500.0,107,F1,250,,,,,
2026-06-30,2026-06-30,CM,NSE,STK,23018,INE0QQM01017,VR,SM,,,,,V R INFRASPACE LIMITED,107.5,108.45,107.5,108.45,108.45,113.15,,108.45,,,2800,301580.0,7,F1,400,,,,,
2026-06-30,2026-06-30,CM,NSE,STK,15362,INE951I01027,VGUARD,EQ,,,,,V-GUARD IND LTD.,304.5,308.4,298.2,300.0,300.45,303.9,,300.0,,,412382,124909470.3,7126,F1,1,,,,,
2026-06-30,2026-06-30,CM,NSE,STK,14766,INE945H01021,V2RETAIL,EQ,,,,,V2 RETAIL LIMITED,227.71,232.0,223.32,226.79,226.0,228.16,,226.81,,,1422889,324832746.09,35125,F1,1,,,,,
2026-06-30,2026-06-30,CM,NSE,STK,20188,INE956G01038,WABAG,EQ,,,,,VA TECH WABAG LTD,1998.2,2036.0,1985.0,2009.1,2012.0,1998.1,,2009.2,,,657094,1317483708.9,48835,F1,1,,,,,
2026-06-30,2026-06-30,CM,NSE,STK,24196,INE694D01016,VADILALIND,EQ,,,,,VADILAL INDUSTRIES LTD,6315.4,6420.0,6264.3,6288.4,6264.3,6363.4,,6289.2,,,7097,45026108.6,1611,F1,1,,,,,
2026-06-30,2026-06-30,CM,NSE,STK,11364,INE884A01027,VAIBHAVGBL,EQ,,,,,VAIBHAV GLOBAL LIMITED,229.98,230.98,226.51,229.26,230.25,229.82,,229.25,,,154442,35323666.9,4860,F1,1,,,,,
2026-06-30,2026-06-30,CM,NSE,STK,8259,INE0JR301013,MADHAVBAUG,SM,,,,,VAIDYA SANE AYUR LAB LTD,175.5,183.9,175.5,180.6,180.1,175.4,,180.6,,,13200,2396540.0,17,F1,400,,,,,
2026-06-30,2026-06-30,CM,NSE,STK,16621,INE972X01022,VAISHALI,BE,,,,,VAISHALI PHARMA LIMITED,7.21,7.58,7.19,7.21,7.35,7.47,,7.21,,,36554,266444.39,161,F1,1,,,,,
2026-06-30,2026-06-30,CM,NSE,STK,13342,INE051B01021,VAKRANGEE,EQ,,,,,VAKRANGEE LIMITED,6.08,6.15,6.06,6.1,6.08,6.08,,6.1,,,970141,5908407.65,1354,F1,1,,,,,
2026-06-30,2026-06-30,CM,NSE,STK,19220,INE0JWS01017,VALIANTLAB,BE,,,,,VALIANT LABORATORIES LTD,66.67,69.0,64.8,65.0,66.99,66.56,,65.0,,,25665,1692079.28,153,F1,1,,,,,
2026-06-30,2026-06-30,CM,NSE,STK,334,INE565V01010,VALIANTORG,BE,,,,,VALIANT ORGANICS LIMITED,284.3,284.3,272.0,274.1,273.0,278.95,,273.4,,,15789,4355224.5,233,F1,1,,,,,
2026-06-30,2026-06-30,CM,NSE,STK,18128,INE879I01012,DBREALTY,BE,,,,,VALOR ESTATE LIMITED,112.74,112.74,109.0,110.9,109.8,111.47,,110.89,,,253826,27935014.38,1226,F1,1,,,,,
2026-06-30,2026-06-30,CM,NSE,STK,763304,INE1E7Y01018,VALUE360,SM,,,,,VALUE 360 COMMUNICATION L,83.0,83.0,80.05,80.3,80.05,82.25,,80.3,,,39600,3238980.0,20,F1,1200,,,,,
2026-06-30,2026-06-30,CM,NSE,STK,11220,INE116G01013,VARDHACRLC,EQ,,,,,VARDHAMAN ACRYLICS LTD,43.78,44.5,43.5,43.68,43.6,43.73,,43.68,,,18410,806335.18,370,F1,1,,,,,
2026-06-30,2026-06-30,CM,NSE,STK,11892,INE701A01023,VHL,EQ,,,,,VARDHMAN HOLDINGS LIMITED,3545.0,3597.1,3501.0,3574.8,3550.0,3533.9,,3574.8,,,616,2190983.2,114,F1,1,,,,,
2026-06-30,2026-06-30,CM,NSE,STK,3646,INE835A01029,VARDMNPOLY,EQ,,,,,VARDHMAN POLYTEX LTD.,6.89,6.89,6.7,6.75,6.79,6.77,,6.75,,,211045,1436808.78,304,F1,1,,,,,
2026-06-30,2026-06-30,CM,NSE,STK,27067,INE050M01012,VSSL,EQ,,,,,VARDHMAN SPC STEEL LTD,276.75,281.6,276.75,279.5,277.5,278.85,,279.4,,,11107,3102090.4,555,F1,1,,,,,
2026-06-30,2026-06-30,CM,NSE,STK,2073,INE825A01020,VTL,EQ,,,,,VARDHMAN TEXTILES LIMITED,636.0,646.0,633.0,636.15,633.6,632.9,,636.05,,,345931,220891675.3,17647,F1,1,,,,,
2026-06-30,2026-06-30,CM,NSE,STK,3857,INE665L01035,VARROC,EQ,,,,,VARROC ENGINEERING LTD.,618.0,652.0,616.15,633.0,636.0,618.6,,633.0,,,467048,299630487.0,22647,F1,1,,,,,
2026-06-30,2026-06-30,CM,NSE,STK,18921,INE200M01039,VBL,EQ,,,,,VARUN BEVERAGES LIMITED,506.4,510.3,502.75,507.55,510.3,504.1,,507.55,,,3722439,1885130597.15,43584,F1,1,,,,,
2026-06-30,2026-06-30,CM,NSE,STK,13771,INE273D01027,VGL,EQ,,,,,VARVEE GLOBAL LIMITED,65.74,69.9,63.41,63.78,65.45,65.2,,63.78,,,103044,6613318.36,884,F1,1,,,,,
2026-06-30,2026-06-30,CM,NSE,STK,16454,INE0N5801013,DENTALKART,SM,,,,,VASA DENTICITY LIMITED,378.85,385.0,372.05,383.65,382.9,378.85,,383.65,,,27500,10519812.5,62,F1,250,,,,,
2026-06-30,2026-06-30,CM,NSE,STK,18114,INE893I01013,VASCONEQ,BE,,,,,VASCON ENGINEERS LTD,34.1,34.65,34.0,34.01,34.08,34.06,,34.02,,,100755,3437607.91,426,F1,1,,,,,
2026-06-30,2026-06-30,CM,NSE,STK,25340,INE590L01019,VASWANI,EQ,,,,,VASWANI IND LTD,55.0,55.78,53.63,55.4,55.6,54.59,,55.44,,,30756,1690594.59,740,F1,1,,,,,
2026-06-30,2026-06-30,CM,NSE,STK,9020,INE098201036,VCL,EQ,,,,,VAXTEX COTFAB LIMITED,1.38,1.45,1.34,1.37,1.36,1.35,,1.37,,,629775,858743.2,375,F1,1,,,,,
2026-06-30,2026-06-30,CM,NSE,STK,759281,INE04HY07344,12VCCL28,N0,,,,,VCCL 12% 2028,99000.0,99000.0,99000.0,99000.0,99000.0,99000.0,,99000.0,,,1,99000.0,1,F1,1,,,,,
2026-06-30,2026-06-30,CM,NSE,STK,756916,INE04HY07229,12VCCL29B,N0,,,,,VCCL 12% 2029,98800.0,98800.0,98800.0,98800.0,98800.0,98900.0,,98800.0,,,1,98800.0,1,F1,1,,,,,
2026-06-30,2026-06-30,CM,NSE,STK,760558,INE04HY08011,125VCCL31,N0,,,,,VCCL 12.5% 2031,96500.0,96500.0,96000.0,96000.0,96000.0,96500.0,,96000.0,,,3,289000.0,3,F1,1,,,,,
2026-06-30,2026-06-30,CM,NSE,STK,760451,INE04HY07385,115VCCL28A,N0,,,,,VCCL28A 11.5% 2028,97800.0,98900.0,97800.0,98900.0,98900.0,97900.0,,98900.0,,,2,196700.0,2,F1,1,,,,,
2026-06-30,2026-06-30,CM,NSE,STK,25054,INE0U2M01015,VDEAL,SM,,,,,VDEAL SYSTEM LIMITED,155.95,162.0,155.7,161.85,162.0,155.7,,161.85,,,9000,1426860.0,13,F1,600,,,,,
2026-06-30,2026-06-30,CM,NSE,STK,8167,INE825V01034,MANYAVAR,EQ,,,,,VEDANT FASHIONS LIMITED,412.95,413.85,405.1,408.3,407.65,411.95,,408.3,,,144107,58865785.7,7580,F1,1,,,,,
2026-06-30,2026-06-30,CM,NSE,STK,750174,INE1CDF01017,VAML,EQ,,,,,VEDANTA ALUMINIUM METAL L,446.0,455.98,435.67,448.46,450.8,452.09,,448.56,,,14936582,6680701594.23,198501,F1,1,,,,,
2026-06-30,2026-06-30,CM,NSE,STK,750290,INE1CLE01013,VISL,EQ,,,,,VEDANTA IRON AND STEEL L,33.9,35.66,32.45,35.26,35.66,32.42,,35.26,,,235299018,8201273866.65,446702,F1,1,,,,,
2026-06-30,2026-06-30,CM,NSE,STK,3063,INE205A01025,VEDL,EQ,,,,,VEDANTA LIMITED,283.9,283.9,278.05,280.75,281.1,284.55,,280.75,,,17134140,4807462571.5,116765,F1,1,,,,,
2026-06-30,2026-06-30,CM,NSE,STK,750368,INE704J01044,VOGL,EQ,,,,,VEDANTA OIL AND GAS LTD,32.8,34.22,31.17,32.24,32.3,33.17,,32.25,,,58776153,1926666041.64,108053,F1,1,,,,,
2026-06-30,2026-06-30,CM,NSE,STK,750518,INE694L01019,VEDPOWER,EQ,,,,,VEDANTA POWER LIMITED,40.8,42.3,39.41,40.28,40.37,41.3,,40.28,,,47764781,1928881488.78,114957,F1,1,,,,,
2026-06-30,2026-06-30,CM,NSE,STK,14019,INE484C01030,VEEDOL,EQ,,,,,VEEDOL CORPORATION LTD,1448.7,1457.9,1437.1,1443.3,1440.0,1448.7,,1443.3,,,7145,10326785.5,975,F1,1,,,,,
2026-06-30,2026-06-30,CM,NSE,STK,10713,INE0KTW01013,VEEKAYEM,ST,,,,,VEEKAYEM FASH & APP LTD,127.85,127.85,127.85,127.85,127.85,121.8,,127.85,,,1000,127850.0,2,F1,500,,,,,
2026-06-30,2026-06-30,CM,NSE,STK,762966,INE232E01013,VELJAN,EQ,,,,,VELJAN DENISON LTD.,1191.0,1431.6,1191.0,1431.6,1431.6,1193.0,,1430.8,,,8749,12124570.5,709,F1,1,,,,,
2026-06-30,2026-06-30,CM,NSE,STK,3757,INE398A01010,VENKEYS,EQ,,,,,VENKY S (INDIA) LIMITED,1426.9,1439.7,1415.0,1431.8,1435.0,1425.6,,1431.8,,,13516,19307376.5,1462,F1,1,,,,,
2026-06-30,2026-06-30,CM,NSE,STK,28847,INE781S01027,VENTIVE,EQ,,,,,VENTIVE HOSPITALITY LTD,628.0,642.0,624.0,627.65,628.0,628.8,,627.65,,,14652,9259705.95,1825,F1,1,,,,,
2026-06-30,2026-06-30,CM,NSE,STK,9592,INE0JA001018,VENUSPIPES,EQ,,,,,VENUS PIPES & TUBES LTD,1714.0,1749.0,1691.1,1730.5,1730.0,1701.2,,1730.4,,,165087,284781598.9,11380,F1,1,,,,,
2026-06-30,2026-06-30,CM,NSE,STK,13856,INE411B01019,VENUSREM,BE,,,,,VENUS REMEDIES LIMITED,1930.0,1930.0,1833.5,1833.5,1833.5,1930.0,,1834.4,,,50517,94050784.5,2378,F1,1,,,,,
2026-06-30,2026-06-30,CM,NSE,STK,8890,INE0IQ001011,VERANDA,EQ,,,,,VERANDA LEARNING SOL LTD,233.1,239.9,233.1,238.98,238.9,233.57,,238.98,,,136146,32463879.62,4498,F1,1,,,,,
2026-06-30,2026-06-30,CM,NSE,STK,23775,INE0SRI01019,VERITAAS,SM,,,,,VERITAAS ADVERTISING LTD,35.55,35.55,35.55,35.55,35.55,37.05,,35.55,,,1200,42660.0,1,F1,1200,,,,,
2026-06-30,2026-06-30,CM,NSE,STK,14491,INE0NLB01018,VERTEXPLUS,SM,,,,,VERTEXPLUS TECHNOLOGIES L,41.0,41.0,41.0,41.0,41.0,39.35,,41.0,,,600,24600.0,1,F1,600,,,,,
2026-06-30,2026-06-30,CM,NSE,STK,18865,INE188Y01031,VERTOZ,BE,,,,,VERTOZ LIMITED,39.79,39.8,37.25,38.74,39.3,39.02,,38.74,,,27703,1075814.68,280,F1,1,,,,,
2026-06-30,2026-06-30,CM,NSE,STK,3676,INE386A01023,VESUVIUS,EQ,,,,,VESUVIUS INDIA LTD,465.1,471.3,457.15,457.95,459.45,465.05,,458.0,,,55642,25650960.8,3331,F1,1,,,,,
2026-06-30,2026-06-30,CM,NSE,STK,8660,INE918N01018,VETO,BE,,,,,VETO SWITCHGEAR CABLE LTD,124.91,127.5,122.01,127.38,127.5,124.92,,127.29,,,27826,3493141.21,268,F1,1,,,,,
2026-06-30,2026-06-30,CM,NSE,STK,22730,INE0QTF01015,VSTL,EQ,,,,,VIBHOR STEEL TUBES LTD,115.45,116.96,113.0,114.98,115.0,115.26,,114.87,,,13210,1506923.0,230,F1,1,,,,,
2026-06-30,2026-06-30,CM,NSE,STK,23386,INE048C01025,VHLTD,BE,,,,,VICEROY HOTELS LIMITED,131.55,131.55,128.0,130.03,129.6,131.4,,130.02,,,4890,636429.03,150,F1,1,,,,,
2026-06-30,2026-06-30,CM,NSE,STK,760694,INE0F8901022,VICTORYEV,ST,,,,,VICTORY ELEC VEHICL INT L,17.15,17.7,17.0,17.4,17.4,17.15,,17.4,,,24000,417750.0,8,F1,3000,,,,,
2026-06-30,2026-06-30,CM,NSE,STK,13536,INE632C01026,VIDHIING,EQ,,,,,VIDHI SPCLTY F INGRDNTS L,282.05,285.95,276.1,284.5,278.25,282.55,,284.5,,,29634,8378994.9,1062,F1,1,,,,,
2026-06-30,2026-06-30,CM,NSE,STK,760224,INE14UN01029,VIDYAWIRES,EQ,,,,,VIDYA WIRES LIMITED,102.4,103.48,99.0,99.62,99.92,101.59,,99.61,,,1314855,132178596.31,8772,F1,1,,,,,
2026-06-30,2026-06-30,CM,NSE,STK,758908,INE1DM601016,VIGOR,ST,,,,,VIGOR PLAST INDIA LIMITED,94.4,104.05,94.2,103.65,104.0,99.1,,103.65,,,105600,10640800.0,56,F1,1600,,,,,
2026-06-30,2026-06-30,CM,NSE,STK,5585,INE043W01024,VIJAYA,EQ,,,,,VIJAYA DIAGNOSTIC CEN LTD,1311.3,1414.9,1311.3,1352.6,1352.0,1311.3,,1352.7,,,2126986,2912514497.0,75984,F1,1,,,,,
2026-06-30,2026-06-30,CM,NSE,STK,760124,INE0WL901019,VIJAYPD,ST,,,,,VIJAYPD CEUTICAL LIMITED,84.0,84.95,84.0,84.95,84.95,81.0,,84.95,,,4000,337900.0,2,F1,2000,,,,,
2026-06-30,2026-06-30,CM,NSE,STK,17695,INE159N01027,VIJIFIN,BE,,,,,VIJI FINANCE LIMITED,6.01,6.01,6.01,6.01,6.01,5.73,,6.03,,,173712,1044009.12,103,F1,1,,,,,
2026-06-30,2026-06-30,CM,NSE,STK,25756,INE806A01020,VIKASECO,EQ,,,,,VIKAS ECOTECH LIMITED,1.21,1.22,1.2,1.21,1.22,1.2,,1.21,,,1365929,1651871.58,797,F1,1,,,,,
2026-06-30,2026-06-30,CM,NSE,STK,9931,INE161L01027,VIKASLIFE,EQ,,,,,VIKAS LIFECARE LIMITED,1.43,1.46,1.43,1.44,1.44,1.43,,1.44,,,1165291,1688916.22,9508,F1,1,,,,,
2026-06-30,2026-06-30,CM,NSE,STK,759455,INE078V01014,VIKRAMSOLR,BE,,,,,VIKRAM SOLAR LIMITED,188.0,188.5,177.35,179.66,181.8,186.68,,179.71,,,1316808,240386065.7,10082,F1,1,,,,,
2026-06-30,2026-06-30,CM,NSE,STK,758973,INE01R501028,VIKRAN,EQ,,,,,VIKRAN ENGINEERING LTD,75.0,79.74,74.51,76.23,76.25,74.44,,76.23,,,15466669,1194238456.33,53995,F1,1,,,,,
2026-06-30,2026-06-30,CM,NSE,STK,23909,INE0AZY01017,VILAS,SM,,,,,VILAS TRANSCORE LIMITED,384.0,384.6,370.2,371.45,370.2,382.95,,371.45,,,19750,7430262.5,72,F1,250,,,,,
2026-06-30,2026-06-30,CM,NSE,STK,16960,INE0L4V01013,VILINBIO,ST,,,,,VILIN BIO MED LIMITED,42.05,42.05,42.05,42.05,42.05,40.05,,42.05,,,8000,336400.0,2,F1,4000,,,,,
2026-06-30,2026-06-30,CM,NSE,STK,13101,INE579C01029,VIMTALABS,EQ,,,,,VIMTA LABS LIMITED,584.25,595.75,581.25,587.55,591.0,584.2,,587.55,,,135605,79855962.95,5542,F1,1,,,,,
2026-06-30,2026-06-30,CM,NSE,STK,17364,INE410B01037,VINATIORGA,EQ,,,,,VINATI ORGANICS LTD,1323.0,1350.2,1323.0,1336.1,1332.0,1326.8,,1336.0,,,33700,45086444.1,3995,F1,1,,,,,
2026-06-30,2026-06-30,CM,NSE,STK,3694,INE707A01012,VINDHYATEL,EQ,,,,,VINDHYA TELELINKS LTD,2084.8,2117.1,2057.5,2078.8,2078.2,2062.5,,2078.7,,,26463,55244096.8,3441,F1,1,,,,,
2026-06-30,2026-06-30,CM,NSE,STK,3809,INE505Y01010,VINEETLAB,BE,,,,,VINEET LABORATORIES LTD,33.34,34.25,32.72,33.81,33.85,33.34,,33.8,,,27486,911438.73,102,F1,1,,,,,
2026-06-30,2026-06-30,CM,NSE,STK,12490,INE01KI01027,VINNY,EQ,,,,,VINNY OVERSEAS LIMITED,1.14,1.15,1.12,1.13,1.13,1.14,,1.13,,,160928,182385.98,136,F1,1,,,,,
2026-06-30,2026-06-30,CM,NSE,STK,17905,INE0OSJ01014,VINSYS,ST,,,,,VINSYS IT SERVICES IND LT,461.1,463.0,450.0,458.5,458.5,457.35,,458.5,,,63500,29186062.5,36,F1,250,,,,,
2026-06-30,2026-06-30,CM,NSE,STK,25835,INE498Q01014,VINCOFE,EQ,,,,,VINTAGE COFFEE N BVRGS L,149.77,156.0,143.55,154.85,155.99,149.98,,154.85,,,2664670,400773680.76,17432,F1,1,,,,,
2026-06-30,2026-06-30,CM,NSE,STK,19206,INE0OLS01010,VINYAS,SM,,,,,VINYAS INNOVATIVE TECH L,1358.0,1424.95,1356.0,1394.65,1399.65,1397.5,,1394.65,,,10400,14445590.0,60,F1,100,,,,,
2026-06-30,2026-06-30,CM,NSE,STK,16821,INE250B01029,VINYLINDIA,EQ,,,,,VINYL CHEMICALS (I) LTD.,254.0,259.5,250.0,250.5,251.0,253.75,,250.5,,,24010,6095274.85,1723,F1,1,,,,,
2026-06-30,2026-06-30,CM,NSE,STK,14847,INE450G01024,VIPCLOTHNG,BE,,,,,VIP CLOTHING LIMITED,24.58,25.4,24.58,24.99,25.0,24.96,,24.99,,,48414,1214429.53,102,F1,1,,,,,
2026-06-30,2026-06-30,CM,NSE,STK,3703,INE054A01027,VIPIND,EQ,,,,,VIP INDUSTRIES LTD,307.95,310.95,305.1,305.65,307.9,306.3,,305.65,,,167207,51535086.6,9987,F1,1,,,,,
2026-06-30,2026-06-30,CM,NSE,STK,8424,INE946H01037,VIPULLTD,EQ,,,,,VIPUL LIMITED,13.9,14.29,13.9,14.28,14.29,13.61,,14.28,,,1841290,26271647.28,28266,F1,1,,,,,
2026-06-30,2026-06-30,CM,NSE,STK,15295,INE539B01017,VIRINCHI,EQ,,,,,VIRINCHI LIMITED,16.43,16.9,16.13,16.2,16.14,16.43,,16.2,,,47933,782773.69,207,F1,1,,,,,
2026-06-30,2026-06-30,CM,NSE,STK,757060,INE0VRH01015,VGINFOTECH,SM,,,,,VIRTUAL GALAXY INFOTECH L,139.2,141.7,135.0,136.0,135.75,140.0,,136.0,,,122000,16751300.0,100,F1,1000,,,,,
2026-06-30,2026-06-30,CM,NSE,STK,13298,INE286H01012,VISACHROME,BE,,,,,VISA CHROME LIMITED,41.74,41.74,40.55,40.64,41.2,40.88,,40.64,,,107553,4375427.74,74,F1,1,,,,,
2026-06-30,2026-06-30,CM,NSE,STK,29877,INE370E01029,VIVIDHA,EQ,,,,,VISAGAR POLYTEX LTD,0.54,0.56,0.53,0.53,0.53,0.53,,0.53,,,262252,141415.24,140,F1,1,,,,,
2026-06-30,2026-06-30,CM,NSE,STK,4221,INE392A01021,VISAKAIND,EQ,,,,,VISAKA INDUSTRIES LIMITED,76.73,82.28,76.25,79.06,79.95,76.73,,79.06,,,324088,25859734.29,3094,F1,1,,,,,
2026-06-30,2026-06-30,CM,NSE,STK,27969,INE01EA01019,VMM,EQ,,,,,VISHAL MEGA MART LIMITED,115.79,118.59,115.01,117.95,118.4,115.79,,117.96,,,14365690,1688757055.53,51758,F1,1,,,,,
2026-06-30,2026-06-30,CM,NSE,STK,6908,INE270I01022,VISHNU,EQ,,,,,VISHNU CHEMICALS LIMITED,609.85,609.85,599.0,601.2,602.0,603.15,,601.2,,,42664,25692078.35,1939,F1,1,,,,,
2026-06-30,2026-06-30,CM,NSE,STK,18343,INE0AE001013,VPRPL,BE,,,,,VISHNU PRAKASH R PUNGLI L,27.91,27.91,27.91,27.91,27.91,28.47,,27.99,,,41814,1167028.74,341,F1,1,,,,,
2026-06-30,2026-06-30,CM,NSE,STK,19300,INE0PQ001012,VISHNUINFR,SM,,,,,VISHNUSURYA PROJ N INFR L,161.25,161.25,161.25,161.25,161.25,162.0,,161.25,,,1500,241875.0,2,F1,500,,,,,
2026-06-30,2026-06-30,CM,NSE,STK,13702,INE430N01022,VISHWARAJ,EQ,,,,,VISHWARAJ SUGAR IND LTD,5.47,5.58,5.43,5.47,5.5,5.45,,5.47,,,208320,1146822.76,413,F1,1,,,,,
2026-06-30,2026-06-30,CM,NSE,STK,25231,INE0TR001017,VIESL,SM,,,,,VISION INFRA EQUIP SOL L,318.8,322.0,313.0,313.0,313.0,318.85,,313.0,,,16000,5070320.0,17,F1,800,,,,,
2026-06-30,2026-06-30,CM,NSE,STK,761150,INE0L4K01016,VITAL,BE,,,,,VITAL CHEMTECH LIMITED,51.78,51.99,51.78,51.86,51.99,52.8,,51.86,,,300,15559.97,4,F1,1,,,,,
2026-06-30,2026-06-30,CM,NSE,STK,763637,INE0MEG01014,VIVIANA,BE,,,,,VIVIANA POWER TECH LTD,837.9,837.9,816.5,827.8,828.0,820.2,,827.8,,,8646,7121302.1,293,F1,1,,,,,
2026-06-30,2026-06-30,CM,NSE,STK,761771,INE24H301028,VIVIDEL,ST,,,,,VIVID ELECTROMECH LIMITED,1310.0,1364.8,1270.0,1289.2,1292.0,1299.85,,1289.2,,,26640,35459148.0,91,F1,240,,,,,
2026-06-30,2026-06-30,CM,NSE,STK,11968,INE526G01021,VIVIMEDLAB,BE,,,,,VIVIMED LABS LIMITED,6.15,6.25,5.8,5.8,5.8,5.99,,5.79,,,74757,442958.77,145,F1,1,,,,,
2026-06-30,2026-06-30,CM,NSE,STK,14296,INE807F01027,VIYASH,EQ,,,,,VIYASH SCIENTIFIC LIMITED,270.95,278.8,266.6,276.75,276.3,269.8,,276.75,,,3016610,824133398.65,33840,F1,1,,,,,
2026-06-30,2026-06-30,CM,NSE,STK,18021,INE03HW01020,VLEGOV,BE,,,,,VL E GOV AND IT SOL LTD,12.31,12.48,11.7,11.86,11.93,12.31,,11.86,,,201269,2393101.96,531,F1,1,,,,,
2026-06-30,2026-06-30,CM,NSE,STK,3715,INE709A01018,VLSFINANCE,EQ,,,,,VLS FINANCE LTD,253.0,262.0,251.6,257.62,257.0,257.23,,257.59,,,21764,5605679.99,744,F1,1,,,,,
2026-06-30,2026-06-30,CM,NSE,STK,29284,INE665J01013,VMART,EQ,,,,,VMART RETAIL LTD,762.9,784.2,762.0,779.05,777.05,755.4,,779.05,,,130122,100747002.2,9180,F1,1,,,,,
2026-06-30,2026-06-30,CM,NSE,STK,759153,INE0SJA01013,VMSTMT,BE,,,,,VMS TMT LIMITED,43.8,44.6,42.1,44.47,44.4,43.79,,44.49,,,33707,1482416.09,163,F1,1,,,,,
2026-06-30,2026-06-30,CM,NSE,STK,14366,INE669E01016,IDEA,EQ,,,,,VODAFONE IDEA LIMITED,14.45,14.63,14.29,14.46,14.45,14.43,,14.46,,,489723933,7094446597.61,717803,F1,1,,,,,
2026-06-30,2026-06-30,CM,NSE,STK,29658,INE241X01014,VOLERCAR,SM,,,,,VOLER CAR LIMITED,238.5,239.9,231.0,232.75,232.0,237.0,,232.75,,,15200,3612960.0,7,F1,800,,,,,
2026-06-30,2026-06-30,CM,NSE,STK,13577,INE540H01012,VOLTAMP,EQ,,,,,VOLTAMP TRANSFORMERS LTD,10149.5,10485.0,10059.5,10379.5,10470.0,10080.0,,10378.0,,,22761,233457607.5,7178,F1,1,,,,,
2026-06-30,2026-06-30,CM,NSE,STK,3718,INE226A01021,VOLTAS,EQ,,,,,VOLTAS LTD,1299.9,1300.0,1272.0,1277.6,1280.0,1295.8,,1277.6,,,733013,939802505.0,30943,F1,1,,,,,
2026-06-30,2026-06-30,CM,NSE,STK,24321,INE0S2V01010,VRAJ,EQ,,,,,VRAJ IRON AND STEEL LTD,117.79,118.9,116.01,116.81,116.43,116.82,,116.79,,,19237,2250820.63,253,F1,1,,,,,
2026-06-30,2026-06-30,CM,NSE,STK,8696,INE366I01010,VRLLOG,EQ,,,,,VRL LOGISTICS LIMITED,240.5,240.5,234.1,235.42,235.03,234.56,,235.38,,,99483,23507386.83,3834,F1,1,,,,,
2026-06-30,2026-06-30,CM,NSE,STK,3724,INE710A01016,VSTIND,EQ,,,,,VST INDUSTRIES LTD,262.0,262.0,258.75,260.3,260.4,260.5,,260.3,,,292222,76081665.55,5094,F1,1,,,,,
2026-06-30,2026-06-30,CM,NSE,STK,24292,INE764D01017,VSTTILLERS,EQ,,,,,VST TILLERS TRACTORS LTD,4482.5,4524.7,4460.1,4510.4,4520.0,4451.7,,4510.3,,,9763,44040030.2,2126,F1,1,,,,,
2026-06-30,2026-06-30,CM,NSE,STK,762978,INE765D01022,WPIL,EQ,,,,,W P I L LTD.,490.0,508.4,488.0,489.5,490.0,493.05,,489.3,,,59509,29660352.9,2608,F1,1,,,,,
2026-06-30,2026-06-30,CM,NSE,STK,14828,INE100D01014,WSI,EQ,,,,,W.S.INDUSTRIES (I) LTD.,66.09,67.69,66.06,66.29,66.1,66.37,,66.31,,,10053,670827.04,164,F1,1,,,,,
2026-06-30,2026-06-30,CM,NSE,STK,25907,INE377N01017,WAAREEENER,EQ,,,,,WAAREE ENERGIES LIMITED,2900.0,2959.5,2865.6,2947.0,2954.0,2886.1,,2947.0,,,1300340,3796191534.0,57051,F1,1,,,,,
2026-06-30,2026-06-30,CM,NSE,STK,756038,INE299N01021,WAAREERTL,EQ,,,,,WAAREE RENEWABLE TECH LTD,1015.0,1028.5,1002.5,1018.25,1016.05,1013.25,,1018.2,,,222629,226737728.7,11967,F1,1,,,,,
2026-06-30,2026-06-30,CM,NSE,STK,760259,INE0E7301029,WAKEFIT,EQ,,,,,WAKEFIT INNOVATIONS LTD,123.5,125.47,122.12,123.63,123.4,121.97,,123.63,,,305948,37904150.58,10257,F1,1,,,,,
2026-06-30,2026-06-30,CM,NSE,STK,3736,INE711A01022,WALCHANNAG,EQ,,,,,WALCHANDNAGAR INDUSTRIES,275.5,279.5,271.2,272.3,272.9,274.1,,272.3,,,995477,273762208.6,10576,F1,1,,,,,
2026-06-30,2026-06-30,CM,NSE,STK,5013,INE0G2G01015,WALPAR,SM,,,,,WALPAR NUTRITIONS LIMITED,27.8,27.8,27.8,27.8,27.8,26.5,,27.8,,,2000,55600.0,1,F1,2000,,,,,
2026-06-30,2026-06-30,CM,NSE,STK,14063,INE107F01022,WANBURY,EQ,,,,,WANBURY LIMITED,284.4,288.4,277.75,280.85,280.0,281.7,,280.85,,,228997,64802587.2,4274,F1,1,,,,,
2026-06-30,2026-06-30,CM,NSE,STK,759215,INE0A3007065,1075WCA28,N0,,,,,WCAPL 10.75% 2028,9600.0,9600.0,9600.0,9600.0,9600.0,9794.56,,9600.0,,,1,9600.0,1,F1,1,,,,,
2026-06-30,2026-06-30,CM,NSE,STK,9865,INE082W01014,WEWIN,BE,,,,,WE WIN LIMITED,48.41,48.95,47.3,48.0,48.0,48.41,,47.95,,,416,19939.73,14,F1,1,,,,,
2026-06-30,2026-06-30,CM,NSE,STK,760482,INF2F0001370,TWCGOLDETF,EQ,,,,,WEALTH - TWCGOLDETF,141.0,141.0,138.0,140.07,140.0,140.46,,140.07,,,3304,462903.48,176,F1,1,,,,,
2026-06-30,2026-06-30,CM,NSE,STK,1923,INE658T01017,WEALTH,EQ,,,,,WEALTH FRST PORT. MG. LTD,993.0,1008.9,955.0,962.1,967.0,988.1,,961.9,,,2792,2743476.1,331,F1,1,,,,,
2026-06-30,2026-06-30,CM,NSE,STK,14602,INE855C01023,WEBELSOLAR,EQ,,,,,WEBSOL ENERGY SYSTEM LTD,99.5,103.0,99.5,101.29,101.85,99.5,,101.32,,,1211447,122576424.36,6339,F1,1,,,,,
2026-06-30,2026-06-30,CM,NSE,STK,3748,INE080A01014,WEIZMANIND,EQ,,,,,WEIZMANN LTD,85.0,86.7,83.02,85.49,84.66,84.86,,85.48,,,3748,320167.91,78,F1,1,,,,,
2026-06-30,2026-06-30,CM,NSE,STK,11821,INE191B01025,WELCORP,EQ,,,,,WELSPUN CORP LIMITED,1520.0,1525.0,1480.6,1521.9,1510.6,1510.8,,1521.9,,,521537,789396758.9,23626,F1,1,,,,,
2026-06-30,2026-06-30,CM,NSE,STK,11626,INE625G01013,WELENT,EQ,,,,,WELSPUN ENTERPRISES LTD.,574.7,610.85,574.7,601.45,605.0,574.15,,601.5,,,1015796,609411342.5,26162,F1,1,,,,,
2026-06-30,2026-06-30,CM,NSE,STK,19804,INE389K01018,WELINV,BE,,,,,WELSPUN INV & COMM LTD,1715.0,1799.5,1688.0,1708.6,1688.0,1715.0,,1708.6,,,305,533035.8,11,F1,1,,,,,
2026-06-30,2026-06-30,CM,NSE,STK,11253,INE192B01031,WELSPUNLIV,EQ,,,,,WELSPUN LIVING LIMITED,162.47,163.4,158.31,158.84,159.1,162.04,,158.84,,,3314002,531241713.76,32938,F1,1,,,,,
2026-06-30,2026-06-30,CM,NSE,STK,762971,INE731F01037,WELSPLSOL,EQ,,,,,WELSPUN SPECIALTY SOL L,57.57,57.88,54.63,55.72,55.01,57.57,,55.71,,,1118193,62283640.59,5441,F1,1,,,,,
2026-06-30,2026-06-30,CM,NSE,STK,4235,INE274C01019,WENDT,EQ,,,,,WENDT (INDIA) LIMITED,7951.0,8420.0,7915.5,8246.0,8230.0,7886.0,,8246.0,,,35429,292275177.0,8898,F1,1,,,,,
2026-06-30,2026-06-30,CM,NSE,STK,3799,INE976A01021,WSTCSTPAPR,EQ,,,,,WEST COAST PAPER MILLS LT,516.2,553.0,509.9,534.35,539.8,516.2,,534.3,,,970447,523909910.4,31213,F1,1,,,,,
2026-06-30,2026-06-30,CM,NSE,STK,25403,INE0CJF01024,WCIL,EQ,,,,,WESTERN CARRIERS (IND) L,100.0,102.24,99.2,100.33,101.9,100.27,,100.35,,,39789,4000793.29,604,F1,1,,,,,
2026-06-30,2026-06-30,CM,NSE,STK,11580,INE274F01020,WESTLIFE,EQ,,,,,WESTLIFE FOODWORLD LTD,471.7,494.0,467.45,488.9,491.0,471.7,,488.9,,,79347,38363774.5,10053,F1,1,,,,,
2026-06-30,2026-06-30,CM,NSE,STK,759434,INE085001019,WEWORK,EQ,,,,,WEWORK INDIA MANAGEMENT L,651.9,699.0,638.0,689.3,697.0,648.75,,689.25,,,1733563,1152112730.2,41206,F1,1,,,,,
2026-06-30,2026-06-30,CM,NSE,STK,3766,INE715A01015,WHEELS,EQ,,,,,WHEELS INDIA LTD,1795.0,1808.0,1736.0,1786.0,1773.2,1772.0,,1786.0,,,232975,412292712.1,19325,F1,1,,,,,
2026-06-30,2026-06-30,CM,NSE,STK,18011,INE716A01013,WHIRLPOOL,EQ,,,,,WHIRLPOOL OF INDIA LTD,802.05,832.7,796.0,812.55,810.4,800.3,,812.55,,,933871,754639424.0,25449,F1,1,,,,,
2026-06-30,2026-06-30,CM,NSE,STK,3772,INE210A01017,WILLAMAGOR,EQ,,,,,WILLIAMSON MAGOR,26.6,27.04,25.02,25.31,27.02,25.67,,25.31,,,596,15282.56,32,F1,1,,,,,
2026-06-30,2026-06-30,CM,NSE,STK,5366,INE0H5O01029,WINDLAS,EQ,,,,,WINDLAS BIOTECH LIMITED,859.05,877.5,851.1,859.3,858.7,858.85,,859.25,,,52571,45517637.15,2843,F1,1,,,,,
2026-06-30,2026-06-30,CM,NSE,STK,24969,INE052A01021,WINDMACHIN,EQ,,,,,WINDSOR MACHINES LIMITED,303.75,311.7,300.6,304.0,304.15,305.05,,304.0,,,36472,11138505.6,1143,F1,1,,,,,
2026-06-30,2026-06-30,CM,NSE,STK,23714,INE0S3D01016,WINSOL,SM,,,,,WINSOL ENGINEERS LIMITED,124.0,126.0,123.0,124.0,124.0,123.25,,124.0,,,4400,545480.0,11,F1,400,,,,,
2026-06-30,2026-06-30,CM,NSE,STK,3787,INE075A01022,WIPRO,EQ,,,,,WIPRO LTD,175.0,175.4,170.05,170.39,170.35,175.48,,170.39,,,26845383,4600872201.76,198307,F1,1,,,,,
2026-06-30,2026-06-30,CM,NSE,STK,22725,INE623Y01011,WTICAB,SM,,,,,WISE TRAVEL INDIA LIMITED,108.0,112.0,106.15,107.0,106.3,110.65,,107.0,,,25500,2779075.0,51,F1,500,,,,,
2026-06-30,2026-06-30,CM,NSE,STK,7506,INE049B01025,WOCKPHARMA,EQ,,,,,WOCKHARDT LIMITED,1959.1,1963.1,1921.9,1941.4,1950.0,1949.7,,1941.4,,,618538,1199545820.1,33682,F1,1,,,,,
2026-06-30,2026-06-30,CM,NSE,STK,25605,INE0OO201011,WOL3D,ST,,,,,WOL 3D INDIA LIMITED,128.0,128.0,127.0,127.0,127.0,129.6,,127.0,,,8000,1019000.0,3,F1,1000,,,,,
2026-06-30,2026-06-30,CM,NSE,STK,19627,INE0Q9601016,WOMANCART,SM,,,,,WOMANCART LIMITED,108.45,108.45,105.0,107.5,107.5,107.45,,107.5,,,12400,1325500.0,30,F1,400,,,,,
2026-06-30,2026-06-30,CM,NSE,STK,7835,INE02WG01024,WEL,EQ,,,,,WONDER ELECTRICALS LTD,99.04,107.88,99.04,102.14,102.0,98.95,,102.14,,,885775,92156102.32,4928,F1,1,,,,,
2026-06-30,2026-06-30,CM,NSE,STK,3002,INE066O01014,WONDERLA,EQ,,,,,WONDERLA HOLIDAYS LTD.,497.85,499.1,493.75,495.15,494.0,497.35,,495.1,,,21047,10440140.55,1596,F1,1,,,,,
2026-06-30,2026-06-30,CM,NSE,STK,22277,INE196Y01018,WORTHPERI,EQ,,,,,WORTH PERIPHERALS LIMITED,132.0,144.0,127.91,134.59,135.69,131.91,,134.59,,,82904,11338378.33,678,F1,1,,,,,
2026-06-30,2026-06-30,CM,NSE,STK,11705,INE692G01013,XCHANGING,EQ,,,,,XCHANGING SOLUTIONS LTD,61.57,61.99,60.52,61.12,61.01,61.56,,61.13,,,61758,3774011.36,1349,F1,1,,,,,
2026-06-30,2026-06-30,CM,NSE,STK,8477,INE01P501012,XELPMOC,EQ,,,,,XELPMOC DESIGN & TECH LTD,87.96,87.96,83.61,84.85,85.07,85.0,,84.85,,,3727,316339.37,196,F1,1,,,,,
2026-06-30,2026-06-30,CM,NSE,STK,11407,INE445C01015,XPROINDIA,EQ,,,,,XPRO INDIA LIMITED,1360.8,1443.6,1350.0,1395.3,1394.0,1364.2,,1395.2,,,102982,145114863.6,9228,F1,1,,,,,
2026-06-30,2026-06-30,CM,NSE,STK,25235,INE547B01028,XTGLOBAL,EQ,,,,,XTGLOBAL INFOTECH LIMITED,29.8,30.4,27.0,28.05,28.08,29.51,,28.05,,,97804,2763466.43,921,F1,1,,,,,
2026-06-30,2026-06-30,CM,NSE,STK,760873,INE0U0J01015,YAAP,ST,,,,,YAAP DIGITAL LIMITED,170.1,174.45,170.1,173.2,172.0,171.8,,173.2,,,10000,1719000.0,10,F1,1000,,,,,
2026-06-30,2026-06-30,CM,NSE,STK,23451,INE0TO601017,YASHOPTICS,SM,,,,,YASH OPTICS & LENS LTD,121.95,121.95,115.0,116.6,117.0,121.95,,116.6,,,12800,1496440.0,14,F1,800,,,,,
2026-06-30,2026-06-30,CM,NSE,STK,18131,INE616Z01012,YASHO,EQ,,,,,YASHO INDUSTRIES LIMITED,3000.0,3098.0,2868.5,2923.9,2905.0,2957.9,,2923.9,,,48553,144346294.3,6905,F1,1,,,,,
2026-06-30,2026-06-30,CM,NSE,STK,17627,INE08S201019,YCCL,SM,,,,,YASONS CHEMEX CARE LTD,9.5,9.5,9.5,9.5,9.5,9.55,,9.5,,,3000,28500.0,1,F1,3000,,,,,
2026-06-30,2026-06-30,CM,NSE,STK,17738,INE0JO301016,YATHARTH,EQ,,,,,YATHARTH HOSP & TRA C S L,852.0,874.4,848.9,858.6,858.7,848.9,,858.55,,,404710,348091923.85,14605,F1,1,,,,,
2026-06-30,2026-06-30,CM,NSE,STK,18760,INE0JR601024,YATRA,EQ,,,,,YATRA ONLINE LIMITED,111.7,113.8,110.35,112.63,113.0,110.14,,112.61,,,1574380,177495231.05,10486,F1,1,,,,,
2026-06-30,2026-06-30,CM,NSE,STK,11915,INE528G01035,YESBANK,EQ,,,,,YES BANK LIMITED,25.25,25.34,24.1,24.18,24.24,25.09,,24.18,,,160293573,3933609938.81,123378,F1,1,,,,,
2026-06-30,2026-06-30,CM,NSE,STK,5501,INE384C01016,YUKEN,EQ,,,,,YUKEN INDIA LIMITED,731.2,779.2,730.0,766.55,771.4,730.05,,766.55,,,20263,15397590.4,951,F1,1,,,,,
2026-06-30,2026-06-30,CM,NSE,STK,4229,INE116C01012,ZFSTEERING,EQ,,,,,Z F STEERING GEAR (I) LTD,713.0,720.95,692.6,699.05,696.1,706.15,,700.25,,,2089,1467606.7,192,F1,1,,,,,
2026-06-30,2026-06-30,CM,NSE,STK,23976,INE0ISZ01012,ZTECH,SM,,,,,Z-TECH (INDIA) LIMITED,618.7,629.0,618.7,624.25,625.05,616.0,,624.25,,,73800,45928305.0,44,F1,300,,,,,
2026-06-30,2026-06-30,CM,NSE,STK,18608,INE07K301024,ZAGGLE,EQ,,,,,ZAGGLE PREPA OCEAN SER L,201.6,207.8,200.37,206.81,207.6,198.6,,206.82,,,964156,197870554.36,14752,F1,1,,,,,
2026-06-30,2026-06-30,CM,NSE,STK,3812,INE256A01028,ZEEL,EQ,,,,,ZEE ENTERTAINMENT ENT LTD,107.5,107.73,103.11,103.51,103.5,107.32,,103.51,,,26871047,2807751601.79,76952,F1,1,,,,,
2026-06-30,2026-06-30,CM,NSE,STK,20856,INE565L01011,ZEELEARN,BE,,,,,ZEE LEARN LIMITED,8.1,8.91,8.07,8.91,8.91,8.49,,8.95,,,1565054,13505853.78,1084,F1,1,,,,,
2026-06-30,2026-06-30,CM,NSE,STK,14003,INE966H01019,ZEEMEDIA,EQ,,,,,ZEE MEDIA CORPORATION LTD,8.06,8.59,8.02,8.52,8.5,8.08,,8.52,,,2423167,20227489.65,5907,F1,1,,,,,
2026-06-30,2026-06-30,CM,NSE,STK,7508,INE251B01027,ZENTEC,EQ,,,,,ZEN TECHNOLOGIES LIMITED,1751.9,1789.4,1720.8,1773.4,1772.4,1742.6,,1773.5,,,699921,1233626354.4,39170,F1,1,,,,,
2026-06-30,2026-06-30,CM,NSE,STK,22803,INE0QWN01013,ZENITHDRUG,SM,,,,,ZENITH DRUGS LIMITED,45.95,46.1,45.95,46.1,46.1,46.15,,46.1,,,1600,73640.0,2,F1,800,,,,,
2026-06-30,2026-06-30,CM,NSE,STK,4176,INE058B01018,ZENITHEXPO,EQ,,,,,ZENITH EXPORTS LTD,201.0,201.0,199.9,199.9,199.9,201.0,,199.9,,,2,400.9,2,F1,1,,,,,
2026-06-30,2026-06-30,CM,NSE,STK,14562,INE318D01020,ZENITHSTL,EQ,,,,,ZENITH STEEL PIP IND LTD,5.6,5.73,5.6,5.61,5.64,5.57,,5.61,,,32662,184777.7,130,F1,1,,,,,
2026-06-30,2026-06-30,CM,NSE,STK,1076,INE520A01027,ZENSARTECH,EQ,,,,,ZENSAR TECHNOLOGIES  LTD,438.1,439.9,424.0,425.3,427.8,433.4,,425.3,,,406611,174143117.85,19272,F1,1,,,,,
2026-06-30,2026-06-30,CM,NSE,STK,22901,INF0R8F01042,GOLDCASE,EQ,,,,,ZERODHAAMC - GOLDCASE,22.1,22.15,21.7,22.05,22.07,22.14,,22.05,,,8939987,196258331.22,11541,F1,1,,,,,
2026-06-30,2026-06-30,CM,NSE,STK,21750,INF0R8F01034,LIQUIDCASE,EQ,,,,,ZERODHAAMC - LIQUIDCASE,114.78,114.78,114.76,114.76,114.76,114.76,,114.76,,,18189274,2087566838.43,20567,F1,1,,,,,
2026-06-30,2026-06-30,CM,NSE,STK,758705,INF0R8F01133,LTGILTCASE,EQ,,,,,ZERODHAAMC - LTGILTCASE,30.59,30.59,30.41,30.5,30.49,30.41,,30.5,,,32050,976336.75,117,F1,1,,,,,
2026-06-30,2026-06-30,CM,NSE,STK,24077,INF0R8F01059,MID150CASE,EQ,,,,,ZERODHAAMC - MID150CASE,11.52,11.52,11.33,11.43,11.47,11.37,,11.43,,,1064540,12150490.89,2863,F1,1,,,,,
2026-06-30,2026-06-30,CM,NSE,STK,759302,INF0R8F01166,NIFTYCASE,EQ,,,,,ZERODHAAMC - NIFTYCASE,9.82,9.82,9.4,9.56,9.6,9.59,,9.56,,,997770,9550108.02,1433,F1,1,,,,,
2026-06-30,2026-06-30,CM,NSE,STK,30274,INF0R8F01091,SILVERCASE,EQ,,,,,ZERODHAAMC - SILVERCASE,22.4,22.7,21.86,22.54,22.61,22.06,,22.54,,,13012762,291806549.94,11093,F1,1,,,,,
2026-06-30,2026-06-30,CM,NSE,STK,758955,INF0R8F01141,SML100CASE,EQ,,,,,ZERODHAAMC - SML100CASE,10.76,10.77,10.5,10.73,10.71,10.57,,10.73,,,2444167,26167923.38,1231,F1,1,,,,,
2026-06-30,2026-06-30,CM,NSE,STK,24081,INF0R8F01067,TOP100CASE,EQ,,,,,ZERODHAAMC - TOP100CASE,10.73,10.73,10.4,10.45,10.4,10.47,,10.45,,,473236,4955022.12,915,F1,1,,,,,
2026-06-30,2026-06-30,CM,NSE,STK,16915,INE342J01019,ZFCVINDIA,EQ,,,,,ZF COM VE CTR SYS IND LTD,2680.0,2685.0,2505.0,2566.0,2556.0,2686.0,,2566.0,,,417942,1067772274.0,49182,F1,1,,,,,
2026-06-30,2026-06-30,CM,NSE,STK,12412,INE518E01015,ZIMLAB,BE,,,,,ZIM LABORATORIES LIMITED,124.0,125.0,124.0,124.0,124.0,124.0,,124.3,,,15258,1900961.0,123,F1,1,,,,,
2026-06-30,2026-06-30,CM,NSE,STK,3821,INE206B01013,ZODIACLOTH,EQ,,,,,ZODIAC CLOTHING CO. LTD.,82.99,83.0,79.48,80.65,80.0,82.75,,80.65,,,8577,699071.67,201,F1,1,,,,,
2026-06-30,2026-06-30,CM,NSE,STK,7138,INE761Y01019,ZODIAC,BE,,,,,ZODIAC ENERGY LIMITED,277.1,279.65,273.0,275.8,275.05,275.7,,275.8,,,3732,1028914.75,160,F1,1,,,,,
2026-06-30,2026-06-30,CM,NSE,STK,11394,INE358U01012,ZOTA,EQ,,,,,ZOTA HEALTH CARE LIMITED,1395.0,1445.0,1380.0,1416.8,1422.9,1396.3,,1416.8,,,102876,145078850.2,5646,F1,1,,,,,
2026-06-30,2026-06-30,CM,NSE,STK,29050,INE840M01016,ZUARI,EQ,,,,,ZUARI AGRO CHEMICALS LTD,227.96,232.47,226.22,229.55,230.0,226.35,,229.55,,,99517,22795158.61,2277,F1,1,,,,,
2026-06-30,2026-06-30,CM,NSE,STK,3827,INE217A01012,ZUARIIND,EQ,,,,,ZUARI INDUSTRIES LIMITED,254.7,258.8,252.6,255.15,255.2,254.7,,255.15,,,36497,9327208.5,1108,F1,1,,,,,
2026-06-30,2026-06-30,CM,NSE,STK,7929,INE010B01027,ZYDUSLIFE,EQ,,,,,ZYDUS LIFESCIENCES LTD,1122.2,1128.5,1110.0,1112.6,1113.0,1121.3,,1112.6,,,1698514,1899811565.5,44641,F1,1,,,,,
2026-06-30,2026-06-30,CM,NSE,STK,17635,INE768C01028,ZYDUSWELL,EQ,,,,,ZYDUS WELLNESS LIMITED,567.9,580.0,558.9,575.4,575.0,569.45,,575.35,,,2239650,1281350422.5,42846,F1,1,,,,,
