TradDt,BizDt,Sgmt,Src,FinInstrmTp,FinInstrmId,ISIN,TckrSymb,SctySrs,XpryDt,FininstrmActlXpryDt,StrkPric,OptnTp,FinInstrmNm,OpnPric,HghPric,LwPric,ClsPric,LastPric,PrvsClsgPric,UndrlygPric,SttlmPric,OpnIntrst,ChngInOpnIntrst,TtlTradgVol,TtlTrfVal,TtlNbOfTxsExctd,SsnId,NewBrdLotQty,Rmks,Rsvd1,Rsvd2,Rsvd3,Rsvd4
2026-07-16,2026-07-16,CM,NSE,STK,19078,IN0020200104,SGBJUN28,GB,,,,,2.5%GOLDBONDS2028SR-III,14090.0,14100.0,14090.0,14093.7,14091.0,14053.8,,14093.7,,,11,155027.03,6,F1,1,,,,,
2026-07-16,2026-07-16,CM,NSE,STK,1342,IN0020200286,SGBN28VIII,GB,,,,,2.5%GOLDBONDS2028SR-VIII,14040.47,14050.0,14002.0,14050.0,14050.0,14053.49,,14050.0,,,170,2385683.02,30,F1,1,,,,,
2026-07-16,2026-07-16,CM,NSE,STK,3742,IN0020210053,SGBMAY29I,GB,,,,,2.5%GOLDBONDS2029SR-I,14190.0,14190.0,14051.01,14103.9,14105.0,14184.23,,14103.9,,,79,1115445.2,31,F1,1,,,,,
2026-07-16,2026-07-16,CM,NSE,STK,3743,IN0020210061,SGBJUN29II,GB,,,,,2.5%GOLDBONDS2029SR-II,14100.0,14100.0,14022.02,14030.73,14030.01,14066.84,,14030.73,,,77,1080961.6,21,F1,1,,,,,
2026-07-16,2026-07-16,CM,NSE,STK,3800,IN0020210087,SGBJU29III,GB,,,,,2.5%GOLDBONDS2029SR-III,14080.0,14136.0,14065.02,14072.99,14070.0,14058.63,,14072.99,,,55,774839.9,23,F1,1,,,,,
2026-07-16,2026-07-16,CM,NSE,STK,5575,IN0020210145,SGBSEP29VI,GB,,,,,2.5%GOLDBONDS2029SR-VI,14150.0,14180.0,14050.04,14078.68,14050.05,14150.0,,14078.68,,,89,1256195.83,31,F1,1,,,,,
2026-07-16,2026-07-16,CM,NSE,STK,6518,IN0020210178,SGBNV29VII,GB,,,,,2.5%GOLDBONDS2029SR-VII,14100.0,14100.0,14070.0,14071.16,14076.0,14050.0,,14071.16,,,111,1563985.99,16,F1,1,,,,,
2026-07-16,2026-07-16,CM,NSE,STK,6355,IN0020180314,SGBNOV26,GB,,,,,2.50%GOLDBONDS2026SR-III,14098.0,14098.0,14098.0,14098.0,14098.0,14098.0,,14098.0,,,1,14098.0,1,F1,1,,,,,
2026-07-16,2026-07-16,CM,NSE,STK,7654,IN0020180389,SGBDEC26,GB,,,,,2.50%GOLDBONDS2026SR-IV,14000.11,14098.0,14000.11,14098.0,14098.0,14250.0,,14098.0,,,10,140490.55,2,F1,1,,,,,
2026-07-16,2026-07-16,CM,NSE,STK,11154,IN0020190081,SGBJUL27,GB,,,,,2.50%GOLDBONDS2027SR-II,13955.01,14040.0,13955.01,14039.95,14040.0,14049.0,,14039.95,,,408,5713748.02,19,F1,1,,,,,
2026-07-16,2026-07-16,CM,NSE,STK,12904,IN0020190107,SGBAUG27,GB,,,,,2.50%GOLDBONDS2027SR-III,14051.0,14100.0,14051.0,14100.0,14100.0,14189.0,,14100.0,,,21,295610.0,7,F1,1,,,,,
2026-07-16,2026-07-16,CM,NSE,STK,13209,IN0020190115,SGBSEP27,GB,,,,,2.50%GOLDBONDS2027SR-IV,14001.0,14099.9,14001.0,14018.33,14005.01,14035.0,,14018.33,,,14,196369.61,8,F1,1,,,,,
2026-07-16,2026-07-16,CM,NSE,STK,8308,IN0020180462,SGBJAN27,GB,,,,,2.50%GOLDBONDS2027SR-V,14000.0,14099.0,14000.0,14099.0,14099.0,14090.0,,13812.5,,,33,465069.0,7,F1,1,,,,,
2026-07-16,2026-07-16,CM,NSE,STK,13981,IN0020190370,SGBOCT27,GB,,,,,2.50%GOLDBONDS2027SR-V,14130.0,14130.0,14000.01,14000.01,14000.01,14140.0,,14000.01,,,5,70390.02,4,F1,1,,,,,
2026-07-16,2026-07-16,CM,NSE,STK,8766,IN0020180561,SGBFEB27,GB,,,,,2.50%GOLDBONDS2027SR-VI,14059.99,14059.99,14059.99,14059.99,14059.99,14099.99,,14059.99,,,1,14059.99,1,F1,1,,,,,
2026-07-16,2026-07-16,CM,NSE,STK,14252,IN0020190388,SGBOCT27VI,GB,,,,,2.50%GOLDBONDS2027SR-VI,13992.0,14024.0,13965.11,14024.0,14024.0,13965.0,,14024.0,,,9,125948.74,5,F1,1,,,,,
2026-07-16,2026-07-16,CM,NSE,STK,15432,IN0020190461,SGBDC27VII,GB,,,,,2.50%GOLDBONDS2027SR-VII,14120.25,14125.0,14120.25,14124.7,14125.0,14113.22,,14124.7,,,23,324854.75,3,F1,1,,,,,
2026-07-16,2026-07-16,CM,NSE,STK,18862,IN0020200062,SGBAPR28I,GB,,,,,2.50%GOLDBONDS2028SR-I,14100.0,14100.0,14071.0,14084.5,14071.0,14060.45,,14084.03,,,124,1746906.0,25,F1,1,,,,,
2026-07-16,2026-07-16,CM,NSE,STK,18972,IN0020200088,SGBMAY28,GB,,,,,2.50%GOLDBONDS2028SR-II,14095.95,14095.95,14050.0,14050.0,14050.0,14040.3,,14065.0,,,5,70376.37,5,F1,1,,,,,
2026-07-16,2026-07-16,CM,NSE,STK,22242,IN0020200146,SGBJUL28IV,GB,,,,,2.50%GOLDBONDS2028SR-IV,14099.99,14099.99,14002.0,14040.82,14040.01,14035.0,,14037.32,,,317,4449767.05,87,F1,1,,,,,
2026-07-16,2026-07-16,CM,NSE,STK,17664,IN0020190545,SGBFEB28IX,GB,,,,,2.50%GOLDBONDS2028SR-IX,14150.0,14150.0,14150.0,14150.0,14150.0,14100.0,,14845.0,,,2,28300.0,2,F1,1,,,,,
2026-07-16,2026-07-16,CM,NSE,STK,22385,IN0020200161,SGBAUG28V,GB,,,,,2.50%GOLDBONDS2028SR-V,14116.11,14148.0,14077.04,14127.65,14120.0,14116.11,,14127.65,,,561,7920869.69,86,F1,1,,,,,
2026-07-16,2026-07-16,CM,NSE,STK,149,IN0020200195,SGBSEP28VI,GB,,,,,2.50%GOLDBONDS2028SR-VI,14090.0,14100.0,14021.0,14080.17,14100.0,14091.53,,14080.17,,,277,3899773.19,45,F1,1,,,,,
2026-07-16,2026-07-16,CM,NSE,STK,834,IN0020200203,SGBOC28VII,GB,,,,,2.50%GOLDBONDS2028SR-VII,14080.0,14094.99,14020.0,14050.0,14050.0,14062.5,,14060.0,,,17,238783.02,8,F1,1,,,,,
2026-07-16,2026-07-16,CM,NSE,STK,18451,IN0020190552,SGBMAR28X,GB,,,,,2.50%GOLDBONDS2028SR-X,14199.0,14199.0,14050.0,14083.68,14090.0,14010.0,,14083.68,,,96,1350310.99,12,F1,1,,,,,
2026-07-16,2026-07-16,CM,NSE,STK,5113,IN0020210111,SGBJUL29IV,GB,,,,,2.50%GOLDBONDS2029SR-IV,14069.1,14087.0,14069.1,14087.0,14087.0,14089.5,,14087.0,,,13,183025.2,4,F1,1,,,,,
2026-07-16,2026-07-16,CM,NSE,STK,1920,IN0020200377,SGBJAN29IX,GB,,,,,2.50%GOLDBONDS2029SR-IX,14067.94,14100.0,14012.0,14064.99,14050.02,14067.94,,14064.99,,,473,6654669.54,70,F1,1,,,,,
2026-07-16,2026-07-16,CM,NSE,STK,5455,IN0020210129,SGBAUG29V,GB,,,,,2.50%GOLDBONDS2029SR-V,14150.1,14300.0,14104.01,14210.11,14155.0,14174.22,,14210.25,,,71,1007333.5,40,F1,1,,,,,
2026-07-16,2026-07-16,CM,NSE,STK,7098,IN0020210228,SGBD29VIII,GB,,,,,2.50%GOLDBONDS2029SR-VIII,14100.0,14150.0,14056.0,14149.99,14149.99,14148.04,,14149.99,,,35,494302.05,10,F1,1,,,,,
2026-07-16,2026-07-16,CM,NSE,STK,2003,IN0020200385,SGBJAN29X,GB,,,,,2.50%GOLDBONDS2029SR-X,14057.22,14100.0,14032.0,14095.18,14100.0,14066.11,,14095.18,,,29,407782.74,10,F1,1,,,,,
2026-07-16,2026-07-16,CM,NSE,STK,2200,IN0020200393,SGBFEB29XI,GB,,,,,2.50%GOLDBONDS2029SR-XI,14100.0,14100.0,14040.5,14061.73,14058.01,14099.99,,14063.63,,,61,858989.13,18,F1,1,,,,,
2026-07-16,2026-07-16,CM,NSE,STK,2810,IN0020200427,SGBMR29XII,GB,,,,,2.50%GOLDBONDS2029SR-XII,14066.2,14100.0,14012.02,14074.58,14070.0,14066.2,,14055.59,,,240,3377940.42,43,F1,1,,,,,
2026-07-16,2026-07-16,CM,NSE,STK,10232,IN0020220045,SGBJUN30,GB,,,,,2.50%GOLDBONDS2030SR-I,14200.0,14230.0,14200.0,14230.0,14230.0,14285.98,,14185.18,,,20,284303.24,8,F1,1,,,,,
2026-07-16,2026-07-16,CM,NSE,STK,11192,IN0020220078,SGBAUG30,GB,,,,,2.50%GOLDBONDS2030SR-II,14200.0,14215.5,14172.0,14192.33,14194.99,14210.1,,14192.33,,,159,2256950.4,42,F1,1,,,,,
2026-07-16,2026-07-16,CM,NSE,STK,13642,IN0020220110,SGBDE30III,GB,,,,,2.50%GOLDBONDS2030SR-III,13875.42,14291.59,13875.42,14222.12,14215.0,14231.21,,14223.28,,,174,2477199.45,46,F1,1,,,,,
2026-07-16,2026-07-16,CM,NSE,STK,7879,IN0020210236,SGBJAN30IX,GB,,,,,2.50%GOLDBONDS2030SR-IX,14200.0,14200.0,14080.0,14087.51,14080.0,14123.16,,14087.51,,,28,396040.14,11,F1,1,,,,,
2026-07-16,2026-07-16,CM,NSE,STK,8401,IN0020210319,SGBMAR30X,GB,,,,,2.50%GOLDBONDS2030SR-X,14250.0,14250.0,14160.0,14199.99,14200.0,14152.05,,14199.99,,,53,752187.97,15,F1,1,,,,,
2026-07-16,2026-07-16,CM,NSE,STK,17202,IN0020230069,SGBJUN31I,GB,,,,,2.50%GOLDBONDS2031SR-I,14354.54,14425.0,14306.1,14392.67,14382.0,14354.54,,14393.57,,,467,6719508.61,78,F1,1,,,,,
2026-07-16,2026-07-16,CM,NSE,STK,19456,IN0020230093,SGBSEP31II,GB,,,,,2.50%GOLDBONDS2031SR-II,14399.0,14424.99,14357.01,14378.14,14389.99,14399.37,,14359.65,,,574,8256929.77,130,F1,1,,,,,
2026-07-16,2026-07-16,CM,NSE,STK,22476,IN0020230168,SGBDE31III,GB,,,,,2.50%GOLDBONDS2031SR-III,14155.91,14550.01,14155.91,14492.58,14499.0,14518.89,,14492.66,,,746,10826781.25,170,F1,1,,,,,
2026-07-16,2026-07-16,CM,NSE,STK,14598,IN0020220169,SGBMAR31IV,GB,,,,,2.50%GOLDBONDS2031SR-IV,14333.33,14333.33,14250.0,14298.2,14295.0,14333.33,,14298.2,,,140,2000299.23,44,F1,1,,,,,
2026-07-16,2026-07-16,CM,NSE,STK,22886,IN0020230184,SGBFEB32IV,GB,,,,,2.50%GOLDBONDS2032SR-IV,14625.27,14699.94,14600.0,14621.93,14644.99,14623.27,,14630.19,,,635,9299556.08,141,F1,1,,,,,
2026-07-16,2026-07-16,CM,NSE,STK,16921,INE144J01027,20MICRONS,EQ,,,,,20 MICRONS LTD,204.63,208.79,203.6,205.01,205.0,204.43,,204.97,,,134100,27583558.35,2967,F1,1,,,,,
2026-07-16,2026-07-16,CM,NSE,STK,4,INE253B01015,21STCENMGM,EQ,,,,,21ST CENTURY MGMT SERVICE,32.81,33.12,32.13,33.06,33.12,32.48,,33.06,,,11136,366442.49,47,F1,1,,,,,
2026-07-16,2026-07-16,CM,NSE,STK,13061,INE466L01038,360ONE,EQ,,,,,360 ONE WAM LIMITED,1106.1,1107.5,1065.6,1081.3,1085.0,1098.6,,1081.4,,,1542092,1663265764.8,48088,F1,1,,,,,
2026-07-16,2026-07-16,CM,NSE,STK,30105,INF579M01BB5,GOLD360,EQ,,,,,360ONEAMC - GOLD360,137.75,138.05,137.05,137.35,137.35,137.3,,137.35,,,4589,630911.55,171,F1,1,,,,,
2026-07-16,2026-07-16,CM,NSE,STK,763602,INF579M01BP5,MSCI360,EQ,,,,,360ONEAMC - MSCI360,10.14,10.18,10.02,10.11,10.12,10.12,,10.11,,,10928,109688.39,16,F1,1,,,,,
2026-07-16,2026-07-16,CM,NSE,STK,756150,INF579M01BC3,SILVER360,EQ,,,,,360ONEAMC - SILVER360,215.03,215.03,212.02,213.06,212.75,215.03,,213.04,,,17937,3827318.66,354,F1,1,,,,,
2026-07-16,2026-07-16,CM,NSE,STK,762518,INE994E01018,3BBLACKBIO,EQ,,,,,3B BLACKBIO DX LTD.,1301.0,1321.9,1250.0,1268.5,1280.5,1270.2,,1265.7,,,21455,27576343.1,1993,F1,1,,,,,
2026-07-16,2026-07-16,CM,NSE,STK,6232,INE748C01038,3IINFOLTD,EQ,,,,,3I INFOTECH LIMITED,18.11,18.39,18.01,18.15,18.15,18.07,,18.15,,,140020,2543412.24,681,F1,1,,,,,
2026-07-16,2026-07-16,CM,NSE,STK,474,INE470A01017,3MINDIA,EQ,,,,,3M INDIA LIMITED,35900.0,36395.0,35330.0,35445.0,35450.0,35930.0,,35445.0,,,5146,184277020.0,2264,F1,1,,,,,
2026-07-16,2026-07-16,CM,NSE,STK,2595,INE105C01023,3PLAND,EQ,,,,,3P LAND HOLDINGS LIMITED,32.0,32.74,31.77,32.0,32.0,31.92,,32.0,,,767,24575.33,22,F1,1,,,,,
2026-07-16,2026-07-16,CM,NSE,STK,445,INE618L01018,5PAISA,EQ,,,,,5PAISA CAPITAL LIMITED,393.2,396.7,380.5,385.05,381.0,390.85,,385.05,,,67641,26317249.05,2665,F1,1,,,,,
2026-07-16,2026-07-16,CM,NSE,STK,11868,INE111B01023,63MOONS,EQ,,,,,63 MOONS TECHNOLOGIES LTD,715.0,726.8,686.0,693.6,695.9,719.75,,693.5,,,174250,121695989.2,8672,F1,1,,,,,
2026-07-16,2026-07-16,CM,NSE,STK,20034,INE261F07032,764NABAR31,N2,,,,,7.64% TAX FREE TRI SRIIB,1109.9,1109.9,1109.9,1109.9,1109.9,1109.81,,1109.9,,,150,166485.0,3,F1,1,,,,,
2026-07-16,2026-07-16,CM,NSE,STK,19928,INE031A07AO5,764HUDCO31,N8,,,,,7.64% TAX FREETRI SR2B,1115.0,1115.0,1113.0,1113.02,1113.0,1113.0,,1113.02,,,61,67943.8,5,F1,1,,,,,
2026-07-16,2026-07-16,CM,NSE,STK,19930,INE031A07AT4,769HUDCO31,N9,,,,,7.69% TAX FREETRII SR2B,1128.0,1131.87,1128.0,1130.01,1131.0,1123.15,,1130.01,,,686,774140.85,9,F1,1,,,,,
2026-07-16,2026-07-16,CM,NSE,STK,20030,INE202E07229,774IREDA31,N7,,,,,7.74% TAX FREE NCD,1120.07,1122.0,1120.0,1122.0,1122.0,1118.01,,1122.0,,,592,664196.57,5,F1,1,,,,,
2026-07-16,2026-07-16,CM,NSE,STK,19924,INE020B07GH7,812REC27,NI,,,,,8.12/8.32% TAX FREE NCD,1017.15,1017.15,1017.15,1017.15,1017.15,1018.0,,1017.01,,,100,101715.0,2,F1,1,,,,,
2026-07-16,2026-07-16,CM,NSE,STK,31240,INE031A07840,82HUDCO27,N2,,,,,8.20 NCD05MAR27 FV 1000,1043.0,1044.99,1042.06,1043.22,1042.5,1042.75,,1043.22,,,1637,1707627.82,24,F1,1,,,,,
2026-07-16,2026-07-16,CM,NSE,STK,20022,INE134E07208,830PFCL27,N5,,,,,8.30% TAX FREE NCD,1076.0,1076.0,1076.0,1076.0,1076.0,1075.97,,1076.0,,,40,43040.0,1,F1,1,,,,,
2026-07-16,2026-07-16,CM,NSE,STK,186,INE906B07DE1,850NHAI29,N5,,,,,8.50% TAX FREE TR I S IIA,1099.01,1099.01,1099.01,1099.01,1099.01,1099.66,,1099.01,,,100,109901.0,1,F1,1,,,,,
2026-07-16,2026-07-16,CM,NSE,STK,192,INE906B07DF8,875NHAI29,N6,,,,,8.75% TAX FREE TR I S IIB,1103.1,1107.0,1103.1,1104.69,1104.21,1104.16,,1104.69,,,1076,1188501.29,34,F1,1,,,,,
2026-07-16,2026-07-16,CM,NSE,STK,19968,INE031A07949,876HUDCO28,ND,,,,,8.76% TAX FREETRI SR2B,1142.7,1144.47,1133.0,1133.15,1133.0,1142.97,,1133.15,,,582,665321.57,15,F1,1,,,,,
2026-07-16,2026-07-16,CM,NSE,STK,31768,INE733E07JJ9,891NTPC33,N6,,,,,8.91%S-R-NCD SERIES 3B,1279.99,1279.99,1271.0,1275.99,1275.99,1270.0,,1275.99,,,70,89469.4,3,F1,1,,,,,
2026-07-16,2026-07-16,CM,NSE,STK,20028,INE134E07463,892PFCL33,N8,,,,,8.92% TAX FREE NCD,1274.1,1274.1,1274.1,1274.1,1274.1,1274.0,,1279.5,,,1,1274.1,1,F1,1,,,,,
2026-07-16,2026-07-16,CM,NSE,STK,759130,INE08PH01015,ABCOTS,EQ,,,,,A B COTSPIN INDIA LIMITED,208.25,208.85,205.83,208.56,208.8,206.63,,208.55,,,3600,746930.99,321,F1,1,,,,,
2026-07-16,2026-07-16,CM,NSE,STK,27020,INE00YB01025,ABINFRA,EQ,,,,,A B INFRABUILD LIMITED,10.18,10.22,10.0,10.06,10.04,10.09,,10.06,,,5060779,50993558.31,657,F1,1,,,,,
2026-07-16,2026-07-16,CM,NSE,STK,762528,INE850B01026,ABMKNO,EQ,,,,,A B M KNOWLEDGEWARE LTD.,209.0,209.0,190.0,200.45,200.0,210.0,,200.45,,,4815,967222.84,141,F1,1,,,,,
2026-07-16,2026-07-16,CM,NSE,STK,762533,INE366C01021,ACSTECH,EQ,,,,,A C S TECHNOLOGIES LTD.,44.9,44.9,42.62,43.6,44.71,43.26,,43.57,,,173162,7520702.84,823,F1,1,,,,,
2026-07-16,2026-07-16,CM,NSE,STK,762538,INE701G01012,AKCAPIT,EQ,,,,,A K CAPITAL SERVICES LTD.,1798.2,1864.1,1752.0,1771.7,1764.1,1770.8,,1772.3,,,11430,20303897.5,882,F1,1,,,,,
2026-07-16,2026-07-16,CM,NSE,STK,20906,INE619I01012,A2ZINFRA,EQ,,,,,A2Z INFRA ENGINEERING LTD,13.6,13.6,13.11,13.36,13.29,13.6,,13.35,,,192829,2571829.25,602,F1,1,,,,,
2026-07-16,2026-07-16,CM,NSE,STK,12533,INE0D0U01013,AAATECH,EQ,,,,,AAA TECHNOLOGIES LIMITED,93.38,94.5,93.38,94.11,94.44,93.38,,94.12,,,4522,425262.12,155,F1,1,,,,,
2026-07-16,2026-07-16,CM,NSE,STK,23729,INE883F01010,AADHARHFC,EQ,,,,,AADHAR HOUSING FINANCE L,516.9,522.0,511.2,514.95,515.8,513.75,,514.9,,,236893,122418296.6,17380,F1,1,,,,,
2026-07-16,2026-07-16,CM,NSE,STK,757579,INE1GYP01013,AAKAAR,SM,,,,,AAKAAR MEDICAL TECHNO LTD,69.0,71.0,69.0,71.0,71.0,70.2,,71.0,,,4800,336320.0,3,F1,1600,,,,,
2026-07-16,2026-07-16,CM,NSE,STK,235,INE087Z01024,AAKASH,EQ,,,,,AAKASH EXPLORATION SER L,9.16,9.4,8.95,9.07,9.06,9.16,,9.07,,,50750,458787.87,290,F1,1,,,,,
2026-07-16,2026-07-16,CM,NSE,STK,758120,INE124401014,AARADHYA,SM,,,,,AARADHYA DISPOSAL INDUS L,74.5,75.0,74.5,75.0,75.0,75.05,,75.0,,,4800,358800.0,4,F1,1200,,,,,
2026-07-16,2026-07-16,CM,NSE,STK,5248,INE198H01019,AAREYDRUGS,BE,,,,,AAREY DRUGS & PHARM LTD,76.42,76.42,76.42,76.42,76.42,77.97,,77.64,,,5446,416183.32,22,F1,1,,,,,
2026-07-16,2026-07-16,CM,NSE,STK,761821,INE750R01016,AARNAV,EQ,,,,,AARNAV FASHIONS LIMITED,27.0,31.35,26.96,31.35,31.35,26.13,,31.44,,,594600,18256132.8,2526,F1,1,,,,,
2026-07-16,2026-07-16,CM,NSE,STK,1030,INE721Z01010,AARON,EQ,,,,,AARON INDUSTRIES LIMITED,116.48,118.4,116.48,117.27,118.0,116.48,,117.27,,,1641,192773.9,83,F1,1,,,,,
2026-07-16,2026-07-16,CM,NSE,STK,17164,INE01C001026,AARTECH,BE,,,,,AARTECH SOLONICS LIMITED,49.38,49.38,48.26,48.5,48.35,49.07,,48.87,,,10987,535157.03,89,F1,1,,,,,
2026-07-16,2026-07-16,CM,NSE,STK,4481,INE767A01016,AARTIDRUGS,EQ,,,,,AARTI DRUGS LTD.,430.0,435.25,418.75,419.9,420.5,421.6,,419.9,,,289872,123449386.55,9380,F1,1,,,,,
2026-07-16,2026-07-16,CM,NSE,STK,7,INE769A01020,AARTIIND,EQ,,,,,AARTI INDUSTRIES LTD,502.0,506.55,497.25,504.75,504.25,500.7,,504.75,,,1116370,561282953.8,31289,F1,1,,,,,
2026-07-16,2026-07-16,CM,NSE,STK,13868,INE0LRU01027,AARTIPHARM,EQ,,,,,AARTI PHARMALABS LIMITED,718.5,729.35,713.0,717.4,713.0,718.25,,717.4,,,120690,86946967.05,12365,F1,1,,,,,
2026-07-16,2026-07-16,CM,NSE,STK,19233,INE09EO01013,AARTISURF,EQ,,,,,AARTI SURFACTANTS LIMITED,389.8,392.4,383.0,386.85,384.2,387.4,,386.85,,,5256,2031753.3,324,F1,1,,,,,
2026-07-16,2026-07-16,CM,NSE,STK,19073,INE754X01016,AARVI,EQ,,,,,AARVI ENCON LIMITED,145.25,162.86,145.25,153.52,154.5,147.1,,153.52,,,84640,13152912.38,2505,F1,1,,,,,
2026-07-16,2026-07-16,CM,NSE,STK,763801,INE2FMX01012,AASTHA,BE,,,,,AASTHA SPINTEX LIMITED,122.25,122.25,122.25,122.25,122.25,128.68,,122.25,,,58053,7096979.25,557,F1,1,,,,,
2026-07-16,2026-07-16,CM,NSE,STK,16961,INE0OB201016,AATMAJ,SM,,,,,AATMAJ HEALTHCARE LIMITED,19.8,19.8,19.7,19.7,19.7,19.35,,19.7,,,4000,79000.0,2,F1,2000,,,,,
2026-07-16,2026-07-16,CM,NSE,STK,5385,INE216P01012,AAVAS,EQ,,,,,AAVAS FINANCIERS LIMITED,1493.4,1505.8,1476.9,1500.8,1503.2,1500.9,,1501.1,,,32468,48501497.0,7322,F1,1,,,,,
2026-07-16,2026-07-16,CM,NSE,STK,7759,INE421A01028,ABAN,BE,,,,,ABAN OFFSHORE LTD.,15.43,15.89,14.81,15.02,14.95,15.43,,15.02,,,49728,753634.5,305,F1,1,,,,,
2026-07-16,2026-07-16,CM,NSE,STK,762526,INE365O01028,ABANSENT,BE,,,,,ABANS ENTERPRISES LTD.,28.95,28.95,27.47,27.52,27.52,27.89,,27.52,,,740,20638.89,17,F1,1,,,,,
2026-07-16,2026-07-16,CM,NSE,STK,13288,INE00ZE01026,AFSL,EQ,,,,,ABANS FINANCIAL SRVCS LTD,201.01,202.79,201.01,201.67,201.95,201.09,,201.62,,,5886,1187450.05,134,F1,1,,,,,
2026-07-16,2026-07-16,CM,NSE,STK,13,INE117A01022,ABB,EQ,,,,,ABB INDIA LIMITED,7210.5,7924.5,7191.0,7667.5,7655.5,7204.5,,7667.5,,,2577801,19912616086.5,212551,F1,1,,,,,
2026-07-16,2026-07-16,CM,NSE,STK,17903,INE358A01014,ABBOTINDIA,EQ,,,,,ABBOTT INDIA LIMITED,27750.0,27930.0,27550.0,27870.0,27865.0,27640.0,,27870.0,,,8282,230166535.0,4025,F1,1,,,,,
2026-07-16,2026-07-16,CM,NSE,STK,755941,INE860H07IQ0,8ABCL26,N2,,,,,ABCL 8% SR I,1060.5,1060.5,1060.5,1060.5,1060.5,1060.55,,1060.5,,,4,4242.0,1,F1,1,,,,,
2026-07-16,2026-07-16,CM,NSE,STK,4654,INE0CAJ01017,AILIMITED,ST,,,,,ABHISHEK INTEGRATIONS LTD,36.2,36.2,36.1,36.1,36.1,38.0,,36.1,,,3000,108450.0,2,F1,1500,,,,,
2026-07-16,2026-07-16,CM,NSE,STK,5549,INE251C01025,ABMINTLLTD,EQ,,,,,ABM INTERNATIONAL LTD,39.3,41.51,39.3,40.63,40.16,39.3,,40.63,,,350,14045.75,15,F1,1,,,,,
2026-07-16,2026-07-16,CM,NSE,STK,23786,INE0QRV01016,ABSMARINE,ST,,,,,ABS MARINE SERVICES LTD,223.35,223.75,216.2,219.95,220.1,223.85,,219.95,,,33000,7277025.0,53,F1,500,,,,,
2026-07-16,2026-07-16,CM,NSE,STK,22,INE012A01025,ACC,EQ,,,,,ACC LIMITED,1390.0,1393.2,1370.2,1373.3,1373.0,1383.2,,1373.2,,,122081,168321649.3,10981,F1,1,,,,,
2026-07-16,2026-07-16,CM,NSE,STK,7053,INE793A01012,ACCELYA,EQ,,,,,ACCELYA SOLN INDIA LTD,1110.3,1130.0,1110.1,1126.4,1128.0,1111.4,,1126.4,,,5466,6145071.0,806,F1,1,,,,,
2026-07-16,2026-07-16,CM,NSE,STK,20488,INE0Q5D01013,ACCENTMIC,SM,,,,,ACCENT MICROCELL LIMITED,523.9,524.0,507.05,509.8,511.0,521.5,,509.8,,,22500,11621975.0,43,F1,500,,,,,
2026-07-16,2026-07-16,CM,NSE,STK,21218,INE113X01015,ACCORD,ST,,,,,ACCORD SYNERGY LIMITED,210.65,211.0,206.45,206.45,206.45,210.65,,206.45,,,20000,4180100.0,10,F1,2000,,,,,
2026-07-16,2026-07-16,CM,NSE,STK,757024,INE0T8T01010,ACCPL,ST,,,,,ACCRETION PHARMA LIMITED,166.0,166.0,166.0,166.0,166.0,160.65,,166.0,,,1200,199200.0,1,F1,1200,,,,,
2026-07-16,2026-07-16,CM,NSE,STK,1472,INE648Z01023,ACCURACY,BE,,,,,ACCURACY SHIPPING LIMITED,5.1,5.1,4.9,4.99,5.0,5.09,,4.99,,,34737,174557.37,139,F1,1,,,,,
2026-07-16,2026-07-16,CM,NSE,STK,11779,INE543V01017,ACEINTEG,EQ,,,,,ACE INTEGRATED SOLU. LTD.,20.47,21.5,20.25,20.46,20.3,20.47,,20.46,,,9320,195328.41,51,F1,1,,,,,
2026-07-16,2026-07-16,CM,NSE,STK,761112,INE1J6M01010,ACETEC,SM,,,,,ACETECH E-COMMERCE LTD,120.0,120.0,120.0,120.0,120.0,120.5,,120.0,,,1200,144000.0,1,F1,1200,,,,,
2026-07-16,2026-07-16,CM,NSE,STK,27061,INE622W01025,ACMESOLAR,EQ,,,,,ACME SOLAR HOLDINGS LTD,396.0,397.5,387.1,394.0,394.2,392.15,,394.05,,,1611990,634337992.4,38143,F1,1,,,,,
2026-07-16,2026-07-16,CM,NSE,STK,13587,INE731H01025,ACE,EQ,,,,,ACTION CONST EQUIP LTD,1007.5,1012.1,991.7,1003.7,1001.1,1004.4,,1003.5,,,197194,197632747.7,17231,F1,1,,,,,
2026-07-16,2026-07-16,CM,NSE,STK,30464,INE0KLO01025,ACTIVEINFR,SM,,,,,ACTIVE INFRASTRUCTURES L,179.8,179.8,179.8,179.8,179.8,178.2,,179.8,,,1800,323640.0,2,F1,600,,,,,
2026-07-16,2026-07-16,CM,NSE,STK,5578,INE00FF01025,ACUTAAS,EQ,,,,,ACUTAAS CHEMICALS LIMITED,3551.4,3631.7,3491.0,3583.8,3601.0,3546.9,,3583.8,,,311654,1110344482.4,32164,F1,1,,,,,
2026-07-16,2026-07-16,CM,NSE,STK,10217,INE931S01010,ADANIENSOL,EQ,,,,,ADANI ENERGY SOLUTION LTD,1689.1,1744.0,1685.6,1689.5,1690.0,1678.0,,1689.5,,,2839672,4871301926.9,70634,F1,1,,,,,
2026-07-16,2026-07-16,CM,NSE,STK,25,INE423A01024,ADANIENT,EQ,,,,,ADANI ENTERPRISES LIMITED,3167.6,3190.0,3140.1,3151.4,3146.0,3150.6,,3151.4,,,1151243,3636956335.3,49815,F1,1,,,,,
2026-07-16,2026-07-16,CM,NSE,STK,3563,INE364U01010,ADANIGREEN,EQ,,,,,ADANI GREEN ENERGY LTD,1565.0,1585.8,1540.7,1543.7,1543.0,1555.4,,1543.7,,,2128635,3322652307.1,52777,F1,1,,,,,
2026-07-16,2026-07-16,CM,NSE,STK,15083,INE742F01042,ADANIPORTS,EQ,,,,,ADANI PORT & SEZ LTD,1828.5,1859.7,1817.5,1826.4,1826.7,1829.1,,1826.4,,,1952268,3589599770.2,65699,F1,1,,,,,
2026-07-16,2026-07-16,CM,NSE,STK,17388,INE814H01029,ADANIPOWER,EQ,,,,,ADANI POWER LTD,222.0,222.2,216.12,216.57,216.68,218.97,,216.57,,,40710986,8923327407.29,170987,F1,1,,,,,
2026-07-16,2026-07-16,CM,NSE,STK,6066,INE399L01023,ATGL,EQ,,,,,ADANI TOTAL GAS LIMITED,717.15,721.55,703.15,707.7,709.0,715.4,,707.7,,,1228035,876048314.45,24457,F1,1,,,,,
2026-07-16,2026-07-16,CM,NSE,STK,22468,INE0RDH01021,ADDICTIVE,SM,,,,,ADDICTIVE LEARNING TECH L,41.5,41.5,39.45,39.45,39.45,41.5,,39.45,,,5500,219325.0,11,F1,500,,,,,
2026-07-16,2026-07-16,CM,NSE,STK,19761,INE982B01027,ADFFOODS,EQ,,,,,ADF FOODS LIMITED,308.0,308.7,301.3,302.4,302.0,305.0,,302.4,,,133904,40753586.15,4423,F1,1,,,,,
2026-07-16,2026-07-16,CM,NSE,STK,763156,INE20PL01012,ADISOFT,SM,,,,,ADISOFT TECHNOLOGIES LTD,191.0,191.0,185.8,186.55,186.9,193.8,,186.55,,,36000,6763880.0,43,F1,800,,,,,
2026-07-16,2026-07-16,CM,NSE,STK,6018,INE404A01024,ABSLAMC,EQ,,,,,ADIT BIRL SUN LIF AMC LTD,1153.9,1156.3,1128.0,1132.1,1131.0,1149.1,,1132.1,,,174306,198338318.9,15237,F1,1,,,,,
2026-07-16,2026-07-16,CM,NSE,STK,21614,INE674K01013,ABCAPITAL,EQ,,,,,ADITYA BIRLA CAPITAL LTD.,404.0,405.0,398.4,399.7,399.95,404.3,,399.7,,,1855517,744152199.1,22588,F1,1,,,,,
2026-07-16,2026-07-16,CM,NSE,STK,30108,INE647O01011,ABFRL,EQ,,,,,ADITYA BIRLA FASHION & RT,59.42,59.8,58.51,58.68,58.78,59.26,,58.68,,,2132400,125796730.98,12574,F1,1,,,,,
2026-07-16,2026-07-16,CM,NSE,STK,756843,INE14LE01019,ABLBL,EQ,,,,,ADITYA BIRLA LIFES BRAN L,97.0,97.66,95.1,95.43,95.21,96.92,,95.43,,,473132,45427603.18,7726,F1,1,,,,,
2026-07-16,2026-07-16,CM,NSE,STK,15239,INE865C01022,BIRLAMONEY,EQ,,,,,ADITYA BIRLA MONEY LTD,141.0,141.6,138.1,138.91,138.2,142.8,,139.03,,,184008,25673727.79,2647,F1,1,,,,,
2026-07-16,2026-07-16,CM,NSE,STK,625,INE055A01016,ABREL,EQ,,,,,ADITYA BIRLA REAL EST LTD,1435.0,1464.5,1407.0,1456.6,1450.9,1426.6,,1456.6,,,243677,351914707.7,17123,F1,1,,,,,
2026-07-16,2026-07-16,CM,NSE,STK,758858,INE819V01029,CPPLUS,EQ,,,,,ADITYA INFOTECH LIMITED,3737.7,3866.0,3735.1,3800.0,3792.0,3719.3,,3799.9,,,213565,814065657.4,21441,F1,1,,,,,
2026-07-16,2026-07-16,CM,NSE,STK,25248,INE01YQ01013,AUSL,SM,,,,,ADITYA ULTRA STEEL LTD,26.5,26.5,24.65,24.65,24.65,25.9,,24.65,,,6000,152300.0,3,F1,2000,,,,,
2026-07-16,2026-07-16,CM,NSE,STK,25984,INE679V01027,AVL,EQ,,,,,ADITYA VISION LIMITED,630.85,640.85,625.2,634.55,632.5,630.9,,634.55,,,67604,42764435.1,6045,F1,1,,,,,
2026-07-16,2026-07-16,CM,NSE,STK,23804,INF209KB18D3,BSLGOLDETF,EQ,,,,,ADITYBIRLA SL GOLD ETF-GR,124.23,125.8,123.51,124.0,123.78,123.73,,124.0,,,866199,107343357.48,1922,F1,1,,,,,
2026-07-16,2026-07-16,CM,NSE,STK,24781,INF209KB19D1,BSLNIFTY,EQ,,,,,ADITYBIRLA SL NIF ETF-GR,28.2,28.9,28.2,28.23,28.28,28.2,,28.23,,,705278,19916151.54,3884,F1,1,,,,,
2026-07-16,2026-07-16,CM,NSE,STK,34,INE045A01017,ADOR,EQ,,,,,ADOR WELDING LTD,1344.9,1405.0,1340.2,1352.8,1361.0,1362.3,,1352.9,,,114083,156776040.5,9218,F1,1,,,,,
2026-07-16,2026-07-16,CM,NSE,STK,4953,INE737B01033,ADROITINFO,EQ,,,,,ADROIT INFOTECH LIMITED,8.87,9.09,8.87,9.0,9.04,8.87,,9.0,,,10799,96952.82,71,F1,1,,,,,
2026-07-16,2026-07-16,CM,NSE,STK,760657,INE0ALI01010,ADVAIT,EQ,,,,,ADVAIT ENRGY TRANSITION L,2127.9,2155.0,2095.1,2110.8,2118.9,2119.2,,2110.8,,,25409,53738692.8,4989,F1,1,,,,,
2026-07-16,2026-07-16,CM,NSE,STK,759402,INE1B0W01010,ADVANCE,EQ,,,,,ADVANCE AGROLIFE LIMITED,113.42,117.8,112.31,115.67,115.7,112.6,,115.67,,,511509,59434751.46,3593,F1,1,,,,,
2026-07-16,2026-07-16,CM,NSE,STK,18039,INE837H01020,ADVENZYMES,EQ,,,,,ADVANCED ENZYME TECH LTD,328.8,330.25,323.95,325.05,324.6,327.55,,325.05,,,124874,40721588.5,3610,F1,1,,,,,
2026-07-16,2026-07-16,CM,NSE,STK,14745,INE199C01026,ADVANIHOTR,EQ,,,,,ADVANI HOT.& RES.(I) LTD,52.8,52.8,52.02,52.07,52.2,52.08,,52.05,,,7299,381436.35,221,F1,1,,,,,
2026-07-16,2026-07-16,CM,NSE,STK,759769,INE28GN01010,ADVENTHTL,EQ,,,,,ADVENT HOTELS INTERNATI L,145.0,151.74,145.0,147.82,147.99,145.6,,147.82,,,118440,17613747.55,3207,F1,1,,,,,
2026-07-16,2026-07-16,CM,NSE,STK,762227,INE1SJO01012,RAMBHAJO,EQ,,,,,ADVIT JEWELS LIMITED,211.3,214.7,203.13,206.07,205.0,209.43,,206.09,,,520223,108153155.55,7551,F1,1,,,,,
2026-07-16,2026-07-16,CM,NSE,STK,40,INE208C01025,AEGISLOG,EQ,,,,,AEGIS LOGISTICS LIMITED,1311.0,1343.0,1265.8,1297.5,1311.0,1321.1,,1297.6,,,1499483,1939272398.7,46852,F1,1,,,,,
2026-07-16,2026-07-16,CM,NSE,STK,757336,INE0INX01018,AEGISVOPAK,EQ,,,,,AEGIS VOPAK TERMINALS LTD,283.45,283.45,265.5,269.26,269.5,281.95,,269.25,,,2127669,575560376.36,30209,F1,1,,,,,
2026-07-16,2026-07-16,CM,NSE,STK,761341,INE423A07500,AEL12126,NI,,,,,AEL 0% 2028 SR II,1030.0,1038.0,1030.0,1038.0,1038.0,1036.9,,1038.0,,,16,16560.0,2,F1,1,,,,,
2026-07-16,2026-07-16,CM,NSE,STK,761347,INE423A07542,AEL1212026,NO,,,,,AEL 0% 2031 SR VIII,1004.05,1004.05,1004.05,1004.05,1004.05,1035.0,,1004.05,,,3,3012.15,1,F1,1,,,,,
2026-07-16,2026-07-16,CM,NSE,STK,761340,INE423A07484,860AEL28,NH,,,,,AEL 8.60% 2028 SR I,1043.0,1043.0,1043.0,1043.0,1043.0,1030.0,,1044.5,,,29,30247.0,3,F1,1,,,,,
2026-07-16,2026-07-16,CM,NSE,STK,761345,INE423A07518,862AEL31,NM,,,,,AEL 8.62% 2031 SR VI,1015.0,1015.0,1015.0,1015.0,1015.0,1010.0,,1015.0,,,20,20300.0,1,F1,1,,,,,
2026-07-16,2026-07-16,CM,NSE,STK,757871,INE423A07427,885AEL28,NB,,,,,AEL 8.85% 2028 SR III,1024.92,1024.92,1024.92,1024.92,1024.92,1022.93,,1024.92,,,1,1024.92,1,F1,1,,,,,
2026-07-16,2026-07-16,CM,NSE,STK,761346,INE423A07526,890AEL31,NN,,,,,AEL 8.90% 2031 SR VII,1043.0,1044.0,1042.0,1042.0,1042.0,1042.5,,1042.0,,,353,368106.75,8,F1,1,,,,,
2026-07-16,2026-07-16,CM,NSE,STK,757874,INE423A07443,9AEL30,NE,,,,,AEL 9% 2030 SR VI,1019.8,1019.8,1017.5,1019.5,1019.5,1017.5,,1014.45,,,490,498955.95,11,F1,1,,,,,
2026-07-16,2026-07-16,CM,NSE,STK,757872,INE423A07435,915AEL28,NC,,,,,AEL 9.15% 2028 SR IV,1020.0,1020.0,1020.0,1020.0,1020.0,1020.0,,1020.0,,,52,53040.0,4,F1,1,,,,,
2026-07-16,2026-07-16,CM,NSE,STK,757875,INE423A07393,930AEL30,NF,,,,,AEL 9.3% 2030 SR VII,1043.85,1043.85,1043.84,1043.84,1043.84,1021.2,,1043.84,,,2,2087.69,2,F1,1,,,,,
2026-07-16,2026-07-16,CM,NSE,STK,760234,INE947N01017,AEQUS,EQ,,,,,AEQUS LIMITED,241.2,241.4,232.6,234.69,235.2,241.09,,234.68,,,2220931,526329981.44,22812,F1,1,,,,,
2026-07-16,2026-07-16,CM,NSE,STK,12015,INE065D01027,AEROENTER,EQ,,,,,AEROFLEX ENTERPRISES LTD,123.0,123.0,118.1,119.61,119.95,120.55,,119.6,,,385549,46142742.64,3683,F1,1,,,,,
2026-07-16,2026-07-16,CM,NSE,STK,18268,INE024001021,AEROFLEX,EQ,,,,,AEROFLEX INDUSTRIES LTD,421.9,421.9,405.0,410.85,412.2,421.15,,410.85,,,752247,309147376.4,12616,F1,1,,,,,
2026-07-16,2026-07-16,CM,NSE,STK,13689,INE035801013,AERONEU,EQ,,,,,AEROFLEX NEU LIMITED,88.99,93.7,87.3,90.28,91.5,87.52,,90.26,,,42292,3764139.83,316,F1,1,,,,,
2026-07-16,2026-07-16,CM,NSE,STK,25065,INE0WL801011,AERON,SM,,,,,AERON COMPOSITE LIMITED,81.1,82.7,81.1,81.7,81.7,82.75,,81.7,,,4000,328200.0,4,F1,1000,,,,,
2026-07-16,2026-07-16,CM,NSE,STK,24830,INE0TSF01011,AESTHETIK,SM,,,,,AESTHETIK ENGINEERS LTD,75.0,75.0,75.0,75.0,75.0,75.0,,75.0,,,2000,150000.0,2,F1,1000,,,,,
2026-07-16,2026-07-16,CM,NSE,STK,9810,INE0BWX01014,AETHER,EQ,,,,,AETHER INDUSTRIES LIMITED,1481.3,1508.0,1461.6,1499.2,1508.0,1477.2,,1499.2,,,227081,338639770.9,24622,F1,1,,,,,
2026-07-16,2026-07-16,CM,NSE,STK,25977,INE101I01011,AFCONS,EQ,,,,,AFCONS INFRASTRUCTURE LTD,291.45,292.75,284.0,285.4,285.9,292.2,,285.4,,,465917,133681339.85,14454,F1,1,,,,,
2026-07-16,2026-07-16,CM,NSE,STK,11343,INE00WC01027,AFFLE,EQ,,,,,AFFLE 3I LIMITED,1508.0,1551.5,1503.3,1539.9,1540.0,1500.6,,1539.9,,,254595,390997253.1,24040,F1,1,,,,,
2026-07-16,2026-07-16,CM,NSE,STK,25857,INE692Z01013,AFFORDABLE,BE,,,,,AFFORD ROBO & AUTO LTD,204.0,210.66,190.7,208.04,208.0,200.63,,208.03,,,76968,15628690.4,1033,F1,1,,,,,
2026-07-16,2026-07-16,CM,NSE,STK,760641,INE916Y07073,1150AFIL29,N0,,,,,AFIL 11.50% 2029,9200.0,9201.0,9189.0,9189.0,9189.0,9200.0,,9189.0,,,22,202300.0,3,F1,1,,,,,
2026-07-16,2026-07-16,CM,NSE,STK,759283,INE916Y07057,12AFIL28,N0,,,,,AFIL 12% 2028,9973.99,9973.99,9973.0,9973.0,9973.0,9957.46,,9973.0,,,6,59838.99,2,F1,1,,,,,
2026-07-16,2026-07-16,CM,NSE,STK,3389,INE204E01012,AGARIND,EQ,,,,,AGARWAL INDS CORP LTD.,514.4,524.0,508.7,510.05,509.05,516.65,,510.1,,,26682,13693515.75,1277,F1,1,,,,,
2026-07-16,2026-07-16,CM,NSE,STK,27309,INE0P8X01016,AGARWALTUF,SM,,,,,AGARWAL TOUGH GLASS IND L,144.3,144.3,140.0,140.2,140.1,145.2,,140.2,,,68400,9672720.0,53,F1,1200,,,,,
2026-07-16,2026-07-16,CM,NSE,STK,1412,INE415A01038,AGI,EQ,,,,,AGI GREENPAC LIMITED,705.55,707.0,690.0,700.5,700.1,694.75,,700.5,,,61001,42753693.9,3676,F1,1,,,,,
2026-07-16,2026-07-16,CM,NSE,STK,24445,INE976R01033,AGIIL,EQ,,,,,AGI INFRA LIMITED,339.9,343.7,333.5,334.95,335.5,337.3,,334.95,,,591545,200333469.9,5269,F1,1,,,,,
2026-07-16,2026-07-16,CM,NSE,STK,10491,INE0LF301013,AGNI,SM,,,,,AGNI GREEN POWER LTD,17.05,18.0,17.05,17.5,17.5,17.8,,17.5,,,17500,305750.0,6,F1,2500,,,,,
2026-07-16,2026-07-16,CM,NSE,STK,11076,INE449G01018,AGRITECH,BE,,,,,AGRI-TECH (INDIA) LIMITED,116.05,116.05,112.15,113.0,113.0,113.76,,113.0,,,788,90086.26,31,F1,1,,,,,
2026-07-16,2026-07-16,CM,NSE,STK,9046,INE740V01019,AGROPHOS,EQ,,,,,AGRO PHOS INDIA LIMITED,29.63,29.99,29.21,29.72,29.7,29.49,,29.72,,,6663,197138.31,82,F1,1,,,,,
2026-07-16,2026-07-16,CM,NSE,STK,2004,INE00PV01013,AHLADA,EQ,,,,,AHLADA ENGINEERS LIMITED,38.59,39.15,38.02,38.53,38.12,38.59,,38.53,,,4976,193109.84,63,F1,1,,,,,
2026-07-16,2026-07-16,CM,NSE,STK,17833,INE758C01029,AHLUCONT,EQ,,,,,AHLUWALIA CONT IND LTD,874.8,885.0,855.0,863.3,863.0,869.5,,863.35,,,61334,53375771.8,7406,F1,1,,,,,
2026-07-16,2026-07-16,CM,NSE,STK,13086,INE212H01026,AIAENG,EQ,,,,,AIA ENGINEERING LIMITED,4850.0,4890.0,4750.0,4779.5,4790.0,4828.5,,4779.5,,,37210,178579198.5,8529,F1,1,,,,,
2026-07-16,2026-07-16,CM,NSE,STK,23984,INE0RUV01018,AIMTRON,SM,,,,,AIMTRON ELECTRONICS LTD,1400.0,1406.0,1361.05,1383.75,1380.0,1389.4,,1383.75,,,29000,39978050.0,129,F1,200,,,,,
2026-07-16,2026-07-16,CM,NSE,STK,9878,INE805A01014,GOLDTECH,BE,,,,,AION-TECH SOLUTIONS LTD,61.8,61.8,57.15,57.88,58.45,59.56,,58.11,,,21220,1235573.94,207,F1,1,,,,,
2026-07-16,2026-07-16,CM,NSE,STK,9897,INE645W01026,AIRAN,EQ,,,,,AIRAN LIMITED,15.62,15.79,15.37,15.45,15.49,15.62,,15.47,,,47742,740136.88,243,F1,1,,,,,
2026-07-16,2026-07-16,CM,NSE,STK,6068,INE801L01010,AIROLAM,EQ,,,,,AIRO LAM LIMITED,90.0,90.8,88.0,89.13,89.55,88.15,,89.13,,,6152,551527.37,64,F1,1,,,,,
2026-07-16,2026-07-16,CM,NSE,STK,8124,INE031B01049,AJANTPHARM,EQ,,,,,AJANTA PHARMA LIMITED,3470.3,3481.9,3391.0,3452.8,3451.5,3454.2,,3452.8,,,112113,385743976.7,25986,F1,1,,,,,
2026-07-16,2026-07-16,CM,NSE,STK,29624,INE274Y01021,AJAXENGG,EQ,,,,,AJAX ENGINEERING LIMITED,618.9,622.0,610.0,611.1,611.75,615.2,,611.1,,,62440,38383963.05,3349,F1,1,,,,,
2026-07-16,2026-07-16,CM,NSE,STK,17307,INE298G01035,AJMERA,EQ,,,,,AJMERA REALTY & INF I LTD,136.01,136.52,128.75,129.1,129.75,135.55,,129.1,,,362423,47259588.34,4618,F1,1,,,,,
2026-07-16,2026-07-16,CM,NSE,STK,3403,INE820Y01021,AJOONI,EQ,,,,,AJOONI BIOTECH LIMITED,4.2,4.34,4.08,4.25,4.27,4.16,,4.25,,,763995,3229031.9,949,F1,1,,,,,
2026-07-16,2026-07-16,CM,NSE,STK,21132,INE0PCY01014,AKANKSHA,ST,,,,,AKANKSHA POWER N INFRA L,94.95,94.95,90.1,90.1,90.1,92.15,,90.1,,,11000,1031050.0,9,F1,1000,,,,,
2026-07-16,2026-07-16,CM,NSE,STK,13510,INE737W01013,AKASH,EQ,,,,,AKASH INFRA-PROJECTS LTD,27.0,27.49,26.34,26.93,27.28,27.0,,26.93,,,5692,153545.68,47,F1,1,,,,,
2026-07-16,2026-07-16,CM,NSE,STK,2176,INE00Y801016,AKG,EQ,,,,,AKG EXIM LIMITED,10.78,10.78,9.8,9.99,10.14,10.46,,9.99,,,65623,667934.99,334,F1,1,,,,,
2026-07-16,2026-07-16,CM,NSE,STK,14890,INE642Z01026,AKI,EQ,,,,,AKI INDIA LIMITED,4.61,4.72,4.48,4.54,4.55,4.6,,4.53,,,75965,344949.09,308,F1,1,,,,,
2026-07-16,2026-07-16,CM,NSE,STK,24307,INE0PMR01017,AKIKO,ST,,,,,AKIKO GLOBAL SERVICES L,293.0,306.65,293.0,304.85,306.65,292.05,,304.85,,,69600,20924200.0,82,F1,800,,,,,
2026-07-16,2026-07-16,CM,NSE,STK,24160,INE916Y01027,AFIL,BE,,,,,AKME FINTRADE (INDIA) LTD,9.2,9.69,9.2,9.46,9.5,9.23,,9.46,,,420944,3993444.2,323,F1,1,,,,,
2026-07-16,2026-07-16,CM,NSE,STK,8595,INE523B01011,AKSHOPTFBR,BE,,,,,AKSH OPTIFIBRE  LTD,5.78,5.8,5.77,5.77,5.77,5.88,,5.79,,,169416,978715.84,121,F1,1,,,,,
2026-07-16,2026-07-16,CM,NSE,STK,9558,INE256Z01025,AKSHAR,EQ,,,,,AKSHAR SPINTEX LIMITED,0.44,0.44,0.42,0.43,0.43,0.43,,0.43,,,411343,177401.76,226,F1,1,,,,,
2026-07-16,2026-07-16,CM,NSE,STK,20194,INE542B01011,AKSHARCHEM,BE,,,,,AKSHARCHEM INDIA LIMITED,234.8,244.8,232.5,238.68,235.0,234.85,,238.68,,,3060,730284.9,54,F1,1,,,,,
2026-07-16,2026-07-16,CM,NSE,STK,24715,INE09XN01023,AKUMS,EQ,,,,,AKUMS DRUGS AND PHARMA L,694.9,696.9,679.65,682.95,683.0,692.1,,682.95,,,104424,71502039.3,7866,F1,1,,,,,
2026-07-16,2026-07-16,CM,NSE,STK,9921,INE914E01040,ALANKIT,EQ,,,,,ALANKIT LIMITED,8.1,8.1,7.95,7.99,7.95,8.04,,7.99,,,102768,822093.85,406,F1,1,,,,,
2026-07-16,2026-07-16,CM,NSE,STK,17256,INE155C01010,ALBERTDAVD,EQ,,,,,ALBERT DAVID LIMITED,699.0,699.0,690.2,694.2,690.2,697.25,,694.2,,,3640,2528578.65,131,F1,1,,,,,
2026-07-16,2026-07-16,CM,NSE,STK,79,INE426A01027,ALEMBICLTD,EQ,,,,,ALEMBIC LIMITED,89.5,90.22,89.0,89.51,89.3,89.48,,89.51,,,383207,34330043.25,3122,F1,1,,,,,
2026-07-16,2026-07-16,CM,NSE,STK,25328,INE901L01018,APLLTD,EQ,,,,,ALEMBIC PHARMA LTD,851.0,855.4,837.1,839.75,842.85,850.05,,839.9,,,92763,78250785.05,8634,F1,1,,,,,
2026-07-16,2026-07-16,CM,NSE,STK,761270,INE598D01035,ALGOQUANT,EQ,,,,,ALGOQUANT FINTECH LIMITED,61.26,65.99,59.67,65.14,65.66,60.78,,65.13,,,5053941,320563892.75,29437,F1,1,,,,,
2026-07-16,2026-07-16,CM,NSE,STK,13656,INE062D01024,ALICON,EQ,,,,,ALICON CASTALLOY LIMITED,637.0,647.85,635.8,639.7,643.0,637.8,,639.7,,,7676,4914618.3,563,F1,1,,,,,
2026-07-16,2026-07-16,CM,NSE,STK,5265,INE03Q201024,ALIVUS,EQ,,,,,ALIVUS LIFE SCIENCES LTD,1170.0,1192.0,1150.2,1164.1,1164.0,1168.4,,1164.1,,,627185,741909967.5,24187,F1,1,,,,,
2026-07-16,2026-07-16,CM,NSE,STK,16963,INE773I01017,ALKALI,BE,,,,,ALKALI METALS LTD,86.29,86.29,82.9,84.0,84.0,86.35,,84.36,,,705,60302.75,35,F1,1,,,,,
2026-07-16,2026-07-16,CM,NSE,STK,11703,INE540L01014,ALKEM,EQ,,,,,ALKEM LABORATORIES LTD.,5659.5,5735.5,5642.5,5709.0,5704.0,5659.0,,5709.0,,,67610,385433725.0,11649,F1,1,,,,,
2026-07-16,2026-07-16,CM,NSE,STK,4487,INE150B01039,ALKYLAMINE,EQ,,,,,ALKYL AMINES CHEM. LTD,1917.8,1943.0,1870.9,1889.1,1900.0,1900.7,,1889.1,,,100136,191111017.5,15365,F1,1,,,,,
2026-07-16,2026-07-16,CM,NSE,STK,13212,INE0M2X01012,ALLETEC,ST,,,,,ALL E TECHNOLOGIES LTD,142.35,143.0,138.9,139.95,141.0,143.1,,139.95,,,7200,1020700.0,17,F1,400,,,,,
2026-07-16,2026-07-16,CM,NSE,STK,758448,INE0GV601021,ALLTIME,EQ,,,,,ALL TIME PLASTICS LIMITED,244.42,251.0,241.98,245.41,245.0,240.19,,245.41,,,53396,13191896.18,1643,F1,1,,,,,
2026-07-16,2026-07-16,CM,NSE,STK,763786,INE1YPB01014,AGL,BE,,,,,ALLCARGO GLOBAL LIMITED,13.52,14.37,13.21,13.21,13.21,13.9,,13.22,,,2700362,36092657.55,3141,F1,1,,,,,
2026-07-16,2026-07-16,CM,NSE,STK,13501,INE418H01029,ALLCARGO,EQ,,,,,ALLCARGO LOGISTICS LTD,8.02,8.06,7.9,7.95,7.92,8.02,,7.95,,,3274551,26153501.62,3307,F1,1,,,,,
2026-07-16,2026-07-16,CM,NSE,STK,17778,INE0NN701020,ATL,EQ,,,,,ALLCARGO TERMINALS LTD,23.31,23.91,22.85,23.05,23.05,23.5,,23.05,,,147068,3423118.5,961,F1,1,,,,,
2026-07-16,2026-07-16,CM,NSE,STK,11798,INE835G01018,ALLDIGI,EQ,,,,,ALLDIGI TECH LIMITED,824.3,826.4,814.0,817.4,814.05,820.15,,817.15,,,1539,1257766.4,168,F1,1,,,,,
2026-07-16,2026-07-16,CM,NSE,STK,24308,INE552Z01027,ABDL,EQ,,,,,ALLIED BLEND N DISTILS L,623.95,637.0,615.0,628.8,631.35,620.45,,628.8,,,393642,246026517.55,16939,F1,1,,,,,
2026-07-16,2026-07-16,CM,NSE,STK,14813,INE102I01027,ADSL,EQ,,,,,ALLIED DIGITAL SERV. LTD,122.4,123.26,119.94,120.72,120.2,121.45,,120.72,,,186877,22641636.61,3091,F1,1,,,,,
2026-07-16,2026-07-16,CM,NSE,STK,16719,INE326B01035,ALMONDZ,EQ,,,,,ALMONDZ GLOBAL SEC LTD,13.2,13.38,13.06,13.18,13.16,13.18,,13.18,,,49799,658343.11,73,F1,1,,,,,
2026-07-16,2026-07-16,CM,NSE,STK,17675,INE270A01029,ALOKINDS,EQ,,,,,ALOK INDUSTRIES LIMITED,12.89,12.89,12.48,12.52,12.51,12.54,,12.52,,,4371530,55036363.46,6086,F1,1,,,,,
2026-07-16,2026-07-16,CM,NSE,STK,14848,INE385I01010,ALPA,EQ,,,,,ALPA LABORATORIES LTD,71.66,73.75,68.53,68.9,69.0,71.66,,68.88,,,16487,1157167.93,348,F1,1,,,,,
2026-07-16,2026-07-16,CM,NSE,STK,22688,INE0R4701017,ALPEXSOLAR,SM,,,,,ALPEX SOLAR LIMITED,898.0,908.0,860.0,862.45,861.9,888.0,,862.45,,,44700,39084720.0,357,F1,100,,,,,
2026-07-16,2026-07-16,CM,NSE,STK,14597,INE137C01018,ALPHAGEO,EQ,,,,,ALPHAGEO (INDIA) LIMITED,200.95,205.0,196.57,200.64,202.0,199.67,,200.63,,,4742,943052.51,95,F1,1,,,,,
2026-07-16,2026-07-16,CM,NSE,STK,23474,INE0STM01017,ALUWIND,SM,,,,,ALUWIND INFRA-TECH LTD,44.65,46.7,44.5,45.1,46.7,46.5,,45.1,,,6000,270525.0,3,F1,1500,,,,,
2026-07-16,2026-07-16,CM,NSE,STK,760740,INE121R01077,AMAGI,EQ,,,,,AMAGI MEDIA LABS LIMITED,568.6,607.0,565.6,598.95,600.0,561.35,,599.0,,,587436,347879733.8,28036,F1,1,,,,,
2026-07-16,2026-07-16,CM,NSE,STK,758910,INE084K01015,AMANTA,BE,,,,,AMANTA HEALTHCARE LIMITED,165.27,165.27,165.27,165.27,165.27,168.64,,165.69,,,11425,1888209.75,130,F1,1,,,,,
2026-07-16,2026-07-16,CM,NSE,STK,100,INE885A01032,ARE&M,EQ,,,,,AMARA RAJA ENERGY MOB LTD,906.8,917.0,896.1,901.45,903.8,900.85,,901.45,,,693160,626847131.7,26074,F1,1,,,,,
2026-07-16,2026-07-16,CM,NSE,STK,763256,INE293601014,AMBAAUTO,SM,,,,,AMBA AUTO SALES AND SER L,86.6,88.8,85.0,85.15,85.0,86.95,,85.15,,,43000,3677700.0,19,F1,1000,,,,,
2026-07-16,2026-07-16,CM,NSE,STK,762543,INE432A01017,AMBALALSA,EQ,,,,,AMBALAL SARABHAI ENT L,31.18,31.8,30.91,31.22,31.25,31.18,,31.2,,,18242,570876.21,225,F1,1,,,,,
2026-07-16,2026-07-16,CM,NSE,STK,1185,INE371P01015,AMBER,EQ,,,,,AMBER ENTERPRISES (I) LTD,7910.5,8095.0,7779.0,8016.5,8010.0,7850.5,,8016.5,,,598369,4772108282.5,55662,F1,1,,,,,
2026-07-16,2026-07-16,CM,NSE,STK,11496,INE792B01012,AMBICAAGAR,EQ,,,,,AMBICA AGAR & AROMAINDLTD,25.0,25.0,24.52,25.0,25.0,25.23,,24.64,,,132,3285.71,15,F1,1,,,,,
2026-07-16,2026-07-16,CM,NSE,STK,15234,INE540G01014,AMBIKCO,EQ,,,,,AMBIKA COTTON MILL LTD.,1750.8,1764.9,1719.2,1733.7,1730.0,1750.8,,1733.6,,,3521,6119566.0,617,F1,1,,,,,
2026-07-16,2026-07-16,CM,NSE,STK,1270,INE079A01024,AMBUJACEM,EQ,,,,,AMBUJA CEMENTS LTD,438.0,440.3,432.5,433.6,433.55,435.25,,433.6,,,1467915,640378886.4,41306,F1,1,,,,,
2026-07-16,2026-07-16,CM,NSE,STK,14398,INE005I01014,AMDIND,EQ,,,,,AMD INDUSTRIES LIMITED,44.5,45.9,44.5,44.71,44.91,45.0,,44.89,,,6862,306852.73,193,F1,1,,,,,
2026-07-16,2026-07-16,CM,NSE,STK,10898,INE0KT901015,AMEYA,SM,,,,,AMEYA PRECISION ENG LTD,113.5,113.5,113.5,113.5,113.5,111.0,,113.5,,,1000,113500.0,1,F1,1000,,,,,
2026-07-16,2026-07-16,CM,NSE,STK,19867,INE275D01022,AMNPLST,EQ,,,,,AMINES & PLASTICIZERS LTD,202.0,205.0,200.07,201.0,204.78,203.6,,201.09,,,4249,859914.37,192,F1,1,,,,,
2026-07-16,2026-07-16,CM,NSE,STK,761670,INE05TO01019,AMIRCHAND,EQ,,,,,AMIR CHAND JAG KUM (E) L,172.45,179.21,172.02,179.17,179.2,170.68,,179.2,,,1465165,261694246.42,4829,F1,1,,,,,
2026-07-16,2026-07-16,CM,NSE,STK,2598,INE606A01024,AMJLAND,EQ,,,,,AMJ LAND HOLDINGS LIMITED,38.65,38.65,37.32,37.92,38.0,38.28,,37.96,,,2612,99128.46,111,F1,1,,,,,
2026-07-16,2026-07-16,CM,NSE,STK,17547,INE098F01031,AMRUTANJAN,EQ,,,,,AMRUTAJAN HEALTH LTD,534.0,537.4,530.4,534.65,534.9,533.95,,534.65,,,16358,8735331.3,1038,F1,1,,,,,
2026-07-16,2026-07-16,CM,NSE,STK,759956,INE549H01021,ARSSBL,EQ,,,,,ANAND RATHI SH N STK BR L,560.0,561.3,543.2,544.85,544.0,556.05,,544.85,,,220665,121299461.95,5935,F1,1,,,,,
2026-07-16,2026-07-16,CM,NSE,STK,7145,INE463V01026,ANANDRATHI,EQ,,,,,ANAND RATHI WEALTH LTD,2100.0,2100.0,2052.8,2079.6,2084.9,2081.8,,2079.6,,,286102,593981178.5,24181,F1,1,,,,,
2026-07-16,2026-07-16,CM,NSE,STK,13620,INE242C01024,ANANTRAJ,EQ,,,,,ANANT RAJ LIMITED,575.7,585.85,571.0,573.95,575.0,573.2,,573.95,,,1633835,943414082.5,32838,F1,1,,,,,
2026-07-16,2026-07-16,CM,NSE,STK,759363,INE1UA823019,ANANTAM,IV,,,,,ANANTAM HIGHWAYS TRUST,105.38,105.39,104.88,104.98,105.0,104.87,,104.98,,,1418,148791.2,39,F1,1,,,,,
2026-07-16,2026-07-16,CM,NSE,STK,758427,INE0VG001016,AMCL,SM,,,,,ANB METAL CAST LIMITED,376.95,439.95,376.95,418.45,439.95,375.7,,418.45,,,1200,485560.0,3,F1,400,,,,,
2026-07-16,2026-07-16,CM,NSE,STK,15420,INE666E01020,ACL,EQ,,,,,ANDHRA CEMENTS LIMITED,49.2,50.18,49.1,49.12,49.1,49.19,,49.13,,,15811,786017.31,170,F1,1,,,,,
2026-07-16,2026-07-16,CM,NSE,STK,166,INE435A01051,ANDHRAPAP,EQ,,,,,ANDHRA PAPER LIMITED,62.36,62.98,61.81,62.12,61.81,62.35,,62.12,,,26321,1642011.31,353,F1,1,,,,,
2026-07-16,2026-07-16,CM,NSE,STK,136,INE715B01021,ANDHRSUGAR,EQ,,,,,ANDHRA SUGARS LTD,85.45,85.98,84.31,84.54,84.7,85.17,,84.54,,,78143,6634269.82,1045,F1,1,,,,,
2026-07-16,2026-07-16,CM,NSE,STK,324,INE732I01021,ANGELONE,EQ,,,,,ANGEL ONE LIMITED,347.05,355.3,332.75,334.8,334.75,343.4,,334.8,,,24218915,8281733364.85,186961,F1,1,,,,,
2026-07-16,2026-07-16,CM,NSE,STK,482,INE635Y01015,AISL,SM,,,,,ANI INTEGRATED SERV LTD.,54.0,54.0,54.0,54.0,54.0,55.3,,54.0,,,600,32400.0,1,F1,600,,,,,
2026-07-16,2026-07-16,CM,NSE,STK,16661,INE087B01017,ANIKINDS,BE,,,,,ANIK INDUSTRIES LTD,43.2,44.39,42.5,43.99,43.99,43.23,,43.99,,,16495,712385.04,50,F1,1,,,,,
2026-07-16,2026-07-16,CM,NSE,STK,20453,INE071F01012,APCL,EQ,,,,,ANJANI PORTLAND CEM LTD,103.1,105.73,102.16,102.41,102.25,103.52,,102.33,,,5248,542435.73,87,F1,1,,,,,
2026-07-16,2026-07-16,CM,NSE,STK,25878,INE106I01010,ANKITMETAL,BZ,,,,,ANKIT MET & POW LTD,1.45,1.47,1.44,1.45,1.45,1.49,,1.45,,,19315,28005.31,49,F1,1,,,,,
2026-07-16,2026-07-16,CM,NSE,STK,758968,INE0Y8W01025,AHCL,EQ,,,,,ANLON HEALTHCARE LIMITED,15.09,15.36,14.95,15.18,15.25,15.16,,15.18,,,3088810,46564012.78,3608,F1,1,,,,,
2026-07-16,2026-07-16,CM,NSE,STK,13664,INE0LR101013,ANLON,ST,,,,,ANLON TECHNOLOGY SOL LTD,622.0,623.05,622.0,623.05,623.05,621.0,,623.05,,,2800,1742060.0,5,F1,400,,,,,
2026-07-16,2026-07-16,CM,NSE,STK,3727,INE02AR01019,ANMOL,EQ,,,,,ANMOL INDIA LIMITED,11.05,11.05,10.71,10.79,10.72,10.94,,10.79,,,38725,422309.57,124,F1,1,,,,,
2026-07-16,2026-07-16,CM,NSE,STK,11198,INE0MGM01017,ANNAPURNA,SM,,,,,ANNAPURNA SWADISHT LTD,134.0,137.0,133.05,135.45,135.0,134.7,,135.45,,,23250,3152812.5,49,F1,250,,,,,
2026-07-16,2026-07-16,CM,NSE,STK,758740,INE0VTV01012,ANONDITA,SM,,,,,ANONDITA MEDICARE LIMITED,1199.95,1207.95,1160.0,1168.95,1160.0,1182.65,,1168.95,,,14600,17280590.0,50,F1,200,,,,,
2026-07-16,2026-07-16,CM,NSE,STK,19677,INE436A01026,ANSALAPI,BZ,,,,,ANSAL PROP & INFRA LTD,2.73,2.73,2.73,2.73,2.73,2.68,,3.55,,,429,1171.17,2,F1,1,,,,,
2026-07-16,2026-07-16,CM,NSE,STK,5194,INE414B01021,ANTGRAPHIC,EQ,,,,,ANTARCTICA LTD,0.79,0.79,0.72,0.77,0.76,0.77,,0.77,,,211460,161768.86,163,F1,1,,,,,
2026-07-16,2026-07-16,CM,NSE,STK,13598,INE818A01017,ANTELOPUS,EQ,,,,,ANTELOPUS SELAN ENRGY LTD,827.3,847.8,810.85,820.75,821.95,827.3,,820.75,,,78269,64690024.55,4160,F1,1,,,,,
2026-07-16,2026-07-16,CM,NSE,STK,757885,INE0CZ201020,ANTHEM,EQ,,,,,ANTHEM BIOSCIENCES LTD,754.8,760.5,749.25,758.95,759.0,750.8,,758.95,,,648429,488310084.1,43347,F1,1,,,,,
2026-07-16,2026-07-16,CM,NSE,STK,1797,INE01BK01022,AWHCL,EQ,,,,,ANTONY WASTE HDG CELL LTD,457.6,458.35,450.0,451.65,451.85,456.8,,451.65,,,47783,21682713.65,2085,F1,1,,,,,
2026-07-16,2026-07-16,CM,NSE,STK,28314,INE489G01022,ANUHPHR,EQ,,,,,ANUH PHARMA LIMITED,80.69,80.69,79.27,80.14,79.51,80.13,,79.85,,,16266,1300866.27,391,F1,1,,,,,
2026-07-16,2026-07-16,CM,NSE,STK,2829,INE930P01018,ANURAS,EQ,,,,,ANUPAM RASAYAN INDIA LTD,1274.0,1279.0,1259.9,1269.0,1268.3,1267.8,,1269.0,,,317027,401913045.3,6114,F1,1,,,,,
2026-07-16,2026-07-16,CM,NSE,STK,28983,INE0SI601032,ANYA,SM,,,,,ANYA POLYTECH & FERTI LTD,15.3,15.3,15.3,15.3,15.3,15.8,,15.3,,,10000,153000.0,2,F1,5000,,,,,
2026-07-16,2026-07-16,CM,NSE,STK,758904,INF1J2R01114,AONEGOLD,EQ,,,,,AONEAMC - AONEGOLD,13.28,13.28,13.12,13.14,13.15,13.16,,13.14,,,220058,2894550.03,1069,F1,1,,,,,
2026-07-16,2026-07-16,CM,NSE,STK,30472,INF1J2R01056,AONELIQUID,EQ,,,,,AONEAMC - AONELIQUID,1068.33,1068.34,1068.31,1068.33,1068.34,1068.17,,1068.33,,,8679,9272078.01,73,F1,1,,,,,
2026-07-16,2026-07-16,CM,NSE,STK,757096,INF1J2R01064,AONENIFTY,EQ,,,,,AONEAMC - AONENIFTY,10.04,10.04,9.91,9.92,9.96,9.91,,9.92,,,92272,917117.93,924,F1,1,,,,,
2026-07-16,2026-07-16,CM,NSE,STK,760193,INF1J2R01171,AONESILVER,EQ,,,,,AONEAMC - AONESILVER,8.37,8.37,8.25,8.29,8.29,8.35,,8.29,,,301831,2501229.07,961,F1,1,,,,,
2026-07-16,2026-07-16,CM,NSE,STK,759992,INF1J2R01148,AONETMMQ50,EQ,,,,,AONEAMC - AONETMMQ50,10.21,10.21,10.04,10.1,10.1,10.16,,10.1,,,114410,1158267.76,242,F1,1,,,,,
2026-07-16,2026-07-16,CM,NSE,STK,29975,INF1J2R01015,AONETOTAL,EQ,,,,,AONEAMC - AONETOTAL,11.95,11.95,11.83,11.84,11.85,11.85,,11.84,,,824366,9792740.11,1216,F1,1,,,,,
2026-07-16,2026-07-16,CM,NSE,STK,11491,INE372A01015,APARINDS,EQ,,,,,APAR INDUSTRIES LTD.,14190.0,14250.0,13787.0,14205.0,14212.0,14136.0,,14205.0,,,86360,1211963408.0,23014,F1,1,,,,,
2026-07-16,2026-07-16,CM,NSE,STK,154,INE116A01032,APCOTEXIND,EQ,,,,,APCOTEX INDUSTRIES LIMITE,523.8,545.0,518.8,541.7,543.0,521.35,,541.7,,,118322,63663318.8,8606,F1,1,,,,,
2026-07-16,2026-07-16,CM,NSE,STK,27291,INE0T4V01015,APEXECO,ST,,,,,APEX ECOTECH LIMITED,266.0,266.0,260.3,265.55,265.55,273.95,,265.55,,,10400,2719720.0,13,F1,800,,,,,
2026-07-16,2026-07-16,CM,NSE,STK,21623,INE346W01013,APEX,EQ,,,,,APEX FROZEN FOODS LIMITED,409.0,417.75,405.5,407.05,408.0,408.05,,407.05,,,193467,79481681.1,7610,F1,1,,,,,
2026-07-16,2026-07-16,CM,NSE,STK,25780,INE702C01027,APLAPOLLO,EQ,,,,,APL APOLLO TUBES LTD,1817.1,1820.7,1790.0,1792.5,1794.6,1817.2,,1792.5,,,354991,639860246.5,15801,F1,1,,,,,
2026-07-16,2026-07-16,CM,NSE,STK,757176,INE0TLC07036,930APMD35,N0,,,,,APMD 9.30% 2035 STRPP I,106555.0,106555.0,106555.0,106555.0,106555.0,106555.0,,106555.0,,,5,532775.0,2,F1,1,,,,,
2026-07-16,2026-07-16,CM,NSE,STK,157,INE437A01024,APOLLOHOSP,EQ,,,,,APOLLO HOSPITALS ENTER. L,8930.5,8944.5,8851.5,8888.0,8890.0,8934.0,,8888.0,,,234384,2084873931.5,32414,F1,1,,,,,
2026-07-16,2026-07-16,CM,NSE,STK,1134,INE713T01028,APOLLO,EQ,,,,,APOLLO MICRO SYSTEMS LTD,406.0,406.75,395.5,398.4,398.0,404.75,,398.4,,,4383003,1752972732.4,45271,F1,1,,,,,
2026-07-16,2026-07-16,CM,NSE,STK,14361,INE126J01016,APOLLOPIPE,EQ,,,,,APOLLO PIPES LIMITED,517.8,520.0,499.0,504.2,504.0,513.05,,504.25,,,133350,67248528.55,3833,F1,1,,,,,
2026-07-16,2026-07-16,CM,NSE,STK,6302,INE451F01024,APOLSINHOT,EQ,,,,,APOLLO SINDOORI HOTEL LTD,1340.0,1344.0,1269.9,1290.3,1290.0,1369.2,,1290.3,,,9031,11704795.9,929,F1,1,,,,,
2026-07-16,2026-07-16,CM,NSE,STK,163,INE438A01022,APOLLOTYRE,EQ,,,,,APOLLO TYRES LTD,429.5,437.25,428.0,432.05,432.0,427.0,,432.05,,,923839,399348107.4,24760,F1,1,,,,,
2026-07-16,2026-07-16,CM,NSE,STK,760364,INE0M2307321,915APSBC27,N0,,,,,APSBC 9.15% 2027 STRPP B,101600.0,101600.0,101600.0,101600.0,101600.0,101600.0,,101600.0,,,2,203200.0,2,F1,1,,,,,
2026-07-16,2026-07-16,CM,NSE,STK,760366,INE0M2307370,915APSBC28,N0,,,,,APSBC 9.15% 2028 STRPP C,102348.36,102348.36,102348.36,102348.36,102348.36,102333.29,,102348.36,,,3,307045.08,3,F1,1,,,,,
2026-07-16,2026-07-16,CM,NSE,STK,760372,INE0M2307388,915APSBC31,N0,,,,,APSBC 9.15% 2031 STRPP F,102890.0,102890.0,102890.0,102890.0,102890.0,102810.0,,102890.0,,,10,1028900.0,4,F1,1,,,,,
2026-07-16,2026-07-16,CM,NSE,STK,760380,INE0M2307396,915APSBC35,N0,,,,,APSBC 9.15% 2035 STRPP J,105088.36,105370.36,105088.36,105370.36,105370.36,104458.22,,105370.36,,,104,10957389.44,4,F1,1,,,,,
2026-07-16,2026-07-16,CM,NSE,STK,761435,INE1OOJ01011,APSISAERO,ST,,,,,APSIS AEROCOM LIMITED,393.9,393.9,378.5,378.5,378.5,386.2,,378.5,,,43200,16766220.0,32,F1,1200,,,,,
2026-07-16,2026-07-16,CM,NSE,STK,14074,INE266F01018,APTECHT,BE,,,,,APTECH LIMITED,98.0,99.45,96.1,96.89,97.01,96.88,,96.85,,,40102,3913508.29,397,F1,1,,,,,
2026-07-16,2026-07-16,CM,NSE,STK,5435,INE852O01025,APTUS,EQ,,,,,APTUS VALUE HSG FIN I LTD,297.7,300.9,294.1,299.95,300.3,295.6,,299.95,,,1512587,451427021.5,27417,F1,1,,,,,
2026-07-16,2026-07-16,CM,NSE,STK,23365,INE416A01051,AQYLON,EQ,,,,,AQYLON NEXUS LIMITED,35.55,36.99,34.87,35.2,35.0,36.7,,35.17,,,1571541,55350078.19,3719,F1,1,,,,,
2026-07-16,2026-07-16,CM,NSE,STK,19253,INE08NJ01024,ARABIAN,SM,,,,,ARABIAN PETROLEUM LIMITED,67.25,67.25,67.25,67.25,67.25,67.25,,67.25,,,2000,134500.0,1,F1,2000,,,,,
2026-07-16,2026-07-16,CM,NSE,STK,758673,INE0YDV01010,ARCIIL,ST,,,,,ARC INSULATION & INSU LTD,40.55,40.9,39.3,39.3,39.3,40.55,,39.3,,,7000,281800.0,6,F1,1000,,,,,
2026-07-16,2026-07-16,CM,NSE,STK,12024,INE128X01021,ACI,EQ,,,,,ARCHEAN CHEMICAL IND LTD,550.0,576.6,544.1,549.15,549.75,543.8,,549.65,,,844231,470809306.8,39129,F1,1,,,,,
2026-07-16,2026-07-16,CM,NSE,STK,245,INE0CHO01012,ADL,EQ,,,,,ARCHIDPLY DECOR LIMITED,69.5,73.39,68.43,73.39,73.39,69.99,,68.58,,,14,997.18,9,F1,1,,,,,
2026-07-16,2026-07-16,CM,NSE,STK,16795,INE877I01016,ARCHIDPLY,EQ,,,,,ARCHIDPLY IND. LTD,80.25,83.7,78.55,80.54,80.1,81.82,,80.52,,,12581,1006822.42,223,F1,1,,,,,
2026-07-16,2026-07-16,CM,NSE,STK,5688,INE731A01020,ARCHIES,EQ,,,,,ARCHIES LTD,14.15,14.44,14.01,14.1,14.05,14.15,,14.1,,,14498,203907.44,77,F1,1,,,,,
2026-07-16,2026-07-16,CM,NSE,STK,758700,INE784R01023,ARFIN,EQ,,,,,ARFIN INDIA LIMITED,87.0,89.34,85.67,88.19,88.0,86.56,,88.22,,,2120969,183023085.59,4999,F1,1,,,,,
2026-07-16,2026-07-16,CM,NSE,STK,13092,INE0L2Y01011,ARHAM,SM,,,,,ARHAM TECHNOLOGIES LTD,137.0,137.0,136.0,136.2,136.0,137.5,,136.2,,,12000,1638050.0,10,F1,1000,,,,,
2026-07-16,2026-07-16,CM,NSE,STK,15204,INE298I01015,ARIES,EQ,,,,,ARIES AGRO LTD.,345.4,349.65,341.05,344.15,342.0,345.4,,343.95,,,12315,4237400.25,507,F1,1,,,,,
2026-07-16,2026-07-16,CM,NSE,STK,3813,INE420B01036,ARIHANTCAP,EQ,,,,,ARIHANT CAPITAL MKTS LTD,71.95,72.88,70.38,70.71,70.5,71.96,,70.71,,,139642,9995967.95,1014,F1,1,,,,,
2026-07-16,2026-07-16,CM,NSE,STK,13885,INE413D01011,ARIHANT,EQ,,,,,ARIHANT FOUN & HOU LTD,780.2,804.0,770.1,793.1,798.0,797.55,,793.2,,,23732,18698739.45,613,F1,1,,,,,
2026-07-16,2026-07-16,CM,NSE,STK,20159,INE643K01018,ARIHANTSUP,EQ,,,,,ARIHANT SUPERSTRUCT LTD,267.3,267.3,256.6,259.9,258.2,265.9,,260.15,,,27312,7115969.1,417,F1,1,,,,,
2026-07-16,2026-07-16,CM,NSE,STK,757614,INE0H9P01028,ARIS,EQ,,,,,ARISINFRA SOLUTIONS LTD,108.41,122.35,108.01,113.41,111.8,106.78,,113.4,,,5392507,625262059.76,41398,F1,1,,,,,
2026-07-16,2026-07-16,CM,NSE,STK,13931,INE082101010,ARISTO,ST,,,,,ARISTO BIO T AND LIFESC L,110.0,110.0,110.0,110.0,110.0,104.8,,110.0,,,2400,264000.0,3,F1,800,,,,,
2026-07-16,2026-07-16,CM,NSE,STK,25398,INE0QRL01017,ARKADE,EQ,,,,,ARKADE DEVELOPERS LIMITED,139.89,139.89,137.2,137.59,137.99,138.74,,137.58,,,246782,34074721.78,2637,F1,1,,,,,
2026-07-16,2026-07-16,CM,NSE,STK,17263,INE109C01017,ARMANFIN,EQ,,,,,ARMAN FIN SERV LTD,1991.0,2011.4,1957.0,1961.8,1960.0,1995.4,,1961.8,,,42071,83291189.4,3491,F1,1,,,,,
2026-07-16,2026-07-16,CM,NSE,STK,760752,INE0TZX01019,ARMOUR,ST,,,,,ARMOUR SECURITY (INDIA) L,18.0,18.7,18.0,18.7,18.7,18.9,,18.7,,,6000,109400.0,3,F1,2000,,,,,
2026-07-16,2026-07-16,CM,NSE,STK,14557,INE210C01013,AROGRANITE,EQ,,,,,ARO GRANITE IND. LTD.,25.7,25.89,24.75,25.11,25.2,25.71,,25.07,,,6434,162663.43,61,F1,1,,,,,
2026-07-16,2026-07-16,CM,NSE,STK,9264,INE570D01018,ARROWGREEN,BE,,,,,ARROW GREENTECH LIMITED,696.3,696.3,675.45,693.55,690.2,686.35,,693.45,,,18831,12992817.3,289,F1,1,,,,,
2026-07-16,2026-07-16,CM,NSE,STK,29015,INE968D01022,ARSHIYA,BZ,,,,,ARSHIYA LIMITED,1.06,1.07,1.0,1.01,1.02,1.05,,1.01,,,281741,285176.0,120,F1,1,,,,,
2026-07-16,2026-07-16,CM,NSE,STK,6156,INE738V01013,ARTNIRMAN,EQ,,,,,ART NIRMAN LIMITED,40.67,40.67,39.02,39.12,39.1,40.71,,39.12,,,2028,79507.09,21,F1,1,,,,,
2026-07-16,2026-07-16,CM,NSE,STK,761330,INE757T01025,AEPL,EQ,,,,,ARTEMIS ELECTRICALS & P L,16.3,16.3,15.53,16.04,16.02,15.56,,16.04,,,18833,302354.9,132,F1,1,,,,,
2026-07-16,2026-07-16,CM,NSE,STK,16913,INE025R01021,ARTEMISMED,EQ,,,,,ARTEMIS MED SERVICE LTD,276.2,280.9,274.05,275.4,274.25,276.2,,275.4,,,92772,25783846.25,2570,F1,1,,,,,
2026-07-16,2026-07-16,CM,NSE,STK,756899,INE0TTG01017,ARUNAYA,ST,,,,,ARUNAYA ORGANICS LIMITED,16.45,16.45,16.1,16.1,16.1,16.9,,16.1,,,12000,194500.0,6,F1,2000,,,,,
2026-07-16,2026-07-16,CM,NSE,STK,2814,INE006Z01016,ARVEE,EQ,,,,,ARVEE LABORATORIES I LTD,161.1,161.1,158.01,158.01,158.01,161.1,,158.01,,,103,16423.64,12,F1,1,,,,,
2026-07-16,2026-07-16,CM,NSE,STK,9111,INE955V01021,ARVINDFASN,EQ,,,,,ARVIND FASHIONS LIMITED,471.7,474.65,467.3,469.2,470.0,473.5,,469.2,,,202693,95168430.7,15977,F1,1,,,,,
2026-07-16,2026-07-16,CM,NSE,STK,193,INE034A01011,ARVIND,EQ,,,,,ARVIND LIMITED,541.0,553.0,533.0,535.5,538.0,541.0,,535.5,,,534606,288201187.6,24625,F1,1,,,,,
2026-07-16,2026-07-16,CM,NSE,STK,19587,INE0P4T01013,ARVINDPORT,ST,,,,,ARVIND PORT AND INFRA LTD,28.5,30.0,28.5,28.85,28.8,30.0,,28.85,,,13500,390750.0,9,F1,1500,,,,,
2026-07-16,2026-07-16,CM,NSE,STK,10457,INE034S01021,ARVSMART,EQ,,,,,ARVIND SMARTSPACES LTD,601.55,605.7,598.0,599.2,600.65,604.9,,599.2,,,14065,8449028.2,954,F1,1,,,,,
2026-07-16,2026-07-16,CM,NSE,STK,5378,INE439A01020,ASAHIINDIA,EQ,,,,,ASAHI INDIA GLASS LIMITED,928.0,928.0,892.0,897.9,896.0,917.5,,897.85,,,93969,84862700.45,7288,F1,1,,,,,
2026-07-16,2026-07-16,CM,NSE,STK,25088,INE228I01012,ASAHISONG,EQ,,,,,ASAHI SONGWON COLOR LTD,275.45,283.3,271.55,272.2,272.0,275.35,,272.2,,,4667,1295089.55,273,F1,1,,,,,
2026-07-16,2026-07-16,CM,NSE,STK,24711,INE0LAA01017,ASHALOG,SM,,,,,ASHAPURA LOGISTICS LTD,55.0,55.5,53.75,53.75,53.75,55.5,,53.75,,,9000,496400.0,7,F1,1000,,,,,
2026-07-16,2026-07-16,CM,NSE,STK,203,INE348A01023,ASHAPURMIN,EQ,,,,,ASHAPURA MINECHEM LTD,701.05,714.4,701.05,703.55,703.95,700.35,,703.5,,,282093,199266529.55,9712,F1,1,,,,,
2026-07-16,2026-07-16,CM,NSE,STK,24403,INE365D01021,ASHIANA,EQ,,,,,ASHIANA HOUSING LTD,377.35,381.4,373.8,378.45,376.05,377.35,,378.45,,,14215,5363703.95,1020,F1,1,,,,,
2026-07-16,2026-07-16,CM,NSE,STK,762548,INE094B01013,ASHIKA,EQ,,,,,ASHIKA CREDIT CAPITAL L,400.0,406.95,400.0,402.0,401.2,398.25,,402.0,,,215853,86865565.55,1796,F1,1,,,,,
2026-07-16,2026-07-16,CM,NSE,STK,206,INE440A01010,ASHIMASYN,EQ,,,,,ASHIMA LTD,14.51,14.8,14.43,14.48,14.47,14.47,,14.48,,,66503,971948.03,214,F1,1,,,,,
2026-07-16,2026-07-16,CM,NSE,STK,212,INE208A01029,ASHOKLEY,EQ,,,,,ASHOK LEYLAND LTD,156.69,158.58,154.42,154.87,154.89,156.52,,154.87,,,14437695,2255751922.71,85876,F1,1,,,,,
2026-07-16,2026-07-16,CM,NSE,STK,20182,INE442H01029,ASHOKA,EQ,,,,,ASHOKA BUILDCON LTD,128.21,128.6,126.5,126.75,126.5,128.22,,126.76,,,388710,49358638.34,4667,F1,1,,,,,
2026-07-16,2026-07-16,CM,NSE,STK,16943,INE760Y01011,ASHOKAMET,EQ,,,,,ASHOKA METCAST LIMITED,14.2,14.56,14.2,14.38,14.35,14.4,,14.38,,,8815,126367.19,78,F1,1,,,,,
2026-07-16,2026-07-16,CM,NSE,STK,760418,INE1A6Q01010,ASHWINI,SM,,,,,ASHWINI CONTAINER MOVER L,200.05,200.3,200.0,200.0,200.0,200.3,,200.0,,,6000,1200700.0,5,F1,1000,,,,,
2026-07-16,2026-07-16,CM,NSE,STK,7030,INE276G01015,ASIANENE,EQ,,,,,ASIAN ENERGY SERVICES LTD,373.0,387.5,362.3,365.15,365.5,366.9,,365.2,,,692920,262192774.15,21630,F1,1,,,,,
2026-07-16,2026-07-16,CM,NSE,STK,14889,INE022I01019,ASIANTILES,EQ,,,,,ASIAN GRANITO IND. LTD.,48.23,48.62,47.35,47.58,47.58,48.18,,47.59,,,521979,25097356.28,2169,F1,1,,,,,
2026-07-16,2026-07-16,CM,NSE,STK,19438,INE926K01017,AHLEAST,EQ,,,,,ASIAN HOTELS (EAST) LTD,142.33,144.7,142.33,142.62,142.6,143.55,,142.62,,,425,60615.65,29,F1,1,,,,,
2026-07-16,2026-07-16,CM,NSE,STK,18422,INE363A01022,ASIANHOTNR,EQ,,,,,ASIAN HOTELS (NORTH) LTD,308.0,316.1,296.2,298.95,296.2,305.4,,298.95,,,20098,6098149.05,1010,F1,1,,,,,
2026-07-16,2026-07-16,CM,NSE,STK,19370,INE915K01010,AHLWEST,BE,,,,,ASIAN HOTELS (WEST) LTD,560.0,570.0,555.0,560.2,560.2,575.0,,560.2,,,431,241420.8,16,F1,1,,,,,
2026-07-16,2026-07-16,CM,NSE,STK,236,INE021A01026,ASIANPAINT,EQ,,,,,ASIAN PAINTS LIMITED,2688.0,2693.1,2660.1,2674.7,2668.0,2670.0,,2674.8,,,455037,1217685350.6,49814,F1,1,,,,,
2026-07-16,2026-07-16,CM,NSE,STK,762553,INE194D01017,ASTAR,EQ,,,,,ASIAN STAR CO. LTD.,629.9,629.9,629.9,629.9,629.9,638.9,,629.9,,,1,629.9,1,F1,1,,,,,
2026-07-16,2026-07-16,CM,NSE,STK,20152,INE491J01022,ASKAUTOLTD,EQ,,,,,ASK AUTOMOTIVE LIMITED,476.0,492.05,475.15,485.0,485.2,472.85,,485.0,,,894350,435548018.9,33866,F1,1,,,,,
2026-07-16,2026-07-16,CM,NSE,STK,17270,INE991I01015,ASPINWALL,EQ,,,,,ASPINWALL & CO LTD,264.25,264.9,251.0,256.8,255.6,267.35,,256.8,,,12957,3307753.71,432,F1,1,,,,,
2026-07-16,2026-07-16,CM,NSE,STK,23396,INE0S7801010,ASPIRE,SM,,,,,ASPIRE & INNOVATIVE ADV L,12.9,12.9,12.9,12.9,12.9,13.5,,12.9,,,2000,25800.0,1,F1,2000,,,,,
2026-07-16,2026-07-16,CM,NSE,STK,17598,INE073G01016,ASALCBR,EQ,,,,,ASSO ALCOHOLS & BREW LTD,821.4,830.2,808.6,813.95,818.0,825.05,,814.2,,,16177,13216973.3,1404,F1,1,,,,,
2026-07-16,2026-07-16,CM,NSE,STK,17728,INE563J01010,ASTEC,EQ,,,,,ASTEC LIFESCIENCES LTD,682.7,720.0,680.1,700.45,703.6,682.7,,700.45,,,186135,130890651.6,7482,F1,1,,,,,
2026-07-16,2026-07-16,CM,NSE,STK,1508,INE914M01019,ASTERDM,EQ,,,,,ASTER DM HEALTHCARE LTD.,826.0,834.0,805.3,812.1,810.5,824.6,,812.05,,,345746,281434753.65,18097,F1,1,,,,,
2026-07-16,2026-07-16,CM,NSE,STK,11618,INE386C01029,ASTRAMICRO,EQ,,,,,ASTRA MICROWAVE LTD,1754.4,1757.8,1704.0,1721.7,1728.0,1750.9,,1721.7,,,335644,578950222.6,23316,F1,1,,,,,
2026-07-16,2026-07-16,CM,NSE,STK,14418,INE006I01046,ASTRAL,EQ,,,,,ASTRAL LIMITED,1370.0,1389.7,1348.7,1377.0,1378.0,1359.8,,1377.0,,,727432,999417218.7,36201,F1,1,,,,,
2026-07-16,2026-07-16,CM,NSE,STK,5610,INE203A01020,ASTRAZEN,EQ,,,,,ASTRAZENECA PHARMA IND LT,8260.0,8260.0,8065.0,8086.0,8085.0,8228.5,,8087.0,,,5731,46580774.5,1868,F1,1,,,,,
2026-07-16,2026-07-16,CM,NSE,STK,880,INE646X01014,ASTRON,BE,,,,,ASTRON PAPER BORD MIL LTD,3.93,3.93,3.72,3.75,3.77,3.75,,3.75,,,4786,18016.56,50,F1,1,,,,,
2026-07-16,2026-07-16,CM,NSE,STK,15649,INE0ALR01029,ATALREAL,EQ,,,,,ATAL REALTECH LIMITED,30.2,30.99,29.89,30.64,30.57,30.21,,30.64,,,9790501,296758668.48,7523,F1,1,,,,,
2026-07-16,2026-07-16,CM,NSE,STK,15404,INE09KD01013,ATAM,EQ,,,,,ATAM VALVES LIMITED,68.01,69.9,67.16,68.49,69.0,67.98,,68.49,,,2350,160586.25,72,F1,1,,,,,
2026-07-16,2026-07-16,CM,NSE,STK,756405,INE0V0Q01019,ATCENERGY,ST,,,,,ATC ENERGIES SYSTEM LTD,23.5,23.5,23.5,23.5,23.5,23.4,,23.5,,,1200,28200.0,1,F1,1200,,,,,
2026-07-16,2026-07-16,CM,NSE,STK,757645,INE0LEZ01016,ATHERENERG,EQ,,,,,ATHER ENERGY LIMITED,1325.0,1345.0,1251.5,1267.1,1270.0,1296.4,,1267.0,,,10436460,13393828700.1,238717,F1,1,,,,,
2026-07-16,2026-07-16,CM,NSE,STK,760953,IN90NN701011,ATLPP,E1,,,,,ATL RE.0.50 PPD UP,8.8,9.32,8.8,8.8,8.8,8.8,,8.8,,,861,7660.29,10,F1,1,,,,,
2026-07-16,2026-07-16,CM,NSE,STK,759007,INE0Z4F01028,ATLANTAELE,EQ,,,,,ATLANTA ELECTRICALS LTD,1770.0,1770.6,1722.5,1746.0,1746.5,1741.4,,1746.0,,,47915,83785727.8,5690,F1,1,,,,,
2026-07-16,2026-07-16,CM,NSE,STK,13585,INE285H01022,ATLANTAA,EQ,,,,,ATLANTAA LIMITED,38.99,38.99,37.85,37.97,37.85,37.94,,37.97,,,39027,1491466.96,1287,F1,1,,,,,
2026-07-16,2026-07-16,CM,NSE,STK,4568,INE446A01025,ATLASCYCLE,EQ,,,,,ATLAS CYCLE (HARYANA) LTD,97.7,102.7,97.22,98.87,99.78,97.7,,98.87,,,2144,214448.62,142,F1,1,,,,,
2026-07-16,2026-07-16,CM,NSE,STK,22788,INE05DH01017,ATMASTCO,ST,,,,,ATMASTCO LIMITED,158.0,163.25,158.0,163.05,163.25,159.6,,163.05,,,9600,1546020.0,22,F1,400,,,,,
2026-07-16,2026-07-16,CM,NSE,STK,30023,INE951D01028,ATULAUTO,EQ,,,,,ATUL AUTO LIMITED,482.0,488.25,478.8,485.45,486.0,479.4,,485.35,,,58454,28301032.55,2727,F1,1,,,,,
2026-07-16,2026-07-16,CM,NSE,STK,263,INE100A01010,ATUL,EQ,,,,,ATUL LTD,6150.0,6178.0,6050.0,6114.0,6080.5,6110.0,,6114.0,,,31094,190042173.5,9886,F1,1,,,,,
2026-07-16,2026-07-16,CM,NSE,STK,21238,INE949L01017,AUBANK,EQ,,,,,AU SMALL FINANCE BANK LTD,1025.2,1045.0,1025.1,1035.1,1034.0,1040.6,,1035.1,,,610596,631823595.0,27109,F1,1,,,,,
2026-07-16,2026-07-16,CM,NSE,STK,12022,INE132H01018,AURIONPRO,EQ,,,,,AURIONPRO SOLN LTD,861.9,872.0,843.6,847.3,848.5,858.35,,847.3,,,65742,56068152.9,5095,F1,1,,,,,
2026-07-16,2026-07-16,CM,NSE,STK,15869,INE0NUL01018,AUROIMPEX,SM,,,,,AURO IMPEX & CHEMICALS L,25.55,25.55,25.1,25.15,25.15,24.65,,25.15,,,8000,202160.0,4,F1,1600,,,,,
2026-07-16,2026-07-16,CM,NSE,STK,275,INE406A01037,AUROPHARMA,EQ,,,,,AUROBINDO PHARMA LTD,1550.2,1565.0,1542.6,1548.4,1550.0,1550.2,,1548.4,,,924372,1435898023.5,71048,F1,1,,,,,
2026-07-16,2026-07-16,CM,NSE,STK,10310,INE898S01029,AURUM,EQ,,,,,AURUM PROPTECH LIMITED,253.15,256.88,239.0,241.19,240.05,250.82,,241.17,,,1565457,387230204.51,25001,F1,1,,,,,
2026-07-16,2026-07-16,CM,NSE,STK,31468,INE142K01011,AURUS,EQ,,,,,AURUS GEM CORP LIMITED,4.4,4.74,4.4,4.71,4.61,4.41,,4.7,,,31393,143399.18,269,F1,1,,,,,
2026-07-16,2026-07-16,CM,NSE,STK,9035,INE218C01016,AUSOMENT,BE,,,,,AUSOM ENTERPRISE LIMITED,125.25,128.45,122.34,127.99,128.0,125.24,,127.58,,,2177,275745.46,23,F1,1,,,,,
2026-07-16,2026-07-16,CM,NSE,STK,21451,INE0P0001010,APS,SM,,,,,AUSTRALIAN PREM SOLAR I L,294.1,298.65,286.0,295.0,298.65,293.45,,295.0,,,18250,5349287.5,59,F1,250,,,,,
2026-07-16,2026-07-16,CM,NSE,STK,23553,INE206F01022,AIIL,EQ,,,,,AUTHUM INVEST & INFRA LTD,503.8,528.0,498.55,519.65,521.9,501.95,,519.7,,,361111,186195250.1,18981,F1,1,,,,,
2026-07-16,2026-07-16,CM,NSE,STK,14110,INE718H01014,AUTOIND,BE,,,,,AUTOLINE INDUSTRIES LTD,96.5,99.0,92.5,95.04,94.9,94.45,,95.06,,,61278,5840790.38,466,F1,1,,,,,
2026-07-16,2026-07-16,CM,NSE,STK,278,INE449A01011,AUTOAXLES,EQ,,,,,AUTOMOTIVE AXLES LIMITED,1811.0,1848.0,1811.0,1837.9,1848.0,1818.8,,1837.8,,,9139,16734121.1,845,F1,1,,,,,
2026-07-16,2026-07-16,CM,NSE,STK,10634,INE900C01027,ASAL,EQ,,,,,AUTOMOTIVE STAMPINGS & AS,523.3,548.8,519.65,531.8,533.2,523.3,,531.8,,,118621,63524946.2,5421,F1,1,,,,,
2026-07-16,2026-07-16,CM,NSE,STK,21410,INE349W01017,AVADHSUGAR,BE,,,,,AVADH SUG & ENERGY LTD,539.5,544.8,528.0,532.7,537.0,532.3,,532.7,,,19650,10477839.6,236,F1,1,,,,,
2026-07-16,2026-07-16,CM,NSE,STK,15058,INE0LCL01028,AVALON,EQ,,,,,AVALON TECHNOLOGIES LTD,1685.0,1775.0,1680.5,1767.6,1767.0,1679.8,,1767.6,,,388554,674242048.2,33402,F1,1,,,,,
2026-07-16,2026-07-16,CM,NSE,STK,760736,INE1KU201016,AVANA,ST,,,,,AVANA ELECTROSYSTEMS LTD,142.05,146.05,142.05,146.0,146.05,139.1,,146.0,,,60000,8715800.0,29,F1,2000,,,,,
2026-07-16,2026-07-16,CM,NSE,STK,24610,INE005B01027,AVANTEL,EQ,,,,,AVANTEL LIMITED,177.75,178.1,170.81,173.02,173.24,177.38,,173.02,,,2474878,428892724.83,17192,F1,1,,,,,
2026-07-16,2026-07-16,CM,NSE,STK,7936,INE871C01038,AVANTIFEED,EQ,,,,,AVANTI FEEDS LIMITED,999.1,1050.0,991.4,1035.7,1037.9,989.2,,1035.7,,,2177113,2237617455.15,80651,F1,1,,,,,
2026-07-16,2026-07-16,CM,NSE,STK,19913,INE192R01011,DMART,EQ,,,,,AVENUE SUPERMARTS LIMITED,3930.0,3987.0,3930.0,3950.9,3951.0,3929.3,,3950.9,,,356588,1411169681.6,38899,F1,1,,,,,
2026-07-16,2026-07-16,CM,NSE,STK,16249,INE483S01020,CCAVENUE,EQ,,,,,AVENUESAI LIMITED,17.92,18.06,17.32,17.44,17.52,17.77,,17.44,,,9541425,167946359.85,13177,F1,1,,,,,
2026-07-16,2026-07-16,CM,NSE,STK,15638,INE680Z01018,AVG,BE,,,,,AVG LOGISTICS LIMITED,211.0,211.0,200.0,204.59,202.56,205.97,,204.58,,,11717,2391018.41,75,F1,1,,,,,
2026-07-16,2026-07-16,CM,NSE,STK,25520,INE0TFB01017,AVIANSH,SM,,,,,AVI ANSH TEXTILE LIMITED,102.5,102.5,102.0,102.0,102.0,102.1,,102.0,,,2000,204500.0,2,F1,1000,,,,,
2026-07-16,2026-07-16,CM,NSE,STK,755092,INE0V9I01017,AVIENCE,SM,,,,,AVIENCE BIOMEDICALS LTD,275.4,281.5,270.5,277.5,276.0,273.75,,277.5,,,30600,8481030.0,49,F1,600,,,,,
2026-07-16,2026-07-16,CM,NSE,STK,14069,INE855F01042,ASMS,BE,,,,,AVIO SMART MRKT STACK LTD,7.18,7.29,7.05,7.17,7.16,7.16,,7.16,,,77371,551024.94,283,F1,1,,,,,
2026-07-16,2026-07-16,CM,NSE,STK,13557,INE323B01024,AVONMORE,EQ,,,,,AVONMORE CAP&MGT SERV LTD,9.8,10.17,9.6,9.88,9.99,9.8,,9.88,,,202878,2007612.6,1194,F1,1,,,,,
2026-07-16,2026-07-16,CM,NSE,STK,23159,INE0R9401019,AVPINFRA,SM,,,,,AVP INFRACON LIMITED,55.0,58.0,54.5,57.95,58.0,55.25,,57.95,,,99200,5568720.0,105,F1,800,,,,,
2026-07-16,2026-07-16,CM,NSE,STK,8827,INE652Z01025,AVROIND,EQ,,,,,AVRO INDIA LIMITED,9.46,9.51,9.14,9.27,9.23,9.45,,9.26,,,141094,1318349.16,541,F1,1,,,,,
2026-07-16,2026-07-16,CM,NSE,STK,14008,INE488D01021,AVTNPL,EQ,,,,,AVT NATURAL PRODUCTS LTD,70.2,70.9,70.12,70.31,70.5,70.89,,70.31,,,13927,979912.37,230,F1,1,,,,,
2026-07-16,2026-07-16,CM,NSE,STK,23864,INE108V01019,AWFIS,EQ,,,,,AWFIS SPACE SOLUTIONS LTD,292.45,297.8,290.0,291.25,290.5,292.2,,291.25,,,186661,54536313.8,4048,F1,1,,,,,
2026-07-16,2026-07-16,CM,NSE,STK,8110,INE699H01024,AWL,EQ,,,,,AWL AGRI BUSINESS LIMITED,188.5,191.0,188.0,189.84,189.05,188.94,,189.83,,,1583149,300300132.64,16278,F1,1,,,,,
2026-07-16,2026-07-16,CM,NSE,STK,5900,INE238A01034,AXISBANK,EQ,,,,,AXIS BANK LIMITED,1315.1,1315.5,1299.4,1307.6,1308.5,1312.3,,1307.1,,,5001226,6528267498.8,83210,F1,1,,,,,
2026-07-16,2026-07-16,CM,NSE,STK,1044,INF846K01X63,BNKETFAXIS,EQ,,,,,AXISAMC-BNKETFAXIS,595.81,595.93,592.77,594.34,594.64,594.64,,594.34,,,270,160357.52,22,F1,1,,,,,
2026-07-16,2026-07-16,CM,NSE,STK,5732,INF846K016C7,CONSUMAXIS,EQ,,,,,AXISAMC-CONSUMAXIS,120.15,120.66,119.67,120.05,120.25,119.52,,120.05,,,2082,249990.29,12,F1,1,,,,,
2026-07-16,2026-07-16,CM,NSE,STK,20532,INF846K01W80,GOLDAXIS,EQ,,,,,AXISAMC-GOLDAXIS,116.86,117.53,116.86,117.38,117.38,117.24,,117.38,,,410079,48036008.37,2262,F1,1,,,,,
2026-07-16,2026-07-16,CM,NSE,STK,3608,INF846K01Z12,HEALTHAXIS,EQ,,,,,AXISAMC-HEALTHAXIS,168.14,168.85,167.27,168.11,168.17,168.03,,168.1,,,2108,354145.62,64,F1,1,,,,,
2026-07-16,2026-07-16,CM,NSE,STK,3010,INF846K01Y96,ITAXIS,EQ,,,,,AXISAMC-ITAXIS,316.99,319.67,314.74,315.87,318.35,313.56,,315.87,,,2734,870052.02,99,F1,1,,,,,
2026-07-16,2026-07-16,CM,NSE,STK,21252,INF846K01W98,NIFTYAXIS,EQ,,,,,AXISAMC-NIFTYAXIS,266.79,267.27,265.92,266.36,266.0,265.78,,266.36,,,2321,618405.76,100,F1,1,,,,,
2026-07-16,2026-07-16,CM,NSE,STK,14742,INF846K010Q0,SENSEXAXIS,EQ,,,,,AXISAMC-SENSEXAXIS,80.06,80.65,79.8,79.92,79.8,80.06,,79.92,,,2898,232211.82,52,F1,1,,,,,
2026-07-16,2026-07-16,CM,NSE,STK,11193,INF846K011K1,SILVERAXIS,EQ,,,,,AXISAMC-SILVERAXIS,222.48,222.48,214.4,215.18,216.3,217.06,,215.18,,,284058,61149116.31,2477,F1,1,,,,,
2026-07-16,2026-07-16,CM,NSE,STK,30155,INF846KA1119,VALUEAXIS,EQ,,,,,AXISAMC-VALUEAXIS,32.53,32.96,32.48,32.68,32.76,32.64,,32.68,,,55743,1821918.84,240,F1,1,,,,,
2026-07-16,2026-07-16,CM,NSE,STK,9436,INE555B01013,AXISCADES,EQ,,,,,AXISCADES TECH LTD,1600.0,1622.9,1557.0,1561.8,1560.0,1610.7,,1561.8,,,109558,173099023.9,7169,F1,1,,,,,
2026-07-16,2026-07-16,CM,NSE,STK,9902,INE02EZ01022,AXITA,EQ,,,,,AXITA COTTON LIMITED,7.54,7.54,7.38,7.4,7.41,7.5,,7.4,,,260847,1938271.18,1102,F1,1,,,,,
2026-07-16,2026-07-16,CM,NSE,STK,760981,INE501X01029,AYE,EQ,,,,,AYE FINANCE LIMITED,168.0,168.0,164.61,166.15,166.25,165.03,,166.15,,,303603,50462242.78,5314,F1,1,,,,,
2026-07-16,2026-07-16,CM,NSE,STK,10285,INE193B01039,AYMSYNTEX,EQ,,,,,AYM SYNTEX LIMITED,235.7,244.9,234.0,235.93,234.0,236.72,,235.88,,,13204,3119365.0,650,F1,1,,,,,
2026-07-16,2026-07-16,CM,NSE,STK,20905,INE02IJ01035,AZAD,EQ,,,,,AZAD ENGINEERING LIMITED,2368.0,2418.4,2345.6,2408.1,2402.0,2351.8,,2408.0,,,441196,1046870032.6,25459,F1,1,,,,,
2026-07-16,2026-07-16,CM,NSE,STK,762613,INE489D01011,BNALTD,EQ,,,,,B & A LTD.,508.7,539.55,461.85,539.55,539.55,449.65,,539.55,,,36335,19300853.15,1182,F1,1,,,,,
2026-07-16,2026-07-16,CM,NSE,STK,12153,INE01EE01011,BBTCL,EQ,,,,,B&B TRIPLEWALL CONT LTD,210.0,222.0,208.0,217.86,212.3,209.85,,218.13,,,10266,2188987.67,149,F1,1,,,,,
2026-07-16,2026-07-16,CM,NSE,STK,11226,INE116D01028,BAGFILMS,EQ,,,,,B.A.G FILMS AND MEDIA LTD,4.54,4.54,4.44,4.48,4.53,4.51,,4.48,,,29897,133689.56,130,F1,1,,,,,
2026-07-16,2026-07-16,CM,NSE,STK,759420,INE17CQ01015,BAGDIGITAL,SM,,,,,B.A.G.CONVERGENCE LIMITED,109.7,109.7,107.0,107.0,107.0,108.8,,107.0,,,44800,4894240.0,15,F1,1600,,,,,
2026-07-16,2026-07-16,CM,NSE,STK,13290,INE350H01032,BLKASHYAP,EQ,,,,,B.L.KASHYAP & SON LTD,60.6,61.4,59.0,59.19,59.12,60.93,,59.19,,,542716,32702730.97,3758,F1,1,,,,,
2026-07-16,2026-07-16,CM,NSE,STK,25116,INE01FR01028,STYLEBAAZA,BE,,,,,BAAZAR STYLE RETAIL LTD,301.5,301.85,294.0,299.65,300.0,300.3,,299.65,,,84126,25150289.4,557,F1,1,,,,,
2026-07-16,2026-07-16,CM,NSE,STK,20141,INE0QW501012,BABAFP,SM,,,,,BABA FOOD PROCESSING,24.0,24.0,24.0,24.0,24.0,24.0,,24.0,,,1600,38400.0,1,F1,1600,,,,,
2026-07-16,2026-07-16,CM,NSE,STK,17735,INE878I01022,BAFNAPH,BE,,,,,BAFNA PHARMACEUTICALS LTD,221.46,221.46,221.45,221.46,221.46,217.12,,224.6,,,762,168752.51,10,F1,1,,,,,
2026-07-16,2026-07-16,CM,NSE,STK,763363,INE2OVN25015,BAGMANE,RR,,,,,BAGMANE PRIME OFFICE REIT,104.25,104.55,103.85,104.48,104.5,104.1,,104.48,,,2732309,285320671.78,36838,F1,1,,,,,
2026-07-16,2026-07-16,CM,NSE,STK,12989,INE029Q01017,BAHETI,SM,,,,,BAHETI RECYCLING IND LTD,715.0,729.0,707.0,707.65,708.0,711.65,,707.65,,,27750,19860393.75,53,F1,375,,,,,
2026-07-16,2026-07-16,CM,NSE,STK,13794,INE020D01022,BAIDFIN,EQ,,,,,BAID FINSERV LIMITED,10.11,10.39,10.11,10.24,10.24,10.26,,10.24,,,21455,219992.18,90,F1,1,,,,,
2026-07-16,2026-07-16,CM,NSE,STK,16669,INE917I01010,BAJAJ-AUTO,EQ,,,,,BAJAJ AUTO LIMITED,10323.0,10395.0,10278.0,10331.5,10314.0,10323.0,,10331.5,,,407238,4205402802.0,45192,F1,1,,,,,
2026-07-16,2026-07-16,CM,NSE,STK,19531,INE933K01021,BAJAJCON,EQ,,,,,BAJAJ CONSUMER CARE LTD,566.0,583.65,540.05,553.7,551.0,568.45,,553.7,,,2596636,1449802182.7,65458,F1,1,,,,,
2026-07-16,2026-07-16,CM,NSE,STK,15034,INE193E01025,BAJAJELEC,EQ,,,,,BAJAJ ELECT.LTD,331.0,344.75,327.3,335.9,336.0,330.05,,335.9,,,313251,105542943.35,9020,F1,1,,,,,
2026-07-16,2026-07-16,CM,NSE,STK,317,INE296A01032,BAJFINANCE,EQ,,,,,BAJAJ FINANCE LIMITED,1024.0,1042.4,1021.2,1037.6,1036.5,1021.3,,1037.6,,,9079076,9396879163.2,124360,F1,1,,,,,
2026-07-16,2026-07-16,CM,NSE,STK,16675,INE918I01026,BAJAJFINSV,EQ,,,,,BAJAJ FINSERV LTD.,1843.6,1856.6,1827.7,1838.6,1832.0,1849.6,,1838.6,,,1669077,3069731666.3,97968,F1,1,,,,,
2026-07-16,2026-07-16,CM,NSE,STK,6863,INE411U01027,BAJAJHCARE,EQ,,,,,BAJAJ HEALTHCARE LIMITED,368.2,380.0,365.7,372.9,373.8,363.55,,372.9,,,686173,256954469.2,19087,F1,1,,,,,
2026-07-16,2026-07-16,CM,NSE,STK,308,INE306A01021,BAJAJHIND,EQ,,,,,BAJAJ HINDUSTHAN SUGAR LT,17.2,17.34,17.1,17.14,17.19,17.18,,17.14,,,2398100,41272632.42,4565,F1,1,,,,,
2026-07-16,2026-07-16,CM,NSE,STK,305,INE118A01012,BAJAJHLDNG,EQ,,,,,BAJAJ HOLDINGS & INVS LTD,10531.0,10559.0,10380.0,10417.0,10407.0,10531.0,,10417.0,,,60178,627800722.0,18540,F1,1,,,,,
2026-07-16,2026-07-16,CM,NSE,STK,25270,INE377Y01014,BAJAJHFL,EQ,,,,,BAJAJ HOUSING FINANCE LTD,87.49,87.89,86.29,86.37,86.37,87.46,,86.37,,,2787569,242120742.0,21620,F1,1,,,,,
2026-07-16,2026-07-16,CM,NSE,STK,762563,INE704G01024,BAJAJST,EQ,,,,,BAJAJ STEEL INDS. LTD.,402.75,406.95,395.2,399.65,399.0,404.25,,399.75,,,7105,2848325.55,402,F1,1,,,,,
2026-07-16,2026-07-16,CM,NSE,STK,20531,INE0KQN01018,BAJEL,EQ,,,,,BAJEL PROJECTS LIMITED,182.0,183.6,179.6,179.99,180.5,182.15,,179.99,,,98013,17741616.96,1963,F1,1,,,,,
2026-07-16,2026-07-16,CM,NSE,STK,13441,INE083D01012,BALPHARMA,EQ,,,,,BAL PHARMA LTD.,87.0,88.8,86.01,86.72,86.98,87.64,,86.72,,,31026,2698321.99,722,F1,1,,,,,
2026-07-16,2026-07-16,CM,NSE,STK,14501,INE050E01027,BALAMINES,EQ,,,,,BALAJI AMINES LIMITED,2319.0,2394.9,2278.5,2371.8,2365.0,2314.2,,2371.9,,,262286,619750546.1,22788,F1,1,,,,,
2026-07-16,2026-07-16,CM,NSE,STK,30030,INE0PQ601019,BALAJIPHOS,SM,,,,,BALAJI PHOSPHATES LIMITED,90.0,90.0,89.0,90.0,90.0,90.0,,90.0,,,126000,11304500.0,40,F1,1000,,,,,
2026-07-16,2026-07-16,CM,NSE,STK,9158,INE794B01026,BALAJITELE,EQ,,,,,BALAJI TELEFILMS LIMITED.,91.11,92.0,89.15,89.81,90.9,91.42,,89.81,,,135999,12300196.9,1752,F1,1,,,,,
2026-07-16,2026-07-16,CM,NSE,STK,11314,INE618N01022,BALAXI,BE,,,,,BALAXI PHARMA LTD,24.75,24.75,23.82,23.83,23.82,24.1,,23.83,,,28502,684367.42,112,F1,1,,,,,
2026-07-16,2026-07-16,CM,NSE,STK,335,INE787D01026,BALKRISIND,EQ,,,,,BALKRISHNA IND. LTD,2144.9,2166.0,2125.2,2145.0,2154.5,2130.9,,2145.0,,,175213,375781531.2,13484,F1,1,,,,,
2026-07-16,2026-07-16,CM,NSE,STK,10181,INE875R01011,BALKRISHNA,EQ,,,,,BALKRISHNA PAPER MILLS L,18.48,18.48,17.55,17.71,17.55,18.12,,17.7,,,11128,200600.37,92,F1,1,,,,,
2026-07-16,2026-07-16,CM,NSE,STK,338,INE164A01016,BALMLAWRIE,EQ,,,,,BALMER LAWRIE & CO LTD,180.98,181.04,177.5,177.92,177.71,180.46,,177.92,,,95191,17054715.04,1716,F1,1,,,,,
2026-07-16,2026-07-16,CM,NSE,STK,762603,INE525F01025,BLIL,EQ,,,,,BALMER LAWRIE INVSTS. L,70.97,70.99,70.01,70.41,70.58,70.37,,70.5,,,21373,1505503.24,544,F1,1,,,,,
2026-07-16,2026-07-16,CM,NSE,STK,341,INE119A01028,BALRAMCHIN,EQ,,,,,BALRAMPUR CHINI MILLS LTD,594.6,600.0,588.1,598.0,599.0,589.85,,598.05,,,391574,233033314.5,15492,F1,1,,,,,
2026-07-16,2026-07-16,CM,NSE,STK,23607,INE011E01029,BALUFORGE,EQ,,,,,BALU FORGE INDUSTRIES LTD,452.5,457.9,446.0,447.5,447.6,450.8,,447.35,,,243236,109353755.75,8524,F1,1,,,,,
2026-07-16,2026-07-16,CM,NSE,STK,347,INE655B01011,BANARBEADS,EQ,,,,,BANARAS BEADS LTD,121.45,122.05,116.31,117.02,116.81,117.38,,117.02,,,4775,566923.42,188,F1,1,,,,,
2026-07-16,2026-07-16,CM,NSE,STK,13880,INE213C01025,BANCOINDIA,EQ,,,,,BANCO PRODUCTS (I) LTD,666.2,671.8,658.75,661.2,663.0,666.2,,661.2,,,76428,50575595.5,7261,F1,1,,,,,
2026-07-16,2026-07-16,CM,NSE,STK,2263,INE545U01014,BANDHANBNK,EQ,,,,,BANDHAN BANK LIMITED,217.13,218.0,213.0,214.42,214.5,216.52,,214.42,,,7387473,1591506033.08,42751,F1,1,,,,,
2026-07-16,2026-07-16,CM,NSE,STK,760325,INF194KB1KJ7,GOLDBND,EQ,,,,,BANDHANAMC - GOLDBND,141.14,141.32,140.0,140.99,141.28,140.79,,140.78,,,17639,2486560.87,115,F1,1,,,,,
2026-07-16,2026-07-16,CM,NSE,STK,18783,INF194KA1U07,IDFNIFTYET,EQ,,,,,BANDHANAMC - IDFNIFTYET,272.74,272.74,265.29,265.61,265.29,266.09,,265.61,,,673,179019.19,34,F1,1,,,,,
2026-07-16,2026-07-16,CM,NSE,STK,760328,INF194KB1KI9,SILVERBND,EQ,,,,,BANDHANAMC - SILVERBND,217.92,218.48,216.47,217.44,216.49,219.01,,217.43,,,15178,3299317.78,174,F1,1,,,,,
2026-07-16,2026-07-16,CM,NSE,STK,15303,INE863I01016,BANG,EQ,,,,,BANG OVERSEAS LTD.,29.04,29.54,28.81,29.28,29.0,28.94,,29.28,,,14194,414965.74,311,F1,1,,,,,
2026-07-16,2026-07-16,CM,NSE,STK,4668,INE028A01039,BANKBARODA,EQ,,,,,BANK OF BARODA,249.2,249.6,247.05,248.3,248.55,248.15,,248.3,,,5277402,1310145776.65,40935,F1,1,,,,,
2026-07-16,2026-07-16,CM,NSE,STK,4745,INE084A01016,BANKINDIA,EQ,,,,,BANK OF INDIA,145.3,146.45,142.85,143.33,143.01,145.21,,143.33,,,4441430,639494736.07,39659,F1,1,,,,,
2026-07-16,2026-07-16,CM,NSE,STK,11377,INE457A01014,MAHABANK,EQ,,,,,BANK OF MAHARASHTRA,80.15,80.39,79.12,79.49,79.47,80.1,,79.49,,,9638994,767044610.19,52901,F1,1,,,,,
2026-07-16,2026-07-16,CM,NSE,STK,828,INE862Y01015,BANKA,BE,,,,,BANKA BIOLOO LIMITED,90.11,90.11,88.5,89.0,89.0,89.51,,89.0,,,1561,139366.21,20,F1,1,,,,,
2026-07-16,2026-07-16,CM,NSE,STK,12037,INE186H01022,BASML,BE,,,,,BANNARI AM SPIN MILL LTD.,26.69,27.49,26.51,27.01,27.01,26.69,,27.01,,,52816,1431450.99,140,F1,1,,,,,
2026-07-16,2026-07-16,CM,NSE,STK,350,INE459A01010,BANARISUG,EQ,,,,,BANNARI AMMAN SUGARS LTD,3483.1,3506.2,3475.0,3475.0,3475.0,3485.0,,3475.0,,,112,390041.7,25,F1,1,,,,,
2026-07-16,2026-07-16,CM,NSE,STK,24386,INE0B9K01025,BANSALWIRE,EQ,,,,,BANSAL WIRE INDUSTRIES L,323.75,323.75,314.55,316.3,316.0,319.25,,316.3,,,57847,18381524.95,2077,F1,1,,,,,
2026-07-16,2026-07-16,CM,NSE,STK,14511,INE629D01020,BANSWRAS,EQ,,,,,BANSWARA SYNTEX LIMITED,129.5,134.7,128.56,132.41,132.0,126.39,,132.41,,,94576,12511661.25,1886,F1,1,,,,,
2026-07-16,2026-07-16,CM,NSE,STK,15073,INE139I01011,BVCL,EQ,,,,,BARAK VALLEY CEM. LTD.,41.1,42.4,41.1,42.09,42.09,41.54,,42.09,,,6545,274672.39,68,F1,1,,,,,
2026-07-16,2026-07-16,CM,NSE,STK,29176,INE0QX401014,BARFLEX,SM,,,,,BARFLEX POLYFILMS LIMITED,55.45,55.45,52.0,52.0,52.0,55.5,,52.0,,,14000,747900.0,7,F1,2000,,,,,
2026-07-16,2026-07-16,CM,NSE,STK,24117,INF251K01TL6,BBNPNBETF,EQ,,,,,BARODABNP - BBNPNBETF,59.57,59.57,57.8,57.99,58.0,58.4,,58.0,,,183,10633.02,13,F1,1,,,,,
2026-07-16,2026-07-16,CM,NSE,STK,20547,INF251K01SU9,BBNPPGOLD,EQ,,,,,BARODABNP - BBNPPGOLD,136.5,139.15,136.0,136.55,136.55,136.5,,136.55,,,676,92293.05,49,F1,1,,,,,
2026-07-16,2026-07-16,CM,NSE,STK,368,INE373A01013,BASF,EQ,,,,,BASF INDIA LTD,3710.0,3815.0,3681.1,3792.4,3759.9,3700.5,,3792.7,,,32065,120637251.2,5680,F1,1,,,,,
2026-07-16,2026-07-16,CM,NSE,STK,18442,INE0OCC01013,BASILIC,SM,,,,,BASILIC FLY STUDIO LTD,203.6,203.6,198.25,199.5,200.0,200.6,,199.5,,,7200,1439490.0,22,F1,300,,,,,
2026-07-16,2026-07-16,CM,NSE,STK,371,INE176A01028,BATAINDIA,EQ,,,,,BATA INDIA LTD,684.05,686.0,675.1,679.25,677.9,679.4,,679.25,,,104322,70936156.55,8311,F1,1,,,,,
2026-07-16,2026-07-16,CM,NSE,STK,762568,INE177C01022,BATLIBOI,EQ,,,,,BATLIBOI LTD.,83.73,84.9,82.11,82.75,82.5,83.76,,82.72,,,16629,1381310.52,407,F1,1,,,,,
2026-07-16,2026-07-16,CM,NSE,STK,22574,INE0JFJ01011,BAWEJA,ST,,,,,BAWEJA STUDIOS LIMITED,27.65,29.2,27.35,28.7,28.85,28.75,,28.7,,,9600,269160.0,12,F1,800,,,,,
2026-07-16,2026-07-16,CM,NSE,STK,17927,INE462A01022,BAYERCROP,EQ,,,,,BAYER CROPSCIENCE LTD,4120.0,4240.0,4111.0,4221.9,4230.0,4111.2,,4221.7,,,67466,282393848.5,8902,F1,1,,,,,
2026-07-16,2026-07-16,CM,NSE,STK,2513,INE412G01024,BCLIND,EQ,,,,,BCL INDUSTRIES LIMITED,36.49,37.41,35.72,36.12,36.2,36.07,,36.12,,,928404,33578047.11,3239,F1,1,,,,,
2026-07-16,2026-07-16,CM,NSE,STK,761494,INE00SW01015,BCPL,EQ,,,,,BCPL RAILWAY INFRA LTD,71.8,71.8,70.25,71.09,70.75,70.73,,71.1,,,2878,204703.19,132,F1,1,,,,,
2026-07-16,2026-07-16,CM,NSE,STK,23925,INE639X01027,BEACON,ST,,,,,BEACON TRUSTEESHIP LTD,95.85,96.75,95.85,96.0,96.0,95.0,,96.0,,,4000,384600.0,4,F1,1000,,,,,
2026-07-16,2026-07-16,CM,NSE,STK,17933,INE520H01022,BEARDSELL,EQ,,,,,BEARDSELL LIMITED,28.5,29.42,27.0,27.56,27.56,28.55,,27.56,,,55321,1528610.27,560,F1,1,,,,,
2026-07-16,2026-07-16,CM,NSE,STK,20196,INE844K01012,BEDMUTHA,EQ,,,,,BEDMUTHA INDUST LTD,107.9,109.72,107.9,108.24,108.95,107.5,,108.24,,,1482,160424.52,27,F1,1,,,,,
2026-07-16,2026-07-16,CM,NSE,STK,762573,INE213D01015,BEEKAY,EQ,,,,,BEEKAY STEEL INDS. LTD.,406.0,406.0,402.05,402.45,402.05,404.95,,402.45,,,1495,602320.05,57,F1,1,,,,,
2026-07-16,2026-07-16,CM,NSE,STK,757938,INE344T01014,BELLACASA,EQ,,,,,BELLA CASA FASH AND RET L,247.5,252.2,240.3,244.0,241.05,243.85,,244.3,,,4874,1200698.4,386,F1,1,,,,,
2026-07-16,2026-07-16,CM,NSE,STK,757102,INE894V01022,BELRISE,EQ,,,,,BELRISE INDUSTRIES LTD,235.01,235.1,229.2,230.91,231.47,235.01,,230.91,,,3009068,695065617.28,29311,F1,1,,,,,
2026-07-16,2026-07-16,CM,NSE,STK,15067,INE0N7W01012,BLAL,EQ,,,,,BEML LAND ASSETS LIMITED,182.7,184.49,180.02,181.35,181.95,182.23,,181.35,,,17307,3139508.97,316,F1,1,,,,,
2026-07-16,2026-07-16,CM,NSE,STK,395,INE258A01024,BEML,EQ,,,,,BEML LIMITED,1840.0,1846.6,1816.7,1820.6,1821.5,1845.0,,1820.6,,,137748,251841602.2,10388,F1,1,,,,,
2026-07-16,2026-07-16,CM,NSE,STK,762578,INE083K01017,BENGALASM,EQ,,,,,BENGAL & ASSAM CO. LTD.,6212.5,6349.0,6210.0,6255.0,6295.0,6272.5,,6252.5,,,226,1418949.0,109,F1,1,,,,,
2026-07-16,2026-07-16,CM,NSE,STK,404,INE463A01038,BERGEPAINT,EQ,,,,,BERGER PAINTS (I) LTD,490.25,510.0,490.25,498.3,500.0,491.7,,498.3,,,162559,80778988.15,12216,F1,1,,,,,
2026-07-16,2026-07-16,CM,NSE,STK,2306,INE052T01021,BESTAGRO,EQ,,,,,BEST AGROLIFE LIMITED,15.48,16.09,15.37,15.54,15.5,15.37,,15.51,,,476153,7478511.77,1516,F1,1,,,,,
2026-07-16,2026-07-16,CM,NSE,STK,759842,INE351Y01019,BETA,EQ,,,,,BETA DRUGS LIMITED,2320.0,2338.7,2241.7,2260.7,2307.4,2305.0,,2260.7,,,13039,29597362.0,2021,F1,1,,,,,
2026-07-16,2026-07-16,CM,NSE,STK,5662,INE0HQI01014,BEWLTD,SM,,,,,BEW ENGINEERING LIMITED,61.3,62.2,58.8,60.15,60.6,61.15,,60.15,,,30000,1826050.0,31,F1,500,,,,,
2026-07-16,2026-07-16,CM,NSE,STK,21113,INE878K01010,BFINVEST,EQ,,,,,BF INVESTMENT LIMITED,481.0,484.75,470.55,473.6,475.0,476.5,,473.6,,,65914,31442074.65,2282,F1,1,,,,,
2026-07-16,2026-07-16,CM,NSE,STK,14567,INE243D01012,BFUTILITIE,EQ,,,,,BF UTILITIES LIMITED,628.8,640.0,617.15,620.2,619.4,623.45,,620.1,,,95627,59729550.15,3015,F1,1,,,,,
2026-07-16,2026-07-16,CM,NSE,STK,21986,INF0QA701714,BANKBETF,EQ,,,,,BFAM - BANKBETF,58.82,58.82,58.31,58.63,58.68,58.6,,58.63,,,20450,1199227.54,300,F1,1,,,,,
2026-07-16,2026-07-16,CM,NSE,STK,23915,INF0QA701854,LIQUIDBETF,EQ,,,,,BFAM - LIQUIDBETF,1090.35,1090.37,1090.35,1090.36,1090.35,1090.22,,1090.36,,,140583,153286535.44,76,F1,1,,,,,
2026-07-16,2026-07-16,CM,NSE,STK,21959,INF0QA701722,NIFTYBETF,EQ,,,,,BFAM - NIFTYBETF,247.65,248.52,246.79,246.93,246.79,247.06,,246.93,,,986,244405.95,50,F1,1,,,,,
2026-07-16,2026-07-16,CM,NSE,STK,15193,INE661I01014,BGRENERGY,BE,,,,,BGR ENERGY SYSTEMS LTD,296.1,305.0,295.0,297.5,297.45,297.9,,297.4,,,24755,7346167.0,369,F1,1,,,,,
2026-07-16,2026-07-16,CM,NSE,STK,758228,INE0ZRC01017,BHADORA,ST,,,,,BHADORA INDUSTRIES LTD,90.0,92.95,90.0,90.55,90.8,89.9,,90.55,,,19200,1744020.0,14,F1,1200,,,,,
2026-07-16,2026-07-16,CM,NSE,STK,13427,INE354C01027,BHAGERIA,BE,,,,,BHAGERIA INDUSTRIES LTD,207.13,211.27,201.0,203.22,203.1,207.13,,203.22,,,14367,2935463.2,174,F1,1,,,,,
2026-07-16,2026-07-16,CM,NSE,STK,6164,INE414D01027,BHAGCHEM,EQ,,,,,BHAGIRADHA CHEM & INDS L,280.4,283.35,276.0,277.1,277.0,280.1,,277.1,,,62965,17547174.05,1059,F1,1,,,,,
2026-07-16,2026-07-16,CM,NSE,STK,20799,INE458B01036,BHAGYANGR,BE,,,,,BHAGYANAGAR INDIA LIMITED,370.0,391.3,365.85,389.95,391.3,372.7,,389.9,,,90635,34482630.15,973,F1,1,,,,,
2026-07-16,2026-07-16,CM,NSE,STK,19560,INE474E01029,BHANDARI,BE,,,,,BHANDARI HOSIERY EXP LTD,2.97,2.97,2.91,2.92,2.94,2.94,,2.92,,,56115,164672.95,146,F1,1,,,,,
2026-07-16,2026-07-16,CM,NSE,STK,419,INE922A01025,BEPL,EQ,,,,,BHANSALI ENG. POLYMERS LT,106.5,111.69,105.6,109.68,109.5,106.41,,109.68,,,3269740,357681611.28,25882,F1,1,,,,,
2026-07-16,2026-07-16,CM,NSE,STK,13761,INE464A01036,BBL,EQ,,,,,BHARAT BIJLEE LTD,2709.0,2709.0,2681.3,2697.0,2696.9,2689.2,,2697.0,,,20186,54402870.0,2154,F1,1,,,,,
2026-07-16,2026-07-16,CM,NSE,STK,760726,INE05XR01022,BHARATCOAL,EQ,,,,,BHARAT COKING COAL LTD,36.81,37.2,36.54,36.74,36.8,36.79,,36.74,,,6492044,238945178.02,13263,F1,1,,,,,
2026-07-16,2026-07-16,CM,NSE,STK,2144,INE171Z01026,BDL,EQ,,,,,BHARAT DYNAMICS LIMITED,1279.0,1282.8,1245.9,1262.8,1260.7,1271.2,,1262.8,,,822807,1039760983.3,31139,F1,1,,,,,
2026-07-16,2026-07-16,CM,NSE,STK,383,INE263A01024,BEL,EQ,,,,,BHARAT ELECTRONICS LTD,412.25,412.5,406.5,407.1,407.25,410.95,,407.1,,,5679241,2319719880.7,108471,F1,1,,,,,
2026-07-16,2026-07-16,CM,NSE,STK,422,INE465A01025,BHARATFORG,EQ,,,,,BHARAT FORGE LTD,2102.3,2126.7,2082.0,2104.7,2105.0,2100.4,,2104.7,,,832197,1751212086.6,31241,F1,1,,,,,
2026-07-16,2026-07-16,CM,NSE,STK,9397,INE561C01019,BHARATGEAR,BE,,,,,BHARAT GEARS LTD,122.2,123.71,120.1,120.81,120.53,122.2,,120.87,,,9243,1117077.4,146,F1,1,,,,,
2026-07-16,2026-07-16,CM,NSE,STK,526,INE029A01011,BPCL,EQ,,,,,BHARAT PETROLEUM CORP  LT,312.05,318.25,310.3,312.0,312.15,309.6,,312.0,,,7899255,2485889903.0,72388,F1,1,,,,,
2026-07-16,2026-07-16,CM,NSE,STK,3834,INE838B01021,BHARATRAS,EQ,,,,,BHARAT RASAYAN LTD,1374.0,1374.0,1350.1,1357.1,1354.8,1359.8,,1356.8,,,3047,4140047.1,729,F1,1,,,,,
2026-07-16,2026-07-16,CM,NSE,STK,21683,INE727S01012,BRNL,EQ,,,,,BHARAT ROAD NETWORK LTD,18.03,18.14,17.37,17.97,17.85,18.03,,17.96,,,32700,582689.72,306,F1,1,,,,,
2026-07-16,2026-07-16,CM,NSE,STK,30244,INE415D01024,BHARATSE,EQ,,,,,BHARAT SEATS LIMITED,243.0,244.9,232.1,234.09,232.2,243.7,,234.1,,,310227,73308638.37,9373,F1,1,,,,,
2026-07-16,2026-07-16,CM,NSE,STK,16123,INE316L01019,BHARATWIRE,EQ,,,,,BHARAT WIRE ROPES LTD.,208.28,209.7,205.37,206.44,206.46,206.85,,206.42,,,102384,21164497.06,2373,F1,1,,,,,
2026-07-16,2026-07-16,CM,NSE,STK,10604,INE397D01024,BHARTIARTL,EQ,,,,,BHARTI AIRTEL LIMITED,1928.0,1936.0,1917.0,1921.8,1921.0,1918.3,,1921.8,,,4644787,8945510680.3,115838,F1,1,,,,,
2026-07-16,2026-07-16,CM,NSE,STK,23489,INE343G01021,BHARTIHEXA,EQ,,,,,BHARTI HEXACOM LIMITED,1642.4,1642.4,1606.2,1627.8,1621.0,1639.8,,1627.6,,,76152,124024615.3,6946,F1,1,,,,,
2026-07-16,2026-07-16,CM,NSE,STK,7848,INE828A01016,BIL,EQ,,,,,BHARTIYA INTERNATIONAL,737.55,737.55,713.7,728.9,725.0,717.05,,728.9,,,7996,5777478.7,338,F1,1,,,,,
2026-07-16,2026-07-16,CM,NSE,STK,438,INE257A01026,BHEL,EQ,,,,,BHEL,424.2,441.0,407.05,435.4,440.1,417.95,,435.4,,,55731908,23635899163.75,400250,F1,1,,,,,
2026-07-16,2026-07-16,CM,NSE,STK,762621,INE274K01012,BTTL,BE,,,,,BHILWARA TECHNICAL TEXT L,52.15,55.24,50.91,54.14,54.0,53.58,,54.18,,,20389,1066904.69,143,F1,1,,,,,
2026-07-16,2026-07-16,CM,NSE,STK,18431,INE412U01025,BIGBLOC,EQ,,,,,BIGBLOC CONSTRUCTION LTD,47.43,48.32,46.61,47.04,46.85,47.43,,47.04,,,77121,3646392.28,1178,F1,1,,,,,
2026-07-16,2026-07-16,CM,NSE,STK,11966,INE00E101023,BIKAJI,EQ,,,,,BIKAJI FOODS INTERN LTD,636.0,643.0,633.2,640.15,640.0,635.4,,640.1,,,55393,35406963.5,7764,F1,1,,,,,
2026-07-16,2026-07-16,CM,NSE,STK,25527,INE0SQH01013,BIKEWO,ST,,,,,BIKEWO GREEN TECH LIMITED,48.9,52.0,48.85,49.95,48.9,51.4,,49.95,,,66000,3264900.0,31,F1,2000,,,,,
2026-07-16,2026-07-16,CM,NSE,STK,13622,INE071A01013,BILVYAPAR,BE,,,,,BIL VYAPAR LIMITED,4.11,4.12,3.95,4.1,4.1,4.13,,4.1,,,3209,12961.39,29,F1,1,,,,,
2026-07-16,2026-07-16,CM,NSE,STK,762583,INE986A01012,BI,EQ,,,,,BILCARE LTD.,63.0,64.85,61.0,63.02,63.0,62.87,,63.02,,,12049,763327.71,169,F1,1,,,,,
2026-07-16,2026-07-16,CM,NSE,STK,759806,INE0HOQ01053,GROWW,EQ,,,,,BILLIONBRAINS GARAGE VN L,219.69,220.98,204.55,205.64,205.19,216.33,,205.64,,,74536961,15749448397.92,393718,F1,1,,,,,
2026-07-16,2026-07-16,CM,NSE,STK,762588,INE469A01019,BIMETAL,EQ,,,,,BIMETAL BEARINGS LTD.,681.45,691.45,680.05,681.7,681.0,684.85,,681.7,,,297,202628.9,40,F1,1,,,,,
2026-07-16,2026-07-16,CM,NSE,STK,11373,INE376G01013,BIOCON,EQ,,,,,BIOCON LIMITED.,438.4,447.15,434.0,440.7,442.0,434.6,,440.7,,,7716191,3403282762.45,80713,F1,1,,,,,
2026-07-16,2026-07-16,CM,NSE,STK,4136,INE829A01014,BIOFILCHEM,EQ,,,,,BIOFIL CHEM & PHARMA LTD,34.48,34.49,33.32,33.68,33.55,33.88,,33.65,,,9944,335888.24,117,F1,1,,,,,
2026-07-16,2026-07-16,CM,NSE,STK,760942,INE0XW001014,BIOPOL,SM,,,,,BIOPOL CHEMICALS LIMITED,96.3,98.05,95.0,97.55,97.3,95.0,,97.55,,,68400,6647460.0,39,F1,1200,,,,,
2026-07-16,2026-07-16,CM,NSE,STK,6815,INE800A01015,BIRLACABLE,BE,,,,,BIRLA CABLE LIMITED,193.0,193.0,187.01,188.02,188.0,188.6,,188.18,,,18790,3556873.42,329,F1,1,,,,,
2026-07-16,2026-07-16,CM,NSE,STK,480,INE340A01012,BIRLACORPN,EQ,,,,,BIRLA CORPORATION LTD,1023.95,1034.0,1010.5,1028.05,1034.0,1018.9,,1027.9,,,69057,70727409.9,9640,F1,1,,,,,
2026-07-16,2026-07-16,CM,NSE,STK,762593,INE372E01025,BIRLAPREC,EQ,,,,,BIRLA PRECISION TECH L,35.98,36.48,34.65,35.49,35.99,35.76,,35.58,,,22949,819120.8,325,F1,1,,,,,
2026-07-16,2026-07-16,CM,NSE,STK,1455,INE557A01011,BIRLANU,EQ,,,,,BIRLANU LIMITED,1268.2,1277.5,1239.0,1247.7,1245.8,1259.1,,1247.7,,,14649,18295105.1,1587,F1,1,,,,,
2026-07-16,2026-07-16,CM,NSE,STK,24404,INF209KC1134,ABGSEC,EQ,,,,,BIRLASLAMC - ABGSEC,114.79,114.79,114.79,114.79,114.79,114.04,,114.79,,,77,8838.83,4,F1,1,,,,,
2026-07-16,2026-07-16,CM,NSE,STK,760247,INF209KC1670,ABSL10BANK,EQ,,,,,BIRLASLAMC - ABSL10BANK,173.19,173.62,172.55,172.63,173.27,173.83,,172.57,,,1482,256132.71,25,F1,1,,,,,
2026-07-16,2026-07-16,CM,NSE,STK,13987,INF209KB17D5,ABSLBANETF,EQ,,,,,BIRLASLAMC - ABSLBANETF,58.95,59.38,58.9,59.04,59.3,59.12,,59.04,,,23619,1395211.77,211,F1,1,,,,,
2026-07-16,2026-07-16,CM,NSE,STK,14518,INF209KB18T9,ABSLLIQUID,EQ,,,,,BIRLASLAMC - ABSLLIQUID,1000.0,1000.01,999.99,1000.0,1000.0,1000.0,,1000.0,,,10242,10242051.14,22,F1,1,,,,,
2026-07-16,2026-07-16,CM,NSE,STK,761066,INF209KC1662,ABSLMSCIN,EQ,,,,,BIRLASLAMC - ABSLMSCIN,29.57,29.63,29.42,29.48,29.48,29.5,,29.48,,,1453,42806.73,13,F1,1,,,,,
2026-07-16,2026-07-16,CM,NSE,STK,7339,INF209KB16D7,ABSLNN50ET,EQ,,,,,BIRLASLAMC - ABSLNN50ET,76.0,76.3,75.36,75.4,75.36,75.65,,75.4,,,413475,31304288.84,161,F1,1,,,,,
2026-07-16,2026-07-16,CM,NSE,STK,5957,INF209KB10E8,BSLSENETFG,EQ,,,,,BIRLASLAMC - BSLSENETFG,78.85,78.87,76.77,77.63,77.56,77.55,,77.67,,,2789,217129.44,113,F1,1,,,,,
2026-07-16,2026-07-16,CM,NSE,STK,24847,INF209KC1142,GSEC10ABSL,EQ,,,,,BIRLASLAMC - GSEC10ABSL,111.83,113.38,111.83,113.38,113.38,112.0,,113.38,,,84,9395.27,2,F1,1,,,,,
2026-07-16,2026-07-16,CM,NSE,STK,6297,INF209KB10C2,HEALTHY,EQ,,,,,BIRLASLAMC - HEALTHY,17.09,17.09,16.9,16.97,17.05,16.94,,16.97,,,475410,8087423.0,838,F1,1,,,,,
2026-07-16,2026-07-16,CM,NSE,STK,10693,INF209KB14K7,MOMENTUM,EQ,,,,,BIRLASLAMC - MOMENTUM,30.88,31.18,30.75,30.86,31.04,31.03,,30.8,,,15684,484983.07,139,F1,1,,,,,
2026-07-16,2026-07-16,CM,NSE,STK,10690,INF209KB15K4,NIFTYQLITY,EQ,,,,,BIRLASLAMC - NIFTYQLITY,21.03,21.09,20.83,20.95,20.98,20.93,,20.95,,,10453,219220.13,155,F1,1,,,,,
2026-07-16,2026-07-16,CM,NSE,STK,8003,INF209KB19F6,SILVER,EQ,,,,,BIRLASLAMC - SILVER,217.88,217.88,215.29,216.08,216.2,217.96,,216.08,,,552153,119329327.44,7631,F1,1,,,,,
2026-07-16,2026-07-16,CM,NSE,STK,6462,INF209KB11D8,TECH,EQ,,,,,BIRLASLAMC - TECH,31.41,31.77,31.35,31.47,31.39,31.08,,31.47,,,127481,4023270.62,209,F1,1,,,,,
2026-07-16,2026-07-16,CM,NSE,STK,23806,INF209KB19Z4,ABSLPSE,EQ,,,,,BIRLASLAMC-ABSLPSE,10.37,10.37,10.2,10.29,10.33,10.26,,10.29,,,71289,733793.8,329,F1,1,,,,,
2026-07-16,2026-07-16,CM,NSE,STK,6994,INE836A01035,BSOFT,EQ,,,,,BIRLASOFT LIMITED,287.0,293.5,287.0,289.75,289.9,285.45,,289.75,,,1495594,434057977.0,27746,F1,1,,,,,
2026-07-16,2026-07-16,CM,NSE,STK,3435,INE676A01027,BBOX,EQ,,,,,BLACK BOX LIMITED,873.35,887.4,859.1,867.85,868.9,872.5,,867.85,,,193513,168301707.4,13266,F1,1,,,,,
2026-07-16,2026-07-16,CM,NSE,STK,762601,INE761G01016,BLACKROSE,BE,,,,,BLACK ROSE INDS. LTD.,101.79,101.79,99.0,99.71,100.0,102.02,,99.8,,,16511,1649628.62,221,F1,1,,,,,
2026-07-16,2026-07-16,CM,NSE,STK,27144,INE0UIZ01018,BLACKBUCK,EQ,,,,,BLACKBUCK LIMITED,577.0,591.9,561.65,574.1,571.5,578.85,,574.1,,,629126,360043326.8,46716,F1,1,,,,,
2026-07-16,2026-07-16,CM,NSE,STK,8132,INE791A01024,BLBLIMITED,EQ,,,,,BLB LIMITED,15.76,15.99,15.74,15.77,15.75,15.76,,15.77,,,15379,243562.03,102,F1,1,,,,,
2026-07-16,2026-07-16,CM,NSE,STK,19269,INE416D01022,BLISSGVS,BE,,,,,BLISS GVS PHARMA LTD,514.5,521.0,500.0,504.95,512.0,514.5,,504.9,,,210372,106360527.45,3914,F1,1,,,,,
2026-07-16,2026-07-16,CM,NSE,STK,22566,INE0NLT01010,BLSE,EQ,,,,,BLS E-SERVICES LIMITED,274.0,274.18,263.01,268.75,269.36,274.37,,268.74,,,723751,193717598.4,7797,F1,1,,,,,
2026-07-16,2026-07-16,CM,NSE,STK,17279,INE153T01027,BLS,EQ,,,,,BLS INTL SERVS LTD,238.0,246.5,235.8,238.0,238.5,235.9,,238.0,,,2384451,572070768.15,39488,F1,1,,,,,
2026-07-16,2026-07-16,CM,NSE,STK,8650,INE657B01025,BLUECHIP,BE,,,,,BLUE CHIP INDIA LIMITED,2.13,2.13,2.13,2.13,2.13,2.17,,2.35,,,134,285.42,5,F1,1,,,,,
2026-07-16,2026-07-16,CM,NSE,STK,8552,INE472B01011,BLUECOAST,BE,,,,,BLUE COAST HOTELS LIMITED,29.0,29.0,27.93,28.84,29.0,29.39,,28.84,,,15,432.86,5,F1,1,,,,,
2026-07-16,2026-07-16,CM,NSE,STK,495,INE233B01017,BLUEDART,EQ,,,,,BLUE DART EXPRESS LTD,4919.6,4949.5,4880.0,4908.9,4924.0,4919.6,,4908.7,,,4712,23130516.6,1692,F1,1,,,,,
2026-07-16,2026-07-16,CM,NSE,STK,19686,INE0KBH01020,BLUEJET,EQ,,,,,BLUE JET HEALTHCARE LTD,599.0,599.6,584.2,588.15,588.0,598.55,,588.15,,,466328,275252012.15,12881,F1,1,,,,,
2026-07-16,2026-07-16,CM,NSE,STK,23410,INE0SAK01011,BLUEPEBBLE,SM,,,,,BLUE PEBBLE LIMITED,70.0,73.5,70.0,71.0,71.0,72.0,,71.0,,,12800,910400.0,7,F1,400,,,,,
2026-07-16,2026-07-16,CM,NSE,STK,8311,INE472A01039,BLUESTARCO,EQ,,,,,BLUE STAR LIMITED,1755.0,1762.2,1733.9,1741.7,1748.0,1753.9,,1741.7,,,194828,339633153.5,19380,F1,1,,,,,
2026-07-16,2026-07-16,CM,NSE,STK,758185,INE0X3M01010,BLUEWATER,ST,,,,,BLUE WATER LOGISTICS LTD,400.0,429.0,400.0,414.95,415.0,413.75,,414.95,,,30000,12601300.0,25,F1,1000,,,,,
2026-07-16,2026-07-16,CM,NSE,STK,759291,INE304W01038,BLUESTONE,EQ,,,,,BLUESTONE JEWEL LFSTL LTD,631.3,631.55,600.2,605.2,608.3,626.3,,605.2,,,415071,254218909.05,17303,F1,1,,,,,
2026-07-16,2026-07-16,CM,NSE,STK,757520,INE0U4101014,BLUSPRING,EQ,,,,,BLUSPRING ENTERPRISES LTD,119.0,122.9,115.2,117.85,117.61,116.67,,117.69,,,669573,79096736.79,8185,F1,1,,,,,
2026-07-16,2026-07-16,CM,NSE,STK,759256,INE965W01036,BMWVENTLTD,EQ,,,,,BMW VENTURES LIMITED,58.0,60.0,57.52,59.08,58.2,58.07,,59.01,,,79600,4670426.88,1450,F1,1,,,,,
2026-07-16,2026-07-16,CM,NSE,STK,762611,INE00HZ01011,BNAGROCHEM,BE,,,,,BN AGROCHEM LTD.,276.3,283.95,271.5,283.95,283.95,276.3,,284.0,,,509,138666.95,6,F1,1,,,,,
2026-07-16,2026-07-16,CM,NSE,STK,25021,INE338D01028,BODALCHEM,BE,,,,,BODAL CHEMICALS LTD,61.31,64.16,61.31,62.4,62.5,61.11,,62.41,,,111460,7004451.84,463,F1,1,,,,,
2026-07-16,2026-07-16,CM,NSE,STK,14150,INE0EEJ01023,BTML,EQ,,,,,BODHI TREE MULTIMEDIA LTD,6.34,6.47,6.1,6.24,6.25,6.31,,6.24,,,157458,983267.03,272,F1,1,,,,,
2026-07-16,2026-07-16,CM,NSE,STK,11640,INE802W01023,BOHRAIND,EQ,,,,,BOHRA INDUSTRIES LIMITED,12.89,14.16,12.89,13.58,13.4,13.55,,13.58,,,7830,107616.3,85,F1,1,,,,,
2026-07-16,2026-07-16,CM,NSE,STK,380,INE050A01025,BBTC,EQ,,,,,BOMBAY BURMAH TRADING COR,1500.6,1501.0,1481.0,1487.2,1483.0,1500.6,,1487.2,,,23650,35235361.5,3675,F1,1,,,,,
2026-07-16,2026-07-16,CM,NSE,STK,513,INE032A01023,BOMDYEING,EQ,,,,,BOMBAY DYEING & MFG. CO L,124.99,126.52,124.24,125.32,126.3,124.94,,125.31,,,306406,38325417.59,3155,F1,1,,,,,
2026-07-16,2026-07-16,CM,NSE,STK,812,INE032Z01020,BSHSL,BE,,,,,BOMBAY SUPER HYBRID SEEDS,87.05,88.6,83.11,87.47,86.5,87.48,,87.08,,,7405,634436.37,93,F1,1,,,,,
2026-07-16,2026-07-16,CM,NSE,STK,31040,INE906B07CB9,830NHAI27,N2,,,,,BOND 8.30% PA TAX FREE S2,1088.6,1088.6,1077.0,1077.52,1078.05,1080.0,,1077.52,,,32,34641.05,4,F1,1,,,,,
2026-07-16,2026-07-16,CM,NSE,STK,603,INE053F07686,865IRFC29,,,,,,BOND 8.65% PA TF TI-SIIB,1100.8,1104.98,1100.0,1100.0,1100.0,1104.98,,1104.0,,,1055,1162601.9,11,F1,1,,,,,
2026-07-16,2026-07-16,CM,NSE,STK,30990,INE020B07HS2,871REC28,N9,,,,,BOND 8.71% TAX FREE S2B,1114.25,1116.0,1112.01,1113.5,1112.01,1114.99,,1113.5,,,1678,1869729.67,40,F1,1,,,,,
2026-07-16,2026-07-16,CM,NSE,STK,31967,INE557F07108,863NHB34,N3,,,,,BOND 8.76%PA TF TR-I S 3A,6300.0,6300.0,6300.0,6300.0,6300.0,6199.0,,6300.0,,,1,6300.0,1,F1,1,,,,,
2026-07-16,2026-07-16,CM,NSE,STK,1999,INE053F07744,888IRFC29,NE,,,,,BOND 8.88% PA TF TII-SIIB,1121.9,1121.9,1111.5,1113.0,1113.0,1125.0,,1113.0,,,23,25621.6,4,F1,1,,,,,
2026-07-16,2026-07-16,CM,NSE,STK,31970,INE557F07132,901NHB34,N6,,,,,BOND 9.01%PA TF TR-I S 3B,6329.0,6329.0,6310.0,6310.0,6310.0,6285.0,,6310.0,,,53,335399.0,6,F1,1,,,,,
2026-07-16,2026-07-16,CM,NSE,STK,761056,INE0B9A01018,BONLON,EQ,,,,,BONLON INDUSTRIES LIMITED,41.0,41.99,40.36,40.74,40.51,41.48,,40.74,,,3507,142907.77,73,F1,1,,,,,
2026-07-16,2026-07-16,CM,NSE,STK,757919,INE16SF01016,BORANA,EQ,,,,,BORANA WEAVES LIMITED,303.05,335.0,300.0,325.5,326.9,303.05,,325.45,,,292339,94557086.15,5697,F1,1,,,,,
2026-07-16,2026-07-16,CM,NSE,STK,19401,INE02PY01013,BOROLTD,EQ,,,,,BOROSIL LIMITED,245.0,248.45,241.61,243.07,242.02,244.19,,243.08,,,43992,10712983.71,1809,F1,1,,,,,
2026-07-16,2026-07-16,CM,NSE,STK,3149,INE666D01022,BORORENEW,EQ,,,,,BOROSIL RENEWABLES LTD,618.0,633.9,609.0,612.0,617.8,620.5,,612.0,,,1318675,815608743.2,24335,F1,1,,,,,
2026-07-16,2026-07-16,CM,NSE,STK,24014,INE02L001032,BOROSCI,EQ,,,,,BOROSIL SCIENTIFIC LTD,161.15,163.19,156.07,160.77,160.5,159.99,,160.77,,,94065,15003123.59,1947,F1,1,,,,,
2026-07-16,2026-07-16,CM,NSE,STK,4491,INE782A01015,BOSCH-HCIL,EQ,,,,,BOSCH HOME COMFRT IND LTD,1334.7,1348.5,1322.5,1332.2,1331.9,1329.5,,1332.2,,,13798,18441202.1,1299,F1,1,,,,,
2026-07-16,2026-07-16,CM,NSE,STK,2181,INE323A01026,BOSCHLTD,EQ,,,,,BOSCH LIMITED,41500.0,41550.0,40985.0,41110.0,41110.0,41445.0,,41110.0,,,21013,864090870.0,10363,F1,1,,,,,
2026-07-16,2026-07-16,CM,NSE,STK,530,INE110A01019,BPL,EQ,,,,,BPL LTD,57.5,58.9,56.7,57.28,56.7,57.03,,57.27,,,78365,4540822.66,1285,F1,1,,,,,
2026-07-16,2026-07-16,CM,NSE,STK,24905,INE0R4Z01018,BRACEPORT,SM,,,,,BRACE PORT LOGISTICS LTD,61.5,61.5,61.5,61.5,61.5,60.05,,61.5,,,1600,98400.0,1,F1,1600,,,,,
2026-07-16,2026-07-16,CM,NSE,STK,24814,INE02RE01045,FIRSTCRY,EQ,,,,,BRAINBEES SOLUTIONS LTD,213.9,214.89,211.55,213.19,213.05,212.62,,213.19,,,512255,109130414.54,9808,F1,1,,,,,
2026-07-16,2026-07-16,CM,NSE,STK,7780,INE977Y01011,BCONCEPTS,EQ,,,,,BRAND CONCEPTS LIMITED,211.95,212.98,198.0,199.14,198.15,208.92,,199.36,,,9453,1916114.18,636,F1,1,,,,,
2026-07-16,2026-07-16,CM,NSE,STK,760975,INE0XUD01014,BRANDMAN,ST,,,,,BRANDMAN RETAIL LIMITED,193.0,193.0,185.25,188.0,188.0,188.0,,188.0,,,6400,1202960.0,8,F1,800,,,,,
2026-07-16,2026-07-16,CM,NSE,STK,15184,INE791I01019,BRIGADE,EQ,,,,,BRIGADE ENTER. LTD,571.0,571.0,552.7,554.85,554.7,560.8,,554.85,,,256037,142518009.45,17647,F1,1,,,,,
2026-07-16,2026-07-16,CM,NSE,STK,757794,INE03NU01014,BRIGHOTEL,EQ,,,,,BRIGADE HOTEL VENTURE LTD,63.12,63.89,62.0,62.33,62.1,62.67,,62.44,,,90943,5709013.84,1490,F1,1,,,,,
2026-07-16,2026-07-16,CM,NSE,STK,8833,INE425B01027,BCG,EQ,,,,,BRIGHTCOM GROUP LIMITED,9.84,9.95,9.55,9.73,9.73,9.81,,9.73,,,5442611,52926783.89,5493,F1,1,,,,,
2026-07-16,2026-07-16,CM,NSE,STK,547,INE216A01030,BRITANNIA,EQ,,,,,BRITANNIA INDUSTRIES LTD,5311.0,5367.0,5294.0,5310.5,5324.5,5315.5,,5310.5,,,219782,1170001364.5,29556,F1,1,,,,,
2026-07-16,2026-07-16,CM,NSE,STK,2203,INE0FDU25010,BIRET,RR,,,,,BROOKFIELD INDIA RET,340.14,340.14,336.2,339.55,340.0,340.17,,339.55,,,237346,80591922.13,7453,F1,1,,,,,
2026-07-16,2026-07-16,CM,NSE,STK,25140,INE650L01011,BROOKS,BE,,,,,BROOKS LAB LIMITED,70.5,70.5,68.95,69.79,70.0,69.12,,69.81,,,6581,460310.61,69,F1,1,,,,,
2026-07-16,2026-07-16,CM,NSE,STK,19585,INE118H01025,BSE,EQ,,,,,BSE LIMITED,3769.9,3775.0,3680.0,3685.0,3685.6,3754.4,,3685.0,,,2171296,8048129886.6,111383,F1,1,,,,,
2026-07-16,2026-07-16,CM,NSE,STK,559,INE594B01012,BSL,EQ,,,,,BSL LTD,129.0,129.0,125.8,126.12,126.05,126.53,,126.19,,,3010,381318.63,77,F1,1,,,,,
2026-07-16,2026-07-16,CM,NSE,STK,2716,INE295F01017,BUTTERFLY,EQ,,,,,BTRFLY GANDHI APPL LTD,770.0,776.0,762.25,771.45,771.0,767.9,,771.4,,,36873,28424646.45,2051,F1,1,,,,,
2026-07-16,2026-07-16,CM,NSE,STK,24701,INE0SZ301012,BULKCORP,SM,,,,,BULKCORP INTERNATIONAL L,52.3,56.2,52.25,56.2,56.2,55.0,,56.2,,,7200,381000.0,6,F1,1200,,,,,
2026-07-16,2026-07-16,CM,NSE,STK,760854,INE0SMX01019,CKKRETAIL,SM,,,,,C K K RETAIL MART LIMITED,139.95,139.95,131.5,131.65,131.5,131.15,,131.65,,,3200,427880.0,4,F1,800,,,,,
2026-07-16,2026-07-16,CM,NSE,STK,7227,INE0BV301023,MAPMYINDIA,EQ,,,,,C.E. INFO SYSTEMS LIMITED,1170.5,1193.5,1161.45,1178.7,1181.0,1175.8,,1178.65,,,357631,421478721.75,24472,F1,1,,,,,
2026-07-16,2026-07-16,CM,NSE,STK,27274,INE0U7V01015,C2C,SM,,,,,C2C ADVANCED SYSTEMS LTD,390.0,414.4,386.0,412.5,413.95,382.95,,412.5,,,208950,85117995.0,900,F1,150,,,,,
2026-07-16,2026-07-16,CM,NSE,STK,8400,INE526B01014,CALSOFT,BE,,,,,CALIFORNIA SOFTWARE CO LT,22.0,22.35,21.55,21.66,21.7,22.43,,21.66,,,40706,886618.97,176,F1,1,,,,,
2026-07-16,2026-07-16,CM,NSE,STK,14218,INE627H01017,CTE,EQ,,,,,CAMBRIDGE TECH ENTER LTD,31.29,31.7,30.4,31.27,31.46,30.99,,31.23,,,4654,144682.84,47,F1,1,,,,,
2026-07-16,2026-07-16,CM,NSE,STK,6216,INE052I01032,CAMLINFINE,EQ,,,,,CAMLIN FINE SCIENCES LTD,126.39,126.63,124.2,124.93,124.55,124.85,,124.93,,,348716,43658271.95,3960,F1,1,,,,,
2026-07-16,2026-07-16,CM,NSE,STK,9362,INE278Y01022,CAMPUS,EQ,,,,,CAMPUS ACTIVEWEAR LIMITED,225.22,227.9,225.22,226.65,226.4,225.22,,226.67,,,163927,37178145.73,6685,F1,1,,,,,
2026-07-16,2026-07-16,CM,NSE,STK,583,INE477A01020,CANFINHOME,EQ,,,,,CAN FIN HOMES LTD,911.0,911.0,900.15,904.4,901.05,904.9,,904.4,,,73728,66662045.9,6093,F1,1,,,,,
2026-07-16,2026-07-16,CM,NSE,STK,10794,INE476A01022,CANBK,EQ,,,,,CANARA BANK,127.0,127.19,125.35,125.9,125.81,126.47,,125.9,,,11463126,1446390357.7,52791,F1,1,,,,,
2026-07-16,2026-07-16,CM,NSE,STK,759477,INE01TY01017,CANHLIFE,EQ,,,,,CANARA HSBC LIFE INS CO L,153.49,155.4,150.71,153.55,153.5,153.1,,153.54,,,732782,112166674.24,11576,F1,1,,,,,
2026-07-16,2026-07-16,CM,NSE,STK,759311,INE218I01013,CRAMC,EQ,,,,,CANARA ROBECO AMC LIMITED,261.0,262.5,256.7,257.89,258.0,263.91,,258.07,,,272690,70689251.66,7165,F1,1,,,,,
2026-07-16,2026-07-16,CM,NSE,STK,19368,INE0QG301017,CANARYS,SM,,,,,CANARYS AUTOMATIONS LTD,18.65,18.95,18.6,18.75,18.95,18.8,,18.75,,,24000,451000.0,6,F1,4000,,,,,
2026-07-16,2026-07-16,CM,NSE,STK,20160,INE068L01024,CANTABIL,EQ,,,,,CANTABIL RETAIL LTD,258.9,261.25,251.1,255.87,258.99,257.52,,255.87,,,82272,20994587.34,2344,F1,1,,,,,
2026-07-16,2026-07-16,CM,NSE,STK,21749,INE264T01014,CAPACITE,EQ,,,,,CAPACITE INFRAPROJECT LTD,227.7,230.95,225.35,227.5,227.9,225.0,,227.5,,,437500,99656207.35,8768,F1,1,,,,,
2026-07-16,2026-07-16,CM,NSE,STK,759867,INE0ILV01024,CAPILLARY,EQ,,,,,CAPILLARY TECHNO INDIA L,497.0,504.1,492.0,494.3,493.0,496.9,,493.5,,,21997,10915237.65,978,F1,1,,,,,
2026-07-16,2026-07-16,CM,NSE,STK,756015,INE345H01024,CIFL,EQ,,,,,CAPITAL INDIA FINANCE LTD,21.65,22.98,21.33,22.09,22.2,21.64,,22.09,,,172961,3779140.46,548,F1,1,,,,,
2026-07-16,2026-07-16,CM,NSE,STK,29157,INE0Z8Z23013,CAPINVIT,IV,,,,,CAPITAL INFRA TRUST,73.25,73.65,72.56,73.42,73.5,73.62,,73.42,,,903892,66344316.71,11542,F1,1,,,,,
2026-07-16,2026-07-16,CM,NSE,STK,22675,INE646H01017,CAPITALSFB,EQ,,,,,CAPITAL SMALL FIN BANK L,296.6,300.45,295.5,299.35,298.1,296.6,,299.35,,,86348,25820039.8,1322,F1,1,,,,,
2026-07-16,2026-07-16,CM,NSE,STK,19447,INE707C01018,CAPTRUST,EQ,,,,,CAPITAL TRUST LIMITED,12.63,13.26,12.0,12.7,12.7,12.63,,12.7,,,19309,242220.93,97,F1,1,,,,,
2026-07-16,2026-07-16,CM,NSE,STK,3906,INE475E01026,CAPLIPOINT,EQ,,,,,CAPLIN POINT LAB LTD.,2647.5,2684.5,2595.7,2671.5,2672.0,2648.1,,2671.5,,,136463,362364984.4,23623,F1,1,,,,,
2026-07-16,2026-07-16,CM,NSE,STK,20329,INE180C01042,CGCL,EQ,,,,,CAPRI GLOBAL CAPITAL LTD,259.99,259.99,253.09,258.89,258.77,258.21,,258.89,,,2544654,653008837.7,39475,F1,1,,,,,
2026-07-16,2026-07-16,CM,NSE,STK,595,INE120A01034,CARBORUNIV,EQ,,,,,CARBORUNDUM UNIVERSAL LTD,1093.0,1101.7,1068.6,1085.3,1080.1,1081.8,,1085.3,,,267073,290173351.3,30036,F1,1,,,,,
2026-07-16,2026-07-16,CM,NSE,STK,29113,INE752H01013,CARERATING,EQ,,,,,CARE RATINGS LIMITED,1675.0,1688.4,1665.1,1673.2,1675.5,1666.2,,1673.0,,,10284,17250716.5,1882,F1,1,,,,,
2026-07-16,2026-07-16,CM,NSE,STK,758941,INE0P6P01016,CPEDU,EQ,,,,,CAREER POINT EDUTECH LTD,193.51,193.9,186.01,191.38,191.7,188.56,,191.38,,,3330,635733.75,144,F1,1,,,,,
2026-07-16,2026-07-16,CM,NSE,STK,28879,INE0V7W01012,CARRARO,EQ,,,,,CARRARO INDIA LIMITED,567.45,576.0,552.0,569.7,568.0,563.45,,569.7,,,101273,57283274.6,6027,F1,1,,,,,
2026-07-16,2026-07-16,CM,NSE,STK,5407,INE290S01011,CARTRADE,EQ,,,,,CARTRADE TECH LIMITED,2833.5,2874.0,2785.0,2812.6,2809.0,2808.2,,2812.6,,,373540,1053311606.3,44865,F1,1,,,,,
2026-07-16,2026-07-16,CM,NSE,STK,1879,INE482D01024,CARYSIL,EQ,,,,,CARYSIL LIMITED,1202.0,1235.0,1202.0,1226.9,1234.0,1205.1,,1227.0,,,89497,108951571.5,5927,F1,1,,,,,
2026-07-16,2026-07-16,CM,NSE,STK,1250,INE172A01027,CASTROLIND,EQ,,,,,CASTROL INDIA LIMITED,183.95,184.99,183.65,184.61,184.95,183.82,,184.61,,,1338515,246357690.4,17723,F1,1,,,,,
2026-07-16,2026-07-16,CM,NSE,STK,11452,INE421D01022,CCL,EQ,,,,,CCL PRODUCTS (I) LTD,1224.2,1227.3,1179.6,1195.9,1196.0,1223.0,,1196.0,,,230131,276476285.3,23059,F1,1,,,,,
2026-07-16,2026-07-16,CM,NSE,STK,15254,INE482A01020,CEATLTD,EQ,,,,,CEAT LIMITED,3794.9,3864.0,3782.1,3829.6,3834.0,3789.1,,3829.6,,,139746,535075873.4,19555,F1,1,,,,,
2026-07-16,2026-07-16,CM,NSE,STK,757690,INE11J101017,CEDAAR,ST,,,,,CEDAAR TEXTILE LIMITED,19.1,20.6,19.0,19.05,19.05,20.0,,19.05,,,13000,250650.0,13,F1,1000,,,,,
2026-07-16,2026-07-16,CM,NSE,STK,24742,INE0AG901020,CEIGALL,EQ,,,,,CEIGALL INDIA LIMITED,366.6,366.6,350.1,351.1,351.1,361.55,,351.1,,,230467,81693980.75,10577,F1,1,,,,,
2026-07-16,2026-07-16,CM,NSE,STK,761037,INE016Q01014,CEINSYS,EQ,,,,,CEINSYS TECH LIMITED,924.95,924.95,907.5,909.6,909.5,913.95,,909.6,,,26626,24328333.4,1888,F1,1,,,,,
2026-07-16,2026-07-16,CM,NSE,STK,13162,INE185H01016,CELEBRITY,EQ,,,,,CELEBRITY FASHIONS LTD,7.38,7.38,7.12,7.28,7.29,7.19,,7.28,,,17806,129092.86,70,F1,1,,,,,
2026-07-16,2026-07-16,CM,NSE,STK,16950,INE0O0001013,CELLPOINT,SM,,,,,CELL POINT (INDIA) LTD,16.0,16.0,15.3,15.3,15.3,15.8,,15.3,,,2400,37560.0,2,F1,1200,,,,,
2026-07-16,2026-07-16,CM,NSE,STK,18811,INE0OMO01025,CELLECOR,ST,,,,,CELLECOR GADGETS LIMITED,37.15,37.8,37.0,37.05,37.05,37.45,,37.05,,,60000,2234850.0,19,F1,3000,,,,,
2026-07-16,2026-07-16,CM,NSE,STK,19795,INE0LMW01024,CELLO,EQ,,,,,CELLO WORLD LIMITED,363.85,383.9,363.35,370.6,369.25,363.7,,370.6,,,1026827,384802831.35,28945,F1,1,,,,,
2026-07-16,2026-07-16,CM,NSE,STK,5622,INE686A01026,CEMPRO,EQ,,,,,CEMINDIA PROJECTS LIMITED,1608.1,1618.8,1582.6,1603.2,1590.0,1601.4,,1603.4,,,291541,467367522.2,23284,F1,1,,,,,
2026-07-16,2026-07-16,CM,NSE,STK,14894,INE483A01010,CENTRALBK,EQ,,,,,CENTRAL BANK OF INDIA,32.85,32.97,32.5,32.61,32.68,32.72,,32.61,,,7629432,249604650.38,27430,F1,1,,,,,
2026-07-16,2026-07-16,CM,NSE,STK,21174,INE736A01011,CDSL,EQ,,,,,CENTRAL DEPO SER (I) LTD,1444.5,1446.7,1408.0,1410.5,1412.0,1440.1,,1410.5,,,1279121,1814941367.6,46416,F1,1,,,,,
2026-07-16,2026-07-16,CM,NSE,STK,761581,INE05HV01027,CMPDI,EQ,,,,,CENTRAL MINE P N D INST L,265.9,266.0,257.0,264.07,265.0,264.58,,264.08,,,2093764,549439194.66,21404,F1,1,,,,,
2026-07-16,2026-07-16,CM,NSE,STK,2454,INE660C01027,CENTRUM,EQ,,,,,CENTRUM CAPITAL LIMITED,24.36,24.79,24.11,24.56,24.7,24.45,,24.56,,,122475,2988834.7,702,F1,1,,,,,
2026-07-16,2026-07-16,CM,NSE,STK,14982,INE320B01020,CENTUM,EQ,,,,,CENTUM ELECTRONICS LTD,3650.1,3740.0,3650.1,3724.0,3724.0,3652.5,,3723.9,,,21610,80227787.7,4177,F1,1,,,,,
2026-07-16,2026-07-16,CM,NSE,STK,619,INE485A01015,CENTENKA,EQ,,,,,CENTURY ENKA LTD,556.0,574.2,536.5,543.75,543.95,549.85,,543.75,,,147705,81652992.75,7549,F1,1,,,,,
2026-07-16,2026-07-16,CM,NSE,STK,11511,INE281A01026,CENTEXT,EQ,,,,,CENTURY EXTRUSIONS LTD,19.09,19.24,18.1,18.31,18.25,18.96,,18.31,,,131453,2434575.64,705,F1,1,,,,,
2026-07-16,2026-07-16,CM,NSE,STK,13305,INE348B01021,CENTURYPLY,EQ,,,,,CENTURY PLYBOARDS (I) LTD,800.1,801.75,785.7,788.95,799.0,795.6,,788.95,,,36303,28777320.6,4658,F1,1,,,,,
2026-07-16,2026-07-16,CM,NSE,STK,15039,INE739E01017,CERA,EQ,,,,,CERA SANITARYWARE LTD,6101.0,6169.5,6090.5,6116.5,6120.5,6107.0,,6116.5,,,3888,23808369.5,1609,F1,1,,,,,
2026-07-16,2026-07-16,CM,NSE,STK,29016,INE345B01019,CEREBRAINT,BZ,,,,,CEREBRA INT TECH LTD,3.16,3.16,3.02,3.07,3.05,3.1,,3.09,,,33924,103943.89,60,F1,1,,,,,
2026-07-16,2026-07-16,CM,NSE,STK,628,INE486A01021,CESC,EQ,,,,,CESC LTD,163.54,166.38,163.0,166.01,166.01,163.54,,166.01,,,1597702,264450332.06,21284,F1,1,,,,,
2026-07-16,2026-07-16,CM,NSE,STK,760,INE067A01029,CGPOWER,EQ,,,,,CG POWER AND IND SOL LTD,935.0,954.9,919.0,921.95,921.5,929.15,,921.95,,,3437360,3201634917.15,68327,F1,1,,,,,
2026-07-16,2026-07-16,CM,NSE,STK,8546,INE427F01016,CHALET,EQ,,,,,CHALET HOTELS LIMITED,865.0,874.9,854.95,871.95,871.3,860.45,,871.95,,,156959,136541312.9,14615,F1,1,,,,,
2026-07-16,2026-07-16,CM,NSE,STK,3482,INE419D01026,CLSEL,EQ,,,,,CHAMAN LAL SETIA EXP LTD,278.1,281.6,273.9,279.2,280.0,279.45,,279.2,,,55652,15445170.45,2631,F1,1,,,,,
2026-07-16,2026-07-16,CM,NSE,STK,13731,INE06PV01010,CMNL,SM,,,,,CHAMAN METALLICS LIMITED,102.0,102.0,97.55,98.0,98.0,102.0,,98.0,,,4500,447562.5,6,F1,750,,,,,
2026-07-16,2026-07-16,CM,NSE,STK,637,INE085A01013,CHAMBLFERT,EQ,,,,,CHAMBAL FERTILIZERS LTD,456.0,459.0,450.55,456.4,456.9,453.75,,456.4,,,409736,186245156.6,19829,F1,1,,,,,
2026-07-16,2026-07-16,CM,NSE,STK,29541,INE11HG01018,CHAMUNDA,SM,,,,,CHAMUNDA ELECTRICAL LTD,44.75,44.75,43.15,43.15,43.15,44.75,,43.15,,,6000,263700.0,2,F1,3000,,,,,
2026-07-16,2026-07-16,CM,NSE,STK,29633,INE0B2N01016,CHANDAN,SM,,,,,CHANDAN HEALTHCARE LTD,245.0,248.0,237.2,241.5,241.5,245.7,,241.5,,,21600,5226960.0,25,F1,800,,,,,
2026-07-16,2026-07-16,CM,NSE,STK,18654,INE0PT101017,CHAVDA,SM,,,,,CHAVDA INFRA LIMITED,106.0,106.1,105.0,105.25,105.05,104.05,,105.25,,,25000,2635450.0,24,F1,1000,,,,,
2026-07-16,2026-07-16,CM,NSE,STK,757991,INE0TGX01019,CHEMBONDCH,BE,,,,,CHEMBOND CHEMICAL LIMITED,253.0,269.99,249.42,254.26,254.0,262.54,,254.26,,,15147,3865179.0,351,F1,1,,,,,
2026-07-16,2026-07-16,CM,NSE,STK,14620,INE995D01025,CHEMBOND,BE,,,,,CHEMBOND MATERIALTECH LTD,181.33,181.33,176.55,176.98,176.8,180.43,,175.41,,,3569,634577.07,96,F1,1,,,,,
2026-07-16,2026-07-16,CM,NSE,STK,276,INE03YM01018,CHEMCON,BE,,,,,CHEMCON SPECIAL CHEM LTD,185.0,185.0,179.61,184.25,184.0,183.45,,184.29,,,15722,2877693.78,233,F1,1,,,,,
2026-07-16,2026-07-16,CM,NSE,STK,2815,INE783X01023,CHEMFAB,BE,,,,,CHEMFAB ALKALIS LIMITED,378.4,378.4,357.0,376.6,376.0,362.05,,376.6,,,2308,846567.45,69,F1,1,,,,,
2026-07-16,2026-07-16,CM,NSE,STK,5449,INE488A01050,CHEMPLASTS,EQ,,,,,CHEMPLAST SANMAR LIMITED,197.16,199.8,195.03,197.99,199.8,195.8,,198.02,,,157699,31098238.03,4776,F1,1,,,,,
2026-07-16,2026-07-16,CM,NSE,STK,2049,INE178A01016,CHENNPETRO,EQ,,,,,CHENNAI PETROLEUM CORP LT,1170.0,1279.7,1168.1,1240.8,1244.0,1157.2,,1240.8,,,7400490,9192030251.0,213600,F1,1,,,,,
2026-07-16,2026-07-16,CM,NSE,STK,24628,INE0U1T01012,CHETANA,ST,,,,,CHETANA EDUCATION LIMITED,47.5,48.8,47.0,47.0,47.0,46.5,,47.0,,,43200,2063200.0,11,F1,1600,,,,,
2026-07-16,2026-07-16,CM,NSE,STK,9879,INE974B01016,CHEVIOT,EQ,,,,,CHEVIOT COMPANY LIMITED,1129.0,1138.7,1119.3,1131.5,1138.7,1130.1,,1133.8,,,1038,1171463.6,172,F1,1,,,,,
2026-07-16,2026-07-16,CM,NSE,STK,8866,INE102B01014,CHOICEIN,EQ,,,,,CHOICE INTERNATIONAL LTD,820.7,824.0,800.1,806.6,803.2,817.65,,806.65,,,760669,618908607.7,11845,F1,1,,,,,
2026-07-16,2026-07-16,CM,NSE,STK,759610,INF2KCX01012,CHOICEGOLD,EQ,,,,,CHOICEAMC - CHOICEGOLD,138.05,140.2,138.05,140.0,140.15,139.58,,140.0,,,14488,2025240.22,116,F1,1,,,,,
2026-07-16,2026-07-16,CM,NSE,STK,21740,INE149A01033,CHOLAHLDNG,EQ,,,,,CHOLAMANDALAM FIN HOL LTD,1614.7,1617.0,1557.4,1563.6,1564.0,1598.8,,1563.6,,,161612,254374392.1,28938,F1,1,,,,,
2026-07-16,2026-07-16,CM,NSE,STK,685,INE121A01024,CHOLAFIN,EQ,,,,,CHOLAMANDALAM IN & FIN CO,1810.5,1813.2,1784.9,1789.1,1793.0,1803.9,,1789.1,,,773364,1389476419.6,30864,F1,1,,,,,
2026-07-16,2026-07-16,CM,NSE,STK,14937,INE536H01010,CIEINDIA,EQ,,,,,CIE AUTOMOTIVE INDIA LTD,462.35,475.0,462.35,472.6,474.4,461.1,,472.6,,,193666,91041645.95,12324,F1,1,,,,,
2026-07-16,2026-07-16,CM,NSE,STK,27161,INE704H01022,CINELINE,EQ,,,,,CINELINE INDIA LIMITED,76.97,77.0,75.42,75.99,75.6,76.52,,75.96,,,9590,730203.77,185,F1,1,,,,,
2026-07-16,2026-07-16,CM,NSE,STK,8024,INE039B01026,CINEVISTA,EQ,,,,,CINEVISTA LIMITED,15.3,15.48,14.91,15.04,15.03,15.15,,15.03,,,16334,247067.46,115,F1,1,,,,,
2026-07-16,2026-07-16,CM,NSE,STK,694,INE059A01026,CIPLA,EQ,,,,,CIPLA LTD,1439.9,1444.0,1426.6,1429.5,1427.8,1438.0,,1429.5,,,568731,815994963.3,33233,F1,1,,,,,
2026-07-16,2026-07-16,CM,NSE,STK,763149,INE2Q7823014,CITIUSINVT,IV,,,,,CITIUS TRANSNET INV TRUST,110.85,110.85,109.06,109.99,109.54,110.31,,109.99,,,192349,21178513.09,523,F1,1,,,,,
2026-07-16,2026-07-16,CM,NSE,STK,5701,INE491A01021,CUB,EQ,,,,,CITY UNION BANK LTD,222.37,225.44,220.01,220.88,221.0,220.21,,220.88,,,882521,195452367.3,25292,F1,1,,,,,
2026-07-16,2026-07-16,CM,NSE,STK,20233,INE201M01029,CLEDUCATE,BE,,,,,CL EDUCATE LIMITED,58.0,58.99,55.1,58.02,58.2,58.0,,57.72,,,30251,1709366.06,140,F1,1,,,,,
2026-07-16,2026-07-16,CM,NSE,STK,758739,INE0UQ601012,CLASSICEIL,ST,,,,,CLASSIC ELECTRODE (IND) L,64.0,64.1,59.4,59.65,59.4,61.05,,59.65,,,67200,4239280.0,41,F1,1600,,,,,
2026-07-16,2026-07-16,CM,NSE,STK,754695,INE1QGM01024,CLAYCRAFT,SM,,,,,CLAY CRAFT INDIA LIMITED,172.5,173.0,170.5,171.25,171.0,173.95,,171.25,,,33000,5660670.0,49,F1,600,,,,,
2026-07-16,2026-07-16,CM,NSE,STK,760183,INE647U01026,CLEANMAX,EQ,,,,,CLEAN MAX ENVIRO EN SOL L,1296.8,1301.0,1240.0,1288.8,1295.0,1265.5,,1288.0,,,80860,104100751.1,8553,F1,1,,,,,
2026-07-16,2026-07-16,CM,NSE,STK,5049,INE227W01023,CLEAN,EQ,,,,,CLEAN SCIENCE & TECH LTD,772.5,777.0,764.05,768.35,771.0,770.4,,768.35,,,137541,105844664.75,13600,F1,1,,,,,
2026-07-16,2026-07-16,CM,NSE,STK,760143,INE1EF801010,CSSL,SM,,,,,CLEAR SECURED SERVICES L,101.9,105.7,101.9,104.0,104.0,101.9,,104.0,,,16000,1670300.0,16,F1,1000,,,,,
2026-07-16,2026-07-16,CM,NSE,STK,30893,INE00WV01027,CMRGREEN,EQ,,,,,CMR GREEN TECHNOLOGIES L,222.55,228.5,220.8,222.6,223.45,222.0,,222.6,,,839378,188730059.55,10457,F1,1,,,,,
2026-07-16,2026-07-16,CM,NSE,STK,7603,INE925R01014,CMSINFO,EQ,,,,,CMS INFO SYSTEMS LIMITED,270.0,273.35,267.5,268.1,268.1,270.1,,268.1,,,416945,112186972.55,9825,F1,1,,,,,
2026-07-16,2026-07-16,CM,NSE,STK,20374,INE522F01014,COALINDIA,EQ,,,,,COAL INDIA LTD,427.55,430.5,425.85,427.35,427.4,427.55,,427.35,,,4570655,1956166106.2,54987,F1,1,,,,,
2026-07-16,2026-07-16,CM,NSE,STK,6006,INE377E01024,COASTCORP,EQ,,,,,COASTAL CORPORATION LTD,51.56,55.54,51.56,53.6,53.74,52.48,,53.61,,,217022,11722194.66,2135,F1,1,,,,,
2026-07-16,2026-07-16,CM,NSE,STK,21508,INE704P01025,COCHINSHIP,EQ,,,,,COCHIN SHIPYARD LIMITED,1417.0,1422.8,1402.6,1406.9,1405.5,1411.2,,1406.9,,,391570,552833497.0,19489,F1,1,,,,,
2026-07-16,2026-07-16,CM,NSE,STK,11169,INE335K01011,COFFEEDAY,BE,,,,,COFFEE DAY ENTERPRISE LTD,31.84,32.5,31.6,32.23,32.1,31.84,,32.19,,,226493,7248397.64,606,F1,1,,,,,
2026-07-16,2026-07-16,CM,NSE,STK,11543,INE591G01025,COFORGE,EQ,,,,,COFORGE LIMITED,1536.1,1557.4,1527.3,1530.7,1535.0,1533.2,,1530.7,,,1803970,2781450885.8,65414,F1,1,,,,,
2026-07-16,2026-07-16,CM,NSE,STK,17945,INE03QK01018,COHANCE,EQ,,,,,COHANCE LIFESCIENCES LTD,435.1,445.9,429.1,441.75,444.2,434.75,,441.85,,,399035,174362815.15,16278,F1,1,,,,,
2026-07-16,2026-07-16,CM,NSE,STK,15141,INE259A01022,COLPAL,EQ,,,,,COLGATE PALMOLIVE LTD.,2013.8,2028.0,1996.5,2001.1,1999.0,2011.8,,2001.1,,,208566,419173365.7,17633,F1,1,,,,,
2026-07-16,2026-07-16,CM,NSE,STK,762628,INE819A01049,COMFINTE,EQ,,,,,COMFORT INTECH LTD.,5.6,5.75,5.49,5.53,5.51,5.6,,5.53,,,313489,1744483.37,465,F1,1,,,,,
2026-07-16,2026-07-16,CM,NSE,STK,21578,INE073V01015,COMSYN,EQ,,,,,COMMERCIAL SYN BAGS LTD,191.18,191.99,187.11,187.84,187.26,191.29,,187.84,,,36240,6842850.88,1108,F1,1,,,,,
2026-07-16,2026-07-16,CM,NSE,STK,19670,INE070C01037,COMPINFO,BZ,,,,,COMPUAGE INFOCOM LTD,1.26,1.26,1.14,1.2,1.2,1.2,,1.18,,,9950,11551.53,37,F1,1,,,,,
2026-07-16,2026-07-16,CM,NSE,STK,31138,INE453B01029,COMPUSOFT,EQ,,,,,COMPUCOM SOFTWARE LTD,12.99,13.2,12.9,13.13,13.19,12.94,,13.13,,,6432,84043.47,93,F1,1,,,,,
2026-07-16,2026-07-16,CM,NSE,STK,342,INE596I01020,CAMS,EQ,,,,,COMPUTER AGE MNGT SER LTD,763.0,764.8,749.7,751.1,751.75,764.8,,751.1,,,980548,739157166.4,54440,F1,1,,,,,
2026-07-16,2026-07-16,CM,NSE,STK,18060,INE338H01029,CONCORDBIO,EQ,,,,,CONCORD BIOTECH LIMITED,1365.6,1365.6,1327.0,1346.0,1338.4,1338.9,,1345.9,,,70385,94616421.9,9099,F1,1,,,,,
2026-07-16,2026-07-16,CM,NSE,STK,28764,INE037Z01029,CEWATER,EQ,,,,,CONCORD ENVIRO SYSTEMS L,320.0,321.55,316.2,319.7,320.0,319.45,,319.7,,,82011,26175815.6,3034,F1,1,,,,,
2026-07-16,2026-07-16,CM,NSE,STK,10238,INE552D01024,CONFIPET,EQ,,,,,CONFIDENCE PETRO IND LTD.,75.34,77.0,73.16,75.53,76.4,75.35,,75.52,,,1755867,131689802.59,8968,F1,1,,,,,
2026-07-16,2026-07-16,CM,NSE,STK,758453,INE0EAS01014,CONNPLEX,SM,,,,,CONNPLEX CINEMAS LIMITED,197.5,206.0,197.35,205.65,206.0,194.15,,205.65,,,29600,6003560.0,29,F1,800,,,,,
2026-07-16,2026-07-16,CM,NSE,STK,14992,INE429I01024,CCCL,EQ,,,,,CONS. CONST. CONSORT LTD,16.99,17.2,16.3,16.4,16.44,16.99,,16.41,,,259632,4289941.18,1026,F1,1,,,,,
2026-07-16,2026-07-16,CM,NSE,STK,11731,INE025A01027,CONSOFINVT,EQ,,,,,CONSO. FIN. & HOLD. LTD.,274.02,279.18,268.0,270.12,273.91,272.42,,270.12,,,6278,1713434.37,226,F1,1,,,,,
2026-07-16,2026-07-16,CM,NSE,STK,4749,INE111A01025,CONCOR,EQ,,,,,CONTAINER CORP OF IND LTD,492.0,494.7,485.35,490.3,490.4,492.9,,490.3,,,912852,447395295.6,19751,F1,1,,,,,
2026-07-16,2026-07-16,CM,NSE,STK,2531,INE340Z01019,CONTI,SM,,,,,CONTINENTAL SEED CHEM LTD,10.85,10.85,10.85,10.85,10.85,11.4,,10.85,,,6666,72326.1,2,F1,3333,,,,,
2026-07-16,2026-07-16,CM,NSE,STK,17477,INE663B01015,CONTROLPR,EQ,,,,,CONTROL PRINT LIMITED,643.7,650.9,641.8,648.25,644.5,643.05,,648.2,,,9056,5850681.7,1033,F1,1,,,,,
2026-07-16,2026-07-16,CM,NSE,STK,8567,INE0HS001028,COOLCAPS,ST,,,,,COOL CAPS INDUSTRIES LTD,21.5,21.5,21.0,21.0,21.0,21.4,,21.0,,,41250,869875.0,26,F1,1250,,,,,
2026-07-16,2026-07-16,CM,NSE,STK,4007,INE558D01021,CORALFINAC,EQ,,,,,CORAL INDIA FIN & HOUS LT,33.47,33.47,31.5,31.99,32.0,32.57,,32.01,,,35911,1156232.15,294,F1,1,,,,,
2026-07-16,2026-07-16,CM,NSE,STK,15275,INE792I01017,CORDSCABLE,BE,,,,,CORDS CABLE INDUS LTD.,204.9,204.9,199.0,200.66,199.0,201.13,,200.73,,,8953,1803045.55,153,F1,1,,,,,
2026-07-16,2026-07-16,CM,NSE,STK,739,INE169A01031,COROMANDEL,EQ,,,,,COROMANDEL INTERNTL. LTD,2062.0,2073.6,2014.8,2022.2,2020.0,2056.1,,2022.2,,,151447,308307840.2,19538,F1,1,,,,,
2026-07-16,2026-07-16,CM,NSE,STK,760254,INE02ZQ01018,CORONA,EQ,,,,,CORONA REMEDIES LIMITED,2089.0,2123.7,2051.6,2064.9,2075.0,2063.4,,2065.0,,,27367,57074945.8,6744,F1,1,,,,,
2026-07-16,2026-07-16,CM,NSE,STK,742,INE757A01017,COSMOFIRST,EQ,,,,,COSMO FIRST LIMITED,827.15,858.8,822.6,846.4,844.05,827.15,,846.4,,,108840,92061625.8,5140,F1,1,,,,,
2026-07-16,2026-07-16,CM,NSE,STK,6385,INE652F01027,CCHHL,EQ,,,,,COUNTRY CLUB HOSP HOL LTD,13.04,13.1,12.76,12.98,12.98,13.11,,12.98,,,4460,57538.42,93,F1,1,,,,,
2026-07-16,2026-07-16,CM,NSE,STK,16986,INE695B01025,COUNCODOS,EQ,,,,,COUNTRY CONDO S LIMITED,7.48,7.48,6.75,6.75,6.75,7.36,,6.75,,,455570,3145573.0,879,F1,1,,,,,
2026-07-16,2026-07-16,CM,NSE,STK,20090,INE521J01018,CPCAP,BE,,,,,CP CAPITAL LIMITED,111.45,111.95,107.0,107.32,110.0,110.99,,107.32,,,27991,3070445.54,110,F1,1,,,,,
2026-07-16,2026-07-16,CM,NSE,STK,2328,INF457M01133,CPSEETF,EQ,,,,,CPSE ETF,95.91,96.91,95.5,95.53,95.59,95.91,,95.53,,,386896,37077735.68,5893,F1,1,,,,,
2026-07-16,2026-07-16,CM,NSE,STK,2854,INE00LO01017,CRAFTSMAN,EQ,,,,,CRAFTSMAN AUTOMATION LTD,9245.0,9277.0,9070.0,9101.0,9124.0,9230.5,,9101.0,,,23755,216573149.0,5817,F1,1,,,,,
2026-07-16,2026-07-16,CM,NSE,STK,16419,INE0OFK01019,CRAYONS,SM,,,,,CRAYONS ADVERTISING LTD,28.0,28.0,28.0,28.0,28.0,28.7,,28.0,,,1000,28000.0,1,F1,1000,,,,,
2026-07-16,2026-07-16,CM,NSE,STK,9384,INE230B01021,CREATIVEYE,EQ,,,,,CREATIVE EYE LIMITED,5.87,6.09,5.61,5.99,6.0,5.86,,5.99,,,8940,52616.35,101,F1,1,,,,,
2026-07-16,2026-07-16,CM,NSE,STK,23468,INE0R7401011,CGRAPHICS,SM,,,,,CREATIVE GRAPHICS S IND L,135.0,137.95,133.05,133.05,133.05,136.35,,133.05,,,18400,2497560.0,23,F1,800,,,,,
2026-07-16,2026-07-16,CM,NSE,STK,11155,INE985W01018,CNL,EQ,,,,,CREATIVE NEWTECH LIMITED,902.0,931.95,901.45,917.45,918.0,903.95,,917.5,,,49360,45239773.25,2839,F1,1,,,,,
2026-07-16,2026-07-16,CM,NSE,STK,4421,INE741K01010,CREDITACC,EQ,,,,,CREDITACCESS GRAMEEN LTD,1489.0,1506.5,1471.6,1495.1,1494.9,1477.5,,1495.2,,,175314,261204224.1,16956,F1,1,,,,,
2026-07-16,2026-07-16,CM,NSE,STK,20878,INE220Q01020,MUFTI,EQ,,,,,CREDO BRANDS MARKETING L,88.0,88.0,85.1,85.59,85.1,87.0,,85.59,,,44721,3853436.63,992,F1,1,,,,,
2026-07-16,2026-07-16,CM,NSE,STK,13900,INE559D01011,CREST,EQ,,,,,CREST VENTURES LIMITED,365.1,372.0,362.5,370.15,369.9,365.45,,370.15,,,4727,1741994.4,61,F1,1,,,,,
2026-07-16,2026-07-16,CM,NSE,STK,757,INE007A01025,CRISIL,EQ,,,,,CRISIL LTD,4227.5,4300.0,4192.4,4231.1,4220.1,4209.9,,4231.1,,,130520,555477650.9,21024,F1,1,,,,,
2026-07-16,2026-07-16,CM,NSE,STK,757850,INE0S4R01014,CRIZAC,EQ,,,,,CRIZAC LIMITED,194.99,194.99,188.2,188.88,188.2,193.26,,188.88,,,408955,77752363.88,10579,F1,1,,,,,
2026-07-16,2026-07-16,CM,NSE,STK,17094,INE299U01018,CROMPTON,EQ,,,,,CROMPT GREA CON ELEC LTD,260.85,264.35,258.95,260.3,259.55,259.55,,260.3,,,3505606,913146170.1,65879,F1,1,,,,,
2026-07-16,2026-07-16,CM,NSE,STK,18260,INE00NH01017,CLSL,SM,,,,,CROP LIFE SCIENCE LIMITED,56.0,61.0,56.0,60.4,61.0,52.95,,60.4,,,116000,6826900.0,56,F1,2000,,,,,
2026-07-16,2026-07-16,CM,NSE,STK,8083,INE491V01019,CROWN,EQ,,,,,CROWN LIFTERS LIMITED,113.15,115.55,112.32,113.7,114.3,113.71,,113.7,,,4164,472573.9,83,F1,1,,,,,
2026-07-16,2026-07-16,CM,NSE,STK,14966,INE679A01013,CSBBANK,EQ,,,,,CSB BANK LIMITED,365.95,369.7,361.55,365.55,365.5,365.7,,365.55,,,153642,56044660.8,7666,F1,1,,,,,
2026-07-16,2026-07-16,CM,NSE,STK,10350,INE718F01018,CSLFINANCE,EQ,,,,,CSL FINANCE LIMITED,217.87,221.0,211.2,214.93,213.9,217.87,,214.95,,,36264,7845215.58,997,F1,1,,,,,
2026-07-16,2026-07-16,CM,NSE,STK,763753,INE0ZK601013,CSM,EQ,,,,,CSM TECHNOLOGIES LIMITED,100.91,109.8,100.9,106.24,106.87,101.1,,106.56,,,646568,68658467.66,7748,F1,1,,,,,
2026-07-16,2026-07-16,CM,NSE,STK,15078,INE0NR623014,CUBEINVIT,IV,,,,,CUBE HIGHWAYS TRUST,154.0,154.0,153.3,154.0,154.0,154.0,,154.0,,,425000,65355000.0,11,F1,25000,,,,,
2026-07-16,2026-07-16,CM,NSE,STK,4064,INE144D01012,CUBEXTUB,EQ,,,,,CUBEX TUBINGS LTD,80.28,80.5,78.35,78.91,78.6,79.89,,78.92,,,20760,1643681.39,558,F1,1,,,,,
2026-07-16,2026-07-16,CM,NSE,STK,1901,INE298A01020,CUMMINSIND,EQ,,,,,CUMMINS INDIA LTD,5557.0,5674.5,5473.5,5592.0,5600.0,5549.5,,5592.0,,,686668,3850069969.0,59692,F1,1,,,,,
2026-07-16,2026-07-16,CM,NSE,STK,18520,INE509F01029,CUPID,EQ,,,,,CUPID LIMITED,220.75,222.0,208.22,212.98,212.89,219.66,,212.96,,,43210670,9313076603.59,227565,F1,1,,,,,
2026-07-16,2026-07-16,CM,NSE,STK,30189,INE117B01020,CURAA,EQ,,,,,CURA TECHNOLOGIES LIMITED,75.01,79.95,75.01,77.42,75.05,74.3,,77.39,,,336,25852.26,31,F1,1,,,,,
2026-07-16,2026-07-16,CM,NSE,STK,759825,INE1BZN01016,CURIS,SM,,,,,CURIS LIFESCIENCES LTD,103.5,107.0,103.3,105.05,104.0,102.2,,105.05,,,31000,3230400.0,13,F1,1000,,,,,
2026-07-16,2026-07-16,CM,NSE,STK,758964,INE1CRQ01014,CURRENT,SM,,,,,CURRENT INFRAPROJECTS LTD,85.0,103.55,85.0,102.0,102.0,101.0,,102.0,,,8000,778480.0,5,F1,1600,,,,,
2026-07-16,2026-07-16,CM,NSE,STK,11845,INE278G01037,CYBERMEDIA,BE,,,,,CYBER MEDIA (INDIA) LTD.,15.68,16.0,15.5,15.51,15.96,16.0,,15.53,,,1272,19809.08,50,F1,1,,,,,
2026-07-16,2026-07-16,CM,NSE,STK,11447,INE075Z01011,CMRSL,SM,,,,,CYBER MEDIA RES & SER LTD,62.75,62.75,62.75,62.75,62.75,66.0,,62.75,,,800,50200.0,1,F1,800,,,,,
2026-07-16,2026-07-16,CM,NSE,STK,6054,INE214A01019,CYBERTECH,BE,,,,,CYBERTECH SYSTEMS & SOFTW,144.0,144.0,138.0,140.42,140.0,143.05,,140.46,,,11110,1568628.41,138,F1,1,,,,,
2026-07-16,2026-07-16,CM,NSE,STK,17187,INE055S01018,CYIENTDLM,EQ,,,,,CYIENT DLM LIMITED,543.2,591.0,543.2,586.9,590.0,538.5,,586.9,,,3075266,1780162705.35,74120,F1,1,,,,,
2026-07-16,2026-07-16,CM,NSE,STK,5748,INE136B01020,CYIENT,EQ,,,,,CYIENT LIMITED,845.0,865.5,841.2,859.5,857.25,839.45,,859.45,,,327223,280702212.65,20494,F1,1,,,,,
2026-07-16,2026-07-16,CM,NSE,STK,16902,INE864X01013,DPWIRES,BE,,,,,D P WIRES LIMITED,175.0,177.85,174.01,176.75,175.41,174.59,,176.75,,,9286,1638490.54,140,F1,1,,,,,
2026-07-16,2026-07-16,CM,NSE,STK,17851,INE250K01012,DLINKINDIA,EQ,,,,,D-LINK INDIA LTD,465.3,469.9,457.0,458.1,459.9,466.8,,458.1,,,115655,53350860.65,3881,F1,1,,,,,
2026-07-16,2026-07-16,CM,NSE,STK,936,INE266Y01019,DPABHUSHAN,EQ,,,,,D. P. ABHUSHAN LIMITED,1304.0,1330.0,1267.35,1328.15,1325.55,1307.2,,1328.1,,,75761,99191163.85,6799,F1,1,,,,,
2026-07-16,2026-07-16,CM,NSE,STK,17881,INE950I01011,DBCORP,EQ,,,,,D.B.CORP LTD,209.9,224.2,207.34,210.61,210.49,208.47,,210.62,,,4261973,926205349.95,51397,F1,1,,,,,
2026-07-16,2026-07-16,CM,NSE,STK,772,INE016A01026,DABUR,EQ,,,,,DABUR INDIA LTD,433.6,433.8,428.75,429.45,430.0,431.3,,429.45,,,1622560,698830634.95,26666,F1,1,,,,,
2026-07-16,2026-07-16,CM,NSE,STK,762636,INE928C01010,DAICHI,BE,,,,,DAI-ICHI KARKARIA LTD.,315.0,320.7,312.0,312.45,312.45,313.3,,312.45,,,440,138203.3,25,F1,1,,,,,
2026-07-16,2026-07-16,CM,NSE,STK,8075,INE00R701025,DALBHARAT,EQ,,,,,DALMIA BHARAT LIMITED,1840.5,1840.5,1817.6,1830.3,1830.0,1824.7,,1830.2,,,209784,383414409.4,18414,F1,1,,,,,
2026-07-16,2026-07-16,CM,NSE,STK,781,INE495A01022,DALMIASUG,EQ,,,,,DALMIA BHARAT SUG IN LTD,356.0,369.8,356.0,363.75,368.0,357.5,,363.7,,,103226,37547284.15,2899,F1,1,,,,,
2026-07-16,2026-07-16,CM,NSE,STK,28662,INE284H01025,DAMCAPITAL,EQ,,,,,DAM CAPITAL ADVISORS LTD,171.53,173.7,166.65,170.49,171.5,169.45,,170.49,,,1776579,303959179.53,20620,F1,1,,,,,
2026-07-16,2026-07-16,CM,NSE,STK,17569,INE497D01022,DAMODARIND,BE,,,,,DAMODAR INDUSTRIES LTD,30.2,30.2,28.75,29.78,29.79,30.2,,29.78,,,4748,139454.8,36,F1,1,,,,,
2026-07-16,2026-07-16,CM,NSE,STK,1110,INE688Y01022,DANGEE,EQ,,,,,DANGEE DUMS LIMITED,3.24,3.24,3.11,3.13,3.18,3.13,,3.13,,,14909,47301.72,49,F1,1,,,,,
2026-07-16,2026-07-16,CM,NSE,STK,25927,INE0YU901016,DANISH,SM,,,,,DANISH POWER LIMITED,885.0,886.05,825.5,870.5,875.0,902.0,,870.5,,,55500,47805330.0,301,F1,150,,,,,
2026-07-16,2026-07-16,CM,NSE,STK,757107,INE04Q901010,DCCL,SM,,,,,DAR CREDIT & CAPITAL LTD,46.0,50.0,46.0,48.45,48.95,45.5,,48.45,,,30000,1452200.0,15,F1,2000,,,,,
2026-07-16,2026-07-16,CM,NSE,STK,7358,INE0IX101010,DATAPATTNS,EQ,,,,,DATA PATTERNS INDIA LTD,4198.9,4207.7,4092.0,4142.4,4162.6,4189.7,,4141.5,,,363880,1506196789.1,37449,F1,1,,,,,
2026-07-16,2026-07-16,CM,NSE,STK,11423,INE365B01017,DATAMATICS,EQ,,,,,DATAMATICS GLOBAL SER LTD,857.75,870.0,845.0,849.95,847.0,853.5,,849.95,,,71900,61608346.75,5605,F1,1,,,,,
2026-07-16,2026-07-16,CM,NSE,STK,21794,INE179G01029,DAVANGERE,EQ,,,,,DAVANGERE SUGAR COMPANY L,3.48,3.63,3.47,3.51,3.5,3.48,,3.51,,,6469578,22785698.74,3241,F1,1,,,,,
2026-07-16,2026-07-16,CM,NSE,STK,31111,INE921B01025,DBSTOCKBRO,BE,,,,,DB (INT) STOCK BROKERS,37.46,39.5,37.46,38.97,39.0,38.56,,39.17,,,4249,165024.51,73,F1,1,,,,,
2026-07-16,2026-07-16,CM,NSE,STK,11566,INE0A1101019,DCI,EQ,,,,,DC INFOTECH AND COMUN LTD,276.9,276.9,265.0,272.25,270.0,271.8,,272.25,,,7447,2015218.75,328,F1,1,,,,,
2026-07-16,2026-07-16,CM,NSE,STK,13725,INE503A01015,DCBBANK,EQ,,,,,DCB BANK LIMITED,190.3,190.95,185.4,186.37,186.49,190.3,,186.36,,,552226,103169343.01,13108,F1,1,,,,,
2026-07-16,2026-07-16,CM,NSE,STK,761737,INE04Q907181,1275DCCL28,N0,,,,,DCCL 12.75% 2028,9585.0,9585.0,9585.0,9585.0,9585.0,9585.0,,9585.0,,,1,9585.0,1,F1,1,,,,,
2026-07-16,2026-07-16,CM,NSE,STK,23520,INE0S8401018,DCG,SM,,,,,DCG CABLES & WIRES LTD,54.1,54.1,54.1,54.1,54.1,53.05,,54.1,,,2400,129840.0,2,F1,1200,,,,,
2026-07-16,2026-07-16,CM,NSE,STK,8704,INE891B01012,DCMFINSERV,BE,,,,,DCM FINANCIAL SERVICES LT,5.37,5.37,5.15,5.15,5.15,5.35,,5.15,,,662,3425.04,10,F1,1,,,,,
2026-07-16,2026-07-16,CM,NSE,STK,7323,INE498A01018,DCM,BE,,,,,DCM LIMITED,99.0,100.0,94.05,97.77,99.79,99.0,,97.77,,,49634,4758295.66,212,F1,1,,,,,
2026-07-16,2026-07-16,CM,NSE,STK,11041,INE08KP01019,DCMNVL,BE,,,,,DCM NOUVELLE LIMITED,146.0,150.9,146.0,149.78,150.5,146.0,,149.81,,,2679,398014.95,19,F1,1,,,,,
2026-07-16,2026-07-16,CM,NSE,STK,760893,INE0OFM01015,DSFCL,BE,,,,,DCM SHRIRAM FINE CHEM LTD,23.84,24.29,23.41,24.21,24.29,23.53,,24.31,,,65543,1571561.82,240,F1,1,,,,,
2026-07-16,2026-07-16,CM,NSE,STK,7325,INE843D01027,DCMSRIND,EQ,,,,,DCM SHRIRAM IND LTD,40.35,41.0,39.3,39.76,40.47,40.35,,39.76,,,90631,3630212.98,1128,F1,1,,,,,
2026-07-16,2026-07-16,CM,NSE,STK,760898,INE0OU201013,DCMSIL,BE,,,,,DCM SHRIRAM INTERNATNL L,83.11,83.11,83.11,83.11,83.11,81.49,,83.59,,,21977,1826508.47,22,F1,1,,,,,
2026-07-16,2026-07-16,CM,NSE,STK,811,INE499A01024,DCMSHRIRAM,EQ,,,,,DCM SHRIRAM LIMITED,1027.6,1033.5,1008.2,1017.3,1019.8,1027.6,,1017.3,,,54634,55788954.2,6226,F1,1,,,,,
2026-07-16,2026-07-16,CM,NSE,STK,817,INE500A01029,DCW,EQ,,,,,DCW LTD,47.14,47.57,46.55,46.93,46.85,46.86,,46.93,,,554875,26100984.4,3298,F1,1,,,,,
2026-07-16,2026-07-16,CM,NSE,STK,11895,INE0KL801015,DCXINDIA,EQ,,,,,DCX SYSTEMS LIMITED,192.97,193.8,190.0,190.64,190.7,192.87,,190.65,,,359164,68758158.08,4749,F1,1,,,,,
2026-07-16,2026-07-16,CM,NSE,STK,29098,INE0HR601026,DDEVPLSTIK,EQ,,,,,DDEV PLASTIKS IND LTD,292.9,295.25,285.3,287.0,286.75,291.35,,287.0,,,57801,16788069.1,3365,F1,1,,,,,
2026-07-16,2026-07-16,CM,NSE,STK,15449,INE0JWV01011,DENEERS,SM,,,,,DE NEERS TOOLS LIMITED,197.9,203.95,192.55,196.45,198.8,195.0,,196.45,,,19800,3907530.0,33,F1,600,,,,,
2026-07-16,2026-07-16,CM,NSE,STK,4279,INE244A01016,DENORA,EQ,,,,,DE NORA INDIA LIMITED,926.8,929.0,882.4,896.05,905.0,920.25,,896.05,,,6514,5893000.55,794,F1,1,,,,,
2026-07-16,2026-07-16,CM,NSE,STK,14838,INE583C01021,DECCANCE,EQ,,,,,DECCAN CEMENTS LIMITED,569.35,600.0,569.35,582.7,589.3,568.8,,582.85,,,31978,18755721.3,2059,F1,1,,,,,
2026-07-16,2026-07-16,CM,NSE,STK,762638,INE945F01025,DECNGOLD,EQ,,,,,DECCAN GOLD MINES LTD.,201.0,201.0,193.5,198.06,197.89,200.09,,198.14,,,926426,182689215.03,11186,F1,1,,,,,
2026-07-16,2026-07-16,CM,NSE,STK,25421,INE0S7C01019,DECCANTRAN,SM,,,,,DECCAN TRANSCON LEASING L,21.5,21.5,20.8,20.8,20.8,21.0,,20.8,,,4800,102360.0,4,F1,1200,,,,,
2026-07-16,2026-07-16,CM,NSE,STK,24156,INE841L01016,DEEDEV,BE,,,,,DEE DEVELOPMENT ENG LTD,713.95,718.8,692.6,703.5,704.95,719.35,,703.8,,,47432,33342397.0,1352,F1,1,,,,,
2026-07-16,2026-07-16,CM,NSE,STK,22802,INE586O01011,DEEM,ST,,,,,DEEM ROLL TECH LIMITED,54.7,54.7,54.7,54.7,54.7,52.25,,54.7,,,1000,54700.0,1,F1,1000,,,,,
2026-07-16,2026-07-16,CM,NSE,STK,3292,INE0FHS01024,DEEPINDS,EQ,,,,,DEEP INDUSTRIES LIMITED,458.8,478.9,458.8,474.6,475.0,458.75,,474.6,,,311682,146865720.45,5661,F1,1,,,,,
2026-07-16,2026-07-16,CM,NSE,STK,25894,INE0OPA01027,DBEIL,BE,,,,,DEEPAK BUILDERS & ENG I L,7.95,8.2,7.8,7.95,7.91,8.08,,7.95,,,192245,1519554.21,415,F1,1,,,,,
2026-07-16,2026-07-16,CM,NSE,STK,827,INE501A01019,DEEPAKFERT,EQ,,,,,DEEPAK FERTILIZERS & PETR,1550.0,1642.0,1546.5,1601.1,1592.0,1548.8,,1601.2,,,1259745,2034523965.5,62286,F1,1,,,,,
2026-07-16,2026-07-16,CM,NSE,STK,19943,INE288B01029,DEEPAKNTR,EQ,,,,,DEEPAK NITRITE LTD,1705.0,1764.0,1696.4,1741.8,1740.0,1697.0,,1741.8,,,387052,674186967.1,30579,F1,1,,,,,
2026-07-16,2026-07-16,CM,NSE,STK,22527,INE0SK801018,DELAPLEX,SM,,,,,DELAPLEX LIMITED,101.95,101.95,101.95,101.95,101.95,98.05,,101.95,,,600,61170.0,1,F1,600,,,,,
2026-07-16,2026-07-16,CM,NSE,STK,9599,INE148O01028,DELHIVERY,EQ,,,,,DELHIVERY LIMITED,499.95,501.1,490.05,496.65,497.65,498.35,,496.65,,,2976155,1473344090.65,52770,F1,1,,,,,
2026-07-16,2026-07-16,CM,NSE,STK,24395,INE726L01027,DELPHIFX,BE,,,,,DELPHI WORLD MONEY LTD,7.61,7.61,7.61,7.61,7.61,8.01,,7.59,,,222948,1696634.28,187,F1,1,,,,,
2026-07-16,2026-07-16,CM,NSE,STK,29095,INE0XRN01019,DELTIC,ST,,,,,DELTA AUTOCORP LIMITED,34.6,35.0,33.5,34.45,34.7,34.55,,34.45,,,5000,172000.0,5,F1,1000,,,,,
2026-07-16,2026-07-16,CM,NSE,STK,15044,INE124G01033,DELTACORP,EQ,,,,,DELTA CORP LIMITED,65.5,65.5,64.21,65.11,65.0,64.96,,65.1,,,999525,64903571.16,5922,F1,1,,,,,
2026-07-16,2026-07-16,CM,NSE,STK,1214,INE393A01011,DELTAMAGNT,EQ,,,,,DELTA MANUFACTURING LTD,60.9,60.9,58.0,58.73,59.0,58.98,,58.71,,,3015,177303.58,47,F1,1,,,,,
2026-07-16,2026-07-16,CM,NSE,STK,17722,INE947J01015,DEN,EQ,,,,,DEN NETWORKS LTD,29.2,29.2,28.13,28.21,28.29,28.94,,28.21,,,600666,17090623.97,2412,F1,1,,,,,
2026-07-16,2026-07-16,CM,NSE,STK,29256,INE0R4L01018,DENTA,EQ,,,,,DENTA WATER N INFRA SOL L,336.85,338.15,327.1,328.7,328.05,335.85,,328.7,,,173217,57327379.4,4402,F1,1,,,,,
2026-07-16,2026-07-16,CM,NSE,STK,759079,INE0VOV01021,DEVX,EQ,,,,,DEV ACCELERATOR LIMITED,35.0,35.0,34.0,34.19,34.31,34.66,,34.19,,,80700,2766855.73,482,F1,1,,,,,
2026-07-16,2026-07-16,CM,NSE,STK,8146,INE060X01034,DEVIT,EQ,,,,,DEV INFO TECHNOLOGY LTD,29.0,29.2,28.11,28.41,28.45,28.77,,28.42,,,15418,440292.22,255,F1,1,,,,,
2026-07-16,2026-07-16,CM,NSE,STK,5373,INE872J01023,DEVYANI,EQ,,,,,DEVYANI INTERNATIONAL LTD,111.49,112.04,110.1,110.44,110.37,111.03,,110.44,,,712008,78865753.72,8373,F1,1,,,,,
2026-07-16,2026-07-16,CM,NSE,STK,10895,INE0I3401014,DBOL,BE,,,,,DHAMPUR BIO ORGANICS LTD,112.29,112.88,107.26,108.33,108.0,112.6,,108.33,,,128545,14043162.27,991,F1,1,,,,,
2026-07-16,2026-07-16,CM,NSE,STK,857,INE041A01016,DHAMPURSUG,EQ,,,,,DHAMPUR SUGAR MILLS LTD.,143.22,144.65,142.57,143.51,143.9,142.72,,143.51,,,110240,15822623.39,1428,F1,1,,,,,
2026-07-16,2026-07-16,CM,NSE,STK,11359,INE680A01011,DHANBANK,EQ,,,,,DHANLAXMI BANK LIMITED,33.92,34.75,33.27,34.1,34.5,33.89,,34.08,,,1167300,39683161.26,5045,F1,1,,,,,
2026-07-16,2026-07-16,CM,NSE,STK,27723,INE0V9V01010,DHANLAXMI,SM,,,,,DHANLAXMI CROP SCIENCE L,23.65,24.2,23.65,24.2,24.2,25.0,,24.2,,,4000,95700.0,2,F1,2000,,,,,
2026-07-16,2026-07-16,CM,NSE,STK,24418,INE0M3I01029,DHANSA,ST,,,,,DHANSA LABS LIMITED,23.0,23.0,23.0,23.0,23.0,23.0,,23.0,,,2000,46000.0,1,F1,2000,,,,,
2026-07-16,2026-07-16,CM,NSE,STK,24409,INE435G01025,DHANUKA,EQ,,,,,DHANUKA AGRITECH LTD,1020.0,1052.8,1020.0,1040.5,1041.0,1034.6,,1040.5,,,22196,23011372.8,2397,F1,1,,,,,
2026-07-16,2026-07-16,CM,NSE,STK,760492,INE2HJL01019,DHARARAIL,ST,,,,,DHARA RAIL PROJECTS LTD,134.0,134.5,134.0,134.5,134.5,133.05,,134.5,,,2000,268500.0,2,F1,1000,,,,,
2026-07-16,2026-07-16,CM,NSE,STK,759203,INE278R01034,DHARAN,BZ,,,,,DHARAN INFRA-EPC LIMITED,0.15,0.16,0.15,0.15,0.16,0.15,,0.15,,,6945235,1068806.42,832,F1,1,,,,,
2026-07-16,2026-07-16,CM,NSE,STK,24747,INE0YRN01025,DHARIWAL,SM,,,,,DHARIWALCORP LIMITED,31.8,37.0,31.5,36.25,35.05,31.7,,36.25,,,360000,12579750.0,97,F1,3000,,,,,
2026-07-16,2026-07-16,CM,NSE,STK,13001,INE00OQ01016,DHARMAJ,EQ,,,,,DHARMAJ CROP GUARD LTD,259.25,260.95,258.8,260.05,260.1,259.95,,260.05,,,6317,1642130.1,556,F1,1,,,,,
2026-07-16,2026-07-16,CM,NSE,STK,6860,INE506Z01015,DHRUV,BE,,,,,DHRUV CONSULTANCY SER LTD,26.9,27.0,25.9,25.92,26.25,27.19,,25.92,,,3905,101575.81,33,F1,1,,,,,
2026-07-16,2026-07-16,CM,NSE,STK,22233,INE320L01011,DHUNINV,EQ,,,,,DHUNSERI INVESTMENTS LTD,947.65,972.0,934.65,961.6,934.65,947.65,,960.8,,,1229,1174328.8,114,F1,1,,,,,
2026-07-16,2026-07-16,CM,NSE,STK,6227,INE341R01014,DTIL,EQ,,,,,DHUNSERI TEA & IND. LTD.,135.15,139.0,135.15,136.27,137.0,136.84,,136.14,,,7572,1036647.14,84,F1,1,,,,,
2026-07-16,2026-07-16,CM,NSE,STK,15214,INE477B01010,DVL,EQ,,,,,DHUNSERI VENTURES LIMITED,236.69,239.88,236.69,239.21,238.3,236.69,,239.21,,,4848,1154498.94,165,F1,1,,,,,
2026-07-16,2026-07-16,CM,NSE,STK,18644,INE591D01014,DIAMINESQ,EQ,,,,,DIAMINES & CHEMICALS LTD,265.43,272.96,260.41,264.47,261.0,265.69,,264.47,,,2739,731265.74,120,F1,1,,,,,
2026-07-16,2026-07-16,CM,NSE,STK,18543,INE989C01038,DIACABS,EQ,,,,,DIAMOND POWER INFRA LTD,229.0,229.0,221.01,224.93,225.49,226.49,,224.93,,,2456934,552330471.01,21594,F1,1,,,,,
2026-07-16,2026-07-16,CM,NSE,STK,703,INE303A01010,DICIND,EQ,,,,,DIC INDIA LIMITED,529.8,536.95,502.55,507.75,505.05,511.85,,506.4,,,444,230060.75,172,F1,1,,,,,
2026-07-16,2026-07-16,CM,NSE,STK,25672,INE184O01015,DIFFNKG,EQ,,,,,DIFFUSION ENGINEERS LTD,391.0,401.0,383.0,390.35,387.15,391.4,,390.55,,,94108,36699943.95,4517,F1,1,,,,,
2026-07-16,2026-07-16,CM,NSE,STK,10346,INE03JI01017,DGCONTENT,EQ,,,,,DIGICONTENT LIMITED,26.01,26.87,25.53,26.6,26.5,26.36,,26.6,,,3075,80726.07,65,F1,1,,,,,
2026-07-16,2026-07-16,CM,NSE,STK,21247,INE0PSC01024,DIGIDRIVE,EQ,,,,,DIGIDRIVE DISTRIBUTORS L,18.8,18.89,18.31,18.76,18.82,18.36,,18.7,,,3892,72136.34,78,F1,1,,,,,
2026-07-16,2026-07-16,CM,NSE,STK,19138,INE0QJ901011,DIGIKORE,SM,,,,,DIGIKORE STUDIOS LIMITED,52.5,57.9,49.6,53.05,53.1,50.65,,53.05,,,130800,6919520.0,167,F1,400,,,,,
2026-07-16,2026-07-16,CM,NSE,STK,16687,INE927C01020,DIGISPICE,BE,,,,,DIGISPICE TECHNOLOGIES LT,19.28,19.44,19.0,19.29,19.3,19.13,,19.29,,,61284,1178800.59,172,F1,1,,,,,
2026-07-16,2026-07-16,CM,NSE,STK,757515,INE0U4701011,DIGITIDE,EQ,,,,,DIGITIDE SOLUTIONS LTD,103.1,106.35,103.1,103.96,103.98,103.62,,103.95,,,251135,26210091.68,3579,F1,1,,,,,
2026-07-16,2026-07-16,CM,NSE,STK,6127,INE731U01028,DIGJAMLMTD,EQ,,,,,DIGJAM LTD,47.01,47.99,43.51,44.62,44.53,46.87,,44.75,,,32349,1441155.77,274,F1,1,,,,,
2026-07-16,2026-07-16,CM,NSE,STK,641,INE016M01021,DNAMEDIA,EQ,,,,,DILIGENT MEDIA CORP LTD.,2.88,2.88,2.81,2.85,2.86,2.85,,2.84,,,13116,37307.24,73,F1,1,,,,,
2026-07-16,2026-07-16,CM,NSE,STK,18086,INE917M01012,DBL,EQ,,,,,DILIP BUILDCON LIMITED,411.65,414.95,406.5,408.35,407.0,411.25,,408.3,,,59335,24269189.6,2899,F1,1,,,,,
2026-07-16,2026-07-16,CM,NSE,STK,762643,INE131C01011,DISAQ,EQ,,,,,DISA INDIA LTD.,12339.0,12499.0,11899.0,12086.0,12120.0,11848.0,,12086.0,,,363,4399976.0,252,F1,1,,,,,
2026-07-16,2026-07-16,CM,NSE,STK,14540,INE836F01026,DISHTV,BE,,,,,DISH TV INDIA LTD.,2.95,2.98,2.92,2.96,2.96,2.93,,2.95,,,539095,1593743.57,733,F1,1,,,,,
2026-07-16,2026-07-16,CM,NSE,STK,21704,INE385W01011,DCAL,EQ,,,,,DISHMAN CARBO AMCIS LTD,194.79,195.5,192.11,194.11,193.11,193.07,,194.11,,,121487,23561546.17,2487,F1,1,,,,,
2026-07-16,2026-07-16,CM,NSE,STK,14479,INE753U01022,DIVGIITTS,EQ,,,,,DIVGI TORQTRANSFER SYST L,955.45,969.0,909.75,942.0,936.1,966.2,,941.95,,,79397,74083835.25,5719,F1,1,,,,,
2026-07-16,2026-07-16,CM,NSE,STK,10940,INE361B01024,DIVISLAB,EQ,,,,,DIVI S LABORATORIES LTD,7320.0,7390.0,7274.0,7316.0,7327.0,7273.0,,7316.0,,,668484,4910460881.5,64521,F1,1,,,,,
2026-07-16,2026-07-16,CM,NSE,STK,30262,INE0NA501011,DIVINEHIRA,ST,,,,,DIVINE HIRA JEWELLERS LTD,116.0,116.95,107.6,112.4,112.4,112.9,,112.4,,,20400,2258520.0,17,F1,1200,,,,,
2026-07-16,2026-07-16,CM,NSE,STK,24286,INE0SCO01019,DPEL,SM,,,,,DIVINE POWER ENERGY LTD,596.0,599.0,580.0,588.8,586.0,590.05,,588.8,,,66000,38885925.0,116,F1,500,,,,,
2026-07-16,2026-07-16,CM,NSE,STK,25680,INE0QYI01019,DIVYADHAN,ST,,,,,DIVYADHAN RECYCLING IND L,53.75,53.75,53.75,53.75,53.75,53.75,,53.75,,,10000,537500.0,2,F1,2000,,,,,
2026-07-16,2026-07-16,CM,NSE,STK,21690,INE935N01020,DIXON,EQ,,,,,DIXON TECHNO (INDIA) LTD,14101.0,14685.0,14101.0,14507.0,14499.0,13651.0,,14507.0,,,2267533,32709064096.0,317804,F1,1,,,,,
2026-07-16,2026-07-16,CM,NSE,STK,12749,INE0B1K01014,DJML,EQ,,,,,DJ MEDIAPRINT & LOG LTD,100.95,106.88,99.22,105.21,105.5,101.01,,105.25,,,409540,43048404.81,5604,F1,1,,,,,
2026-07-16,2026-07-16,CM,NSE,STK,14732,INE271C01023,DLF,EQ,,,,,DLF LIMITED,661.0,661.45,646.7,648.1,648.3,657.75,,648.1,,,6440702,4204123400.3,64513,F1,1,,,,,
2026-07-16,2026-07-16,CM,NSE,STK,6973,INE505A01010,DMCC,EQ,,,,,DMCC SPECIALITY CHEMICALS,257.65,272.8,256.6,269.65,266.6,259.3,,269.55,,,37770,10066884.05,1187,F1,1,,,,,
2026-07-16,2026-07-16,CM,NSE,STK,22533,INE0OGG01015,DHTL,SM,,,,,DOCMODE HEALTH TECH LTD,36.75,37.95,36.7,37.5,37.5,38.6,,37.5,,,8000,297480.0,9,F1,800,,,,,
2026-07-16,2026-07-16,CM,NSE,STK,4822,INE021O01019,DODLA,EQ,,,,,DODLA DAIRY LIMITED,1089.0,1098.6,1070.0,1072.3,1072.0,1085.9,,1072.2,,,12189,13143243.7,2116,F1,1,,,,,
2026-07-16,2026-07-16,CM,NSE,STK,12124,INE966A01022,DOLATALGO,EQ,,,,,DOLAT ALGOTECH LIMITED,70.55,71.39,68.87,69.76,69.8,70.52,,69.76,,,117794,8246806.56,1550,F1,1,,,,,
2026-07-16,2026-07-16,CM,NSE,STK,20560,INE325C01035,DOLLAR,EQ,,,,,DOLLAR INDUSTRIES LIMITED,263.6,267.55,262.75,265.55,265.3,263.6,,265.55,,,85714,22750455.05,3178,F1,1,,,,,
2026-07-16,2026-07-16,CM,NSE,STK,13323,INE0JHH01011,DOLLEX,SM,,,,,DOLLEX AGROTECH LIMITED,29.95,30.25,29.95,30.15,30.25,29.1,,30.15,,,20000,602800.0,5,F1,4000,,,,,
2026-07-16,2026-07-16,CM,NSE,STK,18139,INE920A01037,DOLPHIN,EQ,,,,,DOLPHIN OFF ENT (IND) L,380.6,390.0,380.6,383.4,383.2,380.75,,383.4,,,2502,962343.9,197,F1,1,,,,,
2026-07-16,2026-07-16,CM,NSE,STK,20551,INE321T01012,DOMS,EQ,,,,,DOMS INDUSTRIES LIMITED,2299.5,2336.3,2246.3,2255.8,2255.6,2292.9,,2256.0,,,71198,161365447.9,17212,F1,1,,,,,
2026-07-16,2026-07-16,CM,NSE,STK,13839,INE668D01028,DONEAR,EQ,,,,,DONEAR IND. LIMITED,86.43,86.43,82.31,83.34,83.03,85.29,,83.3,,,14875,1252282.46,317,F1,1,,,,,
2026-07-16,2026-07-16,CM,NSE,STK,15423,INE360C01024,DPSCLTD,BE,,,,,DPSC LIMITED,7.48,7.6,7.25,7.42,7.5,7.43,,7.42,,,66670,491246.86,320,F1,1,,,,,
2026-07-16,2026-07-16,CM,NSE,STK,29452,INE943P01029,AGARWALEYE,EQ,,,,,DR AGARWALS HEALTH CARE L,497.05,503.0,486.5,492.15,490.0,493.75,,492.15,,,61856,30590018.2,12819,F1,1,,,,,
2026-07-16,2026-07-16,CM,NSE,STK,762648,INE934C01018,DRAGARWQ,EQ,,,,,DR. AGARWAL'S EYE HOSP L,5084.0,5099.5,4920.5,4952.5,4989.5,5084.0,,4956.0,,,934,4664250.5,291,F1,1,,,,,
2026-07-16,2026-07-16,CM,NSE,STK,11654,INE600L01024,LALPATHLAB,EQ,,,,,DR. LAL PATH LABS LTD.,1727.6,1744.9,1716.0,1732.7,1733.4,1723.3,,1732.8,,,209707,362784242.0,30514,F1,1,,,,,
2026-07-16,2026-07-16,CM,NSE,STK,881,INE089A01031,DRREDDY,EQ,,,,,DR. REDDY S LABORATORIES,1227.5,1235.0,1221.8,1224.4,1225.0,1229.5,,1224.4,,,1935887,2375738632.9,61547,F1,1,,,,,
2026-07-16,2026-07-16,CM,NSE,STK,2645,INE03RS01027,DRCSYSTEMS,EQ,,,,,DRC SYSTEMS INDIA LIMITED,13.78,13.85,13.6,13.72,13.75,13.73,,13.72,,,35311,486488.51,144,F1,1,,,,,
2026-07-16,2026-07-16,CM,NSE,STK,10859,INE0JS101016,DREAMFOLKS,EQ,,,,,DREAMFOLKS SERVICES LTD,69.0,69.16,68.22,68.89,69.15,68.18,,68.9,,,22270,1531492.73,670,F1,1,,,,,
2026-07-16,2026-07-16,CM,NSE,STK,11271,INE506A01018,DREDGECORP,EQ,,,,,DREDGING CORP OF INDIA,1034.2,1041.0,1017.2,1025.6,1023.6,1030.6,,1025.6,,,60193,61709603.4,3655,F1,1,,,,,
2026-07-16,2026-07-16,CM,NSE,STK,17383,INE0P7201019,DRONE,ST,,,,,DRONE DESTINATION LIMITED,38.8,40.0,38.25,39.0,39.0,38.75,,39.0,,,24500,967050.0,38,F1,500,,,,,
2026-07-16,2026-07-16,CM,NSE,STK,778,INE055C01020,KEEPLEARN,EQ,,,,,DSJ KEEP LEARNING LTD,1.89,1.89,1.71,1.8,1.84,1.87,,1.81,,,26675,47700.96,77,F1,1,,,,,
2026-07-16,2026-07-16,CM,NSE,STK,1927,INF740KA1EU7,LIQUIDETF,EQ,,,,,DSP LIQUID ETF,1000.0,1000.01,999.99,999.99,1000.0,1000.0,,999.99,,,47101,47100984.65,139,F1,1,,,,,
2026-07-16,2026-07-16,CM,NSE,STK,761364,INF740KA1YH2,BANK10ADD,EQ,,,,,DSPAMC - BANK10ADD,17.27,17.39,17.27,17.33,17.33,17.37,,17.33,,,10278394,178031876.06,624,F1,1,,,,,
2026-07-16,2026-07-16,CM,NSE,STK,13644,INF740KA1RX3,BANKADD,EQ,,,,,DSPAMC - DSPBANK,59.16,59.22,58.9,59.03,59.08,59.02,,59.03,,,41016,2422065.32,182,F1,1,,,,,
2026-07-16,2026-07-16,CM,NSE,STK,15356,INF740KA1SW3,GOLDADD,EQ,,,,,DSPAMC - DSPGOLD,136.75,137.38,136.45,136.95,136.85,136.84,,136.95,,,60938,8342445.65,1211,F1,1,,,,,
2026-07-16,2026-07-16,CM,NSE,STK,17207,INF740KA1SX1,ITADD,EQ,,,,,DSPAMC - DSPIT,30.02,30.78,30.02,30.39,30.42,30.17,,30.39,,,19310,589518.96,74,F1,1,,,,,
2026-07-16,2026-07-16,CM,NSE,STK,6606,INF740KA1QK2,EQUAL50ADD,EQ,,,,,DSPAMC - DSPNEWETF,339.52,341.5,339.38,339.87,339.7,339.37,,340.13,,,4681,1594098.46,172,F1,1,,,,,
2026-07-16,2026-07-16,CM,NSE,STK,7451,INF740KA1CL0,NIFTYADD,EQ,,,,,DSPAMC - DSPNIFTY,252.69,254.75,252.69,253.41,253.84,253.04,,253.41,,,5006,1269647.33,173,F1,1,,,,,
2026-07-16,2026-07-16,CM,NSE,STK,17616,INF740KA1SY9,PSUBANKADD,EQ,,,,,DSPAMC - DSPPSBKETF,85.35,85.35,84.21,84.33,84.26,84.8,,84.3,,,12132,1025723.38,188,F1,1,,,,,
2026-07-16,2026-07-16,CM,NSE,STK,17576,INF740KA1TA7,PVTBANKADD,EQ,,,,,DSPAMC - DSPPVBKETF,28.59,28.59,28.26,28.32,28.4,28.49,,28.32,,,131741,3752771.86,123,F1,1,,,,,
2026-07-16,2026-07-16,CM,NSE,STK,7456,INF740KA1ZF3,MIDQ50ADD,EQ,,,,,DSPAMC - DSPQ50ETF,24.94,25.03,24.81,24.88,24.9,24.85,,24.87,,,15712,391297.56,69,F1,1,,,,,
2026-07-16,2026-07-16,CM,NSE,STK,17613,INF740KA1SZ6,SENSEXADD,EQ,,,,,DSPAMC - DSPSENXETF,79.87,79.95,79.45,79.52,79.5,79.36,,79.52,,,689,54908.57,27,F1,1,,,,,
2026-07-16,2026-07-16,CM,NSE,STK,10761,INF740KA1RE3,SILVERADD,EQ,,,,,DSPAMC - DSPSILVETF,209.03,209.21,207.51,208.12,208.45,210.34,,208.12,,,270346,56315727.32,2603,F1,1,,,,,
2026-07-16,2026-07-16,CM,NSE,STK,759368,INF740KA1WU9,FLEXIADD,EQ,,,,,DSPAMC - FLEXIADD,9.97,9.98,9.88,9.89,9.88,9.89,,9.89,,,53574,533285.61,191,F1,1,,,,,
2026-07-16,2026-07-16,CM,NSE,STK,763530,INF740KA1ZA4,FMCGADD,EQ,,,,,DSPAMC - FMCGADD,48.72,48.8,48.53,48.61,48.53,48.51,,48.61,,,1080,52556.51,19,F1,1,,,,,
2026-07-16,2026-07-16,CM,NSE,STK,22592,INF740KA1ZG1,HEALTHADD,EQ,,,,,DSPAMC - HEALTHADD,16.69,16.73,16.59,16.61,16.61,16.62,,16.61,,,71116,1185603.91,78,F1,1,,,,,
2026-07-16,2026-07-16,CM,NSE,STK,23407,INF740KA1UM0,LIQUIDADD,EQ,,,,,DSPAMC - LIQUIDADD,1135.82,1135.84,1135.82,1135.82,1135.84,1135.68,,1135.82,,,381711,433558235.91,762,F1,1,,,,,
2026-07-16,2026-07-16,CM,NSE,STK,760356,INF740KA1WW5,MIDCAPADD,EQ,,,,,DSPAMC - MIDCAPADD,23.19,23.21,23.11,23.15,23.17,23.22,,23.14,,,2088,48352.03,16,F1,1,,,,,
2026-07-16,2026-07-16,CM,NSE,STK,759978,INF740KA1WV7,MSCIADD,EQ,,,,,DSPAMC - MSCIADD,29.5,29.61,29.49,29.49,29.49,29.5,,29.49,,,1986,58588.77,5,F1,1,,,,,
2026-07-16,2026-07-16,CM,NSE,STK,29464,INF740KA1VE5,NEXT30ADD,EQ,,,,,DSPAMC - NEXT30ADD,42.14,42.21,41.83,41.89,41.88,42.13,,41.89,,,2309,96982.65,46,F1,1,,,,,
2026-07-16,2026-07-16,CM,NSE,STK,760599,INF740KA1XU7,NEXT50ADD,EQ,,,,,DSPAMC - NEXT50ADD,72.43,73.0,71.92,71.92,71.92,72.26,,71.92,,,2124,153747.47,25,F1,1,,,,,
2026-07-16,2026-07-16,CM,NSE,STK,760359,INF740KA1WX3,SMALLADD,EQ,,,,,DSPAMC - SMALLADD,18.21,18.25,18.08,18.14,18.19,18.21,,18.14,,,9472,171974.67,103,F1,1,,,,,
2026-07-16,2026-07-16,CM,NSE,STK,25171,INF740KA1UR9,TOP10ADD,EQ,,,,,DSPAMC - TOP10ADD,87.57,87.6,87.05,87.18,87.24,87.14,,87.2,,,34725,3032652.79,340,F1,1,,,,,
2026-07-16,2026-07-16,CM,NSE,STK,28952,INE741L01018,DUCON,EQ,,,,,DUCON INFRATECHNOLOGIES L,3.07,3.08,3.02,3.05,3.07,3.03,,3.05,,,127211,388014.73,174,F1,1,,,,,
2026-07-16,2026-07-16,CM,NSE,STK,5466,INE0HPK01020,DUGLOBAL,ST,,,,,DUDIGITAL GLOBAL LIMITED,29.75,29.75,27.95,28.2,28.2,29.4,,28.2,,,137500,3879125.0,41,F1,2500,,,,,
2026-07-16,2026-07-16,CM,NSE,STK,24167,INE0OUW01013,DURLAX,ST,,,,,DURLAX TOP SURFACE LTD,48.0,48.75,47.55,47.9,48.0,49.0,,47.9,,,24000,1154700.0,12,F1,2000,,,,,
2026-07-16,2026-07-16,CM,NSE,STK,11667,INE366A01041,DWARKESH,EQ,,,,,DWARIKESH SUGAR IND LTD,43.87,44.0,43.17,43.41,43.25,43.31,,43.39,,,452854,19706768.37,2389,F1,1,,,,,
2026-07-16,2026-07-16,CM,NSE,STK,25690,INE417B01040,DSSL,EQ,,,,,DYNACONS SYS & SOLN LTD,1258.5,1272.9,1203.5,1210.8,1215.0,1251.0,,1211.0,,,56096,68404117.1,5258,F1,1,,,,,
2026-07-16,2026-07-16,CM,NSE,STK,4525,INE221B01012,DYNAMATECH,EQ,,,,,DYNAMATIC TECHNOLOGIES,10269.0,10650.0,10239.0,10537.0,10505.0,10262.0,,10537.0,,,10863,113567344.0,4036,F1,1,,,,,
2026-07-16,2026-07-16,CM,NSE,STK,10417,INE600Y01019,DYCL,EQ,,,,,DYNAMIC CABLES LIMITED,386.0,397.0,378.0,393.3,393.45,387.4,,393.3,,,432229,167316503.2,13110,F1,1,,,,,
2026-07-16,2026-07-16,CM,NSE,STK,6082,INE0DZ701010,DYNAMIC,ST,,,,,DYNAMIC SRVCS & SEC LTD,159.85,160.0,155.1,158.2,159.75,158.0,,158.2,,,5500,875700.0,9,F1,500,,,,,
2026-07-16,2026-07-16,CM,NSE,STK,21314,INE256H01015,DYNPRO,EQ,,,,,DYNEMIC PRODUCTS LIMITED,228.35,237.89,228.35,233.39,232.0,233.43,,233.39,,,14099,3318362.34,321,F1,1,,,,,
2026-07-16,2026-07-16,CM,NSE,STK,19267,INE0KFF01017,EFACTOR,SM,,,,,E FACTOR EXPERIENCES LTD,165.0,167.0,165.0,167.0,167.0,159.95,,167.0,,,2800,462880.0,5,F1,400,,,,,
2026-07-16,2026-07-16,CM,NSE,STK,760534,INE1CEJ01017,E2ERAIL,ST,,,,,E TO E TRANS INFRA LTD,271.65,274.45,267.3,273.75,273.8,269.0,,273.75,,,12800,3467880.0,16,F1,800,,,,,
2026-07-16,2026-07-16,CM,NSE,STK,8937,INE255Z01027,E2E,EQ,,,,,E2E NETWORKS LIMITED,416.95,426.9,400.45,423.5,423.0,410.9,,423.5,,,1838322,766817988.3,29635,F1,1,,,,,
2026-07-16,2026-07-16,CM,NSE,STK,9769,INE962C01035,EASTSILK,BE,,,,,EASTERN SILK INDUSTRIES L,48.7,48.94,48.7,48.7,48.7,48.7,,47.68,,,149,7268.3,9,F1,1,,,,,
2026-07-16,2026-07-16,CM,NSE,STK,2792,INE07O001026,EASEMYTRIP,EQ,,,,,EASY TRIP PLANNERS LTD,6.83,6.87,6.78,6.82,6.82,6.8,,6.82,,,13826681,94265576.66,6223,F1,1,,,,,
2026-07-16,2026-07-16,CM,NSE,STK,759974,INE528S07110,888ECL28,N1,,,,,ECL 8.88% 2028 SR V,981.52,981.52,981.52,981.52,981.52,981.0,,975.76,,,22,21593.44,1,F1,1,,,,,
2026-07-16,2026-07-16,CM,NSE,STK,15179,INE738I01010,ECLERX,EQ,,,,,ECLERX SERVICES LTD,1705.2,1787.0,1698.1,1759.7,1757.9,1713.7,,1759.7,,,503070,883023643.5,44202,F1,1,,,,,
2026-07-16,2026-07-16,CM,NSE,STK,759964,INE0VBS01016,ECOLINE,ST,,,,,ECOLINE EXIM LIMITED,191.0,201.0,190.0,198.65,200.0,200.0,,198.65,,,44000,8558100.0,33,F1,1000,,,,,
2026-07-16,2026-07-16,CM,NSE,STK,25062,INE06HJ01020,ECOSMOBLTY,BE,,,,,ECOS (INDIA) MOB & HOSP L,138.8,139.8,135.0,136.02,137.79,134.56,,135.44,,,69797,9601135.72,408,F1,1,,,,,
2026-07-16,2026-07-16,CM,NSE,STK,7196,INF754K01OB1,BBETF0432,EQ,,,,,EDELAMC - BBETF0432,1351.54,1351.98,1342.5,1344.84,1342.5,1346.41,,1344.84,,,1009,1358586.29,57,F1,1,,,,,
2026-07-16,2026-07-16,CM,NSE,STK,25258,INF754K01TE4,EBANKNIFTY,EQ,,,,,EDELAMC - EBANKNIFTY,58.41,58.46,58.0,58.0,58.0,58.41,,58.0,,,5456,317507.93,22,F1,1,,,,,
2026-07-16,2026-07-16,CM,NSE,STK,16253,INF754K01KO2,EBBETF0430,EQ,,,,,EDELAMC - EBBETF0430,1610.0,1610.0,1600.11,1604.84,1604.8,1606.72,,1604.81,,,4680,7512989.09,235,F1,1,,,,,
2026-07-16,2026-07-16,CM,NSE,STK,22239,INF754K01LE1,EBBETF0431,EQ,,,,,EDELAMC - EBBETF0431,1442.24,1442.24,1433.63,1435.37,1437.04,1433.31,,1435.37,,,3010,4321260.38,65,F1,1,,,,,
2026-07-16,2026-07-16,CM,NSE,STK,13139,INF754K01QX0,EBBETF0433,EQ,,,,,EDELAMC - EBBETF0433,1345.89,1345.89,1310.13,1312.43,1312.71,1313.07,,1312.46,,,6711,8817103.45,91,F1,1,,,,,
2026-07-16,2026-07-16,CM,NSE,STK,29019,INF754K01TX4,ECAPINSURE,EQ,,,,,EDELAMC - ECAPINSURE,24.6,24.6,24.01,24.13,24.18,24.64,,24.13,,,95800,2312623.87,563,F1,1,,,,,
2026-07-16,2026-07-16,CM,NSE,STK,19933,INF754K01SE6,EGOLD,EQ,,,,,EDELAMC - EGOLD,140.9,141.15,140.4,141.05,141.05,140.85,,141.05,,,44644,6289277.2,322,F1,1,,,,,
2026-07-16,2026-07-16,CM,NSE,STK,759466,INF754K01VW2,ELIQUID,EQ,,,,,EDELAMC - ELIQUID,1039.52,1039.52,1039.5,1039.51,1039.52,1039.38,,1039.51,,,22447,23334050.02,9,F1,1,,,,,
2026-07-16,2026-07-16,CM,NSE,STK,758952,INF754K01VV4,ELM250,EQ,,,,,EDELAMC - ELM250,16.62,16.7,16.5,16.65,16.5,16.54,,16.65,,,6743,112029.25,83,F1,1,,,,,
2026-07-16,2026-07-16,CM,NSE,STK,25996,INF754K01TF1,EMULTIMQ,EQ,,,,,EDELAMC - EMULTIMQ,41.57,41.74,41.17,41.41,41.65,41.37,,41.41,,,17617,730431.62,130,F1,1,,,,,
2026-07-16,2026-07-16,CM,NSE,STK,763540,INF754K01XF3,ENEXT50,EQ,,,,,EDELAMC - ENEXT50,71.64,72.41,71.21,71.42,71.21,72.0,,71.44,,,677,48669.64,15,F1,1,,,,,
2026-07-16,2026-07-16,CM,NSE,STK,759998,INF754K01VX0,ENIFTY,EQ,,,,,EDELAMC - ENIFTY,23.62,24.4,23.62,24.25,24.27,24.23,,24.25,,,2483,60363.6,59,F1,1,,,,,
2026-07-16,2026-07-16,CM,NSE,STK,759995,INF754K01VY8,ESENSEX,EQ,,,,,EDELAMC - ESENSEX,77.55,77.55,77.41,77.41,77.41,77.4,,77.41,,,30,2322.44,2,F1,1,,,,,
2026-07-16,2026-07-16,CM,NSE,STK,20257,INF754K01SF3,ESILVER,EQ,,,,,EDELAMC - ESILVER,217.48,217.48,215.5,216.56,216.5,218.48,,216.56,,,90868,19666110.23,3124,F1,1,,,,,
2026-07-16,2026-07-16,CM,NSE,STK,15119,INE532F01054,EDELWEISS,EQ,,,,,EDELWEISS FIN SERV LTD,119.3,121.41,117.49,117.87,117.75,119.01,,117.87,,,2231277,264385732.7,14973,F1,1,,,,,
2026-07-16,2026-07-16,CM,NSE,STK,758675,INE886D01026,EFCIL,EQ,,,,,EFC (I) LIMITED,194.15,195.32,191.05,192.36,192.1,194.0,,192.36,,,188424,36251284.55,2780,F1,1,,,,,
2026-07-16,2026-07-16,CM,NSE,STK,24438,INE0U9101019,EFFWA,ST,,,,,EFFWA INFRA & RESEARCH L,386.0,386.0,368.0,370.75,370.75,376.0,,370.75,,,3200,1192040.0,8,F1,400,,,,,
2026-07-16,2026-07-16,CM,NSE,STK,910,INE066A01021,EICHERMOT,EQ,,,,,EICHER MOTORS LTD,7410.0,7451.0,7366.5,7418.5,7423.5,7404.5,,7418.5,,,618180,4582690512.5,63555,F1,1,,,,,
2026-07-16,2026-07-16,CM,NSE,STK,916,INE126A01031,EIDPARRY,EQ,,,,,EID PARRY INDIA LTD,779.65,781.5,765.0,770.5,765.0,778.65,,770.5,,,208215,161258494.3,11574,F1,1,,,,,
2026-07-16,2026-07-16,CM,NSE,STK,15399,INE276C01014,EIHAHOTELS,EQ,,,,,EIH ASSOCIATED HOTELS LTD,327.3,327.5,320.0,323.25,327.0,327.55,,322.55,,,8261,2678101.3,445,F1,1,,,,,
2026-07-16,2026-07-16,CM,NSE,STK,919,INE230A01023,EIHOTEL,EQ,,,,,EIH LIMITED,339.05,340.85,332.6,335.95,338.0,339.0,,335.95,,,126593,42492883.2,10120,F1,1,,,,,
2026-07-16,2026-07-16,CM,NSE,STK,4040,INE158B01016,EIMCOELECO,EQ,,,,,EIMCO ELECON (INDIA) LTD,1910.1,1915.3,1851.0,1872.4,1884.0,1887.7,,1872.4,,,39032,73166098.2,4071,F1,1,,,,,
2026-07-16,2026-07-16,CM,NSE,STK,762653,INE280B01018,ELANTAS,EQ,,,,,ELANTAS BECK INDIA LTD.,9599.0,9650.0,9151.0,9203.0,9250.0,9383.0,,9203.0,,,908,8427176.0,399,F1,1,,,,,
2026-07-16,2026-07-16,CM,NSE,STK,762658,INE927X01018,ELCIDIN,EQ,,,,,ELCID INVESTMENTS LTD.,111455.0,112575.0,111150.0,111175.0,111175.0,111455.0,,111760.0,,,6,670320.0,6,F1,1,,,,,
2026-07-16,2026-07-16,CM,NSE,STK,8953,INE668G01021,ELDEHSG,EQ,,,,,ELDECO HSG & IND LTD.,799.0,809.8,777.8,792.05,790.0,780.95,,792.05,,,223,176456.6,28,F1,1,,,,,
2026-07-16,2026-07-16,CM,NSE,STK,13643,INE205B01031,ELECON,EQ,,,,,ELECON ENG. CO. LTD,479.95,479.95,456.0,461.0,462.5,478.0,,461.05,,,588905,274298326.75,27777,F1,1,,,,,
2026-07-16,2026-07-16,CM,NSE,STK,20899,INE0Q1W01012,EFORCE,SM,,,,,ELECTRO FORCE (INDIA) LTD,24.4,24.4,24.4,24.4,24.4,23.6,,24.4,,,2400,58560.0,2,F1,1200,,,,,
2026-07-16,2026-07-16,CM,NSE,STK,11530,INE02YR01019,EMIL,EQ,,,,,ELECTRONICS MART IND LTD,131.8,134.51,130.57,131.82,131.66,131.62,,131.82,,,833946,110403274.65,12826,F1,1,,,,,
2026-07-16,2026-07-16,CM,NSE,STK,928,INE086A01029,ELECTCAST,EQ,,,,,ELECTROSTEEL CASTINGS LTD,76.68,76.8,74.9,75.35,75.49,76.28,,75.35,,,914272,69024516.61,6481,F1,1,,,,,
2026-07-16,2026-07-16,CM,NSE,STK,4469,INE822G01016,ELECTHERM,EQ,,,,,ELECTROTHERM (I) LTD.,1120.1,1145.0,1051.2,1061.5,1064.9,1077.9,,1061.5,,,18721,20330930.8,1252,F1,1,,,,,
2026-07-16,2026-07-16,CM,NSE,STK,29595,INE0R9101015,ELGNZ,SM,,,,,ELEGANZ INTERIORS LIMITED,94.05,95.0,87.0,94.2,94.0,94.05,,94.2,,,211000,18868950.0,66,F1,1000,,,,,
2026-07-16,2026-07-16,CM,NSE,STK,937,INE285A01027,ELGIEQUIP,EQ,,,,,ELGI EQUIPMENTS LTD,574.0,585.0,569.85,581.6,580.1,571.0,,581.6,,,408421,236598796.2,27094,F1,1,,,,,
2026-07-16,2026-07-16,CM,NSE,STK,24924,INE819L01012,ELGIRUBCO,EQ,,,,,ELGI RUBBER CO. LTD,55.51,63.44,55.51,62.17,62.09,57.68,,62.17,,,207541,12809760.65,1836,F1,1,,,,,
2026-07-16,2026-07-16,CM,NSE,STK,13423,INE050401020,ELIN,EQ,,,,,ELIN ELECTRONICS LIMITED,116.0,117.12,108.2,109.41,110.1,114.7,,109.41,,,1496904,168990541.88,16152,F1,1,,,,,
2026-07-16,2026-07-16,CM,NSE,STK,762663,INE669R01026,ELITECON,EQ,,,,,ELITECON INTERNATIONAL L,18.16,18.56,17.4,17.5,17.5,17.97,,17.5,,,3884541,68991050.42,7951,F1,1,,,,,
2026-07-16,2026-07-16,CM,NSE,STK,758563,INE236E01022,ELLEN,EQ,,,,,ELLENBARRIE INDUS GASES L,295.9,298.3,286.35,295.0,295.0,294.45,,295.0,,,266147,77530371.2,5554,F1,1,,,,,
2026-07-16,2026-07-16,CM,NSE,STK,4471,INE579B01039,ELPROINTL,EQ,,,,,ELPRO INTERNATIONAL LTD,174.4,175.15,173.64,174.97,175.15,173.52,,174.97,,,23184,4048033.27,132,F1,1,,,,,
2026-07-16,2026-07-16,CM,NSE,STK,29229,INE0ZOL01023,EMAPARTNER,SM,,,,,EMA PARTNERS INDIA LTD,78.0,83.0,78.0,83.0,83.0,83.4,,83.0,,,2000,161000.0,2,F1,1000,,,,,
2026-07-16,2026-07-16,CM,NSE,STK,13517,INE548C01032,EMAMILTD,EQ,,,,,EMAMI LIMITED,411.35,415.45,405.1,406.95,408.0,411.35,,406.95,,,427114,174546128.1,88183,F1,1,,,,,
2026-07-16,2026-07-16,CM,NSE,STK,10074,INE830C01026,EMAMIPAP,EQ,,,,,EMAMI PAPER MILLS LIMITED,90.95,97.0,90.01,90.95,92.0,90.05,,90.95,,,121403,11289233.38,1798,F1,1,,,,,
2026-07-16,2026-07-16,CM,NSE,STK,19281,INE778K01012,EMAMIREAL,BE,,,,,EMAMI REALTY LIMITED,78.06,79.5,77.6,77.63,77.63,79.07,,77.63,,,2340,182414.24,25,F1,1,,,,,
2026-07-16,2026-07-16,CM,NSE,STK,14450,INE069I01010,EMBDL,EQ,,,,,EMBASSY DEVELOPMENTS LTD,64.33,64.9,63.1,64.3,64.1,63.31,,64.32,,,1601243,102536407.93,8897,F1,1,,,,,
2026-07-16,2026-07-16,CM,NSE,STK,9383,INE041025011,EMBASSY,RR,,,,,EMBASSY OFFICE PARKS REIT,443.0,448.0,440.5,447.2,447.99,443.88,,447.2,,,284885,126372065.22,10534,F1,1,,,,,
2026-07-16,2026-07-16,CM,NSE,STK,24398,INE168P01015,EMCURE,EQ,,,,,EMCURE PHARMACEUTICALS L,1794.0,1817.9,1780.1,1802.7,1800.1,1790.3,,1802.7,,,120724,216838764.0,15179,F1,1,,,,,
2026-07-16,2026-07-16,CM,NSE,STK,13421,INE296H01011,EMKAY,EQ,,,,,EMKAY GLOBAL FIN SERV LTD,262.6,262.6,254.55,255.15,256.45,261.0,,255.15,,,38887,9970456.8,1045,F1,1,,,,,
2026-07-16,2026-07-16,CM,NSE,STK,10253,INE332S01011,EMKAYTOOLS,SM,,,,,EMKAY TAP & CUT. TOOL LTD,92.0,95.0,91.9,95.0,95.0,92.0,,95.0,,,450,41835.0,3,F1,150,,,,,
2026-07-16,2026-07-16,CM,NSE,STK,18146,INE753K01015,EMMBI,BE,,,,,EMMBI INDUSTRIES LIMITED,90.03,93.79,90.03,92.0,92.0,90.03,,92.0,,,4074,374404.1,40,F1,1,,,,,
2026-07-16,2026-07-16,CM,NSE,STK,759728,INE1C6T01020,EMMVEE,EQ,,,,,EMMVEE PHOTOVOLTAIC PWR L,356.3,371.55,348.35,365.35,364.55,337.8,,365.35,,,23157763,8416519206.5,184264,F1,1,,,,,
2026-07-16,2026-07-16,CM,NSE,STK,762673,INE507F01023,EMPOWER,BE,,,,,EMPOWER INDIA LTD.,2.33,2.33,2.28,2.28,2.29,2.26,,2.28,,,3502991,8048049.31,1651,F1,1,,,,,
2026-07-16,2026-07-16,CM,NSE,STK,18593,INE0OV601013,EMSLIMITED,EQ,,,,,EMS LIMITED,442.0,444.95,427.55,433.0,432.8,440.35,,433.0,,,272435,118310712.3,6966,F1,1,,,,,
2026-07-16,2026-07-16,CM,NSE,STK,9756,INE01QM01018,EMUDHRA,EQ,,,,,EMUDHRA LIMITED,455.4,459.2,446.5,450.05,448.0,454.45,,450.05,,,62081,27972830.0,3126,F1,1,,,,,
2026-07-16,2026-07-16,CM,NSE,STK,760321,INE433T01015,ENCOMPAS,SM,,,,,ENCOMPASS DESIGN INDIA L,252.65,252.65,244.0,245.0,245.0,248.95,,245.0,,,6000,1471240.0,14,F1,400,,,,,
2026-07-16,2026-07-16,CM,NSE,STK,18822,INE913H01037,ENDURANCE,EQ,,,,,ENDURANCE TECHNO. LTD.,2760.0,2799.0,2735.0,2763.5,2762.0,2746.2,,2763.4,,,304921,843555366.8,26680,F1,1,,,,,
2026-07-16,2026-07-16,CM,NSE,STK,15049,INE306C01019,ENERGYDEV,EQ,,,,,ENERGY DEVE. CO.LTD,16.69,17.48,16.69,17.08,17.29,17.01,,17.08,,,17289,296215.8,205,F1,1,,,,,
2026-07-16,2026-07-16,CM,NSE,STK,23745,INE0S1L01013,EMMIL,SM,,,,,ENERGY MISSION MACH IND L,130.0,130.0,125.3,126.6,128.9,134.0,,126.6,,,9250,1178650.0,28,F1,250,,,,,
2026-07-16,2026-07-16,CM,NSE,STK,4907,INE510A01028,ENGINERSIN,EQ,,,,,ENGINEERS INDIA LTD,231.5,235.3,227.05,231.61,232.3,230.34,,231.63,,,2326691,538242444.59,30682,F1,1,,,,,
2026-07-16,2026-07-16,CM,NSE,STK,23233,INE0R9I01021,ENSER,ST,,,,,ENSER COMMUNICATIONS LTD,13.0,13.0,12.65,12.65,12.65,13.3,,12.65,,,45000,575500.0,9,F1,5000,,,,,
2026-07-16,2026-07-16,CM,NSE,STK,22717,INE010601016,ENTERO,EQ,,,,,ENTERO HEALTHCARE SOLU L,1244.3,1244.3,1198.8,1205.4,1201.0,1231.1,,1205.4,,,95083,115254589.5,13522,F1,1,,,,,
2026-07-16,2026-07-16,CM,NSE,STK,13192,INE265F01028,ENIL,EQ,,,,,ENTERTAIN NET. IND. LTD.,106.98,107.3,105.5,105.62,105.76,105.52,,105.62,,,19229,2036468.91,397,F1,1,,,,,
2026-07-16,2026-07-16,CM,NSE,STK,27213,INE0LLY01014,EIEL,EQ,,,,,ENVIRO INFRA ENGINEERS L,229.97,231.0,224.16,226.81,225.1,228.24,,226.82,,,1116396,253662734.09,13762,F1,1,,,,,
2026-07-16,2026-07-16,CM,NSE,STK,25412,INE0SUH01015,ENVIRO,SM,,,,,ENVIROTECH SYSTEMS LTD,82.0,82.25,79.2,80.5,80.5,81.95,,80.5,,,26000,2094500.0,25,F1,1000,,,,,
2026-07-16,2026-07-16,CM,NSE,STK,22463,INE0G5901015,EPACK,EQ,,,,,EPACK DURABLE LIMITED,248.0,251.0,243.1,245.13,244.89,247.0,,245.13,,,624499,154689838.48,10647,F1,1,,,,,
2026-07-16,2026-07-16,CM,NSE,STK,759251,INE0MLS01022,EPACKPEB,EQ,,,,,EPACK PREFAB TECHN LTD,255.47,257.0,247.4,249.31,250.01,256.59,,249.27,,,751711,188508339.72,14622,F1,1,,,,,
2026-07-16,2026-07-16,CM,NSE,STK,5382,INE071N01016,EPIGRAL,EQ,,,,,EPIGRAL LIMITED,1064.2,1078.7,1046.2,1067.4,1068.5,1052.3,,1067.4,,,32852,34914391.8,3162,F1,1,,,,,
2026-07-16,2026-07-16,CM,NSE,STK,981,INE255A01020,EPL,EQ,,,,,EPL LIMITED,238.23,240.99,233.82,234.63,235.5,238.23,,234.62,,,251759,59672466.36,5871,F1,1,,,,,
2026-07-16,2026-07-16,CM,NSE,STK,758346,INE11HF01010,EEPL,SM,,,,,EPPELTONE ENGINEERS LTD,111.8,113.9,109.05,110.75,110.25,115.0,,110.75,,,20000,2220000.0,20,F1,1000,,,,,
2026-07-16,2026-07-16,CM,NSE,STK,761217,INE1KEC01023,EPWINDIA,ST,,,,,EPW INDIA LIMITED,269.95,269.95,269.95,269.95,269.95,270.0,,269.95,,,1200,323940.0,1,F1,1200,,,,,
2026-07-16,2026-07-16,CM,NSE,STK,3553,INE217G01035,EQUIPPP,BE,,,,,EQUIPPP SOC IMP TECH LTD,23.52,24.8,22.82,24.59,24.8,23.63,,24.63,,,44502,1088498.38,64,F1,1,,,,,
2026-07-16,2026-07-16,CM,NSE,STK,913,INE063P01018,EQUITASBNK,EQ,,,,,EQUITAS SMALL FIN BNK LTD,80.01,80.8,76.6,77.42,77.3,79.89,,77.42,,,4334073,337502996.68,27793,F1,1,,,,,
2026-07-16,2026-07-16,CM,NSE,STK,21154,INE406M01024,ERIS,EQ,,,,,ERIS LIFESCIENCES LIMITED,1459.7,1499.0,1438.1,1488.4,1479.0,1459.7,,1488.4,,,152438,224599343.0,26541,F1,1,,,,,
2026-07-16,2026-07-16,CM,NSE,STK,955,INE284A01012,ESABINDIA,EQ,,,,,ESAB INDIA LTD,5643.5,5683.0,5615.5,5665.5,5656.0,5643.5,,5665.5,,,1185,6693460.0,630,F1,1,,,,,
2026-07-16,2026-07-16,CM,NSE,STK,19878,INE818W01011,ESAFSFB,EQ,,,,,ESAF SMALL FINANCE BANK L,35.99,36.5,35.37,36.06,36.1,35.81,,36.06,,,990635,35701615.47,3663,F1,1,,,,,
2026-07-16,2026-07-16,CM,NSE,STK,22767,INE0RQZ01017,ESCONET,ST,,,,,ESCONET TECHNOLOGIES LTD,122.4,129.15,118.2,126.8,125.6,123.0,,126.8,,,35600,4535940.0,39,F1,400,,,,,
2026-07-16,2026-07-16,CM,NSE,STK,958,INE042A01014,ESCORTS,EQ,,,,,ESCORTS KUBOTA LIMITED,2945.0,2959.0,2928.1,2944.8,2936.3,2918.9,,2944.7,,,47233,139055145.9,6761,F1,1,,,,,
2026-07-16,2026-07-16,CM,NSE,STK,24678,INE0SBP01018,ESPRIT,SM,,,,,ESPRIT STONES LIMITED,59.0,60.8,58.0,58.0,58.0,58.0,,58.0,,,8000,476160.0,4,F1,1600,,,,,
2026-07-16,2026-07-16,CM,NSE,STK,25634,INE122M01019,ESSARSHPNG,EQ,,,,,ESSAR SHIPPING LTD,20.5,21.49,20.31,20.61,20.63,20.26,,20.61,,,343168,7112492.43,2116,F1,1,,,,,
2026-07-16,2026-07-16,CM,NSE,STK,17087,INE0ITO01014,ESFL,ST,,,,,ESSEN SPECIALITY FILMS L,112.0,113.95,111.0,111.45,111.05,114.0,,111.45,,,6840,762246.0,14,F1,360,,,,,
2026-07-16,2026-07-16,CM,NSE,STK,24265,INE778B01029,ESTER,EQ,,,,,ESTER INDUSTRIES LTD,89.9,89.96,88.0,89.56,89.7,88.6,,89.55,,,48714,4351109.65,1312,F1,1,,,,,
2026-07-16,2026-07-16,CM,NSE,STK,5097,INE758T01015,ETERNAL,EQ,,,,,ETERNAL LIMITED,298.75,299.0,285.05,286.45,285.95,294.8,,286.45,,,31866265,9264612351.2,144867,F1,1,,,,,
2026-07-16,2026-07-16,CM,NSE,STK,9750,INE04TZ01018,ETHOSLTD,EQ,,,,,ETHOS LIMITED,2631.5,2709.9,2602.8,2633.3,2639.0,2644.9,,2633.0,,,30909,81989044.5,6081,F1,1,,,,,
2026-07-16,2026-07-16,CM,NSE,STK,25162,INE0KCE01017,EUREKAFORB,EQ,,,,,EUREKA FORBES LIMITED,466.0,472.55,462.25,468.8,469.95,466.05,,468.8,,,107442,50229130.25,8080,F1,1,,,,,
2026-07-16,2026-07-16,CM,NSE,STK,6042,INE546V01010,EIFFL,BE,,,,,EURO (I) FRESH FOODS LTD,334.0,344.0,327.1,333.0,334.8,329.25,,333.0,,,12755,4289420.6,177,F1,1,,,,,
2026-07-16,2026-07-16,CM,NSE,STK,757953,INE505V01016,EUROBOND,EQ,,,,,EURO PANEL PRODUCTS LTD,166.07,168.99,164.14,165.53,167.99,164.07,,165.54,,,3346,556399.57,111,F1,1,,,,,
2026-07-16,2026-07-16,CM,NSE,STK,759797,INE198501012,EUROPRATIK,EQ,,,,,EURO PRATIK SALES LIMITED,303.95,314.8,302.2,309.5,308.0,305.1,,309.75,,,125650,38723821.9,3201,F1,1,,,,,
2026-07-16,2026-07-16,CM,NSE,STK,8886,INE022C01012,EUROTEXIND,BE,,,,,EUROTEX IND & EXPORTS LTD,13.96,14.58,13.21,13.21,13.21,13.9,,13.26,,,2201,29277.65,12,F1,1,,,,,
2026-07-16,2026-07-16,CM,NSE,STK,11782,INE128A01029,EVEREADY,EQ,,,,,EVEREADY INDS. IND.  LTD.,353.0,355.65,350.0,352.1,350.3,352.35,,352.1,,,54218,19117311.3,2497,F1,1,,,,,
2026-07-16,2026-07-16,CM,NSE,STK,6017,INE295A01018,EVERESTIND,BE,,,,,EVEREST INDUSTRIES LTD,515.0,522.2,495.3,501.0,500.0,513.2,,500.8,,,8752,4459839.85,159,F1,1,,,,,
2026-07-16,2026-07-16,CM,NSE,STK,13091,INE184H01027,EKC,EQ,,,,,EVEREST KANTO CYLINDERLTD,114.7,117.5,113.62,115.23,115.16,114.11,,115.23,,,174409,20175883.64,2549,F1,1,,,,,
2026-07-16,2026-07-16,CM,NSE,STK,11471,INE369A01029,EXCELINDUS,EQ,,,,,EXCEL INDUSTRIES LTD,902.0,910.4,895.0,903.8,901.4,895.3,,903.8,,,5173,4656657.0,422,F1,1,,,,,
2026-07-16,2026-07-16,CM,NSE,STK,25327,INE0Y4801011,EXCELLENT,ST,,,,,EXCELLENT WIRES N PACK L,203.55,207.0,199.05,207.0,207.0,208.3,,207.0,,,8000,1621280.0,5,F1,1600,,,,,
2026-07-16,2026-07-16,CM,NSE,STK,760007,INE606N01019,EXCELSOFT,EQ,,,,,EXCELSOFT TECHNOLOGIES L,78.96,79.69,78.0,79.04,78.06,78.42,,79.04,,,255481,20144056.52,3595,F1,1,,,,,
2026-07-16,2026-07-16,CM,NSE,STK,22947,INE777F01014,EXICOM,EQ,,,,,EXICOM TELE SYSTEMS LTD,165.88,170.64,162.4,165.23,164.0,164.26,,165.26,,,1896992,314831321.67,16391,F1,1,,,,,
2026-07-16,2026-07-16,CM,NSE,STK,676,INE302A01020,EXIDEIND,EQ,,,,,EXIDE INDUSTRIES LTD,422.0,424.95,418.25,421.3,421.6,419.2,,421.3,,,1789682,753622610.55,35816,F1,1,,,,,
2026-07-16,2026-07-16,CM,NSE,STK,760422,INE19I001020,EXIMROUTES,SM,,,,,EXIM ROUTES LIMITED,110.0,113.0,109.0,110.35,113.0,111.0,,110.35,,,97600,10737560.0,8,F1,800,,,,,
2026-07-16,2026-07-16,CM,NSE,STK,17486,INE201K01015,EXPLEOSOL,EQ,,,,,EXPLEO SOLUTIONS LIMITED,803.75,813.1,796.15,798.75,801.0,800.95,,798.8,,,10000,8025887.45,719,F1,1,,,,,
2026-07-16,2026-07-16,CM,NSE,STK,5352,INE0GFE01026,EXXARO,EQ,,,,,EXXARO TILES LIMITED,6.35,6.42,6.26,6.3,6.36,6.35,,6.3,,,156309,990152.0,511,F1,1,,,,,
2026-07-16,2026-07-16,CM,NSE,STK,760125,INE0HF201011,FABTECH,EQ,,,,,FABTECH TECHNOLOGIES LTD,159.01,161.58,155.6,156.64,156.3,157.92,,156.65,,,78980,12550320.81,1736,F1,1,,,,,
2026-07-16,2026-07-16,CM,NSE,STK,1008,INE188A01015,FACT,EQ,,,,,FACT LTD,845.0,864.25,843.0,845.7,845.0,848.6,,845.65,,,163526,139293451.65,13613,F1,1,,,,,
2026-07-16,2026-07-16,CM,NSE,STK,1619,INE0DNW01011,FAIRCHEMOR,BE,,,,,FAIRCHEM ORGANICS LIMITED,676.6,709.2,667.7,702.05,702.0,677.75,,701.75,,,3555,2431102.3,294,F1,1,,,,,
2026-07-16,2026-07-16,CM,NSE,STK,24150,INE0PQK01013,FALCONTECH,SM,,,,,FALCON TECHNOPROJ IND LTD,11.75,11.75,11.05,11.05,11.05,11.8,,11.05,,,16800,189420.0,14,F1,1200,,,,,
2026-07-16,2026-07-16,CM,NSE,STK,12000,INE963C01033,FAZE3Q,EQ,,,,,FAZE THREE LIMITED,568.0,575.65,559.6,565.35,570.0,568.1,,565.35,,,7175,4052094.55,642,F1,1,,,,,
2026-07-16,2026-07-16,CM,NSE,STK,12002,INE512B01022,FCSSOFT,BE,,,,,FCS SOFTWARE SOLN. LTD.,1.57,1.6,1.54,1.57,1.57,1.62,,1.57,,,1613243,2505366.97,1195,F1,1,,,,,
2026-07-16,2026-07-16,CM,NSE,STK,4898,INE258B01022,FDC,EQ,,,,,FDC LIMITED,425.8,427.15,414.35,421.7,422.0,424.1,,421.7,,,127975,53776682.75,5212,F1,1,,,,,
2026-07-16,2026-07-16,CM,NSE,STK,20322,INE007N01010,FEDFINA,EQ,,,,,FEDBANK FINANCIAL SER L,166.66,169.3,159.0,161.39,161.0,163.55,,161.39,,,3169958,517003143.46,27363,F1,1,,,,,
2026-07-16,2026-07-16,CM,NSE,STK,762675,INE417D01020,FEDDERSHOL,EQ,,,,,FEDDERS HOLDING LTD.,46.25,47.0,44.1,44.61,44.37,44.77,,44.6,,,1408051,64111212.9,5692,F1,1,,,,,
2026-07-16,2026-07-16,CM,NSE,STK,1023,INE171A01029,FEDERALBNK,EQ,,,,,FEDERAL BANK LTD,328.55,329.95,324.0,326.6,329.25,327.55,,326.6,,,9916604,3243808110.05,90072,F1,1,,,,,
2026-07-16,2026-07-16,CM,NSE,STK,1190,INE529A01010,FMGOETZE,EQ,,,,,FEDERAL-MOGUL GOETZE (IND,489.0,499.9,482.75,490.05,490.6,488.65,,490.1,,,65583,32219235.05,2554,F1,1,,,,,
2026-07-16,2026-07-16,CM,NSE,STK,573,INE901X01013,FELIX,SM,,,,,FELIX INDUSTRIES LTD.,193.05,193.05,186.4,187.4,187.0,191.5,,187.4,,,33000,6256125.0,49,F1,500,,,,,
2026-07-16,2026-07-16,CM,NSE,STK,762680,INE225B01021,FERMENTA,EQ,,,,,FERMENTA BIOTECH LTD.,460.8,465.7,449.0,459.45,459.0,455.1,,459.45,,,149942,68600764.85,4325,F1,1,,,,,
2026-07-16,2026-07-16,CM,NSE,STK,8159,INE296C01020,FIBERWEB,EQ,,,,,FIBERWEB INDIA LIMITED,31.05,32.5,31.0,31.35,31.24,31.05,,31.34,,,27121,859033.46,179,F1,1,,,,,
2026-07-16,2026-07-16,CM,NSE,STK,9858,INE0LQQ01019,FIDEL,SM,,,,,FIDEL SOFTECH LIMITED,159.0,159.7,159.0,159.7,159.7,156.0,,159.7,,,2000,318700.0,2,F1,1000,,,,,
2026-07-16,2026-07-16,CM,NSE,STK,13710,INE737H01014,FIEMIND,EQ,,,,,FIEM INDUSTRIES LIMITED,2264.8,2374.0,2250.1,2311.3,2312.0,2262.8,,2311.3,,,117519,273507449.1,18551,F1,1,,,,,
2026-07-16,2026-07-16,CM,NSE,STK,23651,INE185E01021,FILATFASH,BE,,,,,FILATEX FASHIONS LIMITED,0.19,0.2,0.19,0.19,0.2,0.19,,0.19,,,8207496,1586968.48,1531,F1,1,,,,,
2026-07-16,2026-07-16,CM,NSE,STK,24532,INE816B01035,FILATEX,EQ,,,,,FILATEX INDIA LTD,70.7,75.8,68.5,73.1,73.86,70.34,,73.12,,,30207511,2206524700.48,94165,F1,1,,,,,
2026-07-16,2026-07-16,CM,NSE,STK,759776,INE0EDU01014,FINBUD,SM,,,,,FINBUD FINANCIAL SERV LTD,124.1,124.1,121.2,122.5,122.5,127.15,,122.5,,,8000,980600.0,7,F1,1000,,,,,
2026-07-16,2026-07-16,CM,NSE,STK,3744,INE686Y01026,FINEORG,EQ,,,,,FINE ORGANIC IND. LTD.,5120.0,5152.0,5067.5,5078.0,5075.0,5118.5,,5078.0,,,6315,32267485.0,2009,F1,1,,,,,
2026-07-16,2026-07-16,CM,NSE,STK,6198,INE045J01034,FCL,EQ,,,,,FINEOTEX CHEMICAL LIMITED,39.0,39.53,37.06,38.35,38.3,38.94,,38.35,,,14839210,568046700.52,29451,F1,1,,,,,
2026-07-16,2026-07-16,CM,NSE,STK,759239,INE734I01027,FINKURVE,EQ,,,,,FINKURVE FINANCIAL SERV L,65.3,66.37,63.05,63.9,63.08,64.31,,63.9,,,67327,4316261.76,776,F1,1,,,,,
2026-07-16,2026-07-16,CM,NSE,STK,6579,INE02NC01014,FINOPB,EQ,,,,,FINO PAYMENTS BANK LTD,170.0,170.19,157.5,158.24,158.5,170.77,,158.23,,,2276431,368691486.35,20684,F1,1,,,,,
2026-07-16,2026-07-16,CM,NSE,STK,1038,INE235A01022,FINCABLES,EQ,,,,,FINOLEX CABLES LTD,1035.0,1057.3,1025.7,1048.0,1048.0,1037.8,,1048.0,,,286633,299246291.1,26559,F1,1,,,,,
2026-07-16,2026-07-16,CM,NSE,STK,1041,INE183A01024,FINPIPE,EQ,,,,,FINOLEX INDUSTRIES LTD,167.0,168.65,166.14,167.37,167.4,166.56,,167.37,,,346716,58037445.98,21889,F1,1,,,,,
2026-07-16,2026-07-16,CM,NSE,STK,14304,INE684F01012,FSL,EQ,,,,,FIRSTSOURCE SOLU. LTD.,262.4,271.2,261.0,265.44,265.82,261.84,,265.44,,,1672358,446621093.13,42054,F1,1,,,,,
2026-07-16,2026-07-16,CM,NSE,STK,757658,INE771F01041,FISCHER,EQ,,,,,FISCHER MEDICAL VENTURE L,39.0,39.0,37.6,38.59,38.8,38.62,,38.6,,,3032874,115410594.1,6773,F1,1,,,,,
2026-07-16,2026-07-16,CM,NSE,STK,12032,INE128S01021,FIVESTAR,EQ,,,,,FIVE-STAR BUS FIN LTD,543.0,554.0,542.0,552.45,551.0,541.6,,552.4,,,241353,132438239.25,12958,F1,1,,,,,
2026-07-16,2026-07-16,CM,NSE,STK,20372,INE00Y201027,FLAIR,EQ,,,,,FLAIR WRITING INDUST LTD,261.95,262.95,256.6,256.9,256.95,260.75,,256.95,,,160151,41515984.7,2492,F1,1,,,,,
2026-07-16,2026-07-16,CM,NSE,STK,25516,INE060J01017,FLEXITUFF,BE,,,,,FLEXITUFF VENTURES INT L,5.19,5.19,4.85,4.96,4.96,5.1,,4.96,,,47525,236887.27,97,F1,1,,,,,
2026-07-16,2026-07-16,CM,NSE,STK,758208,INE0VCK01011,FLYSBS,SM,,,,,FLYSBS AVIATION LIMITED,470.0,482.0,456.3,475.1,478.0,467.4,,475.1,,,33000,15473680.0,112,F1,200,,,,,
2026-07-16,2026-07-16,CM,NSE,STK,760331,INE0SQZ01015,FWSTC,SM,,,,,FLYWINGS SIMULAT T C LTD,195.0,204.6,190.5,195.1,195.1,190.0,,195.1,,,10800,2110080.0,15,F1,600,,,,,
2026-07-16,2026-07-16,CM,NSE,STK,7385,INE0I7D01019,FOCE,SM,,,,,FOCE INDIA LIMITED,605.0,605.0,604.8,604.8,604.8,602.0,,604.8,,,4080,2467920.0,2,F1,240,,,,,
2026-07-16,2026-07-16,CM,NSE,STK,6839,INE593W01028,FOCUS,BE,,,,,FOCUS LIGHTG & FIXTRS LTD,78.5,79.99,77.0,77.96,79.8,78.95,,77.96,,,11079,864398.31,127,F1,1,,,,,
2026-07-16,2026-07-16,CM,NSE,STK,6673,INE976E01023,FOODSIN,EQ,,,,,FOODS & INNS LIMITED,60.0,60.54,59.2,59.52,59.2,60.2,,59.52,,,55470,3322137.92,998,F1,1,,,,,
2026-07-16,2026-07-16,CM,NSE,STK,24914,INE0U2501017,FORCAS,SM,,,,,FORCAS STUDIO LIMITED,135.0,138.9,134.0,135.95,136.45,134.35,,135.95,,,51200,6977200.0,32,F1,1600,,,,,
2026-07-16,2026-07-16,CM,NSE,STK,11573,INE451A01017,FORCEMOT,EQ,,,,,FORCE MOTORS LIMITED,18600.0,18724.0,18346.0,18505.0,18500.0,18431.0,,18505.0,,,80914,1497106200.0,22726,F1,1,,,,,
2026-07-16,2026-07-16,CM,NSE,STK,14592,INE061F01013,FORTIS,EQ,,,,,FORTIS HEALTHCARE LTD,981.3,982.05,961.1,963.1,966.2,976.15,,963.1,,,733039,708224462.25,21194,F1,1,,,,,
2026-07-16,2026-07-16,CM,NSE,STK,1073,INE519A01011,FOSECOIND,EQ,,,,,FOSECO INDIA LTD,5115.5,5167.0,5096.5,5107.0,5124.5,5134.0,,5107.0,,,757,3874892.5,248,F1,1,,,,,
2026-07-16,2026-07-16,CM,NSE,STK,760961,INE212S01015,FRACTAL,EQ,,,,,FRACTAL ANALYTICS LIMITED,888.0,894.8,873.0,885.35,889.25,887.35,,885.15,,,260610,230153663.15,21443,F1,1,,,,,
2026-07-16,2026-07-16,CM,NSE,STK,25868,INE0SFW01015,FRESHARA,SM,,,,,FRESHARA AGRO EXPORTS LTD,320.0,323.0,308.55,310.85,308.55,316.85,,310.85,,,27000,8502030.0,36,F1,600,,,,,
2026-07-16,2026-07-16,CM,NSE,STK,11504,INE385O01018,FROG,ST,,,,,FROG INNOVATIONS LIMITED,169.0,175.85,163.0,172.85,173.0,167.5,,172.85,,,34400,5948060.0,63,F1,400,,,,,
2026-07-16,2026-07-16,CM,NSE,STK,762685,INE572D01014,FRONTSP,EQ,,,,,FRONTIER SPRINGS LTD.,1428.2,1443.7,1410.0,1412.7,1415.0,1428.2,,1413.3,,,6903,9788209.3,959,F1,1,,,,,
2026-07-16,2026-07-16,CM,NSE,STK,6545,INE388Y01029,NYKAA,EQ,,,,,FSN E COMMERCE VENTURES,330.0,330.95,323.5,324.85,324.45,329.1,,324.85,,,5524011,1806886827.85,59061,F1,1,,,,,
2026-07-16,2026-07-16,CM,NSE,STK,759876,INE12UR01024,UTLSOLAR,EQ,,,,,FUJIYAMA POWER SYSTEMS L,359.05,370.8,355.0,364.9,364.5,364.4,,364.9,,,450264,163833851.65,13134,F1,1,,,,,
2026-07-16,2026-07-16,CM,NSE,STK,11932,INE139R01012,FUSION,EQ,,,,,FUSION FINANCE LIMITED,228.6,231.95,223.55,225.5,226.65,228.12,,225.5,,,437592,99159674.39,7822,F1,1,,,,,
2026-07-16,2026-07-16,CM,NSE,STK,14868,INE452O01016,FLFL,BZ,,,,,FUT LIFESTYLE FASH LTD,1.24,1.33,1.24,1.27,1.27,1.27,,1.27,,,26980,34785.13,65,F1,1,,,,,
2026-07-16,2026-07-16,CM,NSE,STK,13812,INE623B01027,FEL,BZ,,,,,FUTURE ENTERPRISES LTD,0.38,0.38,0.36,0.37,0.37,0.37,,0.37,,,262496,97086.58,91,F1,1,,,,,
2026-07-16,2026-07-16,CM,NSE,STK,30491,IN9623B01058,FELDVR,BZ,,,,,FUTURE ENTERPRISES LTD,2.5,2.52,2.28,2.42,2.3,2.4,,2.48,,,1527,3576.7,19,F1,1,,,,,
2026-07-16,2026-07-16,CM,NSE,STK,21021,INE360L01017,FMNL,BE,,,,,FUTURE MKT NETWORKS LTD,9.82,10.0,9.5,9.78,9.56,9.81,,9.78,,,16454,158118.96,76,F1,1,,,,,
2026-07-16,2026-07-16,CM,NSE,STK,1168,INE075D01018,GMBREW,EQ,,,,,G M BREWERIES LTD,912.8,918.85,909.0,910.65,912.5,909.6,,910.6,,,28539,25999151.4,1703,F1,1,,,,,
2026-07-16,2026-07-16,CM,NSE,STK,5054,INE201P01022,GRINFRA,EQ,,,,,G R INFRAPROJECTS LIMITED,899.0,909.8,884.6,900.55,907.0,899.0,,900.8,,,26052,23338360.1,2313,F1,1,,,,,
2026-07-16,2026-07-16,CM,NSE,STK,1135,INE586X01012,GTECJAINX,BE,,,,,G-TEC JAINX EDUCATION LTD,26.53,26.53,26.53,26.53,26.53,26.01,,26.53,,,1448,38415.44,15,F1,1,,,,,
2026-07-16,2026-07-16,CM,NSE,STK,1085,INE524A01029,GABRIEL,EQ,,,,,GABRIEL INDIA LTD,1370.0,1373.6,1322.1,1363.2,1366.5,1354.5,,1363.2,,,558037,752248981.8,32353,F1,1,,,,,
2026-07-16,2026-07-16,CM,NSE,STK,17888,INE224E01028,GATECH,EQ,,,,,GACM TECHNOLOGIES LIMITED,0.5,0.5,0.47,0.48,0.49,0.49,,0.48,,,7057645,3426862.89,956,F1,1,,,,,
2026-07-16,2026-07-16,CM,NSE,STK,17,INE224E01036,GATECHDVR,EQ,,,,,GACM TECHNOLOGIES LIMITED,0.43,0.45,0.43,0.43,0.43,0.43,,0.43,,,190414,84055.14,133,F1,1,,,,,
2026-07-16,2026-07-16,CM,NSE,STK,4717,INE129A01019,GAIL,EQ,,,,,GAIL (INDIA) LTD,172.9,175.73,171.0,171.71,171.47,173.15,,171.71,,,9023749,1564293783.4,73116,F1,1,,,,,
2026-07-16,2026-07-16,CM,NSE,STK,25134,INE0RE001014,GALAPREC,EQ,,,,,GALA PRECISION ENG LTD,1173.0,1206.0,1152.0,1196.8,1200.0,1173.0,,1196.8,,,36941,43578622.7,3387,F1,1,,,,,
2026-07-16,2026-07-16,CM,NSE,STK,759089,INE09A801015,GML,SM,,,,,GALAXY MEDICARE LIMITED,18.0,18.0,17.85,17.85,17.85,18.1,,17.85,,,4000,71700.0,2,F1,2000,,,,,
2026-07-16,2026-07-16,CM,NSE,STK,1315,INE600K01018,GALAXYSURF,EQ,,,,,GALAXY SURFACTANTS LTD,1962.0,1981.8,1927.3,1937.6,1940.0,1962.2,,1937.8,,,6789,13222268.0,1175,F1,1,,,,,
2026-07-16,2026-07-16,CM,NSE,STK,13337,INE297H01019,GALLANTT,EQ,,,,,GALLANTT ISPAT LIMITED,690.0,695.45,675.2,685.95,686.0,688.95,,685.9,,,28461,19418227.25,2991,F1,1,,,,,
2026-07-16,2026-07-16,CM,NSE,STK,20303,INE717W01049,GANDHAR,EQ,,,,,GANDHAR OIL REFINE IND L,207.0,218.0,207.0,210.95,211.26,206.82,,210.95,,,1252221,266459970.83,18408,F1,1,,,,,
2026-07-16,2026-07-16,CM,NSE,STK,14116,INE524B01027,GANDHITUBE,EQ,,,,,GANDHI SPL. TUBES LTD,871.15,878.9,865.9,867.6,868.0,871.1,,867.6,,,1542,1339197.4,270,F1,1,,,,,
2026-07-16,2026-07-16,CM,NSE,STK,5614,INE388A01029,GANESHBE,EQ,,,,,GANESH BENZOPLAST LIMITED,103.21,110.54,103.21,107.44,106.5,103.86,,107.43,,,999687,107851123.33,14673,F1,1,,,,,
2026-07-16,2026-07-16,CM,NSE,STK,759012,INE652V01016,GANESHCP,EQ,,,,,GANESH CONSUMER PRODUCT L,183.69,184.0,181.05,182.15,182.0,182.39,,182.15,,,35288,6445587.85,917,F1,1,,,,,
2026-07-16,2026-07-16,CM,NSE,STK,24439,INE0R8C01018,GGBL,SM,,,,,GANESH GREEN BHARAT LTD,258.7,262.8,252.3,261.5,262.8,258.7,,261.5,,,31800,8158140.0,96,F1,300,,,,,
2026-07-16,2026-07-16,CM,NSE,STK,14339,INE460C01014,GANESHHOU,EQ,,,,,GANESH HOUSING LIMITED,843.3,858.85,828.6,834.4,840.0,847.95,,834.4,,,35056,29411013.6,2921,F1,1,,,,,
2026-07-16,2026-07-16,CM,NSE,STK,27351,INE0TVT01024,GANESHIN,ST,,,,,GANESH INFRAWORLD LIMITED,90.7,91.0,90.0,91.0,91.0,91.55,,91.0,,,21600,1962560.0,12,F1,800,,,,,
2026-07-16,2026-07-16,CM,NSE,STK,6944,INE845D01014,GANECOS,EQ,,,,,GANESHA ECOSPHERE LIMITED,1192.0,1216.95,1171.4,1188.3,1189.6,1188.3,,1188.3,,,254409,303880740.45,13581,F1,1,,,,,
2026-07-16,2026-07-16,CM,NSE,STK,757525,INE0ZI101018,GANGABATH,SM,,,,,GANGA BATH FITTINGS LTD,21.9,23.2,21.7,22.6,22.75,21.6,,22.6,,,45000,1014900.0,13,F1,3000,,,,,
2026-07-16,2026-07-16,CM,NSE,STK,4959,INE691Z01023,GANGAFORGE,BE,,,,,GANGA FORGING LIMITED,1.99,2.01,1.91,1.96,1.97,1.98,,1.96,,,277681,546490.46,364,F1,1,,,,,
2026-07-16,2026-07-16,CM,NSE,STK,21399,INE335W01016,GANGESSECU,EQ,,,,,GANGES SECURITIES LIMITED,118.8,119.0,115.25,119.0,119.0,117.07,,119.0,,,464,54254.35,23,F1,1,,,,,
2026-07-16,2026-07-16,CM,NSE,STK,5475,INE382Z01011,GRSE,EQ,,,,,GARDEN REACH SHIP&ENG LTD,2625.1,2634.9,2581.5,2590.8,2590.0,2620.2,,2590.9,,,272224,709425688.8,20442,F1,1,,,,,
2026-07-16,2026-07-16,CM,NSE,STK,25800,INE0JVO01026,GARUDA,EQ,,,,,GARUDA CONSTRUCT N ENG L,179.53,181.79,177.71,178.75,178.5,179.7,,178.76,,,159699,28579724.52,3367,F1,1,,,,,
2026-07-16,2026-07-16,CM,NSE,STK,7982,INE291A01017,GRWRHITECH,EQ,,,,,GARWARE HI-TECH FILMS LTD,7040.0,7040.0,6798.5,6931.5,6930.0,6991.0,,6931.5,,,43128,297954328.0,8104,F1,1,,,,,
2026-07-16,2026-07-16,CM,NSE,STK,1100,INE276A01018,GARFIBRES,EQ,,,,,GARWARE TECH FIBRES LTD,768.85,775.45,751.55,766.65,765.0,770.15,,766.65,,,60688,46506661.8,6988,F1,1,,,,,
2026-07-16,2026-07-16,CM,NSE,STK,8510,INE079J01017,GATEWAY,EQ,,,,,GATEWAY DISTRIPARKS LTD,59.26,59.99,58.53,58.89,59.1,59.2,,58.89,,,408503,24216888.57,8240,F1,1,,,,,
2026-07-16,2026-07-16,CM,NSE,STK,760179,INE0P8B01020,GAUDIUMIVF,BE,,,,,GAUDIUM IVF N WOMEN H L,128.55,137.38,126.1,136.94,137.38,130.84,,136.93,,,351906,47100740.75,2054,F1,1,,,,,
2026-07-16,2026-07-16,CM,NSE,STK,3693,INE287Z01012,GAYAHWS,EQ,,,,,GAYATRI HIGHWAYS LIMITED,2.04,2.04,1.84,1.96,1.98,1.92,,1.96,,,229950,454096.3,360,F1,1,,,,,
2026-07-16,2026-07-16,CM,NSE,STK,25027,INE336H01023,GAYAPROJ,BE,,,,,GAYATRI PROJECTS LTD,22.0,22.69,20.75,21.42,22.01,21.78,,21.54,,,670783,14795140.38,1491,F1,1,,,,,
2026-07-16,2026-07-16,CM,NSE,STK,14055,INE0LVM01018,GRCL,ST,,,,,GAYATRI RUBB AND CHEM LTD,620.0,620.0,620.0,620.0,620.0,622.0,,620.0,,,250,155000.0,1,F1,250,,,,,
2026-07-16,2026-07-16,CM,NSE,STK,7862,INE878A01011,GVPIL,EQ,,,,,GE POWER INDIA LIMITED,869.0,871.05,812.05,821.0,822.05,829.6,,821.0,,,632509,536611740.7,14329,F1,1,,,,,
2026-07-16,2026-07-16,CM,NSE,STK,16783,INE200A01026,GVT&D,EQ,,,,,GE VERNOVA T&D INDIA LTD,4720.0,4730.0,4522.0,4584.1,4580.0,4696.4,,4584.1,,,795599,3650491521.4,72692,F1,1,,,,,
2026-07-16,2026-07-16,CM,NSE,STK,13662,INE916G01016,GEECEE,BE,,,,,GEECEE VENTURES LIMITED,342.4,357.85,342.4,349.0,350.45,343.0,,349.0,,,3271,1143835.85,88,F1,1,,,,,
2026-07-16,2026-07-16,CM,NSE,STK,17922,INE669X01032,GEEKAYWIRE,EQ,,,,,GEEKAY WIRES LIMITED,24.34,24.65,23.71,23.87,23.71,24.34,,23.87,,,35884,867175.7,320,F1,1,,,,,
2026-07-16,2026-07-16,CM,NSE,STK,759461,INE06XZ01023,GEMAROMA,EQ,,,,,GEM AROMATICS LIMITED,193.0,193.96,186.1,187.69,188.0,192.25,,187.67,,,120326,22663241.31,1981,F1,1,,,,,
2026-07-16,2026-07-16,CM,NSE,STK,277,INE481Y01014,GICRE,EQ,,,,,GENERAL INS CORP OF INDIA,367.5,367.5,363.25,364.8,364.2,367.0,,364.8,,,291600,106405249.05,7838,F1,1,,,,,
2026-07-16,2026-07-16,CM,NSE,STK,2188,INE854S01022,GENCON,EQ,,,,,GENERIC ENG CONS PROJ LTD,41.51,41.65,40.0,40.44,40.01,40.99,,40.45,,,231306,9515568.72,1206,F1,1,,,,,
2026-07-16,2026-07-16,CM,NSE,STK,10905,INE727B01026,GENESYS,EQ,,,,,GENESYS INTL CORPN LTD,331.65,337.45,326.15,330.85,331.75,328.75,,330.85,,,114869,38021124.65,2622,F1,1,,,,,
2026-07-16,2026-07-16,CM,NSE,STK,6600,INE949P01018,GENUSPAPER,EQ,,,,,GENUS P&B LIMITED,11.79,11.79,11.52,11.6,11.6,11.72,,11.6,,,14073,163328.52,105,F1,1,,,,,
2026-07-16,2026-07-16,CM,NSE,STK,11905,INE955D01029,GENUSPOWER,EQ,,,,,GENUS POWER INFRASTRU LTD,317.0,333.5,316.0,327.65,328.7,315.6,,327.65,,,7098909,2326403985.6,84633,F1,1,,,,,
2026-07-16,2026-07-16,CM,NSE,STK,31942,INE1W0N01014,GENXAI,SM,,,,,GENXAI ANALYTICS LIMITED,85.0,85.0,78.1,78.8,78.8,83.0,,78.8,,,50400,4060140.0,41,F1,1200,,,,,
2026-07-16,2026-07-16,CM,NSE,STK,11896,INE007B01023,GEOJITFSL,EQ,,,,,GEOJIT FINANCIAL SER L,81.61,83.56,81.5,82.49,82.13,81.84,,82.49,,,528342,43668559.75,6893,F1,1,,,,,
2026-07-16,2026-07-16,CM,NSE,STK,1289,INE538A01037,GFLLIMITED,EQ,,,,,GFL LIMITED,45.8,45.8,44.31,44.89,44.76,45.15,,44.91,,,18077,817829.4,453,F1,1,,,,,
2026-07-16,2026-07-16,CM,NSE,STK,1127,INE539A01019,GHCL,EQ,,,,,GHCL LIMITED,436.0,438.6,432.95,435.85,438.5,436.55,,435.85,,,94688,41273580.3,4086,F1,1,,,,,
2026-07-16,2026-07-16,CM,NSE,STK,16696,INE0PA801013,GHCLTEXTIL,EQ,,,,,GHCL TEXTILES LIMITED,113.0,116.0,111.41,114.79,115.85,112.33,,114.78,,,689508,78483951.28,7497,F1,1,,,,,
2026-07-16,2026-07-16,CM,NSE,STK,1139,INE289B01019,GICHSGFIN,EQ,,,,,GIC HOUSING FINANCE LTD,149.9,155.89,148.7,150.48,150.0,149.9,,150.49,,,207409,31587005.41,2715,F1,1,,,,,
2026-07-16,2026-07-16,CM,NSE,STK,17839,INE047B01011,GILLANDERS,EQ,,,,,GILLANDERS ARBUTHNOT LTD,90.6,90.6,88.2,88.5,88.5,89.83,,88.51,,,2604,231471.49,54,F1,1,,,,,
2026-07-16,2026-07-16,CM,NSE,STK,1576,INE322A01010,GILLETTE,EQ,,,,,GILLETTE INDIA LTD,7834.5,7869.0,7765.0,7788.0,7802.5,7819.0,,7788.0,,,9734,76106585.5,3979,F1,1,,,,,
2026-07-16,2026-07-16,CM,NSE,STK,9294,INE424C01010,GINNIFILA,BE,,,,,GINNIFILAMENTS LTD.,49.51,51.95,49.02,50.06,50.25,51.06,,50.05,,,75605,3778929.24,247,F1,1,,,,,
2026-07-16,2026-07-16,CM,NSE,STK,2365,INE614Z01017,GIRIRAJ,SM,,,,,GIRIRAJ CIVIL DEVP LTD,131.0,138.0,128.0,129.85,134.1,129.35,,129.85,,,11250,1491350.0,41,F1,250,,,,,
2026-07-16,2026-07-16,CM,NSE,STK,759048,INE1AG301022,GKENERGY,EQ,,,,,GK ENERGY LIMITED,141.95,141.95,137.7,138.17,137.7,141.25,,138.19,,,360369,50157724.92,4590,F1,1,,,,,
2026-07-16,2026-07-16,CM,NSE,STK,17357,INE528A01020,GKWLIMITED,EQ,,,,,GKW LIMITED,1698.0,1700.0,1676.1,1678.5,1699.9,1695.4,,1678.5,,,117,198324.8,12,F1,1,,,,,
2026-07-16,2026-07-16,CM,NSE,STK,1186,INE068V01023,GLAND,EQ,,,,,GLAND PHARMA LIMITED,2509.0,2564.8,2482.6,2529.4,2546.1,2465.1,,2529.6,,,809358,2042852222.7,63909,F1,1,,,,,
2026-07-16,2026-07-16,CM,NSE,STK,1153,INE159A01016,GLAXO,EQ,,,,,GLAXOSMITHKLINE PHARMA LT,2477.1,2512.0,2466.2,2506.3,2506.0,2483.7,,2506.3,,,82627,206890591.1,12349,F1,1,,,,,
2026-07-16,2026-07-16,CM,NSE,STK,7406,INE935A01035,GLENMARK,EQ,,,,,GLENMARK PHARMACEUTICALS,2313.0,2313.0,2280.1,2286.9,2290.0,2297.4,,2286.9,,,158181,362106258.0,14441,F1,1,,,,,
2026-07-16,2026-07-16,CM,NSE,STK,1415,INE291W01037,GLOBAL,EQ,,,,,GLOBAL EDUCATION LIMITED,102.29,104.6,102.0,102.22,103.0,102.29,,102.22,,,10570,1082368.15,138,F1,1,,,,,
2026-07-16,2026-07-16,CM,NSE,STK,11956,INE474Q01031,MEDANTA,EQ,,,,,GLOBAL HEALTH LIMITED,1343.0,1343.0,1327.0,1332.2,1335.0,1338.5,,1332.1,,,33747,44968937.0,5721,F1,1,,,,,
2026-07-16,2026-07-16,CM,NSE,STK,17170,INE0PS501019,GLOBALPET,ST,,,,,GLOBAL PET INDUSTRIES LTD,150.0,150.0,142.1,144.05,142.1,149.45,,144.05,,,18750,2791687.5,25,F1,750,,,,,
2026-07-16,2026-07-16,CM,NSE,STK,14599,INE0JSX01015,GSLSU,EQ,,,,,GLOBAL SURFACES LIMITED,31.32,32.47,28.19,28.22,28.19,31.32,,28.23,,,423891,12332644.08,2791,F1,1,,,,,
2026-07-16,2026-07-16,CM,NSE,STK,13735,INE792H01019,GLOBALVECT,EQ,,,,,GLOBAL VEC HELICORP LTD,155.2,156.29,155.0,155.5,155.0,154.33,,155.5,,,3527,547998.03,118,F1,1,,,,,
2026-07-16,2026-07-16,CM,NSE,STK,24934,INE0URU01010,GLOBALE,BE,,,,,GLOBALE TESSILE LIMITED,11.25,11.25,10.71,11.0,11.0,11.25,,11.3,,,2052,22483.55,13,F1,1,,,,,
2026-07-16,2026-07-16,CM,NSE,STK,758573,INE0V3U01015,GLOBECIVIL,BE,,,,,GLOBE CIVIL PROJECTS LTD,41.95,41.95,40.6,41.2,40.77,41.3,,41.5,,,6364,262670.13,63,F1,1,,,,,
2026-07-16,2026-07-16,CM,NSE,STK,393,INE581X01021,GLOBE,EQ,,,,,GLOBE ENTERPRISE (I) LTD,2.2,2.21,2.12,2.12,2.13,2.17,,2.12,,,283004,609292.13,184,F1,1,,,,,
2026-07-16,2026-07-16,CM,NSE,STK,761025,INE947T01022,GICL,EQ,,,,,GLOBE INTL CARRIERS LTD,17.2,17.49,16.11,16.51,16.75,16.75,,16.51,,,143812,2429350.16,398,F1,1,,,,,
2026-07-16,2026-07-16,CM,NSE,STK,9768,INE00WS01056,GSTL,ST,,,,,GLOBESECURE TECHNO LTD,16.2,16.2,16.2,16.2,16.2,15.45,,16.2,,,9000,145800.0,7,F1,1000,,,,,
2026-07-16,2026-07-16,CM,NSE,STK,17424,INE615I01010,GLOBUSSPR,EQ,,,,,GLOBUS SPIRITS LTD,965.5,999.8,965.0,988.55,988.0,957.35,,988.45,,,408230,404342253.05,15007,F1,1,,,,,
2026-07-16,2026-07-16,CM,NSE,STK,23590,INE350Z01018,GLOSTERLTD,EQ,,,,,GLOSTER LIMITED,658.0,687.0,652.85,680.35,685.0,657.5,,679.95,,,3152,2128349.7,266,F1,1,,,,,
2026-07-16,2026-07-16,CM,NSE,STK,760118,INE0TQE01026,GLOTTIS,BE,,,,,GLOTTIS LIMITED,67.0,67.25,65.75,67.0,67.1,67.03,,67.0,,,40476,2709705.82,263,F1,1,,,,,
2026-07-16,2026-07-16,CM,NSE,STK,1570,INE541A01023,GMMPFAUDLR,EQ,,,,,GMM PFAUDLER LIMITED,789.0,818.9,785.65,806.9,801.9,788.5,,806.9,,,132231,106391774.55,8270,F1,1,,,,,
2026-07-16,2026-07-16,CM,NSE,STK,13528,INE776C01039,GMRAIRPORT,EQ,,,,,GMR AIRPORTS LIMITED,112.05,112.15,109.2,111.94,111.98,111.82,,111.93,,,19306856,2147160009.87,44269,F1,1,,,,,
2026-07-16,2026-07-16,CM,NSE,STK,8529,INE0CU601026,GMRP&UI,EQ,,,,,GMR POW AND URBAN INFRA L,99.51,99.98,98.05,98.24,98.2,99.46,,98.24,,,678636,66817851.09,3836,F1,1,,,,,
2026-07-16,2026-07-16,CM,NSE,STK,18571,INE934S01014,GNA,EQ,,,,,GNA AXLES LIMITED,552.75,601.65,546.25,592.0,595.0,549.9,,591.95,,,2968420,1740244811.8,73044,F1,1,,,,,
2026-07-16,2026-07-16,CM,NSE,STK,757862,INE18JU01028,EBGNG,EQ,,,,,GNG ELECTRONICS LIMITED,575.85,589.75,569.4,571.55,574.95,572.15,,571.6,,,286583,165894284.35,10817,F1,1,,,,,
2026-07-16,2026-07-16,CM,NSE,STK,23799,INE03JT01014,GODIGIT,EQ,,,,,GO DIGIT GENERAL INS LTD,292.0,297.2,284.3,284.9,285.0,298.65,,284.95,,,1782783,511786899.05,49661,F1,1,,,,,
2026-07-16,2026-07-16,CM,NSE,STK,6964,INE0BJS01011,GOCOLORS,EQ,,,,,GO FASHION INDIA LTD,360.5,365.0,349.95,352.6,350.1,355.15,,352.6,,,388219,138103991.2,7221,F1,1,,,,,
2026-07-16,2026-07-16,CM,NSE,STK,14687,INE426D01013,GOACARBON,EQ,,,,,GOA CARBON LIMITED,380.0,387.45,373.95,380.9,382.5,379.0,,380.9,,,27790,10536096.35,1256,F1,1,,,,,
2026-07-16,2026-07-16,CM,NSE,STK,3963,INE077F01035,GOCLCORP,EQ,,,,,GOCL CORPORATION LIMITED,402.0,407.65,398.95,402.95,407.0,403.25,,402.95,,,36617,14737407.9,2061,F1,1,,,,,
2026-07-16,2026-07-16,CM,NSE,STK,25941,INE497S01012,GODAVARIB,EQ,,,,,GODAVARI BIOREFINERIES L,265.05,265.75,257.9,259.15,260.0,263.3,,259.15,,,106924,27853685.3,2106,F1,1,,,,,
2026-07-16,2026-07-16,CM,NSE,STK,13409,INE177H01039,GPIL,EQ,,,,,GODAWARI POW & ISP LTD,247.0,250.0,243.0,246.15,244.0,253.5,,246.15,,,4834541,1189366911.25,60612,F1,1,,,,,
2026-07-16,2026-07-16,CM,NSE,STK,1181,INE260B01028,GODFRYPHLP,EQ,,,,,GODFREY PHILLIPS INDIA LT,2092.0,2135.0,2086.0,2121.6,2126.0,2085.0,,2121.6,,,291301,615037237.3,24637,F1,1,,,,,
2026-07-16,2026-07-16,CM,NSE,STK,144,INE850D01014,GODREJAGRO,EQ,,,,,GODREJ AGROVET LIMITED,579.0,587.9,569.5,571.8,571.9,576.4,,571.8,,,116348,66858579.4,7309,F1,1,,,,,
2026-07-16,2026-07-16,CM,NSE,STK,10099,INE102D01028,GODREJCP,EQ,,,,,GODREJ CONSUMER PRODUCTS,1058.9,1068.0,1051.9,1057.7,1058.9,1052.7,,1057.7,,,384375,407022658.4,18197,F1,1,,,,,
2026-07-16,2026-07-16,CM,NSE,STK,10925,INE233A01035,GODREJIND,EQ,,,,,GODREJ INDUSTRIES LTD,1385.0,1385.5,1331.0,1339.3,1339.0,1379.4,,1339.4,,,84179,113992101.0,7559,F1,1,,,,,
2026-07-16,2026-07-16,CM,NSE,STK,17875,INE484J01027,GODREJPROP,EQ,,,,,GODREJ PROPERTIES LTD,2107.4,2122.7,2078.0,2090.3,2092.8,2104.4,,2090.3,,,338231,708534977.5,23855,F1,1,,,,,
2026-07-16,2026-07-16,CM,NSE,STK,27127,IN0020240134,692GS2039,GS,,,,,GOI LOAN   6.92% 2039,99.4,99.4,99.4,99.4,99.4,99.37,,99.4,,,1000,99400.0,1,F1,1,,,,,
2026-07-16,2026-07-16,CM,NSE,STK,27819,IN0020240175,698GR2054,GS,,,,,GOI LOAN   6.98% 2054,95.96,96.0,95.96,96.0,96.0,95.95,,96.0,,,100,9599.72,2,F1,1,,,,,
2026-07-16,2026-07-16,CM,NSE,STK,27170,IN0020240142,709GS2074,GS,,,,,GOI LOAN   7.09% 2074,96.25,96.25,95.7,95.9,95.9,96.2,,95.7,,,7721,741985.75,22,F1,1,,,,,
2026-07-16,2026-07-16,CM,NSE,STK,6695,IN0020210186,574GS2026,GS,,,,,GOI LOAN  5.74% 2026,100.5,100.5,100.15,100.15,100.15,100.05,,100.15,,,580,58282.95,3,F1,1,,,,,
2026-07-16,2026-07-16,CM,NSE,STK,757753,IN0020250034,591GS2028,GS,,,,,GOI LOAN  5.91% 2028,101.5,101.5,101.5,101.5,101.5,100.35,,101.5,,,100576,10208464.0,2,F1,1,,,,,
2026-07-16,2026-07-16,CM,NSE,STK,757983,IN0020250067,601GS2030,GS,,,,,GOI LOAN  6.01% 2030,101.75,101.75,101.4,101.4,101.4,100.98,,101.4,,,100841,10225277.75,3,F1,1,,,,,
2026-07-16,2026-07-16,CM,NSE,STK,5012,IN0020210095,610GS2031,GS,,,,,GOI LOAN  6.10% 2031,97.8,100.0,97.8,100.0,100.0,100.75,,100.0,,,8996,879811.0,2,F1,1,,,,,
2026-07-16,2026-07-16,CM,NSE,STK,757994,IN0020250059,628GS2032,GS,,,,,GOI LOAN  6.28% 2032,99.0,99.0,97.02,97.02,97.02,99.0,,97.02,,,299,29404.98,3,F1,1,,,,,
2026-07-16,2026-07-16,CM,NSE,STK,756890,IN0020250026,633GS2035,GS,,,,,GOI LOAN  6.33% 2035,96.51,97.0,96.51,97.0,97.0,98.4,,97.0,,,920,89014.6,3,F1,1,,,,,
2026-07-16,2026-07-16,CM,NSE,STK,761020,IN0020250141,636GS2031,GS,,,,,GOI LOAN  6.36% 2031,100.65,102.0,100.65,102.0,102.0,100.6,,102.0,,,800,80925.0,4,F1,1,,,,,
2026-07-16,2026-07-16,CM,NSE,STK,759396,IN0020250091,648GS2035,GS,,,,,GOI LOAN  6.48% 2035,98.5,99.5,98.5,99.5,99.5,98.5,,99.5,,,2067,204171.5,6,F1,1,,,,,
2026-07-16,2026-07-16,CM,NSE,STK,3204,IN0020210020,664GS2035,GS,,,,,GOI LOAN  6.64% 2035,97.7,97.7,97.7,97.7,97.7,97.7,,97.7,,,1,97.7,1,F1,1,,,,,
2026-07-16,2026-07-16,CM,NSE,STK,956,IN0020200252,667GS2050,GS,,,,,GOI LOAN  6.67% 2050,93.0,93.0,93.0,93.0,93.0,94.3,,93.0,,,5,465.0,1,F1,1,,,,,
2026-07-16,2026-07-16,CM,NSE,STK,757847,IN0020250042,668GS2040,GS,,,,,GOI LOAN  6.68% 2040,98.65,99.66,98.65,99.28,99.2,99.0,,99.28,,,24314,2413944.36,34,F1,1,,,,,
2026-07-16,2026-07-16,CM,NSE,STK,2317,IN0020200401,676GS2061,GS,,,,,GOI LOAN  6.76% 2061,93.25,93.44,93.02,93.35,93.35,93.25,,93.35,,,60895,5673813.51,29,F1,1,,,,,
2026-07-16,2026-07-16,CM,NSE,STK,756014,IN0020250018,690GS2065,GS,,,,,GOI LOAN  6.90% 2065,94.52,94.53,94.03,94.03,94.03,94.0,,94.26,,,4500,424182.0,5,F1,1,,,,,
2026-07-16,2026-07-16,CM,NSE,STK,763340,IN0020260025,694GS2036,GS,,,,,GOI LOAN  6.94% 2036,102.5,102.9,102.1,102.48,102.9,102.5,,102.48,,,961,98421.4,12,F1,1,,,,,
2026-07-16,2026-07-16,CM,NSE,STK,6696,IN0020210194,699GS2051,GS,,,,,GOI LOAN  6.99% 2051,97.97,97.97,97.97,97.97,97.97,98.1,,97.97,,,49,4800.53,1,F1,1,,,,,
2026-07-16,2026-07-16,CM,NSE,STK,23919,IN0020240050,704GS2029,GS,,,,,GOI LOAN  7.04% 2029,101.8,101.8,101.8,101.8,101.8,102.0,,101.8,,,200,20360.0,1,F1,1,,,,,
2026-07-16,2026-07-16,CM,NSE,STK,14970,IN0020230010,706GS2028,GS,,,,,GOI LOAN  7.06% 2028,102.86,102.86,102.86,102.86,102.86,102.98,,102.86,,,1872,192553.92,1,F1,1,,,,,
2026-07-16,2026-07-16,CM,NSE,STK,24949,IN0020240118,709GS2054,GS,,,,,GOI LOAN  7.09% 2054,99.76,99.9,99.01,99.65,99.7,99.71,,99.65,,,185306,18470754.76,69,F1,1,,,,,
2026-07-16,2026-07-16,CM,NSE,STK,18025,IN0020230085,718GS2033,GS,,,,,GOI LOAN  7.18% 2033,106.0,106.0,106.0,106.0,106.0,105.25,,106.0,,,3200,339200.0,2,F1,1,,,,,
2026-07-16,2026-07-16,CM,NSE,STK,17398,IN0020230077,718GS2037,GS,,,,,GOI LOAN  7.18% 2037,105.85,106.1,105.85,106.03,105.85,105.92,,105.97,,,10856,1150787.6,11,F1,1,,,,,
2026-07-16,2026-07-16,CM,NSE,STK,758674,IN0020250075,724GS2055,GS,,,,,GOI LOAN  7.24% 2055,101.48,101.9,100.66,101.04,100.66,101.49,,101.06,,,51308,5187988.83,33,F1,1,,,,,
2026-07-16,2026-07-16,CM,NSE,STK,16733,IN0020230044,725GS2063,GS,,,,,GOI LOAN  7.25% 2063,98.35,98.35,97.9,98.17,98.2,97.98,,98.17,,,54710,5364520.25,47,F1,1,,,,,
2026-07-16,2026-07-16,CM,NSE,STK,10722,IN0020220060,726GS2032,GS,,,,,GOI LOAN  7.26% 2032,106.0,106.2,105.6,106.2,106.2,106.0,,106.2,,,4050,428362.0,5,F1,1,,,,,
2026-07-16,2026-07-16,CM,NSE,STK,16865,IN0020230051,73GS2053,GS,,,,,GOI LOAN  7.3% 2053,99.98,99.99,98.26,99.7,99.64,99.98,,99.7,,,299707,29636101.28,121,F1,1,,,,,
2026-07-16,2026-07-16,CM,NSE,STK,20136,IN0020230135,732GS2030,GS,,,,,GOI LOAN  7.32% 2030,103.0,103.0,103.0,103.0,103.0,104.54,,103.0,,,100,10300.0,1,F1,1,,,,,
2026-07-16,2026-07-16,CM,NSE,STK,23558,IN0020240035,734GS2064,GS,,,,,GOI LOAN  7.34% 2064,100.29,100.29,99.9,99.98,99.98,99.8,,99.98,,,15163,1516118.45,14,F1,1,,,,,
2026-07-16,2026-07-16,CM,NSE,STK,10931,IN0020220086,736GS2052,GS,,,,,GOI LOAN  7.36% 2052,102.0,102.0,102.0,102.0,102.0,102.4,,102.0,,,97,9894.0,1,F1,1,,,,,
2026-07-16,2026-07-16,CM,NSE,STK,19566,IN0020230101,737GS2028,GS,,,,,GOI LOAN  7.37% 2028,104.39,104.45,104.39,104.39,104.39,104.39,,104.39,,,4426,462036.68,4,F1,1,,,,,
2026-07-16,2026-07-16,CM,NSE,STK,10981,IN0020220094,74GS2062,GS,,,,,GOI LOAN  7.4% 2062,100.5,101.97,100.45,101.97,101.97,100.39,,101.97,,,7438,747173.62,6,F1,1,,,,,
2026-07-16,2026-07-16,CM,NSE,STK,13194,IN0020220102,741GS2036,GS,,,,,GOI LOAN  7.41% 2036,105.5,105.8,105.5,105.75,105.8,105.2,,105.66,,,15200,1605320.0,22,F1,1,,,,,
2026-07-16,2026-07-16,CM,NSE,STK,760649,IN0020250117,743GS2076,GS,,,,,GOI LOAN  7.43% 2076,103.92,103.92,103.92,103.92,103.92,103.3,,103.92,,,15,1558.8,1,F1,1,,,,,
2026-07-16,2026-07-16,CM,NSE,STK,19808,IN0020230127,746GS2073,GS,,,,,GOI LOAN  7.46% 2073,101.79,101.8,101.5,101.5,101.5,101.7,,101.5,,,11001,1116892.89,4,F1,1,,,,,
2026-07-16,2026-07-16,CM,NSE,STK,763146,IN0020260017,750GS2056,GS,,,,,GOI LOAN  7.50% 2056,101.0,103.0,101.0,103.0,103.0,101.0,,103.0,,,860,86882.0,2,F1,1,,,,,
2026-07-16,2026-07-16,CM,NSE,STK,9585,IN0020220029,754GS2036,GS,,,,,GOI LOAN  7.54% 2036,106.42,106.7,106.42,106.65,106.65,106.47,,106.65,,,263221,28063612.52,103,F1,1,,,,,
2026-07-16,2026-07-16,CM,NSE,STK,763489,IN0020260033,771GS2066,GS,,,,,GOI LOAN  7.71% 2066,105.2,105.2,104.3,104.3,104.3,105.15,,104.3,,,1568,164298.25,19,F1,1,,,,,
2026-07-16,2026-07-16,CM,NSE,STK,6833,IN0020010081,1018GS2026,GS,,,,,GOI LOAN 10.18% 2026,104.0,104.0,103.21,103.28,103.4,104.15,,103.28,,,11671,1205446.25,15,F1,1,,,,,
2026-07-16,2026-07-16,CM,NSE,STK,9047,IN0020220011,710GS2029,GS,,,,,GOI LOAN 7.10% 2029,103.5,105.0,103.5,105.0,105.0,103.5,,104.0,,,61391,6445905.0,2,F1,1,,,,,
2026-07-16,2026-07-16,CM,NSE,STK,18561,IN0020200054,716GS2050,GS,,,,,GOI LOAN 7.16% 2050,100.01,100.01,100.01,100.01,100.01,100.01,,100.01,,,149,14901.49,1,F1,1,,,,,
2026-07-16,2026-07-16,CM,NSE,STK,9913,IN0020220037,738GS2027,GS,,,,,GOI LOAN 7.38% 2027,101.79,102.0,101.79,101.85,101.85,101.85,,101.85,,,64635,6585466.0,31,F1,1,,,,,
2026-07-16,2026-07-16,CM,NSE,STK,6835,IN0020020106,795GS2032,GS,,,,,GOI LOAN 7.95% 2032,109.0,109.0,109.0,109.0,109.0,110.11,,109.0,,,3000,327000.0,6,F1,1,,,,,
2026-07-16,2026-07-16,CM,NSE,STK,7124,IN0020150044,813GS2045,GS,,,,,GOI LOAN 8.13% 2045,113.0,113.0,113.0,113.0,113.0,110.0,,113.0,,,1,113.0,1,F1,1,,,,,
2026-07-16,2026-07-16,CM,NSE,STK,6884,IN0020060078,824GS2027,GS,,,,,GOI LOAN 8.24%2027,105.45,105.45,103.86,103.86,103.86,105.0,,103.86,,,2000,209312.0,3,F1,1,,,,,
2026-07-16,2026-07-16,CM,NSE,STK,7013,IN0020110063,883GS2041,GS,,,,,GOI LOAN 8.83% 2041,110.0,110.0,110.0,110.0,110.0,110.0,,110.0,,,1,110.0,1,F1,1,,,,,
2026-07-16,2026-07-16,CM,NSE,STK,7011,IN0020110055,897GS2030,GS,,,,,GOI LOAN 8.97% 2030,110.2,110.5,109.99,110.5,110.5,110.5,,110.5,,,36820,4051203.43,34,F1,1,,,,,
2026-07-16,2026-07-16,CM,NSE,STK,7039,IN0020130053,92GS2030,GS,,,,,GOI LOAN 9.20% 2030,114.85,114.9,113.5,114.8,114.8,116.0,,114.8,,,15540,1775837.8,18,F1,1,,,,,
2026-07-16,2026-07-16,CM,NSE,STK,761383,IN002025Y495,182D100926,TB,,,,,GOI TBILL 182D-10/09/26,99.18,99.18,99.18,99.18,99.18,98.25,,99.18,,,3000,297540.0,1,F1,100,,,,,
2026-07-16,2026-07-16,CM,NSE,STK,757977,IN002025Z187,364D300726,TB,,,,,GOI TBILL 364D-30/07/26,99.69,99.69,99.69,99.69,99.69,99.6,,99.69,,,500,49845.0,2,F1,100,,,,,
2026-07-16,2026-07-16,CM,NSE,STK,763781,IN002026X131,91D011026,TB,,,,,GOI TBILL 91D-01/10/26,98.39,98.39,98.39,98.39,98.39,98.4,,98.39,,,100,9839.0,1,F1,100,,,,,
2026-07-16,2026-07-16,CM,NSE,STK,763287,IN002026X057,91D060826,TB,,,,,GOI TBILL 91D-06/08/26,99.59,99.59,99.59,99.59,99.59,99.15,,99.7,,,100,9959.0,1,F1,100,,,,,
2026-07-16,2026-07-16,CM,NSE,STK,755746,IN002026X123,91D240926,TB,,,,,GOI TBILL 91D-24/09/26,98.51,98.51,98.51,98.51,98.51,98.61,,98.51,,,1000,98510.0,3,F1,100,,,,,
2026-07-16,2026-07-16,CM,NSE,STK,11778,INE887G01027,GOKEX,EQ,,,,,GOKALDAS EXPORTS LTD.,831.9,845.45,826.4,836.85,838.0,831.9,,836.8,,,194941,162823744.85,7628,F1,1,,,,,
2026-07-16,2026-07-16,CM,NSE,STK,14480,INE314T01033,GOKULAGRO,EQ,,,,,GOKUL AGRO RESOURCES LTD,215.9,218.0,211.1,211.98,212.35,215.23,,211.98,,,267821,57422697.41,5617,F1,1,,,,,
2026-07-16,2026-07-16,CM,NSE,STK,16705,INE020J01029,GOKUL,EQ,,,,,GOKUL REFOILS & SOLV LTD,40.75,41.47,40.11,40.24,40.49,40.75,,40.25,,,157574,6443506.59,879,F1,1,,,,,
2026-07-16,2026-07-16,CM,NSE,STK,11619,INE973A01010,GOLDENTOBC,BZ,,,,,GOLDEN TOBACCO LIMITED,25.02,26.74,25.02,25.26,25.26,25.51,,25.26,,,2039,51874.84,17,F1,1,,,,,
2026-07-16,2026-07-16,CM,NSE,STK,11971,INE025B01025,GOLDIAM,EQ,,,,,GOLDIAM INTERNATIONAL LTD,360.0,365.0,350.8,352.8,351.4,357.45,,352.8,,,820039,292786508.35,15111,F1,1,,,,,
2026-07-16,2026-07-16,CM,NSE,STK,1,INE405Y01021,GOLDSTAR,SM,,,,,GOLDSTAR POWER LIMITED,7.4,7.4,7.35,7.35,7.35,7.5,,7.35,,,22500,165937.5,2,F1,11250,,,,,
2026-07-16,2026-07-16,CM,NSE,STK,6125,INE127I01024,GOODLUCK,EQ,,,,,GOODLUCK INDIA LIMITED,1563.0,1581.7,1548.7,1564.0,1570.0,1573.0,,1564.0,,,76764,120034517.2,8664,F1,1,,,,,
2026-07-16,2026-07-16,CM,NSE,STK,1205,INE533A01012,GOODYEAR,EQ,,,,,GOODYEAR INDIA LIMITED,812.0,846.0,812.0,817.9,821.0,811.5,,817.9,,,14975,12276652.1,1223,F1,1,,,,,
2026-07-16,2026-07-16,CM,NSE,STK,23066,INE0L9R01028,GOPAL,EQ,,,,,GOPAL SNACKS LIMITED,264.0,270.0,258.75,266.75,270.0,261.65,,266.75,,,147195,38804658.05,5911,F1,1,,,,,
2026-07-16,2026-07-16,CM,NSE,STK,11787,INE705X01026,GOYALALUM,EQ,,,,,GOYAL ALUMINIUMS LIMITED,6.71,6.79,6.63,6.7,6.74,6.69,,6.7,,,30182,202904.05,269,F1,1,,,,,
2026-07-16,2026-07-16,CM,NSE,STK,19356,INE0QFE01017,GOYALSALT,SM,,,,,GOYAL SALT LIMITED,113.05,115.0,113.05,115.0,115.0,115.05,,115.0,,,2400,274830.0,4,F1,600,,,,,
2026-07-16,2026-07-16,CM,NSE,STK,24113,INE0S7E01015,GPECO,ST,,,,,GP ECO SOLUTIONS INDIA L,422.0,426.2,414.0,418.1,421.0,420.45,,418.1,,,13800,5785750.0,56,F1,200,,,,,
2026-07-16,2026-07-16,CM,NSE,STK,11584,INE586G01017,GULFPETRO,BE,,,,,GP PETROLEUMS LIMITED,38.5,39.9,37.1,38.49,37.8,38.51,,38.47,,,50772,1955944.34,193,F1,1,,,,,
2026-07-16,2026-07-16,CM,NSE,STK,22846,INE486R01017,GPTHEALTH,EQ,,,,,GPT HEALTHCARE LIMITED,152.2,154.89,150.55,153.78,153.3,152.21,,153.78,,,81726,12490941.55,1763,F1,1,,,,,
2026-07-16,2026-07-16,CM,NSE,STK,17685,INE390G01014,GPTINFRA,EQ,,,,,GPT INFRAPROJECTS LTD,120.36,121.99,118.0,118.88,118.5,120.56,,118.89,,,76303,9144518.73,1307,F1,1,,,,,
2026-07-16,2026-07-16,CM,NSE,STK,763301,INE361K01017,GRADIENTE,BE,,,,,GRADIENTE INFOTAINMENT L,3.44,3.6,3.44,3.44,3.44,3.62,,3.44,,,265542,915335.46,144,F1,1,,,,,
2026-07-16,2026-07-16,CM,NSE,STK,30289,INE12E301017,GCHOTELS,ST,,,,,GRAND CONTINENT HOTELS L,115.3,115.3,114.7,114.8,114.8,114.95,,114.8,,,8400,964440.0,8,F1,600,,,,,
2026-07-16,2026-07-16,CM,NSE,STK,762695,INE926B01016,GRANDOAK,EQ,,,,,GRAND OAK CANYONS DIST L,42.95,43.05,40.21,42.11,42.25,41.06,,42.11,,,10388,433739.02,100,F1,1,,,,,
2026-07-16,2026-07-16,CM,NSE,STK,11872,INE101D01020,GRANULES,EQ,,,,,GRANULES INDIA LIMITED,900.05,910.0,893.9,903.25,903.55,898.05,,903.25,,,739918,667507854.75,36037,F1,1,,,,,
2026-07-16,2026-07-16,CM,NSE,STK,20454,INE0POU01017,GRAPHISAD,SM,,,,,GRAPHISADS LIMITED,28.45,28.5,27.65,27.65,27.65,27.95,,27.65,,,8400,238320.0,7,F1,1200,,,,,
2026-07-16,2026-07-16,CM,NSE,STK,592,INE371A01025,GRAPHITE,EQ,,,,,GRAPHITE INDIA LTD,625.9,665.9,618.8,655.1,662.0,625.1,,655.05,,,2728353,1754866007.4,63422,F1,1,,,,,
2026-07-16,2026-07-16,CM,NSE,STK,1232,INE047A01021,GRASIM,EQ,,,,,GRASIM INDUSTRIES LTD,3086.7,3105.0,3060.0,3072.9,3067.9,3086.1,,3072.9,,,536911,1650226481.9,27721,F1,1,,,,,
2026-07-16,2026-07-16,CM,NSE,STK,5200,INE266D01021,GRAUWEIL,EQ,,,,,GRAUER & WEIL IND LTD,79.99,79.99,77.5,77.82,78.34,79.44,,77.79,,,146876,11455110.73,2216,F1,1,,,,,
2026-07-16,2026-07-16,CM,NSE,STK,762700,INE214F01026,GRAVISSHO,EQ,,,,,GRAVISS HOSPITALITY LTD.,29.36,30.89,29.36,30.74,30.88,29.8,,30.62,,,703,21322.92,12,F1,1,,,,,
2026-07-16,2026-07-16,CM,NSE,STK,20534,INE024L01027,GRAVITA,EQ,,,,,GRAVITA INDIA LIMITED,1840.0,1849.0,1803.0,1829.5,1838.0,1840.2,,1829.5,,,296526,540462351.2,21322,F1,1,,,,,
2026-07-16,2026-07-16,CM,NSE,STK,1235,INE224A01026,GREAVESCOT,EQ,,,,,GREAVES COTTON LTD.,258.7,264.0,255.1,256.43,256.49,257.68,,256.43,,,1393158,360415700.26,19845,F1,1,,,,,
2026-07-16,2026-07-16,CM,NSE,STK,17092,INE0O7P01015,GREENCHEF,SM,,,,,GREENCHEF APPLIANCES LTD,47.1,47.1,47.1,47.1,47.1,46.65,,47.1,,,800,37680.0,1,F1,800,,,,,
2026-07-16,2026-07-16,CM,NSE,STK,6848,INE544R01021,GREENLAM,EQ,,,,,GREENLAM INDUSTRIES LTD.,255.7,257.95,249.3,250.4,250.5,252.45,,250.4,,,56505,14265067.1,2034,F1,1,,,,,
2026-07-16,2026-07-16,CM,NSE,STK,759427,INE0PLX01017,GREENLEAF,ST,,,,,GREENLEAF ENVIROTECH LTD,109.3,112.95,107.0,111.95,112.0,110.45,,111.95,,,25000,2764400.0,21,F1,1000,,,,,
2026-07-16,2026-07-16,CM,NSE,STK,13810,INE08ZM01014,GREENPANEL,EQ,,,,,GREENPANEL INDUSTRIES LTD,202.0,206.5,200.03,202.04,202.0,202.06,,202.04,,,167747,33986928.08,2993,F1,1,,,,,
2026-07-16,2026-07-16,CM,NSE,STK,3987,INE461C01038,GREENPLY,EQ,,,,,GREENPLY INDUSTRIES LTD,319.95,324.0,316.6,320.2,320.35,316.25,,320.2,,,124417,39866392.2,5077,F1,1,,,,,
2026-07-16,2026-07-16,CM,NSE,STK,758986,INE199P01028,GCSL,EQ,,,,,GRETEX CORPORATE SERVICES,504.0,521.4,504.0,513.2,512.1,502.95,,513.45,,,1428282,732878519.8,10413,F1,1,,,,,
2026-07-16,2026-07-16,CM,NSE,STK,23562,INE0PC901019,BIRDYS,ST,,,,,GRILL SPLENDOUR SER LTD,89.0,89.1,85.0,87.9,88.4,89.4,,87.9,,,26400,2323800.0,5,F1,1200,,,,,
2026-07-16,2026-07-16,CM,NSE,STK,13560,INE536A01023,GRINDWELL,EQ,,,,,GRINDWELL NORTON LIMITED,2059.0,2455.0,2054.9,2382.3,2411.0,2045.9,,2389.6,,,312817,732795127.4,19366,F1,1,,,,,
2026-07-16,2026-07-16,CM,NSE,STK,10871,INE192H01020,GRMOVER,EQ,,,,,GRM OVERSEAS LIMITED,91.6,93.97,91.6,92.78,93.0,92.28,,92.78,,,567264,52676641.83,4404,F1,1,,,,,
2026-07-16,2026-07-16,CM,NSE,STK,760971,INE1TY801010,GJL,ST,,,,,GROVER JEWELLS LIMITED,166.75,166.75,165.65,165.65,165.65,174.35,,165.65,,,2400,398440.0,3,F1,800,,,,,
2026-07-16,2026-07-16,CM,NSE,STK,760051,INF666M01MM4,GROWWCAPM,EQ,,,,,GROWWAMC - GROWWCAPM,11.97,11.97,11.38,11.39,11.45,11.68,,11.39,,,788783,9041518.9,1511,F1,1,,,,,
2026-07-16,2026-07-16,CM,NSE,STK,760673,INF666M01NP5,GROWWCHEM,EQ,,,,,GROWWAMC - GROWWCHEM,30.09,30.33,29.87,30.2,30.3,29.95,,30.2,,,40017,1206986.47,262,F1,1,,,,,
2026-07-16,2026-07-16,CM,NSE,STK,25758,INF666M01IO8,GROWWDEFNC,EQ,,,,,GROWWAMC - GROWWDEFNC,93.56,94.3,92.61,92.93,92.94,93.56,,92.93,,,163354,15192597.2,1972,F1,1,,,,,
2026-07-16,2026-07-16,CM,NSE,STK,24798,INF666M01IH2,GROWWEV,EQ,,,,,GROWWAMC - GROWWEV,31.18,31.5,31.08,31.25,31.35,31.17,,31.25,,,164891,5172249.57,1261,F1,1,,,,,
2026-07-16,2026-07-16,CM,NSE,STK,25872,INF666M01OE7,GROWWGOLD,EQ,,,,,GROWWAMC - GROWWGOLD,13.8,13.81,13.72,13.77,13.74,13.75,,13.77,,,1052918,14485015.29,2480,F1,1,,,,,
2026-07-16,2026-07-16,CM,NSE,STK,760874,INF666M01OD9,GROWWHOSPI,EQ,,,,,GROWWAMC - GROWWHOSPI,54.99,55.46,54.05,54.18,54.13,54.46,,54.18,,,524074,28417197.66,926,F1,1,,,,,
2026-07-16,2026-07-16,CM,NSE,STK,25447,INF666M01IP5,GROWWLIQID,EQ,,,,,GROWWAMC - GROWWLIQID,109.92,109.93,109.92,109.92,109.93,109.91,,109.92,,,166080,18256858.05,211,F1,1,,,,,
2026-07-16,2026-07-16,CM,NSE,STK,758300,INF666M01LB9,GROWWLOVOL,EQ,,,,,GROWWAMC - GROWWLOVOL,10.51,10.51,10.25,10.38,10.25,10.39,,10.38,,,24615,255537.99,144,F1,1,,,,,
2026-07-16,2026-07-16,CM,NSE,STK,759719,INF666M01MV5,GROWWMC150,EQ,,,,,GROWWAMC - GROWWMC150,228.72,235.9,228.1,231.67,231.7,231.34,,231.67,,,268,62222.68,44,F1,1,,,,,
2026-07-16,2026-07-16,CM,NSE,STK,760438,INF666M01NI0,GROWWMETAL,EQ,,,,,GROWWAMC - GROWWMETAL,11.99,12.2,11.87,11.88,11.96,11.99,,11.88,,,373790,4466393.19,1959,F1,1,,,,,
2026-07-16,2026-07-16,CM,NSE,STK,756086,INF666M01KJ4,GROWWMOM50,EQ,,,,,GROWWAMC - GROWWMOM50,10.71,10.81,10.66,10.74,10.76,10.71,,10.74,,,131013,1409007.48,384,F1,1,,,,,
2026-07-16,2026-07-16,CM,NSE,STK,29872,INF666M01JV1,GROWWN200,EQ,,,,,GROWWAMC - GROWWN200,11.4,11.4,11.22,11.3,11.34,11.35,,11.3,,,14818,167976.21,216,F1,1,,,,,
2026-07-16,2026-07-16,CM,NSE,STK,757814,INF666M01LI4,GROWWNET,EQ,,,,,GROWWAMC - GROWWNET,10.14,10.31,9.93,9.99,10.08,10.14,,9.99,,,264111,2655236.61,710,F1,1,,,,,
2026-07-16,2026-07-16,CM,NSE,STK,758697,INF666M01LL8,GROWWNIFTY,EQ,,,,,GROWWAMC - GROWWNIFTY,9.58,9.97,9.58,9.72,9.73,9.73,,9.72,,,359105,3498825.15,4598,F1,1,,,,,
2026-07-16,2026-07-16,CM,NSE,STK,759458,INF666M01LZ8,GROWWNXT50,EQ,,,,,GROWWAMC - GROWWNXT50,71.78,72.69,71.78,72.32,72.58,72.07,,72.32,,,6521,471705.33,71,F1,1,,,,,
2026-07-16,2026-07-16,CM,NSE,STK,758165,INF666M01LM6,GROWWPOWER,EQ,,,,,GROWWAMC - GROWWPOWER,11.8,11.97,11.77,11.84,11.79,11.84,,11.84,,,1619160,19201601.76,2270,F1,1,,,,,
2026-07-16,2026-07-16,CM,NSE,STK,760976,INF666M01NQ3,GROWWPSE,EQ,,,,,GROWWAMC - GROWWPSE,98.0,100.21,98.0,99.69,99.99,98.95,,99.69,,,2463,245319.71,80,F1,1,,,,,
2026-07-16,2026-07-16,CM,NSE,STK,761514,INF666M01OG2,GROWWPSUBK,EQ,,,,,GROWWAMC - GROWWPSUBK,83.03,84.9,83.03,84.37,84.9,83.85,,84.37,,,1480,124547.17,76,F1,1,,,,,
2026-07-16,2026-07-16,CM,NSE,STK,29527,INF666M01JJ6,GROWWRAIL,EQ,,,,,GROWWAMC - GROWWRAIL,29.07,29.19,28.89,28.92,28.98,29.06,,28.92,,,243944,7073402.46,1421,F1,1,,,,,
2026-07-16,2026-07-16,CM,NSE,STK,759428,INF666M01MN2,GROWWRLTY,EQ,,,,,GROWWAMC - GROWWRLTY,10.07,10.4,10.07,10.16,10.2,10.21,,10.16,,,214366,2184414.85,495,F1,1,,,,,
2026-07-16,2026-07-16,CM,NSE,STK,759522,INF666M01MO0,GROWWSC250,EQ,,,,,GROWWAMC - GROWWSC250,10.5,10.5,10.4,10.44,10.46,10.42,,10.44,,,80351,839009.45,383,F1,1,,,,,
2026-07-16,2026-07-16,CM,NSE,STK,756827,INF666M01OF4,GROWWSLVR,EQ,,,,,GROWWAMC - GROWWSLVR,21.29,21.3,21.13,21.21,21.22,21.36,,21.21,,,980621,20799987.57,1857,F1,1,,,,,
2026-07-16,2026-07-16,CM,NSE,STK,763572,INF666M01OT5,PVTBKGROWW,EQ,,,,,GROWWAMC - PVTBKGROWW,27.85,28.07,27.84,27.89,28.0,27.99,,27.89,,,6958,194199.94,89,F1,1,,,,,
2026-07-16,2026-07-16,CM,NSE,STK,751745,INF666M01PG9,SMALLGROWW,EQ,,,,,GROWWAMC - SMALLGROWW,47.71,47.72,47.07,47.18,47.46,47.63,,47.18,,,18745,887347.02,113,F1,1,,,,,
2026-07-16,2026-07-16,CM,NSE,STK,6543,INE137I01015,GRPLTD,EQ,,,,,GRP LIMITED,1891.4,1897.9,1856.1,1861.9,1856.1,1900.7,,1862.0,,,368,689497.7,138,F1,1,,,,,
2026-07-16,2026-07-16,CM,NSE,STK,23888,INE0SQY01018,GSMFOILS,SM,,,,,GSM FOILS LIMITED,261.0,265.0,261.0,263.45,264.2,260.45,,263.45,,,31500,8296325.0,56,F1,500,,,,,
2026-07-16,2026-07-16,CM,NSE,STK,762239,INE713R01022,GSPCROP,EQ,,,,,GSP CROP SCIENCE LIMITED,459.0,497.4,459.0,493.0,494.0,456.95,,492.95,,,1030118,501396652.1,23373,F1,1,,,,,
2026-07-16,2026-07-16,CM,NSE,STK,15351,INE871H01011,GSS,BE,,,,,GSS INFOTECH LIMITED,12.5,12.69,12.26,12.38,12.35,12.51,,12.38,,,2418,30238.07,24,F1,1,,,,,
2026-07-16,2026-07-16,CM,NSE,STK,13745,INE221H01019,GTLINFRA,EQ,,,,,GTL INFRA.LTD,1.28,1.3,1.27,1.27,1.28,1.28,,1.27,,,32198844,41255980.05,15128,F1,1,,,,,
2026-07-16,2026-07-16,CM,NSE,STK,1162,INE043A01012,GTL,EQ,,,,,GTL LTD,7.19,7.29,7.14,7.16,7.18,7.19,,7.16,,,142589,1024194.08,441,F1,1,,,,,
2026-07-16,2026-07-16,CM,NSE,STK,21195,INE869I01013,GTPL,EQ,,,,,GTPL HATHWAY LIMITED,64.9,64.9,63.0,63.43,63.1,65.14,,63.45,,,75477,4826408.27,1601,F1,1,,,,,
2026-07-16,2026-07-16,CM,NSE,STK,11606,INE742B01025,GUFICBIO,EQ,,,,,GUFIC BIOSCIENCES LTD.,396.6,407.0,387.0,388.3,390.0,396.6,,388.3,,,53744,21059090.3,2160,F1,1,,,,,
2026-07-16,2026-07-16,CM,NSE,STK,1145,INE162A01010,GIPCL,EQ,,,,,GUJ IND POW CO. LTD,165.01,165.43,162.8,163.52,163.02,164.75,,163.51,,,218761,35800894.2,2694,F1,1,,,,,
2026-07-16,2026-07-16,CM,NSE,STK,1174,INE113A01013,GNFC,EQ,,,,,GUJ NAR VAL FER & CHEM L,498.6,516.8,498.55,513.0,512.35,498.55,,513.0,,,655111,334905776.6,26404,F1,1,,,,,
2026-07-16,2026-07-16,CM,NSE,STK,1247,INE026A01025,GSFC,EQ,,,,,GUJ STATE FERT & CHEM LTD,160.22,161.5,159.96,160.2,160.11,159.76,,160.21,,,412343,66244007.49,8635,F1,1,,,,,
2026-07-16,2026-07-16,CM,NSE,STK,14677,INE826C01016,GUJAPOLLO,EQ,,,,,GUJ. APOLLO IND. LTD.,356.15,357.0,352.0,353.45,355.5,355.55,,353.45,,,2413,855467.35,137,F1,1,,,,,
2026-07-16,2026-07-16,CM,NSE,STK,1267,INE186A01019,GUJALKALI,EQ,,,,,GUJARAT ALKALIES & CHEM,595.6,596.0,588.5,589.4,592.7,594.45,,589.25,,,24630,14561844.4,1518,F1,1,,,,,
2026-07-16,2026-07-16,CM,NSE,STK,8828,INE036B01030,GAEL,EQ,,,,,GUJARAT AMBUJA EXPORTS LT,149.0,150.65,147.5,148.23,147.67,149.4,,148.22,,,807383,120222168.84,19624,F1,1,,,,,
2026-07-16,2026-07-16,CM,NSE,STK,10599,INE844O01030,GUJENERGY,EQ,,,,,GUJARAT ENERGY LIMITED,292.2,295.2,286.2,288.75,289.05,285.65,,288.75,,,1191883,344470831.35,47778,F1,1,,,,,
2026-07-16,2026-07-16,CM,NSE,STK,13750,INE09N301011,FLUOROCHEM,EQ,,,,,GUJARAT FLUOROCHEM LTD,4131.6,4150.0,4080.2,4124.1,4120.0,4131.6,,4124.1,,,268567,1106519684.6,20477,F1,1,,,,,
2026-07-16,2026-07-16,CM,NSE,STK,761197,INE0V0W01025,GKSL,EQ,,,,,GUJARAT KIDNEY N SUP SP L,131.43,134.42,128.0,128.78,128.99,131.43,,128.79,,,176656,22831444.71,1698,F1,1,,,,,
2026-07-16,2026-07-16,CM,NSE,STK,8412,INE540A01017,GLFL,BE,,,,,GUJARAT LEASE FINANCING L,5.49,5.49,5.49,5.49,5.49,5.6,,5.49,,,501,2750.49,3,F1,1,,,,,
2026-07-16,2026-07-16,CM,NSE,STK,5204,INE131A01031,GMDCLTD,EQ,,,,,GUJARAT MINERAL DEV CORP,598.0,600.5,584.85,586.65,585.95,596.1,,586.65,,,681936,403035274.75,19045,F1,1,,,,,
2026-07-16,2026-07-16,CM,NSE,STK,762690,INE207H01018,GNRL,EQ,,,,,GUJARAT NATURAL RES L,99.15,99.15,96.96,97.45,98.22,98.42,,97.45,,,98296,9581079.57,698,F1,1,,,,,
2026-07-16,2026-07-16,CM,NSE,STK,19731,INE517F01014,GPPL,EQ,,,,,GUJARAT PIPAVAV PORT LTD,151.45,152.4,149.75,150.0,149.98,151.34,,150.0,,,1026189,154389568.67,18667,F1,1,,,,,
2026-07-16,2026-07-16,CM,NSE,STK,4548,INE610B01024,GUJRAFFIA,EQ,,,,,GUJARAT RAFFIA INDUST LTD,39.75,40.1,39.0,39.82,39.0,39.75,,39.82,,,1174,46531.11,33,F1,1,,,,,
2026-07-16,2026-07-16,CM,NSE,STK,29731,INE942C01045,GUJTHEM,EQ,,,,,GUJARAT THEMIS BIOSYN LTD,371.0,377.35,366.05,370.4,370.1,372.05,,370.4,,,56597,20931201.6,2719,F1,1,,,,,
2026-07-16,2026-07-16,CM,NSE,STK,4391,INE635Q01029,GULFOILLUB,EQ,,,,,GULF OIL LUB. IND. LTD.,1021.8,1045.0,1016.4,1029.6,1032.1,1026.3,,1029.6,,,74475,76393468.2,8521,F1,1,,,,,
2026-07-16,2026-07-16,CM,NSE,STK,6286,INE255D01024,GULPOLY,EQ,,,,,GULSHAN POLYOLS LIMITED,182.6,184.57,179.15,180.99,180.5,181.7,,180.98,,,76776,13937150.09,1987,F1,1,,,,,
2026-07-16,2026-07-16,CM,NSE,STK,759264,INE1CCX01012,GURUNANAK,ST,,,,,GURUNANAK AGRICULTUR IN L,42.6,42.9,42.6,42.85,42.9,42.6,,42.85,,,6400,273440.0,3,F1,1600,,,,,
2026-07-16,2026-07-16,CM,NSE,STK,13229,INE251H01024,GVKPIL,BE,,,,,GVK POW. & INFRA LTD.,2.57,2.57,2.47,2.48,2.49,2.52,,2.48,,,545385,1366563.84,796,F1,1,,,,,
2026-07-16,2026-07-16,CM,NSE,STK,10865,INE382T01030,GVPTECH,EQ,,,,,GVP INFOTECH LIMITED,6.94,6.94,6.62,6.75,6.79,6.78,,6.75,,,23262,157291.64,188,F1,1,,,,,
2026-07-16,2026-07-16,CM,NSE,STK,764050,INE724A01017,GYFTR,EQ,,,,,GYFTR LIMITED,168.99,168.99,161.15,162.78,161.16,163.32,,162.81,,,25968,4283595.54,450,F1,1,,,,,
2026-07-16,2026-07-16,CM,NSE,STK,762712,INE640B01021,HBESD,EQ,,,,,H B ESTATE DEVELOPERS L,74.5,77.08,74.5,74.5,74.5,74.5,,74.5,,,511,38072.08,3,F1,1,,,,,
2026-07-16,2026-07-16,CM,NSE,STK,1672,INE926X01010,HGINFRA,EQ,,,,,H.G.INFRA ENGINEERING LTD,556.85,558.7,551.5,556.3,558.0,556.3,,556.4,,,35792,19871916.4,2862,F1,1,,,,,
2026-07-16,2026-07-16,CM,NSE,STK,760715,INE115S01010,HALDER,EQ,,,,,HALDER VENTURE LIMITED,229.88,230.5,227.66,229.97,229.9,230.52,,230.83,,,25202,5776546.24,152,F1,1,,,,,
2026-07-16,2026-07-16,CM,NSE,STK,762708,INE506D01020,HALDYNGL,BE,,,,,HALDYN GLASS LTD.,125.33,126.0,121.0,123.09,124.9,124.09,,123.08,,,8764,1081587.99,92,F1,1,,,,,
2026-07-16,2026-07-16,CM,NSE,STK,21551,INE320X01016,HALEOSLABS,EQ,,,,,HALEOS LABS LIMITED,1668.8,1668.8,1557.1,1579.3,1575.5,1623.6,,1579.8,,,1240,1985611.6,149,F1,1,,,,,
2026-07-16,2026-07-16,CM,NSE,STK,13592,INE596H01014,HGM,EQ,,,,,HANDSON GBL MNGMNT LTD,50.5,50.8,49.25,50.24,50.5,49.92,,50.24,,,1133,56555.44,28,F1,1,,,,,
2026-07-16,2026-07-16,CM,NSE,STK,48,INE419U01012,HAPPSTMNDS,EQ,,,,,HAPPIEST MINDS TECHNO LTD,384.15,392.45,379.0,381.4,381.0,384.15,,381.4,,,996841,384726770.45,23459,F1,1,,,,,
2026-07-16,2026-07-16,CM,NSE,STK,20854,INE330T01021,HAPPYFORGE,EQ,,,,,HAPPY FORGINGS LIMITED,1610.0,1627.2,1579.8,1608.9,1614.8,1617.4,,1608.9,,,42161,67705613.7,8944,F1,1,,,,,
2026-07-16,2026-07-16,CM,NSE,STK,757668,INE0TLP01015,WHITEFORCE,ST,,,,,HAPPY SQUARE OUTSOURC S L,41.8,42.25,41.8,42.2,42.25,40.25,,42.2,,,8000,337200.0,5,F1,1600,,,,,
2026-07-16,2026-07-16,CM,NSE,STK,764134,INE1GFG01011,HAPPY,ST,,,,,HAPPY STEELS LIMITED,68.0,71.4,68.0,68.5,68.5,66.0,,68.5,,,1670000,115618000.0,570,F1,2000,,,,,
2026-07-16,2026-07-16,CM,NSE,STK,8962,INE626Z01029,HARDWYN,EQ,,,,,HARDWYN INDIA LIMITED,14.64,15.78,14.36,15.15,15.13,15.57,,15.15,,,10855103,163406929.74,16632,F1,1,,,,,
2026-07-16,2026-07-16,CM,NSE,STK,8968,INE00EV01017,HARIOMPIPE,EQ,,,,,HARIOM PIPE INDUSTRIES L,407.75,407.75,396.05,401.3,399.5,408.35,,401.3,,,232077,92843758.65,6069,F1,1,,,,,
2026-07-16,2026-07-16,CM,NSE,STK,1313,INE544A01019,HARRMALAYA,EQ,,,,,HARRISON MALAYALAM LTD,223.7,228.8,217.11,222.68,222.0,219.19,,222.66,,,15075,3360230.22,601,F1,1,,,,,
2026-07-16,2026-07-16,CM,NSE,STK,11162,INE0JUS01029,HARSHA,EQ,,,,,HARSHA ENGINEERS INT LTD,427.5,430.0,419.6,427.45,427.1,424.65,,427.4,,,69963,29780328.8,2717,F1,1,,,,,
2026-07-16,2026-07-16,CM,NSE,STK,18154,INE982F01036,HATHWAY,EQ,,,,,HATHWAY CABLE & DATACOM,11.32,11.32,11.01,11.08,11.11,11.21,,11.08,,,1290198,14323129.85,2223,F1,1,,,,,
2026-07-16,2026-07-16,CM,NSE,STK,3892,INE473B01035,HATSUN,EQ,,,,,HATSUN AGRO PRODUCT LTD.,935.8,936.0,917.45,927.0,927.75,932.55,,927.0,,,20586,19053422.45,2230,F1,1,,,,,
2026-07-16,2026-07-16,CM,NSE,STK,9819,INE176B01034,HAVELLS,EQ,,,,,HAVELLS INDIA LIMITED,1179.0,1188.1,1165.1,1170.6,1167.0,1177.4,,1170.6,,,1429928,1677630052.7,68182,F1,1,,,,,
2026-07-16,2026-07-16,CM,NSE,STK,4444,INE979B01015,HAWKINCOOK,EQ,,,,,HAWKINS COOKERS LTD,8963.0,9000.0,8866.0,8955.0,9000.0,8963.0,,8955.0,,,1015,9085051.5,467,F1,1,,,,,
2026-07-16,2026-07-16,CM,NSE,STK,4118,INE550B01022,HBSL,BE,,,,,HB STOCKHOLDINGS LIMITED,49.93,49.93,48.5,49.85,49.87,49.44,,49.85,,,516,25486.61,33,F1,1,,,,,
2026-07-16,2026-07-16,CM,NSE,STK,13966,INE292B01021,HBLENGINE,EQ,,,,,HBL ENGINEERING LTD,758.0,760.85,737.05,741.3,741.5,754.95,,741.3,,,831798,620144626.65,29318,F1,1,,,,,
2026-07-16,2026-07-16,CM,NSE,STK,1327,INE236A01020,HCL-INSYS,EQ,,,,,HCL INFOSYSTEMS LTD,12.0,12.21,11.73,11.78,11.78,11.94,,11.78,,,279364,3332041.46,839,F1,1,,,,,
2026-07-16,2026-07-16,CM,NSE,STK,7229,INE860A01027,HCLTECH,EQ,,,,,HCL TECHNOLOGIES LTD,1175.4,1204.0,1174.7,1187.4,1189.7,1168.0,,1187.4,,,5147444,6145777793.2,139528,F1,1,,,,,
2026-07-16,2026-07-16,CM,NSE,STK,757772,INE756I01012,HDBFS,EQ,,,,,HDB FINANCIAL SERVICES L,773.35,786.55,746.55,752.25,748.5,751.7,,752.25,,,3604095,2733478767.1,93090,F1,1,,,,,
2026-07-16,2026-07-16,CM,NSE,STK,4244,INE127D01025,HDFCAMC,EQ,,,,,HDFC AMC LIMITED,2722.3,2729.0,2587.6,2602.2,2601.0,2729.2,,2602.2,,,2845724,7428514664.3,137953,F1,1,,,,,
2026-07-16,2026-07-16,CM,NSE,STK,1333,INE040A01034,HDFCBANK,EQ,,,,,HDFC BANK LTD,814.5,818.0,806.5,808.3,808.35,815.45,,808.3,,,18698186,15160491649.4,181496,F1,1,,,,,
2026-07-16,2026-07-16,CM,NSE,STK,19543,INF179KC1981,HDFCGOLD,EQ,,,,,HDFC GOLD ETF,120.35,120.89,119.96,120.44,120.24,120.35,,120.44,,,1698796,204329803.16,9477,F1,1,,,,,
2026-07-16,2026-07-16,CM,NSE,STK,467,INE795G01014,HDFCLIFE,EQ,,,,,HDFC LIFE INS CO LTD,585.0,588.0,557.0,567.6,568.0,568.75,,567.6,,,7555055,4281256409.55,109760,F1,1,,,,,
2026-07-16,2026-07-16,CM,NSE,STK,14230,INF179KC1EZ4,HDFCBSE500,EQ,,,,,HDFCAMC - HDFCBSE500,37.27,37.6,37.23,37.38,37.23,37.41,,37.38,,,130628,4879809.46,254,F1,1,,,,,
2026-07-16,2026-07-16,CM,NSE,STK,11241,INF179KC1DJ0,HDFCGROWTH,EQ,,,,,HDFCAMC - HDFCGROWTH,115.64,116.0,115.0,115.44,115.0,115.03,,115.43,,,26600,3074366.77,145,F1,1,,,,,
2026-07-16,2026-07-16,CM,NSE,STK,18279,INF179KC1JG3,HDFCLIQUID,EQ,,,,,HDFCAMC - HDFCLIQUID,1069.48,1069.48,1069.46,1069.46,1069.48,1069.33,,1069.46,,,89345,95551005.93,39,F1,1,,,,,
2026-07-16,2026-07-16,CM,NSE,STK,11547,INF179KC1HU8,HDFCLOWVOL,EQ,,,,,HDFCAMC - HDFCLOWVOL,20.59,20.64,20.49,20.49,20.49,20.49,,20.52,,,3201,65735.05,33,F1,1,,,,,
2026-07-16,2026-07-16,CM,NSE,STK,14236,INF179KC1HT0,HDFCMID150,EQ,,,,,HDFCAMC - HDFCMID150,23.99,23.99,23.28,23.35,23.4,23.41,,23.35,,,359422,8412710.49,1377,F1,1,,,,,
2026-07-16,2026-07-16,CM,NSE,STK,11538,INF179KC1HV6,HDFCMOMENT,EQ,,,,,HDFCAMC - HDFCMOMENT,31.15,31.15,30.63,30.81,30.8,30.84,,30.81,,,139064,4288533.69,484,F1,1,,,,,
2026-07-16,2026-07-16,CM,NSE,STK,10619,INF179KC1HS2,HDFCNEXT50,EQ,,,,,HDFCAMC - HDFCNEXT50,73.67,74.06,73.18,73.2,73.19,73.61,,73.2,,,373183,27479826.75,654,F1,1,,,,,
2026-07-16,2026-07-16,CM,NSE,STK,10633,INF179KC1HR4,HDFCNIF100,EQ,,,,,HDFCAMC - HDFCNIF100,26.62,26.62,25.8,25.94,25.94,25.98,,25.95,,,13725,357015.13,230,F1,1,,,,,
2026-07-16,2026-07-16,CM,NSE,STK,22433,INF179KC1HY0,HDFCNIFBAN,EQ,,,,,HDFCAMC - HDFCNIFBAN,59.61,59.61,59.12,59.35,59.43,59.44,,59.35,,,269716,16002820.63,1023,F1,1,,,,,
2026-07-16,2026-07-16,CM,NSE,STK,12101,INF179KC1IA8,HDFCNIFIT,EQ,,,,,HDFCAMC - HDFCNIFIT,31.37,31.37,30.56,30.68,30.64,30.45,,30.67,,,62724,1930785.58,303,F1,1,,,,,
2026-07-16,2026-07-16,CM,NSE,STK,11591,INF179KC1965,HDFCNIFTY,EQ,,,,,HDFCAMC - HDFCNIFTY,270.53,272.22,270.53,271.11,271.7,270.9,,271.11,,,74493,20223072.59,773,F1,1,,,,,
2026-07-16,2026-07-16,CM,NSE,STK,12108,INF179KC1HZ7,HDFCPVTBAN,EQ,,,,,HDFCAMC - HDFCPVTBAN,28.52,29.3,28.37,28.56,29.3,28.47,,28.56,,,185888,5299312.12,273,F1,1,,,,,
2026-07-16,2026-07-16,CM,NSE,STK,11255,INF179KC1DL6,HDFCQUAL,EQ,,,,,HDFCAMC - HDFCQUAL,57.5,57.5,56.92,56.98,57.08,56.92,,56.98,,,17856,1019767.44,80,F1,1,,,,,
2026-07-16,2026-07-16,CM,NSE,STK,11593,INF179KC1HX2,HDFCSENSEX,EQ,,,,,HDFCAMC - HDFCSENSEX,87.42,88.08,87.34,87.57,87.79,87.45,,87.57,,,164960,14475069.51,415,F1,1,,,,,
2026-07-16,2026-07-16,CM,NSE,STK,10876,INF179KC1DI2,HDFCSILVER,EQ,,,,,HDFCAMC - HDFCSILVER,208.49,208.49,206.17,206.98,207.14,209.16,,206.98,,,1898188,392889278.17,11189,F1,1,,,,,
2026-07-16,2026-07-16,CM,NSE,STK,14233,INF179KC1FB2,HDFCSML250,EQ,,,,,HDFCAMC - HDFCSML250,183.33,183.33,181.5,182.2,182.19,181.97,,182.16,,,688476,125344154.17,6431,F1,1,,,,,
2026-07-16,2026-07-16,CM,NSE,STK,11260,INF179KC1DK8,HDFCVALUE,EQ,,,,,HDFCAMC - HDFCVALUE,127.27,127.56,126.67,127.02,127.02,127.0,,127.02,,,1581,200752.9,34,F1,1,,,,,
2026-07-16,2026-07-16,CM,NSE,STK,22595,INF179KC1HW4,HDFCPSUBK,EQ,,,,,HDFCAMC HDFCPSUBK,85.26,85.26,84.25,84.34,84.25,84.78,,84.34,,,99665,8437089.87,249,F1,1,,,,,
2026-07-16,2026-07-16,CM,NSE,STK,19205,INE759V01019,HEADSUP,EQ,,,,,HEADS UP VENTURES LIMITED,6.84,6.89,6.51,6.56,6.51,6.76,,6.56,,,7169,47609.62,156,F1,1,,,,,
2026-07-16,2026-07-16,CM,NSE,STK,20063,INE019J01013,HEALTHX,EQ,,,,,HEALTH X PLATFORM LIMITED,339.35,339.35,320.0,324.1,323.65,330.5,,323.95,,,13543,4416920.05,999,F1,1,,,,,
2026-07-16,2026-07-16,CM,NSE,STK,15555,INE075I01017,HCG,EQ,,,,,HEALTHCARE GLOB. ENT. LTD,648.0,662.9,640.5,660.1,657.5,646.85,,660.05,,,635882,415956490.95,14020,F1,1,,,,,
2026-07-16,2026-07-16,CM,NSE,STK,7425,INE558R01013,HECPROJECT,EQ,,,,,HEC INFRA PROJECTS LTD,127.89,127.89,119.45,120.73,122.0,123.57,,120.73,,,32792,4033630.86,673,F1,1,,,,,
2026-07-16,2026-07-16,CM,NSE,STK,1336,INE545A01024,HEG,EQ,,,,,HEG LTD,588.5,616.0,580.15,608.45,614.0,585.6,,608.4,,,2921088,1744141828.2,55917,F1,1,,,,,
2026-07-16,2026-07-16,CM,NSE,STK,2316,INE578A01017,HEIDELBERG,EQ,,,,,HEIDELBERGCEMENT (I) LTD,162.95,162.95,159.0,159.4,159.82,161.94,,159.4,,,86485,13842037.23,1193,F1,1,,,,,
2026-07-16,2026-07-16,CM,NSE,STK,701,INE0AJG01018,HEMIPROP,EQ,,,,,HEMISPHERE PROP IND LTD,136.9,138.71,136.0,136.27,136.2,136.78,,136.26,,,158896,21745730.66,1702,F1,1,,,,,
2026-07-16,2026-07-16,CM,NSE,STK,2614,INE694N01015,HERANBA,EQ,,,,,HERANBA INDUSTRIES LTD,181.0,184.99,180.0,181.23,182.0,180.56,,181.01,,,12324,2243677.26,399,F1,1,,,,,
2026-07-16,2026-07-16,CM,NSE,STK,4598,INE978A01027,HERITGFOOD,EQ,,,,,HERITAGE FOODS LTD,334.4,342.0,333.0,335.65,338.0,334.85,,335.65,,,426538,143766980.35,9107,F1,1,,,,,
2026-07-16,2026-07-16,CM,NSE,STK,1348,INE158A01026,HEROMOTOCO,EQ,,,,,HERO MOTOCORP LIMITED,4900.0,4928.5,4874.4,4898.0,4890.0,4876.2,,4898.0,,,289732,1419864967.5,27508,F1,1,,,,,
2026-07-16,2026-07-16,CM,NSE,STK,7048,INE782E01017,HESTERBIO,EQ,,,,,HESTER BIOSCIENCES LTD,2420.0,2454.0,2352.9,2437.6,2440.0,2412.2,,2437.5,,,31791,76595969.4,3106,F1,1,,,,,
2026-07-16,2026-07-16,CM,NSE,STK,27008,INE750M01017,HEXATRADEX,EQ,,,,,HEXA TRADEX LIMITED,160.0,165.95,157.55,158.12,157.55,160.6,,158.12,,,2342,374280.89,57,F1,1,,,,,
2026-07-16,2026-07-16,CM,NSE,STK,750116,INE0JUI01012,HEXAGON,BE,,,,,HEXAGON NUTRITION LIMITED,75.6,75.6,71.23,73.19,73.49,74.97,,73.24,,,1387687,101052427.45,2417,F1,1,,,,,
2026-07-16,2026-07-16,CM,NSE,STK,29666,INE093A01041,HEXT,EQ,,,,,HEXAWARE TECHNOLOGIES LTD,561.55,570.0,558.0,561.75,558.1,564.4,,561.75,,,309199,174217562.2,16324,F1,1,,,,,
2026-07-16,2026-07-16,CM,NSE,STK,21951,INE548A01028,HFCL,EQ,,,,,HFCL LIMITED,226.0,229.4,221.18,224.38,224.24,223.08,,224.39,,,14379534,3239221043.9,80160,F1,1,,,,,
2026-07-16,2026-07-16,CM,NSE,STK,18794,INE0PIC01017,HIGREEN,SM,,,,,HI GREEN CARBON LIMITED,138.7,138.7,134.0,134.85,135.45,138.7,,134.85,,,22400,3049400.0,26,F1,800,,,,,
2026-07-16,2026-07-16,CM,NSE,STK,2868,INE106T01025,HITECH,EQ,,,,,HI-TECH PIPES LIMITED,88.11,88.89,86.39,86.66,86.7,88.1,,86.66,,,460031,40279727.15,3106,F1,1,,,,,
2026-07-16,2026-07-16,CM,NSE,STK,759104,INE00RL01028,HILINFRA,BE,,,,,HIGHWAY INFRASTRUCTURE L,45.02,45.2,43.88,44.02,44.2,45.07,,43.5,,,41089,1821874.56,554,F1,1,,,,,
2026-07-16,2026-07-16,CM,NSE,STK,9668,INE475B01022,HIKAL,EQ,,,,,HIKAL LIMITED,240.8,242.99,233.49,234.4,233.8,240.8,,234.39,,,403342,95389136.84,7268,F1,1,,,,,
2026-07-16,2026-07-16,CM,NSE,STK,14631,INE788H01017,HILTON,BE,,,,,HILTON METAL FORGING LTD,22.99,23.94,22.99,23.94,23.94,22.8,,23.95,,,127459,3032023.41,231,F1,1,,,,,
2026-07-16,2026-07-16,CM,NSE,STK,14334,INE019C01026,HSCL,EQ,,,,,HIMADRI SPECIALITY CHEM L,690.0,734.0,687.65,722.35,721.95,681.55,,722.35,,,28438175,20385201117.85,293510,F1,1,,,,,
2026-07-16,2026-07-16,CM,NSE,STK,1360,INE049A01027,HIMATSEIDE,EQ,,,,,HIMATSINGKA SEIDE LTD,86.92,87.86,84.61,85.39,85.39,86.97,,85.38,,,552944,47338662.89,6150,F1,1,,,,,
2026-07-16,2026-07-16,CM,NSE,STK,13890,INE835D01023,HIRECT,EQ,,,,,HIND RECTIFIER LIMITED,1350.0,1399.0,1273.5,1288.3,1277.7,1273.6,,1288.2,,,3689387,4905178027.5,152125,F1,1,,,,,
2026-07-16,2026-07-16,CM,NSE,STK,1363,INE038A01020,HINDALCO,EQ,,,,,HINDALCO  INDUSTRIES  LTD,972.4,972.4,957.2,959.3,960.2,955.8,,959.3,,,3388958,3263181611.45,63177,F1,1,,,,,
2026-07-16,2026-07-16,CM,NSE,STK,4924,INE642Y01029,HINDCON,BE,,,,,HINDCON CHEMICALS LIMITED,21.45,21.89,20.7,21.24,21.28,21.53,,21.24,,,8097,169637.28,107,F1,1,,,,,
2026-07-16,2026-07-16,CM,NSE,STK,11796,INE05X901010,HPIL,EQ,,,,,HINDPRAKASH INDUSTRY LTD,125.9,127.33,125.28,126.0,126.0,125.0,,126.48,,,1173,147298.38,39,F1,1,,,,,
2026-07-16,2026-07-16,CM,NSE,STK,14712,INE170I01016,HGS,EQ,,,,,HINDUJA GLOBAL SOLS. LTD.,441.8,453.95,435.4,437.15,438.35,445.8,,437.1,,,52568,23293911.4,2371,F1,1,,,,,
2026-07-16,2026-07-16,CM,NSE,STK,2303,INE066F01020,HAL,EQ,,,,,HINDUSTAN AERONAUTICS LTD,4420.5,4460.0,4394.0,4433.8,4450.0,4420.5,,4433.8,,,474213,2102781845.9,46379,F1,1,,,,,
2026-07-16,2026-07-16,CM,NSE,STK,1372,INE310C01029,HINDCOMPOS,EQ,,,,,HINDUSTAN COMPOSITES LTD.,448.0,456.95,445.1,448.45,445.1,450.25,,448.45,,,2729,1226844.4,233,F1,1,,,,,
2026-07-16,2026-07-16,CM,NSE,STK,1375,INE549A01026,HCC,EQ,,,,,HINDUSTAN CONSTRUCTION CO,23.27,23.55,22.85,22.95,22.96,23.2,,22.95,,,15923895,367456288.2,16766,F1,1,,,,,
2026-07-16,2026-07-16,CM,NSE,STK,17939,INE531E01026,HINDCOPPER,EQ,,,,,HINDUSTAN COPPER LTD,495.0,495.85,483.15,484.35,485.0,491.15,,484.35,,,2629936,1284708093.2,50164,F1,1,,,,,
2026-07-16,2026-07-16,CM,NSE,STK,12173,INE254N01026,HNDFDS,EQ,,,,,HINDUSTAN FOODS LIMITED,558.8,567.75,558.1,564.05,566.0,560.65,,564.05,,,29025,16354200.0,1811,F1,1,,,,,
2026-07-16,2026-07-16,CM,NSE,STK,19211,INE871K01015,HMVL,EQ,,,,,HINDUSTAN MEDIA VENT LTD,91.0,92.5,89.08,91.35,92.0,89.07,,91.33,,,58355,5307214.07,1098,F1,1,,,,,
2026-07-16,2026-07-16,CM,NSE,STK,1403,INE345A01011,HINDOILEXP,EQ,,,,,HINDUSTAN OIL EXPLORATION,160.2,163.34,157.01,157.34,157.1,159.64,,157.34,,,680140,108881621.09,7439,F1,1,,,,,
2026-07-16,2026-07-16,CM,NSE,STK,1406,INE094A01015,HINDPETRO,EQ,,,,,HINDUSTAN PETROLEUM CORP,397.0,405.8,394.85,399.4,399.4,394.4,,399.4,,,5278606,2117671054.3,45047,F1,1,,,,,
2026-07-16,2026-07-16,CM,NSE,STK,1394,INE030A01027,HINDUNILVR,EQ,,,,,HINDUSTAN UNILEVER LTD.,2104.9,2123.0,2096.0,2098.4,2097.0,2102.6,,2098.4,,,2143092,4515459977.0,59523,F1,1,,,,,
2026-07-16,2026-07-16,CM,NSE,STK,1424,INE267A01025,HINDZINC,EQ,,,,,HINDUSTAN ZINC LIMITED,530.0,530.9,521.1,521.95,522.0,527.75,,521.95,,,1848163,969255463.65,29112,F1,1,,,,,
2026-07-16,2026-07-16,CM,NSE,STK,15883,INE05AN01011,HINDWAREAP,EQ,,,,,HINDWARE HME INOVATON LTD,246.35,247.0,242.1,243.8,242.55,246.35,,243.8,,,52337,12749042.45,1611,F1,1,,,,,
2026-07-16,2026-07-16,CM,NSE,STK,19322,INE598C01011,HISARMETAL,EQ,,,,,HISAR METAL IND. LIMITED,154.31,154.4,153.0,153.02,154.2,154.2,,153.02,,,723,111319.3,17,F1,1,,,,,
2026-07-16,2026-07-16,CM,NSE,STK,18457,INE07Y701011,POWERINDIA,EQ,,,,,HITACHI ENERGY INDIA LTD,34190.0,34215.0,32890.0,33545.0,33500.0,33980.0,,33545.0,,,162994,5442940380.0,48362,F1,1,,,,,
2026-07-16,2026-07-16,CM,NSE,STK,15165,INE120D01012,HITECHCORP,BE,,,,,HITECH CORPORATION LTD,322.95,323.9,317.0,321.2,322.95,318.25,,321.7,,,12452,3985008.9,119,F1,1,,,,,
2026-07-16,2026-07-16,CM,NSE,STK,2289,INE461D01028,HLEGLAS,EQ,,,,,HLE GLASCOAT LIMITED,425.0,446.0,418.8,437.45,435.0,418.65,,437.5,,,604018,261043218.45,18422,F1,1,,,,,
2026-07-16,2026-07-16,CM,NSE,STK,1448,INE102A01024,HLVLTD,EQ,,,,,HLV LIMITED,7.65,7.65,7.4,7.4,7.4,7.45,,7.4,,,113766,847176.09,497,F1,1,,,,,
2026-07-16,2026-07-16,CM,NSE,STK,17053,INE0ECP01024,HMAAGRO,EQ,,,,,HMA AGRO INDUSTRIES LTD,21.89,22.0,21.69,21.93,21.9,21.73,,21.93,,,201918,4412409.79,539,F1,1,,,,,
2026-07-16,2026-07-16,CM,NSE,STK,763705,INE2T2Q07345,850HMDA32,N0,,,,,HMDA 8.50% 2032 STRPP C,101911.23,101911.23,101911.23,101911.23,101911.23,101924.66,,101911.23,,,10,1019112.3,1,F1,1,,,,,
2026-07-16,2026-07-16,CM,NSE,STK,763689,INE2T2Q07220,850HMDA42,N0,,,,,HMDA 8.50% 2042 STRPP M,102877.95,102877.95,102877.95,102877.95,102877.95,102177.33,,102877.95,,,200,20575590.0,1,F1,1,,,,,
2026-07-16,2026-07-16,CM,NSE,STK,763691,INE2T2Q07212,850HMDA43,N0,,,,,HMDA 8.50% 2043 STRPP N,102871.23,102871.23,102871.23,102871.23,102871.23,102887.95,,102871.23,,,100,10287123.0,3,F1,1,,,,,
2026-07-16,2026-07-16,CM,NSE,STK,19698,INE262A01018,HMT,BZ,,,,,HMT LTD -,64.0,64.0,62.76,62.93,62.91,63.24,,62.93,,,9273,588582.51,78,F1,1,,,,,
2026-07-16,2026-07-16,CM,NSE,STK,23826,INE0S6S01017,HOACFOODS,ST,,,,,HOAC FOODS INDIA LIMITED,689.95,690.0,671.0,671.0,671.0,689.95,,671.0,,,1500,1020731.25,3,F1,375,,,,,
2026-07-16,2026-07-16,CM,NSE,STK,18649,INE0LXA01019,HOLMARC,SM,,,,,HOLMARC OPTO MECHATRO L,109.0,109.0,109.0,109.0,109.0,107.0,,109.0,,,750,81750.0,1,F1,750,,,,,
2026-07-16,2026-07-16,CM,NSE,STK,2056,INE481N01025,HOMEFIRST,EQ,,,,,HOME FIRST FIN CO IND LTD,1248.0,1250.2,1214.1,1224.9,1225.0,1247.1,,1224.9,,,116605,142567115.6,14531,F1,1,,,,,
2026-07-16,2026-07-16,CM,NSE,STK,13526,INE0N7F01017,HOMESFY,SM,,,,,HOMESFY REALTY LIMITED,122.85,122.85,122.85,122.85,122.85,117.0,,122.85,,,1800,221130.0,6,F1,300,,,,,
2026-07-16,2026-07-16,CM,NSE,STK,19813,INE0J5401028,HONASA,EQ,,,,,HONASA CONSUMER LIMITED,470.75,480.95,468.1,470.1,468.9,470.75,,470.1,,,462414,219433737.8,17433,F1,1,,,,,
2026-07-16,2026-07-16,CM,NSE,STK,3138,INE634A01018,HONDAPOWER,EQ,,,,,HONDA I POWER PRODUCT LTD,2109.3,2140.0,2100.0,2112.8,2101.1,2107.2,,2112.4,,,1742,3692113.7,438,F1,1,,,,,
2026-07-16,2026-07-16,CM,NSE,STK,3417,INE671A01010,HONAUT,EQ,,,,,HONEYWELL AUTOMATION IND,39545.0,39800.0,38955.0,39015.0,39100.0,39540.0,,39015.0,,,5445,213452505.0,1731,F1,1,,,,,
2026-07-16,2026-07-16,CM,NSE,STK,17920,INE191I01012,HDIL,BZ,,,,,HOUSING DEV & INFRA LTD,1.72,1.75,1.68,1.72,1.73,1.7,,1.71,,,128549,218954.6,149,F1,1,,,,,
2026-07-16,2026-07-16,CM,NSE,STK,7376,INE0GSL01024,HPAL,EQ,,,,,HP ADHESIVES LIMITED,33.66,34.6,33.66,33.97,34.0,34.44,,34.0,,,44484,1519503.98,519,F1,1,,,,,
2026-07-16,2026-07-16,CM,NSE,STK,29875,INE0VA601019,HPTL,SM,,,,,HP TELECOM INDIA LIMITED,290.0,292.0,290.0,292.0,292.0,295.0,,292.0,,,16200,4724400.0,16,F1,600,,,,,
2026-07-16,2026-07-16,CM,NSE,STK,18679,INE495S01016,HPL,EQ,,,,,HPL ELECTRIC & POWER LTD,345.5,354.0,342.75,347.45,350.0,345.75,,347.45,,,176276,61443149.1,5091,F1,1,,,,,
2026-07-16,2026-07-16,CM,NSE,STK,21107,INE0R3501012,HRHNEXT,SM,,,,,HRH NEXT SERVICES LIMITED,28.65,28.65,27.6,27.6,27.6,27.55,,27.6,,,4500,125850.0,3,F1,1500,,,,,
2026-07-16,2026-07-16,CM,NSE,STK,761506,INF336L01RX2,HSBCGOLD,EQ,,,,,HSBCAMC - HSBCGOLD,123.26,123.31,121.9,122.33,122.2,122.65,,122.33,,,74259,9129723.59,32,F1,1,,,,,
2026-07-16,2026-07-16,CM,NSE,STK,20825,INE031A01017,HUDCO,EQ,,,,,HSG & URBAN DEV CORPN LTD,206.79,206.79,201.77,202.66,202.6,204.92,,202.66,,,2036958,414304148.98,20353,F1,1,,,,,
2026-07-16,2026-07-16,CM,NSE,STK,11979,INE501G01024,HTMEDIA,EQ,,,,,HT MEDIA LIMITED,27.5,28.0,26.16,26.5,26.4,27.41,,26.5,,,279584,7521270.6,1608,F1,1,,,,,
2026-07-16,2026-07-16,CM,NSE,STK,14203,INE703H01016,HUBTOWN,EQ,,,,,HUBTOWN LIMITED,206.0,206.2,201.0,202.34,201.7,204.2,,202.33,,,221958,45039852.72,2992,F1,1,,,,,
2026-07-16,2026-07-16,CM,NSE,STK,2562,INE275B01026,HUHTAMAKI,EQ,,,,,HUHTAMAKI INDIA LIMITED,226.89,237.45,225.08,232.69,231.6,222.29,,232.68,,,839238,195859410.86,15724,F1,1,,,,,
2026-07-16,2026-07-16,CM,NSE,STK,12814,INE965B01022,HYBRIDFIN,BE,,,,,HYBRID FINANCIAL SERVICE,18.47,18.54,18.0,18.06,18.35,18.47,,18.08,,,13805,250356.91,51,F1,1,,,,,
2026-07-16,2026-07-16,CM,NSE,STK,25844,INE0V6F01027,HYUNDAI,EQ,,,,,HYUNDAI MOTOR INDIA LTD,2001.9,2064.8,1986.1,2025.0,2009.5,2002.9,,2024.8,,,1402890,2864535517.9,76591,F1,1,,,,,
2026-07-16,2026-07-16,CM,NSE,STK,14086,INE204A01010,IGPL,EQ,,,,,I G PETROCHEMICALS LTD,437.6,441.75,428.65,431.55,433.0,436.05,,431.55,,,16622,7236799.8,1180,F1,1,,,,,
2026-07-16,2026-07-16,CM,NSE,STK,21348,INE0O7401018,IBLFL,SM,,,,,IBL FINANCE LIMITED,60.0,61.0,60.0,61.0,61.0,60.0,,61.0,,,6000,362000.0,3,F1,2000,,,,,
2026-07-16,2026-07-16,CM,NSE,STK,764067,INE0XE501015,ICELCO,ST,,,,,IC ELECTRICALS COMPANY L,165.0,171.9,157.0,167.35,166.5,164.05,,167.35,,,195600,32150640.0,139,F1,1200,,,,,
2026-07-16,2026-07-16,CM,NSE,STK,6977,INE613B01010,ICDSLTD,EQ,,,,,ICDS LTD,39.5,40.5,39.5,40.5,40.5,39.32,,40.54,,,14,566.0,4,F1,1,,,,,
2026-07-16,2026-07-16,CM,NSE,STK,489,INE520Y01019,ICEMAKE,EQ,,,,,ICE MAKE REFRIGERAT LTD,800.0,817.1,780.1,804.65,802.05,788.15,,804.65,,,41707,33511271.25,3091,F1,1,,,,,
2026-07-16,2026-07-16,CM,NSE,STK,4963,INE090A01021,ICICIBANK,EQ,,,,,ICICI BANK LTD.,1420.1,1423.7,1406.2,1418.2,1418.0,1416.2,,1418.2,,,10165264,14372270891.7,133649,F1,1,,,,,
2026-07-16,2026-07-16,CM,NSE,STK,21770,INE765G01017,ICICIGI,EQ,,,,,ICICI LOMBARD GIC LIMITED,1700.0,1723.9,1544.6,1623.8,1619.0,1814.6,,1623.8,,,13018936,20912958699.4,269392,F1,1,,,,,
2026-07-16,2026-07-16,CM,NSE,STK,21254,INF109KC19U5,LOWVOLIETF,EQ,,,,,ICICI PR NIF LW VL 30 ETF,22.02,22.32,22.0,22.03,22.04,22.08,,22.03,,,1698437,37488607.91,978,F1,1,,,,,
2026-07-16,2026-07-16,CM,NSE,STK,18652,INE726G01019,ICICIPRULI,EQ,,,,,ICICI PRU LIFE INS CO LTD,530.35,531.0,501.4,508.85,509.0,525.15,,508.85,,,4730699,2416044420.4,77430,F1,1,,,,,
2026-07-16,2026-07-16,CM,NSE,STK,17702,INF109KC10W0,MIDSELIETF,EQ,,,,,ICICI PRUD MIDCAP SEL ETF,19.33,19.64,19.25,19.37,19.39,19.33,,19.39,,,149297,2891417.17,535,F1,1,,,,,
2026-07-16,2026-07-16,CM,NSE,STK,30392,INF109KC16V9,NIF100IETF,EQ,,,,,ICICI PRUD NIFTY 100 ETF,27.97,28.17,27.9,27.94,27.99,27.97,,27.94,,,51611,1445692.75,1257,F1,1,,,,,
2026-07-16,2026-07-16,CM,NSE,STK,29553,INF109K012R6,NIFTYIETF,EQ,,,,,ICICI PRUD NIFTY ETF,277.72,277.72,272.0,272.48,272.3,272.27,,272.48,,,548314,149735864.64,8858,F1,1,,,,,
2026-07-16,2026-07-16,CM,NSE,STK,4378,INF346A01034,SENSEXIETF,EQ,,,,,ICICI PRUD SENSEX ETF,885.7,890.0,881.0,885.07,881.0,885.29,,885.08,,,4704,4172763.15,281,F1,1,,,,,
2026-07-16,2026-07-16,CM,NSE,STK,760407,INE346A01027,ICICIAMC,EQ,,,,,ICICI PRUDENTIAL AMC LTD,3164.0,3164.0,3075.1,3110.0,3110.1,3147.5,,3110.0,,,1016870,3159862948.3,92044,F1,1,,,,,
2026-07-16,2026-07-16,CM,NSE,STK,19679,INF109KC1NT3,GOLDIETF,EQ,,,,,ICICI PRUDENTIAL GOLD ETF,120.58,123.0,120.21,120.68,120.67,120.58,,120.68,,,3155523,380199725.15,24571,F1,1,,,,,
2026-07-16,2026-07-16,CM,NSE,STK,17475,INF109KC11V0,NV20IETF,EQ,,,,,ICICI PRUDENTIAL NV20 ETF,13.76,13.9,13.68,13.75,13.78,13.76,,13.75,,,254154,3499548.9,1546,F1,1,,,,,
2026-07-16,2026-07-16,CM,NSE,STK,522,INF109KB15Y7,ICICIB22,EQ,,,,,ICICIPRAMC - BHARATIWIN,115.0,116.43,114.9,115.51,115.72,115.74,,115.51,,,368918,42709263.42,3160,F1,1,,,,,
2026-07-16,2026-07-16,CM,NSE,STK,30139,INF109K1A021,CASHIETF,EQ,,,,,ICICIPRAMC - CASHIETF,1070.99,1071.01,1070.99,1071.0,1070.99,1070.86,,1071.0,,,117430,125768232.96,184,F1,1,,,,,
2026-07-16,2026-07-16,CM,NSE,STK,755881,INF109K1A153,EVIETF,EQ,,,,,ICICIPRAMC - EVIETF,31.62,31.62,31.37,31.47,31.6,31.39,,31.47,,,148860,4691000.91,473,F1,1,,,,,
2026-07-16,2026-07-16,CM,NSE,STK,13143,INF109KC18O0,GSEC10IETF,EQ,,,,,ICICIPRAMC - ICICI10GS,264.76,264.76,262.59,263.1,262.59,262.14,,263.1,,,11,2894.1,3,F1,1,,,,,
2026-07-16,2026-07-16,CM,NSE,STK,3001,INF109KC1V59,BSE500IETF,EQ,,,,,ICICIPRAMC - ICICI500,40.26,40.26,39.16,39.2,39.27,39.28,,39.2,,,42320,1659989.13,1012,F1,1,,,,,
2026-07-16,2026-07-16,CM,NSE,STK,8342,INF109KC14A8,GSEC5IETF,EQ,,,,,ICICIPRAMC - ICICI5GSEC,65.79,66.31,65.33,66.04,66.05,66.07,,66.04,,,193288,12711911.0,42,F1,1,,,,,
2026-07-16,2026-07-16,CM,NSE,STK,22344,INF109KC17V7,ALPL30IETF,EQ,,,,,ICICIPRAMC - ICICIALPLV,27.69,27.72,27.53,27.55,27.61,27.69,,27.55,,,145442,4020579.99,644,F1,1,,,,,
2026-07-16,2026-07-16,CM,NSE,STK,7844,INF109KC10V2,AUTOIETF,EQ,,,,,ICICIPRAMC - ICICIAUTO,30.0,30.0,27.56,27.69,27.75,27.59,,27.67,,,546890,15187375.29,1355,F1,1,,,,,
2026-07-16,2026-07-16,CM,NSE,STK,11386,INF109KC18U7,PVTBANIETF,EQ,,,,,ICICIPRAMC - ICICIBANKP,28.31,28.38,28.08,28.18,28.21,28.31,,28.18,,,6139554,173028542.43,1333,F1,1,,,,,
2026-07-16,2026-07-16,CM,NSE,STK,13198,INF109KC19O8,COMMOIETF,EQ,,,,,ICICIPRAMC - ICICICOMMO,100.42,100.7,99.52,99.81,99.96,99.98,,99.81,,,53152,5321838.95,1583,F1,1,,,,,
2026-07-16,2026-07-16,CM,NSE,STK,6446,INF109KC1V42,CONSUMIETF,EQ,,,,,ICICIPRAMC - ICICICONSU,121.02,121.19,119.69,120.6,119.69,120.62,,120.6,,,23246,2809259.44,288,F1,1,,,,,
2026-07-16,2026-07-16,CM,NSE,STK,5306,INF109KC19V3,FMCGIETF,EQ,,,,,ICICIPRAMC - ICICIFMCG,52.75,52.75,51.92,52.03,52.05,51.91,,52.03,,,850217,44293723.84,3095,F1,1,,,,,
2026-07-16,2026-07-16,CM,NSE,STK,10723,INF109KC16E5,INFRAIETF,EQ,,,,,ICICIPRAMC - ICICIINFRA,96.16,96.67,95.3,95.79,96.1,96.17,,95.79,,,72846,7002478.94,2869,F1,1,,,,,
2026-07-16,2026-07-16,CM,NSE,STK,4838,INF109KC1KT9,LIQUIDIETF,EQ,,,,,ICICIPRAMC - ICICILIQ,999.99,1000.01,999.99,999.99,1000.0,999.99,,999.99,,,365629,365628729.21,245,F1,1,,,,,
2026-07-16,2026-07-16,CM,NSE,STK,17152,INF109KC11W8,MIDCAPIETF,EQ,,,,,ICICIPRAMC - ICICIM150,24.07,24.11,23.78,23.85,23.87,23.96,,23.85,,,1548746,37003735.89,3373,F1,1,,,,,
2026-07-16,2026-07-16,CM,NSE,STK,10585,INF109KC17C7,MOM30IETF,EQ,,,,,ICICIPRAMC - ICICIMOM30,31.28,31.34,30.9,31.03,31.09,31.13,,31.03,,,434496,13523641.88,1379,F1,1,,,,,
2026-07-16,2026-07-16,CM,NSE,STK,4529,INF109KC1NS5,NEXT50IETF,EQ,,,,,ICICIPRAMC - ICICINXT50,77.42,77.42,75.55,75.69,75.55,75.9,,75.67,,,590558,44866536.65,3798,F1,1,,,,,
2026-07-16,2026-07-16,CM,NSE,STK,3626,INF109KC1Q72,HEALTHIETF,EQ,,,,,ICICIPRAMC - ICICIPHARM,169.16,170.59,169.0,169.24,169.17,169.6,,169.24,,,167940,28484575.18,2976,F1,1,,,,,
2026-07-16,2026-07-16,CM,NSE,STK,17808,INF109KC18V5,QUAL30IETF,EQ,,,,,ICICIPRAMC - ICICIQTY30,20.99,20.99,20.64,20.74,20.74,20.65,,20.74,,,77886,1616763.48,151,F1,1,,,,,
2026-07-16,2026-07-16,CM,NSE,STK,7942,INF109KC1Y56,SILVERIETF,EQ,,,,,ICICIPRAMC - ICICISILVE,220.0,220.0,215.18,215.92,216.1,217.82,,215.92,,,2516824,543550499.24,15381,F1,1,,,,,
2026-07-16,2026-07-16,CM,NSE,STK,22365,INF109KC16I6,ITIETF,EQ,,,,,ICICIPRAMC - ICICITECH,31.83,32.25,31.81,31.86,31.88,31.66,,31.86,,,549959,17643105.15,1287,F1,1,,,,,
2026-07-16,2026-07-16,CM,NSE,STK,11037,INF109KC15I8,BANKIETF,EQ,,,,,ICICIPRAMC - IPRU5008,60.39,60.39,59.05,59.22,59.27,59.21,,59.22,,,442658,26209138.88,1676,F1,1,,,,,
2026-07-16,2026-07-16,CM,NSE,STK,24861,INF109KC19W1,METALIETF,EQ,,,,,ICICIPRAMC - METALIETF,12.82,12.82,12.55,12.56,12.58,12.64,,12.56,,,10626138,133732588.85,8025,F1,1,,,,,
2026-07-16,2026-07-16,CM,NSE,STK,24533,INF109KC18W3,OILIETF,EQ,,,,,ICICIPRAMC - OILIETF,11.38,11.45,11.33,11.34,11.38,11.33,,11.34,,,1187316,13513954.43,1573,F1,1,,,,,
2026-07-16,2026-07-16,CM,NSE,STK,14584,INF109KC10S8,PSUBNKIETF,EQ,,,,,ICICIPRAMC - PSUBANKICI,85.2,85.39,84.38,84.59,85.2,85.02,,84.6,,,98570,8358898.81,727,F1,1,,,,,
2026-07-16,2026-07-16,CM,NSE,STK,754612,INF109K1A476,SMALLIETF,EQ,,,,,ICICIPRAMC - SMALLIETF,18.14,18.19,18.05,18.13,18.08,18.09,,18.27,,,11973,217081.93,69,F1,1,,,,,
2026-07-16,2026-07-16,CM,NSE,STK,757781,INF109K1A344,TOP15IETF,EQ,,,,,ICICIPRAMC - TOP15IETF,9.77,9.85,9.77,9.79,9.84,9.86,,9.79,,,82271,807659.32,259,F1,1,,,,,
2026-07-16,2026-07-16,CM,NSE,STK,25851,INF109KC16X5,VAL30IETF,EQ,,,,,ICICIPRAMC - VAL30IETF,15.34,15.38,15.19,15.24,15.36,15.21,,15.24,,,294087,4484269.53,779,F1,1,,,,,
2026-07-16,2026-07-16,CM,NSE,STK,12578,INF109KC17L8,FINIETF,EQ,,,,,ICICIPRAMC-ICICIFIN,32.78,33.07,32.4,32.41,32.47,32.81,,32.41,,,895478,29120007.25,1647,F1,1,,,,,
2026-07-16,2026-07-16,CM,NSE,STK,14523,INE725G01011,ICRA,EQ,,,,,ICRA LIMITED,5242.0,5323.0,5222.5,5231.0,5238.0,5241.0,,5230.5,,,26130,137912387.5,5362,F1,1,,,,,
2026-07-16,2026-07-16,CM,NSE,STK,1476,INE008A01015,IDBI,EQ,,,,,IDBI BANK LIMITED,86.65,86.8,85.2,85.54,85.6,86.23,,85.54,,,8557863,732746980.39,26037,F1,1,,,,,
2026-07-16,2026-07-16,CM,NSE,STK,17142,INE349Y01013,IDEAFORGE,BE,,,,,IDEAFORGE TECHNO LTD,877.85,895.0,847.85,853.05,855.0,877.75,,853.15,,,184105,158210151.7,7880,F1,1,,,,,
2026-07-16,2026-07-16,CM,NSE,STK,24950,INE0T9I01011,IDEALTECHO,SM,,,,,IDEAL TECHNOPLAST IND LTD,165.05,175.0,165.05,170.0,175.0,165.0,,170.0,,,1000,170025.0,2,F1,500,,,,,
2026-07-16,2026-07-16,CM,NSE,STK,28574,INE0TD101011,IDENTICAL,SM,,,,,IDENTICAL BRAINS STUDIO L,16.65,21.0,16.65,20.85,20.85,17.5,,20.85,,,58000,1179600.0,27,F1,2000,,,,,
2026-07-16,2026-07-16,CM,NSE,STK,11184,INE092T01019,IDFCFIRSTB,EQ,,,,,IDFC FIRST BANK LIMITED,79.47,79.6,79.1,79.28,79.2,79.47,,79.28,,,12618374,1001186952.18,56958,F1,1,,,,,
2026-07-16,2026-07-16,CM,NSE,STK,9300,INE076C01018,IFBAGRO,BE,,,,,IFB AGRO INDUSTRIES LTD,979.9,980.0,962.65,970.6,971.0,982.3,,970.6,,,2568,2498273.35,161,F1,1,,,,,
2026-07-16,2026-07-16,CM,NSE,STK,1485,INE559A01017,IFBIND,EQ,,,,,IFB INDUSTRIES LTD,1380.0,1388.0,1356.2,1360.3,1362.0,1376.2,,1360.2,,,79427,108689696.0,8452,F1,1,,,,,
2026-07-16,2026-07-16,CM,NSE,STK,1491,INE039A01010,IFCI,EQ,,,,,IFCI LTD,74.5,74.6,73.11,73.55,73.42,74.14,,73.55,,,11180872,825249526.84,34719,F1,1,,,,,
2026-07-16,2026-07-16,CM,NSE,STK,436,INE133Y01011,IFGLEXPOR,EQ,,,,,IFGL REFRACTORIES LIMITED,221.8,227.0,217.0,219.11,218.0,221.79,,219.09,,,23050,5086349.86,1234,F1,1,,,,,
2026-07-16,2026-07-16,CM,NSE,STK,760656,INE01XO07025,1225IFL28,N0,,,,,IFL 12.25% 2028,7500.0,7500.0,7500.0,7500.0,7500.0,7500.0,,7500.0,,,2,15000.0,2,F1,1,,,,,
2026-07-16,2026-07-16,CM,NSE,STK,634,INE188B01013,IGARASHI,EQ,,,,,IGARASHI MOTORS INDIA LTD,466.35,476.0,465.95,468.0,468.2,465.9,,468.0,,,36883,17331242.3,1702,F1,1,,,,,
2026-07-16,2026-07-16,CM,NSE,STK,761118,INE530B07633,865IIFL31,Y6,,,,,IIFL 8.65% TR I SR III,998.0,998.0,998.0,998.0,998.0,990.0,,998.0,,,20,19960.0,1,F1,1,,,,,
2026-07-16,2026-07-16,CM,NSE,STK,761120,INE530B07575,885IIFL29,Y8,,,,,IIFL 8.85% TR I SR V,1020.0,1020.0,1020.0,1020.0,1020.0,1025.0,,1020.0,,,10,10200.0,1,F1,1,,,,,
2026-07-16,2026-07-16,CM,NSE,STK,761121,INE530B07609,9IIFL31,Y9,,,,,IIFL 9.00% TR I SR VI,1008.0,1008.0,1005.0,1005.0,1005.0,1008.0,,1005.0,,,103,103665.0,4,F1,1,,,,,
2026-07-16,2026-07-16,CM,NSE,STK,756153,INE530B07484,960IIFL30,Y2,,,,,IIFL 9.60% TR I SR VIII,1001.0,1001.0,1000.0,1000.0,1000.0,1024.0,,1000.0,,,600,600050.0,3,F1,1,,,,,
2026-07-16,2026-07-16,CM,NSE,STK,756144,INE530B07476,975IIFL28,Y0,,,,,IIFL 9.75% TR I SR VI,1032.4,1032.4,1032.4,1032.4,1032.4,1030.69,,1032.4,,,54,55749.6,1,F1,1,,,,,
2026-07-16,2026-07-16,CM,NSE,STK,13072,INE489L01022,IIFLCAPS,EQ,,,,,IIFL CAPITAL SERVICES LTD,337.05,338.95,337.05,337.15,337.95,338.15,,337.15,,,103122,34817554.1,4690,F1,1,,,,,
2026-07-16,2026-07-16,CM,NSE,STK,11809,INE530B01024,IIFL,EQ,,,,,IIFL FINANCE LIMITED,545.3,571.0,542.15,567.1,566.0,543.6,,567.1,,,4570537,2572065752.6,76238,F1,1,,,,,
2026-07-16,2026-07-16,CM,NSE,STK,16822,INE0LOJ01019,IKIO,EQ,,,,,IKIO TECHNOLOGIES LIMITED,216.65,217.5,209.23,212.79,212.4,215.66,,212.86,,,628736,133296107.98,9148,F1,1,,,,,
2026-07-16,2026-07-16,CM,NSE,STK,9380,INE369I01014,IL&FSENGG,BZ,,,,,IL&FS ENG AND CONS CO LTD,27.61,28.55,27.6,27.95,28.55,28.45,,27.95,,,3575,99680.09,49,F1,1,,,,,
2026-07-16,2026-07-16,CM,NSE,STK,6711,INE050B01023,IVC,EQ,,,,,IL&FS INVESTMENT MANAGERS,8.45,8.63,8.32,8.41,8.4,8.36,,8.41,,,345132,2926237.16,1075,F1,1,,,,,
2026-07-16,2026-07-16,CM,NSE,STK,9381,INE975G01012,IL&FSTRANS,BZ,,,,,IL&FS TRANS NET LTD,2.09,2.19,2.09,2.13,2.18,2.12,,2.13,,,13666,29202.1,52,F1,1,,,,,
2026-07-16,2026-07-16,CM,NSE,STK,7672,INE172N01012,IMAGICAA,EQ,,,,,IMAGICAAWORLD ENT LTD,47.87,48.34,47.28,47.75,47.9,48.14,,47.75,,,369526,17726560.44,1747,F1,1,,,,,
2026-07-16,2026-07-16,CM,NSE,STK,17507,INE452L01012,INCREDIBLE,EQ,,,,,INCREDIBLE INDUSTRIES LTD,34.17,34.64,33.03,33.14,33.99,33.5,,33.51,,,1855,62809.13,17,F1,1,,,,,
2026-07-16,2026-07-16,CM,NSE,STK,12009,INE547E01014,IMPAL,EQ,,,,,IND MOTOR PART & ACC LTD,1112.0,1122.0,1075.8,1116.2,1119.6,1119.2,,1116.2,,,4300,4767955.6,489,F1,1,,,,,
2026-07-16,2026-07-16,CM,NSE,STK,4870,INE915B01019,INDSWFTLAB,EQ,,,,,IND SWIFT LABORATORIES LT,225.83,236.0,224.0,233.89,233.0,226.82,,233.89,,,562319,130374335.65,8195,F1,1,,,,,
2026-07-16,2026-07-16,CM,NSE,STK,21957,INE611L01021,INDTERRAIN,EQ,,,,,IND TERRAIN FASHIONS LTD,30.3,30.49,29.9,30.01,29.9,30.22,,30.01,,,19832,599729.8,150,F1,1,,,,,
2026-07-16,2026-07-16,CM,NSE,STK,16933,INE841B01017,INDBANK,EQ,,,,,INDBANK MERCH BANK,33.49,33.5,33.18,33.28,33.27,33.28,,33.28,,,15208,506791.4,243,F1,1,,,,,
2026-07-16,2026-07-16,CM,NSE,STK,29678,INE0O9T01021,BAJAJINDEF,EQ,,,,,INDEF MANUFACTURING LTD,242.15,243.85,236.85,237.7,237.05,242.1,,237.65,,,14606,3510378.8,476,F1,1,,,,,
2026-07-16,2026-07-16,CM,NSE,STK,23693,INE065X01017,INDGN,EQ,,,,,INDEGENE LIMITED,515.5,515.5,509.1,510.95,511.45,511.0,,510.95,,,62407,31904066.55,5768,F1,1,,,,,
2026-07-16,2026-07-16,CM,NSE,STK,1521,INE560A01023,INDIAGLYCO,EQ,,,,,INDIA GLYCOLS LTD,1140.0,1169.75,1129.95,1156.55,1155.0,1137.35,,1156.55,,,210345,242342360.25,13420,F1,1,,,,,
2026-07-16,2026-07-16,CM,NSE,STK,4747,INE092B01025,INDNIPPON,EQ,,,,,INDIA NIPPON ELECT  LTD,1175.8,1228.8,1161.1,1206.0,1222.0,1173.0,,1205.4,,,36608,43438283.3,3626,F1,1,,,,,
2026-07-16,2026-07-16,CM,NSE,STK,4934,INE0D6701023,IPL,EQ,,,,,INDIA PESTICIDES LIMITED,162.0,171.94,156.12,157.63,157.0,156.17,,157.63,,,3397549,553138506.91,30930,F1,1,,,,,
2026-07-16,2026-07-16,CM,NSE,STK,20556,INE922K01024,INDIASHLTR,EQ,,,,,INDIA SHELTER FIN CORP L,821.75,821.75,807.2,815.1,820.0,815.2,,815.1,,,134884,109882808.4,14122,F1,1,,,,,
2026-07-16,2026-07-16,CM,NSE,STK,19299,INE353K01014,ITDC,EQ,,,,,INDIA TOUR. DEV. CO. LTD.,773.0,783.9,745.3,755.25,753.0,793.9,,755.25,,,2907372,2220337566.75,91423,F1,1,,,,,
2026-07-16,2026-07-16,CM,NSE,STK,25003,INE126M01010,IBULLSLTD,BE,,,,,INDIABULLS LIMITED,31.99,32.15,30.02,30.09,30.12,31.59,,30.09,,,8378529,259980910.61,7226,F1,1,,,,,
2026-07-16,2026-07-16,CM,NSE,STK,10726,INE933S01016,INDIAMART,EQ,,,,,INDIAMART INTERMESH LTD,1957.5,1978.9,1934.3,1947.0,1945.0,1944.9,,1946.9,,,78581,153448399.3,15865,F1,1,,,,,
2026-07-16,2026-07-16,CM,NSE,STK,14309,INE562A01011,INDIANB,EQ,,,,,INDIAN BANK,834.5,840.7,817.7,819.9,819.15,830.55,,819.9,,,1629769,1346464727.35,52955,F1,1,,,,,
2026-07-16,2026-07-16,CM,NSE,STK,4422,INE061A01014,INDIANCARD,EQ,,,,,INDIAN CARD CLOTHING CO.,220.0,230.69,217.12,220.91,221.99,217.12,,220.91,,,4666,1041141.53,151,F1,1,,,,,
2026-07-16,2026-07-16,CM,NSE,STK,23789,INE0RRU01016,IEML,SM,,,,,INDIAN EMULSIFIERS LTD,40.5,42.5,40.5,41.7,41.7,40.5,,41.7,,,24000,1001950.0,38,F1,500,,,,,
2026-07-16,2026-07-16,CM,NSE,STK,220,INE022Q01020,IEX,EQ,,,,,INDIAN ENERGY EXC LTD,119.06,125.88,118.65,124.74,125.4,118.89,,124.74,,,19324459,2380087553.72,84473,F1,1,,,,,
2026-07-16,2026-07-16,CM,NSE,STK,1530,INE323C01030,INDIANHUME,EQ,,,,,INDIAN HUME PIPE CO. LTD.,415.9,422.35,402.65,404.7,406.2,414.3,,404.7,,,256679,106685517.8,6036,F1,1,,,,,
2026-07-16,2026-07-16,CM,NSE,STK,19235,INE919H01018,IMFA,EQ,,,,,INDIAN METALS & FERRO,1389.1,1396.2,1356.1,1361.8,1360.2,1388.1,,1361.8,,,63534,86922261.4,5857,F1,1,,,,,
2026-07-16,2026-07-16,CM,NSE,STK,1624,INE242A01010,IOC,EQ,,,,,INDIAN OIL CORP LTD,140.5,143.39,139.34,141.8,141.39,140.24,,141.81,,,22023161,3125270880.0,100728,F1,1,,,,,
2026-07-16,2026-07-16,CM,NSE,STK,9348,INE565A01014,IOB,EQ,,,,,INDIAN OVERSEAS BANK,33.78,33.88,33.64,33.79,33.75,33.78,,33.79,,,1478585,49910985.97,11969,F1,1,,,,,
2026-07-16,2026-07-16,CM,NSE,STK,13611,INE335Y01020,IRCTC,EQ,,,,,INDIAN RAIL TOUR CORP LTD,505.0,510.45,499.0,499.9,500.5,503.3,,499.9,,,833287,418742803.1,25684,F1,1,,,,,
2026-07-16,2026-07-16,CM,NSE,STK,2029,INE053F01010,IRFC,EQ,,,,,INDIAN RAILWAY FIN CORP L,88.87,89.36,88.25,88.41,88.4,88.87,,88.41,,,6202992,550378603.19,45508,F1,1,,,,,
2026-07-16,2026-07-16,CM,NSE,STK,20261,INE202E01016,IREDA,EQ,,,,,INDIAN RENEWABLE ENERGY,121.44,122.1,120.5,120.83,120.76,121.36,,120.83,,,3418650,414178821.24,23754,F1,1,,,,,
2026-07-16,2026-07-16,CM,NSE,STK,762727,INE586E01020,IWP,EQ,,,,,INDIAN WOOD PRODUCTS CO L,33.06,34.09,32.5,32.94,32.94,32.9,,33.02,,,2941,97257.94,37,F1,1,,,,,
2026-07-16,2026-07-16,CM,NSE,STK,21058,INE0PS301014,INDIFRA,SM,,,,,INDIFRA LIMITED,11.95,11.95,11.95,11.95,11.95,12.15,,11.95,,,4000,47800.0,2,F1,2000,,,,,
2026-07-16,2026-07-16,CM,NSE,STK,2048,INE09VQ01012,INDIGOPNTS,EQ,,,,,INDIGO PAINTS LIMITED,1080.0,1085.2,1058.5,1064.8,1083.2,1084.4,,1064.9,,,31516,33791882.0,4892,F1,1,,,,,
2026-07-16,2026-07-16,CM,NSE,STK,20988,INE219X23014,INDIGRID,IV,,,,,INDIGRID INFRASTRUCT TRST,178.5,179.04,178.0,178.79,178.8,178.49,,178.81,,,269120,48064309.18,3816,F1,1,,,,,
2026-07-16,2026-07-16,CM,NSE,STK,757845,INE06ST01018,INDIQUBE,EQ,,,,,INDIQUBE SPACES LIMITED,175.8,176.0,168.01,171.01,169.99,171.28,,170.62,,,41499,7094190.76,1072,F1,1,,,,,
2026-07-16,2026-07-16,CM,NSE,STK,9120,INE760F01028,INDOAMIN,BE,,,,,INDO AMINES LIMITED,126.0,126.99,125.5,125.58,126.0,126.01,,125.58,,,15353,1933530.52,139,F1,1,,,,,
2026-07-16,2026-07-16,CM,NSE,STK,8614,INE803D01021,INDOBORAX,EQ,,,,,INDO BORAX & CHEMICAL LTD,460.0,468.6,430.1,447.5,449.7,450.65,,447.5,,,574595,254988694.9,19903,F1,1,,,,,
2026-07-16,2026-07-16,CM,NSE,STK,11987,INE483B01026,ICIL,EQ,,,,,INDO COUNT INDUSTRIES LTD,403.65,408.25,393.05,396.05,395.45,398.8,,396.05,,,304449,121143831.9,12615,F1,1,,,,,
2026-07-16,2026-07-16,CM,NSE,STK,29025,INE622H01018,INDOFARM,EQ,,,,,INDO FARM EQUIPMENT LTD,163.0,167.45,160.3,163.91,163.55,162.29,,163.89,,,305527,50161943.11,5915,F1,1,,,,,
2026-07-16,2026-07-16,CM,NSE,STK,10993,INE156A01020,INDORAMA,EQ,,,,,INDO RAMA SYNTHETICS LTD,52.07,52.07,50.1,51.14,51.15,51.81,,51.12,,,223705,11457187.26,2448,F1,1,,,,,
2026-07-16,2026-07-16,CM,NSE,STK,13278,INE332H01014,INDOTECH,BE,,,,,INDO TECH TRANSFORM LTD.,3408.0,3460.0,3280.0,3434.6,3444.9,3359.8,,3432.7,,,20584,69260168.2,1216,F1,1,,,,,
2026-07-16,2026-07-16,CM,NSE,STK,25608,INE337M01021,INDOTHAI,EQ,,,,,INDO THAI SEC LTD,217.6,223.5,215.11,219.17,218.88,215.48,,219.18,,,1428504,315212895.06,10183,F1,1,,,,,
2026-07-16,2026-07-16,CM,NSE,STK,25503,INE250Z01010,INDOUS,EQ,,,,,INDO US BIOTECH LTD,89.59,89.59,85.01,85.7,87.0,87.04,,85.7,,,90556,7780147.61,503,F1,1,,,,,
2026-07-16,2026-07-16,CM,NSE,STK,6782,INE567A01028,NIPPOBATRY,EQ,,,,,INDO-NATIONAL LIMITED,335.0,338.65,329.0,333.6,335.0,332.15,,333.45,,,2759,917472.05,206,F1,1,,,,,
2026-07-16,2026-07-16,CM,NSE,STK,11677,INE873D01024,INDOCO,EQ,,,,,INDOCO REMEDIES LTD.,252.0,258.3,247.42,251.91,252.0,249.57,,251.91,,,168856,42620553.35,5551,F1,1,,,,,
2026-07-16,2026-07-16,CM,NSE,STK,757801,INE05J901018,IGCL,EQ,,,,,INDOGULF CROPSCIENCES LTD,73.5,76.0,71.5,72.02,71.74,72.74,,72.02,,,99919,7290400.69,1047,F1,1,,,,,
2026-07-16,2026-07-16,CM,NSE,STK,19955,INE866K01023,WAAREEINDO,EQ,,,,,INDOSOLAR LIMITED,393.95,393.95,387.0,387.95,390.0,387.0,,388.0,,,8544,3315147.95,756,F1,1,,,,,
2026-07-16,2026-07-16,CM,NSE,STK,3088,INE896L01010,INDOSTAR,EQ,,,,,INDOSTAR CAPITAL FIN LTD,270.95,275.45,265.05,272.1,272.7,270.95,,272.1,,,44922,12239441.8,1115,F1,1,,,,,
2026-07-16,2026-07-16,CM,NSE,STK,14956,INE227G01018,INDOWIND,BE,,,,,INDOWIND ENERGY LTD,9.32,9.45,9.11,9.33,9.18,9.32,,9.37,,,60285,560899.1,285,F1,1,,,,,
2026-07-16,2026-07-16,CM,NSE,STK,11262,INE203G01027,IGL,EQ,,,,,INDRAPRASTHA GAS LTD,151.5,158.7,151.5,154.0,154.5,151.56,,154.0,,,6324943,985864955.7,48250,F1,1,,,,,
2026-07-16,2026-07-16,CM,NSE,STK,4751,INE681B01017,INDRAMEDCO,EQ,,,,,INDRAPRASTHA MEDICAL CORP,377.0,378.45,372.85,374.25,374.65,376.9,,374.25,,,80105,30008638.1,4206,F1,1,,,,,
2026-07-16,2026-07-16,CM,NSE,STK,23036,INE0NHL23019,INDUSINVIT,IV,,,,,INDUS INFRA TRUST,128.7,129.98,128.01,129.77,129.8,128.26,,129.78,,,43915,5673633.37,1571,F1,1,,,,,
2026-07-16,2026-07-16,CM,NSE,STK,29135,INE121J01017,INDUSTOWER,EQ,,,,,INDUS TOWERS LIMITED,407.5,414.9,405.1,405.65,405.7,406.9,,405.65,,,3961814,1624138719.5,41458,F1,1,,,,,
2026-07-16,2026-07-16,CM,NSE,STK,5258,INE095A01012,INDUSINDBK,EQ,,,,,INDUSIND BANK LIMITED,1018.0,1019.0,1005.55,1013.5,1013.15,1009.7,,1013.5,,,695548,703708639.75,27140,F1,1,,,,,
2026-07-16,2026-07-16,CM,NSE,STK,762717,INE620D01011,INDPRUD,EQ,,,,,INDUSTRIAL & PRU INV CO L,6550.0,6550.0,6400.0,6550.0,6550.0,6598.0,,6455.0,,,32,206356.5,8,F1,1,,,,,
2026-07-16,2026-07-16,CM,NSE,STK,19525,INE886A01014,IITL,EQ,,,,,INDUSTRIAL INV TRUST LTD,125.25,130.35,122.0,129.36,129.0,127.18,,129.37,,,106952,13445835.46,1036,F1,1,,,,,
2026-07-16,2026-07-16,CM,NSE,STK,15036,INE0MRE01011,INFINIUM,SM,,,,,INFINIUM PHARMACHEM LTD,214.0,214.0,206.0,206.05,206.0,212.5,,206.05,,,4000,832500.0,8,F1,500,,,,,
2026-07-16,2026-07-16,CM,NSE,STK,757602,INE0MYZ01012,INFLUX,SM,,,,,INFLUX HEALTHTECH LIMITED,290.0,293.0,289.55,290.0,290.0,291.75,,290.0,,,36000,10445310.0,38,F1,600,,,,,
2026-07-16,2026-07-16,CM,NSE,STK,13751,INE663F01032,NAUKRI,EQ,,,,,INFO EDGE (I) LTD,1191.75,1210.8,1184.2,1207.0,1206.5,1185.95,,1207.0,,,1096469,1315822140.5,53953,F1,1,,,,,
2026-07-16,2026-07-16,CM,NSE,STK,11027,INE344S01016,INFOBEAN,EQ,,,,,INFOBEANS TECHNO. LTD.,168.6,172.78,166.48,168.46,167.95,167.77,,168.47,,,309077,52192098.05,4931,F1,1,,,,,
2026-07-16,2026-07-16,CM,NSE,STK,16588,INE0NNZ01013,INFOLLION,SM,,,,,INFOLLION RESEARCH SER L,179.1,179.1,170.0,171.9,170.0,179.05,,171.9,,,25200,4376840.0,55,F1,400,,,,,
2026-07-16,2026-07-16,CM,NSE,STK,13693,INE669A01022,INFOMEDIA,EQ,,,,,INFOMEDIA PRESS LIMITED,5.75,5.75,5.5,5.55,5.64,5.6,,5.55,,,522,2916.25,19,F1,1,,,,,
2026-07-16,2026-07-16,CM,NSE,STK,1594,INE009A01021,INFY,EQ,,,,,INFOSYS LIMITED,1082.5,1097.3,1077.9,1082.4,1085.0,1076.3,,1082.2,,,8592146,9350544952.2,173656,F1,1,,,,,
2026-07-16,2026-07-16,CM,NSE,STK,1597,INE177A01018,INGERRAND,EQ,,,,,INGERSOLL-RAND INDIA LTD,4450.0,4719.9,4415.5,4676.9,4692.0,4429.8,,4677.8,,,37603,174115135.7,7743,F1,1,,,,,
2026-07-16,2026-07-16,CM,NSE,STK,25323,INE0S1D01010,INNOMET,ST,,,,,INNOMET ADVANCED MATERI L,170.3,170.3,170.3,170.3,170.3,167.0,,170.3,,,10800,1839240.0,11,F1,600,,,,,
2026-07-16,2026-07-16,CM,NSE,STK,21062,INE0DUT01020,INNOVACAP,EQ,,,,,INNOVA CAPTAB LIMITED,991.45,1024.7,990.95,1011.3,1015.85,991.45,,1011.3,,,32342,32752539.65,5837,F1,1,,,,,
2026-07-16,2026-07-16,CM,NSE,STK,27754,INE403Y01018,INNOVANA,EQ,,,,,INNOVANA THINKLABS LTD,347.0,357.0,332.2,341.1,341.45,335.0,,340.9,,,13843,4761911.0,490,F1,1,,,,,
2026-07-16,2026-07-16,CM,NSE,STK,27266,INE070Y01023,ITTL,ST,,,,,INNOVATIVE TYRE & TUBE LT,70.65,70.65,70.65,70.65,70.65,72.05,,70.65,,,105,7418.25,1,F1,105,,,,,
2026-07-16,2026-07-16,CM,NSE,STK,761528,INE0ADB01012,INNOVISION,EQ,,,,,INNOVISION LIMITED,292.4,296.9,290.1,291.65,291.6,292.8,,291.65,,,17515,5121942.65,1041,F1,1,,,,,
2026-07-16,2026-07-16,CM,NSE,STK,12188,INE510W01014,INOXGREEN,EQ,,,,,INOX GREEN ENERGY SER LTD,192.3,192.94,188.01,190.49,189.43,191.31,,190.49,,,464334,88399225.76,6998,F1,1,,,,,
2026-07-16,2026-07-16,CM,NSE,STK,20607,INE616N01034,INOXINDIA,EQ,,,,,INOX INDIA LIMITED,1963.5,2003.9,1926.3,1994.4,1998.8,1964.4,,1994.4,,,228462,452033726.3,17873,F1,1,,,,,
2026-07-16,2026-07-16,CM,NSE,STK,7852,INE066P01011,INOXWIND,EQ,,,,,INOX WIND LIMITED,80.07,80.5,78.56,78.79,78.8,79.98,,78.79,,,10337387,820253880.3,34428,F1,1,,,,,
2026-07-16,2026-07-16,CM,NSE,STK,14657,INE070I01018,INSECTICID,EQ,,,,,INSECTICIDES (I) LTD,669.0,680.0,655.0,659.85,655.15,669.75,,659.85,,,8605,5711108.1,975,F1,1,,,,,
2026-07-16,2026-07-16,CM,NSE,STK,761099,INE0LGX01024,INA,EQ,,,,,INSOLATION ENERGY LIMITED,117.99,118.79,115.1,115.93,116.75,117.87,,115.92,,,467661,54458101.21,5232,F1,1,,,,,
2026-07-16,2026-07-16,CM,NSE,STK,19157,INE0NDX01019,INSPIRE,ST,,,,,INSPIRE FILMS LIMITED,8.25,8.25,8.25,8.25,8.25,8.65,,8.25,,,2000,16500.0,1,F1,2000,,,,,
2026-07-16,2026-07-16,CM,NSE,STK,13734,INE020G01017,INSPIRISYS,BE,,,,,INSPIRISYS SOLUTIONS LTD,101.9,101.9,98.05,99.0,99.0,99.09,,99.0,,,2132,212601.12,30,F1,1,,,,,
2026-07-16,2026-07-16,CM,NSE,STK,30327,INE418N01035,ESSENTIA,BE,,,,,INTEGRA ESSENTIA LIMITED,1.18,1.21,1.17,1.18,1.18,1.17,,1.18,,,1284343,1518234.34,542,F1,1,,,,,
2026-07-16,2026-07-16,CM,NSE,STK,11903,INE02EE01019,IPSL,SM,,,,,INTEGRATED PERSO SER LTD,222.55,238.0,222.0,230.0,230.0,245.0,,230.0,,,2500,571275.0,5,F1,500,,,,,
2026-07-16,2026-07-16,CM,NSE,STK,5926,INE306R01017,INTELLECT,EQ,,,,,INTELLECT DESIGN ARENA,759.0,778.0,757.0,760.0,761.5,755.4,,760.0,,,342794,262609281.8,15573,F1,1,,,,,
2026-07-16,2026-07-16,CM,NSE,STK,20071,INE781A01025,INTENTECH,EQ,,,,,INTENSE TECHNOLOGIES LTD,93.28,94.99,90.3,90.66,90.65,92.61,,90.66,,,40711,3708898.35,811,F1,1,,,,,
2026-07-16,2026-07-16,CM,NSE,STK,24909,INE00M901018,INTERARCH,EQ,,,,,INTERARCH BLDNG SOLTN LTD,1878.6,1890.7,1840.3,1849.3,1879.6,1852.5,,1849.2,,,31440,58423732.3,4665,F1,1,,,,,
2026-07-16,2026-07-16,CM,NSE,STK,11195,INE646L01027,INDIGO,EQ,,,,,INTERGLOBE AVIATION LTD,5179.5,5280.0,5176.0,5265.5,5265.0,5171.0,,5265.5,,,996192,5209722388.0,49009,F1,1,,,,,
2026-07-16,2026-07-16,CM,NSE,STK,5606,INE575C01027,INTLCONV,EQ,,,,,INTL CONVEYORS LIMITED,79.3,80.45,76.8,77.13,77.0,79.29,,77.19,,,40889,3191590.28,1201,F1,1,,,,,
2026-07-16,2026-07-16,CM,NSE,STK,28378,INE0Q9301021,IGIL,EQ,,,,,INTL GEMOLOGICAL INST LTD,353.5,357.3,347.05,350.45,350.0,353.2,,350.45,,,304812,106951504.6,22243,F1,1,,,,,
2026-07-16,2026-07-16,CM,NSE,STK,18479,INE566K01011,ISFT,EQ,,,,,INTRASOFT TECH. LTD,76.35,79.24,76.35,77.79,77.11,78.59,,77.79,,,1926,149895.79,68,F1,1,,,,,
2026-07-16,2026-07-16,CM,NSE,STK,24870,INE878H01024,INVENTURE,EQ,,,,,INVENTURE GRO & SEC LTD,0.92,0.93,0.9,0.91,0.91,0.91,,0.91,,,902081,827875.24,349,F1,1,,,,,
2026-07-16,2026-07-16,CM,NSE,STK,28125,INE115Q01022,IKS,EQ,,,,,INVENTURUS KNOWLEDGE SO L,1873.4,1888.0,1837.8,1863.2,1860.0,1876.3,,1863.2,,,112662,209432092.6,11023,F1,1,,,,,
2026-07-16,2026-07-16,CM,NSE,STK,18292,INF205KA1BP1,IVZINGOLD,EQ,,,,,INVESCO INDIA GOLD ETF,122.6,122.65,121.65,122.6,122.65,122.5,,122.6,,,8291,1015071.25,130,F1,1,,,,,
2026-07-16,2026-07-16,CM,NSE,STK,24217,INF205K01DA9,IVZINNIFTY,EQ,,,,,INVESCO INDIA NIFTY ETF,2828.66,2828.66,2754.09,2758.0,2758.0,2759.67,,2758.0,,,45,124586.64,11,F1,1,,,,,
2026-07-16,2026-07-16,CM,NSE,STK,762722,INE155E01016,INVPRECQ,EQ,,,,,INVESTMENT & PREC CAST L,824.0,825.0,801.05,818.8,825.0,815.6,,818.1,,,2103,1703815.0,154,F1,1,,,,,
2026-07-16,2026-07-16,CM,NSE,STK,760142,INE0XJ501010,INVICTA,ST,,,,,INVICTA DIAGNOSTIC LTD,68.5,68.5,68.5,68.5,68.5,68.0,,68.5,,,1600,109600.0,1,F1,1600,,,,,
2026-07-16,2026-07-16,CM,NSE,STK,20413,INE485C01029,IOLCP,EQ,,,,,IOL CHEM AND PHARMA LTD,166.9,168.5,162.16,164.07,164.44,165.7,,164.07,,,2140569,353718545.24,14937,F1,1,,,,,
2026-07-16,2026-07-16,CM,NSE,STK,1630,INE570A01022,IONEXCHANG,EQ,,,,,ION EXCHANGE (INDIA) LTD,445.7,448.25,434.3,435.95,435.95,444.2,,435.95,,,332966,146025577.0,12776,F1,1,,,,,
2026-07-16,2026-07-16,CM,NSE,STK,1633,INE571A01038,IPCALAB,EQ,,,,,IPCA LABORATORIES LTD,1880.9,1909.9,1867.8,1890.2,1882.7,1878.0,,1890.2,,,794803,1500090829.4,27870,F1,1,,,,,
2026-07-16,2026-07-16,CM,NSE,STK,15313,INE821I01022,IRB,EQ,,,,,IRB INFRA DEV LTD.,20.17,20.17,19.98,20.1,20.12,20.09,,20.1,,,5579905,112007830.12,15761,F1,1,,,,,
2026-07-16,2026-07-16,CM,NSE,STK,20817,INE183W23014,IRBINVIT,IV,,,,,IRB INVIT FUND,61.89,62.05,61.71,61.97,62.04,61.84,,61.97,,,488406,30237777.18,2832,F1,1,,,,,
2026-07-16,2026-07-16,CM,NSE,STK,4986,INE962Y01021,IRCON,EQ,,,,,IRCON INTERNATIONAL LTD,131.0,131.48,129.75,130.42,130.15,130.42,,130.42,,,878920,114732405.26,12027,F1,1,,,,,
2026-07-16,2026-07-16,CM,NSE,STK,1391,INE202E07138,880IREDA29,N5,,,,,IREDA 8.80NCDTR I SR II B,1108.0,1119.64,1108.0,1119.64,1119.64,1115.0,,1119.74,,,70,78153.64,3,F1,1,,,,,
2026-07-16,2026-07-16,CM,NSE,STK,1393,INE202E07153,880IREDA34,N6,,,,,IREDA 8.80NCDTR I SR IIIB,1278.0,1278.0,1255.0,1255.0,1255.0,1260.0,,1255.0,,,126,158710.0,6,F1,1,,,,,
2026-07-16,2026-07-16,CM,NSE,STK,2275,INE01GN01025,IRISDOREME,EQ,,,,,IRIS CLOTHINGS LIMITED,45.9,48.0,44.65,46.82,46.51,45.52,,46.82,,,1795663,84096803.46,4507,F1,1,,,,,
2026-07-16,2026-07-16,CM,NSE,STK,6489,INE864K01010,IRIS,EQ,,,,,IRIS REGTECH SOLUTION LTD,251.0,256.5,250.05,252.1,252.35,252.5,,252.1,,,26914,6820069.35,965,F1,1,,,,,
2026-07-16,2026-07-16,CM,NSE,STK,19597,INE07U701015,IRMENERGY,EQ,,,,,IRM ENERGY LIMITED,260.0,266.0,260.0,262.85,261.2,261.75,,262.85,,,38983,10246089.8,1261,F1,1,,,,,
2026-07-16,2026-07-16,CM,NSE,STK,761208,INE413U07442,925ISF28,N0,,,,,ISF 9.25% 2028,9700.0,9700.0,9606.0,9606.0,9606.0,9771.24,,9606.0,,,16,153790.0,2,F1,1,,,,,
2026-07-16,2026-07-16,CM,NSE,STK,756069,INE413U07392,950ISF27A,N0,,,,,ISF 9.50% 2027,99619.49,99619.49,99619.49,99619.49,99619.49,99619.49,,99619.49,,,1,99619.49,1,F1,1,,,,,
2026-07-16,2026-07-16,CM,NSE,STK,759100,INE413U07434,965ISF28,N0,,,,,ISF 9.65% 2028,99211.0,99211.0,99201.0,99201.0,99201.0,99450.0,,99201.0,,,2,198412.0,2,F1,1,,,,,
2026-07-16,2026-07-16,CM,NSE,STK,3329,INE858B01029,ISGEC,EQ,,,,,ISGEC HEAVY ENG LTD,898.9,901.0,882.75,891.85,889.3,892.7,,892.15,,,16609,14776094.7,3160,F1,1,,,,,
2026-07-16,2026-07-16,CM,NSE,STK,30249,INE561M01018,ISHANCH,EQ,,,,,ISHAN DYES N CHEMICALS L,54.09,54.74,52.75,53.23,52.78,54.09,,53.26,,,33121,1764432.01,187,F1,1,,,,,
2026-07-16,2026-07-16,CM,NSE,STK,10995,INE0LCW01025,ISHAN,SM,,,,,ISHAN INTERNATIONAL LTD,0.5,0.5,0.5,0.5,0.5,0.5,,0.5,,,288000,144000.0,4,F1,48000,,,,,
2026-07-16,2026-07-16,CM,NSE,STK,29251,INE379A01028,ITCHOTELS,EQ,,,,,ITC HOTELS LIMITED,185.0,186.0,173.25,174.12,174.0,183.49,,174.11,,,10769461,1911867892.56,99988,F1,1,,,,,
2026-07-16,2026-07-16,CM,NSE,STK,1660,INE154A01025,ITC,EQ,,,,,ITC LTD,277.0,280.45,276.0,279.35,279.8,276.65,,279.35,,,11220653,3127103423.95,318621,F1,1,,,,,
2026-07-16,2026-07-16,CM,NSE,STK,1675,INE248A01017,ITI,EQ,,,,,ITI LTD,284.95,302.4,280.5,285.85,285.6,284.5,,285.85,,,3918015,1137558639.45,63655,F1,1,,,,,
2026-07-16,2026-07-16,CM,NSE,STK,759041,INE056801025,IVALUE,EQ,,,,,IVALUE INFOSOLUTIONS LTD,314.15,319.0,307.6,308.85,311.0,313.15,,308.85,,,360498,112911735.1,11127,F1,1,,,,,
2026-07-16,2026-07-16,CM,NSE,STK,8857,INE043C01018,IVP,BE,,,,,IVP LIMITED,162.0,164.8,155.1,160.07,159.1,161.7,,160.07,,,8661,1377167.37,97,F1,1,,,,,
2026-07-16,2026-07-16,CM,NSE,STK,757644,INE1AII01014,IWARE,ST,,,,,IWARE SUPPLYCHAIN SER LTD,513.75,513.75,513.75,513.75,513.75,489.3,,513.75,,,13200,6781500.0,10,F1,600,,,,,
2026-07-16,2026-07-16,CM,NSE,STK,14174,INE848A01014,IZMO,EQ,,,,,IZMO LIMITED,1084.5,1119.5,1066.1,1119.5,1119.5,1066.2,,1122.0,,,127545,141196229.9,4544,F1,1,,,,,
2026-07-16,2026-07-16,CM,NSE,STK,5633,INE168A01041,J&KBANK,EQ,,,,,J & K BANK LTD.,183.9,184.3,177.1,177.73,177.6,182.63,,177.73,,,3303895,593421587.62,32938,F1,1,,,,,
2026-07-16,2026-07-16,CM,NSE,STK,1726,INE572A01036,JBCHEPHARM,EQ,,,,,J B CHEMICALS AND PHARMA,2506.0,2525.5,2380.0,2408.9,2416.1,2506.0,,2409.0,,,4779224,11558843166.8,157981,F1,1,,,,,
2026-07-16,2026-07-16,CM,NSE,STK,23056,INE0MB501011,JGCHEM,EQ,,,,,J.G.CHEMICALS LIMITED,443.8,448.05,435.6,443.5,442.3,443.8,,443.5,,,48509,21363140.15,1928,F1,1,,,,,
2026-07-16,2026-07-16,CM,NSE,STK,13211,INE199G01027,JAGRAN,EQ,,,,,JAGRAN PRAKASHAN LIMITED,63.33,63.81,62.91,63.08,63.2,63.33,,63.08,,,290994,18362599.95,2503,F1,1,,,,,
2026-07-16,2026-07-16,CM,NSE,STK,4410,INE048B01035,JAGSNPHARM,EQ,,,,,JAGSONPAL PHARMACEUTICALS,225.15,229.19,222.1,226.87,225.42,224.31,,226.88,,,136305,30787512.38,4896,F1,1,,,,,
2026-07-16,2026-07-16,CM,NSE,STK,14076,INE091G01026,JAIBALAJI,BE,,,,,JAI BALAJI INDUSTRIES LTD,65.45,66.3,65.11,65.26,65.41,65.43,,65.27,,,154316,10117841.67,488,F1,1,,,,,
2026-07-16,2026-07-16,CM,NSE,STK,5143,INE070D01027,JAICORPLTD,EQ,,,,,JAI CORP LIMITED,109.39,109.84,107.03,107.82,107.8,108.65,,107.82,,,281459,30485900.66,3527,F1,1,,,,,
2026-07-16,2026-07-16,CM,NSE,STK,25684,IN9175A01010,JISLDVREQS,EQ,,,,,JAIN DVR EQUITY SHARES,22.71,22.9,22.31,22.54,22.7,22.53,,22.55,,,8678,195252.36,61,F1,1,,,,,
2026-07-16,2026-07-16,CM,NSE,STK,10397,INE175A01038,JISLJALEQS,EQ,,,,,JAIN IRRIGATION SYSTEMS,31.38,31.6,30.67,30.99,31.09,31.2,,30.99,,,1299325,40417615.54,5399,F1,1,,,,,
2026-07-16,2026-07-16,CM,NSE,STK,759244,INE0YD401026,JAINREC,EQ,,,,,JAIN RESOURCE RECYCLING L,341.95,348.6,336.2,343.55,341.3,341.4,,343.55,,,1616092,554181214.15,31975,F1,1,,,,,
2026-07-16,2026-07-16,CM,NSE,STK,6012,INE02KC01010,JAINAM,SM,,,,,JAINAM FER ALLOYS (I) LTD,247.0,247.0,247.0,247.0,247.0,247.95,,247.0,,,500,123500.0,1,F1,500,,,,,
2026-07-16,2026-07-16,CM,NSE,STK,758303,INE0XIL01012,JAINIK,SM,,,,,JAINIK POWER CABLES LTD,154.0,161.35,151.0,155.25,155.25,146.7,,155.25,,,82800,13029660.0,39,F1,1200,,,,,
2026-07-16,2026-07-16,CM,NSE,STK,11763,INE351F01018,JPPOWER,EQ,,,,,JAIPRAKASH POWER VEN. LTD,16.82,17.5,16.72,16.99,17.05,16.75,,16.99,,,67549413,1154973566.16,57949,F1,1,,,,,
2026-07-16,2026-07-16,CM,NSE,STK,20930,INE349X01015,JALAN,ST,,,,,JALAN TRANSOLU. INDIA LTD,1.8,1.8,1.8,1.8,1.8,1.85,,1.8,,,15000,27000.0,4,F1,3000,,,,,
2026-07-16,2026-07-16,CM,NSE,STK,20778,INE039C01032,JAMNAAUTO,EQ,,,,,JAMNA AUTO IND LTD,131.43,135.71,131.43,134.03,134.55,131.43,,134.03,,,2004511,269343209.66,30313,F1,1,,,,,
2026-07-16,2026-07-16,CM,NSE,STK,22663,INE953L01027,JSFB,EQ,,,,,JANA SMALL FIN BANK LTD,502.0,521.05,494.15,497.7,498.05,488.9,,497.65,,,6393862,3239957920.2,111066,F1,1,,,,,
2026-07-16,2026-07-16,CM,NSE,STK,759951,INE00YJ01010,JARO,EQ,,,,,JARO INS OF TEC MG N RE L,500.0,506.6,495.6,497.55,499.0,498.25,,497.55,,,88837,44334979.05,2270,F1,1,,,,,
2026-07-16,2026-07-16,CM,NSE,STK,13982,INE039O01029,JASH,EQ,,,,,JASH ENGINEERING LIMITED,543.1,543.1,523.25,525.25,525.0,522.0,,525.3,,,127217,67367932.3,4226,F1,1,,,,,
2026-07-16,2026-07-16,CM,NSE,STK,25037,INE0SMY01017,JAYBEE,SM,,,,,JAY BEE LAMINATIONS LTD,102.9,102.9,98.0,98.7,98.0,102.85,,98.7,,,18500,1842625.0,37,F1,500,,,,,
2026-07-16,2026-07-16,CM,NSE,STK,1708,INE571B01036,JAYBARMARU,EQ,,,,,JAY BHARAT MARUTI LTD,189.01,189.91,179.77,179.77,179.77,189.23,,179.71,,,677561,123524895.01,7153,F1,1,,,,,
2026-07-16,2026-07-16,CM,NSE,STK,10889,INE0J6801010,KORE,SM,,,,,JAY JALARAM TECHNO LTD,150.0,151.0,150.0,151.0,151.0,152.6,,151.0,,,1500,225500.0,3,F1,250,,,,,
2026-07-16,2026-07-16,CM,NSE,STK,4041,INE785A01026,JAYAGROGN,EQ,,,,,JAYANT AGRO ORGANICS LTD,221.66,227.0,218.9,221.57,221.95,221.07,,221.43,,,12680,2827398.42,537,F1,1,,,,,
2026-07-16,2026-07-16,CM,NSE,STK,2331,INE854B01010,JAYNECOIND,EQ,,,,,JAYASWAL NECO INDUSTR LTD,93.0,95.7,91.4,91.99,92.5,91.67,,91.99,,,10360978,967085428.77,40292,F1,1,,,,,
2026-07-16,2026-07-16,CM,NSE,STK,759159,INE1AE401014,JAYESH,SM,,,,,JAYESH LOGISTICS LIMITED,131.2,131.45,128.0,129.65,128.0,131.0,,129.65,,,6000,782750.0,6,F1,1000,,,,,
2026-07-16,2026-07-16,CM,NSE,STK,760073,INE903A01025,JAYKAY,EQ,,,,,JAYKAY ENTERPRISES LTD,173.0,175.0,169.41,170.29,170.82,173.72,,170.31,,,111197,19068305.99,1978,F1,1,,,,,
2026-07-16,2026-07-16,CM,NSE,STK,1720,INE364A01020,JAYSREETEA,EQ,,,,,JAYSHREE TEA & INDUSTRIES,83.45,84.39,80.0,81.38,81.68,82.94,,81.4,,,90407,7407310.95,1343,F1,1,,,,,
2026-07-16,2026-07-16,CM,NSE,STK,11655,INE927D01051,JBMA,EQ,,,,,JBM AUTO LIMITED,682.5,685.55,676.6,679.1,681.95,681.2,,679.1,,,228453,155341250.2,10718,F1,1,,,,,
2026-07-16,2026-07-16,CM,NSE,STK,758115,INE0J5801029,JSLL,EQ,,,,,JEENA SIKHO LIFECARE LTD,581.65,585.05,575.0,578.1,580.05,581.65,,578.1,,,188387,109082511.65,7125,F1,1,,,,,
2026-07-16,2026-07-16,CM,NSE,STK,7211,INE982V01025,JETFREIGHT,EQ,,,,,JET FREIGHT LOGISTICS LTD,24.5,25.95,23.03,24.8,24.99,24.1,,24.8,,,1987661,49807542.27,4565,F1,1,,,,,
2026-07-16,2026-07-16,CM,NSE,STK,18700,INE564T01017,JETKNIT,ST,,,,,JET KNITWEARS LTD.,65.7,65.7,65.7,65.7,65.7,69.15,,65.7,,,750,49275.0,1,F1,750,,,,,
2026-07-16,2026-07-16,CM,NSE,STK,25150,INE0RXB01022,JEYYAM,ST,,,,,JEYYAM GLOBAL FOODS LTD,25.85,25.9,25.8,25.9,25.9,24.7,,25.9,,,28000,724900.0,13,F1,2000,,,,,
2026-07-16,2026-07-16,CM,NSE,STK,10885,INE0LA901015,JFLLIFE,SM,,,,,JFL LIFE SCIENCES LIMITED,10.6,11.0,10.55,11.0,11.0,10.6,,11.0,,,78000,840900.0,13,F1,6000,,,,,
2026-07-16,2026-07-16,CM,NSE,STK,13720,INE544H01014,JHS,EQ,,,,,JHS SVEND. LAB. LTD,7.55,7.59,7.4,7.4,7.4,7.4,,7.4,,,16922,126035.65,100,F1,1,,,,,
2026-07-16,2026-07-16,CM,NSE,STK,24145,INE03DD01011,RETAIL,EQ,,,,,JHS SVENDGAARD RETAIL V L,17.9,17.9,17.45,17.76,17.76,17.45,,17.76,,,92,1637.45,11,F1,1,,,,,
2026-07-16,2026-07-16,CM,NSE,STK,31507,INE147P01019,JPOLYINVST,EQ,,,,,JIND POL INV & FIN CO LTD,1102.3,1118.9,1089.2,1090.8,1097.0,1094.2,,1090.6,,,4532,4984189.2,639,F1,1,,,,,
2026-07-16,2026-07-16,CM,NSE,STK,13875,INE742C01031,JINDRILL,EQ,,,,,JINDAL DRILLING IND. LTD,605.0,608.2,592.35,595.55,596.0,604.95,,595.6,,,166488,99623956.95,4724,F1,1,,,,,
2026-07-16,2026-07-16,CM,NSE,STK,11743,INE796G01012,JINDALPHOT,EQ,,,,,JINDAL PHOTO LIMITED,1157.2,1212.5,1120.0,1127.3,1123.0,1156.0,,1127.5,,,25124,29572324.2,2340,F1,1,,,,,
2026-07-16,2026-07-16,CM,NSE,STK,1756,INE197D01010,JINDALPOLY,EQ,,,,,JINDAL POLY FILMS LIMITED,677.45,693.4,672.55,681.35,685.0,675.6,,681.3,,,21666,14775836.35,1249,F1,1,,,,,
2026-07-16,2026-07-16,CM,NSE,STK,3024,INE324A01032,JINDALSAW,EQ,,,,,JINDAL SAW LIMITED,255.75,270.8,248.5,268.05,270.0,255.55,,268.05,,,5657107,1475429963.75,64046,F1,1,,,,,
2026-07-16,2026-07-16,CM,NSE,STK,11236,INE220G01021,JSL,EQ,,,,,JINDAL STAINLESS LIMITED,725.7,741.75,716.45,737.5,739.45,724.25,,737.5,,,741762,545645264.85,31915,F1,1,,,,,
2026-07-16,2026-07-16,CM,NSE,STK,6733,INE749A01030,JINDALSTEL,EQ,,,,,JINDAL STEEL LIMITED,1041.9,1044.2,1023.0,1028.0,1028.6,1042.2,,1028.0,,,1097051,1131315851.1,51335,F1,1,,,,,
2026-07-16,2026-07-16,CM,NSE,STK,20642,INE247D01039,JINDWORLD,EQ,,,,,JINDAL WORLDWIDE LTD,30.0,33.73,29.76,32.06,31.92,30.1,,32.06,,,61221254,2001930784.68,174985,F1,1,,,,,
2026-07-16,2026-07-16,CM,NSE,STK,759206,INE1FF001016,JKIPL,BE,,,,,JINKUSHAL INDUSTRIES LTD,101.0,101.0,95.0,95.68,96.72,97.64,,95.68,,,5251,500555.87,89,F1,1,,,,,
2026-07-16,2026-07-16,CM,NSE,STK,18143,INE758E01017,JIOFIN,EQ,,,,,JIO FIN SERVICES LTD,237.78,237.91,234.1,235.65,235.98,236.59,,235.65,,,9649365,2274896398.96,63480,F1,1,,,,,
2026-07-16,2026-07-16,CM,NSE,STK,19691,INE863T01013,JITFINFRA,EQ,,,,,JITF INFRALOGISTICS LTD,373.7,373.7,355.05,359.65,358.3,373.7,,359.65,,,49756,17976981.15,1297,F1,1,,,,,
2026-07-16,2026-07-16,CM,NSE,STK,18558,INE0N5H01017,JIWANRAM,SM,,,,,JIWANRAM SHEODUTTRA IND L,5.25,5.25,5.25,5.25,5.25,5.2,,5.25,,,6000,31500.0,1,F1,6000,,,,,
2026-07-16,2026-07-16,CM,NSE,STK,13270,INE823G01014,JKCEMENT,EQ,,,,,JK CEMENT LIMITED,5475.0,5497.5,5410.0,5428.5,5415.0,5424.5,,5428.5,,,25294,137810602.0,6493,F1,1,,,,,
2026-07-16,2026-07-16,CM,NSE,STK,13491,INE786A01032,JKLAKSHMI,EQ,,,,,JK LAKSHMI CEMENT LTD,579.9,587.2,574.0,576.5,576.2,579.15,,576.45,,,116065,67194310.3,11060,F1,1,,,,,
2026-07-16,2026-07-16,CM,NSE,STK,11860,INE789E01012,JKPAPER,EQ,,,,,JK PAPER LIMITED,378.0,378.95,368.15,369.7,370.2,374.8,,369.7,,,353344,132076458.55,11741,F1,1,,,,,
2026-07-16,2026-07-16,CM,NSE,STK,14435,INE573A01042,JKTYRE,EQ,,,,,JK TYRE & INDUSTRIES LTD,415.0,423.95,412.45,420.2,420.0,412.0,,420.15,,,1725060,723539979.0,30454,F1,1,,,,,
2026-07-16,2026-07-16,CM,NSE,STK,15266,INE576I01022,JKIL,EQ,,,,,JKUMAR INFR.LTD.,493.0,499.75,487.0,489.55,489.95,493.1,,489.55,,,70762,34673647.95,2554,F1,1,,,,,
2026-07-16,2026-07-16,CM,NSE,STK,13637,INE780C01023,JMFINANCIL,EQ,,,,,JM FINANCIAL LIMITED,125.9,127.0,124.06,125.86,125.75,125.26,,125.86,,,1719760,216073380.97,21828,F1,1,,,,,
2026-07-16,2026-07-16,CM,NSE,STK,23621,INE0OAF01028,JNKINDIA,EQ,,,,,JNK INDIA LIMITED,550.0,551.4,481.7,496.85,490.0,545.95,,496.85,,,1042649,529785545.45,21807,F1,1,,,,,
2026-07-16,2026-07-16,CM,NSE,STK,16931,INE839G01010,JOCIL,BE,,,,,JOCIL LIMITED,147.26,147.26,145.1,145.3,145.3,148.0,,145.3,,,295,42879.12,9,F1,1,,,,,
2026-07-16,2026-07-16,CM,NSE,STK,762623,INE515A01019,COCKERILL,EQ,,,,,JOHN COCKERILL INDIA LTD.,9580.0,9580.0,9148.5,9263.0,9220.0,9441.0,,9263.0,,,5796,53749659.0,2177,F1,1,,,,,
2026-07-16,2026-07-16,CM,NSE,STK,758460,INE718I01012,JSWCEMENT,EQ,,,,,JSW CEMENT LIMITED,140.5,142.8,139.39,142.29,142.0,139.45,,142.29,,,2656401,376369592.17,28515,F1,1,,,,,
2026-07-16,2026-07-16,CM,NSE,STK,1467,INE133A01011,JSWDULUX,EQ,,,,,JSW DULUX LIMITED,2968.0,3112.5,2928.3,3080.2,3111.0,2948.1,,3080.1,,,47565,144421802.8,10163,F1,1,,,,,
2026-07-16,2026-07-16,CM,NSE,STK,17869,INE121E01018,JSWENERGY,EQ,,,,,JSW ENERGY LIMITED,551.95,556.0,542.0,543.4,542.6,549.9,,543.4,,,2626754,1444647417.05,46786,F1,1,,,,,
2026-07-16,2026-07-16,CM,NSE,STK,11880,INE824G01012,JSWHL,EQ,,,,,JSW HOLDINGS LIMITED,11249.0,11250.0,11067.0,11197.0,11200.0,11165.0,,11197.0,,,2752,30750656.0,1216,F1,1,,,,,
2026-07-16,2026-07-16,CM,NSE,STK,19020,INE880J01026,JSWINFRA,EQ,,,,,JSW INFRASTRUCTURE LTD,337.05,343.5,331.6,339.3,343.1,337.35,,339.3,,,2987149,1005580167.7,28648,F1,1,,,,,
2026-07-16,2026-07-16,CM,NSE,STK,11723,INE019A01038,JSWSTEEL,EQ,,,,,JSW STEEL LIMITED,1232.9,1233.3,1219.4,1221.0,1223.7,1226.9,,1221.0,,,1342230,1642813780.7,40347,F1,1,,,,,
2026-07-16,2026-07-16,CM,NSE,STK,3237,INE643A01035,JTEKTINDIA,EQ,,,,,JTEKT INDIA LIMITED,141.9,142.9,138.61,139.1,139.0,141.19,,139.11,,,125211,17616994.02,2278,F1,1,,,,,
2026-07-16,2026-07-16,CM,NSE,STK,7287,INE391J01032,JTLIND,EQ,,,,,JTL INDUSTRIES LIMITED,77.59,78.2,76.1,76.51,77.49,77.27,,76.51,,,714141,55014290.93,4783,F1,1,,,,,
2026-07-16,2026-07-16,CM,NSE,STK,29590,INE03CC01015,JUBLCPL,EQ,,,,,JUBILANT AGRI N CON PRO L,1982.9,2048.8,1982.8,2002.0,2000.0,1984.2,,2001.4,,,3918,7877512.4,601,F1,1,,,,,
2026-07-16,2026-07-16,CM,NSE,STK,18096,INE797F01020,JUBLFOOD,EQ,,,,,JUBILANT FOODWORKS LTD,433.0,433.0,422.5,423.15,423.0,429.05,,423.15,,,874460,372494627.4,18565,F1,1,,,,,
2026-07-16,2026-07-16,CM,NSE,STK,2783,INE0BY001018,JUBLINGREA,EQ,,,,,JUBILANT INGREVIA LIMITED,737.9,761.95,736.95,758.45,758.0,736.7,,758.4,,,448091,336552230.35,22934,F1,1,,,,,
2026-07-16,2026-07-16,CM,NSE,STK,3637,INE700A01033,JUBLPHARMA,EQ,,,,,JUBILANT PHARMOVA LTD,1030.0,1042.0,1013.5,1020.7,1023.0,1028.4,,1020.7,,,278981,286413655.05,22476,F1,1,,,,,
2026-07-16,2026-07-16,CM,NSE,STK,7109,INE412C01023,JMA,EQ,,,,,JULLUNDUR MOT AGENCY LTD,90.99,90.99,88.0,89.11,89.49,89.48,,89.11,,,1377,122840.15,68,F1,1,,,,,
2026-07-16,2026-07-16,CM,NSE,STK,22824,INE696F01016,JUNIPER,EQ,,,,,JUNIPER HOTELS LIMITED,197.4,198.98,194.09,194.97,195.9,196.36,,194.96,,,35718,6982917.63,1256,F1,1,,,,,
2026-07-16,2026-07-16,CM,NSE,STK,18553,INE682M01012,JLHL,EQ,,,,,JUPITER LIFE LINE HOSP L,1528.0,1582.9,1515.0,1554.0,1551.0,1499.8,,1554.0,,,119305,185274231.9,18785,F1,1,,,,,
2026-07-16,2026-07-16,CM,NSE,STK,20224,INE209L01016,JWL,EQ,,,,,JUPITER WAGONS LIMITED,256.0,258.35,254.1,254.9,255.15,255.75,,254.9,,,489988,125477005.6,12134,F1,1,,,,,
2026-07-16,2026-07-16,CM,NSE,STK,29962,INE599M01018,JUSTDIAL,EQ,,,,,JUSTDIAL LTD.,788.0,815.0,752.25,793.35,795.2,804.05,,793.35,,,10542032,8259038261.5,180330,F1,1,,,,,
2026-07-16,2026-07-16,CM,NSE,STK,15146,INE668F01031,JYOTHYLAB,EQ,,,,,JYOTHY LABS LIMITED,200.4,202.0,199.75,200.02,200.35,200.28,,200.02,,,243920,48899707.49,6635,F1,1,,,,,
2026-07-16,2026-07-16,CM,NSE,STK,21334,INE980O01024,JYOTICNC,EQ,,,,,JYOTI CNC AUTOMATION LTD,810.2,827.0,796.45,799.05,803.95,807.2,,799.15,,,657442,529999645.7,22294,F1,1,,,,,
2026-07-16,2026-07-16,CM,NSE,STK,1802,INE197A01024,JYOTISTRUC,EQ,,,,,JYOTI STRUCTURES LTD,11.34,11.41,11.28,11.32,11.3,11.33,,11.32,,,2539975,28760340.84,1502,F1,1,,,,,
2026-07-16,2026-07-16,CM,NSE,STK,14667,INE157H01023,KMSUGAR,EQ,,,,,K M SUGAR MILLS LTD,27.81,28.9,27.45,28.54,28.51,27.91,,28.53,,,205344,5793572.64,1299,F1,1,,,,,
2026-07-16,2026-07-16,CM,NSE,STK,27079,INE127T01021,KPEL,EQ,,,,,K.P. ENERGY LIMITED,323.5,329.0,320.6,322.0,321.75,323.5,,322.0,,,90849,29415952.5,2707,F1,1,,,,,
2026-07-16,2026-07-16,CM,NSE,STK,23462,INE0DEZ01013,K2INFRA,ST,,,,,K2 INFRAGEN LIMITED,57.65,57.65,56.25,56.6,56.25,57.8,,56.6,,,4800,273990.0,8,F1,600,,,,,
2026-07-16,2026-07-16,CM,NSE,STK,1805,INE900B01029,KABRAEXTRU,EQ,,,,,KABRA EXTRUSION TECHNIK L,324.0,332.85,317.3,330.25,332.0,324.05,,330.25,,,91035,29754340.35,3200,F1,1,,,,,
2026-07-16,2026-07-16,CM,NSE,STK,29192,INE0XOW01017,KKJEWELS,SM,,,,,KABRA JEWELS LIMITED,105.0,105.0,105.0,105.0,105.0,104.0,,105.0,,,2000,210000.0,2,F1,1000,,,,,
2026-07-16,2026-07-16,CM,NSE,STK,1808,INE217B01036,KAJARIACER,EQ,,,,,KAJARIA CERAMICS LTD,1221.0,1247.0,1213.3,1241.8,1247.0,1237.0,,1241.8,,,631532,779993008.5,28758,F1,1,,,,,
2026-07-16,2026-07-16,CM,NSE,STK,8945,INE437B01014,KAKATCEM,BE,,,,,KAKATIYA CEM SUGAR &IND L,120.99,121.0,117.29,118.11,120.0,120.39,,118.11,,,646,77268.82,22,F1,1,,,,,
2026-07-16,2026-07-16,CM,NSE,STK,758558,INE227J01012,KALPATARU,EQ,,,,,KALPATARU LIMITED,278.25,279.55,276.0,276.95,276.0,279.55,,276.95,,,36978,10250658.65,2093,F1,1,,,,,
2026-07-16,2026-07-16,CM,NSE,STK,1814,INE220B01022,KPIL,EQ,,,,,KALPATARU PROJECT INT LTD,1295.5,1322.9,1290.0,1320.1,1322.8,1297.9,,1320.1,,,128233,168308881.2,13905,F1,1,,,,,
2026-07-16,2026-07-16,CM,NSE,STK,2955,INE303R01014,KALYANKJIL,EQ,,,,,KALYAN JEWELLERS IND LTD,544.95,555.6,532.5,546.6,546.05,548.1,,546.6,,,43022984,23382965250.65,308753,F1,1,,,,,
2026-07-16,2026-07-16,CM,NSE,STK,15156,INE314G01014,KALYANIFRG,EQ,,,,,KALYANI FORGE LIMITED,624.95,624.95,608.0,614.15,608.0,623.1,,614.25,,,622,383210.75,113,F1,1,,,,,
2026-07-16,2026-07-16,CM,NSE,STK,21119,INE029L01018,KICL,EQ,,,,,KALYANI INVEST CO LTD,5490.5,5517.0,5400.0,5431.5,5440.5,5471.5,,5431.5,,,792,4305282.5,253,F1,1,,,,,
2026-07-16,2026-07-16,CM,NSE,STK,18889,INE907A01026,KSL,EQ,,,,,KALYANI STEELS LIMITED,903.45,925.45,901.0,918.2,918.0,903.1,,918.25,,,37163,34038315.6,3375,F1,1,,,,,
2026-07-16,2026-07-16,CM,NSE,STK,762732,INE411F01010,KAMAHOLD,EQ,,,,,KAMA HOLDINGS LTD.,2584.9,2696.6,2584.9,2615.8,2617.0,2551.6,,2615.2,,,16081,42132392.5,1405,F1,1,,,,,
2026-07-16,2026-07-16,CM,NSE,STK,1826,INE967C01018,KAMATHOTEL,EQ,,,,,KAMAT HOTELS (I) LTD,180.57,182.49,178.35,179.55,178.56,180.4,,179.55,,,16031,2895115.35,624,F1,1,,,,,
2026-07-16,2026-07-16,CM,NSE,STK,13461,INE390H01020,KAMDHENU,BE,,,,,KAMDHENU LIMITED,32.39,33.3,31.7,32.66,32.7,31.77,,32.66,,,967575,31436337.88,950,F1,1,,,,,
2026-07-16,2026-07-16,CM,NSE,STK,13814,INE0BTI01037,KAMOPAINTS,EQ,,,,,KAMDHENU VENTURES LIMITED,4.69,4.7,4.47,4.51,4.55,4.6,,4.51,,,654349,2982826.43,1195,F1,1,,,,,
2026-07-16,2026-07-16,CM,NSE,STK,25786,INE879E01037,KANANIIND,EQ,,,,,KANANI INDUSTRIES LTD,1.57,1.57,1.52,1.52,1.54,1.55,,1.53,,,66701,103053.62,158,F1,1,,,,,
2026-07-16,2026-07-16,CM,NSE,STK,762740,INE081G01019,KANCHI,BE,,,,,KANCHI KARPOORAM LTD.,364.0,371.4,360.1,363.6,371.0,371.85,,363.65,,,735,267365.95,37,F1,1,,,,,
2026-07-16,2026-07-16,CM,NSE,STK,11208,INE0MOT01016,KANDARP,SM,,,,,KANDARP DG SMART BPO LTD,100.0,100.0,100.0,100.0,100.0,103.75,,100.0,,,1000,100000.0,1,F1,1000,,,,,
2026-07-16,2026-07-16,CM,NSE,STK,9805,INE138C01024,KANORICHEM,BE,,,,,KANORIACHEMICALS-,125.1,136.5,125.1,135.03,135.05,130.02,,135.03,,,17797,2379904.67,177,F1,1,,,,,
2026-07-16,2026-07-16,CM,NSE,STK,1782,INE694E01014,KANPRPLA,EQ,,,,,KANPUR PLASTIPACK LIMITED,195.95,198.2,195.61,196.87,195.75,196.11,,196.88,,,3559,700585.08,150,F1,1,,,,,
2026-07-16,2026-07-16,CM,NSE,STK,1196,INE531A01024,KANSAINER,EQ,,,,,KANSAI NEROLAC PAINTS LTD,202.93,204.0,200.0,200.9,201.7,202.93,,200.9,,,51547,10416977.44,2695,F1,1,,,,,
2026-07-16,2026-07-16,CM,NSE,STK,18967,INE542Z01028,KAPSTON,EQ,,,,,KAPSTON SERVICES LIMITED,418.9,423.0,416.0,420.2,423.0,415.55,,420.2,,,16943,7117722.3,975,F1,1,,,,,
2026-07-16,2026-07-16,CM,NSE,STK,24385,INE725L01011,KARMAENG,EQ,,,,,KARMA ENERGY LIMITED,38.49,39.15,37.07,37.5,38.0,37.99,,37.5,,,4104,154998.81,139,F1,1,,,,,
2026-07-16,2026-07-16,CM,NSE,STK,8054,INE614B01018,KTKBANK,EQ,,,,,KARNATAKA BANK LIMITED,275.35,279.9,272.05,273.55,272.05,274.95,,273.55,,,1007231,277360168.85,23371,F1,1,,,,,
2026-07-16,2026-07-16,CM,NSE,STK,19465,INE0MGA01012,KARNIKA,SM,,,,,KARNIKA INDUSTRIES LTD,127.5,128.4,124.6,125.8,124.6,125.3,,125.8,,,57000,7235550.0,53,F1,1000,,,,,
2026-07-16,2026-07-16,CM,NSE,STK,1838,INE036D01028,KARURVYSYA,EQ,,,,,KARUR VYSYA BANK LTD,307.0,309.7,303.5,304.15,304.2,305.4,,304.15,,,1481899,453161438.4,28768,F1,1,,,,,
2026-07-16,2026-07-16,CM,NSE,STK,24528,INE0SVY01018,KATARIA,SM,,,,,KATARIA INDUSTRIES LTD,99.9,101.45,99.1,99.45,99.95,98.0,,99.45,,,7800,778590.0,8,F1,600,,,,,
2026-07-16,2026-07-16,CM,NSE,STK,15140,INE234I01028,KAUSHALYA,BE,,,,,KAUSHALYA INFRA DEV LTD.,945.45,962.9,903.0,931.3,939.8,940.75,,928.5,,,860,802565.95,98,F1,1,,,,,
2026-07-16,2026-07-16,CM,NSE,STK,21186,INE0Q2V01012,KLL,SM,,,,,KAUSHALYA LOGISTICS LTD,28.4,30.85,27.75,29.5,29.5,27.85,,29.5,,,31200,902600.0,36,F1,800,,,,,
2026-07-16,2026-07-16,CM,NSE,STK,14972,INE455I01029,KSCL,EQ,,,,,KAVERI SEED CO. LTD.,845.55,855.8,832.75,834.3,836.0,845.55,,834.3,,,53417,44857198.9,3339,F1,1,,,,,
2026-07-16,2026-07-16,CM,NSE,STK,15244,INE641C01019,KAVDEFENCE,EQ,,,,,KAVVERI DFS & WIR TEC LTD,59.86,61.6,58.75,59.18,59.5,59.86,,59.12,,,88424,5271636.99,1038,F1,1,,,,,
2026-07-16,2026-07-16,CM,NSE,STK,21185,INE0RCG01017,KCEIL,ST,,,,,KAY CEE ENERGY & INFRA L,89.85,94.3,89.85,93.85,94.3,89.85,,93.85,,,22500,2100125.0,35,F1,500,,,,,
2026-07-16,2026-07-16,CM,NSE,STK,10276,INE587G01015,KAYA,EQ,,,,,KAYA LIMITED,239.04,244.99,238.0,242.95,242.0,239.04,,242.95,,,15697,3794550.27,768,F1,1,,,,,
2026-07-16,2026-07-16,CM,NSE,STK,12092,INE918Z01012,KAYNES,EQ,,,,,KAYNES TECHNOLOGY IND LTD,3369.7,3478.4,3362.3,3438.8,3438.0,3337.2,,3438.8,,,1748955,5998073371.4,99903,F1,1,,,,,
2026-07-16,2026-07-16,CM,NSE,STK,758868,INE13ZD01013,KAYTEX,SM,,,,,KAYTEX FABRICS LIMITED,61.0,62.05,58.5,59.2,58.5,60.6,,59.2,,,12000,721080.0,14,F1,800,,,,,
2026-07-16,2026-07-16,CM,NSE,STK,10293,INE0J1E01027,KCK,SM,,,,,KCK INDUSTRIES LTD,16.5,16.5,15.85,15.9,15.9,15.95,,15.9,,,557500,8934375.0,120,F1,2500,,,,,
2026-07-16,2026-07-16,CM,NSE,STK,1841,INE805C01028,KCP,EQ,,,,,KCP LTD,171.02,172.94,168.03,169.12,168.03,171.23,,169.16,,,72053,12278914.59,1214,F1,1,,,,,
2026-07-16,2026-07-16,CM,NSE,STK,4809,INE790B01024,KCPSUGIND,EQ,,,,,KCP SUGAR IND CORP LTD.,21.79,22.0,21.71,21.75,21.81,21.7,,21.75,,,55090,1202864.34,238,F1,1,,,,,
2026-07-16,2026-07-16,CM,NSE,STK,14908,INE291D01011,KDDL,EQ,,,,,KDDL LIMITED,3221.0,3305.2,3220.1,3257.1,3260.0,3227.9,,3256.6,,,13240,43239715.2,2833,F1,1,,,,,
2026-07-16,2026-07-16,CM,NSE,STK,13260,INE389H01022,KEC,EQ,,,,,KEC INTL. LIMITED,510.9,510.9,497.0,498.15,498.3,507.5,,498.15,,,859898,429669197.55,20511,F1,1,,,,,
2026-07-16,2026-07-16,CM,NSE,STK,13310,INE878B01027,KEI,EQ,,,,,KEI INDUSTRIES LTD.,5131.5,5146.0,5027.5,5075.5,5065.0,5092.5,,5075.5,,,309292,1572358655.5,39503,F1,1,,,,,
2026-07-16,2026-07-16,CM,NSE,STK,13430,INE164B01030,KELLTONTEC,EQ,,,,,KELLTON TECH SOL LTD,15.15,15.24,14.87,14.92,15.0,14.93,,14.92,,,844129,12647399.23,1928,F1,1,,,,,
2026-07-16,2026-07-16,CM,NSE,STK,29547,INE15DO01012,KEN,SM,,,,,KEN ENTERPRISES LIMITED,33.9,33.9,33.4,33.7,33.7,34.05,,33.7,,,7200,242520.0,6,F1,1200,,,,,
2026-07-16,2026-07-16,CM,NSE,STK,11841,INE717A01029,KENNAMET,EQ,,,,,KENNAMETAL INDIA LIMITED,2848.8,2864.0,2759.5,2784.0,2759.9,2848.8,,2784.2,,,24117,67611434.6,2013,F1,1,,,,,
2026-07-16,2026-07-16,CM,NSE,STK,13121,INE202H01019,KERNEX,EQ,,,,,KERNEX MICROSYS(I) LTD,2200.0,2200.0,2089.4,2105.0,2124.0,2195.1,,2105.1,,,154794,328587631.6,12087,F1,1,,,,,
2026-07-16,2026-07-16,CM,NSE,STK,4981,INE087A01019,KESORAMIND,BE,,,,,KESORAM INDUSTRIES LTD,11.19,11.19,11.19,11.19,11.19,10.98,,11.22,,,263600,2949684.0,103,F1,1,,,,,
2026-07-16,2026-07-16,CM,NSE,STK,13381,INE401H01017,KKCL,EQ,,,,,KEWAL KIRAN CLOTHING LTD,499.45,509.9,494.2,504.4,500.55,501.4,,504.4,,,19777,9892007.2,1273,F1,1,,,,,
2026-07-16,2026-07-16,CM,NSE,STK,4157,INE681C01015,KEYFINSERV,EQ,,,,,KEYNOTE FIN SERV LTD.,268.81,268.81,259.54,266.14,266.99,265.99,,265.47,,,195,51732.46,28,F1,1,,,,,
2026-07-16,2026-07-16,CM,NSE,STK,12219,INE263M01029,RUSTOMJEE,EQ,,,,,KEYSTONE REALTORS LIMITED,416.4,419.75,410.4,414.55,419.0,416.4,,414.6,,,23608,9782960.2,1518,F1,1,,,,,
2026-07-16,2026-07-16,CM,NSE,STK,13359,INE138Y01010,KFINTECH,EQ,,,,,KFIN TECHNOLOGIES LIMITED,897.6,903.6,869.7,871.15,873.0,893.95,,871.15,,,1559439,1370732356.05,37457,F1,1,,,,,
2026-07-16,2026-07-16,CM,NSE,STK,433,INE834I01025,KHADIM,BE,,,,,KHADIM INDIA LIMITED,96.88,97.48,92.11,94.52,94.05,96.59,,94.54,,,81600,7722905.43,940,F1,1,,,,,
2026-07-16,2026-07-16,CM,NSE,STK,9582,INE731C01018,KHAITANLTD,BE,,,,,KHAITAN (INDIA)LTD.,128.0,130.19,124.0,129.63,129.75,130.0,,129.63,,,2255,282469.45,42,F1,1,,,,,
2026-07-16,2026-07-16,CM,NSE,STK,902,INE745B01028,KHAICHEM,BE,,,,,KHAITAN CHEM & FERT LTD,48.5,49.48,47.71,48.03,48.0,48.3,,48.04,,,108759,5273340.39,572,F1,1,,,,,
2026-07-16,2026-07-16,CM,NSE,STK,9641,INE060B01014,KHANDSE,EQ,,,,,KHANDWALA SECURITIES LTD,17.5,17.5,17.25,17.25,17.25,17.0,,17.25,,,738,12736.1,7,F1,1,,,,,
2026-07-16,2026-07-16,CM,NSE,STK,9570,INE00UG01014,KHFM,SM,,,,,KHFM HOS FAC MANA SER LTD,49.5,49.5,48.5,48.75,49.4,50.3,,48.75,,,10850,529945.0,4,F1,1550,,,,,
2026-07-16,2026-07-16,CM,NSE,STK,762747,INE338F01015,KLBRENG-B,EQ,,,,,KILBURN ENGINEERING LTD.,450.0,454.7,443.6,447.4,447.5,452.4,,447.4,,,131557,58919563.75,3580,F1,1,,,,,
2026-07-16,2026-07-16,CM,NSE,STK,19941,INE729D01010,KILITCH,BE,,,,,KILITCH DRUGS INDIA LTD,183.0,184.7,177.6,182.75,183.0,180.44,,182.51,,,18698,3417485.13,172,F1,1,,,,,
2026-07-16,2026-07-16,CM,NSE,STK,18944,INE473D01015,KINGFA,EQ,,,,,KINGFA SCI & TEC IND LTD.,5057.5,5145.0,4978.0,5106.5,5101.0,5074.5,,5105.5,,,2193,11166078.5,859,F1,1,,,,,
2026-07-16,2026-07-16,CM,NSE,STK,19126,INE880L01014,KIOCL,EQ,,,,,KIOCL LIMITED,379.3,380.7,375.05,375.65,376.95,378.8,,375.6,,,44098,16642900.25,1791,F1,1,,,,,
2026-07-16,2026-07-16,CM,NSE,STK,762742,INE555P01013,KIRANVYPAR,EQ,,,,,KIRAN VYAPAR LTD.,188.45,190.0,181.0,184.02,186.0,188.4,,185.41,,,770,144647.62,24,F1,1,,,,,
2026-07-16,2026-07-16,CM,NSE,STK,16639,INE415I01015,KIRIINDUS,EQ,,,,,KIRI INDUSTRIES LIMITED,396.3,399.85,394.25,397.25,398.8,396.8,,397.25,,,168915,67043718.7,2505,F1,1,,,,,
2026-07-16,2026-07-16,CM,NSE,STK,18581,INE732A01036,KIRLOSBROS,EQ,,,,,KIRLOSKAR BROTHERS LTD,1925.0,1927.0,1865.1,1871.0,1872.0,1925.5,,1871.1,,,83942,157910456.7,12807,F1,1,,,,,
2026-07-16,2026-07-16,CM,NSE,STK,18224,INE134B01017,KECL,BE,,,,,KIRLOSKAR ELECTRIC CO LTD,117.99,121.52,117.2,121.51,121.52,115.74,,121.63,,,239546,28963423.99,1016,F1,1,,,,,
2026-07-16,2026-07-16,CM,NSE,STK,14466,INE884B01025,KIRLFER,EQ,,,,,KIRLOSKAR FERROUS IND LTD,460.55,474.9,455.85,470.4,473.65,460.55,,470.35,,,74752,35007901.3,5234,F1,1,,,,,
2026-07-16,2026-07-16,CM,NSE,STK,19025,INE250A01039,KIRLOSIND,EQ,,,,,KIRLOSKAR INDUSTRIES LTD,3928.0,3975.8,3900.0,3936.5,3921.8,3956.4,,3935.6,,,6553,25803152.0,1573,F1,1,,,,,
2026-07-16,2026-07-16,CM,NSE,STK,20936,INE146L01010,KIRLOSENG,EQ,,,,,KIRLOSKAR OIL ENG LTD,2431.0,2440.0,2353.0,2396.1,2353.0,2414.2,,2396.0,,,214809,512796710.1,19645,F1,1,,,,,
2026-07-16,2026-07-16,CM,NSE,STK,15180,INE811A01020,KIRLPNU,EQ,,,,,KIRLOSKAR PNEUMATIC COM L,1761.7,1788.8,1728.0,1740.3,1743.0,1761.7,,1740.4,,,131157,228879573.9,20433,F1,1,,,,,
2026-07-16,2026-07-16,CM,NSE,STK,28899,INE602G01020,KITEX,EQ,,,,,KITEX GARMENTS LTD,151.2,154.3,151.0,151.66,151.2,151.64,,151.66,,,311591,47290375.45,3503,F1,1,,,,,
2026-07-16,2026-07-16,CM,NSE,STK,760923,INE0KNW01016,KNAGRI,EQ,,,,,KN AGRI RESOURCES LIMITED,197.95,200.0,197.42,198.69,199.85,195.37,,198.69,,,5776,1145413.4,171,F1,1,,,,,
2026-07-16,2026-07-16,CM,NSE,STK,763839,INE17QZ01016,KNACK,EQ,,,,,KNACK PACKAGING LIMITED,205.0,205.89,193.05,194.42,194.49,202.11,,194.42,,,1842407,365484729.11,17366,F1,1,,,,,
2026-07-16,2026-07-16,CM,NSE,STK,27084,INE0CJD01029,KMEW,EQ,,,,,KNOWLEDGE MARINE & EN W L,2480.0,2496.3,2403.7,2431.3,2423.0,2448.5,,2431.4,,,63648,155798210.5,9621,F1,1,,,,,
2026-07-16,2026-07-16,CM,NSE,STK,758431,INE1JAR25012,KRT,RR,,,,,KNOWLEDGE REALTY TRUST,116.78,116.78,115.6,115.85,115.81,116.54,,115.85,,,90210,10459039.96,2534,F1,1,,,,,
2026-07-16,2026-07-16,CM,NSE,STK,15283,INE634I01029,KNRCON,EQ,,,,,KNR CONSTRU LTD.,124.0,125.81,123.5,124.37,124.0,123.82,,124.34,,,475812,59150193.63,6494,F1,1,,,,,
2026-07-16,2026-07-16,CM,NSE,STK,18751,INE0Q7P01013,KODYTECH,SM,,,,,KODY TECHNOLAB LIMITED,1295.0,1306.0,1260.05,1278.95,1277.0,1287.45,,1278.95,,,12900,16537530.0,111,F1,100,,,,,
2026-07-16,2026-07-16,CM,NSE,STK,3009,INE080B01012,KOHINOOR,EQ,,,,,KOHINOOR FOODS LIMITED,24.07,24.48,23.95,24.14,24.18,24.15,,24.14,,,74829,1806453.33,1519,F1,1,,,,,
2026-07-16,2026-07-16,CM,NSE,STK,16827,INE760A01029,KOKUYOCMLN,EQ,,,,,KOKUYO CAMLIN LIMITED,86.92,87.3,85.25,85.57,85.64,86.48,,85.57,,,33168,2861078.75,371,F1,1,,,,,
2026-07-16,2026-07-16,CM,NSE,STK,15124,INE094I01018,KOLTEPATIL,EQ,,,,,KOLTE PATIL DEV. LTD.,387.4,393.3,382.1,384.1,384.65,387.35,,384.1,,,69322,26959826.8,3526,F1,1,,,,,
2026-07-16,2026-07-16,CM,NSE,STK,22475,INE0QEI01011,KONSTELEC,ST,,,,,KONSTELEC ENGINEERS LTD,67.85,67.85,67.85,67.85,67.85,64.65,,67.85,,,54000,3663900.0,44,F1,1000,,,,,
2026-07-16,2026-07-16,CM,NSE,STK,4951,INE082A01010,KOPRAN,BE,,,,,KOPRAN LTD,207.5,210.0,200.0,203.62,205.0,204.0,,203.68,,,114409,23492471.41,735,F1,1,,,,,
2026-07-16,2026-07-16,CM,NSE,STK,16758,INE0O4R01018,KDL,SM,,,,,KORE DIGITAL LIMITED,121.45,121.45,111.5,113.85,114.0,117.3,,113.85,,,36750,4182682.5,136,F1,150,,,,,
2026-07-16,2026-07-16,CM,NSE,STK,14858,INF174KA1HJ8,GOLD1,EQ,,,,,KOTAK GOLD ETF,117.52,118.09,117.16,117.54,117.58,117.54,,117.54,,,589894,69316414.3,5843,F1,1,,,,,
2026-07-16,2026-07-16,CM,NSE,STK,1922,INE237A01036,KOTAKBANK,EQ,,,,,KOTAK MAHINDRA BANK LTD,377.5,381.25,376.55,377.15,376.7,378.4,,377.15,,,10889356,4123429986.9,121454,F1,1,,,,,
2026-07-16,2026-07-16,CM,NSE,STK,18102,INF174K014P6,NIFTY1,EQ,,,,,KOTAK NIFTY ETF,273.32,273.32,266.56,267.4,267.33,266.66,,267.4,,,319790,85534133.81,969,F1,1,,,,,
2026-07-16,2026-07-16,CM,NSE,STK,15061,INF174KA1A86,PSUBANK,EQ,,,,,KOTAK PSU BANK,84.28,84.3,83.26,83.8,83.81,83.9,,83.8,,,1253733,105067055.43,433,F1,1,,,,,
2026-07-16,2026-07-16,CM,NSE,STK,759885,INF174KA1XV0,CHEMICAL,EQ,,,,,KOTAKMAMC - CHEMICAL,29.95,30.45,29.95,30.38,30.41,29.94,,30.38,,,2440693,74138478.44,1122,F1,1,,,,,
2026-07-16,2026-07-16,CM,NSE,STK,7412,INF174KA1IA5,ALPHA,EQ,,,,,KOTAKMAMC - KOTAKALPHA,52.05,52.3,51.57,51.78,51.75,51.93,,51.76,,,555313,28763579.03,1907,F1,1,,,,,
2026-07-16,2026-07-16,CM,NSE,STK,10512,INF174KA1ZF8,CONS,EQ,,,,,KOTAKMAMC - KOTAKCONS,12.09,12.09,11.97,12.0,12.01,11.98,,12.0,,,10966,131878.22,92,F1,1,,,,,
2026-07-16,2026-07-16,CM,NSE,STK,2627,INF174KA1GC5,IT,EQ,,,,,KOTAKMAMC - KOTAKIT,31.96,32.76,31.73,31.88,31.89,31.64,,31.88,,,366900,11761042.94,1021,F1,1,,,,,
2026-07-16,2026-07-16,CM,NSE,STK,13950,INF174KA1LV5,LIQUID1,EQ,,,,,KOTAKMAMC - KOTAKLIQ,1114.0,1114.0,1111.13,1113.68,1113.67,1113.52,,1113.68,,,285335,317768730.6,420,F1,1,,,,,
2026-07-16,2026-07-16,CM,NSE,STK,8632,INF174KA1IY5,LOWVOL1,EQ,,,,,KOTAKMAMC - KOTAKLOVOL,21.13,21.13,21.0,21.03,21.06,21.16,,21.03,,,299320,6313971.58,127,F1,1,,,,,
2026-07-16,2026-07-16,CM,NSE,STK,8077,INF174KA1ZC5,MIDCAP,EQ,,,,,KOTAKMAMC - KOTAKMID50,18.42,18.57,18.33,18.37,18.41,18.42,,18.37,,,1310994,24175054.19,755,F1,1,,,,,
2026-07-16,2026-07-16,CM,NSE,STK,10676,INF174KA1JF2,MNC,EQ,,,,,KOTAKMAMC - KOTAKMNC,33.38,33.74,33.34,33.49,33.5,33.28,,33.49,,,26794,897517.29,210,F1,1,,,,,
2026-07-16,2026-07-16,CM,NSE,STK,13082,INF174KA1ZD3,SILVER1,EQ,,,,,KOTAKMAMC - KOTAKSILVE,21.7,21.7,20.78,20.99,21.03,21.18,,20.99,,,3548739,74520268.57,3930,F1,1,,,,,
2026-07-16,2026-07-16,CM,NSE,STK,11457,INF174KA1ZE1,NV20,EQ,,,,,KOTAKMAMC - KTKNV20ETF,14.18,14.18,14.04,14.05,14.08,14.05,,14.05,,,45481,641078.4,152,F1,1,,,,,
2026-07-16,2026-07-16,CM,NSE,STK,30469,INF174KA1VW2,MID150,EQ,,,,,KOTAKMAMC - MID150,23.73,23.73,23.4,23.45,23.46,23.45,,23.45,,,30743,721577.12,145,F1,1,,,,,
2026-07-16,2026-07-16,CM,NSE,STK,759488,INF174KA1XS6,MOMENTUM30,EQ,,,,,KOTAKMAMC - MOMENTUM30,30.56,30.78,30.41,30.58,30.63,30.52,,30.58,,,6987,213504.25,55,F1,1,,,,,
2026-07-16,2026-07-16,CM,NSE,STK,29758,INF174KA1VD2,MSCIINDIA,EQ,,,,,KOTAKMAMC - MSCIINDIA,29.89,29.97,29.62,29.74,29.88,29.78,,29.74,,,6361,190016.73,67,F1,1,,,,,
2026-07-16,2026-07-16,CM,NSE,STK,760709,INF174KA1YO3,NEXT50ETF,EQ,,,,,KOTAKMAMC - NEXT50ETF,72.94,72.95,72.07,72.25,72.41,72.58,,72.25,,,5635,409037.81,90,F1,1,,,,,
2026-07-16,2026-07-16,CM,NSE,STK,29944,INF174KA1UW4,NIFTY100EW,EQ,,,,,KOTAKMAMC - NIFTY100EW,35.5,35.5,34.6,34.69,34.73,34.8,,34.69,,,183764,6397918.89,175,F1,1,,,,,
2026-07-16,2026-07-16,CM,NSE,STK,757946,INF174KA1WT6,QUALITY30,EQ,,,,,KOTAKMAMC - QUALITY30,20.39,20.46,20.33,20.34,20.34,20.2,,20.34,,,16242,330640.03,26,F1,1,,,,,
2026-07-16,2026-07-16,CM,NSE,STK,5851,INF174KA1ZB7,BANKNIFTY1,EQ,,,,,KOTAKMAMC-KOTAKBKETF,60.03,60.17,59.62,59.85,59.88,60.03,,59.85,,,440771,26363884.87,938,F1,1,,,,,
2026-07-16,2026-07-16,CM,NSE,STK,762752,INE972A01020,KOTIC,EQ,,,,,KOTHARI INDUSTRIAL CORP L,177.19,180.95,176.01,177.16,177.0,177.06,,177.12,,,10182,1813368.96,402,F1,1,,,,,
2026-07-16,2026-07-16,CM,NSE,STK,4594,INE720A01015,KOTHARIPET,EQ,,,,,KOTHARI PETROCHEM LTD,130.86,132.0,129.6,130.34,130.05,131.3,,130.34,,,32163,4199685.97,838,F1,1,,,,,
2026-07-16,2026-07-16,CM,NSE,STK,5528,INE823A01017,KOTHARIPRO,EQ,,,,,KOTHARI PRODUCTS LTD,68.22,69.12,67.87,68.54,68.25,67.87,,68.53,,,13259,908684.29,89,F1,1,,,,,
2026-07-16,2026-07-16,CM,NSE,STK,11647,INE419A01022,KOTARISUG,EQ,,,,,KOTHARI SUG & CHEM LTD.,25.58,26.27,25.17,25.2,25.17,25.44,,25.2,,,21757,552122.72,197,F1,1,,,,,
2026-07-16,2026-07-16,CM,NSE,STK,761337,INE0J0B01017,KOTYARK,BE,,,,,KOTYARK INDUSTRIES LTD,34.8,35.79,33.51,34.86,34.79,34.47,,35.01,,,60119,2090253.17,304,F1,1,,,,,
2026-07-16,2026-07-16,CM,NSE,STK,5192,INE177F01017,KOVAI,EQ,,,,,KOVAI MEDICAL CENTER & HO,6019.5,6035.0,5876.0,5949.0,5985.0,5986.0,,5950.0,,,4358,26060609.5,1511,F1,1,,,,,
2026-07-16,2026-07-16,CM,NSE,STK,5108,INE542W01025,KPIGREEN,EQ,,,,,KPI GREEN ENERGY LIMITED,408.15,419.9,406.2,406.85,407.3,404.8,,406.85,,,783390,323131219.9,26191,F1,1,,,,,
2026-07-16,2026-07-16,CM,NSE,STK,9683,INE04I401011,KPITTECH,EQ,,,,,KPIT TECHNOLOGIES LIMITED,554.95,562.7,550.0,551.35,550.55,551.6,,551.35,,,1575224,871992766.9,31653,F1,1,,,,,
2026-07-16,2026-07-16,CM,NSE,STK,14912,INE930H01031,KPRMILL,EQ,,,,,KPR MILL LTD.,1146.0,1146.0,1115.4,1131.7,1127.5,1139.8,,1131.7,,,207103,233716511.1,20036,F1,1,,,,,
2026-07-16,2026-07-16,CM,NSE,STK,10577,INE001B01026,KRBL,EQ,,,,,KRBL LIMITED,359.1,363.0,355.85,359.05,360.0,359.1,,359.05,,,185259,66640809.35,6673,F1,1,,,,,
2026-07-16,2026-07-16,CM,NSE,STK,1937,INE268B01013,KREBSBIO,EQ,,,,,KREBS BIOCHEMICALS & IND,54.66,54.94,52.15,52.97,53.0,55.12,,53.01,,,25177,1339184.17,457,F1,1,,,,,
2026-07-16,2026-07-16,CM,NSE,STK,11488,INE524L01026,KRIDHANINF,BE,,,,,KRIDHAN INFRA LIMITED,2.82,2.82,2.58,2.6,2.61,2.71,,2.6,,,123384,322502.82,91,F1,1,,,,,
2026-07-16,2026-07-16,CM,NSE,STK,12847,INE506W01020,KRISHANA,EQ,,,,,KRISHANA PHOSCHEM LIMITED,137.0,141.05,134.0,140.25,140.7,137.4,,140.25,,,874176,120484847.4,5735,F1,1,,,,,
2026-07-16,2026-07-16,CM,NSE,STK,16133,INE0NR701018,KRISHCA,SM,,,,,KRISHCA STRAPPING SLTN L,175.1,176.9,170.0,171.6,174.0,174.9,,171.6,,,9000,1563200.0,16,F1,500,,,,,
2026-07-16,2026-07-16,CM,NSE,STK,756782,INE0GGO01015,KRISHIVAL,EQ,,,,,KRISHIVAL FOODS LIMITED,400.0,400.1,398.25,398.75,398.3,399.65,,398.8,,,1908,761806.7,116,F1,1,,,,,
2026-07-16,2026-07-16,CM,NSE,STK,761192,INE0J5601015,KRISHNADEF,EQ,,,,,KRISHNA DEF AND ALD IND L,1289.6,1318.0,1281.8,1297.9,1301.7,1289.6,,1297.9,,,53472,69374300.0,4873,F1,1,,,,,
2026-07-16,2026-07-16,CM,NSE,STK,4847,INE967H01025,KIMS,EQ,,,,,KRISHNA INST OF MED SCI L,808.05,810.95,796.15,802.95,802.0,807.95,,802.95,,,202602,162409918.25,20520,F1,1,,,,,
2026-07-16,2026-07-16,CM,NSE,STK,6420,INE479D01038,KRITI,BE,,,,,KRITI INDUSTRIES IND LTD,68.79,68.79,66.11,67.17,67.99,67.78,,67.17,,,2952,198782.75,67,F1,1,,,,,
2026-07-16,2026-07-16,CM,NSE,STK,11440,INE798K01010,KRITINUT,BE,,,,,KRITI NUTRIENTS LIMITED,78.49,79.9,77.15,77.78,77.16,78.49,,77.78,,,4400,344088.03,50,F1,1,,,,,
2026-07-16,2026-07-16,CM,NSE,STK,9288,INE00Z501029,KRITIKA,EQ,,,,,KRITIKA WIRES LIMITED,5.63,5.79,5.5,5.61,5.65,5.65,,5.61,,,79478,446527.04,317,F1,1,,,,,
2026-07-16,2026-07-16,CM,NSE,STK,760627,INE1MTV01019,KRMAYURVED,ST,,,,,KRM AYURVEDA LIMITED,249.8,249.8,242.55,242.7,242.7,245.1,,242.7,,,24000,5875400.0,20,F1,1000,,,,,
2026-07-16,2026-07-16,CM,NSE,STK,25645,INE0Q3J01015,KRN,BE,,,,,KRN HEAT EXCHANGE N REF L,1285.5,1319.0,1263.9,1290.6,1293.7,1285.5,,1290.3,,,146855,190438971.2,9233,F1,1,,,,,
2026-07-16,2026-07-16,CM,NSE,STK,24025,INE0ATZ01017,KRONOX,EQ,,,,,KRONOX LAB SCIENCES LTD,153.3,153.9,149.35,150.45,150.79,153.32,,150.45,,,170356,25921142.43,3127,F1,1,,,,,
2026-07-16,2026-07-16,CM,NSE,STK,25252,INE0O6601022,KROSS,EQ,,,,,KROSS LIMITED,186.45,188.49,185.39,187.27,187.3,186.21,,187.28,,,278599,52060748.75,2461,F1,1,,,,,
2026-07-16,2026-07-16,CM,NSE,STK,5359,INE08LI01020,KRSNAA,EQ,,,,,KRSNAA DIAGNOSTICS LTD,549.05,558.2,545.0,546.85,548.7,549.05,,546.85,,,18406,10074240.9,1501,F1,1,,,,,
2026-07-16,2026-07-16,CM,NSE,STK,23175,INE0QN801017,KRYSTAL,EQ,,,,,KRYSTAL INTEGRATED SER L,604.7,604.7,600.0,600.25,601.8,600.5,,600.25,,,6318,3797153.7,247,F1,1,,,,,
2026-07-16,2026-07-16,CM,NSE,STK,1949,INE999A01023,KSB,EQ,,,,,KSB LIMITED,917.0,920.3,905.0,913.1,918.0,917.75,,913.1,,,46296,42231079.05,6335,F1,1,,,,,
2026-07-16,2026-07-16,CM,NSE,STK,760433,INE987S01020,KSHINTL,EQ,,,,,KSH INTERNATIONAL LIMITED,888.15,930.0,868.95,903.3,914.85,882.05,,903.65,,,708589,642096861.8,38195,F1,1,,,,,
2026-07-16,2026-07-16,CM,NSE,STK,10412,INE013801027,KSHITIJPOL,BE,,,,,KSHITIJ POLYLINE LIMITED,2.64,2.7,2.62,2.62,2.62,2.75,,2.62,,,1424599,3743121.41,1384,F1,1,,,,,
2026-07-16,2026-07-16,CM,NSE,STK,11060,INE0D6I01023,KSOLVES,EQ,,,,,KSOLVES INDIA LIMITED,319.0,320.9,297.0,298.55,300.0,316.65,,298.6,,,251754,77645116.3,10195,F1,1,,,,,
2026-07-16,2026-07-16,CM,NSE,STK,759987,INE1SPP01016,KSR,EQ,,,,,KSR FOOTWEAR LIMITED,30.5,30.5,28.6,29.76,29.98,29.07,,29.68,,,5175,154126.84,309,F1,1,,,,,
2026-07-16,2026-07-16,CM,NSE,STK,13870,INE529I01021,KUANTUM,EQ,,,,,KUANTUM PAPERS LIMITED,76.75,77.21,75.95,76.37,76.33,76.53,,76.37,,,19879,1520046.03,419,F1,1,,,,,
2026-07-16,2026-07-16,CM,NSE,STK,18708,INE0OWX01025,KEL,SM,,,,,KUNDAN EDIFICE LIMITED,75.2,75.2,75.2,75.2,75.2,79.4,,75.2,,,1200,90240.0,1,F1,1200,,,,,
2026-07-16,2026-07-16,CM,NSE,STK,764116,INE0ISX01025,KUSUMGAR,EQ,,,,,KUSUMGAR LIMITED,618.0,629.2,585.1,588.7,588.85,602.8,,588.7,,,4352403,2646492338.55,91670,F1,1,,,,,
2026-07-16,2026-07-16,CM,NSE,STK,762757,INE552U01010,KPL,EQ,,,,,KWALITY PHARMACEUTICALS L,2738.9,2845.0,2712.4,2816.9,2835.0,2706.5,,2814.6,,,39641,111068650.4,6905,F1,1,,,,,
2026-07-16,2026-07-16,CM,NSE,STK,760946,INE2KCE01013,KWIL,EQ,,,,,KWALITY WALL'S (INDIA) L,33.1,33.1,32.0,32.64,32.67,32.88,,32.64,,,5962842,194212642.17,16920,F1,1,,,,,
2026-07-16,2026-07-16,CM,NSE,STK,24948,INE498L01015,LTF,EQ,,,,,L&T FINANCE LIMITED,312.7,314.7,308.8,309.55,310.1,312.4,,309.55,,,3272406,1018530632.3,36231,F1,1,,,,,
2026-07-16,2026-07-16,CM,NSE,STK,18564,INE010V01017,LTTS,EQ,,,,,L&T TECHNOLOGY SER. LTD.,3532.2,3667.9,3454.6,3480.2,3476.2,3508.3,,3480.2,,,510347,1821016971.1,52023,F1,1,,,,,
2026-07-16,2026-07-16,CM,NSE,STK,14423,INE059D01020,LAOPALA,EQ,,,,,LA OPALA RG LIMITED,188.95,192.25,185.82,189.58,189.98,187.28,,189.58,,,776813,147780986.6,10047,F1,1,,,,,
2026-07-16,2026-07-16,CM,NSE,STK,5865,INE548Z01017,LAGNAM,EQ,,,,,LAGNAM SPINTEX LIMITED,81.0,95.9,79.0,85.08,85.0,81.56,,85.08,,,80935,7175672.59,910,F1,1,,,,,
2026-07-16,2026-07-16,CM,NSE,STK,762762,INE515C01023,LAHOTIOV,EQ,,,,,LAHOTI OVERSEAS LTD.,42.44,43.95,42.21,43.7,43.7,42.43,,43.14,,,3244,138719.59,38,F1,1,,,,,
2026-07-16,2026-07-16,CM,NSE,STK,7902,INE850E01012,LFIC,EQ,,,,,LAKSHMI FIN IND CORP LTD,142.8,146.99,142.8,143.87,143.02,142.0,,143.87,,,820,118785.19,43,F1,1,,,,,
2026-07-16,2026-07-16,CM,NSE,STK,4774,INE651C01018,LAKPRE,BZ,,,,,LAKSHMI PRE SCRE LTD,5.03,5.28,5.0,5.02,5.02,5.03,,5.02,,,1124,5711.54,7,F1,1,,,,,
2026-07-16,2026-07-16,CM,NSE,STK,25863,INE0VZS01015,LAKSHYA,ST,,,,,LAKSHYA POWERTECH LIMITED,107.0,107.0,104.0,105.0,105.0,105.95,,105.0,,,4000,422280.0,5,F1,800,,,,,
2026-07-16,2026-07-16,CM,NSE,STK,6407,INE112F01022,LAMBODHARA,EQ,,,,,LAMBODHARA TEXTILES LTD.,114.0,122.75,114.0,117.5,116.6,114.65,,117.56,,,74864,8934187.32,1381,F1,1,,,,,
2026-07-16,2026-07-16,CM,NSE,STK,27225,INE0R0201012,LAMOSAIC,ST,,,,,LAMOSAIC INDIA LIMITED,48.45,48.9,46.0,47.75,47.5,47.3,,47.75,,,38400,1827480.0,31,F1,600,,,,,
2026-07-16,2026-07-16,CM,NSE,STK,23027,INE572G01025,LANCORHOL,EQ,,,,,LANCOR HOLDINGS LIMITED,27.16,27.16,26.23,26.39,26.25,27.17,,26.39,,,49162,1304259.7,705,F1,1,,,,,
2026-07-16,2026-07-16,CM,NSE,STK,13276,INE559R01029,LANDMARK,EQ,,,,,LANDMARK CARS LIMITED,510.5,529.75,487.5,499.7,506.0,514.25,,499.65,,,4436981,2250836195.4,74716,F1,1,,,,,
2026-07-16,2026-07-16,CM,NSE,STK,16863,INE197J01017,LPDC,EQ,,,,,LANDMARK PR.DEV.CO.LTD,6.5,6.58,6.45,6.45,6.55,6.5,,6.45,,,15537,100591.0,57,F1,1,,,,,
2026-07-16,2026-07-16,CM,NSE,STK,17376,INE688J01023,LANDSMILL,EQ,,,,,LANDSMILL GREEN LIMITED,0.77,0.77,0.75,0.75,0.76,0.75,,0.75,,,1538704,1165901.65,634,F1,1,,,,,
2026-07-16,2026-07-16,CM,NSE,STK,11483,INE018A01030,LT,EQ,,,,,LARSEN & TOUBRO LTD.,3795.0,3802.0,3762.3,3775.6,3779.8,3783.9,,3775.6,,,2936753,11091094304.9,249543,F1,1,,,,,
2026-07-16,2026-07-16,CM,NSE,STK,21713,INE670X01014,LASA,EQ,,,,,LASA SUPERGENERICS LTD,7.34,7.42,7.13,7.3,7.4,7.26,,7.25,,,7296,53244.06,79,F1,1,,,,,
2026-07-16,2026-07-16,CM,NSE,STK,764126,INE17IR01028,LASERPOWER,EQ,,,,,LASER POWER & INFRA LTD,250.0,270.0,250.0,262.42,264.37,214.0,,262.44,,,38655377,10075853154.92,293014,F1,1,,,,,
2026-07-16,2026-07-16,CM,NSE,STK,6818,INE0I7C01011,LATENTVIEW,EQ,,,,,LATENT VIEW ANALYTICS LTD,304.0,311.8,301.05,305.35,305.1,299.9,,305.35,,,1191822,366291702.5,26192,F1,1,,,,,
2026-07-16,2026-07-16,CM,NSE,STK,15848,INE262Z01023,LATTEYS,BE,,,,,LATTEYS INDUSTRIES LTD,20.18,20.18,19.4,19.91,19.9,19.96,,19.91,,,17610,351131.0,122,F1,1,,,,,
2026-07-16,2026-07-16,CM,NSE,STK,19234,INE947Q01028,LAURUSLABS,EQ,,,,,LAURUS LABS LIMITED,1554.3,1569.0,1551.3,1557.6,1558.0,1554.3,,1557.6,,,1001677,1562148069.0,35133,F1,1,,,,,
2026-07-16,2026-07-16,CM,NSE,STK,6568,INE801V01019,LAXMICOT,EQ,,,,,LAXMI COTSPIN LIMITED,15.9,15.98,14.76,15.02,15.44,15.52,,15.02,,,4576,69977.55,142,F1,1,,,,,
2026-07-16,2026-07-16,CM,NSE,STK,29171,INE0WO601020,LAXMIDENTL,EQ,,,,,LAXMI DENTAL LIMITED,221.85,226.92,220.01,224.28,224.8,222.81,,224.24,,,97784,21912030.73,3261,F1,1,,,,,
2026-07-16,2026-07-16,CM,NSE,STK,19876,INE258Y01016,LGHL,EQ,,,,,LAXMI GOLDORNA HOUSE LTD,208.0,211.25,202.21,209.21,211.0,203.24,,209.21,,,26951,5541323.64,576,F1,1,,,,,
2026-07-16,2026-07-16,CM,NSE,STK,758865,INE06WU01026,LAXMIINDIA,BE,,,,,LAXMI INDIA FINANCE LTD,107.2,109.0,105.0,107.53,108.5,106.67,,107.68,,,18946,2029210.95,218,F1,1,,,,,
2026-07-16,2026-07-16,CM,NSE,STK,2841,INE576O01020,LXCHEM,EQ,,,,,LAXMI ORGANIC INDUS LTD,168.82,173.4,166.61,170.96,169.91,168.82,,170.95,,,1860383,317990661.8,18288,F1,1,,,,,
2026-07-16,2026-07-16,CM,NSE,STK,7529,INE938A01021,LCCINFOTEC,EQ,,,,,LCC INFOTECH LTD,4.75,4.75,4.62,4.75,4.75,4.53,,4.73,,,51902,246306.44,110,F1,1,,,,,
2026-07-16,2026-07-16,CM,NSE,STK,760300,INE0G1L01025,LEMERITE,EQ,,,,,LE MERITE EXPORTS LIMITED,22.88,22.88,20.94,20.99,21.6,22.04,,20.99,,,741370,15592898.67,898,F1,1,,,,,
2026-07-16,2026-07-16,CM,NSE,STK,24067,INE0HV901016,IXIGO,EQ,,,,,LE TRAVENUES TECHNOLOGY L,205.0,206.61,197.0,198.89,197.6,205.09,,198.89,,,1186537,237255639.15,29769,F1,1,,,,,
2026-07-16,2026-07-16,CM,NSE,STK,757014,INE0AQ201015,THELEELA,EQ,,,,,LEELA PALACES HOTEL LTD,485.9,492.35,477.85,485.25,486.0,485.85,,485.25,,,225293,109019788.25,12385,F1,1,,,,,
2026-07-16,2026-07-16,CM,NSE,STK,2606,INE970X01018,LEMONTREE,EQ,,,,,LEMON TREE HOTELS LTD,114.3,115.17,113.52,114.12,114.8,113.75,,114.1,,,1417720,161948675.46,26831,F1,1,,,,,
2026-07-16,2026-07-16,CM,NSE,STK,759605,INE956O01016,LENSKART,EQ,,,,,LENSKART SOLUTIONS LTD,537.45,542.2,530.0,533.65,535.05,544.35,,533.7,,,3044488,1628870362.8,86250,F1,1,,,,,
2026-07-16,2026-07-16,CM,NSE,STK,14459,INE500X01013,LEXUS,EQ,,,,,LEXUS GRANITO (INDIA) LTD,13.87,14.89,13.7,14.89,14.89,13.54,,14.89,,,37286,549001.47,125,F1,1,,,,,
2026-07-16,2026-07-16,CM,NSE,STK,18321,INE337A01034,LGBBROSLTD,EQ,,,,,LG BALAKRISHNAN & BROS,1555.8,1586.2,1542.2,1573.6,1565.1,1554.2,,1573.4,,,31640,49537092.5,2681,F1,1,,,,,
2026-07-16,2026-07-16,CM,NSE,STK,760213,INE324D01010,LGEINDIA,EQ,,,,,LG ELECTRONICS INDIA LTD,1557.9,1585.9,1548.3,1581.3,1581.0,1556.7,,1581.3,,,244033,384485762.2,17570,F1,1,,,,,
2026-07-16,2026-07-16,CM,NSE,STK,11082,INE908V01012,LIBAS,EQ,,,,,LIBAS CONSU PRODUCTS LTD,10.61,10.99,10.37,10.49,10.5,10.76,,10.49,,,48383,507926.46,181,F1,1,,,,,
2026-07-16,2026-07-16,CM,NSE,STK,1994,INE557B01019,LIBERTSHOE,EQ,,,,,LIBERTY SHOES LTD,261.45,264.45,254.95,255.55,256.3,261.45,,255.55,,,28090,7253499.1,1135,F1,1,,,,,
2026-07-16,2026-07-16,CM,NSE,STK,1997,INE115A01026,LICHSGFIN,EQ,,,,,LIC HOUSING FINANCE LTD,551.95,553.25,545.3,546.75,546.0,550.15,,546.75,,,1117938,613560547.1,30815,F1,1,,,,,
2026-07-16,2026-07-16,CM,NSE,STK,25640,INF767K01SM1,LICMFGOLD,EQ,,,,,LIC MF - LIC GOLD ETF,126.9,127.5,126.6,127.35,126.75,126.9,,127.35,,,7777,987657.75,261,F1,1,,,,,
2026-07-16,2026-07-16,CM,NSE,STK,11319,INF767K01OS7,LICNETFN50,EQ,,,,,LICNAMC - LICNFENGP,269.62,271.12,269.62,270.39,270.39,269.03,,270.39,,,690,186445.55,31,F1,1,,,,,
2026-07-16,2026-07-16,CM,NSE,STK,11441,INF767K01OT5,LICNETFSEN,EQ,,,,,LICNAMC - LICNFESGP,875.3,875.36,870.61,874.7,874.7,868.16,,874.7,,,19,16587.68,7,F1,1,,,,,
2026-07-16,2026-07-16,CM,NSE,STK,15229,INF767K01PC8,LICNFNHGP,EQ,,,,,LICNAMC - LICNFNHGP,276.52,276.95,275.75,275.75,275.75,275.98,,275.75,,,190,52434.17,8,F1,1,,,,,
2026-07-16,2026-07-16,CM,NSE,STK,6062,INF767K01MV5,LICNETFGSC,EQ,,,,,LICNAMC - LICNMFET,29.7,29.75,29.42,29.55,29.54,29.44,,29.55,,,176425,5223614.03,93,F1,1,,,,,
2026-07-16,2026-07-16,CM,NSE,STK,22722,INF767K01RN1,LICNMID100,EQ,,,,,LICNAMC - LICNMID100,63.18,63.45,62.68,63.02,63.0,63.5,,63.02,,,4502,283609.61,83,F1,1,,,,,
2026-07-16,2026-07-16,CM,NSE,STK,9480,INE0J1Y01017,LICI,EQ,,,,,LIFE INSURA CORP OF INDIA,439.75,441.5,434.7,438.3,438.0,439.75,,438.3,,,2109431,924392624.6,30889,F1,1,,,,,
2026-07-16,2026-07-16,CM,NSE,STK,578,INE060901027,LIKHITHA,EQ,,,,,LIKHITHA INFRASTRUC LTD,240.95,245.2,235.05,242.95,243.0,240.95,,242.7,,,41688,10015096.3,850,F1,1,,,,,
2026-07-16,2026-07-16,CM,NSE,STK,6951,INE802B01027,LINC,EQ,,,,,LINC LIMITED,107.71,112.9,106.82,110.22,111.2,107.65,,109.87,,,39865,4372693.48,590,F1,1,,,,,
2026-07-16,2026-07-16,CM,NSE,STK,11596,INE405C01035,LINCOLN,EQ,,,,,LINCOLN PHARMA LTD,605.05,610.95,593.8,601.75,602.95,603.6,,601.55,,,30986,18544793.15,1263,F1,1,,,,,
2026-07-16,2026-07-16,CM,NSE,STK,1627,INE473A01011,LINDEINDIA,EQ,,,,,LINDE INDIA LIMITED,7057.0,7159.5,7028.5,7128.0,7140.0,7028.0,,7127.5,,,12979,92301815.5,4979,F1,1,,,,,
2026-07-16,2026-07-16,CM,NSE,STK,17801,INE093R01011,LLOYDSENGG,EQ,,,,,LLOYDS ENGG WORK LIMITED,89.1,90.5,87.7,88.59,88.56,89.06,,88.59,,,6703838,595203738.51,21093,F1,1,,,,,
2026-07-16,2026-07-16,CM,NSE,STK,25807,INE080I01025,LLOYDSENT,EQ,,,,,LLOYDS ENTERPRISES LTD,79.26,81.5,78.25,79.23,79.15,79.71,,79.24,,,9832382,783295314.5,20909,F1,1,,,,,
2026-07-16,2026-07-16,CM,NSE,STK,11476,INE0DTQ01028,LLOYDS,ST,,,,,LLOYDS LUXURIES LIMITED,78.0,78.0,77.0,78.0,78.0,74.5,,78.0,,,3000,233000.0,3,F1,1000,,,,,
2026-07-16,2026-07-16,CM,NSE,STK,17313,INE281B01032,LLOYDSME,EQ,,,,,LLOYDS METALS N ENERGY L,1877.9,1877.9,1812.6,1843.5,1839.0,1866.1,,1843.5,,,471617,866645043.8,24258,F1,1,,,,,
2026-07-16,2026-07-16,CM,NSE,STK,1979,INE269B01029,LMW,EQ,,,,,LMW LIMITED,16371.0,16576.0,15900.0,15970.0,15950.0,16364.0,,15969.0,,,4548,73410671.0,1636,F1,1,,,,,
2026-07-16,2026-07-16,CM,NSE,STK,3220,INE670K01029,LODHA,EQ,,,,,LODHA DEVELOPERS LIMITED,1165.5,1194.6,1150.75,1178.1,1175.25,1162.4,,1178.1,,,2047707,2417939654.15,69515,F1,1,,,,,
2026-07-16,2026-07-16,CM,NSE,STK,13439,INE397H01017,LOKESHMACH,BE,,,,,LOKESH MACHINES LTD,323.4,323.4,323.4,323.4,323.4,317.1,,323.1,,,10671,3451001.4,85,F1,1,,,,,
2026-07-16,2026-07-16,CM,NSE,STK,18232,INE846D01012,LORDSCHLO,EQ,,,,,LORDS CHLORO ALKALI LTD,137.78,141.0,133.2,134.88,134.55,137.76,,134.9,,,7670,1048463.53,789,F1,1,,,,,
2026-07-16,2026-07-16,CM,NSE,STK,14924,INE740X01023,LAL,EQ,,,,,LORENZINI APPARELS LTD,9.1,9.38,8.75,8.81,8.8,8.83,,8.81,,,35883,319815.77,127,F1,1,,,,,
2026-07-16,2026-07-16,CM,NSE,STK,16807,INE947I01017,LOTUSEYE,EQ,,,,,LOTUS EYE HOSP & INST L,120.34,130.0,116.7,122.57,123.35,120.11,,122.56,,,108854,13622534.34,2202,F1,1,,,,,
2026-07-16,2026-07-16,CM,NSE,STK,22415,INE597L01014,LOVABLE,EQ,,,,,LOVABLE LINGERIE LTD,76.75,77.5,75.16,75.7,75.8,76.7,,75.7,,,6759,516769.94,239,F1,1,,,,,
2026-07-16,2026-07-16,CM,NSE,STK,10590,INE970D01010,LOYALTEX,EQ,,,,,LOYAL TEXTILE MILLS LTD,219.4,219.4,195.52,201.43,196.01,202.1,,201.58,,,177,37003.27,37,F1,1,,,,,
2026-07-16,2026-07-16,CM,NSE,STK,13816,INE818H01020,LTFOODS,EQ,,,,,LT FOODS LIMITED,385.0,391.85,376.65,382.7,381.15,386.65,,382.7,,,915564,353324639.3,38251,F1,1,,,,,
2026-07-16,2026-07-16,CM,NSE,STK,17818,INE214T01019,LTM,EQ,,,,,LTM LIMITED,4065.0,4157.0,4053.0,4060.3,4071.6,4050.6,,4060.3,,,444090,1823893605.7,35869,F1,1,,,,,
2026-07-16,2026-07-16,CM,NSE,STK,14014,INE872H01027,LUMAXTECH,EQ,,,,,LUMAX AUTO TECH LTD,1464.8,1469.9,1451.0,1458.9,1454.5,1462.6,,1458.9,,,67628,98689364.7,7820,F1,1,,,,,
2026-07-16,2026-07-16,CM,NSE,STK,2018,INE162B01018,LUMAXIND,EQ,,,,,LUMAX INDUSTRIES LTD,5444.0,5473.5,5306.5,5318.0,5349.5,5418.5,,5318.0,,,10993,59193837.0,2211,F1,1,,,,,
2026-07-16,2026-07-16,CM,NSE,STK,10440,INE326A01037,LUPIN,EQ,,,,,LUPIN LIMITED,2506.0,2529.5,2496.4,2500.5,2498.0,2493.0,,2500.5,,,626383,1570918012.1,51338,F1,1,,,,,
2026-07-16,2026-07-16,CM,NSE,STK,11301,INE150G01020,LUXIND,EQ,,,,,LUX INDUSTRIES LIMITED,1287.0,1310.9,1284.0,1290.4,1284.0,1286.2,,1290.3,,,23342,30234835.4,2233,F1,1,,,,,
2026-07-16,2026-07-16,CM,NSE,STK,7248,INE933A01014,LYKALABS,BE,,,,,LYKA LABS LTD.,68.02,72.0,68.02,69.36,69.33,69.73,,69.34,,,6009,421421.83,64,F1,1,,,,,
2026-07-16,2026-07-16,CM,NSE,STK,758150,INE08N601015,MBEL,EQ,,,,,M AND B ENGINEERING LTD,336.45,337.8,326.05,328.65,327.05,333.75,,328.7,,,70515,23257654.8,4602,F1,1,,,,,
2026-07-16,2026-07-16,CM,NSE,STK,16736,INE964W01021,MKPL,EQ,,,,,M K PROTEINS LIMITED,4.5,4.57,4.46,4.53,4.55,4.5,,4.53,,,58078,262894.09,230,F1,1,,,,,
2026-07-16,2026-07-16,CM,NSE,STK,22360,INE813V01022,MCL,EQ,,,,,M TEK COPPER LIMITED,53.5,55.37,53.33,53.6,53.52,53.97,,53.6,,,14811,794915.22,419,F1,1,,,,,
2026-07-16,2026-07-16,CM,NSE,STK,13285,INE774D01024,M&MFIN,EQ,,,,,M&M FIN. SERVICES LTD,327.0,327.3,320.35,321.85,322.9,324.95,,321.85,,,2005551,647475407.8,29639,F1,1,,,,,
2026-07-16,2026-07-16,CM,NSE,STK,22976,INE0SGC01015,MVKAGRO,SM,,,,,M.V.K. AGRO FOOD PROD LTD,384.0,406.3,374.55,405.85,406.3,369.4,,405.85,,,112500,45214815.0,147,F1,300,,,,,
2026-07-16,2026-07-16,CM,NSE,STK,15017,INE215I01027,MAANALU,EQ,,,,,MAAN ALUMINIUM LIMITED,118.38,121.17,116.3,118.9,119.0,118.32,,118.9,,,47508,5662050.71,1127,F1,1,,,,,
2026-07-16,2026-07-16,CM,NSE,STK,762782,INE435D01014,MCCHRLS-B,EQ,,,,,MAC CHARLES (INDIA) LTD.,680.0,700.0,660.0,700.0,700.0,704.0,,700.0,,,174,117334.8,28,F1,1,,,,,
2026-07-16,2026-07-16,CM,NSE,STK,24545,INE0R0J01010,MACOBSTECH,SM,,,,,MACOBS TECHNOLOGIES LTD,215.65,215.65,209.5,209.85,209.5,215.5,,209.85,,,16000,3403560.0,20,F1,800,,,,,
2026-07-16,2026-07-16,CM,NSE,STK,22347,INE155Z01011,MACPOWER,EQ,,,,,MACPOWER CNC MACHINES LTD,1338.9,1359.7,1301.7,1334.6,1355.0,1321.8,,1334.6,,,11536,15376994.4,1384,F1,1,,,,,
2026-07-16,2026-07-16,CM,NSE,STK,762767,INE631R01026,MADHAVIPL,EQ,,,,,MADHAV INFRA PROJECTS L,8.3,8.67,8.15,8.28,8.29,8.3,,8.28,,,142186,1189270.71,425,F1,1,,,,,
2026-07-16,2026-07-16,CM,NSE,STK,15151,INE925C01016,MADHAV,EQ,,,,,MADHAV MARBLE & GRANITE,35.7,36.0,34.54,35.9,35.98,34.54,,35.9,,,603,21671.64,26,F1,1,,,,,
2026-07-16,2026-07-16,CM,NSE,STK,13668,INE378D01032,MADHUCON,BE,,,,,MADHUCON PROJECTS LTD.,5.4,5.78,5.4,5.66,5.73,5.57,,5.66,,,11361,63385.49,53,F1,1,,,,,
2026-07-16,2026-07-16,CM,NSE,STK,18738,INE0P6701019,MADHUSUDAN,ST,,,,,MADHUSUDAN MASALA LIMITED,247.0,250.0,238.0,238.5,238.0,248.3,,238.5,,,40000,9679100.0,32,F1,1000,,,,,
2026-07-16,2026-07-16,CM,NSE,STK,12686,INE900L01028,MBAPL,EQ,,,,,MADHYA BHARAT AGRO P. LTD,127.8,132.85,121.0,131.6,132.4,126.55,,131.6,,,3698032,469672677.75,34379,F1,1,,,,,
2026-07-16,2026-07-16,CM,NSE,STK,4911,INE414A01015,MADRASFERT,EQ,,,,,MADRAS FERTILISERS LTD,70.5,72.0,68.2,68.94,70.0,70.18,,68.96,,,97389,6818850.24,1318,F1,1,,,,,
2026-07-16,2026-07-16,CM,NSE,STK,762772,INE270B01035,MAFATIND,EQ,,,,,MAFATLAL INDUSTRIES LTD.,136.01,139.14,134.0,134.72,136.6,135.2,,134.75,,,65621,8950750.43,1457,F1,1,,,,,
2026-07-16,2026-07-16,CM,NSE,STK,21392,INE347W01011,MAGADSUGAR,EQ,,,,,MAGADH SUGAR & ENERGY LTD,516.5,524.0,504.15,514.4,514.95,516.5,,514.35,,,36224,18631030.15,1733,F1,1,,,,,
2026-07-16,2026-07-16,CM,NSE,STK,29482,INE613C01026,MCLOUD,EQ,,,,,MAGELLANIC CLOUD LIMITED,29.3,29.84,28.86,29.06,29.0,29.48,,29.07,,,2391783,70031486.72,5603,F1,1,,,,,
2026-07-16,2026-07-16,CM,NSE,STK,14957,INE387I01016,MAGNUM,EQ,,,,,MAGNUM VENTURES LTD.,19.64,19.64,18.12,18.76,18.87,19.04,,18.76,,,8345,156144.07,96,F1,1,,,,,
2026-07-16,2026-07-16,CM,NSE,STK,17091,INE0O1S01012,MAGSON,ST,,,,,MAGSON RETAIL AND DIST L,180.0,180.0,180.0,180.0,180.0,181.0,,180.0,,,1000,180000.0,1,F1,1000,,,,,
2026-07-16,2026-07-16,CM,NSE,STK,5239,INE843B01013,MAHAPEXLTD,EQ,,,,,MAHA RASHTRA APEX COPR. L,45.48,45.48,43.5,44.37,44.17,44.51,,44.37,,,3061,136518.29,83,F1,1,,,,,
2026-07-16,2026-07-16,CM,NSE,STK,24937,INE0US801024,MFML,EQ,,,,,MAHALAXMI FABRIC MILLS LT,19.5,19.5,18.7,18.7,18.7,19.08,,18.74,,,8443,158986.88,55,F1,1,,,,,
2026-07-16,2026-07-16,CM,NSE,STK,7886,INE112D01035,MHLXMIRU,EQ,,,,,MAHALAXMI RUBTECH LIMITED,136.64,138.0,136.21,137.72,138.0,138.03,,137.72,,,10718,1471689.58,109,F1,1,,,,,
2026-07-16,2026-07-16,CM,NSE,STK,17527,INE451L01014,MAHASTEEL,EQ,,,,,MAHAMAYA STEEL INDS LTD,840.6,864.0,827.0,855.35,831.2,869.8,,855.45,,,4001,3359957.35,264,F1,1,,,,,
2026-07-16,2026-07-16,CM,NSE,STK,17534,INE002S01010,MGL,EQ,,,,,MAHANAGAR GAS LTD.,1106.4,1125.9,1106.0,1113.1,1114.8,1106.4,,1113.1,,,128410,143051466.9,12269,F1,1,,,,,
2026-07-16,2026-07-16,CM,NSE,STK,2294,INE153A01019,MTNL,EQ,,,,,MAHANAGAR TELEPHONE NIGAM,28.55,29.17,28.45,28.76,28.84,28.42,,28.76,,,788446,22669239.96,3787,F1,1,,,,,
2026-07-16,2026-07-16,CM,NSE,STK,2085,INE288A01013,MAHSCOOTER,EQ,,,,,MAHARASHTRA SCOOTERS LTD,13130.0,13146.0,12850.0,12965.0,12898.0,13035.0,,12964.0,,,3718,48350618.0,1251,F1,1,,,,,
2026-07-16,2026-07-16,CM,NSE,STK,2088,INE271B01025,MAHSEAMLES,EQ,,,,,MAHARASHTRA SEAMLESS LTD,588.0,591.15,582.0,584.3,584.45,588.75,,584.3,,,71662,41959217.55,5942,F1,1,,,,,
2026-07-16,2026-07-16,CM,NSE,STK,9577,INE263W01010,MAHESHWARI,BE,,,,,MAHESHWARI LOGISTICS LTD.,74.9,74.9,73.0,73.92,73.98,73.23,,73.92,,,12228,897521.2,38,F1,1,,,,,
2026-07-16,2026-07-16,CM,NSE,STK,2839,INE961Y01015,MAHICKRA,SM,,,,,MAHICKRA CHEMICAL LIMITED,257.0,257.0,257.0,257.0,257.0,252.45,,257.0,,,750,192750.0,1,F1,750,,,,,
2026-07-16,2026-07-16,CM,NSE,STK,2031,INE101A01026,M&M,EQ,,,,,MAHINDRA & MAHINDRA LTD,3117.0,3146.0,3089.4,3117.8,3125.0,3082.9,,3118.1,,,1978238,6183064693.9,122788,F1,1,,,,,
2026-07-16,2026-07-16,CM,NSE,STK,17603,INE215D01010,MAHEPC,EQ,,,,,MAHINDRA EPC IRRIG LTD,122.9,123.6,118.0,119.9,119.12,121.59,,119.91,,,45914,5533149.93,963,F1,1,,,,,
2026-07-16,2026-07-16,CM,NSE,STK,17333,INE998I01010,MHRIL,EQ,,,,,MAHINDRA HOLIDAYS LTD,225.94,235.8,225.94,229.99,228.55,225.94,,229.99,,,291783,67372009.36,3736,F1,1,,,,,
2026-07-16,2026-07-16,CM,NSE,STK,8050,INE813A01018,MAHLIFE,EQ,,,,,MAHINDRA LIFESPACE DEVLTD,371.65,379.8,371.65,377.25,375.95,371.65,,377.25,,,76644,28897923.85,9694,F1,1,,,,,
2026-07-16,2026-07-16,CM,NSE,STK,385,INE766P01016,MAHLOG,EQ,,,,,MAHINDRA LOGISTIC LIMITED,393.5,397.75,384.8,388.65,386.75,388.4,,388.6,,,136749,53542028.05,4167,F1,1,,,,,
2026-07-16,2026-07-16,CM,NSE,STK,24538,INE683C01011,MAITHANALL,EQ,,,,,MAITHAN ALLOYS LTD,1013.3,1029.0,1008.6,1013.6,1017.0,1009.8,,1013.6,,,21534,21923435.7,1615,F1,1,,,,,
2026-07-16,2026-07-16,CM,NSE,STK,19809,INE0PLQ01011,MAITREYA,SM,,,,,MAITREYA MEDICARE LIMITED,123.0,126.95,120.5,121.85,120.5,123.0,,121.85,,,6400,796320.0,10,F1,400,,,,,
2026-07-16,2026-07-16,CM,NSE,STK,762777,INE201B01022,MAJESAUT,EQ,,,,,MAJESTIC AUTO LTD.,392.8,398.2,388.0,394.25,396.8,386.65,,394.85,,,18883,7434984.2,634,F1,1,,,,,
2026-07-16,2026-07-16,CM,NSE,STK,7965,INE389C01015,MALLCOM,EQ,,,,,MALLCOM (INDIA) LIMITED,1080.4,1100.2,1076.1,1086.1,1097.5,1088.1,,1086.1,,,1999,2185636.2,183,F1,1,,,,,
2026-07-16,2026-07-16,CM,NSE,STK,13352,INE383H01017,MALUPAPER,EQ,,,,,MALU PAPER MILLS LIMITED,31.05,31.13,30.0,30.23,30.2,30.65,,30.23,,,6637,201730.32,66,F1,1,,,,,
2026-07-16,2026-07-16,CM,NSE,STK,28687,INE0TO701015,MAMATA,EQ,,,,,MAMATA MACHINERY LIMITED,381.7,383.85,375.1,378.4,383.85,381.7,,378.45,,,34600,13122885.3,1468,F1,1,,,,,
2026-07-16,2026-07-16,CM,NSE,STK,7413,INE830Q01018,MANAKCOAT,EQ,,,,,MAN COAT METAL & IND LTD,119.0,126.79,117.8,124.65,124.0,119.56,,124.64,,,737003,90490769.16,10151,F1,1,,,,,
2026-07-16,2026-07-16,CM,NSE,STK,11884,INE993A01026,MANINDS,EQ,,,,,MAN INDUSTRIES (I) LTD.,557.0,557.0,539.95,543.3,542.7,552.05,,543.35,,,132902,72391376.2,5378,F1,1,,,,,
2026-07-16,2026-07-16,CM,NSE,STK,18226,INE949H01023,MANINFRA,EQ,,,,,MAN INFRA LTD,102.8,102.89,101.15,101.6,101.2,102.57,,101.61,,,341433,34726150.56,2410,F1,1,,,,,
2026-07-16,2026-07-16,CM,NSE,STK,7420,INE859Q01017,MANAKALUCO,EQ,,,,,MANAK ALUMINIUM CO. LTD.,36.71,39.5,36.11,37.36,37.13,36.71,,37.34,,,240462,9106444.17,2216,F1,1,,,,,
2026-07-16,2026-07-16,CM,NSE,STK,15199,INE015D01022,MANAKSIA,EQ,,,,,MANAKSIA LTD.,57.11,57.68,56.82,57.23,57.39,57.03,,57.3,,,4241,242747.84,83,F1,1,,,,,
2026-07-16,2026-07-16,CM,NSE,STK,7482,INE824Q01011,MANAKSTEEL,BE,,,,,MANAKSIA STEELS LTD,76.22,80.0,76.22,78.16,78.0,78.41,,78.16,,,11530,900456.77,103,F1,1,,,,,
2026-07-16,2026-07-16,CM,NSE,STK,13796,INE201A01024,MANALIPETC,EQ,,,,,MANALI PETROCHEMICALS LT,64.07,64.85,63.1,63.4,63.1,63.59,,63.38,,,131035,8342500.87,1647,F1,1,,,,,
2026-07-16,2026-07-16,CM,NSE,STK,19061,INE522D01027,MANAPPURAM,EQ,,,,,MANAPPURAM FINANCE LTD,328.6,328.9,323.45,325.1,325.55,328.6,,325.1,,,3051861,993985306.85,57657,F1,1,,,,,
2026-07-16,2026-07-16,CM,NSE,STK,759354,INE0U4H01011,MPEL,ST,,,,,MANAS POLYMER N ENERGIE L,40.8,40.8,39.5,39.5,39.5,40.55,,39.5,,,3200,128480.0,2,F1,1600,,,,,
2026-07-16,2026-07-16,CM,NSE,STK,25597,INE939X01013,MANBA,EQ,,,,,MANBA FINANCE LIMITED,135.33,137.19,134.71,136.2,135.6,135.92,,136.2,,,53612,7294412.4,575,F1,1,,,,,
2026-07-16,2026-07-16,CM,NSE,STK,23779,INE0R3T01013,MANDEEP,SM,,,,,MANDEEP AUTO INDUSTRIES L,20.15,20.15,20.15,20.15,20.15,19.3,,20.15,,,2000,40300.0,1,F1,2000,,,,,
2026-07-16,2026-07-16,CM,NSE,STK,24823,INE545L01039,MANCREDIT,EQ,,,,,MANGAL CREDIT N FINCORP L,238.0,244.3,225.15,234.45,227.0,233.01,,234.42,,,1084159,257288343.04,4817,F1,1,,,,,
2026-07-16,2026-07-16,CM,NSE,STK,758750,INE0PKD01011,MEIL,BE,,,,,MANGAL ELECTRICAL IND L,297.0,302.9,297.0,299.25,297.8,298.5,,298.05,,,7038,2103743.45,231,F1,1,,,,,
2026-07-16,2026-07-16,CM,NSE,STK,19134,INE00C401011,MAL,SM,,,,,MANGALAM ALLOYS LIMITED,32.95,32.95,32.95,32.95,32.95,32.95,,32.95,,,1600,52720.0,1,F1,1600,,,,,
2026-07-16,2026-07-16,CM,NSE,STK,2106,INE347A01017,MANGLMCEM,EQ,,,,,MANGALAM CEMENT LTD,1008.95,1023.45,980.0,986.35,987.0,984.55,,986.35,,,121120,120851171.05,4853,F1,1,,,,,
2026-07-16,2026-07-16,CM,NSE,STK,11817,INE584F01014,MANGALAM,EQ,,,,,MANGALAM DRUG & CHEM LTD,27.5,28.68,27.15,27.39,27.25,27.93,,27.39,,,25175,700291.24,297,F1,1,,,,,
2026-07-16,2026-07-16,CM,NSE,STK,1598,INE0APB01032,MGEL,BE,,,,,MANGALAM GLOBAL ENT LTD,16.39,17.0,16.0,16.06,16.0,16.49,,16.06,,,133970,2172968.73,239,F1,1,,,,,
2026-07-16,2026-07-16,CM,NSE,STK,6428,INE370D01013,MANORG,BE,,,,,MANGALAM ORGANICS LIMITED,554.0,574.8,540.0,572.65,574.0,547.45,,574.75,,,9590,5365825.7,177,F1,1,,,,,
2026-07-16,2026-07-16,CM,NSE,STK,759169,INE0JYY01029,MWL,EQ,,,,,MANGALAM WORLDWIDE LTD,36.85,37.55,36.5,36.65,36.7,36.85,,36.65,,,242105,8883363.3,465,F1,1,,,,,
2026-07-16,2026-07-16,CM,NSE,STK,760174,INE1ERK01013,MANILAM,SM,,,,,MANILAM INDUSTRIES IND L,55.3,55.3,55.3,55.3,55.3,54.4,,55.3,,,54000,2986200.0,1,F1,2000,,,,,
2026-07-16,2026-07-16,CM,NSE,STK,15380,INE634S01028,MANKIND,EQ,,,,,MANKIND PHARMA LIMITED,2550.0,2556.8,2531.9,2546.0,2550.0,2543.1,,2546.0,,,344420,875951972.4,16125,F1,1,,,,,
2026-07-16,2026-07-16,CM,NSE,STK,19015,INE0KNT01012,MVGJL,EQ,,,,,MANOJ VAIBHAV GEM N JEW L,165.3,166.65,159.81,161.04,160.23,164.17,,161.04,,,62302,10074216.64,1272,F1,1,,,,,
2026-07-16,2026-07-16,CM,NSE,STK,13753,INE784W01015,MANOMAY,EQ,,,,,MANOMAY TEX INDIA LTD,181.85,181.85,175.01,175.55,175.5,181.72,,175.56,,,3236,571570.57,106,F1,1,,,,,
2026-07-16,2026-07-16,CM,NSE,STK,10227,INE00VM01036,MANORAMA,EQ,,,,,MANORAMA INDUSTRIES LTD,1614.9,1619.9,1590.5,1595.4,1613.0,1608.2,,1595.4,,,68297,109589684.6,6052,F1,1,,,,,
2026-07-16,2026-07-16,CM,NSE,STK,13575,INE867A01022,MANUGRAPH,BE,,,,,MANUGRAPH INDIA LIMITED,14.99,15.1,13.75,14.91,15.1,14.4,,14.91,,,8566,126311.15,33,F1,1,,,,,
2026-07-16,2026-07-16,CM,NSE,STK,7040,INE882A01013,MARALOVER,BE,,,,,MARAL OVERSEAS LTD,57.76,57.76,56.2,56.2,56.88,57.15,,56.2,,,5240,298275.84,45,F1,1,,,,,
2026-07-16,2026-07-16,CM,NSE,STK,18659,INE182D01020,MARATHON,EQ,,,,,MARATHON NXTGEN REALT LTD,396.65,402.45,392.1,396.1,394.0,396.3,,396.1,,,45662,18107979.25,1202,F1,1,,,,,
2026-07-16,2026-07-16,CM,NSE,STK,760456,INE0TD401015,MARC,ST,,,,,MARC TECHNOCRATS LIMITED,90.8,90.8,90.8,90.8,90.8,87.55,,90.8,,,2400,217920.0,2,F1,1200,,,,,
2026-07-16,2026-07-16,CM,NSE,STK,18773,INE0QP001012,MARCO,SM,,,,,MARCO CABLE & CONDUCTOR L,31.0,31.0,29.5,30.0,30.0,31.5,,30.0,,,7500,225000.0,5,F1,1500,,,,,
2026-07-16,2026-07-16,CM,NSE,STK,4067,INE196A01026,MARICO,EQ,,,,,MARICO LIMITED,844.45,849.45,837.4,839.35,839.95,844.45,,839.25,,,1149031,967785750.55,38193,F1,1,,,,,
2026-07-16,2026-07-16,CM,NSE,STK,1328,INE01JE01028,MARINE,EQ,,,,,MARINE ELECTRICAL (I) LTD,256.85,259.9,250.9,253.4,253.75,255.95,,253.4,,,378526,96208538.45,7530,F1,1,,,,,
2026-07-16,2026-07-16,CM,NSE,STK,760204,INE0FW001016,MARKOLINES,EQ,,,,,MARKOLINES PAVEMENT TEC L,168.5,173.95,168.18,173.09,172.0,168.12,,173.15,,,474768,81493721.79,3318,F1,1,,,,,
2026-07-16,2026-07-16,CM,NSE,STK,10579,INE750C01026,MARKSANS,EQ,,,,,MARKSANS PHARMA LIMITED,275.8,281.4,273.65,275.35,274.65,275.75,,275.35,,,1259358,349156092.9,31432,F1,1,,,,,
2026-07-16,2026-07-16,CM,NSE,STK,761386,INE415B01044,MARSONS,EQ,,,,,MARSONS LIMITED,114.5,114.6,110.95,111.39,111.8,113.04,,111.4,,,601964,67710211.41,4113,F1,1,,,,,
2026-07-16,2026-07-16,CM,NSE,STK,10999,INE585B01010,MARUTI,EQ,,,,,MARUTI SUZUKI INDIA LTD.,13605.0,13845.0,13584.0,13783.0,13790.0,13583.0,,13784.0,,,356847,4912660777.0,62803,F1,1,,,,,
2026-07-16,2026-07-16,CM,NSE,STK,2133,INE575Z01010,MDL,ST,,,,,MARVEL DECOR LIMITED,70.05,70.4,70.05,70.1,70.1,70.8,,70.1,,,15000,1052900.0,10,F1,1000,,,,,
2026-07-16,2026-07-16,CM,NSE,STK,199,INE348L01012,MASFIN,EQ,,,,,MAS FINANCIAL SERV LTD,329.0,329.0,314.9,316.75,316.0,323.55,,316.75,,,59736,18975183.7,3390,F1,1,,,,,
2026-07-16,2026-07-16,CM,NSE,STK,18731,INE885F01015,MASKINVEST,BE,,,,,MASK INVESTMENTS LIMITED,149.03,156.45,149.03,156.4,156.4,149.03,,156.4,,,185,27622.27,5,F1,1,,,,,
2026-07-16,2026-07-16,CM,NSE,STK,24278,INE0SH001010,MASON,SM,,,,,MASON INFRATECH LIMITED,124.3,124.3,122.0,122.0,122.0,122.0,,122.0,,,16500,2024900.0,13,F1,500,,,,,
2026-07-16,2026-07-16,CM,NSE,STK,2124,INE759A01021,MASTEK,EQ,,,,,MASTEK LTD,1689.9,1780.0,1689.9,1768.2,1764.0,1688.1,,1768.1,,,181588,318863552.4,24339,F1,1,,,,,
2026-07-16,2026-07-16,CM,NSE,STK,19011,INE0OJM01017,MASTER,SM,,,,,MASTER COMPONENTS LIMITED,435.0,454.75,435.0,454.75,454.75,440.05,,454.75,,,1000,444875.0,2,F1,500,,,,,
2026-07-16,2026-07-16,CM,NSE,STK,27047,INE677D01037,MASTERTR,EQ,,,,,MASTER TRUST LIMITED,90.8,90.87,86.8,87.69,87.29,90.31,,87.71,,,461006,40831243.44,3203,F1,1,,,,,
2026-07-16,2026-07-16,CM,NSE,STK,21726,INE866R01028,MATRIMONY,EQ,,,,,MATRIMONY.COM LIMITED,442.95,452.45,430.7,437.25,433.3,445.2,,437.05,,,4167,1830356.25,318,F1,1,,,,,
2026-07-16,2026-07-16,CM,NSE,STK,759945,INE132901013,MGSL,SM,,,,,MATRIX GEO SOLUTIONS LTD,62.5,63.0,61.5,61.9,61.5,61.5,,61.9,,,7200,447900.0,6,F1,1200,,,,,
2026-07-16,2026-07-16,CM,NSE,STK,17026,INE636A01039,MAWANASUG,BE,,,,,MAWANA SUGARS LIMITED,113.4,114.9,112.2,113.21,112.2,113.8,,113.2,,,29100,3295001.27,171,F1,1,,,,,
2026-07-16,2026-07-16,CM,NSE,STK,19646,INE03EI01018,MAXESTATES,EQ,,,,,MAX ESTATES LIMITED,429.95,430.95,415.2,418.65,415.25,427.55,,418.65,,,50433,21229094.9,2412,F1,1,,,,,
2026-07-16,2026-07-16,CM,NSE,STK,2142,INE180A01020,MFSL,EQ,,,,,MAX FINANCIAL SERV LTD,1615.0,1619.5,1566.0,1578.4,1576.0,1611.1,,1578.4,,,462450,731410500.1,34471,F1,1,,,,,
2026-07-16,2026-07-16,CM,NSE,STK,22377,INE027H01010,MAXHEALTH,EQ,,,,,MAX HEALTHCARE INS LTD,1106.0,1112.3,1095.2,1098.2,1100.0,1102.7,,1098.2,,,1454340,1604448255.1,46915,F1,1,,,,,
2026-07-16,2026-07-16,CM,NSE,STK,22428,INE0CG601016,MAXIND,EQ,,,,,MAX INDIA LIMITED,170.84,170.84,164.8,166.63,165.45,168.63,,166.62,,,25500,4254035.47,806,F1,1,,,,,
2026-07-16,2026-07-16,CM,NSE,STK,29657,INE10A501018,MAXVOLT,ST,,,,,MAXVOLT ENERGY INDUS L,379.95,390.55,372.0,381.55,380.0,374.1,,381.55,,,62400,23930000.0,136,F1,400,,,,,
2026-07-16,2026-07-16,CM,NSE,STK,757587,INE0ZTO01018,MAYASHEEL,SM,,,,,MAYASHEEL VENTURES LTD,39.0,39.0,39.0,39.0,39.0,39.45,,39.0,,,3000,117000.0,1,F1,3000,,,,,
2026-07-16,2026-07-16,CM,NSE,STK,28906,INE040D01038,MAYURUNIQ,EQ,,,,,MAYUR UNIQUOTERS LTD,813.15,834.8,808.35,822.1,820.65,812.35,,822.15,,,44141,36195642.25,4162,F1,1,,,,,
2026-07-16,2026-07-16,CM,NSE,STK,509,INE249Z01020,MAZDOCK,EQ,,,,,MAZAGON DOCK SHIPBUIL LTD,2370.0,2385.0,2354.0,2361.3,2357.9,2369.4,,2361.3,,,400371,948500935.0,23137,F1,1,,,,,
2026-07-16,2026-07-16,CM,NSE,STK,18870,INE885E01042,MAZDA,BE,,,,,MAZDA LIMITED,241.1,242.0,231.25,234.19,231.25,238.72,,234.19,,,8227,1942837.23,167,F1,1,,,,,
2026-07-16,2026-07-16,CM,NSE,STK,18033,INE912H01013,MBLINFRA,BE,,,,,MBL INFRASTRUCTURE LTD,25.5,26.0,25.35,25.5,25.5,25.5,,25.5,,,19503,500292.07,76,F1,1,,,,,
2026-07-16,2026-07-16,CM,NSE,STK,11944,INE942G01012,MCLEODRUSS,BE,,,,,MCLEOD RUSSEL INDIA LTD.,55.81,55.81,55.81,55.81,55.81,53.16,,55.81,,,156084,8711048.04,119,F1,1,,,,,
2026-07-16,2026-07-16,CM,NSE,STK,14574,INE0O4M01019,MCON,SM,,,,,MCON RASAYAN INDIA LTD,43.0,44.0,43.0,44.0,44.0,43.0,,44.0,,,3000,131000.0,3,F1,1000,,,,,
2026-07-16,2026-07-16,CM,NSE,STK,21705,INE456Z01021,MEDIASSIST,EQ,,,,,MEDI ASSIST HEALTH SER L,356.0,364.0,355.0,357.4,355.25,355.85,,357.35,,,39394,14128157.9,2639,F1,1,,,,,
2026-07-16,2026-07-16,CM,NSE,STK,762805,INE200D01020,MMWL,BE,,,,,MEDIA MATRIX WORLDWIDE L,13.1,13.7,13.1,13.47,13.68,13.32,,13.47,,,9080,121835.85,38,F1,1,,,,,
2026-07-16,2026-07-16,CM,NSE,STK,6278,INE646B01010,MEDICAMEQ,EQ,,,,,MEDICAMEN BIOTECH LIMITED,236.0,243.7,232.3,238.5,239.0,236.85,,238.5,,,9298,2214587.4,684,F1,1,,,,,
2026-07-16,2026-07-16,CM,NSE,STK,9667,INE630Y01024,MEDICO,EQ,,,,,MEDICO REMEDIES LIMITED,40.3,40.3,38.31,38.87,39.0,38.96,,38.87,,,164193,6379052.47,513,F1,1,,,,,
2026-07-16,2026-07-16,CM,NSE,STK,758423,INE0UOY01019,MEDISTEP,SM,,,,,MEDISTEP HEALTHCARE LTD,19.5,19.5,18.3,18.3,18.3,18.5,,18.3,,,6000,113400.0,2,F1,3000,,,,,
2026-07-16,2026-07-16,CM,NSE,STK,7254,INE804L01022,MEDPLUS,EQ,,,,,MEDPLUS HEALTH SERV LTD,805.95,819.45,803.85,808.95,809.55,806.95,,808.95,,,43113,34979699.15,5179,F1,1,,,,,
2026-07-16,2026-07-16,CM,NSE,STK,760229,INE0VDM01015,MEESHO,EQ,,,,,MEESHO LIMITED,189.99,190.0,184.3,184.91,185.38,189.24,,184.91,,,7476660,1390225972.3,60700,F1,1,,,,,
2026-07-16,2026-07-16,CM,NSE,STK,8153,INE00EM01016,MEGASTAR,EQ,,,,,MEGASTAR FOODS LIMITED,345.4,345.4,317.0,327.55,334.5,345.8,,327.55,,,91641,30025534.15,4438,F1,1,,,,,
2026-07-16,2026-07-16,CM,NSE,STK,22560,INE531R01010,MEGATHERM,SM,,,,,MEGATHERM INDUCTION LTD,227.95,229.95,222.35,227.0,229.95,222.15,,227.0,,,10000,2259960.0,22,F1,400,,,,,
2026-07-16,2026-07-16,CM,NSE,STK,5394,INE0CT101020,MOL,EQ,,,,,MEGHMANI ORGANICS LIMITED,46.72,47.26,46.47,46.84,46.74,46.7,,46.84,,,214455,10016039.35,1637,F1,1,,,,,
2026-07-16,2026-07-16,CM,NSE,STK,6971,INE071D01033,MENONBE,BE,,,,,MENON BEARINGS LIMITED,181.0,190.17,172.07,190.17,190.17,181.12,,190.14,,,188352,35187547.7,1391,F1,1,,,,,
2026-07-16,2026-07-16,CM,NSE,STK,762787,INE650G01029,MENNPIS,EQ,,,,,MENON PISTONS LTD.,71.93,73.99,71.23,71.96,71.5,71.42,,71.95,,,72936,5287060.52,1137,F1,1,,,,,
2026-07-16,2026-07-16,CM,NSE,STK,25882,INE776I01010,MEP,BZ,,,,,MEP INFRA. DEVELOPERS LTD,0.6,0.6,0.6,0.6,0.6,0.61,,0.6,,,130996,78597.6,75,F1,1,,,,,
2026-07-16,2026-07-16,CM,NSE,STK,762792,INE689O01013,MERCANTILE,EQ,,,,,MERCANTILE VENTURES LTD.,24.83,25.49,23.43,24.35,24.97,24.34,,24.35,,,1818,44211.25,36,F1,1,,,,,
2026-07-16,2026-07-16,CM,NSE,STK,763665,INE763M01028,MERCURYEV,BE,,,,,MERCURY EV-TECH LIMITED,35.98,36.79,35.05,36.42,36.35,35.93,,36.28,,,127187,4606547.94,338,F1,1,,,,,
2026-07-16,2026-07-16,CM,NSE,STK,7242,INE317I01021,METROBRAND,EQ,,,,,METRO BRANDS LIMITED,1039.9,1051.4,1024.1,1031.0,1039.9,1033.4,,1030.9,,,11648,12047687.8,2576,F1,1,,,,,
2026-07-16,2026-07-16,CM,NSE,STK,762797,INE085D01033,METROGLOBL,EQ,,,,,METROGLOBAL LTD.,130.15,134.78,130.15,130.76,130.23,130.95,,131.58,,,1333,175281.23,35,F1,1,,,,,
2026-07-16,2026-07-16,CM,NSE,STK,9581,INE112L01020,METROPOLIS,EQ,,,,,METROPOLIS HEALTHCARE LTD,577.95,584.0,572.0,578.45,576.65,571.65,,577.8,,,151118,87208861.85,8382,F1,1,,,,,
2026-07-16,2026-07-16,CM,NSE,STK,7165,INE287C01037,MICEL,BE,,,,,MIC ELECTRONICS LTD,37.86,38.83,37.5,38.52,38.69,37.86,,38.53,,,200045,7616665.24,1292,F1,1,,,,,
2026-07-16,2026-07-16,CM,NSE,STK,759517,INE0XAD01024,MIDWESTLTD,EQ,,,,,MIDWEST LIMITED,1300.0,1307.9,1293.4,1300.2,1302.9,1304.1,,1300.2,,,4467,5813271.0,588,F1,1,,,,,
2026-07-16,2026-07-16,CM,NSE,STK,25897,INE842C01021,MINDACORP,EQ,,,,,MINDA CORPORATION LTD,676.35,685.0,675.4,682.95,684.0,675.3,,682.95,,,171087,116575193.55,13926,F1,1,,,,,
2026-07-16,2026-07-16,CM,NSE,STK,22308,INE0CCU25019,MINDSPACE,RR,,,,,MINDSPACE BUSINESS P REIT,492.69,494.9,492.0,493.02,493.0,492.69,,492.99,,,58890,29039387.03,1738,F1,1,,,,,
2026-07-16,2026-07-16,CM,NSE,STK,18049,INE110B01017,MINDTECK,EQ,,,,,MINDTECK (INDIA) LIMITED,206.68,215.55,205.26,205.99,205.5,206.68,,205.98,,,97810,20517005.23,2085,F1,1,,,,,
2026-07-16,2026-07-16,CM,NSE,STK,19640,INF769K01KU7,ALPHAETF,EQ,,,,,MIRAEAMC - ALPHAETF,26.3,26.36,26.02,26.15,26.21,26.3,,26.15,,,121336,3178414.4,716,F1,1,,,,,
2026-07-16,2026-07-16,CM,NSE,STK,17419,INF769K01KR3,BANKETF,EQ,,,,,MIRAEAMC - BANKETF,589.23,589.43,585.43,587.37,587.88,588.13,,587.37,,,4230,2484566.1,1076,F1,1,,,,,
2026-07-16,2026-07-16,CM,NSE,STK,25725,INF769K01LZ4,BANKPSU,EQ,,,,,MIRAEAMC - BANKPSU,84.6,84.96,84.12,84.27,84.34,84.78,,84.27,,,7834,661247.61,121,F1,1,,,,,
2026-07-16,2026-07-16,CM,NSE,STK,28969,INF769K01NS5,CONSUMER,EQ,,,,,MIRAEAMC - CONSUMER,11.86,11.86,11.73,11.74,11.74,11.78,,11.74,,,274380,3233101.83,279,F1,1,,,,,
2026-07-16,2026-07-16,CM,NSE,STK,761046,INF769K01QC2,DEFENCE,EQ,,,,,MIRAEAMC - DEFENCE,78.23,78.23,77.4,77.63,77.63,77.84,,77.63,,,189977,14751618.05,573,F1,1,,,,,
2026-07-16,2026-07-16,CM,NSE,STK,760412,INF769K01PY8,DIVIDEND,EQ,,,,,MIRAEAMC - DIVIDEND,35.05,35.3,35.03,35.03,35.03,35.0,,35.06,,,21982,770995.11,60,F1,1,,,,,
2026-07-16,2026-07-16,CM,NSE,STK,759780,INF769K01PR2,ENERGY,EQ,,,,,MIRAEAMC - ENERGY,39.9,39.9,39.36,39.53,39.6,39.57,,39.52,,,290543,11506964.35,793,F1,1,,,,,
2026-07-16,2026-07-16,CM,NSE,STK,30121,INF769K01OA1,EQUAL200,EQ,,,,,MIRAEAMC - EQUAL200,13.85,13.85,13.73,13.76,13.76,13.79,,13.76,,,3365,46342.12,47,F1,1,,,,,
2026-07-16,2026-07-16,CM,NSE,STK,757142,INF769K01OO2,EQUAL50,EQ,,,,,MIRAEAMC - EQUAL50,327.63,330.67,327.63,329.68,329.68,328.7,,329.68,,,13900,4593585.6,15,F1,1,,,,,
2026-07-16,2026-07-16,CM,NSE,STK,24461,INF769K01LQ3,EVINDIA,EQ,,,,,MIRAEAMC - EVINDIA,32.12,32.12,31.41,31.48,31.44,31.34,,31.48,,,257846,8124621.31,1331,F1,1,,,,,
2026-07-16,2026-07-16,CM,NSE,STK,760986,INF769K01QA6,HEALTHCARE,EQ,,,,,MIRAEAMC - HEALTHCARE,21.45,21.48,21.3,21.37,21.43,21.41,,21.37,,,64697,1381641.21,154,F1,1,,,,,
2026-07-16,2026-07-16,CM,NSE,STK,761030,INF769K01QB4,INFRA,EQ,,,,,MIRAEAMC - INFRA,12.29,12.36,12.22,12.25,12.26,12.28,,12.25,,,145373,1779147.44,140,F1,1,,,,,
2026-07-16,2026-07-16,CM,NSE,STK,758595,INF769K01PB6,INTERNET,EQ,,,,,MIRAEAMC - INTERNET,13.66,13.74,13.44,13.49,13.49,13.66,,13.49,,,94878,1286702.38,223,F1,1,,,,,
2026-07-16,2026-07-16,CM,NSE,STK,19633,INF769K01KV5,ITETF,EQ,,,,,MIRAEAMC - ITETF,30.27,30.74,30.25,30.35,30.5,30.14,,30.35,,,268151,8196408.29,559,F1,1,,,,,
2026-07-16,2026-07-16,CM,NSE,STK,17572,INF769K01KS1,LIQUID,EQ,,,,,MIRAEAMC - LIQUID,1000.0,1000.0,999.99,999.99,1000.0,999.99,,999.99,,,172386,172385608.52,214,F1,1,,,,,
2026-07-16,2026-07-16,CM,NSE,STK,27075,INF769K01MY5,LIQUIDPLUS,EQ,,,,,MIRAEAMC - LIQUIDPLUS,1094.57,1094.57,1094.55,1094.55,1094.55,1094.4,,1094.55,,,78464,85882991.73,163,F1,1,,,,,
2026-07-16,2026-07-16,CM,NSE,STK,1200,INF769K01GS9,ESG,EQ,,,,,MIRAEAMC - MAESGETF,41.69,41.75,41.47,41.47,41.47,41.59,,41.47,,,33855,1406339.83,59,F1,1,,,,,
2026-07-16,2026-07-16,CM,NSE,STK,3507,INF769K01HF4,MAFANG,EQ,,,,,MIRAEAMC - MAFANG,199.42,199.42,199.42,199.42,199.42,196.41,,199.42,,,49752,9921543.84,396,F1,1,,,,,
2026-07-16,2026-07-16,CM,NSE,STK,5220,INF769K01HI8,BFSI,EQ,,,,,MIRAEAMC - MAFSETF,27.7,27.74,27.52,27.58,27.6,27.7,,27.58,,,159770,4413743.32,675,F1,1,,,,,
2026-07-16,2026-07-16,CM,NSE,STK,14286,INF769K01JP9,GOLDETF,EQ,,,,,MIRAEAMC - MAGOLDETF,137.31,137.66,136.57,137.03,137.19,136.93,,137.03,,,628707,86066197.44,3669,F1,1,,,,,
2026-07-16,2026-07-16,CM,NSE,STK,14938,INF769K01KF8,GSEC10YEAR,EQ,,,,,MIRAEAMC - MAGS813ETF,30.56,30.57,30.36,30.56,30.56,30.49,,30.56,,,2680,81844.47,18,F1,1,,,,,
2026-07-16,2026-07-16,CM,NSE,STK,7074,INF769K01HS7,MAHKTECH,EQ,,,,,MIRAEAMC - MAHKTECH,23.14,23.14,23.14,23.14,23.14,22.99,,23.14,,,119158,2757316.12,308,F1,1,,,,,
2026-07-16,2026-07-16,CM,NSE,STK,8413,INF769K01IC9,MIDCAPETF,EQ,,,,,MIRAEAMC - MAM150ETF,23.86,23.86,23.52,23.55,23.55,23.61,,23.55,,,1334884,31512680.91,5994,F1,1,,,,,
2026-07-16,2026-07-16,CM,NSE,STK,7979,INF769K01IB1,MAKEINDIA,EQ,,,,,MIRAEAMC - MAMFGETF,162.26,163.0,161.9,161.97,162.16,161.97,,161.97,,,133484,21704761.11,327,F1,1,,,,,
2026-07-16,2026-07-16,CM,NSE,STK,6353,INF769K01EG9,NIFTYETF,EQ,,,,,MIRAEAMC - MAN50ETF,262.54,262.98,261.42,261.86,262.05,261.92,,261.86,,,129763,34024418.6,619,F1,1,,,,,
2026-07-16,2026-07-16,CM,NSE,STK,14786,INF769K01JU9,LOWVOL,EQ,,,,,MIRAEAMC - MANV30F,204.7,206.5,204.7,205.3,205.3,205.69,,205.3,,,206,42366.22,8,F1,1,,,,,
2026-07-16,2026-07-16,CM,NSE,STK,17181,INF769K01FN2,NEXT50,EQ,,,,,MIRAEAMC - MANXT50,742.48,747.6,739.55,740.04,739.84,742.45,,740.06,,,29793,22164037.48,1254,F1,1,,,,,
2026-07-16,2026-07-16,CM,NSE,STK,16777,INF769K01KG6,SILVERAG,EQ,,,,,MIRAEAMC - MASILVER,211.61,211.61,209.75,210.46,210.99,212.53,,210.46,,,138638,29182281.11,2584,F1,1,,,,,
2026-07-16,2026-07-16,CM,NSE,STK,5782,INF769K01HP3,MASPTOP50,EQ,,,,,MIRAEAMC - MASPTOP50,79.81,79.81,79.81,79.81,79.81,79.02,,79.81,,,39146,3124242.26,161,F1,1,,,,,
2026-07-16,2026-07-16,CM,NSE,STK,25744,INF769K01LY7,METAL,EQ,,,,,MIRAEAMC - METAL,12.73,12.73,12.61,12.63,12.65,12.68,,12.63,,,1571163,19887818.72,8379,F1,1,,,,,
2026-07-16,2026-07-16,CM,NSE,STK,23855,INF769K01LJ8,MIDSMALL,EQ,,,,,MIRAEAMC - MIDSMALL,51.45,51.45,50.55,50.78,50.85,50.94,,50.78,,,204923,10408169.34,653,F1,1,,,,,
2026-07-16,2026-07-16,CM,NSE,STK,25080,INF769K01LX9,MULTICAP,EQ,,,,,MIRAEAMC - MULTICAP,16.68,16.74,16.61,16.63,16.69,16.66,,16.63,,,76590,1276989.66,542,F1,1,,,,,
2026-07-16,2026-07-16,CM,NSE,STK,30109,INF769K01ON4,SELECTIPO,EQ,,,,,MIRAEAMC - SELECTIPO,46.42,47.26,46.42,46.56,46.73,46.99,,46.56,,,38453,1802632.71,127,F1,1,,,,,
2026-07-16,2026-07-16,CM,NSE,STK,19224,INF769K01KT9,SENSEXETF,EQ,,,,,MIRAEAMC - SENSEXETF,79.7,79.98,79.45,79.48,79.52,79.49,,79.49,,,8953,713494.04,175,F1,1,,,,,
2026-07-16,2026-07-16,CM,NSE,STK,759814,INF769K01PQ4,SMALL250,EQ,,,,,MIRAEAMC - SMALL250,18.22,18.22,18.07,18.12,18.12,18.12,,18.13,,,275486,4994329.93,616,F1,1,,,,,
2026-07-16,2026-07-16,CM,NSE,STK,22832,INF769K01LC3,SMALLCAP,EQ,,,,,MIRAEAMC - SMALLCAP,47.49,47.68,47.24,47.48,47.46,47.43,,47.48,,,2668922,126551085.5,2578,F1,1,,,,,
2026-07-16,2026-07-16,CM,NSE,STK,760415,INF769K01PZ5,TOP20,EQ,,,,,MIRAEAMC - TOP20,8.79,8.81,8.74,8.75,8.77,8.75,,8.75,,,15476,135728.54,134,F1,1,,,,,
2026-07-16,2026-07-16,CM,NSE,STK,761511,INF769K01QV2,VALUE,EQ,,,,,MIRAEAMC - VALUE,16.08,16.14,15.99,16.03,16.04,16.06,,16.01,,,22313,358563.19,48,F1,1,,,,,
2026-07-16,2026-07-16,CM,NSE,STK,4394,INE771A01026,MIRZAINT,EQ,,,,,MIRZA INTERNATIONAL LIMIT,37.4,38.31,37.07,37.18,37.29,37.42,,37.18,,,264982,9995964.22,1283,F1,1,,,,,
2026-07-16,2026-07-16,CM,NSE,STK,2463,INE099Z01011,MIDHANI,EQ,,,,,MISHRA DHATU NIGAM LTD,415.45,417.3,410.4,412.25,414.0,413.95,,412.3,,,292449,120963492.85,8947,F1,1,,,,,
2026-07-16,2026-07-16,CM,NSE,STK,8475,INE828O01033,MITCON,BE,,,,,MITCON CON & ENG SER LTD,75.4,76.0,71.0,75.43,75.4,72.4,,75.43,,,1451,109460.8,19,F1,1,,,,,
2026-07-16,2026-07-16,CM,NSE,STK,18562,INE997Y01027,MITTAL,EQ,,,,,MITTAL LIFE STYLE LIMITED,0.95,0.96,0.93,0.93,0.93,0.93,,0.93,,,324786,307457.81,250,F1,1,,,,,
2026-07-16,2026-07-16,CM,NSE,STK,13844,INE227C01017,MMFL,EQ,,,,,MM FORGINGS LTD,520.5,528.9,512.35,524.1,524.1,520.5,,524.1,,,126620,65829619.7,3749,F1,1,,,,,
2026-07-16,2026-07-16,CM,NSE,STK,16395,INE511Y01018,MMP,EQ,,,,,MMP INDUSTRIES LIMITED,280.35,288.0,280.1,284.4,284.8,280.05,,284.4,,,27996,7955999.4,1158,F1,1,,,,,
2026-07-16,2026-07-16,CM,NSE,STK,17957,INE123F01029,MMTC,EQ,,,,,MMTC LIMITED,64.55,64.74,63.8,64.2,64.17,64.55,,64.2,,,1169220,75133709.66,9445,F1,1,,,,,
2026-07-16,2026-07-16,CM,NSE,STK,2241,INE794W01014,MODTHREAD,EQ,,,,,MODERN THREADS INDIA LTD,45.8,49.5,45.01,46.53,45.01,45.8,,46.53,,,7611,352660.99,73,F1,1,,,,,
2026-07-16,2026-07-16,CM,NSE,STK,760280,INE537F01012,MODINATUR,BE,,,,,MODI NATURALS LIMITED,425.0,425.0,392.05,400.8,400.0,410.55,,401.1,,,3529,1444499.5,67,F1,1,,,,,
2026-07-16,2026-07-16,CM,NSE,STK,2229,INE832A01018,MODIRUBBER,EQ,,,,,MODI RUBBER LTD,129.34,130.5,128.0,128.64,129.89,128.06,,128.15,,,643,82632.02,23,F1,1,,,,,
2026-07-16,2026-07-16,CM,NSE,STK,759752,INE0L0L01012,MODIS,EQ,,,,,MODIS NAVNIRMAN LTD,346.5,347.3,343.0,345.15,343.0,345.15,,345.15,,,1372,474048.65,110,F1,1,,,,,
2026-07-16,2026-07-16,CM,NSE,STK,3325,INE737D01021,MODISONLTD,BE,,,,,MODISON LIMITED,291.4,302.45,284.9,302.45,302.45,288.05,,303.3,,,71345,21263161.3,724,F1,1,,,,,
2026-07-16,2026-07-16,CM,NSE,STK,29423,INE954E01012,MOHITIND,EQ,,,,,MOHIT INDUSTRIES LTD,24.3,24.3,23.01,23.2,23.01,22.78,,23.2,,,4980,116884.17,49,F1,1,,,,,
2026-07-16,2026-07-16,CM,NSE,STK,20830,INE490G01020,MOIL,EQ,,,,,MOIL LIMITED,274.0,281.7,271.35,272.85,272.0,274.1,,272.85,,,434026,119481644.4,13004,F1,1,,,,,
2026-07-16,2026-07-16,CM,NSE,STK,3586,INE514Y01020,MOKSH,EQ,,,,,MOKSH ORNAMENTS LIMITED,11.49,11.72,11.31,11.36,11.46,11.48,,11.36,,,515866,5899936.98,339,F1,1,,,,,
2026-07-16,2026-07-16,CM,NSE,STK,6713,INE893J01029,MOLDTKPAC,EQ,,,,,MOLD-TEK PACKAGING LTD,686.0,706.0,682.1,695.9,697.65,686.05,,695.85,,,30662,21291546.2,2780,F1,1,,,,,
2026-07-16,2026-07-16,CM,NSE,STK,17625,INE835B01035,MOLDTECH,EQ,,,,,MOLD-TEK TECHNOLOGIES LTD,126.0,128.49,125.5,126.22,127.0,126.08,,126.22,,,11469,1459185.89,295,F1,1,,,,,
2026-07-16,2026-07-16,CM,NSE,STK,7679,INE903D01011,MONARCH,EQ,,,,,MONARCH NETWORTH CAP LTD,361.05,367.9,358.55,362.45,365.0,358.55,,362.45,,,54805,19891014.55,1929,F1,1,,,,,
2026-07-16,2026-07-16,CM,NSE,STK,759381,INE296Q01012,MONEYBOXX,EQ,,,,,MONEYBOXX FINANCE LIMITED,61.02,61.16,60.0,60.4,60.6,60.7,,60.4,,,10553,636428.05,247,F1,1,,,,,
2026-07-16,2026-07-16,CM,NSE,STK,18392,INE0OIP01012,MONOPHARMA,SM,,,,,MONO PHARMACARE LIMITED,10.5,10.75,10.5,10.75,10.75,10.25,,10.75,,,4000,42500.0,2,F1,2000,,,,,
2026-07-16,2026-07-16,CM,NSE,STK,756958,INE1DV401010,MONOLITH,SM,,,,,MONOLITHISCH INDIA LTD,792.0,792.0,757.0,759.1,759.0,766.15,,759.1,,,17750,13678975.0,67,F1,250,,,,,
2026-07-16,2026-07-16,CM,NSE,STK,5938,INE950M01013,MONTECARLO,EQ,,,,,MONTE CARLO FASHIONS LTD.,540.0,548.95,531.55,536.9,535.0,539.95,,536.9,,,33529,18139146.85,1750,F1,1,,,,,
2026-07-16,2026-07-16,CM,NSE,STK,25876,INE161G01027,MORARJEE,BZ,,,,,MORARJEE TEXTILES LIMITED,11.82,11.83,10.83,11.82,11.83,11.27,,11.82,,,85469,1008104.85,153,F1,1,,,,,
2026-07-16,2026-07-16,CM,NSE,STK,2259,INE083A01026,MOREPENLAB,EQ,,,,,MOREPEN LAB. LTD,61.85,62.33,60.66,60.83,60.89,61.24,,60.83,,,4567550,279785789.38,13170,F1,1,,,,,
2026-07-16,2026-07-16,CM,NSE,STK,15057,INE0N7S01028,MOS,ST,,,,,MOS UTILITY LIMITED,13.25,13.35,13.2,13.25,13.2,13.85,,13.25,,,472000,6241600.0,69,F1,4000,,,,,
2026-07-16,2026-07-16,CM,NSE,STK,29459,INE935B01025,MOSCHIP,EQ,,,,,MOSCHIP TECHNOLOGIES LTD,249.9,255.78,244.05,247.61,245.0,247.98,,247.61,,,8054073,2013840027.69,69877,F1,1,,,,,
2026-07-16,2026-07-16,CM,NSE,STK,8596,INE0FS801015,MSUMI,EQ,,,,,MOTHERSON SUMI WRNG IND L,39.74,39.81,39.35,39.7,39.67,39.63,,39.7,,,7496320,296758754.24,33308,F1,1,,,,,
2026-07-16,2026-07-16,CM,NSE,STK,21423,INF247L01023,MOM100,EQ,,,,,MOTILAL OS MIDCAP100 ETF,67.97,68.28,67.55,67.81,67.63,67.97,,67.81,,,195766,13285229.32,1943,F1,1,,,,,
2026-07-16,2026-07-16,CM,NSE,STK,22739,INF247L01AP3,MON100,EQ,,,,,MOTILAL OS NASDAQ100 ETF,333.61,333.61,333.61,333.61,333.61,328.05,,333.61,,,290236,96825631.96,1365,F1,1,,,,,
2026-07-16,2026-07-16,CM,NSE,STK,14947,INE338I01027,MOTILALOFS,EQ,,,,,MOTILAL OSWAL FIN LTD,970.15,974.05,951.5,954.9,955.95,967.45,,954.85,,,463045,443424975.9,31741,F1,1,,,,,
2026-07-16,2026-07-16,CM,NSE,STK,19289,INF247L01536,MOM50,EQ,,,,,MOTILAL OSWAL M50 ETF,252.78,253.0,251.08,251.41,251.62,252.78,,251.42,,,3074,773362.17,99,F1,1,,,,,
2026-07-16,2026-07-16,CM,NSE,STK,1507,INF247L01AK4,MOGSEC,EQ,,,,,MOTILALAMC - G5,65.0,65.28,64.81,65.22,65.27,65.26,,65.22,,,2215,144115.46,903,F1,1,,,,,
2026-07-16,2026-07-16,CM,NSE,STK,757669,INF247L01FR8,MOALPHA50,EQ,,,,,MOTILALAMC - MOALPHA50,54.01,54.16,53.65,53.86,53.87,54.18,,53.86,,,1857,100094.9,40,F1,1,,,,,
2026-07-16,2026-07-16,CM,NSE,STK,761693,INF247L01GV8,MOBANK10,EQ,,,,,MOTILALAMC - MOBANK10,17.41,17.68,17.27,17.31,17.31,17.41,,17.31,,,22348,387057.1,77,F1,1,,,,,
2026-07-16,2026-07-16,CM,NSE,STK,30065,INF247L01EV3,MOCAPITAL,EQ,,,,,MOTILALAMC - MOCAPITAL,55.88,55.88,54.18,54.26,54.5,55.61,,54.26,,,1401562,76498066.98,5204,F1,1,,,,,
2026-07-16,2026-07-16,CM,NSE,STK,24944,INF247L01DJ0,MODEFENCE,EQ,,,,,MOTILALAMC - MODEFENCE,102.05,103.27,101.67,101.91,101.92,102.28,,101.91,,,822926,83969440.22,5780,F1,1,,,,,
2026-07-16,2026-07-16,CM,NSE,STK,759374,INF247L01GH7,MOENERGY,EQ,,,,,MOTILALAMC - MOENERGY,39.96,39.96,39.17,39.39,39.6,39.57,,39.39,,,125195,4946341.35,624,F1,1,,,,,
2026-07-16,2026-07-16,CM,NSE,STK,757791,INF247L01FY4,MOGOLD,EQ,,,,,MOTILALAMC - MOGOLD,138.95,139.85,138.85,139.3,139.1,139.5,,139.3,,,8859,1233659.1,389,F1,1,,,,,
2026-07-16,2026-07-16,CM,NSE,STK,10508,INF247L01BB1,MOHEALTH,EQ,,,,,MOTILALAMC - MOHEALTH,51.12,51.5,50.78,51.06,51.15,51.12,,51.07,,,39260,2007366.4,465,F1,1,,,,,
2026-07-16,2026-07-16,CM,NSE,STK,757031,INF247L01FL1,MOINFRA,EQ,,,,,MOTILALAMC - MOINFRA,60.86,61.35,60.7,61.06,60.7,61.16,,61.06,,,2027,124056.12,61,F1,1,,,,,
2026-07-16,2026-07-16,CM,NSE,STK,759891,INF247L01GI5,MOIPO,EQ,,,,,MOTILALAMC - MOIPO,47.12,47.12,46.68,46.92,46.92,46.98,,46.92,,,5186,243191.65,26,F1,1,,,,,
2026-07-16,2026-07-16,CM,NSE,STK,8654,INF247L01BL0,MOLOWVOL,EQ,,,,,MOTILALAMC - MOLOWVOL,37.09,37.09,36.77,36.77,36.77,36.98,,36.77,,,908,33431.07,28,F1,1,,,,,
2026-07-16,2026-07-16,CM,NSE,STK,25606,INF247L01DK8,MOMENTUM50,EQ,,,,,MOTILALAMC - MOMENTUM50,53.5,53.5,52.71,53.03,53.03,53.12,,53.03,,,308201,16346748.06,1359,F1,1,,,,,
2026-07-16,2026-07-16,CM,NSE,STK,757099,INF247L01FK3,MOMGF,EQ,,,,,MOTILALAMC - MOMGF,159.65,159.65,158.86,159.32,159.48,159.22,,159.32,,,422,67294.5,12,F1,1,,,,,
2026-07-16,2026-07-16,CM,NSE,STK,757817,INF247L01FQ0,MOMIDMTM,EQ,,,,,MOTILALAMC - MOMIDMTM,63.95,64.03,63.0,63.45,64.03,63.75,,63.45,,,56463,3584503.39,279,F1,1,,,,,
2026-07-16,2026-07-16,CM,NSE,STK,760054,INF247L01GK1,MOMNC,EQ,,,,,MOTILALAMC - MOMNC,32.45,32.53,32.4,32.4,32.41,32.45,,32.4,,,939,30516.55,10,F1,1,,,,,
2026-07-16,2026-07-16,CM,NSE,STK,8182,INF247L01BK2,MOMOMENTUM,EQ,,,,,MOTILALAMC - MOMOMENTUM,62.18,62.44,61.4,61.48,61.93,61.88,,61.49,,,31559,1950116.46,347,F1,1,,,,,
2026-07-16,2026-07-16,CM,NSE,STK,756900,INF247L01FC0,MON50EQUAL,EQ,,,,,MOTILALAMC - MON50EQUAL,33.17,33.19,32.84,32.96,33.0,33.12,,32.96,,,4047,133589.92,40,F1,1,,,,,
2026-07-16,2026-07-16,CM,NSE,STK,757167,INF247L01FD8,MONEXT50,EQ,,,,,MOTILALAMC - MONEXT50,71.56,72.32,71.17,71.82,71.87,71.89,,71.82,,,1787,128480.77,49,F1,1,,,,,
2026-07-16,2026-07-16,CM,NSE,STK,759371,INF247L01GG9,MONIFTY100,EQ,,,,,MOTILALAMC - MONIFTY100,25.35,25.43,25.23,25.31,25.32,25.44,,25.31,,,45615,1159653.5,59,F1,1,,,,,
2026-07-16,2026-07-16,CM,NSE,STK,19237,INF247L01BU1,MONIFTY500,EQ,,,,,MOTILALAMC - MONIFTY500,23.75,23.91,23.69,23.79,23.88,23.76,,23.8,,,390663,9312460.73,1270,F1,1,,,,,
2026-07-16,2026-07-16,CM,NSE,STK,7422,INF247L01AU3,MONQ50,EQ,,,,,MOTILALAMC - MONQ50,143.8,143.8,143.7,143.8,143.8,142.71,,143.8,,,82889,11919414.16,1708,F1,1,,,,,
2026-07-16,2026-07-16,CM,NSE,STK,757431,INF247L01FO5,MOPSE,EQ,,,,,MOTILALAMC - MOPSE,100.6,100.85,100.25,100.25,100.25,100.56,,100.25,,,44,4423.61,8,F1,1,,,,,
2026-07-16,2026-07-16,CM,NSE,STK,10822,INF247L01BH8,MOQUALITY,EQ,,,,,MOTILALAMC - MOQUALITY,201.04,201.57,200.29,200.73,200.95,200.34,,200.73,,,4369,876555.95,21,F1,1,,,,,
2026-07-16,2026-07-16,CM,NSE,STK,23184,INF247L01CI4,MOREALTY,EQ,,,,,MOTILALAMC - MOREALTY,92.35,92.35,90.45,90.59,90.7,91.36,,90.59,,,588334,53485806.15,2034,F1,1,,,,,
2026-07-16,2026-07-16,CM,NSE,STK,760001,INF247L01GJ3,MOSERVICE,EQ,,,,,MOTILALAMC - MOSERVICE,31.32,31.45,31.2,31.21,31.2,31.38,,31.21,,,4049,126463.64,33,F1,1,,,,,
2026-07-16,2026-07-16,CM,NSE,STK,758457,INF247L01FZ1,MOSILVER,EQ,,,,,MOTILALAMC - MOSILVER,215.0,215.0,213.22,214.04,214.62,215.69,,214.05,,,58503,12528148.86,1421,F1,1,,,,,
2026-07-16,2026-07-16,CM,NSE,STK,23181,INF247L01CH6,MOSMALL250,EQ,,,,,MOTILALAMC - MOSMALL250,18.39,18.39,18.12,18.2,18.19,18.22,,18.2,,,789580,14366105.19,1749,F1,1,,,,,
2026-07-16,2026-07-16,CM,NSE,STK,757443,INF247L01FP2,MOTOUR,EQ,,,,,MOTILALAMC - MOTOUR,80.29,80.37,78.94,79.22,79.4,80.33,,79.22,,,37437,2982148.82,269,F1,1,,,,,
2026-07-16,2026-07-16,CM,NSE,STK,10825,INF247L01BE5,MOVALUE,EQ,,,,,MOTILALAMC - MOVALUE,113.92,114.48,113.43,113.53,113.67,113.89,,113.52,,,41811,4761449.3,566,F1,1,,,,,
2026-07-16,2026-07-16,CM,NSE,STK,20788,INE0FRK01020,MOTISONS,EQ,,,,,MOTISONS JEWELLERS LTD,14.02,14.14,13.95,14.08,14.03,13.98,,14.08,,,18501308,259694752.19,6253,F1,1,,,,,
2026-07-16,2026-07-16,CM,NSE,STK,8793,INE861B01023,MOTOGENFIN,BE,,,,,MOTOR & GENERAL FINANCE L,27.51,27.77,27.05,27.11,27.11,27.52,,27.15,,,4989,136426.59,40,F1,1,,,,,
2026-07-16,2026-07-16,CM,NSE,STK,757813,INE0XM301010,MMEL,ST,,,,,MOVING MEDIA ENTER LTD,30.35,30.35,29.8,29.8,29.8,31.35,,29.8,,,8000,240500.0,4,F1,2000,,,,,
2026-07-16,2026-07-16,CM,NSE,STK,4503,INE356A01018,MPHASIS,EQ,,,,,MPHASIS LIMITED,2359.0,2392.0,2345.5,2352.0,2365.0,2339.2,,2351.9,,,311584,737641970.1,23216,F1,1,,,,,
2026-07-16,2026-07-16,CM,NSE,STK,10578,INE943D01017,MPSLTD,EQ,,,,,MPS LIMITED,2000.0,2088.5,2000.0,2059.7,2064.3,2005.9,,2059.6,,,29756,61139874.3,3032,F1,1,,,,,
2026-07-16,2026-07-16,CM,NSE,STK,2277,INE883A01011,MRF,EQ,,,,,MRF LTD,132330.0,133180.0,131065.0,131430.0,131605.0,131675.0,,131430.0,,,3659,482442735.0,2755,F1,1,,,,,
2026-07-16,2026-07-16,CM,NSE,STK,2283,INE103A01014,MRPL,EQ,,,,,MRPL,163.75,178.4,160.62,173.33,174.1,157.47,,173.34,,,204353491,35249857713.45,770633,F1,1,,,,,
2026-07-16,2026-07-16,CM,NSE,STK,1628,INE495P01020,BECTORFOOD,EQ,,,,,MRS BECTORS FOOD SPE LTD,182.01,197.5,177.52,192.23,194.5,168.97,,192.23,,,71620356,13628043622.92,419568,F1,1,,,,,
2026-07-16,2026-07-16,CM,NSE,STK,11919,INE752G01015,MSPL,EQ,,,,,MSP STEEL & POWER LTD.,36.56,37.79,36.56,37.19,37.3,37.04,,37.19,,,423346,15723904.47,3384,F1,1,,,,,
2026-07-16,2026-07-16,CM,NSE,STK,9356,INE255X01014,MSTCLTD,EQ,,,,,MSTC LIMITED,660.9,665.95,621.2,631.85,635.0,654.75,,631.9,,,330784,212384174.15,10686,F1,1,,,,,
2026-07-16,2026-07-16,CM,NSE,STK,31413,INE472M01018,MTEDUCARE,BE,,,,,MT EDUCARE LTD,2.0,2.0,1.89,1.91,1.9,1.91,,1.92,,,33098,66080.83,46,F1,1,,,,,
2026-07-16,2026-07-16,CM,NSE,STK,2715,INE864I01014,MTARTECH,BE,,,,,MTAR TECHNOLOGIES LIMITED,6485.0,6590.0,6364.0,6364.0,6364.0,6698.5,,6363.0,,,108240,693018410.5,15811,F1,1,,,,,
2026-07-16,2026-07-16,CM,NSE,STK,19783,INE08KJ01020,MUFIN,EQ,,,,,MUFIN GREEN FINANCE LTD,129.8,130.2,126.56,127.29,126.61,129.26,,127.29,,,724740,92707809.32,3382,F1,1,,,,,
2026-07-16,2026-07-16,CM,NSE,STK,11325,INE304A01026,MUKANDLTD,EQ,,,,,MUKAND LTD.,143.8,148.49,137.94,146.2,147.01,141.65,,146.17,,,647933,93248514.13,7393,F1,1,,,,,
2026-07-16,2026-07-16,CM,NSE,STK,22980,INE0CG401037,MUKKA,EQ,,,,,MUKKA PROTEINS LIMITED,23.5,23.7,22.91,23.07,23.01,23.33,,23.07,,,175054,4068192.8,792,F1,1,,,,,
2026-07-16,2026-07-16,CM,NSE,STK,8691,INE374B01019,MUKTAARTS,BE,,,,,MUKTA ARTS LIMITED,51.98,51.99,50.8,51.28,50.8,51.21,,51.28,,,1827,94316.51,17,F1,1,,,,,
2026-07-16,2026-07-16,CM,NSE,STK,31181,INE745G01043,MCX,EQ,,,,,MULTI COMMODITY EXCHANGE,2898.0,2903.2,2810.0,2815.5,2819.2,2892.6,,2815.5,,,1430775,4061566879.5,84958,F1,1,,,,,
2026-07-16,2026-07-16,CM,NSE,STK,759419,INE1K8Y01018,MUNISH,ST,,,,,MUNISH FORGE LIMITED,70.0,72.7,70.0,70.05,70.05,69.25,,70.05,,,67200,4751760.0,56,F1,1200,,,,,
2026-07-16,2026-07-16,CM,NSE,STK,13511,INE672B01032,MUNJALAU,EQ,,,,,MUNJAL AUTO IND. LTD.,106.47,107.9,104.5,106.24,105.0,106.65,,106.26,,,333817,35252352.88,3966,F1,1,,,,,
2026-07-16,2026-07-16,CM,NSE,STK,2307,INE577A01027,MUNJALSHOW,EQ,,,,,MUNJAL SHOWA LTD,137.1,137.77,135.02,135.52,135.02,136.11,,135.52,,,42357,5774594.1,656,F1,1,,,,,
2026-07-16,2026-07-16,CM,NSE,STK,2313,INE692B01014,MURUDCERA,EQ,,,,,MURUDESHWAR CERAMICS LTD,31.25,31.5,31.0,31.06,31.1,31.25,,31.06,,,3908,121711.99,88,F1,1,,,,,
2026-07-16,2026-07-16,CM,NSE,STK,19877,INE919I01024,RADIOCITY,EQ,,,,,MUSIC BROADCAST LIMITED,6.04,6.14,5.97,5.98,6.0,6.04,,5.98,,,31102,186634.03,125,F1,1,,,,,
2026-07-16,2026-07-16,CM,NSE,STK,10415,INE296G01013,MUTHOOTCAP,EQ,,,,,MUTHOOT CAP SERV LTD,234.0,239.9,227.5,233.77,234.8,228.71,,233.79,,,65739,15382801.75,1523,F1,1,,,,,
2026-07-16,2026-07-16,CM,NSE,STK,23650,INE414G01012,MUTHOOTFIN,EQ,,,,,MUTHOOT FINANCE LIMITED,3016.2,3020.0,2990.0,2996.1,2997.0,3016.2,,2996.1,,,341497,1025414061.1,38970,F1,1,,,,,
2026-07-16,2026-07-16,CM,NSE,STK,20831,INE046W01019,MUTHOOTMF,EQ,,,,,MUTHOOT MICROFIN LIMITED,247.0,250.0,240.55,244.02,243.13,245.54,,244.02,,,593142,145090223.57,7917,F1,1,,,,,
2026-07-16,2026-07-16,CM,NSE,STK,25208,INE0RVQ01016,MYMUDRA,SM,,,,,MY MUDRA FINCORP LIMITED,69.95,73.7,68.5,69.25,68.5,67.9,,69.25,,,24000,1708200.0,20,F1,1200,,,,,
2026-07-16,2026-07-16,CM,NSE,STK,20314,INE740D01017,NRAIL,EQ,,,,,N R AGARWAL INDS LTD,451.0,451.0,423.0,427.3,429.0,443.85,,427.3,,,6961,2980706.85,502,F1,1,,,,,
2026-07-16,2026-07-16,CM,NSE,STK,757492,INE104101014,NRVANDANA,ST,,,,,N R VANDANA TEX IND LTD,72.5,72.5,68.05,70.5,71.0,71.2,,70.5,,,15000,1062150.0,5,F1,3000,,,,,
2026-07-16,2026-07-16,CM,NSE,STK,19111,INE365I01020,NBIFIN,EQ,,,,,N.B.I. IND. FIN. CO. LTD,2260.0,2279.9,2199.2,2223.3,2220.0,2241.1,,2223.3,,,243,539478.8,69,F1,1,,,,,
2026-07-16,2026-07-16,CM,NSE,STK,20425,INE295D01020,NACLIND,EQ,,,,,NACL INDUSTRIES LIMITED,223.0,223.0,214.37,216.83,215.99,222.96,,216.83,,,815709,176736059.95,13233,F1,1,,,,,
2026-07-16,2026-07-16,CM,NSE,STK,18371,INE756C01015,NDGL,EQ,,,,,NAGA DHUNSERI GROUP LTD,2920.0,2950.0,2813.0,2878.7,2919.0,2783.1,,2878.7,,,157,456089.1,76,F1,1,,,,,
2026-07-16,2026-07-16,CM,NSE,STK,14943,INE245I01016,NAGREEKCAP,BE,,,,,NAGREEKA CAP & INFR.LTD,23.02,24.19,23.02,23.95,23.95,23.93,,23.95,,,3134,73504.24,26,F1,1,,,,,
2026-07-16,2026-07-16,CM,NSE,STK,14702,INE123B01028,NAGREEKEXP,EQ,,,,,NAGREEKA EXPORTS LTD.,23.51,24.49,23.51,24.07,24.49,24.05,,24.1,,,2146,51883.8,51,F1,1,,,,,
2026-07-16,2026-07-16,CM,NSE,STK,15360,INE049I01012,NAHARCAP,EQ,,,,,NAHAR CAP & FIN.,254.0,254.0,248.5,248.67,248.5,250.02,,248.67,,,321,79832.56,19,F1,1,,,,,
2026-07-16,2026-07-16,CM,NSE,STK,13106,INE289A01011,NAHARINDUS,EQ,,,,,NAHAR INDS ENT LTD,117.46,118.5,115.51,117.08,115.51,116.87,,117.08,,,9186,1076994.94,239,F1,1,,,,,
2026-07-16,2026-07-16,CM,NSE,STK,14445,INE308A01027,NAHARPOLY,EQ,,,,,NAHAR POLY FILMS LIMITED,250.35,253.0,246.0,251.95,252.45,250.35,,251.95,,,3339,836544.7,232,F1,1,,,,,
2026-07-16,2026-07-16,CM,NSE,STK,14443,INE290A01027,NAHARSPING,BE,,,,,NAHAR SPINNING MILLS LTD.,276.1,283.95,276.05,282.15,282.9,276.05,,282.15,,,24884,7012207.75,266,F1,1,,,,,
2026-07-16,2026-07-16,CM,NSE,STK,5404,INE236Y01012,NGIL,BE,,,,,NAKODA GROUP OF IND. LTD,40.99,40.99,38.5,39.24,38.5,39.05,,39.3,,,3097,124056.75,26,F1,1,,,,,
2026-07-16,2026-07-16,CM,NSE,STK,11239,INE023A01030,NSIL,EQ,,,,,NALWA SONS INVESTMENT LTD,5496.0,5525.0,5400.0,5407.5,5400.0,5466.0,,5398.0,,,975,5307145.5,241,F1,1,,,,,
2026-07-16,2026-07-16,CM,NSE,STK,23379,INE0RJM01010,NAMAN,SM,,,,,NAMAN INDUSTRE PRXIMA LTD,45.0,45.0,43.0,43.0,43.0,45.0,,43.0,,,2400,106400.0,2,F1,800,,,,,
2026-07-16,2026-07-16,CM,NSE,STK,25170,INE08NZ01012,NAMOEWASTE,ST,,,,,NAMO EWASTE MANAGEMENT L,282.0,282.0,281.3,281.3,281.3,287.0,,281.3,,,15200,4277680.0,18,F1,800,,,,,
2026-07-16,2026-07-16,CM,NSE,STK,31258,INE875G01048,NDL,EQ,,,,,NANDAN DENIM LIMITED,2.37,2.42,2.36,2.41,2.42,2.38,,2.41,,,537917,1287307.94,773,F1,1,,,,,
2026-07-16,2026-07-16,CM,NSE,STK,5516,INE696V01013,JAIPURKURT,EQ,,,,,NANDANI CREATION LIMITED,28.49,28.49,27.46,27.66,28.0,27.71,,27.66,,,258,7226.28,21,F1,1,,,,,
2026-07-16,2026-07-16,CM,NSE,STK,11840,INE410P01011,NH,EQ,,,,,NARAYANA HRUDAYALAYA LTD.,2045.0,2045.0,2016.0,2034.8,2027.0,2037.4,,2034.6,,,140773,286051178.3,17297,F1,1,,,,,
2026-07-16,2026-07-16,CM,NSE,STK,11627,INE117Z01011,NARMADA,EQ,,,,,NARMADA AGROBASE LIMITED,36.99,38.5,36.99,37.98,37.79,35.43,,37.98,,,4355186,165835465.8,14141,F1,1,,,,,
2026-07-16,2026-07-16,CM,NSE,STK,3918,INE987B01026,NATCOPHARM,EQ,,,,,NATCO PHARMA LTD.,970.7,984.95,964.0,966.2,965.0,969.75,,966.15,,,334009,324605974.15,24988,F1,1,,,,,
2026-07-16,2026-07-16,CM,NSE,STK,11065,INE448G01010,NATHBIOGEN,EQ,,,,,NATH BIO-GENES (I) LTD,161.12,161.12,158.0,158.97,159.0,160.62,,158.98,,,23509,3746539.61,473,F1,1,,,,,
2026-07-16,2026-07-16,CM,NSE,STK,6364,INE139A01034,NATIONALUM,EQ,,,,,NATIONAL ALUMINIUM CO LTD,363.0,364.55,353.6,354.45,355.0,361.5,,354.45,,,6648003,2377717966.35,61432,F1,1,,,,,
2026-07-16,2026-07-16,CM,NSE,STK,13925,INE870D01012,NFL,EQ,,,,,NATIONAL FERT. LTD,74.0,74.2,73.06,73.34,73.4,73.79,,73.35,,,612111,45140291.7,3727,F1,1,,,,,
2026-07-16,2026-07-16,CM,NSE,STK,6531,INE0H7R23014,NHIT,IV,,,,,NATIONAL HIGHW INFRA TRUS,166.0,166.0,166.0,166.0,166.0,166.0,,166.0,,,50000,8300000.0,1,F1,25000,,,,,
2026-07-16,2026-07-16,CM,NSE,STK,762807,INE166R01015,NATIONSTD,EQ,,,,,NATIONAL STAND (INDIA) L,435.2,435.2,435.2,435.2,435.2,458.1,,435.2,,,1300,565760.0,144,F1,1,,,,,
2026-07-16,2026-07-16,CM,NSE,STK,29583,INE936B01015,NATCAPSUQ,EQ,,,,,NATURAL CAPSULES LIMITED,143.5,145.99,141.11,142.11,142.99,142.2,,143.6,,,8333,1190630.07,703,F1,1,,,,,
2026-07-16,2026-07-16,CM,NSE,STK,4014,INE725A01030,NAVA,EQ,,,,,NAVA LIMITED,594.85,600.0,588.45,590.7,591.0,593.15,,590.65,,,180171,106821420.35,12520,F1,1,,,,,
2026-07-16,2026-07-16,CM,NSE,STK,14672,INE048G01026,NAVINFLUOR,EQ,,,,,NAVIN FLUORINE INT. LTD,7620.0,7717.0,7620.0,7650.0,7675.0,7618.0,,7650.0,,,90788,694944393.5,16497,F1,1,,,,,
2026-07-16,2026-07-16,CM,NSE,STK,10557,INE278M01019,NAVKARCORP,EQ,,,,,NAVKAR CORPORATION LTD.,117.0,118.32,114.71,116.25,116.4,116.09,,116.25,,,1066437,124053409.51,10374,F1,1,,,,,
2026-07-16,2026-07-16,CM,NSE,STK,29149,INE268H01044,NAVKARURB,BE,,,,,NAVKAR URBANSTRUCTURE LTD,1.08,1.11,1.08,1.11,1.11,1.06,,1.11,,,1437304,1592381.68,282,F1,1,,,,,
2026-07-16,2026-07-16,CM,NSE,STK,2385,INE060A01024,NAVNETEDUL,EQ,,,,,NAVNEET EDUCATION LTD,150.5,153.03,148.91,149.46,149.95,150.45,,149.47,,,734413,110412507.5,4061,F1,1,,,,,
2026-07-16,2026-07-16,CM,NSE,STK,2987,INE418L01047,NAZARA,EQ,,,,,NAZARA TECHNOLOGIES LTD,311.0,315.0,307.1,308.05,307.5,310.1,,308.05,,,1656571,514125049.25,13660,F1,1,,,,,
2026-07-16,2026-07-16,CM,NSE,STK,31415,INE095N01031,NBCC,EQ,,,,,NBCC (INDIA) LIMITED,98.11,98.29,96.7,97.3,97.27,97.82,,97.3,,,5991681,583659933.72,29323,F1,1,,,,,
2026-07-16,2026-07-16,CM,NSE,STK,2319,INE868B01028,NCC,EQ,,,,,NCC LIMITED,142.5,143.57,140.68,140.9,141.12,142.3,,140.9,,,1374966,194675612.34,18225,F1,1,,,,,
2026-07-16,2026-07-16,CM,NSE,STK,14490,INE732C01016,NCLIND,EQ,,,,,NCL INDUSTRIES LIMITED,187.95,189.3,186.0,188.39,188.0,187.81,,188.4,,,34578,6484026.93,1026,F1,1,,,,,
2026-07-16,2026-07-16,CM,NSE,STK,14547,INE353A01023,NDLVENTURE,EQ,,,,,NDL VENTURES LIMITED,131.29,131.29,127.23,128.08,128.0,131.23,,128.08,,,19233,2481096.94,353,F1,1,,,,,
2026-07-16,2026-07-16,CM,NSE,STK,22255,INE07OG01012,NDRAUTO,EQ,,,,,NDR AUTO COMPONENTS LTD,827.1,834.65,820.0,829.15,831.0,821.0,,829.15,,,14317,11841744.75,1269,F1,1,,,,,
2026-07-16,2026-07-16,CM,NSE,STK,11427,INE155G01029,NDTV,EQ,,,,,NDTV LTD,81.95,81.95,80.11,80.57,80.85,81.4,,80.57,,,211223,17053411.86,1990,F1,1,,,,,
2026-07-16,2026-07-16,CM,NSE,STK,11930,INE023H01027,NECLIFE,BE,,,,,NECTAR LIFESCIENCES LTD.,10.86,11.19,10.8,10.9,11.0,10.86,,10.92,,,83904,919199.87,207,F1,1,,,,,
2026-07-16,2026-07-16,CM,NSE,STK,762812,INE605D01012,NEAGI,EQ,,,,,NEELAMALAI AGRO INDS. L,3040.1,3040.1,3040.0,3040.0,3040.0,3200.0,,3055.0,,,4,12160.1,2,F1,1,,,,,
2026-07-16,2026-07-16,CM,NSE,STK,14761,INE189I01024,NELCAST,EQ,,,,,NELCAST LIMITED,132.15,134.09,130.5,132.8,133.38,132.02,,132.8,,,160339,21256269.69,3124,F1,1,,,,,
2026-07-16,2026-07-16,CM,NSE,STK,2388,INE045B01015,NELCO,EQ,,,,,NELCO LTD,869.95,885.15,850.1,865.9,874.0,862.55,,865.95,,,184455,160384744.75,8799,F1,1,,,,,
2026-07-16,2026-07-16,CM,NSE,STK,760931,INE21UM01018,NEOCHEM,ST,,,,,NEOCHEM BIO SOLUTIONS LTD,93.0,93.4,93.0,93.4,93.4,93.0,,93.4,,,2400,223680.0,2,F1,1200,,,,,
2026-07-16,2026-07-16,CM,NSE,STK,9917,INE136S01016,NEOGEN,EQ,,,,,NEOGEN CHEMICALS LIMITED,2270.0,2374.0,2252.6,2321.4,2320.0,2272.2,,2321.5,,,271904,634210360.2,35009,F1,1,,,,,
2026-07-16,2026-07-16,CM,NSE,STK,24353,INE0SUN01013,NEPHROCARE,ST,,,,,NEPHRO CARE INDIA LIMITED,65.0,65.7,64.0,64.95,64.95,65.95,,64.95,,,9600,620020.0,22,F1,400,,,,,
2026-07-16,2026-07-16,CM,NSE,STK,760346,INE428V01029,NEPHROPLUS,EQ,,,,,NEPHROCARE HEALTH SERV L,641.25,645.2,633.0,635.8,640.0,636.45,,635.8,,,57631,36748049.25,5547,F1,1,,,,,
2026-07-16,2026-07-16,CM,NSE,STK,757493,INE156901014,NEPTUNE,SM,,,,,NEPTUNE PETROCHEMICALS L,187.0,187.0,187.0,187.0,187.0,180.0,,187.0,,,500,93500.0,1,F1,500,,,,,
2026-07-16,2026-07-16,CM,NSE,STK,15409,INE317F01035,NESCO,EQ,,,,,NESCO LTD.,1091.3,1098.3,1080.1,1084.2,1083.0,1091.3,,1084.1,,,17018,18466802.5,2155,F1,1,,,,,
2026-07-16,2026-07-16,CM,NSE,STK,17963,INE239A01024,NESTLEIND,EQ,,,,,NESTLE INDIA LIMITED,1427.9,1436.3,1417.8,1423.5,1425.8,1424.4,,1423.5,,,1179052,1681068690.6,43079,F1,1,,,,,
2026-07-16,2026-07-16,CM,NSE,STK,20409,INE518X01015,CBAZAAR,ST,,,,,NET AVENUE TECHNOLOGIES L,6.05,6.35,6.05,6.35,6.35,6.2,,6.35,,,16000,99200.0,2,F1,8000,,,,,
2026-07-16,2026-07-16,CM,NSE,STK,17433,INE0NT901020,NETWEB,EQ,,,,,NETWEB TECH INDIA LTD,4387.7,4404.0,4281.9,4304.2,4303.6,4371.4,,4304.0,,,463349,2002312373.2,39277,F1,1,,,,,
2026-07-16,2026-07-16,CM,NSE,STK,756324,INE0FFK01017,NPST,EQ,,,,,NETWORK PEOPLE SRV TECH L,1618.2,1666.0,1571.2,1633.8,1635.8,1599.6,,1633.7,,,53638,87469666.6,3007,F1,1,,,,,
2026-07-16,2026-07-16,CM,NSE,STK,14111,INE870H01013,NETWORK18,EQ,,,,,NETWORK18 MEDIA & INV LTD,31.44,31.62,30.15,30.31,30.28,31.76,,30.31,,,8598783,262638789.2,19397,F1,1,,,,,
2026-07-16,2026-07-16,CM,NSE,STK,30554,INE333I01044,NEUEON,BE,,,,,NEUEON CORPORATION LTD,13.54,13.54,12.95,13.54,13.54,12.9,,13.54,,,22170,299324.29,56,F1,1,,,,,
2026-07-16,2026-07-16,CM,NSE,STK,2406,INE794A01010,NEULANDLAB,EQ,,,,,NEULAND LAB LTD.,19190.0,19190.0,18558.0,18751.0,18800.0,19114.0,,18752.0,,,34026,638944894.0,13668,F1,1,,,,,
2026-07-16,2026-07-16,CM,NSE,STK,1164,INE619B01017,NEWGEN,EQ,,,,,NEWGEN SOFTWARE TECH LTD,562.8,586.9,526.3,541.95,541.0,557.7,,541.95,,,13121389,7313955257.15,244936,F1,1,,,,,
2026-07-16,2026-07-16,CM,NSE,STK,19161,INE0PW501021,NEWJAISA,ST,,,,,NEWJAISA TECHNOLOGIES LTD,16.9,16.9,16.9,16.9,16.9,16.9,,16.9,,,3000,50700.0,2,F1,1500,,,,,
2026-07-16,2026-07-16,CM,NSE,STK,9867,INE747B01016,NEXTMEDIA,EQ,,,,,NEXT MEDIAWORKS LIMITED,4.0,4.04,3.85,3.98,3.88,4.03,,3.98,,,6603,25942.95,49,F1,1,,,,,
2026-07-16,2026-07-16,CM,NSE,STK,15815,INE0NDH25011,NXST,RR,,,,,NEXUS SELECT TRUST,165.45,165.98,164.87,164.98,165.0,165.0,,164.98,,,126666,20952120.0,2228,F1,1,,,,,
2026-07-16,2026-07-16,CM,NSE,STK,763536,INE0T1501010,NFPSAMPOOR,SM,,,,,NFP SAMPOORNA FOODS LTD,23.7,24.0,22.7,23.55,23.55,23.05,,23.55,,,16000,374000.0,8,F1,2000,,,,,
2026-07-16,2026-07-16,CM,NSE,STK,10277,INE887E01022,NGLFINE,EQ,,,,,NGL FINE CHEM LIMITED,3138.1,3159.0,3063.0,3087.4,3069.8,3165.5,,3087.7,,,2981,9263522.8,802,F1,1,,,,,
2026-07-16,2026-07-16,CM,NSE,STK,1758,INE557F07157,868NHB29,N3,,,,,NHB 8.68 NCD TR II SR 2 A,6629.0,6629.0,6629.0,6629.0,6629.0,6629.0,,6629.0,,,1,6629.0,1,F1,1,,,,,
2026-07-16,2026-07-16,CM,NSE,STK,17400,INE848E01016,NHPC,EQ,,,,,NHPC LTD,79.09,80.08,78.75,78.91,79.04,79.09,,78.91,,,8540966,677345275.19,41582,F1,1,,,,,
2026-07-16,2026-07-16,CM,NSE,STK,29487,INE149O01018,NIBE,EQ,,,,,NIBE LIMITED,1561.5,1577.6,1533.3,1547.9,1538.0,1569.6,,1548.0,,,45686,70847874.5,3685,F1,1,,,,,
2026-07-16,2026-07-16,CM,NSE,STK,6592,INE0J6L01013,NIDAN,SM,,,,,NIDAN LABS AND HEALTH LTD,13.05,13.05,13.05,13.05,13.05,13.95,,13.05,,,1000,13050.0,1,F1,1000,,,,,
2026-07-16,2026-07-16,CM,NSE,STK,17747,INE342G01023,NIITMTS,EQ,,,,,NIIT LEARNING SYSTEMS LTD,236.1,241.34,235.0,239.61,237.3,236.77,,239.65,,,129952,30920065.61,5483,F1,1,,,,,
2026-07-16,2026-07-16,CM,NSE,STK,11522,INE161A01038,NIITLTD,EQ,,,,,NIIT LIMITED,96.2,101.8,91.74,98.66,98.6,95.96,,98.68,,,3118846,305977971.77,25952,F1,1,,,,,
2026-07-16,2026-07-16,CM,NSE,STK,758178,INE0FLF01015,NIKITA,SM,,,,,NIKITA GRENTEC RECYCL LTD,79.15,79.15,79.1,79.1,79.1,79.1,,79.1,,,4800,379740.0,4,F1,1200,,,,,
2026-07-16,2026-07-16,CM,NSE,STK,9253,INE937C01029,NILAINFRA,EQ,,,,,NILA INFRASTRUCTURES LTD,7.13,7.34,7.13,7.25,7.2,7.13,,7.25,,,95811,692705.06,309,F1,1,,,,,
2026-07-16,2026-07-16,CM,NSE,STK,7411,INE00S901012,NILASPACES,EQ,,,,,NILA SPACES LIMITED,12.12,12.39,12.12,12.29,12.3,12.3,,12.29,,,199201,2440273.68,555,F1,1,,,,,
2026-07-16,2026-07-16,CM,NSE,STK,762817,INE445D01013,NILE,EQ,,,,,NILE LTD.,1901.0,1931.8,1889.5,1904.7,1907.0,1900.4,,1904.2,,,2029,3880122.1,332,F1,1,,,,,
2026-07-16,2026-07-16,CM,NSE,STK,2421,INE310A01015,NILKAMAL,EQ,,,,,NILKAMAL LIMITED,1355.3,1396.9,1321.7,1341.1,1366.0,1365.5,,1339.7,,,677014,907963856.9,3840,F1,1,,,,,
2026-07-16,2026-07-16,CM,NSE,STK,761723,INE875B01015,NIMBSPROJ,BE,,,,,NIMBUS PROJECTS LIMITED,200.0,200.0,190.0,191.02,190.0,200.0,,191.02,,,1205,232190.0,17,F1,1,,,,,
2026-07-16,2026-07-16,CM,NSE,STK,14197,INE395U01014,NINSYS,BE,,,,,NINTEC SYSTEMS LIMITED,885.0,897.0,875.1,893.55,894.2,875.5,,893.55,,,3525,3137753.5,203,F1,1,,,,,
2026-07-16,2026-07-16,CM,NSE,STK,11439,INF204KB15I9,BANKBEES,EQ,,,,,NIP IND ETF BANK BEES,600.99,600.99,595.01,597.09,597.44,597.57,,597.08,,,726755,433943367.32,6363,F1,1,,,,,
2026-07-16,2026-07-16,CM,NSE,STK,2435,INF204KA1LD7,CONSUMBEES,EQ,,,,,NIP IND ETF CONSUMPTION,129.47,130.42,129.47,129.65,129.6,129.33,,129.65,,,90423,11746804.93,694,F1,1,,,,,
2026-07-16,2026-07-16,CM,NSE,STK,2636,INF204KA1MS3,DIVOPPBEES,EQ,,,,,NIP IND ETF DIV OPP,77.2,77.2,76.11,76.23,76.34,76.34,,76.23,,,25653,1960539.86,626,F1,1,,,,,
2026-07-16,2026-07-16,CM,NSE,STK,9847,INF204KB18I3,NV20BEES,EQ,,,,,NIP IND ETF ETF NV20,141.32,141.5,140.4,140.52,141.17,140.62,,140.52,,,8465,1194538.04,139,F1,1,,,,,
2026-07-16,2026-07-16,CM,NSE,STK,14428,INF204KB17I5,GOLDBEES,EQ,,,,,NIP IND ETF GOLD BEES,116.39,116.97,116.1,116.47,116.51,116.39,,116.47,,,15052163,1751300459.95,59436,F1,1,,,,,
2026-07-16,2026-07-16,CM,NSE,STK,18284,INF204KB19I1,HNGSNGBEES,EQ,,,,,NIP IND ETF HANGSENG BEES,482.55,488.69,482.55,484.32,484.0,481.63,,484.33,,,90632,44064325.68,3015,F1,1,,,,,
2026-07-16,2026-07-16,CM,NSE,STK,20072,INF732E01268,INFRABEES,EQ,,,,,NIP IND ETF INFRA BEES,963.83,969.9,959.62,960.83,962.45,963.1,,960.98,,,13320,12847751.02,424,F1,1,,,,,
2026-07-16,2026-07-16,CM,NSE,STK,19084,INF204KB15V2,ITBEES,EQ,,,,,NIP IND ETF IT,31.69,33.0,31.69,31.87,31.93,31.66,,31.87,,,14178126,454499140.12,14779,F1,1,,,,,
2026-07-16,2026-07-16,CM,NSE,STK,10939,INF732E01045,JUNIORBEES,EQ,,,,,NIP IND ETF JUNIOR BEES,782.0,784.0,776.0,776.98,777.9,778.84,,776.97,,,279146,217507094.24,7544,F1,1,,,,,
2026-07-16,2026-07-16,CM,NSE,STK,11006,INF732E01037,LIQUIDBEES,EQ,,,,,NIP IND ETF LIQUID BEES,1000.0,1000.01,999.99,1000.0,1000.0,1000.0,,1000.0,,,2299883,2299883133.09,3509,F1,1,,,,,
2026-07-16,2026-07-16,CM,NSE,STK,17700,INF204KB1882,LTGILTBEES,EQ,,,,,NIP IND ETF LONGTERM GILT,30.37,30.37,29.92,29.99,30.01,29.88,,29.99,,,959245,28741103.22,543,F1,1,,,,,
2026-07-16,2026-07-16,CM,NSE,STK,8506,INF204KB1V68,MID150BEES,EQ,,,,,NIP IND ETF MIDCAP 150,239.15,240.89,238.12,238.58,238.65,239.12,,238.58,,,425063,101561160.37,5208,F1,1,,,,,
2026-07-16,2026-07-16,CM,NSE,STK,29577,INF204K014N5,NIF100BEES,EQ,,,,,NIP IND ETF NIFTY 100,267.01,268.0,265.72,266.79,267.05,266.73,,266.79,,,34197,9126395.32,652,F1,1,,,,,
2026-07-16,2026-07-16,CM,NSE,STK,10576,INF204KB14I2,NIFTYBEES,EQ,,,,,NIP IND ETF NIFTY BEES,274.99,275.1,273.55,273.99,274.17,273.66,,273.99,,,3392483,930567053.77,27518,F1,1,,,,,
2026-07-16,2026-07-16,CM,NSE,STK,15032,INF204KB16I7,PSUBNKBEES,EQ,,,,,NIP IND ETF PSU BANK BEES,94.0,94.29,93.15,93.24,93.21,93.71,,93.24,,,987255,92382170.68,4242,F1,1,,,,,
2026-07-16,2026-07-16,CM,NSE,STK,17044,INF732E01128,SHARIABEES,EQ,,,,,NIP IND ETF SHARIAH BEES,458.54,458.54,446.01,454.69,454.7,454.0,,454.77,,,3526,1607213.31,337,F1,1,,,,,
2026-07-16,2026-07-16,CM,NSE,STK,357,INE298J01013,NAM-INDIA,EQ,,,,,NIPPON L I A M LTD,1206.4,1206.6,1137.5,1151.5,1155.0,1196.3,,1151.3,,,1507907,1744232981.5,50530,F1,1,,,,,
2026-07-16,2026-07-16,CM,NSE,STK,757725,INF204KC1FU1,LIQGRWBEES,EQ,,,,,NIPPONAMC - LIQGRWBEES,1047.71,1047.73,1047.71,1047.71,1047.73,1047.59,,1047.71,,,25193,26395174.33,113,F1,1,,,,,
2026-07-16,2026-07-16,CM,NSE,STK,758667,INF204KC1GH6,MANUFGBEES,EQ,,,,,NIPPONAMC - MANUFGBEES,161.73,161.73,159.78,160.43,161.12,160.13,,160.43,,,746,119623.37,61,F1,1,,,,,
2026-07-16,2026-07-16,CM,NSE,STK,7880,INF204KC1337,AUTOBEES,EQ,,,,,NIPPONAMC - NETFAUTO,275.51,277.9,275.37,276.11,276.0,275.37,,276.11,,,144671,40022578.66,1523,F1,1,,,,,
2026-07-16,2026-07-16,CM,NSE,STK,4973,INF204KC1089,PHARMABEES,EQ,,,,,NIPPONAMC - NETFPHARMA,27.25,27.25,26.65,26.76,26.75,26.75,,26.75,,,5990727,160559285.3,7675,F1,1,,,,,
2026-07-16,2026-07-16,CM,NSE,STK,8080,INF204KC1402,SILVERBEES,EQ,,,,,NIPPONAMC - NETFSILVER,207.13,208.49,206.05,206.84,206.81,208.66,,206.84,,,15035050,3111333825.9,61050,F1,1,,,,,
2026-07-16,2026-07-16,CM,NSE,STK,757455,INF204KC1EZ3,SNXT30BEES,EQ,,,,,NIPPONAMC - SNXT30BEES,42.01,42.01,41.8,41.86,41.87,41.96,,41.86,,,1932,81042.35,56,F1,1,,,,,
2026-07-16,2026-07-16,CM,NSE,STK,261,INE368I01016,NIRAJ,BE,,,,,NIRAJ CEMENT STRUC LTD,29.79,29.79,28.6,29.0,28.96,29.52,,29.0,,,14170,411834.0,40,F1,1,,,,,
2026-07-16,2026-07-16,CM,NSE,STK,18840,INE326T01011,NIRAJISPAT,EQ,,,,,NIRAJ ISPAT IND LTD,186.22,206.33,186.22,199.0,199.0,188.1,,199.0,,,215,43592.85,32,F1,1,,,,,
2026-07-16,2026-07-16,CM,NSE,STK,2433,INE910A01012,NIRLON,EQ,,,,,NIRLON LTD,637.55,649.0,618.9,620.0,620.2,642.85,,620.0,,,27468,17157403.25,1582,F1,1,,,,,
2026-07-16,2026-07-16,CM,NSE,STK,14722,INE0OK701014,NIRMAN,SM,,,,,NIRMAN AGRI GENTICS LTD,40.55,41.6,40.05,40.5,40.5,40.55,,40.5,,,15000,608340.0,42,F1,300,,,,,
2026-07-16,2026-07-16,CM,NSE,STK,13300,INE858F01012,NITCO,EQ,,,,,NITCO LIMITED,103.71,114.0,103.05,112.32,113.0,104.19,,112.32,,,2173505,238986822.01,17827,F1,1,,,,,
2026-07-16,2026-07-16,CM,NSE,STK,13175,INE229H01012,NITINSPIN,EQ,,,,,NITIN SPINNERS LIMITED,554.95,559.95,539.25,549.65,552.0,554.55,,549.65,,,87976,48128753.15,2568,F1,1,,,,,
2026-07-16,2026-07-16,CM,NSE,STK,3247,INE439T01012,NITIRAJ,EQ,,,,,NITIRAJ ENGINEERS LTD,207.5,219.9,196.1,213.03,209.98,205.91,,213.03,,,17421,3605093.95,421,F1,1,,,,,
2026-07-16,2026-07-16,CM,NSE,STK,762824,INE265B01019,NITTAGELA,EQ,,,,,NITTA GELATIN INDIA LTD.,1896.5,1964.9,1860.2,1953.8,1939.0,1881.4,,1953.7,,,21294,40718375.2,2433,F1,1,,,,,
2026-07-16,2026-07-16,CM,NSE,STK,27097,INE995S01015,NIVABUPA,EQ,,,,,NIVA BUPA HEALTH INS CO L,89.2,89.66,86.05,86.72,87.01,88.36,,86.72,,,2176768,190612670.88,23824,F1,1,,,,,
2026-07-16,2026-07-16,CM,NSE,STK,2439,INE542C01019,NKIND,EQ,,,,,NK INDUSTRIES LTD,62.0,62.0,60.0,62.0,62.0,63.89,,57.0,,,312,18726.0,4,F1,1,,,,,
2026-07-16,2026-07-16,CM,NSE,STK,8585,INE589A01014,NLCINDIA,EQ,,,,,NLC INDIA LIMITED,303.0,304.35,297.8,300.7,299.45,302.3,,300.7,,,1222486,368927228.5,19821,F1,1,,,,,
2026-07-16,2026-07-16,CM,NSE,STK,761075,INE579F24099,805NMC29,N1,,,,,NMC 8.05% 2029 SR STRPP A,129.0,129.0,129.0,129.0,129.0,129.0,,129.0,,,10,1290.0,1,F1,1,,,,,
2026-07-16,2026-07-16,CM,NSE,STK,761080,INE579F24081,805NMC34,N6,,,,,NMC 8.05% 2034 SR STRPP F,129.0,129.0,129.0,129.0,129.0,129.0,,129.0,,,11,1419.0,2,F1,1,,,,,
2026-07-16,2026-07-16,CM,NSE,STK,15332,INE584A01023,NMDC,EQ,,,,,NMDC LTD.,85.0,85.19,83.75,84.08,84.16,84.89,,84.08,,,14607540,1232388998.28,50390,F1,1,,,,,
2026-07-16,2026-07-16,CM,NSE,STK,14180,INE0NNS01018,NSLNISP,EQ,,,,,NMDC STEEL LIMITED,43.3,44.24,43.01,43.4,43.33,43.29,,43.41,,,3027509,132159003.39,14925,F1,1,,,,,
2026-07-16,2026-07-16,CM,NSE,STK,2442,INE163A01018,NOCIL,EQ,,,,,NOCIL LIMITED,166.67,172.74,165.21,166.21,165.6,166.67,,166.21,,,350571,58403290.48,5332,F1,1,,,,,
2026-07-16,2026-07-16,CM,NSE,STK,11214,INE781B01015,NOIDATOLL,BE,,,,,NOIDA TOLL BRIDGE CO LTD,4.56,4.8,4.56,4.67,4.66,4.69,,4.67,,,55985,263491.99,134,F1,1,,,,,
2026-07-16,2026-07-16,CM,NSE,STK,4160,INE369C01017,NORBTEAEXP,EQ,,,,,NORBEN TEA & EXPORTS LTD,72.2,72.2,68.99,68.99,68.99,70.01,,68.99,,,635,44103.74,19,F1,1,,,,,
2026-07-16,2026-07-16,CM,NSE,STK,13533,INE553C01016,NECCLTD,BE,,,,,NORTH EAST CARRY CORP LTD,15.31,16.16,15.01,15.25,15.25,15.5,,15.25,,,72744,1135686.8,178,F1,1,,,,,
2026-07-16,2026-07-16,CM,NSE,STK,25426,INE850M01015,NORTHARC,EQ,,,,,NORTHERN ARC CAPITAL LTD,317.0,319.95,311.55,314.3,312.9,317.1,,314.35,,,301878,95041503.9,9366,F1,1,,,,,
2026-07-16,2026-07-16,CM,NSE,STK,22478,INE02H701025,NOVAAGRI,BE,,,,,NOVA AGRITECH LIMITED,22.07,22.75,21.7,22.61,22.5,22.07,,22.44,,,70592,1552701.14,370,F1,1,,,,,
2026-07-16,2026-07-16,CM,NSE,STK,9007,INE234A01025,NOVARTIND,EQ,,,,,NOVARTIS INDIA LIMITED,1539.0,1667.3,1539.0,1596.2,1597.0,1538.6,,1596.7,,,117659,191758060.4,13517,F1,1,,,,,
2026-07-16,2026-07-16,CM,NSE,STK,7553,INE349A01021,NRBBEARING,EQ,,,,,NRB BEARING LIMITED,423.65,425.8,420.2,421.15,421.0,423.25,,421.15,,,151714,64114069.7,5294,F1,1,,,,,
2026-07-16,2026-07-16,CM,NSE,STK,29733,INE047O01014,NIBL,EQ,,,,,NRB INDUS. BEARINGS LTD.,33.22,34.99,33.06,34.38,34.35,33.22,,34.38,,,89419,3080009.43,12299,F1,1,,,,,
2026-07-16,2026-07-16,CM,NSE,STK,27176,INE0ONG01011,NTPCGREEN,EQ,,,,,NTPC GREEN ENERGY LIMITED,93.25,93.45,92.6,93.05,93.16,92.98,,93.05,,,1627230,151360732.06,24634,F1,1,,,,,
2026-07-16,2026-07-16,CM,NSE,STK,11630,INE733E01010,NTPC,EQ,,,,,NTPC LTD,344.2,346.05,342.1,342.45,342.5,344.35,,342.45,,,10347549,3561671290.65,79377,F1,1,,,,,
2026-07-16,2026-07-16,CM,NSE,STK,10791,INE096B01018,NUCLEUS,EQ,,,,,NUCLEUS SOFTWARE EXPORTS,762.35,772.7,750.4,755.9,755.5,762.35,,755.9,,,22631,17191478.6,1481,F1,1,,,,,
2026-07-16,2026-07-16,CM,NSE,STK,13680,INE0JM501013,NRL,BE,,,,,NUPUR RECYCLERS LIMITED,107.61,111.95,106.0,107.9,108.9,110.11,,107.9,,,63851,6945489.44,463,F1,1,,,,,
2026-07-16,2026-07-16,CM,NSE,STK,2350,INE0DSF01015,NURECA,EQ,,,,,NURECA LIMITED,272.0,274.4,265.81,271.58,272.0,271.4,,271.6,,,24829,6705039.67,963,F1,1,,,,,
2026-07-16,2026-07-16,CM,NSE,STK,18721,INE531F01023,NUVAMA,EQ,,,,,NUVAMA WEALTH MANAGE LTD,1930.0,1931.4,1841.6,1846.4,1850.0,1919.3,,1846.4,,,333386,621633465.0,26937,F1,1,,,,,
2026-07-16,2026-07-16,CM,NSE,STK,5426,INE118D01016,NUVOCO,EQ,,,,,NUVOCO VISTAS CORP LTD,377.25,383.6,352.6,357.95,354.4,377.25,,357.9,,,5561296,2034615356.4,81290,F1,1,,,,,
2026-07-16,2026-07-16,CM,NSE,STK,20242,INE093I01010,OBEROIRLTY,EQ,,,,,OBEROI REALTY LIMITED,1892.3,1896.0,1855.7,1861.2,1865.0,1887.7,,1861.2,,,420341,786944517.2,19054,F1,1,,,,,
2026-07-16,2026-07-16,CM,NSE,STK,25923,INE0YHV01011,OBSCP,SM,,,,,OBSC PERFECTION LIMITED,647.0,673.8,647.0,667.5,662.6,655.0,,667.5,,,35200,23496900.0,82,F1,400,,,,,
2026-07-16,2026-07-16,CM,NSE,STK,25920,INE0PK601023,OCCLLTD,BE,,,,,OCCL LIMITED,141.69,141.69,134.0,135.66,136.97,138.02,,135.66,,,46730,6365808.49,310,F1,1,,,,,
2026-07-16,2026-07-16,CM,NSE,STK,27575,INE054301028,ODIGMA,BE,,,,,ODIGMA CONSULTANCY SOL L,23.11,23.6,22.81,23.23,23.21,23.11,,23.23,,,10815,251519.12,274,F1,1,,,,,
2026-07-16,2026-07-16,CM,NSE,STK,2475,INE213A01029,ONGC,EQ,,,,,OIL AND NATURAL GAS CORP.,247.92,247.96,245.61,246.75,246.99,247.18,,246.75,,,6243845,1540412683.61,61221,F1,1,,,,,
2026-07-16,2026-07-16,CM,NSE,STK,8109,INE591A01010,OILCOUNTUB,BE,,,,,OIL COUNTRY TUBULAR LTD.,52.92,53.8,51.5,53.44,53.44,52.91,,53.43,,,14188,747896.35,75,F1,1,,,,,
2026-07-16,2026-07-16,CM,NSE,STK,17438,INE274J01014,OIL,EQ,,,,,OIL INDIA LTD,435.0,437.65,428.75,429.45,429.25,437.2,,429.45,,,2285418,989057215.6,28006,F1,1,,,,,
2026-07-16,2026-07-16,CM,NSE,STK,24777,INE0LXG01040,OLAELEC,EQ,,,,,OLA ELECTRIC MOBILITY LTD,40.9,41.4,39.67,39.9,39.79,40.65,,39.9,,,38731402,1566482469.97,94599,F1,1,,,,,
2026-07-16,2026-07-16,CM,NSE,STK,10637,INE260D01016,OLECTRA,EQ,,,,,OLECTRA GREENTECH LIMITED,1390.9,1393.3,1370.7,1380.8,1379.1,1388.1,,1380.9,,,218304,301227340.5,12903,F1,1,,,,,
2026-07-16,2026-07-16,CM,NSE,STK,759412,INE1BZC01019,OMFREIGHT,BE,,,,,OM FREIGHT FORWARDERS LTD,92.99,92.99,89.5,92.48,92.5,93.29,,92.48,,,6378,582250.49,96,F1,1,,,,,
2026-07-16,2026-07-16,CM,NSE,STK,24231,INE239D01028,OMINFRAL,EQ,,,,,OM INFRA LIMITED,88.97,88.97,85.53,86.73,86.28,87.73,,86.72,,,72379,6280434.19,1415,F1,1,,,,,
2026-07-16,2026-07-16,CM,NSE,STK,762432,INE25E901019,OMPOWER,EQ,,,,,OM POWER TRANSMISSION LTD,173.9,174.0,172.0,172.21,173.0,173.9,,172.21,,,52194,9025181.47,780,F1,1,,,,,
2026-07-16,2026-07-16,CM,NSE,STK,14125,INE090B01011,OMAXAUTO,BE,,,,,OMAX AUTOS LTD,241.7,241.7,226.2,234.67,233.0,237.76,,234.84,,,36886,8583683.41,490,F1,1,,,,,
2026-07-16,2026-07-16,CM,NSE,STK,14853,INE800H01010,OMAXE,EQ,,,,,OMAXE LIMITED,96.3,96.99,94.55,96.29,96.3,96.94,,96.29,,,504240,48362165.45,5434,F1,1,,,,,
2026-07-16,2026-07-16,CM,NSE,STK,760865,INE0UH301010,OMNI,EQ,,,,,OMNITECH ENGINEERING LTD,567.4,573.85,552.9,570.75,572.0,561.85,,570.7,,,232031,131141843.45,14170,F1,1,,,,,
2026-07-16,2026-07-16,CM,NSE,STK,19703,INE00ER01015,ONDOOR,ST,,,,,ON DOOR CONCEPTS LIMITED,197.75,199.0,193.95,198.0,198.0,199.45,,198.0,,,6600,1304550.0,12,F1,300,,,,,
2026-07-16,2026-07-16,CM,NSE,STK,6705,INE982J01020,PAYTM,EQ,,,,,ONE 97 COMMUNICATIONS LTD,1387.0,1395.9,1341.0,1361.1,1369.0,1368.0,,1361.1,,,3423106,4676899132.1,107579,F1,1,,,,,
2026-07-16,2026-07-16,CM,NSE,STK,28046,INE0HLU01028,MOBIKWIK,EQ,,,,,ONE MOBIKWIK SYSTEMS LTD,225.8,228.7,220.1,221.17,221.0,224.59,,221.16,,,1316189,293497597.36,13458,F1,1,,,,,
2026-07-16,2026-07-16,CM,NSE,STK,9939,INE840Y01029,ONEPOINT,EQ,,,,,ONE POINT ONE SOL LTD,55.4,55.45,54.12,54.84,54.76,55.39,,54.84,,,329097,18007960.31,1490,F1,1,,,,,
2026-07-16,2026-07-16,CM,NSE,STK,19433,INE0OPS01011,OLIL,ST,,,,,ONECLICK LOGISTICS IND L,430.0,430.0,430.0,430.0,430.0,424.0,,430.0,,,800,344000.0,2,F1,400,,,,,
2026-07-16,2026-07-16,CM,NSE,STK,25496,INE912L01015,ONELIFECAP,BE,,,,,ONELIFE CAP ADVISORS LTD,37.0,37.89,36.51,36.65,37.39,37.57,,36.81,,,13372,493968.41,51,F1,1,,,,,
2026-07-16,2026-07-16,CM,NSE,STK,763294,INE12F801023,KISSHT,EQ,,,,,ONEMI TECHNOLOGY SOL LTD,322.9,327.8,316.0,321.15,321.4,321.15,,321.15,,,966933,311307868.75,15119,F1,1,,,,,
2026-07-16,2026-07-16,CM,NSE,STK,29224,INE013P01021,ONESOURCE,EQ,,,,,ONESOURCE SPECL PHARMA L,1640.0,1653.0,1626.1,1649.2,1649.1,1640.0,,1649.2,,,53125,87340061.8,9606,F1,1,,,,,
2026-07-16,2026-07-16,CM,NSE,STK,6853,INE831A01028,ONIDA,BE,,,,,ONIDA ELECTRONICS LIMITED,39.03,39.4,38.25,38.96,39.03,39.02,,38.96,,,301284,11723775.6,783,F1,1,,,,,
2026-07-16,2026-07-16,CM,NSE,STK,15282,INE809I01019,ONMOBILE,BE,,,,,ONMOBILE GLOBAL LTD.,66.38,67.4,64.0,65.03,64.81,66.38,,65.02,,,116223,7585108.19,683,F1,1,,,,,
2026-07-16,2026-07-16,CM,NSE,STK,2481,INE229A01017,ONWARDTEC,EQ,,,,,ONWARD TECHNOLOGIES LTD,287.0,308.85,277.0,288.2,285.6,283.6,,288.2,,,5260405,1571516030.05,72037,F1,1,,,,,
2026-07-16,2026-07-16,CM,NSE,STK,27143,INE0WVU01018,ONYX,ST,,,,,ONYX BIOTEC LIMITED,38.0,39.55,37.0,39.55,39.55,37.7,,39.55,,,8000,305100.0,4,F1,2000,,,,,
2026-07-16,2026-07-16,CM,NSE,STK,21469,INE350C01017,OPTIEMUS,EQ,,,,,OPTIEMUS INFRACOM LTD,566.0,593.0,566.0,583.25,586.85,565.85,,583.25,,,368002,214686791.9,15980,F1,1,,,,,
2026-07-16,2026-07-16,CM,NSE,STK,758900,INE15B101011,OPTIVALUE,SM,,,,,OPTIVALUE TEK CONSULT LTD,96.3,98.0,93.0,93.0,93.0,95.1,,93.0,,,46400,4432800.0,23,F1,1600,,,,,
2026-07-16,2026-07-16,CM,NSE,STK,10738,INE881D01027,OFSS,EQ,,,,,ORACLE FIN SERV SOFT LTD.,11670.0,11825.0,11635.0,11681.0,11699.0,11625.0,,11681.0,,,254721,2986194934.0,29260,F1,1,,,,,
2026-07-16,2026-07-16,CM,NSE,STK,31479,INE231G01010,ORBTEXP,BE,,,,,ORBIT EXPORTS LIMITED,238.95,238.95,225.5,230.09,230.09,234.13,,232.1,,,5236,1211486.08,88,F1,1,,,,,
2026-07-16,2026-07-16,CM,NSE,STK,29492,INE215B01022,ORCHASP,EQ,,,,,ORCHASP LIMITED,1.79,1.79,1.75,1.77,1.77,1.76,,1.77,,,82894,147275.25,175,F1,1,,,,,
2026-07-16,2026-07-16,CM,NSE,STK,926,INE191A01027,ORCHPHARMA,EQ,,,,,ORCHID PHARMA LIMITED,1119.8,1119.8,1067.6,1078.95,1077.45,1101.4,,1079.0,,,146851,159770776.4,10739,F1,1,,,,,
2026-07-16,2026-07-16,CM,NSE,STK,17882,INE0OUT01019,ORIANA,SM,,,,,ORIANA POWER LIMITED,1489.9,1500.0,1467.05,1476.35,1481.3,1478.25,,1476.35,,,25425,37659258.75,293,F1,75,,,,,
2026-07-16,2026-07-16,CM,NSE,STK,10159,INE730A01022,ORICONENT,EQ,,,,,ORICON ENTERPRISES LTD,56.8,59.89,56.1,59.66,59.75,57.67,,59.65,,,181731,10730675.75,1075,F1,1,,,,,
2026-07-16,2026-07-16,CM,NSE,STK,14278,INE607D01018,ORIENTBELL,EQ,,,,,ORIENT BELL LIMITED,317.5,320.4,311.0,313.0,316.0,315.8,,313.0,,,2653,836349.05,190,F1,1,,,,,
2026-07-16,2026-07-16,CM,NSE,STK,30089,INE876N01018,ORIENTCEM,EQ,,,,,ORIENT CEMENT LTD.,137.3,139.15,136.36,137.16,137.29,137.28,,137.17,,,128426,17701802.45,1779,F1,1,,,,,
2026-07-16,2026-07-16,CM,NSE,STK,13111,INE569C01020,ORIENTCER,EQ,,,,,ORIENT CERATECH LIMITED,41.6,43.05,41.41,42.14,42.15,42.19,,42.14,,,68423,2875624.5,735,F1,1,,,,,
2026-07-16,2026-07-16,CM,NSE,STK,2972,INE142Z01019,ORIENTELEC,EQ,,,,,ORIENT ELECTRIC LIMITED,174.1,176.39,172.81,173.34,173.11,174.04,,173.34,,,61600,10713016.65,1629,F1,1,,,,,
2026-07-16,2026-07-16,CM,NSE,STK,20110,INE999K01014,GREENPOWER,EQ,,,,,ORIENT GREEN POWER CO LTD,10.0,10.19,9.97,10.02,10.02,10.01,,10.02,,,2043951,20544111.52,3352,F1,1,,,,,
2026-07-16,2026-07-16,CM,NSE,STK,2493,INE750A01020,ORIENTHOT,EQ,,,,,ORIENT HOTELS LTD,131.87,131.87,126.0,127.67,127.84,129.41,,127.66,,,394692,50818840.87,4726,F1,1,,,,,
2026-07-16,2026-07-16,CM,NSE,STK,2496,INE592A01026,ORIENTPPR,EQ,,,,,ORIENT PAPER AND INDS LTD,17.0,17.1,16.62,16.92,16.93,16.91,,16.92,,,145063,2451815.67,470,F1,1,,,,,
2026-07-16,2026-07-16,CM,NSE,STK,18208,INE609C01024,ORIENTLTD,EQ,,,,,ORIENT PRESS LIMITED,72.5,72.95,70.99,72.59,72.5,71.12,,72.6,,,12450,897132.97,85,F1,1,,,,,
2026-07-16,2026-07-16,CM,NSE,STK,24961,INE0PPK01015,ORIENTTECH,EQ,,,,,ORIENT TECHNOLOGIES LTD,283.01,283.67,270.05,272.39,272.5,284.0,,272.33,,,573697,157883200.09,9754,F1,1,,,,,
2026-07-16,2026-07-16,CM,NSE,STK,10768,INE959C01023,OAL,EQ,,,,,ORIENTAL AROMATICS LTD,365.2,372.05,355.1,357.35,355.3,366.55,,357.35,,,11537,4163043.6,699,F1,1,,,,,
2026-07-16,2026-07-16,CM,NSE,STK,14346,INE998H01012,ORIENTALTL,EQ,,,,,ORIENTAL TRIMEX LTD,5.6,5.6,5.4,5.54,5.57,5.49,,5.54,,,78024,429853.94,227,F1,1,,,,,
2026-07-16,2026-07-16,CM,NSE,STK,8797,INE426Z01016,OBCL,EQ,,,,,ORISSA BENGAL CARRIER LTD,53.24,53.84,51.81,52.67,51.81,53.24,,52.67,,,4682,247438.96,55,F1,1,,,,,
2026-07-16,2026-07-16,CM,NSE,STK,19931,INE725E01024,ORISSAMINE,EQ,,,,,ORISSA MIN DEV CO LTD,3748.0,3757.2,3705.2,3715.3,3710.0,3734.9,,3715.3,,,2612,9723539.1,577,F1,1,,,,,
2026-07-16,2026-07-16,CM,NSE,STK,759569,INE16NZ01023,ORKLAINDIA,EQ,,,,,ORKLA INDIA LIMITED,588.05,593.85,585.15,590.75,590.75,588.95,,590.75,,,31646,18663394.1,4816,F1,1,,,,,
2026-07-16,2026-07-16,CM,NSE,STK,13321,INE849L01019,ORTEL,BZ,,,,,ORTEL COMMUNICATIONS LTD,1.75,1.8,1.66,1.75,1.75,1.74,,1.75,,,11162,19372.13,39,F1,1,,,,,
2026-07-16,2026-07-16,CM,NSE,STK,2980,INE749B01020,ORTINGLOBE,BE,,,,,ORTIN GLOBAL LIMITED,15.62,15.97,14.57,15.74,15.9,15.31,,14.84,,,26476,394424.35,50,F1,1,,,,,
2026-07-16,2026-07-16,CM,NSE,STK,25386,INE0RMF01018,OSELDEVICE,SM,,,,,OSEL DEVICES LIMITED,439.75,455.0,437.0,444.4,455.0,439.95,,444.4,,,103800,46167910.0,83,F1,200,,,,,
2026-07-16,2026-07-16,CM,NSE,STK,12643,INE06IR01021,OSIAHYPER,BE,,,,,OSIA HYPER RETAIL LIMITED,3.1,3.2,2.96,3.04,3.08,3.11,,3.04,,,350324,1069095.7,413,F1,1,,,,,
2026-07-16,2026-07-16,CM,NSE,STK,5362,INE142A01012,OSWALAGRO,BE,,,,,OSWAL AGRO MILLS LTD,40.55,40.55,39.5,40.36,40.4,40.38,,40.36,,,25167,1008188.09,126,F1,1,,,,,
2026-07-16,2026-07-16,CM,NSE,STK,471,INE143A01010,OSWALGREEN,EQ,,,,,OSWAL GREENTECH LIMITED,22.19,22.4,21.78,21.82,21.97,21.98,,21.82,,,57498,1261170.01,391,F1,1,,,,,
2026-07-16,2026-07-16,CM,NSE,STK,756802,INE0BYP01024,OSWALPUMPS,EQ,,,,,OSWAL PUMPS LIMITED,406.95,408.4,399.95,403.5,402.8,405.8,,403.5,,,196414,79279497.85,4902,F1,1,,,,,
2026-07-16,2026-07-16,CM,NSE,STK,22914,INE0R8M01017,OWAIS,ST,,,,,OWAIS METAL & MINERAL,104.0,104.5,101.0,102.4,103.9,104.0,,102.4,,,3500,358370.0,32,F1,100,,,,,
2026-07-16,2026-07-16,CM,NSE,STK,25312,INE953R01016,PNGJL,EQ,,,,,P N GADGIL JEWELLERS LTD,596.95,600.0,589.45,595.05,596.6,595.45,,595.05,,,153302,91320412.0,6643,F1,1,,,,,
2026-07-16,2026-07-16,CM,NSE,STK,29665,INE0XUS01012,PSRAJ,ST,,,,,P S RAJ STEELS LIMITED,400.0,400.0,400.0,400.0,400.0,401.2,,400.0,,,500,200000.0,1,F1,500,,,,,
2026-07-16,2026-07-16,CM,NSE,STK,2535,INE179A01014,PGHH,EQ,,,,,P&G HYGIENE & HEALTH CARE,8825.0,8848.5,8770.0,8782.0,8800.0,8822.0,,8782.5,,,6704,58956952.5,1846,F1,1,,,,,
2026-07-16,2026-07-16,CM,NSE,STK,8735,INE0KN801013,PROPEQUITY,SM,,,,,P. E. ANALYTICS LIMITED,227.0,240.0,225.0,239.9,239.9,228.0,,239.9,,,12600,2985120.0,21,F1,600,,,,,
2026-07-16,2026-07-16,CM,NSE,STK,759342,INE0S3G01027,PACEDIGITK,EQ,,,,,PACE DIGITEK LIMITED,208.4,209.3,204.5,205.51,205.5,207.78,,205.49,,,730533,150791428.02,7482,F1,1,,,,,
2026-07-16,2026-07-16,CM,NSE,STK,14413,INE761H01022,PAGEIND,EQ,,,,,PAGE INDUSTRIES LTD,40650.0,40925.0,40195.0,40460.0,40450.0,40395.0,,40460.0,,,34750,1406437830.0,13498,F1,1,,,,,
2026-07-16,2026-07-16,CM,NSE,STK,25468,INE420C01059,PAISALO,EQ,,,,,PAISALO DIGITAL LIMITED,72.3,76.39,72.3,73.78,73.77,72.03,,73.78,,,55818799,4153385385.38,76940,F1,1,,,,,
2026-07-16,2026-07-16,CM,NSE,STK,17197,INE551D01018,PAKKA,EQ,,,,,PAKKA LIMITED,73.6,73.6,70.5,70.84,70.9,72.93,,70.84,,,80502,5744545.79,1682,F1,1,,,,,
2026-07-16,2026-07-16,CM,NSE,STK,21383,INE471W01019,PALASHSECU,EQ,,,,,PALASH SECURITIES LTD,91.5,91.5,91.5,91.5,91.5,89.45,,91.35,,,21,1921.5,1,F1,1,,,,,
2026-07-16,2026-07-16,CM,NSE,STK,17059,INE218G01033,PALREDTEC,BE,,,,,PALRED TECHNOLOGIES LTD,50.55,50.55,50.55,50.55,50.55,51.58,,51.42,,,168,8492.4,15,F1,1,,,,,
2026-07-16,2026-07-16,CM,NSE,STK,4055,INE922B01023,PANACEABIO,EQ,,,,,PANACEA BIOTEC LTD,541.5,576.9,537.45,563.95,564.4,538.3,,564.2,,,487162,274022116.65,16790,F1,1,,,,,
2026-07-16,2026-07-16,CM,NSE,STK,16355,INE895W01019,PANACHE,BE,,,,,PANACHE DIGILIFE LIMITED,454.0,454.0,431.0,431.1,431.0,439.4,,431.1,,,1696,738471.95,52,F1,1,,,,,
2026-07-16,2026-07-16,CM,NSE,STK,25392,INE305C01029,PANAMAPET,EQ,,,,,PANAMA PETROCHEM LTD,424.7,428.0,418.4,425.9,427.0,424.7,,425.85,,,59217,25002291.3,1770,F1,1,,,,,
2026-07-16,2026-07-16,CM,NSE,STK,6141,INE697V01011,PANSARI,EQ,,,,,PANSARI DEVELOPERS LTD,362.35,365.0,356.0,360.65,365.0,362.65,,360.65,,,2395,861008.8,165,F1,1,,,,,
2026-07-16,2026-07-16,CM,NSE,STK,5631,INE04LG01015,PAR,EQ,,,,,PAR DRUGS AND CHEM LTD,104.8,105.0,94.5,95.03,95.99,102.26,,95.03,,,59488,5793244.68,942,F1,1,,,,,
2026-07-16,2026-07-16,CM,NSE,STK,9741,INE088F01024,PARADEEP,EQ,,,,,PARADEEP PHOSPHATES LTD,142.0,143.2,139.8,141.45,141.25,141.66,,141.45,,,3332281,471943243.76,37799,F1,1,,,,,
2026-07-16,2026-07-16,CM,NSE,STK,17130,INE883N01014,PARAGMILK,EQ,,,,,PARAG MILK FOODS LTD.,226.9,226.93,224.15,226.24,226.61,223.99,,226.24,,,138722,31305551.05,2450,F1,1,,,,,
2026-07-16,2026-07-16,CM,NSE,STK,19779,INE0N4G01012,PARAGON,SM,,,,,PARAGON FINE S.C. LTD.,49.85,49.85,49.0,49.0,49.0,49.25,,49.0,,,4800,236940.0,4,F1,1200,,,,,
2026-07-16,2026-07-16,CM,NSE,STK,13951,INE074B01023,PARACABLES,EQ,,,,,PARAMOUNT COMM LTD,66.0,67.3,65.39,66.65,66.74,65.32,,66.65,,,956008,63452501.38,5374,F1,1,,,,,
2026-07-16,2026-07-16,CM,NSE,STK,25720,INE0TG801013,PARAMOUNT,ST,,,,,PARAMOUNT DYE TEC LIMITED,36.2,36.2,36.2,36.2,36.2,36.25,,36.2,,,1200,43440.0,1,F1,1200,,,,,
2026-07-16,2026-07-16,CM,NSE,STK,25431,INE0Q6001012,PSFL,SM,,,,,PARAMOUNT SPECIALI FORG L,30.9,32.0,30.9,31.85,32.0,32.25,,31.85,,,12000,376500.0,6,F1,2000,,,,,
2026-07-16,2026-07-16,CM,NSE,STK,1353,INE749Y01014,PARAMPARA,SM,,,,,PARAMPARA DAIRY DLGHT LTD,11.8,12.95,11.8,11.8,11.8,12.4,,11.8,,,40000,481200.0,5,F1,8000,,,,,
2026-07-16,2026-07-16,CM,NSE,STK,5911,INE045601023,PARAS,EQ,,,,,PARAS DEF AND SPCE TECH L,1219.0,1220.3,1190.7,1197.0,1198.2,1216.9,,1197.0,,,625363,750960989.4,22590,F1,1,,,,,
2026-07-16,2026-07-16,CM,NSE,STK,3972,INE162C01024,PARASPETRO,EQ,,,,,PARAS PETROFILS LTD.,2.03,2.07,2.02,2.03,2.03,2.04,,2.03,,,102247,208073.51,193,F1,1,,,,,
2026-07-16,2026-07-16,CM,NSE,STK,5460,INE00U801010,PARIN,SM,,,,,PARIN ENTERPRISES LIMITED,739.0,739.0,694.1,703.3,699.8,724.95,,703.3,,,4250,2999150.0,12,F1,250,,,,,
2026-07-16,2026-07-16,CM,NSE,STK,760351,INE119201023,PARKHOSPS,EQ,,,,,PARK MEDI WORLD LIMITED,292.8,294.1,287.25,290.6,290.1,291.05,,290.6,,,667628,193855552.1,9837,F1,1,,,,,
2026-07-16,2026-07-16,CM,NSE,STK,22649,INE988S01028,PARKHOTELS,EQ,,,,,PARKHOTELS,130.57,131.9,128.0,128.67,129.47,129.67,,128.67,,,141193,18243863.18,1770,F1,1,,,,,
2026-07-16,2026-07-16,CM,NSE,STK,13795,INE561H01026,PARSVNATH,BE,,,,,PARSVNATH DEVELOPER LTD,2.18,2.18,2.18,2.18,2.18,2.22,,2.17,,,101534,221344.12,162,F1,1,,,,,
2026-07-16,2026-07-16,CM,NSE,STK,758220,INE1H7V01011,PARTH,ST,,,,,PARTH ELEC & ENG LTD,410.05,411.1,402.0,402.5,402.0,416.85,,402.5,,,3600,1464740.0,9,F1,400,,,,,
2026-07-16,2026-07-16,CM,NSE,STK,2599,INE06ZX01015,PARTYCRUS,SM,,,,,PARTY CRUISERS LIMITED,84.0,90.0,84.0,87.0,87.0,84.0,,87.0,,,15000,1329350.0,15,F1,1000,,,,,
2026-07-16,2026-07-16,CM,NSE,STK,757955,INE124Y01028,PASHUPATI,EQ,,,,,PASHUPATI COTSPIN LIMITED,87.8,87.8,85.97,87.07,87.7,87.03,,87.1,,,14796,1284434.69,1473,F1,1,,,,,
2026-07-16,2026-07-16,CM,NSE,STK,6048,INE818B01023,PASUPTAC,BE,,,,,PASUPATI ACRYLON LIMITED,60.68,60.73,57.65,59.49,59.18,59.75,,59.48,,,33137,1967221.71,237,F1,1,,,,,
2026-07-16,2026-07-16,CM,NSE,STK,17029,INE619A01035,PATANJALI,EQ,,,,,PATANJALI FOODS LIMITED,353.2,359.1,343.35,347.25,345.0,347.9,,347.3,,,14748859,5132001942.95,113580,F1,1,,,,,
2026-07-16,2026-07-16,CM,NSE,STK,758732,INE244B07243,1025PATE28,N0,,,,,PATE 10.25% 2028,101007.06,101007.06,99600.0,99600.0,99600.0,99600.0,,99600.0,,,3,300207.06,2,F1,1,,,,,
2026-07-16,2026-07-16,CM,NSE,STK,11699,INE244B01030,PATELENG,EQ,,,,,PATEL ENGINEERING LTD.,31.3,31.35,29.99,30.29,30.28,30.99,,30.29,,,4601598,140184250.2,12529,F1,1,,,,,
2026-07-16,2026-07-16,CM,NSE,STK,15223,INE529D01014,PATINTLOG,BE,,,,,PATEL INT. LOG. LTD,15.09,15.21,14.65,14.99,15.02,14.82,,15.07,,,60889,913027.42,184,F1,1,,,,,
2026-07-16,2026-07-16,CM,NSE,STK,759439,INE0R8B01010,PATELRMART,EQ,,,,,PATEL RETAIL LIMITED,226.5,228.79,222.28,223.61,223.85,224.65,,223.56,,,93605,21152043.09,1884,F1,1,,,,,
2026-07-16,2026-07-16,CM,NSE,STK,756966,INE17GV01016,PATILAUTOM,ST,,,,,PATIL AUTOMATION LIMITED,190.1,191.95,189.0,191.25,191.25,190.05,,191.25,,,22800,4334820.0,22,F1,600,,,,,
2026-07-16,2026-07-16,CM,NSE,STK,762834,INE291E01019,PML,EQ,,,,,PAUL MERCHANTS LTD.,482.05,490.0,475.0,478.35,480.0,482.45,,478.35,,,411,197549.35,32,F1,1,,,,,
2026-07-16,2026-07-16,CM,NSE,STK,759969,INE111F01024,PAUSHAKLTD,EQ,,,,,PAUSHAK LIMITED,567.4,569.0,557.8,562.25,564.3,566.0,,562.2,,,6229,3506567.3,437,F1,1,,,,,
2026-07-16,2026-07-16,CM,NSE,STK,16201,INE07S101038,PAVNAIND,BE,,,,,PAVNA INDUSTRIES LIMITED,17.29,17.46,16.8,16.8,16.8,17.0,,16.8,,,11132,187804.4,56,F1,1,,,,,
2026-07-16,2026-07-16,CM,NSE,STK,6656,INE417T01026,POLICYBZR,EQ,,,,,PB FINTECH LIMITED,1622.0,1622.0,1537.0,1561.1,1561.0,1610.8,,1561.1,,,2962352,4632448636.5,90368,F1,1,,,,,
2026-07-16,2026-07-16,CM,NSE,STK,29124,INE785M01021,PCJEWELLER,EQ,,,,,PC JEWELLER LTD,10.74,10.84,10.24,10.32,10.3,10.57,,10.32,,,317230029,3309986147.51,134590,F1,1,,,,,
2026-07-16,2026-07-16,CM,NSE,STK,2649,INE602A01031,PCBL,EQ,,,,,PCBL CHEMICAL LIMITED,317.5,327.0,316.1,325.5,325.8,317.0,,325.5,,,1028273,331980998.6,18078,F1,1,,,,,
2026-07-16,2026-07-16,CM,NSE,STK,5264,INE111Q01021,PDSL,EQ,,,,,PDS LIMITED,375.0,377.85,365.0,368.75,368.0,377.2,,368.75,,,317685,117662319.15,8047,F1,1,,,,,
2026-07-16,2026-07-16,CM,NSE,STK,14260,INE940H01022,PGIL,EQ,,,,,PEARL GLOBAL IND LIMITED,2049.0,2067.2,2013.0,2048.5,2048.0,2038.6,,2048.5,,,45106,92171136.2,7178,F1,1,,,,,
2026-07-16,2026-07-16,CM,NSE,STK,8188,INE844A01013,PEARLPOLY,BE,,,,,PEARL POLYMERS LTD,18.19,18.19,16.68,17.17,17.4,17.49,,17.18,,,6120,103928.44,53,F1,1,,,,,
2026-07-16,2026-07-16,CM,NSE,STK,25408,INE0VG601013,PELATRO,SM,,,,,PELATRO LIMITED,252.1,252.1,252.1,252.1,252.1,252.0,,252.1,,,300,75630.0,1,F1,300,,,,,
2026-07-16,2026-07-16,CM,NSE,STK,5358,INE138A01028,PENINLAND,BE,,,,,PENINSULA LAND LIMITED,18.13,18.13,18.13,18.13,18.13,18.5,,18.0,,,54280,984096.4,51,F1,1,,,,,
2026-07-16,2026-07-16,CM,NSE,STK,20621,INE932A01024,PENIND,EQ,,,,,PENNAR INDUSTRIES LTD,170.0,171.87,167.37,170.93,171.03,169.47,,170.89,,,219194,37143693.83,3597,F1,1,,,,,
2026-07-16,2026-07-16,CM,NSE,STK,17132,INE0ORS01017,PENTAGON,SM,,,,,PENTAGON RUBBER LIMITED,53.9,54.95,53.9,54.95,54.95,53.15,,54.95,,,3000,162800.0,3,F1,1000,,,,,
2026-07-16,2026-07-16,CM,NSE,STK,758121,INE925S01012,PERFECT,SZ,,,,,PERFECT INFRAENGINEER LTD,2.9,2.9,2.9,2.9,2.9,3.05,,2.9,,,15000,43500.0,4,F1,3000,,,,,
2026-07-16,2026-07-16,CM,NSE,STK,18365,INE262H01021,PERSISTENT,EQ,,,,,PERSISTENT SYSTEMS LTD,5075.8,5210.0,5050.0,5059.3,5078.0,5075.8,,5059.3,,,426991,2194880853.1,40922,F1,1,,,,,
2026-07-16,2026-07-16,CM,NSE,STK,24290,INE998U01015,PCCL,SM,,,,,PETRO CARBON AND CHEMI L,252.05,252.1,252.0,252.0,252.0,252.0,,252.0,,,1600,403280.0,4,F1,400,,,,,
2026-07-16,2026-07-16,CM,NSE,STK,11351,INE347G01014,PETRONET,EQ,,,,,PETRONET LNG LIMITED,278.4,279.35,275.05,275.9,276.1,278.4,,275.9,,,1631824,452008112.65,19122,F1,1,,,,,
2026-07-16,2026-07-16,CM,NSE,STK,760801,INE134E07DP0,7PFCL31,N3,,,,,PFCL 7.00% 2031 SR I,990.0,990.0,990.0,990.0,990.0,994.0,,990.0,,,10,9900.0,1,F1,1,,,,,
2026-07-16,2026-07-16,CM,NSE,STK,760810,INE134E07DU0,730PFCL41,NC,,,,,PFCL 7.30% 2041 SR IV,975.0,1001.0,975.0,975.0,975.0,975.0,,975.0,,,400,398149.8,11,F1,1,,,,,
2026-07-16,2026-07-16,CM,NSE,STK,2643,INE182A01018,PFIZER,EQ,,,,,PFIZER LTD,4713.2,4732.5,4685.0,4697.8,4700.1,4704.5,,4697.0,,,25131,118237245.4,6655,F1,1,,,,,
2026-07-16,2026-07-16,CM,NSE,STK,25358,INE457L01029,PGEL,EQ,,,,,PG ELECTROPLAST LTD,601.0,631.0,600.2,620.95,617.85,599.75,,620.95,,,4843856,2993647015.45,95389,F1,1,,,,,
2026-07-16,2026-07-16,CM,NSE,STK,11612,INE0MLZ01019,PHANTOMFX,SM,,,,,PHANTOM DIGITAL EFF LTD,187.35,190.5,185.5,185.5,185.5,187.25,,185.5,,,9000,1687155.0,23,F1,300,,,,,
2026-07-16,2026-07-16,CM,NSE,STK,759723,INE0LP301011,PWL,EQ,,,,,PHYSICSWALLAH LIMITED,137.95,138.95,133.63,135.29,135.55,136.87,,135.29,,,6934310,939739282.31,57021,F1,1,,,,,
2026-07-16,2026-07-16,CM,NSE,STK,24184,INE603J01030,PIIND,EQ,,,,,PI INDUSTRIES LTD,2625.0,2643.0,2618.0,2631.8,2637.0,2619.3,,2631.8,,,170705,449042142.9,15684,F1,1,,,,,
2026-07-16,2026-07-16,CM,NSE,STK,757754,INE546C01010,PICCADIL,EQ,,,,,PICCADILY AGRO INDUSTRI L,734.5,758.0,727.65,740.55,740.05,727.65,,740.5,,,357087,264982741.15,14955,F1,1,,,,,
2026-07-16,2026-07-16,CM,NSE,STK,24791,INE0YAL01017,PPSL,ST,,,,,PICTUREPOST STUDIOS LTD,2.3,2.3,2.3,2.3,2.3,2.4,,2.3,,,99000,227700.0,20,F1,3000,,,,,
2026-07-16,2026-07-16,CM,NSE,STK,2664,INE318A01026,PIDILITIND,EQ,,,,,PIDILITE INDUSTRIES LTD,1568.8,1584.1,1557.4,1559.6,1560.0,1568.8,,1559.6,,,700762,1096928031.8,38344,F1,1,,,,,
2026-07-16,2026-07-16,CM,NSE,STK,30838,INE600A01035,PILITA,BE,,,,,PIL ITALICA LIFESTYLE LTD,9.25,9.25,8.85,8.93,8.96,9.06,,8.93,,,16282,146583.64,63,F1,1,,,,,
2026-07-16,2026-07-16,CM,NSE,STK,11445,INE417C01014,PILANIINVS,EQ,,,,,PILANI INV & IND COR LTD,4300.0,4451.0,4300.0,4411.5,4422.0,4361.4,,4411.3,,,1137,5019385.4,271,F1,1,,,,,
2026-07-16,2026-07-16,CM,NSE,STK,759820,INE15B701018,PINELABS,EQ,,,,,PINE LABS LIMITED,158.5,159.49,155.1,155.56,155.55,157.25,,155.58,,,10138739,1596665671.85,70804,F1,1,,,,,
2026-07-16,2026-07-16,CM,NSE,STK,13463,INE156C01018,PIONEEREMB,EQ,,,,,PIONEER EMBROIDERIES LTD,23.28,24.0,22.1,22.74,23.0,22.54,,22.74,,,15475,356307.11,173,F1,1,,,,,
2026-07-16,2026-07-16,CM,NSE,STK,762829,INE746D01014,PIONRINV,EQ,,,,,PIONEER INVESTCORP LTD.,78.08,93.69,78.0,93.69,93.69,78.08,,93.74,,,13340,1186383.13,191,F1,1,,,,,
2026-07-16,2026-07-16,CM,NSE,STK,759551,INE202B01038,PIRAMALFIN,EQ,,,,,PIRAMAL FINANCE LIMITED,2200.0,2205.0,2162.1,2186.5,2189.0,2170.0,,2186.4,,,296453,646680238.0,22998,F1,1,,,,,
2026-07-16,2026-07-16,CM,NSE,STK,11571,INE0DK501011,PPLPHARMA,EQ,,,,,PIRAMAL PHARMA LIMITED,172.4,178.12,172.19,174.79,175.1,171.66,,174.79,,,4749687,832946074.03,43488,F1,1,,,,,
2026-07-16,2026-07-16,CM,NSE,STK,14134,INE450D01021,PITTIENG,EQ,,,,,PITTI ENGINEERING LIMITED,954.55,963.0,945.1,949.2,950.0,954.6,,949.2,,,10998,10496601.5,1032,F1,1,,,,,
2026-07-16,2026-07-16,CM,NSE,STK,9087,INE751B01018,PIXTRANS,EQ,,,,,PIX TRANSMISSIONS LIMITED,1932.0,1937.9,1830.5,1844.2,1863.6,1911.8,,1844.3,,,31243,58622521.1,4055,F1,1,,,,,
2026-07-16,2026-07-16,CM,NSE,STK,13920,INE083C01022,PLASTIBLEN,EQ,,,,,PLASTIBLENDS INDIA LTD,198.35,214.7,195.54,202.33,201.2,196.77,,202.34,,,960081,199976020.38,13465,F1,1,,,,,
2026-07-16,2026-07-16,CM,NSE,STK,22930,INE0PT501018,PLATIND,EQ,,,,,PLATINUM INDUSTRIES LTD,228.4,231.2,224.31,226.54,226.5,226.27,,226.54,,,26404,5980689.7,1198,F1,1,,,,,
2026-07-16,2026-07-16,CM,NSE,STK,19461,INE0INJ01017,PLAZACABLE,BE,,,,,PLAZA WIRES LIMITED,42.57,43.45,42.0,42.32,42.32,42.57,,42.32,,,17949,763681.27,166,F1,1,,,,,
2026-07-16,2026-07-16,CM,NSE,STK,8736,INE859A01011,PNBGILTS,EQ,,,,,PNB GILTS LIMITED,87.6,92.48,87.25,91.34,90.68,87.6,,91.34,,,2542517,230325681.16,17052,F1,1,,,,,
2026-07-16,2026-07-16,CM,NSE,STK,18908,INE572E01012,PNBHOUSING,EQ,,,,,PNB HOUSING FIN LTD.,1113.9,1113.9,1090.4,1098.9,1097.1,1104.1,,1098.9,,,654067,720108119.6,44486,F1,1,,,,,
2026-07-16,2026-07-16,CM,NSE,STK,9385,INE195J01029,PNCINFRA,EQ,,,,,PNC INFRATECH LTD.,244.9,244.9,238.5,244.04,244.0,244.9,,244.04,,,289169,70132605.03,9958,F1,1,,,,,
2026-07-16,2026-07-16,CM,NSE,STK,760242,INE1RDG01013,PNGSREVA,EQ,,,,,PNGS REVA DIAMOND JEWEL L,406.9,409.0,393.1,401.5,399.5,405.3,,401.45,,,36656,14710796.05,1710,F1,1,,,,,
2026-07-16,2026-07-16,CM,NSE,STK,19036,INE371C01013,PODDARMENT,EQ,,,,,PODDAR PIGMENTS LIMITED,243.8,243.8,235.12,237.92,238.97,235.92,,237.92,,,1830,433542.77,55,F1,1,,,,,
2026-07-16,2026-07-16,CM,NSE,STK,17651,INE637C01025,POKARNA,EQ,,,,,POKARNA LIMITED,1006.0,1024.4,989.2,994.8,1002.0,1003.2,,994.8,,,33894,34013545.7,3390,F1,1,,,,,
2026-07-16,2026-07-16,CM,NSE,STK,25718,INE205C01021,POLYMED,EQ,,,,,POLY MEDICURE LIMITED,1729.0,1774.9,1697.9,1722.7,1733.9,1715.6,,1722.4,,,156181,269724041.3,21262,F1,1,,,,,
2026-07-16,2026-07-16,CM,NSE,STK,9590,INE455K01017,POLYCAB,EQ,,,,,POLYCAB INDIA LIMITED,9301.5,9415.0,9071.5,9215.0,9241.0,9324.5,,9215.0,,,806800,7467926734.0,97019,F1,1,,,,,
2026-07-16,2026-07-16,CM,NSE,STK,2687,INE633B01018,POLYPLEX,EQ,,,,,POLYPLEX CORPORATION LTD,1065.0,1077.0,1058.8,1063.8,1068.0,1069.5,,1063.8,,,38278,40881226.0,3210,F1,1,,,,,
2026-07-16,2026-07-16,CM,NSE,STK,22711,INE517M01028,POLYSIL,SM,,,,,POLYSIL IRRIGATION SYST L,115.0,122.65,111.5,122.65,122.65,111.5,,122.65,,,24000,2896225.0,37,F1,500,,,,,
2026-07-16,2026-07-16,CM,NSE,STK,14385,INE063E01053,POCL,EQ,,,,,PONDY OXIDES & CHEM LTD,1416.6,1420.0,1376.0,1381.2,1384.9,1402.9,,1381.2,,,118612,165240603.0,8182,F1,1,,,,,
2026-07-16,2026-07-16,CM,NSE,STK,10661,INE838E01017,PONNIERODE,EQ,,,,,PONNIE SUGARS (ERODE) LTD,329.4,331.95,321.35,329.45,331.95,321.4,,329.45,,,14361,4708019.25,345,F1,1,,,,,
2026-07-16,2026-07-16,CM,NSE,STK,11403,INE511C01022,POONAWALLA,EQ,,,,,POONAWALLA FINCORP LTD,475.05,476.2,467.9,472.15,471.5,475.55,,472.15,,,438872,206759019.65,14628,F1,1,,,,,
2026-07-16,2026-07-16,CM,NSE,STK,23142,INE772T01024,PVSL,EQ,,,,,POPULAR VEHICLES N SER L,98.41,101.58,97.31,99.37,99.8,98.41,,99.36,,,52882,5259595.25,1383,F1,1,,,,,
2026-07-16,2026-07-16,CM,NSE,STK,24867,INE0S3H01017,POSITRON,ST,,,,,POSITRON ENERGY LIMITED,183.0,189.0,181.5,187.95,189.0,184.8,,187.95,,,3000,556095.0,10,F1,300,,,,,
2026-07-16,2026-07-16,CM,NSE,STK,14299,INE134E01011,PFC,EQ,,,,,POWER FIN CORP LTD.,407.45,408.6,400.8,401.35,401.95,405.65,,401.35,,,3414601,1378261672.55,52728,F1,1,,,,,
2026-07-16,2026-07-16,CM,NSE,STK,14977,INE752E01010,POWERGRID,EQ,,,,,POWER GRID CORP. LTD.,280.4,284.4,280.0,280.75,281.05,280.7,,280.75,,,7143529,2012569551.75,62720,F1,1,,,,,
2026-07-16,2026-07-16,CM,NSE,STK,15716,INE557Z01018,PIGL,EQ,,,,,POWER INSTRUMENT (G) LTD,116.8,116.99,112.26,112.98,112.66,115.11,,112.98,,,46201,5257783.8,875,F1,1,,,,,
2026-07-16,2026-07-16,CM,NSE,STK,10473,INE211R01019,POWERMECH,EQ,,,,,POWER MECH PROJECTS LTD.,2573.1,2599.0,2547.0,2584.6,2563.5,2565.7,,2584.9,,,44562,114776061.0,6838,F1,1,,,,,
2026-07-16,2026-07-16,CM,NSE,STK,3494,INE0GGX23010,PGINVIT,IV,,,,,POWERGRID INFRA. INVITS,97.0,97.1,96.87,96.99,97.0,96.89,,96.99,,,1089128,105639662.32,5321,F1,1,,,,,
2026-07-16,2026-07-16,CM,NSE,STK,761680,INE921L01032,POWERICA,EQ,,,,,POWERICA LIMITED,582.45,598.7,575.4,591.25,591.0,574.25,,591.2,,,492508,290171221.7,12986,F1,1,,,,,
2026-07-16,2026-07-16,CM,NSE,STK,15213,INE095I01015,PPAP,BE,,,,,PPAP AUTOMOTIVE LIMITED,329.0,329.0,312.12,312.12,312.12,328.54,,312.17,,,41666,13121316.07,904,F1,1,,,,,
2026-07-16,2026-07-16,CM,NSE,STK,30134,INE0I0M01023,PRABHA,EQ,,,,,PRABHA ENERGY LIMITED,152.64,152.64,146.85,147.92,149.0,148.73,,147.85,,,24778,3683672.99,462,F1,1,,,,,
2026-07-16,2026-07-16,CM,NSE,STK,762842,INE770A01010,PRADPME,BE,,,,,PRADEEP METALS LTD.,508.9,524.7,483.1,524.7,524.7,499.75,,524.7,,,14993,7673933.2,206,F1,1,,,,,
2026-07-16,2026-07-16,CM,NSE,STK,2705,INE074A01025,PRAJIND,EQ,,,,,PRAJ INDUSTRIES LTD,352.75,359.4,351.0,356.05,355.7,352.75,,356.05,,,343877,122144072.7,13360,F1,1,,,,,
2026-07-16,2026-07-16,CM,NSE,STK,13941,INE505C01016,PRAENG,EQ,,,,,PRAJAY ENG. SYN. LTD.,19.25,20.0,19.01,19.54,19.13,19.14,,19.56,,,23442,455395.56,142,F1,1,,,,,
2026-07-16,2026-07-16,CM,NSE,STK,2708,INE603A01013,PRAKASH,EQ,,,,,PRAKASH INDUSTRIES LTD,127.56,128.99,125.0,126.15,126.3,127.64,,126.15,,,330346,41727244.37,3962,F1,1,,,,,
2026-07-16,2026-07-16,CM,NSE,STK,10299,INE050001010,PPL,BE,,,,,PRAKASH PIPES LIMITED,269.45,275.0,261.0,263.35,263.7,269.6,,263.45,,,18324,4857902.8,410,F1,1,,,,,
2026-07-16,2026-07-16,CM,NSE,STK,19599,INE696K01024,PRAKASHSTL,EQ,,,,,PRAKASH STEELAGE LTD,4.03,4.12,4.03,4.07,4.08,4.05,,4.1,,,98757,401981.52,363,F1,1,,,,,
2026-07-16,2026-07-16,CM,NSE,STK,18514,INE0O7A01017,PRAMARA,SM,,,,,PRAMARA PROMOTIONS LTD,141.5,141.7,135.65,137.35,136.0,138.7,,137.35,,,9500,1314725.0,16,F1,500,,,,,
2026-07-16,2026-07-16,CM,NSE,STK,25818,INE0VJG01014,PRANIK,SM,,,,,PRANIK LOGISTICS LIMITED,45.4,45.4,44.0,44.0,44.0,45.0,,44.0,,,56000,2466240.0,3,F1,1600,,,,,
2026-07-16,2026-07-16,CM,NSE,STK,21840,INE393P01035,DIAMONDYD,EQ,,,,,PRATAAP SNACKS LIMITED,1182.5,1199.5,1171.2,1184.7,1185.0,1181.3,,1184.6,,,13953,16504570.6,1383,F1,1,,,,,
2026-07-16,2026-07-16,CM,NSE,STK,23113,INE0QA601016,PRATHAM,SM,,,,,PRATHAM EPC PROJECTS LTD,119.0,119.0,119.0,119.0,119.0,120.0,,119.0,,,400,47600.0,1,F1,400,,,,,
2026-07-16,2026-07-16,CM,NSE,STK,762844,INE722B01019,PRAVEG,EQ,,,,,PRAVEG LTD.,253.8,284.0,253.75,271.1,267.6,252.73,,271.18,,,1586109,436391859.5,33450,F1,1,,,,,
2026-07-16,2026-07-16,CM,NSE,STK,1216,INE546Y01022,PRAXIS,BE,,,,,PRAXIS HOME RETAIL LTD,7.65,7.67,7.26,7.63,7.65,7.41,,7.63,,,45327,338011.35,70,F1,1,,,,,
2026-07-16,2026-07-16,CM,NSE,STK,12603,INE484I01029,PRECAM,EQ,,,,,PRECISION CAMSHAFTS LTD.,143.25,145.49,142.0,143.29,144.0,142.87,,143.28,,,93339,13363429.27,1809,F1,1,,,,,
2026-07-16,2026-07-16,CM,NSE,STK,7950,INE0HKW01018,PRECISION,SM,,,,,PRECISION METALIKS LTD,6.4,6.7,6.4,6.65,6.7,6.4,,6.65,,,6000,39500.0,3,F1,2000,,,,,
2026-07-16,2026-07-16,CM,NSE,STK,2717,INE372C01037,PRECWIRE,EQ,,,,,PRECISION WIRES INDIA LTD,385.0,385.0,378.65,380.0,380.95,383.75,,380.0,,,116099,44109812.7,5997,F1,1,,,,,
2026-07-16,2026-07-16,CM,NSE,STK,2711,INE283A01014,PRECOT,EQ,,,,,PRECOT LIMITED,830.35,845.0,810.0,831.0,835.0,818.45,,831.0,,,3247,2669469.5,236,F1,1,,,,,
2026-07-16,2026-07-16,CM,NSE,STK,762849,INE001E01012,PREMCO,EQ,,,,,PREMCO GLOBAL LTD.,372.9,372.9,368.95,371.35,372.9,368.95,,368.7,,,13,4818.85,11,F1,1,,,,,
2026-07-16,2026-07-16,CM,NSE,STK,25049,INE0BS701011,PREMIERENE,EQ,,,,,PREMIER ENERGIES LIMITED,1099.0,1110.9,1094.1,1100.6,1099.0,1090.7,,1100.6,,,1157759,1276529161.7,37450,F1,1,,,,,
2026-07-16,2026-07-16,CM,NSE,STK,17397,INE863B01029,PREMEXPLN,EQ,,,,,PREMIER EXPLOSIVES LTD,671.55,675.7,665.1,665.7,666.3,671.5,,665.7,,,229371,153579339.5,4239,F1,1,,,,,
2026-07-16,2026-07-16,CM,NSE,STK,6248,INE342A01018,PREMIER,BE,,,,,PREMIER LIMITED,2.91,2.96,2.91,2.96,2.96,2.9,,2.96,,,112,329.87,11,F1,1,,,,,
2026-07-16,2026-07-16,CM,NSE,STK,3908,INE309M01020,PREMIERPOL,EQ,,,,,PREMIER POLYFILM LTD,70.3,79.9,68.73,78.12,77.8,67.2,,78.12,,,3650169,276116545.97,23094,F1,1,,,,,
2026-07-16,2026-07-16,CM,NSE,STK,23764,INE0CFG01012,PRLIND,SM,,,,,PREMIER ROADLINES LIMITED,46.0,46.5,45.45,46.25,46.4,46.0,,46.25,,,40000,1844050.0,19,F1,1000,,,,,
2026-07-16,2026-07-16,CM,NSE,STK,25898,INE0M1F01011,PREMIUM,SM,,,,,PREMIUM PLAST LIMITED,42.0,42.0,42.0,42.0,42.0,42.05,,42.0,,,3000,126000.0,1,F1,3000,,,,,
2026-07-16,2026-07-16,CM,NSE,STK,20498,INE0R1601012,PRESSTONIC,SM,,,,,PRESSTONIC ENGINEERING L,25.25,26.25,25.05,26.0,26.0,25.7,,26.0,,,64800,1673720.0,52,F1,800,,,,,
2026-07-16,2026-07-16,CM,NSE,STK,20302,INE811K01011,PRESTIGE,EQ,,,,,PRESTIGE ESTATE LTD,1690.0,1692.1,1630.3,1641.7,1647.0,1686.0,,1641.7,,,1167882,1936500644.9,36590,F1,1,,,,,
2026-07-16,2026-07-16,CM,NSE,STK,19631,INE726V01018,PRICOLLTD,EQ,,,,,PRICOL LIMITED,615.0,629.4,615.0,624.8,626.0,618.35,,624.9,,,201525,125769881.7,7997,F1,1,,,,,
2026-07-16,2026-07-16,CM,NSE,STK,759075,INE0CQA01020,PRIMECAB,ST,,,,,PRIME CABLE INDUSTRIES L,190.0,190.6,173.25,189.0,190.5,181.55,,189.0,,,262400,48932720.0,138,F1,1600,,,,,
2026-07-16,2026-07-16,CM,NSE,STK,13496,INE367G01038,PFOCUS,EQ,,,,,PRIME FOCUS LIMITED,275.0,296.37,271.61,290.84,290.0,264.78,,290.81,,,2783693,802132606.61,23665,F1,1,,,,,
2026-07-16,2026-07-16,CM,NSE,STK,11864,INE032B01021,PRIMESECU,EQ,,,,,PRIME SECURITIES LIMITED,275.0,281.9,273.0,275.2,275.0,275.8,,275.15,,,11168,3073909.2,416,F1,1,,,,,
2026-07-16,2026-07-16,CM,NSE,STK,756925,INE607A01022,PRIMO,EQ,,,,,PRIMO CHEMICALS LIMITED,23.87,24.09,23.56,23.67,23.62,23.87,,23.67,,,88888,2109015.48,1395,F1,1,,,,,
2026-07-16,2026-07-16,CM,NSE,STK,16045,INE689W01016,PRINCEPIPE,EQ,,,,,PRINCE PIPES FITTINGS LTD,272.9,272.9,266.4,268.4,269.0,271.05,,268.4,,,96762,26038255.45,3434,F1,1,,,,,
2026-07-16,2026-07-16,CM,NSE,STK,2739,INE010A01011,PRSMJOHNSN,EQ,,,,,PRISM JOHNSON LIMITED,112.49,112.59,110.59,111.02,111.0,112.3,,111.02,,,102553,11422377.1,2529,F1,1,,,,,
2026-07-16,2026-07-16,CM,NSE,STK,8310,INE974Z01015,PRITI,BE,,,,,PRITI INTERNATIONAL LTD,39.99,39.99,39.0,39.01,39.76,39.56,,39.01,,,4320,169048.06,48,F1,1,,,,,
2026-07-16,2026-07-16,CM,NSE,STK,5296,INE583R01029,PRITIKAUTO,BE,,,,,PRITIKA AUTO INDUS LTD,17.98,18.59,17.4,17.73,18.0,17.98,,17.73,,,145225,2636771.51,455,F1,1,,,,,
2026-07-16,2026-07-16,CM,NSE,STK,12971,INE0MJQ01020,PRITIKA,SM,,,,,PRITIKA ENG COMPO LTD,61.6,61.8,61.0,61.75,61.7,61.8,,61.75,,,66000,4071300.0,14,F1,2000,,,,,
2026-07-16,2026-07-16,CM,NSE,STK,9342,INE392B01011,PNC,EQ,,,,,PRITISH NANDY COMMUNICATI,20.4,20.64,20.0,20.23,20.0,20.37,,20.23,,,1939,39168.65,109,F1,1,,,,,
2026-07-16,2026-07-16,CM,NSE,STK,8825,INE959A01019,PRIVISCL,EQ,,,,,PRIVI SPECIALITY CHE LTD,3703.5,3723.0,3665.0,3712.6,3711.0,3693.1,,3712.3,,,21574,79866853.8,5170,F1,1,,,,,
2026-07-16,2026-07-16,CM,NSE,STK,24511,INE0V9N01017,PRIZOR,ST,,,,,PRIZOR VIZTECH LIMITED,805.0,821.1,805.0,821.1,821.1,805.0,,821.1,,,4000,3268680.0,9,F1,400,,,,,
2026-07-16,2026-07-16,CM,NSE,STK,757806,INE0VJT01017,PROFX,SM,,,,,PRO FX TECH LIMITED,72.0,73.0,71.15,71.15,71.15,76.0,,71.15,,,8000,574960.0,5,F1,1600,,,,,
2026-07-16,2026-07-16,CM,NSE,STK,940,INE199A01012,PGHL,EQ,,,,,PROCTER & GAMBLE HEALTH L,6866.0,6885.0,6735.0,6854.5,6869.0,6867.0,,6850.5,,,10087,68643669.0,3571,F1,1,,,,,
2026-07-16,2026-07-16,CM,NSE,STK,19352,INE994V01012,PROLIFE,SM,,,,,PROLIFE INDUSTRIES LTD,75.6,75.6,75.6,75.6,75.6,75.6,,75.6,,,500,37800.0,1,F1,500,,,,,
2026-07-16,2026-07-16,CM,NSE,STK,758173,INE0BX301013,PROSTARM,EQ,,,,,PROSTARM INFO SYSTEMS LTD,129.09,131.67,127.95,129.39,129.1,129.09,,129.39,,,140058,18150337.92,2201,F1,1,,,,,
2026-07-16,2026-07-16,CM,NSE,STK,29472,INE004A01022,PROTEAN,EQ,,,,,PROTEAN EGOV TECHNO LTD,593.0,605.45,587.5,588.95,588.0,591.05,,588.95,,,123285,73246914.8,4711,F1,1,,,,,
2026-07-16,2026-07-16,CM,NSE,STK,16483,INE0ONE01016,PROV,SM,,,,,PROVENTUS AGROCOM LIMITED,1630.0,1630.0,1630.0,1630.0,1630.0,1640.0,,1630.0,,,80,130400.0,1,F1,80,,,,,
2026-07-16,2026-07-16,CM,NSE,STK,28859,INE195N01013,PROZONER,EQ,,,,,PROZONE REALTY LIMITED,42.5,42.69,41.86,42.21,42.0,42.2,,42.2,,,66288,2800948.03,960,F1,1,,,,,
2026-07-16,2026-07-16,CM,NSE,STK,9553,INE00F201020,PRUDENT,EQ,,,,,PRUDENT CORP ADV SER LTD,2927.0,2959.6,2858.0,2863.7,2876.0,2926.6,,2862.8,,,7172,20747467.1,2860,F1,1,,,,,
2026-07-16,2026-07-16,CM,NSE,STK,20528,INE024D01016,PRUDMOULI,BE,,,,,PRUDENTIAL SUGAR CORPORAT,13.74,14.78,13.51,13.76,13.6,14.11,,13.49,,,12063,168198.52,35,F1,1,,,,,
2026-07-16,2026-07-16,CM,NSE,STK,20877,INE488V01015,PSPPROJECT,EQ,,,,,PSP PROJECTS LIMITED,1084.0,1094.1,1063.3,1071.0,1069.0,1081.4,,1071.0,,,52863,56843942.0,3369,F1,1,,,,,
2026-07-16,2026-07-16,CM,NSE,STK,22602,INE560K01014,PFS,EQ,,,,,PTC INDIA FIN SERV LTD,30.21,30.36,29.76,30.01,30.02,30.18,,30.01,,,530680,15912763.34,1830,F1,1,,,,,
2026-07-16,2026-07-16,CM,NSE,STK,11355,INE877F01012,PTC,EQ,,,,,PTC INDIA LIMITED,173.32,173.82,169.7,170.51,170.98,173.32,,170.52,,,383014,65702094.51,6338,F1,1,,,,,
2026-07-16,2026-07-16,CM,NSE,STK,16682,INE596F01018,PTCIL,EQ,,,,,PTC INDUSTRIES LIMITED,17580.0,17699.0,17407.0,17553.0,17575.0,17591.0,,17551.0,,,5848,102555795.0,2073,F1,1,,,,,
2026-07-16,2026-07-16,CM,NSE,STK,14101,INE034D01049,PTL,EQ,,,,,PTL ENTERPRISES LTD,40.4,40.4,39.66,39.91,39.8,39.76,,39.91,,,21126,842109.74,409,F1,1,,,,,
2026-07-16,2026-07-16,CM,NSE,STK,15377,INE865T01018,PDMJEPAPER,EQ,,,,,PUDUMJEE PAPER PRO. LTD,84.5,84.5,82.91,83.31,83.5,84.02,,83.31,,,48767,4078724.6,764,F1,1,,,,,
2026-07-16,2026-07-16,CM,NSE,STK,507,INE335X01014,PULZ,SM,,,,,PULZ ELECTRONICS LIMITED,23.75,25.55,23.75,24.0,24.0,24.9,,24.0,,,10000,247600.0,5,F1,2000,,,,,
2026-07-16,2026-07-16,CM,NSE,STK,21001,INE608A01012,PSB,EQ,,,,,PUNJAB & SIND BANK,24.61,24.91,24.51,24.72,24.72,24.61,,24.72,,,1255156,31019749.06,3511,F1,1,,,,,
2026-07-16,2026-07-16,CM,NSE,STK,4344,INE277B01014,PUNJABCHEM,EQ,,,,,PUNJAB CHEM & CROP PROT L,1150.4,1175.6,1150.4,1162.3,1165.0,1153.0,,1162.3,,,6312,7335924.2,681,F1,1,,,,,
2026-07-16,2026-07-16,CM,NSE,STK,10666,INE160A01022,PNB,EQ,,,,,PUNJAB NATIONAL BANK,106.09,106.09,104.9,105.22,105.15,105.71,,105.22,,,11650044,1227142174.41,53829,F1,1,,,,,
2026-07-16,2026-07-16,CM,NSE,STK,14922,INE323I01011,PURVA,EQ,,,,,PURAVANKARA LIMITED,233.0,234.61,223.75,225.56,226.5,233.05,,225.55,,,343872,78416185.72,10092,F1,1,,,,,
2026-07-16,2026-07-16,CM,NSE,STK,28044,INE0P5R01014,PURPLEUTED,ST,,,,,PURPLE UNITED SALES LTD,422.0,422.0,401.85,402.05,402.1,422.95,,402.05,,,11250,4587162.5,39,F1,250,,,,,
2026-07-16,2026-07-16,CM,NSE,STK,22942,INE0R6C01012,PURVFLEXI,ST,,,,,PURV FLEXIPACK LIMITED,48.0,48.8,48.0,48.8,48.8,48.0,,48.8,,,2400,115840.0,3,F1,800,,,,,
2026-07-16,2026-07-16,CM,NSE,STK,757683,INE154801018,PUSHPA,SM,,,,,PUSHPA JEWELLERS LIMITED,119.0,119.0,116.5,118.05,117.0,118.2,,118.05,,,68000,8039200.0,40,F1,1000,,,,,
2026-07-16,2026-07-16,CM,NSE,STK,4010,INE362A01016,PVP,EQ,,,,,PVP VENTURES LIMITED,29.15,29.47,28.91,29.25,29.14,29.12,,29.25,,,144948,4227813.9,1295,F1,1,,,,,
2026-07-16,2026-07-16,CM,NSE,STK,13147,INE191H01014,PVRINOX,EQ,,,,,PVR INOX LIMITED,1011.15,1021.0,1000.05,1005.7,1001.25,1007.0,,1005.7,,,126320,127570487.25,12221,F1,1,,,,,
2026-07-16,2026-07-16,CM,NSE,STK,18250,INE0MIS01010,PYRAMID,EQ,,,,,PYRAMID TECHNOPLAST LTD,163.99,169.02,163.99,166.71,167.5,165.04,,166.7,,,19892,3323981.34,592,F1,1,,,,,
2026-07-16,2026-07-16,CM,NSE,STK,763594,INE1G2W01011,QLINE,SM,,,,,Q-LINE BIOTECH LIMITED,552.4,557.5,548.0,555.5,555.6,552.4,,555.5,,,42800,23695160.0,102,F1,400,,,,,
2026-07-16,2026-07-16,CM,NSE,STK,751607,INE0FMW01018,QMSMEDI,EQ,,,,,QMS MEDICAL ALLIED S LTD,113.26,114.0,107.0,110.24,108.35,112.14,,110.24,,,29003,3213906.62,1036,F1,1,,,,,
2026-07-16,2026-07-16,CM,NSE,STK,29087,INE0LRY01011,QUADFUTURE,EQ,,,,,QUADRANT FUTURE TEK LTD,426.0,427.3,407.1,409.45,409.8,423.9,,409.5,,,439594,181340279.35,10672,F1,1,,,,,
2026-07-16,2026-07-16,CM,NSE,STK,29713,INE0SII01026,QPOWER,BE,,,,,QUALITY POWER ELEC EQUP L,1211.0,1220.0,1175.0,1185.4,1196.0,1216.2,,1185.2,,,85527,102034105.8,3532,F1,1,,,,,
2026-07-16,2026-07-16,CM,NSE,STK,15330,INF082J01408,QGOLDHALF,EQ,,,,,QUANTUM GOLD FUND,117.39,117.39,114.97,116.66,116.72,116.67,,116.66,,,211593,24613519.99,1205,F1,1,,,,,
2026-07-16,2026-07-16,CM,NSE,STK,16819,INF082J01499,QNIFTY,EQ,,,,,QUANTUM NIFTY 50 ETF,265.8,266.0,264.6,264.8,264.6,264.8,,264.8,,,4098,1085348.0,50,F1,1,,,,,
2026-07-16,2026-07-16,CM,NSE,STK,17704,INE615P01015,QUESS,EQ,,,,,QUESS CORP LIMITED,295.0,298.8,291.0,293.5,291.3,293.35,,293.5,,,102201,30101498.6,4212,F1,1,,,,,
2026-07-16,2026-07-16,CM,NSE,STK,23793,INE0TNW01017,QUESTLAB,SM,,,,,QUEST LABORATORIES LTD,90.0,100.0,86.1,96.95,97.0,89.7,,96.95,,,294000,28299480.0,68,F1,1200,,,,,
2026-07-16,2026-07-16,CM,NSE,STK,13131,INE306L01010,QUICKHEAL,BE,,,,,QUICK HEAL TECH LTD,167.0,167.0,163.1,165.4,166.78,164.01,,165.23,,,38136,6329312.12,517,F1,1,,,,,
2026-07-16,2026-07-16,CM,NSE,STK,762854,INE641R01017,QUINT,EQ,,,,,QUINT DIGITAL LTD.,39.19,40.0,39.0,39.8,39.8,39.19,,39.8,,,1110,44352.43,21,F1,1,,,,,
2026-07-16,2026-07-16,CM,NSE,STK,24957,INE0KZF01015,QVCEL,SM,,,,,QVC EXPORTS LIMITED,22.95,24.3,22.95,24.3,24.3,23.95,,24.3,,,4800,114480.0,3,F1,1600,,,,,
2026-07-16,2026-07-16,CM,NSE,STK,23043,INE0NQ801033,RKSWAMY,EQ,,,,,R K SWAMY LIMITED,105.0,105.0,100.63,102.97,103.75,102.03,,102.98,,,41822,4299182.55,545,F1,1,,,,,
2026-07-16,2026-07-16,CM,NSE,STK,757834,INE219Y01026,RMDRIP,EQ,,,,,R M DRIP & SPRINK SYS LTD,19.74,19.91,19.0,19.06,19.18,19.74,,19.06,,,1449197,28196824.8,2509,F1,1,,,,,
2026-07-16,2026-07-16,CM,NSE,STK,762864,INE951M01037,RRIL,EQ,,,,,R R I L LTD.,17.47,17.47,17.2,17.2,17.2,17.26,,17.2,,,16515,284843.04,56,F1,1,,,,,
2026-07-16,2026-07-16,CM,NSE,STK,18566,INE777K01022,RRKABEL,EQ,,,,,R R KABEL LIMITED,2305.0,2415.0,2305.0,2403.9,2415.0,2291.3,,2404.0,,,658847,1567227888.3,40858,F1,1,,,,,
2026-07-16,2026-07-16,CM,NSE,STK,762869,INE616F01022,RSDFIN,EQ,,,,,R S D FINANCE LTD.,75.0,79.95,75.0,76.73,79.95,80.0,,76.73,,,79,5935.6,11,F1,1,,,,,
2026-07-16,2026-07-16,CM,NSE,STK,13414,INE411H01032,RSYSTEMS,EQ,,,,,R SYS INTERNATIONAL LTD,249.99,257.55,249.14,252.71,252.55,248.65,,252.69,,,509085,129289476.83,8962,F1,1,,,,,
2026-07-16,2026-07-16,CM,NSE,STK,758981,INE012Q01039,RNBDENIMS,EQ,,,,,R&B DENIMS LIMITED,9.97,9.99,9.8,9.84,9.87,9.87,,9.84,,,158749,1565821.58,523,F1,1,,,,,
2026-07-16,2026-07-16,CM,NSE,STK,8426,INE165B01029,RSSOFTWARE,BE,,,,,R. S. SOFTWARE (INDIA) LI,33.9,33.9,33.85,33.85,33.85,33.85,,33.84,,,2831,95954.8,29,F1,1,,,,,
2026-07-16,2026-07-16,CM,NSE,STK,20760,INE324L01013,RPPINFRA,EQ,,,,,R.P.P INFRA PROJECTS LTD,64.0,65.28,62.05,63.64,63.0,64.92,,63.63,,,60044,3805752.39,714,F1,1,,,,,
2026-07-16,2026-07-16,CM,NSE,STK,762244,INE2PB023011,RIIT,IV,,,,,RAAJMARG INFRA INVEST T,117.1,117.5,116.2,117.26,116.4,116.36,,117.26,,,508427,59476278.68,1943,F1,1,,,,,
2026-07-16,2026-07-16,CM,NSE,STK,15391,INE084Q01012,RACE,EQ,,,,,RACE ECO CHAIN LIMITED,113.99,113.99,104.82,108.06,106.56,112.17,,106.63,,,6827,741171.64,117,F1,1,,,,,
2026-07-16,2026-07-16,CM,NSE,STK,9854,INE02OY01016,RILINFRA,SM,,,,,RACHANA INFRA LTD,39.3,39.3,38.2,38.75,38.9,39.15,,38.75,,,2900,112190.0,22,F1,100,,,,,
2026-07-16,2026-07-16,CM,NSE,STK,27171,INE704B01017,RACLGEAR,EQ,,,,,RACL GEARTECH LIMITED,1398.0,1435.0,1312.6,1327.7,1329.0,1354.4,,1327.8,,,52215,71230861.6,5603,F1,1,,,,,
2026-07-16,2026-07-16,CM,NSE,STK,10932,INE874F01027,RADAAN,EQ,,,,,RADAAN MEDIAWORKS (I) LTD,3.02,3.04,2.92,2.98,2.99,3.02,,2.98,,,3267,9755.45,48,F1,1,,,,,
2026-07-16,2026-07-16,CM,NSE,STK,10343,INE583V01021,RADHIKAJWE,EQ,,,,,RADHIKA JEWELTECH LIMITED,67.15,69.0,65.8,66.19,66.0,66.62,,66.2,,,1165769,78520611.64,8933,F1,1,,,,,
2026-07-16,2026-07-16,CM,NSE,STK,13580,INE855R01021,RADIANTCMS,EQ,,,,,RADIANT CASH MGMT SER LTD,37.5,39.58,37.5,38.25,38.32,37.93,,38.25,,,273917,10559469.75,1645,F1,1,,,,,
2026-07-16,2026-07-16,CM,NSE,STK,10990,INE944F01028,RADICO,EQ,,,,,RADICO KHAITAN LTD,4105.9,4149.2,4090.6,4106.0,4100.0,4090.0,,4106.0,,,236052,973046441.2,34545,F1,1,,,,,
2026-07-16,2026-07-16,CM,NSE,STK,23445,INE430U01019,RADIOWALLA,ST,,,,,RADIOWALLA NETWORK LTD,28.45,28.45,28.45,28.45,28.45,27.1,,28.45,,,6400,182080.0,3,F1,1600,,,,,
2026-07-16,2026-07-16,CM,NSE,STK,24735,INE912T01018,RPEL,EQ,,,,,RAGHAV PRODUCTIVITY ENH L,1323.9,1371.8,1270.1,1303.4,1310.0,1265.0,,1303.6,,,272132,355058013.8,23015,F1,1,,,,,
2026-07-16,2026-07-16,CM,NSE,STK,9552,INE415G01027,RVNL,EQ,,,,,RAIL VIKAS NIGAM LIMITED,227.9,230.3,226.04,226.4,226.56,226.97,,226.4,,,3847258,876369128.14,32098,F1,1,,,,,
2026-07-16,2026-07-16,CM,NSE,STK,2431,INE0DD101019,RAILTEL,EQ,,,,,RAILTEL CORP OF IND LTD,303.65,304.5,300.6,301.8,301.0,302.2,,301.75,,,336899,101900533.65,10749,F1,1,,,,,
2026-07-16,2026-07-16,CM,NSE,STK,15337,INE855B01025,RAIN,EQ,,,,,RAIN INDUSTRIES LIMITED,207.5,215.71,206.8,213.64,214.0,208.71,,213.65,,,4800918,1014057100.19,32599,F1,1,,,,,
2026-07-16,2026-07-16,CM,NSE,STK,9408,INE961O01016,RAINBOW,EQ,,,,,RAINBOW CHILDRENS MED LTD,1501.6,1503.2,1477.6,1490.8,1478.6,1501.6,,1490.8,,,68218,101692101.4,9284,F1,1,,,,,
2026-07-16,2026-07-16,CM,NSE,STK,359,INE294G01026,ROML,EQ,,,,,RAJ OIL MILLS LIMITED,44.69,46.54,44.68,45.61,46.0,44.68,,45.14,,,2568,117058.12,43,F1,1,,,,,
2026-07-16,2026-07-16,CM,NSE,STK,8428,INE533D01032,RAJRILTD,BE,,,,,RAJ RAYON INDUSTRIES LTD,21.08,21.84,21.08,21.35,21.39,21.49,,21.35,,,2763,58810.41,50,F1,1,,,,,
2026-07-16,2026-07-16,CM,NSE,STK,14403,INE952H01027,RAJTV,EQ,,,,,RAJ TV NETWORK LTD,11.66,12.0,11.42,11.93,12.0,11.82,,11.93,,,18413,217454.39,170,F1,1,,,,,
2026-07-16,2026-07-16,CM,NSE,STK,762859,INE296E01026,RAJPALAYAM,EQ,,,,,RAJAPALAYAM MILLS LTD.,850.0,850.0,820.05,841.95,835.0,829.8,,841.85,,,5495,4577439.6,157,F1,1,,,,,
2026-07-16,2026-07-16,CM,NSE,STK,181,INE610C01014,ARENTERP,EQ,,,,,RAJDARSHAN INDUSTRIES LTD,34.55,38.46,34.5,36.41,37.2,34.8,,37.43,,,2560,92992.22,25,F1,1,,,,,
2026-07-16,2026-07-16,CM,NSE,STK,760461,INE343B01030,RAJESHEXPO,BZ,,,,,RAJESH EXPORTS LTD,87.83,89.0,86.51,86.9,86.8,87.83,,86.77,,,118019,10348867.68,1308,F1,1,,,,,
2026-07-16,2026-07-16,CM,NSE,STK,19681,INE0BZQ01011,RCDL,SM,,,,,RAJGOR CASTOR DERIVATI L,25.1,25.1,25.1,25.1,25.1,25.0,,25.1,,,6000,150600.0,2,F1,3000,,,,,
2026-07-16,2026-07-16,CM,NSE,STK,2168,INE00KV01022,RAJMET,EQ,,,,,RAJNANDINI METAL LIMITED,3.47,3.53,3.45,3.45,3.48,3.51,,3.45,,,337092,1172454.86,658,F1,1,,,,,
2026-07-16,2026-07-16,CM,NSE,STK,757052,INE535F01024,RAJOOENG,BE,,,,,RAJOO ENGINEERS LIMITED,50.25,50.87,49.5,49.94,50.02,50.25,,49.95,,,91337,4579289.13,535,F1,1,,,,,
2026-07-16,2026-07-16,CM,NSE,STK,27269,INE0VHU01019,RAJPUTANA,SM,,,,,RAJPUTANA BIODIESEL LTD,186.0,198.8,186.0,193.1,193.0,193.0,,193.1,,,12500,2431900.0,19,F1,500,,,,,
2026-07-16,2026-07-16,CM,NSE,STK,24707,INE0PCU01012,RAJINDLTD,SM,,,,,RAJPUTANA INDUSTRIES LTD,75.6,80.0,75.6,79.15,79.95,75.6,,79.15,,,27000,2118225.0,18,F1,1500,,,,,
2026-07-16,2026-07-16,CM,NSE,STK,761439,INE313L01016,RSL,EQ,,,,,RAJPUTANA STAINLESS LTD,129.5,130.7,127.31,128.79,128.9,127.77,,128.79,,,201647,25995069.43,1520,F1,1,,,,,
2026-07-16,2026-07-16,CM,NSE,STK,18962,INE451D01029,RAJRATAN,EQ,,,,,RAJRATAN GLOBAL WIRE LTD,488.0,515.0,480.8,495.9,498.95,485.2,,496.1,,,348618,174630453.05,14635,F1,1,,,,,
2026-07-16,2026-07-16,CM,NSE,STK,6913,INE760W01023,RPPL,EQ,,,,,RAJSHREE POLYPACK LTD,23.25,23.25,21.95,22.01,21.95,22.52,,22.01,,,89623,2000012.79,1067,F1,1,,,,,
2026-07-16,2026-07-16,CM,NSE,STK,2809,INE562B01019,RAJSREESUG,EQ,,,,,RAJSHREE SUGAR & CHEMICAL,31.39,31.49,30.82,31.19,31.29,30.93,,31.2,,,6869,214313.52,71,F1,1,,,,,
2026-07-16,2026-07-16,CM,NSE,STK,2816,INE613A01020,RALLIS,EQ,,,,,RALLIS INDIA LTD,238.29,244.7,235.1,235.94,235.8,238.29,,235.94,,,1659816,399346789.75,31087,F1,1,,,,,
2026-07-16,2026-07-16,CM,NSE,STK,10485,INE207E01023,RAMRAT,EQ,,,,,RAM RATNA WIRES LIMITED,423.15,426.3,418.0,423.75,422.75,419.15,,423.85,,,59523,25048280.05,1746,F1,1,,,,,
2026-07-16,2026-07-16,CM,NSE,STK,10568,INE809A01032,RAMAPHO,EQ,,,,,RAMA PHOSPHATES LIMITED,122.15,124.77,122.1,123.78,123.3,122.59,,123.78,,,17292,2141549.98,311,F1,1,,,,,
2026-07-16,2026-07-16,CM,NSE,STK,10304,INE230R01035,RAMASTEEL,BE,,,,,RAMA STEEL TUBES LIMITED,4.51,4.51,4.31,4.39,4.42,4.46,,4.39,,,2672126,11793052.47,4076,F1,1,,,,,
2026-07-16,2026-07-16,CM,NSE,STK,4587,INE614A01028,RAMCOIND,EQ,,,,,RAMCO INDUSTRIES LIMITED,369.65,369.65,356.55,360.7,358.2,366.85,,360.7,,,120951,43681810.3,4105,F1,1,,,,,
2026-07-16,2026-07-16,CM,NSE,STK,7851,INE246B01019,RAMCOSYS,EQ,,,,,RAMCO SYSTEMS LTD.,832.4,864.1,812.65,830.5,831.0,815.45,,830.5,,,2218250,1866762825.3,57017,F1,1,,,,,
2026-07-16,2026-07-16,CM,NSE,STK,11411,INE399G01023,RKFORGE,EQ,,,,,RAMKRISHNA FORGINGS LTD,570.05,594.9,562.0,589.7,587.0,563.5,,589.7,,,12521884,7221015274.15,163235,F1,1,,,,,
2026-07-16,2026-07-16,CM,NSE,STK,20134,INE874I01013,RAMKY,EQ,,,,,RAMKY INFRA LTD,396.85,399.7,391.8,392.4,392.5,396.85,,392.4,,,32144,12712947.8,1302,F1,1,,,,,
2026-07-16,2026-07-16,CM,NSE,STK,2837,INE625B01014,RANASUG,EQ,,,,,RANA SUGARS LTD.,12.09,12.09,11.82,11.88,11.9,11.93,,11.88,,,103030,1223971.07,322,F1,1,,,,,
2026-07-16,2026-07-16,CM,NSE,STK,11975,INE050H01012,RML,EQ,,,,,RANE (MADRAS) LIMITED,1258.0,1283.9,1235.1,1241.2,1236.0,1251.3,,1241.2,,,18088,22740350.8,2474,F1,1,,,,,
2026-07-16,2026-07-16,CM,NSE,STK,2844,INE384A01010,RANEHOLDIN,EQ,,,,,RANE HOLDINGS LIMITED,1760.7,1760.7,1728.0,1738.6,1730.1,1748.6,,1738.7,,,9458,16452813.8,1378,F1,1,,,,,
2026-07-16,2026-07-16,CM,NSE,STK,30460,INE0QX901013,RAPIDFLEET,SM,,,,,RAPID FLEET MGT SERVICE L,184.0,184.0,184.0,184.0,184.0,180.0,,184.0,,,600,110400.0,1,F1,600,,,,,
2026-07-16,2026-07-16,CM,NSE,STK,25610,INE0MVO01012,RAPPID,SM,,,,,RAPPID VALVES (INDIA) LTD,319.6,324.0,314.0,321.3,320.6,320.0,,321.3,,,16800,5386650.0,20,F1,600,,,,,
2026-07-16,2026-07-16,CM,NSE,STK,22670,INE0J1F01024,RPTECH,EQ,,,,,RASHI PERIPHERALS LIMITED,776.1,798.0,750.55,760.5,759.9,775.75,,760.4,,,536072,418313484.0,20755,F1,1,,,,,
2026-07-16,2026-07-16,CM,NSE,STK,2866,INE027A01015,RCF,EQ,,,,,RASHTRIYA CHEMICALS & FER,130.8,131.58,128.25,128.63,128.51,130.47,,128.63,,,1125545,146022404.72,12414,F1,1,,,,,
2026-07-16,2026-07-16,CM,NSE,STK,7177,INE0CLI01024,RATEGAIN,EQ,,,,,RATEGAIN TRAVEL TECHN LTD,978.7,985.95,962.15,971.8,970.0,977.2,,971.8,,,197082,191633157.55,7362,F1,1,,,,,
2026-07-16,2026-07-16,CM,NSE,STK,13451,INE703B01027,RATNAMANI,EQ,,,,,RATNAMANI MET & TUB LTD.,2600.0,2634.9,2580.0,2617.5,2616.9,2603.6,,2617.5,,,20108,52234621.9,11205,F1,1,,,,,
2026-07-16,2026-07-16,CM,NSE,STK,18423,INE05CZ01011,RATNAVEER,EQ,,,,,RATNAVEER PRECISION ENG L,175.85,176.79,173.21,175.53,175.6,175.27,,175.53,,,233232,40767536.22,2825,F1,1,,,,,
2026-07-16,2026-07-16,CM,NSE,STK,27297,INE834M01019,RTNINDIA,EQ,,,,,RATTANINDIA ENT LIMITED,32.59,32.69,32.0,32.12,32.25,32.45,,32.12,,,770178,24856848.02,3839,F1,1,,,,,
2026-07-16,2026-07-16,CM,NSE,STK,17520,INE399K01017,RTNPOWER,EQ,,,,,RATTANINDIA POWER LIMITED,8.86,9.02,8.79,8.84,8.87,8.84,,8.84,,,12183068,108066074.28,9636,F1,1,,,,,
2026-07-16,2026-07-16,CM,NSE,STK,20950,INE722J01012,RKDL,EQ,,,,,RAVI KUMAR DIST. LTD.,18.97,19.3,18.66,18.94,19.3,18.97,,18.94,,,15440,296074.83,88,F1,1,,,,,
2026-07-16,2026-07-16,CM,NSE,STK,1565,INE09E501017,RVHL,EQ,,,,,RAVINDER HEIGHTS LIMITED,45.1,47.25,45.1,46.69,46.8,44.67,,46.69,,,11512,535135.55,137,F1,1,,,,,
2026-07-16,2026-07-16,CM,NSE,STK,24596,INE206N01018,RELTD,EQ,,,,,RAVINDRA ENERGY LIMITED,175.5,176.9,170.65,175.12,176.9,174.94,,175.1,,,246476,42737643.39,3686,F1,1,,,,,
2026-07-16,2026-07-16,CM,NSE,STK,25073,INE02ID01020,RAYMONDLSL,EQ,,,,,RAYMOND LIFESTYLE LIMITED,728.9,737.35,724.15,727.35,725.0,732.05,,727.35,,,60103,43773549.85,2626,F1,1,,,,,
2026-07-16,2026-07-16,CM,NSE,STK,2859,INE301A01014,RAYMOND,EQ,,,,,RAYMOND LTD,611.9,631.0,608.1,613.65,611.0,609.3,,613.7,,,426933,264055050.1,10505,F1,1,,,,,
2026-07-16,2026-07-16,CM,NSE,STK,758551,INE1SY401010,RAYMONDREL,EQ,,,,,RAYMOND REALTY LIMITED,720.0,720.0,695.95,699.35,697.5,713.65,,699.35,,,396370,279763244.0,11503,F1,1,,,,,
2026-07-16,2026-07-16,CM,NSE,STK,18391,INE976G01028,RBLBANK,EQ,,,,,RBL BANK LIMITED,373.2,373.95,361.3,362.8,363.5,372.8,,362.8,,,30740165,11161843021.2,135903,F1,1,,,,,
2026-07-16,2026-07-16,CM,NSE,STK,13570,INE0NA301016,RBMINFRA,SM,,,,,RBM INFRACON LIMITED,264.0,266.0,261.0,263.35,264.0,264.9,,263.35,,,10400,2739370.0,49,F1,200,,,,,
2026-07-16,2026-07-16,CM,NSE,STK,20874,INE0PEQ01016,RBZJEWEL,EQ,,,,,RBZ JEWELLERS LIMITED,150.1,154.04,147.01,148.84,148.1,150.8,,148.88,,,84323,12698575.76,1776,F1,1,,,,,
2026-07-16,2026-07-16,CM,NSE,STK,29561,INE10QL01011,READYMIX,SM,,,,,READYMIX CONSTRU MACHI L,96.0,101.0,85.4,93.85,93.0,106.7,,93.85,,,153000,14096400.0,139,F1,1000,,,,,
2026-07-16,2026-07-16,CM,NSE,STK,15355,INE020B01018,RECLTD,EQ,,,,,REC LIMITED,353.2,355.65,349.05,349.6,349.65,351.7,,349.6,,,4094233,1442047331.35,37969,F1,1,,,,,
2026-07-16,2026-07-16,CM,NSE,STK,14255,INE891D01026,REDINGTON,EQ,,,,,REDINGTON LIMITED,281.75,283.95,275.05,276.1,276.5,282.3,,276.1,,,1348447,375132516.0,27762,F1,1,,,,,
2026-07-16,2026-07-16,CM,NSE,STK,17859,INE0LXT01019,REDTAPE,EQ,,,,,REDTAPE LIMITED,133.57,133.57,132.0,132.41,132.5,132.61,,132.41,,,118054,15662730.19,2530,F1,1,,,,,
2026-07-16,2026-07-16,CM,NSE,STK,17764,INE056I01025,REFEX,EQ,,,,,REFEX INDUSTRIES LIMITED,325.0,327.75,315.05,316.55,317.0,322.1,,316.55,,,641178,204997319.75,13195,F1,1,,,,,
2026-07-16,2026-07-16,CM,NSE,STK,23718,INE0TNX01015,REFRACTORY,SM,,,,,REFRACTORY SHAPES LIMITED,28.1,28.7,28.0,28.65,28.7,27.35,,28.65,,,15000,426650.0,14,F1,1000,,,,,
2026-07-16,2026-07-16,CM,NSE,STK,758682,INE0MHO01029,REGAAL,BE,,,,,REGAAL RESOURCES LIMITED,77.99,80.5,77.99,80.12,79.8,78.01,,79.93,,,182043,14462118.15,402,F1,1,,,,,
2026-07-16,2026-07-16,CM,NSE,STK,4130,INE277C01012,REGENCERAM,EQ,,,,,REGENCY CERAMICS LTD.,40.1,40.1,37.0,37.67,37.86,40.1,,37.68,,,8599,328713.64,177,F1,1,,,,,
2026-07-16,2026-07-16,CM,NSE,STK,24225,INE131B01039,RELAXO,EQ,,,,,RELAXO FOOT LTD.,380.55,380.55,365.25,366.65,366.5,377.65,,366.65,,,1860778,683234239.85,10082,F1,1,,,,,
2026-07-16,2026-07-16,CM,NSE,STK,3172,INF204KC1030,GILT5YBEES,EQ,,,,,RELCAPAMC - NETFGILT5Y,66.14,66.15,65.76,65.91,65.89,66.02,,65.91,,,400126,26360587.96,570,F1,1,,,,,
2026-07-16,2026-07-16,CM,NSE,STK,24378,INE375Y01018,RELIABLE,EQ,,,,,RELIABLE DATA SERVICE LTD,153.0,153.0,142.0,145.37,142.0,148.42,,145.43,,,10652,1582956.31,345,F1,1,,,,,
2026-07-16,2026-07-16,CM,NSE,STK,9652,INE750D01016,RELCHEMQ,EQ,,,,,RELIANCE CHEMOTEX IND LTD,128.2,133.75,128.2,130.26,130.0,130.11,,130.26,,,2484,324683.28,60,F1,1,,,,,
2026-07-16,2026-07-16,CM,NSE,STK,13188,INE330H01018,RCOM,BE,,,,,RELIANCE COMMUNICATIONS L,0.86,0.87,0.85,0.86,0.86,0.86,,0.87,,,2531711,2173349.01,1412,F1,1,,,,,
2026-07-16,2026-07-16,CM,NSE,STK,759204,INE217K01011,RHFL,BZ,,,,,RELIANCE HOME FINANCE LTD,2.04,2.04,1.96,2.02,2.01,2.01,,2.02,,,316231,633135.49,590,F1,1,,,,,
2026-07-16,2026-07-16,CM,NSE,STK,2912,INE046A01015,RIIL,EQ,,,,,RELIANCE INDUSTRIAL INFRA,782.0,786.9,776.0,781.45,780.05,785.4,,781.4,,,46263,36169702.1,2372,F1,1,,,,,
2026-07-16,2026-07-16,CM,NSE,STK,2885,INE002A01018,RELIANCE,EQ,,,,,RELIANCE INDUSTRIES LTD,1295.5,1309.4,1291.8,1296.6,1300.0,1295.5,,1296.0,,,15631046,20339050955.8,219816,F1,1,,,,,
2026-07-16,2026-07-16,CM,NSE,STK,15259,INE614G01033,RPOWER,EQ,,,,,RELIANCE POWER LTD.,24.45,25.4,24.25,24.59,24.59,24.33,,24.59,,,30303833,749189977.99,43950,F1,1,,,,,
2026-07-16,2026-07-16,CM,NSE,STK,15068,INE621H01010,RELIGARE,EQ,,,,,RELIGARE ENTER. LTD.,268.0,269.15,262.9,263.45,263.2,267.85,,263.45,,,346539,91963465.45,5038,F1,1,,,,,
2026-07-16,2026-07-16,CM,NSE,STK,3965,INE474C01023,REMSONSIND,EQ,,,,,REMSONS INDUSTRIES LTD,78.4,80.45,77.8,78.53,78.49,77.82,,78.53,,,99634,7869160.4,1613,F1,1,,,,,
2026-07-16,2026-07-16,CM,NSE,STK,16154,INE0O5T01011,REMUS,SM,,,,,REMUS PHARMACEUTICALS L,732.1,743.0,732.1,737.4,739.8,739.55,,737.4,,,5000,3690115.0,32,F1,100,,,,,
2026-07-16,2026-07-16,CM,NSE,STK,15129,INE722H01024,RGL,EQ,,,,,RENAISSANCE GLOBAL LTD,119.1,121.0,119.0,119.91,119.3,120.09,,119.91,,,127482,15252939.69,1168,F1,1,,,,,
2026-07-16,2026-07-16,CM,NSE,STK,29598,INE612J01015,REPCOHOME,EQ,,,,,REPCO HOME FINANCE LTD,409.7,410.45,401.0,402.7,402.7,408.25,,402.7,,,65821,26620899.4,2661,F1,1,,,,,
2026-07-16,2026-07-16,CM,NSE,STK,13126,INE461B01014,REPRO,EQ,,,,,REPRO INDIA LIMITED,369.95,384.95,368.6,370.25,369.75,370.15,,370.25,,,28517,10748713.5,1075,F1,1,,,,,
2026-07-16,2026-07-16,CM,NSE,STK,20323,INE688D01026,RESPONIND,EQ,,,,,RESPONSIVE INDUSTRIES LTD,189.92,196.7,189.1,190.59,189.1,190.53,,190.6,,,109376,21020567.08,3136,F1,1,,,,,
2026-07-16,2026-07-16,CM,NSE,STK,1494,INE07T201019,RBA,EQ,,,,,RESTAURANT BRAND ASIA LTD,70.26,70.5,68.55,68.66,68.65,70.19,,68.65,,,1511503,104483356.28,7538,F1,1,,,,,
2026-07-16,2026-07-16,CM,NSE,STK,25157,INE0DAB01012,RVTH,EQ,,,,,REVATHI EQUIPMENT INDIA L,743.0,743.0,712.0,736.95,737.0,733.8,,733.95,,,342,247301.55,20,F1,1,,,,,
2026-07-16,2026-07-16,CM,NSE,STK,5309,INE00D001018,REXPIPES,SM,,,,,REX PIPES AND CABLES LTD,171.0,171.0,171.0,171.0,171.0,180.0,,171.0,,,1000,171000.0,1,F1,1000,,,,,
2026-07-16,2026-07-16,CM,NSE,STK,29270,INE113601012,REXPRO,SM,,,,,REXPRO ENTERPRISES LTD,41.15,41.15,41.15,41.15,41.15,40.0,,41.15,,,1000,41150.0,1,F1,1000,,,,,
2026-07-16,2026-07-16,CM,NSE,STK,763468,INE0V2V01015,RFBL,ST,,,,,RFBL FLEXI PACK LIMITED,79.2,83.0,79.0,83.0,83.0,80.75,,83.0,,,21000,1685400.0,7,F1,3000,,,,,
2026-07-16,2026-07-16,CM,NSE,STK,759062,INE0KKN01029,RHETAN,EQ,,,,,RHETAN TMT LIMITED,33.0,33.01,30.16,30.88,30.85,30.15,,30.88,,,17955423,552457685.31,29804,F1,1,,,,,
2026-07-16,2026-07-16,CM,NSE,STK,31163,INE743M01012,RHIM,EQ,,,,,RHI MAGNESITA INDIA LTD,406.0,413.0,404.3,405.9,406.25,406.0,,405.85,,,1237236,502882766.25,14328,F1,1,,,,,
2026-07-16,2026-07-16,CM,NSE,STK,8212,INE0J1P01015,RICHA,ST,,,,,RICHA INFO SYSTEMS LTD,91.7,93.0,91.7,93.0,93.0,91.7,,93.0,,,36000,3346700.0,20,F1,1000,,,,,
2026-07-16,2026-07-16,CM,NSE,STK,2909,INE209B01025,RICOAUTO,EQ,,,,,RICO AUTO INDUSTRIES LTD,126.01,127.88,125.51,125.94,125.8,125.88,,125.94,,,734105,92866946.51,6266,F1,1,,,,,
2026-07-16,2026-07-16,CM,NSE,STK,764121,INE302D01024,RIR,EQ,,,,,RIR POWER ELECTRONICS L,169.99,170.5,162.26,163.94,163.87,165.15,,164.08,,,165163,27557607.81,4396,F1,1,,,,,
2026-07-16,2026-07-16,CM,NSE,STK,18417,INE0N2P01017,RISHABH,EQ,,,,,RISHABH INSTRUMENTS LTD,647.2,662.4,647.2,659.5,660.0,644.5,,659.5,,,120362,79040205.75,6939,F1,1,,,,,
2026-07-16,2026-07-16,CM,NSE,STK,8944,INE01EG01016,RITCO,EQ,,,,,RITCO LOGISTICS LIMITED,274.9,280.0,268.3,271.55,273.8,270.8,,271.55,,,190821,52355906.7,3266,F1,1,,,,,
2026-07-16,2026-07-16,CM,NSE,STK,11917,INE0MRA01019,RITEZONE,ST,,,,,RITE ZONE CHEMCON IND LTD,22.65,22.65,22.65,22.65,22.65,23.8,,22.65,,,4800,108720.0,3,F1,1600,,,,,
2026-07-16,2026-07-16,CM,NSE,STK,3761,INE320J01015,RITES,EQ,,,,,RITES LIMITED,223.2,224.32,218.7,219.37,219.2,223.2,,219.37,,,763200,168517148.73,14658,F1,1,,,,,
2026-07-16,2026-07-16,CM,NSE,STK,1547,INE786W01010,RKEC,EQ,,,,,RKEC PROJECTS LIMITED,27.9,27.9,26.23,26.45,26.75,26.76,,26.45,,,16255,433341.58,263,F1,1,,,,,
2026-07-16,2026-07-16,CM,NSE,STK,762346,INE655V01019,RMC,EQ,,,,,RMC SWITCHGEARS LIMITED,297.2,302.8,284.1,292.3,294.6,297.15,,292.4,,,43561,12826490.75,1291,F1,1,,,,,
2026-07-16,2026-07-16,CM,NSE,STK,24589,INE0SA001017,RNFI,SM,,,,,RNFI SERVICES LIMITED,248.9,257.0,248.9,255.95,256.0,245.35,,255.95,,,68400,17412600.0,47,F1,600,,,,,
2026-07-16,2026-07-16,CM,NSE,STK,15157,INE508K01013,RHL,EQ,,,,,ROBUST HOTELS LIMITED,180.0,201.0,172.84,173.43,173.5,179.21,,173.45,,,158491,29453612.27,2164,F1,1,,,,,
2026-07-16,2026-07-16,CM,NSE,STK,20289,INE0PTR01012,ROCKINGDCE,SM,,,,,ROCKINGDEALS CIRCU ECO L,178.0,180.0,172.0,172.0,172.0,178.0,,172.0,,,5250,942000.0,6,F1,250,,,,,
2026-07-16,2026-07-16,CM,NSE,STK,5279,INE645S01024,ROLEXRINGS,EQ,,,,,ROLEX RINGS LIMITED,156.54,159.12,150.71,155.51,155.0,155.3,,155.5,,,2540460,395399582.44,27570,F1,1,,,,,
2026-07-16,2026-07-16,CM,NSE,STK,19108,INE927A01040,ROLLT,BE,,,,,ROLLATAINERS LIMITED,2.35,2.42,2.28,2.28,2.28,2.4,,2.28,,,335833,768356.39,189,F1,1,,,,,
2026-07-16,2026-07-16,CM,NSE,STK,19410,INE02A801020,ROSSARI,EQ,,,,,ROSSARI BIOTECH LIMITED,537.3,549.0,531.85,541.55,542.3,535.75,,541.55,,,189212,102694631.55,7796,F1,1,,,,,
2026-07-16,2026-07-16,CM,NSE,STK,28913,INE847C01020,ROSSELLIND,EQ,,,,,ROSSELL INDIA LIMITED,57.39,60.0,56.81,59.29,59.0,56.83,,59.23,,,58120,3416337.8,967,F1,1,,,,,
2026-07-16,2026-07-16,CM,NSE,STK,27353,INE0OJW01016,ROSSTECH,EQ,,,,,ROSSELL TECHSYS LIMITED,1008.3,1031.95,990.0,1016.55,1015.55,1000.3,,1016.55,,,97725,99014082.25,6353,F1,1,,,,,
2026-07-16,2026-07-16,CM,NSE,STK,9049,INE535D01037,ROTO,EQ,,,,,ROTO PUMPS LIMITED,67.58,67.84,66.02,66.55,66.2,67.31,,66.56,,,327141,21819971.99,2573,F1,1,,,,,
2026-07-16,2026-07-16,CM,NSE,STK,128,INE450U01017,ROUTE,EQ,,,,,ROUTE MOBILE LIMITED,581.8,589.25,564.75,568.45,567.95,577.85,,568.6,,,217357,125087052.4,6356,F1,1,,,,,
2026-07-16,2026-07-16,CM,NSE,STK,20170,INE0PDJ01013,ROXHITECH,ST,,,,,ROX HI TECH LIMITED,35.8,36.0,35.8,36.0,36.0,34.3,,36.0,,,9600,345040.0,6,F1,1600,,,,,
2026-07-16,2026-07-16,CM,NSE,STK,29727,INE0EO401019,ROYALARC,SM,,,,,ROYAL ARC ELECTRODES LTD,150.0,150.0,150.0,150.0,150.0,145.0,,150.0,,,2400,360000.0,2,F1,1200,,,,,
2026-07-16,2026-07-16,CM,NSE,STK,13182,INE283H01019,ROHLTD,EQ,,,,,ROYAL ORCHID HOTELS LTD,322.65,326.1,316.0,320.55,318.1,323.2,,320.55,,,33381,10681020.45,1261,F1,1,,,,,
2026-07-16,2026-07-16,CM,NSE,STK,16725,INE105J01010,RPGLIFE,EQ,,,,,RPG LIFE SCIENCES LTD,2978.1,2992.8,2880.1,2921.9,2929.7,2978.1,,2921.9,,,27951,82185370.8,4457,F1,1,,,,,
2026-07-16,2026-07-16,CM,NSE,STK,8119,INE425Y01011,RPSGVENT,EQ,,,,,RPSG VENTURES LIMITED,895.7,896.0,882.25,889.85,889.5,895.1,,889.85,,,11227,9978174.95,413,F1,1,,,,,
2026-07-16,2026-07-16,CM,NSE,STK,7292,INE611A01016,RSWM,BE,,,,,RSWM LIMITED,214.0,220.0,212.0,214.66,214.0,210.73,,214.71,,,111694,24192060.61,817,F1,1,,,,,
2026-07-16,2026-07-16,CM,NSE,STK,24730,INE642C01025,RUBFILA,EQ,,,,,RUBFILA INTERNATIONAL LTD,73.62,74.68,73.1,74.37,74.36,73.62,,74.34,,,6836,507148.73,130,F1,1,,,,,
2026-07-16,2026-07-16,CM,NSE,STK,759316,INE506V01022,RUBICON,EQ,,,,,RUBICON RESEARCH LIMITED,1452.0,1475.0,1395.5,1419.0,1397.7,1451.1,,1416.9,,,167391,241322726.7,10706,F1,1,,,,,
2026-07-16,2026-07-16,CM,NSE,STK,4566,INE413B01023,RUCHINFRA,EQ,,,,,RUCHI INFRASTRUCTURE LTD,5.73,5.85,5.61,5.72,5.72,5.79,,5.72,,,54184,309900.01,146,F1,1,,,,,
2026-07-16,2026-07-16,CM,NSE,STK,13821,INE803H01014,RUCHIRA,EQ,,,,,RUCHIRA PAPERS LIMITED,103.81,104.99,103.6,104.07,104.0,103.54,,104.07,,,8948,932406.79,330,F1,1,,,,,
2026-07-16,2026-07-16,CM,NSE,STK,760401,INE027T01023,RUDRA,BE,,,,,RUDRA GLOBAL INFRA PROD L,17.47,17.48,17.15,17.24,17.22,17.38,,17.35,,,7911,136315.1,41,F1,1,,,,,
2026-07-16,2026-07-16,CM,NSE,STK,1486,INE364Z01019,REPL,BE,,,,,RUDRABHISHEK ENTERP LTD,64.7,66.85,64.7,65.99,65.5,64.9,,65.99,,,2217,144650.56,33,F1,1,,,,,
2026-07-16,2026-07-16,CM,NSE,STK,23830,INE0R7301013,RULKA,SM,,,,,RULKA ELECTRICALS LIMITED,113.0,113.0,113.0,113.0,113.0,108.4,,113.0,,,300,33900.0,1,F1,300,,,,,
2026-07-16,2026-07-16,CM,NSE,STK,25724,INE895B01021,RUPA,EQ,,,,,RUPA & COMPANY LTD,167.24,170.59,167.24,168.17,167.45,167.97,,168.17,,,66814,11255986.91,1487,F1,1,,,,,
2026-07-16,2026-07-16,CM,NSE,STK,24595,INE573K01025,RUSHIL,EQ,,,,,RUSHIL DECOR LIMITED,15.35,15.78,15.0,15.43,15.38,15.33,,15.43,,,408341,6265103.97,1338,F1,1,,,,,
2026-07-16,2026-07-16,CM,NSE,STK,24674,INE0BSN01013,SATECH,SM,,,,,S A TECH SOFTWARE INDIA L,33.0,34.4,32.55,34.0,34.0,33.8,,34.0,,,8000,267350.0,8,F1,1000,,,,,
2026-07-16,2026-07-16,CM,NSE,STK,20698,INE807K01035,SCHAND,EQ,,,,,S CHAND AND COMPANY LTD,150.0,150.97,148.52,149.43,148.6,148.22,,149.42,,,15073,2250685.05,278,F1,1,,,,,
2026-07-16,2026-07-16,CM,NSE,STK,25528,INE0X6F01017,SDREAMS,SM,,,,,S D RETAIL LIMITED,90.0,90.0,90.0,90.0,90.0,90.0,,90.0,,,1000,90000.0,1,F1,1000,,,,,
2026-07-16,2026-07-16,CM,NSE,STK,11212,INE500L01026,SHK,EQ,,,,,S H KELKAR AND CO. LTD.,130.04,130.8,128.9,129.17,129.0,130.04,,129.17,,,188059,24327908.64,4311,F1,1,,,,,
2026-07-16,2026-07-16,CM,NSE,STK,20542,INE0F3301020,SJLOGISTIC,SM,,,,,S J LOGISTICS (INDIA) LTD,330.6,338.0,330.6,336.65,337.5,332.5,,336.65,,,25500,8545775.0,77,F1,250,,,,,
2026-07-16,2026-07-16,CM,NSE,STK,2951,INE902B01017,S&SPOWER,EQ,,,,,S&S POWER SWITCHGEARS LTD,348.45,358.0,331.0,333.9,331.0,348.4,,333.9,,,2552,865174.6,127,F1,1,,,,,
2026-07-16,2026-07-16,CM,NSE,STK,18252,INE212I01016,SPAL,EQ,,,,,S. P. APPARELS LIMITED,1080.0,1097.2,1012.2,1041.2,1053.9,1076.7,,1041.4,,,140640,146407909.5,8924,F1,1,,,,,
2026-07-16,2026-07-16,CM,NSE,STK,11637,INE658G01014,SALSTEEL,BE,,,,,S.A.L. STEEL LTD.,56.95,56.95,54.0,54.76,54.85,55.37,,54.76,,,76293,4153169.15,295,F1,1,,,,,
2026-07-16,2026-07-16,CM,NSE,STK,19112,INE0PSK01027,SAAKSHI,ST,,,,,SAAKSHI MEDTEC N PANELS L,290.0,298.9,286.05,292.6,293.0,300.0,,292.6,,,16200,4739250.0,10,F1,600,,,,,
2026-07-16,2026-07-16,CM,NSE,STK,759057,INE13B501022,SAATVIKGL,EQ,,,,,SAATVIK GREEN ENERGY LTD,475.0,478.0,463.0,466.65,467.0,470.95,,466.65,,,160908,75694576.05,8599,F1,1,,,,,
2026-07-16,2026-07-16,CM,NSE,STK,18497,INE860T01019,SABEVENTS,EQ,,,,,SAB EVENTS & GOVERNANCE,7.89,7.9,7.51,7.57,7.51,7.9,,7.57,,,33536,252545.65,35,F1,1,,,,,
2026-07-16,2026-07-16,CM,NSE,STK,10982,INE0DZ101013,SABAR,SM,,,,,SABAR FLEX INDIA LIMITED,4.45,4.5,4.45,4.5,4.5,4.3,,4.5,,,35000,156250.0,3,F1,5000,,,,,
2026-07-16,2026-07-16,CM,NSE,STK,757409,INE1ARD01016,SACHEEROME,SM,,,,,SACHEEROME LIMITED,436.0,440.0,430.0,435.9,439.5,439.9,,435.9,,,15600,6794715.0,43,F1,300,,,,,
2026-07-16,2026-07-16,CM,NSE,STK,13236,INE226H01026,SADBHAV,EQ,,,,,SADBHAV ENGINEERING LTD,8.28,8.37,8.1,8.15,8.14,8.18,,8.16,,,142504,1165601.43,382,F1,1,,,,,
2026-07-16,2026-07-16,CM,NSE,STK,10622,INE764L01010,SADBHIN,BE,,,,,SADBHAV INFRA PROJ LTD.,2.62,2.66,2.5,2.5,2.56,2.63,,2.5,,,285857,724301.0,309,F1,1,,,,,
2026-07-16,2026-07-16,CM,NSE,STK,15349,INE888C01040,SADHNANIQ,BE,,,,,SADHANA NITROCHEM LIMITED,2.69,2.69,2.68,2.68,2.68,2.69,,2.68,,,1061058,2852313.38,289,F1,1,,,,,
2026-07-16,2026-07-16,CM,NSE,STK,22897,INE0K5H01010,SADHAV,SM,,,,,SADHAV SHIPPING LIMITED,113.0,118.0,111.55,115.8,115.05,113.25,,115.8,,,94800,11145690.0,50,F1,600,,,,,
2026-07-16,2026-07-16,CM,NSE,STK,13035,INE429E01023,SAFARI,EQ,,,,,SAFARI IND (INDIA) LTD,1642.2,1659.0,1616.0,1627.8,1625.0,1642.2,,1627.8,,,21355,34805039.5,4045,F1,1,,,,,
2026-07-16,2026-07-16,CM,NSE,STK,757583,INE17D601016,SAFEENTP,SM,,,,,SAFE ENTER RETAIL FIX LTD,277.0,277.0,268.6,270.5,270.5,271.8,,270.5,,,13500,3658825.0,26,F1,500,,,,,
2026-07-16,2026-07-16,CM,NSE,STK,14068,INE229C01021,SAGCEM,EQ,,,,,SAGAR CEMENTS LIMITED,178.15,180.38,174.35,176.25,175.0,178.15,,176.36,,,24235,4322356.37,809,F1,1,,,,,
2026-07-16,2026-07-16,CM,NSE,STK,8175,INE976T01013,SAGARDEEP,EQ,,,,,SAGARDEEP ALLOYS LIMITED,25.6,25.6,24.08,24.2,24.7,24.74,,24.2,,,2062,50341.96,45,F1,1,,,,,
2026-07-16,2026-07-16,CM,NSE,STK,27052,INE0W2G01015,SAGILITY,EQ,,,,,SAGILITY LIMITED,42.29,42.68,41.06,41.2,41.29,42.07,,41.2,,,12368372,514325782.08,25370,F1,1,,,,,
2026-07-16,2026-07-16,CM,NSE,STK,24478,INE0P4701011,SAHAJSOLAR,SM,,,,,SAHAJ SOLAR LIMITED,124.0,127.0,120.0,127.0,127.0,125.0,,127.0,,,10000,1225140.0,25,F1,400,,,,,
2026-07-16,2026-07-16,CM,NSE,STK,16711,INE0LEX01011,SAHANA,SM,,,,,SAHANA SYSTEM LIMITED,938.8,942.0,918.05,924.45,923.0,923.95,,924.45,,,19750,18443375.0,87,F1,125,,,,,
2026-07-16,2026-07-16,CM,NSE,STK,25671,INE0RBQ01018,SAHASRA,ST,,,,,SAHASRA ELECTRONIC SOLU L,313.0,313.0,313.0,313.0,313.0,306.9,,313.0,,,11600,3630800.0,17,F1,400,,,,,
2026-07-16,2026-07-16,CM,NSE,STK,14900,INE280H01015,SAHYADRI,EQ,,,,,SAHYADRI INDUSTRIES LTD,287.4,287.4,278.05,282.75,281.55,287.4,,282.75,,,1358,383278.85,67,F1,1,,,,,
2026-07-16,2026-07-16,CM,NSE,STK,27839,INE570L01029,SAILIFE,EQ,,,,,SAI LIFE SCIENCES LIMITED,1266.1,1300.0,1255.0,1294.9,1287.0,1263.2,,1294.9,,,589850,758397405.0,26577,F1,1,,,,,
2026-07-16,2026-07-16,CM,NSE,STK,761675,INE0H9F01037,SAIPARENT,EQ,,,,,SAI PARENTERALS LIMITED,568.0,573.15,563.35,570.7,571.0,566.85,,570.7,,,61023,34696966.1,2429,F1,1,,,,,
2026-07-16,2026-07-16,CM,NSE,STK,18755,INE438K01021,KALAMANDIR,EQ,,,,,SAI SILKS (KALAMANDIR) L,96.33,96.94,93.51,94.2,93.99,96.95,,94.19,,,1440497,136730912.26,17842,F1,1,,,,,
2026-07-16,2026-07-16,CM,NSE,STK,25712,INE00MT01022,SAJHOTELS,SM,,,,,SAJ HOTELS LIMITED,41.8,46.0,41.8,44.65,44.0,39.1,,44.65,,,134000,5992100.0,62,F1,2000,,,,,
2026-07-16,2026-07-16,CM,NSE,STK,9539,INE732S01012,SAKAR,EQ,,,,,SAKAR HEALTHCARE LIMITED,927.0,960.0,889.15,896.95,893.9,916.95,,896.95,,,211488,194331039.8,13453,F1,1,,,,,
2026-07-16,2026-07-16,CM,NSE,STK,11794,INE667G01023,SAKSOFT,EQ,,,,,SAKSOFT LIMITED,180.02,183.8,177.66,181.88,181.49,179.96,,181.88,,,1710846,309353200.1,13122,F1,1,,,,,
2026-07-16,2026-07-16,CM,NSE,STK,2969,INE623A01011,SAKHTISUG,EQ,,,,,SAKTHI SUGARS LTD,16.8,17.11,16.8,16.97,16.99,16.78,,16.96,,,34572,585861.65,203,F1,1,,,,,
2026-07-16,2026-07-16,CM,NSE,STK,13255,INE190H01024,SAKUMA,BE,,,,,SAKUMA EXPORTS LIMITED,1.77,1.77,1.67,1.72,1.74,1.74,,1.72,,,522501,902807.36,671,F1,1,,,,,
2026-07-16,2026-07-16,CM,NSE,STK,21362,INE170V01027,SALASAR,EQ,,,,,SALASAR TECHNO ENGG. LTD.,6.05,6.14,6.04,6.08,6.12,6.05,,6.09,,,2505114,15231827.3,2086,F1,1,,,,,
2026-07-16,2026-07-16,CM,NSE,STK,17351,INE498E01010,SALONA,EQ,,,,,SALONA COTSPIN LTD.,251.2,258.9,249.05,256.95,256.95,255.0,,257.05,,,433,111186.7,19,F1,1,,,,,
2026-07-16,2026-07-16,CM,NSE,STK,11399,INE457F01013,SALZERELEC,EQ,,,,,SALZER ELECTRONICS LTD,603.25,611.95,597.0,598.2,597.05,604.2,,598.2,,,27180,16388109.75,1738,F1,1,,,,,
2026-07-16,2026-07-16,CM,NSE,STK,4127,INE699B01027,SAMBHAAV,EQ,,,,,SAMBHAAV MEDIA LTD,6.38,6.38,6.05,6.12,6.14,6.09,,6.12,,,22416,137321.88,72,F1,1,,,,,
2026-07-16,2026-07-16,CM,NSE,STK,757767,INE12NJ01018,SAMBHV,EQ,,,,,SAMBHV STEEL TUBES LTD,120.54,121.55,118.0,120.61,119.59,120.54,,120.61,,,1107840,132692597.61,6192,F1,1,,,,,
2026-07-16,2026-07-16,CM,NSE,STK,21096,INE0PZA01015,SAIFL,SM,,,,,SAMEERA AGRO AND INFRA L,5.2,5.2,5.0,5.05,5.1,5.15,,5.05,,,312000,1582200.0,60,F1,4000,,,,,
2026-07-16,2026-07-16,CM,NSE,STK,18614,INE08U801020,SAMHI,EQ,,,,,SAMHI HOTELS LIMITED,173.85,175.5,169.0,169.56,170.0,174.24,,169.58,,,821660,140377233.08,15225,F1,1,,,,,
2026-07-16,2026-07-16,CM,NSE,STK,30125,INE148I01020,SAMMAANCAP,EQ,,,,,SAMMAAN CAPITAL LIMITED,163.99,165.23,162.98,163.3,163.5,163.53,,163.3,,,6238330,1022530620.31,20348,F1,1,,,,,
2026-07-16,2026-07-16,CM,NSE,STK,27303,INE735M01018,SAMPANN,EQ,,,,,SAMPANN UTPADAN INDIA LTD,27.75,28.33,27.28,27.98,28.0,27.08,,27.98,,,41652,1158866.35,624,F1,1,,,,,
2026-07-16,2026-07-16,CM,NSE,STK,4204,INE775A01035,MOTHERSON,EQ,,,,,SAMVRDHNA MTHRSN INTL LTD,142.5,145.5,142.11,143.65,143.7,142.11,,143.67,,,29245554,4204835718.26,128646,F1,1,,,,,
2026-07-16,2026-07-16,CM,NSE,STK,28805,INE0JPD01013,SANATHAN,EQ,,,,,SANATHAN TEXTILES LIMITED,453.8,453.8,445.0,449.3,446.0,449.5,,449.3,,,15901,7127203.35,1039,F1,1,,,,,
2026-07-16,2026-07-16,CM,NSE,STK,2988,INE583B01015,SANDESH,EQ,,,,,SANDESH LTD,965.1,984.0,965.1,972.85,976.0,982.15,,972.85,,,293,285942.4,77,F1,1,,,,,
2026-07-16,2026-07-16,CM,NSE,STK,2397,INE278H01035,SANDHAR,EQ,,,,,SANDHAR TECHNOLOGIES LTD,626.55,635.0,607.5,616.2,615.8,624.55,,616.15,,,173158,106998852.3,7525,F1,1,,,,,
2026-07-16,2026-07-16,CM,NSE,STK,18359,INE149K01016,SANDUMA,EQ,,,,,SANDUR MANG & IRON ORES L,201.61,201.7,197.75,198.91,198.99,200.32,,198.92,,,481185,96155849.71,7812,F1,1,,,,,
2026-07-16,2026-07-16,CM,NSE,STK,4184,INE495C01010,SANGAMIND,EQ,,,,,SANGAM (INDIA) LTD,629.4,635.45,608.55,628.35,627.25,629.4,,628.35,,,102002,63183751.85,2709,F1,1,,,,,
2026-07-16,2026-07-16,CM,NSE,STK,14058,INE989A01032,SANGHVIMOV,EQ,,,,,SANGHVI MOVERS LTD,433.2,446.8,423.4,430.75,428.5,435.4,,430.75,,,356681,153104075.85,8954,F1,1,,,,,
2026-07-16,2026-07-16,CM,NSE,STK,11033,INE753W01010,SANGINITA,BE,,,,,SANGINITA CHEMICALS LTD,54.76,54.76,54.76,54.76,54.76,53.69,,54.76,,,44093,2414532.68,92,F1,1,,,,,
2026-07-16,2026-07-16,CM,NSE,STK,25222,INE0UOS01011,SANOFICONR,EQ,,,,,SANOFI CONS HEALTHC IND L,4525.0,4615.0,4508.6,4558.5,4600.0,4523.6,,4558.5,,,17994,81484526.9,1917,F1,1,,,,,
2026-07-16,2026-07-16,CM,NSE,STK,1442,INE058A01010,SANOFI,EQ,,,,,SANOFI INDIA LIMITED,3390.0,3424.5,3369.4,3410.1,3413.0,3377.0,,3410.2,,,16991,57792374.2,5025,F1,1,,,,,
2026-07-16,2026-07-16,CM,NSE,STK,5751,INE953O01021,SANSERA,EQ,,,,,SANSERA ENGINEERING LTD,3254.9,3277.2,3203.0,3252.4,3270.0,3254.8,,3252.5,,,89823,290764979.8,18143,F1,1,,,,,
2026-07-16,2026-07-16,CM,NSE,STK,24582,INE08NE01025,SANSTAR,EQ,,,,,SANSTAR LIMITED,109.7,112.0,107.2,111.22,111.48,109.89,,111.22,,,335859,36739084.55,5684,F1,1,,,,,
2026-07-16,2026-07-16,CM,NSE,STK,46,INE890C01046,SANWARIA,BZ,,,,,SANWARIA CONSUMER LIMITED,0.2,0.2,0.19,0.2,0.2,0.19,,0.28,,,561190,111284.47,142,F1,1,,,,,
2026-07-16,2026-07-16,CM,NSE,STK,6718,INE806T01020,SAPPHIRE,EQ,,,,,SAPPHIRE FOODS INDIA LTD,183.0,184.49,180.0,181.35,181.0,182.06,,181.35,,,297196,53835593.8,6547,F1,1,,,,,
2026-07-16,2026-07-16,CM,NSE,STK,19863,INE0PUC01020,SARTELE,SM,,,,,SAR TELEVENTURE LIMITED,123.0,126.0,120.0,125.45,125.9,121.45,,125.45,,,58500,7133175.0,104,F1,500,,,,,
2026-07-16,2026-07-16,CM,NSE,STK,762985,INE967G01019,ZSARACOM,EQ,,,,,SARASWATI COMM (INDIA) L,12670.0,12850.0,12150.0,12619.5,12839.5,12670.0,,12652.0,,,87,1085219.0,43,F1,1,,,,,
2026-07-16,2026-07-16,CM,NSE,STK,24856,INE0PQ101010,SSDL,EQ,,,,,SARASWATI SAREE DEPOT LTD,55.13,55.13,53.79,53.95,53.8,54.05,,53.95,,,13703,741556.67,338,F1,1,,,,,
2026-07-16,2026-07-16,CM,NSE,STK,17758,INE385C01021,SARDAEN,EQ,,,,,SARDA ENERGY & MIN LTD,497.35,497.95,490.0,494.05,493.6,495.85,,494.05,,,181409,89563502.2,13889,F1,1,,,,,
2026-07-16,2026-07-16,CM,NSE,STK,4892,INE979A01025,SAREGAMA,EQ,,,,,SAREGAMA INDIA LIMITED,486.95,495.0,484.15,489.55,489.0,490.6,,489.55,,,481997,235916675.0,15976,F1,1,,,,,
2026-07-16,2026-07-16,CM,NSE,STK,14043,INE453D01025,SARLAPOLY,EQ,,,,,SARLA PERF. FIBERS LTD,99.4,100.59,96.02,98.01,98.95,98.57,,98.0,,,229112,22354741.12,3383,F1,1,,,,,
2026-07-16,2026-07-16,CM,NSE,STK,6843,INE017W01010,SMLT,EQ,,,,,SARTHAK METALS LIMITED,67.05,68.6,66.11,66.61,67.4,67.47,,66.63,,,8752,587436.2,186,F1,1,,,,,
2026-07-16,2026-07-16,CM,NSE,STK,12950,INE324X01026,SARVESHWAR,BE,,,,,SARVESHWAR FOODS LIMITED,3.57,3.59,3.51,3.53,3.57,3.56,,3.53,,,540216,1920044.85,976,F1,1,,,,,
2026-07-16,2026-07-16,CM,NSE,STK,11983,INE231F01020,SASKEN,EQ,,,,,SASKEN TECHNOLOGIES LTD,2002.2,2058.9,1970.0,1974.4,1972.0,2000.2,,1974.4,,,11688,23265495.3,1726,F1,1,,,,,
2026-07-16,2026-07-16,CM,NSE,STK,29154,INE0NB801022,SATKARTAR,ST,,,,,SAT KARTAR LIFE LIMITED,132.0,133.0,130.0,130.0,130.0,132.1,,130.0,,,14400,1881760.0,14,F1,800,,,,,
2026-07-16,2026-07-16,CM,NSE,STK,24697,INE0RFP01011,SSEGL,SM,,,,,SATHLOKHAR SYN E&C GLOB L,311.5,314.5,309.0,312.0,312.0,311.35,,312.0,,,19800,6165460.0,72,F1,200,,,,,
2026-07-16,2026-07-16,CM,NSE,STK,24507,INE0RPM01017,SATIPOLY,ST,,,,,SATI POLY PLAST LIMITED,38.3,38.3,37.3,37.3,37.3,36.5,,37.3,,,2500,95250.0,2,F1,500,,,,,
2026-07-16,2026-07-16,CM,NSE,STK,11045,INE170E01023,SATIA,EQ,,,,,SATIA INDUSTRIES LIMITED,55.52,62.45,54.57,61.75,62.0,55.04,,61.75,,,990182,59316125.34,6742,F1,1,,,,,
2026-07-16,2026-07-16,CM,NSE,STK,10453,INE836B01017,SATIN,EQ,,,,,SATIN CREDIT NET LTD,259.99,267.4,250.2,266.14,264.0,258.57,,266.14,,,746351,194874644.72,12003,F1,1,,,,,
2026-07-16,2026-07-16,CM,NSE,STK,758960,INE14DW01018,SATTVAENGG,SM,,,,,SATTVA ENGINEERING CSTN L,79.0,86.0,79.0,83.35,83.0,78.1,,83.35,,,112000,9362640.0,60,F1,1600,,,,,
2026-07-16,2026-07-16,CM,NSE,STK,3018,INE626A01014,SAURASHCEM,EQ,,,,,SAURASHTRA CEMENT LIMITED,55.2,64.6,55.2,62.55,62.53,55.59,,62.55,,,1859907,113781069.09,12876,F1,1,,,,,
2026-07-16,2026-07-16,CM,NSE,STK,3021,INE035D01020,SOTL,EQ,,,,,SAVITA OIL TECHNOLO. LTD,605.0,605.0,561.1,580.25,580.6,596.6,,580.25,,,292065,167989103.0,12418,F1,1,,,,,
2026-07-16,2026-07-16,CM,NSE,STK,757704,INE0UCN01017,SAVY,SM,,,,,SAVY INFRA AND LOGI LTD,120.6,120.6,119.0,120.0,120.0,120.6,,120.0,,,26400,3169200.0,14,F1,1200,,,,,
2026-07-16,2026-07-16,CM,NSE,STK,758444,INE10VS01016,SAWALIYA,SM,,,,,SAWALIYA FOOD PRODUCTS L,299.9,305.0,293.0,300.85,303.0,296.0,,300.85,,,42000,12571020.0,60,F1,600,,,,,
2026-07-16,2026-07-16,CM,NSE,STK,762879,INE318C01014,SAYAJIHOTL,EQ,,,,,SAYAJI HOTELS LTD.,300.0,300.0,300.0,300.0,300.0,310.0,,300.0,,,221,66300.0,5,F1,1,,,,,
2026-07-16,2026-07-16,CM,NSE,STK,6792,INE04AK01028,SBC,EQ,,,,,SBC EXPORTS LIMITED,42.25,42.41,42.15,42.23,42.41,42.16,,42.23,,,7449186,314940199.85,3095,F1,1,,,,,
2026-07-16,2026-07-16,CM,NSE,STK,18026,INE423Y01016,SBFC,EQ,,,,,SBFC FINANCE LIMITED,93.2,94.39,92.76,93.94,94.0,93.17,,93.87,,,685953,64375110.98,12468,F1,1,,,,,
2026-07-16,2026-07-16,CM,NSE,STK,17971,INE018E01016,SBICARD,EQ,,,,,SBI CARDS & PAY SER LTD,640.35,653.0,633.1,644.6,645.0,640.35,,644.6,,,1731055,1117695807.4,46132,F1,1,,,,,
2026-07-16,2026-07-16,CM,NSE,STK,21808,INE123W01016,SBILIFE,EQ,,,,,SBI LIFE INSURANCE CO LTD,1871.0,1872.1,1810.0,1822.1,1824.1,1866.4,,1822.1,,,898103,1639870353.5,66049,F1,1,,,,,
2026-07-16,2026-07-16,CM,NSE,STK,17272,INF200KA16D8,SETFGOLD,EQ,,,,,SBI-ETF GOLD,120.65,123.11,119.8,120.2,120.19,120.11,,120.2,,,1849857,222070052.41,9606,F1,1,,,,,
2026-07-16,2026-07-16,CM,NSE,STK,10176,INF200KA1FS1,SETFNIF50,EQ,,,,,SBI-ETF NIFTY 50,258.96,265.06,258.25,258.72,258.83,258.6,,258.72,,,413664,107252392.78,8430,F1,1,,,,,
2026-07-16,2026-07-16,CM,NSE,STK,7361,INF200KA1580,SETFNIFBK,EQ,,,,,SBI-ETF NIFTY BANK,592.64,594.57,590.76,592.36,592.85,592.6,,592.36,,,212665,125915568.41,936,F1,1,,,,,
2026-07-16,2026-07-16,CM,NSE,STK,7353,INF200KA1598,SETFNN50,EQ,,,,,SBI-ETF NIFTY NEXT 50,772.85,777.97,769.21,770.37,771.89,770.15,,770.37,,,39660,30696432.56,911,F1,1,,,,,
2026-07-16,2026-07-16,CM,NSE,STK,19705,INF200KA13Z8,LIQUIDSBI,EQ,,,,,SBIAMC - LIQUIDSBI,999.99,1000.0,999.99,999.99,999.99,1000.0,,999.99,,,1144,1143994.11,18,F1,1,,,,,
2026-07-16,2026-07-16,CM,NSE,STK,30290,INF200KB1712,SBIBPB,EQ,,,,,SBIAMC - SBIBPB,49.09,49.09,48.26,48.4,48.74,48.6,,48.4,,,19155,928008.2,336,F1,1,,,,,
2026-07-16,2026-07-16,CM,NSE,STK,5168,INF200KA1X17,SBIETFCON,EQ,,,,,SBIAMC - SBIETFCON,121.28,121.28,118.11,120.67,120.12,119.84,,120.67,,,3245,390918.22,79,F1,1,,,,,
2026-07-16,2026-07-16,CM,NSE,STK,740,INF200KA1S14,SBIETFIT,EQ,,,,,SBIAMC - SBIETFIT,319.05,321.86,316.85,319.25,316.85,316.05,,319.25,,,6164,1975590.5,181,F1,1,,,,,
2026-07-16,2026-07-16,CM,NSE,STK,722,INF200KA1S22,SBIETFPB,EQ,,,,,SBIAMC - SBIETFPB,289.44,289.44,284.0,284.4,284.05,287.02,,284.4,,,1421,405325.01,82,F1,1,,,,,
2026-07-16,2026-07-16,CM,NSE,STK,7218,INF200KA1WX6,SBIETFQLTY,EQ,,,,,SBIAMC - SBIETFQLTY,218.73,219.0,218.0,218.21,218.0,217.85,,218.21,,,1504,328417.37,34,F1,1,,,,,
2026-07-16,2026-07-16,CM,NSE,STK,758496,INF200KB1969,SBILIQETF,EQ,,,,,SBIAMC - SBILIQETF,1047.63,1047.65,1047.63,1047.65,1047.65,1047.49,,1047.65,,,14757,15460131.83,25,F1,1,,,,,
2026-07-16,2026-07-16,CM,NSE,STK,761095,INF200KB1AJ0,SBIMIDMOM,EQ,,,,,SBIAMC - SBIMIDMOM,63.3,63.3,62.38,62.41,63.14,62.98,,62.41,,,8531,534728.03,100,F1,1,,,,,
2026-07-16,2026-07-16,CM,NSE,STK,24524,INF200KB1282,SBINEQWETF,EQ,,,,,SBIAMC - SBINEQWETF,33.25,33.25,32.99,33.0,32.99,33.09,,33.0,,,21052,696360.64,217,F1,1,,,,,
2026-07-16,2026-07-16,CM,NSE,STK,761741,INF200KB1AK8,SBINMID150,EQ,,,,,SBIAMC - SBINMID150,23.34,23.94,23.03,23.14,23.14,23.23,,23.14,,,33911,794407.73,133,F1,1,,,,,
2026-07-16,2026-07-16,CM,NSE,STK,24366,INF200KB1217,SBISILVER,EQ,,,,,SBIAMC - SBISILVER,212.68,213.14,211.26,212.08,212.16,214.02,,212.08,,,713160,151239468.18,6174,F1,1,,,,,
2026-07-16,2026-07-16,CM,NSE,STK,763543,INF200KB1AY9,SBISMLETF,EQ,,,,,SBIAMC - SBISMLETF,18.3,18.38,18.08,18.2,18.2,18.15,,18.21,,,15281,278035.0,179,F1,1,,,,,
2026-07-16,2026-07-16,CM,NSE,STK,763546,INF200KB1AX1,SBIVALETF,EQ,,,,,SBIAMC - SBIVALETF,14.87,14.88,14.72,14.72,14.79,14.8,,14.72,,,36285,534681.95,61,F1,1,,,,,
2026-07-16,2026-07-16,CM,NSE,STK,17395,INF200KA1JT1,SETF10GILT,EQ,,,,,SBIAMC - SETF10GILT,266.5,266.5,264.05,265.26,265.3,264.82,,265.26,,,791,209503.98,58,F1,1,,,,,
2026-07-16,2026-07-16,CM,NSE,STK,762884,INE099G01011,SCANSTL,EQ,,,,,SCAN STEELS LTD.,50.65,50.65,47.31,49.14,49.01,49.33,,49.13,,,172166,8405530.12,1716,F1,1,,,,,
2026-07-16,2026-07-16,CM,NSE,STK,1011,INE513A01022,SCHAEFFLER,EQ,,,,,SCHAEFFLER INDIA LIMITED,4122.0,4210.0,4098.6,4131.7,4130.0,4119.3,,4131.6,,,345304,1429664519.1,12866,F1,1,,,,,
2026-07-16,2026-07-16,CM,NSE,STK,31234,INE839M01018,SCHNEIDER,EQ,,,,,SCHNEIDER ELECTRIC INFRA,1369.9,1369.9,1318.9,1326.8,1334.0,1360.3,,1326.8,,,193975,259745423.3,20325,F1,1,,,,,
2026-07-16,2026-07-16,CM,NSE,STK,757462,INE148I07XX3,SCL01825,N6,,,,,SCL 0% 2027 SR III,1059.0,1059.0,1059.0,1059.0,1059.0,1059.0,,1059.0,,,10,10590.0,1,F1,1,,,,,
2026-07-16,2026-07-16,CM,NSE,STK,757458,INE148I07YA9,9SCL27,N2,,,,,SCL 9.00% 2027 SR I,1060.2,1060.2,1060.2,1060.2,1060.2,1060.2,,1060.1,,,10,10602.0,1,F1,1,,,,,
2026-07-16,2026-07-16,CM,NSE,STK,30238,INE148I07WU1,902SCL28,N1,,,,,SCL 9.02% SR V,1003.11,1003.11,1003.11,1003.11,1003.11,990.0,,1003.11,,,1465,1469556.15,9,F1,1,,,,,
2026-07-16,2026-07-16,CM,NSE,STK,757610,INE148I07XA1,945SCL28,N0,,,,,SCL 9.45% 2028 SR III,100331.2,100331.2,100331.2,100331.2,100331.2,100320.47,,100331.2,,,5,501656.0,1,F1,1,,,,,
2026-07-16,2026-07-16,CM,NSE,STK,757606,INE148I07WY3,950SCL30,N0,,,,,SCL 9.50% 2030 SR I,100180.29,100180.29,100180.29,100180.29,100180.29,100104.47,,100180.29,,,5,500901.45,1,F1,1,,,,,
2026-07-16,2026-07-16,CM,NSE,STK,757608,INE148I07WZ0,975SCL35,N0,,,,,SCL 9.75% 2035 SR II,99795.88,99795.88,99795.88,99795.88,99795.88,99817.52,,99795.88,,,10,997958.8,1,F1,1,,,,,
2026-07-16,2026-07-16,CM,NSE,STK,757475,INE148I07XI4,985SCL32,NJ,,,,,SCL 9.85% 2032 SR X,1067.46,1067.46,1067.46,1067.46,1067.46,1035.99,,1067.46,,,34,36293.64,1,F1,1,,,,,
2026-07-16,2026-07-16,CM,NSE,STK,757497,INE148I07XY1,995SCL2035,NM,,,,,SCL 9.95% 2035 SR XII,951.0,990.0,951.0,990.0,990.0,1090.0,,990.0,,,20,19410.0,2,F1,1,,,,,
2026-07-16,2026-07-16,CM,NSE,STK,757478,INE090501011,SCODATUBES,EQ,,,,,SCODA TUBES LIMITED,149.51,150.43,143.51,144.37,145.3,149.64,,144.38,,,316449,46112383.47,4355,F1,1,,,,,
2026-07-16,2026-07-16,CM,NSE,STK,19487,IN1020230505,767AP38,SG,,,,,SDL AP 7.67% 2038,100.0,100.0,100.0,100.0,100.0,100.98,,100.0,,,100,10000.0,1,F1,100,,,,,
2026-07-16,2026-07-16,CM,NSE,STK,756063,IN2220250020,672MH38,SG,,,,,SDL MH 6.72% 2038,93.0,93.0,93.0,93.0,93.0,93.0,,93.0,,,100,9300.0,1,F1,100,,,,,
2026-07-16,2026-07-16,CM,NSE,STK,761657,IN2220260037,807MH49,SG,,,,,SDL MH 8.07% 2049,102.2,102.2,102.2,102.2,102.2,99.25,,102.2,,,100,10220.0,1,F1,100,,,,,
2026-07-16,2026-07-16,CM,NSE,STK,15319,IN2820230034,747PN43,SG,,,,,SDL PN 7.47% 2043,96.0,97.0,96.0,97.0,97.0,97.0,,97.0,,,400,38700.0,3,F1,100,,,,,
2026-07-16,2026-07-16,CM,NSE,STK,21548,IN3120230377,756TN54,SG,,,,,SDL TN 7.56% 2054,94.0,94.0,94.0,94.0,94.0,97.0,,94.0,,,100,9400.0,1,F1,100,,,,,
2026-07-16,2026-07-16,CM,NSE,STK,763780,IN4520260097,765TS55A,SG,,,,,SDL TS 7.65% 2055,100.32,100.32,100.32,100.32,100.32,100.0,,100.32,,,200000,20064000.0,1,F1,100,,,,,
2026-07-16,2026-07-16,CM,NSE,STK,2616,INE497B01018,SEAMECLTD,EQ,,,,,SEAMEC LIMITED,1441.6,1451.2,1412.9,1420.0,1426.0,1430.2,,1420.0,,,23654,33700186.2,3390,F1,1,,,,,
2026-07-16,2026-07-16,CM,NSE,STK,6207,INE530B07187,IIFLZC26,NN,,,,,SEC RE NCD 0% SR.VII,1478.16,1478.16,1478.16,1478.16,1478.16,1473.0,,1471.83,,,15,22172.4,1,F1,1,,,,,
2026-07-16,2026-07-16,CM,NSE,STK,20771,INE413U07277,10ISFL26,N3,,,,,SEC RE NCD 10% SR 4,1062.25,1062.25,1062.25,1062.25,1062.25,1057.99,,1151.13,,,1,1062.25,1,F1,1,,,,,
2026-07-16,2026-07-16,CM,NSE,STK,12465,INE741K07496,10CAGL27,N5,,,,,SEC RE NCD 10% SR. V,1016.0,1016.0,1016.0,1016.0,1016.0,1015.0,,1010.5,,,5,5080.0,1,F1,1,,,,,
2026-07-16,2026-07-16,CM,NSE,STK,20779,INE413U07269,1003ISFL28,N4,,,,,SEC RE NCD 10.03% SR 5,986.0,1005.0,986.0,1005.0,1005.0,1003.0,,1005.0,,,1002,1006986.0,5,F1,1,,,,,
2026-07-16,2026-07-16,CM,NSE,STK,15253,INE244L07523,890SFIL23A,NZ,,,,,SEC RE NCD 10.03% SR.VIII,440.0,440.0,440.0,440.0,440.0,440.0,,440.0,,,140,61600.0,5,F1,1,,,,,
2026-07-16,2026-07-16,CM,NSE,STK,25914,INE583D07521,1025UCL26A,N1,,,,,SEC RE NCD 10.25% SR II,996.1,996.1,995.04,996.07,996.0,993.3,,996.01,,,52,51796.04,3,F1,1,,,,,
2026-07-16,2026-07-16,CM,NSE,STK,25575,INE148I07UV3,1025SCL34B,N1,,,,,SEC RE NCD 10.25% SR XII,1005.0,1005.0,1005.0,1005.0,1005.0,1025.0,,1005.0,,,10,10050.0,1,F1,1,,,,,
2026-07-16,2026-07-16,CM,NSE,STK,21056,INE148I07RZ0,835SCL23B,YM,,,,,SEC RE NCD 10.25% SR XII,1050.0,1050.0,1050.0,1050.0,1050.0,1000.02,,1050.0,,,51,53550.0,2,F1,1,,,,,
2026-07-16,2026-07-16,CM,NSE,STK,18906,INE148I07PV3,888SCL25E,N4,,,,,SEC RE NCD 10.25% SR XII,920.0,924.0,920.0,924.0,924.0,770.4,,924.0,,,166,153040.0,2,F1,1,,,,,
2026-07-16,2026-07-16,CM,NSE,STK,25916,INE583D07513,1040UCL27B,N1,,,,,SEC RE NCD 10.40% SR III,1006.0,1006.0,1006.0,1006.0,1006.0,1006.99,,1006.0,,,1,1006.0,1,F1,1,,,,,
2026-07-16,2026-07-16,CM,NSE,STK,20784,INE413U07251,1050ISFL28,N5,,,,,SEC RE NCD 10.50% SR 6,1040.0,1040.0,1040.0,1040.0,1040.0,1055.0,,1040.0,,,10,10400.0,1,F1,1,,,,,
2026-07-16,2026-07-16,CM,NSE,STK,23123,INE342T07460,1065NFL27,NC,,,,,SEC RE NCD 10.65% SR.IV,1020.0,1029.9,1010.0,1010.0,1010.0,1007.05,,1010.0,,,118,120876.2,5,F1,1,,,,,
2026-07-16,2026-07-16,CM,NSE,STK,21042,INE148I07RW7,1075SCL33,YK,,,,,SEC RE NCD 10.75% SR XI,1056.45,1112.0,1056.45,1112.0,1112.0,1054.38,,1112.0,,,891,947721.0,4,F1,1,,,,,
2026-07-16,2026-07-16,CM,NSE,STK,18902,INE148I07PT7,1075SCL33A,N2,,,,,SEC RE NCD 10.75% SR XI,925.0,927.0,925.0,927.0,927.0,822.0,,927.0,,,50,46292.0,6,F1,1,,,,,
2026-07-16,2026-07-16,CM,NSE,STK,11658,INE0H7R07017,79NHIT35,N1,,,,,SEC RE NCD 7.90% STRPP A,310.39,310.39,307.0,307.99,307.0,308.93,,307.99,,,1674,516082.13,19,F1,1,,,,,
2026-07-16,2026-07-16,CM,NSE,STK,11665,INE0H7R07025,79NHIT40,N2,,,,,SEC RE NCD 7.90% STRPP B,318.7,318.7,310.0,310.0,310.0,307.25,,310.0,,,60,19078.5,2,F1,1,,,,,
2026-07-16,2026-07-16,CM,NSE,STK,11669,INE0H7R07033,79NHIT47,N3,,,,,SEC RE NCD 7.90% STRPP C,416.97,416.97,416.97,416.97,416.97,416.95,,416.97,,,108,45032.76,1,F1,1,,,,,
2026-07-16,2026-07-16,CM,NSE,STK,7648,INE477L07AN9,820IIFL27,N9,,,,,SEC RE NCD 8.20% SR.III,998.98,998.98,995.01,995.01,995.01,998.0,,995.01,,,29,28966.45,2,F1,1,,,,,
2026-07-16,2026-07-16,CM,NSE,STK,17958,INE121A07RE9,84CIFCL28,,,,,,SEC RE NCD 8.40% SR 5,1050.6,1080.0,1050.0,1080.0,1080.0,1085.0,,1065.05,,,265,281865.0,4,F1,1,,,,,
2026-07-16,2026-07-16,CM,NSE,STK,15374,INE121A07QY9,840CIFCL28,N4,,,,,SEC RE NCD 8.40% SR.V,1003.0,1003.0,1003.0,1003.0,1003.0,1028.0,,1003.0,,,3,3009.0,1,F1,1,,,,,
2026-07-16,2026-07-16,CM,NSE,STK,6197,INE530B07161,842IIFL26,NL,,,,,SEC RE NCD 8.42% SR.V,990.01,990.01,990.01,990.01,990.01,999.0,,990.01,,,5,4950.05,1,F1,1,,,,,
2026-07-16,2026-07-16,CM,NSE,STK,20435,INE121A07RO8,850CIFCL26,NE,,,,,SEC RE NCD 8.50% SR 3,1038.0,1050.0,1036.0,1050.0,1050.0,1050.0,,1050.0,,,149,155056.5,5,F1,1,,,,,
2026-07-16,2026-07-16,CM,NSE,STK,13852,INE530B07310,865IIFL28,NS,,,,,SEC RE NCD 8.65% SR.V,990.99,991.0,990.9,990.9,990.9,991.0,,990.9,,,251,248738.38,9,F1,1,,,,,
2026-07-16,2026-07-16,CM,NSE,STK,6200,INE530B07179,875IIFL26,NM,,,,,SEC RE NCD 8.75% SR.VI,1055.87,1055.87,1055.87,1055.87,1055.87,1055.86,,1055.87,,,1,1055.87,1,F1,1,,,,,
2026-07-16,2026-07-16,CM,NSE,STK,5857,INE148I07KP6,975SCL28,NT,,,,,SEC RE NCD 8.89% SR.VIII,997.0,997.0,997.0,997.0,997.0,996.77,,997.0,,,39,38883.0,2,F1,1,,,,,
2026-07-16,2026-07-16,CM,NSE,STK,23706,INE338I07164,897MOFSL29,N4,,,,,SEC RE NCD 8.97% SR V,1020.0,1020.0,1015.0,1015.0,1015.0,1030.0,,1015.0,,,540,550345.0,7,F1,1,,,,,
2026-07-16,2026-07-16,CM,NSE,STK,17041,INE530B07377,9IIFL28,Y0,,,,,SEC RE NCD 9% SR.VI,999.8,999.8,999.8,999.8,999.8,977.66,,999.8,,,50,49990.0,1,F1,1,,,,,
2026-07-16,2026-07-16,CM,NSE,STK,13854,INE530B07260,9IIFL28A,NT,,,,,SEC RE NCD 9% SR.VI,1022.0,1026.0,1022.0,1022.0,1022.0,1021.0,,1022.0,,,53,54366.0,4,F1,1,,,,,
2026-07-16,2026-07-16,CM,NSE,STK,25552,INE148I07UC3,948SCL27D,N1,,,,,SEC RE NCD 9.48% SR V,985.0,985.0,985.0,985.0,985.0,980.0,,987.5,,,3,2955.0,1,F1,1,,,,,
2026-07-16,2026-07-16,CM,NSE,STK,20769,INE413U07236,957ISFL26,N2,,,,,SEC RE NCD 9.57% SR 3,1002.0,1002.0,998.0,1000.0,998.0,1002.0,,1000.0,,,270,270260.0,5,F1,1,,,,,
2026-07-16,2026-07-16,CM,NSE,STK,25287,INE423A07328,965AEL27,N4,,,,,SEC RE NCD 9.65% SR IV,1091.5,1091.6,1091.5,1091.53,1091.6,1088.0,,1091.53,,,31,33837.5,2,F1,1,,,,,
2026-07-16,2026-07-16,CM,NSE,STK,18487,INE741K07579,970CAGL28,ND,,,,,SEC RE NCD 9.70% SR VII,1028.0,1028.0,1028.0,1028.0,1028.0,1020.66,,1028.0,,,49,50372.0,3,F1,1,,,,,
2026-07-16,2026-07-16,CM,NSE,STK,23944,INE148I07TF8,99SCL27,ZH,,,,,SEC RE NCD 9.9% SR IV,993.2,1009.8,990.11,1009.8,1009.8,990.11,,1009.8,,,380,380342.2,5,F1,1,,,,,
2026-07-16,2026-07-16,CM,NSE,STK,19760,INE148I07PY7,990SCL26,N7,,,,,SEC RE NCD 9.90% SR IV,353.0,353.0,353.0,353.0,353.0,353.0,,353.0,,,31,10943.0,1,F1,1,,,,,
2026-07-16,2026-07-16,CM,NSE,STK,17952,INE121A07RD1,CIFC26A,N9,,,,,SEC RE NCD SR 4,1255.0,1255.0,1255.0,1255.0,1255.0,1251.0,,1255.0,,,30,37650.0,2,F1,1,,,,,
2026-07-16,2026-07-16,CM,NSE,STK,20445,INE121A07RN0,CIFCZC28,NH,,,,,SEC RE NCD SR 6,1215.0,1236.0,1215.0,1236.0,1236.0,1215.0,,1236.0,,,135,164235.0,3,F1,1,,,,,
2026-07-16,2026-07-16,CM,NSE,STK,25280,INE423A07369,AEL120924,N2,,,,,SEC RE NCD SR II,1175.09,1175.09,1175.09,1175.09,1175.09,1175.12,,1202.1,,,74,86956.66,1,F1,1,,,,,
2026-07-16,2026-07-16,CM,NSE,STK,14224,INE00QS24027,IMC1,N2,,,,,SEC RE NCGB 8.25% STRPP C,254.0,255.0,254.0,255.0,255.0,254.0,,255.0,,,27,6860.0,2,F1,1,,,,,
2026-07-16,2026-07-16,CM,NSE,STK,14228,INE00QS24035,IMC1,N3,,,,,SEC RE NCGB 8.25% STRPP D,256.05,256.05,256.05,256.05,256.05,256.05,,256.05,,,50,12802.5,1,F1,1,,,,,
2026-07-16,2026-07-16,CM,NSE,STK,7975,INE804IA7014,1015ECL29,NR,,,,,SEC RED NCD 10.15% SR. VI,1021.0,1021.0,1014.0,1014.08,1019.98,1015.0,,1014.12,,,131,133016.48,6,F1,1,,,,,
2026-07-16,2026-07-16,CM,NSE,STK,7986,INE804IA7022,1060ECL29,NS,,,,,SEC RED NCD 10.6% SR. VII,1054.01,1054.01,1054.01,1054.01,1054.01,1054.0,,1054.01,,,100,105401.0,3,F1,1,,,,,
2026-07-16,2026-07-16,CM,NSE,STK,16870,INE033L07GS6,81TCHF28,N8,,,,,SEC RED NCD 8.10% SR.IV,1010.0,1010.0,1002.0,1002.84,1002.0,1006.0,,1002.84,,,2806,2818134.53,42,F1,1,,,,,
2026-07-16,2026-07-16,CM,NSE,STK,16874,INE033L07GU2,84TCHF28,,,,,,SEC RED NCD 8.40% SR.V,1078.5,1078.5,1078.5,1078.5,1078.5,1040.0,,1078.5,,,40,43140.0,1,F1,1,,,,,
2026-07-16,2026-07-16,CM,NSE,STK,18624,INE148I07GJ7,865SCL26,N8,,,,,SEC RED NCD 8.65% SR. V,1000.0,1001.82,1000.0,1001.82,1001.82,1000.0,,1001.82,,,700,700365.82,2,F1,1,,,,,
2026-07-16,2026-07-16,CM,NSE,STK,18626,INE148I07GK5,885SCL26,N9,,,,,SEC RED NCD 8.85% SR. VI,1057.51,1060.1,1057.51,1060.1,1060.1,1065.8,,1060.1,,,42,44500.89,2,F1,1,,,,,
2026-07-16,2026-07-16,CM,NSE,STK,498,INE721A07NU1,903SFL28,YI,,,,,SEC RED NCD 9.03% SR. II,1044.0,1046.0,1044.0,1046.0,1046.0,1040.0,,1046.0,,,15,15670.0,2,F1,1,,,,,
2026-07-16,2026-07-16,CM,NSE,STK,6149,INE721A07OC7,930SFL28,YP,,,,,SEC RED NCD 9.30% SR. II,1031.0,1031.0,1031.0,1031.0,1031.0,1056.0,,1031.0,,,3,3093.0,1,F1,1,,,,,
2026-07-16,2026-07-16,CM,NSE,STK,8625,INE721A07ON4,957ICCL25,YW,,,,,SEC RED NCD 9.30% SR. II,1060.0,1060.0,1042.0,1054.46,1050.0,1060.0,,1054.46,,,75,79302.0,8,F1,1,,,,,
2026-07-16,2026-07-16,CM,NSE,STK,1001,INE721A07NX5,94SFL28,YL,,,,,SEC RED NCD 9.40% SR. V,1043.25,1045.0,1043.25,1044.75,1044.75,1043.0,,1044.75,,,55,57436.25,4,F1,1,,,,,
2026-07-16,2026-07-16,CM,NSE,STK,4288,INE804I078Y8,943ECL28,NJ,,,,,SEC RED NCD 9.43% SR. VI,1001.0,1001.0,1001.0,1001.0,1001.0,1001.0,,1002.0,,,1,1001.0,1,F1,1,,,,,
2026-07-16,2026-07-16,CM,NSE,STK,12933,INE721A07PE0,97SFL26,Z9,,,,,SEC RED NCD 9.7% SR.VII,1096.0,1112.74,1053.6,1054.0,1054.0,1083.99,,1054.0,,,377,404658.42,15,F1,1,,,,,
2026-07-16,2026-07-16,CM,NSE,STK,8642,INE721A07OQ7,97SFL29,YZ,,,,,SEC RED NCD 9.70% SR. V,1084.3,1090.5,1050.3,1078.82,1090.5,1083.75,,1078.82,,,730,780092.8,15,F1,1,,,,,
2026-07-16,2026-07-16,CM,NSE,STK,12941,INE721A07PH3,SFLZC26A,ZC,,,,,SEC RED NCD SR.X,1889.99,1889.99,1889.99,1889.99,1889.99,1881.66,,1889.99,,,17,32129.83,1,F1,1,,,,,
2026-07-16,2026-07-16,CM,NSE,STK,19496,INE0BTM01013,SECMARK,EQ,,,,,SECMARK CONSULTANCY LTD,129.79,129.79,123.41,127.35,127.35,127.72,,127.35,,,2543,317921.29,12,F1,1,,,,,
2026-07-16,2026-07-16,CM,NSE,STK,11058,INE650K01021,SECURKLOUD,EQ,,,,,SECUREKLOUD TECH LIMITED,18.05,18.59,18.05,18.35,18.47,18.05,,18.44,,,3151,57505.59,67,F1,1,,,,,
2026-07-16,2026-07-16,CM,NSE,STK,761153,INE00XB01019,SEDEMAC,EQ,,,,,SEDEMAC MECHATRONICS LTD,2622.1,2735.0,2617.0,2717.2,2727.6,2622.4,,2717.2,,,85645,230736584.7,11680,F1,1,,,,,
2026-07-16,2026-07-16,CM,NSE,STK,7094,INE955I01044,SEJALLTD,BE,,,,,SEJAL GLASS LIMITED,724.9,734.8,700.0,707.3,717.0,716.25,,707.3,,,2744,1980066.3,91,F1,1,,,,,
2026-07-16,2026-07-16,CM,NSE,STK,6262,INE105I01020,SELMC,EQ,,,,,SEL MANUFACTURING CO LTD,29.23,29.5,28.32,28.99,28.6,28.92,,29.03,,,3463,100397.81,95,F1,1,,,,,
2026-07-16,2026-07-16,CM,NSE,STK,757982,INE0IJF01013,SELLOWRAP,SM,,,,,SELLOWRAP INDUSTRIES LTD,78.0,80.0,65.5,65.5,65.5,70.5,,65.5,,,113600,8932000.0,15,F1,1600,,,,,
2026-07-16,2026-07-16,CM,NSE,STK,11964,INE617A01013,SEMAC,BE,,,,,SEMAC CONSTRUCTION LTD,315.0,329.85,310.35,323.65,329.85,326.65,,325.0,,,252,79537.9,48,F1,1,,,,,
2026-07-16,2026-07-16,CM,NSE,STK,17271,INE602W01027,SENCO,EQ,,,,,SENCO GOLD LIMITED,374.75,376.9,364.4,365.5,365.5,373.2,,365.5,,,952347,351302732.1,17701,F1,1,,,,,
2026-07-16,2026-07-16,CM,NSE,STK,28888,INE0RB801010,SENORES,EQ,,,,,SENORES PHARMACEUTICALS L,1483.1,1509.8,1444.4,1452.9,1455.0,1480.9,,1452.9,,,240001,354457619.3,16093,F1,1,,,,,
2026-07-16,2026-07-16,CM,NSE,STK,15308,INE964H01014,SEPC,EQ,,,,,SEPC LIMITED,6.24,6.26,6.1,6.14,6.14,6.21,,6.14,,,14786862,91266649.8,7001,F1,1,,,,,
2026-07-16,2026-07-16,CM,NSE,STK,20715,INE027E07BC8,865LTF26,NN,,,,,SERENCD 8.65% SR.VI OP12,1050.0,1051.5,1050.0,1050.4,1050.4,1050.0,,1050.4,,,29,30469.2,5,F1,1,,,,,
2026-07-16,2026-07-16,CM,NSE,STK,20691,INE027E07AN7,87LTF27,NH,,,,,SERENCD 8.70% SR.VII OPII,1029.99,1029.99,1029.99,1029.99,1029.99,1017.0,,1029.99,,,9,9269.91,1,F1,1,,,,,
2026-07-16,2026-07-16,CM,NSE,STK,20655,INE027E07998,898LTF29,N7,,,,,SERENCD 8.98% SR.VI OP2,1074.0,1074.0,1074.0,1074.0,1074.0,1090.0,,1074.0,,,1,1074.0,1,F1,1,,,,,
2026-07-16,2026-07-16,CM,NSE,STK,20687,INE027E07AL1,905LTF27,NF,,,,,SERENCD 9.05% SR.VI OPII,1035.98,1036.0,1035.98,1036.0,1036.0,1035.99,,1036.0,,,400,414398.0,2,F1,1,,,,,
2026-07-16,2026-07-16,CM,NSE,STK,21197,INE306N07LM5,865TCAPS27,N8,,,,,SERENCD8.65%SR.IIICIII&IV,1077.1,1077.1,1055.0,1055.0,1055.0,1090.0,,1080.0,,,450,477803.6,6,F1,1,,,,,
2026-07-16,2026-07-16,CM,NSE,STK,17399,INE0P1Q01015,SERVICE,SM,,,,,SERVICE CARE LIMITED,56.8,58.8,56.0,57.95,57.95,56.0,,57.95,,,46000,2646000.0,21,F1,2000,,,,,
2026-07-16,2026-07-16,CM,NSE,STK,5507,INE782X01033,SERVOTECH,EQ,,,,,SERVOTECH REN POW SYS LTD,95.86,97.4,95.0,96.94,97.0,95.76,,96.94,,,534060,51473085.3,5231,F1,1,,,,,
2026-07-16,2026-07-16,CM,NSE,STK,759934,INE04VU01023,STYL,EQ,,,,,SESHAASAI TECHNOLOGIES L,404.0,407.0,390.6,400.1,400.3,400.4,,400.1,,,186562,74432458.35,5796,F1,1,,,,,
2026-07-16,2026-07-16,CM,NSE,STK,3066,INE630A01024,SESHAPAPER,EQ,,,,,SESHASAYEE PAPER & BOARDS,219.42,219.71,215.25,216.33,217.79,218.09,,216.33,,,18584,4036885.95,553,F1,1,,,,,
2026-07-16,2026-07-16,CM,NSE,STK,17518,INE878E01021,SETCO,BE,,,,,SETCO AUTOMOTIVE LTD,17.89,17.9,17.89,17.9,17.9,18.25,,17.89,,,69339,1240542.26,90,F1,1,,,,,
2026-07-16,2026-07-16,CM,NSE,STK,18024,INE023M01027,SETUINFRA,BZ,,,,,SETUBANDHAN INFRA LTD,0.44,0.45,0.42,0.43,0.44,0.43,,0.43,,,31475,13713.92,43,F1,1,,,,,
2026-07-16,2026-07-16,CM,NSE,STK,10836,INE573R01012,SEYAIND,BE,,,,,SEYA INDUSTRIES LIMITED,13.25,13.25,12.84,12.84,12.84,13.0,,12.84,,,750,9869.57,14,F1,1,,,,,
2026-07-16,2026-07-16,CM,NSE,STK,758853,INE618R01015,SGFIN,EQ,,,,,SG FINSERVE LIMITED,634.0,655.5,622.25,645.85,643.0,625.65,,645.8,,,705207,451473643.85,21629,F1,1,,,,,
2026-07-16,2026-07-16,CM,NSE,STK,758889,INE385F01024,SGMART,EQ,,,,,SG MART LIMITED,649.0,649.0,631.25,635.85,635.55,643.0,,635.85,,,314533,200264686.25,10616,F1,1,,,,,
2026-07-16,2026-07-16,CM,NSE,STK,761469,INE12UN01015,SHADOWFAX,EQ,,,,,SHADOWFAX TECHNOLOGIES L,205.0,212.8,195.31,203.97,203.65,205.63,,203.96,,,4655253,953143812.64,75802,F1,1,,,,,
2026-07-16,2026-07-16,CM,NSE,STK,11856,INE640C01011,SHAHALLOYS,EQ,,,,,SHAH ALLOYS LIMITED,72.01,72.75,71.0,71.35,71.05,72.59,,71.36,,,12996,936584.93,725,F1,1,,,,,
2026-07-16,2026-07-16,CM,NSE,STK,20296,INE482J01021,SHAH,EQ,,,,,SHAH METACORP LIMITED,4.68,4.68,4.52,4.59,4.58,4.63,,4.59,,,3068773,14085135.82,3407,F1,1,,,,,
2026-07-16,2026-07-16,CM,NSE,STK,8727,INE151G01028,SHAILY,EQ,,,,,SHAILY ENG PLASTICS LTD,2697.0,2731.8,2666.3,2712.8,2717.0,2693.5,,2712.9,,,199577,536475747.5,22476,F1,1,,,,,
2026-07-16,2026-07-16,CM,NSE,STK,25574,INE908D01010,SHAKTIPUMP,EQ,,,,,SHAKTI PUMPS (I) LTD,558.95,559.9,548.2,550.25,550.0,556.5,,550.3,,,363903,201054876.4,10727,F1,1,,,,,
2026-07-16,2026-07-16,CM,NSE,STK,714,INE597J01018,SHALBY,EQ,,,,,SHALBY LIMITED,168.23,171.0,161.41,166.49,168.0,168.23,,166.51,,,121029,20091202.58,2461,F1,1,,,,,
2026-07-16,2026-07-16,CM,NSE,STK,761688,INE861D01011,SAHLIBHFI,EQ,,,,,SHALIBHADRA FINANCE LTD,78.31,79.99,77.5,77.77,78.43,78.31,,77.77,,,9108,706252.05,26,F1,1,,,,,
2026-07-16,2026-07-16,CM,NSE,STK,15342,INE849C01026,SHALPAINTS,EQ,,,,,SHALIM PAINTS LTD,51.2,51.29,50.1,50.39,50.88,50.95,,50.42,,,26875,1359649.97,357,F1,1,,,,,
2026-07-16,2026-07-16,CM,NSE,STK,25737,INE01NE01012,SRD,EQ,,,,,SHANKAR LAL RAMPAL LTD,39.49,40.49,39.0,39.16,39.21,39.22,,39.17,,,15912,625802.95,123,F1,1,,,,,
2026-07-16,2026-07-16,CM,NSE,STK,20321,INE274V01019,SHANKARA,EQ,,,,,SHANKARA BLDG PRODUCT LTD,147.1,151.0,138.2,138.83,138.37,137.03,,138.83,,,914224,130034785.92,4357,F1,1,,,,,
2026-07-16,2026-07-16,CM,NSE,STK,760594,INE24OJ01011,BUILDPRO,EQ,,,,,SHANKARA BUILDPRO LIMITED,1270.1,1273.0,1235.0,1243.1,1242.8,1268.6,,1242.7,,,28349,35547867.8,2613,F1,1,,,,,
2026-07-16,2026-07-16,CM,NSE,STK,3078,INE631A01022,SHANTIGEAR,EQ,,,,,SHANTHI GEARS LTD,440.1,441.75,430.2,433.9,431.3,438.6,,433.05,,,10674,4651436.0,849,F1,1,,,,,
2026-07-16,2026-07-16,CM,NSE,STK,762889,INE440T01028,SEIL,EQ,,,,,SHANTI EDU INITIATIVES L,208.26,208.26,203.94,204.59,205.5,206.6,,204.6,,,82767,17033194.26,1197,F1,1,,,,,
2026-07-16,2026-07-16,CM,NSE,STK,758002,INE06ZD01017,SHANTIGOLD,EQ,,,,,SHANTI GOLD INTERNATION L,212.8,218.0,211.81,213.16,212.2,213.55,,213.16,,,400024,85979415.65,6400,F1,1,,,,,
2026-07-16,2026-07-16,CM,NSE,STK,5650,INE933X01016,SHANTI,EQ,,,,,SHANTI OVERSEAS INDIA LTD,7.15,7.15,6.7,6.92,6.91,6.98,,6.92,,,8693,59835.3,57,F1,1,,,,,
2026-07-16,2026-07-16,CM,NSE,STK,762904,INE220Z01013,SHINDL,EQ,,,,,SHARAT INDUSTRIES LTD.,157.88,162.0,154.87,160.8,161.55,159.85,,160.81,,,140419,22382121.6,1371,F1,1,,,,,
2026-07-16,2026-07-16,CM,NSE,STK,4992,INE221J01015,SHARDACROP,EQ,,,,,SHARDA CROPCHEM LTD.,914.0,920.0,904.4,906.7,906.05,908.55,,906.7,,,81381,74155880.7,5182,F1,1,,,,,
2026-07-16,2026-07-16,CM,NSE,STK,10530,INE597I01028,SHARDAMOTR,EQ,,,,,SHARDA MOTOR INDS LTD,850.85,871.3,842.05,868.6,869.5,845.8,,868.65,,,40762,34979126.5,2593,F1,1,,,,,
2026-07-16,2026-07-16,CM,NSE,STK,762894,INE037B01020,SHARDUL,EQ,,,,,SHARDUL SECURITIES LTD.,48.87,48.88,44.55,48.88,48.88,46.56,,48.93,,,193509,9417951.45,879,F1,1,,,,,
2026-07-16,2026-07-16,CM,NSE,STK,104,INE932X01026,SHAREINDIA,EQ,,,,,SHARE IND. SECURITIES LTD,178.5,178.77,170.1,171.27,172.1,174.51,,171.27,,,1074244,186032148.71,7764,F1,1,,,,,
2026-07-16,2026-07-16,CM,NSE,STK,759410,INE0YJV01017,SHEEL,ST,,,,,SHEEL BIOTECH LIMITED,70.25,70.25,70.25,70.25,70.25,72.0,,70.25,,,2000,140500.0,1,F1,2000,,,,,
2026-07-16,2026-07-16,CM,NSE,STK,19184,INE916U01025,SFL,EQ,,,,,SHEELA FOAM LIMITED,779.4,780.0,758.5,761.55,761.55,782.85,,761.55,,,199932,153075832.2,13568,F1,1,,,,,
2026-07-16,2026-07-16,CM,NSE,STK,12072,INE501Y01019,SCPL,EQ,,,,,SHEETAL COOL PRODUCTS LTD,475.65,486.95,463.55,470.7,463.55,477.05,,470.7,,,9268,4379354.45,606,F1,1,,,,,
2026-07-16,2026-07-16,CM,NSE,STK,20415,INE04VX01019,SHEETAL,SM,,,,,SHEETAL UNIVERSAL LIMITED,294.0,294.0,293.75,293.75,293.75,296.0,,293.75,,,1000,293875.0,2,F1,500,,,,,
2026-07-16,2026-07-16,CM,NSE,STK,21099,INE268L01046,SHEKHAWATI,BE,,,,,SHEKHAWATI INDUSTRIES LTD,13.65,13.65,12.63,12.82,13.3,13.24,,12.84,,,7037,90831.63,66,F1,1,,,,,
2026-07-16,2026-07-16,CM,NSE,STK,5072,INE363M01019,SHEMAROO,BE,,,,,SHEMAROO ENTER. LTD.,127.0,129.88,123.2,126.71,125.52,123.7,,126.71,,,26641,3406996.53,110,F1,1,,,,,
2026-07-16,2026-07-16,CM,NSE,STK,14176,INE0MM001019,SHERA,ST,,,,,SHERA ENERGY LIMITED,156.0,163.2,154.0,163.2,163.2,155.45,,163.2,,,38000,6115400.0,37,F1,1000,,,,,
2026-07-16,2026-07-16,CM,NSE,STK,8394,INE03KJ01013,SHIGAN,SM,,,,,SHIGAN QUANTUM TECH LTD,61.5,65.95,61.5,63.4,63.4,60.9,,63.4,,,22500,1433850.0,15,F1,1500,,,,,
2026-07-16,2026-07-16,CM,NSE,STK,759847,INE024F01011,SHILCTECH,EQ,,,,,SHILCHAR TECHNOLOGIES LTD,4499.2,4549.0,4460.0,4475.8,4500.0,4499.2,,4475.7,,,10632,47764323.1,3414,F1,1,,,,,
2026-07-16,2026-07-16,CM,NSE,STK,17752,INE790G01031,SHILPAMED,EQ,,,,,SHILPA MEDICARE LTD,644.9,644.9,630.5,637.85,635.0,645.75,,637.85,,,388406,247522385.4,16651,F1,1,,,,,
2026-07-16,2026-07-16,CM,NSE,STK,23127,INE0PB301013,SCILAL,EQ,,,,,SHIPPING CORP OF ILA LTD,42.38,42.57,41.91,42.01,42.09,42.2,,42.01,,,161380,6789865.61,1382,F1,1,,,,,
2026-07-16,2026-07-16,CM,NSE,STK,3048,INE109A01011,SCI,EQ,,,,,SHIPPING CORP OF INDIA LT,288.95,296.0,288.5,290.5,289.4,287.65,,290.5,,,2030859,592730254.35,27561,F1,1,,,,,
2026-07-16,2026-07-16,CM,NSE,STK,759747,INE719F01016,SHIVAUM,EQ,,,,,SHIV AUM STEELS LIMITED,410.05,410.05,405.75,409.0,406.0,409.35,,409.0,,,300,122750.7,8,F1,1,,,,,
2026-07-16,2026-07-16,CM,NSE,STK,1503,INE644Y01017,SHIVAMILLS,BE,,,,,SHIVA MILLS LIMITED,60.0,61.79,60.0,61.79,61.79,60.79,,61.79,,,1226,73561.79,10,F1,1,,,,,
2026-07-16,2026-07-16,CM,NSE,STK,804,INE705C01020,SHIVATEX,EQ,,,,,SHIVA TEXYARN LIMITED,152.99,152.99,147.31,147.34,147.31,148.01,,147.34,,,3631,544284.37,33,F1,1,,,,,
2026-07-16,2026-07-16,CM,NSE,STK,24249,INE0T7B01010,SPCL,SM,,,,,SHIVALIC POWER CONTROL L,72.5,72.5,68.0,68.85,69.4,71.5,,68.85,,,31200,2165070.0,42,F1,600,,,,,
2026-07-16,2026-07-16,CM,NSE,STK,4656,INE386D01027,SBCL,EQ,,,,,SHIVALIK BIMETAL CON. LTD,717.05,737.0,711.55,722.4,726.0,717.05,,722.4,,,203257,147349031.6,10377,F1,1,,,,,
2026-07-16,2026-07-16,CM,NSE,STK,7026,INE788J01021,SHIVALIK,BE,,,,,SHIVALIK RASAYAN LIMITED,216.0,218.3,213.15,217.04,218.0,214.89,,217.05,,,11673,2526182.52,143,F1,1,,,,,
2026-07-16,2026-07-16,CM,NSE,STK,13757,INE637H01024,SHIVAMAUTO,BE,,,,,SHIVAM AUTO.LTD,17.77,17.77,17.77,17.77,17.77,18.13,,18.09,,,17844,317087.88,30,F1,1,,,,,
2026-07-16,2026-07-16,CM,NSE,STK,758744,INE1DLF01018,SHIVASHRIT,SM,,,,,SHIVASHRIT FOODS LIMITED,117.5,119.0,117.0,118.9,119.0,119.95,,118.9,,,12000,1419800.0,8,F1,1000,,,,,
2026-07-16,2026-07-16,CM,NSE,STK,11813,INE498B01024,SHOPERSTOP,EQ,,,,,SHOPPERS STOP LIMITED,393.05,408.6,388.0,401.35,400.8,393.45,,401.35,,,194911,78421961.95,6669,F1,1,,,,,
2026-07-16,2026-07-16,CM,NSE,STK,708,INE715Y01031,SHRADHA,EQ,,,,,SHRADHA REALTY LIMITED,39.0,39.0,34.24,35.18,34.95,40.74,,35.18,,,379102,13529554.45,2406,F1,1,,,,,
2026-07-16,2026-07-16,CM,NSE,STK,10588,INE712K01011,SHREEPUSHK,EQ,,,,,SHRE PUSH CHEM & FERT LTD,396.95,399.3,388.05,396.25,392.1,393.0,,396.15,,,34061,13337168.65,1210,F1,1,,,,,
2026-07-16,2026-07-16,CM,NSE,STK,762874,INE185C01017,SAPPL,EQ,,,,,SHREE AJIT PULP & PAPER L,292.35,305.75,292.35,294.5,294.25,305.95,,294.6,,,1136,339534.85,44,F1,1,,,,,
2026-07-16,2026-07-16,CM,NSE,STK,3103,INE070A01015,SHREECEM,EQ,,,,,SHREE CEMENT LIMITED,27050.0,27260.0,26710.0,27000.0,26710.0,26925.0,,27000.0,,,37283,1007960740.0,12422,F1,1,,,,,
2026-07-16,2026-07-16,CM,NSE,STK,3099,INE232A01011,SHREDIGCEM,EQ,,,,,SHREE DIGVIJAY CEM CO LTD,73.05,74.9,73.05,73.37,73.65,73.67,,73.36,,,35155,2586098.36,745,F1,1,,,,,
2026-07-16,2026-07-16,CM,NSE,STK,20603,INE02S501018,SHREEOSFM,SM,,,,,SHREE OSFM E-MOBILITY LTD,58.0,58.0,56.0,56.0,56.0,58.0,,56.0,,,3000,170000.0,3,F1,1000,,,,,
2026-07-16,2026-07-16,CM,NSE,STK,760188,INE19GK01015,SRTL,EQ,,,,,SHREE RAM TWISTEX LIMITED,41.13,42.0,40.5,41.32,41.59,41.13,,41.27,,,42696,1764993.61,909,F1,1,,,,,
2026-07-16,2026-07-16,CM,NSE,STK,7627,INE879A01019,SHREERAMA,EQ,,,,,SHREE RAMA MULTI TECH LTD,42.37,42.98,42.17,42.37,42.17,42.37,,42.36,,,29203,1241519.53,278,F1,1,,,,,
2026-07-16,2026-07-16,CM,NSE,STK,13565,INE278B01020,RAMANEWS,EQ,,,,,SHREE RAMA NEWSPRINT LTD,29.3,29.9,28.5,28.61,28.5,28.95,,28.62,,,18070,522539.66,145,F1,1,,,,,
2026-07-16,2026-07-16,CM,NSE,STK,12026,INE087H01022,RENUKA,EQ,,,,,SHREE RENUKA SUGARS LTD,22.59,22.75,22.49,22.54,22.6,22.55,,22.54,,,2214449,49982909.98,4297,F1,1,,,,,
2026-07-16,2026-07-16,CM,NSE,STK,21868,INE238Y01018,TIRUPATI,SM,,,,,SHREE TIRUPATI BALAJEE,463.6,463.6,463.6,463.6,463.6,488.0,,463.6,,,6000,2781600.0,48,F1,125,,,,,
2026-07-16,2026-07-16,CM,NSE,STK,25203,INE0S2G01011,BALAJEE,EQ,,,,,SHREE TIRUPATI BALAJEE L,28.99,28.99,28.62,28.78,28.65,28.99,,28.78,,,94713,2731239.67,134,F1,1,,,,,
2026-07-16,2026-07-16,CM,NSE,STK,15126,INE00CE01017,SVLL,BE,,,,,SHREE VASU LOGISTICS LTD,685.85,713.05,656.0,709.85,713.05,679.1,,709.85,,,280470,185780857.75,441,F1,1,,,,,
2026-07-16,2026-07-16,CM,NSE,STK,762112,INE0K3301012,SHREEDHAR,SM,,,,,SHREEDHAR SPINNERS LTD,83.1,84.5,75.55,76.4,76.5,82.0,,76.4,,,158000,12552200.0,66,F1,2000,,,,,
2026-07-16,2026-07-16,CM,NSE,STK,759805,INE1FL101016,SHETHJI,ST,,,,,SHREEJI GLOBAL FMCG LTD,150.0,150.15,150.0,150.0,150.0,150.15,,150.0,,,18000,2700150.0,11,F1,1000,,,,,
2026-07-16,2026-07-16,CM,NSE,STK,759448,INE1B6101010,SHREEJISPG,EQ,,,,,SHREEJI SHIPPING GLOBAL L,589.95,596.5,586.7,595.65,596.5,587.35,,595.65,,,726112,430016441.1,7713,F1,1,,,,,
2026-07-16,2026-07-16,CM,NSE,STK,14305,INE00IK01029,OSWALSEEDS,EQ,,,,,SHREEOSWAL S AND CHE LTD,10.54,10.7,10.46,10.53,10.52,10.76,,10.53,,,62954,665929.2,261,F1,1,,,,,
2026-07-16,2026-07-16,CM,NSE,STK,760252,INE632X01030,SHRENIK,BZ,,,,,SHRENIK LIMITED,0.36,0.36,0.35,0.35,0.35,0.35,,0.35,,,154809,55287.38,96,F1,1,,,,,
2026-07-16,2026-07-16,CM,NSE,STK,3126,INE231C01019,SHREYANIND,EQ,,,,,SHREYANS INDUSTRIES LTD,138.98,142.97,137.25,138.26,139.09,138.67,,138.41,,,2002,277040.94,54,F1,1,,,,,
2026-07-16,2026-07-16,CM,NSE,STK,756409,INE0DM401012,SHRIAHIMSA,ST,,,,,SHRI AHIMSA NATURALS LTD,388.0,395.0,388.0,390.0,390.0,388.0,,390.0,,,17400,6797610.0,23,F1,600,,,,,
2026-07-16,2026-07-16,CM,NSE,STK,762899,INE402H01015,SHBAJRG,EQ,,,,,SHRI BAJRANG ALLIANCE L,183.02,184.99,178.22,180.25,179.51,182.11,,180.25,,,5519,1002509.34,85,F1,1,,,,,
2026-07-16,2026-07-16,CM,NSE,STK,758568,INE0NON01025,SHKSIL,SM,,,,,SHRI HARE-KRI SPO IRON L,40.0,41.0,40.0,40.8,41.0,39.0,,40.8,,,14000,567800.0,5,F1,2000,,,,,
2026-07-16,2026-07-16,CM,NSE,STK,760223,INE1V4601019,SHRIKANHA,ST,,,,,SHRI KANHA STAINLESS LTD,24.5,25.0,24.25,24.25,24.25,24.5,,24.25,,,11200,274080.0,6,F1,1600,,,,,
2026-07-16,2026-07-16,CM,NSE,STK,762909,INE997I01012,SHRIKRISH,EQ,,,,,SHRI KRISHNA DEVCON LTD.,40.47,42.9,39.6,41.25,42.46,40.59,,41.51,,,10523,432614.11,168,F1,1,,,,,
2026-07-16,2026-07-16,CM,NSE,STK,759093,INE1B3L01017,SHRINGARMS,EQ,,,,,SHRINGAR HOU OF MANGALS L,225.9,230.0,225.0,226.03,225.0,224.68,,226.03,,,417985,94998488.98,4534,F1,1,,,,,
2026-07-16,2026-07-16,CM,NSE,STK,24374,INF680P01422,LIQUIDSHRI,EQ,,,,,SHRIRAM - LIQUIDSHRI,1113.12,1113.14,1113.12,1113.12,1113.12,1112.98,,1113.12,,,5306,5906214.84,23,F1,1,,,,,
2026-07-16,2026-07-16,CM,NSE,STK,4306,INE721A01047,SHRIRAMFIN,EQ,,,,,SHRIRAM FINANCE LIMITED,1035.8,1040.0,1020.1,1024.4,1024.9,1033.8,,1024.4,,,2703222,2777525320.2,60673,F1,1,,,,,
2026-07-16,2026-07-16,CM,NSE,STK,7200,INE217L01019,SHRIRAMPPS,EQ,,,,,SHRIRAM PROPERTIES LTD,87.31,88.06,86.0,87.08,87.0,87.25,,87.08,,,405401,35323162.07,2890,F1,1,,,,,
2026-07-16,2026-07-16,CM,NSE,STK,6451,INE01Z401013,SHUBHLAXMI,SM,,,,,SHUBHLAXMI JEWEL ART LTD,22.1,22.1,22.1,22.1,22.1,23.25,,22.1,,,3000,66300.0,2,F1,1000,,,,,
2026-07-16,2026-07-16,CM,NSE,STK,25240,INE0UL701015,SHUBHSHREE,SM,,,,,SHUBHSHREE BIOFUELS ENE L,341.0,341.0,341.0,341.0,341.0,341.0,,341.0,,,300,102300.0,1,F1,300,,,,,
2026-07-16,2026-07-16,CM,NSE,STK,10192,INE979R01011,SHYAMCENT,BE,,,,,SHYAM CENTURY FERROUS LTD,5.62,5.62,5.35,5.41,5.48,5.62,,5.41,,,41685,226265.8,148,F1,1,,,,,
2026-07-16,2026-07-16,CM,NSE,STK,761213,INE1CRP01016,SHYAMDHANI,ST,,,,,SHYAM DHANI INDUSTRIES L,58.0,58.5,58.0,58.5,58.5,58.15,,58.5,,,14000,818000.0,4,F1,2000,,,,,
2026-07-16,2026-07-16,CM,NSE,STK,4693,INE810G01011,SHYAMMETL,EQ,,,,,SHYAM METALICS AND ENGY L,1030.0,1059.0,1027.25,1040.5,1040.0,1033.75,,1040.5,,,491957,513831591.45,20333,F1,1,,,,,
2026-07-16,2026-07-16,CM,NSE,STK,13741,INE635A01023,SHYAMTEL,BE,,,,,SHYAM TELECOM LIMITED,16.18,16.18,16.18,16.18,16.18,16.51,,16.25,,,835,13510.3,9,F1,1,,,,,
2026-07-16,2026-07-16,CM,NSE,STK,16875,INE176J01011,SICAGEN,EQ,,,,,SICAGEN INDIA LIMITED,52.0,52.8,50.6,52.69,52.8,51.5,,52.69,,,8271,428891.36,69,F1,1,,,,,
2026-07-16,2026-07-16,CM,NSE,STK,19434,INE075B01020,SICALLOG,EQ,,,,,SICAL LOGISTICS LIMITED,94.0,94.53,91.83,93.5,93.88,90.03,,93.28,,,222612,20915526.33,1035,F1,1,,,,,
2026-07-16,2026-07-16,CM,NSE,STK,759053,INE0SVO01019,SIDDHICOTS,SM,,,,,SIDDHI COTSPIN LIMITED,28.5,32.0,28.5,29.2,29.2,28.8,,29.2,,,38400,1146660.0,25,F1,1200,,,,,
2026-07-16,2026-07-16,CM,NSE,STK,3148,INE0A1E01018,SIDDHIKA,SM,,,,,SIDDHIKA COATINGS LIMITED,213.15,217.0,213.15,217.0,217.0,213.15,,217.0,,,2500,535725.0,4,F1,500,,,,,
2026-07-16,2026-07-16,CM,NSE,STK,756871,INE1NPP01017,ENRIN,EQ,,,,,SIEMENS ENERGY INDIA LTD,3500.0,3551.0,3391.0,3405.3,3406.0,3497.4,,3405.6,,,524147,1811069132.4,54024,F1,1,,,,,
2026-07-16,2026-07-16,CM,NSE,STK,3150,INE003A01024,SIEMENS,EQ,,,,,SIEMENS LTD,3599.0,3855.0,3558.7,3657.6,3650.0,3571.8,,3657.6,,,1382371,5115636068.6,109513,F1,1,,,,,
2026-07-16,2026-07-16,CM,NSE,STK,6664,INE0D0K01022,SIGACHI,BE,,,,,SIGACHI INDUSTRIES LTD,24.53,24.53,24.53,24.53,24.53,24.05,,24.48,,,394237,9670633.61,346,F1,1,,,,,
2026-07-16,2026-07-16,CM,NSE,STK,14793,INE933B01012,SIGMAADV,EQ,,,,,SIGMA ADVANCED SYSTEM LTD,562.55,584.0,561.1,568.8,573.5,559.85,,568.85,,,284791,162799877.95,6256,F1,1,,,,,
2026-07-16,2026-07-16,CM,NSE,STK,16658,INE0A0S01028,SIGMA,EQ,,,,,SIGMA SOLVE LIMITED,37.14,38.25,36.46,36.79,37.49,37.9,,36.8,,,59644,2220997.55,874,F1,1,,,,,
2026-07-16,2026-07-16,CM,NSE,STK,18743,INE903U01023,SIGNATURE,EQ,,,,,SIGNATUREGLOBAL INDIA LTD,848.45,855.0,788.85,793.15,790.8,841.7,,793.2,,,984750,791500064.0,28609,F1,1,,,,,
2026-07-16,2026-07-16,CM,NSE,STK,4522,INE529F01035,SIGIND,EQ,,,,,SIGNET INDUSTRIES LIMITED,46.98,47.46,45.08,46.13,46.06,45.58,,46.13,,,15614,717956.62,145,F1,1,,,,,
2026-07-16,2026-07-16,CM,NSE,STK,23150,INE0RDE01010,SIGNORIA,ST,,,,,SIGNORIA CREATION LIMITED,147.0,148.0,141.25,141.25,141.25,148.65,,141.25,,,8000,1148250.0,8,F1,1000,,,,,
2026-07-16,2026-07-16,CM,NSE,STK,22656,INE0KGZ01021,SIGNPOST,EQ,,,,,SIGNPOST INDIA LIMITED,322.0,330.65,319.8,325.45,324.35,321.05,,325.4,,,96111,31334811.0,3390,F1,1,,,,,
2026-07-16,2026-07-16,CM,NSE,STK,762914,INE438E01032,SIKA,EQ,,,,,SIKA INTERPLANT SYSTEMS L,1197.5,1200.0,1152.0,1168.7,1154.0,1188.0,,1169.4,,,19468,22973969.0,1724,F1,1,,,,,
2026-07-16,2026-07-16,CM,NSE,STK,6218,INE112X01025,SIKKO,EQ,,,,,SIKKO INDUSTRIES LIMITED,3.95,4.04,3.9,3.9,3.93,3.92,,3.9,,,176978,698431.17,305,F1,1,,,,,
2026-07-16,2026-07-16,CM,NSE,STK,4105,INE923A01015,SILINV,EQ,,,,,SIL INVESTMENTS LIMITED,420.1,444.0,415.05,430.2,432.0,421.8,,430.2,,,6507,2796682.9,230,F1,1,,,,,
2026-07-16,2026-07-16,CM,NSE,STK,2492,INE01II01013,SILGO,EQ,,,,,SILGO RETAIL LIMITED,76.0,76.0,73.81,74.43,74.35,75.09,,74.43,,,143621,10719419.28,682,F1,1,,,,,
2026-07-16,2026-07-16,CM,NSE,STK,23739,INE0STN01015,SILKFLEX,ST,,,,,SILKFLEX POLYMERS INDIA L,203.75,209.95,203.75,203.85,203.85,210.0,,203.85,,,5000,1031400.0,5,F1,1000,,,,,
2026-07-16,2026-07-16,CM,NSE,STK,757679,INE0SN801015,SILKY,SM,,,,,SILKY OVERSEAS LIMITED,97.0,97.0,97.0,97.0,97.0,91.5,,97.0,,,800,77600.0,1,F1,800,,,,,
2026-07-16,2026-07-16,CM,NSE,STK,19097,INE203Y01012,SILLYMONKS,EQ,,,,,SILLY MONKS ENTERTAIN LTD,16.7,16.7,15.0,15.37,15.6,16.16,,15.37,,,18998,294066.8,90,F1,1,,,,,
2026-07-16,2026-07-16,CM,NSE,STK,9422,INE625X01026,SILVERTUC,EQ,,,,,SILVER TOUCH TECHNO LTD,198.26,199.89,191.0,195.96,197.0,198.26,,195.99,,,366608,71355094.57,5045,F1,1,,,,,
2026-07-16,2026-07-16,CM,NSE,STK,758836,INE748T01016,SIMBHALS,BZ,,,,,SIMBHAOLI SUGARS LTD.,7.2,7.24,6.56,6.96,6.98,6.9,,6.86,,,19838,134431.48,95,F1,1,,,,,
2026-07-16,2026-07-16,CM,NSE,STK,763375,INE1K4J01018,SIMCA,SM,,,,,SIMCA ADVERTISING LIMITED,195.9,195.95,187.0,191.4,194.0,192.85,,191.4,,,52800,10156230.0,57,F1,600,,,,,
2026-07-16,2026-07-16,CM,NSE,STK,3162,INE059B01024,SIMPLEXINF,EQ,,,,,SIMPLEX INFRASTRUCTURES L,258.6,262.45,256.6,257.9,257.0,261.6,,257.85,,,22580,5821642.25,779,F1,1,,,,,
2026-07-16,2026-07-16,CM,NSE,STK,23480,INE985A01022,SINCLAIR,EQ,,,,,SINCLAIRS HOTELS LIMITED,76.21,77.6,74.55,75.3,75.1,76.2,,75.39,,,37627,2859495.68,1624,F1,1,,,,,
2026-07-16,2026-07-16,CM,NSE,STK,16859,INE325D01025,SINDHUTRAD,EQ,,,,,SINDHU TRADE LINKS LTD,25.07,25.45,24.42,24.75,24.81,25.07,,24.75,,,634643,15812809.98,2189,F1,1,,,,,
2026-07-16,2026-07-16,CM,NSE,STK,761420,INE638A01035,SINGERIND,EQ,,,,,SINGER INDIA LIMITED,66.9,67.99,65.8,66.65,66.5,66.55,,66.65,,,61113,4077304.89,1677,F1,1,,,,,
2026-07-16,2026-07-16,CM,NSE,STK,381,INE129Z01016,SINTERCOM,EQ,,,,,SINTERCOM INDIA LIMITED,78.22,81.0,77.67,80.17,78.76,78.48,,80.17,,,465730,36440577.95,326,F1,1,,,,,
2026-07-16,2026-07-16,CM,NSE,STK,11050,INE792Z01011,SIRCA,EQ,,,,,SIRCA PAINT INDIA LIMITED,397.6,397.6,389.25,393.35,392.9,393.35,,393.4,,,291627,114257286.65,5407,F1,1,,,,,
2026-07-16,2026-07-16,CM,NSE,STK,21501,INE285J01028,SIS,EQ,,,,,SIS LIMITED,438.8,443.6,436.7,440.25,438.5,438.8,,440.2,,,80346,35390250.4,6113,F1,1,,,,,
2026-07-16,2026-07-16,CM,NSE,STK,29210,INE965H01011,SITINET,BZ,,,,,SITI NETWORKS LIMITED,0.33,0.33,0.32,0.33,0.33,0.32,,0.34,,,297971,98015.18,91,F1,1,,,,,
2026-07-16,2026-07-16,CM,NSE,STK,14096,INE076B01028,SIYSIL,EQ,,,,,SIYARAM SILK MILLS LTD,641.65,647.95,625.6,630.45,632.95,639.4,,630.4,,,29795,18937382.3,2762,F1,1,,,,,
2026-07-16,2026-07-16,CM,NSE,STK,6643,INE284S01014,SJS,EQ,,,,,SJS ENTERPRISES LIMITED,2176.5,2189.9,2131.2,2138.9,2146.0,2171.3,,2138.9,,,53064,113590658.6,7394,F1,1,,,,,
2026-07-16,2026-07-16,CM,NSE,STK,18883,INE002L01015,SJVN,EQ,,,,,SJVN LTD,70.23,70.59,69.9,70.05,70.07,70.03,,70.05,,,1467710,102880494.6,12712,F1,1,,,,,
2026-07-16,2026-07-16,CM,NSE,STK,760101,INE2J8701016,SKFINDUS,EQ,,,,,SKF IND (INDUSTRIAL) LTD,2727.6,2797.1,2673.7,2696.7,2683.5,2748.4,,2696.7,,,37493,101240197.5,7116,F1,1,,,,,
2026-07-16,2026-07-16,CM,NSE,STK,3186,INE640A01023,SKFINDIA,EQ,,,,,SKF INDIA LTD,1534.9,1534.9,1492.4,1497.1,1497.0,1527.8,,1496.9,,,83179,124800342.0,10477,F1,1,,,,,
2026-07-16,2026-07-16,CM,NSE,STK,9428,INE439E01022,SKIPPER,EQ,,,,,SKIPPER LIMITED,549.0,563.9,540.55,558.05,558.0,545.15,,558.05,,,744600,412780094.45,18898,F1,1,,,,,
2026-07-16,2026-07-16,CM,NSE,STK,4732,INE411D01023,SKMEGGPROD,EQ,,,,,SKM EGG PROD EXPORT(I) LT,336.85,341.55,327.0,331.2,331.3,334.25,,331.2,,,538777,179474958.4,10897,F1,1,,,,,
2026-07-16,2026-07-16,CM,NSE,STK,10325,INE0KZA01016,SKP,SM,,,,,SKP BEARING INDUSTRI. LTD,151.0,151.0,149.05,151.0,151.0,151.2,,151.0,,,6000,902675.0,12,F1,500,,,,,
2026-07-16,2026-07-16,CM,NSE,STK,13631,INE01IU01018,SKYGOLD,EQ,,,,,SKY GOLD AND DIAMONDS LTD,632.95,647.35,618.0,622.45,624.3,629.8,,622.45,,,502393,317386692.0,12151,F1,1,,,,,
2026-07-16,2026-07-16,CM,NSE,STK,23692,INE0SMA01017,SLONE,ST,,,,,SLONE INFOSYSTEMS LIMITED,120.75,121.8,116.25,121.75,121.8,120.7,,121.75,,,5600,668260.0,12,F1,400,,,,,
2026-07-16,2026-07-16,CM,NSE,STK,757622,INE14GK01016,SMARTEN,ST,,,,,SMARTEN POWER SYSTEMS LTD,60.05,62.45,60.05,60.45,60.45,61.9,,60.45,,,25200,1525020.0,10,F1,1200,,,,,
2026-07-16,2026-07-16,CM,NSE,STK,9893,INE178C01020,SMARTLINK,BE,,,,,SMARTLINK HOLDINGS LTD,203.5,205.94,198.0,205.94,205.94,196.14,,205.94,,,27683,5672096.62,289,F1,1,,,,,
2026-07-16,2026-07-16,CM,NSE,STK,757965,INE0NAZ01010,SMARTWORKS,EQ,,,,,SMARTWORKS COWORKING SP L,470.05,471.45,462.0,463.85,463.0,464.1,,463.7,,,33978,15780596.35,4049,F1,1,,,,,
2026-07-16,2026-07-16,CM,NSE,STK,760218,INE05NX24023,8SMC29,N1,,,,,SMC 8% 2029 STRPP A,500.0,510.0,500.0,510.0,510.0,506.0,,510.0,,,548,278244.0,8,F1,1,,,,,
2026-07-16,2026-07-16,CM,NSE,STK,760219,INE05NX24031,8SMC30,N2,,,,,SMC 8% 2030 STRPP B,500.0,510.0,500.0,510.0,510.0,510.0,,510.0,,,264,134440.0,8,F1,1,,,,,
2026-07-16,2026-07-16,CM,NSE,STK,2320,INE103C01036,SMCGLOBAL,EQ,,,,,SMC GLOBAL SECURITIES LTD,80.15,82.75,79.68,81.48,81.24,80.09,,81.48,,,965689,78830371.38,5389,F1,1,,,,,
2026-07-16,2026-07-16,CM,NSE,STK,3387,INE294B01019,SMLMAH,EQ,,,,,SML MAHINDRA LIMITED,4110.0,4144.8,4080.0,4095.1,4107.0,4142.7,,4095.5,,,18852,77428425.4,3647,F1,1,,,,,
2026-07-16,2026-07-16,CM,NSE,STK,14329,INE812G01025,SMSPHARMA,EQ,,,,,SMS PHARMACEUTICALS LTD.,391.65,393.4,384.05,387.1,387.6,392.45,,387.1,,,139223,54003231.4,3788,F1,1,,,,,
2026-07-16,2026-07-16,CM,NSE,STK,758949,INE1OIC01018,SNEHAA,ST,,,,,SNEHAA ORGANICS LIMITED,48.05,48.05,47.35,47.35,47.35,49.8,,47.35,,,6000,286150.0,6,F1,1000,,,,,
2026-07-16,2026-07-16,CM,NSE,STK,4843,INE734N01019,SNOWMAN,EQ,,,,,SNOWMAN LOGISTICS LTD.,38.8,38.8,37.31,37.49,37.51,38.07,,37.49,,,109073,4104985.13,1217,F1,1,,,,,
2026-07-16,2026-07-16,CM,NSE,STK,13826,INE671H01015,SOBHA,EQ,,,,,SOBHA LIMITED,1490.1,1509.7,1483.5,1493.0,1495.0,1490.1,,1493.0,,,84750,126672905.3,10967,F1,1,,,,,
2026-07-16,2026-07-16,CM,NSE,STK,8268,INE728Z01015,SOFTTECH,BE,,,,,SOFTTECH ENGINEERS LTD,431.9,432.0,412.0,412.0,412.0,412.0,,410.0,,,1260,543754.95,22,F1,1,,,,,
2026-07-16,2026-07-16,CM,NSE,STK,13332,INE343H01029,SOLARINDS,EQ,,,,,SOLAR INDUSTRIES (I) LTD,18380.0,18625.0,18122.0,18400.0,18400.0,18285.0,,18400.0,,,101629,1871127249.0,31846,F1,1,,,,,
2026-07-16,2026-07-16,CM,NSE,STK,3672,INE624Z01016,SOLARA,EQ,,,,,SOLARA ACTIVE PHA SCI LTD,576.0,584.3,571.0,578.05,575.2,577.6,,578.05,,,76119,43891603.0,3185,F1,1,,,,,
2026-07-16,2026-07-16,CM,NSE,STK,759929,INE0TY101024,SOLARWORLD,EQ,,,,,SOLARWORLD ENERGY SOL LTD,208.15,222.0,207.7,212.51,212.0,207.66,,212.51,,,1033061,223954216.26,16351,F1,1,,,,,
2026-07-16,2026-07-16,CM,NSE,STK,759397,INE880Y01017,SOLEX,EQ,,,,,SOLEX ENERGY LIMITED,1009.0,1014.9,991.6,995.0,997.4,995.0,,995.0,,,17649,17628234.6,2407,F1,1,,,,,
2026-07-16,2026-07-16,CM,NSE,STK,24882,INE0U0201016,BALCO,ST,,,,,SOLVE PLASTIC PRODUCTS L,21.0,21.0,21.0,21.0,21.0,21.15,,21.0,,,1200,25200.0,1,F1,1200,,,,,
2026-07-16,2026-07-16,CM,NSE,STK,1338,INE480C01038,SDBL,EQ,,,,,SOM DIST & BREW LTD,65.99,66.78,65.51,66.01,66.0,65.8,,66.01,,,345029,22801366.34,3790,F1,1,,,,,
2026-07-16,2026-07-16,CM,NSE,STK,4201,INE314C01013,SOMATEX,EQ,,,,,SOMA TEXTILES & INDUST LT,109.0,111.39,106.03,107.17,107.1,108.05,,107.21,,,7966,870119.58,271,F1,1,,,,,
2026-07-16,2026-07-16,CM,NSE,STK,3880,INE355A01028,SOMANYCERA,EQ,,,,,SOMANY CERAMICS LIMITED,527.0,545.4,520.25,522.75,523.0,528.75,,522.75,,,70380,36887272.0,4537,F1,1,,,,,
2026-07-16,2026-07-16,CM,NSE,STK,17794,INE323J01019,SOMICONVEY,EQ,,,,,SOMI CONVEYOR BELT. LTD.,101.7,101.7,97.67,98.75,98.75,98.59,,98.75,,,24317,2425553.69,696,F1,1,,,,,
2026-07-16,2026-07-16,CM,NSE,STK,4684,INE073K01018,SONACOMS,EQ,,,,,SONA BLW PRECISION FRGS L,669.25,690.85,665.85,683.4,684.6,669.2,,683.35,,,2769737,1886345342.05,106701,F1,1,,,,,
2026-07-16,2026-07-16,CM,NSE,STK,23055,INE0Q6H01012,SONAMAC,ST,,,,,SONA MACHINERY LIMITED,32.75,32.75,32.75,32.75,32.75,32.6,,32.75,,,1000,32750.0,1,F1,1000,,,,,
2026-07-16,2026-07-16,CM,NSE,STK,762919,INE321M01017,SONAL,EQ,,,,,SONAL MERCANTILE LTD.,93.0,93.0,89.0,89.0,89.0,93.0,,92.61,,,403,35872.0,26,F1,1,,,,,
2026-07-16,2026-07-16,CM,NSE,STK,8806,INE00LM01029,SONAMLTD,EQ,,,,,SONAM LIMITED,57.35,59.8,57.35,58.04,57.55,58.11,,58.04,,,85550,5046544.26,805,F1,1,,,,,
2026-07-16,2026-07-16,CM,NSE,STK,6596,INE269A01021,SONATSOFTW,EQ,,,,,SONATA SOFTWARE LTD,302.2,313.0,302.0,308.25,308.25,300.75,,308.25,,,2667905,819474209.75,36385,F1,1,,,,,
2026-07-16,2026-07-16,CM,NSE,STK,9463,INE0JZA01018,SONUINFRA,ST,,,,,SONU INFRATECH LIMITED,43.5,43.5,43.0,43.0,43.0,42.9,,43.0,,,4500,195000.0,3,F1,1500,,,,,
2026-07-16,2026-07-16,CM,NSE,STK,9678,INE980Y01015,SOUTHWEST,EQ,,,,,SOUTH WEST PINNACLE LTD,223.9,229.5,221.41,223.23,224.0,224.75,,223.15,,,81943,18317166.59,2222,F1,1,,,,,
2026-07-16,2026-07-16,CM,NSE,STK,19372,INE970N01027,SPCENET,EQ,,,,,SPACENET ENTERS IND LTD,3.99,4.0,3.68,3.71,3.79,3.81,,3.71,,,1007492,3885870.56,791,F1,1,,,,,
2026-07-16,2026-07-16,CM,NSE,STK,758420,IN9572J01019,SSFLPP,E1,,,,,SPANDANA RS.5 PPD UP,160.25,166.0,156.6,163.25,165.0,164.05,,163.25,,,5442,890944.75,128,F1,1,,,,,
2026-07-16,2026-07-16,CM,NSE,STK,11435,INE572J01011,SPANDANA,EQ,,,,,SPANDANA SPHOORTY FIN LTD,305.9,308.8,297.8,301.4,301.1,303.8,,301.4,,,155456,46949235.5,6006,F1,1,,,,,
2026-07-16,2026-07-16,CM,NSE,STK,27107,INE247M01014,SPECIALITY,EQ,,,,,SPECIALITY REST LTD,132.43,132.99,129.15,130.18,130.0,131.49,,130.18,,,15469,2030230.46,463,F1,1,,,,,
2026-07-16,2026-07-16,CM,NSE,STK,30455,INE01EO01010,SPECTRUM,EQ,,,,,SPECTRUM ELECTRIC IND LTD,2045.0,2050.0,1967.1,1983.3,1988.0,2010.3,,1983.2,,,14563,29308992.3,1363,F1,1,,,,,
2026-07-16,2026-07-16,CM,NSE,STK,16883,INE0OL001018,SPECTSTM,ST,,,,,SPECTRUM TALENT MGMT LTD,61.95,61.95,59.5,61.9,61.9,59.9,,61.9,,,5600,337080.0,3,F1,800,,,,,
2026-07-16,2026-07-16,CM,NSE,STK,8163,INE020801028,SPENCERS,EQ,,,,,SPENCER S RETAIL LIMITED,35.58,35.58,34.67,35.13,34.9,34.57,,35.13,,,25047,880085.52,626,F1,1,,,,,
2026-07-16,2026-07-16,CM,NSE,STK,3252,INE147A01011,SPIC,EQ,,,,,SPIC LTD,67.45,67.52,66.6,66.73,66.88,67.12,,66.73,,,257789,17280411.97,1965,F1,1,,,,,
2026-07-16,2026-07-16,CM,NSE,STK,11935,INE978G01016,SPLIL,EQ,,,,,SPL INDUSTRIES LIMITED,34.01,35.44,33.35,33.93,33.79,33.66,,33.93,,,35270,1214689.02,177,F1,1,,,,,
2026-07-16,2026-07-16,CM,NSE,STK,3321,INE937A01023,SPMLINFRA,EQ,,,,,SPML INFRA LIMITED,205.9,213.48,202.01,206.95,206.51,203.11,,206.95,,,1144416,238444052.62,15480,F1,1,,,,,
2026-07-16,2026-07-16,CM,NSE,STK,10733,INE885H01029,SPORTKING,EQ,,,,,SPORTKING INDIA LIMITED,197.29,204.4,196.03,198.51,199.0,195.8,,198.52,,,426781,85514564.05,8784,F1,1,,,,,
2026-07-16,2026-07-16,CM,NSE,STK,17186,INE526E01018,SHRIPISTON,EQ,,,,,SPR AUTO TECHNOLOGIES LTD,4175.6,4238.9,4125.0,4196.2,4215.0,4175.6,,4196.2,,,33581,140266535.2,7236,F1,1,,,,,
2026-07-16,2026-07-16,CM,NSE,STK,757865,INE19QH01010,SPUNWEB,SM,,,,,SPUNWEB NONWOVEN LIMITED,106.0,106.0,105.0,105.5,105.0,106.0,,105.5,,,2400,253200.0,2,F1,1200,,,,,
2026-07-16,2026-07-16,CM,NSE,STK,14582,INE917H01012,SRHHYPOLTD,EQ,,,,,SREE RAYALSEEMA HHP LTD.,492.2,496.9,490.0,491.75,490.0,488.6,,491.7,,,3080,1517434.15,331,F1,1,,,,,
2026-07-16,2026-07-16,CM,NSE,STK,31837,INE099F01013,SREEL,EQ,,,,,SREELEATHERS LIMITED,214.5,215.79,209.21,210.94,209.25,211.6,,210.94,,,6603,1405228.04,234,F1,1,,,,,
2026-07-16,2026-07-16,CM,NSE,STK,3273,INE647A01010,SRF,EQ,,,,,SRF LTD,2777.1,2916.0,2777.1,2889.3,2890.0,2775.6,,2889.2,,,1533270,4406356997.6,100447,F1,1,,,,,
2026-07-16,2026-07-16,CM,NSE,STK,18119,INE559N01010,SRGHFL,EQ,,,,,SRG HOUSING FINANCE L,317.9,317.9,304.0,307.15,306.0,313.5,,307.15,,,406,125476.65,36,F1,1,,,,,
2026-07-16,2026-07-16,CM,NSE,STK,7457,INE293B01029,HAVISHA,EQ,,,,,SRI HAVISHA HOSP & INFR L,1.33,1.35,1.16,1.2,1.25,1.26,,1.2,,,148723,184424.47,190,F1,1,,,,,
2026-07-16,2026-07-16,CM,NSE,STK,758145,INE0V9Q01010,LOTUSDEV,EQ,,,,,SRI LOTUS DEVLPRS N RTY L,142.2,143.39,140.55,141.17,141.0,142.01,,141.17,,,180699,25611100.42,1962,F1,1,,,,,
2026-07-16,2026-07-16,CM,NSE,STK,761393,INE0TPJ01019,SPCON,SM,,,,,SRINIBAS PRADHAN CONST L,135.0,135.0,135.0,135.0,135.0,141.5,,135.0,,,1200,162000.0,1,F1,1200,,,,,
2026-07-16,2026-07-16,CM,NSE,STK,18059,INE0ON201012,SSFL,ST,,,,,SRIVARI SPICES N FOODS L,270.0,274.0,262.0,270.95,271.9,273.25,,270.95,,,11500,3084775.0,21,F1,500,,,,,
2026-07-16,2026-07-16,CM,NSE,STK,14416,INE0NPI01014,SRIVASAVI,ST,,,,,SRIVASAVI ADHESIVE TAPE L,95.55,95.55,92.3,94.35,95.0,91.0,,94.35,,,30000,2851350.0,28,F1,1000,,,,,
2026-07-16,2026-07-16,CM,NSE,STK,23402,INE0R6Z01013,SRM,EQ,,,,,SRM CONTRACTORS LIMITED,496.4,498.75,484.0,496.0,495.0,490.05,,496.0,,,51846,25483923.15,2130,F1,1,,,,,
2026-07-16,2026-07-16,CM,NSE,STK,29204,INE0RYC01010,STALLION,EQ,,,,,STALLION IND FLUOROCHEM L,213.5,218.7,211.09,212.04,212.0,210.56,,212.03,,,2364917,506684900.95,24641,F1,1,,,,,
2026-07-16,2026-07-16,CM,NSE,STK,29075,INE0M4D01010,SETL,EQ,,,,,STANDARD ENGNG TCNLGY LTD,289.5,292.95,283.95,288.25,288.5,285.5,,288.35,,,429728,123873725.85,7116,F1,1,,,,,
2026-07-16,2026-07-16,CM,NSE,STK,11297,INE173A01025,SIL,EQ,,,,,STANDARD INDUSTRIES LTD.,16.59,16.59,15.91,15.99,15.95,16.0,,15.99,,,10612,170036.48,118,F1,1,,,,,
2026-07-16,2026-07-16,CM,NSE,STK,24226,INE01A001028,STANLEY,EQ,,,,,STANLEY LIFESTYLES LTD,155.12,166.38,155.0,158.43,159.5,155.79,,158.4,,,474629,76380201.93,11310,F1,1,,,,,
2026-07-16,2026-07-16,CM,NSE,STK,21091,INE460H01021,STARCEMENT,EQ,,,,,STAR CEMENT LIMITED,208.75,210.0,205.4,207.07,206.51,206.36,,207.08,,,181321,37589294.37,8373,F1,1,,,,,
2026-07-16,2026-07-16,CM,NSE,STK,7083,INE575P01011,STARHEALTH,EQ,,,,,STAR HEALTH & AL INS CO L,596.5,609.0,583.0,602.9,600.5,595.55,,602.9,,,644445,383060754.55,24255,F1,1,,,,,
2026-07-16,2026-07-16,CM,NSE,STK,3291,INE733A01018,STARPAPER,EQ,,,,,STAR PAPER MILLS LTD,141.7,141.7,139.0,141.08,139.9,139.21,,140.93,,,4056,565493.27,68,F1,1,,,,,
2026-07-16,2026-07-16,CM,NSE,STK,9305,INE992I01013,STARTECK,EQ,,,,,STARTECK FINANCE LIMITED,271.95,277.1,269.5,270.25,270.0,271.95,,270.25,,,8698,2370718.85,106,F1,1,,,,,
2026-07-16,2026-07-16,CM,NSE,STK,3045,INE062A01020,SBIN,EQ,,,,,STATE BANK OF INDIA,1030.1,1036.0,1027.3,1031.2,1030.8,1030.1,,1031.2,,,7708316,7945431192.0,133865,F1,1,,,,,
2026-07-16,2026-07-16,CM,NSE,STK,2963,INE114A01011,SAIL,EQ,,,,,STEEL AUTHORITY OF INDIA,165.25,166.4,162.98,163.63,163.53,164.64,,163.63,,,9419051,1547678575.01,36432,F1,1,,,,,
2026-07-16,2026-07-16,CM,NSE,STK,10406,INE395H01011,STEELCITY,EQ,,,,,STEEL CITY SECURITIES LTD,76.53,78.58,76.53,77.83,77.88,76.53,,77.83,,,1796,140071.19,48,F1,1,,,,,
2026-07-16,2026-07-16,CM,NSE,STK,21339,INE503B01021,STEELXIND,EQ,,,,,STEEL EXCHANGE INDIA LTD,12.09,12.34,12.02,12.06,12.05,12.08,,12.06,,,1338470,16258148.2,2247,F1,1,,,,,
2026-07-16,2026-07-16,CM,NSE,STK,11829,INE802C01033,SSWL,EQ,,,,,STEEL STRIPS WHEELS LTD.,269.0,275.0,260.01,265.44,263.0,262.56,,265.44,,,5670923,1518603203.6,67650,F1,1,,,,,
2026-07-16,2026-07-16,CM,NSE,STK,6803,INE124E01038,STEELCAS,EQ,,,,,STEELCAST LIMITED,306.9,313.0,300.6,303.2,301.0,306.85,,303.1,,,23166,7069333.25,1342,F1,1,,,,,
2026-07-16,2026-07-16,CM,NSE,STK,21484,INE577L01016,STEL,EQ,,,,,STEL HOLDINGS LIMITED,556.0,570.45,555.0,557.7,561.0,558.45,,557.7,,,1677,943736.35,156,F1,1,,,,,
2026-07-16,2026-07-16,CM,NSE,STK,6188,INE334A01023,STERTOOLS,BE,,,,,STERLING TOOLS LIMITED,251.46,255.99,241.5,250.0,250.0,251.46,,249.91,,,10707,2653193.79,262,F1,1,,,,,
2026-07-16,2026-07-16,CM,NSE,STK,9313,INE089C01029,STLTECH,BE,,,,,STERLITE TECHNOLOGIES LTD,531.9,544.2,517.2,541.35,539.0,540.05,,541.35,,,1702155,905843112.9,28098,F1,1,,,,,
2026-07-16,2026-07-16,CM,NSE,STK,13367,INE353H01010,SGL,EQ,,,,,STL GLOBAL LIMITED,10.55,10.65,10.22,10.39,10.46,10.28,,10.38,,,1754,18242.19,25,F1,1,,,,,
2026-07-16,2026-07-16,CM,NSE,STK,758978,INE1VXE01018,STLNETWORK,BE,,,,,STL NETWORKS LIMITED,25.04,25.2,24.5,24.66,24.75,24.84,,24.66,,,323258,7992504.35,745,F1,1,,,,,
2026-07-16,2026-07-16,CM,NSE,STK,2107,INE00IN01015,STOVEKRAFT,EQ,,,,,STOVE KRAFT LIMITED,760.4,787.0,760.4,777.55,772.15,765.75,,777.55,,,248012,193107113.55,7976,F1,1,,,,,
2026-07-16,2026-07-16,CM,NSE,STK,761091,INE1XWN01017,STRIDERS,SM,,,,,STRIDERS IMPEX LIMITED,58.35,59.9,56.75,57.65,57.65,56.85,,57.65,,,9600,559440.0,6,F1,1600,,,,,
2026-07-16,2026-07-16,CM,NSE,STK,7374,INE939A01011,STAR,EQ,,,,,STRIDES PHARMA SCI LTD,1060.0,1069.0,1044.0,1049.2,1046.4,1059.6,,1049.2,,,152888,161102140.1,13051,F1,1,,,,,
2026-07-16,2026-07-16,CM,NSE,STK,12489,INE00M201021,SWSOLAR,EQ,,,,,STRLNG & WIL REN ENE LTD,241.76,241.77,218.79,220.78,220.0,239.41,,220.78,,,9089328,2041690348.26,95776,F1,1,,,,,
2026-07-16,2026-07-16,CM,NSE,STK,759587,INE00Q601028,STUDDS,EQ,,,,,STUDDS ACCESSORIES LTD,450.55,465.0,446.1,456.25,455.2,447.2,,456.25,,,122035,55683557.7,3070,F1,1,,,,,
2026-07-16,2026-07-16,CM,NSE,STK,758530,INE17VO01028,STUDIOLSD,ST,,,,,STUDIO LSD LIMITED,8.9,8.9,8.55,8.7,8.7,9.0,,8.7,,,20000,173800.0,10,F1,2000,,,,,
2026-07-16,2026-07-16,CM,NSE,STK,5186,INE239C01020,STYLAMIND,EQ,,,,,STYLAM INDUSTRIES LIMITED,3267.8,3306.8,3223.0,3249.7,3251.3,3263.2,,3249.9,,,10992,35690891.0,4189,F1,1,,,,,
2026-07-16,2026-07-16,CM,NSE,STK,19,INE189B01011,STYRENIX,EQ,,,,,STYRENIX PERFORMANCE LTD,2241.0,2260.2,2212.7,2225.4,2223.0,2248.3,,2225.3,,,31369,70238952.7,5692,F1,1,,,,,
2026-07-16,2026-07-16,CM,NSE,STK,760112,INE0RYR01018,SUBAHOTELS,SM,,,,,SUBA HOTELS LIMITED,114.7,114.7,109.0,110.0,110.0,113.0,,110.0,,,30000,3321060.0,24,F1,1200,,,,,
2026-07-16,2026-07-16,CM,NSE,STK,959,INE754A01055,SUBEXLTD,BE,,,,,SUBEX LTD,13.35,13.59,12.82,13.33,13.38,13.35,,13.3,,,632111,8371817.76,1029,F1,1,,,,,
2026-07-16,2026-07-16,CM,NSE,STK,3324,INE287B01021,SUBROS,EQ,,,,,SUBROS LIMITED,813.7,817.65,803.0,806.3,809.0,814.0,,806.3,,,25002,20207473.05,2296,F1,1,,,,,
2026-07-16,2026-07-16,CM,NSE,STK,3327,INE659A01023,SUDARSCHEM,EQ,,,,,SUDARSHAN CHEMICAL INDS L,1075.0,1088.3,1053.55,1068.55,1075.0,1069.5,,1068.3,,,305678,327004418.6,14497,F1,1,,,,,
2026-07-16,2026-07-16,CM,NSE,STK,715,INE492A01029,SUDARCOLOR,EQ,,,,,SUDARSHAN COLORNT IND LTD,372.8,378.05,368.0,371.05,371.6,372.85,,371.0,,,2214,823983.4,216,F1,1,,,,,
2026-07-16,2026-07-16,CM,NSE,STK,760039,INE0QPI01025,SUDEEPPHRM,EQ,,,,,SUDEEP PHARMA LIMITED,847.65,890.0,840.0,883.35,884.5,847.65,,883.4,,,170677,148440724.0,9949,F1,1,,,,,
2026-07-16,2026-07-16,CM,NSE,STK,11804,INE450E01029,SUKHJITS,EQ,,,,,SUKHJIT STARCH & CHEM LTD,169.0,169.0,165.0,165.82,165.0,164.76,,165.84,,,3715,617389.89,241,F1,1,,,,,
2026-07-16,2026-07-16,CM,NSE,STK,13218,INE142Q01026,SULA,EQ,,,,,SULA VINEYARDS LIMITED,149.0,150.85,148.81,149.37,149.95,148.69,,149.38,,,108456,16243577.65,2550,F1,1,,,,,
2026-07-16,2026-07-16,CM,NSE,STK,20790,INE235C01036,SUMEETINDS,EQ,,,,,SUMEET IND LIMITED,32.56,33.85,32.56,33.26,33.34,32.98,,33.26,,,7823249,261056969.46,7800,F1,1,,,,,
2026-07-16,2026-07-16,CM,NSE,STK,11141,INE748Z01013,SUMIT,BE,,,,,SUMIT WOODS LIMITED,50.8,52.29,50.0,51.61,52.29,49.94,,51.61,,,37726,1930933.02,165,F1,1,,,,,
2026-07-16,2026-07-16,CM,NSE,STK,17105,INE258G01013,SUMICHEM,EQ,,,,,SUMITOMO CHEM INDIA LTD,540.75,549.75,531.95,540.55,540.0,539.9,,540.55,,,524701,284555334.8,19545,F1,1,,,,,
2026-07-16,2026-07-16,CM,NSE,STK,21275,INE519C01017,SUMMITSEC,EQ,,,,,SUMMIT SECURITIES LTD,1524.0,1529.0,1489.7,1514.7,1529.0,1505.4,,1514.7,,,3455,5212044.4,475,F1,1,,,,,
2026-07-16,2026-07-16,CM,NSE,STK,14788,INE232I01014,SPARC,EQ,,,,,SUN PHARMA ADV.RES.CO.LTD,252.9,253.5,247.42,250.45,251.3,251.04,,250.44,,,791259,198082630.64,15669,F1,1,,,,,
2026-07-16,2026-07-16,CM,NSE,STK,3351,INE044A01036,SUNPHARMA,EQ,,,,,SUN PHARMACEUTICAL IND L,1950.0,1957.7,1943.0,1950.1,1951.0,1951.5,,1950.1,,,1396189,2723168482.7,96222,F1,1,,,,,
2026-07-16,2026-07-16,CM,NSE,STK,13404,INE424H01027,SUNTV,EQ,,,,,SUN TV NETWORK LIMITED,494.65,505.0,490.6,500.6,503.0,495.35,,500.6,,,246800,123317972.35,17832,F1,1,,,,,
2026-07-16,2026-07-16,CM,NSE,STK,20956,INE0Q3R01026,SUNCLAY,EQ,,,,,SUNDARAM CLAYTON LIMITED,1375.0,1414.9,1361.1,1389.2,1390.0,1392.5,,1389.2,,,3239,4502385.8,942,F1,1,,,,,
2026-07-16,2026-07-16,CM,NSE,STK,3339,INE660A01013,SUNDARMFIN,EQ,,,,,SUNDARAM FINANCE LTD,4485.0,4539.9,4431.0,4444.9,4431.0,4505.9,,4444.9,,,52189,233185844.7,9004,F1,1,,,,,
2026-07-16,2026-07-16,CM,NSE,STK,18931,INE108E01023,SUNDARAM,EQ,,,,,SUNDARAM MULTI PAP LTD,1.26,1.28,1.26,1.27,1.28,1.26,,1.27,,,162302,206615.09,199,F1,1,,,,,
2026-07-16,2026-07-16,CM,NSE,STK,9848,INE073D01013,SUNDRMBRAK,BE,,,,,SUNDARAMBRAKE LININGS LTD,840.8,840.8,822.0,827.85,827.85,840.8,,827.85,,,223,184567.9,32,F1,1,,,,,
2026-07-16,2026-07-16,CM,NSE,STK,3345,INE387A01021,SUNDRMFAST,EQ,,,,,SUNDRAM FASTENERS LTD,957.2,973.0,940.0,970.35,969.2,960.0,,970.35,,,86454,83585343.55,9495,F1,1,,,,,
2026-07-16,2026-07-16,CM,NSE,STK,761205,INE0CTB01014,SOCL,ST,,,,,SUNDREX OIL COMPANY LTD,28.95,30.0,28.95,30.0,30.0,29.0,,30.0,,,3200,94320.0,2,F1,1600,,,,,
2026-07-16,2026-07-16,CM,NSE,STK,1663,INE209A01019,SUNDROP,EQ,,,,,SUNDROP BRANDS LIMITED,637.0,646.0,636.0,642.45,640.0,636.2,,642.45,,,36813,23556792.3,991,F1,1,,,,,
2026-07-16,2026-07-16,CM,NSE,STK,3348,INE947A01014,SUNFLAG,EQ,,,,,SUNFLAG IRON AND STEEL CO,347.1,356.65,347.1,353.0,352.6,347.05,,353.0,,,332763,117337194.05,6038,F1,1,,,,,
2026-07-16,2026-07-16,CM,NSE,STK,18267,INE0O3O01017,SEL,ST,,,,,SUNGARNER ENERGIES LTD,225.0,225.0,222.5,222.5,222.5,234.05,,222.5,,,1600,358220.0,6,F1,200,,,,,
2026-07-16,2026-07-16,CM,NSE,STK,24872,INE0U2N01013,SUNLITE,ST,,,,,SUNLITE RECYCLING IND LTD,431.0,435.0,422.05,427.5,427.5,439.2,,427.5,,,15000,6437310.0,46,F1,300,,,,,
2026-07-16,2026-07-16,CM,NSE,STK,20213,INE0PLZ01012,SUNREST,SM,,,,,SUNREST LIFESCIENCE LTD,35.0,35.0,35.0,35.0,35.0,35.6,,35.0,,,1600,56000.0,1,F1,1600,,,,,
2026-07-16,2026-07-16,CM,NSE,STK,757766,INE0SGZ01016,SUNTECH,ST,,,,,SUNTECH INFRA SOLUTIONS L,30.6,33.1,30.6,33.0,33.0,31.85,,33.0,,,9600,301760.0,6,F1,1600,,,,,
2026-07-16,2026-07-16,CM,NSE,STK,17641,INE805D01034,SUNTECK,EQ,,,,,SUNTECK REALTY LIMITED,312.3,316.25,309.75,311.55,312.9,313.5,,311.55,,,139331,43523680.1,6442,F1,1,,,,,
2026-07-16,2026-07-16,CM,NSE,STK,8931,INE662A01027,SUPERSPIN,BE,,,,,SUPER SPINNING MILLS LTD,5.0,5.0,5.0,5.0,5.0,5.1,,4.91,,,9235,46175.0,12,F1,1,,,,,
2026-07-16,2026-07-16,CM,NSE,STK,20616,INE712B01010,SUPERHOUSE,EQ,,,,,SUPERHOUSE LIMITED,154.0,155.54,152.62,154.62,155.5,154.47,,154.62,,,769,118042.06,25,F1,1,,,,,
2026-07-16,2026-07-16,CM,NSE,STK,11689,INE399C01030,SUPRAJIT,EQ,,,,,SUPRAJIT ENGINEERING LTD,495.2,499.6,485.55,487.6,491.2,495.15,,487.6,,,47151,23142918.9,3959,F1,1,,,,,
2026-07-16,2026-07-16,CM,NSE,STK,758997,INE319Z01021,SUPREMEENG,BZ,,,,,SUPREME ENGINEERING LTD,1.74,1.74,1.74,1.74,1.74,1.71,,1.74,,,37841,65843.34,22,F1,1,,,,,
2026-07-16,2026-07-16,CM,NSE,STK,28069,INE0U6N01014,SFML,SM,,,,,SUPREME FACILITY MGMT LTD,24.0,24.8,23.5,23.5,23.5,23.5,,23.5,,,6400,153280.0,4,F1,1600,,,,,
2026-07-16,2026-07-16,CM,NSE,STK,29439,INE822E01011,SUPREME,EQ,,,,,SUPREME HOLDIN N HOSP I L,48.82,48.9,46.81,47.2,47.02,47.21,,47.2,,,7968,377389.88,319,F1,1,,,,,
2026-07-16,2026-07-16,CM,NSE,STK,3363,INE195A01028,SUPREMEIND,EQ,,,,,SUPREME INDUSTRIES LTD,3458.4,3538.1,3454.8,3522.7,3533.0,3457.8,,3522.6,,,249000,875480619.8,23034,F1,1,,,,,
2026-07-16,2026-07-16,CM,NSE,STK,15002,INE550H01011,SUPREMEINF,EQ,,,,,SUPREME INFRA. LTD.,82.0,84.5,78.58,80.64,79.0,80.17,,80.64,,,135067,11021626.08,2638,F1,1,,,,,
2026-07-16,2026-07-16,CM,NSE,STK,9617,INE663A01033,SPLPETRO,EQ,,,,,SUPREME PETROCHEM LIMITED,714.4,720.95,699.3,703.2,701.0,717.65,,703.2,,,76642,54193866.0,6783,F1,1,,,,,
2026-07-16,2026-07-16,CM,NSE,STK,21074,INE0QHG01026,SUPREMEPWR,ST,,,,,SUPREME POWER EQUIPMENT L,213.0,218.55,211.0,217.85,217.5,211.5,,217.85,,,26000,5604175.0,50,F1,500,,,,,
2026-07-16,2026-07-16,CM,NSE,STK,7390,INE07RO01027,SUPRIYA,EQ,,,,,SUPRIYA LIFESCIENCE LTD,855.0,861.7,842.6,850.6,849.0,852.4,,850.6,,,123732,105333891.6,7809,F1,1,,,,,
2026-07-16,2026-07-16,CM,NSE,STK,20822,INE843S01025,SURAJEST,EQ,,,,,SURAJ ESTATE DEVELOPERS L,198.92,202.73,198.0,199.58,200.0,198.92,,199.57,,,30253,6018805.14,883,F1,1,,,,,
2026-07-16,2026-07-16,CM,NSE,STK,24966,INE713C01016,SURAJLTD,EQ,,,,,SURAJ LIMITED,226.0,227.5,226.0,226.45,226.9,224.97,,226.45,,,34,7694.5,9,F1,1,,,,,
2026-07-16,2026-07-16,CM,NSE,STK,27334,INE877V01027,SURAKSHA,EQ,,,,,SURAKSHA DIAGNOSTIC LTD,260.45,265.2,258.55,259.9,260.0,261.4,,259.9,,,23299,6081871.4,1367,F1,1,,,,,
2026-07-16,2026-07-16,CM,NSE,STK,21077,INE272L01022,SURANASOL,EQ,,,,,SURANA SOLAR LIMITED,25.7,26.45,25.5,26.26,26.25,25.45,,26.26,,,67729,1761558.53,593,F1,1,,,,,
2026-07-16,2026-07-16,CM,NSE,STK,10700,INE130B01031,SURANAT&P,EQ,,,,,SURANA TELECOM AND POW LT,18.15,18.35,18.0,18.16,18.2,18.12,,18.16,,,26691,484785.0,193,F1,1,,,,,
2026-07-16,2026-07-16,CM,NSE,STK,8513,INE01ZJ01015,SURANI,SM,,,,,SURANI STEEL TUBES LTD.,101.8,101.8,101.8,101.8,101.8,101.8,,101.8,,,600,61080.0,1,F1,200,,,,,
2026-07-16,2026-07-16,CM,NSE,STK,14139,INE05ST01028,SBGLP,EQ,,,,,SURATWWALA BUS GROUP LTD,25.09,25.4,23.9,24.48,24.49,25.09,,24.49,,,56512,1375230.4,233,F1,1,,,,,
2026-07-16,2026-07-16,CM,NSE,STK,3375,INE335A01020,SURYAROSNI,EQ,,,,,SURYA ROSHNI LTD,245.7,249.65,244.05,248.4,248.0,245.75,,248.4,,,286390,70811367.4,6541,F1,1,,,,,
2026-07-16,2026-07-16,CM,NSE,STK,11852,INE713B01026,SURYALAXMI,EQ,,,,,SURYALAKSHMI COT MIL LTD,58.21,58.21,57.99,58.14,58.0,58.09,,58.14,,,554,32233.96,11,F1,1,,,,,
2026-07-16,2026-07-16,CM,NSE,STK,762924,INE132C01027,SURYALA,EQ,,,,,SURYALATA SPINNING MILL L,420.1,450.0,420.05,433.15,431.8,435.0,,433.15,,,4056,1742584.95,146,F1,1,,,,,
2026-07-16,2026-07-16,CM,NSE,STK,2970,INE428Q01011,SURYODAY,EQ,,,,,SURYODAY SMALL FIN BK LTD,189.21,189.21,184.8,185.49,186.0,189.21,,185.49,,,253515,47244202.88,5928,F1,1,,,,,
2026-07-16,2026-07-16,CM,NSE,STK,13804,INE645H01027,SUTLEJTEX,BE,,,,,SUTLEJ TEXT & INDUS LTD,37.15,38.86,37.15,38.86,38.86,37.01,,38.86,,,57027,2210415.93,110,F1,1,,,,,
2026-07-16,2026-07-16,CM,NSE,STK,11233,INE495B01038,SUVEN,EQ,,,,,SUVEN LIFE SCIENCES LTD,357.0,357.0,335.8,341.15,341.0,356.1,,341.15,,,1053003,361605145.45,26067,F1,1,,,,,
2026-07-16,2026-07-16,CM,NSE,STK,2998,INE018401013,SUVIDHAA,EQ,,,,,SUVIDHAA INFOSERVE LTD,2.55,2.62,2.53,2.54,2.56,2.54,,2.55,,,34382,87797.01,102,F1,1,,,,,
2026-07-16,2026-07-16,CM,NSE,STK,24851,INE442P01014,SUYOG,EQ,,,,,SUYOG TELEMATICS LIMITED,880.5,880.5,852.05,857.9,863.0,873.05,,857.9,,,37719,32641459.1,2161,F1,1,,,,,
2026-07-16,2026-07-16,CM,NSE,STK,12018,INE040H01021,SUZLON,EQ,,,,,SUZLON ENERGY LIMITED,52.6,52.69,51.88,51.97,51.94,52.42,,51.97,,,45561488,2377411991.79,83635,F1,1,,,,,
2026-07-16,2026-07-16,CM,NSE,STK,5023,INE308E01029,SVPGLOB,BE,,,,,SVP GLOBAL TEXTILES LTD,3.99,4.04,3.75,3.86,3.82,3.88,,3.89,,,18944,74276.43,40,F1,1,,,,,
2026-07-16,2026-07-16,CM,NSE,STK,27095,INE665A01038,SWANCORP,EQ,,,,,SWAN CORP LIMITED,315.0,319.1,312.95,313.5,313.5,314.85,,313.5,,,333723,105159001.95,9591,F1,1,,,,,
2026-07-16,2026-07-16,CM,NSE,STK,29164,INE542F01020,SWANDEF,BE,,,,,SWAN DEFENCE N HEVY IND L,2271.0,2287.0,2190.0,2222.4,2200.0,2243.5,,2222.3,,,16615,36803163.4,532,F1,1,,,,,
2026-07-16,2026-07-16,CM,NSE,STK,3384,INE277A01016,SWARAJENG,EQ,,,,,SWARAJ ENGINES LTD,3881.0,3881.0,3714.6,3731.6,3722.0,3769.2,,3731.6,,,13032,48889671.1,1825,F1,1,,,,,
2026-07-16,2026-07-16,CM,NSE,STK,8608,INE0GMR01016,SWARAJ,SM,,,,,SWARAJ SUITING LIMITED,368.0,368.0,354.2,357.05,354.2,362.7,,357.05,,,81500,29479550.0,108,F1,500,,,,,
2026-07-16,2026-07-16,CM,NSE,STK,11497,INE0DGC01025,SWASTIK,ST,,,,,SWASTIK PIPE LIMITED,17.1,17.1,16.8,17.1,17.1,16.3,,17.1,,,12000,202920.0,7,F1,1200,,,,,
2026-07-16,2026-07-16,CM,NSE,STK,11909,INE409B01013,SWELECTES,EQ,,,,,SWELECT ENERGY SYS LTD,641.65,648.5,627.0,630.4,628.0,641.65,,630.35,,,16842,10691824.85,1164,F1,1,,,,,
2026-07-16,2026-07-16,CM,NSE,STK,27066,INE00H001014,SWIGGY,EQ,,,,,SWIGGY LIMITED,272.0,283.5,271.0,272.96,272.58,270.09,,272.96,,,34357269,9560281229.11,182910,F1,1,,,,,
2026-07-16,2026-07-16,CM,NSE,STK,24190,INE225D01027,SYMPHONY,EQ,,,,,SYMPHONY LIMITED,706.0,707.85,696.0,700.8,699.0,702.7,,700.75,,,92250,64745889.55,9750,F1,1,,,,,
2026-07-16,2026-07-16,CM,NSE,STK,11992,INE312C01025,SYNCOMF,EQ,,,,,SYNCOM FORMU (I) LTD,13.83,14.04,13.53,13.7,13.71,13.83,,13.7,,,1230332,16919699.74,3183,F1,1,,,,,
2026-07-16,2026-07-16,CM,NSE,STK,5114,INE00QT01015,SGIL,EQ,,,,,SYNERGY GREEN IND. LTD,615.0,615.0,589.05,597.7,595.0,596.45,,597.7,,,9253,5528249.2,288,F1,1,,,,,
2026-07-16,2026-07-16,CM,NSE,STK,10243,INE398R01022,SYNGENE,EQ,,,,,SYNGENE INTERNATIONAL LTD,420.5,426.9,416.6,419.4,419.55,420.5,,419.4,,,786042,330581296.95,32573,F1,1,,,,,
2026-07-16,2026-07-16,CM,NSE,STK,17206,INE0BTR01012,SYNOPTICS,ST,,,,,SYNOPTICS TECHNOLOGIES L,75.8,75.8,72.2,72.2,72.2,76.0,,72.2,,,2400,176520.0,4,F1,600,,,,,
2026-07-16,2026-07-16,CM,NSE,STK,10793,INE0DYJ01015,SYRMA,EQ,,,,,SYRMA SGS TECHNOLOGY LTD,1417.0,1436.0,1410.1,1423.9,1427.0,1404.6,,1423.9,,,623969,887574374.2,32010,F1,1,,,,,
2026-07-16,2026-07-16,CM,NSE,STK,14506,INE0O7R01011,SYSTANGO,SM,,,,,SYSTANGO TECHNOLOGIES LTD,227.55,229.15,220.3,222.55,225.75,226.9,,222.55,,,17600,3935440.0,37,F1,400,,,,,
2026-07-16,2026-07-16,CM,NSE,STK,759358,INE356B01024,SYSTMTXC,BE,,,,,SYSTEMATIX CORP SERVICE L,62.7,64.0,61.95,62.16,62.0,62.72,,62.16,,,3198,204225.16,23,F1,1,,,,,
2026-07-16,2026-07-16,CM,NSE,STK,14314,INE592B01024,TTL,EQ,,,,,T T LIMITED,6.74,6.74,6.56,6.57,6.56,6.63,,6.57,,,26382,174914.03,105,F1,1,,,,,
2026-07-16,2026-07-16,CM,NSE,STK,762929,INE524T01011,TAALTECH,EQ,,,,,TAAL TECH LTD.,4160.0,4160.0,3931.0,3970.4,3931.0,4079.9,,3971.3,,,2328,9365911.7,492,F1,1,,,,,
2026-07-16,2026-07-16,CM,NSE,STK,23438,INE0SOY01013,TAC,SM,,,,,TAC INFOSEC LIMITED,506.1,506.1,463.9,487.25,484.05,482.0,,487.25,,,404000,197152880.0,1315,F1,200,,,,,
2026-07-16,2026-07-16,CM,NSE,STK,3396,INE123C01018,TAINWALCHM,EQ,,,,,TAINWALA CHEMICAL AND PLA,216.54,231.45,214.8,220.15,218.22,216.54,,220.13,,,33376,7405982.88,1336,F1,1,,,,,
2026-07-16,2026-07-16,CM,NSE,STK,9354,INE586B01026,TAJGVK,EQ,,,,,TAJ GVK HOTELS & RESORTS,360.4,368.0,358.0,358.2,358.3,360.4,,358.25,,,66087,23937043.9,2499,F1,1,,,,,
2026-07-16,2026-07-16,CM,NSE,STK,14920,INE142I01023,TAKE,BE,,,,,TAKE SOLUTIONS LTD,20.21,21.39,19.8,20.05,20.04,20.74,,20.05,,,194297,3947002.65,362,F1,1,,,,,
2026-07-16,2026-07-16,CM,NSE,STK,13648,INE187D01029,TALBROAUTO,EQ,,,,,TALBROS AUTO. COMP. LTD,395.0,406.0,388.4,399.15,403.0,393.95,,399.1,,,117990,46620378.05,4941,F1,1,,,,,
2026-07-16,2026-07-16,CM,NSE,STK,762937,INE864J01012,TAMBOLIIN,BE,,,,,TAMBOLI INDUSTRIES LTD.,221.34,226.5,221.34,222.09,222.0,221.34,,222.09,,,1852,411317.0,12,F1,1,,,,,
2026-07-16,2026-07-16,CM,NSE,STK,10945,INE668A01016,TMB,EQ,,,,,TAMILNAD MERCA BANK LTD,819.6,821.2,795.0,797.5,799.5,815.75,,797.5,,,172839,139320787.4,10697,F1,1,,,,,
2026-07-16,2026-07-16,CM,NSE,STK,3980,INE107A01015,TNPL,EQ,,,,,TAMILNADU NEWSPRT & PAPER,144.0,145.66,143.49,145.29,145.21,143.75,,145.3,,,53549,7746358.83,1480,F1,1,,,,,
2026-07-16,2026-07-16,CM,NSE,STK,3509,INE148A01019,TNPETRO,EQ,,,,,TAMILNADU PETROPRODUCTS L,95.15,98.1,94.2,94.72,94.3,95.05,,94.68,,,61795,5892624.0,1227,F1,1,,,,,
2026-07-16,2026-07-16,CM,NSE,STK,3512,INE141D01018,TNTELE,EQ,,,,,TAMILNADU TELECOMMUNICATI,9.32,9.48,9.02,9.1,9.1,9.32,,9.11,,,19899,182925.69,136,F1,1,,,,,
2026-07-16,2026-07-16,CM,NSE,STK,756338,INE0Z7N01017,TANKUP,ST,,,,,TANKUP ENGINEERS LIMITED,1137.0,1137.0,1137.0,1137.0,1137.0,1120.0,,1137.0,,,250,284250.0,1,F1,250,,,,,
2026-07-16,2026-07-16,CM,NSE,STK,13976,INE483C01032,TANLA,EQ,,,,,TANLA PLATFORMS LIMITED,566.95,594.8,562.5,588.3,588.0,563.95,,588.3,,,2391971,1396076763.95,62830,F1,1,,,,,
2026-07-16,2026-07-16,CM,NSE,STK,23512,INE555Z01020,TARACHAND,EQ,,,,,TARA CHAND INFRA SOLN LTD,56.55,57.79,56.0,56.27,56.49,57.05,,56.27,,,45621,2577640.5,1111,F1,1,,,,,
2026-07-16,2026-07-16,CM,NSE,STK,18827,INE747K01017,TARAPUR,EQ,,,,,TARAPUR TRANSFORMERS LTD,18.29,18.3,17.72,18.24,18.3,17.98,,18.24,,,20514,372501.68,116,F1,1,,,,,
2026-07-16,2026-07-16,CM,NSE,STK,1581,INE0EK901012,TARC,EQ,,,,,TARC LIMITED,121.0,122.0,118.0,118.27,118.49,120.66,,118.27,,,486326,58235120.8,4324,F1,1,,,,,
2026-07-16,2026-07-16,CM,NSE,STK,14771,INE924H01018,TARMAT,EQ,,,,,TARMAT LIMITED,48.3,48.99,48.0,48.33,48.01,48.18,,48.41,,,2985,143961.93,58,F1,1,,,,,
2026-07-16,2026-07-16,CM,NSE,STK,6943,INE144Z01023,TARSONS,EQ,,,,,TARSONS PRODUCTS LIMITED,300.95,307.75,294.55,299.5,301.1,298.25,,299.5,,,83860,25209958.25,3126,F1,1,,,,,
2026-07-16,2026-07-16,CM,NSE,STK,20092,INE488B01017,TASTYBITE,EQ,,,,,TASTY BITE EATABLES LTD,9136.5,9250.0,8871.5,8910.0,8880.0,9112.5,,8910.0,,,4158,37776238.5,954,F1,1,,,,,
2026-07-16,2026-07-16,CM,NSE,STK,759265,INE976I01016,TATACAP,EQ,,,,,TATA CAPITAL LIMITED,357.85,359.8,348.6,349.35,350.65,357.6,,349.35,,,925359,327338347.3,23349,F1,1,,,,,
2026-07-16,2026-07-16,CM,NSE,STK,3405,INE092A01019,TATACHEM,EQ,,,,,TATA CHEMICALS LTD,700.0,702.25,693.6,694.8,693.9,698.4,,694.8,,,254420,177396315.5,11832,F1,1,,,,,
2026-07-16,2026-07-16,CM,NSE,STK,3721,INE151A01013,TATACOMM,EQ,,,,,TATA COMMUNICATIONS LTD,1866.0,1866.0,1833.4,1839.9,1837.8,1855.7,,1840.0,,,113550,209591007.2,14434,F1,1,,,,,
2026-07-16,2026-07-16,CM,NSE,STK,11536,INE467B01029,TCS,EQ,,,,,TATA CONSULTANCY SERV LT,2206.0,2231.4,2187.8,2201.0,2199.1,2189.2,,2201.0,,,5197595,11501044792.2,173110,F1,1,,,,,
2026-07-16,2026-07-16,CM,NSE,STK,3432,INE192A01025,TATACONSUM,EQ,,,,,TATA CONSUMER PRODUCT LTD,1088.3,1100.0,1081.7,1088.5,1087.0,1085.5,,1088.5,,,1188115,1295291305.6,46818,F1,1,,,,,
2026-07-16,2026-07-16,CM,NSE,STK,3411,INE670A01012,TATAELXSI,EQ,,,,,TATA ELXSI LIMITED,3519.9,3594.0,3510.3,3537.8,3540.0,3520.4,,3537.8,,,594468,2113368269.8,46294,F1,1,,,,,
2026-07-16,2026-07-16,CM,NSE,STK,1621,INE672A01026,TATAINVEST,EQ,,,,,TATA INVESTMENT CORP LTD,672.0,676.7,662.3,665.8,665.75,672.75,,665.8,,,122111,81496198.7,8055,F1,1,,,,,
2026-07-16,2026-07-16,CM,NSE,STK,759782,INE1TAE01010,TMCV,EQ,,,,,TATA MOTORS LIMITED,424.0,425.0,411.0,412.55,413.3,423.55,,412.55,,,7368734,3078471486.55,102141,F1,1,,,,,
2026-07-16,2026-07-16,CM,NSE,STK,3456,INE155A01022,TMPV,EQ,,,,,TATA MOTORS PASS VEH LTD,334.65,339.2,331.3,331.8,332.1,333.0,,331.8,,,8194443,2736253577.25,78086,F1,1,,,,,
2026-07-16,2026-07-16,CM,NSE,STK,3426,INE245A01021,TATAPOWER,EQ,,,,,TATA POWER CO LTD,381.1,385.3,376.65,377.1,377.35,380.9,,377.1,,,3391530,1290284713.75,65681,F1,1,,,,,
2026-07-16,2026-07-16,CM,NSE,STK,3499,INE081A01020,TATASTEEL,EQ,,,,,TATA STEEL LIMITED,186.5,186.75,184.91,185.49,185.79,185.26,,185.49,,,13166990,2444583765.31,102492,F1,1,,,,,
2026-07-16,2026-07-16,CM,NSE,STK,20293,INE142M01025,TATATECH,EQ,,,,,TATA TECHNOLOGIES LIMITED,758.95,768.4,752.15,765.55,765.0,758.95,,765.5,,,744316,568078592.45,22813,F1,1,,,,,
2026-07-16,2026-07-16,CM,NSE,STK,8954,INE517B01013,TTML,EQ,,,,,TATA TELESERV(MAHARASTRA),40.73,41.28,40.4,40.69,40.55,40.67,,40.68,,,1111903,45317578.8,8538,F1,1,,,,,
2026-07-16,2026-07-16,CM,NSE,STK,7838,INF277K015R5,NETF,EQ,,,,,TATAAML - NETF,264.0,264.0,260.8,261.74,261.58,261.67,,261.74,,,949,248597.33,118,F1,1,,,,,
2026-07-16,2026-07-16,CM,NSE,STK,12978,INF277K010X4,NPBET,EQ,,,,,TATAAML - NPBET,289.43,289.86,288.11,289.84,289.84,289.43,,289.84,,,36,10412.86,5,F1,1,,,,,
2026-07-16,2026-07-16,CM,NSE,STK,8882,INF277KA1364,TNIDETF,EQ,,,,,TATAAML - TNIDETF,85.32,85.62,84.0,84.67,84.89,84.84,,84.67,,,77547,6610678.36,543,F1,1,,,,,
2026-07-16,2026-07-16,CM,NSE,STK,21401,INF277KA1976,TATAGOLD,EQ,,,,,TATAAML-TATAGOLD,13.68,13.97,13.64,13.69,13.7,13.68,,13.69,,,36439426,498216994.12,51956,F1,1,,,,,
2026-07-16,2026-07-16,CM,NSE,STK,21428,INF277KA1984,TATSILV,EQ,,,,,TATAAML-TATSILV,21.2,21.33,20.62,21.01,21.04,21.2,,21.01,,,31035544,652841780.73,43638,F1,1,,,,,
2026-07-16,2026-07-16,CM,NSE,STK,5162,INE0GK401011,TATVA,EQ,,,,,TATVA CHIN PHARM CHEM LTD,1386.0,1421.8,1375.3,1418.2,1420.0,1385.4,,1418.0,,,42438,59840814.2,4926,F1,1,,,,,
2026-07-16,2026-07-16,CM,NSE,STK,759756,INE0XWS01018,TAURIAN,SM,,,,,TAURIAN MPS LIMITED,355.05,358.0,351.65,357.25,356.5,349.75,,357.25,,,29600,10496600.0,36,F1,800,,,,,
2026-07-16,2026-07-16,CM,NSE,STK,11748,INE053F07819,725IRFC35,NH,,,,,TAX FREE  7.25% SR. 104,1189.1,1189.1,1189.1,1189.1,1189.1,1189.01,,1189.1,,,1,1189.1,1,F1,1,,,,,
2026-07-16,2026-07-16,CM,NSE,STK,11754,INE053F07835,753IRFC30,NJ,,,,,TAX FREE  7.53% SR. 103 A,1133.85,1133.85,1124.21,1125.58,1124.21,1134.24,,1125.58,,,821,924106.05,9,F1,1,,,,,
2026-07-16,2026-07-16,CM,NSE,STK,15168,INE053F07900,764IRFC31,NO,,,,,TAX FREE  7.64% SR. 108A,1139.99,1140.0,1139.99,1139.99,1139.99,1139.41,,1139.99,,,500,569996.6,8,F1,1,,,,,
2026-07-16,2026-07-16,CM,NSE,STK,14529,INE906B07EP5,769NHAI31,NE,,,,,TAX FREE 7.69% SR. IIB,1146.0,1146.0,1146.0,1146.0,1146.0,1148.99,,1146.0,,,585,670410.0,4,F1,1,,,,,
2026-07-16,2026-07-16,CM,NSE,STK,11954,INE906B07EI0,735NHAI31,N9,,,,,TAX FREE7.35% SR.IIA,1098.6,1107.0,1098.6,1107.0,1107.0,1100.0,,1107.0,,,4,4402.8,2,F1,1,,,,,
2026-07-16,2026-07-16,CM,NSE,STK,11757,INE053F07843,750IRFC35,NK,,,,,TAX FREE7.50% SR.104 A,1230.0,1230.0,1230.0,1230.0,1230.0,1234.0,,1230.0,,,3,3690.0,1,F1,1,,,,,
2026-07-16,2026-07-16,CM,NSE,STK,12003,INE906B07EJ8,76NHAI31,,,,,,TAX FREE7.60% SR.IIB,1106.1,1106.1,1103.4,1104.47,1103.4,1104.35,,1104.49,,,1600,1767694.1,25,F1,1,,,,,
2026-07-16,2026-07-16,CM,NSE,STK,29111,INE020B07GX4,738REC27TF,N2,,,,,TAXFREE SEC NCD TR1 S2,1065.07,1065.19,1065.07,1065.19,1065.19,1065.07,,1065.19,,,26,27691.94,2,F1,1,,,,,
2026-07-16,2026-07-16,CM,NSE,STK,24019,INE0N2D01013,TBI,SM,,,,,TBI CORN LIMITED,61.0,62.35,61.0,61.85,62.0,62.05,,61.85,,,25200,1552320.0,33,F1,600,,,,,
2026-07-16,2026-07-16,CM,NSE,STK,23740,INE673O01025,TBOTEK,EQ,,,,,TBO TEK LIMITED,1457.6,1474.8,1441.0,1453.6,1452.0,1457.6,,1453.6,,,64945,94796775.7,7095,F1,1,,,,,
2026-07-16,2026-07-16,CM,NSE,STK,761814,INE887D01016,TCC,EQ,,,,,TCC CONCEPT LIMITED,310.0,313.5,289.3,292.9,291.95,307.95,,293.0,,,19203,5722396.05,1281,F1,1,,,,,
2026-07-16,2026-07-16,CM,NSE,STK,19223,INE586V01016,TCIEXP,EQ,,,,,TCI EXPRESS LIMITED,569.0,614.0,567.05,576.75,576.95,563.0,,576.85,,,730186,432295935.7,28119,F1,1,,,,,
2026-07-16,2026-07-16,CM,NSE,STK,8722,INE911B01018,TCIFINANCE,BE,,,,,TCIFINANCELTD-ROLL SETT,15.35,15.95,15.0,15.28,15.49,15.35,,15.31,,,18628,286261.72,119,F1,1,,,,,
2026-07-16,2026-07-16,CM,NSE,STK,184,INE822C01015,TCPLPACK,EQ,,,,,TCPL PACKAGING LIMITED,3280.5,3330.0,3161.1,3265.3,3280.1,3284.4,,3265.1,,,14207,46170328.9,2207,F1,1,,,,,
2026-07-16,2026-07-16,CM,NSE,STK,25178,INE419M01027,TDPOWERSYS,EQ,,,,,TD POWER SYSTEMS LTD.,1180.0,1180.9,1124.0,1127.1,1126.0,1174.2,,1127.1,,,865491,994282099.9,44298,F1,1,,,,,
2026-07-16,2026-07-16,CM,NSE,STK,10717,INE289C01025,TEAMGTY,EQ,,,,,TEAM INDIA GUARANTY LTD,230.0,230.0,227.0,227.94,228.0,226.95,,226.59,,,145,33141.9,16,F1,1,,,,,
2026-07-16,2026-07-16,CM,NSE,STK,12716,INE985S01024,TEAMLEASE,EQ,,,,,TEAMLEASE SERVICES LTD.,1403.4,1416.9,1397.6,1408.2,1399.0,1402.0,,1408.1,,,10126,14247480.7,1795,F1,1,,,,,
2026-07-16,2026-07-16,CM,NSE,STK,16996,INE065J01024,TPHQ,EQ,,,,,TEAMO PRODUCTIONS HQ LTD,0.46,0.46,0.43,0.44,0.44,0.45,,0.44,,,1399694,618941.72,318,F1,1,,,,,
2026-07-16,2026-07-16,CM,NSE,STK,763568,INE2OL601013,TEAMTECH,SM,,,,,TEAMTECH FORMWORK SOL LTD,116.0,119.0,116.0,118.5,118.5,115.6,,118.5,,,20000,2342200.0,9,F1,2000,,,,,
2026-07-16,2026-07-16,CM,NSE,STK,13538,INE669C01036,TECHM,EQ,,,,,TECH MAHINDRA LIMITED,1510.0,1538.3,1504.2,1510.3,1515.6,1498.7,,1510.3,,,2903245,4415933361.6,104587,F1,1,,,,,
2026-07-16,2026-07-16,CM,NSE,STK,759141,INE0Y5H01014,TECHD,ST,,,,,TECHD CYBERSECURITY LTD,663.85,663.85,615.75,662.0,663.85,632.25,,662.0,,,48900,32003595.0,142,F1,300,,,,,
2026-07-16,2026-07-16,CM,NSE,STK,25652,INE0JQS01019,TECHERA,SM,,,,,TECHERA ENGINEER (IND) L,163.6,166.75,160.35,164.65,164.65,163.6,,164.65,,,38400,6254760.0,47,F1,800,,,,,
2026-07-16,2026-07-16,CM,NSE,STK,6445,INE285K01026,TECHNOE,EQ,,,,,TECHNO ELEC & ENG CO. LTD,1060.0,1060.0,1030.1,1033.2,1032.0,1048.5,,1033.2,,,121017,125885823.2,10977,F1,1,,,,,
2026-07-16,2026-07-16,CM,NSE,STK,14223,INE545H01011,TIIL,EQ,,,,,TECHNOCRAFT IND LTD,2476.0,2499.4,2449.0,2453.9,2474.9,2488.5,,2453.9,,,3137,7717170.5,559,F1,1,,,,,
2026-07-16,2026-07-16,CM,NSE,STK,762939,INE314H01012,TECHNVISN,EQ,,,,,TECHNVISION VENTURES LTD.,3512.8,3513.1,3320.0,3349.8,3320.0,3404.1,,3350.8,,,351,1201659.3,105,F1,1,,,,,
2026-07-16,2026-07-16,CM,NSE,STK,3453,INE014B01011,TECILCHEM,EQ,,,,,TECIL CHEMICALS,9.58,9.99,9.29,9.94,9.95,9.49,,9.94,,,6301,59844.0,38,F1,1,,,,,
2026-07-16,2026-07-16,CM,NSE,STK,23526,INE0K6601012,TGL,SM,,,,,TEERTH GOPICON LIMITED,24.35,24.85,24.35,24.85,24.85,23.7,,24.85,,,37200,918900.0,44,F1,200,,,,,
2026-07-16,2026-07-16,CM,NSE,STK,7105,INE011K01018,TEGA,EQ,,,,,TEGA INDUSTRIES LIMITED,1643.2,1655.9,1616.2,1644.5,1638.0,1627.2,,1644.6,,,39354,64449141.5,4768,F1,1,,,,,
2026-07-16,2026-07-16,CM,NSE,STK,763828,INE0R1301019,TEJA,ST,,,,,TEJA ENGINEERING IND L,539.0,567.0,538.0,567.0,567.0,560.0,,567.0,,,7800,4256400.0,13,F1,600,,,,,
2026-07-16,2026-07-16,CM,NSE,STK,21131,INE010J01012,TEJASNET,EQ,,,,,TEJAS NETWORKS LIMITED,552.75,554.15,542.5,547.35,545.15,550.1,,547.4,,,1379720,755644974.35,27030,F1,1,,,,,
2026-07-16,2026-07-16,CM,NSE,STK,3275,INE869Y01010,TEMBO,EQ,,,,,TEMBO GLOBAL IND LTD,567.0,567.0,541.65,550.2,548.0,547.15,,550.2,,,120640,66622497.2,3561,F1,1,,,,,
2026-07-16,2026-07-16,CM,NSE,STK,759880,INE19RI01016,TENNIND,EQ,,,,,TENNECO CLEAN AIR INDIA L,569.0,572.15,553.1,557.9,557.0,564.55,,557.85,,,532647,298379335.4,25136,F1,1,,,,,
2026-07-16,2026-07-16,CM,NSE,STK,19292,INE482B01010,TERASOFT,EQ,,,,,TERA SOFTWARE LIMITED,395.0,407.85,390.0,400.55,403.0,404.85,,400.55,,,16665,6626427.55,832,F1,1,,,,,
2026-07-16,2026-07-16,CM,NSE,STK,11549,INE435C01024,TEXINFRA,EQ,,,,,TEXMACO INFRA & HOLDG LTD,113.6,114.67,112.64,113.98,114.0,114.02,,113.97,,,64658,7370742.82,682,F1,1,,,,,
2026-07-16,2026-07-16,CM,NSE,STK,21828,INE621L01012,TEXRAIL,EQ,,,,,TEXMACO RAIL & ENG. LTD.,119.5,120.85,116.41,117.0,116.9,118.55,,117.02,,,2134222,254375808.17,16518,F1,1,,,,,
2026-07-16,2026-07-16,CM,NSE,STK,18214,INE141K01013,TEXMOPIPES,EQ,,,,,TEXMO PIPE & PRODUCTS LTD,43.62,44.69,43.42,44.08,43.63,43.6,,44.08,,,11551,507082.38,235,F1,1,,,,,
2026-07-16,2026-07-16,CM,NSE,STK,10749,INE733E07JV4,753NTPC30E,NC,,,,,TFB 7.53% 2030 SR. 2B,1125.0,1125.0,1123.12,1123.71,1123.12,1125.0,,1123.71,,,157,176423.84,2,F1,1,,,,,
2026-07-16,2026-07-16,CM,NSE,STK,14607,INE797H01018,TGBHOTELS,EQ,,,,,TGB BANQUETS&HOTELS LTD,8.99,8.99,8.61,8.66,8.68,8.91,,8.66,,,35218,307487.05,143,F1,1,,,,,
2026-07-16,2026-07-16,CM,NSE,STK,22777,INE0QJL01014,TCL,SM,,,,,THAAI CASTING LIMITED,118.5,131.9,116.95,125.2,125.2,114.0,,125.2,,,36000,4508440.0,45,F1,800,,,,,
2026-07-16,2026-07-16,CM,NSE,STK,762947,INE077P01034,THACKER,BE,,,,,THACKER & CO. LTD.,1074.5,1074.5,1069.9,1069.9,1069.9,1025.0,,1079.9,,,42,45120.4,5,F1,1,,,,,
2026-07-16,2026-07-16,CM,NSE,STK,762949,INE403F01017,THAKDEV,EQ,,,,,THAKKERS DEVELOPERS LTD.,138.4,145.32,138.4,141.63,145.3,138.4,,141.43,,,122,17279.1,8,F1,1,,,,,
2026-07-16,2026-07-16,CM,NSE,STK,18118,INE085J01014,THANGAMAYL,EQ,,,,,THANGAMAYIL JEWELLERY LTD,6650.5,6655.0,6355.0,6377.0,6390.0,6617.0,,6377.0,,,110911,714404933.5,21948,F1,1,,,,,
2026-07-16,2026-07-16,CM,NSE,STK,9014,INE294Z01018,ANUP,EQ,,,,,THE ANUP ENGINEERING LTD,2195.9,2200.2,2140.0,2153.5,2148.0,2180.8,,2153.4,,,12904,27843042.5,2626,F1,1,,,,,
2026-07-16,2026-07-16,CM,NSE,STK,7930,INE319B01014,BYKE,BE,,,,,THE BYKE HOSPITALITY LTD,34.4,34.4,32.91,33.68,33.36,33.48,,33.68,,,12765,421286.6,41,F1,1,,,,,
2026-07-16,2026-07-16,CM,NSE,STK,13776,INE017A01032,GESHIP,EQ,,,,,THE GE SHPG.LTD,1398.2,1417.2,1375.0,1377.4,1385.0,1393.2,,1377.5,,,360247,499151939.5,36733,F1,1,,,,,
2026-07-16,2026-07-16,CM,NSE,STK,17770,INE646C01018,GROBTEA,EQ,,,,,THE GROB TEA COMPANY LTD,937.4,975.05,925.0,955.55,955.7,922.6,,955.55,,,522,494437.95,68,F1,1,,,,,
2026-07-16,2026-07-16,CM,NSE,STK,8568,INE127B01011,HITECHGEAR,BE,,,,,THE HI-TECH GEARS LIMITED,636.95,636.95,611.3,632.0,632.0,627.0,,635.5,,,714,448774.85,43,F1,1,,,,,
2026-07-16,2026-07-16,CM,NSE,STK,1515,INE383A01012,INDIACEM,EQ,,,,,THE INDIA CEMENTS LIMITED,390.0,400.0,386.6,397.85,393.25,388.9,,397.9,,,665805,262909093.35,21761,F1,1,,,,,
2026-07-16,2026-07-16,CM,NSE,STK,1512,INE053A01029,INDHOTEL,EQ,,,,,THE INDIAN HOTELS CO. LTD,743.05,743.95,730.4,731.45,733.1,743.2,,731.45,,,3887339,2855788922.25,35876,F1,1,,,,,
2026-07-16,2026-07-16,CM,NSE,STK,21427,INE924D01017,THEINVEST,EQ,,,,,THE INVEST TRUST OF IND L,97.5,97.95,96.1,96.89,96.2,96.15,,96.85,,,2164,210253.44,115,F1,1,,,,,
2026-07-16,2026-07-16,CM,NSE,STK,399,INE470Y01017,NIACL,EQ,,,,,THE NEW INDIA ASSU CO LTD,181.82,182.0,177.12,178.14,178.4,180.05,,178.14,,,558777,99705630.88,8918,F1,1,,,,,
2026-07-16,2026-07-16,CM,NSE,STK,10321,INE431F01018,PKTEA,EQ,,,,,THE P K TEA PROD CO LTD,725.95,726.0,707.35,725.95,726.0,727.0,,725.95,,,77,54776.45,11,F1,1,,,,,
2026-07-16,2026-07-16,CM,NSE,STK,14552,INE211B01039,PHOENIXLTD,EQ,,,,,THE PHOENIX MILLS LTD,2134.4,2134.4,2081.4,2086.2,2082.0,2132.4,,2086.3,,,627352,1319009851.1,40444,F1,1,,,,,
2026-07-16,2026-07-16,CM,NSE,STK,2043,INE331A01037,RAMCOCEM,EQ,,,,,THE RAMCO CEMENTS LIMITED,935.9,946.0,926.0,933.35,938.0,933.3,,933.45,,,93305,87300202.55,13161,F1,1,,,,,
2026-07-16,2026-07-16,CM,NSE,STK,10123,INE301D01026,RUBYMILLS,BE,,,,,THE RUBY MILLS LTD,394.9,404.0,380.0,400.95,402.9,385.35,,400.9,,,37335,14778725.4,427,F1,1,,,,,
2026-07-16,2026-07-16,CM,NSE,STK,5948,INE683A01023,SOUTHBANK,EQ,,,,,THE SOUTH INDIAN BANK LTD,45.74,46.59,43.94,45.39,45.3,45.52,,45.39,,,35495538,1609572876.19,72109,F1,1,,,,,
2026-07-16,2026-07-16,CM,NSE,STK,10948,INE655A01013,STCINDIA,EQ,,,,,THE STATE TRADING CORPN,122.02,122.5,120.15,120.88,120.5,121.15,,120.87,,,22136,2677483.42,585,F1,1,,,,,
2026-07-16,2026-07-16,CM,NSE,STK,19578,INE071E01023,UGARSUGAR,EQ,,,,,THE UGAR SUGAR WORKS LTD,39.9,40.35,39.46,39.7,39.95,39.27,,39.67,,,65477,2606493.33,881,F1,1,,,,,
2026-07-16,2026-07-16,CM,NSE,STK,20481,INE215F01023,WIPL,EQ,,,,,THE WESTERN INDIA PLY LTD,167.0,169.8,161.12,162.79,164.99,167.99,,162.79,,,6141,1014202.4,126,F1,1,,,,,
2026-07-16,2026-07-16,CM,NSE,STK,19279,INE121N01019,THEJO,EQ,,,,,THEJO ENGINEERING LIMITED,1890.4,1921.2,1864.9,1902.6,1915.3,1866.2,,1902.6,,,4767,9036392.5,673,F1,1,,,,,
2026-07-16,2026-07-16,CM,NSE,STK,14485,INE083B01024,THEMISMED,EQ,,,,,THEMIS MEDICARE LTD.,116.38,118.19,111.55,112.42,111.7,115.55,,112.42,,,72498,8274642.3,1344,F1,1,,,,,
2026-07-16,2026-07-16,CM,NSE,STK,3475,INE152A01029,THERMAX,EQ,,,,,THERMAX LTD,4575.0,4656.0,4473.0,4581.0,4570.0,4548.0,,4581.0,,,184687,846361630.5,27615,F1,1,,,,,
2026-07-16,2026-07-16,CM,NSE,STK,25651,INE0SHE01019,THESL,ST,,,,,THINKING HATS ENTER SOL L,19.05,19.05,19.05,19.05,19.05,18.15,,19.05,,,15000,285750.0,5,F1,3000,,,,,
2026-07-16,2026-07-16,CM,NSE,STK,3496,INE338A01024,TIRUMALCHM,EQ,,,,,THIRUMALAI CHEMICALS LTD,167.5,169.99,165.55,166.05,166.07,166.39,,166.05,,,807154,134338154.7,6860,F1,1,,,,,
2026-07-16,2026-07-16,CM,NSE,STK,3481,INE332A01027,THOMASCOOK,EQ,,,,,THOMAS COOK (INDIA) LTD,103.98,105.8,103.4,104.16,104.0,103.55,,104.17,,,660564,69114065.51,5368,F1,1,,,,,
2026-07-16,2026-07-16,CM,NSE,STK,31017,INE480M01011,THOMASCOTT,EQ,,,,,THOMAS SCOTT (INDIA) LTD,326.15,326.4,315.6,318.7,321.0,320.7,,318.7,,,15966,5088132.95,908,F1,1,,,,,
2026-07-16,2026-07-16,CM,NSE,STK,17032,INE594H01019,THYROCARE,EQ,,,,,THYROCARE TECH LTD,530.25,537.7,523.0,527.25,527.55,530.25,,527.25,,,319949,169463927.25,19488,F1,1,,,,,
2026-07-16,2026-07-16,CM,NSE,STK,759179,INE906O01029,TIGERLOGS,BE,,,,,TIGER LOGISTICS (INDIA) L,32.98,33.39,32.4,32.94,32.9,32.9,,32.67,,,4300,140567.51,74,F1,1,,,,,
2026-07-16,2026-07-16,CM,NSE,STK,25482,INE440L01017,TIJARIA,EQ,,,,,TIJARIA POLYPIPES LTD,4.26,4.4,4.09,4.18,4.38,4.27,,4.22,,,54322,228383.94,89,F1,1,,,,,
2026-07-16,2026-07-16,CM,NSE,STK,3484,INE806C01018,TIL,EQ,,,,,TIL LTD,215.1,218.2,209.96,216.72,216.1,214.09,,216.73,,,111436,23944876.07,1760,F1,1,,,,,
2026-07-16,2026-07-16,CM,NSE,STK,19196,INE133E01013,TI,EQ,,,,,TILAKNAGAR INDUSTRIES LTD,442.3,451.5,442.0,444.15,445.05,441.7,,444.15,,,182513,81351045.35,10651,F1,1,,,,,
2026-07-16,2026-07-16,CM,NSE,STK,14707,INE508G01029,TIMETECHNO,EQ,,,,,TIME TECHNOPLAST LTD.,196.25,204.0,194.2,199.4,200.5,195.12,,199.4,,,8919144,1776388554.58,67925,F1,1,,,,,
2026-07-16,2026-07-16,CM,NSE,STK,7800,INE0IJY01014,TIMESCAN,SM,,,,,TIMESCAN LOGISTICS IND L,42.35,42.35,42.35,42.35,42.35,44.55,,42.35,,,4000,169400.0,2,F1,2000,,,,,
2026-07-16,2026-07-16,CM,NSE,STK,762954,INE064A01026,TIMEX,EQ,,,,,TIMEX GROUP INDIA LTD.,560.0,561.2,543.05,544.55,544.1,555.75,,544.55,,,102369,56063488.6,5726,F1,1,,,,,
2026-07-16,2026-07-16,CM,NSE,STK,14198,INE325A01013,TIMKEN,EQ,,,,,TIMKEN INDIA LTD.,3181.0,3204.2,3110.2,3141.6,3140.0,3176.0,,3141.6,,,309055,977496544.1,22184,F1,1,,,,,
2026-07-16,2026-07-16,CM,NSE,STK,756020,INE015C01016,TINNARUBR,EQ,,,,,TINNA RUBBER AND INFR LTD,981.75,998.2,969.05,985.35,978.9,981.1,,985.3,,,33918,33362835.0,2690,F1,1,,,,,
2026-07-16,2026-07-16,CM,NSE,STK,11374,INE0LQS01015,TIPSFILMS,EQ,,,,,TIPS FILMS LIMITED,332.8,332.9,324.45,327.0,325.55,329.5,,327.0,,,2048,678918.9,103,F1,1,,,,,
2026-07-16,2026-07-16,CM,NSE,STK,9117,INE716B01029,TIPSMUSIC,EQ,,,,,TIPS MUSIC LIMITED,668.8,688.75,664.45,674.15,672.0,665.5,,674.2,,,313911,212476072.8,15777,F1,1,,,,,
2026-07-16,2026-07-16,CM,NSE,STK,22282,INE319Y01024,TIRUPATIFL,EQ,,,,,TIRUPATI FORGE LIMITED,70.0,70.06,63.5,66.93,67.07,68.99,,66.93,,,958501,63556230.49,6556,F1,1,,,,,
2026-07-16,2026-07-16,CM,NSE,STK,15414,INE615H01020,TITAGARH,EQ,,,,,TITAGARH RAIL SYSTEMS LTD,883.2,885.95,860.0,875.75,875.0,879.1,,875.65,,,326347,284853143.5,18440,F1,1,,,,,
2026-07-16,2026-07-16,CM,NSE,STK,3506,INE280A01028,TITAN,EQ,,,,,TITAN COMPANY LIMITED,4585.3,4668.8,4580.0,4625.8,4618.0,4579.4,,4625.8,,,1136159,5262478336.8,72790,F1,1,,,,,
2026-07-16,2026-07-16,CM,NSE,STK,9710,INE932C01012,TOKYOPLAST,BE,,,,,TOKYO PLAST  INTL LTD.,85.0,85.5,84.0,84.05,84.0,85.5,,84.05,,,3013,253545.95,29,F1,1,,,,,
2026-07-16,2026-07-16,CM,NSE,STK,25262,INE0RWQ01014,TOLINS,EQ,,,,,TOLINS TYRES LIMITED,103.15,104.66,103.0,103.49,103.1,103.19,,103.49,,,27330,2835722.85,661,F1,1,,,,,
2026-07-16,2026-07-16,CM,NSE,STK,3518,INE685A01028,TORNTPHARM,EQ,,,,,TORRENT PHARMACEUTICALS L,5025.3,5085.8,4812.2,4987.6,4930.0,5017.8,,4987.6,,,5061339,25212538478.1,135384,F1,1,,,,,
2026-07-16,2026-07-16,CM,NSE,STK,13786,INE813H01021,TORNTPOWER,EQ,,,,,TORRENT POWER LTD,1451.4,1451.4,1408.0,1420.7,1423.0,1441.1,,1420.2,,,98371,140650145.0,9918,F1,1,,,,,
2026-07-16,2026-07-16,CM,NSE,STK,22423,INE336X01012,TOTAL,EQ,,,,,TOTAL TRANSPORT SYS LTD,53.1,54.68,51.5,54.63,53.1,53.5,,54.63,,,7329,391736.77,37,F1,1,,,,,
2026-07-16,2026-07-16,CM,NSE,STK,16908,INE486Y01013,TOUCHWOOD,EQ,,,,,TOUCHWOOD ENTERTAIN LTD.,67.15,69.74,67.15,68.99,69.02,68.47,,68.99,,,450,30914.21,22,F1,1,,,,,
2026-07-16,2026-07-16,CM,NSE,STK,3466,INE305A01023,TFCILTD,EQ,,,,,TOURISM FINANCE CORP. OF,83.95,86.0,82.84,83.76,83.75,83.8,,83.76,,,6345426,538538794.47,14844,F1,1,,,,,
2026-07-16,2026-07-16,CM,NSE,STK,9219,INE413G01022,TPLPLASTEH,EQ,,,,,TPL PLASTECH LIMITED,82.5,85.5,80.6,81.61,81.33,81.39,,81.61,,,160050,13202584.91,2231,F1,1,,,,,
2026-07-16,2026-07-16,CM,NSE,STK,11582,INE0HMF01019,TRACXN,EQ,,,,,TRACXN TECHNOLOGIES LTD,30.49,30.49,29.6,30.0,30.0,29.96,,30.02,,,119691,3582439.94,879,F1,1,,,,,
2026-07-16,2026-07-16,CM,NSE,STK,15174,INE763I01026,TARIL,EQ,,,,,TRANS & RECTI. LTD,338.0,338.3,331.5,333.45,333.95,337.25,,333.5,,,1169778,390831524.95,17565,F1,1,,,,,
2026-07-16,2026-07-16,CM,NSE,STK,17795,INE0O3901029,TREL,EQ,,,,,TRANSINDIA REAL ESTATE L,24.97,25.27,23.89,24.3,24.2,24.97,,24.3,,,287111,6943878.26,842,F1,1,,,,,
2026-07-16,2026-07-16,CM,NSE,STK,3531,INE687A01016,TRANSPEK,EQ,,,,,TRANSPEK INDUSTRY LTD,983.15,1107.0,970.0,1025.7,1015.0,969.2,,1028.25,,,123328,130907982.05,10389,F1,1,,,,,
2026-07-16,2026-07-16,CM,NSE,STK,10580,INE688A01022,TCI,EQ,,,,,TRANSPORT CORPN OF INDIA,930.15,937.9,928.2,932.6,933.0,930.15,,932.65,,,22733,21177167.25,1916,F1,1,,,,,
2026-07-16,2026-07-16,CM,NSE,STK,28714,INE454P01035,TRANSRAILL,EQ,,,,,TRANSRAIL LIGHTING LTD,504.95,509.7,494.2,504.9,501.6,499.0,,504.95,,,300334,150628230.45,9943,F1,1,,,,,
2026-07-16,2026-07-16,CM,NSE,STK,19801,INE0NVI01020,TRANSTEEL,SM,,,,,TRANSTEEL SEATING TECH L,122.9,122.9,119.9,120.6,121.9,120.8,,120.6,,,10000,1212600.0,10,F1,1000,,,,,
2026-07-16,2026-07-16,CM,NSE,STK,14319,INE804H01012,TFL,EQ,,,,,TRANSWARRANTY FIN. LTD.,11.01,11.3,10.66,11.1,11.05,11.01,,11.1,,,4236,47078.41,55,F1,1,,,,,
2026-07-16,2026-07-16,CM,NSE,STK,8619,INE757B01015,TRANSWORLD,BE,,,,,TRANSWORLD SHIP LINES LTD,161.0,161.0,158.05,159.54,158.6,159.57,,159.54,,,2120,338938.39,37,F1,1,,,,,
2026-07-16,2026-07-16,CM,NSE,STK,757545,INE103V01028,TRAVELFOOD,EQ,,,,,TRAVEL FOOD SERVICES LTD,1295.0,1310.4,1280.0,1300.4,1294.0,1295.0,,1300.4,,,17375,22536452.5,4156,F1,1,,,,,
2026-07-16,2026-07-16,CM,NSE,STK,25082,INE040M01013,TREEHOUSE,EQ,,,,,TREE HOUSE EDU LTD,6.54,6.56,6.1,6.19,6.18,6.33,,6.21,,,38693,240731.34,142,F1,1,,,,,
2026-07-16,2026-07-16,CM,NSE,STK,7518,INE00CA01015,TREJHARA,EQ,,,,,TREJHARA SOLUTIONS LTD,136.92,141.96,135.19,138.66,139.49,133.61,,138.62,,,9171,1267056.19,799,F1,1,,,,,
2026-07-16,2026-07-16,CM,NSE,STK,1964,INE849A01020,TRENT,EQ,,,,,TRENT LTD,2876.7,2905.0,2855.0,2860.2,2860.9,2867.7,,2860.1,,,905518,2606517838.2,65104,F1,1,,,,,
2026-07-16,2026-07-16,CM,NSE,STK,17987,INE391D01019,TRF,EQ,,,,,TRF LIMITED,257.55,259.44,248.18,252.26,251.5,255.39,,252.27,,,65591,16682786.92,2532,F1,1,,,,,
2026-07-16,2026-07-16,CM,NSE,STK,27037,INE760L01018,TBZ,EQ,,,,,TRIB BHIMJI ZAVERI LTD,261.5,263.48,252.71,256.03,257.0,262.09,,256.06,,,1776038,456957574.92,25579,F1,1,,,,,
2026-07-16,2026-07-16,CM,NSE,STK,9685,INE064C01022,TRIDENT,EQ,,,,,TRIDENT LIMITED,25.35,25.84,25.2,25.31,25.4,25.32,,25.31,,,2746161,69859611.54,12313,F1,1,,,,,
2026-07-16,2026-07-16,CM,NSE,STK,21093,INE0QD201012,TECHLABS,ST,,,,,TRIDENT TECHLABS LIMITED,139.55,142.5,139.55,139.55,139.55,146.85,,139.55,,,23375,3266862.5,84,F1,125,,,,,
2026-07-16,2026-07-16,CM,NSE,STK,5428,INE948A01012,TRIGYN,EQ,,,,,TRIGYN TECHNOLOGIES LTD,59.7,59.8,56.0,56.37,56.0,58.16,,56.38,,,17849,1024692.86,405,F1,1,,,,,
2026-07-16,2026-07-16,CM,NSE,STK,13081,INE256C01024,TRIVENI,EQ,,,,,TRIVENI ENGG. & INDS. LTD,464.95,472.45,460.4,471.4,470.85,461.3,,471.4,,,364195,170823000.15,13807,F1,1,,,,,
2026-07-16,2026-07-16,CM,NSE,STK,25584,INE152M01016,TRITURBINE,EQ,,,,,TRIVENI TURBINE LIMITED,640.0,647.5,622.7,625.7,626.0,639.25,,625.7,,,1544070,978117997.55,51497,F1,1,,,,,
2026-07-16,2026-07-16,CM,NSE,STK,24645,INE0SYV01018,TROM,ST,,,,,TROM INDUSTRIES LIMITED,57.5,60.0,57.5,60.0,60.0,60.5,,60.0,,,1800,105000.0,3,F1,600,,,,,
2026-07-16,2026-07-16,CM,NSE,STK,759210,INE0MWH01014,TRUALT,EQ,,,,,TRUALT BIOENERGY LIMITED,427.6,432.2,418.5,420.65,423.0,427.8,,420.65,,,88156,37285383.55,3499,F1,1,,,,,
2026-07-16,2026-07-16,CM,NSE,STK,9378,INE615R01029,TRU,EQ,,,,,TRUCAP FINANCE LIMITED,5.18,5.18,4.95,5.0,5.07,5.08,,5.0,,,267149,1332767.71,305,F1,1,,,,,
2026-07-16,2026-07-16,CM,NSE,STK,23417,INE0SWN01019,TRUST,SM,,,,,TRUST FINTECH LIMITED,27.5,31.7,27.0,30.65,29.5,28.0,,30.65,,,30000,876600.0,49,F1,600,,,,,
2026-07-16,2026-07-16,CM,NSE,STK,757858,INE16VK01010,TSC,SM,,,,,TSC INDIA LIMITED,27.0,29.75,27.0,29.7,29.75,27.2,,29.7,,,28000,805400.0,13,F1,2000,,,,,
2026-07-16,2026-07-16,CM,NSE,STK,2183,INE202Z01029,TSFINV,EQ,,,,,TSF INVESTMENTS LIMITED,476.2,482.0,460.6,475.1,475.0,479.25,,475.1,,,97494,45872341.55,9738,F1,1,,,,,
2026-07-16,2026-07-16,CM,NSE,STK,27537,INE1C3207057,935TSI27,N0,,,,,TSI 9.35% 27 SR I-A,100800.0,100800.0,100800.0,100800.0,100800.0,100800.0,,100800.0,,,1,100800.0,1,F1,1,,,,,
2026-07-16,2026-07-16,CM,NSE,STK,27448,INE1C3207065,935TSI30,N0,,,,,TSI 9.35% 30 SR I-D,104085.48,104085.48,104085.48,104085.48,104085.48,104059.86,,104085.48,,,11,1144940.28,1,F1,1,,,,,
2026-07-16,2026-07-16,CM,NSE,STK,27421,INE1C3207081,935TSIIC28,N0,,,,,TSIIC 9.35% 2028 SR I- B,102244.8,102244.8,102244.8,102244.8,102244.8,102198.33,,102244.8,,,201,20551204.8,8,F1,1,,,,,
2026-07-16,2026-07-16,CM,NSE,STK,11369,INE910C01018,TTKHLTCARE,EQ,,,,,TTK HEALTHCARE LIMITED,1007.0,1007.0,973.15,988.45,993.7,995.3,,988.45,,,5892,5803287.85,769,F1,1,,,,,
2026-07-16,2026-07-16,CM,NSE,STK,3546,INE690A01028,TTKPRESTIG,EQ,,,,,TTK PRESTIGE LTD,666.45,682.45,662.3,677.7,681.0,669.4,,677.65,,,54230,36485039.4,3161,F1,1,,,,,
2026-07-16,2026-07-16,CM,NSE,STK,312,INE974X01010,TIINDIA,EQ,,,,,TUBE INVEST OF INDIA LTD,2950.1,3015.5,2916.7,2932.7,2924.1,2939.7,,2932.7,,,136801,404743130.9,20763,F1,1,,,,,
2026-07-16,2026-07-16,CM,NSE,STK,24520,INE0OXV01027,TUNWAL,SM,,,,,TUNWAL E-MOTORS LIMITED,26.0,26.15,25.65,26.0,26.0,25.8,,26.0,,,86000,2234000.0,36,F1,2000,,,,,
2026-07-16,2026-07-16,CM,NSE,STK,756090,INE0OC301013,TURTLEMINT,EQ,,,,,TURTLEMINT FINTECH SOLS L,138.12,141.4,135.31,137.75,136.25,138.12,,137.77,,,746095,103635323.43,10493,F1,1,,,,,
2026-07-16,2026-07-16,CM,NSE,STK,11275,INE038F01029,TVTODAY,EQ,,,,,TV TODAY NETWORK LTD,121.38,129.0,121.0,124.66,124.0,121.91,,124.66,,,60349,7559926.22,1263,F1,1,,,,,
2026-07-16,2026-07-16,CM,NSE,STK,18504,INE871L01013,TVVISION,EQ,,,,,TV VISION LIMITED,5.0,5.09,4.94,4.99,4.94,4.82,,4.98,,,5443,27277.73,39,F1,1,,,,,
2026-07-16,2026-07-16,CM,NSE,STK,11265,INE236G01019,TVSELECT,EQ,,,,,TVS ELECTRONICS LTD,515.6,522.2,507.05,511.85,512.0,517.9,,511.9,,,45886,23582884.8,2863,F1,1,,,,,
2026-07-16,2026-07-16,CM,NSE,STK,29008,INE105A01035,TVSHLTD,EQ,,,,,TVS HOLDINGS LIMITED,14275.0,14850.0,14000.0,14013.0,14000.0,14000.0,,14013.0,,,13353,191947445.0,5869,F1,1,,,,,
2026-07-16,2026-07-16,CM,NSE,STK,8479,INE494B01023,TVSMOTOR,EQ,,,,,TVS MOTOR COMPANY  LTD,3622.1,3629.9,3549.9,3563.5,3563.0,3612.3,,3563.5,,,1209278,4336192383.5,47195,F1,1,,,,,
2026-07-16,2026-07-16,CM,NSE,STK,761141,INE494B04019,TVSMNCRPS,P1,,,,,TVS MOTOR COMPANY LIMITED,10.45,10.45,10.35,10.35,10.4,10.45,,10.35,,,4825558,49969872.85,475,F1,1,,,,,
2026-07-16,2026-07-16,CM,NSE,STK,14245,INE421C01016,TVSSRICHAK,EQ,,,,,TVS SRICHAKRA LIMITED,4212.0,4349.9,4172.8,4192.7,4200.0,4211.9,,4192.3,,,6090,25922419.6,1417,F1,1,,,,,
2026-07-16,2026-07-16,CM,NSE,STK,18151,INE395N01027,TVSSCS,EQ,,,,,TVS SUPPLY CHAIN SOL L,139.4,140.94,137.9,138.59,138.69,138.59,,138.58,,,407431,56753624.51,6699,F1,1,,,,,
2026-07-16,2026-07-16,CM,NSE,STK,19501,INE388G01026,TICL,EQ,,,,,TWAMEV CONS AND INFRA LTD,11.23,11.45,10.72,10.81,10.88,11.23,,10.82,,,281384,3085641.34,639,F1,1,,,,,
2026-07-16,2026-07-16,CM,NSE,STK,25626,INE152C01025,UYFINCORP,EQ,,,,,U. Y. FINCORP LIMITED,16.98,16.98,16.07,16.63,16.31,16.58,,16.63,,,404334,6719292.71,1044,F1,1,,,,,
2026-07-16,2026-07-16,CM,NSE,STK,3570,INE139B01016,UCAL,EQ,,,,,UCAL LIMITED,118.93,123.49,118.63,122.2,121.3,118.88,,122.21,,,13535,1639452.13,292,F1,1,,,,,
2026-07-16,2026-07-16,CM,NSE,STK,755998,INE583D07570,1039UCL26,NE,,,,,UCL 10.39% SR II,1015.2,1015.2,1015.2,1015.2,1015.2,1017.99,,1015.2,,,18,18273.6,1,F1,1,,,,,
2026-07-16,2026-07-16,CM,NSE,STK,11223,INE691A01018,UCOBANK,EQ,,,,,UCO BANK,26.1,26.38,26.0,26.1,26.13,26.24,,26.1,,,3197043,83552780.53,12377,F1,1,,,,,
2026-07-16,2026-07-16,CM,NSE,STK,14871,INE0N0Y01013,USK,EQ,,,,,UDAYSHIVAKUMAR INFRA LTD,22.58,22.58,22.0,22.18,22.25,22.29,,22.18,,,10790,238668.43,77,F1,1,,,,,
2026-07-16,2026-07-16,CM,NSE,STK,1053,INE516A01017,UFLEX,EQ,,,,,UFLEX LIMITED,440.7,447.95,436.35,439.7,438.4,440.3,,439.6,,,24563,10816575.15,1280,F1,1,,,,,
2026-07-16,2026-07-16,CM,NSE,STK,9039,INE527H01019,UFO,EQ,,,,,UFO MOVIEZ INDIA LTD.,68.71,69.62,67.5,68.27,67.7,69.0,,68.27,,,64592,4396667.64,1664,F1,1,,,,,
2026-07-16,2026-07-16,CM,NSE,STK,5313,INE583D01011,UGROCAP,EQ,,,,,UGRO CAPITAL LIMITED,97.77,98.0,94.99,96.23,97.0,97.77,,96.23,,,118011,11339346.55,1526,F1,1,,,,,
2026-07-16,2026-07-16,CM,NSE,STK,23507,INE899L01030,UEL,EQ,,,,,UJAAS ENERGY LIMITED,129.34,129.34,125.3,126.85,126.97,127.6,,126.84,,,3502,442813.8,183,F1,1,,,,,
2026-07-16,2026-07-16,CM,NSE,STK,15228,INE551W01018,UJJIVANSFB,EQ,,,,,UJJIVAN SMALL FINANC BANK,65.52,66.16,64.1,65.62,65.83,65.51,,65.62,,,11662798,762439333.42,48828,F1,1,,,,,
2026-07-16,2026-07-16,CM,NSE,STK,762961,INE405A01021,ULTRAMAR,EQ,,,,,ULTRAMARINE & PIGMENTS L,385.5,388.5,380.1,384.75,386.0,386.9,,384.75,,,7460,2869283.35,804,F1,1,,,,,
2026-07-16,2026-07-16,CM,NSE,STK,11532,INE481G01011,ULTRACEMCO,EQ,,,,,ULTRATECH CEMENT LIMITED,11860.0,11876.0,11706.0,11771.0,11765.0,11812.0,,11772.0,,,260149,3076277372.0,36787,F1,1,,,,,
2026-07-16,2026-07-16,CM,NSE,STK,13349,INE067901012,UMA,SM,,,,,UMA CONVERTER LIMITED,16.25,16.25,16.25,16.25,16.25,17.05,,16.25,,,4000,65000.0,1,F1,4000,,,,,
2026-07-16,2026-07-16,CM,NSE,STK,8845,INE0GIU01018,UMAEXPORTS,BE,,,,,UMA EXPORTS LIMITED,22.0,22.0,21.39,21.85,21.98,21.85,,21.89,,,22438,487145.17,63,F1,1,,,,,
2026-07-16,2026-07-16,CM,NSE,STK,8998,INE398B01018,UMIYA-MRO,EQ,,,,,UMIYA BUILDCON LIMITED,89.99,89.99,87.6,88.68,87.8,88.9,,88.85,,,8537,756054.74,242,F1,1,,,,,
2026-07-16,2026-07-16,CM,NSE,STK,3579,INE351A01035,UNICHEMLAB,EQ,,,,,UNICHEM LABORATORIES LTD,594.0,624.3,587.2,604.85,604.35,595.1,,604.85,,,269331,163833002.2,12722,F1,1,,,,,
2026-07-16,2026-07-16,CM,NSE,STK,24809,INE00U401027,UNIECOM,EQ,,,,,UNICOMMERCE ESOLUTIONS L,86.99,87.0,85.5,85.93,85.8,85.94,,85.93,,,145944,12566198.86,2004,F1,1,,,,,
2026-07-16,2026-07-16,CM,NSE,STK,18582,INE0PRF01011,UNIHEALTH,SM,,,,,UNIHEALTH HOSPITALS LTD,709.0,721.0,701.05,715.5,715.0,706.7,,715.5,,,9000,6441550.0,16,F1,500,,,,,
2026-07-16,2026-07-16,CM,NSE,STK,7797,INE481Z01011,UNIINFO,BE,,,,,UNIINFO TELECOM SERVI LTD,12.0,12.6,11.6,12.48,12.45,12.1,,12.48,,,5590,68564.89,43,F1,1,,,,,
2026-07-16,2026-07-16,CM,NSE,STK,25633,INE0B2801011,UNILEX,SM,,,,,UNILEX COLOURS AND CHEM L,26.15,26.15,26.15,26.15,26.15,27.0,,26.15,,,1600,41840.0,1,F1,1600,,,,,
2026-07-16,2026-07-16,CM,NSE,STK,28960,INE0U3I01011,UNIMECH,EQ,,,,,UNIMECH AEROSPACE N MFG L,1238.5,1323.0,1227.0,1296.9,1300.0,1206.5,,1297.1,,,736544,943740659.2,42799,F1,1,,,,,
2026-07-16,2026-07-16,CM,NSE,STK,10753,INE692A01016,UNIONBANK,EQ,,,,,UNION BANK OF INDIA,175.05,175.09,168.05,168.77,168.65,172.38,,168.77,,,13286469,2268756958.02,68463,F1,1,,,,,
2026-07-16,2026-07-16,CM,NSE,STK,29687,INF582M01KS4,UNIONGOLD,EQ,,,,,UNIONAMC - UNIONGOLD,138.4,138.45,137.85,138.3,138.35,137.75,,138.3,,,1679,231951.1,45,F1,1,,,,,
2026-07-16,2026-07-16,CM,NSE,STK,13057,INE244O01017,UNIPARTS,EQ,,,,,UNIPARTS INDIA LIMITED,697.95,710.0,688.05,698.1,693.7,695.05,,698.15,,,74431,52045534.55,4665,F1,1,,,,,
2026-07-16,2026-07-16,CM,NSE,STK,11293,INE037A01022,UNIENTER,EQ,,,,,UNIPHOS ENTERPRISES LTD,110.5,110.5,107.55,108.78,109.85,107.73,,108.79,,,61210,6654296.87,548,F1,1,,,,,
2026-07-16,2026-07-16,CM,NSE,STK,3594,INE694A01020,UNITECH,EQ,,,,,UNITECH LTD,4.64,4.64,4.5,4.53,4.52,4.56,,4.53,,,2687145,12241968.25,2297,F1,1,,,,,
2026-07-16,2026-07-16,CM,NSE,STK,16713,INE686F01025,UBL,EQ,,,,,UNITED BREWERIES LTD,1361.0,1376.5,1342.0,1348.8,1354.0,1357.3,,1349.9,,,162646,220997968.5,8926,F1,1,,,,,
2026-07-16,2026-07-16,CM,NSE,STK,204,INE961D01019,UNIDT,BE,,,,,UNITED DRILLING TOOLS LTD,229.99,229.99,222.6,227.56,229.6,227.91,,227.3,,,3939,893140.62,85,F1,1,,,,,
2026-07-16,2026-07-16,CM,NSE,STK,3127,INE382M01027,UFBL,EQ,,,,,UNITED FOODBRANDS LIMITED,757.0,757.0,730.1,738.8,740.0,739.1,,738.75,,,35982,26622639.6,2785,F1,1,,,,,
2026-07-16,2026-07-16,CM,NSE,STK,25938,INE0SMR01011,UHTL,ST,,,,,UNITED HEAT TRANSFER LTD,101.95,101.95,101.95,101.95,101.95,104.0,,101.95,,,48000,4893600.0,20,F1,2000,,,,,
2026-07-16,2026-07-16,CM,NSE,STK,17999,INE458F01011,UNITEDTEA,EQ,,,,,UNITED NILGIRI TEA LTD,471.65,473.8,465.3,468.25,469.85,469.35,,468.25,,,5546,2601381.45,61,F1,1,,,,,
2026-07-16,2026-07-16,CM,NSE,STK,7564,INE368U01029,UNITEDPOLY,BE,,,,,UNITED POLYFAB GUJ. LTD.,29.98,30.98,28.5,28.76,29.9,29.99,,28.8,,,118596,3404793.35,348,F1,1,,,,,
2026-07-16,2026-07-16,CM,NSE,STK,10447,INE854D01024,UNITDSPR,EQ,,,,,UNITED SPIRITS LIMITED,1373.4,1392.4,1357.6,1381.6,1386.5,1373.4,,1381.6,,,428267,592227462.8,25032,F1,1,,,,,
2026-07-16,2026-07-16,CM,NSE,STK,18979,INE562X01013,UNIVASTU,BE,,,,,UNIVASTU INDIA LIMITED,114.0,117.1,107.24,115.32,117.0,112.88,,115.32,,,314840,34813159.26,1095,F1,1,,,,,
2026-07-16,2026-07-16,CM,NSE,STK,3607,INE279A01012,UNIVCABLES,EQ,,,,,UNIVERSAL CABLES LTD,1195.1,1224.0,1184.1,1197.0,1192.4,1202.3,,1197.0,,,83781,100660861.6,7379,F1,1,,,,,
2026-07-16,2026-07-16,CM,NSE,STK,17661,INE03V001013,UNIVPHOTO,BE,,,,,UNIVERSUS IMAGINGS LTD,412.5,422.0,406.2,418.45,418.0,402.05,,418.45,,,905,377461.4,68,F1,1,,,,,
2026-07-16,2026-07-16,CM,NSE,STK,14154,INE405E01023,UNOMINDA,EQ,,,,,UNO MINDA LIMITED,1159.0,1172.0,1141.0,1150.6,1150.0,1157.7,,1150.6,,,740834,854687733.1,28258,F1,1,,,,,
2026-07-16,2026-07-16,CM,NSE,STK,18636,INE148I08256,915SCL26,NE,,,,,UNS RED NCD 9.15% SR.IX,1070.0,1070.0,1070.0,1070.0,1070.0,1058.02,,1059.02,,,1,1070.0,1,F1,1,,,,,
2026-07-16,2026-07-16,CM,NSE,STK,18638,INE148I08272,SCLZC26A,NF,,,,,UNS RED NCD SR. X,2350.0,2350.0,2350.0,2350.0,2350.0,2360.0,,2350.0,,,147,345450.0,1,F1,1,,,,,
2026-07-16,2026-07-16,CM,NSE,STK,2883,INE530B08110,IIFLZC28,NG,,,,,UNSE RE NCD 0% SR.III,1647.37,1647.37,1647.37,1647.37,1647.37,1655.55,,1647.37,,,10,16473.7,1,F1,1,,,,,
2026-07-16,2026-07-16,CM,NSE,STK,2871,INE530B08094,10IIFL28A,NE,,,,,UNSE RE NCD 10% SR.I,1030.0,1030.0,1026.0,1026.11,1026.11,1021.0,,1026.11,,,356,366160.55,5,F1,1,,,,,
2026-07-16,2026-07-16,CM,NSE,STK,5863,INE148I08348,850SCL25A,NW,,,,,UNSE RE NCD 9.35% SR.X,991.0,991.0,991.0,991.0,991.0,991.0,,991.0,,,10,9910.0,1,F1,1,,,,,
2026-07-16,2026-07-16,CM,NSE,STK,2877,INE530B08102,96IIFL28A,NF,,,,,UNSE RE NCD 9.6% SR.II,1000.99,1001.6,1000.0,1000.97,1000.97,1004.0,,1000.97,,,2241,2243335.32,36,F1,1,,,,,
2026-07-16,2026-07-16,CM,NSE,STK,5217,INE477L08162,IIFLZC28C,N6,,,,,UNSEC RE NCD 0% SR.III,1568.05,1568.05,1568.05,1568.05,1568.05,1568.01,,1568.05,,,10,15680.5,1,F1,1,,,,,
2026-07-16,2026-07-16,CM,NSE,STK,5212,INE477L08147,10IIFL28,N4,,,,,UNSEC RE NCD 10% SR.I,1081.5,1084.0,1081.5,1084.0,1084.0,1087.5,,1084.0,,,14,15156.0,3,F1,1,,,,,
2026-07-16,2026-07-16,CM,NSE,STK,5214,INE477L08154,96IIFL28,N5,,,,,UNSEC RE NCD 9.60% SR.II,1000.0,1003.99,1000.0,1003.99,1003.99,1003.53,,1003.99,,,704,706087.5,17,F1,1,,,,,
2026-07-16,2026-07-16,CM,NSE,STK,19047,INE866I08295,105IIFL29,N7,,,,,UNSEC RED NCD 10.5% SR.VI,1040.2,1059.8,1040.2,1059.8,1059.8,1040.2,,1054.9,,,580,606844.0,3,F1,1,,,,,
2026-07-16,2026-07-16,CM,NSE,STK,21225,INE306N08292,910TCAP28,,,,,,UNSERENCD9.1%SRIIICIII&IV,1106.0,1109.98,1106.0,1109.98,1109.98,1106.99,,1106.74,,,252,278911.31,9,F1,1,,,,,
2026-07-16,2026-07-16,CM,NSE,STK,19113,INE851I01011,UDS,EQ,,,,,UPDATER SERVICES LIMITED,192.3,195.7,192.0,193.78,194.54,191.29,,193.78,,,78433,15238972.82,2220,F1,1,,,,,
2026-07-16,2026-07-16,CM,NSE,STK,11287,INE628A01036,UPL,EQ,,,,,UPL LIMITED,597.15,629.0,597.0,625.85,629.0,597.3,,625.85,,,5435872,3363084008.6,86342,F1,1,,,,,
2026-07-16,2026-07-16,CM,NSE,STK,10610,INE0CBM01019,USASEEDS,SM,,,,,UPSURGE SEEDS OF AGRI LTD,84.0,84.0,83.95,83.95,83.95,88.35,,83.95,,,1712,143743.8,4,F1,428,,,,,
2026-07-16,2026-07-16,CM,NSE,STK,17081,INE568Z01015,URAVIDEF,BE,,,,,URAVI DEFENCE &TECH LTD,117.9,118.22,114.25,116.35,117.95,118.1,,116.32,,,3981,463681.02,84,F1,1,,,,,
2026-07-16,2026-07-16,CM,NSE,STK,759084,INE0CAZ01013,URBANCO,EQ,,,,,URBAN COMPANY LIMITED,133.94,134.65,132.51,132.91,133.0,133.94,,132.91,,,782276,104367596.87,12048,F1,1,,,,,
2026-07-16,2026-07-16,CM,NSE,STK,16888,INE0O0201019,URBAN,SM,,,,,URBAN ENVIRO WASTE MGMT L,134.05,137.0,129.0,129.55,129.55,134.0,,129.55,,,9600,1270560.0,11,F1,800,,,,,
2026-07-16,2026-07-16,CM,NSE,STK,20203,INE550C01020,URJA,EQ,,,,,URJA GLOBAL LIMITED,9.5,9.52,9.42,9.45,9.45,9.47,,9.45,,,594141,5622613.78,1737,F1,1,,,,,
2026-07-16,2026-07-16,CM,NSE,STK,25952,INE0LS001014,USHAFIN,SM,,,,,USHA FINANCIAL SERVICES L,33.0,33.0,33.0,33.0,33.0,34.5,,33.0,,,1600,52800.0,1,F1,1600,,,,,
2026-07-16,2026-07-16,CM,NSE,STK,19142,INE240C01028,UMESLTD,EQ,,,,,USHA MARTIN EDU & SOL LTD,5.83,5.85,5.51,5.55,5.6,5.75,,5.55,,,39703,224111.48,108,F1,1,,,,,
2026-07-16,2026-07-16,CM,NSE,STK,8840,INE228A01035,USHAMART,EQ,,,,,USHA MARTIN LTD.,498.0,503.85,493.35,500.25,500.0,497.15,,500.2,,,381317,190531744.05,22228,F1,1,,,,,
2026-07-16,2026-07-16,CM,NSE,STK,4214,INE00NI01015,UCL,ST,,,,,USHANTI COLOUR CHEM LTD,179.0,179.0,179.0,179.0,179.0,182.65,,179.0,,,2000,358000.0,1,F1,2000,,,,,
2026-07-16,2026-07-16,CM,NSE,STK,527,INE094J01016,UTIAMC,EQ,,,,,UTI ASSET MNGMT CO LTD,968.4,969.9,932.5,936.5,934.45,968.75,,936.3,,,341165,323134829.9,15018,F1,1,,,,,
2026-07-16,2026-07-16,CM,NSE,STK,22440,INF789F1AUV1,BANKBETA,EQ,,,,,UTIAMC-BANKBETA,59.91,59.91,59.38,59.59,59.5,59.67,,59.59,,,153863,9145610.65,471,F1,1,,,,,
2026-07-16,2026-07-16,CM,NSE,STK,22524,INF789F1AZF3,GILT10BETA,EQ,,,,,UTIAMC-GILT10BETA,26.79,26.86,26.71,26.84,26.84,26.79,,26.84,,,58,1554.55,10,F1,1,,,,,
2026-07-16,2026-07-16,CM,NSE,STK,22521,INF789F1AZE6,GILT5BETA,EQ,,,,,UTIAMC-GILT5BETA,66.61,66.7,65.4,65.4,66.51,66.61,,65.4,,,355,23440.97,5,F1,1,,,,,
2026-07-16,2026-07-16,CM,NSE,STK,22488,INF789F1AZD8,ITBETA,EQ,,,,,UTIAMC-ITBETA,304.44,305.36,300.91,300.93,302.41,300.5,,300.93,,,1366,415699.0,29,F1,1,,,,,
2026-07-16,2026-07-16,CM,NSE,STK,18347,INF789F1AYX9,MIDCAPBETA,EQ,,,,,UTIAMC-MIDCAPBETA,233.83,235.0,232.34,234.03,234.99,234.32,,234.03,,,1650,385959.46,34,F1,1,,,,,
2026-07-16,2026-07-16,CM,NSE,STK,21478,INF789F1AUW9,NEXT50BETA,EQ,,,,,UTIAMC-NEXT50BETA,78.18,78.25,77.29,77.53,77.96,77.96,,77.53,,,570545,44462485.1,878,F1,1,,,,,
2026-07-16,2026-07-16,CM,NSE,STK,10511,INF789F1AZC0,NIFTYBETA,EQ,,,,,UTIAMC-NIFTYBETA,266.05,268.11,266.05,266.55,267.39,266.42,,266.55,,,12801,3420347.92,371,F1,1,,,,,
2026-07-16,2026-07-16,CM,NSE,STK,10515,INF789FB1X58,SENSEXBETA,EQ,,,,,UTIAMC-SENSEXBETA,854.46,858.97,852.57,854.33,852.68,850.21,,855.05,,,877,750695.06,145,F1,1,,,,,
2026-07-16,2026-07-16,CM,NSE,STK,15085,INF789F1AYK6,SILVERBETA,EQ,,,,,UTIAMC-SILVERBETA,210.0,210.13,208.17,208.97,209.12,210.64,,208.97,,,482231,100739829.18,3990,F1,1,,,,,
2026-07-16,2026-07-16,CM,NSE,STK,9168,INF789F1AUU3,SNXT50BETA,EQ,,,,,UTIAMC-SNXT50BETA,94.05,94.35,92.6,93.13,93.0,93.65,,93.13,,,1295,121008.23,73,F1,1,,,,,
2026-07-16,2026-07-16,CM,NSE,STK,14535,INF789F1AUX7,GOLDBETA,EQ,,,,,UTIAMC-UTIGOLDBETA,118.6,118.8,118.15,118.7,118.6,118.55,,118.7,,,285548,33836374.0,2258,F1,1,,,,,
2026-07-16,2026-07-16,CM,NSE,STK,751580,INE1V1R01014,UTKAL,SM,,,,,UTKAL SPEC INDUS INDIA L,28.75,28.75,28.75,28.75,28.75,27.4,,28.75,,,8000,230000.0,3,F1,2000,,,,,
2026-07-16,2026-07-16,CM,NSE,STK,17358,INE735W01017,UTKARSHBNK,EQ,,,,,UTKARSH SMALL FIN BANK L,14.97,15.15,14.8,15.05,14.96,14.97,,15.05,,,3110309,46488412.89,4641,F1,1,,,,,
2026-07-16,2026-07-16,CM,NSE,STK,24729,INE06IJ01010,UTSSAV,ST,,,,,UTSSAV CZ GOLD JEWELS LTD,540.0,552.0,527.3,551.15,550.0,525.75,,551.15,,,82200,44688390.0,97,F1,600,,,,,
2026-07-16,2026-07-16,CM,NSE,STK,13376,INE786F01031,UTTAMSUGAR,EQ,,,,,UTTAM SUGAR MILLS LTD.,231.49,235.2,231.0,234.54,234.0,231.26,,234.55,,,40418,9421823.06,1314,F1,1,,,,,
2026-07-16,2026-07-16,CM,NSE,STK,3188,INE0GXK01018,VMARCIND,SM,,,,,V MARC INDIA LIMITED,284.95,289.05,277.0,283.2,284.0,286.95,,283.2,,,285000,80805075.0,167,F1,1500,,,,,
2026-07-16,2026-07-16,CM,NSE,STK,15362,INE951I01027,VGUARD,EQ,,,,,V-GUARD IND LTD.,304.0,306.1,300.0,301.2,300.75,304.0,,301.3,,,198890,60165594.5,8054,F1,1,,,,,
2026-07-16,2026-07-16,CM,NSE,STK,24609,INE0QXL01015,VLINFRA,ST,,,,,V.L.INFRAPROJECTS LIMITED,26.0,26.4,26.0,26.4,26.4,25.15,,26.4,,,10500,276600.0,7,F1,1500,,,,,
2026-07-16,2026-07-16,CM,NSE,STK,14766,INE945H01021,V2RETAIL,EQ,,,,,V2 RETAIL LIMITED,221.35,225.1,219.62,222.18,222.46,219.95,,222.17,,,590683,131151745.74,8919,F1,1,,,,,
2026-07-16,2026-07-16,CM,NSE,STK,20188,INE956G01038,WABAG,EQ,,,,,VA TECH WABAG LTD,2110.0,2117.2,2045.0,2054.4,2062.0,2100.3,,2054.4,,,864452,1794838318.7,39458,F1,1,,,,,
2026-07-16,2026-07-16,CM,NSE,STK,24196,INE694D01016,VADILALIND,EQ,,,,,VADILAL INDUSTRIES LTD,6640.0,6889.5,6628.0,6782.0,6790.0,6639.5,,6782.0,,,16892,114094332.0,4299,F1,1,,,,,
2026-07-16,2026-07-16,CM,NSE,STK,11364,INE884A01027,VAIBHAVGBL,EQ,,,,,VAIBHAV GLOBAL LIMITED,253.1,258.0,250.2,251.63,251.79,253.13,,251.72,,,240651,61000413.94,4976,F1,1,,,,,
2026-07-16,2026-07-16,CM,NSE,STK,8259,INE0JR301013,MADHAVBAUG,SM,,,,,VAIDYA SANE AYUR LAB LTD,204.9,205.0,201.5,203.85,201.5,204.9,,203.85,,,3600,736560.0,7,F1,400,,,,,
2026-07-16,2026-07-16,CM,NSE,STK,16621,INE972X01022,VAISHALI,BE,,,,,VAISHALI PHARMA LIMITED,7.72,8.1,7.52,7.88,7.71,7.76,,7.88,,,86711,673125.78,156,F1,1,,,,,
2026-07-16,2026-07-16,CM,NSE,STK,13342,INE051B01021,VAKRANGEE,EQ,,,,,VAKRANGEE LIMITED,6.02,6.05,5.97,5.99,5.98,6.02,,5.99,,,1162251,6974668.69,1686,F1,1,,,,,
2026-07-16,2026-07-16,CM,NSE,STK,19220,INE0JWS01017,VALIANTLAB,BE,,,,,VALIANT LABORATORIES LTD,63.67,64.7,62.6,63.6,63.81,63.67,,63.6,,,4167,265647.07,46,F1,1,,,,,
2026-07-16,2026-07-16,CM,NSE,STK,334,INE565V01010,VALIANTORG,BE,,,,,VALIANT ORGANICS LIMITED,273.45,276.0,271.0,271.55,271.05,275.65,,271.65,,,12939,3523517.05,197,F1,1,,,,,
2026-07-16,2026-07-16,CM,NSE,STK,18128,INE879I01012,DBREALTY,BE,,,,,VALOR ESTATE LIMITED,116.87,118.5,113.6,116.04,116.35,116.87,,116.04,,,244513,28463702.61,1221,F1,1,,,,,
2026-07-16,2026-07-16,CM,NSE,STK,763304,INE1E7Y01018,VALUE360,SM,,,,,VALUE 360 COMMUNICATION L,82.45,82.45,78.0,79.2,79.2,81.1,,79.2,,,39600,3166140.0,23,F1,1200,,,,,
2026-07-16,2026-07-16,CM,NSE,STK,13403,INE116G01013,VARDHACRLC,BE,,,,,VARDHAMAN ACRYLICS LTD,44.4,44.4,43.38,43.44,44.0,44.47,,43.44,,,13096,571417.56,126,F1,1,,,,,
2026-07-16,2026-07-16,CM,NSE,STK,11892,INE701A01023,VHL,EQ,,,,,VARDHMAN HOLDINGS LIMITED,3500.0,3600.0,3500.0,3560.6,3551.0,3543.4,,3560.6,,,347,1240865.0,68,F1,1,,,,,
2026-07-16,2026-07-16,CM,NSE,STK,3646,INE835A01029,VARDMNPOLY,EQ,,,,,VARDHMAN POLYTEX LTD.,6.3,6.45,6.3,6.39,6.45,6.26,,6.39,,,159793,1016597.77,408,F1,1,,,,,
2026-07-16,2026-07-16,CM,NSE,STK,27067,INE050M01012,VSSL,EQ,,,,,VARDHMAN SPC STEEL LTD,296.9,308.7,294.0,297.4,299.0,296.1,,297.4,,,302611,91728871.7,7141,F1,1,,,,,
2026-07-16,2026-07-16,CM,NSE,STK,2073,INE825A01020,VTL,EQ,,,,,VARDHMAN TEXTILES LIMITED,635.95,647.5,634.0,635.85,636.0,635.95,,635.85,,,176906,113115286.05,9919,F1,1,,,,,
2026-07-16,2026-07-16,CM,NSE,STK,3857,INE665L01035,VARROC,EQ,,,,,VARROC ENGINEERING LTD.,662.6,673.95,657.0,659.6,657.0,660.55,,659.0,,,89712,59579505.85,7621,F1,1,,,,,
2026-07-16,2026-07-16,CM,NSE,STK,18921,INE200M01039,VBL,EQ,,,,,VARUN BEVERAGES LIMITED,465.45,467.85,462.05,466.55,466.7,464.2,,466.55,,,5854168,2721941139.15,77918,F1,1,,,,,
2026-07-16,2026-07-16,CM,NSE,STK,13771,INE273D01027,VGL,EQ,,,,,VARVEE GLOBAL LIMITED,62.44,63.35,61.11,62.03,63.0,62.0,,61.99,,,16658,1034427.33,631,F1,1,,,,,
2026-07-16,2026-07-16,CM,NSE,STK,16454,INE0N5801013,DENTALKART,SM,,,,,VASA DENTICITY LIMITED,393.35,410.0,385.4,404.85,409.0,388.25,,404.85,,,68250,27312212.5,74,F1,250,,,,,
2026-07-16,2026-07-16,CM,NSE,STK,18114,INE893I01013,VASCONEQ,BE,,,,,VASCON ENGINEERS LTD,32.59,34.15,32.07,34.15,34.15,32.53,,34.15,,,327425,11071504.59,902,F1,1,,,,,
2026-07-16,2026-07-16,CM,NSE,STK,25340,INE590L01019,VASWANI,EQ,,,,,VASWANI IND LTD,54.8,54.8,53.22,53.81,53.94,54.11,,53.73,,,5864,315125.38,173,F1,1,,,,,
2026-07-16,2026-07-16,CM,NSE,STK,9020,INE098201036,VCL,EQ,,,,,VAXTEX COTFAB LIMITED,1.23,1.28,1.15,1.18,1.18,1.24,,1.18,,,391944,470278.17,330,F1,1,,,,,
2026-07-16,2026-07-16,CM,NSE,STK,757413,INE04HY07294,1025VCCL28,N0,,,,,VCCL 10.25% 2028,97000.0,97000.0,96000.0,96000.0,96000.0,98242.89,,96000.0,,,2,193000.0,2,F1,1,,,,,
2026-07-16,2026-07-16,CM,NSE,STK,756916,INE04HY07229,12VCCL29B,N0,,,,,VCCL 12% 2029,99600.0,99900.0,99600.0,99800.0,99700.0,99250.0,,99800.0,,,4,399100.0,4,F1,1,,,,,
2026-07-16,2026-07-16,CM,NSE,STK,760558,INE04HY08011,125VCCL31,N0,,,,,VCCL 12.5% 2031,96500.0,96999.0,96500.0,96999.0,96999.0,97000.0,,96999.0,,,2,193499.0,2,F1,1,,,,,
2026-07-16,2026-07-16,CM,NSE,STK,25054,INE0U2M01015,VDEAL,SM,,,,,VDEAL SYSTEM LIMITED,158.0,159.0,158.0,158.0,158.0,158.5,,158.0,,,3000,474600.0,5,F1,600,,,,,
2026-07-16,2026-07-16,CM,NSE,STK,8167,INE825V01034,MANYAVAR,EQ,,,,,VEDANT FASHIONS LIMITED,401.85,406.95,397.0,399.0,400.1,398.8,,399.1,,,99999,40189515.35,7705,F1,1,,,,,
2026-07-16,2026-07-16,CM,NSE,STK,750174,INE1CDF01017,VAML,EQ,,,,,VEDANTA ALUMINIUM METAL L,452.0,461.8,450.5,455.95,457.2,449.6,,455.95,,,11365814,5189022580.3,154250,F1,1,,,,,
2026-07-16,2026-07-16,CM,NSE,STK,750290,INE1CLE01013,VISL,EQ,,,,,VEDANTA IRON AND STEEL L,33.3,35.0,33.15,34.57,34.67,33.37,,34.57,,,38398016,1315458438.46,62851,F1,1,,,,,
2026-07-16,2026-07-16,CM,NSE,STK,3063,INE205A01025,VEDL,EQ,,,,,VEDANTA LIMITED,261.0,262.4,256.1,257.9,258.4,260.55,,257.9,,,15712716,4069253584.7,132476,F1,1,,,,,
2026-07-16,2026-07-16,CM,NSE,STK,750368,INE704J01044,VOGL,EQ,,,,,VEDANTA OIL AND GAS LTD,36.5,37.2,36.2,36.42,36.49,36.69,,36.42,,,39155040,1434652868.28,57543,F1,1,,,,,
2026-07-16,2026-07-16,CM,NSE,STK,750518,INE694L01019,VEDPOWER,EQ,,,,,VEDANTA POWER LIMITED,39.23,40.05,39.06,39.33,39.4,39.18,,39.33,,,17604386,694608961.7,44290,F1,1,,,,,
2026-07-16,2026-07-16,CM,NSE,STK,14019,INE484C01030,VEEDOL,EQ,,,,,VEEDOL CORPORATION LTD,1448.3,1458.0,1442.6,1448.9,1445.1,1445.4,,1448.8,,,9905,14350397.0,1125,F1,1,,,,,
2026-07-16,2026-07-16,CM,NSE,STK,762969,INE232E01013,VELJAN,BE,,,,,VELJAN DENISON LTD.,1805.1,1829.9,1776.0,1792.7,1792.0,1836.6,,1792.7,,,166,298981.3,26,F1,1,,,,,
2026-07-16,2026-07-16,CM,NSE,STK,3757,INE398A01010,VENKEYS,EQ,,,,,VENKY S (INDIA) LIMITED,1506.0,1513.7,1475.0,1480.7,1475.0,1498.1,,1480.8,,,13817,20620664.1,1571,F1,1,,,,,
2026-07-16,2026-07-16,CM,NSE,STK,28847,INE781S01027,VENTIVE,EQ,,,,,VENTIVE HOSPITALITY LTD,613.95,621.0,612.0,613.5,613.9,617.0,,613.5,,,10677,6574426.8,907,F1,1,,,,,
2026-07-16,2026-07-16,CM,NSE,STK,9592,INE0JA001018,VENUSPIPES,EQ,,,,,VENUS PIPES & TUBES LTD,1788.6,1828.0,1755.0,1813.0,1828.0,1767.7,,1813.1,,,108186,193562314.1,9364,F1,1,,,,,
2026-07-16,2026-07-16,CM,NSE,STK,13856,INE411B01019,VENUSREM,BE,,,,,VENUS REMEDIES LIMITED,1844.1,1849.0,1775.0,1788.5,1800.0,1843.8,,1788.7,,,19968,36051415.8,1481,F1,1,,,,,
2026-07-16,2026-07-16,CM,NSE,STK,8890,INE0IQ001011,VERANDA,EQ,,,,,VERANDA LEARNING SOL LTD,228.9,229.49,223.4,226.14,227.9,228.92,,226.14,,,253787,57265197.72,3311,F1,1,,,,,
2026-07-16,2026-07-16,CM,NSE,STK,23775,INE0SRI01019,VERITAAS,SM,,,,,VERITAAS ADVERTISING LTD,36.3,36.3,36.3,36.3,36.3,38.15,,36.3,,,1200,43560.0,1,F1,1200,,,,,
2026-07-16,2026-07-16,CM,NSE,STK,18865,INE188Y01031,VERTOZ,BE,,,,,VERTOZ LIMITED,37.5,38.9,36.2,37.36,37.84,37.53,,37.36,,,23923,894823.31,214,F1,1,,,,,
2026-07-16,2026-07-16,CM,NSE,STK,3676,INE386A01023,VESUVIUS,EQ,,,,,VESUVIUS INDIA LTD,469.75,475.0,465.0,468.45,467.0,466.5,,468.45,,,137228,64494097.05,5877,F1,1,,,,,
2026-07-16,2026-07-16,CM,NSE,STK,8660,INE918N01018,VETO,BE,,,,,VETO SWITCHGEAR CABLE LTD,132.75,132.75,128.91,129.12,130.36,131.4,,129.12,,,19324,2519232.02,193,F1,1,,,,,
2026-07-16,2026-07-16,CM,NSE,STK,14316,INE0MO401019,VIAZ,SM,,,,,VIAZ TYRES LIMITED,60.0,60.0,60.0,60.0,60.0,62.4,,60.0,,,2000,120000.0,1,F1,2000,,,,,
2026-07-16,2026-07-16,CM,NSE,STK,22730,INE0QTF01015,VSTL,EQ,,,,,VIBHOR STEEL TUBES LTD,112.55,113.45,108.8,111.44,111.03,112.96,,111.44,,,9592,1066216.93,311,F1,1,,,,,
2026-07-16,2026-07-16,CM,NSE,STK,23386,INE048C01025,VHLTD,BE,,,,,VICEROY HOTELS LIMITED,131.94,131.94,129.0,130.49,130.5,130.0,,130.03,,,1047,136006.93,44,F1,1,,,,,
2026-07-16,2026-07-16,CM,NSE,STK,760694,INE0F8901022,VICTORYEV,ST,,,,,VICTORY ELEC VEHICL INT L,16.1,16.8,16.1,16.1,16.1,16.9,,16.1,,,24000,389550.0,8,F1,3000,,,,,
2026-07-16,2026-07-16,CM,NSE,STK,13536,INE632C01026,VIDHIING,EQ,,,,,VIDHI SPCLTY F INGRDNTS L,320.0,320.0,295.1,297.2,295.1,313.05,,297.2,,,39913,12333659.35,1853,F1,1,,,,,
2026-07-16,2026-07-16,CM,NSE,STK,760224,INE14UN01029,VIDYAWIRES,EQ,,,,,VIDYA WIRES LIMITED,94.6,94.85,93.32,94.35,94.6,94.14,,94.38,,,436577,41080580.75,4304,F1,1,,,,,
2026-07-16,2026-07-16,CM,NSE,STK,758908,INE1DM601016,VIGOR,ST,,,,,VIGOR PLAST INDIA LIMITED,111.95,114.4,107.1,107.75,109.0,109.0,,107.75,,,52800,5924400.0,32,F1,1600,,,,,
2026-07-16,2026-07-16,CM,NSE,STK,5585,INE043W01024,VIJAYA,EQ,,,,,VIJAYA DIAGNOSTIC CEN LTD,1397.3,1440.0,1359.4,1412.5,1440.0,1389.4,,1412.6,,,390825,547091625.5,32239,F1,1,,,,,
2026-07-16,2026-07-16,CM,NSE,STK,760121,INE0WL901019,VIJAYPD,SM,,,,,VIJAYPD CEUTICAL LIMITED,80.0,81.0,74.75,75.75,74.8,78.0,,75.75,,,32000,2462300.0,14,F1,2000,,,,,
2026-07-16,2026-07-16,CM,NSE,STK,17695,INE159N01027,VIJIFIN,BE,,,,,VIJI FINANCE LIMITED,8.26,8.26,8.26,8.26,8.26,8.1,,8.32,,,112952,932983.52,47,F1,1,,,,,
2026-07-16,2026-07-16,CM,NSE,STK,25756,INE806A01020,VIKASECO,EQ,,,,,VIKAS ECOTECH LIMITED,1.2,1.21,1.17,1.17,1.19,1.19,,1.17,,,2501579,2974231.59,1032,F1,1,,,,,
2026-07-16,2026-07-16,CM,NSE,STK,9931,INE161L01027,VIKASLIFE,EQ,,,,,VIKAS LIFECARE LIMITED,1.39,1.4,1.36,1.36,1.37,1.38,,1.36,,,2425797,3328710.64,9517,F1,1,,,,,
2026-07-16,2026-07-16,CM,NSE,STK,759453,INE078V01014,VIKRAMSOLR,EQ,,,,,VIKRAM SOLAR LIMITED,195.3,198.5,194.1,194.85,194.97,193.83,,194.85,,,1215009,237861102.92,10967,F1,1,,,,,
2026-07-16,2026-07-16,CM,NSE,STK,758973,INE01R501028,VIKRAN,EQ,,,,,VIKRAN ENGINEERING LTD,73.57,74.31,72.41,73.32,73.35,73.24,,73.32,,,1267287,93029874.99,6039,F1,1,,,,,
2026-07-16,2026-07-16,CM,NSE,STK,23909,INE0AZY01017,VILAS,SM,,,,,VILAS TRANSCORE LIMITED,374.0,385.95,374.0,383.6,382.0,372.05,,383.6,,,5750,2177475.0,22,F1,250,,,,,
2026-07-16,2026-07-16,CM,NSE,STK,16954,INE0L4V01013,VILINBIO,SM,,,,,VILIN BIO MED LIMITED,42.25,42.25,42.25,42.25,42.25,44.25,,42.25,,,4000,169000.0,1,F1,4000,,,,,
2026-07-16,2026-07-16,CM,NSE,STK,13101,INE579C01029,VIMTALABS,EQ,,,,,VIMTA LABS LIMITED,579.95,579.95,560.1,564.45,561.0,572.75,,564.45,,,93353,52934099.8,4114,F1,1,,,,,
2026-07-16,2026-07-16,CM,NSE,STK,17364,INE410B01037,VINATIORGA,EQ,,,,,VINATI ORGANICS LTD,1315.2,1326.3,1313.9,1321.5,1323.0,1313.9,,1321.2,,,18626,24591142.4,3037,F1,1,,,,,
2026-07-16,2026-07-16,CM,NSE,STK,3694,INE707A01012,VINDHYATEL,EQ,,,,,VINDHYA TELELINKS LTD,1919.3,1919.3,1820.1,1842.4,1855.0,1899.3,,1842.0,,,36667,67752648.4,4277,F1,1,,,,,
2026-07-16,2026-07-16,CM,NSE,STK,3809,INE505Y01010,VINEETLAB,BE,,,,,VINEET LABORATORIES LTD,36.3,38.14,36.0,38.05,38.0,36.33,,38.05,,,176913,6693295.48,473,F1,1,,,,,
2026-07-16,2026-07-16,CM,NSE,STK,763824,INE27V201011,VMOBILE,ST,,,,,VINIT MOBILE LIMITED,102.95,102.95,102.95,102.95,102.95,108.35,,102.95,,,3200,329440.0,4,F1,800,,,,,
2026-07-16,2026-07-16,CM,NSE,STK,12490,INE01KI01027,VINNY,EQ,,,,,VINNY OVERSEAS LIMITED,1.06,1.11,1.05,1.07,1.09,1.06,,1.07,,,398806,430946.2,200,F1,1,,,,,
2026-07-16,2026-07-16,CM,NSE,STK,17905,INE0OSJ01014,VINSYS,ST,,,,,VINSYS IT SERVICES IND LT,502.0,506.9,500.0,503.8,504.0,503.0,,503.8,,,7750,3900500.0,27,F1,250,,,,,
2026-07-16,2026-07-16,CM,NSE,STK,25835,INE498Q01014,VINCOFE,EQ,,,,,VINTAGE COFFEE N BVRGS L,158.79,162.39,156.85,160.47,160.5,158.79,,160.48,,,1551783,248063574.65,11948,F1,1,,,,,
2026-07-16,2026-07-16,CM,NSE,STK,19206,INE0OLS01010,VINYAS,SM,,,,,VINYAS INNOVATIVE TECH L,1329.85,1363.95,1280.0,1348.0,1348.0,1300.0,,1348.0,,,5100,6744830.0,44,F1,100,,,,,
2026-07-16,2026-07-16,CM,NSE,STK,16821,INE250B01029,VINYLINDIA,EQ,,,,,VINYL CHEMICALS (I) LTD.,253.15,253.4,249.0,251.2,250.0,252.05,,251.2,,,6822,1713953.35,314,F1,1,,,,,
2026-07-16,2026-07-16,CM,NSE,STK,14847,INE450G01024,VIPCLOTHNG,BE,,,,,VIP CLOTHING LIMITED,22.47,22.47,22.19,22.19,22.19,22.43,,22.19,,,37352,832310.63,178,F1,1,,,,,
2026-07-16,2026-07-16,CM,NSE,STK,3703,INE054A01027,VIPIND,EQ,,,,,VIP INDUSTRIES LTD,304.0,305.2,296.1,296.95,296.9,303.8,,296.95,,,132251,39592276.6,2810,F1,1,,,,,
2026-07-16,2026-07-16,CM,NSE,STK,8437,INE946H01037,VIPULLTD,BE,,,,,VIPUL LIMITED,17.3,17.32,16.46,16.46,16.46,17.32,,16.46,,,391679,6612385.23,730,F1,1,,,,,
2026-07-16,2026-07-16,CM,NSE,STK,15295,INE539B01017,VIRINCHI,EQ,,,,,VIRINCHI LIMITED,15.65,15.8,15.25,15.43,15.42,15.4,,15.43,,,36294,559280.68,131,F1,1,,,,,
2026-07-16,2026-07-16,CM,NSE,STK,757060,INE0VRH01015,VGINFOTECH,SM,,,,,VIRTUAL GALAXY INFOTECH L,150.0,150.95,146.5,150.1,150.25,147.55,,150.1,,,46000,6832550.0,42,F1,1000,,,,,
2026-07-16,2026-07-16,CM,NSE,STK,761916,INE0I0T01010,VOEPL,EQ,,,,,VIRTUOSO OPTOELECTRONIC L,457.45,487.6,449.0,470.75,474.6,456.15,,470.75,,,106309,50130284.3,4744,F1,1,,,,,
2026-07-16,2026-07-16,CM,NSE,STK,13298,INE286H01012,VISACHROME,BE,,,,,VISA CHROME LIMITED,40.14,40.94,39.02,40.79,40.94,39.95,,40.79,,,16468,661685.88,90,F1,1,,,,,
2026-07-16,2026-07-16,CM,NSE,STK,29877,INE370E01029,VIVIDHA,EQ,,,,,VISAGAR POLYTEX LTD,0.52,0.53,0.51,0.52,0.53,0.51,,0.52,,,243270,127256.8,138,F1,1,,,,,
2026-07-16,2026-07-16,CM,NSE,STK,4221,INE392A01021,VISAKAIND,EQ,,,,,VISAKA INDUSTRIES LIMITED,83.5,84.59,82.0,82.44,82.0,83.57,,82.45,,,87682,7291739.45,1299,F1,1,,,,,
2026-07-16,2026-07-16,CM,NSE,STK,27969,INE01EA01019,VMM,EQ,,,,,VISHAL MEGA MART LIMITED,115.06,115.06,112.11,112.46,112.58,113.94,,112.46,,,4541766,513214211.59,23327,F1,1,,,,,
2026-07-16,2026-07-16,CM,NSE,STK,6908,INE270I01022,VISHNU,EQ,,,,,VISHNU CHEMICALS LIMITED,625.0,634.7,617.25,620.6,622.0,625.6,,620.1,,,55675,34768819.8,2946,F1,1,,,,,
2026-07-16,2026-07-16,CM,NSE,STK,18343,INE0AE001013,VPRPL,BE,,,,,VISHNU PRAKASH R PUNGLI L,26.31,26.31,25.79,25.83,25.83,26.31,,25.8,,,127126,3289040.17,388,F1,1,,,,,
2026-07-16,2026-07-16,CM,NSE,STK,19300,INE0PQ001012,VISHNUINFR,SM,,,,,VISHNUSURYA PROJ N INFR L,160.0,160.0,158.2,160.0,160.0,160.0,,160.0,,,5000,798100.0,7,F1,500,,,,,
2026-07-16,2026-07-16,CM,NSE,STK,13702,INE430N01022,VISHWARAJ,EQ,,,,,VISHWARAJ SUGAR IND LTD,5.41,5.44,5.36,5.37,5.38,5.41,,5.37,,,72267,388764.63,227,F1,1,,,,,
2026-07-16,2026-07-16,CM,NSE,STK,25231,INE0TR001017,VIESL,SM,,,,,VISION INFRA EQUIP SOL L,309.25,325.0,307.5,315.85,316.0,308.5,,315.85,,,20800,6580880.0,25,F1,800,,,,,
2026-07-16,2026-07-16,CM,NSE,STK,761150,INE0L4K01016,VITAL,BE,,,,,VITAL CHEMTECH LIMITED,51.8,51.8,51.8,51.8,51.8,52.85,,51.8,,,1431,74125.8,7,F1,1,,,,,
2026-07-16,2026-07-16,CM,NSE,STK,763637,INE0MEG01014,VIVIANA,BE,,,,,VIVIANA POWER TECH LTD,770.0,777.95,756.0,767.0,773.0,769.45,,767.0,,,5486,4223319.7,242,F1,1,,,,,
2026-07-16,2026-07-16,CM,NSE,STK,761771,INE24H301028,VIVIDEL,ST,,,,,VIVID ELECTROMECH LIMITED,1325.0,1338.0,1256.4,1271.4,1262.6,1316.65,,1271.4,,,17280,22386384.0,58,F1,240,,,,,
2026-07-16,2026-07-16,CM,NSE,STK,11968,INE526G01021,VIVIMEDLAB,BE,,,,,VIVIMED LABS LIMITED,5.22,5.22,5.05,5.08,5.09,5.22,,5.08,,,70365,360501.4,146,F1,1,,,,,
2026-07-16,2026-07-16,CM,NSE,STK,14296,INE807F01027,VIYASH,EQ,,,,,VIYASH SCIENTIFIC LIMITED,281.55,284.55,276.0,277.05,276.9,280.45,,277.05,,,870576,243291005.65,18258,F1,1,,,,,
2026-07-16,2026-07-16,CM,NSE,STK,18021,INE03HW01020,VLEGOV,BE,,,,,VL E GOV AND IT SOL LTD,11.81,11.81,11.81,11.81,11.81,12.05,,11.73,,,8975,105994.75,59,F1,1,,,,,
2026-07-16,2026-07-16,CM,NSE,STK,3715,INE709A01018,VLSFINANCE,EQ,,,,,VLS FINANCE LTD,252.7,254.35,251.05,251.5,251.55,252.25,,251.5,,,4516,1138890.25,515,F1,1,,,,,
2026-07-16,2026-07-16,CM,NSE,STK,29284,INE665J01013,VMART,EQ,,,,,VMART RETAIL LTD,748.0,758.0,742.55,748.0,750.0,747.7,,748.0,,,61103,45803137.0,4167,F1,1,,,,,
2026-07-16,2026-07-16,CM,NSE,STK,759153,INE0SJA01013,VMSTMT,BE,,,,,VMS TMT LIMITED,44.86,45.98,44.52,45.23,45.5,44.86,,45.21,,,13188,593717.89,116,F1,1,,,,,
2026-07-16,2026-07-16,CM,NSE,STK,14366,INE669E01016,IDEA,EQ,,,,,VODAFONE IDEA LIMITED,13.79,14.05,13.76,13.89,13.88,13.67,,13.89,,,299979019,4168120286.58,347939,F1,1,,,,,
2026-07-16,2026-07-16,CM,NSE,STK,29658,INE241X01014,VOLERCAR,SM,,,,,VOLER CAR LIMITED,225.0,226.45,217.5,224.75,224.75,217.6,,224.75,,,7200,1597400.0,9,F1,800,,,,,
2026-07-16,2026-07-16,CM,NSE,STK,13577,INE540H01012,VOLTAMP,EQ,,,,,VOLTAMP TRANSFORMERS LTD,9410.0,9526.0,9293.0,9398.0,9440.0,9410.0,,9398.0,,,41299,387990557.0,13112,F1,1,,,,,
2026-07-16,2026-07-16,CM,NSE,STK,3718,INE226A01021,VOLTAS,EQ,,,,,VOLTAS LTD,1377.9,1403.0,1369.3,1373.9,1373.0,1377.4,,1373.9,,,865613,1195854863.8,26241,F1,1,,,,,
2026-07-16,2026-07-16,CM,NSE,STK,24321,INE0S2V01010,VRAJ,EQ,,,,,VRAJ IRON AND STEEL LTD,146.79,147.39,145.0,146.15,145.33,144.73,,146.1,,,123888,18056352.71,1476,F1,1,,,,,
2026-07-16,2026-07-16,CM,NSE,STK,8696,INE366I01010,VRLLOG,EQ,,,,,VRL LOGISTICS LIMITED,231.7,234.0,228.6,229.94,230.0,230.14,,229.95,,,51426,11846257.52,1527,F1,1,,,,,
2026-07-16,2026-07-16,CM,NSE,STK,3724,INE710A01016,VSTIND,EQ,,,,,VST INDUSTRIES LTD,233.8,235.95,232.05,235.15,235.85,232.85,,235.15,,,248090,58119517.3,3999,F1,1,,,,,
2026-07-16,2026-07-16,CM,NSE,STK,24292,INE764D01017,VSTTILLERS,EQ,,,,,VST TILLERS TRACTORS LTD,4591.5,4645.0,4551.0,4596.4,4609.0,4607.8,,4596.2,,,5151,23672332.2,1699,F1,1,,,,,
2026-07-16,2026-07-16,CM,NSE,STK,762978,INE765D01022,WPIL,EQ,,,,,W P I L LTD.,464.95,464.95,452.0,455.05,452.15,458.6,,455.15,,,23630,10800807.45,1448,F1,1,,,,,
2026-07-16,2026-07-16,CM,NSE,STK,14828,INE100D01014,WSI,EQ,,,,,W.S.INDUSTRIES (I) LTD.,63.82,63.84,60.5,61.66,62.54,63.1,,61.66,,,111072,6820771.44,646,F1,1,,,,,
2026-07-16,2026-07-16,CM,NSE,STK,25907,INE377N01017,WAAREEENER,EQ,,,,,WAAREE ENERGIES LIMITED,2823.1,2848.0,2802.1,2830.3,2835.0,2812.8,,2830.3,,,431763,1220519424.3,24522,F1,1,,,,,
2026-07-16,2026-07-16,CM,NSE,STK,756038,INE299N01021,WAAREERTL,EQ,,,,,WAAREE RENEWABLE TECH LTD,995.9,1020.1,987.6,1003.2,1012.0,993.9,,1003.0,,,122454,122006400.2,5909,F1,1,,,,,
2026-07-16,2026-07-16,CM,NSE,STK,760259,INE0E7301029,WAKEFIT,EQ,,,,,WAKEFIT INNOVATIONS LTD,130.52,132.88,128.35,130.5,130.85,130.52,,130.5,,,189934,24867497.65,4024,F1,1,,,,,
2026-07-16,2026-07-16,CM,NSE,STK,3736,INE711A01022,WALCHANNAG,EQ,,,,,WALCHANDNAGAR INDUSTRIES,249.9,251.4,244.2,249.85,249.85,248.2,,249.85,,,577955,143135558.15,7512,F1,1,,,,,
2026-07-16,2026-07-16,CM,NSE,STK,14063,INE107F01022,WANBURY,EQ,,,,,WANBURY LIMITED,346.95,357.4,338.95,343.2,342.0,344.75,,343.2,,,911919,317469177.35,18902,F1,1,,,,,
2026-07-16,2026-07-16,CM,NSE,STK,762163,INE0LZF01013,CORDELIA,EQ,,,,,WATERWAYS LEISURE TOUR L,812.85,828.9,795.85,817.65,823.0,808.85,,817.5,,,301718,246393097.5,9410,F1,1,,,,,
2026-07-16,2026-07-16,CM,NSE,STK,9865,INE082W01014,WEWIN,BE,,,,,WE WIN LIMITED,48.0,48.0,45.28,47.49,47.49,46.18,,47.49,,,1021,46972.73,20,F1,1,,,,,
2026-07-16,2026-07-16,CM,NSE,STK,760482,INF2F0001370,TWCGOLDETF,EQ,,,,,WEALTH - TWCGOLDETF,140.75,140.89,139.26,140.79,140.89,140.57,,140.79,,,40,5627.3,16,F1,1,,,,,
2026-07-16,2026-07-16,CM,NSE,STK,1923,INE658T01017,WEALTH,EQ,,,,,WEALTH FRST PORT. MG. LTD,958.75,966.9,956.4,965.05,965.8,952.15,,965.05,,,1018,982117.7,133,F1,1,,,,,
2026-07-16,2026-07-16,CM,NSE,STK,14602,INE855C01023,WEBELSOLAR,EQ,,,,,WEBSOL ENERGY SYSTEM LTD,98.74,102.4,98.74,99.33,99.74,98.22,,99.32,,,2249090,225958446.74,13495,F1,1,,,,,
2026-07-16,2026-07-16,CM,NSE,STK,3748,INE080A01014,WEIZMANIND,EQ,,,,,WEIZMANN LTD,81.0,81.0,79.0,79.0,79.0,79.06,,79.0,,,1217,96770.43,52,F1,1,,,,,
2026-07-16,2026-07-16,CM,NSE,STK,11821,INE191B01025,WELCORP,EQ,,,,,WELSPUN CORP LIMITED,1694.0,1695.5,1658.9,1684.0,1675.0,1680.1,,1684.0,,,1292578,2171455316.7,47005,F1,1,,,,,
2026-07-16,2026-07-16,CM,NSE,STK,11626,INE625G01013,WELENT,EQ,,,,,WELSPUN ENTERPRISES LTD.,627.0,634.9,621.6,625.25,626.45,625.85,,625.15,,,109465,68806423.1,5695,F1,1,,,,,
2026-07-16,2026-07-16,CM,NSE,STK,19804,INE389K01018,WELINV,BE,,,,,WELSPUN INV & COMM LTD,1916.0,1916.0,1855.1,1855.2,1855.2,1825.0,,1855.2,,,156,294236.9,26,F1,1,,,,,
2026-07-16,2026-07-16,CM,NSE,STK,11253,INE192B01031,WELSPUNLIV,EQ,,,,,WELSPUN LIVING LIMITED,167.0,169.24,163.0,164.8,164.85,165.89,,164.8,,,1315974,218214492.97,17892,F1,1,,,,,
2026-07-16,2026-07-16,CM,NSE,STK,762971,INE731F01037,WELSPLSOL,EQ,,,,,WELSPUN SPECIALTY SOL L,53.75,53.99,52.65,53.41,53.88,53.64,,53.41,,,218934,11647112.12,1618,F1,1,,,,,
2026-07-16,2026-07-16,CM,NSE,STK,4235,INE274C01019,WENDT,EQ,,,,,WENDT (INDIA) LIMITED,7786.5,7886.0,7705.5,7781.5,7785.0,7778.5,,7781.0,,,3037,23699577.5,1195,F1,1,,,,,
2026-07-16,2026-07-16,CM,NSE,STK,3799,INE976A01021,WSTCSTPAPR,EQ,,,,,WEST COAST PAPER MILLS LT,531.5,538.9,522.1,526.25,526.95,531.5,,526.25,,,47562,25117613.05,2569,F1,1,,,,,
2026-07-16,2026-07-16,CM,NSE,STK,25403,INE0CJF01024,WCIL,EQ,,,,,WESTERN CARRIERS (IND) L,95.05,96.3,94.0,95.17,95.7,95.28,,95.17,,,50002,4747643.7,827,F1,1,,,,,
2026-07-16,2026-07-16,CM,NSE,STK,11580,INE274F01020,WESTLIFE,EQ,,,,,WESTLIFE FOODWORLD LTD,479.2,484.8,470.1,473.05,470.1,475.65,,473.25,,,23951,11334066.0,2573,F1,1,,,,,
2026-07-16,2026-07-16,CM,NSE,STK,759434,INE085001019,WEWORK,EQ,,,,,WEWORK INDIA MANAGEMENT L,726.0,735.15,712.15,728.05,734.0,720.7,,728.05,,,546095,394971329.1,28673,F1,1,,,,,
2026-07-16,2026-07-16,CM,NSE,STK,3766,INE715A01015,WHEELS,EQ,,,,,WHEELS INDIA LTD,1492.6,1495.1,1459.6,1483.0,1490.0,1477.6,,1482.9,,,48036,70976478.1,4503,F1,1,,,,,
2026-07-16,2026-07-16,CM,NSE,STK,18011,INE716A01013,WHIRLPOOL,EQ,,,,,WHIRLPOOL OF INDIA LTD,780.3,805.0,774.2,777.1,782.05,777.05,,777.1,,,478024,376221754.2,28335,F1,1,,,,,
2026-07-16,2026-07-16,CM,NSE,STK,3772,INE210A01017,WILLAMAGOR,EQ,,,,,WILLIAMSON MAGOR,26.67,26.67,25.7,25.76,25.74,26.66,,25.76,,,1010,26007.72,30,F1,1,,,,,
2026-07-16,2026-07-16,CM,NSE,STK,5366,INE0H5O01029,WINDLAS,EQ,,,,,WINDLAS BIOTECH LIMITED,838.3,869.95,831.05,850.25,849.5,840.15,,850.25,,,105165,89456654.85,7667,F1,1,,,,,
2026-07-16,2026-07-16,CM,NSE,STK,24969,INE052A01021,WINDMACHIN,EQ,,,,,WINDSOR MACHINES LIMITED,311.0,315.0,296.45,306.65,307.0,311.7,,306.65,,,111303,33762470.9,4336,F1,1,,,,,
2026-07-16,2026-07-16,CM,NSE,STK,24173,INE0S9101013,WINNY,SM,,,,,WINNY IMMIGRA & EDU SER L,33.95,33.95,33.95,33.95,33.95,35.7,,33.95,,,500,16975.0,1,F1,500,,,,,
2026-07-16,2026-07-16,CM,NSE,STK,23714,INE0S3D01016,WINSOL,SM,,,,,WINSOL ENGINEERS LIMITED,122.9,124.7,116.5,121.85,124.7,119.0,,121.85,,,4400,527860.0,11,F1,400,,,,,
2026-07-16,2026-07-16,CM,NSE,STK,14757,INE784B01035,WINSOME,BZ,,,,,WINSOME YARNS LIMITED,2.17,2.17,2.17,2.17,2.17,2.13,,2.17,,,138536,300623.12,19,F1,1,,,,,
2026-07-16,2026-07-16,CM,NSE,STK,3787,INE075A01022,WIPRO,EQ,,,,,WIPRO LTD,175.6,177.99,175.41,177.74,177.7,174.65,,177.74,,,11184572,1984243742.85,77793,F1,1,,,,,
2026-07-16,2026-07-16,CM,NSE,STK,22725,INE623Y01011,WTICAB,SM,,,,,WISE TRAVEL INDIA LIMITED,137.05,137.85,131.0,131.0,131.0,136.4,,131.0,,,20000,2677575.0,29,F1,500,,,,,
2026-07-16,2026-07-16,CM,NSE,STK,7506,INE049B01025,WOCKPHARMA,EQ,,,,,WOCKHARDT LIMITED,1896.0,1919.9,1861.8,1876.4,1876.0,1890.2,,1876.4,,,403379,761244010.6,20840,F1,1,,,,,
2026-07-16,2026-07-16,CM,NSE,STK,25605,INE0OO201011,WOL3D,ST,,,,,WOL 3D INDIA LIMITED,123.4,129.5,123.4,129.5,129.5,123.35,,129.5,,,13000,1668800.0,13,F1,1000,,,,,
2026-07-16,2026-07-16,CM,NSE,STK,19627,INE0Q9601016,WOMANCART,SM,,,,,WOMANCART LIMITED,106.95,106.95,100.0,101.0,101.8,104.3,,101.0,,,38800,3973080.0,75,F1,400,,,,,
2026-07-16,2026-07-16,CM,NSE,STK,7835,INE02WG01024,WEL,EQ,,,,,WONDER ELECTRICALS LTD,101.38,102.99,101.25,101.43,101.59,101.28,,101.39,,,31087,3158340.84,327,F1,1,,,,,
2026-07-16,2026-07-16,CM,NSE,STK,3002,INE066O01014,WONDERLA,EQ,,,,,WONDERLA HOLIDAYS LTD.,470.6,473.45,466.2,470.25,469.85,470.15,,470.55,,,34340,16108895.5,2441,F1,1,,,,,
2026-07-16,2026-07-16,CM,NSE,STK,22277,INE196Y01018,WORTHPERI,EQ,,,,,WORTH PERIPHERALS LIMITED,143.12,146.0,141.5,142.55,142.98,143.12,,142.57,,,11367,1636360.72,136,F1,1,,,,,
2026-07-16,2026-07-16,CM,NSE,STK,11705,INE692G01013,XCHANGING,EQ,,,,,XCHANGING SOLUTIONS LTD,65.0,66.5,64.75,65.22,65.4,65.0,,65.22,,,90653,5931790.82,1204,F1,1,,,,,
2026-07-16,2026-07-16,CM,NSE,STK,8477,INE01P501012,XELPMOC,EQ,,,,,XELPMOC DESIGN & TECH LTD,84.0,84.19,80.32,83.12,83.68,81.31,,83.14,,,6401,524551.26,350,F1,1,,,,,
2026-07-16,2026-07-16,CM,NSE,STK,11407,INE445C01015,XPROINDIA,EQ,,,,,XPRO INDIA LIMITED,1424.0,1424.0,1385.7,1399.7,1397.7,1393.2,,1399.7,,,20988,29363467.1,2056,F1,1,,,,,
2026-07-16,2026-07-16,CM,NSE,STK,25235,INE547B01028,XTGLOBAL,EQ,,,,,XTGLOBAL INFOTECH LIMITED,28.5,29.0,28.0,28.17,28.0,28.4,,28.17,,,32851,940596.97,175,F1,1,,,,,
2026-07-16,2026-07-16,CM,NSE,STK,760873,INE0U0J01015,YAAP,ST,,,,,YAAP DIGITAL LIMITED,154.0,157.4,154.0,157.4,157.4,149.95,,157.4,,,34000,5274300.0,22,F1,1000,,,,,
2026-07-16,2026-07-16,CM,NSE,STK,23451,INE0TO601017,YASHOPTICS,SM,,,,,YASH OPTICS & LENS LTD,118.5,118.5,118.0,118.0,118.0,117.35,,118.0,,,4800,568360.0,5,F1,800,,,,,
2026-07-16,2026-07-16,CM,NSE,STK,18131,INE616Z01012,YASHO,EQ,,,,,YASHO INDUSTRIES LIMITED,3017.2,3045.7,2970.8,3000.4,3000.1,2996.5,,3000.3,,,13756,41402596.1,2151,F1,1,,,,,
2026-07-16,2026-07-16,CM,NSE,STK,17627,INE08S201019,YCCL,SM,,,,,YASONS CHEMEX CARE LTD,9.8,9.8,9.8,9.8,9.8,10.5,,9.8,,,3000,29400.0,1,F1,3000,,,,,
2026-07-16,2026-07-16,CM,NSE,STK,17738,INE0JO301016,YATHARTH,EQ,,,,,YATHARTH HOSP & TRA C S L,841.3,864.6,841.0,859.3,861.1,841.3,,859.2,,,234998,200981512.15,14523,F1,1,,,,,
2026-07-16,2026-07-16,CM,NSE,STK,18760,INE0JR601024,YATRA,EQ,,,,,YATRA ONLINE LIMITED,112.95,112.95,108.1,109.03,108.98,111.1,,109.02,,,729928,80142456.41,5437,F1,1,,,,,
2026-07-16,2026-07-16,CM,NSE,STK,11915,INE528G01035,YESBANK,EQ,,,,,YES BANK LIMITED,23.8,23.87,23.58,23.75,23.76,23.6,,23.75,,,53414170,1268018822.89,70378,F1,1,,,,,
2026-07-16,2026-07-16,CM,NSE,STK,18040,INE09FA01019,YUDIZ,SM,,,,,YUDIZ SOLUTIONS LIMITED,24.0,24.0,23.25,23.25,23.25,24.45,,23.25,,,4000,94040.0,5,F1,800,,,,,
2026-07-16,2026-07-16,CM,NSE,STK,5501,INE384C01016,YUKEN,EQ,,,,,YUKEN INDIA LIMITED,748.6,768.0,747.95,756.55,768.0,752.35,,756.7,,,14260,10743711.85,616,F1,1,,,,,
2026-07-16,2026-07-16,CM,NSE,STK,4229,INE116C01012,ZFSTEERING,EQ,,,,,Z F STEERING GEAR (I) LTD,693.6,697.4,687.0,688.0,688.05,686.05,,688.0,,,5658,3895755.75,133,F1,1,,,,,
2026-07-16,2026-07-16,CM,NSE,STK,23976,INE0ISZ01012,ZTECH,SM,,,,,Z-TECH (INDIA) LIMITED,574.9,594.0,568.0,576.65,578.0,560.75,,576.65,,,8400,4863525.0,27,F1,300,,,,,
2026-07-16,2026-07-16,CM,NSE,STK,18608,INE07K301024,ZAGGLE,EQ,,,,,ZAGGLE PREPA OCEAN SER L,214.0,215.0,208.95,210.53,210.37,211.96,,210.59,,,293076,61948919.76,4978,F1,1,,,,,
2026-07-16,2026-07-16,CM,NSE,STK,17766,INE0PPS01018,ZEAL,SM,,,,,ZEAL GLOBAL SERVICES LTD,68.65,68.65,65.6,65.6,65.6,65.6,,65.6,,,2400,161190.0,4,F1,600,,,,,
2026-07-16,2026-07-16,CM,NSE,STK,3812,INE256A01028,ZEEL,EQ,,,,,ZEE ENTERTAINMENT ENT LTD,101.93,106.49,100.14,105.82,105.6,101.85,,105.82,,,39701486,4153642108.52,107580,F1,1,,,,,
2026-07-16,2026-07-16,CM,NSE,STK,20856,INE565L01011,ZEELEARN,BE,,,,,ZEE LEARN LIMITED,8.95,8.95,8.64,8.66,8.7,8.8,,8.65,,,690588,6014919.43,349,F1,1,,,,,
2026-07-16,2026-07-16,CM,NSE,STK,14003,INE966H01019,ZEEMEDIA,EQ,,,,,ZEE MEDIA CORPORATION LTD,8.15,8.27,8.05,8.18,8.23,8.12,,8.18,,,583694,4780517.2,864,F1,1,,,,,
2026-07-16,2026-07-16,CM,NSE,STK,7508,INE251B01027,ZENTEC,EQ,,,,,ZEN TECHNOLOGIES LIMITED,1829.0,1841.3,1791.3,1809.6,1812.0,1823.1,,1809.5,,,233570,422547823.8,14538,F1,1,,,,,
2026-07-16,2026-07-16,CM,NSE,STK,22803,INE0QWN01013,ZENITHDRUG,SM,,,,,ZENITH DRUGS LIMITED,51.95,51.95,50.1,50.1,50.1,52.45,,50.1,,,1600,81640.0,2,F1,800,,,,,
2026-07-16,2026-07-16,CM,NSE,STK,4176,INE058B01018,ZENITHEXPO,EQ,,,,,ZENITH EXPORTS LTD,199.5,207.0,199.5,207.0,207.0,208.36,,207.0,,,2,406.5,2,F1,1,,,,,
2026-07-16,2026-07-16,CM,NSE,STK,14562,INE318D01020,ZENITHSTL,EQ,,,,,ZENITH STEEL PIP IND LTD,5.51,5.62,5.4,5.54,5.55,5.49,,5.54,,,19758,109845.56,115,F1,1,,,,,
2026-07-16,2026-07-16,CM,NSE,STK,1076,INE520A01027,ZENSARTECH,EQ,,,,,ZENSAR TECHNOLOGIES  LTD,520.0,549.8,518.2,531.45,530.0,513.1,,531.45,,,12473289,6657827145.1,165548,F1,1,,,,,
2026-07-16,2026-07-16,CM,NSE,STK,22901,INF0R8F01042,GOLDCASE,EQ,,,,,ZERODHAAMC - GOLDCASE,22.08,22.65,22.08,22.17,22.19,22.16,,22.17,,,6283511,139081067.39,9369,F1,1,,,,,
2026-07-16,2026-07-16,CM,NSE,STK,21750,INF0R8F01034,LIQUIDCASE,EQ,,,,,ZERODHAAMC - LIQUIDCASE,115.02,115.03,115.01,115.01,115.02,115.0,,115.01,,,13548627,1558354042.2,12482,F1,1,,,,,
2026-07-16,2026-07-16,CM,NSE,STK,758705,INF0R8F01133,LTGILTCASE,EQ,,,,,ZERODHAAMC - LTGILTCASE,31.06,31.06,30.39,30.49,30.48,30.45,,30.49,,,29848,910270.62,149,F1,1,,,,,
2026-07-16,2026-07-16,CM,NSE,STK,24077,INF0R8F01059,MID150CASE,EQ,,,,,ZERODHAAMC - MID150CASE,11.92,11.92,11.56,11.58,11.61,11.63,,11.58,,,867115,10067995.85,3044,F1,1,,,,,
2026-07-16,2026-07-16,CM,NSE,STK,759302,INF0R8F01166,NIFTYCASE,EQ,,,,,ZERODHAAMC - NIFTYCASE,9.88,9.88,9.62,9.64,9.65,9.64,,9.64,,,258803,2499321.06,1143,F1,1,,,,,
2026-07-16,2026-07-16,CM,NSE,STK,30274,INF0R8F01091,SILVERCASE,EQ,,,,,ZERODHAAMC - SILVERCASE,22.13,22.13,21.84,21.92,21.94,22.13,,21.92,,,7568752,166000653.52,7450,F1,1,,,,,
2026-07-16,2026-07-16,CM,NSE,STK,758955,INF0R8F01141,SML100CASE,EQ,,,,,ZERODHAAMC - SML100CASE,10.8,11.12,10.8,10.97,10.96,10.97,,10.97,,,862439,9470375.17,1015,F1,1,,,,,
2026-07-16,2026-07-16,CM,NSE,STK,24081,INF0R8F01067,TOP100CASE,EQ,,,,,ZERODHAAMC - TOP100CASE,10.76,10.76,10.5,10.51,10.53,10.5,,10.51,,,401464,4231537.93,855,F1,1,,,,,
2026-07-16,2026-07-16,CM,NSE,STK,16915,INE342J01019,ZFCVINDIA,EQ,,,,,ZF COM VE CTR SYS IND LTD,2375.0,2396.9,2325.5,2330.6,2330.0,2358.6,,2330.7,,,150150,353398912.7,31624,F1,1,,,,,
2026-07-16,2026-07-16,CM,NSE,STK,12412,INE518E01015,ZIMLAB,BE,,,,,ZIM LABORATORIES LIMITED,122.97,122.97,122.97,122.97,122.97,120.56,,123.05,,,13386,1646076.42,40,F1,1,,,,,
2026-07-16,2026-07-16,CM,NSE,STK,3821,INE206B01013,ZODIACLOTH,EQ,,,,,ZODIAC CLOTHING CO. LTD.,81.0,81.78,79.32,79.8,80.39,84.77,,79.8,,,11404,919739.04,287,F1,1,,,,,
2026-07-16,2026-07-16,CM,NSE,STK,7138,INE761Y01019,ZODIAC,BE,,,,,ZODIAC ENERGY LIMITED,267.95,267.95,264.0,264.15,264.0,264.95,,264.35,,,4742,1256536.1,148,F1,1,,,,,
2026-07-16,2026-07-16,CM,NSE,STK,11394,INE358U01012,ZOTA,EQ,,,,,ZOTA HEALTH CARE LIMITED,1382.5,1384.0,1356.4,1370.0,1383.0,1364.8,,1370.0,,,21798,29838556.0,1850,F1,1,,,,,
2026-07-16,2026-07-16,CM,NSE,STK,29050,INE840M01016,ZUARI,EQ,,,,,ZUARI AGRO CHEMICALS LTD,234.72,237.19,234.0,234.8,234.0,235.75,,234.72,,,50533,11894786.18,1457,F1,1,,,,,
2026-07-16,2026-07-16,CM,NSE,STK,3827,INE217A01012,ZUARIIND,EQ,,,,,ZUARI INDUSTRIES LIMITED,267.25,268.35,264.0,265.55,264.65,266.8,,265.55,,,8929,2369417.45,384,F1,1,,,,,
2026-07-16,2026-07-16,CM,NSE,STK,7929,INE010B01027,ZYDUSLIFE,EQ,,,,,ZYDUS LIFESCIENCES LTD,1160.0,1165.3,1146.0,1153.9,1159.0,1156.9,,1153.9,,,982363,1135366578.5,33896,F1,1,,,,,
2026-07-16,2026-07-16,CM,NSE,STK,17635,INE768C01028,ZYDUSWELL,EQ,,,,,ZYDUS WELLNESS LIMITED,576.65,608.0,575.05,601.9,607.0,576.05,,601.95,,,702112,418065681.1,26585,F1,1,,,,,
