observation_date,raw_value,series_id,variable,label,source,transform,value,inflation_score,component_weight,max_age_days,industrial_score,exports_score,rate_support_score,gdp_score
1957-01-01,1.471388,INDCPIALLMINMEI,cpi_yoy_pct,India CPI YoY,FRED/OECD Main Economic Indicators,yoy_pct,,,0.2,548,,,,
1957-02-01,1.471388,INDCPIALLMINMEI,cpi_yoy_pct,India CPI YoY,FRED/OECD Main Economic Indicators,yoy_pct,,,0.2,548,,,,
1957-03-01,1.471388,INDCPIALLMINMEI,cpi_yoy_pct,India CPI YoY,FRED/OECD Main Economic Indicators,yoy_pct,,,0.2,548,,,,
1957-04-01,1.500524,INDCPIALLMINMEI,cpi_yoy_pct,India CPI YoY,FRED/OECD Main Economic Indicators,yoy_pct,,,0.2,548,,,,
1957-05-01,1.51145,INDCPIALLMINMEI,cpi_yoy_pct,India CPI YoY,FRED/OECD Main Economic Indicators,yoy_pct,,,0.2,548,,,,
1957-06-01,1.540586,INDCPIALLMINMEI,cpi_yoy_pct,India CPI YoY,FRED/OECD Main Economic Indicators,yoy_pct,,,0.2,548,,,,
1957-07-01,1.540586,INDCPIALLMINMEI,cpi_yoy_pct,India CPI YoY,FRED/OECD Main Economic Indicators,yoy_pct,,,0.2,548,,,,
1957-08-01,1.5551549999999998,INDCPIALLMINMEI,cpi_yoy_pct,India CPI YoY,FRED/OECD Main Economic Indicators,yoy_pct,,,0.2,548,,,,
1957-09-01,1.566081,INDCPIALLMINMEI,cpi_yoy_pct,India CPI YoY,FRED/OECD Main Economic Indicators,yoy_pct,,,0.2,548,,,,
1957-10-01,1.5551549999999998,INDCPIALLMINMEI,cpi_yoy_pct,India CPI YoY,FRED/OECD Main Economic Indicators,yoy_pct,,,0.2,548,,,,
1957-11-01,1.566081,INDCPIALLMINMEI,cpi_yoy_pct,India CPI YoY,FRED/OECD Main Economic Indicators,yoy_pct,,,0.2,548,,,,
1957-12-01,1.5551549999999998,INDCPIALLMINMEI,cpi_yoy_pct,India CPI YoY,FRED/OECD Main Economic Indicators,yoy_pct,,,0.2,548,,,,
1958-01-01,1.526018,INDCPIALLMINMEI,cpi_yoy_pct,India CPI YoY,FRED/OECD Main Economic Indicators,yoy_pct,3.712820819525531,,0.2,548,,,,
1958-02-01,1.51145,INDCPIALLMINMEI,cpi_yoy_pct,India CPI YoY,FRED/OECD Main Economic Indicators,yoy_pct,2.722735267652032,,0.2,548,,,,
1958-03-01,1.51145,INDCPIALLMINMEI,cpi_yoy_pct,India CPI YoY,FRED/OECD Main Economic Indicators,yoy_pct,2.722735267652032,,0.2,548,,,,
1958-04-01,1.526018,INDCPIALLMINMEI,cpi_yoy_pct,India CPI YoY,FRED/OECD Main Economic Indicators,yoy_pct,1.6990064804028648,,0.2,548,,,,
1958-05-01,1.5551549999999998,INDCPIALLMINMEI,cpi_yoy_pct,India CPI YoY,FRED/OECD Main Economic Indicators,yoy_pct,2.8915941645439647,,0.2,548,,,,
1958-06-01,1.595217,INDCPIALLMINMEI,cpi_yoy_pct,India CPI YoY,FRED/OECD Main Economic Indicators,yoy_pct,3.5461181654253604,,0.2,548,,,,
1958-07-01,1.6352799999999998,INDCPIALLMINMEI,cpi_yoy_pct,India CPI YoY,FRED/OECD Main Economic Indicators,yoy_pct,6.146622129501367,,0.2,548,,,,
1958-08-01,1.649848,INDCPIALLMINMEI,cpi_yoy_pct,India CPI YoY,FRED/OECD Main Economic Indicators,yoy_pct,6.088975053933532,,0.2,548,,,,
1958-09-01,1.664416,INDCPIALLMINMEI,cpi_yoy_pct,India CPI YoY,FRED/OECD Main Economic Indicators,yoy_pct,6.279049423369543,,0.2,548,,,,
1958-10-01,1.6899099999999998,INDCPIALLMINMEI,cpi_yoy_pct,India CPI YoY,FRED/OECD Main Economic Indicators,yoy_pct,8.665052679636442,,0.2,548,,,,
1958-11-01,1.678984,INDCPIALLMINMEI,cpi_yoy_pct,India CPI YoY,FRED/OECD Main Economic Indicators,yoy_pct,7.209269507771299,,0.2,548,,,,
1958-12-01,1.6352799999999998,INDCPIALLMINMEI,cpi_yoy_pct,India CPI YoY,FRED/OECD Main Economic Indicators,yoy_pct,5.152219553677928,,0.2,548,,,,
1959-01-01,1.609785,INDCPIALLMINMEI,cpi_yoy_pct,India CPI YoY,FRED/OECD Main Economic Indicators,yoy_pct,5.4892537309520595,,0.2,548,,,,
1959-02-01,1.624354,INDCPIALLMINMEI,cpi_yoy_pct,India CPI YoY,FRED/OECD Main Economic Indicators,yoy_pct,7.469912997452788,,0.2,548,,,,
1959-03-01,1.609785,INDCPIALLMINMEI,cpi_yoy_pct,India CPI YoY,FRED/OECD Main Economic Indicators,yoy_pct,6.506004168182877,,0.2,548,,,,
1959-04-01,1.609785,INDCPIALLMINMEI,cpi_yoy_pct,India CPI YoY,FRED/OECD Main Economic Indicators,yoy_pct,5.4892537309520595,,0.2,548,,,,
1959-05-01,1.6352799999999998,INDCPIALLMINMEI,cpi_yoy_pct,India CPI YoY,FRED/OECD Main Economic Indicators,yoy_pct,5.152219553677928,,0.2,548,,,,
1959-06-01,1.664416,INDCPIALLMINMEI,cpi_yoy_pct,India CPI YoY,FRED/OECD Main Economic Indicators,yoy_pct,4.337905125133434,,0.2,548,,,,
1959-07-01,1.704479,INDCPIALLMINMEI,cpi_yoy_pct,India CPI YoY,FRED/OECD Main Economic Indicators,yoy_pct,4.231630057237923,,0.2,548,,,,
1959-08-01,1.7190470000000002,INDCPIALLMINMEI,cpi_yoy_pct,India CPI YoY,FRED/OECD Main Economic Indicators,yoy_pct,4.194265168670097,,0.2,548,,,,
1959-09-01,1.704479,INDCPIALLMINMEI,cpi_yoy_pct,India CPI YoY,FRED/OECD Main Economic Indicators,yoy_pct,2.4070304539249854,,0.2,548,,,,
1959-10-01,1.733615,INDCPIALLMINMEI,cpi_yoy_pct,India CPI YoY,FRED/OECD Main Economic Indicators,yoy_pct,2.586232402909028,,0.2,548,,,,
1959-11-01,1.733615,INDCPIALLMINMEI,cpi_yoy_pct,India CPI YoY,FRED/OECD Main Economic Indicators,yoy_pct,3.253813020255092,,0.2,548,,,,
1959-12-01,1.704479,INDCPIALLMINMEI,cpi_yoy_pct,India CPI YoY,FRED/OECD Main Economic Indicators,yoy_pct,4.231630057237923,87.5,0.2,548,,,,
1960-01-01,1.678984,INDCPIALLMINMEI,cpi_yoy_pct,India CPI YoY,FRED/OECD Main Economic Indicators,yoy_pct,4.298648577294495,80.0,0.2,548,,,,
1960-02-01,1.678984,INDCPIALLMINMEI,cpi_yoy_pct,India CPI YoY,FRED/OECD Main Economic Indicators,yoy_pct,3.363183148500881,69.23076923076923,0.2,548,,,,
1960-03-01,1.664416,INDCPIALLMINMEI,cpi_yoy_pct,India CPI YoY,FRED/OECD Main Economic Indicators,yoy_pct,3.393683007358117,70.37037037037038,0.2,548,,,,
1960-04-01,1.678984,INDCPIALLMINMEI,cpi_yoy_pct,India CPI YoY,FRED/OECD Main Economic Indicators,yoy_pct,4.298648577294495,78.57142857142857,0.2,548,,,,
1960-05-01,1.6899099999999998,INDCPIALLMINMEI,cpi_yoy_pct,India CPI YoY,FRED/OECD Main Economic Indicators,yoy_pct,3.340712293919079,62.06896551724138,0.2,548,,,,
1960-06-01,1.704479,INDCPIALLMINMEI,cpi_yoy_pct,India CPI YoY,FRED/OECD Main Economic Indicators,yoy_pct,2.4070304539249854,26.66666666666667,0.2,548,,,,
1960-07-01,1.733615,INDCPIALLMINMEI,cpi_yoy_pct,India CPI YoY,FRED/OECD Main Economic Indicators,yoy_pct,1.7093786429753566,16.129032258064512,0.2,548,,,,
1960-08-01,1.733615,INDCPIALLMINMEI,cpi_yoy_pct,India CPI YoY,FRED/OECD Main Economic Indicators,yoy_pct,0.8474462885540435,9.375,0.2,548,,,,
1960-09-01,1.7190470000000002,INDCPIALLMINMEI,cpi_yoy_pct,India CPI YoY,FRED/OECD Main Economic Indicators,yoy_pct,0.8546893214876894,12.121212121212125,0.2,548,,,,
1960-10-01,1.7190470000000002,INDCPIALLMINMEI,cpi_yoy_pct,India CPI YoY,FRED/OECD Main Economic Indicators,yoy_pct,-0.8403249856513528,0.0,0.2,548,,,,
1960-11-01,1.704479,INDCPIALLMINMEI,cpi_yoy_pct,India CPI YoY,FRED/OECD Main Economic Indicators,yoy_pct,-1.6806499713027279,0.0,0.2,548,,,,
1960-12-01,1.704479,INDCPIALLMINMEI,cpi_yoy_pct,India CPI YoY,FRED/OECD Main Economic Indicators,yoy_pct,0.0,8.333333333333343,0.2,548,,,,
1961-01-01,1.6899099999999998,INDCPIALLMINMEI,cpi_yoy_pct,India CPI YoY,FRED/OECD Main Economic Indicators,yoy_pct,0.6507506920852002,13.513513513513516,0.2,548,,,,
1961-02-01,1.6899099999999998,INDCPIALLMINMEI,cpi_yoy_pct,India CPI YoY,FRED/OECD Main Economic Indicators,yoy_pct,0.6507506920852002,13.157894736842096,0.2,548,,,,
1961-03-01,1.704479,INDCPIALLMINMEI,cpi_yoy_pct,India CPI YoY,FRED/OECD Main Economic Indicators,yoy_pct,2.4070304539249854,41.02564102564102,0.2,548,,,,
1961-04-01,1.704479,INDCPIALLMINMEI,cpi_yoy_pct,India CPI YoY,FRED/OECD Main Economic Indicators,yoy_pct,1.51847784136121,27.5,0.2,548,,,,
1961-05-01,1.704479,INDCPIALLMINMEI,cpi_yoy_pct,India CPI YoY,FRED/OECD Main Economic Indicators,yoy_pct,0.8621169174690024,24.390243902439025,0.2,548,,,,
1961-06-01,1.7190470000000002,INDCPIALLMINMEI,cpi_yoy_pct,India CPI YoY,FRED/OECD Main Economic Indicators,yoy_pct,0.8546893214876894,21.42857142857143,0.2,548,,,,
1961-07-01,1.7481830000000005,INDCPIALLMINMEI,cpi_yoy_pct,India CPI YoY,FRED/OECD Main Economic Indicators,yoy_pct,0.8403249856514083,18.604651162790702,0.2,548,,,,
1961-08-01,1.759109,INDCPIALLMINMEI,cpi_yoy_pct,India CPI YoY,FRED/OECD Main Economic Indicators,yoy_pct,1.470568724889909,29.545454545454547,0.2,548,,,,
1961-09-01,1.759109,INDCPIALLMINMEI,cpi_yoy_pct,India CPI YoY,FRED/OECD Main Economic Indicators,yoy_pct,2.3304772935236695,46.666666666666664,0.2,548,,,,
1961-10-01,1.759109,INDCPIALLMINMEI,cpi_yoy_pct,India CPI YoY,FRED/OECD Main Economic Indicators,yoy_pct,2.3304772935236695,45.652173913043484,0.2,548,,,,
1961-11-01,1.759109,INDCPIALLMINMEI,cpi_yoy_pct,India CPI YoY,FRED/OECD Main Economic Indicators,yoy_pct,3.2050849555788075,72.34042553191489,0.2,548,,,,
1961-12-01,1.759109,INDCPIALLMINMEI,cpi_yoy_pct,India CPI YoY,FRED/OECD Main Economic Indicators,yoy_pct,3.2050849555788075,70.83333333333333,0.2,548,,,,
1962-01-01,1.7481830000000005,INDCPIALLMINMEI,cpi_yoy_pct,India CPI YoY,FRED/OECD Main Economic Indicators,yoy_pct,3.448290145629107,81.63265306122449,0.2,548,,,,
1962-02-01,1.7481830000000005,INDCPIALLMINMEI,cpi_yoy_pct,India CPI YoY,FRED/OECD Main Economic Indicators,yoy_pct,3.448290145629107,80.0,0.2,548,,,,
1962-03-01,1.7481830000000005,INDCPIALLMINMEI,cpi_yoy_pct,India CPI YoY,FRED/OECD Main Economic Indicators,yoy_pct,2.564067964463068,54.90196078431372,0.2,548,,,,
1962-04-01,1.759109,INDCPIALLMINMEI,cpi_yoy_pct,India CPI YoY,FRED/OECD Main Economic Indicators,yoy_pct,3.2050849555788075,67.3076923076923,0.2,548,,,,
1962-05-01,1.773678,INDCPIALLMINMEI,cpi_yoy_pct,India CPI YoY,FRED/OECD Main Economic Indicators,yoy_pct,4.0598329460204585,98.11320754716981,0.2,548,,,,
1962-06-01,1.788246,INDCPIALLMINMEI,cpi_yoy_pct,India CPI YoY,FRED/OECD Main Economic Indicators,yoy_pct,4.025428042397894,98.14814814814815,0.2,548,,,,
1962-07-01,1.81374,INDCPIALLMINMEI,cpi_yoy_pct,India CPI YoY,FRED/OECD Main Economic Indicators,yoy_pct,3.7500078653092572,89.0909090909091,0.2,548,,,,
1962-08-01,1.8283080000000005,INDCPIALLMINMEI,cpi_yoy_pct,India CPI YoY,FRED/OECD Main Economic Indicators,yoy_pct,3.933752826004544,94.64285714285714,0.2,548,,,,
1962-09-01,1.8283080000000005,INDCPIALLMINMEI,cpi_yoy_pct,India CPI YoY,FRED/OECD Main Economic Indicators,yoy_pct,3.933752826004544,92.98245614035088,0.2,548,,,,
1962-10-01,1.842876,INDCPIALLMINMEI,cpi_yoy_pct,India CPI YoY,FRED/OECD Main Economic Indicators,yoy_pct,4.761899347908516,65.51724137931035,0.2,548,,,,
1962-11-01,1.8283080000000005,INDCPIALLMINMEI,cpi_yoy_pct,India CPI YoY,FRED/OECD Main Economic Indicators,yoy_pct,3.933752826004544,91.52542372881356,0.2,548,,,,
1962-12-01,1.802814,INDCPIALLMINMEI,cpi_yoy_pct,India CPI YoY,FRED/OECD Main Economic Indicators,yoy_pct,2.4844964126725433,43.333333333333336,0.2,548,,,,
1963-01-01,1.788246,INDCPIALLMINMEI,cpi_yoy_pct,India CPI YoY,FRED/OECD Main Economic Indicators,yoy_pct,2.29169371856377,34.42622950819673,0.2,548,,,,
1963-02-01,1.773678,INDCPIALLMINMEI,cpi_yoy_pct,India CPI YoY,FRED/OECD Main Economic Indicators,yoy_pct,1.4583713489949135,20.967741935483872,0.2,548,,,,
1963-03-01,1.788246,INDCPIALLMINMEI,cpi_yoy_pct,India CPI YoY,FRED/OECD Main Economic Indicators,yoy_pct,2.29169371856377,34.920634920634924,0.2,548,,,,
1963-04-01,1.802814,INDCPIALLMINMEI,cpi_yoy_pct,India CPI YoY,FRED/OECD Main Economic Indicators,yoy_pct,2.4844964126725433,45.3125,0.2,548,,,,
1963-05-01,1.81374,INDCPIALLMINMEI,cpi_yoy_pct,India CPI YoY,FRED/OECD Main Economic Indicators,yoy_pct,2.258696336088062,33.846153846153854,0.2,548,,,,
1963-06-01,1.842876,INDCPIALLMINMEI,cpi_yoy_pct,India CPI YoY,FRED/OECD Main Economic Indicators,yoy_pct,3.0549488157669558,62.121212121212125,0.2,548,,,,
1963-07-01,1.857445,INDCPIALLMINMEI,cpi_yoy_pct,India CPI YoY,FRED/OECD Main Economic Indicators,yoy_pct,2.4096618037866557,44.776119402985074,0.2,548,,,,
1963-08-01,1.872013,INDCPIALLMINMEI,cpi_yoy_pct,India CPI YoY,FRED/OECD Main Economic Indicators,yoy_pct,2.3904615633689508,39.70588235294118,0.2,548,,,,
1963-09-01,1.882939,INDCPIALLMINMEI,cpi_yoy_pct,India CPI YoY,FRED/OECD Main Economic Indicators,yoy_pct,2.988063280366293,62.31884057971014,0.2,548,,,,
1963-10-01,1.897507,INDCPIALLMINMEI,cpi_yoy_pct,India CPI YoY,FRED/OECD Main Economic Indicators,yoy_pct,2.96444253438648,61.42857142857142,0.2,548,,,,
1963-11-01,1.897507,INDCPIALLMINMEI,cpi_yoy_pct,India CPI YoY,FRED/OECD Main Economic Indicators,yoy_pct,3.7848655696961053,90.14084507042253,0.2,548,,,,
1963-12-01,1.926644,INDCPIALLMINMEI,cpi_yoy_pct,India CPI YoY,FRED/OECD Main Economic Indicators,yoy_pct,6.8687063668243065,18.055555555555557,0.2,548,,,,
1964-01-01,1.926644,INDCPIALLMINMEI,cpi_yoy_pct,India CPI YoY,FRED/OECD Main Economic Indicators,yoy_pct,7.739315508045319,5.479452054794521,0.2,548,,,,
1964-02-01,1.952138,INDCPIALLMINMEI,cpi_yoy_pct,India CPI YoY,FRED/OECD Main Economic Indicators,yoy_pct,10.061578257158278,0.0,0.2,548,,,,
1964-03-01,1.966706,INDCPIALLMINMEI,cpi_yoy_pct,India CPI YoY,FRED/OECD Main Economic Indicators,yoy_pct,9.979611306274428,1.3333333333333286,0.2,548,,,,
1964-04-01,1.981274,INDCPIALLMINMEI,cpi_yoy_pct,India CPI YoY,FRED/OECD Main Economic Indicators,yoy_pct,9.898969056153328,2.631578947368425,0.2,548,,,,
1964-05-01,2.021337,INDCPIALLMINMEI,cpi_yoy_pct,India CPI YoY,FRED/OECD Main Economic Indicators,yoy_pct,11.445797082272001,0.0,0.2,548,,,,
1964-06-01,2.061399,INDCPIALLMINMEI,cpi_yoy_pct,India CPI YoY,FRED/OECD Main Economic Indicators,yoy_pct,11.857715874535257,0.0,0.2,548,,,,
1964-07-01,2.119672,INDCPIALLMINMEI,cpi_yoy_pct,India CPI YoY,FRED/OECD Main Economic Indicators,yoy_pct,14.117618556673284,0.0,0.2,548,,,,
1964-08-01,2.145166,INDCPIALLMINMEI,cpi_yoy_pct,India CPI YoY,FRED/OECD Main Economic Indicators,yoy_pct,14.591405081054475,0.0,0.2,548,,,,
1964-09-01,2.185229,INDCPIALLMINMEI,cpi_yoy_pct,India CPI YoY,FRED/OECD Main Economic Indicators,yoy_pct,16.054157888279974,0.0,0.2,548,,,,
1964-10-01,2.243502,INDCPIALLMINMEI,cpi_yoy_pct,India CPI YoY,FRED/OECD Main Economic Indicators,yoy_pct,18.234188332375044,0.0,0.2,548,,,,
1964-11-01,2.243502,INDCPIALLMINMEI,cpi_yoy_pct,India CPI YoY,FRED/OECD Main Economic Indicators,yoy_pct,18.234188332375044,0.0,0.2,548,,,,
1964-12-01,2.254428,INDCPIALLMINMEI,cpi_yoy_pct,India CPI YoY,FRED/OECD Main Economic Indicators,yoy_pct,17.0132105360409,2.3809523809523796,0.2,548,,,,
1965-01-01,2.268996,INDCPIALLMINMEI,cpi_yoy_pct,India CPI YoY,FRED/OECD Main Economic Indicators,yoy_pct,17.769343999202757,2.352941176470594,0.2,548,,,,
1965-02-01,2.228934,INDCPIALLMINMEI,cpi_yoy_pct,India CPI YoY,FRED/OECD Main Economic Indicators,yoy_pct,14.179120533486888,6.976744186046517,0.2,548,,,,
1965-03-01,2.185229,INDCPIALLMINMEI,cpi_yoy_pct,India CPI YoY,FRED/OECD Main Economic Indicators,yoy_pct,11.111116760715634,11.494252873563212,0.2,548,,,,
1965-04-01,2.199797,INDCPIALLMINMEI,cpi_yoy_pct,India CPI YoY,FRED/OECD Main Economic Indicators,yoy_pct,11.029418444899575,12.5,0.2,548,,,,
1965-05-01,2.2143650000000004,INDCPIALLMINMEI,cpi_yoy_pct,India CPI YoY,FRED/OECD Main Economic Indicators,yoy_pct,9.549520935895428,17.97752808988764,0.2,548,,,,
1965-06-01,2.243502,INDCPIALLMINMEI,cpi_yoy_pct,India CPI YoY,FRED/OECD Main Economic Indicators,yoy_pct,8.83395208787816,20.0,0.2,548,,,,
1965-07-01,2.309059,INDCPIALLMINMEI,cpi_yoy_pct,India CPI YoY,FRED/OECD Main Economic Indicators,yoy_pct,8.934731411274942,18.681318681318686,0.2,548,,,,
1965-08-01,2.338195,INDCPIALLMINMEI,cpi_yoy_pct,India CPI YoY,FRED/OECD Main Economic Indicators,yoy_pct,8.998324605182063,18.47826086956522,0.2,548,,,,
1965-09-01,2.367332,INDCPIALLMINMEI,cpi_yoy_pct,India CPI YoY,FRED/OECD Main Economic Indicators,yoy_pct,8.333360027713343,23.655913978494624,0.2,548,,,,
1965-10-01,2.367332,INDCPIALLMINMEI,cpi_yoy_pct,India CPI YoY,FRED/OECD Main Economic Indicators,yoy_pct,5.5194958595981,57.4468085106383,0.2,548,,,,
1965-11-01,2.378258,INDCPIALLMINMEI,cpi_yoy_pct,India CPI YoY,FRED/OECD Main Economic Indicators,yoy_pct,6.006502334297026,46.31578947368421,0.2,548,,,,
1965-12-01,2.378258,INDCPIALLMINMEI,cpi_yoy_pct,India CPI YoY,FRED/OECD Main Economic Indicators,yoy_pct,5.492745831758672,60.41666666666667,0.2,548,,,,
1966-01-01,2.378258,INDCPIALLMINMEI,cpi_yoy_pct,India CPI YoY,FRED/OECD Main Economic Indicators,yoy_pct,4.815433786573453,73.19587628865979,0.2,548,,,,
1966-02-01,2.392826,INDCPIALLMINMEI,cpi_yoy_pct,India CPI YoY,FRED/OECD Main Economic Indicators,yoy_pct,7.352931939662621,26.530612244897952,0.2,548,,,,
1966-03-01,2.392826,INDCPIALLMINMEI,cpi_yoy_pct,India CPI YoY,FRED/OECD Main Economic Indicators,yoy_pct,9.500011211639592,17.171717171717177,0.2,548,,,,
1966-04-01,2.407394,INDCPIALLMINMEI,cpi_yoy_pct,India CPI YoY,FRED/OECD Main Economic Indicators,yoy_pct,9.43709805950277,18.0,0.2,548,,,,
1966-05-01,2.487519,INDCPIALLMINMEI,cpi_yoy_pct,India CPI YoY,FRED/OECD Main Economic Indicators,yoy_pct,12.335545404664504,7.920792079207914,0.2,548,,,,
1966-06-01,2.545792,INDCPIALLMINMEI,cpi_yoy_pct,India CPI YoY,FRED/OECD Main Economic Indicators,yoy_pct,13.474024092690806,7.843137254901961,0.2,548,,,,
1966-07-01,2.585854,INDCPIALLMINMEI,cpi_yoy_pct,India CPI YoY,FRED/OECD Main Economic Indicators,yoy_pct,11.987350691342225,9.708737864077662,0.2,548,,,,
1966-08-01,2.611349,INDCPIALLMINMEI,cpi_yoy_pct,India CPI YoY,FRED/OECD Main Economic Indicators,yoy_pct,11.68225917855441,11.538461538461547,0.2,548,,,,
1966-09-01,2.625917,INDCPIALLMINMEI,cpi_yoy_pct,India CPI YoY,FRED/OECD Main Economic Indicators,yoy_pct,10.923055997215414,15.23809523809524,0.2,548,,,,
1966-10-01,2.640485,INDCPIALLMINMEI,cpi_yoy_pct,India CPI YoY,FRED/OECD Main Economic Indicators,yoy_pct,11.53843229424516,12.264150943396217,0.2,548,,,,
1966-11-01,2.669621,INDCPIALLMINMEI,cpi_yoy_pct,India CPI YoY,FRED/OECD Main Economic Indicators,yoy_pct,12.25110984594604,9.34579439252336,0.2,548,,,,
1966-12-01,2.709684,INDCPIALLMINMEI,cpi_yoy_pct,India CPI YoY,FRED/OECD Main Economic Indicators,yoy_pct,13.935662152718509,7.407407407407405,0.2,548,,,,
1967-01-01,2.709684,INDCPIALLMINMEI,cpi_yoy_pct,India CPI YoY,FRED/OECD Main Economic Indicators,yoy_pct,13.935662152718509,7.339449541284409,0.2,548,,,,
1967-02-01,2.724252,INDCPIALLMINMEI,cpi_yoy_pct,India CPI YoY,FRED/OECD Main Economic Indicators,yoy_pct,13.850819073346754,9.090909090909093,0.2,548,,,,
1967-03-01,2.749747,INDCPIALLMINMEI,cpi_yoy_pct,India CPI YoY,FRED/OECD Main Economic Indicators,yoy_pct,14.916295627011756,4.504504504504496,0.2,548,,,,
1967-04-01,2.778883,INDCPIALLMINMEI,cpi_yoy_pct,India CPI YoY,FRED/OECD Main Economic Indicators,yoy_pct,15.431167478194263,4.464285714285708,0.2,548,,,,
1967-05-01,2.833513,INDCPIALLMINMEI,cpi_yoy_pct,India CPI YoY,FRED/OECD Main Economic Indicators,yoy_pct,13.909200291535463,10.619469026548671,0.2,548,,,,
1967-06-01,2.9027130000000003,INDCPIALLMINMEI,cpi_yoy_pct,India CPI YoY,FRED/OECD Main Economic Indicators,yoy_pct,14.020037772135364,8.771929824561411,0.2,548,,,,
1967-07-01,2.928207,INDCPIALLMINMEI,cpi_yoy_pct,India CPI YoY,FRED/OECD Main Economic Indicators,yoy_pct,13.239455901222573,13.91304347826086,0.2,548,,,,
1967-08-01,2.957343,INDCPIALLMINMEI,cpi_yoy_pct,India CPI YoY,FRED/OECD Main Economic Indicators,yoy_pct,13.24962691696896,13.793103448275872,0.2,548,,,,
1967-09-01,2.942775,INDCPIALLMINMEI,cpi_yoy_pct,India CPI YoY,FRED/OECD Main Economic Indicators,yoy_pct,12.06656569876352,17.09401709401709,0.2,548,,,,
1967-10-01,2.982838,INDCPIALLMINMEI,cpi_yoy_pct,India CPI YoY,FRED/OECD Main Economic Indicators,yoy_pct,12.965534740776796,15.254237288135599,0.2,548,,,,
1967-11-01,2.971911,INDCPIALLMINMEI,cpi_yoy_pct,India CPI YoY,FRED/OECD Main Economic Indicators,yoy_pct,11.323330165592793,22.68907563025209,0.2,548,,,,
1967-12-01,2.942775,INDCPIALLMINMEI,cpi_yoy_pct,India CPI YoY,FRED/OECD Main Economic Indicators,yoy_pct,8.602146966214509,35.83333333333333,0.2,548,,,,
1968-01-01,3.026542,INDCPIALLMINMEI,cpi_yoy_pct,India CPI YoY,FRED/OECD Main Economic Indicators,yoy_pct,11.693540649020328,20.0,0.2,548,,,,
1968-02-01,2.982838,INDCPIALLMINMEI,cpi_yoy_pct,India CPI YoY,FRED/OECD Main Economic Indicators,yoy_pct,9.49200000587318,31.66666666666667,0.2,548,,,,
1968-03-01,2.928207,INDCPIALLMINMEI,cpi_yoy_pct,India CPI YoY,FRED/OECD Main Economic Indicators,yoy_pct,6.4900516302045075,52.5,0.2,548,,,,
1968-04-01,2.942775,INDCPIALLMINMEI,cpi_yoy_pct,India CPI YoY,FRED/OECD Main Economic Indicators,yoy_pct,5.897765397103805,58.33333333333333,0.2,548,,,,
1968-05-01,2.917281,INDCPIALLMINMEI,cpi_yoy_pct,India CPI YoY,FRED/OECD Main Economic Indicators,yoy_pct,2.9563301809449882,75.83333333333333,0.2,548,,,,
1968-06-01,2.942775,INDCPIALLMINMEI,cpi_yoy_pct,India CPI YoY,FRED/OECD Main Economic Indicators,yoy_pct,1.3801571150850789,50.0,0.2,548,,,,
1968-07-01,2.928207,INDCPIALLMINMEI,cpi_yoy_pct,India CPI YoY,FRED/OECD Main Economic Indicators,yoy_pct,0.0,39.16666666666667,0.2,548,,,,
1968-08-01,2.993764,INDCPIALLMINMEI,cpi_yoy_pct,India CPI YoY,FRED/OECD Main Economic Indicators,yoy_pct,1.2315446669527441,50.833333333333336,0.2,548,,,,
1968-09-01,3.0119740000000004,INDCPIALLMINMEI,cpi_yoy_pct,India CPI YoY,FRED/OECD Main Economic Indicators,yoy_pct,2.351487966290322,63.333333333333336,0.2,548,,,,
1968-10-01,3.026542,INDCPIALLMINMEI,cpi_yoy_pct,India CPI YoY,FRED/OECD Main Economic Indicators,yoy_pct,1.4651818167798591,52.5,0.2,548,,,,
1968-11-01,2.960985,INDCPIALLMINMEI,cpi_yoy_pct,India CPI YoY,FRED/OECD Main Economic Indicators,yoy_pct,-0.36764223423918496,37.5,0.2,548,,,,
1968-12-01,2.877218,INDCPIALLMINMEI,cpi_yoy_pct,India CPI YoY,FRED/OECD Main Economic Indicators,yoy_pct,-2.227727230250365,26.66666666666667,0.2,548,,,,
1969-01-01,2.859008,INDCPIALLMINMEI,cpi_yoy_pct,India CPI YoY,FRED/OECD Main Economic Indicators,yoy_pct,-5.5354923209392055,12.5,0.2,548,,,,
1969-02-01,2.84444,INDCPIALLMINMEI,cpi_yoy_pct,India CPI YoY,FRED/OECD Main Economic Indicators,yoy_pct,-4.639809470041623,16.666666666666657,0.2,548,,,,
1969-03-01,2.859008,INDCPIALLMINMEI,cpi_yoy_pct,India CPI YoY,FRED/OECD Main Economic Indicators,yoy_pct,-2.363186755581137,28.33333333333333,0.2,548,,,,
1969-04-01,2.877218,INDCPIALLMINMEI,cpi_yoy_pct,India CPI YoY,FRED/OECD Main Economic Indicators,yoy_pct,-2.227727230250365,29.166666666666657,0.2,548,,,,
1969-05-01,2.909997,INDCPIALLMINMEI,cpi_yoy_pct,India CPI YoY,FRED/OECD Main Economic Indicators,yoy_pct,-0.2496845521566038,43.333333333333336,0.2,548,,,,
1969-06-01,2.993764,INDCPIALLMINMEI,cpi_yoy_pct,India CPI YoY,FRED/OECD Main Economic Indicators,yoy_pct,1.7326842860905023,60.833333333333336,0.2,548,,,,
1969-07-01,3.0119740000000004,INDCPIALLMINMEI,cpi_yoy_pct,India CPI YoY,FRED/OECD Main Economic Indicators,yoy_pct,2.8606925671579964,77.5,0.2,548,,,,
1969-08-01,3.0119740000000004,INDCPIALLMINMEI,cpi_yoy_pct,India CPI YoY,FRED/OECD Main Economic Indicators,yoy_pct,0.608264378888923,46.666666666666664,0.2,548,,,,
1969-09-01,3.0119740000000004,INDCPIALLMINMEI,cpi_yoy_pct,India CPI YoY,FRED/OECD Main Economic Indicators,yoy_pct,0.0,44.166666666666664,0.2,548,,,,
1969-10-01,2.993764,INDCPIALLMINMEI,cpi_yoy_pct,India CPI YoY,FRED/OECD Main Economic Indicators,yoy_pct,-1.0830181771804281,37.5,0.2,548,,,,
1969-11-01,2.979196,INDCPIALLMINMEI,cpi_yoy_pct,India CPI YoY,FRED/OECD Main Economic Indicators,yoy_pct,0.6150318221807893,49.16666666666667,0.2,548,,,,
1969-12-01,2.979196,INDCPIALLMINMEI,cpi_yoy_pct,India CPI YoY,FRED/OECD Main Economic Indicators,yoy_pct,3.544326498722028,91.66666666666667,0.2,548,,,,
1970-01-01,2.979196,INDCPIALLMINMEI,cpi_yoy_pct,India CPI YoY,FRED/OECD Main Economic Indicators,yoy_pct,4.203835736031514,95.0,0.2,548,,,,
1970-02-01,2.979196,INDCPIALLMINMEI,cpi_yoy_pct,India CPI YoY,FRED/OECD Main Economic Indicators,yoy_pct,4.737523027379731,87.5,0.2,548,,,,
1970-03-01,3.0119740000000004,INDCPIALLMINMEI,cpi_yoy_pct,India CPI YoY,FRED/OECD Main Economic Indicators,yoy_pct,5.350317312858177,79.16666666666666,0.2,548,,,,
1970-04-01,3.044752,INDCPIALLMINMEI,cpi_yoy_pct,India CPI YoY,FRED/OECD Main Economic Indicators,yoy_pct,5.82277741902073,66.66666666666667,0.2,548,,,,
1970-05-01,3.077531,INDCPIALLMINMEI,cpi_yoy_pct,India CPI YoY,FRED/OECD Main Economic Indicators,yoy_pct,5.75718806582961,67.5,0.2,548,,,,
1970-06-01,3.113951,INDCPIALLMINMEI,cpi_yoy_pct,India CPI YoY,FRED/OECD Main Economic Indicators,yoy_pct,4.014578303433414,99.16666666666667,0.2,548,,,,
1970-07-01,3.12852,INDCPIALLMINMEI,cpi_yoy_pct,India CPI YoY,FRED/OECD Main Economic Indicators,yoy_pct,3.8694225116152836,94.16666666666667,0.2,548,,,,
1970-08-01,3.14673,INDCPIALLMINMEI,cpi_yoy_pct,India CPI YoY,FRED/OECD Main Economic Indicators,yoy_pct,4.474009403799606,90.0,0.2,548,,,,
1970-09-01,3.161298,INDCPIALLMINMEI,cpi_yoy_pct,India CPI YoY,FRED/OECD Main Economic Indicators,yoy_pct,4.9576789175470815,81.66666666666667,0.2,548,,,,
1970-10-01,3.179508,INDCPIALLMINMEI,cpi_yoy_pct,India CPI YoY,FRED/OECD Main Economic Indicators,yoy_pct,6.204363470200036,61.666666666666664,0.2,548,,,,
1970-11-01,3.179508,INDCPIALLMINMEI,cpi_yoy_pct,India CPI YoY,FRED/OECD Main Economic Indicators,yoy_pct,6.723693238041406,55.0,0.2,548,,,,
1970-12-01,3.12852,INDCPIALLMINMEI,cpi_yoy_pct,India CPI YoY,FRED/OECD Main Economic Indicators,yoy_pct,5.012224774737883,80.0,0.2,548,,,,
1971-01-01,3.095741,INDCPIALLMINMEI,cpi_yoy_pct,India CPI YoY,FRED/OECD Main Economic Indicators,yoy_pct,3.9119614822254123,94.16666666666667,0.2,548,,,,
1971-02-01,3.095741,INDCPIALLMINMEI,cpi_yoy_pct,India CPI YoY,FRED/OECD Main Economic Indicators,yoy_pct,3.9119614822254123,93.33333333333333,0.2,548,,,,
1971-03-01,3.095741,INDCPIALLMINMEI,cpi_yoy_pct,India CPI YoY,FRED/OECD Main Economic Indicators,yoy_pct,2.781132904865702,75.0,0.2,548,,,,
1971-04-01,3.095741,INDCPIALLMINMEI,cpi_yoy_pct,India CPI YoY,FRED/OECD Main Economic Indicators,yoy_pct,1.674651991360876,57.5,0.2,548,,,,
1971-05-01,3.095741,INDCPIALLMINMEI,cpi_yoy_pct,India CPI YoY,FRED/OECD Main Economic Indicators,yoy_pct,0.5917080932734686,45.833333333333336,0.2,548,,,,
1971-06-01,3.14673,INDCPIALLMINMEI,cpi_yoy_pct,India CPI YoY,FRED/OECD Main Economic Indicators,yoy_pct,1.0526498329614054,50.0,0.2,548,,,,
1971-07-01,3.197718,INDCPIALLMINMEI,cpi_yoy_pct,India CPI YoY,FRED/OECD Main Economic Indicators,yoy_pct,2.2118445782670415,61.666666666666664,0.2,548,,,,
1971-08-01,3.263275,INDCPIALLMINMEI,cpi_yoy_pct,India CPI YoY,FRED/OECD Main Economic Indicators,yoy_pct,3.7036860486918233,89.16666666666667,0.2,548,,,,
1971-09-01,3.2960540000000003,INDCPIALLMINMEI,cpi_yoy_pct,India CPI YoY,FRED/OECD Main Economic Indicators,yoy_pct,4.262679443696871,89.16666666666667,0.2,548,,,,
1971-10-01,3.2960540000000003,INDCPIALLMINMEI,cpi_yoy_pct,India CPI YoY,FRED/OECD Main Economic Indicators,yoy_pct,3.6655356740728617,87.5,0.2,548,,,,
1971-11-01,3.314264,INDCPIALLMINMEI,cpi_yoy_pct,India CPI YoY,FRED/OECD Main Economic Indicators,yoy_pct,4.238265794582063,90.0,0.2,548,,,,
1971-12-01,3.281486,INDCPIALLMINMEI,cpi_yoy_pct,India CPI YoY,FRED/OECD Main Economic Indicators,yoy_pct,4.889404574687073,79.16666666666666,0.2,548,,,,
1972-01-01,3.263275,INDCPIALLMINMEI,cpi_yoy_pct,India CPI YoY,FRED/OECD Main Economic Indicators,yoy_pct,5.411757637347581,71.66666666666667,0.2,548,,,,
1972-02-01,3.2450650000000003,INDCPIALLMINMEI,cpi_yoy_pct,India CPI YoY,FRED/OECD Main Economic Indicators,yoy_pct,4.823530133819354,80.83333333333333,0.2,548,,,,
1972-03-01,3.263275,INDCPIALLMINMEI,cpi_yoy_pct,India CPI YoY,FRED/OECD Main Economic Indicators,yoy_pct,5.411757637347581,70.83333333333333,0.2,548,,,,
1972-04-01,3.281486,INDCPIALLMINMEI,cpi_yoy_pct,India CPI YoY,FRED/OECD Main Economic Indicators,yoy_pct,6.000017443319727,59.166666666666664,0.2,548,,,,
1972-05-01,3.2960540000000003,INDCPIALLMINMEI,cpi_yoy_pct,India CPI YoY,FRED/OECD Main Economic Indicators,yoy_pct,6.4705994461423,55.833333333333336,0.2,548,,,,
1972-06-01,3.379821,INDCPIALLMINMEI,cpi_yoy_pct,India CPI YoY,FRED/OECD Main Economic Indicators,yoy_pct,7.407403876405039,46.666666666666664,0.2,548,,,,
1972-07-01,3.4490199999999995,INDCPIALLMINMEI,cpi_yoy_pct,India CPI YoY,FRED/OECD Main Economic Indicators,yoy_pct,7.858791800903009,44.99999999999999,0.2,548,,,,
1972-08-01,3.4817980000000004,INDCPIALLMINMEI,cpi_yoy_pct,India CPI YoY,FRED/OECD Main Economic Indicators,yoy_pct,6.696432265132435,54.16666666666667,0.2,548,,,,
1972-09-01,3.500008,INDCPIALLMINMEI,cpi_yoy_pct,India CPI YoY,FRED/OECD Main Economic Indicators,yoy_pct,6.187823379107238,61.666666666666664,0.2,548,,,,
1972-10-01,3.514577,INDCPIALLMINMEI,cpi_yoy_pct,India CPI YoY,FRED/OECD Main Economic Indicators,yoy_pct,6.629836768450992,55.0,0.2,548,,,,
1972-11-01,3.5327870000000003,INDCPIALLMINMEI,cpi_yoy_pct,India CPI YoY,FRED/OECD Main Economic Indicators,yoy_pct,6.593409577511022,56.666666666666664,0.2,548,,,,
1972-12-01,3.5327870000000003,INDCPIALLMINMEI,cpi_yoy_pct,India CPI YoY,FRED/OECD Main Economic Indicators,yoy_pct,7.658146339798511,46.666666666666664,0.2,548,,,,
1973-01-01,3.5327870000000003,INDCPIALLMINMEI,cpi_yoy_pct,India CPI YoY,FRED/OECD Main Economic Indicators,yoy_pct,8.258942320215134,42.50000000000001,0.2,548,,,,
1973-02-01,3.5837760000000003,INDCPIALLMINMEI,cpi_yoy_pct,India CPI YoY,FRED/OECD Main Economic Indicators,yoy_pct,10.437726208874087,28.33333333333333,0.2,548,,,,
1973-03-01,3.634764,INDCPIALLMINMEI,cpi_yoy_pct,India CPI YoY,FRED/OECD Main Economic Indicators,yoy_pct,11.383931786318957,25.0,0.2,548,,,,
1973-04-01,3.718531,INDCPIALLMINMEI,cpi_yoy_pct,India CPI YoY,FRED/OECD Main Economic Indicators,yoy_pct,13.318508748780268,14.166666666666671,0.2,548,,,,
1973-05-01,3.835077,INDCPIALLMINMEI,cpi_yoy_pct,India CPI YoY,FRED/OECD Main Economic Indicators,yoy_pct,16.353585226455625,3.3333333333333286,0.2,548,,,,
1973-06-01,3.918844,INDCPIALLMINMEI,cpi_yoy_pct,India CPI YoY,FRED/OECD Main Economic Indicators,yoy_pct,15.948270633267247,5.0,0.2,548,,,,
1973-07-01,4.086378,INDCPIALLMINMEI,cpi_yoy_pct,India CPI YoY,FRED/OECD Main Economic Indicators,yoy_pct,18.479394146743154,0.0,0.2,548,,,,
1973-08-01,4.155577,INDCPIALLMINMEI,cpi_yoy_pct,India CPI YoY,FRED/OECD Main Economic Indicators,yoy_pct,19.351467259157463,0.0,0.2,548,,,,
1973-09-01,4.173788,INDCPIALLMINMEI,cpi_yoy_pct,India CPI YoY,FRED/OECD Main Economic Indicators,yoy_pct,19.250813140998545,0.8333333333333286,0.2,548,,,,
1973-10-01,4.272123000000001,INDCPIALLMINMEI,cpi_yoy_pct,India CPI YoY,FRED/OECD Main Economic Indicators,yoy_pct,21.554400429980625,0.0,0.2,548,,,,
1973-11-01,4.3558900000000005,INDCPIALLMINMEI,cpi_yoy_pct,India CPI YoY,FRED/OECD Main Economic Indicators,yoy_pct,23.29897047288727,0.0,0.2,548,,,,
1973-12-01,4.3741,INDCPIALLMINMEI,cpi_yoy_pct,India CPI YoY,FRED/OECD Main Economic Indicators,yoy_pct,23.814427532710013,0.0,0.2,548,,,,
1974-01-01,4.439657,INDCPIALLMINMEI,cpi_yoy_pct,India CPI YoY,FRED/OECD Main Economic Indicators,yoy_pct,25.670101254335464,0.0,0.2,548,,,,
1974-02-01,4.490645,INDCPIALLMINMEI,cpi_yoy_pct,India CPI YoY,FRED/OECD Main Economic Indicators,yoy_pct,25.304846061807428,0.8333333333333286,0.2,548,,,,
1974-03-01,4.625401,INDCPIALLMINMEI,cpi_yoy_pct,India CPI YoY,FRED/OECD Main Economic Indicators,yoy_pct,27.254506757522634,0.0,0.2,548,,,,
1974-04-01,4.760157,INDCPIALLMINMEI,cpi_yoy_pct,India CPI YoY,FRED/OECD Main Economic Indicators,yoy_pct,28.01176055813439,0.0,0.2,548,,,,
1974-05-01,4.945901,INDCPIALLMINMEI,cpi_yoy_pct,India CPI YoY,FRED/OECD Main Economic Indicators,yoy_pct,28.964842166141636,0.0,0.2,548,,,,
1974-06-01,5.062447,INDCPIALLMINMEI,cpi_yoy_pct,India CPI YoY,FRED/OECD Main Economic Indicators,yoy_pct,29.182151675340997,0.0,0.2,548,,,,
1974-07-01,5.233624,INDCPIALLMINMEI,cpi_yoy_pct,India CPI YoY,FRED/OECD Main Economic Indicators,yoy_pct,28.07488685579258,1.6666666666666714,0.2,548,,,,
1974-08-01,5.401158000000001,INDCPIALLMINMEI,cpi_yoy_pct,India CPI YoY,FRED/OECD Main Economic Indicators,yoy_pct,29.973719654334417,0.0,0.2,548,,,,
1974-09-01,5.619680000000001,INDCPIALLMINMEI,cpi_yoy_pct,India CPI YoY,FRED/OECD Main Economic Indicators,yoy_pct,34.64220032258467,0.0,0.2,548,,,,
1974-10-01,5.634249,INDCPIALLMINMEI,cpi_yoy_pct,India CPI YoY,FRED/OECD Main Economic Indicators,yoy_pct,31.88405390013347,0.8333333333333286,0.2,548,,,,
1974-11-01,5.568692,INDCPIALLMINMEI,cpi_yoy_pct,India CPI YoY,FRED/OECD Main Economic Indicators,yoy_pct,27.842805947808593,5.833333333333329,0.2,548,,,,
1974-12-01,5.484925,INDCPIALLMINMEI,cpi_yoy_pct,India CPI YoY,FRED/OECD Main Economic Indicators,yoy_pct,25.395509933472017,8.333333333333343,0.2,548,,,,
1975-01-01,5.484925,INDCPIALLMINMEI,cpi_yoy_pct,India CPI YoY,FRED/OECD Main Economic Indicators,yoy_pct,23.543890890670127,10.833333333333329,0.2,548,,,,
1975-02-01,5.466714,INDCPIALLMINMEI,cpi_yoy_pct,India CPI YoY,FRED/OECD Main Economic Indicators,yoy_pct,21.735608136470375,12.5,0.2,548,,,,
1975-03-01,5.401158000000001,INDCPIALLMINMEI,cpi_yoy_pct,India CPI YoY,FRED/OECD Main Economic Indicators,yoy_pct,16.7716701751913,16.666666666666657,0.2,548,,,,
1975-04-01,5.433936,INDCPIALLMINMEI,cpi_yoy_pct,India CPI YoY,FRED/OECD Main Economic Indicators,yoy_pct,14.154554146008191,20.833333333333343,0.2,548,,,,
1975-05-01,5.499493,INDCPIALLMINMEI,cpi_yoy_pct,India CPI YoY,FRED/OECD Main Economic Indicators,yoy_pct,11.192945430974044,39.16666666666667,0.2,548,,,,
1975-06-01,5.517703,INDCPIALLMINMEI,cpi_yoy_pct,India CPI YoY,FRED/OECD Main Economic Indicators,yoy_pct,8.992805258010605,48.33333333333333,0.2,548,,,,
1975-07-01,5.452147,INDCPIALLMINMEI,cpi_yoy_pct,India CPI YoY,FRED/OECD Main Economic Indicators,yoy_pct,4.175366820390614,95.83333333333333,0.2,548,,,,
1975-08-01,5.401158000000001,INDCPIALLMINMEI,cpi_yoy_pct,India CPI YoY,FRED/OECD Main Economic Indicators,yoy_pct,0.0,52.5,0.2,548,,,,
1975-09-01,5.368379,INDCPIALLMINMEI,cpi_yoy_pct,India CPI YoY,FRED/OECD Main Economic Indicators,yoy_pct,-4.471802664920432,31.66666666666667,0.2,548,,,,
1975-10-01,5.3173900000000005,INDCPIALLMINMEI,cpi_yoy_pct,India CPI YoY,FRED/OECD Main Economic Indicators,yoy_pct,-5.62380185895226,25.83333333333333,0.2,548,,,,
1975-11-01,5.299181,INDCPIALLMINMEI,cpi_yoy_pct,India CPI YoY,FRED/OECD Main Economic Indicators,yoy_pct,-4.839754111019257,31.66666666666667,0.2,548,,,,
1975-12-01,5.146214,INDCPIALLMINMEI,cpi_yoy_pct,India CPI YoY,FRED/OECD Main Economic Indicators,yoy_pct,-6.175307775402583,20.833333333333343,0.2,548,,,,
1976-01-01,5.0151,INDCPIALLMINMEI,cpi_yoy_pct,India CPI YoY,FRED/OECD Main Economic Indicators,yoy_pct,-8.565750671157756,17.5,0.2,548,,,,
1976-02-01,4.880344999999999,INDCPIALLMINMEI,cpi_yoy_pct,India CPI YoY,FRED/OECD Main Economic Indicators,yoy_pct,-10.726169322192458,15.833333333333329,0.2,548,,,,
1976-03-01,4.811146,INDCPIALLMINMEI,cpi_yoy_pct,India CPI YoY,FRED/OECD Main Economic Indicators,yoy_pct,-10.923805598725323,15.833333333333329,0.2,548,,,,
1976-04-01,4.862133999999999,INDCPIALLMINMEI,cpi_yoy_pct,India CPI YoY,FRED/OECD Main Economic Indicators,yoy_pct,-10.522795999069567,17.5,0.2,548,,,,
1976-05-01,4.880344999999999,INDCPIALLMINMEI,cpi_yoy_pct,India CPI YoY,FRED/OECD Main Economic Indicators,yoy_pct,-11.258274171819128,15.0,0.2,548,,,,
1976-06-01,4.894913,INDCPIALLMINMEI,cpi_yoy_pct,India CPI YoY,FRED/OECD Main Economic Indicators,yoy_pct,-11.287124370412837,15.0,0.2,548,,,,
1976-07-01,4.9968900000000005,INDCPIALLMINMEI,cpi_yoy_pct,India CPI YoY,FRED/OECD Main Economic Indicators,yoy_pct,-8.350049989481201,23.33333333333333,0.2,548,,,,
1976-08-01,5.0151,INDCPIALLMINMEI,cpi_yoy_pct,India CPI YoY,FRED/OECD Main Economic Indicators,yoy_pct,-7.147689439931215,25.83333333333333,0.2,548,,,,
1976-09-01,5.080657,INDCPIALLMINMEI,cpi_yoy_pct,India CPI YoY,FRED/OECD Main Economic Indicators,yoy_pct,-5.359569434274292,35.0,0.2,548,,,,
1976-10-01,5.113436,INDCPIALLMINMEI,cpi_yoy_pct,India CPI YoY,FRED/OECD Main Economic Indicators,yoy_pct,-3.8356035573843594,43.333333333333336,0.2,548,,,,
1976-11-01,5.146214,INDCPIALLMINMEI,cpi_yoy_pct,India CPI YoY,FRED/OECD Main Economic Indicators,yoy_pct,-2.886615875170151,46.666666666666664,0.2,548,,,,
1976-12-01,5.146214,INDCPIALLMINMEI,cpi_yoy_pct,India CPI YoY,FRED/OECD Main Economic Indicators,yoy_pct,0.0,55.833333333333336,0.2,548,,,,
1977-01-01,5.164424,INDCPIALLMINMEI,cpi_yoy_pct,India CPI YoY,FRED/OECD Main Economic Indicators,yoy_pct,2.977487986281435,85.0,0.2,548,,,,
1977-02-01,5.215413,INDCPIALLMINMEI,cpi_yoy_pct,India CPI YoY,FRED/OECD Main Economic Indicators,yoy_pct,6.865662161179187,63.333333333333336,0.2,548,,,,
1977-03-01,5.248192,INDCPIALLMINMEI,cpi_yoy_pct,India CPI YoY,FRED/OECD Main Economic Indicators,yoy_pct,9.08403112273044,48.33333333333333,0.2,548,,,,
1977-04-01,5.266402,INDCPIALLMINMEI,cpi_yoy_pct,India CPI YoY,FRED/OECD Main Economic Indicators,yoy_pct,8.314620699470666,51.666666666666664,0.2,548,,,,
1977-05-01,5.350169,INDCPIALLMINMEI,cpi_yoy_pct,India CPI YoY,FRED/OECD Main Economic Indicators,yoy_pct,9.626860396140046,45.833333333333336,0.2,548,,,,
1977-06-01,5.382947,INDCPIALLMINMEI,cpi_yoy_pct,India CPI YoY,FRED/OECD Main Economic Indicators,yoy_pct,9.970228275763017,44.99999999999999,0.2,548,,,,
1977-07-01,5.466714,INDCPIALLMINMEI,cpi_yoy_pct,India CPI YoY,FRED/OECD Main Economic Indicators,yoy_pct,9.402328248170333,46.666666666666664,0.2,548,,,,
1977-08-01,5.499493,INDCPIALLMINMEI,cpi_yoy_pct,India CPI YoY,FRED/OECD Main Economic Indicators,yoy_pct,9.658690753923139,44.166666666666664,0.2,548,,,,
1977-09-01,5.568692,INDCPIALLMINMEI,cpi_yoy_pct,India CPI YoY,FRED/OECD Main Economic Indicators,yoy_pct,9.60574587105565,44.99999999999999,0.2,548,,,,
1977-10-01,5.550482,INDCPIALLMINMEI,cpi_yoy_pct,India CPI YoY,FRED/OECD Main Economic Indicators,yoy_pct,8.547012224265638,50.0,0.2,548,,,,
1977-11-01,5.550482,INDCPIALLMINMEI,cpi_yoy_pct,India CPI YoY,FRED/OECD Main Economic Indicators,yoy_pct,7.855639116445601,57.5,0.2,548,,,,
1977-12-01,5.550482,INDCPIALLMINMEI,cpi_yoy_pct,India CPI YoY,FRED/OECD Main Economic Indicators,yoy_pct,7.855639116445601,56.666666666666664,0.2,548,,,,
1978-01-01,5.466714,INDCPIALLMINMEI,cpi_yoy_pct,India CPI YoY,FRED/OECD Main Economic Indicators,yoy_pct,5.853314909852458,75.83333333333333,0.2,548,,,,
1978-02-01,5.382947,INDCPIALLMINMEI,cpi_yoy_pct,India CPI YoY,FRED/OECD Main Economic Indicators,yoy_pct,3.2122863520108513,88.33333333333333,0.2,548,,,,
1978-03-01,5.401158000000001,INDCPIALLMINMEI,cpi_yoy_pct,India CPI YoY,FRED/OECD Main Economic Indicators,yoy_pct,2.9146418423716236,82.5,0.2,548,,,,
1978-04-01,5.415726,INDCPIALLMINMEI,cpi_yoy_pct,India CPI YoY,FRED/OECD Main Economic Indicators,yoy_pct,2.835408311025245,80.83333333333333,0.2,548,,,,
1978-05-01,5.433936,INDCPIALLMINMEI,cpi_yoy_pct,India CPI YoY,FRED/OECD Main Economic Indicators,yoy_pct,1.5656888595481755,69.16666666666666,0.2,548,,,,
1978-06-01,5.499493,INDCPIALLMINMEI,cpi_yoy_pct,India CPI YoY,FRED/OECD Main Economic Indicators,yoy_pct,2.1650965539879996,74.16666666666666,0.2,548,,,,
1978-07-01,5.550482,INDCPIALLMINMEI,cpi_yoy_pct,India CPI YoY,FRED/OECD Main Economic Indicators,yoy_pct,1.5323281956948875,67.5,0.2,548,,,,
1978-08-01,5.568692,INDCPIALLMINMEI,cpi_yoy_pct,India CPI YoY,FRED/OECD Main Economic Indicators,yoy_pct,1.2582796268674201,61.666666666666664,0.2,548,,,,
1978-09-01,5.652459,INDCPIALLMINMEI,cpi_yoy_pct,India CPI YoY,FRED/OECD Main Economic Indicators,yoy_pct,1.5042491127180257,66.66666666666667,0.2,548,,,,
1978-10-01,5.721658000000001,INDCPIALLMINMEI,cpi_yoy_pct,India CPI YoY,FRED/OECD Main Economic Indicators,yoy_pct,3.0839844179298526,85.83333333333333,0.2,548,,,,
1978-11-01,5.721658000000001,INDCPIALLMINMEI,cpi_yoy_pct,India CPI YoY,FRED/OECD Main Economic Indicators,yoy_pct,3.0839844179298526,85.0,0.2,548,,,,
1978-12-01,5.634249,INDCPIALLMINMEI,cpi_yoy_pct,India CPI YoY,FRED/OECD Main Economic Indicators,yoy_pct,1.509184247422124,65.0,0.2,548,,,,
1979-01-01,5.586902,INDCPIALLMINMEI,cpi_yoy_pct,India CPI YoY,FRED/OECD Main Economic Indicators,yoy_pct,2.1985419394539463,74.16666666666666,0.2,548,,,,
1979-02-01,5.535913,INDCPIALLMINMEI,cpi_yoy_pct,India CPI YoY,FRED/OECD Main Economic Indicators,yoy_pct,2.8416776163688873,80.0,0.2,548,,,,
1979-03-01,5.586902,INDCPIALLMINMEI,cpi_yoy_pct,India CPI YoY,FRED/OECD Main Economic Indicators,yoy_pct,3.438966236499641,89.16666666666667,0.2,548,,,,
1979-04-01,5.670669,INDCPIALLMINMEI,cpi_yoy_pct,India CPI YoY,FRED/OECD Main Economic Indicators,yoy_pct,4.707457504312429,88.33333333333333,0.2,548,,,,
1979-05-01,5.703448000000001,INDCPIALLMINMEI,cpi_yoy_pct,India CPI YoY,FRED/OECD Main Economic Indicators,yoy_pct,4.959793416779301,81.66666666666667,0.2,548,,,,
1979-06-01,5.805425,INDCPIALLMINMEI,cpi_yoy_pct,India CPI YoY,FRED/OECD Main Economic Indicators,yoy_pct,5.562912799416231,72.5,0.2,548,,,,
1979-07-01,5.940181,INDCPIALLMINMEI,cpi_yoy_pct,India CPI YoY,FRED/OECD Main Economic Indicators,yoy_pct,7.020993852425783,54.16666666666667,0.2,548,,,,
1979-08-01,6.056726,INDCPIALLMINMEI,cpi_yoy_pct,India CPI YoY,FRED/OECD Main Economic Indicators,yoy_pct,8.763889258016055,42.50000000000001,0.2,548,,,,
1979-09-01,6.107715,INDCPIALLMINMEI,cpi_yoy_pct,India CPI YoY,FRED/OECD Main Economic Indicators,yoy_pct,8.054122993196412,45.833333333333336,0.2,548,,,,
1979-10-01,6.140493,INDCPIALLMINMEI,cpi_yoy_pct,India CPI YoY,FRED/OECD Main Economic Indicators,yoy_pct,7.3201683847583965,53.333333333333336,0.2,548,,,,
1979-11-01,6.191482,INDCPIALLMINMEI,cpi_yoy_pct,India CPI YoY,FRED/OECD Main Economic Indicators,yoy_pct,8.211326157557819,44.99999999999999,0.2,548,,,,
1979-12-01,6.293459,INDCPIALLMINMEI,cpi_yoy_pct,India CPI YoY,FRED/OECD Main Economic Indicators,yoy_pct,11.700050885220037,32.5,0.2,548,,,,
1980-01-01,6.242471,INDCPIALLMINMEI,cpi_yoy_pct,India CPI YoY,FRED/OECD Main Economic Indicators,yoy_pct,11.734034353922794,32.5,0.2,548,,,,
1980-02-01,6.20605,INDCPIALLMINMEI,cpi_yoy_pct,India CPI YoY,FRED/OECD Main Economic Indicators,yoy_pct,12.105266105157364,31.66666666666667,0.2,548,,,,
1980-03-01,6.275249,INDCPIALLMINMEI,cpi_yoy_pct,India CPI YoY,FRED/OECD Main Economic Indicators,yoy_pct,12.320728017065608,31.66666666666667,0.2,548,,,,
1980-04-01,6.308028,INDCPIALLMINMEI,cpi_yoy_pct,India CPI YoY,FRED/OECD Main Economic Indicators,yoy_pct,11.23957332018497,36.66666666666667,0.2,548,,,,
1980-05-01,6.428216,INDCPIALLMINMEI,cpi_yoy_pct,India CPI YoY,FRED/OECD Main Economic Indicators,yoy_pct,12.707541122492906,30.83333333333333,0.2,548,,,,
1980-06-01,6.493772,INDCPIALLMINMEI,cpi_yoy_pct,India CPI YoY,FRED/OECD Main Economic Indicators,yoy_pct,11.856961376643405,34.16666666666667,0.2,548,,,,
1980-07-01,6.628528,INDCPIALLMINMEI,cpi_yoy_pct,India CPI YoY,FRED/OECD Main Economic Indicators,yoy_pct,11.58798023157881,37.5,0.2,548,,,,
1980-08-01,6.679517,INDCPIALLMINMEI,cpi_yoy_pct,India CPI YoY,FRED/OECD Main Economic Indicators,yoy_pct,10.282634545462344,42.50000000000001,0.2,548,,,,
1980-09-01,6.763284,INDCPIALLMINMEI,cpi_yoy_pct,India CPI YoY,FRED/OECD Main Economic Indicators,yoy_pct,10.733457602393038,41.666666666666664,0.2,548,,,,
1980-10-01,6.828841000000001,INDCPIALLMINMEI,cpi_yoy_pct,India CPI YoY,FRED/OECD Main Economic Indicators,yoy_pct,11.209979394162662,40.0,0.2,548,,,,
1980-11-01,6.9126080000000005,INDCPIALLMINMEI,cpi_yoy_pct,India CPI YoY,FRED/OECD Main Economic Indicators,yoy_pct,11.647066082078595,37.5,0.2,548,,,,
1980-12-01,6.865261,INDCPIALLMINMEI,cpi_yoy_pct,India CPI YoY,FRED/OECD Main Economic Indicators,yoy_pct,9.085655440037034,50.0,0.2,548,,,,
1981-01-01,6.9126080000000005,INDCPIALLMINMEI,cpi_yoy_pct,India CPI YoY,FRED/OECD Main Economic Indicators,yoy_pct,10.735123959726845,43.333333333333336,0.2,548,,,,
1981-02-01,7.032795,INDCPIALLMINMEI,cpi_yoy_pct,India CPI YoY,FRED/OECD Main Economic Indicators,yoy_pct,13.321597473433178,29.166666666666657,0.2,548,,,,
1981-03-01,7.065574000000001,INDCPIALLMINMEI,cpi_yoy_pct,India CPI YoY,FRED/OECD Main Economic Indicators,yoy_pct,12.594320958419347,32.5,0.2,548,,,,
1981-04-01,7.182119,INDCPIALLMINMEI,cpi_yoy_pct,India CPI YoY,FRED/OECD Main Economic Indicators,yoy_pct,13.856802791617273,27.5,0.2,548,,,,
1981-05-01,7.284097,INDCPIALLMINMEI,cpi_yoy_pct,India CPI YoY,FRED/OECD Main Economic Indicators,yoy_pct,13.314440585070564,31.66666666666667,0.2,548,,,,
1981-06-01,7.386074000000002,INDCPIALLMINMEI,cpi_yoy_pct,India CPI YoY,FRED/OECD Main Economic Indicators,yoy_pct,13.740888962532116,28.33333333333333,0.2,548,,,,
1981-07-01,7.52083,INDCPIALLMINMEI,cpi_yoy_pct,India CPI YoY,FRED/OECD Main Economic Indicators,yoy_pct,13.461540782508564,30.0,0.2,548,,,,
1981-08-01,7.637374999999999,INDCPIALLMINMEI,cpi_yoy_pct,India CPI YoY,FRED/OECD Main Economic Indicators,yoy_pct,14.340228492569128,25.83333333333333,0.2,548,,,,
1981-09-01,7.670153999999998,INDCPIALLMINMEI,cpi_yoy_pct,India CPI YoY,FRED/OECD Main Economic Indicators,yoy_pct,13.408722744749424,31.66666666666667,0.2,548,,,,
1981-10-01,7.739352999999999,INDCPIALLMINMEI,cpi_yoy_pct,India CPI YoY,FRED/OECD Main Economic Indicators,yoy_pct,13.333331380830193,33.33333333333334,0.2,548,,,,
1981-11-01,7.772131,INDCPIALLMINMEI,cpi_yoy_pct,India CPI YoY,FRED/OECD Main Economic Indicators,yoy_pct,12.434134844620148,40.0,0.2,548,,,,
1981-12-01,7.739352999999999,INDCPIALLMINMEI,cpi_yoy_pct,India CPI YoY,FRED/OECD Main Economic Indicators,yoy_pct,12.732101518063166,37.5,0.2,548,,,,
1982-01-01,7.721141999999999,INDCPIALLMINMEI,cpi_yoy_pct,India CPI YoY,FRED/OECD Main Economic Indicators,yoy_pct,11.696511649438213,46.666666666666664,0.2,548,,,,
1982-02-01,7.706574000000002,INDCPIALLMINMEI,cpi_yoy_pct,India CPI YoY,FRED/OECD Main Economic Indicators,yoy_pct,9.58052950498345,60.0,0.2,548,,,,
1982-03-01,7.688364,INDCPIALLMINMEI,cpi_yoy_pct,India CPI YoY,FRED/OECD Main Economic Indicators,yoy_pct,8.814428948023178,64.16666666666666,0.2,548,,,,
1982-04-01,7.721141999999999,INDCPIALLMINMEI,cpi_yoy_pct,India CPI YoY,FRED/OECD Main Economic Indicators,yoy_pct,7.505069186405833,75.0,0.2,548,,,,
1982-05-01,7.772131,INDCPIALLMINMEI,cpi_yoy_pct,India CPI YoY,FRED/OECD Main Economic Indicators,yoy_pct,6.699993149459704,80.0,0.2,548,,,,
1982-06-01,7.9068869999999984,INDCPIALLMINMEI,cpi_yoy_pct,India CPI YoY,FRED/OECD Main Economic Indicators,yoy_pct,7.0512832663197855,76.66666666666667,0.2,548,,,,
1982-07-01,8.041643,INDCPIALLMINMEI,cpi_yoy_pct,India CPI YoY,FRED/OECD Main Economic Indicators,yoy_pct,6.924940465347573,77.5,0.2,548,,,,
1982-08-01,8.209177,INDCPIALLMINMEI,cpi_yoy_pct,India CPI YoY,FRED/OECD Main Economic Indicators,yoy_pct,7.486891765822712,75.0,0.2,548,,,,
1982-09-01,8.227387,INDCPIALLMINMEI,cpi_yoy_pct,India CPI YoY,FRED/OECD Main Economic Indicators,yoy_pct,7.264951916219697,76.66666666666667,0.2,548,,,,
1982-10-01,8.260165,INDCPIALLMINMEI,cpi_yoy_pct,India CPI YoY,FRED/OECD Main Economic Indicators,yoy_pct,6.729399731476282,81.66666666666667,0.2,548,,,,
1982-11-01,8.343933,INDCPIALLMINMEI,cpi_yoy_pct,India CPI YoY,FRED/OECD Main Economic Indicators,yoy_pct,7.357081346158467,75.83333333333333,0.2,548,,,,
1982-12-01,8.362142999999998,INDCPIALLMINMEI,cpi_yoy_pct,India CPI YoY,FRED/OECD Main Economic Indicators,yoy_pct,8.047055096207645,70.0,0.2,548,,,,
1983-01-01,8.325723,INDCPIALLMINMEI,cpi_yoy_pct,India CPI YoY,FRED/OECD Main Economic Indicators,yoy_pct,7.830201801754222,73.33333333333333,0.2,548,,,,
1983-02-01,8.413132000000001,INDCPIALLMINMEI,cpi_yoy_pct,India CPI YoY,FRED/OECD Main Economic Indicators,yoy_pct,9.16825037948119,60.833333333333336,0.2,548,,,,
1983-03-01,8.445910000000001,INDCPIALLMINMEI,cpi_yoy_pct,India CPI YoY,FRED/OECD Main Economic Indicators,yoy_pct,9.853149512692184,55.833333333333336,0.2,548,,,,
1983-04-01,8.547888,INDCPIALLMINMEI,cpi_yoy_pct,India CPI YoY,FRED/OECD Main Economic Indicators,yoy_pct,10.707561135386467,53.333333333333336,0.2,548,,,,
1983-05-01,8.76641,INDCPIALLMINMEI,cpi_yoy_pct,India CPI YoY,FRED/OECD Main Economic Indicators,yoy_pct,12.79287495282826,35.83333333333333,0.2,548,,,,
1983-06-01,8.966722,INDCPIALLMINMEI,cpi_yoy_pct,India CPI YoY,FRED/OECD Main Economic Indicators,yoy_pct,13.403947723041988,30.83333333333333,0.2,548,,,,
1983-07-01,9.101479,INDCPIALLMINMEI,cpi_yoy_pct,India CPI YoY,FRED/OECD Main Economic Indicators,yoy_pct,13.179346558905912,34.16666666666667,0.2,548,,,,
1983-08-01,9.236235,INDCPIALLMINMEI,cpi_yoy_pct,India CPI YoY,FRED/OECD Main Economic Indicators,yoy_pct,12.511095813867822,38.33333333333333,0.2,548,,,,
1983-09-01,9.320002,INDCPIALLMINMEI,cpi_yoy_pct,India CPI YoY,FRED/OECD Main Economic Indicators,yoy_pct,13.280218859280591,32.5,0.2,548,,,,
1983-10-01,9.385558,INDCPIALLMINMEI,cpi_yoy_pct,India CPI YoY,FRED/OECD Main Economic Indicators,yoy_pct,13.624340433877524,25.0,0.2,548,,,,
1983-11-01,9.436547,INDCPIALLMINMEI,cpi_yoy_pct,India CPI YoY,FRED/OECD Main Economic Indicators,yoy_pct,13.094712050060785,33.33333333333334,0.2,548,,,,
1983-12-01,9.403769,INDCPIALLMINMEI,cpi_yoy_pct,India CPI YoY,FRED/OECD Main Economic Indicators,yoy_pct,12.456448066004167,39.16666666666667,0.2,548,,,,
1984-01-01,9.472968,INDCPIALLMINMEI,cpi_yoy_pct,India CPI YoY,FRED/OECD Main Economic Indicators,yoy_pct,13.779524012509192,21.66666666666667,0.2,548,,,,
1984-02-01,9.436547,INDCPIALLMINMEI,cpi_yoy_pct,India CPI YoY,FRED/OECD Main Economic Indicators,yoy_pct,12.164494744644427,40.833333333333336,0.2,548,,,,
1984-03-01,9.385558,INDCPIALLMINMEI,cpi_yoy_pct,India CPI YoY,FRED/OECD Main Economic Indicators,yoy_pct,11.12547967004145,50.0,0.2,548,,,,
1984-04-01,9.403769,INDCPIALLMINMEI,cpi_yoy_pct,India CPI YoY,FRED/OECD Main Economic Indicators,yoy_pct,10.012777425254061,54.16666666666667,0.2,548,,,,
1984-05-01,9.454758,INDCPIALLMINMEI,cpi_yoy_pct,India CPI YoY,FRED/OECD Main Economic Indicators,yoy_pct,7.852108217617015,72.5,0.2,548,,,,
1984-06-01,9.65507,INDCPIALLMINMEI,cpi_yoy_pct,India CPI YoY,FRED/OECD Main Economic Indicators,yoy_pct,7.676696121503479,73.33333333333333,0.2,548,,,,
1984-07-01,9.840815,INDCPIALLMINMEI,cpi_yoy_pct,India CPI YoY,FRED/OECD Main Economic Indicators,yoy_pct,8.12325117708892,65.83333333333334,0.2,548,,,,
1984-08-01,9.859025,INDCPIALLMINMEI,cpi_yoy_pct,India CPI YoY,FRED/OECD Main Economic Indicators,yoy_pct,6.742899027579963,80.83333333333333,0.2,548,,,,
1984-09-01,9.910013,INDCPIALLMINMEI,cpi_yoy_pct,India CPI YoY,FRED/OECD Main Economic Indicators,yoy_pct,6.330588770259915,86.66666666666667,0.2,548,,,,
1984-10-01,9.961002,INDCPIALLMINMEI,cpi_yoy_pct,India CPI YoY,FRED/OECD Main Economic Indicators,yoy_pct,6.131164497624986,86.66666666666667,0.2,548,,,,
1984-11-01,10.00835,INDCPIALLMINMEI,cpi_yoy_pct,India CPI YoY,FRED/OECD Main Economic Indicators,yoy_pct,6.059451619326439,86.66666666666667,0.2,548,,,,
1984-12-01,9.891803,INDCPIALLMINMEI,cpi_yoy_pct,India CPI YoY,FRED/OECD Main Economic Indicators,yoy_pct,5.189770186826137,90.0,0.2,548,,,,
1985-01-01,9.891803,INDCPIALLMINMEI,cpi_yoy_pct,India CPI YoY,FRED/OECD Main Economic Indicators,yoy_pct,4.4213703667108195,98.33333333333333,0.2,548,,,,
1985-02-01,9.840815,INDCPIALLMINMEI,cpi_yoy_pct,India CPI YoY,FRED/OECD Main Economic Indicators,yoy_pct,4.284067042743489,98.33333333333333,0.2,548,,,,
1985-03-01,9.859025,INDCPIALLMINMEI,cpi_yoy_pct,India CPI YoY,FRED/OECD Main Economic Indicators,yoy_pct,5.044633467717108,90.83333333333333,0.2,548,,,,
1985-04-01,9.99378,INDCPIALLMINMEI,cpi_yoy_pct,India CPI YoY,FRED/OECD Main Economic Indicators,yoy_pct,6.2741970799155,81.66666666666667,0.2,548,,,,
1985-05-01,10.09212,INDCPIALLMINMEI,cpi_yoy_pct,India CPI YoY,FRED/OECD Main Economic Indicators,yoy_pct,6.741177299302636,75.0,0.2,548,,,,
1985-06-01,10.19409,INDCPIALLMINMEI,cpi_yoy_pct,India CPI YoY,FRED/OECD Main Economic Indicators,yoy_pct,5.582766360057456,85.83333333333333,0.2,548,,,,
1985-07-01,10.34706,INDCPIALLMINMEI,cpi_yoy_pct,India CPI YoY,FRED/OECD Main Economic Indicators,yoy_pct,5.144340179141693,90.0,0.2,548,,,,
1985-08-01,10.39805,INDCPIALLMINMEI,cpi_yoy_pct,India CPI YoY,FRED/OECD Main Economic Indicators,yoy_pct,5.46732562296981,86.66666666666667,0.2,548,,,,
1985-09-01,10.41262,INDCPIALLMINMEI,cpi_yoy_pct,India CPI YoY,FRED/OECD Main Economic Indicators,yoy_pct,5.071708785851259,90.83333333333333,0.2,548,,,,
1985-10-01,10.51459,INDCPIALLMINMEI,cpi_yoy_pct,India CPI YoY,FRED/OECD Main Economic Indicators,yoy_pct,5.557553346540844,85.0,0.2,548,,,,
1985-11-01,10.59836,INDCPIALLMINMEI,cpi_yoy_pct,India CPI YoY,FRED/OECD Main Economic Indicators,yoy_pct,5.8951775267651385,80.0,0.2,548,,,,
1985-12-01,10.59836,INDCPIALLMINMEI,cpi_yoy_pct,India CPI YoY,FRED/OECD Main Economic Indicators,yoy_pct,7.142853532364124,65.0,0.2,548,,,,
1986-01-01,10.58015,INDCPIALLMINMEI,cpi_yoy_pct,India CPI YoY,FRED/OECD Main Economic Indicators,yoy_pct,6.9587617141182445,66.66666666666667,0.2,548,,,,
1986-02-01,10.64935,INDCPIALLMINMEI,cpi_yoy_pct,India CPI YoY,FRED/OECD Main Economic Indicators,yoy_pct,8.216138602341383,50.833333333333336,0.2,548,,,,
1986-03-01,10.73312,INDCPIALLMINMEI,cpi_yoy_pct,India CPI YoY,FRED/OECD Main Economic Indicators,yoy_pct,8.86593755467704,46.666666666666664,0.2,548,,,,
1986-04-01,10.81688,INDCPIALLMINMEI,cpi_yoy_pct,India CPI YoY,FRED/OECD Main Economic Indicators,yoy_pct,8.236122868424168,50.0,0.2,548,,,,
1986-05-01,10.95164,INDCPIALLMINMEI,cpi_yoy_pct,India CPI YoY,FRED/OECD Main Economic Indicators,yoy_pct,8.516743756514987,48.33333333333333,0.2,548,,,,
1986-06-01,11.06818,INDCPIALLMINMEI,cpi_yoy_pct,India CPI YoY,FRED/OECD Main Economic Indicators,yoy_pct,8.574477957326266,46.666666666666664,0.2,548,,,,
1986-07-01,11.23936,INDCPIALLMINMEI,cpi_yoy_pct,India CPI YoY,FRED/OECD Main Economic Indicators,yoy_pct,8.62370567098285,45.833333333333336,0.2,548,,,,
1986-08-01,11.30492,INDCPIALLMINMEI,cpi_yoy_pct,India CPI YoY,FRED/OECD Main Economic Indicators,yoy_pct,8.721539134741608,44.99999999999999,0.2,548,,,,
1986-09-01,11.37412,INDCPIALLMINMEI,cpi_yoy_pct,India CPI YoY,FRED/OECD Main Economic Indicators,yoy_pct,9.233987219354955,39.16666666666667,0.2,548,,,,
1986-10-01,11.52344,INDCPIALLMINMEI,cpi_yoy_pct,India CPI YoY,FRED/OECD Main Economic Indicators,yoy_pct,9.594763086340041,36.66666666666667,0.2,548,,,,
1986-11-01,11.63999,INDCPIALLMINMEI,cpi_yoy_pct,India CPI YoY,FRED/OECD Main Economic Indicators,yoy_pct,9.828218705535562,33.33333333333334,0.2,548,,,,
1986-12-01,11.57443,INDCPIALLMINMEI,cpi_yoy_pct,India CPI YoY,FRED/OECD Main Economic Indicators,yoy_pct,9.20963243369728,40.0,0.2,548,,,,
1987-01-01,11.57443,INDCPIALLMINMEI,cpi_yoy_pct,India CPI YoY,FRED/OECD Main Economic Indicators,yoy_pct,9.397598332726842,39.16666666666667,0.2,548,,,,
1987-02-01,11.54165,INDCPIALLMINMEI,cpi_yoy_pct,India CPI YoY,FRED/OECD Main Economic Indicators,yoy_pct,8.3789151450558,50.833333333333336,0.2,548,,,,
1987-03-01,11.54165,INDCPIALLMINMEI,cpi_yoy_pct,India CPI YoY,FRED/OECD Main Economic Indicators,yoy_pct,7.533037923735142,60.833333333333336,0.2,548,,,,
1987-04-01,11.62542,INDCPIALLMINMEI,cpi_yoy_pct,India CPI YoY,FRED/OECD Main Economic Indicators,yoy_pct,7.474798648038994,62.5,0.2,548,,,,
1987-05-01,11.82573,INDCPIALLMINMEI,cpi_yoy_pct,India CPI YoY,FRED/OECD Main Economic Indicators,yoy_pct,7.981361695599931,55.0,0.2,548,,,,
1987-06-01,12.02969,INDCPIALLMINMEI,cpi_yoy_pct,India CPI YoY,FRED/OECD Main Economic Indicators,yoy_pct,8.687155431154903,44.99999999999999,0.2,548,,,,
1987-07-01,12.17901,INDCPIALLMINMEI,cpi_yoy_pct,India CPI YoY,FRED/OECD Main Economic Indicators,yoy_pct,8.360351479087779,49.16666666666667,0.2,548,,,,
1987-08-01,12.38296,INDCPIALLMINMEI,cpi_yoy_pct,India CPI YoY,FRED/OECD Main Economic Indicators,yoy_pct,9.536025022733474,35.83333333333333,0.2,548,,,,
1987-09-01,12.53229,INDCPIALLMINMEI,cpi_yoy_pct,India CPI YoY,FRED/OECD Main Economic Indicators,yoy_pct,10.182502030926344,30.83333333333333,0.2,548,,,,
1987-10-01,12.61606,INDCPIALLMINMEI,cpi_yoy_pct,India CPI YoY,FRED/OECD Main Economic Indicators,yoy_pct,9.48171726498337,36.66666666666667,0.2,548,,,,
1987-11-01,12.69982,INDCPIALLMINMEI,cpi_yoy_pct,India CPI YoY,FRED/OECD Main Economic Indicators,yoy_pct,9.105076550753054,40.833333333333336,0.2,548,,,,
1987-12-01,12.65248,INDCPIALLMINMEI,cpi_yoy_pct,India CPI YoY,FRED/OECD Main Economic Indicators,yoy_pct,9.31406557385548,38.33333333333333,0.2,548,,,,
1988-01-01,12.66704,INDCPIALLMINMEI,cpi_yoy_pct,India CPI YoY,FRED/OECD Main Economic Indicators,yoy_pct,9.439860105422039,37.5,0.2,548,,,,
1988-02-01,12.60149,INDCPIALLMINMEI,cpi_yoy_pct,India CPI YoY,FRED/OECD Main Economic Indicators,yoy_pct,9.182742502155229,41.666666666666664,0.2,548,,,,
1988-03-01,12.66704,INDCPIALLMINMEI,cpi_yoy_pct,India CPI YoY,FRED/OECD Main Economic Indicators,yoy_pct,9.75068556055676,34.16666666666667,0.2,548,,,,
1988-04-01,12.83458,INDCPIALLMINMEI,cpi_yoy_pct,India CPI YoY,FRED/OECD Main Economic Indicators,yoy_pct,10.401000566001063,30.0,0.2,548,,,,
1988-05-01,12.96933,INDCPIALLMINMEI,cpi_yoy_pct,India CPI YoY,FRED/OECD Main Economic Indicators,yoy_pct,9.670438949646233,35.83333333333333,0.2,548,,,,
1988-06-01,13.155079999999998,INDCPIALLMINMEI,cpi_yoy_pct,India CPI YoY,FRED/OECD Main Economic Indicators,yoy_pct,9.35510391373342,41.666666666666664,0.2,548,,,,
1988-07-01,13.3736,INDCPIALLMINMEI,cpi_yoy_pct,India CPI YoY,FRED/OECD Main Economic Indicators,yoy_pct,9.808596922081513,35.0,0.2,548,,,,
1988-08-01,13.45737,INDCPIALLMINMEI,cpi_yoy_pct,India CPI YoY,FRED/OECD Main Economic Indicators,yoy_pct,8.676519991988974,53.333333333333336,0.2,548,,,,
1988-09-01,13.55935,INDCPIALLMINMEI,cpi_yoy_pct,India CPI YoY,FRED/OECD Main Economic Indicators,yoy_pct,8.195309875529544,60.833333333333336,0.2,548,,,,
1988-10-01,13.84707,INDCPIALLMINMEI,cpi_yoy_pct,India CPI YoY,FRED/OECD Main Economic Indicators,yoy_pct,9.75748371520111,35.83333333333333,0.2,548,,,,
1988-11-01,13.92998,INDCPIALLMINMEI,cpi_yoy_pct,India CPI YoY,FRED/OECD Main Economic Indicators,yoy_pct,9.6864365006748,37.5,0.2,548,,,,
1988-12-01,13.76415,INDCPIALLMINMEI,cpi_yoy_pct,India CPI YoY,FRED/OECD Main Economic Indicators,yoy_pct,8.786182629808547,52.5,0.2,548,,,,
1989-01-01,13.68123,INDCPIALLMINMEI,cpi_yoy_pct,India CPI YoY,FRED/OECD Main Economic Indicators,yoy_pct,8.00652717604111,66.66666666666667,0.2,548,,,,
1989-02-01,13.68123,INDCPIALLMINMEI,cpi_yoy_pct,India CPI YoY,FRED/OECD Main Economic Indicators,yoy_pct,8.568351837758858,58.33333333333333,0.2,548,,,,
1989-03-01,13.76415,INDCPIALLMINMEI,cpi_yoy_pct,India CPI YoY,FRED/OECD Main Economic Indicators,yoy_pct,8.661139461152722,56.666666666666664,0.2,548,,,,
1989-04-01,13.84707,INDCPIALLMINMEI,cpi_yoy_pct,India CPI YoY,FRED/OECD Main Economic Indicators,yoy_pct,7.888766130251246,70.0,0.2,548,,,,
1989-05-01,14.0129,INDCPIALLMINMEI,cpi_yoy_pct,India CPI YoY,FRED/OECD Main Economic Indicators,yoy_pct,8.046444958991717,68.33333333333334,0.2,548,,,,
1989-06-01,14.09582,INDCPIALLMINMEI,cpi_yoy_pct,India CPI YoY,FRED/OECD Main Economic Indicators,yoy_pct,7.151153774815522,80.0,0.2,548,,,,
1989-07-01,14.26165,INDCPIALLMINMEI,cpi_yoy_pct,India CPI YoY,FRED/OECD Main Economic Indicators,yoy_pct,6.640321229885737,87.5,0.2,548,,,,
1989-08-01,14.42748,INDCPIALLMINMEI,cpi_yoy_pct,India CPI YoY,FRED/OECD Main Economic Indicators,yoy_pct,7.208763673734175,79.16666666666666,0.2,548,,,,
1989-09-01,14.59332,INDCPIALLMINMEI,cpi_yoy_pct,India CPI YoY,FRED/OECD Main Economic Indicators,yoy_pct,7.625513022379393,72.5,0.2,548,,,,
1989-10-01,14.59332,INDCPIALLMINMEI,cpi_yoy_pct,India CPI YoY,FRED/OECD Main Economic Indicators,yoy_pct,5.389226746163622,94.16666666666667,0.2,548,,,,
1989-11-01,14.59332,INDCPIALLMINMEI,cpi_yoy_pct,India CPI YoY,FRED/OECD Main Economic Indicators,yoy_pct,4.761959457228215,97.5,0.2,548,,,,
1989-12-01,14.5104,INDCPIALLMINMEI,cpi_yoy_pct,India CPI YoY,FRED/OECD Main Economic Indicators,yoy_pct,5.421693311973486,92.5,0.2,548,,,,
1990-01-01,14.42748,INDCPIALLMINMEI,cpi_yoy_pct,India CPI YoY,FRED/OECD Main Economic Indicators,yoy_pct,5.454553428310183,91.66666666666667,0.2,548,,,,
1990-02-01,14.5104,INDCPIALLMINMEI,cpi_yoy_pct,India CPI YoY,FRED/OECD Main Economic Indicators,yoy_pct,6.060639284625724,86.66666666666667,0.2,548,,,,
1990-03-01,14.67623,INDCPIALLMINMEI,cpi_yoy_pct,India CPI YoY,FRED/OECD Main Economic Indicators,yoy_pct,6.626489830465365,83.33333333333334,0.2,548,,,,
1990-04-01,14.92498,INDCPIALLMINMEI,cpi_yoy_pct,India CPI YoY,FRED/OECD Main Economic Indicators,yoy_pct,7.784390488384907,66.66666666666667,0.2,548,,,,
1990-05-01,15.09082,INDCPIALLMINMEI,cpi_yoy_pct,India CPI YoY,FRED/OECD Main Economic Indicators,yoy_pct,7.692340628991867,66.66666666666667,0.2,548,,,,
1990-06-01,15.33957,INDCPIALLMINMEI,cpi_yoy_pct,India CPI YoY,FRED/OECD Main Economic Indicators,yoy_pct,8.82353775800202,45.833333333333336,0.2,548,,,,
1990-07-01,15.67123,INDCPIALLMINMEI,cpi_yoy_pct,India CPI YoY,FRED/OECD Main Economic Indicators,yoy_pct,9.883709107992411,26.66666666666667,0.2,548,,,,
1990-08-01,15.75415,INDCPIALLMINMEI,cpi_yoy_pct,India CPI YoY,FRED/OECD Main Economic Indicators,yoy_pct,9.1954381499749,40.833333333333336,0.2,548,,,,
1990-09-01,15.83707,INDCPIALLMINMEI,cpi_yoy_pct,India CPI YoY,FRED/OECD Main Economic Indicators,yoy_pct,8.522735059602615,53.333333333333336,0.2,548,,,,
1990-10-01,16.16873,INDCPIALLMINMEI,cpi_yoy_pct,India CPI YoY,FRED/OECD Main Economic Indicators,yoy_pct,10.795418725827988,20.0,0.2,548,,,,
1990-11-01,16.417479999999998,INDCPIALLMINMEI,cpi_yoy_pct,India CPI YoY,FRED/OECD Main Economic Indicators,yoy_pct,12.499965737748475,15.0,0.2,548,,,,
1990-12-01,16.5004,INDCPIALLMINMEI,cpi_yoy_pct,India CPI YoY,FRED/OECD Main Economic Indicators,yoy_pct,13.71430146653434,3.3333333333333286,0.2,548,,,,
1991-01-01,16.74915,INDCPIALLMINMEI,cpi_yoy_pct,India CPI YoY,FRED/OECD Main Economic Indicators,yoy_pct,16.091999434412664,0.0,0.2,548,,,,
1991-02-01,16.74915,INDCPIALLMINMEI,cpi_yoy_pct,India CPI YoY,FRED/OECD Main Economic Indicators,yoy_pct,15.428589149851145,0.8333333333333286,0.2,548,,,,
1991-03-01,16.66623,INDCPIALLMINMEI,cpi_yoy_pct,India CPI YoY,FRED/OECD Main Economic Indicators,yoy_pct,13.559340511834428,6.666666666666671,0.2,548,,,,
1991-04-01,16.74915,INDCPIALLMINMEI,cpi_yoy_pct,India CPI YoY,FRED/OECD Main Economic Indicators,yoy_pct,12.222260934353013,18.33333333333333,0.2,548,,,,
1991-05-01,16.91498,INDCPIALLMINMEI,cpi_yoy_pct,India CPI YoY,FRED/OECD Main Economic Indicators,yoy_pct,12.087878591090462,19.16666666666667,0.2,548,,,,
1991-06-01,17.32956,INDCPIALLMINMEI,cpi_yoy_pct,India CPI YoY,FRED/OECD Main Economic Indicators,yoy_pct,12.972919058356913,11.666666666666671,0.2,548,,,,
1991-07-01,17.74415,INDCPIALLMINMEI,cpi_yoy_pct,India CPI YoY,FRED/OECD Main Economic Indicators,yoy_pct,13.227551379183389,9.166666666666671,0.2,548,,,,
1991-08-01,17.9929,INDCPIALLMINMEI,cpi_yoy_pct,India CPI YoY,FRED/OECD Main Economic Indicators,yoy_pct,14.210541349422211,1.6666666666666714,0.2,548,,,,
1991-09-01,18.32456,INDCPIALLMINMEI,cpi_yoy_pct,India CPI YoY,FRED/OECD Main Economic Indicators,yoy_pct,15.706756363392982,0.8333333333333286,0.2,548,,,,
1991-10-01,18.4904,INDCPIALLMINMEI,cpi_yoy_pct,India CPI YoY,FRED/OECD Main Economic Indicators,yoy_pct,14.359012736312637,2.5,0.2,548,,,,
1991-11-01,18.65623,INDCPIALLMINMEI,cpi_yoy_pct,India CPI YoY,FRED/OECD Main Economic Indicators,yoy_pct,13.63638024836944,5.833333333333329,0.2,548,,,,
1991-12-01,18.65623,INDCPIALLMINMEI,cpi_yoy_pct,India CPI YoY,FRED/OECD Main Economic Indicators,yoy_pct,13.065319628615079,12.5,0.2,548,,,,
1992-01-01,18.90498,INDCPIALLMINMEI,cpi_yoy_pct,India CPI YoY,FRED/OECD Main Economic Indicators,yoy_pct,12.871280035106247,14.166666666666671,0.2,548,,,,
1992-02-01,18.9879,INDCPIALLMINMEI,cpi_yoy_pct,India CPI YoY,FRED/OECD Main Economic Indicators,yoy_pct,13.366349934175759,9.166666666666671,0.2,548,,,,
1992-03-01,18.9879,INDCPIALLMINMEI,cpi_yoy_pct,India CPI YoY,FRED/OECD Main Economic Indicators,yoy_pct,13.930384976086385,4.166666666666657,0.2,548,,,,
1992-04-01,19.15373,INDCPIALLMINMEI,cpi_yoy_pct,India CPI YoY,FRED/OECD Main Economic Indicators,yoy_pct,14.356430027792456,3.3333333333333286,0.2,548,,,,
1992-05-01,19.40248,INDCPIALLMINMEI,cpi_yoy_pct,India CPI YoY,FRED/OECD Main Economic Indicators,yoy_pct,14.7058997409397,2.5,0.2,548,,,,
1992-06-01,19.56831,INDCPIALLMINMEI,cpi_yoy_pct,India CPI YoY,FRED/OECD Main Economic Indicators,yoy_pct,12.91867768137218,17.5,0.2,548,,,,
1992-07-01,20.06581,INDCPIALLMINMEI,cpi_yoy_pct,India CPI YoY,FRED/OECD Main Economic Indicators,yoy_pct,13.084086868066368,15.833333333333329,0.2,548,,,,
1992-08-01,20.06581,INDCPIALLMINMEI,cpi_yoy_pct,India CPI YoY,FRED/OECD Main Economic Indicators,yoy_pct,11.520710947095791,25.83333333333333,0.2,548,,,,
1992-09-01,20.14873,INDCPIALLMINMEI,cpi_yoy_pct,India CPI YoY,FRED/OECD Main Economic Indicators,yoy_pct,9.954781997494067,31.66666666666667,0.2,548,,,,
1992-10-01,20.23164,INDCPIALLMINMEI,cpi_yoy_pct,India CPI YoY,FRED/OECD Main Economic Indicators,yoy_pct,9.416994764850939,42.50000000000001,0.2,548,,,,
1992-11-01,20.23164,INDCPIALLMINMEI,cpi_yoy_pct,India CPI YoY,FRED/OECD Main Economic Indicators,yoy_pct,8.444417762859914,60.833333333333336,0.2,548,,,,
1992-12-01,20.14873,INDCPIALLMINMEI,cpi_yoy_pct,India CPI YoY,FRED/OECD Main Economic Indicators,yoy_pct,8.000008576223605,68.33333333333334,0.2,548,,,,
1993-01-01,19.98289,INDCPIALLMINMEI,cpi_yoy_pct,India CPI YoY,FRED/OECD Main Economic Indicators,yoy_pct,5.70172515390126,88.33333333333333,0.2,548,,,,
1993-02-01,19.98289,INDCPIALLMINMEI,cpi_yoy_pct,India CPI YoY,FRED/OECD Main Economic Indicators,yoy_pct,5.24012660694444,93.33333333333333,0.2,548,,,,
1993-03-01,20.14873,INDCPIALLMINMEI,cpi_yoy_pct,India CPI YoY,FRED/OECD Main Economic Indicators,yoy_pct,6.1135249290337645,84.16666666666667,0.2,548,,,,
1993-04-01,20.31456,INDCPIALLMINMEI,cpi_yoy_pct,India CPI YoY,FRED/OECD Main Economic Indicators,yoy_pct,6.060594985937473,85.0,0.2,548,,,,
1993-05-01,20.39748,INDCPIALLMINMEI,cpi_yoy_pct,India CPI YoY,FRED/OECD Main Economic Indicators,yoy_pct,5.128210414338796,95.0,0.2,548,,,,
1993-06-01,20.72914,INDCPIALLMINMEI,cpi_yoy_pct,India CPI YoY,FRED/OECD Main Economic Indicators,yoy_pct,5.932193429069765,85.0,0.2,548,,,,
1993-07-01,20.97789,INDCPIALLMINMEI,cpi_yoy_pct,India CPI YoY,FRED/OECD Main Economic Indicators,yoy_pct,4.545443219087586,97.5,0.2,548,,,,
1993-08-01,21.22664,INDCPIALLMINMEI,cpi_yoy_pct,India CPI YoY,FRED/OECD Main Economic Indicators,yoy_pct,5.785114082112819,85.0,0.2,548,,,,
1993-09-01,21.47539,INDCPIALLMINMEI,cpi_yoy_pct,India CPI YoY,FRED/OECD Main Economic Indicators,yoy_pct,6.5843355883968835,76.66666666666667,0.2,548,,,,
1993-10-01,21.72414,INDCPIALLMINMEI,cpi_yoy_pct,India CPI YoY,FRED/OECD Main Economic Indicators,yoy_pct,7.377058903776468,69.16666666666666,0.2,548,,,,
1993-11-01,21.97289,INDCPIALLMINMEI,cpi_yoy_pct,India CPI YoY,FRED/OECD Main Economic Indicators,yoy_pct,8.606568721072549,49.16666666666667,0.2,548,,,,
1993-12-01,21.88997,INDCPIALLMINMEI,cpi_yoy_pct,India CPI YoY,FRED/OECD Main Economic Indicators,yoy_pct,8.641934255905959,47.5,0.2,548,,,,
1994-01-01,21.80706,INDCPIALLMINMEI,cpi_yoy_pct,India CPI YoY,FRED/OECD Main Economic Indicators,yoy_pct,9.128659568260634,40.0,0.2,548,,,,
1994-02-01,21.97289,INDCPIALLMINMEI,cpi_yoy_pct,India CPI YoY,FRED/OECD Main Economic Indicators,yoy_pct,9.958519513443754,22.5,0.2,548,,,,
1994-03-01,22.13873,INDCPIALLMINMEI,cpi_yoy_pct,India CPI YoY,FRED/OECD Main Economic Indicators,yoy_pct,9.876553013514977,24.16666666666667,0.2,548,,,,
1994-04-01,22.30456,INDCPIALLMINMEI,cpi_yoy_pct,India CPI YoY,FRED/OECD Main Economic Indicators,yoy_pct,9.795929618953103,25.83333333333333,0.2,548,,,,
1994-05-01,22.55331,INDCPIALLMINMEI,cpi_yoy_pct,India CPI YoY,FRED/OECD Main Economic Indicators,yoy_pct,10.569099712317387,19.16666666666667,0.2,548,,,,
1994-06-01,22.96789,INDCPIALLMINMEI,cpi_yoy_pct,India CPI YoY,FRED/OECD Main Economic Indicators,yoy_pct,10.800013893485216,18.33333333333333,0.2,548,,,,
1994-07-01,23.29956,INDCPIALLMINMEI,cpi_yoy_pct,India CPI YoY,FRED/OECD Main Economic Indicators,yoy_pct,11.067223634026124,18.33333333333333,0.2,548,,,,
1994-08-01,23.54831,INDCPIALLMINMEI,cpi_yoy_pct,India CPI YoY,FRED/OECD Main Economic Indicators,yoy_pct,10.937529444132466,19.16666666666667,0.2,548,,,,
1994-09-01,23.87997,INDCPIALLMINMEI,cpi_yoy_pct,India CPI YoY,FRED/OECD Main Economic Indicators,yoy_pct,11.196909578824865,18.33333333333333,0.2,548,,,,
1994-10-01,23.96289,INDCPIALLMINMEI,cpi_yoy_pct,India CPI YoY,FRED/OECD Main Economic Indicators,yoy_pct,10.305356161394673,24.16666666666667,0.2,548,,,,
1994-11-01,24.12872,INDCPIALLMINMEI,cpi_yoy_pct,India CPI YoY,FRED/OECD Main Economic Indicators,yoy_pct,9.811317491690907,30.0,0.2,548,,,,
1994-12-01,23.96289,INDCPIALLMINMEI,cpi_yoy_pct,India CPI YoY,FRED/OECD Main Economic Indicators,yoy_pct,9.469725175502752,38.33333333333333,0.2,548,,,,
1995-01-01,23.96289,INDCPIALLMINMEI,cpi_yoy_pct,India CPI YoY,FRED/OECD Main Economic Indicators,yoy_pct,9.885926851212412,27.5,0.2,548,,,,
1995-02-01,24.12872,INDCPIALLMINMEI,cpi_yoy_pct,India CPI YoY,FRED/OECD Main Economic Indicators,yoy_pct,9.811317491690907,30.83333333333333,0.2,548,,,,
1995-03-01,24.29456,INDCPIALLMINMEI,cpi_yoy_pct,India CPI YoY,FRED/OECD Main Economic Indicators,yoy_pct,9.737821455882978,35.83333333333333,0.2,548,,,,
1995-04-01,24.46039,INDCPIALLMINMEI,cpi_yoy_pct,India CPI YoY,FRED/OECD Main Economic Indicators,yoy_pct,9.665422675901269,38.33333333333333,0.2,548,,,,
1995-05-01,24.87497,INDCPIALLMINMEI,cpi_yoy_pct,India CPI YoY,FRED/OECD Main Economic Indicators,yoy_pct,10.294098737613243,25.0,0.2,548,,,,
1995-06-01,25.37247,INDCPIALLMINMEI,cpi_yoy_pct,India CPI YoY,FRED/OECD Main Economic Indicators,yoy_pct,10.469311721712348,23.33333333333333,0.2,548,,,,
1995-07-01,25.95289,INDCPIALLMINMEI,cpi_yoy_pct,India CPI YoY,FRED/OECD Main Economic Indicators,yoy_pct,11.387897453857509,18.33333333333333,0.2,548,,,,
1995-08-01,26.11872,INDCPIALLMINMEI,cpi_yoy_pct,India CPI YoY,FRED/OECD Main Economic Indicators,yoy_pct,10.915475462995005,21.66666666666667,0.2,548,,,,
1995-09-01,26.28455,INDCPIALLMINMEI,cpi_yoy_pct,India CPI YoY,FRED/OECD Main Economic Indicators,yoy_pct,10.069443135816325,29.166666666666657,0.2,548,,,,
1995-10-01,26.45039,INDCPIALLMINMEI,cpi_yoy_pct,India CPI YoY,FRED/OECD Main Economic Indicators,yoy_pct,10.380634389257715,26.66666666666667,0.2,548,,,,
1995-11-01,26.61622,INDCPIALLMINMEI,cpi_yoy_pct,India CPI YoY,FRED/OECD Main Economic Indicators,yoy_pct,10.309291168366986,27.5,0.2,548,,,,
1995-12-01,26.28455,INDCPIALLMINMEI,cpi_yoy_pct,India CPI YoY,FRED/OECD Main Economic Indicators,yoy_pct,9.688564275844858,42.50000000000001,0.2,548,,,,
1996-01-01,26.11872,INDCPIALLMINMEI,cpi_yoy_pct,India CPI YoY,FRED/OECD Main Economic Indicators,yoy_pct,8.996535893625502,58.33333333333333,0.2,548,,,,
1996-02-01,26.20164,INDCPIALLMINMEI,cpi_yoy_pct,India CPI YoY,FRED/OECD Main Economic Indicators,yoy_pct,8.591089788434703,67.5,0.2,548,,,,
1996-03-01,26.45039,INDCPIALLMINMEI,cpi_yoy_pct,India CPI YoY,FRED/OECD Main Economic Indicators,yoy_pct,8.87371493865292,59.166666666666664,0.2,548,,,,
1996-04-01,26.86497,INDCPIALLMINMEI,cpi_yoy_pct,India CPI YoY,FRED/OECD Main Economic Indicators,yoy_pct,9.830505564302117,35.83333333333333,0.2,548,,,,
1996-05-01,27.19664,INDCPIALLMINMEI,cpi_yoy_pct,India CPI YoY,FRED/OECD Main Economic Indicators,yoy_pct,9.333357989979474,53.333333333333336,0.2,548,,,,
1996-06-01,27.61122,INDCPIALLMINMEI,cpi_yoy_pct,India CPI YoY,FRED/OECD Main Economic Indicators,yoy_pct,8.823539844563811,61.666666666666664,0.2,548,,,,
1996-07-01,28.10872,INDCPIALLMINMEI,cpi_yoy_pct,India CPI YoY,FRED/OECD Main Economic Indicators,yoy_pct,8.30670495655783,74.16666666666666,0.2,548,,,,
1996-08-01,28.44038,INDCPIALLMINMEI,cpi_yoy_pct,India CPI YoY,FRED/OECD Main Economic Indicators,yoy_pct,8.888873574202716,60.833333333333336,0.2,548,,,,
1996-09-01,28.5233,INDCPIALLMINMEI,cpi_yoy_pct,India CPI YoY,FRED/OECD Main Economic Indicators,yoy_pct,8.517360959194665,70.83333333333333,0.2,548,,,,
1996-10-01,28.68913,INDCPIALLMINMEI,cpi_yoy_pct,India CPI YoY,FRED/OECD Main Economic Indicators,yoy_pct,8.463920569791217,70.83333333333333,0.2,548,,,,
1996-11-01,28.93788,INDCPIALLMINMEI,cpi_yoy_pct,India CPI YoY,FRED/OECD Main Economic Indicators,yoy_pct,8.722726217321618,62.5,0.2,548,,,,
1996-12-01,29.0208,INDCPIALLMINMEI,cpi_yoy_pct,India CPI YoY,FRED/OECD Main Economic Indicators,yoy_pct,10.410107839015703,25.83333333333333,0.2,548,,,,
1997-01-01,29.0208,INDCPIALLMINMEI,cpi_yoy_pct,India CPI YoY,FRED/OECD Main Economic Indicators,yoy_pct,11.111111111111116,20.0,0.2,548,,,,
1997-02-01,29.0208,INDCPIALLMINMEI,cpi_yoy_pct,India CPI YoY,FRED/OECD Main Economic Indicators,yoy_pct,10.759479177639264,25.0,0.2,548,,,,
1997-03-01,29.10372,INDCPIALLMINMEI,cpi_yoy_pct,India CPI YoY,FRED/OECD Main Economic Indicators,yoy_pct,10.031345473545006,34.16666666666667,0.2,548,,,,
1997-04-01,29.35247,INDCPIALLMINMEI,cpi_yoy_pct,India CPI YoY,FRED/OECD Main Economic Indicators,yoy_pct,9.25926959903547,55.833333333333336,0.2,548,,,,
1997-05-01,29.18663,INDCPIALLMINMEI,cpi_yoy_pct,India CPI YoY,FRED/OECD Main Economic Indicators,yoy_pct,7.3170435759711605,84.16666666666667,0.2,548,,,,
1997-06-01,29.43538,INDCPIALLMINMEI,cpi_yoy_pct,India CPI YoY,FRED/OECD Main Economic Indicators,yoy_pct,6.606589640008664,87.5,0.2,548,,,,
1997-07-01,29.68413,INDCPIALLMINMEI,cpi_yoy_pct,India CPI YoY,FRED/OECD Main Economic Indicators,yoy_pct,5.6047020284096805,93.33333333333333,0.2,548,,,,
1997-08-01,29.76705,INDCPIALLMINMEI,cpi_yoy_pct,India CPI YoY,FRED/OECD Main Economic Indicators,yoy_pct,4.664740766473585,98.33333333333333,0.2,548,,,,
1997-09-01,29.93288,INDCPIALLMINMEI,cpi_yoy_pct,India CPI YoY,FRED/OECD Main Economic Indicators,yoy_pct,4.9418545539962055,96.66666666666667,0.2,548,,,,
1997-10-01,30.26455,INDCPIALLMINMEI,cpi_yoy_pct,India CPI YoY,FRED/OECD Main Economic Indicators,yoy_pct,5.49134811686518,91.66666666666667,0.2,548,,,,
1997-11-01,30.34747,INDCPIALLMINMEI,cpi_yoy_pct,India CPI YoY,FRED/OECD Main Economic Indicators,yoy_pct,4.871089381806826,96.66666666666667,0.2,548,,,,
1997-12-01,30.84496,INDCPIALLMINMEI,cpi_yoy_pct,India CPI YoY,FRED/OECD Main Economic Indicators,yoy_pct,6.285698533465656,84.16666666666667,0.2,548,,,,
1998-01-01,31.83996,INDCPIALLMINMEI,cpi_yoy_pct,India CPI YoY,FRED/OECD Main Economic Indicators,yoy_pct,9.714273900099247,44.99999999999999,0.2,548,,,,
1998-02-01,31.67413,INDCPIALLMINMEI,cpi_yoy_pct,India CPI YoY,FRED/OECD Main Economic Indicators,yoy_pct,9.142856158341605,54.16666666666667,0.2,548,,,,
1998-03-01,31.5083,INDCPIALLMINMEI,cpi_yoy_pct,India CPI YoY,FRED/OECD Main Economic Indicators,yoy_pct,8.26210532536733,70.0,0.2,548,,,,
1998-04-01,31.75705,INDCPIALLMINMEI,cpi_yoy_pct,India CPI YoY,FRED/OECD Main Economic Indicators,yoy_pct,8.192087412064474,70.83333333333333,0.2,548,,,,
1998-05-01,32.25455,INDCPIALLMINMEI,cpi_yoy_pct,India CPI YoY,FRED/OECD Main Economic Indicators,yoy_pct,10.51138826236533,26.66666666666667,0.2,548,,,,
1998-06-01,33.08371,INDCPIALLMINMEI,cpi_yoy_pct,India CPI YoY,FRED/OECD Main Economic Indicators,yoy_pct,12.39437031218895,15.833333333333329,0.2,548,,,,
1998-07-01,34.07871,INDCPIALLMINMEI,cpi_yoy_pct,India CPI YoY,FRED/OECD Main Economic Indicators,yoy_pct,14.804476331292182,2.5,0.2,548,,,,
1998-08-01,34.24454,INDCPIALLMINMEI,cpi_yoy_pct,India CPI YoY,FRED/OECD Main Economic Indicators,yoy_pct,15.041765979497468,2.5,0.2,548,,,,
1998-09-01,34.82496,INDCPIALLMINMEI,cpi_yoy_pct,India CPI YoY,FRED/OECD Main Economic Indicators,yoy_pct,16.34349918885185,0.0,0.2,548,,,,
1998-10-01,35.90288,INDCPIALLMINMEI,cpi_yoy_pct,India CPI YoY,FRED/OECD Main Economic Indicators,yoy_pct,18.630146491522282,0.0,0.2,548,,,,
1998-11-01,36.31746,INDCPIALLMINMEI,cpi_yoy_pct,India CPI YoY,FRED/OECD Main Economic Indicators,yoy_pct,19.672117642755715,0.0,0.2,548,,,,
1998-12-01,35.57121,INDCPIALLMINMEI,cpi_yoy_pct,India CPI YoY,FRED/OECD Main Economic Indicators,yoy_pct,15.322600515610985,5.0,0.2,548,,,,
1999-01-01,34.82496,INDCPIALLMINMEI,cpi_yoy_pct,India CPI YoY,FRED/OECD Main Economic Indicators,yoy_pct,9.375011777652965,52.5,0.2,548,,,,
1999-02-01,34.41038,INDCPIALLMINMEI,cpi_yoy_pct,India CPI YoY,FRED/OECD Main Economic Indicators,yoy_pct,8.638753455896042,64.16666666666666,0.2,548,,,,
1999-03-01,34.327459999999995,INDCPIALLMINMEI,cpi_yoy_pct,India CPI YoY,FRED/OECD Main Economic Indicators,yoy_pct,8.947356728227152,58.33333333333333,0.2,548,,,,
1999-04-01,34.41038,INDCPIALLMINMEI,cpi_yoy_pct,India CPI YoY,FRED/OECD Main Economic Indicators,yoy_pct,8.35508965725722,70.0,0.2,548,,,,
1999-05-01,34.74204,INDCPIALLMINMEI,cpi_yoy_pct,India CPI YoY,FRED/OECD Main Economic Indicators,yoy_pct,7.7120592288529854,75.0,0.2,548,,,,
1999-06-01,34.82496,INDCPIALLMINMEI,cpi_yoy_pct,India CPI YoY,FRED/OECD Main Economic Indicators,yoy_pct,5.2631642581802085,93.33333333333333,0.2,548,,,,
1999-07-01,35.15663,INDCPIALLMINMEI,cpi_yoy_pct,India CPI YoY,FRED/OECD Main Economic Indicators,yoy_pct,3.1630305255099023,96.66666666666667,0.2,548,,,,
1999-08-01,35.32246,INDCPIALLMINMEI,cpi_yoy_pct,India CPI YoY,FRED/OECD Main Economic Indicators,yoy_pct,3.147713474907232,95.83333333333333,0.2,548,,,,
1999-09-01,35.57121,INDCPIALLMINMEI,cpi_yoy_pct,India CPI YoY,FRED/OECD Main Economic Indicators,yoy_pct,2.142859604145997,85.0,0.2,548,,,,
1999-10-01,36.23454,INDCPIALLMINMEI,cpi_yoy_pct,India CPI YoY,FRED/OECD Main Economic Indicators,yoy_pct,0.923769903695737,78.33333333333333,0.2,548,,,,
1999-11-01,36.31746,INDCPIALLMINMEI,cpi_yoy_pct,India CPI YoY,FRED/OECD Main Economic Indicators,yoy_pct,0.0,74.16666666666666,0.2,548,,,,
1999-12-01,35.73704,INDCPIALLMINMEI,cpi_yoy_pct,India CPI YoY,FRED/OECD Main Economic Indicators,yoy_pct,0.4661916195709992,77.5,0.2,548,,,,
2000-01-01,35.73704,INDCPIALLMINMEI,cpi_yoy_pct,India CPI YoY,FRED/OECD Main Economic Indicators,yoy_pct,2.6190410556107047,91.66666666666667,0.2,548,,,,
2000-02-01,35.65413,INDCPIALLMINMEI,cpi_yoy_pct,India CPI YoY,FRED/OECD Main Economic Indicators,yoy_pct,3.6144616827829212,99.16666666666667,0.2,548,,,,
2000-03-01,35.98579,INDCPIALLMINMEI,cpi_yoy_pct,India CPI YoY,FRED/OECD Main Economic Indicators,yoy_pct,4.8309137932139645,96.66666666666667,0.2,548,,,,
2000-04-01,36.31746,INDCPIALLMINMEI,cpi_yoy_pct,India CPI YoY,FRED/OECD Main Economic Indicators,yoy_pct,5.542164893267643,88.33333333333333,0.2,548,,,,
2000-05-01,36.48329,INDCPIALLMINMEI,cpi_yoy_pct,India CPI YoY,FRED/OECD Main Economic Indicators,yoy_pct,5.011939425548961,92.5,0.2,548,,,,
2000-06-01,36.64912,INDCPIALLMINMEI,cpi_yoy_pct,India CPI YoY,FRED/OECD Main Economic Indicators,yoy_pct,5.238082111221387,90.83333333333333,0.2,548,,,,
2000-07-01,36.89788,INDCPIALLMINMEI,cpi_yoy_pct,India CPI YoY,FRED/OECD Main Economic Indicators,yoy_pct,4.952835354241869,92.5,0.2,548,,,,
2000-08-01,36.73204,INDCPIALLMINMEI,cpi_yoy_pct,India CPI YoY,FRED/OECD Main Economic Indicators,yoy_pct,3.990605410834913,99.16666666666667,0.2,548,,,,
2000-09-01,36.81496,INDCPIALLMINMEI,cpi_yoy_pct,India CPI YoY,FRED/OECD Main Economic Indicators,yoy_pct,3.496507428338802,97.5,0.2,548,,,,
2000-10-01,37.22954,INDCPIALLMINMEI,cpi_yoy_pct,India CPI YoY,FRED/OECD Main Economic Indicators,yoy_pct,2.7459987073107595,86.66666666666667,0.2,548,,,,
2000-11-01,37.31246,INDCPIALLMINMEI,cpi_yoy_pct,India CPI YoY,FRED/OECD Main Economic Indicators,yoy_pct,2.739729044927719,85.83333333333333,0.2,548,,,,
2000-12-01,36.98079,INDCPIALLMINMEI,cpi_yoy_pct,India CPI YoY,FRED/OECD Main Economic Indicators,yoy_pct,3.4802826423229183,96.66666666666667,0.2,548,,,,
2001-01-01,36.89788,INDCPIALLMINMEI,cpi_yoy_pct,India CPI YoY,FRED/OECD Main Economic Indicators,yoy_pct,3.248282454282725,94.16666666666667,0.2,548,,,,
2001-02-01,36.73204,INDCPIALLMINMEI,cpi_yoy_pct,India CPI YoY,FRED/OECD Main Economic Indicators,yoy_pct,3.0232402249052104,88.33333333333333,0.2,548,,,,
2001-03-01,36.89788,INDCPIALLMINMEI,cpi_yoy_pct,India CPI YoY,FRED/OECD Main Economic Indicators,yoy_pct,2.5345837898792745,80.83333333333333,0.2,548,,,,
2001-04-01,37.14663,INDCPIALLMINMEI,cpi_yoy_pct,India CPI YoY,FRED/OECD Main Economic Indicators,yoy_pct,2.283116715761513,76.66666666666667,0.2,548,,,,
2001-05-01,37.39537,INDCPIALLMINMEI,cpi_yoy_pct,India CPI YoY,FRED/OECD Main Economic Indicators,yoy_pct,2.499993832793046,79.16666666666666,0.2,548,,,,
2001-06-01,37.89288,INDCPIALLMINMEI,cpi_yoy_pct,India CPI YoY,FRED/OECD Main Economic Indicators,yoy_pct,3.3936967654339067,95.0,0.2,548,,,,
2001-07-01,38.39037,INDCPIALLMINMEI,cpi_yoy_pct,India CPI YoY,FRED/OECD Main Economic Indicators,yoy_pct,4.044920737993607,98.33333333333333,0.2,548,,,,
2001-08-01,38.63912,INDCPIALLMINMEI,cpi_yoy_pct,India CPI YoY,FRED/OECD Main Economic Indicators,yoy_pct,5.191870639365526,84.16666666666667,0.2,548,,,,
2001-09-01,38.55621,INDCPIALLMINMEI,cpi_yoy_pct,India CPI YoY,FRED/OECD Main Economic Indicators,yoy_pct,4.729734868651225,92.5,0.2,548,,,,
2001-10-01,38.80495,INDCPIALLMINMEI,cpi_yoy_pct,India CPI YoY,FRED/OECD Main Economic Indicators,yoy_pct,4.231612853664046,97.5,0.2,548,,,,
2001-11-01,39.13662,INDCPIALLMINMEI,cpi_yoy_pct,India CPI YoY,FRED/OECD Main Economic Indicators,yoy_pct,4.888876262781916,86.66666666666667,0.2,548,,,,
2001-12-01,38.88787,INDCPIALLMINMEI,cpi_yoy_pct,India CPI YoY,FRED/OECD Main Economic Indicators,yoy_pct,5.156947701766246,81.66666666666667,0.2,548,,,,
2002-01-01,38.72204,INDCPIALLMINMEI,cpi_yoy_pct,India CPI YoY,FRED/OECD Main Economic Indicators,yoy_pct,4.943807069674455,85.0,0.2,548,,,,
2002-02-01,38.63912,INDCPIALLMINMEI,cpi_yoy_pct,India CPI YoY,FRED/OECD Main Economic Indicators,yoy_pct,5.191870639365526,79.16666666666666,0.2,548,,,,
2002-03-01,38.80495,INDCPIALLMINMEI,cpi_yoy_pct,India CPI YoY,FRED/OECD Main Economic Indicators,yoy_pct,5.16850832622362,80.0,0.2,548,,,,
2002-04-01,38.88787,INDCPIALLMINMEI,cpi_yoy_pct,India CPI YoY,FRED/OECD Main Economic Indicators,yoy_pct,4.687477706591414,91.66666666666667,0.2,548,,,,
2002-05-01,39.13662,INDCPIALLMINMEI,cpi_yoy_pct,India CPI YoY,FRED/OECD Main Economic Indicators,yoy_pct,4.656325101209058,92.5,0.2,548,,,,
2002-06-01,39.46829,INDCPIALLMINMEI,cpi_yoy_pct,India CPI YoY,FRED/OECD Main Economic Indicators,yoy_pct,4.157535663691969,97.5,0.2,548,,,,
2002-07-01,39.88287,INDCPIALLMINMEI,cpi_yoy_pct,India CPI YoY,FRED/OECD Main Economic Indicators,yoy_pct,3.887693710688378,97.5,0.2,548,,,,
2002-08-01,40.13162,INDCPIALLMINMEI,cpi_yoy_pct,India CPI YoY,FRED/OECD Main Economic Indicators,yoy_pct,3.862665609361704,96.66666666666667,0.2,548,,,,
2002-09-01,40.21454,INDCPIALLMINMEI,cpi_yoy_pct,India CPI YoY,FRED/OECD Main Economic Indicators,yoy_pct,4.301071085565722,94.16666666666667,0.2,548,,,,
2002-10-01,40.38037,INDCPIALLMINMEI,cpi_yoy_pct,India CPI YoY,FRED/OECD Main Economic Indicators,yoy_pct,4.05984288086958,97.5,0.2,548,,,,
2002-11-01,40.5462,INDCPIALLMINMEI,cpi_yoy_pct,India CPI YoY,FRED/OECD Main Economic Indicators,yoy_pct,3.6016906927578196,91.66666666666667,0.2,548,,,,
2002-12-01,40.13162,INDCPIALLMINMEI,cpi_yoy_pct,India CPI YoY,FRED/OECD Main Economic Indicators,yoy_pct,3.198298081124018,83.33333333333334,0.2,548,,,,
2003-01-01,40.04871,INDCPIALLMINMEI,cpi_yoy_pct,India CPI YoY,FRED/OECD Main Economic Indicators,yoy_pct,3.4261366394952253,88.33333333333333,0.2,548,,,,
2003-02-01,40.13162,INDCPIALLMINMEI,cpi_yoy_pct,India CPI YoY,FRED/OECD Main Economic Indicators,yoy_pct,3.862665609361704,95.0,0.2,548,,,,
2003-03-01,40.38037,INDCPIALLMINMEI,cpi_yoy_pct,India CPI YoY,FRED/OECD Main Economic Indicators,yoy_pct,4.05984288086958,96.66666666666667,0.2,548,,,,
2003-04-01,40.87787,INDCPIALLMINMEI,cpi_yoy_pct,India CPI YoY,FRED/OECD Main Economic Indicators,yoy_pct,5.11727692979842,71.66666666666667,0.2,548,,,,
2003-05-01,40.96079,INDCPIALLMINMEI,cpi_yoy_pct,India CPI YoY,FRED/OECD Main Economic Indicators,yoy_pct,4.661031024140572,84.16666666666667,0.2,548,,,,
2003-06-01,41.20954,INDCPIALLMINMEI,cpi_yoy_pct,India CPI YoY,FRED/OECD Main Economic Indicators,yoy_pct,4.411769549681521,89.16666666666667,0.2,548,,,,
2003-07-01,41.5412,INDCPIALLMINMEI,cpi_yoy_pct,India CPI YoY,FRED/OECD Main Economic Indicators,yoy_pct,4.158000665448625,92.5,0.2,548,,,,
2003-08-01,41.37537,INDCPIALLMINMEI,cpi_yoy_pct,India CPI YoY,FRED/OECD Main Economic Indicators,yoy_pct,3.0991771575630267,74.16666666666666,0.2,548,,,,
2003-09-01,41.37537,INDCPIALLMINMEI,cpi_yoy_pct,India CPI YoY,FRED/OECD Main Economic Indicators,yoy_pct,2.886592759733153,69.16666666666666,0.2,548,,,,
2003-10-01,41.70704,INDCPIALLMINMEI,cpi_yoy_pct,India CPI YoY,FRED/OECD Main Economic Indicators,yoy_pct,3.2854329962801243,80.83333333333333,0.2,548,,,,
2003-11-01,41.78995,INDCPIALLMINMEI,cpi_yoy_pct,India CPI YoY,FRED/OECD Main Economic Indicators,yoy_pct,3.067488445279709,72.5,0.2,548,,,,
2003-12-01,41.62412,INDCPIALLMINMEI,cpi_yoy_pct,India CPI YoY,FRED/OECD Main Economic Indicators,yoy_pct,3.7190125890756542,90.83333333333333,0.2,548,,,,
2004-01-01,41.78995,INDCPIALLMINMEI,cpi_yoy_pct,India CPI YoY,FRED/OECD Main Economic Indicators,yoy_pct,4.347805459901211,89.16666666666667,0.2,548,,,,
2004-02-01,41.78995,INDCPIALLMINMEI,cpi_yoy_pct,India CPI YoY,FRED/OECD Main Economic Indicators,yoy_pct,4.132227904081609,95.0,0.2,548,,,,
2004-03-01,41.78995,INDCPIALLMINMEI,cpi_yoy_pct,India CPI YoY,FRED/OECD Main Economic Indicators,yoy_pct,3.4907555329483086,84.16666666666667,0.2,548,,,,
2004-04-01,41.78995,INDCPIALLMINMEI,cpi_yoy_pct,India CPI YoY,FRED/OECD Main Economic Indicators,yoy_pct,2.231231715351112,50.0,0.2,548,,,,
2004-05-01,42.12162,INDCPIALLMINMEI,cpi_yoy_pct,India CPI YoY,FRED/OECD Main Economic Indicators,yoy_pct,2.834002957462478,61.666666666666664,0.2,548,,,,
2004-06-01,42.45329,INDCPIALLMINMEI,cpi_yoy_pct,India CPI YoY,FRED/OECD Main Economic Indicators,yoy_pct,3.0181118255627304,65.0,0.2,548,,,,
2004-07-01,42.86787,INDCPIALLMINMEI,cpi_yoy_pct,India CPI YoY,FRED/OECD Main Economic Indicators,yoy_pct,3.1936246425235737,74.16666666666666,0.2,548,,,,
2004-08-01,43.28245,INDCPIALLMINMEI,cpi_yoy_pct,India CPI YoY,FRED/OECD Main Economic Indicators,yoy_pct,4.609215579220205,80.83333333333333,0.2,548,,,,
2004-09-01,43.36537,INDCPIALLMINMEI,cpi_yoy_pct,India CPI YoY,FRED/OECD Main Economic Indicators,yoy_pct,4.809624663175227,72.5,0.2,548,,,,
2004-10-01,43.61412,INDCPIALLMINMEI,cpi_yoy_pct,India CPI YoY,FRED/OECD Main Economic Indicators,yoy_pct,4.572561370934025,82.5,0.2,548,,,,
2004-11-01,43.5312,INDCPIALLMINMEI,cpi_yoy_pct,India CPI YoY,FRED/OECD Main Economic Indicators,yoy_pct,4.166671651916309,90.83333333333333,0.2,548,,,,
2004-12-01,43.19954,INDCPIALLMINMEI,cpi_yoy_pct,India CPI YoY,FRED/OECD Main Economic Indicators,yoy_pct,3.78487280932307,90.0,0.2,548,,,,
2005-01-01,43.61412,INDCPIALLMINMEI,cpi_yoy_pct,India CPI YoY,FRED/OECD Main Economic Indicators,yoy_pct,4.365092564121276,85.83333333333333,0.2,548,,,,
2005-02-01,43.5312,INDCPIALLMINMEI,cpi_yoy_pct,India CPI YoY,FRED/OECD Main Economic Indicators,yoy_pct,4.166671651916309,90.0,0.2,548,,,,
2005-03-01,43.5312,INDCPIALLMINMEI,cpi_yoy_pct,India CPI YoY,FRED/OECD Main Economic Indicators,yoy_pct,4.166671651916309,89.16666666666667,0.2,548,,,,
2005-04-01,43.86287,INDCPIALLMINMEI,cpi_yoy_pct,India CPI YoY,FRED/OECD Main Economic Indicators,yoy_pct,4.960331371537907,58.33333333333333,0.2,548,,,,
2005-05-01,43.69703,INDCPIALLMINMEI,cpi_yoy_pct,India CPI YoY,FRED/OECD Main Economic Indicators,yoy_pct,3.7401457968615492,86.66666666666667,0.2,548,,,,
2005-06-01,43.86287,INDCPIALLMINMEI,cpi_yoy_pct,India CPI YoY,FRED/OECD Main Economic Indicators,yoy_pct,3.3203080373747307,71.66666666666667,0.2,548,,,,
2005-07-01,44.60912,INDCPIALLMINMEI,cpi_yoy_pct,India CPI YoY,FRED/OECD Main Economic Indicators,yoy_pct,4.061899973103378,95.83333333333333,0.2,548,,,,
2005-08-01,44.77495,INDCPIALLMINMEI,cpi_yoy_pct,India CPI YoY,FRED/OECD Main Economic Indicators,yoy_pct,3.448279845526314,76.66666666666667,0.2,548,,,,
2005-09-01,44.94078,INDCPIALLMINMEI,cpi_yoy_pct,India CPI YoY,FRED/OECD Main Economic Indicators,yoy_pct,3.6328757254924904,81.66666666666667,0.2,548,,,,
2005-10-01,45.43828,INDCPIALLMINMEI,cpi_yoy_pct,India CPI YoY,FRED/OECD Main Economic Indicators,yoy_pct,4.182498695376635,87.5,0.2,548,,,,
2005-11-01,45.85286,INDCPIALLMINMEI,cpi_yoy_pct,India CPI YoY,FRED/OECD Main Economic Indicators,yoy_pct,5.333324144521634,40.833333333333336,0.2,548,,,,
2005-12-01,45.60411,INDCPIALLMINMEI,cpi_yoy_pct,India CPI YoY,FRED/OECD Main Economic Indicators,yoy_pct,5.566193528912566,35.83333333333333,0.2,548,,,,
2006-01-01,45.5212,INDCPIALLMINMEI,cpi_yoy_pct,India CPI YoY,FRED/OECD Main Economic Indicators,yoy_pct,4.372620610022637,80.0,0.2,548,,,,
2006-02-01,45.5212,INDCPIALLMINMEI,cpi_yoy_pct,India CPI YoY,FRED/OECD Main Economic Indicators,yoy_pct,4.571433822178128,73.33333333333333,0.2,548,,,,
2006-03-01,45.5212,INDCPIALLMINMEI,cpi_yoy_pct,India CPI YoY,FRED/OECD Main Economic Indicators,yoy_pct,4.571433822178128,72.5,0.2,548,,,,
2006-04-01,45.90373,INDCPIALLMINMEI,cpi_yoy_pct,India CPI YoY,FRED/OECD Main Economic Indicators,yoy_pct,4.652819115575424,68.33333333333334,0.2,548,,,,
2006-05-01,46.28626,INDCPIALLMINMEI,cpi_yoy_pct,India CPI YoY,FRED/OECD Main Economic Indicators,yoy_pct,5.925414152861186,28.33333333333333,0.2,548,,,,
2006-06-01,47.05132,INDCPIALLMINMEI,cpi_yoy_pct,India CPI YoY,FRED/OECD Main Economic Indicators,yoy_pct,7.269132184008931,25.0,0.2,548,,,,
2006-07-01,47.43385,INDCPIALLMINMEI,cpi_yoy_pct,India CPI YoY,FRED/OECD Main Economic Indicators,yoy_pct,6.33218050479365,26.66666666666667,0.2,548,,,,
2006-08-01,47.43385,INDCPIALLMINMEI,cpi_yoy_pct,India CPI YoY,FRED/OECD Main Economic Indicators,yoy_pct,5.938365090301612,27.5,0.2,548,,,,
2006-09-01,47.81638,INDCPIALLMINMEI,cpi_yoy_pct,India CPI YoY,FRED/OECD Main Economic Indicators,yoy_pct,6.398642836194668,25.0,0.2,548,,,,
2006-10-01,48.58145,INDCPIALLMINMEI,cpi_yoy_pct,India CPI YoY,FRED/OECD Main Economic Indicators,yoy_pct,6.917449340071857,23.33333333333333,0.2,548,,,,
2006-11-01,48.58145,INDCPIALLMINMEI,cpi_yoy_pct,India CPI YoY,FRED/OECD Main Economic Indicators,yoy_pct,5.950752035968954,26.66666666666667,0.2,548,,,,
2006-12-01,48.58145,INDCPIALLMINMEI,cpi_yoy_pct,India CPI YoY,FRED/OECD Main Economic Indicators,yoy_pct,6.528665946994683,23.33333333333333,0.2,548,,,,
2007-01-01,48.58145,INDCPIALLMINMEI,cpi_yoy_pct,India CPI YoY,FRED/OECD Main Economic Indicators,yoy_pct,6.722691844678952,21.66666666666667,0.2,548,,,,
2007-02-01,48.96398,INDCPIALLMINMEI,cpi_yoy_pct,India CPI YoY,FRED/OECD Main Economic Indicators,yoy_pct,7.5630255792905166,16.666666666666657,0.2,548,,,,
2007-03-01,48.58145,INDCPIALLMINMEI,cpi_yoy_pct,India CPI YoY,FRED/OECD Main Economic Indicators,yoy_pct,6.722691844678952,20.833333333333343,0.2,548,,,,
2007-04-01,48.96398,INDCPIALLMINMEI,cpi_yoy_pct,India CPI YoY,FRED/OECD Main Economic Indicators,yoy_pct,6.666669571296269,21.66666666666667,0.2,548,,,,
2007-05-01,49.34651,INDCPIALLMINMEI,cpi_yoy_pct,India CPI YoY,FRED/OECD Main Economic Indicators,yoy_pct,6.611573283302663,21.66666666666667,0.2,548,,,,
2007-06-01,49.72904,INDCPIALLMINMEI,cpi_yoy_pct,India CPI YoY,FRED/OECD Main Economic Indicators,yoy_pct,5.691062439906047,30.83333333333333,0.2,548,,,,
2007-07-01,50.4941,INDCPIALLMINMEI,cpi_yoy_pct,India CPI YoY,FRED/OECD Main Economic Indicators,yoy_pct,6.4516163035469365,23.33333333333333,0.2,548,,,,
2007-08-01,50.87663,INDCPIALLMINMEI,cpi_yoy_pct,India CPI YoY,FRED/OECD Main Economic Indicators,yoy_pct,7.258065706241434,17.5,0.2,548,,,,
2007-09-01,50.87663,INDCPIALLMINMEI,cpi_yoy_pct,India CPI YoY,FRED/OECD Main Economic Indicators,yoy_pct,6.4000035134403666,25.0,0.2,548,,,,
2007-10-01,51.25916,INDCPIALLMINMEI,cpi_yoy_pct,India CPI YoY,FRED/OECD Main Economic Indicators,yoy_pct,5.511795139914533,35.83333333333333,0.2,548,,,,
2007-11-01,51.25916,INDCPIALLMINMEI,cpi_yoy_pct,India CPI YoY,FRED/OECD Main Economic Indicators,yoy_pct,5.511795139914533,35.83333333333333,0.2,548,,,,
2007-12-01,51.25916,INDCPIALLMINMEI,cpi_yoy_pct,India CPI YoY,FRED/OECD Main Economic Indicators,yoy_pct,5.511795139914533,35.0,0.2,548,,,,
2008-01-01,51.25916,INDCPIALLMINMEI,cpi_yoy_pct,India CPI YoY,FRED/OECD Main Economic Indicators,yoy_pct,5.511795139914533,34.16666666666667,0.2,548,,,,
2008-02-01,51.6417,INDCPIALLMINMEI,cpi_yoy_pct,India CPI YoY,FRED/OECD Main Economic Indicators,yoy_pct,5.468754786681962,37.5,0.2,548,,,,
2008-03-01,52.40676,INDCPIALLMINMEI,cpi_yoy_pct,India CPI YoY,FRED/OECD Main Economic Indicators,yoy_pct,7.874013641009081,11.666666666666671,0.2,548,,,,
2008-04-01,52.78929,INDCPIALLMINMEI,cpi_yoy_pct,India CPI YoY,FRED/OECD Main Economic Indicators,yoy_pct,7.812498085327224,11.666666666666671,0.2,548,,,,
2008-05-01,53.17182,INDCPIALLMINMEI,cpi_yoy_pct,India CPI YoY,FRED/OECD Main Economic Indicators,yoy_pct,7.751936256485004,11.666666666666671,0.2,548,,,,
2008-06-01,53.55435,INDCPIALLMINMEI,cpi_yoy_pct,India CPI YoY,FRED/OECD Main Economic Indicators,yoy_pct,7.692306145463501,12.5,0.2,548,,,,
2008-07-01,54.70195,INDCPIALLMINMEI,cpi_yoy_pct,India CPI YoY,FRED/OECD Main Economic Indicators,yoy_pct,8.33334983691163,7.5,0.2,548,,,,
2008-08-01,55.46701,INDCPIALLMINMEI,cpi_yoy_pct,India CPI YoY,FRED/OECD Main Economic Indicators,yoy_pct,9.02257087389633,4.166666666666657,0.2,548,,,,
2008-09-01,55.84954,INDCPIALLMINMEI,cpi_yoy_pct,India CPI YoY,FRED/OECD Main Economic Indicators,yoy_pct,9.77444850415603,2.5,0.2,548,,,,
2008-10-01,56.6146,INDCPIALLMINMEI,cpi_yoy_pct,India CPI YoY,FRED/OECD Main Economic Indicators,yoy_pct,10.447771676320873,1.6666666666666714,0.2,548,,,,
2008-11-01,56.6146,INDCPIALLMINMEI,cpi_yoy_pct,India CPI YoY,FRED/OECD Main Economic Indicators,yoy_pct,10.447771676320873,0.8333333333333286,0.2,548,,,,
2008-12-01,56.23206999999999,INDCPIALLMINMEI,cpi_yoy_pct,India CPI YoY,FRED/OECD Main Economic Indicators,yoy_pct,9.701505057827697,2.5,0.2,548,,,,
2009-01-01,56.6146,INDCPIALLMINMEI,cpi_yoy_pct,India CPI YoY,FRED/OECD Main Economic Indicators,yoy_pct,10.447771676320873,0.0,0.2,548,,,,
2009-02-01,56.6146,INDCPIALLMINMEI,cpi_yoy_pct,India CPI YoY,FRED/OECD Main Economic Indicators,yoy_pct,9.6296210233203,4.166666666666657,0.2,548,,,,
2009-03-01,56.6146,INDCPIALLMINMEI,cpi_yoy_pct,India CPI YoY,FRED/OECD Main Economic Indicators,yoy_pct,8.029193180421768,7.5,0.2,548,,,,
2009-04-01,57.37966,INDCPIALLMINMEI,cpi_yoy_pct,India CPI YoY,FRED/OECD Main Economic Indicators,yoy_pct,8.695646408580227,5.833333333333329,0.2,548,,,,
2009-05-01,57.76219,INDCPIALLMINMEI,cpi_yoy_pct,India CPI YoY,FRED/OECD Main Economic Indicators,yoy_pct,8.633087977804777,6.666666666666671,0.2,548,,,,
2009-06-01,58.52726,INDCPIALLMINMEI,cpi_yoy_pct,India CPI YoY,FRED/OECD Main Economic Indicators,yoy_pct,9.285725622661833,5.0,0.2,548,,,,
2009-07-01,61.20497,INDCPIALLMINMEI,cpi_yoy_pct,India CPI YoY,FRED/OECD Main Economic Indicators,yoy_pct,11.888095396964848,0.0,0.2,548,,,,
2009-08-01,61.97004,INDCPIALLMINMEI,cpi_yoy_pct,India CPI YoY,FRED/OECD Main Economic Indicators,yoy_pct,11.724140169084274,0.8333333333333286,0.2,548,,,,
2009-09-01,62.35256999999999,INDCPIALLMINMEI,cpi_yoy_pct,India CPI YoY,FRED/OECD Main Economic Indicators,yoy_pct,11.643838069212386,1.6666666666666714,0.2,548,,,,
2009-10-01,63.117630000000005,INDCPIALLMINMEI,cpi_yoy_pct,India CPI YoY,FRED/OECD Main Economic Indicators,yoy_pct,11.486489350803497,2.5,0.2,548,,,,
2009-11-01,64.26522,INDCPIALLMINMEI,cpi_yoy_pct,India CPI YoY,FRED/OECD Main Economic Indicators,yoy_pct,13.51351064919648,0.0,0.2,548,,,,
2009-12-01,64.64775,INDCPIALLMINMEI,cpi_yoy_pct,India CPI YoY,FRED/OECD Main Economic Indicators,yoy_pct,14.96597937795996,0.0,0.2,548,,,,
2010-01-01,65.79535,INDCPIALLMINMEI,cpi_yoy_pct,India CPI YoY,FRED/OECD Main Economic Indicators,yoy_pct,16.216223377008742,0.0,0.2,548,,,,
2010-02-01,65.03028,INDCPIALLMINMEI,cpi_yoy_pct,India CPI YoY,FRED/OECD Main Economic Indicators,yoy_pct,14.864858181458484,1.6666666666666714,0.2,548,,,,
2010-03-01,65.03028,INDCPIALLMINMEI,cpi_yoy_pct,India CPI YoY,FRED/OECD Main Economic Indicators,yoy_pct,14.864858181458484,1.6666666666666714,0.2,548,,,,
2010-04-01,65.03028,INDCPIALLMINMEI,cpi_yoy_pct,India CPI YoY,FRED/OECD Main Economic Indicators,yoy_pct,13.333331009629546,4.166666666666657,0.2,548,,,,
2010-05-01,65.79535,INDCPIALLMINMEI,cpi_yoy_pct,India CPI YoY,FRED/OECD Main Economic Indicators,yoy_pct,13.907298182426953,3.3333333333333286,0.2,548,,,,
2010-06-01,66.56041,INDCPIALLMINMEI,cpi_yoy_pct,India CPI YoY,FRED/OECD Main Economic Indicators,yoy_pct,13.725484500726681,4.166666666666657,0.2,548,,,,
2010-07-01,68.09053,INDCPIALLMINMEI,cpi_yoy_pct,India CPI YoY,FRED/OECD Main Economic Indicators,yoy_pct,11.250001429622468,10.0,0.2,548,,,,
2010-08-01,68.09053,INDCPIALLMINMEI,cpi_yoy_pct,India CPI YoY,FRED/OECD Main Economic Indicators,yoy_pct,9.876530659008775,13.333333333333329,0.2,548,,,,
2010-09-01,68.47306,INDCPIALLMINMEI,cpi_yoy_pct,India CPI YoY,FRED/OECD Main Economic Indicators,yoy_pct,9.815938621295018,14.166666666666671,0.2,548,,,,
2010-10-01,69.23813,INDCPIALLMINMEI,cpi_yoy_pct,India CPI YoY,FRED/OECD Main Economic Indicators,yoy_pct,9.696973729843773,16.666666666666657,0.2,548,,,,
2010-11-01,69.62066,INDCPIALLMINMEI,cpi_yoy_pct,India CPI YoY,FRED/OECD Main Economic Indicators,yoy_pct,8.333341113591452,22.5,0.2,548,,,,
2010-12-01,70.76825,INDCPIALLMINMEI,cpi_yoy_pct,India CPI YoY,FRED/OECD Main Economic Indicators,yoy_pct,9.467460197764034,18.33333333333333,0.2,548,,,,
2011-01-01,71.91584,INDCPIALLMINMEI,cpi_yoy_pct,India CPI YoY,FRED/OECD Main Economic Indicators,yoy_pct,9.302313917320904,19.16666666666667,0.2,548,,,,
2011-02-01,70.76825,INDCPIALLMINMEI,cpi_yoy_pct,India CPI YoY,FRED/OECD Main Economic Indicators,yoy_pct,8.823535743656642,21.66666666666667,0.2,548,,,,
2011-03-01,70.76825,INDCPIALLMINMEI,cpi_yoy_pct,India CPI YoY,FRED/OECD Main Economic Indicators,yoy_pct,8.823535743656642,21.66666666666667,0.2,548,,,,
2011-04-01,71.15078000000001,INDCPIALLMINMEI,cpi_yoy_pct,India CPI YoY,FRED/OECD Main Economic Indicators,yoy_pct,9.411769409573512,19.16666666666667,0.2,548,,,,
2011-05-01,71.53331,INDCPIALLMINMEI,cpi_yoy_pct,India CPI YoY,FRED/OECD Main Economic Indicators,yoy_pct,8.720920247403496,24.16666666666667,0.2,548,,,,
2011-06-01,72.29838000000002,INDCPIALLMINMEI,cpi_yoy_pct,India CPI YoY,FRED/OECD Main Economic Indicators,yoy_pct,8.620695094876996,26.66666666666667,0.2,548,,,,
2011-07-01,73.8285,INDCPIALLMINMEI,cpi_yoy_pct,India CPI YoY,FRED/OECD Main Economic Indicators,yoy_pct,8.42697215016539,27.5,0.2,548,,,,
2011-08-01,74.21103000000002,INDCPIALLMINMEI,cpi_yoy_pct,India CPI YoY,FRED/OECD Main Economic Indicators,yoy_pct,8.98876833533242,22.5,0.2,548,,,,
2011-09-01,75.35862,INDCPIALLMINMEI,cpi_yoy_pct,India CPI YoY,FRED/OECD Main Economic Indicators,yoy_pct,10.055867227198556,13.333333333333329,0.2,548,,,,
2011-10-01,75.74115999999998,INDCPIALLMINMEI,cpi_yoy_pct,India CPI YoY,FRED/OECD Main Economic Indicators,yoy_pct,9.392266948861817,20.833333333333343,0.2,548,,,,
2011-11-01,76.12368999999998,INDCPIALLMINMEI,cpi_yoy_pct,India CPI YoY,FRED/OECD Main Economic Indicators,yoy_pct,9.340661234754144,21.66666666666667,0.2,548,,,,
2011-12-01,75.35862,INDCPIALLMINMEI,cpi_yoy_pct,India CPI YoY,FRED/OECD Main Economic Indicators,yoy_pct,6.486482285488204,44.99999999999999,0.2,548,,,,
2012-01-01,75.74115999999998,INDCPIALLMINMEI,cpi_yoy_pct,India CPI YoY,FRED/OECD Main Economic Indicators,yoy_pct,5.319161953750351,59.166666666666664,0.2,548,,,,
2012-02-01,76.12368999999998,INDCPIALLMINMEI,cpi_yoy_pct,India CPI YoY,FRED/OECD Main Economic Indicators,yoy_pct,7.567574441928393,37.5,0.2,548,,,,
2012-03-01,76.88875,INDCPIALLMINMEI,cpi_yoy_pct,India CPI YoY,FRED/OECD Main Economic Indicators,yoy_pct,8.648652467738005,29.166666666666657,0.2,548,,,,
2012-04-01,78.41887,INDCPIALLMINMEI,cpi_yoy_pct,India CPI YoY,FRED/OECD Main Economic Indicators,yoy_pct,10.215053158939359,13.333333333333329,0.2,548,,,,
2012-05-01,78.8014,INDCPIALLMINMEI,cpi_yoy_pct,India CPI YoY,FRED/OECD Main Economic Indicators,yoy_pct,10.160427358946489,14.166666666666671,0.2,548,,,,
2012-06-01,79.56646999999998,INDCPIALLMINMEI,cpi_yoy_pct,India CPI YoY,FRED/OECD Main Economic Indicators,yoy_pct,10.052908516069037,15.833333333333329,0.2,548,,,,
2012-07-01,81.09659,INDCPIALLMINMEI,cpi_yoy_pct,India CPI YoY,FRED/OECD Main Economic Indicators,yoy_pct,9.844558673141135,17.5,0.2,548,,,,
2012-08-01,81.86164999999998,INDCPIALLMINMEI,cpi_yoy_pct,India CPI YoY,FRED/OECD Main Economic Indicators,yoy_pct,10.309276127820844,13.333333333333329,0.2,548,,,,
2012-09-01,82.24418,INDCPIALLMINMEI,cpi_yoy_pct,India CPI YoY,FRED/OECD Main Economic Indicators,yoy_pct,9.137056915320363,28.33333333333333,0.2,548,,,,
2012-10-01,83.00924999999998,INDCPIALLMINMEI,cpi_yoy_pct,India CPI YoY,FRED/OECD Main Economic Indicators,yoy_pct,9.595958128975045,23.33333333333333,0.2,548,,,,
2012-11-01,83.39178000000001,INDCPIALLMINMEI,cpi_yoy_pct,India CPI YoY,FRED/OECD Main Economic Indicators,yoy_pct,9.547737373214616,24.16666666666667,0.2,548,,,,
2012-12-01,83.77431,INDCPIALLMINMEI,cpi_yoy_pct,India CPI YoY,FRED/OECD Main Economic Indicators,yoy_pct,11.167521379770484,10.833333333333329,0.2,548,,,,
2013-01-01,84.53936999999999,INDCPIALLMINMEI,cpi_yoy_pct,India CPI YoY,FRED/OECD Main Economic Indicators,yoy_pct,11.616154281238922,9.166666666666671,0.2,548,,,,
2013-02-01,85.30443000000001,INDCPIALLMINMEI,cpi_yoy_pct,India CPI YoY,FRED/OECD Main Economic Indicators,yoy_pct,12.060292925894721,6.666666666666671,0.2,548,,,,
2013-03-01,85.68696,INDCPIALLMINMEI,cpi_yoy_pct,India CPI YoY,FRED/OECD Main Economic Indicators,yoy_pct,11.442779340280595,11.666666666666671,0.2,548,,,,
2013-04-01,86.45203000000002,INDCPIALLMINMEI,cpi_yoy_pct,India CPI YoY,FRED/OECD Main Economic Indicators,yoy_pct,10.243911956395223,17.5,0.2,548,,,,
2013-05-01,87.21709,INDCPIALLMINMEI,cpi_yoy_pct,India CPI YoY,FRED/OECD Main Economic Indicators,yoy_pct,10.679619905230098,14.166666666666671,0.2,548,,,,
2013-06-01,88.36468,INDCPIALLMINMEI,cpi_yoy_pct,India CPI YoY,FRED/OECD Main Economic Indicators,yoy_pct,11.057685479825906,14.166666666666671,0.2,548,,,,
2013-07-01,89.89480999999996,INDCPIALLMINMEI,cpi_yoy_pct,India CPI YoY,FRED/OECD Main Economic Indicators,yoy_pct,10.84906282742586,15.0,0.2,548,,,,
2013-08-01,90.65987,INDCPIALLMINMEI,cpi_yoy_pct,India CPI YoY,FRED/OECD Main Economic Indicators,yoy_pct,10.747670001765197,15.833333333333329,0.2,548,,,,
2013-09-01,91.0424,INDCPIALLMINMEI,cpi_yoy_pct,India CPI YoY,FRED/OECD Main Economic Indicators,yoy_pct,10.69768097876349,16.666666666666657,0.2,548,,,,
2013-10-01,92.18999,INDCPIALLMINMEI,cpi_yoy_pct,India CPI YoY,FRED/OECD Main Economic Indicators,yoy_pct,11.059899950909102,14.166666666666671,0.2,548,,,,
2013-11-01,92.95506,INDCPIALLMINMEI,cpi_yoy_pct,India CPI YoY,FRED/OECD Main Economic Indicators,yoy_pct,11.46789287865062,11.666666666666671,0.2,548,,,,
2013-12-01,91.42493,INDCPIALLMINMEI,cpi_yoy_pct,India CPI YoY,FRED/OECD Main Economic Indicators,yoy_pct,9.132417802068439,40.833333333333336,0.2,548,,,,
2014-01-01,90.65987,INDCPIALLMINMEI,cpi_yoy_pct,India CPI YoY,FRED/OECD Main Economic Indicators,yoy_pct,7.239822108918026,59.166666666666664,0.2,548,,,,
2014-02-01,91.0424,INDCPIALLMINMEI,cpi_yoy_pct,India CPI YoY,FRED/OECD Main Economic Indicators,yoy_pct,6.72646191997297,60.833333333333336,0.2,548,,,,
2014-03-01,91.42493,INDCPIALLMINMEI,cpi_yoy_pct,India CPI YoY,FRED/OECD Main Economic Indicators,yoy_pct,6.696433156223547,63.333333333333336,0.2,548,,,,
2014-04-01,92.57253,INDCPIALLMINMEI,cpi_yoy_pct,India CPI YoY,FRED/OECD Main Economic Indicators,yoy_pct,7.079648679157646,60.0,0.2,548,,,,
2014-05-01,93.33759,INDCPIALLMINMEI,cpi_yoy_pct,India CPI YoY,FRED/OECD Main Economic Indicators,yoy_pct,7.017546675771924,60.833333333333336,0.2,548,,,,
2014-06-01,94.10265,INDCPIALLMINMEI,cpi_yoy_pct,India CPI YoY,FRED/OECD Main Economic Indicators,yoy_pct,6.493510755654852,68.33333333333334,0.2,548,,,,
2014-07-01,96.39783000000001,INDCPIALLMINMEI,cpi_yoy_pct,India CPI YoY,FRED/OECD Main Economic Indicators,yoy_pct,7.2340327545050265,60.0,0.2,548,,,,
2014-08-01,96.78036,INDCPIALLMINMEI,cpi_yoy_pct,India CPI YoY,FRED/OECD Main Economic Indicators,yoy_pct,6.751046521465343,63.333333333333336,0.2,548,,,,
2014-09-01,96.78036,INDCPIALLMINMEI,cpi_yoy_pct,India CPI YoY,FRED/OECD Main Economic Indicators,yoy_pct,6.302513993479963,75.0,0.2,548,,,,
2014-10-01,96.78036,INDCPIALLMINMEI,cpi_yoy_pct,India CPI YoY,FRED/OECD Main Economic Indicators,yoy_pct,4.9792499163954895,85.83333333333333,0.2,548,,,,
2014-11-01,96.78036,INDCPIALLMINMEI,cpi_yoy_pct,India CPI YoY,FRED/OECD Main Economic Indicators,yoy_pct,4.1152143842411615,98.33333333333333,0.2,548,,,,
2014-12-01,96.78036,INDCPIALLMINMEI,cpi_yoy_pct,India CPI YoY,FRED/OECD Main Economic Indicators,yoy_pct,5.85773486509642,78.33333333333333,0.2,548,,,,
2015-01-01,97.1629,INDCPIALLMINMEI,cpi_yoy_pct,India CPI YoY,FRED/OECD Main Economic Indicators,yoy_pct,7.172997269905634,60.833333333333336,0.2,548,,,,
2015-02-01,96.78036,INDCPIALLMINMEI,cpi_yoy_pct,India CPI YoY,FRED/OECD Main Economic Indicators,yoy_pct,6.302513993479963,75.83333333333333,0.2,548,,,,
2015-03-01,97.1629,INDCPIALLMINMEI,cpi_yoy_pct,India CPI YoY,FRED/OECD Main Economic Indicators,yoy_pct,6.27615465497211,77.5,0.2,548,,,,
2015-04-01,97.92796,INDCPIALLMINMEI,cpi_yoy_pct,India CPI YoY,FRED/OECD Main Economic Indicators,yoy_pct,5.785117896205283,81.66666666666667,0.2,548,,,,
2015-05-01,98.69302,INDCPIALLMINMEI,cpi_yoy_pct,India CPI YoY,FRED/OECD Main Economic Indicators,yoy_pct,5.737699034226185,82.5,0.2,548,,,,
2015-06-01,99.84061,INDCPIALLMINMEI,cpi_yoy_pct,India CPI YoY,FRED/OECD Main Economic Indicators,yoy_pct,6.09755410713726,78.33333333333333,0.2,548,,,,
2015-07-01,100.6057,INDCPIALLMINMEI,cpi_yoy_pct,India CPI YoY,FRED/OECD Main Economic Indicators,yoy_pct,4.3651086336694345,97.5,0.2,548,,,,
2015-08-01,100.9882,INDCPIALLMINMEI,cpi_yoy_pct,India CPI YoY,FRED/OECD Main Economic Indicators,yoy_pct,4.347824289969582,97.5,0.2,548,,,,
2015-09-01,101.7533,INDCPIALLMINMEI,cpi_yoy_pct,India CPI YoY,FRED/OECD Main Economic Indicators,yoy_pct,5.138377249268333,91.66666666666667,0.2,548,,,,
2015-10-01,102.9009,INDCPIALLMINMEI,cpi_yoy_pct,India CPI YoY,FRED/OECD Main Economic Indicators,yoy_pct,6.324155024841804,75.83333333333333,0.2,548,,,,
2015-11-01,103.2834,INDCPIALLMINMEI,cpi_yoy_pct,India CPI YoY,FRED/OECD Main Economic Indicators,yoy_pct,6.719379841116524,67.5,0.2,548,,,,
2015-12-01,102.9009,INDCPIALLMINMEI,cpi_yoy_pct,India CPI YoY,FRED/OECD Main Economic Indicators,yoy_pct,6.324155024841804,76.66666666666667,0.2,548,,,,
2016-01-01,102.9009,INDCPIALLMINMEI,cpi_yoy_pct,India CPI YoY,FRED/OECD Main Economic Indicators,yoy_pct,5.905546252736382,84.16666666666667,0.2,548,,,,
2016-02-01,102.1358,INDCPIALLMINMEI,cpi_yoy_pct,India CPI YoY,FRED/OECD Main Economic Indicators,yoy_pct,5.533602065543053,88.33333333333333,0.2,548,,,,
2016-03-01,102.5183,INDCPIALLMINMEI,cpi_yoy_pct,India CPI YoY,FRED/OECD Main Economic Indicators,yoy_pct,5.511774555926174,92.5,0.2,548,,,,
2016-04-01,103.6659,INDCPIALLMINMEI,cpi_yoy_pct,India CPI YoY,FRED/OECD Main Economic Indicators,yoy_pct,5.859348035024925,85.0,0.2,548,,,,
2016-05-01,105.196,INDCPIALLMINMEI,cpi_yoy_pct,India CPI YoY,FRED/OECD Main Economic Indicators,yoy_pct,6.58909819559681,70.83333333333333,0.2,548,,,,
2016-06-01,105.9611,INDCPIALLMINMEI,cpi_yoy_pct,India CPI YoY,FRED/OECD Main Economic Indicators,yoy_pct,6.130261023044636,80.83333333333333,0.2,548,,,,
2016-07-01,107.1087,INDCPIALLMINMEI,cpi_yoy_pct,India CPI YoY,FRED/OECD Main Economic Indicators,yoy_pct,6.463848469818312,73.33333333333333,0.2,548,,,,
2016-08-01,106.3436,INDCPIALLMINMEI,cpi_yoy_pct,India CPI YoY,FRED/OECD Main Economic Indicators,yoy_pct,5.302995795548382,95.0,0.2,548,,,,
2016-09-01,105.9611,INDCPIALLMINMEI,cpi_yoy_pct,India CPI YoY,FRED/OECD Main Economic Indicators,yoy_pct,4.135295857726495,98.33333333333333,0.2,548,,,,
2016-10-01,106.3436,INDCPIALLMINMEI,cpi_yoy_pct,India CPI YoY,FRED/OECD Main Economic Indicators,yoy_pct,3.3456461508111213,95.83333333333333,0.2,548,,,,
2016-11-01,105.9611,INDCPIALLMINMEI,cpi_yoy_pct,India CPI YoY,FRED/OECD Main Economic Indicators,yoy_pct,2.592575379973927,91.66666666666667,0.2,548,,,,
2016-12-01,105.196,INDCPIALLMINMEI,cpi_yoy_pct,India CPI YoY,FRED/OECD Main Economic Indicators,yoy_pct,2.230398373580811,83.33333333333334,0.2,548,,,,
2017-01-01,104.8135,INDCPIALLMINMEI,cpi_yoy_pct,India CPI YoY,FRED/OECD Main Economic Indicators,yoy_pct,1.858681508130644,77.5,0.2,548,,,,
2017-02-01,104.8135,INDCPIALLMINMEI,cpi_yoy_pct,India CPI YoY,FRED/OECD Main Economic Indicators,yoy_pct,2.6217056115485526,91.66666666666667,0.2,548,,,,
2017-03-01,105.196,INDCPIALLMINMEI,cpi_yoy_pct,India CPI YoY,FRED/OECD Main Economic Indicators,yoy_pct,2.6119239199245525,90.83333333333333,0.2,548,,,,
2017-04-01,105.9611,INDCPIALLMINMEI,cpi_yoy_pct,India CPI YoY,FRED/OECD Main Economic Indicators,yoy_pct,2.2140356665017125,80.0,0.2,548,,,,
2017-05-01,106.3436,INDCPIALLMINMEI,cpi_yoy_pct,India CPI YoY,FRED/OECD Main Economic Indicators,yoy_pct,1.0909160044108024,61.666666666666664,0.2,548,,,,
2017-06-01,107.1087,INDCPIALLMINMEI,cpi_yoy_pct,India CPI YoY,FRED/OECD Main Economic Indicators,yoy_pct,1.0830389642991545,61.666666666666664,0.2,548,,,,
2017-07-01,109.0214,INDCPIALLMINMEI,cpi_yoy_pct,India CPI YoY,FRED/OECD Main Economic Indicators,yoy_pct,1.785755965668523,75.0,0.2,548,,,,
2017-08-01,109.0214,INDCPIALLMINMEI,cpi_yoy_pct,India CPI YoY,FRED/OECD Main Economic Indicators,yoy_pct,2.518064086602312,88.33333333333333,0.2,548,,,,
2017-09-01,109.0214,INDCPIALLMINMEI,cpi_yoy_pct,India CPI YoY,FRED/OECD Main Economic Indicators,yoy_pct,2.8881353628831707,94.16666666666667,0.2,548,,,,
2017-10-01,109.7864,INDCPIALLMINMEI,cpi_yoy_pct,India CPI YoY,FRED/OECD Main Economic Indicators,yoy_pct,3.2374303672247473,95.0,0.2,548,,,,
2017-11-01,110.169,INDCPIALLMINMEI,cpi_yoy_pct,India CPI YoY,FRED/OECD Main Economic Indicators,yoy_pct,3.971174327182325,99.16666666666667,0.2,548,,,,
2017-12-01,109.4039,INDCPIALLMINMEI,cpi_yoy_pct,India CPI YoY,FRED/OECD Main Economic Indicators,yoy_pct,4.000057036389215,99.16666666666667,0.2,548,,,,
2018-01-01,110.169,INDCPIALLMINMEI,cpi_yoy_pct,India CPI YoY,FRED/OECD Main Economic Indicators,yoy_pct,5.109551727592332,91.66666666666667,0.2,548,,,,
2018-02-01,109.7864,INDCPIALLMINMEI,cpi_yoy_pct,India CPI YoY,FRED/OECD Main Economic Indicators,yoy_pct,4.744522413620378,93.33333333333333,0.2,548,,,,
2018-03-01,109.7864,INDCPIALLMINMEI,cpi_yoy_pct,India CPI YoY,FRED/OECD Main Economic Indicators,yoy_pct,4.363664017643254,95.0,0.2,548,,,,
2018-04-01,110.169,INDCPIALLMINMEI,cpi_yoy_pct,India CPI YoY,FRED/OECD Main Economic Indicators,yoy_pct,3.971174327182325,97.5,0.2,548,,,,
2018-05-01,110.5515,INDCPIALLMINMEI,cpi_yoy_pct,India CPI YoY,FRED/OECD Main Economic Indicators,yoy_pct,3.956890682655101,96.66666666666667,0.2,548,,,,
2018-06-01,111.3165,INDCPIALLMINMEI,cpi_yoy_pct,India CPI YoY,FRED/OECD Main Economic Indicators,yoy_pct,3.928532416134267,95.83333333333333,0.2,548,,,,
2018-07-01,115.1419,INDCPIALLMINMEI,cpi_yoy_pct,India CPI YoY,FRED/OECD Main Economic Indicators,yoy_pct,5.614035409561802,78.33333333333333,0.2,548,,,,
2018-08-01,115.1419,INDCPIALLMINMEI,cpi_yoy_pct,India CPI YoY,FRED/OECD Main Economic Indicators,yoy_pct,5.614035409561802,77.5,0.2,548,,,,
2018-09-01,115.1419,INDCPIALLMINMEI,cpi_yoy_pct,India CPI YoY,FRED/OECD Main Economic Indicators,yoy_pct,5.614035409561802,76.66666666666667,0.2,548,,,,
2018-10-01,115.5244,INDCPIALLMINMEI,cpi_yoy_pct,India CPI YoY,FRED/OECD Main Economic Indicators,yoy_pct,5.22651257350637,85.0,0.2,548,,,,
2018-11-01,115.5244,INDCPIALLMINMEI,cpi_yoy_pct,India CPI YoY,FRED/OECD Main Economic Indicators,yoy_pct,4.8610770724977215,88.33333333333333,0.2,548,,,,
2018-12-01,115.1419,INDCPIALLMINMEI,cpi_yoy_pct,India CPI YoY,FRED/OECD Main Economic Indicators,yoy_pct,5.244785606363234,83.33333333333334,0.2,548,,,,
2019-01-01,117.437,INDCPIALLMINMEI,cpi_yoy_pct,India CPI YoY,FRED/OECD Main Economic Indicators,yoy_pct,6.5971371256887235,56.666666666666664,0.2,548,,,,
2019-02-01,117.437,INDCPIALLMINMEI,cpi_yoy_pct,India CPI YoY,FRED/OECD Main Economic Indicators,yoy_pct,6.968622707366312,50.833333333333336,0.2,548,,,,
2019-03-01,118.2021,INDCPIALLMINMEI,cpi_yoy_pct,India CPI YoY,FRED/OECD Main Economic Indicators,yoy_pct,7.665521412488241,44.99999999999999,0.2,548,,,,
2019-04-01,119.3497,INDCPIALLMINMEI,cpi_yoy_pct,India CPI YoY,FRED/OECD Main Economic Indicators,yoy_pct,8.333287948515466,44.166666666666664,0.2,548,,,,
2019-05-01,120.1148,INDCPIALLMINMEI,cpi_yoy_pct,India CPI YoY,FRED/OECD Main Economic Indicators,yoy_pct,8.650538436837119,40.0,0.2,548,,,,
2019-06-01,120.8798,INDCPIALLMINMEI,cpi_yoy_pct,India CPI YoY,FRED/OECD Main Economic Indicators,yoy_pct,8.591089371297155,41.666666666666664,0.2,548,,,,
2019-07-01,122.0274,INDCPIALLMINMEI,cpi_yoy_pct,India CPI YoY,FRED/OECD Main Economic Indicators,yoy_pct,5.980012488937558,67.5,0.2,548,,,,
2019-08-01,122.4099,INDCPIALLMINMEI,cpi_yoy_pct,India CPI YoY,FRED/OECD Main Economic Indicators,yoy_pct,6.3122112801681896,60.833333333333336,0.2,548,,,,
2019-09-01,123.175,INDCPIALLMINMEI,cpi_yoy_pct,India CPI YoY,FRED/OECD Main Economic Indicators,yoy_pct,6.976695711986669,48.33333333333333,0.2,548,,,,
2019-10-01,124.3226,INDCPIALLMINMEI,cpi_yoy_pct,India CPI YoY,FRED/OECD Main Economic Indicators,yoy_pct,7.61588028156821,42.50000000000001,0.2,548,,,,
2019-11-01,125.4702,INDCPIALLMINMEI,cpi_yoy_pct,India CPI YoY,FRED/OECD Main Economic Indicators,yoy_pct,8.609263497581466,37.5,0.2,548,,,,
2019-12-01,126.2353,INDCPIALLMINMEI,cpi_yoy_pct,India CPI YoY,FRED/OECD Main Economic Indicators,yoy_pct,9.634546589903415,23.33333333333333,0.2,548,,,,
2020-01-01,126.2353,INDCPIALLMINMEI,cpi_yoy_pct,India CPI YoY,FRED/OECD Main Economic Indicators,yoy_pct,7.4919318443080085,43.333333333333336,0.2,548,,,,
2020-02-01,125.4702,INDCPIALLMINMEI,cpi_yoy_pct,India CPI YoY,FRED/OECD Main Economic Indicators,yoy_pct,6.840433594182427,50.833333333333336,0.2,548,,,,
2020-03-01,124.7051,INDCPIALLMINMEI,cpi_yoy_pct,India CPI YoY,FRED/OECD Main Economic Indicators,yoy_pct,5.501594303316093,77.5,0.2,548,,,,
2020-04-01,125.8527,INDCPIALLMINMEI,cpi_yoy_pct,India CPI YoY,FRED/OECD Main Economic Indicators,yoy_pct,5.448694047827529,78.33333333333333,0.2,548,,,,
2020-05-01,126.2353,INDCPIALLMINMEI,cpi_yoy_pct,India CPI YoY,FRED/OECD Main Economic Indicators,yoy_pct,5.09554193155215,86.66666666666667,0.2,548,,,,
2020-06-01,127.0003,INDCPIALLMINMEI,cpi_yoy_pct,India CPI YoY,FRED/OECD Main Economic Indicators,yoy_pct,5.063294280764863,86.66666666666667,0.2,548,,,,
2020-07-01,128.5304,INDCPIALLMINMEI,cpi_yoy_pct,India CPI YoY,FRED/OECD Main Economic Indicators,yoy_pct,5.329130998447873,79.16666666666666,0.2,548,,,,
2020-08-01,129.2955,INDCPIALLMINMEI,cpi_yoy_pct,India CPI YoY,FRED/OECD Main Economic Indicators,yoy_pct,5.625035229993669,69.16666666666666,0.2,548,,,,
2020-09-01,130.1179,INDCPIALLMINMEI,cpi_yoy_pct,India CPI YoY,FRED/OECD Main Economic Indicators,yoy_pct,5.636614572762322,68.33333333333334,0.2,548,,,,
2020-10-01,131.6603,INDCPIALLMINMEI,cpi_yoy_pct,India CPI YoY,FRED/OECD Main Economic Indicators,yoy_pct,5.902144903661943,62.5,0.2,548,,,,
2020-11-01,132.101,INDCPIALLMINMEI,cpi_yoy_pct,India CPI YoY,FRED/OECD Main Economic Indicators,yoy_pct,5.28476084361067,80.83333333333333,0.2,548,,,,
2020-12-01,130.8891,INDCPIALLMINMEI,cpi_yoy_pct,India CPI YoY,FRED/OECD Main Economic Indicators,yoy_pct,3.686607470335179,93.33333333333333,0.2,548,,,,
2021-01-01,130.22799999999998,INDCPIALLMINMEI,cpi_yoy_pct,India CPI YoY,FRED/OECD Main Economic Indicators,yoy_pct,3.162902928103306,87.5,0.2,548,,,,
2021-02-01,131.1094,INDCPIALLMINMEI,cpi_yoy_pct,India CPI YoY,FRED/OECD Main Economic Indicators,yoy_pct,4.494453663100861,90.0,0.2,548,,,,
2021-03-01,131.7705,INDCPIALLMINMEI,cpi_yoy_pct,India CPI YoY,FRED/OECD Main Economic Indicators,yoy_pct,5.66568648756145,64.16666666666666,0.2,548,,,,
2021-04-01,132.3214,INDCPIALLMINMEI,cpi_yoy_pct,India CPI YoY,FRED/OECD Main Economic Indicators,yoy_pct,5.139897674026872,80.0,0.2,548,,,,
2021-05-01,132.8723,INDCPIALLMINMEI,cpi_yoy_pct,India CPI YoY,FRED/OECD Main Economic Indicators,yoy_pct,5.257641879886221,77.5,0.2,548,,,,
2021-06-01,134.0842,INDCPIALLMINMEI,cpi_yoy_pct,India CPI YoY,FRED/OECD Main Economic Indicators,yoy_pct,5.577860839698823,66.66666666666667,0.2,548,,,,
2021-07-01,135.2961,INDCPIALLMINMEI,cpi_yoy_pct,India CPI YoY,FRED/OECD Main Economic Indicators,yoy_pct,5.263890877177713,76.66666666666667,0.2,548,,,,
2021-08-01,135.5165,INDCPIALLMINMEI,cpi_yoy_pct,India CPI YoY,FRED/OECD Main Economic Indicators,yoy_pct,4.811459022162423,86.66666666666667,0.2,548,,,,
2021-09-01,135.847,INDCPIALLMINMEI,cpi_yoy_pct,India CPI YoY,FRED/OECD Main Economic Indicators,yoy_pct,4.403006811514798,90.0,0.2,548,,,,
2021-10-01,137.6098,INDCPIALLMINMEI,cpi_yoy_pct,India CPI YoY,FRED/OECD Main Economic Indicators,yoy_pct,4.518826100198758,88.33333333333333,0.2,548,,,,
2021-11-01,138.4912,INDCPIALLMINMEI,cpi_yoy_pct,India CPI YoY,FRED/OECD Main Economic Indicators,yoy_pct,4.837359293268029,83.33333333333334,0.2,548,,,,
2021-12-01,138.1607,INDCPIALLMINMEI,cpi_yoy_pct,India CPI YoY,FRED/OECD Main Economic Indicators,yoy_pct,5.5555428221295555,62.5,0.2,548,,,,
2022-01-01,137.8302,INDCPIALLMINMEI,cpi_yoy_pct,India CPI YoY,FRED/OECD Main Economic Indicators,yoy_pct,5.837607887704643,53.333333333333336,0.2,548,,,,
2022-02-01,137.72,INDCPIALLMINMEI,cpi_yoy_pct,India CPI YoY,FRED/OECD Main Economic Indicators,yoy_pct,5.042048853857928,80.83333333333333,0.2,548,,,,
2022-03-01,138.8218,INDCPIALLMINMEI,cpi_yoy_pct,India CPI YoY,FRED/OECD Main Economic Indicators,yoy_pct,5.351197726349977,69.16666666666666,0.2,548,,,,
2022-04-01,140.6947,INDCPIALLMINMEI,cpi_yoy_pct,India CPI YoY,FRED/OECD Main Economic Indicators,yoy_pct,6.328001366370062,38.33333333333333,0.2,548,,,,
2022-05-01,142.127,INDCPIALLMINMEI,cpi_yoy_pct,India CPI YoY,FRED/OECD Main Economic Indicators,yoy_pct,6.965108604276438,28.33333333333333,0.2,548,,,,
2022-06-01,142.3474,INDCPIALLMINMEI,cpi_yoy_pct,India CPI YoY,FRED/OECD Main Economic Indicators,yoy_pct,6.162694784322076,44.166666666666664,0.2,548,,,,
2022-07-01,143.1186,INDCPIALLMINMEI,cpi_yoy_pct,India CPI YoY,FRED/OECD Main Economic Indicators,yoy_pct,5.7817631106883205,53.333333333333336,0.2,548,,,,
2022-08-01,143.4492,INDCPIALLMINMEI,cpi_yoy_pct,India CPI YoY,FRED/OECD Main Economic Indicators,yoy_pct,5.8536783343725585,50.0,0.2,548,,,,
2022-09-01,144.6611,INDCPIALLMINMEI,cpi_yoy_pct,India CPI YoY,FRED/OECD Main Economic Indicators,yoy_pct,6.488255169418533,34.16666666666667,0.2,548,,,,
2022-10-01,145.9832,INDCPIALLMINMEI,cpi_yoy_pct,India CPI YoY,FRED/OECD Main Economic Indicators,yoy_pct,6.084886396172373,44.99999999999999,0.2,548,,,,
2022-11-01,145.9832,INDCPIALLMINMEI,cpi_yoy_pct,India CPI YoY,FRED/OECD Main Economic Indicators,yoy_pct,5.409730004505708,65.83333333333334,0.2,548,,,,
2022-12-01,145.7628,INDCPIALLMINMEI,cpi_yoy_pct,India CPI YoY,FRED/OECD Main Economic Indicators,yoy_pct,5.5023606568293415,62.5,0.2,548,,,,
2023-01-01,146.3137,INDCPIALLMINMEI,cpi_yoy_pct,India CPI YoY,FRED/OECD Main Economic Indicators,yoy_pct,6.155037139901132,40.0,0.2,548,,,,
2023-02-01,146.2036,INDCPIALLMINMEI,cpi_yoy_pct,India CPI YoY,FRED/OECD Main Economic Indicators,yoy_pct,6.160034853325591,39.16666666666667,0.2,548,,,,
2023-03-01,146.8646,INDCPIALLMINMEI,cpi_yoy_pct,India CPI YoY,FRED/OECD Main Economic Indicators,yoy_pct,5.793614547571058,49.16666666666667,0.2,548,,,,
2023-04-01,147.8562,INDCPIALLMINMEI,cpi_yoy_pct,India CPI YoY,FRED/OECD Main Economic Indicators,yoy_pct,5.090099342761301,79.16666666666666,0.2,548,,,,
2023-05-01,148.4071,INDCPIALLMINMEI,cpi_yoy_pct,India CPI YoY,FRED/OECD Main Economic Indicators,yoy_pct,4.418653739261358,89.16666666666667,0.2,548,,,,
2023-06-01,150.2801,INDCPIALLMINMEI,cpi_yoy_pct,India CPI YoY,FRED/OECD Main Economic Indicators,yoy_pct,5.572774774951994,57.5,0.2,548,,,,
2023-07-01,153.9159,INDCPIALLMINMEI,cpi_yoy_pct,India CPI YoY,FRED/OECD Main Economic Indicators,yoy_pct,7.54430241771511,10.0,0.2,548,,,,
2023-08-01,153.365,INDCPIALLMINMEI,cpi_yoy_pct,India CPI YoY,FRED/OECD Main Economic Indicators,yoy_pct,6.912412198882967,18.33333333333333,0.2,548,,,,
2023-09-01,151.492,INDCPIALLMINMEI,cpi_yoy_pct,India CPI YoY,FRED/OECD Main Economic Indicators,yoy_pct,4.722001975652046,85.83333333333333,0.2,548,,,,
2023-10-01,152.4836,INDCPIALLMINMEI,cpi_yoy_pct,India CPI YoY,FRED/OECD Main Economic Indicators,yoy_pct,4.452841148844522,88.33333333333333,0.2,548,,,,
2023-11-01,153.2548,INDCPIALLMINMEI,cpi_yoy_pct,India CPI YoY,FRED/OECD Main Economic Indicators,yoy_pct,4.981121115306397,78.33333333333333,0.2,548,,,,
2023-12-01,152.9243,INDCPIALLMINMEI,cpi_yoy_pct,India CPI YoY,FRED/OECD Main Economic Indicators,yoy_pct,4.913119122300058,79.16666666666666,0.2,548,,,,
2024-01-01,153.0345,INDCPIALLMINMEI,cpi_yoy_pct,India CPI YoY,FRED/OECD Main Economic Indicators,yoy_pct,4.59341811463998,85.83333333333333,0.2,548,,,,
2024-02-01,153.365,INDCPIALLMINMEI,cpi_yoy_pct,India CPI YoY,FRED/OECD Main Economic Indicators,yoy_pct,4.898237799890026,78.33333333333333,0.2,548,,,,
2024-03-01,153.0345,INDCPIALLMINMEI,cpi_yoy_pct,India CPI YoY,FRED/OECD Main Economic Indicators,yoy_pct,4.201080450973227,93.33333333333333,0.2,548,,,,
2024-04-01,153.5853,INDCPIALLMINMEI,cpi_yoy_pct,India CPI YoY,FRED/OECD Main Economic Indicators,yoy_pct,3.8747783319197815,94.16666666666667,0.2,548,,,,
2024-05-01,154.1362,INDCPIALLMINMEI,cpi_yoy_pct,India CPI YoY,FRED/OECD Main Economic Indicators,yoy_pct,3.8603948193853155,92.5,0.2,548,,,,
2024-06-01,155.7889,INDCPIALLMINMEI,cpi_yoy_pct,India CPI YoY,FRED/OECD Main Economic Indicators,yoy_pct,3.665688271434475,90.0,0.2,548,,,,
2024-07-01,157.2212,INDCPIALLMINMEI,cpi_yoy_pct,India CPI YoY,FRED/OECD Main Economic Indicators,yoy_pct,2.1474714438209475,36.66666666666667,0.2,548,,,,
2024-08-01,157.111,INDCPIALLMINMEI,cpi_yoy_pct,India CPI YoY,FRED/OECD Main Economic Indicators,yoy_pct,2.4425390408502556,49.16666666666667,0.2,548,,,,
2024-09-01,157.8822,INDCPIALLMINMEI,cpi_yoy_pct,India CPI YoY,FRED/OECD Main Economic Indicators,yoy_pct,4.218176537374929,90.83333333333333,0.2,548,,,,
2024-10-01,159.2043,INDCPIALLMINMEI,cpi_yoy_pct,India CPI YoY,FRED/OECD Main Economic Indicators,yoy_pct,4.407490379293244,85.0,0.2,548,,,,
2024-11-01,159.2043,INDCPIALLMINMEI,cpi_yoy_pct,India CPI YoY,FRED/OECD Main Economic Indicators,yoy_pct,3.8820970044657566,95.0,0.2,548,,,,
2024-12-01,158.3229,INDCPIALLMINMEI,cpi_yoy_pct,India CPI YoY,FRED/OECD Main Economic Indicators,yoy_pct,3.530243394934618,82.5,0.2,548,,,,
2025-01-01,157.772,INDCPIALLMINMEI,cpi_yoy_pct,India CPI YoY,FRED/OECD Main Economic Indicators,yoy_pct,3.0957071771397837,71.66666666666667,0.2,548,,,,
2025-02-01,157.3313,INDCPIALLMINMEI,cpi_yoy_pct,India CPI YoY,FRED/OECD Main Economic Indicators,yoy_pct,2.5861832882339453,52.5,0.2,548,,,,
2025-03-01,157.5517,INDCPIALLMINMEI,cpi_yoy_pct,India CPI YoY,FRED/OECD Main Economic Indicators,yoy_pct,2.9517527093563922,68.33333333333334,0.2,548,,,,
1994-04-01,26.95337,INDPROINDMISMEI,iip_yoy_pct,India Industrial Production YoY,FRED/OECD Main Economic Indicators,yoy_pct,,,0.3,548,,,,
1994-05-01,27.38882,INDPROINDMISMEI,iip_yoy_pct,India Industrial Production YoY,FRED/OECD Main Economic Indicators,yoy_pct,,,0.3,548,,,,
1994-06-01,28.10877,INDPROINDMISMEI,iip_yoy_pct,India Industrial Production YoY,FRED/OECD Main Economic Indicators,yoy_pct,,,0.3,548,,,,
1994-07-01,28.34607,INDPROINDMISMEI,iip_yoy_pct,India Industrial Production YoY,FRED/OECD Main Economic Indicators,yoy_pct,,,0.3,548,,,,
1994-08-01,28.53,INDPROINDMISMEI,iip_yoy_pct,India Industrial Production YoY,FRED/OECD Main Economic Indicators,yoy_pct,,,0.3,548,,,,
1994-09-01,28.74524,INDPROINDMISMEI,iip_yoy_pct,India Industrial Production YoY,FRED/OECD Main Economic Indicators,yoy_pct,,,0.3,548,,,,
1994-10-01,29.14412,INDPROINDMISMEI,iip_yoy_pct,India Industrial Production YoY,FRED/OECD Main Economic Indicators,yoy_pct,,,0.3,548,,,,
1994-11-01,29.57867,INDPROINDMISMEI,iip_yoy_pct,India Industrial Production YoY,FRED/OECD Main Economic Indicators,yoy_pct,,,0.3,548,,,,
1994-12-01,29.99461,INDPROINDMISMEI,iip_yoy_pct,India Industrial Production YoY,FRED/OECD Main Economic Indicators,yoy_pct,,,0.3,548,,,,
1995-01-01,30.54258,INDPROINDMISMEI,iip_yoy_pct,India Industrial Production YoY,FRED/OECD Main Economic Indicators,yoy_pct,,,0.3,548,,,,
1995-02-01,30.32036,INDPROINDMISMEI,iip_yoy_pct,India Industrial Production YoY,FRED/OECD Main Economic Indicators,yoy_pct,,,0.3,548,,,,
1995-03-01,30.54761,INDPROINDMISMEI,iip_yoy_pct,India Industrial Production YoY,FRED/OECD Main Economic Indicators,yoy_pct,,,0.3,548,,,,
1995-04-01,31.19469,INDPROINDMISMEI,iip_yoy_pct,India Industrial Production YoY,FRED/OECD Main Economic Indicators,yoy_pct,15.735768848199694,,0.3,548,,,,
1995-05-01,30.96254,INDPROINDMISMEI,iip_yoy_pct,India Industrial Production YoY,FRED/OECD Main Economic Indicators,yoy_pct,13.048097727466912,,0.3,548,,,,
1995-06-01,31.23869,INDPROINDMISMEI,iip_yoy_pct,India Industrial Production YoY,FRED/OECD Main Economic Indicators,yoy_pct,11.13503009914698,,0.3,548,,,,
1995-07-01,31.96857,INDPROINDMISMEI,iip_yoy_pct,India Industrial Production YoY,FRED/OECD Main Economic Indicators,yoy_pct,12.779549334352168,,0.3,548,,,,
1995-08-01,32.07505,INDPROINDMISMEI,iip_yoy_pct,India Industrial Production YoY,FRED/OECD Main Economic Indicators,yoy_pct,12.42569225376795,,0.3,548,,,,
1995-09-01,33.35632,INDPROINDMISMEI,iip_yoy_pct,India Industrial Production YoY,FRED/OECD Main Economic Indicators,yoy_pct,16.041194994371246,,0.3,548,,,,
1995-10-01,32.39363,INDPROINDMISMEI,iip_yoy_pct,India Industrial Production YoY,FRED/OECD Main Economic Indicators,yoy_pct,11.149796253927047,,0.3,548,,,,
1995-11-01,33.1841,INDPROINDMISMEI,iip_yoy_pct,India Industrial Production YoY,FRED/OECD Main Economic Indicators,yoy_pct,12.18929045829309,,0.3,548,,,,
1995-12-01,33.73757,INDPROINDMISMEI,iip_yoy_pct,India Industrial Production YoY,FRED/OECD Main Economic Indicators,yoy_pct,12.478775353305128,,0.3,548,,,,
1996-01-01,34.13727,INDPROINDMISMEI,iip_yoy_pct,India Industrial Production YoY,FRED/OECD Main Economic Indicators,yoy_pct,11.769437945320927,,0.3,548,,,,
1996-02-01,33.47269,INDPROINDMISMEI,iip_yoy_pct,India Industrial Production YoY,FRED/OECD Main Economic Indicators,yoy_pct,10.39674331043563,,0.3,548,,,,
1996-03-01,34.92425,INDPROINDMISMEI,iip_yoy_pct,India Industrial Production YoY,FRED/OECD Main Economic Indicators,yoy_pct,14.327274703323777,,0.3,548,,,,
1996-04-01,34.58413,INDPROINDMISMEI,iip_yoy_pct,India Industrial Production YoY,FRED/OECD Main Economic Indicators,yoy_pct,10.865438957720052,,0.3,548,,,,
1996-05-01,34.95609,INDPROINDMISMEI,iip_yoy_pct,India Industrial Production YoY,FRED/OECD Main Economic Indicators,yoy_pct,12.898005137821379,,0.3,548,,,,
1996-06-01,34.51357,INDPROINDMISMEI,iip_yoy_pct,India Industrial Production YoY,FRED/OECD Main Economic Indicators,yoy_pct,10.483410155803607,,0.3,548,,,,
1996-07-01,34.11421,INDPROINDMISMEI,iip_yoy_pct,India Industrial Production YoY,FRED/OECD Main Economic Indicators,yoy_pct,6.711717164702713,,0.3,548,,,,
1996-08-01,34.92056,INDPROINDMISMEI,iip_yoy_pct,India Industrial Production YoY,FRED/OECD Main Economic Indicators,yoy_pct,8.871412515335141,,0.3,548,,,,
1996-09-01,34.59007,INDPROINDMISMEI,iip_yoy_pct,India Industrial Production YoY,FRED/OECD Main Economic Indicators,yoy_pct,3.6986993769096754,,0.3,548,,,,
1996-10-01,35.1228,INDPROINDMISMEI,iip_yoy_pct,India Industrial Production YoY,FRED/OECD Main Economic Indicators,yoy_pct,8.425020598185506,,0.3,548,,,,
1996-11-01,33.9593,INDPROINDMISMEI,iip_yoy_pct,India Industrial Production YoY,FRED/OECD Main Economic Indicators,yoy_pct,2.3360585340569617,,0.3,548,,,,
1996-12-01,34.99657,INDPROINDMISMEI,iip_yoy_pct,India Industrial Production YoY,FRED/OECD Main Economic Indicators,yoy_pct,3.7317447581435292,,0.3,548,,,,
1997-01-01,34.68936,INDPROINDMISMEI,iip_yoy_pct,India Industrial Production YoY,FRED/OECD Main Economic Indicators,yoy_pct,1.6172646494579057,,0.3,548,,,,
1997-02-01,35.47995,INDPROINDMISMEI,iip_yoy_pct,India Industrial Production YoY,FRED/OECD Main Economic Indicators,yoy_pct,5.996709556357738,,0.3,548,,,,
1997-03-01,36.05666,INDPROINDMISMEI,iip_yoy_pct,India Industrial Production YoY,FRED/OECD Main Economic Indicators,yoy_pct,3.2424747847126234,,0.3,548,12.5,,,
1997-04-01,36.08526,INDPROINDMISMEI,iip_yoy_pct,India Industrial Production YoY,FRED/OECD Main Economic Indicators,yoy_pct,4.3405168786954995,,0.3,548,24.0,,,
1997-05-01,36.33492,INDPROINDMISMEI,iip_yoy_pct,India Industrial Production YoY,FRED/OECD Main Economic Indicators,yoy_pct,3.9444628961648576,,0.3,548,23.076923076923077,,,
1997-06-01,36.65428,INDPROINDMISMEI,iip_yoy_pct,India Industrial Production YoY,FRED/OECD Main Economic Indicators,yoy_pct,6.202516865105512,,0.3,548,33.33333333333333,,,
1997-07-01,36.92703,INDPROINDMISMEI,iip_yoy_pct,India Industrial Production YoY,FRED/OECD Main Economic Indicators,yoy_pct,8.245303056995912,,0.3,548,39.285714285714285,,,
1997-08-01,36.81491,INDPROINDMISMEI,iip_yoy_pct,India Industrial Production YoY,FRED/OECD Main Economic Indicators,yoy_pct,5.424741183990167,,0.3,548,27.586206896551722,,,
1997-09-01,37.37297,INDPROINDMISMEI,iip_yoy_pct,India Industrial Production YoY,FRED/OECD Main Economic Indicators,yoy_pct,8.045372559234497,,0.3,548,40.0,,,
1997-10-01,37.55028,INDPROINDMISMEI,iip_yoy_pct,India Industrial Production YoY,FRED/OECD Main Economic Indicators,yoy_pct,6.911407974307293,,0.3,548,38.70967741935484,,,
1997-11-01,37.58358,INDPROINDMISMEI,iip_yoy_pct,India Industrial Production YoY,FRED/OECD Main Economic Indicators,yoy_pct,10.672422576437079,,0.3,548,59.375,,,
1997-12-01,37.42739,INDPROINDMISMEI,iip_yoy_pct,India Industrial Production YoY,FRED/OECD Main Economic Indicators,yoy_pct,6.94588069630826,,0.3,548,39.39393939393939,,,
1998-01-01,37.6106,INDPROINDMISMEI,iip_yoy_pct,India Industrial Production YoY,FRED/OECD Main Economic Indicators,yoy_pct,8.421141237543717,,0.3,548,47.05882352941176,,,
1998-02-01,37.98297,INDPROINDMISMEI,iip_yoy_pct,India Industrial Production YoY,FRED/OECD Main Economic Indicators,yoy_pct,7.054745003868379,,0.3,548,40.0,,,
1998-03-01,37.46576,INDPROINDMISMEI,iip_yoy_pct,India Industrial Production YoY,FRED/OECD Main Economic Indicators,yoy_pct,3.9080158838894263,,0.3,548,16.666666666666664,,,
1998-04-01,37.93493,INDPROINDMISMEI,iip_yoy_pct,India Industrial Production YoY,FRED/OECD Main Economic Indicators,yoy_pct,5.125832542151576,,0.3,548,24.324324324324326,,,
1998-05-01,37.95919,INDPROINDMISMEI,iip_yoy_pct,India Industrial Production YoY,FRED/OECD Main Economic Indicators,yoy_pct,4.470272674330933,,0.3,548,23.684210526315788,,,
1998-06-01,38.54072,INDPROINDMISMEI,iip_yoy_pct,India Industrial Production YoY,FRED/OECD Main Economic Indicators,yoy_pct,5.146574970235407,,0.3,548,28.205128205128204,,,
1998-07-01,38.33091,INDPROINDMISMEI,iip_yoy_pct,India Industrial Production YoY,FRED/OECD Main Economic Indicators,yoy_pct,3.8017679732163634,,0.3,548,15.0,,,
1998-08-01,38.48766,INDPROINDMISMEI,iip_yoy_pct,India Industrial Production YoY,FRED/OECD Main Economic Indicators,yoy_pct,4.543675375004308,,0.3,548,26.82926829268293,,,
1998-09-01,38.41571,INDPROINDMISMEI,iip_yoy_pct,India Industrial Production YoY,FRED/OECD Main Economic Indicators,yoy_pct,2.79009134141599,,0.3,548,7.142857142857142,,,
1998-10-01,37.60761,INDPROINDMISMEI,iip_yoy_pct,India Industrial Production YoY,FRED/OECD Main Economic Indicators,yoy_pct,0.15267529296718596,,0.3,548,2.3255813953488373,,,
1998-11-01,39.40788,INDPROINDMISMEI,iip_yoy_pct,India Industrial Production YoY,FRED/OECD Main Economic Indicators,yoy_pct,4.853981446152811,,0.3,548,31.818181818181817,,,
1998-12-01,39.01621,INDPROINDMISMEI,iip_yoy_pct,India Industrial Production YoY,FRED/OECD Main Economic Indicators,yoy_pct,4.245072926538551,,0.3,548,24.444444444444443,,,
1999-01-01,39.70019,INDPROINDMISMEI,iip_yoy_pct,India Industrial Production YoY,FRED/OECD Main Economic Indicators,yoy_pct,5.555853934794985,,0.3,548,41.30434782608695,,,
1999-02-01,39.33694,INDPROINDMISMEI,iip_yoy_pct,India Industrial Production YoY,FRED/OECD Main Economic Indicators,yoy_pct,3.5646764852774737,,0.3,548,12.76595744680851,,,
1999-03-01,39.21398,INDPROINDMISMEI,iip_yoy_pct,India Industrial Production YoY,FRED/OECD Main Economic Indicators,yoy_pct,4.66618053390615,,0.3,548,33.33333333333333,,,
1999-04-01,39.83234,INDPROINDMISMEI,iip_yoy_pct,India Industrial Production YoY,FRED/OECD Main Economic Indicators,yoy_pct,5.001749047645543,,0.3,548,36.734693877551024,,,
1999-05-01,40.78373,INDPROINDMISMEI,iip_yoy_pct,India Industrial Production YoY,FRED/OECD Main Economic Indicators,yoy_pct,7.440991232953076,,0.3,548,57.99999999999999,,,
1999-06-01,40.36361,INDPROINDMISMEI,iip_yoy_pct,India Industrial Production YoY,FRED/OECD Main Economic Indicators,yoy_pct,4.729776714083189,,0.3,548,33.33333333333333,,,
1999-07-01,40.79242,INDPROINDMISMEI,iip_yoy_pct,India Industrial Production YoY,FRED/OECD Main Economic Indicators,yoy_pct,6.421736400205469,,0.3,548,50.0,,,
1999-08-01,41.11758,INDPROINDMISMEI,iip_yoy_pct,India Industrial Production YoY,FRED/OECD Main Economic Indicators,yoy_pct,6.833151197033027,,0.3,548,52.83018867924528,,,
1999-09-01,41.09966,INDPROINDMISMEI,iip_yoy_pct,India Industrial Production YoY,FRED/OECD Main Economic Indicators,yoy_pct,6.9865948071765605,,0.3,548,57.407407407407405,,,
1999-10-01,40.78972,INDPROINDMISMEI,iip_yoy_pct,India Industrial Production YoY,FRED/OECD Main Economic Indicators,yoy_pct,8.461345988218882,,0.3,548,69.0909090909091,,,
1999-11-01,40.78096,INDPROINDMISMEI,iip_yoy_pct,India Industrial Production YoY,FRED/OECD Main Economic Indicators,yoy_pct,3.4842777637365874,,0.3,548,10.714285714285714,,,
1999-12-01,42.10605,INDPROINDMISMEI,iip_yoy_pct,India Industrial Production YoY,FRED/OECD Main Economic Indicators,yoy_pct,7.919375049498667,,0.3,548,61.40350877192983,,,
2000-01-01,41.642,INDPROINDMISMEI,iip_yoy_pct,India Industrial Production YoY,FRED/OECD Main Economic Indicators,yoy_pct,4.891185659312969,,0.3,548,34.48275862068966,,,
2000-02-01,41.09042,INDPROINDMISMEI,iip_yoy_pct,India Industrial Production YoY,FRED/OECD Main Economic Indicators,yoy_pct,4.457591261547034,,0.3,548,25.423728813559322,,,
2000-03-01,42.6038,INDPROINDMISMEI,iip_yoy_pct,India Industrial Production YoY,FRED/OECD Main Economic Indicators,yoy_pct,8.644417118588832,,0.3,548,71.66666666666667,,,
2000-04-01,42.77522,INDPROINDMISMEI,iip_yoy_pct,India Industrial Production YoY,FRED/OECD Main Economic Indicators,yoy_pct,7.38816750409339,,0.3,548,59.01639344262295,,,
2000-05-01,43.07992,INDPROINDMISMEI,iip_yoy_pct,India Industrial Production YoY,FRED/OECD Main Economic Indicators,yoy_pct,5.630161831691227,,0.3,548,43.54838709677419,,,
2000-06-01,42.75114,INDPROINDMISMEI,iip_yoy_pct,India Industrial Production YoY,FRED/OECD Main Economic Indicators,yoy_pct,5.915055665239066,,0.3,548,44.44444444444444,,,
2000-07-01,42.84707,INDPROINDMISMEI,iip_yoy_pct,India Industrial Production YoY,FRED/OECD Main Economic Indicators,yoy_pct,5.036842629096294,,0.3,548,35.9375,,,
2000-08-01,42.92888,INDPROINDMISMEI,iip_yoy_pct,India Industrial Production YoY,FRED/OECD Main Economic Indicators,yoy_pct,4.40517170514414,,0.3,548,23.076923076923077,,,
2000-09-01,43.43838,INDPROINDMISMEI,iip_yoy_pct,India Industrial Production YoY,FRED/OECD Main Economic Indicators,yoy_pct,5.690363375268803,,0.3,548,45.45454545454545,,,
2000-10-01,43.32015,INDPROINDMISMEI,iip_yoy_pct,India Industrial Production YoY,FRED/OECD Main Economic Indicators,yoy_pct,6.203597376986147,,0.3,548,50.74626865671642,,,
2000-11-01,43.77005,INDPROINDMISMEI,iip_yoy_pct,India Industrial Production YoY,FRED/OECD Main Economic Indicators,yoy_pct,7.329621470411674,,0.3,548,61.76470588235294,,,
2000-12-01,43.68871,INDPROINDMISMEI,iip_yoy_pct,India Industrial Production YoY,FRED/OECD Main Economic Indicators,yoy_pct,3.7587472584106107,,0.3,548,14.492753623188406,,,
2001-01-01,43.24702,INDPROINDMISMEI,iip_yoy_pct,India Industrial Production YoY,FRED/OECD Main Economic Indicators,yoy_pct,3.8543297632198215,,0.3,548,17.142857142857142,,,
2001-02-01,43.93343,INDPROINDMISMEI,iip_yoy_pct,India Industrial Production YoY,FRED/OECD Main Economic Indicators,yoy_pct,6.918911999439281,,0.3,548,57.74647887323944,,,
2001-03-01,43.80357,INDPROINDMISMEI,iip_yoy_pct,India Industrial Production YoY,FRED/OECD Main Economic Indicators,yoy_pct,2.8161103000201804,,0.3,548,6.944444444444445,,,
2001-04-01,43.93332,INDPROINDMISMEI,iip_yoy_pct,India Industrial Production YoY,FRED/OECD Main Economic Indicators,yoy_pct,2.707408635186459,,0.3,548,5.47945205479452,,,
2001-05-01,43.81442,INDPROINDMISMEI,iip_yoy_pct,India Industrial Production YoY,FRED/OECD Main Economic Indicators,yoy_pct,1.7049706684691968,,0.3,548,4.054054054054054,,,
2001-06-01,44.03944,INDPROINDMISMEI,iip_yoy_pct,India Industrial Production YoY,FRED/OECD Main Economic Indicators,yoy_pct,3.0134868918115343,,0.3,548,10.666666666666668,,,
2001-07-01,43.74323,INDPROINDMISMEI,iip_yoy_pct,India Industrial Production YoY,FRED/OECD Main Economic Indicators,yoy_pct,2.0915315796389278,,0.3,548,5.263157894736842,,,
2001-08-01,44.14936,INDPROINDMISMEI,iip_yoy_pct,India Industrial Production YoY,FRED/OECD Main Economic Indicators,yoy_pct,2.8430278171710954,,0.3,548,11.688311688311687,,,
2001-09-01,44.26254,INDPROINDMISMEI,iip_yoy_pct,India Industrial Production YoY,FRED/OECD Main Economic Indicators,yoy_pct,1.8973083250342082,,0.3,548,5.128205128205128,,,
2001-10-01,44.42151,INDPROINDMISMEI,iip_yoy_pct,India Industrial Production YoY,FRED/OECD Main Economic Indicators,yoy_pct,2.5423734682359145,,0.3,548,8.860759493670885,,,
2001-11-01,44.87817,INDPROINDMISMEI,iip_yoy_pct,India Industrial Production YoY,FRED/OECD Main Economic Indicators,yoy_pct,2.531685478997625,,0.3,548,8.75,,,
2001-12-01,44.91918,INDPROINDMISMEI,iip_yoy_pct,India Industrial Production YoY,FRED/OECD Main Economic Indicators,yoy_pct,2.816448460025467,,0.3,548,14.814814814814813,,,
2002-01-01,44.83217,INDPROINDMISMEI,iip_yoy_pct,India Industrial Production YoY,FRED/OECD Main Economic Indicators,yoy_pct,3.665339253432953,,0.3,548,21.951219512195124,,,
2002-02-01,45.09081,INDPROINDMISMEI,iip_yoy_pct,India Industrial Production YoY,FRED/OECD Main Economic Indicators,yoy_pct,2.634394810512175,,0.3,548,10.843373493975903,,,
2002-03-01,45.36222,INDPROINDMISMEI,iip_yoy_pct,India Industrial Production YoY,FRED/OECD Main Economic Indicators,yoy_pct,3.558271620326847,,0.3,548,21.428571428571427,,,
2002-04-01,45.90337,INDPROINDMISMEI,iip_yoy_pct,India Industrial Production YoY,FRED/OECD Main Economic Indicators,yoy_pct,4.484181937536258,,0.3,548,38.82352941176471,,,
2002-05-01,45.69966,INDPROINDMISMEI,iip_yoy_pct,India Industrial Production YoY,FRED/OECD Main Economic Indicators,yoy_pct,4.302784334472531,,0.3,548,33.72093023255814,,,
2002-06-01,46.10546,INDPROINDMISMEI,iip_yoy_pct,India Industrial Production YoY,FRED/OECD Main Economic Indicators,yoy_pct,4.691294893849696,,0.3,548,42.5287356321839,,,
2002-07-01,46.65891,INDPROINDMISMEI,iip_yoy_pct,India Industrial Production YoY,FRED/OECD Main Economic Indicators,yoy_pct,6.665442858243442,,0.3,548,61.36363636363637,,,
2002-08-01,46.95699,INDPROINDMISMEI,iip_yoy_pct,India Industrial Production YoY,FRED/OECD Main Economic Indicators,yoy_pct,6.359390034193013,,0.3,548,59.55056179775281,,,
2002-09-01,46.82148,INDPROINDMISMEI,iip_yoy_pct,India Industrial Production YoY,FRED/OECD Main Economic Indicators,yoy_pct,5.7812768991567065,,0.3,548,54.44444444444444,,,
2002-10-01,47.31229,INDPROINDMISMEI,iip_yoy_pct,India Industrial Production YoY,FRED/OECD Main Economic Indicators,yoy_pct,6.507613091045306,,0.3,548,61.53846153846154,,,
2002-11-01,46.97102,INDPROINDMISMEI,iip_yoy_pct,India Industrial Production YoY,FRED/OECD Main Economic Indicators,yoy_pct,4.663403164612112,,0.3,548,39.130434782608695,,,
2002-12-01,47.51075,INDPROINDMISMEI,iip_yoy_pct,India Industrial Production YoY,FRED/OECD Main Economic Indicators,yoy_pct,5.7694062981559435,,0.3,548,53.76344086021505,,,
2003-01-01,47.77882,INDPROINDMISMEI,iip_yoy_pct,India Industrial Production YoY,FRED/OECD Main Economic Indicators,yoy_pct,6.572624077754896,,0.3,548,62.76595744680851,,,
2003-02-01,48.39274,INDPROINDMISMEI,iip_yoy_pct,India Industrial Production YoY,FRED/OECD Main Economic Indicators,yoy_pct,7.3228447215740955,,0.3,548,71.57894736842105,,,
2003-03-01,47.99529,INDPROINDMISMEI,iip_yoy_pct,India Industrial Production YoY,FRED/OECD Main Economic Indicators,yoy_pct,5.804543957504715,,0.3,548,54.166666666666664,,,
2003-04-01,48.09949,INDPROINDMISMEI,iip_yoy_pct,India Industrial Production YoY,FRED/OECD Main Economic Indicators,yoy_pct,4.78422390338662,,0.3,548,41.23711340206185,,,
2003-05-01,48.78961,INDPROINDMISMEI,iip_yoy_pct,India Industrial Production YoY,FRED/OECD Main Economic Indicators,yoy_pct,6.7614288596457905,,0.3,548,65.3061224489796,,,
2003-06-01,48.95836,INDPROINDMISMEI,iip_yoy_pct,India Industrial Production YoY,FRED/OECD Main Economic Indicators,yoy_pct,6.1877703855465205,,0.3,548,56.56565656565656,,,
2003-07-01,49.6014,INDPROINDMISMEI,iip_yoy_pct,India Industrial Production YoY,FRED/OECD Main Economic Indicators,yoy_pct,6.306383925385317,,0.3,548,59.0,,,
2003-08-01,49.84206,INDPROINDMISMEI,iip_yoy_pct,India Industrial Production YoY,FRED/OECD Main Economic Indicators,yoy_pct,6.144069285531284,,0.3,548,55.44554455445545,,,
2003-09-01,50.18027,INDPROINDMISMEI,iip_yoy_pct,India Industrial Production YoY,FRED/OECD Main Economic Indicators,yoy_pct,7.173609206714526,,0.3,548,72.54901960784314,,,
2003-10-01,49.98143,INDPROINDMISMEI,iip_yoy_pct,India Industrial Production YoY,FRED/OECD Main Economic Indicators,yoy_pct,5.641536268906044,,0.3,548,48.54368932038835,,,
2003-11-01,51.15827,INDPROINDMISMEI,iip_yoy_pct,India Industrial Production YoY,FRED/OECD Main Economic Indicators,yoy_pct,8.914539220140405,,0.3,548,84.61538461538461,,,
2003-12-01,50.92152,INDPROINDMISMEI,iip_yoy_pct,India Industrial Production YoY,FRED/OECD Main Economic Indicators,yoy_pct,7.1789437127386835,,0.3,548,72.38095238095238,,,
2004-01-01,51.65935,INDPROINDMISMEI,iip_yoy_pct,India Industrial Production YoY,FRED/OECD Main Economic Indicators,yoy_pct,8.121862364955845,,0.3,548,78.30188679245283,,,
2004-02-01,50.85638,INDPROINDMISMEI,iip_yoy_pct,India Industrial Production YoY,FRED/OECD Main Economic Indicators,yoy_pct,5.090928928595484,,0.3,548,42.05607476635514,,,
2004-03-01,51.51861,INDPROINDMISMEI,iip_yoy_pct,India Industrial Production YoY,FRED/OECD Main Economic Indicators,yoy_pct,7.340970332713903,,0.3,548,74.07407407407408,,,
2004-04-01,54.01192,INDPROINDMISMEI,iip_yoy_pct,India Industrial Production YoY,FRED/OECD Main Economic Indicators,yoy_pct,12.292084593828335,,0.3,548,92.66055045871559,,,
2004-05-01,53.60933,INDPROINDMISMEI,iip_yoy_pct,India Industrial Production YoY,FRED/OECD Main Economic Indicators,yoy_pct,9.878578656398362,,0.3,548,84.54545454545455,,,
2004-06-01,53.7301,INDPROINDMISMEI,iip_yoy_pct,India Industrial Production YoY,FRED/OECD Main Economic Indicators,yoy_pct,9.746527457210586,,0.3,548,83.78378378378379,,,
2004-07-01,55.44793,INDPROINDMISMEI,iip_yoy_pct,India Industrial Production YoY,FRED/OECD Main Economic Indicators,yoy_pct,11.787026172648352,,0.3,548,91.07142857142857,,,
2004-08-01,55.79958,INDPROINDMISMEI,iip_yoy_pct,India Industrial Production YoY,FRED/OECD Main Economic Indicators,yoy_pct,11.952796493563866,,0.3,548,91.1504424778761,,,
2004-09-01,56.72229,INDPROINDMISMEI,iip_yoy_pct,India Industrial Production YoY,FRED/OECD Main Economic Indicators,yoy_pct,13.037036269434177,,0.3,548,96.49122807017544,,,
2004-10-01,56.86512,INDPROINDMISMEI,iip_yoy_pct,India Industrial Production YoY,FRED/OECD Main Economic Indicators,yoy_pct,13.772495104681859,,0.3,548,97.3913043478261,,,
2004-11-01,56.84608,INDPROINDMISMEI,iip_yoy_pct,India Industrial Production YoY,FRED/OECD Main Economic Indicators,yoy_pct,11.11806556398407,,0.3,548,85.34482758620689,,,
2004-12-01,57.24195,INDPROINDMISMEI,iip_yoy_pct,India Industrial Production YoY,FRED/OECD Main Economic Indicators,yoy_pct,12.412100031578,,0.3,548,91.45299145299145,,,
2005-01-01,57.16153,INDPROINDMISMEI,iip_yoy_pct,India Industrial Production YoY,FRED/OECD Main Economic Indicators,yoy_pct,10.65088894846722,,0.3,548,82.20338983050848,,,
2005-02-01,57.88214,INDPROINDMISMEI,iip_yoy_pct,India Industrial Production YoY,FRED/OECD Main Economic Indicators,yoy_pct,13.814903852771266,,0.3,548,97.47899159663865,,,
2005-03-01,58.86161,INDPROINDMISMEI,iip_yoy_pct,India Industrial Production YoY,FRED/OECD Main Economic Indicators,yoy_pct,14.253101937338752,,0.3,548,97.5,,,
2005-04-01,56.36187,INDPROINDMISMEI,iip_yoy_pct,India Industrial Production YoY,FRED/OECD Main Economic Indicators,yoy_pct,4.350798860695937,,0.3,548,25.833333333333336,,,
2005-05-01,56.69711,INDPROINDMISMEI,iip_yoy_pct,India Industrial Production YoY,FRED/OECD Main Economic Indicators,yoy_pct,5.759780993345753,,0.3,548,45.0,,,
2005-06-01,57.68686,INDPROINDMISMEI,iip_yoy_pct,India Industrial Production YoY,FRED/OECD Main Economic Indicators,yoy_pct,7.364140398026442,,0.3,548,69.16666666666667,,,
2005-07-01,56.58878,INDPROINDMISMEI,iip_yoy_pct,India Industrial Production YoY,FRED/OECD Main Economic Indicators,yoy_pct,2.0575159433363854,,0.3,548,4.166666666666666,,,
2005-08-01,58.06918,INDPROINDMISMEI,iip_yoy_pct,India Industrial Production YoY,FRED/OECD Main Economic Indicators,yoy_pct,4.0674141274898545,,0.3,548,24.166666666666668,,,
2005-09-01,57.77893,INDPROINDMISMEI,iip_yoy_pct,India Industrial Production YoY,FRED/OECD Main Economic Indicators,yoy_pct,1.862830291231199,,0.3,548,3.3333333333333335,,,
2005-10-01,59.00667,INDPROINDMISMEI,iip_yoy_pct,India Industrial Production YoY,FRED/OECD Main Economic Indicators,yoy_pct,3.766016848289433,,0.3,548,21.666666666666668,,,
2005-11-01,58.17199,INDPROINDMISMEI,iip_yoy_pct,India Industrial Production YoY,FRED/OECD Main Economic Indicators,yoy_pct,2.3324563452748137,,0.3,548,6.666666666666667,,,
2005-12-01,60.26303,INDPROINDMISMEI,iip_yoy_pct,India Industrial Production YoY,FRED/OECD Main Economic Indicators,yoy_pct,5.277737743036348,,0.3,548,45.0,,,
2006-01-01,61.25228,INDPROINDMISMEI,iip_yoy_pct,India Industrial Production YoY,FRED/OECD Main Economic Indicators,yoy_pct,7.156473943227204,,0.3,548,70.0,,,
2006-02-01,61.55499,INDPROINDMISMEI,iip_yoy_pct,India Industrial Production YoY,FRED/OECD Main Economic Indicators,yoy_pct,6.345394278787886,,0.3,548,59.166666666666664,,,
2006-03-01,62.72617,INDPROINDMISMEI,iip_yoy_pct,India Industrial Production YoY,FRED/OECD Main Economic Indicators,yoy_pct,6.565501691170206,,0.3,548,62.5,,,
2006-04-01,62.0391,INDPROINDMISMEI,iip_yoy_pct,India Industrial Production YoY,FRED/OECD Main Economic Indicators,yoy_pct,10.072820507907188,,0.3,548,89.16666666666667,,,
2006-05-01,62.78899,INDPROINDMISMEI,iip_yoy_pct,India Industrial Production YoY,FRED/OECD Main Economic Indicators,yoy_pct,10.744604090049737,,0.3,548,92.5,,,
2006-06-01,62.89713,INDPROINDMISMEI,iip_yoy_pct,India Industrial Production YoY,FRED/OECD Main Economic Indicators,yoy_pct,9.031987527142228,,0.3,548,87.5,,,
2006-07-01,64.99783,INDPROINDMISMEI,iip_yoy_pct,India Industrial Production YoY,FRED/OECD Main Economic Indicators,yoy_pct,14.85992452920879,,0.3,548,100.0,,,
2006-08-01,63.91274,INDPROINDMISMEI,iip_yoy_pct,India Industrial Production YoY,FRED/OECD Main Economic Indicators,yoy_pct,10.06310059828639,,0.3,548,88.33333333333333,,,
2006-09-01,65.53379,INDPROINDMISMEI,iip_yoy_pct,India Industrial Production YoY,FRED/OECD Main Economic Indicators,yoy_pct,13.421605419138082,,0.3,548,96.66666666666667,,,
2006-10-01,64.42336,INDPROINDMISMEI,iip_yoy_pct,India Industrial Production YoY,FRED/OECD Main Economic Indicators,yoy_pct,9.179792725127523,,0.3,548,85.0,,,
2006-11-01,70.06536,INDPROINDMISMEI,iip_yoy_pct,India Industrial Production YoY,FRED/OECD Main Economic Indicators,yoy_pct,20.445183326202176,,0.3,548,100.0,,,
2006-12-01,68.84689,INDPROINDMISMEI,iip_yoy_pct,India Industrial Production YoY,FRED/OECD Main Economic Indicators,yoy_pct,14.243990054930865,,0.3,548,97.5,,,
2007-01-01,69.8091,INDPROINDMISMEI,iip_yoy_pct,India Industrial Production YoY,FRED/OECD Main Economic Indicators,yoy_pct,13.969798348730865,,0.3,548,96.66666666666667,,,
2007-02-01,70.20722,INDPROINDMISMEI,iip_yoy_pct,India Industrial Production YoY,FRED/OECD Main Economic Indicators,yoy_pct,14.05609845765552,,0.3,548,96.66666666666667,,,
2007-03-01,71.70661,INDPROINDMISMEI,iip_yoy_pct,India Industrial Production YoY,FRED/OECD Main Economic Indicators,yoy_pct,14.316895165128042,,0.3,548,98.33333333333333,,,
2007-04-01,72.58376,INDPROINDMISMEI,iip_yoy_pct,India Industrial Production YoY,FRED/OECD Main Economic Indicators,yoy_pct,16.99679718113254,,0.3,548,99.16666666666667,,,
2007-05-01,74.70207,INDPROINDMISMEI,iip_yoy_pct,India Industrial Production YoY,FRED/OECD Main Economic Indicators,yoy_pct,18.973198963703688,,0.3,548,99.16666666666667,,,
2007-06-01,75.15701,INDPROINDMISMEI,iip_yoy_pct,India Industrial Production YoY,FRED/OECD Main Economic Indicators,yoy_pct,19.491954561360746,,0.3,548,99.16666666666667,,,
2007-07-01,75.26715,INDPROINDMISMEI,iip_yoy_pct,India Industrial Production YoY,FRED/OECD Main Economic Indicators,yoy_pct,15.799481305760521,,0.3,548,96.66666666666667,,,
2007-08-01,75.49085,INDPROINDMISMEI,iip_yoy_pct,India Industrial Production YoY,FRED/OECD Main Economic Indicators,yoy_pct,18.115496221880022,,0.3,548,97.5,,,
2007-09-01,74.4225,INDPROINDMISMEI,iip_yoy_pct,India Industrial Production YoY,FRED/OECD Main Economic Indicators,yoy_pct,13.563552481857077,,0.3,548,88.33333333333333,,,
2007-10-01,76.6977,INDPROINDMISMEI,iip_yoy_pct,India Industrial Production YoY,FRED/OECD Main Economic Indicators,yoy_pct,19.05262314787679,,0.3,548,98.33333333333333,,,
2007-11-01,77.30314,INDPROINDMISMEI,iip_yoy_pct,India Industrial Production YoY,FRED/OECD Main Economic Indicators,yoy_pct,10.330040407984775,,0.3,548,79.16666666666666,,,
2007-12-01,78.4024,INDPROINDMISMEI,iip_yoy_pct,India Industrial Production YoY,FRED/OECD Main Economic Indicators,yoy_pct,13.879363323455852,,0.3,548,89.16666666666667,,,
2008-01-01,79.28104,INDPROINDMISMEI,iip_yoy_pct,India Industrial Production YoY,FRED/OECD Main Economic Indicators,yoy_pct,13.568345674131322,,0.3,548,86.66666666666667,,,
2008-02-01,79.27101,INDPROINDMISMEI,iip_yoy_pct,India Industrial Production YoY,FRED/OECD Main Economic Indicators,yoy_pct,12.910053980203173,,0.3,548,83.33333333333334,,,
2008-03-01,80.15997,INDPROINDMISMEI,iip_yoy_pct,India Industrial Production YoY,FRED/OECD Main Economic Indicators,yoy_pct,11.78881556386504,,0.3,548,80.0,,,
2008-04-01,79.952,INDPROINDMISMEI,iip_yoy_pct,India Industrial Production YoY,FRED/OECD Main Economic Indicators,yoy_pct,10.1513616820071,,0.3,548,75.0,,,
2008-05-01,80.18629,INDPROINDMISMEI,iip_yoy_pct,India Industrial Production YoY,FRED/OECD Main Economic Indicators,yoy_pct,7.341456535274049,,0.3,548,62.5,,,
2008-06-01,81.27293,INDPROINDMISMEI,iip_yoy_pct,India Industrial Production YoY,FRED/OECD Main Economic Indicators,yoy_pct,8.137524363994796,,0.3,548,66.66666666666666,,,
2008-07-01,79.20731,INDPROINDMISMEI,iip_yoy_pct,India Industrial Production YoY,FRED/OECD Main Economic Indicators,yoy_pct,5.234899953033967,,0.3,548,35.0,,,
2008-08-01,80.13097,INDPROINDMISMEI,iip_yoy_pct,India Industrial Production YoY,FRED/OECD Main Economic Indicators,yoy_pct,6.146599223614535,,0.3,548,44.166666666666664,,,
2008-09-01,82.15518,INDPROINDMISMEI,iip_yoy_pct,India Industrial Production YoY,FRED/OECD Main Economic Indicators,yoy_pct,10.390244885619282,,0.3,548,75.83333333333333,,,
2008-10-01,79.67675,INDPROINDMISMEI,iip_yoy_pct,India Industrial Production YoY,FRED/OECD Main Economic Indicators,yoy_pct,3.8841451568951912,,0.3,548,18.333333333333332,,,
2008-11-01,78.96045,INDPROINDMISMEI,iip_yoy_pct,India Industrial Production YoY,FRED/OECD Main Economic Indicators,yoy_pct,2.1439103249880853,,0.3,548,5.0,,,
2008-12-01,76.89181,INDPROINDMISMEI,iip_yoy_pct,India Industrial Production YoY,FRED/OECD Main Economic Indicators,yoy_pct,-1.9267139781435128,,0.3,548,0.8333333333333334,,,
2009-01-01,75.37524,INDPROINDMISMEI,iip_yoy_pct,India Industrial Production YoY,FRED/OECD Main Economic Indicators,yoy_pct,-4.926524677274669,,0.3,548,0.8333333333333334,,,
2009-02-01,76.24326,INDPROINDMISMEI,iip_yoy_pct,India Industrial Production YoY,FRED/OECD Main Economic Indicators,yoy_pct,-3.8194921447323504,,0.3,548,1.6666666666666667,,,
2009-03-01,75.69012,INDPROINDMISMEI,iip_yoy_pct,India Industrial Production YoY,FRED/OECD Main Economic Indicators,yoy_pct,-5.576162266527806,,0.3,548,0.8333333333333334,,,
2009-04-01,78.05914,INDPROINDMISMEI,iip_yoy_pct,India Industrial Production YoY,FRED/OECD Main Economic Indicators,yoy_pct,-2.3674954972983775,,0.3,548,3.3333333333333335,,,
2009-05-01,78.97525,INDPROINDMISMEI,iip_yoy_pct,India Industrial Production YoY,FRED/OECD Main Economic Indicators,yoy_pct,-1.5102831169767295,,0.3,548,5.0,,,
2009-06-01,79.58847,INDPROINDMISMEI,iip_yoy_pct,India Industrial Production YoY,FRED/OECD Main Economic Indicators,yoy_pct,-2.0725966198093304,,0.3,548,4.166666666666666,,,
2009-07-01,80.4558,INDPROINDMISMEI,iip_yoy_pct,India Industrial Production YoY,FRED/OECD Main Economic Indicators,yoy_pct,1.5762307797095865,,0.3,548,6.666666666666667,,,
2009-08-01,84.52279,INDPROINDMISMEI,iip_yoy_pct,India Industrial Production YoY,FRED/OECD Main Economic Indicators,yoy_pct,5.480802241630167,,0.3,548,37.5,,,
2009-09-01,83.58832,INDPROINDMISMEI,iip_yoy_pct,India Industrial Production YoY,FRED/OECD Main Economic Indicators,yoy_pct,1.744430479003256,,0.3,548,8.333333333333332,,,
2009-10-01,81.63593,INDPROINDMISMEI,iip_yoy_pct,India Industrial Production YoY,FRED/OECD Main Economic Indicators,yoy_pct,2.4589105353820306,,0.3,548,14.166666666666666,,,
2009-11-01,84.06258,INDPROINDMISMEI,iip_yoy_pct,India Industrial Production YoY,FRED/OECD Main Economic Indicators,yoy_pct,6.461627308355,,0.3,548,51.66666666666667,,,
2009-12-01,84.27239,INDPROINDMISMEI,iip_yoy_pct,India Industrial Production YoY,FRED/OECD Main Economic Indicators,yoy_pct,9.598655565527704,,0.3,548,70.0,,,
2010-01-01,85.80334,INDPROINDMISMEI,iip_yoy_pct,India Industrial Production YoY,FRED/OECD Main Economic Indicators,yoy_pct,13.834914489161164,,0.3,548,88.33333333333333,,,
2010-02-01,86.7054,INDPROINDMISMEI,iip_yoy_pct,India Industrial Production YoY,FRED/OECD Main Economic Indicators,yoy_pct,13.72205228370349,,0.3,548,85.83333333333333,,,
2010-03-01,86.6475,INDPROINDMISMEI,iip_yoy_pct,India Industrial Production YoY,FRED/OECD Main Economic Indicators,yoy_pct,14.476631824602748,,0.3,548,93.33333333333333,,,
2010-04-01,88.02976,INDPROINDMISMEI,iip_yoy_pct,India Industrial Production YoY,FRED/OECD Main Economic Indicators,yoy_pct,12.77316147731067,,0.3,548,80.0,,,
2010-05-01,85.5834,INDPROINDMISMEI,iip_yoy_pct,India Industrial Production YoY,FRED/OECD Main Economic Indicators,yoy_pct,8.367368257776953,,0.3,548,63.33333333333333,,,
2010-06-01,85.47383,INDPROINDMISMEI,iip_yoy_pct,India Industrial Production YoY,FRED/OECD Main Economic Indicators,yoy_pct,7.394739464146016,,0.3,548,60.83333333333333,,,
2010-07-01,88.68886,INDPROINDMISMEI,iip_yoy_pct,India Industrial Production YoY,FRED/OECD Main Economic Indicators,yoy_pct,10.23302235513166,,0.3,548,70.83333333333334,,,
2010-08-01,88.03306,INDPROINDMISMEI,iip_yoy_pct,India Industrial Production YoY,FRED/OECD Main Economic Indicators,yoy_pct,4.153045586876636,,0.3,548,27.500000000000004,,,
2010-09-01,88.79897,INDPROINDMISMEI,iip_yoy_pct,India Industrial Production YoY,FRED/OECD Main Economic Indicators,yoy_pct,6.233705857469074,,0.3,548,44.166666666666664,,,
2010-10-01,91.13898,INDPROINDMISMEI,iip_yoy_pct,India Industrial Production YoY,FRED/OECD Main Economic Indicators,yoy_pct,11.640768960432002,,0.3,548,75.0,,,
2010-11-01,89.53669,INDPROINDMISMEI,iip_yoy_pct,India Industrial Production YoY,FRED/OECD Main Economic Indicators,yoy_pct,6.511946219114373,,0.3,548,48.333333333333336,,,
2010-12-01,91.17019,INDPROINDMISMEI,iip_yoy_pct,India Industrial Production YoY,FRED/OECD Main Economic Indicators,yoy_pct,8.18512445179258,,0.3,548,60.83333333333333,,,
2011-01-01,92.23947,INDPROINDMISMEI,iip_yoy_pct,India Industrial Production YoY,FRED/OECD Main Economic Indicators,yoy_pct,7.501025018373397,,0.3,548,58.333333333333336,,,
2011-02-01,92.42698,INDPROINDMISMEI,iip_yoy_pct,India Industrial Production YoY,FRED/OECD Main Economic Indicators,yoy_pct,6.59887388790088,,0.3,548,49.166666666666664,,,
2011-03-01,94.70483,INDPROINDMISMEI,iip_yoy_pct,India Industrial Production YoY,FRED/OECD Main Economic Indicators,yoy_pct,9.298975735018322,,0.3,548,64.16666666666667,,,
2011-04-01,92.84566,INDPROINDMISMEI,iip_yoy_pct,India Industrial Production YoY,FRED/OECD Main Economic Indicators,yoy_pct,5.47076352360838,,0.3,548,32.5,,,
2011-05-01,90.50412,INDPROINDMISMEI,iip_yoy_pct,India Industrial Production YoY,FRED/OECD Main Economic Indicators,yoy_pct,5.749619669234929,,0.3,548,34.166666666666664,,,
2011-06-01,93.74711,INDPROINDMISMEI,iip_yoy_pct,India Industrial Production YoY,FRED/OECD Main Economic Indicators,yoy_pct,9.679313539594524,,0.3,548,65.0,,,
2011-07-01,92.08945,INDPROINDMISMEI,iip_yoy_pct,India Industrial Production YoY,FRED/OECD Main Economic Indicators,yoy_pct,3.834292153490293,,0.3,548,20.0,,,
2011-08-01,90.64955,INDPROINDMISMEI,iip_yoy_pct,India Industrial Production YoY,FRED/OECD Main Economic Indicators,yoy_pct,2.9721675016181504,,0.3,548,16.666666666666664,,,
2011-09-01,91.04017,INDPROINDMISMEI,iip_yoy_pct,India Industrial Production YoY,FRED/OECD Main Economic Indicators,yoy_pct,2.5239031488766273,,0.3,548,12.5,,,
2011-10-01,86.54274,INDPROINDMISMEI,iip_yoy_pct,India Industrial Production YoY,FRED/OECD Main Economic Indicators,yoy_pct,-5.043111081559182,,0.3,548,1.6666666666666667,,,
2011-11-01,95.13275,INDPROINDMISMEI,iip_yoy_pct,India Industrial Production YoY,FRED/OECD Main Economic Indicators,yoy_pct,6.250018847022387,,0.3,548,40.0,,,
2011-12-01,93.92416,INDPROINDMISMEI,iip_yoy_pct,India Industrial Production YoY,FRED/OECD Main Economic Indicators,yoy_pct,3.020691302716383,,0.3,548,15.833333333333332,,,
2012-01-01,92.9523,INDPROINDMISMEI,iip_yoy_pct,India Industrial Production YoY,FRED/OECD Main Economic Indicators,yoy_pct,0.772803659864918,,0.3,548,7.5,,,
2012-02-01,93.06204,INDPROINDMISMEI,iip_yoy_pct,India Industrial Production YoY,FRED/OECD Main Economic Indicators,yoy_pct,0.6870937468691496,,0.3,548,7.5,,,
2012-03-01,92.26727,INDPROINDMISMEI,iip_yoy_pct,India Industrial Production YoY,FRED/OECD Main Economic Indicators,yoy_pct,-2.5738497181189257,,0.3,548,4.166666666666666,,,
2012-04-01,90.60534,INDPROINDMISMEI,iip_yoy_pct,India Industrial Production YoY,FRED/OECD Main Economic Indicators,yoy_pct,-2.412950696887717,,0.3,548,5.0,,,
2012-05-01,92.74928,INDPROINDMISMEI,iip_yoy_pct,India Industrial Production YoY,FRED/OECD Main Economic Indicators,yoy_pct,2.480726844258574,,0.3,548,16.666666666666664,,,
2012-06-01,91.55138,INDPROINDMISMEI,iip_yoy_pct,India Industrial Production YoY,FRED/OECD Main Economic Indicators,yoy_pct,-2.3421842017316674,,0.3,548,6.666666666666667,,,
2012-07-01,90.9651,INDPROINDMISMEI,iip_yoy_pct,India Industrial Production YoY,FRED/OECD Main Economic Indicators,yoy_pct,-1.2209324738067129,,0.3,548,10.0,,,
2012-08-01,91.21331,INDPROINDMISMEI,iip_yoy_pct,India Industrial Production YoY,FRED/OECD Main Economic Indicators,yoy_pct,0.6219115263120578,,0.3,548,10.833333333333334,,,
2012-09-01,89.84103,INDPROINDMISMEI,iip_yoy_pct,India Industrial Production YoY,FRED/OECD Main Economic Indicators,yoy_pct,-1.3171548339595551,,0.3,548,10.0,,,
2012-10-01,92.14184,INDPROINDMISMEI,iip_yoy_pct,India Industrial Production YoY,FRED/OECD Main Economic Indicators,yoy_pct,6.46975124660949,,0.3,548,45.0,,,
2012-11-01,91.12928,INDPROINDMISMEI,iip_yoy_pct,India Industrial Production YoY,FRED/OECD Main Economic Indicators,yoy_pct,-4.208298404072208,,0.3,548,3.3333333333333335,,,
2012-12-01,91.37257,INDPROINDMISMEI,iip_yoy_pct,India Industrial Production YoY,FRED/OECD Main Economic Indicators,yoy_pct,-2.7166492625539607,,0.3,548,5.0,,,
2013-01-01,91.36618,INDPROINDMISMEI,iip_yoy_pct,India Industrial Production YoY,FRED/OECD Main Economic Indicators,yoy_pct,-1.7063805844502955,,0.3,548,10.833333333333334,,,
2013-02-01,91.15114,INDPROINDMISMEI,iip_yoy_pct,India Industrial Production YoY,FRED/OECD Main Economic Indicators,yoy_pct,-2.0533613920348137,,0.3,548,10.0,,,
2013-03-01,92.90253,INDPROINDMISMEI,iip_yoy_pct,India Industrial Production YoY,FRED/OECD Main Economic Indicators,yoy_pct,0.6884998331477599,,0.3,548,16.666666666666664,,,
2013-04-01,93.64129,INDPROINDMISMEI,iip_yoy_pct,India Industrial Production YoY,FRED/OECD Main Economic Indicators,yoy_pct,3.350740695857435,,0.3,548,27.500000000000004,,,
2013-05-01,93.18452,INDPROINDMISMEI,iip_yoy_pct,India Industrial Production YoY,FRED/OECD Main Economic Indicators,yoy_pct,0.46926509833824515,,0.3,548,15.0,,,
2013-06-01,90.84338,INDPROINDMISMEI,iip_yoy_pct,India Industrial Production YoY,FRED/OECD Main Economic Indicators,yoy_pct,-0.7733362402620236,,0.3,548,15.0,,,
2013-07-01,93.66383,INDPROINDMISMEI,iip_yoy_pct,India Industrial Production YoY,FRED/OECD Main Economic Indicators,yoy_pct,2.96677516981787,,0.3,548,27.500000000000004,,,
2013-08-01,95.03808,INDPROINDMISMEI,iip_yoy_pct,India Industrial Production YoY,FRED/OECD Main Economic Indicators,yoy_pct,4.193214784114274,,0.3,548,35.0,,,
2013-09-01,95.51048,INDPROINDMISMEI,iip_yoy_pct,India Industrial Production YoY,FRED/OECD Main Economic Indicators,yoy_pct,6.310535397913397,,0.3,548,45.83333333333333,,,
2013-10-01,93.93129,INDPROINDMISMEI,iip_yoy_pct,India Industrial Production YoY,FRED/OECD Main Economic Indicators,yoy_pct,1.94206019762575,,0.3,548,22.5,,,
2013-11-01,94.50271,INDPROINDMISMEI,iip_yoy_pct,India Industrial Production YoY,FRED/OECD Main Economic Indicators,yoy_pct,3.7018069274771026,,0.3,548,31.666666666666664,,,
2013-12-01,94.74145,INDPROINDMISMEI,iip_yoy_pct,India Industrial Production YoY,FRED/OECD Main Economic Indicators,yoy_pct,3.68697082724061,,0.3,548,31.666666666666664,,,
2014-01-01,95.96628,INDPROINDMISMEI,iip_yoy_pct,India Industrial Production YoY,FRED/OECD Main Economic Indicators,yoy_pct,5.034795150678284,,0.3,548,39.166666666666664,,,
2014-02-01,96.02834,INDPROINDMISMEI,iip_yoy_pct,India Industrial Production YoY,FRED/OECD Main Economic Indicators,yoy_pct,5.35067361746655,,0.3,548,41.66666666666667,,,
2014-03-01,95.87386,INDPROINDMISMEI,iip_yoy_pct,India Industrial Production YoY,FRED/OECD Main Economic Indicators,yoy_pct,3.198330551385409,,0.3,548,30.833333333333336,,,
2014-04-01,97.41208,INDPROINDMISMEI,iip_yoy_pct,India Industrial Production YoY,FRED/OECD Main Economic Indicators,yoy_pct,4.0268454225694805,,0.3,548,36.666666666666664,,,
2014-05-01,97.28342,INDPROINDMISMEI,iip_yoy_pct,India Industrial Production YoY,FRED/OECD Main Economic Indicators,yoy_pct,4.398691971584978,,0.3,548,40.833333333333336,,,
2014-06-01,98.17392,INDPROINDMISMEI,iip_yoy_pct,India Industrial Production YoY,FRED/OECD Main Economic Indicators,yoy_pct,8.06942674303841,,0.3,548,60.83333333333333,,,
2014-07-01,98.97353,INDPROINDMISMEI,iip_yoy_pct,India Industrial Production YoY,FRED/OECD Main Economic Indicators,yoy_pct,5.6688905418452284,,0.3,548,46.666666666666664,,,
2014-08-01,98.13538,INDPROINDMISMEI,iip_yoy_pct,India Industrial Production YoY,FRED/OECD Main Economic Indicators,yoy_pct,3.259009441268179,,0.3,548,31.666666666666664,,,
2014-09-01,98.95578,INDPROINDMISMEI,iip_yoy_pct,India Industrial Production YoY,FRED/OECD Main Economic Indicators,yoy_pct,3.6072481260695177,,0.3,548,33.33333333333333,,,
2014-10-01,94.47784,INDPROINDMISMEI,iip_yoy_pct,India Industrial Production YoY,FRED/OECD Main Economic Indicators,yoy_pct,0.58186148619912,,0.3,548,16.666666666666664,,,
2014-11-01,101.3627,INDPROINDMISMEI,iip_yoy_pct,India Industrial Production YoY,FRED/OECD Main Economic Indicators,yoy_pct,7.259040507938885,,0.3,548,60.83333333333333,,,
2014-12-01,98.68978,INDPROINDMISMEI,iip_yoy_pct,India Industrial Production YoY,FRED/OECD Main Economic Indicators,yoy_pct,4.16747896512033,,0.3,548,41.66666666666667,,,
2015-01-01,98.09304,INDPROINDMISMEI,iip_yoy_pct,India Industrial Production YoY,FRED/OECD Main Economic Indicators,yoy_pct,2.2161534238901437,,0.3,548,25.833333333333336,,,
2015-02-01,98.86512,INDPROINDMISMEI,iip_yoy_pct,India Industrial Production YoY,FRED/OECD Main Economic Indicators,yoy_pct,2.95410708963626,,0.3,548,30.0,,,
2015-03-01,98.18272,INDPROINDMISMEI,iip_yoy_pct,India Industrial Production YoY,FRED/OECD Main Economic Indicators,yoy_pct,2.4082268096851545,,0.3,548,27.500000000000004,,,
2015-04-01,98.11169,INDPROINDMISMEI,iip_yoy_pct,India Industrial Production YoY,FRED/OECD Main Economic Indicators,yoy_pct,0.7181963469007124,,0.3,548,20.0,,,
2015-05-01,98.91391,INDPROINDMISMEI,iip_yoy_pct,India Industrial Production YoY,FRED/OECD Main Economic Indicators,yoy_pct,1.6760204359591802,,0.3,548,22.5,,,
2015-06-01,98.98512,INDPROINDMISMEI,iip_yoy_pct,India Industrial Production YoY,FRED/OECD Main Economic Indicators,yoy_pct,0.8262886925570534,,0.3,548,21.666666666666668,,,
2015-07-01,100.4515,INDPROINDMISMEI,iip_yoy_pct,India Industrial Production YoY,FRED/OECD Main Economic Indicators,yoy_pct,1.4932982586354226,,0.3,548,22.5,,,
2015-08-01,101.4292,INDPROINDMISMEI,iip_yoy_pct,India Industrial Production YoY,FRED/OECD Main Economic Indicators,yoy_pct,3.3564041836899206,,0.3,548,39.166666666666664,,,
2015-09-01,100.7934,INDPROINDMISMEI,iip_yoy_pct,India Industrial Production YoY,FRED/OECD Main Economic Indicators,yoy_pct,1.8570112832216656,,0.3,548,25.833333333333336,,,
2015-10-01,103.4218,INDPROINDMISMEI,iip_yoy_pct,India Industrial Production YoY,FRED/OECD Main Economic Indicators,yoy_pct,9.466727859146662,,0.3,548,73.33333333333333,,,
2015-11-01,101.6274,INDPROINDMISMEI,iip_yoy_pct,India Industrial Production YoY,FRED/OECD Main Economic Indicators,yoy_pct,0.2611414257907452,,0.3,548,15.833333333333332,,,
2015-12-01,102.1344,INDPROINDMISMEI,iip_yoy_pct,India Industrial Production YoY,FRED/OECD Main Economic Indicators,yoy_pct,3.4903512805479986,,0.3,548,40.0,,,
2016-01-01,102.458,INDPROINDMISMEI,iip_yoy_pct,India Industrial Production YoY,FRED/OECD Main Economic Indicators,yoy_pct,4.449816215299274,,0.3,548,49.166666666666664,,,
2016-02-01,102.1779,INDPROINDMISMEI,iip_yoy_pct,India Industrial Production YoY,FRED/OECD Main Economic Indicators,yoy_pct,3.3508076458107716,,0.3,548,39.166666666666664,,,
2016-03-01,103.0305,INDPROINDMISMEI,iip_yoy_pct,India Industrial Production YoY,FRED/OECD Main Economic Indicators,yoy_pct,4.937508351775133,,0.3,548,50.83333333333333,,,
2016-04-01,104.2878,INDPROINDMISMEI,iip_yoy_pct,India Industrial Production YoY,FRED/OECD Main Economic Indicators,yoy_pct,6.294978712526511,,0.3,548,60.0,,,
2016-05-01,105.6433,INDPROINDMISMEI,iip_yoy_pct,India Industrial Production YoY,FRED/OECD Main Economic Indicators,yoy_pct,6.8032797409383505,,0.3,548,65.0,,,
2016-06-01,107.0064,INDPROINDMISMEI,iip_yoy_pct,India Industrial Production YoY,FRED/OECD Main Economic Indicators,yoy_pct,8.10352101406757,,0.3,548,70.0,,,
2016-07-01,105.6908,INDPROINDMISMEI,iip_yoy_pct,India Industrial Production YoY,FRED/OECD Main Economic Indicators,yoy_pct,5.215750884755321,,0.3,548,52.5,,,
2016-08-01,104.8896,INDPROINDMISMEI,iip_yoy_pct,India Industrial Production YoY,FRED/OECD Main Economic Indicators,yoy_pct,3.4116408292681033,,0.3,548,40.833333333333336,,,
2016-09-01,105.7285,INDPROINDMISMEI,iip_yoy_pct,India Industrial Production YoY,FRED/OECD Main Economic Indicators,yoy_pct,4.896253127684935,,0.3,548,51.66666666666667,,,
2016-10-01,108.2415,INDPROINDMISMEI,iip_yoy_pct,India Industrial Production YoY,FRED/OECD Main Economic Indicators,yoy_pct,4.660236043077948,,0.3,548,51.66666666666667,,,
2016-11-01,106.2647,INDPROINDMISMEI,iip_yoy_pct,India Industrial Production YoY,FRED/OECD Main Economic Indicators,yoy_pct,4.563041069632812,,0.3,548,51.66666666666667,,,
2016-12-01,104.8987,INDPROINDMISMEI,iip_yoy_pct,India Industrial Production YoY,FRED/OECD Main Economic Indicators,yoy_pct,2.706531785568833,,0.3,548,33.33333333333333,,,
2017-01-01,105.7581,INDPROINDMISMEI,iip_yoy_pct,India Industrial Production YoY,FRED/OECD Main Economic Indicators,yoy_pct,3.2209295516211434,,0.3,548,38.333333333333336,,,
2017-02-01,107.0553,INDPROINDMISMEI,iip_yoy_pct,India Industrial Production YoY,FRED/OECD Main Economic Indicators,yoy_pct,4.77343926622098,,0.3,548,55.00000000000001,,,
2017-03-01,107.4443,INDPROINDMISMEI,iip_yoy_pct,India Industrial Production YoY,FRED/OECD Main Economic Indicators,yoy_pct,4.283974162990556,,0.3,548,51.66666666666667,,,
2017-04-01,108.0137,INDPROINDMISMEI,iip_yoy_pct,India Industrial Production YoY,FRED/OECD Main Economic Indicators,yoy_pct,3.5727093677304422,,0.3,548,44.166666666666664,,,
2017-05-01,108.2729,INDPROINDMISMEI,iip_yoy_pct,India Industrial Production YoY,FRED/OECD Main Economic Indicators,yoy_pct,2.4891308772066134,,0.3,548,32.5,,,
2017-06-01,106.7035,INDPROINDMISMEI,iip_yoy_pct,India Industrial Production YoY,FRED/OECD Main Economic Indicators,yoy_pct,-0.283067181028418,,0.3,548,15.833333333333332,,,
2017-07-01,106.9109,INDPROINDMISMEI,iip_yoy_pct,India Industrial Production YoY,FRED/OECD Main Economic Indicators,yoy_pct,1.154405113784751,,0.3,548,24.166666666666668,,,
2017-08-01,110.0302,INDPROINDMISMEI,iip_yoy_pct,India Industrial Production YoY,FRED/OECD Main Economic Indicators,yoy_pct,4.9009625358471975,,0.3,548,60.83333333333333,,,
2017-09-01,110.5556,INDPROINDMISMEI,iip_yoy_pct,India Industrial Production YoY,FRED/OECD Main Economic Indicators,yoy_pct,4.565561792704909,,0.3,548,58.333333333333336,,,
2017-10-01,110.0814,INDPROINDMISMEI,iip_yoy_pct,India Industrial Production YoY,FRED/OECD Main Economic Indicators,yoy_pct,1.6998101467551763,,0.3,548,27.500000000000004,,,
2017-11-01,115.104,INDPROINDMISMEI,iip_yoy_pct,India Industrial Production YoY,FRED/OECD Main Economic Indicators,yoy_pct,8.31819033037311,,0.3,548,85.83333333333333,,,
2017-12-01,112.7984,INDPROINDMISMEI,iip_yoy_pct,India Industrial Production YoY,FRED/OECD Main Economic Indicators,yoy_pct,7.530789228083856,,0.3,548,82.5,,,
2018-01-01,113.2417,INDPROINDMISMEI,iip_yoy_pct,India Industrial Production YoY,FRED/OECD Main Economic Indicators,yoy_pct,7.076148304479757,,0.3,548,79.16666666666666,,,
2018-02-01,114.3817,INDPROINDMISMEI,iip_yoy_pct,India Industrial Production YoY,FRED/OECD Main Economic Indicators,yoy_pct,6.843565895383041,,0.3,548,79.16666666666666,,,
2018-03-01,113.1409,INDPROINDMISMEI,iip_yoy_pct,India Industrial Production YoY,FRED/OECD Main Economic Indicators,yoy_pct,5.301909919837544,,0.3,548,66.66666666666666,,,
2018-04-01,112.7216,INDPROINDMISMEI,iip_yoy_pct,India Industrial Production YoY,FRED/OECD Main Economic Indicators,yoy_pct,4.358613768438624,,0.3,548,56.666666666666664,,,
2018-05-01,112.4851,INDPROINDMISMEI,iip_yoy_pct,India Industrial Production YoY,FRED/OECD Main Economic Indicators,yoy_pct,3.8903548348663275,,0.3,548,52.5,,,
2018-06-01,114.7806,INDPROINDMISMEI,iip_yoy_pct,India Industrial Production YoY,FRED/OECD Main Economic Indicators,yoy_pct,7.56966734924347,,0.3,548,86.66666666666667,,,
2018-07-01,113.5731,INDPROINDMISMEI,iip_yoy_pct,India Industrial Production YoY,FRED/OECD Main Economic Indicators,yoy_pct,6.231544211114115,,0.3,548,73.33333333333333,,,
2018-08-01,115.3802,INDPROINDMISMEI,iip_yoy_pct,India Industrial Production YoY,FRED/OECD Main Economic Indicators,yoy_pct,4.862301440877159,,0.3,548,63.33333333333333,,,
2018-09-01,116.2728,INDPROINDMISMEI,iip_yoy_pct,India Industrial Production YoY,FRED/OECD Main Economic Indicators,yoy_pct,5.171334604488598,,0.3,548,67.5,,,
2018-10-01,119.1606,INDPROINDMISMEI,iip_yoy_pct,India Industrial Production YoY,FRED/OECD Main Economic Indicators,yoy_pct,8.247714872812306,,0.3,548,90.0,,,
2018-11-01,115.2904,INDPROINDMISMEI,iip_yoy_pct,India Industrial Production YoY,FRED/OECD Main Economic Indicators,yoy_pct,0.16194050597719833,,0.3,548,16.666666666666664,,,
2018-12-01,115.4519,INDPROINDMISMEI,iip_yoy_pct,India Industrial Production YoY,FRED/OECD Main Economic Indicators,yoy_pct,2.3524269847799095,,0.3,548,31.666666666666664,,,
2019-01-01,114.727,INDPROINDMISMEI,iip_yoy_pct,India Industrial Production YoY,FRED/OECD Main Economic Indicators,yoy_pct,1.3116193063156256,,0.3,548,24.166666666666668,,,
2019-02-01,114.4899,INDPROINDMISMEI,iip_yoy_pct,India Industrial Production YoY,FRED/OECD Main Economic Indicators,yoy_pct,0.09459555156114963,,0.3,548,14.166666666666666,,,
2019-03-01,116.2688,INDPROINDMISMEI,iip_yoy_pct,India Industrial Production YoY,FRED/OECD Main Economic Indicators,yoy_pct,2.764605902905126,,0.3,548,36.666666666666664,,,
2019-04-01,116.1259,INDPROINDMISMEI,iip_yoy_pct,India Industrial Production YoY,FRED/OECD Main Economic Indicators,yoy_pct,3.020095527387845,,0.3,548,39.166666666666664,,,
2019-05-01,117.8522,INDPROINDMISMEI,iip_yoy_pct,India Industrial Production YoY,FRED/OECD Main Economic Indicators,yoy_pct,4.771387499322133,,0.3,548,60.83333333333333,,,
2019-06-01,116.7972,INDPROINDMISMEI,iip_yoy_pct,India Industrial Production YoY,FRED/OECD Main Economic Indicators,yoy_pct,1.7569171096857739,,0.3,548,25.833333333333336,,,
2019-07-01,118.5474,INDPROINDMISMEI,iip_yoy_pct,India Industrial Production YoY,FRED/OECD Main Economic Indicators,yoy_pct,4.379822334690164,,0.3,548,55.833333333333336,,,
2019-08-01,114.0543,INDPROINDMISMEI,iip_yoy_pct,India Industrial Production YoY,FRED/OECD Main Economic Indicators,yoy_pct,-1.1491573077529793,,0.3,548,9.166666666666666,,,
2019-09-01,111.0008,INDPROINDMISMEI,iip_yoy_pct,India Industrial Production YoY,FRED/OECD Main Economic Indicators,yoy_pct,-4.534164482148883,,0.3,548,1.6666666666666667,,,
2019-10-01,111.2068,INDPROINDMISMEI,iip_yoy_pct,India Industrial Production YoY,FRED/OECD Main Economic Indicators,yoy_pct,-6.674857293434244,,0.3,548,0.8333333333333334,,,
2019-11-01,117.9999,INDPROINDMISMEI,iip_yoy_pct,India Industrial Production YoY,FRED/OECD Main Economic Indicators,yoy_pct,2.350152311033704,,0.3,548,30.0,,,
2019-12-01,115.4566,INDPROINDMISMEI,iip_yoy_pct,India Industrial Production YoY,FRED/OECD Main Economic Indicators,yoy_pct,0.004070959421187403,,0.3,548,13.333333333333334,,,
2020-01-01,117.0925,INDPROINDMISMEI,iip_yoy_pct,India Industrial Production YoY,FRED/OECD Main Economic Indicators,yoy_pct,2.06185117714226,,0.3,548,30.0,,,
2020-02-01,116.4763,INDPROINDMISMEI,iip_yoy_pct,India Industrial Production YoY,FRED/OECD Main Economic Indicators,yoy_pct,1.7350002052582747,,0.3,548,27.500000000000004,,,
2020-03-01,94.19592,INDPROINDMISMEI,iip_yoy_pct,India Industrial Production YoY,FRED/OECD Main Economic Indicators,yoy_pct,-18.984353498100948,,0.3,548,0.8333333333333334,,,
2020-04-01,49.61062,INDPROINDMISMEI,iip_yoy_pct,India Industrial Production YoY,FRED/OECD Main Economic Indicators,yoy_pct,-57.27859159756781,,0.3,548,0.8333333333333334,,,
2020-05-01,79.07681,INDPROINDMISMEI,iip_yoy_pct,India Industrial Production YoY,FRED/OECD Main Economic Indicators,yoy_pct,-32.901710786900885,,0.3,548,1.6666666666666667,,,
2020-06-01,97.29153,INDPROINDMISMEI,iip_yoy_pct,India Industrial Production YoY,FRED/OECD Main Economic Indicators,yoy_pct,-16.700460285006834,,0.3,548,3.3333333333333335,,,
2020-07-01,105.6832,INDPROINDMISMEI,iip_yoy_pct,India Industrial Production YoY,FRED/OECD Main Economic Indicators,yoy_pct,-10.851524369155285,,0.3,548,4.166666666666666,,,
2020-08-01,106.1583,INDPROINDMISMEI,iip_yoy_pct,India Industrial Production YoY,FRED/OECD Main Economic Indicators,yoy_pct,-6.923018246572033,,0.3,548,5.0,,,
2020-09-01,112.1846,INDPROINDMISMEI,iip_yoy_pct,India Industrial Production YoY,FRED/OECD Main Economic Indicators,yoy_pct,1.0664788001528036,,0.3,548,28.333333333333332,,,
2020-10-01,116.3681,INDPROINDMISMEI,iip_yoy_pct,India Industrial Production YoY,FRED/OECD Main Economic Indicators,yoy_pct,4.641173021793632,,0.3,548,69.16666666666667,,,
2020-11-01,116.1108,INDPROINDMISMEI,iip_yoy_pct,India Industrial Production YoY,FRED/OECD Main Economic Indicators,yoy_pct,-1.6009335601131824,,0.3,548,14.166666666666666,,,
2020-12-01,117.4653,INDPROINDMISMEI,iip_yoy_pct,India Industrial Production YoY,FRED/OECD Main Economic Indicators,yoy_pct,1.739787937631987,,0.3,548,35.0,,,
2021-01-01,116.7576,INDPROINDMISMEI,iip_yoy_pct,India Industrial Production YoY,FRED/OECD Main Economic Indicators,yoy_pct,-0.28601319469649944,,0.3,548,18.333333333333332,,,
2021-02-01,116.609,INDPROINDMISMEI,iip_yoy_pct,India Industrial Production YoY,FRED/OECD Main Economic Indicators,yoy_pct,0.11392875632210142,,0.3,548,21.666666666666668,,,
2021-03-01,116.7046,INDPROINDMISMEI,iip_yoy_pct,India Industrial Production YoY,FRED/OECD Main Economic Indicators,yoy_pct,23.895599724489138,,0.3,548,100.0,,,
2021-04-01,115.8919,INDPROINDMISMEI,iip_yoy_pct,India Industrial Production YoY,FRED/OECD Main Economic Indicators,yoy_pct,133.6030067755654,,0.3,548,100.0,,,
2021-05-01,101.1032,INDPROINDMISMEI,iip_yoy_pct,India Industrial Production YoY,FRED/OECD Main Economic Indicators,yoy_pct,27.85442407198775,,0.3,548,99.16666666666667,,,
2021-06-01,110.9549,INDPROINDMISMEI,iip_yoy_pct,India Industrial Production YoY,FRED/OECD Main Economic Indicators,yoy_pct,14.043740498273593,,0.3,548,97.5,,,
2021-07-01,117.8436,INDPROINDMISMEI,iip_yoy_pct,India Industrial Production YoY,FRED/OECD Main Economic Indicators,yoy_pct,11.506464603645616,,0.3,548,96.66666666666667,,,
2021-08-01,119.6326,INDPROINDMISMEI,iip_yoy_pct,India Industrial Production YoY,FRED/OECD Main Economic Indicators,yoy_pct,12.692648620032543,,0.3,548,96.66666666666667,,,
2021-09-01,117.3245,INDPROINDMISMEI,iip_yoy_pct,India Industrial Production YoY,FRED/OECD Main Economic Indicators,yoy_pct,4.581644896001769,,0.3,548,70.0,,,
2021-10-01,121.3427,INDPROINDMISMEI,iip_yoy_pct,India Industrial Production YoY,FRED/OECD Main Economic Indicators,yoy_pct,4.274882893164023,,0.3,548,63.33333333333333,,,
2021-11-01,116.9877,INDPROINDMISMEI,iip_yoy_pct,India Industrial Production YoY,FRED/OECD Main Economic Indicators,yoy_pct,0.7552269039572623,,0.3,548,28.333333333333332,,,
2021-12-01,118.5863,INDPROINDMISMEI,iip_yoy_pct,India Industrial Production YoY,FRED/OECD Main Economic Indicators,yoy_pct,0.9543243834562176,,0.3,548,30.833333333333336,,,
2022-01-01,119.0099,INDPROINDMISMEI,iip_yoy_pct,India Industrial Production YoY,FRED/OECD Main Economic Indicators,yoy_pct,1.9290393087901814,,0.3,548,39.166666666666664,,,
2022-02-01,117.9887,INDPROINDMISMEI,iip_yoy_pct,India Industrial Production YoY,FRED/OECD Main Economic Indicators,yoy_pct,1.1831848313595072,,0.3,548,31.666666666666664,,,
2022-03-01,119.2456,INDPROINDMISMEI,iip_yoy_pct,India Industrial Production YoY,FRED/OECD Main Economic Indicators,yoy_pct,2.17729206903583,,0.3,548,40.833333333333336,,,
2022-04-01,123.8863,INDPROINDMISMEI,iip_yoy_pct,India Industrial Production YoY,FRED/OECD Main Economic Indicators,yoy_pct,6.898152502461352,,0.3,548,87.5,,,
2022-05-01,120.8571,INDPROINDMISMEI,iip_yoy_pct,India Industrial Production YoY,FRED/OECD Main Economic Indicators,yoy_pct,19.538352890907507,,0.3,548,97.5,,,
2022-06-01,125.1665,INDPROINDMISMEI,iip_yoy_pct,India Industrial Production YoY,FRED/OECD Main Economic Indicators,yoy_pct,12.80844739619431,,0.3,548,95.83333333333334,,,
2022-07-01,120.5761,INDPROINDMISMEI,iip_yoy_pct,India Industrial Production YoY,FRED/OECD Main Economic Indicators,yoy_pct,2.318751294088095,,0.3,548,40.0,,,
2022-08-01,118.4695,INDPROINDMISMEI,iip_yoy_pct,India Industrial Production YoY,FRED/OECD Main Economic Indicators,yoy_pct,-0.9722266338773933,,0.3,548,13.333333333333334,,,
2022-09-01,121.3596,INDPROINDMISMEI,iip_yoy_pct,India Industrial Production YoY,FRED/OECD Main Economic Indicators,yoy_pct,3.4392646037272767,,0.3,548,53.333333333333336,,,
2022-10-01,116.3506,INDPROINDMISMEI,iip_yoy_pct,India Industrial Production YoY,FRED/OECD Main Economic Indicators,yoy_pct,-4.114050536208602,,0.3,548,8.333333333333332,,,
2022-11-01,125.8132,INDPROINDMISMEI,iip_yoy_pct,India Industrial Production YoY,FRED/OECD Main Economic Indicators,yoy_pct,7.543955475661113,,0.3,548,88.33333333333333,,,
2022-12-01,124.9108,INDPROINDMISMEI,iip_yoy_pct,India Industrial Production YoY,FRED/OECD Main Economic Indicators,yoy_pct,5.333246757846388,,0.3,548,78.33333333333333,,,
2023-01-01,125.6181,INDPROINDMISMEI,iip_yoy_pct,India Industrial Production YoY,FRED/OECD Main Economic Indicators,yoy_pct,5.552647300770763,,0.3,548,79.16666666666666,,,
1990-01-01,1492618000.0,XTEXVA01INM667S,exports_yoy_pct,India Exports YoY,FRED/OECD Main Economic Indicators,yoy_pct,,,0.2,548,,,,
1990-02-01,1420122000.0,XTEXVA01INM667S,exports_yoy_pct,India Exports YoY,FRED/OECD Main Economic Indicators,yoy_pct,,,0.2,548,,,,
1990-03-01,1560783000.0,XTEXVA01INM667S,exports_yoy_pct,India Exports YoY,FRED/OECD Main Economic Indicators,yoy_pct,,,0.2,548,,,,
1990-04-01,1473699000.0,XTEXVA01INM667S,exports_yoy_pct,India Exports YoY,FRED/OECD Main Economic Indicators,yoy_pct,,,0.2,548,,,,
1990-05-01,1534576000.0,XTEXVA01INM667S,exports_yoy_pct,India Exports YoY,FRED/OECD Main Economic Indicators,yoy_pct,,,0.2,548,,,,
1990-06-01,1422475000.0,XTEXVA01INM667S,exports_yoy_pct,India Exports YoY,FRED/OECD Main Economic Indicators,yoy_pct,,,0.2,548,,,,
1990-07-01,1518650000.0,XTEXVA01INM667S,exports_yoy_pct,India Exports YoY,FRED/OECD Main Economic Indicators,yoy_pct,,,0.2,548,,,,
1990-08-01,1474034000.0,XTEXVA01INM667S,exports_yoy_pct,India Exports YoY,FRED/OECD Main Economic Indicators,yoy_pct,,,0.2,548,,,,
1990-09-01,1493070000.0,XTEXVA01INM667S,exports_yoy_pct,India Exports YoY,FRED/OECD Main Economic Indicators,yoy_pct,,,0.2,548,,,,
1990-10-01,1420450000.0,XTEXVA01INM667S,exports_yoy_pct,India Exports YoY,FRED/OECD Main Economic Indicators,yoy_pct,,,0.2,548,,,,
1990-11-01,1530267000.0,XTEXVA01INM667S,exports_yoy_pct,India Exports YoY,FRED/OECD Main Economic Indicators,yoy_pct,,,0.2,548,,,,
1990-12-01,1614343000.0,XTEXVA01INM667S,exports_yoy_pct,India Exports YoY,FRED/OECD Main Economic Indicators,yoy_pct,,,0.2,548,,,,
1991-01-01,1584311000.0,XTEXVA01INM667S,exports_yoy_pct,India Exports YoY,FRED/OECD Main Economic Indicators,yoy_pct,6.143098904073252,,0.2,548,,,,
1991-02-01,1524845000.0,XTEXVA01INM667S,exports_yoy_pct,India Exports YoY,FRED/OECD Main Economic Indicators,yoy_pct,7.374225594702422,,0.2,548,,,,
1991-03-01,1531911000.0,XTEXVA01INM667S,exports_yoy_pct,India Exports YoY,FRED/OECD Main Economic Indicators,yoy_pct,-1.8498407530066596,,0.2,548,,,,
1991-04-01,1518678000.0,XTEXVA01INM667S,exports_yoy_pct,India Exports YoY,FRED/OECD Main Economic Indicators,yoy_pct,3.052115798409316,,0.2,548,,,,
1991-05-01,1364358000.0,XTEXVA01INM667S,exports_yoy_pct,India Exports YoY,FRED/OECD Main Economic Indicators,yoy_pct,-11.092184420973616,,0.2,548,,,,
1991-06-01,1384724000.0,XTEXVA01INM667S,exports_yoy_pct,India Exports YoY,FRED/OECD Main Economic Indicators,yoy_pct,-2.653895499042158,,0.2,548,,,,
1991-07-01,1348493000.0,XTEXVA01INM667S,exports_yoy_pct,India Exports YoY,FRED/OECD Main Economic Indicators,yoy_pct,-11.204490830671975,,0.2,548,,,,
1991-08-01,1433119000.0,XTEXVA01INM667S,exports_yoy_pct,India Exports YoY,FRED/OECD Main Economic Indicators,yoy_pct,-2.7757161639419436,,0.2,548,,,,
1991-09-01,1543306000.0,XTEXVA01INM667S,exports_yoy_pct,India Exports YoY,FRED/OECD Main Economic Indicators,yoy_pct,3.364611170273335,,0.2,548,,,,
1991-10-01,1426213000.0,XTEXVA01INM667S,exports_yoy_pct,India Exports YoY,FRED/OECD Main Economic Indicators,yoy_pct,0.4057164982927963,,0.2,548,,,,
1991-11-01,1515331000.0,XTEXVA01INM667S,exports_yoy_pct,India Exports YoY,FRED/OECD Main Economic Indicators,yoy_pct,-0.9760388219833493,,0.2,548,,,,
1991-12-01,1570714000.0,XTEXVA01INM667S,exports_yoy_pct,India Exports YoY,FRED/OECD Main Economic Indicators,yoy_pct,-2.702585510018629,,0.2,548,,,,
1992-01-01,1655498000.0,XTEXVA01INM667S,exports_yoy_pct,India Exports YoY,FRED/OECD Main Economic Indicators,yoy_pct,4.493246591104905,,0.2,548,,,,
1992-02-01,1483039000.0,XTEXVA01INM667S,exports_yoy_pct,India Exports YoY,FRED/OECD Main Economic Indicators,yoy_pct,-2.7416557092688087,,0.2,548,,,,
1992-03-01,1451191000.0,XTEXVA01INM667S,exports_yoy_pct,India Exports YoY,FRED/OECD Main Economic Indicators,yoy_pct,-5.269235614862744,,0.2,548,,,,
1992-04-01,1403222000.0,XTEXVA01INM667S,exports_yoy_pct,India Exports YoY,FRED/OECD Main Economic Indicators,yoy_pct,-7.60240156241152,,0.2,548,,,,
1992-05-01,1401205000.0,XTEXVA01INM667S,exports_yoy_pct,India Exports YoY,FRED/OECD Main Economic Indicators,yoy_pct,2.7006841312910534,,0.2,548,,,,
1992-06-01,1441974000.0,XTEXVA01INM667S,exports_yoy_pct,India Exports YoY,FRED/OECD Main Economic Indicators,yoy_pct,4.134397901675713,,0.2,548,,,,
1992-07-01,1443359000.0,XTEXVA01INM667S,exports_yoy_pct,India Exports YoY,FRED/OECD Main Economic Indicators,yoy_pct,7.034964215609563,,0.2,548,,,,
1992-08-01,1626738000.0,XTEXVA01INM667S,exports_yoy_pct,India Exports YoY,FRED/OECD Main Economic Indicators,yoy_pct,13.510322590098944,,0.2,548,,,,
1992-09-01,1526193000.0,XTEXVA01INM667S,exports_yoy_pct,India Exports YoY,FRED/OECD Main Economic Indicators,yoy_pct,-1.1088533317436755,,0.2,548,,,,
1992-10-01,1594418000.0,XTEXVA01INM667S,exports_yoy_pct,India Exports YoY,FRED/OECD Main Economic Indicators,yoy_pct,11.793820418128288,,0.2,548,,,,
1992-11-01,1620378000.0,XTEXVA01INM667S,exports_yoy_pct,India Exports YoY,FRED/OECD Main Economic Indicators,yoy_pct,6.9322808020162,,0.2,548,,,,
1992-12-01,1442257000.0,XTEXVA01INM667S,exports_yoy_pct,India Exports YoY,FRED/OECD Main Economic Indicators,yoy_pct,-8.178255239337018,,0.2,548,,12.5,,
1993-01-01,1546260000.0,XTEXVA01INM667S,exports_yoy_pct,India Exports YoY,FRED/OECD Main Economic Indicators,yoy_pct,-6.598497853818008,,0.2,548,,20.0,,
1993-02-01,1772504000.0,XTEXVA01INM667S,exports_yoy_pct,India Exports YoY,FRED/OECD Main Economic Indicators,yoy_pct,19.51836735244319,,0.2,548,,100.0,,
1993-03-01,1642540000.0,XTEXVA01INM667S,exports_yoy_pct,India Exports YoY,FRED/OECD Main Economic Indicators,yoy_pct,13.185652336598007,,0.2,548,,92.5925925925926,,
1993-04-01,1814381000.0,XTEXVA01INM667S,exports_yoy_pct,India Exports YoY,FRED/OECD Main Economic Indicators,yoy_pct,29.301065690247153,,0.2,548,,100.0,,
1993-05-01,1782490000.0,XTEXVA01INM667S,exports_yoy_pct,India Exports YoY,FRED/OECD Main Economic Indicators,yoy_pct,27.211221769833816,,0.2,548,,96.55172413793103,,
1993-06-01,1789529000.0,XTEXVA01INM667S,exports_yoy_pct,India Exports YoY,FRED/OECD Main Economic Indicators,yoy_pct,24.102723072676756,,0.2,548,,93.33333333333333,,
1993-07-01,1892748000.0,XTEXVA01INM667S,exports_yoy_pct,India Exports YoY,FRED/OECD Main Economic Indicators,yoy_pct,31.134942865912073,,0.2,548,,100.0,,
1993-08-01,1752745000.0,XTEXVA01INM667S,exports_yoy_pct,India Exports YoY,FRED/OECD Main Economic Indicators,yoy_pct,7.745992286403824,,0.2,548,,75.0,,
1993-09-01,1662956000.0,XTEXVA01INM667S,exports_yoy_pct,India Exports YoY,FRED/OECD Main Economic Indicators,yoy_pct,8.96105538421419,,0.2,548,,75.75757575757575,,
1993-10-01,1852856000.0,XTEXVA01INM667S,exports_yoy_pct,India Exports YoY,FRED/OECD Main Economic Indicators,yoy_pct,16.2089238831975,,0.2,548,,85.29411764705883,,
1993-11-01,1771864000.0,XTEXVA01INM667S,exports_yoy_pct,India Exports YoY,FRED/OECD Main Economic Indicators,yoy_pct,9.348806266192211,,0.2,548,,74.28571428571429,,
1993-12-01,1873909000.0,XTEXVA01INM667S,exports_yoy_pct,India Exports YoY,FRED/OECD Main Economic Indicators,yoy_pct,29.928923901912064,,0.2,548,,97.22222222222221,,
1994-01-01,2066678000.0,XTEXVA01INM667S,exports_yoy_pct,India Exports YoY,FRED/OECD Main Economic Indicators,yoy_pct,33.65656487266049,,0.2,548,,100.0,,
1994-02-01,2054552000.0,XTEXVA01INM667S,exports_yoy_pct,India Exports YoY,FRED/OECD Main Economic Indicators,yoy_pct,15.912404146901782,,0.2,548,,78.94736842105263,,
1994-03-01,1905204000.0,XTEXVA01INM667S,exports_yoy_pct,India Exports YoY,FRED/OECD Main Economic Indicators,yoy_pct,15.991330500322665,,0.2,548,,79.48717948717949,,
1994-04-01,2084655000.0,XTEXVA01INM667S,exports_yoy_pct,India Exports YoY,FRED/OECD Main Economic Indicators,yoy_pct,14.896209781738246,,0.2,548,,75.0,,
1994-05-01,1903551000.0,XTEXVA01INM667S,exports_yoy_pct,India Exports YoY,FRED/OECD Main Economic Indicators,yoy_pct,6.7916790557029705,,0.2,548,,51.21951219512195,,
1994-06-01,1944023000.0,XTEXVA01INM667S,exports_yoy_pct,India Exports YoY,FRED/OECD Main Economic Indicators,yoy_pct,8.633221367186561,,0.2,548,,61.904761904761905,,
1994-07-01,1985244000.0,XTEXVA01INM667S,exports_yoy_pct,India Exports YoY,FRED/OECD Main Economic Indicators,yoy_pct,4.886862910434986,,0.2,548,,46.51162790697674,,
1994-08-01,2154741000.0,XTEXVA01INM667S,exports_yoy_pct,India Exports YoY,FRED/OECD Main Economic Indicators,yoy_pct,22.935224462200708,,0.2,548,,86.36363636363636,,
1994-09-01,2121488000.0,XTEXVA01INM667S,exports_yoy_pct,India Exports YoY,FRED/OECD Main Economic Indicators,yoy_pct,27.5733092156377,,0.2,548,,91.11111111111111,,
1994-10-01,2336881000.0,XTEXVA01INM667S,exports_yoy_pct,India Exports YoY,FRED/OECD Main Economic Indicators,yoy_pct,26.123184964185022,,0.2,548,,86.95652173913044,,
1994-11-01,2188042000.0,XTEXVA01INM667S,exports_yoy_pct,India Exports YoY,FRED/OECD Main Economic Indicators,yoy_pct,23.488145817060445,,0.2,548,,82.97872340425532,,
1994-12-01,2330279000.0,XTEXVA01INM667S,exports_yoy_pct,India Exports YoY,FRED/OECD Main Economic Indicators,yoy_pct,24.35390405830806,,0.2,548,,85.41666666666666,,
1995-01-01,2297691000.0,XTEXVA01INM667S,exports_yoy_pct,India Exports YoY,FRED/OECD Main Economic Indicators,yoy_pct,11.177987088457897,,0.2,548,,61.224489795918366,,
1995-02-01,2370396000.0,XTEXVA01INM667S,exports_yoy_pct,India Exports YoY,FRED/OECD Main Economic Indicators,yoy_pct,15.372889077521524,,0.2,548,,70.0,,
1995-03-01,2516059000.0,XTEXVA01INM667S,exports_yoy_pct,India Exports YoY,FRED/OECD Main Economic Indicators,yoy_pct,32.062445806328356,,0.2,548,,98.0392156862745,,
1995-04-01,2602590000.0,XTEXVA01INM667S,exports_yoy_pct,India Exports YoY,FRED/OECD Main Economic Indicators,yoy_pct,24.84511825697777,,0.2,548,,84.61538461538461,,
1995-05-01,2436656000.0,XTEXVA01INM667S,exports_yoy_pct,India Exports YoY,FRED/OECD Main Economic Indicators,yoy_pct,28.005816497693004,,0.2,548,,90.56603773584906,,
1995-06-01,2535994000.0,XTEXVA01INM667S,exports_yoy_pct,India Exports YoY,FRED/OECD Main Economic Indicators,yoy_pct,30.450822855490898,,0.2,548,,94.44444444444444,,
1995-07-01,2618479000.0,XTEXVA01INM667S,exports_yoy_pct,India Exports YoY,FRED/OECD Main Economic Indicators,yoy_pct,31.897086705714763,,0.2,548,,96.36363636363636,,
1995-08-01,2556745000.0,XTEXVA01INM667S,exports_yoy_pct,India Exports YoY,FRED/OECD Main Economic Indicators,yoy_pct,18.656720227628277,,0.2,548,,69.64285714285714,,
1995-09-01,2432306000.0,XTEXVA01INM667S,exports_yoy_pct,India Exports YoY,FRED/OECD Main Economic Indicators,yoy_pct,14.650943111627313,,0.2,548,,59.64912280701754,,
1995-10-01,2550304000.0,XTEXVA01INM667S,exports_yoy_pct,India Exports YoY,FRED/OECD Main Economic Indicators,yoy_pct,9.13281420834009,,0.2,548,,50.0,,
1995-11-01,2814981000.0,XTEXVA01INM667S,exports_yoy_pct,India Exports YoY,FRED/OECD Main Economic Indicators,yoy_pct,28.652969184320966,,0.2,548,,88.13559322033898,,
1995-12-01,2958836000.0,XTEXVA01INM667S,exports_yoy_pct,India Exports YoY,FRED/OECD Main Economic Indicators,yoy_pct,26.973465409077633,,0.2,548,,81.66666666666667,,
1996-01-01,2579138000.0,XTEXVA01INM667S,exports_yoy_pct,India Exports YoY,FRED/OECD Main Economic Indicators,yoy_pct,12.249123141449392,,0.2,548,,54.09836065573771,,
1996-02-01,2577091000.0,XTEXVA01INM667S,exports_yoy_pct,India Exports YoY,FRED/OECD Main Economic Indicators,yoy_pct,8.719851029110748,,0.2,548,,45.16129032258064,,
1996-03-01,2975516000.0,XTEXVA01INM667S,exports_yoy_pct,India Exports YoY,FRED/OECD Main Economic Indicators,yoy_pct,18.260978776729807,,0.2,548,,68.25396825396825,,
1996-04-01,2951963000.0,XTEXVA01INM667S,exports_yoy_pct,India Exports YoY,FRED/OECD Main Economic Indicators,yoy_pct,13.424050657229913,,0.2,548,,56.25,,
1996-05-01,2790793000.0,XTEXVA01INM667S,exports_yoy_pct,India Exports YoY,FRED/OECD Main Economic Indicators,yoy_pct,14.533729833017063,,0.2,548,,58.46153846153847,,
1996-06-01,2839362000.0,XTEXVA01INM667S,exports_yoy_pct,India Exports YoY,FRED/OECD Main Economic Indicators,yoy_pct,11.962488870241806,,0.2,548,,51.515151515151516,,
1996-07-01,2713981000.0,XTEXVA01INM667S,exports_yoy_pct,India Exports YoY,FRED/OECD Main Economic Indicators,yoy_pct,3.6472318471906684,,0.2,548,,26.865671641791046,,
1996-08-01,2717419000.0,XTEXVA01INM667S,exports_yoy_pct,India Exports YoY,FRED/OECD Main Economic Indicators,yoy_pct,6.284318537828382,,0.2,548,,33.82352941176471,,
1996-09-01,2681453000.0,XTEXVA01INM667S,exports_yoy_pct,India Exports YoY,FRED/OECD Main Economic Indicators,yoy_pct,10.243242420978271,,0.2,548,,49.275362318840585,,
1996-10-01,2663856000.0,XTEXVA01INM667S,exports_yoy_pct,India Exports YoY,FRED/OECD Main Economic Indicators,yoy_pct,4.452488801335064,,0.2,548,,28.57142857142857,,
1996-11-01,2698099000.0,XTEXVA01INM667S,exports_yoy_pct,India Exports YoY,FRED/OECD Main Economic Indicators,yoy_pct,-4.152141701844525,,0.2,548,,9.859154929577464,,
1996-12-01,2786832000.0,XTEXVA01INM667S,exports_yoy_pct,India Exports YoY,FRED/OECD Main Economic Indicators,yoy_pct,-5.8132319601356786,,0.2,548,,8.333333333333332,,
1997-01-01,2854510000.0,XTEXVA01INM667S,exports_yoy_pct,India Exports YoY,FRED/OECD Main Economic Indicators,yoy_pct,10.676900576859394,,0.2,548,,52.054794520547944,,
1997-02-01,2771285000.0,XTEXVA01INM667S,exports_yoy_pct,India Exports YoY,FRED/OECD Main Economic Indicators,yoy_pct,7.535395529300293,,0.2,548,,41.891891891891895,,
1997-03-01,2984594000.0,XTEXVA01INM667S,exports_yoy_pct,India Exports YoY,FRED/OECD Main Economic Indicators,yoy_pct,0.30508994070272966,,0.2,548,,21.333333333333336,,
1997-04-01,2682285000.0,XTEXVA01INM667S,exports_yoy_pct,India Exports YoY,FRED/OECD Main Economic Indicators,yoy_pct,-9.135548108157188,,0.2,548,,3.9473684210526314,,
1997-05-01,3133667000.0,XTEXVA01INM667S,exports_yoy_pct,India Exports YoY,FRED/OECD Main Economic Indicators,yoy_pct,12.285898667511352,,0.2,548,,59.74025974025974,,
1997-06-01,2989712000.0,XTEXVA01INM667S,exports_yoy_pct,India Exports YoY,FRED/OECD Main Economic Indicators,yoy_pct,5.295203640817903,,0.2,548,,34.61538461538461,,
1997-07-01,3010529000.0,XTEXVA01INM667S,exports_yoy_pct,India Exports YoY,FRED/OECD Main Economic Indicators,yoy_pct,10.926679295101916,,0.2,548,,54.43037974683544,,
1997-08-01,2880102000.0,XTEXVA01INM667S,exports_yoy_pct,India Exports YoY,FRED/OECD Main Economic Indicators,yoy_pct,5.986673383824881,,0.2,548,,35.0,,
1997-09-01,2990592000.0,XTEXVA01INM667S,exports_yoy_pct,India Exports YoY,FRED/OECD Main Economic Indicators,yoy_pct,11.528786818191472,,0.2,548,,56.79012345679012,,
1997-10-01,3008869000.0,XTEXVA01INM667S,exports_yoy_pct,India Exports YoY,FRED/OECD Main Economic Indicators,yoy_pct,12.95163852700747,,0.2,548,,62.19512195121951,,
1997-11-01,2825835000.0,XTEXVA01INM667S,exports_yoy_pct,India Exports YoY,FRED/OECD Main Economic Indicators,yoy_pct,4.734296258217352,,0.2,548,,31.32530120481928,,
1997-12-01,2858464000.0,XTEXVA01INM667S,exports_yoy_pct,India Exports YoY,FRED/OECD Main Economic Indicators,yoy_pct,2.5703738151420685,,0.2,548,,22.61904761904762,,
1998-01-01,2913116000.0,XTEXVA01INM667S,exports_yoy_pct,India Exports YoY,FRED/OECD Main Economic Indicators,yoy_pct,2.053101933431667,,0.2,548,,22.35294117647059,,
1998-02-01,2974691000.0,XTEXVA01INM667S,exports_yoy_pct,India Exports YoY,FRED/OECD Main Economic Indicators,yoy_pct,7.33977198303315,,0.2,548,,43.02325581395349,,
1998-03-01,2757047000.0,XTEXVA01INM667S,exports_yoy_pct,India Exports YoY,FRED/OECD Main Economic Indicators,yoy_pct,-7.624052048620344,,0.2,548,,5.747126436781609,,
1998-04-01,2769338000.0,XTEXVA01INM667S,exports_yoy_pct,India Exports YoY,FRED/OECD Main Economic Indicators,yoy_pct,3.2454791343947464,,0.2,548,,27.27272727272727,,
1998-05-01,2625444000.0,XTEXVA01INM667S,exports_yoy_pct,India Exports YoY,FRED/OECD Main Economic Indicators,yoy_pct,-16.218155917651742,,0.2,548,,1.1235955056179776,,
1998-06-01,2584419000.0,XTEXVA01INM667S,exports_yoy_pct,India Exports YoY,FRED/OECD Main Economic Indicators,yoy_pct,-13.556255585822319,,0.2,548,,2.2222222222222223,,
1998-07-01,2798095000.0,XTEXVA01INM667S,exports_yoy_pct,India Exports YoY,FRED/OECD Main Economic Indicators,yoy_pct,-7.056367834357347,,0.2,548,,9.89010989010989,,
1998-08-01,3048802000.0,XTEXVA01INM667S,exports_yoy_pct,India Exports YoY,FRED/OECD Main Economic Indicators,yoy_pct,5.857431438192129,,0.2,548,,39.130434782608695,,
1998-09-01,2650139000.0,XTEXVA01INM667S,exports_yoy_pct,India Exports YoY,FRED/OECD Main Economic Indicators,yoy_pct,-11.384133977486732,,0.2,548,,3.225806451612903,,
1998-10-01,2640336000.0,XTEXVA01INM667S,exports_yoy_pct,India Exports YoY,FRED/OECD Main Economic Indicators,yoy_pct,-12.248223501920485,,0.2,548,,3.1914893617021276,,
1998-11-01,2971834000.0,XTEXVA01INM667S,exports_yoy_pct,India Exports YoY,FRED/OECD Main Economic Indicators,yoy_pct,5.166579081935074,,0.2,548,,38.94736842105263,,
1998-12-01,2739288000.0,XTEXVA01INM667S,exports_yoy_pct,India Exports YoY,FRED/OECD Main Economic Indicators,yoy_pct,-4.169232147055202,,0.2,548,,15.625,,
1999-01-01,2758250000.0,XTEXVA01INM667S,exports_yoy_pct,India Exports YoY,FRED/OECD Main Economic Indicators,yoy_pct,-5.31616317372875,,0.2,548,,14.432989690721648,,
1999-02-01,2887372000.0,XTEXVA01INM667S,exports_yoy_pct,India Exports YoY,FRED/OECD Main Economic Indicators,yoy_pct,-2.9353973236211806,,0.2,548,,18.367346938775512,,
1999-03-01,2754296000.0,XTEXVA01INM667S,exports_yoy_pct,India Exports YoY,FRED/OECD Main Economic Indicators,yoy_pct,-0.09978067113110001,,0.2,548,,26.262626262626267,,
1999-04-01,2795808000.0,XTEXVA01INM667S,exports_yoy_pct,India Exports YoY,FRED/OECD Main Economic Indicators,yoy_pct,0.9558240994779199,,0.2,548,,28.999999999999996,,
1999-05-01,2779577000.0,XTEXVA01INM667S,exports_yoy_pct,India Exports YoY,FRED/OECD Main Economic Indicators,yoy_pct,5.87074033953876,,0.2,548,,44.554455445544555,,
1999-06-01,2865027000.0,XTEXVA01INM667S,exports_yoy_pct,India Exports YoY,FRED/OECD Main Economic Indicators,yoy_pct,10.857682132812062,,0.2,548,,61.76470588235294,,
1999-07-01,3206732000.0,XTEXVA01INM667S,exports_yoy_pct,India Exports YoY,FRED/OECD Main Economic Indicators,yoy_pct,14.604114585101646,,0.2,548,,73.7864077669903,,
1999-08-01,3191119000.0,XTEXVA01INM667S,exports_yoy_pct,India Exports YoY,FRED/OECD Main Economic Indicators,yoy_pct,4.66796466284134,,0.2,548,,38.46153846153847,,
1999-09-01,3132489000.0,XTEXVA01INM667S,exports_yoy_pct,India Exports YoY,FRED/OECD Main Economic Indicators,yoy_pct,18.200932102052004,,0.2,548,,80.0,,
1999-10-01,3218939000.0,XTEXVA01INM667S,exports_yoy_pct,India Exports YoY,FRED/OECD Main Economic Indicators,yoy_pct,21.913991249598542,,0.2,548,,83.01886792452831,,
1999-11-01,3100800000.0,XTEXVA01INM667S,exports_yoy_pct,India Exports YoY,FRED/OECD Main Economic Indicators,yoy_pct,4.339609816699053,,0.2,548,,35.51401869158878,,
1999-12-01,3021785000.0,XTEXVA01INM667S,exports_yoy_pct,India Exports YoY,FRED/OECD Main Economic Indicators,yoy_pct,10.312789308754677,,0.2,548,,59.25925925925925,,
2000-01-01,2769685000.0,XTEXVA01INM667S,exports_yoy_pct,India Exports YoY,FRED/OECD Main Economic Indicators,yoy_pct,0.41457445844286234,,0.2,548,,26.605504587155966,,
2000-02-01,3304576000.0,XTEXVA01INM667S,exports_yoy_pct,India Exports YoY,FRED/OECD Main Economic Indicators,yoy_pct,14.449263898105258,,0.2,548,,71.81818181818181,,
2000-03-01,3249981000.0,XTEXVA01INM667S,exports_yoy_pct,India Exports YoY,FRED/OECD Main Economic Indicators,yoy_pct,17.99679482524754,,0.2,548,,79.27927927927928,,
2000-04-01,3491458000.0,XTEXVA01INM667S,exports_yoy_pct,India Exports YoY,FRED/OECD Main Economic Indicators,yoy_pct,24.88189460792729,,0.2,548,,88.39285714285714,,
2000-05-01,3601948000.0,XTEXVA01INM667S,exports_yoy_pct,India Exports YoY,FRED/OECD Main Economic Indicators,yoy_pct,29.58619243143832,,0.2,548,,94.69026548672566,,
2000-06-01,3568063000.0,XTEXVA01INM667S,exports_yoy_pct,India Exports YoY,FRED/OECD Main Economic Indicators,yoy_pct,24.538547106187835,,0.2,548,,85.96491228070175,,
2000-07-01,3651374000.0,XTEXVA01INM667S,exports_yoy_pct,India Exports YoY,FRED/OECD Main Economic Indicators,yoy_pct,13.8658921294327,,0.2,548,,68.69565217391305,,
2000-08-01,3647465000.0,XTEXVA01INM667S,exports_yoy_pct,India Exports YoY,FRED/OECD Main Economic Indicators,yoy_pct,14.300500858789666,,0.2,548,,68.96551724137932,,
2000-09-01,3848148000.0,XTEXVA01INM667S,exports_yoy_pct,India Exports YoY,FRED/OECD Main Economic Indicators,yoy_pct,22.846337209803448,,0.2,548,,82.05128205128204,,
2000-10-01,3754451000.0,XTEXVA01INM667S,exports_yoy_pct,India Exports YoY,FRED/OECD Main Economic Indicators,yoy_pct,16.63628916236064,,0.2,548,,76.27118644067797,,
2000-11-01,3808178000.0,XTEXVA01INM667S,exports_yoy_pct,India Exports YoY,FRED/OECD Main Economic Indicators,yoy_pct,22.812757997936007,,0.2,548,,81.5126050420168,,
2000-12-01,3714424000.0,XTEXVA01INM667S,exports_yoy_pct,India Exports YoY,FRED/OECD Main Economic Indicators,yoy_pct,22.92151824170152,,0.2,548,,82.5,,
2001-01-01,3588526000.0,XTEXVA01INM667S,exports_yoy_pct,India Exports YoY,FRED/OECD Main Economic Indicators,yoy_pct,29.564408949032117,,0.2,548,,94.16666666666667,,
2001-02-01,3751297000.0,XTEXVA01INM667S,exports_yoy_pct,India Exports YoY,FRED/OECD Main Economic Indicators,yoy_pct,13.518254686834252,,0.2,548,,64.16666666666667,,
2001-03-01,3688532000.0,XTEXVA01INM667S,exports_yoy_pct,India Exports YoY,FRED/OECD Main Economic Indicators,yoy_pct,13.49395581081858,,0.2,548,,62.5,,
2001-04-01,3241475000.0,XTEXVA01INM667S,exports_yoy_pct,India Exports YoY,FRED/OECD Main Economic Indicators,yoy_pct,-7.159845543036747,,0.2,548,,9.166666666666666,,
2001-05-01,3645283000.0,XTEXVA01INM667S,exports_yoy_pct,India Exports YoY,FRED/OECD Main Economic Indicators,yoy_pct,1.2030989897688693,,0.2,548,,25.0,,
2001-06-01,3773151000.0,XTEXVA01INM667S,exports_yoy_pct,India Exports YoY,FRED/OECD Main Economic Indicators,yoy_pct,5.747880572736519,,0.2,548,,37.5,,
2001-07-01,3503981000.0,XTEXVA01INM667S,exports_yoy_pct,India Exports YoY,FRED/OECD Main Economic Indicators,yoy_pct,-4.036644835615311,,0.2,548,,14.166666666666666,,
2001-08-01,3632447000.0,XTEXVA01INM667S,exports_yoy_pct,India Exports YoY,FRED/OECD Main Economic Indicators,yoy_pct,-0.41173801530651755,,0.2,548,,19.166666666666668,,
2001-09-01,3749574000.0,XTEXVA01INM667S,exports_yoy_pct,India Exports YoY,FRED/OECD Main Economic Indicators,yoy_pct,-2.5615958637765446,,0.2,548,,17.5,,
2001-10-01,3695928000.0,XTEXVA01INM667S,exports_yoy_pct,India Exports YoY,FRED/OECD Main Economic Indicators,yoy_pct,-1.5587631853498651,,0.2,548,,18.333333333333332,,
2001-11-01,3783739000.0,XTEXVA01INM667S,exports_yoy_pct,India Exports YoY,FRED/OECD Main Economic Indicators,yoy_pct,-0.6417504643953076,,0.2,548,,20.0,,
2001-12-01,3302807000.0,XTEXVA01INM667S,exports_yoy_pct,India Exports YoY,FRED/OECD Main Economic Indicators,yoy_pct,-11.081583577965247,,0.2,548,,4.166666666666666,,
2002-01-01,4164176000.000001,XTEXVA01INM667S,exports_yoy_pct,India Exports YoY,FRED/OECD Main Economic Indicators,yoy_pct,16.04140530122955,,0.2,548,,72.5,,
2002-02-01,3595331000.0,XTEXVA01INM667S,exports_yoy_pct,India Exports YoY,FRED/OECD Main Economic Indicators,yoy_pct,-4.157655338940103,,0.2,548,,14.166666666666666,,
2002-03-01,3602393000.0,XTEXVA01INM667S,exports_yoy_pct,India Exports YoY,FRED/OECD Main Economic Indicators,yoy_pct,-2.33531930860299,,0.2,548,,17.5,,
2002-04-01,4138626000.000001,XTEXVA01INM667S,exports_yoy_pct,India Exports YoY,FRED/OECD Main Economic Indicators,yoy_pct,27.67724569833181,,0.2,548,,90.83333333333333,,
2002-05-01,4088418000.0,XTEXVA01INM667S,exports_yoy_pct,India Exports YoY,FRED/OECD Main Economic Indicators,yoy_pct,12.156394990457532,,0.2,548,,55.833333333333336,,
2002-06-01,4188715000.0,XTEXVA01INM667S,exports_yoy_pct,India Exports YoY,FRED/OECD Main Economic Indicators,yoy_pct,11.013712411721666,,0.2,548,,51.66666666666667,,
2002-07-01,4610549000.0,XTEXVA01INM667S,exports_yoy_pct,India Exports YoY,FRED/OECD Main Economic Indicators,yoy_pct,31.580308226557175,,0.2,548,,97.5,,
2002-08-01,4582018000.0,XTEXVA01INM667S,exports_yoy_pct,India Exports YoY,FRED/OECD Main Economic Indicators,yoy_pct,26.14135870392602,,0.2,548,,86.66666666666667,,
2002-09-01,4466824000.0,XTEXVA01INM667S,exports_yoy_pct,India Exports YoY,FRED/OECD Main Economic Indicators,yoy_pct,19.128839702856904,,0.2,548,,75.0,,
2002-10-01,4722670000.0,XTEXVA01INM667S,exports_yoy_pct,India Exports YoY,FRED/OECD Main Economic Indicators,yoy_pct,27.7803571931055,,0.2,548,,90.0,,
2002-11-01,4354870000.0,XTEXVA01INM667S,exports_yoy_pct,India Exports YoY,FRED/OECD Main Economic Indicators,yoy_pct,15.094355081045485,,0.2,548,,65.0,,
2002-12-01,3985579000.0,XTEXVA01INM667S,exports_yoy_pct,India Exports YoY,FRED/OECD Main Economic Indicators,yoy_pct,20.67247647228554,,0.2,548,,75.0,,
2003-01-01,4753720000.0,XTEXVA01INM667S,exports_yoy_pct,India Exports YoY,FRED/OECD Main Economic Indicators,yoy_pct,14.157518798436918,,0.2,548,,58.333333333333336,,
2003-02-01,4363565000.0,XTEXVA01INM667S,exports_yoy_pct,India Exports YoY,FRED/OECD Main Economic Indicators,yoy_pct,21.36754585321907,,0.2,548,,75.0,,
2003-03-01,4482852000.0,XTEXVA01INM667S,exports_yoy_pct,India Exports YoY,FRED/OECD Main Economic Indicators,yoy_pct,24.440948003174555,,0.2,548,,81.66666666666667,,
2003-04-01,4425278000.0,XTEXVA01INM667S,exports_yoy_pct,India Exports YoY,FRED/OECD Main Economic Indicators,yoy_pct,6.9262600679548925,,0.2,548,,36.666666666666664,,
2003-05-01,4765930000.0,XTEXVA01INM667S,exports_yoy_pct,India Exports YoY,FRED/OECD Main Economic Indicators,yoy_pct,16.57149538036473,,0.2,548,,69.16666666666667,,
2003-06-01,4566847000.0,XTEXVA01INM667S,exports_yoy_pct,India Exports YoY,FRED/OECD Main Economic Indicators,yoy_pct,9.027398617475768,,0.2,548,,42.5,,
2003-07-01,4670428000.0,XTEXVA01INM667S,exports_yoy_pct,India Exports YoY,FRED/OECD Main Economic Indicators,yoy_pct,1.2987390438752522,,0.2,548,,22.5,,
2003-08-01,4658220000.0,XTEXVA01INM667S,exports_yoy_pct,India Exports YoY,FRED/OECD Main Economic Indicators,yoy_pct,1.663066360717047,,0.2,548,,23.333333333333332,,
2003-09-01,5374548000.0,XTEXVA01INM667S,exports_yoy_pct,India Exports YoY,FRED/OECD Main Economic Indicators,yoy_pct,20.321463303680652,,0.2,548,,75.83333333333333,,
2003-10-01,5578999000.0,XTEXVA01INM667S,exports_yoy_pct,India Exports YoY,FRED/OECD Main Economic Indicators,yoy_pct,18.132306513053,,0.2,548,,71.66666666666667,,
2003-11-01,5359076000.0,XTEXVA01INM667S,exports_yoy_pct,India Exports YoY,FRED/OECD Main Economic Indicators,yoy_pct,23.059379499273234,,0.2,548,,81.66666666666667,,
2003-12-01,6016880000.0,XTEXVA01INM667S,exports_yoy_pct,India Exports YoY,FRED/OECD Main Economic Indicators,yoy_pct,50.96627114906014,,0.2,548,,100.0,,
2004-01-01,5196857000.0,XTEXVA01INM667S,exports_yoy_pct,India Exports YoY,FRED/OECD Main Economic Indicators,yoy_pct,9.321899480827645,,0.2,548,,44.166666666666664,,
2004-02-01,6167243000.0,XTEXVA01INM667S,exports_yoy_pct,India Exports YoY,FRED/OECD Main Economic Indicators,yoy_pct,41.33496349888222,,0.2,548,,99.16666666666667,,
2004-03-01,6643540000.0,XTEXVA01INM667S,exports_yoy_pct,India Exports YoY,FRED/OECD Main Economic Indicators,yoy_pct,48.19895905552982,,0.2,548,,99.16666666666667,,
2004-04-01,5785566000.0,XTEXVA01INM667S,exports_yoy_pct,India Exports YoY,FRED/OECD Main Economic Indicators,yoy_pct,30.73904057552994,,0.2,548,,95.0,,
2004-05-01,6128677000.0,XTEXVA01INM667S,exports_yoy_pct,India Exports YoY,FRED/OECD Main Economic Indicators,yoy_pct,28.593516900164296,,0.2,548,,90.83333333333333,,
2004-06-01,6186316000.0,XTEXVA01INM667S,exports_yoy_pct,India Exports YoY,FRED/OECD Main Economic Indicators,yoy_pct,35.46142447951508,,0.2,548,,97.5,,
2004-07-01,5952687000.0,XTEXVA01INM667S,exports_yoy_pct,India Exports YoY,FRED/OECD Main Economic Indicators,yoy_pct,27.454849962358917,,0.2,548,,85.83333333333333,,
2004-08-01,6093564000.0,XTEXVA01INM667S,exports_yoy_pct,India Exports YoY,FRED/OECD Main Economic Indicators,yoy_pct,30.81314321779565,,0.2,548,,94.16666666666667,,
2004-09-01,6782483000.0,XTEXVA01INM667S,exports_yoy_pct,India Exports YoY,FRED/OECD Main Economic Indicators,yoy_pct,26.196342464519805,,0.2,548,,84.16666666666667,,
2004-10-01,6690956000.0,XTEXVA01INM667S,exports_yoy_pct,India Exports YoY,FRED/OECD Main Economic Indicators,yoy_pct,19.931120260104016,,0.2,548,,70.83333333333334,,
2004-11-01,7532832000.0,XTEXVA01INM667S,exports_yoy_pct,India Exports YoY,FRED/OECD Main Economic Indicators,yoy_pct,40.562141682633346,,0.2,548,,97.5,,
2004-12-01,7219442000.0,XTEXVA01INM667S,exports_yoy_pct,India Exports YoY,FRED/OECD Main Economic Indicators,yoy_pct,19.986471393812067,,0.2,548,,71.66666666666667,,
2005-01-01,8299155000.000003,XTEXVA01INM667S,exports_yoy_pct,India Exports YoY,FRED/OECD Main Economic Indicators,yoy_pct,59.69565835657982,,0.2,548,,100.0,,
2005-02-01,8206896000.0,XTEXVA01INM667S,exports_yoy_pct,India Exports YoY,FRED/OECD Main Economic Indicators,yoy_pct,33.072363128872986,,0.2,548,,95.0,,
2005-03-01,8593654000.0,XTEXVA01INM667S,exports_yoy_pct,India Exports YoY,FRED/OECD Main Economic Indicators,yoy_pct,29.353537421314545,,0.2,548,,88.33333333333333,,
2005-04-01,7983698000.0,XTEXVA01INM667S,exports_yoy_pct,India Exports YoY,FRED/OECD Main Economic Indicators,yoy_pct,37.99337869449593,,0.2,548,,95.83333333333334,,
2005-05-01,8058488000.000003,XTEXVA01INM667S,exports_yoy_pct,India Exports YoY,FRED/OECD Main Economic Indicators,yoy_pct,31.48821515638698,,0.2,548,,91.66666666666666,,
2005-06-01,8013992000.0,XTEXVA01INM667S,exports_yoy_pct,India Exports YoY,FRED/OECD Main Economic Indicators,yoy_pct,29.543851300192237,,0.2,548,,87.5,,
2005-07-01,7773284000.0,XTEXVA01INM667S,exports_yoy_pct,India Exports YoY,FRED/OECD Main Economic Indicators,yoy_pct,30.584457069555306,,0.2,548,,90.0,,
2005-08-01,8609222000.0,XTEXVA01INM667S,exports_yoy_pct,India Exports YoY,FRED/OECD Main Economic Indicators,yoy_pct,41.28385293073151,,0.2,548,,96.66666666666667,,
2005-09-01,8286127000.0,XTEXVA01INM667S,exports_yoy_pct,India Exports YoY,FRED/OECD Main Economic Indicators,yoy_pct,22.16952110311223,,0.2,548,,72.5,,
2005-10-01,8862809000.0,XTEXVA01INM667S,exports_yoy_pct,India Exports YoY,FRED/OECD Main Economic Indicators,yoy_pct,32.45953194132498,,0.2,548,,92.5,,
2005-11-01,7765712000.0,XTEXVA01INM667S,exports_yoy_pct,India Exports YoY,FRED/OECD Main Economic Indicators,yoy_pct,3.091533171057037,,0.2,548,,25.833333333333336,,
2005-12-01,9185049000.0,XTEXVA01INM667S,exports_yoy_pct,India Exports YoY,FRED/OECD Main Economic Indicators,yoy_pct,27.226577898956727,,0.2,548,,80.83333333333333,,
2006-01-01,9169303000.0,XTEXVA01INM667S,exports_yoy_pct,India Exports YoY,FRED/OECD Main Economic Indicators,yoy_pct,10.484778269594885,,0.2,548,,44.166666666666664,,
2006-02-01,9258080000.0,XTEXVA01INM667S,exports_yoy_pct,India Exports YoY,FRED/OECD Main Economic Indicators,yoy_pct,12.8085453988938,,0.2,548,,50.83333333333333,,
2006-03-01,9814889000.0,XTEXVA01INM667S,exports_yoy_pct,India Exports YoY,FRED/OECD Main Economic Indicators,yoy_pct,14.21089329405163,,0.2,548,,56.666666666666664,,
2006-04-01,9088358000.0,XTEXVA01INM667S,exports_yoy_pct,India Exports YoY,FRED/OECD Main Economic Indicators,yoy_pct,13.83644521623939,,0.2,548,,54.166666666666664,,
2006-05-01,10038870000.0,XTEXVA01INM667S,exports_yoy_pct,India Exports YoY,FRED/OECD Main Economic Indicators,yoy_pct,24.57510639713054,,0.2,548,,77.5,,
2006-06-01,10534830000.0,XTEXVA01INM667S,exports_yoy_pct,India Exports YoY,FRED/OECD Main Economic Indicators,yoy_pct,31.455459401506758,,0.2,548,,90.0,,
2006-07-01,10982060000.0,XTEXVA01INM667S,exports_yoy_pct,India Exports YoY,FRED/OECD Main Economic Indicators,yoy_pct,41.27954156827411,,0.2,548,,95.83333333333334,,
2006-08-01,10827600000.0,XTEXVA01INM667S,exports_yoy_pct,India Exports YoY,FRED/OECD Main Economic Indicators,yoy_pct,25.76746191467707,,0.2,548,,76.66666666666667,,
2006-09-01,10689200000.0,XTEXVA01INM667S,exports_yoy_pct,India Exports YoY,FRED/OECD Main Economic Indicators,yoy_pct,29.001160614603183,,0.2,548,,82.5,,
2006-10-01,10066490000.0,XTEXVA01INM667S,exports_yoy_pct,India Exports YoY,FRED/OECD Main Economic Indicators,yoy_pct,13.581258492651704,,0.2,548,,50.0,,
2006-11-01,10631910000.0,XTEXVA01INM667S,exports_yoy_pct,India Exports YoY,FRED/OECD Main Economic Indicators,yoy_pct,36.90837363013204,,0.2,548,,93.33333333333333,,
2006-12-01,10921280000.0,XTEXVA01INM667S,exports_yoy_pct,India Exports YoY,FRED/OECD Main Economic Indicators,yoy_pct,18.90279518378182,,0.2,548,,60.83333333333333,,
2007-01-01,10833590000.0,XTEXVA01INM667S,exports_yoy_pct,India Exports YoY,FRED/OECD Main Economic Indicators,yoy_pct,18.15063805831261,,0.2,548,,59.166666666666664,,
2007-02-01,10823510000.0,XTEXVA01INM667S,exports_yoy_pct,India Exports YoY,FRED/OECD Main Economic Indicators,yoy_pct,16.908797504450156,,0.2,548,,56.666666666666664,,
2007-03-01,11124500000.0,XTEXVA01INM667S,exports_yoy_pct,India Exports YoY,FRED/OECD Main Economic Indicators,yoy_pct,13.343105561356827,,0.2,548,,44.166666666666664,,
2007-04-01,11737300000.0,XTEXVA01INM667S,exports_yoy_pct,India Exports YoY,FRED/OECD Main Economic Indicators,yoy_pct,29.146541102364143,,0.2,548,,81.66666666666667,,
2007-05-01,12344510000.0,XTEXVA01INM667S,exports_yoy_pct,India Exports YoY,FRED/OECD Main Economic Indicators,yoy_pct,22.967126778213085,,0.2,548,,69.16666666666667,,
2007-06-01,12372470000.0,XTEXVA01INM667S,exports_yoy_pct,India Exports YoY,FRED/OECD Main Economic Indicators,yoy_pct,17.443470848604115,,0.2,548,,55.00000000000001,,
2007-07-01,12763130000.0,XTEXVA01INM667S,exports_yoy_pct,India Exports YoY,FRED/OECD Main Economic Indicators,yoy_pct,16.217995530893113,,0.2,548,,51.66666666666667,,
2007-08-01,12729110000.0,XTEXVA01INM667S,exports_yoy_pct,India Exports YoY,FRED/OECD Main Economic Indicators,yoy_pct,17.56169418892459,,0.2,548,,55.00000000000001,,
2007-09-01,12618490000.0,XTEXVA01INM667S,exports_yoy_pct,India Exports YoY,FRED/OECD Main Economic Indicators,yoy_pct,18.04896531078097,,0.2,548,,55.833333333333336,,
2007-10-01,14674480000.0,XTEXVA01INM667S,exports_yoy_pct,India Exports YoY,FRED/OECD Main Economic Indicators,yoy_pct,45.775538444880006,,0.2,548,,97.5,,
2007-11-01,13750230000.0,XTEXVA01INM667S,exports_yoy_pct,India Exports YoY,FRED/OECD Main Economic Indicators,yoy_pct,29.329819383346933,,0.2,548,,80.83333333333333,,
2007-12-01,14722390000.0,XTEXVA01INM667S,exports_yoy_pct,India Exports YoY,FRED/OECD Main Economic Indicators,yoy_pct,34.80461997128541,,0.2,548,,90.83333333333333,,
2008-01-01,14739570000.0,XTEXVA01INM667S,exports_yoy_pct,India Exports YoY,FRED/OECD Main Economic Indicators,yoy_pct,36.05434578934592,,0.2,548,,91.66666666666666,,
2008-02-01,14864600000.0,XTEXVA01INM667S,exports_yoy_pct,India Exports YoY,FRED/OECD Main Economic Indicators,yoy_pct,37.336224570402756,,0.2,548,,92.5,,
2008-03-01,15195060000.0,XTEXVA01INM667S,exports_yoy_pct,India Exports YoY,FRED/OECD Main Economic Indicators,yoy_pct,36.59094790777113,,0.2,548,,90.83333333333333,,
2008-04-01,18814490000.0,XTEXVA01INM667S,exports_yoy_pct,India Exports YoY,FRED/OECD Main Economic Indicators,yoy_pct,60.296575873497304,,0.2,548,,100.0,,
2008-05-01,18771170000.0,XTEXVA01INM667S,exports_yoy_pct,India Exports YoY,FRED/OECD Main Economic Indicators,yoy_pct,52.06087564431476,,0.2,548,,98.33333333333333,,
2008-06-01,19549400000.0,XTEXVA01INM667S,exports_yoy_pct,India Exports YoY,FRED/OECD Main Economic Indicators,yoy_pct,58.00725320004818,,0.2,548,,98.33333333333333,,
2008-07-01,19117700000.0,XTEXVA01INM667S,exports_yoy_pct,India Exports YoY,FRED/OECD Main Economic Indicators,yoy_pct,49.78849232124094,,0.2,548,,95.83333333333334,,
2008-08-01,18450250000.0,XTEXVA01INM667S,exports_yoy_pct,India Exports YoY,FRED/OECD Main Economic Indicators,yoy_pct,44.94532610685271,,0.2,548,,93.33333333333333,,
2008-09-01,15429440000.0,XTEXVA01INM667S,exports_yoy_pct,India Exports YoY,FRED/OECD Main Economic Indicators,yoy_pct,22.27643719652668,,0.2,548,,56.666666666666664,,
2008-10-01,14149760000.0,XTEXVA01INM667S,exports_yoy_pct,India Exports YoY,FRED/OECD Main Economic Indicators,yoy_pct,-3.575731473960231,,0.2,548,,5.833333333333333,,
2008-11-01,12235720000.0,XTEXVA01INM667S,exports_yoy_pct,India Exports YoY,FRED/OECD Main Economic Indicators,yoy_pct,-11.014433940377721,,0.2,548,,1.6666666666666667,,
2008-12-01,13040490000.0,XTEXVA01INM667S,exports_yoy_pct,India Exports YoY,FRED/OECD Main Economic Indicators,yoy_pct,-11.424096223507185,,0.2,548,,0.8333333333333334,,
2009-01-01,12950040000.0,XTEXVA01INM667S,exports_yoy_pct,India Exports YoY,FRED/OECD Main Economic Indicators,yoy_pct,-12.140991901391962,,0.2,548,,0.8333333333333334,,
2009-02-01,12265610000.0,XTEXVA01INM667S,exports_yoy_pct,India Exports YoY,FRED/OECD Main Economic Indicators,yoy_pct,-17.48442608613754,,0.2,548,,0.8333333333333334,,
2009-03-01,11228110000.0,XTEXVA01INM667S,exports_yoy_pct,India Exports YoY,FRED/OECD Main Economic Indicators,yoy_pct,-26.106839986153396,,0.2,548,,0.8333333333333334,,
2009-04-01,12706860000.0,XTEXVA01INM667S,exports_yoy_pct,India Exports YoY,FRED/OECD Main Economic Indicators,yoy_pct,-32.462373415383574,,0.2,548,,0.8333333333333334,,
2009-05-01,12552660000.0,XTEXVA01INM667S,exports_yoy_pct,India Exports YoY,FRED/OECD Main Economic Indicators,yoy_pct,-33.12798296536656,,0.2,548,,0.8333333333333334,,
2009-06-01,13638820000.0,XTEXVA01INM667S,exports_yoy_pct,India Exports YoY,FRED/OECD Main Economic Indicators,yoy_pct,-30.234073680010642,,0.2,548,,2.5,,
2009-07-01,14420670000.0,XTEXVA01INM667S,exports_yoy_pct,India Exports YoY,FRED/OECD Main Economic Indicators,yoy_pct,-24.5690119627361,,0.2,548,,4.166666666666666,,
2009-08-01,14143400000.0,XTEXVA01INM667S,exports_yoy_pct,India Exports YoY,FRED/OECD Main Economic Indicators,yoy_pct,-23.343044132193334,,0.2,548,,5.0,,
2009-09-01,14293460000.0,XTEXVA01INM667S,exports_yoy_pct,India Exports YoY,FRED/OECD Main Economic Indicators,yoy_pct,-7.362418856419939,,0.2,548,,10.0,,
2009-10-01,15081790000.0,XTEXVA01INM667S,exports_yoy_pct,India Exports YoY,FRED/OECD Main Economic Indicators,yoy_pct,6.586896173504009,,0.2,548,,24.166666666666668,,
2009-11-01,16094520000.0,XTEXVA01INM667S,exports_yoy_pct,India Exports YoY,FRED/OECD Main Economic Indicators,yoy_pct,31.5371714946076,,0.2,548,,80.83333333333333,,
2009-12-01,16058300000.0,XTEXVA01INM667S,exports_yoy_pct,India Exports YoY,FRED/OECD Main Economic Indicators,yoy_pct,23.14184513005262,,0.2,548,,60.0,,
2010-01-01,15903610000.0,XTEXVA01INM667S,exports_yoy_pct,India Exports YoY,FRED/OECD Main Economic Indicators,yoy_pct,22.8074198998613,,0.2,548,,55.00000000000001,,
2010-02-01,16174760000.0,XTEXVA01INM667S,exports_yoy_pct,India Exports YoY,FRED/OECD Main Economic Indicators,yoy_pct,31.870816045838723,,0.2,548,,81.66666666666667,,
2010-03-01,17343770000.0,XTEXVA01INM667S,exports_yoy_pct,India Exports YoY,FRED/OECD Main Economic Indicators,yoy_pct,54.46740368592755,,0.2,548,,97.5,,
2010-04-01,18460510000.0,XTEXVA01INM667S,exports_yoy_pct,India Exports YoY,FRED/OECD Main Economic Indicators,yoy_pct,45.27987244685154,,0.2,548,,92.5,,
2010-05-01,17594210000.0,XTEXVA01INM667S,exports_yoy_pct,India Exports YoY,FRED/OECD Main Economic Indicators,yoy_pct,40.16320046906392,,0.2,548,,87.5,,
2010-06-01,20695230000.0,XTEXVA01INM667S,exports_yoy_pct,India Exports YoY,FRED/OECD Main Economic Indicators,yoy_pct,51.737686984651155,,0.2,548,,95.83333333333334,,
2010-07-01,17324470000.0,XTEXVA01INM667S,exports_yoy_pct,India Exports YoY,FRED/OECD Main Economic Indicators,yoy_pct,20.136373691374953,,0.2,548,,48.333333333333336,,
2010-08-01,18240810000.0,XTEXVA01INM667S,exports_yoy_pct,India Exports YoY,FRED/OECD Main Economic Indicators,yoy_pct,28.9704738605993,,0.2,548,,66.66666666666666,,
2010-09-01,18562310000.0,XTEXVA01INM667S,exports_yoy_pct,India Exports YoY,FRED/OECD Main Economic Indicators,yoy_pct,29.86575678667027,,0.2,548,,71.66666666666667,,
2010-10-01,19778010000.0,XTEXVA01INM667S,exports_yoy_pct,India Exports YoY,FRED/OECD Main Economic Indicators,yoy_pct,31.13834631035175,,0.2,548,,74.16666666666667,,
2010-11-01,23944460000.0,XTEXVA01INM667S,exports_yoy_pct,India Exports YoY,FRED/OECD Main Economic Indicators,yoy_pct,48.77399263848814,,0.2,548,,93.33333333333333,,
2010-12-01,22699740000.0,XTEXVA01INM667S,exports_yoy_pct,India Exports YoY,FRED/OECD Main Economic Indicators,yoy_pct,41.35830069185407,,0.2,548,,89.16666666666667,,
2011-01-01,23218650000.0,XTEXVA01INM667S,exports_yoy_pct,India Exports YoY,FRED/OECD Main Economic Indicators,yoy_pct,45.99609774133042,,0.2,548,,91.66666666666666,,
2011-02-01,23835600000.0,XTEXVA01INM667S,exports_yoy_pct,India Exports YoY,FRED/OECD Main Economic Indicators,yoy_pct,47.36292841439378,,0.2,548,,91.66666666666666,,
2011-03-01,26043290000.0,XTEXVA01INM667S,exports_yoy_pct,India Exports YoY,FRED/OECD Main Economic Indicators,yoy_pct,50.15933675319726,,0.2,548,,94.16666666666667,,
2011-04-01,24232860000.0,XTEXVA01INM667S,exports_yoy_pct,India Exports YoY,FRED/OECD Main Economic Indicators,yoy_pct,31.268637757028372,,0.2,548,,70.0,,
2011-05-01,26568600000.0,XTEXVA01INM667S,exports_yoy_pct,India Exports YoY,FRED/OECD Main Economic Indicators,yoy_pct,51.007632624596376,,0.2,548,,95.0,,
2011-06-01,26572110000.0,XTEXVA01INM667S,exports_yoy_pct,India Exports YoY,FRED/OECD Main Economic Indicators,yoy_pct,28.39726835604146,,0.2,548,,58.333333333333336,,
2011-07-01,27422380000.0,XTEXVA01INM667S,exports_yoy_pct,India Exports YoY,FRED/OECD Main Economic Indicators,yoy_pct,58.28697789889099,,0.2,548,,98.33333333333333,,
2011-08-01,25096990000.0,XTEXVA01INM667S,exports_yoy_pct,India Exports YoY,FRED/OECD Main Economic Indicators,yoy_pct,37.58703697916923,,0.2,548,,79.16666666666666,,
2011-09-01,25952000000.0,XTEXVA01INM667S,exports_yoy_pct,India Exports YoY,FRED/OECD Main Economic Indicators,yoy_pct,39.81018526250235,,0.2,548,,80.0,,
2011-10-01,24537640000.0,XTEXVA01INM667S,exports_yoy_pct,India Exports YoY,FRED/OECD Main Economic Indicators,yoy_pct,24.065262379784414,,0.2,548,,47.5,,
2011-11-01,24674310000.0,XTEXVA01INM667S,exports_yoy_pct,India Exports YoY,FRED/OECD Main Economic Indicators,yoy_pct,3.0480954675945915,,0.2,548,,15.0,,
2011-12-01,24996940000.0,XTEXVA01INM667S,exports_yoy_pct,India Exports YoY,FRED/OECD Main Economic Indicators,yoy_pct,10.11993969974987,,0.2,548,,19.166666666666668,,
2012-01-01,25611080000.0,XTEXVA01INM667S,exports_yoy_pct,India Exports YoY,FRED/OECD Main Economic Indicators,yoy_pct,10.303915171640043,,0.2,548,,20.0,,
2012-02-01,24724260000.0,XTEXVA01INM667S,exports_yoy_pct,India Exports YoY,FRED/OECD Main Economic Indicators,yoy_pct,3.7282887781301843,,0.2,548,,15.0,,
2012-03-01,25077520000.0,XTEXVA01INM667S,exports_yoy_pct,India Exports YoY,FRED/OECD Main Economic Indicators,yoy_pct,-3.708325637813037,,0.2,548,,10.0,,
2012-04-01,24557670000.0,XTEXVA01INM667S,exports_yoy_pct,India Exports YoY,FRED/OECD Main Economic Indicators,yoy_pct,1.3403700594977197,,0.2,548,,12.5,,
2012-05-01,24478270000.0,XTEXVA01INM667S,exports_yoy_pct,India Exports YoY,FRED/OECD Main Economic Indicators,yoy_pct,-7.867670859586129,,0.2,548,,9.166666666666666,,
2012-06-01,25361230000.0,XTEXVA01INM667S,exports_yoy_pct,India Exports YoY,FRED/OECD Main Economic Indicators,yoy_pct,-4.556958404883915,,0.2,548,,10.833333333333334,,
2012-07-01,23634060000.0,XTEXVA01INM667S,exports_yoy_pct,India Exports YoY,FRED/OECD Main Economic Indicators,yoy_pct,-13.814701714439082,,0.2,548,,6.666666666666667,,
2012-08-01,23447990000.0,XTEXVA01INM667S,exports_yoy_pct,India Exports YoY,FRED/OECD Main Economic Indicators,yoy_pct,-6.570509053077678,,0.2,548,,11.666666666666666,,
2012-09-01,25043940000.0,XTEXVA01INM667S,exports_yoy_pct,India Exports YoY,FRED/OECD Main Economic Indicators,yoy_pct,-3.498998150431565,,0.2,548,,15.0,,
2012-10-01,24245470000.0,XTEXVA01INM667S,exports_yoy_pct,India Exports YoY,FRED/OECD Main Economic Indicators,yoy_pct,-1.1907013062380845,,0.2,548,,15.833333333333332,,
2012-11-01,24646080000.0,XTEXVA01INM667S,exports_yoy_pct,India Exports YoY,FRED/OECD Main Economic Indicators,yoy_pct,-0.11441049415363835,,0.2,548,,16.666666666666664,,
2012-12-01,25426160000.0,XTEXVA01INM667S,exports_yoy_pct,India Exports YoY,FRED/OECD Main Economic Indicators,yoy_pct,1.7170901718370324,,0.2,548,,20.0,,
2013-01-01,25655250000.0,XTEXVA01INM667S,exports_yoy_pct,India Exports YoY,FRED/OECD Main Economic Indicators,yoy_pct,0.1724644177441892,,0.2,548,,17.5,,
2013-02-01,27295640000.0,XTEXVA01INM667S,exports_yoy_pct,India Exports YoY,FRED/OECD Main Economic Indicators,yoy_pct,10.400230381010388,,0.2,548,,29.166666666666668,,
2013-03-01,26984920000.0,XTEXVA01INM667S,exports_yoy_pct,India Exports YoY,FRED/OECD Main Economic Indicators,yoy_pct,7.606015267857424,,0.2,548,,25.833333333333336,,
2013-04-01,24922330000.0,XTEXVA01INM667S,exports_yoy_pct,India Exports YoY,FRED/OECD Main Economic Indicators,yoy_pct,1.4849128602184125,,0.2,548,,20.0,,
2013-05-01,24555990000.0,XTEXVA01INM667S,exports_yoy_pct,India Exports YoY,FRED/OECD Main Economic Indicators,yoy_pct,0.31750609826592946,,0.2,548,,18.333333333333332,,
2013-06-01,24817410000.0,XTEXVA01INM667S,exports_yoy_pct,India Exports YoY,FRED/OECD Main Economic Indicators,yoy_pct,-2.1442966291461363,,0.2,548,,15.833333333333332,,
2013-07-01,26056140000.0,XTEXVA01INM667S,exports_yoy_pct,India Exports YoY,FRED/OECD Main Economic Indicators,yoy_pct,10.248260349681782,,0.2,548,,29.166666666666668,,
2013-08-01,27087920000.0,XTEXVA01INM667S,exports_yoy_pct,India Exports YoY,FRED/OECD Main Economic Indicators,yoy_pct,15.52342013110719,,0.2,548,,35.833333333333336,,
2013-09-01,27861590000.0,XTEXVA01INM667S,exports_yoy_pct,India Exports YoY,FRED/OECD Main Economic Indicators,yoy_pct,11.250825549015042,,0.2,548,,31.666666666666664,,
2013-10-01,27743690000.0,XTEXVA01INM667S,exports_yoy_pct,India Exports YoY,FRED/OECD Main Economic Indicators,yoy_pct,14.428344758835365,,0.2,548,,36.666666666666664,,
2013-11-01,26022200000.0,XTEXVA01INM667S,exports_yoy_pct,India Exports YoY,FRED/OECD Main Economic Indicators,yoy_pct,5.5835248445188945,,0.2,548,,25.0,,
2013-12-01,25933870000.0,XTEXVA01INM667S,exports_yoy_pct,India Exports YoY,FRED/OECD Main Economic Indicators,yoy_pct,1.9968017191742682,,0.2,548,,22.5,,
2014-01-01,26806110000.0,XTEXVA01INM667S,exports_yoy_pct,India Exports YoY,FRED/OECD Main Economic Indicators,yoy_pct,4.485865466132655,,0.2,548,,25.833333333333336,,
2014-02-01,25940420000.0,XTEXVA01INM667S,exports_yoy_pct,India Exports YoY,FRED/OECD Main Economic Indicators,yoy_pct,-4.964968764242206,,0.2,548,,12.5,,
2014-03-01,26853260000.0,XTEXVA01INM667S,exports_yoy_pct,India Exports YoY,FRED/OECD Main Economic Indicators,yoy_pct,-0.48790213200557986,,0.2,548,,18.333333333333332,,
2014-04-01,26216800000.0,XTEXVA01INM667S,exports_yoy_pct,India Exports YoY,FRED/OECD Main Economic Indicators,yoy_pct,5.194016771305088,,0.2,548,,28.333333333333332,,
2014-05-01,27983430000.0,XTEXVA01INM667S,exports_yoy_pct,India Exports YoY,FRED/OECD Main Economic Indicators,yoy_pct,13.957653509388134,,0.2,548,,40.0,,
2014-06-01,26438060000.0,XTEXVA01INM667S,exports_yoy_pct,India Exports YoY,FRED/OECD Main Economic Indicators,yoy_pct,6.53029466007935,,0.2,548,,30.0,,
2014-07-01,26041810000.0,XTEXVA01INM667S,exports_yoy_pct,India Exports YoY,FRED/OECD Main Economic Indicators,yoy_pct,-0.05499663419064049,,0.2,548,,20.0,,
2014-08-01,28003270000.0,XTEXVA01INM667S,exports_yoy_pct,India Exports YoY,FRED/OECD Main Economic Indicators,yoy_pct,3.379181568758316,,0.2,548,,27.500000000000004,,
2014-09-01,28191280000.0,XTEXVA01INM667S,exports_yoy_pct,India Exports YoY,FRED/OECD Main Economic Indicators,yoy_pct,1.1833136586964388,,0.2,548,,22.5,,
2014-10-01,26189330000.0,XTEXVA01INM667S,exports_yoy_pct,India Exports YoY,FRED/OECD Main Economic Indicators,yoy_pct,-5.602571251336785,,0.2,548,,12.5,,
2014-11-01,28908610000.0,XTEXVA01INM667S,exports_yoy_pct,India Exports YoY,FRED/OECD Main Economic Indicators,yoy_pct,11.092105971055478,,0.2,548,,40.0,,
2014-12-01,25291740000.0,XTEXVA01INM667S,exports_yoy_pct,India Exports YoY,FRED/OECD Main Economic Indicators,yoy_pct,-2.476028452367507,,0.2,548,,17.5,,
2015-01-01,24736660000.0,XTEXVA01INM667S,exports_yoy_pct,India Exports YoY,FRED/OECD Main Economic Indicators,yoy_pct,-7.720068297861937,,0.2,548,,10.833333333333334,,
2015-02-01,22500480000.0,XTEXVA01INM667S,exports_yoy_pct,India Exports YoY,FRED/OECD Main Economic Indicators,yoy_pct,-13.26092638438391,,0.2,548,,7.5,,
2015-03-01,20984920000.0,XTEXVA01INM667S,exports_yoy_pct,India Exports YoY,FRED/OECD Main Economic Indicators,yoy_pct,-21.853361565783825,,0.2,548,,5.833333333333333,,
2015-04-01,22434000000.0,XTEXVA01INM667S,exports_yoy_pct,India Exports YoY,FRED/OECD Main Economic Indicators,yoy_pct,-14.428915809709808,,0.2,548,,7.5,,
2015-05-01,22810420000.0,XTEXVA01INM667S,exports_yoy_pct,India Exports YoY,FRED/OECD Main Economic Indicators,yoy_pct,-18.485975450471937,,0.2,548,,6.666666666666667,,
2015-06-01,22439730000.0,XTEXVA01INM667S,exports_yoy_pct,India Exports YoY,FRED/OECD Main Economic Indicators,yoy_pct,-15.123386511718328,,0.2,548,,8.333333333333332,,
2015-07-01,23490020000.0,XTEXVA01INM667S,exports_yoy_pct,India Exports YoY,FRED/OECD Main Economic Indicators,yoy_pct,-9.798819667296554,,0.2,548,,14.166666666666666,,
2015-08-01,22548100000.0,XTEXVA01INM667S,exports_yoy_pct,India Exports YoY,FRED/OECD Main Economic Indicators,yoy_pct,-19.480474958817307,,0.2,548,,6.666666666666667,,
2015-09-01,21364890000.0,XTEXVA01INM667S,exports_yoy_pct,India Exports YoY,FRED/OECD Main Economic Indicators,yoy_pct,-24.214544355559585,,0.2,548,,5.0,,
2015-10-01,22042460000.0,XTEXVA01INM667S,exports_yoy_pct,India Exports YoY,FRED/OECD Main Economic Indicators,yoy_pct,-15.834196598385674,,0.2,548,,10.0,,
2015-11-01,21032740000.0,XTEXVA01INM667S,exports_yoy_pct,India Exports YoY,FRED/OECD Main Economic Indicators,yoy_pct,-27.244028682112354,,0.2,548,,3.3333333333333335,,
2015-12-01,21796450000.0,XTEXVA01INM667S,exports_yoy_pct,India Exports YoY,FRED/OECD Main Economic Indicators,yoy_pct,-13.819887441512524,,0.2,548,,13.333333333333334,,
2016-01-01,21832830000.0,XTEXVA01INM667S,exports_yoy_pct,India Exports YoY,FRED/OECD Main Economic Indicators,yoy_pct,-11.738973652869866,,0.2,548,,16.666666666666664,,
2016-02-01,20377390000.0,XTEXVA01INM667S,exports_yoy_pct,India Exports YoY,FRED/OECD Main Economic Indicators,yoy_pct,-9.43575425946469,,0.2,548,,20.0,,
2016-03-01,19704290000.0,XTEXVA01INM667S,exports_yoy_pct,India Exports YoY,FRED/OECD Main Economic Indicators,yoy_pct,-6.10262035785698,,0.2,548,,24.166666666666668,,
2016-04-01,21411630000.0,XTEXVA01INM667S,exports_yoy_pct,India Exports YoY,FRED/OECD Main Economic Indicators,yoy_pct,-4.557234554693768,,0.2,548,,26.666666666666668,,
2016-05-01,22328210000.0,XTEXVA01INM667S,exports_yoy_pct,India Exports YoY,FRED/OECD Main Economic Indicators,yoy_pct,-2.1139900098288367,,0.2,548,,32.5,,
2016-06-01,22786130000.0,XTEXVA01INM667S,exports_yoy_pct,India Exports YoY,FRED/OECD Main Economic Indicators,yoy_pct,1.5436905880774843,,0.2,548,,40.833333333333336,,
2016-07-01,22563440000.0,XTEXVA01INM667S,exports_yoy_pct,India Exports YoY,FRED/OECD Main Economic Indicators,yoy_pct,-3.944568799856274,,0.2,548,,28.333333333333332,,
2016-08-01,21927140000.0,XTEXVA01INM667S,exports_yoy_pct,India Exports YoY,FRED/OECD Main Economic Indicators,yoy_pct,-2.753934921345924,,0.2,548,,31.666666666666664,,
2016-09-01,22268280000.0,XTEXVA01INM667S,exports_yoy_pct,India Exports YoY,FRED/OECD Main Economic Indicators,yoy_pct,4.228385917268951,,0.2,548,,47.5,,
2016-10-01,24407290000.0,XTEXVA01INM667S,exports_yoy_pct,India Exports YoY,FRED/OECD Main Economic Indicators,yoy_pct,10.728521226759625,,0.2,548,,56.666666666666664,,
2016-11-01,21268570000.0,XTEXVA01INM667S,exports_yoy_pct,India Exports YoY,FRED/OECD Main Economic Indicators,yoy_pct,1.121251914871757,,0.2,548,,40.0,,
2016-12-01,23522360000.0,XTEXVA01INM667S,exports_yoy_pct,India Exports YoY,FRED/OECD Main Economic Indicators,yoy_pct,7.918307797829471,,0.2,548,,54.166666666666664,,
2017-01-01,22720120000.0,XTEXVA01INM667S,exports_yoy_pct,India Exports YoY,FRED/OECD Main Economic Indicators,yoy_pct,4.064017353682514,,0.2,548,,48.333333333333336,,
2017-02-01,24824800000.0,XTEXVA01INM667S,exports_yoy_pct,India Exports YoY,FRED/OECD Main Economic Indicators,yoy_pct,21.825219029522437,,0.2,548,,69.16666666666667,,
2017-03-01,24813370000.0,XTEXVA01INM667S,exports_yoy_pct,India Exports YoY,FRED/OECD Main Economic Indicators,yoy_pct,25.92876982626626,,0.2,548,,73.33333333333333,,
2017-04-01,25545840000.0,XTEXVA01INM667S,exports_yoy_pct,India Exports YoY,FRED/OECD Main Economic Indicators,yoy_pct,19.30824509857494,,0.2,548,,67.5,,
2017-05-01,23489760000.0,XTEXVA01INM667S,exports_yoy_pct,India Exports YoY,FRED/OECD Main Economic Indicators,yoy_pct,5.202163541098903,,0.2,548,,51.66666666666667,,
2017-06-01,23163530000.0,XTEXVA01INM667S,exports_yoy_pct,India Exports YoY,FRED/OECD Main Economic Indicators,yoy_pct,1.6562707225843187,,0.2,548,,44.166666666666664,,
2017-07-01,23209540000.0,XTEXVA01INM667S,exports_yoy_pct,India Exports YoY,FRED/OECD Main Economic Indicators,yoy_pct,2.8634818095113257,,0.2,548,,46.666666666666664,,
2017-08-01,23734660000.0,XTEXVA01INM667S,exports_yoy_pct,India Exports YoY,FRED/OECD Main Economic Indicators,yoy_pct,8.243300311850966,,0.2,548,,58.333333333333336,,
2017-09-01,28399680000.0,XTEXVA01INM667S,exports_yoy_pct,India Exports YoY,FRED/OECD Main Economic Indicators,yoy_pct,27.534232549617666,,0.2,548,,74.16666666666667,,
2017-10-01,23616380000.0,XTEXVA01INM667S,exports_yoy_pct,India Exports YoY,FRED/OECD Main Economic Indicators,yoy_pct,-3.240466270528186,,0.2,548,,31.666666666666664,,
2017-11-01,27869760000.0,XTEXVA01INM667S,exports_yoy_pct,India Exports YoY,FRED/OECD Main Economic Indicators,yoy_pct,31.03730058015184,,0.2,548,,78.33333333333333,,
2017-12-01,27593760000.0,XTEXVA01INM667S,exports_yoy_pct,India Exports YoY,FRED/OECD Main Economic Indicators,yoy_pct,17.308637398628377,,0.2,548,,68.33333333333333,,
2018-01-01,25473030000.0,XTEXVA01INM667S,exports_yoy_pct,India Exports YoY,FRED/OECD Main Economic Indicators,yoy_pct,12.116617341809821,,0.2,548,,65.83333333333333,,
2018-02-01,26446090000.0,XTEXVA01INM667S,exports_yoy_pct,India Exports YoY,FRED/OECD Main Economic Indicators,yoy_pct,6.530928748670695,,0.2,548,,56.666666666666664,,
2018-03-01,25387890000.0,XTEXVA01INM667S,exports_yoy_pct,India Exports YoY,FRED/OECD Main Economic Indicators,yoy_pct,2.315364660261787,,0.2,548,,47.5,,
2018-04-01,26525520000.0,XTEXVA01INM667S,exports_yoy_pct,India Exports YoY,FRED/OECD Main Economic Indicators,yoy_pct,3.8349883973280985,,0.2,548,,51.66666666666667,,
2018-05-01,28364930000.0,XTEXVA01INM667S,exports_yoy_pct,India Exports YoY,FRED/OECD Main Economic Indicators,yoy_pct,20.754447895593664,,0.2,548,,74.16666666666667,,
2018-06-01,27754960000.0,XTEXVA01INM667S,exports_yoy_pct,India Exports YoY,FRED/OECD Main Economic Indicators,yoy_pct,19.821806089140992,,0.2,548,,73.33333333333333,,
2018-07-01,26420210000.0,XTEXVA01INM667S,exports_yoy_pct,India Exports YoY,FRED/OECD Main Economic Indicators,yoy_pct,13.83340643545714,,0.2,548,,69.16666666666667,,
2018-08-01,28272810000.0,XTEXVA01INM667S,exports_yoy_pct,India Exports YoY,FRED/OECD Main Economic Indicators,yoy_pct,19.12034973325929,,0.2,548,,73.33333333333333,,
2018-09-01,28188180000.0,XTEXVA01INM667S,exports_yoy_pct,India Exports YoY,FRED/OECD Main Economic Indicators,yoy_pct,-0.7447267011459258,,0.2,548,,36.666666666666664,,
2018-10-01,27168390000.0,XTEXVA01INM667S,exports_yoy_pct,India Exports YoY,FRED/OECD Main Economic Indicators,yoy_pct,15.04045073800473,,0.2,548,,71.66666666666667,,
2018-11-01,27649200000.0,XTEXVA01INM667S,exports_yoy_pct,India Exports YoY,FRED/OECD Main Economic Indicators,yoy_pct,-0.7913954049119876,,0.2,548,,35.0,,
2018-12-01,27608650000.0,XTEXVA01INM667S,exports_yoy_pct,India Exports YoY,FRED/OECD Main Economic Indicators,yoy_pct,0.05396147534804108,,0.2,548,,38.333333333333336,,
2019-01-01,26495400000.0,XTEXVA01INM667S,exports_yoy_pct,India Exports YoY,FRED/OECD Main Economic Indicators,yoy_pct,4.013539025392743,,0.2,548,,51.66666666666667,,
2019-02-01,27236330000.0,XTEXVA01INM667S,exports_yoy_pct,India Exports YoY,FRED/OECD Main Economic Indicators,yoy_pct,2.988116579804423,,0.2,548,,47.5,,
2019-03-01,28864940000.0,XTEXVA01INM667S,exports_yoy_pct,India Exports YoY,FRED/OECD Main Economic Indicators,yoy_pct,13.69570295128899,,0.2,548,,68.33333333333333,,
2019-04-01,26173320000.0,XTEXVA01INM667S,exports_yoy_pct,India Exports YoY,FRED/OECD Main Economic Indicators,yoy_pct,-1.3277779285759572,,0.2,548,,30.0,,
2019-05-01,29240520000.0,XTEXVA01INM667S,exports_yoy_pct,India Exports YoY,FRED/OECD Main Economic Indicators,yoy_pct,3.086875236427522,,0.2,548,,47.5,,
2019-06-01,25965100000.0,XTEXVA01INM667S,exports_yoy_pct,India Exports YoY,FRED/OECD Main Economic Indicators,yoy_pct,-6.4487932967656985,,0.2,548,,17.5,,
2019-07-01,26500900000.0,XTEXVA01INM667S,exports_yoy_pct,India Exports YoY,FRED/OECD Main Economic Indicators,yoy_pct,0.30541013867793065,,0.2,548,,35.833333333333336,,
2019-08-01,26832630000.0,XTEXVA01INM667S,exports_yoy_pct,India Exports YoY,FRED/OECD Main Economic Indicators,yoy_pct,-5.093869339481993,,0.2,548,,18.333333333333332,,
2019-09-01,26006130000.0,XTEXVA01INM667S,exports_yoy_pct,India Exports YoY,FRED/OECD Main Economic Indicators,yoy_pct,-7.741010593802078,,0.2,548,,13.333333333333334,,
2019-10-01,26737870000.0,XTEXVA01INM667S,exports_yoy_pct,India Exports YoY,FRED/OECD Main Economic Indicators,yoy_pct,-1.584635674031476,,0.2,548,,28.333333333333332,,
2019-11-01,27738030000.0,XTEXVA01INM667S,exports_yoy_pct,India Exports YoY,FRED/OECD Main Economic Indicators,yoy_pct,0.32127511826742783,,0.2,548,,38.333333333333336,,
2019-12-01,26450780000.0,XTEXVA01INM667S,exports_yoy_pct,India Exports YoY,FRED/OECD Main Economic Indicators,yoy_pct,-4.193866777260025,,0.2,548,,21.666666666666668,,
2020-01-01,25944100000.0,XTEXVA01INM667S,exports_yoy_pct,India Exports YoY,FRED/OECD Main Economic Indicators,yoy_pct,-2.0807385432943026,,0.2,548,,29.166666666666668,,
2020-02-01,27296620000.0,XTEXVA01INM667S,exports_yoy_pct,India Exports YoY,FRED/OECD Main Economic Indicators,yoy_pct,0.2213587513442583,,0.2,548,,38.333333333333336,,
2020-03-01,18653630000.0,XTEXVA01INM667S,exports_yoy_pct,India Exports YoY,FRED/OECD Main Economic Indicators,yoy_pct,-35.37616915191924,,0.2,548,,0.8333333333333334,,
2020-04-01,10202960000.0,XTEXVA01INM667S,exports_yoy_pct,India Exports YoY,FRED/OECD Main Economic Indicators,yoy_pct,-61.017708108868106,,0.2,548,,0.8333333333333334,,
2020-05-01,19424340000.0,XTEXVA01INM667S,exports_yoy_pct,India Exports YoY,FRED/OECD Main Economic Indicators,yoy_pct,-33.57047001900103,,0.2,548,,2.5,,
2020-06-01,22183450000.0,XTEXVA01INM667S,exports_yoy_pct,India Exports YoY,FRED/OECD Main Economic Indicators,yoy_pct,-14.56435754146913,,0.2,548,,9.166666666666666,,
2020-07-01,24008840000.0,XTEXVA01INM667S,exports_yoy_pct,India Exports YoY,FRED/OECD Main Economic Indicators,yoy_pct,-9.403680629714462,,0.2,548,,15.833333333333332,,
2020-08-01,23936100000.0,XTEXVA01INM667S,exports_yoy_pct,India Exports YoY,FRED/OECD Main Economic Indicators,yoy_pct,-10.79480468370041,,0.2,548,,14.166666666666666,,
2020-09-01,27231520000.0,XTEXVA01INM667S,exports_yoy_pct,India Exports YoY,FRED/OECD Main Economic Indicators,yoy_pct,4.711927534008331,,0.2,548,,63.33333333333333,,
2020-10-01,25839370000.0,XTEXVA01INM667S,exports_yoy_pct,India Exports YoY,FRED/OECD Main Economic Indicators,yoy_pct,-3.360402305793242,,0.2,548,,30.0,,
2020-11-01,25482130000.0,XTEXVA01INM667S,exports_yoy_pct,India Exports YoY,FRED/OECD Main Economic Indicators,yoy_pct,-8.132877497068103,,0.2,548,,17.5,,
2020-12-01,26170180000.0,XTEXVA01INM667S,exports_yoy_pct,India Exports YoY,FRED/OECD Main Economic Indicators,yoy_pct,-1.0608382815175954,,0.2,548,,39.166666666666664,,
2021-01-01,28473740000.0,XTEXVA01INM667S,exports_yoy_pct,India Exports YoY,FRED/OECD Main Economic Indicators,yoy_pct,9.750347863290699,,0.2,548,,73.33333333333333,,
2021-02-01,27920170000.0,XTEXVA01INM667S,exports_yoy_pct,India Exports YoY,FRED/OECD Main Economic Indicators,yoy_pct,2.284348758197896,,0.2,548,,55.833333333333336,,
2021-03-01,30138730000.0,XTEXVA01INM667S,exports_yoy_pct,India Exports YoY,FRED/OECD Main Economic Indicators,yoy_pct,61.570321701459704,,0.2,548,,100.0,,
2021-04-01,30761620000.0,XTEXVA01INM667S,exports_yoy_pct,India Exports YoY,FRED/OECD Main Economic Indicators,yoy_pct,201.4970165520594,,0.2,548,,100.0,,
2021-05-01,32580380000.0,XTEXVA01INM667S,exports_yoy_pct,India Exports YoY,FRED/OECD Main Economic Indicators,yoy_pct,67.72966288687286,,0.2,548,,99.16666666666667,,
2021-06-01,32690350000.000004,XTEXVA01INM667S,exports_yoy_pct,India Exports YoY,FRED/OECD Main Economic Indicators,yoy_pct,47.36368779427909,,0.2,548,,96.66666666666667,,
2021-07-01,36371810000.0,XTEXVA01INM667S,exports_yoy_pct,India Exports YoY,FRED/OECD Main Economic Indicators,yoy_pct,51.493408261290426,,0.2,548,,97.5,,
2021-08-01,34490580000.0,XTEXVA01INM667S,exports_yoy_pct,India Exports YoY,FRED/OECD Main Economic Indicators,yoy_pct,44.094401343577275,,0.2,548,,95.83333333333334,,
2021-09-01,33531020000.0,XTEXVA01INM667S,exports_yoy_pct,India Exports YoY,FRED/OECD Main Economic Indicators,yoy_pct,23.133119267672164,,0.2,548,,91.66666666666666,,
2021-10-01,37660950000.0,XTEXVA01INM667S,exports_yoy_pct,India Exports YoY,FRED/OECD Main Economic Indicators,yoy_pct,45.75026403507516,,0.2,548,,95.83333333333334,,
2021-11-01,33816990000.0,XTEXVA01INM667S,exports_yoy_pct,India Exports YoY,FRED/OECD Main Economic Indicators,yoy_pct,32.70864719707498,,0.2,548,,94.16666666666667,,
2021-12-01,37736290000.0,XTEXVA01INM667S,exports_yoy_pct,India Exports YoY,FRED/OECD Main Economic Indicators,yoy_pct,44.19576021257783,,0.2,548,,95.0,,
2022-01-01,36427820000.0,XTEXVA01INM667S,exports_yoy_pct,India Exports YoY,FRED/OECD Main Economic Indicators,yoy_pct,27.934791846803407,,0.2,548,,91.66666666666666,,
2022-02-01,37470240000.0,XTEXVA01INM667S,exports_yoy_pct,India Exports YoY,FRED/OECD Main Economic Indicators,yoy_pct,34.20491350876445,,0.2,548,,93.33333333333333,,
2022-03-01,38097550000.0,XTEXVA01INM667S,exports_yoy_pct,India Exports YoY,FRED/OECD Main Economic Indicators,yoy_pct,26.407283916741008,,0.2,548,,89.16666666666667,,
2022-04-01,40212830000.0,XTEXVA01INM667S,exports_yoy_pct,India Exports YoY,FRED/OECD Main Economic Indicators,yoy_pct,30.724032089337292,,0.2,548,,90.83333333333333,,
2022-05-01,38739740000.0,XTEXVA01INM667S,exports_yoy_pct,India Exports YoY,FRED/OECD Main Economic Indicators,yoy_pct,18.90512019810695,,0.2,548,,81.66666666666667,,
2022-06-01,42524330000.0,XTEXVA01INM667S,exports_yoy_pct,India Exports YoY,FRED/OECD Main Economic Indicators,yoy_pct,30.082210805329378,,0.2,548,,90.0,,
2022-07-01,39874930000.0,XTEXVA01INM667S,exports_yoy_pct,India Exports YoY,FRED/OECD Main Economic Indicators,yoy_pct,9.631415098671203,,0.2,548,,68.33333333333333,,
2022-08-01,37692310000.0,XTEXVA01INM667S,exports_yoy_pct,India Exports YoY,FRED/OECD Main Economic Indicators,yoy_pct,9.282911450024912,,0.2,548,,67.5,,
2022-09-01,35207850000.0,XTEXVA01INM667S,exports_yoy_pct,India Exports YoY,FRED/OECD Main Economic Indicators,yoy_pct,5.000832065353222,,0.2,548,,60.0,,
2022-10-01,33364750000.0,XTEXVA01INM667S,exports_yoy_pct,India Exports YoY,FRED/OECD Main Economic Indicators,yoy_pct,-11.407572034162705,,0.2,548,,13.333333333333334,,
2022-11-01,37100070000.0,XTEXVA01INM667S,exports_yoy_pct,India Exports YoY,FRED/OECD Main Economic Indicators,yoy_pct,9.708374399968767,,0.2,548,,68.33333333333333,,
2022-12-01,37121270000.0,XTEXVA01INM667S,exports_yoy_pct,India Exports YoY,FRED/OECD Main Economic Indicators,yoy_pct,-1.6297839559744731,,0.2,548,,32.5,,
2023-01-01,36456190000.0,XTEXVA01INM667S,exports_yoy_pct,India Exports YoY,FRED/OECD Main Economic Indicators,yoy_pct,0.07788003783921749,,0.2,548,,40.0,,
2023-02-01,37254260000.0,XTEXVA01INM667S,exports_yoy_pct,India Exports YoY,FRED/OECD Main Economic Indicators,yoy_pct,-0.576404100961192,,0.2,548,,37.5,,
2023-03-01,35858590000.0,XTEXVA01INM667S,exports_yoy_pct,India Exports YoY,FRED/OECD Main Economic Indicators,yoy_pct,-5.876913344821388,,0.2,548,,21.666666666666668,,
2023-04-01,35527020000.0,XTEXVA01INM667S,exports_yoy_pct,India Exports YoY,FRED/OECD Main Economic Indicators,yoy_pct,-11.652524828518661,,0.2,548,,13.333333333333334,,
2023-05-01,34191410000.0,XTEXVA01INM667S,exports_yoy_pct,India Exports YoY,FRED/OECD Main Economic Indicators,yoy_pct,-11.740734449947265,,0.2,548,,12.5,,
2023-06-01,34546820000.0,XTEXVA01INM667S,exports_yoy_pct,India Exports YoY,FRED/OECD Main Economic Indicators,yoy_pct,-18.759872289581047,,0.2,548,,6.666666666666667,,
2023-07-01,35925530000.0,XTEXVA01INM667S,exports_yoy_pct,India Exports YoY,FRED/OECD Main Economic Indicators,yoy_pct,-9.904468797813559,,0.2,548,,17.5,,
2023-08-01,39002620000.0,XTEXVA01INM667S,exports_yoy_pct,India Exports YoY,FRED/OECD Main Economic Indicators,yoy_pct,3.476332440224539,,0.2,548,,56.666666666666664,,
2023-09-01,34820490000.0,XTEXVA01INM667S,exports_yoy_pct,India Exports YoY,FRED/OECD Main Economic Indicators,yoy_pct,-1.1002091863036245,,0.2,548,,38.333333333333336,,
2023-10-01,34796890000.0,XTEXVA01INM667S,exports_yoy_pct,India Exports YoY,FRED/OECD Main Economic Indicators,yoy_pct,4.292374437093049,,0.2,548,,61.66666666666667,,
2023-11-01,35866170000.0,XTEXVA01INM667S,exports_yoy_pct,India Exports YoY,FRED/OECD Main Economic Indicators,yoy_pct,-3.325869735555753,,0.2,548,,31.666666666666664,,
2023-12-01,37968140000.0,XTEXVA01INM667S,exports_yoy_pct,India Exports YoY,FRED/OECD Main Economic Indicators,yoy_pct,2.281360524572573,,0.2,548,,52.5,,
2024-01-01,37434170000.0,XTEXVA01INM667S,exports_yoy_pct,India Exports YoY,FRED/OECD Main Economic Indicators,yoy_pct,2.6826171358005357,,0.2,548,,55.00000000000001,,
2024-02-01,39860020000.0,XTEXVA01INM667S,exports_yoy_pct,India Exports YoY,FRED/OECD Main Economic Indicators,yoy_pct,6.994528947830392,,0.2,548,,68.33333333333333,,
2024-03-01,36698670000.0,XTEXVA01INM667S,exports_yoy_pct,India Exports YoY,FRED/OECD Main Economic Indicators,yoy_pct,2.342758039287096,,0.2,548,,53.333333333333336,,
2024-04-01,39584430000.0,XTEXVA01INM667S,exports_yoy_pct,India Exports YoY,FRED/OECD Main Economic Indicators,yoy_pct,11.42063139548435,,0.2,548,,75.0,,
2024-05-01,37903530000.0,XTEXVA01INM667S,exports_yoy_pct,India Exports YoY,FRED/OECD Main Economic Indicators,yoy_pct,10.856878964628836,,0.2,548,,74.16666666666667,,
2024-06-01,36776440000.0,XTEXVA01INM667S,exports_yoy_pct,India Exports YoY,FRED/OECD Main Economic Indicators,yoy_pct,6.45390805868673,,0.2,548,,65.83333333333333,,
2024-07-01,33080750000.0,XTEXVA01INM667S,exports_yoy_pct,India Exports YoY,FRED/OECD Main Economic Indicators,yoy_pct,-7.918547061101123,,0.2,548,,21.666666666666668,,
2024-08-01,34042740000.000004,XTEXVA01INM667S,exports_yoy_pct,India Exports YoY,FRED/OECD Main Economic Indicators,yoy_pct,-12.716786718430706,,0.2,548,,13.333333333333334,,
2024-09-01,34538940000.0,XTEXVA01INM667S,exports_yoy_pct,India Exports YoY,FRED/OECD Main Economic Indicators,yoy_pct,-0.8085756403772626,,0.2,548,,41.66666666666667,,
2024-10-01,39979840000.0,XTEXVA01INM667S,exports_yoy_pct,India Exports YoY,FRED/OECD Main Economic Indicators,yoy_pct,14.894865604368658,,0.2,548,,78.33333333333333,,
2024-11-01,34428190000.0,XTEXVA01INM667S,exports_yoy_pct,India Exports YoY,FRED/OECD Main Economic Indicators,yoy_pct,-4.009293437241834,,0.2,548,,30.0,,
2024-12-01,36841340000.0,XTEXVA01INM667S,exports_yoy_pct,India Exports YoY,FRED/OECD Main Economic Indicators,yoy_pct,-2.9677513831333324,,0.2,548,,34.166666666666664,,
2025-01-01,36444240000.0,XTEXVA01INM667S,exports_yoy_pct,India Exports YoY,FRED/OECD Main Economic Indicators,yoy_pct,-2.644455586967731,,0.2,548,,35.0,,
2025-02-01,37075700000.0,XTEXVA01INM667S,exports_yoy_pct,India Exports YoY,FRED/OECD Main Economic Indicators,yoy_pct,-6.985244864402973,,0.2,548,,23.333333333333332,,
2025-03-01,37006520000.0,XTEXVA01INM667S,exports_yoy_pct,India Exports YoY,FRED/OECD Main Economic Indicators,yoy_pct,0.8388587379324575,,0.2,548,,48.333333333333336,,
2025-04-01,38044620000.0,XTEXVA01INM667S,exports_yoy_pct,India Exports YoY,FRED/OECD Main Economic Indicators,yoy_pct,-3.8899385440184453,,0.2,548,,29.166666666666668,,
2025-05-01,37977560000.0,XTEXVA01INM667S,exports_yoy_pct,India Exports YoY,FRED/OECD Main Economic Indicators,yoy_pct,0.19531162400969748,,0.2,548,,45.0,,
2025-06-01,35768020000.0,XTEXVA01INM667S,exports_yoy_pct,India Exports YoY,FRED/OECD Main Economic Indicators,yoy_pct,-2.742027232652211,,0.2,548,,32.5,,
2025-07-01,37479320000.0,XTEXVA01INM667S,exports_yoy_pct,India Exports YoY,FRED/OECD Main Economic Indicators,yoy_pct,13.29646395562374,,0.2,548,,75.83333333333333,,
2025-08-01,36544450000.0,XTEXVA01INM667S,exports_yoy_pct,India Exports YoY,FRED/OECD Main Economic Indicators,yoy_pct,7.34873279882875,,0.2,548,,66.66666666666666,,
2025-09-01,36103950000.0,XTEXVA01INM667S,exports_yoy_pct,India Exports YoY,FRED/OECD Main Economic Indicators,yoy_pct,4.531146584116352,,0.2,548,,60.83333333333333,,
2025-10-01,35000710000.0,XTEXVA01INM667S,exports_yoy_pct,India Exports YoY,FRED/OECD Main Economic Indicators,yoy_pct,-12.454101867341139,,0.2,548,,7.5,,
2025-11-01,41396330000.0,XTEXVA01INM667S,exports_yoy_pct,India Exports YoY,FRED/OECD Main Economic Indicators,yoy_pct,20.23963502002284,,0.2,548,,83.33333333333334,,
2025-12-01,36722970000.0,XTEXVA01INM667S,exports_yoy_pct,India Exports YoY,FRED/OECD Main Economic Indicators,yoy_pct,-0.3212966737909051,,0.2,548,,39.166666666666664,,
2026-01-01,37128270000.0,XTEXVA01INM667S,exports_yoy_pct,India Exports YoY,FRED/OECD Main Economic Indicators,yoy_pct,1.8769221144411263,,0.2,548,,47.5,,
2026-02-01,36780740000.0,XTEXVA01INM667S,exports_yoy_pct,India Exports YoY,FRED/OECD Main Economic Indicators,yoy_pct,-0.7955615133362293,,0.2,548,,35.0,,
2026-03-01,33745550000.0,XTEXVA01INM667S,exports_yoy_pct,India Exports YoY,FRED/OECD Main Economic Indicators,yoy_pct,-8.811879636345166,,0.2,548,,11.666666666666666,,
2026-04-01,43281810000.0,XTEXVA01INM667S,exports_yoy_pct,India Exports YoY,FRED/OECD Main Economic Indicators,yoy_pct,13.765914865229313,,0.2,548,,75.83333333333333,,
1968-01-01,6.0,IRSTCI01INM156N,short_rate_pct,India Short-Term Interest Rate,FRED/OECD Main Economic Indicators,level,6.0,,0.1,548,,,,
1968-02-01,6.0,IRSTCI01INM156N,short_rate_pct,India Short-Term Interest Rate,FRED/OECD Main Economic Indicators,level,6.0,,0.1,548,,,,
1968-03-01,5.0,IRSTCI01INM156N,short_rate_pct,India Short-Term Interest Rate,FRED/OECD Main Economic Indicators,level,5.0,,0.1,548,,,,
1968-04-01,5.0,IRSTCI01INM156N,short_rate_pct,India Short-Term Interest Rate,FRED/OECD Main Economic Indicators,level,5.0,,0.1,548,,,,
1968-05-01,5.0,IRSTCI01INM156N,short_rate_pct,India Short-Term Interest Rate,FRED/OECD Main Economic Indicators,level,5.0,,0.1,548,,,,
1968-06-01,5.0,IRSTCI01INM156N,short_rate_pct,India Short-Term Interest Rate,FRED/OECD Main Economic Indicators,level,5.0,,0.1,548,,,,
1968-07-01,5.0,IRSTCI01INM156N,short_rate_pct,India Short-Term Interest Rate,FRED/OECD Main Economic Indicators,level,5.0,,0.1,548,,,,
1968-08-01,5.0,IRSTCI01INM156N,short_rate_pct,India Short-Term Interest Rate,FRED/OECD Main Economic Indicators,level,5.0,,0.1,548,,,,
1968-09-01,5.0,IRSTCI01INM156N,short_rate_pct,India Short-Term Interest Rate,FRED/OECD Main Economic Indicators,level,5.0,,0.1,548,,,,
1968-10-01,5.0,IRSTCI01INM156N,short_rate_pct,India Short-Term Interest Rate,FRED/OECD Main Economic Indicators,level,5.0,,0.1,548,,,,
1968-11-01,5.0,IRSTCI01INM156N,short_rate_pct,India Short-Term Interest Rate,FRED/OECD Main Economic Indicators,level,5.0,,0.1,548,,,,
1968-12-01,5.0,IRSTCI01INM156N,short_rate_pct,India Short-Term Interest Rate,FRED/OECD Main Economic Indicators,level,5.0,,0.1,548,,,,
1969-01-01,5.0,IRSTCI01INM156N,short_rate_pct,India Short-Term Interest Rate,FRED/OECD Main Economic Indicators,level,5.0,,0.1,548,,,,
1969-02-01,5.0,IRSTCI01INM156N,short_rate_pct,India Short-Term Interest Rate,FRED/OECD Main Economic Indicators,level,5.0,,0.1,548,,,,
1969-03-01,5.0,IRSTCI01INM156N,short_rate_pct,India Short-Term Interest Rate,FRED/OECD Main Economic Indicators,level,5.0,,0.1,548,,,,
1969-04-01,5.0,IRSTCI01INM156N,short_rate_pct,India Short-Term Interest Rate,FRED/OECD Main Economic Indicators,level,5.0,,0.1,548,,,,
1969-05-01,5.0,IRSTCI01INM156N,short_rate_pct,India Short-Term Interest Rate,FRED/OECD Main Economic Indicators,level,5.0,,0.1,548,,,,
1969-06-01,5.0,IRSTCI01INM156N,short_rate_pct,India Short-Term Interest Rate,FRED/OECD Main Economic Indicators,level,5.0,,0.1,548,,,,
1969-07-01,5.0,IRSTCI01INM156N,short_rate_pct,India Short-Term Interest Rate,FRED/OECD Main Economic Indicators,level,5.0,,0.1,548,,,,
1969-08-01,5.0,IRSTCI01INM156N,short_rate_pct,India Short-Term Interest Rate,FRED/OECD Main Economic Indicators,level,5.0,,0.1,548,,,,
1969-09-01,5.0,IRSTCI01INM156N,short_rate_pct,India Short-Term Interest Rate,FRED/OECD Main Economic Indicators,level,5.0,,0.1,548,,,,
1969-10-01,5.0,IRSTCI01INM156N,short_rate_pct,India Short-Term Interest Rate,FRED/OECD Main Economic Indicators,level,5.0,,0.1,548,,,,
1969-11-01,5.0,IRSTCI01INM156N,short_rate_pct,India Short-Term Interest Rate,FRED/OECD Main Economic Indicators,level,5.0,,0.1,548,,,,
1969-12-01,5.0,IRSTCI01INM156N,short_rate_pct,India Short-Term Interest Rate,FRED/OECD Main Economic Indicators,level,5.0,,0.1,548,,,8.333333333333343,
1970-01-01,5.0,IRSTCI01INM156N,short_rate_pct,India Short-Term Interest Rate,FRED/OECD Main Economic Indicators,level,5.0,,0.1,548,,,8.0,
1970-02-01,5.0,IRSTCI01INM156N,short_rate_pct,India Short-Term Interest Rate,FRED/OECD Main Economic Indicators,level,5.0,,0.1,548,,,7.692307692307693,
1970-03-01,5.0,IRSTCI01INM156N,short_rate_pct,India Short-Term Interest Rate,FRED/OECD Main Economic Indicators,level,5.0,,0.1,548,,,7.407407407407405,
1970-04-01,5.0,IRSTCI01INM156N,short_rate_pct,India Short-Term Interest Rate,FRED/OECD Main Economic Indicators,level,5.0,,0.1,548,,,7.142857142857139,
1970-05-01,5.0,IRSTCI01INM156N,short_rate_pct,India Short-Term Interest Rate,FRED/OECD Main Economic Indicators,level,5.0,,0.1,548,,,6.896551724137936,
1970-06-01,5.0,IRSTCI01INM156N,short_rate_pct,India Short-Term Interest Rate,FRED/OECD Main Economic Indicators,level,5.0,,0.1,548,,,6.666666666666671,
1970-07-01,5.0,IRSTCI01INM156N,short_rate_pct,India Short-Term Interest Rate,FRED/OECD Main Economic Indicators,level,5.0,,0.1,548,,,6.451612903225808,
1970-08-01,5.0,IRSTCI01INM156N,short_rate_pct,India Short-Term Interest Rate,FRED/OECD Main Economic Indicators,level,5.0,,0.1,548,,,6.25,
1970-09-01,5.0,IRSTCI01INM156N,short_rate_pct,India Short-Term Interest Rate,FRED/OECD Main Economic Indicators,level,5.0,,0.1,548,,,6.060606060606062,
1970-10-01,5.0,IRSTCI01INM156N,short_rate_pct,India Short-Term Interest Rate,FRED/OECD Main Economic Indicators,level,5.0,,0.1,548,,,5.882352941176478,
1970-11-01,5.0,IRSTCI01INM156N,short_rate_pct,India Short-Term Interest Rate,FRED/OECD Main Economic Indicators,level,5.0,,0.1,548,,,5.714285714285722,
1970-12-01,5.0,IRSTCI01INM156N,short_rate_pct,India Short-Term Interest Rate,FRED/OECD Main Economic Indicators,level,5.0,,0.1,548,,,5.555555555555557,
1971-01-01,6.0,IRSTCI01INM156N,short_rate_pct,India Short-Term Interest Rate,FRED/OECD Main Economic Indicators,level,6.0,,0.1,548,,,0.0,
1971-02-01,6.0,IRSTCI01INM156N,short_rate_pct,India Short-Term Interest Rate,FRED/OECD Main Economic Indicators,level,6.0,,0.1,548,,,0.0,
1971-03-01,6.0,IRSTCI01INM156N,short_rate_pct,India Short-Term Interest Rate,FRED/OECD Main Economic Indicators,level,6.0,,0.1,548,,,0.0,
1971-04-01,6.0,IRSTCI01INM156N,short_rate_pct,India Short-Term Interest Rate,FRED/OECD Main Economic Indicators,level,6.0,,0.1,548,,,0.0,
1971-05-01,6.0,IRSTCI01INM156N,short_rate_pct,India Short-Term Interest Rate,FRED/OECD Main Economic Indicators,level,6.0,,0.1,548,,,0.0,
1971-06-01,6.0,IRSTCI01INM156N,short_rate_pct,India Short-Term Interest Rate,FRED/OECD Main Economic Indicators,level,6.0,,0.1,548,,,0.0,
1971-07-01,6.0,IRSTCI01INM156N,short_rate_pct,India Short-Term Interest Rate,FRED/OECD Main Economic Indicators,level,6.0,,0.1,548,,,0.0,
1971-08-01,6.0,IRSTCI01INM156N,short_rate_pct,India Short-Term Interest Rate,FRED/OECD Main Economic Indicators,level,6.0,,0.1,548,,,0.0,
1971-09-01,6.0,IRSTCI01INM156N,short_rate_pct,India Short-Term Interest Rate,FRED/OECD Main Economic Indicators,level,6.0,,0.1,548,,,0.0,
1971-10-01,6.0,IRSTCI01INM156N,short_rate_pct,India Short-Term Interest Rate,FRED/OECD Main Economic Indicators,level,6.0,,0.1,548,,,0.0,
1971-11-01,6.0,IRSTCI01INM156N,short_rate_pct,India Short-Term Interest Rate,FRED/OECD Main Economic Indicators,level,6.0,,0.1,548,,,0.0,
1971-12-01,6.0,IRSTCI01INM156N,short_rate_pct,India Short-Term Interest Rate,FRED/OECD Main Economic Indicators,level,6.0,,0.1,548,,,0.0,
1972-01-01,6.0,IRSTCI01INM156N,short_rate_pct,India Short-Term Interest Rate,FRED/OECD Main Economic Indicators,level,6.0,,0.1,548,,,0.0,
1972-02-01,6.0,IRSTCI01INM156N,short_rate_pct,India Short-Term Interest Rate,FRED/OECD Main Economic Indicators,level,6.0,,0.1,548,,,0.0,
1972-03-01,6.0,IRSTCI01INM156N,short_rate_pct,India Short-Term Interest Rate,FRED/OECD Main Economic Indicators,level,6.0,,0.1,548,,,0.0,
1972-04-01,6.0,IRSTCI01INM156N,short_rate_pct,India Short-Term Interest Rate,FRED/OECD Main Economic Indicators,level,6.0,,0.1,548,,,0.0,
1972-05-01,6.0,IRSTCI01INM156N,short_rate_pct,India Short-Term Interest Rate,FRED/OECD Main Economic Indicators,level,6.0,,0.1,548,,,0.0,
1972-06-01,6.0,IRSTCI01INM156N,short_rate_pct,India Short-Term Interest Rate,FRED/OECD Main Economic Indicators,level,6.0,,0.1,548,,,0.0,
1972-07-01,6.0,IRSTCI01INM156N,short_rate_pct,India Short-Term Interest Rate,FRED/OECD Main Economic Indicators,level,6.0,,0.1,548,,,0.0,
1972-08-01,6.0,IRSTCI01INM156N,short_rate_pct,India Short-Term Interest Rate,FRED/OECD Main Economic Indicators,level,6.0,,0.1,548,,,0.0,
1972-09-01,6.0,IRSTCI01INM156N,short_rate_pct,India Short-Term Interest Rate,FRED/OECD Main Economic Indicators,level,6.0,,0.1,548,,,0.0,
1972-10-01,6.0,IRSTCI01INM156N,short_rate_pct,India Short-Term Interest Rate,FRED/OECD Main Economic Indicators,level,6.0,,0.1,548,,,0.0,
1972-11-01,6.0,IRSTCI01INM156N,short_rate_pct,India Short-Term Interest Rate,FRED/OECD Main Economic Indicators,level,6.0,,0.1,548,,,0.0,
1972-12-01,6.0,IRSTCI01INM156N,short_rate_pct,India Short-Term Interest Rate,FRED/OECD Main Economic Indicators,level,6.0,,0.1,548,,,0.0,
1973-01-01,6.0,IRSTCI01INM156N,short_rate_pct,India Short-Term Interest Rate,FRED/OECD Main Economic Indicators,level,6.0,,0.1,548,,,0.0,
1973-02-01,6.0,IRSTCI01INM156N,short_rate_pct,India Short-Term Interest Rate,FRED/OECD Main Economic Indicators,level,6.0,,0.1,548,,,0.0,
1973-03-01,6.0,IRSTCI01INM156N,short_rate_pct,India Short-Term Interest Rate,FRED/OECD Main Economic Indicators,level,6.0,,0.1,548,,,0.0,
1973-04-01,6.0,IRSTCI01INM156N,short_rate_pct,India Short-Term Interest Rate,FRED/OECD Main Economic Indicators,level,6.0,,0.1,548,,,0.0,
1973-05-01,7.0,IRSTCI01INM156N,short_rate_pct,India Short-Term Interest Rate,FRED/OECD Main Economic Indicators,level,7.0,,0.1,548,,,0.0,
1973-06-01,7.0,IRSTCI01INM156N,short_rate_pct,India Short-Term Interest Rate,FRED/OECD Main Economic Indicators,level,7.0,,0.1,548,,,0.0,
1973-07-01,7.0,IRSTCI01INM156N,short_rate_pct,India Short-Term Interest Rate,FRED/OECD Main Economic Indicators,level,7.0,,0.1,548,,,0.0,
1973-08-01,7.0,IRSTCI01INM156N,short_rate_pct,India Short-Term Interest Rate,FRED/OECD Main Economic Indicators,level,7.0,,0.1,548,,,0.0,
1973-09-01,7.0,IRSTCI01INM156N,short_rate_pct,India Short-Term Interest Rate,FRED/OECD Main Economic Indicators,level,7.0,,0.1,548,,,0.0,
1973-10-01,7.0,IRSTCI01INM156N,short_rate_pct,India Short-Term Interest Rate,FRED/OECD Main Economic Indicators,level,7.0,,0.1,548,,,0.0,
1973-11-01,7.0,IRSTCI01INM156N,short_rate_pct,India Short-Term Interest Rate,FRED/OECD Main Economic Indicators,level,7.0,,0.1,548,,,0.0,
1973-12-01,7.0,IRSTCI01INM156N,short_rate_pct,India Short-Term Interest Rate,FRED/OECD Main Economic Indicators,level,7.0,,0.1,548,,,0.0,
1974-01-01,7.0,IRSTCI01INM156N,short_rate_pct,India Short-Term Interest Rate,FRED/OECD Main Economic Indicators,level,7.0,,0.1,548,,,0.0,
1974-02-01,7.0,IRSTCI01INM156N,short_rate_pct,India Short-Term Interest Rate,FRED/OECD Main Economic Indicators,level,7.0,,0.1,548,,,0.0,
1974-03-01,7.0,IRSTCI01INM156N,short_rate_pct,India Short-Term Interest Rate,FRED/OECD Main Economic Indicators,level,7.0,,0.1,548,,,0.0,
1974-04-01,7.0,IRSTCI01INM156N,short_rate_pct,India Short-Term Interest Rate,FRED/OECD Main Economic Indicators,level,7.0,,0.1,548,,,0.0,
1974-05-01,7.0,IRSTCI01INM156N,short_rate_pct,India Short-Term Interest Rate,FRED/OECD Main Economic Indicators,level,7.0,,0.1,548,,,0.0,
1974-06-01,7.0,IRSTCI01INM156N,short_rate_pct,India Short-Term Interest Rate,FRED/OECD Main Economic Indicators,level,7.0,,0.1,548,,,0.0,
1974-07-01,9.0,IRSTCI01INM156N,short_rate_pct,India Short-Term Interest Rate,FRED/OECD Main Economic Indicators,level,9.0,,0.1,548,,,0.0,
1974-08-01,9.0,IRSTCI01INM156N,short_rate_pct,India Short-Term Interest Rate,FRED/OECD Main Economic Indicators,level,9.0,,0.1,548,,,0.0,
1974-09-01,9.0,IRSTCI01INM156N,short_rate_pct,India Short-Term Interest Rate,FRED/OECD Main Economic Indicators,level,9.0,,0.1,548,,,0.0,
1974-10-01,9.0,IRSTCI01INM156N,short_rate_pct,India Short-Term Interest Rate,FRED/OECD Main Economic Indicators,level,9.0,,0.1,548,,,0.0,
1974-11-01,9.0,IRSTCI01INM156N,short_rate_pct,India Short-Term Interest Rate,FRED/OECD Main Economic Indicators,level,9.0,,0.1,548,,,0.0,
1974-12-01,9.0,IRSTCI01INM156N,short_rate_pct,India Short-Term Interest Rate,FRED/OECD Main Economic Indicators,level,9.0,,0.1,548,,,0.0,
1975-01-01,9.0,IRSTCI01INM156N,short_rate_pct,India Short-Term Interest Rate,FRED/OECD Main Economic Indicators,level,9.0,,0.1,548,,,0.0,
1975-02-01,9.0,IRSTCI01INM156N,short_rate_pct,India Short-Term Interest Rate,FRED/OECD Main Economic Indicators,level,9.0,,0.1,548,,,0.0,
1975-03-01,9.0,IRSTCI01INM156N,short_rate_pct,India Short-Term Interest Rate,FRED/OECD Main Economic Indicators,level,9.0,,0.1,548,,,0.0,
1975-04-01,9.0,IRSTCI01INM156N,short_rate_pct,India Short-Term Interest Rate,FRED/OECD Main Economic Indicators,level,9.0,,0.1,548,,,0.0,
1975-05-01,9.0,IRSTCI01INM156N,short_rate_pct,India Short-Term Interest Rate,FRED/OECD Main Economic Indicators,level,9.0,,0.1,548,,,0.0,
1975-06-01,9.0,IRSTCI01INM156N,short_rate_pct,India Short-Term Interest Rate,FRED/OECD Main Economic Indicators,level,9.0,,0.1,548,,,0.0,
1975-07-01,9.0,IRSTCI01INM156N,short_rate_pct,India Short-Term Interest Rate,FRED/OECD Main Economic Indicators,level,9.0,,0.1,548,,,0.0,
1975-08-01,9.0,IRSTCI01INM156N,short_rate_pct,India Short-Term Interest Rate,FRED/OECD Main Economic Indicators,level,9.0,,0.1,548,,,0.0,
1975-09-01,9.0,IRSTCI01INM156N,short_rate_pct,India Short-Term Interest Rate,FRED/OECD Main Economic Indicators,level,9.0,,0.1,548,,,0.0,
1975-10-01,9.0,IRSTCI01INM156N,short_rate_pct,India Short-Term Interest Rate,FRED/OECD Main Economic Indicators,level,9.0,,0.1,548,,,0.0,
1975-11-01,9.0,IRSTCI01INM156N,short_rate_pct,India Short-Term Interest Rate,FRED/OECD Main Economic Indicators,level,9.0,,0.1,548,,,0.0,
1975-12-01,9.0,IRSTCI01INM156N,short_rate_pct,India Short-Term Interest Rate,FRED/OECD Main Economic Indicators,level,9.0,,0.1,548,,,0.0,
1976-01-01,9.0,IRSTCI01INM156N,short_rate_pct,India Short-Term Interest Rate,FRED/OECD Main Economic Indicators,level,9.0,,0.1,548,,,0.0,
1976-02-01,9.0,IRSTCI01INM156N,short_rate_pct,India Short-Term Interest Rate,FRED/OECD Main Economic Indicators,level,9.0,,0.1,548,,,0.0,
1976-03-01,9.0,IRSTCI01INM156N,short_rate_pct,India Short-Term Interest Rate,FRED/OECD Main Economic Indicators,level,9.0,,0.1,548,,,0.0,
1976-04-01,9.0,IRSTCI01INM156N,short_rate_pct,India Short-Term Interest Rate,FRED/OECD Main Economic Indicators,level,9.0,,0.1,548,,,0.0,
1976-05-01,9.0,IRSTCI01INM156N,short_rate_pct,India Short-Term Interest Rate,FRED/OECD Main Economic Indicators,level,9.0,,0.1,548,,,0.0,
1976-06-01,9.0,IRSTCI01INM156N,short_rate_pct,India Short-Term Interest Rate,FRED/OECD Main Economic Indicators,level,9.0,,0.1,548,,,0.0,
1976-07-01,9.0,IRSTCI01INM156N,short_rate_pct,India Short-Term Interest Rate,FRED/OECD Main Economic Indicators,level,9.0,,0.1,548,,,0.0,
1976-08-01,9.0,IRSTCI01INM156N,short_rate_pct,India Short-Term Interest Rate,FRED/OECD Main Economic Indicators,level,9.0,,0.1,548,,,0.0,
1976-09-01,9.0,IRSTCI01INM156N,short_rate_pct,India Short-Term Interest Rate,FRED/OECD Main Economic Indicators,level,9.0,,0.1,548,,,0.0,
1976-10-01,9.0,IRSTCI01INM156N,short_rate_pct,India Short-Term Interest Rate,FRED/OECD Main Economic Indicators,level,9.0,,0.1,548,,,0.0,
1976-11-01,9.0,IRSTCI01INM156N,short_rate_pct,India Short-Term Interest Rate,FRED/OECD Main Economic Indicators,level,9.0,,0.1,548,,,0.0,
1976-12-01,9.0,IRSTCI01INM156N,short_rate_pct,India Short-Term Interest Rate,FRED/OECD Main Economic Indicators,level,9.0,,0.1,548,,,0.0,
1977-01-01,9.0,IRSTCI01INM156N,short_rate_pct,India Short-Term Interest Rate,FRED/OECD Main Economic Indicators,level,9.0,,0.1,548,,,0.0,
1977-02-01,9.0,IRSTCI01INM156N,short_rate_pct,India Short-Term Interest Rate,FRED/OECD Main Economic Indicators,level,9.0,,0.1,548,,,0.0,
1977-03-01,9.0,IRSTCI01INM156N,short_rate_pct,India Short-Term Interest Rate,FRED/OECD Main Economic Indicators,level,9.0,,0.1,548,,,0.0,
1977-04-01,9.0,IRSTCI01INM156N,short_rate_pct,India Short-Term Interest Rate,FRED/OECD Main Economic Indicators,level,9.0,,0.1,548,,,0.0,
1977-05-01,9.0,IRSTCI01INM156N,short_rate_pct,India Short-Term Interest Rate,FRED/OECD Main Economic Indicators,level,9.0,,0.1,548,,,0.0,
1977-06-01,9.0,IRSTCI01INM156N,short_rate_pct,India Short-Term Interest Rate,FRED/OECD Main Economic Indicators,level,9.0,,0.1,548,,,0.0,
1977-07-01,9.0,IRSTCI01INM156N,short_rate_pct,India Short-Term Interest Rate,FRED/OECD Main Economic Indicators,level,9.0,,0.1,548,,,0.0,
1977-08-01,9.0,IRSTCI01INM156N,short_rate_pct,India Short-Term Interest Rate,FRED/OECD Main Economic Indicators,level,9.0,,0.1,548,,,0.0,
1977-09-01,9.0,IRSTCI01INM156N,short_rate_pct,India Short-Term Interest Rate,FRED/OECD Main Economic Indicators,level,9.0,,0.1,548,,,0.0,
1977-10-01,9.0,IRSTCI01INM156N,short_rate_pct,India Short-Term Interest Rate,FRED/OECD Main Economic Indicators,level,9.0,,0.1,548,,,0.0,
1977-11-01,9.0,IRSTCI01INM156N,short_rate_pct,India Short-Term Interest Rate,FRED/OECD Main Economic Indicators,level,9.0,,0.1,548,,,0.0,
1977-12-01,9.0,IRSTCI01INM156N,short_rate_pct,India Short-Term Interest Rate,FRED/OECD Main Economic Indicators,level,9.0,,0.1,548,,,0.0,
1978-01-01,9.0,IRSTCI01INM156N,short_rate_pct,India Short-Term Interest Rate,FRED/OECD Main Economic Indicators,level,9.0,,0.1,548,,,0.0,
1978-02-01,9.0,IRSTCI01INM156N,short_rate_pct,India Short-Term Interest Rate,FRED/OECD Main Economic Indicators,level,9.0,,0.1,548,,,0.0,
1978-03-01,9.0,IRSTCI01INM156N,short_rate_pct,India Short-Term Interest Rate,FRED/OECD Main Economic Indicators,level,9.0,,0.1,548,,,0.0,
1978-04-01,9.0,IRSTCI01INM156N,short_rate_pct,India Short-Term Interest Rate,FRED/OECD Main Economic Indicators,level,9.0,,0.1,548,,,0.0,
1978-05-01,9.0,IRSTCI01INM156N,short_rate_pct,India Short-Term Interest Rate,FRED/OECD Main Economic Indicators,level,9.0,,0.1,548,,,0.0,
1978-06-01,9.0,IRSTCI01INM156N,short_rate_pct,India Short-Term Interest Rate,FRED/OECD Main Economic Indicators,level,9.0,,0.1,548,,,0.0,
1978-07-01,9.0,IRSTCI01INM156N,short_rate_pct,India Short-Term Interest Rate,FRED/OECD Main Economic Indicators,level,9.0,,0.1,548,,,0.0,
1978-08-01,9.0,IRSTCI01INM156N,short_rate_pct,India Short-Term Interest Rate,FRED/OECD Main Economic Indicators,level,9.0,,0.1,548,,,0.0,
1978-09-01,9.0,IRSTCI01INM156N,short_rate_pct,India Short-Term Interest Rate,FRED/OECD Main Economic Indicators,level,9.0,,0.1,548,,,0.0,
1978-10-01,9.0,IRSTCI01INM156N,short_rate_pct,India Short-Term Interest Rate,FRED/OECD Main Economic Indicators,level,9.0,,0.1,548,,,0.0,
1978-11-01,9.0,IRSTCI01INM156N,short_rate_pct,India Short-Term Interest Rate,FRED/OECD Main Economic Indicators,level,9.0,,0.1,548,,,0.0,
1978-12-01,9.0,IRSTCI01INM156N,short_rate_pct,India Short-Term Interest Rate,FRED/OECD Main Economic Indicators,level,9.0,,0.1,548,,,0.0,
1979-01-01,9.0,IRSTCI01INM156N,short_rate_pct,India Short-Term Interest Rate,FRED/OECD Main Economic Indicators,level,9.0,,0.1,548,,,0.0,
1979-02-01,9.0,IRSTCI01INM156N,short_rate_pct,India Short-Term Interest Rate,FRED/OECD Main Economic Indicators,level,9.0,,0.1,548,,,0.0,
1979-03-01,9.0,IRSTCI01INM156N,short_rate_pct,India Short-Term Interest Rate,FRED/OECD Main Economic Indicators,level,9.0,,0.1,548,,,0.0,
1979-04-01,9.0,IRSTCI01INM156N,short_rate_pct,India Short-Term Interest Rate,FRED/OECD Main Economic Indicators,level,9.0,,0.1,548,,,0.0,
1979-05-01,9.0,IRSTCI01INM156N,short_rate_pct,India Short-Term Interest Rate,FRED/OECD Main Economic Indicators,level,9.0,,0.1,548,,,0.0,
1979-06-01,9.0,IRSTCI01INM156N,short_rate_pct,India Short-Term Interest Rate,FRED/OECD Main Economic Indicators,level,9.0,,0.1,548,,,0.0,
1979-07-01,9.0,IRSTCI01INM156N,short_rate_pct,India Short-Term Interest Rate,FRED/OECD Main Economic Indicators,level,9.0,,0.1,548,,,0.0,
1979-08-01,9.0,IRSTCI01INM156N,short_rate_pct,India Short-Term Interest Rate,FRED/OECD Main Economic Indicators,level,9.0,,0.1,548,,,0.0,
1979-09-01,9.0,IRSTCI01INM156N,short_rate_pct,India Short-Term Interest Rate,FRED/OECD Main Economic Indicators,level,9.0,,0.1,548,,,0.0,
1979-10-01,9.0,IRSTCI01INM156N,short_rate_pct,India Short-Term Interest Rate,FRED/OECD Main Economic Indicators,level,9.0,,0.1,548,,,0.0,
1979-11-01,9.0,IRSTCI01INM156N,short_rate_pct,India Short-Term Interest Rate,FRED/OECD Main Economic Indicators,level,9.0,,0.1,548,,,0.0,
1979-12-01,9.0,IRSTCI01INM156N,short_rate_pct,India Short-Term Interest Rate,FRED/OECD Main Economic Indicators,level,9.0,,0.1,548,,,0.0,
1980-01-01,9.0,IRSTCI01INM156N,short_rate_pct,India Short-Term Interest Rate,FRED/OECD Main Economic Indicators,level,9.0,,0.1,548,,,0.0,
1980-02-01,9.0,IRSTCI01INM156N,short_rate_pct,India Short-Term Interest Rate,FRED/OECD Main Economic Indicators,level,9.0,,0.1,548,,,0.0,
1980-03-01,9.0,IRSTCI01INM156N,short_rate_pct,India Short-Term Interest Rate,FRED/OECD Main Economic Indicators,level,9.0,,0.1,548,,,0.0,
1980-04-01,9.0,IRSTCI01INM156N,short_rate_pct,India Short-Term Interest Rate,FRED/OECD Main Economic Indicators,level,9.0,,0.1,548,,,0.0,
1980-05-01,9.0,IRSTCI01INM156N,short_rate_pct,India Short-Term Interest Rate,FRED/OECD Main Economic Indicators,level,9.0,,0.1,548,,,0.0,
1980-06-01,9.0,IRSTCI01INM156N,short_rate_pct,India Short-Term Interest Rate,FRED/OECD Main Economic Indicators,level,9.0,,0.1,548,,,0.0,
1980-07-01,9.0,IRSTCI01INM156N,short_rate_pct,India Short-Term Interest Rate,FRED/OECD Main Economic Indicators,level,9.0,,0.1,548,,,0.0,
1980-08-01,9.0,IRSTCI01INM156N,short_rate_pct,India Short-Term Interest Rate,FRED/OECD Main Economic Indicators,level,9.0,,0.1,548,,,0.0,
1980-09-01,9.0,IRSTCI01INM156N,short_rate_pct,India Short-Term Interest Rate,FRED/OECD Main Economic Indicators,level,9.0,,0.1,548,,,0.0,
1980-10-01,9.0,IRSTCI01INM156N,short_rate_pct,India Short-Term Interest Rate,FRED/OECD Main Economic Indicators,level,9.0,,0.1,548,,,0.0,
1980-11-01,9.0,IRSTCI01INM156N,short_rate_pct,India Short-Term Interest Rate,FRED/OECD Main Economic Indicators,level,9.0,,0.1,548,,,0.0,
1980-12-01,9.0,IRSTCI01INM156N,short_rate_pct,India Short-Term Interest Rate,FRED/OECD Main Economic Indicators,level,9.0,,0.1,548,,,0.0,
1981-01-01,9.0,IRSTCI01INM156N,short_rate_pct,India Short-Term Interest Rate,FRED/OECD Main Economic Indicators,level,9.0,,0.1,548,,,0.0,
1981-02-01,9.0,IRSTCI01INM156N,short_rate_pct,India Short-Term Interest Rate,FRED/OECD Main Economic Indicators,level,9.0,,0.1,548,,,0.0,
1981-03-01,9.0,IRSTCI01INM156N,short_rate_pct,India Short-Term Interest Rate,FRED/OECD Main Economic Indicators,level,9.0,,0.1,548,,,0.0,
1981-04-01,9.0,IRSTCI01INM156N,short_rate_pct,India Short-Term Interest Rate,FRED/OECD Main Economic Indicators,level,9.0,,0.1,548,,,0.0,
1981-05-01,9.0,IRSTCI01INM156N,short_rate_pct,India Short-Term Interest Rate,FRED/OECD Main Economic Indicators,level,9.0,,0.1,548,,,0.0,
1981-06-01,9.0,IRSTCI01INM156N,short_rate_pct,India Short-Term Interest Rate,FRED/OECD Main Economic Indicators,level,9.0,,0.1,548,,,0.0,
1981-07-01,10.0,IRSTCI01INM156N,short_rate_pct,India Short-Term Interest Rate,FRED/OECD Main Economic Indicators,level,10.0,,0.1,548,,,0.0,
1981-08-01,10.0,IRSTCI01INM156N,short_rate_pct,India Short-Term Interest Rate,FRED/OECD Main Economic Indicators,level,10.0,,0.1,548,,,0.0,
1981-09-01,10.0,IRSTCI01INM156N,short_rate_pct,India Short-Term Interest Rate,FRED/OECD Main Economic Indicators,level,10.0,,0.1,548,,,0.0,
1981-10-01,10.0,IRSTCI01INM156N,short_rate_pct,India Short-Term Interest Rate,FRED/OECD Main Economic Indicators,level,10.0,,0.1,548,,,0.0,
1981-11-01,10.0,IRSTCI01INM156N,short_rate_pct,India Short-Term Interest Rate,FRED/OECD Main Economic Indicators,level,10.0,,0.1,548,,,0.0,
1981-12-01,10.0,IRSTCI01INM156N,short_rate_pct,India Short-Term Interest Rate,FRED/OECD Main Economic Indicators,level,10.0,,0.1,548,,,0.0,
1982-01-01,10.0,IRSTCI01INM156N,short_rate_pct,India Short-Term Interest Rate,FRED/OECD Main Economic Indicators,level,10.0,,0.1,548,,,0.0,
1982-02-01,10.0,IRSTCI01INM156N,short_rate_pct,India Short-Term Interest Rate,FRED/OECD Main Economic Indicators,level,10.0,,0.1,548,,,0.0,
1982-03-01,10.0,IRSTCI01INM156N,short_rate_pct,India Short-Term Interest Rate,FRED/OECD Main Economic Indicators,level,10.0,,0.1,548,,,0.0,
1982-04-01,10.0,IRSTCI01INM156N,short_rate_pct,India Short-Term Interest Rate,FRED/OECD Main Economic Indicators,level,10.0,,0.1,548,,,0.0,
1982-05-01,10.0,IRSTCI01INM156N,short_rate_pct,India Short-Term Interest Rate,FRED/OECD Main Economic Indicators,level,10.0,,0.1,548,,,0.0,
1982-06-01,10.0,IRSTCI01INM156N,short_rate_pct,India Short-Term Interest Rate,FRED/OECD Main Economic Indicators,level,10.0,,0.1,548,,,0.0,
1982-07-01,10.0,IRSTCI01INM156N,short_rate_pct,India Short-Term Interest Rate,FRED/OECD Main Economic Indicators,level,10.0,,0.1,548,,,0.0,
1982-08-01,10.0,IRSTCI01INM156N,short_rate_pct,India Short-Term Interest Rate,FRED/OECD Main Economic Indicators,level,10.0,,0.1,548,,,0.0,
1982-09-01,10.0,IRSTCI01INM156N,short_rate_pct,India Short-Term Interest Rate,FRED/OECD Main Economic Indicators,level,10.0,,0.1,548,,,0.0,
1982-10-01,10.0,IRSTCI01INM156N,short_rate_pct,India Short-Term Interest Rate,FRED/OECD Main Economic Indicators,level,10.0,,0.1,548,,,0.0,
1982-11-01,10.0,IRSTCI01INM156N,short_rate_pct,India Short-Term Interest Rate,FRED/OECD Main Economic Indicators,level,10.0,,0.1,548,,,0.0,
1982-12-01,10.0,IRSTCI01INM156N,short_rate_pct,India Short-Term Interest Rate,FRED/OECD Main Economic Indicators,level,10.0,,0.1,548,,,0.0,
1983-01-01,10.0,IRSTCI01INM156N,short_rate_pct,India Short-Term Interest Rate,FRED/OECD Main Economic Indicators,level,10.0,,0.1,548,,,0.0,
1983-02-01,10.0,IRSTCI01INM156N,short_rate_pct,India Short-Term Interest Rate,FRED/OECD Main Economic Indicators,level,10.0,,0.1,548,,,0.0,
1983-03-01,10.0,IRSTCI01INM156N,short_rate_pct,India Short-Term Interest Rate,FRED/OECD Main Economic Indicators,level,10.0,,0.1,548,,,0.0,
1983-04-01,10.0,IRSTCI01INM156N,short_rate_pct,India Short-Term Interest Rate,FRED/OECD Main Economic Indicators,level,10.0,,0.1,548,,,0.0,
1983-05-01,10.0,IRSTCI01INM156N,short_rate_pct,India Short-Term Interest Rate,FRED/OECD Main Economic Indicators,level,10.0,,0.1,548,,,0.0,
1983-06-01,10.0,IRSTCI01INM156N,short_rate_pct,India Short-Term Interest Rate,FRED/OECD Main Economic Indicators,level,10.0,,0.1,548,,,0.0,
1983-07-01,10.0,IRSTCI01INM156N,short_rate_pct,India Short-Term Interest Rate,FRED/OECD Main Economic Indicators,level,10.0,,0.1,548,,,0.0,
1983-08-01,10.0,IRSTCI01INM156N,short_rate_pct,India Short-Term Interest Rate,FRED/OECD Main Economic Indicators,level,10.0,,0.1,548,,,0.0,
1983-09-01,10.0,IRSTCI01INM156N,short_rate_pct,India Short-Term Interest Rate,FRED/OECD Main Economic Indicators,level,10.0,,0.1,548,,,0.0,
1983-10-01,10.0,IRSTCI01INM156N,short_rate_pct,India Short-Term Interest Rate,FRED/OECD Main Economic Indicators,level,10.0,,0.1,548,,,0.0,
1983-11-01,10.0,IRSTCI01INM156N,short_rate_pct,India Short-Term Interest Rate,FRED/OECD Main Economic Indicators,level,10.0,,0.1,548,,,0.0,
1983-12-01,10.0,IRSTCI01INM156N,short_rate_pct,India Short-Term Interest Rate,FRED/OECD Main Economic Indicators,level,10.0,,0.1,548,,,0.0,
1984-01-01,10.0,IRSTCI01INM156N,short_rate_pct,India Short-Term Interest Rate,FRED/OECD Main Economic Indicators,level,10.0,,0.1,548,,,0.0,
1984-02-01,10.0,IRSTCI01INM156N,short_rate_pct,India Short-Term Interest Rate,FRED/OECD Main Economic Indicators,level,10.0,,0.1,548,,,0.0,
1984-03-01,10.0,IRSTCI01INM156N,short_rate_pct,India Short-Term Interest Rate,FRED/OECD Main Economic Indicators,level,10.0,,0.1,548,,,0.0,
1984-04-01,10.0,IRSTCI01INM156N,short_rate_pct,India Short-Term Interest Rate,FRED/OECD Main Economic Indicators,level,10.0,,0.1,548,,,0.0,
1984-05-01,10.0,IRSTCI01INM156N,short_rate_pct,India Short-Term Interest Rate,FRED/OECD Main Economic Indicators,level,10.0,,0.1,548,,,0.0,
1984-06-01,10.0,IRSTCI01INM156N,short_rate_pct,India Short-Term Interest Rate,FRED/OECD Main Economic Indicators,level,10.0,,0.1,548,,,0.0,
1984-07-01,10.0,IRSTCI01INM156N,short_rate_pct,India Short-Term Interest Rate,FRED/OECD Main Economic Indicators,level,10.0,,0.1,548,,,0.0,
1984-08-01,10.0,IRSTCI01INM156N,short_rate_pct,India Short-Term Interest Rate,FRED/OECD Main Economic Indicators,level,10.0,,0.1,548,,,0.0,
1984-09-01,10.0,IRSTCI01INM156N,short_rate_pct,India Short-Term Interest Rate,FRED/OECD Main Economic Indicators,level,10.0,,0.1,548,,,0.0,
1984-10-01,10.0,IRSTCI01INM156N,short_rate_pct,India Short-Term Interest Rate,FRED/OECD Main Economic Indicators,level,10.0,,0.1,548,,,0.0,
1984-11-01,10.0,IRSTCI01INM156N,short_rate_pct,India Short-Term Interest Rate,FRED/OECD Main Economic Indicators,level,10.0,,0.1,548,,,0.0,
1984-12-01,10.0,IRSTCI01INM156N,short_rate_pct,India Short-Term Interest Rate,FRED/OECD Main Economic Indicators,level,10.0,,0.1,548,,,0.0,
1985-01-01,10.0,IRSTCI01INM156N,short_rate_pct,India Short-Term Interest Rate,FRED/OECD Main Economic Indicators,level,10.0,,0.1,548,,,0.0,
1985-02-01,10.0,IRSTCI01INM156N,short_rate_pct,India Short-Term Interest Rate,FRED/OECD Main Economic Indicators,level,10.0,,0.1,548,,,0.0,
1985-03-01,10.0,IRSTCI01INM156N,short_rate_pct,India Short-Term Interest Rate,FRED/OECD Main Economic Indicators,level,10.0,,0.1,548,,,0.0,
1985-04-01,10.0,IRSTCI01INM156N,short_rate_pct,India Short-Term Interest Rate,FRED/OECD Main Economic Indicators,level,10.0,,0.1,548,,,0.0,
1985-05-01,10.0,IRSTCI01INM156N,short_rate_pct,India Short-Term Interest Rate,FRED/OECD Main Economic Indicators,level,10.0,,0.1,548,,,0.0,
1985-06-01,10.0,IRSTCI01INM156N,short_rate_pct,India Short-Term Interest Rate,FRED/OECD Main Economic Indicators,level,10.0,,0.1,548,,,0.0,
1985-07-01,10.0,IRSTCI01INM156N,short_rate_pct,India Short-Term Interest Rate,FRED/OECD Main Economic Indicators,level,10.0,,0.1,548,,,0.0,
1985-08-01,10.0,IRSTCI01INM156N,short_rate_pct,India Short-Term Interest Rate,FRED/OECD Main Economic Indicators,level,10.0,,0.1,548,,,0.0,
1985-09-01,10.0,IRSTCI01INM156N,short_rate_pct,India Short-Term Interest Rate,FRED/OECD Main Economic Indicators,level,10.0,,0.1,548,,,0.0,
1985-10-01,10.0,IRSTCI01INM156N,short_rate_pct,India Short-Term Interest Rate,FRED/OECD Main Economic Indicators,level,10.0,,0.1,548,,,0.0,
1985-11-01,10.0,IRSTCI01INM156N,short_rate_pct,India Short-Term Interest Rate,FRED/OECD Main Economic Indicators,level,10.0,,0.1,548,,,0.0,
1985-12-01,10.0,IRSTCI01INM156N,short_rate_pct,India Short-Term Interest Rate,FRED/OECD Main Economic Indicators,level,10.0,,0.1,548,,,0.0,
1986-01-01,10.0,IRSTCI01INM156N,short_rate_pct,India Short-Term Interest Rate,FRED/OECD Main Economic Indicators,level,10.0,,0.1,548,,,0.0,
1986-02-01,10.0,IRSTCI01INM156N,short_rate_pct,India Short-Term Interest Rate,FRED/OECD Main Economic Indicators,level,10.0,,0.1,548,,,0.0,
1986-03-01,10.0,IRSTCI01INM156N,short_rate_pct,India Short-Term Interest Rate,FRED/OECD Main Economic Indicators,level,10.0,,0.1,548,,,0.0,
1986-04-01,10.0,IRSTCI01INM156N,short_rate_pct,India Short-Term Interest Rate,FRED/OECD Main Economic Indicators,level,10.0,,0.1,548,,,0.0,
1986-05-01,10.0,IRSTCI01INM156N,short_rate_pct,India Short-Term Interest Rate,FRED/OECD Main Economic Indicators,level,10.0,,0.1,548,,,0.0,
1986-06-01,10.0,IRSTCI01INM156N,short_rate_pct,India Short-Term Interest Rate,FRED/OECD Main Economic Indicators,level,10.0,,0.1,548,,,0.0,
1986-07-01,10.0,IRSTCI01INM156N,short_rate_pct,India Short-Term Interest Rate,FRED/OECD Main Economic Indicators,level,10.0,,0.1,548,,,0.0,
1986-08-01,10.0,IRSTCI01INM156N,short_rate_pct,India Short-Term Interest Rate,FRED/OECD Main Economic Indicators,level,10.0,,0.1,548,,,0.0,
1986-09-01,10.0,IRSTCI01INM156N,short_rate_pct,India Short-Term Interest Rate,FRED/OECD Main Economic Indicators,level,10.0,,0.1,548,,,0.0,
1986-10-01,10.0,IRSTCI01INM156N,short_rate_pct,India Short-Term Interest Rate,FRED/OECD Main Economic Indicators,level,10.0,,0.1,548,,,0.0,
1986-11-01,10.0,IRSTCI01INM156N,short_rate_pct,India Short-Term Interest Rate,FRED/OECD Main Economic Indicators,level,10.0,,0.1,548,,,0.0,
1986-12-01,10.0,IRSTCI01INM156N,short_rate_pct,India Short-Term Interest Rate,FRED/OECD Main Economic Indicators,level,10.0,,0.1,548,,,0.0,
1987-01-01,10.0,IRSTCI01INM156N,short_rate_pct,India Short-Term Interest Rate,FRED/OECD Main Economic Indicators,level,10.0,,0.1,548,,,0.0,
1987-02-01,10.0,IRSTCI01INM156N,short_rate_pct,India Short-Term Interest Rate,FRED/OECD Main Economic Indicators,level,10.0,,0.1,548,,,0.0,
1987-03-01,10.0,IRSTCI01INM156N,short_rate_pct,India Short-Term Interest Rate,FRED/OECD Main Economic Indicators,level,10.0,,0.1,548,,,0.0,
1987-04-01,10.0,IRSTCI01INM156N,short_rate_pct,India Short-Term Interest Rate,FRED/OECD Main Economic Indicators,level,10.0,,0.1,548,,,0.0,
1987-05-01,10.0,IRSTCI01INM156N,short_rate_pct,India Short-Term Interest Rate,FRED/OECD Main Economic Indicators,level,10.0,,0.1,548,,,0.0,
1987-06-01,10.0,IRSTCI01INM156N,short_rate_pct,India Short-Term Interest Rate,FRED/OECD Main Economic Indicators,level,10.0,,0.1,548,,,0.0,
1987-07-01,10.0,IRSTCI01INM156N,short_rate_pct,India Short-Term Interest Rate,FRED/OECD Main Economic Indicators,level,10.0,,0.1,548,,,0.0,
1987-08-01,10.0,IRSTCI01INM156N,short_rate_pct,India Short-Term Interest Rate,FRED/OECD Main Economic Indicators,level,10.0,,0.1,548,,,0.0,
1987-09-01,10.0,IRSTCI01INM156N,short_rate_pct,India Short-Term Interest Rate,FRED/OECD Main Economic Indicators,level,10.0,,0.1,548,,,0.0,
1987-10-01,10.0,IRSTCI01INM156N,short_rate_pct,India Short-Term Interest Rate,FRED/OECD Main Economic Indicators,level,10.0,,0.1,548,,,0.0,
1987-11-01,10.0,IRSTCI01INM156N,short_rate_pct,India Short-Term Interest Rate,FRED/OECD Main Economic Indicators,level,10.0,,0.1,548,,,0.0,
1987-12-01,10.0,IRSTCI01INM156N,short_rate_pct,India Short-Term Interest Rate,FRED/OECD Main Economic Indicators,level,10.0,,0.1,548,,,0.0,
1988-01-01,10.0,IRSTCI01INM156N,short_rate_pct,India Short-Term Interest Rate,FRED/OECD Main Economic Indicators,level,10.0,,0.1,548,,,0.0,
1988-02-01,10.0,IRSTCI01INM156N,short_rate_pct,India Short-Term Interest Rate,FRED/OECD Main Economic Indicators,level,10.0,,0.1,548,,,0.0,
1988-03-01,10.0,IRSTCI01INM156N,short_rate_pct,India Short-Term Interest Rate,FRED/OECD Main Economic Indicators,level,10.0,,0.1,548,,,0.0,
1988-04-01,10.0,IRSTCI01INM156N,short_rate_pct,India Short-Term Interest Rate,FRED/OECD Main Economic Indicators,level,10.0,,0.1,548,,,0.0,
1988-05-01,10.0,IRSTCI01INM156N,short_rate_pct,India Short-Term Interest Rate,FRED/OECD Main Economic Indicators,level,10.0,,0.1,548,,,0.0,
1988-06-01,10.0,IRSTCI01INM156N,short_rate_pct,India Short-Term Interest Rate,FRED/OECD Main Economic Indicators,level,10.0,,0.1,548,,,0.0,
1988-07-01,10.0,IRSTCI01INM156N,short_rate_pct,India Short-Term Interest Rate,FRED/OECD Main Economic Indicators,level,10.0,,0.1,548,,,0.0,
1988-08-01,10.0,IRSTCI01INM156N,short_rate_pct,India Short-Term Interest Rate,FRED/OECD Main Economic Indicators,level,10.0,,0.1,548,,,0.0,
1988-09-01,10.0,IRSTCI01INM156N,short_rate_pct,India Short-Term Interest Rate,FRED/OECD Main Economic Indicators,level,10.0,,0.1,548,,,0.0,
1988-10-01,10.0,IRSTCI01INM156N,short_rate_pct,India Short-Term Interest Rate,FRED/OECD Main Economic Indicators,level,10.0,,0.1,548,,,0.0,
1988-11-01,10.0,IRSTCI01INM156N,short_rate_pct,India Short-Term Interest Rate,FRED/OECD Main Economic Indicators,level,10.0,,0.1,548,,,0.0,
1988-12-01,10.0,IRSTCI01INM156N,short_rate_pct,India Short-Term Interest Rate,FRED/OECD Main Economic Indicators,level,10.0,,0.1,548,,,0.0,
1989-01-01,10.0,IRSTCI01INM156N,short_rate_pct,India Short-Term Interest Rate,FRED/OECD Main Economic Indicators,level,10.0,,0.1,548,,,0.0,
1989-02-01,10.0,IRSTCI01INM156N,short_rate_pct,India Short-Term Interest Rate,FRED/OECD Main Economic Indicators,level,10.0,,0.1,548,,,0.0,
1989-03-01,10.0,IRSTCI01INM156N,short_rate_pct,India Short-Term Interest Rate,FRED/OECD Main Economic Indicators,level,10.0,,0.1,548,,,0.0,
1989-04-01,10.0,IRSTCI01INM156N,short_rate_pct,India Short-Term Interest Rate,FRED/OECD Main Economic Indicators,level,10.0,,0.1,548,,,0.0,
1989-05-01,10.0,IRSTCI01INM156N,short_rate_pct,India Short-Term Interest Rate,FRED/OECD Main Economic Indicators,level,10.0,,0.1,548,,,0.0,
1989-06-01,10.0,IRSTCI01INM156N,short_rate_pct,India Short-Term Interest Rate,FRED/OECD Main Economic Indicators,level,10.0,,0.1,548,,,0.0,
1989-07-01,10.0,IRSTCI01INM156N,short_rate_pct,India Short-Term Interest Rate,FRED/OECD Main Economic Indicators,level,10.0,,0.1,548,,,0.0,
1989-08-01,10.0,IRSTCI01INM156N,short_rate_pct,India Short-Term Interest Rate,FRED/OECD Main Economic Indicators,level,10.0,,0.1,548,,,0.0,
1989-09-01,10.0,IRSTCI01INM156N,short_rate_pct,India Short-Term Interest Rate,FRED/OECD Main Economic Indicators,level,10.0,,0.1,548,,,0.0,
1989-10-01,10.0,IRSTCI01INM156N,short_rate_pct,India Short-Term Interest Rate,FRED/OECD Main Economic Indicators,level,10.0,,0.1,548,,,0.0,
1989-11-01,10.0,IRSTCI01INM156N,short_rate_pct,India Short-Term Interest Rate,FRED/OECD Main Economic Indicators,level,10.0,,0.1,548,,,0.0,
1989-12-01,10.0,IRSTCI01INM156N,short_rate_pct,India Short-Term Interest Rate,FRED/OECD Main Economic Indicators,level,10.0,,0.1,548,,,0.0,
1990-01-01,10.0,IRSTCI01INM156N,short_rate_pct,India Short-Term Interest Rate,FRED/OECD Main Economic Indicators,level,10.0,,0.1,548,,,0.0,
1990-02-01,10.0,IRSTCI01INM156N,short_rate_pct,India Short-Term Interest Rate,FRED/OECD Main Economic Indicators,level,10.0,,0.1,548,,,0.0,
1990-03-01,10.0,IRSTCI01INM156N,short_rate_pct,India Short-Term Interest Rate,FRED/OECD Main Economic Indicators,level,10.0,,0.1,548,,,0.0,
1990-04-01,10.0,IRSTCI01INM156N,short_rate_pct,India Short-Term Interest Rate,FRED/OECD Main Economic Indicators,level,10.0,,0.1,548,,,0.0,
1990-05-01,10.0,IRSTCI01INM156N,short_rate_pct,India Short-Term Interest Rate,FRED/OECD Main Economic Indicators,level,10.0,,0.1,548,,,0.0,
1990-06-01,10.0,IRSTCI01INM156N,short_rate_pct,India Short-Term Interest Rate,FRED/OECD Main Economic Indicators,level,10.0,,0.1,548,,,0.0,
1990-07-01,10.0,IRSTCI01INM156N,short_rate_pct,India Short-Term Interest Rate,FRED/OECD Main Economic Indicators,level,10.0,,0.1,548,,,0.0,
1990-08-01,10.0,IRSTCI01INM156N,short_rate_pct,India Short-Term Interest Rate,FRED/OECD Main Economic Indicators,level,10.0,,0.1,548,,,0.0,
1990-09-01,10.0,IRSTCI01INM156N,short_rate_pct,India Short-Term Interest Rate,FRED/OECD Main Economic Indicators,level,10.0,,0.1,548,,,0.0,
1990-10-01,10.0,IRSTCI01INM156N,short_rate_pct,India Short-Term Interest Rate,FRED/OECD Main Economic Indicators,level,10.0,,0.1,548,,,0.0,
1990-11-01,10.0,IRSTCI01INM156N,short_rate_pct,India Short-Term Interest Rate,FRED/OECD Main Economic Indicators,level,10.0,,0.1,548,,,0.0,
1990-12-01,10.0,IRSTCI01INM156N,short_rate_pct,India Short-Term Interest Rate,FRED/OECD Main Economic Indicators,level,10.0,,0.1,548,,,0.0,
1991-01-01,10.0,IRSTCI01INM156N,short_rate_pct,India Short-Term Interest Rate,FRED/OECD Main Economic Indicators,level,10.0,,0.1,548,,,0.0,
1991-02-01,10.0,IRSTCI01INM156N,short_rate_pct,India Short-Term Interest Rate,FRED/OECD Main Economic Indicators,level,10.0,,0.1,548,,,0.0,
1991-03-01,10.0,IRSTCI01INM156N,short_rate_pct,India Short-Term Interest Rate,FRED/OECD Main Economic Indicators,level,10.0,,0.1,548,,,0.0,
1991-04-01,10.0,IRSTCI01INM156N,short_rate_pct,India Short-Term Interest Rate,FRED/OECD Main Economic Indicators,level,10.0,,0.1,548,,,0.0,
1991-05-01,10.0,IRSTCI01INM156N,short_rate_pct,India Short-Term Interest Rate,FRED/OECD Main Economic Indicators,level,10.0,,0.1,548,,,0.0,
1991-06-01,10.0,IRSTCI01INM156N,short_rate_pct,India Short-Term Interest Rate,FRED/OECD Main Economic Indicators,level,10.0,,0.1,548,,,0.0,
1991-07-01,11.0,IRSTCI01INM156N,short_rate_pct,India Short-Term Interest Rate,FRED/OECD Main Economic Indicators,level,11.0,,0.1,548,,,0.0,
1991-08-01,11.0,IRSTCI01INM156N,short_rate_pct,India Short-Term Interest Rate,FRED/OECD Main Economic Indicators,level,11.0,,0.1,548,,,0.0,
1991-09-01,11.0,IRSTCI01INM156N,short_rate_pct,India Short-Term Interest Rate,FRED/OECD Main Economic Indicators,level,11.0,,0.1,548,,,0.0,
1991-10-01,12.0,IRSTCI01INM156N,short_rate_pct,India Short-Term Interest Rate,FRED/OECD Main Economic Indicators,level,12.0,,0.1,548,,,0.0,
1991-11-01,12.0,IRSTCI01INM156N,short_rate_pct,India Short-Term Interest Rate,FRED/OECD Main Economic Indicators,level,12.0,,0.1,548,,,0.0,
1991-12-01,12.0,IRSTCI01INM156N,short_rate_pct,India Short-Term Interest Rate,FRED/OECD Main Economic Indicators,level,12.0,,0.1,548,,,0.0,
1992-01-01,12.0,IRSTCI01INM156N,short_rate_pct,India Short-Term Interest Rate,FRED/OECD Main Economic Indicators,level,12.0,,0.1,548,,,0.0,
1992-02-01,12.0,IRSTCI01INM156N,short_rate_pct,India Short-Term Interest Rate,FRED/OECD Main Economic Indicators,level,12.0,,0.1,548,,,0.0,
1992-03-01,12.0,IRSTCI01INM156N,short_rate_pct,India Short-Term Interest Rate,FRED/OECD Main Economic Indicators,level,12.0,,0.1,548,,,0.0,
1992-04-01,12.0,IRSTCI01INM156N,short_rate_pct,India Short-Term Interest Rate,FRED/OECD Main Economic Indicators,level,12.0,,0.1,548,,,0.0,
1992-05-01,12.0,IRSTCI01INM156N,short_rate_pct,India Short-Term Interest Rate,FRED/OECD Main Economic Indicators,level,12.0,,0.1,548,,,0.0,
1992-06-01,12.0,IRSTCI01INM156N,short_rate_pct,India Short-Term Interest Rate,FRED/OECD Main Economic Indicators,level,12.0,,0.1,548,,,0.0,
1992-07-01,12.0,IRSTCI01INM156N,short_rate_pct,India Short-Term Interest Rate,FRED/OECD Main Economic Indicators,level,12.0,,0.1,548,,,0.0,
1992-08-01,12.0,IRSTCI01INM156N,short_rate_pct,India Short-Term Interest Rate,FRED/OECD Main Economic Indicators,level,12.0,,0.1,548,,,0.0,
1992-09-01,12.0,IRSTCI01INM156N,short_rate_pct,India Short-Term Interest Rate,FRED/OECD Main Economic Indicators,level,12.0,,0.1,548,,,0.0,
1992-10-01,12.0,IRSTCI01INM156N,short_rate_pct,India Short-Term Interest Rate,FRED/OECD Main Economic Indicators,level,12.0,,0.1,548,,,0.0,
1992-11-01,12.0,IRSTCI01INM156N,short_rate_pct,India Short-Term Interest Rate,FRED/OECD Main Economic Indicators,level,12.0,,0.1,548,,,0.0,
1992-12-01,12.0,IRSTCI01INM156N,short_rate_pct,India Short-Term Interest Rate,FRED/OECD Main Economic Indicators,level,12.0,,0.1,548,,,0.0,
1993-01-01,12.0,IRSTCI01INM156N,short_rate_pct,India Short-Term Interest Rate,FRED/OECD Main Economic Indicators,level,12.0,,0.1,548,,,0.0,
1993-02-01,12.0,IRSTCI01INM156N,short_rate_pct,India Short-Term Interest Rate,FRED/OECD Main Economic Indicators,level,12.0,,0.1,548,,,0.0,
1993-03-01,12.0,IRSTCI01INM156N,short_rate_pct,India Short-Term Interest Rate,FRED/OECD Main Economic Indicators,level,12.0,,0.1,548,,,0.0,
1993-04-01,12.0,IRSTCI01INM156N,short_rate_pct,India Short-Term Interest Rate,FRED/OECD Main Economic Indicators,level,12.0,,0.1,548,,,0.0,
1993-05-01,12.0,IRSTCI01INM156N,short_rate_pct,India Short-Term Interest Rate,FRED/OECD Main Economic Indicators,level,12.0,,0.1,548,,,0.0,
1993-06-01,12.0,IRSTCI01INM156N,short_rate_pct,India Short-Term Interest Rate,FRED/OECD Main Economic Indicators,level,12.0,,0.1,548,,,0.0,
1993-07-01,12.0,IRSTCI01INM156N,short_rate_pct,India Short-Term Interest Rate,FRED/OECD Main Economic Indicators,level,12.0,,0.1,548,,,0.0,
1993-08-01,12.0,IRSTCI01INM156N,short_rate_pct,India Short-Term Interest Rate,FRED/OECD Main Economic Indicators,level,12.0,,0.1,548,,,0.0,
1993-09-01,12.0,IRSTCI01INM156N,short_rate_pct,India Short-Term Interest Rate,FRED/OECD Main Economic Indicators,level,12.0,,0.1,548,,,0.0,
1993-10-01,12.0,IRSTCI01INM156N,short_rate_pct,India Short-Term Interest Rate,FRED/OECD Main Economic Indicators,level,12.0,,0.1,548,,,0.0,
1993-11-01,12.0,IRSTCI01INM156N,short_rate_pct,India Short-Term Interest Rate,FRED/OECD Main Economic Indicators,level,12.0,,0.1,548,,,0.0,
1993-12-01,12.0,IRSTCI01INM156N,short_rate_pct,India Short-Term Interest Rate,FRED/OECD Main Economic Indicators,level,12.0,,0.1,548,,,0.0,
1994-01-01,12.0,IRSTCI01INM156N,short_rate_pct,India Short-Term Interest Rate,FRED/OECD Main Economic Indicators,level,12.0,,0.1,548,,,0.0,
1994-02-01,12.0,IRSTCI01INM156N,short_rate_pct,India Short-Term Interest Rate,FRED/OECD Main Economic Indicators,level,12.0,,0.1,548,,,0.0,
1994-03-01,12.0,IRSTCI01INM156N,short_rate_pct,India Short-Term Interest Rate,FRED/OECD Main Economic Indicators,level,12.0,,0.1,548,,,0.0,
1994-04-01,12.0,IRSTCI01INM156N,short_rate_pct,India Short-Term Interest Rate,FRED/OECD Main Economic Indicators,level,12.0,,0.1,548,,,0.0,
1994-05-01,12.0,IRSTCI01INM156N,short_rate_pct,India Short-Term Interest Rate,FRED/OECD Main Economic Indicators,level,12.0,,0.1,548,,,0.0,
1994-06-01,12.0,IRSTCI01INM156N,short_rate_pct,India Short-Term Interest Rate,FRED/OECD Main Economic Indicators,level,12.0,,0.1,548,,,0.0,
1994-07-01,12.0,IRSTCI01INM156N,short_rate_pct,India Short-Term Interest Rate,FRED/OECD Main Economic Indicators,level,12.0,,0.1,548,,,0.0,
1994-08-01,12.0,IRSTCI01INM156N,short_rate_pct,India Short-Term Interest Rate,FRED/OECD Main Economic Indicators,level,12.0,,0.1,548,,,0.0,
1994-09-01,12.0,IRSTCI01INM156N,short_rate_pct,India Short-Term Interest Rate,FRED/OECD Main Economic Indicators,level,12.0,,0.1,548,,,0.0,
1994-10-01,12.0,IRSTCI01INM156N,short_rate_pct,India Short-Term Interest Rate,FRED/OECD Main Economic Indicators,level,12.0,,0.1,548,,,0.0,
1994-11-01,12.0,IRSTCI01INM156N,short_rate_pct,India Short-Term Interest Rate,FRED/OECD Main Economic Indicators,level,12.0,,0.1,548,,,0.0,
1994-12-01,12.0,IRSTCI01INM156N,short_rate_pct,India Short-Term Interest Rate,FRED/OECD Main Economic Indicators,level,12.0,,0.1,548,,,0.0,
1995-01-01,12.0,IRSTCI01INM156N,short_rate_pct,India Short-Term Interest Rate,FRED/OECD Main Economic Indicators,level,12.0,,0.1,548,,,0.0,
1995-02-01,12.0,IRSTCI01INM156N,short_rate_pct,India Short-Term Interest Rate,FRED/OECD Main Economic Indicators,level,12.0,,0.1,548,,,0.0,
1995-03-01,12.0,IRSTCI01INM156N,short_rate_pct,India Short-Term Interest Rate,FRED/OECD Main Economic Indicators,level,12.0,,0.1,548,,,0.0,
1995-04-01,12.0,IRSTCI01INM156N,short_rate_pct,India Short-Term Interest Rate,FRED/OECD Main Economic Indicators,level,12.0,,0.1,548,,,0.0,
1995-05-01,12.0,IRSTCI01INM156N,short_rate_pct,India Short-Term Interest Rate,FRED/OECD Main Economic Indicators,level,12.0,,0.1,548,,,0.0,
1995-06-01,12.0,IRSTCI01INM156N,short_rate_pct,India Short-Term Interest Rate,FRED/OECD Main Economic Indicators,level,12.0,,0.1,548,,,0.0,
1995-07-01,12.0,IRSTCI01INM156N,short_rate_pct,India Short-Term Interest Rate,FRED/OECD Main Economic Indicators,level,12.0,,0.1,548,,,0.0,
1995-08-01,12.0,IRSTCI01INM156N,short_rate_pct,India Short-Term Interest Rate,FRED/OECD Main Economic Indicators,level,12.0,,0.1,548,,,0.0,
1995-09-01,12.0,IRSTCI01INM156N,short_rate_pct,India Short-Term Interest Rate,FRED/OECD Main Economic Indicators,level,12.0,,0.1,548,,,0.0,
1995-10-01,12.0,IRSTCI01INM156N,short_rate_pct,India Short-Term Interest Rate,FRED/OECD Main Economic Indicators,level,12.0,,0.1,548,,,0.0,
1995-11-01,12.0,IRSTCI01INM156N,short_rate_pct,India Short-Term Interest Rate,FRED/OECD Main Economic Indicators,level,12.0,,0.1,548,,,0.0,
1995-12-01,12.0,IRSTCI01INM156N,short_rate_pct,India Short-Term Interest Rate,FRED/OECD Main Economic Indicators,level,12.0,,0.1,548,,,0.0,
1996-01-01,12.0,IRSTCI01INM156N,short_rate_pct,India Short-Term Interest Rate,FRED/OECD Main Economic Indicators,level,12.0,,0.1,548,,,0.0,
1996-02-01,12.0,IRSTCI01INM156N,short_rate_pct,India Short-Term Interest Rate,FRED/OECD Main Economic Indicators,level,12.0,,0.1,548,,,0.0,
1996-03-01,12.0,IRSTCI01INM156N,short_rate_pct,India Short-Term Interest Rate,FRED/OECD Main Economic Indicators,level,12.0,,0.1,548,,,0.0,
1996-04-01,12.0,IRSTCI01INM156N,short_rate_pct,India Short-Term Interest Rate,FRED/OECD Main Economic Indicators,level,12.0,,0.1,548,,,0.0,
1996-05-01,12.0,IRSTCI01INM156N,short_rate_pct,India Short-Term Interest Rate,FRED/OECD Main Economic Indicators,level,12.0,,0.1,548,,,0.0,
1996-06-01,12.0,IRSTCI01INM156N,short_rate_pct,India Short-Term Interest Rate,FRED/OECD Main Economic Indicators,level,12.0,,0.1,548,,,0.0,
1996-07-01,12.0,IRSTCI01INM156N,short_rate_pct,India Short-Term Interest Rate,FRED/OECD Main Economic Indicators,level,12.0,,0.1,548,,,0.0,
1996-08-01,12.0,IRSTCI01INM156N,short_rate_pct,India Short-Term Interest Rate,FRED/OECD Main Economic Indicators,level,12.0,,0.1,548,,,0.0,
1996-09-01,12.0,IRSTCI01INM156N,short_rate_pct,India Short-Term Interest Rate,FRED/OECD Main Economic Indicators,level,12.0,,0.1,548,,,0.0,
1996-10-01,12.0,IRSTCI01INM156N,short_rate_pct,India Short-Term Interest Rate,FRED/OECD Main Economic Indicators,level,12.0,,0.1,548,,,0.0,
1996-11-01,12.0,IRSTCI01INM156N,short_rate_pct,India Short-Term Interest Rate,FRED/OECD Main Economic Indicators,level,12.0,,0.1,548,,,0.0,
1996-12-01,12.0,IRSTCI01INM156N,short_rate_pct,India Short-Term Interest Rate,FRED/OECD Main Economic Indicators,level,12.0,,0.1,548,,,0.0,
1997-01-01,12.0,IRSTCI01INM156N,short_rate_pct,India Short-Term Interest Rate,FRED/OECD Main Economic Indicators,level,12.0,,0.1,548,,,0.0,
1997-02-01,12.0,IRSTCI01INM156N,short_rate_pct,India Short-Term Interest Rate,FRED/OECD Main Economic Indicators,level,12.0,,0.1,548,,,0.0,
1997-03-01,12.0,IRSTCI01INM156N,short_rate_pct,India Short-Term Interest Rate,FRED/OECD Main Economic Indicators,level,12.0,,0.1,548,,,0.0,
1997-04-01,11.0,IRSTCI01INM156N,short_rate_pct,India Short-Term Interest Rate,FRED/OECD Main Economic Indicators,level,11.0,,0.1,548,,,55.0,
1997-05-01,11.0,IRSTCI01INM156N,short_rate_pct,India Short-Term Interest Rate,FRED/OECD Main Economic Indicators,level,11.0,,0.1,548,,,55.0,
1997-06-01,10.0,IRSTCI01INM156N,short_rate_pct,India Short-Term Interest Rate,FRED/OECD Main Economic Indicators,level,10.0,,0.1,548,,,59.166666666666664,
1997-07-01,10.0,IRSTCI01INM156N,short_rate_pct,India Short-Term Interest Rate,FRED/OECD Main Economic Indicators,level,10.0,,0.1,548,,,59.166666666666664,
1997-08-01,10.0,IRSTCI01INM156N,short_rate_pct,India Short-Term Interest Rate,FRED/OECD Main Economic Indicators,level,10.0,,0.1,548,,,59.166666666666664,
1997-09-01,10.0,IRSTCI01INM156N,short_rate_pct,India Short-Term Interest Rate,FRED/OECD Main Economic Indicators,level,10.0,,0.1,548,,,59.166666666666664,
1997-10-01,9.0,IRSTCI01INM156N,short_rate_pct,India Short-Term Interest Rate,FRED/OECD Main Economic Indicators,level,9.0,,0.1,548,,,99.16666666666667,
1997-11-01,9.0,IRSTCI01INM156N,short_rate_pct,India Short-Term Interest Rate,FRED/OECD Main Economic Indicators,level,9.0,,0.1,548,,,98.33333333333333,
1997-12-01,9.0,IRSTCI01INM156N,short_rate_pct,India Short-Term Interest Rate,FRED/OECD Main Economic Indicators,level,9.0,,0.1,548,,,97.5,
1998-01-01,11.0,IRSTCI01INM156N,short_rate_pct,India Short-Term Interest Rate,FRED/OECD Main Economic Indicators,level,11.0,,0.1,548,,,55.0,
1998-02-01,11.0,IRSTCI01INM156N,short_rate_pct,India Short-Term Interest Rate,FRED/OECD Main Economic Indicators,level,11.0,,0.1,548,,,55.0,
1998-03-01,10.5,IRSTCI01INM156N,short_rate_pct,India Short-Term Interest Rate,FRED/OECD Main Economic Indicators,level,10.5,,0.1,548,,,60.833333333333336,
1998-04-01,10.0,IRSTCI01INM156N,short_rate_pct,India Short-Term Interest Rate,FRED/OECD Main Economic Indicators,level,10.0,,0.1,548,,,61.666666666666664,
1998-05-01,9.0,IRSTCI01INM156N,short_rate_pct,India Short-Term Interest Rate,FRED/OECD Main Economic Indicators,level,9.0,,0.1,548,,,96.66666666666667,
1998-06-01,9.0,IRSTCI01INM156N,short_rate_pct,India Short-Term Interest Rate,FRED/OECD Main Economic Indicators,level,9.0,,0.1,548,,,95.83333333333333,
1998-07-01,9.0,IRSTCI01INM156N,short_rate_pct,India Short-Term Interest Rate,FRED/OECD Main Economic Indicators,level,9.0,,0.1,548,,,95.0,
1998-08-01,9.0,IRSTCI01INM156N,short_rate_pct,India Short-Term Interest Rate,FRED/OECD Main Economic Indicators,level,9.0,,0.1,548,,,94.16666666666667,
1998-09-01,9.0,IRSTCI01INM156N,short_rate_pct,India Short-Term Interest Rate,FRED/OECD Main Economic Indicators,level,9.0,,0.1,548,,,93.33333333333333,
1998-10-01,9.0,IRSTCI01INM156N,short_rate_pct,India Short-Term Interest Rate,FRED/OECD Main Economic Indicators,level,9.0,,0.1,548,,,92.5,
1998-11-01,9.0,IRSTCI01INM156N,short_rate_pct,India Short-Term Interest Rate,FRED/OECD Main Economic Indicators,level,9.0,,0.1,548,,,91.66666666666667,
1998-12-01,9.0,IRSTCI01INM156N,short_rate_pct,India Short-Term Interest Rate,FRED/OECD Main Economic Indicators,level,9.0,,0.1,548,,,90.83333333333333,
1999-01-01,9.0,IRSTCI01INM156N,short_rate_pct,India Short-Term Interest Rate,FRED/OECD Main Economic Indicators,level,9.0,,0.1,548,,,90.0,
1999-02-01,9.0,IRSTCI01INM156N,short_rate_pct,India Short-Term Interest Rate,FRED/OECD Main Economic Indicators,level,9.0,,0.1,548,,,89.16666666666667,
1999-03-01,8.0,IRSTCI01INM156N,short_rate_pct,India Short-Term Interest Rate,FRED/OECD Main Economic Indicators,level,8.0,,0.1,548,,,99.16666666666667,
1999-04-01,8.0,IRSTCI01INM156N,short_rate_pct,India Short-Term Interest Rate,FRED/OECD Main Economic Indicators,level,8.0,,0.1,548,,,98.33333333333333,
1999-05-01,8.0,IRSTCI01INM156N,short_rate_pct,India Short-Term Interest Rate,FRED/OECD Main Economic Indicators,level,8.0,,0.1,548,,,97.5,
1999-06-01,8.0,IRSTCI01INM156N,short_rate_pct,India Short-Term Interest Rate,FRED/OECD Main Economic Indicators,level,8.0,,0.1,548,,,96.66666666666667,
1999-07-01,8.0,IRSTCI01INM156N,short_rate_pct,India Short-Term Interest Rate,FRED/OECD Main Economic Indicators,level,8.0,,0.1,548,,,95.83333333333333,
1999-08-01,8.0,IRSTCI01INM156N,short_rate_pct,India Short-Term Interest Rate,FRED/OECD Main Economic Indicators,level,8.0,,0.1,548,,,95.0,
1999-09-01,8.0,IRSTCI01INM156N,short_rate_pct,India Short-Term Interest Rate,FRED/OECD Main Economic Indicators,level,8.0,,0.1,548,,,94.16666666666667,
1999-10-01,8.0,IRSTCI01INM156N,short_rate_pct,India Short-Term Interest Rate,FRED/OECD Main Economic Indicators,level,8.0,,0.1,548,,,93.33333333333333,
1999-11-01,8.0,IRSTCI01INM156N,short_rate_pct,India Short-Term Interest Rate,FRED/OECD Main Economic Indicators,level,8.0,,0.1,548,,,92.5,
1999-12-01,8.0,IRSTCI01INM156N,short_rate_pct,India Short-Term Interest Rate,FRED/OECD Main Economic Indicators,level,8.0,,0.1,548,,,91.66666666666667,
2000-01-01,8.0,IRSTCI01INM156N,short_rate_pct,India Short-Term Interest Rate,FRED/OECD Main Economic Indicators,level,8.0,,0.1,548,,,90.83333333333333,
2000-02-01,8.0,IRSTCI01INM156N,short_rate_pct,India Short-Term Interest Rate,FRED/OECD Main Economic Indicators,level,8.0,,0.1,548,,,90.0,
2000-03-01,8.0,IRSTCI01INM156N,short_rate_pct,India Short-Term Interest Rate,FRED/OECD Main Economic Indicators,level,8.0,,0.1,548,,,89.16666666666667,
2000-04-01,7.0,IRSTCI01INM156N,short_rate_pct,India Short-Term Interest Rate,FRED/OECD Main Economic Indicators,level,7.0,,0.1,548,,,99.16666666666667,
2000-05-01,7.0,IRSTCI01INM156N,short_rate_pct,India Short-Term Interest Rate,FRED/OECD Main Economic Indicators,level,7.0,,0.1,548,,,98.33333333333333,
2000-06-01,7.0,IRSTCI01INM156N,short_rate_pct,India Short-Term Interest Rate,FRED/OECD Main Economic Indicators,level,7.0,,0.1,548,,,97.5,
2000-07-01,8.0,IRSTCI01INM156N,short_rate_pct,India Short-Term Interest Rate,FRED/OECD Main Economic Indicators,level,8.0,,0.1,548,,,85.83333333333333,
2000-08-01,8.0,IRSTCI01INM156N,short_rate_pct,India Short-Term Interest Rate,FRED/OECD Main Economic Indicators,level,8.0,,0.1,548,,,85.0,
2000-09-01,8.0,IRSTCI01INM156N,short_rate_pct,India Short-Term Interest Rate,FRED/OECD Main Economic Indicators,level,8.0,,0.1,548,,,84.16666666666667,
2000-10-01,8.0,IRSTCI01INM156N,short_rate_pct,India Short-Term Interest Rate,FRED/OECD Main Economic Indicators,level,8.0,,0.1,548,,,83.33333333333334,
2000-11-01,8.0,IRSTCI01INM156N,short_rate_pct,India Short-Term Interest Rate,FRED/OECD Main Economic Indicators,level,8.0,,0.1,548,,,82.5,
2000-12-01,8.0,IRSTCI01INM156N,short_rate_pct,India Short-Term Interest Rate,FRED/OECD Main Economic Indicators,level,8.0,,0.1,548,,,81.66666666666667,
2001-01-01,8.0,IRSTCI01INM156N,short_rate_pct,India Short-Term Interest Rate,FRED/OECD Main Economic Indicators,level,8.0,,0.1,548,,,80.83333333333333,
2001-02-01,7.5,IRSTCI01INM156N,short_rate_pct,India Short-Term Interest Rate,FRED/OECD Main Economic Indicators,level,7.5,,0.1,548,,,96.66666666666667,
2001-03-01,7.0,IRSTCI01INM156N,short_rate_pct,India Short-Term Interest Rate,FRED/OECD Main Economic Indicators,level,7.0,,0.1,548,,,96.66666666666667,
2001-04-01,7.0,IRSTCI01INM156N,short_rate_pct,India Short-Term Interest Rate,FRED/OECD Main Economic Indicators,level,7.0,,0.1,548,,,95.83333333333333,
2001-05-01,7.0,IRSTCI01INM156N,short_rate_pct,India Short-Term Interest Rate,FRED/OECD Main Economic Indicators,level,7.0,,0.1,548,,,95.0,
2001-06-01,7.0,IRSTCI01INM156N,short_rate_pct,India Short-Term Interest Rate,FRED/OECD Main Economic Indicators,level,7.0,,0.1,548,,,94.16666666666667,
2001-07-01,7.0,IRSTCI01INM156N,short_rate_pct,India Short-Term Interest Rate,FRED/OECD Main Economic Indicators,level,7.0,,0.1,548,,,93.33333333333333,
2001-08-01,7.0,IRSTCI01INM156N,short_rate_pct,India Short-Term Interest Rate,FRED/OECD Main Economic Indicators,level,7.0,,0.1,548,,,92.5,
2001-09-01,7.0,IRSTCI01INM156N,short_rate_pct,India Short-Term Interest Rate,FRED/OECD Main Economic Indicators,level,7.0,,0.1,548,,,91.66666666666667,
2001-10-01,6.5,IRSTCI01INM156N,short_rate_pct,India Short-Term Interest Rate,FRED/OECD Main Economic Indicators,level,6.5,,0.1,548,,,99.16666666666667,
2001-11-01,6.5,IRSTCI01INM156N,short_rate_pct,India Short-Term Interest Rate,FRED/OECD Main Economic Indicators,level,6.5,,0.1,548,,,98.33333333333333,
2001-12-01,6.5,IRSTCI01INM156N,short_rate_pct,India Short-Term Interest Rate,FRED/OECD Main Economic Indicators,level,6.5,,0.1,548,,,97.5,
2002-01-01,6.5,IRSTCI01INM156N,short_rate_pct,India Short-Term Interest Rate,FRED/OECD Main Economic Indicators,level,6.5,,0.1,548,,,96.66666666666667,
2002-02-01,6.5,IRSTCI01INM156N,short_rate_pct,India Short-Term Interest Rate,FRED/OECD Main Economic Indicators,level,6.5,,0.1,548,,,95.83333333333333,
2002-03-01,6.5,IRSTCI01INM156N,short_rate_pct,India Short-Term Interest Rate,FRED/OECD Main Economic Indicators,level,6.5,,0.1,548,,,95.0,
2002-04-01,6.5,IRSTCI01INM156N,short_rate_pct,India Short-Term Interest Rate,FRED/OECD Main Economic Indicators,level,6.5,,0.1,548,,,94.16666666666667,
2002-05-01,6.5,IRSTCI01INM156N,short_rate_pct,India Short-Term Interest Rate,FRED/OECD Main Economic Indicators,level,6.5,,0.1,548,,,93.33333333333333,
2002-06-01,6.5,IRSTCI01INM156N,short_rate_pct,India Short-Term Interest Rate,FRED/OECD Main Economic Indicators,level,6.5,,0.1,548,,,92.5,
2002-07-01,6.5,IRSTCI01INM156N,short_rate_pct,India Short-Term Interest Rate,FRED/OECD Main Economic Indicators,level,6.5,,0.1,548,,,91.66666666666667,
2002-08-01,6.5,IRSTCI01INM156N,short_rate_pct,India Short-Term Interest Rate,FRED/OECD Main Economic Indicators,level,6.5,,0.1,548,,,90.83333333333333,
2002-09-01,6.5,IRSTCI01INM156N,short_rate_pct,India Short-Term Interest Rate,FRED/OECD Main Economic Indicators,level,6.5,,0.1,548,,,90.0,
2002-10-01,6.5,IRSTCI01INM156N,short_rate_pct,India Short-Term Interest Rate,FRED/OECD Main Economic Indicators,level,6.5,,0.1,548,,,89.16666666666667,
2002-11-01,6.25,IRSTCI01INM156N,short_rate_pct,India Short-Term Interest Rate,FRED/OECD Main Economic Indicators,level,6.25,,0.1,548,,,99.16666666666667,
2002-12-01,6.25,IRSTCI01INM156N,short_rate_pct,India Short-Term Interest Rate,FRED/OECD Main Economic Indicators,level,6.25,,0.1,548,,,98.33333333333333,
2003-01-01,6.25,IRSTCI01INM156N,short_rate_pct,India Short-Term Interest Rate,FRED/OECD Main Economic Indicators,level,6.25,,0.1,548,,,97.5,
2003-02-01,6.25,IRSTCI01INM156N,short_rate_pct,India Short-Term Interest Rate,FRED/OECD Main Economic Indicators,level,6.25,,0.1,548,,,96.66666666666667,
2003-03-01,6.25,IRSTCI01INM156N,short_rate_pct,India Short-Term Interest Rate,FRED/OECD Main Economic Indicators,level,6.25,,0.1,548,,,95.83333333333333,
2003-04-01,6.25,IRSTCI01INM156N,short_rate_pct,India Short-Term Interest Rate,FRED/OECD Main Economic Indicators,level,6.25,,0.1,548,,,95.0,
2003-05-01,6.0,IRSTCI01INM156N,short_rate_pct,India Short-Term Interest Rate,FRED/OECD Main Economic Indicators,level,6.0,,0.1,548,,,99.16666666666667,
2003-06-01,6.0,IRSTCI01INM156N,short_rate_pct,India Short-Term Interest Rate,FRED/OECD Main Economic Indicators,level,6.0,,0.1,548,,,98.33333333333333,
2003-07-01,6.0,IRSTCI01INM156N,short_rate_pct,India Short-Term Interest Rate,FRED/OECD Main Economic Indicators,level,6.0,,0.1,548,,,97.5,
2003-08-01,6.0,IRSTCI01INM156N,short_rate_pct,India Short-Term Interest Rate,FRED/OECD Main Economic Indicators,level,6.0,,0.1,548,,,96.66666666666667,
2003-09-01,6.0,IRSTCI01INM156N,short_rate_pct,India Short-Term Interest Rate,FRED/OECD Main Economic Indicators,level,6.0,,0.1,548,,,95.83333333333333,
2003-10-01,6.0,IRSTCI01INM156N,short_rate_pct,India Short-Term Interest Rate,FRED/OECD Main Economic Indicators,level,6.0,,0.1,548,,,95.0,
2003-11-01,6.0,IRSTCI01INM156N,short_rate_pct,India Short-Term Interest Rate,FRED/OECD Main Economic Indicators,level,6.0,,0.1,548,,,94.16666666666667,
2003-12-01,6.0,IRSTCI01INM156N,short_rate_pct,India Short-Term Interest Rate,FRED/OECD Main Economic Indicators,level,6.0,,0.1,548,,,93.33333333333333,
2004-01-01,6.0,IRSTCI01INM156N,short_rate_pct,India Short-Term Interest Rate,FRED/OECD Main Economic Indicators,level,6.0,,0.1,548,,,92.5,
2004-02-01,6.0,IRSTCI01INM156N,short_rate_pct,India Short-Term Interest Rate,FRED/OECD Main Economic Indicators,level,6.0,,0.1,548,,,91.66666666666667,
2004-03-01,6.0,IRSTCI01INM156N,short_rate_pct,India Short-Term Interest Rate,FRED/OECD Main Economic Indicators,level,6.0,,0.1,548,,,90.83333333333333,
2004-04-01,6.0,IRSTCI01INM156N,short_rate_pct,India Short-Term Interest Rate,FRED/OECD Main Economic Indicators,level,6.0,,0.1,548,,,90.0,
2004-05-01,6.0,IRSTCI01INM156N,short_rate_pct,India Short-Term Interest Rate,FRED/OECD Main Economic Indicators,level,6.0,,0.1,548,,,89.16666666666667,
2004-06-01,6.0,IRSTCI01INM156N,short_rate_pct,India Short-Term Interest Rate,FRED/OECD Main Economic Indicators,level,6.0,,0.1,548,,,88.33333333333333,
2004-07-01,6.0,IRSTCI01INM156N,short_rate_pct,India Short-Term Interest Rate,FRED/OECD Main Economic Indicators,level,6.0,,0.1,548,,,87.5,
2004-08-01,6.0,IRSTCI01INM156N,short_rate_pct,India Short-Term Interest Rate,FRED/OECD Main Economic Indicators,level,6.0,,0.1,548,,,86.66666666666667,
2004-09-01,6.0,IRSTCI01INM156N,short_rate_pct,India Short-Term Interest Rate,FRED/OECD Main Economic Indicators,level,6.0,,0.1,548,,,85.83333333333333,
2004-10-01,6.0,IRSTCI01INM156N,short_rate_pct,India Short-Term Interest Rate,FRED/OECD Main Economic Indicators,level,6.0,,0.1,548,,,85.0,
2004-11-01,6.0,IRSTCI01INM156N,short_rate_pct,India Short-Term Interest Rate,FRED/OECD Main Economic Indicators,level,6.0,,0.1,548,,,84.16666666666667,
2004-12-01,6.0,IRSTCI01INM156N,short_rate_pct,India Short-Term Interest Rate,FRED/OECD Main Economic Indicators,level,6.0,,0.1,548,,,83.33333333333334,
2005-01-01,6.0,IRSTCI01INM156N,short_rate_pct,India Short-Term Interest Rate,FRED/OECD Main Economic Indicators,level,6.0,,0.1,548,,,82.5,
2005-02-01,6.0,IRSTCI01INM156N,short_rate_pct,India Short-Term Interest Rate,FRED/OECD Main Economic Indicators,level,6.0,,0.1,548,,,81.66666666666667,
2005-03-01,6.0,IRSTCI01INM156N,short_rate_pct,India Short-Term Interest Rate,FRED/OECD Main Economic Indicators,level,6.0,,0.1,548,,,80.83333333333333,
2005-04-01,6.0,IRSTCI01INM156N,short_rate_pct,India Short-Term Interest Rate,FRED/OECD Main Economic Indicators,level,6.0,,0.1,548,,,80.0,
2005-05-01,6.0,IRSTCI01INM156N,short_rate_pct,India Short-Term Interest Rate,FRED/OECD Main Economic Indicators,level,6.0,,0.1,548,,,79.16666666666666,
2005-06-01,6.0,IRSTCI01INM156N,short_rate_pct,India Short-Term Interest Rate,FRED/OECD Main Economic Indicators,level,6.0,,0.1,548,,,78.33333333333333,
2005-07-01,6.0,IRSTCI01INM156N,short_rate_pct,India Short-Term Interest Rate,FRED/OECD Main Economic Indicators,level,6.0,,0.1,548,,,77.5,
2005-08-01,6.0,IRSTCI01INM156N,short_rate_pct,India Short-Term Interest Rate,FRED/OECD Main Economic Indicators,level,6.0,,0.1,548,,,76.66666666666667,
2005-09-01,6.0,IRSTCI01INM156N,short_rate_pct,India Short-Term Interest Rate,FRED/OECD Main Economic Indicators,level,6.0,,0.1,548,,,75.83333333333333,
2005-10-01,6.0,IRSTCI01INM156N,short_rate_pct,India Short-Term Interest Rate,FRED/OECD Main Economic Indicators,level,6.0,,0.1,548,,,75.0,
2005-11-01,6.0,IRSTCI01INM156N,short_rate_pct,India Short-Term Interest Rate,FRED/OECD Main Economic Indicators,level,6.0,,0.1,548,,,74.16666666666666,
2005-12-01,6.0,IRSTCI01INM156N,short_rate_pct,India Short-Term Interest Rate,FRED/OECD Main Economic Indicators,level,6.0,,0.1,548,,,73.33333333333333,
2006-01-01,6.0,IRSTCI01INM156N,short_rate_pct,India Short-Term Interest Rate,FRED/OECD Main Economic Indicators,level,6.0,,0.1,548,,,72.5,
2006-02-01,6.0,IRSTCI01INM156N,short_rate_pct,India Short-Term Interest Rate,FRED/OECD Main Economic Indicators,level,6.0,,0.1,548,,,71.66666666666667,
2006-03-01,6.0,IRSTCI01INM156N,short_rate_pct,India Short-Term Interest Rate,FRED/OECD Main Economic Indicators,level,6.0,,0.1,548,,,70.83333333333333,
2006-04-01,6.0,IRSTCI01INM156N,short_rate_pct,India Short-Term Interest Rate,FRED/OECD Main Economic Indicators,level,6.0,,0.1,548,,,70.0,
2006-05-01,6.0,IRSTCI01INM156N,short_rate_pct,India Short-Term Interest Rate,FRED/OECD Main Economic Indicators,level,6.0,,0.1,548,,,69.16666666666666,
2006-06-01,6.0,IRSTCI01INM156N,short_rate_pct,India Short-Term Interest Rate,FRED/OECD Main Economic Indicators,level,6.0,,0.1,548,,,68.33333333333334,
2006-07-01,6.0,IRSTCI01INM156N,short_rate_pct,India Short-Term Interest Rate,FRED/OECD Main Economic Indicators,level,6.0,,0.1,548,,,67.5,
2006-08-01,6.0,IRSTCI01INM156N,short_rate_pct,India Short-Term Interest Rate,FRED/OECD Main Economic Indicators,level,6.0,,0.1,548,,,66.66666666666667,
2006-09-01,6.0,IRSTCI01INM156N,short_rate_pct,India Short-Term Interest Rate,FRED/OECD Main Economic Indicators,level,6.0,,0.1,548,,,65.83333333333334,
2006-10-01,6.0,IRSTCI01INM156N,short_rate_pct,India Short-Term Interest Rate,FRED/OECD Main Economic Indicators,level,6.0,,0.1,548,,,65.0,
2006-11-01,6.0,IRSTCI01INM156N,short_rate_pct,India Short-Term Interest Rate,FRED/OECD Main Economic Indicators,level,6.0,,0.1,548,,,64.16666666666666,
2006-12-01,6.0,IRSTCI01INM156N,short_rate_pct,India Short-Term Interest Rate,FRED/OECD Main Economic Indicators,level,6.0,,0.1,548,,,63.333333333333336,
2007-01-01,6.0,IRSTCI01INM156N,short_rate_pct,India Short-Term Interest Rate,FRED/OECD Main Economic Indicators,level,6.0,,0.1,548,,,62.5,
2007-02-01,6.0,IRSTCI01INM156N,short_rate_pct,India Short-Term Interest Rate,FRED/OECD Main Economic Indicators,level,6.0,,0.1,548,,,61.666666666666664,
2007-03-01,6.0,IRSTCI01INM156N,short_rate_pct,India Short-Term Interest Rate,FRED/OECD Main Economic Indicators,level,6.0,,0.1,548,,,60.833333333333336,
2007-04-01,6.0,IRSTCI01INM156N,short_rate_pct,India Short-Term Interest Rate,FRED/OECD Main Economic Indicators,level,6.0,,0.1,548,,,60.0,
2007-05-01,6.0,IRSTCI01INM156N,short_rate_pct,India Short-Term Interest Rate,FRED/OECD Main Economic Indicators,level,6.0,,0.1,548,,,59.166666666666664,
2007-06-01,6.0,IRSTCI01INM156N,short_rate_pct,India Short-Term Interest Rate,FRED/OECD Main Economic Indicators,level,6.0,,0.1,548,,,58.33333333333333,
2007-07-01,6.0,IRSTCI01INM156N,short_rate_pct,India Short-Term Interest Rate,FRED/OECD Main Economic Indicators,level,6.0,,0.1,548,,,57.5,
2007-08-01,6.0,IRSTCI01INM156N,short_rate_pct,India Short-Term Interest Rate,FRED/OECD Main Economic Indicators,level,6.0,,0.1,548,,,56.666666666666664,
2007-09-01,6.0,IRSTCI01INM156N,short_rate_pct,India Short-Term Interest Rate,FRED/OECD Main Economic Indicators,level,6.0,,0.1,548,,,55.833333333333336,
2007-10-01,6.0,IRSTCI01INM156N,short_rate_pct,India Short-Term Interest Rate,FRED/OECD Main Economic Indicators,level,6.0,,0.1,548,,,55.0,
2007-11-01,6.0,IRSTCI01INM156N,short_rate_pct,India Short-Term Interest Rate,FRED/OECD Main Economic Indicators,level,6.0,,0.1,548,,,54.16666666666667,
2007-12-01,6.0,IRSTCI01INM156N,short_rate_pct,India Short-Term Interest Rate,FRED/OECD Main Economic Indicators,level,6.0,,0.1,548,,,53.333333333333336,
2008-01-01,6.0,IRSTCI01INM156N,short_rate_pct,India Short-Term Interest Rate,FRED/OECD Main Economic Indicators,level,6.0,,0.1,548,,,52.5,
2008-02-01,6.0,IRSTCI01INM156N,short_rate_pct,India Short-Term Interest Rate,FRED/OECD Main Economic Indicators,level,6.0,,0.1,548,,,51.666666666666664,
2008-03-01,6.0,IRSTCI01INM156N,short_rate_pct,India Short-Term Interest Rate,FRED/OECD Main Economic Indicators,level,6.0,,0.1,548,,,50.833333333333336,
2008-04-01,6.0,IRSTCI01INM156N,short_rate_pct,India Short-Term Interest Rate,FRED/OECD Main Economic Indicators,level,6.0,,0.1,548,,,50.0,
2008-05-01,6.0,IRSTCI01INM156N,short_rate_pct,India Short-Term Interest Rate,FRED/OECD Main Economic Indicators,level,6.0,,0.1,548,,,49.16666666666667,
2008-06-01,6.0,IRSTCI01INM156N,short_rate_pct,India Short-Term Interest Rate,FRED/OECD Main Economic Indicators,level,6.0,,0.1,548,,,48.33333333333333,
2008-07-01,6.0,IRSTCI01INM156N,short_rate_pct,India Short-Term Interest Rate,FRED/OECD Main Economic Indicators,level,6.0,,0.1,548,,,47.5,
2008-08-01,6.0,IRSTCI01INM156N,short_rate_pct,India Short-Term Interest Rate,FRED/OECD Main Economic Indicators,level,6.0,,0.1,548,,,46.666666666666664,
2008-09-01,6.0,IRSTCI01INM156N,short_rate_pct,India Short-Term Interest Rate,FRED/OECD Main Economic Indicators,level,6.0,,0.1,548,,,45.833333333333336,
2008-10-01,6.0,IRSTCI01INM156N,short_rate_pct,India Short-Term Interest Rate,FRED/OECD Main Economic Indicators,level,6.0,,0.1,548,,,44.99999999999999,
2008-11-01,6.0,IRSTCI01INM156N,short_rate_pct,India Short-Term Interest Rate,FRED/OECD Main Economic Indicators,level,6.0,,0.1,548,,,44.166666666666664,
2008-12-01,6.0,IRSTCI01INM156N,short_rate_pct,India Short-Term Interest Rate,FRED/OECD Main Economic Indicators,level,6.0,,0.1,548,,,43.333333333333336,
2009-01-01,6.0,IRSTCI01INM156N,short_rate_pct,India Short-Term Interest Rate,FRED/OECD Main Economic Indicators,level,6.0,,0.1,548,,,42.50000000000001,
2009-02-01,6.0,IRSTCI01INM156N,short_rate_pct,India Short-Term Interest Rate,FRED/OECD Main Economic Indicators,level,6.0,,0.1,548,,,41.666666666666664,
2009-03-01,6.0,IRSTCI01INM156N,short_rate_pct,India Short-Term Interest Rate,FRED/OECD Main Economic Indicators,level,6.0,,0.1,548,,,40.833333333333336,
2009-04-01,6.0,IRSTCI01INM156N,short_rate_pct,India Short-Term Interest Rate,FRED/OECD Main Economic Indicators,level,6.0,,0.1,548,,,40.0,
2009-05-01,6.0,IRSTCI01INM156N,short_rate_pct,India Short-Term Interest Rate,FRED/OECD Main Economic Indicators,level,6.0,,0.1,548,,,39.16666666666667,
2009-06-01,6.0,IRSTCI01INM156N,short_rate_pct,India Short-Term Interest Rate,FRED/OECD Main Economic Indicators,level,6.0,,0.1,548,,,38.33333333333333,
2009-07-01,6.0,IRSTCI01INM156N,short_rate_pct,India Short-Term Interest Rate,FRED/OECD Main Economic Indicators,level,6.0,,0.1,548,,,37.5,
2009-08-01,6.0,IRSTCI01INM156N,short_rate_pct,India Short-Term Interest Rate,FRED/OECD Main Economic Indicators,level,6.0,,0.1,548,,,36.66666666666667,
2009-09-01,6.0,IRSTCI01INM156N,short_rate_pct,India Short-Term Interest Rate,FRED/OECD Main Economic Indicators,level,6.0,,0.1,548,,,35.83333333333333,
2009-10-01,6.0,IRSTCI01INM156N,short_rate_pct,India Short-Term Interest Rate,FRED/OECD Main Economic Indicators,level,6.0,,0.1,548,,,35.0,
2009-11-01,6.0,IRSTCI01INM156N,short_rate_pct,India Short-Term Interest Rate,FRED/OECD Main Economic Indicators,level,6.0,,0.1,548,,,34.16666666666667,
2009-12-01,6.0,IRSTCI01INM156N,short_rate_pct,India Short-Term Interest Rate,FRED/OECD Main Economic Indicators,level,6.0,,0.1,548,,,33.33333333333334,
2010-01-01,6.0,IRSTCI01INM156N,short_rate_pct,India Short-Term Interest Rate,FRED/OECD Main Economic Indicators,level,6.0,,0.1,548,,,32.5,
2010-02-01,6.0,IRSTCI01INM156N,short_rate_pct,India Short-Term Interest Rate,FRED/OECD Main Economic Indicators,level,6.0,,0.1,548,,,31.66666666666667,
2010-03-01,6.0,IRSTCI01INM156N,short_rate_pct,India Short-Term Interest Rate,FRED/OECD Main Economic Indicators,level,6.0,,0.1,548,,,30.83333333333333,
2010-04-01,6.0,IRSTCI01INM156N,short_rate_pct,India Short-Term Interest Rate,FRED/OECD Main Economic Indicators,level,6.0,,0.1,548,,,30.0,
2010-05-01,6.0,IRSTCI01INM156N,short_rate_pct,India Short-Term Interest Rate,FRED/OECD Main Economic Indicators,level,6.0,,0.1,548,,,29.166666666666657,
2010-06-01,6.0,IRSTCI01INM156N,short_rate_pct,India Short-Term Interest Rate,FRED/OECD Main Economic Indicators,level,6.0,,0.1,548,,,28.33333333333333,
2010-07-01,6.0,IRSTCI01INM156N,short_rate_pct,India Short-Term Interest Rate,FRED/OECD Main Economic Indicators,level,6.0,,0.1,548,,,27.5,
2010-08-01,6.0,IRSTCI01INM156N,short_rate_pct,India Short-Term Interest Rate,FRED/OECD Main Economic Indicators,level,6.0,,0.1,548,,,26.66666666666667,
2010-09-01,6.0,IRSTCI01INM156N,short_rate_pct,India Short-Term Interest Rate,FRED/OECD Main Economic Indicators,level,6.0,,0.1,548,,,25.83333333333333,
2010-10-01,6.0,IRSTCI01INM156N,short_rate_pct,India Short-Term Interest Rate,FRED/OECD Main Economic Indicators,level,6.0,,0.1,548,,,25.0,
2010-11-01,6.0,IRSTCI01INM156N,short_rate_pct,India Short-Term Interest Rate,FRED/OECD Main Economic Indicators,level,6.0,,0.1,548,,,24.16666666666667,
2010-12-01,6.0,IRSTCI01INM156N,short_rate_pct,India Short-Term Interest Rate,FRED/OECD Main Economic Indicators,level,6.0,,0.1,548,,,23.33333333333333,
2011-01-01,6.0,IRSTCI01INM156N,short_rate_pct,India Short-Term Interest Rate,FRED/OECD Main Economic Indicators,level,6.0,,0.1,548,,,22.5,
2011-02-01,6.0,IRSTCI01INM156N,short_rate_pct,India Short-Term Interest Rate,FRED/OECD Main Economic Indicators,level,6.0,,0.1,548,,,21.66666666666667,
2011-03-01,6.0,IRSTCI01INM156N,short_rate_pct,India Short-Term Interest Rate,FRED/OECD Main Economic Indicators,level,6.0,,0.1,548,,,20.833333333333343,
2011-04-01,6.0,IRSTCI01INM156N,short_rate_pct,India Short-Term Interest Rate,FRED/OECD Main Economic Indicators,level,6.0,,0.1,548,,,20.0,
2011-05-01,6.0,IRSTCI01INM156N,short_rate_pct,India Short-Term Interest Rate,FRED/OECD Main Economic Indicators,level,6.0,,0.1,548,,,19.16666666666667,
2011-06-01,6.0,IRSTCI01INM156N,short_rate_pct,India Short-Term Interest Rate,FRED/OECD Main Economic Indicators,level,6.0,,0.1,548,,,18.33333333333333,
2011-07-01,6.0,IRSTCI01INM156N,short_rate_pct,India Short-Term Interest Rate,FRED/OECD Main Economic Indicators,level,6.0,,0.1,548,,,17.5,
2011-08-01,6.0,IRSTCI01INM156N,short_rate_pct,India Short-Term Interest Rate,FRED/OECD Main Economic Indicators,level,6.0,,0.1,548,,,16.666666666666657,
2011-09-01,6.0,IRSTCI01INM156N,short_rate_pct,India Short-Term Interest Rate,FRED/OECD Main Economic Indicators,level,6.0,,0.1,548,,,15.833333333333329,
2011-10-01,6.0,IRSTCI01INM156N,short_rate_pct,India Short-Term Interest Rate,FRED/OECD Main Economic Indicators,level,6.0,,0.1,548,,,15.0,
2011-11-01,6.0,IRSTCI01INM156N,short_rate_pct,India Short-Term Interest Rate,FRED/OECD Main Economic Indicators,level,6.0,,0.1,548,,,14.166666666666671,
2011-12-01,6.0,IRSTCI01INM156N,short_rate_pct,India Short-Term Interest Rate,FRED/OECD Main Economic Indicators,level,6.0,,0.1,548,,,13.333333333333329,
2012-01-01,6.0,IRSTCI01INM156N,short_rate_pct,India Short-Term Interest Rate,FRED/OECD Main Economic Indicators,level,6.0,,0.1,548,,,12.5,
2012-02-01,7.75,IRSTCI01INM156N,short_rate_pct,India Short-Term Interest Rate,FRED/OECD Main Economic Indicators,level,7.75,,0.1,548,,,0.0,
2012-03-01,9.5,IRSTCI01INM156N,short_rate_pct,India Short-Term Interest Rate,FRED/OECD Main Economic Indicators,level,9.5,,0.1,548,,,0.0,
2012-04-01,9.25,IRSTCI01INM156N,short_rate_pct,India Short-Term Interest Rate,FRED/OECD Main Economic Indicators,level,9.25,,0.1,548,,,0.8333333333333286,
2012-05-01,9.0,IRSTCI01INM156N,short_rate_pct,India Short-Term Interest Rate,FRED/OECD Main Economic Indicators,level,9.0,,0.1,548,,,1.6666666666666714,
2012-06-01,9.0,IRSTCI01INM156N,short_rate_pct,India Short-Term Interest Rate,FRED/OECD Main Economic Indicators,level,9.0,,0.1,548,,,1.6666666666666714,
2012-07-01,9.0,IRSTCI01INM156N,short_rate_pct,India Short-Term Interest Rate,FRED/OECD Main Economic Indicators,level,9.0,,0.1,548,,,1.6666666666666714,
2012-08-01,9.0,IRSTCI01INM156N,short_rate_pct,India Short-Term Interest Rate,FRED/OECD Main Economic Indicators,level,9.0,,0.1,548,,,1.6666666666666714,
2012-09-01,9.0,IRSTCI01INM156N,short_rate_pct,India Short-Term Interest Rate,FRED/OECD Main Economic Indicators,level,9.0,,0.1,548,,,1.6666666666666714,
2012-10-01,9.0,IRSTCI01INM156N,short_rate_pct,India Short-Term Interest Rate,FRED/OECD Main Economic Indicators,level,9.0,,0.1,548,,,1.6666666666666714,
2012-11-01,9.0,IRSTCI01INM156N,short_rate_pct,India Short-Term Interest Rate,FRED/OECD Main Economic Indicators,level,9.0,,0.1,548,,,1.6666666666666714,
2012-12-01,9.0,IRSTCI01INM156N,short_rate_pct,India Short-Term Interest Rate,FRED/OECD Main Economic Indicators,level,9.0,,0.1,548,,,1.6666666666666714,
2013-01-01,9.0,IRSTCI01INM156N,short_rate_pct,India Short-Term Interest Rate,FRED/OECD Main Economic Indicators,level,9.0,,0.1,548,,,1.6666666666666714,
2013-02-01,8.75,IRSTCI01INM156N,short_rate_pct,India Short-Term Interest Rate,FRED/OECD Main Economic Indicators,level,8.75,,0.1,548,,,9.166666666666671,
2013-03-01,8.65,IRSTCI01INM156N,short_rate_pct,India Short-Term Interest Rate,FRED/OECD Main Economic Indicators,level,8.65,,0.1,548,,,10.0,
2013-04-01,8.5,IRSTCI01INM156N,short_rate_pct,India Short-Term Interest Rate,FRED/OECD Main Economic Indicators,level,8.5,,0.1,548,,,10.833333333333329,
2013-05-01,8.25,IRSTCI01INM156N,short_rate_pct,India Short-Term Interest Rate,FRED/OECD Main Economic Indicators,level,8.25,,0.1,548,,,11.666666666666671,
2013-06-01,8.25,IRSTCI01INM156N,short_rate_pct,India Short-Term Interest Rate,FRED/OECD Main Economic Indicators,level,8.25,,0.1,548,,,11.666666666666671,
2013-07-01,9.25,IRSTCI01INM156N,short_rate_pct,India Short-Term Interest Rate,FRED/OECD Main Economic Indicators,level,9.25,,0.1,548,,,0.8333333333333286,
2013-08-01,10.25,IRSTCI01INM156N,short_rate_pct,India Short-Term Interest Rate,FRED/OECD Main Economic Indicators,level,10.25,,0.1,548,,,0.0,
2013-09-01,9.875,IRSTCI01INM156N,short_rate_pct,India Short-Term Interest Rate,FRED/OECD Main Economic Indicators,level,9.875,,0.1,548,,,0.8333333333333286,
2013-10-01,9.125,IRSTCI01INM156N,short_rate_pct,India Short-Term Interest Rate,FRED/OECD Main Economic Indicators,level,9.125,,0.1,548,,,4.166666666666657,
2013-11-01,8.75,IRSTCI01INM156N,short_rate_pct,India Short-Term Interest Rate,FRED/OECD Main Economic Indicators,level,8.75,,0.1,548,,,12.5,
2013-12-01,8.75,IRSTCI01INM156N,short_rate_pct,India Short-Term Interest Rate,FRED/OECD Main Economic Indicators,level,8.75,,0.1,548,,,12.5,
2014-01-01,8.8,IRSTCI01INM156N,short_rate_pct,India Short-Term Interest Rate,FRED/OECD Main Economic Indicators,level,8.8,,0.1,548,,,12.5,
2014-02-01,9.0,IRSTCI01INM156N,short_rate_pct,India Short-Term Interest Rate,FRED/OECD Main Economic Indicators,level,9.0,,0.1,548,,,5.0,
2014-03-01,9.0,IRSTCI01INM156N,short_rate_pct,India Short-Term Interest Rate,FRED/OECD Main Economic Indicators,level,9.0,,0.1,548,,,5.0,
2014-04-01,9.0,IRSTCI01INM156N,short_rate_pct,India Short-Term Interest Rate,FRED/OECD Main Economic Indicators,level,9.0,,0.1,548,,,5.0,
2014-05-01,9.0,IRSTCI01INM156N,short_rate_pct,India Short-Term Interest Rate,FRED/OECD Main Economic Indicators,level,9.0,,0.1,548,,,5.0,
2014-06-01,9.0,IRSTCI01INM156N,short_rate_pct,India Short-Term Interest Rate,FRED/OECD Main Economic Indicators,level,9.0,,0.1,548,,,5.0,
2014-07-01,9.0,IRSTCI01INM156N,short_rate_pct,India Short-Term Interest Rate,FRED/OECD Main Economic Indicators,level,9.0,,0.1,548,,,5.0,
2014-08-01,9.0,IRSTCI01INM156N,short_rate_pct,India Short-Term Interest Rate,FRED/OECD Main Economic Indicators,level,9.0,,0.1,548,,,5.0,
2014-09-01,9.0,IRSTCI01INM156N,short_rate_pct,India Short-Term Interest Rate,FRED/OECD Main Economic Indicators,level,9.0,,0.1,548,,,5.0,
2014-10-01,9.0,IRSTCI01INM156N,short_rate_pct,India Short-Term Interest Rate,FRED/OECD Main Economic Indicators,level,9.0,,0.1,548,,,5.0,
2014-11-01,9.0,IRSTCI01INM156N,short_rate_pct,India Short-Term Interest Rate,FRED/OECD Main Economic Indicators,level,9.0,,0.1,548,,,5.0,
2014-12-01,9.0,IRSTCI01INM156N,short_rate_pct,India Short-Term Interest Rate,FRED/OECD Main Economic Indicators,level,9.0,,0.1,548,,,5.0,
2015-01-01,8.85,IRSTCI01INM156N,short_rate_pct,India Short-Term Interest Rate,FRED/OECD Main Economic Indicators,level,8.85,,0.1,548,,,21.66666666666667,
2015-02-01,8.75,IRSTCI01INM156N,short_rate_pct,India Short-Term Interest Rate,FRED/OECD Main Economic Indicators,level,8.75,,0.1,548,,,23.33333333333333,
2015-03-01,8.5,IRSTCI01INM156N,short_rate_pct,India Short-Term Interest Rate,FRED/OECD Main Economic Indicators,level,8.5,,0.1,548,,,27.5,
2015-04-01,8.5,IRSTCI01INM156N,short_rate_pct,India Short-Term Interest Rate,FRED/OECD Main Economic Indicators,level,8.5,,0.1,548,,,27.5,
2015-05-01,8.5,IRSTCI01INM156N,short_rate_pct,India Short-Term Interest Rate,FRED/OECD Main Economic Indicators,level,8.5,,0.1,548,,,27.5,
2015-06-01,8.25,IRSTCI01INM156N,short_rate_pct,India Short-Term Interest Rate,FRED/OECD Main Economic Indicators,level,8.25,,0.1,548,,,30.83333333333333,
2015-07-01,8.25,IRSTCI01INM156N,short_rate_pct,India Short-Term Interest Rate,FRED/OECD Main Economic Indicators,level,8.25,,0.1,548,,,30.83333333333333,
2015-08-01,8.25,IRSTCI01INM156N,short_rate_pct,India Short-Term Interest Rate,FRED/OECD Main Economic Indicators,level,8.25,,0.1,548,,,30.83333333333333,
2015-09-01,8.25,IRSTCI01INM156N,short_rate_pct,India Short-Term Interest Rate,FRED/OECD Main Economic Indicators,level,8.25,,0.1,548,,,30.83333333333333,
2015-10-01,7.75,IRSTCI01INM156N,short_rate_pct,India Short-Term Interest Rate,FRED/OECD Main Economic Indicators,level,7.75,,0.1,548,,,35.83333333333333,
2015-11-01,7.75,IRSTCI01INM156N,short_rate_pct,India Short-Term Interest Rate,FRED/OECD Main Economic Indicators,level,7.75,,0.1,548,,,35.83333333333333,
2015-12-01,7.75,IRSTCI01INM156N,short_rate_pct,India Short-Term Interest Rate,FRED/OECD Main Economic Indicators,level,7.75,,0.1,548,,,35.83333333333333,
2016-01-01,7.75,IRSTCI01INM156N,short_rate_pct,India Short-Term Interest Rate,FRED/OECD Main Economic Indicators,level,7.75,,0.1,548,,,35.83333333333333,
2016-02-01,7.75,IRSTCI01INM156N,short_rate_pct,India Short-Term Interest Rate,FRED/OECD Main Economic Indicators,level,7.75,,0.1,548,,,35.83333333333333,
2016-03-01,7.75,IRSTCI01INM156N,short_rate_pct,India Short-Term Interest Rate,FRED/OECD Main Economic Indicators,level,7.75,,0.1,548,,,35.83333333333333,
2016-04-01,7.15,IRSTCI01INM156N,short_rate_pct,India Short-Term Interest Rate,FRED/OECD Main Economic Indicators,level,7.15,,0.1,548,,,41.666666666666664,
2016-05-01,7.0,IRSTCI01INM156N,short_rate_pct,India Short-Term Interest Rate,FRED/OECD Main Economic Indicators,level,7.0,,0.1,548,,,42.50000000000001,
2016-06-01,7.0,IRSTCI01INM156N,short_rate_pct,India Short-Term Interest Rate,FRED/OECD Main Economic Indicators,level,7.0,,0.1,548,,,42.50000000000001,
2016-07-01,7.0,IRSTCI01INM156N,short_rate_pct,India Short-Term Interest Rate,FRED/OECD Main Economic Indicators,level,7.0,,0.1,548,,,42.50000000000001,
2016-08-01,7.0,IRSTCI01INM156N,short_rate_pct,India Short-Term Interest Rate,FRED/OECD Main Economic Indicators,level,7.0,,0.1,548,,,42.50000000000001,
2016-09-01,7.0,IRSTCI01INM156N,short_rate_pct,India Short-Term Interest Rate,FRED/OECD Main Economic Indicators,level,7.0,,0.1,548,,,42.50000000000001,
2016-10-01,6.75,IRSTCI01INM156N,short_rate_pct,India Short-Term Interest Rate,FRED/OECD Main Economic Indicators,level,6.75,,0.1,548,,,46.666666666666664,
2016-11-01,6.75,IRSTCI01INM156N,short_rate_pct,India Short-Term Interest Rate,FRED/OECD Main Economic Indicators,level,6.75,,0.1,548,,,46.666666666666664,
2016-12-01,6.75,IRSTCI01INM156N,short_rate_pct,India Short-Term Interest Rate,FRED/OECD Main Economic Indicators,level,6.75,,0.1,548,,,46.666666666666664,
2017-01-01,6.75,IRSTCI01INM156N,short_rate_pct,India Short-Term Interest Rate,FRED/OECD Main Economic Indicators,level,6.75,,0.1,548,,,46.666666666666664,
2017-02-01,6.75,IRSTCI01INM156N,short_rate_pct,India Short-Term Interest Rate,FRED/OECD Main Economic Indicators,level,6.75,,0.1,548,,,46.666666666666664,
2017-03-01,6.75,IRSTCI01INM156N,short_rate_pct,India Short-Term Interest Rate,FRED/OECD Main Economic Indicators,level,6.75,,0.1,548,,,46.666666666666664,
2017-04-01,6.5,IRSTCI01INM156N,short_rate_pct,India Short-Term Interest Rate,FRED/OECD Main Economic Indicators,level,6.5,,0.1,548,,,51.666666666666664,
2017-05-01,6.5,IRSTCI01INM156N,short_rate_pct,India Short-Term Interest Rate,FRED/OECD Main Economic Indicators,level,6.5,,0.1,548,,,51.666666666666664,
2017-06-01,6.5,IRSTCI01INM156N,short_rate_pct,India Short-Term Interest Rate,FRED/OECD Main Economic Indicators,level,6.5,,0.1,548,,,51.666666666666664,
2017-07-01,6.5,IRSTCI01INM156N,short_rate_pct,India Short-Term Interest Rate,FRED/OECD Main Economic Indicators,level,6.5,,0.1,548,,,51.666666666666664,
2017-08-01,6.25,IRSTCI01INM156N,short_rate_pct,India Short-Term Interest Rate,FRED/OECD Main Economic Indicators,level,6.25,,0.1,548,,,55.0,
2017-09-01,6.25,IRSTCI01INM156N,short_rate_pct,India Short-Term Interest Rate,FRED/OECD Main Economic Indicators,level,6.25,,0.1,548,,,55.0,
2017-10-01,6.25,IRSTCI01INM156N,short_rate_pct,India Short-Term Interest Rate,FRED/OECD Main Economic Indicators,level,6.25,,0.1,548,,,55.0,
2017-11-01,6.25,IRSTCI01INM156N,short_rate_pct,India Short-Term Interest Rate,FRED/OECD Main Economic Indicators,level,6.25,,0.1,548,,,55.0,
2017-12-01,6.25,IRSTCI01INM156N,short_rate_pct,India Short-Term Interest Rate,FRED/OECD Main Economic Indicators,level,6.25,,0.1,548,,,55.0,
2018-01-01,6.25,IRSTCI01INM156N,short_rate_pct,India Short-Term Interest Rate,FRED/OECD Main Economic Indicators,level,6.25,,0.1,548,,,55.0,
2018-02-01,6.25,IRSTCI01INM156N,short_rate_pct,India Short-Term Interest Rate,FRED/OECD Main Economic Indicators,level,6.25,,0.1,548,,,55.0,
2018-03-01,6.25,IRSTCI01INM156N,short_rate_pct,India Short-Term Interest Rate,FRED/OECD Main Economic Indicators,level,6.25,,0.1,548,,,55.0,
2018-04-01,6.25,IRSTCI01INM156N,short_rate_pct,India Short-Term Interest Rate,FRED/OECD Main Economic Indicators,level,6.25,,0.1,548,,,55.0,
2018-05-01,6.25,IRSTCI01INM156N,short_rate_pct,India Short-Term Interest Rate,FRED/OECD Main Economic Indicators,level,6.25,,0.1,548,,,55.0,
2018-06-01,6.45,IRSTCI01INM156N,short_rate_pct,India Short-Term Interest Rate,FRED/OECD Main Economic Indicators,level,6.45,,0.1,548,,,55.0,
2018-07-01,6.5,IRSTCI01INM156N,short_rate_pct,India Short-Term Interest Rate,FRED/OECD Main Economic Indicators,level,6.5,,0.1,548,,,51.666666666666664,
2018-08-01,6.75,IRSTCI01INM156N,short_rate_pct,India Short-Term Interest Rate,FRED/OECD Main Economic Indicators,level,6.75,,0.1,548,,,46.666666666666664,
2018-09-01,6.75,IRSTCI01INM156N,short_rate_pct,India Short-Term Interest Rate,FRED/OECD Main Economic Indicators,level,6.75,,0.1,548,,,46.666666666666664,
2018-10-01,6.75,IRSTCI01INM156N,short_rate_pct,India Short-Term Interest Rate,FRED/OECD Main Economic Indicators,level,6.75,,0.1,548,,,46.666666666666664,
2018-11-01,6.75,IRSTCI01INM156N,short_rate_pct,India Short-Term Interest Rate,FRED/OECD Main Economic Indicators,level,6.75,,0.1,548,,,46.666666666666664,
2018-12-01,6.75,IRSTCI01INM156N,short_rate_pct,India Short-Term Interest Rate,FRED/OECD Main Economic Indicators,level,6.75,,0.1,548,,,46.666666666666664,
2019-01-01,6.75,IRSTCI01INM156N,short_rate_pct,India Short-Term Interest Rate,FRED/OECD Main Economic Indicators,level,6.75,,0.1,548,,,46.666666666666664,
2019-02-01,6.5625,IRSTCI01INM156N,short_rate_pct,India Short-Term Interest Rate,FRED/OECD Main Economic Indicators,level,6.5625,,0.1,548,,,56.666666666666664,
2019-03-01,6.5,IRSTCI01INM156N,short_rate_pct,India Short-Term Interest Rate,FRED/OECD Main Economic Indicators,level,6.5,,0.1,548,,,57.5,
2019-04-01,6.25,IRSTCI01INM156N,short_rate_pct,India Short-Term Interest Rate,FRED/OECD Main Economic Indicators,level,6.25,,0.1,548,,,63.333333333333336,
2019-05-01,6.25,IRSTCI01INM156N,short_rate_pct,India Short-Term Interest Rate,FRED/OECD Main Economic Indicators,level,6.25,,0.1,548,,,63.333333333333336,
2019-06-01,6.0,IRSTCI01INM156N,short_rate_pct,India Short-Term Interest Rate,FRED/OECD Main Economic Indicators,level,6.0,,0.1,548,,,73.33333333333333,
2019-07-01,6.0,IRSTCI01INM156N,short_rate_pct,India Short-Term Interest Rate,FRED/OECD Main Economic Indicators,level,6.0,,0.1,548,,,73.33333333333333,
2019-08-01,5.72,IRSTCI01INM156N,short_rate_pct,India Short-Term Interest Rate,FRED/OECD Main Economic Indicators,level,5.72,,0.1,548,,,99.16666666666667,
2019-09-01,5.65,IRSTCI01INM156N,short_rate_pct,India Short-Term Interest Rate,FRED/OECD Main Economic Indicators,level,5.65,,0.1,548,,,99.16666666666667,
2019-10-01,5.4,IRSTCI01INM156N,short_rate_pct,India Short-Term Interest Rate,FRED/OECD Main Economic Indicators,level,5.4,,0.1,548,,,99.16666666666667,
2019-11-01,5.4,IRSTCI01INM156N,short_rate_pct,India Short-Term Interest Rate,FRED/OECD Main Economic Indicators,level,5.4,,0.1,548,,,98.33333333333333,
2019-12-01,5.4,IRSTCI01INM156N,short_rate_pct,India Short-Term Interest Rate,FRED/OECD Main Economic Indicators,level,5.4,,0.1,548,,,97.5,
2020-01-01,5.4,IRSTCI01INM156N,short_rate_pct,India Short-Term Interest Rate,FRED/OECD Main Economic Indicators,level,5.4,,0.1,548,,,96.66666666666667,
2020-02-01,5.4,IRSTCI01INM156N,short_rate_pct,India Short-Term Interest Rate,FRED/OECD Main Economic Indicators,level,5.4,,0.1,548,,,95.83333333333333,
2020-03-01,5.2125,IRSTCI01INM156N,short_rate_pct,India Short-Term Interest Rate,FRED/OECD Main Economic Indicators,level,5.2125,,0.1,548,,,99.16666666666667,
2020-04-01,4.65,IRSTCI01INM156N,short_rate_pct,India Short-Term Interest Rate,FRED/OECD Main Economic Indicators,level,4.65,,0.1,548,,,99.16666666666667,
2020-05-01,4.49,IRSTCI01INM156N,short_rate_pct,India Short-Term Interest Rate,FRED/OECD Main Economic Indicators,level,4.49,,0.1,548,,,99.16666666666667,
2020-06-01,4.25,IRSTCI01INM156N,short_rate_pct,India Short-Term Interest Rate,FRED/OECD Main Economic Indicators,level,4.25,,0.1,548,,,99.16666666666667,
2020-07-01,4.25,IRSTCI01INM156N,short_rate_pct,India Short-Term Interest Rate,FRED/OECD Main Economic Indicators,level,4.25,,0.1,548,,,98.33333333333333,
2020-08-01,4.25,IRSTCI01INM156N,short_rate_pct,India Short-Term Interest Rate,FRED/OECD Main Economic Indicators,level,4.25,,0.1,548,,,97.5,
2020-09-01,4.25,IRSTCI01INM156N,short_rate_pct,India Short-Term Interest Rate,FRED/OECD Main Economic Indicators,level,4.25,,0.1,548,,,96.66666666666667,
2020-10-01,4.25,IRSTCI01INM156N,short_rate_pct,India Short-Term Interest Rate,FRED/OECD Main Economic Indicators,level,4.25,,0.1,548,,,95.83333333333333,
2020-11-01,4.25,IRSTCI01INM156N,short_rate_pct,India Short-Term Interest Rate,FRED/OECD Main Economic Indicators,level,4.25,,0.1,548,,,95.0,
2020-12-01,4.25,IRSTCI01INM156N,short_rate_pct,India Short-Term Interest Rate,FRED/OECD Main Economic Indicators,level,4.25,,0.1,548,,,94.16666666666667,
2021-01-01,4.25,IRSTCI01INM156N,short_rate_pct,India Short-Term Interest Rate,FRED/OECD Main Economic Indicators,level,4.25,,0.1,548,,,93.33333333333333,
2021-02-01,4.25,IRSTCI01INM156N,short_rate_pct,India Short-Term Interest Rate,FRED/OECD Main Economic Indicators,level,4.25,,0.1,548,,,92.5,
2021-03-01,4.25,IRSTCI01INM156N,short_rate_pct,India Short-Term Interest Rate,FRED/OECD Main Economic Indicators,level,4.25,,0.1,548,,,91.66666666666667,
2021-04-01,4.25,IRSTCI01INM156N,short_rate_pct,India Short-Term Interest Rate,FRED/OECD Main Economic Indicators,level,4.25,,0.1,548,,,90.83333333333333,
2021-05-01,4.25,IRSTCI01INM156N,short_rate_pct,India Short-Term Interest Rate,FRED/OECD Main Economic Indicators,level,4.25,,0.1,548,,,90.0,
2021-06-01,4.25,IRSTCI01INM156N,short_rate_pct,India Short-Term Interest Rate,FRED/OECD Main Economic Indicators,level,4.25,,0.1,548,,,89.16666666666667,
2021-07-01,4.25,IRSTCI01INM156N,short_rate_pct,India Short-Term Interest Rate,FRED/OECD Main Economic Indicators,level,4.25,,0.1,548,,,88.33333333333333,
2021-08-01,4.25,IRSTCI01INM156N,short_rate_pct,India Short-Term Interest Rate,FRED/OECD Main Economic Indicators,level,4.25,,0.1,548,,,87.5,
2021-09-01,4.25,IRSTCI01INM156N,short_rate_pct,India Short-Term Interest Rate,FRED/OECD Main Economic Indicators,level,4.25,,0.1,548,,,86.66666666666667,
2021-10-01,4.25,IRSTCI01INM156N,short_rate_pct,India Short-Term Interest Rate,FRED/OECD Main Economic Indicators,level,4.25,,0.1,548,,,85.83333333333333,
2021-11-01,4.25,IRSTCI01INM156N,short_rate_pct,India Short-Term Interest Rate,FRED/OECD Main Economic Indicators,level,4.25,,0.1,548,,,85.0,
2021-12-01,4.25,IRSTCI01INM156N,short_rate_pct,India Short-Term Interest Rate,FRED/OECD Main Economic Indicators,level,4.25,,0.1,548,,,84.16666666666667,
2022-01-01,4.25,IRSTCI01INM156N,short_rate_pct,India Short-Term Interest Rate,FRED/OECD Main Economic Indicators,level,4.25,,0.1,548,,,83.33333333333334,
2022-02-01,4.25,IRSTCI01INM156N,short_rate_pct,India Short-Term Interest Rate,FRED/OECD Main Economic Indicators,level,4.25,,0.1,548,,,82.5,
2022-03-01,4.25,IRSTCI01INM156N,short_rate_pct,India Short-Term Interest Rate,FRED/OECD Main Economic Indicators,level,4.25,,0.1,548,,,81.66666666666667,
2022-04-01,4.25,IRSTCI01INM156N,short_rate_pct,India Short-Term Interest Rate,FRED/OECD Main Economic Indicators,level,4.25,,0.1,548,,,80.83333333333333,
2022-05-01,4.65,IRSTCI01INM156N,short_rate_pct,India Short-Term Interest Rate,FRED/OECD Main Economic Indicators,level,4.65,,0.1,548,,,78.33333333333333,
2022-06-01,5.025,IRSTCI01INM156N,short_rate_pct,India Short-Term Interest Rate,FRED/OECD Main Economic Indicators,level,5.025,,0.1,548,,,77.5,
2022-07-01,5.15,IRSTCI01INM156N,short_rate_pct,India Short-Term Interest Rate,FRED/OECD Main Economic Indicators,level,5.15,,0.1,548,,,76.66666666666667,
2022-08-01,5.65,IRSTCI01INM156N,short_rate_pct,India Short-Term Interest Rate,FRED/OECD Main Economic Indicators,level,5.65,,0.1,548,,,70.0,
2022-09-01,5.75,IRSTCI01INM156N,short_rate_pct,India Short-Term Interest Rate,FRED/OECD Main Economic Indicators,level,5.75,,0.1,548,,,68.33333333333334,
2022-10-01,6.15,IRSTCI01INM156N,short_rate_pct,India Short-Term Interest Rate,FRED/OECD Main Economic Indicators,level,6.15,,0.1,548,,,65.83333333333334,
2022-11-01,6.15,IRSTCI01INM156N,short_rate_pct,India Short-Term Interest Rate,FRED/OECD Main Economic Indicators,level,6.15,,0.1,548,,,65.0,
2022-12-01,6.43,IRSTCI01INM156N,short_rate_pct,India Short-Term Interest Rate,FRED/OECD Main Economic Indicators,level,6.43,,0.1,548,,,54.16666666666667,
2023-01-01,6.5,IRSTCI01INM156N,short_rate_pct,India Short-Term Interest Rate,FRED/OECD Main Economic Indicators,level,6.5,,0.1,548,,,47.5,
2023-02-01,6.6875,IRSTCI01INM156N,short_rate_pct,India Short-Term Interest Rate,FRED/OECD Main Economic Indicators,level,6.6875,,0.1,548,,,45.833333333333336,
2023-03-01,6.75,IRSTCI01INM156N,short_rate_pct,India Short-Term Interest Rate,FRED/OECD Main Economic Indicators,level,6.75,,0.1,548,,,35.0,
2023-04-01,6.75,IRSTCI01INM156N,short_rate_pct,India Short-Term Interest Rate,FRED/OECD Main Economic Indicators,level,6.75,,0.1,548,,,34.16666666666667,
2023-05-01,6.75,IRSTCI01INM156N,short_rate_pct,India Short-Term Interest Rate,FRED/OECD Main Economic Indicators,level,6.75,,0.1,548,,,33.33333333333334,
2023-06-01,6.75,IRSTCI01INM156N,short_rate_pct,India Short-Term Interest Rate,FRED/OECD Main Economic Indicators,level,6.75,,0.1,548,,,32.5,
2023-07-01,6.75,IRSTCI01INM156N,short_rate_pct,India Short-Term Interest Rate,FRED/OECD Main Economic Indicators,level,6.75,,0.1,548,,,31.66666666666667,
2023-08-01,6.75,IRSTCI01INM156N,short_rate_pct,India Short-Term Interest Rate,FRED/OECD Main Economic Indicators,level,6.75,,0.1,548,,,30.83333333333333,
2023-09-01,6.75,IRSTCI01INM156N,short_rate_pct,India Short-Term Interest Rate,FRED/OECD Main Economic Indicators,level,6.75,,0.1,548,,,30.0,
2023-10-01,6.75,IRSTCI01INM156N,short_rate_pct,India Short-Term Interest Rate,FRED/OECD Main Economic Indicators,level,6.75,,0.1,548,,,29.166666666666657,
2023-11-01,6.75,IRSTCI01INM156N,short_rate_pct,India Short-Term Interest Rate,FRED/OECD Main Economic Indicators,level,6.75,,0.1,548,,,28.33333333333333,
2023-12-01,6.75,IRSTCI01INM156N,short_rate_pct,India Short-Term Interest Rate,FRED/OECD Main Economic Indicators,level,6.75,,0.1,548,,,27.5,
2024-01-01,6.75,IRSTCI01INM156N,short_rate_pct,India Short-Term Interest Rate,FRED/OECD Main Economic Indicators,level,6.75,,0.1,548,,,26.66666666666667,
2024-02-01,6.75,IRSTCI01INM156N,short_rate_pct,India Short-Term Interest Rate,FRED/OECD Main Economic Indicators,level,6.75,,0.1,548,,,25.83333333333333,
2024-03-01,6.75,IRSTCI01INM156N,short_rate_pct,India Short-Term Interest Rate,FRED/OECD Main Economic Indicators,level,6.75,,0.1,548,,,25.0,
2024-04-01,6.75,IRSTCI01INM156N,short_rate_pct,India Short-Term Interest Rate,FRED/OECD Main Economic Indicators,level,6.75,,0.1,548,,,24.16666666666667,
2024-05-01,6.75,IRSTCI01INM156N,short_rate_pct,India Short-Term Interest Rate,FRED/OECD Main Economic Indicators,level,6.75,,0.1,548,,,23.33333333333333,
2024-06-01,6.75,IRSTCI01INM156N,short_rate_pct,India Short-Term Interest Rate,FRED/OECD Main Economic Indicators,level,6.75,,0.1,548,,,22.5,
2024-07-01,6.75,IRSTCI01INM156N,short_rate_pct,India Short-Term Interest Rate,FRED/OECD Main Economic Indicators,level,6.75,,0.1,548,,,21.66666666666667,
2024-08-01,6.75,IRSTCI01INM156N,short_rate_pct,India Short-Term Interest Rate,FRED/OECD Main Economic Indicators,level,6.75,,0.1,548,,,20.833333333333343,
2024-09-01,6.75,IRSTCI01INM156N,short_rate_pct,India Short-Term Interest Rate,FRED/OECD Main Economic Indicators,level,6.75,,0.1,548,,,20.0,
2024-10-01,6.75,IRSTCI01INM156N,short_rate_pct,India Short-Term Interest Rate,FRED/OECD Main Economic Indicators,level,6.75,,0.1,548,,,19.16666666666667,
2024-11-01,6.75,IRSTCI01INM156N,short_rate_pct,India Short-Term Interest Rate,FRED/OECD Main Economic Indicators,level,6.75,,0.1,548,,,18.33333333333333,
2024-12-01,6.75,IRSTCI01INM156N,short_rate_pct,India Short-Term Interest Rate,FRED/OECD Main Economic Indicators,level,6.75,,0.1,548,,,17.5,
2025-01-01,6.75,IRSTCI01INM156N,short_rate_pct,India Short-Term Interest Rate,FRED/OECD Main Economic Indicators,level,6.75,,0.1,548,,,16.666666666666657,
2025-02-01,6.5,IRSTCI01INM156N,short_rate_pct,India Short-Term Interest Rate,FRED/OECD Main Economic Indicators,level,6.5,,0.1,548,,,46.666666666666664,
2025-03-01,6.5,IRSTCI01INM156N,short_rate_pct,India Short-Term Interest Rate,FRED/OECD Main Economic Indicators,level,6.5,,0.1,548,,,45.833333333333336,
2025-04-01,6.3125,IRSTCI01INM156N,short_rate_pct,India Short-Term Interest Rate,FRED/OECD Main Economic Indicators,level,6.3125,,0.1,548,,,54.16666666666667,
2025-05-01,6.25,IRSTCI01INM156N,short_rate_pct,India Short-Term Interest Rate,FRED/OECD Main Economic Indicators,level,6.25,,0.1,548,,,54.16666666666667,
2025-06-01,5.75,IRSTCI01INM156N,short_rate_pct,India Short-Term Interest Rate,FRED/OECD Main Economic Indicators,level,5.75,,0.1,548,,,67.5,
2025-07-01,5.75,IRSTCI01INM156N,short_rate_pct,India Short-Term Interest Rate,FRED/OECD Main Economic Indicators,level,5.75,,0.1,548,,,66.66666666666667,
2025-08-01,5.75,IRSTCI01INM156N,short_rate_pct,India Short-Term Interest Rate,FRED/OECD Main Economic Indicators,level,5.75,,0.1,548,,,65.83333333333334,
2025-09-01,5.75,IRSTCI01INM156N,short_rate_pct,India Short-Term Interest Rate,FRED/OECD Main Economic Indicators,level,5.75,,0.1,548,,,65.0,
2025-10-01,5.75,IRSTCI01INM156N,short_rate_pct,India Short-Term Interest Rate,FRED/OECD Main Economic Indicators,level,5.75,,0.1,548,,,64.16666666666666,
2025-11-01,5.75,IRSTCI01INM156N,short_rate_pct,India Short-Term Interest Rate,FRED/OECD Main Economic Indicators,level,5.75,,0.1,548,,,63.333333333333336,
2025-12-01,5.5,IRSTCI01INM156N,short_rate_pct,India Short-Term Interest Rate,FRED/OECD Main Economic Indicators,level,5.5,,0.1,548,,,70.83333333333333,
2026-01-01,5.5,IRSTCI01INM156N,short_rate_pct,India Short-Term Interest Rate,FRED/OECD Main Economic Indicators,level,5.5,,0.1,548,,,70.0,
2026-02-01,5.5,IRSTCI01INM156N,short_rate_pct,India Short-Term Interest Rate,FRED/OECD Main Economic Indicators,level,5.5,,0.1,548,,,69.16666666666666,
2026-03-01,5.5,IRSTCI01INM156N,short_rate_pct,India Short-Term Interest Rate,FRED/OECD Main Economic Indicators,level,5.5,,0.1,548,,,68.33333333333334,
2026-04-01,5.5,IRSTCI01INM156N,short_rate_pct,India Short-Term Interest Rate,FRED/OECD Main Economic Indicators,level,5.5,,0.1,548,,,67.5,
2026-05-01,5.5,IRSTCI01INM156N,short_rate_pct,India Short-Term Interest Rate,FRED/OECD Main Economic Indicators,level,5.5,,0.1,548,,,66.66666666666667,
1960-01-01,37029883876.1839,MKTGDPINA646NWDB,gdp_yoy_pct,India GDP YoY,FRED/World Bank,yoy_pct,,,0.2,1095,,,,
1961-01-01,39232435784.0358,MKTGDPINA646NWDB,gdp_yoy_pct,India GDP YoY,FRED/World Bank,yoy_pct,5.948038927738808,,0.2,1095,,,,
1962-01-01,42161481858.0819,MKTGDPINA646NWDB,gdp_yoy_pct,India GDP YoY,FRED/World Bank,yoy_pct,7.465878718746222,,0.2,1095,,,,
1963-01-01,48421923459.1235,MKTGDPINA646NWDB,gdp_yoy_pct,India GDP YoY,FRED/World Bank,yoy_pct,14.848722874861519,,0.2,1095,,,,
1964-01-01,56480289940.9899,MKTGDPINA646NWDB,gdp_yoy_pct,India GDP YoY,FRED/World Bank,yoy_pct,16.641979306478927,,0.2,1095,,,,
1965-01-01,59556105229.0052,MKTGDPINA646NWDB,gdp_yoy_pct,India GDP YoY,FRED/World Bank,yoy_pct,5.445820641552812,,0.2,1095,,,,
1966-01-01,45581230504.071,MKTGDPINA646NWDB,gdp_yoy_pct,India GDP YoY,FRED/World Bank,yoy_pct,-23.465058151801564,,0.2,1095,,,,
1967-01-01,50134942204.0,MKTGDPINA646NWDB,gdp_yoy_pct,India GDP YoY,FRED/World Bank,yoy_pct,9.990322002216011,,0.2,1095,,,,
1968-01-01,53085455870.6667,MKTGDPINA646NWDB,gdp_yoy_pct,India GDP YoY,FRED/World Bank,yoy_pct,5.885144246623453,,0.2,1095,,,,
1969-01-01,58447995017.3333,MKTGDPINA646NWDB,gdp_yoy_pct,India GDP YoY,FRED/World Bank,yoy_pct,10.101710645061557,,0.2,1095,,,,
1970-01-01,62422483054.6667,MKTGDPINA646NWDB,gdp_yoy_pct,India GDP YoY,FRED/World Bank,yoy_pct,6.800041705715887,,0.2,1095,,,,
1971-01-01,67351404351.833,MKTGDPINA646NWDB,gdp_yoy_pct,India GDP YoY,FRED/World Bank,yoy_pct,7.896067339791313,,0.2,1095,,,,
1972-01-01,71464700666.9869,MKTGDPINA646NWDB,gdp_yoy_pct,India GDP YoY,FRED/World Bank,yoy_pct,6.107216849802688,,0.2,1095,,,,
1973-01-01,85517673172.5513,MKTGDPINA646NWDB,gdp_yoy_pct,India GDP YoY,FRED/World Bank,yoy_pct,19.66421516413932,,0.2,1095,,,,
1974-01-01,99526597933.6331,MKTGDPINA646NWDB,gdp_yoy_pct,India GDP YoY,FRED/World Bank,yoy_pct,16.381321242002954,,0.2,1095,,,,
1975-01-01,98473832017.3242,MKTGDPINA646NWDB,gdp_yoy_pct,India GDP YoY,FRED/World Bank,yoy_pct,-1.0577734376200687,,0.2,1095,,,,
1976-01-01,102716451979.68,MKTGDPINA646NWDB,gdp_yoy_pct,India GDP YoY,FRED/World Bank,yoy_pct,4.308372971216756,,0.2,1095,,,,
1977-01-01,121486641441.309,MKTGDPINA646NWDB,gdp_yoy_pct,India GDP YoY,FRED/World Bank,yoy_pct,18.27379071206845,,0.2,1095,,,,
1978-01-01,137302319828.995,MKTGDPINA646NWDB,gdp_yoy_pct,India GDP YoY,FRED/World Bank,yoy_pct,13.018450588517293,,0.2,1095,,,,
1979-01-01,152995442497.709,MKTGDPINA646NWDB,gdp_yoy_pct,India GDP YoY,FRED/World Bank,yoy_pct,11.429612178628323,,0.2,1095,,,,
1980-01-01,186328579302.068,MKTGDPINA646NWDB,gdp_yoy_pct,India GDP YoY,FRED/World Bank,yoy_pct,21.787012907170823,,0.2,1095,,,,
1981-01-01,193491368445.573,MKTGDPINA646NWDB,gdp_yoy_pct,India GDP YoY,FRED/World Bank,yoy_pct,3.8441709641831245,,0.2,1095,,,,
1982-01-01,200715624830.902,MKTGDPINA646NWDB,gdp_yoy_pct,India GDP YoY,FRED/World Bank,yoy_pct,3.733632380279084,,0.2,1095,,,,
1983-01-01,218262146413.158,MKTGDPINA646NWDB,gdp_yoy_pct,India GDP YoY,FRED/World Bank,yoy_pct,8.741980898118173,,0.2,1095,,,,
1984-01-01,212157645177.652,MKTGDPINA646NWDB,gdp_yoy_pct,India GDP YoY,FRED/World Bank,yoy_pct,-2.796866674237919,,0.2,1095,,,,8.333333333333332
1985-01-01,232511554840.372,MKTGDPINA646NWDB,gdp_yoy_pct,India GDP YoY,FRED/World Bank,yoy_pct,9.59376676983592,,0.2,1095,,,,60.0
1986-01-01,248985994040.59,MKTGDPINA646NWDB,gdp_yoy_pct,India GDP YoY,FRED/World Bank,yoy_pct,7.085428167872476,,0.2,1095,,,,46.15384615384615
1987-01-01,279033584092.223,MKTGDPINA646NWDB,gdp_yoy_pct,India GDP YoY,FRED/World Bank,yoy_pct,12.067984051638913,,0.2,1095,,,,74.07407407407408
1988-01-01,296589670895.932,MKTGDPINA646NWDB,gdp_yoy_pct,India GDP YoY,FRED/World Bank,yoy_pct,6.29174687370484,,0.2,1095,,,,39.285714285714285
1989-01-01,296042052944.66,MKTGDPINA646NWDB,gdp_yoy_pct,India GDP YoY,FRED/World Bank,yoy_pct,-0.18463824098047255,,0.2,1095,,,,13.793103448275861
1990-01-01,320979026420.035,MKTGDPINA646NWDB,gdp_yoy_pct,India GDP YoY,FRED/World Bank,yoy_pct,8.423456474285619,,0.2,1095,,,,56.666666666666664
1991-01-01,270105341879.226,MKTGDPINA646NWDB,gdp_yoy_pct,India GDP YoY,FRED/World Bank,yoy_pct,-15.849535437943342,,0.2,1095,,,,6.451612903225806
1992-01-01,288208070278.013,MKTGDPINA646NWDB,gdp_yoy_pct,India GDP YoY,FRED/World Bank,yoy_pct,6.7020993634703485,,0.2,1095,,,,43.75
1993-01-01,279295648982.529,MKTGDPINA646NWDB,gdp_yoy_pct,India GDP YoY,FRED/World Bank,yoy_pct,-3.0923566043403516,,0.2,1095,,,,9.090909090909092
1994-01-01,327274843459.429,MKTGDPINA646NWDB,gdp_yoy_pct,India GDP YoY,FRED/World Bank,yoy_pct,17.178640144122447,,0.2,1095,,,,91.17647058823529
1995-01-01,360281909643.489,MKTGDPINA646NWDB,gdp_yoy_pct,India GDP YoY,FRED/World Bank,yoy_pct,10.085427231485866,,0.2,1095,,,,68.57142857142857
1996-01-01,392896866204.516,MKTGDPINA646NWDB,gdp_yoy_pct,India GDP YoY,FRED/World Bank,yoy_pct,9.052621208014733,,0.2,1095,,,,61.111111111111114
1997-01-01,415867563592.829,MKTGDPINA646NWDB,gdp_yoy_pct,India GDP YoY,FRED/World Bank,yoy_pct,5.846495445539124,,0.2,1095,,,,29.72972972972973
1998-01-01,421351317224.941,MKTGDPINA646NWDB,gdp_yoy_pct,India GDP YoY,FRED/World Bank,yoy_pct,1.31862980241495,,0.2,1095,,,,18.421052631578945
1999-01-01,458821052615.79,MKTGDPINA646NWDB,gdp_yoy_pct,India GDP YoY,FRED/World Bank,yoy_pct,8.89275382776258,,0.2,1095,,,,61.53846153846154
2000-01-01,468395521654.458,MKTGDPINA646NWDB,gdp_yoy_pct,India GDP YoY,FRED/World Bank,yoy_pct,2.0867545166210144,,0.2,1095,,,,20.0
2001-01-01,485440139204.171,MKTGDPINA646NWDB,gdp_yoy_pct,India GDP YoY,FRED/World Bank,yoy_pct,3.6389369158587037,,0.2,1095,,,,21.951219512195124
2002-01-01,514939140318.756,MKTGDPINA646NWDB,gdp_yoy_pct,India GDP YoY,FRED/World Bank,yoy_pct,6.076753595808038,,0.2,1095,,,,40.476190476190474
2003-01-01,607700687237.318,MKTGDPINA646NWDB,gdp_yoy_pct,India GDP YoY,FRED/World Bank,yoy_pct,18.014079656314543,,0.2,1095,,,,93.02325581395348
2004-01-01,709152728830.775,MKTGDPINA646NWDB,gdp_yoy_pct,India GDP YoY,FRED/World Bank,yoy_pct,16.694409554590184,,0.2,1095,,,,88.63636363636364
2005-01-01,820383763511.445,MKTGDPINA646NWDB,gdp_yoy_pct,India GDP YoY,FRED/World Bank,yoy_pct,15.685060517790506,,0.2,1095,,,,82.22222222222221
2006-01-01,940259888787.7208,MKTGDPINA646NWDB,gdp_yoy_pct,India GDP YoY,FRED/World Bank,yoy_pct,14.612201095152887,,0.2,1095,,,,78.26086956521739
2007-01-01,1216736438834.96,MKTGDPINA646NWDB,gdp_yoy_pct,India GDP YoY,FRED/World Bank,yoy_pct,29.404269324271716,,0.2,1095,,,,100.0
2008-01-01,1198895139005.92,MKTGDPINA646NWDB,gdp_yoy_pct,India GDP YoY,FRED/World Bank,yoy_pct,-1.4663241158556328,,0.2,1095,,,,10.416666666666668
2009-01-01,1341888016994.9,MKTGDPINA646NWDB,gdp_yoy_pct,India GDP YoY,FRED/World Bank,yoy_pct,11.92705461359569,,0.2,1095,,,,71.42857142857143
2010-01-01,1675615519484.96,MKTGDPINA646NWDB,gdp_yoy_pct,India GDP YoY,FRED/World Bank,yoy_pct,24.86999647239032,,0.2,1095,,,,98.0
2011-01-01,1823051829894.55,MKTGDPINA646NWDB,gdp_yoy_pct,India GDP YoY,FRED/World Bank,yoy_pct,8.798934403216085,,0.2,1095,,,,54.90196078431373
2012-01-01,1827637590410.4097,MKTGDPINA646NWDB,gdp_yoy_pct,India GDP YoY,FRED/World Bank,yoy_pct,0.2515430686424791,,0.2,1095,,,,15.384615384615385
2013-01-01,1856721507621.58,MKTGDPINA646NWDB,gdp_yoy_pct,India GDP YoY,FRED/World Bank,yoy_pct,1.5913394079752674,,0.2,1095,,,,18.867924528301888
2014-01-01,2039126479154.52,MKTGDPINA646NWDB,gdp_yoy_pct,India GDP YoY,FRED/World Bank,yoy_pct,9.824035041560798,,0.2,1095,,,,62.96296296296296
2015-01-01,2103588360044.94,MKTGDPINA646NWDB,gdp_yoy_pct,India GDP YoY,FRED/World Bank,yoy_pct,3.161249758138962,,0.2,1095,,,,21.818181818181817
2016-01-01,2294796885663.16,MKTGDPINA646NWDB,gdp_yoy_pct,India GDP YoY,FRED/World Bank,yoy_pct,9.089636035737293,,0.2,1095,,,,60.71428571428571
2017-01-01,2651474262755.45,MKTGDPINA646NWDB,gdp_yoy_pct,India GDP YoY,FRED/World Bank,yoy_pct,15.542873503125577,,0.2,1095,,,,80.7017543859649
2018-01-01,2702929641648.74,MKTGDPINA646NWDB,gdp_yoy_pct,India GDP YoY,FRED/World Bank,yoy_pct,1.9406327874296192,,0.2,1095,,,,18.96551724137931
2019-01-01,2835606256558.1895,MKTGDPINA646NWDB,gdp_yoy_pct,India GDP YoY,FRED/World Bank,yoy_pct,4.908622587324141,,0.2,1095,,,,30.508474576271187
2020-01-01,2674851578587.27,MKTGDPINA646NWDB,gdp_yoy_pct,India GDP YoY,FRED/World Bank,yoy_pct,-5.669146680683401,,0.2,1095,,,,5.0
2021-01-01,3167270623260.47,MKTGDPINA646NWDB,gdp_yoy_pct,India GDP YoY,FRED/World Bank,yoy_pct,18.409210014309373,,0.2,1095,,,,93.44262295081968
2022-01-01,3249938492013.47,MKTGDPINA646NWDB,gdp_yoy_pct,India GDP YoY,FRED/World Bank,yoy_pct,2.6100664763498926,,0.2,1095,,,,22.58064516129032
2023-01-01,3500906030644.76,MKTGDPINA646NWDB,gdp_yoy_pct,India GDP YoY,FRED/World Bank,yoy_pct,7.722224258952193,,0.2,1095,,,,50.79365079365079
2024-01-01,3760813470500.86,MKTGDPINA646NWDB,gdp_yoy_pct,India GDP YoY,FRED/World Bank,yoy_pct,7.4240050312985195,,0.2,1095,,,,48.4375
2025-01-01,3956067115771.6304,MKTGDPINA646NWDB,gdp_yoy_pct,India GDP YoY,FRED/World Bank,yoy_pct,5.191792860834621,,0.2,1095,,,,32.30769230769231
