symbol,pulled_on,pulled_at,date,submissionDate,broadcastDate,recordId,xbrl,desc,pr_and_prgrp,public_val,source
ADANIENT,2026-07-08,2026-07-08T20:26:41,2023-06-30,2023-06-30,2023-06-30,screener_ADANIENT_shareholding_20230630,https://www.screener.in/company/ADANIENT/consolidated/,screener shareholding table,67.65,7.54,screener
ADANIENT,2026-07-08,2026-07-08T20:26:41,2023-09-30,2023-09-30,2023-09-30,screener_ADANIENT_shareholding_20230930,https://www.screener.in/company/ADANIENT/consolidated/,screener shareholding table,72.61,7.23,screener
ADANIENT,2026-07-08,2026-07-08T20:26:41,2023-12-31,2023-12-31,2023-12-31,screener_ADANIENT_shareholding_20231231,https://www.screener.in/company/ADANIENT/consolidated/,screener shareholding table,72.61,7.3,screener
ADANIENT,2026-07-08,2026-07-08T20:26:41,2024-03-31,2024-03-31,2024-03-31,screener_ADANIENT_shareholding_20240331,https://www.screener.in/company/ADANIENT/consolidated/,screener shareholding table,72.61,7.22,screener
ADANIENT,2026-07-08,2026-07-08T20:26:41,2024-06-30,2024-06-30,2024-06-30,screener_ADANIENT_shareholding_20240630,https://www.screener.in/company/ADANIENT/consolidated/,screener shareholding table,74.72,7.53,screener
ADANIENT,2026-07-08,2026-07-08T20:26:41,2024-09-30,2024-09-30,2024-09-30,screener_ADANIENT_shareholding_20240930,https://www.screener.in/company/ADANIENT/consolidated/,screener shareholding table,74.89,7.36,screener
ADANIENT,2026-07-08,2026-07-08T20:26:41,2024-12-31,2024-12-31,2024-12-31,screener_ADANIENT_shareholding_20241231,https://www.screener.in/company/ADANIENT/consolidated/,screener shareholding table,73.97,7.68,screener
ADANIENT,2026-07-08,2026-07-08T20:26:41,2025-03-31,2025-03-31,2025-03-31,screener_ADANIENT_shareholding_20250331,https://www.screener.in/company/ADANIENT/consolidated/,screener shareholding table,73.97,7.45,screener
ADANIENT,2026-07-08,2026-07-08T20:26:41,2025-06-30,2025-06-30,2025-06-30,screener_ADANIENT_shareholding_20250630,https://www.screener.in/company/ADANIENT/consolidated/,screener shareholding table,73.97,7.44,screener
ADANIENT,2026-07-08,2026-07-08T20:26:41,2025-09-30,2025-09-30,2025-09-30,screener_ADANIENT_shareholding_20250930,https://www.screener.in/company/ADANIENT/consolidated/,screener shareholding table,73.97,7.47,screener
ADANIENT,2026-07-08,2026-07-08T20:26:41,2025-12-31,2025-12-31,2025-12-31,screener_ADANIENT_shareholding_20251231,https://www.screener.in/company/ADANIENT/consolidated/,screener shareholding table,73.97,7.66,screener
ADANIENT,2026-07-08,2026-07-08T20:26:41,2026-03-31,2026-03-31,2026-03-31,screener_ADANIENT_shareholding_20260331,https://www.screener.in/company/ADANIENT/consolidated/,screener shareholding table,74.67,7.84,screener
ADANIPORTS,2026-07-08,2026-07-08T20:26:41,2023-06-30,2023-06-30,2023-06-30,screener_ADANIPORTS_shareholding_20230630,https://www.screener.in/company/ADANIPORTS/consolidated/,screener shareholding table,62.89,7.66,screener
ADANIPORTS,2026-07-08,2026-07-08T20:26:41,2023-09-30,2023-09-30,2023-09-30,screener_ADANIPORTS_shareholding_20230930,https://www.screener.in/company/ADANIPORTS/consolidated/,screener shareholding table,65.53,7.37,screener
ADANIPORTS,2026-07-08,2026-07-08T20:26:41,2023-12-31,2023-12-31,2023-12-31,screener_ADANIPORTS_shareholding_20231231,https://www.screener.in/company/ADANIPORTS/consolidated/,screener shareholding table,65.89,7.39,screener
ADANIPORTS,2026-07-08,2026-07-08T20:26:41,2024-03-31,2024-03-31,2024-03-31,screener_ADANIPORTS_shareholding_20240331,https://www.screener.in/company/ADANIPORTS/consolidated/,screener shareholding table,65.89,7.3,screener
ADANIPORTS,2026-07-08,2026-07-08T20:26:41,2024-06-30,2024-06-30,2024-06-30,screener_ADANIPORTS_shareholding_20240630,https://www.screener.in/company/ADANIPORTS/consolidated/,screener shareholding table,65.89,6.44,screener
ADANIPORTS,2026-07-08,2026-07-08T20:26:41,2024-09-30,2024-09-30,2024-09-30,screener_ADANIPORTS_shareholding_20240930,https://www.screener.in/company/ADANIPORTS/consolidated/,screener shareholding table,65.89,5.62,screener
ADANIPORTS,2026-07-08,2026-07-08T20:26:41,2024-12-31,2024-12-31,2024-12-31,screener_ADANIPORTS_shareholding_20241231,https://www.screener.in/company/ADANIPORTS/consolidated/,screener shareholding table,65.89,5.96,screener
ADANIPORTS,2026-07-08,2026-07-08T20:26:41,2025-03-31,2025-03-31,2025-03-31,screener_ADANIPORTS_shareholding_20250331,https://www.screener.in/company/ADANIPORTS/consolidated/,screener shareholding table,65.89,5.94,screener
ADANIPORTS,2026-07-08,2026-07-08T20:26:41,2025-06-30,2025-06-30,2025-06-30,screener_ADANIPORTS_shareholding_20250630,https://www.screener.in/company/ADANIPORTS/consolidated/,screener shareholding table,65.89,5.46,screener
ADANIPORTS,2026-07-08,2026-07-08T20:26:41,2025-09-30,2025-09-30,2025-09-30,screener_ADANIPORTS_shareholding_20250930,https://www.screener.in/company/ADANIPORTS/consolidated/,screener shareholding table,65.89,5.48,screener
ADANIPORTS,2026-07-08,2026-07-08T20:26:41,2025-12-31,2025-12-31,2025-12-31,screener_ADANIPORTS_shareholding_20251231,https://www.screener.in/company/ADANIPORTS/consolidated/,screener shareholding table,68.02,4.99,screener
ADANIPORTS,2026-07-08,2026-07-08T20:26:41,2026-03-31,2026-03-31,2026-03-31,screener_ADANIPORTS_shareholding_20260331,https://www.screener.in/company/ADANIPORTS/consolidated/,screener shareholding table,68.02,4.89,screener
APOLLOHOSP,2026-07-08,2026-07-08T20:26:41,2023-09-30,2023-09-30,2023-09-30,screener_APOLLOHOSP_shareholding_20230930,https://www.screener.in/company/APOLLOHOSP/consolidated/,screener shareholding table,29.33,5.68,screener
APOLLOHOSP,2026-07-08,2026-07-08T20:26:41,2023-12-31,2023-12-31,2023-12-31,screener_APOLLOHOSP_shareholding_20231231,https://www.screener.in/company/APOLLOHOSP/consolidated/,screener shareholding table,29.33,5.32,screener
APOLLOHOSP,2026-07-08,2026-07-08T20:26:41,2024-03-31,2024-03-31,2024-03-31,screener_APOLLOHOSP_shareholding_20240331,https://www.screener.in/company/APOLLOHOSP/consolidated/,screener shareholding table,29.33,5.26,screener
APOLLOHOSP,2026-07-08,2026-07-08T20:26:41,2024-06-30,2024-06-30,2024-06-30,screener_APOLLOHOSP_shareholding_20240630,https://www.screener.in/company/APOLLOHOSP/consolidated/,screener shareholding table,29.33,5.38,screener
APOLLOHOSP,2026-07-08,2026-07-08T20:26:41,2024-09-30,2024-09-30,2024-09-30,screener_APOLLOHOSP_shareholding_20240930,https://www.screener.in/company/APOLLOHOSP/consolidated/,screener shareholding table,29.33,5.12,screener
APOLLOHOSP,2026-07-08,2026-07-08T20:26:41,2024-12-31,2024-12-31,2024-12-31,screener_APOLLOHOSP_shareholding_20241231,https://www.screener.in/company/APOLLOHOSP/consolidated/,screener shareholding table,29.33,5.21,screener
APOLLOHOSP,2026-07-08,2026-07-08T20:26:41,2025-03-31,2025-03-31,2025-03-31,screener_APOLLOHOSP_shareholding_20250331,https://www.screener.in/company/APOLLOHOSP/consolidated/,screener shareholding table,29.34,5.41,screener
APOLLOHOSP,2026-07-08,2026-07-08T20:26:41,2025-06-30,2025-06-30,2025-06-30,screener_APOLLOHOSP_shareholding_20250630,https://www.screener.in/company/APOLLOHOSP/consolidated/,screener shareholding table,29.34,5.61,screener
APOLLOHOSP,2026-07-08,2026-07-08T20:26:41,2025-09-30,2025-09-30,2025-09-30,screener_APOLLOHOSP_shareholding_20250930,https://www.screener.in/company/APOLLOHOSP/consolidated/,screener shareholding table,28.02,6.43,screener
APOLLOHOSP,2026-07-08,2026-07-08T20:26:41,2025-12-31,2025-12-31,2025-12-31,screener_APOLLOHOSP_shareholding_20251231,https://www.screener.in/company/APOLLOHOSP/consolidated/,screener shareholding table,28.02,6.71,screener
APOLLOHOSP,2026-07-08,2026-07-08T20:26:41,2026-03-31,2026-03-31,2026-03-31,screener_APOLLOHOSP_shareholding_20260331,https://www.screener.in/company/APOLLOHOSP/consolidated/,screener shareholding table,28.02,6.39,screener
APOLLOHOSP,2026-07-08,2026-07-08T20:26:41,2026-06-30,2026-06-30,2026-06-30,screener_APOLLOHOSP_shareholding_20260630,https://www.screener.in/company/APOLLOHOSP/consolidated/,screener shareholding table,28.02,6.53,screener
ASIANPAINT,2026-07-08,2026-07-08T20:26:41,2023-06-30,2023-06-30,2023-06-30,screener_ASIANPAINT_shareholding_20230630,https://www.screener.in/company/ASIANPAINT/consolidated/,screener shareholding table,52.63,19.82,screener
ASIANPAINT,2026-07-08,2026-07-08T20:26:41,2023-09-30,2023-09-30,2023-09-30,screener_ASIANPAINT_shareholding_20230930,https://www.screener.in/company/ASIANPAINT/consolidated/,screener shareholding table,52.63,19.64,screener
ASIANPAINT,2026-07-08,2026-07-08T20:26:41,2023-12-31,2023-12-31,2023-12-31,screener_ASIANPAINT_shareholding_20231231,https://www.screener.in/company/ASIANPAINT/consolidated/,screener shareholding table,52.63,19.44,screener
ASIANPAINT,2026-07-08,2026-07-08T20:26:41,2024-03-31,2024-03-31,2024-03-31,screener_ASIANPAINT_shareholding_20240331,https://www.screener.in/company/ASIANPAINT/consolidated/,screener shareholding table,52.63,19.78,screener
ASIANPAINT,2026-07-08,2026-07-08T20:26:41,2024-06-30,2024-06-30,2024-06-30,screener_ASIANPAINT_shareholding_20240630,https://www.screener.in/company/ASIANPAINT/consolidated/,screener shareholding table,52.63,19.68,screener
ASIANPAINT,2026-07-08,2026-07-08T20:26:41,2024-09-30,2024-09-30,2024-09-30,screener_ASIANPAINT_shareholding_20240930,https://www.screener.in/company/ASIANPAINT/consolidated/,screener shareholding table,52.63,18.88,screener
ASIANPAINT,2026-07-08,2026-07-08T20:26:41,2024-12-31,2024-12-31,2024-12-31,screener_ASIANPAINT_shareholding_20241231,https://www.screener.in/company/ASIANPAINT/consolidated/,screener shareholding table,52.63,19.66,screener
ASIANPAINT,2026-07-08,2026-07-08T20:26:41,2025-03-31,2025-03-31,2025-03-31,screener_ASIANPAINT_shareholding_20250331,https://www.screener.in/company/ASIANPAINT/consolidated/,screener shareholding table,52.63,19.51,screener
ASIANPAINT,2026-07-08,2026-07-08T20:26:41,2025-06-30,2025-06-30,2025-06-30,screener_ASIANPAINT_shareholding_20250630,https://www.screener.in/company/ASIANPAINT/consolidated/,screener shareholding table,52.63,14.41,screener
ASIANPAINT,2026-07-08,2026-07-08T20:26:41,2025-09-30,2025-09-30,2025-09-30,screener_ASIANPAINT_shareholding_20250930,https://www.screener.in/company/ASIANPAINT/consolidated/,screener shareholding table,52.63,14.09,screener
ASIANPAINT,2026-07-08,2026-07-08T20:26:41,2025-12-31,2025-12-31,2025-12-31,screener_ASIANPAINT_shareholding_20251231,https://www.screener.in/company/ASIANPAINT/consolidated/,screener shareholding table,52.63,13.37,screener
ASIANPAINT,2026-07-08,2026-07-08T20:26:41,2026-03-31,2026-03-31,2026-03-31,screener_ASIANPAINT_shareholding_20260331,https://www.screener.in/company/ASIANPAINT/consolidated/,screener shareholding table,52.63,13.39,screener
AXISBANK,2026-07-08,2026-07-08T20:26:41,2023-06-30,2023-06-30,2023-06-30,screener_AXISBANK_shareholding_20230630,https://www.screener.in/company/AXISBANK/consolidated/,screener shareholding table,8.19,9.91,screener
AXISBANK,2026-07-08,2026-07-08T20:26:41,2023-09-30,2023-09-30,2023-09-30,screener_AXISBANK_shareholding_20230930,https://www.screener.in/company/AXISBANK/consolidated/,screener shareholding table,8.22,9.76,screener
AXISBANK,2026-07-08,2026-07-08T20:26:41,2023-12-31,2023-12-31,2023-12-31,screener_AXISBANK_shareholding_20231231,https://www.screener.in/company/AXISBANK/consolidated/,screener shareholding table,8.2,8.27,screener
AXISBANK,2026-07-08,2026-07-08T20:26:41,2024-03-31,2024-03-31,2024-03-31,screener_AXISBANK_shareholding_20240331,https://www.screener.in/company/AXISBANK/consolidated/,screener shareholding table,8.22,7.81,screener
AXISBANK,2026-07-08,2026-07-08T20:26:41,2024-06-30,2024-06-30,2024-06-30,screener_AXISBANK_shareholding_20240630,https://www.screener.in/company/AXISBANK/consolidated/,screener shareholding table,8.31,6.63,screener
AXISBANK,2026-07-08,2026-07-08T20:26:41,2024-09-30,2024-09-30,2024-09-30,screener_AXISBANK_shareholding_20240930,https://www.screener.in/company/AXISBANK/consolidated/,screener shareholding table,8.29,6.71,screener
AXISBANK,2026-07-08,2026-07-08T20:26:41,2024-12-31,2024-12-31,2024-12-31,screener_AXISBANK_shareholding_20241231,https://www.screener.in/company/AXISBANK/consolidated/,screener shareholding table,8.23,6.97,screener
AXISBANK,2026-07-08,2026-07-08T20:26:41,2025-03-31,2025-03-31,2025-03-31,screener_AXISBANK_shareholding_20250331,https://www.screener.in/company/AXISBANK/consolidated/,screener shareholding table,8.18,6.99,screener
AXISBANK,2026-07-08,2026-07-08T20:26:41,2025-06-30,2025-06-30,2025-06-30,screener_AXISBANK_shareholding_20250630,https://www.screener.in/company/AXISBANK/consolidated/,screener shareholding table,8.17,6.8,screener
AXISBANK,2026-07-08,2026-07-08T20:26:41,2025-09-30,2025-09-30,2025-09-30,screener_AXISBANK_shareholding_20250930,https://www.screener.in/company/AXISBANK/consolidated/,screener shareholding table,8.16,7.06,screener
AXISBANK,2026-07-08,2026-07-08T20:26:41,2025-12-31,2025-12-31,2025-12-31,screener_AXISBANK_shareholding_20251231,https://www.screener.in/company/AXISBANK/consolidated/,screener shareholding table,8.15,6.61,screener
AXISBANK,2026-07-08,2026-07-08T20:26:41,2026-03-31,2026-03-31,2026-03-31,screener_AXISBANK_shareholding_20260331,https://www.screener.in/company/AXISBANK/consolidated/,screener shareholding table,8.14,6.44,screener
BAJAJ-AUTO,2026-07-08,2026-07-08T20:26:41,2023-06-30,2023-06-30,2023-06-30,screener_BAJAJ-AUTO_shareholding_20230630,https://www.screener.in/company/BAJAJ-AUTO/consolidated/,screener shareholding table,54.99,21.72,screener
BAJAJ-AUTO,2026-07-08,2026-07-08T20:26:41,2023-09-30,2023-09-30,2023-09-30,screener_BAJAJ-AUTO_shareholding_20230930,https://www.screener.in/company/BAJAJ-AUTO/consolidated/,screener shareholding table,54.99,21.54,screener
BAJAJ-AUTO,2026-07-08,2026-07-08T20:26:41,2023-12-31,2023-12-31,2023-12-31,screener_BAJAJ-AUTO_shareholding_20231231,https://www.screener.in/company/BAJAJ-AUTO/consolidated/,screener shareholding table,54.95,21.67,screener
BAJAJ-AUTO,2026-07-08,2026-07-08T20:26:41,2024-03-31,2024-03-31,2024-03-31,screener_BAJAJ-AUTO_shareholding_20240331,https://www.screener.in/company/BAJAJ-AUTO/consolidated/,screener shareholding table,55.06,21.88,screener
BAJAJ-AUTO,2026-07-08,2026-07-08T20:26:41,2024-06-30,2024-06-30,2024-06-30,screener_BAJAJ-AUTO_shareholding_20240630,https://www.screener.in/company/BAJAJ-AUTO/consolidated/,screener shareholding table,55.06,21.92,screener
BAJAJ-AUTO,2026-07-08,2026-07-08T20:26:41,2024-09-30,2024-09-30,2024-09-30,screener_BAJAJ-AUTO_shareholding_20240930,https://www.screener.in/company/BAJAJ-AUTO/consolidated/,screener shareholding table,55.04,21.89,screener
BAJAJ-AUTO,2026-07-08,2026-07-08T20:26:41,2024-12-31,2024-12-31,2024-12-31,screener_BAJAJ-AUTO_shareholding_20241231,https://www.screener.in/company/BAJAJ-AUTO/consolidated/,screener shareholding table,55.04,22.44,screener
BAJAJ-AUTO,2026-07-08,2026-07-08T20:26:41,2025-03-31,2025-03-31,2025-03-31,screener_BAJAJ-AUTO_shareholding_20250331,https://www.screener.in/company/BAJAJ-AUTO/consolidated/,screener shareholding table,55.03,22.32,screener
BAJAJ-AUTO,2026-07-08,2026-07-08T20:26:41,2025-06-30,2025-06-30,2025-06-30,screener_BAJAJ-AUTO_shareholding_20250630,https://www.screener.in/company/BAJAJ-AUTO/consolidated/,screener shareholding table,55.04,22.53,screener
BAJAJ-AUTO,2026-07-08,2026-07-08T20:26:41,2025-09-30,2025-09-30,2025-09-30,screener_BAJAJ-AUTO_shareholding_20250930,https://www.screener.in/company/BAJAJ-AUTO/consolidated/,screener shareholding table,55.04,22.51,screener
BAJAJ-AUTO,2026-07-08,2026-07-08T20:26:41,2025-12-31,2025-12-31,2025-12-31,screener_BAJAJ-AUTO_shareholding_20251231,https://www.screener.in/company/BAJAJ-AUTO/consolidated/,screener shareholding table,54.99,22.01,screener
BAJAJ-AUTO,2026-07-08,2026-07-08T20:26:41,2026-03-31,2026-03-31,2026-03-31,screener_BAJAJ-AUTO_shareholding_20260331,https://www.screener.in/company/BAJAJ-AUTO/consolidated/,screener shareholding table,55.01,21.62,screener
BAJAJFINSV,2026-07-08,2026-07-08T20:26:41,2023-06-30,2023-06-30,2023-06-30,screener_BAJAJFINSV_shareholding_20230630,https://www.screener.in/company/BAJAJFINSV/consolidated/,screener shareholding table,60.79,24.66,screener
BAJAJFINSV,2026-07-08,2026-07-08T20:26:41,2023-09-30,2023-09-30,2023-09-30,screener_BAJAJFINSV_shareholding_20230930,https://www.screener.in/company/BAJAJFINSV/consolidated/,screener shareholding table,60.69,24.31,screener
BAJAJFINSV,2026-07-08,2026-07-08T20:26:41,2023-12-31,2023-12-31,2023-12-31,screener_BAJAJFINSV_shareholding_20231231,https://www.screener.in/company/BAJAJFINSV/consolidated/,screener shareholding table,60.69,23.7,screener
BAJAJFINSV,2026-07-08,2026-07-08T20:26:41,2024-03-31,2024-03-31,2024-03-31,screener_BAJAJFINSV_shareholding_20240331,https://www.screener.in/company/BAJAJFINSV/consolidated/,screener shareholding table,60.69,23.38,screener
BAJAJFINSV,2026-07-08,2026-07-08T20:26:41,2024-06-30,2024-06-30,2024-06-30,screener_BAJAJFINSV_shareholding_20240630,https://www.screener.in/company/BAJAJFINSV/consolidated/,screener shareholding table,60.64,23.18,screener
BAJAJFINSV,2026-07-08,2026-07-08T20:26:41,2024-09-30,2024-09-30,2024-09-30,screener_BAJAJFINSV_shareholding_20240930,https://www.screener.in/company/BAJAJFINSV/consolidated/,screener shareholding table,60.64,22.84,screener
BAJAJFINSV,2026-07-08,2026-07-08T20:26:41,2024-12-31,2024-12-31,2024-12-31,screener_BAJAJFINSV_shareholding_20241231,https://www.screener.in/company/BAJAJFINSV/consolidated/,screener shareholding table,60.64,22.93,screener
BAJAJFINSV,2026-07-08,2026-07-08T20:26:41,2025-03-31,2025-03-31,2025-03-31,screener_BAJAJFINSV_shareholding_20250331,https://www.screener.in/company/BAJAJFINSV/consolidated/,screener shareholding table,60.64,22.71,screener
BAJAJFINSV,2026-07-08,2026-07-08T20:26:41,2025-06-30,2025-06-30,2025-06-30,screener_BAJAJFINSV_shareholding_20250630,https://www.screener.in/company/BAJAJFINSV/consolidated/,screener shareholding table,58.81,22.6,screener
BAJAJFINSV,2026-07-08,2026-07-08T20:26:41,2025-09-30,2025-09-30,2025-09-30,screener_BAJAJFINSV_shareholding_20250930,https://www.screener.in/company/BAJAJFINSV/consolidated/,screener shareholding table,58.81,22.52,screener
BAJAJFINSV,2026-07-08,2026-07-08T20:26:41,2025-12-31,2025-12-31,2025-12-31,screener_BAJAJFINSV_shareholding_20251231,https://www.screener.in/company/BAJAJFINSV/consolidated/,screener shareholding table,58.81,22.37,screener
BAJAJFINSV,2026-07-08,2026-07-08T20:26:41,2026-03-31,2026-03-31,2026-03-31,screener_BAJAJFINSV_shareholding_20260331,https://www.screener.in/company/BAJAJFINSV/consolidated/,screener shareholding table,58.72,22.16,screener
BAJFINANCE,2026-07-08,2026-07-08T20:26:41,2023-06-30,2023-06-30,2023-06-30,screener_BAJFINANCE_shareholding_20230630,https://www.screener.in/company/BAJFINANCE/consolidated/,screener shareholding table,55.87,10.99,screener
BAJFINANCE,2026-07-08,2026-07-08T20:26:41,2023-09-30,2023-09-30,2023-09-30,screener_BAJFINANCE_shareholding_20230930,https://www.screener.in/company/BAJFINANCE/consolidated/,screener shareholding table,55.87,10.5,screener
BAJFINANCE,2026-07-08,2026-07-08T20:26:41,2023-12-31,2023-12-31,2023-12-31,screener_BAJFINANCE_shareholding_20231231,https://www.screener.in/company/BAJFINANCE/consolidated/,screener shareholding table,54.78,10.17,screener
BAJFINANCE,2026-07-08,2026-07-08T20:26:41,2024-03-31,2024-03-31,2024-03-31,screener_BAJFINANCE_shareholding_20240331,https://www.screener.in/company/BAJFINANCE/consolidated/,screener shareholding table,54.69,10.19,screener
BAJFINANCE,2026-07-08,2026-07-08T20:26:41,2024-06-30,2024-06-30,2024-06-30,screener_BAJFINANCE_shareholding_20240630,https://www.screener.in/company/BAJFINANCE/consolidated/,screener shareholding table,54.7,9.83,screener
BAJFINANCE,2026-07-08,2026-07-08T20:26:41,2024-09-30,2024-09-30,2024-09-30,screener_BAJFINANCE_shareholding_20240930,https://www.screener.in/company/BAJFINANCE/consolidated/,screener shareholding table,54.7,9.36,screener
BAJFINANCE,2026-07-08,2026-07-08T20:26:41,2024-12-31,2024-12-31,2024-12-31,screener_BAJFINANCE_shareholding_20241231,https://www.screener.in/company/BAJFINANCE/consolidated/,screener shareholding table,54.7,9.32,screener
BAJFINANCE,2026-07-08,2026-07-08T20:26:41,2025-03-31,2025-03-31,2025-03-31,screener_BAJFINANCE_shareholding_20250331,https://www.screener.in/company/BAJFINANCE/consolidated/,screener shareholding table,54.73,8.84,screener
BAJFINANCE,2026-07-08,2026-07-08T20:26:41,2025-06-30,2025-06-30,2025-06-30,screener_BAJFINANCE_shareholding_20250630,https://www.screener.in/company/BAJFINANCE/consolidated/,screener shareholding table,54.73,8.92,screener
BAJFINANCE,2026-07-08,2026-07-08T20:26:41,2025-09-30,2025-09-30,2025-09-30,screener_BAJFINANCE_shareholding_20250930,https://www.screener.in/company/BAJFINANCE/consolidated/,screener shareholding table,54.67,8.78,screener
BAJFINANCE,2026-07-08,2026-07-08T20:26:41,2025-12-31,2025-12-31,2025-12-31,screener_BAJFINANCE_shareholding_20251231,https://www.screener.in/company/BAJFINANCE/consolidated/,screener shareholding table,54.7,8.77,screener
BAJFINANCE,2026-07-08,2026-07-08T20:26:41,2026-03-31,2026-03-31,2026-03-31,screener_BAJFINANCE_shareholding_20260331,https://www.screener.in/company/BAJFINANCE/consolidated/,screener shareholding table,54.71,8.73,screener
BEL,2026-07-08,2026-07-08T20:26:41,2023-06-30,2023-06-30,2023-06-30,screener_BEL_shareholding_20230630,https://www.screener.in/company/BEL/consolidated/,screener shareholding table,51.14,6.68,screener
BEL,2026-07-08,2026-07-08T20:26:41,2023-09-30,2023-09-30,2023-09-30,screener_BEL_shareholding_20230930,https://www.screener.in/company/BEL/consolidated/,screener shareholding table,51.14,7.49,screener
BEL,2026-07-08,2026-07-08T20:26:41,2023-12-31,2023-12-31,2023-12-31,screener_BEL_shareholding_20231231,https://www.screener.in/company/BEL/consolidated/,screener shareholding table,51.14,7.72,screener
BEL,2026-07-08,2026-07-08T20:26:41,2024-03-31,2024-03-31,2024-03-31,screener_BEL_shareholding_20240331,https://www.screener.in/company/BEL/consolidated/,screener shareholding table,51.14,8.66,screener
BEL,2026-07-08,2026-07-08T20:26:41,2024-06-30,2024-06-30,2024-06-30,screener_BEL_shareholding_20240630,https://www.screener.in/company/BEL/consolidated/,screener shareholding table,51.14,10.82,screener
BEL,2026-07-08,2026-07-08T20:26:41,2024-09-30,2024-09-30,2024-09-30,screener_BEL_shareholding_20240930,https://www.screener.in/company/BEL/consolidated/,screener shareholding table,51.14,11.37,screener
BEL,2026-07-08,2026-07-08T20:26:41,2024-12-31,2024-12-31,2024-12-31,screener_BEL_shareholding_20241231,https://www.screener.in/company/BEL/consolidated/,screener shareholding table,51.14,10.58,screener
BEL,2026-07-08,2026-07-08T20:26:41,2025-03-31,2025-03-31,2025-03-31,screener_BEL_shareholding_20250331,https://www.screener.in/company/BEL/consolidated/,screener shareholding table,51.14,10.43,screener
BEL,2026-07-08,2026-07-08T20:26:41,2025-06-30,2025-06-30,2025-06-30,screener_BEL_shareholding_20250630,https://www.screener.in/company/BEL/consolidated/,screener shareholding table,51.14,9.7,screener
BEL,2026-07-08,2026-07-08T20:26:41,2025-09-30,2025-09-30,2025-09-30,screener_BEL_shareholding_20250930,https://www.screener.in/company/BEL/consolidated/,screener shareholding table,51.14,9.84,screener
BEL,2026-07-08,2026-07-08T20:26:41,2025-12-31,2025-12-31,2025-12-31,screener_BEL_shareholding_20251231,https://www.screener.in/company/BEL/consolidated/,screener shareholding table,51.14,9.87,screener
BEL,2026-07-08,2026-07-08T20:26:41,2026-03-31,2026-03-31,2026-03-31,screener_BEL_shareholding_20260331,https://www.screener.in/company/BEL/consolidated/,screener shareholding table,51.14,9.37,screener
BHARTIARTL,2026-07-08,2026-07-08T20:26:41,2023-09-30,2023-09-30,2023-09-30,screener_BHARTIARTL_shareholding_20230930,https://www.screener.in/company/BHARTIARTL/consolidated/,screener shareholding table,54.75,3.53,screener
BHARTIARTL,2026-07-08,2026-07-08T20:26:41,2023-12-31,2023-12-31,2023-12-31,screener_BHARTIARTL_shareholding_20231231,https://www.screener.in/company/BHARTIARTL/consolidated/,screener shareholding table,54.57,3.07,screener
BHARTIARTL,2026-07-08,2026-07-08T20:26:41,2024-03-31,2024-03-31,2024-03-31,screener_BHARTIARTL_shareholding_20240331,https://www.screener.in/company/BHARTIARTL/consolidated/,screener shareholding table,53.48,2.8,screener
BHARTIARTL,2026-07-08,2026-07-08T20:26:41,2024-06-30,2024-06-30,2024-06-30,screener_BHARTIARTL_shareholding_20240630,https://www.screener.in/company/BHARTIARTL/consolidated/,screener shareholding table,53.17,2.89,screener
BHARTIARTL,2026-07-08,2026-07-08T20:26:41,2024-09-30,2024-09-30,2024-09-30,screener_BHARTIARTL_shareholding_20240930,https://www.screener.in/company/BHARTIARTL/consolidated/,screener shareholding table,53.14,2.89,screener
BHARTIARTL,2026-07-08,2026-07-08T20:26:41,2024-12-31,2024-12-31,2024-12-31,screener_BHARTIARTL_shareholding_20241231,https://www.screener.in/company/BHARTIARTL/consolidated/,screener shareholding table,53.12,2.91,screener
BHARTIARTL,2026-07-08,2026-07-08T20:26:41,2025-03-31,2025-03-31,2025-03-31,screener_BHARTIARTL_shareholding_20250331,https://www.screener.in/company/BHARTIARTL/consolidated/,screener shareholding table,52.42,2.75,screener
BHARTIARTL,2026-07-08,2026-07-08T20:26:41,2025-06-30,2025-06-30,2025-06-30,screener_BHARTIARTL_shareholding_20250630,https://www.screener.in/company/BHARTIARTL/consolidated/,screener shareholding table,51.26,2.74,screener
BHARTIARTL,2026-07-08,2026-07-08T20:26:41,2025-09-30,2025-09-30,2025-09-30,screener_BHARTIARTL_shareholding_20250930,https://www.screener.in/company/BHARTIARTL/consolidated/,screener shareholding table,50.27,2.72,screener
BHARTIARTL,2026-07-08,2026-07-08T20:26:41,2025-12-31,2025-12-31,2025-12-31,screener_BHARTIARTL_shareholding_20251231,https://www.screener.in/company/BHARTIARTL/consolidated/,screener shareholding table,48.87,2.65,screener
BHARTIARTL,2026-07-08,2026-07-08T20:26:41,2026-03-31,2026-03-31,2026-03-31,screener_BHARTIARTL_shareholding_20260331,https://www.screener.in/company/BHARTIARTL/consolidated/,screener shareholding table,48.87,2.63,screener
BHARTIARTL,2026-07-08,2026-07-08T20:26:41,2026-06-30,2026-06-30,2026-06-30,screener_BHARTIARTL_shareholding_20260630,https://www.screener.in/company/BHARTIARTL/consolidated/,screener shareholding table,50.07,2.61,screener
CIPLA,2026-07-08,2026-07-08T20:26:41,2023-06-30,2023-06-30,2023-06-30,screener_CIPLA_shareholding_20230630,https://www.screener.in/company/CIPLA/consolidated/,screener shareholding table,33.46,16.76,screener
CIPLA,2026-07-08,2026-07-08T20:26:41,2023-09-30,2023-09-30,2023-09-30,screener_CIPLA_shareholding_20230930,https://www.screener.in/company/CIPLA/consolidated/,screener shareholding table,33.46,16.68,screener
CIPLA,2026-07-08,2026-07-08T20:26:41,2023-12-31,2023-12-31,2023-12-31,screener_CIPLA_shareholding_20231231,https://www.screener.in/company/CIPLA/consolidated/,screener shareholding table,33.46,16.53,screener
CIPLA,2026-07-08,2026-07-08T20:26:41,2024-03-31,2024-03-31,2024-03-31,screener_CIPLA_shareholding_20240331,https://www.screener.in/company/CIPLA/consolidated/,screener shareholding table,33.46,16.36,screener
CIPLA,2026-07-08,2026-07-08T20:26:41,2024-06-30,2024-06-30,2024-06-30,screener_CIPLA_shareholding_20240630,https://www.screener.in/company/CIPLA/consolidated/,screener shareholding table,30.91,16.4,screener
CIPLA,2026-07-08,2026-07-08T20:26:41,2024-09-30,2024-09-30,2024-09-30,screener_CIPLA_shareholding_20240930,https://www.screener.in/company/CIPLA/consolidated/,screener shareholding table,30.93,16.11,screener
CIPLA,2026-07-08,2026-07-08T20:26:41,2024-12-31,2024-12-31,2024-12-31,screener_CIPLA_shareholding_20241231,https://www.screener.in/company/CIPLA/consolidated/,screener shareholding table,29.19,16.43,screener
CIPLA,2026-07-08,2026-07-08T20:26:41,2025-03-31,2025-03-31,2025-03-31,screener_CIPLA_shareholding_20250331,https://www.screener.in/company/CIPLA/consolidated/,screener shareholding table,29.2,16.36,screener
CIPLA,2026-07-08,2026-07-08T20:26:41,2025-06-30,2025-06-30,2025-06-30,screener_CIPLA_shareholding_20250630,https://www.screener.in/company/CIPLA/consolidated/,screener shareholding table,29.19,16.3,screener
CIPLA,2026-07-08,2026-07-08T20:26:41,2025-09-30,2025-09-30,2025-09-30,screener_CIPLA_shareholding_20250930,https://www.screener.in/company/CIPLA/consolidated/,screener shareholding table,29.22,15.99,screener
CIPLA,2026-07-08,2026-07-08T20:26:41,2025-12-31,2025-12-31,2025-12-31,screener_CIPLA_shareholding_20251231,https://www.screener.in/company/CIPLA/consolidated/,screener shareholding table,29.22,16.12,screener
CIPLA,2026-07-08,2026-07-08T20:26:41,2026-03-31,2026-03-31,2026-03-31,screener_CIPLA_shareholding_20260331,https://www.screener.in/company/CIPLA/consolidated/,screener shareholding table,29.22,16.26,screener
COALINDIA,2026-07-08,2026-07-08T20:26:41,2023-06-30,2023-06-30,2023-06-30,screener_COALINDIA_shareholding_20230630,https://www.screener.in/company/COALINDIA/consolidated/,screener shareholding table,63.13,5.18,screener
COALINDIA,2026-07-08,2026-07-08T20:26:41,2023-09-30,2023-09-30,2023-09-30,screener_COALINDIA_shareholding_20230930,https://www.screener.in/company/COALINDIA/consolidated/,screener shareholding table,63.13,4.91,screener
COALINDIA,2026-07-08,2026-07-08T20:26:41,2023-12-31,2023-12-31,2023-12-31,screener_COALINDIA_shareholding_20231231,https://www.screener.in/company/COALINDIA/consolidated/,screener shareholding table,63.13,5.1,screener
COALINDIA,2026-07-08,2026-07-08T20:26:41,2024-03-31,2024-03-31,2024-03-31,screener_COALINDIA_shareholding_20240331,https://www.screener.in/company/COALINDIA/consolidated/,screener shareholding table,63.13,5.16,screener
COALINDIA,2026-07-08,2026-07-08T20:26:41,2024-06-30,2024-06-30,2024-06-30,screener_COALINDIA_shareholding_20240630,https://www.screener.in/company/COALINDIA/consolidated/,screener shareholding table,63.13,5.21,screener
COALINDIA,2026-07-08,2026-07-08T20:26:41,2024-09-30,2024-09-30,2024-09-30,screener_COALINDIA_shareholding_20240930,https://www.screener.in/company/COALINDIA/consolidated/,screener shareholding table,63.13,5.02,screener
COALINDIA,2026-07-08,2026-07-08T20:26:41,2024-12-31,2024-12-31,2024-12-31,screener_COALINDIA_shareholding_20241231,https://www.screener.in/company/COALINDIA/consolidated/,screener shareholding table,63.13,5.59,screener
COALINDIA,2026-07-08,2026-07-08T20:26:41,2025-03-31,2025-03-31,2025-03-31,screener_COALINDIA_shareholding_20250331,https://www.screener.in/company/COALINDIA/consolidated/,screener shareholding table,63.13,5.68,screener
COALINDIA,2026-07-08,2026-07-08T20:26:41,2025-06-30,2025-06-30,2025-06-30,screener_COALINDIA_shareholding_20250630,https://www.screener.in/company/COALINDIA/consolidated/,screener shareholding table,63.13,5.93,screener
COALINDIA,2026-07-08,2026-07-08T20:26:41,2025-09-30,2025-09-30,2025-09-30,screener_COALINDIA_shareholding_20250930,https://www.screener.in/company/COALINDIA/consolidated/,screener shareholding table,63.13,5.98,screener
COALINDIA,2026-07-08,2026-07-08T20:26:41,2025-12-31,2025-12-31,2025-12-31,screener_COALINDIA_shareholding_20251231,https://www.screener.in/company/COALINDIA/consolidated/,screener shareholding table,63.13,5.98,screener
COALINDIA,2026-07-08,2026-07-08T20:26:41,2026-03-31,2026-03-31,2026-03-31,screener_COALINDIA_shareholding_20260331,https://www.screener.in/company/COALINDIA/consolidated/,screener shareholding table,63.13,5.62,screener
DRREDDY,2026-07-08,2026-07-08T20:26:41,2023-06-30,2023-06-30,2023-06-30,screener_DRREDDY_shareholding_20230630,https://www.screener.in/company/DRREDDY/consolidated/,screener shareholding table,26.69,24.11,screener
DRREDDY,2026-07-08,2026-07-08T20:26:41,2023-09-30,2023-09-30,2023-09-30,screener_DRREDDY_shareholding_20230930,https://www.screener.in/company/DRREDDY/consolidated/,screener shareholding table,26.66,23.93,screener
DRREDDY,2026-07-08,2026-07-08T20:26:41,2023-12-31,2023-12-31,2023-12-31,screener_DRREDDY_shareholding_20231231,https://www.screener.in/company/DRREDDY/consolidated/,screener shareholding table,26.65,25.89,screener
DRREDDY,2026-07-08,2026-07-08T20:26:41,2024-03-31,2024-03-31,2024-03-31,screener_DRREDDY_shareholding_20240331,https://www.screener.in/company/DRREDDY/consolidated/,screener shareholding table,26.65,25.73,screener
DRREDDY,2026-07-08,2026-07-08T20:26:41,2024-06-30,2024-06-30,2024-06-30,screener_DRREDDY_shareholding_20240630,https://www.screener.in/company/DRREDDY/consolidated/,screener shareholding table,26.65,24.78,screener
DRREDDY,2026-07-08,2026-07-08T20:26:41,2024-09-30,2024-09-30,2024-09-30,screener_DRREDDY_shareholding_20240930,https://www.screener.in/company/DRREDDY/consolidated/,screener shareholding table,26.64,24.2,screener
DRREDDY,2026-07-08,2026-07-08T20:26:41,2024-12-31,2024-12-31,2024-12-31,screener_DRREDDY_shareholding_20241231,https://www.screener.in/company/DRREDDY/consolidated/,screener shareholding table,26.64,23.46,screener
DRREDDY,2026-07-08,2026-07-08T20:26:41,2025-03-31,2025-03-31,2025-03-31,screener_DRREDDY_shareholding_20250331,https://www.screener.in/company/DRREDDY/consolidated/,screener shareholding table,26.64,21.69,screener
DRREDDY,2026-07-08,2026-07-08T20:26:41,2025-06-30,2025-06-30,2025-06-30,screener_DRREDDY_shareholding_20250630,https://www.screener.in/company/DRREDDY/consolidated/,screener shareholding table,26.64,21.04,screener
DRREDDY,2026-07-08,2026-07-08T20:26:41,2025-09-30,2025-09-30,2025-09-30,screener_DRREDDY_shareholding_20250930,https://www.screener.in/company/DRREDDY/consolidated/,screener shareholding table,26.64,20.45,screener
DRREDDY,2026-07-08,2026-07-08T20:26:41,2025-12-31,2025-12-31,2025-12-31,screener_DRREDDY_shareholding_20251231,https://www.screener.in/company/DRREDDY/consolidated/,screener shareholding table,26.64,20.33,screener
DRREDDY,2026-07-08,2026-07-08T20:26:41,2026-03-31,2026-03-31,2026-03-31,screener_DRREDDY_shareholding_20260331,https://www.screener.in/company/DRREDDY/consolidated/,screener shareholding table,26.63,21.27,screener
EICHERMOT,2026-07-08,2026-07-08T20:26:41,2023-06-30,2023-06-30,2023-06-30,screener_EICHERMOT_shareholding_20230630,https://www.screener.in/company/EICHERMOT/consolidated/,screener shareholding table,49.18,10.43,screener
EICHERMOT,2026-07-08,2026-07-08T20:26:41,2023-09-30,2023-09-30,2023-09-30,screener_EICHERMOT_shareholding_20230930,https://www.screener.in/company/EICHERMOT/consolidated/,screener shareholding table,49.15,11.37,screener
EICHERMOT,2026-07-08,2026-07-08T20:26:41,2023-12-31,2023-12-31,2023-12-31,screener_EICHERMOT_shareholding_20231231,https://www.screener.in/company/EICHERMOT/consolidated/,screener shareholding table,49.15,10.76,screener
EICHERMOT,2026-07-08,2026-07-08T20:26:41,2024-03-31,2024-03-31,2024-03-31,screener_EICHERMOT_shareholding_20240331,https://www.screener.in/company/EICHERMOT/consolidated/,screener shareholding table,49.14,10.77,screener
EICHERMOT,2026-07-08,2026-07-08T20:26:41,2024-06-30,2024-06-30,2024-06-30,screener_EICHERMOT_shareholding_20240630,https://www.screener.in/company/EICHERMOT/consolidated/,screener shareholding table,49.11,10.14,screener
EICHERMOT,2026-07-08,2026-07-08T20:26:41,2024-09-30,2024-09-30,2024-09-30,screener_EICHERMOT_shareholding_20240930,https://www.screener.in/company/EICHERMOT/consolidated/,screener shareholding table,49.1,9.52,screener
EICHERMOT,2026-07-08,2026-07-08T20:26:41,2024-12-31,2024-12-31,2024-12-31,screener_EICHERMOT_shareholding_20241231,https://www.screener.in/company/EICHERMOT/consolidated/,screener shareholding table,49.09,9.3,screener
EICHERMOT,2026-07-08,2026-07-08T20:26:41,2025-03-31,2025-03-31,2025-03-31,screener_EICHERMOT_shareholding_20250331,https://www.screener.in/company/EICHERMOT/consolidated/,screener shareholding table,49.08,9.26,screener
EICHERMOT,2026-07-08,2026-07-08T20:26:41,2025-06-30,2025-06-30,2025-06-30,screener_EICHERMOT_shareholding_20250630,https://www.screener.in/company/EICHERMOT/consolidated/,screener shareholding table,49.07,9.35,screener
EICHERMOT,2026-07-08,2026-07-08T20:26:41,2025-09-30,2025-09-30,2025-09-30,screener_EICHERMOT_shareholding_20250930,https://www.screener.in/company/EICHERMOT/consolidated/,screener shareholding table,49.06,9.25,screener
EICHERMOT,2026-07-08,2026-07-08T20:26:41,2025-12-31,2025-12-31,2025-12-31,screener_EICHERMOT_shareholding_20251231,https://www.screener.in/company/EICHERMOT/consolidated/,screener shareholding table,49.06,9.19,screener
EICHERMOT,2026-07-08,2026-07-08T20:26:41,2026-03-31,2026-03-31,2026-03-31,screener_EICHERMOT_shareholding_20260331,https://www.screener.in/company/EICHERMOT/consolidated/,screener shareholding table,49.06,9.35,screener
GRASIM,2026-07-08,2026-07-08T20:26:41,2023-06-30,2023-06-30,2023-06-30,screener_GRASIM_shareholding_20230630,https://www.screener.in/company/GRASIM/consolidated/,screener shareholding table,42.75,27.82,screener
GRASIM,2026-07-08,2026-07-08T20:26:41,2023-09-30,2023-09-30,2023-09-30,screener_GRASIM_shareholding_20230930,https://www.screener.in/company/GRASIM/consolidated/,screener shareholding table,42.75,27.8,screener
GRASIM,2026-07-08,2026-07-08T20:26:41,2023-12-31,2023-12-31,2023-12-31,screener_GRASIM_shareholding_20231231,https://www.screener.in/company/GRASIM/consolidated/,screener shareholding table,42.75,27.69,screener
GRASIM,2026-07-08,2026-07-08T20:26:41,2024-03-31,2024-03-31,2024-03-31,screener_GRASIM_shareholding_20240331,https://www.screener.in/company/GRASIM/consolidated/,screener shareholding table,43.05,27.24,screener
GRASIM,2026-07-08,2026-07-08T20:26:41,2024-06-30,2024-06-30,2024-06-30,screener_GRASIM_shareholding_20240630,https://www.screener.in/company/GRASIM/consolidated/,screener shareholding table,43.05,26.29,screener
GRASIM,2026-07-08,2026-07-08T20:26:41,2024-09-30,2024-09-30,2024-09-30,screener_GRASIM_shareholding_20240930,https://www.screener.in/company/GRASIM/consolidated/,screener shareholding table,43.11,25.04,screener
GRASIM,2026-07-08,2026-07-08T20:26:41,2024-12-31,2024-12-31,2024-12-31,screener_GRASIM_shareholding_20241231,https://www.screener.in/company/GRASIM/consolidated/,screener shareholding table,43.11,25.17,screener
GRASIM,2026-07-08,2026-07-08T20:26:41,2025-03-31,2025-03-31,2025-03-31,screener_GRASIM_shareholding_20250331,https://www.screener.in/company/GRASIM/consolidated/,screener shareholding table,43.11,24.87,screener
GRASIM,2026-07-08,2026-07-08T20:26:41,2025-06-30,2025-06-30,2025-06-30,screener_GRASIM_shareholding_20250630,https://www.screener.in/company/GRASIM/consolidated/,screener shareholding table,43.11,24.87,screener
GRASIM,2026-07-08,2026-07-08T20:26:41,2025-09-30,2025-09-30,2025-09-30,screener_GRASIM_shareholding_20250930,https://www.screener.in/company/GRASIM/consolidated/,screener shareholding table,43.11,24.92,screener
GRASIM,2026-07-08,2026-07-08T20:26:41,2025-12-31,2025-12-31,2025-12-31,screener_GRASIM_shareholding_20251231,https://www.screener.in/company/GRASIM/consolidated/,screener shareholding table,43.21,24.93,screener
GRASIM,2026-07-08,2026-07-08T20:26:41,2026-03-31,2026-03-31,2026-03-31,screener_GRASIM_shareholding_20260331,https://www.screener.in/company/GRASIM/consolidated/,screener shareholding table,43.73,24.75,screener
HCLTECH,2026-07-08,2026-07-08T20:26:41,2023-06-30,2023-06-30,2023-06-30,screener_HCLTECH_shareholding_20230630,https://www.screener.in/company/HCLTECH/consolidated/,screener shareholding table,60.82,4.63,screener
HCLTECH,2026-07-08,2026-07-08T20:26:41,2023-09-30,2023-09-30,2023-09-30,screener_HCLTECH_shareholding_20230930,https://www.screener.in/company/HCLTECH/consolidated/,screener shareholding table,60.82,4.54,screener
HCLTECH,2026-07-08,2026-07-08T20:26:41,2023-12-31,2023-12-31,2023-12-31,screener_HCLTECH_shareholding_20231231,https://www.screener.in/company/HCLTECH/consolidated/,screener shareholding table,60.82,4.4,screener
HCLTECH,2026-07-08,2026-07-08T20:26:41,2024-03-31,2024-03-31,2024-03-31,screener_HCLTECH_shareholding_20240331,https://www.screener.in/company/HCLTECH/consolidated/,screener shareholding table,60.82,4.35,screener
HCLTECH,2026-07-08,2026-07-08T20:26:41,2024-06-30,2024-06-30,2024-06-30,screener_HCLTECH_shareholding_20240630,https://www.screener.in/company/HCLTECH/consolidated/,screener shareholding table,60.82,4.65,screener
HCLTECH,2026-07-08,2026-07-08T20:26:41,2024-09-30,2024-09-30,2024-09-30,screener_HCLTECH_shareholding_20240930,https://www.screener.in/company/HCLTECH/consolidated/,screener shareholding table,60.82,4.53,screener
HCLTECH,2026-07-08,2026-07-08T20:26:41,2024-12-31,2024-12-31,2024-12-31,screener_HCLTECH_shareholding_20241231,https://www.screener.in/company/HCLTECH/consolidated/,screener shareholding table,60.82,4.42,screener
HCLTECH,2026-07-08,2026-07-08T20:26:41,2025-03-31,2025-03-31,2025-03-31,screener_HCLTECH_shareholding_20250331,https://www.screener.in/company/HCLTECH/consolidated/,screener shareholding table,60.82,4.37,screener
HCLTECH,2026-07-08,2026-07-08T20:26:41,2025-06-30,2025-06-30,2025-06-30,screener_HCLTECH_shareholding_20250630,https://www.screener.in/company/HCLTECH/consolidated/,screener shareholding table,60.82,4.24,screener
HCLTECH,2026-07-08,2026-07-08T20:26:41,2025-09-30,2025-09-30,2025-09-30,screener_HCLTECH_shareholding_20250930,https://www.screener.in/company/HCLTECH/consolidated/,screener shareholding table,60.82,4.41,screener
HCLTECH,2026-07-08,2026-07-08T20:26:41,2025-12-31,2025-12-31,2025-12-31,screener_HCLTECH_shareholding_20251231,https://www.screener.in/company/HCLTECH/consolidated/,screener shareholding table,60.82,4.26,screener
HCLTECH,2026-07-08,2026-07-08T20:26:41,2026-03-31,2026-03-31,2026-03-31,screener_HCLTECH_shareholding_20260331,https://www.screener.in/company/HCLTECH/consolidated/,screener shareholding table,60.86,4.36,screener
HDFCBANK,2026-07-08,2026-07-08T20:26:41,2017-03-31,2017-03-31,2017-03-31,screener_HDFCBANK_shareholding_20170331,https://www.screener.in/company/HDFCBANK/consolidated/,screener shareholding table,26.0,18.8,screener
HDFCBANK,2026-07-08,2026-07-08T20:26:41,2018-03-31,2018-03-31,2018-03-31,screener_HDFCBANK_shareholding_20180331,https://www.screener.in/company/HDFCBANK/consolidated/,screener shareholding table,25.6,18.87,screener
HDFCBANK,2026-07-08,2026-07-08T20:26:41,2019-03-31,2019-03-31,2019-03-31,screener_HDFCBANK_shareholding_20190331,https://www.screener.in/company/HDFCBANK/consolidated/,screener shareholding table,26.5,18.19,screener
HDFCBANK,2026-07-08,2026-07-08T20:26:41,2020-03-31,2020-03-31,2020-03-31,screener_HDFCBANK_shareholding_20200331,https://www.screener.in/company/HDFCBANK/consolidated/,screener shareholding table,26.14,15.21,screener
HDFCBANK,2026-07-08,2026-07-08T20:26:41,2021-03-31,2021-03-31,2021-03-31,screener_HDFCBANK_shareholding_20210331,https://www.screener.in/company/HDFCBANK/consolidated/,screener shareholding table,25.97,13.01,screener
HDFCBANK,2026-07-08,2026-07-08T20:26:41,2022-03-31,2022-03-31,2022-03-31,screener_HDFCBANK_shareholding_20220331,https://www.screener.in/company/HDFCBANK/consolidated/,screener shareholding table,25.78,13.89,screener
HDFCBANK,2026-07-08,2026-07-08T20:26:41,2023-03-31,2023-03-31,2023-03-31,screener_HDFCBANK_shareholding_20230331,https://www.screener.in/company/HDFCBANK/consolidated/,screener shareholding table,25.59,13.91,screener
HDFCBANK,2026-07-08,2026-07-08T20:26:41,2024-03-31,2024-03-31,2024-03-31,screener_HDFCBANK_shareholding_20240331,https://www.screener.in/company/HDFCBANK/consolidated/,screener shareholding table,0.0,18.64,screener
HDFCBANK,2026-07-08,2026-07-08T20:26:41,2025-03-31,2025-03-31,2025-03-31,screener_HDFCBANK_shareholding_20250331,https://www.screener.in/company/HDFCBANK/consolidated/,screener shareholding table,0.0,15.84,screener
HDFCBANK,2026-07-08,2026-07-08T20:26:41,2026-03-31,2026-03-31,2026-03-31,screener_HDFCBANK_shareholding_20260331,https://www.screener.in/company/HDFCBANK/consolidated/,screener shareholding table,0.0,15.64,screener
HDFCBANK,2026-07-08,2026-07-08T20:26:41,2026-06-30,2026-06-30,2026-06-30,screener_HDFCBANK_shareholding_20260630,https://www.screener.in/company/HDFCBANK/consolidated/,screener shareholding table,0.0,16.27,screener
HDFCLIFE,2026-07-08,2026-07-08T20:26:41,2023-06-30,2023-06-30,2023-06-30,screener_HDFCLIFE_shareholding_20230630,https://www.screener.in/company/HDFCLIFE/consolidated/,screener shareholding table,50.33,12.58,screener
HDFCLIFE,2026-07-08,2026-07-08T20:26:41,2023-09-30,2023-09-30,2023-09-30,screener_HDFCLIFE_shareholding_20230930,https://www.screener.in/company/HDFCLIFE/consolidated/,screener shareholding table,50.39,12.18,screener
HDFCLIFE,2026-07-08,2026-07-08T20:26:41,2023-12-31,2023-12-31,2023-12-31,screener_HDFCLIFE_shareholding_20231231,https://www.screener.in/company/HDFCLIFE/consolidated/,screener shareholding table,50.37,11.76,screener
HDFCLIFE,2026-07-08,2026-07-08T20:26:41,2024-03-31,2024-03-31,2024-03-31,screener_HDFCLIFE_shareholding_20240331,https://www.screener.in/company/HDFCLIFE/consolidated/,screener shareholding table,50.37,11.64,screener
HDFCLIFE,2026-07-08,2026-07-08T20:26:41,2024-06-30,2024-06-30,2024-06-30,screener_HDFCLIFE_shareholding_20240630,https://www.screener.in/company/HDFCLIFE/consolidated/,screener shareholding table,50.37,11.74,screener
HDFCLIFE,2026-07-08,2026-07-08T20:26:41,2024-09-30,2024-09-30,2024-09-30,screener_HDFCLIFE_shareholding_20240930,https://www.screener.in/company/HDFCLIFE/consolidated/,screener shareholding table,50.34,10.75,screener
HDFCLIFE,2026-07-08,2026-07-08T20:26:41,2024-12-31,2024-12-31,2024-12-31,screener_HDFCLIFE_shareholding_20241231,https://www.screener.in/company/HDFCLIFE/consolidated/,screener shareholding table,50.32,10.76,screener
HDFCLIFE,2026-07-08,2026-07-08T20:26:41,2025-03-31,2025-03-31,2025-03-31,screener_HDFCLIFE_shareholding_20250331,https://www.screener.in/company/HDFCLIFE/consolidated/,screener shareholding table,50.32,10.6,screener
HDFCLIFE,2026-07-08,2026-07-08T20:26:41,2025-06-30,2025-06-30,2025-06-30,screener_HDFCLIFE_shareholding_20250630,https://www.screener.in/company/HDFCLIFE/consolidated/,screener shareholding table,50.28,10.37,screener
HDFCLIFE,2026-07-08,2026-07-08T20:26:41,2025-09-30,2025-09-30,2025-09-30,screener_HDFCLIFE_shareholding_20250930,https://www.screener.in/company/HDFCLIFE/consolidated/,screener shareholding table,50.25,10.32,screener
HDFCLIFE,2026-07-08,2026-07-08T20:26:41,2025-12-31,2025-12-31,2025-12-31,screener_HDFCLIFE_shareholding_20251231,https://www.screener.in/company/HDFCLIFE/consolidated/,screener shareholding table,50.21,10.25,screener
HDFCLIFE,2026-07-08,2026-07-08T20:26:41,2026-03-31,2026-03-31,2026-03-31,screener_HDFCLIFE_shareholding_20260331,https://www.screener.in/company/HDFCLIFE/consolidated/,screener shareholding table,50.21,10.0,screener
HINDALCO,2026-07-08,2026-07-08T20:26:41,2023-06-30,2023-06-30,2023-06-30,screener_HINDALCO_shareholding_20230630,https://www.screener.in/company/HINDALCO/consolidated/,screener shareholding table,34.65,12.42,screener
HINDALCO,2026-07-08,2026-07-08T20:26:41,2023-09-30,2023-09-30,2023-09-30,screener_HINDALCO_shareholding_20230930,https://www.screener.in/company/HINDALCO/consolidated/,screener shareholding table,34.65,11.92,screener
HINDALCO,2026-07-08,2026-07-08T20:26:41,2023-12-31,2023-12-31,2023-12-31,screener_HINDALCO_shareholding_20231231,https://www.screener.in/company/HINDALCO/consolidated/,screener shareholding table,34.65,11.59,screener
HINDALCO,2026-07-08,2026-07-08T20:26:41,2024-03-31,2024-03-31,2024-03-31,screener_HINDALCO_shareholding_20240331,https://www.screener.in/company/HINDALCO/consolidated/,screener shareholding table,34.65,12.08,screener
HINDALCO,2026-07-08,2026-07-08T20:26:41,2024-06-30,2024-06-30,2024-06-30,screener_HINDALCO_shareholding_20240630,https://www.screener.in/company/HINDALCO/consolidated/,screener shareholding table,34.65,11.98,screener
HINDALCO,2026-07-08,2026-07-08T20:26:41,2024-09-30,2024-09-30,2024-09-30,screener_HINDALCO_shareholding_20240930,https://www.screener.in/company/HINDALCO/consolidated/,screener shareholding table,34.65,11.78,screener
HINDALCO,2026-07-08,2026-07-08T20:26:41,2024-12-31,2024-12-31,2024-12-31,screener_HINDALCO_shareholding_20241231,https://www.screener.in/company/HINDALCO/consolidated/,screener shareholding table,34.65,11.99,screener
HINDALCO,2026-07-08,2026-07-08T20:26:41,2025-03-31,2025-03-31,2025-03-31,screener_HINDALCO_shareholding_20250331,https://www.screener.in/company/HINDALCO/consolidated/,screener shareholding table,34.65,11.71,screener
HINDALCO,2026-07-08,2026-07-08T20:26:41,2025-06-30,2025-06-30,2025-06-30,screener_HINDALCO_shareholding_20250630,https://www.screener.in/company/HINDALCO/consolidated/,screener shareholding table,34.65,12.01,screener
HINDALCO,2026-07-08,2026-07-08T20:26:41,2025-09-30,2025-09-30,2025-09-30,screener_HINDALCO_shareholding_20250930,https://www.screener.in/company/HINDALCO/consolidated/,screener shareholding table,34.65,12.23,screener
HINDALCO,2026-07-08,2026-07-08T20:26:41,2025-12-31,2025-12-31,2025-12-31,screener_HINDALCO_shareholding_20251231,https://www.screener.in/company/HINDALCO/consolidated/,screener shareholding table,34.65,13.16,screener
HINDALCO,2026-07-08,2026-07-08T20:26:41,2026-03-31,2026-03-31,2026-03-31,screener_HINDALCO_shareholding_20260331,https://www.screener.in/company/HINDALCO/consolidated/,screener shareholding table,34.65,13.21,screener
HINDUNILVR,2026-07-08,2026-07-08T20:26:41,2023-06-30,2023-06-30,2023-06-30,screener_HINDUNILVR_shareholding_20230630,https://www.screener.in/company/HINDUNILVR/consolidated/,screener shareholding table,61.9,12.09,screener
HINDUNILVR,2026-07-08,2026-07-08T20:26:41,2023-09-30,2023-09-30,2023-09-30,screener_HINDUNILVR_shareholding_20230930,https://www.screener.in/company/HINDUNILVR/consolidated/,screener shareholding table,61.9,12.26,screener
HINDUNILVR,2026-07-08,2026-07-08T20:26:41,2023-12-31,2023-12-31,2023-12-31,screener_HINDUNILVR_shareholding_20231231,https://www.screener.in/company/HINDUNILVR/consolidated/,screener shareholding table,61.9,12.11,screener
HINDUNILVR,2026-07-08,2026-07-08T20:26:41,2024-03-31,2024-03-31,2024-03-31,screener_HINDUNILVR_shareholding_20240331,https://www.screener.in/company/HINDUNILVR/consolidated/,screener shareholding table,61.9,12.19,screener
HINDUNILVR,2026-07-08,2026-07-08T20:26:41,2024-06-30,2024-06-30,2024-06-30,screener_HINDUNILVR_shareholding_20240630,https://www.screener.in/company/HINDUNILVR/consolidated/,screener shareholding table,61.9,12.11,screener
HINDUNILVR,2026-07-08,2026-07-08T20:26:41,2024-09-30,2024-09-30,2024-09-30,screener_HINDUNILVR_shareholding_20240930,https://www.screener.in/company/HINDUNILVR/consolidated/,screener shareholding table,61.9,11.75,screener
HINDUNILVR,2026-07-08,2026-07-08T20:26:41,2024-12-31,2024-12-31,2024-12-31,screener_HINDUNILVR_shareholding_20241231,https://www.screener.in/company/HINDUNILVR/consolidated/,screener shareholding table,61.9,11.94,screener
HINDUNILVR,2026-07-08,2026-07-08T20:26:41,2025-03-31,2025-03-31,2025-03-31,screener_HINDUNILVR_shareholding_20250331,https://www.screener.in/company/HINDUNILVR/consolidated/,screener shareholding table,61.9,11.93,screener
HINDUNILVR,2026-07-08,2026-07-08T20:26:41,2025-06-30,2025-06-30,2025-06-30,screener_HINDUNILVR_shareholding_20250630,https://www.screener.in/company/HINDUNILVR/consolidated/,screener shareholding table,61.9,11.86,screener
HINDUNILVR,2026-07-08,2026-07-08T20:26:41,2025-09-30,2025-09-30,2025-09-30,screener_HINDUNILVR_shareholding_20250930,https://www.screener.in/company/HINDUNILVR/consolidated/,screener shareholding table,61.9,11.62,screener
HINDUNILVR,2026-07-08,2026-07-08T20:26:41,2025-12-31,2025-12-31,2025-12-31,screener_HINDUNILVR_shareholding_20251231,https://www.screener.in/company/HINDUNILVR/consolidated/,screener shareholding table,61.9,11.64,screener
HINDUNILVR,2026-07-08,2026-07-08T20:26:41,2026-03-31,2026-03-31,2026-03-31,screener_HINDUNILVR_shareholding_20260331,https://www.screener.in/company/HINDUNILVR/consolidated/,screener shareholding table,61.9,11.6,screener
INDIGO,2026-07-08,2026-07-08T20:26:41,2023-06-30,2023-06-30,2023-06-30,screener_INDIGO_shareholding_20230630,https://www.screener.in/company/INDIGO/consolidated/,screener shareholding table,67.77,2.02,screener
INDIGO,2026-07-08,2026-07-08T20:26:41,2023-09-30,2023-09-30,2023-09-30,screener_INDIGO_shareholding_20230930,https://www.screener.in/company/INDIGO/consolidated/,screener shareholding table,63.25,3.16,screener
INDIGO,2026-07-08,2026-07-08T20:26:41,2023-12-31,2023-12-31,2023-12-31,screener_INDIGO_shareholding_20231231,https://www.screener.in/company/INDIGO/consolidated/,screener shareholding table,63.12,3.45,screener
INDIGO,2026-07-08,2026-07-08T20:26:41,2024-03-31,2024-03-31,2024-03-31,screener_INDIGO_shareholding_20240331,https://www.screener.in/company/INDIGO/consolidated/,screener shareholding table,57.29,3.95,screener
INDIGO,2026-07-08,2026-07-08T20:26:41,2024-06-30,2024-06-30,2024-06-30,screener_INDIGO_shareholding_20240630,https://www.screener.in/company/INDIGO/consolidated/,screener shareholding table,55.29,4.85,screener
INDIGO,2026-07-08,2026-07-08T20:26:41,2024-09-30,2024-09-30,2024-09-30,screener_INDIGO_shareholding_20240930,https://www.screener.in/company/INDIGO/consolidated/,screener shareholding table,49.29,4.64,screener
INDIGO,2026-07-08,2026-07-08T20:26:41,2024-12-31,2024-12-31,2024-12-31,screener_INDIGO_shareholding_20241231,https://www.screener.in/company/INDIGO/consolidated/,screener shareholding table,49.27,4.69,screener
INDIGO,2026-07-08,2026-07-08T20:26:41,2025-03-31,2025-03-31,2025-03-31,screener_INDIGO_shareholding_20250331,https://www.screener.in/company/INDIGO/consolidated/,screener shareholding table,49.27,4.88,screener
INDIGO,2026-07-08,2026-07-08T20:26:41,2025-06-30,2025-06-30,2025-06-30,screener_INDIGO_shareholding_20250630,https://www.screener.in/company/INDIGO/consolidated/,screener shareholding table,43.54,5.05,screener
INDIGO,2026-07-08,2026-07-08T20:26:41,2025-09-30,2025-09-30,2025-09-30,screener_INDIGO_shareholding_20250930,https://www.screener.in/company/INDIGO/consolidated/,screener shareholding table,41.58,5.32,screener
INDIGO,2026-07-08,2026-07-08T20:26:41,2025-12-31,2025-12-31,2025-12-31,screener_INDIGO_shareholding_20251231,https://www.screener.in/company/INDIGO/consolidated/,screener shareholding table,41.57,5.31,screener
INDIGO,2026-07-08,2026-07-08T20:26:41,2026-03-31,2026-03-31,2026-03-31,screener_INDIGO_shareholding_20260331,https://www.screener.in/company/INDIGO/consolidated/,screener shareholding table,41.57,5.6,screener
INFY,2026-07-08,2026-07-08T20:26:41,2023-06-30,2023-06-30,2023-06-30,screener_INFY_shareholding_20230630,https://www.screener.in/company/INFY/consolidated/,screener shareholding table,14.94,16.52,screener
INFY,2026-07-08,2026-07-08T20:26:41,2023-09-30,2023-09-30,2023-09-30,screener_INFY_shareholding_20230930,https://www.screener.in/company/INFY/consolidated/,screener shareholding table,14.89,15.83,screener
INFY,2026-07-08,2026-07-08T20:26:41,2023-12-31,2023-12-31,2023-12-31,screener_INFY_shareholding_20231231,https://www.screener.in/company/INFY/consolidated/,screener shareholding table,14.78,15.52,screener
INFY,2026-07-08,2026-07-08T20:26:41,2024-03-31,2024-03-31,2024-03-31,screener_INFY_shareholding_20240331,https://www.screener.in/company/INFY/consolidated/,screener shareholding table,14.71,15.06,screener
INFY,2026-07-08,2026-07-08T20:26:41,2024-06-30,2024-06-30,2024-06-30,screener_INFY_shareholding_20240630,https://www.screener.in/company/INFY/consolidated/,screener shareholding table,14.61,14.91,screener
INFY,2026-07-08,2026-07-08T20:26:41,2024-09-30,2024-09-30,2024-09-30,screener_INFY_shareholding_20240930,https://www.screener.in/company/INFY/consolidated/,screener shareholding table,14.43,14.01,screener
INFY,2026-07-08,2026-07-08T20:26:41,2024-12-31,2024-12-31,2024-12-31,screener_INFY_shareholding_20241231,https://www.screener.in/company/INFY/consolidated/,screener shareholding table,14.43,13.62,screener
INFY,2026-07-08,2026-07-08T20:26:41,2025-03-31,2025-03-31,2025-03-31,screener_INFY_shareholding_20250331,https://www.screener.in/company/INFY/consolidated/,screener shareholding table,14.6,13.72,screener
INFY,2026-07-08,2026-07-08T20:26:41,2025-06-30,2025-06-30,2025-06-30,screener_INFY_shareholding_20250630,https://www.screener.in/company/INFY/consolidated/,screener shareholding table,14.61,13.62,screener
INFY,2026-07-08,2026-07-08T20:26:41,2025-09-30,2025-09-30,2025-09-30,screener_INFY_shareholding_20250930,https://www.screener.in/company/INFY/consolidated/,screener shareholding table,14.3,13.7,screener
INFY,2026-07-08,2026-07-08T20:26:41,2025-12-31,2025-12-31,2025-12-31,screener_INFY_shareholding_20251231,https://www.screener.in/company/INFY/consolidated/,screener shareholding table,14.52,13.69,screener
INFY,2026-07-08,2026-07-08T20:26:41,2026-03-31,2026-03-31,2026-03-31,screener_INFY_shareholding_20260331,https://www.screener.in/company/INFY/consolidated/,screener shareholding table,14.38,13.54,screener
JIOFIN,2026-07-08,2026-07-08T20:26:41,2023-09-30,2023-09-30,2023-09-30,screener_JIOFIN_shareholding_20230930,https://www.screener.in/company/JIOFIN/consolidated/,screener shareholding table,46.77,17.86,screener
JIOFIN,2026-07-08,2026-07-08T20:26:41,2023-12-31,2023-12-31,2023-12-31,screener_JIOFIN_shareholding_20231231,https://www.screener.in/company/JIOFIN/consolidated/,screener shareholding table,47.12,19.92,screener
JIOFIN,2026-07-08,2026-07-08T20:26:41,2024-03-31,2024-03-31,2024-03-31,screener_JIOFIN_shareholding_20240331,https://www.screener.in/company/JIOFIN/consolidated/,screener shareholding table,47.12,20.77,screener
JIOFIN,2026-07-08,2026-07-08T20:26:41,2024-06-30,2024-06-30,2024-06-30,screener_JIOFIN_shareholding_20240630,https://www.screener.in/company/JIOFIN/consolidated/,screener shareholding table,47.12,23.39,screener
JIOFIN,2026-07-08,2026-07-08T20:26:41,2024-09-30,2024-09-30,2024-09-30,screener_JIOFIN_shareholding_20240930,https://www.screener.in/company/JIOFIN/consolidated/,screener shareholding table,47.12,24.46,screener
JIOFIN,2026-07-08,2026-07-08T20:26:41,2024-12-31,2024-12-31,2024-12-31,screener_JIOFIN_shareholding_20241231,https://www.screener.in/company/JIOFIN/consolidated/,screener shareholding table,47.12,24.61,screener
JIOFIN,2026-07-08,2026-07-08T20:26:41,2025-03-31,2025-03-31,2025-03-31,screener_JIOFIN_shareholding_20250331,https://www.screener.in/company/JIOFIN/consolidated/,screener shareholding table,47.12,26.83,screener
JIOFIN,2026-07-08,2026-07-08T20:26:41,2025-06-30,2025-06-30,2025-06-30,screener_JIOFIN_shareholding_20250630,https://www.screener.in/company/JIOFIN/consolidated/,screener shareholding table,47.12,25.7,screener
JIOFIN,2026-07-08,2026-07-08T20:26:41,2025-09-30,2025-09-30,2025-09-30,screener_JIOFIN_shareholding_20250930,https://www.screener.in/company/JIOFIN/consolidated/,screener shareholding table,47.12,26.07,screener
JIOFIN,2026-07-08,2026-07-08T20:26:41,2025-12-31,2025-12-31,2025-12-31,screener_JIOFIN_shareholding_20251231,https://www.screener.in/company/JIOFIN/consolidated/,screener shareholding table,47.12,25.77,screener
JIOFIN,2026-07-08,2026-07-08T20:26:41,2026-03-31,2026-03-31,2026-03-31,screener_JIOFIN_shareholding_20260331,https://www.screener.in/company/JIOFIN/consolidated/,screener shareholding table,47.12,26.11,screener
JIOFIN,2026-07-08,2026-07-08T20:26:41,2026-04-30,2026-04-30,2026-04-30,screener_JIOFIN_shareholding_20260430,https://www.screener.in/company/JIOFIN/consolidated/,screener shareholding table,49.13,25.75,screener
JSWSTEEL,2026-07-08,2026-07-08T20:26:41,2023-06-30,2023-06-30,2023-06-30,screener_JSWSTEEL_shareholding_20230630,https://www.screener.in/company/JSWSTEEL/consolidated/,screener shareholding table,45.41,17.99,screener
JSWSTEEL,2026-07-08,2026-07-08T20:26:41,2023-09-30,2023-09-30,2023-09-30,screener_JSWSTEEL_shareholding_20230930,https://www.screener.in/company/JSWSTEEL/consolidated/,screener shareholding table,44.79,18.64,screener
JSWSTEEL,2026-07-08,2026-07-08T20:26:41,2023-12-31,2023-12-31,2023-12-31,screener_JSWSTEEL_shareholding_20231231,https://www.screener.in/company/JSWSTEEL/consolidated/,screener shareholding table,44.81,18.47,screener
JSWSTEEL,2026-07-08,2026-07-08T20:26:41,2024-03-31,2024-03-31,2024-03-31,screener_JSWSTEEL_shareholding_20240331,https://www.screener.in/company/JSWSTEEL/consolidated/,screener shareholding table,44.81,18.44,screener
JSWSTEEL,2026-07-08,2026-07-08T20:26:41,2024-06-30,2024-06-30,2024-06-30,screener_JSWSTEEL_shareholding_20240630,https://www.screener.in/company/JSWSTEEL/consolidated/,screener shareholding table,44.81,18.3,screener
JSWSTEEL,2026-07-08,2026-07-08T20:26:41,2024-09-30,2024-09-30,2024-09-30,screener_JSWSTEEL_shareholding_20240930,https://www.screener.in/company/JSWSTEEL/consolidated/,screener shareholding table,44.84,18.22,screener
JSWSTEEL,2026-07-08,2026-07-08T20:26:41,2024-12-31,2024-12-31,2024-12-31,screener_JSWSTEEL_shareholding_20241231,https://www.screener.in/company/JSWSTEEL/consolidated/,screener shareholding table,44.85,18.24,screener
JSWSTEEL,2026-07-08,2026-07-08T20:26:41,2025-03-31,2025-03-31,2025-03-31,screener_JSWSTEEL_shareholding_20250331,https://www.screener.in/company/JSWSTEEL/consolidated/,screener shareholding table,44.84,18.16,screener
JSWSTEEL,2026-07-08,2026-07-08T20:26:41,2025-06-30,2025-06-30,2025-06-30,screener_JSWSTEEL_shareholding_20250630,https://www.screener.in/company/JSWSTEEL/consolidated/,screener shareholding table,45.31,17.59,screener
JSWSTEEL,2026-07-08,2026-07-08T20:26:41,2025-09-30,2025-09-30,2025-09-30,screener_JSWSTEEL_shareholding_20250930,https://www.screener.in/company/JSWSTEEL/consolidated/,screener shareholding table,45.31,17.62,screener
JSWSTEEL,2026-07-08,2026-07-08T20:26:41,2025-12-31,2025-12-31,2025-12-31,screener_JSWSTEEL_shareholding_20251231,https://www.screener.in/company/JSWSTEEL/consolidated/,screener shareholding table,45.31,17.56,screener
JSWSTEEL,2026-07-08,2026-07-08T20:26:41,2026-03-31,2026-03-31,2026-03-31,screener_JSWSTEEL_shareholding_20260331,https://www.screener.in/company/JSWSTEEL/consolidated/,screener shareholding table,45.31,17.47,screener
KOTAKBANK,2026-07-08,2026-07-08T20:26:41,2023-06-30,2023-06-30,2023-06-30,screener_KOTAKBANK_shareholding_20230630,https://www.screener.in/company/KOTAKBANK/consolidated/,screener shareholding table,25.94,12.92,screener
KOTAKBANK,2026-07-08,2026-07-08T20:26:41,2023-09-30,2023-09-30,2023-09-30,screener_KOTAKBANK_shareholding_20230930,https://www.screener.in/company/KOTAKBANK/consolidated/,screener shareholding table,25.92,13.11,screener
KOTAKBANK,2026-07-08,2026-07-08T20:26:41,2023-12-31,2023-12-31,2023-12-31,screener_KOTAKBANK_shareholding_20231231,https://www.screener.in/company/KOTAKBANK/consolidated/,screener shareholding table,25.91,12.98,screener
KOTAKBANK,2026-07-08,2026-07-08T20:26:41,2024-03-31,2024-03-31,2024-03-31,screener_KOTAKBANK_shareholding_20240331,https://www.screener.in/company/KOTAKBANK/consolidated/,screener shareholding table,25.9,13.11,screener
KOTAKBANK,2026-07-08,2026-07-08T20:26:41,2024-06-30,2024-06-30,2024-06-30,screener_KOTAKBANK_shareholding_20240630,https://www.screener.in/company/KOTAKBANK/consolidated/,screener shareholding table,25.89,13.26,screener
KOTAKBANK,2026-07-08,2026-07-08T20:26:41,2024-09-30,2024-09-30,2024-09-30,screener_KOTAKBANK_shareholding_20240930,https://www.screener.in/company/KOTAKBANK/consolidated/,screener shareholding table,25.88,12.84,screener
KOTAKBANK,2026-07-08,2026-07-08T20:26:41,2024-12-31,2024-12-31,2024-12-31,screener_KOTAKBANK_shareholding_20241231,https://www.screener.in/company/KOTAKBANK/consolidated/,screener shareholding table,25.88,12.83,screener
KOTAKBANK,2026-07-08,2026-07-08T20:26:41,2025-03-31,2025-03-31,2025-03-31,screener_KOTAKBANK_shareholding_20250331,https://www.screener.in/company/KOTAKBANK/consolidated/,screener shareholding table,25.88,12.34,screener
KOTAKBANK,2026-07-08,2026-07-08T20:26:41,2025-06-30,2025-06-30,2025-06-30,screener_KOTAKBANK_shareholding_20250630,https://www.screener.in/company/KOTAKBANK/consolidated/,screener shareholding table,25.88,12.18,screener
KOTAKBANK,2026-07-08,2026-07-08T20:26:41,2025-09-30,2025-09-30,2025-09-30,screener_KOTAKBANK_shareholding_20250930,https://www.screener.in/company/KOTAKBANK/consolidated/,screener shareholding table,25.87,12.35,screener
KOTAKBANK,2026-07-08,2026-07-08T20:26:41,2025-12-31,2025-12-31,2025-12-31,screener_KOTAKBANK_shareholding_20251231,https://www.screener.in/company/KOTAKBANK/consolidated/,screener shareholding table,25.87,11.9,screener
KOTAKBANK,2026-07-08,2026-07-08T20:26:41,2026-03-31,2026-03-31,2026-03-31,screener_KOTAKBANK_shareholding_20260331,https://www.screener.in/company/KOTAKBANK/consolidated/,screener shareholding table,25.87,11.54,screener
M&M,2026-07-08,2026-07-08T20:26:41,2023-06-30,2023-06-30,2023-06-30,screener_M&M_shareholding_20230630,https://www.screener.in/company/M%26M/consolidated/,screener shareholding table,19.37,9.71,screener
M&M,2026-07-08,2026-07-08T20:26:41,2023-09-30,2023-09-30,2023-09-30,screener_M&M_shareholding_20230930,https://www.screener.in/company/M%26M/consolidated/,screener shareholding table,19.33,9.73,screener
M&M,2026-07-08,2026-07-08T20:26:41,2023-12-31,2023-12-31,2023-12-31,screener_M&M_shareholding_20231231,https://www.screener.in/company/M%26M/consolidated/,screener shareholding table,19.33,9.71,screener
M&M,2026-07-08,2026-07-08T20:26:41,2024-03-31,2024-03-31,2024-03-31,screener_M&M_shareholding_20240331,https://www.screener.in/company/M%26M/consolidated/,screener shareholding table,18.58,9.7,screener
M&M,2026-07-08,2026-07-08T20:26:41,2024-06-30,2024-06-30,2024-06-30,screener_M&M_shareholding_20240630,https://www.screener.in/company/M%26M/consolidated/,screener shareholding table,18.55,9.57,screener
M&M,2026-07-08,2026-07-08T20:26:41,2024-09-30,2024-09-30,2024-09-30,screener_M&M_shareholding_20240930,https://www.screener.in/company/M%26M/consolidated/,screener shareholding table,18.53,9.44,screener
M&M,2026-07-08,2026-07-08T20:26:41,2024-12-31,2024-12-31,2024-12-31,screener_M&M_shareholding_20241231,https://www.screener.in/company/M%26M/consolidated/,screener shareholding table,18.48,9.66,screener
M&M,2026-07-08,2026-07-08T20:26:41,2025-03-31,2025-03-31,2025-03-31,screener_M&M_shareholding_20250331,https://www.screener.in/company/M%26M/consolidated/,screener shareholding table,18.45,9.78,screener
M&M,2026-07-08,2026-07-08T20:26:41,2025-06-30,2025-06-30,2025-06-30,screener_M&M_shareholding_20250630,https://www.screener.in/company/M%26M/consolidated/,screener shareholding table,18.43,9.77,screener
M&M,2026-07-08,2026-07-08T20:26:41,2025-09-30,2025-09-30,2025-09-30,screener_M&M_shareholding_20250930,https://www.screener.in/company/M%26M/consolidated/,screener shareholding table,18.43,9.93,screener
M&M,2026-07-08,2026-07-08T20:26:41,2025-12-31,2025-12-31,2025-12-31,screener_M&M_shareholding_20251231,https://www.screener.in/company/M%26M/consolidated/,screener shareholding table,18.43,10.03,screener
M&M,2026-07-08,2026-07-08T20:26:41,2026-03-31,2026-03-31,2026-03-31,screener_M&M_shareholding_20260331,https://www.screener.in/company/M%26M/consolidated/,screener shareholding table,18.45,10.25,screener
MARUTI,2026-07-08,2026-07-08T20:26:41,2023-06-30,2023-06-30,2023-06-30,screener_MARUTI_shareholding_20230630,https://www.screener.in/company/MARUTI/consolidated/,screener shareholding table,56.48,3.51,screener
MARUTI,2026-07-08,2026-07-08T20:26:41,2023-09-30,2023-09-30,2023-09-30,screener_MARUTI_shareholding_20230930,https://www.screener.in/company/MARUTI/consolidated/,screener shareholding table,56.48,3.45,screener
MARUTI,2026-07-08,2026-07-08T20:26:41,2023-12-31,2023-12-31,2023-12-31,screener_MARUTI_shareholding_20231231,https://www.screener.in/company/MARUTI/consolidated/,screener shareholding table,58.19,3.5,screener
MARUTI,2026-07-08,2026-07-08T20:26:41,2024-03-31,2024-03-31,2024-03-31,screener_MARUTI_shareholding_20240331,https://www.screener.in/company/MARUTI/consolidated/,screener shareholding table,58.19,3.24,screener
MARUTI,2026-07-08,2026-07-08T20:26:41,2024-06-30,2024-06-30,2024-06-30,screener_MARUTI_shareholding_20240630,https://www.screener.in/company/MARUTI/consolidated/,screener shareholding table,58.19,3.41,screener
MARUTI,2026-07-08,2026-07-08T20:26:41,2024-09-30,2024-09-30,2024-09-30,screener_MARUTI_shareholding_20240930,https://www.screener.in/company/MARUTI/consolidated/,screener shareholding table,58.19,3.31,screener
MARUTI,2026-07-08,2026-07-08T20:26:41,2024-12-31,2024-12-31,2024-12-31,screener_MARUTI_shareholding_20241231,https://www.screener.in/company/MARUTI/consolidated/,screener shareholding table,58.28,3.28,screener
MARUTI,2026-07-08,2026-07-08T20:26:41,2025-03-31,2025-03-31,2025-03-31,screener_MARUTI_shareholding_20250331,https://www.screener.in/company/MARUTI/consolidated/,screener shareholding table,58.28,3.12,screener
MARUTI,2026-07-08,2026-07-08T20:26:41,2025-06-30,2025-06-30,2025-06-30,screener_MARUTI_shareholding_20250630,https://www.screener.in/company/MARUTI/consolidated/,screener shareholding table,58.28,3.18,screener
MARUTI,2026-07-08,2026-07-08T20:26:41,2025-09-30,2025-09-30,2025-09-30,screener_MARUTI_shareholding_20250930,https://www.screener.in/company/MARUTI/consolidated/,screener shareholding table,58.28,3.3,screener
MARUTI,2026-07-08,2026-07-08T20:26:41,2025-12-31,2025-12-31,2025-12-31,screener_MARUTI_shareholding_20251231,https://www.screener.in/company/MARUTI/consolidated/,screener shareholding table,58.28,3.04,screener
MARUTI,2026-07-08,2026-07-08T20:26:41,2026-03-31,2026-03-31,2026-03-31,screener_MARUTI_shareholding_20260331,https://www.screener.in/company/MARUTI/consolidated/,screener shareholding table,58.53,3.18,screener
MAXHEALTH,2026-07-08,2026-07-08T20:26:41,2023-06-30,2023-06-30,2023-06-30,screener_MAXHEALTH_shareholding_20230630,https://www.screener.in/company/MAXHEALTH/consolidated/,screener shareholding table,23.76,4.45,screener
MAXHEALTH,2026-07-08,2026-07-08T20:26:41,2023-09-30,2023-09-30,2023-09-30,screener_MAXHEALTH_shareholding_20230930,https://www.screener.in/company/MAXHEALTH/consolidated/,screener shareholding table,23.76,4.45,screener
MAXHEALTH,2026-07-08,2026-07-08T20:26:41,2023-12-31,2023-12-31,2023-12-31,screener_MAXHEALTH_shareholding_20231231,https://www.screener.in/company/MAXHEALTH/consolidated/,screener shareholding table,23.75,3.99,screener
MAXHEALTH,2026-07-08,2026-07-08T20:26:41,2024-03-31,2024-03-31,2024-03-31,screener_MAXHEALTH_shareholding_20240331,https://www.screener.in/company/MAXHEALTH/consolidated/,screener shareholding table,23.75,3.97,screener
MAXHEALTH,2026-07-08,2026-07-08T20:26:41,2024-06-30,2024-06-30,2024-06-30,screener_MAXHEALTH_shareholding_20240630,https://www.screener.in/company/MAXHEALTH/consolidated/,screener shareholding table,23.74,3.91,screener
MAXHEALTH,2026-07-08,2026-07-08T20:26:41,2024-09-30,2024-09-30,2024-09-30,screener_MAXHEALTH_shareholding_20240930,https://www.screener.in/company/MAXHEALTH/consolidated/,screener shareholding table,23.74,3.84,screener
MAXHEALTH,2026-07-08,2026-07-08T20:26:41,2024-12-31,2024-12-31,2024-12-31,screener_MAXHEALTH_shareholding_20241231,https://www.screener.in/company/MAXHEALTH/consolidated/,screener shareholding table,23.74,3.77,screener
MAXHEALTH,2026-07-08,2026-07-08T20:26:41,2025-03-31,2025-03-31,2025-03-31,screener_MAXHEALTH_shareholding_20250331,https://www.screener.in/company/MAXHEALTH/consolidated/,screener shareholding table,23.74,3.94,screener
MAXHEALTH,2026-07-08,2026-07-08T20:26:41,2025-06-30,2025-06-30,2025-06-30,screener_MAXHEALTH_shareholding_20250630,https://www.screener.in/company/MAXHEALTH/consolidated/,screener shareholding table,23.74,4.09,screener
MAXHEALTH,2026-07-08,2026-07-08T20:26:41,2025-09-30,2025-09-30,2025-09-30,screener_MAXHEALTH_shareholding_20250930,https://www.screener.in/company/MAXHEALTH/consolidated/,screener shareholding table,23.74,4.43,screener
MAXHEALTH,2026-07-08,2026-07-08T20:26:41,2025-12-31,2025-12-31,2025-12-31,screener_MAXHEALTH_shareholding_20251231,https://www.screener.in/company/MAXHEALTH/consolidated/,screener shareholding table,23.72,4.52,screener
MAXHEALTH,2026-07-08,2026-07-08T20:26:41,2026-03-31,2026-03-31,2026-03-31,screener_MAXHEALTH_shareholding_20260331,https://www.screener.in/company/MAXHEALTH/consolidated/,screener shareholding table,23.71,4.58,screener
NESTLEIND,2026-07-08,2026-07-08T20:26:41,2023-06-30,2023-06-30,2023-06-30,screener_NESTLEIND_shareholding_20230630,https://www.screener.in/company/NESTLEIND/consolidated/,screener shareholding table,62.76,15.82,screener
NESTLEIND,2026-07-08,2026-07-08T20:26:41,2023-09-30,2023-09-30,2023-09-30,screener_NESTLEIND_shareholding_20230930,https://www.screener.in/company/NESTLEIND/consolidated/,screener shareholding table,62.76,15.81,screener
NESTLEIND,2026-07-08,2026-07-08T20:26:41,2023-12-31,2023-12-31,2023-12-31,screener_NESTLEIND_shareholding_20231231,https://www.screener.in/company/NESTLEIND/consolidated/,screener shareholding table,62.76,15.98,screener
NESTLEIND,2026-07-08,2026-07-08T20:26:41,2024-03-31,2024-03-31,2024-03-31,screener_NESTLEIND_shareholding_20240331,https://www.screener.in/company/NESTLEIND/consolidated/,screener shareholding table,62.76,16.14,screener
NESTLEIND,2026-07-08,2026-07-08T20:26:41,2024-06-30,2024-06-30,2024-06-30,screener_NESTLEIND_shareholding_20240630,https://www.screener.in/company/NESTLEIND/consolidated/,screener shareholding table,62.76,16.1,screener
NESTLEIND,2026-07-08,2026-07-08T20:26:41,2024-09-30,2024-09-30,2024-09-30,screener_NESTLEIND_shareholding_20240930,https://www.screener.in/company/NESTLEIND/consolidated/,screener shareholding table,62.76,15.86,screener
NESTLEIND,2026-07-08,2026-07-08T20:26:41,2024-12-31,2024-12-31,2024-12-31,screener_NESTLEIND_shareholding_20241231,https://www.screener.in/company/NESTLEIND/consolidated/,screener shareholding table,62.76,16.17,screener
NESTLEIND,2026-07-08,2026-07-08T20:26:41,2025-03-31,2025-03-31,2025-03-31,screener_NESTLEIND_shareholding_20250331,https://www.screener.in/company/NESTLEIND/consolidated/,screener shareholding table,62.76,15.9,screener
NESTLEIND,2026-07-08,2026-07-08T20:26:41,2025-06-30,2025-06-30,2025-06-30,screener_NESTLEIND_shareholding_20250630,https://www.screener.in/company/NESTLEIND/consolidated/,screener shareholding table,62.76,15.76,screener
NESTLEIND,2026-07-08,2026-07-08T20:26:41,2025-09-30,2025-09-30,2025-09-30,screener_NESTLEIND_shareholding_20250930,https://www.screener.in/company/NESTLEIND/consolidated/,screener shareholding table,62.76,15.63,screener
NESTLEIND,2026-07-08,2026-07-08T20:26:41,2025-12-31,2025-12-31,2025-12-31,screener_NESTLEIND_shareholding_20251231,https://www.screener.in/company/NESTLEIND/consolidated/,screener shareholding table,62.76,15.31,screener
NESTLEIND,2026-07-08,2026-07-08T20:26:41,2026-03-31,2026-03-31,2026-03-31,screener_NESTLEIND_shareholding_20260331,https://www.screener.in/company/NESTLEIND/consolidated/,screener shareholding table,62.76,15.09,screener
NTPC,2026-07-08,2026-07-08T20:26:41,2023-06-30,2023-06-30,2023-06-30,screener_NTPC_shareholding_20230630,https://www.screener.in/company/NTPC/consolidated/,screener shareholding table,51.1,2.79,screener
NTPC,2026-07-08,2026-07-08T20:26:41,2023-09-30,2023-09-30,2023-09-30,screener_NTPC_shareholding_20230930,https://www.screener.in/company/NTPC/consolidated/,screener shareholding table,51.1,3.08,screener
NTPC,2026-07-08,2026-07-08T20:26:41,2023-12-31,2023-12-31,2023-12-31,screener_NTPC_shareholding_20231231,https://www.screener.in/company/NTPC/consolidated/,screener shareholding table,51.1,3.04,screener
NTPC,2026-07-08,2026-07-08T20:26:41,2024-03-31,2024-03-31,2024-03-31,screener_NTPC_shareholding_20240331,https://www.screener.in/company/NTPC/consolidated/,screener shareholding table,51.1,3.37,screener
NTPC,2026-07-08,2026-07-08T20:26:41,2024-06-30,2024-06-30,2024-06-30,screener_NTPC_shareholding_20240630,https://www.screener.in/company/NTPC/consolidated/,screener shareholding table,51.1,3.55,screener
NTPC,2026-07-08,2026-07-08T20:26:41,2024-09-30,2024-09-30,2024-09-30,screener_NTPC_shareholding_20240930,https://www.screener.in/company/NTPC/consolidated/,screener shareholding table,51.1,3.68,screener
NTPC,2026-07-08,2026-07-08T20:26:41,2024-12-31,2024-12-31,2024-12-31,screener_NTPC_shareholding_20241231,https://www.screener.in/company/NTPC/consolidated/,screener shareholding table,51.1,3.83,screener
NTPC,2026-07-08,2026-07-08T20:26:41,2025-03-31,2025-03-31,2025-03-31,screener_NTPC_shareholding_20250331,https://www.screener.in/company/NTPC/consolidated/,screener shareholding table,51.1,3.77,screener
NTPC,2026-07-08,2026-07-08T20:26:41,2025-06-30,2025-06-30,2025-06-30,screener_NTPC_shareholding_20250630,https://www.screener.in/company/NTPC/consolidated/,screener shareholding table,51.1,3.77,screener
NTPC,2026-07-08,2026-07-08T20:26:41,2025-09-30,2025-09-30,2025-09-30,screener_NTPC_shareholding_20250930,https://www.screener.in/company/NTPC/consolidated/,screener shareholding table,51.1,3.45,screener
NTPC,2026-07-08,2026-07-08T20:26:41,2025-12-31,2025-12-31,2025-12-31,screener_NTPC_shareholding_20251231,https://www.screener.in/company/NTPC/consolidated/,screener shareholding table,51.1,3.34,screener
NTPC,2026-07-08,2026-07-08T20:26:41,2026-03-31,2026-03-31,2026-03-31,screener_NTPC_shareholding_20260331,https://www.screener.in/company/NTPC/consolidated/,screener shareholding table,51.1,3.1,screener
ONGC,2026-07-08,2026-07-08T20:26:41,2023-06-30,2023-06-30,2023-06-30,screener_ONGC_shareholding_20230630,https://www.screener.in/company/ONGC/consolidated/,screener shareholding table,58.89,2.87,screener
ONGC,2026-07-08,2026-07-08T20:26:41,2023-09-30,2023-09-30,2023-09-30,screener_ONGC_shareholding_20230930,https://www.screener.in/company/ONGC/consolidated/,screener shareholding table,58.89,2.83,screener
ONGC,2026-07-08,2026-07-08T20:26:41,2023-12-31,2023-12-31,2023-12-31,screener_ONGC_shareholding_20231231,https://www.screener.in/company/ONGC/consolidated/,screener shareholding table,58.89,2.89,screener
ONGC,2026-07-08,2026-07-08T20:26:41,2024-03-31,2024-03-31,2024-03-31,screener_ONGC_shareholding_20240331,https://www.screener.in/company/ONGC/consolidated/,screener shareholding table,58.89,3.05,screener
ONGC,2026-07-08,2026-07-08T20:26:41,2024-06-30,2024-06-30,2024-06-30,screener_ONGC_shareholding_20240630,https://www.screener.in/company/ONGC/consolidated/,screener shareholding table,58.89,3.5,screener
ONGC,2026-07-08,2026-07-08T20:26:41,2024-09-30,2024-09-30,2024-09-30,screener_ONGC_shareholding_20240930,https://www.screener.in/company/ONGC/consolidated/,screener shareholding table,58.89,3.65,screener
ONGC,2026-07-08,2026-07-08T20:26:41,2024-12-31,2024-12-31,2024-12-31,screener_ONGC_shareholding_20241231,https://www.screener.in/company/ONGC/consolidated/,screener shareholding table,58.89,3.88,screener
ONGC,2026-07-08,2026-07-08T20:26:41,2025-03-31,2025-03-31,2025-03-31,screener_ONGC_shareholding_20250331,https://www.screener.in/company/ONGC/consolidated/,screener shareholding table,58.89,3.76,screener
ONGC,2026-07-08,2026-07-08T20:26:41,2025-06-30,2025-06-30,2025-06-30,screener_ONGC_shareholding_20250630,https://www.screener.in/company/ONGC/consolidated/,screener shareholding table,58.89,3.88,screener
ONGC,2026-07-08,2026-07-08T20:26:41,2025-09-30,2025-09-30,2025-09-30,screener_ONGC_shareholding_20250930,https://www.screener.in/company/ONGC/consolidated/,screener shareholding table,58.89,3.87,screener
ONGC,2026-07-08,2026-07-08T20:26:41,2025-12-31,2025-12-31,2025-12-31,screener_ONGC_shareholding_20251231,https://www.screener.in/company/ONGC/consolidated/,screener shareholding table,58.89,3.69,screener
ONGC,2026-07-08,2026-07-08T20:26:41,2026-03-31,2026-03-31,2026-03-31,screener_ONGC_shareholding_20260331,https://www.screener.in/company/ONGC/consolidated/,screener shareholding table,58.89,3.54,screener
POWERGRID,2026-07-08,2026-07-08T20:26:41,2023-06-30,2023-06-30,2023-06-30,screener_POWERGRID_shareholding_20230630,https://www.screener.in/company/POWERGRID/consolidated/,screener shareholding table,51.34,2.95,screener
POWERGRID,2026-07-08,2026-07-08T20:26:41,2023-09-30,2023-09-30,2023-09-30,screener_POWERGRID_shareholding_20230930,https://www.screener.in/company/POWERGRID/consolidated/,screener shareholding table,51.34,3.44,screener
POWERGRID,2026-07-08,2026-07-08T20:26:41,2023-12-31,2023-12-31,2023-12-31,screener_POWERGRID_shareholding_20231231,https://www.screener.in/company/POWERGRID/consolidated/,screener shareholding table,51.34,3.37,screener
POWERGRID,2026-07-08,2026-07-08T20:26:41,2024-03-31,2024-03-31,2024-03-31,screener_POWERGRID_shareholding_20240331,https://www.screener.in/company/POWERGRID/consolidated/,screener shareholding table,51.34,3.58,screener
POWERGRID,2026-07-08,2026-07-08T20:26:41,2024-06-30,2024-06-30,2024-06-30,screener_POWERGRID_shareholding_20240630,https://www.screener.in/company/POWERGRID/consolidated/,screener shareholding table,51.34,3.61,screener
POWERGRID,2026-07-08,2026-07-08T20:26:41,2024-09-30,2024-09-30,2024-09-30,screener_POWERGRID_shareholding_20240930,https://www.screener.in/company/POWERGRID/consolidated/,screener shareholding table,51.34,3.5,screener
POWERGRID,2026-07-08,2026-07-08T20:26:41,2024-12-31,2024-12-31,2024-12-31,screener_POWERGRID_shareholding_20241231,https://www.screener.in/company/POWERGRID/consolidated/,screener shareholding table,51.34,3.5,screener
POWERGRID,2026-07-08,2026-07-08T20:26:41,2025-03-31,2025-03-31,2025-03-31,screener_POWERGRID_shareholding_20250331,https://www.screener.in/company/POWERGRID/consolidated/,screener shareholding table,51.34,3.52,screener
POWERGRID,2026-07-08,2026-07-08T20:26:41,2025-06-30,2025-06-30,2025-06-30,screener_POWERGRID_shareholding_20250630,https://www.screener.in/company/POWERGRID/consolidated/,screener shareholding table,51.34,3.61,screener
POWERGRID,2026-07-08,2026-07-08T20:26:41,2025-09-30,2025-09-30,2025-09-30,screener_POWERGRID_shareholding_20250930,https://www.screener.in/company/POWERGRID/consolidated/,screener shareholding table,51.34,3.6,screener
POWERGRID,2026-07-08,2026-07-08T20:26:41,2025-12-31,2025-12-31,2025-12-31,screener_POWERGRID_shareholding_20251231,https://www.screener.in/company/POWERGRID/consolidated/,screener shareholding table,51.34,3.67,screener
POWERGRID,2026-07-08,2026-07-08T20:26:41,2026-03-31,2026-03-31,2026-03-31,screener_POWERGRID_shareholding_20260331,https://www.screener.in/company/POWERGRID/consolidated/,screener shareholding table,51.34,3.51,screener
RELIANCE,2026-07-08,2026-07-08T20:26:41,2023-06-30,2023-06-30,2023-06-30,screener_RELIANCE_shareholding_20230630,https://www.screener.in/company/RELIANCE/consolidated/,screener shareholding table,50.39,10.76,screener
RELIANCE,2026-07-08,2026-07-08T20:26:41,2023-09-30,2023-09-30,2023-09-30,screener_RELIANCE_shareholding_20230930,https://www.screener.in/company/RELIANCE/consolidated/,screener shareholding table,50.27,10.98,screener
RELIANCE,2026-07-08,2026-07-08T20:26:41,2023-12-31,2023-12-31,2023-12-31,screener_RELIANCE_shareholding_20231231,https://www.screener.in/company/RELIANCE/consolidated/,screener shareholding table,50.3,10.8,screener
RELIANCE,2026-07-08,2026-07-08T20:26:41,2024-03-31,2024-03-31,2024-03-31,screener_RELIANCE_shareholding_20240331,https://www.screener.in/company/RELIANCE/consolidated/,screener shareholding table,50.31,10.46,screener
RELIANCE,2026-07-08,2026-07-08T20:26:41,2024-06-30,2024-06-30,2024-06-30,screener_RELIANCE_shareholding_20240630,https://www.screener.in/company/RELIANCE/consolidated/,screener shareholding table,50.33,10.43,screener
RELIANCE,2026-07-08,2026-07-08T20:26:41,2024-09-30,2024-09-30,2024-09-30,screener_RELIANCE_shareholding_20240930,https://www.screener.in/company/RELIANCE/consolidated/,screener shareholding table,50.24,10.67,screener
RELIANCE,2026-07-08,2026-07-08T20:26:41,2024-12-31,2024-12-31,2024-12-31,screener_RELIANCE_shareholding_20241231,https://www.screener.in/company/RELIANCE/consolidated/,screener shareholding table,50.13,11.52,screener
RELIANCE,2026-07-08,2026-07-08T20:26:41,2025-03-31,2025-03-31,2025-03-31,screener_RELIANCE_shareholding_20250331,https://www.screener.in/company/RELIANCE/consolidated/,screener shareholding table,50.1,11.29,screener
RELIANCE,2026-07-08,2026-07-08T20:26:41,2025-06-30,2025-06-30,2025-06-30,screener_RELIANCE_shareholding_20250630,https://www.screener.in/company/RELIANCE/consolidated/,screener shareholding table,50.07,10.84,screener
RELIANCE,2026-07-08,2026-07-08T20:26:41,2025-09-30,2025-09-30,2025-09-30,screener_RELIANCE_shareholding_20250930,https://www.screener.in/company/RELIANCE/consolidated/,screener shareholding table,50.01,10.92,screener
RELIANCE,2026-07-08,2026-07-08T20:26:41,2025-12-31,2025-12-31,2025-12-31,screener_RELIANCE_shareholding_20251231,https://www.screener.in/company/RELIANCE/consolidated/,screener shareholding table,50.0,10.64,screener
RELIANCE,2026-07-08,2026-07-08T20:26:41,2026-03-31,2026-03-31,2026-03-31,screener_RELIANCE_shareholding_20260331,https://www.screener.in/company/RELIANCE/consolidated/,screener shareholding table,50.0,10.7,screener
SBILIFE,2026-07-08,2026-07-08T20:26:41,2023-06-30,2023-06-30,2023-06-30,screener_SBILIFE_shareholding_20230630,https://www.screener.in/company/SBILIFE/consolidated/,screener shareholding table,55.45,4.19,screener
SBILIFE,2026-07-08,2026-07-08T20:26:41,2023-09-30,2023-09-30,2023-09-30,screener_SBILIFE_shareholding_20230930,https://www.screener.in/company/SBILIFE/consolidated/,screener shareholding table,55.44,4.11,screener
SBILIFE,2026-07-08,2026-07-08T20:26:41,2023-12-31,2023-12-31,2023-12-31,screener_SBILIFE_shareholding_20231231,https://www.screener.in/company/SBILIFE/consolidated/,screener shareholding table,55.43,4.01,screener
SBILIFE,2026-07-08,2026-07-08T20:26:41,2024-03-31,2024-03-31,2024-03-31,screener_SBILIFE_shareholding_20240331,https://www.screener.in/company/SBILIFE/consolidated/,screener shareholding table,55.42,4.01,screener
SBILIFE,2026-07-08,2026-07-08T20:26:41,2024-06-30,2024-06-30,2024-06-30,screener_SBILIFE_shareholding_20240630,https://www.screener.in/company/SBILIFE/consolidated/,screener shareholding table,55.41,3.98,screener
SBILIFE,2026-07-08,2026-07-08T20:26:41,2024-09-30,2024-09-30,2024-09-30,screener_SBILIFE_shareholding_20240930,https://www.screener.in/company/SBILIFE/consolidated/,screener shareholding table,55.39,4.1,screener
SBILIFE,2026-07-08,2026-07-08T20:26:41,2024-12-31,2024-12-31,2024-12-31,screener_SBILIFE_shareholding_20241231,https://www.screener.in/company/SBILIFE/consolidated/,screener shareholding table,55.38,4.22,screener
SBILIFE,2026-07-08,2026-07-08T20:26:41,2025-03-31,2025-03-31,2025-03-31,screener_SBILIFE_shareholding_20250331,https://www.screener.in/company/SBILIFE/consolidated/,screener shareholding table,55.38,4.06,screener
SBILIFE,2026-07-08,2026-07-08T20:26:41,2025-06-30,2025-06-30,2025-06-30,screener_SBILIFE_shareholding_20250630,https://www.screener.in/company/SBILIFE/consolidated/,screener shareholding table,55.37,4.05,screener
SBILIFE,2026-07-08,2026-07-08T20:26:41,2025-09-30,2025-09-30,2025-09-30,screener_SBILIFE_shareholding_20250930,https://www.screener.in/company/SBILIFE/consolidated/,screener shareholding table,55.36,4.09,screener
SBILIFE,2026-07-08,2026-07-08T20:26:41,2025-12-31,2025-12-31,2025-12-31,screener_SBILIFE_shareholding_20251231,https://www.screener.in/company/SBILIFE/consolidated/,screener shareholding table,55.34,4.05,screener
SBILIFE,2026-07-08,2026-07-08T20:26:41,2026-03-31,2026-03-31,2026-03-31,screener_SBILIFE_shareholding_20260331,https://www.screener.in/company/SBILIFE/consolidated/,screener shareholding table,55.33,4.02,screener
SBIN,2026-07-08,2026-07-08T20:26:41,2023-06-30,2023-06-30,2023-06-30,screener_SBIN_shareholding_20230630,https://www.screener.in/company/SBIN/consolidated/,screener shareholding table,57.47,7.3,screener
SBIN,2026-07-08,2026-07-08T20:26:41,2023-09-30,2023-09-30,2023-09-30,screener_SBIN_shareholding_20230930,https://www.screener.in/company/SBIN/consolidated/,screener shareholding table,57.49,7.41,screener
SBIN,2026-07-08,2026-07-08T20:26:41,2023-12-31,2023-12-31,2023-12-31,screener_SBIN_shareholding_20231231,https://www.screener.in/company/SBIN/consolidated/,screener shareholding table,57.49,7.4,screener
SBIN,2026-07-08,2026-07-08T20:26:41,2024-03-31,2024-03-31,2024-03-31,screener_SBIN_shareholding_20240331,https://www.screener.in/company/SBIN/consolidated/,screener shareholding table,57.54,7.37,screener
SBIN,2026-07-08,2026-07-08T20:26:41,2024-06-30,2024-06-30,2024-06-30,screener_SBIN_shareholding_20240630,https://www.screener.in/company/SBIN/consolidated/,screener shareholding table,57.54,7.67,screener
SBIN,2026-07-08,2026-07-08T20:26:41,2024-09-30,2024-09-30,2024-09-30,screener_SBIN_shareholding_20240930,https://www.screener.in/company/SBIN/consolidated/,screener shareholding table,57.51,7.67,screener
SBIN,2026-07-08,2026-07-08T20:26:41,2024-12-31,2024-12-31,2024-12-31,screener_SBIN_shareholding_20241231,https://www.screener.in/company/SBIN/consolidated/,screener shareholding table,57.43,7.35,screener
SBIN,2026-07-08,2026-07-08T20:26:41,2025-03-31,2025-03-31,2025-03-31,screener_SBIN_shareholding_20250331,https://www.screener.in/company/SBIN/consolidated/,screener shareholding table,57.43,7.54,screener
SBIN,2026-07-08,2026-07-08T20:26:41,2025-06-30,2025-06-30,2025-06-30,screener_SBIN_shareholding_20250630,https://www.screener.in/company/SBIN/consolidated/,screener shareholding table,57.42,7.56,screener
SBIN,2026-07-08,2026-07-08T20:26:41,2025-09-30,2025-09-30,2025-09-30,screener_SBIN_shareholding_20250930,https://www.screener.in/company/SBIN/consolidated/,screener shareholding table,55.5,7.13,screener
SBIN,2026-07-08,2026-07-08T20:26:41,2025-12-31,2025-12-31,2025-12-31,screener_SBIN_shareholding_20251231,https://www.screener.in/company/SBIN/consolidated/,screener shareholding table,55.5,6.97,screener
SBIN,2026-07-08,2026-07-08T20:26:41,2026-03-31,2026-03-31,2026-03-31,screener_SBIN_shareholding_20260331,https://www.screener.in/company/SBIN/consolidated/,screener shareholding table,55.52,6.81,screener
SHRIRAMFIN,2026-07-08,2026-07-08T20:26:41,2023-09-30,2023-09-30,2023-09-30,screener_SHRIRAMFIN_shareholding_20230930,https://www.screener.in/company/SHRIRAMFIN/consolidated/,screener shareholding table,25.45,4.71,screener
SHRIRAMFIN,2026-07-08,2026-07-08T20:26:41,2023-12-31,2023-12-31,2023-12-31,screener_SHRIRAMFIN_shareholding_20231231,https://www.screener.in/company/SHRIRAMFIN/consolidated/,screener shareholding table,25.43,4.83,screener
SHRIRAMFIN,2026-07-08,2026-07-08T20:26:41,2024-03-31,2024-03-31,2024-03-31,screener_SHRIRAMFIN_shareholding_20240331,https://www.screener.in/company/SHRIRAMFIN/consolidated/,screener shareholding table,25.42,5.0,screener
SHRIRAMFIN,2026-07-08,2026-07-08T20:26:41,2024-06-30,2024-06-30,2024-06-30,screener_SHRIRAMFIN_shareholding_20240630,https://www.screener.in/company/SHRIRAMFIN/consolidated/,screener shareholding table,25.41,5.07,screener
SHRIRAMFIN,2026-07-08,2026-07-08T20:26:41,2024-09-30,2024-09-30,2024-09-30,screener_SHRIRAMFIN_shareholding_20240930,https://www.screener.in/company/SHRIRAMFIN/consolidated/,screener shareholding table,25.4,5.07,screener
SHRIRAMFIN,2026-07-08,2026-07-08T20:26:41,2024-12-31,2024-12-31,2024-12-31,screener_SHRIRAMFIN_shareholding_20241231,https://www.screener.in/company/SHRIRAMFIN/consolidated/,screener shareholding table,25.4,5.58,screener
SHRIRAMFIN,2026-07-08,2026-07-08T20:26:41,2025-03-31,2025-03-31,2025-03-31,screener_SHRIRAMFIN_shareholding_20250331,https://www.screener.in/company/SHRIRAMFIN/consolidated/,screener shareholding table,25.39,5.68,screener
SHRIRAMFIN,2026-07-08,2026-07-08T20:26:41,2025-06-30,2025-06-30,2025-06-30,screener_SHRIRAMFIN_shareholding_20250630,https://www.screener.in/company/SHRIRAMFIN/consolidated/,screener shareholding table,25.39,5.64,screener
SHRIRAMFIN,2026-07-08,2026-07-08T20:26:41,2025-09-30,2025-09-30,2025-09-30,screener_SHRIRAMFIN_shareholding_20250930,https://www.screener.in/company/SHRIRAMFIN/consolidated/,screener shareholding table,25.39,6.34,screener
SHRIRAMFIN,2026-07-08,2026-07-08T20:26:41,2025-12-31,2025-12-31,2025-12-31,screener_SHRIRAMFIN_shareholding_20251231,https://www.screener.in/company/SHRIRAMFIN/consolidated/,screener shareholding table,25.38,6.11,screener
SHRIRAMFIN,2026-07-08,2026-07-08T20:26:41,2026-03-31,2026-03-31,2026-03-31,screener_SHRIRAMFIN_shareholding_20260331,https://www.screener.in/company/SHRIRAMFIN/consolidated/,screener shareholding table,25.38,6.18,screener
SHRIRAMFIN,2026-07-08,2026-07-08T20:26:41,2026-04-30,2026-04-30,2026-04-30,screener_SHRIRAMFIN_shareholding_20260430,https://www.screener.in/company/SHRIRAMFIN/consolidated/,screener shareholding table,20.3,4.94,screener
SUNPHARMA,2026-07-08,2026-07-08T20:26:41,2023-06-30,2023-06-30,2023-06-30,screener_SUNPHARMA_shareholding_20230630,https://www.screener.in/company/SUNPHARMA/consolidated/,screener shareholding table,54.48,9.28,screener
SUNPHARMA,2026-07-08,2026-07-08T20:26:41,2023-09-30,2023-09-30,2023-09-30,screener_SUNPHARMA_shareholding_20230930,https://www.screener.in/company/SUNPHARMA/consolidated/,screener shareholding table,54.48,9.05,screener
SUNPHARMA,2026-07-08,2026-07-08T20:26:41,2023-12-31,2023-12-31,2023-12-31,screener_SUNPHARMA_shareholding_20231231,https://www.screener.in/company/SUNPHARMA/consolidated/,screener shareholding table,54.48,8.92,screener
SUNPHARMA,2026-07-08,2026-07-08T20:26:41,2024-03-31,2024-03-31,2024-03-31,screener_SUNPHARMA_shareholding_20240331,https://www.screener.in/company/SUNPHARMA/consolidated/,screener shareholding table,54.48,8.97,screener
SUNPHARMA,2026-07-08,2026-07-08T20:26:41,2024-06-30,2024-06-30,2024-06-30,screener_SUNPHARMA_shareholding_20240630,https://www.screener.in/company/SUNPHARMA/consolidated/,screener shareholding table,54.48,9.0,screener
SUNPHARMA,2026-07-08,2026-07-08T20:26:41,2024-09-30,2024-09-30,2024-09-30,screener_SUNPHARMA_shareholding_20240930,https://www.screener.in/company/SUNPHARMA/consolidated/,screener shareholding table,54.48,8.89,screener
SUNPHARMA,2026-07-08,2026-07-08T20:26:41,2024-12-31,2024-12-31,2024-12-31,screener_SUNPHARMA_shareholding_20241231,https://www.screener.in/company/SUNPHARMA/consolidated/,screener shareholding table,54.48,8.92,screener
SUNPHARMA,2026-07-08,2026-07-08T20:26:41,2025-03-31,2025-03-31,2025-03-31,screener_SUNPHARMA_shareholding_20250331,https://www.screener.in/company/SUNPHARMA/consolidated/,screener shareholding table,54.48,8.86,screener
SUNPHARMA,2026-07-08,2026-07-08T20:26:41,2025-06-30,2025-06-30,2025-06-30,screener_SUNPHARMA_shareholding_20250630,https://www.screener.in/company/SUNPHARMA/consolidated/,screener shareholding table,54.48,8.76,screener
SUNPHARMA,2026-07-08,2026-07-08T20:26:41,2025-09-30,2025-09-30,2025-09-30,screener_SUNPHARMA_shareholding_20250930,https://www.screener.in/company/SUNPHARMA/consolidated/,screener shareholding table,54.48,8.72,screener
SUNPHARMA,2026-07-08,2026-07-08T20:26:41,2025-12-31,2025-12-31,2025-12-31,screener_SUNPHARMA_shareholding_20251231,https://www.screener.in/company/SUNPHARMA/consolidated/,screener shareholding table,54.48,8.57,screener
SUNPHARMA,2026-07-08,2026-07-08T20:26:41,2026-03-31,2026-03-31,2026-03-31,screener_SUNPHARMA_shareholding_20260331,https://www.screener.in/company/SUNPHARMA/consolidated/,screener shareholding table,54.48,8.48,screener
TATACONSUM,2026-07-08,2026-07-08T20:26:41,2023-06-30,2023-06-30,2023-06-30,screener_TATACONSUM_shareholding_20230630,https://www.screener.in/company/TATACONSUM/consolidated/,screener shareholding table,34.45,23.82,screener
TATACONSUM,2026-07-08,2026-07-08T20:26:41,2023-09-30,2023-09-30,2023-09-30,screener_TATACONSUM_shareholding_20230930,https://www.screener.in/company/TATACONSUM/consolidated/,screener shareholding table,34.42,23.43,screener
TATACONSUM,2026-07-08,2026-07-08T20:26:41,2023-12-31,2023-12-31,2023-12-31,screener_TATACONSUM_shareholding_20231231,https://www.screener.in/company/TATACONSUM/consolidated/,screener shareholding table,34.42,22.9,screener
TATACONSUM,2026-07-08,2026-07-08T20:26:41,2024-03-31,2024-03-31,2024-03-31,screener_TATACONSUM_shareholding_20240331,https://www.screener.in/company/TATACONSUM/consolidated/,screener shareholding table,33.55,23.58,screener
TATACONSUM,2026-07-08,2026-07-08T20:26:41,2024-06-30,2024-06-30,2024-06-30,screener_TATACONSUM_shareholding_20240630,https://www.screener.in/company/TATACONSUM/consolidated/,screener shareholding table,33.55,23.62,screener
TATACONSUM,2026-07-08,2026-07-08T20:26:41,2024-09-30,2024-09-30,2024-09-30,screener_TATACONSUM_shareholding_20240930,https://www.screener.in/company/TATACONSUM/consolidated/,screener shareholding table,33.84,23.06,screener
TATACONSUM,2026-07-08,2026-07-08T20:26:41,2024-12-31,2024-12-31,2024-12-31,screener_TATACONSUM_shareholding_20241231,https://www.screener.in/company/TATACONSUM/consolidated/,screener shareholding table,33.84,23.43,screener
TATACONSUM,2026-07-08,2026-07-08T20:26:41,2025-03-31,2025-03-31,2025-03-31,screener_TATACONSUM_shareholding_20250331,https://www.screener.in/company/TATACONSUM/consolidated/,screener shareholding table,33.84,22.66,screener
TATACONSUM,2026-07-08,2026-07-08T20:26:41,2025-06-30,2025-06-30,2025-06-30,screener_TATACONSUM_shareholding_20250630,https://www.screener.in/company/TATACONSUM/consolidated/,screener shareholding table,33.84,22.15,screener
TATACONSUM,2026-07-08,2026-07-08T20:26:41,2025-09-30,2025-09-30,2025-09-30,screener_TATACONSUM_shareholding_20250930,https://www.screener.in/company/TATACONSUM/consolidated/,screener shareholding table,33.84,21.89,screener
TATACONSUM,2026-07-08,2026-07-08T20:26:41,2025-12-31,2025-12-31,2025-12-31,screener_TATACONSUM_shareholding_20251231,https://www.screener.in/company/TATACONSUM/consolidated/,screener shareholding table,33.84,21.48,screener
TATACONSUM,2026-07-08,2026-07-08T20:26:41,2026-03-31,2026-03-31,2026-03-31,screener_TATACONSUM_shareholding_20260331,https://www.screener.in/company/TATACONSUM/consolidated/,screener shareholding table,33.83,21.16,screener
TATASTEEL,2026-07-08,2026-07-08T20:26:41,2023-06-30,2023-06-30,2023-06-30,screener_TATASTEEL_shareholding_20230630,https://www.screener.in/company/TATASTEEL/consolidated/,screener shareholding table,33.9,24.7,screener
TATASTEEL,2026-07-08,2026-07-08T20:26:41,2023-09-30,2023-09-30,2023-09-30,screener_TATASTEEL_shareholding_20230930,https://www.screener.in/company/TATASTEEL/consolidated/,screener shareholding table,33.9,23.43,screener
TATASTEEL,2026-07-08,2026-07-08T20:26:41,2023-12-31,2023-12-31,2023-12-31,screener_TATASTEEL_shareholding_20231231,https://www.screener.in/company/TATASTEEL/consolidated/,screener shareholding table,33.7,22.99,screener
TATASTEEL,2026-07-08,2026-07-08T20:26:41,2024-03-31,2024-03-31,2024-03-31,screener_TATASTEEL_shareholding_20240331,https://www.screener.in/company/TATASTEEL/consolidated/,screener shareholding table,33.19,23.52,screener
TATASTEEL,2026-07-08,2026-07-08T20:26:41,2024-06-30,2024-06-30,2024-06-30,screener_TATASTEEL_shareholding_20240630,https://www.screener.in/company/TATASTEEL/consolidated/,screener shareholding table,33.19,23.6,screener
TATASTEEL,2026-07-08,2026-07-08T20:26:41,2024-09-30,2024-09-30,2024-09-30,screener_TATASTEEL_shareholding_20240930,https://www.screener.in/company/TATASTEEL/consolidated/,screener shareholding table,33.19,24.69,screener
TATASTEEL,2026-07-08,2026-07-08T20:26:41,2024-12-31,2024-12-31,2024-12-31,screener_TATASTEEL_shareholding_20241231,https://www.screener.in/company/TATASTEEL/consolidated/,screener shareholding table,33.19,24.55,screener
TATASTEEL,2026-07-08,2026-07-08T20:26:41,2025-03-31,2025-03-31,2025-03-31,screener_TATASTEEL_shareholding_20250331,https://www.screener.in/company/TATASTEEL/consolidated/,screener shareholding table,33.19,23.84,screener
TATASTEEL,2026-07-08,2026-07-08T20:26:41,2025-06-30,2025-06-30,2025-06-30,screener_TATASTEEL_shareholding_20250630,https://www.screener.in/company/TATASTEEL/consolidated/,screener shareholding table,33.19,23.31,screener
TATASTEEL,2026-07-08,2026-07-08T20:26:41,2025-09-30,2025-09-30,2025-09-30,screener_TATASTEEL_shareholding_20250930,https://www.screener.in/company/TATASTEEL/consolidated/,screener shareholding table,33.19,22.42,screener
TATASTEEL,2026-07-08,2026-07-08T20:26:41,2025-12-31,2025-12-31,2025-12-31,screener_TATASTEEL_shareholding_20251231,https://www.screener.in/company/TATASTEEL/consolidated/,screener shareholding table,33.19,22.14,screener
TATASTEEL,2026-07-08,2026-07-08T20:26:41,2026-03-31,2026-03-31,2026-03-31,screener_TATASTEEL_shareholding_20260331,https://www.screener.in/company/TATASTEEL/consolidated/,screener shareholding table,33.19,21.36,screener
TCS,2026-07-08,2026-07-08T20:26:41,2023-06-30,2023-06-30,2023-06-30,screener_TCS_shareholding_20230630,https://www.screener.in/company/TCS/consolidated/,screener shareholding table,72.3,5.38,screener
TCS,2026-07-08,2026-07-08T20:26:41,2023-09-30,2023-09-30,2023-09-30,screener_TCS_shareholding_20230930,https://www.screener.in/company/TCS/consolidated/,screener shareholding table,72.3,5.17,screener
TCS,2026-07-08,2026-07-08T20:26:41,2023-12-31,2023-12-31,2023-12-31,screener_TCS_shareholding_20231231,https://www.screener.in/company/TCS/consolidated/,screener shareholding table,72.41,5.03,screener
TCS,2026-07-08,2026-07-08T20:26:41,2024-03-31,2024-03-31,2024-03-31,screener_TCS_shareholding_20240331,https://www.screener.in/company/TCS/consolidated/,screener shareholding table,71.77,4.86,screener
TCS,2026-07-08,2026-07-08T20:26:41,2024-06-30,2024-06-30,2024-06-30,screener_TCS_shareholding_20240630,https://www.screener.in/company/TCS/consolidated/,screener shareholding table,71.77,4.82,screener
TCS,2026-07-08,2026-07-08T20:26:41,2024-09-30,2024-09-30,2024-09-30,screener_TCS_shareholding_20240930,https://www.screener.in/company/TCS/consolidated/,screener shareholding table,71.77,4.66,screener
TCS,2026-07-08,2026-07-08T20:26:41,2024-12-31,2024-12-31,2024-12-31,screener_TCS_shareholding_20241231,https://www.screener.in/company/TCS/consolidated/,screener shareholding table,71.77,4.63,screener
TCS,2026-07-08,2026-07-08T20:26:41,2025-03-31,2025-03-31,2025-03-31,screener_TCS_shareholding_20250331,https://www.screener.in/company/TCS/consolidated/,screener shareholding table,71.77,4.63,screener
TCS,2026-07-08,2026-07-08T20:26:41,2025-06-30,2025-06-30,2025-06-30,screener_TCS_shareholding_20250630,https://www.screener.in/company/TCS/consolidated/,screener shareholding table,71.77,4.77,screener
TCS,2026-07-08,2026-07-08T20:26:41,2025-09-30,2025-09-30,2025-09-30,screener_TCS_shareholding_20250930,https://www.screener.in/company/TCS/consolidated/,screener shareholding table,71.77,5.21,screener
TCS,2026-07-08,2026-07-08T20:26:41,2025-12-31,2025-12-31,2025-12-31,screener_TCS_shareholding_20251231,https://www.screener.in/company/TCS/consolidated/,screener shareholding table,71.77,4.98,screener
TCS,2026-07-08,2026-07-08T20:26:41,2026-03-31,2026-03-31,2026-03-31,screener_TCS_shareholding_20260331,https://www.screener.in/company/TCS/consolidated/,screener shareholding table,71.77,5.16,screener
TECHM,2026-07-08,2026-07-08T20:26:41,2023-06-30,2023-06-30,2023-06-30,screener_TECHM_shareholding_20230630,https://www.screener.in/company/TECHM/consolidated/,screener shareholding table,35.15,12.11,screener
TECHM,2026-07-08,2026-07-08T20:26:41,2023-09-30,2023-09-30,2023-09-30,screener_TECHM_shareholding_20230930,https://www.screener.in/company/TECHM/consolidated/,screener shareholding table,35.13,11.44,screener
TECHM,2026-07-08,2026-07-08T20:26:41,2023-12-31,2023-12-31,2023-12-31,screener_TECHM_shareholding_20231231,https://www.screener.in/company/TECHM/consolidated/,screener shareholding table,35.1,11.22,screener
TECHM,2026-07-08,2026-07-08T20:26:41,2024-03-31,2024-03-31,2024-03-31,screener_TECHM_shareholding_20240331,https://www.screener.in/company/TECHM/consolidated/,screener shareholding table,35.08,11.16,screener
TECHM,2026-07-08,2026-07-08T20:26:41,2024-06-30,2024-06-30,2024-06-30,screener_TECHM_shareholding_20240630,https://www.screener.in/company/TECHM/consolidated/,screener shareholding table,35.04,10.84,screener
TECHM,2026-07-08,2026-07-08T20:26:41,2024-09-30,2024-09-30,2024-09-30,screener_TECHM_shareholding_20240930,https://www.screener.in/company/TECHM/consolidated/,screener shareholding table,35.02,10.23,screener
TECHM,2026-07-08,2026-07-08T20:26:41,2024-12-31,2024-12-31,2024-12-31,screener_TECHM_shareholding_20241231,https://www.screener.in/company/TECHM/consolidated/,screener shareholding table,35.01,9.88,screener
TECHM,2026-07-08,2026-07-08T20:26:41,2025-03-31,2025-03-31,2025-03-31,screener_TECHM_shareholding_20250331,https://www.screener.in/company/TECHM/consolidated/,screener shareholding table,35.0,9.74,screener
TECHM,2026-07-08,2026-07-08T20:26:41,2025-06-30,2025-06-30,2025-06-30,screener_TECHM_shareholding_20250630,https://www.screener.in/company/TECHM/consolidated/,screener shareholding table,34.99,9.43,screener
TECHM,2026-07-08,2026-07-08T20:26:41,2025-09-30,2025-09-30,2025-09-30,screener_TECHM_shareholding_20250930,https://www.screener.in/company/TECHM/consolidated/,screener shareholding table,34.98,9.61,screener
TECHM,2026-07-08,2026-07-08T20:26:41,2025-12-31,2025-12-31,2025-12-31,screener_TECHM_shareholding_20251231,https://www.screener.in/company/TECHM/consolidated/,screener shareholding table,34.97,9.14,screener
TECHM,2026-07-08,2026-07-08T20:26:41,2026-03-31,2026-03-31,2026-03-31,screener_TECHM_shareholding_20260331,https://www.screener.in/company/TECHM/consolidated/,screener shareholding table,34.97,8.94,screener
TITAN,2026-07-08,2026-07-08T20:26:41,2023-06-30,2023-06-30,2023-06-30,screener_TITAN_shareholding_20230630,https://www.screener.in/company/TITAN/consolidated/,screener shareholding table,52.9,17.93,screener
TITAN,2026-07-08,2026-07-08T20:26:41,2023-09-30,2023-09-30,2023-09-30,screener_TITAN_shareholding_20230930,https://www.screener.in/company/TITAN/consolidated/,screener shareholding table,52.9,18.0,screener
TITAN,2026-07-08,2026-07-08T20:26:41,2023-12-31,2023-12-31,2023-12-31,screener_TITAN_shareholding_20231231,https://www.screener.in/company/TITAN/consolidated/,screener shareholding table,52.9,17.77,screener
TITAN,2026-07-08,2026-07-08T20:26:41,2024-03-31,2024-03-31,2024-03-31,screener_TITAN_shareholding_20240331,https://www.screener.in/company/TITAN/consolidated/,screener shareholding table,52.9,17.57,screener
TITAN,2026-07-08,2026-07-08T20:26:41,2024-06-30,2024-06-30,2024-06-30,screener_TITAN_shareholding_20240630,https://www.screener.in/company/TITAN/consolidated/,screener shareholding table,52.9,17.94,screener
TITAN,2026-07-08,2026-07-08T20:26:41,2024-09-30,2024-09-30,2024-09-30,screener_TITAN_shareholding_20240930,https://www.screener.in/company/TITAN/consolidated/,screener shareholding table,52.9,17.33,screener
TITAN,2026-07-08,2026-07-08T20:26:41,2024-12-31,2024-12-31,2024-12-31,screener_TITAN_shareholding_20241231,https://www.screener.in/company/TITAN/consolidated/,screener shareholding table,52.9,17.35,screener
TITAN,2026-07-08,2026-07-08T20:26:41,2025-03-31,2025-03-31,2025-03-31,screener_TITAN_shareholding_20250331,https://www.screener.in/company/TITAN/consolidated/,screener shareholding table,52.9,17.01,screener
TITAN,2026-07-08,2026-07-08T20:26:41,2025-06-30,2025-06-30,2025-06-30,screener_TITAN_shareholding_20250630,https://www.screener.in/company/TITAN/consolidated/,screener shareholding table,52.9,16.69,screener
TITAN,2026-07-08,2026-07-08T20:26:41,2025-09-30,2025-09-30,2025-09-30,screener_TITAN_shareholding_20250930,https://www.screener.in/company/TITAN/consolidated/,screener shareholding table,52.9,16.76,screener
TITAN,2026-07-08,2026-07-08T20:26:41,2025-12-31,2025-12-31,2025-12-31,screener_TITAN_shareholding_20251231,https://www.screener.in/company/TITAN/consolidated/,screener shareholding table,52.9,16.45,screener
TITAN,2026-07-08,2026-07-08T20:26:41,2026-03-31,2026-03-31,2026-03-31,screener_TITAN_shareholding_20260331,https://www.screener.in/company/TITAN/consolidated/,screener shareholding table,52.9,16.34,screener
TMPV,2026-07-08,2026-07-08T20:26:41,2023-06-30,2023-06-30,2023-06-30,screener_TMPV_shareholding_20230630,https://www.screener.in/company/TMPV/consolidated/,screener shareholding table,46.39,18.38,screener
TMPV,2026-07-08,2026-07-08T20:26:41,2023-09-30,2023-09-30,2023-09-30,screener_TMPV_shareholding_20230930,https://www.screener.in/company/TMPV/consolidated/,screener shareholding table,46.38,17.7,screener
TMPV,2026-07-08,2026-07-08T20:26:41,2023-12-31,2023-12-31,2023-12-31,screener_TMPV_shareholding_20231231,https://www.screener.in/company/TMPV/consolidated/,screener shareholding table,46.37,17.6,screener
TMPV,2026-07-08,2026-07-08T20:26:41,2024-03-31,2024-03-31,2024-03-31,screener_TMPV_shareholding_20240331,https://www.screener.in/company/TMPV/consolidated/,screener shareholding table,46.36,18.31,screener
TMPV,2026-07-08,2026-07-08T20:26:41,2024-06-30,2024-06-30,2024-06-30,screener_TMPV_shareholding_20240630,https://www.screener.in/company/TMPV/consolidated/,screener shareholding table,46.36,19.39,screener
TMPV,2026-07-08,2026-07-08T20:26:41,2024-09-30,2024-09-30,2024-09-30,screener_TMPV_shareholding_20240930,https://www.screener.in/company/TMPV/consolidated/,screener shareholding table,42.58,20.49,screener
TMPV,2026-07-08,2026-07-08T20:26:41,2024-12-31,2024-12-31,2024-12-31,screener_TMPV_shareholding_20241231,https://www.screener.in/company/TMPV/consolidated/,screener shareholding table,42.58,21.91,screener
TMPV,2026-07-08,2026-07-08T20:26:41,2025-03-31,2025-03-31,2025-03-31,screener_TMPV_shareholding_20250331,https://www.screener.in/company/TMPV/consolidated/,screener shareholding table,42.58,22.39,screener
TMPV,2026-07-08,2026-07-08T20:26:41,2025-06-30,2025-06-30,2025-06-30,screener_TMPV_shareholding_20250630,https://www.screener.in/company/TMPV/consolidated/,screener shareholding table,42.57,23.01,screener
TMPV,2026-07-08,2026-07-08T20:26:41,2025-09-30,2025-09-30,2025-09-30,screener_TMPV_shareholding_20250930,https://www.screener.in/company/TMPV/consolidated/,screener shareholding table,42.57,22.97,screener
TMPV,2026-07-08,2026-07-08T20:26:41,2025-12-31,2025-12-31,2025-12-31,screener_TMPV_shareholding_20251231,https://www.screener.in/company/TMPV/consolidated/,screener shareholding table,42.56,24.14,screener
TMPV,2026-07-08,2026-07-08T20:26:41,2026-03-31,2026-03-31,2026-03-31,screener_TMPV_shareholding_20260331,https://www.screener.in/company/TMPV/consolidated/,screener shareholding table,42.56,23.06,screener
TRENT,2026-07-08,2026-07-08T20:26:41,2023-06-30,2023-06-30,2023-06-30,screener_TRENT_shareholding_20230630,https://www.screener.in/company/TRENT/consolidated/,screener shareholding table,37.01,22.17,screener
TRENT,2026-07-08,2026-07-08T20:26:41,2023-09-30,2023-09-30,2023-09-30,screener_TRENT_shareholding_20230930,https://www.screener.in/company/TRENT/consolidated/,screener shareholding table,37.01,21.92,screener
TRENT,2026-07-08,2026-07-08T20:26:41,2023-12-31,2023-12-31,2023-12-31,screener_TRENT_shareholding_20231231,https://www.screener.in/company/TRENT/consolidated/,screener shareholding table,37.01,22.26,screener
TRENT,2026-07-08,2026-07-08T20:26:41,2024-03-31,2024-03-31,2024-03-31,screener_TRENT_shareholding_20240331,https://www.screener.in/company/TRENT/consolidated/,screener shareholding table,37.01,22.29,screener
TRENT,2026-07-08,2026-07-08T20:26:41,2024-06-30,2024-06-30,2024-06-30,screener_TRENT_shareholding_20240630,https://www.screener.in/company/TRENT/consolidated/,screener shareholding table,37.01,21.95,screener
TRENT,2026-07-08,2026-07-08T20:26:41,2024-09-30,2024-09-30,2024-09-30,screener_TRENT_shareholding_20240930,https://www.screener.in/company/TRENT/consolidated/,screener shareholding table,37.01,22.98,screener
TRENT,2026-07-08,2026-07-08T20:26:41,2024-12-31,2024-12-31,2024-12-31,screener_TRENT_shareholding_20241231,https://www.screener.in/company/TRENT/consolidated/,screener shareholding table,37.01,26.01,screener
TRENT,2026-07-08,2026-07-08T20:26:41,2025-03-31,2025-03-31,2025-03-31,screener_TRENT_shareholding_20250331,https://www.screener.in/company/TRENT/consolidated/,screener shareholding table,37.01,26.08,screener
TRENT,2026-07-08,2026-07-08T20:26:41,2025-06-30,2025-06-30,2025-06-30,screener_TRENT_shareholding_20250630,https://www.screener.in/company/TRENT/consolidated/,screener shareholding table,37.01,26.06,screener
TRENT,2026-07-08,2026-07-08T20:26:41,2025-09-30,2025-09-30,2025-09-30,screener_TRENT_shareholding_20250930,https://www.screener.in/company/TRENT/consolidated/,screener shareholding table,37.01,26.18,screener
TRENT,2026-07-08,2026-07-08T20:26:41,2025-12-31,2025-12-31,2025-12-31,screener_TRENT_shareholding_20251231,https://www.screener.in/company/TRENT/consolidated/,screener shareholding table,37.01,25.87,screener
TRENT,2026-07-08,2026-07-08T20:26:41,2026-03-31,2026-03-31,2026-03-31,screener_TRENT_shareholding_20260331,https://www.screener.in/company/TRENT/consolidated/,screener shareholding table,37.01,25.03,screener
ULTRACEMCO,2026-07-08,2026-07-08T20:26:41,2023-06-30,2023-06-30,2023-06-30,screener_ULTRACEMCO_shareholding_20230630,https://www.screener.in/company/ULTRACEMCO/consolidated/,screener shareholding table,59.96,8.09,screener
ULTRACEMCO,2026-07-08,2026-07-08T20:26:41,2023-09-30,2023-09-30,2023-09-30,screener_ULTRACEMCO_shareholding_20230930,https://www.screener.in/company/ULTRACEMCO/consolidated/,screener shareholding table,59.96,8.11,screener
ULTRACEMCO,2026-07-08,2026-07-08T20:26:41,2023-12-31,2023-12-31,2023-12-31,screener_ULTRACEMCO_shareholding_20231231,https://www.screener.in/company/ULTRACEMCO/consolidated/,screener shareholding table,59.96,7.95,screener
ULTRACEMCO,2026-07-08,2026-07-08T20:26:41,2024-03-31,2024-03-31,2024-03-31,screener_ULTRACEMCO_shareholding_20240331,https://www.screener.in/company/ULTRACEMCO/consolidated/,screener shareholding table,59.96,7.92,screener
ULTRACEMCO,2026-07-08,2026-07-08T20:26:41,2024-06-30,2024-06-30,2024-06-30,screener_ULTRACEMCO_shareholding_20240630,https://www.screener.in/company/ULTRACEMCO/consolidated/,screener shareholding table,59.98,7.82,screener
ULTRACEMCO,2026-07-08,2026-07-08T20:26:41,2024-09-30,2024-09-30,2024-09-30,screener_ULTRACEMCO_shareholding_20240930,https://www.screener.in/company/ULTRACEMCO/consolidated/,screener shareholding table,59.99,7.75,screener
ULTRACEMCO,2026-07-08,2026-07-08T20:26:41,2024-12-31,2024-12-31,2024-12-31,screener_ULTRACEMCO_shareholding_20241231,https://www.screener.in/company/ULTRACEMCO/consolidated/,screener shareholding table,60.0,7.64,screener
ULTRACEMCO,2026-07-08,2026-07-08T20:26:41,2025-03-31,2025-03-31,2025-03-31,screener_ULTRACEMCO_shareholding_20250331,https://www.screener.in/company/ULTRACEMCO/consolidated/,screener shareholding table,59.23,8.57,screener
ULTRACEMCO,2026-07-08,2026-07-08T20:26:41,2025-06-30,2025-06-30,2025-06-30,screener_ULTRACEMCO_shareholding_20250630,https://www.screener.in/company/ULTRACEMCO/consolidated/,screener shareholding table,59.23,8.48,screener
ULTRACEMCO,2026-07-08,2026-07-08T20:26:41,2025-09-30,2025-09-30,2025-09-30,screener_ULTRACEMCO_shareholding_20250930,https://www.screener.in/company/ULTRACEMCO/consolidated/,screener shareholding table,59.23,8.55,screener
ULTRACEMCO,2026-07-08,2026-07-08T20:26:41,2025-12-31,2025-12-31,2025-12-31,screener_ULTRACEMCO_shareholding_20251231,https://www.screener.in/company/ULTRACEMCO/consolidated/,screener shareholding table,59.28,8.6,screener
ULTRACEMCO,2026-07-08,2026-07-08T20:26:41,2026-03-31,2026-03-31,2026-03-31,screener_ULTRACEMCO_shareholding_20260331,https://www.screener.in/company/ULTRACEMCO/consolidated/,screener shareholding table,59.33,8.41,screener
WIPRO,2026-07-08,2026-07-08T20:26:41,2023-09-30,2023-09-30,2023-09-30,screener_WIPRO_shareholding_20230930,https://www.screener.in/company/WIPRO/consolidated/,screener shareholding table,72.93,12.43,screener
WIPRO,2026-07-08,2026-07-08T20:26:41,2023-12-31,2023-12-31,2023-12-31,screener_WIPRO_shareholding_20231231,https://www.screener.in/company/WIPRO/consolidated/,screener shareholding table,72.9,12.16,screener
WIPRO,2026-07-08,2026-07-08T20:26:41,2024-03-31,2024-03-31,2024-03-31,screener_WIPRO_shareholding_20240331,https://www.screener.in/company/WIPRO/consolidated/,screener shareholding table,72.89,11.76,screener
WIPRO,2026-07-08,2026-07-08T20:26:41,2024-06-30,2024-06-30,2024-06-30,screener_WIPRO_shareholding_20240630,https://www.screener.in/company/WIPRO/consolidated/,screener shareholding table,72.82,11.68,screener
WIPRO,2026-07-08,2026-07-08T20:26:41,2024-09-30,2024-09-30,2024-09-30,screener_WIPRO_shareholding_20240930,https://www.screener.in/company/WIPRO/consolidated/,screener shareholding table,72.8,11.1,screener
WIPRO,2026-07-08,2026-07-08T20:26:41,2024-12-31,2024-12-31,2024-12-31,screener_WIPRO_shareholding_20241231,https://www.screener.in/company/WIPRO/consolidated/,screener shareholding table,72.75,11.12,screener
WIPRO,2026-07-08,2026-07-08T20:26:41,2025-03-31,2025-03-31,2025-03-31,screener_WIPRO_shareholding_20250331,https://www.screener.in/company/WIPRO/consolidated/,screener shareholding table,72.73,11.31,screener
WIPRO,2026-07-08,2026-07-08T20:26:41,2025-06-30,2025-06-30,2025-06-30,screener_WIPRO_shareholding_20250630,https://www.screener.in/company/WIPRO/consolidated/,screener shareholding table,72.67,11.28,screener
WIPRO,2026-07-08,2026-07-08T20:26:41,2025-09-30,2025-09-30,2025-09-30,screener_WIPRO_shareholding_20250930,https://www.screener.in/company/WIPRO/consolidated/,screener shareholding table,72.66,10.89,screener
WIPRO,2026-07-08,2026-07-08T20:26:41,2025-12-31,2025-12-31,2025-12-31,screener_WIPRO_shareholding_20251231,https://www.screener.in/company/WIPRO/consolidated/,screener shareholding table,72.64,10.63,screener
WIPRO,2026-07-08,2026-07-08T20:26:41,2026-03-31,2026-03-31,2026-03-31,screener_WIPRO_shareholding_20260331,https://www.screener.in/company/WIPRO/consolidated/,screener shareholding table,72.62,11.08,screener
WIPRO,2026-07-08,2026-07-08T20:26:41,2026-06-30,2026-06-30,2026-06-30,screener_WIPRO_shareholding_20260630,https://www.screener.in/company/WIPRO/consolidated/,screener shareholding table,72.59,13.33,screener
